name,industry,frequency
"""AZIS"" - MINING SERVICE, O.SL.",ENERGY,7
"""HANA"" Sidl. svobody",REAL ESTATE,7
"""HP-PELZER K. S.""",NOT RELEVANT,7
"""PARÍZ"" PRAHA,",NOT RELEVANT,7
"""WORLD INVEST""",REAL ESTATE,7
& B REALITY,NOT RELEVANT,7
& FOREST,MATERIALS,7
& H STAVEBNINY,NOT RELEVANT,7
"& H,",CONSUMER DISCRETIONARY,7
"& K SERVIS, spol. s",CONSUMER STAPLES,7
& KOV,INDUSTRIALS,7
"& M H O L D I N G,",INDUSTRIALS,7
& M SPOL. S,NOT RELEVANT,7
& R CARGO,INDUSTRIALS,7
& T Plus,INFORMATION TECHNOLOGY,7
& V,NOT RELEVANT,7
+ Fuchs,INDUSTRIALS,7
+ Fuchs Manufacturing,INDUSTRIALS,7
"+ M Logistics, spol. s",INDUSTRIALS,7
+ M PROPERTY,INDUSTRIALS,7
"+ M Partner, spol. s",INDUSTRIALS,7
"+ M SERVIS, SPOL. S",INDUSTRIALS,7
- BIO,CONSUMER STAPLES,7
- DISK,INDUSTRIALS,7
- DOMACI PECE BRUNTAL,HEALTH CARE,7
- DOMACI PECE CHE,HEALTH CARE,7
- DOMACI PECE FRY,HEALTH CARE,7
- DOMACI PECE MOST,HEALTH CARE,7
- DOMACI PECE ODRY,HEALTH CARE,7
- DOMACI PECE SUMPERK,HEALTH CARE,7
- DOMACI PECE VESELI,HEALTH CARE,7
- DOMACI PECE ZLIN,HEALTH CARE,7
- DOMACI PECE ZNO,HEALTH CARE,7
- DOM¿C¿ P¿CE 03,HEALTH CARE,7
- DOMÁCÍ PÉCE,HEALTH CARE,7
- DOMÁCÍ PÉCE 02,HEALTH CARE,7
- DOMÁCÍ PÉCE PRAHA,HEALTH CARE,7
- DOMÁCÍ PÉCE SVITAVSK,HEALTH CARE,7
- GRYF S.R.O. V,INDUSTRIALS,7
"- KOVO MLADA BOLESLAV,",NOT RELEVANT,7
"- KOVO, SPOL.S",MATERIALS,7
"- KUCHYNE SPOL. S R.O., V",CONSUMER DISCRETIONARY,7
- KVETINY,CONSUMER STAPLES,7
- MENU EXPRESS,CONSUMER STAPLES,7
- MET SPOL. S,NOT RELEVANT,7
- Mobility Czech Republic,INDUSTRIALS,7
- PROJEKT,INDUSTRIALS,7
"- TRANS,",INDUSTRIALS,7
"- Výzkum a vývoj,",INDUSTRIALS,7
- WOODPLASTIC,INDUSTRIALS,7
04 SPOL S R,CONSUMER DISCRETIONARY,7
1 LIBERECKA BEZPECNOSTNI S R,INDUSTRIALS,7
"1. maje 1357, R.p.Radhostem",REAL ESTATE,7
"1. maje 147,",REAL ESTATE,7
"1. maje 819-820,",REAL ESTATE,7
"1.maje 159,",REAL ESTATE,7
"1.maje 161,",REAL ESTATE,7
"1.maje 162,",REAL ESTATE,7
"1.maje 167,",REAL ESTATE,7
"1.maje 168,",REAL ESTATE,7
"1.maje 170,",REAL ESTATE,7
"1.maje 172,",REAL ESTATE,7
"1.maje 173,",REAL ESTATE,7
"1.maje 38,",REAL ESTATE,7
"1.maje 637-638,",REAL ESTATE,7
100MEGA DISTRIBUTION S R,INFORMATION TECHNOLOGY,7
1072,REAL ESTATE,7
1074 Jilemnice,REAL ESTATE,7
109,REAL ESTATE,7
"1158-1160,",REAL ESTATE,7
1180/195 v Chocni,REAL ESTATE,7
"1190, Broumov-Bylnice",REAL ESTATE,7
"1196, Druzba, Broumov",REAL ESTATE,7
"1279,Ostrov",REAL ESTATE,7
1483,REAL ESTATE,7
"153, Loucna pod Klinovcem",REAL ESTATE,7
1547-1548 v Roznove p.,REAL ESTATE,7
156 a 157 v Cerne za,REAL ESTATE,7
1658 v Roznove,REAL ESTATE,7
167-168 Libocany,REAL ESTATE,7
"167-169,Pribram",REAL ESTATE,7
"17. listopadu 2664,",REAL ESTATE,7
"17. listopadu 51-55,",REAL ESTATE,7
17. listopadu 679-683,REAL ESTATE,7
"17. listopadu 902/13,Opava",REAL ESTATE,7
17.listopadu,REAL ESTATE,7
17.listopadu 4793-94,REAL ESTATE,7
170 a 171 v Cerne za,REAL ESTATE,7
1735 v Roznove,REAL ESTATE,7
"1780, Gorkeho,",REAL ESTATE,7
1838,REAL ESTATE,7
"1887,",REAL ESTATE,7
"189, Praha",REAL ESTATE,7
193/IV,REAL ESTATE,7
"1958 - 1961, Praha",REAL ESTATE,7
1965 - Poruba,REAL ESTATE,7
"1969, Dvur",REAL ESTATE,7
1CSC A,MATERIALS,7
2,COMMUNICATIONS,7
2 ALFA S R,INDUSTRIALS,7
2 JCP,INDUSTRIALS,7
2000 S R,CONSUMER STAPLES,7
"2019, Dvur Kralove",REAL ESTATE,7
2021 REAL ESTATE S R,INDUSTRIALS,7
2025,CONSUMER DISCRETIONARY,7
"2037-2038,",REAL ESTATE,7
21,CONSUMER STAPLES,7
257 ve Strazi,REAL ESTATE,7
"2579-2581,",REAL ESTATE,7
2584 a 2585 v Moste,REAL ESTATE,7
"26. dubna 21,Cheb",REAL ESTATE,7
"278-280, Praha 5 - Radlice",REAL ESTATE,7
28. rijna 1761,REAL ESTATE,7
28. rijna 94,REAL ESTATE,7
"28.rijna 1257-60,Cesky",REAL ESTATE,7
"28.rijna 1760,Frydek-Mistek",REAL ESTATE,7
28.rijna 1972-1973,REAL ESTATE,7
2862 - 2865,REAL ESTATE,7
2869,REAL ESTATE,7
2JCP GROUP,INDUSTRIALS,7
2NP PRODUCTION,COMMUNICATIONS,7
2P COMMERCIAL AGENCY S R,INFORMATION TECHNOLOGY,7
3 AXIS CZECH REPUBLIC,NOT RELEVANT,7
3 KAPPA S R,INDUSTRIALS,7
3 PRINCOVA A,CONSUMER DISCRETIONARY,7
308WIN,HEALTH CARE,7
"378, Ostrov u Macochy",REAL ESTATE,7
"38,39",REAL ESTATE,7
3D MANAGEMENT S R,REAL ESTATE,7
3DCARSCAN S R,NOT RELEVANT,7
3HSV DEVELOPMENT,REAL ESTATE,7
3I ISOLET S R,MATERIALS,7
3P CHEM S R,MATERIALS,7
4 CNC S R,INDUSTRIALS,7
4 COILS TECH S R,INDUSTRIALS,7
420 ve Frenstate,REAL ESTATE,7
"484-487, Brodek u Prerova",REAL ESTATE,7
4FIN BETTER TOGETHER A,FINANCIALS,7
4KIDS S R,CONSUMER DISCRETIONARY,7
4RAIL A,INDUSTRIALS,7
4TRANS FACTORING CONSOLIDA,FINANCIALS,7
4roads,INDUSTRIALS,7
5.kvetna 338 Lazne,REAL ESTATE,7
50AE,HEALTH CARE,7
513 Nove,REAL ESTATE,7
519 S R,INDUSTRIALS,7
"533, Praha 9-Klanovice",REAL ESTATE,7
"55,56 a 57",REAL ESTATE,7
5M,MATERIALS,7
"608/24,",REAL ESTATE,7
647 ve Veverske Bitysce,REAL ESTATE,7
681-683 Sklenarka,REAL ESTATE,7
69GAMES,CONSUMER DISCRETIONARY,7
730,REAL ESTATE,7
"736, Uherske",REAL ESTATE,7
787-788 Hermanuv Mestec,REAL ESTATE,7
81 KLIMA A,UTILITIES,7
9. bytovych jednotek cp.114,REAL ESTATE,7
"9. kvetna 1182,1635,1636",REAL ESTATE,7
"9. kvetna 648, Litomysl",REAL ESTATE,7
9.kvetna 482,REAL ESTATE,7
9.kvetna 485-486,REAL ESTATE,7
"9.kvetna 82, Chotetov",REAL ESTATE,7
910 v Roznove,REAL ESTATE,7
955 v Odrach,REAL ESTATE,7
98 Dolinek,REAL ESTATE,7
"991-993, Uh.",REAL ESTATE,7
A,COMMUNICATIONS,7
A,CONSUMER DISCRETIONARY,7
A,CONSUMER STAPLES,21
A,ENERGY,7
A,FINANCIALS,14
A,HEALTH CARE,14
A,INDUSTRIALS,154
A,INFORMATION TECHNOLOGY,7
A,MATERIALS,28
A,NOT RELEVANT,14
A,UTILITIES,35
A F STATION CZECHOSLOVAKIA S R,REAL ESTATE,7
A G ISSUING SERVICES A,INDUSTRIALS,7
A G PAYMENT SOLUTIONS A,INDUSTRIALS,7
A G PAYMENT SOLUTIONS CZ S R,INDUSTRIALS,7
A HOSPODARSKE DRUZSTVO PAR,CONSUMER STAPLES,7
A INVESTICNÍ REALIZACE S.I,NOT RELEVANT,7
A K R O - ND SPOL. S R.,CONSUMER DISCRETIONARY,7
A KANALIZACE BEROUN A,UTILITIES,7
A KANALIZACE KROMERIZ A,UTILITIES,7
A KOLEJNI AREAL PVS S R,CONSUMER DISCRETIONARY,7
"A L I C O,SPOL.S",MATERIALS,7
A L M E S R,INDUSTRIALS,7
A L PRODEJ SPOL. S,INDUSTRIALS,7
A M GASTRO CZECH S R,NOT RELEVANT,7
A N TECHNIC SPOL S R,INDUSTRIALS,7
A OBCHODNI DRUZSTVO KLUK,CONSUMER STAPLES,7
A R K I D TRUTNOV SPOL S R,CONSUMER DISCRETIONARY,7
A R S R,CONSUMER STAPLES,7
A R T PRODUCTION S R,INDUSTRIALS,7
A S R,CONSUMER STAPLES,14
A STAVBY TRINEC A,INDUSTRIALS,7
A TINTERA PARDUBICE A,INDUSTRIALS,7
A UDRZBA SILNIC PLZENSKEHO K,INDUSTRIALS,7
A UDRZBA SILNIC SLOVACKA S,INDUSTRIALS,7
A UDRZBA SILNIC ZLINSKA S,INDUSTRIALS,7
A W D F S R,INDUSTRIALS,7
A Z PREZIP,INDUSTRIALS,7
A ZKUSEBNI USTAV PLZEN S,INDUSTRIALS,7
"A&T Construction,",INDUSTRIALS,7
A&T Reality,REAL ESTATE,7
"A-JETS CZ,",INDUSTRIALS,7
A-Z SPORT S.R.O. V,NOT RELEVANT,7
"A. Sovy 43,",REAL ESTATE,7
"A. Sovy 622-624,",REAL ESTATE,7
A.Dvoraka 1195-1197,REAL ESTATE,7
A.R. OKENNÍ TECHNIKA SPOL. S,INDUSTRIALS,7
A.S.,HEALTH CARE,7
A.S.,INDUSTRIALS,7
A.S.,INFORMATION TECHNOLOGY,14
A.S.,MATERIALS,7
"A.Sovy 1216/26,",REAL ESTATE,7
"A.Sovy 1487/29,",REAL ESTATE,7
"A.Z.B.,",CONSUMER STAPLES,7
A123 SYSTEMS S R,CONSUMER DISCRETIONARY,7
"AAA PARTNER,",NOT RELEVANT,7
AAH CZECH S R,CONSUMER DISCRETIONARY,7
AARSLEFF CZ,INDUSTRIALS,7
AAS AUTOMOTIVE S R,CONSUMER DISCRETIONARY,7
AATD AGRO I A,CONSUMER STAPLES,7
AB MOTORS CZ S R,CONSUMER DISCRETIONARY,7
AB VSECHROMY S R,REAL ESTATE,7
ABACANTE,NOT RELEVANT,7
"ABACUS ELECTRIC,",NOT RELEVANT,7
ABARETIA HOLDINGS,FINANCIALS,7
ABAS IPS Management,INDUSTRIALS,7
ABIENNALE,INDUSTRIALS,7
ABIOGAS,UTILITIES,7
ABLOY ES PRODUCTION,INDUSTRIALS,7
ABLOY OPENING SOLUTIONS CZ,INDUSTRIALS,7
ABLOY Rychnov,INDUSTRIALS,7
ABM TECHNOLOGY S R,INDUSTRIALS,7
ABNER A,INDUSTRIALS,7
"ABR,",INDUSTRIALS,7
ABREX S R,CONSUMER DISCRETIONARY,7
ABS Bonifer Czech,INDUSTRIALS,7
ABX SPOL S R,INDUSTRIALS,7
AC SPARTA PRAHA FOTBAL A,NOT RELEVANT,7
ACADEMY CZ,CONSUMER DISCRETIONARY,7
ACB Ponava,REAL ESTATE,7
ACCACE,INDUSTRIALS,7
ACCESS TECHNOLOGY S R,CONSUMER DISCRETIONARY,7
ACCOLADE HOLDING A,REAL ESTATE,7
ACCOUNTING CZ S R,INDUSTRIALS,7
ACETEX,UTILITIES,7
"ACKEE, S. R. O.",INFORMATION TECHNOLOGY,7
ACL COATING S R,CONSUMER DISCRETIONARY,7
ACLESIA,MATERIALS,7
ACLESIA SPOL S R,MATERIALS,7
ACOMWARE S R,COMMUNICATIONS,7
ACR AUTO A,NOT RELEVANT,7
ACRA S R,CONSUMER DISCRETIONARY,7
ACTHERM,UTILITIES,7
ACTHERM SPOL S R,UTILITIES,7
ACTIVA SPOL S R,NOT RELEVANT,7
ACTIVE PARTNERS SPOL. S,NOT RELEVANT,7
ACTIVENT 365 S R,CONSUMER DISCRETIONARY,7
ACTIVITY S R,CONSUMER DISCRETIONARY,7
ACWORD SPOL S R,INDUSTRIALS,7
AD PARTNER CZ SK A,CONSUMER DISCRETIONARY,7
ADAM,NOT RELEVANT,7
"ADAM & PARTNER,",INDUSTRIALS,7
ADAMEC,NOT RELEVANT,7
ADARA CZ,REAL ESTATE,7
"ADASTRA Apliqua,",INDUSTRIALS,7
ADELL TRADING A,NOT RELEVANT,7
ADEMCO CZ,INFORMATION TECHNOLOGY,7
ADIENT CZECH REPUBLIC S R,CONSUMER DISCRETIONARY,7
"ADIP, spol. s r.",CONSUMER DISCRETIONARY,7
ADMA A,REAL ESTATE,7
ADMATIQ S R,COMMUNICATIONS,7
ADMIO S R,INDUSTRIALS,7
ADOS CZ A,INDUSTRIALS,7
ADREMA REAL ESTATE S.R.O. V,NOT RELEVANT,7
ADVANCE ENERGO A,INDUSTRIALS,7
ADVANCED AIRSEA S R,INDUSTRIALS,7
ADVANCED DESIGN SOLUTION S R,CONSUMER DISCRETIONARY,7
ADVANCED INDUSTRIES PACKAGING,MATERIALS,7
ADVANTO,INFORMATION TECHNOLOGY,7
ADVISORY CZ S R,INDUSTRIALS,7
ADW FOOD,CONSUMER STAPLES,7
AE Mobility Solution,INDUSTRIALS,7
AE&E CZ,INDUSTRIALS,7
AEC,INDUSTRIALS,7
AERO VODOCHODY AEROSPACE A,INDUSTRIALS,7
AEROLINIE A,INDUSTRIALS,7
AEROPARTNER A,INDUSTRIALS,7
AEROSOL SERVICE,NOT RELEVANT,7
AEROSPACE A,INDUSTRIALS,7
AERZEN CZ S R,INDUSTRIALS,7
AF FAMILY MANAGEMENT,INDUSTRIALS,7
AF GROUP A,REAL ESTATE,7
AF POWER GROUP,UTILITIES,7
AF Trading,CONSUMER STAPLES,7
AFBH,INDUSTRIALS,7
AFFECT S R,INDUSTRIALS,7
"AFP - CZ, spol. s",ENERGY,7
AG BOHEMIA S R,UTILITIES,7
AG HOLDING A,NOT RELEVANT,7
AG KOLIN A,UTILITIES,7
AG MUTENICE S R,UTILITIES,7
AG ODSTEPNY,INDUSTRIALS,7
AG TEPLO BOHEMIA S R,UTILITIES,7
AG TEPLO VIMPERK S R,UTILITIES,7
AGC FLAT GLASS CZECH A S CLEN AGC G,CONSUMER DISCRETIONARY,7
AGEL,HEALTH CARE,7
AGEL CESKY TESIN A,HEALTH CARE,7
AGEL JESENIK A,HEALTH CARE,7
AGEL OSTRAVA VITKOVICE,HEALTH CARE,7
AGEL PRAHA,HEALTH CARE,7
AGEL STREDNI ZDRAVOTNICKA SKOLA A V,CONSUMER DISCRETIONARY,7
AGEL TRINEC PODLESI A,HEALTH CARE,7
AGEL VALASSKE MEZIRICI,HEALTH CARE,7
AGENCY,INDUSTRIALS,7
AGENCY S R,INDUSTRIALS,7
AGENTURA GATE S R,COMMUNICATIONS,7
AGENTURA OSMA A,INDUSTRIALS,7
AGF K A,NOT RELEVANT,7
AGNIT PRAGUE A,HEALTH CARE,7
AGP SECURITY S R,INDUSTRIALS,7
AGPI A,CONSUMER STAPLES,7
AGRA A S VELKE PAVLOVICE,CONSUMER STAPLES,7
AGRA GROUP A,MATERIALS,7
"AGRA TAGGER COMPANY, S.R.O. ""V",NOT RELEVANT,7
AGRA ZVIKOV SPOL S R,CONSUMER STAPLES,7
AGREO S R,INDUSTRIALS,7
AGRI S R,CONSUMER STAPLES,7
AGRICO S R,INDUSTRIALS,7
AGRIO MZS S R,INDUSTRIALS,7
AGRIPROD,CONSUMER STAPLES,7
AGRO,CONSUMER STAPLES,7
AGRO 2000,CONSUMER STAPLES,7
AGRO A,CONSUMER STAPLES,7
AGRO B S R,CONSUMER STAPLES,7
AGRO BIO DNL,CONSUMER STAPLES,7
AGRO CZ S R,INDUSTRIALS,7
AGRO DNL,CONSUMER STAPLES,7
AGRO EKO DNL,CONSUMER STAPLES,7
AGRO TRADE S R,INDUSTRIALS,7
AGROAD S R,INDUSTRIALS,7
"AGROBASE, A.S. V",NOT RELEVANT,7
AGROBECH S R,CONSUMER STAPLES,7
"AGROBOR,",CONSUMER STAPLES,7
"AGROCHEMICKÝ PODNIK MSTETICE,",NOT RELEVANT,7
AGROCHOV DYNIN,CONSUMER STAPLES,7
AGROCHOV STARA PAKA,NOT RELEVANT,7
AGRODRUZSTVO BLIZKOVICE,NOT RELEVANT,7
"AGRODÍLNY, spol. s",CONSUMER DISCRETIONARY,7
AGROEFEKT S R,MATERIALS,7
AGROFERT,CONSUMER STAPLES,7
AGROFERT A,CONSUMER STAPLES,7
AGROHYBRALEC S R,CONSUMER STAPLES,7
AGROKOMPLEX SUMAVA S R,CONSUMER STAPLES,7
AGROME,CONSUMER STAPLES,7
AGROMINO A/S,CONSUMER STAPLES,7
AGROMONT VIMPERK SPOL S R,INDUSTRIALS,7
AGROPOD,NOT RELEVANT,7
AGROPODNIK AKCIOVA SPOLECNOST JIHLA,NOT RELEVANT,7
AGROPODNIK DOMAZLICE A,CONSUMER DISCRETIONARY,7
AGROPRIM S R,CONSUMER STAPLES,7
AGROSALES S R,CONSUMER STAPLES,7
AGROSLUZBY 3S S R,CONSUMER STAPLES,7
AGROSPOL PETROVICE,CONSUMER STAPLES,7
AGROSTAV AKCIOVA,INDUSTRIALS,7
AGROSUMAK,CONSUMER STAPLES,7
AGROSYSTÉM-POHORANY S. R.,CONSUMER STAPLES,7
AGROTEC,INDUSTRIALS,7
AGROTRADE,CONSUMER STAPLES,7
AGROVYKUP A,CONSUMER STAPLES,7
AGROWEST A,INDUSTRIALS,7
"AGROZET Èeské Budìjovice,",INDUSTRIALS,7
AGRUP S R,CONSUMER STAPLES,7
"AGRUP, SPOL. S",CONSUMER STAPLES,7
AHC,HEALTH CARE,7
AHG HOSPITALITY S R,REAL ESTATE,7
AHREND A,INDUSTRIALS,7
AI IDEAS S R,INFORMATION TECHNOLOGY,7
AI Sirona (Luxembourg),HEALTH CARE,7
AIB KUNSTMANN STEEL S R,MATERIALS,7
AIFM XX S R,CONSUMER DISCRETIONARY,7
AIM GROUP PRAGUE S R,INDUSTRIALS,7
AIR BOHEMIA S R,INDUSTRIALS,7
"AIR, spol. s",CONSUMER DISCRETIONARY,7
AIRCRAFT II S R,INDUSTRIALS,7
AIRCRAFT INDUSTRIES A,INDUSTRIALS,7
AIRTICKET S R,CONSUMER DISCRETIONARY,7
AIS AUTOMOTIVE INTERIOR SYSTEMS LAN,CONSUMER DISCRETIONARY,7
AK AUDIT SPOL S R,INDUSTRIALS,7
AKCENT PRAHA GROUP A,REAL ESTATE,7
AKCENTA CZ A,NOT RELEVANT,7
AKCIOVA,CONSUMER DISCRETIONARY,7
AKCIOVA SPOLECNOST BREZN,CONSUMER STAPLES,7
AKD Properties,INDUSTRIALS,7
AKINU CZ,NOT RELEVANT,7
AKKA INVEST,INFORMATION TECHNOLOGY,7
AKO Blatný,INDUSTRIALS,7
AKTIVITY S R,CONSUMER STAPLES,7
AKUMA,NOT RELEVANT,7
AL INVEST BRIDLICNA A,MATERIALS,7
AL TRAX S R,UTILITIES,7
AL-KO KOBER,NOT RELEVANT,7
ALACER DEVELOPMENT S R,MATERIALS,7
ALAN,NOT RELEVANT,14
ALAS A,CONSUMER STAPLES,7
ALAUDA S R,CONSUMER DISCRETIONARY,7
ALAX SPOL. S,NOT RELEVANT,7
ALBATROS DESIGN S R,INDUSTRIALS,7
ALBATROS MEDIA A,COMMUNICATIONS,7
ALBERT CESKA REPUBLIKA S R,CONSUMER STAPLES,7
ALBI Ceska republika,CONSUMER DISCRETIONARY,7
ALBIXON A,INDUSTRIALS,7
"ALCA PLAST,",INDUSTRIALS,7
ALCAR BOHEMIA S R,CONSUMER DISCRETIONARY,7
ALD STORE S R,CONSUMER DISCRETIONARY,7
ALDA,CONSUMER STAPLES,7
ALEC PRECISION TECHNOLOGY,INDUSTRIALS,7
ALEF NULA,INFORMATION TECHNOLOGY,7
ALEF SPOL S R,REAL ESTATE,7
ALENSA,CONSUMER DISCRETIONARY,7
ALES BUKSA,NOT RELEVANT,7
ALES CECHEL,NOT RELEVANT,7
ALES DREISEITEL,INDUSTRIALS,7
ALEXANDRIA SPOL S R,CONSUMER DISCRETIONARY,7
ALFA IT OUTSOURCING,INFORMATION TECHNOLOGY,7
"ALFA-HELICOPTER, SPOL. S",INDUSTRIALS,7
ALFEST LUCINA S R,INDUSTRIALS,7
ALFI CORP S R,CONSUMER DISCRETIONARY,7
ALFICO S R,MATERIALS,7
ALFUN A,INDUSTRIALS,7
ALICELA,NOT RELEVANT,7
ALIMEX NEZVESTICE A,CONSUMER STAPLES,7
ALIMPEX FOOD,CONSUMER STAPLES,7
ALINTRUST S R,INFORMATION TECHNOLOGY,7
ALITO S R,CONSUMER DISCRETIONARY,7
ALKAT INVEST S R,INDUSTRIALS,7
ALKUS IMG S R,INDUSTRIALS,7
ALL A,MATERIALS,7
ALL GOLD S R,CONSUMER DISCRETIONARY,7
ALLEGRO RETAIL,CONSUMER DISCRETIONARY,7
ALLIANCE HEALTHCARE S R,HEALTH CARE,7
ALLIANCE LAUNDRY CE S R,INDUSTRIALS,7
ALLRISK A,FINANCIALS,7
ALLRISK REALITY FINANCE S R,REAL ESTATE,7
ALLTOYS SPOL S R,CONSUMER DISCRETIONARY,7
ALLTUB CENTRAL EUROPE,MATERIALS,7
ALLWYN GROUP,CONSUMER DISCRETIONARY,7
ALMED SERVIS S R,HEALTH CARE,7
ALN SPOL S R,CONSUMER STAPLES,7
ALNIA A,NOT RELEVANT,7
ALO JEWELRY CZ S R,CONSUMER DISCRETIONARY,7
ALOIS,NOT RELEVANT,14
ALORS S R,FINANCIALS,7
ALPENEST S R,MATERIALS,7
ALPLA CZ,MATERIALS,7
ALPOD CZ,INDUSTRIALS,7
ALPRIM CZ,INDUSTRIALS,7
ALPSKY HOTEL S R,REAL ESTATE,7
ALSO CZECH REPUBLIC S R,INFORMATION TECHNOLOGY,7
ALSPO ZLIN S R,INDUSTRIALS,7
ALSTOM CZECH REPUBLIC,INDUSTRIALS,7
ALT ENERGIE s. r. o.,UTILITIES,7
ALT X DISTRIBUTION,INDUSTRIALS,7
ALTA,INDUSTRIALS,7
ALTA MINERALS A,MATERIALS,7
"ALTECH Mlada Boleslav,",NOT RELEVANT,7
ALTENERGIE DEVELOP,UTILITIES,7
ALTIN JM GROUP S R,CONSUMER STAPLES,7
ALTIUM INTERNATIONAL,HEALTH CARE,7
ALTMANN,NOT RELEVANT,7
ALTOS SOFTWARE S R,INFORMATION TECHNOLOGY,7
ALTRON A,INFORMATION TECHNOLOGY,7
ALU FVE,UTILITIES,7
ALU STEEL S R,INDUSTRIALS,7
"ALU-SV CZ,",CONSUMER DISCRETIONARY,7
"ALUFORES,",INDUSTRIALS,7
ALUFRONT S R,INDUSTRIALS,7
ALUINVEST S R,UTILITIES,7
ALUMINIUM GROUP,NOT RELEVANT,7
ALUMINIUM S R,MATERIALS,7
ALUMINIUMPRODUKTE S R,INDUSTRIALS,7
"ALUMPRO S.R.O. ""V LIKVIDACI""",MATERIALS,7
ALUTERN,MATERIALS,7
ALVE SPOL S R,NOT RELEVANT,7
ALVENO,INFORMATION TECHNOLOGY,7
ALW,NOT RELEVANT,7
ALW INDUSTRY S R,INDUSTRIALS,7
ALZA CZ A,CONSUMER DISCRETIONARY,7
ALZHEIMER HOME GROUP,HEALTH CARE,7
AM PNEU S R,CONSUMER DISCRETIONARY,7
AM-CME,NOT RELEVANT,7
AMADEUS REAL ESTATE A,REAL ESTATE,7
AMALTHEIA A,NOT RELEVANT,7
AMATI DENAK S R,NOT RELEVANT,7
AMAZING TOURS A,CONSUMER DISCRETIONARY,7
"AMBIENT Energy,",UTILITIES,7
AMBULANCE A,HEALTH CARE,7
AMBULANCE PLUS A,HEALTH CARE,7
AMC Networks Central Europe,COMMUNICATIONS,7
AMCOR FLEXIBLES PROSTEJOV S R,MATERIALS,7
"AMF REECE CR,",INDUSTRIALS,7
"AMI AUTOINTERIER,",NOT RELEVANT,7
AMICOS,REAL ESTATE,7
AML HOLDING,INDUSTRIALS,7
"AMOND, SPOL. S",CONSUMER DISCRETIONARY,7
AMOS SOFTWARE SPOL S R,INFORMATION TECHNOLOGY,7
"AMOS TYPO , S. R.",MATERIALS,7
AMP ALGO S R,UTILITIES,7
AMP S R,REAL ESTATE,7
AMPARA S R,MATERIALS,7
AMPLUSERVIS A,UTILITIES,7
AMREST S R,CONSUMER DISCRETIONARY,7
AMTECH SPOL S R,INDUSTRIALS,7
AMTEK PRECISION ENGINEERING CZECH,INDUSTRIALS,7
AMTEX spol. s,CONSUMER DISCRETIONARY,7
AMV - AUTOPRODEJ,CONSUMER DISCRETIONARY,7
AMYLON A,CONSUMER STAPLES,7
ANA AQUALINE S R,MATERIALS,7
ANAFRA,INFORMATION TECHNOLOGY,7
"ANAJ Czech,",INDUSTRIALS,7
ANALDEN S.R.O. V,NOT RELEVANT,7
ANECT,INFORMATION TECHNOLOGY,7
ANEXIA S R,INDUSTRIALS,7
ANGLICKY DVUR S R,REAL ESTATE,7
ANJI S R,INDUSTRIALS,7
ANLAGENTECHNIK GMBH ORGANIZ,INDUSTRIALS,7
ANNA,NOT RELEVANT,7
ANNA OUTSOURCING S R,NOT RELEVANT,7
ANPESI RENT,REAL ESTATE,7
ANTALIS S R,MATERIALS,7
ANTE SPOL. S,NOT RELEVANT,7
ANTENOVA,NOT RELEVANT,7
ANTILAPO SERVICE S R,CONSUMER STAPLES,7
ANTO SOUKROMY SVERENSKY FOND,FINANCIALS,7
"ANTOLIN BOHEMIA,",CONSUMER DISCRETIONARY,7
ANTOLIN OSTRAVA,CONSUMER DISCRETIONARY,7
ANTOLIN TURNOV S R,CONSUMER DISCRETIONARY,7
ANTON WAGNER S.R.O. V,NOT RELEVANT,7
ANTONIN INDRA STK SPOL S R,CONSUMER DISCRETIONARY,7
ANTRACIT KOP S R,REAL ESTATE,7
AP A,INDUSTRIALS,7
APAG ELEKTRONIK S R,CONSUMER DISCRETIONARY,7
APATOR POWOGAZ CZECHIA,INDUSTRIALS,7
APB PLZEN A,INDUSTRIALS,7
APETIT FOOD,NOT RELEVANT,7
APETITTO SNAJDR S R,CONSUMER STAPLES,7
APEX HOLDING,CONSUMER DISCRETIONARY,7
APOLLON PROPERTY,REAL ESTATE,7
APOS AUTO S R O V,CONSUMER DISCRETIONARY,7
APPRAISAL CZ A,INDUSTRIALS,7
APRM S R,CONSUMER DISCRETIONARY,7
"APROKS,SPOL.S",NOT RELEVANT,7
APROTOTIPCZ S R,CONSUMER DISCRETIONARY,7
APTAR CZECH REPUBLIC,NOT RELEVANT,7
AQUA CR,INDUSTRIALS,7
AQUA S R,CONSUMER DISCRETIONARY,7
AQUA SERVIS A,UTILITIES,7
AQUAKLIM S R,HEALTH CARE,7
AQUASPED,INDUSTRIALS,7
AQUATEST,INDUSTRIALS,7
ARANEA GROUP A,INFORMATION TECHNOLOGY,7
ARBES TECHNOLOGIES A,INFORMATION TECHNOLOGY,7
ARBESOVO NAM 2 S R,FINANCIALS,7
ARCA CAPITAL BOHEMIA A,NOT RELEVANT,7
"ARCA CAPITAL CEE, UZAVRENÝ INVESTIC",FINANCIALS,7
ARCH PETR NOVAK,NOT RELEVANT,7
"ARCHER SHERIDAN,",INDUSTRIALS,7
ARCIMPEX S R,INDUSTRIALS,7
ARCO SPOL S R,INDUSTRIALS,7
AREA NP S R,INDUSTRIALS,7
AREAL BRVE S R,CONSUMER DISCRETIONARY,7
AREAL D1,CONSUMER DISCRETIONARY,7
AREAL S R,INDUSTRIALS,7
ARENA,CONSUMER DISCRETIONARY,7
ARENS OBERFLACHENFULLSERVICE S R,CONSUMER DISCRETIONARY,7
AREX PHARMA,HEALTH CARE,7
ARGO LOGISTICS S R,INDUSTRIALS,7
ARGO SPOL S R,CONSUMER DISCRETIONARY,7
ARGO-HYTOS,INDUSTRIALS,7
ARGOS ELEKTRO A,INDUSTRIALS,7
ARGYROS S R,MATERIALS,7
ARICOMA ENTERPRISE APPLICATIONS S.R,REAL ESTATE,7
ARICOMA GROUP HOLDING CONS,INFORMATION TECHNOLOGY,7
ARIES A,HEALTH CARE,7
ARIETE automotive,CONSUMER DISCRETIONARY,7
ARKAIA,INDUSTRIALS,7
ARKO TECHNOLOGY A,NOT RELEVANT,7
ARLETA IVF,NOT RELEVANT,7
"ARMATURKA VRANOVÁ LHOTA, A.S., V LI",INDUSTRIALS,7
ARMATURY,INDUSTRIALS,7
ARMATURY GROUP A,INDUSTRIALS,7
ARMEX ENERGY A,UTILITIES,7
ARMEX GLOBAL,INDUSTRIALS,7
ARMOBET S R,INDUSTRIALS,7
ARMOGROUP,INDUSTRIALS,7
ARMOGROUP S R,INDUSTRIALS,7
ARMOR S R,NOT RELEVANT,7
ARMS CZECHOSLOVAKIA S R,INDUSTRIALS,7
"ARMS,",INDUSTRIALS,7
ARNA A,NOT RELEVANT,7
ARRIVA TEPLICE S R,NOT RELEVANT,7
ARROCERIA S R,CONSUMER STAPLES,7
ARS ALTMANN PRAHA SPOL S R,CONSUMER DISCRETIONARY,7
ART A,REAL ESTATE,7
ART S R,INFORMATION TECHNOLOGY,7
ARTIN GROUP,INFORMATION TECHNOLOGY,7
ARTIN SPOL S R,INFORMATION TECHNOLOGY,7
ARUN INVEST A,REAL ESTATE,7
ASE S R,INDUSTRIALS,7
ASKO NABYTEK SPOL S R,CONSUMER DISCRETIONARY,7
ASKOM A,INDUSTRIALS,7
ASMODEE CZECH REPUBLIC,CONSUMER DISCRETIONARY,7
ASP GROUP,CONSUMER DISCRETIONARY,7
ASP GROUP S R,CONSUMER DISCRETIONARY,7
ASP REAL ESTATE S R,REAL ESTATE,7
ASPECTWORKS,INFORMATION TECHNOLOGY,7
ASPECTWORKS S R,INFORMATION TECHNOLOGY,7
ASPELL A,REAL ESTATE,7
ASPERFORMANCE CZ S R,UTILITIES,7
ASSADOVA,INDUSTRIALS,7
"ASSECO CZECH REPUBLIC,",NOT RELEVANT,7
"ASSET,",INDUSTRIALS,7
ASTORIA COMPANY S R,CONSUMER DISCRETIONARY,7
"ASTRA M¿sto Albrechtice,",HEALTH CARE,7
"ASTRA TRANS,",INDUSTRIALS,7
ASTRAFOOD,CONSUMER STAPLES,7
ASTRAIA REAL A,REAL ESTATE,7
ASTRON PRINT S R,INDUSTRIALS,7
AT COMPUTERS A,INFORMATION TECHNOLOGY,7
"AT COMUPTER,",NOT RELEVANT,7
ATAS ELEKTROMOTORY NACHOD A,INDUSTRIALS,7
ATC ENERGO A,INFORMATION TECHNOLOGY,7
ATEA FUTURE S R,CONSUMER STAPLES,7
ATEK S R,CONSUMER DISCRETIONARY,7
ATELIER PROMIKA S R,INDUSTRIALS,7
ATHENIAN BREWERY S,CONSUMER STAPLES,7
ATL CZ S R,INDUSTRIALS,7
ATLANTE REAL SPOL S R,NOT RELEVANT,7
ATLAS ADVERTISING GROUP S R,COMMUNICATIONS,7
ATLAS COPCO SRO PRAGA,NOT RELEVANT,7
ATLES TRADE A,MATERIALS,7
ATNER S R,INFORMATION TECHNOLOGY,7
ATOMTRACE A,INDUSTRIALS,7
ATOS stavebniny,CONSUMER DISCRETIONARY,7
ATRAK A,INDUSTRIALS,7
ATRIS INVESTICNI SPOLECNOST A,REAL ESTATE,7
ATT INVESTMENTS CZ,MATERIALS,7
ATT INVESTMENTS S R,REAL ESTATE,7
ATX WASH S R,CONSUMER DISCRETIONARY,7
AU MEX S R,CONSUMER DISCRETIONARY,7
AUBOCK S R,INDUSTRIALS,7
AUDEMARS PIGUET PRAGUE S R,CONSUMER DISCRETIONARY,7
AUDIO,CONSUMER DISCRETIONARY,7
AUDIO IMPEX S R,CONSUMER DISCRETIONARY,7
AUDIO PARTNER S R,CONSUMER DISCRETIONARY,7
AUDIT CZ S R,INDUSTRIALS,7
AUDIT S R,INDUSTRIALS,21
"AUFEER DESIGN,",INDUSTRIALS,7
AUGUSTIN SPEDICE LOGISTIKA S R,NOT RELEVANT,7
AUMAYR,NOT RELEVANT,7
AUMED A,HEALTH CARE,7
AUMOVIO CZECH REPUBLIC,CONSUMER DISCRETIONARY,7
AURA AKTIV S R,FINANCIALS,7
"AUREDNIK CS, SPOL. S",NOT RELEVANT,7
AUREL CZ S R,CONSUMER DISCRETIONARY,7
AURES Holdings,CONSUMER DISCRETIONARY,7
AUSTIN DETONATOR,MATERIALS,7
AUSTRIA HOTELS CZ S R,REAL ESTATE,7
AUTA SUPER S R,CONSUMER DISCRETIONARY,7
AUTEL A,INFORMATION TECHNOLOGY,7
AUTHORITY INDEPENDENT,INDUSTRIALS,7
AUTO,CONSUMER DISCRETIONARY,7
AUTO A,CONSUMER DISCRETIONARY,21
AUTO Hlavacek,CONSUMER DISCRETIONARY,7
AUTO IN,CONSUMER DISCRETIONARY,7
AUTO NEMO IN,CONSUMER DISCRETIONARY,7
AUTO S R,CONSUMER DISCRETIONARY,7
AUTO VRBOVA LHOTA S R,CONSUMER DISCRETIONARY,7
AUTO ZEBRAK S R,CONSUMER DISCRETIONARY,7
AUTO-DIENST,CONSUMER DISCRETIONARY,7
AUTOBINCK CAR DISTRIBUTION,CONSUMER DISCRETIONARY,7
AUTOBINCK CAR DISTRIBUTION INTERNAT,CONSUMER DISCRETIONARY,7
AUTOBOND GROUP A,CONSUMER DISCRETIONARY,7
AUTOBUSY CESKE BUDEJOVICE A,INDUSTRIALS,7
AUTOCONT CZ A,INFORMATION TECHNOLOGY,7
"AUTODANTON, SPOL. S",NOT RELEVANT,7
AUTODOPRAVA HANZALIK,INDUSTRIALS,7
AUTODOPRAVA S R,NOT RELEVANT,7
AUTODROM MOST A,CONSUMER DISCRETIONARY,7
AUTOESA,CONSUMER DISCRETIONARY,7
AUTOESA A,CONSUMER DISCRETIONARY,7
AUTOGARANT ÚSTÍ S.R.O. V,NOT RELEVANT,7
AUTOIMPEX spol. s,CONSUMER DISCRETIONARY,7
AUTOKLIMATIZACE K,CONSUMER DISCRETIONARY,7
AUTOKOMPLEX OLOMOUC S R,CONSUMER DISCRETIONARY,7
AUTOLEASING LITOMERICE SPOL S R,CONSUMER DISCRETIONARY,7
AUTOMAX GROUP,MATERIALS,7
AUTOMAX GROUP S R,MATERIALS,7
AUTOMOBIL IMPORT S R,CONSUMER DISCRETIONARY,7
AUTOMOBILIST S R,COMMUNICATIONS,7
AUTOMOBILTECHNIK PRAHA S R,NOT RELEVANT,7
AUTOMOTIVE CZECH S R,CONSUMER DISCRETIONARY,7
AUTOMOTIVE JAROMER S R,CONSUMER DISCRETIONARY,7
AUTOMOTIVE KLASTEREC S R,CONSUMER DISCRETIONARY,7
AUTOMOTIVE MLADA BOLESLAV,CONSUMER DISCRETIONARY,7
"AUTOMOTIVE ROZNOV,",CONSUMER DISCRETIONARY,7
AUTOMOTIVE RUMBURK S R,CONSUMER DISCRETIONARY,7
AUTOMOTIVE S R,CONSUMER DISCRETIONARY,7
AUTOMOTIVE S R,INDUSTRIALS,7
AUTOMOTIVE STITY S R,CONSUMER DISCRETIONARY,7
AUTOMYCKA EXPRESS S R,CONSUMER DISCRETIONARY,7
AUTONOM TECHNOLOGY S R,CONSUMER DISCRETIONARY,7
AUTOSERVIS MH S R,INDUSTRIALS,7
AUTRONIC S R,CONSUMER DISCRETIONARY,7
AVALON Racing,REAL ESTATE,7
AVE CZ,INDUSTRIALS,7
AVE KOLIN S R,NOT RELEVANT,7
AVECOR TRADE S R,CONSUMER STAPLES,7
AVENIER A,HEALTH CARE,7
AVENTIN ZNOJMO S R,REAL ESTATE,7
"AVENTIN, spol. s",REAL ESTATE,7
AVIA MOTORS S R,CONSUMER DISCRETIONARY,7
"AVICOR CZ,",INDUSTRIALS,7
AVION OLOMOUC,REAL ESTATE,7
AVIRTA A,REAL ESTATE,7
AVISTA OIL S R,INDUSTRIALS,7
AVL Moravia,CONSUMER DISCRETIONARY,7
"AVON Cosmetics, spol. s",NOT RELEVANT,7
AXEL GROUP S R,INDUSTRIALS,7
AXELUM,NOT RELEVANT,7
AXENTA A,INFORMATION TECHNOLOGY,7
AXEVERA CONSULTING,NOT RELEVANT,7
"AXL, akciova",INDUSTRIALS,7
AYRER,NOT RELEVANT,7
AZ INGREDIENTS GROUP S R,CONSUMER STAPLES,7
"AZAK S.R.O., V",NOT RELEVANT,7
AZD,INDUSTRIALS,7
AZD PRAHA S R,INDUSTRIALS,7
AZIMO LIBEREC A,NOT RELEVANT,7
AZPEK S R,CONSUMER STAPLES,7
AZPO Group,CONSUMER DISCRETIONARY,7
"AZU ENERGY,",ENERGY,7
"AZURA A-Z servis,",NOT RELEVANT,7
"Abelin Property,",REAL ESTATE,7
Accolade,REAL ESTATE,7
Acer Czech Republic,CONSUMER DISCRETIONARY,7
Acerta,REAL ESTATE,7
Adam Augustin,INDUSTRIALS,7
Adamec,CONSUMER DISCRETIONARY,7
Adamec Stanislav,REAL ESTATE,7
"Adamov, Osvobození 95-96",REAL ESTATE,7
Adamusova,REAL ESTATE,7
Adecco spol s,INDUSTRIALS,7
Adel happiness,UTILITIES,7
"Adelova 2611-2612,",REAL ESTATE,7
"Advande Labs,",HEALTH CARE,7
AeskuLab,HEALTH CARE,7
Affidea Nefromed,CONSUMER DISCRETIONARY,7
Agor Tech spol. s,CONSUMER DISCRETIONARY,7
Agro,CONSUMER STAPLES,7
Agro Kostalov,CONSUMER STAPLES,7
Agro Libstat,CONSUMER STAPLES,7
Agro Logistics,INDUSTRIALS,7
Agro druzstvo Sebranice,CONSUMER STAPLES,7
"Agromilk, druzstvo vlastniku",CONSUMER STAPLES,7
Agroprodukt plus,CONSUMER STAPLES,7
Ahepjukova,REAL ESTATE,14
Airstream,INDUSTRIALS,7
"Al. Skotaka 1,3,",REAL ESTATE,7
"Albatros moving,",CONSUMER DISCRETIONARY,7
Alcometal,INDUSTRIALS,7
Alesova,REAL ESTATE,7
Alesova 1506,REAL ESTATE,7
"Alfa Union,",INDUSTRIALS,7
Algorithmiq Corporate,INFORMATION TECHNOLOGY,7
Alliance Laundry,CONSUMER DISCRETIONARY,7
Aloisina vysina 445,REAL ESTATE,7
Alphaduct,CONSUMER STAPLES,7
"Alphaduct,",CONSUMER STAPLES,7
"Alsova 1298,",REAL ESTATE,7
Aluminium SW,INDUSTRIALS,7
Aluprogress,INDUSTRIALS,7
Amaranth life,CONSUMER STAPLES,7
Ambeat development,HEALTH CARE,7
Amforova 1929-1931,REAL ESTATE,7
Amos,REAL ESTATE,7
Anacot Capital,INDUSTRIALS,7
Andrstova,REAL ESTATE,7
Andy-auta,CONSUMER DISCRETIONARY,7
Anex s. r.,CONSUMER DISCRETIONARY,7
"Anny Rybnickove 2614,Praha",REAL ESTATE,7
Anovcin Jozef,INDUSTRIALS,7
Ant. Slavicka 642-644,REAL ESTATE,7
"Antiopa Property,",REAL ESTATE,7
Antwell Group,INDUSTRIALS,7
"Apate Property,",REAL ESTATE,7
Appolon Property,REAL ESTATE,7
"Apus, SV Uzbecka 10",REAL ESTATE,7
Arbesova 1054/7,REAL ESTATE,7
Arbol Advisory,INDUSTRIALS,7
Arbol Capital,REAL ESTATE,7
ArcelorMittal Distribution,INDUSTRIALS,7
Areal MALENY,REAL ESTATE,7
"Arena,",CONSUMER DISCRETIONARY,7
"Ares Property,",REAL ESTATE,7
Aristo Pharma,INDUSTRIALS,7
Arrano Group,INDUSTRIALS,7
Arte spol.s,INDUSTRIALS,7
Artifex safe production,INDUSTRIALS,7
Asejevova 1613/10,REAL ESTATE,7
Askin & Co.,HEALTH CARE,7
"Astra Property,",REAL ESTATE,7
Atleticka 2224,REAL ESTATE,7
Atos Czech Republic,INFORMATION TECHNOLOGY,7
Atrium Flora,REAL ESTATE,7
Austin Powder Service CZ s.r.o,MATERIALS,7
"Authentica,",COMMUNICATIONS,7
Auto KP consolidated,CONSUMER DISCRETIONARY,7
AutoBinck Group NV,CONSUMER DISCRETIONARY,7
"Autobusy Karlovy Vary,",INDUSTRIALS,7
AutodILY spol. s,CONSUMER DISCRETIONARY,7
Autodoprava Chalupecky,INDUSTRIALS,7
Automotive,CONSUMER DISCRETIONARY,14
Automotive (CZ),CONSUMER DISCRETIONARY,7
Automotive Systems Czec,CONSUMER DISCRETIONARY,7
Autonom Servis,CONSUMER DISCRETIONARY,7
Avant Management Solutions,INDUSTRIALS,7
Avast,INFORMATION TECHNOLOGY,7
Avenga H2B,INFORMATION TECHNOLOGY,7
Averinova 1681/2,REAL ESTATE,7
Aviatiku,REAL ESTATE,7
Aviation,INDUSTRIALS,7
Avoss s. r.,CONSUMER DISCRETIONARY,7
Axes Capital Europe,INDUSTRIALS,7
B - SVING,CONSUMER DISCRETIONARY,7
B C PRAHA SPOL S R,INDUSTRIALS,7
"B E K O ENGINEERING, SPOL. S",INFORMATION TECHNOLOGY,7
B PROGRES A,CONSUMER DISCRETIONARY,7
"B. Nemcove 2319/25,",REAL ESTATE,7
"B.D.S.,spol. s",NOT RELEVANT,7
B.Martinu 2335-6 Ces.Lipa,REAL ESTATE,7
"B.Nemcove 1519-20,",REAL ESTATE,7
B.V.,COMMUNICATIONS,7
B.V.FRUIT S.R.O. V,NOT RELEVANT,7
B2S SERVISNI A S V,NOT RELEVANT,7
BA GROUP INVESTMENT A,CONSUMER DISCRETIONARY,7
BABKA,NOT RELEVANT,7
BABOR,NOT RELEVANT,7
BACA,NOT RELEVANT,7
BACHRONOVA,NOT RELEVANT,7
BAE SYSTEMS ONEARC CZECHIA K.S.,INFORMATION TECHNOLOGY,7
BAGINSKY,NOT RELEVANT,7
BAIER A,CONSUMER DISCRETIONARY,7
BAJER,NOT RELEVANT,7
BAK STAVEBNI SPOLECNOST,INDUSTRIALS,7
BAK STAVEBNI SPOLECNOST A,INDUSTRIALS,7
BAKALARI SOFTWARE S R,INFORMATION TECHNOLOGY,7
BAKERIES A,CONSUMER STAPLES,7
BALAS,NOT RELEVANT,7
BALBY S.R.O. V,FINANCIALS,7
BALJER ZEMBROD SPOL S R,MATERIALS,7
BALKANCAR CZ S R,INDUSTRIALS,7
BALL BEVERAGE PACKAGING CZECH REPUB,UTILITIES,7
BALLI STEEL CZECH S R,INDUSTRIALS,7
BALTIC GROUND SERVICES CZ S R,INDUSTRIALS,7
BALUS STAVEBNINY A,MATERIALS,7
BANGOR SEPTIMA S R,FINANCIALS,7
BANKOVNI IDENTITA A,INDUSTRIALS,7
BANNER BATERIE CR SPOL S R,NOT RELEVANT,7
BANYR,NOT RELEVANT,7
"BAOLONG CZECH,",CONSUMER STAPLES,7
BARENTZ spol. s,MATERIALS,7
BARKMET A,INDUSTRIALS,7
BARKO CZ,NOT RELEVANT,7
BARNI ANGELO,NOT RELEVANT,7
BAROMETR,REAL ESTATE,7
BARONELA INDUSTRY S R,REAL ESTATE,7
BARRANDOV TELEVIZNI STUDIO A,CONSUMER DISCRETIONARY,7
BARTONI BUILDING FACILITY MANAGEM,REAL ESTATE,7
BARTONI TRANSPORT SPOL S R,INDUSTRIALS,7
BARTONOVA,NOT RELEVANT,7
BARTOSIK,NOT RELEVANT,7
BARVY,REAL ESTATE,7
"BARVY A LAKY HOSTIVAR,",MATERIALS,7
"BASE NEXT,",NOT RELEVANT,7
BASILARIS,REAL ESTATE,7
BATD AGRO II A,CONSUMER STAPLES,7
BATIST MEDICAL,HEALTH CARE,7
BATIST MEDICAL HOLDING A,HEALTH CARE,7
BATKOVA KATERINA,NOT RELEVANT,7
BATR SROT A,INDUSTRIALS,7
BAU MANAGEMENT S R,FINANCIALS,7
BAU STAV A,INDUSTRIALS,7
"BAUER MK,",CONSUMER STAPLES,7
BAUER TECHNICS,INDUSTRIALS,7
BAUHAUS K,CONSUMER DISCRETIONARY,7
BAUMIT SPOL S R,MATERIALS,7
BAUMULLER BRNO S R,INDUSTRIALS,7
BAWAG LEASING FLEET S R,INDUSTRIALS,7
BAYO S,INDUSTRIALS,7
BAYO S PRODUCTION S R,REAL ESTATE,7
BB SLUZBY S R,INDUSTRIALS,7
BBA HRANICE SPOL S R,INDUSTRIALS,7
BBH ADVOKATNI KANCELAR S R,INDUSTRIALS,7
BBS OCHRANA MAJETKU,INDUSTRIALS,7
BBS S R,INDUSTRIALS,7
BC A,MATERIALS,7
BC LOGISTICS S R,INDUSTRIALS,7
BC REAL A,REAL ESTATE,7
"BCMAX,",CONSUMER DISCRETIONARY,7
"BCRL, s.r.o..",UTILITIES,7
BCS Automotive Interface Solutions,CONSUMER DISCRETIONARY,7
BD SENSORS S R,NOT RELEVANT,7
BDH 2170,REAL ESTATE,7
BDI Czech,INDUSTRIALS,7
BDO Audit,INDUSTRIALS,7
"BDS-BUS,",INDUSTRIALS,7
BDSTAV MORAVA S R,INDUSTRIALS,7
BEARINGS CZ AKCIOVA,INDUSTRIALS,7
BEB S R,INDUSTRIALS,7
BEC S R,INDUSTRIALS,7
BECHSTEIN,CONSUMER DISCRETIONARY,7
BECHSTEIN EUROPE S R,CONSUMER DISCRETIONARY,7
BECVOMILL S R,REAL ESTATE,7
BEDNAR FMT S R,INDUSTRIALS,7
BEDNAR RADOMIR,NOT RELEVANT,7
BEGHELLI ELPLAST A,NOT RELEVANT,7
"BEGOKON CZ,",CONSUMER STAPLES,7
BEHR FRANCE ROUFFACH,CONSUMER DISCRETIONARY,7
BEIERSDORF SPOL S R,CONSUMER STAPLES,7
BEJSOVEC JIRI,INFORMATION TECHNOLOGY,7
BEK S R,MATERIALS,7
BEL S R,NOT RELEVANT,7
BEL SYRY CESKO A,CONSUMER STAPLES,7
"BELETA Plus,",CONSUMER DISCRETIONARY,7
BELIDLE E B S R,REAL ESTATE,7
"BELIDLE S.R.O, V",REAL ESTATE,7
BELLINDA CZECH REPUBLIC,INDUSTRIALS,7
BELLIS BOHEMIA S R,HEALTH CARE,7
BELOHRAD A,HEALTH CARE,7
BELVIPORT TRADING,FINANCIALS,7
BENEDIKT KARLOVY VARY S R,CONSUMER DISCRETIONARY,7
BENEFIT A,FINANCIALS,7
BENEFIT INVESTMENT A,FINANCIALS,7
BENEFIT MOBILITY S R,INDUSTRIALS,7
BENELAN s. r.,CONSUMER DISCRETIONARY,7
BENES A LAT A,MATERIALS,7
BENESOVA,NOT RELEVANT,7
BENESOVKA S R,REAL ESTATE,7
BENET AUTOMOTIVE S R,CONSUMER DISCRETIONARY,7
BENIT S. R. O. V,FINANCIALS,7
BENNET OIL DEPOT S R,ENERGY,7
BENNON Group,CONSUMER DISCRETIONARY,7
BENSTAR S R,CONSUMER STAPLES,7
BENTEL TRANSPORT S R,INDUSTRIALS,7
BENVIG HEAT TRANSFER SPOL S R,INDUSTRIALS,7
BENZINA S R,NOT RELEVANT,7
BERAN,NOT RELEVANT,7
BERAN JIRI S R,CONSUMER DISCRETIONARY,7
BERANEK,NOT RELEVANT,7
BERANKOVA KUDRNOVA GABRIELA,NOT RELEVANT,7
BERCIK,NOT RELEVANT,7
BERG A,CONSUMER DISCRETIONARY,7
BERKOVA 89,REAL ESTATE,7
BERNADETTE A,INDUSTRIALS,7
BEROE PROPERTY S R,REAL ESTATE,7
BESKYD A,CONSUMER STAPLES,7
BESKYDSKA GOLFOVA A,CONSUMER DISCRETIONARY,7
BESKYDSKE UZENINY A,CONSUMER STAPLES,7
BEST A,INDUSTRIALS,7
BEST CAR FOR YOU S R,CONSUMER DISCRETIONARY,7
BEST ESTATE,REAL ESTATE,7
BEST SPOL S R,CONSUMER STAPLES,7
BESTCAR SERVICES,CONSUMER DISCRETIONARY,7
BETA S R,INFORMATION TECHNOLOGY,7
BETALIFT spol. s,NOT RELEVANT,7
BETOCHEM S R,INDUSTRIALS,7
BETON PISEK SPOL S R,INDUSTRIALS,7
BETONBAU S R,MATERIALS,7
BETONMIX A,MATERIALS,7
BETONMIX DOPRAVA S R,MATERIALS,7
BETONPUMPY MORAVA S R,MATERIALS,7
BETONSTAV TEPLICE A,INDUSTRIALS,7
BETOTECH S R,MATERIALS,7
BEVEL S R,INDUSTRIALS,7
BEVERAGE INDUSTRY COMPANY A,CONSUMER STAPLES,7
BEXIM PALETTEN,INDUSTRIALS,7
BEZOUSKOVA ELISKA,NOT RELEVANT,7
BEZPECI,REAL ESTATE,7
"BEZPECNÉ SILNICE KAZDÉMU, OBECNE",NOT RELEVANT,7
BEZVAVLASY A,CONSUMER STAPLES,7
BG STUDIO S R,REAL ESTATE,7
BGS RETAIL S R O V,NOT RELEVANT,7
BH ENERGO A,CONSUMER DISCRETIONARY,7
BHG CZ S R,INDUSTRIALS,7
BHT,NOT RELEVANT,7
"BHT BIO TECHNOLOGY,",INDUSTRIALS,7
BI NA S R,NOT RELEVANT,7
BIBA INTERNATIONAL S R,INDUSTRIALS,7
BIBBY FINANCIAL SERVICES A,NOT RELEVANT,7
BIDCO MEDITERRA,HEALTH CARE,7
BIDLI TECHNOLOGIE A,INDUSTRIALS,7
"BIDLI auto,",CONSUMER DISCRETIONARY,7
BIESTERFELD SILCOM S R,MATERIALS,7
BIG BEAR PRAHA S R,REAL ESTATE,7
BIG EXTRA AUTO A.S. V,NOT RELEVANT,7
BIGZOOM A,INFORMATION TECHNOLOGY,7
BIHA LOGISTIK S R,REAL ESTATE,7
BIKE FUN INTERNATIONAL S R,CONSUMER DISCRETIONARY,7
BIKECLINIC S R,CONSUMER DISCRETIONARY,7
BIKERO CZ S R,CONSUMER DISCRETIONARY,7
BIKOS CZ S R,CONSUMER STAPLES,7
BILLA CZ,CONSUMER STAPLES,7
BILLA REALITY SPOL S R,NOT RELEVANT,7
BILLA SPOL S R,CONSUMER STAPLES,7
BILOVEC A,CONSUMER STAPLES,7
BILSING AUTOMATION CZECH,INDUSTRIALS,7
BILSTEIN CEE A,NOT RELEVANT,7
BINAR,NOT RELEVANT,7
BIO CIRCLE S R,MATERIALS,7
BIO S R,MATERIALS,7
"BIOCHEMA CZ, S.R.O. V",NOT RELEVANT,7
BIODAITALIA,CONSUMER STAPLES,7
"BIOENERGO - KOMPLEX,",ENERGY,7
BIOFARMS AGRO B S R,CONSUMER STAPLES,7
BIOFER,INDUSTRIALS,7
BIOFERM LIHOVAR KOLIN A,CONSUMER STAPLES,7
BIOLOGICKE CENTRUM AV CR V V I,NOT RELEVANT,7
BIOMAROS A,INDUSTRIALS,7
BIOMASA A,MATERIALS,7
BIOPLYN JÍLOVÉ,ENERGY,7
BIOPLYN SG,UTILITIES,7
BIOPTICKA LABORATOR S R,HEALTH CARE,7
BIOTIKA BOHEMIA SPOL. S R.O.,HEALTH CARE,7
BIOVIS S R,NOT RELEVANT,7
BIS,INDUSTRIALS,7
BISOUS,CONSUMER DISCRETIONARY,7
BIT SERVIS SPOL. S,INFORMATION TECHNOLOGY,7
BITO skladovaci technika,INDUSTRIALS,7
BITT TECHNOLOGY CS SPOL S R,INDUSTRIALS,7
BIVOJ A,CONSUMER STAPLES,7
BK TRANSIT A.S. V,CONSUMER DISCRETIONARY,7
BKB OKNA PLZEN,REAL ESTATE,7
BKE A,INDUSTRIALS,7
BLACK & DECKER (CZECH),INDUSTRIALS,7
BLADES A,INDUSTRIALS,7
BLAHOVA MILADA,NOT RELEVANT,7
"BLANAR NABYTEK,a.s.",CONSUMER DISCRETIONARY,7
BLANSKO HOLDING A,INDUSTRIALS,7
BLANSKO OS A,INDUSTRIALS,7
BLANSKO SMALL HYDRO S R,INDUSTRIALS,7
BLATINY CZ S R,CONSUMER STAPLES,7
BLATNICKÁ PEKÁRNA,CONSUMER STAPLES,7
BLAZE HARMONY,INDUSTRIALS,7
BLAZEK PRAHA,CONSUMER DISCRETIONARY,7
BLAZIMSKA S R,REAL ESTATE,7
BLUEFORE 1 S R,INDUSTRIALS,7
BM PLUS SPOL S R,MATERIALS,7
BM ZBYTKOVÁ,HEALTH CARE,7
BMI STRESNÍ A HYDROIZOLACNÍ SYSTÉMY,NOT RELEVANT,7
BMMCR,CONSUMER DISCRETIONARY,7
BMP ZBYTKOVÁ,HEALTH CARE,7
BMRC GROUP S R,CONSUMER DISCRETIONARY,7
BMTI S R,INDUSTRIALS,7
BMW FINANCIAL SERVICES CZECH REPUBL,CONSUMER DISCRETIONARY,7
BNP PARIBAS PERSONAL FINANCE SA ODS,NOT RELEVANT,7
BOCEK,NOT RELEVANT,7
BOCHEMIE,MATERIALS,7
BOCO PARDUBICE MACHINES S R,INDUSTRIALS,7
"BODISEN S.R.O. ""V",NOT RELEVANT,7
BODOS CZECHIA A,INDUSTRIALS,7
BOFF NWT,INDUSTRIALS,7
BOGAR,NOT RELEVANT,7
BOHDANEC S R,MATERIALS,7
BOHEMIA,INDUSTRIALS,7
BOHEMIA - LÁZNE A.,HEALTH CARE,7
BOHEMIA A,ENERGY,7
BOHEMIA A,INDUSTRIALS,7
BOHEMIA CARGO,INDUSTRIALS,7
BOHEMIA ENERGY ENTITY S R,UTILITIES,7
BOHEMIA ENERGY HOLDING CON,UTILITIES,7
BOHEMIA INTERACTIVE SIMULATIONS POL,INFORMATION TECHNOLOGY,7
BOHEMIA S R,INDUSTRIALS,14
BOHEMIA SEKT S R,CONSUMER STAPLES,7
BOHEMIA SPOL. S,NOT RELEVANT,7
BOHEMIA TROJA DEVELOPMENT S R,REAL ESTATE,7
BOHEMIAN CUBE S R,REAL ESTATE,7
"BOHEMILK,",CONSUMER STAPLES,7
BOHUSOVICKA MLEKARNA A,CONSUMER STAPLES,7
BOLTJES,INDUSTRIALS,7
"BONA CR, spol. s",MATERIALS,7
"BONAMI.CZ,",CONSUMER DISCRETIONARY,7
BONATRANS GROUP A,INDUSTRIALS,7
BOND IN PRAGUE A,INDUSTRIALS,7
BONECO A,CONSUMER STAPLES,7
BONETT ENERGIE A,INDUSTRIALS,7
BONETT GROUP,INDUSTRIALS,7
BONGOLAND S R,CONSUMER DISCRETIONARY,7
BONGOPARK S R,CONSUMER DISCRETIONARY,7
BONTONFILM A,CONSUMER DISCRETIONARY,7
BONTONLAND A S V,CONSUMER DISCRETIONARY,7
BONUM ORATIO S R,REAL ESTATE,7
"BONUM PRODUCTIO FENESTRAS, S.R.O.",NOT RELEVANT,7
BONUS OBCHODNI AGENTURA SPOL S R,CONSUMER DISCRETIONARY,7
BOOKREAL S.R.O. V,FINANCIALS,7
BOOTIQ,INFORMATION TECHNOLOGY,7
BORGIS,COMMUNICATIONS,7
BORGY CZ A,CONSUMER DISCRETIONARY,7
BORI S R,REAL ESTATE,7
BORIVOJ,NOT RELEVANT,7
BORSAY,NOT RELEVANT,7
BORSEK,NOT RELEVANT,7
BORUNOV,NOT RELEVANT,7
BOS Automotive Products CZ s.R,CONSUMER DISCRETIONARY,7
BOS LIGHTING,INDUSTRIALS,7
"BOS, SPOL. S",NOT RELEVANT,7
BOSCH POWERTRAIN,CONSUMER DISCRETIONARY,7
BOSCH SPOL S R,CONSUMER DISCRETIONARY,7
BOSKOVICE S R,INDUSTRIALS,7
BOSTAS,INDUSTRIALS,7
BOTTLING PRINTING S R,INDUSTRIALS,7
BOUSI,NOT RELEVANT,7
BOWA CZ S R,NOT RELEVANT,7
BOZANOVSKA 2347/2348,REAL ESTATE,7
BPA SPORT MARKETING,CONSUMER DISCRETIONARY,7
"BPG,A.S. V",NOT RELEVANT,7
BPI PRAHA INVEST A.S. V,INDUSTRIALS,7
"BPR CONCEPT,",NOT RELEVANT,7
BPS LIPONOVA S R,CONSUMER STAPLES,7
BPS STANOVISTE S R,UTILITIES,7
BRABEC,NOT RELEVANT,7
BRAND LOVERS,CONSUMER DISCRETIONARY,7
BRAND PROMOTION CZ S R,COMMUNICATIONS,7
BRANDL,REAL ESTATE,7
BRANDS INVENTORIES S.R.O. V,NOT RELEVANT,7
BRANDS S R,CONSUMER STAPLES,7
BRANDWIJK BYTOVY FOND S R,REAL ESTATE,7
BRANO A,CONSUMER DISCRETIONARY,7
BRATRI HORÁKOVÉ,INDUSTRIALS,7
BRATRI ZÁTKOVÉ,CONSUMER STAPLES,7
BRAUN,NOT RELEVANT,7
BRAVSON GROUP,CONSUMER DISCRETIONARY,7
"BRAWA, a.s.",ENERGY,7
BRAZZALE,CONSUMER STAPLES,7
BRAZZALE MORAVIA A,CONSUMER STAPLES,7
BREADWAY A,CONSUMER STAPLES,7
BREDA & WEINSTEIN,REAL ESTATE,7
BREJLA,NOT RELEVANT,7
BREMA INDUSTRY A,NOT RELEVANT,7
"BREMA, SPOL. S",INDUSTRIALS,7
BRENNTAG CR S R,INDUSTRIALS,7
BREVNOV EXCLUSIVE A,REAL ESTATE,7
"BREX, SPOL.S",INDUSTRIALS,7
BREZINA APB,INDUSTRIALS,7
BREZINOVA,NOT RELEVANT,7
BREZNO SPOL. S,NOT RELEVANT,7
BRICKS REAL ALFA S R,CONSUMER STAPLES,7
"BRIK,",MATERIALS,7
BRISK TÁBOR,CONSUMER DISCRETIONARY,7
BRISTOL GROUP S R,FINANCIALS,7
BRITEC S R,INDUSTRIALS,7
BRITISH EDUCATION INSTITUTE S R,CONSUMER DISCRETIONARY,7
BRITISH INTERNATIONAL SCHOOL,CONSUMER DISCRETIONARY,7
BRM AERO S R,INDUSTRIALS,7
BRNENSKA OBALOVNA S R,MATERIALS,7
BRNENSKA STROJIRNA VELKA BITE,INDUSTRIALS,7
BRNISTE A,CONSUMER STAPLES,7
BRNO A,INDUSTRIALS,7
BRNO A,NOT RELEVANT,7
BRNOCAR A,CONSUMER DISCRETIONARY,7
BROADWAY S R,REAL ESTATE,7
BROKER CONSULTING A,FINANCIALS,7
BROTHERS,INDUSTRIALS,7
BROZ,NOT RELEVANT,7
BROZIK,NOT RELEVANT,7
"BRUNTÁL,",MATERIALS,14
BRUSH SEM,INDUSTRIALS,7
BRVZ S R,INDUSTRIALS,7
BRYVECASTA S R,INDUSTRIALS,7
BS - BUILD SERVIS SPOL. S,INDUSTRIALS,7
BSH TECHNIK CZ S.R.O. V,CONSUMER DISCRETIONARY,7
BSK METAL,NOT RELEVANT,7
BSS BANSKA STAVEBNI SPOLECNOST S,INDUSTRIALS,7
BTC GROUP A,CONSUMER DISCRETIONARY,7
BTG ENERGY,INDUSTRIALS,7
BTT,CONSUMER DISCRETIONARY,7
BUBENSKA 1 A,NOT RELEVANT,7
BUBNOVA,NOT RELEVANT,7
BUDEJOVICKE STERKOPISKY SPOL S R,MATERIALS,7
BUDNIK,NOT RELEVANT,7
BUDOUCI SPV OSS,INDUSTRIALS,7
BUILDING PLZEN S R,INDUSTRIALS,7
BUILDING S R,INDUSTRIALS,14
BUKDOV,REAL ESTATE,7
BUKSA,NOT RELEVANT,7
BULAWA OTAVOVA SIMONA,NOT RELEVANT,7
BULB SPOL S R,INDUSTRIALS,7
BUNDA,NOT RELEVANT,7
BUNGE CZECH,CONSUMER STAPLES,7
BURCAL,NOT RELEVANT,7
BURDAMEDIA EXTRA S R,CONSUMER DISCRETIONARY,7
BURES,CONSUMER STAPLES,7
BUS,INDUSTRIALS,7
BUS DESIGN S R,CONSUMER DISCRETIONARY,7
BUS KLADNO A,NOT RELEVANT,7
BUS S R,INDUSTRIALS,7
BUSCH VAKUUM S R,INDUSTRIALS,7
BUSHMAN,CONSUMER DISCRETIONARY,7
BUSINESS LEASE GROUP B V C,FINANCIALS,7
BUSLINE HOLDING,INDUSTRIALS,7
BUZULUK A,INDUSTRIALS,7
BVZ COMMERCE S R,CONSUMER DISCRETIONARY,7
BYDLENI KOMPLET S R,INDUSTRIALS,7
BYDR,REAL ESTATE,7
BYDRUP,REAL ESTATE,7
BYDZOV S R,UTILITIES,7
BYKOV EVGENY,NOT RELEVANT,7
BYSREAL S R,INDUSTRIALS,7
BYTES TABOR S R,UTILITIES,7
"BYTOS - BD,",REAL ESTATE,7
BYTOVE DRUZSTVO HASKOVA CESKE BUDEJ,FINANCIALS,7
BYTOVE DRUZSTVO HUSKOVA 45,REAL ESTATE,7
BYTOVE DRUZSTVO PANORAMA,REAL ESTATE,7
"BYTOVÉ DRUZSTVO HELMOVA 3, V",NOT RELEVANT,7
BYTOVÉ DRUZSTVO KOMENSKÉHO V,FINANCIALS,7
BYTOVÉ DRUZSTVO MORAVSKÁ B,NOT RELEVANT,7
BYTOVÝ DUM BROZANY,REAL ESTATE,7
BYTTEK BOHUMÍN A.S. V,MATERIALS,7
BYTY JEHLA,REAL ESTATE,7
BYTY TABOR S R,NOT RELEVANT,7
Bachackova 1126,REAL ESTATE,7
"Bachackova 1686,",REAL ESTATE,7
Bachmacska 2602/31,REAL ESTATE,7
Bachmacske namesti 296/7,REAL ESTATE,7
Bajkonurska c.p.736,REAL ESTATE,7
"Balbinova 863/11,",REAL ESTATE,7
Balcarkova,REAL ESTATE,7
Baramoore International,CONSUMER STAPLES,7
Baranovova 1666/15,REAL ESTATE,7
Baranovova 1667/17,REAL ESTATE,7
Barcana,INDUSTRIALS,7
Barchov,REAL ESTATE,7
Barrandov,REAL ESTATE,7
Barrandovske,REAL ESTATE,7
Bartonova 835-839,REAL ESTATE,7
Baumüller Brno,INDUSTRIALS,7
Bd Idealni,REAL ESTATE,7
"Beaphar Eastern Europe,",CONSUMER STAPLES,7
Bechtle Management,INFORMATION TECHNOLOGY,7
Bechyne 624-628,REAL ESTATE,7
Bechyne 657-660,REAL ESTATE,7
Bechyne 664-666,REAL ESTATE,7
Bechyne 672 - 674,REAL ESTATE,7
Bechyne 687-689,REAL ESTATE,7
Bechyne 696 - 697,REAL ESTATE,7
Belehradska 414,REAL ESTATE,7
Bellavia Air,INDUSTRIALS,7
"Belocerkevska 357,474,Praha",REAL ESTATE,7
"Belohorska 1653-1655,Praha",REAL ESTATE,7
"Belohorska 95,",REAL ESTATE,7
"Belos Property,",REAL ESTATE,7
Belotinska cp. 1291-1293,REAL ESTATE,7
"Bendova 34,36,",REAL ESTATE,7
Benes Kupec,UTILITIES,7
Berkova,REAL ESTATE,7
"Bernhardt Fashion CZ,",CONSUMER DISCRETIONARY,7
"Bernolakova 1164/1, Praha",REAL ESTATE,7
Bernolakova 1165,REAL ESTATE,7
Beroun,REAL ESTATE,7
Bertsch Holding GmbH,INDUSTRIALS,7
Besta Trade,MATERIALS,7
Betlemska 267/9,REAL ESTATE,7
Betonka 1360-1361,REAL ESTATE,7
Bezdrev,REAL ESTATE,7
Bezloja Ivo,INDUSTRIALS,7
Bezrucova,REAL ESTATE,7
Bezrucova 1770-1771,REAL ESTATE,7
Bezrucova 1772-1773,REAL ESTATE,7
"Bezrucova 31,31a,",REAL ESTATE,7
Bezrucova 4235-4236,REAL ESTATE,7
"Bezrucova 442/66, N.",REAL ESTATE,7
Bezrucova 723/724,REAL ESTATE,7
BiQ Bluesoft,INFORMATION TECHNOLOGY,7
Bilinska 510,REAL ESTATE,7
BioVendor - Laboratorni medicina,HEALTH CARE,7
"Biskupcova 1868/93, Praha",REAL ESTATE,7
"Biskupcova 95, Praha",REAL ESTATE,7
"Biteska DOPRAVNi SPOLEcNOST,",INDUSTRIALS,7
Bitovska 1211-1213,REAL ESTATE,7
Bizuterie,REAL ESTATE,7
Blachotrapez spol. s,MATERIALS,7
BlackBird Services,REAL ESTATE,7
"Blatenska 11-17,Plzen",REAL ESTATE,7
Blatenska 380,REAL ESTATE,7
"Blatenska 3978-79,Chomutov",REAL ESTATE,7
Blatenska 4016-4017-4018,REAL ESTATE,7
"Blsanecka 1535,",REAL ESTATE,7
Board Czech,NOT RELEVANT,7
Bochenek Rudolf,INDUSTRIALS,7
Bock Compressors Czech,INDUSTRIALS,7
Boels nemovitosti,INDUSTRIALS,7
Bohuslava Martinu Praha,REAL ESTATE,7
Bohusovice nad Ohri,NOT RELEVANT,7
Bohutin 132,REAL ESTATE,7
Bojko Jaromir,CONSUMER STAPLES,7
Bojkovice 592-593,REAL ESTATE,7
"Bonton a.s., pravni nastupce",CONSUMER DISCRETIONARY,7
"Boreticka 4099/13,",REAL ESTATE,7
Borodinova 1,REAL ESTATE,7
"Borova 5135-5136,",REAL ESTATE,7
Bors Servis,CONSUMER DISCRETIONARY,7
Borska pole development,REAL ESTATE,7
Borskeho 663,REAL ESTATE,7
Boskovicka 10 a,REAL ESTATE,7
Boskovicka 14 a,REAL ESTATE,7
"Botevova 3107-3109, Praha",REAL ESTATE,7
Bozanovska I,REAL ESTATE,7
Bozeny Nemcove 3701-3702,REAL ESTATE,7
Bozkova 543/544,REAL ESTATE,7
"Bozkovska 34,",REAL ESTATE,7
Brabant Alucast CSS,MATERIALS,7
"Brandlova 1,",REAL ESTATE,7
Branislavova 1420,REAL ESTATE,7
"Bratri Capku 2326-27,Zatec",REAL ESTATE,7
Bratri Hlavicu,REAL ESTATE,7
"Bratriku 608, H.",REAL ESTATE,7
Bravo International CZ,INDUSTRIALS,7
Breclav,INDUSTRIALS,14
Brembo Czech,CONSUMER DISCRETIONARY,7
Brest 275,REAL ESTATE,7
"Brezenecka 4455-4460,",REAL ESTATE,7
Brezinka,REAL ESTATE,7
"Brezinova 1038/3,",REAL ESTATE,7
Brezinova 1108,REAL ESTATE,7
Brezinova 15,REAL ESTATE,7
"Brezinova 3647/14,",REAL ESTATE,7
Brezinova 513,REAL ESTATE,7
Brezinova 523/25,REAL ESTATE,7
Breznicky mlyn,NOT RELEVANT,7
Brezova,REAL ESTATE,7
"Brezova 519,",REAL ESTATE,7
Brezova 526,REAL ESTATE,7
Bri Capku,REAL ESTATE,7
Bri Capku 2154 v Zatci,REAL ESTATE,7
Bri Hlavicu 85,REAL ESTATE,7
Brichtova 820-821 Praha,REAL ESTATE,7
"Bridlicna,Osvobozeni 254-5",REAL ESTATE,7
Brin medical,HEALTH CARE,7
Brink´s Cash Solutions (CZ),INDUSTRIALS,7
"Brno,",INDUSTRIALS,7
"Brno, Cerneho",REAL ESTATE,7
"Brno, Coupkovych 2 a",REAL ESTATE,7
"Brodskeho 1663,1164",REAL ESTATE,7
"Broker Auto,",FINANCIALS,7
Bronzova 2015-2018,REAL ESTATE,7
Broumov 190,REAL ESTATE,7
"Broumovske strojirny Hyncice,",NOT RELEVANT,7
Bruntal 1562,REAL ESTATE,7
"Brustkova 9,11,13",REAL ESTATE,7
Bryksova 944 a 945,REAL ESTATE,7
"Budisovska 855,",REAL ESTATE,7
Budivojova,REAL ESTATE,7
Budovatelska,REAL ESTATE,7
"Budovatelska 14,16,18",REAL ESTATE,7
Budovatelska 552-555,REAL ESTATE,7
Budovatelu 1774/6,REAL ESTATE,7
"Budovatelu 384, Pobezovice",REAL ESTATE,7
"Budovatelu 679-681,",REAL ESTATE,7
Budovcova 2245,REAL ESTATE,7
Bulharska 1421-1423,REAL ESTATE,7
"Bulharska 741/7,",REAL ESTATE,7
"Burketova c.p. 93,",REAL ESTATE,7
BusLine Support,FINANCIALS,7
BusLine Technics,CONSUMER DISCRETIONARY,7
Busline,INDUSTRIALS,7
Bydleni Mezibori,REAL ESTATE,7
"Bytes HT, spol. s",INDUSTRIALS,7
Bytova sprava V+K,REAL ESTATE,7
"Bytovy dum Auerswald,",REAL ESTATE,7
Byty Jichova,REAL ESTATE,7
BÖHM PLAST-TECHNIK,CONSUMER DISCRETIONARY,7
BÜHLER CZ,INDUSTRIALS,7
C C PLAST S R,MATERIALS,7
C D DEVELOPMENT S R,REAL ESTATE,7
C E B A,FINANCIALS,7
C ENERGO A,INDUSTRIALS,7
C G PRAHA A,INDUSTRIALS,7
C KAPITAL INWEST,REAL ESTATE,7
C P TREASURY S R,FINANCIALS,7
C R HANA S R,CONSUMER STAPLES,7
C S CARGO MANAGEMENT A,NOT RELEVANT,7
C-ENERGY,UTILITIES,7
C-Mec Kladno,REAL ESTATE,7
C. Boudy,REAL ESTATE,7
"C.B. SPED,",INDUSTRIALS,7
C.I.P.A. SPOL. S R.,CONSUMER STAPLES,7
C.P. 547 Zavodu miru,REAL ESTATE,7
C2H RETAIL HOLDING,CONSUMER DISCRETIONARY,7
"CA-Leasing EURO,s.r.o.",FINANCIALS,7
CACKY,NOT RELEVANT,7
CAD Blansko,INDUSTRIALS,7
CADA,NOT RELEVANT,7
CADEK,CONSUMER DISCRETIONARY,7
CAESAR VAPE S R,CONSUMER STAPLES,7
CAJ PRAGUE S R O V,NOT RELEVANT,7
"CAKOVICKY,",MATERIALS,14
CALBUCO,CONSUMER STAPLES,7
CALIBRA MC S R,CONSUMER DISCRETIONARY,7
CALIBRA PLUS,NOT RELEVANT,7
CALLIS S R,CONSUMER STAPLES,7
CALUMITE S R,MATERIALS,7
"CAMINO SERVICES,",REAL ESTATE,7
CAMOSCI MORAVIA S R,HEALTH CARE,7
CANALETTO S.R.O. V,REAL ESTATE,7
CANMORE TRADING S R,INDUSTRIALS,7
CANS,MATERIALS,7
"CANTABELA SERVIS,",INDUSTRIALS,7
CAPAROL CZECHIA S R,MATERIALS,7
CAPITAL A,INDUSTRIALS,7
CAPITAL FINANCE S R,INDUSTRIALS,7
CAPITAL PARTNERS A,FINANCIALS,7
CAPITAL S R,INFORMATION TECHNOLOGY,7
CAR4WAY A,INDUSTRIALS,7
CARAVAN EXPRESS S R,INDUSTRIALS,7
CARBON DESIGN S R,CONSUMER DISCRETIONARY,7
CARBORUNDUM ELECTRITE,INDUSTRIALS,7
CARBOUNION BOHEMIA SPOL S R,UTILITIES,7
CARBOUNION HOLDING,UTILITIES,7
CARDALOVA KAMILA,NOT RELEVANT,7
CARDOSELLI PIERLUIGI,NOT RELEVANT,7
CAREER,INDUSTRIALS,7
"CARENT,",CONSUMER DISCRETIONARY,7
CARFIN INTERNATIONAL S.R.O. V,CONSUMER DISCRETIONARY,7
CARGO HOLDING A,INDUSTRIALS,7
CARGO INVEST A,INDUSTRIALS,7
CARGO S R,INDUSTRIALS,7
CARGO VRBICANY A,CONSUMER DISCRETIONARY,7
"CARGO-HORTIM, SPOL. S",INDUSTRIALS,7
CARLA spol. s,CONSUMER STAPLES,7
CARMAN A,MATERIALS,7
CARMEL AUTO CZ S R,INDUSTRIALS,7
CAROLLINUM,CONSUMER DISCRETIONARY,7
CARS,CONSUMER DISCRETIONARY,7
CARS S R,CONSUMER DISCRETIONARY,7
CARTEC GROUP,CONSUMER DISCRETIONARY,7
CASANOVA HOTEL S R,FINANCIALS,7
CASCADE S.R.O. V,NOT RELEVANT,7
"CASH 22, S.R.O. V",FINANCIALS,7
CASINOS A.S. V,NOT RELEVANT,7
CASTA A,INDUSTRIALS,7
CASTLE S R,INFORMATION TECHNOLOGY,7
"CASTLEVIEW,",REAL ESTATE,7
CATD AGRO III A,CONSUMER STAPLES,7
CATTLEGROW S R,CONSUMER STAPLES,7
CAZELES S R,FINANCIALS,7
CB AUTO A,CONSUMER DISCRETIONARY,7
CB CHANTAL TRANSPORTE SPOL S R,NOT RELEVANT,7
CBRE S R,REAL ESTATE,7
CBS A,CONSUMER STAPLES,7
CC PROPERTY S R,CONSUMER DISCRETIONARY,7
"CCP CZECH REPUBLIC, S.R.O., V",REAL ESTATE,7
CCS CESKA SPOLECNOST PRO PLATEBNI K,ENERGY,7
CD CARGO A,INDUSTRIALS,7
CD TELEMATIKA A,COMMUNICATIONS,7
CDC DATA S R,INFORMATION TECHNOLOGY,7
CDS - VIROPLASTIC CZ,MATERIALS,7
CDS S R O NACHOD,INDUSTRIALS,7
CE COLO CZECH S R,COMMUNICATIONS,7
"CE.ENERGY,",UTILITIES,7
CEC PRAHA,CONSUMER DISCRETIONARY,7
CECH,NOT RELEVANT,7
CECH SYN STAVEBNI SPOLECNOST A,INDUSTRIALS,7
CECHOFRACHT,INDUSTRIALS,7
CEDAREX LIMITED,REAL ESTATE,7
CEDOK A,CONSUMER DISCRETIONARY,7
"CEE Properties, spol. s",REAL ESTATE,7
CEE SPORT HOLDING GMBH,CONSUMER DISCRETIONARY,7
CEHAVA,NOT RELEVANT,7
CELAKOVA SARKA,NOT RELEVANT,7
CELIA - CZ,INDUSTRIALS,7
CELNICE SC S R,REAL ESTATE,7
CELOX,MATERIALS,7
CEMDEST,INDUSTRIALS,7
CEMDEST S R,MATERIALS,7
CEMENT HRANICE AKCIOVA SPOLECNOST,MATERIALS,7
CEMEX CONSTRUCTION SERVICES S R,INDUSTRIALS,7
CEMEX CZECH REPUBLIC CONSO,MATERIALS,7
CEMIO SWITZERLAND S.R.O,CONSUMER STAPLES,7
CEMM THOME,NOT RELEVANT,7
CEMM THOME CZ SPOL.S,NOT RELEVANT,7
CENTER CB,NOT RELEVANT,7
CENTES SEZIMOVO USTI A,NOT RELEVANT,7
CENTRA,INDUSTRIALS,7
CENTRAL EUROPE S R,CONSUMER DISCRETIONARY,7
CENTRAL GLASS CZECH S R,CONSUMER DISCRETIONARY,7
CENTRALIS S R,NOT RELEVANT,7
CENTRE PRAHA S R,CONSUMER DISCRETIONARY,7
CENTRON SYSTEMS SPOL.S.R.O. V,NOT RELEVANT,7
CENTROPOL ENERGY A,UTILITIES,7
CENTROPOL HOLDING,UTILITIES,7
CENTROPOL HOLDING A,FINANCIALS,7
CENTRUM,CONSUMER STAPLES,7
CENTRUM AGEL S R,HEALTH CARE,7
CENTRUM CESKY KRUMLOV A,REAL ESTATE,7
CENTRUM HYDRAULICKEHO VYZKUMU spol.,INDUSTRIALS,7
CENTRUM NÁSLEDNÉ PÉCE SEDLEC-PR,HEALTH CARE,7
CENTRUM NÁSLEDNÉ PÉCE TRUTNOV,HEALTH CARE,7
CENTRUM PRAHA A,HEALTH CARE,7
CENTRUM VALOUSEK S R,CONSUMER DISCRETIONARY,7
CENTRUM VÝZKUMU REZ,NOT RELEVANT,7
CENTRUM ZDRAVÍ SMÍCHOV,HEALTH CARE,7
CENTURION GROUP,REAL ESTATE,7
CEPKOVA GITA,NOT RELEVANT,7
CEPOS,CONSUMER STAPLES,7
CEPOS CESKA POTRAVINARSKA OBCHODNI,CONSUMER STAPLES,7
CEPRO A,INDUSTRIALS,7
CEPS,UTILITIES,7
CEPS A,UTILITIES,7
CERAMIC SERVICES S R,MATERIALS,7
CEREA A,CONSUMER STAPLES,7
CERGEROS,REAL ESTATE,7
CERNA HORA A,CONSUMER STAPLES,7
CERNIK,NOT RELEVANT,7
CERNY,NOT RELEVANT,14
"CERO,",NOT RELEVANT,7
CEROZFRUCHT,NOT RELEVANT,7
CERTUS MERCATUS,CONSUMER DISCRETIONARY,7
CERTUS MERCATUS S R,CONSUMER DISCRETIONARY,7
CERVA CZ S R,INDUSTRIALS,7
CERVA GROUP,CONSUMER DISCRETIONARY,7
CERVA GROUP A,CONSUMER DISCRETIONARY,7
CES EPLATBY A,INFORMATION TECHNOLOGY,7
CESA A,INFORMATION TECHNOLOGY,7
CESKA,INDUSTRIALS,7
CESKA HOTELOVA A,REAL ESTATE,7
CESKA LEKARNICKA CONSOLIDA,HEALTH CARE,7
CESKA REPUBLIKA A,UTILITIES,14
CESKA REPUBLIKA S R,CONSUMER DISCRETIONARY,7
CESKA REPUBLIKA S R,INDUSTRIALS,7
CESKA REPUBLIKA SPOL S R,INFORMATION TECHNOLOGY,7
CESKA UNIGRAFIE A,NOT RELEVANT,7
CESKA ZBROJOVKA,INDUSTRIALS,7
CESKE DRAHY,INDUSTRIALS,7
CESKE DREVARSKE ZAVODY PRAHA,MATERIALS,7
CESKE RADIOKOMUNIKACE,COMMUNICATIONS,7
CESKE RADIOKOMUNIKACE A,COMMUNICATIONS,7
CESKE TEPLO S R,UTILITIES,7
CESKO,CONSUMER DISCRETIONARY,7
CESKOLIPSKA TEPLARENSKA A,UTILITIES,7
CESKOLIPSKÉ TEPLO,UTILITIES,7
"CESKOMORAVSKÝ UZENÁRSKÝ HOLDING, A.",NOT RELEVANT,7
CESKY KRUMLOV A,HEALTH CARE,7
CESKY TRIANGL A,FINANCIALS,7
"CESKÁ BPA, S.R.O. V",NOT RELEVANT,7
"CESKÁ LÉKÁRNA HOLDING,",CONSUMER STAPLES,7
CESKÁ PLYNÁRENSKÁ A.S. V,ENERGY,7
CETAB CZECH S.R.O. V,NOT RELEVANT,7
CETIN CZ,COMMUNICATIONS,7
CEVA LOGISTICS SPOL S R,INDUSTRIALS,7
CEVAK,NOT RELEVANT,7
CEVAK A,UTILITIES,7
CEZ,UTILITIES,7
CEZNET,COMMUNICATIONS,7
CFIG,FINANCIALS,14
"CFIG Cars, Private Jets & Yachts",INDUSTRIALS,7
CFIG REAL ESTATE A,REAL ESTATE,7
CFT A,INDUSTRIALS,7
CG Volare Designated Activity Compa,CONSUMER DISCRETIONARY,7
CGE,CONSUMER DISCRETIONARY,7
CGE PRODUCTION S R,CONSUMER DISCRETIONARY,7
CGN HOLDINGS S A R,UTILITIES,7
CH VODNÍ STAVBY,INDUSTRIALS,7
CH vodni,INDUSTRIALS,7
CHALETY RASNICE S R,REAL ESTATE,7
CHALUPA,NOT RELEVANT,7
CHALUPECKA KOSINOVA,NOT RELEVANT,7
CHARA SPORT A,CONSUMER DISCRETIONARY,7
CHAROUZ,NOT RELEVANT,7
CHAROUZ MOTORS S R,CONSUMER DISCRETIONARY,7
CHAROUZ S R,CONSUMER DISCRETIONARY,7
CHART FEROX A,INDUSTRIALS,7
CHARVAT A,INDUSTRIALS,7
"CHARVÁT PACOVSKÉ STROJÍRNY,",INDUSTRIALS,7
CHATD AGRO IX A,CONSUMER STAPLES,7
CHEB A,INDUSTRIALS,7
"CHEDOS,S.R.O.",NOT RELEVANT,7
CHEFPARADE S R,CONSUMER DISCRETIONARY,7
CHEMCOMEX A,INDUSTRIALS,7
CHEMI GROUP S R,MATERIALS,7
CHEMIE S R,MATERIALS,7
CHEMINVEST S R,ENERGY,7
CHEMIPRO S R,MATERIALS,7
CHEMIS ENGINE A,CONSUMER DISCRETIONARY,7
"CHEMOLAK TRADE,",MATERIALS,7
CHEMOPHARMA VIDEN SPOL S R,NOT RELEVANT,7
"CHEMOPROJEKT,",NOT RELEVANT,7
CHEPORT SPOL S R,MATERIALS,7
CHESPA CZ S R,MATERIALS,7
"CHIRANA T. Injecta, s.",HEALTH CARE,7
CHLADICI VEZE PRAHA A,NOT RELEVANT,7
CHLUM S R,CONSUMER STAPLES,7
CHLUMCANY S R,REAL ESTATE,7
CHOCEN A,INDUSTRIALS,7
CHOCOLAND A,CONSUMER STAPLES,7
CHODOS CHODOV,INDUSTRIALS,7
CHODOVSKA STK S R,CONSUMER DISCRETIONARY,7
CHODSKA REAL S R,MATERIALS,7
CHODSKA S R,MATERIALS,7
CHOMUTICE,CONSUMER STAPLES,7
CHOMUTOV,UTILITIES,7
CHR JANSON GMBH,CONSUMER STAPLES,7
CHRISTIAN GOLDMAN S R,HEALTH CARE,7
CHROM SERVIS S R,CONSUMER DISCRETIONARY,7
CHS EPI A,MATERIALS,7
CHVALA,NOT RELEVANT,7
CHVALETICE A,UTILITIES,7
CHYTIL,NOT RELEVANT,7
CHYTRY NAJEM S R,INDUSTRIALS,7
CI Office,REAL ESTATE,7
CIDEM,INDUSTRIALS,7
CIDEM HRANICE A,MATERIALS,7
CIERNIK,NOT RELEVANT,7
CIFR A,CONSUMER STAPLES,7
CIG,INDUSTRIALS,7
CIHLÁRSKÝ PRUMYSL,MATERIALS,7
CILEK,NOT RELEVANT,7
CIMEX,REAL ESTATE,7
CIMS A,CONSUMER DISCRETIONARY,7
CINEMA CITY CZECH S R,COMMUNICATIONS,7
CINESTAR,CONSUMER DISCRETIONARY,7
CITIC EUROPE HOLDINGS,INDUSTRIALS,7
CITIC EUROPE HOLDINGS A,INDUSTRIALS,7
CITY,INDUSTRIALS,7
CITY GOLF S R,CONSUMER DISCRETIONARY,7
CITY-UKLID spol. s,NOT RELEVANT,7
CIUR A,INDUSTRIALS,7
CK ETI S R,CONSUMER DISCRETIONARY,7
"CK PRESSBURG S.R.O. ""V",NOT RELEVANT,7
CKD ASSET,INDUSTRIALS,7
CL EVANS S R,INDUSTRIALS,7
CLA Corporate Finance,COMMUNICATIONS,7
CLAPIX S R,INFORMATION TECHNOLOGY,7
CLARKE DANIEL CHRISTOPHER,NOT RELEVANT,7
CLASSIC OIL S R,MATERIALS,7
CLASSIS MANAGEMENT,NOT RELEVANT,7
CLEVENERGY A,UTILITIES,7
CLICO S R,INFORMATION TECHNOLOGY,7
CLIENT CENTER S R,INFORMATION TECHNOLOGY,7
CLINIC S R,HEALTH CARE,7
CLINICA BOHEMICA,HEALTH CARE,7
CLINICUM A,NOT RELEVANT,7
CLITIA A,REAL ESTATE,7
CLOUD4COM A,INFORMATION TECHNOLOGY,7
CLUB BOHEMIA S R,CONSUMER DISCRETIONARY,7
CLUB INTERNATIONAL BOHEMIA,CONSUMER DISCRETIONARY,7
CM KAPITALOVA A S V,NOT RELEVANT,7
CM TRANSPORT TACHOV,INDUSTRIALS,7
CML CONSTRUCTION SERVICES S R,INDUSTRIALS,7
CMN RE I A,REAL ESTATE,7
CMQ PRAGUE,REAL ESTATE,7
CN SERVIS SPOL S R,CONSUMER DISCRETIONARY,7
CNGVITALL S R,CONSUMER DISCRETIONARY,7
CNI TISK SERVIS SPOL S R,INDUSTRIALS,7
CO2 CZECH SOLUTION GROUP Z,INDUSTRIALS,7
COBAP,INDUSTRIALS,7
COBAP S R,INDUSTRIALS,7
COBRA SPOL S R,CONSUMER DISCRETIONARY,7
"CODECO,",REAL ESTATE,7
"COFACE CZECH FACTORING S.R.O., V",NOT RELEVANT,7
COFFEE DAY CZ A,NOT RELEVANT,7
COGEBI A,INDUSTRIALS,7
COLLECTORS SERVICING S R,INDUSTRIALS,7
COLLES S.R.O. V,NOT RELEVANT,7
COLMAR S R,REAL ESTATE,7
"COLOGNIA,",INDUSTRIALS,7
"COLOR EXPERT STORCH CZ,",INDUSTRIALS,7
COLOR SPECTRUM A,MATERIALS,7
COLORLAK A,MATERIALS,7
COLOSEUM RESTAURANTS,CONSUMER DISCRETIONARY,7
COLSYS S R,INDUSTRIALS,7
COM BRNO S R,CONSUMER DISCRETIONARY,7
COM ENERGO S R,INDUSTRIALS,7
COM PAKT ENERGY A,UTILITIES,7
COM PLUS CZ,COMMUNICATIONS,7
COMAC GROUP MORAVIA S R,REAL ESTATE,7
COMAC HOLDING,CONSUMER DISCRETIONARY,7
COMETT PLUS SPOL S R,INDUSTRIALS,7
COMFOR STORES A,CONSUMER DISCRETIONARY,7
COMISIO,NOT RELEVANT,7
COMMERCIAL S. R.,MATERIALS,7
COMMEXIM,INDUSTRIALS,7
COMMODITIES AG,UTILITIES,7
"COMMODITIES AG, ODSTEPNÝ",UTILITIES,7
COMMODITY S R,CONSUMER STAPLES,7
COMMUNICATIONS INVESTMENTS HOLDINGS,COMMUNICATIONS,7
COMP SPOL S R,INDUSTRIALS,7
"COMPANY, SPOL.S",CONSUMER STAPLES,7
COMPLET A,INFORMATION TECHNOLOGY,7
COMPOS DISTRIBUTION S R,INFORMATION TECHNOLOGY,7
COMPOSITE COMPONENTS A,CONSUMER DISCRETIONARY,7
COMPUGROUP MEDICAL CESKA REPUBLIKA,HEALTH CARE,7
COMTES FHT A,INDUSTRIALS,7
COMUNE INVEST S R,INDUSTRIALS,7
COMVERGA A,COMMUNICATIONS,7
CON S R,INDUSTRIALS,7
CONCRETE A,INDUSTRIALS,7
CONCRETE S R,INDUSTRIALS,7
"CONE - DOPRAVA,",INDUSTRIALS,7
CONFIDO BROKER S R,FINANCIALS,7
CONMACO TECHNISERVIS S R,UTILITIES,7
CONORE CZ S R,CONSUMER DISCRETIONARY,7
CONOSCENZA,INDUSTRIALS,7
CONQUEST ENTERTAINMENT A,CONSUMER DISCRETIONARY,7
CONSIGNIA S R,CONSUMER DISCRETIONARY,7
CONSILIUM INVESTMENTS S.R.O. V LIKV,FINANCIALS,7
CONSOLIDATED KARLOVARSKE MINERALNI,CONSUMER STAPLES,7
CONSTRUCT S R,INDUSTRIALS,7
CONSTRUCTFORM A.S. V,NOT RELEVANT,7
CONSTRUCTION,INDUSTRIALS,7
CONSTRUCTION A,INDUSTRIALS,21
CONSTRUCTION ENGINEERING PA,INDUSTRIALS,7
CONSTRUCTION S R,REAL ESTATE,7
"CONSTRUCTION,",UTILITIES,7
CONSULTING,INDUSTRIALS,7
CONSULTING JM S R,INDUSTRIALS,7
CONSULTING S R,INDUSTRIALS,7
CONT,NOT RELEVANT,7
CONTEG,INFORMATION TECHNOLOGY,7
CONTINENTAL BARUM S R,CONSUMER DISCRETIONARY,7
"CONTUS, A. S. - V",NOT RELEVANT,7
COOL S R,INDUSTRIALS,7
COOLING PUZZLE SYSTEM S R,INDUSTRIALS,7
COPOTEX CZ,CONSUMER DISCRETIONARY,7
COPROSYS,COMMUNICATIONS,7
CORANTI,MATERIALS,7
CORANTI A,MATERIALS,7
CORAX spol. s,INDUSTRIALS,7
CORBADA A,REAL ESTATE,7
CORD BLOOD CENTER CZ,HEALTH CARE,7
"CORE CAPITAL SICAV,",FINANCIALS,7
CORIONI FABIO GIOVANNI ATTILIO,NOT RELEVANT,7
CORNER TRADE CZ,CONSUMER STAPLES,7
CORRECT BC S R,NOT RELEVANT,7
CORTINA DEVELOPMENT,CONSUMER STAPLES,14
COSMOTRADE SPOL. S,MATERIALS,7
COVERTIA A,CONSUMER STAPLES,7
CP CASTLE PRAGUE,CONSUMER DISCRETIONARY,7
CPI MORAVIA BOOKS S R,INDUSTRIALS,7
CPI PROPERTY,REAL ESTATE,7
CQK HOLDING,INDUSTRIALS,7
CR S R,CONSUMER DISCRETIONARY,7
CR S R,INDUSTRIALS,7
CR SPOL S R,CONSUMER STAPLES,7
CR V O,CONSUMER STAPLES,7
"CR,spol.s.r.o.",MATERIALS,7
CRAFT S R,INDUSTRIALS,7
CRAWLINGTON CONSULT S.R.O. V,NOT RELEVANT,7
CREATIVE GROUP,CONSUMER STAPLES,7
CREBSTONE,INDUSTRIALS,7
CREDE EXPERTO PRAHA SPOL. S,INFORMATION TECHNOLOGY,7
CREDIT SHOP S R,CONSUMER DISCRETIONARY,7
CREDITAS Real Estate Management s.,REAL ESTATE,7
"CREDO INT., SPOL. S R.O. V",NOT RELEVANT,7
CREDOMA A.S. V,FINANCIALS,7
"CRESCON,",REAL ESTATE,7
CRESTYL REAL ESTATE S R,REAL ESTATE,7
CRM SERVICES S R,COMMUNICATIONS,7
CROCUS S R,INFORMATION TECHNOLOGY,7
CROMODORA WHEELS S R,CONSUMER DISCRETIONARY,7
CROSSFORD,REAL ESTATE,7
CROWN METALS CZ S R,MATERIALS,7
CRYSTAL BOHEMIA A,CONSUMER DISCRETIONARY,7
CRYSTALEX CZ S R,CONSUMER DISCRETIONARY,7
CRYSTALEX TRADING A,CONSUMER DISCRETIONARY,7
CRYSTALITE BOHEMIA A,CONSUMER DISCRETIONARY,7
CS A,NOT RELEVANT,7
CS APPAREL GROUP A,CONSUMER DISCRETIONARY,7
CS CARGO,INDUSTRIALS,7
CS DATA S R,INFORMATION TECHNOLOGY,7
CS GLOBAL SERVICES CONSOLI,INFORMATION TECHNOLOGY,7
CS NOVA SPOL S R O V,FINANCIALS,7
CS S R,HEALTH CARE,7
"CS, A.",INDUSTRIALS,7
CS-BETON,MATERIALS,7
CSA 1194/28,REAL ESTATE,7
"CSA 1241,1242",REAL ESTATE,7
CSA 286,REAL ESTATE,7
CSAD OSTRAVA A,REAL ESTATE,7
"CSCK 2242,",REAL ESTATE,7
"CSCK 2341,",REAL ESTATE,7
CSCK 2342,REAL ESTATE,7
CSF S R,INFORMATION TECHNOLOGY,7
CSG HEALTH CARE A,HEALTH CARE,7
CSGM,CONSUMER DISCRETIONARY,7
CSH,INDUSTRIALS,7
CSI LEASING CZECH S R,FINANCIALS,7
CSS A,MATERIALS,7
CT PROJECT S R,INDUSTRIALS,7
CTIBOR,NOT RELEVANT,7
CTJ A,INDUSTRIALS,7
CTK REPRO A,NOT RELEVANT,7
CTP,REAL ESTATE,7
CTS CZECH REPUBLIC S R,INDUSTRIALS,7
CTY GROUP A,NOT RELEVANT,7
CUBE MIDCO A,INDUSTRIALS,7
CUBESPACE S R,INDUSTRIALS,7
CUDRNAK,INDUSTRIALS,7
CUKERNI SPOLECNOST PRAHA S R O V,CONSUMER STAPLES,7
CUPROSAN,NOT RELEVANT,7
CUSTOMER FOR REPORTING PURPOSES PI,INDUSTRIALS,7
CUTCO STEEL S R,INDUSTRIALS,7
CVIKOV A,CONSUMER STAPLES,7
CVP GALVANIKA S R,CONSUMER DISCRETIONARY,7
CWN S R,CONSUMER DISCRETIONARY,7
CWS CESKÁ REPUBLIKA,INDUSTRIALS,7
"CYKLOMAX,",CONSUMER DISCRETIONARY,7
CYLINDERS,INDUSTRIALS,7
CYLINDERS A,INDUSTRIALS,7
CYMEDICA SPOL S R,HEALTH CARE,7
CYROM CZECH REPUBLIC S.R.O. V LIKVI,CONSUMER STAPLES,7
CYROM INTERNATIONAL AVIATION,INDUSTRIALS,7
CZ,CONSUMER DISCRETIONARY,7
CZ,INDUSTRIALS,7
CZ A,CONSUMER DISCRETIONARY,7
CZ A,CONSUMER STAPLES,7
CZ A,INDUSTRIALS,14
CZ A,MATERIALS,7
CZ A,UTILITIES,7
CZ CORPORATION,INDUSTRIALS,7
"CZ LOKO,",NOT RELEVANT,7
CZ ODPADOVE HOSPODARSTVI,INDUSTRIALS,7
CZ OSTRAVA SPOL S R,CONSUMER DISCRETIONARY,7
CZ PRODUCTION S R,INDUSTRIALS,7
CZ S R,COMMUNICATIONS,7
CZ S R,CONSUMER DISCRETIONARY,7
CZ S R,INDUSTRIALS,21
CZ S R,INFORMATION TECHNOLOGY,14
CZ SK AUTO PALACE A M MOTO,CONSUMER DISCRETIONARY,7
CZ SPOL S R,INDUSTRIALS,14
"CZ,",CONSUMER DISCRETIONARY,7
"CZ,",INDUSTRIALS,7
CZECH,INDUSTRIALS,7
"CZECH - REAL CB,",HEALTH CARE,7
CZECH A,CONSUMER STAPLES,7
CZECH BREEDING SERVICES S R,CONSUMER STAPLES,7
CZECH CAPITAL VENTURE CONS,CONSUMER DISCRETIONARY,7
CZECH NEWS CENTER CONSOLID,CONSUMER DISCRETIONARY,7
CZECH PROPERTY INVESTMENTS,REAL ESTATE,7
CZECH REPUBLIC,INDUSTRIALS,14
CZECH REPUBLIC,MATERIALS,7
CZECH REPUBLIC A,COMMUNICATIONS,7
CZECH REPUBLIC A,CONSUMER DISCRETIONARY,7
CZECH REPUBLIC HOLDING,CONSUMER DISCRETIONARY,7
CZECH REPUBLIC S R,CONSUMER DISCRETIONARY,7
CZECH REPUBLIC S R,INDUSTRIALS,7
CZECH REPUBLIC SPOL. S,INDUSTRIALS,7
CZECH REPUBLIC XLIII (P),NOT RELEVANT,7
CZECH REPUBLIC XLVII,NOT RELEVANT,7
CZECH S R,CONSUMER STAPLES,7
CZECH S R,INDUSTRIALS,28
"CZECH,",INDUSTRIALS,7
CZECH.,INDUSTRIALS,7
CZECHIA,INFORMATION TECHNOLOGY,7
CZECHOSLOVAK GROUP CONSOLI,INDUSTRIALS,7
CZECHOSLOVAK SPIRIT S R,CONSUMER STAPLES,7
CZECHTOLL S R,INDUSTRIALS,7
CZEKOPET S.R.O. V,NOT RELEVANT,7
CZG AVIATION,INDUSTRIALS,7
"Cacovicka 1603/69,69a,Brno",REAL ESTATE,7
Cafourkova,REAL ESTATE,7
"Cajkovskeho 2020,",REAL ESTATE,7
"Cajkovskeho 42,44,",REAL ESTATE,7
"Cankovska 827/4,",REAL ESTATE,7
Capital,INDUSTRIALS,7
Capkova,REAL ESTATE,7
"Capkova 1168,",REAL ESTATE,7
"Capkova 855-856,",REAL ESTATE,7
"Car Effective,",CONSUMER DISCRETIONARY,7
"Carina Property,",REAL ESTATE,7
Caslavska c.p. 1750,REAL ESTATE,7
"Castkova 47, 49,",REAL ESTATE,7
"Cechova 1378-79,Otrokovice",REAL ESTATE,7
"Cechova 3837,",REAL ESTATE,7
Cejkovicka 1 a,REAL ESTATE,7
"Cejl 84a,",REAL ESTATE,7
Celakovskeho 1755-1758,REAL ESTATE,7
Celakovskeho 4735-36,REAL ESTATE,7
"Celjabinska 10,12 a",REAL ESTATE,7
Celni,REAL ESTATE,7
Cem. sidliste 1307-1310,REAL ESTATE,7
Cementarske sidliste 1298,REAL ESTATE,7
Cementarske sidliste 1311,REAL ESTATE,7
"Cemix,",MATERIALS,7
Centrum nasledne pece Podb,HEALTH CARE,7
Ceperska,REAL ESTATE,7
"Cerna 1408/15,",REAL ESTATE,7
"Cerna 1410/19,",REAL ESTATE,7
Cerneho 428,REAL ESTATE,7
Cernokostelecka 32-44,REAL ESTATE,7
"Cernokostelecka 35,",REAL ESTATE,7
"Cerrini,",INDUSTRIALS,7
"Cerstve utrzeno,",CONSUMER STAPLES,7
Cerveny dum 414/13,REAL ESTATE,7
Ceska Kubice 105 -106,REAL ESTATE,7
"Ceska lekarna,",HEALTH CARE,7
Ceska zula,MATERIALS,7
Ceske,REAL ESTATE,7
Ceske vinarske zavody,CONSUMER STAPLES,7
"Cesko Britská Základní skola,",CONSUMER DISCRETIONARY,7
"Ceskobratrska 17,",REAL ESTATE,7
Ceskomoravska nemovitostni,REAL ESTATE,7
Cesky svaz telesne vychovy,NOT RELEVANT,7
"Chalupkova 1366-1367,",REAL ESTATE,7
"Charis Property,",REAL ESTATE,7
"Chelcickeho 1177,1657,1658",REAL ESTATE,7
Chelcickeho 50-54,REAL ESTATE,7
"Chelcickeho 6,",REAL ESTATE,7
Chestnut leaf,REAL ESTATE,7
Chladek a Tintera Havlickuv Brod as,INDUSTRIALS,7
"Chladkova 9,",REAL ESTATE,7
Chocerady 239,REAL ESTATE,7
Chodov 2203-2206,REAL ESTATE,7
Chomutov,REAL ESTATE,7
"Chr.Hansen Czech Republic,",HEALTH CARE,7
"Chrlicka 66,",REAL ESTATE,7
"Chrlicka 67,",REAL ESTATE,7
Chrome storage,REAL ESTATE,7
Chytre bydlim Olbrachtova,REAL ESTATE,7
Ciglerova 1087-1090,REAL ESTATE,7
Cihakova 1825/40,REAL ESTATE,7
"Cihlarska 4031-33,Chomutov",REAL ESTATE,7
Cilkova 643-644,REAL ESTATE,7
Cimelice 243,REAL ESTATE,7
Cimicka 60 - 70,REAL ESTATE,7
Ciolkovskeho 445-6,REAL ESTATE,7
City Realex,CONSUMER DISCRETIONARY,7
"City Realex plus,",REAL ESTATE,7
Clinic,HEALTH CARE,7
Clinic Network,HEALTH CARE,7
Coca-Cola HBC,CONSUMER STAPLES,7
Collabrains,INFORMATION TECHNOLOGY,7
"Colliers International,",REAL ESTATE,7
"Colognia press,",INDUSTRIALS,7
"Color Tech,",INFORMATION TECHNOLOGY,7
ComAp,INDUSTRIALS,14
Components Pisek,CONSUMER DISCRETIONARY,7
Composite Wood Perner,MATERIALS,7
Connectronics,INDUSTRIALS,7
Consortium 2 Sarl,COMMUNICATIONS,7
Construction,INDUSTRIALS,7
ConvaTec Ceska republika,HEALTH CARE,7
Cooper-Standard Automotive ¿R,CONSUMER DISCRETIONARY,7
Corporation Czech,INDUSTRIALS,7
Corporation Solution,INDUSTRIALS,7
"Cosmonde,",CONSUMER STAPLES,7
"Cosmotrade-Praha, spol. s",HEALTH CARE,7
"Coupkovych 6,8",REAL ESTATE,7
"Crocodille CR, spol. s",CONSUMER STAPLES,7
Cronite CZ,CONSUMER DISCRETIONARY,7
"Cs Legii 1082/12,",REAL ESTATE,7
Cs. Armady c. 53,REAL ESTATE,7
Cs. odbojaru 922-923,REAL ESTATE,7
Ctverec,REAL ESTATE,7
Culligan Water Czech,CONSUMER STAPLES,7
Cyprichova 701-706,REAL ESTATE,7
Cyprichova 707-709,REAL ESTATE,7
"Cyrilometod. nam. 11-12,OL",REAL ESTATE,7
Czech Media Invest,CONSUMER DISCRETIONARY,7
Czech Orbital 2,INDUSTRIALS,7
"CÁSLAV - HOLDING,",INDUSTRIALS,7
D ANUNZIO S R O V,FINANCIALS,7
D O GROUP S R,INDUSTRIALS,7
D OIL S R,CONSUMER DISCRETIONARY,7
D PROG S R,INFORMATION TECHNOLOGY,7
D S GROUP S R,INDUSTRIALS,7
"D V sluzby,",INDUSTRIALS,7
"D+D REAL,",NOT RELEVANT,7
D-ENERGY,INDUSTRIALS,7
"D.N.A.,",COMMUNICATIONS,7
"D.P. Jets,",INDUSTRIALS,7
"D.R.J. TISKARNA RESL, s. r.",INDUSTRIALS,7
"D.S. LEASING,",FINANCIALS,7
D1 S R,CONSUMER DISCRETIONARY,7
D1 SERVICES S R,CONSUMER DISCRETIONARY,7
D8 S R,CONSUMER DISCRETIONARY,7
"DABACO INTERNATIONAL S.R.O. ""V LIKV",CONSUMER DISCRETIONARY,7
DABOK,INDUSTRIALS,7
"DACH SYSTEM S.R.O. ""V",NOT RELEVANT,7
DACHDECKER SPOL S R,INDUSTRIALS,7
DAECHANG SEAT S R,CONSUMER DISCRETIONARY,7
DAFE PLAST JIHLAVA S R,INDUSTRIALS,7
DAFIT S R,CONSUMER STAPLES,7
DAGGER S R,INFORMATION TECHNOLOGY,7
DAGROS S R,INDUSTRIALS,7
DAIDO METAL CO LTD ORGANIZACNI SLOZ,INDUSTRIALS,7
DAIDO METAL CZECH S R,CONSUMER DISCRETIONARY,7
DAIKIN AIRCONDITIONING CENTRAL EURO,NOT RELEVANT,7
DAIKIN INDUSTRIES CZECH,INDUSTRIALS,7
DAKARAI S.R.O. V,NOT RELEVANT,7
DAKO CZ A,INDUSTRIALS,7
DAKTELA,INFORMATION TECHNOLOGY,7
DAKTELA S R,INFORMATION TECHNOLOGY,7
DALIMILOVA ROZHLEDNA S R,CONSUMER DISCRETIONARY,7
DALMINE INVESTMENT S R,CONSUMER STAPLES,7
DALNICNI STAVBY PRAHA A,INDUSTRIALS,7
DALTEN MEDIA S R,INFORMATION TECHNOLOGY,7
DAMOVO Ceska republika,INFORMATION TECHNOLOGY,7
DANCZEK,CONSUMER STAPLES,7
"DANDELI FOODS, S.R.O. V",NOT RELEVANT,7
DANIDARX S R,CONSUMER DISCRETIONARY,7
DANIEL VCELA,CONSUMER DISCRETIONARY,7
DANIELA,NOT RELEVANT,7
DANIELI CZECH ENGINEERING A,INDUSTRIALS,7
DANYL CARS S.R.O. V,NOT RELEVANT,7
DANZER BOHEMIA DYHARNA S R,MATERIALS,7
"DAP plus,",INDUSTRIALS,7
DARAMIS RESIDENTIAL S R,REAL ESTATE,7
DARENICE DEVP S R,CONSUMER DISCRETIONARY,7
DATACAMP,INFORMATION TECHNOLOGY,7
DATACAMP S R,INFORMATION TECHNOLOGY,7
"DATAHOUSING FINANCE,",FINANCIALS,7
DATALINE TECHNOLOGY A,INFORMATION TECHNOLOGY,7
DATASCAN S R,NOT RELEVANT,7
DATASCRIPT S R,CONSUMER DISCRETIONARY,7
DATD AGRO IV A,CONSUMER STAPLES,7
DATOVE CENTRUM LUZICE S R,INFORMATION TECHNOLOGY,7
DATUS ELEKTRONICKÉ INFORMACNÍ SYSTÉ,NOT RELEVANT,7
DAUGIABUTI S R,REAL ESTATE,7
DAVID JECMIK,REAL ESTATE,7
DAWSON PRODUCTION,NOT RELEVANT,7
DAY,CONSUMER DISCRETIONARY,7
DCI CZECH A,INFORMATION TECHNOLOGY,7
DCK HOLOUBKOV BOHEMIA,UTILITIES,7
DCT S R,REAL ESTATE,7
DD ACQUISITION A,INDUSTRIALS,7
DEAL SPV A,INDUSTRIALS,7
DECOLED S R,CONSUMER DISCRETIONARY,7
DEDALO,REAL ESTATE,7
DEDALUS S R,MATERIALS,7
DEFAGO UNITED,UTILITIES,7
DEFENCE VEHICLE A,INDUSTRIALS,7
DEJMARK CZECH S R,CONSUMER DISCRETIONARY,7
DEK,MATERIALS,7
DEK A,MATERIALS,7
DEKINVEST,MATERIALS,7
DEKOM SYSTEM,CONSUMER DISCRETIONARY,7
DEKOR SPOL S R,INDUSTRIALS,7
DEL,INDUSTRIALS,14
DEL,NOT RELEVANT,7
DEL2020 A S V,INFORMATION TECHNOLOGY,7
DELIKOMAT,CONSUMER STAPLES,7
DELILAH S R,INDUSTRIALS,7
DELMART S R,CONSUMER STAPLES,7
DELONG INSTRUMENTS A,INFORMATION TECHNOLOGY,7
DELTA MLYNY S R,CONSUMER STAPLES,7
DELUXEA A,CONSUMER DISCRETIONARY,7
DEMAPRO,INDUSTRIALS,7
DEMONTA T,NOT RELEVANT,7
DEMONTA TRADE,MATERIALS,7
DEMONTA TRADE SE,MATERIALS,7
DENALEX S R,FINANCIALS,7
DENDERA,INDUSTRIALS,7
DENDERA S R,INDUSTRIALS,7
DENSO MANUFACTURING CZECH,NOT RELEVANT,7
DENT,HEALTH CARE,7
DEPOT S R,CONSUMER DISCRETIONARY,7
DER TOURISTIK CZ A,CONSUMER DISCRETIONARY,7
DERSTAR PHARMA CZ S R,HEALTH CARE,7
DESIGN VANKAT S R,CONSUMER DISCRETIONARY,7
DESPINA,INDUSTRIALS,7
DESPINA A,INDUSTRIALS,7
DESTRUKCE S R,MATERIALS,7
DETAIL,INDUSTRIALS,7
DETONATOR ASSEMBLY S R,MATERIALS,7
DETONATOR S R,MATERIALS,7
DEUTSCH,NOT RELEVANT,7
DEVA NUTRITION A,CONSUMER STAPLES,7
DEVECON,INDUSTRIALS,7
"DEVELOP INVEST, A.S., V",NOT RELEVANT,7
DEVELOPMENT A,REAL ESTATE,7
DEVELOPMENT PRAGUE 6 S R,INDUSTRIALS,7
DEVELOPMENT S R,INDUSTRIALS,7
DEVIL S R,NOT RELEVANT,7
DEVIMEX S R,INDUSTRIALS,7
"DEWOTTIS,",CONSUMER DISCRETIONARY,7
DEZA A,NOT RELEVANT,7
DEZZ ART V.O.S. V,NOT RELEVANT,7
DF Partner s. r. o.,MATERIALS,7
DFK CAB S R,INDUSTRIALS,7
DGS DRUCKGUSS SYSTEME,NOT RELEVANT,7
DI INDUSTRIAL SPOL S R,INDUSTRIALS,7
DIAGRAM,INDUSTRIALS,7
DIAKONIE CCE STREDISKO BETLEM,HEALTH CARE,7
DIATECH PRAHA SPOL S R,INDUSTRIALS,7
DIGITAL,FINANCIALS,7
DIGITAL,INFORMATION TECHNOLOGY,7
DIGITAL GROUP A,COMMUNICATIONS,7
DIGITAL PEOPLE A,CONSUMER DISCRETIONARY,7
DILLA,NOT RELEVANT,7
"DINA - HITEX, spol. s",HEALTH CARE,7
DINEL S R,INFORMATION TECHNOLOGY,7
DIOMEDEA INVEST S R,NOT RELEVANT,7
"DIONE PROPERTY,S.R.O.",REAL ESTATE,7
DIOS TRADING SPOL S R,CONSUMER STAPLES,7
DIPARLUX CZ SK S R,CONSUMER STAPLES,7
DIPLOMAT PRAGUE,REAL ESTATE,7
DIRAC INDUSTRIES S R,INDUSTRIALS,7
DIRIGERE servis,INDUSTRIALS,7
DIS S R,INDUSTRIALS,7
DISCONT POWER S.R.O. V,NOT RELEVANT,7
DISKUS SPOL S R,INFORMATION TECHNOLOGY,7
DISTRIBUCE A,UTILITIES,7
DISTRIBUCE KOPRIVNICE A,UTILITIES,7
DISTRIBUCNI K,COMMUNICATIONS,7
DISTRIBUTION A,HEALTH CARE,7
DITHERM,INDUSTRIALS,7
DITON,MATERIALS,7
DIVA Center,NOT RELEVANT,7
DIZ,INDUSTRIALS,7
DIZ spol. s,INDUSTRIALS,7
DJK EUROPE GMBH ODSTEPNY ZAVOD,UTILITIES,7
DJP STASIS,NOT RELEVANT,7
DKL TECH,INDUSTRIALS,7
DLABALOVA,NOT RELEVANT,7
DLOUHY BOHUMIL,NOT RELEVANT,7
DMG MORI Czech,INDUSTRIALS,7
DMGASTRO S R,INDUSTRIALS,7
DMHERMES TRADE,CONSUMER STAPLES,7
DMS,INDUSTRIALS,7
DNS A,NOT RELEVANT,7
DOA PLUS S R,CONSUMER DISCRETIONARY,7
DOB CONSTRUCTION A,INDUSTRIALS,7
DOBIAS,NOT RELEVANT,7
DOBRA VALENTYNA,NOT RELEVANT,7
DOBRANY PARK,MATERIALS,7
DOBRECKY,NOT RELEVANT,7
DODO,CONSUMER STAPLES,7
DOKLADAL,NOT RELEVANT,7
DOLCZE TRADITIONAL MANUFACTURING,CONSUMER DISCRETIONARY,7
DOLEJS,NOT RELEVANT,7
DOLNI OBLAST VITKOVICE Z,CONSUMER DISCRETIONARY,7
DOMACI PECE S R,HEALTH CARE,7
DOMITRUCK,CONSUMER DISCRETIONARY,7
DOMO INVEST A.S. V,FINANCIALS,7
DOMO SERVICE SPOL S R,CONSUMER STAPLES,7
DOMOPLAN REZIDENCE HVEZDOVA S R,REAL ESTATE,7
DOMU 338/52,REAL ESTATE,7
DOMÁCÍ PÉ¿E KARLOVY VARY,HEALTH CARE,7
DONAUCHEM S R,MATERIALS,7
DONGWON CZ S R,CONSUMER DISCRETIONARY,7
DOORNITE S R,INDUSTRIALS,7
DOOSAN POWER SYSTEMS CZECH INVESTME,NOT RELEVANT,7
DOOSAN POWER SYSTEMS SA,INDUSTRIALS,7
DOPLA,MATERIALS,7
DOPRAVNÍ PODNIK MEST CHOMUTOVA A JI,CONSUMER STAPLES,7
DOPRAVNÍ ZDRAVOTNICTVÍ,NOT RELEVANT,7
DORELLA S R,REAL ESTATE,7
DORNYCH A.S. V,UTILITIES,7
DOS S R,INFORMATION TECHNOLOGY,7
DOSTALIK MILAN,CONSUMER DISCRETIONARY,7
DOSTIHOVY SPOLEK A,CONSUMER DISCRETIONARY,7
DOT53,CONSUMER DISCRETIONARY,7
DOTACE S R,FINANCIALS,7
DOVRTEL,NOT RELEVANT,7
DOWNTOWN,CONSUMER DISCRETIONARY,7
DP BRANDS S R,CONSUMER STAPLES,7
DP POLÍVKA,NOT RELEVANT,7
"DPOV,",NOT RELEVANT,7
DR. MAX,CONSUMER STAPLES,7
DRABEK,NOT RELEVANT,7
DRAHY A,INDUSTRIALS,7
DRDA,NOT RELEVANT,7
DRESSER RAND,MATERIALS,7
DREVOCENTRUM CZ A,MATERIALS,7
DREVOZPRACUJICI DRUZSTVO,CONSUMER DISCRETIONARY,7
DRFG,REAL ESTATE,7
DRFG Finance,FINANCIALS,7
"DRIBO, SPOL. S",INDUSTRIALS,7
DRIVALIA LEASE CZECH REPUBLIC S.R.O,FINANCIALS,7
DRU-MAS DRUZSTVO V,CONSUMER DISCRETIONARY,7
DRUBEZARSKY ZAVOD KLATOVY A,CONSUMER STAPLES,7
DRUBYT,REAL ESTATE,7
DRUCHEMA DRUZSTVO PRO CHEMICKOU VYR,CONSUMER STAPLES,7
DRUMEL A CO.,NOT RELEVANT,7
DRUPORK SVITAVY A,CONSUMER STAPLES,7
DRUZSTVO DYNIN,CONSUMER STAPLES,7
DRUZSTVO ORASICE,CONSUMER STAPLES,7
DRUZSTVO SEBRANICE,INDUSTRIALS,7
DRUZSTVO UNCOVICE,CONSUMER STAPLES,7
DRUZSTVO VLASTNIKU DOMU REMBRANDTOV,REAL ESTATE,7
DRUZSTVO VYSOCINA,CONSUMER STAPLES,7
DRYBCAK,NOT RELEVANT,7
DS REALITNI A,HEALTH CARE,7
DS SERVICES S R,INFORMATION TECHNOLOGY,7
DS aircraft,CONSUMER DISCRETIONARY,7
"DSH - DOPRAVNÍ STAVBY, A.S. V",NOT RELEVANT,7
DT LOGISTIC CZ S R,INDUSTRIALS,7
DT VYHYBKARNA A STROJIRNA A,NOT RELEVANT,7
DT-holding,CONSUMER STAPLES,7
DTB INVEST S R,INDUSTRIALS,7
DTL HOLDING A,INDUSTRIALS,7
DTN TRANS,INDUSTRIALS,7
DTS VRBENSKY A,INDUSTRIALS,7
DTV Property Management,REAL ESTATE,7
DUBICKA ZEMEDELSKA A,CONSUMER STAPLES,7
DUDA,NOT RELEVANT,7
DUHA,REAL ESTATE,7
DUKELSKA A,REAL ESTATE,7
DUKELSKA S R,NOT RELEVANT,7
DUKOL OSTRAVA S R,MATERIALS,7
DUKOVANY II A,UTILITIES,7
DUM NA SAFRÁNCE S.R.O. V,REAL ESTATE,7
DUNAEV IGOR,NOT RELEVANT,7
DUO O. Jeremiase 1991,REAL ESTATE,7
DUO TRANS CZ S R,INDUSTRIALS,7
"DUOMO, SPOL. S",CONSUMER DISCRETIONARY,7
DUPAK,NOT RELEVANT,7
"DURA Automotive CZ, k.s.",CONSUMER DISCRETIONARY,7
DURKOPP,CONSUMER DISCRETIONARY,7
DUSAN PANACEK,NOT RELEVANT,7
DUSBABA,NOT RELEVANT,7
DUSSMANN SERVICE S R,INDUSTRIALS,7
DUVENBECK LOGISTIK S R,INDUSTRIALS,7
DVONC,NOT RELEVANT,7
DVORBYT,REAL ESTATE,7
DVT GASTRO S R,CONSUMER DISCRETIONARY,7
DYAS WARE,INDUSTRIALS,7
DYNAMICS S R,INDUSTRIALS,7
DZU,REAL ESTATE,7
DZV NOVA A,CONSUMER STAPLES,7
Dagmar,REAL ESTATE,7
Daimler Buses Ceska republika,CONSUMER DISCRETIONARY,7
Dalmine Energy,UTILITIES,7
DanCzek Teplice,CONSUMER STAPLES,7
Danek Vaclav,ENERGY,7
Daniel adam,MATERIALS,7
"Darmera Property,",REAL ESTATE,7
"Data Force,",INFORMATION TECHNOLOGY,7
David Ondrej,INDUSTRIALS,7
David Richard,CONSUMER DISCRETIONARY,7
Dayton Progress,INDUSTRIALS,7
"De Heus,",CONSUMER STAPLES,7
Dejvice cp.,REAL ESTATE,7
"Delnicka 15,",REAL ESTATE,7
"Delnicka 374, Kdyne",REAL ESTATE,7
Delnicka 384,REAL ESTATE,7
Delnicka 388/12,REAL ESTATE,7
"Dermacol,",CONSUMER STAPLES,7
Detrichov nad Bystrici 181,REAL ESTATE,7
Detske ocni centrum,HEALTH CARE,7
Deutsche Touring,NOT RELEVANT,7
Develop,REAL ESTATE,7
"Developer,",REAL ESTATE,7
Devrock,REAL ESTATE,7
DiaVize,HEALTH CARE,7
Diebold Nixdorf,INFORMATION TECHNOLOGY,7
Distribuce,CONSUMER STAPLES,7
Diverse Forderungen,INDUSTRIALS,7
Diverse Reality,REAL ESTATE,7
Divis Vcela,CONSUMER DISCRETIONARY,7
"Divisova 1714,",REAL ESTATE,7
Dlazdena 1427-1429,REAL ESTATE,7
"Dlouha 1045-1046,",REAL ESTATE,7
"Dlouha 2631,",REAL ESTATE,7
"Dlouha 374-375, Bridlicna",REAL ESTATE,7
Dlouha 884-885,REAL ESTATE,7
"Dlouha 888-889, Nyrany",REAL ESTATE,7
Dobris,REAL ESTATE,7
"Dobrovskeho 1108, Rosice",REAL ESTATE,7
"Dobrovskeho 332/28,Olomouc",REAL ESTATE,7
Doksany,REAL ESTATE,7
Dolany,REAL ESTATE,7
"Dolni 1551-1552,",REAL ESTATE,7
Dolni 1588 Frenstat,REAL ESTATE,7
"Dolni 27,",REAL ESTATE,7
"Dolni 572, Brtnice",REAL ESTATE,7
Dolnokubinska 1447-1450,REAL ESTATE,7
"Domov-Skolni, Horni",REAL ESTATE,7
Dongwon,CONSUMER DISCRETIONARY,7
"Doosan Lentjes Czech,",INDUSTRIALS,7
"Dopravni 900, Uhrineves",REAL ESTATE,7
"Doris Property,",REAL ESTATE,7
"Dr. M. Horakove 13,",REAL ESTATE,7
Dr. Martínka 1142 a 1143,REAL ESTATE,7
"Dr. Max BDC,",CONSUMER STAPLES,7
"Dr. Savrdy 8,10,12",REAL ESTATE,7
Dr. Smerala,REAL ESTATE,7
Dr. Trippe 1053,REAL ESTATE,7
Dracik,CONSUMER DISCRETIONARY,7
Drevena III,REAL ESTATE,7
"Drevnicka 4126,",REAL ESTATE,7
Driveto,FINANCIALS,7
Drobneho 76a,REAL ESTATE,7
"Drtinova 327, Praha",REAL ESTATE,7
"Druzba 1209,Broumov-Bylnice",REAL ESTATE,7
"Druzstevni 1,3,5",REAL ESTATE,7
"Druzstevni 1180,",REAL ESTATE,7
"Druzstevni 13,14,",REAL ESTATE,7
"Druzstevni 1482/6,Cheb",REAL ESTATE,7
"Druzstevni 15,",REAL ESTATE,7
"Druzstevni 4,5, Adamov",REAL ESTATE,7
Druzstevni 482-484,REAL ESTATE,7
Druzstevni 491-493,REAL ESTATE,7
"Druzstevni 605-606,H.Briza",REAL ESTATE,7
Duba,REAL ESTATE,7
"Dukelska 1335, Pribor",REAL ESTATE,7
"Dukelska 2267, 2268",REAL ESTATE,7
Dukelska 490-493,REAL ESTATE,7
"Dukelska 882,883,",REAL ESTATE,7
"Dukelska 890,",REAL ESTATE,7
Dum 916,REAL ESTATE,7
Dum Evropska 117/125,REAL ESTATE,7
Duo,REAL ESTATE,7
Duovize,HEALTH CARE,7
"Dvorackova 10,12,K.Senov",REAL ESTATE,7
Dvorakova,REAL ESTATE,7
"Dvorakova 835/30A,",REAL ESTATE,7
Dvorakova 955,REAL ESTATE,7
"Dvorni 762, Ostrava-Poruba",REAL ESTATE,7
Dvouletky,REAL ESTATE,7
Dvouletky 594/39,REAL ESTATE,7
"Dylenska c.p. 1390,",REAL ESTATE,7
Dzban,REAL ESTATE,7
"Dürr Systems spol. s r.o., ODS",CONSUMER DISCRETIONARY,7
E + M PLUS SPOL. S,NOT RELEVANT,7
E D F MAN INGREDIENTS S R,CONSUMER STAPLES,7
E L F Y S R,MATERIALS,7
E ON CESKA REPUBLIKA CONSO,UTILITIES,7
E ON CESKA REPUBLIKA S R,UTILITIES,7
E Q INVEST S R,REAL ESTATE,7
E T O S SPOL S R,INFORMATION TECHNOLOGY,7
E TRADING S R,REAL ESTATE,7
"E U R O P L A S T ,",INDUSTRIALS,7
"E. Benese 1018/30,",REAL ESTATE,7
"E. Benese 3,",REAL ESTATE,7
E. Krasnohorske 2497/21,REAL ESTATE,7
"E.Benese 7,9,11",REAL ESTATE,7
"E.Benese c.p. 389,",REAL ESTATE,7
"E.Premyslovny 398,Zbraslav",REAL ESTATE,7
E.SERVICES,UTILITIES,7
EA PARTNER S R,CONSUMER DISCRETIONARY,7
EAGLE EYES,INDUSTRIALS,7
EAST BOHEMIAN AIRPORT,INDUSTRIALS,7
"EASTERN SUGAR CESKÁ REPUBLIKA,",NOT RELEVANT,7
EASY STAVEBNI S R,INDUSTRIALS,7
EASYMED S R,HEALTH CARE,7
EATD AGRO V A,CONSUMER STAPLES,7
EBM Development,REAL ESTATE,7
EC - TECH,INDUSTRIALS,7
ECE PROJEKTMANAGEMENT PRAHA,REAL ESTATE,7
"ECF ELEKTROCENTRUM FABRIK S.R.O., V",NOT RELEVANT,7
ECIMEX GROUP A,INDUSTRIALS,7
ECLIPSE PRINT,INDUSTRIALS,7
ECM ECO MONITORING SPOL S R,INDUSTRIALS,7
ECM SYSTEM SOLUTIONS S R,UTILITIES,7
ECO INVESTMENT A,MATERIALS,7
ECO PLASTICS,INDUSTRIALS,7
ECO PLASTICS S R,INDUSTRIALS,7
ECOCARBO S R,INDUSTRIALS,7
ECOCOAL,INDUSTRIALS,7
ECOCOAL S R,INDUSTRIALS,7
ECONIC HUB,CONSUMER STAPLES,7
ECONOMIA A,COMMUNICATIONS,7
ECONOMY S R,INDUSTRIALS,7
ECOPLANET S R,INDUSTRIALS,7
"ECOPLAST, SPOL. S",CONSUMER DISCRETIONARY,7
ECP A,NOT RELEVANT,7
"ED' SYSTEM CZECH,",NOT RELEVANT,7
EDEN TRADE CZ S R,INDUSTRIALS,7
EDER,CONSUMER DISCRETIONARY,7
EDGE CZ S R,INFORMATION TECHNOLOGY,7
EDIKT A,NOT RELEVANT,7
EDILPROGETTI S.R.O. V,FINANCIALS,7
EDIMO S. R. O. V,NOT RELEVANT,7
EDM SERVICES,INDUSTRIALS,7
EDS,INDUSTRIALS,7
EDSCHA AUTOMOTIVE KAMENICE,CONSUMER DISCRETIONARY,7
EDUARD,NOT RELEVANT,7
EDWARDS S R,CONSUMER DISCRETIONARY,7
EF HOLDINGOVA S R,INDUSTRIALS,7
EFECT S R,MATERIALS,7
EFKO CZ S R,CONSUMER STAPLES,7
EFTEC CZECH REPUBLIC A,CONSUMER DISCRETIONARY,7
EG ENGINEERING A,INDUSTRIALS,7
"EG.D,",UTILITIES,7
EGE HOLDING,INDUSTRIALS,7
EGE SPOL S R,INDUSTRIALS,7
"EGE-TRADING,S.R.O",NOT RELEVANT,7
EGEM S R,INDUSTRIALS,7
EGERIA SPOL S R,ENERGY,7
EGLO CZ SK S R,CONSUMER DISCRETIONARY,7
EGOE AREA S R,REAL ESTATE,7
EGOE PLUS,INDUSTRIALS,7
EGREGA S R,MATERIALS,7
EGRES A.S. V,NOT RELEVANT,7
"EIKA, S.R.O., V",NOT RELEVANT,7
EISBERG A,CONSUMER STAPLES,7
EISLER,NOT RELEVANT,7
EISSMANN AUTOMOTIVE CESKA REPUBLIKA,CONSUMER DISCRETIONARY,7
EJOT CZ S R,INDUSTRIALS,7
EKKL sportovni povrchy,NOT RELEVANT,7
EKKY DEVELOPMENT,NOT RELEVANT,7
EKO A,MATERIALS,7
EKO DNL,CONSUMER STAPLES,7
EKO NEW S R,MATERIALS,7
EKOCAS spol. s,CONSUMER STAPLES,7
EKOFARMA SUMAVA S R,CONSUMER STAPLES,7
EKOFILTR SPOL S R,INDUSTRIALS,7
EKOINVEST A,INDUSTRIALS,7
EKOKLIMA AKCIOVA,INDUSTRIALS,7
EKOL,INDUSTRIALS,7
EKOLAND,CONSUMER STAPLES,7
EKOLAND LP A,CONSUMER STAPLES,7
EKOMASO,CONSUMER STAPLES,7
EKONOMICKE STAVBY,INDUSTRIALS,7
"EKOPLANÁ,",CONSUMER STAPLES,7
EKORENT SPOL S R,FINANCIALS,7
EKOTRANSPORT S R,INDUSTRIALS,7
EKOTREND LUDKY S R,INDUSTRIALS,7
EKOZEFA ZBYTINY S R,CONSUMER STAPLES,7
EL NINO PARFUM S R,CONSUMER STAPLES,7
ELASTA VESTIL A,CONSUMER DISCRETIONARY,7
ELASTEFLEX LYSICE S R,NOT RELEVANT,7
ELCON BRATISLAVA A S ODSTEPNY,INDUSTRIALS,7
"ELDIS Pardubice,",INDUSTRIALS,7
ELECTRIC A,INDUSTRIALS,7
ELECTRIC COMPONENTS,INDUSTRIALS,7
ELECTRIC S R,INDUSTRIALS,7
ELECTROLYSIS A,MATERIALS,7
ELECTRONIC WASTE RECYCLING S R,INDUSTRIALS,7
ELECTRONICS KLASTEREC S R,INDUSTRIALS,7
ELECTROPOLI CZECH REPUBLIC S R,MATERIALS,7
ELEKTRIZACE ZELEZNIC PRAHA A,INDUSTRIALS,7
ELEKTRO A,INDUSTRIALS,7
ELEKTRO A,INFORMATION TECHNOLOGY,7
ELEKTRO S R,INDUSTRIALS,14
ELEKTROCENTRUM TRADING SPOL S R,INDUSTRIALS,7
ELEKTROCENTRUM ZNOJMO 95,CONSUMER DISCRETIONARY,7
ELEKTROLINE A,INDUSTRIALS,7
"ELEKTROMONT BRNO, AKCIOVÁ",INDUSTRIALS,7
ELEKTROMONTAS A,UTILITIES,7
ELEKTROPORCELAN A,INDUSTRIALS,7
ELEKTROPORCELAN LOUNY A,NOT RELEVANT,7
ELEKTROPRIM KOUTNIK A,INDUSTRIALS,7
ELEKTROSPOJ S R,INDUSTRIALS,7
ELEKTROTECHNIKA A,INDUSTRIALS,7
ELEKTROTRANS,INDUSTRIALS,7
ELEKTROVOD A S ODSTEPNY,INDUSTRIALS,7
"ELEKTRÁRNY OPATOVICE,",UTILITIES,7
ELEM6 S R,CONSUMER DISCRETIONARY,7
ELEMENTZ CZECH REPUBLIC CO,HEALTH CARE,7
ELEXMAYER S R,INDUSTRIALS,7
ELFE S R,INDUSTRIALS,7
"ELFETEX, SPOL. S",CONSUMER DISCRETIONARY,7
ELGAS S R,NOT RELEVANT,7
ELIGO A,CONSUMER STAPLES,7
ELIMON A,UTILITIES,7
ELISA TRADE COMPANY S R,ENERGY,7
ELITRONIC PRODUCTION S R,INFORMATION TECHNOLOGY,7
ELIXEUM S R,INFORMATION TECHNOLOGY,7
ELKA NOVA S R,INDUSTRIALS,7
ELKAS SPOL S R,INDUSTRIALS,7
ELKO VELKOOBCHOD NAPOJU S R,CONSUMER STAPLES,7
ELKOPLAST CZ S R,MATERIALS,7
ELKOV ELEKTRO A,INDUSTRIALS,7
ELMA THERM SPOL S R,NOT RELEVANT,7
ELMARCO,INDUSTRIALS,7
ELMO PLAST A,MATERIALS,7
ELMO PLAST CZ S R,INDUSTRIALS,7
"ELMOFORGE, A.S. V",REAL ESTATE,7
ELMONTIA A,INDUSTRIALS,7
ELNA SERVIS POCERADY S R,INDUSTRIALS,7
ELORA GROUP S R,INDUSTRIALS,7
ELPOLSED,INDUSTRIALS,7
"ELPREMO, SPOL. S",NOT RELEVANT,7
"ELSO PHILIPS SERVICE, spol. s",INDUSTRIALS,7
ELTE HOLDING,INDUSTRIALS,7
ELTODO A,INDUSTRIALS,7
ELVAC MACHINERY,NOT RELEVANT,7
EM BRNO S R,INDUSTRIALS,7
EMAIL SERVICE S R,INDUSTRIALS,7
EMAN A,INFORMATION TECHNOLOGY,7
EMBALADOR REAL ESTATE,REAL ESTATE,7
EMBLEM HOTELS S R,REAL ESTATE,7
EMBROTEX,NOT RELEVANT,7
EMCO INTOS,NOT RELEVANT,7
EMCO SPOL S R,CONSUMER STAPLES,7
EMEA S R,NOT RELEVANT,7
EMEXKON S R,INDUSTRIALS,7
EMG PRAHA S R,NOT RELEVANT,7
EMIL,NOT RELEVANT,7
EMIL FREY AUTOMOBIL CONSOL,CONSUMER DISCRETIONARY,7
EMIL FREY CR S R,CONSUMER DISCRETIONARY,7
EMIL LOEFFELHARDT GMBH CO KG,INDUSTRIALS,7
EMKA PLUS S R,CONSUMER STAPLES,7
EMMA FINANCE CZ A,UTILITIES,7
"EMOS,",INDUSTRIALS,7
EMS GOLD INVESTMENTS S R,MATERIALS,7
EMTEC MAGNETICS ECE GMBH ORGANIZACN,NOT RELEVANT,7
ENASPOL A,MATERIALS,7
ENDERLOVA NINA,NOT RELEVANT,7
ENEPA TRADE S R,UTILITIES,7
ENERGETIKA A,UTILITIES,7
ENERGETIKA TRINEC A,MATERIALS,7
ENERGIE A,UTILITIES,14
ENERGIE AG BOHEMIA,UTILITIES,7
ENERGIE AG OBEROSTERREICH TECH SERV,INDUSTRIALS,7
ENERGIE AG TEPLO BOHEMIA C,UTILITIES,7
ENERGIE CR A,UTILITIES,7
ENERGIE PRAHA A,UTILITIES,7
ENERGIE S R,UTILITIES,14
ENERGIE2 A,UTILITIES,7
ENERGIES DISTRIBUTION S R,UTILITIES,7
ENERGIES EXPERT S R,UTILITIES,7
ENERGO,INDUSTRIALS,7
ENERGO - PRO,UTILITIES,7
ENERGO 5M S R,INDUSTRIALS,7
ENERGO ATELIER,NOT RELEVANT,7
ENERGO NWT,INFORMATION TECHNOLOGY,7
ENERGO S R,UTILITIES,7
ENERGO SPOL S R,INDUSTRIALS,7
ENERGON DOBRIS S R,INDUSTRIALS,7
ENERGOTRANS A,NOT RELEVANT,7
ENERGY A,UTILITIES,7
ENERGY CORPORATE SERVICES,INDUSTRIALS,7
ENERGY GROUP A,UTILITIES,7
ENERGY HOLDING A,UTILITIES,7
ENERGY PISEK S R,UTILITIES,7
ENERGY PORTFOLIO MANAGEMENT S R,INFORMATION TECHNOLOGY,7
ENERGY RENT,NOT RELEVANT,7
ENERGY S R,MATERIALS,7
ENERGY S R,UTILITIES,14
ENERGY TRADING A,UTILITIES,7
ENERGYCLOUD,UTILITIES,7
ENERSYS S R,INDUSTRIALS,7
ENESA,INDUSTRIALS,7
ENESTORE,UTILITIES,7
ENETIQA,UTILITIES,7
ENG.CO.CZ,UTILITIES,7
ENGADA EUROPE A,NOT RELEVANT,7
"ENGE,",CONSUMER DISCRETIONARY,7
"ENGIE ENERGY MANAGEMENT CZ S.R.O.,",UTILITIES,7
ENGINEERING,INDUSTRIALS,7
ENGINEERING A,INDUSTRIALS,7
ENGINEERING PLZEN S R,INDUSTRIALS,7
ENGINEERING PRAHA,INDUSTRIALS,7
ENGINEERING S R,CONSUMER DISCRETIONARY,7
ENGINEERING S R,INFORMATION TECHNOLOGY,7
"ENGINEERING,",INDUSTRIALS,7
ENGLISH INTERNATIONAL SCHOOL PRAGUE,NOT RELEVANT,7
ENIQUE ENERGY,UTILITIES,7
ENLEAD A,UTILITIES,7
ENLOGIT S R,INFORMATION TECHNOLOGY,7
ENPRO ENERGO S R,INDUSTRIALS,7
ENRAMA,INDUSTRIALS,7
ENRETA S R,UTILITIES,7
ENTERPRISE S R,CONSUMER DISCRETIONARY,7
ENTRY ENGINEERING S R,CONSUMER DISCRETIONARY,7
ENVI A,INDUSTRIALS,7
ENVI SLAG HANDLING S R,INDUSTRIALS,7
"ENVI-PUR,",INDUSTRIALS,7
ENVICOMP S R,INDUSTRIALS,7
ENVIR POWER OSTRAVA A,UTILITIES,7
ENZET TRADE,FINANCIALS,7
"EOP DISTRIBUCE,",UTILITIES,7
EP ENERGY,UTILITIES,7
EP GERMANY,ENERGY,7
EP HEAT POWER,UTILITIES,7
EP Industries,INDUSTRIALS,7
EP LINE,CONSUMER DISCRETIONARY,7
"EPACK-SHOP,",MATERIALS,7
EPEE CZECH S R,CONSUMER DISCRETIONARY,7
EPIC HOLDING A,NOT RELEVANT,7
EPIC Praha,CONSUMER DISCRETIONARY,7
EPICOS EXPORT IMPORT SPOL S R,MATERIALS,7
EPIGON A S R,CONSUMER STAPLES,7
EPISPOL A,MATERIALS,7
EPREMO A,NOT RELEVANT,7
EPS PRIBRAM S R,CONSUMER DISCRETIONARY,7
EQS ROBOTICS RENT,NOT RELEVANT,7
EQUANS SERVICES,UTILITIES,7
EQUUS SPOL S R,NOT RELEVANT,7
ERA A,INDUSTRIALS,7
ERA PRO A,NOT RELEVANT,7
ERB invest,MATERIALS,7
ERBA LACHEMA S R,HEALTH CARE,7
ERDING,INDUSTRIALS,7
ERDING A,UTILITIES,7
ERDRICH UMFORMTECHNIK S R,CONSUMER DISCRETIONARY,7
ERGON A,HEALTH CARE,7
ERKIN S R,REAL ESTATE,7
ERNEKS INVEST S R,ENERGY,7
ERNST LEOPOLD S R,MATERIALS,7
ERSTE N.OE.BRANDSCHADEN,NOT RELEVANT,7
ERUCA TECHNOLOGIES S R,MATERIALS,7
ESCO CZ,INDUSTRIALS,7
"ESL,",UTILITIES,7
ESPACE RETAIL S R,CONSUMER DISCRETIONARY,7
ESPACE VELKOOBCHOD DROGERIE S R,CONSUMER STAPLES,7
ESPRIT REAL S R,REAL ESTATE,7
ESSA SPOL S R,CONSUMER STAPLES,7
ESSENCEMEDIACOM CZECH REPUBLIC,CONSUMER DISCRETIONARY,7
ESSENS EUROPE,CONSUMER STAPLES,7
ESSPE S R,INDUSTRIALS,7
ESSPE S R,REAL ESTATE,7
EST ELEKTRO SYSTEM TECHNIK S R,CONSUMER DISCRETIONARY,7
ESTATE,NOT RELEVANT,7
ESTATE INVESTMENT A,INDUSTRIALS,7
ESTATE PARDUBICE A,REAL ESTATE,7
ESTATE S R,CONSUMER STAPLES,7
ESTATES S R,CONSUMER DISCRETIONARY,7
ESTIRM S R,REAL ESTATE,7
ESYSTEMS S R,INDUSTRIALS,7
ETA A,CONSUMER DISCRETIONARY,7
ETA INVEST S R,INDUSTRIALS,7
ETALIA S R,NOT RELEVANT,7
"ETERA,",COMMUNICATIONS,7
ETIMEX,CONSUMER DISCRETIONARY,7
EU A,INDUSTRIALS,7
EU A,MATERIALS,14
EU ASIA S R,INDUSTRIALS,7
EU HOLDING A,INDUSTRIALS,7
EUBE,REAL ESTATE,7
EUC,HEALTH CARE,7
EUCIA CZ A.S. V,INDUSTRIALS,7
EUKRATE A,CONSUMER DISCRETIONARY,7
EURAC HRADEC S R,INDUSTRIALS,7
EUREKEA S.R.O. V,FINANCIALS,7
EURO BIT TRADE S R,MATERIALS,7
EUROASIA CARGO,INDUSTRIALS,7
EUROBIT CERPACI STANICE S R,ENERGY,7
EUROBIT REAL,REAL ESTATE,7
EUROCORP,CONSUMER STAPLES,7
EUROFERT CZ S R,INDUSTRIALS,7
EUROFOAM BOHEMIA S R,CONSUMER DISCRETIONARY,7
EUROFOAM TP spol. s,MATERIALS,7
EUROFROST,INDUSTRIALS,7
EUROFROST CB A,INDUSTRIALS,7
EUROGALAXIE S R,CONSUMER DISCRETIONARY,7
EUROGEMA CZ A,INDUSTRIALS,7
EUROGOODS SPOL,NOT RELEVANT,7
EUROLOGISTIK S R,INDUSTRIALS,7
EUROMEDIA GROUP K,COMMUNICATIONS,7
EUROMONT A,INDUSTRIALS,7
EUROPAPIER BOHEMIA SPOL S R,NOT RELEVANT,7
EUROPARK HOLDING S R,FINANCIALS,7
EUROPASPED INTERNATIONAL S R,NOT RELEVANT,7
EUROPE 1 STEEL S R,INDUSTRIALS,7
"EUROPE DEVELOPMENT,",REAL ESTATE,7
EUROPE HOLDING S R,UTILITIES,7
EUROPEAN AIR SERVICES S R,INDUSTRIALS,7
EUROPEAN COATINGS LABORATORY SPOL,CONSUMER DISCRETIONARY,7
EUROPEAN DIGITAL INDUSTRIES A,COMMUNICATIONS,7
EUROPEAN STAAL CZECH REPUBLIC,NOT RELEVANT,7
EUROPOTRAVINY,NOT RELEVANT,7
EUROSOFT CONTROL S R,INDUSTRIALS,7
EUROSTRECHY HOLDING S R,INDUSTRIALS,7
EURYS FORFAITING A S V,NOT RELEVANT,7
EUTIT S R,MATERIALS,7
EVALUATION GLOBAL S R,CONSUMER DISCRETIONARY,7
EVALUATION US S R,CONSUMER DISCRETIONARY,7
EVC GROUP S R,CONSUMER DISCRETIONARY,7
EVE ROHENICE S R,UTILITIES,7
EVECO BRNO S R,INDUSTRIALS,7
EVENTREND PRAGUE S R,CONSUMER DISCRETIONARY,7
EVIDEN CZECH REPUBLIC,INFORMATION TECHNOLOGY,7
EVISIONS ADVERTISING S R,COMMUNICATIONS,7
EVO Czech Republic,INFORMATION TECHNOLOGY,7
EVO PAYMENTS INTERNATIONAL S R,FINANCIALS,7
EVONA A,NOT RELEVANT,7
EVPU DEFENCE A,INDUSTRIALS,7
EVROMAT A,INDUSTRIALS,7
EVU CZECH,INFORMATION TECHNOLOGY,7
EVU CZECH S R,INFORMATION TECHNOLOGY,7
EVZEN MYSLIVEC S R,CONSUMER DISCRETIONARY,7
EWM HIGHTEC WELDING S R,INDUSTRIALS,7
EXACT FORESTALL,CONSUMER DISCRETIONARY,7
"EXAFIN development,",REAL ESTATE,7
EXCALIBUR ARMY SPOL S R,INDUSTRIALS,7
EXCON A,INDUSTRIALS,7
EXEL S R,CONSUMER DISCRETIONARY,7
EXIM,CONSUMER DISCRETIONARY,7
EXIMAT,NOT RELEVANT,7
EXMONT ENERGO A,NOT RELEVANT,7
EXPANDIA A,REAL ESTATE,7
EXPANDIA DIGITAL,INFORMATION TECHNOLOGY,7
EXPANDIA DIGITAL A,INFORMATION TECHNOLOGY,7
EXPERTS,INDUSTRIALS,7
EXPLAST SPOL S R,MATERIALS,7
EXPLOSIA,MATERIALS,7
"EXPONO,",INDUSTRIALS,7
EXPORT S R,CONSUMER DISCRETIONARY,7
EXPORT S R,INDUSTRIALS,7
EXPOTEL SPOL S R,NOT RELEVANT,7
EXPRESS,NOT RELEVANT,7
EXPRESS (CZECH REPUBLIC),INDUSTRIALS,7
EXPRESS GLOBAL A,INDUSTRIALS,7
EXPRESS S R,INDUSTRIALS,21
EXPRESS TENDERS S R,INDUSTRIALS,7
EXPRESSION S R,CONSUMER DISCRETIONARY,7
"EXTRAPOINT,",NOT RELEVANT,7
EXT_CUST_397262,NOT RELEVANT,7
EXT_CUST_491733,NOT RELEVANT,7
EXVER FOOD S R,CONSUMER STAPLES,7
EXX HOLDING,INDUSTRIALS,7
EZ SERVIS A,INDUSTRIALS,7
Eclair Aviation,INDUSTRIALS,7
Ecoflex Leasing,CONSUMER DISCRETIONARY,7
Egres Real,REAL ESTATE,7
Egyptska 648-650,REAL ESTATE,7
Egyptska 651-653,REAL ESTATE,7
"El. Krasnohorske 38,",REAL ESTATE,7
"Elcom, a.",INDUSTRIALS,7
Elektrarenska 5702/11,REAL ESTATE,7
Elektro - viola,CONSUMER DISCRETIONARY,7
Elematec Europe,INFORMATION TECHNOLOGY,7
Element Logic Czech Republic,INDUSTRIALS,7
"Eleos Property,",REAL ESTATE,7
Eleveo,INFORMATION TECHNOLOGY,7
Elio Jet,CONSUMER DISCRETIONARY,7
"Elmoz Czech,",INDUSTRIALS,7
Emissions Control,CONSUMER DISCRETIONARY,7
Encinger,CONSUMER STAPLES,7
"Energon stavebni,",INDUSTRIALS,7
Energy AS,UTILITIES,7
Enery Development GmbH,UTILITIES,7
Enfinitec Czech Republic,INDUSTRIALS,7
Engelmulerova 3029/2,REAL ESTATE,7
Enso Timber Plana,NOT RELEVANT,7
Enso Timber Zdirec,NOT RELEVANT,7
Ensto Building Systems,INFORMATION TECHNOLOGY,7
"Eos Property,",REAL ESTATE,7
Epaf trading,FINANCIALS,7
"Epifron Property,",REAL ESTATE,7
Epiroc Czech Republic,INDUSTRIALS,7
Equity Finance,REAL ESTATE,7
Equus Group,NOT RELEVANT,7
"Erbenova 1,3,5,7,9,",REAL ESTATE,7
"Erginos Property,",REAL ESTATE,7
Ernando Cortelazzi,CONSUMER STAPLES,7
Erno Kostala 957-958,REAL ESTATE,7
Erwin Quarder CZ,CONSUMER DISCRETIONARY,7
Estate,REAL ESTATE,7
"Estonska 547, Praha",REAL ESTATE,7
"Eta Property,",REAL ESTATE,7
Etynk,REAL ESTATE,7
"Euronet Services, spol. s",NOT RELEVANT,7
Europ Assistance,FINANCIALS,7
Eva Stumpova,NOT RELEVANT,7
Exhaust Systems,CONSUMER DISCRETIONARY,7
Expandia,REAL ESTATE,7
Explosia,MATERIALS,7
Exponex,INDUSTRIALS,7
Exteriors & Interiors,CONSUMER DISCRETIONARY,7
Exteriors (Bohemia),CONSUMER DISCRETIONARY,7
F BERGER SPOL S R,NOT RELEVANT,7
F CONTROL S R,CONSUMER STAPLES,7
F I T E A,MATERIALS,7
F M P A,INDUSTRIALS,7
"F.L.Veka 1,",REAL ESTATE,7
F.X. MEILLER SlanY,INDUSTRIALS,7
FA RENE A,NOT RELEVANT,7
FABIK,NOT RELEVANT,7
FABIKOVA JAROMIRA,NOT RELEVANT,7
FABRICA CZ S R,HEALTH CARE,7
FACILITY A,REAL ESTATE,7
FACILITY CZ S R,INDUSTRIALS,7
FACILITY DEVELOP GROUP S R,CONSUMER DISCRETIONARY,7
FACILITY SPOL S R,INDUSTRIALS,14
FACTORING RECOURSE POOL 1,CONSUMER DISCRETIONARY,7
FACTORINVEST S R,INDUSTRIALS,7
FACTORY CARS A,CONSUMER DISCRETIONARY,7
"FAGREATA Investment,",REAL ESTATE,7
FAGUS spol. s,INDUSTRIALS,7
"FAGUS,",INDUSTRIALS,7
FAKULTNI NEMOCNICE PLZEN,NOT RELEVANT,7
FAMICO S R,CONSUMER DISCRETIONARY,7
FAMILY MARKET S R,CONSUMER DISCRETIONARY,7
FANN RETAIL A,CONSUMER DISCRETIONARY,7
FANS A,INDUSTRIALS,7
FANTA,NOT RELEVANT,7
FANUCCI TRADING S R,NOT RELEVANT,7
FANY GASTROSERVIS,CONSUMER STAPLES,7
FARAVELLI S R,CONSUMER STAPLES,7
FARMAK A,HEALTH CARE,7
"FARMAPARK GROUP,",INDUSTRIALS,7
FARMAPARK SERVICE S R,CONSUMER STAPLES,7
FARMARKET,CONSUMER STAPLES,7
FARMET A,INDUSTRIALS,7
FASHION S R,CONSUMER DISCRETIONARY,14
FAST,CONSUMER DISCRETIONARY,7
FAST CR A,CONSUMER DISCRETIONARY,7
FASTERRR LOGISTICS A,INDUSTRIALS,7
FASTRADE,INDUSTRIALS,7
FASTVAT S R,INDUSTRIALS,7
FATD AGRO VI A,CONSUMER STAPLES,7
FATRA A,NOT RELEVANT,7
FAU S R,ENERGY,7
FAURECIA EMISSIONS CONTROL TECHNOLO,CONSUMER DISCRETIONARY,7
FAVEA A,HEALTH CARE,7
FAVEX S R,MATERIALS,7
FAVIA S R,CONSUMER DISCRETIONARY,7
"FBT logistics,",INDUSTRIALS,7
FC BANIK OSTRAVA A,NOT RELEVANT,7
FCC Austria,INDUSTRIALS,7
FD,INFORMATION TECHNOLOGY,7
FEBE CRAFT S R,MATERIALS,7
FEED GRAIN S R,CONSUMER STAPLES,7
FEHRER BOHEMIA S R,CONSUMER DISCRETIONARY,7
FELDER Group CZ,INDUSTRIALS,7
FELIX.CZ.IT S.R.O. V,CONSUMER DISCRETIONARY,7
FENCL,NOT RELEVANT,7
FENIX PROTECTOR S R,INDUSTRIALS,7
FENIX RESIDENCE,REAL ESTATE,7
FENIX SOLUTIONS S R,CONSUMER DISCRETIONARY,7
FER KLADNO S.R.O. V,NOT RELEVANT,7
FERATT FASHION S R,CONSUMER DISCRETIONARY,7
FERONA,MATERIALS,7
FERONA A,INDUSTRIALS,7
FERRO BUILDING A,NOT RELEVANT,7
FERROS PRAHA S R,INDUSTRIALS,7
FERTIGBAU S R,INDUSTRIALS,7
FESH FESH Group v.o.s,INDUSTRIALS,7
"FG FINANCIAL GROUP, A.S. V LIKVIDAC",FINANCIALS,7
FIALA,CONSUMER DISCRETIONARY,7
FIBERTEX NONWOVENS A,CONSUMER DISCRETIONARY,7
FIBICHROVA,NOT RELEVANT,7
FIBRAN S R,INDUSTRIALS,7
FIDES A,INDUSTRIALS,7
FIEGE S R,INDUSTRIALS,7
FIERA A,INDUSTRIALS,7
FILL ME UP,INDUSTRIALS,7
FILLAMENTUM MANUFACTURING CZECH S,INDUSTRIALS,7
FILMARMOURER,NOT RELEVANT,7
FILOSOFICKY USTAV AV CR V V I,INDUSTRIALS,7
FILSON,MATERIALS,7
FILSON S R,MATERIALS,7
"FIMM CONSULT CZ, S.R.O. V",CONSUMER DISCRETIONARY,7
FINANCE A,CONSUMER DISCRETIONARY,7
FINANCE A,INDUSTRIALS,7
FINANCE A.S. V,FINANCIALS,7
"FINANCE,",REAL ESTATE,7
FINANCIAL SERVICES CZECH S,CONSUMER DISCRETIONARY,7
FINANCIAL SYSTEM S R,CONSUMER DISCRETIONARY,7
FINANCING,INDUSTRIALS,7
FINANT A,CONSUMER DISCRETIONARY,7
FINCENTRUM HOLDING LUX SA,FINANCIALS,7
FINCO CZ A.S. V LIKVIDACI,COMMUNICATIONS,7
FINE COTTON MILLS CZ S R,CONSUMER DISCRETIONARY,7
FINESKO INVEST A,FINANCIALS,7
FINEX GLOBAL A.S. V,CONSUMER STAPLES,7
FINFIX A,FINANCIALS,7
FININVEST GROUP A,FINANCIALS,7
FINITRADING A,NOT RELEVANT,7
FINLEVA SOCIETA A RESPONSABILITA,NOT RELEVANT,7
FINREAL VSETÍN,NOT RELEVANT,7
FINSHAPE CZECHIA,INFORMATION TECHNOLOGY,7
FINSHAPE CZECHIA S R,INFORMATION TECHNOLOGY,7
FINSTAR S R,MATERIALS,7
FINTHERM,INDUSTRIALS,7
"FIRESTA - Fiser, rekonstrukce, stav",INDUSTRIALS,7
"FIRESTA-FISER, REKONSTRUKCE, STAVBY",INDUSTRIALS,7
FIRMA FAULHAMMER S R,CONSUMER STAPLES,7
FIRMA PLUS S R,INDUSTRIALS,7
FIRO-tour,CONSUMER DISCRETIONARY,7
FISCHER SIGNTECH,INDUSTRIALS,7
FISER,NOT RELEVANT,7
FISPOL A,NOT RELEVANT,7
FITCRAFT PRODUCTION A.S. V,NOT RELEVANT,7
FITNESS COMPANY TRADING S R,NOT RELEVANT,7
FIXED ZONE A,INFORMATION TECHNOLOGY,7
FJORD BOHEMIA S R,CONSUMER STAPLES,7
FLAGA S R,UTILITIES,7
FLAGITEX EUROPE A,FINANCIALS,7
FLAJE S R,CONSUMER DISCRETIONARY,7
FLAJSAR,NOT RELEVANT,7
FLAMEN S R,INDUSTRIALS,7
FLASH STEEL POWER A,NOT RELEVANT,7
FLASH TRADE S R,INDUSTRIALS,7
FLEET A,INDUSTRIALS,7
FLEET I A,INDUSTRIALS,7
FLEKC S R,CONSUMER DISCRETIONARY,7
FLEMISH S R,INFORMATION TECHNOLOGY,7
FLERET FRUIT S R,CONSUMER STAPLES,7
FLEX ZBA S R,INDUSTRIALS,7
FLEXI TOURS GROUP A,CONSUMER DISCRETIONARY,7
FLEXILOG CZ A,INDUSTRIALS,7
FLEXIO A,CONSUMER STAPLES,7
FLIDR MEDICAL S R,HEALTH CARE,7
FLIEGL CZ S R,CONSUMER DISCRETIONARY,7
FLOW TECH S R,INDUSTRIALS,7
FLUICONNECTO OEM,INDUSTRIALS,7
"FM CESKA,",CONSUMER DISCRETIONARY,7
FM S CZECH A,REAL ESTATE,7
FMP DVLP A,CONSUMER DISCRETIONARY,7
FMP SICAV,REAL ESTATE,7
FOBOS INVEST A,ENERGY,7
FONTANA A,CONSUMER DISCRETIONARY,7
FONTANA HOTEL S R,REAL ESTATE,7
FONTES STK,INDUSTRIALS,7
FOOD EXPERIENCE S R,NOT RELEVANT,7
FOODS Group,CONSUMER STAPLES,7
FOODS S R,CONSUMER STAPLES,7
FOOTSHOP,CONSUMER DISCRETIONARY,7
FOOTSHOP A,CONSUMER DISCRETIONARY,7
FORCAMPING S R,CONSUMER DISCRETIONARY,7
FORCE RENAISSAGE S.R.O. V,NOT RELEVANT,7
FORECAST INT.,NOT RELEVANT,7
FOREDECK S R,INDUSTRIALS,7
FORESTINA S R,MATERIALS,7
FOREZ,INDUSTRIALS,7
FORKLIFT CZ S R,INDUSTRIALS,7
FORMECH LOGISTIC S R,INDUSTRIALS,7
FORMPLAST PURKERT S R,CONSUMER DISCRETIONARY,7
FORMY TACHOV S R,INDUSTRIALS,7
FORNAS TRADING S R,INDUSTRIALS,7
FORSTAAR GROUP S R,NOT RELEVANT,7
FORTUNA,CONSUMER DISCRETIONARY,7
FORTUNA SAZKOVA KANCELAR A,NOT RELEVANT,7
FORUM KARLIN A,COMMUNICATIONS,7
FOSTRADE,CONSUMER STAPLES,7
FOTON SERVISNI A,INDUSTRIALS,7
FOUNDATION A,UTILITIES,7
FOUNDATION TECH A,UTILITIES,7
FOUNDRY & METALLURGY MANUFACTURING,INDUSTRIALS,7
FOUNDRY A,INDUSTRIALS,7
FOUNDRY A,MATERIALS,7
"FOUNDRY,",NOT RELEVANT,7
FOX SOLAR S R,UTILITIES,7
"FOXUS MEDIA A.S. "" V LIKVIDACI",NOT RELEVANT,7
FP PRIVATE INVEST CZ A,FINANCIALS,7
FPD,REAL ESTATE,7
FPD CORPORATION CZ A,CONSUMER STAPLES,7
FPD MANAGEMENT S R,REAL ESTATE,7
FPDE,CONSUMER STAPLES,7
FPPV S R,CONSUMER DISCRETIONARY,7
"FRAIKIN CESKÁ REPUBLIKA, S.R.O., V",INDUSTRIALS,7
FRANCE,NOT RELEVANT,7
FRANKE S R,CONSUMER DISCRETIONARY,7
FRANKENSOLAR EASTERN EUROPE S R,UTILITIES,7
FRANKSTAHL SPOL S R,MATERIALS,7
FRANTISEK,NOT RELEVANT,7
FRANTISKOVY LÁZNE SAVOY A.S. V,REAL ESTATE,7
FRATELLI FRANCHI S R,NOT RELEVANT,7
FREJLACH,NOT RELEVANT,7
"FREKOMOS,",INDUSTRIALS,7
FRELICH,NOT RELEVANT,7
FREMEL,NOT RELEVANT,7
FREMIS A,NOT RELEVANT,7
FRESENIUS KABI S R,HEALTH CARE,7
FRESH & TASTY BY ZÁTISÍ,CONSUMER DISCRETIONARY,7
FRESH FOOD LOGISTICS S R,INDUSTRIALS,7
FRESHBOX S R,CONSUMER DISCRETIONARY,7
"FRESHFRUIT LOGISTIC,",INDUSTRIALS,7
FRESHLABELS S R,CONSUMER DISCRETIONARY,7
FRESO COMP S R,INDUSTRIALS,7
FRESTON,REAL ESTATE,7
FRIDRICH,NOT RELEVANT,7
FRIGO PRAHA SPOL. S,NOT RELEVANT,7
"FRIM Melník,",REAL ESTATE,7
"FRIML STAVBY, S.R.O. V",NOT RELEVANT,7
FRISCH HOLZ - SYSTEMBAU,INDUSTRIALS,7
FRISCHBETON S R,MATERIALS,7
FROGMAN,INDUSTRIALS,7
FRONTAGE S R,INDUSTRIALS,7
FROST S R,CONSUMER STAPLES,7
FROSTTRANS S R,INDUSTRIALS,7
"FRUTA PODIVÍN,",CONSUMER STAPLES,7
FRUTAKO S R,INDUSTRIALS,7
FRUTEK SPOL S R,REAL ESTATE,7
FRYC,NOT RELEVANT,7
FS KONRATITZ,INDUSTRIALS,7
FSD,CONSUMER DISCRETIONARY,7
"FTE automotive Czechia,",CONSUMER DISCRETIONARY,7
"FTL - First Transport Lines,",INDUSTRIALS,7
FTMO RE HOLDING S R,REAL ESTATE,7
FTN COM S R,INDUSTRIALS,7
FTP PROPERTY S R,COMMUNICATIONS,7
FTQ MANAGEMENT A,INDUSTRIALS,7
FTV,CONSUMER DISCRETIONARY,7
FUCIMAN,NOT RELEVANT,7
FUKMA A,NOT RELEVANT,7
FULIN,NOT RELEVANT,7
FUNARENA CHEB S R,CONSUMER DISCRETIONARY,7
FUND SICAV A,REAL ESTATE,7
FUNGHI CZ A,CONSUMER STAPLES,7
FURST,NOT RELEVANT,7
FUSION JET S R,INDUSTRIALS,7
FUTURE KITING S R,CONSUMER DISCRETIONARY,7
FUTURE MEDICINE S.R.O. V,CONSUMER STAPLES,7
FV PLAST A,INDUSTRIALS,7
FV VALEON,UTILITIES,7
FW Group,INDUSTRIALS,7
FWG S R,INDUSTRIALS,7
Facility,INDUSTRIALS,14
"Facility Services,",INDUSTRIALS,7
"Fallopia Property,",REAL ESTATE,7
"Famfulikova 1140-1149,Praha",REAL ESTATE,7
Fantova 1785 -,REAL ESTATE,7
Farma Volavec,CONSUMER STAPLES,7
Fashion Arena Centre Management s.r,REAL ESTATE,7
"Fastrova,",REAL ESTATE,7
Felda,MATERIALS,7
Fenestra Wieden,INDUSTRIALS,7
Ferenc,INDUSTRIALS,7
Fibichova 144-145,REAL ESTATE,7
"Fibichova 33,35",REAL ESTATE,7
Ficek Jan,MATERIALS,7
Fichna-hudeczek,INDUSTRIALS,7
Fidurock Construction,REAL ESTATE,7
Fidurock Services,INDUSTRIALS,7
Fillova 990,REAL ESTATE,7
Filo Milan,MATERIALS,7
FinCaptive,FINANCIALS,7
Fingo Services k.s.,REAL ESTATE,7
Finservice CZ,REAL ESTATE,7
Finshape Slovakia s. r.,INFORMATION TECHNOLOGY,7
FirstFarms Granero,CONSUMER STAPLES,7
Fleet Services,FINANCIALS,7
Fleetia Czech,INDUSTRIALS,7
Flexfill,INDUSTRIALS,7
Flexi Clinic,HEALTH CARE,7
Flexible Ideas,INDUSTRIALS,7
"Foerstrova 966/13,",REAL ESTATE,7
"Foibe Property,",REAL ESTATE,7
Fojtovice,REAL ESTATE,7
"Form - Thermit, spol. s",INDUSTRIALS,7
Fortuna Entertainment Group,CONSUMER DISCRETIONARY,7
"Fortunella Property,",REAL ESTATE,7
Franco Real Estates,REAL ESTATE,7
Francouzska,REAL ESTATE,7
"Francouzska 1914-19,",REAL ESTATE,7
Francouzska 904,REAL ESTATE,7
Frani Sramka,REAL ESTATE,7
Frantiska,REAL ESTATE,7
"Frantiska Krizika 1392,1393",REAL ESTATE,7
Franti¿ek Pivoda INVESTMENT & CONSU,INDUSTRIALS,7
Freight CZ,INDUSTRIALS,7
Fresenius Kabi Horatev CZ s.r.,HEALTH CARE,7
Fri-Service Czech,INDUSTRIALS,7
Fritzmeier,CONSUMER DISCRETIONARY,7
"Frixos Property,",REAL ESTATE,7
"Frycovicka 458, Praha",REAL ESTATE,7
Frydlantska,REAL ESTATE,7
Fucik Tlaskal,INDUSTRIALS,7
"Fucikova 471 a 472,Plana",REAL ESTATE,7
"Fucikova 705,",REAL ESTATE,7
"Fucikova 706,",REAL ESTATE,7
"Fucikova 898-9,Novy",REAL ESTATE,7
Fugnerova 1202 a 1203,REAL ESTATE,7
"Fugnerova 1977,",REAL ESTATE,7
"Fugnerova 50,",REAL ESTATE,7
Fujitsu Siemens Computers,NOT RELEVANT,7
"Funkeho 914-916, Kolin",REAL ESTATE,7
"Futaba Czech,",CONSUMER DISCRETIONARY,7
"Futura Investment,",REAL ESTATE,7
Future Facility,INFORMATION TECHNOLOGY,7
Fyzioterapie s usmevem,HEALTH CARE,7
G ELEKTRIK SPOL S R,INDUSTRIALS,7
G. Svobody 1713 a 1714,REAL ESTATE,7
"G. Svobody 1715, 1716, 1717",REAL ESTATE,7
G.A.S. Petroleum Group,INDUSTRIALS,7
G.Periny 1292-1293,REAL ESTATE,7
"G.Preissove 6-8,",REAL ESTATE,7
G4A Invest,CONSUMER STAPLES,7
G7 A,ENERGY,7
GA ENERGO S R,INDUSTRIALS,7
"GABENA, S.R.O. V",ENERGY,7
GABRIELLA SALVETE S R,CONSUMER STAPLES,7
GAJDIKOVA,NOT RELEVANT,7
GALA A,CONSUMER DISCRETIONARY,7
"GALLAGHER RE,",FINANCIALS,7
GALSTIAN GALSTIAN INVEST S R,INDUSTRIALS,7
GALVAN CZ S R,CONSUMER DISCRETIONARY,7
GALÍ OPTIK,NOT RELEVANT,7
GAME,CONSUMER DISCRETIONARY,7
GAME A,CONSUMER DISCRETIONARY,7
GAMES DISTRIBUTION S R,CONSUMER DISCRETIONARY,7
GAMES EDITION S R,CONSUMER DISCRETIONARY,7
GAMING EUROPE A,CONSUMER DISCRETIONARY,7
GAMING S R,NOT RELEVANT,7
GAMING TECHNOLOGY SPOL S R,NOT RELEVANT,7
GANDAN INVEST S R,REAL ESTATE,7
GANT CENTRAL EUROPE S R,CONSUMER DISCRETIONARY,7
GAP INVEST A,HEALTH CARE,7
GARDEN S R,CONSUMER DISCRETIONARY,7
GARIDOS S R,REAL ESTATE,7
GARLAND DISTRIBUTOR S R,CONSUMER DISCRETIONARY,7
GARNEA A,INDUSTRIALS,7
GARVIN COMPANY,CONSUMER STAPLES,7
GAS DPB A,NOT RELEVANT,7
GAS NETWORKS INVESTMENTS S A,UTILITIES,7
GAS NETWORKS S A R,UTILITIES,7
GAS OIL S R,ENERGY,7
GASCO,INDUSTRIALS,7
GASCO TECH,REAL ESTATE,7
GASCONTROL SPOLECNOST S R,ENERGY,7
GASNET,UTILITIES,7
GASPARYAN,NOT RELEVANT,7
GASSPO spol. s,INDUSTRIALS,7
GASTON S R,CONSUMER STAPLES,7
GASTRO BUILDING S R,CONSUMER DISCRETIONARY,7
GASTRO GROUP S R,CONSUMER DISCRETIONARY,7
GASTRO S R,CONSUMER STAPLES,7
GASTRO-STAR-FISH,NOT RELEVANT,7
GASTROART CZ SPOL S R,CONSUMER DISCRETIONARY,7
GASTROIMPEX S R,CONSUMER DISCRETIONARY,7
GASTRONIX ALFA CZ S R,CONSUMER DISCRETIONARY,7
GATD AGRO VII A,CONSUMER STAPLES,7
GATEMA A.,INDUSTRIALS,7
GATES HYDRAULICS,INDUSTRIALS,7
GATTNAR,NOT RELEVANT,7
GBT CR,CONSUMER DISCRETIONARY,7
GC DLOUHA S R,CONSUMER DISCRETIONARY,7
GCE S R,NOT RELEVANT,7
GE AVIATION CZECH,INDUSTRIALS,7
GE Medical Systems Ceska repub,HEALTH CARE,7
GEA CZECH REPUBLIC S R,INDUSTRIALS,7
GEARSPECT GROUP A,INDUSTRIALS,7
GEARSPECT S R,INDUSTRIALS,7
GEARWORKS A,INDUSTRIALS,7
GECO,CONSUMER STAPLES,7
GECO A,CONSUMER STAPLES,7
GEETOO TECHNOLOGY,INFORMATION TECHNOLOGY,7
GEEWA A,INFORMATION TECHNOLOGY,7
GEIS CZ,INDUSTRIALS,7
GELATIAMO EIS CAFE S R,CONSUMER STAPLES,7
GELTSCHBERG S R,NOT RELEVANT,7
GEM SYSTEM A,INFORMATION TECHNOLOGY,7
GEMAX S R,CONSUMER DISCRETIONARY,7
GEN S R,REAL ESTATE,7
GENERAL TECHNOLOGIES A,CONSUMER DISCRETIONARY,7
GENESI TRADE S.R.O. V,REAL ESTATE,7
GENETICS S R,CONSUMER STAPLES,7
GENETRIX S R,MATERIALS,7
GENGELA S R,INDUSTRIALS,7
GENTEC CHP S R,INDUSTRIALS,7
GEO S R,INDUSTRIALS,7
GEO S R O ORGANIZACNI,INDUSTRIALS,7
GEOSTAV SPOL S R,INDUSTRIALS,7
GEPARD FINANCE A,INDUSTRIALS,7
GEPARD LIVING A,NOT RELEVANT,7
GEPS,CONSUMER DISCRETIONARY,7
"GERA, export import, spol. s",INDUSTRIALS,7
GERHARD HOREJSEK A SPOL S R,CONSUMER DISCRETIONARY,7
GERIMO,NOT RELEVANT,7
GERZOVA EVA,NOT RELEVANT,7
GES ASSET HOLDING CONSOLID,REAL ESTATE,7
"GES ASSET HOLDING,",INDUSTRIALS,7
GESTAMP LOUNY S R,CONSUMER DISCRETIONARY,7
GETRONICS (CZECH REPUBLIC),NOT RELEVANT,7
GETURA PLUS SPOL S R,INDUSTRIALS,7
GFR DITTRICHOVA 20,NOT RELEVANT,7
GFR KE KARLOVU 19,REAL ESTATE,7
GGT CZ A,CONSUMER STAPLES,7
GHC GENETICS S R,HEALTH CARE,7
GIBB EWAN KINSEY,NOT RELEVANT,7
GIFF A,MATERIALS,7
GIGI S R,REAL ESTATE,7
GIPSCON S R,INDUSTRIALS,7
GISAL S R,FINANCIALS,7
GIT CONSULT CZECH S R,INDUSTRIALS,7
"GITY - NETTRADE, SPOL. S",NOT RELEVANT,7
GIULIO ROMANO S R,NOT RELEVANT,7
"GJ 965, 966",REAL ESTATE,7
GJONAJ LUZ,NOT RELEVANT,7
GJW PRAHA SPOL S R,INDUSTRIALS,7
GKR HOLDING A S,INDUSTRIALS,7
GLACIER DEVELOPMENT A,FINANCIALS,7
GLAMOUR DISTRIBUCE A,CONSUMER DISCRETIONARY,7
GLASFABRIK KVETNA,CONSUMER DISCRETIONARY,7
GLASSOR S R,ENERGY,7
GLAZURA S R,MATERIALS,7
GLENMARK PHARMACEUTICALS S R,HEALTH CARE,7
GLETA,NOT RELEVANT,7
GLOBAL A,INDUSTRIALS,7
GLOBAL ASSETS S R,REAL ESTATE,7
GLOBAL ELEKTRO S R,CONSUMER DISCRETIONARY,7
GLOBAL ENERGY INVESTMENTS A,UTILITIES,7
GLOBAL STORAGE IMMO S R,UTILITIES,7
GLOBAL TRAVEL SPOL S R,FINANCIALS,7
GLOBUS CR,CONSUMER STAPLES,7
GLOSER,NOT RELEVANT,7
GLOVIS CZECH REPUBLIC S R,CONSUMER DISCRETIONARY,7
GLUCOPHARMA S R,MATERIALS,7
"GMMS, spol. s",NOT RELEVANT,7
GO PARKING S R,INDUSTRIALS,7
GO STEEL,MATERIALS,7
GOLD,NOT RELEVANT,7
GOLD PRALINES S R,CONSUMER STAPLES,7
GOLDBECK PREFABETON S R,MATERIALS,7
GOLDEN CITY SPOL S R,CONSUMER DISCRETIONARY,7
GOLDEN GATE CZ A,INDUSTRIALS,7
GOLDFEIN CZ S R,CONSUMER STAPLES,7
GOLDTIME,CONSUMER DISCRETIONARY,7
GOLF CLUB U HRADECKU S R,CONSUMER DISCRETIONARY,7
GOLSPIE TRADE S R,REAL ESTATE,7
"GONDRAND,",INDUSTRIALS,7
GOODMILLS CESKO S R,CONSUMER STAPLES,7
GOODPRO S R,CONSUMER DISCRETIONARY,7
GORENJE REAL SPOL S R,NOT RELEVANT,7
GORFIGON S R,REAL ESTATE,7
GORIN GORIN S R,CONSUMER DISCRETIONARY,7
GORISEK RADOVAN ZELJKO,NOT RELEVANT,7
GORMA S R,REAL ESTATE,7
GORSTELLO A,REAL ESTATE,7
GOTTWALD,NOT RELEVANT,7
GPD,CONSUMER DISCRETIONARY,7
GPM ENGINEERING S R,CONSUMER STAPLES,7
GRADE A S POBOCKA CESKA REPUBLI,INDUSTRIALS,7
GRAFICKA 14 S R,REAL ESTATE,7
GRAFOBAL BOHEMIA S R,MATERIALS,7
GRAFOBAL CZ,CONSUMER STAPLES,7
GRAMMER AUTOMOTIVE CZ S R,CONSUMER DISCRETIONARY,7
GRAN SASSO,CONSUMER STAPLES,7
"GRAND PARDUBICE, A.S., V",NOT RELEVANT,7
GRANDHOTEL PUPP KARLOVY VARY AKCIOV,NOT RELEVANT,7
GRANSON S R,INDUSTRIALS,7
GRAPO S R,INDUSTRIALS,7
"GRD servis,",COMMUNICATIONS,7
GREAT UNITED TRADING S R,CONSUMER DISCRETIONARY,7
GREEN COURT S R,NOT RELEVANT,7
GREEN ROVER S R,REAL ESTATE,7
GREENEX S R,UTILITIES,7
GREENLOGIQ A.S. V,NOT RELEVANT,7
"GRENA,",MATERIALS,7
GRENKELEASING,INDUSTRIALS,7
GRESHNYAKOV SERGEY,NOT RELEVANT,7
GRID HOLDING A,UTILITIES,7
GROCREDIT A,FINANCIALS,7
GROESSL,NOT RELEVANT,7
"GROLMAN,",INDUSTRIALS,7
GROUND S R,INFORMATION TECHNOLOGY,7
GROUP,CONSUMER STAPLES,7
GROUP,FINANCIALS,7
GROUP,INDUSTRIALS,42
GROUP,INFORMATION TECHNOLOGY,7
GROUP,REAL ESTATE,7
GROUP - HOLDING,INDUSTRIALS,7
GROUP 2016 S R,MATERIALS,7
GROUP A,COMMUNICATIONS,14
GROUP A,HEALTH CARE,7
GROUP A,INDUSTRIALS,119
GROUP A,MATERIALS,21
GROUP A,REAL ESTATE,7
GROUP BRUCK,ENERGY,7
GROUP ELMONT S R,INDUSTRIALS,7
GROUP EUROCLINICUM PARENT,HEALTH CARE,7
GROUP FRANCHISE S.R.O. V LIK,CONSUMER DISCRETIONARY,7
GROUP Geetoo,INFORMATION TECHNOLOGY,7
GROUP HOLDING A,INDUSTRIALS,7
GROUP HOLDING A,INFORMATION TECHNOLOGY,7
GROUP KOLKOVNA S R,CONSUMER DISCRETIONARY,7
GROUP N,COMMUNICATIONS,7
GROUP PROPERTY S R,INDUSTRIALS,7
GROUP S R,CONSUMER DISCRETIONARY,14
GROUP S R,INDUSTRIALS,28
GROUP S R,INFORMATION TECHNOLOGY,7
GROUP S R,MATERIALS,7
GROUP SE V,CONSUMER STAPLES,7
GROUP SPOL S R,MATERIALS,7
GROUP Skala Vaclav,REAL ESTATE,7
GROUP VIET,INDUSTRIALS,7
"GROUP,",UTILITIES,7
GRUBER LOGISTICS S R,INDUSTRIALS,7
GRUMANT S R,INDUSTRIALS,7
GRUNDSTUCKS S R,CONSUMER STAPLES,7
GS CALTEX CZECH S R,CONSUMER DISCRETIONARY,7
GSMOBILE GROUP A,NOT RELEVANT,7
GT PROGRES S R,INDUSTRIALS,7
GTS,INFORMATION TECHNOLOGY,7
GTS CENTRAL EUROPEAN,COMMUNICATIONS,7
GTS Central European Holding B.V.,INFORMATION TECHNOLOGY,7
GUIDEVISION S R,INFORMATION TECHNOLOGY,7
GULDEN S R,INDUSTRIALS,7
GUMARNY ZUBRI AKCIOVA,CONSUMER DISCRETIONARY,7
GUMOTEX,CONSUMER DISCRETIONARY,7
GUSTAV KINDT S R,CONSUMER STAPLES,7
GW A,INDUSTRIALS,7
GW FARMA S R,CONSUMER STAPLES,7
GW JIHOTRANS,INDUSTRIALS,7
GWL GROUP A,INDUSTRIALS,7
GYMNÁZIUM FOSTRA INTERNATIONAL,NOT RELEVANT,7
Gagarinova 2378/15,REAL ESTATE,7
"Gagarinova 2390/21,Sumperk",REAL ESTATE,7
Gagarinova 2408,REAL ESTATE,7
Gagarinova 938-941,REAL ESTATE,7
"Galandova 1232-1234,Praha",REAL ESTATE,7
Galasova 1744-1745,REAL ESTATE,7
"Gallasova 4,",REAL ESTATE,7
"Garland distributor,",INDUSTRIALS,7
"Garsys,",CONSUMER DISCRETIONARY,7
Gastro,CONSUMER DISCRETIONARY,7
Gebauer & Griller Kabeltechnik S.r.,CONSUMER DISCRETIONARY,7
"Gebauerova 17,",REAL ESTATE,7
Gen. Janouska,REAL ESTATE,7
Gen. Janouska 2818/10,REAL ESTATE,7
Gen. Svobody 144-146,REAL ESTATE,7
Generala Piky 2900,REAL ESTATE,7
Gerasimovova,REAL ESTATE,7
Gerresheimer Horsovsky Tyn spol. s,MATERIALS,7
"Gerska 18, 20,",REAL ESTATE,7
"Gerska 22,24,",REAL ESTATE,7
GiAv Services,INDUSTRIALS,7
Glazkovova,REAL ESTATE,7
Global EDO,REAL ESTATE,7
Global Energy Investments,UTILITIES,7
"Global Facility,",UTILITIES,7
Global Tungsten & Powders,MATERIALS,7
Gogolova 244,REAL ESTATE,7
Golden Gate,INDUSTRIALS,7
Golf Sokolov,CONSUMER DISCRETIONARY,7
Goncarovova 1508/2,REAL ESTATE,7
Gorazdova,REAL ESTATE,7
Gorazdova 1997/15,REAL ESTATE,7
"Gorazdova cp.1982, Praha",REAL ESTATE,7
Gorkeho 325/17,REAL ESTATE,7
"Gorkeho 47,",REAL ESTATE,7
Gorkeho 70/22,REAL ESTATE,7
Graffin,INDUSTRIALS,7
Graficka 865/46,REAL ESTATE,7
Green Control,INDUSTRIALS,7
"Green Energie vetrny park Bilcice,",NOT RELEVANT,7
GreenBuild,INDUSTRIALS,7
Greiner Real Estate TS,NOT RELEVANT,7
Grena real,REAL ESTATE,7
Group,CONSUMER DISCRETIONARY,7
Group,HEALTH CARE,7
Group,INDUSTRIALS,21
Gurtjevova,REAL ESTATE,7
H B STAVREAL S R,REAL ESTATE,7
H H ENERGY S R,MATERIALS,7
H H TECHNIKA SPOL S R,INDUSTRIALS,7
H R U S K A SPOL S R,CONSUMER STAPLES,7
H V S R,INDUSTRIALS,7
"H+ ortopedie,",HEALTH CARE,7
H. Salichove 1056/18,REAL ESTATE,7
"H2 CZ,",INDUSTRIALS,7
"HA.EM OSTRAVA,",MATERIALS,7
HAAS GROUP,MATERIALS,7
HABASKO,NOT RELEVANT,7
HADJIO S R,NOT RELEVANT,7
HADRBOLCOVA,NOT RELEVANT,7
HAGER BOHEMIA SPOL S R,CONSUMER DISCRETIONARY,7
HAGER PROJECT S R,CONSUMER DISCRETIONARY,7
HAGLEITNER HYGIENE CESKO S R,NOT RELEVANT,7
HAHN AUTOMATION GROUP CZECH REPUBLI,CONSUMER DISCRETIONARY,7
HAIR SERVIS GROUP S R,CONSUMER STAPLES,7
HAJEK A BOUSOVA SPOL S R,CONSUMER DISCRETIONARY,7
HAJEK SPOL S R,CONSUMER DISCRETIONARY,7
HAJIC,NOT RELEVANT,7
HAKO MB SPOL S R,NOT RELEVANT,7
HALL INDUSTRIES S R,INDUSTRIALS,7
HALLA,NOT RELEVANT,7
HAMER SPOL S R,INDUSTRIALS,7
HAMERNIK,MATERIALS,7
HAMMERING A,INDUSTRIALS,7
HAMR SPORT A,CONSUMER DISCRETIONARY,7
HAMRSKA RENATA,NOT RELEVANT,7
HANDICAP VYROBNI DRUZSTVO INVALIDU,INDUSTRIALS,7
HANJIN GLOBAL LOGISTICS EUROPE S,INDUSTRIALS,7
HANSCRAFT S R,CONSUMER DISCRETIONARY,7
HANUSOVICKA LESNI A,MATERIALS,7
HANWHA ADVANCED MATERIALS EUROPE,CONSUMER DISCRETIONARY,7
HANZA Mechanics Kunovice,INDUSTRIALS,7
"HANÁCKÁ ZEMEDELSKÁ,",CONSUMER STAPLES,7
HAPPICH CZ,CONSUMER DISCRETIONARY,7
HARING SNITA,CONSUMER DISCRETIONARY,7
HARPEN SON S R,CONSUMER DISCRETIONARY,7
HART - PIPE,MATERIALS,7
HARTING S R,INFORMATION TECHNOLOGY,7
HARTMAN,NOT RELEVANT,7
HARTRODT CZ S R,INDUSTRIALS,7
HARVESTICA,ENERGY,7
HASE SPOL.S R.O. V,CONSUMER DISCRETIONARY,7
HASIL A,INDUSTRIALS,7
HASPL A,INDUSTRIALS,7
HASSMANN GROUP,INDUSTRIALS,7
HATD AGRO VIII A,CONSUMER STAPLES,7
"HATO,",CONSUMER DISCRETIONARY,7
HATZ CZ S R,CONSUMER DISCRETIONARY,7
HAUK S R,CONSUMER DISCRETIONARY,7
HAUS,NOT RELEVANT,7
HAUSER SPOL S R,CONSUMER STAPLES,7
HAUSVATEROVA,NOT RELEVANT,7
HAVAS MEDIA CZECH REPUBLIC S R,CONSUMER DISCRETIONARY,7
HAVEL COMPOSITES CZ S R,CONSUMER DISCRETIONARY,7
HAVEL PARTNERS S R O ADVOKATNI KANC,INDUSTRIALS,7
HAVELKA,CONSUMER DISCRETIONARY,7
HAVETRANS S R,INDUSTRIALS,7
HAVI S R,INDUSTRIALS,7
HAVLENOVA,NOT RELEVANT,7
HAVLICEK,NOT RELEVANT,7
HAVLIK,NOT RELEVANT,7
HAVLUJ,NOT RELEVANT,7
HAVRANEK RADIM,NOT RELEVANT,7
HAWS PATRICIA ANN,NOT RELEVANT,7
HAY SQUARE HOUSE S R,REAL ESTATE,7
HAYES LEMMERZ ALUKOLA S R,NOT RELEVANT,7
HB GROUP FACILITY S R,INDUSTRIALS,7
HB SYSTEM S R,INFORMATION TECHNOLOGY,7
HBS CZ,INDUSTRIALS,7
HC S R,CONSUMER DISCRETIONARY,7
HC SLAVIA PRAHA A,CONSUMER DISCRETIONARY,7
HD WORKS,INDUSTRIALS,7
HEALTHCARE PROPERTIES LIMITED,HEALTH CARE,7
HEATEX CZECH REPUBLIC S R,INDUSTRIALS,7
HEATH DAVID ALLAN,NOT RELEVANT,7
HEAVY MACHINERY A,INDUSTRIALS,7
HEBERGER CZ S R,INDUSTRIALS,7
HEBIK OBYTNE VOZY S R,CONSUMER DISCRETIONARY,7
HEBIK TRANSPORT S R,INDUSTRIALS,7
HECHT MOTORS,CONSUMER DISCRETIONARY,7
HECHT MOTORS S R,CONSUMER DISCRETIONARY,7
HECKL,INDUSTRIALS,7
HEDERA ZIMA SPOL S R,MATERIALS,7
"HEDIN AUTOMOTIVE CZECH REPUBLIC, A.",CONSUMER DISCRETIONARY,7
HEDMARK A,CONSUMER STAPLES,7
HEEL,CONSUMER STAPLES,7
"HEINEKEN CR,S.R.O.",NOT RELEVANT,7
HEKU,NOT RELEVANT,7
HELI FOOD FRESH A,CONSUMER STAPLES,7
HELIA & PARTNERS,INDUSTRIALS,7
HELIA TRADE SPOL S R,NOT RELEVANT,7
HELIOS S R,REAL ESTATE,7
HELLMA GASTRONOMICKY SERVIS PRAHA,CONSUMER STAPLES,7
HELLUX ELEKTRA,NOT RELEVANT,7
HELUS S R,CONSUMER DISCRETIONARY,7
"HENIGO, Praha",REAL ESTATE,7
HENSEL S R,INDUSTRIALS,7
"HERA PROPERTY,",FINANCIALS,7
HERAKLION A,NOT RELEVANT,7
HERKUL A,INDUSTRIALS,7
HERLIN,MATERIALS,7
HERMES Schleifmittel GMBH obch,INDUSTRIALS,7
HERO CZECH S R,CONSUMER STAPLES,7
HERRMANN VOGEL SPOL S R,MATERIALS,7
HERST S R,ENERGY,7
HERZ S R,INDUSTRIALS,7
HESKET S R,INDUSTRIALS,7
"HESTI, spol. s r.",CONSUMER DISCRETIONARY,7
HET SPOL S R,MATERIALS,7
HETTICH CR K,INDUSTRIALS,7
HEUNISCH BRNO S R,MATERIALS,7
HEUREKA BIDCO,INFORMATION TECHNOLOGY,7
"HEVLÍN, SPOL. S",NOT RELEVANT,7
HEXPOL Compounding Lesina s.r.,MATERIALS,7
HGN POWER CZ S R,UTILITIES,7
HI-GASTRO stainless,INDUSTRIALS,7
HIBERNIA S R,CONSUMER DISCRETIONARY,7
HILLBER CHEMICALS S.R.O. V,NOT RELEVANT,7
HIPP CZECH S R,NOT RELEVANT,7
HITA plast,MATERIALS,7
HK SPOL S R,CONSUMER DISCRETIONARY,7
"HK-Placky, Maxe Maleho 240",REAL ESTATE,7
HL INVESTMENT SOLUTIONS S R,INDUSTRIALS,7
HLAVACEK A,CONSUMER DISCRETIONARY,7
HLAVACEK DEVELOPMENT A,CONSUMER DISCRETIONARY,7
HLINSKO A,CONSUMER STAPLES,7
HLOUSEK,NOT RELEVANT,7
"HLUCÍN,",CONSUMER STAPLES,7
HM S R,CONSUMER DISCRETIONARY,7
HM S R,CONSUMER STAPLES,7
HMB SPOL S R,INDUSTRIALS,7
HMWG S R,CONSUMER DISCRETIONARY,7
HN LOGISTIC SYSTEMS,NOT RELEVANT,7
HN89,REAL ESTATE,7
HNAECO,NOT RELEVANT,7
HNIDEK TRANSPORT A,INDUSTRIALS,7
HNP INVEST A,INDUSTRIALS,7
HOB CERTEC S R,NOT RELEVANT,7
"HOBES, spol. s",INDUSTRIALS,7
HOBRA - SKOLNIK,MATERIALS,7
HOCHTIEF CZ A,INDUSTRIALS,7
"HOCO BAUELEMENTE, SPOL. S R.O. V LI",MATERIALS,7
HODONIN A,INDUSTRIALS,7
HODOSCOOP S R,FINANCIALS,7
HOFMANN WIZARD S R,INDUSTRIALS,7
"HOGG ROBINSON, S.R.O. (CZ)",CONSUMER DISCRETIONARY,7
HOKR SPOL S R,NOT RELEVANT,7
HOLBORN GROUP S R,INDUSTRIALS,7
"HOLCIM (CESKO),",MATERIALS,7
HOLDING,CONSUMER STAPLES,7
HOLDING,INDUSTRIALS,28
HOLDING,UTILITIES,7
HOLDING A,COMMUNICATIONS,7
HOLDING A,CONSUMER DISCRETIONARY,21
HOLDING A,HEALTH CARE,7
HOLDING A,INDUSTRIALS,91
HOLDING A,MATERIALS,7
HOLDING A,REAL ESTATE,14
HOLDING A,UTILITIES,14
HOLDING B V,MATERIALS,7
HOLDING CESKA REPUBLIKA A,UTILITIES,7
"HOLDING DT,",MATERIALS,7
HOLDING INTERNATIONAL S R,INDUSTRIALS,7
HOLDING S R,CONSUMER DISCRETIONARY,21
HOLDING S R,CONSUMER STAPLES,7
HOLDING S R,INDUSTRIALS,35
HOLDING S.R.O. V,INDUSTRIALS,7
HOLDING SPOL S R,INDUSTRIALS,7
"HOLDING,",INDUSTRIALS,7
HOLECEK RENE,NOT RELEVANT,7
HOLESINSKY,NOT RELEVANT,7
HOLIK INTERNATIONAL S R,CONSUMER DISCRETIONARY,7
HOLLANDIA KARLOVY VARY S R,CONSUMER STAPLES,7
HOLLEN CZ S R,CONSUMER DISCRETIONARY,7
HOLOUBEK PROTECT,INDUSTRIALS,7
HOLY,NOT RELEVANT,7
HOMEBRANDS A,MATERIALS,7
HON,MATERIALS,7
HON A,CONSUMER DISCRETIONARY,7
HON KOVO S R,INDUSTRIALS,7
HONZIKOVA ALEXANDRA,NOT RELEVANT,7
HOPAX,MATERIALS,7
HOPI,INDUSTRIALS,7
HOPR TRADE CZ S R,MATERIALS,7
HOREJSEK AUTOLEASING LITOM,CONSUMER DISCRETIONARY,7
HORKA,NOT RELEVANT,7
HORMEN CE,CONSUMER DISCRETIONARY,7
HORNBACH BAUMARKT CS SPOL S R,CONSUMER DISCRETIONARY,7
HORNICKA NEMOCNICE S POLIKLINIKOU,HEALTH CARE,7
HORNICKA POLIKLINIKA S R,HEALTH CARE,7
HORSKY AREAL PAPRSEK S R,CONSUMER DISCRETIONARY,7
HORST POPPEL SPEDITION LOGISTIK UND,NOT RELEVANT,7
HORVATH,NOT RELEVANT,7
"HORÁKOVA BENÁTECKÁ SODOVKÁRNA,",NOT RELEVANT,7
HOSHI A.S. V,NOT RELEVANT,7
HOSNA,NOT RELEVANT,7
HOSPITALS PROPERTY S R,HEALTH CARE,7
HOSPODARSKY HOLDING S R,CONSUMER STAPLES,7
"HOTEL PRAGUE, SPOL. S",NOT RELEVANT,7
HOTELS A,REAL ESTATE,7
HOUSE UNITS S R,FINANCIALS,7
HOZNOUR,INDUSTRIALS,7
HP TREND S R,INDUSTRIALS,7
HP TRONIC ZLIN SPOL S R,CONSUMER DISCRETIONARY,7
HPI LYSINY S R,INDUSTRIALS,7
HQ SOLAR S R,NOT RELEVANT,7
HR Retail SV,REAL ESTATE,7
HRACHOVEC,NOT RELEVANT,7
HRADECKA LESNI A DREVARSKA SPOLECNO,NOT RELEVANT,7
HRADIL,NOT RELEVANT,7
HRADILEK,NOT RELEVANT,7
HRADILOVA DANUSE,CONSUMER DISCRETIONARY,7
HRAL S R,INDUSTRIALS,7
HRALstav,INDUSTRIALS,7
HRDINOVA PEKARKOVA,NOT RELEVANT,7
HRDLICKA,NOT RELEVANT,7
HROMADKO,NOT RELEVANT,7
HRUSKA,CONSUMER STAPLES,7
HSCZ STRATEGIC LAND S R,REAL ESTATE,7
HSE SPOL S R,INDUSTRIALS,7
HSF,INDUSTRIALS,7
HSH,MATERIALS,7
HSH CHEMIE S R,MATERIALS,7
HSS TRADE S R,NOT RELEVANT,7
"HSS,",NOT RELEVANT,7
"HTCZ S.R.O., V",CONSUMER DISCRETIONARY,7
HTK A,INDUSTRIALS,7
HTL SERVIS spol. s,REAL ESTATE,7
HUAWEI TECHNOLOGIES CZECH S R,INFORMATION TECHNOLOGY,7
HUBACEK,NOT RELEVANT,7
HUBTEX CZ,INDUSTRIALS,7
HUCIKOVA,NOT RELEVANT,7
HUDECEK NOVOTNY,CONSUMER STAPLES,7
HUJNAK,NOT RELEVANT,7
HULKER EUROPE DISTRIBUTION S R,CONSUMER DISCRETIONARY,7
HULMAN KOVOSROT S R,INDUSTRIALS,7
HULVA,NOT RELEVANT,7
HUM SPOL S R,CONSUMER STAPLES,7
HUMANIC CZ SPOL S R,CONSUMER DISCRETIONARY,7
HUMPOLECKE STROJRNY HUMPOLEC,INDUSTRIALS,7
HUNGARIAN TRANSPORT CZ S.R.O. V,NOT RELEVANT,7
HUNSGAS,CONSUMER DISCRETIONARY,7
HURRICANE FACTORY PRAHA S R,CONSUMER DISCRETIONARY,7
HUSKY CZ S R,CONSUMER DISCRETIONARY,7
HUSTY FILIP,NOT RELEVANT,7
HUTNI MONTAZE A,INDUSTRIALS,7
HUTNI PROJEKT Frydek-Mistek,REAL ESTATE,7
HVC,UTILITIES,7
HVIZDALA,NOT RELEVANT,7
HVM PLASMA SPOL S R,INDUSTRIALS,7
"HYBERNIA PALACE,",REAL ESTATE,7
"HYBLER TEXTIL,",NOT RELEVANT,7
HYDRO-PUR,INDUSTRIALS,7
"HYDROGEN,",MATERIALS,7
HYDROSYSTEM PROJECT A,NOT RELEVANT,7
HYKS,NOT RELEVANT,7
HYPERON ADVISORY S R,INDUSTRIALS,7
HYPERSTAVEBNINY CASTLE S R,REAL ESTATE,7
HYPOXIA GROUP S R,INDUSTRIALS,7
HYPS,NOT RELEVANT,7
HZCONSULT S R,INDUSTRIALS,7
"HZT Technik - servis,",INDUSTRIALS,7
"Habrova 2933,Frydek-Mistek",REAL ESTATE,7
Habrova 450,REAL ESTATE,7
"Halex - Schauenberg, ocelove",INDUSTRIALS,7
"Halkova 300, 302",REAL ESTATE,7
Hamry 559 - 561,REAL ESTATE,7
Hanhart Morkovice,INDUSTRIALS,7
Hany Kvapilove 1566/11,REAL ESTATE,7
HardWood338LM,HEALTH CARE,7
Hardwood VetCare,HEALTH CARE,7
"Harfa Holding,",INDUSTRIALS,7
Harmonelo Factory,CONSUMER STAPLES,7
"Harmonie domova,",REAL ESTATE,7
"Harmonie, Piskova 1950-1955",REAL ESTATE,7
"Harrachov 466, 467",REAL ESTATE,7
Hasik,INDUSTRIALS,7
"Haskova 6,",REAL ESTATE,7
Haskova 663,REAL ESTATE,7
Haskova 664,REAL ESTATE,7
"Haskova 665,",REAL ESTATE,7
Haskova 666,REAL ESTATE,7
"Hastalska 754, Praha",REAL ESTATE,7
Haughey Natalia,INDUSTRIALS,7
Hauk Kymlicka,INDUSTRIALS,7
Hava,INDUSTRIALS,7
"Havirovská teplárenská spolecnost,",UTILITIES,7
Havlickova 1280-1283,REAL ESTATE,7
Havlickova 1388-1389,REAL ESTATE,7
Hebik,INDUSTRIALS,7
"Hefaistos Property,",REAL ESTATE,7
Heim Trade,MATERIALS,7
Hennerova 225/11,REAL ESTATE,7
"Hermankova 55,",REAL ESTATE,7
"Hermanova 559,Praha",REAL ESTATE,7
Hertz Autopujcovna,FINANCIALS,7
"Hestia Property,",REAL ESTATE,7
Heureka,COMMUNICATIONS,7
"Heyrovskeho 13-17,",REAL ESTATE,7
Heyrovskeho 1609-1610,REAL ESTATE,7
"Heyrovskeho 396-398,Olomouc",REAL ESTATE,7
Hitachi Automotive Systems Cze,CONSUMER DISCRETIONARY,7
Hlavinka Vladimir,UTILITIES,7
"Hlavni 658-659,",REAL ESTATE,7
Hlavni 681,REAL ESTATE,7
"Hlavni 88,",REAL ESTATE,7
"Hlavni 89,",REAL ESTATE,7
"Hlavni c.p. 71,",REAL ESTATE,7
Hledsebska 2779,REAL ESTATE,7
Hliniky 512,REAL ESTATE,7
Hlubina Ostrava -,REAL ESTATE,7
Hlubocinka,REAL ESTATE,7
Hnevkovskeho 1387,REAL ESTATE,7
"Hnezdenska 583-585,Praha",REAL ESTATE,7
"Hoblikova 10,",REAL ESTATE,7
"Hodoninska 983/41,",REAL ESTATE,7
"Hoffmann Investments,",REAL ESTATE,7
"Hogerova 814, 815 - Praha",REAL ESTATE,7
"Holandska 11,",REAL ESTATE,7
"Holandska 2718/9,",REAL ESTATE,7
"Holasicka 1162/8,",REAL ESTATE,7
Holding,INDUSTRIALS,14
"Holding,",INDUSTRIALS,7
"Holeckova 69, Praha",REAL ESTATE,7
Holedec c.p.,REAL ESTATE,7
Holesov,REAL ESTATE,14
"Holoubkov 24,25",REAL ESTATE,7
Holovcak Vaclav,INDUSTRIALS,7
"Honeywell, spol. s",INFORMATION TECHNOLOGY,7
Honor Technologies (Czech),INFORMATION TECHNOLOGY,7
Horacke autodruzstvo,CONSUMER DISCRETIONARY,7
Horizont,REAL ESTATE,7
Horni,REAL ESTATE,14
Horni 650/13,REAL ESTATE,7
Horni 651/15,REAL ESTATE,7
Horni Lomna 126,REAL ESTATE,7
Horni Lomna 127,REAL ESTATE,7
Hornicka 1273 a 1274,REAL ESTATE,7
"Hornicka 1283-1284,",REAL ESTATE,7
"Hornicka 1726/3,Cesky Tesin",REAL ESTATE,7
"Hornicka 2474-2476, Ú.n.L",REAL ESTATE,7
"Hornicka 618, Rtyne",REAL ESTATE,7
Hornopolni,REAL ESTATE,14
"Horousanska 234,Nehvizdy",REAL ESTATE,7
"Horova 942,943,",REAL ESTATE,7
Horska 1733 Roznov,REAL ESTATE,7
"Hospitals CZ,",HEALTH CARE,7
Hosticka Vaclav,CONSUMER DISCRETIONARY,7
Hostivarske zahrady B,REAL ESTATE,7
Hota Grzegorz,INDUSTRIALS,7
Hotel Liberec,REAL ESTATE,7
Hotels by HR Pilsen,CONSUMER DISCRETIONARY,7
Hoteltime Solutions,REAL ESTATE,7
"Hotely,",CONSUMER DISCRETIONARY,7
Hovorcovicka,REAL ESTATE,7
Howden CKD Compressors,INDUSTRIALS,7
Hrabinska 1535/23A,REAL ESTATE,7
Hradec,REAL ESTATE,7
"Hradecka 1101-1104,",REAL ESTATE,7
Hradecka 412,REAL ESTATE,7
Hradistska 8 v,REAL ESTATE,7
"Hranicni 19-22,",REAL ESTATE,7
Hrbacek Kamil,CONSUMER DISCRETIONARY,7
Hrebecska 2591-93,REAL ESTATE,7
"Hromuvka 1890, 1891",REAL ESTATE,7
Hrubeho,REAL ESTATE,7
"Hruskova 444-445,Domazlice",REAL ESTATE,7
"Huhtamaki Ceska republika,",NOT RELEVANT,7
Humpolec Nutzfahrzeuge,INDUSTRIALS,7
Hunter Douglas Kadan,MATERIALS,7
Huntirov 306,REAL ESTATE,7
Hurko,REAL ESTATE,7
"Husa 36, Pacerice",REAL ESTATE,7
"Husitska 174/27,",REAL ESTATE,7
"Husitska 369/9, Fr.lazne",REAL ESTATE,7
Husova,REAL ESTATE,7
Husova 1143/5 v Opave,REAL ESTATE,7
"Husova 2426-2431,",REAL ESTATE,7
"Husova 2645, 2646",REAL ESTATE,7
"Husova 310-311,",REAL ESTATE,7
"Husova 332, Dobrovice",REAL ESTATE,7
Husova 533/9,REAL ESTATE,7
"Husova 540-541, Rajhrad",REAL ESTATE,7
"Husova 976, Jachymov",REAL ESTATE,7
"Hutnicka 5290-91,",REAL ESTATE,7
Hutnik 1426-1432,REAL ESTATE,7
"Hybesova 1409,1410",REAL ESTATE,7
"Hybesova 26,28, Boskovice",REAL ESTATE,7
"Hybesova 6, Praha",REAL ESTATE,7
Hydra,INDUSTRIALS,7
"Hysly 143,144",REAL ESTATE,7
Hyundai auto Koutek,CONSUMER DISCRETIONARY,7
"Hébé Property,",INDUSTRIALS,7
I CS SPOL S R,CONSUMER STAPLES,7
I D T S S R,REAL ESTATE,7
I M O F A spol. s,CONSUMER DISCRETIONARY,7
I.P.Pavlova 858-859,REAL ESTATE,7
I.P.Pavlova 998-1003,REAL ESTATE,7
I.S.R.,CONSUMER DISCRETIONARY,7
IATD AGRO X A,CONSUMER STAPLES,7
IBA GROUP A,INFORMATION TECHNOLOGY,7
IBM CESKA REPUBLIKA SPOL S R,INFORMATION TECHNOLOGY,7
IBR CONSULTING S R,INDUSTRIALS,7
IC HOTELS A,NOT RELEVANT,7
IC SPEDITION,INDUSTRIALS,7
IC TRADE SPOL. S,MATERIALS,7
ICE CZECH LETNANY,NOT RELEVANT,7
ICELANDIC FISH S R,CONSUMER STAPLES,7
ICOM transport,INDUSTRIALS,7
ICU Medical Czech Republic,HEALTH CARE,7
"IDEAL-TRADE SERVICE, SPOL. S",INDUSTRIALS,7
IET-STAVBY S.R.O. V,INDUSTRIALS,7
IFCOR - KLINICKE LABORATORE,HEALTH CARE,7
IFIELD COMPUTER CONSULTANCY LIMITED,INDUSTRIALS,7
IFIS INVESTICNI FOND A,FINANCIALS,7
IFM GROUP,REAL ESTATE,7
IFRE PRECISION S R,REAL ESTATE,7
IGEAR S R,FINANCIALS,7
IGEFA-ROIN,CONSUMER DISCRETIONARY,7
IGM S R,CONSUMER STAPLES,7
IGRO S R,INDUSTRIALS,7
IGS trading,CONSUMER STAPLES,7
II S R,NOT RELEVANT,7
IIK GROUP,INDUSTRIALS,7
"IKEA Ceska republika,",CONSUMER DISCRETIONARY,7
IKOV TRADE A,INDUSTRIALS,7
ILIOS S R,UTILITIES,7
IMCO S R,CONSUMER STAPLES,7
IMCOPHARMA A,HEALTH CARE,7
IMETAL S R,INDUSTRIALS,7
IMF,INDUSTRIALS,7
IMG,INDUSTRIALS,7
IMG BYTY S R,REAL ESTATE,7
IMI INTERNATIONAL S R,INDUSTRIALS,7
IMMO,NOT RELEVANT,7
IMMO REAL S R,CONSUMER DISCRETIONARY,7
IMMOBILIEN BOHEMIA S R,INDUSTRIALS,7
IMMOBILIEN S R,INDUSTRIALS,7
IMO - STAR 98,REAL ESTATE,7
IMOBA A,HEALTH CARE,7
IMOC S R,CONSUMER DISCRETIONARY,7
IMOS BRNO A,INDUSTRIALS,7
IMP S R,REAL ESTATE,7
IMPERIAL BRANDS CR S R,CONSUMER STAPLES,7
IMPERIAL KARLOVY VARY A,CONSUMER DISCRETIONARY,7
IMPORT AC S R,CONSUMER STAPLES,7
IMPORTEX CZECH A,CONSUMER STAPLES,7
"IMPRESA, SPOL. S R.O. V",CONSUMER DISCRETIONARY,7
IMPROMAT COMPUTER S R,INFORMATION TECHNOLOGY,7
IMPROMAT INT,INFORMATION TECHNOLOGY,7
"IMPROMAT INT.,S.R.O",NOT RELEVANT,7
IMPSA,INDUSTRIALS,7
IMPULS LEASING AUSTRIA S R,NOT RELEVANT,7
IN ENERGIE,UTILITIES,7
IN S R,CONSUMER DISCRETIONARY,7
IN STEEL S R,INDUSTRIALS,7
INAZ CZECH,INFORMATION TECHNOLOGY,7
INCINITY S R,INFORMATION TECHNOLOGY,7
INCOT SPOL S R,CONSUMER DISCRETIONARY,7
INCOT VEBA,CONSUMER DISCRETIONARY,7
INCOTECH S R,REAL ESTATE,7
INDEX NOSLUS S R,INDUSTRIALS,7
INDORAMA VENTURES MOBILITY BOHEMIA,MATERIALS,7
INDORAMA VENTURES MOBILITY MORAVIA,CONSUMER DISCRETIONARY,7
INDU-LIGHT PRAHA,INDUSTRIALS,7
INDUSTRIAL CAPITAL HOLDING A,MATERIALS,7
INDUSTRIAL MACHINE SERVICE,NOT RELEVANT,7
INDUSTRIES A,INDUSTRIALS,14
INDUSTRIES A,NOT RELEVANT,7
INDUSTRIES K,INDUSTRIALS,7
INDUSTRIES TABOR S R,INDUSTRIALS,7
INDUSTRY GROUP A,INDUSTRIALS,7
INDUSTRY INTERNATIONAL A,INDUSTRIALS,7
"INDUSTRY,",INDUSTRIALS,7
INELSEV,INDUSTRIALS,7
INFOS,INFORMATION TECHNOLOGY,7
ING MARTIN DIVISEK S R,ENERGY,7
ING ROSTISLAV STANEK,FINANCIALS,7
"ING. MATAS - SLÉVÁRNA STRASICE,",MATERIALS,7
INGATE,INDUSTRIALS,7
INGEA REALIZACE S R,MATERIALS,7
INGEA RECYKLACE S R,INDUSTRIALS,7
INN HOTELS,CONSUMER DISCRETIONARY,7
INN MANAGEMENT,CONSUMER DISCRETIONARY,7
"INNOMOTICS,",INDUSTRIALS,7
INNOVIA S R,NOT RELEVANT,7
INOVAT SE V,INDUSTRIALS,7
INPA,MATERIALS,7
INPO SPOL S R,CONSUMER DISCRETIONARY,7
INPROX SUMPERK S R,FINANCIALS,7
INPROX TABOR S R,REAL ESTATE,7
INS OFFICE S R,INDUSTRIALS,7
INSKY SPOL. S,NOT RELEVANT,7
INSPIRARE S R,MATERIALS,7
INSTA CZ S R,INDUSTRIALS,7
INSTALACE PRAHA SPOL S R,NOT RELEVANT,7
"INSTITUT EUROSCHOLA, Z.Ú.",NOT RELEVANT,7
INSTITUT KLINICKE A EXPERIMENTALNI,HEALTH CARE,7
INT S R,INFORMATION TECHNOLOGY,7
INTECO PTI,INDUSTRIALS,7
INTEGART CZ S R,INDUSTRIALS,7
INTEGRA PROGRESS VYROBNI,REAL ESTATE,7
INTEGRAZ CR,CONSUMER STAPLES,7
INTEGRAZ SPOL S R O PRO ZV ZAHORCI,CONSUMER STAPLES,7
INTEKA BRNO SPOL S R,INDUSTRIALS,7
INTEN GROUP S R,INDUSTRIALS,7
INTER - Padelky,REAL ESTATE,7
INTER AUTO CZ SPOL S R,CONSUMER DISCRETIONARY,7
INTER CARS CESKA REPUBLIKA S R,CONSUMER DISCRETIONARY,7
"INTER ELECTRONICS TRADE, A.S. V",NOT RELEVANT,7
INTER EXPRES servis,INDUSTRIALS,7
"INTER MOL TRADE, S.R.O. V",ENERGY,7
INTER SAT LTD ORGANIZACNI SLOZKA,INFORMATION TECHNOLOGY,7
INTERAGRO S R,CONSUMER STAPLES,7
INTERCOLOR AKCIOVA,CONSUMER DISCRETIONARY,7
INTERCONEX MOBIL A,CONSUMER STAPLES,7
INTERCONEX PLZEN A,REAL ESTATE,7
INTERCORA SPOL S R,REAL ESTATE,7
INTERFRACHT S R,NOT RELEVANT,7
INTERHOTEL OLYMPIK A,REAL ESTATE,7
INTERIORS S R,CONSUMER DISCRETIONARY,7
INTERIORS S R,INDUSTRIALS,7
INTERKOV SPOL S R,INDUSTRIALS,7
INTERLACTO,CONSUMER STAPLES,7
"INTERLACTO, SPOL. S",CONSUMER STAPLES,7
INTERMA AKCIOVA,INDUSTRIALS,7
INTERMONT KARLOVY VARY SPOL S R,INDUSTRIALS,7
INTERNATIONAL AG,CONSUMER DISCRETIONARY,7
INTERNATIONAL FINANCIONAL S R,NOT RELEVANT,7
INTERNATIONAL METAL SERVICE CR,MATERIALS,7
INTERNATIONAL S R,INDUSTRIALS,7
INTERNATIONAL S R,NOT RELEVANT,7
"INTERNATIONAL S.R.O. ""V",NOT RELEVANT,7
INTERNATIONAL SPOL S R,INDUSTRIALS,7
INTERNET HANDEL S R,CONSUMER DISCRETIONARY,7
"INTERPROJECT PRAHA, S.R.O., V",NOT RELEVANT,7
INTERSNACK A,CONSUMER STAPLES,7
INTERSNACK A,NOT RELEVANT,7
INTERSOFT - AUTOMATION,INDUSTRIALS,7
INTERSPORT CR S R,CONSUMER DISCRETIONARY,7
"INTERSTROJ,",INDUSTRIALS,7
INTERTRADE CS SPOL S R,REAL ESTATE,7
INTERWILD S R,INDUSTRIALS,7
"INTREND SPOL. S R.O., V",CONSUMER DISCRETIONARY,7
INTRUM CZECH S R,FINANCIALS,7
INVELT -,CONSUMER DISCRETIONARY,7
INVENTI DEVELOPMENT S R,INFORMATION TECHNOLOGY,7
INVEO CZ S R,INFORMATION TECHNOLOGY,7
INVEST,NOT RELEVANT,14
INVEST - Kamenictví,INDUSTRIALS,7
INVEST - Stavby a doprava,INDUSTRIALS,7
INVEST A,CONSUMER DISCRETIONARY,7
INVEST A,INDUSTRIALS,21
INVEST A,INFORMATION TECHNOLOGY,7
INVEST AG,INDUSTRIALS,7
INVEST GROUP A,INFORMATION TECHNOLOGY,7
INVEST S R,INDUSTRIALS,21
INVEST S R,REAL ESTATE,7
INVEST SICAV A,HEALTH CARE,7
INVEST SPOL S R,REAL ESTATE,7
INVEST TRADING S R,CONSUMER DISCRETIONARY,7
INVEST V O,CONSUMER STAPLES,7
INVEST XXX SPOL S R,REAL ESTATE,7
INVESTICNI SPOLECNOST A,MATERIALS,7
INVESTICNÍHO ROZVOJE A.S,NOT RELEVANT,7
INVESTKONZULT,NOT RELEVANT,7
INVESTMENT A,INDUSTRIALS,7
"INVESTMENT GEAR CZ S.R.O. ""V LIKVID",INFORMATION TECHNOLOGY,7
INVESTMENT GROUP A,COMMUNICATIONS,7
INVESTMENTS A,CONSUMER DISCRETIONARY,7
INVIA CZ A,CONSUMER DISCRETIONARY,7
IO PARTNERS CZECHIA S R,REAL ESTATE,7
IPB INVEST A,NOT RELEVANT,7
IPG Plasty,INDUSTRIALS,7
IPH SERVIS MORAVA S R,INDUSTRIALS,7
IPOS PS,INDUSTRIALS,7
IPRICE RECARE,CONSUMER DISCRETIONARY,7
IPSOS S R,INDUSTRIALS,7
IPVOIP S R,COMMUNICATIONS,7
IQ STRUCTURES,INDUSTRIALS,7
IQS,INDUSTRIALS,7
IR CONSTRUCTION S R,INDUSTRIALS,7
IRCE S R,INDUSTRIALS,7
IRESOFT S R,INFORMATION TECHNOLOGY,7
IROMEZ S R,UTILITIES,7
IRON STEEL GROUP S R,NOT RELEVANT,7
IRS network,COMMUNICATIONS,7
ISAN RADIATORY S R,INDUSTRIALS,7
ISC COMMUNICATION CZECH A,INDUSTRIALS,7
ISCARE,NOT RELEVANT,7
ISF CONSULTING S R,REAL ESTATE,7
ISIFA CEE S R,COMMUNICATIONS,7
"ISIT,",INFORMATION TECHNOLOGY,7
ISOLIT BRAVO SPOL S R,NOT RELEVANT,7
ISOTRA,INDUSTRIALS,7
ISP RETAIL S R,CONSUMER DISCRETIONARY,7
ISParking Servis spol. s,INDUSTRIALS,7
ISSO INZENYRSKE STAVBY SOKOLOV S,INDUSTRIALS,7
ISTYLE CZ S R,CONSUMER DISCRETIONARY,7
ISWM HOTEL CZ S R,CONSUMER DISCRETIONARY,7
ITALIAN - CZECH SERVICE,REAL ESTATE,7
ITALIAN RESIDENCE S.R.O. V,NOT RELEVANT,7
"ITALMEC, spol. s",REAL ESTATE,7
ITB TRANSITO S.R.O. V,NOT RELEVANT,7
"ITCE, SPOL.S.R.O. V",INDUSTRIALS,7
ITES spol. s,UTILITIES,7
ITIS Holding,INDUSTRIALS,7
"ITTEC,",NOT RELEVANT,7
IV S R,NOT RELEVANT,7
IVA DEDICOVA,NOT RELEVANT,7
IVA ROZTOKY S.R.O. V,NOT RELEVANT,7
IVACAR IVANCICE SPOL S R,CONSUMER DISCRETIONARY,7
IVAN,NOT RELEVANT,7
IVAN KUBOUSEK,INDUSTRIALS,7
IVAN RESL,NOT RELEVANT,7
IVF CLINIC A,HEALTH CARE,7
"IVJ - EXPORT/IMPORT, SPOL. S",NOT RELEVANT,7
IVT Tepelná ¿erpadla,CONSUMER DISCRETIONARY,7
IZOEKO S R,REAL ESTATE,7
IZOMAT,MATERIALS,7
IZOMAT STAVEBNINY S R,MATERIALS,7
"Idea nabytek,",CONSUMER DISCRETIONARY,7
Ignace Sustaly 1078,REAL ESTATE,7
Ignace Sustaly 1079,REAL ESTATE,7
Immo - Log - CZ Alpha,CONSUMER STAPLES,7
InTeFi Management,REAL ESTATE,7
Inauris,INDUSTRIALS,7
Industrial and Capital Holdin,MATERIALS,7
Infosys,INFORMATION TECHNOLOGY,7
"Infrastructure, a. s.",UTILITIES,7
Ing. Peter Ba¿ura,INDUSTRIALS,7
Ing. Petr Kratochvil,FINANCIALS,7
"Inst zdravotnich a soc ved, z.u.",INDUSTRIALS,7
Insurance agent,FINANCIALS,7
"Integraf,",INDUSTRIALS,7
Interior Systems,CONSUMER DISCRETIONARY,7
Interiors Pardubice,CONSUMER DISCRETIONARY,7
International Pharmaceutical Corpor,HEALTH CARE,7
"Interpharmac,",HEALTH CARE,7
Invia Group,CONSUMER DISCRETIONARY,7
Invinit Group,INFORMATION TECHNOLOGY,7
"Irdistribution,",INFORMATION TECHNOLOGY,7
"Iris Property,",CONSUMER DISCRETIONARY,7
Ivan Jesatko,CONSUMER DISCRETIONARY,7
Ivan Kubousek,INDUSTRIALS,7
J P T S R,INDUSTRIALS,7
J T SECURITIES MANAGEMENT,FINANCIALS,7
J TREAL ESTATE,CONSUMER STAPLES,7
J. A. Komenskeho 465-466,REAL ESTATE,7
J. Brabce,REAL ESTATE,7
J. C. P. spol. s,REAL ESTATE,7
"J. Capka 738-740,",REAL ESTATE,7
J. R. STEINDORFER BVT S.R.O. V,NOT RELEVANT,7
J. Trnky 69,REAL ESTATE,7
"J. Zizky 758, Uh.",REAL ESTATE,7
J.Bozana 3131-3133,REAL ESTATE,7
J.E.T. Trucking and Services,INDUSTRIALS,7
"J.Horejsiho 10,",REAL ESTATE,7
"J.Horejsiho 2788/8,",REAL ESTATE,7
"J.Hory 1288,",REAL ESTATE,7
J.Opletala 1 a,REAL ESTATE,7
"J.R.STEINDORFER, DOPRAVA A OBCHOD,",NOT RELEVANT,7
"J.Suka 1754-1756,",REAL ESTATE,7
J.Suka 1840,REAL ESTATE,7
J.Suka 1845,REAL ESTATE,7
"J.V. Sladka 700, V. n.",REAL ESTATE,7
J.Voskovce 3064-3065,REAL ESTATE,7
J.W.G S.R.O. V,NOT RELEVANT,7
JABOR,NOT RELEVANT,7
JACER CZ A,MATERIALS,7
JAF HOLZ CZ,MATERIALS,7
JAF HOLZ SPOL S R,MATERIALS,7
JAG TRADE S R,CONSUMER DISCRETIONARY,7
JAGGY BRNO S R,HEALTH CARE,7
JAGGY PRAHA A,HEALTH CARE,7
JAGOS,NOT RELEVANT,7
JAKAB,NOT RELEVANT,7
JAKAL RENT S R,INDUSTRIALS,7
"JAKL KARVINA,",NOT RELEVANT,7
JAKUB,NOT RELEVANT,14
JALODVORSKA 1783,REAL ESTATE,7
JAMIMI ASSETS A,REAL ESTATE,7
JAMP,INDUSTRIALS,7
JAN,NOT RELEVANT,28
JAN BECHER-,CONSUMER STAPLES,7
JANA AMOSE KOMENSKEHO,NOT RELEVANT,7
JANCA,NOT RELEVANT,7
JANCA EMAS GROUP S R,CONSUMER DISCRETIONARY,7
JANCARKOVA,NOT RELEVANT,7
JANDEJSEK ZDENEK,CONSUMER STAPLES,7
JANDUS,NOT RELEVANT,7
JANECEK,NOT RELEVANT,7
JANEK,NOT RELEVANT,7
JANKOSTAV S R,INDUSTRIALS,7
JANKOVCOVA S R,REAL ESTATE,7
JANKOVSKY,NOT RELEVANT,7
JANKU,NOT RELEVANT,7
JANOUSEK ERZIK,NOT RELEVANT,7
JANOZA CZ S R,INDUSTRIALS,7
JANTAR PLZEN,INDUSTRIALS,7
JANTAR PLZEN S R,INDUSTRIALS,7
JAP INDUSTRIES S R,INDUSTRIALS,7
JAPO TRANSPORT S R,INDUSTRIALS,7
JAROMERICKA MLEKARNA A,CONSUMER STAPLES,7
JAROMIR GLISNIK,NOT RELEVANT,7
JAROSLAV,NOT RELEVANT,7
JAROSLAV KOSEK,INDUSTRIALS,7
JAROSLAV TRESNAK HOROVA,REAL ESTATE,7
JAROSLAVA KAUSCHITZOVA,INDUSTRIALS,7
"JAROV,",CONSUMER DISCRETIONARY,7
JARY,INDUSTRIALS,7
JARY S R,INDUSTRIALS,7
JASA TRANS S R,ENERGY,7
JASPO - AUTODOPRAVA,INDUSTRIALS,7
JASSOTRONIC SPOL. S,NOT RELEVANT,7
JATD AGRO XI A,CONSUMER STAPLES,7
JATECNÍ 4 A.S. V,REAL ESTATE,7
"JATKA LANSKROUN, S",CONSUMER STAPLES,7
JATKY CESKÝ BROD,CONSUMER STAPLES,7
JAVORICE A,NOT RELEVANT,7
JAVOROVA 606 S R,REAL ESTATE,7
JAW.cz,COMMUNICATIONS,7
JAWAUNION S R,INDUSTRIALS,7
JB STAVEBNI S R,INDUSTRIALS,7
JCC STROJNI DILNY S R,INDUSTRIALS,7
JE FINANCING S R,INDUSTRIALS,7
JEDNOTA SPOTREBNÍ DRUZSTVO V UHERSK,NOT RELEVANT,7
JELEN,NOT RELEVANT,7
JELICIC BRANKO,NOT RELEVANT,7
JELINEK,NOT RELEVANT,7
JEMAPOL S.R.O. V,FINANCIALS,7
JENIK,NOT RELEVANT,7
JENYS COMPANY S R,INDUSTRIALS,7
JEOVA,NOT RELEVANT,7
JERABEK,NOT RELEVANT,7
JEREMIASOVA INVEST S R,NOT RELEVANT,7
JEREMIASOVA S R,CONSUMER DISCRETIONARY,7
JEROME COLLOREDO MANNSFELD LESN,NOT RELEVANT,7
"JESENICE DEVELOPMENT,",FINANCIALS,7
JESETICKY,NOT RELEVANT,7
JET 3 DELTA II A,CONSUMER DISCRETIONARY,7
JETBEE,INDUSTRIALS,7
JETCON SPOL S R,INDUSTRIALS,7
JETI MODEL S R,INDUSTRIALS,7
JEVISOVICE A,NOT RELEVANT,7
JEZERO OOO S R,CONSUMER DISCRETIONARY,7
JF STROJE,INDUSTRIALS,7
JFD,INDUSTRIALS,7
JFD Real,REAL ESTATE,7
JH AUTODILY S R,CONSUMER DISCRETIONARY,7
JH TRANS,NOT RELEVANT,7
JHV PROPERTY ENGINEERING C,CONSUMER DISCRETIONARY,7
JHV PROPERTY S R,CONSUMER DISCRETIONARY,7
JICOR CZ,REAL ESTATE,7
JIFENG AUTOMOTIVE INTERIOR CZ S.R.O,CONSUMER DISCRETIONARY,7
JIHLAVA A,CONSUMER DISCRETIONARY,7
JIHLAVA A,CONSUMER STAPLES,7
JIHLAVA S R,CONSUMER STAPLES,7
JIHOCESKA OBALOVNA SPOL S R,MATERIALS,7
JIHOCESKA ZEMEDELSKA A,CONSUMER STAPLES,7
JIHOCESKA ZEMEDELSKA A S R,CONSUMER STAPLES,7
JIHOCESKY DRUBEZARSKY PODNIK S,CONSUMER STAPLES,7
JIHOCESKÁ CENTRÁLA CESTOVNÍHO RUCHU,NOT RELEVANT,7
JIHOMESTSKA SOCIALNI A,HEALTH CARE,7
JIHOSTROJ A,INDUSTRIALS,7
JIHOTECH SPOL S R,INDUSTRIALS,7
JIHOTRANS A,INDUSTRIALS,7
"JIKO Trans, spol. s",INDUSTRIALS,7
JIKOV FOSTRON,NOT RELEVANT,7
JIKOV GROUP,NOT RELEVANT,7
JIKOV TLAKOVA SLEVARNA,NOT RELEVANT,7
JILEK MOJMIR,NOT RELEVANT,7
JILOS HORKA S R,MATERIALS,7
JINDRICH,NOT RELEVANT,14
JINDRICH VALENTA - CONCEPT,CONSUMER DISCRETIONARY,7
JINDRICHUV HRADEC S R,INDUSTRIALS,7
JIP,CONSUMER STAPLES,7
JIP MAJETKOVA S R,REAL ESTATE,7
JIP PAPIRNY VETRNI A,NOT RELEVANT,7
JIP VYCHODOCESKA,CONSUMER STAPLES,7
JIP VYCHODOCESKA A,CONSUMER STAPLES,7
"JIPA CZ,",NOT RELEVANT,7
JIPOCAR GROUP,INDUSTRIALS,7
"JIPOCAR GROUP,",INDUSTRIALS,7
JIPR S R,NOT RELEVANT,7
JIRI,NOT RELEVANT,35
JIRI REJHON,NOT RELEVANT,7
JIRI SAMANEK,NOT RELEVANT,7
JIRMAN,NOT RELEVANT,7
JIROUT,NOT RELEVANT,7
JIRSAK,NOT RELEVANT,7
JISA JISOVA,CONSUMER DISCRETIONARY,7
JISA RENT CAR S R,INDUSTRIALS,7
JITONA A,MATERIALS,7
JIZDNY JZUKOWSKI,CONSUMER STAPLES,7
JIZERA INVEST S R,REAL ESTATE,7
JIZNI CECHY S R,INDUSTRIALS,7
JKZ BUCOVICE A,MATERIALS,7
JLF,CONSUMER DISCRETIONARY,7
JM,INFORMATION TECHNOLOGY,7
JM KLIMA S R,INDUSTRIALS,7
JMB AIRCRAFT S R,INDUSTRIALS,7
JMM CAPITAL SPOL S R,INDUSTRIALS,7
JNC HOLDING A,INDUSTRIALS,7
JOB AIR TECHNIC A,INDUSTRIALS,7
JOBS S R,CONSUMER DISCRETIONARY,7
JOCH GROUP S R,INDUSTRIALS,7
JOEL S R,INDUSTRIALS,7
JOHANN FRISCHEIS SPOL S R,MATERIALS,7
JOHNSON CONTROLS AUT. SOUCASTK,NOT RELEVANT,7
JOHNSON HEALTH TECH CZ SK A,CONSUMER DISCRETIONARY,7
JOPP Automotive,CONSUMER DISCRETIONARY,7
JOS TIMBER,NOT RELEVANT,7
JOSEF,NOT RELEVANT,21
JOSEF FILAK,CONSUMER STAPLES,7
JOSEF HÁJEK - AUTOOPRAVNA - NÁKUP A,NOT RELEVANT,7
JOSEF KEBRLE,INDUSTRIALS,7
JOSEF PETRAK,CONSUMER DISCRETIONARY,7
"JOVING,",INDUSTRIALS,7
JOXTY,CONSUMER STAPLES,7
JOYSON SAFETY SYSTEMS CZECH,CONSUMER DISCRETIONARY,7
JP SERVIS OIL S R,ENERGY,7
JPP SERVIS,CONSUMER DISCRETIONARY,7
JPSERVIS A,CONSUMER DISCRETIONARY,7
JRK CESKA REPUBLIKA S R,INDUSTRIALS,7
JS PETROL S R,ENERGY,7
JSF SLUZBY S R,UTILITIES,7
JSHG Transport,INDUSTRIALS,7
JSI DELTA S R,INDUSTRIALS,7
JSK INVEST,REAL ESTATE,7
"JSP,",INDUSTRIALS,7
JT FACILITY S R,INDUSTRIALS,7
JT INTERNATIONAL SPOL S R,CONSUMER STAPLES,7
JT INVEST GROUP S R,CONSUMER DISCRETIONARY,7
JTH HOLDING,REAL ESTATE,7
JTZE HORNI MOSTENICE,CONSUMER STAPLES,7
JTZE HORNI MOSTENICE S R,CONSUMER STAPLES,7
"JUBILEUM S.R.O. ""V",NOT RELEVANT,7
JUDR. PETR MACÁK,INDUSTRIALS,7
JULI MOTORENWERK S R,INDUSTRIALS,7
JUNGHEINRICH (CR),INDUSTRIALS,7
JUNK TRADE SPOL S R,MATERIALS,7
JUTA,CONSUMER DISCRETIONARY,7
JUVENES PRAHA A,REAL ESTATE,7
JW,REAL ESTATE,7
Jablonec nad Nisou_del,NOT RELEVANT,7
"Jablonecka 364-365,",REAL ESTATE,7
"Jablonska 383,",REAL ESTATE,7
"Jablonskeho 392,",REAL ESTATE,7
"Jablonskeho 395,",REAL ESTATE,7
"Jablunka 399, Jablunka",REAL ESTATE,7
Jablunkovska 411-413,REAL ESTATE,7
Jacobs Holding,CONSUMER STAPLES,7
Jahodnice 1285,REAL ESTATE,7
Jakimic Leon,CONSUMER DISCRETIONARY,7
Jaklin,CONSUMER STAPLES,7
Jaklovecka 992/4,REAL ESTATE,7
Jakoubek,INDUSTRIALS,7
"Jan Ficek Drevovyroba,",MATERIALS,7
Jan Hefner,INDUSTRIALS,7
Jan Zeleny,CONSUMER STAPLES,7
Jana Maluchy 193 a 194,REAL ESTATE,7
Jana Masaryka 829,REAL ESTATE,7
Jana Moravka 504,REAL ESTATE,7
Jana Palacha 1211/34,REAL ESTATE,7
"Jana Palacha 1750-51,Turnov",REAL ESTATE,7
Jana Uhra,REAL ESTATE,7
"Jana Zajice 966/2,Praha",REAL ESTATE,7
Janca Michal,CONSUMER DISCRETIONARY,7
Jancura Radim,INDUSTRIALS,7
Jandejsek Navratil,CONSUMER STAPLES,7
Jankaj Michal,NOT RELEVANT,7
"Janovskeho 1116, Praha",REAL ESTATE,7
Janskeho - Kurzova,REAL ESTATE,7
"Jarni 390/7,",REAL ESTATE,7
Jaromer Palackeho,REAL ESTATE,7
Jaroslava Jezka 1052-1055,REAL ESTATE,7
Jarovske Udoli,REAL ESTATE,7
"Jasanova 22, 24, 26,",REAL ESTATE,7
"Jaselska 1169,1170 a 1171",REAL ESTATE,7
"Jaselska 1611,",REAL ESTATE,7
"Jaselska 1613,",REAL ESTATE,7
"Jaselska 1974,",REAL ESTATE,7
Javorice,NOT RELEVANT,7
Jecna,REAL ESTATE,7
Jecna 858/1,REAL ESTATE,7
"Jednoduse raj,",REAL ESTATE,7
Jeníkovice,REAL ESTATE,7
"Jerabek & Vodrazka,",CONSUMER STAPLES,7
Jeremenkova 321-323,REAL ESTATE,7
"Jerome Travel,",CONSUMER DISCRETIONARY,7
"Jeronymova 395,",REAL ESTATE,7
Jesenicka - V Ochozu,REAL ESTATE,7
"Jesenicka 21,",REAL ESTATE,7
"Jesenicka 25,",REAL ESTATE,7
Jesenik nad Odrou 112,REAL ESTATE,7
Jesenius 65,REAL ESTATE,7
Jet,INDUSTRIALS,7
"Jet 2 Gamma,",REAL ESTATE,7
"Jet Investment,",FINANCIALS,7
Jet One,INDUSTRIALS,7
Jezirka,REAL ESTATE,7
Jezkova,REAL ESTATE,7
Jezov 246,REAL ESTATE,7
"Jihlavska 821, Praha",REAL ESTATE,7
Jihlavska cp. 612-616,REAL ESTATE,7
Jihozapadni drevarska,MATERIALS,7
"Jilemnickeho 2, 3,",REAL ESTATE,7
"Jilova 14,",REAL ESTATE,7
Jinek,CONSUMER DISCRETIONARY,7
Jinin,CONSUMER STAPLES,7
Jiranek Otakar,CONSUMER STAPLES,7
Jiraskova 210/2,REAL ESTATE,7
"Jiraskova 22,",REAL ESTATE,7
"Jiraskova 2239,",REAL ESTATE,7
Jiraskova 4206-4208,REAL ESTATE,7
"Jiraskova 46,",REAL ESTATE,7
"Jiraskova 572-573,",REAL ESTATE,7
"Jiraskova 815-816,Vamberk",REAL ESTATE,7
"Jiraskova 828,",REAL ESTATE,7
"Jiraskova,",REAL ESTATE,7
"Jiri Tosovský,",INDUSTRIALS,7
Jirsikova,REAL ESTATE,7
Jirska,REAL ESTATE,7
Jizerska 2924,REAL ESTATE,7
"Jizni 23,25,27,",REAL ESTATE,7
"Jizni 342-344, Straz",REAL ESTATE,7
"Jizni c.p. 1839,Ceska Lipa",REAL ESTATE,7
Joch,INDUSTRIALS,7
Josef Manner,CONSUMER STAPLES,7
Josef Susta,INDUSTRIALS,7
Josefa hory 2547,REAL ESTATE,7
Joy department,CONSUMER DISCRETIONARY,7
Jubilejni,REAL ESTATE,7
Jugoslavska,REAL ESTATE,7
"Jugoslavska 30,",REAL ESTATE,7
"Jungmannova 1402-1403,",REAL ESTATE,7
"Jureckova 2558/37,",REAL ESTATE,7
K,HEALTH CARE,7
"K Dolum 939 a 944, Praha",REAL ESTATE,7
K EURO S R,INDUSTRIALS,7
K F LIEGENSCHAFTSVERWALTUNGSGESELLS,FINANCIALS,7
K Hajku 2957,REAL ESTATE,7
K K TECHNOLOGY A,INDUSTRIALS,7
K Lukam 645/18,REAL ESTATE,7
K METAL S R,INDUSTRIALS,7
"K OIL KRECEK S.R.O., V",ENERGY,7
K Otocce 1877/22,REAL ESTATE,7
K Polabinam 1893-1895,REAL ESTATE,7
K S CZECH REPUBLIC A,MATERIALS,7
K STAV BRNO A,INDUSTRIALS,7
"K Sedlistim 352,",REAL ESTATE,7
"K Sokolovne 427,428,429",REAL ESTATE,7
"K Terezovu 2638,2639",REAL ESTATE,7
"K Zahradkam 993/9, Praha",REAL ESTATE,7
"K Zastavce 538, VnL",REAL ESTATE,7
"K. H. Borovskeho 617,",REAL ESTATE,7
K. Smidkeho 1822/7,REAL ESTATE,7
"K.Capka 1148,",REAL ESTATE,7
"K.H.Machy 1127, 1128,",REAL ESTATE,7
K24 International s . r.,INFORMATION TECHNOLOGY,7
K3 SPORT S.R.O._del,CONSUMER DISCRETIONARY,7
KABELOVNA DECIN PODMOKLY S R,INDUSTRIALS,7
KADLEC,NOT RELEVANT,7
KADOSFOREST,MATERIALS,7
KAFKA TRANSPORT A,INDUSTRIALS,7
KAFTAN CTIRAD,NOT RELEVANT,7
KAISER S R,MATERIALS,7
KALDERA,NOT RELEVANT,7
KALIBAN LUDVIK,NOT RELEVANT,7
KALKUS,NOT RELEVANT,7
KALLISTA ROBERT,INDUSTRIALS,7
KALNA ZUZANA,NOT RELEVANT,7
KAMAPLAST,INDUSTRIALS,7
KAMAT SPOL S R,INDUSTRIALS,7
KAMAX S R,CONSUMER DISCRETIONARY,7
KAMEN A PISEK SPOL S R,NOT RELEVANT,7
KAMENOLOMY CR S R,MATERIALS,7
KAMPA PARK SRO-PRAHA 8,NOT RELEVANT,7
KAN,CONSUMER DISCRETIONARY,7
KAN CHENG S R,CONSUMER STAPLES,7
KANADSKE SRUBY TABOR S R,REAL ESTATE,7
KANOK,NOT RELEVANT,7
KAPPA,INDUSTRIALS,7
"KAPPENBERGER + BRAUN, Elektro",INDUSTRIALS,7
KAPRAIN INDUSTRIAL HOLDING LIMITED,MATERIALS,7
KAPSCH BUSINESSCOM IOT SOLUTIONS,INFORMATION TECHNOLOGY,7
KAPSCH TELEMATIC SERVICES SPOL S,INDUSTRIALS,7
KAR GROUP,CONSUMER DISCRETIONARY,7
KAR-mobil,CONSUMER DISCRETIONARY,7
KARA TRUTNOV A,CONSUMER DISCRETIONARY,7
KARAONE S R,CONSUMER DISCRETIONARY,7
KARDEX,NOT RELEVANT,7
KARDIA,HEALTH CARE,7
KAREL,NOT RELEVANT,14
KAREL DVORAK - DOPRAVA SPOL.S,NOT RELEVANT,7
KAREL HAHN,INDUSTRIALS,7
KAREL HOLOUBEK TRADE GROUP A,UTILITIES,7
KARHANEK,NOT RELEVANT,7
KARIMO A S V,NOT RELEVANT,7
KARIMPEX A,NOT RELEVANT,7
KARLA SPOL S R,MATERIALS,7
KARLOVARSKA KORUNNI,CONSUMER STAPLES,7
KARLOVARSKA PROPERTY HOLDING S R,NOT RELEVANT,7
KARMA CESKY BROD A,CONSUMER DISCRETIONARY,7
KARMELITSKA HOTEL S R,NOT RELEVANT,7
KARMONIKA AERO,CONSUMER DISCRETIONARY,7
KARNED TOOLS S R,INDUSTRIALS,7
KARNOOL,INDUSTRIALS,7
KARO,CONSUMER DISCRETIONARY,7
KARO S R,NOT RELEVANT,7
KAROSERIA A,CONSUMER DISCRETIONARY,7
KAROUS,NOT RELEVANT,7
KARPEM A,INDUSTRIALS,7
KARPEM REALITY S R,CONSUMER DISCRETIONARY,7
KARPOSTAV A,INDUSTRIALS,7
"KARSIT,",CONSUMER DISCRETIONARY,7
"KARTA GROUP,",INDUSTRIALS,7
KARVINA A,INDUSTRIALS,7
KASAN,NOT RELEVANT,7
KASKÁDY,NOT RELEVANT,7
KASPAR,MATERIALS,7
KASPER KOVO S R,INDUSTRIALS,7
KASTEN SPOL S R,INDUSTRIALS,7
KATD AGRO XII A,CONSUMER STAPLES,7
KATR,MATERIALS,7
KATRING SPOL S R,CONSUMER DISCRETIONARY,7
KAUFLAND CESKA REPUBLIKA V O,CONSUMER STAPLES,7
KAUMY CZECHIA,CONSUMER STAPLES,7
KAUTEX TEXTRON BOHEMIA SPOL S R,CONSUMER DISCRETIONARY,7
KAYAK SEAGULL S R,CONSUMER DISCRETIONARY,7
KAYSER BERNDORF,CONSUMER DISCRETIONARY,7
KAYSER FILTERTECH CZECH REPUBLIC,NOT RELEVANT,7
KB SERVIS ELEKTRO S R,INDUSTRIALS,7
KCT DATA S R,INFORMATION TECHNOLOGY,7
KD SERVIS A,ENERGY,7
KDN SYSTEM,INDUSTRIALS,7
KDS STAVEBNI S R,INDUSTRIALS,7
KEBEK REAL S R,FINANCIALS,7
KEBEK S R,MATERIALS,7
KECL,NOT RELEVANT,7
KECLOVA,NOT RELEVANT,7
KEENNESS S R,NOT RELEVANT,7
"KEESTRACK - CZ, S. R.",INDUSTRIALS,7
KEIBEL MASCHINENBAU,INDUSTRIALS,7
"KEIMFARBEN,",INDUSTRIALS,7
KELIB F.G. TRANSPORT S.R.O. V,INDUSTRIALS,7
"KELLER-specialni zakladani,",INDUSTRIALS,7
KELLNER,NOT RELEVANT,7
KELT,REAL ESTATE,7
KEMIN CENTRAL EUROPE,INDUSTRIALS,7
KEMWER S R,NOT RELEVANT,7
KEN KOVO S R,NOT RELEVANT,7
KENSINGTON LIBEREC A,NOT RELEVANT,7
KENTICO SOFTWARE S R,INFORMATION TECHNOLOGY,7
"KENVELO CZ,",NOT RELEVANT,7
KENWEX A,NOT RELEVANT,7
KENZIA S R,NOT RELEVANT,7
KEPAK SPOL S R,INDUSTRIALS,7
"KERACLAY,",MATERIALS,7
"KERAIN,",REAL ESTATE,7
"KERAKAOLIN,",MATERIALS,7
KERAMOST A,MATERIALS,7
KERIM SPOL. S,CONSUMER STAPLES,7
KERKOVA REGINA,NOT RELEVANT,7
KERN,CONSUMER DISCRETIONARY,7
KERN LIEBERS CR SPOL S R,INDUSTRIALS,7
KERNOVA,NOT RELEVANT,7
KEROSIN S R,INDUSTRIALS,7
KERS S R,INDUSTRIALS,7
KESAT A,INDUSTRIALS,7
KEYTEC CESKE BUDEJOVICE S R,NOT RELEVANT,7
KGI GLOBAL INVESTMENTS A,FINANCIALS,7
KH servis,INFORMATION TECHNOLOGY,7
KHK S R,INDUSTRIALS,7
KHYPO,REAL ESTATE,7
KIA CZECH S R,CONSUMER DISCRETIONARY,7
"KIEKERT-CS,",NOT RELEVANT,7
KIMA TRANSPORT S R,INDUSTRIALS,7
KIMM Invest,REAL ESTATE,7
KIRTON A,NOT RELEVANT,7
KISWIRE CORD CZECH S R,CONSUMER DISCRETIONARY,7
KITL S R,CONSUMER STAPLES,7
KKCG REAL ESTATE GROUP A,REAL ESTATE,7
KKCG REAL ESTATE GROUP CON,REAL ESTATE,7
KKCG SERVICES,CONSUMER DISCRETIONARY,7
KKCG TECHNOLOGIES CONSOLID,INFORMATION TECHNOLOGY,7
KKCG TECHNOLOGIES S R,INFORMATION TECHNOLOGY,7
KL TECH S R,INDUSTRIALS,7
KLADNO S R,UTILITIES,7
KLADRUBSKA A,CONSUMER STAPLES,7
KLAS,NOT RELEVANT,7
KLAS NEKOR A,INDUSTRIALS,7
KLASTER A,CONSUMER STAPLES,7
KLASTER MELNIK S R,REAL ESTATE,7
KLATOVY A,INDUSTRIALS,7
KLATOVY S R,MATERIALS,7
KLAUS TIMBER,MATERIALS,7
KLEMENT,INDUSTRIALS,7
KLENOTY AURUM S R,CONSUMER DISCRETIONARY,7
"KLIFI, spol. s",CONSUMER DISCRETIONARY,7
KLIKA BP,INDUSTRIALS,7
KLIKA BP A,INDUSTRIALS,7
KLIMA S R,INDUSTRIALS,7
KLIMAK S R,INDUSTRIALS,7
KLIMASERVIS SUVA SPOL S R,INDUSTRIALS,7
"KLIMENTOV 94,95",REAL ESTATE,7
KLIMES,NOT RELEVANT,7
"KLIMEX CZ,",INDUSTRIALS,7
KLINER,NOT RELEVANT,7
KLINEROVA,NOT RELEVANT,7
KLING BOHEMIA S R,CONSUMER DISCRETIONARY,7
KLINIKA A,HEALTH CARE,7
KLINIKA CESKE BUDEJOVICE S R,HEALTH CARE,7
KLINIKA USTI NAD LABEM S R,HEALTH CARE,7
KLINIKA ZLÍN,HEALTH CARE,7
KLOBOUCKA LESNI S R,MATERIALS,7
KLOKOCKA,NOT RELEVANT,7
KLT CEE FOOD A S V,NOT RELEVANT,7
KLUB USTI NAD ORLICI SPOL S R,CONSUMER DISCRETIONARY,7
KLUB USTI NAD ORLICI Z,CONSUMER DISCRETIONARY,7
KMOTR MASNA KROMERIZ A,NOT RELEVANT,7
KNEBL,NOT RELEVANT,7
KNEZMOST KTBO S R,CONSUMER DISCRETIONARY,7
KNEZMOST S R,CONSUMER DISCRETIONARY,7
KNIVES A,INDUSTRIALS,7
KNOFLIKARSKY PRUMYSL ZIROVNICE A,CONSUMER DISCRETIONARY,7
KOBERCE BRENO,NOT RELEVANT,7
KOBIT,INDUSTRIALS,7
KOCH DIORIT,INDUSTRIALS,7
KOCIANKA REALITY A,NOT RELEVANT,7
KOCKA,NOT RELEVANT,7
KODAT,NOT RELEVANT,7
KODECAR SPOL S R,CONSUMER DISCRETIONARY,7
KOFING,INDUSTRIALS,7
KOFOLA,CONSUMER STAPLES,7
KOFOLA CESKOSLOVENSKO A,CONSUMER STAPLES,7
KOH I NOOR ENERGY S R,ENERGY,7
KOH I NOOR HARDTMUTH A,INDUSTRIALS,7
KOH I NOOR HARDTMUTH TRADE A,NOT RELEVANT,7
KOH-I-NOOR,INDUSTRIALS,7
"KOH-I-NOOR LPS S.R.O., V",CONSUMER DISCRETIONARY,7
"KOH-I-NOOR MASSAG,",INDUSTRIALS,7
KOHOUT,NOT RELEVANT,7
KOKINETICS S R,NOT RELEVANT,7
KOLAFA,NOT RELEVANT,7
KOLAR,NOT RELEVANT,14
KOLBEN CUBE S R,REAL ESTATE,7
KOLIBA,NOT RELEVANT,7
KOLIN A,INDUSTRIALS,7
KOLIN S R,INDUSTRIALS,7
KOLLER,NOT RELEVANT,7
KOLLEROVA PETRA,NOT RELEVANT,7
KOLMIL S R,INDUSTRIALS,7
KOLOMAZNIK,NOT RELEVANT,7
KOLOS MARKETING S R,NOT RELEVANT,7
KOLTEX COLOR S R,MATERIALS,7
KOMBINAT DOLNI ZANDOV SPOL S,CONSUMER STAPLES,7
KOMILO,INDUSTRIALS,7
KOMODITY CR S R,UTILITIES,7
KOMONSKI SLAWOMIR,NOT RELEVANT,7
KOMPONENTY,INDUSTRIALS,7
KOMPRS,NOT RELEVANT,7
KOMTERM,UTILITIES,7
KOMUNIKACI SIGMA spol. s,INDUSTRIALS,7
KOMWAG PODNIK CISTOTY A UDRZBY MEST,INDUSTRIALS,7
KONCAD CZ,INDUSTRIALS,7
KONEKA S R,INDUSTRIALS,7
"KONEKTEL,",INFORMATION TECHNOLOGY,7
KONEX OCEL,INDUSTRIALS,7
"KONFIN, S. R. O.",FINANCIALS,7
KONFRST,NOT RELEVANT,7
KONIGFRANKSTAHL S R,INDUSTRIALS,7
KONTAKTNI COCKY S R,CONSUMER DISCRETIONARY,7
KONTRON TRANSPORTATION S R,INFORMATION TECHNOLOGY,7
KONVERTIAL SPV A,REAL ESTATE,7
KOOPRODUKT A,CONSUMER STAPLES,7
KOPECEK,NOT RELEVANT,7
"KOPOS-OIL,S.R.O. V",ENERGY,7
KOPRIVA,NOT RELEVANT,7
KOPY TRUCK,INDUSTRIALS,7
KORADO A,INDUSTRIALS,7
"KORAMO,",NOT RELEVANT,7
KORDARNA A S V,MATERIALS,7
KORDCARBON A,CONSUMER DISCRETIONARY,7
KORDTRADE,NOT RELEVANT,7
"KORES PRAHA, spol. s",MATERIALS,7
KORLEA INVEST A S ORGANIZACNI SLOZK,ENERGY,7
KORUND BENATKY S R,MATERIALS,7
KORUNY CESKE S R,CONSUMER STAPLES,7
"KORYNA NABYTEK,",NOT RELEVANT,7
KOS WIRE EUROPE S R,MATERIALS,7
KOSMAS S R,CONSUMER DISCRETIONARY,7
"KOSTELECKE UZENINY,A.S.",CONSUMER STAPLES,7
"KOSTERA, J.K.FOOD",CONSUMER STAPLES,7
KOSTROMA,NOT RELEVANT,7
KOSUT CAPITAL HOLDING,COMMUNICATIONS,7
KOSUT CAPITAL HOLDING A,COMMUNICATIONS,7
KOTEK,NOT RELEVANT,7
KOTOUC,NOT RELEVANT,7
"KOTOUC STRAMBERK, spol. s",INDUSTRIALS,7
KOTRLA A,MATERIALS,7
"KOUBA TRANS,",INDUSTRIALS,7
KOUDELA,NOT RELEVANT,7
KOUDELKA,NOT RELEVANT,7
KOUSAL,NOT RELEVANT,7
KOUT CENTRUM SPOL S R,CONSUMER DISCRETIONARY,7
KOUTEK,CONSUMER DISCRETIONARY,7
KOUTEK,NOT RELEVANT,7
KOUTNY,NOT RELEVANT,7
KOVACIC PETER,NOT RELEVANT,7
KOVALCIK,NOT RELEVANT,7
KOVAR,NOT RELEVANT,7
KOVAR DISTRIBUCE S R,CONSUMER STAPLES,7
KOVAROVA,NOT RELEVANT,7
KOVAZ S R,INDUSTRIALS,7
KOVINTRADE PRAHA SPOL S R,MATERIALS,7
KOVO A,INDUSTRIALS,7
KOVO S R,INDUSTRIALS,7
"KOVODEMONT CZECH,",INDUSTRIALS,7
KOVOFINIS A,INDUSTRIALS,7
KOVOHUTE MNISEK A,NOT RELEVANT,7
KOVOKON POPOVICE S R,INDUSTRIALS,7
KOVOLIS HEDVIKOV A,CONSUMER DISCRETIONARY,7
KOVONA SYSTEM A,CONSUMER DISCRETIONARY,7
KOVONAX SPOL. S,NOT RELEVANT,7
"KOVOOBRÁBENÍ KBK,S.R.O.",INDUSTRIALS,7
KOVOS DRUZSTVO TEPLICE,INDUSTRIALS,7
KOVOSROT,NOT RELEVANT,7
KOVOSROT GROUP CZ A,INDUSTRIALS,7
KOVOSROT PRAHA A,NOT RELEVANT,7
"KOVOSTROJ PRIBRAM,",INDUSTRIALS,7
KOVOSVIT MAS MACHINE TOOLS A,INDUSTRIALS,7
"KOVOVÉ PROFILY, SPOL. S",NOT RELEVANT,7
KOZAK,NOT RELEVANT,7
KOZLOV,NOT RELEVANT,7
KP PLUS CT,CONSUMER DISCRETIONARY,7
KP PLUS FI,CONSUMER DISCRETIONARY,7
KP PLUS HD,CONSUMER DISCRETIONARY,7
KP PLUS JP,CONSUMER DISCRETIONARY,7
KP PLUS NS,CONSUMER DISCRETIONARY,7
KP PLUS OP,CONSUMER DISCRETIONARY,7
KP PLUS RENT,CONSUMER DISCRETIONARY,7
KP PLUS SU,CONSUMER DISCRETIONARY,7
KP PLUS TO,CONSUMER DISCRETIONARY,7
KPHN A,INDUSTRIALS,7
KPMG CESKA REPUBLIKA S R,FINANCIALS,7
KPP ENERGY,INDUSTRIALS,7
KPS INVEST A.S. V,FINANCIALS,7
"KPTECH,",INDUSTRIALS,7
KRAHULIK MASOZAVOD KRAHULCI A,NOT RELEVANT,7
KRAJCIR,NOT RELEVANT,7
KRAJNIK JAROSLAV,NOT RELEVANT,7
KRAJSKA NEMOCNICE A,HEALTH CARE,7
KRAJSKA SPRAVA A UDRZBA SILNIC STRE,INDUSTRIALS,7
KRAJSKA ZDRAVOTNI A,HEALTH CARE,7
"KRAJSKÉ NEMOCNICE, PRÍSPEVKOVÁ ORGA",NOT RELEVANT,7
KRAK-CHEM SP. Z O.O. - ORGANIZACNÍ,INDUSTRIALS,7
KRALOVA HELENA,NOT RELEVANT,7
KRALOVEHRADECKA LEKARNA A,CONSUMER STAPLES,7
KRALOVEHRADECKA PROVOZNI A,UTILITIES,7
KRALUPOL A,ENERGY,7
KRALUPY S R,INDUSTRIALS,7
KRAML,NOT RELEVANT,7
KRANNICH SOLAR S R,UTILITIES,7
KRASSA 2015 S R,CONSUMER DISCRETIONARY,7
KRATKA 703,REAL ESTATE,7
KRATOCHVILOVA BARBORA,NOT RELEVANT,7
KRAUS,INDUSTRIALS,7
KREANS S R,CONSUMER DISCRETIONARY,7
KREINER SPOL S R,MATERIALS,7
KRENK,NOT RELEVANT,7
KRESTANSKE CENTRUM NOVE ZACATKY O,NOT RELEVANT,7
KRISTIAN SPOL S R,NOT RELEVANT,7
KRIZÍKOVA 81,NOT RELEVANT,7
KRKONOSSKE VAPENKY KUNCICE A,NOT RELEVANT,7
"KRNOV,",NOT RELEVANT,7
KRODOS BUS A,INDUSTRIALS,7
KROFIAN CZ SPOL S R,INDUSTRIALS,7
KROHNE CZ SPOL S R,INDUSTRIALS,7
KROMERIZSKA NEMOCNICE A,HEALTH CARE,7
KRON SK CZ S R,MATERIALS,7
KRONMULLER KARL HEINZ STEPHAN,NOT RELEVANT,7
KROPACEK,NOT RELEVANT,7
KRPELAN,NOT RELEVANT,7
KRUBERT,MATERIALS,7
KRUMLOVAN,REAL ESTATE,7
KRÁSNO PRO,NOT RELEVANT,7
KS KOLBENSCHMIDT CZECH REPUBLIC A,CONSUMER DISCRETIONARY,7
KS PREFA S R,INDUSTRIALS,7
"KSK BONO S.R.O., V",CONSUMER STAPLES,7
"KSK PRECISE MOTION,",INDUSTRIALS,7
KSP COMPUTER SERVICES S R,INFORMATION TECHNOLOGY,7
KTL A,INDUSTRIALS,7
KUBA,NOT RELEVANT,7
KUBICA KUBICOVA,CONSUMER DISCRETIONARY,7
KUBIK,INDUSTRIALS,7
KUBIK A,CONSUMER STAPLES,7
KUBIK SPOL S R,INDUSTRIALS,7
KUBISTOVA CO V O,INDUSTRIALS,7
KUBOUSEK Systems,INFORMATION TECHNOLOGY,7
KUCERA,NOT RELEVANT,7
KUCIREK,NOT RELEVANT,7
KUDLACEK,NOT RELEVANT,7
KUDLACKOVA,NOT RELEVANT,7
KUHN,INDUSTRIALS,7
KUHNE NAGEL SPOL S R,INDUSTRIALS,7
KUKAL & UHLÍR,NOT RELEVANT,7
KUNCIK,NOT RELEVANT,7
KUNSTSTOFF FROHLICH CZECH PLAST S,CONSUMER DISCRETIONARY,7
KUNSTSTOFF FROHLICH GMBH O S CZ,MATERIALS,7
"KUNÍN,",CONSUMER STAPLES,7
KURIM A,MATERIALS,7
KURTA CZ,CONSUMER DISCRETIONARY,7
KUS,NOT RELEVANT,7
KUTHAN,NOT RELEVANT,7
"KUTNA HORA,",INDUSTRIALS,7
KV STEEL,NOT RELEVANT,7
KV2 AUDIO INTERNATIONAL,CONSUMER DISCRETIONARY,7
KVARTA LITOVEL A,REAL ESTATE,7
KVARTO,INDUSTRIALS,7
KVDS S R,HEALTH CARE,7
KVIS Pardubice,CONSUMER DISCRETIONARY,7
"KWD Bohemia,",CONSUMER DISCRETIONARY,7
KYB MANUFACTURING CZECH S R,CONSUMER DISCRETIONARY,7
KYJOV A,UTILITIES,7
"Kabaty 44, Jilove u",REAL ESTATE,7
"Kabelikova 2765/22,",REAL ESTATE,7
Kadanska 3572-3573,REAL ESTATE,7
Kadlec,CONSUMER DISCRETIONARY,7
"Kafkova 546,Praha",REAL ESTATE,7
"Kalypso Property,",REAL ESTATE,7
"Kamaras Juraj,",NOT RELEVANT,7
Kamenice nad Lipou,REAL ESTATE,7
"Kamenna 1426/6, Usti n.",REAL ESTATE,7
Kamenna 5124-5125,REAL ESTATE,7
Kapital,FINANCIALS,7
"Kappa Estates,",REAL ESTATE,7
Kapsch TrafficCom Construction & Re,INFORMATION TECHNOLOGY,7
Karanska 337/338/339,REAL ESTATE,7
Karel Polasek,CONSUMER DISCRETIONARY,7
Karla Pokorneho 1411,REAL ESTATE,7
Karly Machove 1502-1505,REAL ESTATE,7
"Karoliny Svetle 15,",REAL ESTATE,7
Karpatska 2863/19,REAL ESTATE,7
"Karpo Property,",REAL ESTATE,7
Karvinska hornicka nemocnice,HEALTH CARE,7
Kasik Josef,MATERIALS,7
"Kasperova Alexandra, PhDr.",NOT RELEVANT,7
Kastanek,REAL ESTATE,7
Kastner & Öhler spol. s,CONSUMER DISCRETIONARY,7
Ke Kocande,REAL ESTATE,7
Ke skole,REAL ESTATE,7
Ke stadionu 160,REAL ESTATE,7
Kelvion,INDUSTRIALS,7
Kendrion (Prostejov),INDUSTRIALS,7
"Keto Property,",REAL ESTATE,7
KeyTec,NOT RELEVANT,7
KiK textil a Non-Food spol. s,CONSUMER DISCRETIONARY,7
"Kladenska 504-506, Praha",REAL ESTATE,7
Kladno Invest,REAL ESTATE,7
"Klanovicka 591, Praha",REAL ESTATE,7
Klaster Novy,REAL ESTATE,7
Klasterec nad Ohri,INDUSTRIALS,7
"Kleio Property,",REAL ESTATE,7
Klicperka,REAL ESTATE,7
Klidna 15/794,REAL ESTATE,7
"Klimova 12,14,16,",REAL ESTATE,7
Klinika Yes Visage,HEALTH CARE,7
Kloknerova,REAL ESTATE,14
Kocherov Maxim Marina,NOT RELEVANT,7
Kocov,REAL ESTATE,7
Kofola,CONSUMER STAPLES,7
"Kogel,",CONSUMER DISCRETIONARY,7
Kohout Premysl,INDUSTRIALS,7
Kojeticka 1021,REAL ESTATE,7
Kojeticka 978-980,REAL ESTATE,7
Kolarikova 1591,REAL ESTATE,7
"Kollarova 1127-1129,Ostrov",REAL ESTATE,7
Kolonada -,REAL ESTATE,7
"Koloseum River,",CONSUMER DISCRETIONARY,7
Kolovna Koncept,CONSUMER DISCRETIONARY,7
Komar Vladimir,CONSUMER DISCRETIONARY,7
Komarek Karel,CONSUMER DISCRETIONARY,7
Kombi Trans,INDUSTRIALS,7
"Komenskeho 1013-1014,Nyrany",REAL ESTATE,7
"Komenskeho 1015-1016,Nyrany",REAL ESTATE,7
"Komenskeho 1146/50,",REAL ESTATE,7
"Komenskeho 24,",REAL ESTATE,7
"Komenskeho 26,",REAL ESTATE,7
"Komenskeho 265,",REAL ESTATE,7
Komenskeho 325-326,REAL ESTATE,7
"Komenskeho 33,35,",REAL ESTATE,7
"Komenskeho 57,",REAL ESTATE,7
Komenskeho 599 a 600,REAL ESTATE,7
Komenskeho namesti 1043-4,REAL ESTATE,7
Komenskeho namesti 1518/5,REAL ESTATE,7
Kominíci CZ,CONSUMER DISCRETIONARY,7
"Komoranska 3116-3123,",REAL ESTATE,7
"Konevova 1484/84, Praha",REAL ESTATE,7
Korado,INDUSTRIALS,7
Koritensky,INDUSTRIALS,7
Korunni 49,REAL ESTATE,7
"Kosmonautu 3,",REAL ESTATE,7
"Kosmonautu 444,",REAL ESTATE,7
Kosmonautu 517,REAL ESTATE,7
Kostka Ludek,INDUSTRIALS,7
Kosut Martin,INFORMATION TECHNOLOGY,7
"Koterovska 94,96,",REAL ESTATE,7
"Koterovska 97,",REAL ESTATE,7
Kotlanova 2519-2522,REAL ESTATE,7
Kovolit & REMET,MATERIALS,7
Kovoprojekta Brno,INDUSTRIALS,7
"Kozeluzska 672/25,",REAL ESTATE,7
"Kozina 655, Stramberk",REAL ESTATE,7
Kozmikova 1102-1103,REAL ESTATE,7
Kpt. Jarose 1348-1350,REAL ESTATE,7
Kpt. Stranskeho cp. 958 az 963,REAL ESTATE,7
Krajicek,MATERIALS,7
"Krajnak Ladislav,",NOT RELEVANT,7
Krajnikova 446,REAL ESTATE,7
"Kralovicka 1450-1451,",REAL ESTATE,7
Kralupy nad Vltavou,REAL ESTATE,7
Krapkova 610/44,REAL ESTATE,7
Krasnoarmejcu 2168/23,REAL ESTATE,7
Kratka,REAL ESTATE,7
Kratochvil,INDUSTRIALS,7
Kratochvilova 1300,REAL ESTATE,7
Kravacek Ivo,INFORMATION TECHNOLOGY,7
Krcinova,REAL ESTATE,7
"Krcinova 36, C.",REAL ESTATE,7
"Kremlickova 961-963,Kolin",REAL ESTATE,7
Krestova,REAL ESTATE,7
"Krhanicka 717, Praha",REAL ESTATE,7
Krigar Mrkvicka,INDUSTRIALS,7
"Krimicka 40,42,",REAL ESTATE,7
"Kristanova 15, Praha",REAL ESTATE,7
"Kristenova 18,",REAL ESTATE,7
"Kristenova 18a,",REAL ESTATE,7
"Krivenecka 443,444, Praha",REAL ESTATE,7
"Krivoklatska 437,",REAL ESTATE,7
Krizikova,REAL ESTATE,21
"Krizikova 393/73, Praha",REAL ESTATE,7
Krizikova 459/72,REAL ESTATE,7
Krizikova 48a,REAL ESTATE,7
"Krizikova 91,",REAL ESTATE,7
"Krizkovskeho 19,",REAL ESTATE,7
"Krizkovskeho 712/68,",REAL ESTATE,7
"Krkoskova 29,",REAL ESTATE,7
Krnovska 351-353,REAL ESTATE,7
Krouzova 20 a,REAL ESTATE,7
"Kruhac,",REAL ESTATE,7
Krumpach 24/26,REAL ESTATE,7
Krusnohor,REAL ESTATE,7
"Krusnohorska 1649, 1650 a 1651",REAL ESTATE,7
"Krusnohorska 1652, 1653 a 1654",REAL ESTATE,7
Krusnohorska 1655-1657,REAL ESTATE,7
Krymska 1698/23 a 1697/25,REAL ESTATE,7
Krymska 1723/4,REAL ESTATE,7
"Kuba,",INDUSTRIALS,7
Kubelikova 41,REAL ESTATE,7
Kubelikova 539-540,REAL ESTATE,7
Kubicek Sklenar,CONSUMER STAPLES,7
"Kubikova 10,12,",REAL ESTATE,7
Kucharovicka 1209-1210,REAL ESTATE,7
Kuhn Antonin,INDUSTRIALS,7
Kulina,CONSUMER STAPLES,7
Kundraticka 4479-4480,REAL ESTATE,7
"Kundraticka 4494,",REAL ESTATE,7
"Kundraticka 4495, CHomutov",REAL ESTATE,7
Kundraticka 4596,REAL ESTATE,7
Kunstatska,REAL ESTATE,7
Kupiano Investments,REAL ESTATE,7
"Kursova 22,24,26",REAL ESTATE,7
Kvarta-Spolecnost Pro Spravu,NOT RELEVANT,7
Kvetinkova,REAL ESTATE,7
Kvetnoveho vitezstvi 1741-2,REAL ESTATE,7
"Kybele Property,",REAL ESTATE,7
"Kyjevska 108,110,112,",REAL ESTATE,7
"Kyjevska 113,",REAL ESTATE,7
Kyocera Document Solutions Czech,INDUSTRIALS,7
Körber Pharma Packaging Materials,INDUSTRIALS,7
L C CO S R,NOT RELEVANT,7
L D M SPOL S R,INDUSTRIALS,7
L FAMILY HOLDING A,CONSUMER DISCRETIONARY,7
L I N E T SPOL S R,HEALTH CARE,7
L LOGISTIK,INDUSTRIALS,7
L. Stura 1051-1053,REAL ESTATE,7
L.Podeste 1861,REAL ESTATE,7
L.S. INVESTMENTS LIMITED,CONSUMER DISCRETIONARY,7
LA LORRAINE A,CONSUMER STAPLES,7
LAB,HEALTH CARE,7
LABARA CABLES S R,INDUSTRIALS,7
LABE WOOD S R,MATERIALS,7
"LABEL DESIGN,",MATERIALS,7
LABORATORE S R,HEALTH CARE,7
LABS1503 DISTRIBUTION A,HEALTH CARE,7
LABSKA STROJNI A STAVEBNI,INDUSTRIALS,7
LACHMAN INTERIER DESIGN S R,CONSUMER DISCRETIONARY,7
LACHMAN STYL S R,INDUSTRIALS,7
LAKTOS A,CONSUMER STAPLES,7
LAKUM - GALMA,MATERIALS,7
LALUI SPOL S R,NOT RELEVANT,7
LAMA ENERGY GROUP,UTILITIES,7
LAMA PLUS,INDUSTRIALS,7
LAMDAPRINT CZ,INDUSTRIALS,7
LAMICH LAMA,INDUSTRIALS,7
LAMICH PETR,UTILITIES,7
LAMORENA INVESTMENT S R,CONSUMER DISCRETIONARY,7
LAN SHOP CZ S R,CONSUMER DISCRETIONARY,7
LANCASTER A,FINANCIALS,7
"LAND - DEVELOP S.R.O., V",NOT RELEVANT,7
LAND 2 ZUP,REAL ESTATE,7
LAND OF DRONES S R,CONSUMER DISCRETIONARY,7
LAND S R,CONSUMER STAPLES,7
LANDEKO LP A,REAL ESTATE,7
LANDRANIAN TRADE A,REAL ESTATE,7
LANEX A,CONSUMER DISCRETIONARY,7
LANKWITZER CR SPOL S R,MATERIALS,7
LANSKROUN A,INDUSTRIALS,7
LANSKROUN S R,INDUSTRIALS,7
"LANUA CZ, S.R.O. V",CONSUMER DISCRETIONARY,7
LANY A,CONSUMER STAPLES,7
LAPACEK,CONSUMER DISCRETIONARY,7
LAPASAN S R,CONSUMER STAPLES,7
LAPP INSULATORS ALUMINA S R,MATERIALS,7
LARM A,INDUSTRIALS,7
LAS PRO S R,INDUSTRIALS,7
LASEK,NOT RELEVANT,7
LASERTHERM SPOL S R,INDUSTRIALS,7
"LASSELSBERGER,",INDUSTRIALS,7
LASVIT (Manufacturing),CONSUMER STAPLES,7
LASVIT GULF FZE,INDUSTRIALS,7
LATD AGRO XIII A,CONSUMER STAPLES,7
LATIA S R,NOT RELEVANT,7
LATISLAV RICHARD,INDUSTRIALS,7
LATISLAV Richard,INDUSTRIALS,7
LATISLAVOVA ANDREA,INDUSTRIALS,7
LAUGO ARMS,INDUSTRIALS,7
LAUNDRY & RENT,INDUSTRIALS,7
LAUPAR CONSULTING,REAL ESTATE,7
LAURIN,NOT RELEVANT,7
LAURINOVA S R,REAL ESTATE,7
LAUTARO logistics,INDUSTRIALS,7
LAZARSKA 5 A S V,NOT RELEVANT,7
LAZENSKA A,HEALTH CARE,7
LAZNA,NOT RELEVANT,7
LAZNE BELOHRAD,HEALTH CARE,7
LAZNE BOHDANEC A,HEALTH CARE,7
LAZNE DARKOV A,CONSUMER DISCRETIONARY,7
LAZNE LUHACOVICE SANATORIUM,HEALTH CARE,7
LC TRADING CZECH S.R.O. V,CONSUMER DISCRETIONARY,7
LD SEATING S R,INDUSTRIALS,7
LDM,INDUSTRIALS,7
LDM SERVIS SPOL S R,INDUSTRIALS,7
LE INVESTMENT SPOL S R,CONSUMER DISCRETIONARY,7
"LEANDROS S.R.O. ""V",INDUSTRIALS,7
LEAR CORPORATION CZECH,CONSUMER DISCRETIONARY,7
LEAS SPOL S R,INFORMATION TECHNOLOGY,7
LEASE GROUP S R,FINANCIALS,7
LEASE S R,FINANCIALS,7
LEASE-INVEST,REAL ESTATE,7
LEASEKREDIT,INDUSTRIALS,7
LEASING A,CONSUMER DISCRETIONARY,7
LEASING REAL ESTATE S R,REAL ESTATE,7
LEATHER COMPANY S R,CONSUMER DISCRETIONARY,7
LECEBNE LAZNE MARIANSKE LAZNE,NOT RELEVANT,7
LEDEOS,INDUSTRIALS,7
LEDLOVA JANNA,REAL ESTATE,7
LEDRET,INDUSTRIALS,7
LEEL COILS EUROPE S.R.O. V,INDUSTRIALS,7
LEEL ELECTRICALS,INDUSTRIALS,7
LEGIOS LOCO A,INDUSTRIALS,7
LEHOTSKY,NOT RELEVANT,7
LEIMA EQUITY ONE A,FINANCIALS,7
LEIST OBERFLACHENTECHNIK S R,NOT RELEVANT,7
LEKTRANS,INDUSTRIALS,7
LEKURO S R,MATERIALS,7
LEMFELD INDUSTRY A.S. V,INDUSTRIALS,7
LENIA SPOL. S R. O.,NOT RELEVANT,7
LENKA,NOT RELEVANT,14
LENOX,INDUSTRIALS,7
LENOX INDUSTRY A,INDUSTRIALS,7
LENOX PLUS A,MATERIALS,7
"LENZ A.S. ""V",UTILITIES,7
LENZA SPOL S R,CONSUMER DISCRETIONARY,7
LEO EXPRESS,INDUSTRIALS,7
LEO HOTELS GROUP,CONSUMER DISCRETIONARY,7
LEO PHARMA S R,HEALTH CARE,7
LEOM,REAL ESTATE,7
LEONARDI MEDCZ A,HEALTH CARE,7
"LEONARDO INVESTMENT, S.R.O., V",NOT RELEVANT,7
LEOS,NOT RELEVANT,7
LEPSÍ PRÁCE,INDUSTRIALS,7
"LEROS,",CONSUMER STAPLES,7
LESCUS CETKOVICE S R,CONSUMER STAPLES,7
LESCUS Logistics,INDUSTRIALS,7
"LESIKAR,",NOT RELEVANT,7
LESKO VELKOOBCHOD NAPOJU S R,CONSUMER STAPLES,7
LESKOUR,NOT RELEVANT,7
LESKOVEC,NOT RELEVANT,7
LESNI TECHNIKA S R,MATERIALS,7
LESY CESKE REPUBLIKY S P,MATERIALS,7
LETOVICKE STROJIRNY S R,INDUSTRIALS,7
LETTENMAYER PARTNER S R,REAL ESTATE,7
LETTENMAYEROVA LUCIA,NOT RELEVANT,7
LEVEL A,INDUSTRIALS,7
LEVEL S R,CONSUMER DISCRETIONARY,7
LEVNE KNIHY A,CONSUMER DISCRETIONARY,7
LG Electronics,INDUSTRIALS,7
"LHDI,",REAL ESTATE,7
LIADUR S R,INDUSTRIALS,7
LIAPOR,MATERIALS,7
LIB INVEST S R,INDUSTRIALS,7
LIBERTY CZ GROUP A,CONSUMER STAPLES,7
LIBERTY OSTRAVA A,MATERIALS,7
LIBOR,NOT RELEVANT,14
LIBRI PUBLISHING,CONSUMER DISCRETIONARY,7
"LIBUS 642,",REAL ESTATE,7
LICON,INDUSTRIALS,7
LIDEA CZECHIA S R,CONSUMER STAPLES,7
LIDL CESKÁ REPUBLIKA,CONSUMER STAPLES,7
LIDOVA OBCHODNI SPOLECNOST S R,INDUSTRIALS,7
"LIDRU,",CONSUMER STAPLES,7
LIFEFOOD CZECH REPUBLIC S R,CONSUMER STAPLES,7
LIFIRE A,CONSUMER DISCRETIONARY,7
LIGA S R,NOT RELEVANT,7
LIGHTING TECHNOLOGIES S R,INDUSTRIALS,7
LIGLASS A,INDUSTRIALS,7
LIGMET A,INDUSTRIALS,7
LIJA A,MATERIALS,7
LIK2020 A S V,CONSUMER DISCRETIONARY,7
"LIKO-S industry,",INDUSTRIALS,7
LIKOV,INDUSTRIALS,7
LIKVIDACE LEPRY,HEALTH CARE,7
LIMA KLARA,NOT RELEVANT,7
LIMEX CR,NOT RELEVANT,7
LIMIT S R,INFORMATION TECHNOLOGY,7
LIMOBAR S R,CONSUMER DISCRETIONARY,7
LINDE S R,UTILITIES,7
LINDE WIEMANN CZ S R,CONSUMER DISCRETIONARY,7
LINDEN S R,CONSUMER DISCRETIONARY,7
LINDHA A,INDUSTRIALS,7
LINEA NIVNICE A,CONSUMER STAPLES,7
LINET,HEALTH CARE,7
"LINK CZ, s. r.",INDUSTRIALS,7
LINKIN INVEST II S R,REAL ESTATE,7
LION COMMUNICATIONS S R,CONSUMER DISCRETIONARY,7
LISA TECH A,INDUSTRIALS,7
"LITES, A.S., V",CONSUMER STAPLES,7
LITFIN CAPITAL A,INDUSTRIALS,7
LITOBAL S R,MATERIALS,7
LITOMERICE S R,INDUSTRIALS,7
LITOSTROJ ENGINEERING A,UTILITIES,7
LITOVEL A,CONSUMER STAPLES,7
LITRA S R,INDUSTRIALS,7
LIVECKA,NOT RELEVANT,7
LIVESPORT INVEST S R,FINANCIALS,7
LIVESPORT MEDIA LTD,COMMUNICATIONS,7
LIVESPORT S R,INFORMATION TECHNOLOGY,7
LIVINGROUP S R,REAL ESTATE,7
"LKOCZ,",NOT RELEVANT,7
LKW TRANS S R,INDUSTRIALS,7
"LLOYD, Chebska 492,M.Lazne",REAL ESTATE,7
LN GROUP,CONSUMER STAPLES,7
LOBKOWICZ A,CONSUMER STAPLES,7
LOBKOWICZ GROUP A,CONSUMER STAPLES,7
LOCKSET S R,MATERIALS,7
LODENICE A,INDUSTRIALS,7
LOG IN CZ S R,INDUSTRIALS,7
"LOGIK,",CONSUMER DISCRETIONARY,7
LOGIO S R,INDUSTRIALS,7
LOGISTEED CZECHIA,INDUSTRIALS,7
LOGISTIC A.S. V,FINANCIALS,7
LOGISTIC S R,MATERIALS,7
LOGISTICS,INDUSTRIALS,14
LOGISTICS,MATERIALS,7
LOGISTICS A,INDUSTRIALS,7
LOGISTICS S R,INDUSTRIALS,7
"LOGISTICS SOLUTION,",INDUSTRIALS,7
LOGISTICS SPOL S R,INDUSTRIALS,7
LOGISTIK Ostrava,INDUSTRIALS,7
LOGSPEED CZ S R,INDUSTRIALS,7
LOGURAN,NOT RELEVANT,7
LOGWIN AIR OCEAN CZECH S R,NOT RELEVANT,7
LOKALITA 4 S R,INDUSTRIALS,7
LOKALITA 6 S R,INDUSTRIALS,7
LOKO A,INDUSTRIALS,7
LOKO TRANS,INDUSTRIALS,7
LOM PRAHA s.p.,INDUSTRIALS,7
LOMY MORINA SPOL S R,MATERIALS,7
LONDYNSKA A,REAL ESTATE,7
LONGS TRADE,INDUSTRIALS,7
LORD HAUSGERATE DISTRIBUTION S R,CONSUMER DISCRETIONARY,7
LOUCKA DRAHOMIR,NOT RELEVANT,7
LOUDA ALFORM VYROBNI DRUZSTVO,INDUSTRIALS,7
LOUDA AUTO,CONSUMER DISCRETIONARY,7
LOUDA HC,CONSUMER DISCRETIONARY,7
LOUNY S R,NOT RELEVANT,7
LOVOCHEMIE A,MATERIALS,7
LOXONE S R,INFORMATION TECHNOLOGY,7
LPF INVEST A,REAL ESTATE,7
"LPP Czech Republic,",CONSUMER DISCRETIONARY,7
LPZ KOVO S R,INDUSTRIALS,7
LR HEALTH BEAUTY SYSTEMS S R,NOT RELEVANT,7
LRB S R,NOT RELEVANT,7
LS ROYAL MARIANSKE LAZNE A,HEALTH CARE,7
LUBOMIR,NOT RELEVANT,7
LUBOR VESELY,NOT RELEVANT,7
LUBOS,NOT RELEVANT,7
LUCCO,INDUSTRIALS,7
LUCERNA A.S. V,NOT RELEVANT,7
LUCINA SPOL. S,NOT RELEVANT,7
LUDCOM S R,REAL ESTATE,7
LUITJENS ROMANA,NOT RELEVANT,7
LUKAC,NOT RELEVANT,7
LUKAS,NOT RELEVANT,14
LUKROM SPOL S R,NOT RELEVANT,7
LUMINAR FILM S R,COMMUNICATIONS,7
LUMIUS HOLDING CONSOLIDATE,UTILITIES,7
LUMIUS HOLDING SPOL S R,UTILITIES,7
"LUMIUS, SPOL. S R.O. ""V",UTILITIES,7
LUNCHES S R,CONSUMER DISCRETIONARY,7
"LUNISOFT,",NOT RELEVANT,7
LUNZIE A,FINANCIALS,7
LUPAC,NOT RELEVANT,7
LUTIN S R,UTILITIES,7
LUXURY BRAND MANAGEMENT A,CONSUMER DISCRETIONARY,7
"LUXURY GUIDE INTERNATIONAL,",COMMUNICATIONS,7
LYBRA S R,FINANCIALS,7
LYNX SFT S R,INFORMATION TECHNOLOGY,7
"LYRA PROPERTY,",REAL ESTATE,7
La mela,INDUSTRIALS,7
"Labkova 8,",REAL ESTATE,7
"Labkova 890/2,",REAL ESTATE,7
Laboratore AGEL Ústí nad Labem,HEALTH CARE,7
Lagarde,INDUSTRIALS,7
"Lamacova 909, Praha",REAL ESTATE,7
"Lamacova 912/31,",REAL ESTATE,7
Lasselsberger,MATERIALS,7
Laudova 1003-5,REAL ESTATE,7
Lazne Teplice nad Becvou,HEALTH CARE,7
Lear Plane Limited,UTILITIES,7
Lechowiczova,REAL ESTATE,7
Ledvinova 1711 v Praze,REAL ESTATE,7
Ledvinova 1712,REAL ESTATE,7
Legerova 19,REAL ESTATE,7
Lekarny,CONSUMER STAPLES,7
Lekarska 268-272,REAL ESTATE,7
Lektrans Bohemia,INDUSTRIALS,7
Lenner Roman,INDUSTRIALS,7
Leo Express Slovensko,INDUSTRIALS,7
Leopard 50,CONSUMER DISCRETIONARY,7
Leopoldova 2042-43,REAL ESTATE,7
Leos Milata,NOT RELEVANT,7
Lepsi prace support,INDUSTRIALS,7
"Lesni 13,15,17,",REAL ESTATE,7
"Lesni 7,9,11,",REAL ESTATE,7
"Lesni Spolecnost Ledec nad Sazavou,",MATERIALS,7
LesnickA prAce,INDUSTRIALS,7
"Letecka 430, Libcice n. V.",REAL ESTATE,7
Letiste Praha,INDUSTRIALS,7
"Letna 431-432,",REAL ESTATE,7
"Letna 433-434,",REAL ESTATE,7
"Letni 223, Hlobocky",REAL ESTATE,7
"Letni 334-336,",REAL ESTATE,7
Let´s STEAKing,CONSUMER DISCRETIONARY,7
Levora Tuma,INDUSTRIALS,7
"Lexova 2138-2140,Pardubice",REAL ESTATE,7
Liben c.p. 1056,REAL ESTATE,7
Liberec,REAL ESTATE,7
Liberské lahudky,CONSUMER STAPLES,7
Liblice,REAL ESTATE,7
Liboc-Uzka,REAL ESTATE,7
Lidicka 1040,REAL ESTATE,7
"Lidicka 239, Horsovsky Tyn",REAL ESTATE,7
"Lidicka 6,",REAL ESTATE,7
"Limagrain Ceska republika,",CONSUMER STAPLES,7
"Lipova 470, Praha",REAL ESTATE,7
"Lipova 492/42,",REAL ESTATE,7
"Lipovska 1167-1168, Jesenik",REAL ESTATE,7
"Liptovska 1000/9,",REAL ESTATE,7
"Liskovecka 2090,",REAL ESTATE,7
"Lisovna plastu, spol. s",CONSUMER DISCRETIONARY,7
LitFin,INDUSTRIALS,7
"Lite Property,",REAL ESTATE,7
"Litvinovska 285, Praha",REAL ESTATE,7
"Livornska 427-429, Praha",REAL ESTATE,7
Livornska 438 - 441,REAL ESTATE,7
Ljunghall,INDUSTRIALS,7
"Lodenice Chvaletice,",INDUSTRIALS,7
"Log-X CZ,",INDUSTRIALS,7
Logistic,INDUSTRIALS,7
Logistic Nyrany spol. s,CONSUMER DISCRETIONARY,7
LokoTrain,INDUSTRIALS,7
"Lomena 375,376, Milovice",REAL ESTATE,7
Loretska 929-930,REAL ESTATE,7
Loucka 14,REAL ESTATE,7
"Loucka 38,",REAL ESTATE,7
Loucna nad Desnou 79,REAL ESTATE,7
Louda Pavel,CONSUMER DISCRETIONARY,7
Loukota Melzer,INDUSTRIALS,7
Louny u kotelny,REAL ESTATE,7
"Lovecka 8, c.p. 2082, Jabl",REAL ESTATE,7
Lublinska,REAL ESTATE,7
"Lucius Property,",FINANCIALS,7
"Lucni 1,3,5",REAL ESTATE,7
"Lucni 343 - 345,",REAL ESTATE,7
Ludovita Stura 1075,REAL ESTATE,7
Ludvika Podeste 1856/38,REAL ESTATE,7
Ludvika Podeste 30/1860,REAL ESTATE,7
"Lukavice 100,",REAL ESTATE,7
Lumen International GCC,INDUSTRIALS,7
Lumirova,REAL ESTATE,7
"Lumirova 50,",REAL ESTATE,7
Lumirova 523/28,REAL ESTATE,7
Luna Property,REAL ESTATE,7
"Lutin, Ruzova 192",REAL ESTATE,7
"Luzicka 1180,",REAL ESTATE,7
Lyzarska 895-898,REAL ESTATE,7
LÁZNE BELOHRAD PROPERTIES,HEALTH CARE,7
LÉKÁRNA ON-LINE,CONSUMER STAPLES,7
M A SPOL S R,NOT RELEVANT,7
M DEVELOP S R,INDUSTRIALS,7
M H SPOL S R,INDUSTRIALS,7
M R SPOL S R,INDUSTRIALS,7
M REALITY HOLDING A,REAL ESTATE,7
M T GROUP A,CONSUMER DISCRETIONARY,7
M&K STAV.SERV.+TC GAMA-PARENT,INDUSTRIALS,7
"M&N GENERAL,",REAL ESTATE,7
M&S GLOBWASH,CONSUMER DISCRETIONARY,7
"M. Gorkeho 533,577,588",REAL ESTATE,7
"M. Horakove 1280, Praha",REAL ESTATE,7
"M. Horakove 259-263,",REAL ESTATE,7
"M. Kopeckeho 16,18,20,",REAL ESTATE,7
M. Kuderikove 692,REAL ESTATE,7
M. Majerove 1736/2,REAL ESTATE,7
M. Pujmanove 1007/15,REAL ESTATE,7
"M. R. Stefanika 5,",REAL ESTATE,7
"M.A.T. Group,",INDUSTRIALS,7
"M.Horakove 1073-1076,",REAL ESTATE,7
"M.Horakove 264-268,HK",REAL ESTATE,7
M.Horakove 305,REAL ESTATE,7
"M.Magdonove 231,",REAL ESTATE,7
M.Majerove 1697,REAL ESTATE,7
M.V. - OIL S.R.O. V,NOT RELEVANT,7
"M17 BUSINESS PARK ADAMOV,",CONSUMER DISCRETIONARY,7
M2JET,INDUSTRIALS,7
MA KEY AGENCY S R,INDUSTRIALS,7
MA Mobility,REAL ESTATE,7
MACALA,NOT RELEVANT,7
MACCO ORGANIQUES S R,MATERIALS,7
MACCORP CZECH S.R.O. V,FINANCIALS,7
MACEK,NOT RELEVANT,7
MACGREGOR NORWAY,MATERIALS,7
MACH DRUBEZ A,CONSUMER STAPLES,7
MACHACEK,NOT RELEVANT,7
MACHACOVA MONIKA,NOT RELEVANT,7
MACHINE TOOL S R,INDUSTRIALS,7
MACHINERY A,INDUSTRIALS,14
MACHINERY GROUP,INDUSTRIALS,7
MACHINERY TRADE S R,MATERIALS,7
MACHLAND S R,CONSUMER STAPLES,7
MAD RECYCLING CESKA REPUBLIKA A,MATERIALS,7
MADAL BAL A,INDUSTRIALS,7
MADDA CONSULTING S R,REAL ESTATE,7
MADER S R,CONSUMER DISCRETIONARY,7
"MADISSON,",HEALTH CARE,7
MAGAZZINO BOHEMIA S R,INDUSTRIALS,7
MAGNA PETAURUM A,REAL ESTATE,7
MAGNETO,NOT RELEVANT,7
"MAGNUM Wines,",CONSUMER STAPLES,7
MAIER KORDULETSCH MAZIVA K,INDUSTRIALS,7
"MAIN POINT PANKRÁC,",NOT RELEVANT,7
MAINSTREAM TECHNOLOGIES S R,INFORMATION TECHNOLOGY,7
MAJETKOVA A,INDUSTRIALS,7
MAJETKOVÁ REHLOVICE,INDUSTRIALS,7
MAJICEK,NOT RELEVANT,7
"MAKLER SERVICE LEASING, S.R.O. V",NOT RELEVANT,7
MAKO COLOR S R,CONSUMER DISCRETIONARY,7
MAKRO CASH CARRY CR S R,CONSUMER STAPLES,7
MALCOM FINANCE,FINANCIALS,7
MALESICE S R,MATERIALS,7
MALFINI A,CONSUMER DISCRETIONARY,7
MALIK,NOT RELEVANT,7
MALINA,NOT RELEVANT,7
MALIR,NOT RELEVANT,7
MALIVANEK,NOT RELEVANT,7
MALONTY S R,CONSUMER STAPLES,7
MALOOBCHODNI SIT BALA S R,CONSUMER STAPLES,7
"MALOOBCHODNÍ SÍT HRUSKA, SPOL. S R.",CONSUMER STAPLES,7
MALVAZINKY S R,REAL ESTATE,7
MANAG A,INDUSTRIALS,7
MANAGEMENT S R,FINANCIALS,21
MANAGEMENT S R,INDUSTRIALS,14
MANDARIN ORIENTAL PRAGUE S R,CONSUMER DISCRETIONARY,7
MANDAT,NOT RELEVANT,7
MANDIKOVA RADOVANA,NOT RELEVANT,7
MANECOMTE,FINANCIALS,7
MANN + HUMMEL (CZ) v.o.s.,CONSUMER DISCRETIONARY,7
MANTA COMMODITIES,UTILITIES,7
MANTLER CZ S R,CONSUMER STAPLES,7
"MAPLAST CZ,",INDUSTRIALS,7
MAPRO SPOL S R,INDUSTRIALS,7
MAR A,INDUSTRIALS,7
MARCEL STRYCH,NOT RELEVANT,7
MARCHAL,NOT RELEVANT,7
MARCO SHIPPING,NOT RELEVANT,7
MARECEK,NOT RELEVANT,7
MARELLI AUTOMOTIVE LIGHTING JIHLAVA,CONSUMER DISCRETIONARY,7
MARESI FOODBROKER S R,CONSUMER STAPLES,7
MARIATERESA SALVATORE S R,CONSUMER STAPLES,7
MARK DISTRI SPOL S R,CONSUMER DISCRETIONARY,7
MARKET INVEST CZ S R,CONSUMER STAPLES,7
"MARKET, A.S. V",UTILITIES,7
MARKID INVEST SPOL S R,CONSUMER DISCRETIONARY,7
MARKIT CZ S R,INFORMATION TECHNOLOGY,7
"MARKIZA - SLOVAKIA, spol. s r.o.",COMMUNICATIONS,7
MARKOVA,NOT RELEVANT,7
MARKS AND SPENCER CZECH REPUBLIC,CONSUMER DISCRETIONARY,7
MARLENKA DISTRIBUCE,CONSUMER STAPLES,7
MARLENKA INTERNATIONAL,NOT RELEVANT,7
"MARO s.r.o., obchod a projekce",INDUSTRIALS,7
MARTECH Teplo,UTILITIES,7
MARTI PASEK,INDUSTRIALS,7
MARTIN,NOT RELEVANT,21
MARTINEK,NOT RELEVANT,7
MASAK PARTNER S R,INDUSTRIALS,7
MASARYKOVA,CONSUMER DISCRETIONARY,7
MASARYKUV ONKOLOGICKY USTAV,NOT RELEVANT,7
MASCHINENFABRIK NIEHOFF CZ S R,INDUSTRIALS,7
MASILKO,NOT RELEVANT,7
MASIN DOMINIK,NOT RELEVANT,7
MASNY,NOT RELEVANT,7
MASO JICIN S R,CONSUMER STAPLES,7
MASO PLANA A,NOT RELEVANT,7
MASTER PLAST PLUS S.R.O. - V,NOT RELEVANT,7
MASTER SPORT S R,CONSUMER DISCRETIONARY,7
MASTERCONSULT S R,NOT RELEVANT,7
MATAR,REAL ESTATE,7
MATEICIUC A,INDUSTRIALS,7
MATEO PACKING S R,MATERIALS,7
MATEP S R,CONSUMER DISCRETIONARY,7
MATERIAL HANDLING CESKA,INDUSTRIALS,7
MATERIALOVY A METALURGICKY VYZKUM,INDUSTRIALS,7
MATERIALS CZ A,MATERIALS,7
MATERIALS DIGITAL HUB BR,MATERIALS,7
"MATERSKA SKOLA ZEMEKOULE,",CONSUMER DISCRETIONARY,7
MATRIX A,MATERIALS,7
MATTELI GROUP,INDUSTRIALS,7
MATTONI 1873 A,CONSUMER STAPLES,7
MATUSKOVA GERNEROVA MARCELA,NOT RELEVANT,7
MAUER A S V,REAL ESTATE,7
MAVE JICIN A,CONSUMER STAPLES,7
MAVET,NOT RELEVANT,7
MAVEX AGRO SPOL S R,CONSUMER STAPLES,7
MAX FOOD,CONSUMER STAPLES,7
MAXICOMMODITIES A,UTILITIES,7
MAXIMA POJISTOVNA A,NOT RELEVANT,7
MAXION WHEELS CZECH S R,CONSUMER DISCRETIONARY,7
MAYER TRANSPORT spol. s,INDUSTRIALS,7
MAYR MELNHOF HOLZ PASKOV S R,NOT RELEVANT,7
MAZANEC FENIX S R,NOT RELEVANT,7
MB A,CONSUMER DISCRETIONARY,7
MB TOOL,CONSUMER DISCRETIONARY,7
MB TRANSPORT LOGISTIC A,INDUSTRIALS,7
MCE Slany,INDUSTRIALS,7
MCFALL DEVELOPMENT,REAL ESTATE,7
MCGUINNESS WILLIAM EMMANUEL,NOT RELEVANT,7
MCR TECHNOLOGY S R,INDUSTRIALS,7
MD LOGISTIKA A,INDUSTRIALS,7
MDI GROUP S R,REAL ESTATE,7
"ME-METAL,",INDUSTRIALS,7
MEASUREMENT TECHNIC MORAVIA LTD ORG,INDUSTRIALS,7
MEC 3,CONSUMER STAPLES,7
MECAWEL SPOL S R,INDUSTRIALS,7
MECH ARNOST,NOT RELEVANT,7
MECHANIKA A,INDUSTRIALS,7
MEDANO ESTATE CZ S R,REAL ESTATE,7
MEDEA A,CONSUMER DISCRETIONARY,7
MEDEK CESTMIR,NOT RELEVANT,7
MEDIA EVENTS A,CONSUMER DISCRETIONARY,7
MEDIA MASTER S R,COMMUNICATIONS,7
MEDIA S R,COMMUNICATIONS,7
MEDIA SYSTEMS A,CONSUMER DISCRETIONARY,7
MEDIAP SPOL S R,HEALTH CARE,7
MEDIC S R,NOT RELEVANT,7
MEDICA,HEALTH CARE,7
MEDICA CZ A,HEALTH CARE,7
MEDICA S R,HEALTH CARE,7
MEDICAL S R,CONSUMER DISCRETIONARY,7
MEDICAL SYSTEMS A,HEALTH CARE,7
MEDICOM CLINIC,HEALTH CARE,7
MEDIFINE A,HEALTH CARE,7
MEDIKAP,HEALTH CARE,7
MEDIN,HEALTH CARE,7
"MEDIN,",HEALTH CARE,7
MEDIPO AGRAS JIHLAVA,NOT RELEVANT,7
MEDIRECO CLINIC S R,HEALTH CARE,7
MEDIS,INDUSTRIALS,7
MEDISERVIS,HEALTH CARE,7
MEDIST CZECH S R,CONSUMER STAPLES,7
MEDITRADE spol. s,HEALTH CARE,7
MEDITRANS,HEALTH CARE,7
"MEDIVIT A.S. ""V",NOT RELEVANT,7
MEDSOL S R,HEALTH CARE,7
"MEDTEC - VOP, SPOL. S",INDUSTRIALS,7
"MEDUSA GROUP, CZ",CONSUMER DISCRETIONARY,7
MEGA PLUS S R,CONSUMER DISCRETIONARY,7
MEGALITY,NOT RELEVANT,7
MEGAS S R,INDUSTRIALS,7
MEGATECH INDUSTRIES HLINSKO S R,CONSUMER DISCRETIONARY,7
MEGGLE CZECH REPUBLIC,NOT RELEVANT,7
"MEKR'S,",INDUSTRIALS,7
MELIDA A,CONSUMER DISCRETIONARY,7
MELISEK,NOT RELEVANT,7
MELNICKA ZDRAVOTNI A,HEALTH CARE,7
MELOTARIA S.R.O. V,CONSUMER STAPLES,7
MENCL,NOT RELEVANT,7
"MEOMED,",HEALTH CARE,7
MEOPTA,INFORMATION TECHNOLOGY,7
MEOPTA SYSTEMS S R,INDUSTRIALS,7
MERCEDES BENZ FINANCIAL SERVICES CE,CONSUMER DISCRETIONARY,7
MERCOM COMPONENTA,NOT RELEVANT,7
MERCURIUS S R,REAL ESTATE,7
MERGON CZECH S R,CONSUMER DISCRETIONARY,7
MERICI TECHNIKA MORAVA S R,INDUSTRIALS,7
MERIDIEM CENTRUM PECE S R,HEALTH CARE,7
"MERIT BAU CZ A.S. ""V",INDUSTRIALS,7
MERIVA A,CONSUMER DISCRETIONARY,7
MERKUR DEVELOPMENT S R,REAL ESTATE,7
MERKUR HOROVICE S R,ENERGY,7
MERKUR TOYS S R,CONSUMER DISCRETIONARY,7
MERO CR A,ENERGY,7
MEROPS SPOL S R,INDUSTRIALS,7
MERTL,NOT RELEVANT,7
MERUNKA S R,CONSUMER STAPLES,7
"MESIT asd,",INFORMATION TECHNOLOGY,7
"MESIT stredni skola, o.p.s.",CONSUMER DISCRETIONARY,7
MESSER TECHNOGAS S R,INDUSTRIALS,7
MESTANSKY PIVOVAR HAVLICKUV BROD,CONSUMER STAPLES,7
"MESTSKÁ NEMOCNICE V LITOMERICÍCH, P",NOT RELEVANT,7
MET ceska republika,UTILITIES,7
METAL A,MATERIALS,7
METAL CZ S R,CONSUMER DISCRETIONARY,7
METAL S R,CONSUMER DISCRETIONARY,7
METAL S R,INDUSTRIALS,7
METAL S R,NOT RELEVANT,7
METAL TRADE COMAX,INDUSTRIALS,7
METAL TRADE COMAX A,INDUSTRIALS,7
METALIMEX A,INDUSTRIALS,7
METALKOM KUTNA HORA,MATERIALS,7
METALLBAU,NOT RELEVANT,7
METALLPLAST RECYKLING SPOL S R,MATERIALS,7
METALSROT TLUMACOV,NOT RELEVANT,7
METALURGIE A,INDUSTRIALS,7
METALURGIE RUMBURK S R,MATERIALS,7
METALWORKS,INDUSTRIALS,7
METECH S R,INDUSTRIALS,7
METRANS Rail,INDUSTRIALS,7
METRO COMPANY S R,CONSUMER DISCRETIONARY,7
METRODIS S R,INDUSTRIALS,7
METRONOM BC S R,FINANCIALS,7
MEVA,CONSUMER DISCRETIONARY,7
MEVA-TEC,MATERIALS,7
"MEVATEC, spol. s",CONSUMER DISCRETIONARY,7
MEXX STAV CZECH,NOT RELEVANT,7
MEZERA,NOT RELEVANT,7
"MF ENERGY, SPOL. S",INDUSTRIALS,7
MG REZIDENCE ARTE OP S R,REAL ESTATE,7
MG SENIOR CENTRUM OP S R,HEALTH CARE,7
MGG Trest,CONSUMER DISCRETIONARY,7
MGI A,INDUSTRIALS,7
"MGR. JAN KUBICA, ADVOKÁT",CONSUMER DISCRETIONARY,7
"MGR. RADEK SNITA, MBA",NOT RELEVANT,7
MH GROUP CB S R,INDUSTRIALS,7
MHD,INDUSTRIALS,7
MHM COMPUTER A,INFORMATION TECHNOLOGY,7
MI KING S R,CONSUMER DISCRETIONARY,7
MI ROADS,INDUSTRIALS,7
MIBAG SANACE SPOL S R,INDUSTRIALS,7
MICA,NOT RELEVANT,7
MICHAL,NOT RELEVANT,7
MICHAL KARBAN,CONSUMER DISCRETIONARY,7
MICHLE 501 S R,REAL ESTATE,7
MICO,INDUSTRIALS,7
MICOS SPOL S R,NOT RELEVANT,7
MIEREA COMPLECT,NOT RELEVANT,7
MIFRE NUCLEAR TEAM,REAL ESTATE,7
MIKI TRAVEL PRAGUE SPOL S R,NOT RELEVANT,7
MIKO TRADE S R O V,INDUSTRIALS,7
MIKOLAJEK,NOT RELEVANT,7
MIKRO,CONSUMER DISCRETIONARY,7
MIKROP CEBIN A,CONSUMER STAPLES,7
"MIKROS-VÍN, MIKULOV, KOM. SPOL.",NOT RELEVANT,7
MILA TRADING S.R.O. V,NOT RELEVANT,7
MILAN,NOT RELEVANT,21
MILAN ERET,NOT RELEVANT,7
MILAN JANKU,REAL ESTATE,7
MILETA A,CONSUMER DISCRETIONARY,7
"MILKTRANS,",INDUSTRIALS,7
MILOS KRECEK KK S R,CONSUMER STAPLES,7
MILOSLAV VENIGER,NOT RELEVANT,7
MILTRA B,CONSUMER STAPLES,7
MILUSKA,NOT RELEVANT,7
MINARIK,NOT RELEVANT,7
MINDA KTSN PLASTIC SOLUTIO,CONSUMER DISCRETIONARY,7
MINHA,NOT RELEVANT,7
MINIBERGER,NOT RELEVANT,7
MINTH CZ S R,CONSUMER DISCRETIONARY,7
"MIPA CZECH,S.R.O., V",NOT RELEVANT,7
MIRAS STAVITELSTVI A SANACE S R,INDUSTRIALS,7
MIRONET CZ A,CONSUMER DISCRETIONARY,7
MIROS PARDUBICE A,INDUSTRIALS,7
MIROSLAV,NOT RELEVANT,28
MIROSLAVA BRZOBOHATA,NOT RELEVANT,7
MIRROR,INDUSTRIALS,7
MIRROR CZ SPOL S R,INDUSTRIALS,7
MIRROR DEVELOPMENT S R,REAL ESTATE,7
MITAS,NOT RELEVANT,7
"MITON CZ,",INDUSTRIALS,7
MITON Numero Uno,REAL ESTATE,7
"MITOP, akciova spolecnost",NOT RELEVANT,7
MITRENGA A,INDUSTRIALS,7
MIVOKOR S R,INDUSTRIALS,7
MIVOMI S R,HEALTH CARE,7
MIXA VENDING S R,CONSUMER STAPLES,7
MJD TRADING S R,CONSUMER STAPLES,7
MK MONTEX S R,INDUSTRIALS,7
"ML - II,",REAL ESTATE,7
MLYN PERNER SVIJANY SPOL S R,CONSUMER STAPLES,7
MLYN VESEC S R,INDUSTRIALS,7
MLYNAR S R,CONSUMER STAPLES,7
MLYNSKA S R,REAL ESTATE,7
"MLÉKÁRNA CEJETICKY,SPOL. S",NOT RELEVANT,7
MMI CZECH,HEALTH CARE,7
MND A,ENERGY,7
MND PRODEJ,UTILITIES,7
MO KOV S R,INDUSTRIALS,7
MO-VE-RE,INDUSTRIALS,7
MOBIL POHOTOVOST GSM S R,CONSUMER DISCRETIONARY,7
MOBILITY,INDUSTRIALS,7
MOBILITY SOLUTIONS & SERVICES,INDUSTRIALS,7
MOBILKOM A,NOT RELEVANT,7
MOBIS AUTOMOTIVE CZECH S R,CONSUMER DISCRETIONARY,7
MOCCA CHOCOLAND,CONSUMER STAPLES,7
MOCCA SPOL S R,CONSUMER STAPLES,7
MODEL S R,CONSUMER DISCRETIONARY,7
MODIA A,INDUSTRIALS,7
MODRANY POWER A,INDUSTRIALS,7
MODUS SPOL S R,INDUSTRIALS,7
"MOGET TRADE,",INDUSTRIALS,7
MOHELKA,REAL ESTATE,7
MOL CESKA REPUBLIKA S R,CONSUMER DISCRETIONARY,7
MOLPIR GROUP CZ,CONSUMER DISCRETIONARY,7
MONDI STETI A,MATERIALS,7
MONET A,INFORMATION TECHNOLOGY,7
"MONET,",CONSUMER STAPLES,7
MONFORTE S R,REAL ESTATE,7
MONT TD,FINANCIALS,7
MONTAN OCEL SPOL S R,INDUSTRIALS,7
MONTAZE CZ S R,INDUSTRIALS,7
MONTEQ SERVIS S R,INDUSTRIALS,7
MONTI SPA A,HEALTH CARE,7
MONTY S R,REAL ESTATE,7
"MONTÁZE, DIVIZE VODA-PLYN-",NOT RELEVANT,7
MOORE CZECH REPUBLIC,INDUSTRIALS,7
MOPET CZ A.S. V,FINANCIALS,7
MORA - TOP,INDUSTRIALS,7
MORA MORAVIA S R,CONSUMER STAPLES,7
"MORA VOSTOK,",NOT RELEVANT,7
MORACELL,CONSUMER STAPLES,7
MORAGRO A S V PROSTEJOVE,CONSUMER STAPLES,7
MORAVA,INDUSTRIALS,7
MORAVA,NOT RELEVANT,7
MORAVA S R,CONSUMER STAPLES,7
MORAVA S R,MATERIALS,7
MORAVA TRADE A,NOT RELEVANT,7
MORAVAN Mlecna farma,CONSUMER STAPLES,7
MORAVEL,NOT RELEVANT,7
MORAVIA S R,CONSUMER STAPLES,7
MORAVIA S R O V,INDUSTRIALS,7
MORAVIAN SILESIAN TOURISM S R,COMMUNICATIONS,7
MORAVOSEED CZ A,CONSUMER STAPLES,7
MORAVSKA MODELARNA,CONSUMER DISCRETIONARY,7
MORAVSKA NEMOVITOSTNI A. S.,REAL ESTATE,7
MORAVSKA VODARENSKA A,UTILITIES,7
MORAVSKE VINOHRADY S R,CONSUMER STAPLES,7
MORAVSKOSLEZSKE CUKROVARY S R,CONSUMER STAPLES,7
MORAVSKOSLEZSKE DRATOVNY A,INDUSTRIALS,7
MORAVSKY LIHOVAR KOJETIN A,NOT RELEVANT,7
MORAVSKY PLYNOSTAV A,INDUSTRIALS,7
MOREAU AGRI,INDUSTRIALS,7
MORIS DESIGN S R,CONSUMER DISCRETIONARY,7
MORKUS MORAVA S R,INDUSTRIALS,7
MORYS S R,INDUSTRIALS,7
MOSAICO PROJEKT S.R.O. V,CONSUMER DISCRETIONARY,7
MOSAICO S R O V,NOT RELEVANT,7
MOSER A,CONSUMER DISCRETIONARY,7
MOSER LEGNO S R,MATERIALS,7
MOSLED S R,NOT RELEVANT,7
MOSS logistics,INDUSTRIALS,7
MOST S R,HEALTH CARE,7
MOSTARNA LISKOVEC SPOL S R,INDUSTRIALS,7
MOSTEK energo,UTILITIES,7
MOTA ENGIL CENTRAL EUROPE CESKA REP,INDUSTRIALS,7
MOTHERSON SAS AUTOMOTIVE SERVICE,CONSUMER DISCRETIONARY,7
MOTO HLAVACEK S R,FINANCIALS,7
MOTO STYL S R,CONSUMER DISCRETIONARY,7
MOTOL BENI A,NOT RELEVANT,7
MOTOPOINT A,CONSUMER DISCRETIONARY,7
MOTOR A,CONSUMER DISCRETIONARY,7
MOTOR JIKOV,CONSUMER DISCRETIONARY,7
MOTOR JIKOV SLEVARNA,MATERIALS,7
MOTOR JIKOV STROJIRENSKA A,INDUSTRIALS,7
MOTOR MANUFACTURING CZECH,CONSUMER DISCRETIONARY,7
MOTOR MANUFACTURING CZECH RE,CONSUMER DISCRETIONARY,7
MOTORPAL A,INDUSTRIALS,7
MOTORS CZ S R,CONSUMER DISCRETIONARY,7
MOTORSHOP S R,CONSUMER DISCRETIONARY,7
MOUNTFIELD A,CONSUMER DISCRETIONARY,7
MP KRASNO A,CONSUMER STAPLES,7
"MP TRADE InvEST,",MATERIALS,7
MPC SYSTEM SPOLECNOST S R,INDUSTRIALS,7
MPI TECH CZ S R,INDUSTRIALS,7
MPLUS CZECHIA,INFORMATION TECHNOLOGY,7
MPS Mostni a pozemni stavby,NOT RELEVANT,7
MPZ MB S R,CONSUMER DISCRETIONARY,7
MRAKOV,UTILITIES,7
MRAZ,NOT RELEVANT,7
MRAZIRNY EUROFROST S R,INDUSTRIALS,7
MRKVICA,NOT RELEVANT,7
MRNOUSOVA NADEZDA,NOT RELEVANT,7
MROZEK,INDUSTRIALS,7
MROZEK DUSAN,NOT RELEVANT,7
MS POWER S R,CONSUMER DISCRETIONARY,7
MS REAL - REALITY,NOT RELEVANT,7
"MSA,",INDUSTRIALS,7
MSC METPRO A,INDUSTRIALS,7
MSJ GROUP S R,CONSUMER DISCRETIONARY,7
MSV STUDENKA,NOT RELEVANT,7
MSV elektronika,INDUSTRIALS,7
MT S R,INDUSTRIALS,7
MTC DOZA S R,NOT RELEVANT,7
MTC KOLIN S R,REAL ESTATE,7
MTX,INDUSTRIALS,7
MUCHOVA,NOT RELEVANT,7
MUDR JAN GERLE,HEALTH CARE,7
MUDR MARTIN KOTAS,NOT RELEVANT,7
MUGHETTO S R,NOT RELEVANT,7
MULLER,NOT RELEVANT,7
MULLER MARTINI,CONSUMER DISCRETIONARY,7
MULLER S R,INDUSTRIALS,7
MUNTERS CZECH,NOT RELEVANT,7
MUT AUTOMOTIVE S R,INDUSTRIALS,7
MUTENICE S R,CONSUMER STAPLES,7
MV PRAGUE INVESTMENT S R,REAL ESTATE,7
MVC,NOT RELEVANT,7
MYBAU IPS S R,INDUSTRIALS,7
MYDLARKA A,CONSUMER STAPLES,7
MYNARIK ALFONS,NOT RELEVANT,7
MYSHELOVKA FINEX,CONSUMER DISCRETIONARY,7
MYTHESSA HOLDINGS LTD,FINANCIALS,7
MZ LIBEREC A,HEALTH CARE,7
MZP Group Worldwide,INDUSTRIALS,7
Macharova 2089-2091,REAL ESTATE,7
Machon,INDUSTRIALS,7
"Machova 1534/2,",REAL ESTATE,7
"Machova 356-358, Straz",REAL ESTATE,7
"Machova 359-360, Straz",REAL ESTATE,7
"Machova 361-362,Straz p.",REAL ESTATE,7
"Machova 365-366,Straz",REAL ESTATE,7
"Machova 368-369,Straz",REAL ESTATE,7
"Machova 370-375,Straz",REAL ESTATE,7
Machova Mach,REAL ESTATE,7
"Machova c.p. 990,",REAL ESTATE,7
Macurova Denisa,INDUSTRIALS,7
Magna Cartech spol. s,NOT RELEVANT,7
Mahenova 494,REAL ESTATE,7
Maj,REAL ESTATE,7
Maj - sekce 207D,REAL ESTATE,7
Majakovskeho 1149-1150,REAL ESTATE,7
"Majakovskeho 1153-4,Plzen",REAL ESTATE,7
"Majakovskeho 1155,1156",REAL ESTATE,7
"Majakovskeho 2013,",REAL ESTATE,7
"Majakovskeho 2097,",REAL ESTATE,7
"Majova 1155-1157,",REAL ESTATE,7
"Majova 51,",REAL ESTATE,7
"Majovka 737,",REAL ESTATE,7
Makostav servis Znojmo,INDUSTRIALS,7
Makovskeho 4424-4426,REAL ESTATE,7
Mala Stepanska,REAL ESTATE,7
Mala strana,REAL ESTATE,7
"Malatova 91, Praha",REAL ESTATE,7
Malfini,CONSUMER DISCRETIONARY,7
"Malinska 2090,",REAL ESTATE,7
Malkovskeho 601,REAL ESTATE,7
Mall Group,CONSUMER DISCRETIONARY,7
Maloja Investment SICAV,REAL ESTATE,7
Malostranska,REAL ESTATE,7
Maloticka 1646,REAL ESTATE,7
Malovicka 2759/15,REAL ESTATE,7
Maluchy,REAL ESTATE,7
Manda Mandova,INDUSTRIALS,7
Mandersloot CZ,INDUSTRIALS,7
Manesova 1105-Praha,REAL ESTATE,7
"Manesova 1670-1671,Sokolov",REAL ESTATE,7
"Manesova 537,Domazlice",REAL ESTATE,7
Mares Mares,INDUSTRIALS,7
Marianska 401,REAL ESTATE,7
Mark2 Corporation Logistic,CONSUMER DISCRETIONARY,7
Mark2 Corporation MFIX,INFORMATION TECHNOLOGY,7
Markova,REAL ESTATE,7
"Maroldova 1201, Uvaly",REAL ESTATE,7
"Maroldova 458,",REAL ESTATE,7
Martin Smrcek,NOT RELEVANT,7
Martinakova 8-10-12-14,REAL ESTATE,7
"Masarska 329/12,",REAL ESTATE,7
"Masarykova 37,39,",REAL ESTATE,7
"Masarykova 456, Nove",REAL ESTATE,7
"Masarykova 458,Liberec",REAL ESTATE,7
Masarykova 539 a,REAL ESTATE,7
Masarykova 882/193,REAL ESTATE,7
"Masarykova 952-953,Olomouc",REAL ESTATE,7
Masarykova namesti 824-825,REAL ESTATE,7
Masarykovo nam.,REAL ESTATE,7
Masarykovo namesti 816-817,REAL ESTATE,7
Masarykovo namesti 822-823,REAL ESTATE,7
"Maschinenfabrik Berthold Hermle AG,",INDUSTRIALS,7
Masna,REAL ESTATE,7
Masny,INDUSTRIALS,7
Masov 252,REAL ESTATE,7
Matej Krajcik,CONSUMER DISCRETIONARY,7
Mateje Kopeckeho 4823-4824,REAL ESTATE,7
"Matlovic Valentin,",NOT RELEVANT,7
Matousova,REAL ESTATE,7
Mattoni 1873,CONSUMER STAPLES,7
Mattoniho nabr. 345/38,REAL ESTATE,7
Mattoniho nabrezi 314/2,REAL ESTATE,7
Max Engines,CONSUMER DISCRETIONARY,7
"Medea Property,",REAL ESTATE,7
Medi Evolution,CONSUMER STAPLES,7
Medi-Globe,HEALTH CARE,7
Mediaprint & Kapa Pressegrosso,CONSUMER DISCRETIONARY,7
"Mediaservis,",INDUSTRIALS,7
Medical Technologies,HEALTH CARE,7
Medical Union,HEALTH CARE,7
Medispot,REAL ESTATE,7
Medisupport,HEALTH CARE,7
Medlog Czech Republic,INDUSTRIALS,7
Melc,REAL ESTATE,7
"Meleghy Automotive Czech,",CONSUMER DISCRETIONARY,7
"Melnicka 4/624, Praha",REAL ESTATE,7
"Melnik,",NOT RELEVANT,7
Melounova 519,REAL ESTATE,7
"Mendelova 2827/15,",REAL ESTATE,7
Mepla,MATERIALS,7
"Merhautova 930/11,",REAL ESTATE,7
Mestsky horizont,REAL ESTATE,7
Metall,INDUSTRIALS,7
Metrostav,INDUSTRIALS,7
Mezi Skolami,REAL ESTATE,7
Mezilesi 2073/8,REAL ESTATE,7
Mezinarodni verejny pristav Pistany,INDUSTRIALS,7
Mezirka,REAL ESTATE,7
"Mezirka 14,",REAL ESTATE,7
"Mgr Robert Sedlacek, advokat",INDUSTRIALS,7
Michael Schubert,MATERIALS,7
Miksovskeho 972,REAL ESTATE,7
Mikulecka Mikulecky,INDUSTRIALS,7
Mikus,MATERIALS,7
"Milanska 420, Praha",REAL ESTATE,7
Milevska 1111/28,REAL ESTATE,7
Millennium Services spol. s,INFORMATION TECHNOLOGY,7
Milosrdnych sester sv. Ka,HEALTH CARE,7
"Milovice-Mlada,Prubezna 608",REAL ESTATE,7
"Minerals,",MATERIALS,7
Mint Investments,FINANCIALS,7
Mint Property Management,REAL ESTATE,7
"Mirosovicka 1214,",REAL ESTATE,7
Mirosovicka 8 a,REAL ESTATE,7
"Mirova -312-314,Straz",REAL ESTATE,7
Mirova 1284-5,REAL ESTATE,7
"Mirova 1806/63, V.Mezirici",REAL ESTATE,7
"Mirova 2297/25,",REAL ESTATE,7
Mirova 525,REAL ESTATE,7
"Mirova cp.160,",REAL ESTATE,7
"Mirovicka 1092-1097,",REAL ESTATE,7
"Misakova 457/26,",REAL ESTATE,7
Mitsubishi Electric Europe B.V. -,INDUSTRIALS,7
Mitusova,REAL ESTATE,7
Mitutoyo Cesko,INDUSTRIALS,7
Mjr. Novaka,REAL ESTATE,14
Mladeze 592,REAL ESTATE,7
"Mladeznicka 1641,",REAL ESTATE,7
Mladeznicka 3063 a 3064,REAL ESTATE,7
Mladi,REAL ESTATE,7
"Mlekarenska 292, Praha",REAL ESTATE,7
Mlekarna Stribro,CONSUMER STAPLES,7
Mlyn Perner Svijany,CONSUMER STAPLES,7
"Mlynska 21-24, Usti n.Labem",REAL ESTATE,7
"Mlynska 23,24",REAL ESTATE,7
"Mlynska 623/12, Miroslav",REAL ESTATE,7
"Mneme Property,",REAL ESTATE,7
Model Obaly,MATERIALS,7
Modleticka,REAL ESTATE,7
Modleticka c.p. 1390,REAL ESTATE,7
"Modry Pavilon,",HEALTH CARE,7
"Mojmirova 789, UH",REAL ESTATE,7
"Mojmirova 926, U.Hradiste",REAL ESTATE,7
Molakova 2782,REAL ESTATE,7
Molson Coors,CONSUMER STAPLES,7
"Monetica,",INDUSTRIALS,7
Montan Kutná Hora,NOT RELEVANT,7
Moose & Partners,INDUSTRIALS,7
Moravia Steel,MATERIALS,7
Moravia ZNOJMO,CONSUMER STAPLES,7
Moravska,REAL ESTATE,7
Moravska 4776-8 ve Zline,REAL ESTATE,7
"Moravska 936-7, Oslavany",REAL ESTATE,7
"Moskevska 975-978,",REAL ESTATE,7
Mostecka 3578-3579,REAL ESTATE,7
"Mostecka 3859-3860,Chomutov",REAL ESTATE,7
Mostecka 3861-3862,REAL ESTATE,7
Mostecká montá¿ní,INDUSTRIALS,7
Moto Anex,CONSUMER DISCRETIONARY,7
"Motyli 40,",REAL ESTATE,7
Moulding,CONSUMER DISCRETIONARY,7
Mountfield,CONSUMER DISCRETIONARY,7
Mplus SnackCall,INDUSTRIALS,7
Mrkvickova,REAL ESTATE,14
Mrkvickova 1356-1360,REAL ESTATE,7
Mrkvickova 1361-1369,REAL ESTATE,7
Muchova,REAL ESTATE,7
"Multi Fleet Cars,",CONSUMER DISCRETIONARY,7
Musilkova 301,REAL ESTATE,7
My SPEDO,REAL ESTATE,7
MyClinic,HEALTH CARE,7
"MyQ, spol. s",INDUSTRIALS,7
M¿stské technické slu¿by Bílina,INDUSTRIALS,7
N KOSATKY S R,INDUSTRIALS,7
N TOWER A,REAL ESTATE,7
N Y C S R,REAL ESTATE,7
N. Fryda 1231/21,REAL ESTATE,7
N.V.,REAL ESTATE,7
NA BRNE 2133,INDUSTRIALS,7
NA HOMOLCE,HEALTH CARE,7
NA PALETACH S R,INDUSTRIALS,7
NA Popluzi 623/3,REAL ESTATE,7
NA SILE S R,INDUSTRIALS,7
NA VYSOCINE JEHLA S R,CONSUMER DISCRETIONARY,7
"NAABBAU, SPOL. S",REAL ESTATE,7
NABEOL S.R.O. V,NOT RELEVANT,7
NAFI S R,REAL ESTATE,7
NAKSAN HOLDING A,CONSUMER DISCRETIONARY,7
NAMITECH,INDUSTRIALS,7
NANO S R,INDUSTRIALS,7
"NANOSUN S.R.O., V",UTILITIES,7
NAOMI HOLDING A,CONSUMER DISCRETIONARY,7
NAPA TRUCKS SPOL S R,CONSUMER DISCRETIONARY,7
NAPEA S R,REAL ESTATE,7
NAPOS A,INDUSTRIALS,7
NARADI,INDUSTRIALS,7
NARODNI,REAL ESTATE,7
NARODNI DREVARSKY KLASTR Z,MATERIALS,7
NARODNI ENERGETICKY KLASTR Z,UTILITIES,7
NASTAVBY D.M.T.,NOT RELEVANT,7
NATE,INDUSTRIALS,7
NATE NAPOJOVA TECHNIKA A,INDUSTRIALS,7
NATEC S R,NOT RELEVANT,7
NATIONAL GOLF RESORT,NOT RELEVANT,7
NATLAND,FINANCIALS,7
NATURA FOOD ADDITIVES A,NOT RELEVANT,7
NATURA S R,INDUSTRIALS,7
NATURAL PACK group,CONSUMER STAPLES,7
NATURAMED PHARMACEUTICALS S R,HEALTH CARE,7
NAVOS A,CONSUMER STAPLES,7
NAVRATIL,NOT RELEVANT,7
NAVRATIL PAVEL,CONSUMER STAPLES,7
NAY DATART,CONSUMER DISCRETIONARY,7
NB HOLDING A,MATERIALS,7
NBD Prestice,REAL ESTATE,7
NC AUTO S R,CONSUMER DISCRETIONARY,7
NCH distribution,INDUSTRIALS,7
ND,REAL ESTATE,7
NDCON LOGIC A,INDUSTRIALS,7
"NEASA S.R.O., V",NOT RELEVANT,7
NECAS,NOT RELEVANT,7
NEECO,INFORMATION TECHNOLOGY,7
NEGRELLI,REAL ESTATE,7
NEIT CONSULTING S R,INFORMATION TECHNOLOGY,7
NELLATRADE,INDUSTRIALS,7
NEMA DREVOSTAVBY S R,REAL ESTATE,7
NEMCOVA,NOT RELEVANT,7
NEMECEK,NOT RELEVANT,7
NEMECKÁ SKOLA V PRAZE S.R.O. - ZAHR,CONSUMER DISCRETIONARY,7
NEMO IN S R,CONSUMER DISCRETIONARY,7
NEMOCNICE,HEALTH CARE,7
NEMOCNICE AGEL PODHORSKA A,NOT RELEVANT,7
NEMOCNICE BRNO,HEALTH CARE,7
NEMOCNICE BULOVKA,HEALTH CARE,7
NEMOCNICE DUCHCOV,HEALTH CARE,7
NEMOCNICE DUCHCOV - AMBULANCE,HEALTH CARE,7
NEMOCNICE HRADEC KRALOVE,HEALTH CARE,7
NEMOCNICE OSTRAVA,HEALTH CARE,7
NEMOCNICE U SV. ANNY V BRN,HEALTH CARE,7
NEMOVITOSTI,INFORMATION TECHNOLOGY,7
NEMOVITOSTI HOLASICE,REAL ESTATE,7
NEMOVITOSTI S R,INDUSTRIALS,7
NEMOVITOSTI S R,INFORMATION TECHNOLOGY,7
NEOKLAS SARDICE A,CONSUMER STAPLES,7
NEOL ESTATE S R,REAL ESTATE,7
NEOL STAV S R,INDUSTRIALS,7
"NEOLUXOR,",CONSUMER DISCRETIONARY,7
NEOPALLADIUM S R,NOT RELEVANT,7
NEPALA,FINANCIALS,7
NEPOMUK,REAL ESTATE,7
NEPRO STAVEBNI A,INDUSTRIALS,7
NERUDOVA,REAL ESTATE,7
NESS CZECH S R,INFORMATION TECHNOLOGY,7
NESTLÉ CESKO,CONSUMER STAPLES,7
NET,CONSUMER DISCRETIONARY,7
"NET PLASY,",CONSUMER STAPLES,7
"NET4GAS Holdings,",ENERGY,7
NET4GAS S R,UTILITIES,7
NET4GAS SRO,UTILITIES,7
NETEX SPOL S R,CONSUMER DISCRETIONARY,7
NETUSIL,NOT RELEVANT,7
NETWORK A,COMMUNICATIONS,7
NETWORK S R,FINANCIALS,7
NEVA Group,CONSUMER DISCRETIONARY,7
NEW ADVISORY HOLDING S R,REAL ESTATE,7
NEW YORKER CZ S R,NOT RELEVANT,7
NEWFT S R,INDUSTRIALS,7
NEWS CENTER A,CONSUMER DISCRETIONARY,7
NEWTECH S R,INDUSTRIALS,7
NEXEN TIRE EUROPE S R,CONSUMER DISCRETIONARY,7
NEXT,INDUSTRIALS,7
NEXTBIKE CZECH REPUBLIC S R,CONSUMER DISCRETIONARY,7
NEXTECH REALITY,REAL ESTATE,7
NEXTRADE EUROPE S.R.O. V,INDUSTRIALS,7
"NEXUS INVESTMENTS,",NOT RELEVANT,7
NEZBEDA,NOT RELEVANT,7
NEZVAL,NOT RELEVANT,7
"NFA HOLDING, A.S. V",NOT RELEVANT,7
NG A,INFORMATION TECHNOLOGY,7
NG Retail,INDUSTRIALS,7
"NH Car, spol. s",NOT RELEVANT,7
NHTOOLS S R,INDUSTRIALS,7
NICE HOME S R,CONSUMER DISCRETIONARY,7
NICOTRANS A,INDUSTRIALS,7
NIGELLA S R,NOT RELEVANT,7
NIKA DEVELOPMENT A,REAL ESTATE,7
NIKA LOGISTICS A,INDUSTRIALS,7
NIPPON EXPRESS (DEUTSCHLAND) GMBH &,INDUSTRIALS,7
NISSENS COOLING SOLUTIONS CZECH S,INDUSTRIALS,7
"NITROCELLULOSE,",MATERIALS,7
NIVA A,CONSUMER STAPLES,7
NK BRNO Int.,INDUSTRIALS,7
NOABE S R,INFORMATION TECHNOLOGY,7
"NOACK CR, spol. s",CONSUMER STAPLES,7
NOBIANA S R,INDUSTRIALS,7
NOEN A,INDUSTRIALS,7
NOHEL,NOT RELEVANT,7
NOHEL GARDEN,CONSUMER DISCRETIONARY,7
NOHEL GARDEN A,CONSUMER DISCRETIONARY,7
NOKIAN TYRES S R,CONSUMER DISCRETIONARY,7
NOLANUS INVEST,FINANCIALS,7
NOLATINO S R,REAL ESTATE,7
NON RECOURSE FACTORING POOL FOR W A,ENERGY,7
NONCORE A,FINANCIALS,7
NOPO ENGINEERING S R,INDUSTRIALS,7
NOPROSU,INDUSTRIALS,7
"NORBERT SCHALLER, spol. s",NOT RELEVANT,7
NORD,HEALTH CARE,7
NORD PARK 01 S R,INDUSTRIALS,7
NORDEC S R,INDUSTRIALS,7
NORDIC TELECOM REGIONAL S R,COMMUNICATIONS,7
NORDMANN RASSMANN CZECH REPUBLIC,MATERIALS,7
NORICAN CZECH,INDUSTRIALS,7
NORMA CZECH S R,INDUSTRIALS,7
NORMA K,CONSUMER STAPLES,7
NORTH STAV A,INDUSTRIALS,7
NORTH VIDEO S R,NOT RELEVANT,7
"NORWEST, SPOL. S",NOT RELEVANT,7
NOVA A,CONSUMER STAPLES,7
NOVA PEC S R,CONSUMER STAPLES,7
NOVA PROJEKT S.R.O. V,FINANCIALS,7
NOVA SPOL S R,CONSUMER STAPLES,7
NOVA ZVONARKA SPOL S R,NOT RELEVANT,7
NOVACHEM MANUFACTURING S.R.O. V LIK,FINANCIALS,7
NOVACHEM S R,MATERIALS,7
NOVACHEM S.R.O. V,CONSUMER DISCRETIONARY,7
"NOVAK - papir,",MATERIALS,7
NOVAK CV,CONSUMER DISCRETIONARY,7
NOVAK MASO UZENINY S R,CONSUMER STAPLES,7
NOVAKA DEVITKA,REAL ESTATE,7
"NOVATISK,",INDUSTRIALS,7
NOVAVAX CZ A,HEALTH CARE,7
NOVIBRA BOSKOVICE S R,INDUSTRIALS,7
NOVY PONEC S R,INDUSTRIALS,7
NOVY VEK S R,CONSUMER STAPLES,7
NOVa HUt,MATERIALS,7
NOVÁ OPTIKA,COMMUNICATIONS,7
NOWACO,NOT RELEVANT,7
NP30 S R,CONSUMER DISCRETIONARY,7
NP60 S R,REAL ESTATE,7
NR7 S R,REAL ESTATE,7
NS RETAIL S R,CONSUMER STAPLES,7
NTC,CONSUMER DISCRETIONARY,7
NTT CZECH REPUBLIC S R,INFORMATION TECHNOLOGY,7
NUESTRO BUSINESS A,REAL ESTATE,7
NUHLICEK,NOT RELEVANT,7
NUHLICKOVA TATANA,NOT RELEVANT,7
NVB GROUP A.S. - V,CONSUMER STAPLES,7
NVISION CZECH REPUBLIC A,CONSUMER DISCRETIONARY,7
NWT A,INDUSTRIALS,7
NWT FUND SICAV,INDUSTRIALS,7
NWT HOLDING LIMITED,INDUSTRIALS,7
NWT INVEST S R,FINANCIALS,7
NWT INVEST SRO CONSOLIDATE,CONSUMER DISCRETIONARY,7
NXP SEMICONDUCTORS CZECH REPUBLIC,INFORMATION TECHNOLOGY,7
NYMWAG CS A,INDUSTRIALS,7
NYPACK S R,MATERIALS,7
NYPRO HUTNI PRODEJ A,INDUSTRIALS,7
Na Balabence 1431-1433,REAL ESTATE,7
Na Bilem potoce 558,REAL ESTATE,7
Na Bilem potoce 650-651,REAL ESTATE,7
"Na Bityskach 579,",REAL ESTATE,7
"Na Cihlarce 2766/22,",REAL ESTATE,7
Na Dlouhem lanu 34/14,REAL ESTATE,7
"Na Holbe 466,",REAL ESTATE,7
Na Hranickach 313/19,REAL ESTATE,7
"Na Hranickach 499,572,573",REAL ESTATE,7
"Na Hurce 471, 489",REAL ESTATE,7
Na Kamencoch 1332,REAL ESTATE,7
"Na Komarove 518,",REAL ESTATE,7
Na Kopci 2138,REAL ESTATE,7
"Na Letne 33,35,",REAL ESTATE,7
"Na Letne 55,57,59",REAL ESTATE,7
Na Nabrezi,REAL ESTATE,7
"Na Obore 573,Karolinka",REAL ESTATE,7
"Na Orate 413,",REAL ESTATE,7
Na Padelcich,REAL ESTATE,7
"Na Pastvisku 1468/10,",REAL ESTATE,7
"Na Perstyne 592,",REAL ESTATE,7
Na Petrinach 11/1790,REAL ESTATE,7
Na Petrinach 1896/31,REAL ESTATE,7
"Na Podlesi 1422-1425, Kadan",REAL ESTATE,7
"Na Podlesi 1427-1430,Kadan",REAL ESTATE,7
Na Prikopech 869-871,REAL ESTATE,7
Na Robinsonce,REAL ESTATE,7
"Na Roudne 324/176,",REAL ESTATE,7
"Na Rovine 1030,",REAL ESTATE,7
Na Rybnicku 11-17,REAL ESTATE,7
"Na Rybnicku 866/35,",REAL ESTATE,7
Na Sidlisti 711,REAL ESTATE,7
Na Strazi,REAL ESTATE,7
"Na Trzisti 333,",REAL ESTATE,7
"Na Trzisti 334,",REAL ESTATE,7
"Na Valticke 27-28,",REAL ESTATE,7
"Na Vozovce 836-837,Olomouc",REAL ESTATE,7
"Na Vozovce 869-871,Olomouc",REAL ESTATE,7
"Na Vyhlídce 1503,1504",REAL ESTATE,7
Na Vys. vinicich 825/10,REAL ESTATE,7
Na Vysledku 1085,REAL ESTATE,7
Na Vytoni,REAL ESTATE,7
Na Zderaze,REAL ESTATE,7
"Na hlidce 10, Praha",REAL ESTATE,7
"Na magistrale 743-745,Kolin",REAL ESTATE,7
Na rybnicku,REAL ESTATE,7
"Na rybnicku 737, Unhost",REAL ESTATE,7
Na sedive,REAL ESTATE,7
Na vyhlidce 1649-1650,REAL ESTATE,7
"Na vyslunni 559,",REAL ESTATE,7
"Nabrezi 1360-61, Napajedla",REAL ESTATE,7
Nabrezi 447,REAL ESTATE,7
"Nad Konvarkou 315/3, P5",REAL ESTATE,7
"Nad Lipinou 1725,",REAL ESTATE,7
Nad Olsinami 19-25,REAL ESTATE,7
Nad Palouckem 1722-1723,REAL ESTATE,7
Nad Primaskou 24/785,REAL ESTATE,7
Nad Radysem,REAL ESTATE,7
"Nad Skolou 1385,",REAL ESTATE,7
Nad Zlichovem 457-458,REAL ESTATE,7
Nad uzlabinou,REAL ESTATE,7
Nadrazni,REAL ESTATE,7
"Nadrazni 1,",REAL ESTATE,7
Nadrazni 1083-1084,REAL ESTATE,7
"Nadrazni 1127,",REAL ESTATE,7
"Nadrazni 222, Dolni",REAL ESTATE,7
Nadrazni 2682,REAL ESTATE,7
"Nadrazni 579,",REAL ESTATE,7
"Nadrazni 76-77,",REAL ESTATE,7
Nadrazni c.p.,REAL ESTATE,7
Nalepkova 967/6,REAL ESTATE,7
Namesti Na Balabence 1439,REAL ESTATE,7
"Nar. bojovniku 1124,Holesov",REAL ESTATE,7
Narodni obrany 821/41,REAL ESTATE,7
Nas chleb,CONSUMER STAPLES,7
Naves Svobody 577/44,REAL ESTATE,7
Navigatoru 569 -599,REAL ESTATE,7
Navlacil,INDUSTRIALS,7
"Navlacil servis,",INDUSTRIALS,7
Navsi 616,REAL ESTATE,7
Nebanice,REAL ESTATE,7
Nebanice 60-61,REAL ESTATE,7
Nebanice 62-63,REAL ESTATE,7
"Nedvedova 360, 361, 362",REAL ESTATE,7
Nedvezska 2233-2236,REAL ESTATE,7
"Nefab Packaging Czech Republic, s.r",MATERIALS,7
"Nefele Property,",REAL ESTATE,7
"Nejlepsi misto,",REAL ESTATE,7
Nekvasilova 584 - 587,REAL ESTATE,7
"Nemocnicni 1172,1173",REAL ESTATE,7
"Nemocnicni 1174, 1175",REAL ESTATE,7
Nemocnicni 1176 a 1177,REAL ESTATE,7
Neplachova 813-816,REAL ESTATE,7
"Nepomucka 12,14,",REAL ESTATE,7
"Nerudova 257/6, Novy",REAL ESTATE,7
"Nerudova 266/10,Novy",REAL ESTATE,7
"Nerudova 940,",REAL ESTATE,7
"Nerudova 991, 1106, 1107",REAL ESTATE,7
Nesetril Michal,INDUSTRIALS,7
Nexans Power Accessories Czech Repu,INFORMATION TECHNOLOGY,7
"Nezvalova 1817,",REAL ESTATE,7
Nezvalovo namesti 846,REAL ESTATE,7
Nikey,CONSUMER DISCRETIONARY,7
Nitto Denko Czech,CONSUMER DISCRETIONARY,7
"Nizkovice 266,267",REAL ESTATE,7
Nodyrena,CONSUMER DISCRETIONARY,7
Nohejl Studlar,INDUSTRIALS,7
NonStop Consulting,INDUSTRIALS,7
Northe,INDUSTRIALS,7
"Notino,",CONSUMER STAPLES,7
"Nova 1288-1290,",REAL ESTATE,7
"Nova 1811-1813,",REAL ESTATE,7
"Nova Tesla III,",REAL ESTATE,7
Nova Valcha,REAL ESTATE,7
"Nove Kbely,",REAL ESTATE,7
Nove Sidliste 356,REAL ESTATE,7
"Novy Berstejn 8,",REAL ESTATE,7
Novy Malin,REAL ESTATE,7
Nový Jicín,HEALTH CARE,7
"Nuselska 98/375, Praha",REAL ESTATE,7
Nusle 1524-1529,REAL ESTATE,7
Nut World,CONSUMER STAPLES,7
Nuzik Slavickova Tokos,CONSUMER STAPLES,7
Nymwag,INDUSTRIALS,7
"Nyranska 20, 22,",REAL ESTATE,7
"Nyranska 32, 34",REAL ESTATE,7
"Nyranska 44,46,",REAL ESTATE,7
"O F T CZ,",CONSUMER STAPLES,7
O K STAVEBNI S R,INDUSTRIALS,7
O L P R A N SPOL S R,CONSUMER DISCRETIONARY,7
O S CREW MANAGEMENT S R,INDUSTRIALS,7
O T E C CR S R,INDUSTRIALS,7
O V P SPOL S R,CONSUMER STAPLES,7
"O. Jeremiase 1998,",REAL ESTATE,7
O. Jeremiase 6003/51,REAL ESTATE,7
O.K. Trans Praha spol.s.r.o.,INDUSTRIALS,7
OAK SAWMILL S R,INDUSTRIALS,7
OAKFIELD,INDUSTRIALS,7
OBALOVNA PRIBRAM S R,MATERIALS,7
OBALOVNA S R,INDUSTRIALS,7
OBCHODNI DRUZSTVO KOLNY,CONSUMER STAPLES,7
OBCHODNI SPOLECNOST,NOT RELEVANT,7
OBCHODNI SPOLECNOST ONOM,CONSUMER STAPLES,7
OBCHODNÍ DRUZSTVO OPAVA-KATERINKY,NOT RELEVANT,7
"OBCHODNÍ SPOLECNOST KREDIT, SPOL.",INDUSTRIALS,7
OBDEN S R,NOT RELEVANT,7
OBEC CELADNA,NOT RELEVANT,7
OBERREITEROVA DANA,NOT RELEVANT,7
OBI Ceská republika,CONSUMER DISCRETIONARY,7
OBRETA SPOL. S,NOT RELEVANT,7
OBROBNA RESL,NOT RELEVANT,7
OC SEVER S R,REAL ESTATE,7
OCEAN SHIPPING A,INDUSTRIALS,7
OCEANTIDE S R,INFORMATION TECHNOLOGY,7
OCEL SPOL S R,INDUSTRIALS,7
OCTIES,NOT RELEVANT,7
OCZ VRCHLABI A,CONSUMER DISCRETIONARY,7
ODERSKO A,CONSUMER STAPLES,7
ODPADU CZ S R,INDUSTRIALS,7
ODPADU HOLDING A,INDUSTRIALS,7
ODPADY A,INDUSTRIALS,7
ODVARKO,NOT RELEVANT,7
OETINGER CZ S R,MATERIALS,7
OEZ S R,NOT RELEVANT,7
OFFICE LUZICKA S R,INDUSTRIALS,7
OFFICEO S R,CONSUMER DISCRETIONARY,7
OFO CZ A,NOT RELEVANT,7
OHLA ZS A,INDUSTRIALS,7
OIA GLOBAL S R,NOT RELEVANT,7
OIL S R,INDUSTRIALS,7
"OK PROCESS,",INDUSTRIALS,7
"OK Rehabilitace,",HEALTH CARE,7
OKAY,CONSUMER DISCRETIONARY,7
OKAY HOLDING,CONSUMER DISCRETIONARY,7
OKIM SPOL. S,CONSUMER DISCRETIONARY,7
OKIN GROUP,INDUSTRIALS,7
OKLESTEK,NOT RELEVANT,7
OKNA A,INDUSTRIALS,7
OKNA CZ S R,INDUSTRIALS,7
OKNA DVERE JAVORNIK S R,INDUSTRIALS,7
OKNOSTYL GROUP,INDUSTRIALS,7
OKRASNE ZAHRADY ARBORISTIKA S R,INDUSTRIALS,7
OKTAGON,COMMUNICATIONS,7
OKZ HOLDING,INDUSTRIALS,7
"OL TRANS CZ,",INDUSTRIALS,7
OLBENA akciova spolecnost,UTILITIES,7
"OLEASPOL, A.S. V",NOT RELEVANT,7
OLEOFIN A,FINANCIALS,7
OLESNICE,CONSUMER STAPLES,7
OLGA,NOT RELEVANT,7
OLIKLA S R,HEALTH CARE,7
OLOMOUC SPOL S R,CONSUMER DISCRETIONARY,7
OLPRAN NEXTBIKE,CONSUMER DISCRETIONARY,7
OLSANSKÉ PAPÍRNY,NOT RELEVANT,7
OLYMPTOY,CONSUMER DISCRETIONARY,7
OLYMPUS C & S spol. s,CONSUMER DISCRETIONARY,7
OLZA SPOL S R,CONSUMER DISCRETIONARY,7
OMA CZ A,INDUSTRIALS,7
OMAR ABDEL NASSER,NOT RELEVANT,7
OMEGA MACHINERY AND STEEL S R,MATERIALS,7
OMHC A,CONSUMER DISCRETIONARY,7
OMICON S R,INDUSTRIALS,7
"OMNICOM MEDIA GROUP CZECH,",CONSUMER DISCRETIONARY,7
OMNIPACK,MATERIALS,7
OMNIPLAST S R,INDUSTRIALS,7
OMNIPOL,INDUSTRIALS,7
OMNIPOL A,INDUSTRIALS,7
OMUS I INC,CONSUMER DISCRETIONARY,7
OMV CESKA REPUBLIKA S R,NOT RELEVANT,7
ON GROUP A,CONSUMER DISCRETIONARY,7
ON LINE A,NOT RELEVANT,7
ONDERKA,NOT RELEVANT,7
ONDRASOVKA A,CONSUMER STAPLES,7
ONDREJ SIMECEK,UTILITIES,7
ONDREJ SVOBODA - FIRMA SVOBODA,INDUSTRIALS,7
ONDREJOVICKA STROJIRNA A,INDUSTRIALS,7
ONDRSTROJ ENGINEERING,INDUSTRIALS,7
ONE ITALY S P,INDUSTRIALS,7
ONEPLANET ONEBUSINESS S R,INDUSTRIALS,7
"ONEplanet,ONEbusiness",COMMUNICATIONS,7
ONIO S R,CONSUMER DISCRETIONARY,7
ONLINE DILY CZ S R,CONSUMER DISCRETIONARY,7
ONTEX CZ S R,CONSUMER STAPLES,7
OPATHERM A,UTILITIES,7
OPAVA S R,CONSUMER DISCRETIONARY,7
OPAVIA LU S R,CONSUMER STAPLES,7
OPAVSKA LESNI A,MATERIALS,7
OPRO CZ K,NOT RELEVANT,7
OPTIC A,CONSUMER DISCRETIONARY,7
"OPTIC,",CONSUMER DISCRETIONARY,7
OPTIKA S R,INFORMATION TECHNOLOGY,7
OPTIMONT 2000 S R,MATERIALS,7
"OPTYS, spol. s",INDUSTRIALS,7
"OPUS V , SPOL. S R.O. V",NOT RELEVANT,7
"OQEMA,",MATERIALS,7
ORACOVA TROJKA,REAL ESTATE,7
ORBICO S R,CONSUMER DISCRETIONARY,7
OREBITSKA 6 S R,FINANCIALS,7
OREKHOVA OXANA,NOT RELEVANT,7
ORESI S R,CONSUMER DISCRETIONARY,7
ORIFLAME CZECH REPUBLIC SPOL S R,CONSUMER STAPLES,7
ORLEN UNIPETROL CONSOLIDAT,ENERGY,7
ORLEN UNIPETROL DOPRAVA S R,NOT RELEVANT,7
ORLITA ALEXANDR,NOT RELEVANT,7
ORMONDE ORGANICS INT.,INDUSTRIALS,7
ORPA PAPIR A,MATERIALS,7
ORSEN S R,REAL ESTATE,7
"ORTOLANA GROUP,",MATERIALS,7
OS JAKA PARTNER S.R.O.-V,NOT RELEVANT,7
"OSB, spol. s",MATERIALS,7
OSECKA ZEMEDELSKA A OBCHODNI SPOLEC,CONSUMER STAPLES,7
OSEO S R,NOT RELEVANT,7
OSEVA UNI A,CONSUMER STAPLES,7
OSOH A,CONSUMER DISCRETIONARY,7
OSP SPOL S R,INDUSTRIALS,7
OSPREY S R,REAL ESTATE,7
OSS INDUSTRIAL SOLUTIONS,INDUSTRIALS,7
OSSEGG HOLDING S R,CONSUMER DISCRETIONARY,7
OST PROFI S R,MATERIALS,7
OSTATEK,NOT RELEVANT,7
OSTRA GROUP,INDUSTRIALS,7
OSTRAVA A,MATERIALS,7
OSTRAVA S R,CONSUMER DISCRETIONARY,7
OSTRAVA SERVIS S R,INDUSTRIALS,7
OSTRAVSKA,CONSUMER DISCRETIONARY,7
OSTROJ A,INDUSTRIALS,7
"OTE,",NOT RELEVANT,7
OTEVRENY PODILOVY FOND BE,MATERIALS,7
OTJ,REAL ESTATE,7
OTK PRINTING PACKAGING A,MATERIALS,7
OTP ENGINEERING S R,INDUSTRIALS,7
OTROCIN S R,CONSUMER STAPLES,7
OTROKOVICE A,UTILITIES,7
OUSKA,NOT RELEVANT,7
OUSKOVA NIKOLA,NOT RELEVANT,7
OUTDOOR AKZENT S R,NOT RELEVANT,7
OUTLY CZ S R,CONSUMER DISCRETIONARY,7
OUTOKUMPU S.R.O. V,MATERIALS,7
OUTSOURCING S R,INDUSTRIALS,7
OUTULNY A,NOT RELEVANT,7
OVB ALLFINANZ A,FINANCIALS,7
OVCACEK,NOT RELEVANT,7
OVERKILL ALPHA CONSOLIDATE,INFORMATION TECHNOLOGY,7
OVERLINE FLEET,INDUSTRIALS,7
OVISION CZ,INDUSTRIALS,7
OXID NETWORKS S R,COMMUNICATIONS,7
OZ Energie,INDUSTRIALS,7
OZAP A,MATERIALS,7
"Obaly Morava,",NOT RELEVANT,7
"Obchodni 535-536,",REAL ESTATE,7
"Obchodni 547-548,",REAL ESTATE,7
Obec Blizejov,FINANCIALS,7
Obeti 6.kvetna 554/4,REAL ESTATE,7
Obla,REAL ESTATE,7
"Obora 669, Vlasim",REAL ESTATE,7
"Obrancu miru 12,Bruntal",REAL ESTATE,7
Ocni klinika Horni Pocernice,HEALTH CARE,7
Ocni optika horni pocernice,CONSUMER DISCRETIONARY,7
"Ocovska 15,17,",REAL ESTATE,7
Odborarska,REAL ESTATE,14
OdbytovE druZstvo PolabI,CONSUMER STAPLES,7
Odehnal,INDUSTRIALS,7
OdeonEna,REAL ESTATE,7
Office,REAL ESTATE,7
"Ofion Property,",REAL ESTATE,7
"Ohrada 1850,",REAL ESTATE,7
"Ohrada 1862,",REAL ESTATE,7
Ohradni 1345,REAL ESTATE,7
"Ohradni 1354,",REAL ESTATE,7
Okrouhla,REAL ESTATE,7
"Okrouhla 588/32,",REAL ESTATE,7
"Okruzni 336-338,Straz",REAL ESTATE,7
"Okruzni 339-341, Straz",REAL ESTATE,7
"Okruzni 406,",REAL ESTATE,7
"Okruzni 411,",REAL ESTATE,7
Okruzni 527/1,REAL ESTATE,7
Olbrachtova 1192,REAL ESTATE,7
Old Town Apartments,CONSUMER DISCRETIONARY,7
Oldrichovska 643,REAL ESTATE,7
Olga BidCo,CONSUMER STAPLES,7
Olomouc,REAL ESTATE,7
Olomouc v Unicove,REAL ESTATE,7
Olomoucka,REAL ESTATE,7
"Omega Horovice, spol. s",MATERIALS,7
Omya CZ,MATERIALS,7
Ondrickova 1246,REAL ESTATE,7
One3D,CONSUMER DISCRETIONARY,7
"Opalkova 4,",REAL ESTATE,7
"Opavska 1125/72,",REAL ESTATE,7
Opavska 1128,REAL ESTATE,7
"Opavska 124-126, Vítkov",REAL ESTATE,7
Opavska 227,REAL ESTATE,7
Opletalova 36 a,REAL ESTATE,7
"Opravárenský závod MSA,",INDUSTRIALS,7
"Optiform,",CONSUMER DISCRETIONARY,7
"Optimalizace verejne dopravy,",NOT RELEVANT,7
Optovize,HEALTH CARE,7
"Orchideus Property,",REAL ESTATE,7
Orechov,REAL ESTATE,7
"Orechova 1105,",REAL ESTATE,7
Orifarm Supply,HEALTH CARE,7
"Osadni 1476/43, Praha",REAL ESTATE,7
Osecka,REAL ESTATE,7
Osenice 57,REAL ESTATE,7
Osmek 528 v Prerove,REAL ESTATE,7
"Ostopovicka 538, 539,",REAL ESTATE,7
Ostra Group,INDUSTRIALS,7
"Ostrava, Sokolovska 1175/10",REAL ESTATE,7
Ostrov,HEALTH CARE,7
Ostrov 2283-2285,REAL ESTATE,7
"Ostrov 2289, 2290 a 2291",REAL ESTATE,7
"Osvobozeni 1051,",REAL ESTATE,7
"Osvobozeni 1063-64,",REAL ESTATE,7
Osvobozeni 3547-3548,REAL ESTATE,7
Osvobozeni 3553-3554,REAL ESTATE,7
"Osvobozeni 644-648,",REAL ESTATE,7
Otakara Jeremiase 1995/19,REAL ESTATE,7
Other Assets CZ,CONSUMER STAPLES,7
"Oticka 892,",REAL ESTATE,7
"Otinska 1022/44, Praha",REAL ESTATE,7
OverLine,INDUSTRIALS,7
P A Z S R,INDUSTRIALS,7
P BREZINA SERVIS S R,INDUSTRIALS,7
P M B A,REAL ESTATE,7
P S R,INDUSTRIALS,7
P-Hawker CZ,INDUSTRIALS,7
P. Kricky,REAL ESTATE,7
P.K. SOLVENT,CONSUMER STAPLES,7
P.Kricky 2707,REAL ESTATE,7
P3 PRAGUE D11 S R,REAL ESTATE,7
P3CHEM S R,INDUSTRIALS,7
PACIFIC BOHEMIA S R,NOT RELEVANT,7
PADOS S.R.O. V,INDUSTRIALS,7
PADYSAK,NOT RELEVANT,7
"PAINT APPLICATION,",CONSUMER DISCRETIONARY,7
PAINTING PARTNERS S R,CONSUMER DISCRETIONARY,7
PAJONK,INDUSTRIALS,7
PALACE BRNO S R,CONSUMER DISCRETIONARY,7
PALACE BUTOVICE S R,CONSUMER DISCRETIONARY,7
PALACE CINEMAS CZECH S R,NOT RELEVANT,7
"PALACE Property,",REAL ESTATE,7
PALACE S R,CONSUMER DISCRETIONARY,7
PALACE SPORILOV S R,CONSUMER DISCRETIONARY,7
PALACE TUCHOMERICE,CONSUMER DISCRETIONARY,7
PALACE VYSOCANY S R,CONSUMER DISCRETIONARY,7
PALACKEHO V OLOMOUCI,NOT RELEVANT,7
"PALASINO GROUP,",CONSUMER DISCRETIONARY,7
PALATINO,CONSUMER DISCRETIONARY,7
PALETPLASTIC,MATERIALS,7
PALETPLASTIK S R,MATERIALS,7
PALETY LUKI S R,MATERIALS,7
PALIVA JS S R,CONSUMER DISCRETIONARY,7
PALIVA SEVER,ENERGY,7
"PALMA Group CZ,",FINANCIALS,7
PALMERS RETAIL C S S R,CONSUMER DISCRETIONARY,7
PALÁC FLORA,REAL ESTATE,7
PAMET SPOL S R,INDUSTRIALS,7
PAMPUS INDUSTRIEBETEILIGUNGEN GMBH,NOT RELEVANT,7
PANACEK DUSAN - INTER PAN,MATERIALS,7
PANALEX S.R.O. V,INDUSTRIALS,7
PANAV A,INDUSTRIALS,7
PANDORA JEWELRY CR S R,CONSUMER DISCRETIONARY,7
PANFLEX S R,INDUSTRIALS,7
PAOLETTA S R,NOT RELEVANT,7
PAOMA S R,REAL ESTATE,7
PAP OIL CERPACI STANICE S R,INDUSTRIALS,7
PAP PACKAGING,MATERIALS,7
PAPCEL A,INDUSTRIALS,7
PAPER A,MATERIALS,7
PAPIRNY VLTAVSKY MLYN A,NOT RELEVANT,7
PAPYRUS BOHEMIA S R,MATERIALS,7
PARA,INDUSTRIALS,7
PARADISO CZECH S R,NOT RELEVANT,7
PARAGON CUSTOMER COMMUNICATIONS,CONSUMER DISCRETIONARY,7
PARAMO A,ENERGY,7
PARDUBICE A,MATERIALS,7
PARDUBICE HOLDING,INDUSTRIALS,7
PARDUBICKO S R,INDUSTRIALS,7
PARK S R,INDUSTRIALS,7
PARKING S.R.O. V,NOT RELEVANT,7
PARMA servis,CONSUMER DISCRETIONARY,7
PARRY NEVILLE GEORGE,NOT RELEVANT,7
PARS A,INDUSTRIALS,7
PARTNER IN PET FOOD CZ S R,CONSUMER STAPLES,7
PARTNERS for your fleet management,CONSUMER DISCRETIONARY,7
PASOIL S R,CONSUMER DISCRETIONARY,7
PASSIVE SAFETY CZECH,CONSUMER DISCRETIONARY,7
PATERA OLDRICH,NOT RELEVANT,7
PATREM PIPE TECHNOLOGIES S R,MATERIALS,7
PATROL CENTRUM,NOT RELEVANT,7
"PAUL WURTH,",INDUSTRIALS,7
PAVEL,NOT RELEVANT,35
PAVEL MANASEK,INDUSTRIALS,7
PAVLICEK,NOT RELEVANT,7
PAYROLL CZ S R,INDUSTRIALS,7
PB COSTRUZIONI S R,INDUSTRIALS,7
PBF S R,INFORMATION TECHNOLOGY,7
PBS,INDUSTRIALS,7
PCC MORAVA CHEM S R,NOT RELEVANT,7
PCV ALFA,MATERIALS,7
PCV COMPUTERS S R,CONSUMER DISCRETIONARY,7
PE AL INVEST A,REAL ESTATE,7
PEAL A,CONSUMER STAPLES,7
PEARS HEALTH CYBER EUROPE S R,HEALTH CARE,7
PEARS HEALTH CYBER S R,CONSUMER STAPLES,7
PEC STUDENTS SERVICES S R,REAL ESTATE,7
PECE DOMAZLICE,HEALTH CARE,7
PECE PRIBR,HEALTH CARE,7
PECHA,CONSUMER DISCRETIONARY,7
PECHASAN SPOL S R,INDUSTRIALS,7
PECHLAT,NOT RELEVANT,7
PECINKA,NOT RELEVANT,7
PECKOVA 277,REAL ESTATE,7
PECKOVA MAGDA,NOT RELEVANT,7
PECUD vyrobni a obchodni,CONSUMER STAPLES,7
PEEK CLOPPENBURG S R,CONSUMER DISCRETIONARY,7
"PEGA HOIST,",INDUSTRIALS,7
PEGAS,NOT RELEVANT,7
PEGAS OIL S R,INDUSTRIALS,7
PEGATRON CZECH S R,CONSUMER DISCRETIONARY,7
PEKAREK,NOT RELEVANT,7
PEKARNA HRUSKA SPOL S R,CONSUMER STAPLES,7
PEKARNY A CUKRARNY NACHOD A,CONSUMER STAPLES,7
PEKARSTVI POD POSTOU S R,CONSUMER STAPLES,7
PEKASS,INDUSTRIALS,7
PEKASS A,INDUSTRIALS,7
PEKAST S R,NOT RELEVANT,7
PEKM KABELTECHNIK,NOT RELEVANT,7
PEKOSA CHODOV S R,CONSUMER STAPLES,7
PELHRIMOV A,CONSUMER STAPLES,7
PELLS DISTRIBUTION S R,CONSUMER DISCRETIONARY,7
PEM INVEST A,REAL ESTATE,7
PEM INVEST RBCZ CLIENTS CO,REAL ESTATE,7
PEMIC BOOKS A,CONSUMER DISCRETIONARY,7
PENAM,CONSUMER STAPLES,7
PENAM A,CONSUMER STAPLES,7
PENAMAX S.R.O. V,NOT RELEVANT,7
"PENDALTY CZECH, SPOL. S",NOT RELEVANT,7
PENEDER STAVEBNI ELEMENTY S R O V L,INDUSTRIALS,7
PENNY CZ,CONSUMER STAPLES,7
PENNY MARKET S R,CONSUMER STAPLES,7
PENTA,HEALTH CARE,7
PENTA CZ S R,CONSUMER DISCRETIONARY,7
PENTA HEALTHCARE PL CONSOL,HEALTH CARE,7
"PENTA TRADING, spol. s",INDUSTRIALS,7
PEOPLE IN NEED CLOVEK V TISNI COVJE,INDUSTRIALS,7
PEPCO CZECH REPUBLIC S R,CONSUMER DISCRETIONARY,7
PERAPLAS CESKO S R,INDUSTRIALS,7
PERFE CZ A,INDUSTRIALS,7
PERFECT TOUR SRL ORGANIZACNI,CONSUMER DISCRETIONARY,7
PERFORMICA S R,INFORMATION TECHNOLOGY,7
PERMET,INFORMATION TECHNOLOGY,7
PERNER REAL ESTATE S R,REAL ESTATE,7
PERPERUNA ECO S R,MATERIALS,7
PERROTT HILL BRITISH SCHOOL PRAGUE,CONSUMER DISCRETIONARY,7
PESL,REAL ESTATE,7
PET PRODUCTS S R,CONSUMER STAPLES,7
PETAINER CZECH HOLDINGS S R,MATERIALS,7
PETANA,NOT RELEVANT,7
PETCENTER CZ S R,CONSUMER DISCRETIONARY,7
PETCO technology,MATERIALS,7
PETIRA,NOT RELEVANT,7
PETR,NOT RELEVANT,35
PETR HOBZA SNACK A,CONSUMER STAPLES,7
PETR NOHEL,NOT RELEVANT,7
PETR SANTARIUS SANTI PRODUCTS,NOT RELEVANT,7
PETRA FINANCE S R,FINANCIALS,7
PETRATRANS s. r.,INDUSTRIALS,7
PETREK,NOT RELEVANT,7
PETRIN S R,REAL ESTATE,7
PETRO NOVA S R,ENERGY,7
PETROF SPOL S R,CONSUMER DISCRETIONARY,7
"PETROM STAVBY,",INDUSTRIALS,7
PETROMA KAMENOLOMY,MATERIALS,7
PETRONAL,CONSUMER DISCRETIONARY,7
PETRU,NOT RELEVANT,7
PETSCHL TRANSPORTE CESKO S R,NOT RELEVANT,7
PEWAG S R,NOT RELEVANT,7
PF PLASTY CZ S R,NOT RELEVANT,7
PFAHNL TRANSPORTE SPOL S R O V,NOT RELEVANT,7
PFANNER SPOL S R,CONSUMER STAPLES,7
PFEIFER HOLZ S R,INDUSTRIALS,7
PFN NW A,NOT RELEVANT,7
PFNONWOVENS CZECH S R,NOT RELEVANT,7
PFX,COMMUNICATIONS,7
PG SERVIS A,CONSUMER DISCRETIONARY,7
PHAR SERVICE A,HEALTH CARE,7
PHARMA A,HEALTH CARE,7
PHARMA MOST S R,CONSUMER STAPLES,7
PHARMA PARK CR S R,REAL ESTATE,7
PHARMA S R,NOT RELEVANT,7
PHARMA SOLUTIONS S R,HEALTH CARE,7
PHARMAGEN CZ,HEALTH CARE,7
PHARMING A,REAL ESTATE,7
"PHARMING VÝROBNÍ,",MATERIALS,7
PHARMOS A,HEALTH CARE,7
"PHD,",CONSUMER DISCRETIONARY,7
PHILIBERT A,REAL ESTATE,7
PHILIP MORRIS CR,CONSUMER STAPLES,14
PHILIPS CESKA REPUBLIKA,INDUSTRIALS,7
PHL SPRAVNI S R O V,CONSUMER DISCRETIONARY,7
"PHOENIX LÉKÁRENSKÝ VELKOOBCHOD, S.R",HEALTH CARE,7
PHOTON ENERGY,UTILITIES,7
PHRASE A,INFORMATION TECHNOLOGY,7
PICCOLLO SPOL S R,CONSUMER DISCRETIONARY,7
PIERO S R,MATERIALS,7
PIESTANSKY X FORCE A,INDUSTRIALS,7
PIETRO FILIPI,NOT RELEVANT,7
PIKAR BOHEMIA S R,FINANCIALS,7
PIKOLA,NOT RELEVANT,7
PILATUS,INDUSTRIALS,7
PILOUS spol. s,MATERIALS,7
PILSEN STEEL S R,INDUSTRIALS,7
PIMA S R,REAL ESTATE,7
PIPELIFE CZECH S R,INDUSTRIALS,7
"PIPNI,",INFORMATION TECHNOLOGY,7
PIRKO S R,REAL ESTATE,7
PISEK A,UTILITIES,7
PISTELAK,NOT RELEVANT,7
PISTON RINGS KOMAROV S R,CONSUMER DISCRETIONARY,7
PIVOVAR CITY CENTER SPOL S R,INDUSTRIALS,7
"PIVOVAR TRAUTENBERK,",CONSUMER DISCRETIONARY,7
PIVOVARY LOBKOWICZ GROUP C,CONSUMER STAPLES,7
PIXA,NOT RELEVANT,7
"PJ EXPEDIS, spol. s",INDUSTRIALS,7
"PKD,",INDUSTRIALS,7
PKE CR S R,INDUSTRIALS,7
PKP CARGO INTERNATIONAL,INDUSTRIALS,7
PKP CARGO INTERNATIONAL A,INDUSTRIALS,7
PKS,INDUSTRIALS,7
PKS ENERGO S R,UTILITIES,7
PLAAN CZECH S R,INDUSTRIALS,7
PLACEK HOLDING,CONSUMER STAPLES,7
PLAKOR CZECH S R,CONSUMER DISCRETIONARY,7
PLANNING TRADING CZ S R,INDUSTRIALS,7
PLASESS(ROMANIA) SRL,CONSUMER DISCRETIONARY,7
PLAST,MATERIALS,7
PLAST A,INDUSTRIALS,7
PLAST A,MATERIALS,7
PLAST BRNO SPOL S R,INDUSTRIALS,7
PLAST S R,CONSUMER DISCRETIONARY,7
PLASTCOM AKCIOVA SPOLECNOST,CONSUMER STAPLES,7
PLASTIC TECHNOLOGIES PRODUCTS S R,NOT RELEVANT,7
PLASTIK A,MATERIALS,7
PLASTIK HT,CONSUMER DISCRETIONARY,7
PLASTIX TRADE S R,INDUSTRIALS,7
PLASTKOV MR,NOT RELEVANT,7
PLASTOIL EUROPE A,INDUSTRIALS,7
PLASTY CZ S R,CONSUMER DISCRETIONARY,7
PLATUS CZ A,MATERIALS,7
PLATZER,NOT RELEVANT,7
PLAY WIN R D A S V,NOT RELEVANT,7
PLISEK,NOT RELEVANT,7
PLOMA A,NOT RELEVANT,7
PLPM,INDUSTRIALS,7
PLT DEVELOPMENT 4 A,REAL ESTATE,7
PLUHAR,NOT RELEVANT,7
PLUS,REAL ESTATE,7
PLUS A,INDUSTRIALS,7
PLUS CZ A,COMMUNICATIONS,7
PLUS JIP S R,CONSUMER STAPLES,7
PLUS S R,CONSUMER DISCRETIONARY,14
PLUS S R,ENERGY,7
PLUS S R,INDUSTRIALS,14
PLYNARENSKA A,UTILITIES,7
PLZEN S R,REAL ESTATE,7
PLZEN SPOL S R,INDUSTRIALS,7
PLZEN TRANSPORTBETON S R,MATERIALS,7
PLZENSKA STK S R,CONSUMER DISCRETIONARY,7
PLZENSKA STROJIRENSKA A INVESTICNI,INDUSTRIALS,7
PLZENSKE STERKOPISKY S R,MATERIALS,7
PLZENSKY PRAZDROJ A,CONSUMER STAPLES,7
"PM c.p. 2117,2118 a 2119",REAL ESTATE,7
PMA PROPERTIES S R,REAL ESTATE,7
PNEUNET CZ S R,CONSUMER DISCRETIONARY,7
PO LIGHTING CZECH S R,CONSUMER DISCRETIONARY,7
POCHMAN,NOT RELEVANT,7
POD CILINOU,REAL ESTATE,7
POD KOTAREM S R,REAL ESTATE,7
"POD VYSEHRADEM, SPOL. S R.O. V",NOT RELEVANT,7
PODBORSKY,NOT RELEVANT,7
PODCHRIBI JEZOV A,CONSUMER STAPLES,7
PODFOND ALFA,MATERIALS,7
PODKRUSNOHORSKY BETON,INDUSTRIALS,7
PODNIK HL M PRAHY AKCIOVA,INDUSTRIALS,7
PODNIK KARLOVY VARY A,INDUSTRIALS,7
PODNIK MEST LIBERCE A JABL,INDUSTRIALS,7
PODNIK MEST MOSTU A LITVIN,INDUSTRIALS,7
PODNIK MESTA BRNA A,INDUSTRIALS,7
PODNIK MESTA USTI NAD LABE,INDUSTRIALS,7
PODOLI NAD PALOUKEM S R,REAL ESTATE,7
PODRAVKA - LAGRIS,CONSUMER STAPLES,7
PODZAMCI A,CONSUMER STAPLES,7
"POHLEDÁVKY FFT,",INDUSTRIALS,7
POHODA c.p. 303-305,REAL ESTATE,7
POHONY,INDUSTRIALS,7
POHONY S R,INDUSTRIALS,7
POINT A,INDUSTRIALS,7
POIRIER MICHEL,NOT RELEVANT,7
POJIZDNETERASY S R,INDUSTRIALS,7
"POKORNY,",CONSUMER DISCRETIONARY,7
POLABI A,CONSUMER STAPLES,7
POLARI SPOL S R,ENERGY,7
POLARSPORT S.R.O. V,NOT RELEVANT,7
POLICSKE STROJIRNY A,INDUSTRIALS,7
POLIKLINIKA BIOREGENA S R,REAL ESTATE,7
POLIKLINIKA VINICNI A,HEALTH CARE,7
POLLMANN CZ,CONSUMER DISCRETIONARY,7
POLNA SPOL S R,CONSUMER STAPLES,7
POLONA,NOT RELEVANT,7
POLYMER NANO CENTRUM,MATERIALS,7
POLYPLAST S R,INDUSTRIALS,7
POLYPLASTY S R,MATERIALS,7
POMPO SPOL S R,CONSUMER DISCRETIONARY,7
PONAS,NOT RELEVANT,7
PONATURE S R,CONSUMER DISCRETIONARY,7
PONY AUTO trend,CONSUMER DISCRETIONARY,7
POOL A,INDUSTRIALS,7
POPELKA,NOT RELEVANT,7
PORADENSKE A FINANCNI CENTRUM A,REAL ESTATE,7
PORFIX,MATERIALS,7
PORICI 17 S R,REAL ESTATE,7
PORR A,INDUSTRIALS,7
PORSCHE IMMOBILIEN CZ SPOL S R,REAL ESTATE,7
PORT S R,CONSUMER DISCRETIONARY,7
PORT S R,INDUSTRIALS,7
PORT SERVICE S R,INDUSTRIALS,7
PORT SPOL S R,INDUSTRIALS,7
PORTLAND TRUST,NOT RELEVANT,7
PORTOS ADVOKATNI KANCELAR S R,INDUSTRIALS,7
PORUBA 1625,REAL ESTATE,7
POSK,MATERIALS,7
POSMAYSPOL S R,INDUSTRIALS,7
POSTA S,INDUSTRIALS,7
POSTPRODUKCE A,COMMUNICATIONS,7
POTAMOS CZ,CONSUMER STAPLES,7
POTATO S R,CONSUMER STAPLES,7
POTMESIL,NOT RELEVANT,7
POTTEN PANNEN STANEK GROUP A,CONSUMER DISCRETIONARY,7
POTTINGER SPOL S R,INDUSTRIALS,7
POVRLY COPPER INDUSTRIES,MATERIALS,7
POWER A,ENERGY,7
POWER A,FINANCIALS,7
POWER A S ORGANIZACNI SLOZKA,UTILITIES,7
POWER COMMODITIES S R,UTILITIES,7
POWER ENGINEERING A,INDUSTRIALS,7
POWER EQUIPMENT S R,INDUSTRIALS,7
POWER S R,INDUSTRIALS,7
POWER S R,UTILITIES,7
POWERSTONE CS,MATERIALS,7
POWGEN,UTILITIES,7
POZEMKOVA A,CONSUMER STAPLES,7
POZEMNI A INZENYRSKE STAVIT,INDUSTRIALS,7
POZEMNI STAVBY S R,INDUSTRIALS,7
POZEMNI STAVITELSTVI ZLIN A,INDUSTRIALS,7
"POZEMNÍ KOMUNIKACE CÁSLAV,",INDUSTRIALS,7
PP 53 A,INDUSTRIALS,7
PPF TMT Bidco 2 B.V.,CONSUMER STAPLES,7
PPF TMT HOLDCO 2 CONSOLIDA,COMMUNICATIONS,7
PPG Deco Czech,MATERIALS,7
PPL CZ,CONSUMER DISCRETIONARY,7
"PPLD - Service,",INDUSTRIALS,7
PPM FACTUM A,COMMUNICATIONS,7
"PPO GROUP CZ,",CONSUMER DISCRETIONARY,7
PRABOS PLUS A,CONSUMER DISCRETIONARY,7
PRACHT CZ S R,CONSUMER STAPLES,7
PRADELNA JAROMER A S V,NOT RELEVANT,7
PRADELNA KYSELY A,INDUSTRIALS,7
PRAGA EDILE S R,CONSUMER DISCRETIONARY,7
PRAGCONSTRUCT S R,INDUSTRIALS,7
PRAGER - STAHL HANDEL,NOT RELEVANT,7
PRAGIS A,INDUSTRIALS,7
PRAGMET A,CONSUMER DISCRETIONARY,7
PRAGOPERUN S R,INDUSTRIALS,7
PRAGUE CAR SHARING S R,INDUSTRIALS,7
PRAGUE FERTILITY CENTRE S R,HEALTH CARE,7
PRAGUE S R,CONSUMER DISCRETIONARY,7
PRAGUE S R,HEALTH CARE,7
"PRAGUE TAXI SERVICE, S.R.O. V",NOT RELEVANT,7
PRAHA A,INDUSTRIALS,7
PRAHA DIZ A,INDUSTRIALS,7
"PRAHA HOLDING,",INDUSTRIALS,7
PRAHA S R,CONSUMER DISCRETIONARY,7
PRAHA S R,INDUSTRIALS,7
PRAHA S R,REAL ESTATE,7
PRAKAN A,INDUSTRIALS,7
PRAKTIK system,INDUSTRIALS,7
"PRALAC, A.S. V",NOT RELEVANT,7
PRAMARK S R,INDUSTRIALS,7
PRAMEN JEPA PLAST,NOT RELEVANT,7
"PRAMENY ZDRAVÍ, Z.",NOT RELEVANT,7
PRATR A,REAL ESTATE,7
PRAVE HORICKE TRUBICKY S R,CONSUMER STAPLES,7
PRAZSKA ENERGETIKA,UTILITIES,7
PRAZSKA PLYNARENSKA,UTILITIES,7
PRAZSKA PLYNARENSKA HOLDIN,UTILITIES,7
PRAZSKA STROJIRNA A,INDUSTRIALS,7
PRAZSKE REZIDENCE S R,REAL ESTATE,7
PRAZSKE SLUZBY A,NOT RELEVANT,7
PRAZSKE VODOVODY A KANALIZACE A,UTILITIES,7
PRAZSKE VZDELAVACI STREDISKO JAZYKO,CONSUMER DISCRETIONARY,7
"PRAZSKÁ PLYNÁRENSKÁ DISTRIBUCE, A.S",UTILITIES,7
PRCHAL,NOT RELEVANT,7
PRECHEZA A,MATERIALS,7
PRECISION FORGE,INDUSTRIALS,7
PRECISION FORGE INTERNATIONAL,INDUSTRIALS,7
PRECISION PARTS FOR AVIATION S R,INDUSTRIALS,7
PRECISION S R,INDUSTRIALS,7
PRECISION S R,MATERIALS,7
"PREFA-BETON CHEB, SPOL. S",NOT RELEVANT,7
PREFAB FACTORY,INDUSTRIALS,7
PREFIX,INDUSTRIALS,7
PREININGER,NOT RELEVANT,7
PREMIER WINES SPIRITS S R,CONSUMER STAPLES,7
PREMIERPARFUM S R,CONSUMER DISCRETIONARY,7
PREMO S R,INFORMATION TECHNOLOGY,7
PREMOT FRANTISKOVY LAZNE S R,REAL ESTATE,7
PREMYSL VESELY,REAL ESTATE,7
PREMYSL VESELY STAVEBNI A INZENYRSK,INDUSTRIALS,7
PREOL A,UTILITIES,7
PREROST A SVORC AUTO S R,CONSUMER DISCRETIONARY,7
PRESBETON NOVA S R,INDUSTRIALS,7
"PRESCO GROUP,",NOT RELEVANT,7
PRESSHYDRAULIKA S R,INDUSTRIALS,7
PRESSL S R,INDUSTRIALS,7
"PRESSMEDIA, SPOL. S",CONSUMER STAPLES,7
PRESTAR S R,INDUSTRIALS,7
"PRETATO,",NOT RELEVANT,7
PRETTL AUTOMOTIVE CZECH,NOT RELEVANT,7
PREYMESSER LOGISTIKA SPOL S R,INDUSTRIALS,7
PRIBRAM NASTUPNICKA A,MATERIALS,7
PRIBRAMSKA UZENINA A,CONSUMER STAPLES,7
PRIESSNITZOVY LECEBNE LAZNE A,CONSUMER DISCRETIONARY,7
PRIKRYL BEDRICH,NOT RELEVANT,7
PRILLINGER SPOL S R,INDUSTRIALS,7
PRIMAGRA A,CONSUMER STAPLES,7
PRIMATRUCK S R,CONSUMER DISCRETIONARY,7
PRIME CLOCK S R,REAL ESTATE,7
PRIME HIDE SPOL S R,CONSUMER STAPLES,7
PRIMEVIGILANCE S R,HEALTH CARE,7
"PRIMMUN REAL ESTATE, S.R.O. V",REAL ESTATE,7
PRINCIP,INDUSTRIALS,7
PRINCIPAL INVEST S R,HEALTH CARE,7
PRISM SECURITYCO S R,INDUSTRIALS,7
PRISTAVY A,INDUSTRIALS,7
PRIVETIVY,NOT RELEVANT,7
PRK PARTNERS S.R.O. ADVOKÁTNÍ KANCE,NOT RELEVANT,7
PRO DOMA,MATERIALS,7
PRO GAMING S R,CONSUMER DISCRETIONARY,7
PRO LEASEKREDIT S R,FINANCIALS,7
PRO MED CS AS PRAHA PREDSTAVNISTVO,COMMUNICATIONS,7
PRO MED CS PRAHA A,HEALTH CARE,7
PRO NORTH CZECH A,CONSUMER DISCRETIONARY,7
PRO RESALE TRUCKS S R,INDUSTRIALS,7
PRO S R,INDUSTRIALS,7
PRO SERVICE DOUBRAVA A.S. V,NOT RELEVANT,7
PROACT CZECH REPUBLIC S R,INFORMATION TECHNOLOGY,7
PROACT S R,INDUSTRIALS,7
PROAGRO NYMBURK,CONSUMER STAPLES,7
PROCESSING A,INDUSTRIALS,7
PROCHAZKOVA,NOT RELEVANT,7
"PROCKERT & HYNEK,",INDUSTRIALS,7
PRODECA S R,REAL ESTATE,7
PRODEJ S R,UTILITIES,7
PRODEJ SPOL S R,INDUSTRIALS,7
PRODEX CZ S R,NOT RELEVANT,7
PRODUCTION CZ,INDUSTRIALS,7
PRODUCTION S R,CONSUMER DISCRETIONARY,7
PRODUCTION S R,INDUSTRIALS,7
PRODUCTS CZ I,CONSUMER DISCRETIONARY,7
PRODUCTS CZECH REPUBLIC A,CONSUMER DISCRETIONARY,7
PRODUKT S R,INDUSTRIALS,14
PRODUKT SPOL S R,CONSUMER STAPLES,7
PROFI SPOL S R,CONSUMER DISCRETIONARY,7
PROFIBAUSTOFFE CZ S R,MATERIALS,7
PROFIDREVO SPOL S R,MATERIALS,7
PROFILMAX S R,INDUSTRIALS,7
PROFIMED S R,CONSUMER STAPLES,7
PROFIMEDIA,COMMUNICATIONS,7
PROFIMEDIA CZ A,COMMUNICATIONS,7
PROFINIT EU S R,INFORMATION TECHNOLOGY,7
PROFISTAV LITOMYSL A,INDUSTRIALS,7
PROFIT S R,NOT RELEVANT,7
PROFITAPE,MATERIALS,7
PROFIZOO S R,CONSUMER DISCRETIONARY,7
PROGRESS,INDUSTRIALS,7
PROGRESUS DEVELOPMENT SERVICES S,INDUSTRIALS,7
PROIN,NOT RELEVANT,7
PROINNO A,INDUSTRIALS,7
PROINTERIER S R,INDUSTRIALS,7
PROJECT CONTROLS S R,CONSUMER DISCRETIONARY,7
PROJECT DEVELOPMENT A.S. V,NOT RELEVANT,7
PROJEKT HOSTIVAR S R,NOT RELEVANT,7
PROKES,NOT RELEVANT,7
PROKES CO CZ S R,CONSUMER DISCRETIONARY,7
"PROKONZULTA,",INDUSTRIALS,7
PROKOP,NOT RELEVANT,7
PROLOGSPEED S R,INDUSTRIALS,7
PROMA REHA S R,HEALTH CARE,7
PROMENS ZLÍN,CONSUMER DISCRETIONARY,7
PROMET INDUSTRIAL PROPERTY A,CONSUMER DISCRETIONARY,7
PROMO HOUSE S R,COMMUNICATIONS,7
PROMOHOTEL S R,NOT RELEVANT,7
PROMOTION GROUP S R,COMMUNICATIONS,7
PROMOTION POP S R,COMMUNICATIONS,7
"PROMTEX PRAHA, SPOL. S",NOT RELEVANT,7
PROMUS KATOWICE ORGANIZACNI,CONSUMER DISCRETIONARY,7
PROMUS KATOWICE SPOLKA Z OGRANICZON,INDUSTRIALS,7
PROMUS S R,REAL ESTATE,7
"PRONATAL SERVICE,",NOT RELEVANT,7
"PRONATAL,spolecnost s rucenim omeze",HEALTH CARE,7
"PRONTO GAS, spol. s",ENERGY,7
PROOFFICE S R,MATERIALS,7
PROPAG S R,CONSUMER DISCRETIONARY,7
PROPARK NU I S R,REAL ESTATE,7
PROPARK.NU V,REAL ESTATE,7
PROPERTIES CHOTEBOR,HEALTH CARE,7
PROPERTIES CHRUDIM,HEALTH CARE,7
PROPERTIES HAVÍROV,HEALTH CARE,7
PROPERTIES HRADEC KRÁLOVÉ,HEALTH CARE,7
PROPERTIES KLAMOVKA,HEALTH CARE,7
PROPERTIES KOLÍN,HEALTH CARE,7
PROPERTIES LIBEREC S R,HEALTH CARE,7
PROPERTIES MODRICE,HEALTH CARE,7
PROPERTIES OLOMOUC,HEALTH CARE,7
PROPERTIES PLZEN,HEALTH CARE,7
PROPERTIES PÍSEK,HEALTH CARE,7
PROPERTIES S R,CONSUMER DISCRETIONARY,7
PROPERTIES SANOV,HEALTH CARE,7
PROPERTIES SLIVENEC,HEALTH CARE,7
PROPERTIES STERBOHOLY,HEALTH CARE,7
PROPERTIES TELC,HEALTH CARE,7
PROPERTIES TEREZÍN,HEALTH CARE,7
PROPERTY,MATERIALS,7
PROPERTY A,NOT RELEVANT,7
PROPERTY AND FACILITY SERVI,INDUSTRIALS,7
"PROPERTY INTERNATIONAL,",CONSUMER DISCRETIONARY,7
PROPERTY INVESTMENTS A,REAL ESTATE,7
PROPERTY S R,CONSUMER DISCRETIONARY,14
PROPERTY S R,CONSUMER STAPLES,14
PROPERTY S R,INDUSTRIALS,21
PROPONEX INVEST A,FINANCIALS,7
PRORGKLINIK S R,HEALTH CARE,7
PROSCAN A,CONSUMER DISCRETIONARY,7
PROSPER TRADING A,CONSUMER DISCRETIONARY,7
PROSPERITA,INDUSTRIALS,7
PROSPERITA HOLDING A,INDUSTRIALS,7
PROSPERPLAST S R,MATERIALS,7
PROSTEJOV S R,INDUSTRIALS,7
PROTECH OXYPLAST CZ S R,MATERIALS,7
PROTEREN S R,INDUSTRIALS,7
PROTIVIN A,CONSUMER STAPLES,7
PROVIO,CONSUMER STAPLES,7
PROVISTO INVEST A,FINANCIALS,7
PROVIT A,CONSUMER STAPLES,7
PROVYKO S R,INDUSTRIALS,7
PRUEBA S R,INDUSTRIALS,7
PRUMSTAV STAVBY A,INDUSTRIALS,7
PRUMYSLOVY AREAL MARTINOV S R,REAL ESTATE,7
PRUNER,NOT RELEVANT,7
PRUZINY SCHERDEL,INDUSTRIALS,7
PRVNI CESKA ENERGIE A,UTILITIES,7
PRVNI NOVINOVA SPOLECNOST A,CONSUMER DISCRETIONARY,7
"PRVNÍ HANÁCKÁ BOW, SPOL. S R.",INDUSTRIALS,7
PRVNÍ MAJETKOVÁ,NOT RELEVANT,7
"PRVNÍ SERIOZNÍ, A.S. V",CONSUMER STAPLES,7
PRYSMIAN KABLO S R O ORGANIZACNI,INDUSTRIALS,7
PS,REAL ESTATE,7
"PS - MSI,A.S.",INDUSTRIALS,7
PS - PMK Drill,INDUSTRIALS,7
PS - STAVEBNÍ FIRMA,INDUSTRIALS,7
PS - stavebni firma,INDUSTRIALS,7
"PS LIBEREC S.R.O., V",NOT RELEVANT,7
PS PAMSTAV S R,INDUSTRIALS,7
PS S R,INDUSTRIALS,7
"PS TECH,S.R.O. ""V LIKVIDACI""",INFORMATION TECHNOLOGY,7
PSCVISION GROUP A,CONSUMER DISCRETIONARY,7
PSG A,INDUSTRIALS,7
PSJ,INDUSTRIALS,7
PSK - PRUMYSLOVÉ STAVBY A KONSTRUKC,INDUSTRIALS,7
PSM-TRADING SPOL. S R.O. V,INDUSTRIALS,7
PSN S R,REAL ESTATE,7
PSOTA transport,INDUSTRIALS,7
"PSP,",INDUSTRIALS,7
PSS PREROVSKA STAVEBNI A,INDUSTRIALS,7
PST CLC Mitsui-Soko,INDUSTRIALS,7
PSYCHIATRICKÁ NEMOCNICE KOSMONOSY,HEALTH CARE,7
PSYCHIATRICKÁ NEMOCNICE V DOBRANECH,NOT RELEVANT,7
PTACEK VELKOOBCHOD A,INDUSTRIALS,7
"PTV, spol. s",INDUSTRIALS,7
PUDA A,CONSUMER STAPLES,7
PUJCOVNA S R,INDUSTRIALS,7
PULSAR EXPO S R,CONSUMER DISCRETIONARY,7
PULSKLIMA SPOL S R,INDUSTRIALS,7
PUMA CZECH REPUBLIC S R,CONSUMER DISCRETIONARY,7
"PURKYNOVA 4,6 OPAVA",REAL ESTATE,7
PURPOSIA GROUP A,FINANCIALS,7
PURUM S R,INDUSTRIALS,7
PURUS A,NOT RELEVANT,7
PV ROZTOKY,REAL ESTATE,7
PV Rosice,UTILITIES,7
PV S R O V,INFORMATION TECHNOLOGY,7
PWO CZECH REPUBLIC A,INDUSTRIALS,7
PYRONOVA IS,INDUSTRIALS,7
PZP HEATING A,UTILITIES,7
Paces Frantisek,FINANCIALS,7
Pack & Upgrade,CONSUMER STAPLES,7
Packeta,INDUSTRIALS,7
Pactio Next,INDUSTRIALS,7
Palackeho 1181/1182,REAL ESTATE,7
"Palackeho 132,",REAL ESTATE,7
Palackeho 1428-1429,REAL ESTATE,7
"Palackeho 1510-12,Napajedla",REAL ESTATE,7
"Palackeho 21,",REAL ESTATE,7
"Palackeho 221,",REAL ESTATE,7
Palackeho 32 a 34,REAL ESTATE,7
"Palackeho 42-50,",REAL ESTATE,7
"Palackeho 59-60,M.Boleslav",REAL ESTATE,7
"Palackeho 865,",REAL ESTATE,7
Palackeho cp. 400 Svatava,REAL ESTATE,7
Palackeho tr. 1764/17,REAL ESTATE,7
Palava,REAL ESTATE,7
Palkovskeho,REAL ESTATE,7
Palliardiho 2,REAL ESTATE,7
"Pampeliskova 867,",REAL ESTATE,7
Pampeliskova 870,REAL ESTATE,7
Panattoni Czech Republic Devel,REAL ESTATE,7
Panelova 979,REAL ESTATE,7
Panic Aleksanda,FINANCIALS,7
Pannon Food Bohemia,CONSUMER STAPLES,7
"Panope Property,",REAL ESTATE,7
Paper Back,INDUSTRIALS,7
Paper Profile,CONSUMER DISCRETIONARY,7
Parfumerie Elysees Paris,CONSUMER DISCRETIONARY,7
Parmska 351 - 364,REAL ESTATE,7
"Partyzanska 805,",REAL ESTATE,7
"Partyzanska 839-841,Plzen",REAL ESTATE,7
Pasek Mozer,INDUSTRIALS,7
Paseka,REAL ESTATE,7
"Pasirska 37, 39",REAL ESTATE,7
Passer Radim,REAL ESTATE,7
"Patrice Lumumby 48, 50 a 52",REAL ESTATE,7
Pavel Studeny,NOT RELEVANT,7
Pavlisovska 2295-2296,REAL ESTATE,7
Pavlisovska 2297 - 2298,REAL ESTATE,7
"Pavlovicka cp. 57,",REAL ESTATE,7
"Pavlovova 2630/23,",REAL ESTATE,7
Peckova,REAL ESTATE,7
Pekarska,REAL ESTATE,7
Pekny - Unimex,NOT RELEVANT,7
"Pelhrimovska 303/12,",REAL ESTATE,7
Pelikan Hardcopy CZ,NOT RELEVANT,7
"Perfect Point,",HEALTH CARE,7
Perinvest Media,CONSUMER DISCRETIONARY,7
Pernerova,REAL ESTATE,7
Pernerova 250/19,REAL ESTATE,7
Pernerova 317/5,REAL ESTATE,7
"Pernerova 44,",REAL ESTATE,7
Pernerova 559,REAL ESTATE,7
"Perseus Property,",FINANCIALS,7
Petainer UK,CONSUMER DISCRETIONARY,7
"Petkova Livia, Ing.",CONSUMER DISCRETIONARY,7
Petr Hluchan,FINANCIALS,7
"Petra Bezruce 107,109,110",REAL ESTATE,7
"Petra Voka cp. 489, 490",REAL ESTATE,7
"Petra Voka cp. 533, 534",REAL ESTATE,7
"Petrinska 489, Praha",REAL ESTATE,7
Petrokámen,MATERIALS,7
Pforte,INDUSTRIALS,7
PharmaSwiss CR,HEALTH CARE,7
Pharmax Holdings Limited,HEALTH CARE,7
"Pherusa Property,",REAL ESTATE,7
Philips Lighting Czech Republic,INDUSTRIALS,7
Photon Energy,UTILITIES,7
Photon Energy Corporate Servic,REAL ESTATE,7
Photon Energy N.V.,UTILITIES,7
Photon Energy Operations CZ,INDUSTRIALS,7
Phrase,INFORMATION TECHNOLOGY,7
"Pichlova 649,",REAL ESTATE,7
Pila Lostice,MATERIALS,7
Pincova 2971 a 2972,REAL ESTATE,7
Pionyrska,REAL ESTATE,7
"Pionyrska 5,",REAL ESTATE,7
"Pionyrska c.p 530,531",REAL ESTATE,7
"Pionyru 315-317, Straz",REAL ESTATE,7
"Pionyru 806,",REAL ESTATE,7
"Pisecka 2023, Praha",REAL ESTATE,7
Pisecka 913 v Bechyni,REAL ESTATE,7
"Pisecna 790-792,",REAL ESTATE,7
Pivcova 944,REAL ESTATE,7
Pivcova 956-959,REAL ESTATE,7
Pivec,REAL ESTATE,7
Pivoda,MATERIALS,7
Pivoda Frantisek,MATERIALS,7
Pivovarnicka 1023,REAL ESTATE,7
"Pivovarnicka,U lib. Pivovaru",REAL ESTATE,7
"Pivovarska 102, Vimperk",REAL ESTATE,7
"Pivovarska 239,",REAL ESTATE,7
Pivovary CZ Group,CONSUMER STAPLES,7
Placek Dusan,CONSUMER STAPLES,7
Plachy,INDUSTRIALS,7
"Planet A,",COMMUNICATIONS,7
"Plaska 29,31",REAL ESTATE,7
Plastics,REAL ESTATE,7
Plastigram Industries,INDUSTRIALS,7
Plastkon product,MATERIALS,7
Plesivec 389-390,REAL ESTATE,7
Plevenska 3115 - 3117,REAL ESTATE,7
Plotni,REAL ESTATE,7
Plumlovska 33,REAL ESTATE,7
"Plzen,",CONSUMER DISCRETIONARY,7
Plzenska,REAL ESTATE,7
"Plzenska 1,3,5,7",REAL ESTATE,7
"Plzenska 1484,1485",REAL ESTATE,7
"Plzenska 159, ML",REAL ESTATE,7
Plzenska 207,REAL ESTATE,7
"Plzenska 313-314,",REAL ESTATE,7
"Plzenska 338,387, Zbuch",REAL ESTATE,7
Plzenska 726-727 M. Lazne,REAL ESTATE,7
Plzensko,INDUSTRIALS,7
"Pobrezni 122/70, Praha",REAL ESTATE,7
Pobrezni 1921,REAL ESTATE,7
Pod Jarovem 2034-2036,REAL ESTATE,7
Pod Jedli,REAL ESTATE,7
"Pod Lesem 837/1, Odry",REAL ESTATE,7
"Pod Petrinem 212, JnN",REAL ESTATE,7
"Pod Skalkou 18,",REAL ESTATE,7
"Pod Soudnim vrchem 2,Znojmo",REAL ESTATE,7
Pod Soudnim vrchem 2568/4,REAL ESTATE,7
Pod Stranemi,REAL ESTATE,7
Pod Strani 150,REAL ESTATE,7
"Pod Vrchem 2989-2991,Melnik",REAL ESTATE,7
"Pod Vrchem 61,63,",REAL ESTATE,7
"Pod Vrchem 73, 75,",REAL ESTATE,7
"Pod Vrchem 77, 79,",REAL ESTATE,7
Pod Vsemi svatymi,REAL ESTATE,7
"Pod Zamboskou 1036,",REAL ESTATE,7
"Pod dalnici 959,",REAL ESTATE,7
"Pod haldou 459, Pribram VII",REAL ESTATE,7
Pod nadrazim 1837-1838,REAL ESTATE,7
"Pod nemocnici 500/27,",REAL ESTATE,7
Pod skolou 2268-2270,REAL ESTATE,7
"Pod skolou 466, Praha",REAL ESTATE,7
"Pod vrchem 69 a 71,",REAL ESTATE,7
Podblanicka realitni,REAL ESTATE,7
Podborany,REAL ESTATE,7
Podborany 913,REAL ESTATE,7
"Podborany, Hlubany cp.",REAL ESTATE,7
Podebradova 3057/63,REAL ESTATE,7
Podebradska 638/134,REAL ESTATE,7
"Podhorska 64,",REAL ESTATE,7
Podkopci c.p. 470-473,REAL ESTATE,7
Podle Kacerova 1230,REAL ESTATE,7
"Podlesi 426-427,",REAL ESTATE,7
"Podmesti 2173-2174,",REAL ESTATE,7
Podnadrazni 296/6,REAL ESTATE,7
Podnadrazni 367/4,REAL ESTATE,7
Podoli 2759,REAL ESTATE,7
Podoli c.p. 895,REAL ESTATE,7
Podoli cp. 807-809,REAL ESTATE,7
Podrici c.p. 215 a 216,REAL ESTATE,7
Podzimni,REAL ESTATE,7
"Pohorska 256, Kaplice",REAL ESTATE,7
Pokojne obydli,REAL ESTATE,7
Pokorný motors,CONSUMER DISCRETIONARY,7
Polansky STAVEBNI FIRMA,INDUSTRIALS,7
"Poliklinika Tachov, príspevková org",HEALTH CARE,7
"Polni 2,4, Ivancice",REAL ESTATE,7
"Polni 811, Zdanice",REAL ESTATE,7
Pontos Property,INDUSTRIALS,7
Poprach Ivor,INDUSTRIALS,7
"Porici 15, 17, 19,",REAL ESTATE,7
Poruba 1338,REAL ESTATE,7
"Postovni 390-391,",REAL ESTATE,7
Postovni 663/13,REAL ESTATE,7
"Postovni 753, 754, 755",REAL ESTATE,7
"Potocni 67, J.n.Odrou",REAL ESTATE,7
Poustka 92,REAL ESTATE,7
"Pozarni 825/12, K.",REAL ESTATE,7
"Pozemstav Brno, akciová",INDUSTRIALS,7
"Poznanska 431, 432, 433",REAL ESTATE,7
Poznanska 434-436,REAL ESTATE,7
"PrUmyslovA zOna VoZickA, s.r.o",REAL ESTATE,7
Prace,REAL ESTATE,7
"Prace 45,46,47",REAL ESTATE,7
Prachatice sidlo Husinec,REAL ESTATE,7
Prag trading,FINANCIALS,7
Praha,REAL ESTATE,7
Praha 4 Hrdlickova 2173-76,REAL ESTATE,7
"Praha 4, Obeti 6.kvetna 553",REAL ESTATE,7
Prakov spol. s,MATERIALS,7
Pratelstvi 142 ve Valdicich,REAL ESTATE,7
Prazak Karel,MATERIALS,7
Prazska,REAL ESTATE,7
"Prazska 14,",REAL ESTATE,7
"Prazska 399-402,",REAL ESTATE,7
Prazska 53,REAL ESTATE,7
"Prazska 61,63, Hradistska",REAL ESTATE,7
"Prazska 64,",REAL ESTATE,7
"Prazska 754,",REAL ESTATE,7
"Prazska silnice 710,",REAL ESTATE,7
"Prazskeho 631-632, Praha",REAL ESTATE,7
Prazskeho 635 a 636,REAL ESTATE,7
Prchaly 4458,REAL ESTATE,7
Precechtelova 2392-2397,REAL ESTATE,7
Prelouc,REAL ESTATE,7
"Premyslova 593-595, H.K.",REAL ESTATE,7
Premyslovcu 60,REAL ESTATE,7
Premyslovcu 9/18,REAL ESTATE,7
Preperska,REAL ESTATE,7
"Preslova 65/67,",REAL ESTATE,7
"Pribram VII, cp",REAL ESTATE,7
Pricna 900,REAL ESTATE,7
"Pricni 136/30,",REAL ESTATE,7
Prima c.p.,REAL ESTATE,7
Primavera Andorrana,CONSUMER STAPLES,7
Primeticka 1191/18,REAL ESTATE,7
Principal Services,REAL ESTATE,7
Pro LEASING,FINANCIALS,7
Pro dum Slavicka 3/1154,REAL ESTATE,7
Pro resale A.s.,INDUSTRIALS,7
"ProCredia,",INDUSTRIALS,7
Prochazka,INDUSTRIALS,7
Profi Meat,CONSUMER STAPLES,7
Progresus invest holding core,REAL ESTATE,7
Projekcni spolecnost obchodnic,REAL ESTATE,7
Prokonstrukt,INDUSTRIALS,7
Prokopa Holeho 398-399,REAL ESTATE,7
"Prokopa Velikeho 1392,Uvaly",REAL ESTATE,7
Promet,INDUSTRIALS,7
Property Group S.A.,REAL ESTATE,7
Property II,REAL ESTATE,7
Prosimerice 155,REAL ESTATE,7
Prosinova 1595/3,REAL ESTATE,7
"Proskovicka 658,",REAL ESTATE,7
"Proteus Property,",REAL ESTATE,7
Provaznicka,REAL ESTATE,7
Provaznicka 741,REAL ESTATE,7
"Provaznikova 47,",REAL ESTATE,7
Provaznikova 703/15,REAL ESTATE,7
Proxy Finance,FINANCIALS,7
Prubezna,REAL ESTATE,7
"Prumyslova 125,",REAL ESTATE,7
Prumyslova 452 Plana,REAL ESTATE,7
"První RS Czech Republic,",INDUSTRIALS,7
Psohlavcu 1201-1202,REAL ESTATE,7
"Pstrossova Property,",REAL ESTATE,7
Pujmanove 1131,REAL ESTATE,7
"Pujmanove 873/7,",REAL ESTATE,7
"Pulpanova 394-395,",REAL ESTATE,7
"Purkynova 1057/23,Opava",REAL ESTATE,7
Puskinova,REAL ESTATE,7
Puskinova 1138,REAL ESTATE,7
Puskinova 1733,REAL ESTATE,7
Pustimerske Prusy 242,REAL ESTATE,7
"Pyrit Property, s.r.o. v likvidaci",INDUSTRIALS,7
Q LEASING S R,FINANCIALS,7
Q-POWER,INDUSTRIALS,7
QALT RAKOVNIK SPOL S R,MATERIALS,7
QANTO,REAL ESTATE,7
QINSHIFT CE,INFORMATION TECHNOLOGY,7
QMX,INFORMATION TECHNOLOGY,7
QUABUS REKONSTRUKCE POTRUBI S R,INDUSTRIALS,7
QUAIL spol. s,INDUSTRIALS,7
QUEENS STORE,CONSUMER DISCRETIONARY,7
QUEHENBERGER TRANSPORT LOGISTICS,INDUSTRIALS,7
QUINTERO ARTURO,NOT RELEVANT,7
"QUINTIT,",REAL ESTATE,7
QUIRAL CZECH S.R.O. V,NOT RELEVANT,7
Quick Stop Car,REAL ESTATE,7
R A D K A SPOL S R O PARDUBICE,MATERIALS,7
R A T E S R,UTILITIES,7
R METAL S R,INDUSTRIALS,7
R O P P R E S S S R,NOT RELEVANT,7
R PROJEKT S R,CONSUMER STAPLES,7
R ROKYCANY S R,INDUSTRIALS,7
"R T I F E X,",INDUSTRIALS,7
"R U K O V , spol. s",MATERIALS,7
R U S I V O SPOL S R,INDUSTRIALS,7
R&S,UTILITIES,7
R. BRAUN INTERNAT. SPEDITION,INDUSTRIALS,7
"R.I. REALINVEST LIMITED, organizaèn",REAL ESTATE,7
R2G A,FINANCIALS,7
RA RENT S R,CONSUMER STAPLES,7
RABBIT TRHOVY STEPANOV A,CONSUMER STAPLES,7
RABUK RESOLUTION S R,INDUSTRIALS,7
RACCOON,INDUSTRIALS,7
RACIO EXPORT IMPORT CONSULTING SRO,CONSUMER DISCRETIONARY,7
RACIO S R,CONSUMER STAPLES,7
RACK SYSTEM S R,INDUSTRIALS,7
RADANSPORT S R,CONSUMER DISCRETIONARY,7
RADEK,NOT RELEVANT,7
RADEK DIVIS,CONSUMER DISCRETIONARY,7
"RADKA, spol.s r.o. Pardubice",NOT RELEVANT,7
RADLIK,CONSUMER DISCRETIONARY,7
RADON,NOT RELEVANT,7
RADOTIN S R,INDUSTRIALS,7
RADOVAN SOLDAT,NOT RELEVANT,7
RAEDER FALGE BAHNBAU A,INDUSTRIALS,7
RAFYNED,INDUSTRIALS,7
RAIL A,INDUSTRIALS,7
RAIL CZ S R,INDUSTRIALS,14
RAILAGRI CARGO,INDUSTRIALS,7
RAILCO,INDUSTRIALS,7
"RAILCO,",INDUSTRIALS,7
RAJSKA S R,FINANCIALS,7
RAKOVEC RESORT S R,CONSUMER DISCRETIONARY,7
RAKOVNIK S R O V,REAL ESTATE,7
RAMA BOHEMIA A,NOT RELEVANT,7
RAMIRENT S R,INDUSTRIALS,7
RAMOSO S R,NOT RELEVANT,7
"RAN,",NOT RELEVANT,7
RAPO BRNO S R,CONSUMER STAPLES,7
RAPPRICHOVA ALENA,NOT RELEVANT,7
RASKA,NOT RELEVANT,7
RAST PLUS S R,CONSUMER STAPLES,7
"RATAELA,",INDUSTRIALS,7
RATAJ,NOT RELEVANT,7
"RAVANTINO,",INDUSTRIALS,7
RAVEN CZ,INDUSTRIALS,7
RAVITERRA,FINANCIALS,7
RAYLYST SOLAR,UTILITIES,7
RB LEASING S R,FINANCIALS,7
RBI Real Estate Services Czechia s.,CONSUMER DISCRETIONARY,7
RCD TREYD,CONSUMER DISCRETIONARY,7
RCHZ S R,INDUSTRIALS,7
RCI FINANCIAL SERVICES S R,CONSUMER DISCRETIONARY,7
"RCTrading,",CONSUMER STAPLES,7
RD KAMENNÁ SPOL. S R.O. V,NOT RELEVANT,7
"RD SLUNECNICE,",REAL ESTATE,7
RD SR MACHINERY,MATERIALS,7
RD Vicinia,REAL ESTATE,7
RDI CZECH 3 S R,REAL ESTATE,7
RE INDUSTRIAL PARK S R,INDUSTRIALS,7
RE PROHEALTH S R,HEALTH CARE,7
RE RESIDENTIAL PARK S R,REAL ESTATE,7
REA X,NOT RELEVANT,7
REAL,COMMUNICATIONS,7
REAL ESTATE 2 A,HEALTH CARE,7
REAL ESTATE 3 A,HEALTH CARE,7
REAL ESTATE 4 S R,HEALTH CARE,7
REAL ESTATE 9 S R,HEALTH CARE,7
REAL ESTATE A,HEALTH CARE,7
REAL ESTATE A,REAL ESTATE,7
REAL ESTATE FINANCE,REAL ESTATE,7
REAL ESTATE FÍ S.R.O. V,NOT RELEVANT,7
REAL ESTATE IÓTA S.R.O. V,NOT RELEVANT,7
REAL ESTATE S R,INDUSTRIALS,7
REAL PRAHA S R,HEALTH CARE,7
"REAL,",REAL ESTATE,7
REALIA INVEST SPOL S R,REAL ESTATE,7
REALIMMO CZECH S R,REAL ESTATE,7
REALITA NEMOVITOSTNI OPF ATRIS INVE,REAL ESTATE,7
REALITY A,CONSUMER DISCRETIONARY,7
REALITY BILLMAR,REAL ESTATE,7
REALITY HRADEK A,INDUSTRIALS,7
REALITY S R,CONSUMER DISCRETIONARY,7
REALITY S R,INDUSTRIALS,14
REALITY S R,MATERIALS,7
REALITY S R,NOT RELEVANT,7
REALITY SERVIS SPOL S R,CONSUMER STAPLES,7
REALSANT S R,INDUSTRIALS,7
REALSPO S R,REAL ESTATE,7
REAVIS MANAGEMNT,REAL ESTATE,7
RECOVERA VYUZITI ZDROJU A,INDUSTRIALS,7
RECOVERY A,FINANCIALS,7
RECOVERY A,INDUSTRIALS,7
RECOVERY AS,INDUSTRIALS,7
RECYCLING CZ A,INDUSTRIALS,7
RECYKLACNI CHRANENA,MATERIALS,7
RED MEDIA S R,CONSUMER DISCRETIONARY,7
RED RENT S R,INDUSTRIALS,7
REDA A,COMMUNICATIONS,7
REDITELSTVÍ SILNIC A DÁLNIC S. P.,NOT RELEVANT,7
REFI CZ,CONSUMER STAPLES,7
REFI CZ S R,CONSUMER STAPLES,7
REFMEDIA,COMMUNICATIONS,7
REGA PREROV A,INDUSTRIALS,7
REGALY NET S R,INDUSTRIALS,7
REGATA MACHOVO JEZERO A,CONSUMER DISCRETIONARY,7
REGINA A,INDUSTRIALS,7
REGIO UB S R,UTILITIES,7
REGIOJET HOLDING,INDUSTRIALS,7
REGIONALNI CENTRUM OLOMOUC S R,REAL ESTATE,7
REGIONALNI ORGANIZATOR PRAZSKE INTE,INDUSTRIALS,7
REGIOS A,INDUSTRIALS,7
"REGNO,",NOT RELEVANT,7
REGULACE PLYNU A,INDUSTRIALS,7
REGUTEC S R,MATERIALS,7
REHAU S R,INDUSTRIALS,7
REHOR,NOT RELEVANT,7
"REHOROVA 48, S.R.O. V",NOT RELEVANT,7
REI S A,FINANCIALS,7
REIFENWERK HEIDENAU GMBH CO PRODUKT,CONSUMER DISCRETIONARY,7
REISTEN S R,NOT RELEVANT,7
REJHOLCOVA SPOL S R,INDUSTRIALS,7
REK plus,COMMUNICATIONS,7
REKULTIVACE A,INDUSTRIALS,7
RELAZA SPV,INDUSTRIALS,7
REMAFIN 11 A,CONSUMER DISCRETIONARY,7
REMAQ S R,INDUSTRIALS,7
REMARKPLAST,CONSUMER DISCRETIONARY,7
REMARKPLAST GROUP,INDUSTRIALS,7
"REMER,",NOT RELEVANT,7
REMERT A.S. V,NOT RELEVANT,7
REMET GROUP A,MATERIALS,7
REMET SPOL S R,MATERIALS,7
REMEX CZ A,INDUSTRIALS,7
REMOSKA,CONSUMER DISCRETIONARY,7
RENATECHNIK S R,NOT RELEVANT,7
RENATEX CZ,CONSUMER DISCRETIONARY,7
RENEWABLES,INDUSTRIALS,7
RENO,UTILITIES,7
RENO ENERGIE,UTILITIES,7
RENOCAR A,CONSUMER DISCRETIONARY,7
RENOENERGIE A,UTILITIES,7
RENOFARMY,CONSUMER STAPLES,7
RENOFARMY A,CONSUMER STAPLES,7
RENOIR S R,REAL ESTATE,7
RENOKAR CNC S R,CONSUMER DISCRETIONARY,7
RENOMIX,INDUSTRIALS,7
RENOTECHNOLOGIE A,CONSUMER STAPLES,7
RENT CAR,NOT RELEVANT,7
RENT EXPERT S R,INDUSTRIALS,7
RENTAL,INDUSTRIALS,7
REPHARM A,HEALTH CARE,7
REPRECAR NEW S R,CONSUMER DISCRETIONARY,7
REPROGENESIS A,HEALTH CARE,7
REPROMEDA S R,HEALTH CARE,7
REPROMEDA SERVICES S R,INDUSTRIALS,7
RERA A,NOT RELEVANT,7
RESIDENCE EAST A,FINANCIALS,7
"RESIDENCE PARK TREBES,",REAL ESTATE,7
RESIDENCE WEST A,FINANCIALS,7
RESPECT A,FINANCIALS,7
RESRG AUTOMOTIVE CZ,CONSUMER DISCRETIONARY,7
RESTA DAKON,MATERIALS,7
RESTAURACE PRUHONICE A,NOT RELEVANT,7
RESTEC S R,INDUSTRIALS,7
RETAIL BUILDINGS SPOL S R,REAL ESTATE,7
RETAIL PORTFOLIO II A,NOT RELEVANT,7
RETAL CZECH A,MATERIALS,7
"RETECO S.R.O., ""V",NOT RELEVANT,7
RETEK,INDUSTRIALS,7
RETEK A,INDUSTRIALS,7
RETEX,CONSUMER DISCRETIONARY,7
RETEZARNA CESKA TREBOVA S R,NOT RELEVANT,7
RETEZY VAMBERK SPOL S R,INDUSTRIALS,7
"RETEZY,",INDUSTRIALS,7
RETIA A,INDUSTRIALS,7
RETICULUM A,CONSUMER DISCRETIONARY,7
RETICULUM HOLDING A,CONSUMER STAPLES,7
RETICULUM HOLDING CONSOLID,CONSUMER STAPLES,7
RETIX S R,MATERIALS,7
RETRE - PRADELNA A CISTIRNA,INDUSTRIALS,7
"RETRE, S R",INDUSTRIALS,7
"REUS GROUP,",INDUSTRIALS,7
REVITA G A.S. V,NOT RELEVANT,7
REVMONT A,INDUSTRIALS,7
REVMONT ENGINEERING A,INDUSTRIALS,7
REVO SOLUTIONS S R,INFORMATION TECHNOLOGY,7
REX SPOL S R,COMMUNICATIONS,7
REZAC,NOT RELEVANT,7
REZBOVA LIBUSE,NOT RELEVANT,7
REZIDENCE U SKOLY,REAL ESTATE,7
RG SLUZBY S R,FINANCIALS,7
RHI MAGNESITA CZECH REPUBLIC,MATERIALS,7
RIA A,INDUSTRIALS,7
"RIBBON,",INFORMATION TECHNOLOGY,7
RICARDO PRAGUE S R,NOT RELEVANT,7
RICHMAN PROPERTY S R,REAL ESTATE,7
RICHMOND A,HEALTH CARE,7
RICHTER FRENZEL S R,INDUSTRIALS,7
RICOH Czech Republic,INDUSTRIALS,7
RIGHT INDICADA,CONSUMER DISCRETIONARY,7
"RIHO CZ,",CONSUMER DISCRETIONARY,7
RIKEA S R,NOT RELEVANT,7
RIMOWA CZ spol. s,CONSUMER DISCRETIONARY,7
RINA EUROPE S R,CONSUMER STAPLES,7
RIQ INVESTMENTS A,REAL ESTATE,7
RIVER S R,INFORMATION TECHNOLOGY,7
RIVERICH,NOT RELEVANT,7
RKO GROUP,INDUSTRIALS,7
RLCZ dummy customer,FINANCIALS,7
RLP,INDUSTRIALS,7
RLRE EUBE OC TERRONIC I S R,FINANCIALS,7
"RLRE YPSILON PROPERTY,",UTILITIES,7
RLre Alpha Property,REAL ESTATE,7
"RMSM LOGISTIKA,",NOT RELEVANT,7
RNA INFRA S R,FINANCIALS,7
ROAD TO INTEREST CONSOLIDA,UTILITIES,7
ROBERTO FELICETTI,NOT RELEVANT,7
ROBOAUTO S R,INFORMATION TECHNOLOGY,7
ROCHLING AUTOMOTIVE KOPRIVNICE S R,MATERIALS,7
ROD SVET ROVNATEK CONSOLID,HEALTH CARE,7
RODOS V+J Teodoridis,INDUSTRIALS,7
"ROEZ ENERGO PRAHA,",INDUSTRIALS,7
ROGIER GROUP A.S. V,NOT RELEVANT,7
ROHLOVSKY MLYN S R,REAL ESTATE,7
ROI HUNTER A,INDUSTRIALS,7
ROKA Transport,INDUSTRIALS,7
ROKON A,REAL ESTATE,7
ROKYTNICE,CONSUMER DISCRETIONARY,7
ROLANA S R,CONSUMER STAPLES,7
ROLINE INTERNATIONALE SPEDITION S,INDUSTRIALS,7
ROLLPAP A,MATERIALS,7
ROLLYX S R,CONSUMER DISCRETIONARY,7
"ROLS LESANY, SPOL. S",NOT RELEVANT,7
ROMAN JANSTA,CONSUMER DISCRETIONARY,7
ROMAN KAMIS,NOT RELEVANT,7
ROMAN MAZÁK,NOT RELEVANT,7
ROMILL AGRICULTURE S R,INDUSTRIALS,7
ROMOTOP spol. s r.,CONSUMER STAPLES,7
ROMPA,CONSUMER DISCRETIONARY,7
RONAD,INDUSTRIALS,7
RONAL Bathrooms,INDUSTRIALS,7
RONJA S R,CONSUMER STAPLES,7
RONN S R,UTILITIES,7
"RONYTRANS,",INDUSTRIALS,7
ROSA MARKET S R,CONSUMER STAPLES,7
ROSA market,CONSUMER STAPLES,7
ROSCO A,INDUSTRIALS,7
ROSS HOLDING,INDUSTRIALS,7
ROSSO STEEL A,CONSUMER DISCRETIONARY,7
ROSTENICE A,NOT RELEVANT,7
"ROSTENICE,",CONSUMER STAPLES,7
ROWAN LEGAL ADVOKATNI KANCELAR S,INDUSTRIALS,7
ROXAWAG,INDUSTRIALS,7
ROYAL COMFORT MORAVIA S R,REAL ESTATE,7
ROYAL SPA A,HEALTH CARE,7
ROZVOJ S R,NOT RELEVANT,7
ROmiLL ESTATE,INDUSTRIALS,7
RPG SLUZBY S R,NOT RELEVANT,7
RR DONNELLEY PRAGUE S R,INDUSTRIALS,7
RR Donnelley Czech s. r.,INFORMATION TECHNOLOGY,7
RRH Appliances Czech Republic,CONSUMER DISCRETIONARY,7
RRR SPOL S R,INDUSTRIALS,7
RSG GROUP CESKO S R,CONSUMER DISCRETIONARY,7
RSJ INVESTMENTS INVESTICNI SPOLECNO,FINANCIALS,7
RSJ LAND II UZAVRENY PODILOVY FOND,REAL ESTATE,7
RSTS_DUMMY_H_34,REAL ESTATE,7
RSTS_DUMMY_NFC_34,REAL ESTATE,7
RT TORAX LEASING S R,FINANCIALS,7
RT TORAX S R,CONSUMER DISCRETIONARY,7
RTI CZECH S.R.O. V,INDUSTRIALS,7
"RUBENA,",MATERIALS,7
RUBENS,REAL ESTATE,7
RUBIK,NOT RELEVANT,7
RUCKL CRYSTAL A,CONSUMER DISCRETIONARY,7
RUDOLF,NOT RELEVANT,7
RUDOLF KAMPF S R,CONSUMER DISCRETIONARY,7
RUDOLFOVSKA S R,INDUSTRIALS,7
RUG CZ S R,INDUSTRIALS,7
RUGBY OLYMP S R,CONSUMER DISCRETIONARY,7
RULC S R,NOT RELEVANT,7
RUPA TEXTIL,CONSUMER DISCRETIONARY,7
RURASTE S R,CONSUMER STAPLES,7
RUSNAK,NOT RELEVANT,7
RVTS S R,FINANCIALS,7
RWA CZECHIA S R,CONSUMER STAPLES,7
RYBA,NOT RELEVANT,7
RYBACEK,NOT RELEVANT,7
RYBARSTVI SCHONFELD S R,CONSUMER DISCRETIONARY,7
RYBNÁ 1066,NOT RELEVANT,7
RYCHNA,NOT RELEVANT,7
"RYCHTÁR,",CONSUMER STAPLES,7
RYMAROV S R,INDUSTRIALS,7
RYNAGRO A,CONSUMER STAPLES,7
Radimova 136,REAL ESTATE,7
Radlas,REAL ESTATE,7
Radomska,REAL ESTATE,7
"Radostne bydlet,",REAL ESTATE,7
"Raiffeisen Broker,",FINANCIALS,7
Raiffeisen Direct Investments CZ,REAL ESTATE,7
Raiffeisen-Leasing BOT,FINANCIALS,7
Rail Cargo Operator - CSKD,INDUSTRIALS,7
"Railco services,",INDUSTRIALS,7
Raines Property,REAL ESTATE,7
"Raisova 1921/3,",REAL ESTATE,7
"Raisova 825, 826, Rokycany",REAL ESTATE,7
Rakevet,REAL ESTATE,7
Rakouské gymnázium v Praze o.p.s.,INDUSTRIALS,7
Rasinovo nabrezi 46,REAL ESTATE,7
"Rasova 633, Praha",REAL ESTATE,7
Raspenava 295,REAL ESTATE,7
"Ratiborska 1147-1148,Opava",REAL ESTATE,7
"Ratiborska 1152/44,",REAL ESTATE,7
Raviterra,INFORMATION TECHNOLOGY,7
Rawlplug CZ,INDUSTRIALS,7
ReVo,REAL ESTATE,7
Real Holding spol. s,REAL ESTATE,7
Real Invest Vodickova Spol.,FINANCIALS,7
Realit investment,REAL ESTATE,7
Realitní spolecnost mesta Brna,INDUSTRIALS,7
"Recka 4/1472, Ostrava",REAL ESTATE,7
Recycling,INDUSTRIALS,7
Recycling - kovové odpady,INDUSTRIALS,7
"Refrakcni klinika CZ,",HEALTH CARE,7
"Regada Ceska,",INDUSTRIALS,7
"Regata Cechy,",CONSUMER DISCRETIONARY,7
Rehabilita¿ní centrum Mezibo¿í,HEALTH CARE,7
Remarkplast Services,REAL ESTATE,7
"Remesova 1106-1107,Olomouc",REAL ESTATE,7
"Renault Trucks CR,",NOT RELEVANT,7
Rencova,REAL ESTATE,7
"Renneska 9,",REAL ESTATE,7
Renoirova 644-7,REAL ESTATE,7
Renoty 83,REAL ESTATE,7
"Repinova 2266/22,",REAL ESTATE,7
Repro Interior,CONSUMER DISCRETIONARY,7
Rerychova,REAL ESTATE,7
Residence Ruzak C,REAL ESTATE,7
Resslova 1036,REAL ESTATE,7
Resslova 1037,REAL ESTATE,7
Resslova 1038 a 1039,REAL ESTATE,7
Resslova 1077,REAL ESTATE,7
Resslova 1079/1080,REAL ESTATE,7
"Restaurace Radnice Havirov,",CONSUMER DISCRETIONARY,7
"Revolucni 100, Straz p.",REAL ESTATE,7
Revolucni 1049-1051 v Upici,REAL ESTATE,7
"Revolucni 1834,",REAL ESTATE,7
"Revolucni 261-262,Straz",REAL ESTATE,7
Revolucni 310,REAL ESTATE,7
Revova 300,REAL ESTATE,7
Rexonix,CONSUMER DISCRETIONARY,7
Rexonix connect,INDUSTRIALS,7
Rezidence Cakovice,REAL ESTATE,7
Rezidence Luka,REAL ESTATE,7
"Rezidence Plana,",FINANCIALS,7
Rezidence Rostislavovo namesti,INDUSTRIALS,7
Rezidence Vlastibor,REAL ESTATE,7
Rezlerova 280-284,REAL ESTATE,7
Rezlerova 285 - 288,REAL ESTATE,7
Rezlerova 289-292,REAL ESTATE,7
"Rezlerova 305-307,Praha",REAL ESTATE,7
Riegrova 1775/39,REAL ESTATE,7
Riegrova 2246/2a,REAL ESTATE,7
"Riegrova 49,",REAL ESTATE,7
Riegrova 572/2,REAL ESTATE,7
Rihak Miroslav,INFORMATION TECHNOLOGY,7
"Rilska 3181-3182,Praha",REAL ESTATE,7
Roanoke Investment Pte Ltd,COMMUNICATIONS,7
Robotics Czech Republic,INDUSTRIALS,7
Rockaway Advisors,REAL ESTATE,7
Rodimcevova 2180/15,REAL ESTATE,7
Rodopska 3152,REAL ESTATE,7
"Rohacova 93/1419, Praha",REAL ESTATE,7
"Rohova 182,183",REAL ESTATE,7
"Rohoznicka 1601-1605,",REAL ESTATE,7
"Rokycanova 1069, 1070",REAL ESTATE,7
"Rolavska 1219-1220,",REAL ESTATE,7
"Rolavska 1223,",REAL ESTATE,7
"Rolavska 1224,",REAL ESTATE,7
Rolnicka a.s. Hroznova Lhota,CONSUMER STAPLES,7
Roman Fasang - AUTOSERVIS LNC Fasan,NOT RELEVANT,7
"Rooseveltova 38,40,42",REAL ESTATE,7
"Rooseveltova 4194,",REAL ESTATE,7
"Rooseveltova 44/3, Chlumec",REAL ESTATE,7
Rostislav Hanys,INDUSTRIALS,7
Rouc Radek,MATERIALS,7
Roudnice nad Labem,HEALTH CARE,7
"Route,",INDUSTRIALS,7
Rovina stavebni,INDUSTRIALS,7
Rozdalovicka,REAL ESTATE,7
Rozvoj,REAL ESTATE,7
Rubensova,REAL ESTATE,7
"Rubinova 1920 - 1922,Turnov",REAL ESTATE,7
"Rubinova 1923-1925,",REAL ESTATE,7
"Rucilova 10,",REAL ESTATE,7
"Rucilova 14,",REAL ESTATE,7
Rumburska 255,REAL ESTATE,7
Rumburska 258,REAL ESTATE,7
Rumunska 1178,REAL ESTATE,7
Rumunska 1487,REAL ESTATE,7
Ruprechticka 157 a 158,REAL ESTATE,7
Ruukki CZ,INDUSTRIALS,7
Ruzicka Viktor,CONSUMER STAPLES,7
"Ruzova 153,",REAL ESTATE,7
Ruzova 167,REAL ESTATE,7
"Ruzova 198, 199",REAL ESTATE,7
"Rybalkova 943/8, Praha",REAL ESTATE,7
"Rybarstvi Chlumec nad Cidlinou, a.s",NOT RELEVANT,7
Rybnicky,REAL ESTATE,7
Rychaltice 197,REAL ESTATE,7
"Rychtarikova 38, 40, 42,",REAL ESTATE,7
"Rymarovska 430,",REAL ESTATE,7
"Rysankova 4,",REAL ESTATE,7
"Rytirova 782-784,Praha",REAL ESTATE,7
RÍZENÍ LETOVÉHO PROVOZU CESKÉ,INDUSTRIALS,7
"RÝMAROV,",MATERIALS,14
RÝNSKÝ DVUR A.S. V,NOT RELEVANT,7
S BOHEMIA A,CONSUMER DISCRETIONARY,7
S C S R,INDUSTRIALS,7
S CARGO A,INDUSTRIALS,7
S COM S R,COMMUNICATIONS,7
S GROUP A,NOT RELEVANT,7
S M CZ S R,UTILITIES,7
S M S SPOL S R,INDUSTRIALS,7
S MONOLITIA S R,INDUSTRIALS,7
S POL. V NOV. JICINE,HEALTH CARE,7
S R,COMMUNICATIONS,21
S R,CONSUMER DISCRETIONARY,98
S R,CONSUMER STAPLES,14
S R,HEALTH CARE,7
S R,INDUSTRIALS,119
S R,INFORMATION TECHNOLOGY,14
S R,MATERIALS,56
S R,UTILITIES,14
S T A R SPOLECNOST S RUCENIM,INDUSTRIALS,7
S W AUTOMOBILY S R,CONSUMER DISCRETIONARY,7
S&T CZ s.ro.,INFORMATION TECHNOLOGY,7
S+B PLAN & BAU PRAG SPOL. S,NOT RELEVANT,7
"S-FIRMA,",INDUSTRIALS,7
S-PROFIT OPAVA,MATERIALS,7
S.A.S. CZ SPOL. S,CONSUMER DISCRETIONARY,7
S.K. Neumanna 2504-06,REAL ESTATE,7
S.K.Neumanna,REAL ESTATE,7
"S.M.K.,",NOT RELEVANT,7
S.R.O.,COMMUNICATIONS,7
S.R.O.,CONSUMER STAPLES,7
S.R.O.,INDUSTRIALS,14
S.R.O.,INFORMATION TECHNOLOGY,7
S.R.O.,UTILITIES,7
S.R.O. V,CONSUMER STAPLES,7
S.T.I. CZ S. R.,INDUSTRIALS,7
SAATEN UNION CZ S R,CONSUMER STAPLES,7
SABATKA,NOT RELEVANT,7
SADIA,FINANCIALS,7
SADILEK,NOT RELEVANT,7
SAFEROAD RESTRAINT SYSTEMS,NOT RELEVANT,7
SAFETY A,CONSUMER DISCRETIONARY,7
SAFICHEM INVEST A,INDUSTRIALS,7
SAFRAN CABIN CZ S R,INDUSTRIALS,7
SAGASTA S R,INDUSTRIALS,7
SAHM,NOT RELEVANT,7
SAINT GOBAIN CONSTRUCTION PRODUCTS,MATERIALS,7
SAK SPOL S R,CONSUMER DISCRETIONARY,7
"SALAMANDER CR, SPOL. S R.O. V",CONSUMER DISCRETIONARY,7
SALES CZ S R,INDUSTRIALS,7
SALES HOUSE S R,COMMUNICATIONS,7
SALESIANER MIETTEX CHEMUNG S R,INDUSTRIALS,7
SALEZA A,NOT RELEVANT,7
SALIX MORAVA,CONSUMER STAPLES,7
SALUS DOMINE A,INDUSTRIALS,7
SALZGITTER MANNESMANN STAHLHANDEL,INDUSTRIALS,7
SAM 73 APPAREL,CONSUMER DISCRETIONARY,7
SAMOHYL GROUP A,CONSUMER STAPLES,7
SAMSONG INDUSTRIES LTD,CONSUMER DISCRETIONARY,7
SAMSUNG ELECTRONICS CZECH AND SLOVA,CONSUMER DISCRETIONARY,7
SAN NOVA S R,FINANCIALS,7
SANACE,INDUSTRIALS,7
SANATORIUM TOPAS S R,HEALTH CARE,7
SAND K.S.,MATERIALS,7
SANDILE CORP S R,INDUSTRIALS,7
SANERGIE,UTILITIES,7
SANIA SPOL. S R.O. V,INDUSTRIALS,7
SANO - MODERNÍ VÝZIVA ZVÍRAT SPOL.,CONSUMER STAPLES,7
"SANOFYTO,",HEALTH CARE,7
SANTA-TRANS,INDUSTRIALS,7
SANTAMBROGIO,NOT RELEVANT,7
SAOLFOS S R,REAL ESTATE,7
SAPAL TRADE S R,NOT RELEVANT,7
SAPARIA A,REAL ESTATE,7
SAPRIL,MATERIALS,7
SAPRIL AUTOMOTIVE S R,CONSUMER DISCRETIONARY,7
SAPRIL EKO,CONSUMER STAPLES,7
SAPRIL LOGISTICS S R,INDUSTRIALS,7
SARANTIS CZECH REPUBLIC S R,CONSUMER STAPLES,7
"SAREMO PRAHA, SPOL. S R.O. ""V",INDUSTRIALS,7
SARI S R,MATERIALS,7
SARIV NEMCIK S R,INDUSTRIALS,7
SARTORIOVA,REAL ESTATE,7
SAS 4 FINISH S R,INDUSTRIALS,7
SAT S R,MATERIALS,7
SATALA MARCEL,NOT RELEVANT,7
SATEZA A,UTILITIES,7
"SATJAM,",MATERIALS,7
SATOS PROSTEJOV A,MATERIALS,7
SATPO PROJECT I S R,FINANCIALS,7
SATT,UTILITIES,7
SAUER,NOT RELEVANT,7
"SAVE-TECH Czech,",INDUSTRIALS,7
SAVEA SPOL. S,NOT RELEVANT,7
SAVINGS A,UTILITIES,7
SAX,CONSUMER DISCRETIONARY,7
SAZ EVZEN MYSLIVEC S R,CONSUMER DISCRETIONARY,7
SAZ S R,INDUSTRIALS,7
SAZAVAN S R,INDUSTRIALS,7
SAZAVSKY OSTROV S R,REAL ESTATE,7
SB A,INDUSTRIALS,7
SBA EXPERT SECURITY S R,INDUSTRIALS,7
SBD,REAL ESTATE,7
SBERNE SUROVINY PRAHA A,NOT RELEVANT,7
"SBM TELEKOMUNIKACE,",INDUSTRIALS,7
SBORAK INVEST,CONSUMER DISCRETIONARY,7
SC METAL S R,MATERIALS,7
SCANIA CZECH REPUBLIC,CONSUMER DISCRETIONARY,7
SCB FOUNDRY A,NOT RELEVANT,7
SCF PROPERTY SERVICES A,REAL ESTATE,7
SCHACHERMAYER SPOL S R,INDUSTRIALS,7
SCHACHINGER CARGOMAX S R,NOT RELEVANT,7
SCHAEFFLER MOTION TECHNOLOGIES CZ,INDUSTRIALS,7
SCHAFER MENK S R,INDUSTRIALS,7
SCHENKER SPOL S R,INDUSTRIALS,7
SCHILL DENTAL CLINIC PRAHA S R,HEALTH CARE,7
SCHINDLER SPOL S R,CONSUMER DISCRETIONARY,7
SCHNEEBERGER MINERALGUSSTECHNIK S,INDUSTRIALS,7
SCHNELLECKE BOHEMIA SERVICES S R,CONSUMER DISCRETIONARY,7
SCHOELLER LITVINOV K,MATERIALS,7
SCHOOLINVEST S.R.O. V,NOT RELEVANT,7
SCHOTT TERMOFROST,CONSUMER DISCRETIONARY,7
SCHRACK TECHNIK SPOL S R,INDUSTRIALS,7
SCHROTHOVY LECEBNE LAZNE S R,HEALTH CARE,7
SCHUBERT Michael,CONSUMER STAPLES,7
SCHUMACHER RAINER,NOT RELEVANT,7
SCHWABE CZECH REPUBLIC S R,COMMUNICATIONS,7
SCHWANZER,NOT RELEVANT,7
SCHWARZMULLER S R,INDUSTRIALS,7
SCHWING STETTER OSTRAVA S R,INDUSTRIALS,7
SCIO,CONSUMER DISCRETIONARY,7
SCIOSKOLA PRAHA JAROV - ZÁKLADNÍ SK,CONSUMER DISCRETIONARY,7
SCORRITON S R,INDUSTRIALS,7
SDP LOGISTIC,MATERIALS,7
SDP Logistics sklady,FINANCIALS,7
SDRUZENI PRO ZACHOVANI TRADIC REZNI,NOT RELEVANT,7
SDRUZENI SPORTOVNICH KLUBU VITKOVIC,CONSUMER DISCRETIONARY,7
SE,INFORMATION TECHNOLOGY,7
"SE-MI TEchnology,",INDUSTRIALS,7
SE-VAG,INDUSTRIALS,7
SEA,INDUSTRIALS,7
SEATING PILSEN S R,CONSUMER DISCRETIONARY,7
SEATTLE S R,NOT RELEVANT,7
SEBALEX,INDUSTRIALS,7
SEBELKA,NOT RELEVANT,7
SECO INDUSTRIES S R,INDUSTRIALS,7
SECUPACK,INDUSTRIALS,7
SECURITIES S R,INDUSTRIALS,7
SECURITY ONE S R,INDUSTRIALS,7
SECURITY S R,INDUSTRIALS,7
SEDIVY PREMYSL,NOT RELEVANT,7
SEDLAK,NOT RELEVANT,7
SEDLECKÝ KAOLIN A.,INDUSTRIALS,7
SEDLMAJER,NOT RELEVANT,7
SEEIF CERAMIC A,MATERIALS,7
SEIGERSCHMID KABELOVA KOMPLETACE,INDUSTRIALS,7
SELECTRA S R,INDUSTRIALS,7
SELGEN A,CONSUMER STAPLES,7
SEMAG SPOL. S,CONSUMER STAPLES,7
"SEMANTIC VISIONS,",INFORMATION TECHNOLOGY,7
SEMIN,NOT RELEVANT,7
SEMPERFLEX OPTIMIT S R,INDUSTRIALS,7
SEMPRONEMO S R,CONSUMER STAPLES,7
SENECURA HOLDING S.R.O. V LIKVIDACI,HEALTH CARE,7
SENEGA S R,NOT RELEVANT,7
"SENEKA,SPOL. S",REAL ESTATE,7
SENEKAB Trade,MATERIALS,7
SENFINA LABS S R,CONSUMER STAPLES,7
SENIOR CENTRUM KOLÍN,HEALTH CARE,7
SENIOR CENTRUM MALÁ CERMNÁ S.R.,HEALTH CARE,7
SENIOR CENTRUM MEZIBORÍ,HEALTH CARE,7
SENIOR CENTRUM NOVÁ ROLE,HEALTH CARE,7
SENIOR CENTRUM NOVÝ BOR,HEALTH CARE,7
SENIOR CENTRUM PR¿BRAM,HEALTH CARE,7
SENIOR CENTRUM STRIBRO S R,HEALTH CARE,7
SENIOR FLEXONICS CZECH S R,CONSUMER DISCRETIONARY,7
SENIORSKE APARTMANY,REAL ESTATE,7
SENLIFE CR,HEALTH CARE,7
SENLIFE PROPERTY 2 S R,REAL ESTATE,7
"SEOMAN,a.s.",CONSUMER DISCRETIONARY,7
SEPETNA V O,CONSUMER DISCRETIONARY,7
SEPOS SPOL S R,CONSUMER DISCRETIONARY,7
SEPTIMA - SPOLECNOST PRO SPRÁVU NEM,NOT RELEVANT,7
SERAFIN CAMPESTRINI S R,MATERIALS,7
SERVICE CESKA REPUBLIKA S R,ENERGY,7
SERVICE GROUP,CONSUMER DISCRETIONARY,7
SERVICE INTERNATIONAL SECUR,CONSUMER DISCRETIONARY,7
SERVICE INTERNATIONAL SPOL,CONSUMER DISCRETIONARY,7
SERVICE S R,INDUSTRIALS,7
"SERVICE,",INDUSTRIALS,14
SERVICES NETWORKS S R,NOT RELEVANT,7
SERVICES S R,CONSUMER STAPLES,7
SERVICES S R,INDUSTRIALS,14
SERVICES S R,MATERIALS,7
"SERVICES,",UTILITIES,7
SERVIS,CONSUMER DISCRETIONARY,7
SERVIS A,HEALTH CARE,7
SERVIS A,NOT RELEVANT,7
SERVIS LEASING A,INDUSTRIALS,7
SERVIS NEMOCNICE RYMAROV S R,NOT RELEVANT,7
"SERVIS OSTRAVA, SPOL. S",NOT RELEVANT,7
SERVIS S R,INDUSTRIALS,21
SERVIS S R,INFORMATION TECHNOLOGY,7
SERVISNÍ POJISTOVNA A.S. V,NOT RELEVANT,7
SERVISTRADE S R,CONSUMER STAPLES,7
SERVODATA A,INFORMATION TECHNOLOGY,7
SERW Power,UTILITIES,7
"SERW, SPOL. S",REAL ESTATE,7
SESTKA,REAL ESTATE,7
SESTRICKA CZ PECOVATELKA Z U,CONSUMER DISCRETIONARY,7
SESTRICKA CZ S R,HEALTH CARE,7
SESTricka.CZ - DOMÁCÍ PecE ces,HEALTH CARE,7
SETTO SPEDITION S R,NOT RELEVANT,7
SETUZA A,NOT RELEVANT,7
SEV EN CESKA ENERGIE,UTILITIES,7
SEV.EN INNTECH,ENERGY,7
SEVCIK HYDRO S R,INDUSTRIALS,7
SEVERNI ENERGETICKA A,ENERGY,7
SEVEROCESKA TEPLARENSKA A,UTILITIES,7
SEVEROCESKE PISKOVNY A STERKOVNY,INDUSTRIALS,7
SEVEROCHEMA DRUZSTVO PRO CHEMICKOU,NOT RELEVANT,7
"SEVEROCHEMA, DRUZSTVO PRO CHEM",NOT RELEVANT,7
SEVEROMORAVSKE VODOVODY A KANALIZAC,NOT RELEVANT,7
SEVEROTISK S R,INDUSTRIALS,7
SEVEROZAPADNI CECHY S R,MATERIALS,7
SEVES GLASS BLOCK,INDUSTRIALS,7
SEZAKO ProstEjov,INDUSTRIALS,7
SEZNAM CZ A,COMMUNICATIONS,7
SFS GROUP CZ S R,INDUSTRIALS,7
SG Geotechnika,INDUSTRIALS,7
SGAIN INTERNATIONAL S.R.O. V,FINANCIALS,7
SGALITZER S R,REAL ESTATE,7
SGEU,INDUSTRIALS,7
SGJW HRADEC KRALOVE SPOL. S,NOT RELEVANT,7
SGS INDUSTRIAL SERVICES CZ S R,INDUSTRIALS,7
SH CZ S R,INFORMATION TECHNOLOGY,7
SH EKO A,INDUSTRIALS,7
SHAPE STEEL A,INDUSTRIALS,7
SHARP VENTURES,REAL ESTATE,7
SHAYA JAMIL,NOT RELEVANT,7
SHEILA H C S R,REAL ESTATE,7
SHERLOG,INFORMATION TECHNOLOGY,7
SHOEBOX CZ S R,CONSUMER DISCRETIONARY,7
SHOP TRADING S R,CONSUMER DISCRETIONARY,7
"SHOP,",INDUSTRIALS,7
SHOPPING PARK BILINA S R,REAL ESTATE,7
"SHOWDOWN DISPLAYS EUROPE,",COMMUNICATIONS,7
SI CORPORATE FINANCE,INDUSTRIALS,7
SIAG CZ S R,NOT RELEVANT,7
SIAG Stahlbau Teplice,INDUSTRIALS,7
SIBEX,NOT RELEVANT,7
SICO RENT,INDUSTRIALS,7
SIEGEL ROSTISLAV,NOT RELEVANT,7
SIEMENS S R,INFORMATION TECHNOLOGY,7
SIG SOCIETA ITALIANA GOMMA SPA,CONSUMER DISCRETIONARY,7
SIGANTA NIKÉ SAIL,CONSUMER DISCRETIONARY,7
SIGMA SOFT spol.,INFORMATION TECHNOLOGY,7
SIGMUNDOVA YVONA,NOT RELEVANT,7
SIGNATURES OF MORAVIA S R,CONSUMER STAPLES,7
SIGREST spol. s,CONSUMER DISCRETIONARY,7
SIGTECH S R,INDUSTRIALS,7
SIKO KOUPELNY A,INDUSTRIALS,7
"SIKORA & SIKORA, spol. s r.o.",FINANCIALS,7
SIKOROVA,NOT RELEVANT,7
SILESIA AIR,INDUSTRIALS,7
SILNICE A,INDUSTRIALS,7
"SILO STREDNICE, SPOL. S",CONSUMER STAPLES,7
SILON,MATERIALS,7
SILVA CZ S R,MATERIALS,7
"SILVACO, A.S. V",NOT RELEVANT,7
SILVERLINE CAPITAL S R,INDUSTRIALS,7
SIMAJCHL,NOT RELEVANT,7
SIMAK,NOT RELEVANT,7
SIMAN,NOT RELEVANT,7
SIMEK,NOT RELEVANT,7
SIMMO,NOT RELEVANT,7
SIMOLDES PLASTICOS CZECH S R,CONSUMER DISCRETIONARY,7
SIMON,NOT RELEVANT,7
SIMPLECELL NETWORKS A,INFORMATION TECHNOLOGY,7
SIMPLEX CZ S R,CONSUMER STAPLES,7
SINDAT SPOL S R,INDUSTRIALS,7
SINDELAR,NOT RELEVANT,7
SINDELAR SPEDITION,INDUSTRIALS,7
SINDELÁR,NOT RELEVANT,7
SINFO SPOL S R,MATERIALS,7
SINGING ROCK S R,CONSUMER DISCRETIONARY,7
SINOP CB,INDUSTRIALS,7
SINOVSKY,NOT RELEVANT,7
SINTEX A,CONSUMER DISCRETIONARY,7
SIO2 PRODUCTION S R,INDUSTRIALS,7
SIPLAST - ICOPAL S.R.O. V,NOT RELEVANT,7
SIPRAL A,INDUSTRIALS,7
"SIRIUS PROPERTY,",REAL ESTATE,7
SIS,INDUSTRIALS,7
SISTEK,NOT RELEVANT,7
SJG CZECH,CONSUMER DISCRETIONARY,7
SJOT,CONSUMER DISCRETIONARY,7
SK S R,COMMUNICATIONS,7
SK SIGMA OLOMOUC A,COMMUNICATIONS,7
"SK, SPOL. S R. O., ODSTEPNÝ",INDUSTRIALS,7
SKAKO VIBRATION S,INDUSTRIALS,7
SKALKA 2189,REAL ESTATE,7
SKALNIK,NOT RELEVANT,7
SKANSKA A,INDUSTRIALS,7
"SKANSKA CZ REGION BRNO,S.R.O.",NOT RELEVANT,7
SKARKA,NOT RELEVANT,7
SKERIK,NOT RELEVANT,7
SKEX A,INDUSTRIALS,7
SKF CZ A,NOT RELEVANT,7
SKI areal,CONSUMER DISCRETIONARY,7
SKIAREÁL KLÍNOVEC,CONSUMER DISCRETIONARY,7
SKIING S R,CONSUMER DISCRETIONARY,7
SKLADKA BRATCICE S R,FINANCIALS,7
SKLARSKA HUT,NOT RELEVANT,7
SKLENIK MUTENICE,CONSUMER STAPLES,7
SKLENÍK VELKÉ NEMCICE,CONSUMER STAPLES,7
SKLOSTROJ TURNOV CZ S R,INDUSTRIALS,7
"SKLÁRNA HERMANOVA HUT, A.S. - V",NOT RELEVANT,7
SKODA AS,INDUSTRIALS,7
SKODA AUTO A,CONSUMER DISCRETIONARY,7
SKODA JS,NOT RELEVANT,7
SKODA TRANSPORTATION,INDUSTRIALS,7
SKOFIN,NOT RELEVANT,7
SKOLICI A VYVOJOVA A,CONSUMER DISCRETIONARY,7
SKR STAV S R,INDUSTRIALS,7
SKROBARNA A LIHOVAR KRNOV S R,CONSUMER STAPLES,7
SKUTA RASTISLAV,NOT RELEVANT,7
SKY SOFT SPOL S R O V,INFORMATION TECHNOLOGY,7
SKY XS AIRCARGO S R,NOT RELEVANT,7
SKYBERGTECH S R,INDUSTRIALS,7
SL,HEALTH CARE,7
SLADOVNY SOUFFLET CR A,NOT RELEVANT,7
SLAG HANDLING,INDUSTRIALS,7
SLATINY A,CONSUMER STAPLES,7
SLAVICEK S R,INDUSTRIALS,7
SLEMAR,NOT RELEVANT,7
SLEZAN FRÝDEK - MÍSTEK A.,NOT RELEVANT,7
SLIZEK,NOT RELEVANT,7
SLOVACKE STROJIRNY AKCIOVA SPOLECNO,MATERIALS,7
SLOVAKIA,CONSUMER DISCRETIONARY,7
SLOVMLYN SPOL S R,NOT RELEVANT,7
"SLOVMLYN, spol. s r.o.,org.zlozka",CONSUMER STAPLES,7
SLUKA,NOT RELEVANT,7
SLUNECNA FARMA S R,CONSUMER STAPLES,7
SLUNETA,UTILITIES,7
SLUSNEJ ODDIL S R,CONSUMER DISCRETIONARY,7
SLUZBY DYNIN A,CONSUMER STAPLES,7
SLUZBY MESTA PARDUBIC,INDUSTRIALS,7
SLUZBY S R,UTILITIES,7
SLUZBY VM,INDUSTRIALS,7
SLÉVÁRNA CHOMUTOV,MATERIALS,7
SLÉVÁRNY D+D METAL A.S. V,MATERIALS,7
SMALTUM,ENERGY,7
SMART Comp.,COMMUNICATIONS,7
SMART ENERGY A,INFORMATION TECHNOLOGY,7
SMART IDENTITY CZECH,INDUSTRIALS,7
SMARTTECH,INFORMATION TECHNOLOGY,7
SMARTWINGS,INDUSTRIALS,7
SMARTWINGS A,INDUSTRIALS,7
SMAZÍK NORD,CONSUMER DISCRETIONARY,7
SMC Industrial Automation CZ,INDUSTRIALS,7
SMEJKAL,NOT RELEVANT,7
SMERAL BRNO A,INDUSTRIALS,7
SMIDBERSKY ROMAN,INDUSTRIALS,7
SMIDL S R,INDUSTRIALS,7
SMITH PACKAGING CZECH REPUBLIC,MATERIALS,7
SMOLIK,NOT RELEVANT,7
SMRCEK,NOT RELEVANT,7
SMT A,INDUSTRIALS,7
SNIEGON,NOT RELEVANT,7
SNITA,NOT RELEVANT,7
SNOW HOW CR S R,CONSUMER DISCRETIONARY,7
SNP 1175,REAL ESTATE,7
SNP 1181,REAL ESTATE,7
SNT PLUS,HEALTH CARE,7
SO CLOSE S R,INDUSTRIALS,7
SO GROUP,NOT RELEVANT,7
SOBOTKA,NOT RELEVANT,7
SOC MLYN S R,REAL ESTATE,7
SODECIA AUTOMOTIVE LIBEREC,CONSUMER DISCRETIONARY,7
"SOFAS CZECH,",CONSUMER DISCRETIONARY,7
SOFT A,INDUSTRIALS,7
SOFTEC CZ SPOL S R,INFORMATION TECHNOLOGY,7
SOHN RUKOV S R,INDUSTRIALS,7
SOITRON,INFORMATION TECHNOLOGY,7
SOKOLNIKY S R,REAL ESTATE,7
SOKOLOVSKA OBCHODNI A,INDUSTRIALS,7
SOKOLOVSKE STROJIRNY A,INDUSTRIALS,7
"SOLAGRO,",CONSUMER STAPLES,7
SOLAMP CZECH REPUBLIC S R,INDUSTRIALS,7
SOLAR GLOBAL STORAGE A,INDUSTRIALS,7
SOLAR TECHNOLOGIES S R,INDUSTRIALS,7
"SOLARINVEST - GREEN ENERGY,",UTILITIES,7
SOLEADO S R,REAL ESTATE,7
SOLID CZECH,CONSUMER DISCRETIONARY,7
"SOLID, SPOL. S R.O. V LIKVIDAC",INFORMATION TECHNOLOGY,7
SOLLAND,CONSUMER DISCRETIONARY,7
SOLODOOR,INDUSTRIALS,7
SOLOPS A,UTILITIES,7
SOLUTION S R,UTILITIES,7
SOLUTIONS AND SERVICES A,UTILITIES,7
"SOLUTIONS,",CONSUMER DISCRETIONARY,7
"SOLUTIONS,",INDUSTRIALS,7
"SOLVIT,",CONSUMER STAPLES,7
SOMA SPOL S R,MATERIALS,7
SONEPAR CESKA REPUBLIKA SPOL S R,INDUSTRIALS,7
SOPO,INDUSTRIALS,7
SOR LIBCHAVY SPOL. S,CONSUMER DISCRETIONARY,7
SORS MARKETS CZECH S R,UTILITIES,7
SOUFFLET AGRO A,NOT RELEVANT,7
SOUKUP,NOT RELEVANT,7
SOVA,NOT RELEVANT,7
"SOVA NET,",INFORMATION TECHNOLOGY,7
SOVIS CZ A,INDUSTRIALS,7
SOVOVA 651/652/653,REAL ESTATE,7
SP BOHEMIA K,INDUSTRIALS,7
SPA,HEALTH CARE,7
SPA STUDIO S R,CONSUMER DISCRETIONARY,7
SPACE A,CONSUMER DISCRETIONARY,7
SPACKOVA,NOT RELEVANT,7
SPALOVSKY A,INDUSTRIALS,7
SPANNER,NOT RELEVANT,7
SPARKYS S R,CONSUMER DISCRETIONARY,7
"SPC 429/70 S,",REAL ESTATE,7
"SPC F/26,",REAL ESTATE,7
"SPEA Olomouc, s. r.",HEALTH CARE,7
SPEARHEAD CZECH S R,CONSUMER STAPLES,7
SPECIAL SERVICE INTERNATIONAL ENERG,INDUSTRIALS,7
SPECIALISTS ASSOC S R,INDUSTRIALS,7
SPECIALNI STAVBY MOST SPOL S R,INDUSTRIALS,7
SPEDICE SPOL S R,INDUSTRIALS,7
SPEDICE-VKV,INDUSTRIALS,7
SPEDITION SPOL S R,INDUSTRIALS,7
SPEDITRANS S R,INDUSTRIALS,7
SPEED LEASE A,FINANCIALS,7
SPEED S R,INDUSTRIALS,7
SPEKTRUM,NOT RELEVANT,7
SPEKTRUM CZ,CONSUMER STAPLES,7
SPENTEX,NOT RELEVANT,7
SPGROUP A,MATERIALS,7
SPGroup,INDUSTRIALS,7
SPICAK S R,REAL ESTATE,7
SPILBERK DEVELOPMENT,INDUSTRIALS,7
SPIN PLZEN,NOT RELEVANT,7
SPIRE CAPITAL MANAGEMENT S.R.O. V,UTILITIES,7
SPIRIT DISTRIBUTION S R,CONSUMER STAPLES,7
SPL RECYCLING,INDUSTRIALS,7
SPM SECURITY PAPER MILL A,MATERIALS,7
SPOJKA GROUP S R,CONSUMER DISCRETIONARY,7
SPOJMONT OSTRAVA S R,INDUSTRIALS,7
SPOL S R,CONSUMER DISCRETIONARY,14
SPOL S R,ENERGY,7
SPOL S R,HEALTH CARE,14
SPOL S R,INDUSTRIALS,42
SPOL S R,INFORMATION TECHNOLOGY,7
SPOL S R,MATERIALS,21
SPOL S R,UTILITIES,7
SPOLECENSTVI VLASTNIKU HOBZIKOVA,REAL ESTATE,7
SPOLECENSTVÍ VLATNÍKU JEDNOTEK OMLE,REAL ESTATE,7
SPOLECNOST BREZNO S R,CONSUMER STAPLES,7
SPOLECNOST CHLUMANY A,CONSUMER STAPLES,7
SPOLECNOST CHRUDIM A,UTILITIES,7
SPOLECNOST JAROSLAV ORSULI,INDUSTRIALS,7
SPOLECNOST MORAVA S R,CONSUMER STAPLES,7
SPOLECNOST STRANKA,CONSUMER STAPLES,7
SPOLECNOST TABORSKO S R,UTILITIES,7
SPOLEK PRO CHEMICKOU A HUT,MATERIALS,7
SPOLEK PRO CHEMICKOU A HUTNI VYROBU,MATERIALS,7
SPOREA S R,CONSUMER STAPLES,7
SPOROBYT SPOL S R,NOT RELEVANT,7
SPORT CZ,NOT RELEVANT,7
SPORT TECHNIK BOHEMIA S R,INDUSTRIALS,7
SPORT VISION CZECHIA,NOT RELEVANT,7
SPORTEGA,CONSUMER DISCRETIONARY,7
SPORTISIMO HOLDING,CONSUMER DISCRETIONARY,7
SPPSA,NOT RELEVANT,7
SPRAVA MESTSKYCH SPORTOVIST KOLIN,CONSUMER DISCRETIONARY,7
SPRAVA S R,UTILITIES,7
SPRINGTIDE VENTURES S R,FINANCIALS,7
"SPRÁVA POHLEDÁVEK OKD,",NOT RELEVANT,7
"SPS engineering,",INDUSTRIALS,7
SPURNY MIRKO,NOT RELEVANT,7
SPV OMAP ALFA,REAL ESTATE,7
SPV gama,REAL ESTATE,7
SPV1 S R,INDUSTRIALS,7
SQS VLAKNOVA OPTIKA A,INDUSTRIALS,7
SR,INDUSTRIALS,7
SRAMEK,NOT RELEVANT,7
SRBA SERVIS S R,CONSUMER DISCRETIONARY,7
SRNKOVA,NOT RELEVANT,7
SROT GEBESHUBER S R,MATERIALS,7
SROT S R,INDUSTRIALS,7
SRPICE S R O V,NOT RELEVANT,7
SRSEN,NOT RELEVANT,7
SRSOFT SPOL S R,CONSUMER DISCRETIONARY,7
SSCZ,CONSUMER DISCRETIONARY,7
SSE Explo Ceska republika,MATERIALS,7
"SSI Cleaning,",CONSUMER DISCRETIONARY,7
SSM HOLDING,NOT RELEVANT,7
"ST HP,",NOT RELEVANT,7
ST NICOLAUS TRADE CZ A,CONSUMER STAPLES,7
STABILPLASTIK SPOL S R,MATERIALS,7
STACHEMA CZ S R,MATERIALS,7
STADA PHARMA CZ S R,HEALTH CARE,7
STAEG SOLUTIONS SPOL S R,FINANCIALS,7
STAG,REAL ESTATE,7
STAHLO STAHLSERVICE GMBH CO KG,MATERIALS,7
STAKO,INDUSTRIALS,7
STAMONT POZEMNI STAVITELSTVI S R,INDUSTRIALS,7
STAMPING A,CONSUMER DISCRETIONARY,7
STANEK,NOT RELEVANT,7
STANFORD A,NOT RELEVANT,7
STANGL TECHNIK SPOL. S,INDUSTRIALS,7
STANIK,NOT RELEVANT,7
STANISLAV,NOT RELEVANT,7
STANISLAV HOLINKA,NOT RELEVANT,7
STANKOV S R,INDUSTRIALS,7
STANT MANUFACTURING S R,CONSUMER DISCRETIONARY,7
STAP A,CONSUMER DISCRETIONARY,7
STAPPERT CESKA REPUBLIKA SPOL S R,INDUSTRIALS,7
"STAR-FINANCE, SPOL. S",NOT RELEVANT,7
STARCOM INTERNATIONAL S R,INFORMATION TECHNOLOGY,7
STARLIFE,CONSUMER DISCRETIONARY,7
STARMATIC II A,NOT RELEVANT,7
STARNET,INFORMATION TECHNOLOGY,7
STAROPRAMEN S R,CONSUMER STAPLES,7
STARSTAV,NOT RELEVANT,7
"START SELECT S.R.O., ""V",NOT RELEVANT,7
STARÝ TIMBER,MATERIALS,7
STASTNY,NOT RELEVANT,7
STAUBLI SYSTEMS S R,INDUSTRIALS,7
STAVBY A,INDUSTRIALS,14
STAVBY JAVORNIK,INDUSTRIALS,7
STAVBY KM SPOL S R,NOT RELEVANT,7
STAVBY MOSTU A,INDUSTRIALS,7
STAVBY RODINNA A,INDUSTRIALS,7
STAVBY S R,INDUSTRIALS,21
STAVBY SPOL S R,INDUSTRIALS,7
STAVBY SPOLECNOST,INDUSTRIALS,7
STAVCENT A,NOT RELEVANT,7
STAVCOM HP A,CONSUMER DISCRETIONARY,7
STAVEBNI,INDUSTRIALS,7
STAVEBNI A,INDUSTRIALS,14
STAVEBNI FIRMA S R,INDUSTRIALS,7
STAVEBNI HOLDING A,INDUSTRIALS,7
STAVEBNI PRVKY SPOL S R,INDUSTRIALS,7
STAVEBNI RECYKLACE S R,MATERIALS,7
STAVEBNI S R,INDUSTRIALS,21
STAVEBNI SPOL S R,INDUSTRIALS,7
STAVEBNI SPOLECNOST NAVRATIL S R,NOT RELEVANT,7
STAVEBNINY DEK A,MATERIALS,7
"STAVEBNÍ TECHNIKA PLUS,",INDUSTRIALS,7
STAVINVEST GROUP,FINANCIALS,7
STAVINZ CZ,INDUSTRIALS,7
STAVMAT STAVEBNINY A,MATERIALS,7
STAVO ARTIKEL,NOT RELEVANT,7
STAVOMONTEX,INDUSTRIALS,7
STAVOS BRNO A,INDUSTRIALS,7
STAVOS INVEST S R,NOT RELEVANT,7
"STAVOSPOL,",MATERIALS,7
STAVTAS,INDUSTRIALS,7
"STAVUS,",INDUSTRIALS,7
STEBAL SPEDITION S R,INDUSTRIALS,7
STECOMTRA,MATERIALS,7
STECOMTRA Steel Components,CONSUMER DISCRETIONARY,7
STEEL,INDUSTRIALS,14
STEEL A,INDUSTRIALS,7
STEEL A,MATERIALS,14
STEEL CZECH S R,CONSUMER DISCRETIONARY,7
STEEL PROFIL S R,MATERIALS,7
STEEL S R,INDUSTRIALS,7
STEEL S.R.O. V,INDUSTRIALS,7
STEEL TRADING A,INDUSTRIALS,7
STEELCOM CZ A,INDUSTRIALS,7
"STEELHOUSE,",CONSUMER DISCRETIONARY,7
STEELPARK,MATERIALS,7
STEELTRADE S R,INDUSTRIALS,7
"STEINDORFER, SPOL. S",NOT RELEVANT,7
STEINEL ELEKTRONIK S.R.O. V,NOT RELEVANT,7
STEKO SPOL. S,NOT RELEVANT,7
STEL INVEST S R,COMMUNICATIONS,7
STEP FINANCE A,INDUSTRIALS,7
"STEP, SPOL. S",INDUSTRIALS,7
STEPAN MATOUSEK,REAL ESTATE,7
STEPANKOVA,NOT RELEVANT,7
STEPANOVSKY A,MATERIALS,7
STERA 3000 S R,INDUSTRIALS,7
STERBOHOLY S R,REAL ESTATE,7
STERKOVNY S R O DOLNI,NOT RELEVANT,7
STICHAUER,NOT RELEVANT,7
STIL 365,NOT RELEVANT,7
STILL CR SPOL. S,INDUSTRIALS,7
STOBA PRECIZNI TECHNIKA S R,CONSUMER DISCRETIONARY,7
STOCK PLZEN,NOT RELEVANT,7
STOCK PLZEN BOZKOV S R,CONSUMER STAPLES,7
STOFI PROJEKT,FINANCIALS,7
STOMATOLOGIE S R,HEALTH CARE,7
STOMIX SPOL S R,MATERIALS,7
STONE CONNECTION CZECH,INDUSTRIALS,7
STOPLOVA,NOT RELEVANT,7
STOPLUS CZ A.S. V,NOT RELEVANT,7
"STORAGE ONE,",INFORMATION TECHNOLOGY,7
STORCK CESKA REPUBLIKA S R,CONSUMER STAPLES,7
STORE CZ A,CONSUMER DISCRETIONARY,7
"STOW CR,",INDUSTRIALS,7
STPA CZ,INDUSTRIALS,7
STRABAG ASFALT S R,MATERIALS,7
STRACENA PUB S R,CONSUMER DISCRETIONARY,7
STRANAK,NOT RELEVANT,7
STRANAKOVA,NOT RELEVANT,7
STRASNICKA STAVEBNI S R,HEALTH CARE,7
STRATOV A,CONSUMER STAPLES,7
STRATOV MAJETKOVA A,CONSUMER STAPLES,7
STREAM IT S R,COMMUNICATIONS,7
STREDNI CECHY,INDUSTRIALS,7
STREDNI SKOLA SPEKTRUM MLADA BOLESL,CONSUMER DISCRETIONARY,7
STREDOCESKE OBALOVNY A,INDUSTRIALS,7
STREDOCESKÁ OBCHODNÍ SPOLECNOST GRO,NOT RELEVANT,7
STREDOMORAVSKÁ METALURGICKÁ A STROJ,INDUSTRIALS,7
STREICHER SPOL S R O,INDUSTRIALS,7
STREIT,NOT RELEVANT,7
STRIDA SPORT S R,CONSUMER DISCRETIONARY,7
STRILKA,NOT RELEVANT,7
STRIP,INDUSTRIALS,7
STRIVE FOR MORE S R,INFORMATION TECHNOLOGY,7
"STRIX Chomutov,",INDUSTRIALS,7
STRL PROPERTY S R,CONSUMER DISCRETIONARY,7
"STROB &, spol. s",INDUSTRIALS,7
STROJE LIPNIK S R,INDUSTRIALS,7
STROJEASTAVBY TVRDON S R,INDUSTRIALS,7
STROJIRNA LITVINOV SPOL S R,CONSUMER DISCRETIONARY,7
STROJIRNA LITVINOV STRL PR,CONSUMER DISCRETIONARY,7
STROJOSVIT A,INDUSTRIALS,7
STROJSERVIS PRAHA S R,CONSUMER DISCRETIONARY,7
STROJTEX STROJIRENSKA S R,CONSUMER DISCRETIONARY,7
"STROJTOS LIPNIK,",NOT RELEVANT,7
STROM PRAHA A,INDUSTRIALS,7
STRV GROUP,INDUSTRIALS,7
STRV Group,INFORMATION TECHNOLOGY,7
STRÍDA SPORT S. R.,CONSUMER DISCRETIONARY,7
STS SPOL. S,INDUSTRIALS,7
STTRANS A,NOT RELEVANT,7
STUCHLIK,NOT RELEVANT,7
STUDENA MILENA,NOT RELEVANT,7
STUDENKA,CONSUMER STAPLES,7
STUDENKA A,CONSUMER STAPLES,7
"STUDENT AGENCY,s.r.o.",INDUSTRIALS,7
STUDIO A,COMMUNICATIONS,7
STUDIO A,CONSUMER DISCRETIONARY,7
STUDIO S R,INDUSTRIALS,7
STURMA - METALCENTRUM,NOT RELEVANT,7
STURMAN S R,REAL ESTATE,7
STV INVEST,INDUSTRIALS,7
STYROFINANCE A,INDUSTRIALS,7
"STYROGROUP,",INDUSTRIALS,7
STYROPROFILE A,INDUSTRIALS,7
STYROTRADE A,INDUSTRIALS,7
STZ A,CONSUMER STAPLES,7
SUAS,UTILITIES,7
SUAS COMMODITIES,UTILITIES,7
SUAS TECHNOLOGY S R,INDUSTRIALS,7
SUBERDEA ENERGY A,MATERIALS,7
SUBGCC D111 PROPERTIES,CONSUMER DISCRETIONARY,7
SUBLIMA CZ S R,MATERIALS,7
SUBYT SPOL S R,UTILITIES,7
SUCHANEK,NOT RELEVANT,7
SULDOVSKA,NOT RELEVANT,7
SULKO S R,NOT RELEVANT,7
SUMAVA S R,CONSUMER STAPLES,7
SUMAVSKY MASOKOMBINAT S R,NOT RELEVANT,7
SUMMER,NOT RELEVANT,7
SUMPERK A,HEALTH CARE,7
SUN TECH IMPORT EXPORT S R,CONSUMER STAPLES,7
SUNCONE S R,CONSUMER STAPLES,7
SUNLINE ENERGY CZ S.R.O. V,CONSUMER DISCRETIONARY,7
SUNNY STREAM S R,INDUSTRIALS,7
SUNRAY INVESTMENTS CZECHIA S R,CONSUMER STAPLES,7
SUP S R,CONSUMER DISCRETIONARY,7
SUPERMETAL A,MATERIALS,7
SUPERNIUS VET,HEALTH CARE,7
SUPERNIUS VET S R,HEALTH CARE,7
SUPPLIERS SUPPORT A,CONSUMER DISCRETIONARY,7
SUPPORT,INDUSTRIALS,7
"SUPPORT EXTRA,",HEALTH CARE,7
SUPRAPHON A,CONSUMER DISCRETIONARY,7
SURF ARENA S R,CONSUMER DISCRETIONARY,7
SURI INSURANCE GROUP,FINANCIALS,7
SUSAK,NOT RELEVANT,7
SUTOR Global s. r.,INDUSTRIALS,7
SUTOR Property,REAL ESTATE,7
SV STEZIRKY S R,UTILITIES,7
"SV.ZDISLAVY,A.S.",HEALTH CARE,7
SVA-TI,NOT RELEVANT,7
SVAB,NOT RELEVANT,7
"SVAM CS,",NOT RELEVANT,7
SVANCAR LEO,NOT RELEVANT,7
SVATEHO MICHALA A,REAL ESTATE,7
SVATON,NOT RELEVANT,7
SVAZ VYROBCU MLEKA A,CONSUMER STAPLES,7
"SVB Svanovskeho 5,7,",REAL ESTATE,7
"SVBJ - Sadova 569, Modrice",REAL ESTATE,7
"SVD Luhov 8,",REAL ESTATE,7
SVED ELEKTRO S R,INDUSTRIALS,7
SVESTKA,NOT RELEVANT,7
SVET ROVNATEK S R,HEALTH CARE,7
SVETTRANS S R,NOT RELEVANT,7
SVITAVY A,NOT RELEVANT,7
SVJ Rajmonova 1192 - 1198,FINANCIALS,7
SVJD Delnicka 553/17 a 554/19,REAL ESTATE,7
SVOBODA PRESS S R,INDUSTRIALS,7
SVORNOST,REAL ESTATE,7
"SVV Praha,",INDUSTRIALS,7
SWA,CONSUMER DISCRETIONARY,7
SWARCO TRAFFIC CZ S R,INFORMATION TECHNOLOGY,7
"SWBC - service,",CONSUMER DISCRETIONARY,7
SWIETELSKY S R,MATERIALS,7
SWISS AUTOMOTIVE GROUP CZ S R,CONSUMER DISCRETIONARY,7
SWISS LIFE SELECT A,FINANCIALS,7
SWS,INFORMATION TECHNOLOGY,7
SYGNUM IMMO S R,REAL ESTATE,7
SYMA SYSTEM S R,COMMUNICATIONS,7
SYNER GROUP,INDUSTRIALS,7
SYNOT REAL ESTATE,REAL ESTATE,7
SYNTECA,INFORMATION TECHNOLOGY,7
SYNTHESIA,MATERIALS,7
SYNTHOS KRALUPY A,NOT RELEVANT,7
SYROVATKA,NOT RELEVANT,7
SYSMEDICAL S R,HEALTH CARE,7
SYSMEX CZ S R,HEALTH CARE,7
SYSTEM A,INDUSTRIALS,14
SYSTEM A,INFORMATION TECHNOLOGY,7
SYSTEM HK,CONSUMER DISCRETIONARY,7
SYSTEM PARDUBICE,CONSUMER DISCRETIONARY,7
SYSTEM PROPERTY S R,CONSUMER DISCRETIONARY,7
SYSTEM S R,CONSUMER DISCRETIONARY,14
SYSTEM SK S R,INDUSTRIALS,7
SYSTEMES DE CONTROLE MOTEUR,CONSUMER DISCRETIONARY,7
SYSTEMS,INFORMATION TECHNOLOGY,7
SYSTEMS A,CONSUMER DISCRETIONARY,7
SYSTEMS AUTOPAL S R,CONSUMER DISCRETIONARY,7
SYSTEMS AUTOPAL SERVICES S,CONSUMER DISCRETIONARY,7
SYSTEMS S R,INDUSTRIALS,7
SYSTEMS THERMAL TECHNOLOGY,CONSUMER DISCRETIONARY,7
Sadova 570,REAL ESTATE,7
"Safarikova 2543,",REAL ESTATE,7
"Safarikova 2544,",REAL ESTATE,7
Saint-Gobain Sekurit zR spol. s r.,CONSUMER DISCRETIONARY,7
Saldova,REAL ESTATE,7
Saldova 187/7,REAL ESTATE,7
"Saleya,",INDUSTRIALS,7
Samohyl,CONSUMER DISCRETIONARY,7
Samsong,CONSUMER DISCRETIONARY,7
"Sante Modrany,",REAL ESTATE,7
"Sanus Brno, z.",HEALTH CARE,7
"Sao Property,",REAL ESTATE,7
Sarka 40 a 42 v Prostejove,REAL ESTATE,7
Satny,INDUSTRIALS,7
"Satrova 663,664,665",REAL ESTATE,7
"Saumannova 18,",REAL ESTATE,7
"Sb¿rné suroviny,",INDUSTRIALS,7
Schaltag CZ,INDUSTRIALS,7
Schweitzerova 381-382,REAL ESTATE,7
Schweitzerova 74 a 76,REAL ESTATE,7
"Seco Tools CZ,",INDUSTRIALS,7
"Sedlackova 433,",REAL ESTATE,7
Sedlackova 622,REAL ESTATE,7
Seifert,INDUSTRIALS,7
Seifertova,REAL ESTATE,7
Seifertova 2-8,REAL ESTATE,7
"Seifertova 4160,",REAL ESTATE,7
Sejbalove 2-4,REAL ESTATE,7
Sejbalove 888 a 889,REAL ESTATE,7
Selene Property,REAL ESTATE,7
"Selicharova 1309-1311,",REAL ESTATE,7
Semmeler,INDUSTRIALS,7
"Senecky Roman, Ing.",MATERIALS,7
Senior,REAL ESTATE,7
"Senna Property,",REAL ESTATE,7
Senovska,REAL ESTATE,7
Serikova 3 a 5 v,REAL ESTATE,7
Serikova 582/1,REAL ESTATE,7
Service,REAL ESTATE,7
Service CZ,INDUSTRIALS,7
Services,INDUSTRIALS,7
Services Industriels de Genev,UTILITIES,7
Servis-24,ENERGY,7
Sevcik,INDUSTRIALS,7
"Severni 1185/23, Hlucin",REAL ESTATE,7
"Severni I. 2912, 2913",REAL ESTATE,7
Severovychod 11-12,REAL ESTATE,7
"Seyfor,",INFORMATION TECHNOLOGY,7
Sgalitzer,CONSUMER DISCRETIONARY,7
"Shape Corp. Czech Republic,",CONSUMER DISCRETIONARY,7
Sharp Business Systems Czech Repub,INFORMATION TECHNOLOGY,7
Shoebox Kft.,CONSUMER DISCRETIONARY,7
"Sidliste 322,Mor.",REAL ESTATE,7
"Sidliste 324, M.",REAL ESTATE,7
"Sidliste 326-327,",REAL ESTATE,7
"Sidliste 328-330,",REAL ESTATE,7
"Sidliste 331-333,",REAL ESTATE,7
Sidliste 357-358 Jilove,REAL ESTATE,7
Sidliste 411-412,REAL ESTATE,7
Sidliste 413-414,REAL ESTATE,7
Sidliste 417-418,REAL ESTATE,7
"Sidliste 442 a 443,",REAL ESTATE,7
Sidliste 516,REAL ESTATE,7
"Sidliste 684/1,",REAL ESTATE,7
Sidliste Pod lesem 920/11,REAL ESTATE,7
Sidliste Sport 791-793,REAL ESTATE,7
Sidliste Svobody XXI/75,REAL ESTATE,7
"Sidlistni 1185,1186",REAL ESTATE,7
"Sidlistni c.p. 211, 212",REAL ESTATE,7
Siekel Supa,FINANCIALS,7
Sievert CZ,MATERIALS,7
Sigmainvest spol. s,INDUSTRIALS,7
Silnice Topolany,INDUSTRIALS,7
Simackova 581-583,REAL ESTATE,7
"Simackova 584, 585,",REAL ESTATE,7
Simek Fabik,MATERIALS,7
Simonovsky,INDUSTRIALS,7
Sinkulova 768/18,REAL ESTATE,7
Sipkova 810,REAL ESTATE,7
"Skacelova 3042,3043",REAL ESTATE,7
Skalice,REAL ESTATE,7
Skalice 299,REAL ESTATE,7
Skalka,REAL ESTATE,7
Skalkova 5201-5203,REAL ESTATE,7
"Skantrans,",CONSUMER DISCRETIONARY,7
Skarabelova 560-561,REAL ESTATE,7
Skelna,REAL ESTATE,7
Skolni,REAL ESTATE,7
"Skolni 125, Chrastava",REAL ESTATE,7
"Skolni 1586,",REAL ESTATE,7
"Skolni 315,",REAL ESTATE,7
"Skolni 375,",REAL ESTATE,7
Skolni 669,REAL ESTATE,7
Skolni 670,REAL ESTATE,7
Skolni 671,REAL ESTATE,7
"Skolni 845, Horni",REAL ESTATE,7
"Skolska 360-361,Castolovice",REAL ESTATE,7
"Skretova c.p. 70, Praha",REAL ESTATE,7
"Skupova 13,15,17,",REAL ESTATE,7
"Skupova 2518-2519,Plzen",REAL ESTATE,7
"Skupova 567-569,",REAL ESTATE,7
"Skupova 7,9,",REAL ESTATE,7
Skuteckeho - Laudova,REAL ESTATE,7
Sky Solar Distribuce,REAL ESTATE,7
"Sladkovskeho 869/52,",REAL ESTATE,7
Sladova 471/6 v Brne,REAL ESTATE,7
Slapy,REAL ESTATE,7
"Slavikova 4,",REAL ESTATE,7
Slavikova 4403/37,REAL ESTATE,7
Slavikova 4404,REAL ESTATE,7
Slechtitelska stanice vinarska,CONSUMER STAPLES,7
"Slepa 476,",REAL ESTATE,7
"Slepa 477,",REAL ESTATE,7
"Slevomat.cz,",CONSUMER DISCRETIONARY,7
Slezska,REAL ESTATE,7
"Slezska 903, Praha",REAL ESTATE,7
"Slezske uzeniny,",CONSUMER STAPLES,7
Slezské kamenolomy,MATERIALS,7
"Sloupecnik 1915/3,",REAL ESTATE,7
"Slovacke strojirny,",INDUSTRIALS,7
"Slovakova 318,319,322",REAL ESTATE,7
"Slovansky dvur, spol.s",NOT RELEVANT,7
Slovnaft Ceská republika,NOT RELEVANT,7
Slunecna 303,REAL ESTATE,7
Slunecna 406,REAL ESTATE,7
Smarty,CONSUMER DISCRETIONARY,7
Smazik Vrtiska,CONSUMER DISCRETIONARY,7
"Smetanova 179-180,Brezova",REAL ESTATE,7
Smetanova 2189/15,REAL ESTATE,7
"Smetanova 41,",REAL ESTATE,7
"Smetanova 452, Holice",REAL ESTATE,7
Smetanova 47,REAL ESTATE,7
"Smetanova 477,",REAL ESTATE,7
"Smetanova 623,624,",REAL ESTATE,7
"Smetanova 654-655,",REAL ESTATE,7
"Smetanova 687-8,",REAL ESTATE,7
"Smetanova 907/12,",REAL ESTATE,7
Smetanovo nabrezi 1182-1184,REAL ESTATE,7
Smetanovo nabrezi 1185-1187,REAL ESTATE,7
"Smetanovy Sady 1550,Jirkov",REAL ESTATE,7
Smetanovy Sady 1831/26,REAL ESTATE,7
Smichov c. p. 782,REAL ESTATE,7
"Smichovska 2737, Praha",REAL ESTATE,7
Smid Jiri,CONSUMER STAPLES,7
Smikova,REAL ESTATE,7
Smirnovova 1645/15,REAL ESTATE,7
Smith Triss,MATERIALS,7
"Smrkova 967/20,",REAL ESTATE,7
"Snehurcina 680,681",REAL ESTATE,7
So Concrete,INDUSTRIALS,7
Sobotin,REAL ESTATE,7
Sokolov,HEALTH CARE,7
Sokolovska,REAL ESTATE,14
"Sokolovska 101,103,",REAL ESTATE,7
"Sokolovska 116, 118,",REAL ESTATE,7
Sokolovska 1176,REAL ESTATE,7
Sokolovska 1181,REAL ESTATE,7
Sokolovska 1183,REAL ESTATE,7
"Sokolovska 12,14,16,18",REAL ESTATE,7
Sokolovska 12/43,REAL ESTATE,7
Sokolovska 1316/67,REAL ESTATE,7
Sokolovska 1335,REAL ESTATE,7
Sokolovska 1337,REAL ESTATE,7
Sokolovska 1339,REAL ESTATE,7
"Sokolovska 1341/29,Ostrava",REAL ESTATE,7
Sokolovska 145/66,REAL ESTATE,7
Sokolovska 188,REAL ESTATE,7
Sokolovska 233,REAL ESTATE,7
"Sokolovska 2720,",REAL ESTATE,7
Sokolovska 40,REAL ESTATE,7
"Sokolovska 47, 49,",REAL ESTATE,7
"Sokolovska 67,69 v",REAL ESTATE,7
Sokolovska 86/97,REAL ESTATE,7
"Sokolska 1086, V.",REAL ESTATE,7
Sokolska 1087 V.,REAL ESTATE,7
"Sokolska 248,",REAL ESTATE,7
"Sokolska 3,",REAL ESTATE,7
"Sokolska 57,59,61,",REAL ESTATE,7
Solar Global Service,INDUSTRIALS,7
"Solar trade,",ENERGY,7
Solarity,UTILITIES,7
Soukup Jaromir,CONSUMER DISCRETIONARY,7
Soural Marcel,INDUSTRIALS,7
"Sovova 707,",REAL ESTATE,7
"Spanielova 1277-1283, Pha",REAL ESTATE,7
"Spanielova 1284-1290,Praha",REAL ESTATE,7
Spanielova 1314/23,REAL ESTATE,7
Spanielova 1327-1329,REAL ESTATE,7
"Spartakiadni 1965,",REAL ESTATE,7
Spartakiadni 265,REAL ESTATE,7
Spartakiadni 269 a 270,REAL ESTATE,7
"Spartakovcu 1151,1152",REAL ESTATE,7
"Speednet,",COMMUNICATIONS,7
Spitalka,REAL ESTATE,7
Spodni,REAL ESTATE,7
"Spol pro dum cp. 302-303,Straz",REAL ESTATE,7
"Spolpharma,",CONSUMER STAPLES,7
Sponarova,REAL ESTATE,28
"Sporicka 3802,3803",REAL ESTATE,7
Sporicka 3806-3807,REAL ESTATE,7
Sporicka 3808-3809,REAL ESTATE,7
Sportovni 2123/26,REAL ESTATE,7
"Sportovni 2721,2722",REAL ESTATE,7
"Sportovni 333,",REAL ESTATE,7
"Sprava domu cp. 1229,",REAL ESTATE,7
"Spro stavby, obchod, dopravu a",INDUSTRIALS,7
"Sramkova 1278/12,",REAL ESTATE,7
Srobarova 529/15,REAL ESTATE,7
"Sromova 644/44,",REAL ESTATE,7
"Sromova 647/34,",REAL ESTATE,7
StElka,HEALTH CARE,7
"StRednI Cechy ,",INDUSTRIALS,7
Stable.cz,INFORMATION TECHNOLOGY,7
Staeg,INDUSTRIALS,7
"Stanicni 1011,",REAL ESTATE,7
Stanko Vodicky 1978-1980,REAL ESTATE,7
"Stankova 10a,",REAL ESTATE,7
Stara Dobev c.p.,REAL ESTATE,7
Stara Voda,REAL ESTATE,7
Stare Nechanice 120,REAL ESTATE,7
Starek Vaclav,CONSUMER STAPLES,7
"Staromestska 3 a 5,",REAL ESTATE,7
Stary Jicin c.p. 54 -,REAL ESTATE,7
Staskova 732-734,REAL ESTATE,7
Stastne,REAL ESTATE,7
Statek Novy Dvur,CONSUMER STAPLES,7
Statutarni mesto Decin,NOT RELEVANT,7
Stavbaru,REAL ESTATE,7
Stavebni hmoty,CONSUMER DISCRETIONARY,7
Stedra 97 - 101,REAL ESTATE,7
"Stefanikova 1499/4,",REAL ESTATE,7
"Stefanikova 303-304,",REAL ESTATE,7
"Stehlikova 1831/10,",REAL ESTATE,7
Stenovicky Borek,REAL ESTATE,7
Steparska,REAL ESTATE,7
Steparska 892 a 893,REAL ESTATE,7
Sterbova,CONSUMER STAPLES,7
Stercorat International,MATERIALS,7
Stetkova 20,REAL ESTATE,7
"Stiborova 604-605,",REAL ESTATE,7
Stiborova 613/34,REAL ESTATE,7
"Stiborska 547-548,Koberice",REAL ESTATE,7
"Stinna 981/53,",REAL ESTATE,7
"Stochovska 684-685,",REAL ESTATE,7
"Stochovska 785,786",REAL ESTATE,7
Stratego Private Equity,INDUSTRIALS,7
Stratmann,INDUSTRIALS,7
"Straznicka 1,3,5,",REAL ESTATE,7
Strelecky Vrch 691-693,REAL ESTATE,7
Strelecky vrch 672 a 673,REAL ESTATE,7
Strelice 641,REAL ESTATE,7
Strelkovova,REAL ESTATE,7
Stribrskeho 683/14,REAL ESTATE,7
Strizova,REAL ESTATE,7
Strnad Jaroslav,INDUSTRIALS,7
Strnad Matera,INDUSTRIALS,7
"Stromovka, Praha",REAL ESTATE,7
"Strosova 119, Knezeves",REAL ESTATE,7
Studena,REAL ESTATE,7
Studena 4/6,REAL ESTATE,7
"Studenstska 1285-86,",REAL ESTATE,7
Studentska 1246,REAL ESTATE,7
Studentska 1248,REAL ESTATE,7
Studentska 1261-1262,REAL ESTATE,7
"Studentska 1266 a 1267,",REAL ESTATE,7
"Studentska 1268, 1269, 1270",REAL ESTATE,7
"Studentska 1295-96,",REAL ESTATE,7
Studentska 1297-1298,REAL ESTATE,7
"Studentska 2472,2473",REAL ESTATE,7
Studentska 3278,REAL ESTATE,7
Subgroup Enery,UTILITIES,7
Subgroup LEI LHDI,REAL ESTATE,7
Subgroup Magna Exteriors,NOT RELEVANT,7
Subgroup PPF TV,COMMUNICATIONS,7
Suffner Vasicek,CONSUMER DISCRETIONARY,7
"Sumava, J.Opletala 21,23",REAL ESTATE,7
Sumavska 21 a,REAL ESTATE,7
Sumavska 2953/9 a 2954/11,REAL ESTATE,7
SumiRiko AVS Czech,MATERIALS,7
"Sumicka 797,858",REAL ESTATE,7
Sumperska 343-345,REAL ESTATE,7
"Sumperska 529,",REAL ESTATE,7
"Sun Chemical,",CONSUMER DISCRETIONARY,7
Supellex - svEt podlah,INDUSTRIALS,7
"Suvorovova 39-51,",REAL ESTATE,7
Sv. Cecha,REAL ESTATE,7
"Sv. Cecha 2372/3,",REAL ESTATE,7
"Svabinskeho 560,",REAL ESTATE,7
"Svabinskeho 562,563",REAL ESTATE,7
"Svabinskeho 661-663, VM",REAL ESTATE,7
"Svatovaclavska 2520, 2521",REAL ESTATE,7
Svatovaclavska 2522-2523,REAL ESTATE,7
Svatovaclavska 2526 a 2527,REAL ESTATE,7
Svazacka,REAL ESTATE,14
Svazacka 2138/32,REAL ESTATE,7
Svazacka 2188/19,REAL ESTATE,7
"Svazna 393/1,",REAL ESTATE,7
Svedska 668/33,REAL ESTATE,7
"Svehlova 1493-94,Slapanice",REAL ESTATE,7
"Svehlova 1495-96,Slapanice",REAL ESTATE,7
Svermova,REAL ESTATE,7
Svetlik,INDUSTRIALS,7
"Svojsikova 1437, Praha",REAL ESTATE,7
"Svojsikova 44-48,Usti",REAL ESTATE,7
Svornosti,REAL ESTATE,14
Swedish Orphan Biovitrum,CONSUMER STAPLES,7
Swixx Biopharma,HEALTH CARE,7
Sylva,REAL ESTATE,7
"Synkova 432-433,",REAL ESTATE,7
Synlab Czech,HEALTH CARE,7
T A K O SPOLECNOST S RUCENIM,INDUSTRIALS,7
T A V E B N Í M O N T Á Z E,NOT RELEVANT,7
"T C BUSINESS, SPOL. S R.O. V",NOT RELEVANT,7
T G s.r.o.(ADVANCED TECHNOLOGY G,INDUSTRIALS,7
T M T SPOL. S,NOT RELEVANT,7
T MACHINERY A,MATERIALS,7
T MOBILE CZECH REPUBLIC A,COMMUNICATIONS,7
"T R I U M , S. R.",INDUSTRIALS,7
T-Cars System,INFORMATION TECHNOLOGY,7
T-FLEXIBLE,INDUSTRIALS,7
T-SOFT A.,INFORMATION TECHNOLOGY,7
"T. G. Masaryka 311,312",REAL ESTATE,7
T. Stitneho 3755-3756,REAL ESTATE,7
T.I.S.C. akciova,INDUSTRIALS,7
TA CZ SITE S R,COMMUNICATIONS,7
TAB S R,CONSUMER DISCRETIONARY,7
TABACO A,CONSUMER STAPLES,7
TABAK INVEST A,CONSUMER STAPLES,7
TACHOV I A,CONSUMER STAPLES,7
TACHOV II A,CONSUMER STAPLES,7
TACHOV IV A,CONSUMER STAPLES,7
TACHOV V A,CONSUMER STAPLES,7
"TACIT PROPERTIES LIMITED, org",CONSUMER DISCRETIONARY,7
TACSONER S R,INDUSTRIALS,7
TAFORGE,CONSUMER DISCRETIONARY,7
TAJMAC ZPS A,INDUSTRIALS,7
TAKENAKA EUROPE GMBH ORGANIZACNI,INDUSTRIALS,7
TALACKO,NOT RELEVANT,7
TALIK,NOT RELEVANT,7
TALMAX ENGINEERING S R,INDUSTRIALS,7
"TALPA - VHS,",INDUSTRIALS,7
TALVI,COMMUNICATIONS,7
TAMDA FOODS S R,CONSUMER STAPLES,7
TAMEH CZECH S R,MATERIALS,7
TANEMO A,FINANCIALS,7
TANVALD S R,HEALTH CARE,7
TAPEX EU S R,MATERIALS,7
TAPL INVESTMENTS SE,INDUSTRIALS,7
TARMILON INVESTMENTS,FINANCIALS,7
TARUMA S R,FINANCIALS,7
TASFIYE HALINDE EZPADA ELEKTRIK ENE,UTILITIES,7
"TATRA,",INDUSTRIALS,7
TATRY MOUNTAIN RESORTS CR A,CONSUMER DISCRETIONARY,7
TAX S R,INDUSTRIALS,7
"TAXNET, S.R.O., V",INFORMATION TECHNOLOGY,7
TB PROPERTY S R,INFORMATION TECHNOLOGY,7
TBB,CONSUMER DISCRETIONARY,7
TBD TURNOVSKE BYTOVE,NOT RELEVANT,7
TBG CESKE BUDEJOVICE SPOL S R,INDUSTRIALS,7
TBR,INDUSTRIALS,7
TC TRANSCENTRUM spol. s,NOT RELEVANT,7
TCCM S R,NOT RELEVANT,7
TCF VZDUCHOTECHNIKA S R,INDUSTRIALS,7
TCS CESKA REPUBLIKA S R,INDUSTRIALS,7
TDZ TURN S R,INDUSTRIALS,7
TEAM A,INDUSTRIALS,7
TEAM INOX SERVIS S R,INDUSTRIALS,7
TEAM S R,CONSUMER DISCRETIONARY,7
TEAM TEDOS S R,INDUSTRIALS,7
TEAM TURBOMACHINERY S R,INDUSTRIALS,7
TEAMIT S R,INFORMATION TECHNOLOGY,7
TEC CZ S R,INDUSTRIALS,7
TEC S R,INDUSTRIALS,7
TECAM SPOL S R,MATERIALS,7
TECAP,NOT RELEVANT,7
TECH GASTRO SPOL S R,CONSUMER DISCRETIONARY,7
TECH S R,INDUSTRIALS,7
TECH TRADING A,CONSUMER DISCRETIONARY,7
TECHCO ELECTRICS ETS S R,INDUSTRIALS,7
TECHFLOOR S R,INDUSTRIALS,7
TECHMANIA SCIENCE CENTER O P,CONSUMER DISCRETIONARY,7
TECHNICKA SPRAVA KOMUNIKACI HM,NOT RELEVANT,7
TECHNICKE SITE BRNO AKCIOVA SPOLECN,UTILITIES,7
TECHNICS,INDUSTRIALS,7
TECHNICS CZ NEWCO,INDUSTRIALS,7
TECHNICS CZECH REPUBLIC S R,INDUSTRIALS,7
TECHNICS PROPERTY,INDUSTRIALS,7
TECHNIK,NOT RELEVANT,7
TECHNIKA S R,INDUSTRIALS,7
TECHNISERV SPOL S R,INDUSTRIALS,7
"TECHNISTONE,",INDUSTRIALS,7
TECHNOLOGICKA PLATFORMA PRO U,INDUSTRIALS,7
TECHNOLOGICKY PARK JEVANY S R,REAL ESTATE,7
TECHNOLOGICKY PARK LOCHOVICE S R,NOT RELEVANT,7
"TECHNOLOGIE PRAHA, A.S. V LIKVI",INFORMATION TECHNOLOGY,7
TECHNOLOGIES A,UTILITIES,7
TECHNOLOGIES S R,INDUSTRIALS,7
TECHNOLOGY A,COMMUNICATIONS,7
TECHNOLOGY A,INDUSTRIALS,7
TECHNOLOGY A,INFORMATION TECHNOLOGY,7
TECHNOLOGY CENTER S R,INDUSTRIALS,7
TECHNOLOGY CZ S R,CONSUMER DISCRETIONARY,7
TECHNOLOGY CZ S R,INFORMATION TECHNOLOGY,7
TECHNOLOGY D1,CONSUMER DISCRETIONARY,7
TECHNOLOGY S R,INDUSTRIALS,21
TECHNOLOGY S R,UTILITIES,14
TECHNOLOGY SE V,INDUSTRIALS,7
TECHNOLOGY SPOL S R,INDUSTRIALS,7
TECHNOMONT FRYDEK MISTEK S R,INDUSTRIALS,7
TECHNOTRADE spol. s,INDUSTRIALS,7
TECHSERVICE CZ S R,INDUSTRIALS,7
TECHTEAM CZ,INDUSTRIALS,7
TECMAPLAST CZ S R,CONSUMER DISCRETIONARY,7
TECNOCAP S R,MATERIALS,7
TECNOTRADE OBRABECI STROJE S R,INDUSTRIALS,7
TEDOM,INDUSTRIALS,7
TEDOM A,INDUSTRIALS,7
TEEL S R,INDUSTRIALS,7
TEFCOLD CZ S R,CONSUMER DISCRETIONARY,7
TEKOO SPOL S R,CONSUMER STAPLES,7
TEKOREAL S R,INDUSTRIALS,7
TEKRO SPOL S R,CONSUMER STAPLES,7
TELCO B,COMMUNICATIONS,7
TELCO S R,COMMUNICATIONS,7
TELEFON SPOL S R,COMMUNICATIONS,7
TELEVIZE,COMMUNICATIONS,7
TELLY HOLDING,CONSUMER DISCRETIONARY,7
TELMAX,INFORMATION TECHNOLOGY,7
TELS CZ S R,INDUSTRIALS,7
TEMAC A,INDUSTRIALS,7
TEMO TELEKOMUNIKACE A,COMMUNICATIONS,7
TEMPORARY CUSTOMER FOR REPORTING PU,NOT RELEVANT,7
TENACTA ADVOKATNI KANCELAR S R,INDUSTRIALS,7
TENDEA domu c.p. 621,REAL ESTATE,7
TENIS HOVORCOVICE S.R.O. V,NOT RELEVANT,7
"TENZA cast,",INDUSTRIALS,7
TEPELNE HOSPODARSTVI MESTA LOVOSIC,UTILITIES,7
TEPLARENSKA A,UTILITIES,7
TEPLARNA OTROKOVICE,UTILITIES,7
TEPLICE V CECHACH A,HEALTH CARE,7
TEPLO TESIN A,UTILITIES,7
TEPLOTECHNA OSTRAVA A,INDUSTRIALS,7
TEREOS TTD A,CONSUMER STAPLES,7
TERION CZ A,NOT RELEVANT,7
TERMETAL MORAVIA S R,INDUSTRIALS,7
TERMIST S R,NOT RELEVANT,7
TERMIZO A,UTILITIES,7
TERMONTA PRAHA,UTILITIES,7
TERRAMET SPOL S R,INDUSTRIALS,7
TERRAMET TRADE S R,REAL ESTATE,7
TERRENI TACHOV A,CONSUMER STAPLES,7
TES PRAHA S R,INDUSTRIALS,7
TESCO PERSONAL FINANCE GROUP,FINANCIALS,7
TESCO STORES CR A,CONSUMER STAPLES,7
TESCO SW,INFORMATION TECHNOLOGY,7
TESCOMA S R,INDUSTRIALS,7
"TESINSKE JATKY HOLDING,",CONSUMER STAPLES,7
TESLA LIGHTING S R,INDUSTRIALS,7
TESSITURA MONTI CEKIA,CONSUMER DISCRETIONARY,7
TETA DROGERIE A LÉKÁRNY CR,NOT RELEVANT,7
TETRAGRAM INTERNATIONAL S R,FINANCIALS,7
TEVA CZECH INDUSTRIES S R,HEALTH CARE,7
TEVOS A,INDUSTRIALS,7
TEX A,CONSUMER STAPLES,7
"TEXIMP, spol. s",INDUSTRIALS,7
TEXMERKUR S R,CONSUMER DISCRETIONARY,7
TEXTIL SLUKNOV A.S. V,NOT RELEVANT,7
TEXTRON FINANCIAL CORPORATION ORGAN,INDUSTRIALS,7
TEZAS,NOT RELEVANT,7
TFP UNIVERSAL A,INDUSTRIALS,7
TGC ENERGIE S R,UTILITIES,7
TGC Servis,INDUSTRIALS,7
"TGCI,",INDUSTRIALS,7
TGM 591-186,REAL ESTATE,7
TGS,INDUSTRIALS,7
TGS NASTROJE STROJE TECHNOLOGICKE,INDUSTRIALS,7
TH Asssets Managment,NOT RELEVANT,7
THALOR Group,INDUSTRIALS,7
THE CANDY PLUS SWEET FACTORY S R,CONSUMER STAPLES,7
THE CO2IN A,FINANCIALS,7
THEIABETA S R,REAL ESTATE,7
THEIN DIGITAL,INFORMATION TECHNOLOGY,7
THEODOR,NOT RELEVANT,7
THERM SPOL S R,INDUSTRIALS,7
THERMA FM S R,INDUSTRIALS,7
THERMAL AND FLUID SYSTEMS,CONSUMER DISCRETIONARY,7
THERMAL AND FLUID SYSTEMS OST,CONSUMER DISCRETIONARY,7
THERMIA-BAU,NOT RELEVANT,7
THERMICA PLUS SPOL S R,INDUSTRIALS,7
THERMOSERVIS TRANSPORT S R,INDUSTRIALS,7
THEUNISSEN JOSEPHUS ANTONIUS,FINANCIALS,7
"THIMM Obaly,",MATERIALS,7
THK RHYTHM AUTOMOTIVE CZECH A,CONSUMER DISCRETIONARY,7
THL LUNA A,INDUSTRIALS,7
THN-OPS CR,INFORMATION TECHNOLOGY,7
THOMAS VERPACKUNGEN UNION S R,MATERIALS,7
THOMAYEROVA NEMOCNICE,HEALTH CARE,7
THT POLICKA S R,CONSUMER DISCRETIONARY,7
TI AUTOMOTIVE AC S R,NOT RELEVANT,7
TI GROUP AUTOMOTIVE SYSTEMS S R,CONSUMER DISCRETIONARY,7
TIBERINA AUTOMOTIVE BELA SPOL S R,CONSUMER DISCRETIONARY,7
TICIAN BOHEMIA S.R.O. V,INDUSTRIALS,7
TIEN PHAM DINH,FINANCIALS,7
TILO SERVICES,COMMUNICATIONS,7
TILSCHOVA,NOT RELEVANT,7
TIM VAN VLAANDERN TRANSPORT S R,INDUSTRIALS,7
TIMA SPOL S R O OBCHODNE VYROBNI,INDUSTRIALS,7
TIMBEPLY S R,MATERIALS,7
TIME AIR S R,INDUSTRIALS,7
"TIMIDUS,",INDUSTRIALS,7
TINTERA A,INDUSTRIALS,7
TIP A,CONSUMER DISCRETIONARY,7
TIPA B A,NOT RELEVANT,7
TIPA TELEKOM PLUS A,INDUSTRIALS,7
TIPAFROST A,CONSUMER STAPLES,7
TIR CENTRUM S R,CONSUMER DISCRETIONARY,7
TISKARNA CICERO,NOT RELEVANT,7
TISKARNA POLYGRAF S R,INDUSTRIALS,7
TISOVERA S R,REAL ESTATE,7
TITANS S R,INFORMATION TECHNOLOGY,7
TITBIT S R,CONSUMER STAPLES,7
TK DEVELOPMENT CZECH II S R,NOT RELEVANT,7
TK FORS CZ A,INDUSTRIALS,7
TKC ARTA,INDUSTRIALS,7
TLASEK,NOT RELEVANT,7
"TM Stav, spol. s",INDUSTRIALS,7
TMCZ HOLDCO II S A R L,COMMUNICATIONS,7
"TMF Czech,",INDUSTRIALS,7
TMR JESTED A,CONSUMER DISCRETIONARY,7
TMT BIDCO 1 B,COMMUNICATIONS,7
TMT HOLDCO 2 B,COMMUNICATIONS,7
TO MI VDF SPOL S R,INDUSTRIALS,7
TOBACCO DC S R,CONSUMER STAPLES,7
TOBAGO SPORT,CONSUMER DISCRETIONARY,7
TOBOGA,CONSUMER DISCRETIONARY,7
TOBOLA,NOT RELEVANT,7
TOI TOI SANITARNI SYSTEMY S R,INDUSTRIALS,7
TOKO AGRI A,CONSUMER STAPLES,7
TOKOZ A,INDUSTRIALS,7
TOLANO MANAGEMENT SE,COMMUNICATIONS,7
TOM A RACE S R,CONSUMER DISCRETIONARY,7
TOM-CAR SERVIS,CONSUMER DISCRETIONARY,7
TOMA,INDUSTRIALS,7
TOMA A,UTILITIES,7
TOMAKO CZ S R,CONSUMER DISCRETIONARY,7
TOMAN,NOT RELEVANT,7
TOMAS,NOT RELEVANT,28
TOMAS MACEK,REAL ESTATE,7
TOMEV LEON,NOT RELEVANT,7
TOMI REMONT A,INDUSTRIALS,7
TOMIL,CONSUMER STAPLES,7
TOMISEK,NOT RELEVANT,7
TOMKET CZ A EXPORT,CONSUMER DISCRETIONARY,7
TON A,CONSUMER DISCRETIONARY,7
TONDAU,INDUSTRIALS,7
TOOL S R,INDUSTRIALS,7
TOOLS Wood Saws spol. s,INDUSTRIALS,7
"TOOLS,",CONSUMER DISCRETIONARY,7
TOP EKOS spol. s,CONSUMER STAPLES,7
TOP PRINT PACKAGING CONSOL,MATERIALS,7
TOP PRINT PACKAGING S R,MATERIALS,7
TOPDENT S R,HEALTH CARE,7
TOPDOORS S R,INDUSTRIALS,7
TOPELEX S R,HEALTH CARE,7
TOPSTEEL S R,MATERIALS,7
TOPTRANS EU A S ORGANIZACNI,INDUSTRIALS,7
TORMIT,MATERIALS,7
TORO SERVICE S R,REAL ESTATE,7
TORO TECH S R,INDUSTRIALS,7
TOS KURIM OS A,INDUSTRIALS,7
TOSA GROUP A,CONSUMER DISCRETIONARY,7
TOSHULIN,INDUSTRIALS,7
TOSHULIN A,INDUSTRIALS,7
TOUAX S R,INDUSTRIALS,7
TOUR S R,CONSUMER DISCRETIONARY,7
"TOURING BOHEMIA, S.R.O., V",INDUSTRIALS,7
"TOUZIM,",NOT RELEVANT,7
TP REAL S R,INDUSTRIALS,7
TPP SERVICES S R,MATERIALS,7
TQM - HOLDING,INDUSTRIALS,7
TQM - Novotny,NOT RELEVANT,7
TRADE,INDUSTRIALS,7
TRADE A,INDUSTRIALS,14
TRADE HAMMER,NOT RELEVANT,7
TRADE S R,INDUSTRIALS,7
TRADE S R,UTILITIES,7
TRADE SPOL S R,INDUSTRIALS,7
TRADEBANK SERVICE,FINANCIALS,7
TRADECO SPOL S R,CONSUMER STAPLES,7
"TRADEKO,",NOT RELEVANT,7
TRADILOG CZ S R,NOT RELEVANT,7
TRADING A,CONSUMER DISCRETIONARY,7
TRADING A,CONSUMER STAPLES,7
TRADING GLOBAL S R,CONSUMER DISCRETIONARY,7
TRADING S R,CONSUMER STAPLES,7
TRADING SPOL S R O V,CONSUMER DISCRETIONARY,7
TRADITION CS,INDUSTRIALS,7
TRAFICON TOBACCO RETAIL S R,CONSUMER STAPLES,7
TRAFIL CZECH S R,INDUSTRIALS,7
TRAFO CZ A,INDUSTRIALS,7
TRAILERS,CONSUMER DISCRETIONARY,7
TRAIN REGIO A,INDUSTRIALS,7
"TRAKCE, A.S. "" V",NOT RELEVANT,7
TRAMEX RAIL,INFORMATION TECHNOLOGY,7
TRAMVAZ SPOL. S,NOT RELEVANT,7
TRANS SERVIS S R,INDUSTRIALS,7
TRANS SERVIS SPOL S R,MATERIALS,7
TRANS SPOL. S,CONSUMER DISCRETIONARY,7
"TRANS,",INDUSTRIALS,7
TRANSCENTRUM AUTOMOTIVE LOGISTICS,INDUSTRIALS,7
TRANSCONSULT INTERNATIONAL,INDUSTRIALS,7
TRANSDEV SLEZSKO,INDUSTRIALS,7
TRANSKONTAKT MEDICAL S R,HEALTH CARE,7
TRANSLIGNUM S R,MATERIALS,7
TRANSPORT,INDUSTRIALS,14
"TRANSPORT,",INDUSTRIALS,7
TRANSPORTATION A,INDUSTRIALS,7
TRANSPORTNI CHLAZENI SPOL S R,CONSUMER STAPLES,7
TRANSROLL CZ A,INDUSTRIALS,7
"TRANSTECHNIK CS,spol. s",INDUSTRIALS,7
TRANSTRADE CZ,INDUSTRIALS,7
TRANSYS CZECH S R,CONSUMER DISCRETIONARY,7
TRASER CZ S R,INDUSTRIALS,7
"TRASIMO,",UTILITIES,7
TRATEC CS S R,INDUSTRIALS,7
TRATON FINANCIAL SERVICES CZECH REP,FINANCIALS,7
TRAVOSPOL S R,REAL ESTATE,7
TRAXIAL A,REAL ESTATE,7
TRCZ S R,CONSUMER DISCRETIONARY,7
TREBON,NOT RELEVANT,7
TREBOSS S R,CONSUMER DISCRETIONARY,7
TREE A,CONSUMER DISCRETIONARY,7
TREEMME S.R.O. V,NOT RELEVANT,7
TREJ - SERVIS,INDUSTRIALS,7
TREMOSENSKA A,NOT RELEVANT,7
TREOL RUT S R,REAL ESTATE,7
TRESPO DEVELOPMENT SPOL S R,INDUSTRIALS,7
"TREVOS,",INDUSTRIALS,7
TRIAL STAV S R,INDUSTRIALS,7
TRIANGOLO SPOL. S,INDUSTRIALS,7
TRICOR PACKAGING SYSTEMS,CONSUMER DISCRETIONARY,7
"TRIDIC,",INDUSTRIALS,7
TRIKER A,INDUSTRIALS,7
TRIMET PRAG S R,INDUSTRIALS,7
TRIMETAL,INDUSTRIALS,7
TRIMILL A,NOT RELEVANT,7
TRINECKE ZELEZARNY A,MATERIALS,7
"TRINECKÁ ARÉNA,",REAL ESTATE,7
"TRIOL CZ, a.s. - subjekt zanikl",CONSUMER STAPLES,7
TRISTONE FLOWTECH CZECH REPUBLIC,CONSUMER DISCRETIONARY,7
"TRIVES, spol. s",INDUSTRIALS,7
TRNKA,NOT RELEVANT,7
TRNTR,UTILITIES,7
TROJAN,NOT RELEVANT,7
TROJEK A,MATERIALS,7
TROUBKY A,CONSUMER STAPLES,7
"TRSICKÁ ZEMEDELSKÁ,",CONSUMER STAPLES,7
TRT SYSTEM S R,INDUSTRIALS,7
TRTIKOVA,NOT RELEVANT,7
TRUCK & BUS CZECH,CONSUMER DISCRETIONARY,7
TRUCK CENTRUM S R,CONSUMER DISCRETIONARY,7
TRUCK S R,INDUSTRIALS,7
TRUCKS A,CONSUMER DISCRETIONARY,7
TRUCKS A,INDUSTRIALS,7
TRUHLAR A SPOL S R,INDUSTRIALS,7
"TRUST - PRODEJ,",NOT RELEVANT,7
TRUST A,NOT RELEVANT,7
TRZICKY,NOT RELEVANT,7
TSE CB SPOL S R,INDUSTRIALS,7
TSE ELECTRONICS SPOL. S,CONSUMER DISCRETIONARY,7
TSE SPOL S R,HEALTH CARE,7
TSR CZECH REPUBLIC S R,INDUSTRIALS,7
TT COMPLEX SPOL S R,INDUSTRIALS,7
TT KLAVESNICE A,INFORMATION TECHNOLOGY,7
"TTC DATAPARK,",NOT RELEVANT,7
TTG,CONSUMER DISCRETIONARY,7
TTO SERVICES A,MATERIALS,7
TTS energo,UTILITIES,7
TTV SERVIS SPOL. S,CONSUMER DISCRETIONARY,7
TUCEK,NOT RELEVANT,7
TUHÁCEK,NOT RELEVANT,7
TUKAS,CONSUMER DISCRETIONARY,7
TUKAS A,CONSUMER DISCRETIONARY,7
"TULIPANO, S.R.O. V",NOT RELEVANT,7
TULIS,NOT RELEVANT,7
TUPEC,NOT RELEVANT,7
TURBOGEAR,INDUSTRIALS,7
TUREK,NOT RELEVANT,7
TV,COMMUNICATIONS,7
TV NOVA S R,NOT RELEVANT,7
TVARBET MORAVIA A,MATERIALS,7
TVARPAL S R,INDUSTRIALS,7
TVC S R,INDUSTRIALS,7
TVD TECHNICKA VYROBA A,INDUSTRIALS,7
"TVD-Rubber & Plastics,",MATERIALS,7
TVIN A,CONSUMER STAPLES,7
TWIN TRANS S R,ENERGY,7
TYCINKY s. r.,CONSUMER STAPLES,7
TYLEX LETOVICE,CONSUMER DISCRETIONARY,7
TYMPHANY ACOUSTIC TECHNOLOGY EUROPE,CONSUMER DISCRETIONARY,7
TYNEC S R,UTILITIES,7
TYPOS TISKARSKE ZAVODY S R,INDUSTRIALS,7
TYRES GRUNDSTUCKS S R,REAL ESTATE,7
TYROLIT CEE k.s.,INDUSTRIALS,7
TYRSOVA S R O V,NOT RELEVANT,7
"Tadzicka 1421-1424,Praha",REAL ESTATE,7
Tajmac MTM,INDUSTRIALS,7
Talanda,INDUSTRIALS,7
Talich 171921,REAL ESTATE,7
Tambura,REAL ESTATE,7
Tanvaldska,REAL ESTATE,7
"Technic Tube,",CONSUMER DISCRETIONARY,7
Techservice,NOT RELEVANT,7
"Telickova 1,2,",REAL ESTATE,7
"Temenicka 19,",REAL ESTATE,7
"Teplice I, spol. s",REAL ESTATE,7
Teplo Hranice,UTILITIES,7
Tereskovove 2254-2257,REAL ESTATE,7
Terronska,REAL ESTATE,7
Terronska 961,REAL ESTATE,7
"Tesinska 850-851,Plzen",REAL ESTATE,7
Teslova,REAL ESTATE,7
Tessela Holding,INFORMATION TECHNOLOGY,7
"Thallos Property,",REAL ESTATE,7
Thein Systems,INFORMATION TECHNOLOGY,7
Themis property,FINANCIALS,7
Thermo King Manufacturing,INDUSTRIALS,7
Thomasova,REAL ESTATE,7
Tibiq,FINANCIALS,7
"Ticha 525-526,",REAL ESTATE,7
"Tiche udoli 8, Roztoky",REAL ESTATE,7
Tilmar Hansen,NOT RELEVANT,7
"Tiskarska1244,",REAL ESTATE,7
Tiskárna Delatero,MATERIALS,7
"Tisnov, spol. s",INDUSTRIALS,7
Tisnovska 545,REAL ESTATE,7
"Tkalcovska 1516,",REAL ESTATE,7
Tkalcovska 1517 a 1518,REAL ESTATE,7
"Tlapakova 1251/6,",REAL ESTATE,7
"Tobrucka 705-708, Praha",REAL ESTATE,7
"Tolsteho 1183-84,Usti n.",REAL ESTATE,7
"Tolsteho 12 a 14, U. n.",REAL ESTATE,7
Tolsteho 1226-1229,REAL ESTATE,7
Tolsteho 2375-2376,REAL ESTATE,7
"Tolsteho 8,10, Usti n.",REAL ESTATE,7
Tomas Group,MATERIALS,7
Tomas Ulman,INDUSTRIALS,7
Tomes Daniel,CONSUMER STAPLES,7
Tooling,CONSUMER DISCRETIONARY,7
"Toril Invest,",MATERIALS,7
"Tousenska 579-580, Praha",REAL ESTATE,7
Touzim,REAL ESTATE,14
"Tovacovskeho 1042,",REAL ESTATE,7
Tovarna hasici techniky,CONSUMER DISCRETIONARY,7
"Tovarni 295,296 Dubi",REAL ESTATE,7
"Tovarni 35,37,39,",REAL ESTATE,7
"Tovarni cp. 390,",REAL ESTATE,7
"Tr. 1.maje 1623,",REAL ESTATE,7
"Tr. Svornosti 34,36,38",REAL ESTATE,7
"Tr. Svornosti 79,",REAL ESTATE,7
Trans Solutions,INDUSTRIALS,7
Transport Beton,INDUSTRIALS,7
Travnickova 1764-1766,REAL ESTATE,7
"Travniky 12,",REAL ESTATE,7
"Travniky,",REAL ESTATE,7
Trebenice,REAL ESTATE,7
"Trebovska 4,",REAL ESTATE,7
Treti BD Skala,REAL ESTATE,7
Trhanov 106,REAL ESTATE,7
Trida 1. maje c.p. 1619,REAL ESTATE,7
Trigema Building,INDUSTRIALS,7
Trigema Facility,REAL ESTATE,7
Trikaya Project Management,INDUSTRIALS,7
Trinec spol. s,INDUSTRIALS,7
Triskalova,REAL ESTATE,7
"Trnkova 553-554,",REAL ESTATE,7
Truck pool,INDUSTRIALS,7
"Truhlarska 265-7,Hr.Kralove",REAL ESTATE,7
"Turisticka 6,8,",REAL ESTATE,7
Turnov,REAL ESTATE,7
Tykac Pavel,ENERGY,7
Tyl Hynek,INFORMATION TECHNOLOGY,7
Tylova,REAL ESTATE,7
"Tylova 626-627, Kolin",REAL ESTATE,7
"Tylova 950,",REAL ESTATE,7
Tylova 963/2,REAL ESTATE,7
"Tylova cp. 167,",REAL ESTATE,7
"Tymlova 359/16,Praha",REAL ESTATE,7
Tyrsova,REAL ESTATE,7
"Tyrsova 1328,",REAL ESTATE,7
Tyrsova 1536,REAL ESTATE,7
"Tyrsova 31+33,",REAL ESTATE,7
Tyrsova 353-356,REAL ESTATE,7
"Tyrsova 587-588,",REAL ESTATE,7
"Tyrsova 731-733,",REAL ESTATE,7
U 1480,REAL ESTATE,7
U 1482,REAL ESTATE,7
U B T E R R A A,INDUSTRIALS,7
U Balabenky 508,REAL ESTATE,7
U Berounky 785,REAL ESTATE,7
U Bohemky,REAL ESTATE,7
U C H A S V,NOT RELEVANT,7
U Jezera 2043,REAL ESTATE,7
"U Jezera 2044/8, Praha",REAL ESTATE,7
U Kamyku 870-871,REAL ESTATE,7
U Kotelny 531/14,REAL ESTATE,7
U Lesa 868,REAL ESTATE,7
"U Letiste 1450,",REAL ESTATE,7
U Libenskeho pivovaru 30,REAL ESTATE,7
U Malvazinky 150,REAL ESTATE,7
U Mestskych domu,REAL ESTATE,7
U Mrazovky,REAL ESTATE,14
"U Myta 439, Postrelmov",REAL ESTATE,7
U N I K O M A,CONSUMER STAPLES,7
"U Novych domu 535, Praha",REAL ESTATE,7
"U Olivovny 1641, Ricany",REAL ESTATE,7
U Pentlovky 463/11,REAL ESTATE,7
U Pivovaru 356-357,REAL ESTATE,7
"U Plynarny 1378,",REAL ESTATE,7
"U Plynarny 1379,",REAL ESTATE,7
U Rokytky,REAL ESTATE,7
U Sauny 1514-1515,REAL ESTATE,7
"U Sedlce 773, Stary",REAL ESTATE,7
"U Sedlce 800, Stary",REAL ESTATE,7
"U Sedlce 844, Stary",REAL ESTATE,7
U Skleniku,REAL ESTATE,7
U Slovanky 1985-1987,REAL ESTATE,7
U Stadionu 1214-1216,REAL ESTATE,7
"U Stadionu 1503,",REAL ESTATE,7
"U Stadionu 3182/6,",REAL ESTATE,7
U Stadionu 983,REAL ESTATE,7
U Studia,REAL ESTATE,7
U Svedske kaple 1338/34,REAL ESTATE,7
U Svedske kaple 1353/36,REAL ESTATE,7
U Svobodarny 1071/7,REAL ESTATE,7
U T O SPOLECNOST S RUCENÍM,INDUSTRIALS,7
U Trznice,REAL ESTATE,7
U Vodojemu 1168,REAL ESTATE,7
"U Vodojemu 1270,",REAL ESTATE,7
U Zvonice 319 a 320,REAL ESTATE,7
"U gymnazia 1234,",REAL ESTATE,7
"U hvezdarny 23,Plzen",REAL ESTATE,7
U lesa 1868-1870,REAL ESTATE,7
"U lesoparku, Horni",REAL ESTATE,7
"U mestskych domu 7, Praha",REAL ESTATE,7
"U porcelanky 25, Nove",REAL ESTATE,7
U skolky,REAL ESTATE,7
U.C.H.,INFORMATION TECHNOLOGY,7
"U.T.C., SPOL. S",CONSUMER DISCRETIONARY,7
UAMK,CONSUMER DISCRETIONARY,7
UAMK A,CONSUMER DISCRETIONARY,7
UB HOLDING A,CONSUMER STAPLES,7
UC TRADE CZ S R,CONSUMER STAPLES,7
UCT Fluid Delivery Solutions,INFORMATION TECHNOLOGY,7
"UDOP sprava sluzeb,",REAL ESTATE,7
UDRZBA SILNIC KARLOVARSKEHO KRAJE,INDUSTRIALS,7
UFI FILTERS CZECH S R,CONSUMER DISCRETIONARY,7
UGO trade,CONSUMER STAPLES,7
UHB S R,INDUSTRIALS,7
UHERSKY BROD A,CONSUMER STAPLES,7
"UHTO Drive,",INDUSTRIALS,7
UJP PRAHA A,HEALTH CARE,7
"UJTO,",INDUSTRIALS,7
UJV REZ A,INDUSTRIALS,7
UKLID I A,NOT RELEVANT,7
"UKRPROM-servis, spol. s",INDUSTRIALS,7
ULTRA MARINE EUROPE S R,REAL ESTATE,7
UMBRELLA YACHT S R,CONSUMER DISCRETIONARY,7
UNEX,INDUSTRIALS,7
UNEX,MATERIALS,7
UNEX A,INDUSTRIALS,7
UNGR,NOT RELEVANT,7
UNI MAX S R,CONSUMER DISCRETIONARY,7
UNICAPITAL,FINANCIALS,7
UNICAPITAL AGRO,CONSUMER STAPLES,7
UNICAPITAL N.V.,FINANCIALS,7
UNICONTROLS A,INDUSTRIALS,7
UNICORN,INFORMATION TECHNOLOGY,7
UNICORN SYSTEMS A,INFORMATION TECHNOLOGY,7
UNIGASTRO S R,CONSUMER STAPLES,7
UNIKOL CZ S R,INDUSTRIALS,7
UNIKOM,CONSUMER STAPLES,7
UNIKONT,INDUSTRIALS,7
UNIKOV Steel,INDUSTRIALS,7
UNILEASING A,FINANCIALS,7
UNILES A,MATERIALS,7
UNILIN S R,FINANCIALS,7
UNION COSMETIC S R,CONSUMER STAPLES,7
UNION LESNI BRANA A,INDUSTRIALS,7
UNION SPOL S R,INDUSTRIALS,7
UNIONOCEL S R,INDUSTRIALS,7
UNIPAY S.R.O. V,INFORMATION TECHNOLOGY,7
UNIPETROL A,ENERGY,7
UNIPETROL RPA S R,ENERGY,7
UNIPROG SOLUTIONS A,INFORMATION TECHNOLOGY,7
UNIQA REALITY S R,NOT RELEVANT,7
UNIS A,INDUSTRIALS,7
UNITED BAKERIES,CONSUMER STAPLES,7
UNITED BROADCASTING S R,CONSUMER DISCRETIONARY,7
UNITED ENERGY A,UTILITIES,7
"UNITED HOTEL INVESTMENTS BOHEMIA,",REAL ESTATE,7
UNITED SERVICES S R,CONSUMER DISCRETIONARY,7
UNITED VYSOKÁ SKOLA,NOT RELEVANT,7
UNITOOLS PRESS A,CONSUMER DISCRETIONARY,7
UNIVALL,CONSUMER DISCRETIONARY,7
UNIVERSAL PRODUCTION PARTNERS A,COMMUNICATIONS,7
UNIVERSE AGENCY SPOL S R,CONSUMER DISCRETIONARY,7
"UNNI Trading,",FINANCIALS,7
UNO S R,INFORMATION TECHNOLOGY,7
"UPC Ceska republika,",COMMUNICATIONS,7
"UPC REAL,",REAL ESTATE,7
URBANCIK JURAJ,NOT RELEVANT,7
URBANOVA,NOT RELEVANT,7
"URSETA,",MATERIALS,7
"US - ACTION,",CONSUMER DISCRETIONARY,7
USTAV PRO PECI O MATKU A DITE,HEALTH CARE,7
USTAV VYZKUMU GLOBALNI ZMENY AV CR,INDUSTRIALS,7
USTAV ZELEZNICNI A,INDUSTRIALS,7
USTI REAL S R,CONSUMER DISCRETIONARY,7
UTILITIES SYSTEMS,INFORMATION TECHNOLOGY,7
UVR MNISEK POD BRDY A,FINANCIALS,7
Ucko 781,REAL ESTATE,7
"Ucnovska 122,",REAL ESTATE,7
"Ucnovska 126,",REAL ESTATE,7
Udolni,REAL ESTATE,7
Udolni 1272,REAL ESTATE,7
Uh. Ostroh,REAL ESTATE,7
"Uhelna 2594,2611,2612",REAL ESTATE,7
"Uhli pisky cert,",MATERIALS,7
"Uhlirska 1577/13,",REAL ESTATE,7
Ukrajinska,REAL ESTATE,7
"Ukrajinska 1435/6,8,10,12",REAL ESTATE,7
Ukrajinska 1485,REAL ESTATE,7
"Ukrajinska 35,",REAL ESTATE,7
"Ukrajinska 543/15,",REAL ESTATE,7
Ukrajinska 7,REAL ESTATE,7
Umelecka,REAL ESTATE,7
Unesov c.p.,REAL ESTATE,7
United cars & services,CONSUMER DISCRETIONARY,7
Universal Production Partners,COMMUNICATIONS,7
Urban,INDUSTRIALS,7
"Urbankova 3361-3364,",REAL ESTATE,7
UroKlinikum s. r.,HEALTH CARE,7
"Urxova 297,",REAL ESTATE,7
"Urxova 5,7,9,11,",REAL ESTATE,7
Ustav zdravotnickYch informacI,NOT RELEVANT,7
Utvenkova 1675/4,REAL ESTATE,7
Utvenkova 1676/6,REAL ESTATE,7
Utvina c.p. 164 - 165,REAL ESTATE,7
"Uvalska 10,12, Karlovy",REAL ESTATE,7
Uzin Utz ¿eská republika,INDUSTRIALS,7
V 2108-9,REAL ESTATE,7
"V Aleji 458-459,",REAL ESTATE,7
V Aleji 475-477,REAL ESTATE,7
"V Domove 1675, Praha",REAL ESTATE,7
V ELEKTRO A,CONSUMER DISCRETIONARY,7
V H BETTA A,CONSUMER STAPLES,7
V Humnech 1409-1411,REAL ESTATE,7
V Humnech 1418 Kunovice,REAL ESTATE,7
"V Krovinach 410/4,",REAL ESTATE,7
V Lukach 829-833,REAL ESTATE,7
V Luzich 1255 Jablonec n/N,REAL ESTATE,7
V Mezihori 1229,REAL ESTATE,7
V P GASTRO A,CONSUMER DISCRETIONARY,7
V Pruceli 1650-1651,REAL ESTATE,7
"V Sidlisti c.p. 117,290",REAL ESTATE,7
"V Stihlach 1316,",REAL ESTATE,7
"V Zahradach 1868-69,Beroun",REAL ESTATE,7
V Zahradkach 2026-2029,REAL ESTATE,7
V Zatisi 1006,REAL ESTATE,7
V&M Agency,COMMUNICATIONS,7
"V- PARK LIBEREC,",INDUSTRIALS,7
"V-Elektra,",UTILITIES,7
"V-NASS,",INDUSTRIALS,7
V. Nezvala 2465-2468,REAL ESTATE,7
"V. Nezvala 32,",REAL ESTATE,7
V. Volfa,REAL ESTATE,7
V.A.D.WORTEX,NOT RELEVANT,7
V.I.P. PUBLIC RELATIONS S.R.O. V,NOT RELEVANT,7
V.I.S RETAIL CZ,CONSUMER DISCRETIONARY,7
V.Nejedleho 612,REAL ESTATE,7
"V.Nezvala 736,F.-Mistek",REAL ESTATE,7
V.P. PROCHÁZKA,INDUSTRIALS,7
"V.Vaculky 997-999, Uh.Hrad",REAL ESTATE,7
VACEK,NOT RELEVANT,7
VACLAV NOVAK TOP CUKROVINKY,CONSUMER STAPLES,7
VAFO PRODUCTION,CONSUMER STAPLES,7
VAG S R,INDUSTRIALS,7
VAGONKA,INDUSTRIALS,7
VAJGLOV A,CONSUMER STAPLES,7
VAL LINTER EKO S R,MATERIALS,7
VALBEK EU,INDUSTRIALS,7
VALCOVNY TRUB CHOMUTOV A,MATERIALS,7
VALDIBRANA,REAL ESTATE,7
VALEK MILAN,INDUSTRIALS,7
VALENTA,NOT RELEVANT,7
VALENTA IVO,CONSUMER DISCRETIONARY,7
VALEON SERVIS S R,INDUSTRIALS,7
VALNIC EST S R,REAL ESTATE,7
VALOVA,NOT RELEVANT,7
VALTR S R,CONSUMER STAPLES,7
VALUE 4INDUSTRY S R,INDUSTRIALS,7
VAMOZ CONSTRUCTION,INDUSTRIALS,7
VANA,NOT RELEVANT,7
VANCO,COMMUNICATIONS,7
VANCO CZ S R,INFORMATION TECHNOLOGY,7
VANEK,NOT RELEVANT,7
VANKOVA,NOT RELEVANT,7
VANS CENTRE S R,CONSUMER DISCRETIONARY,7
VAPAS A,INDUSTRIALS,7
VAPENKA VITOSOV,MATERIALS,7
VAPOS SPOL S R,CONSUMER DISCRETIONARY,7
VAREKA,NOT RELEVANT,7
VARGA,NOT RELEVANT,7
"VARI,",NOT RELEVANT,7
VARIEL A,INDUSTRIALS,7
VARNSDORF A,NOT RELEVANT,7
VARS BRNO A,INFORMATION TECHNOLOGY,7
VASICEK,NOT RELEVANT,7
VASKY TRADE S R,CONSUMER DISCRETIONARY,7
VASSET REAL,REAL ESTATE,7
VASTBOUW CZECH S.R.O. V,REAL ESTATE,7
VAVRA,NOT RELEVANT,7
VAVROUCH JIRI,INDUSTRIALS,7
VC PROPERTY S R,INFORMATION TECHNOLOGY,7
VCE LDS S R,UTILITIES,7
VCES A,INDUSTRIALS,7
VCHD Cargo,INDUSTRIALS,7
VDI META VYROBNI DRUZSTVO INVALIDU,INFORMATION TECHNOLOGY,7
VEBA S R,NOT RELEVANT,7
VEBA TEXTILNI ZAVODY A,CONSUMER DISCRETIONARY,7
VECHRA EXPRES SPOL S R,INDUSTRIALS,7
VEDECKOTECHNICKY PARK PLZEN A,REAL ESTATE,7
VEGA TOUR S R,INDUSTRIALS,7
VEGACOM,NOT RELEVANT,7
VEGASPORT S R,REAL ESTATE,7
VEJCE CZ,CONSUMER STAPLES,7
VELETRHY BRNO A,INDUSTRIALS,7
VELIS S R,UTILITIES,7
VELISTR S R,INDUSTRIALS,7
VELKA PECKA,CONSUMER DISCRETIONARY,7
VELKE LOSINY S R,HEALTH CARE,7
VELKOOBCHOD NAPOJI A,NOT RELEVANT,7
"VELLERIN,",REAL ESTATE,7
"VELOS, vyrobni druzstvo",MATERIALS,7
VELSBIKE S R,CONSUMER DISCRETIONARY,7
VENCLOVA DOMINIKA,NOT RELEVANT,7
VENDEAVOUR A,CONSUMER STAPLES,7
VENDPRO S R,INDUSTRIALS,7
VENTILE FITTINGS PRAHA SPOL S R,INDUSTRIALS,7
VENTORN,CONSUMER DISCRETIONARY,7
VENTORN S R,CONSUMER DISCRETIONARY,7
VENTUREAL HOLDING,INDUSTRIALS,7
VEOLIA CR,UTILITIES,7
VEOLIA ENERGIE CR,UTILITIES,7
VEOLIA HOLDING CR,UTILITIES,7
VEPASPOL OLOMOUC A,NOT RELEVANT,7
VERA MRKLASOVA,NOT RELEVANT,7
VERDI MANAGEMENT SERVICES S R,REAL ESTATE,7
"VERMI GASTRO MASCHINEN,",NOT RELEVANT,7
VERMONT,CONSUMER DISCRETIONARY,7
VERSUTE INVESTMENTS,UTILITIES,7
VERTIV CZECH REPUBLIC,INFORMATION TECHNOLOGY,7
VERY GOODIES,CONSUMER DISCRETIONARY,7
"VESPA Prostejov, spol. s",CONSUMER DISCRETIONARY,7
VESPRO S R,REAL ESTATE,7
VETCENTRUM Duchek,HEALTH CARE,7
VETO CZ S R,NOT RELEVANT,7
VETRNIK,REAL ESTATE,7
VETRO-PLUS,CONSUMER DISCRETIONARY,7
VETROPACK MORAVIA GLASS AKCIOVA,MATERIALS,7
VEVA STAV S R,INDUSTRIALS,7
VGP HAMMER S R,INDUSTRIALS,7
VHC HOLDING A,NOT RELEVANT,7
VHOS A,UTILITIES,7
"VIA AUREA CAROLI,",CONSUMER STAPLES,7
VIA FAOC S R,REAL ESTATE,7
VIA REK A,MATERIALS,7
VIACULINARIA S R,CONSUMER DISCRETIONARY,7
VIADRUS A,CONSUMER DISCRETIONARY,7
VIAGEM A,REAL ESTATE,7
VIAPHARMA S R,CONSUMER STAPLES,7
VIDOX S R,CONSUMER DISCRETIONARY,7
VIENNA POINT A,REAL ESTATE,7
VIKTOR LACQUERS S R,CONSUMER STAPLES,7
VIKTORIAGRUPPE AKTIENGESELLSCHAFT,ENERGY,7
"VILADOMY PARK KOSÍRE, S.R.O. V",REAL ESTATE,7
VILAMURA S R,FINANCIALS,7
VILEN DOOR S R,INDUSTRIALS,7
VILGAIN,CONSUMER DISCRETIONARY,7
VINA FOOD,CONSUMER STAPLES,7
VINARSKA SKUPINA VINIFERA S R,CONSUMER STAPLES,7
VINARSTVÍ KONOPNÝ KOPEC,CONSUMER STAPLES,7
VINARSTVÍ MIKROSVÍN MIKULOV,NOT RELEVANT,7
VINDOBONA S R,REAL ESTATE,7
VINIFERA,CONSUMER STAPLES,7
"VINO PODIVIN,",NOT RELEVANT,7
VIP GASTRO S R,CONSUMER DISCRETIONARY,7
VIPAPP A,FINANCIALS,7
VIRGILIO PROPERTY S R,REAL ESTATE,7
VIRGIN FROST S R,CONSUMER STAPLES,7
VIRTUAL DESIGN S R,NOT RELEVANT,7
VIRTUALTRAINING,INFORMATION TECHNOLOGY,7
VISCOFAN CZ,CONSUMER STAPLES,7
VISEK,NOT RELEVANT,7
VISGROUP,INDUSTRIALS,7
VISION S. R. O.,REAL ESTATE,7
VISTORIA CZ A,INDUSTRIALS,7
VISUAL UNITY A S V,INFORMATION TECHNOLOGY,7
VIT,NOT RELEVANT,7
VITA PROSTEJOV A,REAL ESTATE,7
VITA SPV S R,CONSUMER DISCRETIONARY,7
VITALOGY S R,CONSUMER DISCRETIONARY,7
VITAR SRO,CONSUMER STAPLES,7
VITEK,NOT RELEVANT,7
VITEZSLAV NEZDOS,NOT RELEVANT,7
VITKOVICE A S,INDUSTRIALS,7
VITKOVICE IT SOLUTIONS A,INFORMATION TECHNOLOGY,7
VITKOVICKA DOPRAVA A,INDUSTRIALS,7
VITKOVICKE SLEVARNY SPOL S R,MATERIALS,7
VITKOVICKE ZELEZNICNI OPRAVNY A,INDUSTRIALS,7
VITKOVSKA ZEMEDELSKA,CONSUMER STAPLES,7
VITRABLOK,MATERIALS,7
"VITRABLOK,",MATERIALS,7
"VITRABLOK,",NOT RELEVANT,7
VITSOL S R,REAL ESTATE,7
VIVANTIS A,CONSUMER DISCRETIONARY,7
"VIVERE REAL ESTATE,",INDUSTRIALS,7
VIZA G E C A S,CONSUMER DISCRETIONARY,7
VIZNER,NOT RELEVANT,7
VIZO,REAL ESTATE,7
VJHS S R,UTILITIES,7
VJV RENT S R,REAL ESTATE,7
VK Holding,COMMUNICATIONS,7
VKT VOLARY S R,CONSUMER STAPLES,7
"VKV BRECLAV, spol. s",INDUSTRIALS,7
VKY,CONSUMER DISCRETIONARY,7
VLADAN RYCHTAR,INDUSTRIALS,7
VLADIMIR,NOT RELEVANT,7
VLADIMIR JASICEK ELEKTR-MECHAN,NOT RELEVANT,7
VLADIMIR SKOPALIK,NOT RELEVANT,7
VLASTNÍKU JEDNOTEK BYT,NOT RELEVANT,7
VLASTNÍKU JEDNOTEK DO,NOT RELEVANT,7
VLCEK,NOT RELEVANT,7
VLNAP A,CONSUMER DISCRETIONARY,7
VLNARSKA,REAL ESTATE,7
"VLNENA BUSINESS PARK, SPOL. S R",REAL ESTATE,7
VLTAVA CZ A,NOT RELEVANT,7
VLTAVA LABE MEDIA A,COMMUNICATIONS,7
VLTAVA LABE MEDIA CONSOLID,COMMUNICATIONS,7
VLTAVIN LEAS A,FINANCIALS,7
VLTAVOTYNSKA TEPLARENSKA A,NOT RELEVANT,7
VM Mirova 500,REAL ESTATE,7
VM Vsetinska,REAL ESTATE,7
VMAutomatizace,INDUSTRIALS,7
VMM S R,INDUSTRIALS,7
VN37 S R,REAL ESTATE,7
VOCHOC TRADE S R,CONSUMER DISCRETIONARY,7
VODA MEMSEP A,UTILITIES,7
VODAFONE CZECH REPUBLIC A,COMMUNICATIONS,7
VODARENSKA SPOLECNOST BEROUN S R,INDUSTRIALS,7
VODKOVA DEVELOPMENT S R,CONSUMER DISCRETIONARY,7
VODNI SKLO BRNO A,NOT RELEVANT,7
VODO STAVEBNI S R,INDUSTRIALS,7
VODOHOSPODARSKE STAVBY A,INDUSTRIALS,7
VODOHOSPODÁRSKÁ SPOLECNOST,NOT RELEVANT,7
VODOS VELKOOBCHOD S R,UTILITIES,7
VODOSTAV OSTRAVA SPOL S R,INDUSTRIALS,7
VODOVOD RADYNE,UTILITIES,7
VODOVODY A KANALIZACE PARDUBICE A,NOT RELEVANT,7
VODRAZKA DECIN S R,NOT RELEVANT,7
VODRAZKA S R,NOT RELEVANT,7
VODÁREK TRANSPORT,INDUSTRIALS,7
VOESTALPINE PROFILFORM,INDUSTRIALS,7
VOG S R,CONSUMER STAPLES,7
VOGEL ELECTRIC S R,NOT RELEVANT,7
VOHNIK,NOT RELEVANT,7
VOJES A.S. V,CONSUMER DISCRETIONARY,7
VOJTECH,NOT RELEVANT,14
"VOLARIK CAPITAL,",INDUSTRIALS,7
VONKA,NOT RELEVANT,7
VOP CZ S,INDUSTRIALS,7
VOSTOVA MILUSE,NOT RELEVANT,7
VOTOP S R,UTILITIES,7
VPU DECO PRAHA A,INDUSTRIALS,7
VR MORAVA A,INDUSTRIALS,7
VRABLIK,NOT RELEVANT,7
VRATISLAV,NOT RELEVANT,7
VRATISLAV PIETRZYK,NOT RELEVANT,7
VRBA,NOT RELEVANT,7
VRISILIA INVESTMENTS,FINANCIALS,7
VRSANSKÁ UHELNÁ,ENERGY,7
VRTAL,CONSUMER STAPLES,7
VRTNÝ A GEOLOGICKÝ PRUZKUM,INDUSTRIALS,7
VRTY UA,INDUSTRIALS,7
VS Assets,REAL ESTATE,7
VSACKO HOVEZI A,CONSUMER STAPLES,7
VSEKON FLORCIK S R,INDUSTRIALS,7
VSEOBECNÁ FAKULTNÍ NEMOCNICE V PRAZ,NOT RELEVANT,7
VSESPORTOVNI AREAL OBRI SUD JAVORNI,CONSUMER DISCRETIONARY,7
VSETIN A,INDUSTRIALS,7
VSETIN S R,INDUSTRIALS,7
VSHOSTING,INFORMATION TECHNOLOGY,7
VSP DATA A,CONSUMER DISCRETIONARY,7
"VSP SPORT PROMOTION, S.R.O. V",NOT RELEVANT,7
VSTRIKOVACI SYSTEMY PRO PLAST S R,MATERIALS,7
VTA CESKA REPUBLIKA SPOL S R,NOT RELEVANT,7
VTK CYLINDERS,NOT RELEVANT,7
VTS CZECH REPUBLIC S R,INDUSTRIALS,7
VUCH S R,CONSUMER DISCRETIONARY,7
VUHZ A,MATERIALS,7
VV CZ S R,MATERIALS,7
VVS VERMEROVICE,CONSUMER STAPLES,7
VVS VERMEROVICE S R,CONSUMER STAPLES,7
VW WACHAL A,INDUSTRIALS,7
VYCHODNI CECHY S R,MATERIALS,7
VYCHODOCESKA ENERGIE S R,UTILITIES,7
VYDIS,COMMUNICATIONS,7
VYDOS BUS,INDUSTRIALS,7
VYDOS SERVIS A,NOT RELEVANT,7
VYHNAL,NOT RELEVANT,7
VYKOV STEEL,MATERIALS,7
VYMYSLICKY VYTAHY,INDUSTRIALS,7
VYROBNI DRUZSTVO SLEZSKA HORINA,NOT RELEVANT,7
VYRTYCH A,INDUSTRIALS,7
VYSKOCIL,NOT RELEVANT,7
VYSLJAR A,REAL ESTATE,7
VYSOCINA S R,MATERIALS,7
VYSOKY CHLUMEC A,CONSUMER STAPLES,7
VYTAHY SPOL S R,INDUSTRIALS,7
VYZKUMNY A VYVOJOVY USTAV,INDUSTRIALS,7
VYZKUMNY USTAV ORGANICKYCH SYNTEZ A,MATERIALS,7
Vaclav Cimburek CIVA Trans,INDUSTRIALS,7
Vaclavik Sochor,MATERIALS,7
"Vaclavkova 1612,",REAL ESTATE,7
Vaclavska 4045-4047,REAL ESTATE,7
Valasska Bystrice 594,REAL ESTATE,7
Valecnych zajatcu 1641,REAL ESTATE,7
"Valentova 1736-1737,",REAL ESTATE,7
Valeo Compressor Europe,CONSUMER DISCRETIONARY,7
Valtirov c.p.,REAL ESTATE,7
Van Leeuwen Production Czech Republ,MATERIALS,7
Vancura,REAL ESTATE,7
Vancurova 692-4,REAL ESTATE,7
Vanek,REAL ESTATE,7
Varadinek Evzen,NOT RELEVANT,7
Varenska,REAL ESTATE,14
Varenska 2941,REAL ESTATE,7
Varenska 2942,REAL ESTATE,7
Vasatkova,REAL ESTATE,7
"Vaskova 3,",REAL ESTATE,7
"Vaudelade Company,",REAL ESTATE,7
Vavrenova 1143/28,REAL ESTATE,7
Vavrinec 99,REAL ESTATE,7
Vekose,REAL ESTATE,7
Velachova Karolina,CONSUMER STAPLES,7
"Veleslavinova 9,",REAL ESTATE,7
"Veletrzni 684/3,",REAL ESTATE,7
Velka Michalska 20,REAL ESTATE,7
Velka Ohrada 2382-2391,REAL ESTATE,7
Velkomoravska 509-510,REAL ESTATE,7
Velkoobchod CAS,CONSUMER DISCRETIONARY,7
"VeltPro, bytove druzstvo",REAL ESTATE,7
"Veltrubska 1348-1349,Kolin",REAL ESTATE,7
"Venhudova 29,",REAL ESTATE,7
Venkov,REAL ESTATE,7
"Veolia Prumyslove sluzby CR, a",UTILITIES,7
Verdunska 1870/11,REAL ESTATE,7
Verdunska 1959/19,REAL ESTATE,7
"Vernericka 403, Praha",REAL ESTATE,7
"Veskom, spol. s",INDUSTRIALS,7
"Vetrna 6197,",REAL ESTATE,7
"Vetrna, Horni",REAL ESTATE,7
Vetrni,REAL ESTATE,7
Vetrni c.p. 234,REAL ESTATE,7
Veveri,REAL ESTATE,7
"Veveri 461/14,Brno",REAL ESTATE,7
"Videnska 3278/74,",REAL ESTATE,7
Viessmann chladici systemy,INDUSTRIALS,7
"Viklefova 1723, Praha",REAL ESTATE,7
VinaRstvI VeselI nad Moravou s,CONSUMER STAPLES,7
Vinaricka 1291-1292,REAL ESTATE,7
Vinaricka 1293-1294,REAL ESTATE,7
Vinice,REAL ESTATE,7
"Vinicni 83-85,",REAL ESTATE,7
Vinohradska,REAL ESTATE,7
Vinohradska 139,REAL ESTATE,7
"Vinohradska 795, 796, 797, MOST",REAL ESTATE,7
"Visnova 1231,",REAL ESTATE,7
Visnova 174 a 175,REAL ESTATE,7
Vita Nejedleho 438-440,REAL ESTATE,7
"Vita Nejedleho 611,Karvina",REAL ESTATE,7
"Vitezna 2634/10,",REAL ESTATE,7
Vitezna 91,REAL ESTATE,7
Vitezslava Nezvala 739,REAL ESTATE,7
Vitkov - Svermova,REAL ESTATE,7
Vitkova,REAL ESTATE,7
Vitkovice,REAL ESTATE,7
"Viva Vrchlabi,",REAL ESTATE,7
"Vlachova 1507, Praha",REAL ESTATE,7
Vladan Janovsky,NOT RELEVANT,7
Vladar a synove,REAL ESTATE,7
Vlasakova 2760,REAL ESTATE,7
Vlasimska realitni,REAL ESTATE,7
Vlastiborice,REAL ESTATE,7
Vlastina 709,REAL ESTATE,7
Vlasty Pittnerove,REAL ESTATE,7
"Vlckova 1068,1069",REAL ESTATE,7
"Vltavska 1,",REAL ESTATE,7
"Vltavska 21,",REAL ESTATE,7
"Vnejsi 1393-1395,",REAL ESTATE,7
"Vodarenska 424, Borovany",REAL ESTATE,7
Vodnanska 464,REAL ESTATE,7
"Vodnanska drubez,",CONSUMER STAPLES,7
Vodnicka 438,REAL ESTATE,7
"Vojanova 1 a 3,",REAL ESTATE,7
"Vojtesska 31, Kutna hora",REAL ESTATE,7
Volacek Volacek,INFORMATION TECHNOLOGY,7
Volarik,INDUSTRIALS,7
Volary,CONSUMER STAPLES,7
Volvo Group Czech Republic,CONSUMER DISCRETIONARY,7
"Vondrakova 66, 68,",REAL ESTATE,7
Vondrousova 1199-1201,REAL ESTATE,7
Vondrousova 1212-1218,REAL ESTATE,7
"Voskovcova 882,883",REAL ESTATE,7
"Voskovcova 931-933,Praha",REAL ESTATE,7
Voskovcova Peskova,REAL ESTATE,7
"Vosmikovych 11,13,15",REAL ESTATE,7
"Vozicka,",REAL ESTATE,7
"Vrazova 1446,",REAL ESTATE,7
"Vrazska 1003-4, Cernosice",REAL ESTATE,7
Vrbova,REAL ESTATE,7
Vrchlickeho,REAL ESTATE,7
"Vrchlickeho 1988-90,",REAL ESTATE,7
"Vrchni 1531/51,",REAL ESTATE,7
Vrsovice,HEALTH CARE,7
Vrsovicka 60 a 62,REAL ESTATE,7
"Vrsovicka,Jerevanska 1158-61",REAL ESTATE,7
Vrumo,REAL ESTATE,7
Vyhled Cerny,REAL ESTATE,7
Vyletni 5256-5257,REAL ESTATE,7
"Vysehradska 1379, Praha",REAL ESTATE,7
Vyskocilova Tyna,INDUSTRIALS,7
Vyskovicka 144,REAL ESTATE,7
"Vyskovicka 559, 560",REAL ESTATE,7
Vysoky Ujezd,REAL ESTATE,7
"Vystrkov 15-17,",REAL ESTATE,7
VÝROBNÍ ZEMEDELSKÉ DRUZSTVO HLUCÍN,CONSUMER STAPLES,7
VÝSTAVISTE CESKÉ BUDEJOVICE,CONSUMER DISCRETIONARY,7
Válek Patrik,INDUSTRIALS,7
W T CESKÁ REPUBLIKA,INDUSTRIALS,7
WABACOO MANAGEMENT S R,INFORMATION TECHNOLOGY,7
WACHAL S R,REAL ESTATE,7
WACHAL VILIAM,INDUSTRIALS,7
WAG,INDUSTRIALS,7
WAGNER,NOT RELEVANT,7
WAGON SERVICES A,INDUSTRIALS,7
WALAR GAMMA A,REAL ESTATE,7
WALBO RAILWAY,CONSUMER DISCRETIONARY,7
WALMARK,NOT RELEVANT,7
WALMARK A,HEALTH CARE,7
WALSTEAD MORAVIAPRESS S R,INDUSTRIALS,7
WANZL SPOL. S,INDUSTRIALS,7
WAREHOUSE CENTRE S R,CONSUMER STAPLES,7
WASHZONE S R,INDUSTRIALS,7
WASSA,MATERIALS,7
WATERS S R,REAL ESTATE,7
WAVEMAKER CZECH S R,CONSUMER DISCRETIONARY,7
WEGO INTERNATIONAL S R O V,CONSUMER DISCRETIONARY,7
WEILER HOLOUBKOV S R,NOT RELEVANT,7
WELDE,NOT RELEVANT,7
WELDE S R,NOT RELEVANT,7
WELDING S R,CONSUMER DISCRETIONARY,7
WELL PACK,INDUSTRIALS,7
WELLNESS CENTRUM RADLICE,NOT RELEVANT,7
WELLPACK,INDUSTRIALS,7
WELLYEN,REAL ESTATE,7
WELLYEN A,REAL ESTATE,7
WELWYN COMPANY A,REAL ESTATE,7
WELZ INTERNATIONALE SPEDITION,INDUSTRIALS,7
WEMAREAL S R,REAL ESTATE,7
WEPGRA,INDUSTRIALS,7
WERC ON PRAHA S R,CONSUMER DISCRETIONARY,7
WERCO HOLDING,REAL ESTATE,7
WEST END BANFORT S.R.O. V,NOT RELEVANT,7
WEST S R,CONSUMER DISCRETIONARY,7
WESTERN COMPANY SPOLECNOST S RUCENI,REAL ESTATE,7
WESTFALIA METAL,MATERIALS,7
WESTLAND spol. s,MATERIALS,7
WESTLOGIC S R,CONSUMER DISCRETIONARY,7
WEYLAND CORPORATION,NOT RELEVANT,7
WEYLAND STAHLHANDEL S R,INDUSTRIALS,7
WF GROUP SICAV A,REAL ESTATE,7
WH Assets,INDUSTRIALS,7
WHEELS S R,INDUSTRIALS,7
WHITE HILL DEVELOPMENT,NOT RELEVANT,7
WI ASS CR S R,FINANCIALS,7
WIA SPOL S R,COMMUNICATIONS,7
WIC PRAGUE,CONSUMER DISCRETIONARY,7
WICO B G M A,CONSUMER DISCRETIONARY,7
WIEDEN,INDUSTRIALS,7
"WIENERBERGER EUROSTROJ, SPOL. S",NOT RELEVANT,7
WILKINSON JONATHAN,NOT RELEVANT,7
WILLMANN,NOT RELEVANT,7
WIN A,CONSUMER DISCRETIONARY,7
WINCHESTER,INDUSTRIALS,7
WIND SERVIS CZ,INDUSTRIALS,7
WINE LIFE A,CONSUMER STAPLES,7
WINNING FLEET S R,CONSUMER DISCRETIONARY,7
WINNING IP HUSTOPECE S R,REAL ESTATE,7
WISS CZECH S R,INDUSTRIALS,7
WISTRON INFOCOMM CZECH S R,INFORMATION TECHNOLOGY,7
WITKOWITZ GW,INDUSTRIALS,7
WITTE NEJDEK SPOL S R,INDUSTRIALS,7
WITZENMANN OPAVA SPOL S R,INDUSTRIALS,7
WMA - GLASS S.R.O IZOLACNI SKLO,NOT RELEVANT,7
WMS,COMMUNICATIONS,7
WOFFOVA JAROSLAVA,NOT RELEVANT,7
WOLF,NOT RELEVANT,7
WOLF SYSTEM SPOL S R,INDUSTRIALS,7
WOOD,MATERIALS,7
"WOOD - doprava,",NOT RELEVANT,7
WOOD A,NOT RELEVANT,7
WOOD S R,MATERIALS,7
WOODCHIP S R,UTILITIES,7
WOODCOR S R,INDUSTRIALS,7
WOODPLASTIC A,INDUSTRIALS,7
WORKPRESS,INDUSTRIALS,7
WORKPRESS AVIATION S R,INDUSTRIALS,7
WORLDWIDE FACILITY PROGRESS A,FINANCIALS,7
WORMELEN,CONSUMER DISCRETIONARY,7
WORMELEN GROUP A,CONSUMER DISCRETIONARY,7
WOTAN FOREST A,CONSUMER STAPLES,7
WOZABAL,CONSUMER DISCRETIONARY,7
WOZABAL S R,CONSUMER DISCRETIONARY,7
WPA FACILITY S R,REAL ESTATE,7
WPA NANO TECHNOLOGIES S R,HEALTH CARE,7
WPA SECURE S R,INDUSTRIALS,7
"WS & WIRE LIBCICE,",INDUSTRIALS,7
WSF DELTA SPOL S R,REAL ESTATE,7
WT WINTECH,INDUSTRIALS,7
WTCO INVESTMENT S R,REAL ESTATE,7
WTS drive,INDUSTRIALS,7
WWW SCIO CZ S R,CONSUMER DISCRETIONARY,7
WYNX FREIGHT S R,INDUSTRIALS,7
Walmsley,MATERIALS,7
"Waltrova 1007/61,",REAL ESTATE,7
"Warme, spol. s",INDUSTRIALS,7
"Webglobe,",INFORMATION TECHNOLOGY,7
"Welcome Touristic Praha,",INDUSTRIALS,7
Werichova 981,REAL ESTATE,7
Westinghouse Electric,INDUSTRIALS,7
"Whalebone,",INFORMATION TECHNOLOGY,7
"Whirlpool CR, spol. s",CONSUMER DISCRETIONARY,7
Wi Technology,INFORMATION TECHNOLOGY,7
Wichterle,INDUSTRIALS,7
Wienerberger,MATERIALS,7
Wincott CZ,INDUSTRIALS,7
Window Holding,INDUSTRIALS,7
Windsor Spa Hotel,CONSUMER DISCRETIONARY,7
Winning Entertainment,COMMUNICATIONS,7
Witty,CONSUMER DISCRETIONARY,7
Wo & Wo stinici technika,INDUSTRIALS,7
"Wolkerova 585/46,",REAL ESTATE,7
"Wolkerova 715, Zlate",REAL ESTATE,7
"Wolkerova 836,",REAL ESTATE,7
"Wrigley Confections CR, kom. spol.",CONSUMER STAPLES,7
X Consulting Co.,INFORMATION TECHNOLOGY,7
XAION S R,FINANCIALS,7
XANADU,CONSUMER DISCRETIONARY,7
XANDOR AUTOMOTIVE CZ,CONSUMER DISCRETIONARY,7
XAVEROV A,CONSUMER STAPLES,7
XEDEX S R,INDUSTRIALS,7
XELLA CZ S R,INDUSTRIALS,7
XF FACILITY SERVICES S R,CONSUMER DISCRETIONARY,7
XLCZ Nábytek,CONSUMER DISCRETIONARY,7
XLMX obchodní,CONSUMER DISCRETIONARY,7
XTUNING S R,CONSUMER STAPLES,7
XX GROUP S R,REAL ESTATE,7
XXXXXXXXXX,NOT RELEVANT,7
XYIENCE A,CONSUMER STAPLES,7
XZONE S R,CONSUMER DISCRETIONARY,7
Xandor Automotive CZ,CONSUMER DISCRETIONARY,7
"Xantoria Property,",REAL ESTATE,7
Y CZ S R,INDUSTRIALS,7
Y.O. HOLDING A.S. V,CONSUMER DISCRETIONARY,7
YACHT PROFESSIONAL,INDUSTRIALS,7
YALE CZ,INDUSTRIALS,7
YAMAGATA (SLOVAKIA),INDUSTRIALS,7
YARD A,REAL ESTATE,7
YD REAL ESTATE CONSOLIDATE,REAL ESTATE,7
YD REAL ESTATE DELTA S R,REAL ESTATE,7
YIT CZECHIA,REAL ESTATE,7
YOLT SERVICES,UTILITIES,7
YORKSHIRE ESTATE S.R.O. V,FINANCIALS,7
YOUREALITY GROUP S R,FINANCIALS,7
YOURESIDENCE GROUP S R,REAL ESTATE,7
"YPERIT,",REAL ESTATE,7
YUCATAN S R,NOT RELEVANT,7
Yes Visage a.,HEALTH CARE,7
Yusen Logistics (Czech),INDUSTRIALS,7
Z F P S R,FINANCIALS,7
Z GROUP STEEL HOLDING A,MATERIALS,7
Z O K SYSTEM S R,CONSUMER DISCRETIONARY,7
Z PREZIP A,INDUSTRIALS,7
Z-Group,CONSUMER DISCRETIONARY,7
Z-Group bus,INDUSTRIALS,7
Z.Predmesti 886-887,REAL ESTATE,7
ZA DALNICI 502 1 S R,CONSUMER DISCRETIONARY,7
ZABOREC SPOL S R,INDUSTRIALS,7
ZABRANA,NOT RELEVANT,7
ZABRANSKY HOLDING S R,MATERIALS,7
ZACEK,NOT RELEVANT,7
ZACH,NOT RELEVANT,7
ZAHONECH A,REAL ESTATE,7
ZAHRADNI CENTRUM S R,CONSUMER DISCRETIONARY,7
ZAHRADNICTVI LITOL S R,CONSUMER STAPLES,7
ZAHRADNIK,NOT RELEVANT,7
ZAK MAREK,NOT RELEVANT,7
ZAKLADANI STAVEB A,INDUSTRIALS,7
ZAKO TURCIN SPOL S R,INDUSTRIALS,7
ZALMAN LUBOR,NOT RELEVANT,7
ZAMBELLI TECHNIK SPOL S R,INDUSTRIALS,7
ZAMBERK A,CONSUMER STAPLES,7
ZAMECEK S R,NOT RELEVANT,7
ZAMECKE VINARSTVI BZENEC S R,CONSUMER STAPLES,7
ZAMECNIK,NOT RELEVANT,7
ZAMET SPOL S R,INDUSTRIALS,7
ZANINI CZ S R,CONSUMER DISCRETIONARY,7
ZAPLETAL,NOT RELEVANT,7
ZAPLETALOVA RADMILA,NOT RELEVANT,7
ZARECKY DAVID ONDREJ,NOT RELEVANT,7
ZARIS,CONSUMER DISCRETIONARY,7
ZARUBA,NOT RELEVANT,7
ZASILKOVNA S R,INDUSTRIALS,7
ZASOBOVANI PLZEN A,CONSUMER STAPLES,7
ZASOBOVANI VODOU VTCH S R,MATERIALS,7
ZAT A,INDUSTRIALS,7
ZATEC,INDUSTRIALS,7
ZATECKA TEPLARENSKA A,UTILITIES,7
ZAYKOV,NOT RELEVANT,7
ZB Group,FINANCIALS,7
ZBA GEOTECH SPOLECNOST S RUCENIM OM,INDUSTRIALS,7
ZBEJVAL,NOT RELEVANT,7
ZBRASLAV A,NOT RELEVANT,7
ZBROJOVKA A,INDUSTRIALS,7
ZBYTKOVÁ ECCZ S.R.O. V,INDUSTRIALS,7
ZD HLUSICE S R,CONSUMER STAPLES,7
ZD TRHOVY STEPANOV A,NOT RELEVANT,7
ZDAR A,INDUSTRIALS,7
ZDAS A,MATERIALS,7
ZDC SERVICES,NOT RELEVANT,7
ZDENEK,NOT RELEVANT,7
ZDENEK LOHNISKY,INDUSTRIALS,7
ZDENEK SKARKA,CONSUMER DISCRETIONARY,7
ZDR Investments Public SICAV,REAL ESTATE,7
ZDRAVOTNICKA TECHNIKA A,HEALTH CARE,7
ZEAS PUCLICE A,CONSUMER STAPLES,7
ZEBRA A,MATERIALS,7
ZEFA VOLARY,CONSUMER STAPLES,7
ZELENY,NOT RELEVANT,7
ZELEZARNY ANNAHUTTE SPOL S R,INDUSTRIALS,7
ZELEZARNY VELKY SENOV S R,MATERIALS,7
ZELEZNIC STATNI ORGANIZACE,INDUSTRIALS,7
ZELEZNICNI STAVBY A,INDUSTRIALS,7
ZELEZNICNÍ DODAVATELSKÁ,INDUSTRIALS,7
ZELTWANGER AMT S R,INDUSTRIALS,7
"ZEMAKO,",INDUSTRIALS,7
ZEMAN,NOT RELEVANT,7
ZEMAN ART,INDUSTRIALS,7
ZEMEDELSKA A S VYSOCINA,NOT RELEVANT,7
ZEMEDELSKA AKCIOVA SPOLECN,CONSUMER STAPLES,7
ZEMEDELSKA S R,CONSUMER STAPLES,7
ZEMEDELSKO OBCHODNI DRUZSTVO ZALSI,NOT RELEVANT,7
ZEMEDELSKO OBCHODNI DRUZSTVO ZICHLI,CONSUMER STAPLES,7
ZEMEDELSKY PODNIK A,NOT RELEVANT,7
ZEMEDELSKÉ ZÁSOBOVÁNÍ A NÁKUP V DEC,NOT RELEVANT,7
ZEMEK ZDENEK,INDUSTRIALS,7
ZEMKO Ko¿lí,INDUSTRIALS,7
ZEMOS ORLICKE PODHURI A,CONSUMER STAPLES,7
ZEMPOMARKET A.S.BECVARY,NOT RELEVANT,7
ZENAP TRHOVE SVINY S R,CONSUMER STAPLES,7
"ZENIT,",INDUSTRIALS,7
ZEORT S R,CONSUMER STAPLES,7
ZEOS BRNIROV A,CONSUMER STAPLES,7
ZEPPELIN CZ S R,INDUSTRIALS,7
ZEROSTAV INZENYRING A,INDUSTRIALS,7
ZEROTIN A,NOT RELEVANT,7
ZETEN,CONSUMER STAPLES,7
ZETEN SPOL S R,CONSUMER STAPLES,7
ZETES KT SPOL S R,INDUSTRIALS,7
ZETKA MB S R,INDUSTRIALS,7
ZETOR,INDUSTRIALS,7
ZETOR TRACTORS,INDUSTRIALS,7
ZETOR TRACTORS A,INDUSTRIALS,7
ZEVAR ENERGIE S R,UTILITIES,7
ZEVAR S R,MATERIALS,7
ZEVAS KOROUHEV A,CONSUMER STAPLES,7
ZEVETA MACHINERY A,INDUSTRIALS,7
ZEVUN S R,CONSUMER STAPLES,7
ZEZULKA,NOT RELEVANT,7
ZFP,FINANCIALS,7
ZFP AKADEMIE A,FINANCIALS,7
ZH HOLDING S R,INDUSTRIALS,7
ZICHA,NOT RELEVANT,7
ZIKMUNDA,NOT RELEVANT,7
ZIKUDA VODOHOSPODARSKE STAVBY SPOL,INDUSTRIALS,7
ZIMA,NOT RELEVANT,7
ZITEK,NOT RELEVANT,7
ZITEK JINDRICH,CONSUMER DISCRETIONARY,7
ZIZKOVA INVEST,INDUSTRIALS,7
ZJP S R,INDUSTRIALS,7
ZK DESIGN,MATERIALS,7
ZKL,INDUSTRIALS,7
"ZKL,a.s.",INDUSTRIALS,7
ZL CORPORATION,INDUSTRIALS,7
ZLATEHO KAPRA A,REAL ESTATE,7
ZLATNICE 28,REAL ESTATE,7
ZLATY DOMOV,REAL ESTATE,7
ZLATY KLAS A,CONSUMER STAPLES,7
ZLATYCH NUZEK S R,REAL ESTATE,7
"ZLATÉ STOLETÍ SPOL. S R.O. ""V",NOT RELEVANT,7
ZLICIN S R,REAL ESTATE,7
ZLICINSKA NEMOVITOSTNI S R,REAL ESTATE,7
ZLIN A,INDUSTRIALS,7
ZLIN PRECISION S R,CONSUMER DISCRETIONARY,7
ZLIN S R,INDUSTRIALS,7
ZLINER ENERGY A,ENERGY,7
ZLINER S R,CONSUMER DISCRETIONARY,7
ZLINSKE STAVBY A,INDUSTRIALS,7
ZLINSTAV A,INDUSTRIALS,7
ZLT A,NOT RELEVANT,7
"ZNOJEMCAN,",REAL ESTATE,7
ZNZ ELECTRONICS S R,CONSUMER DISCRETIONARY,7
ZOD BRNISTE,CONSUMER STAPLES,7
ZOD BRNISTE A,CONSUMER STAPLES,7
ZOD HANA DRUZSTVO SE SIDLEM VE SVAB,NOT RELEVANT,7
ZODIAC COMPOSITE MONUMENTS TUNISIA,INDUSTRIALS,7
ZOELLER SYSTEMS S R,INDUSTRIALS,7
ZOOT A,CONSUMER DISCRETIONARY,7
ZOS PETIHOSTY SPOL. S,NOT RELEVANT,7
ZOUHAR,NOT RELEVANT,7
ZP TRADE BOHEMIA A,INDUSTRIALS,7
"ZP ZEMAN TRANSPORT Group Brno,",NOT RELEVANT,7
ZPA PECKY,INDUSTRIALS,7
ZPA PECKY A,INDUSTRIALS,7
ZPS SLEVARNA A,MATERIALS,7
ZPSV S R,INDUSTRIALS,7
ZRZAVY,NOT RELEVANT,7
ZS REAL A,CONSUMER DISCRETIONARY,7
ZUCHOWSKI STANISLAV,CONSUMER DISCRETIONARY,7
ZVU STROJIRNY A,INDUSTRIALS,7
ZVVZ,INDUSTRIALS,7
ZYCHACEK-AUTODOPRAVA,NOT RELEVANT,7
"Za Chlumem 730,",REAL ESTATE,7
"Za Chlumem 732,",REAL ESTATE,7
"Za Humny 362-363,Luzec",REAL ESTATE,7
Za Lidkou Kutna Hora,REAL ESTATE,7
Za Obchody 844-5,REAL ESTATE,7
Za Parkem 1100,REAL ESTATE,7
Za cernym mostem 1526,REAL ESTATE,7
"Za humny 360-361,Luzec",REAL ESTATE,7
"Za pohorelcem 11,Praha",REAL ESTATE,7
Za stadionem 2339-2346,REAL ESTATE,7
ZaRUBA M & K,INDUSTRIALS,7
Zabransky Zabranska,MATERIALS,7
Zabreh,REAL ESTATE,7
"Zabrezska 250,Hanusovice",REAL ESTATE,7
Zahorskeho,REAL ESTATE,7
"Zahradkach,",REAL ESTATE,7
Zahradni 442 a 443,REAL ESTATE,7
"Zahradni 467,",REAL ESTATE,7
"Zahradni 50,52",REAL ESTATE,7
Zahradni 5179-5180,REAL ESTATE,7
Zahradni 639/11,REAL ESTATE,7
"Zahradni 866,",REAL ESTATE,7
"Zahradni 888, Horni",REAL ESTATE,7
Zahradnicka,REAL ESTATE,7
"Zahumenice 27,",REAL ESTATE,7
Zamecky Vrch 1400,REAL ESTATE,7
"Zamosti 88,",REAL ESTATE,7
"Zamykalova 20,22,24,Olomouc",REAL ESTATE,7
"Zapadni 2734-2738,Varnsdorf",REAL ESTATE,7
Zaruba Josef,INDUSTRIALS,7
Zarubova 506,REAL ESTATE,7
Zavodu miru 246,REAL ESTATE,7
"Zavodu miru 93/109,",REAL ESTATE,7
Zavodu miru cp. 1861-1862,REAL ESTATE,7
Zayml truck leasing,INDUSTRIALS,7
Zazvorkova 2000 - 2001,REAL ESTATE,7
Zazvorkova 2004-2006,REAL ESTATE,7
"Zazvorkova 2007,2008,2009",REAL ESTATE,7
Zazvorkova 2007-2009,REAL ESTATE,7
"Zborovska 19/814, Praha",REAL ESTATE,7
Zborovska 4161-4163,REAL ESTATE,7
Zborovska 4501,REAL ESTATE,7
"Zbudovska 763-764, Praha",REAL ESTATE,7
Zbuzkova,REAL ESTATE,7
Zd. Stepanka,REAL ESTATE,7
Zd. Stepanka 1732 -,REAL ESTATE,7
Zdenka Fibicha 2578-2580,REAL ESTATE,7
Zdice 763 a 783,REAL ESTATE,7
Zdravotnicka zachranna sluzba Stred,HEALTH CARE,7
"Zdravotní ústav Most k domovu, z.ú.",HEALTH CARE,7
"Zefyros Property,",REAL ESTATE,7
"Zelatovska 2771/29,",REAL ESTATE,7
Zelena 26-32/3062,REAL ESTATE,7
"Zelenecska 103-105, Praha",REAL ESTATE,7
Zelenka Petr,MATERIALS,7
Zelenohorska 475-479,REAL ESTATE,7
Zelezárny Velky Senov,MATERIALS,7
Zemedelska akciova spolecnost,CONSUMER STAPLES,7
Zeniskova 2121-2122,REAL ESTATE,7
Zeniskova 2123-2125,REAL ESTATE,7
"Zeniskova 2483/10,",REAL ESTATE,7
Zenklova,REAL ESTATE,14
Zenklova 110,REAL ESTATE,7
Zentiva,HEALTH CARE,7
Zentiva GTCR,HEALTH CARE,7
"Zentiva,",HEALTH CARE,7
Zermanice,REAL ESTATE,7
"Zeyerova 1388/18,",REAL ESTATE,7
Ziehl - Abegg,INDUSTRIALS,7
"Zikova 13,",REAL ESTATE,7
"Zikova 15,17,",REAL ESTATE,7
"Zikova 9,11,",REAL ESTATE,7
Zilinska 1307,REAL ESTATE,7
"Zilinska 1361,",REAL ESTATE,7
Zitko Vojtech,INDUSTRIALS,7
"Zitna 655,K. nad Ohri",REAL ESTATE,7
"Zizkova 1295/13,",REAL ESTATE,7
Zizkova 18,REAL ESTATE,7
Zizkova 456,REAL ESTATE,7
"Zizkova 516/246, Trmice",REAL ESTATE,7
Zizkova 520,REAL ESTATE,7
"Zizkova 81,",REAL ESTATE,7
Zlata Hora 1363-1365,REAL ESTATE,7
"Zluticka 1621-1622,Plzen",REAL ESTATE,7
"Znacky Morava,",INDUSTRIALS,7
Znouzecnost,REAL ESTATE,7
Zrucska servisni,REAL ESTATE,7
"Ztracena 74,",REAL ESTATE,7
"Zuran,",REAL ESTATE,7
"Zvonarova 959,",REAL ESTATE,7
ZÁMECKÁ SOKOLOV,REAL ESTATE,7
ZÁSOBOVÁNÍ TEPLEM VSETÍN,UTILITIES,7
a.s.,INDUSTRIALS,7
a.s.,MATERIALS,7
aerospace Czech Republic spo,INDUSTRIALS,7
agriKomp Bohemia,ENERGY,7
alej Svobody,REAL ESTATE,7
arealy mesta Kladna,NOT RELEVANT,7
autobusy Plzen,NOT RELEVANT,7
"bl. 701,",REAL ESTATE,7
budovy Zarubova 514/1,REAL ESTATE,7
bwi czech republic,CONSUMER DISCRETIONARY,7
"bydlim Jih,",REAL ESTATE,7
"bydlim Sever,",REAL ESTATE,7
"bydlim,",REAL ESTATE,7
"bytu Spackova 10,12,Brno",REAL ESTATE,7
"bytu domu 725-727,Chrudim",REAL ESTATE,7
"bytu domu 728-729,Chrudim",REAL ESTATE,7
c. p. 418 Hazlov,REAL ESTATE,7
"c.p. 101, Bukovice",REAL ESTATE,7
"c.p. 1051, Detmarovice",REAL ESTATE,7
"c.p. 109-110,",REAL ESTATE,7
"c.p. 1265-1267, Chocen",REAL ESTATE,7
c.p. 1309 a 1310 v Jirkove,REAL ESTATE,7
"c.p. 1340,",REAL ESTATE,7
c.p. 1391,REAL ESTATE,7
"c.p. 143, Ticha",REAL ESTATE,7
"c.p. 1499,",REAL ESTATE,7
"c.p. 1505, Hromuvka",REAL ESTATE,7
"c.p. 1579, Praha 4-Chodov",REAL ESTATE,7
"c.p. 174-175, Studanka",REAL ESTATE,7
c.p. 1746-1747,REAL ESTATE,7
c.p. 1760-1761,REAL ESTATE,7
"c.p. 1883 Stepanska,Vsetin",REAL ESTATE,7
c.p. 2283,REAL ESTATE,7
c.p. 2326 - 2329 Lexova,REAL ESTATE,7
c.p. 339 Lazne,REAL ESTATE,7
c.p. 347-349,REAL ESTATE,7
"c.p. 365-366, Castolovice",REAL ESTATE,7
"c.p. 518,",REAL ESTATE,7
"c.p. 547-549, Tepla",REAL ESTATE,7
"c.p. 61, Bujanov",REAL ESTATE,7
c.p. 65-66,REAL ESTATE,7
"c.p. 674, Karvina - Raj",REAL ESTATE,7
"c.p. 82, Cepi",REAL ESTATE,7
"c.p. 87, Horice na Sumave",REAL ESTATE,7
c.p.377 Lichnov u Bruntalu,REAL ESTATE,7
c.p.989-990 Praha,REAL ESTATE,7
capital advisors s.r.,INDUSTRIALS,7
"cp. 13, 14,",REAL ESTATE,7
cp. 138 Mecholupy,REAL ESTATE,7
"cp. 16,17,18",REAL ESTATE,7
cp. 1697 Roznov,REAL ESTATE,7
cp. 47/II v Podebradech,REAL ESTATE,7
"cp. 85-87, Bukovany",REAL ESTATE,7
"cp. 897, 898,",REAL ESTATE,7
craftsys,INFORMATION TECHNOLOGY,7
deem log,CONSUMER STAPLES,7
"dm drogerie markt,",CONSUMER STAPLES,7
domu,REAL ESTATE,7
"domu 1001-1002, Vrchlabi",REAL ESTATE,7
"domu 1024, Vratimov",REAL ESTATE,7
domu 1026 v,REAL ESTATE,7
"domu 1076 a 1077, Dubnany",REAL ESTATE,7
domu 1336 v,REAL ESTATE,7
domu 1673,REAL ESTATE,7
domu 1801-1802,REAL ESTATE,7
domu 2137-2139,REAL ESTATE,7
domu 2265 v Lounech,REAL ESTATE,7
"domu 235,",REAL ESTATE,7
"domu 2774-2776,",REAL ESTATE,7
"domu 2828-2829,",REAL ESTATE,7
"domu 3045-3046,",REAL ESTATE,7
"domu 311,Vestec u",REAL ESTATE,7
"domu 332,333",REAL ESTATE,7
"domu 334-335,",REAL ESTATE,7
domu 377 v Novych Hradech,REAL ESTATE,7
domu 392 - Kosire,REAL ESTATE,7
"domu 40-41,",REAL ESTATE,7
domu 425-429 Novy Knin,REAL ESTATE,7
"domu 435-437, Rudnik",REAL ESTATE,7
"domu 473-474,",REAL ESTATE,7
"domu 486-489, Strakonice",REAL ESTATE,7
"domu 492-493, Resovska",REAL ESTATE,7
"domu 505, Velke Opatovice",REAL ESTATE,7
"domu 51, Slustice",REAL ESTATE,7
"domu 57-59,",REAL ESTATE,7
"domu 6, Vseruby",REAL ESTATE,7
domu 601-602,REAL ESTATE,7
"domu 660, Valasska Bystrice",REAL ESTATE,7
domu 668 v Karvine,REAL ESTATE,7
"domu 671-672,",REAL ESTATE,7
domu 701,REAL ESTATE,7
"domu 836,",REAL ESTATE,7
"domu Alesova 1521,",REAL ESTATE,7
domu Armenska 1359,REAL ESTATE,7
"domu Benatky 1168,",REAL ESTATE,7
"domu Bezrucova 710,Letovice",REAL ESTATE,7
domu Bozkovska 51 v,REAL ESTATE,7
domu Bruzovska,REAL ESTATE,7
domu Budovatelu 1770/1,REAL ESTATE,7
domu CSA 2363-2365,REAL ESTATE,7
"domu Cornovova 47,",REAL ESTATE,7
domu Dr. Trippe 1050,REAL ESTATE,7
"domu Drobneho 1837/7,",REAL ESTATE,7
domu Dukelska 2507-2508,REAL ESTATE,7
domu Dukelska 3 v Hlucine,REAL ESTATE,7
domu Energetiku 306-308,REAL ESTATE,7
domu Energetiku 332-334,REAL ESTATE,7
domu Hajek c.p.,REAL ESTATE,7
domu Hurka 1057,REAL ESTATE,7
"domu Jakuba Obrovskeho 1,3",REAL ESTATE,7
"domu Jakubska 3/676,",REAL ESTATE,7
domu Janskeho 2248,REAL ESTATE,7
domu Klisska 723/72,REAL ESTATE,7
"domu Kollarova 1601,Hranice",REAL ESTATE,7
domu Krakovska 1352/20,REAL ESTATE,7
domu Kralovicka 27-33 v,REAL ESTATE,7
domu Lechowiczova 2826/13,REAL ESTATE,7
domu Lucni,REAL ESTATE,7
"domu Luhov 37,",REAL ESTATE,7
domu Melnik 2665,REAL ESTATE,7
domu Mrazovka 1172,REAL ESTATE,7
domu Muglinovska,REAL ESTATE,7
domu Na Dolinach,REAL ESTATE,7
domu Na Honech III 4930,REAL ESTATE,7
domu Na Micankach,REAL ESTATE,7
domu Osmek 368/49,REAL ESTATE,7
domu PET,REAL ESTATE,7
domu Palackeho 34 v,REAL ESTATE,7
"domu Plzenska 184,Beroun",REAL ESTATE,7
"domu Polska 2555,Kladno",REAL ESTATE,7
domu Provaznicka 743/84,REAL ESTATE,7
domu Sidliste c.p.,REAL ESTATE,7
domu Stara,REAL ESTATE,7
"domu Stojanova 136/9,",REAL ESTATE,7
domu Straznicka 9 a,REAL ESTATE,7
"domu Svedska 666/31,Ostrava",REAL ESTATE,7
domu Tyrsova 1775/28,REAL ESTATE,7
domu UHRINEVES c.p. 891/892,REAL ESTATE,7
"domu Umelecka 310, Praha",REAL ESTATE,7
"domu Vdovska 685/26,Ostrava",REAL ESTATE,7
domu Vokrojova 3375-3379,REAL ESTATE,7
domu Vratislavova cp.17/38,REAL ESTATE,7
domu Za Nadrazim 216-219,REAL ESTATE,7
domu Zalkovice 115,REAL ESTATE,7
domu Zapy,REAL ESTATE,7
domu Zdice 756,REAL ESTATE,7
domu Zdice c. 764,REAL ESTATE,7
"domu Zluticka 32,34 v",REAL ESTATE,7
domu c.p.,REAL ESTATE,7
"domu c.p. 1073,",REAL ESTATE,7
domu c.p. 109 v,REAL ESTATE,7
"domu c.p. 1092, Praha",REAL ESTATE,7
domu c.p. 110 v,REAL ESTATE,7
domu c.p. 1137-1138,REAL ESTATE,7
domu c.p. 1198,REAL ESTATE,7
domu c.p. 1600,REAL ESTATE,7
"domu c.p. 1643,",REAL ESTATE,7
domu c.p. 1791,REAL ESTATE,7
domu c.p. 184 v Zenklave,REAL ESTATE,7
"domu c.p. 2007-2008,",REAL ESTATE,7
"domu c.p. 33,38, Merklin",REAL ESTATE,7
domu c.p. 375 ve Zdounkach,REAL ESTATE,7
domu c.p. 432 Zlate,REAL ESTATE,7
"domu c.p. 460,",REAL ESTATE,7
domu c.p. 625-628,REAL ESTATE,7
"domu c.p. 669/1, Praha",REAL ESTATE,7
domu c.p. 7 Krchleby,REAL ESTATE,7
domu c.p. 75 Stara dobev,REAL ESTATE,7
"domu c.p.122,126 Hukovice",REAL ESTATE,7
domu c.p.133 Stare,REAL ESTATE,7
"domu c.p.504-505,Nove",REAL ESTATE,7
domu cp. 1674 v Litvinove,REAL ESTATE,7
domu cp. 1728-Smichov,REAL ESTATE,7
domu cp. 328,REAL ESTATE,7
domu cp. 331 Zelezna,REAL ESTATE,7
domu cp. 547 Radnice,REAL ESTATE,7
"domu cp. 606, Navsi",REAL ESTATE,7
domu cp. 622-624 Kolin,REAL ESTATE,7
domu cp. 728-730,REAL ESTATE,7
domu cp. 761-763,REAL ESTATE,7
domu cp.1050 v,REAL ESTATE,7
domu cp.258,REAL ESTATE,7
"domu cp.785-786,Horazdovice",REAL ESTATE,7
"domu cp.820,",REAL ESTATE,7
"domu namesti SNP 1113/4,5",REAL ESTATE,7
domu stara dobev c.p.,REAL ESTATE,7
druzstvo Drisy,CONSUMER STAPLES,7
druzstvo HB,CONSUMER STAPLES,7
druzstvo Krizikova,REAL ESTATE,7
druzstvo Srobarka,REAL ESTATE,7
dum 890 Dobiasova,REAL ESTATE,7
e - logistics,REAL ESTATE,7
eD system,INFORMATION TECHNOLOGY,7
eXpivoWar,CONSUMER DISCRETIONARY,7
elites MDS,CONSUMER DISCRETIONARY,7
engelmann czech,CONSUMER STAPLES,7
fischer VySkov spol. s,UTILITIES,7
forteq Czech,CONSUMER DISCRETIONARY,7
gran tormenta,CONSUMER STAPLES,7
grena,INDUSTRIALS,7
group,REAL ESTATE,7
gs plus,INDUSTRIALS,7
helicopter spol. s,INDUSTRIALS,7
"holding,",INDUSTRIALS,7
"hpi-cz,",MATERIALS,7
investicni fond,REAL ESTATE,7
"itelligence,",INFORMATION TECHNOLOGY,7
itself,COMMUNICATIONS,7
line Cargo,INDUSTRIALS,7
line Locomotive,INDUSTRIALS,7
logistics,INDUSTRIALS,7
lom destno,MATERIALS,7
"machinery,",INDUSTRIALS,7
majitelu bytu,REAL ESTATE,7
na Hlavni tride,REAL ESTATE,7
"na Vyslunni 19,21",REAL ESTATE,7
nam. 14 rijna 6-8,REAL ESTATE,7
nam. G. Piky 13-16,REAL ESTATE,7
nam. Kosmonautu,REAL ESTATE,7
"nam. Miru 2-4,",REAL ESTATE,7
"nam. SNP 425,429",REAL ESTATE,7
"nam. Svobody 114,",REAL ESTATE,7
"nam.T.G.M 737/27,Podebrady",REAL ESTATE,7
name,industry,6
novych domu 533,REAL ESTATE,7
obcanu,REAL ESTATE,7
papyrus BOHEMIA,CONSUMER DISCRETIONARY,7
peform Holding CEsko,INDUSTRIALS,7
plus CZ,INDUSTRIALS,7
pozemky spol.,CONSUMER STAPLES,7
prispevkova organizace,INDUSTRIALS,7
pro dum 106 a 107,REAL ESTATE,7
"pro dum 1199,",REAL ESTATE,7
"pro dum 1254, Dvur",REAL ESTATE,7
pro dum 127-132,REAL ESTATE,7
"pro dum 2792, Tabor",REAL ESTATE,7
pro dum 344 Kraluv Dvur,REAL ESTATE,7
pro dum 355 a 375,REAL ESTATE,7
"pro dum 373, Zelezna",REAL ESTATE,7
pro dum 387 v Holysove,REAL ESTATE,7
"pro dum 53,",REAL ESTATE,7
"pro dum 666,667,668",REAL ESTATE,7
pro dum 802 Praha,REAL ESTATE,7
"pro dum 841,",REAL ESTATE,7
"pro dum 909,910, Praha",REAL ESTATE,7
"pro dum 914,",REAL ESTATE,7
pro dum A.Hrdlicky 1637,REAL ESTATE,7
pro dum Babice,REAL ESTATE,7
pro dum Chalabalova 1601,REAL ESTATE,7
pro dum Dejvice 706,REAL ESTATE,7
pro dum Gen. Svob,REAL ESTATE,7
pro dum Horni,REAL ESTATE,7
"pro dum Hrncirska 886,",REAL ESTATE,7
pro dum Jilova,REAL ESTATE,7
pro dum Jiraskova,REAL ESTATE,7
pro dum KD 193,REAL ESTATE,7
"pro dum KUSEHO 549, 550",REAL ESTATE,7
pro dum Kozinova 279/5,REAL ESTATE,7
"pro dum Kubickova 7,",REAL ESTATE,7
pro dum Lazenska,REAL ESTATE,7
pro dum Libusina 327,REAL ESTATE,7
pro dum Machova,REAL ESTATE,7
pro dum Machova 1656-1658,REAL ESTATE,7
pro dum Masarykova 940/58,REAL ESTATE,7
pro dum Mladeznicka 877/4,REAL ESTATE,7
pro dum Na Sidlisti 714,REAL ESTATE,7
"pro dum Polska 140,",REAL ESTATE,7
"pro dum Sromova 643/42,Brno",REAL ESTATE,7
"pro dum U Fontany,",REAL ESTATE,7
pro dum Unicovska 2139/90,REAL ESTATE,7
pro dum V Cibulkach,REAL ESTATE,7
pro dum V. Vacka 6045/5,REAL ESTATE,7
pro dum Vytonska,REAL ESTATE,7
"pro dum c.p. 1179,",REAL ESTATE,7
pro dum c.p. 1508,REAL ESTATE,7
"pro dum c.p. 2148,Slezska",REAL ESTATE,7
pro dum c.p. 2379 v Pisku,REAL ESTATE,7
pro dum c.p. 272 Usov,REAL ESTATE,7
"pro dum c.p. 426, Praha",REAL ESTATE,7
"pro dum c.p. 539, Pisnice",REAL ESTATE,7
"pro dum c.p. 580,",REAL ESTATE,7
"pro dum c.p. 581,",REAL ESTATE,7
pro dum c.p. 585-587,REAL ESTATE,7
"pro dum c.p. 616,",REAL ESTATE,7
"pro dum c.p. 668,",REAL ESTATE,7
"pro dum c.p. 758,Studenka",REAL ESTATE,7
pro dum c.p.310 v Holysov,REAL ESTATE,7
pro dum c.p.557,REAL ESTATE,7
pro dum c.p.86 v Jablunkove,REAL ESTATE,7
"pro dum c.p.894, Praha",REAL ESTATE,7
pro dum cp.,REAL ESTATE,14
pro dum cp. 1109 v Blatne,REAL ESTATE,7
pro dum cp. 1182/13,REAL ESTATE,7
"pro dum cp. 1992,1993,Zabreh",REAL ESTATE,7
"pro dum cp. 41, 42 Vysocany",REAL ESTATE,7
"pro dum cp. 559,",REAL ESTATE,7
"pro dum cp. 673-676,Chrudim",REAL ESTATE,7
pro dum cp. 728 a 1014,REAL ESTATE,7
"pro dum cp.227-228,Vrchlabi",REAL ESTATE,7
pro dum cp.261 v,REAL ESTATE,7
pro dum cp.263 v,REAL ESTATE,7
pro dum v Ricanech cp.584,REAL ESTATE,7
pro dumc.p.,REAL ESTATE,7
proseat Mlada Boleslav,MATERIALS,7
s.r.o,CONSUMER STAPLES,7
s.r.o.,CONSUMER STAPLES,14
s.r.o.,HEALTH CARE,14
s.r.o.,INDUSTRIALS,7
s.r.o.,MATERIALS,7
security,INFORMATION TECHNOLOGY,7
servis,MATERIALS,7
servis ZABREH,INDUSTRIALS,7
servis plus,MATERIALS,7
sluzby mesta Mostu,INDUSTRIALS,7
"sluzby,",INDUSTRIALS,7
solutions,INFORMATION TECHNOLOGY,7
spedice spol. s,INDUSTRIALS,7
spol. s,CONSUMER STAPLES,7
spol. s,INDUSTRIALS,7
"sprava mesta loun, s",INDUSTRIALS,7
sprava mesta zatec,INDUSTRIALS,7
"stavby Klar,",NOT RELEVANT,7
"strojirna,",INDUSTRIALS,7
taimr,INDUSTRIALS,7
"talpa-rpf,",INDUSTRIALS,7
technicke sluzby zabreh,INDUSTRIALS,7
"tesinske jatky, s. r.",CONSUMER STAPLES,7
the italians wine food,CONSUMER STAPLES,7
tibiQ GO,CONSUMER DISCRETIONARY,7
tibiQ GO,FINANCIALS,7
"tr. 2.Kvetna 4391,",REAL ESTATE,7
tr. Obrancu miru 10,REAL ESTATE,7
tr. Osvobozeni 1741,REAL ESTATE,7
tr. Svobody 1033-1034,REAL ESTATE,7
"trida Kpt. Jarose 23,",REAL ESTATE,7
tripex travel,INDUSTRIALS,7
upline cz,INDUSTRIALS,7
v Celakovicich c.p.1584,REAL ESTATE,7
v c.p. 1584 v Asi,REAL ESTATE,7
v dome 1147/III,REAL ESTATE,7
v dome 1362-1364,REAL ESTATE,7
"v dome 2063-2064,",REAL ESTATE,7
"v dome 221,222, Prachovice",REAL ESTATE,7
v dome 548-551,REAL ESTATE,7
v dome UJEZD,REAL ESTATE,7
"v dome c.p. 189, Polepy",REAL ESTATE,7
v dome c.p. 558-560,REAL ESTATE,7
v dome c.p. 599-600,REAL ESTATE,7
"v dome c.p. 97, Zichlice",REAL ESTATE,7
"v dome c.p.1080, Liben",REAL ESTATE,7
v dome c.p.1255 v,REAL ESTATE,7
v dome cp 1256 v,REAL ESTATE,7
v dome cp. 1516 a 1517,REAL ESTATE,7
v dome cp.203 ve Ckyni,REAL ESTATE,7
ve Frenstate p/R.,REAL ESTATE,7
ve Frydku - Mistku,REAL ESTATE,7
vinarské potreby,CONSUMER STAPLES,7
vision,INFORMATION TECHNOLOGY,7
vlastniku 93 c.p.,REAL ESTATE,7
vlastniku domu,REAL ESTATE,7
vlastniku jednote,REAL ESTATE,7
zasobovani a vykup Prach,CONSUMER STAPLES,7
ÖRDICZECH,CONSUMER DISCRETIONARY,7
ÚSTÍ DEVELOPMENT,NOT RELEVANT,7
Ústí nad Labem,INDUSTRIALS,7
