name,industry
PUTEVI AD UZICE,INDUSTRIALS
PILOT TOY DOO BEOGRAD - U STECAJU,CONSUMER DISCRETIONARY
SINTRONIC - U PRINUDNOJ LIKVIDACIJ,CONSUMER DISCRETIONARY
DOO TEHNOGRAD SISTEM KRALJEVO,MATERIALS
COLL-PLUS NEKRETNINE DOO BEOGRAD -,FINANCIALS
TTTECH AUTO DOO,INDUSTRIALS
FAKULTET ZA USLUZNI BIZNIS SREMSKA,CONSUMER DISCRETIONARY
TEKNOXGROUP SRBIJA DOO BEOGRAD,INDUSTRIALS
SUBGROUP IM MATIJEVIC,CONSUMER STAPLES
AGROFINA SISTEM DOO CACAK,CONSUMER STAPLES
BEOGUMA DOO BEOGRAD,CONSUMER DISCRETIONARY
GD TAMNAVA TRANS DOO BEOGRAD,INDUSTRIALS
SMART BUSINESS TECHNOLOGIES,INFORMATION TECHNOLOGY
K WAY BEAUTY,CONSUMER DISCRETIONARY
DZERVIN,CONSUMER STAPLES
SUBGROUP STAR IMPORT,CONSUMER DISCRETIONARY
PROTEM PROJEKT D.O.O.,INDUSTRIALS
CASA DI MODA STKR JAGODINA,CONSUMER STAPLES
DOO MILENIJUM ZAJECAR,CONSUMER DISCRETIONARY
SPIN COMPANY DOO KRAGUJEVAC,INDUSTRIALS
CORTEVA AGRISCIENCE SRB D.O.O.,CONSUMER STAPLES
ENGY SOLUTIONS DOO,COMMUNICATIONS
HALDER D.O.O.,INDUSTRIALS
PAKOM INTERNET DOO NIS,NOT RELEVANT
EURO GARNI HOTEL,REAL ESTATE
SEMENARNACOOP DOO PETROVARADIN,CONSUMER STAPLES
PELETI DOO KUPINOVO,CONSUMER STAPLES
GRUPA UNIVEREXPORT BACKA AD BACKA,CONSUMER STAPLES
UNIVERZUM EXPORT IMPORT DOO ARANDJE,CONSUMER DISCRETIONARY
UNIPLAST SERBIA DOO,INDUSTRIALS
EKO FACILITIES D.O.O. BEOGRAD - U,INDUSTRIALS
DOO HERC- MS BUDISAVA,CONSUMER STAPLES
"DOO ZA PROIZVODNJU, TRGOVINU I USL",HEALTH CARE
GROUP EGZAKTA,INDUSTRIALS
GREEN CONSTRUCTION DOO,REAL ESTATE
MENSHEN,MATERIALS
RADKA DOO BEOGRAD,MATERIALS
PUBLIK DOO VALJEVO,CONSUMER DISCRETIONARY
DUFRY,CONSUMER DISCRETIONARY
CIG D.O.O.,CONSUMER DISCRETIONARY
PACOM DOO CACAK,MATERIALS
PREDUZECE DIVI DOO,MATERIALS
LARIX DOO,MATERIALS
SAFIC-ALCAN ADRIATIC D.O.O.,MATERIALS
TOPOLA D.O.O.,CONSUMER STAPLES
KIOSK GRUPA DOO,CONSUMER STAPLES
GROUP PRO GALVANO MIKROMETAL,NOT RELEVANT
KICA SAM. TRG. A. RAD. SIMIC DARKO,CONSUMER STAPLES
LINDAB D.O.O. BEOGRAD,INDUSTRIALS
MAGICA DOO BEOGRAD,CONSUMER STAPLES
GLOBEX GROUP - U PRINUDNOJ LIKVIDA,INDUSTRIALS
HDS RETAIL GP DOO,CONSUMER DISCRETIONARY
PRINT & LOGISTIC DOO,NOT RELEVANT
VITANA DOO KURSUMLIJA,CONSUMER STAPLES
TDV FLEET D.O.O.,FINANCIALS
DANUBIUS D.O.O. NOVI SAD,CONSUMER STAPLES
PIC CO,CONSUMER STAPLES
KROKODIL & COMPANY DOO SIMANOVCI,CONSUMER DISCRETIONARY
SNJEZANA PNJ,CONSUMER STAPLES
MEDINO DOO KRNJEVO,CONSUMER STAPLES
CG FOODS EUROPE,CONSUMER STAPLES
BANBUS DOO,INDUSTRIALS
LUKOWA DOO - U STECAJU,CONSUMER STAPLES
"RESOR DOO GADZIN HAN,",CONSUMER DISCRETIONARY
LETINA DOO  NOVI BECEJ,CONSUMER STAPLES
LUKOWA FOOD DOO,CONSUMER STAPLES
TRACE PZP NIS AD NIS,INDUSTRIALS
DOT SMART SOLUTIONS DOO BEOGRAD,INDUSTRIALS
GROUP LETAC,INDUSTRIALS
TRIVAX VV DOO BEOGRAD,HEALTH CARE
ADIMES DOO BEOGRAD (ZVEZDARA) - U,CONSUMER STAPLES
INTERLEMIND AD LESKOVAC,MATERIALS
KATAGO CONSTRUCTION DOO VOGANJ,INDUSTRIALS
ISHRANA DOO CACAK,CONSUMER STAPLES
SIROVINABANAT DOO ZRENJANIN,INDUSTRIALS
"MEDIA POOL DOO, BEOGRAD",CONSUMER DISCRETIONARY
"DIM-TRADE DOO, BEOGRAD",INDUSTRIALS
GOLD DISTRIBUTION DOO,CONSUMER STAPLES
RAD GM DOO KRUSEVAC  - U STECAJU,INDUSTRIALS
GROUP Browel,INDUSTRIALS
ROMA COMPANY DOO BEOGRAD (NOVI BEO,INDUSTRIALS
HERCEGOVINA AD RAVNI TOPOLOVAC,CONSUMER STAPLES
A P SIDRO DOO NOVI BEOGRAD,INDUSTRIALS
OBNOVA DOO,CONSUMER DISCRETIONARY
GROUP NS UNION NOVI SAD,INDUSTRIALS
"DRUSTVO ZA PROIZVODNJU,PROMET",CONSUMER DISCRETIONARY
GENERAL PUBLIC TENDERS GPT DOO,UTILITIES
POLYDOR,CONSUMER DISCRETIONARY
"DOM ZDRAVLJA ""MEDIGROUP DR RISTIC""",HEALTH CARE
SMART BIOSERVICES GMBH - OGRANAK B,INDUSTRIALS
VODOVOD I KANALIZACIJA JKP SUBOTICA,UTILITIES
AEVUM PET CARE DOO BEOGRAD-NOVI BE,CONSUMER STAPLES
BEOGAS DOO BEOGRAD,NOT RELEVANT
ELOPAK DOO,INDUSTRIALS
MATIS-STIL TRADE DOO,NOT RELEVANT
PLANETA GASTRO DOO NOVI SAD,CONSUMER DISCRETIONARY
PREDSTAVNISTVO VIRO,CONSUMER STAPLES
METALAC-METALURGIJA AD,NOT RELEVANT
PREDUZECE SINTEH DOO BEOGRAD,INFORMATION TECHNOLOGY
WEST TRUCK DOO BEOGRAD,NOT RELEVANT
AQUA CASA DOO,CONSUMER DISCRETIONARY
VML ENERGY,ENERGY
CORNER SHOP DOO BEOGRAD,CONSUMER STAPLES
AVRIDE,INDUSTRIALS
AKSA D.O.O. BEOGRAD,CONSUMER DISCRETIONARY
GALEB ELECTRONICS DOO SABAC,INDUSTRIALS
GRAND METALS DOO,INDUSTRIALS
DURDEVIC ENERGO 2016 DOO SUBOTISTE,CONSUMER STAPLES
EXTRA AGRAR DOO VRBAS,CONSUMER STAPLES
PREDRAG (VELEMIR) VESKOV,CONSUMER STAPLES
INDUSTRIJA MESA NEDELJKOVIC,CONSUMER STAPLES
LDS DOO POZAREVAC,INDUSTRIALS
SILLA - ING D.O.O.,NOT RELEVANT
FAMILIJA MARKET DOO BEOGRAD,NOT RELEVANT
AGROEXPORT AD BEOGRAD,CONSUMER DISCRETIONARY
ENERGIJA TEHNIKA TEHNOLOGIJA DOO,INDUSTRIALS
NACIONALNA DISTRIBUCIJA D.O.O.,CONSUMER STAPLES
BIG-BULL KOMPANIJA DOO BACINCI - U,CONSUMER STAPLES
GRAFO NIN TRADE DOO,NOT RELEVANT
MD 02 DOO BEOGRAD,CONSUMER STAPLES
EUROAUTO DOO BEOGRAD - U PRINUDNOJ,CONSUMER DISCRETIONARY
METER & CONTROL DOO BEOGRAD,INFORMATION TECHNOLOGY
PROMIST DOO VETERNIK,MATERIALS
ASEE SOLUTIONS D.O.O. BEOGRAD,INFORMATION TECHNOLOGY
EKO FUTURA DOO,INDUSTRIALS
VZK DOO BEOGRAD,CONSUMER STAPLES
VILA LIBRI DOO,COMMUNICATIONS
MONBAT PLC DOO INDIJA,INDUSTRIALS
K-HOTELS DOO BEOGRAD,CONSUMER DISCRETIONARY
7.JULI TRGOVINA DOO VRANJE,CONSUMER STAPLES
POTISJE-BECEJ DOO BECEJ,INDUSTRIALS
JUROSEVIC MD DOO VRBAS,INDUSTRIALS
SRNA DOO,CONSUMER DISCRETIONARY
EC HARRIS D.O.O.,NOT RELEVANT
ST KOMERC PRINT,CONSUMER STAPLES
BAZIS RENT DOO BEOGRAD,NOT RELEVANT
MLINTEST - U STECAJU,NOT RELEVANT
AROMA AD,CONSUMER DISCRETIONARY
BSP DOO FEKETIC,CONSUMER STAPLES
SUBGROUP BENU,CONSUMER STAPLES
DOO DELTA KLADOVO - U STECAJU,ENERGY
TUV RHEINLAND INTERCERT DOO,INDUSTRIALS
ANGROPROMET DOO KIKINDA,CONSUMER STAPLES
ANDJELKOVIC AL I PVC DOO BEOGRAD-V,INDUSTRIALS
DORMAKABA DOO BEOGRAD,CONSUMER DISCRETIONARY
BEOHEMIJA-INHEM DOO,CONSUMER STAPLES
SLAVISA MITIC PR RADNJA ZA PREVOZ I,CONSUMER STAPLES
GROUP COMEL,INDUSTRIALS
STEFANOVIC AUTO DOO MLADENOVAC,CONSUMER DISCRETIONARY
BRAINZ DOO BEOGRAD,COMMUNICATIONS
SAN MARCO,CONSUMER STAPLES
FORTUNA MARKET DOO ARANDELOVAC,CONSUMER STAPLES
S RAIL DOO,INDUSTRIALS
KOMUNALAC U RUMI JP RUMA,INDUSTRIALS
HCP DOO BEOGRAD,INDUSTRIALS
PREDSTAVNISTVO TIM ZIP BEOGRAD,INDUSTRIALS
AZOHEM DOO SUBOTICA,MATERIALS
ADECCO HUMAN RESOURCES DOO BEOGRAD,NOT RELEVANT
KOMNENOVIC DOO BEOGRAD,CONSUMER DISCRETIONARY
ENERGOINVEST-INTERENERGO DOO,INDUSTRIALS
GENERALI TRANSPORT COMPANY DOO U S,INDUSTRIALS
INFIX 2024 DOO BEOGRAD ,CONSUMER DISCRETIONARY
VULOVIC TRANSPORT  DOO,INDUSTRIALS
"Elgas energy trading, LTD",ENERGY
BALKAN CAR SALES D.O.O.,CONSUMER DISCRETIONARY
PETKUS ENGINEERING DOO,INDUSTRIALS
SELECT COMPANY DOO SMEDEREVO,CONSUMER STAPLES
ARTINVEST DOO STARA PAZOVA,CONSUMER DISCRETIONARY
BEIERSDORF D.O.O.,CONSUMER STAPLES
AUTO FLEET MANAGEMENT DOO,INDUSTRIALS
SPECIJALNA BOLNICA ZA BOLESTI ZAVI,HEALTH CARE
GROUP SPAIZ,CONSUMER STAPLES
EPIROC SRBIJA A.D.,INDUSTRIALS
GREEN TECHNOLOGY FIRST DOO,UTILITIES
TEHNIX BEO DOO BEOGRAD,INDUSTRIALS
E.S.-KOMERC DOO PRIJEPOLJE,CONSUMER STAPLES
LOKOMOTIVA DOO BEOGRAD,INDUSTRIALS
METALAC INKO,INDUSTRIALS
EJOT TEHNIKA SPAJANJA DOO BEOGRAD,INDUSTRIALS
SIKA SRBIJA DOO,MATERIALS
TD SYNNEX D.O.O. BEOGRAD,INFORMATION TECHNOLOGY
AGROMEHANIKA AC DOO NOVI SAD,INDUSTRIALS
O&M INZENJERING GROUP DOO,INDUSTRIALS
MERCATUS DOO BEOGRAD,MATERIALS
JEZERO DOO TTUP ZUNJE KNIC KRAGUJEV,CONSUMER STAPLES
CHINA ENERGY ENGINEERING GROUP TIA,INDUSTRIALS
ALFA PROMET AD ODZACI,NOT RELEVANT
VITEZ&KOM DOO VRANJE,CONSUMER DISCRETIONARY
D.V.G. COMPANY DOO SUBOTICA,CONSUMER STAPLES
FRUVITA DOO BEOGRAD,CONSUMER STAPLES
M I P DOO KRALJEVO,CONSUMER STAPLES
ENTECO DOO UZICE,INDUSTRIALS
KOMPRESOR DORCOL DOO BEOGRAD,CONSUMER DISCRETIONARY
VOSSLOH-SCHWABE SERBIA D.O.O.,CONSUMER DISCRETIONARY
DELTA EPC DOO,INDUSTRIALS
TRGOPROMET NEKRETNINE DOO SUBOTICA,CONSUMER STAPLES
NOVELIC D.O.O.,INFORMATION TECHNOLOGY
DIGITAL FIRST DOO,INDUSTRIALS
RISMEN DOO,CONSUMER STAPLES
mtt infiz doo beograd,INDUSTRIALS
ONDREJ (ONDREJ) HEDJI,CONSUMER STAPLES
KTP JUP DOO,NOT RELEVANT
SZP ZAVARIVAC AD VRANJE - U STECAJ,INDUSTRIALS
GRADITELJ D.O.O. NOVI SAD,INDUSTRIALS
ELTRAS IN DOO BEOGRAD - U PRINUDNO,INDUSTRIALS
JEFIMIJA M DOO RASKA,INDUSTRIALS
KONTAKTOR DOO BEOGRAD,REAL ESTATE
OBALA TRADE DOO BEOGRAD,CONSUMER STAPLES
MILORD DOO NOVI PAZAR,INDUSTRIALS
LABUDOVIC NS DOO NOVI SAD,CONSUMER STAPLES
GROUP AGROMARKET KG,MATERIALS
DELTA TERM DOO BEOGRAD,INDUSTRIALS
BDS PROPERTIES DOO,REAL ESTATE
ELEKTROVAT DOO BEOGRAD,INDUSTRIALS
GOOD MOOD DOO BEOGRAD,CONSUMER DISCRETIONARY
ELEKTROMONTAZA D.O.O. KRALJEVO,INDUSTRIALS
INSAJDER PRODUKCIJA DOO,COMMUNICATIONS
SRBIJAPUT AD BEOGRAD,INDUSTRIALS
AD PODUNAVLJE BACKA PALANKA,CONSUMER STAPLES
PTM DOO SABAC,HEALTH CARE
RAKIC-LTD DOO RADINAC SMEDEREVO,CONSUMER STAPLES
"METLAKOMERC DOO VINARCE, LESKOVAC",CONSUMER STAPLES
YOUGOV CP D.O.O.,CONSUMER DISCRETIONARY
ZZ ZADRUGAR BAC,CONSUMER STAPLES
ZZ TABANOVIC LOZNICA,NOT RELEVANT
SIRMIUM STEEL D.O.O. SR.MITROVICA,MATERIALS
PREDSTAVNISTVO CARL ZEISS,HEALTH CARE
EUROFIBER,CONSUMER DISCRETIONARY
BREZA DOO PARACIN,INDUSTRIALS
NETIKS DOO BEOGRAD,INFORMATION TECHNOLOGY
MODITAL TRADE DOO,NOT RELEVANT
JKP MEDIANA NIS,INDUSTRIALS
GROUP NEVENACOLOR,NOT RELEVANT
ABC FOOD A.D.,CONSUMER STAPLES
BB MEAT DOO BACINCI,CONSUMER STAPLES
STEEL-IMPEX DOO SREMSKA KAMENICA,MATERIALS
SMARTPHONE CONCEPT DOO BEOGRAD,CONSUMER DISCRETIONARY
"PREDUZECE ZA TRGOVINU, TRANSPORT I",INDUSTRIALS
D COMPANY DOO BABUSNICA,INDUSTRIALS
DRAGIS-PHARM DOO BEOGRAD,HEALTH CARE
DVADESETPRVI MAJ AUTO KUCA D.O.O.,REAL ESTATE
VORWERK AUTOTEC SERBIA D.O.O.,CONSUMER DISCRETIONARY
OFFICE RENTALS DOO,REAL ESTATE
ABC MAZIVA DOO,MATERIALS
SVETOZAR (NEDELJKO) VESKOV,CONSUMER STAPLES
HOLCIM SRBIJA DOO,MATERIALS
TARKETT DOO BACKA PALANKA,INDUSTRIALS
JKP DIREKCIJA ZA JAVNI PREVOZ GRAD,INDUSTRIALS
STANKOM AD - U STECAJU,CONSUMER DISCRETIONARY
PHARMACIA ZAD DOO U STECAJU,HEALTH CARE
VEROPOULOS,CONSUMER STAPLES
SERBIA CABLE COMMERCE,INDUSTRIALS
REAL ESTATE RENT 2 DOO,REAL ESTATE
MAGNA PHARMACIA D.O.O.,HEALTH CARE
SUBGROUP AUTORITAS,CONSUMER STAPLES
SRBIJAAUTOPUT DOO BEOGRAD,INDUSTRIALS
TIS-MITROVIC DOO ZAJECAR,CONSUMER STAPLES
IKEA SRBIJA,CONSUMER DISCRETIONARY
"SANI OPTIK D.O.O., BEOGRAD",CONSUMER DISCRETIONARY
TELEKOMUNIKACIJA DOO,INDUSTRIALS
BEOECOTEL,INFORMATION TECHNOLOGY
ZVONKO MILOSAVLJEVIC PR FILI ZM,CONSUMER STAPLES
RABALUX DOO,NOT RELEVANT
VISNJICA DOO,CONSUMER DISCRETIONARY
PANONGRAD DOO,INDUSTRIALS
GROUP METAL-HEMICO,CONSUMER STAPLES
NESTLE ADRIATIC S DOO BEOGRAD-SURC,CONSUMER STAPLES
STEMAR SPED D.O.O.,INDUSTRIALS
GLETER-MAX DOO BEOGRAD - U PRINUDN,NOT RELEVANT
RISTIC DOO IVANJICA,CONSUMER DISCRETIONARY
KUHNE + NAGEL DOO,INDUSTRIALS
POSLOVNO UDRUZENJE DAVAOCA LIZINGA,INDUSTRIALS
VENAC AD PECINCI,REAL ESTATE
CARGO-PARTNER DOO BEOGRAD,INDUSTRIALS
EUROPAPRESS DOO BEOGRAD - U STECAJ,NOT RELEVANT
BUDUCNOST DOO VALJEVO,INDUSTRIALS
DOKA SERB DOO SIMANOVCI,INDUSTRIALS
WEST BEOCAR DOO,CONSUMER DISCRETIONARY
B&S IMMOBILIEN DOO,INDUSTRIALS
RESTART SHOP D.O.O.,CONSUMER DISCRETIONARY
OLEON DOO NOVI SAD,CONSUMER STAPLES
FINO VINO DOO BEOGRAD,CONSUMER STAPLES
ARTINVEST NAMESTAJ,CONSUMER DISCRETIONARY
BIOMEDICA MP DOO BEOGRAD,HEALTH CARE
SYMBOL DOO SUBOTICA,INDUSTRIALS
DOO HOLLO COMPANY DOROSLOVO,CONSUMER STAPLES
SOLCHEM S D.O.O.,MATERIALS
GROUP BAHUS,CONSUMER STAPLES
SMITRAN AUTO DOO,CONSUMER DISCRETIONARY
VIATOR & VEKTOR-TRANSPED-VRSAC DOO,NOT RELEVANT
NEVENA SPB DOO BEOGRAD (SAVSKI VEN,NOT RELEVANT
LTS D.O.O.,CONSUMER STAPLES
SCHMITZ CARGOBULL D.O.O.,NOT RELEVANT
BAJA D.O.O.,NOT RELEVANT
HUMANITARNA FONDACIJA BUDIMIR BOSK,INDUSTRIALS
"DRENIK ND D.O.O., BEOGRAD",MATERIALS
PREDSTAVNISTVO OSRAM EOOD,INDUSTRIALS
KROMBERG & SCHUBERT SRBIJA D.O.O.,CONSUMER DISCRETIONARY
COMPASS FOOD DOO BEOGRAD,CONSUMER STAPLES
TELEFONKABL DOO BEOGRAD,INDUSTRIALS
VS EVROCORN DOO,CONSUMER STAPLES
BANAT TRANS DOO ZRENJANIN,INDUSTRIALS
INDUSTRIJSKA OPREMA D.O.O.,INDUSTRIALS
IBIS-INSTRUMENTS DOO,INFORMATION TECHNOLOGY
DIV-TRADES DOO,MATERIALS
NOMIS DOO BEOGRAD,CONSUMER DISCRETIONARY
GROUP WEG,NOT RELEVANT
TROPICANA D.O.O.,CONSUMER STAPLES
UNIBROS D.O.O.,NOT RELEVANT
KREATIVA NEW FORMULA D.O.O.,NOT RELEVANT
ENERGOPROJEKT HOLDING A.D. BEOGRAD,INDUSTRIALS
AIR SERBIA A.D. BEOGRAD,INDUSTRIALS
VITAL AD VRBAS,NOT RELEVANT
APOTEKA VALJEVO,CONSUMER STAPLES
AGRO PRODUKT SRB DOO GOSPODINCI,CONSUMER STAPLES
JP VRBAS GAS VRBAS,UTILITIES
Sakal Ana Ester,NOT RELEVANT
SG NETWORKING DOO BEOGRAD,INDUSTRIALS
PORSCHE PARTNER,CONSUMER DISCRETIONARY
PREDUZECE STRELA DOO KLAJIC,CONSUMER STAPLES
UNICOM TELECOM DOO,INFORMATION TECHNOLOGY
GROUP MATIJEVIC,CONSUMER STAPLES
GOOD FOOD DOO BEOGRAD (VRACAR),CONSUMER STAPLES
AGROCOOP - U STECAJU,CONSUMER STAPLES
NAFTACHEM DOO SREMSKA KAMENICA,INDUSTRIALS
VEMI SUN DOO,UTILITIES
BOEHRINGER INGELHEIM SERBIA DOO BE,HEALTH CARE
COMMUNIS DOO BEOGRAD,COMMUNICATIONS
M I INVESTMENTS DOO,REAL ESTATE
SUBGROUP NECTAR,CONSUMER STAPLES
FLEET PARTNER DOO,INDUSTRIALS
AUTOPROMET DOO,CONSUMER DISCRETIONARY
DANIJELA (BRANKO) BELJANSKI,CONSUMER STAPLES
GROUP BMR,INDUSTRIALS
CANDY RUSH DOO BEOGRAD,CONSUMER STAPLES
LOGO DOO,INDUSTRIALS
GEINARRO DOO VALJEVO,CONSUMER DISCRETIONARY
TRANSAKS DOO,FINANCIALS
DALLAS NAMESTAJ DOO,CONSUMER DISCRETIONARY
GAS-FEROMONT AD STARA PAZOVA,UTILITIES
UNIVERZAL - HOLDING A.D.,NOT RELEVANT
A-G  DINAS 2005 DOO BEOGRAD - U LI,CONSUMER DISCRETIONARY
"PREDUZECE ZA TRGOVINU,POSREDOVANJE",INDUSTRIALS
INTERNATIONAL VIRTUAL OFFICE DOO,CONSUMER STAPLES
ZOP INZENJERING DOO,INDUSTRIALS
TAMNAVAPUT AD,INDUSTRIALS
UNIVERZAL TPM DOO BEOGRAD - U STEC,NOT RELEVANT
LIBERTAS-AGRAR DOO,CONSUMER STAPLES
DUNAV,NOT RELEVANT
LOMAX COMPANY DOO SUBOTICA,NOT RELEVANT
ENERGY NET ONE D.O.O.,INDUSTRIALS
AUTOTRANSPORT DOO KOSTOLAC,INDUSTRIALS
STUDIO M SAVREMENI SISTEMI GRADNJE,INDUSTRIALS
SIMULA D.O.O. NOVI SAD,INFORMATION TECHNOLOGY
ETP D.O.O.,INFORMATION TECHNOLOGY
USLUGA AD B.TOPOLA,CONSUMER STAPLES
AUTO KUCA SEKULIC DOO VETERNIK,CONSUMER DISCRETIONARY
MLINPRODUKT AD ADA,CONSUMER STAPLES
TRGOVINSKO PREDUZECE ALEX INTERNATI,INDUSTRIALS
GATARIC INTERNATIONAL GROUP DOO BEO,CONSUMER DISCRETIONARY
ZORKA PHARMA-HEMIJA DOO SABAC,MATERIALS
PARALELA PLUS D.O.O. BEOGRAD,CONSUMER STAPLES
DIJAMANT AGRAR A.D. ZRENJANIN,CONSUMER STAPLES
SUBGROUP BIGZ,MATERIALS
DOO VELISAVLJEV BOTOS,CONSUMER STAPLES
TARKETT DOO REPUBLIKA SRBIJA PREDST,INDUSTRIALS
KIT COMMERCE DOO BEOGRAD,CONSUMER DISCRETIONARY
UNI CHEM DOO,HEALTH CARE
DELTA CLEANROOM DOO BEOGRAD,INDUSTRIALS
REFOT B DOO BEOGRAD,CONSUMER DISCRETIONARY
ELIXIR ZORKA - MINERALNA DUBRIVA D,MATERIALS
KEOS D.O.O.,CONSUMER DISCRETIONARY
SALAS 024 D.O.O. SUBOTICA,CONSUMER STAPLES
VIATRIS HEALTHCARE D.O.O.,HEALTH CARE
ALCO GROUP HOTELI D.O.O. BEOGRAD,CONSUMER DISCRETIONARY
ASBIS DOO BEOGRAD,INFORMATION TECHNOLOGY
VODA VODA DOO,NOT RELEVANT
DRVOPROMET DOO LESKOVAC U STECAJU,CONSUMER DISCRETIONARY
"BMP AD,HOTEL HYATT",CONSUMER DISCRETIONARY
ZAJACA  RUDNICI I TOPIONICA AD,MATERIALS
PREDUZECE GEM-COMPANY DOO BEOGRAD,INDUSTRIALS
SOULFOOD DOO BEOGRAD,CONSUMER STAPLES
ROBNE KUCE BEOGRAD DOO BEOGRAD,REAL ESTATE
MARKO TRANS CARGO DOO,MATERIALS
VODOVOD I KANALIZACIJA JP GROCKA,UTILITIES
BALKAN CONCEPT DOO BEOGRAD,CONSUMER DISCRETIONARY
INTERFAST DOO BEOGRAD,INDUSTRIALS
BEOHEMIJA DOO,CONSUMER STAPLES
GASTEH DOO INDIJA,INDUSTRIALS
PERASTRA DOO BEOGRAD,CONSUMER STAPLES
GREEN BAY DOO BEOGRAD,REAL ESTATE
ALTIUM INTERNATIONAL D.O.O.,HEALTH CARE
NENAD (VELEMIR) VESKOV,CONSUMER STAPLES
GROUP SANI GROUP,CONSUMER DISCRETIONARY
SIMSPED D.O.O.,INDUSTRIALS
GRINDEX DOO  KIKINDA,INDUSTRIALS
KOMONT DOO BEOGRAD - U PRINUDNOJ L,INDUSTRIALS
ALEKSANDAR HOTEL DOO NOVI SAD,NOT RELEVANT
BIP a.d.,CONSUMER STAPLES
GP MOTORS DOO BEOGRAD - U PRINUDNO,CONSUMER DISCRETIONARY
TRIPLE JUMP DOO BEOGRAD,CONSUMER DISCRETIONARY
ALFA COMMERCE DOO SABAC,INDUSTRIALS
VETFARM AD BEOGRAD - U STECAJU,NOT RELEVANT
"S&B CONCRETE DOO BEOGRAD, ZEMUN",INDUSTRIALS
JKP VODOVOD I KANALIZACIJA,UTILITIES
SIEMENS IT SOLUTIONS AND SERVICES,NOT RELEVANT
GROUP FARMEKS,HEALTH CARE
GROUP PROGRES,INDUSTRIALS
DOO AQUA PROMET JAGODINA,INDUSTRIALS
Subgroup e& PPF Telecom Group,COMMUNICATIONS
PIP FOOD GROUP DOO,CONSUMER STAPLES
PDV INZENJERING DOO VALJEVO-POPUCK,INDUSTRIALS
DOO MSJ,CONSUMER STAPLES
GROUP VEGA,HEALTH CARE
FRU COM PLUS DOO,CONSUMER STAPLES
DIGITRON IST D.O.O. BEOGRAD,INDUSTRIALS
QUADRA PACK DOO BEOGRAD,MATERIALS
GROUP PARALELA,NOT RELEVANT
PP BRO ZIVA D.O.O.,NOT RELEVANT
DRUSTVENO PREDUZECE ZA LINIJSKI I T,NOT RELEVANT
DOO POLO VRSAC - U STECAJU,HEALTH CARE
DAREX D.O.O.,CONSUMER DISCRETIONARY
DIRECT MEDIA A.D.,NOT RELEVANT
NICCO AGRAR DOO,CONSUMER STAPLES
"POPADIC KOMERC DOO,KRAGUJEVAC",CONSUMER STAPLES
AGROZENIT ZZ,NOT RELEVANT
SET DOO SABAC,INDUSTRIALS
DOO AGROSOJ PLUS,CONSUMER STAPLES
LLOYD S REGISTER D.O.O. BEOGRA,INDUSTRIALS
ELKOK AD KOSJERIC,INDUSTRIALS
AKVAPAN INZENJERING DOO VRANICI,INDUSTRIALS
GAS INVEST DOO BEOGRAD,INDUSTRIALS
LUPO FASHION DOO BEOGRAD,CONSUMER DISCRETIONARY
BALKAN PLASTICS COMPANY DOO,INDUSTRIALS
GRAMPER D.O.O.,INDUSTRIALS
TIMAC AGRO BALKANS DOO NOVI SAD,MATERIALS
MAXIM MEDIA DOO BEOGRAD,COMMUNICATIONS
UNIFIEDPOST D.O.O.,INDUSTRIALS
SUN & DUN.A.V.,INDUSTRIALS
GROUP JOVANOVIC,INDUSTRIALS
STIL D.O.O. ZRENJANIN,CONSUMER DISCRETIONARY
MIVEX LOGISTICS DOO CACAK,INDUSTRIALS
ATAK INSAAT 2020 KRUSEVAC,INDUSTRIALS
ABELA PHARM DOO BEOGRAD,HEALTH CARE
A SPORT DD,CONSUMER DISCRETIONARY
SOMBOLED AD ZA PROIZVODNJU I PRERAD,CONSUMER STAPLES
GROUP KONSING,NOT RELEVANT
GRADI-TEL DOO SARBANOVAC BOR,ENERGY
GROUP TINA 2000 DOO,CONSUMER DISCRETIONARY
BEOKOM DOO BEOGRAD,CONSUMER DISCRETIONARY
PREDUZECE ZA PROVIZVODNJU PROMET I,NOT RELEVANT
INTERNATIONAL TRADE SYSTEM DOO,HEALTH CARE
KIJEVO DOO BEOGRAD,MATERIALS
DOLEX  DOO SABAC,INDUSTRIALS
GROUP MONTING-GROUP SP,INDUSTRIALS
METALAC BOJLER,CONSUMER DISCRETIONARY
PERNOD RICARD SRBIJA DOO,CONSUMER STAPLES
GROUP GREDA,REAL ESTATE
NARUTO DOO,REAL ESTATE
DOO  FOTOS CREPAJA,CONSUMER STAPLES
BOSAL DOO ZEMUN,INDUSTRIALS
FREY SERVICES DOO BEOGRAD,INDUSTRIALS
BIOCELL HOSPITAL OPSTA BOLNICA,HEALTH CARE
KRISTINA KARAJOVIC PR MPK-ALATNICA,INDUSTRIALS
ELBRACO GROUP DOO APATIN,CONSUMER DISCRETIONARY
EGAL STEEL DOO,INDUSTRIALS
AMICUS SRB DOO BEOGRAD,HEALTH CARE
AMAN RENT A CAR DOO BEOGRAD,FINANCIALS
MD INTERNATIONAL INVEST DOO,CONSUMER DISCRETIONARY
ALFA GLASS DOO,INDUSTRIALS
FSU AD,INDUSTRIALS
LUKA BEOGRAD AD BEOGRAD,INDUSTRIALS
TRIGRANIT DOO BEOGRAD U LIKVIDACIJ,NOT RELEVANT
GROUP CETNIK,INDUSTRIALS
GUDMARK GROUP DOO SABAC PREDSTAVN,CONSUMER DISCRETIONARY
PREDSTAVNISTVO GENERAL MOTORS,CONSUMER DISCRETIONARY
QA CUBE DOO,INFORMATION TECHNOLOGY
BEORELAX D.O.O.,NOT RELEVANT
GROS DOO NOVI SAD,INDUSTRIALS
DEXY CO KIDS,CONSUMER DISCRETIONARY
BEVETTI D.O.O. NOVI SAD,CONSUMER STAPLES
PREDUZECE ZA PROIZVODNJU PURATOS DO,CONSUMER STAPLES
AUTO KUCA-KOLE DOO BEOGRAD-ZEMUN,CONSUMER DISCRETIONARY
KEJ KOMERC DOO,MATERIALS
SELECT TRANSPORT D.O.O.,INDUSTRIALS
HBT LOGISTIKA DOO ZEMUN - U LIKVID,CONSUMER STAPLES
NAJEVROPLJANIN DOO NOVI SAD,REAL ESTATE
MAJA VLAOVIC,CONSUMER STAPLES
POLITEK DOO KRAGUJEVAC,INDUSTRIALS
PHOSPHEA DANUBE D.O.O.,MATERIALS
LUKI- KOMERC DOO,CONSUMER STAPLES
BB LOGISTIC 011 BOGDANKA ,INDUSTRIALS
SJM-AGROPROM D.O.O. VALJEVO,CONSUMER STAPLES
PUTNIK AD,CONSUMER DISCRETIONARY
KOBE GROUP D.O.O. BEOGRAD,MATERIALS
JUGO LADA DOO BEOGRAD,NOT RELEVANT
INNOVA MD GROUP DOO BEOGRAD - U LI,HEALTH CARE
UNOGRADNJA V.V.  DOO BEOGRAD - U S,NOT RELEVANT
FOODY RESTORANI D.O.O.,CONSUMER DISCRETIONARY
HOTEL GOLDEN HILL DOO BEOGRAD,CONSUMER DISCRETIONARY
NEXIM DOO BEOGRAD-ZVEZDARA,CONSUMER STAPLES
N & B PROM DOO VOGANJ,ENERGY
PHOENIX PHARMA D O O,HEALTH CARE
GRAND D GRUPA FLZ DOO BEOGRAD-PALI,INDUSTRIALS
EMA DOO,CONSUMER DISCRETIONARY
BEL CAR TEAM D.O.O.,CONSUMER DISCRETIONARY
GP UNACOP DOO BEOGRAD,INDUSTRIALS
PREDUZECE UZOR EKSPORT DOO MLADENOV,MATERIALS
FRUCT COMPANY,CONSUMER STAPLES
BAST COMMERCE D.O.O.,INDUSTRIALS
DOEHLER DOO BEOGRAD,CONSUMER STAPLES
SRBOAUTO DOO BEOGRAD,CONSUMER DISCRETIONARY
CONNECTIT D.O.O.,INFORMATION TECHNOLOGY
VEGA PROPERTIES D.O.O.,INFORMATION TECHNOLOGY
LABENA DOO BEOGRAD,HEALTH CARE
DOO 9.MAJ CONOPLJA,CONSUMER STAPLES
FUTURA GREEN VAT D.O.O.,UTILITIES
KAPIJA CIGOTE D.O.O.,CONSUMER DISCRETIONARY
MB METAL PROM DOO RUMA,CONSUMER DISCRETIONARY
FORTIS POWER COMMODITIES D.O.O.,UTILITIES
AGRO CESLA DOO RUMENKA,INDUSTRIALS
TENGE D.O.O. BEOGRAD-CUKARICA,INDUSTRIALS
BIROGRAF COMP DOO BEOGRAD,INDUSTRIALS
GROUP NIMAX,CONSUMER DISCRETIONARY
AUTOLAND BGD DOO BEOGRAD,CONSUMER DISCRETIONARY
KOVIS BP DOO EXPORT-IMPORT BACKA P,INDUSTRIALS
IGEPA DEUS D.O.O.,MATERIALS
KOPRA D.O.O. BEOGRAD,INDUSTRIALS
HIPRA INZENJERING PANCEVO,INDUSTRIALS
MEGALIT DOO RASKA,INDUSTRIALS
PRIVREDNO DRUSTVO ZA,NOT RELEVANT
DOO CHEMMAX BACKA PALANKA,MATERIALS
DRINA PLASTIKA-86,CONSUMER DISCRETIONARY
EURONAPA DOO BEOGRAD - U PRINUDNOJ,CONSUMER DISCRETIONARY
INDO ZINC SMELTERS U STECAJU,NOT RELEVANT
VENTURA DOO,NOT RELEVANT
TF KABLE FKZ DOO ZAJECAR,NOT RELEVANT
PRODRES D.O.O. KRUSEVAC,INDUSTRIALS
RADERA DOO SMEDEREVSKA PALANKA   P,NOT RELEVANT
MERKUR 3M-PRES DOO POZAREVAC,CONSUMER DISCRETIONARY
SKORPION UNION DOO NOVI SAD-,CONSUMER DISCRETIONARY
EUROPAPIER DUNAV DOO BEOGRAD,MATERIALS
BAD SISTEMS DOO,INFORMATION TECHNOLOGY
DUPONT SRB DOO BEOGRAD,MATERIALS
MINT PHARM,CONSUMER STAPLES
NEW FRONTIER INNOVA D.O.O. BEOGRAD,INFORMATION TECHNOLOGY
GOODWILL PHARMA DOO SUBOTICA,HEALTH CARE
ALPINA DRINK - U STECAJU,CONSUMER STAPLES
MARMIL BETON DOO BEOGRAD,MATERIALS
AGROGLOBE DOO NOVI SAD,CONSUMER STAPLES
NORTH LINE DOO SUBOTICA,CONSUMER STAPLES
BBT AD ZITISTE,CONSUMER STAPLES
GROUP RACA,CONSUMER STAPLES
NEW MEDIA IDEAS DOO BEOGRAD,COMMUNICATIONS
GROUP ANLEK,HEALTH CARE
TANOVA DOO NIS - U LIKVIDACIJI,CONSUMER STAPLES
BENEFIT D.O.O.,CONSUMER DISCRETIONARY
CURDIC DOO,INDUSTRIALS
VALJEVO PUT  DP,INDUSTRIALS
SUBGROUP HLEB I KIFLE,CONSUMER STAPLES
ADIGE BITUMI IMPRESA SPA OGRANAK,INDUSTRIALS
ICE CREAM FACTORY DOO BEOGRAD,CONSUMER STAPLES
NOVO PLUS DOO LJUBLJANA,CONSUMER STAPLES
RADIC PR RUMA,CONSUMER STAPLES
EURO SUMMAR DOO,CONSUMER DISCRETIONARY
MARA DOO SOMBOR,CONSUMER STAPLES
MPC HOLDING DOO BEOGRAD,INDUSTRIALS
GEROVIT DOO,MATERIALS
INPHARM CO DOO,HEALTH CARE
BEO RIBARSTVO DOO,CONSUMER STAPLES
AT KASTELEC DOO BEOGRAD,INDUSTRIALS
MESSER TEHNOGAS AD BEOGRAD,MATERIALS
URBAN-TECHNICS DOO,MATERIALS
POLLINO FRUIT DOO,CONSUMER STAPLES
NOLEKO DOO,INDUSTRIALS
MAKPHARM DOO BEOGRAD,HEALTH CARE
TEHNOMEDIA CENTAR DOO ZAJECAR,CONSUMER DISCRETIONARY
"STO POSTO  DOO, BEOGRAD",CONSUMER STAPLES
KVANTEKS - U STECAJU,NOT RELEVANT
AD FABRIKA ULJA KRUSEVAC - U STECA,NOT RELEVANT
GROUP PZP NIS,INDUSTRIALS
DOO PELUS APATIN - U STECAJU,NOT RELEVANT
KONSTRUKTOR KONSALTING,INDUSTRIALS
JKP VODOVOD SREMSKA MITROVICA,UTILITIES
SMKR SASA 1,CONSUMER STAPLES
TTTECH AUTO DOO BANJA LUKA,INDUSTRIALS
INSTALATER DOO BEOGRAD,INDUSTRIALS
ARBORSPALET 2010 DOO BA¿KA PALANKA,MATERIALS
AGROKIKI D.O.O.,CONSUMER STAPLES
MITROS FLEISCHWAREN DOO,CONSUMER STAPLES
MCF MEGACOM FILMS,COMMUNICATIONS
COMING-COMPUTER ENGINEERING DOO BE,INFORMATION TECHNOLOGY
GROUP ZITOPROMETMLIN,CONSUMER STAPLES
BATA DOO,INDUSTRIALS
NAGY RET,CONSUMER STAPLES
BAYER DOO BEOGRAD,MATERIALS
MIREX DOO RUMENKA,INDUSTRIALS
DAILY EXPRESS DOO BEOGRAD,CONSUMER DISCRETIONARY
HISENSE EUROPE CUSTOMER CARE CENTA,NOT RELEVANT
TRGOVINSKO PREDUZECE SNAVEL-SRBIJAT,NOT RELEVANT
VELEFARM AD HOLDING KOMPANIJA BEOG,NOT RELEVANT
EURO PERTOL TRANS DOO,NOT RELEVANT
GROUP NIBENS,INDUSTRIALS
LUDAN ENGINEERING DOO BEOGRAD,INDUSTRIALS
C.O.D. DOO BEOGRAD,CONSUMER DISCRETIONARY
"VULE - MARKET DOO BEOGRAD, SREMCIC",CONSUMER STAPLES
COSMOPROFESSIONAL DOO BEOGRAD,CONSUMER STAPLES
STEPCON DOO,INDUSTRIALS
STRABAG BMTI,INDUSTRIALS
CHS SERBIA DOO NOVI SAD,CONSUMER STAPLES
GP GRANIT-PESCAR DOO LJIG,MATERIALS
INIZIO AUTO DOO NOVI SAD,INDUSTRIALS
PANALEX AD BEOGRAD,INDUSTRIALS
AU DR.MAX ,CONSUMER STAPLES
PAN LOGISTIC DOO,INDUSTRIALS
EJ EXCLUSIVE,CONSUMER DISCRETIONARY
PWW DEPONIJA DOO JAGODINA,INDUSTRIALS
LUKOIL SRBIJA D.O.O.  BEOGRAD,CONSUMER DISCRETIONARY
METAL-CENTAR DOO VOJKA,INDUSTRIALS
DONIC DOO VELIKA PLANA,CONSUMER DISCRETIONARY
RAIL CARGO CARRIER - SERBIA D.O.O. ,INDUSTRIALS
SOFTWAREONE D.O.O. - U LIKVIDACIJI,INFORMATION TECHNOLOGY
FERTICO DOO INDIJA,MATERIALS
MAROX DOO,NOT RELEVANT
"PREDUZECE ZA PROIZVODNJU, PROMET,",CONSUMER DISCRETIONARY
SRPSKA FABRIKA ZA RECIKLAZU,INDUSTRIALS
ALUMINUM SYSTEMS AND CONSTRUCTIONS,INDUSTRIALS
PSG BANATSKI DVOR DOO NOVI SAD,ENERGY
PRIVREDNO DRUSTVO ZA,CONSUMER STAPLES
DOO NIKOM  KRAGUJEVAC,CONSUMER DISCRETIONARY
C&R VENTURES DOO BEOGRAD,REAL ESTATE
DN & T INVESTING GROUP DOO BEOGRAD,INDUSTRIALS
DATA 011 DOO,INFORMATION TECHNOLOGY
JAVNO KOMUNALNO PREDUZECE ZA JAVNE,INDUSTRIALS
"EKUPI DOO BEOGRAD, VILINE VODE BB",CONSUMER DISCRETIONARY
PETROL DOO BEOGRAD,ENERGY
"FRUIT INTERNATIONAL DOO BEOGRAD, N",CONSUMER STAPLES
DELTA HOSPITALITY DOO BEOGRAD,CONSUMER DISCRETIONARY
BOGDANOVIC,CONSUMER STAPLES
SAT OUTSOURCING,INDUSTRIALS
INTERSPED-B DOO BEOGRAD,INDUSTRIALS
AGRO INVEST 2025 DOO SUBOTISTE,INDUSTRIALS
UZOR DOO NOVI SAD,REAL ESTATE
LOZ DOO,INDUSTRIALS
ORBIT STREEM,INDUSTRIALS
BALKAN 2001 DOO SABAC,INDUSTRIALS
CBS INTERNATIONAL DOO,REAL ESTATE
SECURITAS SERVICES DOO,INDUSTRIALS
NIS A.D. NOVI SAD,ENERGY
ADVISE INSTITUTE DOO,INDUSTRIALS
ZANA DURIC PR MRVICA ARILJE,CONSUMER STAPLES
FLEXOPACK TRADE AND SERVICES DOO,MATERIALS
VISOKA STRUKOVNA SKOLA - INTERNACI,CONSUMER DISCRETIONARY
BOBAN COMERC DOO,CONSUMER STAPLES
HALO OGLASI DOO BEOGRAD,COMMUNICATIONS
"KOSANICA DOO, NIS",INDUSTRIALS
RUMA - U STECAJU,CONSUMER DISCRETIONARY
BEGRAM SERVIS DOO,INFORMATION TECHNOLOGY
IRADIA DOO SREMSKA KAMENICA,CONSUMER STAPLES
ROLYPOLY DOO CACAK U STECAJU,NOT RELEVANT
HONEYWELL DOO BEOGRAD,NOT RELEVANT
GROUP DIRECT GROUP HOLDING,CONSUMER STAPLES
AGROGRNJA DOO PIVNICE,CONSUMER STAPLES
EXTRA - AUTOTRANSPORT DOO,INDUSTRIALS
MULTICATERING D.O.O. BEOGRAD,INDUSTRIALS
REDOM  DOO SMEDEREVO,REAL ESTATE
C.I.A.K. DOO NOVI SAD,CONSUMER DISCRETIONARY
JKP BEOGRADSKI VODOVOD I KANALIZAC,UTILITIES
ORANGE PLUS DOO KISELJAK,CONSUMER STAPLES
DELTA DMD D.O.O.,CONSUMER STAPLES
PROGRES DOO NOVI SAD,CONSUMER STAPLES
MELOVIC GRADNJA DOO,INDUSTRIALS
AGROHEM - U STECAJU,NOT RELEVANT
FUTURA PLUS DOO,CONSUMER STAPLES
NOVART DOO KRAGUJEVAC,CONSUMER DISCRETIONARY
SOFEX DOO NOVI SAD,CONSUMER DISCRETIONARY
EUROPAMONT DOO NOVI SAD,CONSUMER STAPLES
INOS - BALKAN DOO VALJEVO,NOT RELEVANT
SUNCE DOO BEOGRAD-ZEMUN,NOT RELEVANT
VECTOR MANAGEMENT INTERNATIONAL,NOT RELEVANT
REGIONALNA PRIVREDNA KOMORA KRUSEV,INDUSTRIALS
TANKMONT DOO BEOGRAD,INDUSTRIALS
PIZZA BAR DOO BEOGRAD,CONSUMER DISCRETIONARY
M.M.M. - METKOMERC VODICE,INDUSTRIALS
COMMERCIAL DEVELOPMENTS DOO BEOGRA,REAL ESTATE
STAR IMPORT D.O.O.,CONSUMER DISCRETIONARY
ALPLA DOO BEOGRAD,MATERIALS
GOSA FSV DOO,INDUSTRIALS
FRESKO EXPORT IMPORT DOO,CONSUMER STAPLES
"DOO UNITEHNA KRUSEVAC, VELIKO GOLO",INDUSTRIALS
NANDOR (ISTVAN) VERES,CONSUMER STAPLES
RP COMPANY DOO NOVI SAD,CONSUMER STAPLES
PTP ROYAL-TRADE DOO KIKINDA,CONSUMER STAPLES
BEL CAR DOO NOVI SAD,CONSUMER DISCRETIONARY
ERAKOVIC DOO  KULA,CONSUMER STAPLES
VRACAR SISTEM DOO,NOT RELEVANT
BEZDAN DOO BEZDAN,NOT RELEVANT
KOPEX MIN-FITIP AD NIS - U LIKVIDA,INDUSTRIALS
PAKOM - U STECAJU,INFORMATION TECHNOLOGY
KOLAREVIC DOO POJATE,CONSUMER DISCRETIONARY
KOTEKS DOO,CONSUMER STAPLES
GROUP GP AUTO SHOP,CONSUMER DISCRETIONARY
FENIKS-FOCUS D.O.O.,NOT RELEVANT
MILAN BLAGOJEVIC A.D.SMEDEREVO,NOT RELEVANT
KREATIVA UNLIMITED DOO BEOGRAD,CONSUMER DISCRETIONARY
GORENJE STUDIO DOO BEOGRAD,CONSUMER DISCRETIONARY
"DIOPTA DOO BEOGRAD,UMKA",CONSUMER DISCRETIONARY
AVGERINOS DOO SUBOTICA,CONSUMER STAPLES
SMART MEDIA PRODUCTION DOO - U LIK,COMMUNICATIONS
LAGUNA DOO BEOGRAD,COMMUNICATIONS
IC CONSULENTEN DOO BEOGRAD,INDUSTRIALS
SZR NATRON 2002 VUKOVIC VESNA PR R,MATERIALS
ZZ AGROPROM STARA PAZOVA,CONSUMER STAPLES
ELITA-COP DOO BEOGRAD-ZEMUN,INDUSTRIALS
PRO-LOG SR DOO,INDUSTRIALS
PIONIR DOO BEOGRAD,CONSUMER STAPLES
MAT-REAL ESTATE D.O.O,REAL ESTATE
IQVIA RDS,HEALTH CARE
STUDIO SOUND LUXURY,CONSUMER DISCRETIONARY
CETNIK D.O.O. VALJEVO,INDUSTRIALS
CVRCAK DOO,INDUSTRIALS
VELEPRODAJNI CENTAR DOO,NOT RELEVANT
PFI DOO ZEMUN,CONSUMER STAPLES
KIA AUTO DOO BEOGRAD,CONSUMER DISCRETIONARY
PB NITOM DOO NIS,CONSUMER DISCRETIONARY
FRATELLO TRADE DOO,CONSUMER STAPLES
MOBILNI MARKET DOO,INFORMATION TECHNOLOGY
I&F GRUPA DOO,COMMUNICATIONS
GOSA  KOMERC DOO VRANJE,INDUSTRIALS
INTERNATIONAL ALEXANDER D.O.O. NOV,INDUSTRIALS
IN TIME EXPRESS DOO BEOGRAD,INDUSTRIALS
STDCOIL DOO,INDUSTRIALS
SIRMIUMBUS D.O.O.,INDUSTRIALS
EUROIMPEX AUTOGROUP D.O.O. BEOGRAD,CONSUMER DISCRETIONARY
DOO JGP PETROVIC OTPAD OTPAD,INDUSTRIALS
SVETI NIKOLA DOO SECANJ,CONSUMER STAPLES
MEDIPORT DOO BEOGRAD,HEALTH CARE
ZLATIBORAC DOO BEOGRAD,CONSUMER STAPLES
DOO VASOVIC CACAK,CONSUMER STAPLES
NC SERVICES,INDUSTRIALS
INBERG DOO BEOGRAD,CONSUMER STAPLES
SYNGENTA AGRO DOO BEOGRAD,CONSUMER STAPLES
TALIJA LAB MANJA MITROVIC PR,HEALTH CARE
"NEW MOMENT NEW IDEAS COMPANY DOO,",COMMUNICATIONS
KEMOIMPEX AD,REAL ESTATE
TUPLEX SRB DOO,MATERIALS
PREDUZECE ZA INTEGRALNE MARKETING K,NOT RELEVANT
VOPACHEL DOO,MATERIALS
NORAD SMB DOO,NOT RELEVANT
PARK PRIRODE MOKRA GORA DOO,CONSUMER DISCRETIONARY
ZASTAVA AUTOMOBILI AD KRAGUJEVAC -,NOT RELEVANT
VULIC & VULIC D.O.O.,NOT RELEVANT
ZADRUGA MRKSICEVI SALASI,CONSUMER STAPLES
ALBIRO D.O.O. - U LIKVIDACIJI,CONSUMER DISCRETIONARY
RADULOVIC AUTOMOBILI DOO,CONSUMER DISCRETIONARY
AGROZIV AD,CONSUMER STAPLES
ORBITA RENT A CAR DOO,CONSUMER DISCRETIONARY
JKP DUBOKO UzICE ,INDUSTRIALS
UNIVEREXPORT DOO NOVI SAD,CONSUMER STAPLES
SBM EUROTRADE TRGOVINA DOO,CONSUMER DISCRETIONARY
DOO MINI PANI,CONSUMER STAPLES
COMUTEL DOO BEOGRAD,INFORMATION TECHNOLOGY
AVICOMP D.O.O. BEOGRAD,INDUSTRIALS
REPRO MARKET DOO BEOGRAD,INFORMATION TECHNOLOGY
METALAC MARKET,CONSUMER DISCRETIONARY
CENTRAL-H D.O.O.,INDUSTRIALS
FLYING CARGO YU DOO BEOGRAD - ZEMU,INDUSTRIALS
ITALIAN DESIGN CENTER DOO BEOGRAD,CONSUMER DISCRETIONARY
ENERGOGLOBAL DOO FUTOG,INDUSTRIALS
VLADEX DOO VELIKA DRENOVA,INDUSTRIALS
Z.A.FRUIT VALJEVO,CONSUMER STAPLES
MARKO-MEAT DOO BEOGRAD,CONSUMER STAPLES
MITUS D.O.O.,INDUSTRIALS
LOGISTICKI CENTAR TRANSPORTSPED DO,INDUSTRIALS
FARMACIJA KORP.INTERNACIONAL DOO,HEALTH CARE
ZASTAVA PROMET D.O.O.BGD,NOT RELEVANT
JKP NAISSUS NIS,UTILITIES
ELEKTROVODOMONT DOO KONAREVO,NOT RELEVANT
GROUP C.O.D. ,CONSUMER DISCRETIONARY
ECOFORM DOO BEOGRAD,NOT RELEVANT
SEME PRODUKT AD CACAK PREDUZECE ZA,CONSUMER STAPLES
DELIGHT AAS DOO,INDUSTRIALS
KOPOVI AD,MATERIALS
TEGO-TRANS DOO NOVI BEOGRAD,INDUSTRIALS
BLOKMI INVEST D.O.O. BEOGRAD,INDUSTRIALS
PREDUZECE ZA TRGOVINU I USLUGE ANLE,HEALTH CARE
APOTEKARSKA USTANOVA SOPHARMACY NO,CONSUMER STAPLES
SANDVIK SRBIJA DOO,INDUSTRIALS
DMA KOPING DOO BEOGRAD,INDUSTRIALS
DOBERGARD PLUS D.O.O. BEOGRAD,INDUSTRIALS
NES COMMUNICATIONS DOO BEOGRAD,INDUSTRIALS
HEKTOR SISTEM DOO,CONSUMER STAPLES
NS UNION TEHNIKA DOO NOVI SAD,INDUSTRIALS
TERMO PLUS DOO BARAJEVO,INDUSTRIALS
PROVENTUSS DOO BEOGRAD - U PRINUDN,NOT RELEVANT
RES TRADE DOO NOVI SAD,INDUSTRIALS
DZAVIC DOO BOGATIC,NOT RELEVANT
BEOTELNET-ISP DOO BEOGRAD,INFORMATION TECHNOLOGY
BLACK FLY LINE D.O.O.,INDUSTRIALS
GRADIENT DOO BEOGRAD,MATERIALS
JUST IN CASE,CONSUMER DISCRETIONARY
TRANS-JUG DOO OBRENOVAC,INDUSTRIALS
SC TASMAJDAN BEOGRAD,CONSUMER DISCRETIONARY
KNEZEV GROUP D.O.O. BECEJ,CONSUMER DISCRETIONARY
PREDSTAVNISTVO ALLIED TELESIS,INFORMATION TECHNOLOGY
LIFT & CARRY DOO,INDUSTRIALS
KDD AUTO D.O.O. BEOGRAD,CONSUMER DISCRETIONARY
PORTEST GROUP DOO BEOGRAD,INDUSTRIALS
GRUNER SERBIAN DOO VLASOTINCE,CONSUMER DISCRETIONARY
CAR RENTAL DOO NOVI BEOGRAD,INDUSTRIALS
SLO-DEL,CONSUMER DISCRETIONARY
UNIPOS DOO MAJUR,INFORMATION TECHNOLOGY
GROUP MEDIUS,CONSUMER STAPLES
EAST GRAIN D.O.O.,CONSUMER STAPLES
EMERALD HILL D.O.O.,INDUSTRIALS
IPSOS STRATEGIC MARKETING DOO BEOG,COMMUNICATIONS
GROUP PRIMAR,INDUSTRIALS
MY MORE DOO BEOGRD,INDUSTRIALS
UTC EUROPAK DOO,CONSUMER STAPLES
DELOITTE D.O.O. BEOGRAD,INDUSTRIALS
LIDER-PRO DOO,ENERGY
"DRUSTVO ZA INZENJERING,",INDUSTRIALS
CORNER KIOSK D.O.O. NOVI SAD,CONSUMER STAPLES
TOPOLA-COMMERCE DOO SENTA,CONSUMER STAPLES
JUGO MONT DOO NOVI SAD,INDUSTRIALS
"PATRIMONS D.O.O.,BEOGRAD",NOT RELEVANT
WEIFERT STR VLADAN KRCADINAC PR PA,CONSUMER STAPLES
NOVOMETAL DOO NOVI SAD,MATERIALS
NBK DOO NOVA PAZOVA,CONSUMER DISCRETIONARY
EURONET SERVICES DOO,INDUSTRIALS
SILA DOO STARA MORAVICA,INDUSTRIALS
"PIONIRSPED ATP K.D. C.GUZVICA,M.BOJ",INDUSTRIALS
PRIMAR TIM INZENJERING D.O.O.,INDUSTRIALS
BMK NOVA TRGOVINA DOO BEOGRAD,CONSUMER STAPLES
MIKROE DOO BEOGRAD,INFORMATION TECHNOLOGY
WSL REFRIGERATION DOO,INDUSTRIALS
ELLOPAK TEM DOO,CONSUMER STAPLES
JUGOTEX DOO SMEDEREVO,CONSUMER DISCRETIONARY
KSS,INDUSTRIALS
BG ELEKTRONIK DOO BEOGRAD,CONSUMER DISCRETIONARY
MASTER FRUITS D.O.O. BEOGRAD,CONSUMER STAPLES
BIO SAVE D.O.O. BEOGRAD,HEALTH CARE
EGLO RASVETA DOO BEOGRAD,CONSUMER DISCRETIONARY
ALFA RS DOO LIPOLIST,NOT RELEVANT
TINA 2000 DOO SABAC - U STECAJU,CONSUMER DISCRETIONARY
VULKAN GUME,MATERIALS
MEDOPRODUKT DOO TAVANKUT,NOT RELEVANT
GDC SERVICES AND SOLUTIONS D.O.O.,INFORMATION TECHNOLOGY
ATOM PARTNER DOO BEOGRAD,INFORMATION TECHNOLOGY
GENEZA DOO,CONSUMER STAPLES
CT RETAIL - U STECAJU,CONSUMER DISCRETIONARY
MK LOGISTIKA D.O.O. NOVI SAD,INDUSTRIALS
SMURFIT KAPPA DOO,MATERIALS
JULIUS MEINL DOO BEOGRAD,CONSUMER STAPLES
EE WASTE GROUP DOO,INDUSTRIALS
FLEUNERRA DOO SABAC,CONSUMER STAPLES
M-ONE E-COMM DOO,INDUSTRIALS
AUTO CACAK KOMERC D.O.O. CACAK,CONSUMER DISCRETIONARY
TPA ZA OBEZBEDENJE KVALITETA I INO,INDUSTRIALS
GROUP STEVAN STILL,CONSUMER STAPLES
GROUP AGENT PLUS,INDUSTRIALS
"KOMPANIJA KTITOR DOO BEOGRAD, ZEMU",INDUSTRIALS
KEMOIMPEX AUTO DOO,CONSUMER DISCRETIONARY
DE HEUS DOO,CONSUMER STAPLES
PERIC TRANS COMPANY DOO BEOGRAD,INDUSTRIALS
EM COMMERCE DOO,CONSUMER DISCRETIONARY
EURO-CORP GROUP DOO SENTA,CONSUMER STAPLES
SAM-SON COMPANY DOO,CONSUMER DISCRETIONARY
GP AUTO-SHOP DOO MEDVEDA - U STECA,CONSUMER DISCRETIONARY
GROUP AGROZIV,NOT RELEVANT
JABLANICA A.D.,NOT RELEVANT
AMC DIVISION DOO - U PRINUDNOJ LIK,CONSUMER DISCRETIONARY
DISTRI PRESS DOO BEOGRAD,NOT RELEVANT
WOOD MASTER DOO VALJEVO,INDUSTRIALS
ZAPADNA BAEKA D.P.,UTILITIES
GROUP IBIS-PETROL,NOT RELEVANT
IBC NANOTEX SRB DOO,CONSUMER DISCRETIONARY
RAMADA STR PETROV DUSAN PR ZRENJAN,CONSUMER STAPLES
TEHNIKA HIDRAULIKE ST DOO BEOGRAD,INDUSTRIALS
PODUNAVLJE A.D. CELAREVO,CONSUMER STAPLES
AUTOTRANSPORT DP KRALJEVO,INDUSTRIALS
PRICA CATERING,INDUSTRIALS
PREDUZECE SENTA  ,UTILITIES
AUTO KUCA KOMPRESOR PRODAJA AUTOMOB,CONSUMER DISCRETIONARY
METEOR-JORGE GROUP,CONSUMER DISCRETIONARY
KHS DOO BEOGRAD,CONSUMER DISCRETIONARY
MARK INVESTMENT D.O.O.,INDUSTRIALS
TANDEM DOO,CONSUMER DISCRETIONARY
INDAS AUTOMATION DOO,INFORMATION TECHNOLOGY
METRO CASH & CARRY DOO BEOGRAD,CONSUMER STAPLES
ATLAS  DOO  SEVOJNO,CONSUMER DISCRETIONARY
RAJNA RADIC PR GYMNASIUM,CONSUMER DISCRETIONARY
DEUS PORT DOO BEOGRAD,REAL ESTATE
ALIPLAST ALUMINIUM SYSTEMS D.O.O.,INDUSTRIALS
VICTORY ELECTRIC,INDUSTRIALS
DOO POLET PARACIN,INDUSTRIALS
KIBID DOO,CONSUMER STAPLES
AB CONSTRUCT TEAM DOO BEOGRAD,INDUSTRIALS
KRYOGAS DOO BEOGRAD,CONSUMER DISCRETIONARY
GROUP SLOBODAN RADUN,CONSUMER STAPLES
CONTANGO DOO-BEOGRAD,MATERIALS
DOO SVET MEDIA BEOGRAD,CONSUMER DISCRETIONARY
MOPEX-TEKUCE ODRZAVANJE DOO BEOGRA,INDUSTRIALS
REAL ESTATE RENT 4 DOO BEOGRAD,REAL ESTATE
L OREAL BALKAN DOO BEOGRAD,CONSUMER STAPLES
DSV ROAD DOO,INDUSTRIALS
DVORANA DOMA SINDIKATA DOO BEOGRAD,COMMUNICATIONS
PAPIRPRINT,INDUSTRIALS
DOO AGROUNIJA INDIJA,CONSUMER STAPLES
MING D.O.O.  BEOGRAD,INDUSTRIALS
DP LUX DISTRIBUTION D.O.O.,CONSUMER DISCRETIONARY
PROTEHEL DOO BEOGRAD,INDUSTRIALS
MPZ-AGRAR D.O.O.,CONSUMER STAPLES
MASTER FRIGO D.O.O.,INDUSTRIALS
NESA PETROL DOO TOPOLA,CONSUMER DISCRETIONARY
NAVITAS DOO BEOGRAD,INDUSTRIALS
BILJNI LEKAR DOO VELIKO GRADISTE,MATERIALS
FCA SRBIJA,CONSUMER DISCRETIONARY
NOVI PAZAR-PUT,INDUSTRIALS
DOO FARM COMMERC CANTAVIR,NOT RELEVANT
ALBUS AD NOVI SAD,NOT RELEVANT
PEPCO D.O.O.,CONSUMER DISCRETIONARY
ACCENTURE SERVICES DOO,INDUSTRIALS
TERMOVENT DOO UZICE,INDUSTRIALS
FCC EKO DOO BEOGRAD,INDUSTRIALS
KIM-TEC DOO BEOGRAD,INFORMATION TECHNOLOGY
MV-SISTEM CO. DOO BEOGRAD,CONSUMER STAPLES
FORMA IDEALE DOO KRAGUJEVAC,CONSUMER DISCRETIONARY
PZP KRAGUJEVAC DOO,INDUSTRIALS
ROTOMETAL ALATI D.O.O. BEOGRAD,INDUSTRIALS
MAC S MEDICAL SEE. DOO VRSAC,HEALTH CARE
AUTOKOMERC D.O.O.,CONSUMER DISCRETIONARY
MIR INZENJERING DOO BEOGRAD - U ST,INDUSTRIALS
DOO VITOROG-PROMET NOVI SAD,CONSUMER DISCRETIONARY
TEHO-INN,FINANCIALS
ENERGOPROJEKT-INDUSTRIJA AD,INDUSTRIALS
SKF COMMERCE DOO BEOGRAD,INDUSTRIALS
BIO PANON D.O.O.,CONSUMER STAPLES
NDC DOO BEOGRAD,INDUSTRIALS
KONSTRUKTOR OPREMA DOO,INDUSTRIALS
VANEX DOO BEOGRAD,MATERIALS
MASUT-PROMET DOO PROKUPLJE,CONSUMER STAPLES
NISSAL INZENJERING DOO BEOGRAD (VO,MATERIALS
GROUP ALMEX,CONSUMER STAPLES
DRAGICEVIC DOO BEOGRAD BARIC,INDUSTRIALS
PLATTNER DOO BACKA PALANKA,INDUSTRIALS
DOO STATOVAC-KOMERC LESKOVAC,CONSUMER DISCRETIONARY
DRENINVEST DOO BEOGRAD,CONSUMER STAPLES
METALFER STEEL MILL DOO SR MITROVIC,INDUSTRIALS
AIGO BS DOO BEOGRAD,INFORMATION TECHNOLOGY
SUPERMARKETI AS DOO,CONSUMER STAPLES
K&K ELECTRONICS DOO BEOGRAD - U ST,NOT RELEVANT
KRKA-FARMA DOO BEOGRAD,HEALTH CARE
EURO STYRO THERM DOO,MATERIALS
PREDUZECE ZA SPOLJNU I UNUTRASNJU T,CONSUMER DISCRETIONARY
AGRO RAVANGRAD DOO SOMBOR,CONSUMER STAPLES
MOJ KIOSK GROUP DOO,CONSUMER STAPLES
AGROMIN DOO RUMENKA,CONSUMER STAPLES
BOTUNJAC FRIGO D.O.O. VARVARIN,INDUSTRIALS
VODOPRIVREDA DP,INDUSTRIALS
REGINA (FRANJO) HOLO,CONSUMER STAPLES
SAGA DOO BEOGRAD,INFORMATION TECHNOLOGY
DAREX DOO NOVI SAD,CONSUMER STAPLES
PETRUZALEK DOO BEOGRAD,INDUSTRIALS
VIZIM SUPPORT OFFICE DOO BEOGRAD,INDUSTRIALS
ALFA COLOR DOO KRAGUJEVAC,INDUSTRIALS
ELEKTROMETAL PLUS DOO BEOGRAD,INDUSTRIALS
G4S SECURE SOLUTIONS DOO BEOGRAD,INDUSTRIALS
TRANSLOG SISTEM DOO,CONSUMER DISCRETIONARY
BLUE STORE DOO BEOGRAD,CONSUMER DISCRETIONARY
PREDUZECE PUBLIKUM DOO,INDUSTRIALS
KARIN INVEST DOO NOVI SAD,REAL ESTATE
DRUSTVO ZA PROIZVODNJU ULJA,ENERGY
COMPANY SU AZOTARA DOO SUBOTICA,CONSUMER STAPLES
APS AVIATION PARTS SERVICE DOO BEO,INDUSTRIALS
VALTEC DOO BEOGRAD-VRACAR,ENERGY
FASEK DOO NOVI SAD,INDUSTRIALS
DISTRIBUTION SOLUTION DOO PANC,CONSUMER STAPLES
BANINI TRADE DOO KIKINDA - U STECA,CONSUMER STAPLES
AUDAX D.O.O.,NOT RELEVANT
BARKEL DOO CANTAVIR,CONSUMER STAPLES
SECUT ONE DOO,INDUSTRIALS
JP VODOKANAL BECEJ      ,UTILITIES
BOFFETTI BALCAN DOO,INDUSTRIALS
WE SHARE SPACE DOO BEOGRAD,REAL ESTATE
ALGORITAM DOO,INFORMATION TECHNOLOGY
NOVAMAT,INDUSTRIALS
VGP INDUSTRIAL DEVELOPMENT D.O.O.,REAL ESTATE
SERBIAN ROLL SERVICE COMPANY DOO,MATERIALS
VANAS DOO BEOGRAD,INDUSTRIALS
SN-TRADE DOO NOVI SAD,INDUSTRIALS
STEVAN (MILIVOJ) BELJANSKI,CONSUMER STAPLES
ALFANOVA DOO,CONSUMER STAPLES
NOKIA SOLUTIONS AND NETWORKS SERBIA,INFORMATION TECHNOLOGY
HEKTAR DOO DOROSLOVO,CONSUMER STAPLES
GP 5D DOO PANEVLJE VRANJE,INDUSTRIALS
RATKO MITROVIC-STANDARD DOO,NOT RELEVANT
COPEX D.O.O.,CONSUMER STAPLES
DNEVNIK VOJVODINA PRESS D.O.O. NOV,CONSUMER DISCRETIONARY
KONSTRUKTOR GRADNJA DOO BEOGRAD,NOT RELEVANT
CIRA DOO MIONICA,MATERIALS
DADI-CAFE PASCALIN DOO BEOGRAD,CONSUMER STAPLES
DOO ZENIT PRIJEPOLJE,CONSUMER STAPLES
DIV LEK D.O.O. BEOGRAD,HEALTH CARE
BUBIC DOO STARI BANOVCI,INDUSTRIALS
DZ ACIBADEM BEL MEDIC SLAVIJA,HEALTH CARE
TIM 99 DOO BEOGRAD,CONSUMER STAPLES
SECURITY SHOP DOO BEOGRAD,INDUSTRIALS
ARUP DOO BEOGRAD (SAVSKI VENAC),INDUSTRIALS
SUBGROUP NELT,CONSUMER STAPLES
AKRIS DOO CANTAVIR,CONSUMER STAPLES
COPTECH DOO BEOGRAD,INDUSTRIALS
ARPAD TOT PREDUZETNIK T 1 ADA,INDUSTRIALS
PREDUZECE HIDRO-BAZA DOO BEOGRAD,INDUSTRIALS
RECIKLAZNI CENTAR M.M.L. DOO,INDUSTRIALS
TOPACO DOO BEOGRAD,CONSUMER DISCRETIONARY
BARRY CALLEBAUT SOUTH EAST EUROPE,CONSUMER STAPLES
Adria Serbia Holdco B.V.,COMMUNICATIONS
NIS-EKSPRES DOO NIS ?AMURLIJA,INDUSTRIALS
GUMA-PROMET D.O.O.VALJEVO,CONSUMER DISCRETIONARY
PREDUZECE WINNERS COMPANY DOO DUBO,CONSUMER STAPLES
TIM TRADE DOO,MATERIALS
SAGA INVEST DOO BEOGRAD,REAL ESTATE
GROUP DMB PROMET,INDUSTRIALS
GROUP BEOKOM,CONSUMER DISCRETIONARY
TERMOPORD DOO BEOGRAD,INDUSTRIALS
VP   DIMA DOO VELIKA PLANA,CONSUMER STAPLES
KALDERA COMPANY,INDUSTRIALS
SUBGROUP MKG AGRINVESTMENT,CONSUMER STAPLES
SYMETRIA DOO,REAL ESTATE
PIA S DOO BEOGRAD,CONSUMER DISCRETIONARY
MORAVA GAS DOO MORAVCI,CONSUMER DISCRETIONARY
NUTRIAL DOO VRSAC,CONSUMER STAPLES
ZITOBANAT D.O.O. VRSAC,CONSUMER STAPLES
NINI-S 2012 DOO,CONSUMER STAPLES
BEOLIK,INFORMATION TECHNOLOGY
TEHNOEXPORT DOO INDIJA,INDUSTRIALS
DERDAP TURIST D.O.O. KLADOVO,CONSUMER DISCRETIONARY
FRUCT LOGISTIC DOO,INDUSTRIALS
DELTA FEED D.O.O.,CONSUMER STAPLES
AIRPORT CITY DOO BEOGRAD,REAL ESTATE
DRUSTVO SA OGRANICENOM ODGOVORNOSC,CONSUMER STAPLES
JKP GORICA NIS,INDUSTRIALS
EVERGREEN FOR DEVELOPMENT B.V. OGRA,INDUSTRIALS
GENERAL-AUTO DOO NOVI SAD - U STEC,CONSUMER DISCRETIONARY
GRAND LINE DOO - U STECAJU,INDUSTRIALS
EKI PAY DOO,FINANCIALS
NASA SKOLA AD OBRENOVAC,INDUSTRIALS
AQUARIS DOO BEOGRAD - U PRINUDNOJ,CONSUMER STAPLES
TP VUCIJAK DOO UB,INDUSTRIALS
UNIFARM-MEDICOM DOO BEOGRAD,HEALTH CARE
NEW LOG DOO - U STECAJU,INDUSTRIALS
GRUNDFOS SRBIJA DOO,INDUSTRIALS
DELHAIZE SERBIA DOO BEOGRAD,CONSUMER STAPLES
I - CARGO INC SREMSKA MITROVICA,INDUSTRIALS
PVC PROFIL CENTAR PRISLONICA DOO,INDUSTRIALS
ROCHE D.O.O.,HEALTH CARE
"MILENKOVIC DOO BEOGRAD, OBRENOVAC",INDUSTRIALS
EKSPLOZIVI RUDEX D.O.O. BEOGRA,INDUSTRIALS
HIDROOPREMA DOO SABAC,INDUSTRIALS
BM TRGOVINA DOO PARACIN,CONSUMER STAPLES
MIRARO DOO BEOGRAD,INDUSTRIALS
AMETEK,INDUSTRIALS
TERI ENGINEERING DOO BEOGRAD,INFORMATION TECHNOLOGY
ELEKTRO ENERGY DOO BEOGRAD,INDUSTRIALS
DANONE ADRIATIC DOO BEOGRAD - U LI,CONSUMER STAPLES
PREDUZECE NIJANSA DOO NIS,MATERIALS
RUBIN AD KRUSEVAC,NOT RELEVANT
MG PROMET DOO NOVI SAD,CONSUMER STAPLES
BUDUCNOST AD NOVI SAD,INDUSTRIALS
MENTA D.O.O.U STECAJU CACAK,NOT RELEVANT
BASTA-PROMET DOO NOVI SAD,CONSUMER STAPLES
"INSERT DOO, RUMA",CONSUMER DISCRETIONARY
GROUP VEGA IT SOURCING,INFORMATION TECHNOLOGY
PLAMEN DOO,INDUSTRIALS
MORAVACEM,MATERIALS
HUAWEI TECHNOLOGIES DOO BEOGRAD,INFORMATION TECHNOLOGY
DATA STATUS,COMMUNICATIONS
ECO RUBBER DOO,INDUSTRIALS
LIST COMPUTERS DOO BEOGRAD,CONSUMER DISCRETIONARY
group karin invest,INDUSTRIALS
ACETIK DOO BEOGRAD,INDUSTRIALS
MYCOM BALKAN DOO,INDUSTRIALS
NELT PROPERTIES D.O.O.,CONSUMER STAPLES
GROUP PROTON SYSTEM,HEALTH CARE
BMS CHEMIE DOO BEOGRAD,MATERIALS
GREINER RECYCLING DOO NOVA GAJDOBRA,INDUSTRIALS
GROUP MINOTTi,CONSUMER DISCRETIONARY
SGS BEOGRAD DOO BEOGRAD,INDUSTRIALS
TRIFEKS DOO BEOGRAD,INDUSTRIALS
ERS PALACE DOO,REAL ESTATE
METALSKA INDUSTRIJA VARAZDIN-TRADE,INDUSTRIALS
PROSTOR JKP SOMBOR,REAL ESTATE
FORMAPHARM ENGINEERING GROUP DOO,INDUSTRIALS
JP PUTEVI SRBIJE,INDUSTRIALS
DOBRAVAC - U STECAJU,NOT RELEVANT
HRANA PRODUKT DOO,CONSUMER STAPLES
AD PD JEDINSTVO ZABALJ - U LIKVIDA,NOT RELEVANT
GRADSKA TOPLANA PIROT,UTILITIES
PIK-BECEJ DOO BECEJ,CONSUMER STAPLES
ANDEX DOO SUBOTICA,REAL ESTATE
ALL CONTROL D.O.O.,INDUSTRIALS
BRETHIL WOOD,MATERIALS
SPAJIC DOO NEGOTIN,INDUSTRIALS
`OCULUS` BEOGRAD,HEALTH CARE
PROMANDS DOO,CONSUMER STAPLES
ADDUCO TRADING D.O.O.,ENERGY
SIMIL SZR ILIC MIROSLAV PREDUZETNI,CONSUMER DISCRETIONARY
GANGYUAN CO.,MATERIALS
TEKIJANKA DOO TEKIJA,CONSUMER STAPLES
PREDUZECE STOJIC ELEKTRIK DOO CACA,INDUSTRIALS
ORIFLAME KOZMETIKA DOO BEOGRAD,CONSUMER STAPLES
HENKEL SRBIJA DOO BEOGRAD,CONSUMER STAPLES
OSNOVA-PROJEKT AD BEOGRAD,INDUSTRIALS
DEUS BUSINESS GROUP DOO BEOGRAD,MATERIALS
MILSPED DOO BEOGRAD,INDUSTRIALS
ELIXIR NATURA DOO SABAC,CONSUMER STAPLES
RASCO-TAMP DOO SENTA,INDUSTRIALS
GALERIJA PODOVA DOO,CONSUMER DISCRETIONARY
SUBGROUP LILLY DROGERIE,CONSUMER STAPLES
DELTA-MATIC DOO NIS - U STECAJU,NOT RELEVANT
GENEL SIGURNE VEZE DOO NOVI SAD,CONSUMER DISCRETIONARY
AGENCIJA COLOR MEDIA D.O.O.,CONSUMER DISCRETIONARY
INSPIRION DOO - U LIKVIDACIJI,CONSUMER DISCRETIONARY
VLATACOM INSTITUT DOO BEOGRAD,INDUSTRIALS
IRVA DOO BEOGRAD,NOT RELEVANT
GRADJEVINSKO PREDUZECE NEIMAR DOO,INDUSTRIALS
NP PANIC TRADE DOO,CONSUMER STAPLES
TOPLICAGRADNJA,INDUSTRIALS
KASTRUM DOO PETROVAC NA MLAVI,CONSUMER STAPLES
DOO BIO FISH APATIN,CONSUMER STAPLES
MONTPROJEKT DOO BEOGRAD,INDUSTRIALS
KEY4S DOO,INDUSTRIALS
DOO TIM BANATSKI KARLOVAC,MATERIALS
FKL D.O.O.,INDUSTRIALS
VODOPRIVREDNO PREDUZECE,INDUSTRIALS
PUTEVI DOO IVANJICA,INDUSTRIALS
RPT TRADE DOO BACKA PALANKA,INDUSTRIALS
APOTEKARSKA USTANOVA LEKOFARMA  SA,CONSUMER STAPLES
TPV SUMADIJA DOO KRAGUJEVAC,CONSUMER DISCRETIONARY
IMPULS-HEMIJA D.O.O. NOVI SAD,CONSUMER STAPLES
MAGNA FIT DOO,CONSUMER DISCRETIONARY
GROUP POLET,INDUSTRIALS
SUBGROUP ASA SERBIA,INDUSTRIALS
subgroup atb,INDUSTRIALS
KAPPA STAR RECYCLING DOO UMKA,INDUSTRIALS
GALEB METAL PACK DOO SABAC,MATERIALS
SINFONIKA - U STECAJU,NOT RELEVANT
NERA DOO NEGOTIN   - U PRINUDNOJ L,CONSUMER DISCRETIONARY
GALENIKA-FITOFARMACIJA AD BEOGRAD,MATERIALS
MB 100 - U STECAJU,CONSUMER DISCRETIONARY
MERKUR-INTERNATIONAL D.O.O. BEOGRA,CONSUMER DISCRETIONARY
DOO AGRODINAMIKA SIRIG,CONSUMER STAPLES
EURO MOTUS DOO BEOGRAD,ENERGY
MOTOSPEED DOO BEOGRAD,MATERIALS
KROKUS DOO GOLOBOK,INDUSTRIALS
GROUP KIT COMMERCE,CONSUMER DISCRETIONARY
3S INVEST DOO NIS,HEALTH CARE
COTEXSA D.O.O.,CONSUMER DISCRETIONARY
PALFINGER PROIZVODNJA,INDUSTRIALS
S-NINE TRADE,CONSUMER STAPLES
EUROGUMA-BBS DOO BEOGRAD - U STECA,CONSUMER DISCRETIONARY
IVERPAN D.O.O.,CONSUMER DISCRETIONARY
SAGA DRVO DOO BEOGRAD,MATERIALS
KLUZ-TISA AD,NOT RELEVANT
JUGO-IMPEX DOO NIS,MATERIALS
GROUP A-GRUPA,NOT RELEVANT
INDUSTRIJA GRADJEVINSKOG MATERIJALA,MATERIALS
HECK DOO NOVI SAD,INDUSTRIALS
GROUP PIP ,CONSUMER STAPLES
UGS PRO DOO BEOGRAD  SAVSKI VENAC,CONSUMER STAPLES
JKP PARKING SERVIS NOVI SAD,INDUSTRIALS
DUNA STEEL COMPANY DOO - U PRINUDN,MATERIALS
STIM GRADNJA DOO BEOGRAD - U STECA,INDUSTRIALS
TOP STOP AUTO DOO NOVI SAD,CONSUMER DISCRETIONARY
CINEPLEXX SRB,COMMUNICATIONS
MILSPED AML,INDUSTRIALS
SUBGROUP PHOENIX PHARMA,HEALTH CARE
GROUP ELIXIR,MATERIALS
SENTA-PROMET TP PO A.D.,CONSUMER STAPLES
TEAMEDICAL DOO,HEALTH CARE
ZZ STO-VET STARI ZEDNIK,CONSUMER STAPLES
KOMPONENT COMMERCE DOO KIKINDA,CONSUMER STAPLES
ROAMING ELECTRONICS DOO BEOGRAD,CONSUMER DISCRETIONARY
TIKI DOO,INDUSTRIALS
DIPeM CACAK,CONSUMER DISCRETIONARY
EYESEE D.O.O.,COMMUNICATIONS
DTL DOO BEOGRAD,CONSUMER STAPLES
INTERNATIONAL NEW VISION UNION DOO,CONSUMER DISCRETIONARY
LAZIC-POLJO KOMERC DOO GOLUBINCI,CONSUMER STAPLES
GLOBULINKS ZAPADNI BALKAN,INDUSTRIALS
KOKTEL-PJESCIC-POPOVIC DOO,CONSUMER STAPLES
INVICTUS SYSTEM TRANSPORT &,INDUSTRIALS
MIN LOKOMOTIVA AD NIS - U STECAJU,NOT RELEVANT
LANUS DOO BEOGRAD,INFORMATION TECHNOLOGY
MEDILINK DOO,CONSUMER DISCRETIONARY
GROUP MORAVA KG,CONSUMER STAPLES
JP NISSTAN NIS,INDUSTRIALS
BEOGRADSKA PEKARSKA INDUSTRIJA D.O,NOT RELEVANT
METALAC-PROLETER AD,CONSUMER STAPLES
NEW MOMENT IDEAS INVESTMENT DOO BE,CONSUMER DISCRETIONARY
BUSINESS PARK DOO,REAL ESTATE
IZDAVACKA KUCA FRESKA DOO BEOGRAD,COMMUNICATIONS
PLANETA SPORT D.O.O. BEOGRAD,CONSUMER DISCRETIONARY
TRGOCENTAR 94 DOO RUMA,MATERIALS
KONVOJ - TRANS DOO KRAGUJEVAC,CONSUMER STAPLES
PBD UNION DOO,CONSUMER DISCRETIONARY
IBM-INTERNATIONAL BUSINESS MACHINE,INFORMATION TECHNOLOGY
PLANET BIKE CO. DOO,CONSUMER DISCRETIONARY
PRIMERO RENT A CAR D.O.O.,INDUSTRIALS
METALAC A.D.,CONSUMER DISCRETIONARY
P.S. TELEFONIJA AD BEOGRAD U STECA,INFORMATION TECHNOLOGY
LAGER - U STECAJU,INDUSTRIALS
V.B.R. & CO - U STECAJU,NOT RELEVANT
MST INTERNATIONAL DOO BEOGRAD,HEALTH CARE
AUTOSRBIJA AD BEOGRAD,NOT RELEVANT
GROUP FEROMONT INZENJERING,NOT RELEVANT
GRANEXPORT DOO PANCEVO,CONSUMER STAPLES
ZAGREBTRANS D.O.O.,INDUSTRIALS
AS-PREVOZ DOO BAJINA BASTA,CONSUMER STAPLES
AUTOPREVOZ DP,INDUSTRIALS
HODLMAYR ZASTAVA DOO KRAGUJEVAC,INDUSTRIALS
ABB DOO,INDUSTRIALS
SEBASTIJAN LIMARIJA JEDINSTVO EMI,INDUSTRIALS
JAKOB BECKER,INDUSTRIALS
GORAN BOGDANOVIC PR BOGDANOVIC MEA,CONSUMER STAPLES
LIGHT STUDIO,NOT RELEVANT
MIMA KOMERC DOO BEOGRAD,INDUSTRIALS
GROUP LOGO BEOGRAD,INDUSTRIALS
COMTRADE DISTRIBUTION,INFORMATION TECHNOLOGY
AUTO REAL DOO - U LIKVIDACIJI,CONSUMER DISCRETIONARY
CH-AVIATION SOLUTIONS DOO BEOGRAD,INDUSTRIALS
NEW IMOBILIA DEVELOP DOO BEOGRAD,REAL ESTATE
EURO LINE DOO VUCKOVICA,CONSUMER STAPLES
TIM-COP DOO TEMERIN,INDUSTRIALS
YUBC INVEST D.O.O. BEOGRAD,MATERIALS
PATECH DOO - U PRINUDNOJ LIKVIDACI,INFORMATION TECHNOLOGY
CYNK-MAL DOO ALEKSINAC U LIKVIDACI,INDUSTRIALS
STUDIO MODERNA D.O.O.,CONSUMER DISCRETIONARY
DURIC-DOBRAVAC DOO SABAC,CONSUMER STAPLES
PANTELIC DOO KRALJEVO,CONSUMER STAPLES
NOVI OKOV DOO,INDUSTRIALS
VINARIJA ALEKSANDROVIC DOO VINCA,CONSUMER STAPLES
PREDSTAVNISTVO DONAUCHEM GMBH,MATERIALS
GROUP AUTO MIRKOS,CONSUMER DISCRETIONARY
STYLINE,CONSUMER STAPLES
VIBRANT DOO,CONSUMER DISCRETIONARY
SUMADIJA OMEGA DOO PIROMAN,MATERIALS
RADIX DOO BEOGRAD,CONSUMER STAPLES
SOKO INZINJERING DOO NOVI BEOGRAD,INDUSTRIALS
SB FERONA NOVI SAD,HEALTH CARE
LUXOL SINCE 1884,CONSUMER STAPLES
VALJAONICA BAKRA SEVOJNO AD SEVOJN,MATERIALS
IBIS-SOLUTIONS,INFORMATION TECHNOLOGY
MINERAL PRO DOO BEOGRAD,MATERIALS
KONVAR DOO BEOGRAD,INDUSTRIALS
MERCATA VT DOO,CONSUMER STAPLES
YETTEL D.O.O.,COMMUNICATIONS
ASTRA TELEKOM DOO BEOGRAD,COMMUNICATIONS
BELCOM DOO GORNJI MILANOVAC - U ST,MATERIALS
7. JULI PROMET DOO VRANJE,CONSUMER STAPLES
KTC DOO SUBOTICA - U LIKVIDACIJI,CONSUMER STAPLES
UNITEH A.D. ZA PROIZVODNJU KOMPRESO,INDUSTRIALS
group morava in doo krusevac,INDUSTRIALS
STATIK,INDUSTRIALS
STRATEMIS DOO,INDUSTRIALS
ELIXIR GROUP DOO,MATERIALS
ART PETROL DOO,CONSUMER DISCRETIONARY
NEW CITY MARKET DOO,CONSUMER STAPLES
GROUP gAMA CONSULTING,INDUSTRIALS
KORPORION PARK DOO,REAL ESTATE
ALMANI KOKO D.O.O. - U PRINUDNOJ L,INDUSTRIALS
KUK SRBIJA DOO BEOGRAD,CONSUMER STAPLES
KS SPEDITION & LOGISTIC DOO BEOGRA,INDUSTRIALS
IVDAM PROCESS CONTROL DOO BEOGRAD,INDUSTRIALS
JKP GRADSKI VODOVOD PROKULJE,UTILITIES
IMPACT CORPORATION DOO,INDUSTRIALS
NIMAX INVEST DOO,REAL ESTATE
PREDUZEzE KT SATORI DOO KRAGUJEVAC,CONSUMER DISCRETIONARY
BIRO - STEVANOVIC DOO PROKUPLJE,INDUSTRIALS
MLEKARA   GLOZANE,CONSUMER STAPLES
DENEZA M INZENJERING DOO BEOGRAD,INDUSTRIALS
AGROLEK DOO NOVI SAD,CONSUMER STAPLES
SKALA GARDEN  DOO SUBOTICA,MATERIALS
MOLIMENTUM D.O.O.,INDUSTRIALS
HOME PLUS DOO BEOGRAD - U STECAJU,CONSUMER DISCRETIONARY
AVE&VETMEDIC DOO BEOGRAD-CUKARICA,HEALTH CARE
STARBACO DOO,CONSUMER DISCRETIONARY
STING DOO PETROVAC,CONSUMER DISCRETIONARY
SUBGROUP SCP,MATERIALS
LIDL Srbija KD,CONSUMER STAPLES
SPEDTRANS WORLD DOO BEOGRAD,INDUSTRIALS
SRPSKA FONDACIJA ZA PREDUZETNISTVO,NOT RELEVANT
BB COMPANY,CONSUMER STAPLES
BMD BAU DOO BEOGRAD,INDUSTRIALS
MARS DOO BEOCIN,INDUSTRIALS
TIS-UNIVER SAVIC DOO,INDUSTRIALS
DRUSTVO SA OGRANICENOM ODGOVORNOSCU,CONSUMER DISCRETIONARY
AUTO BENUSSI DOO BEOGRAD,INDUSTRIALS
AMS-UNION DOO TRSTENIK,INDUSTRIALS
SMC INDUSTRIAL AUTOMATION D.O.O.,INDUSTRIALS
RAAVEX-GROUP DRUSTVO,CONSUMER DISCRETIONARY
BIOESEN DOO KULA,CONSUMER STAPLES
IRON MOUNTAIN DOO NOVI BANOVCI,INDUSTRIALS
VD DUNAV AD,INDUSTRIALS
TRNAVA PROMET DOO KRAGUJEVAC,CONSUMER STAPLES
FARMALOGIST DOO BEOGRAD,HEALTH CARE
STABILNA GRADNJA 2016 DOO,MATERIALS
ABBVIE,HEALTH CARE
LIDER FRIGO,INDUSTRIALS
OPSTA BOLNICA EUROMEDIK 2,HEALTH CARE
GROUP DAYS IN COLOURS,CONSUMER STAPLES
QUALITY AUSTRIA CENTER,INDUSTRIALS
KIOSK MERKUR PRES DOO POZAREVAC,CONSUMER DISCRETIONARY
MEDICO UNO PREDUZECE ZA TRGOVINU D.,NOT RELEVANT
NIKSA KOMERC DOO BEOGRAD,NOT RELEVANT
RTB BOR GRUPA RBB DOO U RESTRUKTUIR,NOT RELEVANT
VLADO BAUMASCHINEN D.O.O.,INDUSTRIALS
LIBERTAS DOO BEOGRAD,CONSUMER STAPLES
ADRIA MEDIA GROUP DOO,COMMUNICATIONS
JKP INFOSTAN TEHNOLOGIJE BEOGRAD,INFORMATION TECHNOLOGY
GROUP AGROFARM,CONSUMER DISCRETIONARY
ST.MARK,CONSUMER STAPLES
ZEPTER SHIPYARD IMMO D.O.O. BE,REAL ESTATE
DUMICO DOO BEOGRAD,CONSUMER STAPLES
TRANSPORT BROWELL NN DOO,INDUSTRIALS
BVG KOMERC DOO LESKOVAC,CONSUMER STAPLES
GROUP SILBO,CONSUMER STAPLES
DOO PIP NOVI SAD,CONSUMER STAPLES
BLUMEN MARKET DOO,CONSUMER DISCRETIONARY
CTP INVEST,REAL ESTATE
BAVARIA TEAM DOO CACAK,CONSUMER DISCRETIONARY
AUSTRIJSKI INSTITUT DOO BEOGRAD,CONSUMER DISCRETIONARY
AWT INTERNATIONAL D.O.O. BEOGRAD,CONSUMER STAPLES
"KOMPANIJA SIMPO ZA PROIZVODNJU, PRO",CONSUMER DISCRETIONARY
RATKO MITROVIC - DEDINJE DOO BEOGR,INDUSTRIALS
BAZIS GRUPA,NOT RELEVANT
BEOGRAF- BUKULJA,NOT RELEVANT
TELESIGN D.O.O. BEOGRAD,INFORMATION TECHNOLOGY
ALEBRA DOO,CONSUMER STAPLES
FEROMONT INZENJERING DOO BEOGRAD,INDUSTRIALS
JERRY CATERING SERVICE DOO,CONSUMER DISCRETIONARY
LADY F DOO BEOGRAD,CONSUMER DISCRETIONARY
TEHNOUNION-EXIM DOO SREMSKA KAMENI,INDUSTRIALS
GOLDEN BEAUTY SHOP DOO PANCEVO,CONSUMER STAPLES
MAJESTIC DOO BEOGRAD,CONSUMER DISCRETIONARY
M & B TRANS DOO,INDUSTRIALS
TREF STR,CONSUMER STAPLES
LOGOPORTO DOO BEOGRAD,INDUSTRIALS
ZORKA BPD DOO,MATERIALS
FORTUNA DIGITAL DOO,INDUSTRIALS
TOP DEISA,CONSUMER STAPLES
MG GROUP RECRUITMENT,INDUSTRIALS
SOLE-KOMERC DOO,CONSUMER STAPLES
DOO EURO LIN PARACIN,INDUSTRIALS
RONALD (ROBERT) HOLO,CONSUMER STAPLES
VULIN-COMERC D.O.O.,CONSUMER STAPLES
MOKINT S - U PRINUDNOJ LIKVIDACIJI,NOT RELEVANT
PANON PLUS - U STECAJU,NOT RELEVANT
LAFARGE BETON DOO BEOGRAD,MATERIALS
MV JONA DOO BEOGRAD,MATERIALS
FOND ZA RAZVOJ REPUBLIKE SRBIJE,FINANCIALS
TAHAL GROUP B.V. OGRANAK,INDUSTRIALS
SQUADRA DOO BEOGRAD,CONSUMER STAPLES
GROUP TRANSPORTSPED,INDUSTRIALS
GAMA CONSULTING DOO PROKUPLJE,INDUSTRIALS
ZIG TRADE DOO,INDUSTRIALS
ARSENOVIC  D00 SABAC,CONSUMER STAPLES
ROLAND (ROBERT) HOLO,CONSUMER STAPLES
SILBO DOO BEOGRAD,CONSUMER STAPLES
DESPOS DOO SABAC,INDUSTRIALS
POLIKLINIKA EUROMEDIC-DIAGNOSTIC,HEALTH CARE
DIMIDIJUS PHARM DOO BEOGRAD,HEALTH CARE
ADAM-SPED SYSTEM DOO,INDUSTRIALS
AD IMLEK,CONSUMER STAPLES
TEHNOLINK DOO,INDUSTRIALS
ATRIKOD DOO KRUSEVAC,INDUSTRIALS
UNITED CLOUD DOO BEOGRAD,INFORMATION TECHNOLOGY
GIRTPRO INZENJERING D.O.O. BEOGRAD,INDUSTRIALS
B&N DIZAJN DOO PANCEVO,CONSUMER DISCRETIONARY
Sirmium Steel d.o.o. - technikai,MATERIALS
BAUER+BAUER DOO BEOGRAD,CONSUMER DISCRETIONARY
BEXX LOGISTIC DOO,INDUSTRIALS
GUCA INDUSTRIJSKI KOMBINAT AD,CONSUMER STAPLES
KRP DOO NOVI SAD,NOT RELEVANT
STAV DOO PRIZREN,CONSUMER DISCRETIONARY
HEMOFARM DOO SABAC,HEALTH CARE
NATURA TRADE DOO,MATERIALS
TIM W.E. SEE DOO BEOGRAD - U STECA,INFORMATION TECHNOLOGY
LINDEN PVK D.O.O. - U PRINUDNOJ LI,CONSUMER STAPLES
FLINT GROUP BALKAN DOO GORNJI MILA,MATERIALS
GROUP DOBERGARD,INDUSTRIALS
PHYTOCARE DOO,CONSUMER STAPLES
EUROSALON FABRIKA DOO BEOGRAD,CONSUMER DISCRETIONARY
DOO ANDREJA TEMERIN,CONSUMER DISCRETIONARY
GLOBAL SEED D.O.O. CURUG,CONSUMER STAPLES
AD SIGMA BEOGRAD,INDUSTRIALS
DON DON DOO BEOGRAD,CONSUMER STAPLES
GROUP MANEKS,INDUSTRIALS
IVKOVIC DOO BOLEC,CONSUMER DISCRETIONARY
DELTA PREVING DOO BEOGRAD,INDUSTRIALS
LABTEH DOO BEOGRAD,HEALTH CARE
SAMOSTALNO TRGOVINSKO KOMISIONA RA,CONSUMER STAPLES
APA DOO APATIN,CONSUMER STAPLES
NEVENA COLOR DOO LESKOVAC,MATERIALS
LUXOR CO  PREDUZECE ZA PROIZVODNJU,NOT RELEVANT
MAKPETROL DOO BEOGRAD,NOT RELEVANT
MAGNA SEATING D.O.O.,CONSUMER DISCRETIONARY
PEK - PETROL DOO KUCEVO,NOT RELEVANT
GP ARADINOVIC DOO,INDUSTRIALS
PODGORINA FRUCHT DOO,CONSUMER STAPLES
TENFORE DOO,FINANCIALS
DOMING DOO SIMANOVCI,INDUSTRIALS
UNIPLAST-ZIVANOVIC DOO JELENCA,CONSUMER DISCRETIONARY
JAT AIRWAYS SRBIJA I CRNA GORA JP P,CONSUMER DISCRETIONARY
D.M.B. PROMET DOO BEOGRAD,INDUSTRIALS
TRES MONTANA DOO BEOGRAD,CONSUMER DISCRETIONARY
LOVACKO UDRUZENJE DRAGACEVO GUCA,NOT RELEVANT
GETRACO DOO BOLJEVCI,CONSUMER STAPLES
E-SMART SYSTEMS DOO BEOGRAD,INFORMATION TECHNOLOGY
ADRIA TRGOVINA,CONSUMER STAPLES
KIMBY-CO DOO,CONSUMER STAPLES
OBW GRADNJA,INDUSTRIALS
EUROFOAM SUNDJERI DOO NOVA PAZOVA,MATERIALS
"ENEL PS DOO,  NOVI BEOGRAD",INFORMATION TECHNOLOGY
BIO UNA DOO NOVI SAD,INDUSTRIALS
ALEKSIC  DR NEMANJA ADVOKAT,INDUSTRIALS
RESINEX SRBIJA DOO BEOGRAD,MATERIALS
MONARH DOO BEOGRAD (VRACAR),INDUSTRIALS
A.M.A. GROUP BEOGRAD,INDUSTRIALS
MARNI D.O.O. KRUSEVAC,CONSUMER STAPLES
RATKO MITROVIC,NOT RELEVANT
SIMEXGROUP DOO SUBOTICA,CONSUMER STAPLES
CMS REICH-ROHRWIG HAINZ DOO BEOGRA,INDUSTRIALS
JUST PAPER DOO BEOGRAD,MATERIALS
PP SOMBOR D.O.O.,NOT RELEVANT
PREDUZECE DRENOVAC DOO MIROSALJCI,CONSUMER STAPLES
POSLOVNI CENTAR CITY PASSAGE - UDR,NOT RELEVANT
SUBGROUP SINTELON,INDUSTRIALS
MINEL GENERAL ELECTRIC,INDUSTRIALS
LYCTUM,INDUSTRIALS
BIO SAVE LAB NS,HEALTH CARE
CIAK TRUCK,CONSUMER DISCRETIONARY
AGROHIM & KEMOIMPEX DOO,CONSUMER DISCRETIONARY
GROUP DJAK,CONSUMER DISCRETIONARY
AGROPANONKA MTZ FINKE DOO NOVI SAD,INDUSTRIALS
GROUP COMTRADE,INFORMATION TECHNOLOGY
DELTA AUTOMOTO DOO,CONSUMER DISCRETIONARY
CONING - PPI DOO NOVI SAD,HEALTH CARE
PROMONT GROUP DOO NOVI SAD,INDUSTRIALS
SMKR-SASA DOO BEOGRAD,CONSUMER STAPLES
SUN CHEMICAL PRINTING INK DOO BEOG,NOT RELEVANT
ELEKTRODISTRIBUCIJA SRBIJE,UTILITIES
GOMBIT DOO BEOGRAD,CONSUMER STAPLES
BIBO-CAR DOO POZAREVAC,CONSUMER DISCRETIONARY
X-TRADE DOO JAGODINA,CONSUMER DISCRETIONARY
GRAFIPROF DOO BEOGRAD,NOT RELEVANT
ABT LOGISTIC 2021 DOO,INDUSTRIALS
EXTREME DOO BEOGRAD,INFORMATION TECHNOLOGY
SOT DOO BEOGRAD,INDUSTRIALS
SITOPLAST DOO,INDUSTRIALS
GROUP GEINARRO,CONSUMER DISCRETIONARY
SQUADRA  GROUP,CONSUMER DISCRETIONARY
DUNEX DOO BEOGRAD,INDUSTRIALS
IGT DOO CACAK,MATERIALS
MULTIVAC,INDUSTRIALS
BRACA CRNOMARKOVIC D.O.O. STARI BA,CONSUMER DISCRETIONARY
THE END OF LINE DOO BEOGRAD,MATERIALS
TRGOVINA TRLIC,CONSUMER STAPLES
NATASA DRLJACA PREDUZETNIK DRAGSTO,CONSUMER STAPLES
NS PLAKAT DOO NOVI SAD,INDUSTRIALS
PC CENTAR DOO BEOGRAD,INFORMATION TECHNOLOGY
GROUP ZELVOZ GOSA,INDUSTRIALS
DINAMIKA DOO NOVI SAD,INDUSTRIALS
PALLADIO EAST DOO VRSAC,MATERIALS
SLOBODNA ZONA BEOGRAD AD,NOT RELEVANT
NPCO DOO BEOGRAD,NOT RELEVANT
PWW LESKOVAC DOO,INDUSTRIALS
ECOLAND DOO SMEDEREVO,NOT RELEVANT
GRAIN D.O.O. BEOGRAD U LIKVIDACIJI,INDUSTRIALS
Subroup Alas Serbia,MATERIALS
TEHNOKOMERC DOO KRUSEVAC,INDUSTRIALS
KEPO DOO KOSJERIC,INDUSTRIALS
DOO MB KOMERC RUMA,CONSUMER STAPLES
UNIVERZITET PRIVREDNA AKADEMIJA U,CONSUMER DISCRETIONARY
VERMAX-ALATI DOO BEOGRAD,INDUSTRIALS
GLOVOAPP TECHNOLOGY D.O.O.,CONSUMER DISCRETIONARY
DELTA REAL ESTATE DOO BEOGRAD,REAL ESTATE
GROUP EUROMEDIC POLIKLINIKA,HEALTH CARE
UNCONDITIONAL,CONSUMER STAPLES
DZ EUROMEDIK BEOGRAD,HEALTH CARE
MDS INFORMATICKI INZENJERING DOO B,INFORMATION TECHNOLOGY
MCF MEGACOM FILM DOO BEOGRAD,COMMUNICATIONS
BUSES AND COACHES DOO,CONSUMER DISCRETIONARY
STRUJA DOO NOVI SAD,INDUSTRIALS
LAFARGE GIPS BEOCIN D.O.O.,MATERIALS
TALUM DOO SABAC,MATERIALS
FITEKS D.O.O. BEOGRAD,CONSUMER DISCRETIONARY
VEKIC CHOCOLATE DOO TEMERIN - U ST,NOT RELEVANT
KNAUF AMF DOO BEOGRAD,INDUSTRIALS
MG OIL DOO BEOGRAD,ENERGY
TDR DOO BEOGRAD - U LIKVIDACIJI,CONSUMER STAPLES
PENTAKS TT DOO SABAC,CONSUMER DISCRETIONARY
DINAKOM D.O.O.,NOT RELEVANT
MUSTANG DOO PIROT,CONSUMER STAPLES
PREDUZECE AD DOO SABAC,INDUSTRIALS
"METEOR SN BIRO D.O.O, BEOGRAD",INDUSTRIALS
AVE PHARMACEUTICAL DOO,CONSUMER STAPLES
ZLATAR DOO MRAMORAK,CONSUMER STAPLES
BEO DRAGOS DOO BEOGRAD,MATERIALS
TAUROLL DOO BEOGRAD,INDUSTRIALS
ETAZ DOO BEOGRAD,INDUSTRIALS
PIJACA JP LESKOVAC,NOT RELEVANT
SLOBODA DOO,CONSUMER STAPLES
NIK PRO DOO - U STECAJU,CONSUMER STAPLES
ROX-BG DOO BEOGRAD,CONSUMER DISCRETIONARY
ALKALOID SEE DOO BEOGRAD,INDUSTRIALS
INTER-KOMERC DOO RACA,CONSUMER STAPLES
JAVORNIK DOO SUBOTICA,INDUSTRIALS
MASINOPROJEKT KOPRING A.D. BEOGRAD,INDUSTRIALS
XLS,CONSUMER DISCRETIONARY
GROUP RADIX,CONSUMER STAPLES
MEGAMARKET DOO SMEDEREVSKA PALANKA,CONSUMER STAPLES
THE FUN & FIT COMPANY DOO BEOGRAD,CONSUMER STAPLES
AUTO MIG DOO NIS,CONSUMER DISCRETIONARY
TP TRANSKOM 94 DOO SABAC,CONSUMER STAPLES
TOLOKA,INFORMATION TECHNOLOGY
EURO-PEN,NOT RELEVANT
EURO LIFE DOO BEOGRAD,NOT RELEVANT
NECKERMANN D.O.O.,NOT RELEVANT
AGRICOM COMPANY GROUP DOO,CONSUMER STAPLES
POLIFIN DOO ZEMUN,CONSUMER STAPLES
AD IGM RUMA RUMA,MATERIALS
DEM DOO KULPIN,CONSUMER STAPLES
ZORIC DOO,CONSUMER STAPLES
ARC INTERNATIONAL DOO BEOGRAD,CONSUMER DISCRETIONARY
STOVARISTE JAKOVLJEVIC DOO,MATERIALS
ENERGY NET DOO,INDUSTRIALS
GROUP FARMALOGIST (ERGO WBS),HEALTH CARE
ZOREX PHARMA DOO SABAC,HEALTH CARE
EWE COMP DOO BEOGRAD ZEMUN,INFORMATION TECHNOLOGY
EHOM DOO BEOGRAD,CONSUMER DISCRETIONARY
FURNIS DOO,CONSUMER DISCRETIONARY
DANUBE PETFOODS D.O.O.,CONSUMER STAPLES
MOJA ZLATNA RAVNICA,CONSUMER STAPLES
BANJA KOMERC BEKAMENT DOO BANJA AR,MATERIALS
FRIGLO,CONSUMER STAPLES
KOLOR GRADNJA DOO BEOGRAD,MATERIALS
PAN LINE DOO BEOGRAD,INDUSTRIALS
BMI ADRIATIC D.O.O. - U LIKVIDACIJ,NOT RELEVANT
BOBEX DOO BEOGRAD,CONSUMER DISCRETIONARY
ZITKO AD  BACKA TOPOLA,NOT RELEVANT
METAL-INVEST DOO MIONICA,INDUSTRIALS
PRO SERVICES BEOGRAD - U LIKVIDACI,INDUSTRIALS
STING-DSN DOO POZAREVAC - U LIKVID,NOT RELEVANT
MEDIA II - U STECAJU,NOT RELEVANT
GLOSSY MEDIA DOO BEOGRAD,CONSUMER DISCRETIONARY
AUTOKOMERC S STEFANOVIC ZELJKA KD,INDUSTRIALS
PIPELIFE SERBIA DOO,INDUSTRIALS
"AMAN DOO BEOGRAD, SURCIN",CONSUMER STAPLES
TRECA PETOLETKA,REAL ESTATE
TOP TECH WOODWORKING D.O.O. BEOGRA,INDUSTRIALS
S-GROUP DOO,MATERIALS
GSM 3 G COMPANY DOO BEOGRAD,CONSUMER DISCRETIONARY
OES D.O.O.,INDUSTRIALS
7 JULI DOO SIRIG,CONSUMER STAPLES
GRADITELJ DP,NOT RELEVANT
COMMUNIS DBD BEOGRAD - U LIKVIDACI,NOT RELEVANT
KOMNENOVIC AUTO DOO BEOGRAD - U ST,CONSUMER DISCRETIONARY
DECO DOO VRNJACKA BANJA,INDUSTRIALS
VISA-PROM DOO KANJIZA,MATERIALS
ORTEX URO GROUP DOO PARUNOVAC,INDUSTRIALS
YONEX DOO SREMSKA MITROVICA,INDUSTRIALS
LEXMARK INTERNATIONAL RS D.O.O. -,INFORMATION TECHNOLOGY
PATENT CO DOO MISICEVO,CONSUMER STAPLES
PREDUZECE AUSTROTHERM DOO VALJEVO,INDUSTRIALS
DOO BASTA ZRENJANIN,CONSUMER DISCRETIONARY
KID-TRANS TRADE DOO BEOGRAD,INDUSTRIALS
GROUP LYCTUM DOO BEOGRAD,INDUSTRIALS
ARHI.PRO DOO BEOGRAD,INDUSTRIALS
GREENCHEM RS,INDUSTRIALS
JADRAN DOO BEOGRAD,INDUSTRIALS
MPG PLUS DOO,COMMUNICATIONS
TETRA INZENJERING D.O.O. VALJEVO,INDUSTRIALS
ALFA-PLAM DOO VRANJE,CONSUMER DISCRETIONARY
IZOTEKS DOO BEOGRAD,INDUSTRIALS
VISUAL IMPACT DOO BEOGRAD,INFORMATION TECHNOLOGY
CONEO CONSULTING,INDUSTRIALS
FAVORIT STR JAGODA GAJIC PR,CONSUMER STAPLES
DZERSI DOO,NOT RELEVANT
VINARIJA COKA - U STECAJU,CONSUMER STAPLES
GROUP PAKOM,NOT RELEVANT
STAMPA COMMERCE D.O.O.,NOT RELEVANT
JUKOMERC D.O.O.KRUSEVAC U STECAJU,CONSUMER STAPLES
AGROMONTERRA D.O.O. VRBAS,CONSUMER STAPLES
ZNAMGRAF DOO,MATERIALS
DOO GRUTINI PRESS SOMBOR,CONSUMER STAPLES
MING KOVACNICA A.D. NIS,INDUSTRIALS
HALAS JOZEF DOO ADA-U STECAJU,CONSUMER STAPLES
EUROPEAN CONTRACT LOGISTICS-SERBIA,INDUSTRIALS
ENAT DOO,CONSUMER DISCRETIONARY
PODGORINA-VOCE DOO,CONSUMER STAPLES
NIVEX DOO DOBANOVCI,INDUSTRIALS
KOVILOVACA DOO DESPOTOVAC,MATERIALS
GROUP VIZIJA TIM,MATERIALS
SALVEO DOO BEOGRAD,HEALTH CARE
ROBERT BOSCH DOO BEOGRAD,CONSUMER DISCRETIONARY
JFE SHOJI SERBIA,CONSUMER DISCRETIONARY
VD JUGOKOP-PODRINJE DOO SABAC,INDUSTRIALS
BIZLINK TECHNOLOGY SRB D.O.O.,INDUSTRIALS
TEAMENERGO DOO,INDUSTRIALS
STS TRANS DOO KANJIZA,INDUSTRIALS
ZENTIVA PHARMA D.O.O.,HEALTH CARE
TEI-MC DOO,INDUSTRIALS
JKP PIJACA KRALJEVO,INDUSTRIALS
TEHNOPLAST DOO STARI BANOVCI,INDUSTRIALS
PRODUKT,NOT RELEVANT
GRAND D INZENJERING,INDUSTRIALS
"NEW STEEL D.O.O., BEOGRAD",NOT RELEVANT
PANTA KLAS,CONSUMER STAPLES
SLAVICA (DJORDJE) VESKOV,CONSUMER STAPLES
"COMEX  DOO, SABAC",MATERIALS
KORKOVADO DOO,INDUSTRIALS
ZORKA-OPEKA DOO BEOGRAD,MATERIALS
FIM DOO KANJIZA,ENERGY
YUGOLOGISTICS,INDUSTRIALS
UMKA D.O.O. UMKA,MATERIALS
LM KOMERC D.O.O. OBRENOVAC,INDUSTRIALS
Group CWP Europe,UTILITIES
HOLLEMAN TRANSPORT D.O.O.,INDUSTRIALS
group chemical agrosava,MATERIALS
COPPER COM DOO UZICE,INDUSTRIALS
VESTA TRAILERS DOO,INDUSTRIALS
ERICSSON DOO BEOGRAD,INFORMATION TECHNOLOGY
TOTALENERGIES MARKETING SERBIA DOO,INDUSTRIALS
GROUP DJURDJEVIC,CONSUMER STAPLES
Group PTT Serbia,INDUSTRIALS
ALEKSANDAR GRADNJA,NOT RELEVANT
DP-ZALIV DOO CRVENKA,INDUSTRIALS
SKV INZENJERING DOO - U STECAJU,INDUSTRIALS
CER AD CACAK,INDUSTRIALS
MVM MOTORS DOO PREDUZ.ZA PROM. I S,NOT RELEVANT
BRAJIC ALEKSE SZR PMP SLEPCEVIC,CONSUMER STAPLES
LDM EXPORT-IMPORT DOO BEOGRAD,NOT RELEVANT
UNIVERS-CO DOO BEOGRAD,CONSUMER DISCRETIONARY
PRO-MAX BETON DOO BEOGRAD,INDUSTRIALS
JKP STANDARD VRBAS,UTILITIES
HYPEROPTIC LTD OGRANAK,COMMUNICATIONS
RALU DOO BEOGRAD,INDUSTRIALS
DSM NUTRITIONAL PRODUCTS SRB D.O.O,CONSUMER STAPLES
NBN GROUP D.O.O. BEOGRAD,CONSUMER DISCRETIONARY
DELTA FONDACIJA,NOT RELEVANT
3 TERM DOO,INDUSTRIALS
MARKO-PAN DOO PANcEVO,CONSUMER DISCRETIONARY
DCP-HEMIGAL DOO LESKOVAC,CONSUMER STAPLES
TAS EASTERN EUROPE DOO BEOGRAD,INFORMATION TECHNOLOGY
VIZIJA TIM DOO SABAC,INDUSTRIALS
MONDOLUKA PLUS DOO BEOGRAD,ENERGY
EUROINVEST NS,REAL ESTATE
DOO ALMEX PANCEVO,CONSUMER STAPLES
MSA IP - MILOJEVIC SEKULIC ADVOKAT,INDUSTRIALS
DOO PET MB AGRAR SUBOTISTE,CONSUMER STAPLES
LINIJA TIP DOO,INDUSTRIALS
ACTERRNA DOO BEOGRAD - U STECAJU,HEALTH CARE
OM REKLAMNA AGENCIJA - U STECAJU,NOT RELEVANT
MLADOST AD CUPRIJA - U STECAJU,NOT RELEVANT
AGRO BOGIC D.O.O.,CONSUMER STAPLES
B.G.-PHARM U STECAJU,HEALTH CARE
PANONIJA DOO,CONSUMER STAPLES
AUTO SABAC 2010 DOO SABAC   - U PR,CONSUMER DISCRETIONARY
PK PRODUKT D.O.O.,NOT RELEVANT
SANDERS SH D O O  TEMERIN,CONSUMER STAPLES
ULJARICE BACKA DOO,CONSUMER STAPLES
DOO AGROVET MELENCI,CONSUMER STAPLES
ALPROS RENT DOO,INDUSTRIALS
NN CVETKOVIC AUTOPREVOZ,INDUSTRIALS
MORENO KAFA,CONSUMER STAPLES
AKS DRIVE DOO SABAC,CONSUMER DISCRETIONARY
TECASI DOO KRUSEVAC,INDUSTRIALS
LHR DOO BEOGRAD,INDUSTRIALS
SHADOWNET D.O.O.,INDUSTRIALS
AMSPEC D O O  NOVI SAD,INDUSTRIALS
RWA SRBIJA D.O.O.,CONSUMER STAPLES
DEKRA OUTSOURCING DOO,INDUSTRIALS
VAPOLI DOO VALJEVO,INDUSTRIALS
LADINVEST BEOGRAD,NOT RELEVANT
MLINPEK AD,NOT RELEVANT
INTER-PET DOO BEOGRAD,MATERIALS
INTERLAB EXIM DOO BEOGRAD,HEALTH CARE
VIGINTI,REAL ESTATE
SMART BUILDING TECHNOLOGIES D.O.O.,INDUSTRIALS
WIENERBERGER,INDUSTRIALS
CHEF BOUTIQUE,INDUSTRIALS
RAS INZENJERING NISKOGRADNJA DOO B,INDUSTRIALS
NEPTUN ELECTRONICS DOO BEOGRAD - U,CONSUMER DISCRETIONARY
ARCHANGEL DIGITAL STUDIOS,COMMUNICATIONS
TERMOMONT DOO BEOGRAD,INDUSTRIALS
ANALYSIS,HEALTH CARE
BEAM EUROPE DOO,INDUSTRIALS
SINDIKALNA ORGANIZACIJA LAFARGE BFC,NOT RELEVANT
PAVOR D.O.O.,CONSUMER STAPLES
JPAI HOME,CONSUMER DISCRETIONARY
MILLENNIUM TEAM DOO,INDUSTRIALS
"PALCO DOO, SABAC",CONSUMER STAPLES
INTERALLIS CHEMICALS D.O.O.,INDUSTRIALS
ANANAS E-COMMERCE D.O.O.,CONSUMER DISCRETIONARY
EVRO DOM DOO KAC,MATERIALS
SARCEVIC CO D.O.O. VRBAS,INDUSTRIALS
NORTH AMERICAN DOO BEOGRAD,INDUSTRIALS
EDITA (KALMAN) MUNKAS,CONSUMER STAPLES
MOC PRIRODE KOMERC D.O.O.,CONSUMER STAPLES
TIGAR TRGOVINA D.O.O.,NOT RELEVANT
BRANKO PERISIC AD KRUSEVAC,REAL ESTATE
PETROBUL DOO BEOGRAD,MATERIALS
FERCAM D.O.O.,INDUSTRIALS
KLANICA I PRERADA 808 DOO STARA PA,CONSUMER STAPLES
TOWERS NET DOO BEOGRAD,CONSUMER STAPLES
DAROVI ROKUS DOO,COMMUNICATIONS
FORI TEXTILE SER DOO,CONSUMER DISCRETIONARY
PREDUZECE FOKA DOO GORNJI MILANOVA,MATERIALS
INOS SINMA AD,NOT RELEVANT
ERGOMED DOO NOVI SAD,CONSUMER DISCRETIONARY
YU AGENT DOO BEZDAN,INDUSTRIALS
DOMINO MARKET D.O.O. ARANDELOVAC,CONSUMER STAPLES
HEALTHCARE ALLIANCE D.O.O.BEOGRAD,INDUSTRIALS
MGI DVA DUKATA,INDUSTRIALS
SMURFIT KAPPA AVALA ADA DOO,MATERIALS
ALEKSANDRIJA DOO-BEOGRAD U STECAJU,CONSUMER STAPLES
GROUP MACCHINA GROUP,INDUSTRIALS
JP KIKINDA,INDUSTRIALS
TRIO MOTORS DOO NOVI SAD,CONSUMER DISCRETIONARY
YANFENG INTERNATIONAL AUTOMOTIVE T,CONSUMER DISCRETIONARY
URMA RENT DOO NOVI SAD,REAL ESTATE
DELTA INZENJERING DOO BEOGRAD,INDUSTRIALS
BEO-SPORT SYSTEM DOO BEOGRAD,CONSUMER DISCRETIONARY
SIMMES,CONSUMER STAPLES
SINC NOVATION,INDUSTRIALS
KOTO DOO,INDUSTRIALS
UTP REKIC TRAVEL DOO NOVI PAZAR -,CONSUMER DISCRETIONARY
GENERAL LINE DOO NOVI SAD,NOT RELEVANT
VITAL LINE DOO,NOT RELEVANT
DOO KONZUL NOVI SAD PJ  B.LUKA,CONSUMER STAPLES
TRANSKOP EXPORT-IMPORT PARACIN,INDUSTRIALS
DOO AGROTRADING NOVI SAD,CONSUMER STAPLES
DELISES-HANI DOO VLADICIN HAN,CONSUMER STAPLES
EUROBILD DOO,INDUSTRIALS
VGP PARK ONE D.O.O.,REAL ESTATE
MAG CENTAR DOO BEOGRAD,CONSUMER DISCRETIONARY
COMPACT INDUSTRY DOO SVILAJNAC,INDUSTRIALS
DO-ING DOO BEOGRAD,CONSUMER DISCRETIONARY
AGROSERVICE EGS D.O.O.,INDUSTRIALS
FILI DOO SVILAJNAC,CONSUMER STAPLES
BROCANTE D.O.O.,REAL ESTATE
JAFFA DOO CRVENKA,CONSUMER STAPLES
EBI INTERNATIONAL COMPANY DOO OBRE,INDUSTRIALS
SIGRAD INZENJERING DOO,NOT RELEVANT
TERMOELEKTRANE I KOPOVI KOSTOLAC,NOT RELEVANT
MPI POBEDA DOO ARANDELOVAC,CONSUMER STAPLES
AUTO TEC DOO BEOGRAD - U STECAJU,CONSUMER DISCRETIONARY
TEHNOMARKET DOO PANCEVO,INDUSTRIALS
SI & SI DISTRIBUCIJA DOO,NOT RELEVANT
D.B.T. OKOVI DOO,CONSUMER DISCRETIONARY
PUTEVI CENTAR DOO BEOGRAD,INDUSTRIALS
BIG BANG DOO BEOGRAD - U STECAJU,CONSUMER DISCRETIONARY
IBIS-PETROL DOO RUMA,CONSUMER DISCRETIONARY
ENERGOPROJEKT NISKOGRADNJA,INDUSTRIALS
ARUM DEC,CONSUMER STAPLES
TRLENB DOO BEOGRAD,CONSUMER STAPLES
ADRIA NEW ENERGY DOO,CONSUMER DISCRETIONARY
TELEGROUP DOO,INFORMATION TECHNOLOGY
PHILIP MORRIS OPERATIONS,CONSUMER STAPLES
ARI FRUCT DOO - U STECAJU,CONSUMER STAPLES
TPU NIPS DOO  PARACIN,INDUSTRIALS
ENERGY NET MOBILITY RENT DOO,INDUSTRIALS
GROUP KARTONVAL,MATERIALS
KOZMETIK PLUS DOO NIS,CONSUMER STAPLES
EURODOM DOO BORCA,INDUSTRIALS
SUBGROUP TRECA PETOLETKA,CONSUMER DISCRETIONARY
MESOPROMET DOO,NOT RELEVANT
GALEB GROUP DOO BEOGRAD,INDUSTRIALS
"S.R.M.A. D.O.O., ZEMUN",MATERIALS
PREDUZECE ZA PROIZVODNJU TRGOVINU N,MATERIALS
STUDIO THE PHACTORY DOO VRSAC,MATERIALS
MIDI ORGANIC DOO DONJE GRGURE,CONSUMER STAPLES
TONCEV GRADNJA DOO SURDULICA,INDUSTRIALS
SUBGROUP EUROPARK,INDUSTRIALS
CHS D.O.O.BEOGRAD,INFORMATION TECHNOLOGY
SUBGROUP TELENOR SERBIA,COMMUNICATIONS
MATIC INDUSTRIJA MESA DOO NOVI SAD,CONSUMER STAPLES
ARMART 011 DOO,INDUSTRIALS
NIDEL AGRAR DOO,CONSUMER STAPLES
JUKOMERC BIOPRODUKT D.O.O,NOT RELEVANT
VEOLIA TRANSPORT LUV DOO BEOGRAD,NOT RELEVANT
SAMEX GROUP DOO BEOGRAD - U STECAJ,INDUSTRIALS
RLOL ESTATE 1 DOO,REAL ESTATE
W-LINE DOO BEOGRAD,REAL ESTATE
MATEO TRANS DOO CACAK,INDUSTRIALS
GROUP KEPROM AKSA DOB,CONSUMER DISCRETIONARY
VIN FARM DOO KULPIN,CONSUMER STAPLES
SLOVIS DOO,CONSUMER DISCRETIONARY
KLAS MRVIC DOO KRAGUJEVAC,CONSUMER STAPLES
OMEGA IMPEKS DOO BEOGRAD,MATERIALS
MIA MARA DOO,CONSUMER DISCRETIONARY
VODOTERM DOO KRAGUJEVAC,CONSUMER DISCRETIONARY
METALAC FAD D.O.O. GORNJI MILANOVA,CONSUMER DISCRETIONARY
GROUP IRIS,INFORMATION TECHNOLOGY
BMN MALINAS D.O.O.,CONSUMER STAPLES
FDS DOO BEOGRAD - U LIKVIDACIJI,CONSUMER STAPLES
INSTITUT ZA NUKLEARNE NAUKE-VINCA,NOT RELEVANT
MONUS DOO BEOGRAD ZEMUN,NOT RELEVANT
MARS BALKAN EAST DOO,CONSUMER STAPLES
ZITO-MEDIA D.O.O. KULA,CONSUMER STAPLES
MILE SAVIC PREDUZETNIK ZANATSKA RA,INDUSTRIALS
DELTA TRANSPORTNI SISTEM - D.T.S.,INDUSTRIALS
INOUTIC/DECEUNINCK DOO BEOGRAD,INDUSTRIALS
POBEDA PLUS DOO NIS,CONSUMER STAPLES
GIVESENSE D.O.O. BEOGRAD,INFORMATION TECHNOLOGY
INTERNATIONAL CONSULTING AND DEVEL,INDUSTRIALS
VODOMARKET DOO,INDUSTRIALS
PNEUGROUP DOO BEOGRAD,CONSUMER DISCRETIONARY
KRONOSPAN SRB,MATERIALS
IGM MLADOST DOO,MATERIALS
"DOO BOMAX, SUBOTICA",INDUSTRIALS
JP VOJVODINASUME PETROVARADIN,MATERIALS
JAPI COM DOO NOVI SAD,INFORMATION TECHNOLOGY
NETLOGIC DOO BEOGRAD,INFORMATION TECHNOLOGY
PRO VIDEO DOO BEOGRAD,INFORMATION TECHNOLOGY
IC SYSTEMS DOO,NOT RELEVANT
FILLY FARM APOTEKA,NOT RELEVANT
PODRUM DZERVIN 1927 D.O.O.,CONSUMER STAPLES
GROUP RATKO MITROVIC,NOT RELEVANT
HUSKY CORPORATION DOO ,INDUSTRIALS
HAUZMAJSTOR DOO,INDUSTRIALS
PIMS DOO SIMANOVCI - U STECAJU,CONSUMER STAPLES
ZITOSTOK DOO VELIKA PLANA,CONSUMER STAPLES
AGRONAUT DOO BEOGRAD,CONSUMER STAPLES
OPTICUS DOO BEOGRAD,HEALTH CARE
FRIKOM DOO BEOGRAD,CONSUMER STAPLES
BRACA DRINIC DOO,MATERIALS
JOMAPEKS DOO NOVI SAD,INDUSTRIALS
JKP BEOGRADSKI METRO I VOZ,INDUSTRIALS
DRAGER TEHNIKA DOO BEOGRAD,HEALTH CARE
VELAN DOO BEOGRAD,CONSUMER DISCRETIONARY
VORWERK DRIVETEC SERBIA D.O.O.,CONSUMER DISCRETIONARY
KPMG DOO BEOGRAD,INDUSTRIALS
AGRO JOVAN DOO,UTILITIES
MOTO-PLAST DOO NOVA PAZOVA,MATERIALS
ALPROS AUTO DOO,CONSUMER DISCRETIONARY
MARINA (DRAGOLJUB) POPOVIC,CONSUMER STAPLES
CLINRES FARMACIJA DOO BEOGRAD,HEALTH CARE
MULTICOMPANY DOO NOVI SAD,CONSUMER DISCRETIONARY
LENADA DOO BEOGRAD - U STECAJU,CONSUMER STAPLES
DIRECT BRANDS DOO BEOGRAD  U PRINU,CONSUMER DISCRETIONARY
HOSANA DOO POZEGA,CONSUMER STAPLES
MEDIFARM BEOGRAD,NOT RELEVANT
ZITOPROMET-RUMA DOO RUMA,CONSUMER STAPLES
COCO-FASHION DOO,CONSUMER DISCRETIONARY
GRADATIN DOO NOVI SAD - U LIKVIDAC,NOT RELEVANT
ROYAL SPED DOO,INDUSTRIALS
DUGA FRUIT DOO,CONSUMER STAPLES
GROUP MAGNA PHARMACIA BG,HEALTH CARE
AKS EXPRESS KURIR,INDUSTRIALS
LEPENSKI VIR AD PECINCI,CONSUMER DISCRETIONARY
KARAMARKOVz DOO NOVI BANOVCI,CONSUMER STAPLES
POSTKEY REAL ESTATE,INDUSTRIALS
DJERDAP USLUGE AD KLADOVO,INDUSTRIALS
CWP Europe Sàrl,INDUSTRIALS
MS PROMCOM DOO  BEOGRAD,INDUSTRIALS
DOO AC INTERSREM VETERNIK,CONSUMER DISCRETIONARY
BALL GLOBAL BUSINESS SERVICES EMEA,INDUSTRIALS
CLP DOO VRSAC,INDUSTRIALS
HS ENGINEERING,INDUSTRIALS
GROUP EXTRA AUTOTRANSPORT,INDUSTRIALS
QUADRATURA DOO BEOGRAD,INDUSTRIALS
G3 SPIRITS DOO BEOGRAD,CONSUMER STAPLES
DOO MALI AGRAR RUMENKA,MATERIALS
ARIPHARMA DOO BEOGRAD,HEALTH CARE
PAKOM DISTRIBUTION SYSTEM DOO NIS,INFORMATION TECHNOLOGY
MERIDIAN BALKANS D.O.O. BEOGRAD,NOT RELEVANT
REDIBO DOO - U PRINUDNOJ LIKVIDACI,CONSUMER STAPLES
PITURA DOO BEOGRAD,MATERIALS
PREST DOO NIS DONJE MEDJUROVO,CONSUMER STAPLES
FRIGO  PAUN DOO POZEGA,CONSUMER STAPLES
PREDUZECE AEROFRUTI DOO SEVOJNO -,CONSUMER STAPLES
VIMPORT DOO BEOGRAD,CONSUMER DISCRETIONARY
LDM GROUP DOO BEOGRAD - ZEMUN,INDUSTRIALS
NARA PROM DOO BEOGRAD,REAL ESTATE
PANTO DISTRIBUCIJA DOO BEOGRAD,CONSUMER STAPLES
CORE DISTRIBUTION D.O.O.,CONSUMER STAPLES
TIS-JELOVICA,MATERIALS
KEPROM DOO BEOGRAD,CONSUMER DISCRETIONARY
KABELNET,INDUSTRIALS
GP GRIN D.O.O.,REAL ESTATE
UNICHEM ENVIRO DOO SUBOTICA,MATERIALS
KELAG INTERNATIONAL D.O.O.,UTILITIES
SAMEDI DOO VALJEVO,CONSUMER DISCRETIONARY
DEETA PLAST DOO KIKINDA,MATERIALS
NAFTA  DOO NOVI SAD,INDUSTRIALS
GROUP RODIC,NOT RELEVANT
RUMAPLAST DOO,MATERIALS
GROUP VULIN COMERC,NOT RELEVANT
VETERINARSKI ZAVOD SUBOTICA,CONSUMER STAPLES
AD PANSIROVINA PANCEVO,INDUSTRIALS
GTC Business Park d.o.o.,FINANCIALS
METEOR-COMMERCE,CONSUMER STAPLES
KRUNA-KOMERC DOO BEOGRAD,CONSUMER STAPLES
VOESTALPINE DOO BEOGRAD,MATERIALS
INTERAUTO DOO CACAK,CONSUMER DISCRETIONARY
ZAHAREX DOO,UTILITIES
WOILS DOO,CONSUMER DISCRETIONARY
TASKUS SB D.O.O.,INDUSTRIALS
MAGNOHROM DOO KRALJEVO,MATERIALS
DOO NS PHARM  NOVI SAD,HEALTH CARE
ARUM DOO ZEMUN,CONSUMER STAPLES
METALKA DOO BOR,INDUSTRIALS
REGULACIJE D.O.O. SREMSKA MITROVIC,INDUSTRIALS
GROUP ENTECO,INDUSTRIALS
WOLFERS D.O.O.,REAL ESTATE
DANILOVIC FAMILY INVEST DOO CACAK,REAL ESTATE
BRICK DEVELOPMENT D.O.O.,REAL ESTATE
SPV DONAU KAPITAL D.O.O. NOVI SAD,INDUSTRIALS
STEELTEC DOO JARAK - U STECAJU,MATERIALS
RADOVI U TOKU DOO BEOGRAD,FINANCIALS
COLOR EURO MEDIA D.O.O.,NOT RELEVANT
STR TREF,NOT RELEVANT
SANAD DOO SANAD,NOT RELEVANT
VIN&ZIG COMPANY - U STECAJU,NOT RELEVANT
METALAC COMPANY DOO KURSUMLIJA,INDUSTRIALS
AUTO CACAK TRUCKS DOO,CONSUMER DISCRETIONARY
DOO DMD-SISTEM CELAREVO,CONSUMER STAPLES
FERSPED D00 BEOGRAD,INDUSTRIALS
DOO UM ING ZRENJANIN,INDUSTRIALS
ARMONT DOO STARA PAZOVA,INDUSTRIALS
AUTO WORLD RENT DOO,INDUSTRIALS
PFIZER SRB D.O.O.,HEALTH CARE
SUPERNOVA DOO,CONSUMER STAPLES
SAGA TRANS DOO BEOGRAD,INDUSTRIALS
MEGGLE SRBIJA DOO KRAGUJEVAC,CONSUMER STAPLES
KOSTAG DOO BEOGRAD,INDUSTRIALS
VIRDZINIJA DOO KRALJEVO,CONSUMER STAPLES
EUROBAGET D.O.O.,CONSUMER STAPLES
KAMEN NIBENS DOO,INDUSTRIALS
AUTO KUCA VOZDOVAC AD,CONSUMER DISCRETIONARY
PRVA TELEVIZIJA DOO,CONSUMER DISCRETIONARY
MATICA IZOLACIJE DOO,NOT RELEVANT
DEMOKRATSKA STRANKA,NOT RELEVANT
SUBGROUP PAJIC,NOT RELEVANT
AXIANS SERBIA DOO,INFORMATION TECHNOLOGY
FAN DOO  NOVI SAD - U STECAJU,CONSUMER DISCRETIONARY
EUROPEAN APPLIANCES BALKANS D.O.O.,CONSUMER DISCRETIONARY
INTER-MOST AD BEOGRAD - U STECAJU,INDUSTRIALS
BASKET GROUP DOO BEOGRAD,CONSUMER DISCRETIONARY
LIKASISTEM BEOGRAD ZRENJANINSKI PI,NOT RELEVANT
LUKS-ELEKTRO D.O.O.UB,INDUSTRIALS
EXOL STARTER DOO BEOGRAD,CONSUMER DISCRETIONARY
DOB,INDUSTRIALS
SEC LUBES DOO BEOGRAD,INDUSTRIALS
EUROMODUL DOO VOJKA,INDUSTRIALS
GROUP VELEFARM,NOT RELEVANT
PP VOJVODINA DOO SOMBOR,NOT RELEVANT
KDS KATARINA COMPANY DOO BEOGRAD-S,CONSUMER STAPLES
AKCIONARSKO DRUSTVO ZA SAOBRACAJ,INDUSTRIALS
MHE STENICE DOO VALJEVO,UTILITIES
UNIHEMKOM DOO NOVI SAD - U STECAJU,HEALTH CARE
PERUTNINA PTUJ-TOPIKO D.O.O. BACKA,CONSUMER STAPLES
EGZAKTA,INDUSTRIALS
GROUP MILETIC PARACIN,INDUSTRIALS
GRADE TRANS DOO,INDUSTRIALS
GROUP CMANA,CONSUMER STAPLES
EXING ELEMENT DOO BEOGRAD NOVI,INDUSTRIALS
INVIGO CAPITAL DOO,FINANCIALS
ALSO SERBIA D.O.O.,INFORMATION TECHNOLOGY
GROUP KALABA,INDUSTRIALS
AGROECONOMIST DOO BEOGRAD,CONSUMER DISCRETIONARY
ALMIR - U STECAJU,CONSUMER DISCRETIONARY
ULTRAPOLYMERS DOO,MATERIALS
MORSO DOO BEOGRAD - U LIKVIDACIJI,MATERIALS
KONDIVIK USLUGE DOO VRSAC - U LIKV,NOT RELEVANT
STORK - U STECAJU,CONSUMER STAPLES
SPECIJALNA BOLNICA ZA BOLESTI,HEALTH CARE
JUKOMERC TRGOVINA AD KRUSEVAC U ST,CONSUMER STAPLES
AIR SERBIA CATERING D.O.O. BEOGRAD,NOT RELEVANT
TRGO KEMO GROUP D O O,INDUSTRIALS
SATURN ELECTRIC DOO BEOGRAD,INDUSTRIALS
OMEGA  KOMERC DOO ARANDJELOVAC,MATERIALS
PROBAR DOO BEOGRAD,CONSUMER STAPLES
SCHNEIDER ELECTRIC DOO NOVI SAD,INFORMATION TECHNOLOGY
RM ALKON STAHL DOO BEOGRAD,INDUSTRIALS
B-ONE SOLUTIONS D.O.O.,INFORMATION TECHNOLOGY
SEVERNA BACKA DOO,INDUSTRIALS
B.M.R. GROUP DOO SABAC,INDUSTRIALS
JUGOSISTEM DOO BELA PALANKA,MATERIALS
INTER CARS D.O.O.,CONSUMER DISCRETIONARY
AFCO,MATERIALS
KLIMA OPREMA DOO,INDUSTRIALS
DATALAB SR DOO BEOGRAD,INFORMATION TECHNOLOGY
HARSCO METALS DOO SMEDEREVO,NOT RELEVANT
AUTOCOBEST DOO,CONSUMER DISCRETIONARY
VOJVODINAPUT A.D. NOVI SAD,INDUSTRIALS
EUROPOLIS DOO,INDUSTRIALS
PANSPORT DOO VETERNIK,CONSUMER STAPLES
RUDNAP GROUP,NOT RELEVANT
EMMSA BALKAN DOO SABAC U STECAJU,NOT RELEVANT
DIRECT INVEST DOO NOVI SAD,CONSUMER STAPLES
PANONIJAPREVOZ-MV DOO,NOT RELEVANT
ALTER COMPANY DOO CACAK,CONSUMER DISCRETIONARY
KVIS DOO,CONSUMER DISCRETIONARY
GEMMA B&D DOO BEOGRAD,CONSUMER DISCRETIONARY
GRANAGRO,MATERIALS
AQUA MONT SERVICE DOO,INDUSTRIALS
AVIA - SACO - U STECAJU,NOT RELEVANT
RHENUS COMMODITY LOGISTICS,INDUSTRIALS
"BALL PAKOVANJA EVROPA BEOGRAD, D.O",MATERIALS
NS BOMI DOO STUBLINE,CONSUMER STAPLES
DOO EURO PETROL SUBOTICA,CONSUMER DISCRETIONARY
PREDST.SELECTCHEMIE AG BEOGRAD,HEALTH CARE
EKC DOO BEOGRAD,INDUSTRIALS
OTP LIZING D.O.O. BEOGRAD,NOT RELEVANT
FMCG DISTRIBUTION DOO,INDUSTRIALS
IMP - RACUNARSKI SISTEMI DOO BEOGR,INDUSTRIALS
KARIKA-PROMET DOO SUBOTICA,INDUSTRIALS
PAN CITY RESIDENCE DOO,REAL ESTATE
NSAGRO-ING,CONSUMER STAPLES
MAT-AGRO DOO FUTOG,CONSUMER STAPLES
EMMEZETA SRBIJA d.o.o.,CONSUMER DISCRETIONARY
DEVOTEAM DOO,INFORMATION TECHNOLOGY
ELIXIR ENERGETIKA DOO,UTILITIES
AGROMARKET LOGISTIC DOO KRAGUJEVAC,MATERIALS
DOO AGROLOGISTIC NOVI SAD,CONSUMER STAPLES
CORDEEL D.O.O.,INDUSTRIALS
HARTMANN DOO NOVI SAD,MATERIALS
FLORA DOO IVANJICA,CONSUMER STAPLES
ZLATARPLAST AD BISTRICA  NOVA VARO,MATERIALS
ZIPER - U STECAJU,NOT RELEVANT
TRGOMEN-PV DOO KOSOVSKA MITROVICA,INDUSTRIALS
PIONIR 2 DOO VOJKA,MATERIALS
GRUMILL DOO CRVENKA,NOT RELEVANT
ATOS FRUCTUM DOO,CONSUMER STAPLES
DC ZEMUN ZDRAVSTVENA USTANOVA,HEALTH CARE
WRIGLEY DOO,CONSUMER STAPLES
TERMO COLD DOO,INDUSTRIALS
"STARTING DOO BEOGRAD, BATAJNICA",INDUSTRIALS
BOHOR DOO UZICE,INDUSTRIALS
STEELSOFT DOO BEOGRAD,CONSUMER DISCRETIONARY
TEKO MINING D.O.O. BEOGRAD,MATERIALS
INGRAM MICRO DOO BEOGRAD,INFORMATION TECHNOLOGY
EUROMEDIK OPSTA BOLNICA,HEALTH CARE
ENERGOTEHNA DOO  NOVI SAD,INDUSTRIALS
SIXSENTIX DOO,INFORMATION TECHNOLOGY
DOM ZDRAVLJA VIZIM BEOGRAD,HEALTH CARE
EMINENT DOO SUBOTICA,CONSUMER DISCRETIONARY
"ECOTRADE BG DOO NIS, STRAHINJICA B",HEALTH CARE
WESTUM,INFORMATION TECHNOLOGY
USCE SHOPPING CENTER,REAL ESTATE
DOO COIN PANCEVO - U STECAJU,CONSUMER DISCRETIONARY
DRUSTVO SA OGRANICENOM,NOT RELEVANT
BN - BOS SPED DOO,NOT RELEVANT
AUTO FABO DOO NOVI PAZAR,CONSUMER DISCRETIONARY
EUROMERKUR D.O.O.,INDUSTRIALS
GREEN TECHNOLOGY SECOND DOO,UTILITIES
SAFETY SHOP DOO BEOGRAD,CONSUMER DISCRETIONARY
SVETSKA ORGANIZACIJA ZA PRIRODU AD,NOT RELEVANT
GALENS INVEST D.O.O. NOVI SAD,INDUSTRIALS
NEW DRAGAN SAKAN HOLDING DOO,CONSUMER DISCRETIONARY
SERBIA DOO,INDUSTRIALS
HUTCHINSON D.O.O.,CONSUMER DISCRETIONARY
RUD SPANSET D.O.O.,INDUSTRIALS
LUSS TEXTILE,CONSUMER DISCRETIONARY
"VLASINKA DOO, BEOGRAD",CONSUMER STAPLES
MENEX DOO KRUSEVAC,CONSUMER STAPLES
AGROSEME D.O.O. KIKINDA,CONSUMER STAPLES
"NISSAL PVC DOO, NIS",INDUSTRIALS
RESILUX ADRIATIC D.O.O.,MATERIALS
AERODROM BEOGRAD,NOT RELEVANT
COLOR PRESS GROUP D.O.O.,CONSUMER DISCRETIONARY
RUDNIK I FLOTACIJA RUDNIK DOO RUDN,MATERIALS
APEX SOLUTION TECHNOLOGY DOO,INFORMATION TECHNOLOGY
DRVO PRODUCT DOO,INDUSTRIALS
PROJECT BIRO UTIBER DOO,INDUSTRIALS
LUDAN ENGINEERING CO. LTD. OGRANAK,INDUSTRIALS
CPV TEKSTIL DOO,CONSUMER DISCRETIONARY
B 4 B DOO BEOGRAD,INDUSTRIALS
GROUP AIK BACKA TOPOLA,CONSUMER STAPLES
GROUP SAFRAN,CONSUMER DISCRETIONARY
FPM AGROMEHANIKA D.O.O. BOLJEVAC,INDUSTRIALS
MY CASE DOO BEOGRAD,CONSUMER DISCRETIONARY
ALGOTECH DOO BEOGRAD,INFORMATION TECHNOLOGY
VEGA DELIVERY CENTER SERBIA D.O.O.,INFORMATION TECHNOLOGY
DTM COMPANY DOO,CONSUMER DISCRETIONARY
PROFI NAILS DOO,INDUSTRIALS
FAZI DOO,INFORMATION TECHNOLOGY
BUDUCNOST BACKA PALANKA DOO,CONSUMER STAPLES
STAMPA SISTEM DOO BEOGRAD,CONSUMER STAPLES
P.D. AUTOCENTAR ANDRIC DOO VALJEVO,CONSUMER DISCRETIONARY
MEGA PLAST JOVANOVIC,CONSUMER DISCRETIONARY
YAYLA PAN D.O.O. SECANJ,CONSUMER STAPLES
MORIBUND CHEMICALS,INDUSTRIALS
SKI & SEA D.O.O.,CONSUMER DISCRETIONARY
SAT,INDUSTRIALS
ANTENALL DOO BEOGRAD,INFORMATION TECHNOLOGY
METAL-FLEX DOO NOVA PAZOVA,CONSUMER DISCRETIONARY
PRO LOGISTIC D.O.O.,NOT RELEVANT
CBA TRGOVINA DOO,NOT RELEVANT
MK PANONIJA DOO VRSAC,NOT RELEVANT
ECO ORGANIC LIFE DOO,NOT RELEVANT
EXXOL DOO,ENERGY
AL RAWAFED SERVICES DOO,INDUSTRIALS
ZASTAVA PROMET ARENA MOTORS AD KRA,CONSUMER DISCRETIONARY
ENOVITIS DOO TOPOLA,CONSUMER DISCRETIONARY
ANOVA NNL D O O  SREMSKA KAMENICA,CONSUMER STAPLES
DUGA AD BEOGRAD,MATERIALS
SKALA GREEN DOO SUBOTICA,CONSUMER DISCRETIONARY
SEE DIGITAL D.O.O.,INFORMATION TECHNOLOGY
MLIN KOVACEVIC DOO LIPOLIST,CONSUMER STAPLES
METALAC POSUDE,CONSUMER DISCRETIONARY
BEOPAN AD,CONSUMER DISCRETIONARY
BEOINOX DOO BEOGRAD,INDUSTRIALS
AGRO MASTER DOO KRAGUJEVAC,MATERIALS
PROCTER & GAMBLE D.O.O.,CONSUMER STAPLES
GREDA-METAL DOO VALJEVO,MATERIALS
BNB SMART DOO,REAL ESTATE
ANNA (LAJOS) HOLO,CONSUMER STAPLES
PREDUZECE ZA PROIZVODNJU TRGOVINU I,HEALTH CARE
NUTRA DOO,CONSUMER STAPLES
DOO JUGOPAN EXPORT-IMPORT NOVI SAD,INDUSTRIALS
CINE GRAND-MCF,COMMUNICATIONS
NEDELJKOVIC RADOSLAV PR,CONSUMER STAPLES
STRAUSS ADRIATIC DOO SIMANOVCI,NOT RELEVANT
GROUP OSA,INFORMATION TECHNOLOGY
MUNDORAMA DOO BEOGRAD,CONSUMER STAPLES
MPZ AGRAR DVA  DOO,CONSUMER STAPLES
RED FLY LINE DOO,INDUSTRIALS
PZP BEOGRAD DOO,INDUSTRIALS
PREDUZECE ZA PROIZVODNJU I TRGOVINU,HEALTH CARE
STEFAN & VASILIJE GRADNJA DOO,REAL ESTATE
GROUP ALPROS,CONSUMER DISCRETIONARY
SUBGROUP RUMAPLAST CONS.,MATERIALS
DESIGN SECURE CONNECTION-DSC D.O.O,INFORMATION TECHNOLOGY
BIZ RENT SHARING ECONOMY DOO,INDUSTRIALS
FIRST FACILITY DOO BEOGRAD,INDUSTRIALS
RAS RENT A CAR DOO BEOGRAD,INDUSTRIALS
PILE MILJOJKOVIz,CONSUMER STAPLES
DOO MEDACOM NIS,CONSUMER DISCRETIONARY
MAXIM MEDIA PLUS DOO,COMMUNICATIONS
DRAGICA (SAVA) LAZIC,CONSUMER STAPLES
DOO AGRO-KULA VRSAC,INDUSTRIALS
BOKA-COMERC DOO BATAJNICA,CONSUMER DISCRETIONARY
ARMACELL RS AD,MATERIALS
ZDRAVSTVENA USTANOVA ZAVOD ZA DIJA,NOT RELEVANT
SUBGROUP KIM-TEC SRBIJA,INFORMATION TECHNOLOGY
GRAFOSTIL 92,INDUSTRIALS
SU-MARKETI AD,NOT RELEVANT
MARERA CONSTRUCTION,INDUSTRIALS
NIVES DOO NIS,MATERIALS
TEHNO-COOP DOO SUBOTICA,INDUSTRIALS
GROUP MCCANN ERIKSON,CONSUMER DISCRETIONARY
RO & RO SYSTEM DOO BEOGRAD,ENERGY
VUJIC VALJEVO D.O.O.,INDUSTRIALS
TPP LITEKS DOO LIPOLIST,CONSUMER STAPLES
GREEN FLY LINE D.O.O. BEOGRAD,INDUSTRIALS
GROUP AGRO RAVANGRAD DOO SOMBO,CONSUMER STAPLES
HLADNJACE RENT D.O.O. - U PRINUDNO,CONSUMER STAPLES
OMNICO DISTRIBUCIJA DOO ZEMUN - U,CONSUMER STAPLES
JABLANICA MP DOO BEOGRAD,INDUSTRIALS
PNEUMATIKFLEX-PPT CILINDRI,INDUSTRIALS
GROUP PESTAN,INDUSTRIALS
SUBGROUP JUGO-KAOLIN,MATERIALS
FISH CORP  2000 DOO BEOGRAD,CONSUMER STAPLES
MINOTTI DOO  BEOGRAD,INDUSTRIALS
BUNGE GRANOLIS DOO,CONSUMER STAPLES
BELGRADE AIRPORT,INDUSTRIALS
"ROSA DOO ALEKSANDROVAC, PLES",CONSUMER STAPLES
AGRAR-PETROVIC,CONSUMER DISCRETIONARY
DHL GLOBAL FORWARDING DOO,INDUSTRIALS
HEBA DOO BUJANOVAC,CONSUMER STAPLES
ICCM D.O.O.,INDUSTRIALS
ARHIBET PRO DOO SOPOT,MATERIALS
"JKP PARKING SERVIS OBRENOVAC, OBRE",INDUSTRIALS
TEYONEMA DOO BEOGRAD,CONSUMER STAPLES
COOPER STANDARD SRBIJA DOO,CONSUMER DISCRETIONARY
Masterplast YU D.o.o,INDUSTRIALS
"PREDUZECE ZA PUTEVE VRANJE AD, VRAN",INDUSTRIALS
IMTEL COMPUTERS AD,NOT RELEVANT
LINPAC PACKAGING DOO ZA PROIZVODNJU,MATERIALS
JKP GRADSKA TOPLANA NIS,UTILITIES
GROUP CONTANGO,MATERIALS
GROUP HOLLIDAY,CONSUMER DISCRETIONARY
FERMAX DOO BEOGRAD,INDUSTRIALS
JP GRADSKA CISTOCA LAJKOVAC,INDUSTRIALS
PROGRES INZENJERING DOO CACAK,INDUSTRIALS
FEED&SEED TECHNOLOGIES DOO BEOGRAD,CONSUMER STAPLES
ACTAVIS DOO BEOGRAD,HEALTH CARE
9. SEPTEMBAR - TISSUE CONVERTING D,INDUSTRIALS
STOEBICH BRANDSCHUTZ D.O.O. BEOGRA,INDUSTRIALS
TRIO TRANS D.O.O. SIMANOVCI,INDUSTRIALS
YUGLOB,CONSUMER DISCRETIONARY
DESTILERIJA TEODOR DOO,CONSUMER STAPLES
NIRSEN,INFORMATION TECHNOLOGY
LOOK UP D.O.O. BEOGRAD,CONSUMER DISCRETIONARY
AGROSTOJ DOO GLOGONJ,CONSUMER STAPLES
CITY EXPRESS DOO,INDUSTRIALS
ROTAM D.O.O. BEOGRAD,CONSUMER DISCRETIONARY
PEZOS EXPORT-IMPORT DOO RUMENKA,INDUSTRIALS
EKOFARM DOO USCE,CONSUMER STAPLES
GROUP METALFER,MATERIALS
VB-VEKOL DOO LOZNICA,CONSUMER STAPLES
KOPAONIK AD,NOT RELEVANT
GROUP MONICOM,MATERIALS
GABRIELA HOLO,CONSUMER STAPLES
DOO PAN HARVEST GAKOVO,CONSUMER STAPLES
VELVET ANIMAL HEALTH DOO BEOGRAD,HEALTH CARE
"DRUSTVO ZA PROIZVODNJU,TRGOVINU",INFORMATION TECHNOLOGY
MASKOM INTERNATIONAL,INDUSTRIALS
BERGEN D.O.O.,INDUSTRIALS
D I F O L DOO BEOGRAD ZEMUN,INDUSTRIALS
WARGAMING D.O.O.,INFORMATION TECHNOLOGY
NOVO PLUS DOO CRVENKA,CONSUMER STAPLES
SKY TECHNOLOGIES DOO BEOGRAD,INFORMATION TECHNOLOGY
ZZ TRLIC UB,CONSUMER STAPLES
MINECO PLUS DOO BEOGRAD,MATERIALS
MEGALANT RS D.O.O.,INDUSTRIALS
DOO MAREL VELIKO GOLOVODE,INDUSTRIALS
WOBY HAUS DOO NOVI SAD,CONSUMER DISCRETIONARY
BTI DOO,INDUSTRIALS
KESSER-GRADNJA DOO NOVI SAD,REAL ESTATE
EUROPOLIS 011 DOO,INDUSTRIALS
AGROGLOBE AGRAR D.O.O.,CONSUMER STAPLES
ROHE DOO BEOGRAD,INDUSTRIALS
VN PROMET DOO SUBOTICA,INDUSTRIALS
LACUNA DOO BEOGRAD,NOT RELEVANT
pred.allied telesis emena gmbh,INFORMATION TECHNOLOGY
GROUP INVEJ,NOT RELEVANT
VALMAN D.O.O. BEOGRAD,INDUSTRIALS
NID COLOR MEDIA INTERNATIONAL NOVI,COMMUNICATIONS
ADAMOGRADNJA DOO BEOGRAD - U STECA,INDUSTRIALS
BETA SEME DOO GOLUBINCI,CONSUMER STAPLES
AGROMONDO DOO NOVI SAD,INDUSTRIALS
V&B DOO SUBOTICA,MATERIALS
JKP BEOGRAD PUT,INDUSTRIALS
PUT-INZENJERING DOO NIS,INDUSTRIALS
INSTITUT MIHAJLO PUPIN DOO BEOGRAD,INDUSTRIALS
GROUP SET DOO SABAC,INDUSTRIALS
WASTE BINS DOO BEOGRAD,INDUSTRIALS
DOO M PROJECT CO. CACAK,INDUSTRIALS
SRBIJA CENTAR,INDUSTRIALS
DOO SWEET HOME BRUS,CONSUMER STAPLES
IDEA MARKETI DOO,CONSUMER STAPLES
SUBGROUP KOLPORTER GRUPA,CONSUMER DISCRETIONARY
STILL SELL DOO,CONSUMER STAPLES
SILVER BELL GROUP DOO,INDUSTRIALS
FRUCOM FOOD DOO,CONSUMER STAPLES
JUNGHEINRICH DOO,INDUSTRIALS
EHOM AUTO DOO BEOGRAD,CONSUMER DISCRETIONARY
POLITEK AUTO CENTAR DOO,CONSUMER DISCRETIONARY
GARDNER DENVER DEUTSCHLAND,INDUSTRIALS
"JKP DRUGI-OKTOBAR, VRSAC",UTILITIES
MEDILINK NOVI D.O.O.,CONSUMER DISCRETIONARY
DOO ZA PRERADU I KONZERVIRANJE MLEK,CONSUMER STAPLES
GITARIC DOO S. PALANKA,NOT RELEVANT
ECOVIS SEE D.O.O. BEOGRAD,INDUSTRIALS
TRACO-INVEST DOO BEOGRAD,INDUSTRIALS
MASINOPROMET D.O.O.,NOT RELEVANT
ITX RS,CONSUMER DISCRETIONARY
MITSIDES POINT AD SREMSKA MITROVIC,NOT RELEVANT
KVIN DOO KRAGUJEVAC,CONSUMER STAPLES
FRUTTI GROUP DOO,NOT RELEVANT
PRIVREDNO DRUSTVO ZA,CONSUMER DISCRETIONARY
NBA-COMMERCE DOO BEOGRAD,MATERIALS
TEPKOS DOO CONOPLJA,CONSUMER STAPLES
PUMPA D.O.O.,CONSUMER STAPLES
H&M HENNES & MAURITZ D.O.O.,CONSUMER DISCRETIONARY
SELECT FRUIT DOO,CONSUMER STAPLES
ERDEVIK D.O.O.,CONSUMER STAPLES
ARSENAL CO DOO BEOGRAD,CONSUMER DISCRETIONARY
ATLANTIC BRANDS DOO BEOGRAD,CONSUMER STAPLES
EUROOPREMA DOO BEOGRAD   - U PRINU,INDUSTRIALS
HOLYCODE D.O.O.,INFORMATION TECHNOLOGY
EUROSALON REAL ESTATE DOO BEOGRAD,REAL ESTATE
SMILJANIC-KOMERC DOO,INDUSTRIALS
DZIMI COMMERCE DOO,INDUSTRIALS
OPSTA BOLNICA EUROMEDIK 3,HEALTH CARE
STREIT NOVA DOO,CONSUMER DISCRETIONARY
MEDICAL INNOVATION SOLUTIONS D.O.O,HEALTH CARE
OSA - RACUNARSKI INZENJERING DOO B,INFORMATION TECHNOLOGY
ZITOMLIN DOO BEOGRAD,CONSUMER STAPLES
MERCURY ENGINEERING D.O.O. BEOGRAD,NOT RELEVANT
FRUTELA GROUP D.O.O. N.BEOGRAD,CONSUMER STAPLES
NEOMEDICA DOO BEOGRAD,HEALTH CARE
VIATEC WOOD D.O.O. ZDEGLOVO - U LI,CONSUMER DISCRETIONARY
DOMIS ENTERIJERI DOO LACARAK,INDUSTRIALS
SILVER-KOP DEVELOPMENT,REAL ESTATE
CAPGEMINI,INFORMATION TECHNOLOGY
KOMPRESOR AZIJA AUTO DOO,INDUSTRIALS
GROUP KMG,ENERGY
SAT-KADROVSKE USLUGE D.O.O. BEOGRA,INDUSTRIALS
ENOVA SOUTH EAST EUROPE D.O.O.,INDUSTRIALS
BIMED DOO,REAL ESTATE
MHM-PROJEKT DOO NOVI SAD,INDUSTRIALS
GRADING DOO BEOGRAD,INDUSTRIALS
AGENT PLUS DOO BEOGRAD,INDUSTRIALS
ime-autolift d.o.o. kragujevac,INDUSTRIALS
NOVI LOGOS DOO BEOGRAD,COMMUNICATIONS
REMONT DOO KRAGUJEVAC,INDUSTRIALS
METALING DOO BEOGRAD,INDUSTRIALS
LIN DOO MAJUR,HEALTH CARE
SINAGOGA DOO SOMBOR,CONSUMER STAPLES
ROTOGRAFIKA DOO SUBOTICA,INDUSTRIALS
AUTO-KUCA GUDALOVIC DOO BEOGRAD,CONSUMER DISCRETIONARY
CIM GAS DOO SUBOTICA,INDUSTRIALS
KUC-COMPANY D.O.O.,NOT RELEVANT
MONA HOTEL MANAGEMENT DOO BEOGRAD,CONSUMER DISCRETIONARY
ENERGROM DOO BELA CRKVA-U STECAJU,INDUSTRIALS
VELEFARM-LEKOVI PRODAJA DOO BEOGRA,NOT RELEVANT
INTIS D.O.O. BEOGRAD,INDUSTRIALS
MACCHINA SECURITY DOO BEOGRAD,INDUSTRIALS
FORMA REAL ESTATE RENT 1,REAL ESTATE
LIBERO TEAM DOO BEOGRAD,CONSUMER STAPLES
GLOBAL LINKS DOO,INDUSTRIALS
SANIVOD DOO BEOGRAD,INDUSTRIALS
OTP MEDIC DOO,UTILITIES
MM 99 DOO STARA PAZOVA,REAL ESTATE
MDD GROUP DOO NOVI SAD,CONSUMER STAPLES
BE.PU.MI. DOO NOVI SAD,MATERIALS
DR TECHNO VB DOO NOVI SAD,CONSUMER DISCRETIONARY
MOLSON COORS SER D.O.O.,CONSUMER STAPLES
TOMIC GRADNJA DOO,INDUSTRIALS
DAMMIL DOO,INDUSTRIALS
CETIN D.O.O.,COMMUNICATIONS
CARGOCHEM D.O.O.,MATERIALS
GRADITELJ INZENJERING DOO,NOT RELEVANT
PUTNIK RENT A CAR DOO,INDUSTRIALS
LEMIC GROUP DOO ZEMUN,NOT RELEVANT
ZLATIBO2R VODA DOO - U STECAJU,CONSUMER STAPLES
COMERCE DOO,NOT RELEVANT
JKP BELOSAVAC ZAGUBICA,UTILITIES
TRMKA-KABL TELEKOMUNIKACIJE D.,NOT RELEVANT
MOSKOMERC D.O.O. BEOGRAD,CONSUMER DISCRETIONARY
GENING DOO,INDUSTRIALS
GULJAS AGRAR DOO SILBAS,CONSUMER STAPLES
VEKTOR INVEST DOO BEOGRAD,INDUSTRIALS
TERMOVENT ENGINEERING DOO BEOGRAD,INDUSTRIALS
ENERGOPROJEKT HIDROINZENJERING,INDUSTRIALS
ELEKTA SOLUTIONS DOO,HEALTH CARE
MOHACI D.O.O STARA MORAVICA,CONSUMER STAPLES
W.D. CONCORD WEST DOO,INDUSTRIALS
PORSCHE SCG DOO BEOGRAD,CONSUMER DISCRETIONARY
DOO PROMONT KOMERC NIS,CONSUMER DISCRETIONARY
TELEMAX D O O  BEOGRAD,INDUSTRIALS
STUDIO M DCS DOO BEOGRAD,INDUSTRIALS
QUIVOGNE RS DOO,INDUSTRIALS
MAGNUM DOO PARACIN,CONSUMER STAPLES
ENERGY TYRES TEAM DOO BEOGRAD - U,CONSUMER DISCRETIONARY
AGRO PLUS DOO SOMBOR,NOT RELEVANT
JKP GROCKA GROCKA - U STECAJU,INDUSTRIALS
"SIMEX DOO, SUBOTICA - U STECAJU",CONSUMER STAPLES
RODIC M&B INVEST - U STECAJU,NOT RELEVANT
BIT SPED DOO,INDUSTRIALS
JKP PARKING-SABAC SABAC,NOT RELEVANT
YELLOW FLY LINE D.O.O. BEOGRAD,INDUSTRIALS
LIST SOLUTIONS AD BEOGRAD   U STECA,INDUSTRIALS
GRBA PRPIC DOO BACKI JARAK,INDUSTRIALS
HOLY DOO,CONSUMER DISCRETIONARY
BEOGRADEVINAR DOO - U STECAJU,NOT RELEVANT
AAA-1 RENT DOO,INDUSTRIALS
GOSA MONTAZA DOO BEOGRAD,INDUSTRIALS
ZMAJEVAC DOO IRIG,CONSUMER STAPLES
MOL SERBIA D.O.O. BEOGRAD,ENERGY
ASKGAMBLERS DOO,COMMUNICATIONS
GROUP OFFICE SHOES,CONSUMER DISCRETIONARY
PROVIS DOO BIJELJINA,INFORMATION TECHNOLOGY
GASTRANS DOO,ENERGY
KYUNGSHIN CABLE EUROPE D.O.O.,CONSUMER DISCRETIONARY
DELFI KNJIZARE DOO BEOGRAD,CONSUMER DISCRETIONARY
INFOBIP SERBIA DOO BEOGRAD,INFORMATION TECHNOLOGY
TODY DOO BLACE,CONSUMER STAPLES
ALTA MOTORS DOO - U PRINUDNOJ LIKV,CONSUMER DISCRETIONARY
VINOPRODUKT-COKA - U STECAJU,CONSUMER STAPLES
DR. OETKER D.O.O.,CONSUMER STAPLES
MB NAMENSKA AD LUCANI,NOT RELEVANT
MIRAS B DOO,CONSUMER DISCRETIONARY
KNOTT-AUTOFLEX YUG DOO BECEJ,CONSUMER DISCRETIONARY
GUDMARK GROUP  D.O.O.zABAC,MATERIALS
KBRAD DEVELOPMENT,REAL ESTATE
APOTEKA FARMEKS APOTEKE -U LIKVIDA,CONSUMER STAPLES
ARABESA DOO,INDUSTRIALS
SANTOK DOO VRANICI,CONSUMER DISCRETIONARY
TOSAMA DOO,HEALTH CARE
GREINER I JP PACKAGING DOO NOVA PA,MATERIALS
VINCULA BIOTECH GROUP DOO BEOGRAD,INDUSTRIALS
MORAVA IN DOO KRUSEVAC - U STECAJU,INDUSTRIALS
SGA DOO,INFORMATION TECHNOLOGY
"PREDUZECE ZA PROIZVODNJU,",MATERIALS
IMP-AUTOMATIKA DOO BEOGRAD,INDUSTRIALS
DOO FAIR PLAY 019 NEGOTIN,CONSUMER STAPLES
MIODRAG (ZIVAN) LAZIC,CONSUMER STAPLES
SERBIA BROADBAND SRPSKE KABLOVSKE M,COMMUNICATIONS
VRACAR DOO BEOGRAD,INDUSTRIALS
GROUP STRATEMIS,INDUSTRIALS
MILAN (DJORDJE) DONIC,CONSUMER STAPLES
AUTO WORLD D O O BEOGRAD,CONSUMER DISCRETIONARY
PANFRUIT DOO NOVI SAD - U STECAJU,CONSUMER STAPLES
DELTA RENT-A-CAR D.O.O.,INDUSTRIALS
FILIP,CONSUMER STAPLES
DOO AGROSIT-SEMENARSTVO ALEKSANDRO,NOT RELEVANT
MAGAN-YU D.O.O. SUBOTICA,NOT RELEVANT
PRO-PRINT PROGRESIJA DOO,MATERIALS
STECAJNA MASA M-PLAST EKSPOSRT IMP,CONSUMER DISCRETIONARY
NID SVET PLUS INTERNATIONAL D.O.O.,NOT RELEVANT
BRUNATA DOO BEOGRAD,INDUSTRIALS
Keramika-Holding d.o.o. Beograd,MATERIALS
FS DOO BEOGRAD - U PRINUDNOJ LIKVI,CONSUMER STAPLES
SWISS INTERMEDICAL AD BEOGRAD U ST,NOT RELEVANT
BIO-VITA DOO VAJSKA,CONSUMER STAPLES
GROUP KOVING,INDUSTRIALS
A2B EXPRESS DELIVERY DOO,NOT RELEVANT
TRGOVINA IGNJATOVIC DOO,CONSUMER STAPLES
GROUP KOEFIK,CONSUMER DISCRETIONARY
EMIL FREY AUTO CENTAR D.O.O.,CONSUMER DISCRETIONARY
DEPO SERVIS  D.O.O. BEOGRAD,INDUSTRIALS
MAJEVICA-POLJOOPREMA AD BACKA PALA,INDUSTRIALS
AGRANO,CONSUMER STAPLES
ALBO DOO ZEMUN,CONSUMER DISCRETIONARY
ANANAS EXPRESS D.O.O. NOVA PAZOVA ,INDUSTRIALS
CARLSBERG SRBIJA D.O.O.,CONSUMER STAPLES
GROUP METLARAMAZZA,CONSUMER STAPLES
METAL SHOP,INDUSTRIALS
NEIMAR-V AD BEOGRAD,REAL ESTATE
BB ELEKTRONIK DOO RUMA-VOGANJ,INDUSTRIALS
TECHNO FERUM DOO KANJIZA,INDUSTRIALS
PTP DIS DOO KRNJEVO,CONSUMER STAPLES
D SPORT SYSTEM DOO NOVI SAD,CONSUMER STAPLES
AD SUPERPROTEIN ZRENJANIN - U LIKV,NOT RELEVANT
MTG DOO BEOGRAD - U PRINUDNOJ LIKV,CONSUMER DISCRETIONARY
GRADJEVINSKA DIREKCIJA SRBIJE DOO,FINANCIALS
INSTITUT PKB AGROEKONOMIK DOO,INDUSTRIALS
FRUCOM DOO,CONSUMER DISCRETIONARY
TAMIS - U STECAJU,NOT RELEVANT
NUMANOVIC SNS D.O.O. NOVI PAZAR,CONSUMER DISCRETIONARY
"ALUMIL YU INDUSTRY AD, NOVA PAZOVA",CONSUMER DISCRETIONARY
MIKROS UNION DOO,CONSUMER STAPLES
PUT D.O.O. JAGODINA,NOT RELEVANT
LEONARDO KD,NOT RELEVANT
VINARIJA ZVONKO BOGDAN DOO PALIC,CONSUMER STAPLES
RADE SPED DOO KRAGUJEVAC,CONSUMER DISCRETIONARY
AC BRAJIC DOO,CONSUMER DISCRETIONARY
JKP NAS DOM POZEGA,UTILITIES
TIS DOO IVANJICA,CONSUMER DISCRETIONARY
ALTERNATIVE CONSULTING DOO BEOGRAD,INDUSTRIALS
BOTTCHER SRB DOO,MATERIALS
SUBGROUP DIJAMANT,CONSUMER STAPLES
SANEL DOO,CONSUMER DISCRETIONARY
SPECIJALNA BOLNICA ZA REHABILITACI,HEALTH CARE
KLUB A,MATERIALS
PREMIUM RENT A DRIVE,INDUSTRIALS
CIAK USLUGE DOO,CONSUMER DISCRETIONARY
APOTEKARSKA USTANOVA NEOFARM,CONSUMER STAPLES
PCM GRAF DOO GORNJI MILANOVAC,INDUSTRIALS
NIKOLA STOJKOVIC PR KLIKLAK RACUNA,CONSUMER DISCRETIONARY
DOO METALAC-TRADE-G.MILANOVAC,CONSUMER DISCRETIONARY
BRIV CONSULTING DOO BEOGRAD,CONSUMER DISCRETIONARY
INTERCAFFE D.O.O. BEOGRAD,CONSUMER DISCRETIONARY
INOVENTIC ID D.O.O.,CONSUMER DISCRETIONARY
ENERGY PRO DOO NOVI SAD,INDUSTRIALS
RTV BK TELECOM D.O.O. BEOGRAD,NOT RELEVANT
GROUP P.S. TELEFONIJA,INFORMATION TECHNOLOGY
GLOBO DOO NOVI SAD,CONSUMER DISCRETIONARY
GROUP KIMBY,CONSUMER STAPLES
VIZIJA TIM D.O.O SABAC,MATERIALS
DOO EKO MABER INZENJERING PANCEVO,INDUSTRIALS
AGROFROST DOO BEOGRAD - U STECAJU,CONSUMER STAPLES
TRAMPEX DOO BEOGRAD,CONSUMER STAPLES
VITA ELKO DOO BEOGRAD,INDUSTRIALS
PREDUZECE ALUFIX DOO BEOGRAD - U L,MATERIALS
COMEL TRANSFORMATRORI D.O.O.,INDUSTRIALS
4 M DOO LESKOVAC,CONSUMER DISCRETIONARY
TIAC D.O.O.,INDUSTRIALS
AEROSFERA DOO BEOGRAD,CONSUMER DISCRETIONARY
PROTON SYSTEM DOO BEOGRAD,HEALTH CARE
GP D.O.O. BEOGRAD,INDUSTRIALS
OBLAK TEHNOLOGIJE DOO BEOGRAD-ZEMU,INFORMATION TECHNOLOGY
HRANA-TEC DOO BEOGRAD,INDUSTRIALS
BRACA  ILIC,INDUSTRIALS
BRAME R&D D.O.O.,INFORMATION TECHNOLOGY
GV19 RESIDENCE DOO,INDUSTRIALS
GROUP JEDINSTVO,INDUSTRIALS
MEHANOPRINT,INDUSTRIALS
ILDIKA (ISTVAN) BESU,CONSUMER STAPLES
PIK JUZNI BANAT DOO BELA CRKVA,CONSUMER STAPLES
SMART DOO NOVI SAD,CONSUMER DISCRETIONARY
RAKETA A B  DOO BAJINA BASTA,INDUSTRIALS
UNITED GROUP RS D.O.O. BEOGRAD,COMMUNICATIONS
VETMEDIC DOO,HEALTH CARE
VIVENS D.O.O.,CONSUMER DISCRETIONARY
STAMPA PRESS DOO BEOGRAD,NOT RELEVANT
NOKIA TIETOLIIKENNE OY- OGRANAK U B,NOT RELEVANT
FINKOM,CONSUMER STAPLES
ERS RENT DOO,REAL ESTATE
BIO-ENERGOOIL DOO BEOGRAD-NOVI BEO,ENERGY
DOO PORT COMPANY APATIN,CONSUMER STAPLES
STEVAN STILL DOO BEOGRAD ZEMUN,CONSUMER STAPLES
GASTPRO,INDUSTRIALS
AGRORIT DOO MELENCI,INDUSTRIALS
GROUP ANNOVA,CONSUMER STAPLES
MPP JEDINSTVO AD SEVOJNO,INDUSTRIALS
& LOMB POLAND SP. Z.O.O. BEOGRAD,HEALTH CARE
M-T GROUP D.O.O.,INDUSTRIALS
SLADARA SOUFFLET SRBIJA DOO,CONSUMER STAPLES
INGRAP-OMNI DOO BEOGRAD,INDUSTRIALS
DOO KACAREVO KACAREVO,CONSUMER STAPLES
VIA GUSTO DOO,CONSUMER DISCRETIONARY
MLINO-MONT DOO,INDUSTRIALS
RATKO MITROVIC-MEHANIZACIJA DOO,NOT RELEVANT
DOO BIG-CHICKEN  BACINCI - U STECA,NOT RELEVANT
NCA INVESTMENT GROUP DOO BEOGRAD,INDUSTRIALS
"STAKLOPAN AD, BEOGRAD",NOT RELEVANT
CELIK AD,INDUSTRIALS
KHS BURO BEOGRAD,INDUSTRIALS
GROUP MIROTIN,NOT RELEVANT
TOPLANA JKP LESKOVAC,UTILITIES
DEXY CO DOO BEOGRAD,CONSUMER DISCRETIONARY
GALENS D.O.O. NOVI SAD,INDUSTRIALS
TRIVIT DOO BECEJ,CONSUMER STAPLES
ZILKER TECHNOLOGY - U LIKVIDACIJI,INFORMATION TECHNOLOGY
UNION DRVO DOO BEOGRAD,CONSUMER DISCRETIONARY
PRIOR PROJECT D.O.O.,INDUSTRIALS
VERDOM DOO DONJA MUTNICA,INDUSTRIALS
GESO INDUSTRIAL ENVIRONMENT,INDUSTRIALS
KARCHER D.O.O. BEOGRAD,INDUSTRIALS
OBUCA METRO DOO VRBAS,CONSUMER DISCRETIONARY
INCANTO INDUSTRIES D.O.O.,CONSUMER DISCRETIONARY
GPS INSULATORS D.O.O.,INDUSTRIALS
PRO-LAGER VILJUsKARI DOO ,INDUSTRIALS
MEDIUS DOO NOVA PAZOVA,CONSUMER STAPLES
DOO PUT-INVEST NOVI SAD,INDUSTRIALS
GROUP elektrovat,INDUSTRIALS
DOO BELL CHEMICALS BANATSKO VELIKO,MATERIALS
ORION INNOVATION D.O.O.,INFORMATION TECHNOLOGY
N SPORT DOO BEOGRAD,CONSUMER DISCRETIONARY
AGROLIKA,CONSUMER STAPLES
BRACA MARJANOVIC D.O.O.,NOT RELEVANT
DOO PIONIR PETROL STARA PAZOVA,CONSUMER DISCRETIONARY
MSV INVEST ING DOO KRALJEVO,NOT RELEVANT
PORSCHE LEASING SCG DOO,CONSUMER DISCRETIONARY
DIB DOO BUJANOVAC,NOT RELEVANT
WEBA KRAGUJEVAC D.O.O.,INDUSTRIALS
AMP DIJAGNOSTIKA DOO NOVI SAD,HEALTH CARE
MILIC DOO PARACIN,INDUSTRIALS
GIA TECHNOLOGY DOO NOVI SAD,INDUSTRIALS
PRAMAT DOO DOBANOVCI - U PRINUDNOJ,INDUSTRIALS
GEVEKOM CUSTOMER SERVICES D.O.O. B,INDUSTRIALS
GROUP ECOTRADE,HEALTH CARE
SPRENGNETTER D.O.O. BEOGRAD,REAL ESTATE
TISZA AUTOMOTIVE DOO SENTA,CONSUMER DISCRETIONARY
MESOVITO PREDUZECE ZA PROMET ROBA I,CONSUMER STAPLES
COMPANY BB DOO,CONSUMER STAPLES
PRETEK DOO BEOGRAD,INDUSTRIALS
HIDRO-TAN DOO BEOGRAD,INDUSTRIALS
SALVUS INTERNATIONAL,HEALTH CARE
MAX MOBILITY SOLUTIONS DOO,INDUSTRIALS
VESNA (RADOVAN) VESKOV,CONSUMER STAPLES
DOO DURDEVIC 1999 SUBOTISTE,CONSUMER STAPLES
CLICO SEE DOO,INFORMATION TECHNOLOGY
MLEKOPRODUKT DOO ZRENJANIN,CONSUMER STAPLES
GROUP SPORT VISION RS,CONSUMER DISCRETIONARY
GLOBAL NETWORK,CONSUMER DISCRETIONARY
LAGADO DOO BUJANOVAC,NOT RELEVANT
VITALIS TRADE DOO NOVI SAD - U STE,CONSUMER STAPLES
DOBRAVAC PAK DOO SABAC,CONSUMER STAPLES
GROUP ARROW,CONSUMER STAPLES
GROUP NOVEL,CONSUMER DISCRETIONARY
VEKTOR INZENJERING - U STECAJU,NOT RELEVANT
SAFRAN DOO,CONSUMER DISCRETIONARY
NOVKOL DOO,INDUSTRIALS
ZELEZARA SMEDEREVO D.O.O.,MATERIALS
GOODYEAR SERBIA D.O.O.,CONSUMER DISCRETIONARY
PRODYNA DOO BEOGRAD,INFORMATION TECHNOLOGY
BISA MARKET,CONSUMER STAPLES
STS PROPERTIES,REAL ESTATE
PETEFI DOO TEMERIN,CONSUMER STAPLES
ZELVOZ DOO,INDUSTRIALS
MY ARGOS DOO LAZAREVAC,CONSUMER STAPLES
D.O.O. AGRARSENT DESPOTOVO,CONSUMER STAPLES
MASTER FRIGO SALES D.O.O.,INDUSTRIALS
BANE-KOMERC DOO KUMAREVO-LESKOVAC,MATERIALS
FEROMONT PLASTIKA DOO STARA PAZOVA,INDUSTRIALS
LAURA KOZMETIKA DOO BEOGRAD - U LI,CONSUMER STAPLES
VALOR DOO ZRENJANIN,CONSUMER STAPLES
EPAM SYSTEMS D.O.O.,INFORMATION TECHNOLOGY
ZORKA-KERAMIKA D.O.O.,MATERIALS
MG PRECAST DOO,INDUSTRIALS
MITIC PLAST KUMAREVO,MATERIALS
ADVANTO DOO BEOGRAD,INDUSTRIALS
TEHNOMANIJA DOO BEOGRAD,CONSUMER DISCRETIONARY
SECTRON DOO BEOGRAD,INFORMATION TECHNOLOGY
APOTEKARSKA USTANOVA VEGAFARMA,CONSUMER STAPLES
STANDARD LOGISTIC DOO NOVI BEOGRAD,INDUSTRIALS
GRAND CASINO DOO BEOGRAD,CONSUMER DISCRETIONARY
MTS SISTEMI I INTEGRACIJE DOO ,INFORMATION TECHNOLOGY
PETAR (DUSAN) RONCEVIC,CONSUMER STAPLES
SUPERNOVA REAL ESTATE DO0,REAL ESTATE
"TELEKOM SRBIJA A.D., BEOGRAD",COMMUNICATIONS
DELIKOMAT DOO BEOGRAD,CONSUMER STAPLES
BROWELL DOO,INDUSTRIALS
SHOPPSTER D.O.O. BEOGRAD,CONSUMER DISCRETIONARY
WOOD CHIPS DOO BEOGRAD,MATERIALS
GROUP INBERG GETRACO,CONSUMER STAPLES
SCHNEIDER ELECTRIC SRBIJA D.O.O.,INDUSTRIALS
NORA (ISTVAN) MUNKAS,CONSUMER STAPLES
PANMARKETING DOO PANCEVO,MATERIALS
AMERICKA PRIVREDNA KOMORA U SRBIJI,NOT RELEVANT
VIRTU PARTNERS DOO,INDUSTRIALS
CINOS DOO,MATERIALS
JAVNA MEDIJSKA USTANOVA RADIO-TELE,CONSUMER DISCRETIONARY
LEMEX GAMAKOM DOO LESKOVAC,CONSUMER STAPLES
SYNERGETIC DOO KRNJESEVCI,MATERIALS
BIG BULL FOODS DOO BAzINCI,CONSUMER STAPLES
EUROPAPIER SRBIJA DOO BEOGRAD,MATERIALS
MONELLI DOO KRAGUJEVAC,MATERIALS
JOFI-KOMERC DOO NIS,ENERGY
BELT DOO RATINA,NOT RELEVANT
WIRELESS MEDIA DOO,NOT RELEVANT
TERMOVENT SC LIVNICA CELIKA AD,MATERIALS
ALITALIA-SOCIETA AEREA ITALIANA,INDUSTRIALS
MOJA BACKA PALANKA BACKA PALANKA,CONSUMER DISCRETIONARY
NESTLE ICE CREAM SRBIJA DOO STARA,CONSUMER STAPLES
DOO MORAVA INZENJERINGPROJEKT SOMB,REAL ESTATE
PURATOR EKOTEHNIKA DOO,INDUSTRIALS
PHARMANOVA DOO OBRENOVAC,HEALTH CARE
GROUP GALEB,MATERIALS
RECA D.O.O. BEOGRAD,INDUSTRIALS
SUBGROUP UNIVEREXPORT,CONSUMER STAPLES
ZZ AGROSOJ  NEUZINA,CONSUMER STAPLES
CUTURA,CONSUMER STAPLES
SPARTA SECURITY D.O.O.,INDUSTRIALS
COMEL DOO BEOGRAD,INDUSTRIALS
CONCRETE LAND DOO STARI BANOVCI,INDUSTRIALS
AGRO-DOLE DOO JAGODINA,CONSUMER STAPLES
JULIETA DOO BEOGRAD,CONSUMER STAPLES
SANDROCK D.O.O.,INDUSTRIALS
DOO PRINCIPAL DUO CACAK,CONSUMER STAPLES
DAWCUL LTD PREDSTAVNISTVO,NOT RELEVANT
FRESH & CO DOO BEOGRAD,CONSUMER STAPLES
AGROSPEKTAR 28 DOO PARACIN U STECA,NOT RELEVANT
ROSAN ARMATURE DOO KANJIZA,INDUSTRIALS
termal inzenjering doo,CONSUMER DISCRETIONARY
GROUP BEOROL,INDUSTRIALS
YU-SORBON DOO BEOGRAD,CONSUMER DISCRETIONARY
KABLINK D.O.O. BEOGRAD,INDUSTRIALS
EUROCOM INTERNATIONAL DOO BEOGRAD,CONSUMER DISCRETIONARY
EUROPROM DOO VALJEVO,CONSUMER STAPLES
NIMAX DOO BEOGRAD,CONSUMER DISCRETIONARY
PEGETE DOO BEOGRAD,CONSUMER DISCRETIONARY
BIO GOLD ENERGY DOO,UTILITIES
AGRAR INVEST DOO BEOGRAD,CONSUMER STAPLES
VIVA TREF DOO BEOGRAD,CONSUMER STAPLES
GROUP DELTA INZENJERING,INDUSTRIALS
GROUP ELEKTROPRIVREDA GROUP,UTILITIES
AUTO NENA STILL DOO BEOGRAD,CONSUMER DISCRETIONARY
PREDUZECE   AUTO CACAK   DOO KONJE,CONSUMER DISCRETIONARY
INMOLD PLAST DOO POZEGA,INDUSTRIALS
CISTOCA J.P. STARA PAZOVA,INDUSTRIALS
JOKEY BG DOO NOVA PAZOVA,MATERIALS
ALEVA DOO NOVI KNEZEVAC,CONSUMER STAPLES
OMV SRBIJA DOO BEOGRAD,CONSUMER DISCRETIONARY
DESPOTOV-EPICENTAR DOO NOVI SAD -,NOT RELEVANT
CDE S DOO BEOGRAD,NOT RELEVANT
SCOM,CONSUMER STAPLES
B92 DOO BEOGRAD,CONSUMER DISCRETIONARY
ENERGIA GAS AND POWER - U STECAJU,UTILITIES
SUMADIJA SIROVINE DOO,MATERIALS
EURO-KOP-COMPANY D.O.O.,INDUSTRIALS
ALTI DOO CACAK,INFORMATION TECHNOLOGY
EVROPA PLUS DOO BACAKA PALANKA - U,CONSUMER STAPLES
TEI TECHNO EXPORT IMPORT D.O.O,NOT RELEVANT
MUEHLBAUER TECHNOLOGIES DOO STARA,INDUSTRIALS
TRANSPORTSPED DOO BEOGRAD,INDUSTRIALS
AGROPRO DOO,CONSUMER STAPLES
CALIX DOO BEOGRAD (CUKARICA),CONSUMER STAPLES
FULLHOUSE OGILVY DOO BEOGRAD,COMMUNICATIONS
STS KAN GROUP DOO JAGODINA,INDUSTRIALS
PODUNAVLJE-BEOCIN AD BEOCIN - U ST,CONSUMER STAPLES
MAYMEDICA D.O.O.,HEALTH CARE
SUNBAR DOO,INFORMATION TECHNOLOGY
TRANSPETROL DOO,CONSUMER STAPLES
CHIPS WAY D O O,CONSUMER STAPLES
LIMAGRAIN DOO NOVI SAD,CONSUMER STAPLES
COOPSERVICE BMK DOO,INDUSTRIALS
BOOKER GROUP DOO,INFORMATION TECHNOLOGY
EJ REAL ESTATE,REAL ESTATE
GROUP PNEUTECH,CONSUMER DISCRETIONARY
MERAXES SOLUTIONS & SERVICES D.O.O,INFORMATION TECHNOLOGY
MAGNA REAL ESTATE DOO,HEALTH CARE
ROSENBERG DOO DOBANOVCI,REAL ESTATE
GSF-LTD DOO,CONSUMER STAPLES
SPECIJALNA BOLNICA,HEALTH CARE
BEOSTEEL D.O.O.,MATERIALS
RATAR AD PANCEVO,NOT RELEVANT
MSG GLOBAL DIGITAL DOO,INFORMATION TECHNOLOGY
DIESEL 24 DOO BEOGRAD,ENERGY
GRANOLIA D.O.O.,CONSUMER STAPLES
DTM INVESTMENTS D.O.O.,CONSUMER DISCRETIONARY
EMKA FEINGUSS D.O.O. MIONICA,MATERIALS
ENTERIJER JANKOVIC INZENJERING DOO,INDUSTRIALS
CORIC AGRAR DOO BASAID,CONSUMER STAPLES
LILLY DROGERIE DOO BEOGRAD,CONSUMER STAPLES
ARDAGH METAL PACKAGING SERBIA D.O.,INDUSTRIALS
BEO-LAB PLUS BEOGRAD,HEALTH CARE
MATIS DOO IVANJICA,CONSUMER DISCRETIONARY
IBC TECHNOLOGIES DOO,INDUSTRIALS
"EP-BELT DOO, LOZNICA",INDUSTRIALS
BIOCHEM BALKAN DOO DOBANOVCI,CONSUMER STAPLES
B.B. LINK DOO BEOGRAD,CONSUMER DISCRETIONARY
RINOL DOO BEOGRAD,INDUSTRIALS
M-RAIL DOO,INDUSTRIALS
GROUP JUGOTRADE BEOGRAD,INDUSTRIALS
ATAKO DOO,UTILITIES
AUTOTRANSPORTER DOO,INDUSTRIALS
GROUP WINWIN,CONSUMER DISCRETIONARY
FABRIKA AKUMULATORA AD,INDUSTRIALS
LESAFFRE RS DOO,CONSUMER STAPLES
PARALELA TRADE SOLUTIONS D.O.O. BE,CONSUMER STAPLES
SPARE PARTS INTERNATIONAL DOO BEOG,INDUSTRIALS
GROUP ZEMLJORADNIÈKA ZADRUGA TRLIÆ,CONSUMER STAPLES
AGROVOJVODINA MEHANIZACIJA DOO,INDUSTRIALS
DK 2008 DOO,INDUSTRIALS
CTFM D.O.O. BEOGRAD,INDUSTRIALS
MOPEX DOO,INDUSTRIALS
VEOLIA WATER SOLUTIONS & TECHNOLOG,INDUSTRIALS
"IMPOL SEVAL AD, SEVOJNO",MATERIALS
OKTACRON DOO,INFORMATION TECHNOLOGY
"MILETIC-KOMERC DOO SALUDOVAC, PARA",CONSUMER DISCRETIONARY
HITEAM DOO VRSAC,INFORMATION TECHNOLOGY
NCR DOO BEOGRAD,INDUSTRIALS
GROUP SRBOAUTO,CONSUMER DISCRETIONARY
PRIVREDNA KOMORA SRBIJE,INDUSTRIALS
NOVA KERAMIKA DOO VETERNIK U STECA,NOT RELEVANT
JKP VODOVOD KRUSEVAC,UTILITIES
SERBIA ZIJIN MINING D O O,MATERIALS
ELEKTROMONT - ILT DOO,INDUSTRIALS
boss utr judit cakanj pr,CONSUMER DISCRETIONARY
PWW DOO,INDUSTRIALS
MIO COMPANY DOO,INDUSTRIALS
GROUP TESTER AL Jagodina,INDUSTRIALS
DARAN GROUP D.O.O.,INFORMATION TECHNOLOGY
ENERGOTEHNIKA-JUZNA BACKA DOO NOVI,INDUSTRIALS
MASTER FRIGO PROJEKT D.O.O. BEOGRA,INDUSTRIALS
ELEKTROIZGRADNJA DOO BEOGRAD,INDUSTRIALS
JKP GRADSKA TOPLANA KRUSEVAC,NOT RELEVANT
TUS DOO BEOGRAD (NOVI BEOGRAD),FINANCIALS
EKO SERBIA AD BEOGRAD,ENERGY
PRIVREDNIK SRPSKI POSLOVNI KLUB,NOT RELEVANT
MAZ SR DOO REKOVAC,CONSUMER DISCRETIONARY
ALLIANCE ONE TOBACCO DOO BEOGRAD -,CONSUMER STAPLES
FRUTISSIMO DOO STARA PAZOVA - U ST,CONSUMER STAPLES
NOVOSADSKI SAJAM A.D.,INDUSTRIALS
ZITOPRERADA DM DOO NOVI BECEJ,CONSUMER STAPLES
COCA-COLA HBC SRBIJA,CONSUMER STAPLES
STIGA DOO NOVI SAD,HEALTH CARE
APOTEKARSKA USTANOVA SOPHARMACY,CONSUMER STAPLES
PUMPA TRADE DOO NIS,NOT RELEVANT
DOO SLAVIJACOOP NOVI SAD,REAL ESTATE
JELEN DO DOO,MATERIALS
STEEL BALL,MATERIALS
HEMOFARM AD VRSAC,HEALTH CARE
BEOGUMA INVESTMENTS DOO ,INDUSTRIALS
ACO GRADEVINSKI ELEMENTI DOO  KRNJ,INDUSTRIALS
GRADITELJ AD KIKINDA,NOT RELEVANT
GEBRUDER WEISS DOO DOBANOVCI,NOT RELEVANT
EUROSALON AMBIJENT DOO BEOGRAD,CONSUMER DISCRETIONARY
ENERGOPROJEKT ENTEL,INDUSTRIALS
KLAS DOO BEOGRAD,NOT RELEVANT
ALBERGO D.O.O. - HOTEL LE PETIT PI,NOT RELEVANT
WEISHAUPT DOO BEOGRAD,INDUSTRIALS
PORSCHE IMMOBILIEN,CONSUMER DISCRETIONARY
FERBILD DOO BEOGRAD,INDUSTRIALS
FMS KVART DOO PETROVAC,INDUSTRIALS
MEDICO PHARM SERVIS DOO,HEALTH CARE
IVKO KNITS DOO BLACE,CONSUMER DISCRETIONARY
PROMSEK DOO PANCEVO,INDUSTRIALS
PAMIN  DOO GORNJI MILANOVAC,CONSUMER STAPLES
EDTECH PLUS TECH,INFORMATION TECHNOLOGY
DUNAV GRUPA AGREGATI A.D.,MATERIALS
DUCLA TRADING DOO BEOGRAD,NOT RELEVANT
AGROCRNJA D.O.O.,CONSUMER STAPLES
MINEL-ELEKTROGRADNJA-DV AD,NOT RELEVANT
INSTITUT ZA PUTEVE AD BEOGRAD,INDUSTRIALS
IDEA DOO,CONSUMER STAPLES
DOO ZITO-BACKA KULA,CONSUMER STAPLES
MNG PLASTIK GOGIC,MATERIALS
RECONAL SISTEMI DOO NIS,INDUSTRIALS
TIGAR AD PIROT,CONSUMER DISCRETIONARY
TM HOSPITALITY DOO,CONSUMER DISCRETIONARY
AUTO MARKET GROUP DOO SABAC,CONSUMER DISCRETIONARY
NAKA,INDUSTRIALS
MTEL GLOBAL DOO BEOGRAD,COMMUNICATIONS
VIVEX GROUP DOO BEOGRAD,INDUSTRIALS
PONS GRADNJA DOO STARA PAZOVA,INDUSTRIALS
JU-VES-KOMERC DOO POZEGA - U STECA,CONSUMER DISCRETIONARY
STEFAN DOO ARILJE,CONSUMER DISCRETIONARY
JEDINSTVO DOO,CONSUMER STAPLES
SVETLOST TEATAR DOO BEOGRAD,INDUSTRIALS
RESA GRADNJA,INDUSTRIALS
TERMO TIM DOO BEOGRAD,INDUSTRIALS
DG COMPANY DOO SUBOTICA,INDUSTRIALS
GROUP GRUPA UNIVERZAL HOLDING,NOT RELEVANT
DUAL PARADOX   - U PRINUDNOJ LIKVI,MATERIALS
TEAM OIL D.O.O.,NOT RELEVANT
AMB GRAFIKA AD NOVI SAD,MATERIALS
HTD VUJIC DIVCIBARE DOO,CONSUMER DISCRETIONARY
PRESS PUBLISHING GROUP DOO,NOT RELEVANT
GRADINA SISTEM,MATERIALS
KEYING DOO KIKINDA,NOT RELEVANT
GROUP GLOBAL PRESS,CONSUMER DISCRETIONARY
YU MONBAT DOO,INDUSTRIALS
AD AGROSTROJ CACAK,NOT RELEVANT
"PRIVATNO PREDUZECE ZA PROIZVODNJU,",CONSUMER STAPLES
PM SERVICES DOO BEOGRAD,CONSUMER STAPLES
ALIAXIS UTILITIES & INDUSTRY DOO,INDUSTRIALS
GROUP STEELSOFT,CONSUMER DISCRETIONARY
AVTERA SR DOO BEOGRAD,INFORMATION TECHNOLOGY
CAPRIOLO DOO BACKA TOPOLA,CONSUMER DISCRETIONARY
WIRTGEN SRBIJA DOO BEOGRAD,INDUSTRIALS
MONTING-GROUP-SP DOO,INDUSTRIALS
WINE ART DOO BEOGRAD,CONSUMER STAPLES
GROUP NAPRED/ENERGOPROJEKT,INDUSTRIALS
DOO EURO GAS SUBOTICA,INDUSTRIALS
IGM OPEKA DOO SMEDEREVSKA PALANKA,MATERIALS
CEMMAX DOO,MATERIALS
MATIS NEW POINT DOO,REAL ESTATE
JASMIN DOO BEOGRAD,CONSUMER STAPLES
D.S. INZENJERING DOO BEOGRAD,INDUSTRIALS
AGRO TECH PMD DOO TRESNJEVAC,INDUSTRIALS
ATLAS COPCO SRBIJA DOO,INDUSTRIALS
ASTRA SIMIT DOO U STECAJU BEOGRAD,NOT RELEVANT
COBEST A.D.,NOT RELEVANT
UTVAKOM DOO BEOGRAD,MATERIALS
MARJANOVIC-TRANS DOO,INDUSTRIALS
ESENSA DOO BEOGRAD,HEALTH CARE
FIDELINKA KOMPANIJA DOO,CONSUMER STAPLES
RODIC M&B - U STECAJU,NOT RELEVANT
CADCAM DATA DOO BEOGRAD,INFORMATION TECHNOLOGY
BEL SPACE,REAL ESTATE
INTERSPED DOO KRAGUJEVAC,NOT RELEVANT
AEROLAB DOO BEOGRAD,INDUSTRIALS
COLOR PRINT DOO NOVI SAD,INDUSTRIALS
PRIMAR CO DOO,INDUSTRIALS
BEE IT DOO,INFORMATION TECHNOLOGY
INOS NAPREDAK AD SABAC,INDUSTRIALS
SLIMS D.O.O.,CONSUMER STAPLES
AZD SAOBRACAJNI SISTEMI DOO BEOGRA,INDUSTRIALS
MARINKOVIC-HOFMANN DOO VELIKA MOST,INDUSTRIALS
CITY RENT A CAR DOO,INDUSTRIALS
HOTEL METROPOL PALACE D.O.O. BEOGR,CONSUMER DISCRETIONARY
DURDEVIC 2010 DOO SUBOTISTE,CONSUMER STAPLES
INCEPTION DOO BEOGRAD,INFORMATION TECHNOLOGY
GROUP MAKLER,HEALTH CARE
MASTER GROUP DOO NOVI SAD,CONSUMER DISCRETIONARY
BEOTURS DOO BEOGRAD,CONSUMER DISCRETIONARY
GROUP SRBIJAGAS,UTILITIES
-U STECAJU,NOT RELEVANT
COLOR PRESS GROUP 1992 D.O.O.,CONSUMER DISCRETIONARY
DONERRA,CONSUMER STAPLES
CISTOCA I ZELENILO JKP SUBOTICA,NOT RELEVANT
RODIC M&B-CO  TRGOVINSKO UGOSTITELJ,NOT RELEVANT
FLOOREXPERTS DOO BEOGRAD,INDUSTRIALS
PREDSTAVNISTVO AIFAR AGROCHIMI,INDUSTRIALS
G INVEST DOO,NOT RELEVANT
VAPEKS DOO CACAK,MATERIALS
FOCUS I.M.C. DOO BEOGRAD,CONSUMER STAPLES
CENTRALINVEST DOO BEOGRAD,INDUSTRIALS
"KRAFT FOODS DOO,VAT.103822660",CONSUMER STAPLES
"DRAGOVIC TRANSPORT DOO, SMEDEREVO",INDUSTRIALS
BTL MANDIS MEDIA DOO,COMMUNICATIONS
CE-ZA-R DOO BEOGRAD,MATERIALS
GROUP AGROPANONKA,INDUSTRIALS
FISH CORP. 2000 FEED DOO,INDUSTRIALS
PHARMA-MAAC DOO BEOGRAD,HEALTH CARE
P.S. FASHION DESIGN DOO CACAK,CONSUMER DISCRETIONARY
UZOR PROMET DOO NOVI SAD,REAL ESTATE
KALLAS SB DOO,CONSUMER STAPLES
AGRO STAR PROIZVODNJA DOO,CONSUMER STAPLES
EMDIRO CONSULTANTS SERVICES DOO BE,INDUSTRIALS
INTERMERKUR DOO BEOGRAD - U STECAJ,NOT RELEVANT
MERKUR-CELIK,FINANCIALS
IN2 INFORMATICKI INZENJERING DOO,INFORMATION TECHNOLOGY
AGRO ARM DOO BEOGRAD (VOZDOVAC),MATERIALS
FN DALLAS DOO,NOT RELEVANT
SANTAMED D.O.O. BEOGRAD,HEALTH CARE
BIOTRONIK ADRIATIC DOO BEOGRAD,HEALTH CARE
ICES DOO,INFORMATION TECHNOLOGY
CENEJ AGRAR,CONSUMER STAPLES
UNIVERZITET SINGIDUNUM BEOGRAD,CONSUMER DISCRETIONARY
BOZIDAR RISTIC PR PRIPREMNA GRADIL,INDUSTRIALS
AUTORITAS INVESTMENT DOO NOVI SAD,CONSUMER STAPLES
POLLARD DIGITAL SOLUTIONS D.O.O.,INFORMATION TECHNOLOGY
LIVNICA PRECIZNIH ODLIVAKA DOO,INDUSTRIALS
SUBGROUP ASTERFARM,CONSUMER STAPLES
INTERSREM FLEET MANAGEMENT,INDUSTRIALS
MLINOTEST-S DOO RUMA,CONSUMER STAPLES
YUGOTUB DOO NOVA PAZOVA,INDUSTRIALS
INOBACKA D.O.O.,INDUSTRIALS
VELEMIR (NEDELJKO) VESKOV,CONSUMER STAPLES
PRODANOVIC DOO MAJUR,INDUSTRIALS
BIOWINE DOO NOVI SAD U STECAJU,NOT RELEVANT
BUKULJA J.K.P.,NOT RELEVANT
SAMSTAG-BALKAN D.O.O.,NOT RELEVANT
GRAMERCY DOO BEOGRAD,NOT RELEVANT
JAGODINA PUT D.O.O.,INDUSTRIALS
FEROMONT-GRADNJA DOO - STARA PAZOV,INDUSTRIALS
INTER MIMS DOO,NOT RELEVANT
ZIMPA AD UB,INDUSTRIALS
CISTOCA JAVNO KOMUNALNO,INDUSTRIALS
EGIS D.O.O. BEOGRAD,INDUSTRIALS
GROUP ENTERIJER JANKOVIC,INDUSTRIALS
VEGA IT D.O.O. NOVI SAD,INFORMATION TECHNOLOGY
NECTAR DOO BACKA PALANKA,CONSUMER STAPLES
LJUBENKOVIC D.O.O.,INDUSTRIALS
TRIGEMA D.O.O. BEOGRAD,INDUSTRIALS
DOO RACA ZRENJANIN,CONSUMER STAPLES
ALEXANDAR DOO NOVI SAD,CONSUMER STAPLES
DT D.O.O.,INDUSTRIALS
STRABAG AG,INDUSTRIALS
OZZ AGRONOM DESPOTOVO-PIVNICE PIVN,CONSUMER STAPLES
TSV BRAVE DOO BEOGRAD,CONSUMER STAPLES
SIEMENS DOO BEOGRAD,INDUSTRIALS
DEKORAT DOO BEOGRAD,INDUSTRIALS
ARMSTEEL DOO RUMENKA,INDUSTRIALS
METALNE KONSTRUKCIJE 037 DOO,INDUSTRIALS
FUTURUM AD BEOGRAD,NOT RELEVANT
JELIC PETROL DOO,CONSUMER DISCRETIONARY
JGL,HEALTH CARE
DRUSTVO SA OGRANICENOM,CONSUMER DISCRETIONARY
GROUP TOPOLA IM,NOT RELEVANT
PROTECH DOO NOVI SAD,INDUSTRIALS
IHR DOO U STECAJU,NOT RELEVANT
SLOGA AD NOVI PAZAR,INDUSTRIALS
NAFTAGAS-TRANSPORT D.O.O. NOVI SAD,INDUSTRIALS
CARNEX MACHINERY LIMITED DOO VRBAS,CONSUMER STAPLES
VODOVOD I KANALIZACIJA JP ZRENJANI,UTILITIES
INTERFAST ADVANCED SECURITY SYSTEM,INDUSTRIALS
HIDRO-BAZA AGREGATI DOO,MATERIALS
AGROMARKET MACHINERY,INDUSTRIALS
DOO BANATSKI KLAS PANCEVO,CONSUMER STAPLES
IRIS MEGA DOO,INFORMATION TECHNOLOGY
LAZOVIC GRADNJA DOO NOVI SAD,INDUSTRIALS
JKP BEOCIN ,INDUSTRIALS
BRICKEN DOO NOVI SAD,INDUSTRIALS
DOO HOROSZCOOP SENTA,INDUSTRIALS
AGRO-PROMET DOO BECEJ,CONSUMER STAPLES
METSO D.O.O.,INDUSTRIALS
BOYSEN ABGASSYSTEME,CONSUMER DISCRETIONARY
TRANSPORT BERAR DOO MELENCI,INDUSTRIALS
AUTO CENTAR MILENIJUM DOO BEOGRAD,CONSUMER DISCRETIONARY
AGORA ECO,UTILITIES
PSS POLJOPRIVREDNA STANICA DOO,INDUSTRIALS
TEMA BROKER A.D.,NOT RELEVANT
DIRECT GROUP DOO,CONSUMER STAPLES
MOSTOGRADNJA A.D.,INDUSTRIALS
CAN ADVERTISING DOO BEOGRAD,NOT RELEVANT
SOPHARMA TRADING PHARMACEUTICALS D,HEALTH CARE
BUFFALO DOO CACAK- U STECAJU,NOT RELEVANT
SOMBORMLIN AD SOMBOR,NOT RELEVANT
GROUP FMP,NOT RELEVANT
EINHELL DOO BEOGRAD,CONSUMER DISCRETIONARY
DACIC PROM DOO NOVI PAZAR,MATERIALS
DOO PANSPED NOVI SAD,INDUSTRIALS
HAMBURGER RECYCLING SERBIA DOO,INDUSTRIALS
OGREV DOO ZRENJANIN,INDUSTRIALS
STOBEX DOO,MATERIALS
SPONIT DOO CACAK,CONSUMER DISCRETIONARY
COLOR-CHEMICALS,MATERIALS
GROUP NESAM,INDUSTRIALS
BRACA POPOVIC DOO KRAGUJEVAC,CONSUMER STAPLES
SWEET HOME PORT DOO,CONSUMER DISCRETIONARY
ENERGY NET SOLUTION DOO,INDUSTRIALS
FIMAS DOO BEOGRAD,CONSUMER DISCRETIONARY
FORVIS MAZARS D.O.O. BEOGRAD,INDUSTRIALS
EMS AD BEOGRAD,UTILITIES
SILOIN DOO KOVIN,NOT RELEVANT
SVET INTERNATIONAL DOO,NOT RELEVANT
NET-CONNECT D.O.O. - U LIKVIDACIJI,COMMUNICATIONS
DOO ALFA 022 RUMA,INDUSTRIALS
BERRY FRUTICO DOO LUCANI,CONSUMER STAPLES
AQUALIA INFRAESTRUCTURAS D.O.O.,NOT RELEVANT
DOO SLAVIJACOOP LOGISTIC BEOGRAD -,INDUSTRIALS
MONIKA HOUSE,CONSUMER DISCRETIONARY
RADNJA ZA VRSENJE USLUGA,INDUSTRIALS
TERRA SRBIJA DOO SIMANOVCI,INDUSTRIALS
MARMIL INZENJERING D.O.O. BEOGRAD,INDUSTRIALS
EURODIJAGNOSTIKA,HEALTH CARE
CML CONSTRUCTION SERVICES,INDUSTRIALS
ELKOMS DOO BEOGRAD,INDUSTRIALS
ALEMILOIL DOO,INDUSTRIALS
APOTEKARSKA USTANOVA BENU BEOGRAD,CONSUMER STAPLES
ERWIN DOO NOVI PAZAR,INDUSTRIALS
UNITRAG PIZON DOO BEOGRAD,INDUSTRIALS
GAMA D.K. DOO BACKA TOPOLA,CONSUMER STAPLES
NOMIL PROMET DOO  ARILJE - U STECA,CONSUMER STAPLES
BI-COMMERCE DOO NOVI SAD,MATERIALS
AGROFARM-TRADE DOO TOPOLA,CONSUMER DISCRETIONARY
ARETOL DOO NOVI SAD,CONSUMER STAPLES
RAPP ZASTAVA DOO KRAGUJEVAC,INDUSTRIALS
ANDREAS (ONDREJ) HEDJI,CONSUMER STAPLES
H.T. & L. FITTING SERBIA DOO KRAGU,CONSUMER DISCRETIONARY
VERIDOS NETSET DOO,INFORMATION TECHNOLOGY
GROUP MOJ KIOSK,CONSUMER STAPLES
GROUP LILLY,CONSUMER STAPLES
AUTO KODEKS DOO BEOGRAD,INDUSTRIALS
WBD DOO BEOGRAD,INFORMATION TECHNOLOGY
IMPERIAL TOBACCO SCG DOO BEOGRAD,CONSUMER STAPLES
SSC DOO SMEDEREVO,INDUSTRIALS
JUGIS DOO BEOGRAD,INDUSTRIALS
21. JANUAR D.O.O.      ,INDUSTRIALS
SKY TOPECO DOO BEOGRAD,INDUSTRIALS
TRANSPORTNO DRUSTVO C&LC-GROUP DOO,INDUSTRIALS
NUTRIFEED-SOLUTIONS D.O.O.,CONSUMER STAPLES
MOZZART D.O.O.,CONSUMER DISCRETIONARY
METALEX DOO,NOT RELEVANT
PSC D.O.O.,INFORMATION TECHNOLOGY
AMSS DOO,NOT RELEVANT
TONI COMMERCE 2011 DOO,MATERIALS
MILIJA  DOO  KRAGUJEVAC,NOT RELEVANT
DHL INTERNATIONAL BEOGRAD D.O.O.,INDUSTRIALS
GORAN INVEST BG DOO,INDUSTRIALS
PREDUZECE ZA PRODAJU ALUMINIJUMA VE,NOT RELEVANT
LE BELIER KIKINDA LIVNICA DOO,MATERIALS
MEGA RENT DOO,INDUSTRIALS
ELEKTROMETAL GREEN DOO,INDUSTRIALS
BAKARNE CEVI - U PRINUDNOJ LIKVIDA,MATERIALS
GROUP JUGOKOP,INDUSTRIALS
ZITOPROMET-MLIN AD SENTA,CONSUMER STAPLES
AGRINOVA DOO NOVI SAD,INDUSTRIALS
FAKULTET ZA EKONOMIJU I INZENJERSK,CONSUMER DISCRETIONARY
BELARUS-AGROPANONKA DOO NOVI SAD,INDUSTRIALS
AGROSAVA DOO,MATERIALS
SIM DOO,INDUSTRIALS
CORNER PIZZA D.O.O.,CONSUMER DISCRETIONARY
BOMEX HOLDING D.O.O.,MATERIALS
EXCITING D.O.O.,INDUSTRIALS
TODY GH DOO,CONSUMER STAPLES
GROUP ERAKOVIC,CONSUMER STAPLES
INITIATIVE DOO BEOGRAD,CONSUMER DISCRETIONARY
LUXURY TANNERY DOO RUMA,CONSUMER DISCRETIONARY
AGROPRODUKT DOO BUMBAREVO BRDO,CONSUMER STAPLES
ELIXIR ENGINEERING DOO,MATERIALS
GREENFLOW RECYCLING DOO,INDUSTRIALS
TIM POWER PLUS D.O.O. PIROT,INDUSTRIALS
ERNST & YOUNG CONSULTING D.O.O.,INDUSTRIALS
AQUACHEM D.O.O.,INDUSTRIALS
CRAYON,INFORMATION TECHNOLOGY
PPL D.O.O.,INDUSTRIALS
MIRKO (ZIVKO) MILJUS,NOT RELEVANT
GORENJE D.O.O.,CONSUMER DISCRETIONARY
ARROW-DISTRIBUTION NET WORK DOO BE,CONSUMER STAPLES
OBELISK GRADNJA DOO BEOGRAD,REAL ESTATE
Lagermax AED doo,INDUSTRIALS
MISTRAL KOMERC D.O.O.,CONSUMER STAPLES
DAHOP UTVA DOO ALEKSINAC,MATERIALS
JARBOLI I ZASTAVE DOO RUMA,CONSUMER DISCRETIONARY
HIRIM CO DOO BEOGRAD,REAL ESTATE
Subgroup Juzna Backa,INDUSTRIALS
NEW IMAGE D.O.O. BEOGRAD-NOVI BEOG,INDUSTRIALS
CAMMEO GRUPA D.O.O. BEOGRAD,INDUSTRIALS
SWISSLION GROUP DOO BEOGRAD-SAVSKI,CONSUMER STAPLES
UNICOOP DOO ZABALJ,CONSUMER STAPLES
ERS HOLDING DOO,REAL ESTATE
AGRARIA TIM DOO - U STECAJU,CONSUMER STAPLES
TEIKOM DOO,INDUSTRIALS
SIGIT DOO GROSNICA,CONSUMER DISCRETIONARY
BANAT SEME D.O.O. ZRENJANIN,CONSUMER STAPLES
JONIMPEX DOO SMEDEREVO,INDUSTRIALS
GROUP OPTICUS,HEALTH CARE
JAVNA SKLADISTA DOO SUBOTICA,INDUSTRIALS
W ASFALTNA TEHNIKA DOO BEOGRAD,INDUSTRIALS
MARIS DOO NOVI SAD,INDUSTRIALS
A1 SRBIJA,COMMUNICATIONS
ISV FEED & CONSULTING DOO DURDIN,CONSUMER STAPLES
FONDACIJA ZA RECIKLAZU LIMENKI ZA,MATERIALS
RAVNICA DOO BAJMOK,NOT RELEVANT
ENERGY NET TWO DOO SREMSKA MITROVI,NOT RELEVANT
NESTLE ADRIATIC FOODS DOO,CONSUMER STAPLES
KNAUF ZEMUN DOO BEOGRAD,NOT RELEVANT
DRUSTVO SA OGRANICENOM ODGOVORNOSCU,INDUSTRIALS
saint gobain doo beograd,MATERIALS
ABV DISTRIBUCIJA DOO,CONSUMER STAPLES
NOV DOO NOVI SAD,INFORMATION TECHNOLOGY
GROUP PKB KORPORACIJA,NOT RELEVANT
AUTOFLEX-LIVNICA DOO COKA,MATERIALS
SUBGROUP COLOR MEDIA INTERNATIONAL,CONSUMER DISCRETIONARY
MIN-COMMERCE DOO BEOGRAD,CONSUMER STAPLES
CHAMPICOMP DOO PLOCICA,CONSUMER STAPLES
IGMIN OIL DOO BEOGRAD - U STECAJU,ENERGY
PIGGY CENTAR DOO,CONSUMER STAPLES
DOO BALKANPROGRES KRUSEVAC,CONSUMER DISCRETIONARY
RU METAL TRADE DOO RUMA,INDUSTRIALS
AUTO CACAK PROMET DOO,CONSUMER DISCRETIONARY
"MILETIC PETROL DOO PARACIN, SALUDO",INDUSTRIALS
DIGITAL LIFE DOO BEOGRAD,COMMUNICATIONS
"TIM KABEL DOO BEOGRAD, ZEMUN",INDUSTRIALS
KNJAZ MILOS-NATURA,CONSUMER STAPLES
GROUP EUROINVEST NS,REAL ESTATE
EPS AD BEOGRAD,UTILITIES
SVETLANA (VLASTIMIR) RONCEVIC,CONSUMER STAPLES
PRIMAX DOO BEOGRAD,HEALTH CARE
INS DOO,REAL ESTATE
AUTOBUS DOO NOVI SAD,CONSUMER DISCRETIONARY
DAK DOO BEOGRAD,CONSUMER DISCRETIONARY
ALKALOID DOO,HEALTH CARE
AKS FLEET SOLUTION DOO,INDUSTRIALS
ORAHOVO DOO SENTA,NOT RELEVANT
SALINEN DOO SIMANOVCI,CONSUMER STAPLES
GROUP MM,CONSUMER DISCRETIONARY
NTC PROPERTY DOO,NOT RELEVANT
PRICEWATERHOUSECOOPERS DOO BEOGRAD,INDUSTRIALS
INSTITUT ZA RATARSTVO I POVRTARSTV,CONSUMER STAPLES
DOBAR VETAR DOO BEOGRAD,CONSUMER STAPLES
RAMAZZA OIL DOO LESKOVAC,REAL ESTATE
PESTAN DOO BUKOVIK,INDUSTRIALS
SENJAK DOO BEOGRAD,MATERIALS
TESTER-AL DOO JAGODINA,INDUSTRIALS
KARIN KOMERC MD DOO NOVI SAD,INDUSTRIALS
ALPROS EVISION,CONSUMER DISCRETIONARY
SPORT TIME BALKANS DOO BEOGRAD,CONSUMER DISCRETIONARY
COMTRADE SYSTEM INTEGRATION D.O.O.,INFORMATION TECHNOLOGY
MAGREM DOO BEOGRAD,INDUSTRIALS
RADULOVIC DOO,CONSUMER DISCRETIONARY
ADONIS DOO SOKOBANJA,CONSUMER STAPLES
BARENTZ DOO BEOGRAD,MATERIALS
EVAPIFY D.O.O.,CONSUMER STAPLES
ATRIUM PROPERTY SERVICES D.O.O.,INDUSTRIALS
TBM DUNAV DOO,NOT RELEVANT
PRESTON HOLDING DOO,INDUSTRIALS
FMP DOO BEOGRAD,MATERIALS
GROUP PROTEAM,INDUSTRIALS
INTERQO GROUP DOO LESKOVAC,CONSUMER STAPLES
GP PORR DOO BEOGRAD - U LIKVIDACIJ,INDUSTRIALS
CONTITECH FLUID SERBIA DOO SUBOTIC,CONSUMER DISCRETIONARY
TP JABUKA DOO BEOGRAD,NOT RELEVANT
GLOBAL PRESS DOO BEOGRAD,CONSUMER DISCRETIONARY
"ALEKSANDROVIC VT DOO TOPOLA, VINCA",CONSUMER DISCRETIONARY
HELIOS SRBIJA A.D. GORNJI MILANOVA,MATERIALS
COMTRADE SOLUTIONS ENGINEERING,INFORMATION TECHNOLOGY
DOM ZDRAVLJA ACIBADEM BEL MEDIC,HEALTH CARE
AXSYNTHA D.O.O.,MATERIALS
HEINEKEN SRBIJA DOO ZAJECAR,CONSUMER STAPLES
EVIDEN,INFORMATION TECHNOLOGY
JKP BEOGRADSKE ELEKTRANE,UTILITIES
DUOMED SOUTHEAST EUROPE D.O.O.,HEALTH CARE
OXYGEN DOO BEOGRAD,CONSUMER DISCRETIONARY
DELMAX DOO STARA PAZOVA,CONSUMER DISCRETIONARY
IVAN RAJIC PR RAJIC 2015,CONSUMER STAPLES
POSLOVNI SISTEM DOMINA DOO BEOGRAD,NOT RELEVANT
ETI&PACK DOO,CONSUMER DISCRETIONARY
MITIC DOO LESKOVAC,CONSUMER DISCRETIONARY
GP RATKO MITROVIC-NISKOGRADNJA BGD,INDUSTRIALS
SAJKASKA AD ZABALJ,CONSUMER STAPLES
GILERA DOO BEOGRAD-ZEMUN,INDUSTRIALS
LUCAR DOO NOVI SAD,CONSUMER STAPLES
FASHION COMPANY DOO,CONSUMER DISCRETIONARY
JEDINSTVO - LIVNICA POZEGA DOO POZ,MATERIALS
KEJ DOO VALJEVO,INDUSTRIALS
JKP JAVNO OSVETLJENJE,INDUSTRIALS
AGROSTORY D.O.O. BANATSKI KARLOVAC,CONSUMER STAPLES
METALKA-MAJUR DOO JAGODINA,INDUSTRIALS
HÖRMANN SRBIJA DOO BEOGRAD,INDUSTRIALS
GROUP FORMA IDEALE,CONSUMER DISCRETIONARY
LUKAFOOD,CONSUMER STAPLES
PRIVREDNO DRUSTVO MEHANIZACIJA TRG,INDUSTRIALS
RETAIL PARK DUNJA,CONSUMER STAPLES
SLODES DOO BEOGRAD,CONSUMER DISCRETIONARY
GRANICE DOO MLADENOVAC,CONSUMER STAPLES
LAMEX DOO NOVI SAD,CONSUMER DISCRETIONARY
ZITOSREM DOO INDIJA,CONSUMER STAPLES
MONOBLOK DOO NOVI SAD,INDUSTRIALS
VIKTOR GAJOVIC PR TRGOVINSKA RADNJ,CONSUMER DISCRETIONARY
SPECIJALNA BOLNICA ZA HEMODIJALIZU,HEALTH CARE
MILOSEVIC DOO KRUSEVAC,INDUSTRIALS
VAR SISTEM DOO,INDUSTRIALS
"PHARMASWISS DOO, BEOGRAD",HEALTH CARE
OTPAD DOO SUBOTICA - U PRINUDNOJ L,MATERIALS
MACKATICA AD,NOT RELEVANT
HANSA FLEX HIDRAULIKA DOO BEOGRAD,INDUSTRIALS
PRINTEC DOO BEOGRAD,CONSUMER DISCRETIONARY
EURO LIN + DOO PARACIN,REAL ESTATE
MARKO-EKSPORT D.O.O.,INDUSTRIALS
GOSA FABRIKA OPREME I MASINA AD,NOT RELEVANT
ROLOPLAST DOO,INDUSTRIALS
VIS-IA DOO,INDUSTRIALS
MMM PIZZA GROUP DOO NOVI SAD,CONSUMER DISCRETIONARY
PDM AGRO FRUIT DOO,CONSUMER STAPLES
NOVEL IT SYSTEMS,INFORMATION TECHNOLOGY
ECOLAB HYGIENE DOO BEOGRAD,MATERIALS
RINGIER AXEL SPRINGER DOO BEOGRAD,CONSUMER DISCRETIONARY
YUFOS DOO BEOGRAD,MATERIALS
SAGLOBAL DOO,INFORMATION TECHNOLOGY
ZISIC JOVAN PREDUZETNIK SPIN MARKE,CONSUMER STAPLES
HOMOLJE  ZAGUBICA,CONSUMER STAPLES
ARMEX D.O.O. ZABALJ,INDUSTRIALS
REFOT B D.O.O. BEOGRAD,CONSUMER DISCRETIONARY
GA DOO BEOGRAD,INDUSTRIALS
CENTAR ZA PRIMENJENU CIRKULARNU EK,MATERIALS
R&B MEDICAL COMPANY DOO BEOGRA,HEALTH CARE
KOMUNALAC JP BECEJ,INDUSTRIALS
VODOGRADNJA DOO PUKOVAC,INDUSTRIALS
GROUP MATIS,CONSUMER DISCRETIONARY
VISNJEVI SAD DOO NOVI SAD,CONSUMER STAPLES
UNIVERSAL EXPRESS DOO BEOGRAD,INDUSTRIALS
TRANSPED-BEOGRAD DOO BEOGRAD - U S,NOT RELEVANT
KMV BEV MANGO D.O.O.,CONSUMER STAPLES
SUBGROUP MPC HOLDING,CONSUMER STAPLES
CHEMICO EXPORT doo,CONSUMER STAPLES
"PREDUZECE ZA PROIZVODNJU,PROMET I U",MATERIALS
MONIKA 2022,CONSUMER DISCRETIONARY
Gebrüder Weiss d.o.o.,INDUSTRIALS
MSI BALKAN DOO BEOGRAD - U LIKVIDA,INFORMATION TECHNOLOGY
CONING DOO BEOGRAD,CONSUMER DISCRETIONARY
UNION SPED DOO DOBANOVCI,INDUSTRIALS
ALPROS ETECH,CONSUMER DISCRETIONARY
EKO PARTNER PLUS DOO,INDUSTRIALS
PRO TEAM DOO BEOGRAD,INDUSTRIALS
JP KOMUNALAC PIROT,INDUSTRIALS
STRABAG BRVZ,INDUSTRIALS
GROUP WORTS,CONSUMER DISCRETIONARY
SHOPGROUP DOO,CONSUMER DISCRETIONARY
VERANO-MOTORS D.O.O.,NOT RELEVANT
GROUP KAPPA STAR,MATERIALS
PIK 7 JULI AD DEBRC,CONSUMER STAPLES
YUBE DOO POZEGA,CONSUMER STAPLES
LORA COMPANY DOO KRNJESEVCI,NOT RELEVANT
SIMPO - PRZAR DOO,CONSUMER DISCRETIONARY
VALKIRA DOO,CONSUMER STAPLES
IMPACT BEL DOO KOVIN,NOT RELEVANT
VOJVODINA PUT BACKA PUT A.D. NOVI,INDUSTRIALS
BG PROPERTY DOO BEOGRAD   - U PRIN,NOT RELEVANT
HYUNDAI AUTO DOO BEOGRAD - U STECA,CONSUMER DISCRETIONARY
ISOMAT DOO SIMANOVCI,MATERIALS
PHARMAS DOO BEOGRAD,HEALTH CARE
BIFTEK RADOJEVI¿ MILOS PR NIS,CONSUMER STAPLES
DARZAL KOMERC DOO BEOCIN,CONSUMER DISCRETIONARY
UNIJAPAK DOO NIS,CONSUMER STAPLES
AUTOSTOP INTERIORS DOO LESKOVAC,CONSUMER DISCRETIONARY
M&J TRADE DOO,CONSUMER STAPLES
BASF SRBIJA D.O.O.,MATERIALS
CONSTRUCT INVEST DOO BEOGRAD,INDUSTRIALS
VIA VOSTOK DOO CACAK,INDUSTRIALS
ELIXIR CRAFT DOO,MATERIALS
NEIMAR PROJEKT DOO NIS- U STECAJU,INDUSTRIALS
PERI OPLATE DOO SIMANOVCI,INDUSTRIALS
NIKSAN D.O.O. NOVA PAZOVA,MATERIALS
DIMOCO SERBIA - U LIKVIDACIJI,INFORMATION TECHNOLOGY
DOO KONDOR AS VRNJACKA BANJA,CONSUMER DISCRETIONARY
MENTA DISTRIBUCIJA DOO CACAK - U S,CONSUMER STAPLES
ARGO DOO,NOT RELEVANT
SUBGROUP MAC DONDON,CONSUMER STAPLES
PREDUZECE WINNERS-PRODUCTS DOO DUB,CONSUMER STAPLES
SKY EXPRESS DOO BEOGRAD,INFORMATION TECHNOLOGY
ALEKSANDAR DOO NOVI SAD,NOT RELEVANT
TAGOR EMS DOO NIS,INFORMATION TECHNOLOGY
BEOROL DOO BEOGRAD,MATERIALS
RADUN AVIA DOO NOVI SAD,CONSUMER DISCRETIONARY
group green city international,INDUSTRIALS
SAMALD-ANATEKS-COMERC DOO,CONSUMER STAPLES
JP SRBIJAGAS NOVI SAD,UTILITIES
MAKSI SILOSI D.O.O. MALO CRNICE,CONSUMER STAPLES
PREDUZECE ZA INFORMATIKU,INFORMATION TECHNOLOGY
DONAUCHEM D.O.O.,MATERIALS
group institut mihajlo pupin,INDUSTRIALS
IZOTERM PLAMA DOO INDIJA,MATERIALS
AXEREAL SERBIA DOO,CONSUMER STAPLES
NICIFOROVIC L&M DOO VINCA,MATERIALS
JKP STANDARD SID,INDUSTRIALS
DOT NETWORKS,INFORMATION TECHNOLOGY
COMBIS-IT USLUGE,INFORMATION TECHNOLOGY
GROUP NAFTAcHEM,INDUSTRIALS
BEZISTAN CENTAR,REAL ESTATE
"PREDUZECE ZA PROIZVODNJU,TRGOVINU,",INDUSTRIALS
MOVE ONE RELOCATIONS DOO BEOGRAD,NOT RELEVANT
LOVRIC COMPANY DOO,INDUSTRIALS
LILLY FOOD DOO,NOT RELEVANT
URADI SAM DOO BEOGRAD,NOT RELEVANT
KONSING DOO,INDUSTRIALS
ADRIATIC MINORITYCO 003 D.O.O. BEO,CONSUMER STAPLES
VELEMAJSTOR TRGOVINE,INDUSTRIALS
VRSACKI VINOGRADI AD VINOGRADARSTVA,CONSUMER STAPLES
GALLAHER  DOO BEOGRAD - U LIKVIDAC,NOT RELEVANT
FEP DOO,INDUSTRIALS
CENTAR FAKTOR DOO - U PRINUDNOJ LI,REAL ESTATE
C.M.C. GRAMAX DOO ARANDELOVAC,INDUSTRIALS
DANUBE FOODS DOO,CONSUMER STAPLES
SCP DOO BEOGRAD,MATERIALS
ATB SEVER DOO,INDUSTRIALS
NELT CO. DOO BEOGRAD,CONSUMER STAPLES
KONCERN BAMBI A.D. POZAREVAC,CONSUMER STAPLES
KLAS 025,CONSUMER STAPLES
DRUSTVO SA OGRANICENOM,INFORMATION TECHNOLOGY
MATIJASEVIC VINOGRADI,CONSUMER STAPLES
DS SMITH INOS PAPIR SERVIS DOO,INDUSTRIALS
DELTA MOTORS DOO,CONSUMER DISCRETIONARY
BRAND DISTRIBUTION MARKET DOO,CONSUMER DISCRETIONARY
VADERSTAD DOO,INDUSTRIALS
SILBO LOGISTICS DOO BEOGRAD,INDUSTRIALS
PREDSTAVNISTVO PHARMAZEUTISCHE FABR,HEALTH CARE
SVETLOST DOO NIS,CONSUMER DISCRETIONARY
PREDUZECE FRIKOS DOO BEOGRAD - ZEM,CONSUMER STAPLES
BERICAP DOO,NOT RELEVANT
CERAGON DOO BEOGRAD - U LIKVIDACIJ,INFORMATION TECHNOLOGY
WURTH DRUSTVO SA OGRANICENOM,MATERIALS
PP FEKETIC DOO SOMBOR,NOT RELEVANT
KOPRODUKT AD NOVI SAD,NOT RELEVANT
DIREKTNA TRGOVINA DOO BEOGRAD - U,CONSUMER STAPLES
NATURA TRANSIT DOO LOZNICA,MATERIALS
GENEL,REAL ESTATE
INTER-EXPORT DOO BEOGRAD - U STECA,NOT RELEVANT
INTERGRADNJA COOP DOO,INDUSTRIALS
EKOSTAR PAK DOO BEOGRAD,INDUSTRIALS
WORLD GLASS DOO KRAgUJEVAC,INDUSTRIALS
LTD LOGISTIC DOO CACAK LJUBIC,INDUSTRIALS
MBOX TERMINALS DOO BEOGRAD,INDUSTRIALS
GIA DOO BEOGRAD,INDUSTRIALS
ECCO FOOTWEAR DOO,CONSUMER DISCRETIONARY
CENTAR ZA NESTALU I ZLOSTAVLJANU D,INDUSTRIALS
AGROVOJVODINA AUTOUNIVERZAL DOO N,INDUSTRIALS
APOTEKARSKA USTANOVA TG-PHARMA,CONSUMER STAPLES
LAYHER,INDUSTRIALS
AMREST D.O.O.,CONSUMER DISCRETIONARY
MMC-MIKROS MOBILE CENTAR DOO,INDUSTRIALS
PREDUZECE ZA PROIZVODNJU PVC PROZOR,MATERIALS
VELAS DOO BEOGRAD - U STECAJU,CONSUMER DISCRETIONARY
AGROBALKAN DOO,NOT RELEVANT
VELEFARM MEDICINA PRODAJA,NOT RELEVANT
STARION DOO BEOGRAD,NOT RELEVANT
JUGOTEHNIKA AD NIS,CONSUMER DISCRETIONARY
MAXI BULLS DOO DERONJE,CONSUMER STAPLES
"STANA MIHAJLOVIC PREDUZETNIK, MIHA",CONSUMER DISCRETIONARY
DOO JUGOINSPEKT-NOVI SAD NOVI SAD,INDUSTRIALS
OGRANAK YOKOGAWA EUROPE BRANCHES,INDUSTRIALS
KVIKI MARKET ALEKSANDAR SAVIC PR,CONSUMER STAPLES
ASTERFARM DOO BEOGRAD,HEALTH CARE
DOO LIDER TRANSPORT MEDJUNARODNI I,INDUSTRIALS
REHAU DOO,INDUSTRIALS
VITAMIN DOO HORGOS,CONSUMER STAPLES
OPTIMUM DOO SMEDEREVSKA PALANKA,MATERIALS
ENERGY CONSTRUCTION DOO SABAC,INDUSTRIALS
TOMSIN DOO SABAC,MATERIALS
REPRESENT DOO BEOGRAD,COMMUNICATIONS
SIEMENS GAMESA RENEWABLE ENERGY D.,UTILITIES
RESA LOGISTIC,REAL ESTATE
ANMANIS D.O.O.,CONSUMER STAPLES
DOO COMRAD NOVI SAD,INDUSTRIALS
PUREFERT BALKANS D.O.O.,INDUSTRIALS
CALIBRO DOO TOPOLA,CONSUMER STAPLES
PREDUZECE HIDROPROJEKAT-SAOBRACAJ,INDUSTRIALS
OZZ LESKA DOBRIC,CONSUMER STAPLES
NOKS NJ DOO BEOGRAD,INDUSTRIALS
JEDINSTVO-METALOGRADNJA AD SEVOJNO,INDUSTRIALS
ELDISY SERBIA D.O.O. CACAK,CONSUMER DISCRETIONARY
LUGANO TRADE DOO,INDUSTRIALS
PARACINKA DOO PARACIN,CONSUMER STAPLES
HRASTOVACA DOO POZAREVAC,CONSUMER STAPLES
GROUP PUTEVI UZICE,INDUSTRIALS
LJUBISAVLJEVIC DOO VRANJE - U STEC,CONSUMER STAPLES
IMPEL DOO ZRENJANIN,CONSUMER DISCRETIONARY
LAGERMAX ELITTE DOO SIBNICA-REKOVA,INDUSTRIALS
Subgroup Victoria,CONSUMER STAPLES
GROUP PLANINKA DOO,CONSUMER STAPLES
BAH-PAK-CENTAR SUZANA STANKOVIC PR,CONSUMER STAPLES
VALMEKS OOD,MATERIALS
OMEGA-PROFEKS DOO LOZNICA,CONSUMER DISCRETIONARY
MD INTERNATIONAL DOO BEOGRAD,CONSUMER STAPLES
SERBIAN BUSINESS SYSTEMS DOO BEOGR,INFORMATION TECHNOLOGY
JUGOTRADE DOO BEOGRAD,INDUSTRIALS
ENERGY STAR INTERNATIONAL DOO,CONSUMER STAPLES
BAHUS DOO,CONSUMER STAPLES
YUCO HEMIJA DOO BACKI JARAK,MATERIALS
ADRIATIC DISTRIBUTION,HEALTH CARE
2. MAJ KRAN DOO,INDUSTRIALS
STARAGENT PLUS,REAL ESTATE
GROUP BLUE STORE,CONSUMER DISCRETIONARY
TRGOKOMERC EXPORT-IMPORT DOO,INDUSTRIALS
SUBGROUP ATRIKOD,INDUSTRIALS
VAZDUHOPLOVNI SAVEZ SRBIJE,CONSUMER DISCRETIONARY
EXPERT STIL DOO LESKOVAC,CONSUMER DISCRETIONARY
EUROMES PLUS DOO,NOT RELEVANT
ADRENALIN DOO BEOGRAD,CONSUMER DISCRETIONARY
MAJDAN LUKS D.O.O.,CONSUMER DISCRETIONARY
TRADING TEAM DOO NOVI SAD,CONSUMER STAPLES
KLACSKA JUGOSLAVIJA DOO BEOGRAD,INDUSTRIALS
ELIXIR FRUIT DOO - U LIKVIDACIJI,CONSUMER STAPLES
MEGA TABAK D.O.O.,NOT RELEVANT
EXIM-COMMERCE DOO PALIC,INDUSTRIALS
PROJEKTOMONTAZA D.O.O. BEOGRAD,REAL ESTATE
KASTOR DOO JAGODINA,CONSUMER DISCRETIONARY
ERNST & YOUNG DOO BEOGRAD,INDUSTRIALS
DIAHEM GRAMIM DOO BEOGRAD,HEALTH CARE
DIGITAL PRINTING CENTER DOO BEOGRA,COMMUNICATIONS
CBRE GWS,REAL ESTATE
NISKOGRADNJA AD NIS,INDUSTRIALS
MG GROUP HR SERVICES,INDUSTRIALS
INSTITUT ZA KUKURUZ ZEMUN POLJE,NOT RELEVANT
GROUP ZIDAR,CONSUMER DISCRETIONARY
BETON PLUS D.O.O.,MATERIALS
SLUZBENI GLASNIK,CONSUMER DISCRETIONARY
E SEARCH D O O  BEOGRAD,INDUSTRIALS
VISNJICA RESTORANI DOO BEOGRAD,CONSUMER DISCRETIONARY
GRADSKI ZAVOD ZA VESTACENJA,INDUSTRIALS
LAT NITROGEN,MATERIALS
CREMA GEL,CONSUMER DISCRETIONARY
ELIXIR PRAHOVO DOO,MATERIALS
PULSE OFFICE DOO NOVA PAZOVA,CONSUMER DISCRETIONARY
SIGNAL DOO SOMBOR,INDUSTRIALS
JUGO-KAOLIN DOO ZAJECAR,MATERIALS
GEODIS SCO DOO,INDUSTRIALS
GAS LIDER,INDUSTRIALS
SERBIA ZIJIN COPPER DOO,MATERIALS
PTP TRANSKOM DOO SABAC,CONSUMER STAPLES
DOO KS-SAFETY SHOES,CONSUMER DISCRETIONARY
ENERGREEN MTB DOO,INDUSTRIALS
ALO MEDIA SYSTEM DOO BEOGRAD,COMMUNICATIONS
GROUP IVKOVIC,CONSUMER DISCRETIONARY
TEHNOUNION ENERGY,INDUSTRIALS
EKO UNIJA SN DOO BEOGRAD,INDUSTRIALS
AL DAHRA SRBIJA DOO PADINSKA SKELA,INDUSTRIALS
HERZ ARMATUREN DOO NOVA PAZOVA,INDUSTRIALS
UNL GROUP DOO BEOGRAD,INDUSTRIALS
"NUTRIKO DOO, VRANJE",CONSUMER STAPLES
GROUP VOJPUT,INDUSTRIALS
SHANDONG FOREIGN ECONOMIC & TECHNI,INDUSTRIALS
EKO PRODUKT 2002 PREDUZECE ZA UNUTR,NOT RELEVANT
LODIS LOGISTIKA d.o.o. Simanovci,INDUSTRIALS
MP VELIKA MORAVA DOO,INDUSTRIALS
KONDOR DOO SMEDEREVO,MATERIALS
CIGLANA AD TITEL,MATERIALS
BANAT AD - U STECAJU,NOT RELEVANT
JKP CISTOCA I ZELENILO SA POTPUNOM,INDUSTRIALS
UNION MZ,CONSUMER STAPLES
OTVORENI UNIVERZITET DOO SUBOTICA,NOT RELEVANT
TENEN FARM DOO,CONSUMER STAPLES
JOTER DOO KRUSEVAC,INDUSTRIALS
ZIKICA (MIODRAG) LAZIC,CONSUMER STAPLES
SIEMENS MOBILITY DOO CEROVAC,INDUSTRIALS
JUNGIC RECYCLING DOO,INDUSTRIALS
PIRAMIDA-NIT DOO,CONSUMER STAPLES
SOLAJA-BETON DOO,MATERIALS
ENERGO - PET DOO BEOGRAD,MATERIALS
PAKOM COMPUTERS D.O.O.,INFORMATION TECHNOLOGY
ALLTECH SERBIA D.O.O.,CONSUMER STAPLES
ZITOKOMERC DOO SOMBOR,CONSUMER STAPLES
EZPADA DOO BEOGRAD,UTILITIES
EUROPA TRAVEL DOO VALJEVO,CONSUMER DISCRETIONARY
ALBAFER TRADE DOO,INDUSTRIALS
REPOL D.O.O. VALJEVO,INDUSTRIALS
NG-SYSTEM DOO KRALJEVO,CONSUMER DISCRETIONARY
DOO MIVEX CACAK,CONSUMER STAPLES
INTEGRA AGRO,MATERIALS
ELCOM TRADE DOO BEOGRAD,CONSUMER DISCRETIONARY
PIZZAGRAM D.O.O. BEOGRAD-VRACAR,CONSUMER DISCRETIONARY
GRADINA DOO BEOGRAD,INDUSTRIALS
GROUP EURO GAS,INDUSTRIALS
HV PARTNER DOO MALA BOSNA - U STEC,CONSUMER STAPLES
BETA UNION DOO BEOGRAD,INDUSTRIALS
ALEX E&C DOO BEOGRAD,INDUSTRIALS
KOVINTRADE  DOO BEOGRAD,INDUSTRIALS
DARKOM DOO BEOGRAD,INDUSTRIALS
GROUP BEOINOX,CONSUMER STAPLES
SPEKTAR DOO,MATERIALS
TIM-PHARMA DOO SABAC,REAL ESTATE
ARHIKOM,INDUSTRIALS
AZOTARA DOO SUBOTICA - U STECAJU,MATERIALS
NIKOLA DOO POZAREVAC,NOT RELEVANT
IB TEAM DOO BEOGRAD - U PRINUDNOJ,CONSUMER STAPLES
IMPERIAL GRADNJA DOO BEOGRAD,CONSUMER DISCRETIONARY
BZ DOO NOVI SAD,INDUSTRIALS
KRYOOPREMA DOO PANCEVO,MATERIALS
GENERALIMPEX D.O.O.,NOT RELEVANT
JKP PARKING SERVIS NIS,INDUSTRIALS
NETWORK FOR TRADING - U STECAJU,UTILITIES
VICTORIA LOGISTIC DOO,CONSUMER STAPLES
GROUP ESENSA,HEALTH CARE
PERTINI TOYS DOO BEOGRAD (VRACAR),CONSUMER DISCRETIONARY
KAMEN I PESAK,MATERIALS
TOMAS & RAY DOO BEOGRAD,CONSUMER STAPLES
KIMBCO DOO BEOGRAD,CONSUMER STAPLES
APOTEKARSKA USTANOVA LILLY DROGERI,CONSUMER STAPLES
MEDIUS PLUS DOO STARA PAZOVA,CONSUMER STAPLES
SUBGROUP BEL MEDIC,HEALTH CARE
ALLUCENT DOO,HEALTH CARE
AGRIMATCO NOVI SAD,MATERIALS
WORLD BEST BRANDS DOO,CONSUMER DISCRETIONARY
TRGOCENTAR  DOO BEOGRAD,CONSUMER STAPLES
ATLANTIC STARK D.O.O.,CONSUMER STAPLES
SIROGOJNO CO DOO SIROGOJNO,CONSUMER STAPLES
THRACE PLASTICS PACKAGING,MATERIALS
ALUPLAST BGD DOO BEOGRAD (ZEMUN),INDUSTRIALS
VIR IMPEX DOO BEOGRAD,INDUSTRIALS
ALLEGRA-KRSTARENJA DOO,CONSUMER DISCRETIONARY
BETA COOP 2021 DOO GOLUBINCI,CONSUMER STAPLES
JUGOTREJD DOO ARILJE,CONSUMER STAPLES
ALPHA IMAGING DOO,HEALTH CARE
Javno preduzece PTT,INDUSTRIALS
PALMA STR LUCAR MILADIN PR NOVI SA,CONSUMER STAPLES
METALIK CO DOO SABAC,MATERIALS
PAN-ALKO PROMET DOO KULA,NOT RELEVANT
PEKARSKA INDUSTRIJA AD PANCEVO,NOT RELEVANT
WORLDWIDE CLINICAL TRIALS,HEALTH CARE
D PLUS PROIZVODNJA I DISTRIBUCIJA,CONSUMER STAPLES
"LAVERA  D.O.O. ZA PROIZVODNJU,PROME",CONSUMER STAPLES
PARKIC,CONSUMER STAPLES
KLINGSPOR DOO BEOGRAD,INDUSTRIALS
GRA VET  DOO GRADJEVINSKO PREDUZECE,INDUSTRIALS
UNIPROMET DOO CACAK,INDUSTRIALS
K-RENT PROPERTY D.O.O.,REAL ESTATE
AGROSTADT,INDUSTRIALS
IVOX DOO SMEDEREVO,CONSUMER DISCRETIONARY
EURO MOTUS TRANSPORT d.o.o.,INDUSTRIALS
NIPPON EXPRESS (DEUTSCHLAND) GMBH,INDUSTRIALS
JMD 021 TRADE,CONSUMER DISCRETIONARY
DUNAVPREVOZ AD BACKA PALANKA,INDUSTRIALS
KITE,INDUSTRIALS
APOTEKARSKA USTANOVA OAZA ZDRAVLJA,CONSUMER STAPLES
SRBIJASUME JP BEOGRAD,MATERIALS
BRANTNER OTPADNA PRIVREDA DOO,INDUSTRIALS
"BWC POLIMERI DOO BACKA PALANKA, CE",MATERIALS
ARTOS DOO KOSJERIC,CONSUMER STAPLES
METPAK D.O.O.,INDUSTRIALS
GP STIG AD POZAREVAC,NOT RELEVANT
GENEKO SYSTEMS DOO BEOGRAD,NOT RELEVANT
KONC.FABRIKA VAGONA KRALJEVO AD- D,NOT RELEVANT
I.S.N. DOO SABAC - U STECAJU,CONSUMER DISCRETIONARY
M+W PROCESS ENGINEERING D.O.O. BEOG,INDUSTRIALS
INON DOO POZAREVAC,CONSUMER STAPLES
BEOBUS DOO BEOGRAD,INDUSTRIALS
FOND ZA RAZVOJ REPUBLIKE SRBIJE,NOT RELEVANT
GEN - I DOO BEOGRAD,UTILITIES
MEDIUS MESARA DOO NOVA PAZOVA,CONSUMER STAPLES
AL RAWAFED SRBIJA DOO,CONSUMER STAPLES
MIKOM D.O.O. KOMPANIJA ZA PROIZVODN,INDUSTRIALS
EUROIMPEX AUTOMOTIVE D.O.O.,CONSUMER DISCRETIONARY
HYGIENE PRO TEAM DOO BEOGRAD ,MATERIALS
KLETT DOO BEOGRAD,COMMUNICATIONS
DUNAV AUTO DOO BEOGRAD,INDUSTRIALS
AUTOPREVOZNIK MARKO JAGODIC PR UB,INDUSTRIALS
BEOKOLP DOO BEOGRAD,CONSUMER DISCRETIONARY
ISTVAN (ISTVAN) VERES,CONSUMER STAPLES
MEDJAS DOO,NOT RELEVANT
JKP VODOVOD LESKOVAC,UTILITIES
MPN PROMET D.O.O.,CONSUMER DISCRETIONARY
ZIVKOVIC DOO JAGODINA,NOT RELEVANT
METANOLSKO SIRCETNI KOMPLEKS AD,MATERIALS
COMPAIR SOUTH EAST,CONSUMER DISCRETIONARY
AUTOCENTAR PETROVIC DOO SABAC,CONSUMER DISCRETIONARY
GRAPPOLO GROUP DOO U PRINUDNOJ LI,INFORMATION TECHNOLOGY
TEXNI DOO BEOGRAD,INDUSTRIALS
PACORINI BEO DOO BEOGRAD - U LIKVI,INDUSTRIALS
MK Group and Sunoko,CONSUMER STAPLES
SAOBRACAJNO DRUSTVENO PREDUZECE ZA,INDUSTRIALS
HUBERGROUP SRBIJA D.O.O.,MATERIALS
LEON CONDITORS DOO VRANJE,CONSUMER STAPLES
TRANSFERA D.O.O.,INDUSTRIALS
RIDETECH RS DOO,INFORMATION TECHNOLOGY
GCR D.O.O. NOVI SAD,REAL ESTATE
AVISTA OIL D.O.O.,INDUSTRIALS
TOI TOI DOO BEOGRAD,INDUSTRIALS
BEXIM TRADING,CONSUMER DISCRETIONARY
DUMECO DOO  SURCIN,INDUSTRIALS
IZOBIT DOO BRCKO,ENERGY
EVROPA LEK PHARMA,HEALTH CARE
ATLANTIC GRAND DOO,CONSUMER STAPLES
TRANSPRODUKT-BUS PREVOZ DOO BEOGRA,INDUSTRIALS
TISA INDUSTRY DOO BEOGRAD,INDUSTRIALS
VIVA PELLET DOO KRALJEVO,MATERIALS
GROUP FICOSOTA,CONSUMER STAPLES
PRO-BEKOM DOO U STECAJU,CONSUMER STAPLES
INVENTIV HEALTH DOO,HEALTH CARE
HABIT PHARM - U STECAJU,HEALTH CARE
BOTUNJAC-DVA BRATA BACKI VINOGRADI,CONSUMER STAPLES
KALINEL D.O.O. VRANJE,CONSUMER DISCRETIONARY
DRUSTVO SA OGRANICENOM ODGOVORNOSCU,NOT RELEVANT
INVEJ AD BEOGRAD-ZEMUN,NOT RELEVANT
BALKANS REAL ESTATE,REAL ESTATE
TEHNOGAMA DOO SIMANOVCI,INDUSTRIALS
HANPUT-PLUS DOO,INDUSTRIALS
POLIMARK DOO BEOGRAD,CONSUMER STAPLES
GROUP EWE,INFORMATION TECHNOLOGY
BRAINEERING IT SOLUTIONS DOO B,INFORMATION TECHNOLOGY
POLJOPRIVREDNO DOBRO DMN,CONSUMER STAPLES
ST MEDICINA,HEALTH CARE
MEKONTA INVESTMENT GROUP DOO,REAL ESTATE
ATLAS SERVIS,INDUSTRIALS
WIZARD DOO,MATERIALS
NICOLA'S  DOO BEOGRAD,NOT RELEVANT
PANATIC SISTEM DOO BEOGRAD,NOT RELEVANT
SUBGROUP DENEZA M INZENJERING,INDUSTRIALS
"FK ""FC FORZA""",CONSUMER DISCRETIONARY
UTVA SILOSI AD KOVIN,MATERIALS
EMINENT WORLD WIDE DOO,CONSUMER DISCRETIONARY
EUROMEDIK POLIKLINIKA NATASA ZLATA,HEALTH CARE
DOO MDM INOX S BEOGRAD,INDUSTRIALS
TIPTEH D.O.O. BEOGRAD,INDUSTRIALS
GRANDE ADRIATIC FOOD DOO LESKOVAC,CONSUMER STAPLES
POLJOPRIVREDNA STRUCNA SLUZBA VRBAS,INDUSTRIALS
DOO ELMED TEMERIN,INDUSTRIALS
MICROTRI DOO BEOGRAD,MATERIALS
UNIVERZITET PRAVNI FAKULTET U NOVO,CONSUMER DISCRETIONARY
MCCANN DOO BEOGRAD,COMMUNICATIONS
EX ING B&P DOO BEOGRAD,INDUSTRIALS
TCK DOO KOSJERIC,MATERIALS
ELEVEN CONTROLS,INDUSTRIALS
KOZARA DOO BANAT. VELIKO SELO,CONSUMER STAPLES
PILLAR DOO,CONSUMER STAPLES
UNIVERZUM CIGLANA DOO ARANDELOVAC,NOT RELEVANT
GGE DOO,INDUSTRIALS
PUERTO SEGURO DOO,NOT RELEVANT
GROUP GOTY DOO,CONSUMER STAPLES
HABIT APOTEKE IVANJICA,NOT RELEVANT
SILVER LAKE INVESTMENT DOO,CONSUMER DISCRETIONARY
SUBGROUP HEMOFARM STADA ARZNEIMITT,HEALTH CARE
MONTERRA D.O.O. OGRANAK,INDUSTRIALS
ARTIST SISTEMS DOO BEOGRAD,CONSUMER DISCRETIONARY
EURO BRAVO DOO,INDUSTRIALS
PROMOBI SERVISNI CENTAR DOO BEOGRA,CONSUMER DISCRETIONARY
ISOPLUS DOO BEOGRAD,INDUSTRIALS
ORANICA DOO KRAGUJEVAC,CONSUMER STAPLES
FCC KIKINDA DOO,INDUSTRIALS
ZEMLJORADNICKA ZADRUGA BACEX BAC,CONSUMER STAPLES
CITY FACILITY DOO BEOGRAD,INDUSTRIALS
"PREDUZECE BOSKOVIC ADS DOO POZEGA,",INDUSTRIALS
"MORAVCEVIC, VOJNOVIC I PARTNERI  A",INDUSTRIALS
BT PEGROTOUR DOO BEOGRAD (STARI GR,CONSUMER DISCRETIONARY
SAFE-INVEST DOO BEOGRAD - U STECAJ,NOT RELEVANT
CHEMMAX GRADNJA DOO BACKA PALANKA,NOT RELEVANT
AKCIONARSKO DRUSTVO MLEKARA SABAC,CONSUMER STAPLES
NISSAL DOO SREMSKA MITROVICA,MATERIALS
LICON DOO BEOGRAD,INDUSTRIALS
ALCA TRGOVINA DOO BEOGRAD-ZEMUN,CONSUMER STAPLES
VENERA BIKE D00 SUBOTICA,CONSUMER DISCRETIONARY
STRONG & UNIQUE  DOO SUBOTICA - U,NOT RELEVANT
TABLETE I KAPSULE TRADE DOO,HEALTH CARE
MLEKARA DOO PANCEVO,NOT RELEVANT
AXXON TRADING LTD DOO,CONSUMER DISCRETIONARY
INFINEON TECHNOLOGIES D.O.O.,INFORMATION TECHNOLOGY
SECUT DOO,INDUSTRIALS
BULIC CO DOO NOVA PAZOVA,INDUSTRIALS
WFC DOO,CONSUMER STAPLES
TECH MASTER DOO,CONSUMER STAPLES
ARMAX-BEO INVEST DOO,REAL ESTATE
TISACOOP DOO KANJIZA,CONSUMER STAPLES
C.I.A.K. AUTO,CONSUMER DISCRETIONARY
SCHRACK TECHNIK DOO BEOGRAD,INDUSTRIALS
STARI TAMIS DOO PANCEVO,CONSUMER STAPLES
SNE ENERGY DOO CACAK,INDUSTRIALS
CMANA DOO KRNJEVO,CONSUMER STAPLES
SSAB SWEDISH STEEL D.O.O. BEOGRAD,MATERIALS
ATB FOD,INDUSTRIALS
ERS HILL DOO,REAL ESTATE
PREDUZECE ZA PROFESIONALNU REHABILI,CONSUMER DISCRETIONARY
TIGAR TYRES DOO,CONSUMER DISCRETIONARY
DELTA AGRAR DOO,CONSUMER STAPLES
VENTING DOO BEOGRAD,CONSUMER DISCRETIONARY
MAGISTRALA A.D.,INDUSTRIALS
NOVEL DOO BEOGRAD (CUKARICA),CONSUMER DISCRETIONARY
MLINTEST DOO SID,CONSUMER STAPLES
APOLONIJA DOO BEOGRAD,CONSUMER DISCRETIONARY
MONICOM D.O.O.,ENERGY
CELTIS PRESS D.O.O.,CONSUMER DISCRETIONARY
PREDUZECE ZA POSREDNICKO KOMISIONE,INDUSTRIALS
MANPOWER BUSINESS SOLUTIONS DOO,INDUSTRIALS
BEO KERAMIKA DOO U STECAJU,NOT RELEVANT
DOO ROMA-AL STARA PAZOVA,CONSUMER STAPLES
PROZONE DOO NOVI SAD,INFORMATION TECHNOLOGY
METAL-PROM D.O.O.,MATERIALS
MINEL TRAFO DOO,NOT RELEVANT
NASA JABUKA DOO,CONSUMER STAPLES
MAGMA INTERNATIONAL - U STECAJU,NOT RELEVANT
220-B DOO BEOGRAD,CONSUMER DISCRETIONARY
PAPIR SERVIS DP D.O.O. KRUSEVAC,MATERIALS
UP STARI GRAD AD,CONSUMER DISCRETIONARY
VAIT DOO,CONSUMER STAPLES
STAMH DOO BEOGRAD,INDUSTRIALS
TIM AMIGA TRADE DOO,INDUSTRIALS
DRUSTVO OFY COMPANY DOO BEOGRAD,CONSUMER DISCRETIONARY
AKS AUTOMOTIVE DOO SABAC,CONSUMER DISCRETIONARY
INDAS DOO NOVI SAD,INDUSTRIALS
THYSSENKRUPP MATERIALS,MATERIALS
BEST AVENY DOO CACAK,REAL ESTATE
VIESSMANN DOO BEOGRAD,INDUSTRIALS
VODOPAN DOO VRANICI,INDUSTRIALS
SLOBODNA ZONA PIROT AD PIROT,INDUSTRIALS
NICOLL SYSTEM DOO TOPOLA,CONSUMER STAPLES
AUTOPREVOZNIK DEJAN RADOVANOVIC PR,INDUSTRIALS
OZZ ZUNJI-SILAK TEMERIN,CONSUMER STAPLES
DRUSTVO ZA PROIZVODNJU MINERAL,CONSUMER STAPLES
BG REKLAM DOO BARAJEVO,INDUSTRIALS
GROUP TANKMONT,INDUSTRIALS
METALNO DOO,INDUSTRIALS
HEMOVET - U STECAJU,NOT RELEVANT
A2B EJ TU BI LOGISTIKA DOO,INDUSTRIALS
USPON DOO CACAK,CONSUMER DISCRETIONARY
SL GROSS DOO BEOGRAD,NOT RELEVANT
PIN DOO MLADENOVAC,MATERIALS
SACO D.O.O.,NOT RELEVANT
EURO STEEL CENTER DOO,NOT RELEVANT
GROUP MK GROUP,CONSUMER STAPLES
KOKIR GRADNJA  D.O.O. BEOGRAD,NOT RELEVANT
PWW JAGODINA DOO,INDUSTRIALS
WOLT D.O.O.,CONSUMER DISCRETIONARY
GROUP ANSAL,INDUSTRIALS
HEP ENERGIJA DOO BEOGRAD,UTILITIES
SAVA KOVACEVIC DOO VRBAS,CONSUMER STAPLES
GREINER PACKAGING,MATERIALS
"MINAR FRUCHT DOO SLJIVOVO, ALEKSAN",CONSUMER STAPLES
CPS DOO BEOGRAD,MATERIALS
UNITED GROUP NETWORK INFRASTRUCTURE,COMMUNICATIONS
COMCEN DOO BEOGRAD-ZEMUN,CONSUMER STAPLES
MISACO DOO BEOGRAD,CONSUMER STAPLES
ARMABETON DOO BEOGRAD,MATERIALS
AG INSTITUT D.O.O. NOVI SAD,INDUSTRIALS
G.R.S. INZINJERING DOO BEOGRAD,CONSUMER DISCRETIONARY
SUBGROUP LUKOWA FOOD,CONSUMER STAPLES
PARTERNO1 DOO,REAL ESTATE
PORSCHE MOBILITY DOO,CONSUMER DISCRETIONARY
BORVERK DOO LAJKOVAC,NOT RELEVANT
MICK D.O.O.,INDUSTRIALS
TOREX CO DOO BEOGRAD - U STECAJU,CONSUMER DISCRETIONARY
GALEB GTE AD BEOGRAD,INFORMATION TECHNOLOGY
INGRAP GRADNJA DOO,NOT RELEVANT
GROUP UNITED DAIRY,NOT RELEVANT
IM TOPOLA DOO BACKA TOPOLA,NOT RELEVANT
DRINA LOGISTIX DOO BEOGRAD,INDUSTRIALS
EUROPOINT SYSTEMS DOO,INFORMATION TECHNOLOGY
GRADSKO SAOBRACAJNO PREDUZECE BEOGR,INDUSTRIALS
D EXPRESS DOO BEOGRAD,INDUSTRIALS
JKP TVRDJAVA BAC,UTILITIES
GROUP FASHION CO,CONSUMER DISCRETIONARY
PRIMEMED D.O.O.,HEALTH CARE
EX BC DOO BEOGRAD,INDUSTRIALS
PREDUZECE AUTOKUCA-RAJEVIC DOO ARI,CONSUMER DISCRETIONARY
ALPROS DOO BEOGRAD,CONSUMER DISCRETIONARY
KOLPA DOO ZRENJANIN,INDUSTRIALS
VEGA DOO VALJEVO,HEALTH CARE
MCS-SISTEM DOO POZEGA,INDUSTRIALS
BOZIC I SINOVI D.O.O.,INDUSTRIALS
LIMPLEX MONT DOO NOVI SLANKAMEN,INDUSTRIALS
OMYA VENCAC DOO,MATERIALS
CLIPS DK DOO NOVI SAD,CONSUMER DISCRETIONARY
DAYS IN COLOURS,CONSUMER STAPLES
FRIGOMAX DOO,INDUSTRIALS
RIM GROUP DOO BEOGRAD,CONSUMER STAPLES
BC-TRUCKS DOO,CONSUMER DISCRETIONARY
EUROBAU CONNECT AG DOO BEOGRAD,REAL ESTATE
AMASIS  DOO BEOGRAD,NOT RELEVANT
PREDUZECE ZA PROIZVODNJU I PROMET D,NOT RELEVANT
UNION KARIC DOO,CONSUMER DISCRETIONARY
DOO VOJVODINA STARCEVO,NOT RELEVANT
L DOO,FINANCIALS
TERMOVENT KOMERC DOO BEOGRAD,INDUSTRIALS
IVA SPED DOO,NOT RELEVANT
CHICK PROM DOO MALI IDOS,CONSUMER STAPLES
FIP GRMEC NOVOLINE DOO,NOT RELEVANT
GRAND MOTORS DOO BEOGRAD,CONSUMER DISCRETIONARY
"PTP ALBATROS MM DOO SID, CARA DUSA",CONSUMER STAPLES
ALL IP D.O.O.,COMMUNICATIONS
GRANEX COMPANY,CONSUMER STAPLES
SPAJZ DOO BEOGRAD,CONSUMER STAPLES
T-1 ABRAZIV DOO ADA,INDUSTRIALS
LJUBA INVEST - S.Z.T.R.,INDUSTRIALS
KRAFTIA SEE DOO,MATERIALS
GROUP DEUS SYSTEM,MATERIALS
YASENKA RS,HEALTH CARE
SR PROMETAL IVKOVIC VLADIMIR PR SO,INDUSTRIALS
RAPID RUMA,MATERIALS
ENERGY LTD DOO,INDUSTRIALS
DUDA INVEST DOO BEOGRAD,CONSUMER DISCRETIONARY
"DBA PROMET DOO ARILJE, CEROVA",CONSUMER STAPLES
GP BEST IZGRADNJA DOO NOVI SAD,INDUSTRIALS
KVJETKA (JANO) HEDJI,CONSUMER STAPLES
DM DROGERIE MARKT DOO BEOGRAD,CONSUMER STAPLES
SOPOT JP SOPOT,UTILITIES
INTERTRON DOO VRSAC,MATERIALS
ZITOPRERADA DOO BEOGRAD,NOT RELEVANT
PREDUZECE ZA PUTEVE VALJEVO AD,INDUSTRIALS
FOKUS OFFICE DOO BEOGRAD,INDUSTRIALS
AGRAR FM DOO NOVI SAD,CONSUMER STAPLES
TEHNOMOBIL PROTECH  DOO  NOVI SAD,INDUSTRIALS
STYLOS DOO NOVI SAD,INDUSTRIALS
PLANINKA AD KURSUMLIJA,CONSUMER STAPLES
CHILE KOMERC DOO BEOGRAD,CONSUMER STAPLES
STANISIC-AUDIT DOO BEOGRAD,INDUSTRIALS
OPSTA BOLNICA ACIBADEM BEL MEDIC,HEALTH CARE
RADIO S DOO BEOGRAD,COMMUNICATIONS
DODIC DOO VRANJE,CONSUMER DISCRETIONARY
TERMOMETAL D.O.O.,INDUSTRIALS
GALEB METALOPLASTIKA AD SABAC,MATERIALS
GROUP METALAC,CONSUMER DISCRETIONARY
NOTO-LOGISTIC DOO BEOGRAD ,INDUSTRIALS
OSTROG DOO BEOGRAD,INDUSTRIALS
KING ICT DOO BEOGRAD,INFORMATION TECHNOLOGY
KALMAN DOO BEOGRAD,REAL ESTATE
DUX TECH D.O.O.,INDUSTRIALS
K... G... FASHION DOO CACAK,CONSUMER DISCRETIONARY
NERA EX-IM DOO BEOGRAD ZEMUN,CONSUMER STAPLES
VALLETTA DOO - U STECAJU,CONSUMER STAPLES
STRELA TRANSPORT DOO,INDUSTRIALS
UNIVERSAL BRANDS DOO,CONSUMER STAPLES
GP YU KEOPS DOO KRALJEVO,INDUSTRIALS
SMARTCONF D.O.O. PIROT,CONSUMER DISCRETIONARY
JGSP NOVI SAD,NOT RELEVANT
UNIFIEDPOST SOLUTIONS D.O.O.,INFORMATION TECHNOLOGY
BORIS RADOVANOVIC PR CUSUM,CONSUMER DISCRETIONARY
GROUP EMINENT,CONSUMER DISCRETIONARY
TTK MASTERCAR DOO,INDUSTRIALS
BEXEXPRESS DOO,INDUSTRIALS
Subgroup Knjaz Milos,CONSUMER STAPLES
DOO KENS NOVI PAZAR,CONSUMER DISCRETIONARY
LAMELA PROMET DOO KRUSEVAC,CONSUMER STAPLES
EKSTRA-PET DOO BEOGRAD,MATERIALS
ALMA QUATTRO DOO BEOGRAD,COMMUNICATIONS
INVENTO FASHION DOO BEOGRAD,CONSUMER DISCRETIONARY
DANIJELA COMMERCE DOO PANCEVO,CONSUMER STAPLES
ARHIBET DOO DONJA VREZINA,MATERIALS
PEJIC TOURS DOO NOVI PAZAR,INDUSTRIALS
SPEED DOO,INDUSTRIALS
VALVE PROFIL DOO,INDUSTRIALS
DELIGHTED MINDS,REAL ESTATE
PHARMA FUTURA DOO NOVI SAD - U STE,NOT RELEVANT
DEWACO DOO,CONSUMER DISCRETIONARY
MANEKS DOO NOVI SAD,NOT RELEVANT
VITALGAS TECHNOLOGY DOO BEOGRAD,NOT RELEVANT
MB DYNAMIC AUTO PREDUZECE ZA UVOZ I,NOT RELEVANT
PARTNER INZINJERING DOO BEOGRAD,NOT RELEVANT
SUNAL D.O.O. NOVI SAD,MATERIALS
ENERGOGROUP DOO BEOGRAD,INDUSTRIALS
FONDA DOO BEOGRAD,CONSUMER DISCRETIONARY
FEMIC CO DOO BEOGRAD-SURCIN,CONSUMER STAPLES
GLOBAL BLUE D.O.O.,FINANCIALS
UNIVERZAL DOO NOVI SAD,CONSUMER DISCRETIONARY
FRAGMAT S DOO,INDUSTRIALS
SAVIC DOO SMEDEREVSKA PALANKA,MATERIALS
RADUN INZENJERING DOO,INDUSTRIALS
LTC DOO BEOGRAD,INDUSTRIALS
NICOLL CURTIN DOO,INDUSTRIALS
KLIMA M DOO BEOGRAD,INDUSTRIALS
NOACK & CO SOUTH EAST DOO NOVI SAD,CONSUMER STAPLES
SERBOTECNICA DOO ZIROVNICA,INDUSTRIALS
MAINSTREAM DOO BEOGRAD,INFORMATION TECHNOLOGY
PIRAMIDA 72 DOO,CONSUMER DISCRETIONARY
AGENA TECHNOLOGY DOO SIMANOVCI,NOT RELEVANT
VOCAR LUTKA DOO VELIKA ZUPA PRIJEP,NOT RELEVANT
STADLUX REALESTATE DOO,NOT RELEVANT
GROUP TAGOR ELEKTRONIK,INFORMATION TECHNOLOGY
TRGOVINA LILIC DOO,CONSUMER STAPLES
POTTKER DOO BACKA TOPOLA,CONSUMER DISCRETIONARY
MH RENT DOO BEOGRAD,REAL ESTATE
GROUP GRAND D,INDUSTRIALS
BALKAN POLYMERS DOO BEOGRAD,MATERIALS
JAF D.O.O. NOVA PAZOVA,MATERIALS
GREEN CITY INTERNATIONAL DOO,INDUSTRIALS
DUNIS D.O.O.,INDUSTRIALS
ITN  DOO BEOGRAD,CONSUMER STAPLES
"TRI O DOO ARANDELOVAC, BANJA",CONSUMER DISCRETIONARY
SLAVIAMED DOO BEOGRAD,HEALTH CARE
MPK TREJD DOO VALJEVO,MATERIALS
AKCIONARSKO DRUSTVO  NAPREDAK VELIK,NOT RELEVANT
INVEST-IMPORT A.D.,NOT RELEVANT
huntsman bv beograd,INDUSTRIALS
INTER-KOP DOO SABAC - U STECAJU,INDUSTRIALS
THE INTERNATIONAL SCHOOL OF BELGRA,CONSUMER DISCRETIONARY
MD KOMERC DOO VINORACA,CONSUMER STAPLES
GRADINA KAMENOLOM D.O.O.,MATERIALS
BONATTI DOO BEOGRAD,CONSUMER DISCRETIONARY
GROUP AVTERA,INFORMATION TECHNOLOGY
NEW PARK GROUP D.O.O.,NOT RELEVANT
VPD SREDNJI BANAT D.O.O. ZRENJANIN,INDUSTRIALS
M&M MILITZER & MUNCH TRANSPORT & ,INDUSTRIALS
GROUP FRIGLO,CONSUMER STAPLES
EUROPAK DOO STARI BANOVCI,CONSUMER STAPLES
KOMPRESOR AUTOLAND DOO BEOGRAD,CONSUMER DISCRETIONARY
DIPLON DOO,INDUSTRIALS
ZZ BRESTOVO - BACKI BRESTOVAC,CONSUMER STAPLES
"KLEEMANN LIFTOVI DOO, SIMANOVCI",INDUSTRIALS
EJ MODULAR SYSTEMS,INDUSTRIALS
HSH CHEMIE D.O.O.,MATERIALS
AERODROM KETERING DOO BEOGRAD,INDUSTRIALS
INPUT DOO BEOGRAD,INDUSTRIALS
IM MATIJEVIC DOO NOVI SAD,CONSUMER STAPLES
WARNER DOO SUBOTICA,CONSUMER DISCRETIONARY
ZELENI DRAGSTOR STR,CONSUMER STAPLES
PRVI MAJ AD CACAK,MATERIALS
DUZNIK STECAJNE MASE: UTC COMPANY,CONSUMER DISCRETIONARY
FABRIKA DECJE HRANE D.O.O.,CONSUMER STAPLES
PREDUZECE FRUTIVITA DOO STARA PAZO,CONSUMER STAPLES
FILI PILI DOO,CONSUMER STAPLES
UNIVERSAL MEDIA DOO BEOGRAD,CONSUMER DISCRETIONARY
SPIEGELFELD INTERNATIONAL DOO,NOT RELEVANT
DOO FORMAXSTORE NOVI SAD,CONSUMER DISCRETIONARY
TREF SPORT CO DOO BEOGRAD,CONSUMER DISCRETIONARY
GREEN LIFE AGRAR DOO CREPAJA,CONSUMER STAPLES
RADIJUS VEKTOR D.O.O. BEOGRAD,CONSUMER DISCRETIONARY
SUBGROUP PWW,INDUSTRIALS
MILOS KLINIKA,HEALTH CARE
SUBGROUP EKSTRA PET,MATERIALS
FRESENIUS MEDICAL CARE SRBIJA DOO,HEALTH CARE
FIMS DRUSTVO SA OGRANIzENOM ODGOVO,INDUSTRIALS
LESKO DOO POZAREVAC,CONSUMER STAPLES
BAKI DOO,CONSUMER DISCRETIONARY
EPTISA SOUTHEAST EUROPE DOO BEOGRA,INDUSTRIALS
MIKULAKOMERC DOO MIONICA,CONSUMER STAPLES
JOHNSON & JOHNSON D.O.O. OGRANAK U,CONSUMER STAPLES
ASP STRELA-OBRENOVAC DOO OBRENOVAC,INDUSTRIALS
IDEAL AUTO DOO NIS,CONSUMER DISCRETIONARY
SCHWARZMUELLER DOO DOBANOVCI,CONSUMER DISCRETIONARY
MONTESINO,INDUSTRIALS
MILORAD PANTIC PREDUZETNIK MINI MA,NOT RELEVANT
GANAR SHOP,CONSUMER DISCRETIONARY
CISTOCA JKP,INDUSTRIALS
PREDUZECE PODRAVKA DOO BEOGRAD,CONSUMER STAPLES
BEO LAB MIRJANA PETROVIC PR BEOGRA,HEALTH CARE
STELA DOO NOVI PAZAR,CONSUMER STAPLES
GRAFO NIN DOO,NOT RELEVANT
FROMM PAKOVANJE DOO BEOGRAD,INDUSTRIALS
PREDST.LAB. INNOTECH INTERN.,HEALTH CARE
SDT RENTING DOO DOBANOVCI,INDUSTRIALS
DOO GALA-PROMET KRALJEVO,CONSUMER STAPLES
GROUP MASTER FRIGO,CONSUMER STAPLES
GROUP NOVO PLUS,CONSUMER STAPLES
PANTRANSPORT DOO PANCEVO,INDUSTRIALS
DIMNICAR JKP SUBOTICA,INDUSTRIALS
ELIXIR FONDACIJA,INDUSTRIALS
N I Z -FENIX DOO GORNJI MILANOVAC,INDUSTRIALS
JAT-TEHNIKA DOO BEOGRAD,INDUSTRIALS
REVITA D.O.O.,CONSUMER STAPLES
GTP MEGA MONT DOO KRALJEVO,REAL ESTATE
KALMAN OMLADINSKA D.O.O.,REAL ESTATE
M & L INTERNATIONAL  DOO BEOGRAD,CONSUMER STAPLES
MEDICA LINEA PHARM DOO BEOGRAD,HEALTH CARE
GRANOS D.O.O.,CONSUMER STAPLES
MK COMMERCE DOO NOVI SAD,CONSUMER STAPLES
JAVOR MHM D.O.O. KUSICI,CONSUMER DISCRETIONARY
INTRAPROFIL DOO SMEDEREVO,NOT RELEVANT
UDRUZENJE NOVINARA SRBIJE,NOT RELEVANT
HIP-AZOTARA DOO,MATERIALS
HUTP BALKAN AD,CONSUMER DISCRETIONARY
PRIVREDNO DRUSTVO ALFA MONT DOO BE,INDUSTRIALS
MK GROUP DOO BEOGRAD,CONSUMER STAPLES
H&S FRUITS DOO ARILJE,CONSUMER STAPLES
SRC DOO BEOGRAD,INFORMATION TECHNOLOGY
GLACIER DOO SIMANOVCI,CONSUMER DISCRETIONARY
ANSAL STEEL,INDUSTRIALS
SPEED PETROL DOO,INDUSTRIALS
SANI ECO VITA D.O.O. LAZAREVAC,INDUSTRIALS
SONJA (GEORGIJE) SAMOLOVAC,CONSUMER STAPLES
EUROTELESITES D.O.O.,COMMUNICATIONS
KBV DATACOM D.O.O. BEOGRAD,INDUSTRIALS
GROUP AGROGLOBE,CONSUMER STAPLES
PET REPUBLIC VETERINARSKA APOTEKA,CONSUMER STAPLES
FRUEKO DOO NOVI SAD,CONSUMER STAPLES
NICEFOODS RESTORANI DOO BEOGRAD,CONSUMER DISCRETIONARY
ZITOPROMET-MLINPEK D.O.O. STARA PA,CONSUMER STAPLES
BIMAL TRADING D.O.O.,CONSUMER STAPLES
EUROPA BUS DOO VALJEVO,INDUSTRIALS
TRANSLY DOO BEOGRAD,INDUSTRIALS
KABLPROJEKT DOO,NOT RELEVANT
JUGPROM DOO BEOGRAD - U STECAJU,CONSUMER STAPLES
FENIKS PLUS DOO DESPOTOVAC,CONSUMER DISCRETIONARY
PLAST ZEMLJORADNICKA ZADRUGA,CONSUMER STAPLES
BATA-TRGOVINA - U STECAJU,NOT RELEVANT
W.E.G. TEHNOLOGY D.O.O.,CONSUMER DISCRETIONARY
SAS MONITORING DOO BEOGRAD,INDUSTRIALS
PNEUTECH DOO VRBAS,CONSUMER DISCRETIONARY
KERAMIKA JOVANOVIC,INDUSTRIALS
MACVANKA,CONSUMER STAPLES
DELIGHT,INDUSTRIALS
MORAVA DOO KRAGUJEVAC,CONSUMER STAPLES
NEOPLANTA DOO NOVI SAD,CONSUMER STAPLES
DOO EUROCONS GROUP VRSAC,INDUSTRIALS
MB STOVARISTE DOO,INDUSTRIALS
GROUP INTERFAST,INDUSTRIALS
AEGON DOO,REAL ESTATE
HEMPRO DOO BEOGRAD,REAL ESTATE
WEST BALKANS MACHINERY DOO BEOGRAD,INDUSTRIALS
MLEKARA EKO-MLEK DOO KAONIK,CONSUMER STAPLES
PERFOM,MATERIALS
PIN SOFT DOO NOVI SAD,CONSUMER DISCRETIONARY
MONA DOO BEOGRAD,CONSUMER DISCRETIONARY
DOO EUROPA-PROMET 2000 BAC,CONSUMER STAPLES
ATLAS AMBASADOR DOO BEOGRAD - U ST,CONSUMER DISCRETIONARY
ATP VOJVODINA AD NOVI SAD   U STECA,INDUSTRIALS
GP 200 - U STECAJU,CONSUMER DISCRETIONARY
AD VRENJE BEOGRAD - U STECAJU,CONSUMER STAPLES
IN SISTEM DOO BEOGRAD,CONSUMER STAPLES
SQUARE COIN,INFORMATION TECHNOLOGY
SET GREEN TECHNOLOGY D.O.O.,UTILITIES
PRIVREDNO DRUSTVO,MATERIALS
GRADATIN TIM DOO,INDUSTRIALS
GOC AD UGOSTITELJSKO PREDUZECE TRS,REAL ESTATE
VOJPUT DOO  SUBOTICA,INDUSTRIALS
ENTERIJER JANKOVIC DOO NOVI SAD,INDUSTRIALS
IMP-TELEKOMUNIKACIJE DOO BEOGRAD,INDUSTRIALS
GROUP DEKA INZENJERING,INDUSTRIALS
PRO KPI DOO BEOGRAD,HEALTH CARE
NITEA DOO BEOGRAD,INDUSTRIALS
DOO TRANS-TRADE KOSTIC CACAK,INDUSTRIALS
GAT DOO NOVI SAD,INDUSTRIALS
DOO MASSAGRAR NOVI SAD,CONSUMER STAPLES
FRIGOMAX SERVICE DOO JELENCA,INDUSTRIALS
A-MEDIA DOO BEOGRAD,NOT RELEVANT
VUJIC GRADNJA DOO,INDUSTRIALS
AUTOCENTAR ZDRAVKOVIC D.O.O. SVILA,CONSUMER DISCRETIONARY
DIRECT STEEL DOO DOBANOVCI,INDUSTRIALS
MINOR DOO,INDUSTRIALS
AD AUTO KUCA KOMPRESOR,CONSUMER DISCRETIONARY
POLITIKA NEWSPAPERS AND MAGAZINES P,CONSUMER DISCRETIONARY
FCC VRBAK DOO LAPOVO,INDUSTRIALS
ALEKSANDRA (MIODRAG) LAZIC,CONSUMER STAPLES
NOVI TRADING NS DOO ZMAJEVO,CONSUMER STAPLES
LESNINA S DOO BEOGRAD (NOVI BEOGRA,CONSUMER DISCRETIONARY
BC GROUP COMPUTERS D.O.O. BEOGRAD,CONSUMER DISCRETIONARY
JEZDIMIROVIC DOO LOZNICA,CONSUMER STAPLES
ACTIVE DESIGN,CONSUMER DISCRETIONARY
PREDUZECE RAJEVIC-PETROL DOO ARILJ,CONSUMER DISCRETIONARY
UNISYS DOO,CONSUMER STAPLES
BRANKO KNEZEVIC PR 2. MAJ,INDUSTRIALS
PAPERLESS DOO,INFORMATION TECHNOLOGY
INTER-AGRAR SRB DOO CENEJ,INDUSTRIALS
SHENCHI AUTOMOTIVE PARTS D.O.O.,CONSUMER DISCRETIONARY
BARLAN S&M DOO BEOGRAD,CONSUMER STAPLES
DRLJA 1967 DOO BACKA PALANKA,UTILITIES
BARD - KOP D.O.O.,INDUSTRIALS
SAMALD COMMERCE,NOT RELEVANT
GROUP MEGALIT,NOT RELEVANT
INSTITUT KIRILO SAVIC AD BEOGRAD -,NOT RELEVANT
PAN BEER DOO,NOT RELEVANT
TRGOVINSKO PREDUZECE NA VELIKO I MA,NOT RELEVANT
MASINAC DOO KRALJEVO,MATERIALS
GROUP SWISSLION,CONSUMER STAPLES
YUHOR D.O.O.,CONSUMER STAPLES
MEDIA PRO ART DOO BEOGRAD,REAL ESTATE
SWISSLION-TAKOVO D.O.O. BEOGRAD,CONSUMER STAPLES
VENDING DOO BEOGRAD,CONSUMER STAPLES
METECH DOO,INDUSTRIALS
METALAC PRINT DOO GORNJI MILANOVAC,MATERIALS
NAVIGATOR DOO NOVI SAD,INFORMATION TECHNOLOGY
TRON TLS DOO,INDUSTRIALS
GROUP CASA DI MODA,CONSUMER STAPLES
GP GREDA DOO VALJEVO,REAL ESTATE
GROUP GRAND TT,CONSUMER DISCRETIONARY
PREDUZECE VESIMPEX DOO BEOGRAD,INDUSTRIALS
PVC-LUK DOO VALJEVO,INDUSTRIALS
RODIC M&B TRANSPORT DOO NOVI SAD,NOT RELEVANT
METALOPROMET DOO KULA,INDUSTRIALS
MIDEX PROM DOO PANCEVO,CONSUMER STAPLES
MINEL ELEKTROOPREMA I POSTROJENJA D,INDUSTRIALS
PTP REKIC DOO NOVI BEOGRAD - U STE,CONSUMER STAPLES
BEOPANAX DOO,HEALTH CARE
BALKAN AGRO TEAM DOO NOVI SAD ,MATERIALS
ORION MARKET-STANKOVIC JOVAN PR,NOT RELEVANT
PREDUZECE ZA PROIZVODNJU PROMET I U,NOT RELEVANT
PLANETMED DOO BEOGRAD,REAL ESTATE
KAMENOLOM RAKOVAC DOO,MATERIALS
TEHNOGRAD INZENJERING,INDUSTRIALS
PREDUZECE ZA PROMET I USLUGE AGRANA,CONSUMER STAPLES
DTR-SPECIJALNA,HEALTH CARE
PAROCO MEDICAL EQUIPMENT DOO NOVI,HEALTH CARE
WEST PHARMACEUTICAL SERVICES BEOGR,HEALTH CARE
GEMAX DOO BEOGRAD,INDUSTRIALS
INO-PHARM DOO BEOGRAD,HEALTH CARE
MILSPED NEKRETNINE DOO STARA PAZOV,INDUSTRIALS
LIVNICA LJIG D.O.O. BEOGRAD,MATERIALS
ENMON DOO BEOGRAD,INDUSTRIALS
GROUP DIV TRADES,MATERIALS
GROUP SPEED BEOGRAD,INDUSTRIALS
COMES DOO BEOGRAD,MATERIALS
TEHNOCOMING,INDUSTRIALS
MEDICOM DOO SABAC,HEALTH CARE
NOFFZ-FORSTEH TECHNOLOGIES DOO,INFORMATION TECHNOLOGY
MPPD BRACA RUZIC DOO KLENJE,CONSUMER STAPLES
SISTEMI BAND DOO,INFORMATION TECHNOLOGY
QVATTRO COMPANY DOO BEOGRAD,CONSUMER STAPLES
BMC CONNECT DOO NOVI SAD,INDUSTRIALS
KOLOR,INDUSTRIALS
DERTOUR DOO,CONSUMER DISCRETIONARY
PIK BECEJ-BECEJKA BECEJ,CONSUMER STAPLES
TOP CASA D.O.O. BEOGRAD,CONSUMER DISCRETIONARY
ELEKTROTEHNA DOO BEOGRAD,MATERIALS
GROUP KODAR INZENJERING,INDUSTRIALS
KARIN KOMERC DOO,NOT RELEVANT
GRANIMPEKS DOO,CONSUMER STAPLES
KONICA MINOLTA POSLOVNA RESENJA SE,INDUSTRIALS
Group TowerCo Serbia,COMMUNICATIONS
GOLDEN ROSE D.O.O. KRAGUJEVAC - U,REAL ESTATE
ZRNO STIL DOO GORNJI MILANOVAC,CONSUMER DISCRETIONARY
INOTO MOTORS DOO,CONSUMER DISCRETIONARY
PETITE GENEVE-PETROVIC DOO BEOGRAD,CONSUMER DISCRETIONARY
SANI GROUP D.O.O. SABAC,CONSUMER DISCRETIONARY
STRABAG D.O.O.,INDUSTRIALS
LA FANTANA DOO BEOGRAD,CONSUMER STAPLES
LJILJANA (SREDOJE) VESKOV,CONSUMER STAPLES
HEMOFLUID A.D. KRUSEVAC,ENERGY
Subgroup Sopharma Srbija ,HEALTH CARE
INTERKOMERC AD BEOGRAD,CONSUMER STAPLES
RADIJATOR INZENJERING DOO,NOT RELEVANT
STAR SECER AD SENTA,NOT RELEVANT
JEEP COMERC D.O.O. - U STECAJU,NOT RELEVANT
SCANIA SRBIJA D.O.O.,CONSUMER DISCRETIONARY
KAMGRAD DOO SOMBOR,INDUSTRIALS
GROUP MILSPED DOO,INDUSTRIALS
LEDI MS VUJOVIC SLOBODAN PR,INDUSTRIALS
GROUP UNIFIEDPOST,INDUSTRIALS
HBIS GROUP SERBIA IRON & STEEL,MATERIALS
NPS D.O.O. BEOGRAD,INFORMATION TECHNOLOGY
GROUP East Point Holdings Ltd,MATERIALS
PNEUMASTER,CONSUMER DISCRETIONARY
DOO BENEXTRA SUBOTICA,INDUSTRIALS
CIMO COMPANY,CONSUMER DISCRETIONARY
NOVO NORDISK PHARMA DOO BEOGRAD,HEALTH CARE
ZDRAVLJE A.D. LESKOVAC,HEALTH CARE
DOO VREBALOV AGRAR NOVI BECEJ,CONSUMER STAPLES
SARA2009 DOO,CONSUMER STAPLES
SUBGROUP DRAGAN SAKAN,COMMUNICATIONS
PROFIAGRAR DOO NOVI SAD,INDUSTRIALS
NS KONCEPT DOO NOVI SAD,INFORMATION TECHNOLOGY
NOVA SUMADIJA DOO GROCKA,MATERIALS
H.T.P. PLAZA DOO BEOGRAD,CONSUMER DISCRETIONARY
DRUSTVO ROLLING-CO DOO KRAGUJEVAC,MATERIALS
SEME DOO BEOGRAD - U STECAJU,CONSUMER STAPLES
TEHNOSPED DOO,CONSUMER DISCRETIONARY
GROUP VAPEKS,NOT RELEVANT
AGROSEME AD SREMSKA MITROVICA,NOT RELEVANT
HENDI-TEL DOO BEOGRAD-U STECAJU,CONSUMER DISCRETIONARY
PREDUZECE ZA PUTEVE AD - U STECAJU,INDUSTRIALS
LASTRA DOO,NOT RELEVANT
KOVING DOO,INDUSTRIALS
DOO ARGENTA NOVI SAD,CONSUMER DISCRETIONARY
AS SPED DOO MLADENOVAC,NOT RELEVANT
GRAND INVESTMENT DOO BEOGRAD,CONSUMER DISCRETIONARY
TEHNOGRADNJA AD ZRENJANIN,NOT RELEVANT
NAPRED AD BEOGRAD,NOT RELEVANT
HENNLICH DOO BEOGRAD,INDUSTRIALS
INTERCHEM-HIM D.O.O.JAGODINA,MATERIALS
ZLATIBORSKI KONACI,REAL ESTATE
MK AGRICULTURE,CONSUMER STAPLES
predst.sandvik eood bulgaria,INDUSTRIALS
EMAKINA.RS DOO,INFORMATION TECHNOLOGY
KOLEKTOR ETRA  DOO BEOGRAD,INDUSTRIALS
NECA-TTPP D.O.O. PROKUPLJE,CONSUMER STAPLES
EXCLUSIVE NETWORKS DOO BEOGRAD-NOV,INFORMATION TECHNOLOGY
NS TIM TEHNIKA DOO SREMSKA KAMENIC,INDUSTRIALS
DOO EXLRT NOVI SAD,INFORMATION TECHNOLOGY
CREST DEVELOPMENT DOO BEOGRAD,REAL ESTATE
NAPREDAK STARA PAZOVA DOO,CONSUMER STAPLES
DS SMITH PACKAGING D.O.O. KRUSEVAC,MATERIALS
MINOX DOO BEOGRAD,INDUSTRIALS
ZGOP DOO NOVI SAD,INDUSTRIALS
AGROPLAST TIM DOO UB,CONSUMER STAPLES
SAN DOO KRALJEVO,CONSUMER STAPLES
GROUP HOLY,NOT RELEVANT
NOVENTIQ SERVICES DOO,INFORMATION TECHNOLOGY
AGROHEMIKA DOO BACKI PETROVAC,CONSUMER STAPLES
PIONIR PARACIN DOO BEOGRAD,NOT RELEVANT
VOLVO DOO,CONSUMER DISCRETIONARY
EUROPEAN NICKEL DOO BEOGRAD U LIKV,NOT RELEVANT
"HERZ DOO,PREDUZECE ZA PROIZVODNJU T",NOT RELEVANT
EUROSALON EAST DOO BEOGRAD,REAL ESTATE
KOMPANIJA RATKO MITROVIC AD BEOGRA,INDUSTRIALS
POLIKLINIKA BEO-LAB,HEALTH CARE
DOO ELAN S BACKA PALANKA,INDUSTRIALS
DONAU PARTNER D.O.O.,INDUSTRIALS
MAXIMA DOO LUCANI,MATERIALS
FISCHER PROFIL DOO,INDUSTRIALS
INNOVIA AGRO DOO NOVI SAD,CONSUMER STAPLES
"LUKENA-AUTO DOO BEOGRAD, ZEMUN",CONSUMER DISCRETIONARY
PREMIJUS,INDUSTRIALS
M.G.M. INZENJERING DOO BEOGRAD,INDUSTRIALS
MILJKOVIC V SILOSI,CONSUMER STAPLES
DESING DOO,CONSUMER STAPLES
IGEPA POLIKARBONATI D.O.O.,INDUSTRIALS
DOO PIONIR INTERNACIONAL NOVI SAD,CONSUMER DISCRETIONARY
PN AGROEKONOMIK DOO-U STECAJU,CONSUMER STAPLES
JKP KOMUNALIJE,INDUSTRIALS
ORION TELEKOM DOO BEOGRAD,COMMUNICATIONS
GORKI LIST DOO,CONSUMER STAPLES
EUROSALON,NOT RELEVANT
PREDUZECE ZA PUTEVE NIS AD NIS - U,INDUSTRIALS
RAIFFEISEN ASSISTANCE,FINANCIALS
IIS PHARMACEUTICAL DOO BEOGRAD-NOV,HEALTH CARE
EUROSALON LAND DOO BEOGRAD,REAL ESTATE
PINOLES DOO,MATERIALS
AUTO-GARANT DRUSTVO,CONSUMER DISCRETIONARY
EXPRESS TRANS DOO NOVI SAD,INDUSTRIALS
LETAC DOO INDIJA,INDUSTRIALS
LORENAPROM DOO LOZNICA,MATERIALS
"MACAK M & D DOO,SREMSKA MITROVICA",CONSUMER STAPLES
VIZIJA SPED DOO BEOGRAD,INDUSTRIALS
NATURA TOP DOO VELIKA KOPASNICA,CONSUMER STAPLES
Group Konsturktor Konsalting,INDUSTRIALS
HIGLO AD HLADNJACA HORGOS,CONSUMER STAPLES
GP KONAK APARTMANI DOO LAZAREVAC -,CONSUMER DISCRETIONARY
PSS INSTITUT TAMIS D.O.O.,HEALTH CARE
PACKSOL DOO,CONSUMER STAPLES
ALPOS - U STECAJU,NOT RELEVANT
OLIGARIS D.O.O.NOVI BEOGRAD,NOT RELEVANT
PREDUZECE LA VITA DISTRIBUTIVNI CE,CONSUMER STAPLES
GROUP GALENS,INDUSTRIALS
VAPEKS LINE DOO,NOT RELEVANT
AUTO KUCA MIKOM NOVI SAD,CONSUMER DISCRETIONARY
GROUP ARTINVEST,CONSUMER DISCRETIONARY
EKO BOX KONTEJNERI,INDUSTRIALS
CIP DOO PROKUPLJE,INDUSTRIALS
VIPOL D.O.O. NOVI SAD,INDUSTRIALS
DOO SAR-PROM VLASOTINCE,CONSUMER STAPLES
"BADEL 1862, VINA I ALKOHOLNA PICA",CONSUMER STAPLES
EKOTEHNIKA VILJUSKARI DOO VRCIN,INDUSTRIALS
GROUP ENERGY NET,INDUSTRIALS
MLEKARA KIKINDA,CONSUMER STAPLES
RP-TEHNOMETAL DOO  BEOGRAD,INDUSTRIALS
BAUMIT SERBIA DOO BEOGRAD,INDUSTRIALS
GROUP EKOTEHNIKA,INDUSTRIALS
"FRUCTUS DOO,BACKA PALANKA",CONSUMER STAPLES
TAHOGRAF BG,CONSUMER DISCRETIONARY
KARTEKS DOO BEOGRAD,MATERIALS
YURA CORPORATION DOO RACA,CONSUMER DISCRETIONARY
KWS SRBIJA DOO,CONSUMER STAPLES
GROUP DELTA,CONSUMER STAPLES
PARAGRAF LEX D O O  SREMSKA KAMENIC,COMMUNICATIONS
JOVANOVIC PLAST DOO,REAL ESTATE
DIMA DOO,NOT RELEVANT
LEX CONFIDARE D.O.O. NOVI SAD,INDUSTRIALS
ELEKTROMEDICINA AD NIS,HEALTH CARE
HEMOFARM AD VRSAC PREDSTAVNISTVO U,CONSUMER DISCRETIONARY
SDT GROUP D.O.O. BEOGRAD,CONSUMER DISCRETIONARY
GROUP TEKIJANKA,CONSUMER STAPLES
GEOSONDA-FUNDIRANJE DOO BEOGRAD,INDUSTRIALS
SOJAPROTEIN DOO BECEJ,CONSUMER STAPLES
RESOURCE PRO D.O.O.,INDUSTRIALS
GROUP TELEKOM SRBIJA,COMMUNICATIONS
HOLLIDAY DOO SABAC,CONSUMER DISCRETIONARY
JKP KOMUNALNE USLUGE ALEKSINAC,INDUSTRIALS
SOPHARMA TRADING DOO,HEALTH CARE
TAMAS (ISTVAN) MUNKAS,CONSUMER STAPLES
MEDIA HOUSE DOO BEOGRAD,COMMUNICATIONS
LOGISTIKA I TRANSPORT HEMIKALIJA D,MATERIALS
EUROTRANSPORT&CARGO DOO,INDUSTRIALS
VICTORIAOIL DOO SID,CONSUMER STAPLES
SWEET R-LINE 2013 DOO,INDUSTRIALS
KERAMIKA AD,INDUSTRIALS
SUBGROUP MONA,CONSUMER DISCRETIONARY
GROSSOPTIC DOO,HEALTH CARE
"MI-GAS INZENJERING DOO BEOGRAD, ZE",CONSUMER DISCRETIONARY
RTI DOO NOVI SAD,NOT RELEVANT
GROUP REFOT B,CONSUMER DISCRETIONARY
TIM SISTEM DOO NOVA PAZOVA,CONSUMER DISCRETIONARY
VICTORIA GROUP D.O.O. BEOGRAD,CONSUMER STAPLES
ALPOD DOO NOVI SAD,INDUSTRIALS
ENERGOPROJEKT ENERGODATA,INFORMATION TECHNOLOGY
ADECCO OUTSOURCING DOO BEOGRAD,INDUSTRIALS
ZLATIBOR-MEHANIZACIJA,INDUSTRIALS
ELIXIR FEED ADDITIVES DOO,CONSUMER STAPLES
NET AGRO,MATERIALS
VECAR VILJUSKARI D.O.O.,INDUSTRIALS
AUTO CENTAR STOJANOVIC DOO,CONSUMER DISCRETIONARY
MARMIL DOO PIROT,CONSUMER STAPLES
MARK-PLAST,CONSUMER DISCRETIONARY
P.V.F. TRADERS DOO SIMANOVCI,INDUSTRIALS
SUPERNOVA - MTK MANAGEMENT DOO,INDUSTRIALS
M & B TRANS COOP DOO,INDUSTRIALS
GEOCYCLE S D.O.O. BEOCIN,INDUSTRIALS
ELGRA VISION DOO UGRINOVCI,INDUSTRIALS
"EURO 07 D.O.O., BEOGRAD",CONSUMER DISCRETIONARY
HEMO-METAL DOO BEOGRAD,INDUSTRIALS
INSTITUT IMS AD BEOGRAD,INDUSTRIALS
KOLOR PRESS D.O.O. LAPOVO,INDUSTRIALS
DEKRA ZAPOSLJAVANJE DOO BEOGRAD,INDUSTRIALS
GUEVARA DOO BEOGRAD,CONSUMER DISCRETIONARY
"VIP CASA INVEST DOO BEOGRAD, USTAN",REAL ESTATE
EUCOM DOO BEOGRAD,MATERIALS
JUGOGRADNJA DOO BEOGRAD,INDUSTRIALS
TUBEIQ DOO,INFORMATION TECHNOLOGY
NSU RENT DOO NOVI SAD ,FINANCIALS
"ROBINS DOO, GLIBOVAC",CONSUMER STAPLES
ACP AUTOMOTIVE D O O SABAC,CONSUMER DISCRETIONARY
BAT VRANJE AD VRANJE,CONSUMER STAPLES
MAK TRADE GROUP D.O.O.,INDUSTRIALS
INIT AN GROUP BALKAN D.O.O. - U LI,INFORMATION TECHNOLOGY
DOO ZIDAR NEGOTIN,INDUSTRIALS
SPAJIC CO DOO SRPSKA CRNJA,CONSUMER STAPLES
DOO SULEX SOMBOR,INDUSTRIALS
BEOSINT DOO ZEMUN-BEOGRAD,INDUSTRIALS
UKUS AD PECINCI,CONSUMER STAPLES
VETAZ PRES DOO,CONSUMER STAPLES
UTP MORAVA DOO CACAK,CONSUMER DISCRETIONARY
WONDERLAND ITC D.O.O. BEOGRAD,CONSUMER STAPLES
KOLBIS DOO,NOT RELEVANT
DOO SLOVAS CACAK,MATERIALS
TITEL AGRO D.O.O.,CONSUMER STAPLES
SLAP GROUP-FABRIKA U CACKU AD BEOG,NOT RELEVANT
ZLATAR-PREVOZ SPR NOVA VAROS,INDUSTRIALS
DOO FARMEKS PANCEVO - U LIKVIDACIJ,HEALTH CARE
SUBGROUP MILSPED,INDUSTRIALS
NIPRO MEDICAL DOO BEOGRAD,HEALTH CARE
JAVNO PREDUZECE GOLD GONDOLA ,INDUSTRIALS
YANFENG SEATING D.O.O.,CONSUMER DISCRETIONARY
NERETVA-KOMERC DOO BEOGRAD,CONSUMER STAPLES
IMMO INDUSTRY - U STECAJU,NOT RELEVANT
COLORFACTORY BALKAN D.O.O.,CONSUMER DISCRETIONARY
DOO LITOPAPIR CACAK,MATERIALS
HT REAL ESTATE DOO NOVI SAD,REAL ESTATE
KEMOIMPEX GREEN DOO,INDUSTRIALS
TRIANGLE NBL DOO NOVI SAD,CONSUMER STAPLES
IP PROMET 2010 DOO,INDUSTRIALS
PAN-LEDI DOO PANCEVO,INDUSTRIALS
TOYOTA SRBIJA DOO,CONSUMER DISCRETIONARY
HEALTHCARE EUROPE DOO,CONSUMER DISCRETIONARY
BLUECAT NETWORKS D.O.O.,INFORMATION TECHNOLOGY
BIN COMMERCE DOO BEOGRAD,MATERIALS
MCDX D.O.O. BEOGRAD-CUKARICA,CONSUMER STAPLES
GROUP RUBIKON SHIPPING COMPANY DOO,INDUSTRIALS
ITALIANA SALOTTI DOO VRANJSKA BANJ,NOT RELEVANT
ALFA DIGITAL PREDUZECE ZA PROIZVODN,INDUSTRIALS
PREDUZECE TEHNICOM CONSTRUCTION DO,CONSUMER DISCRETIONARY
ANTIC D.O.O. CUPRIJA U STECAJU,NOT RELEVANT
HELLA KGAA HUECK & CO PREDSTAVNISTV,CONSUMER DISCRETIONARY
PRICEWATERHOUSECOOPERS CONSULTING,INDUSTRIALS
"PREDUZECE ZA PROIZVODNJU, USLUGE I",NOT RELEVANT
HALKUM DOO,NOT RELEVANT
SUBGROUP TELEGROUP SRBIJA,INFORMATION TECHNOLOGY
STANDARD SERBIA DOO NOVI SAD,CONSUMER DISCRETIONARY
SIMACEK SRB DOO BEOGRAD - U LIKVID,INDUSTRIALS
JKP VODOVOD SID  ,UTILITIES
Danube Foods Group B.V.,CONSUMER STAPLES
RAVANGRAD ZEMLJORADNICKA ZADRUGA S,CONSUMER STAPLES
DOMAL INZENJERING DOO BEOGRAD,MATERIALS
MYRANOVA D O O,CONSUMER DISCRETIONARY
KOMBINOVANI PREVOZ DOO,INDUSTRIALS
STADLER POLSKA SP.ZO.O. OGRANAK BE,INDUSTRIALS
CENTRALNI REGISTAR HOV AD BEOGRAD,INDUSTRIALS
KNAUF INSULATION DOO BEOGRAD,MATERIALS
DELTA HOLDING D.O.O.,INDUSTRIALS
PSI CRO DOO BEOGRAD,INDUSTRIALS
MS METAL-SISTEM DOO CVETKE KRALJEVO,NOT RELEVANT
DVA EN DOO BEOGRAD,CONSUMER DISCRETIONARY
FRAD FILTERI AD ALEKSINAC,NOT RELEVANT
TECHNOLUB DOO BEOGRAD,CONSUMER DISCRETIONARY
OSRAM DOO,INDUSTRIALS
D.C. SUPPORT DOO PANCEVO,CONSUMER STAPLES
DOBERGARD DOO BEOGRAD,INDUSTRIALS
KYNETEC DOO BEOGRAD,INDUSTRIALS
DOO NT-BOLERO CACAK,CONSUMER STAPLES
AUTO - MIRKOS DOO POZAREVAC,CONSUMER DISCRETIONARY
GRAFOLIT S,MATERIALS
GROUP POLIMARK,CONSUMER STAPLES
DOBRA FARMA D.O.O. BELA CRKVA,CONSUMER STAPLES
TRGOMETAL DOO BEOGRAD,INDUSTRIALS
ALEXANDRA (ONDREJ) HEDJI,CONSUMER STAPLES
EXECUTIVE GROUP,COMMUNICATIONS
UNITED MEDIA PRODUCTION DOO BEOGRA,COMMUNICATIONS
FREYSSINET SRBIJA DOO,INDUSTRIALS
DAVID PAJIC DAKA D.O.O.,INDUSTRIALS
TETRA PAK PRODUCTION  DOO BEOGRAD,MATERIALS
DILTON DOO BEOGRAD - U PRINUDNOJ L,COMMUNICATIONS
NIKOM-AUTO DOO,CONSUMER DISCRETIONARY
DIJAMANT A.D. ZRENJANIN,CONSUMER STAPLES
PRIVREDNO DRUSTVO ARGOS EMPORIO GR,INDUSTRIALS
KIKINDSKA INDUSTRIJA MLEKA DOO,CONSUMER STAPLES
G.A.M.A. DOO NOVI SAD,CONSUMER DISCRETIONARY
BIOLOSKI FAKULTET UNIVERZITETA U BE,NOT RELEVANT
RAMINT - U PRINUDNOJ LIKVIDACIJI,NOT RELEVANT
PRESS PLUS D.O.O.,CONSUMER DISCRETIONARY
PREDSTAVNISTVO MSA BEOGRAD,INDUSTRIALS
CARNEX DOO VRBAS,CONSUMER STAPLES
ALFA GAS D.O.O.,CONSUMER DISCRETIONARY
M & B TRANS FRIGO DOO,INDUSTRIALS
MBA MILJKOVIC DOO,INDUSTRIALS
ZASTAVA AGEM DOO KRAGUJEVAC,NOT RELEVANT
JP POSLOVNI PROSTOR U NOVOM SADU,NOT RELEVANT
LE SPOT DOO BEOGRAD,CONSUMER DISCRETIONARY
ZORBOSS DOO  UGLJAREVO,INDUSTRIALS
GIGATRON DOO BEOGRAD,CONSUMER DISCRETIONARY
"M & I SYSTEMS, CO DOO NOVI SAD",INFORMATION TECHNOLOGY
INDUSTRIJA SKROBA JABUKA D.O.O.,CONSUMER STAPLES
STIRG METALL DOO INDIJA,INDUSTRIALS
AGROPANONKA INVEST DOO NOVI SAD,INDUSTRIALS
TOYOTA CENTAR DOO BEOGRAD,CONSUMER DISCRETIONARY
TERASTEEL D.O.O.,INDUSTRIALS
GEA EEC SERBIA DOO,INDUSTRIALS
GI GROUP HR SOLUTIONS DOO BEOGRAD,INDUSTRIALS
PARTNERTRANS DOO,INDUSTRIALS
ZLATNA POLJA DOO SOMBOR,CONSUMER STAPLES
EUROSECURITY DOO BEOGRAD,INDUSTRIALS
ENERGOPROJEKT VISOKOGRADNJA,INDUSTRIALS
BAY-COMPANY&INVEST DOO,INDUSTRIALS
AD AUTOKUCA RAKETA SEVOJNO,CONSUMER DISCRETIONARY
PP RATKOVO DOO RATKOVO,NOT RELEVANT
GROUP MING,INDUSTRIALS
MONTERRA DOO BEOGRAD - U STECAJU,INDUSTRIALS
preduzece za trgovinu i usluge TEHN,INFORMATION TECHNOLOGY
JEZERO BETON DOO BEOGRAD - U PRINU,MATERIALS
MERCURY INTERNATIONAL - U STECAJU,NOT RELEVANT
KDS TR SINISA IVANOVIC PR,CONSUMER STAPLES
AIK BACKA TOPOLA DOO,CONSUMER STAPLES
KIDS BEBA DOO BEOGRAD,CONSUMER DISCRETIONARY
SKIJALISTA SRBIJE JP BEOGRAD,CONSUMER DISCRETIONARY
M.N.S. RENT REAL ESTATE DOO BEOGRA,REAL ESTATE
OPERA&THEATRE MADLENIANUM DOO,CONSUMER DISCRETIONARY
SUR TEC DOO CACAK,CONSUMER STAPLES
BIOPHARM DOO VALJEVO,HEALTH CARE
PWW DEPONIJA DVA DOO LESKOVAC,INDUSTRIALS
MIOS MOBILITY D.O.O. BEOGRAD,INDUSTRIALS
GOMMA LINE DOO KRAGUJEVAC,CONSUMER DISCRETIONARY
BN-BOS COMPANY D.O.O.,CONSUMER DISCRETIONARY
CINE PLACE D.O.O. BEOGRAD,COMMUNICATIONS
MIT-AGRAR D.O.O. ZMINJAK-SABAC,CONSUMER STAPLES
B.M.K. DOO STARA PAZOVA,INDUSTRIALS
LIFE PHARMA D.O.O. BEOGRAD,HEALTH CARE
REAL TIME CLIPPING DOO BEOGRAD,CONSUMER DISCRETIONARY
DOO DAKOVIC NOVI SAD,INDUSTRIALS
MITROS MUSIC COMPANY DOO BEOGRAD,CONSUMER DISCRETIONARY
S&V DRILLING MINE SERVICES DOO PIR,MATERIALS
BILFINGER DOO,NOT RELEVANT
OFFICE & MORE DOO BEOGRAD,INDUSTRIALS
MUEHLBAUER DOO STARA PAZOVA,INDUSTRIALS
PANAPAC D.O.O. BAJINA BASTA,MATERIALS
PREDUZE¿E ZA PROIZVODNJU I PROMET,CONSUMER STAPLES
DEMEX - ST DOO,NOT RELEVANT
SEME-TAMIS AD,CONSUMER STAPLES
ENETEL SOLUTIONS DOO BEOGRAD,INFORMATION TECHNOLOGY
DAK COMERC DOO NOVI SAD,MATERIALS
CRAFTER DOO,CONSUMER DISCRETIONARY
"ELINGZO DOO, BEOGRAD",INDUSTRIALS
DRAGANA MILIC PR LABORATORIJA AQUA,HEALTH CARE
YU EPICENTAR DOO BEOGRAD,INFORMATION TECHNOLOGY
AQUALAB PLUS,HEALTH CARE
"PANOS INZENJERING DOO NOVI SAD, KA",INFORMATION TECHNOLOGY
KARDESLER CONSTRUCTION,INDUSTRIALS
ANCORA NUOVA D O O  BEOGRAD,CONSUMER STAPLES
AGROVOJVODINA-MEHANIZACIJA DOO NOV,INDUSTRIALS
YUNYCOM DOO BEOGRAD,HEALTH CARE
GROUP RIM GROUP,CONSUMER STAPLES
GROUP NORTH AMERICAN,INDUSTRIALS
VEGA PROPERTIES RADNICKI DOO,INFORMATION TECHNOLOGY
TOTAL DOO SOMBOR - U STECAJU,CONSUMER DISCRETIONARY
RRD INKOTEHNA DOO,NOT RELEVANT
GOSA FSO AD SIMICEVO,INDUSTRIALS
MIVAKA DOO BEOGRAD,CONSUMER DISCRETIONARY
ANPEGO ROAD DOO SMEDEREVSKA PALANKA,CONSUMER STAPLES
SNG DOO BEOGRAD,NOT RELEVANT
JKP GRADSKA CISTOCA BEOGRAD,INDUSTRIALS
INTERAUTO TRADE DOO PRELJINA CACAK,CONSUMER DISCRETIONARY
SUBGROUP KOMPRESOR,CONSUMER DISCRETIONARY
NEXT CAR GROUP D.O.O. BEOGRAD - U,CONSUMER DISCRETIONARY
VEKOM GEO DOO BEOGRAD,INDUSTRIALS
OPSTA BOLNICA VIZIM,HEALTH CARE
HANSGROHE DOO,INDUSTRIALS
FRONERI ADRIATIC,CONSUMER STAPLES
ENGINEERING DOBERSEK GMBH DOO BEOG,INDUSTRIALS
e& PPF Telecom Group B.V.,COMMUNICATIONS
PRIVREDNO DRUSTVO EVOCON D.O.O.,INDUSTRIALS
REAL KNITTING DOO,CONSUMER DISCRETIONARY
PHOENIX PHARMA DOO BEOGRAD,HEALTH CARE
SFS DOO PARACIN,MATERIALS
DOO B.O.S.-KOMPANI KRUSEVAC,INDUSTRIALS
MTC METALS TRADING COMPANY DOO BEOG,INDUSTRIALS
DOO EKOTEHNIKA MD ZABALJ,INDUSTRIALS
IGMAKO SMART SOLUTIONS DOO,COMMUNICATIONS
SOMBORELEKTRO DOO SOMBOR,INDUSTRIALS
JT INTERNATIONAL AD SENTA,CONSUMER STAPLES
EUROPARK DOO BEOGRAD - U STECAJU,NOT RELEVANT
SIBANAX DOO - U PRINUDNOJ LIKVIDAC,CONSUMER DISCRETIONARY
GROUP BOMEKS,MATERIALS
DUZNIK STECAJNE MASE:PREDUZECE ZA,INDUSTRIALS
SEENERGETIC CENTER - U PRINUDNOJ L,CONSUMER STAPLES
CENTROSREM-TEKSTIL A.D.,NOT RELEVANT
NOVITAS DOO SABAC,CONSUMER STAPLES
AROMA FOOD - U STECAJU,CONSUMER STAPLES
THINGS SOLVER DOO BEOGRAD,INFORMATION TECHNOLOGY
TECHNO FARM DOO BEOGRAD,HEALTH CARE
PREMIUM CHICKEN DOO ZITISTE,CONSUMER STAPLES
DOO MACKO ODZACI,INDUSTRIALS
NANIX WOOD DOO NOVA VAROS,MATERIALS
ALUROLL DOO BATOCINA,INDUSTRIALS
TAGO CAR D.O.O.,CONSUMER DISCRETIONARY
D.O.O. BELICA PARACIN,MATERIALS
LUKA-BACKA PALANKA DOO B.PALANKA,INDUSTRIALS
"MAKLER DOO BEOGRAD, BEOGRADSKA 39",HEALTH CARE
LEMIT DOO NOVI SAD,INDUSTRIALS
SAVACOOP DOO NOVI SAD,MATERIALS
TRANSAGENT OPERATOR,INDUSTRIALS
NEVENA DOO BEOGRAD,CONSUMER STAPLES
FABRIKA ULJA DUNAVKA DOO BEOGRAD,CONSUMER STAPLES
GROUP FERBILD,INDUSTRIALS
GROUP INOBACKA,INDUSTRIALS
LJUBAGO TRADE DOO NOVI SAD,CONSUMER STAPLES
DANFOSS DOO,CONSUMER DISCRETIONARY
MOVENS PLUS DOO,CONSUMER DISCRETIONARY
VETERINARSKI ZAVOD ZEMUN AD BEOGRA,HEALTH CARE
WUNDER D.O.O NIS - U STECAJU,NOT RELEVANT
ROFIX DOO,MATERIALS
JAPI DOO VRANJE,CONSUMER STAPLES
VODOVOD I KANALIZACIJA JKP POZAREVA,UTILITIES
NOVA COMMODITIES DOO BEOGRAD,UTILITIES
NIKOVIC COMPANY DOO BEOGRAD,INDUSTRIALS
PROGRES INZENJERING DOO,NOT RELEVANT
JASMIL DOO ARILJE,CONSUMER DISCRETIONARY
SKLONISTE,CONSUMER DISCRETIONARY
TERMOINZENJERING DOO BEOGRAD,INDUSTRIALS
SOUTH DEVELOPMENT DOO BEOGRAD,REAL ESTATE
VELEXFARM DOO BEOGRAD,HEALTH CARE
ZAVOD ZA ZAVARIVANJE AD BEOGRAD,INDUSTRIALS
TERBOINOX DOO SOMBOR,INDUSTRIALS
GRAPPA DOO BEOGRAD,INDUSTRIALS
VELUX SRBIJA DOO BEOGRAD,INDUSTRIALS
LSG BUILDING SOLUTIONS DOO BEOGRAD,INDUSTRIALS
JP PUTEVI BEOGRADA BEOGRAD,INDUSTRIALS
EUROMED PLUS D.O.O. BEOGRAD-NOVI B,HEALTH CARE
KODAR ENERGOMONTAZA DOO,INDUSTRIALS
GROUP Litopapir Cacak,MATERIALS
KNJAZ MILOS AD ARANDELOVAC,CONSUMER STAPLES
TEL-KABL DOO,INDUSTRIALS
GROUP IDC,CONSUMER DISCRETIONARY
PREDRAG (NENAD) VESKOV,CONSUMER STAPLES
TDV AUTOMOTIVE,CONSUMER DISCRETIONARY
CENTAR MILLENNIUM AD VRSAC,NOT RELEVANT
AGRAR-KOMERC DOO MALA KRSNA,NOT RELEVANT
AD VINO ZUPA BEOGRAD-ZEMUN,CONSUMER STAPLES
METALFER DOO SREMSKA MITROVICA,MATERIALS
AHA PLASTIK DOO,MATERIALS
GROUP SLOVAS,MATERIALS
RTC LUKA LEGET AD SREMSKA MITROVIC,INDUSTRIALS
URSA D.O.O.,INDUSTRIALS
STRAJT DOO PIROT,CONSUMER STAPLES
MLEKARA AD  SUBOTICA,CONSUMER STAPLES
IMPERIAL BUILDINGS DOO N.SAD,INDUSTRIALS
DRUSTVO SA OGRANICENOM ODGOVORNOSCU,REAL ESTATE
G2 FALCON 2017 DOO BEOGRAD,INDUSTRIALS
FORMA-VS DOO BEOGRAD,CONSUMER DISCRETIONARY
ORACLE SRBIJA & CRNA GORA D.O.O.,INFORMATION TECHNOLOGY
JP DIREKCIJA GADZIN HAN     ,INDUSTRIALS
SCHIEDEL DOO BEOGRAD,INDUSTRIALS
DRAGOVIC EXPRES DOO UMCARI,INDUSTRIALS
EXCONCEPT RS,INFORMATION TECHNOLOGY
XELLA SRBIJA DOO VREOCI,MATERIALS
AGROMARKET DOO KRAGUJEVAC,MATERIALS
TOYO TIRE SERBIA D.O.O.,CONSUMER DISCRETIONARY
LUXOFT D.O.O.,INFORMATION TECHNOLOGY
HF LIFTING DOO,INDUSTRIALS
VONDEL CAPITAL DOO SREMSKI KARLOVC,NOT RELEVANT
GI DOO BEOGRAD,NOT RELEVANT
EX ZAUNER,INDUSTRIALS
MLINOSTEP DOO NOVI SAD,CONSUMER STAPLES
SPRING ENERGY DVA MHE REKA DOO,UTILITIES
MONTAZA D.O.O. BEOGRAD,INDUSTRIALS
CHEMIPROX,MATERIALS
KTP BIGZ DOO,CONSUMER DISCRETIONARY
JEVTOVIC CARS DOO,CONSUMER DISCRETIONARY
ZLATAR-SPED DOO NOVA VAROS,MATERIALS
CTC-UNIT DOO BEOGRAD,CONSUMER DISCRETIONARY
INEXALL COMPANY DOO,MATERIALS
MAKSPRO DOO BEOGRAD ZEMUN,INDUSTRIALS
GAPUMA SRB DOO NOVI SAD,INDUSTRIALS
GEBI DOO PO CANTAVIR,CONSUMER STAPLES
DOO GOMEX ZRENJANIN,CONSUMER STAPLES
ADECO DOO NOVI SAD,MATERIALS
TAPE NS GROUP DOO,INDUSTRIALS
DOO JOVISTE PALIC,INDUSTRIALS
GROUP SPIN,INDUSTRIALS
DANICA (NIKOLA) STANKOVIC,CONSUMER STAPLES
MIODRAG (VELIMIR) VESKOV,CONSUMER STAPLES
DOO PAVLE PANCEVO,INDUSTRIALS
KONSTRUKTOR METAL DOO BEOGRAD,INDUSTRIALS
TEAMNET BUSINESS SOLUTIONS D.O.O.,INFORMATION TECHNOLOGY
AC AUTO D.O.O BEOGRAD - U LIKVIDAC,NOT RELEVANT
INDUSTRIJA MESA CAJETINA,NOT RELEVANT
AD BANINI KIKINDA,CONSUMER STAPLES
GROUP STR MIHAJLOVIC,CONSUMER DISCRETIONARY
HLEB I KIFLE,CONSUMER STAPLES
LPP SERBIA D.O.O.,CONSUMER DISCRETIONARY
RUBIKON SHIPPING COMPANY DOO BEOGR,INDUSTRIALS
EKOFIL DOO BEOGRAD,CONSUMER STAPLES
ALEKSA SANTIC DOO ALEKSA SANTIC,CONSUMER STAPLES
DELTA INZENJERING GROUP DOO BEOGRA,INDUSTRIALS
PROAL DOO PROKUPLJE,INDUSTRIALS
TERMIKA DOO ZRENJANIN,MATERIALS
BOJA DOO,INDUSTRIALS
AGRIBO CO. D.O.O. - U STECAJU,CONSUMER STAPLES
GP GRADITELJ NS DOO NOVI SAD,INDUSTRIALS
HAVAS ADRIATIC D.O.O.,COMMUNICATIONS
MAJS D.O.O.,CONSUMER DISCRETIONARY
DZAMIL (BELA) DZAVIC,CONSUMER STAPLES
SIGOC DOO BEOGRAD,CONSUMER DISCRETIONARY
DOO MLINOKOMERC VRSAC,NOT RELEVANT
SPECIJALNA BOLNICA MERKUR VRNJACKA,HEALTH CARE
TE-TO FABRIKA SECERA AD SENTA,CONSUMER STAPLES
ONE2PLAY RS DOO NOVI SAD,CONSUMER DISCRETIONARY
MARIC TRGOVINA NA VELIKO I MALO I,NOT RELEVANT
UNILEVER DOO,NOT RELEVANT
VIA OCEL D.O.O. BEOGRAD,INDUSTRIALS
REFLEKS D O O  MAJUR,INDUSTRIALS
Subgroup Balkans,CONSUMER STAPLES
BRIGATE DOO BEOGRAD,INDUSTRIALS
EKO UNIJA NEMETAL DOO,INDUSTRIALS
FEROMONT OPREMA  AD PANCEVO,INDUSTRIALS
DIV-POLYMER D.O.O. BACKA PALANKA,MATERIALS
AUTO M.G. COMMERCE DOO NIS,CONSUMER DISCRETIONARY
STRUCTURA CONCEPT DOO,INDUSTRIALS
MONTAVAR METALNA LOLA,INDUSTRIALS
LOHR BACKA TOPOLA,INDUSTRIALS
DOO TENEN CENEJ,CONSUMER STAPLES
IT TEL CONSULTING & ENGINEERING,INDUSTRIALS
ACIKO-KOMERC DOO KRALJEVO,CONSUMER STAPLES
RADUN BENZINSKA STANICA NOVI SAD,CONSUMER DISCRETIONARY
MN DOO BEOGRAD,MATERIALS
"AMBALAZERKA DOO BEOGRAD, BEGALJICA",MATERIALS
SCB DOO BEOGRAD,CONSUMER STAPLES
MGS TECHNOLOGY DOO,INFORMATION TECHNOLOGY
PK ZLATIBOR D.O.O.,CONSUMER STAPLES
SUBGROUP NCA INVESTMENT GROUP,CONSUMER DISCRETIONARY
KESZ DOO BEOGRAD,INDUSTRIALS
BIG TRADE D.O.O.,CONSUMER STAPLES
FARMAPROM DOO BEOGRAD - U LIKVIDAC,HEALTH CARE
BANAT PRESS DOO ZRENJANIN,COMMUNICATIONS
ZEPTER INTERNATIONAL DOO BEOGRAD,CONSUMER DISCRETIONARY
KONSING GROUP DOO BEOGRAD,INDUSTRIALS
VELTRANS DOO SUBOTICA,MATERIALS
SRBOEXPORT DOO,INDUSTRIALS
ELEMENTA DOO SUBOTICA,CONSUMER DISCRETIONARY
ROPER CO DOO BEOGRAD UMKA,INDUSTRIALS
KNJIZARE VULKAN DOO BEOGRAD,CONSUMER DISCRETIONARY
BISEVAC DOO NOVI PAZAR,CONSUMER DISCRETIONARY
KJP DJUNIS,UTILITIES
HYDROSYSTEMS DOO SUBOTICA,INDUSTRIALS
NOVOHEM DOO SABAC,MATERIALS
BOGDAN (MAJA) VLAOVIC,CONSUMER STAPLES
INTERFOOD 60 DOO CACAK,CONSUMER STAPLES
NCR ATM,INDUSTRIALS
GREMET STOLARIJA DOO,INDUSTRIALS
ALLTECH YU DOO,NOT RELEVANT
LIVNICA KIKINDA AI DOO KIKINDA,CONSUMER DISCRETIONARY
STECAJNA MASA AGROZIV AD PANCEVO,CONSUMER STAPLES
PRO GALVANO MIKROMETAL DOO BEOGRAD,INDUSTRIALS
KMG ART DOO,INDUSTRIALS
AFARAK DOO BEOGRAD,MATERIALS
BID PRODUKT DOO,CONSUMER STAPLES
PKB KORPORACIJA AD - BEOGRAD,CONSUMER STAPLES
TIRES TIM DOO NOVI SAD,CONSUMER DISCRETIONARY
SENA DOO,INDUSTRIALS
MSG GLOBAL SOLUTIONS SERBIA,INFORMATION TECHNOLOGY
ELIXIR GARDEN NEGOTIN DOO,MATERIALS
WORTS TEAM DOO SIMANOVCI,CONSUMER DISCRETIONARY
GROUP E SMART,INFORMATION TECHNOLOGY
METAL-HEMIKO DOO ADA,CONSUMER STAPLES
TAKTIK D.O.O.,CONSUMER STAPLES
VILA GRAD DOO,INDUSTRIALS
CALMA DOO CALMA,CONSUMER STAPLES
ISTYLE STORES DOO BEOGRAD,CONSUMER DISCRETIONARY
PREKO REDA DOO BEOGRAD,CONSUMER DISCRETIONARY
ERG DOO SIMANOVCI,CONSUMER DISCRETIONARY
DOO KONZUL NOVI SAD,CONSUMER STAPLES
AGROPARTNER DOO LUCANI,CONSUMER STAPLES
SABATO DOO BEOGRAD,MATERIALS
EMTM DOO KULA,NOT RELEVANT
NEW COMPANY DOO BEOGRAD,REAL ESTATE
DOO MATEO CACAK,CONSUMER STAPLES
PPT-CILINDRI DOO,CONSUMER DISCRETIONARY
ENERGOPROJEKT OPREMA - U STECAJU,INDUSTRIALS
PORD DOO,INDUSTRIALS
BG PRODUKT 1996 DOO KRUSEVAC,CONSUMER STAPLES
TABAK MAXIM D.O.O.,CONSUMER STAPLES
LAKI DOO ARILJE,CONSUMER STAPLES
DELDIS DOO,CONSUMER STAPLES
ORBICO DOO BEOGRAD,CONSUMER DISCRETIONARY
BRKOVIC GRUPA DOO,REAL ESTATE
RELAX INTERNATIONAL DOO BEOGRAD,CONSUMER DISCRETIONARY
KIT REAL ESTATE DOO,CONSUMER DISCRETIONARY
VOZD DOO SOMBOR,CONSUMER STAPLES
CEMPROM DOO,MATERIALS
SOUTH LAND DOO BEOGRAD,REAL ESTATE
PZP POZAREVAC DOO POZAREVAC,INDUSTRIALS
FEROMONT DOO STARA PAZOVA,INDUSTRIALS
DRUSTVO SA OGRANICENOM ODGOVORNOSCU,CONSUMER STAPLES
"BAJAN DOO SMEDEREVO, MIHAJLOVAC",CONSUMER STAPLES
EURCO DOO,INDUSTRIALS
LUTTON - U STECAJU,NOT RELEVANT
GROSER DOO,CONSUMER STAPLES
RUMIX - U PRINUDNOJ LIKVIDACIJI,CONSUMER STAPLES
WIKA MERNA TEHNIKA DOO BEOGRAD,INDUSTRIALS
NPC INTERNATIONAL D.O.O. BEOGRAD,NOT RELEVANT
SUNOKO DOO NOVI SAD,CONSUMER STAPLES
NIT EXPORT-IMPORT DOO,CONSUMER STAPLES
CARSKA BASTA DOO ZRENJANIN,CONSUMER STAPLES
MONDI SABAC,MATERIALS
HEIDELBERG JUGOSLAVIJA DOO,INFORMATION TECHNOLOGY
SUBGROUP SAGA DOO,INFORMATION TECHNOLOGY
GROUP RAS INZENJERING,INDUSTRIALS
DELTA SECURITY SYSTEM DOO,INDUSTRIALS
BDS RS. DOO,CONSUMER DISCRETIONARY
LAZARUS DOO KRAGUJEVAC,CONSUMER STAPLES
GROUP LUKI KOMERC,CONSUMER STAPLES
INIT TECHNOLOGIES DOO,INFORMATION TECHNOLOGY
SMICOM D.O.O. POZEGA,MATERIALS
BFD DISTRIBUTION DOO APATIN,CONSUMER STAPLES
KARTONVAL DOO BEOGRAD,MATERIALS
MISON DOO,CONSUMER DISCRETIONARY
STAREL PLUS DOO BATAJNICA,INDUSTRIALS
TEXIMP DOO BEOGRAD,INDUSTRIALS
EUROCLASSIC DOO STARA PAZOVA - U P,CONSUMER DISCRETIONARY
"PREDUZECE EXPORT-IMORT FUNGO-JUG,",CONSUMER STAPLES
PLAVI KAMEN DOO VRANJE,MATERIALS
GROUP FARMAKOM,NOT RELEVANT
FABRIKA STOCNE HRANE - KOMPONENTA,CONSUMER STAPLES
MAGNAHIM,MATERIALS
NEPO SYSTEM DOO BEOGRAD,INFORMATION TECHNOLOGY
ALBATROS-INTERNATIONAL DOO,CONSUMER STAPLES
DOO EXPERT LESKOVAC,CONSUMER DISCRETIONARY
ALKALOID VELEDROGERIJA D.O.O.,HEALTH CARE
CORAL SRB D.O.O.,CONSUMER DISCRETIONARY
PULSEC DOO BEOGRAD,INFORMATION TECHNOLOGY
CA-TERM DOO CACAK,INDUSTRIALS
AUTO FUSION DOO BEOGRAD,CONSUMER DISCRETIONARY
MAGLIC PD DP,CONSUMER STAPLES
GROUP EHOM,CONSUMER DISCRETIONARY
KOENIG & BAUER RS D.O.O. BEOGRAD,INDUSTRIALS
VODA VRNJCI AD VRNJACKA BANJA,CONSUMER STAPLES
NESAM INZENJERING DOO GRCAC,INDUSTRIALS
ROASTERY 1886 DOO,CONSUMER STAPLES
FSH JABUKA DOO PANCEVO,CONSUMER STAPLES
HRAM 032 PVC TRADE DOO PRELJINA,INDUSTRIALS
LISJE JKP NOVI SAD,CONSUMER DISCRETIONARY
NISAUTO GRUPA DOO NIS,CONSUMER DISCRETIONARY
BOMEX EXPORT IMPORT DOO BEOGRAD -,NOT RELEVANT
ENTERPRISE SERVICES D.O.O.,NOT RELEVANT
YU POINT DOO,MATERIALS
DRUSTVO SA OGRANICENOM,INDUSTRIALS
MLIN BUDUCNOST TRIO DOO BEOGRAD,CONSUMER STAPLES
JONES LANG LASALLE DOO BEOGRAD,REAL ESTATE
EATON ELECTRIC DOO SREMSKA MITROVI,INDUSTRIALS
TINIS DOO BEOGRAD MALI MOKRI LUG,INDUSTRIALS
MDES AIR CONDITIONER DOO,INDUSTRIALS
AVL PROJEKT INT DOO NOVI SAD,INFORMATION TECHNOLOGY
TICKET VISION DOO BEOGRAD,CONSUMER DISCRETIONARY
IVA-AGRAR DOO,MATERIALS
GROUP EUROIMPEX AUTOGROUP,CONSUMER DISCRETIONARY
CENTROSINERGIJA,CONSUMER STAPLES
SNEZANA (ANTUN) DZAVIC,CONSUMER STAPLES
PRISTA OIL AD BEOGRAD,INDUSTRIALS
PEGASUS SRB DOO,MATERIALS
MAGNA TYRES BALKAN D.O.O.,INDUSTRIALS
PRESS INTERNATIONAL DOO,CONSUMER DISCRETIONARY
MONT-R DOO BEOGRAD,INDUSTRIALS
GROUP PHIACADEMY,CONSUMER STAPLES
name,industry
PUTEVI AD UZICE,INDUSTRIALS
PILOT TOY DOO BEOGRAD - U STECAJU,CONSUMER DISCRETIONARY
SINTRONIC - U PRINUDNOJ LIKVIDACIJ,CONSUMER DISCRETIONARY
DOO TEHNOGRAD SISTEM KRALJEVO,MATERIALS
COLL-PLUS NEKRETNINE DOO BEOGRAD -,FINANCIALS
TTTECH AUTO DOO,INDUSTRIALS
FAKULTET ZA USLUZNI BIZNIS SREMSKA,CONSUMER DISCRETIONARY
TEKNOXGROUP SRBIJA DOO BEOGRAD,INDUSTRIALS
SUBGROUP IM MATIJEVIC,CONSUMER STAPLES
AGROFINA SISTEM DOO CACAK,CONSUMER STAPLES
BEOGUMA DOO BEOGRAD,CONSUMER DISCRETIONARY
GD TAMNAVA TRANS DOO BEOGRAD,INDUSTRIALS
SMART BUSINESS TECHNOLOGIES,INFORMATION TECHNOLOGY
K WAY BEAUTY,CONSUMER DISCRETIONARY
DZERVIN,CONSUMER STAPLES
SUBGROUP STAR IMPORT,CONSUMER DISCRETIONARY
PROTEM PROJEKT D.O.O.,INDUSTRIALS
CASA DI MODA STKR JAGODINA,CONSUMER STAPLES
DOO MILENIJUM ZAJECAR,CONSUMER DISCRETIONARY
SPIN COMPANY DOO KRAGUJEVAC,INDUSTRIALS
CORTEVA AGRISCIENCE SRB D.O.O.,CONSUMER STAPLES
ENGY SOLUTIONS DOO,COMMUNICATIONS
HALDER D.O.O.,INDUSTRIALS
PAKOM INTERNET DOO NIS,NOT RELEVANT
EURO GARNI HOTEL,REAL ESTATE
SEMENARNACOOP DOO PETROVARADIN,CONSUMER STAPLES
PELETI DOO KUPINOVO,CONSUMER STAPLES
GRUPA UNIVEREXPORT BACKA AD BACKA,CONSUMER STAPLES
UNIVERZUM EXPORT IMPORT DOO ARANDJE,CONSUMER DISCRETIONARY
UNIPLAST SERBIA DOO,INDUSTRIALS
EKO FACILITIES D.O.O. BEOGRAD - U,INDUSTRIALS
DOO HERC- MS BUDISAVA,CONSUMER STAPLES
"DOO ZA PROIZVODNJU, TRGOVINU I USL",HEALTH CARE
GROUP EGZAKTA,INDUSTRIALS
GREEN CONSTRUCTION DOO,REAL ESTATE
MENSHEN,MATERIALS
RADKA DOO BEOGRAD,MATERIALS
PUBLIK DOO VALJEVO,CONSUMER DISCRETIONARY
DUFRY,CONSUMER DISCRETIONARY
CIG D.O.O.,CONSUMER DISCRETIONARY
PACOM DOO CACAK,MATERIALS
PREDUZECE DIVI DOO,MATERIALS
LARIX DOO,MATERIALS
SAFIC-ALCAN ADRIATIC D.O.O.,MATERIALS
TOPOLA D.O.O.,CONSUMER STAPLES
KIOSK GRUPA DOO,CONSUMER STAPLES
GROUP PRO GALVANO MIKROMETAL,NOT RELEVANT
KICA SAM. TRG. A. RAD. SIMIC DARKO,CONSUMER STAPLES
LINDAB D.O.O. BEOGRAD,INDUSTRIALS
MAGICA DOO BEOGRAD,CONSUMER STAPLES
GLOBEX GROUP - U PRINUDNOJ LIKVIDA,INDUSTRIALS
HDS RETAIL GP DOO,CONSUMER DISCRETIONARY
PRINT & LOGISTIC DOO,NOT RELEVANT
VITANA DOO KURSUMLIJA,CONSUMER STAPLES
TDV FLEET D.O.O.,FINANCIALS
DANUBIUS D.O.O. NOVI SAD,CONSUMER STAPLES
PIC CO,CONSUMER STAPLES
KROKODIL & COMPANY DOO SIMANOVCI,CONSUMER DISCRETIONARY
SNJEZANA PNJ,CONSUMER STAPLES
MEDINO DOO KRNJEVO,CONSUMER STAPLES
CG FOODS EUROPE,CONSUMER STAPLES
BANBUS DOO,INDUSTRIALS
LUKOWA DOO - U STECAJU,CONSUMER STAPLES
"RESOR DOO GADZIN HAN,",CONSUMER DISCRETIONARY
LETINA DOO  NOVI BECEJ,CONSUMER STAPLES
LUKOWA FOOD DOO,CONSUMER STAPLES
TRACE PZP NIS AD NIS,INDUSTRIALS
DOT SMART SOLUTIONS DOO BEOGRAD,INDUSTRIALS
GROUP LETAC,INDUSTRIALS
TRIVAX VV DOO BEOGRAD,HEALTH CARE
ADIMES DOO BEOGRAD (ZVEZDARA) - U,CONSUMER STAPLES
INTERLEMIND AD LESKOVAC,MATERIALS
KATAGO CONSTRUCTION DOO VOGANJ,INDUSTRIALS
ISHRANA DOO CACAK,CONSUMER STAPLES
SIROVINABANAT DOO ZRENJANIN,INDUSTRIALS
"MEDIA POOL DOO, BEOGRAD",CONSUMER DISCRETIONARY
"DIM-TRADE DOO, BEOGRAD",INDUSTRIALS
GOLD DISTRIBUTION DOO,CONSUMER STAPLES
RAD GM DOO KRUSEVAC  - U STECAJU,INDUSTRIALS
GROUP Browel,INDUSTRIALS
ROMA COMPANY DOO BEOGRAD (NOVI BEO,INDUSTRIALS
HERCEGOVINA AD RAVNI TOPOLOVAC,CONSUMER STAPLES
A P SIDRO DOO NOVI BEOGRAD,INDUSTRIALS
OBNOVA DOO,CONSUMER DISCRETIONARY
GROUP NS UNION NOVI SAD,INDUSTRIALS
"DRUSTVO ZA PROIZVODNJU,PROMET",CONSUMER DISCRETIONARY
GENERAL PUBLIC TENDERS GPT DOO,UTILITIES
POLYDOR,CONSUMER DISCRETIONARY
"DOM ZDRAVLJA ""MEDIGROUP DR RISTIC""",HEALTH CARE
SMART BIOSERVICES GMBH - OGRANAK B,INDUSTRIALS
VODOVOD I KANALIZACIJA JKP SUBOTICA,UTILITIES
AEVUM PET CARE DOO BEOGRAD-NOVI BE,CONSUMER STAPLES
BEOGAS DOO BEOGRAD,NOT RELEVANT
ELOPAK DOO,INDUSTRIALS
MATIS-STIL TRADE DOO,NOT RELEVANT
PLANETA GASTRO DOO NOVI SAD,CONSUMER DISCRETIONARY
PREDSTAVNISTVO VIRO,CONSUMER STAPLES
METALAC-METALURGIJA AD,NOT RELEVANT
PREDUZECE SINTEH DOO BEOGRAD,INFORMATION TECHNOLOGY
WEST TRUCK DOO BEOGRAD,NOT RELEVANT
AQUA CASA DOO,CONSUMER DISCRETIONARY
VML ENERGY,ENERGY
CORNER SHOP DOO BEOGRAD,CONSUMER STAPLES
AVRIDE,INDUSTRIALS
AKSA D.O.O. BEOGRAD,CONSUMER DISCRETIONARY
GALEB ELECTRONICS DOO SABAC,INDUSTRIALS
GRAND METALS DOO,INDUSTRIALS
DURDEVIC ENERGO 2016 DOO SUBOTISTE,CONSUMER STAPLES
EXTRA AGRAR DOO VRBAS,CONSUMER STAPLES
PREDRAG (VELEMIR) VESKOV,CONSUMER STAPLES
INDUSTRIJA MESA NEDELJKOVIC,CONSUMER STAPLES
LDS DOO POZAREVAC,INDUSTRIALS
SILLA - ING D.O.O.,NOT RELEVANT
FAMILIJA MARKET DOO BEOGRAD,NOT RELEVANT
AGROEXPORT AD BEOGRAD,CONSUMER DISCRETIONARY
ENERGIJA TEHNIKA TEHNOLOGIJA DOO,INDUSTRIALS
NACIONALNA DISTRIBUCIJA D.O.O.,CONSUMER STAPLES
BIG-BULL KOMPANIJA DOO BACINCI - U,CONSUMER STAPLES
GRAFO NIN TRADE DOO,NOT RELEVANT
MD 02 DOO BEOGRAD,CONSUMER STAPLES
EUROAUTO DOO BEOGRAD - U PRINUDNOJ,CONSUMER DISCRETIONARY
METER & CONTROL DOO BEOGRAD,INFORMATION TECHNOLOGY
PROMIST DOO VETERNIK,MATERIALS
ASEE SOLUTIONS D.O.O. BEOGRAD,INFORMATION TECHNOLOGY
EKO FUTURA DOO,INDUSTRIALS
VZK DOO BEOGRAD,CONSUMER STAPLES
VILA LIBRI DOO,COMMUNICATIONS
MONBAT PLC DOO INDIJA,INDUSTRIALS
K-HOTELS DOO BEOGRAD,CONSUMER DISCRETIONARY
7.JULI TRGOVINA DOO VRANJE,CONSUMER STAPLES
POTISJE-BECEJ DOO BECEJ,INDUSTRIALS
JUROSEVIC MD DOO VRBAS,INDUSTRIALS
SRNA DOO,CONSUMER DISCRETIONARY
EC HARRIS D.O.O.,NOT RELEVANT
ST KOMERC PRINT,CONSUMER STAPLES
BAZIS RENT DOO BEOGRAD,NOT RELEVANT
MLINTEST - U STECAJU,NOT RELEVANT
AROMA AD,CONSUMER DISCRETIONARY
BSP DOO FEKETIC,CONSUMER STAPLES
SUBGROUP BENU,CONSUMER STAPLES
DOO DELTA KLADOVO - U STECAJU,ENERGY
TUV RHEINLAND INTERCERT DOO,INDUSTRIALS
ANGROPROMET DOO KIKINDA,CONSUMER STAPLES
ANDJELKOVIC AL I PVC DOO BEOGRAD-V,INDUSTRIALS
DORMAKABA DOO BEOGRAD,CONSUMER DISCRETIONARY
BEOHEMIJA-INHEM DOO,CONSUMER STAPLES
SLAVISA MITIC PR RADNJA ZA PREVOZ I,CONSUMER STAPLES
GROUP COMEL,INDUSTRIALS
STEFANOVIC AUTO DOO MLADENOVAC,CONSUMER DISCRETIONARY
BRAINZ DOO BEOGRAD,COMMUNICATIONS
SAN MARCO,CONSUMER STAPLES
FORTUNA MARKET DOO ARANDELOVAC,CONSUMER STAPLES
S RAIL DOO,INDUSTRIALS
KOMUNALAC U RUMI JP RUMA,INDUSTRIALS
HCP DOO BEOGRAD,INDUSTRIALS
PREDSTAVNISTVO TIM ZIP BEOGRAD,INDUSTRIALS
AZOHEM DOO SUBOTICA,MATERIALS
ADECCO HUMAN RESOURCES DOO BEOGRAD,NOT RELEVANT
KOMNENOVIC DOO BEOGRAD,CONSUMER DISCRETIONARY
ENERGOINVEST-INTERENERGO DOO,INDUSTRIALS
GENERALI TRANSPORT COMPANY DOO U S,INDUSTRIALS
INFIX 2024 DOO BEOGRAD ,CONSUMER DISCRETIONARY
VULOVIC TRANSPORT  DOO,INDUSTRIALS
"Elgas energy trading, LTD",ENERGY
BALKAN CAR SALES D.O.O.,CONSUMER DISCRETIONARY
PETKUS ENGINEERING DOO,INDUSTRIALS
SELECT COMPANY DOO SMEDEREVO,CONSUMER STAPLES
ARTINVEST DOO STARA PAZOVA,CONSUMER DISCRETIONARY
BEIERSDORF D.O.O.,CONSUMER STAPLES
AUTO FLEET MANAGEMENT DOO,INDUSTRIALS
SPECIJALNA BOLNICA ZA BOLESTI ZAVI,HEALTH CARE
GROUP SPAIZ,CONSUMER STAPLES
EPIROC SRBIJA A.D.,INDUSTRIALS
GREEN TECHNOLOGY FIRST DOO,UTILITIES
TEHNIX BEO DOO BEOGRAD,INDUSTRIALS
E.S.-KOMERC DOO PRIJEPOLJE,CONSUMER STAPLES
LOKOMOTIVA DOO BEOGRAD,INDUSTRIALS
METALAC INKO,INDUSTRIALS
EJOT TEHNIKA SPAJANJA DOO BEOGRAD,INDUSTRIALS
SIKA SRBIJA DOO,MATERIALS
TD SYNNEX D.O.O. BEOGRAD,INFORMATION TECHNOLOGY
AGROMEHANIKA AC DOO NOVI SAD,INDUSTRIALS
O&M INZENJERING GROUP DOO,INDUSTRIALS
MERCATUS DOO BEOGRAD,MATERIALS
JEZERO DOO TTUP ZUNJE KNIC KRAGUJEV,CONSUMER STAPLES
CHINA ENERGY ENGINEERING GROUP TIA,INDUSTRIALS
ALFA PROMET AD ODZACI,NOT RELEVANT
VITEZ&KOM DOO VRANJE,CONSUMER DISCRETIONARY
D.V.G. COMPANY DOO SUBOTICA,CONSUMER STAPLES
FRUVITA DOO BEOGRAD,CONSUMER STAPLES
M I P DOO KRALJEVO,CONSUMER STAPLES
ENTECO DOO UZICE,INDUSTRIALS
KOMPRESOR DORCOL DOO BEOGRAD,CONSUMER DISCRETIONARY
VOSSLOH-SCHWABE SERBIA D.O.O.,CONSUMER DISCRETIONARY
DELTA EPC DOO,INDUSTRIALS
TRGOPROMET NEKRETNINE DOO SUBOTICA,CONSUMER STAPLES
NOVELIC D.O.O.,INFORMATION TECHNOLOGY
DIGITAL FIRST DOO,INDUSTRIALS
RISMEN DOO,CONSUMER STAPLES
mtt infiz doo beograd,INDUSTRIALS
ONDREJ (ONDREJ) HEDJI,CONSUMER STAPLES
KTP JUP DOO,NOT RELEVANT
SZP ZAVARIVAC AD VRANJE - U STECAJ,INDUSTRIALS
GRADITELJ D.O.O. NOVI SAD,INDUSTRIALS
ELTRAS IN DOO BEOGRAD - U PRINUDNO,INDUSTRIALS
JEFIMIJA M DOO RASKA,INDUSTRIALS
KONTAKTOR DOO BEOGRAD,REAL ESTATE
OBALA TRADE DOO BEOGRAD,CONSUMER STAPLES
MILORD DOO NOVI PAZAR,INDUSTRIALS
LABUDOVIC NS DOO NOVI SAD,CONSUMER STAPLES
GROUP AGROMARKET KG,MATERIALS
DELTA TERM DOO BEOGRAD,INDUSTRIALS
BDS PROPERTIES DOO,REAL ESTATE
ELEKTROVAT DOO BEOGRAD,INDUSTRIALS
GOOD MOOD DOO BEOGRAD,CONSUMER DISCRETIONARY
ELEKTROMONTAZA D.O.O. KRALJEVO,INDUSTRIALS
INSAJDER PRODUKCIJA DOO,COMMUNICATIONS
SRBIJAPUT AD BEOGRAD,INDUSTRIALS
AD PODUNAVLJE BACKA PALANKA,CONSUMER STAPLES
PTM DOO SABAC,HEALTH CARE
RAKIC-LTD DOO RADINAC SMEDEREVO,CONSUMER STAPLES
"METLAKOMERC DOO VINARCE, LESKOVAC",CONSUMER STAPLES
YOUGOV CP D.O.O.,CONSUMER DISCRETIONARY
ZZ ZADRUGAR BAC,CONSUMER STAPLES
ZZ TABANOVIC LOZNICA,NOT RELEVANT
SIRMIUM STEEL D.O.O. SR.MITROVICA,MATERIALS
PREDSTAVNISTVO CARL ZEISS,HEALTH CARE
EUROFIBER,CONSUMER DISCRETIONARY
BREZA DOO PARACIN,INDUSTRIALS
NETIKS DOO BEOGRAD,INFORMATION TECHNOLOGY
MODITAL TRADE DOO,NOT RELEVANT
JKP MEDIANA NIS,INDUSTRIALS
GROUP NEVENACOLOR,NOT RELEVANT
ABC FOOD A.D.,CONSUMER STAPLES
BB MEAT DOO BACINCI,CONSUMER STAPLES
STEEL-IMPEX DOO SREMSKA KAMENICA,MATERIALS
SMARTPHONE CONCEPT DOO BEOGRAD,CONSUMER DISCRETIONARY
"PREDUZECE ZA TRGOVINU, TRANSPORT I",INDUSTRIALS
D COMPANY DOO BABUSNICA,INDUSTRIALS
DRAGIS-PHARM DOO BEOGRAD,HEALTH CARE
DVADESETPRVI MAJ AUTO KUCA D.O.O.,REAL ESTATE
VORWERK AUTOTEC SERBIA D.O.O.,CONSUMER DISCRETIONARY
OFFICE RENTALS DOO,REAL ESTATE
ABC MAZIVA DOO,MATERIALS
SVETOZAR (NEDELJKO) VESKOV,CONSUMER STAPLES
HOLCIM SRBIJA DOO,MATERIALS
TARKETT DOO BACKA PALANKA,INDUSTRIALS
JKP DIREKCIJA ZA JAVNI PREVOZ GRAD,INDUSTRIALS
STANKOM AD - U STECAJU,CONSUMER DISCRETIONARY
PHARMACIA ZAD DOO U STECAJU,HEALTH CARE
VEROPOULOS,CONSUMER STAPLES
SERBIA CABLE COMMERCE,INDUSTRIALS
REAL ESTATE RENT 2 DOO,REAL ESTATE
MAGNA PHARMACIA D.O.O.,HEALTH CARE
SUBGROUP AUTORITAS,CONSUMER STAPLES
SRBIJAAUTOPUT DOO BEOGRAD,INDUSTRIALS
TIS-MITROVIC DOO ZAJECAR,CONSUMER STAPLES
IKEA SRBIJA,CONSUMER DISCRETIONARY
"SANI OPTIK D.O.O., BEOGRAD",CONSUMER DISCRETIONARY
TELEKOMUNIKACIJA DOO,INDUSTRIALS
BEOECOTEL,INFORMATION TECHNOLOGY
ZVONKO MILOSAVLJEVIC PR FILI ZM,CONSUMER STAPLES
RABALUX DOO,NOT RELEVANT
VISNJICA DOO,CONSUMER DISCRETIONARY
PANONGRAD DOO,INDUSTRIALS
GROUP METAL-HEMICO,CONSUMER STAPLES
NESTLE ADRIATIC S DOO BEOGRAD-SURC,CONSUMER STAPLES
STEMAR SPED D.O.O.,INDUSTRIALS
GLETER-MAX DOO BEOGRAD - U PRINUDN,NOT RELEVANT
RISTIC DOO IVANJICA,CONSUMER DISCRETIONARY
KUHNE + NAGEL DOO,INDUSTRIALS
POSLOVNO UDRUZENJE DAVAOCA LIZINGA,INDUSTRIALS
VENAC AD PECINCI,REAL ESTATE
CARGO-PARTNER DOO BEOGRAD,INDUSTRIALS
EUROPAPRESS DOO BEOGRAD - U STECAJ,NOT RELEVANT
BUDUCNOST DOO VALJEVO,INDUSTRIALS
DOKA SERB DOO SIMANOVCI,INDUSTRIALS
WEST BEOCAR DOO,CONSUMER DISCRETIONARY
B&S IMMOBILIEN DOO,INDUSTRIALS
RESTART SHOP D.O.O.,CONSUMER DISCRETIONARY
OLEON DOO NOVI SAD,CONSUMER STAPLES
FINO VINO DOO BEOGRAD,CONSUMER STAPLES
ARTINVEST NAMESTAJ,CONSUMER DISCRETIONARY
BIOMEDICA MP DOO BEOGRAD,HEALTH CARE
SYMBOL DOO SUBOTICA,INDUSTRIALS
DOO HOLLO COMPANY DOROSLOVO,CONSUMER STAPLES
SOLCHEM S D.O.O.,MATERIALS
GROUP BAHUS,CONSUMER STAPLES
SMITRAN AUTO DOO,CONSUMER DISCRETIONARY
VIATOR & VEKTOR-TRANSPED-VRSAC DOO,NOT RELEVANT
NEVENA SPB DOO BEOGRAD (SAVSKI VEN,NOT RELEVANT
LTS D.O.O.,CONSUMER STAPLES
SCHMITZ CARGOBULL D.O.O.,NOT RELEVANT
BAJA D.O.O.,NOT RELEVANT
HUMANITARNA FONDACIJA BUDIMIR BOSK,INDUSTRIALS
"DRENIK ND D.O.O., BEOGRAD",MATERIALS
PREDSTAVNISTVO OSRAM EOOD,INDUSTRIALS
KROMBERG & SCHUBERT SRBIJA D.O.O.,CONSUMER DISCRETIONARY
COMPASS FOOD DOO BEOGRAD,CONSUMER STAPLES
TELEFONKABL DOO BEOGRAD,INDUSTRIALS
VS EVROCORN DOO,CONSUMER STAPLES
BANAT TRANS DOO ZRENJANIN,INDUSTRIALS
INDUSTRIJSKA OPREMA D.O.O.,INDUSTRIALS
IBIS-INSTRUMENTS DOO,INFORMATION TECHNOLOGY
DIV-TRADES DOO,MATERIALS
NOMIS DOO BEOGRAD,CONSUMER DISCRETIONARY
GROUP WEG,NOT RELEVANT
TROPICANA D.O.O.,CONSUMER STAPLES
UNIBROS D.O.O.,NOT RELEVANT
KREATIVA NEW FORMULA D.O.O.,NOT RELEVANT
ENERGOPROJEKT HOLDING A.D. BEOGRAD,INDUSTRIALS
AIR SERBIA A.D. BEOGRAD,INDUSTRIALS
VITAL AD VRBAS,NOT RELEVANT
APOTEKA VALJEVO,CONSUMER STAPLES
AGRO PRODUKT SRB DOO GOSPODINCI,CONSUMER STAPLES
JP VRBAS GAS VRBAS,UTILITIES
Sakal Ana Ester,NOT RELEVANT
SG NETWORKING DOO BEOGRAD,INDUSTRIALS
PORSCHE PARTNER,CONSUMER DISCRETIONARY
PREDUZECE STRELA DOO KLAJIC,CONSUMER STAPLES
UNICOM TELECOM DOO,INFORMATION TECHNOLOGY
GROUP MATIJEVIC,CONSUMER STAPLES
GOOD FOOD DOO BEOGRAD (VRACAR),CONSUMER STAPLES
AGROCOOP - U STECAJU,CONSUMER STAPLES
NAFTACHEM DOO SREMSKA KAMENICA,INDUSTRIALS
VEMI SUN DOO,UTILITIES
BOEHRINGER INGELHEIM SERBIA DOO BE,HEALTH CARE
COMMUNIS DOO BEOGRAD,COMMUNICATIONS
M I INVESTMENTS DOO,REAL ESTATE
SUBGROUP NECTAR,CONSUMER STAPLES
FLEET PARTNER DOO,INDUSTRIALS
AUTOPROMET DOO,CONSUMER DISCRETIONARY
DANIJELA (BRANKO) BELJANSKI,CONSUMER STAPLES
GROUP BMR,INDUSTRIALS
CANDY RUSH DOO BEOGRAD,CONSUMER STAPLES
LOGO DOO,INDUSTRIALS
GEINARRO DOO VALJEVO,CONSUMER DISCRETIONARY
TRANSAKS DOO,FINANCIALS
DALLAS NAMESTAJ DOO,CONSUMER DISCRETIONARY
GAS-FEROMONT AD STARA PAZOVA,UTILITIES
UNIVERZAL - HOLDING A.D.,NOT RELEVANT
A-G  DINAS 2005 DOO BEOGRAD - U LI,CONSUMER DISCRETIONARY
"PREDUZECE ZA TRGOVINU,POSREDOVANJE",INDUSTRIALS
INTERNATIONAL VIRTUAL OFFICE DOO,CONSUMER STAPLES
ZOP INZENJERING DOO,INDUSTRIALS
TAMNAVAPUT AD,INDUSTRIALS
UNIVERZAL TPM DOO BEOGRAD - U STEC,NOT RELEVANT
LIBERTAS-AGRAR DOO,CONSUMER STAPLES
DUNAV,NOT RELEVANT
LOMAX COMPANY DOO SUBOTICA,NOT RELEVANT
ENERGY NET ONE D.O.O.,INDUSTRIALS
AUTOTRANSPORT DOO KOSTOLAC,INDUSTRIALS
STUDIO M SAVREMENI SISTEMI GRADNJE,INDUSTRIALS
SIMULA D.O.O. NOVI SAD,INFORMATION TECHNOLOGY
ETP D.O.O.,INFORMATION TECHNOLOGY
USLUGA AD B.TOPOLA,CONSUMER STAPLES
AUTO KUCA SEKULIC DOO VETERNIK,CONSUMER DISCRETIONARY
MLINPRODUKT AD ADA,CONSUMER STAPLES
TRGOVINSKO PREDUZECE ALEX INTERNATI,INDUSTRIALS
GATARIC INTERNATIONAL GROUP DOO BEO,CONSUMER DISCRETIONARY
ZORKA PHARMA-HEMIJA DOO SABAC,MATERIALS
PARALELA PLUS D.O.O. BEOGRAD,CONSUMER STAPLES
DIJAMANT AGRAR A.D. ZRENJANIN,CONSUMER STAPLES
SUBGROUP BIGZ,MATERIALS
DOO VELISAVLJEV BOTOS,CONSUMER STAPLES
TARKETT DOO REPUBLIKA SRBIJA PREDST,INDUSTRIALS
KIT COMMERCE DOO BEOGRAD,CONSUMER DISCRETIONARY
UNI CHEM DOO,HEALTH CARE
DELTA CLEANROOM DOO BEOGRAD,INDUSTRIALS
REFOT B DOO BEOGRAD,CONSUMER DISCRETIONARY
ELIXIR ZORKA - MINERALNA DUBRIVA D,MATERIALS
KEOS D.O.O.,CONSUMER DISCRETIONARY
SALAS 024 D.O.O. SUBOTICA,CONSUMER STAPLES
VIATRIS HEALTHCARE D.O.O.,HEALTH CARE
ALCO GROUP HOTELI D.O.O. BEOGRAD,CONSUMER DISCRETIONARY
ASBIS DOO BEOGRAD,INFORMATION TECHNOLOGY
VODA VODA DOO,NOT RELEVANT
DRVOPROMET DOO LESKOVAC U STECAJU,CONSUMER DISCRETIONARY
"BMP AD,HOTEL HYATT",CONSUMER DISCRETIONARY
ZAJACA  RUDNICI I TOPIONICA AD,MATERIALS
PREDUZECE GEM-COMPANY DOO BEOGRAD,INDUSTRIALS
SOULFOOD DOO BEOGRAD,CONSUMER STAPLES
ROBNE KUCE BEOGRAD DOO BEOGRAD,REAL ESTATE
MARKO TRANS CARGO DOO,MATERIALS
VODOVOD I KANALIZACIJA JP GROCKA,UTILITIES
BALKAN CONCEPT DOO BEOGRAD,CONSUMER DISCRETIONARY
INTERFAST DOO BEOGRAD,INDUSTRIALS
BEOHEMIJA DOO,CONSUMER STAPLES
GASTEH DOO INDIJA,INDUSTRIALS
PERASTRA DOO BEOGRAD,CONSUMER STAPLES
GREEN BAY DOO BEOGRAD,REAL ESTATE
ALTIUM INTERNATIONAL D.O.O.,HEALTH CARE
NENAD (VELEMIR) VESKOV,CONSUMER STAPLES
GROUP SANI GROUP,CONSUMER DISCRETIONARY
SIMSPED D.O.O.,INDUSTRIALS
GRINDEX DOO  KIKINDA,INDUSTRIALS
KOMONT DOO BEOGRAD - U PRINUDNOJ L,INDUSTRIALS
ALEKSANDAR HOTEL DOO NOVI SAD,NOT RELEVANT
BIP a.d.,CONSUMER STAPLES
GP MOTORS DOO BEOGRAD - U PRINUDNO,CONSUMER DISCRETIONARY
TRIPLE JUMP DOO BEOGRAD,CONSUMER DISCRETIONARY
ALFA COMMERCE DOO SABAC,INDUSTRIALS
VETFARM AD BEOGRAD - U STECAJU,NOT RELEVANT
"S&B CONCRETE DOO BEOGRAD, ZEMUN",INDUSTRIALS
JKP VODOVOD I KANALIZACIJA,UTILITIES
SIEMENS IT SOLUTIONS AND SERVICES,NOT RELEVANT
GROUP FARMEKS,HEALTH CARE
GROUP PROGRES,INDUSTRIALS
DOO AQUA PROMET JAGODINA,INDUSTRIALS
Subgroup e& PPF Telecom Group,COMMUNICATIONS
PIP FOOD GROUP DOO,CONSUMER STAPLES
PDV INZENJERING DOO VALJEVO-POPUCK,INDUSTRIALS
DOO MSJ,CONSUMER STAPLES
GROUP VEGA,HEALTH CARE
FRU COM PLUS DOO,CONSUMER STAPLES
DIGITRON IST D.O.O. BEOGRAD,INDUSTRIALS
QUADRA PACK DOO BEOGRAD,MATERIALS
GROUP PARALELA,NOT RELEVANT
PP BRO ZIVA D.O.O.,NOT RELEVANT
DRUSTVENO PREDUZECE ZA LINIJSKI I T,NOT RELEVANT
DOO POLO VRSAC - U STECAJU,HEALTH CARE
DAREX D.O.O.,CONSUMER DISCRETIONARY
DIRECT MEDIA A.D.,NOT RELEVANT
NICCO AGRAR DOO,CONSUMER STAPLES
"POPADIC KOMERC DOO,KRAGUJEVAC",CONSUMER STAPLES
AGROZENIT ZZ,NOT RELEVANT
SET DOO SABAC,INDUSTRIALS
DOO AGROSOJ PLUS,CONSUMER STAPLES
LLOYD S REGISTER D.O.O. BEOGRA,INDUSTRIALS
ELKOK AD KOSJERIC,INDUSTRIALS
AKVAPAN INZENJERING DOO VRANICI,INDUSTRIALS
GAS INVEST DOO BEOGRAD,INDUSTRIALS
LUPO FASHION DOO BEOGRAD,CONSUMER DISCRETIONARY
BALKAN PLASTICS COMPANY DOO,INDUSTRIALS
GRAMPER D.O.O.,INDUSTRIALS
TIMAC AGRO BALKANS DOO NOVI SAD,MATERIALS
MAXIM MEDIA DOO BEOGRAD,COMMUNICATIONS
UNIFIEDPOST D.O.O.,INDUSTRIALS
SUN & DUN.A.V.,INDUSTRIALS
GROUP JOVANOVIC,INDUSTRIALS
STIL D.O.O. ZRENJANIN,CONSUMER DISCRETIONARY
MIVEX LOGISTICS DOO CACAK,INDUSTRIALS
ATAK INSAAT 2020 KRUSEVAC,INDUSTRIALS
ABELA PHARM DOO BEOGRAD,HEALTH CARE
A SPORT DD,CONSUMER DISCRETIONARY
SOMBOLED AD ZA PROIZVODNJU I PRERAD,CONSUMER STAPLES
GROUP KONSING,NOT RELEVANT
GRADI-TEL DOO SARBANOVAC BOR,ENERGY
GROUP TINA 2000 DOO,CONSUMER DISCRETIONARY
BEOKOM DOO BEOGRAD,CONSUMER DISCRETIONARY
PREDUZECE ZA PROVIZVODNJU PROMET I,NOT RELEVANT
INTERNATIONAL TRADE SYSTEM DOO,HEALTH CARE
KIJEVO DOO BEOGRAD,MATERIALS
DOLEX  DOO SABAC,INDUSTRIALS
GROUP MONTING-GROUP SP,INDUSTRIALS
METALAC BOJLER,CONSUMER DISCRETIONARY
PERNOD RICARD SRBIJA DOO,CONSUMER STAPLES
GROUP GREDA,REAL ESTATE
NARUTO DOO,REAL ESTATE
DOO  FOTOS CREPAJA,CONSUMER STAPLES
BOSAL DOO ZEMUN,INDUSTRIALS
FREY SERVICES DOO BEOGRAD,INDUSTRIALS
BIOCELL HOSPITAL OPSTA BOLNICA,HEALTH CARE
KRISTINA KARAJOVIC PR MPK-ALATNICA,INDUSTRIALS
ELBRACO GROUP DOO APATIN,CONSUMER DISCRETIONARY
EGAL STEEL DOO,INDUSTRIALS
AMICUS SRB DOO BEOGRAD,HEALTH CARE
AMAN RENT A CAR DOO BEOGRAD,FINANCIALS
MD INTERNATIONAL INVEST DOO,CONSUMER DISCRETIONARY
ALFA GLASS DOO,INDUSTRIALS
FSU AD,INDUSTRIALS
LUKA BEOGRAD AD BEOGRAD,INDUSTRIALS
TRIGRANIT DOO BEOGRAD U LIKVIDACIJ,NOT RELEVANT
GROUP CETNIK,INDUSTRIALS
GUDMARK GROUP DOO SABAC PREDSTAVN,CONSUMER DISCRETIONARY
PREDSTAVNISTVO GENERAL MOTORS,CONSUMER DISCRETIONARY
QA CUBE DOO,INFORMATION TECHNOLOGY
BEORELAX D.O.O.,NOT RELEVANT
GROS DOO NOVI SAD,INDUSTRIALS
DEXY CO KIDS,CONSUMER DISCRETIONARY
BEVETTI D.O.O. NOVI SAD,CONSUMER STAPLES
PREDUZECE ZA PROIZVODNJU PURATOS DO,CONSUMER STAPLES
AUTO KUCA-KOLE DOO BEOGRAD-ZEMUN,CONSUMER DISCRETIONARY
KEJ KOMERC DOO,MATERIALS
SELECT TRANSPORT D.O.O.,INDUSTRIALS
HBT LOGISTIKA DOO ZEMUN - U LIKVID,CONSUMER STAPLES
NAJEVROPLJANIN DOO NOVI SAD,REAL ESTATE
MAJA VLAOVIC,CONSUMER STAPLES
POLITEK DOO KRAGUJEVAC,INDUSTRIALS
PHOSPHEA DANUBE D.O.O.,MATERIALS
LUKI- KOMERC DOO,CONSUMER STAPLES
BB LOGISTIC 011 BOGDANKA ,INDUSTRIALS
SJM-AGROPROM D.O.O. VALJEVO,CONSUMER STAPLES
PUTNIK AD,CONSUMER DISCRETIONARY
KOBE GROUP D.O.O. BEOGRAD,MATERIALS
JUGO LADA DOO BEOGRAD,NOT RELEVANT
INNOVA MD GROUP DOO BEOGRAD - U LI,HEALTH CARE
UNOGRADNJA V.V.  DOO BEOGRAD - U S,NOT RELEVANT
FOODY RESTORANI D.O.O.,CONSUMER DISCRETIONARY
HOTEL GOLDEN HILL DOO BEOGRAD,CONSUMER DISCRETIONARY
NEXIM DOO BEOGRAD-ZVEZDARA,CONSUMER STAPLES
N & B PROM DOO VOGANJ,ENERGY
PHOENIX PHARMA D O O,HEALTH CARE
GRAND D GRUPA FLZ DOO BEOGRAD-PALI,INDUSTRIALS
EMA DOO,CONSUMER DISCRETIONARY
BEL CAR TEAM D.O.O.,CONSUMER DISCRETIONARY
GP UNACOP DOO BEOGRAD,INDUSTRIALS
PREDUZECE UZOR EKSPORT DOO MLADENOV,MATERIALS
FRUCT COMPANY,CONSUMER STAPLES
BAST COMMERCE D.O.O.,INDUSTRIALS
DOEHLER DOO BEOGRAD,CONSUMER STAPLES
SRBOAUTO DOO BEOGRAD,CONSUMER DISCRETIONARY
CONNECTIT D.O.O.,INFORMATION TECHNOLOGY
VEGA PROPERTIES D.O.O.,INFORMATION TECHNOLOGY
LABENA DOO BEOGRAD,HEALTH CARE
DOO 9.MAJ CONOPLJA,CONSUMER STAPLES
FUTURA GREEN VAT D.O.O.,UTILITIES
KAPIJA CIGOTE D.O.O.,CONSUMER DISCRETIONARY
MB METAL PROM DOO RUMA,CONSUMER DISCRETIONARY
FORTIS POWER COMMODITIES D.O.O.,UTILITIES
AGRO CESLA DOO RUMENKA,INDUSTRIALS
TENGE D.O.O. BEOGRAD-CUKARICA,INDUSTRIALS
BIROGRAF COMP DOO BEOGRAD,INDUSTRIALS
GROUP NIMAX,CONSUMER DISCRETIONARY
AUTOLAND BGD DOO BEOGRAD,CONSUMER DISCRETIONARY
KOVIS BP DOO EXPORT-IMPORT BACKA P,INDUSTRIALS
IGEPA DEUS D.O.O.,MATERIALS
KOPRA D.O.O. BEOGRAD,INDUSTRIALS
HIPRA INZENJERING PANCEVO,INDUSTRIALS
MEGALIT DOO RASKA,INDUSTRIALS
PRIVREDNO DRUSTVO ZA,NOT RELEVANT
DOO CHEMMAX BACKA PALANKA,MATERIALS
DRINA PLASTIKA-86,CONSUMER DISCRETIONARY
EURONAPA DOO BEOGRAD - U PRINUDNOJ,CONSUMER DISCRETIONARY
INDO ZINC SMELTERS U STECAJU,NOT RELEVANT
VENTURA DOO,NOT RELEVANT
TF KABLE FKZ DOO ZAJECAR,NOT RELEVANT
PRODRES D.O.O. KRUSEVAC,INDUSTRIALS
RADERA DOO SMEDEREVSKA PALANKA   P,NOT RELEVANT
MERKUR 3M-PRES DOO POZAREVAC,CONSUMER DISCRETIONARY
SKORPION UNION DOO NOVI SAD-,CONSUMER DISCRETIONARY
EUROPAPIER DUNAV DOO BEOGRAD,MATERIALS
BAD SISTEMS DOO,INFORMATION TECHNOLOGY
DUPONT SRB DOO BEOGRAD,MATERIALS
MINT PHARM,CONSUMER STAPLES
NEW FRONTIER INNOVA D.O.O. BEOGRAD,INFORMATION TECHNOLOGY
GOODWILL PHARMA DOO SUBOTICA,HEALTH CARE
ALPINA DRINK - U STECAJU,CONSUMER STAPLES
MARMIL BETON DOO BEOGRAD,MATERIALS
AGROGLOBE DOO NOVI SAD,CONSUMER STAPLES
NORTH LINE DOO SUBOTICA,CONSUMER STAPLES
BBT AD ZITISTE,CONSUMER STAPLES
GROUP RACA,CONSUMER STAPLES
NEW MEDIA IDEAS DOO BEOGRAD,COMMUNICATIONS
GROUP ANLEK,HEALTH CARE
TANOVA DOO NIS - U LIKVIDACIJI,CONSUMER STAPLES
BENEFIT D.O.O.,CONSUMER DISCRETIONARY
CURDIC DOO,INDUSTRIALS
VALJEVO PUT  DP,INDUSTRIALS
SUBGROUP HLEB I KIFLE,CONSUMER STAPLES
ADIGE BITUMI IMPRESA SPA OGRANAK,INDUSTRIALS
ICE CREAM FACTORY DOO BEOGRAD,CONSUMER STAPLES
NOVO PLUS DOO LJUBLJANA,CONSUMER STAPLES
RADIC PR RUMA,CONSUMER STAPLES
EURO SUMMAR DOO,CONSUMER DISCRETIONARY
MARA DOO SOMBOR,CONSUMER STAPLES
MPC HOLDING DOO BEOGRAD,INDUSTRIALS
GEROVIT DOO,MATERIALS
INPHARM CO DOO,HEALTH CARE
BEO RIBARSTVO DOO,CONSUMER STAPLES
AT KASTELEC DOO BEOGRAD,INDUSTRIALS
MESSER TEHNOGAS AD BEOGRAD,MATERIALS
URBAN-TECHNICS DOO,MATERIALS
POLLINO FRUIT DOO,CONSUMER STAPLES
NOLEKO DOO,INDUSTRIALS
MAKPHARM DOO BEOGRAD,HEALTH CARE
TEHNOMEDIA CENTAR DOO ZAJECAR,CONSUMER DISCRETIONARY
"STO POSTO  DOO, BEOGRAD",CONSUMER STAPLES
KVANTEKS - U STECAJU,NOT RELEVANT
AD FABRIKA ULJA KRUSEVAC - U STECA,NOT RELEVANT
GROUP PZP NIS,INDUSTRIALS
DOO PELUS APATIN - U STECAJU,NOT RELEVANT
KONSTRUKTOR KONSALTING,INDUSTRIALS
JKP VODOVOD SREMSKA MITROVICA,UTILITIES
SMKR SASA 1,CONSUMER STAPLES
TTTECH AUTO DOO BANJA LUKA,INDUSTRIALS
INSTALATER DOO BEOGRAD,INDUSTRIALS
ARBORSPALET 2010 DOO BA¿KA PALANKA,MATERIALS
AGROKIKI D.O.O.,CONSUMER STAPLES
MITROS FLEISCHWAREN DOO,CONSUMER STAPLES
MCF MEGACOM FILMS,COMMUNICATIONS
COMING-COMPUTER ENGINEERING DOO BE,INFORMATION TECHNOLOGY
GROUP ZITOPROMETMLIN,CONSUMER STAPLES
BATA DOO,INDUSTRIALS
NAGY RET,CONSUMER STAPLES
BAYER DOO BEOGRAD,MATERIALS
MIREX DOO RUMENKA,INDUSTRIALS
DAILY EXPRESS DOO BEOGRAD,CONSUMER DISCRETIONARY
HISENSE EUROPE CUSTOMER CARE CENTA,NOT RELEVANT
TRGOVINSKO PREDUZECE SNAVEL-SRBIJAT,NOT RELEVANT
VELEFARM AD HOLDING KOMPANIJA BEOG,NOT RELEVANT
EURO PERTOL TRANS DOO,NOT RELEVANT
GROUP NIBENS,INDUSTRIALS
LUDAN ENGINEERING DOO BEOGRAD,INDUSTRIALS
C.O.D. DOO BEOGRAD,CONSUMER DISCRETIONARY
"VULE - MARKET DOO BEOGRAD, SREMCIC",CONSUMER STAPLES
COSMOPROFESSIONAL DOO BEOGRAD,CONSUMER STAPLES
STEPCON DOO,INDUSTRIALS
STRABAG BMTI,INDUSTRIALS
CHS SERBIA DOO NOVI SAD,CONSUMER STAPLES
GP GRANIT-PESCAR DOO LJIG,MATERIALS
INIZIO AUTO DOO NOVI SAD,INDUSTRIALS
PANALEX AD BEOGRAD,INDUSTRIALS
AU DR.MAX ,CONSUMER STAPLES
PAN LOGISTIC DOO,INDUSTRIALS
EJ EXCLUSIVE,CONSUMER DISCRETIONARY
PWW DEPONIJA DOO JAGODINA,INDUSTRIALS
LUKOIL SRBIJA D.O.O.  BEOGRAD,CONSUMER DISCRETIONARY
METAL-CENTAR DOO VOJKA,INDUSTRIALS
DONIC DOO VELIKA PLANA,CONSUMER DISCRETIONARY
RAIL CARGO CARRIER - SERBIA D.O.O. ,INDUSTRIALS
SOFTWAREONE D.O.O. - U LIKVIDACIJI,INFORMATION TECHNOLOGY
FERTICO DOO INDIJA,MATERIALS
MAROX DOO,NOT RELEVANT
"PREDUZECE ZA PROIZVODNJU, PROMET,",CONSUMER DISCRETIONARY
SRPSKA FABRIKA ZA RECIKLAZU,INDUSTRIALS
ALUMINUM SYSTEMS AND CONSTRUCTIONS,INDUSTRIALS
PSG BANATSKI DVOR DOO NOVI SAD,ENERGY
PRIVREDNO DRUSTVO ZA,CONSUMER STAPLES
DOO NIKOM  KRAGUJEVAC,CONSUMER DISCRETIONARY
C&R VENTURES DOO BEOGRAD,REAL ESTATE
DN & T INVESTING GROUP DOO BEOGRAD,INDUSTRIALS
DATA 011 DOO,INFORMATION TECHNOLOGY
JAVNO KOMUNALNO PREDUZECE ZA JAVNE,INDUSTRIALS
"EKUPI DOO BEOGRAD, VILINE VODE BB",CONSUMER DISCRETIONARY
PETROL DOO BEOGRAD,ENERGY
"FRUIT INTERNATIONAL DOO BEOGRAD, N",CONSUMER STAPLES
DELTA HOSPITALITY DOO BEOGRAD,CONSUMER DISCRETIONARY
BOGDANOVIC,CONSUMER STAPLES
SAT OUTSOURCING,INDUSTRIALS
INTERSPED-B DOO BEOGRAD,INDUSTRIALS
AGRO INVEST 2025 DOO SUBOTISTE,INDUSTRIALS
UZOR DOO NOVI SAD,REAL ESTATE
LOZ DOO,INDUSTRIALS
ORBIT STREEM,INDUSTRIALS
BALKAN 2001 DOO SABAC,INDUSTRIALS
CBS INTERNATIONAL DOO,REAL ESTATE
SECURITAS SERVICES DOO,INDUSTRIALS
NIS A.D. NOVI SAD,ENERGY
ADVISE INSTITUTE DOO,INDUSTRIALS
ZANA DURIC PR MRVICA ARILJE,CONSUMER STAPLES
FLEXOPACK TRADE AND SERVICES DOO,MATERIALS
VISOKA STRUKOVNA SKOLA - INTERNACI,CONSUMER DISCRETIONARY
BOBAN COMERC DOO,CONSUMER STAPLES
HALO OGLASI DOO BEOGRAD,COMMUNICATIONS
"KOSANICA DOO, NIS",INDUSTRIALS
RUMA - U STECAJU,CONSUMER DISCRETIONARY
BEGRAM SERVIS DOO,INFORMATION TECHNOLOGY
IRADIA DOO SREMSKA KAMENICA,CONSUMER STAPLES
ROLYPOLY DOO CACAK U STECAJU,NOT RELEVANT
HONEYWELL DOO BEOGRAD,NOT RELEVANT
GROUP DIRECT GROUP HOLDING,CONSUMER STAPLES
AGROGRNJA DOO PIVNICE,CONSUMER STAPLES
EXTRA - AUTOTRANSPORT DOO,INDUSTRIALS
MULTICATERING D.O.O. BEOGRAD,INDUSTRIALS
REDOM  DOO SMEDEREVO,REAL ESTATE
C.I.A.K. DOO NOVI SAD,CONSUMER DISCRETIONARY
JKP BEOGRADSKI VODOVOD I KANALIZAC,UTILITIES
ORANGE PLUS DOO KISELJAK,CONSUMER STAPLES
DELTA DMD D.O.O.,CONSUMER STAPLES
PROGRES DOO NOVI SAD,CONSUMER STAPLES
MELOVIC GRADNJA DOO,INDUSTRIALS
AGROHEM - U STECAJU,NOT RELEVANT
FUTURA PLUS DOO,CONSUMER STAPLES
NOVART DOO KRAGUJEVAC,CONSUMER DISCRETIONARY
SOFEX DOO NOVI SAD,CONSUMER DISCRETIONARY
EUROPAMONT DOO NOVI SAD,CONSUMER STAPLES
INOS - BALKAN DOO VALJEVO,NOT RELEVANT
SUNCE DOO BEOGRAD-ZEMUN,NOT RELEVANT
VECTOR MANAGEMENT INTERNATIONAL,NOT RELEVANT
REGIONALNA PRIVREDNA KOMORA KRUSEV,INDUSTRIALS
TANKMONT DOO BEOGRAD,INDUSTRIALS
PIZZA BAR DOO BEOGRAD,CONSUMER DISCRETIONARY
M.M.M. - METKOMERC VODICE,INDUSTRIALS
COMMERCIAL DEVELOPMENTS DOO BEOGRA,REAL ESTATE
STAR IMPORT D.O.O.,CONSUMER DISCRETIONARY
ALPLA DOO BEOGRAD,MATERIALS
GOSA FSV DOO,INDUSTRIALS
FRESKO EXPORT IMPORT DOO,CONSUMER STAPLES
"DOO UNITEHNA KRUSEVAC, VELIKO GOLO",INDUSTRIALS
NANDOR (ISTVAN) VERES,CONSUMER STAPLES
RP COMPANY DOO NOVI SAD,CONSUMER STAPLES
PTP ROYAL-TRADE DOO KIKINDA,CONSUMER STAPLES
BEL CAR DOO NOVI SAD,CONSUMER DISCRETIONARY
ERAKOVIC DOO  KULA,CONSUMER STAPLES
VRACAR SISTEM DOO,NOT RELEVANT
BEZDAN DOO BEZDAN,NOT RELEVANT
KOPEX MIN-FITIP AD NIS - U LIKVIDA,INDUSTRIALS
PAKOM - U STECAJU,INFORMATION TECHNOLOGY
KOLAREVIC DOO POJATE,CONSUMER DISCRETIONARY
KOTEKS DOO,CONSUMER STAPLES
GROUP GP AUTO SHOP,CONSUMER DISCRETIONARY
FENIKS-FOCUS D.O.O.,NOT RELEVANT
MILAN BLAGOJEVIC A.D.SMEDEREVO,NOT RELEVANT
KREATIVA UNLIMITED DOO BEOGRAD,CONSUMER DISCRETIONARY
GORENJE STUDIO DOO BEOGRAD,CONSUMER DISCRETIONARY
"DIOPTA DOO BEOGRAD,UMKA",CONSUMER DISCRETIONARY
AVGERINOS DOO SUBOTICA,CONSUMER STAPLES
SMART MEDIA PRODUCTION DOO - U LIK,COMMUNICATIONS
LAGUNA DOO BEOGRAD,COMMUNICATIONS
IC CONSULENTEN DOO BEOGRAD,INDUSTRIALS
SZR NATRON 2002 VUKOVIC VESNA PR R,MATERIALS
ZZ AGROPROM STARA PAZOVA,CONSUMER STAPLES
ELITA-COP DOO BEOGRAD-ZEMUN,INDUSTRIALS
PRO-LOG SR DOO,INDUSTRIALS
PIONIR DOO BEOGRAD,CONSUMER STAPLES
MAT-REAL ESTATE D.O.O,REAL ESTATE
IQVIA RDS,HEALTH CARE
STUDIO SOUND LUXURY,CONSUMER DISCRETIONARY
CETNIK D.O.O. VALJEVO,INDUSTRIALS
CVRCAK DOO,INDUSTRIALS
VELEPRODAJNI CENTAR DOO,NOT RELEVANT
PFI DOO ZEMUN,CONSUMER STAPLES
KIA AUTO DOO BEOGRAD,CONSUMER DISCRETIONARY
PB NITOM DOO NIS,CONSUMER DISCRETIONARY
FRATELLO TRADE DOO,CONSUMER STAPLES
MOBILNI MARKET DOO,INFORMATION TECHNOLOGY
I&F GRUPA DOO,COMMUNICATIONS
GOSA  KOMERC DOO VRANJE,INDUSTRIALS
INTERNATIONAL ALEXANDER D.O.O. NOV,INDUSTRIALS
IN TIME EXPRESS DOO BEOGRAD,INDUSTRIALS
STDCOIL DOO,INDUSTRIALS
SIRMIUMBUS D.O.O.,INDUSTRIALS
EUROIMPEX AUTOGROUP D.O.O. BEOGRAD,CONSUMER DISCRETIONARY
DOO JGP PETROVIC OTPAD OTPAD,INDUSTRIALS
SVETI NIKOLA DOO SECANJ,CONSUMER STAPLES
MEDIPORT DOO BEOGRAD,HEALTH CARE
ZLATIBORAC DOO BEOGRAD,CONSUMER STAPLES
DOO VASOVIC CACAK,CONSUMER STAPLES
NC SERVICES,INDUSTRIALS
INBERG DOO BEOGRAD,CONSUMER STAPLES
SYNGENTA AGRO DOO BEOGRAD,CONSUMER STAPLES
TALIJA LAB MANJA MITROVIC PR,HEALTH CARE
"NEW MOMENT NEW IDEAS COMPANY DOO,",COMMUNICATIONS
KEMOIMPEX AD,REAL ESTATE
TUPLEX SRB DOO,MATERIALS
PREDUZECE ZA INTEGRALNE MARKETING K,NOT RELEVANT
VOPACHEL DOO,MATERIALS
NORAD SMB DOO,NOT RELEVANT
PARK PRIRODE MOKRA GORA DOO,CONSUMER DISCRETIONARY
ZASTAVA AUTOMOBILI AD KRAGUJEVAC -,NOT RELEVANT
VULIC & VULIC D.O.O.,NOT RELEVANT
ZADRUGA MRKSICEVI SALASI,CONSUMER STAPLES
ALBIRO D.O.O. - U LIKVIDACIJI,CONSUMER DISCRETIONARY
RADULOVIC AUTOMOBILI DOO,CONSUMER DISCRETIONARY
AGROZIV AD,CONSUMER STAPLES
ORBITA RENT A CAR DOO,CONSUMER DISCRETIONARY
JKP DUBOKO UzICE ,INDUSTRIALS
UNIVEREXPORT DOO NOVI SAD,CONSUMER STAPLES
SBM EUROTRADE TRGOVINA DOO,CONSUMER DISCRETIONARY
DOO MINI PANI,CONSUMER STAPLES
COMUTEL DOO BEOGRAD,INFORMATION TECHNOLOGY
AVICOMP D.O.O. BEOGRAD,INDUSTRIALS
REPRO MARKET DOO BEOGRAD,INFORMATION TECHNOLOGY
METALAC MARKET,CONSUMER DISCRETIONARY
CENTRAL-H D.O.O.,INDUSTRIALS
FLYING CARGO YU DOO BEOGRAD - ZEMU,INDUSTRIALS
ITALIAN DESIGN CENTER DOO BEOGRAD,CONSUMER DISCRETIONARY
ENERGOGLOBAL DOO FUTOG,INDUSTRIALS
VLADEX DOO VELIKA DRENOVA,INDUSTRIALS
Z.A.FRUIT VALJEVO,CONSUMER STAPLES
MARKO-MEAT DOO BEOGRAD,CONSUMER STAPLES
MITUS D.O.O.,INDUSTRIALS
LOGISTICKI CENTAR TRANSPORTSPED DO,INDUSTRIALS
FARMACIJA KORP.INTERNACIONAL DOO,HEALTH CARE
ZASTAVA PROMET D.O.O.BGD,NOT RELEVANT
JKP NAISSUS NIS,UTILITIES
ELEKTROVODOMONT DOO KONAREVO,NOT RELEVANT
GROUP C.O.D. ,CONSUMER DISCRETIONARY
ECOFORM DOO BEOGRAD,NOT RELEVANT
SEME PRODUKT AD CACAK PREDUZECE ZA,CONSUMER STAPLES
DELIGHT AAS DOO,INDUSTRIALS
KOPOVI AD,MATERIALS
TEGO-TRANS DOO NOVI BEOGRAD,INDUSTRIALS
BLOKMI INVEST D.O.O. BEOGRAD,INDUSTRIALS
PREDUZECE ZA TRGOVINU I USLUGE ANLE,HEALTH CARE
APOTEKARSKA USTANOVA SOPHARMACY NO,CONSUMER STAPLES
SANDVIK SRBIJA DOO,INDUSTRIALS
DMA KOPING DOO BEOGRAD,INDUSTRIALS
DOBERGARD PLUS D.O.O. BEOGRAD,INDUSTRIALS
NES COMMUNICATIONS DOO BEOGRAD,INDUSTRIALS
HEKTOR SISTEM DOO,CONSUMER STAPLES
NS UNION TEHNIKA DOO NOVI SAD,INDUSTRIALS
TERMO PLUS DOO BARAJEVO,INDUSTRIALS
PROVENTUSS DOO BEOGRAD - U PRINUDN,NOT RELEVANT
RES TRADE DOO NOVI SAD,INDUSTRIALS
DZAVIC DOO BOGATIC,NOT RELEVANT
BEOTELNET-ISP DOO BEOGRAD,INFORMATION TECHNOLOGY
BLACK FLY LINE D.O.O.,INDUSTRIALS
GRADIENT DOO BEOGRAD,MATERIALS
JUST IN CASE,CONSUMER DISCRETIONARY
TRANS-JUG DOO OBRENOVAC,INDUSTRIALS
SC TASMAJDAN BEOGRAD,CONSUMER DISCRETIONARY
KNEZEV GROUP D.O.O. BECEJ,CONSUMER DISCRETIONARY
PREDSTAVNISTVO ALLIED TELESIS,INFORMATION TECHNOLOGY
LIFT & CARRY DOO,INDUSTRIALS
KDD AUTO D.O.O. BEOGRAD,CONSUMER DISCRETIONARY
PORTEST GROUP DOO BEOGRAD,INDUSTRIALS
GRUNER SERBIAN DOO VLASOTINCE,CONSUMER DISCRETIONARY
CAR RENTAL DOO NOVI BEOGRAD,INDUSTRIALS
SLO-DEL,CONSUMER DISCRETIONARY
UNIPOS DOO MAJUR,INFORMATION TECHNOLOGY
GROUP MEDIUS,CONSUMER STAPLES
EAST GRAIN D.O.O.,CONSUMER STAPLES
EMERALD HILL D.O.O.,INDUSTRIALS
IPSOS STRATEGIC MARKETING DOO BEOG,COMMUNICATIONS
GROUP PRIMAR,INDUSTRIALS
MY MORE DOO BEOGRD,INDUSTRIALS
UTC EUROPAK DOO,CONSUMER STAPLES
DELOITTE D.O.O. BEOGRAD,INDUSTRIALS
LIDER-PRO DOO,ENERGY
"DRUSTVO ZA INZENJERING,",INDUSTRIALS
CORNER KIOSK D.O.O. NOVI SAD,CONSUMER STAPLES
TOPOLA-COMMERCE DOO SENTA,CONSUMER STAPLES
JUGO MONT DOO NOVI SAD,INDUSTRIALS
"PATRIMONS D.O.O.,BEOGRAD",NOT RELEVANT
WEIFERT STR VLADAN KRCADINAC PR PA,CONSUMER STAPLES
NOVOMETAL DOO NOVI SAD,MATERIALS
NBK DOO NOVA PAZOVA,CONSUMER DISCRETIONARY
EURONET SERVICES DOO,INDUSTRIALS
SILA DOO STARA MORAVICA,INDUSTRIALS
"PIONIRSPED ATP K.D. C.GUZVICA,M.BOJ",INDUSTRIALS
PRIMAR TIM INZENJERING D.O.O.,INDUSTRIALS
BMK NOVA TRGOVINA DOO BEOGRAD,CONSUMER STAPLES
MIKROE DOO BEOGRAD,INFORMATION TECHNOLOGY
WSL REFRIGERATION DOO,INDUSTRIALS
ELLOPAK TEM DOO,CONSUMER STAPLES
JUGOTEX DOO SMEDEREVO,CONSUMER DISCRETIONARY
KSS,INDUSTRIALS
BG ELEKTRONIK DOO BEOGRAD,CONSUMER DISCRETIONARY
MASTER FRUITS D.O.O. BEOGRAD,CONSUMER STAPLES
BIO SAVE D.O.O. BEOGRAD,HEALTH CARE
EGLO RASVETA DOO BEOGRAD,CONSUMER DISCRETIONARY
ALFA RS DOO LIPOLIST,NOT RELEVANT
TINA 2000 DOO SABAC - U STECAJU,CONSUMER DISCRETIONARY
VULKAN GUME,MATERIALS
MEDOPRODUKT DOO TAVANKUT,NOT RELEVANT
GDC SERVICES AND SOLUTIONS D.O.O.,INFORMATION TECHNOLOGY
ATOM PARTNER DOO BEOGRAD,INFORMATION TECHNOLOGY
GENEZA DOO,CONSUMER STAPLES
CT RETAIL - U STECAJU,CONSUMER DISCRETIONARY
MK LOGISTIKA D.O.O. NOVI SAD,INDUSTRIALS
SMURFIT KAPPA DOO,MATERIALS
JULIUS MEINL DOO BEOGRAD,CONSUMER STAPLES
EE WASTE GROUP DOO,INDUSTRIALS
FLEUNERRA DOO SABAC,CONSUMER STAPLES
M-ONE E-COMM DOO,INDUSTRIALS
AUTO CACAK KOMERC D.O.O. CACAK,CONSUMER DISCRETIONARY
TPA ZA OBEZBEDENJE KVALITETA I INO,INDUSTRIALS
GROUP STEVAN STILL,CONSUMER STAPLES
GROUP AGENT PLUS,INDUSTRIALS
"KOMPANIJA KTITOR DOO BEOGRAD, ZEMU",INDUSTRIALS
KEMOIMPEX AUTO DOO,CONSUMER DISCRETIONARY
DE HEUS DOO,CONSUMER STAPLES
PERIC TRANS COMPANY DOO BEOGRAD,INDUSTRIALS
EM COMMERCE DOO,CONSUMER DISCRETIONARY
EURO-CORP GROUP DOO SENTA,CONSUMER STAPLES
SAM-SON COMPANY DOO,CONSUMER DISCRETIONARY
GP AUTO-SHOP DOO MEDVEDA - U STECA,CONSUMER DISCRETIONARY
GROUP AGROZIV,NOT RELEVANT
JABLANICA A.D.,NOT RELEVANT
AMC DIVISION DOO - U PRINUDNOJ LIK,CONSUMER DISCRETIONARY
DISTRI PRESS DOO BEOGRAD,NOT RELEVANT
WOOD MASTER DOO VALJEVO,INDUSTRIALS
ZAPADNA BAEKA D.P.,UTILITIES
GROUP IBIS-PETROL,NOT RELEVANT
IBC NANOTEX SRB DOO,CONSUMER DISCRETIONARY
RAMADA STR PETROV DUSAN PR ZRENJAN,CONSUMER STAPLES
TEHNIKA HIDRAULIKE ST DOO BEOGRAD,INDUSTRIALS
PODUNAVLJE A.D. CELAREVO,CONSUMER STAPLES
AUTOTRANSPORT DP KRALJEVO,INDUSTRIALS
PRICA CATERING,INDUSTRIALS
PREDUZECE SENTA  ,UTILITIES
AUTO KUCA KOMPRESOR PRODAJA AUTOMOB,CONSUMER DISCRETIONARY
METEOR-JORGE GROUP,CONSUMER DISCRETIONARY
KHS DOO BEOGRAD,CONSUMER DISCRETIONARY
MARK INVESTMENT D.O.O.,INDUSTRIALS
TANDEM DOO,CONSUMER DISCRETIONARY
INDAS AUTOMATION DOO,INFORMATION TECHNOLOGY
METRO CASH & CARRY DOO BEOGRAD,CONSUMER STAPLES
ATLAS  DOO  SEVOJNO,CONSUMER DISCRETIONARY
RAJNA RADIC PR GYMNASIUM,CONSUMER DISCRETIONARY
DEUS PORT DOO BEOGRAD,REAL ESTATE
ALIPLAST ALUMINIUM SYSTEMS D.O.O.,INDUSTRIALS
VICTORY ELECTRIC,INDUSTRIALS
DOO POLET PARACIN,INDUSTRIALS
KIBID DOO,CONSUMER STAPLES
AB CONSTRUCT TEAM DOO BEOGRAD,INDUSTRIALS
KRYOGAS DOO BEOGRAD,CONSUMER DISCRETIONARY
GROUP SLOBODAN RADUN,CONSUMER STAPLES
CONTANGO DOO-BEOGRAD,MATERIALS
DOO SVET MEDIA BEOGRAD,CONSUMER DISCRETIONARY
MOPEX-TEKUCE ODRZAVANJE DOO BEOGRA,INDUSTRIALS
REAL ESTATE RENT 4 DOO BEOGRAD,REAL ESTATE
L OREAL BALKAN DOO BEOGRAD,CONSUMER STAPLES
DSV ROAD DOO,INDUSTRIALS
DVORANA DOMA SINDIKATA DOO BEOGRAD,COMMUNICATIONS
PAPIRPRINT,INDUSTRIALS
DOO AGROUNIJA INDIJA,CONSUMER STAPLES
MING D.O.O.  BEOGRAD,INDUSTRIALS
DP LUX DISTRIBUTION D.O.O.,CONSUMER DISCRETIONARY
PROTEHEL DOO BEOGRAD,INDUSTRIALS
MPZ-AGRAR D.O.O.,CONSUMER STAPLES
MASTER FRIGO D.O.O.,INDUSTRIALS
NESA PETROL DOO TOPOLA,CONSUMER DISCRETIONARY
NAVITAS DOO BEOGRAD,INDUSTRIALS
BILJNI LEKAR DOO VELIKO GRADISTE,MATERIALS
FCA SRBIJA,CONSUMER DISCRETIONARY
NOVI PAZAR-PUT,INDUSTRIALS
DOO FARM COMMERC CANTAVIR,NOT RELEVANT
ALBUS AD NOVI SAD,NOT RELEVANT
PEPCO D.O.O.,CONSUMER DISCRETIONARY
ACCENTURE SERVICES DOO,INDUSTRIALS
TERMOVENT DOO UZICE,INDUSTRIALS
FCC EKO DOO BEOGRAD,INDUSTRIALS
KIM-TEC DOO BEOGRAD,INFORMATION TECHNOLOGY
MV-SISTEM CO. DOO BEOGRAD,CONSUMER STAPLES
FORMA IDEALE DOO KRAGUJEVAC,CONSUMER DISCRETIONARY
PZP KRAGUJEVAC DOO,INDUSTRIALS
ROTOMETAL ALATI D.O.O. BEOGRAD,INDUSTRIALS
MAC S MEDICAL SEE. DOO VRSAC,HEALTH CARE
AUTOKOMERC D.O.O.,CONSUMER DISCRETIONARY
MIR INZENJERING DOO BEOGRAD - U ST,INDUSTRIALS
DOO VITOROG-PROMET NOVI SAD,CONSUMER DISCRETIONARY
TEHO-INN,FINANCIALS
ENERGOPROJEKT-INDUSTRIJA AD,INDUSTRIALS
SKF COMMERCE DOO BEOGRAD,INDUSTRIALS
BIO PANON D.O.O.,CONSUMER STAPLES
NDC DOO BEOGRAD,INDUSTRIALS
KONSTRUKTOR OPREMA DOO,INDUSTRIALS
VANEX DOO BEOGRAD,MATERIALS
MASUT-PROMET DOO PROKUPLJE,CONSUMER STAPLES
NISSAL INZENJERING DOO BEOGRAD (VO,MATERIALS
GROUP ALMEX,CONSUMER STAPLES
DRAGICEVIC DOO BEOGRAD BARIC,INDUSTRIALS
PLATTNER DOO BACKA PALANKA,INDUSTRIALS
DOO STATOVAC-KOMERC LESKOVAC,CONSUMER DISCRETIONARY
DRENINVEST DOO BEOGRAD,CONSUMER STAPLES
METALFER STEEL MILL DOO SR MITROVIC,INDUSTRIALS
AIGO BS DOO BEOGRAD,INFORMATION TECHNOLOGY
SUPERMARKETI AS DOO,CONSUMER STAPLES
K&K ELECTRONICS DOO BEOGRAD - U ST,NOT RELEVANT
KRKA-FARMA DOO BEOGRAD,HEALTH CARE
EURO STYRO THERM DOO,MATERIALS
PREDUZECE ZA SPOLJNU I UNUTRASNJU T,CONSUMER DISCRETIONARY
AGRO RAVANGRAD DOO SOMBOR,CONSUMER STAPLES
MOJ KIOSK GROUP DOO,CONSUMER STAPLES
AGROMIN DOO RUMENKA,CONSUMER STAPLES
BOTUNJAC FRIGO D.O.O. VARVARIN,INDUSTRIALS
VODOPRIVREDA DP,INDUSTRIALS
REGINA (FRANJO) HOLO,CONSUMER STAPLES
SAGA DOO BEOGRAD,INFORMATION TECHNOLOGY
DAREX DOO NOVI SAD,CONSUMER STAPLES
PETRUZALEK DOO BEOGRAD,INDUSTRIALS
VIZIM SUPPORT OFFICE DOO BEOGRAD,INDUSTRIALS
ALFA COLOR DOO KRAGUJEVAC,INDUSTRIALS
ELEKTROMETAL PLUS DOO BEOGRAD,INDUSTRIALS
G4S SECURE SOLUTIONS DOO BEOGRAD,INDUSTRIALS
TRANSLOG SISTEM DOO,CONSUMER DISCRETIONARY
BLUE STORE DOO BEOGRAD,CONSUMER DISCRETIONARY
PREDUZECE PUBLIKUM DOO,INDUSTRIALS
KARIN INVEST DOO NOVI SAD,REAL ESTATE
DRUSTVO ZA PROIZVODNJU ULJA,ENERGY
COMPANY SU AZOTARA DOO SUBOTICA,CONSUMER STAPLES
APS AVIATION PARTS SERVICE DOO BEO,INDUSTRIALS
VALTEC DOO BEOGRAD-VRACAR,ENERGY
FASEK DOO NOVI SAD,INDUSTRIALS
DISTRIBUTION SOLUTION DOO PANC,CONSUMER STAPLES
BANINI TRADE DOO KIKINDA - U STECA,CONSUMER STAPLES
AUDAX D.O.O.,NOT RELEVANT
BARKEL DOO CANTAVIR,CONSUMER STAPLES
SECUT ONE DOO,INDUSTRIALS
JP VODOKANAL BECEJ      ,UTILITIES
BOFFETTI BALCAN DOO,INDUSTRIALS
WE SHARE SPACE DOO BEOGRAD,REAL ESTATE
ALGORITAM DOO,INFORMATION TECHNOLOGY
NOVAMAT,INDUSTRIALS
VGP INDUSTRIAL DEVELOPMENT D.O.O.,REAL ESTATE
SERBIAN ROLL SERVICE COMPANY DOO,MATERIALS
VANAS DOO BEOGRAD,INDUSTRIALS
SN-TRADE DOO NOVI SAD,INDUSTRIALS
STEVAN (MILIVOJ) BELJANSKI,CONSUMER STAPLES
ALFANOVA DOO,CONSUMER STAPLES
NOKIA SOLUTIONS AND NETWORKS SERBIA,INFORMATION TECHNOLOGY
HEKTAR DOO DOROSLOVO,CONSUMER STAPLES
GP 5D DOO PANEVLJE VRANJE,INDUSTRIALS
RATKO MITROVIC-STANDARD DOO,NOT RELEVANT
COPEX D.O.O.,CONSUMER STAPLES
DNEVNIK VOJVODINA PRESS D.O.O. NOV,CONSUMER DISCRETIONARY
KONSTRUKTOR GRADNJA DOO BEOGRAD,NOT RELEVANT
CIRA DOO MIONICA,MATERIALS
DADI-CAFE PASCALIN DOO BEOGRAD,CONSUMER STAPLES
DOO ZENIT PRIJEPOLJE,CONSUMER STAPLES
DIV LEK D.O.O. BEOGRAD,HEALTH CARE
BUBIC DOO STARI BANOVCI,INDUSTRIALS
DZ ACIBADEM BEL MEDIC SLAVIJA,HEALTH CARE
TIM 99 DOO BEOGRAD,CONSUMER STAPLES
SECURITY SHOP DOO BEOGRAD,INDUSTRIALS
ARUP DOO BEOGRAD (SAVSKI VENAC),INDUSTRIALS
SUBGROUP NELT,CONSUMER STAPLES
AKRIS DOO CANTAVIR,CONSUMER STAPLES
COPTECH DOO BEOGRAD,INDUSTRIALS
ARPAD TOT PREDUZETNIK T 1 ADA,INDUSTRIALS
PREDUZECE HIDRO-BAZA DOO BEOGRAD,INDUSTRIALS
RECIKLAZNI CENTAR M.M.L. DOO,INDUSTRIALS
TOPACO DOO BEOGRAD,CONSUMER DISCRETIONARY
BARRY CALLEBAUT SOUTH EAST EUROPE,CONSUMER STAPLES
Adria Serbia Holdco B.V.,COMMUNICATIONS
NIS-EKSPRES DOO NIS ?AMURLIJA,INDUSTRIALS
GUMA-PROMET D.O.O.VALJEVO,CONSUMER DISCRETIONARY
PREDUZECE WINNERS COMPANY DOO DUBO,CONSUMER STAPLES
TIM TRADE DOO,MATERIALS
SAGA INVEST DOO BEOGRAD,REAL ESTATE
GROUP DMB PROMET,INDUSTRIALS
GROUP BEOKOM,CONSUMER DISCRETIONARY
TERMOPORD DOO BEOGRAD,INDUSTRIALS
VP   DIMA DOO VELIKA PLANA,CONSUMER STAPLES
KALDERA COMPANY,INDUSTRIALS
SUBGROUP MKG AGRINVESTMENT,CONSUMER STAPLES
SYMETRIA DOO,REAL ESTATE
PIA S DOO BEOGRAD,CONSUMER DISCRETIONARY
MORAVA GAS DOO MORAVCI,CONSUMER DISCRETIONARY
NUTRIAL DOO VRSAC,CONSUMER STAPLES
ZITOBANAT D.O.O. VRSAC,CONSUMER STAPLES
NINI-S 2012 DOO,CONSUMER STAPLES
BEOLIK,INFORMATION TECHNOLOGY
TEHNOEXPORT DOO INDIJA,INDUSTRIALS
DERDAP TURIST D.O.O. KLADOVO,CONSUMER DISCRETIONARY
FRUCT LOGISTIC DOO,INDUSTRIALS
DELTA FEED D.O.O.,CONSUMER STAPLES
AIRPORT CITY DOO BEOGRAD,REAL ESTATE
DRUSTVO SA OGRANICENOM ODGOVORNOSC,CONSUMER STAPLES
JKP GORICA NIS,INDUSTRIALS
EVERGREEN FOR DEVELOPMENT B.V. OGRA,INDUSTRIALS
GENERAL-AUTO DOO NOVI SAD - U STEC,CONSUMER DISCRETIONARY
GRAND LINE DOO - U STECAJU,INDUSTRIALS
EKI PAY DOO,FINANCIALS
NASA SKOLA AD OBRENOVAC,INDUSTRIALS
AQUARIS DOO BEOGRAD - U PRINUDNOJ,CONSUMER STAPLES
TP VUCIJAK DOO UB,INDUSTRIALS
UNIFARM-MEDICOM DOO BEOGRAD,HEALTH CARE
NEW LOG DOO - U STECAJU,INDUSTRIALS
GRUNDFOS SRBIJA DOO,INDUSTRIALS
DELHAIZE SERBIA DOO BEOGRAD,CONSUMER STAPLES
I - CARGO INC SREMSKA MITROVICA,INDUSTRIALS
PVC PROFIL CENTAR PRISLONICA DOO,INDUSTRIALS
ROCHE D.O.O.,HEALTH CARE
"MILENKOVIC DOO BEOGRAD, OBRENOVAC",INDUSTRIALS
EKSPLOZIVI RUDEX D.O.O. BEOGRA,INDUSTRIALS
HIDROOPREMA DOO SABAC,INDUSTRIALS
BM TRGOVINA DOO PARACIN,CONSUMER STAPLES
MIRARO DOO BEOGRAD,INDUSTRIALS
AMETEK,INDUSTRIALS
TERI ENGINEERING DOO BEOGRAD,INFORMATION TECHNOLOGY
ELEKTRO ENERGY DOO BEOGRAD,INDUSTRIALS
DANONE ADRIATIC DOO BEOGRAD - U LI,CONSUMER STAPLES
PREDUZECE NIJANSA DOO NIS,MATERIALS
RUBIN AD KRUSEVAC,NOT RELEVANT
MG PROMET DOO NOVI SAD,CONSUMER STAPLES
BUDUCNOST AD NOVI SAD,INDUSTRIALS
MENTA D.O.O.U STECAJU CACAK,NOT RELEVANT
BASTA-PROMET DOO NOVI SAD,CONSUMER STAPLES
"INSERT DOO, RUMA",CONSUMER DISCRETIONARY
GROUP VEGA IT SOURCING,INFORMATION TECHNOLOGY
PLAMEN DOO,INDUSTRIALS
MORAVACEM,MATERIALS
HUAWEI TECHNOLOGIES DOO BEOGRAD,INFORMATION TECHNOLOGY
DATA STATUS,COMMUNICATIONS
ECO RUBBER DOO,INDUSTRIALS
LIST COMPUTERS DOO BEOGRAD,CONSUMER DISCRETIONARY
group karin invest,INDUSTRIALS
ACETIK DOO BEOGRAD,INDUSTRIALS
MYCOM BALKAN DOO,INDUSTRIALS
NELT PROPERTIES D.O.O.,CONSUMER STAPLES
GROUP PROTON SYSTEM,HEALTH CARE
BMS CHEMIE DOO BEOGRAD,MATERIALS
GREINER RECYCLING DOO NOVA GAJDOBRA,INDUSTRIALS
GROUP MINOTTi,CONSUMER DISCRETIONARY
SGS BEOGRAD DOO BEOGRAD,INDUSTRIALS
TRIFEKS DOO BEOGRAD,INDUSTRIALS
ERS PALACE DOO,REAL ESTATE
METALSKA INDUSTRIJA VARAZDIN-TRADE,INDUSTRIALS
PROSTOR JKP SOMBOR,REAL ESTATE
FORMAPHARM ENGINEERING GROUP DOO,INDUSTRIALS
JP PUTEVI SRBIJE,INDUSTRIALS
DOBRAVAC - U STECAJU,NOT RELEVANT
HRANA PRODUKT DOO,CONSUMER STAPLES
AD PD JEDINSTVO ZABALJ - U LIKVIDA,NOT RELEVANT
GRADSKA TOPLANA PIROT,UTILITIES
PIK-BECEJ DOO BECEJ,CONSUMER STAPLES
ANDEX DOO SUBOTICA,REAL ESTATE
ALL CONTROL D.O.O.,INDUSTRIALS
BRETHIL WOOD,MATERIALS
SPAJIC DOO NEGOTIN,INDUSTRIALS
`OCULUS` BEOGRAD,HEALTH CARE
PROMANDS DOO,CONSUMER STAPLES
ADDUCO TRADING D.O.O.,ENERGY
SIMIL SZR ILIC MIROSLAV PREDUZETNI,CONSUMER DISCRETIONARY
GANGYUAN CO.,MATERIALS
TEKIJANKA DOO TEKIJA,CONSUMER STAPLES
PREDUZECE STOJIC ELEKTRIK DOO CACA,INDUSTRIALS
ORIFLAME KOZMETIKA DOO BEOGRAD,CONSUMER STAPLES
HENKEL SRBIJA DOO BEOGRAD,CONSUMER STAPLES
OSNOVA-PROJEKT AD BEOGRAD,INDUSTRIALS
DEUS BUSINESS GROUP DOO BEOGRAD,MATERIALS
MILSPED DOO BEOGRAD,INDUSTRIALS
ELIXIR NATURA DOO SABAC,CONSUMER STAPLES
RASCO-TAMP DOO SENTA,INDUSTRIALS
GALERIJA PODOVA DOO,CONSUMER DISCRETIONARY
SUBGROUP LILLY DROGERIE,CONSUMER STAPLES
DELTA-MATIC DOO NIS - U STECAJU,NOT RELEVANT
GENEL SIGURNE VEZE DOO NOVI SAD,CONSUMER DISCRETIONARY
AGENCIJA COLOR MEDIA D.O.O.,CONSUMER DISCRETIONARY
INSPIRION DOO - U LIKVIDACIJI,CONSUMER DISCRETIONARY
VLATACOM INSTITUT DOO BEOGRAD,INDUSTRIALS
IRVA DOO BEOGRAD,NOT RELEVANT
GRADJEVINSKO PREDUZECE NEIMAR DOO,INDUSTRIALS
NP PANIC TRADE DOO,CONSUMER STAPLES
TOPLICAGRADNJA,INDUSTRIALS
KASTRUM DOO PETROVAC NA MLAVI,CONSUMER STAPLES
DOO BIO FISH APATIN,CONSUMER STAPLES
MONTPROJEKT DOO BEOGRAD,INDUSTRIALS
KEY4S DOO,INDUSTRIALS
DOO TIM BANATSKI KARLOVAC,MATERIALS
FKL D.O.O.,INDUSTRIALS
VODOPRIVREDNO PREDUZECE,INDUSTRIALS
PUTEVI DOO IVANJICA,INDUSTRIALS
RPT TRADE DOO BACKA PALANKA,INDUSTRIALS
APOTEKARSKA USTANOVA LEKOFARMA  SA,CONSUMER STAPLES
TPV SUMADIJA DOO KRAGUJEVAC,CONSUMER DISCRETIONARY
IMPULS-HEMIJA D.O.O. NOVI SAD,CONSUMER STAPLES
MAGNA FIT DOO,CONSUMER DISCRETIONARY
GROUP POLET,INDUSTRIALS
SUBGROUP ASA SERBIA,INDUSTRIALS
subgroup atb,INDUSTRIALS
KAPPA STAR RECYCLING DOO UMKA,INDUSTRIALS
GALEB METAL PACK DOO SABAC,MATERIALS
SINFONIKA - U STECAJU,NOT RELEVANT
NERA DOO NEGOTIN   - U PRINUDNOJ L,CONSUMER DISCRETIONARY
GALENIKA-FITOFARMACIJA AD BEOGRAD,MATERIALS
MB 100 - U STECAJU,CONSUMER DISCRETIONARY
MERKUR-INTERNATIONAL D.O.O. BEOGRA,CONSUMER DISCRETIONARY
DOO AGRODINAMIKA SIRIG,CONSUMER STAPLES
EURO MOTUS DOO BEOGRAD,ENERGY
MOTOSPEED DOO BEOGRAD,MATERIALS
KROKUS DOO GOLOBOK,INDUSTRIALS
GROUP KIT COMMERCE,CONSUMER DISCRETIONARY
3S INVEST DOO NIS,HEALTH CARE
COTEXSA D.O.O.,CONSUMER DISCRETIONARY
PALFINGER PROIZVODNJA,INDUSTRIALS
S-NINE TRADE,CONSUMER STAPLES
EUROGUMA-BBS DOO BEOGRAD - U STECA,CONSUMER DISCRETIONARY
IVERPAN D.O.O.,CONSUMER DISCRETIONARY
SAGA DRVO DOO BEOGRAD,MATERIALS
KLUZ-TISA AD,NOT RELEVANT
JUGO-IMPEX DOO NIS,MATERIALS
GROUP A-GRUPA,NOT RELEVANT
INDUSTRIJA GRADJEVINSKOG MATERIJALA,MATERIALS
HECK DOO NOVI SAD,INDUSTRIALS
GROUP PIP ,CONSUMER STAPLES
UGS PRO DOO BEOGRAD  SAVSKI VENAC,CONSUMER STAPLES
JKP PARKING SERVIS NOVI SAD,INDUSTRIALS
DUNA STEEL COMPANY DOO - U PRINUDN,MATERIALS
STIM GRADNJA DOO BEOGRAD - U STECA,INDUSTRIALS
TOP STOP AUTO DOO NOVI SAD,CONSUMER DISCRETIONARY
CINEPLEXX SRB,COMMUNICATIONS
MILSPED AML,INDUSTRIALS
SUBGROUP PHOENIX PHARMA,HEALTH CARE
GROUP ELIXIR,MATERIALS
SENTA-PROMET TP PO A.D.,CONSUMER STAPLES
TEAMEDICAL DOO,HEALTH CARE
ZZ STO-VET STARI ZEDNIK,CONSUMER STAPLES
KOMPONENT COMMERCE DOO KIKINDA,CONSUMER STAPLES
ROAMING ELECTRONICS DOO BEOGRAD,CONSUMER DISCRETIONARY
TIKI DOO,INDUSTRIALS
DIPeM CACAK,CONSUMER DISCRETIONARY
EYESEE D.O.O.,COMMUNICATIONS
DTL DOO BEOGRAD,CONSUMER STAPLES
INTERNATIONAL NEW VISION UNION DOO,CONSUMER DISCRETIONARY
LAZIC-POLJO KOMERC DOO GOLUBINCI,CONSUMER STAPLES
GLOBULINKS ZAPADNI BALKAN,INDUSTRIALS
KOKTEL-PJESCIC-POPOVIC DOO,CONSUMER STAPLES
INVICTUS SYSTEM TRANSPORT &,INDUSTRIALS
MIN LOKOMOTIVA AD NIS - U STECAJU,NOT RELEVANT
LANUS DOO BEOGRAD,INFORMATION TECHNOLOGY
MEDILINK DOO,CONSUMER DISCRETIONARY
GROUP MORAVA KG,CONSUMER STAPLES
JP NISSTAN NIS,INDUSTRIALS
BEOGRADSKA PEKARSKA INDUSTRIJA D.O,NOT RELEVANT
METALAC-PROLETER AD,CONSUMER STAPLES
NEW MOMENT IDEAS INVESTMENT DOO BE,CONSUMER DISCRETIONARY
BUSINESS PARK DOO,REAL ESTATE
IZDAVACKA KUCA FRESKA DOO BEOGRAD,COMMUNICATIONS
PLANETA SPORT D.O.O. BEOGRAD,CONSUMER DISCRETIONARY
TRGOCENTAR 94 DOO RUMA,MATERIALS
KONVOJ - TRANS DOO KRAGUJEVAC,CONSUMER STAPLES
PBD UNION DOO,CONSUMER DISCRETIONARY
IBM-INTERNATIONAL BUSINESS MACHINE,INFORMATION TECHNOLOGY
PLANET BIKE CO. DOO,CONSUMER DISCRETIONARY
PRIMERO RENT A CAR D.O.O.,INDUSTRIALS
METALAC A.D.,CONSUMER DISCRETIONARY
P.S. TELEFONIJA AD BEOGRAD U STECA,INFORMATION TECHNOLOGY
LAGER - U STECAJU,INDUSTRIALS
V.B.R. & CO - U STECAJU,NOT RELEVANT
MST INTERNATIONAL DOO BEOGRAD,HEALTH CARE
AUTOSRBIJA AD BEOGRAD,NOT RELEVANT
GROUP FEROMONT INZENJERING,NOT RELEVANT
GRANEXPORT DOO PANCEVO,CONSUMER STAPLES
ZAGREBTRANS D.O.O.,INDUSTRIALS
AS-PREVOZ DOO BAJINA BASTA,CONSUMER STAPLES
AUTOPREVOZ DP,INDUSTRIALS
HODLMAYR ZASTAVA DOO KRAGUJEVAC,INDUSTRIALS
ABB DOO,INDUSTRIALS
SEBASTIJAN LIMARIJA JEDINSTVO EMI,INDUSTRIALS
JAKOB BECKER,INDUSTRIALS
GORAN BOGDANOVIC PR BOGDANOVIC MEA,CONSUMER STAPLES
LIGHT STUDIO,NOT RELEVANT
MIMA KOMERC DOO BEOGRAD,INDUSTRIALS
GROUP LOGO BEOGRAD,INDUSTRIALS
COMTRADE DISTRIBUTION,INFORMATION TECHNOLOGY
AUTO REAL DOO - U LIKVIDACIJI,CONSUMER DISCRETIONARY
CH-AVIATION SOLUTIONS DOO BEOGRAD,INDUSTRIALS
NEW IMOBILIA DEVELOP DOO BEOGRAD,REAL ESTATE
EURO LINE DOO VUCKOVICA,CONSUMER STAPLES
TIM-COP DOO TEMERIN,INDUSTRIALS
YUBC INVEST D.O.O. BEOGRAD,MATERIALS
PATECH DOO - U PRINUDNOJ LIKVIDACI,INFORMATION TECHNOLOGY
CYNK-MAL DOO ALEKSINAC U LIKVIDACI,INDUSTRIALS
STUDIO MODERNA D.O.O.,CONSUMER DISCRETIONARY
DURIC-DOBRAVAC DOO SABAC,CONSUMER STAPLES
PANTELIC DOO KRALJEVO,CONSUMER STAPLES
NOVI OKOV DOO,INDUSTRIALS
VINARIJA ALEKSANDROVIC DOO VINCA,CONSUMER STAPLES
PREDSTAVNISTVO DONAUCHEM GMBH,MATERIALS
GROUP AUTO MIRKOS,CONSUMER DISCRETIONARY
STYLINE,CONSUMER STAPLES
VIBRANT DOO,CONSUMER DISCRETIONARY
SUMADIJA OMEGA DOO PIROMAN,MATERIALS
RADIX DOO BEOGRAD,CONSUMER STAPLES
SOKO INZINJERING DOO NOVI BEOGRAD,INDUSTRIALS
SB FERONA NOVI SAD,HEALTH CARE
LUXOL SINCE 1884,CONSUMER STAPLES
VALJAONICA BAKRA SEVOJNO AD SEVOJN,MATERIALS
IBIS-SOLUTIONS,INFORMATION TECHNOLOGY
MINERAL PRO DOO BEOGRAD,MATERIALS
KONVAR DOO BEOGRAD,INDUSTRIALS
MERCATA VT DOO,CONSUMER STAPLES
YETTEL D.O.O.,COMMUNICATIONS
ASTRA TELEKOM DOO BEOGRAD,COMMUNICATIONS
BELCOM DOO GORNJI MILANOVAC - U ST,MATERIALS
7. JULI PROMET DOO VRANJE,CONSUMER STAPLES
KTC DOO SUBOTICA - U LIKVIDACIJI,CONSUMER STAPLES
UNITEH A.D. ZA PROIZVODNJU KOMPRESO,INDUSTRIALS
group morava in doo krusevac,INDUSTRIALS
STATIK,INDUSTRIALS
STRATEMIS DOO,INDUSTRIALS
ELIXIR GROUP DOO,MATERIALS
ART PETROL DOO,CONSUMER DISCRETIONARY
NEW CITY MARKET DOO,CONSUMER STAPLES
GROUP gAMA CONSULTING,INDUSTRIALS
KORPORION PARK DOO,REAL ESTATE
ALMANI KOKO D.O.O. - U PRINUDNOJ L,INDUSTRIALS
KUK SRBIJA DOO BEOGRAD,CONSUMER STAPLES
KS SPEDITION & LOGISTIC DOO BEOGRA,INDUSTRIALS
IVDAM PROCESS CONTROL DOO BEOGRAD,INDUSTRIALS
JKP GRADSKI VODOVOD PROKULJE,UTILITIES
IMPACT CORPORATION DOO,INDUSTRIALS
NIMAX INVEST DOO,REAL ESTATE
PREDUZEzE KT SATORI DOO KRAGUJEVAC,CONSUMER DISCRETIONARY
BIRO - STEVANOVIC DOO PROKUPLJE,INDUSTRIALS
MLEKARA   GLOZANE,CONSUMER STAPLES
DENEZA M INZENJERING DOO BEOGRAD,INDUSTRIALS
AGROLEK DOO NOVI SAD,CONSUMER STAPLES
SKALA GARDEN  DOO SUBOTICA,MATERIALS
MOLIMENTUM D.O.O.,INDUSTRIALS
HOME PLUS DOO BEOGRAD - U STECAJU,CONSUMER DISCRETIONARY
AVE&VETMEDIC DOO BEOGRAD-CUKARICA,HEALTH CARE
STARBACO DOO,CONSUMER DISCRETIONARY
STING DOO PETROVAC,CONSUMER DISCRETIONARY
SUBGROUP SCP,MATERIALS
LIDL Srbija KD,CONSUMER STAPLES
SPEDTRANS WORLD DOO BEOGRAD,INDUSTRIALS
SRPSKA FONDACIJA ZA PREDUZETNISTVO,NOT RELEVANT
BB COMPANY,CONSUMER STAPLES
BMD BAU DOO BEOGRAD,INDUSTRIALS
MARS DOO BEOCIN,INDUSTRIALS
TIS-UNIVER SAVIC DOO,INDUSTRIALS
DRUSTVO SA OGRANICENOM ODGOVORNOSCU,CONSUMER DISCRETIONARY
AUTO BENUSSI DOO BEOGRAD,INDUSTRIALS
AMS-UNION DOO TRSTENIK,INDUSTRIALS
SMC INDUSTRIAL AUTOMATION D.O.O.,INDUSTRIALS
RAAVEX-GROUP DRUSTVO,CONSUMER DISCRETIONARY
BIOESEN DOO KULA,CONSUMER STAPLES
IRON MOUNTAIN DOO NOVI BANOVCI,INDUSTRIALS
VD DUNAV AD,INDUSTRIALS
TRNAVA PROMET DOO KRAGUJEVAC,CONSUMER STAPLES
FARMALOGIST DOO BEOGRAD,HEALTH CARE
STABILNA GRADNJA 2016 DOO,MATERIALS
ABBVIE,HEALTH CARE
LIDER FRIGO,INDUSTRIALS
OPSTA BOLNICA EUROMEDIK 2,HEALTH CARE
GROUP DAYS IN COLOURS,CONSUMER STAPLES
QUALITY AUSTRIA CENTER,INDUSTRIALS
KIOSK MERKUR PRES DOO POZAREVAC,CONSUMER DISCRETIONARY
MEDICO UNO PREDUZECE ZA TRGOVINU D.,NOT RELEVANT
NIKSA KOMERC DOO BEOGRAD,NOT RELEVANT
RTB BOR GRUPA RBB DOO U RESTRUKTUIR,NOT RELEVANT
VLADO BAUMASCHINEN D.O.O.,INDUSTRIALS
LIBERTAS DOO BEOGRAD,CONSUMER STAPLES
ADRIA MEDIA GROUP DOO,COMMUNICATIONS
JKP INFOSTAN TEHNOLOGIJE BEOGRAD,INFORMATION TECHNOLOGY
GROUP AGROFARM,CONSUMER DISCRETIONARY
ST.MARK,CONSUMER STAPLES
ZEPTER SHIPYARD IMMO D.O.O. BE,REAL ESTATE
DUMICO DOO BEOGRAD,CONSUMER STAPLES
TRANSPORT BROWELL NN DOO,INDUSTRIALS
BVG KOMERC DOO LESKOVAC,CONSUMER STAPLES
GROUP SILBO,CONSUMER STAPLES
DOO PIP NOVI SAD,CONSUMER STAPLES
BLUMEN MARKET DOO,CONSUMER DISCRETIONARY
CTP INVEST,REAL ESTATE
BAVARIA TEAM DOO CACAK,CONSUMER DISCRETIONARY
AUSTRIJSKI INSTITUT DOO BEOGRAD,CONSUMER DISCRETIONARY
AWT INTERNATIONAL D.O.O. BEOGRAD,CONSUMER STAPLES
"KOMPANIJA SIMPO ZA PROIZVODNJU, PRO",CONSUMER DISCRETIONARY
RATKO MITROVIC - DEDINJE DOO BEOGR,INDUSTRIALS
BAZIS GRUPA,NOT RELEVANT
BEOGRAF- BUKULJA,NOT RELEVANT
TELESIGN D.O.O. BEOGRAD,INFORMATION TECHNOLOGY
ALEBRA DOO,CONSUMER STAPLES
FEROMONT INZENJERING DOO BEOGRAD,INDUSTRIALS
JERRY CATERING SERVICE DOO,CONSUMER DISCRETIONARY
LADY F DOO BEOGRAD,CONSUMER DISCRETIONARY
TEHNOUNION-EXIM DOO SREMSKA KAMENI,INDUSTRIALS
GOLDEN BEAUTY SHOP DOO PANCEVO,CONSUMER STAPLES
MAJESTIC DOO BEOGRAD,CONSUMER DISCRETIONARY
M & B TRANS DOO,INDUSTRIALS
TREF STR,CONSUMER STAPLES
LOGOPORTO DOO BEOGRAD,INDUSTRIALS
ZORKA BPD DOO,MATERIALS
FORTUNA DIGITAL DOO,INDUSTRIALS
TOP DEISA,CONSUMER STAPLES
MG GROUP RECRUITMENT,INDUSTRIALS
SOLE-KOMERC DOO,CONSUMER STAPLES
DOO EURO LIN PARACIN,INDUSTRIALS
RONALD (ROBERT) HOLO,CONSUMER STAPLES
VULIN-COMERC D.O.O.,CONSUMER STAPLES
MOKINT S - U PRINUDNOJ LIKVIDACIJI,NOT RELEVANT
PANON PLUS - U STECAJU,NOT RELEVANT
LAFARGE BETON DOO BEOGRAD,MATERIALS
MV JONA DOO BEOGRAD,MATERIALS
FOND ZA RAZVOJ REPUBLIKE SRBIJE,FINANCIALS
TAHAL GROUP B.V. OGRANAK,INDUSTRIALS
SQUADRA DOO BEOGRAD,CONSUMER STAPLES
GROUP TRANSPORTSPED,INDUSTRIALS
GAMA CONSULTING DOO PROKUPLJE,INDUSTRIALS
ZIG TRADE DOO,INDUSTRIALS
ARSENOVIC  D00 SABAC,CONSUMER STAPLES
ROLAND (ROBERT) HOLO,CONSUMER STAPLES
SILBO DOO BEOGRAD,CONSUMER STAPLES
DESPOS DOO SABAC,INDUSTRIALS
POLIKLINIKA EUROMEDIC-DIAGNOSTIC,HEALTH CARE
DIMIDIJUS PHARM DOO BEOGRAD,HEALTH CARE
ADAM-SPED SYSTEM DOO,INDUSTRIALS
AD IMLEK,CONSUMER STAPLES
TEHNOLINK DOO,INDUSTRIALS
ATRIKOD DOO KRUSEVAC,INDUSTRIALS
UNITED CLOUD DOO BEOGRAD,INFORMATION TECHNOLOGY
GIRTPRO INZENJERING D.O.O. BEOGRAD,INDUSTRIALS
B&N DIZAJN DOO PANCEVO,CONSUMER DISCRETIONARY
Sirmium Steel d.o.o. - technikai,MATERIALS
BAUER+BAUER DOO BEOGRAD,CONSUMER DISCRETIONARY
BEXX LOGISTIC DOO,INDUSTRIALS
GUCA INDUSTRIJSKI KOMBINAT AD,CONSUMER STAPLES
KRP DOO NOVI SAD,NOT RELEVANT
STAV DOO PRIZREN,CONSUMER DISCRETIONARY
HEMOFARM DOO SABAC,HEALTH CARE
NATURA TRADE DOO,MATERIALS
TIM W.E. SEE DOO BEOGRAD - U STECA,INFORMATION TECHNOLOGY
LINDEN PVK D.O.O. - U PRINUDNOJ LI,CONSUMER STAPLES
FLINT GROUP BALKAN DOO GORNJI MILA,MATERIALS
GROUP DOBERGARD,INDUSTRIALS
PHYTOCARE DOO,CONSUMER STAPLES
EUROSALON FABRIKA DOO BEOGRAD,CONSUMER DISCRETIONARY
DOO ANDREJA TEMERIN,CONSUMER DISCRETIONARY
GLOBAL SEED D.O.O. CURUG,CONSUMER STAPLES
AD SIGMA BEOGRAD,INDUSTRIALS
DON DON DOO BEOGRAD,CONSUMER STAPLES
GROUP MANEKS,INDUSTRIALS
IVKOVIC DOO BOLEC,CONSUMER DISCRETIONARY
DELTA PREVING DOO BEOGRAD,INDUSTRIALS
LABTEH DOO BEOGRAD,HEALTH CARE
SAMOSTALNO TRGOVINSKO KOMISIONA RA,CONSUMER STAPLES
APA DOO APATIN,CONSUMER STAPLES
NEVENA COLOR DOO LESKOVAC,MATERIALS
LUXOR CO  PREDUZECE ZA PROIZVODNJU,NOT RELEVANT
MAKPETROL DOO BEOGRAD,NOT RELEVANT
MAGNA SEATING D.O.O.,CONSUMER DISCRETIONARY
PEK - PETROL DOO KUCEVO,NOT RELEVANT
GP ARADINOVIC DOO,INDUSTRIALS
PODGORINA FRUCHT DOO,CONSUMER STAPLES
TENFORE DOO,FINANCIALS
DOMING DOO SIMANOVCI,INDUSTRIALS
UNIPLAST-ZIVANOVIC DOO JELENCA,CONSUMER DISCRETIONARY
JAT AIRWAYS SRBIJA I CRNA GORA JP P,CONSUMER DISCRETIONARY
D.M.B. PROMET DOO BEOGRAD,INDUSTRIALS
TRES MONTANA DOO BEOGRAD,CONSUMER DISCRETIONARY
LOVACKO UDRUZENJE DRAGACEVO GUCA,NOT RELEVANT
GETRACO DOO BOLJEVCI,CONSUMER STAPLES
E-SMART SYSTEMS DOO BEOGRAD,INFORMATION TECHNOLOGY
ADRIA TRGOVINA,CONSUMER STAPLES
KIMBY-CO DOO,CONSUMER STAPLES
OBW GRADNJA,INDUSTRIALS
EUROFOAM SUNDJERI DOO NOVA PAZOVA,MATERIALS
"ENEL PS DOO,  NOVI BEOGRAD",INFORMATION TECHNOLOGY
BIO UNA DOO NOVI SAD,INDUSTRIALS
ALEKSIC  DR NEMANJA ADVOKAT,INDUSTRIALS
RESINEX SRBIJA DOO BEOGRAD,MATERIALS
MONARH DOO BEOGRAD (VRACAR),INDUSTRIALS
A.M.A. GROUP BEOGRAD,INDUSTRIALS
MARNI D.O.O. KRUSEVAC,CONSUMER STAPLES
RATKO MITROVIC,NOT RELEVANT
SIMEXGROUP DOO SUBOTICA,CONSUMER STAPLES
CMS REICH-ROHRWIG HAINZ DOO BEOGRA,INDUSTRIALS
JUST PAPER DOO BEOGRAD,MATERIALS
PP SOMBOR D.O.O.,NOT RELEVANT
PREDUZECE DRENOVAC DOO MIROSALJCI,CONSUMER STAPLES
POSLOVNI CENTAR CITY PASSAGE - UDR,NOT RELEVANT
SUBGROUP SINTELON,INDUSTRIALS
MINEL GENERAL ELECTRIC,INDUSTRIALS
LYCTUM,INDUSTRIALS
BIO SAVE LAB NS,HEALTH CARE
CIAK TRUCK,CONSUMER DISCRETIONARY
AGROHIM & KEMOIMPEX DOO,CONSUMER DISCRETIONARY
GROUP DJAK,CONSUMER DISCRETIONARY
AGROPANONKA MTZ FINKE DOO NOVI SAD,INDUSTRIALS
GROUP COMTRADE,INFORMATION TECHNOLOGY
DELTA AUTOMOTO DOO,CONSUMER DISCRETIONARY
CONING - PPI DOO NOVI SAD,HEALTH CARE
PROMONT GROUP DOO NOVI SAD,INDUSTRIALS
SMKR-SASA DOO BEOGRAD,CONSUMER STAPLES
SUN CHEMICAL PRINTING INK DOO BEOG,NOT RELEVANT
ELEKTRODISTRIBUCIJA SRBIJE,UTILITIES
GOMBIT DOO BEOGRAD,CONSUMER STAPLES
BIBO-CAR DOO POZAREVAC,CONSUMER DISCRETIONARY
X-TRADE DOO JAGODINA,CONSUMER DISCRETIONARY
GRAFIPROF DOO BEOGRAD,NOT RELEVANT
ABT LOGISTIC 2021 DOO,INDUSTRIALS
EXTREME DOO BEOGRAD,INFORMATION TECHNOLOGY
SOT DOO BEOGRAD,INDUSTRIALS
SITOPLAST DOO,INDUSTRIALS
GROUP GEINARRO,CONSUMER DISCRETIONARY
SQUADRA  GROUP,CONSUMER DISCRETIONARY
DUNEX DOO BEOGRAD,INDUSTRIALS
IGT DOO CACAK,MATERIALS
MULTIVAC,INDUSTRIALS
BRACA CRNOMARKOVIC D.O.O. STARI BA,CONSUMER DISCRETIONARY
THE END OF LINE DOO BEOGRAD,MATERIALS
TRGOVINA TRLIC,CONSUMER STAPLES
NATASA DRLJACA PREDUZETNIK DRAGSTO,CONSUMER STAPLES
NS PLAKAT DOO NOVI SAD,INDUSTRIALS
PC CENTAR DOO BEOGRAD,INFORMATION TECHNOLOGY
GROUP ZELVOZ GOSA,INDUSTRIALS
DINAMIKA DOO NOVI SAD,INDUSTRIALS
PALLADIO EAST DOO VRSAC,MATERIALS
SLOBODNA ZONA BEOGRAD AD,NOT RELEVANT
NPCO DOO BEOGRAD,NOT RELEVANT
PWW LESKOVAC DOO,INDUSTRIALS
ECOLAND DOO SMEDEREVO,NOT RELEVANT
GRAIN D.O.O. BEOGRAD U LIKVIDACIJI,INDUSTRIALS
Subroup Alas Serbia,MATERIALS
TEHNOKOMERC DOO KRUSEVAC,INDUSTRIALS
KEPO DOO KOSJERIC,INDUSTRIALS
DOO MB KOMERC RUMA,CONSUMER STAPLES
UNIVERZITET PRIVREDNA AKADEMIJA U,CONSUMER DISCRETIONARY
VERMAX-ALATI DOO BEOGRAD,INDUSTRIALS
GLOVOAPP TECHNOLOGY D.O.O.,CONSUMER DISCRETIONARY
DELTA REAL ESTATE DOO BEOGRAD,REAL ESTATE
GROUP EUROMEDIC POLIKLINIKA,HEALTH CARE
UNCONDITIONAL,CONSUMER STAPLES
DZ EUROMEDIK BEOGRAD,HEALTH CARE
MDS INFORMATICKI INZENJERING DOO B,INFORMATION TECHNOLOGY
MCF MEGACOM FILM DOO BEOGRAD,COMMUNICATIONS
BUSES AND COACHES DOO,CONSUMER DISCRETIONARY
STRUJA DOO NOVI SAD,INDUSTRIALS
LAFARGE GIPS BEOCIN D.O.O.,MATERIALS
TALUM DOO SABAC,MATERIALS
FITEKS D.O.O. BEOGRAD,CONSUMER DISCRETIONARY
VEKIC CHOCOLATE DOO TEMERIN - U ST,NOT RELEVANT
KNAUF AMF DOO BEOGRAD,INDUSTRIALS
MG OIL DOO BEOGRAD,ENERGY
TDR DOO BEOGRAD - U LIKVIDACIJI,CONSUMER STAPLES
PENTAKS TT DOO SABAC,CONSUMER DISCRETIONARY
DINAKOM D.O.O.,NOT RELEVANT
MUSTANG DOO PIROT,CONSUMER STAPLES
PREDUZECE AD DOO SABAC,INDUSTRIALS
"METEOR SN BIRO D.O.O, BEOGRAD",INDUSTRIALS
AVE PHARMACEUTICAL DOO,CONSUMER STAPLES
ZLATAR DOO MRAMORAK,CONSUMER STAPLES
BEO DRAGOS DOO BEOGRAD,MATERIALS
TAUROLL DOO BEOGRAD,INDUSTRIALS
ETAZ DOO BEOGRAD,INDUSTRIALS
PIJACA JP LESKOVAC,NOT RELEVANT
SLOBODA DOO,CONSUMER STAPLES
NIK PRO DOO - U STECAJU,CONSUMER STAPLES
ROX-BG DOO BEOGRAD,CONSUMER DISCRETIONARY
ALKALOID SEE DOO BEOGRAD,INDUSTRIALS
INTER-KOMERC DOO RACA,CONSUMER STAPLES
JAVORNIK DOO SUBOTICA,INDUSTRIALS
MASINOPROJEKT KOPRING A.D. BEOGRAD,INDUSTRIALS
XLS,CONSUMER DISCRETIONARY
GROUP RADIX,CONSUMER STAPLES
MEGAMARKET DOO SMEDEREVSKA PALANKA,CONSUMER STAPLES
THE FUN & FIT COMPANY DOO BEOGRAD,CONSUMER STAPLES
AUTO MIG DOO NIS,CONSUMER DISCRETIONARY
TP TRANSKOM 94 DOO SABAC,CONSUMER STAPLES
TOLOKA,INFORMATION TECHNOLOGY
EURO-PEN,NOT RELEVANT
EURO LIFE DOO BEOGRAD,NOT RELEVANT
NECKERMANN D.O.O.,NOT RELEVANT
AGRICOM COMPANY GROUP DOO,CONSUMER STAPLES
POLIFIN DOO ZEMUN,CONSUMER STAPLES
AD IGM RUMA RUMA,MATERIALS
DEM DOO KULPIN,CONSUMER STAPLES
ZORIC DOO,CONSUMER STAPLES
ARC INTERNATIONAL DOO BEOGRAD,CONSUMER DISCRETIONARY
STOVARISTE JAKOVLJEVIC DOO,MATERIALS
ENERGY NET DOO,INDUSTRIALS
GROUP FARMALOGIST (ERGO WBS),HEALTH CARE
ZOREX PHARMA DOO SABAC,HEALTH CARE
EWE COMP DOO BEOGRAD ZEMUN,INFORMATION TECHNOLOGY
EHOM DOO BEOGRAD,CONSUMER DISCRETIONARY
FURNIS DOO,CONSUMER DISCRETIONARY
DANUBE PETFOODS D.O.O.,CONSUMER STAPLES
MOJA ZLATNA RAVNICA,CONSUMER STAPLES
BANJA KOMERC BEKAMENT DOO BANJA AR,MATERIALS
FRIGLO,CONSUMER STAPLES
KOLOR GRADNJA DOO BEOGRAD,MATERIALS
PAN LINE DOO BEOGRAD,INDUSTRIALS
BMI ADRIATIC D.O.O. - U LIKVIDACIJ,NOT RELEVANT
BOBEX DOO BEOGRAD,CONSUMER DISCRETIONARY
ZITKO AD  BACKA TOPOLA,NOT RELEVANT
METAL-INVEST DOO MIONICA,INDUSTRIALS
PRO SERVICES BEOGRAD - U LIKVIDACI,INDUSTRIALS
STING-DSN DOO POZAREVAC - U LIKVID,NOT RELEVANT
MEDIA II - U STECAJU,NOT RELEVANT
GLOSSY MEDIA DOO BEOGRAD,CONSUMER DISCRETIONARY
AUTOKOMERC S STEFANOVIC ZELJKA KD,INDUSTRIALS
PIPELIFE SERBIA DOO,INDUSTRIALS
"AMAN DOO BEOGRAD, SURCIN",CONSUMER STAPLES
TRECA PETOLETKA,REAL ESTATE
TOP TECH WOODWORKING D.O.O. BEOGRA,INDUSTRIALS
S-GROUP DOO,MATERIALS
GSM 3 G COMPANY DOO BEOGRAD,CONSUMER DISCRETIONARY
OES D.O.O.,INDUSTRIALS
7 JULI DOO SIRIG,CONSUMER STAPLES
GRADITELJ DP,NOT RELEVANT
COMMUNIS DBD BEOGRAD - U LIKVIDACI,NOT RELEVANT
KOMNENOVIC AUTO DOO BEOGRAD - U ST,CONSUMER DISCRETIONARY
DECO DOO VRNJACKA BANJA,INDUSTRIALS
VISA-PROM DOO KANJIZA,MATERIALS
ORTEX URO GROUP DOO PARUNOVAC,INDUSTRIALS
YONEX DOO SREMSKA MITROVICA,INDUSTRIALS
LEXMARK INTERNATIONAL RS D.O.O. -,INFORMATION TECHNOLOGY
PATENT CO DOO MISICEVO,CONSUMER STAPLES
PREDUZECE AUSTROTHERM DOO VALJEVO,INDUSTRIALS
DOO BASTA ZRENJANIN,CONSUMER DISCRETIONARY
KID-TRANS TRADE DOO BEOGRAD,INDUSTRIALS
GROUP LYCTUM DOO BEOGRAD,INDUSTRIALS
ARHI.PRO DOO BEOGRAD,INDUSTRIALS
GREENCHEM RS,INDUSTRIALS
JADRAN DOO BEOGRAD,INDUSTRIALS
MPG PLUS DOO,COMMUNICATIONS
TETRA INZENJERING D.O.O. VALJEVO,INDUSTRIALS
ALFA-PLAM DOO VRANJE,CONSUMER DISCRETIONARY
IZOTEKS DOO BEOGRAD,INDUSTRIALS
VISUAL IMPACT DOO BEOGRAD,INFORMATION TECHNOLOGY
CONEO CONSULTING,INDUSTRIALS
FAVORIT STR JAGODA GAJIC PR,CONSUMER STAPLES
DZERSI DOO,NOT RELEVANT
VINARIJA COKA - U STECAJU,CONSUMER STAPLES
GROUP PAKOM,NOT RELEVANT
STAMPA COMMERCE D.O.O.,NOT RELEVANT
JUKOMERC D.O.O.KRUSEVAC U STECAJU,CONSUMER STAPLES
AGROMONTERRA D.O.O. VRBAS,CONSUMER STAPLES
ZNAMGRAF DOO,MATERIALS
DOO GRUTINI PRESS SOMBOR,CONSUMER STAPLES
MING KOVACNICA A.D. NIS,INDUSTRIALS
HALAS JOZEF DOO ADA-U STECAJU,CONSUMER STAPLES
EUROPEAN CONTRACT LOGISTICS-SERBIA,INDUSTRIALS
ENAT DOO,CONSUMER DISCRETIONARY
PODGORINA-VOCE DOO,CONSUMER STAPLES
NIVEX DOO DOBANOVCI,INDUSTRIALS
KOVILOVACA DOO DESPOTOVAC,MATERIALS
GROUP VIZIJA TIM,MATERIALS
SALVEO DOO BEOGRAD,HEALTH CARE
ROBERT BOSCH DOO BEOGRAD,CONSUMER DISCRETIONARY
JFE SHOJI SERBIA,CONSUMER DISCRETIONARY
VD JUGOKOP-PODRINJE DOO SABAC,INDUSTRIALS
BIZLINK TECHNOLOGY SRB D.O.O.,INDUSTRIALS
TEAMENERGO DOO,INDUSTRIALS
STS TRANS DOO KANJIZA,INDUSTRIALS
ZENTIVA PHARMA D.O.O.,HEALTH CARE
TEI-MC DOO,INDUSTRIALS
JKP PIJACA KRALJEVO,INDUSTRIALS
TEHNOPLAST DOO STARI BANOVCI,INDUSTRIALS
PRODUKT,NOT RELEVANT
GRAND D INZENJERING,INDUSTRIALS
"NEW STEEL D.O.O., BEOGRAD",NOT RELEVANT
PANTA KLAS,CONSUMER STAPLES
SLAVICA (DJORDJE) VESKOV,CONSUMER STAPLES
"COMEX  DOO, SABAC",MATERIALS
KORKOVADO DOO,INDUSTRIALS
ZORKA-OPEKA DOO BEOGRAD,MATERIALS
FIM DOO KANJIZA,ENERGY
YUGOLOGISTICS,INDUSTRIALS
UMKA D.O.O. UMKA,MATERIALS
LM KOMERC D.O.O. OBRENOVAC,INDUSTRIALS
Group CWP Europe,UTILITIES
HOLLEMAN TRANSPORT D.O.O.,INDUSTRIALS
group chemical agrosava,MATERIALS
COPPER COM DOO UZICE,INDUSTRIALS
VESTA TRAILERS DOO,INDUSTRIALS
ERICSSON DOO BEOGRAD,INFORMATION TECHNOLOGY
TOTALENERGIES MARKETING SERBIA DOO,INDUSTRIALS
GROUP DJURDJEVIC,CONSUMER STAPLES
Group PTT Serbia,INDUSTRIALS
ALEKSANDAR GRADNJA,NOT RELEVANT
DP-ZALIV DOO CRVENKA,INDUSTRIALS
SKV INZENJERING DOO - U STECAJU,INDUSTRIALS
CER AD CACAK,INDUSTRIALS
MVM MOTORS DOO PREDUZ.ZA PROM. I S,NOT RELEVANT
BRAJIC ALEKSE SZR PMP SLEPCEVIC,CONSUMER STAPLES
LDM EXPORT-IMPORT DOO BEOGRAD,NOT RELEVANT
UNIVERS-CO DOO BEOGRAD,CONSUMER DISCRETIONARY
PRO-MAX BETON DOO BEOGRAD,INDUSTRIALS
JKP STANDARD VRBAS,UTILITIES
HYPEROPTIC LTD OGRANAK,COMMUNICATIONS
RALU DOO BEOGRAD,INDUSTRIALS
DSM NUTRITIONAL PRODUCTS SRB D.O.O,CONSUMER STAPLES
NBN GROUP D.O.O. BEOGRAD,CONSUMER DISCRETIONARY
DELTA FONDACIJA,NOT RELEVANT
3 TERM DOO,INDUSTRIALS
MARKO-PAN DOO PANcEVO,CONSUMER DISCRETIONARY
DCP-HEMIGAL DOO LESKOVAC,CONSUMER STAPLES
TAS EASTERN EUROPE DOO BEOGRAD,INFORMATION TECHNOLOGY
VIZIJA TIM DOO SABAC,INDUSTRIALS
MONDOLUKA PLUS DOO BEOGRAD,ENERGY
EUROINVEST NS,REAL ESTATE
DOO ALMEX PANCEVO,CONSUMER STAPLES
MSA IP - MILOJEVIC SEKULIC ADVOKAT,INDUSTRIALS
DOO PET MB AGRAR SUBOTISTE,CONSUMER STAPLES
LINIJA TIP DOO,INDUSTRIALS
ACTERRNA DOO BEOGRAD - U STECAJU,HEALTH CARE
OM REKLAMNA AGENCIJA - U STECAJU,NOT RELEVANT
MLADOST AD CUPRIJA - U STECAJU,NOT RELEVANT
AGRO BOGIC D.O.O.,CONSUMER STAPLES
B.G.-PHARM U STECAJU,HEALTH CARE
PANONIJA DOO,CONSUMER STAPLES
AUTO SABAC 2010 DOO SABAC   - U PR,CONSUMER DISCRETIONARY
PK PRODUKT D.O.O.,NOT RELEVANT
SANDERS SH D O O  TEMERIN,CONSUMER STAPLES
ULJARICE BACKA DOO,CONSUMER STAPLES
DOO AGROVET MELENCI,CONSUMER STAPLES
ALPROS RENT DOO,INDUSTRIALS
NN CVETKOVIC AUTOPREVOZ,INDUSTRIALS
MORENO KAFA,CONSUMER STAPLES
AKS DRIVE DOO SABAC,CONSUMER DISCRETIONARY
TECASI DOO KRUSEVAC,INDUSTRIALS
LHR DOO BEOGRAD,INDUSTRIALS
SHADOWNET D.O.O.,INDUSTRIALS
AMSPEC D O O  NOVI SAD,INDUSTRIALS
RWA SRBIJA D.O.O.,CONSUMER STAPLES
DEKRA OUTSOURCING DOO,INDUSTRIALS
VAPOLI DOO VALJEVO,INDUSTRIALS
LADINVEST BEOGRAD,NOT RELEVANT
MLINPEK AD,NOT RELEVANT
INTER-PET DOO BEOGRAD,MATERIALS
INTERLAB EXIM DOO BEOGRAD,HEALTH CARE
VIGINTI,REAL ESTATE
SMART BUILDING TECHNOLOGIES D.O.O.,INDUSTRIALS
WIENERBERGER,INDUSTRIALS
CHEF BOUTIQUE,INDUSTRIALS
RAS INZENJERING NISKOGRADNJA DOO B,INDUSTRIALS
NEPTUN ELECTRONICS DOO BEOGRAD - U,CONSUMER DISCRETIONARY
ARCHANGEL DIGITAL STUDIOS,COMMUNICATIONS
TERMOMONT DOO BEOGRAD,INDUSTRIALS
ANALYSIS,HEALTH CARE
BEAM EUROPE DOO,INDUSTRIALS
SINDIKALNA ORGANIZACIJA LAFARGE BFC,NOT RELEVANT
PAVOR D.O.O.,CONSUMER STAPLES
JPAI HOME,CONSUMER DISCRETIONARY
MILLENNIUM TEAM DOO,INDUSTRIALS
"PALCO DOO, SABAC",CONSUMER STAPLES
INTERALLIS CHEMICALS D.O.O.,INDUSTRIALS
ANANAS E-COMMERCE D.O.O.,CONSUMER DISCRETIONARY
EVRO DOM DOO KAC,MATERIALS
SARCEVIC CO D.O.O. VRBAS,INDUSTRIALS
NORTH AMERICAN DOO BEOGRAD,INDUSTRIALS
EDITA (KALMAN) MUNKAS,CONSUMER STAPLES
MOC PRIRODE KOMERC D.O.O.,CONSUMER STAPLES
TIGAR TRGOVINA D.O.O.,NOT RELEVANT
BRANKO PERISIC AD KRUSEVAC,REAL ESTATE
PETROBUL DOO BEOGRAD,MATERIALS
FERCAM D.O.O.,INDUSTRIALS
KLANICA I PRERADA 808 DOO STARA PA,CONSUMER STAPLES
TOWERS NET DOO BEOGRAD,CONSUMER STAPLES
DAROVI ROKUS DOO,COMMUNICATIONS
FORI TEXTILE SER DOO,CONSUMER DISCRETIONARY
PREDUZECE FOKA DOO GORNJI MILANOVA,MATERIALS
INOS SINMA AD,NOT RELEVANT
ERGOMED DOO NOVI SAD,CONSUMER DISCRETIONARY
YU AGENT DOO BEZDAN,INDUSTRIALS
DOMINO MARKET D.O.O. ARANDELOVAC,CONSUMER STAPLES
HEALTHCARE ALLIANCE D.O.O.BEOGRAD,INDUSTRIALS
MGI DVA DUKATA,INDUSTRIALS
SMURFIT KAPPA AVALA ADA DOO,MATERIALS
ALEKSANDRIJA DOO-BEOGRAD U STECAJU,CONSUMER STAPLES
GROUP MACCHINA GROUP,INDUSTRIALS
JP KIKINDA,INDUSTRIALS
TRIO MOTORS DOO NOVI SAD,CONSUMER DISCRETIONARY
YANFENG INTERNATIONAL AUTOMOTIVE T,CONSUMER DISCRETIONARY
URMA RENT DOO NOVI SAD,REAL ESTATE
DELTA INZENJERING DOO BEOGRAD,INDUSTRIALS
BEO-SPORT SYSTEM DOO BEOGRAD,CONSUMER DISCRETIONARY
SIMMES,CONSUMER STAPLES
SINC NOVATION,INDUSTRIALS
KOTO DOO,INDUSTRIALS
UTP REKIC TRAVEL DOO NOVI PAZAR -,CONSUMER DISCRETIONARY
GENERAL LINE DOO NOVI SAD,NOT RELEVANT
VITAL LINE DOO,NOT RELEVANT
DOO KONZUL NOVI SAD PJ  B.LUKA,CONSUMER STAPLES
TRANSKOP EXPORT-IMPORT PARACIN,INDUSTRIALS
DOO AGROTRADING NOVI SAD,CONSUMER STAPLES
DELISES-HANI DOO VLADICIN HAN,CONSUMER STAPLES
EUROBILD DOO,INDUSTRIALS
VGP PARK ONE D.O.O.,REAL ESTATE
MAG CENTAR DOO BEOGRAD,CONSUMER DISCRETIONARY
COMPACT INDUSTRY DOO SVILAJNAC,INDUSTRIALS
DO-ING DOO BEOGRAD,CONSUMER DISCRETIONARY
AGROSERVICE EGS D.O.O.,INDUSTRIALS
FILI DOO SVILAJNAC,CONSUMER STAPLES
BROCANTE D.O.O.,REAL ESTATE
JAFFA DOO CRVENKA,CONSUMER STAPLES
EBI INTERNATIONAL COMPANY DOO OBRE,INDUSTRIALS
SIGRAD INZENJERING DOO,NOT RELEVANT
TERMOELEKTRANE I KOPOVI KOSTOLAC,NOT RELEVANT
MPI POBEDA DOO ARANDELOVAC,CONSUMER STAPLES
AUTO TEC DOO BEOGRAD - U STECAJU,CONSUMER DISCRETIONARY
TEHNOMARKET DOO PANCEVO,INDUSTRIALS
SI & SI DISTRIBUCIJA DOO,NOT RELEVANT
D.B.T. OKOVI DOO,CONSUMER DISCRETIONARY
PUTEVI CENTAR DOO BEOGRAD,INDUSTRIALS
BIG BANG DOO BEOGRAD - U STECAJU,CONSUMER DISCRETIONARY
IBIS-PETROL DOO RUMA,CONSUMER DISCRETIONARY
ENERGOPROJEKT NISKOGRADNJA,INDUSTRIALS
ARUM DEC,CONSUMER STAPLES
TRLENB DOO BEOGRAD,CONSUMER STAPLES
ADRIA NEW ENERGY DOO,CONSUMER DISCRETIONARY
TELEGROUP DOO,INFORMATION TECHNOLOGY
PHILIP MORRIS OPERATIONS,CONSUMER STAPLES
ARI FRUCT DOO - U STECAJU,CONSUMER STAPLES
TPU NIPS DOO  PARACIN,INDUSTRIALS
ENERGY NET MOBILITY RENT DOO,INDUSTRIALS
GROUP KARTONVAL,MATERIALS
KOZMETIK PLUS DOO NIS,CONSUMER STAPLES
EURODOM DOO BORCA,INDUSTRIALS
SUBGROUP TRECA PETOLETKA,CONSUMER DISCRETIONARY
MESOPROMET DOO,NOT RELEVANT
GALEB GROUP DOO BEOGRAD,INDUSTRIALS
"S.R.M.A. D.O.O., ZEMUN",MATERIALS
PREDUZECE ZA PROIZVODNJU TRGOVINU N,MATERIALS
STUDIO THE PHACTORY DOO VRSAC,MATERIALS
MIDI ORGANIC DOO DONJE GRGURE,CONSUMER STAPLES
TONCEV GRADNJA DOO SURDULICA,INDUSTRIALS
SUBGROUP EUROPARK,INDUSTRIALS
CHS D.O.O.BEOGRAD,INFORMATION TECHNOLOGY
SUBGROUP TELENOR SERBIA,COMMUNICATIONS
MATIC INDUSTRIJA MESA DOO NOVI SAD,CONSUMER STAPLES
ARMART 011 DOO,INDUSTRIALS
NIDEL AGRAR DOO,CONSUMER STAPLES
JUKOMERC BIOPRODUKT D.O.O,NOT RELEVANT
VEOLIA TRANSPORT LUV DOO BEOGRAD,NOT RELEVANT
SAMEX GROUP DOO BEOGRAD - U STECAJ,INDUSTRIALS
RLOL ESTATE 1 DOO,REAL ESTATE
W-LINE DOO BEOGRAD,REAL ESTATE
MATEO TRANS DOO CACAK,INDUSTRIALS
GROUP KEPROM AKSA DOB,CONSUMER DISCRETIONARY
VIN FARM DOO KULPIN,CONSUMER STAPLES
SLOVIS DOO,CONSUMER DISCRETIONARY
KLAS MRVIC DOO KRAGUJEVAC,CONSUMER STAPLES
OMEGA IMPEKS DOO BEOGRAD,MATERIALS
MIA MARA DOO,CONSUMER DISCRETIONARY
VODOTERM DOO KRAGUJEVAC,CONSUMER DISCRETIONARY
METALAC FAD D.O.O. GORNJI MILANOVA,CONSUMER DISCRETIONARY
GROUP IRIS,INFORMATION TECHNOLOGY
BMN MALINAS D.O.O.,CONSUMER STAPLES
FDS DOO BEOGRAD - U LIKVIDACIJI,CONSUMER STAPLES
INSTITUT ZA NUKLEARNE NAUKE-VINCA,NOT RELEVANT
MONUS DOO BEOGRAD ZEMUN,NOT RELEVANT
MARS BALKAN EAST DOO,CONSUMER STAPLES
ZITO-MEDIA D.O.O. KULA,CONSUMER STAPLES
MILE SAVIC PREDUZETNIK ZANATSKA RA,INDUSTRIALS
DELTA TRANSPORTNI SISTEM - D.T.S.,INDUSTRIALS
INOUTIC/DECEUNINCK DOO BEOGRAD,INDUSTRIALS
POBEDA PLUS DOO NIS,CONSUMER STAPLES
GIVESENSE D.O.O. BEOGRAD,INFORMATION TECHNOLOGY
INTERNATIONAL CONSULTING AND DEVEL,INDUSTRIALS
VODOMARKET DOO,INDUSTRIALS
PNEUGROUP DOO BEOGRAD,CONSUMER DISCRETIONARY
KRONOSPAN SRB,MATERIALS
IGM MLADOST DOO,MATERIALS
"DOO BOMAX, SUBOTICA",INDUSTRIALS
JP VOJVODINASUME PETROVARADIN,MATERIALS
JAPI COM DOO NOVI SAD,INFORMATION TECHNOLOGY
NETLOGIC DOO BEOGRAD,INFORMATION TECHNOLOGY
PRO VIDEO DOO BEOGRAD,INFORMATION TECHNOLOGY
IC SYSTEMS DOO,NOT RELEVANT
FILLY FARM APOTEKA,NOT RELEVANT
PODRUM DZERVIN 1927 D.O.O.,CONSUMER STAPLES
GROUP RATKO MITROVIC,NOT RELEVANT
HUSKY CORPORATION DOO ,INDUSTRIALS
HAUZMAJSTOR DOO,INDUSTRIALS
PIMS DOO SIMANOVCI - U STECAJU,CONSUMER STAPLES
ZITOSTOK DOO VELIKA PLANA,CONSUMER STAPLES
AGRONAUT DOO BEOGRAD,CONSUMER STAPLES
OPTICUS DOO BEOGRAD,HEALTH CARE
FRIKOM DOO BEOGRAD,CONSUMER STAPLES
BRACA DRINIC DOO,MATERIALS
JOMAPEKS DOO NOVI SAD,INDUSTRIALS
JKP BEOGRADSKI METRO I VOZ,INDUSTRIALS
DRAGER TEHNIKA DOO BEOGRAD,HEALTH CARE
VELAN DOO BEOGRAD,CONSUMER DISCRETIONARY
VORWERK DRIVETEC SERBIA D.O.O.,CONSUMER DISCRETIONARY
KPMG DOO BEOGRAD,INDUSTRIALS
AGRO JOVAN DOO,UTILITIES
MOTO-PLAST DOO NOVA PAZOVA,MATERIALS
ALPROS AUTO DOO,CONSUMER DISCRETIONARY
MARINA (DRAGOLJUB) POPOVIC,CONSUMER STAPLES
CLINRES FARMACIJA DOO BEOGRAD,HEALTH CARE
MULTICOMPANY DOO NOVI SAD,CONSUMER DISCRETIONARY
LENADA DOO BEOGRAD - U STECAJU,CONSUMER STAPLES
DIRECT BRANDS DOO BEOGRAD  U PRINU,CONSUMER DISCRETIONARY
HOSANA DOO POZEGA,CONSUMER STAPLES
MEDIFARM BEOGRAD,NOT RELEVANT
ZITOPROMET-RUMA DOO RUMA,CONSUMER STAPLES
COCO-FASHION DOO,CONSUMER DISCRETIONARY
GRADATIN DOO NOVI SAD - U LIKVIDAC,NOT RELEVANT
ROYAL SPED DOO,INDUSTRIALS
DUGA FRUIT DOO,CONSUMER STAPLES
GROUP MAGNA PHARMACIA BG,HEALTH CARE
AKS EXPRESS KURIR,INDUSTRIALS
LEPENSKI VIR AD PECINCI,CONSUMER DISCRETIONARY
KARAMARKOVz DOO NOVI BANOVCI,CONSUMER STAPLES
POSTKEY REAL ESTATE,INDUSTRIALS
DJERDAP USLUGE AD KLADOVO,INDUSTRIALS
CWP Europe Sàrl,INDUSTRIALS
MS PROMCOM DOO  BEOGRAD,INDUSTRIALS
DOO AC INTERSREM VETERNIK,CONSUMER DISCRETIONARY
BALL GLOBAL BUSINESS SERVICES EMEA,INDUSTRIALS
CLP DOO VRSAC,INDUSTRIALS
HS ENGINEERING,INDUSTRIALS
GROUP EXTRA AUTOTRANSPORT,INDUSTRIALS
QUADRATURA DOO BEOGRAD,INDUSTRIALS
G3 SPIRITS DOO BEOGRAD,CONSUMER STAPLES
DOO MALI AGRAR RUMENKA,MATERIALS
ARIPHARMA DOO BEOGRAD,HEALTH CARE
PAKOM DISTRIBUTION SYSTEM DOO NIS,INFORMATION TECHNOLOGY
MERIDIAN BALKANS D.O.O. BEOGRAD,NOT RELEVANT
REDIBO DOO - U PRINUDNOJ LIKVIDACI,CONSUMER STAPLES
PITURA DOO BEOGRAD,MATERIALS
PREST DOO NIS DONJE MEDJUROVO,CONSUMER STAPLES
FRIGO  PAUN DOO POZEGA,CONSUMER STAPLES
PREDUZECE AEROFRUTI DOO SEVOJNO -,CONSUMER STAPLES
VIMPORT DOO BEOGRAD,CONSUMER DISCRETIONARY
LDM GROUP DOO BEOGRAD - ZEMUN,INDUSTRIALS
NARA PROM DOO BEOGRAD,REAL ESTATE
PANTO DISTRIBUCIJA DOO BEOGRAD,CONSUMER STAPLES
CORE DISTRIBUTION D.O.O.,CONSUMER STAPLES
TIS-JELOVICA,MATERIALS
KEPROM DOO BEOGRAD,CONSUMER DISCRETIONARY
KABELNET,INDUSTRIALS
GP GRIN D.O.O.,REAL ESTATE
UNICHEM ENVIRO DOO SUBOTICA,MATERIALS
KELAG INTERNATIONAL D.O.O.,UTILITIES
SAMEDI DOO VALJEVO,CONSUMER DISCRETIONARY
DEETA PLAST DOO KIKINDA,MATERIALS
NAFTA  DOO NOVI SAD,INDUSTRIALS
GROUP RODIC,NOT RELEVANT
RUMAPLAST DOO,MATERIALS
GROUP VULIN COMERC,NOT RELEVANT
VETERINARSKI ZAVOD SUBOTICA,CONSUMER STAPLES
AD PANSIROVINA PANCEVO,INDUSTRIALS
GTC Business Park d.o.o.,FINANCIALS
METEOR-COMMERCE,CONSUMER STAPLES
KRUNA-KOMERC DOO BEOGRAD,CONSUMER STAPLES
VOESTALPINE DOO BEOGRAD,MATERIALS
INTERAUTO DOO CACAK,CONSUMER DISCRETIONARY
ZAHAREX DOO,UTILITIES
WOILS DOO,CONSUMER DISCRETIONARY
TASKUS SB D.O.O.,INDUSTRIALS
MAGNOHROM DOO KRALJEVO,MATERIALS
DOO NS PHARM  NOVI SAD,HEALTH CARE
ARUM DOO ZEMUN,CONSUMER STAPLES
METALKA DOO BOR,INDUSTRIALS
REGULACIJE D.O.O. SREMSKA MITROVIC,INDUSTRIALS
GROUP ENTECO,INDUSTRIALS
WOLFERS D.O.O.,REAL ESTATE
DANILOVIC FAMILY INVEST DOO CACAK,REAL ESTATE
BRICK DEVELOPMENT D.O.O.,REAL ESTATE
SPV DONAU KAPITAL D.O.O. NOVI SAD,INDUSTRIALS
STEELTEC DOO JARAK - U STECAJU,MATERIALS
RADOVI U TOKU DOO BEOGRAD,FINANCIALS
COLOR EURO MEDIA D.O.O.,NOT RELEVANT
STR TREF,NOT RELEVANT
SANAD DOO SANAD,NOT RELEVANT
VIN&ZIG COMPANY - U STECAJU,NOT RELEVANT
METALAC COMPANY DOO KURSUMLIJA,INDUSTRIALS
AUTO CACAK TRUCKS DOO,CONSUMER DISCRETIONARY
DOO DMD-SISTEM CELAREVO,CONSUMER STAPLES
FERSPED D00 BEOGRAD,INDUSTRIALS
DOO UM ING ZRENJANIN,INDUSTRIALS
ARMONT DOO STARA PAZOVA,INDUSTRIALS
AUTO WORLD RENT DOO,INDUSTRIALS
PFIZER SRB D.O.O.,HEALTH CARE
SUPERNOVA DOO,CONSUMER STAPLES
SAGA TRANS DOO BEOGRAD,INDUSTRIALS
MEGGLE SRBIJA DOO KRAGUJEVAC,CONSUMER STAPLES
KOSTAG DOO BEOGRAD,INDUSTRIALS
VIRDZINIJA DOO KRALJEVO,CONSUMER STAPLES
EUROBAGET D.O.O.,CONSUMER STAPLES
KAMEN NIBENS DOO,INDUSTRIALS
AUTO KUCA VOZDOVAC AD,CONSUMER DISCRETIONARY
PRVA TELEVIZIJA DOO,CONSUMER DISCRETIONARY
MATICA IZOLACIJE DOO,NOT RELEVANT
DEMOKRATSKA STRANKA,NOT RELEVANT
SUBGROUP PAJIC,NOT RELEVANT
AXIANS SERBIA DOO,INFORMATION TECHNOLOGY
FAN DOO  NOVI SAD - U STECAJU,CONSUMER DISCRETIONARY
EUROPEAN APPLIANCES BALKANS D.O.O.,CONSUMER DISCRETIONARY
INTER-MOST AD BEOGRAD - U STECAJU,INDUSTRIALS
BASKET GROUP DOO BEOGRAD,CONSUMER DISCRETIONARY
LIKASISTEM BEOGRAD ZRENJANINSKI PI,NOT RELEVANT
LUKS-ELEKTRO D.O.O.UB,INDUSTRIALS
EXOL STARTER DOO BEOGRAD,CONSUMER DISCRETIONARY
DOB,INDUSTRIALS
SEC LUBES DOO BEOGRAD,INDUSTRIALS
EUROMODUL DOO VOJKA,INDUSTRIALS
GROUP VELEFARM,NOT RELEVANT
PP VOJVODINA DOO SOMBOR,NOT RELEVANT
KDS KATARINA COMPANY DOO BEOGRAD-S,CONSUMER STAPLES
AKCIONARSKO DRUSTVO ZA SAOBRACAJ,INDUSTRIALS
MHE STENICE DOO VALJEVO,UTILITIES
UNIHEMKOM DOO NOVI SAD - U STECAJU,HEALTH CARE
PERUTNINA PTUJ-TOPIKO D.O.O. BACKA,CONSUMER STAPLES
EGZAKTA,INDUSTRIALS
GROUP MILETIC PARACIN,INDUSTRIALS
GRADE TRANS DOO,INDUSTRIALS
GROUP CMANA,CONSUMER STAPLES
EXING ELEMENT DOO BEOGRAD NOVI,INDUSTRIALS
INVIGO CAPITAL DOO,FINANCIALS
ALSO SERBIA D.O.O.,INFORMATION TECHNOLOGY
GROUP KALABA,INDUSTRIALS
AGROECONOMIST DOO BEOGRAD,CONSUMER DISCRETIONARY
ALMIR - U STECAJU,CONSUMER DISCRETIONARY
ULTRAPOLYMERS DOO,MATERIALS
MORSO DOO BEOGRAD - U LIKVIDACIJI,MATERIALS
KONDIVIK USLUGE DOO VRSAC - U LIKV,NOT RELEVANT
STORK - U STECAJU,CONSUMER STAPLES
SPECIJALNA BOLNICA ZA BOLESTI,HEALTH CARE
JUKOMERC TRGOVINA AD KRUSEVAC U ST,CONSUMER STAPLES
AIR SERBIA CATERING D.O.O. BEOGRAD,NOT RELEVANT
TRGO KEMO GROUP D O O,INDUSTRIALS
SATURN ELECTRIC DOO BEOGRAD,INDUSTRIALS
OMEGA  KOMERC DOO ARANDJELOVAC,MATERIALS
PROBAR DOO BEOGRAD,CONSUMER STAPLES
SCHNEIDER ELECTRIC DOO NOVI SAD,INFORMATION TECHNOLOGY
RM ALKON STAHL DOO BEOGRAD,INDUSTRIALS
B-ONE SOLUTIONS D.O.O.,INFORMATION TECHNOLOGY
SEVERNA BACKA DOO,INDUSTRIALS
B.M.R. GROUP DOO SABAC,INDUSTRIALS
JUGOSISTEM DOO BELA PALANKA,MATERIALS
INTER CARS D.O.O.,CONSUMER DISCRETIONARY
AFCO,MATERIALS
KLIMA OPREMA DOO,INDUSTRIALS
DATALAB SR DOO BEOGRAD,INFORMATION TECHNOLOGY
HARSCO METALS DOO SMEDEREVO,NOT RELEVANT
AUTOCOBEST DOO,CONSUMER DISCRETIONARY
VOJVODINAPUT A.D. NOVI SAD,INDUSTRIALS
EUROPOLIS DOO,INDUSTRIALS
PANSPORT DOO VETERNIK,CONSUMER STAPLES
RUDNAP GROUP,NOT RELEVANT
EMMSA BALKAN DOO SABAC U STECAJU,NOT RELEVANT
DIRECT INVEST DOO NOVI SAD,CONSUMER STAPLES
PANONIJAPREVOZ-MV DOO,NOT RELEVANT
ALTER COMPANY DOO CACAK,CONSUMER DISCRETIONARY
KVIS DOO,CONSUMER DISCRETIONARY
GEMMA B&D DOO BEOGRAD,CONSUMER DISCRETIONARY
GRANAGRO,MATERIALS
AQUA MONT SERVICE DOO,INDUSTRIALS
AVIA - SACO - U STECAJU,NOT RELEVANT
RHENUS COMMODITY LOGISTICS,INDUSTRIALS
"BALL PAKOVANJA EVROPA BEOGRAD, D.O",MATERIALS
NS BOMI DOO STUBLINE,CONSUMER STAPLES
DOO EURO PETROL SUBOTICA,CONSUMER DISCRETIONARY
PREDST.SELECTCHEMIE AG BEOGRAD,HEALTH CARE
EKC DOO BEOGRAD,INDUSTRIALS
OTP LIZING D.O.O. BEOGRAD,NOT RELEVANT
FMCG DISTRIBUTION DOO,INDUSTRIALS
IMP - RACUNARSKI SISTEMI DOO BEOGR,INDUSTRIALS
KARIKA-PROMET DOO SUBOTICA,INDUSTRIALS
PAN CITY RESIDENCE DOO,REAL ESTATE
NSAGRO-ING,CONSUMER STAPLES
MAT-AGRO DOO FUTOG,CONSUMER STAPLES
EMMEZETA SRBIJA d.o.o.,CONSUMER DISCRETIONARY
DEVOTEAM DOO,INFORMATION TECHNOLOGY
ELIXIR ENERGETIKA DOO,UTILITIES
AGROMARKET LOGISTIC DOO KRAGUJEVAC,MATERIALS
DOO AGROLOGISTIC NOVI SAD,CONSUMER STAPLES
CORDEEL D.O.O.,INDUSTRIALS
HARTMANN DOO NOVI SAD,MATERIALS
FLORA DOO IVANJICA,CONSUMER STAPLES
ZLATARPLAST AD BISTRICA  NOVA VARO,MATERIALS
ZIPER - U STECAJU,NOT RELEVANT
TRGOMEN-PV DOO KOSOVSKA MITROVICA,INDUSTRIALS
PIONIR 2 DOO VOJKA,MATERIALS
GRUMILL DOO CRVENKA,NOT RELEVANT
ATOS FRUCTUM DOO,CONSUMER STAPLES
DC ZEMUN ZDRAVSTVENA USTANOVA,HEALTH CARE
WRIGLEY DOO,CONSUMER STAPLES
TERMO COLD DOO,INDUSTRIALS
"STARTING DOO BEOGRAD, BATAJNICA",INDUSTRIALS
BOHOR DOO UZICE,INDUSTRIALS
STEELSOFT DOO BEOGRAD,CONSUMER DISCRETIONARY
TEKO MINING D.O.O. BEOGRAD,MATERIALS
INGRAM MICRO DOO BEOGRAD,INFORMATION TECHNOLOGY
EUROMEDIK OPSTA BOLNICA,HEALTH CARE
ENERGOTEHNA DOO  NOVI SAD,INDUSTRIALS
SIXSENTIX DOO,INFORMATION TECHNOLOGY
DOM ZDRAVLJA VIZIM BEOGRAD,HEALTH CARE
EMINENT DOO SUBOTICA,CONSUMER DISCRETIONARY
"ECOTRADE BG DOO NIS, STRAHINJICA B",HEALTH CARE
WESTUM,INFORMATION TECHNOLOGY
USCE SHOPPING CENTER,REAL ESTATE
DOO COIN PANCEVO - U STECAJU,CONSUMER DISCRETIONARY
DRUSTVO SA OGRANICENOM,NOT RELEVANT
BN - BOS SPED DOO,NOT RELEVANT
AUTO FABO DOO NOVI PAZAR,CONSUMER DISCRETIONARY
EUROMERKUR D.O.O.,INDUSTRIALS
GREEN TECHNOLOGY SECOND DOO,UTILITIES
SAFETY SHOP DOO BEOGRAD,CONSUMER DISCRETIONARY
SVETSKA ORGANIZACIJA ZA PRIRODU AD,NOT RELEVANT
GALENS INVEST D.O.O. NOVI SAD,INDUSTRIALS
NEW DRAGAN SAKAN HOLDING DOO,CONSUMER DISCRETIONARY
SERBIA DOO,INDUSTRIALS
HUTCHINSON D.O.O.,CONSUMER DISCRETIONARY
RUD SPANSET D.O.O.,INDUSTRIALS
LUSS TEXTILE,CONSUMER DISCRETIONARY
"VLASINKA DOO, BEOGRAD",CONSUMER STAPLES
MENEX DOO KRUSEVAC,CONSUMER STAPLES
AGROSEME D.O.O. KIKINDA,CONSUMER STAPLES
"NISSAL PVC DOO, NIS",INDUSTRIALS
RESILUX ADRIATIC D.O.O.,MATERIALS
AERODROM BEOGRAD,NOT RELEVANT
COLOR PRESS GROUP D.O.O.,CONSUMER DISCRETIONARY
RUDNIK I FLOTACIJA RUDNIK DOO RUDN,MATERIALS
APEX SOLUTION TECHNOLOGY DOO,INFORMATION TECHNOLOGY
DRVO PRODUCT DOO,INDUSTRIALS
PROJECT BIRO UTIBER DOO,INDUSTRIALS
LUDAN ENGINEERING CO. LTD. OGRANAK,INDUSTRIALS
CPV TEKSTIL DOO,CONSUMER DISCRETIONARY
B 4 B DOO BEOGRAD,INDUSTRIALS
GROUP AIK BACKA TOPOLA,CONSUMER STAPLES
GROUP SAFRAN,CONSUMER DISCRETIONARY
FPM AGROMEHANIKA D.O.O. BOLJEVAC,INDUSTRIALS
MY CASE DOO BEOGRAD,CONSUMER DISCRETIONARY
ALGOTECH DOO BEOGRAD,INFORMATION TECHNOLOGY
VEGA DELIVERY CENTER SERBIA D.O.O.,INFORMATION TECHNOLOGY
DTM COMPANY DOO,CONSUMER DISCRETIONARY
PROFI NAILS DOO,INDUSTRIALS
FAZI DOO,INFORMATION TECHNOLOGY
BUDUCNOST BACKA PALANKA DOO,CONSUMER STAPLES
STAMPA SISTEM DOO BEOGRAD,CONSUMER STAPLES
P.D. AUTOCENTAR ANDRIC DOO VALJEVO,CONSUMER DISCRETIONARY
MEGA PLAST JOVANOVIC,CONSUMER DISCRETIONARY
YAYLA PAN D.O.O. SECANJ,CONSUMER STAPLES
MORIBUND CHEMICALS,INDUSTRIALS
SKI & SEA D.O.O.,CONSUMER DISCRETIONARY
SAT,INDUSTRIALS
ANTENALL DOO BEOGRAD,INFORMATION TECHNOLOGY
METAL-FLEX DOO NOVA PAZOVA,CONSUMER DISCRETIONARY
PRO LOGISTIC D.O.O.,NOT RELEVANT
CBA TRGOVINA DOO,NOT RELEVANT
MK PANONIJA DOO VRSAC,NOT RELEVANT
ECO ORGANIC LIFE DOO,NOT RELEVANT
EXXOL DOO,ENERGY
AL RAWAFED SERVICES DOO,INDUSTRIALS
ZASTAVA PROMET ARENA MOTORS AD KRA,CONSUMER DISCRETIONARY
ENOVITIS DOO TOPOLA,CONSUMER DISCRETIONARY
ANOVA NNL D O O  SREMSKA KAMENICA,CONSUMER STAPLES
DUGA AD BEOGRAD,MATERIALS
SKALA GREEN DOO SUBOTICA,CONSUMER DISCRETIONARY
SEE DIGITAL D.O.O.,INFORMATION TECHNOLOGY
MLIN KOVACEVIC DOO LIPOLIST,CONSUMER STAPLES
METALAC POSUDE,CONSUMER DISCRETIONARY
BEOPAN AD,CONSUMER DISCRETIONARY
BEOINOX DOO BEOGRAD,INDUSTRIALS
AGRO MASTER DOO KRAGUJEVAC,MATERIALS
PROCTER & GAMBLE D.O.O.,CONSUMER STAPLES
GREDA-METAL DOO VALJEVO,MATERIALS
BNB SMART DOO,REAL ESTATE
ANNA (LAJOS) HOLO,CONSUMER STAPLES
PREDUZECE ZA PROIZVODNJU TRGOVINU I,HEALTH CARE
NUTRA DOO,CONSUMER STAPLES
DOO JUGOPAN EXPORT-IMPORT NOVI SAD,INDUSTRIALS
CINE GRAND-MCF,COMMUNICATIONS
NEDELJKOVIC RADOSLAV PR,CONSUMER STAPLES
STRAUSS ADRIATIC DOO SIMANOVCI,NOT RELEVANT
GROUP OSA,INFORMATION TECHNOLOGY
MUNDORAMA DOO BEOGRAD,CONSUMER STAPLES
MPZ AGRAR DVA  DOO,CONSUMER STAPLES
RED FLY LINE DOO,INDUSTRIALS
PZP BEOGRAD DOO,INDUSTRIALS
PREDUZECE ZA PROIZVODNJU I TRGOVINU,HEALTH CARE
STEFAN & VASILIJE GRADNJA DOO,REAL ESTATE
GROUP ALPROS,CONSUMER DISCRETIONARY
SUBGROUP RUMAPLAST CONS.,MATERIALS
DESIGN SECURE CONNECTION-DSC D.O.O,INFORMATION TECHNOLOGY
BIZ RENT SHARING ECONOMY DOO,INDUSTRIALS
FIRST FACILITY DOO BEOGRAD,INDUSTRIALS
RAS RENT A CAR DOO BEOGRAD,INDUSTRIALS
PILE MILJOJKOVIz,CONSUMER STAPLES
DOO MEDACOM NIS,CONSUMER DISCRETIONARY
MAXIM MEDIA PLUS DOO,COMMUNICATIONS
DRAGICA (SAVA) LAZIC,CONSUMER STAPLES
DOO AGRO-KULA VRSAC,INDUSTRIALS
BOKA-COMERC DOO BATAJNICA,CONSUMER DISCRETIONARY
ARMACELL RS AD,MATERIALS
ZDRAVSTVENA USTANOVA ZAVOD ZA DIJA,NOT RELEVANT
SUBGROUP KIM-TEC SRBIJA,INFORMATION TECHNOLOGY
GRAFOSTIL 92,INDUSTRIALS
SU-MARKETI AD,NOT RELEVANT
MARERA CONSTRUCTION,INDUSTRIALS
NIVES DOO NIS,MATERIALS
TEHNO-COOP DOO SUBOTICA,INDUSTRIALS
GROUP MCCANN ERIKSON,CONSUMER DISCRETIONARY
RO & RO SYSTEM DOO BEOGRAD,ENERGY
VUJIC VALJEVO D.O.O.,INDUSTRIALS
TPP LITEKS DOO LIPOLIST,CONSUMER STAPLES
GREEN FLY LINE D.O.O. BEOGRAD,INDUSTRIALS
GROUP AGRO RAVANGRAD DOO SOMBO,CONSUMER STAPLES
HLADNJACE RENT D.O.O. - U PRINUDNO,CONSUMER STAPLES
OMNICO DISTRIBUCIJA DOO ZEMUN - U,CONSUMER STAPLES
JABLANICA MP DOO BEOGRAD,INDUSTRIALS
PNEUMATIKFLEX-PPT CILINDRI,INDUSTRIALS
GROUP PESTAN,INDUSTRIALS
SUBGROUP JUGO-KAOLIN,MATERIALS
FISH CORP  2000 DOO BEOGRAD,CONSUMER STAPLES
MINOTTI DOO  BEOGRAD,INDUSTRIALS
BUNGE GRANOLIS DOO,CONSUMER STAPLES
BELGRADE AIRPORT,INDUSTRIALS
"ROSA DOO ALEKSANDROVAC, PLES",CONSUMER STAPLES
AGRAR-PETROVIC,CONSUMER DISCRETIONARY
DHL GLOBAL FORWARDING DOO,INDUSTRIALS
HEBA DOO BUJANOVAC,CONSUMER STAPLES
ICCM D.O.O.,INDUSTRIALS
ARHIBET PRO DOO SOPOT,MATERIALS
"JKP PARKING SERVIS OBRENOVAC, OBRE",INDUSTRIALS
TEYONEMA DOO BEOGRAD,CONSUMER STAPLES
COOPER STANDARD SRBIJA DOO,CONSUMER DISCRETIONARY
Masterplast YU D.o.o,INDUSTRIALS
"PREDUZECE ZA PUTEVE VRANJE AD, VRAN",INDUSTRIALS
IMTEL COMPUTERS AD,NOT RELEVANT
LINPAC PACKAGING DOO ZA PROIZVODNJU,MATERIALS
JKP GRADSKA TOPLANA NIS,UTILITIES
GROUP CONTANGO,MATERIALS
GROUP HOLLIDAY,CONSUMER DISCRETIONARY
FERMAX DOO BEOGRAD,INDUSTRIALS
JP GRADSKA CISTOCA LAJKOVAC,INDUSTRIALS
PROGRES INZENJERING DOO CACAK,INDUSTRIALS
FEED&SEED TECHNOLOGIES DOO BEOGRAD,CONSUMER STAPLES
ACTAVIS DOO BEOGRAD,HEALTH CARE
9. SEPTEMBAR - TISSUE CONVERTING D,INDUSTRIALS
STOEBICH BRANDSCHUTZ D.O.O. BEOGRA,INDUSTRIALS
TRIO TRANS D.O.O. SIMANOVCI,INDUSTRIALS
YUGLOB,CONSUMER DISCRETIONARY
DESTILERIJA TEODOR DOO,CONSUMER STAPLES
NIRSEN,INFORMATION TECHNOLOGY
LOOK UP D.O.O. BEOGRAD,CONSUMER DISCRETIONARY
AGROSTOJ DOO GLOGONJ,CONSUMER STAPLES
CITY EXPRESS DOO,INDUSTRIALS
ROTAM D.O.O. BEOGRAD,CONSUMER DISCRETIONARY
PEZOS EXPORT-IMPORT DOO RUMENKA,INDUSTRIALS
EKOFARM DOO USCE,CONSUMER STAPLES
GROUP METALFER,MATERIALS
VB-VEKOL DOO LOZNICA,CONSUMER STAPLES
KOPAONIK AD,NOT RELEVANT
GROUP MONICOM,MATERIALS
GABRIELA HOLO,CONSUMER STAPLES
DOO PAN HARVEST GAKOVO,CONSUMER STAPLES
VELVET ANIMAL HEALTH DOO BEOGRAD,HEALTH CARE
"DRUSTVO ZA PROIZVODNJU,TRGOVINU",INFORMATION TECHNOLOGY
MASKOM INTERNATIONAL,INDUSTRIALS
BERGEN D.O.O.,INDUSTRIALS
D I F O L DOO BEOGRAD ZEMUN,INDUSTRIALS
WARGAMING D.O.O.,INFORMATION TECHNOLOGY
NOVO PLUS DOO CRVENKA,CONSUMER STAPLES
SKY TECHNOLOGIES DOO BEOGRAD,INFORMATION TECHNOLOGY
ZZ TRLIC UB,CONSUMER STAPLES
MINECO PLUS DOO BEOGRAD,MATERIALS
MEGALANT RS D.O.O.,INDUSTRIALS
DOO MAREL VELIKO GOLOVODE,INDUSTRIALS
WOBY HAUS DOO NOVI SAD,CONSUMER DISCRETIONARY
BTI DOO,INDUSTRIALS
KESSER-GRADNJA DOO NOVI SAD,REAL ESTATE
EUROPOLIS 011 DOO,INDUSTRIALS
AGROGLOBE AGRAR D.O.O.,CONSUMER STAPLES
ROHE DOO BEOGRAD,INDUSTRIALS
VN PROMET DOO SUBOTICA,INDUSTRIALS
LACUNA DOO BEOGRAD,NOT RELEVANT
pred.allied telesis emena gmbh,INFORMATION TECHNOLOGY
GROUP INVEJ,NOT RELEVANT
VALMAN D.O.O. BEOGRAD,INDUSTRIALS
NID COLOR MEDIA INTERNATIONAL NOVI,COMMUNICATIONS
ADAMOGRADNJA DOO BEOGRAD - U STECA,INDUSTRIALS
BETA SEME DOO GOLUBINCI,CONSUMER STAPLES
AGROMONDO DOO NOVI SAD,INDUSTRIALS
V&B DOO SUBOTICA,MATERIALS
JKP BEOGRAD PUT,INDUSTRIALS
PUT-INZENJERING DOO NIS,INDUSTRIALS
INSTITUT MIHAJLO PUPIN DOO BEOGRAD,INDUSTRIALS
GROUP SET DOO SABAC,INDUSTRIALS
WASTE BINS DOO BEOGRAD,INDUSTRIALS
DOO M PROJECT CO. CACAK,INDUSTRIALS
SRBIJA CENTAR,INDUSTRIALS
DOO SWEET HOME BRUS,CONSUMER STAPLES
IDEA MARKETI DOO,CONSUMER STAPLES
SUBGROUP KOLPORTER GRUPA,CONSUMER DISCRETIONARY
STILL SELL DOO,CONSUMER STAPLES
SILVER BELL GROUP DOO,INDUSTRIALS
FRUCOM FOOD DOO,CONSUMER STAPLES
JUNGHEINRICH DOO,INDUSTRIALS
EHOM AUTO DOO BEOGRAD,CONSUMER DISCRETIONARY
POLITEK AUTO CENTAR DOO,CONSUMER DISCRETIONARY
GARDNER DENVER DEUTSCHLAND,INDUSTRIALS
"JKP DRUGI-OKTOBAR, VRSAC",UTILITIES
MEDILINK NOVI D.O.O.,CONSUMER DISCRETIONARY
DOO ZA PRERADU I KONZERVIRANJE MLEK,CONSUMER STAPLES
GITARIC DOO S. PALANKA,NOT RELEVANT
ECOVIS SEE D.O.O. BEOGRAD,INDUSTRIALS
TRACO-INVEST DOO BEOGRAD,INDUSTRIALS
MASINOPROMET D.O.O.,NOT RELEVANT
ITX RS,CONSUMER DISCRETIONARY
MITSIDES POINT AD SREMSKA MITROVIC,NOT RELEVANT
KVIN DOO KRAGUJEVAC,CONSUMER STAPLES
FRUTTI GROUP DOO,NOT RELEVANT
PRIVREDNO DRUSTVO ZA,CONSUMER DISCRETIONARY
NBA-COMMERCE DOO BEOGRAD,MATERIALS
TEPKOS DOO CONOPLJA,CONSUMER STAPLES
PUMPA D.O.O.,CONSUMER STAPLES
H&M HENNES & MAURITZ D.O.O.,CONSUMER DISCRETIONARY
SELECT FRUIT DOO,CONSUMER STAPLES
ERDEVIK D.O.O.,CONSUMER STAPLES
ARSENAL CO DOO BEOGRAD,CONSUMER DISCRETIONARY
ATLANTIC BRANDS DOO BEOGRAD,CONSUMER STAPLES
EUROOPREMA DOO BEOGRAD   - U PRINU,INDUSTRIALS
HOLYCODE D.O.O.,INFORMATION TECHNOLOGY
EUROSALON REAL ESTATE DOO BEOGRAD,REAL ESTATE
SMILJANIC-KOMERC DOO,INDUSTRIALS
DZIMI COMMERCE DOO,INDUSTRIALS
OPSTA BOLNICA EUROMEDIK 3,HEALTH CARE
STREIT NOVA DOO,CONSUMER DISCRETIONARY
MEDICAL INNOVATION SOLUTIONS D.O.O,HEALTH CARE
OSA - RACUNARSKI INZENJERING DOO B,INFORMATION TECHNOLOGY
ZITOMLIN DOO BEOGRAD,CONSUMER STAPLES
MERCURY ENGINEERING D.O.O. BEOGRAD,NOT RELEVANT
FRUTELA GROUP D.O.O. N.BEOGRAD,CONSUMER STAPLES
NEOMEDICA DOO BEOGRAD,HEALTH CARE
VIATEC WOOD D.O.O. ZDEGLOVO - U LI,CONSUMER DISCRETIONARY
DOMIS ENTERIJERI DOO LACARAK,INDUSTRIALS
SILVER-KOP DEVELOPMENT,REAL ESTATE
CAPGEMINI,INFORMATION TECHNOLOGY
KOMPRESOR AZIJA AUTO DOO,INDUSTRIALS
GROUP KMG,ENERGY
SAT-KADROVSKE USLUGE D.O.O. BEOGRA,INDUSTRIALS
ENOVA SOUTH EAST EUROPE D.O.O.,INDUSTRIALS
BIMED DOO,REAL ESTATE
MHM-PROJEKT DOO NOVI SAD,INDUSTRIALS
GRADING DOO BEOGRAD,INDUSTRIALS
AGENT PLUS DOO BEOGRAD,INDUSTRIALS
ime-autolift d.o.o. kragujevac,INDUSTRIALS
NOVI LOGOS DOO BEOGRAD,COMMUNICATIONS
REMONT DOO KRAGUJEVAC,INDUSTRIALS
METALING DOO BEOGRAD,INDUSTRIALS
LIN DOO MAJUR,HEALTH CARE
SINAGOGA DOO SOMBOR,CONSUMER STAPLES
ROTOGRAFIKA DOO SUBOTICA,INDUSTRIALS
AUTO-KUCA GUDALOVIC DOO BEOGRAD,CONSUMER DISCRETIONARY
CIM GAS DOO SUBOTICA,INDUSTRIALS
KUC-COMPANY D.O.O.,NOT RELEVANT
MONA HOTEL MANAGEMENT DOO BEOGRAD,CONSUMER DISCRETIONARY
ENERGROM DOO BELA CRKVA-U STECAJU,INDUSTRIALS
VELEFARM-LEKOVI PRODAJA DOO BEOGRA,NOT RELEVANT
INTIS D.O.O. BEOGRAD,INDUSTRIALS
MACCHINA SECURITY DOO BEOGRAD,INDUSTRIALS
FORMA REAL ESTATE RENT 1,REAL ESTATE
LIBERO TEAM DOO BEOGRAD,CONSUMER STAPLES
GLOBAL LINKS DOO,INDUSTRIALS
SANIVOD DOO BEOGRAD,INDUSTRIALS
OTP MEDIC DOO,UTILITIES
MM 99 DOO STARA PAZOVA,REAL ESTATE
MDD GROUP DOO NOVI SAD,CONSUMER STAPLES
BE.PU.MI. DOO NOVI SAD,MATERIALS
DR TECHNO VB DOO NOVI SAD,CONSUMER DISCRETIONARY
MOLSON COORS SER D.O.O.,CONSUMER STAPLES
TOMIC GRADNJA DOO,INDUSTRIALS
DAMMIL DOO,INDUSTRIALS
CETIN D.O.O.,COMMUNICATIONS
CARGOCHEM D.O.O.,MATERIALS
GRADITELJ INZENJERING DOO,NOT RELEVANT
PUTNIK RENT A CAR DOO,INDUSTRIALS
LEMIC GROUP DOO ZEMUN,NOT RELEVANT
ZLATIBO2R VODA DOO - U STECAJU,CONSUMER STAPLES
COMERCE DOO,NOT RELEVANT
JKP BELOSAVAC ZAGUBICA,UTILITIES
TRMKA-KABL TELEKOMUNIKACIJE D.,NOT RELEVANT
MOSKOMERC D.O.O. BEOGRAD,CONSUMER DISCRETIONARY
GENING DOO,INDUSTRIALS
GULJAS AGRAR DOO SILBAS,CONSUMER STAPLES
VEKTOR INVEST DOO BEOGRAD,INDUSTRIALS
TERMOVENT ENGINEERING DOO BEOGRAD,INDUSTRIALS
ENERGOPROJEKT HIDROINZENJERING,INDUSTRIALS
ELEKTA SOLUTIONS DOO,HEALTH CARE
MOHACI D.O.O STARA MORAVICA,CONSUMER STAPLES
W.D. CONCORD WEST DOO,INDUSTRIALS
PORSCHE SCG DOO BEOGRAD,CONSUMER DISCRETIONARY
DOO PROMONT KOMERC NIS,CONSUMER DISCRETIONARY
TELEMAX D O O  BEOGRAD,INDUSTRIALS
STUDIO M DCS DOO BEOGRAD,INDUSTRIALS
QUIVOGNE RS DOO,INDUSTRIALS
MAGNUM DOO PARACIN,CONSUMER STAPLES
ENERGY TYRES TEAM DOO BEOGRAD - U,CONSUMER DISCRETIONARY
AGRO PLUS DOO SOMBOR,NOT RELEVANT
JKP GROCKA GROCKA - U STECAJU,INDUSTRIALS
"SIMEX DOO, SUBOTICA - U STECAJU",CONSUMER STAPLES
RODIC M&B INVEST - U STECAJU,NOT RELEVANT
BIT SPED DOO,INDUSTRIALS
JKP PARKING-SABAC SABAC,NOT RELEVANT
YELLOW FLY LINE D.O.O. BEOGRAD,INDUSTRIALS
LIST SOLUTIONS AD BEOGRAD   U STECA,INDUSTRIALS
GRBA PRPIC DOO BACKI JARAK,INDUSTRIALS
HOLY DOO,CONSUMER DISCRETIONARY
BEOGRADEVINAR DOO - U STECAJU,NOT RELEVANT
AAA-1 RENT DOO,INDUSTRIALS
GOSA MONTAZA DOO BEOGRAD,INDUSTRIALS
ZMAJEVAC DOO IRIG,CONSUMER STAPLES
MOL SERBIA D.O.O. BEOGRAD,ENERGY
ASKGAMBLERS DOO,COMMUNICATIONS
GROUP OFFICE SHOES,CONSUMER DISCRETIONARY
PROVIS DOO BIJELJINA,INFORMATION TECHNOLOGY
GASTRANS DOO,ENERGY
KYUNGSHIN CABLE EUROPE D.O.O.,CONSUMER DISCRETIONARY
DELFI KNJIZARE DOO BEOGRAD,CONSUMER DISCRETIONARY
INFOBIP SERBIA DOO BEOGRAD,INFORMATION TECHNOLOGY
TODY DOO BLACE,CONSUMER STAPLES
ALTA MOTORS DOO - U PRINUDNOJ LIKV,CONSUMER DISCRETIONARY
VINOPRODUKT-COKA - U STECAJU,CONSUMER STAPLES
DR. OETKER D.O.O.,CONSUMER STAPLES
MB NAMENSKA AD LUCANI,NOT RELEVANT
MIRAS B DOO,CONSUMER DISCRETIONARY
KNOTT-AUTOFLEX YUG DOO BECEJ,CONSUMER DISCRETIONARY
GUDMARK GROUP  D.O.O.zABAC,MATERIALS
KBRAD DEVELOPMENT,REAL ESTATE
APOTEKA FARMEKS APOTEKE -U LIKVIDA,CONSUMER STAPLES
ARABESA DOO,INDUSTRIALS
SANTOK DOO VRANICI,CONSUMER DISCRETIONARY
TOSAMA DOO,HEALTH CARE
GREINER I JP PACKAGING DOO NOVA PA,MATERIALS
VINCULA BIOTECH GROUP DOO BEOGRAD,INDUSTRIALS
MORAVA IN DOO KRUSEVAC - U STECAJU,INDUSTRIALS
SGA DOO,INFORMATION TECHNOLOGY
"PREDUZECE ZA PROIZVODNJU,",MATERIALS
IMP-AUTOMATIKA DOO BEOGRAD,INDUSTRIALS
DOO FAIR PLAY 019 NEGOTIN,CONSUMER STAPLES
MIODRAG (ZIVAN) LAZIC,CONSUMER STAPLES
SERBIA BROADBAND SRPSKE KABLOVSKE M,COMMUNICATIONS
VRACAR DOO BEOGRAD,INDUSTRIALS
GROUP STRATEMIS,INDUSTRIALS
MILAN (DJORDJE) DONIC,CONSUMER STAPLES
AUTO WORLD D O O BEOGRAD,CONSUMER DISCRETIONARY
PANFRUIT DOO NOVI SAD - U STECAJU,CONSUMER STAPLES
DELTA RENT-A-CAR D.O.O.,INDUSTRIALS
FILIP,CONSUMER STAPLES
DOO AGROSIT-SEMENARSTVO ALEKSANDRO,NOT RELEVANT
MAGAN-YU D.O.O. SUBOTICA,NOT RELEVANT
PRO-PRINT PROGRESIJA DOO,MATERIALS
STECAJNA MASA M-PLAST EKSPOSRT IMP,CONSUMER DISCRETIONARY
NID SVET PLUS INTERNATIONAL D.O.O.,NOT RELEVANT
BRUNATA DOO BEOGRAD,INDUSTRIALS
Keramika-Holding d.o.o. Beograd,MATERIALS
FS DOO BEOGRAD - U PRINUDNOJ LIKVI,CONSUMER STAPLES
SWISS INTERMEDICAL AD BEOGRAD U ST,NOT RELEVANT
BIO-VITA DOO VAJSKA,CONSUMER STAPLES
GROUP KOVING,INDUSTRIALS
A2B EXPRESS DELIVERY DOO,NOT RELEVANT
TRGOVINA IGNJATOVIC DOO,CONSUMER STAPLES
GROUP KOEFIK,CONSUMER DISCRETIONARY
EMIL FREY AUTO CENTAR D.O.O.,CONSUMER DISCRETIONARY
DEPO SERVIS  D.O.O. BEOGRAD,INDUSTRIALS
MAJEVICA-POLJOOPREMA AD BACKA PALA,INDUSTRIALS
AGRANO,CONSUMER STAPLES
ALBO DOO ZEMUN,CONSUMER DISCRETIONARY
ANANAS EXPRESS D.O.O. NOVA PAZOVA ,INDUSTRIALS
CARLSBERG SRBIJA D.O.O.,CONSUMER STAPLES
GROUP METLARAMAZZA,CONSUMER STAPLES
METAL SHOP,INDUSTRIALS
NEIMAR-V AD BEOGRAD,REAL ESTATE
BB ELEKTRONIK DOO RUMA-VOGANJ,INDUSTRIALS
TECHNO FERUM DOO KANJIZA,INDUSTRIALS
PTP DIS DOO KRNJEVO,CONSUMER STAPLES
D SPORT SYSTEM DOO NOVI SAD,CONSUMER STAPLES
AD SUPERPROTEIN ZRENJANIN - U LIKV,NOT RELEVANT
MTG DOO BEOGRAD - U PRINUDNOJ LIKV,CONSUMER DISCRETIONARY
GRADJEVINSKA DIREKCIJA SRBIJE DOO,FINANCIALS
INSTITUT PKB AGROEKONOMIK DOO,INDUSTRIALS
FRUCOM DOO,CONSUMER DISCRETIONARY
TAMIS - U STECAJU,NOT RELEVANT
NUMANOVIC SNS D.O.O. NOVI PAZAR,CONSUMER DISCRETIONARY
"ALUMIL YU INDUSTRY AD, NOVA PAZOVA",CONSUMER DISCRETIONARY
MIKROS UNION DOO,CONSUMER STAPLES
PUT D.O.O. JAGODINA,NOT RELEVANT
LEONARDO KD,NOT RELEVANT
VINARIJA ZVONKO BOGDAN DOO PALIC,CONSUMER STAPLES
RADE SPED DOO KRAGUJEVAC,CONSUMER DISCRETIONARY
AC BRAJIC DOO,CONSUMER DISCRETIONARY
JKP NAS DOM POZEGA,UTILITIES
TIS DOO IVANJICA,CONSUMER DISCRETIONARY
ALTERNATIVE CONSULTING DOO BEOGRAD,INDUSTRIALS
BOTTCHER SRB DOO,MATERIALS
SUBGROUP DIJAMANT,CONSUMER STAPLES
SANEL DOO,CONSUMER DISCRETIONARY
SPECIJALNA BOLNICA ZA REHABILITACI,HEALTH CARE
KLUB A,MATERIALS
PREMIUM RENT A DRIVE,INDUSTRIALS
CIAK USLUGE DOO,CONSUMER DISCRETIONARY
APOTEKARSKA USTANOVA NEOFARM,CONSUMER STAPLES
PCM GRAF DOO GORNJI MILANOVAC,INDUSTRIALS
NIKOLA STOJKOVIC PR KLIKLAK RACUNA,CONSUMER DISCRETIONARY
DOO METALAC-TRADE-G.MILANOVAC,CONSUMER DISCRETIONARY
BRIV CONSULTING DOO BEOGRAD,CONSUMER DISCRETIONARY
INTERCAFFE D.O.O. BEOGRAD,CONSUMER DISCRETIONARY
INOVENTIC ID D.O.O.,CONSUMER DISCRETIONARY
ENERGY PRO DOO NOVI SAD,INDUSTRIALS
RTV BK TELECOM D.O.O. BEOGRAD,NOT RELEVANT
GROUP P.S. TELEFONIJA,INFORMATION TECHNOLOGY
GLOBO DOO NOVI SAD,CONSUMER DISCRETIONARY
GROUP KIMBY,CONSUMER STAPLES
VIZIJA TIM D.O.O SABAC,MATERIALS
DOO EKO MABER INZENJERING PANCEVO,INDUSTRIALS
AGROFROST DOO BEOGRAD - U STECAJU,CONSUMER STAPLES
TRAMPEX DOO BEOGRAD,CONSUMER STAPLES
VITA ELKO DOO BEOGRAD,INDUSTRIALS
PREDUZECE ALUFIX DOO BEOGRAD - U L,MATERIALS
COMEL TRANSFORMATRORI D.O.O.,INDUSTRIALS
4 M DOO LESKOVAC,CONSUMER DISCRETIONARY
TIAC D.O.O.,INDUSTRIALS
AEROSFERA DOO BEOGRAD,CONSUMER DISCRETIONARY
PROTON SYSTEM DOO BEOGRAD,HEALTH CARE
GP D.O.O. BEOGRAD,INDUSTRIALS
OBLAK TEHNOLOGIJE DOO BEOGRAD-ZEMU,INFORMATION TECHNOLOGY
HRANA-TEC DOO BEOGRAD,INDUSTRIALS
BRACA  ILIC,INDUSTRIALS
BRAME R&D D.O.O.,INFORMATION TECHNOLOGY
GV19 RESIDENCE DOO,INDUSTRIALS
GROUP JEDINSTVO,INDUSTRIALS
MEHANOPRINT,INDUSTRIALS
ILDIKA (ISTVAN) BESU,CONSUMER STAPLES
PIK JUZNI BANAT DOO BELA CRKVA,CONSUMER STAPLES
SMART DOO NOVI SAD,CONSUMER DISCRETIONARY
RAKETA A B  DOO BAJINA BASTA,INDUSTRIALS
UNITED GROUP RS D.O.O. BEOGRAD,COMMUNICATIONS
VETMEDIC DOO,HEALTH CARE
VIVENS D.O.O.,CONSUMER DISCRETIONARY
STAMPA PRESS DOO BEOGRAD,NOT RELEVANT
NOKIA TIETOLIIKENNE OY- OGRANAK U B,NOT RELEVANT
FINKOM,CONSUMER STAPLES
ERS RENT DOO,REAL ESTATE
BIO-ENERGOOIL DOO BEOGRAD-NOVI BEO,ENERGY
DOO PORT COMPANY APATIN,CONSUMER STAPLES
STEVAN STILL DOO BEOGRAD ZEMUN,CONSUMER STAPLES
GASTPRO,INDUSTRIALS
AGRORIT DOO MELENCI,INDUSTRIALS
GROUP ANNOVA,CONSUMER STAPLES
MPP JEDINSTVO AD SEVOJNO,INDUSTRIALS
& LOMB POLAND SP. Z.O.O. BEOGRAD,HEALTH CARE
M-T GROUP D.O.O.,INDUSTRIALS
SLADARA SOUFFLET SRBIJA DOO,CONSUMER STAPLES
INGRAP-OMNI DOO BEOGRAD,INDUSTRIALS
DOO KACAREVO KACAREVO,CONSUMER STAPLES
VIA GUSTO DOO,CONSUMER DISCRETIONARY
MLINO-MONT DOO,INDUSTRIALS
RATKO MITROVIC-MEHANIZACIJA DOO,NOT RELEVANT
DOO BIG-CHICKEN  BACINCI - U STECA,NOT RELEVANT
NCA INVESTMENT GROUP DOO BEOGRAD,INDUSTRIALS
"STAKLOPAN AD, BEOGRAD",NOT RELEVANT
CELIK AD,INDUSTRIALS
KHS BURO BEOGRAD,INDUSTRIALS
GROUP MIROTIN,NOT RELEVANT
TOPLANA JKP LESKOVAC,UTILITIES
DEXY CO DOO BEOGRAD,CONSUMER DISCRETIONARY
GALENS D.O.O. NOVI SAD,INDUSTRIALS
TRIVIT DOO BECEJ,CONSUMER STAPLES
ZILKER TECHNOLOGY - U LIKVIDACIJI,INFORMATION TECHNOLOGY
UNION DRVO DOO BEOGRAD,CONSUMER DISCRETIONARY
PRIOR PROJECT D.O.O.,INDUSTRIALS
VERDOM DOO DONJA MUTNICA,INDUSTRIALS
GESO INDUSTRIAL ENVIRONMENT,INDUSTRIALS
KARCHER D.O.O. BEOGRAD,INDUSTRIALS
OBUCA METRO DOO VRBAS,CONSUMER DISCRETIONARY
INCANTO INDUSTRIES D.O.O.,CONSUMER DISCRETIONARY
GPS INSULATORS D.O.O.,INDUSTRIALS
PRO-LAGER VILJUsKARI DOO ,INDUSTRIALS
MEDIUS DOO NOVA PAZOVA,CONSUMER STAPLES
DOO PUT-INVEST NOVI SAD,INDUSTRIALS
GROUP elektrovat,INDUSTRIALS
DOO BELL CHEMICALS BANATSKO VELIKO,MATERIALS
ORION INNOVATION D.O.O.,INFORMATION TECHNOLOGY
N SPORT DOO BEOGRAD,CONSUMER DISCRETIONARY
AGROLIKA,CONSUMER STAPLES
BRACA MARJANOVIC D.O.O.,NOT RELEVANT
DOO PIONIR PETROL STARA PAZOVA,CONSUMER DISCRETIONARY
MSV INVEST ING DOO KRALJEVO,NOT RELEVANT
PORSCHE LEASING SCG DOO,CONSUMER DISCRETIONARY
DIB DOO BUJANOVAC,NOT RELEVANT
WEBA KRAGUJEVAC D.O.O.,INDUSTRIALS
AMP DIJAGNOSTIKA DOO NOVI SAD,HEALTH CARE
MILIC DOO PARACIN,INDUSTRIALS
GIA TECHNOLOGY DOO NOVI SAD,INDUSTRIALS
PRAMAT DOO DOBANOVCI - U PRINUDNOJ,INDUSTRIALS
GEVEKOM CUSTOMER SERVICES D.O.O. B,INDUSTRIALS
GROUP ECOTRADE,HEALTH CARE
SPRENGNETTER D.O.O. BEOGRAD,REAL ESTATE
TISZA AUTOMOTIVE DOO SENTA,CONSUMER DISCRETIONARY
MESOVITO PREDUZECE ZA PROMET ROBA I,CONSUMER STAPLES
COMPANY BB DOO,CONSUMER STAPLES
PRETEK DOO BEOGRAD,INDUSTRIALS
HIDRO-TAN DOO BEOGRAD,INDUSTRIALS
SALVUS INTERNATIONAL,HEALTH CARE
MAX MOBILITY SOLUTIONS DOO,INDUSTRIALS
VESNA (RADOVAN) VESKOV,CONSUMER STAPLES
DOO DURDEVIC 1999 SUBOTISTE,CONSUMER STAPLES
CLICO SEE DOO,INFORMATION TECHNOLOGY
MLEKOPRODUKT DOO ZRENJANIN,CONSUMER STAPLES
GROUP SPORT VISION RS,CONSUMER DISCRETIONARY
GLOBAL NETWORK,CONSUMER DISCRETIONARY
LAGADO DOO BUJANOVAC,NOT RELEVANT
VITALIS TRADE DOO NOVI SAD - U STE,CONSUMER STAPLES
DOBRAVAC PAK DOO SABAC,CONSUMER STAPLES
GROUP ARROW,CONSUMER STAPLES
GROUP NOVEL,CONSUMER DISCRETIONARY
VEKTOR INZENJERING - U STECAJU,NOT RELEVANT
SAFRAN DOO,CONSUMER DISCRETIONARY
NOVKOL DOO,INDUSTRIALS
ZELEZARA SMEDEREVO D.O.O.,MATERIALS
GOODYEAR SERBIA D.O.O.,CONSUMER DISCRETIONARY
PRODYNA DOO BEOGRAD,INFORMATION TECHNOLOGY
BISA MARKET,CONSUMER STAPLES
STS PROPERTIES,REAL ESTATE
PETEFI DOO TEMERIN,CONSUMER STAPLES
ZELVOZ DOO,INDUSTRIALS
MY ARGOS DOO LAZAREVAC,CONSUMER STAPLES
D.O.O. AGRARSENT DESPOTOVO,CONSUMER STAPLES
MASTER FRIGO SALES D.O.O.,INDUSTRIALS
BANE-KOMERC DOO KUMAREVO-LESKOVAC,MATERIALS
FEROMONT PLASTIKA DOO STARA PAZOVA,INDUSTRIALS
LAURA KOZMETIKA DOO BEOGRAD - U LI,CONSUMER STAPLES
VALOR DOO ZRENJANIN,CONSUMER STAPLES
EPAM SYSTEMS D.O.O.,INFORMATION TECHNOLOGY
ZORKA-KERAMIKA D.O.O.,MATERIALS
MG PRECAST DOO,INDUSTRIALS
MITIC PLAST KUMAREVO,MATERIALS
ADVANTO DOO BEOGRAD,INDUSTRIALS
TEHNOMANIJA DOO BEOGRAD,CONSUMER DISCRETIONARY
SECTRON DOO BEOGRAD,INFORMATION TECHNOLOGY
APOTEKARSKA USTANOVA VEGAFARMA,CONSUMER STAPLES
STANDARD LOGISTIC DOO NOVI BEOGRAD,INDUSTRIALS
GRAND CASINO DOO BEOGRAD,CONSUMER DISCRETIONARY
MTS SISTEMI I INTEGRACIJE DOO ,INFORMATION TECHNOLOGY
PETAR (DUSAN) RONCEVIC,CONSUMER STAPLES
SUPERNOVA REAL ESTATE DO0,REAL ESTATE
"TELEKOM SRBIJA A.D., BEOGRAD",COMMUNICATIONS
DELIKOMAT DOO BEOGRAD,CONSUMER STAPLES
BROWELL DOO,INDUSTRIALS
SHOPPSTER D.O.O. BEOGRAD,CONSUMER DISCRETIONARY
WOOD CHIPS DOO BEOGRAD,MATERIALS
GROUP INBERG GETRACO,CONSUMER STAPLES
SCHNEIDER ELECTRIC SRBIJA D.O.O.,INDUSTRIALS
NORA (ISTVAN) MUNKAS,CONSUMER STAPLES
PANMARKETING DOO PANCEVO,MATERIALS
AMERICKA PRIVREDNA KOMORA U SRBIJI,NOT RELEVANT
VIRTU PARTNERS DOO,INDUSTRIALS
CINOS DOO,MATERIALS
JAVNA MEDIJSKA USTANOVA RADIO-TELE,CONSUMER DISCRETIONARY
LEMEX GAMAKOM DOO LESKOVAC,CONSUMER STAPLES
SYNERGETIC DOO KRNJESEVCI,MATERIALS
BIG BULL FOODS DOO BAzINCI,CONSUMER STAPLES
EUROPAPIER SRBIJA DOO BEOGRAD,MATERIALS
MONELLI DOO KRAGUJEVAC,MATERIALS
JOFI-KOMERC DOO NIS,ENERGY
BELT DOO RATINA,NOT RELEVANT
WIRELESS MEDIA DOO,NOT RELEVANT
TERMOVENT SC LIVNICA CELIKA AD,MATERIALS
ALITALIA-SOCIETA AEREA ITALIANA,INDUSTRIALS
MOJA BACKA PALANKA BACKA PALANKA,CONSUMER DISCRETIONARY
NESTLE ICE CREAM SRBIJA DOO STARA,CONSUMER STAPLES
DOO MORAVA INZENJERINGPROJEKT SOMB,REAL ESTATE
PURATOR EKOTEHNIKA DOO,INDUSTRIALS
PHARMANOVA DOO OBRENOVAC,HEALTH CARE
GROUP GALEB,MATERIALS
RECA D.O.O. BEOGRAD,INDUSTRIALS
SUBGROUP UNIVEREXPORT,CONSUMER STAPLES
ZZ AGROSOJ  NEUZINA,CONSUMER STAPLES
CUTURA,CONSUMER STAPLES
SPARTA SECURITY D.O.O.,INDUSTRIALS
COMEL DOO BEOGRAD,INDUSTRIALS
CONCRETE LAND DOO STARI BANOVCI,INDUSTRIALS
AGRO-DOLE DOO JAGODINA,CONSUMER STAPLES
JULIETA DOO BEOGRAD,CONSUMER STAPLES
SANDROCK D.O.O.,INDUSTRIALS
DOO PRINCIPAL DUO CACAK,CONSUMER STAPLES
DAWCUL LTD PREDSTAVNISTVO,NOT RELEVANT
FRESH & CO DOO BEOGRAD,CONSUMER STAPLES
AGROSPEKTAR 28 DOO PARACIN U STECA,NOT RELEVANT
ROSAN ARMATURE DOO KANJIZA,INDUSTRIALS
termal inzenjering doo,CONSUMER DISCRETIONARY
GROUP BEOROL,INDUSTRIALS
YU-SORBON DOO BEOGRAD,CONSUMER DISCRETIONARY
KABLINK D.O.O. BEOGRAD,INDUSTRIALS
EUROCOM INTERNATIONAL DOO BEOGRAD,CONSUMER DISCRETIONARY
EUROPROM DOO VALJEVO,CONSUMER STAPLES
NIMAX DOO BEOGRAD,CONSUMER DISCRETIONARY
PEGETE DOO BEOGRAD,CONSUMER DISCRETIONARY
BIO GOLD ENERGY DOO,UTILITIES
AGRAR INVEST DOO BEOGRAD,CONSUMER STAPLES
VIVA TREF DOO BEOGRAD,CONSUMER STAPLES
GROUP DELTA INZENJERING,INDUSTRIALS
GROUP ELEKTROPRIVREDA GROUP,UTILITIES
AUTO NENA STILL DOO BEOGRAD,CONSUMER DISCRETIONARY
PREDUZECE   AUTO CACAK   DOO KONJE,CONSUMER DISCRETIONARY
INMOLD PLAST DOO POZEGA,INDUSTRIALS
CISTOCA J.P. STARA PAZOVA,INDUSTRIALS
JOKEY BG DOO NOVA PAZOVA,MATERIALS
ALEVA DOO NOVI KNEZEVAC,CONSUMER STAPLES
OMV SRBIJA DOO BEOGRAD,CONSUMER DISCRETIONARY
DESPOTOV-EPICENTAR DOO NOVI SAD -,NOT RELEVANT
CDE S DOO BEOGRAD,NOT RELEVANT
SCOM,CONSUMER STAPLES
B92 DOO BEOGRAD,CONSUMER DISCRETIONARY
ENERGIA GAS AND POWER - U STECAJU,UTILITIES
SUMADIJA SIROVINE DOO,MATERIALS
EURO-KOP-COMPANY D.O.O.,INDUSTRIALS
ALTI DOO CACAK,INFORMATION TECHNOLOGY
EVROPA PLUS DOO BACAKA PALANKA - U,CONSUMER STAPLES
TEI TECHNO EXPORT IMPORT D.O.O,NOT RELEVANT
MUEHLBAUER TECHNOLOGIES DOO STARA,INDUSTRIALS
TRANSPORTSPED DOO BEOGRAD,INDUSTRIALS
AGROPRO DOO,CONSUMER STAPLES
CALIX DOO BEOGRAD (CUKARICA),CONSUMER STAPLES
FULLHOUSE OGILVY DOO BEOGRAD,COMMUNICATIONS
STS KAN GROUP DOO JAGODINA,INDUSTRIALS
PODUNAVLJE-BEOCIN AD BEOCIN - U ST,CONSUMER STAPLES
MAYMEDICA D.O.O.,HEALTH CARE
SUNBAR DOO,INFORMATION TECHNOLOGY
TRANSPETROL DOO,CONSUMER STAPLES
CHIPS WAY D O O,CONSUMER STAPLES
LIMAGRAIN DOO NOVI SAD,CONSUMER STAPLES
COOPSERVICE BMK DOO,INDUSTRIALS
BOOKER GROUP DOO,INFORMATION TECHNOLOGY
EJ REAL ESTATE,REAL ESTATE
GROUP PNEUTECH,CONSUMER DISCRETIONARY
MERAXES SOLUTIONS & SERVICES D.O.O,INFORMATION TECHNOLOGY
MAGNA REAL ESTATE DOO,HEALTH CARE
ROSENBERG DOO DOBANOVCI,REAL ESTATE
GSF-LTD DOO,CONSUMER STAPLES
SPECIJALNA BOLNICA,HEALTH CARE
BEOSTEEL D.O.O.,MATERIALS
RATAR AD PANCEVO,NOT RELEVANT
MSG GLOBAL DIGITAL DOO,INFORMATION TECHNOLOGY
DIESEL 24 DOO BEOGRAD,ENERGY
GRANOLIA D.O.O.,CONSUMER STAPLES
DTM INVESTMENTS D.O.O.,CONSUMER DISCRETIONARY
EMKA FEINGUSS D.O.O. MIONICA,MATERIALS
ENTERIJER JANKOVIC INZENJERING DOO,INDUSTRIALS
CORIC AGRAR DOO BASAID,CONSUMER STAPLES
LILLY DROGERIE DOO BEOGRAD,CONSUMER STAPLES
ARDAGH METAL PACKAGING SERBIA D.O.,INDUSTRIALS
BEO-LAB PLUS BEOGRAD,HEALTH CARE
MATIS DOO IVANJICA,CONSUMER DISCRETIONARY
IBC TECHNOLOGIES DOO,INDUSTRIALS
"EP-BELT DOO, LOZNICA",INDUSTRIALS
BIOCHEM BALKAN DOO DOBANOVCI,CONSUMER STAPLES
B.B. LINK DOO BEOGRAD,CONSUMER DISCRETIONARY
RINOL DOO BEOGRAD,INDUSTRIALS
M-RAIL DOO,INDUSTRIALS
GROUP JUGOTRADE BEOGRAD,INDUSTRIALS
ATAKO DOO,UTILITIES
AUTOTRANSPORTER DOO,INDUSTRIALS
GROUP WINWIN,CONSUMER DISCRETIONARY
FABRIKA AKUMULATORA AD,INDUSTRIALS
LESAFFRE RS DOO,CONSUMER STAPLES
PARALELA TRADE SOLUTIONS D.O.O. BE,CONSUMER STAPLES
SPARE PARTS INTERNATIONAL DOO BEOG,INDUSTRIALS
GROUP ZEMLJORADNIÈKA ZADRUGA TRLIÆ,CONSUMER STAPLES
AGROVOJVODINA MEHANIZACIJA DOO,INDUSTRIALS
DK 2008 DOO,INDUSTRIALS
CTFM D.O.O. BEOGRAD,INDUSTRIALS
MOPEX DOO,INDUSTRIALS
VEOLIA WATER SOLUTIONS & TECHNOLOG,INDUSTRIALS
"IMPOL SEVAL AD, SEVOJNO",MATERIALS
OKTACRON DOO,INFORMATION TECHNOLOGY
"MILETIC-KOMERC DOO SALUDOVAC, PARA",CONSUMER DISCRETIONARY
HITEAM DOO VRSAC,INFORMATION TECHNOLOGY
NCR DOO BEOGRAD,INDUSTRIALS
GROUP SRBOAUTO,CONSUMER DISCRETIONARY
PRIVREDNA KOMORA SRBIJE,INDUSTRIALS
NOVA KERAMIKA DOO VETERNIK U STECA,NOT RELEVANT
JKP VODOVOD KRUSEVAC,UTILITIES
SERBIA ZIJIN MINING D O O,MATERIALS
ELEKTROMONT - ILT DOO,INDUSTRIALS
boss utr judit cakanj pr,CONSUMER DISCRETIONARY
PWW DOO,INDUSTRIALS
MIO COMPANY DOO,INDUSTRIALS
GROUP TESTER AL Jagodina,INDUSTRIALS
DARAN GROUP D.O.O.,INFORMATION TECHNOLOGY
ENERGOTEHNIKA-JUZNA BACKA DOO NOVI,INDUSTRIALS
MASTER FRIGO PROJEKT D.O.O. BEOGRA,INDUSTRIALS
ELEKTROIZGRADNJA DOO BEOGRAD,INDUSTRIALS
JKP GRADSKA TOPLANA KRUSEVAC,NOT RELEVANT
TUS DOO BEOGRAD (NOVI BEOGRAD),FINANCIALS
EKO SERBIA AD BEOGRAD,ENERGY
PRIVREDNIK SRPSKI POSLOVNI KLUB,NOT RELEVANT
MAZ SR DOO REKOVAC,CONSUMER DISCRETIONARY
ALLIANCE ONE TOBACCO DOO BEOGRAD -,CONSUMER STAPLES
FRUTISSIMO DOO STARA PAZOVA - U ST,CONSUMER STAPLES
NOVOSADSKI SAJAM A.D.,INDUSTRIALS
ZITOPRERADA DM DOO NOVI BECEJ,CONSUMER STAPLES
COCA-COLA HBC SRBIJA,CONSUMER STAPLES
STIGA DOO NOVI SAD,HEALTH CARE
APOTEKARSKA USTANOVA SOPHARMACY,CONSUMER STAPLES
PUMPA TRADE DOO NIS,NOT RELEVANT
DOO SLAVIJACOOP NOVI SAD,REAL ESTATE
JELEN DO DOO,MATERIALS
STEEL BALL,MATERIALS
HEMOFARM AD VRSAC,HEALTH CARE
BEOGUMA INVESTMENTS DOO ,INDUSTRIALS
ACO GRADEVINSKI ELEMENTI DOO  KRNJ,INDUSTRIALS
GRADITELJ AD KIKINDA,NOT RELEVANT
GEBRUDER WEISS DOO DOBANOVCI,NOT RELEVANT
EUROSALON AMBIJENT DOO BEOGRAD,CONSUMER DISCRETIONARY
ENERGOPROJEKT ENTEL,INDUSTRIALS
KLAS DOO BEOGRAD,NOT RELEVANT
ALBERGO D.O.O. - HOTEL LE PETIT PI,NOT RELEVANT
WEISHAUPT DOO BEOGRAD,INDUSTRIALS
PORSCHE IMMOBILIEN,CONSUMER DISCRETIONARY
FERBILD DOO BEOGRAD,INDUSTRIALS
FMS KVART DOO PETROVAC,INDUSTRIALS
MEDICO PHARM SERVIS DOO,HEALTH CARE
IVKO KNITS DOO BLACE,CONSUMER DISCRETIONARY
PROMSEK DOO PANCEVO,INDUSTRIALS
PAMIN  DOO GORNJI MILANOVAC,CONSUMER STAPLES
EDTECH PLUS TECH,INFORMATION TECHNOLOGY
DUNAV GRUPA AGREGATI A.D.,MATERIALS
DUCLA TRADING DOO BEOGRAD,NOT RELEVANT
AGROCRNJA D.O.O.,CONSUMER STAPLES
MINEL-ELEKTROGRADNJA-DV AD,NOT RELEVANT
INSTITUT ZA PUTEVE AD BEOGRAD,INDUSTRIALS
IDEA DOO,CONSUMER STAPLES
DOO ZITO-BACKA KULA,CONSUMER STAPLES
MNG PLASTIK GOGIC,MATERIALS
RECONAL SISTEMI DOO NIS,INDUSTRIALS
TIGAR AD PIROT,CONSUMER DISCRETIONARY
TM HOSPITALITY DOO,CONSUMER DISCRETIONARY
AUTO MARKET GROUP DOO SABAC,CONSUMER DISCRETIONARY
NAKA,INDUSTRIALS
MTEL GLOBAL DOO BEOGRAD,COMMUNICATIONS
VIVEX GROUP DOO BEOGRAD,INDUSTRIALS
PONS GRADNJA DOO STARA PAZOVA,INDUSTRIALS
JU-VES-KOMERC DOO POZEGA - U STECA,CONSUMER DISCRETIONARY
STEFAN DOO ARILJE,CONSUMER DISCRETIONARY
JEDINSTVO DOO,CONSUMER STAPLES
SVETLOST TEATAR DOO BEOGRAD,INDUSTRIALS
RESA GRADNJA,INDUSTRIALS
TERMO TIM DOO BEOGRAD,INDUSTRIALS
DG COMPANY DOO SUBOTICA,INDUSTRIALS
GROUP GRUPA UNIVERZAL HOLDING,NOT RELEVANT
DUAL PARADOX   - U PRINUDNOJ LIKVI,MATERIALS
TEAM OIL D.O.O.,NOT RELEVANT
AMB GRAFIKA AD NOVI SAD,MATERIALS
HTD VUJIC DIVCIBARE DOO,CONSUMER DISCRETIONARY
PRESS PUBLISHING GROUP DOO,NOT RELEVANT
GRADINA SISTEM,MATERIALS
KEYING DOO KIKINDA,NOT RELEVANT
GROUP GLOBAL PRESS,CONSUMER DISCRETIONARY
YU MONBAT DOO,INDUSTRIALS
AD AGROSTROJ CACAK,NOT RELEVANT
"PRIVATNO PREDUZECE ZA PROIZVODNJU,",CONSUMER STAPLES
PM SERVICES DOO BEOGRAD,CONSUMER STAPLES
ALIAXIS UTILITIES & INDUSTRY DOO,INDUSTRIALS
GROUP STEELSOFT,CONSUMER DISCRETIONARY
AVTERA SR DOO BEOGRAD,INFORMATION TECHNOLOGY
CAPRIOLO DOO BACKA TOPOLA,CONSUMER DISCRETIONARY
WIRTGEN SRBIJA DOO BEOGRAD,INDUSTRIALS
MONTING-GROUP-SP DOO,INDUSTRIALS
WINE ART DOO BEOGRAD,CONSUMER STAPLES
GROUP NAPRED/ENERGOPROJEKT,INDUSTRIALS
DOO EURO GAS SUBOTICA,INDUSTRIALS
IGM OPEKA DOO SMEDEREVSKA PALANKA,MATERIALS
CEMMAX DOO,MATERIALS
MATIS NEW POINT DOO,REAL ESTATE
JASMIN DOO BEOGRAD,CONSUMER STAPLES
D.S. INZENJERING DOO BEOGRAD,INDUSTRIALS
AGRO TECH PMD DOO TRESNJEVAC,INDUSTRIALS
ATLAS COPCO SRBIJA DOO,INDUSTRIALS
ASTRA SIMIT DOO U STECAJU BEOGRAD,NOT RELEVANT
COBEST A.D.,NOT RELEVANT
UTVAKOM DOO BEOGRAD,MATERIALS
MARJANOVIC-TRANS DOO,INDUSTRIALS
ESENSA DOO BEOGRAD,HEALTH CARE
FIDELINKA KOMPANIJA DOO,CONSUMER STAPLES
RODIC M&B - U STECAJU,NOT RELEVANT
CADCAM DATA DOO BEOGRAD,INFORMATION TECHNOLOGY
BEL SPACE,REAL ESTATE
INTERSPED DOO KRAGUJEVAC,NOT RELEVANT
AEROLAB DOO BEOGRAD,INDUSTRIALS
COLOR PRINT DOO NOVI SAD,INDUSTRIALS
PRIMAR CO DOO,INDUSTRIALS
BEE IT DOO,INFORMATION TECHNOLOGY
INOS NAPREDAK AD SABAC,INDUSTRIALS
SLIMS D.O.O.,CONSUMER STAPLES
AZD SAOBRACAJNI SISTEMI DOO BEOGRA,INDUSTRIALS
MARINKOVIC-HOFMANN DOO VELIKA MOST,INDUSTRIALS
CITY RENT A CAR DOO,INDUSTRIALS
HOTEL METROPOL PALACE D.O.O. BEOGR,CONSUMER DISCRETIONARY
DURDEVIC 2010 DOO SUBOTISTE,CONSUMER STAPLES
INCEPTION DOO BEOGRAD,INFORMATION TECHNOLOGY
GROUP MAKLER,HEALTH CARE
MASTER GROUP DOO NOVI SAD,CONSUMER DISCRETIONARY
BEOTURS DOO BEOGRAD,CONSUMER DISCRETIONARY
GROUP SRBIJAGAS,UTILITIES
-U STECAJU,NOT RELEVANT
COLOR PRESS GROUP 1992 D.O.O.,CONSUMER DISCRETIONARY
DONERRA,CONSUMER STAPLES
CISTOCA I ZELENILO JKP SUBOTICA,NOT RELEVANT
RODIC M&B-CO  TRGOVINSKO UGOSTITELJ,NOT RELEVANT
FLOOREXPERTS DOO BEOGRAD,INDUSTRIALS
PREDSTAVNISTVO AIFAR AGROCHIMI,INDUSTRIALS
G INVEST DOO,NOT RELEVANT
VAPEKS DOO CACAK,MATERIALS
FOCUS I.M.C. DOO BEOGRAD,CONSUMER STAPLES
CENTRALINVEST DOO BEOGRAD,INDUSTRIALS
"KRAFT FOODS DOO,VAT.103822660",CONSUMER STAPLES
"DRAGOVIC TRANSPORT DOO, SMEDEREVO",INDUSTRIALS
BTL MANDIS MEDIA DOO,COMMUNICATIONS
CE-ZA-R DOO BEOGRAD,MATERIALS
GROUP AGROPANONKA,INDUSTRIALS
FISH CORP. 2000 FEED DOO,INDUSTRIALS
PHARMA-MAAC DOO BEOGRAD,HEALTH CARE
P.S. FASHION DESIGN DOO CACAK,CONSUMER DISCRETIONARY
UZOR PROMET DOO NOVI SAD,REAL ESTATE
KALLAS SB DOO,CONSUMER STAPLES
AGRO STAR PROIZVODNJA DOO,CONSUMER STAPLES
EMDIRO CONSULTANTS SERVICES DOO BE,INDUSTRIALS
INTERMERKUR DOO BEOGRAD - U STECAJ,NOT RELEVANT
MERKUR-CELIK,FINANCIALS
IN2 INFORMATICKI INZENJERING DOO,INFORMATION TECHNOLOGY
AGRO ARM DOO BEOGRAD (VOZDOVAC),MATERIALS
FN DALLAS DOO,NOT RELEVANT
SANTAMED D.O.O. BEOGRAD,HEALTH CARE
BIOTRONIK ADRIATIC DOO BEOGRAD,HEALTH CARE
ICES DOO,INFORMATION TECHNOLOGY
CENEJ AGRAR,CONSUMER STAPLES
UNIVERZITET SINGIDUNUM BEOGRAD,CONSUMER DISCRETIONARY
BOZIDAR RISTIC PR PRIPREMNA GRADIL,INDUSTRIALS
AUTORITAS INVESTMENT DOO NOVI SAD,CONSUMER STAPLES
POLLARD DIGITAL SOLUTIONS D.O.O.,INFORMATION TECHNOLOGY
LIVNICA PRECIZNIH ODLIVAKA DOO,INDUSTRIALS
SUBGROUP ASTERFARM,CONSUMER STAPLES
INTERSREM FLEET MANAGEMENT,INDUSTRIALS
MLINOTEST-S DOO RUMA,CONSUMER STAPLES
YUGOTUB DOO NOVA PAZOVA,INDUSTRIALS
INOBACKA D.O.O.,INDUSTRIALS
VELEMIR (NEDELJKO) VESKOV,CONSUMER STAPLES
PRODANOVIC DOO MAJUR,INDUSTRIALS
BIOWINE DOO NOVI SAD U STECAJU,NOT RELEVANT
BUKULJA J.K.P.,NOT RELEVANT
SAMSTAG-BALKAN D.O.O.,NOT RELEVANT
GRAMERCY DOO BEOGRAD,NOT RELEVANT
JAGODINA PUT D.O.O.,INDUSTRIALS
FEROMONT-GRADNJA DOO - STARA PAZOV,INDUSTRIALS
INTER MIMS DOO,NOT RELEVANT
ZIMPA AD UB,INDUSTRIALS
CISTOCA JAVNO KOMUNALNO,INDUSTRIALS
EGIS D.O.O. BEOGRAD,INDUSTRIALS
GROUP ENTERIJER JANKOVIC,INDUSTRIALS
VEGA IT D.O.O. NOVI SAD,INFORMATION TECHNOLOGY
NECTAR DOO BACKA PALANKA,CONSUMER STAPLES
LJUBENKOVIC D.O.O.,INDUSTRIALS
TRIGEMA D.O.O. BEOGRAD,INDUSTRIALS
DOO RACA ZRENJANIN,CONSUMER STAPLES
ALEXANDAR DOO NOVI SAD,CONSUMER STAPLES
DT D.O.O.,INDUSTRIALS
STRABAG AG,INDUSTRIALS
OZZ AGRONOM DESPOTOVO-PIVNICE PIVN,CONSUMER STAPLES
TSV BRAVE DOO BEOGRAD,CONSUMER STAPLES
SIEMENS DOO BEOGRAD,INDUSTRIALS
DEKORAT DOO BEOGRAD,INDUSTRIALS
ARMSTEEL DOO RUMENKA,INDUSTRIALS
METALNE KONSTRUKCIJE 037 DOO,INDUSTRIALS
FUTURUM AD BEOGRAD,NOT RELEVANT
JELIC PETROL DOO,CONSUMER DISCRETIONARY
JGL,HEALTH CARE
DRUSTVO SA OGRANICENOM,CONSUMER DISCRETIONARY
GROUP TOPOLA IM,NOT RELEVANT
PROTECH DOO NOVI SAD,INDUSTRIALS
IHR DOO U STECAJU,NOT RELEVANT
SLOGA AD NOVI PAZAR,INDUSTRIALS
NAFTAGAS-TRANSPORT D.O.O. NOVI SAD,INDUSTRIALS
CARNEX MACHINERY LIMITED DOO VRBAS,CONSUMER STAPLES
VODOVOD I KANALIZACIJA JP ZRENJANI,UTILITIES
INTERFAST ADVANCED SECURITY SYSTEM,INDUSTRIALS
HIDRO-BAZA AGREGATI DOO,MATERIALS
AGROMARKET MACHINERY,INDUSTRIALS
DOO BANATSKI KLAS PANCEVO,CONSUMER STAPLES
IRIS MEGA DOO,INFORMATION TECHNOLOGY
LAZOVIC GRADNJA DOO NOVI SAD,INDUSTRIALS
JKP BEOCIN ,INDUSTRIALS
BRICKEN DOO NOVI SAD,INDUSTRIALS
DOO HOROSZCOOP SENTA,INDUSTRIALS
AGRO-PROMET DOO BECEJ,CONSUMER STAPLES
METSO D.O.O.,INDUSTRIALS
BOYSEN ABGASSYSTEME,CONSUMER DISCRETIONARY
TRANSPORT BERAR DOO MELENCI,INDUSTRIALS
AUTO CENTAR MILENIJUM DOO BEOGRAD,CONSUMER DISCRETIONARY
AGORA ECO,UTILITIES
PSS POLJOPRIVREDNA STANICA DOO,INDUSTRIALS
TEMA BROKER A.D.,NOT RELEVANT
DIRECT GROUP DOO,CONSUMER STAPLES
MOSTOGRADNJA A.D.,INDUSTRIALS
CAN ADVERTISING DOO BEOGRAD,NOT RELEVANT
SOPHARMA TRADING PHARMACEUTICALS D,HEALTH CARE
BUFFALO DOO CACAK- U STECAJU,NOT RELEVANT
SOMBORMLIN AD SOMBOR,NOT RELEVANT
GROUP FMP,NOT RELEVANT
EINHELL DOO BEOGRAD,CONSUMER DISCRETIONARY
DACIC PROM DOO NOVI PAZAR,MATERIALS
DOO PANSPED NOVI SAD,INDUSTRIALS
HAMBURGER RECYCLING SERBIA DOO,INDUSTRIALS
OGREV DOO ZRENJANIN,INDUSTRIALS
STOBEX DOO,MATERIALS
SPONIT DOO CACAK,CONSUMER DISCRETIONARY
COLOR-CHEMICALS,MATERIALS
GROUP NESAM,INDUSTRIALS
BRACA POPOVIC DOO KRAGUJEVAC,CONSUMER STAPLES
SWEET HOME PORT DOO,CONSUMER DISCRETIONARY
ENERGY NET SOLUTION DOO,INDUSTRIALS
FIMAS DOO BEOGRAD,CONSUMER DISCRETIONARY
FORVIS MAZARS D.O.O. BEOGRAD,INDUSTRIALS
EMS AD BEOGRAD,UTILITIES
SILOIN DOO KOVIN,NOT RELEVANT
SVET INTERNATIONAL DOO,NOT RELEVANT
NET-CONNECT D.O.O. - U LIKVIDACIJI,COMMUNICATIONS
DOO ALFA 022 RUMA,INDUSTRIALS
BERRY FRUTICO DOO LUCANI,CONSUMER STAPLES
AQUALIA INFRAESTRUCTURAS D.O.O.,NOT RELEVANT
DOO SLAVIJACOOP LOGISTIC BEOGRAD -,INDUSTRIALS
MONIKA HOUSE,CONSUMER DISCRETIONARY
RADNJA ZA VRSENJE USLUGA,INDUSTRIALS
TERRA SRBIJA DOO SIMANOVCI,INDUSTRIALS
MARMIL INZENJERING D.O.O. BEOGRAD,INDUSTRIALS
EURODIJAGNOSTIKA,HEALTH CARE
CML CONSTRUCTION SERVICES,INDUSTRIALS
ELKOMS DOO BEOGRAD,INDUSTRIALS
ALEMILOIL DOO,INDUSTRIALS
APOTEKARSKA USTANOVA BENU BEOGRAD,CONSUMER STAPLES
ERWIN DOO NOVI PAZAR,INDUSTRIALS
UNITRAG PIZON DOO BEOGRAD,INDUSTRIALS
GAMA D.K. DOO BACKA TOPOLA,CONSUMER STAPLES
NOMIL PROMET DOO  ARILJE - U STECA,CONSUMER STAPLES
BI-COMMERCE DOO NOVI SAD,MATERIALS
AGROFARM-TRADE DOO TOPOLA,CONSUMER DISCRETIONARY
ARETOL DOO NOVI SAD,CONSUMER STAPLES
RAPP ZASTAVA DOO KRAGUJEVAC,INDUSTRIALS
ANDREAS (ONDREJ) HEDJI,CONSUMER STAPLES
H.T. & L. FITTING SERBIA DOO KRAGU,CONSUMER DISCRETIONARY
VERIDOS NETSET DOO,INFORMATION TECHNOLOGY
GROUP MOJ KIOSK,CONSUMER STAPLES
GROUP LILLY,CONSUMER STAPLES
AUTO KODEKS DOO BEOGRAD,INDUSTRIALS
WBD DOO BEOGRAD,INFORMATION TECHNOLOGY
IMPERIAL TOBACCO SCG DOO BEOGRAD,CONSUMER STAPLES
SSC DOO SMEDEREVO,INDUSTRIALS
JUGIS DOO BEOGRAD,INDUSTRIALS
21. JANUAR D.O.O.      ,INDUSTRIALS
SKY TOPECO DOO BEOGRAD,INDUSTRIALS
TRANSPORTNO DRUSTVO C&LC-GROUP DOO,INDUSTRIALS
NUTRIFEED-SOLUTIONS D.O.O.,CONSUMER STAPLES
MOZZART D.O.O.,CONSUMER DISCRETIONARY
METALEX DOO,NOT RELEVANT
PSC D.O.O.,INFORMATION TECHNOLOGY
AMSS DOO,NOT RELEVANT
TONI COMMERCE 2011 DOO,MATERIALS
MILIJA  DOO  KRAGUJEVAC,NOT RELEVANT
DHL INTERNATIONAL BEOGRAD D.O.O.,INDUSTRIALS
GORAN INVEST BG DOO,INDUSTRIALS
PREDUZECE ZA PRODAJU ALUMINIJUMA VE,NOT RELEVANT
LE BELIER KIKINDA LIVNICA DOO,MATERIALS
MEGA RENT DOO,INDUSTRIALS
ELEKTROMETAL GREEN DOO,INDUSTRIALS
BAKARNE CEVI - U PRINUDNOJ LIKVIDA,MATERIALS
GROUP JUGOKOP,INDUSTRIALS
ZITOPROMET-MLIN AD SENTA,CONSUMER STAPLES
AGRINOVA DOO NOVI SAD,INDUSTRIALS
FAKULTET ZA EKONOMIJU I INZENJERSK,CONSUMER DISCRETIONARY
BELARUS-AGROPANONKA DOO NOVI SAD,INDUSTRIALS
AGROSAVA DOO,MATERIALS
SIM DOO,INDUSTRIALS
CORNER PIZZA D.O.O.,CONSUMER DISCRETIONARY
BOMEX HOLDING D.O.O.,MATERIALS
EXCITING D.O.O.,INDUSTRIALS
TODY GH DOO,CONSUMER STAPLES
GROUP ERAKOVIC,CONSUMER STAPLES
INITIATIVE DOO BEOGRAD,CONSUMER DISCRETIONARY
LUXURY TANNERY DOO RUMA,CONSUMER DISCRETIONARY
AGROPRODUKT DOO BUMBAREVO BRDO,CONSUMER STAPLES
ELIXIR ENGINEERING DOO,MATERIALS
GREENFLOW RECYCLING DOO,INDUSTRIALS
TIM POWER PLUS D.O.O. PIROT,INDUSTRIALS
ERNST & YOUNG CONSULTING D.O.O.,INDUSTRIALS
AQUACHEM D.O.O.,INDUSTRIALS
CRAYON,INFORMATION TECHNOLOGY
PPL D.O.O.,INDUSTRIALS
MIRKO (ZIVKO) MILJUS,NOT RELEVANT
GORENJE D.O.O.,CONSUMER DISCRETIONARY
ARROW-DISTRIBUTION NET WORK DOO BE,CONSUMER STAPLES
OBELISK GRADNJA DOO BEOGRAD,REAL ESTATE
Lagermax AED doo,INDUSTRIALS
MISTRAL KOMERC D.O.O.,CONSUMER STAPLES
DAHOP UTVA DOO ALEKSINAC,MATERIALS
JARBOLI I ZASTAVE DOO RUMA,CONSUMER DISCRETIONARY
HIRIM CO DOO BEOGRAD,REAL ESTATE
Subgroup Juzna Backa,INDUSTRIALS
NEW IMAGE D.O.O. BEOGRAD-NOVI BEOG,INDUSTRIALS
CAMMEO GRUPA D.O.O. BEOGRAD,INDUSTRIALS
SWISSLION GROUP DOO BEOGRAD-SAVSKI,CONSUMER STAPLES
UNICOOP DOO ZABALJ,CONSUMER STAPLES
ERS HOLDING DOO,REAL ESTATE
AGRARIA TIM DOO - U STECAJU,CONSUMER STAPLES
TEIKOM DOO,INDUSTRIALS
SIGIT DOO GROSNICA,CONSUMER DISCRETIONARY
BANAT SEME D.O.O. ZRENJANIN,CONSUMER STAPLES
JONIMPEX DOO SMEDEREVO,INDUSTRIALS
GROUP OPTICUS,HEALTH CARE
JAVNA SKLADISTA DOO SUBOTICA,INDUSTRIALS
W ASFALTNA TEHNIKA DOO BEOGRAD,INDUSTRIALS
MARIS DOO NOVI SAD,INDUSTRIALS
A1 SRBIJA,COMMUNICATIONS
ISV FEED & CONSULTING DOO DURDIN,CONSUMER STAPLES
FONDACIJA ZA RECIKLAZU LIMENKI ZA,MATERIALS
RAVNICA DOO BAJMOK,NOT RELEVANT
ENERGY NET TWO DOO SREMSKA MITROVI,NOT RELEVANT
NESTLE ADRIATIC FOODS DOO,CONSUMER STAPLES
KNAUF ZEMUN DOO BEOGRAD,NOT RELEVANT
DRUSTVO SA OGRANICENOM ODGOVORNOSCU,INDUSTRIALS
saint gobain doo beograd,MATERIALS
ABV DISTRIBUCIJA DOO,CONSUMER STAPLES
NOV DOO NOVI SAD,INFORMATION TECHNOLOGY
GROUP PKB KORPORACIJA,NOT RELEVANT
AUTOFLEX-LIVNICA DOO COKA,MATERIALS
SUBGROUP COLOR MEDIA INTERNATIONAL,CONSUMER DISCRETIONARY
MIN-COMMERCE DOO BEOGRAD,CONSUMER STAPLES
CHAMPICOMP DOO PLOCICA,CONSUMER STAPLES
IGMIN OIL DOO BEOGRAD - U STECAJU,ENERGY
PIGGY CENTAR DOO,CONSUMER STAPLES
DOO BALKANPROGRES KRUSEVAC,CONSUMER DISCRETIONARY
RU METAL TRADE DOO RUMA,INDUSTRIALS
AUTO CACAK PROMET DOO,CONSUMER DISCRETIONARY
"MILETIC PETROL DOO PARACIN, SALUDO",INDUSTRIALS
DIGITAL LIFE DOO BEOGRAD,COMMUNICATIONS
"TIM KABEL DOO BEOGRAD, ZEMUN",INDUSTRIALS
KNJAZ MILOS-NATURA,CONSUMER STAPLES
GROUP EUROINVEST NS,REAL ESTATE
EPS AD BEOGRAD,UTILITIES
SVETLANA (VLASTIMIR) RONCEVIC,CONSUMER STAPLES
PRIMAX DOO BEOGRAD,HEALTH CARE
INS DOO,REAL ESTATE
AUTOBUS DOO NOVI SAD,CONSUMER DISCRETIONARY
DAK DOO BEOGRAD,CONSUMER DISCRETIONARY
ALKALOID DOO,HEALTH CARE
AKS FLEET SOLUTION DOO,INDUSTRIALS
ORAHOVO DOO SENTA,NOT RELEVANT
SALINEN DOO SIMANOVCI,CONSUMER STAPLES
GROUP MM,CONSUMER DISCRETIONARY
NTC PROPERTY DOO,NOT RELEVANT
PRICEWATERHOUSECOOPERS DOO BEOGRAD,INDUSTRIALS
INSTITUT ZA RATARSTVO I POVRTARSTV,CONSUMER STAPLES
DOBAR VETAR DOO BEOGRAD,CONSUMER STAPLES
RAMAZZA OIL DOO LESKOVAC,REAL ESTATE
PESTAN DOO BUKOVIK,INDUSTRIALS
SENJAK DOO BEOGRAD,MATERIALS
TESTER-AL DOO JAGODINA,INDUSTRIALS
KARIN KOMERC MD DOO NOVI SAD,INDUSTRIALS
ALPROS EVISION,CONSUMER DISCRETIONARY
SPORT TIME BALKANS DOO BEOGRAD,CONSUMER DISCRETIONARY
COMTRADE SYSTEM INTEGRATION D.O.O.,INFORMATION TECHNOLOGY
MAGREM DOO BEOGRAD,INDUSTRIALS
RADULOVIC DOO,CONSUMER DISCRETIONARY
ADONIS DOO SOKOBANJA,CONSUMER STAPLES
BARENTZ DOO BEOGRAD,MATERIALS
EVAPIFY D.O.O.,CONSUMER STAPLES
ATRIUM PROPERTY SERVICES D.O.O.,INDUSTRIALS
TBM DUNAV DOO,NOT RELEVANT
PRESTON HOLDING DOO,INDUSTRIALS
FMP DOO BEOGRAD,MATERIALS
GROUP PROTEAM,INDUSTRIALS
INTERQO GROUP DOO LESKOVAC,CONSUMER STAPLES
GP PORR DOO BEOGRAD - U LIKVIDACIJ,INDUSTRIALS
CONTITECH FLUID SERBIA DOO SUBOTIC,CONSUMER DISCRETIONARY
TP JABUKA DOO BEOGRAD,NOT RELEVANT
GLOBAL PRESS DOO BEOGRAD,CONSUMER DISCRETIONARY
"ALEKSANDROVIC VT DOO TOPOLA, VINCA",CONSUMER DISCRETIONARY
HELIOS SRBIJA A.D. GORNJI MILANOVA,MATERIALS
COMTRADE SOLUTIONS ENGINEERING,INFORMATION TECHNOLOGY
DOM ZDRAVLJA ACIBADEM BEL MEDIC,HEALTH CARE
AXSYNTHA D.O.O.,MATERIALS
HEINEKEN SRBIJA DOO ZAJECAR,CONSUMER STAPLES
EVIDEN,INFORMATION TECHNOLOGY
JKP BEOGRADSKE ELEKTRANE,UTILITIES
DUOMED SOUTHEAST EUROPE D.O.O.,HEALTH CARE
OXYGEN DOO BEOGRAD,CONSUMER DISCRETIONARY
DELMAX DOO STARA PAZOVA,CONSUMER DISCRETIONARY
IVAN RAJIC PR RAJIC 2015,CONSUMER STAPLES
POSLOVNI SISTEM DOMINA DOO BEOGRAD,NOT RELEVANT
ETI&PACK DOO,CONSUMER DISCRETIONARY
MITIC DOO LESKOVAC,CONSUMER DISCRETIONARY
GP RATKO MITROVIC-NISKOGRADNJA BGD,INDUSTRIALS
SAJKASKA AD ZABALJ,CONSUMER STAPLES
GILERA DOO BEOGRAD-ZEMUN,INDUSTRIALS
LUCAR DOO NOVI SAD,CONSUMER STAPLES
FASHION COMPANY DOO,CONSUMER DISCRETIONARY
JEDINSTVO - LIVNICA POZEGA DOO POZ,MATERIALS
KEJ DOO VALJEVO,INDUSTRIALS
JKP JAVNO OSVETLJENJE,INDUSTRIALS
AGROSTORY D.O.O. BANATSKI KARLOVAC,CONSUMER STAPLES
METALKA-MAJUR DOO JAGODINA,INDUSTRIALS
HÖRMANN SRBIJA DOO BEOGRAD,INDUSTRIALS
GROUP FORMA IDEALE,CONSUMER DISCRETIONARY
LUKAFOOD,CONSUMER STAPLES
PRIVREDNO DRUSTVO MEHANIZACIJA TRG,INDUSTRIALS
RETAIL PARK DUNJA,CONSUMER STAPLES
SLODES DOO BEOGRAD,CONSUMER DISCRETIONARY
GRANICE DOO MLADENOVAC,CONSUMER STAPLES
LAMEX DOO NOVI SAD,CONSUMER DISCRETIONARY
ZITOSREM DOO INDIJA,CONSUMER STAPLES
MONOBLOK DOO NOVI SAD,INDUSTRIALS
VIKTOR GAJOVIC PR TRGOVINSKA RADNJ,CONSUMER DISCRETIONARY
SPECIJALNA BOLNICA ZA HEMODIJALIZU,HEALTH CARE
MILOSEVIC DOO KRUSEVAC,INDUSTRIALS
VAR SISTEM DOO,INDUSTRIALS
"PHARMASWISS DOO, BEOGRAD",HEALTH CARE
OTPAD DOO SUBOTICA - U PRINUDNOJ L,MATERIALS
MACKATICA AD,NOT RELEVANT
HANSA FLEX HIDRAULIKA DOO BEOGRAD,INDUSTRIALS
PRINTEC DOO BEOGRAD,CONSUMER DISCRETIONARY
EURO LIN + DOO PARACIN,REAL ESTATE
MARKO-EKSPORT D.O.O.,INDUSTRIALS
GOSA FABRIKA OPREME I MASINA AD,NOT RELEVANT
ROLOPLAST DOO,INDUSTRIALS
VIS-IA DOO,INDUSTRIALS
MMM PIZZA GROUP DOO NOVI SAD,CONSUMER DISCRETIONARY
PDM AGRO FRUIT DOO,CONSUMER STAPLES
NOVEL IT SYSTEMS,INFORMATION TECHNOLOGY
ECOLAB HYGIENE DOO BEOGRAD,MATERIALS
RINGIER AXEL SPRINGER DOO BEOGRAD,CONSUMER DISCRETIONARY
YUFOS DOO BEOGRAD,MATERIALS
SAGLOBAL DOO,INFORMATION TECHNOLOGY
ZISIC JOVAN PREDUZETNIK SPIN MARKE,CONSUMER STAPLES
HOMOLJE  ZAGUBICA,CONSUMER STAPLES
ARMEX D.O.O. ZABALJ,INDUSTRIALS
REFOT B D.O.O. BEOGRAD,CONSUMER DISCRETIONARY
GA DOO BEOGRAD,INDUSTRIALS
CENTAR ZA PRIMENJENU CIRKULARNU EK,MATERIALS
R&B MEDICAL COMPANY DOO BEOGRA,HEALTH CARE
KOMUNALAC JP BECEJ,INDUSTRIALS
VODOGRADNJA DOO PUKOVAC,INDUSTRIALS
GROUP MATIS,CONSUMER DISCRETIONARY
VISNJEVI SAD DOO NOVI SAD,CONSUMER STAPLES
UNIVERSAL EXPRESS DOO BEOGRAD,INDUSTRIALS
TRANSPED-BEOGRAD DOO BEOGRAD - U S,NOT RELEVANT
KMV BEV MANGO D.O.O.,CONSUMER STAPLES
SUBGROUP MPC HOLDING,CONSUMER STAPLES
CHEMICO EXPORT doo,CONSUMER STAPLES
"PREDUZECE ZA PROIZVODNJU,PROMET I U",MATERIALS
MONIKA 2022,CONSUMER DISCRETIONARY
Gebrüder Weiss d.o.o.,INDUSTRIALS
MSI BALKAN DOO BEOGRAD - U LIKVIDA,INFORMATION TECHNOLOGY
CONING DOO BEOGRAD,CONSUMER DISCRETIONARY
UNION SPED DOO DOBANOVCI,INDUSTRIALS
ALPROS ETECH,CONSUMER DISCRETIONARY
EKO PARTNER PLUS DOO,INDUSTRIALS
PRO TEAM DOO BEOGRAD,INDUSTRIALS
JP KOMUNALAC PIROT,INDUSTRIALS
STRABAG BRVZ,INDUSTRIALS
GROUP WORTS,CONSUMER DISCRETIONARY
SHOPGROUP DOO,CONSUMER DISCRETIONARY
VERANO-MOTORS D.O.O.,NOT RELEVANT
GROUP KAPPA STAR,MATERIALS
PIK 7 JULI AD DEBRC,CONSUMER STAPLES
YUBE DOO POZEGA,CONSUMER STAPLES
LORA COMPANY DOO KRNJESEVCI,NOT RELEVANT
SIMPO - PRZAR DOO,CONSUMER DISCRETIONARY
VALKIRA DOO,CONSUMER STAPLES
IMPACT BEL DOO KOVIN,NOT RELEVANT
VOJVODINA PUT BACKA PUT A.D. NOVI,INDUSTRIALS
BG PROPERTY DOO BEOGRAD   - U PRIN,NOT RELEVANT
HYUNDAI AUTO DOO BEOGRAD - U STECA,CONSUMER DISCRETIONARY
ISOMAT DOO SIMANOVCI,MATERIALS
PHARMAS DOO BEOGRAD,HEALTH CARE
BIFTEK RADOJEVI¿ MILOS PR NIS,CONSUMER STAPLES
DARZAL KOMERC DOO BEOCIN,CONSUMER DISCRETIONARY
UNIJAPAK DOO NIS,CONSUMER STAPLES
AUTOSTOP INTERIORS DOO LESKOVAC,CONSUMER DISCRETIONARY
M&J TRADE DOO,CONSUMER STAPLES
BASF SRBIJA D.O.O.,MATERIALS
CONSTRUCT INVEST DOO BEOGRAD,INDUSTRIALS
VIA VOSTOK DOO CACAK,INDUSTRIALS
ELIXIR CRAFT DOO,MATERIALS
NEIMAR PROJEKT DOO NIS- U STECAJU,INDUSTRIALS
PERI OPLATE DOO SIMANOVCI,INDUSTRIALS
NIKSAN D.O.O. NOVA PAZOVA,MATERIALS
DIMOCO SERBIA - U LIKVIDACIJI,INFORMATION TECHNOLOGY
DOO KONDOR AS VRNJACKA BANJA,CONSUMER DISCRETIONARY
MENTA DISTRIBUCIJA DOO CACAK - U S,CONSUMER STAPLES
ARGO DOO,NOT RELEVANT
SUBGROUP MAC DONDON,CONSUMER STAPLES
PREDUZECE WINNERS-PRODUCTS DOO DUB,CONSUMER STAPLES
SKY EXPRESS DOO BEOGRAD,INFORMATION TECHNOLOGY
ALEKSANDAR DOO NOVI SAD,NOT RELEVANT
TAGOR EMS DOO NIS,INFORMATION TECHNOLOGY
BEOROL DOO BEOGRAD,MATERIALS
RADUN AVIA DOO NOVI SAD,CONSUMER DISCRETIONARY
group green city international,INDUSTRIALS
SAMALD-ANATEKS-COMERC DOO,CONSUMER STAPLES
JP SRBIJAGAS NOVI SAD,UTILITIES
MAKSI SILOSI D.O.O. MALO CRNICE,CONSUMER STAPLES
PREDUZECE ZA INFORMATIKU,INFORMATION TECHNOLOGY
DONAUCHEM D.O.O.,MATERIALS
group institut mihajlo pupin,INDUSTRIALS
IZOTERM PLAMA DOO INDIJA,MATERIALS
AXEREAL SERBIA DOO,CONSUMER STAPLES
NICIFOROVIC L&M DOO VINCA,MATERIALS
JKP STANDARD SID,INDUSTRIALS
DOT NETWORKS,INFORMATION TECHNOLOGY
COMBIS-IT USLUGE,INFORMATION TECHNOLOGY
GROUP NAFTAcHEM,INDUSTRIALS
BEZISTAN CENTAR,REAL ESTATE
"PREDUZECE ZA PROIZVODNJU,TRGOVINU,",INDUSTRIALS
MOVE ONE RELOCATIONS DOO BEOGRAD,NOT RELEVANT
LOVRIC COMPANY DOO,INDUSTRIALS
LILLY FOOD DOO,NOT RELEVANT
URADI SAM DOO BEOGRAD,NOT RELEVANT
KONSING DOO,INDUSTRIALS
ADRIATIC MINORITYCO 003 D.O.O. BEO,CONSUMER STAPLES
VELEMAJSTOR TRGOVINE,INDUSTRIALS
VRSACKI VINOGRADI AD VINOGRADARSTVA,CONSUMER STAPLES
GALLAHER  DOO BEOGRAD - U LIKVIDAC,NOT RELEVANT
FEP DOO,INDUSTRIALS
CENTAR FAKTOR DOO - U PRINUDNOJ LI,REAL ESTATE
C.M.C. GRAMAX DOO ARANDELOVAC,INDUSTRIALS
DANUBE FOODS DOO,CONSUMER STAPLES
SCP DOO BEOGRAD,MATERIALS
ATB SEVER DOO,INDUSTRIALS
NELT CO. DOO BEOGRAD,CONSUMER STAPLES
KONCERN BAMBI A.D. POZAREVAC,CONSUMER STAPLES
KLAS 025,CONSUMER STAPLES
DRUSTVO SA OGRANICENOM,INFORMATION TECHNOLOGY
MATIJASEVIC VINOGRADI,CONSUMER STAPLES
DS SMITH INOS PAPIR SERVIS DOO,INDUSTRIALS
DELTA MOTORS DOO,CONSUMER DISCRETIONARY
BRAND DISTRIBUTION MARKET DOO,CONSUMER DISCRETIONARY
VADERSTAD DOO,INDUSTRIALS
SILBO LOGISTICS DOO BEOGRAD,INDUSTRIALS
PREDSTAVNISTVO PHARMAZEUTISCHE FABR,HEALTH CARE
SVETLOST DOO NIS,CONSUMER DISCRETIONARY
PREDUZECE FRIKOS DOO BEOGRAD - ZEM,CONSUMER STAPLES
BERICAP DOO,NOT RELEVANT
CERAGON DOO BEOGRAD - U LIKVIDACIJ,INFORMATION TECHNOLOGY
WURTH DRUSTVO SA OGRANICENOM,MATERIALS
PP FEKETIC DOO SOMBOR,NOT RELEVANT
KOPRODUKT AD NOVI SAD,NOT RELEVANT
DIREKTNA TRGOVINA DOO BEOGRAD - U,CONSUMER STAPLES
NATURA TRANSIT DOO LOZNICA,MATERIALS
GENEL,REAL ESTATE
INTER-EXPORT DOO BEOGRAD - U STECA,NOT RELEVANT
INTERGRADNJA COOP DOO,INDUSTRIALS
EKOSTAR PAK DOO BEOGRAD,INDUSTRIALS
WORLD GLASS DOO KRAgUJEVAC,INDUSTRIALS
LTD LOGISTIC DOO CACAK LJUBIC,INDUSTRIALS
MBOX TERMINALS DOO BEOGRAD,INDUSTRIALS
GIA DOO BEOGRAD,INDUSTRIALS
ECCO FOOTWEAR DOO,CONSUMER DISCRETIONARY
CENTAR ZA NESTALU I ZLOSTAVLJANU D,INDUSTRIALS
AGROVOJVODINA AUTOUNIVERZAL DOO N,INDUSTRIALS
APOTEKARSKA USTANOVA TG-PHARMA,CONSUMER STAPLES
LAYHER,INDUSTRIALS
AMREST D.O.O.,CONSUMER DISCRETIONARY
MMC-MIKROS MOBILE CENTAR DOO,INDUSTRIALS
PREDUZECE ZA PROIZVODNJU PVC PROZOR,MATERIALS
VELAS DOO BEOGRAD - U STECAJU,CONSUMER DISCRETIONARY
AGROBALKAN DOO,NOT RELEVANT
VELEFARM MEDICINA PRODAJA,NOT RELEVANT
STARION DOO BEOGRAD,NOT RELEVANT
JUGOTEHNIKA AD NIS,CONSUMER DISCRETIONARY
MAXI BULLS DOO DERONJE,CONSUMER STAPLES
"STANA MIHAJLOVIC PREDUZETNIK, MIHA",CONSUMER DISCRETIONARY
DOO JUGOINSPEKT-NOVI SAD NOVI SAD,INDUSTRIALS
OGRANAK YOKOGAWA EUROPE BRANCHES,INDUSTRIALS
KVIKI MARKET ALEKSANDAR SAVIC PR,CONSUMER STAPLES
ASTERFARM DOO BEOGRAD,HEALTH CARE
DOO LIDER TRANSPORT MEDJUNARODNI I,INDUSTRIALS
REHAU DOO,INDUSTRIALS
VITAMIN DOO HORGOS,CONSUMER STAPLES
OPTIMUM DOO SMEDEREVSKA PALANKA,MATERIALS
ENERGY CONSTRUCTION DOO SABAC,INDUSTRIALS
TOMSIN DOO SABAC,MATERIALS
REPRESENT DOO BEOGRAD,COMMUNICATIONS
SIEMENS GAMESA RENEWABLE ENERGY D.,UTILITIES
RESA LOGISTIC,REAL ESTATE
ANMANIS D.O.O.,CONSUMER STAPLES
DOO COMRAD NOVI SAD,INDUSTRIALS
PUREFERT BALKANS D.O.O.,INDUSTRIALS
CALIBRO DOO TOPOLA,CONSUMER STAPLES
PREDUZECE HIDROPROJEKAT-SAOBRACAJ,INDUSTRIALS
OZZ LESKA DOBRIC,CONSUMER STAPLES
NOKS NJ DOO BEOGRAD,INDUSTRIALS
JEDINSTVO-METALOGRADNJA AD SEVOJNO,INDUSTRIALS
ELDISY SERBIA D.O.O. CACAK,CONSUMER DISCRETIONARY
LUGANO TRADE DOO,INDUSTRIALS
PARACINKA DOO PARACIN,CONSUMER STAPLES
HRASTOVACA DOO POZAREVAC,CONSUMER STAPLES
GROUP PUTEVI UZICE,INDUSTRIALS
LJUBISAVLJEVIC DOO VRANJE - U STEC,CONSUMER STAPLES
IMPEL DOO ZRENJANIN,CONSUMER DISCRETIONARY
LAGERMAX ELITTE DOO SIBNICA-REKOVA,INDUSTRIALS
Subgroup Victoria,CONSUMER STAPLES
GROUP PLANINKA DOO,CONSUMER STAPLES
BAH-PAK-CENTAR SUZANA STANKOVIC PR,CONSUMER STAPLES
VALMEKS OOD,MATERIALS
OMEGA-PROFEKS DOO LOZNICA,CONSUMER DISCRETIONARY
MD INTERNATIONAL DOO BEOGRAD,CONSUMER STAPLES
SERBIAN BUSINESS SYSTEMS DOO BEOGR,INFORMATION TECHNOLOGY
JUGOTRADE DOO BEOGRAD,INDUSTRIALS
ENERGY STAR INTERNATIONAL DOO,CONSUMER STAPLES
BAHUS DOO,CONSUMER STAPLES
YUCO HEMIJA DOO BACKI JARAK,MATERIALS
ADRIATIC DISTRIBUTION,HEALTH CARE
2. MAJ KRAN DOO,INDUSTRIALS
STARAGENT PLUS,REAL ESTATE
GROUP BLUE STORE,CONSUMER DISCRETIONARY
TRGOKOMERC EXPORT-IMPORT DOO,INDUSTRIALS
SUBGROUP ATRIKOD,INDUSTRIALS
VAZDUHOPLOVNI SAVEZ SRBIJE,CONSUMER DISCRETIONARY
EXPERT STIL DOO LESKOVAC,CONSUMER DISCRETIONARY
EUROMES PLUS DOO,NOT RELEVANT
ADRENALIN DOO BEOGRAD,CONSUMER DISCRETIONARY
MAJDAN LUKS D.O.O.,CONSUMER DISCRETIONARY
TRADING TEAM DOO NOVI SAD,CONSUMER STAPLES
KLACSKA JUGOSLAVIJA DOO BEOGRAD,INDUSTRIALS
ELIXIR FRUIT DOO - U LIKVIDACIJI,CONSUMER STAPLES
MEGA TABAK D.O.O.,NOT RELEVANT
EXIM-COMMERCE DOO PALIC,INDUSTRIALS
PROJEKTOMONTAZA D.O.O. BEOGRAD,REAL ESTATE
KASTOR DOO JAGODINA,CONSUMER DISCRETIONARY
ERNST & YOUNG DOO BEOGRAD,INDUSTRIALS
DIAHEM GRAMIM DOO BEOGRAD,HEALTH CARE
DIGITAL PRINTING CENTER DOO BEOGRA,COMMUNICATIONS
CBRE GWS,REAL ESTATE
NISKOGRADNJA AD NIS,INDUSTRIALS
MG GROUP HR SERVICES,INDUSTRIALS
INSTITUT ZA KUKURUZ ZEMUN POLJE,NOT RELEVANT
GROUP ZIDAR,CONSUMER DISCRETIONARY
BETON PLUS D.O.O.,MATERIALS
SLUZBENI GLASNIK,CONSUMER DISCRETIONARY
E SEARCH D O O  BEOGRAD,INDUSTRIALS
VISNJICA RESTORANI DOO BEOGRAD,CONSUMER DISCRETIONARY
GRADSKI ZAVOD ZA VESTACENJA,INDUSTRIALS
LAT NITROGEN,MATERIALS
CREMA GEL,CONSUMER DISCRETIONARY
ELIXIR PRAHOVO DOO,MATERIALS
PULSE OFFICE DOO NOVA PAZOVA,CONSUMER DISCRETIONARY
SIGNAL DOO SOMBOR,INDUSTRIALS
JUGO-KAOLIN DOO ZAJECAR,MATERIALS
GEODIS SCO DOO,INDUSTRIALS
GAS LIDER,INDUSTRIALS
SERBIA ZIJIN COPPER DOO,MATERIALS
PTP TRANSKOM DOO SABAC,CONSUMER STAPLES
DOO KS-SAFETY SHOES,CONSUMER DISCRETIONARY
ENERGREEN MTB DOO,INDUSTRIALS
ALO MEDIA SYSTEM DOO BEOGRAD,COMMUNICATIONS
GROUP IVKOVIC,CONSUMER DISCRETIONARY
TEHNOUNION ENERGY,INDUSTRIALS
EKO UNIJA SN DOO BEOGRAD,INDUSTRIALS
AL DAHRA SRBIJA DOO PADINSKA SKELA,INDUSTRIALS
HERZ ARMATUREN DOO NOVA PAZOVA,INDUSTRIALS
UNL GROUP DOO BEOGRAD,INDUSTRIALS
"NUTRIKO DOO, VRANJE",CONSUMER STAPLES
GROUP VOJPUT,INDUSTRIALS
SHANDONG FOREIGN ECONOMIC & TECHNI,INDUSTRIALS
EKO PRODUKT 2002 PREDUZECE ZA UNUTR,NOT RELEVANT
LODIS LOGISTIKA d.o.o. Simanovci,INDUSTRIALS
MP VELIKA MORAVA DOO,INDUSTRIALS
KONDOR DOO SMEDEREVO,MATERIALS
CIGLANA AD TITEL,MATERIALS
BANAT AD - U STECAJU,NOT RELEVANT
JKP CISTOCA I ZELENILO SA POTPUNOM,INDUSTRIALS
UNION MZ,CONSUMER STAPLES
OTVORENI UNIVERZITET DOO SUBOTICA,NOT RELEVANT
TENEN FARM DOO,CONSUMER STAPLES
JOTER DOO KRUSEVAC,INDUSTRIALS
ZIKICA (MIODRAG) LAZIC,CONSUMER STAPLES
SIEMENS MOBILITY DOO CEROVAC,INDUSTRIALS
JUNGIC RECYCLING DOO,INDUSTRIALS
PIRAMIDA-NIT DOO,CONSUMER STAPLES
SOLAJA-BETON DOO,MATERIALS
ENERGO - PET DOO BEOGRAD,MATERIALS
PAKOM COMPUTERS D.O.O.,INFORMATION TECHNOLOGY
ALLTECH SERBIA D.O.O.,CONSUMER STAPLES
ZITOKOMERC DOO SOMBOR,CONSUMER STAPLES
EZPADA DOO BEOGRAD,UTILITIES
EUROPA TRAVEL DOO VALJEVO,CONSUMER DISCRETIONARY
ALBAFER TRADE DOO,INDUSTRIALS
REPOL D.O.O. VALJEVO,INDUSTRIALS
NG-SYSTEM DOO KRALJEVO,CONSUMER DISCRETIONARY
DOO MIVEX CACAK,CONSUMER STAPLES
INTEGRA AGRO,MATERIALS
ELCOM TRADE DOO BEOGRAD,CONSUMER DISCRETIONARY
PIZZAGRAM D.O.O. BEOGRAD-VRACAR,CONSUMER DISCRETIONARY
GRADINA DOO BEOGRAD,INDUSTRIALS
GROUP EURO GAS,INDUSTRIALS
HV PARTNER DOO MALA BOSNA - U STEC,CONSUMER STAPLES
BETA UNION DOO BEOGRAD,INDUSTRIALS
ALEX E&C DOO BEOGRAD,INDUSTRIALS
KOVINTRADE  DOO BEOGRAD,INDUSTRIALS
DARKOM DOO BEOGRAD,INDUSTRIALS
GROUP BEOINOX,CONSUMER STAPLES
SPEKTAR DOO,MATERIALS
TIM-PHARMA DOO SABAC,REAL ESTATE
ARHIKOM,INDUSTRIALS
AZOTARA DOO SUBOTICA - U STECAJU,MATERIALS
NIKOLA DOO POZAREVAC,NOT RELEVANT
IB TEAM DOO BEOGRAD - U PRINUDNOJ,CONSUMER STAPLES
IMPERIAL GRADNJA DOO BEOGRAD,CONSUMER DISCRETIONARY
BZ DOO NOVI SAD,INDUSTRIALS
KRYOOPREMA DOO PANCEVO,MATERIALS
GENERALIMPEX D.O.O.,NOT RELEVANT
JKP PARKING SERVIS NIS,INDUSTRIALS
NETWORK FOR TRADING - U STECAJU,UTILITIES
VICTORIA LOGISTIC DOO,CONSUMER STAPLES
GROUP ESENSA,HEALTH CARE
PERTINI TOYS DOO BEOGRAD (VRACAR),CONSUMER DISCRETIONARY
KAMEN I PESAK,MATERIALS
TOMAS & RAY DOO BEOGRAD,CONSUMER STAPLES
KIMBCO DOO BEOGRAD,CONSUMER STAPLES
APOTEKARSKA USTANOVA LILLY DROGERI,CONSUMER STAPLES
MEDIUS PLUS DOO STARA PAZOVA,CONSUMER STAPLES
SUBGROUP BEL MEDIC,HEALTH CARE
ALLUCENT DOO,HEALTH CARE
AGRIMATCO NOVI SAD,MATERIALS
WORLD BEST BRANDS DOO,CONSUMER DISCRETIONARY
TRGOCENTAR  DOO BEOGRAD,CONSUMER STAPLES
ATLANTIC STARK D.O.O.,CONSUMER STAPLES
SIROGOJNO CO DOO SIROGOJNO,CONSUMER STAPLES
THRACE PLASTICS PACKAGING,MATERIALS
ALUPLAST BGD DOO BEOGRAD (ZEMUN),INDUSTRIALS
VIR IMPEX DOO BEOGRAD,INDUSTRIALS
ALLEGRA-KRSTARENJA DOO,CONSUMER DISCRETIONARY
BETA COOP 2021 DOO GOLUBINCI,CONSUMER STAPLES
JUGOTREJD DOO ARILJE,CONSUMER STAPLES
ALPHA IMAGING DOO,HEALTH CARE
Javno preduzece PTT,INDUSTRIALS
PALMA STR LUCAR MILADIN PR NOVI SA,CONSUMER STAPLES
METALIK CO DOO SABAC,MATERIALS
PAN-ALKO PROMET DOO KULA,NOT RELEVANT
PEKARSKA INDUSTRIJA AD PANCEVO,NOT RELEVANT
WORLDWIDE CLINICAL TRIALS,HEALTH CARE
D PLUS PROIZVODNJA I DISTRIBUCIJA,CONSUMER STAPLES
"LAVERA  D.O.O. ZA PROIZVODNJU,PROME",CONSUMER STAPLES
PARKIC,CONSUMER STAPLES
KLINGSPOR DOO BEOGRAD,INDUSTRIALS
GRA VET  DOO GRADJEVINSKO PREDUZECE,INDUSTRIALS
UNIPROMET DOO CACAK,INDUSTRIALS
K-RENT PROPERTY D.O.O.,REAL ESTATE
AGROSTADT,INDUSTRIALS
IVOX DOO SMEDEREVO,CONSUMER DISCRETIONARY
EURO MOTUS TRANSPORT d.o.o.,INDUSTRIALS
NIPPON EXPRESS (DEUTSCHLAND) GMBH,INDUSTRIALS
JMD 021 TRADE,CONSUMER DISCRETIONARY
DUNAVPREVOZ AD BACKA PALANKA,INDUSTRIALS
KITE,INDUSTRIALS
APOTEKARSKA USTANOVA OAZA ZDRAVLJA,CONSUMER STAPLES
SRBIJASUME JP BEOGRAD,MATERIALS
BRANTNER OTPADNA PRIVREDA DOO,INDUSTRIALS
"BWC POLIMERI DOO BACKA PALANKA, CE",MATERIALS
ARTOS DOO KOSJERIC,CONSUMER STAPLES
METPAK D.O.O.,INDUSTRIALS
GP STIG AD POZAREVAC,NOT RELEVANT
GENEKO SYSTEMS DOO BEOGRAD,NOT RELEVANT
KONC.FABRIKA VAGONA KRALJEVO AD- D,NOT RELEVANT
I.S.N. DOO SABAC - U STECAJU,CONSUMER DISCRETIONARY
M+W PROCESS ENGINEERING D.O.O. BEOG,INDUSTRIALS
INON DOO POZAREVAC,CONSUMER STAPLES
BEOBUS DOO BEOGRAD,INDUSTRIALS
FOND ZA RAZVOJ REPUBLIKE SRBIJE,NOT RELEVANT
GEN - I DOO BEOGRAD,UTILITIES
MEDIUS MESARA DOO NOVA PAZOVA,CONSUMER STAPLES
AL RAWAFED SRBIJA DOO,CONSUMER STAPLES
MIKOM D.O.O. KOMPANIJA ZA PROIZVODN,INDUSTRIALS
EUROIMPEX AUTOMOTIVE D.O.O.,CONSUMER DISCRETIONARY
HYGIENE PRO TEAM DOO BEOGRAD ,MATERIALS
KLETT DOO BEOGRAD,COMMUNICATIONS
DUNAV AUTO DOO BEOGRAD,INDUSTRIALS
AUTOPREVOZNIK MARKO JAGODIC PR UB,INDUSTRIALS
BEOKOLP DOO BEOGRAD,CONSUMER DISCRETIONARY
ISTVAN (ISTVAN) VERES,CONSUMER STAPLES
MEDJAS DOO,NOT RELEVANT
JKP VODOVOD LESKOVAC,UTILITIES
MPN PROMET D.O.O.,CONSUMER DISCRETIONARY
ZIVKOVIC DOO JAGODINA,NOT RELEVANT
METANOLSKO SIRCETNI KOMPLEKS AD,MATERIALS
COMPAIR SOUTH EAST,CONSUMER DISCRETIONARY
AUTOCENTAR PETROVIC DOO SABAC,CONSUMER DISCRETIONARY
GRAPPOLO GROUP DOO U PRINUDNOJ LI,INFORMATION TECHNOLOGY
TEXNI DOO BEOGRAD,INDUSTRIALS
PACORINI BEO DOO BEOGRAD - U LIKVI,INDUSTRIALS
MK Group and Sunoko,CONSUMER STAPLES
SAOBRACAJNO DRUSTVENO PREDUZECE ZA,INDUSTRIALS
HUBERGROUP SRBIJA D.O.O.,MATERIALS
LEON CONDITORS DOO VRANJE,CONSUMER STAPLES
TRANSFERA D.O.O.,INDUSTRIALS
RIDETECH RS DOO,INFORMATION TECHNOLOGY
GCR D.O.O. NOVI SAD,REAL ESTATE
AVISTA OIL D.O.O.,INDUSTRIALS
TOI TOI DOO BEOGRAD,INDUSTRIALS
BEXIM TRADING,CONSUMER DISCRETIONARY
DUMECO DOO  SURCIN,INDUSTRIALS
IZOBIT DOO BRCKO,ENERGY
EVROPA LEK PHARMA,HEALTH CARE
ATLANTIC GRAND DOO,CONSUMER STAPLES
TRANSPRODUKT-BUS PREVOZ DOO BEOGRA,INDUSTRIALS
TISA INDUSTRY DOO BEOGRAD,INDUSTRIALS
VIVA PELLET DOO KRALJEVO,MATERIALS
GROUP FICOSOTA,CONSUMER STAPLES
PRO-BEKOM DOO U STECAJU,CONSUMER STAPLES
INVENTIV HEALTH DOO,HEALTH CARE
HABIT PHARM - U STECAJU,HEALTH CARE
BOTUNJAC-DVA BRATA BACKI VINOGRADI,CONSUMER STAPLES
KALINEL D.O.O. VRANJE,CONSUMER DISCRETIONARY
DRUSTVO SA OGRANICENOM ODGOVORNOSCU,NOT RELEVANT
INVEJ AD BEOGRAD-ZEMUN,NOT RELEVANT
BALKANS REAL ESTATE,REAL ESTATE
TEHNOGAMA DOO SIMANOVCI,INDUSTRIALS
HANPUT-PLUS DOO,INDUSTRIALS
POLIMARK DOO BEOGRAD,CONSUMER STAPLES
GROUP EWE,INFORMATION TECHNOLOGY
BRAINEERING IT SOLUTIONS DOO B,INFORMATION TECHNOLOGY
POLJOPRIVREDNO DOBRO DMN,CONSUMER STAPLES
ST MEDICINA,HEALTH CARE
MEKONTA INVESTMENT GROUP DOO,REAL ESTATE
ATLAS SERVIS,INDUSTRIALS
WIZARD DOO,MATERIALS
NICOLA'S  DOO BEOGRAD,NOT RELEVANT
PANATIC SISTEM DOO BEOGRAD,NOT RELEVANT
SUBGROUP DENEZA M INZENJERING,INDUSTRIALS
"FK ""FC FORZA""",CONSUMER DISCRETIONARY
UTVA SILOSI AD KOVIN,MATERIALS
EMINENT WORLD WIDE DOO,CONSUMER DISCRETIONARY
EUROMEDIK POLIKLINIKA NATASA ZLATA,HEALTH CARE
DOO MDM INOX S BEOGRAD,INDUSTRIALS
TIPTEH D.O.O. BEOGRAD,INDUSTRIALS
GRANDE ADRIATIC FOOD DOO LESKOVAC,CONSUMER STAPLES
POLJOPRIVREDNA STRUCNA SLUZBA VRBAS,INDUSTRIALS
DOO ELMED TEMERIN,INDUSTRIALS
MICROTRI DOO BEOGRAD,MATERIALS
UNIVERZITET PRAVNI FAKULTET U NOVO,CONSUMER DISCRETIONARY
MCCANN DOO BEOGRAD,COMMUNICATIONS
EX ING B&P DOO BEOGRAD,INDUSTRIALS
TCK DOO KOSJERIC,MATERIALS
ELEVEN CONTROLS,INDUSTRIALS
KOZARA DOO BANAT. VELIKO SELO,CONSUMER STAPLES
PILLAR DOO,CONSUMER STAPLES
UNIVERZUM CIGLANA DOO ARANDELOVAC,NOT RELEVANT
GGE DOO,INDUSTRIALS
PUERTO SEGURO DOO,NOT RELEVANT
GROUP GOTY DOO,CONSUMER STAPLES
HABIT APOTEKE IVANJICA,NOT RELEVANT
SILVER LAKE INVESTMENT DOO,CONSUMER DISCRETIONARY
SUBGROUP HEMOFARM STADA ARZNEIMITT,HEALTH CARE
MONTERRA D.O.O. OGRANAK,INDUSTRIALS
ARTIST SISTEMS DOO BEOGRAD,CONSUMER DISCRETIONARY
EURO BRAVO DOO,INDUSTRIALS
PROMOBI SERVISNI CENTAR DOO BEOGRA,CONSUMER DISCRETIONARY
ISOPLUS DOO BEOGRAD,INDUSTRIALS
ORANICA DOO KRAGUJEVAC,CONSUMER STAPLES
FCC KIKINDA DOO,INDUSTRIALS
ZEMLJORADNICKA ZADRUGA BACEX BAC,CONSUMER STAPLES
CITY FACILITY DOO BEOGRAD,INDUSTRIALS
"PREDUZECE BOSKOVIC ADS DOO POZEGA,",INDUSTRIALS
"MORAVCEVIC, VOJNOVIC I PARTNERI  A",INDUSTRIALS
BT PEGROTOUR DOO BEOGRAD (STARI GR,CONSUMER DISCRETIONARY
SAFE-INVEST DOO BEOGRAD - U STECAJ,NOT RELEVANT
CHEMMAX GRADNJA DOO BACKA PALANKA,NOT RELEVANT
AKCIONARSKO DRUSTVO MLEKARA SABAC,CONSUMER STAPLES
NISSAL DOO SREMSKA MITROVICA,MATERIALS
LICON DOO BEOGRAD,INDUSTRIALS
ALCA TRGOVINA DOO BEOGRAD-ZEMUN,CONSUMER STAPLES
VENERA BIKE D00 SUBOTICA,CONSUMER DISCRETIONARY
STRONG & UNIQUE  DOO SUBOTICA - U,NOT RELEVANT
TABLETE I KAPSULE TRADE DOO,HEALTH CARE
MLEKARA DOO PANCEVO,NOT RELEVANT
AXXON TRADING LTD DOO,CONSUMER DISCRETIONARY
INFINEON TECHNOLOGIES D.O.O.,INFORMATION TECHNOLOGY
SECUT DOO,INDUSTRIALS
BULIC CO DOO NOVA PAZOVA,INDUSTRIALS
WFC DOO,CONSUMER STAPLES
TECH MASTER DOO,CONSUMER STAPLES
ARMAX-BEO INVEST DOO,REAL ESTATE
TISACOOP DOO KANJIZA,CONSUMER STAPLES
C.I.A.K. AUTO,CONSUMER DISCRETIONARY
SCHRACK TECHNIK DOO BEOGRAD,INDUSTRIALS
STARI TAMIS DOO PANCEVO,CONSUMER STAPLES
SNE ENERGY DOO CACAK,INDUSTRIALS
CMANA DOO KRNJEVO,CONSUMER STAPLES
SSAB SWEDISH STEEL D.O.O. BEOGRAD,MATERIALS
ATB FOD,INDUSTRIALS
ERS HILL DOO,REAL ESTATE
PREDUZECE ZA PROFESIONALNU REHABILI,CONSUMER DISCRETIONARY
TIGAR TYRES DOO,CONSUMER DISCRETIONARY
DELTA AGRAR DOO,CONSUMER STAPLES
VENTING DOO BEOGRAD,CONSUMER DISCRETIONARY
MAGISTRALA A.D.,INDUSTRIALS
NOVEL DOO BEOGRAD (CUKARICA),CONSUMER DISCRETIONARY
MLINTEST DOO SID,CONSUMER STAPLES
APOLONIJA DOO BEOGRAD,CONSUMER DISCRETIONARY
MONICOM D.O.O.,ENERGY
CELTIS PRESS D.O.O.,CONSUMER DISCRETIONARY
PREDUZECE ZA POSREDNICKO KOMISIONE,INDUSTRIALS
MANPOWER BUSINESS SOLUTIONS DOO,INDUSTRIALS
BEO KERAMIKA DOO U STECAJU,NOT RELEVANT
DOO ROMA-AL STARA PAZOVA,CONSUMER STAPLES
PROZONE DOO NOVI SAD,INFORMATION TECHNOLOGY
METAL-PROM D.O.O.,MATERIALS
MINEL TRAFO DOO,NOT RELEVANT
NASA JABUKA DOO,CONSUMER STAPLES
MAGMA INTERNATIONAL - U STECAJU,NOT RELEVANT
220-B DOO BEOGRAD,CONSUMER DISCRETIONARY
PAPIR SERVIS DP D.O.O. KRUSEVAC,MATERIALS
UP STARI GRAD AD,CONSUMER DISCRETIONARY
VAIT DOO,CONSUMER STAPLES
STAMH DOO BEOGRAD,INDUSTRIALS
TIM AMIGA TRADE DOO,INDUSTRIALS
DRUSTVO OFY COMPANY DOO BEOGRAD,CONSUMER DISCRETIONARY
AKS AUTOMOTIVE DOO SABAC,CONSUMER DISCRETIONARY
INDAS DOO NOVI SAD,INDUSTRIALS
THYSSENKRUPP MATERIALS,MATERIALS
BEST AVENY DOO CACAK,REAL ESTATE
VIESSMANN DOO BEOGRAD,INDUSTRIALS
VODOPAN DOO VRANICI,INDUSTRIALS
SLOBODNA ZONA PIROT AD PIROT,INDUSTRIALS
NICOLL SYSTEM DOO TOPOLA,CONSUMER STAPLES
AUTOPREVOZNIK DEJAN RADOVANOVIC PR,INDUSTRIALS
OZZ ZUNJI-SILAK TEMERIN,CONSUMER STAPLES
DRUSTVO ZA PROIZVODNJU MINERAL,CONSUMER STAPLES
BG REKLAM DOO BARAJEVO,INDUSTRIALS
GROUP TANKMONT,INDUSTRIALS
METALNO DOO,INDUSTRIALS
HEMOVET - U STECAJU,NOT RELEVANT
A2B EJ TU BI LOGISTIKA DOO,INDUSTRIALS
USPON DOO CACAK,CONSUMER DISCRETIONARY
SL GROSS DOO BEOGRAD,NOT RELEVANT
PIN DOO MLADENOVAC,MATERIALS
SACO D.O.O.,NOT RELEVANT
EURO STEEL CENTER DOO,NOT RELEVANT
GROUP MK GROUP,CONSUMER STAPLES
KOKIR GRADNJA  D.O.O. BEOGRAD,NOT RELEVANT
PWW JAGODINA DOO,INDUSTRIALS
WOLT D.O.O.,CONSUMER DISCRETIONARY
GROUP ANSAL,INDUSTRIALS
HEP ENERGIJA DOO BEOGRAD,UTILITIES
SAVA KOVACEVIC DOO VRBAS,CONSUMER STAPLES
GREINER PACKAGING,MATERIALS
"MINAR FRUCHT DOO SLJIVOVO, ALEKSAN",CONSUMER STAPLES
CPS DOO BEOGRAD,MATERIALS
UNITED GROUP NETWORK INFRASTRUCTURE,COMMUNICATIONS
COMCEN DOO BEOGRAD-ZEMUN,CONSUMER STAPLES
MISACO DOO BEOGRAD,CONSUMER STAPLES
ARMABETON DOO BEOGRAD,MATERIALS
AG INSTITUT D.O.O. NOVI SAD,INDUSTRIALS
G.R.S. INZINJERING DOO BEOGRAD,CONSUMER DISCRETIONARY
SUBGROUP LUKOWA FOOD,CONSUMER STAPLES
PARTERNO1 DOO,REAL ESTATE
PORSCHE MOBILITY DOO,CONSUMER DISCRETIONARY
BORVERK DOO LAJKOVAC,NOT RELEVANT
MICK D.O.O.,INDUSTRIALS
TOREX CO DOO BEOGRAD - U STECAJU,CONSUMER DISCRETIONARY
GALEB GTE AD BEOGRAD,INFORMATION TECHNOLOGY
INGRAP GRADNJA DOO,NOT RELEVANT
GROUP UNITED DAIRY,NOT RELEVANT
IM TOPOLA DOO BACKA TOPOLA,NOT RELEVANT
DRINA LOGISTIX DOO BEOGRAD,INDUSTRIALS
EUROPOINT SYSTEMS DOO,INFORMATION TECHNOLOGY
GRADSKO SAOBRACAJNO PREDUZECE BEOGR,INDUSTRIALS
D EXPRESS DOO BEOGRAD,INDUSTRIALS
JKP TVRDJAVA BAC,UTILITIES
GROUP FASHION CO,CONSUMER DISCRETIONARY
PRIMEMED D.O.O.,HEALTH CARE
EX BC DOO BEOGRAD,INDUSTRIALS
PREDUZECE AUTOKUCA-RAJEVIC DOO ARI,CONSUMER DISCRETIONARY
ALPROS DOO BEOGRAD,CONSUMER DISCRETIONARY
KOLPA DOO ZRENJANIN,INDUSTRIALS
VEGA DOO VALJEVO,HEALTH CARE
MCS-SISTEM DOO POZEGA,INDUSTRIALS
BOZIC I SINOVI D.O.O.,INDUSTRIALS
LIMPLEX MONT DOO NOVI SLANKAMEN,INDUSTRIALS
OMYA VENCAC DOO,MATERIALS
CLIPS DK DOO NOVI SAD,CONSUMER DISCRETIONARY
DAYS IN COLOURS,CONSUMER STAPLES
FRIGOMAX DOO,INDUSTRIALS
RIM GROUP DOO BEOGRAD,CONSUMER STAPLES
BC-TRUCKS DOO,CONSUMER DISCRETIONARY
EUROBAU CONNECT AG DOO BEOGRAD,REAL ESTATE
AMASIS  DOO BEOGRAD,NOT RELEVANT
PREDUZECE ZA PROIZVODNJU I PROMET D,NOT RELEVANT
UNION KARIC DOO,CONSUMER DISCRETIONARY
DOO VOJVODINA STARCEVO,NOT RELEVANT
L DOO,FINANCIALS
TERMOVENT KOMERC DOO BEOGRAD,INDUSTRIALS
IVA SPED DOO,NOT RELEVANT
CHICK PROM DOO MALI IDOS,CONSUMER STAPLES
FIP GRMEC NOVOLINE DOO,NOT RELEVANT
GRAND MOTORS DOO BEOGRAD,CONSUMER DISCRETIONARY
"PTP ALBATROS MM DOO SID, CARA DUSA",CONSUMER STAPLES
ALL IP D.O.O.,COMMUNICATIONS
GRANEX COMPANY,CONSUMER STAPLES
SPAJZ DOO BEOGRAD,CONSUMER STAPLES
T-1 ABRAZIV DOO ADA,INDUSTRIALS
LJUBA INVEST - S.Z.T.R.,INDUSTRIALS
KRAFTIA SEE DOO,MATERIALS
GROUP DEUS SYSTEM,MATERIALS
YASENKA RS,HEALTH CARE
SR PROMETAL IVKOVIC VLADIMIR PR SO,INDUSTRIALS
RAPID RUMA,MATERIALS
ENERGY LTD DOO,INDUSTRIALS
DUDA INVEST DOO BEOGRAD,CONSUMER DISCRETIONARY
"DBA PROMET DOO ARILJE, CEROVA",CONSUMER STAPLES
GP BEST IZGRADNJA DOO NOVI SAD,INDUSTRIALS
KVJETKA (JANO) HEDJI,CONSUMER STAPLES
DM DROGERIE MARKT DOO BEOGRAD,CONSUMER STAPLES
SOPOT JP SOPOT,UTILITIES
INTERTRON DOO VRSAC,MATERIALS
ZITOPRERADA DOO BEOGRAD,NOT RELEVANT
PREDUZECE ZA PUTEVE VALJEVO AD,INDUSTRIALS
FOKUS OFFICE DOO BEOGRAD,INDUSTRIALS
AGRAR FM DOO NOVI SAD,CONSUMER STAPLES
TEHNOMOBIL PROTECH  DOO  NOVI SAD,INDUSTRIALS
STYLOS DOO NOVI SAD,INDUSTRIALS
PLANINKA AD KURSUMLIJA,CONSUMER STAPLES
CHILE KOMERC DOO BEOGRAD,CONSUMER STAPLES
STANISIC-AUDIT DOO BEOGRAD,INDUSTRIALS
OPSTA BOLNICA ACIBADEM BEL MEDIC,HEALTH CARE
RADIO S DOO BEOGRAD,COMMUNICATIONS
DODIC DOO VRANJE,CONSUMER DISCRETIONARY
TERMOMETAL D.O.O.,INDUSTRIALS
GALEB METALOPLASTIKA AD SABAC,MATERIALS
GROUP METALAC,CONSUMER DISCRETIONARY
NOTO-LOGISTIC DOO BEOGRAD ,INDUSTRIALS
OSTROG DOO BEOGRAD,INDUSTRIALS
KING ICT DOO BEOGRAD,INFORMATION TECHNOLOGY
KALMAN DOO BEOGRAD,REAL ESTATE
DUX TECH D.O.O.,INDUSTRIALS
K... G... FASHION DOO CACAK,CONSUMER DISCRETIONARY
NERA EX-IM DOO BEOGRAD ZEMUN,CONSUMER STAPLES
VALLETTA DOO - U STECAJU,CONSUMER STAPLES
STRELA TRANSPORT DOO,INDUSTRIALS
UNIVERSAL BRANDS DOO,CONSUMER STAPLES
GP YU KEOPS DOO KRALJEVO,INDUSTRIALS
SMARTCONF D.O.O. PIROT,CONSUMER DISCRETIONARY
JGSP NOVI SAD,NOT RELEVANT
UNIFIEDPOST SOLUTIONS D.O.O.,INFORMATION TECHNOLOGY
BORIS RADOVANOVIC PR CUSUM,CONSUMER DISCRETIONARY
GROUP EMINENT,CONSUMER DISCRETIONARY
TTK MASTERCAR DOO,INDUSTRIALS
BEXEXPRESS DOO,INDUSTRIALS
Subgroup Knjaz Milos,CONSUMER STAPLES
DOO KENS NOVI PAZAR,CONSUMER DISCRETIONARY
LAMELA PROMET DOO KRUSEVAC,CONSUMER STAPLES
EKSTRA-PET DOO BEOGRAD,MATERIALS
ALMA QUATTRO DOO BEOGRAD,COMMUNICATIONS
INVENTO FASHION DOO BEOGRAD,CONSUMER DISCRETIONARY
DANIJELA COMMERCE DOO PANCEVO,CONSUMER STAPLES
ARHIBET DOO DONJA VREZINA,MATERIALS
PEJIC TOURS DOO NOVI PAZAR,INDUSTRIALS
SPEED DOO,INDUSTRIALS
VALVE PROFIL DOO,INDUSTRIALS
DELIGHTED MINDS,REAL ESTATE
PHARMA FUTURA DOO NOVI SAD - U STE,NOT RELEVANT
DEWACO DOO,CONSUMER DISCRETIONARY
MANEKS DOO NOVI SAD,NOT RELEVANT
VITALGAS TECHNOLOGY DOO BEOGRAD,NOT RELEVANT
MB DYNAMIC AUTO PREDUZECE ZA UVOZ I,NOT RELEVANT
PARTNER INZINJERING DOO BEOGRAD,NOT RELEVANT
SUNAL D.O.O. NOVI SAD,MATERIALS
ENERGOGROUP DOO BEOGRAD,INDUSTRIALS
FONDA DOO BEOGRAD,CONSUMER DISCRETIONARY
FEMIC CO DOO BEOGRAD-SURCIN,CONSUMER STAPLES
GLOBAL BLUE D.O.O.,FINANCIALS
UNIVERZAL DOO NOVI SAD,CONSUMER DISCRETIONARY
FRAGMAT S DOO,INDUSTRIALS
SAVIC DOO SMEDEREVSKA PALANKA,MATERIALS
RADUN INZENJERING DOO,INDUSTRIALS
LTC DOO BEOGRAD,INDUSTRIALS
NICOLL CURTIN DOO,INDUSTRIALS
KLIMA M DOO BEOGRAD,INDUSTRIALS
NOACK & CO SOUTH EAST DOO NOVI SAD,CONSUMER STAPLES
SERBOTECNICA DOO ZIROVNICA,INDUSTRIALS
MAINSTREAM DOO BEOGRAD,INFORMATION TECHNOLOGY
PIRAMIDA 72 DOO,CONSUMER DISCRETIONARY
AGENA TECHNOLOGY DOO SIMANOVCI,NOT RELEVANT
VOCAR LUTKA DOO VELIKA ZUPA PRIJEP,NOT RELEVANT
STADLUX REALESTATE DOO,NOT RELEVANT
GROUP TAGOR ELEKTRONIK,INFORMATION TECHNOLOGY
TRGOVINA LILIC DOO,CONSUMER STAPLES
POTTKER DOO BACKA TOPOLA,CONSUMER DISCRETIONARY
MH RENT DOO BEOGRAD,REAL ESTATE
GROUP GRAND D,INDUSTRIALS
BALKAN POLYMERS DOO BEOGRAD,MATERIALS
JAF D.O.O. NOVA PAZOVA,MATERIALS
GREEN CITY INTERNATIONAL DOO,INDUSTRIALS
DUNIS D.O.O.,INDUSTRIALS
ITN  DOO BEOGRAD,CONSUMER STAPLES
"TRI O DOO ARANDELOVAC, BANJA",CONSUMER DISCRETIONARY
SLAVIAMED DOO BEOGRAD,HEALTH CARE
MPK TREJD DOO VALJEVO,MATERIALS
AKCIONARSKO DRUSTVO  NAPREDAK VELIK,NOT RELEVANT
INVEST-IMPORT A.D.,NOT RELEVANT
huntsman bv beograd,INDUSTRIALS
INTER-KOP DOO SABAC - U STECAJU,INDUSTRIALS
THE INTERNATIONAL SCHOOL OF BELGRA,CONSUMER DISCRETIONARY
MD KOMERC DOO VINORACA,CONSUMER STAPLES
GRADINA KAMENOLOM D.O.O.,MATERIALS
BONATTI DOO BEOGRAD,CONSUMER DISCRETIONARY
GROUP AVTERA,INFORMATION TECHNOLOGY
NEW PARK GROUP D.O.O.,NOT RELEVANT
VPD SREDNJI BANAT D.O.O. ZRENJANIN,INDUSTRIALS
M&M MILITZER & MUNCH TRANSPORT & ,INDUSTRIALS
GROUP FRIGLO,CONSUMER STAPLES
EUROPAK DOO STARI BANOVCI,CONSUMER STAPLES
KOMPRESOR AUTOLAND DOO BEOGRAD,CONSUMER DISCRETIONARY
DIPLON DOO,INDUSTRIALS
ZZ BRESTOVO - BACKI BRESTOVAC,CONSUMER STAPLES
"KLEEMANN LIFTOVI DOO, SIMANOVCI",INDUSTRIALS
EJ MODULAR SYSTEMS,INDUSTRIALS
HSH CHEMIE D.O.O.,MATERIALS
AERODROM KETERING DOO BEOGRAD,INDUSTRIALS
INPUT DOO BEOGRAD,INDUSTRIALS
IM MATIJEVIC DOO NOVI SAD,CONSUMER STAPLES
WARNER DOO SUBOTICA,CONSUMER DISCRETIONARY
ZELENI DRAGSTOR STR,CONSUMER STAPLES
PRVI MAJ AD CACAK,MATERIALS
DUZNIK STECAJNE MASE: UTC COMPANY,CONSUMER DISCRETIONARY
FABRIKA DECJE HRANE D.O.O.,CONSUMER STAPLES
PREDUZECE FRUTIVITA DOO STARA PAZO,CONSUMER STAPLES
FILI PILI DOO,CONSUMER STAPLES
UNIVERSAL MEDIA DOO BEOGRAD,CONSUMER DISCRETIONARY
SPIEGELFELD INTERNATIONAL DOO,NOT RELEVANT
DOO FORMAXSTORE NOVI SAD,CONSUMER DISCRETIONARY
TREF SPORT CO DOO BEOGRAD,CONSUMER DISCRETIONARY
GREEN LIFE AGRAR DOO CREPAJA,CONSUMER STAPLES
RADIJUS VEKTOR D.O.O. BEOGRAD,CONSUMER DISCRETIONARY
SUBGROUP PWW,INDUSTRIALS
MILOS KLINIKA,HEALTH CARE
SUBGROUP EKSTRA PET,MATERIALS
FRESENIUS MEDICAL CARE SRBIJA DOO,HEALTH CARE
FIMS DRUSTVO SA OGRANIzENOM ODGOVO,INDUSTRIALS
LESKO DOO POZAREVAC,CONSUMER STAPLES
BAKI DOO,CONSUMER DISCRETIONARY
EPTISA SOUTHEAST EUROPE DOO BEOGRA,INDUSTRIALS
MIKULAKOMERC DOO MIONICA,CONSUMER STAPLES
JOHNSON & JOHNSON D.O.O. OGRANAK U,CONSUMER STAPLES
ASP STRELA-OBRENOVAC DOO OBRENOVAC,INDUSTRIALS
IDEAL AUTO DOO NIS,CONSUMER DISCRETIONARY
SCHWARZMUELLER DOO DOBANOVCI,CONSUMER DISCRETIONARY
MONTESINO,INDUSTRIALS
MILORAD PANTIC PREDUZETNIK MINI MA,NOT RELEVANT
GANAR SHOP,CONSUMER DISCRETIONARY
CISTOCA JKP,INDUSTRIALS
PREDUZECE PODRAVKA DOO BEOGRAD,CONSUMER STAPLES
BEO LAB MIRJANA PETROVIC PR BEOGRA,HEALTH CARE
STELA DOO NOVI PAZAR,CONSUMER STAPLES
GRAFO NIN DOO,NOT RELEVANT
FROMM PAKOVANJE DOO BEOGRAD,INDUSTRIALS
PREDST.LAB. INNOTECH INTERN.,HEALTH CARE
SDT RENTING DOO DOBANOVCI,INDUSTRIALS
DOO GALA-PROMET KRALJEVO,CONSUMER STAPLES
GROUP MASTER FRIGO,CONSUMER STAPLES
GROUP NOVO PLUS,CONSUMER STAPLES
PANTRANSPORT DOO PANCEVO,INDUSTRIALS
DIMNICAR JKP SUBOTICA,INDUSTRIALS
ELIXIR FONDACIJA,INDUSTRIALS
N I Z -FENIX DOO GORNJI MILANOVAC,INDUSTRIALS
JAT-TEHNIKA DOO BEOGRAD,INDUSTRIALS
REVITA D.O.O.,CONSUMER STAPLES
GTP MEGA MONT DOO KRALJEVO,REAL ESTATE
KALMAN OMLADINSKA D.O.O.,REAL ESTATE
M & L INTERNATIONAL  DOO BEOGRAD,CONSUMER STAPLES
MEDICA LINEA PHARM DOO BEOGRAD,HEALTH CARE
GRANOS D.O.O.,CONSUMER STAPLES
MK COMMERCE DOO NOVI SAD,CONSUMER STAPLES
JAVOR MHM D.O.O. KUSICI,CONSUMER DISCRETIONARY
INTRAPROFIL DOO SMEDEREVO,NOT RELEVANT
UDRUZENJE NOVINARA SRBIJE,NOT RELEVANT
HIP-AZOTARA DOO,MATERIALS
HUTP BALKAN AD,CONSUMER DISCRETIONARY
PRIVREDNO DRUSTVO ALFA MONT DOO BE,INDUSTRIALS
MK GROUP DOO BEOGRAD,CONSUMER STAPLES
H&S FRUITS DOO ARILJE,CONSUMER STAPLES
SRC DOO BEOGRAD,INFORMATION TECHNOLOGY
GLACIER DOO SIMANOVCI,CONSUMER DISCRETIONARY
ANSAL STEEL,INDUSTRIALS
SPEED PETROL DOO,INDUSTRIALS
SANI ECO VITA D.O.O. LAZAREVAC,INDUSTRIALS
SONJA (GEORGIJE) SAMOLOVAC,CONSUMER STAPLES
EUROTELESITES D.O.O.,COMMUNICATIONS
KBV DATACOM D.O.O. BEOGRAD,INDUSTRIALS
GROUP AGROGLOBE,CONSUMER STAPLES
PET REPUBLIC VETERINARSKA APOTEKA,CONSUMER STAPLES
FRUEKO DOO NOVI SAD,CONSUMER STAPLES
NICEFOODS RESTORANI DOO BEOGRAD,CONSUMER DISCRETIONARY
ZITOPROMET-MLINPEK D.O.O. STARA PA,CONSUMER STAPLES
BIMAL TRADING D.O.O.,CONSUMER STAPLES
EUROPA BUS DOO VALJEVO,INDUSTRIALS
TRANSLY DOO BEOGRAD,INDUSTRIALS
KABLPROJEKT DOO,NOT RELEVANT
JUGPROM DOO BEOGRAD - U STECAJU,CONSUMER STAPLES
FENIKS PLUS DOO DESPOTOVAC,CONSUMER DISCRETIONARY
PLAST ZEMLJORADNICKA ZADRUGA,CONSUMER STAPLES
BATA-TRGOVINA - U STECAJU,NOT RELEVANT
W.E.G. TEHNOLOGY D.O.O.,CONSUMER DISCRETIONARY
SAS MONITORING DOO BEOGRAD,INDUSTRIALS
PNEUTECH DOO VRBAS,CONSUMER DISCRETIONARY
KERAMIKA JOVANOVIC,INDUSTRIALS
MACVANKA,CONSUMER STAPLES
DELIGHT,INDUSTRIALS
MORAVA DOO KRAGUJEVAC,CONSUMER STAPLES
NEOPLANTA DOO NOVI SAD,CONSUMER STAPLES
DOO EUROCONS GROUP VRSAC,INDUSTRIALS
MB STOVARISTE DOO,INDUSTRIALS
GROUP INTERFAST,INDUSTRIALS
AEGON DOO,REAL ESTATE
HEMPRO DOO BEOGRAD,REAL ESTATE
WEST BALKANS MACHINERY DOO BEOGRAD,INDUSTRIALS
MLEKARA EKO-MLEK DOO KAONIK,CONSUMER STAPLES
PERFOM,MATERIALS
PIN SOFT DOO NOVI SAD,CONSUMER DISCRETIONARY
MONA DOO BEOGRAD,CONSUMER DISCRETIONARY
DOO EUROPA-PROMET 2000 BAC,CONSUMER STAPLES
ATLAS AMBASADOR DOO BEOGRAD - U ST,CONSUMER DISCRETIONARY
ATP VOJVODINA AD NOVI SAD   U STECA,INDUSTRIALS
GP 200 - U STECAJU,CONSUMER DISCRETIONARY
AD VRENJE BEOGRAD - U STECAJU,CONSUMER STAPLES
IN SISTEM DOO BEOGRAD,CONSUMER STAPLES
SQUARE COIN,INFORMATION TECHNOLOGY
SET GREEN TECHNOLOGY D.O.O.,UTILITIES
PRIVREDNO DRUSTVO,MATERIALS
GRADATIN TIM DOO,INDUSTRIALS
GOC AD UGOSTITELJSKO PREDUZECE TRS,REAL ESTATE
VOJPUT DOO  SUBOTICA,INDUSTRIALS
ENTERIJER JANKOVIC DOO NOVI SAD,INDUSTRIALS
IMP-TELEKOMUNIKACIJE DOO BEOGRAD,INDUSTRIALS
GROUP DEKA INZENJERING,INDUSTRIALS
PRO KPI DOO BEOGRAD,HEALTH CARE
NITEA DOO BEOGRAD,INDUSTRIALS
DOO TRANS-TRADE KOSTIC CACAK,INDUSTRIALS
GAT DOO NOVI SAD,INDUSTRIALS
DOO MASSAGRAR NOVI SAD,CONSUMER STAPLES
FRIGOMAX SERVICE DOO JELENCA,INDUSTRIALS
A-MEDIA DOO BEOGRAD,NOT RELEVANT
VUJIC GRADNJA DOO,INDUSTRIALS
AUTOCENTAR ZDRAVKOVIC D.O.O. SVILA,CONSUMER DISCRETIONARY
DIRECT STEEL DOO DOBANOVCI,INDUSTRIALS
MINOR DOO,INDUSTRIALS
AD AUTO KUCA KOMPRESOR,CONSUMER DISCRETIONARY
POLITIKA NEWSPAPERS AND MAGAZINES P,CONSUMER DISCRETIONARY
FCC VRBAK DOO LAPOVO,INDUSTRIALS
ALEKSANDRA (MIODRAG) LAZIC,CONSUMER STAPLES
NOVI TRADING NS DOO ZMAJEVO,CONSUMER STAPLES
LESNINA S DOO BEOGRAD (NOVI BEOGRA,CONSUMER DISCRETIONARY
BC GROUP COMPUTERS D.O.O. BEOGRAD,CONSUMER DISCRETIONARY
JEZDIMIROVIC DOO LOZNICA,CONSUMER STAPLES
ACTIVE DESIGN,CONSUMER DISCRETIONARY
PREDUZECE RAJEVIC-PETROL DOO ARILJ,CONSUMER DISCRETIONARY
UNISYS DOO,CONSUMER STAPLES
BRANKO KNEZEVIC PR 2. MAJ,INDUSTRIALS
PAPERLESS DOO,INFORMATION TECHNOLOGY
INTER-AGRAR SRB DOO CENEJ,INDUSTRIALS
SHENCHI AUTOMOTIVE PARTS D.O.O.,CONSUMER DISCRETIONARY
BARLAN S&M DOO BEOGRAD,CONSUMER STAPLES
DRLJA 1967 DOO BACKA PALANKA,UTILITIES
BARD - KOP D.O.O.,INDUSTRIALS
SAMALD COMMERCE,NOT RELEVANT
GROUP MEGALIT,NOT RELEVANT
INSTITUT KIRILO SAVIC AD BEOGRAD -,NOT RELEVANT
PAN BEER DOO,NOT RELEVANT
TRGOVINSKO PREDUZECE NA VELIKO I MA,NOT RELEVANT
MASINAC DOO KRALJEVO,MATERIALS
GROUP SWISSLION,CONSUMER STAPLES
YUHOR D.O.O.,CONSUMER STAPLES
MEDIA PRO ART DOO BEOGRAD,REAL ESTATE
SWISSLION-TAKOVO D.O.O. BEOGRAD,CONSUMER STAPLES
VENDING DOO BEOGRAD,CONSUMER STAPLES
METECH DOO,INDUSTRIALS
METALAC PRINT DOO GORNJI MILANOVAC,MATERIALS
NAVIGATOR DOO NOVI SAD,INFORMATION TECHNOLOGY
TRON TLS DOO,INDUSTRIALS
GROUP CASA DI MODA,CONSUMER STAPLES
GP GREDA DOO VALJEVO,REAL ESTATE
GROUP GRAND TT,CONSUMER DISCRETIONARY
PREDUZECE VESIMPEX DOO BEOGRAD,INDUSTRIALS
PVC-LUK DOO VALJEVO,INDUSTRIALS
RODIC M&B TRANSPORT DOO NOVI SAD,NOT RELEVANT
METALOPROMET DOO KULA,INDUSTRIALS
MIDEX PROM DOO PANCEVO,CONSUMER STAPLES
MINEL ELEKTROOPREMA I POSTROJENJA D,INDUSTRIALS
PTP REKIC DOO NOVI BEOGRAD - U STE,CONSUMER STAPLES
BEOPANAX DOO,HEALTH CARE
BALKAN AGRO TEAM DOO NOVI SAD ,MATERIALS
ORION MARKET-STANKOVIC JOVAN PR,NOT RELEVANT
PREDUZECE ZA PROIZVODNJU PROMET I U,NOT RELEVANT
PLANETMED DOO BEOGRAD,REAL ESTATE
KAMENOLOM RAKOVAC DOO,MATERIALS
TEHNOGRAD INZENJERING,INDUSTRIALS
PREDUZECE ZA PROMET I USLUGE AGRANA,CONSUMER STAPLES
DTR-SPECIJALNA,HEALTH CARE
PAROCO MEDICAL EQUIPMENT DOO NOVI,HEALTH CARE
WEST PHARMACEUTICAL SERVICES BEOGR,HEALTH CARE
GEMAX DOO BEOGRAD,INDUSTRIALS
INO-PHARM DOO BEOGRAD,HEALTH CARE
MILSPED NEKRETNINE DOO STARA PAZOV,INDUSTRIALS
LIVNICA LJIG D.O.O. BEOGRAD,MATERIALS
ENMON DOO BEOGRAD,INDUSTRIALS
GROUP DIV TRADES,MATERIALS
GROUP SPEED BEOGRAD,INDUSTRIALS
COMES DOO BEOGRAD,MATERIALS
TEHNOCOMING,INDUSTRIALS
MEDICOM DOO SABAC,HEALTH CARE
NOFFZ-FORSTEH TECHNOLOGIES DOO,INFORMATION TECHNOLOGY
MPPD BRACA RUZIC DOO KLENJE,CONSUMER STAPLES
SISTEMI BAND DOO,INFORMATION TECHNOLOGY
QVATTRO COMPANY DOO BEOGRAD,CONSUMER STAPLES
BMC CONNECT DOO NOVI SAD,INDUSTRIALS
KOLOR,INDUSTRIALS
DERTOUR DOO,CONSUMER DISCRETIONARY
PIK BECEJ-BECEJKA BECEJ,CONSUMER STAPLES
TOP CASA D.O.O. BEOGRAD,CONSUMER DISCRETIONARY
ELEKTROTEHNA DOO BEOGRAD,MATERIALS
GROUP KODAR INZENJERING,INDUSTRIALS
KARIN KOMERC DOO,NOT RELEVANT
GRANIMPEKS DOO,CONSUMER STAPLES
KONICA MINOLTA POSLOVNA RESENJA SE,INDUSTRIALS
Group TowerCo Serbia,COMMUNICATIONS
GOLDEN ROSE D.O.O. KRAGUJEVAC - U,REAL ESTATE
ZRNO STIL DOO GORNJI MILANOVAC,CONSUMER DISCRETIONARY
INOTO MOTORS DOO,CONSUMER DISCRETIONARY
PETITE GENEVE-PETROVIC DOO BEOGRAD,CONSUMER DISCRETIONARY
SANI GROUP D.O.O. SABAC,CONSUMER DISCRETIONARY
STRABAG D.O.O.,INDUSTRIALS
LA FANTANA DOO BEOGRAD,CONSUMER STAPLES
LJILJANA (SREDOJE) VESKOV,CONSUMER STAPLES
HEMOFLUID A.D. KRUSEVAC,ENERGY
Subgroup Sopharma Srbija ,HEALTH CARE
INTERKOMERC AD BEOGRAD,CONSUMER STAPLES
RADIJATOR INZENJERING DOO,NOT RELEVANT
STAR SECER AD SENTA,NOT RELEVANT
JEEP COMERC D.O.O. - U STECAJU,NOT RELEVANT
SCANIA SRBIJA D.O.O.,CONSUMER DISCRETIONARY
KAMGRAD DOO SOMBOR,INDUSTRIALS
GROUP MILSPED DOO,INDUSTRIALS
LEDI MS VUJOVIC SLOBODAN PR,INDUSTRIALS
GROUP UNIFIEDPOST,INDUSTRIALS
HBIS GROUP SERBIA IRON & STEEL,MATERIALS
NPS D.O.O. BEOGRAD,INFORMATION TECHNOLOGY
GROUP East Point Holdings Ltd,MATERIALS
PNEUMASTER,CONSUMER DISCRETIONARY
DOO BENEXTRA SUBOTICA,INDUSTRIALS
CIMO COMPANY,CONSUMER DISCRETIONARY
NOVO NORDISK PHARMA DOO BEOGRAD,HEALTH CARE
ZDRAVLJE A.D. LESKOVAC,HEALTH CARE
DOO VREBALOV AGRAR NOVI BECEJ,CONSUMER STAPLES
SARA2009 DOO,CONSUMER STAPLES
SUBGROUP DRAGAN SAKAN,COMMUNICATIONS
PROFIAGRAR DOO NOVI SAD,INDUSTRIALS
NS KONCEPT DOO NOVI SAD,INFORMATION TECHNOLOGY
NOVA SUMADIJA DOO GROCKA,MATERIALS
H.T.P. PLAZA DOO BEOGRAD,CONSUMER DISCRETIONARY
DRUSTVO ROLLING-CO DOO KRAGUJEVAC,MATERIALS
SEME DOO BEOGRAD - U STECAJU,CONSUMER STAPLES
TEHNOSPED DOO,CONSUMER DISCRETIONARY
GROUP VAPEKS,NOT RELEVANT
AGROSEME AD SREMSKA MITROVICA,NOT RELEVANT
HENDI-TEL DOO BEOGRAD-U STECAJU,CONSUMER DISCRETIONARY
PREDUZECE ZA PUTEVE AD - U STECAJU,INDUSTRIALS
LASTRA DOO,NOT RELEVANT
KOVING DOO,INDUSTRIALS
DOO ARGENTA NOVI SAD,CONSUMER DISCRETIONARY
AS SPED DOO MLADENOVAC,NOT RELEVANT
GRAND INVESTMENT DOO BEOGRAD,CONSUMER DISCRETIONARY
TEHNOGRADNJA AD ZRENJANIN,NOT RELEVANT
NAPRED AD BEOGRAD,NOT RELEVANT
HENNLICH DOO BEOGRAD,INDUSTRIALS
INTERCHEM-HIM D.O.O.JAGODINA,MATERIALS
ZLATIBORSKI KONACI,REAL ESTATE
MK AGRICULTURE,CONSUMER STAPLES
predst.sandvik eood bulgaria,INDUSTRIALS
EMAKINA.RS DOO,INFORMATION TECHNOLOGY
KOLEKTOR ETRA  DOO BEOGRAD,INDUSTRIALS
NECA-TTPP D.O.O. PROKUPLJE,CONSUMER STAPLES
EXCLUSIVE NETWORKS DOO BEOGRAD-NOV,INFORMATION TECHNOLOGY
NS TIM TEHNIKA DOO SREMSKA KAMENIC,INDUSTRIALS
DOO EXLRT NOVI SAD,INFORMATION TECHNOLOGY
CREST DEVELOPMENT DOO BEOGRAD,REAL ESTATE
NAPREDAK STARA PAZOVA DOO,CONSUMER STAPLES
DS SMITH PACKAGING D.O.O. KRUSEVAC,MATERIALS
MINOX DOO BEOGRAD,INDUSTRIALS
ZGOP DOO NOVI SAD,INDUSTRIALS
AGROPLAST TIM DOO UB,CONSUMER STAPLES
SAN DOO KRALJEVO,CONSUMER STAPLES
GROUP HOLY,NOT RELEVANT
NOVENTIQ SERVICES DOO,INFORMATION TECHNOLOGY
AGROHEMIKA DOO BACKI PETROVAC,CONSUMER STAPLES
PIONIR PARACIN DOO BEOGRAD,NOT RELEVANT
VOLVO DOO,CONSUMER DISCRETIONARY
EUROPEAN NICKEL DOO BEOGRAD U LIKV,NOT RELEVANT
"HERZ DOO,PREDUZECE ZA PROIZVODNJU T",NOT RELEVANT
EUROSALON EAST DOO BEOGRAD,REAL ESTATE
KOMPANIJA RATKO MITROVIC AD BEOGRA,INDUSTRIALS
POLIKLINIKA BEO-LAB,HEALTH CARE
DOO ELAN S BACKA PALANKA,INDUSTRIALS
DONAU PARTNER D.O.O.,INDUSTRIALS
MAXIMA DOO LUCANI,MATERIALS
FISCHER PROFIL DOO,INDUSTRIALS
INNOVIA AGRO DOO NOVI SAD,CONSUMER STAPLES
"LUKENA-AUTO DOO BEOGRAD, ZEMUN",CONSUMER DISCRETIONARY
PREMIJUS,INDUSTRIALS
M.G.M. INZENJERING DOO BEOGRAD,INDUSTRIALS
MILJKOVIC V SILOSI,CONSUMER STAPLES
DESING DOO,CONSUMER STAPLES
IGEPA POLIKARBONATI D.O.O.,INDUSTRIALS
DOO PIONIR INTERNACIONAL NOVI SAD,CONSUMER DISCRETIONARY
PN AGROEKONOMIK DOO-U STECAJU,CONSUMER STAPLES
JKP KOMUNALIJE,INDUSTRIALS
ORION TELEKOM DOO BEOGRAD,COMMUNICATIONS
GORKI LIST DOO,CONSUMER STAPLES
EUROSALON,NOT RELEVANT
PREDUZECE ZA PUTEVE NIS AD NIS - U,INDUSTRIALS
RAIFFEISEN ASSISTANCE,FINANCIALS
IIS PHARMACEUTICAL DOO BEOGRAD-NOV,HEALTH CARE
EUROSALON LAND DOO BEOGRAD,REAL ESTATE
PINOLES DOO,MATERIALS
AUTO-GARANT DRUSTVO,CONSUMER DISCRETIONARY
EXPRESS TRANS DOO NOVI SAD,INDUSTRIALS
LETAC DOO INDIJA,INDUSTRIALS
LORENAPROM DOO LOZNICA,MATERIALS
"MACAK M & D DOO,SREMSKA MITROVICA",CONSUMER STAPLES
VIZIJA SPED DOO BEOGRAD,INDUSTRIALS
NATURA TOP DOO VELIKA KOPASNICA,CONSUMER STAPLES
Group Konsturktor Konsalting,INDUSTRIALS
HIGLO AD HLADNJACA HORGOS,CONSUMER STAPLES
GP KONAK APARTMANI DOO LAZAREVAC -,CONSUMER DISCRETIONARY
PSS INSTITUT TAMIS D.O.O.,HEALTH CARE
PACKSOL DOO,CONSUMER STAPLES
ALPOS - U STECAJU,NOT RELEVANT
OLIGARIS D.O.O.NOVI BEOGRAD,NOT RELEVANT
PREDUZECE LA VITA DISTRIBUTIVNI CE,CONSUMER STAPLES
GROUP GALENS,INDUSTRIALS
VAPEKS LINE DOO,NOT RELEVANT
AUTO KUCA MIKOM NOVI SAD,CONSUMER DISCRETIONARY
GROUP ARTINVEST,CONSUMER DISCRETIONARY
EKO BOX KONTEJNERI,INDUSTRIALS
CIP DOO PROKUPLJE,INDUSTRIALS
VIPOL D.O.O. NOVI SAD,INDUSTRIALS
DOO SAR-PROM VLASOTINCE,CONSUMER STAPLES
"BADEL 1862, VINA I ALKOHOLNA PICA",CONSUMER STAPLES
EKOTEHNIKA VILJUSKARI DOO VRCIN,INDUSTRIALS
GROUP ENERGY NET,INDUSTRIALS
MLEKARA KIKINDA,CONSUMER STAPLES
RP-TEHNOMETAL DOO  BEOGRAD,INDUSTRIALS
BAUMIT SERBIA DOO BEOGRAD,INDUSTRIALS
GROUP EKOTEHNIKA,INDUSTRIALS
"FRUCTUS DOO,BACKA PALANKA",CONSUMER STAPLES
TAHOGRAF BG,CONSUMER DISCRETIONARY
KARTEKS DOO BEOGRAD,MATERIALS
YURA CORPORATION DOO RACA,CONSUMER DISCRETIONARY
KWS SRBIJA DOO,CONSUMER STAPLES
GROUP DELTA,CONSUMER STAPLES
PARAGRAF LEX D O O  SREMSKA KAMENIC,COMMUNICATIONS
JOVANOVIC PLAST DOO,REAL ESTATE
DIMA DOO,NOT RELEVANT
LEX CONFIDARE D.O.O. NOVI SAD,INDUSTRIALS
ELEKTROMEDICINA AD NIS,HEALTH CARE
HEMOFARM AD VRSAC PREDSTAVNISTVO U,CONSUMER DISCRETIONARY
SDT GROUP D.O.O. BEOGRAD,CONSUMER DISCRETIONARY
GROUP TEKIJANKA,CONSUMER STAPLES
GEOSONDA-FUNDIRANJE DOO BEOGRAD,INDUSTRIALS
SOJAPROTEIN DOO BECEJ,CONSUMER STAPLES
RESOURCE PRO D.O.O.,INDUSTRIALS
GROUP TELEKOM SRBIJA,COMMUNICATIONS
HOLLIDAY DOO SABAC,CONSUMER DISCRETIONARY
JKP KOMUNALNE USLUGE ALEKSINAC,INDUSTRIALS
SOPHARMA TRADING DOO,HEALTH CARE
TAMAS (ISTVAN) MUNKAS,CONSUMER STAPLES
MEDIA HOUSE DOO BEOGRAD,COMMUNICATIONS
LOGISTIKA I TRANSPORT HEMIKALIJA D,MATERIALS
EUROTRANSPORT&CARGO DOO,INDUSTRIALS
VICTORIAOIL DOO SID,CONSUMER STAPLES
SWEET R-LINE 2013 DOO,INDUSTRIALS
KERAMIKA AD,INDUSTRIALS
SUBGROUP MONA,CONSUMER DISCRETIONARY
GROSSOPTIC DOO,HEALTH CARE
"MI-GAS INZENJERING DOO BEOGRAD, ZE",CONSUMER DISCRETIONARY
RTI DOO NOVI SAD,NOT RELEVANT
GROUP REFOT B,CONSUMER DISCRETIONARY
TIM SISTEM DOO NOVA PAZOVA,CONSUMER DISCRETIONARY
VICTORIA GROUP D.O.O. BEOGRAD,CONSUMER STAPLES
ALPOD DOO NOVI SAD,INDUSTRIALS
ENERGOPROJEKT ENERGODATA,INFORMATION TECHNOLOGY
ADECCO OUTSOURCING DOO BEOGRAD,INDUSTRIALS
ZLATIBOR-MEHANIZACIJA,INDUSTRIALS
ELIXIR FEED ADDITIVES DOO,CONSUMER STAPLES
NET AGRO,MATERIALS
VECAR VILJUSKARI D.O.O.,INDUSTRIALS
AUTO CENTAR STOJANOVIC DOO,CONSUMER DISCRETIONARY
MARMIL DOO PIROT,CONSUMER STAPLES
MARK-PLAST,CONSUMER DISCRETIONARY
P.V.F. TRADERS DOO SIMANOVCI,INDUSTRIALS
SUPERNOVA - MTK MANAGEMENT DOO,INDUSTRIALS
M & B TRANS COOP DOO,INDUSTRIALS
GEOCYCLE S D.O.O. BEOCIN,INDUSTRIALS
ELGRA VISION DOO UGRINOVCI,INDUSTRIALS
"EURO 07 D.O.O., BEOGRAD",CONSUMER DISCRETIONARY
HEMO-METAL DOO BEOGRAD,INDUSTRIALS
INSTITUT IMS AD BEOGRAD,INDUSTRIALS
KOLOR PRESS D.O.O. LAPOVO,INDUSTRIALS
DEKRA ZAPOSLJAVANJE DOO BEOGRAD,INDUSTRIALS
GUEVARA DOO BEOGRAD,CONSUMER DISCRETIONARY
"VIP CASA INVEST DOO BEOGRAD, USTAN",REAL ESTATE
EUCOM DOO BEOGRAD,MATERIALS
JUGOGRADNJA DOO BEOGRAD,INDUSTRIALS
TUBEIQ DOO,INFORMATION TECHNOLOGY
NSU RENT DOO NOVI SAD ,FINANCIALS
"ROBINS DOO, GLIBOVAC",CONSUMER STAPLES
ACP AUTOMOTIVE D O O SABAC,CONSUMER DISCRETIONARY
BAT VRANJE AD VRANJE,CONSUMER STAPLES
MAK TRADE GROUP D.O.O.,INDUSTRIALS
INIT AN GROUP BALKAN D.O.O. - U LI,INFORMATION TECHNOLOGY
DOO ZIDAR NEGOTIN,INDUSTRIALS
SPAJIC CO DOO SRPSKA CRNJA,CONSUMER STAPLES
DOO SULEX SOMBOR,INDUSTRIALS
BEOSINT DOO ZEMUN-BEOGRAD,INDUSTRIALS
UKUS AD PECINCI,CONSUMER STAPLES
VETAZ PRES DOO,CONSUMER STAPLES
UTP MORAVA DOO CACAK,CONSUMER DISCRETIONARY
WONDERLAND ITC D.O.O. BEOGRAD,CONSUMER STAPLES
KOLBIS DOO,NOT RELEVANT
DOO SLOVAS CACAK,MATERIALS
TITEL AGRO D.O.O.,CONSUMER STAPLES
SLAP GROUP-FABRIKA U CACKU AD BEOG,NOT RELEVANT
ZLATAR-PREVOZ SPR NOVA VAROS,INDUSTRIALS
DOO FARMEKS PANCEVO - U LIKVIDACIJ,HEALTH CARE
SUBGROUP MILSPED,INDUSTRIALS
NIPRO MEDICAL DOO BEOGRAD,HEALTH CARE
JAVNO PREDUZECE GOLD GONDOLA ,INDUSTRIALS
YANFENG SEATING D.O.O.,CONSUMER DISCRETIONARY
NERETVA-KOMERC DOO BEOGRAD,CONSUMER STAPLES
IMMO INDUSTRY - U STECAJU,NOT RELEVANT
COLORFACTORY BALKAN D.O.O.,CONSUMER DISCRETIONARY
DOO LITOPAPIR CACAK,MATERIALS
HT REAL ESTATE DOO NOVI SAD,REAL ESTATE
KEMOIMPEX GREEN DOO,INDUSTRIALS
TRIANGLE NBL DOO NOVI SAD,CONSUMER STAPLES
IP PROMET 2010 DOO,INDUSTRIALS
PAN-LEDI DOO PANCEVO,INDUSTRIALS
TOYOTA SRBIJA DOO,CONSUMER DISCRETIONARY
HEALTHCARE EUROPE DOO,CONSUMER DISCRETIONARY
BLUECAT NETWORKS D.O.O.,INFORMATION TECHNOLOGY
BIN COMMERCE DOO BEOGRAD,MATERIALS
MCDX D.O.O. BEOGRAD-CUKARICA,CONSUMER STAPLES
GROUP RUBIKON SHIPPING COMPANY DOO,INDUSTRIALS
ITALIANA SALOTTI DOO VRANJSKA BANJ,NOT RELEVANT
ALFA DIGITAL PREDUZECE ZA PROIZVODN,INDUSTRIALS
PREDUZECE TEHNICOM CONSTRUCTION DO,CONSUMER DISCRETIONARY
ANTIC D.O.O. CUPRIJA U STECAJU,NOT RELEVANT
HELLA KGAA HUECK & CO PREDSTAVNISTV,CONSUMER DISCRETIONARY
PRICEWATERHOUSECOOPERS CONSULTING,INDUSTRIALS
"PREDUZECE ZA PROIZVODNJU, USLUGE I",NOT RELEVANT
HALKUM DOO,NOT RELEVANT
SUBGROUP TELEGROUP SRBIJA,INFORMATION TECHNOLOGY
STANDARD SERBIA DOO NOVI SAD,CONSUMER DISCRETIONARY
SIMACEK SRB DOO BEOGRAD - U LIKVID,INDUSTRIALS
JKP VODOVOD SID  ,UTILITIES
Danube Foods Group B.V.,CONSUMER STAPLES
RAVANGRAD ZEMLJORADNICKA ZADRUGA S,CONSUMER STAPLES
DOMAL INZENJERING DOO BEOGRAD,MATERIALS
MYRANOVA D O O,CONSUMER DISCRETIONARY
KOMBINOVANI PREVOZ DOO,INDUSTRIALS
STADLER POLSKA SP.ZO.O. OGRANAK BE,INDUSTRIALS
CENTRALNI REGISTAR HOV AD BEOGRAD,INDUSTRIALS
KNAUF INSULATION DOO BEOGRAD,MATERIALS
DELTA HOLDING D.O.O.,INDUSTRIALS
PSI CRO DOO BEOGRAD,INDUSTRIALS
MS METAL-SISTEM DOO CVETKE KRALJEVO,NOT RELEVANT
DVA EN DOO BEOGRAD,CONSUMER DISCRETIONARY
FRAD FILTERI AD ALEKSINAC,NOT RELEVANT
TECHNOLUB DOO BEOGRAD,CONSUMER DISCRETIONARY
OSRAM DOO,INDUSTRIALS
D.C. SUPPORT DOO PANCEVO,CONSUMER STAPLES
DOBERGARD DOO BEOGRAD,INDUSTRIALS
KYNETEC DOO BEOGRAD,INDUSTRIALS
DOO NT-BOLERO CACAK,CONSUMER STAPLES
AUTO - MIRKOS DOO POZAREVAC,CONSUMER DISCRETIONARY
GRAFOLIT S,MATERIALS
GROUP POLIMARK,CONSUMER STAPLES
DOBRA FARMA D.O.O. BELA CRKVA,CONSUMER STAPLES
TRGOMETAL DOO BEOGRAD,INDUSTRIALS
ALEXANDRA (ONDREJ) HEDJI,CONSUMER STAPLES
EXECUTIVE GROUP,COMMUNICATIONS
UNITED MEDIA PRODUCTION DOO BEOGRA,COMMUNICATIONS
FREYSSINET SRBIJA DOO,INDUSTRIALS
DAVID PAJIC DAKA D.O.O.,INDUSTRIALS
TETRA PAK PRODUCTION  DOO BEOGRAD,MATERIALS
DILTON DOO BEOGRAD - U PRINUDNOJ L,COMMUNICATIONS
NIKOM-AUTO DOO,CONSUMER DISCRETIONARY
DIJAMANT A.D. ZRENJANIN,CONSUMER STAPLES
PRIVREDNO DRUSTVO ARGOS EMPORIO GR,INDUSTRIALS
KIKINDSKA INDUSTRIJA MLEKA DOO,CONSUMER STAPLES
G.A.M.A. DOO NOVI SAD,CONSUMER DISCRETIONARY
BIOLOSKI FAKULTET UNIVERZITETA U BE,NOT RELEVANT
RAMINT - U PRINUDNOJ LIKVIDACIJI,NOT RELEVANT
PRESS PLUS D.O.O.,CONSUMER DISCRETIONARY
PREDSTAVNISTVO MSA BEOGRAD,INDUSTRIALS
CARNEX DOO VRBAS,CONSUMER STAPLES
ALFA GAS D.O.O.,CONSUMER DISCRETIONARY
M & B TRANS FRIGO DOO,INDUSTRIALS
MBA MILJKOVIC DOO,INDUSTRIALS
ZASTAVA AGEM DOO KRAGUJEVAC,NOT RELEVANT
JP POSLOVNI PROSTOR U NOVOM SADU,NOT RELEVANT
LE SPOT DOO BEOGRAD,CONSUMER DISCRETIONARY
ZORBOSS DOO  UGLJAREVO,INDUSTRIALS
GIGATRON DOO BEOGRAD,CONSUMER DISCRETIONARY
"M & I SYSTEMS, CO DOO NOVI SAD",INFORMATION TECHNOLOGY
INDUSTRIJA SKROBA JABUKA D.O.O.,CONSUMER STAPLES
STIRG METALL DOO INDIJA,INDUSTRIALS
AGROPANONKA INVEST DOO NOVI SAD,INDUSTRIALS
TOYOTA CENTAR DOO BEOGRAD,CONSUMER DISCRETIONARY
TERASTEEL D.O.O.,INDUSTRIALS
GEA EEC SERBIA DOO,INDUSTRIALS
GI GROUP HR SOLUTIONS DOO BEOGRAD,INDUSTRIALS
PARTNERTRANS DOO,INDUSTRIALS
ZLATNA POLJA DOO SOMBOR,CONSUMER STAPLES
EUROSECURITY DOO BEOGRAD,INDUSTRIALS
ENERGOPROJEKT VISOKOGRADNJA,INDUSTRIALS
BAY-COMPANY&INVEST DOO,INDUSTRIALS
AD AUTOKUCA RAKETA SEVOJNO,CONSUMER DISCRETIONARY
PP RATKOVO DOO RATKOVO,NOT RELEVANT
GROUP MING,INDUSTRIALS
MONTERRA DOO BEOGRAD - U STECAJU,INDUSTRIALS
preduzece za trgovinu i usluge TEHN,INFORMATION TECHNOLOGY
JEZERO BETON DOO BEOGRAD - U PRINU,MATERIALS
MERCURY INTERNATIONAL - U STECAJU,NOT RELEVANT
KDS TR SINISA IVANOVIC PR,CONSUMER STAPLES
AIK BACKA TOPOLA DOO,CONSUMER STAPLES
KIDS BEBA DOO BEOGRAD,CONSUMER DISCRETIONARY
SKIJALISTA SRBIJE JP BEOGRAD,CONSUMER DISCRETIONARY
M.N.S. RENT REAL ESTATE DOO BEOGRA,REAL ESTATE
OPERA&THEATRE MADLENIANUM DOO,CONSUMER DISCRETIONARY
SUR TEC DOO CACAK,CONSUMER STAPLES
BIOPHARM DOO VALJEVO,HEALTH CARE
PWW DEPONIJA DVA DOO LESKOVAC,INDUSTRIALS
MIOS MOBILITY D.O.O. BEOGRAD,INDUSTRIALS
GOMMA LINE DOO KRAGUJEVAC,CONSUMER DISCRETIONARY
BN-BOS COMPANY D.O.O.,CONSUMER DISCRETIONARY
CINE PLACE D.O.O. BEOGRAD,COMMUNICATIONS
MIT-AGRAR D.O.O. ZMINJAK-SABAC,CONSUMER STAPLES
B.M.K. DOO STARA PAZOVA,INDUSTRIALS
LIFE PHARMA D.O.O. BEOGRAD,HEALTH CARE
REAL TIME CLIPPING DOO BEOGRAD,CONSUMER DISCRETIONARY
DOO DAKOVIC NOVI SAD,INDUSTRIALS
MITROS MUSIC COMPANY DOO BEOGRAD,CONSUMER DISCRETIONARY
S&V DRILLING MINE SERVICES DOO PIR,MATERIALS
BILFINGER DOO,NOT RELEVANT
OFFICE & MORE DOO BEOGRAD,INDUSTRIALS
MUEHLBAUER DOO STARA PAZOVA,INDUSTRIALS
PANAPAC D.O.O. BAJINA BASTA,MATERIALS
PREDUZE¿E ZA PROIZVODNJU I PROMET,CONSUMER STAPLES
DEMEX - ST DOO,NOT RELEVANT
SEME-TAMIS AD,CONSUMER STAPLES
ENETEL SOLUTIONS DOO BEOGRAD,INFORMATION TECHNOLOGY
DAK COMERC DOO NOVI SAD,MATERIALS
CRAFTER DOO,CONSUMER DISCRETIONARY
"ELINGZO DOO, BEOGRAD",INDUSTRIALS
DRAGANA MILIC PR LABORATORIJA AQUA,HEALTH CARE
YU EPICENTAR DOO BEOGRAD,INFORMATION TECHNOLOGY
AQUALAB PLUS,HEALTH CARE
"PANOS INZENJERING DOO NOVI SAD, KA",INFORMATION TECHNOLOGY
KARDESLER CONSTRUCTION,INDUSTRIALS
ANCORA NUOVA D O O  BEOGRAD,CONSUMER STAPLES
AGROVOJVODINA-MEHANIZACIJA DOO NOV,INDUSTRIALS
YUNYCOM DOO BEOGRAD,HEALTH CARE
GROUP RIM GROUP,CONSUMER STAPLES
GROUP NORTH AMERICAN,INDUSTRIALS
VEGA PROPERTIES RADNICKI DOO,INFORMATION TECHNOLOGY
TOTAL DOO SOMBOR - U STECAJU,CONSUMER DISCRETIONARY
RRD INKOTEHNA DOO,NOT RELEVANT
GOSA FSO AD SIMICEVO,INDUSTRIALS
MIVAKA DOO BEOGRAD,CONSUMER DISCRETIONARY
ANPEGO ROAD DOO SMEDEREVSKA PALANKA,CONSUMER STAPLES
SNG DOO BEOGRAD,NOT RELEVANT
JKP GRADSKA CISTOCA BEOGRAD,INDUSTRIALS
INTERAUTO TRADE DOO PRELJINA CACAK,CONSUMER DISCRETIONARY
SUBGROUP KOMPRESOR,CONSUMER DISCRETIONARY
NEXT CAR GROUP D.O.O. BEOGRAD - U,CONSUMER DISCRETIONARY
VEKOM GEO DOO BEOGRAD,INDUSTRIALS
OPSTA BOLNICA VIZIM,HEALTH CARE
HANSGROHE DOO,INDUSTRIALS
FRONERI ADRIATIC,CONSUMER STAPLES
ENGINEERING DOBERSEK GMBH DOO BEOG,INDUSTRIALS
e& PPF Telecom Group B.V.,COMMUNICATIONS
PRIVREDNO DRUSTVO EVOCON D.O.O.,INDUSTRIALS
REAL KNITTING DOO,CONSUMER DISCRETIONARY
PHOENIX PHARMA DOO BEOGRAD,HEALTH CARE
SFS DOO PARACIN,MATERIALS
DOO B.O.S.-KOMPANI KRUSEVAC,INDUSTRIALS
MTC METALS TRADING COMPANY DOO BEOG,INDUSTRIALS
DOO EKOTEHNIKA MD ZABALJ,INDUSTRIALS
IGMAKO SMART SOLUTIONS DOO,COMMUNICATIONS
SOMBORELEKTRO DOO SOMBOR,INDUSTRIALS
JT INTERNATIONAL AD SENTA,CONSUMER STAPLES
EUROPARK DOO BEOGRAD - U STECAJU,NOT RELEVANT
SIBANAX DOO - U PRINUDNOJ LIKVIDAC,CONSUMER DISCRETIONARY
GROUP BOMEKS,MATERIALS
DUZNIK STECAJNE MASE:PREDUZECE ZA,INDUSTRIALS
SEENERGETIC CENTER - U PRINUDNOJ L,CONSUMER STAPLES
CENTROSREM-TEKSTIL A.D.,NOT RELEVANT
NOVITAS DOO SABAC,CONSUMER STAPLES
AROMA FOOD - U STECAJU,CONSUMER STAPLES
THINGS SOLVER DOO BEOGRAD,INFORMATION TECHNOLOGY
TECHNO FARM DOO BEOGRAD,HEALTH CARE
PREMIUM CHICKEN DOO ZITISTE,CONSUMER STAPLES
DOO MACKO ODZACI,INDUSTRIALS
NANIX WOOD DOO NOVA VAROS,MATERIALS
ALUROLL DOO BATOCINA,INDUSTRIALS
TAGO CAR D.O.O.,CONSUMER DISCRETIONARY
D.O.O. BELICA PARACIN,MATERIALS
LUKA-BACKA PALANKA DOO B.PALANKA,INDUSTRIALS
"MAKLER DOO BEOGRAD, BEOGRADSKA 39",HEALTH CARE
LEMIT DOO NOVI SAD,INDUSTRIALS
SAVACOOP DOO NOVI SAD,MATERIALS
TRANSAGENT OPERATOR,INDUSTRIALS
NEVENA DOO BEOGRAD,CONSUMER STAPLES
FABRIKA ULJA DUNAVKA DOO BEOGRAD,CONSUMER STAPLES
GROUP FERBILD,INDUSTRIALS
GROUP INOBACKA,INDUSTRIALS
LJUBAGO TRADE DOO NOVI SAD,CONSUMER STAPLES
DANFOSS DOO,CONSUMER DISCRETIONARY
MOVENS PLUS DOO,CONSUMER DISCRETIONARY
VETERINARSKI ZAVOD ZEMUN AD BEOGRA,HEALTH CARE
WUNDER D.O.O NIS - U STECAJU,NOT RELEVANT
ROFIX DOO,MATERIALS
JAPI DOO VRANJE,CONSUMER STAPLES
VODOVOD I KANALIZACIJA JKP POZAREVA,UTILITIES
NOVA COMMODITIES DOO BEOGRAD,UTILITIES
NIKOVIC COMPANY DOO BEOGRAD,INDUSTRIALS
PROGRES INZENJERING DOO,NOT RELEVANT
JASMIL DOO ARILJE,CONSUMER DISCRETIONARY
SKLONISTE,CONSUMER DISCRETIONARY
TERMOINZENJERING DOO BEOGRAD,INDUSTRIALS
SOUTH DEVELOPMENT DOO BEOGRAD,REAL ESTATE
VELEXFARM DOO BEOGRAD,HEALTH CARE
ZAVOD ZA ZAVARIVANJE AD BEOGRAD,INDUSTRIALS
TERBOINOX DOO SOMBOR,INDUSTRIALS
GRAPPA DOO BEOGRAD,INDUSTRIALS
VELUX SRBIJA DOO BEOGRAD,INDUSTRIALS
LSG BUILDING SOLUTIONS DOO BEOGRAD,INDUSTRIALS
JP PUTEVI BEOGRADA BEOGRAD,INDUSTRIALS
EUROMED PLUS D.O.O. BEOGRAD-NOVI B,HEALTH CARE
KODAR ENERGOMONTAZA DOO,INDUSTRIALS
GROUP Litopapir Cacak,MATERIALS
KNJAZ MILOS AD ARANDELOVAC,CONSUMER STAPLES
TEL-KABL DOO,INDUSTRIALS
GROUP IDC,CONSUMER DISCRETIONARY
PREDRAG (NENAD) VESKOV,CONSUMER STAPLES
TDV AUTOMOTIVE,CONSUMER DISCRETIONARY
CENTAR MILLENNIUM AD VRSAC,NOT RELEVANT
AGRAR-KOMERC DOO MALA KRSNA,NOT RELEVANT
AD VINO ZUPA BEOGRAD-ZEMUN,CONSUMER STAPLES
METALFER DOO SREMSKA MITROVICA,MATERIALS
AHA PLASTIK DOO,MATERIALS
GROUP SLOVAS,MATERIALS
RTC LUKA LEGET AD SREMSKA MITROVIC,INDUSTRIALS
URSA D.O.O.,INDUSTRIALS
STRAJT DOO PIROT,CONSUMER STAPLES
MLEKARA AD  SUBOTICA,CONSUMER STAPLES
IMPERIAL BUILDINGS DOO N.SAD,INDUSTRIALS
DRUSTVO SA OGRANICENOM ODGOVORNOSCU,REAL ESTATE
G2 FALCON 2017 DOO BEOGRAD,INDUSTRIALS
FORMA-VS DOO BEOGRAD,CONSUMER DISCRETIONARY
ORACLE SRBIJA & CRNA GORA D.O.O.,INFORMATION TECHNOLOGY
JP DIREKCIJA GADZIN HAN     ,INDUSTRIALS
SCHIEDEL DOO BEOGRAD,INDUSTRIALS
DRAGOVIC EXPRES DOO UMCARI,INDUSTRIALS
EXCONCEPT RS,INFORMATION TECHNOLOGY
XELLA SRBIJA DOO VREOCI,MATERIALS
AGROMARKET DOO KRAGUJEVAC,MATERIALS
TOYO TIRE SERBIA D.O.O.,CONSUMER DISCRETIONARY
LUXOFT D.O.O.,INFORMATION TECHNOLOGY
HF LIFTING DOO,INDUSTRIALS
VONDEL CAPITAL DOO SREMSKI KARLOVC,NOT RELEVANT
GI DOO BEOGRAD,NOT RELEVANT
EX ZAUNER,INDUSTRIALS
MLINOSTEP DOO NOVI SAD,CONSUMER STAPLES
SPRING ENERGY DVA MHE REKA DOO,UTILITIES
MONTAZA D.O.O. BEOGRAD,INDUSTRIALS
CHEMIPROX,MATERIALS
KTP BIGZ DOO,CONSUMER DISCRETIONARY
JEVTOVIC CARS DOO,CONSUMER DISCRETIONARY
ZLATAR-SPED DOO NOVA VAROS,MATERIALS
CTC-UNIT DOO BEOGRAD,CONSUMER DISCRETIONARY
INEXALL COMPANY DOO,MATERIALS
MAKSPRO DOO BEOGRAD ZEMUN,INDUSTRIALS
GAPUMA SRB DOO NOVI SAD,INDUSTRIALS
GEBI DOO PO CANTAVIR,CONSUMER STAPLES
DOO GOMEX ZRENJANIN,CONSUMER STAPLES
ADECO DOO NOVI SAD,MATERIALS
TAPE NS GROUP DOO,INDUSTRIALS
DOO JOVISTE PALIC,INDUSTRIALS
GROUP SPIN,INDUSTRIALS
DANICA (NIKOLA) STANKOVIC,CONSUMER STAPLES
MIODRAG (VELIMIR) VESKOV,CONSUMER STAPLES
DOO PAVLE PANCEVO,INDUSTRIALS
KONSTRUKTOR METAL DOO BEOGRAD,INDUSTRIALS
TEAMNET BUSINESS SOLUTIONS D.O.O.,INFORMATION TECHNOLOGY
AC AUTO D.O.O BEOGRAD - U LIKVIDAC,NOT RELEVANT
INDUSTRIJA MESA CAJETINA,NOT RELEVANT
AD BANINI KIKINDA,CONSUMER STAPLES
GROUP STR MIHAJLOVIC,CONSUMER DISCRETIONARY
HLEB I KIFLE,CONSUMER STAPLES
LPP SERBIA D.O.O.,CONSUMER DISCRETIONARY
RUBIKON SHIPPING COMPANY DOO BEOGR,INDUSTRIALS
EKOFIL DOO BEOGRAD,CONSUMER STAPLES
ALEKSA SANTIC DOO ALEKSA SANTIC,CONSUMER STAPLES
DELTA INZENJERING GROUP DOO BEOGRA,INDUSTRIALS
PROAL DOO PROKUPLJE,INDUSTRIALS
TERMIKA DOO ZRENJANIN,MATERIALS
BOJA DOO,INDUSTRIALS
AGRIBO CO. D.O.O. - U STECAJU,CONSUMER STAPLES
GP GRADITELJ NS DOO NOVI SAD,INDUSTRIALS
HAVAS ADRIATIC D.O.O.,COMMUNICATIONS
MAJS D.O.O.,CONSUMER DISCRETIONARY
DZAMIL (BELA) DZAVIC,CONSUMER STAPLES
SIGOC DOO BEOGRAD,CONSUMER DISCRETIONARY
DOO MLINOKOMERC VRSAC,NOT RELEVANT
SPECIJALNA BOLNICA MERKUR VRNJACKA,HEALTH CARE
TE-TO FABRIKA SECERA AD SENTA,CONSUMER STAPLES
ONE2PLAY RS DOO NOVI SAD,CONSUMER DISCRETIONARY
MARIC TRGOVINA NA VELIKO I MALO I,NOT RELEVANT
UNILEVER DOO,NOT RELEVANT
VIA OCEL D.O.O. BEOGRAD,INDUSTRIALS
REFLEKS D O O  MAJUR,INDUSTRIALS
Subgroup Balkans,CONSUMER STAPLES
BRIGATE DOO BEOGRAD,INDUSTRIALS
EKO UNIJA NEMETAL DOO,INDUSTRIALS
FEROMONT OPREMA  AD PANCEVO,INDUSTRIALS
DIV-POLYMER D.O.O. BACKA PALANKA,MATERIALS
AUTO M.G. COMMERCE DOO NIS,CONSUMER DISCRETIONARY
STRUCTURA CONCEPT DOO,INDUSTRIALS
MONTAVAR METALNA LOLA,INDUSTRIALS
LOHR BACKA TOPOLA,INDUSTRIALS
DOO TENEN CENEJ,CONSUMER STAPLES
IT TEL CONSULTING & ENGINEERING,INDUSTRIALS
ACIKO-KOMERC DOO KRALJEVO,CONSUMER STAPLES
RADUN BENZINSKA STANICA NOVI SAD,CONSUMER DISCRETIONARY
MN DOO BEOGRAD,MATERIALS
"AMBALAZERKA DOO BEOGRAD, BEGALJICA",MATERIALS
SCB DOO BEOGRAD,CONSUMER STAPLES
MGS TECHNOLOGY DOO,INFORMATION TECHNOLOGY
PK ZLATIBOR D.O.O.,CONSUMER STAPLES
SUBGROUP NCA INVESTMENT GROUP,CONSUMER DISCRETIONARY
KESZ DOO BEOGRAD,INDUSTRIALS
BIG TRADE D.O.O.,CONSUMER STAPLES
FARMAPROM DOO BEOGRAD - U LIKVIDAC,HEALTH CARE
BANAT PRESS DOO ZRENJANIN,COMMUNICATIONS
ZEPTER INTERNATIONAL DOO BEOGRAD,CONSUMER DISCRETIONARY
KONSING GROUP DOO BEOGRAD,INDUSTRIALS
VELTRANS DOO SUBOTICA,MATERIALS
SRBOEXPORT DOO,INDUSTRIALS
ELEMENTA DOO SUBOTICA,CONSUMER DISCRETIONARY
ROPER CO DOO BEOGRAD UMKA,INDUSTRIALS
KNJIZARE VULKAN DOO BEOGRAD,CONSUMER DISCRETIONARY
BISEVAC DOO NOVI PAZAR,CONSUMER DISCRETIONARY
KJP DJUNIS,UTILITIES
HYDROSYSTEMS DOO SUBOTICA,INDUSTRIALS
NOVOHEM DOO SABAC,MATERIALS
BOGDAN (MAJA) VLAOVIC,CONSUMER STAPLES
INTERFOOD 60 DOO CACAK,CONSUMER STAPLES
NCR ATM,INDUSTRIALS
GREMET STOLARIJA DOO,INDUSTRIALS
ALLTECH YU DOO,NOT RELEVANT
LIVNICA KIKINDA AI DOO KIKINDA,CONSUMER DISCRETIONARY
STECAJNA MASA AGROZIV AD PANCEVO,CONSUMER STAPLES
PRO GALVANO MIKROMETAL DOO BEOGRAD,INDUSTRIALS
KMG ART DOO,INDUSTRIALS
AFARAK DOO BEOGRAD,MATERIALS
BID PRODUKT DOO,CONSUMER STAPLES
PKB KORPORACIJA AD - BEOGRAD,CONSUMER STAPLES
TIRES TIM DOO NOVI SAD,CONSUMER DISCRETIONARY
SENA DOO,INDUSTRIALS
MSG GLOBAL SOLUTIONS SERBIA,INFORMATION TECHNOLOGY
ELIXIR GARDEN NEGOTIN DOO,MATERIALS
WORTS TEAM DOO SIMANOVCI,CONSUMER DISCRETIONARY
GROUP E SMART,INFORMATION TECHNOLOGY
METAL-HEMIKO DOO ADA,CONSUMER STAPLES
TAKTIK D.O.O.,CONSUMER STAPLES
VILA GRAD DOO,INDUSTRIALS
CALMA DOO CALMA,CONSUMER STAPLES
ISTYLE STORES DOO BEOGRAD,CONSUMER DISCRETIONARY
PREKO REDA DOO BEOGRAD,CONSUMER DISCRETIONARY
ERG DOO SIMANOVCI,CONSUMER DISCRETIONARY
DOO KONZUL NOVI SAD,CONSUMER STAPLES
AGROPARTNER DOO LUCANI,CONSUMER STAPLES
SABATO DOO BEOGRAD,MATERIALS
EMTM DOO KULA,NOT RELEVANT
NEW COMPANY DOO BEOGRAD,REAL ESTATE
DOO MATEO CACAK,CONSUMER STAPLES
PPT-CILINDRI DOO,CONSUMER DISCRETIONARY
ENERGOPROJEKT OPREMA - U STECAJU,INDUSTRIALS
PORD DOO,INDUSTRIALS
BG PRODUKT 1996 DOO KRUSEVAC,CONSUMER STAPLES
TABAK MAXIM D.O.O.,CONSUMER STAPLES
LAKI DOO ARILJE,CONSUMER STAPLES
DELDIS DOO,CONSUMER STAPLES
ORBICO DOO BEOGRAD,CONSUMER DISCRETIONARY
BRKOVIC GRUPA DOO,REAL ESTATE
RELAX INTERNATIONAL DOO BEOGRAD,CONSUMER DISCRETIONARY
KIT REAL ESTATE DOO,CONSUMER DISCRETIONARY
VOZD DOO SOMBOR,CONSUMER STAPLES
CEMPROM DOO,MATERIALS
SOUTH LAND DOO BEOGRAD,REAL ESTATE
PZP POZAREVAC DOO POZAREVAC,INDUSTRIALS
FEROMONT DOO STARA PAZOVA,INDUSTRIALS
DRUSTVO SA OGRANICENOM ODGOVORNOSCU,CONSUMER STAPLES
"BAJAN DOO SMEDEREVO, MIHAJLOVAC",CONSUMER STAPLES
EURCO DOO,INDUSTRIALS
LUTTON - U STECAJU,NOT RELEVANT
GROSER DOO,CONSUMER STAPLES
RUMIX - U PRINUDNOJ LIKVIDACIJI,CONSUMER STAPLES
WIKA MERNA TEHNIKA DOO BEOGRAD,INDUSTRIALS
NPC INTERNATIONAL D.O.O. BEOGRAD,NOT RELEVANT
SUNOKO DOO NOVI SAD,CONSUMER STAPLES
NIT EXPORT-IMPORT DOO,CONSUMER STAPLES
CARSKA BASTA DOO ZRENJANIN,CONSUMER STAPLES
MONDI SABAC,MATERIALS
HEIDELBERG JUGOSLAVIJA DOO,INFORMATION TECHNOLOGY
SUBGROUP SAGA DOO,INFORMATION TECHNOLOGY
GROUP RAS INZENJERING,INDUSTRIALS
DELTA SECURITY SYSTEM DOO,INDUSTRIALS
BDS RS. DOO,CONSUMER DISCRETIONARY
LAZARUS DOO KRAGUJEVAC,CONSUMER STAPLES
GROUP LUKI KOMERC,CONSUMER STAPLES
INIT TECHNOLOGIES DOO,INFORMATION TECHNOLOGY
SMICOM D.O.O. POZEGA,MATERIALS
BFD DISTRIBUTION DOO APATIN,CONSUMER STAPLES
KARTONVAL DOO BEOGRAD,MATERIALS
MISON DOO,CONSUMER DISCRETIONARY
STAREL PLUS DOO BATAJNICA,INDUSTRIALS
TEXIMP DOO BEOGRAD,INDUSTRIALS
EUROCLASSIC DOO STARA PAZOVA - U P,CONSUMER DISCRETIONARY
"PREDUZECE EXPORT-IMORT FUNGO-JUG,",CONSUMER STAPLES
PLAVI KAMEN DOO VRANJE,MATERIALS
GROUP FARMAKOM,NOT RELEVANT
FABRIKA STOCNE HRANE - KOMPONENTA,CONSUMER STAPLES
MAGNAHIM,MATERIALS
NEPO SYSTEM DOO BEOGRAD,INFORMATION TECHNOLOGY
ALBATROS-INTERNATIONAL DOO,CONSUMER STAPLES
DOO EXPERT LESKOVAC,CONSUMER DISCRETIONARY
ALKALOID VELEDROGERIJA D.O.O.,HEALTH CARE
CORAL SRB D.O.O.,CONSUMER DISCRETIONARY
PULSEC DOO BEOGRAD,INFORMATION TECHNOLOGY
CA-TERM DOO CACAK,INDUSTRIALS
AUTO FUSION DOO BEOGRAD,CONSUMER DISCRETIONARY
MAGLIC PD DP,CONSUMER STAPLES
GROUP EHOM,CONSUMER DISCRETIONARY
KOENIG & BAUER RS D.O.O. BEOGRAD,INDUSTRIALS
VODA VRNJCI AD VRNJACKA BANJA,CONSUMER STAPLES
NESAM INZENJERING DOO GRCAC,INDUSTRIALS
ROASTERY 1886 DOO,CONSUMER STAPLES
FSH JABUKA DOO PANCEVO,CONSUMER STAPLES
HRAM 032 PVC TRADE DOO PRELJINA,INDUSTRIALS
LISJE JKP NOVI SAD,CONSUMER DISCRETIONARY
NISAUTO GRUPA DOO NIS,CONSUMER DISCRETIONARY
BOMEX EXPORT IMPORT DOO BEOGRAD -,NOT RELEVANT
ENTERPRISE SERVICES D.O.O.,NOT RELEVANT
YU POINT DOO,MATERIALS
DRUSTVO SA OGRANICENOM,INDUSTRIALS
MLIN BUDUCNOST TRIO DOO BEOGRAD,CONSUMER STAPLES
JONES LANG LASALLE DOO BEOGRAD,REAL ESTATE
EATON ELECTRIC DOO SREMSKA MITROVI,INDUSTRIALS
TINIS DOO BEOGRAD MALI MOKRI LUG,INDUSTRIALS
MDES AIR CONDITIONER DOO,INDUSTRIALS
AVL PROJEKT INT DOO NOVI SAD,INFORMATION TECHNOLOGY
TICKET VISION DOO BEOGRAD,CONSUMER DISCRETIONARY
IVA-AGRAR DOO,MATERIALS
GROUP EUROIMPEX AUTOGROUP,CONSUMER DISCRETIONARY
CENTROSINERGIJA,CONSUMER STAPLES
SNEZANA (ANTUN) DZAVIC,CONSUMER STAPLES
PRISTA OIL AD BEOGRAD,INDUSTRIALS
PEGASUS SRB DOO,MATERIALS
MAGNA TYRES BALKAN D.O.O.,INDUSTRIALS
PRESS INTERNATIONAL DOO,CONSUMER DISCRETIONARY
MONT-R DOO BEOGRAD,INDUSTRIALS
GROUP PHIACADEMY,CONSUMER STAPLES
name,industry
PUTEVI AD UZICE,INDUSTRIALS
PILOT TOY DOO BEOGRAD - U STECAJU,CONSUMER DISCRETIONARY
SINTRONIC - U PRINUDNOJ LIKVIDACIJ,CONSUMER DISCRETIONARY
DOO TEHNOGRAD SISTEM KRALJEVO,MATERIALS
COLL-PLUS NEKRETNINE DOO BEOGRAD -,FINANCIALS
TTTECH AUTO DOO,INDUSTRIALS
FAKULTET ZA USLUZNI BIZNIS SREMSKA,CONSUMER DISCRETIONARY
TEKNOXGROUP SRBIJA DOO BEOGRAD,INDUSTRIALS
SUBGROUP IM MATIJEVIC,CONSUMER STAPLES
AGROFINA SISTEM DOO CACAK,CONSUMER STAPLES
BEOGUMA DOO BEOGRAD,CONSUMER DISCRETIONARY
GD TAMNAVA TRANS DOO BEOGRAD,INDUSTRIALS
SMART BUSINESS TECHNOLOGIES,INFORMATION TECHNOLOGY
K WAY BEAUTY,CONSUMER DISCRETIONARY
DZERVIN,CONSUMER STAPLES
SUBGROUP STAR IMPORT,CONSUMER DISCRETIONARY
PROTEM PROJEKT D.O.O.,INDUSTRIALS
CASA DI MODA STKR JAGODINA,CONSUMER STAPLES
DOO MILENIJUM ZAJECAR,CONSUMER DISCRETIONARY
SPIN COMPANY DOO KRAGUJEVAC,INDUSTRIALS
CORTEVA AGRISCIENCE SRB D.O.O.,CONSUMER STAPLES
ENGY SOLUTIONS DOO,COMMUNICATIONS
HALDER D.O.O.,INDUSTRIALS
PAKOM INTERNET DOO NIS,NOT RELEVANT
EURO GARNI HOTEL,REAL ESTATE
SEMENARNACOOP DOO PETROVARADIN,CONSUMER STAPLES
PELETI DOO KUPINOVO,CONSUMER STAPLES
GRUPA UNIVEREXPORT BACKA AD BACKA,CONSUMER STAPLES
UNIVERZUM EXPORT IMPORT DOO ARANDJE,CONSUMER DISCRETIONARY
UNIPLAST SERBIA DOO,INDUSTRIALS
EKO FACILITIES D.O.O. BEOGRAD - U,INDUSTRIALS
DOO HERC- MS BUDISAVA,CONSUMER STAPLES
"DOO ZA PROIZVODNJU, TRGOVINU I USL",HEALTH CARE
GROUP EGZAKTA,INDUSTRIALS
GREEN CONSTRUCTION DOO,REAL ESTATE
MENSHEN,MATERIALS
RADKA DOO BEOGRAD,MATERIALS
PUBLIK DOO VALJEVO,CONSUMER DISCRETIONARY
DUFRY,CONSUMER DISCRETIONARY
CIG D.O.O.,CONSUMER DISCRETIONARY
PACOM DOO CACAK,MATERIALS
PREDUZECE DIVI DOO,MATERIALS
LARIX DOO,MATERIALS
SAFIC-ALCAN ADRIATIC D.O.O.,MATERIALS
TOPOLA D.O.O.,CONSUMER STAPLES
KIOSK GRUPA DOO,CONSUMER STAPLES
GROUP PRO GALVANO MIKROMETAL,NOT RELEVANT
KICA SAM. TRG. A. RAD. SIMIC DARKO,CONSUMER STAPLES
LINDAB D.O.O. BEOGRAD,INDUSTRIALS
MAGICA DOO BEOGRAD,CONSUMER STAPLES
GLOBEX GROUP - U PRINUDNOJ LIKVIDA,INDUSTRIALS
HDS RETAIL GP DOO,CONSUMER DISCRETIONARY
PRINT & LOGISTIC DOO,NOT RELEVANT
VITANA DOO KURSUMLIJA,CONSUMER STAPLES
TDV FLEET D.O.O.,FINANCIALS
DANUBIUS D.O.O. NOVI SAD,CONSUMER STAPLES
PIC CO,CONSUMER STAPLES
KROKODIL & COMPANY DOO SIMANOVCI,CONSUMER DISCRETIONARY
SNJEZANA PNJ,CONSUMER STAPLES
MEDINO DOO KRNJEVO,CONSUMER STAPLES
CG FOODS EUROPE,CONSUMER STAPLES
BANBUS DOO,INDUSTRIALS
LUKOWA DOO - U STECAJU,CONSUMER STAPLES
"RESOR DOO GADZIN HAN,",CONSUMER DISCRETIONARY
LETINA DOO  NOVI BECEJ,CONSUMER STAPLES
LUKOWA FOOD DOO,CONSUMER STAPLES
TRACE PZP NIS AD NIS,INDUSTRIALS
DOT SMART SOLUTIONS DOO BEOGRAD,INDUSTRIALS
GROUP LETAC,INDUSTRIALS
TRIVAX VV DOO BEOGRAD,HEALTH CARE
ADIMES DOO BEOGRAD (ZVEZDARA) - U,CONSUMER STAPLES
INTERLEMIND AD LESKOVAC,MATERIALS
KATAGO CONSTRUCTION DOO VOGANJ,INDUSTRIALS
ISHRANA DOO CACAK,CONSUMER STAPLES
SIROVINABANAT DOO ZRENJANIN,INDUSTRIALS
"MEDIA POOL DOO, BEOGRAD",CONSUMER DISCRETIONARY
"DIM-TRADE DOO, BEOGRAD",INDUSTRIALS
GOLD DISTRIBUTION DOO,CONSUMER STAPLES
RAD GM DOO KRUSEVAC  - U STECAJU,INDUSTRIALS
GROUP Browel,INDUSTRIALS
ROMA COMPANY DOO BEOGRAD (NOVI BEO,INDUSTRIALS
HERCEGOVINA AD RAVNI TOPOLOVAC,CONSUMER STAPLES
A P SIDRO DOO NOVI BEOGRAD,INDUSTRIALS
OBNOVA DOO,CONSUMER DISCRETIONARY
GROUP NS UNION NOVI SAD,INDUSTRIALS
"DRUSTVO ZA PROIZVODNJU,PROMET",CONSUMER DISCRETIONARY
GENERAL PUBLIC TENDERS GPT DOO,UTILITIES
POLYDOR,CONSUMER DISCRETIONARY
"DOM ZDRAVLJA ""MEDIGROUP DR RISTIC""",HEALTH CARE
SMART BIOSERVICES GMBH - OGRANAK B,INDUSTRIALS
VODOVOD I KANALIZACIJA JKP SUBOTICA,UTILITIES
AEVUM PET CARE DOO BEOGRAD-NOVI BE,CONSUMER STAPLES
BEOGAS DOO BEOGRAD,NOT RELEVANT
ELOPAK DOO,INDUSTRIALS
MATIS-STIL TRADE DOO,NOT RELEVANT
PLANETA GASTRO DOO NOVI SAD,CONSUMER DISCRETIONARY
PREDSTAVNISTVO VIRO,CONSUMER STAPLES
METALAC-METALURGIJA AD,NOT RELEVANT
PREDUZECE SINTEH DOO BEOGRAD,INFORMATION TECHNOLOGY
WEST TRUCK DOO BEOGRAD,NOT RELEVANT
AQUA CASA DOO,CONSUMER DISCRETIONARY
VML ENERGY,ENERGY
CORNER SHOP DOO BEOGRAD,CONSUMER STAPLES
AVRIDE,INDUSTRIALS
AKSA D.O.O. BEOGRAD,CONSUMER DISCRETIONARY
GALEB ELECTRONICS DOO SABAC,INDUSTRIALS
GRAND METALS DOO,INDUSTRIALS
DURDEVIC ENERGO 2016 DOO SUBOTISTE,CONSUMER STAPLES
EXTRA AGRAR DOO VRBAS,CONSUMER STAPLES
PREDRAG (VELEMIR) VESKOV,CONSUMER STAPLES
INDUSTRIJA MESA NEDELJKOVIC,CONSUMER STAPLES
LDS DOO POZAREVAC,INDUSTRIALS
SILLA - ING D.O.O.,NOT RELEVANT
FAMILIJA MARKET DOO BEOGRAD,NOT RELEVANT
AGROEXPORT AD BEOGRAD,CONSUMER DISCRETIONARY
ENERGIJA TEHNIKA TEHNOLOGIJA DOO,INDUSTRIALS
NACIONALNA DISTRIBUCIJA D.O.O.,CONSUMER STAPLES
BIG-BULL KOMPANIJA DOO BACINCI - U,CONSUMER STAPLES
GRAFO NIN TRADE DOO,NOT RELEVANT
MD 02 DOO BEOGRAD,CONSUMER STAPLES
EUROAUTO DOO BEOGRAD - U PRINUDNOJ,CONSUMER DISCRETIONARY
METER & CONTROL DOO BEOGRAD,INFORMATION TECHNOLOGY
PROMIST DOO VETERNIK,MATERIALS
ASEE SOLUTIONS D.O.O. BEOGRAD,INFORMATION TECHNOLOGY
EKO FUTURA DOO,INDUSTRIALS
VZK DOO BEOGRAD,CONSUMER STAPLES
VILA LIBRI DOO,COMMUNICATIONS
MONBAT PLC DOO INDIJA,INDUSTRIALS
K-HOTELS DOO BEOGRAD,CONSUMER DISCRETIONARY
7.JULI TRGOVINA DOO VRANJE,CONSUMER STAPLES
POTISJE-BECEJ DOO BECEJ,INDUSTRIALS
JUROSEVIC MD DOO VRBAS,INDUSTRIALS
SRNA DOO,CONSUMER DISCRETIONARY
EC HARRIS D.O.O.,NOT RELEVANT
ST KOMERC PRINT,CONSUMER STAPLES
BAZIS RENT DOO BEOGRAD,NOT RELEVANT
MLINTEST - U STECAJU,NOT RELEVANT
AROMA AD,CONSUMER DISCRETIONARY
BSP DOO FEKETIC,CONSUMER STAPLES
SUBGROUP BENU,CONSUMER STAPLES
DOO DELTA KLADOVO - U STECAJU,ENERGY
TUV RHEINLAND INTERCERT DOO,INDUSTRIALS
ANGROPROMET DOO KIKINDA,CONSUMER STAPLES
ANDJELKOVIC AL I PVC DOO BEOGRAD-V,INDUSTRIALS
DORMAKABA DOO BEOGRAD,CONSUMER DISCRETIONARY
BEOHEMIJA-INHEM DOO,CONSUMER STAPLES
SLAVISA MITIC PR RADNJA ZA PREVOZ I,CONSUMER STAPLES
GROUP COMEL,INDUSTRIALS
STEFANOVIC AUTO DOO MLADENOVAC,CONSUMER DISCRETIONARY
BRAINZ DOO BEOGRAD,COMMUNICATIONS
SAN MARCO,CONSUMER STAPLES
FORTUNA MARKET DOO ARANDELOVAC,CONSUMER STAPLES
S RAIL DOO,INDUSTRIALS
KOMUNALAC U RUMI JP RUMA,INDUSTRIALS
HCP DOO BEOGRAD,INDUSTRIALS
PREDSTAVNISTVO TIM ZIP BEOGRAD,INDUSTRIALS
AZOHEM DOO SUBOTICA,MATERIALS
ADECCO HUMAN RESOURCES DOO BEOGRAD,NOT RELEVANT
KOMNENOVIC DOO BEOGRAD,CONSUMER DISCRETIONARY
ENERGOINVEST-INTERENERGO DOO,INDUSTRIALS
GENERALI TRANSPORT COMPANY DOO U S,INDUSTRIALS
INFIX 2024 DOO BEOGRAD ,CONSUMER DISCRETIONARY
VULOVIC TRANSPORT  DOO,INDUSTRIALS
"Elgas energy trading, LTD",ENERGY
BALKAN CAR SALES D.O.O.,CONSUMER DISCRETIONARY
PETKUS ENGINEERING DOO,INDUSTRIALS
SELECT COMPANY DOO SMEDEREVO,CONSUMER STAPLES
ARTINVEST DOO STARA PAZOVA,CONSUMER DISCRETIONARY
BEIERSDORF D.O.O.,CONSUMER STAPLES
AUTO FLEET MANAGEMENT DOO,INDUSTRIALS
SPECIJALNA BOLNICA ZA BOLESTI ZAVI,HEALTH CARE
GROUP SPAIZ,CONSUMER STAPLES
EPIROC SRBIJA A.D.,INDUSTRIALS
GREEN TECHNOLOGY FIRST DOO,UTILITIES
TEHNIX BEO DOO BEOGRAD,INDUSTRIALS
E.S.-KOMERC DOO PRIJEPOLJE,CONSUMER STAPLES
LOKOMOTIVA DOO BEOGRAD,INDUSTRIALS
METALAC INKO,INDUSTRIALS
EJOT TEHNIKA SPAJANJA DOO BEOGRAD,INDUSTRIALS
SIKA SRBIJA DOO,MATERIALS
TD SYNNEX D.O.O. BEOGRAD,INFORMATION TECHNOLOGY
AGROMEHANIKA AC DOO NOVI SAD,INDUSTRIALS
O&M INZENJERING GROUP DOO,INDUSTRIALS
MERCATUS DOO BEOGRAD,MATERIALS
JEZERO DOO TTUP ZUNJE KNIC KRAGUJEV,CONSUMER STAPLES
CHINA ENERGY ENGINEERING GROUP TIA,INDUSTRIALS
ALFA PROMET AD ODZACI,NOT RELEVANT
VITEZ&KOM DOO VRANJE,CONSUMER DISCRETIONARY
D.V.G. COMPANY DOO SUBOTICA,CONSUMER STAPLES
FRUVITA DOO BEOGRAD,CONSUMER STAPLES
M I P DOO KRALJEVO,CONSUMER STAPLES
ENTECO DOO UZICE,INDUSTRIALS
KOMPRESOR DORCOL DOO BEOGRAD,CONSUMER DISCRETIONARY
VOSSLOH-SCHWABE SERBIA D.O.O.,CONSUMER DISCRETIONARY
DELTA EPC DOO,INDUSTRIALS
TRGOPROMET NEKRETNINE DOO SUBOTICA,CONSUMER STAPLES
NOVELIC D.O.O.,INFORMATION TECHNOLOGY
DIGITAL FIRST DOO,INDUSTRIALS
RISMEN DOO,CONSUMER STAPLES
mtt infiz doo beograd,INDUSTRIALS
ONDREJ (ONDREJ) HEDJI,CONSUMER STAPLES
KTP JUP DOO,NOT RELEVANT
SZP ZAVARIVAC AD VRANJE - U STECAJ,INDUSTRIALS
GRADITELJ D.O.O. NOVI SAD,INDUSTRIALS
ELTRAS IN DOO BEOGRAD - U PRINUDNO,INDUSTRIALS
JEFIMIJA M DOO RASKA,INDUSTRIALS
KONTAKTOR DOO BEOGRAD,REAL ESTATE
OBALA TRADE DOO BEOGRAD,CONSUMER STAPLES
MILORD DOO NOVI PAZAR,INDUSTRIALS
LABUDOVIC NS DOO NOVI SAD,CONSUMER STAPLES
GROUP AGROMARKET KG,MATERIALS
DELTA TERM DOO BEOGRAD,INDUSTRIALS
BDS PROPERTIES DOO,REAL ESTATE
ELEKTROVAT DOO BEOGRAD,INDUSTRIALS
GOOD MOOD DOO BEOGRAD,CONSUMER DISCRETIONARY
ELEKTROMONTAZA D.O.O. KRALJEVO,INDUSTRIALS
INSAJDER PRODUKCIJA DOO,COMMUNICATIONS
SRBIJAPUT AD BEOGRAD,INDUSTRIALS
AD PODUNAVLJE BACKA PALANKA,CONSUMER STAPLES
PTM DOO SABAC,HEALTH CARE
RAKIC-LTD DOO RADINAC SMEDEREVO,CONSUMER STAPLES
"METLAKOMERC DOO VINARCE, LESKOVAC",CONSUMER STAPLES
YOUGOV CP D.O.O.,CONSUMER DISCRETIONARY
ZZ ZADRUGAR BAC,CONSUMER STAPLES
ZZ TABANOVIC LOZNICA,NOT RELEVANT
SIRMIUM STEEL D.O.O. SR.MITROVICA,MATERIALS
PREDSTAVNISTVO CARL ZEISS,HEALTH CARE
EUROFIBER,CONSUMER DISCRETIONARY
BREZA DOO PARACIN,INDUSTRIALS
NETIKS DOO BEOGRAD,INFORMATION TECHNOLOGY
MODITAL TRADE DOO,NOT RELEVANT
JKP MEDIANA NIS,INDUSTRIALS
GROUP NEVENACOLOR,NOT RELEVANT
ABC FOOD A.D.,CONSUMER STAPLES
BB MEAT DOO BACINCI,CONSUMER STAPLES
STEEL-IMPEX DOO SREMSKA KAMENICA,MATERIALS
SMARTPHONE CONCEPT DOO BEOGRAD,CONSUMER DISCRETIONARY
"PREDUZECE ZA TRGOVINU, TRANSPORT I",INDUSTRIALS
D COMPANY DOO BABUSNICA,INDUSTRIALS
DRAGIS-PHARM DOO BEOGRAD,HEALTH CARE
DVADESETPRVI MAJ AUTO KUCA D.O.O.,REAL ESTATE
VORWERK AUTOTEC SERBIA D.O.O.,CONSUMER DISCRETIONARY
OFFICE RENTALS DOO,REAL ESTATE
ABC MAZIVA DOO,MATERIALS
SVETOZAR (NEDELJKO) VESKOV,CONSUMER STAPLES
HOLCIM SRBIJA DOO,MATERIALS
TARKETT DOO BACKA PALANKA,INDUSTRIALS
JKP DIREKCIJA ZA JAVNI PREVOZ GRAD,INDUSTRIALS
STANKOM AD - U STECAJU,CONSUMER DISCRETIONARY
PHARMACIA ZAD DOO U STECAJU,HEALTH CARE
VEROPOULOS,CONSUMER STAPLES
SERBIA CABLE COMMERCE,INDUSTRIALS
REAL ESTATE RENT 2 DOO,REAL ESTATE
MAGNA PHARMACIA D.O.O.,HEALTH CARE
SUBGROUP AUTORITAS,CONSUMER STAPLES
SRBIJAAUTOPUT DOO BEOGRAD,INDUSTRIALS
TIS-MITROVIC DOO ZAJECAR,CONSUMER STAPLES
IKEA SRBIJA,CONSUMER DISCRETIONARY
"SANI OPTIK D.O.O., BEOGRAD",CONSUMER DISCRETIONARY
TELEKOMUNIKACIJA DOO,INDUSTRIALS
BEOECOTEL,INFORMATION TECHNOLOGY
ZVONKO MILOSAVLJEVIC PR FILI ZM,CONSUMER STAPLES
RABALUX DOO,NOT RELEVANT
VISNJICA DOO,CONSUMER DISCRETIONARY
PANONGRAD DOO,INDUSTRIALS
GROUP METAL-HEMICO,CONSUMER STAPLES
NESTLE ADRIATIC S DOO BEOGRAD-SURC,CONSUMER STAPLES
STEMAR SPED D.O.O.,INDUSTRIALS
GLETER-MAX DOO BEOGRAD - U PRINUDN,NOT RELEVANT
RISTIC DOO IVANJICA,CONSUMER DISCRETIONARY
KUHNE + NAGEL DOO,INDUSTRIALS
POSLOVNO UDRUZENJE DAVAOCA LIZINGA,INDUSTRIALS
VENAC AD PECINCI,REAL ESTATE
CARGO-PARTNER DOO BEOGRAD,INDUSTRIALS
EUROPAPRESS DOO BEOGRAD - U STECAJ,NOT RELEVANT
BUDUCNOST DOO VALJEVO,INDUSTRIALS
DOKA SERB DOO SIMANOVCI,INDUSTRIALS
WEST BEOCAR DOO,CONSUMER DISCRETIONARY
B&S IMMOBILIEN DOO,INDUSTRIALS
RESTART SHOP D.O.O.,CONSUMER DISCRETIONARY
OLEON DOO NOVI SAD,CONSUMER STAPLES
FINO VINO DOO BEOGRAD,CONSUMER STAPLES
ARTINVEST NAMESTAJ,CONSUMER DISCRETIONARY
BIOMEDICA MP DOO BEOGRAD,HEALTH CARE
SYMBOL DOO SUBOTICA,INDUSTRIALS
DOO HOLLO COMPANY DOROSLOVO,CONSUMER STAPLES
SOLCHEM S D.O.O.,MATERIALS
GROUP BAHUS,CONSUMER STAPLES
SMITRAN AUTO DOO,CONSUMER DISCRETIONARY
VIATOR & VEKTOR-TRANSPED-VRSAC DOO,NOT RELEVANT
NEVENA SPB DOO BEOGRAD (SAVSKI VEN,NOT RELEVANT
LTS D.O.O.,CONSUMER STAPLES
SCHMITZ CARGOBULL D.O.O.,NOT RELEVANT
BAJA D.O.O.,NOT RELEVANT
HUMANITARNA FONDACIJA BUDIMIR BOSK,INDUSTRIALS
"DRENIK ND D.O.O., BEOGRAD",MATERIALS
PREDSTAVNISTVO OSRAM EOOD,INDUSTRIALS
KROMBERG & SCHUBERT SRBIJA D.O.O.,CONSUMER DISCRETIONARY
COMPASS FOOD DOO BEOGRAD,CONSUMER STAPLES
TELEFONKABL DOO BEOGRAD,INDUSTRIALS
VS EVROCORN DOO,CONSUMER STAPLES
BANAT TRANS DOO ZRENJANIN,INDUSTRIALS
INDUSTRIJSKA OPREMA D.O.O.,INDUSTRIALS
IBIS-INSTRUMENTS DOO,INFORMATION TECHNOLOGY
DIV-TRADES DOO,MATERIALS
NOMIS DOO BEOGRAD,CONSUMER DISCRETIONARY
GROUP WEG,NOT RELEVANT
TROPICANA D.O.O.,CONSUMER STAPLES
UNIBROS D.O.O.,NOT RELEVANT
KREATIVA NEW FORMULA D.O.O.,NOT RELEVANT
ENERGOPROJEKT HOLDING A.D. BEOGRAD,INDUSTRIALS
AIR SERBIA A.D. BEOGRAD,INDUSTRIALS
VITAL AD VRBAS,NOT RELEVANT
APOTEKA VALJEVO,CONSUMER STAPLES
AGRO PRODUKT SRB DOO GOSPODINCI,CONSUMER STAPLES
JP VRBAS GAS VRBAS,UTILITIES
Sakal Ana Ester,NOT RELEVANT
SG NETWORKING DOO BEOGRAD,INDUSTRIALS
PORSCHE PARTNER,CONSUMER DISCRETIONARY
PREDUZECE STRELA DOO KLAJIC,CONSUMER STAPLES
UNICOM TELECOM DOO,INFORMATION TECHNOLOGY
GROUP MATIJEVIC,CONSUMER STAPLES
GOOD FOOD DOO BEOGRAD (VRACAR),CONSUMER STAPLES
AGROCOOP - U STECAJU,CONSUMER STAPLES
NAFTACHEM DOO SREMSKA KAMENICA,INDUSTRIALS
VEMI SUN DOO,UTILITIES
BOEHRINGER INGELHEIM SERBIA DOO BE,HEALTH CARE
COMMUNIS DOO BEOGRAD,COMMUNICATIONS
M I INVESTMENTS DOO,REAL ESTATE
SUBGROUP NECTAR,CONSUMER STAPLES
FLEET PARTNER DOO,INDUSTRIALS
AUTOPROMET DOO,CONSUMER DISCRETIONARY
DANIJELA (BRANKO) BELJANSKI,CONSUMER STAPLES
GROUP BMR,INDUSTRIALS
CANDY RUSH DOO BEOGRAD,CONSUMER STAPLES
LOGO DOO,INDUSTRIALS
GEINARRO DOO VALJEVO,CONSUMER DISCRETIONARY
TRANSAKS DOO,FINANCIALS
DALLAS NAMESTAJ DOO,CONSUMER DISCRETIONARY
GAS-FEROMONT AD STARA PAZOVA,UTILITIES
UNIVERZAL - HOLDING A.D.,NOT RELEVANT
A-G  DINAS 2005 DOO BEOGRAD - U LI,CONSUMER DISCRETIONARY
"PREDUZECE ZA TRGOVINU,POSREDOVANJE",INDUSTRIALS
INTERNATIONAL VIRTUAL OFFICE DOO,CONSUMER STAPLES
ZOP INZENJERING DOO,INDUSTRIALS
TAMNAVAPUT AD,INDUSTRIALS
UNIVERZAL TPM DOO BEOGRAD - U STEC,NOT RELEVANT
LIBERTAS-AGRAR DOO,CONSUMER STAPLES
DUNAV,NOT RELEVANT
LOMAX COMPANY DOO SUBOTICA,NOT RELEVANT
ENERGY NET ONE D.O.O.,INDUSTRIALS
AUTOTRANSPORT DOO KOSTOLAC,INDUSTRIALS
STUDIO M SAVREMENI SISTEMI GRADNJE,INDUSTRIALS
SIMULA D.O.O. NOVI SAD,INFORMATION TECHNOLOGY
ETP D.O.O.,INFORMATION TECHNOLOGY
USLUGA AD B.TOPOLA,CONSUMER STAPLES
AUTO KUCA SEKULIC DOO VETERNIK,CONSUMER DISCRETIONARY
MLINPRODUKT AD ADA,CONSUMER STAPLES
TRGOVINSKO PREDUZECE ALEX INTERNATI,INDUSTRIALS
GATARIC INTERNATIONAL GROUP DOO BEO,CONSUMER DISCRETIONARY
ZORKA PHARMA-HEMIJA DOO SABAC,MATERIALS
PARALELA PLUS D.O.O. BEOGRAD,CONSUMER STAPLES
DIJAMANT AGRAR A.D. ZRENJANIN,CONSUMER STAPLES
SUBGROUP BIGZ,MATERIALS
DOO VELISAVLJEV BOTOS,CONSUMER STAPLES
TARKETT DOO REPUBLIKA SRBIJA PREDST,INDUSTRIALS
KIT COMMERCE DOO BEOGRAD,CONSUMER DISCRETIONARY
UNI CHEM DOO,HEALTH CARE
DELTA CLEANROOM DOO BEOGRAD,INDUSTRIALS
REFOT B DOO BEOGRAD,CONSUMER DISCRETIONARY
ELIXIR ZORKA - MINERALNA DUBRIVA D,MATERIALS
KEOS D.O.O.,CONSUMER DISCRETIONARY
SALAS 024 D.O.O. SUBOTICA,CONSUMER STAPLES
VIATRIS HEALTHCARE D.O.O.,HEALTH CARE
ALCO GROUP HOTELI D.O.O. BEOGRAD,CONSUMER DISCRETIONARY
ASBIS DOO BEOGRAD,INFORMATION TECHNOLOGY
VODA VODA DOO,NOT RELEVANT
DRVOPROMET DOO LESKOVAC U STECAJU,CONSUMER DISCRETIONARY
"BMP AD,HOTEL HYATT",CONSUMER DISCRETIONARY
ZAJACA  RUDNICI I TOPIONICA AD,MATERIALS
PREDUZECE GEM-COMPANY DOO BEOGRAD,INDUSTRIALS
SOULFOOD DOO BEOGRAD,CONSUMER STAPLES
ROBNE KUCE BEOGRAD DOO BEOGRAD,REAL ESTATE
MARKO TRANS CARGO DOO,MATERIALS
VODOVOD I KANALIZACIJA JP GROCKA,UTILITIES
BALKAN CONCEPT DOO BEOGRAD,CONSUMER DISCRETIONARY
INTERFAST DOO BEOGRAD,INDUSTRIALS
BEOHEMIJA DOO,CONSUMER STAPLES
GASTEH DOO INDIJA,INDUSTRIALS
PERASTRA DOO BEOGRAD,CONSUMER STAPLES
GREEN BAY DOO BEOGRAD,REAL ESTATE
ALTIUM INTERNATIONAL D.O.O.,HEALTH CARE
NENAD (VELEMIR) VESKOV,CONSUMER STAPLES
GROUP SANI GROUP,CONSUMER DISCRETIONARY
SIMSPED D.O.O.,INDUSTRIALS
GRINDEX DOO  KIKINDA,INDUSTRIALS
KOMONT DOO BEOGRAD - U PRINUDNOJ L,INDUSTRIALS
ALEKSANDAR HOTEL DOO NOVI SAD,NOT RELEVANT
BIP a.d.,CONSUMER STAPLES
GP MOTORS DOO BEOGRAD - U PRINUDNO,CONSUMER DISCRETIONARY
TRIPLE JUMP DOO BEOGRAD,CONSUMER DISCRETIONARY
ALFA COMMERCE DOO SABAC,INDUSTRIALS
VETFARM AD BEOGRAD - U STECAJU,NOT RELEVANT
"S&B CONCRETE DOO BEOGRAD, ZEMUN",INDUSTRIALS
JKP VODOVOD I KANALIZACIJA,UTILITIES
SIEMENS IT SOLUTIONS AND SERVICES,NOT RELEVANT
GROUP FARMEKS,HEALTH CARE
GROUP PROGRES,INDUSTRIALS
DOO AQUA PROMET JAGODINA,INDUSTRIALS
Subgroup e& PPF Telecom Group,COMMUNICATIONS
PIP FOOD GROUP DOO,CONSUMER STAPLES
PDV INZENJERING DOO VALJEVO-POPUCK,INDUSTRIALS
DOO MSJ,CONSUMER STAPLES
GROUP VEGA,HEALTH CARE
FRU COM PLUS DOO,CONSUMER STAPLES
DIGITRON IST D.O.O. BEOGRAD,INDUSTRIALS
QUADRA PACK DOO BEOGRAD,MATERIALS
GROUP PARALELA,NOT RELEVANT
PP BRO ZIVA D.O.O.,NOT RELEVANT
DRUSTVENO PREDUZECE ZA LINIJSKI I T,NOT RELEVANT
DOO POLO VRSAC - U STECAJU,HEALTH CARE
DAREX D.O.O.,CONSUMER DISCRETIONARY
DIRECT MEDIA A.D.,NOT RELEVANT
NICCO AGRAR DOO,CONSUMER STAPLES
"POPADIC KOMERC DOO,KRAGUJEVAC",CONSUMER STAPLES
AGROZENIT ZZ,NOT RELEVANT
SET DOO SABAC,INDUSTRIALS
DOO AGROSOJ PLUS,CONSUMER STAPLES
LLOYD S REGISTER D.O.O. BEOGRA,INDUSTRIALS
ELKOK AD KOSJERIC,INDUSTRIALS
AKVAPAN INZENJERING DOO VRANICI,INDUSTRIALS
GAS INVEST DOO BEOGRAD,INDUSTRIALS
LUPO FASHION DOO BEOGRAD,CONSUMER DISCRETIONARY
BALKAN PLASTICS COMPANY DOO,INDUSTRIALS
GRAMPER D.O.O.,INDUSTRIALS
TIMAC AGRO BALKANS DOO NOVI SAD,MATERIALS
MAXIM MEDIA DOO BEOGRAD,COMMUNICATIONS
UNIFIEDPOST D.O.O.,INDUSTRIALS
SUN & DUN.A.V.,INDUSTRIALS
GROUP JOVANOVIC,INDUSTRIALS
STIL D.O.O. ZRENJANIN,CONSUMER DISCRETIONARY
MIVEX LOGISTICS DOO CACAK,INDUSTRIALS
ATAK INSAAT 2020 KRUSEVAC,INDUSTRIALS
ABELA PHARM DOO BEOGRAD,HEALTH CARE
A SPORT DD,CONSUMER DISCRETIONARY
SOMBOLED AD ZA PROIZVODNJU I PRERAD,CONSUMER STAPLES
GROUP KONSING,NOT RELEVANT
GRADI-TEL DOO SARBANOVAC BOR,ENERGY
GROUP TINA 2000 DOO,CONSUMER DISCRETIONARY
BEOKOM DOO BEOGRAD,CONSUMER DISCRETIONARY
PREDUZECE ZA PROVIZVODNJU PROMET I,NOT RELEVANT
INTERNATIONAL TRADE SYSTEM DOO,HEALTH CARE
KIJEVO DOO BEOGRAD,MATERIALS
DOLEX  DOO SABAC,INDUSTRIALS
GROUP MONTING-GROUP SP,INDUSTRIALS
METALAC BOJLER,CONSUMER DISCRETIONARY
PERNOD RICARD SRBIJA DOO,CONSUMER STAPLES
GROUP GREDA,REAL ESTATE
NARUTO DOO,REAL ESTATE
DOO  FOTOS CREPAJA,CONSUMER STAPLES
BOSAL DOO ZEMUN,INDUSTRIALS
FREY SERVICES DOO BEOGRAD,INDUSTRIALS
BIOCELL HOSPITAL OPSTA BOLNICA,HEALTH CARE
KRISTINA KARAJOVIC PR MPK-ALATNICA,INDUSTRIALS
ELBRACO GROUP DOO APATIN,CONSUMER DISCRETIONARY
EGAL STEEL DOO,INDUSTRIALS
AMICUS SRB DOO BEOGRAD,HEALTH CARE
AMAN RENT A CAR DOO BEOGRAD,FINANCIALS
MD INTERNATIONAL INVEST DOO,CONSUMER DISCRETIONARY
ALFA GLASS DOO,INDUSTRIALS
FSU AD,INDUSTRIALS
LUKA BEOGRAD AD BEOGRAD,INDUSTRIALS
TRIGRANIT DOO BEOGRAD U LIKVIDACIJ,NOT RELEVANT
GROUP CETNIK,INDUSTRIALS
GUDMARK GROUP DOO SABAC PREDSTAVN,CONSUMER DISCRETIONARY
PREDSTAVNISTVO GENERAL MOTORS,CONSUMER DISCRETIONARY
QA CUBE DOO,INFORMATION TECHNOLOGY
BEORELAX D.O.O.,NOT RELEVANT
GROS DOO NOVI SAD,INDUSTRIALS
DEXY CO KIDS,CONSUMER DISCRETIONARY
BEVETTI D.O.O. NOVI SAD,CONSUMER STAPLES
PREDUZECE ZA PROIZVODNJU PURATOS DO,CONSUMER STAPLES
AUTO KUCA-KOLE DOO BEOGRAD-ZEMUN,CONSUMER DISCRETIONARY
KEJ KOMERC DOO,MATERIALS
SELECT TRANSPORT D.O.O.,INDUSTRIALS
HBT LOGISTIKA DOO ZEMUN - U LIKVID,CONSUMER STAPLES
NAJEVROPLJANIN DOO NOVI SAD,REAL ESTATE
MAJA VLAOVIC,CONSUMER STAPLES
POLITEK DOO KRAGUJEVAC,INDUSTRIALS
PHOSPHEA DANUBE D.O.O.,MATERIALS
LUKI- KOMERC DOO,CONSUMER STAPLES
BB LOGISTIC 011 BOGDANKA ,INDUSTRIALS
SJM-AGROPROM D.O.O. VALJEVO,CONSUMER STAPLES
PUTNIK AD,CONSUMER DISCRETIONARY
KOBE GROUP D.O.O. BEOGRAD,MATERIALS
JUGO LADA DOO BEOGRAD,NOT RELEVANT
INNOVA MD GROUP DOO BEOGRAD - U LI,HEALTH CARE
UNOGRADNJA V.V.  DOO BEOGRAD - U S,NOT RELEVANT
FOODY RESTORANI D.O.O.,CONSUMER DISCRETIONARY
HOTEL GOLDEN HILL DOO BEOGRAD,CONSUMER DISCRETIONARY
NEXIM DOO BEOGRAD-ZVEZDARA,CONSUMER STAPLES
N & B PROM DOO VOGANJ,ENERGY
PHOENIX PHARMA D O O,HEALTH CARE
GRAND D GRUPA FLZ DOO BEOGRAD-PALI,INDUSTRIALS
EMA DOO,CONSUMER DISCRETIONARY
BEL CAR TEAM D.O.O.,CONSUMER DISCRETIONARY
GP UNACOP DOO BEOGRAD,INDUSTRIALS
PREDUZECE UZOR EKSPORT DOO MLADENOV,MATERIALS
FRUCT COMPANY,CONSUMER STAPLES
BAST COMMERCE D.O.O.,INDUSTRIALS
DOEHLER DOO BEOGRAD,CONSUMER STAPLES
SRBOAUTO DOO BEOGRAD,CONSUMER DISCRETIONARY
CONNECTIT D.O.O.,INFORMATION TECHNOLOGY
VEGA PROPERTIES D.O.O.,INFORMATION TECHNOLOGY
LABENA DOO BEOGRAD,HEALTH CARE
DOO 9.MAJ CONOPLJA,CONSUMER STAPLES
FUTURA GREEN VAT D.O.O.,UTILITIES
KAPIJA CIGOTE D.O.O.,CONSUMER DISCRETIONARY
MB METAL PROM DOO RUMA,CONSUMER DISCRETIONARY
FORTIS POWER COMMODITIES D.O.O.,UTILITIES
AGRO CESLA DOO RUMENKA,INDUSTRIALS
TENGE D.O.O. BEOGRAD-CUKARICA,INDUSTRIALS
BIROGRAF COMP DOO BEOGRAD,INDUSTRIALS
GROUP NIMAX,CONSUMER DISCRETIONARY
AUTOLAND BGD DOO BEOGRAD,CONSUMER DISCRETIONARY
KOVIS BP DOO EXPORT-IMPORT BACKA P,INDUSTRIALS
IGEPA DEUS D.O.O.,MATERIALS
KOPRA D.O.O. BEOGRAD,INDUSTRIALS
HIPRA INZENJERING PANCEVO,INDUSTRIALS
MEGALIT DOO RASKA,INDUSTRIALS
PRIVREDNO DRUSTVO ZA,NOT RELEVANT
DOO CHEMMAX BACKA PALANKA,MATERIALS
DRINA PLASTIKA-86,CONSUMER DISCRETIONARY
EURONAPA DOO BEOGRAD - U PRINUDNOJ,CONSUMER DISCRETIONARY
INDO ZINC SMELTERS U STECAJU,NOT RELEVANT
VENTURA DOO,NOT RELEVANT
TF KABLE FKZ DOO ZAJECAR,NOT RELEVANT
PRODRES D.O.O. KRUSEVAC,INDUSTRIALS
RADERA DOO SMEDEREVSKA PALANKA   P,NOT RELEVANT
MERKUR 3M-PRES DOO POZAREVAC,CONSUMER DISCRETIONARY
SKORPION UNION DOO NOVI SAD-,CONSUMER DISCRETIONARY
EUROPAPIER DUNAV DOO BEOGRAD,MATERIALS
BAD SISTEMS DOO,INFORMATION TECHNOLOGY
DUPONT SRB DOO BEOGRAD,MATERIALS
MINT PHARM,CONSUMER STAPLES
NEW FRONTIER INNOVA D.O.O. BEOGRAD,INFORMATION TECHNOLOGY
GOODWILL PHARMA DOO SUBOTICA,HEALTH CARE
ALPINA DRINK - U STECAJU,CONSUMER STAPLES
MARMIL BETON DOO BEOGRAD,MATERIALS
AGROGLOBE DOO NOVI SAD,CONSUMER STAPLES
NORTH LINE DOO SUBOTICA,CONSUMER STAPLES
BBT AD ZITISTE,CONSUMER STAPLES
GROUP RACA,CONSUMER STAPLES
NEW MEDIA IDEAS DOO BEOGRAD,COMMUNICATIONS
GROUP ANLEK,HEALTH CARE
TANOVA DOO NIS - U LIKVIDACIJI,CONSUMER STAPLES
BENEFIT D.O.O.,CONSUMER DISCRETIONARY
CURDIC DOO,INDUSTRIALS
VALJEVO PUT  DP,INDUSTRIALS
SUBGROUP HLEB I KIFLE,CONSUMER STAPLES
ADIGE BITUMI IMPRESA SPA OGRANAK,INDUSTRIALS
ICE CREAM FACTORY DOO BEOGRAD,CONSUMER STAPLES
NOVO PLUS DOO LJUBLJANA,CONSUMER STAPLES
RADIC PR RUMA,CONSUMER STAPLES
EURO SUMMAR DOO,CONSUMER DISCRETIONARY
MARA DOO SOMBOR,CONSUMER STAPLES
MPC HOLDING DOO BEOGRAD,INDUSTRIALS
GEROVIT DOO,MATERIALS
INPHARM CO DOO,HEALTH CARE
BEO RIBARSTVO DOO,CONSUMER STAPLES
AT KASTELEC DOO BEOGRAD,INDUSTRIALS
MESSER TEHNOGAS AD BEOGRAD,MATERIALS
URBAN-TECHNICS DOO,MATERIALS
POLLINO FRUIT DOO,CONSUMER STAPLES
NOLEKO DOO,INDUSTRIALS
MAKPHARM DOO BEOGRAD,HEALTH CARE
TEHNOMEDIA CENTAR DOO ZAJECAR,CONSUMER DISCRETIONARY
"STO POSTO  DOO, BEOGRAD",CONSUMER STAPLES
KVANTEKS - U STECAJU,NOT RELEVANT
AD FABRIKA ULJA KRUSEVAC - U STECA,NOT RELEVANT
GROUP PZP NIS,INDUSTRIALS
DOO PELUS APATIN - U STECAJU,NOT RELEVANT
KONSTRUKTOR KONSALTING,INDUSTRIALS
JKP VODOVOD SREMSKA MITROVICA,UTILITIES
SMKR SASA 1,CONSUMER STAPLES
TTTECH AUTO DOO BANJA LUKA,INDUSTRIALS
INSTALATER DOO BEOGRAD,INDUSTRIALS
ARBORSPALET 2010 DOO BA¿KA PALANKA,MATERIALS
AGROKIKI D.O.O.,CONSUMER STAPLES
MITROS FLEISCHWAREN DOO,CONSUMER STAPLES
MCF MEGACOM FILMS,COMMUNICATIONS
COMING-COMPUTER ENGINEERING DOO BE,INFORMATION TECHNOLOGY
GROUP ZITOPROMETMLIN,CONSUMER STAPLES
BATA DOO,INDUSTRIALS
NAGY RET,CONSUMER STAPLES
BAYER DOO BEOGRAD,MATERIALS
MIREX DOO RUMENKA,INDUSTRIALS
DAILY EXPRESS DOO BEOGRAD,CONSUMER DISCRETIONARY
HISENSE EUROPE CUSTOMER CARE CENTA,NOT RELEVANT
TRGOVINSKO PREDUZECE SNAVEL-SRBIJAT,NOT RELEVANT
VELEFARM AD HOLDING KOMPANIJA BEOG,NOT RELEVANT
EURO PERTOL TRANS DOO,NOT RELEVANT
GROUP NIBENS,INDUSTRIALS
LUDAN ENGINEERING DOO BEOGRAD,INDUSTRIALS
C.O.D. DOO BEOGRAD,CONSUMER DISCRETIONARY
"VULE - MARKET DOO BEOGRAD, SREMCIC",CONSUMER STAPLES
COSMOPROFESSIONAL DOO BEOGRAD,CONSUMER STAPLES
STEPCON DOO,INDUSTRIALS
STRABAG BMTI,INDUSTRIALS
CHS SERBIA DOO NOVI SAD,CONSUMER STAPLES
GP GRANIT-PESCAR DOO LJIG,MATERIALS
INIZIO AUTO DOO NOVI SAD,INDUSTRIALS
PANALEX AD BEOGRAD,INDUSTRIALS
AU DR.MAX ,CONSUMER STAPLES
PAN LOGISTIC DOO,INDUSTRIALS
EJ EXCLUSIVE,CONSUMER DISCRETIONARY
PWW DEPONIJA DOO JAGODINA,INDUSTRIALS
LUKOIL SRBIJA D.O.O.  BEOGRAD,CONSUMER DISCRETIONARY
METAL-CENTAR DOO VOJKA,INDUSTRIALS
DONIC DOO VELIKA PLANA,CONSUMER DISCRETIONARY
RAIL CARGO CARRIER - SERBIA D.O.O. ,INDUSTRIALS
SOFTWAREONE D.O.O. - U LIKVIDACIJI,INFORMATION TECHNOLOGY
FERTICO DOO INDIJA,MATERIALS
MAROX DOO,NOT RELEVANT
"PREDUZECE ZA PROIZVODNJU, PROMET,",CONSUMER DISCRETIONARY
SRPSKA FABRIKA ZA RECIKLAZU,INDUSTRIALS
ALUMINUM SYSTEMS AND CONSTRUCTIONS,INDUSTRIALS
PSG BANATSKI DVOR DOO NOVI SAD,ENERGY
PRIVREDNO DRUSTVO ZA,CONSUMER STAPLES
DOO NIKOM  KRAGUJEVAC,CONSUMER DISCRETIONARY
C&R VENTURES DOO BEOGRAD,REAL ESTATE
DN & T INVESTING GROUP DOO BEOGRAD,INDUSTRIALS
DATA 011 DOO,INFORMATION TECHNOLOGY
JAVNO KOMUNALNO PREDUZECE ZA JAVNE,INDUSTRIALS
"EKUPI DOO BEOGRAD, VILINE VODE BB",CONSUMER DISCRETIONARY
PETROL DOO BEOGRAD,ENERGY
"FRUIT INTERNATIONAL DOO BEOGRAD, N",CONSUMER STAPLES
DELTA HOSPITALITY DOO BEOGRAD,CONSUMER DISCRETIONARY
BOGDANOVIC,CONSUMER STAPLES
SAT OUTSOURCING,INDUSTRIALS
INTERSPED-B DOO BEOGRAD,INDUSTRIALS
AGRO INVEST 2025 DOO SUBOTISTE,INDUSTRIALS
UZOR DOO NOVI SAD,REAL ESTATE
LOZ DOO,INDUSTRIALS
ORBIT STREEM,INDUSTRIALS
BALKAN 2001 DOO SABAC,INDUSTRIALS
CBS INTERNATIONAL DOO,REAL ESTATE
SECURITAS SERVICES DOO,INDUSTRIALS
NIS A.D. NOVI SAD,ENERGY
ADVISE INSTITUTE DOO,INDUSTRIALS
ZANA DURIC PR MRVICA ARILJE,CONSUMER STAPLES
FLEXOPACK TRADE AND SERVICES DOO,MATERIALS
VISOKA STRUKOVNA SKOLA - INTERNACI,CONSUMER DISCRETIONARY
BOBAN COMERC DOO,CONSUMER STAPLES
HALO OGLASI DOO BEOGRAD,COMMUNICATIONS
"KOSANICA DOO, NIS",INDUSTRIALS
RUMA - U STECAJU,CONSUMER DISCRETIONARY
BEGRAM SERVIS DOO,INFORMATION TECHNOLOGY
IRADIA DOO SREMSKA KAMENICA,CONSUMER STAPLES
ROLYPOLY DOO CACAK U STECAJU,NOT RELEVANT
HONEYWELL DOO BEOGRAD,NOT RELEVANT
GROUP DIRECT GROUP HOLDING,CONSUMER STAPLES
AGROGRNJA DOO PIVNICE,CONSUMER STAPLES
EXTRA - AUTOTRANSPORT DOO,INDUSTRIALS
MULTICATERING D.O.O. BEOGRAD,INDUSTRIALS
REDOM  DOO SMEDEREVO,REAL ESTATE
C.I.A.K. DOO NOVI SAD,CONSUMER DISCRETIONARY
JKP BEOGRADSKI VODOVOD I KANALIZAC,UTILITIES
ORANGE PLUS DOO KISELJAK,CONSUMER STAPLES
DELTA DMD D.O.O.,CONSUMER STAPLES
PROGRES DOO NOVI SAD,CONSUMER STAPLES
MELOVIC GRADNJA DOO,INDUSTRIALS
AGROHEM - U STECAJU,NOT RELEVANT
FUTURA PLUS DOO,CONSUMER STAPLES
NOVART DOO KRAGUJEVAC,CONSUMER DISCRETIONARY
SOFEX DOO NOVI SAD,CONSUMER DISCRETIONARY
EUROPAMONT DOO NOVI SAD,CONSUMER STAPLES
INOS - BALKAN DOO VALJEVO,NOT RELEVANT
SUNCE DOO BEOGRAD-ZEMUN,NOT RELEVANT
VECTOR MANAGEMENT INTERNATIONAL,NOT RELEVANT
REGIONALNA PRIVREDNA KOMORA KRUSEV,INDUSTRIALS
TANKMONT DOO BEOGRAD,INDUSTRIALS
PIZZA BAR DOO BEOGRAD,CONSUMER DISCRETIONARY
M.M.M. - METKOMERC VODICE,INDUSTRIALS
COMMERCIAL DEVELOPMENTS DOO BEOGRA,REAL ESTATE
STAR IMPORT D.O.O.,CONSUMER DISCRETIONARY
ALPLA DOO BEOGRAD,MATERIALS
GOSA FSV DOO,INDUSTRIALS
FRESKO EXPORT IMPORT DOO,CONSUMER STAPLES
"DOO UNITEHNA KRUSEVAC, VELIKO GOLO",INDUSTRIALS
NANDOR (ISTVAN) VERES,CONSUMER STAPLES
RP COMPANY DOO NOVI SAD,CONSUMER STAPLES
PTP ROYAL-TRADE DOO KIKINDA,CONSUMER STAPLES
BEL CAR DOO NOVI SAD,CONSUMER DISCRETIONARY
ERAKOVIC DOO  KULA,CONSUMER STAPLES
VRACAR SISTEM DOO,NOT RELEVANT
BEZDAN DOO BEZDAN,NOT RELEVANT
KOPEX MIN-FITIP AD NIS - U LIKVIDA,INDUSTRIALS
PAKOM - U STECAJU,INFORMATION TECHNOLOGY
KOLAREVIC DOO POJATE,CONSUMER DISCRETIONARY
KOTEKS DOO,CONSUMER STAPLES
GROUP GP AUTO SHOP,CONSUMER DISCRETIONARY
FENIKS-FOCUS D.O.O.,NOT RELEVANT
MILAN BLAGOJEVIC A.D.SMEDEREVO,NOT RELEVANT
KREATIVA UNLIMITED DOO BEOGRAD,CONSUMER DISCRETIONARY
GORENJE STUDIO DOO BEOGRAD,CONSUMER DISCRETIONARY
"DIOPTA DOO BEOGRAD,UMKA",CONSUMER DISCRETIONARY
AVGERINOS DOO SUBOTICA,CONSUMER STAPLES
SMART MEDIA PRODUCTION DOO - U LIK,COMMUNICATIONS
LAGUNA DOO BEOGRAD,COMMUNICATIONS
IC CONSULENTEN DOO BEOGRAD,INDUSTRIALS
SZR NATRON 2002 VUKOVIC VESNA PR R,MATERIALS
ZZ AGROPROM STARA PAZOVA,CONSUMER STAPLES
ELITA-COP DOO BEOGRAD-ZEMUN,INDUSTRIALS
PRO-LOG SR DOO,INDUSTRIALS
PIONIR DOO BEOGRAD,CONSUMER STAPLES
MAT-REAL ESTATE D.O.O,REAL ESTATE
IQVIA RDS,HEALTH CARE
STUDIO SOUND LUXURY,CONSUMER DISCRETIONARY
CETNIK D.O.O. VALJEVO,INDUSTRIALS
CVRCAK DOO,INDUSTRIALS
VELEPRODAJNI CENTAR DOO,NOT RELEVANT
PFI DOO ZEMUN,CONSUMER STAPLES
KIA AUTO DOO BEOGRAD,CONSUMER DISCRETIONARY
PB NITOM DOO NIS,CONSUMER DISCRETIONARY
FRATELLO TRADE DOO,CONSUMER STAPLES
MOBILNI MARKET DOO,INFORMATION TECHNOLOGY
I&F GRUPA DOO,COMMUNICATIONS
GOSA  KOMERC DOO VRANJE,INDUSTRIALS
INTERNATIONAL ALEXANDER D.O.O. NOV,INDUSTRIALS
IN TIME EXPRESS DOO BEOGRAD,INDUSTRIALS
STDCOIL DOO,INDUSTRIALS
SIRMIUMBUS D.O.O.,INDUSTRIALS
EUROIMPEX AUTOGROUP D.O.O. BEOGRAD,CONSUMER DISCRETIONARY
DOO JGP PETROVIC OTPAD OTPAD,INDUSTRIALS
SVETI NIKOLA DOO SECANJ,CONSUMER STAPLES
MEDIPORT DOO BEOGRAD,HEALTH CARE
ZLATIBORAC DOO BEOGRAD,CONSUMER STAPLES
DOO VASOVIC CACAK,CONSUMER STAPLES
NC SERVICES,INDUSTRIALS
INBERG DOO BEOGRAD,CONSUMER STAPLES
SYNGENTA AGRO DOO BEOGRAD,CONSUMER STAPLES
TALIJA LAB MANJA MITROVIC PR,HEALTH CARE
"NEW MOMENT NEW IDEAS COMPANY DOO,",COMMUNICATIONS
KEMOIMPEX AD,REAL ESTATE
TUPLEX SRB DOO,MATERIALS
PREDUZECE ZA INTEGRALNE MARKETING K,NOT RELEVANT
VOPACHEL DOO,MATERIALS
NORAD SMB DOO,NOT RELEVANT
PARK PRIRODE MOKRA GORA DOO,CONSUMER DISCRETIONARY
ZASTAVA AUTOMOBILI AD KRAGUJEVAC -,NOT RELEVANT
VULIC & VULIC D.O.O.,NOT RELEVANT
ZADRUGA MRKSICEVI SALASI,CONSUMER STAPLES
ALBIRO D.O.O. - U LIKVIDACIJI,CONSUMER DISCRETIONARY
RADULOVIC AUTOMOBILI DOO,CONSUMER DISCRETIONARY
AGROZIV AD,CONSUMER STAPLES
ORBITA RENT A CAR DOO,CONSUMER DISCRETIONARY
JKP DUBOKO UzICE ,INDUSTRIALS
UNIVEREXPORT DOO NOVI SAD,CONSUMER STAPLES
SBM EUROTRADE TRGOVINA DOO,CONSUMER DISCRETIONARY
DOO MINI PANI,CONSUMER STAPLES
COMUTEL DOO BEOGRAD,INFORMATION TECHNOLOGY
AVICOMP D.O.O. BEOGRAD,INDUSTRIALS
REPRO MARKET DOO BEOGRAD,INFORMATION TECHNOLOGY
METALAC MARKET,CONSUMER DISCRETIONARY
CENTRAL-H D.O.O.,INDUSTRIALS
FLYING CARGO YU DOO BEOGRAD - ZEMU,INDUSTRIALS
ITALIAN DESIGN CENTER DOO BEOGRAD,CONSUMER DISCRETIONARY
ENERGOGLOBAL DOO FUTOG,INDUSTRIALS
VLADEX DOO VELIKA DRENOVA,INDUSTRIALS
Z.A.FRUIT VALJEVO,CONSUMER STAPLES
MARKO-MEAT DOO BEOGRAD,CONSUMER STAPLES
MITUS D.O.O.,INDUSTRIALS
LOGISTICKI CENTAR TRANSPORTSPED DO,INDUSTRIALS
FARMACIJA KORP.INTERNACIONAL DOO,HEALTH CARE
ZASTAVA PROMET D.O.O.BGD,NOT RELEVANT
JKP NAISSUS NIS,UTILITIES
ELEKTROVODOMONT DOO KONAREVO,NOT RELEVANT
GROUP C.O.D. ,CONSUMER DISCRETIONARY
ECOFORM DOO BEOGRAD,NOT RELEVANT
SEME PRODUKT AD CACAK PREDUZECE ZA,CONSUMER STAPLES
DELIGHT AAS DOO,INDUSTRIALS
KOPOVI AD,MATERIALS
TEGO-TRANS DOO NOVI BEOGRAD,INDUSTRIALS
BLOKMI INVEST D.O.O. BEOGRAD,INDUSTRIALS
PREDUZECE ZA TRGOVINU I USLUGE ANLE,HEALTH CARE
APOTEKARSKA USTANOVA SOPHARMACY NO,CONSUMER STAPLES
SANDVIK SRBIJA DOO,INDUSTRIALS
DMA KOPING DOO BEOGRAD,INDUSTRIALS
DOBERGARD PLUS D.O.O. BEOGRAD,INDUSTRIALS
NES COMMUNICATIONS DOO BEOGRAD,INDUSTRIALS
HEKTOR SISTEM DOO,CONSUMER STAPLES
NS UNION TEHNIKA DOO NOVI SAD,INDUSTRIALS
TERMO PLUS DOO BARAJEVO,INDUSTRIALS
PROVENTUSS DOO BEOGRAD - U PRINUDN,NOT RELEVANT
RES TRADE DOO NOVI SAD,INDUSTRIALS
DZAVIC DOO BOGATIC,NOT RELEVANT
BEOTELNET-ISP DOO BEOGRAD,INFORMATION TECHNOLOGY
BLACK FLY LINE D.O.O.,INDUSTRIALS
GRADIENT DOO BEOGRAD,MATERIALS
JUST IN CASE,CONSUMER DISCRETIONARY
TRANS-JUG DOO OBRENOVAC,INDUSTRIALS
SC TASMAJDAN BEOGRAD,CONSUMER DISCRETIONARY
KNEZEV GROUP D.O.O. BECEJ,CONSUMER DISCRETIONARY
PREDSTAVNISTVO ALLIED TELESIS,INFORMATION TECHNOLOGY
LIFT & CARRY DOO,INDUSTRIALS
KDD AUTO D.O.O. BEOGRAD,CONSUMER DISCRETIONARY
PORTEST GROUP DOO BEOGRAD,INDUSTRIALS
GRUNER SERBIAN DOO VLASOTINCE,CONSUMER DISCRETIONARY
CAR RENTAL DOO NOVI BEOGRAD,INDUSTRIALS
SLO-DEL,CONSUMER DISCRETIONARY
UNIPOS DOO MAJUR,INFORMATION TECHNOLOGY
GROUP MEDIUS,CONSUMER STAPLES
EAST GRAIN D.O.O.,CONSUMER STAPLES
EMERALD HILL D.O.O.,INDUSTRIALS
IPSOS STRATEGIC MARKETING DOO BEOG,COMMUNICATIONS
GROUP PRIMAR,INDUSTRIALS
MY MORE DOO BEOGRD,INDUSTRIALS
UTC EUROPAK DOO,CONSUMER STAPLES
DELOITTE D.O.O. BEOGRAD,INDUSTRIALS
LIDER-PRO DOO,ENERGY
"DRUSTVO ZA INZENJERING,",INDUSTRIALS
CORNER KIOSK D.O.O. NOVI SAD,CONSUMER STAPLES
TOPOLA-COMMERCE DOO SENTA,CONSUMER STAPLES
JUGO MONT DOO NOVI SAD,INDUSTRIALS
"PATRIMONS D.O.O.,BEOGRAD",NOT RELEVANT
WEIFERT STR VLADAN KRCADINAC PR PA,CONSUMER STAPLES
NOVOMETAL DOO NOVI SAD,MATERIALS
NBK DOO NOVA PAZOVA,CONSUMER DISCRETIONARY
EURONET SERVICES DOO,INDUSTRIALS
SILA DOO STARA MORAVICA,INDUSTRIALS
"PIONIRSPED ATP K.D. C.GUZVICA,M.BOJ",INDUSTRIALS
PRIMAR TIM INZENJERING D.O.O.,INDUSTRIALS
BMK NOVA TRGOVINA DOO BEOGRAD,CONSUMER STAPLES
MIKROE DOO BEOGRAD,INFORMATION TECHNOLOGY
WSL REFRIGERATION DOO,INDUSTRIALS
ELLOPAK TEM DOO,CONSUMER STAPLES
JUGOTEX DOO SMEDEREVO,CONSUMER DISCRETIONARY
KSS,INDUSTRIALS
BG ELEKTRONIK DOO BEOGRAD,CONSUMER DISCRETIONARY
MASTER FRUITS D.O.O. BEOGRAD,CONSUMER STAPLES
BIO SAVE D.O.O. BEOGRAD,HEALTH CARE
EGLO RASVETA DOO BEOGRAD,CONSUMER DISCRETIONARY
ALFA RS DOO LIPOLIST,NOT RELEVANT
TINA 2000 DOO SABAC - U STECAJU,CONSUMER DISCRETIONARY
VULKAN GUME,MATERIALS
MEDOPRODUKT DOO TAVANKUT,NOT RELEVANT
GDC SERVICES AND SOLUTIONS D.O.O.,INFORMATION TECHNOLOGY
ATOM PARTNER DOO BEOGRAD,INFORMATION TECHNOLOGY
GENEZA DOO,CONSUMER STAPLES
CT RETAIL - U STECAJU,CONSUMER DISCRETIONARY
MK LOGISTIKA D.O.O. NOVI SAD,INDUSTRIALS
SMURFIT KAPPA DOO,MATERIALS
JULIUS MEINL DOO BEOGRAD,CONSUMER STAPLES
EE WASTE GROUP DOO,INDUSTRIALS
FLEUNERRA DOO SABAC,CONSUMER STAPLES
M-ONE E-COMM DOO,INDUSTRIALS
AUTO CACAK KOMERC D.O.O. CACAK,CONSUMER DISCRETIONARY
TPA ZA OBEZBEDENJE KVALITETA I INO,INDUSTRIALS
GROUP STEVAN STILL,CONSUMER STAPLES
GROUP AGENT PLUS,INDUSTRIALS
"KOMPANIJA KTITOR DOO BEOGRAD, ZEMU",INDUSTRIALS
KEMOIMPEX AUTO DOO,CONSUMER DISCRETIONARY
DE HEUS DOO,CONSUMER STAPLES
PERIC TRANS COMPANY DOO BEOGRAD,INDUSTRIALS
EM COMMERCE DOO,CONSUMER DISCRETIONARY
EURO-CORP GROUP DOO SENTA,CONSUMER STAPLES
SAM-SON COMPANY DOO,CONSUMER DISCRETIONARY
GP AUTO-SHOP DOO MEDVEDA - U STECA,CONSUMER DISCRETIONARY
GROUP AGROZIV,NOT RELEVANT
JABLANICA A.D.,NOT RELEVANT
AMC DIVISION DOO - U PRINUDNOJ LIK,CONSUMER DISCRETIONARY
DISTRI PRESS DOO BEOGRAD,NOT RELEVANT
WOOD MASTER DOO VALJEVO,INDUSTRIALS
ZAPADNA BAEKA D.P.,UTILITIES
GROUP IBIS-PETROL,NOT RELEVANT
IBC NANOTEX SRB DOO,CONSUMER DISCRETIONARY
RAMADA STR PETROV DUSAN PR ZRENJAN,CONSUMER STAPLES
TEHNIKA HIDRAULIKE ST DOO BEOGRAD,INDUSTRIALS
PODUNAVLJE A.D. CELAREVO,CONSUMER STAPLES
AUTOTRANSPORT DP KRALJEVO,INDUSTRIALS
PRICA CATERING,INDUSTRIALS
PREDUZECE SENTA  ,UTILITIES
AUTO KUCA KOMPRESOR PRODAJA AUTOMOB,CONSUMER DISCRETIONARY
METEOR-JORGE GROUP,CONSUMER DISCRETIONARY
KHS DOO BEOGRAD,CONSUMER DISCRETIONARY
MARK INVESTMENT D.O.O.,INDUSTRIALS
TANDEM DOO,CONSUMER DISCRETIONARY
INDAS AUTOMATION DOO,INFORMATION TECHNOLOGY
METRO CASH & CARRY DOO BEOGRAD,CONSUMER STAPLES
ATLAS  DOO  SEVOJNO,CONSUMER DISCRETIONARY
RAJNA RADIC PR GYMNASIUM,CONSUMER DISCRETIONARY
DEUS PORT DOO BEOGRAD,REAL ESTATE
ALIPLAST ALUMINIUM SYSTEMS D.O.O.,INDUSTRIALS
VICTORY ELECTRIC,INDUSTRIALS
DOO POLET PARACIN,INDUSTRIALS
KIBID DOO,CONSUMER STAPLES
AB CONSTRUCT TEAM DOO BEOGRAD,INDUSTRIALS
KRYOGAS DOO BEOGRAD,CONSUMER DISCRETIONARY
GROUP SLOBODAN RADUN,CONSUMER STAPLES
CONTANGO DOO-BEOGRAD,MATERIALS
DOO SVET MEDIA BEOGRAD,CONSUMER DISCRETIONARY
MOPEX-TEKUCE ODRZAVANJE DOO BEOGRA,INDUSTRIALS
REAL ESTATE RENT 4 DOO BEOGRAD,REAL ESTATE
L OREAL BALKAN DOO BEOGRAD,CONSUMER STAPLES
DSV ROAD DOO,INDUSTRIALS
DVORANA DOMA SINDIKATA DOO BEOGRAD,COMMUNICATIONS
PAPIRPRINT,INDUSTRIALS
DOO AGROUNIJA INDIJA,CONSUMER STAPLES
MING D.O.O.  BEOGRAD,INDUSTRIALS
DP LUX DISTRIBUTION D.O.O.,CONSUMER DISCRETIONARY
PROTEHEL DOO BEOGRAD,INDUSTRIALS
MPZ-AGRAR D.O.O.,CONSUMER STAPLES
MASTER FRIGO D.O.O.,INDUSTRIALS
NESA PETROL DOO TOPOLA,CONSUMER DISCRETIONARY
NAVITAS DOO BEOGRAD,INDUSTRIALS
BILJNI LEKAR DOO VELIKO GRADISTE,MATERIALS
FCA SRBIJA,CONSUMER DISCRETIONARY
NOVI PAZAR-PUT,INDUSTRIALS
DOO FARM COMMERC CANTAVIR,NOT RELEVANT
ALBUS AD NOVI SAD,NOT RELEVANT
PEPCO D.O.O.,CONSUMER DISCRETIONARY
ACCENTURE SERVICES DOO,INDUSTRIALS
TERMOVENT DOO UZICE,INDUSTRIALS
FCC EKO DOO BEOGRAD,INDUSTRIALS
KIM-TEC DOO BEOGRAD,INFORMATION TECHNOLOGY
MV-SISTEM CO. DOO BEOGRAD,CONSUMER STAPLES
FORMA IDEALE DOO KRAGUJEVAC,CONSUMER DISCRETIONARY
PZP KRAGUJEVAC DOO,INDUSTRIALS
ROTOMETAL ALATI D.O.O. BEOGRAD,INDUSTRIALS
MAC S MEDICAL SEE. DOO VRSAC,HEALTH CARE
AUTOKOMERC D.O.O.,CONSUMER DISCRETIONARY
MIR INZENJERING DOO BEOGRAD - U ST,INDUSTRIALS
DOO VITOROG-PROMET NOVI SAD,CONSUMER DISCRETIONARY
TEHO-INN,FINANCIALS
ENERGOPROJEKT-INDUSTRIJA AD,INDUSTRIALS
SKF COMMERCE DOO BEOGRAD,INDUSTRIALS
BIO PANON D.O.O.,CONSUMER STAPLES
NDC DOO BEOGRAD,INDUSTRIALS
KONSTRUKTOR OPREMA DOO,INDUSTRIALS
VANEX DOO BEOGRAD,MATERIALS
MASUT-PROMET DOO PROKUPLJE,CONSUMER STAPLES
NISSAL INZENJERING DOO BEOGRAD (VO,MATERIALS
GROUP ALMEX,CONSUMER STAPLES
DRAGICEVIC DOO BEOGRAD BARIC,INDUSTRIALS
PLATTNER DOO BACKA PALANKA,INDUSTRIALS
DOO STATOVAC-KOMERC LESKOVAC,CONSUMER DISCRETIONARY
DRENINVEST DOO BEOGRAD,CONSUMER STAPLES
METALFER STEEL MILL DOO SR MITROVIC,INDUSTRIALS
AIGO BS DOO BEOGRAD,INFORMATION TECHNOLOGY
SUPERMARKETI AS DOO,CONSUMER STAPLES
K&K ELECTRONICS DOO BEOGRAD - U ST,NOT RELEVANT
KRKA-FARMA DOO BEOGRAD,HEALTH CARE
EURO STYRO THERM DOO,MATERIALS
PREDUZECE ZA SPOLJNU I UNUTRASNJU T,CONSUMER DISCRETIONARY
AGRO RAVANGRAD DOO SOMBOR,CONSUMER STAPLES
MOJ KIOSK GROUP DOO,CONSUMER STAPLES
AGROMIN DOO RUMENKA,CONSUMER STAPLES
BOTUNJAC FRIGO D.O.O. VARVARIN,INDUSTRIALS
VODOPRIVREDA DP,INDUSTRIALS
REGINA (FRANJO) HOLO,CONSUMER STAPLES
SAGA DOO BEOGRAD,INFORMATION TECHNOLOGY
DAREX DOO NOVI SAD,CONSUMER STAPLES
PETRUZALEK DOO BEOGRAD,INDUSTRIALS
VIZIM SUPPORT OFFICE DOO BEOGRAD,INDUSTRIALS
ALFA COLOR DOO KRAGUJEVAC,INDUSTRIALS
ELEKTROMETAL PLUS DOO BEOGRAD,INDUSTRIALS
G4S SECURE SOLUTIONS DOO BEOGRAD,INDUSTRIALS
TRANSLOG SISTEM DOO,CONSUMER DISCRETIONARY
BLUE STORE DOO BEOGRAD,CONSUMER DISCRETIONARY
PREDUZECE PUBLIKUM DOO,INDUSTRIALS
KARIN INVEST DOO NOVI SAD,REAL ESTATE
DRUSTVO ZA PROIZVODNJU ULJA,ENERGY
COMPANY SU AZOTARA DOO SUBOTICA,CONSUMER STAPLES
APS AVIATION PARTS SERVICE DOO BEO,INDUSTRIALS
VALTEC DOO BEOGRAD-VRACAR,ENERGY
FASEK DOO NOVI SAD,INDUSTRIALS
DISTRIBUTION SOLUTION DOO PANC,CONSUMER STAPLES
BANINI TRADE DOO KIKINDA - U STECA,CONSUMER STAPLES
AUDAX D.O.O.,NOT RELEVANT
BARKEL DOO CANTAVIR,CONSUMER STAPLES
SECUT ONE DOO,INDUSTRIALS
JP VODOKANAL BECEJ      ,UTILITIES
BOFFETTI BALCAN DOO,INDUSTRIALS
WE SHARE SPACE DOO BEOGRAD,REAL ESTATE
ALGORITAM DOO,INFORMATION TECHNOLOGY
NOVAMAT,INDUSTRIALS
VGP INDUSTRIAL DEVELOPMENT D.O.O.,REAL ESTATE
SERBIAN ROLL SERVICE COMPANY DOO,MATERIALS
VANAS DOO BEOGRAD,INDUSTRIALS
SN-TRADE DOO NOVI SAD,INDUSTRIALS
STEVAN (MILIVOJ) BELJANSKI,CONSUMER STAPLES
ALFANOVA DOO,CONSUMER STAPLES
NOKIA SOLUTIONS AND NETWORKS SERBIA,INFORMATION TECHNOLOGY
HEKTAR DOO DOROSLOVO,CONSUMER STAPLES
GP 5D DOO PANEVLJE VRANJE,INDUSTRIALS
RATKO MITROVIC-STANDARD DOO,NOT RELEVANT
COPEX D.O.O.,CONSUMER STAPLES
DNEVNIK VOJVODINA PRESS D.O.O. NOV,CONSUMER DISCRETIONARY
KONSTRUKTOR GRADNJA DOO BEOGRAD,NOT RELEVANT
CIRA DOO MIONICA,MATERIALS
DADI-CAFE PASCALIN DOO BEOGRAD,CONSUMER STAPLES
DOO ZENIT PRIJEPOLJE,CONSUMER STAPLES
DIV LEK D.O.O. BEOGRAD,HEALTH CARE
BUBIC DOO STARI BANOVCI,INDUSTRIALS
DZ ACIBADEM BEL MEDIC SLAVIJA,HEALTH CARE
TIM 99 DOO BEOGRAD,CONSUMER STAPLES
SECURITY SHOP DOO BEOGRAD,INDUSTRIALS
ARUP DOO BEOGRAD (SAVSKI VENAC),INDUSTRIALS
SUBGROUP NELT,CONSUMER STAPLES
AKRIS DOO CANTAVIR,CONSUMER STAPLES
COPTECH DOO BEOGRAD,INDUSTRIALS
ARPAD TOT PREDUZETNIK T 1 ADA,INDUSTRIALS
PREDUZECE HIDRO-BAZA DOO BEOGRAD,INDUSTRIALS
RECIKLAZNI CENTAR M.M.L. DOO,INDUSTRIALS
TOPACO DOO BEOGRAD,CONSUMER DISCRETIONARY
BARRY CALLEBAUT SOUTH EAST EUROPE,CONSUMER STAPLES
Adria Serbia Holdco B.V.,COMMUNICATIONS
NIS-EKSPRES DOO NIS ?AMURLIJA,INDUSTRIALS
GUMA-PROMET D.O.O.VALJEVO,CONSUMER DISCRETIONARY
PREDUZECE WINNERS COMPANY DOO DUBO,CONSUMER STAPLES
TIM TRADE DOO,MATERIALS
SAGA INVEST DOO BEOGRAD,REAL ESTATE
GROUP DMB PROMET,INDUSTRIALS
GROUP BEOKOM,CONSUMER DISCRETIONARY
TERMOPORD DOO BEOGRAD,INDUSTRIALS
VP   DIMA DOO VELIKA PLANA,CONSUMER STAPLES
KALDERA COMPANY,INDUSTRIALS
SUBGROUP MKG AGRINVESTMENT,CONSUMER STAPLES
SYMETRIA DOO,REAL ESTATE
PIA S DOO BEOGRAD,CONSUMER DISCRETIONARY
MORAVA GAS DOO MORAVCI,CONSUMER DISCRETIONARY
NUTRIAL DOO VRSAC,CONSUMER STAPLES
ZITOBANAT D.O.O. VRSAC,CONSUMER STAPLES
NINI-S 2012 DOO,CONSUMER STAPLES
BEOLIK,INFORMATION TECHNOLOGY
TEHNOEXPORT DOO INDIJA,INDUSTRIALS
DERDAP TURIST D.O.O. KLADOVO,CONSUMER DISCRETIONARY
FRUCT LOGISTIC DOO,INDUSTRIALS
DELTA FEED D.O.O.,CONSUMER STAPLES
AIRPORT CITY DOO BEOGRAD,REAL ESTATE
DRUSTVO SA OGRANICENOM ODGOVORNOSC,CONSUMER STAPLES
JKP GORICA NIS,INDUSTRIALS
EVERGREEN FOR DEVELOPMENT B.V. OGRA,INDUSTRIALS
GENERAL-AUTO DOO NOVI SAD - U STEC,CONSUMER DISCRETIONARY
GRAND LINE DOO - U STECAJU,INDUSTRIALS
EKI PAY DOO,FINANCIALS
NASA SKOLA AD OBRENOVAC,INDUSTRIALS
AQUARIS DOO BEOGRAD - U PRINUDNOJ,CONSUMER STAPLES
TP VUCIJAK DOO UB,INDUSTRIALS
UNIFARM-MEDICOM DOO BEOGRAD,HEALTH CARE
NEW LOG DOO - U STECAJU,INDUSTRIALS
GRUNDFOS SRBIJA DOO,INDUSTRIALS
DELHAIZE SERBIA DOO BEOGRAD,CONSUMER STAPLES
I - CARGO INC SREMSKA MITROVICA,INDUSTRIALS
PVC PROFIL CENTAR PRISLONICA DOO,INDUSTRIALS
ROCHE D.O.O.,HEALTH CARE
"MILENKOVIC DOO BEOGRAD, OBRENOVAC",INDUSTRIALS
EKSPLOZIVI RUDEX D.O.O. BEOGRA,INDUSTRIALS
HIDROOPREMA DOO SABAC,INDUSTRIALS
BM TRGOVINA DOO PARACIN,CONSUMER STAPLES
MIRARO DOO BEOGRAD,INDUSTRIALS
AMETEK,INDUSTRIALS
TERI ENGINEERING DOO BEOGRAD,INFORMATION TECHNOLOGY
ELEKTRO ENERGY DOO BEOGRAD,INDUSTRIALS
DANONE ADRIATIC DOO BEOGRAD - U LI,CONSUMER STAPLES
PREDUZECE NIJANSA DOO NIS,MATERIALS
RUBIN AD KRUSEVAC,NOT RELEVANT
MG PROMET DOO NOVI SAD,CONSUMER STAPLES
BUDUCNOST AD NOVI SAD,INDUSTRIALS
MENTA D.O.O.U STECAJU CACAK,NOT RELEVANT
BASTA-PROMET DOO NOVI SAD,CONSUMER STAPLES
"INSERT DOO, RUMA",CONSUMER DISCRETIONARY
GROUP VEGA IT SOURCING,INFORMATION TECHNOLOGY
PLAMEN DOO,INDUSTRIALS
MORAVACEM,MATERIALS
HUAWEI TECHNOLOGIES DOO BEOGRAD,INFORMATION TECHNOLOGY
DATA STATUS,COMMUNICATIONS
ECO RUBBER DOO,INDUSTRIALS
LIST COMPUTERS DOO BEOGRAD,CONSUMER DISCRETIONARY
group karin invest,INDUSTRIALS
ACETIK DOO BEOGRAD,INDUSTRIALS
MYCOM BALKAN DOO,INDUSTRIALS
NELT PROPERTIES D.O.O.,CONSUMER STAPLES
GROUP PROTON SYSTEM,HEALTH CARE
BMS CHEMIE DOO BEOGRAD,MATERIALS
GREINER RECYCLING DOO NOVA GAJDOBRA,INDUSTRIALS
GROUP MINOTTi,CONSUMER DISCRETIONARY
SGS BEOGRAD DOO BEOGRAD,INDUSTRIALS
TRIFEKS DOO BEOGRAD,INDUSTRIALS
ERS PALACE DOO,REAL ESTATE
METALSKA INDUSTRIJA VARAZDIN-TRADE,INDUSTRIALS
PROSTOR JKP SOMBOR,REAL ESTATE
FORMAPHARM ENGINEERING GROUP DOO,INDUSTRIALS
JP PUTEVI SRBIJE,INDUSTRIALS
DOBRAVAC - U STECAJU,NOT RELEVANT
HRANA PRODUKT DOO,CONSUMER STAPLES
AD PD JEDINSTVO ZABALJ - U LIKVIDA,NOT RELEVANT
GRADSKA TOPLANA PIROT,UTILITIES
PIK-BECEJ DOO BECEJ,CONSUMER STAPLES
ANDEX DOO SUBOTICA,REAL ESTATE
ALL CONTROL D.O.O.,INDUSTRIALS
BRETHIL WOOD,MATERIALS
SPAJIC DOO NEGOTIN,INDUSTRIALS
`OCULUS` BEOGRAD,HEALTH CARE
PROMANDS DOO,CONSUMER STAPLES
ADDUCO TRADING D.O.O.,ENERGY
SIMIL SZR ILIC MIROSLAV PREDUZETNI,CONSUMER DISCRETIONARY
GANGYUAN CO.,MATERIALS
TEKIJANKA DOO TEKIJA,CONSUMER STAPLES
PREDUZECE STOJIC ELEKTRIK DOO CACA,INDUSTRIALS
ORIFLAME KOZMETIKA DOO BEOGRAD,CONSUMER STAPLES
HENKEL SRBIJA DOO BEOGRAD,CONSUMER STAPLES
OSNOVA-PROJEKT AD BEOGRAD,INDUSTRIALS
DEUS BUSINESS GROUP DOO BEOGRAD,MATERIALS
MILSPED DOO BEOGRAD,INDUSTRIALS
ELIXIR NATURA DOO SABAC,CONSUMER STAPLES
RASCO-TAMP DOO SENTA,INDUSTRIALS
GALERIJA PODOVA DOO,CONSUMER DISCRETIONARY
SUBGROUP LILLY DROGERIE,CONSUMER STAPLES
DELTA-MATIC DOO NIS - U STECAJU,NOT RELEVANT
GENEL SIGURNE VEZE DOO NOVI SAD,CONSUMER DISCRETIONARY
AGENCIJA COLOR MEDIA D.O.O.,CONSUMER DISCRETIONARY
INSPIRION DOO - U LIKVIDACIJI,CONSUMER DISCRETIONARY
VLATACOM INSTITUT DOO BEOGRAD,INDUSTRIALS
IRVA DOO BEOGRAD,NOT RELEVANT
GRADJEVINSKO PREDUZECE NEIMAR DOO,INDUSTRIALS
NP PANIC TRADE DOO,CONSUMER STAPLES
TOPLICAGRADNJA,INDUSTRIALS
KASTRUM DOO PETROVAC NA MLAVI,CONSUMER STAPLES
DOO BIO FISH APATIN,CONSUMER STAPLES
MONTPROJEKT DOO BEOGRAD,INDUSTRIALS
KEY4S DOO,INDUSTRIALS
DOO TIM BANATSKI KARLOVAC,MATERIALS
FKL D.O.O.,INDUSTRIALS
VODOPRIVREDNO PREDUZECE,INDUSTRIALS
PUTEVI DOO IVANJICA,INDUSTRIALS
RPT TRADE DOO BACKA PALANKA,INDUSTRIALS
APOTEKARSKA USTANOVA LEKOFARMA  SA,CONSUMER STAPLES
TPV SUMADIJA DOO KRAGUJEVAC,CONSUMER DISCRETIONARY
IMPULS-HEMIJA D.O.O. NOVI SAD,CONSUMER STAPLES
MAGNA FIT DOO,CONSUMER DISCRETIONARY
GROUP POLET,INDUSTRIALS
SUBGROUP ASA SERBIA,INDUSTRIALS
subgroup atb,INDUSTRIALS
KAPPA STAR RECYCLING DOO UMKA,INDUSTRIALS
GALEB METAL PACK DOO SABAC,MATERIALS
SINFONIKA - U STECAJU,NOT RELEVANT
NERA DOO NEGOTIN   - U PRINUDNOJ L,CONSUMER DISCRETIONARY
GALENIKA-FITOFARMACIJA AD BEOGRAD,MATERIALS
MB 100 - U STECAJU,CONSUMER DISCRETIONARY
MERKUR-INTERNATIONAL D.O.O. BEOGRA,CONSUMER DISCRETIONARY
DOO AGRODINAMIKA SIRIG,CONSUMER STAPLES
EURO MOTUS DOO BEOGRAD,ENERGY
MOTOSPEED DOO BEOGRAD,MATERIALS
KROKUS DOO GOLOBOK,INDUSTRIALS
GROUP KIT COMMERCE,CONSUMER DISCRETIONARY
3S INVEST DOO NIS,HEALTH CARE
COTEXSA D.O.O.,CONSUMER DISCRETIONARY
PALFINGER PROIZVODNJA,INDUSTRIALS
S-NINE TRADE,CONSUMER STAPLES
EUROGUMA-BBS DOO BEOGRAD - U STECA,CONSUMER DISCRETIONARY
IVERPAN D.O.O.,CONSUMER DISCRETIONARY
SAGA DRVO DOO BEOGRAD,MATERIALS
KLUZ-TISA AD,NOT RELEVANT
JUGO-IMPEX DOO NIS,MATERIALS
GROUP A-GRUPA,NOT RELEVANT
INDUSTRIJA GRADJEVINSKOG MATERIJALA,MATERIALS
HECK DOO NOVI SAD,INDUSTRIALS
GROUP PIP ,CONSUMER STAPLES
UGS PRO DOO BEOGRAD  SAVSKI VENAC,CONSUMER STAPLES
JKP PARKING SERVIS NOVI SAD,INDUSTRIALS
DUNA STEEL COMPANY DOO - U PRINUDN,MATERIALS
STIM GRADNJA DOO BEOGRAD - U STECA,INDUSTRIALS
TOP STOP AUTO DOO NOVI SAD,CONSUMER DISCRETIONARY
CINEPLEXX SRB,COMMUNICATIONS
MILSPED AML,INDUSTRIALS
SUBGROUP PHOENIX PHARMA,HEALTH CARE
GROUP ELIXIR,MATERIALS
SENTA-PROMET TP PO A.D.,CONSUMER STAPLES
TEAMEDICAL DOO,HEALTH CARE
ZZ STO-VET STARI ZEDNIK,CONSUMER STAPLES
KOMPONENT COMMERCE DOO KIKINDA,CONSUMER STAPLES
ROAMING ELECTRONICS DOO BEOGRAD,CONSUMER DISCRETIONARY
TIKI DOO,INDUSTRIALS
DIPeM CACAK,CONSUMER DISCRETIONARY
EYESEE D.O.O.,COMMUNICATIONS
DTL DOO BEOGRAD,CONSUMER STAPLES
INTERNATIONAL NEW VISION UNION DOO,CONSUMER DISCRETIONARY
LAZIC-POLJO KOMERC DOO GOLUBINCI,CONSUMER STAPLES
GLOBULINKS ZAPADNI BALKAN,INDUSTRIALS
KOKTEL-PJESCIC-POPOVIC DOO,CONSUMER STAPLES
INVICTUS SYSTEM TRANSPORT &,INDUSTRIALS
MIN LOKOMOTIVA AD NIS - U STECAJU,NOT RELEVANT
LANUS DOO BEOGRAD,INFORMATION TECHNOLOGY
MEDILINK DOO,CONSUMER DISCRETIONARY
GROUP MORAVA KG,CONSUMER STAPLES
JP NISSTAN NIS,INDUSTRIALS
BEOGRADSKA PEKARSKA INDUSTRIJA D.O,NOT RELEVANT
METALAC-PROLETER AD,CONSUMER STAPLES
NEW MOMENT IDEAS INVESTMENT DOO BE,CONSUMER DISCRETIONARY
BUSINESS PARK DOO,REAL ESTATE
IZDAVACKA KUCA FRESKA DOO BEOGRAD,COMMUNICATIONS
PLANETA SPORT D.O.O. BEOGRAD,CONSUMER DISCRETIONARY
TRGOCENTAR 94 DOO RUMA,MATERIALS
KONVOJ - TRANS DOO KRAGUJEVAC,CONSUMER STAPLES
PBD UNION DOO,CONSUMER DISCRETIONARY
IBM-INTERNATIONAL BUSINESS MACHINE,INFORMATION TECHNOLOGY
PLANET BIKE CO. DOO,CONSUMER DISCRETIONARY
PRIMERO RENT A CAR D.O.O.,INDUSTRIALS
METALAC A.D.,CONSUMER DISCRETIONARY
P.S. TELEFONIJA AD BEOGRAD U STECA,INFORMATION TECHNOLOGY
LAGER - U STECAJU,INDUSTRIALS
V.B.R. & CO - U STECAJU,NOT RELEVANT
MST INTERNATIONAL DOO BEOGRAD,HEALTH CARE
AUTOSRBIJA AD BEOGRAD,NOT RELEVANT
GROUP FEROMONT INZENJERING,NOT RELEVANT
GRANEXPORT DOO PANCEVO,CONSUMER STAPLES
ZAGREBTRANS D.O.O.,INDUSTRIALS
AS-PREVOZ DOO BAJINA BASTA,CONSUMER STAPLES
AUTOPREVOZ DP,INDUSTRIALS
HODLMAYR ZASTAVA DOO KRAGUJEVAC,INDUSTRIALS
ABB DOO,INDUSTRIALS
SEBASTIJAN LIMARIJA JEDINSTVO EMI,INDUSTRIALS
JAKOB BECKER,INDUSTRIALS
GORAN BOGDANOVIC PR BOGDANOVIC MEA,CONSUMER STAPLES
LIGHT STUDIO,NOT RELEVANT
MIMA KOMERC DOO BEOGRAD,INDUSTRIALS
GROUP LOGO BEOGRAD,INDUSTRIALS
COMTRADE DISTRIBUTION,INFORMATION TECHNOLOGY
AUTO REAL DOO - U LIKVIDACIJI,CONSUMER DISCRETIONARY
CH-AVIATION SOLUTIONS DOO BEOGRAD,INDUSTRIALS
NEW IMOBILIA DEVELOP DOO BEOGRAD,REAL ESTATE
EURO LINE DOO VUCKOVICA,CONSUMER STAPLES
TIM-COP DOO TEMERIN,INDUSTRIALS
YUBC INVEST D.O.O. BEOGRAD,MATERIALS
PATECH DOO - U PRINUDNOJ LIKVIDACI,INFORMATION TECHNOLOGY
CYNK-MAL DOO ALEKSINAC U LIKVIDACI,INDUSTRIALS
STUDIO MODERNA D.O.O.,CONSUMER DISCRETIONARY
DURIC-DOBRAVAC DOO SABAC,CONSUMER STAPLES
PANTELIC DOO KRALJEVO,CONSUMER STAPLES
NOVI OKOV DOO,INDUSTRIALS
VINARIJA ALEKSANDROVIC DOO VINCA,CONSUMER STAPLES
PREDSTAVNISTVO DONAUCHEM GMBH,MATERIALS
GROUP AUTO MIRKOS,CONSUMER DISCRETIONARY
STYLINE,CONSUMER STAPLES
VIBRANT DOO,CONSUMER DISCRETIONARY
SUMADIJA OMEGA DOO PIROMAN,MATERIALS
RADIX DOO BEOGRAD,CONSUMER STAPLES
SOKO INZINJERING DOO NOVI BEOGRAD,INDUSTRIALS
SB FERONA NOVI SAD,HEALTH CARE
LUXOL SINCE 1884,CONSUMER STAPLES
VALJAONICA BAKRA SEVOJNO AD SEVOJN,MATERIALS
IBIS-SOLUTIONS,INFORMATION TECHNOLOGY
MINERAL PRO DOO BEOGRAD,MATERIALS
KONVAR DOO BEOGRAD,INDUSTRIALS
MERCATA VT DOO,CONSUMER STAPLES
YETTEL D.O.O.,COMMUNICATIONS
ASTRA TELEKOM DOO BEOGRAD,COMMUNICATIONS
BELCOM DOO GORNJI MILANOVAC - U ST,MATERIALS
7. JULI PROMET DOO VRANJE,CONSUMER STAPLES
KTC DOO SUBOTICA - U LIKVIDACIJI,CONSUMER STAPLES
UNITEH A.D. ZA PROIZVODNJU KOMPRESO,INDUSTRIALS
group morava in doo krusevac,INDUSTRIALS
STATIK,INDUSTRIALS
STRATEMIS DOO,INDUSTRIALS
ELIXIR GROUP DOO,MATERIALS
ART PETROL DOO,CONSUMER DISCRETIONARY
NEW CITY MARKET DOO,CONSUMER STAPLES
GROUP gAMA CONSULTING,INDUSTRIALS
KORPORION PARK DOO,REAL ESTATE
ALMANI KOKO D.O.O. - U PRINUDNOJ L,INDUSTRIALS
KUK SRBIJA DOO BEOGRAD,CONSUMER STAPLES
KS SPEDITION & LOGISTIC DOO BEOGRA,INDUSTRIALS
IVDAM PROCESS CONTROL DOO BEOGRAD,INDUSTRIALS
JKP GRADSKI VODOVOD PROKULJE,UTILITIES
IMPACT CORPORATION DOO,INDUSTRIALS
NIMAX INVEST DOO,REAL ESTATE
PREDUZEzE KT SATORI DOO KRAGUJEVAC,CONSUMER DISCRETIONARY
BIRO - STEVANOVIC DOO PROKUPLJE,INDUSTRIALS
MLEKARA   GLOZANE,CONSUMER STAPLES
DENEZA M INZENJERING DOO BEOGRAD,INDUSTRIALS
AGROLEK DOO NOVI SAD,CONSUMER STAPLES
SKALA GARDEN  DOO SUBOTICA,MATERIALS
MOLIMENTUM D.O.O.,INDUSTRIALS
HOME PLUS DOO BEOGRAD - U STECAJU,CONSUMER DISCRETIONARY
AVE&VETMEDIC DOO BEOGRAD-CUKARICA,HEALTH CARE
STARBACO DOO,CONSUMER DISCRETIONARY
STING DOO PETROVAC,CONSUMER DISCRETIONARY
SUBGROUP SCP,MATERIALS
LIDL Srbija KD,CONSUMER STAPLES
SPEDTRANS WORLD DOO BEOGRAD,INDUSTRIALS
SRPSKA FONDACIJA ZA PREDUZETNISTVO,NOT RELEVANT
BB COMPANY,CONSUMER STAPLES
BMD BAU DOO BEOGRAD,INDUSTRIALS
MARS DOO BEOCIN,INDUSTRIALS
TIS-UNIVER SAVIC DOO,INDUSTRIALS
DRUSTVO SA OGRANICENOM ODGOVORNOSCU,CONSUMER DISCRETIONARY
AUTO BENUSSI DOO BEOGRAD,INDUSTRIALS
AMS-UNION DOO TRSTENIK,INDUSTRIALS
SMC INDUSTRIAL AUTOMATION D.O.O.,INDUSTRIALS
RAAVEX-GROUP DRUSTVO,CONSUMER DISCRETIONARY
BIOESEN DOO KULA,CONSUMER STAPLES
IRON MOUNTAIN DOO NOVI BANOVCI,INDUSTRIALS
VD DUNAV AD,INDUSTRIALS
TRNAVA PROMET DOO KRAGUJEVAC,CONSUMER STAPLES
FARMALOGIST DOO BEOGRAD,HEALTH CARE
STABILNA GRADNJA 2016 DOO,MATERIALS
ABBVIE,HEALTH CARE
LIDER FRIGO,INDUSTRIALS
OPSTA BOLNICA EUROMEDIK 2,HEALTH CARE
GROUP DAYS IN COLOURS,CONSUMER STAPLES
QUALITY AUSTRIA CENTER,INDUSTRIALS
KIOSK MERKUR PRES DOO POZAREVAC,CONSUMER DISCRETIONARY
MEDICO UNO PREDUZECE ZA TRGOVINU D.,NOT RELEVANT
NIKSA KOMERC DOO BEOGRAD,NOT RELEVANT
RTB BOR GRUPA RBB DOO U RESTRUKTUIR,NOT RELEVANT
VLADO BAUMASCHINEN D.O.O.,INDUSTRIALS
LIBERTAS DOO BEOGRAD,CONSUMER STAPLES
ADRIA MEDIA GROUP DOO,COMMUNICATIONS
JKP INFOSTAN TEHNOLOGIJE BEOGRAD,INFORMATION TECHNOLOGY
GROUP AGROFARM,CONSUMER DISCRETIONARY
ST.MARK,CONSUMER STAPLES
ZEPTER SHIPYARD IMMO D.O.O. BE,REAL ESTATE
DUMICO DOO BEOGRAD,CONSUMER STAPLES
TRANSPORT BROWELL NN DOO,INDUSTRIALS
BVG KOMERC DOO LESKOVAC,CONSUMER STAPLES
GROUP SILBO,CONSUMER STAPLES
DOO PIP NOVI SAD,CONSUMER STAPLES
BLUMEN MARKET DOO,CONSUMER DISCRETIONARY
CTP INVEST,REAL ESTATE
BAVARIA TEAM DOO CACAK,CONSUMER DISCRETIONARY
AUSTRIJSKI INSTITUT DOO BEOGRAD,CONSUMER DISCRETIONARY
AWT INTERNATIONAL D.O.O. BEOGRAD,CONSUMER STAPLES
"KOMPANIJA SIMPO ZA PROIZVODNJU, PRO",CONSUMER DISCRETIONARY
RATKO MITROVIC - DEDINJE DOO BEOGR,INDUSTRIALS
BAZIS GRUPA,NOT RELEVANT
BEOGRAF- BUKULJA,NOT RELEVANT
TELESIGN D.O.O. BEOGRAD,INFORMATION TECHNOLOGY
ALEBRA DOO,CONSUMER STAPLES
FEROMONT INZENJERING DOO BEOGRAD,INDUSTRIALS
JERRY CATERING SERVICE DOO,CONSUMER DISCRETIONARY
LADY F DOO BEOGRAD,CONSUMER DISCRETIONARY
TEHNOUNION-EXIM DOO SREMSKA KAMENI,INDUSTRIALS
GOLDEN BEAUTY SHOP DOO PANCEVO,CONSUMER STAPLES
MAJESTIC DOO BEOGRAD,CONSUMER DISCRETIONARY
M & B TRANS DOO,INDUSTRIALS
TREF STR,CONSUMER STAPLES
LOGOPORTO DOO BEOGRAD,INDUSTRIALS
ZORKA BPD DOO,MATERIALS
FORTUNA DIGITAL DOO,INDUSTRIALS
TOP DEISA,CONSUMER STAPLES
MG GROUP RECRUITMENT,INDUSTRIALS
SOLE-KOMERC DOO,CONSUMER STAPLES
DOO EURO LIN PARACIN,INDUSTRIALS
RONALD (ROBERT) HOLO,CONSUMER STAPLES
VULIN-COMERC D.O.O.,CONSUMER STAPLES
MOKINT S - U PRINUDNOJ LIKVIDACIJI,NOT RELEVANT
PANON PLUS - U STECAJU,NOT RELEVANT
LAFARGE BETON DOO BEOGRAD,MATERIALS
MV JONA DOO BEOGRAD,MATERIALS
FOND ZA RAZVOJ REPUBLIKE SRBIJE,FINANCIALS
TAHAL GROUP B.V. OGRANAK,INDUSTRIALS
SQUADRA DOO BEOGRAD,CONSUMER STAPLES
GROUP TRANSPORTSPED,INDUSTRIALS
GAMA CONSULTING DOO PROKUPLJE,INDUSTRIALS
ZIG TRADE DOO,INDUSTRIALS
ARSENOVIC  D00 SABAC,CONSUMER STAPLES
ROLAND (ROBERT) HOLO,CONSUMER STAPLES
SILBO DOO BEOGRAD,CONSUMER STAPLES
DESPOS DOO SABAC,INDUSTRIALS
POLIKLINIKA EUROMEDIC-DIAGNOSTIC,HEALTH CARE
DIMIDIJUS PHARM DOO BEOGRAD,HEALTH CARE
ADAM-SPED SYSTEM DOO,INDUSTRIALS
AD IMLEK,CONSUMER STAPLES
TEHNOLINK DOO,INDUSTRIALS
ATRIKOD DOO KRUSEVAC,INDUSTRIALS
UNITED CLOUD DOO BEOGRAD,INFORMATION TECHNOLOGY
GIRTPRO INZENJERING D.O.O. BEOGRAD,INDUSTRIALS
B&N DIZAJN DOO PANCEVO,CONSUMER DISCRETIONARY
Sirmium Steel d.o.o. - technikai,MATERIALS
BAUER+BAUER DOO BEOGRAD,CONSUMER DISCRETIONARY
BEXX LOGISTIC DOO,INDUSTRIALS
GUCA INDUSTRIJSKI KOMBINAT AD,CONSUMER STAPLES
KRP DOO NOVI SAD,NOT RELEVANT
STAV DOO PRIZREN,CONSUMER DISCRETIONARY
HEMOFARM DOO SABAC,HEALTH CARE
NATURA TRADE DOO,MATERIALS
TIM W.E. SEE DOO BEOGRAD - U STECA,INFORMATION TECHNOLOGY
LINDEN PVK D.O.O. - U PRINUDNOJ LI,CONSUMER STAPLES
FLINT GROUP BALKAN DOO GORNJI MILA,MATERIALS
GROUP DOBERGARD,INDUSTRIALS
PHYTOCARE DOO,CONSUMER STAPLES
EUROSALON FABRIKA DOO BEOGRAD,CONSUMER DISCRETIONARY
DOO ANDREJA TEMERIN,CONSUMER DISCRETIONARY
GLOBAL SEED D.O.O. CURUG,CONSUMER STAPLES
AD SIGMA BEOGRAD,INDUSTRIALS
DON DON DOO BEOGRAD,CONSUMER STAPLES
GROUP MANEKS,INDUSTRIALS
IVKOVIC DOO BOLEC,CONSUMER DISCRETIONARY
DELTA PREVING DOO BEOGRAD,INDUSTRIALS
LABTEH DOO BEOGRAD,HEALTH CARE
SAMOSTALNO TRGOVINSKO KOMISIONA RA,CONSUMER STAPLES
APA DOO APATIN,CONSUMER STAPLES
NEVENA COLOR DOO LESKOVAC,MATERIALS
LUXOR CO  PREDUZECE ZA PROIZVODNJU,NOT RELEVANT
MAKPETROL DOO BEOGRAD,NOT RELEVANT
MAGNA SEATING D.O.O.,CONSUMER DISCRETIONARY
PEK - PETROL DOO KUCEVO,NOT RELEVANT
GP ARADINOVIC DOO,INDUSTRIALS
PODGORINA FRUCHT DOO,CONSUMER STAPLES
TENFORE DOO,FINANCIALS
DOMING DOO SIMANOVCI,INDUSTRIALS
UNIPLAST-ZIVANOVIC DOO JELENCA,CONSUMER DISCRETIONARY
JAT AIRWAYS SRBIJA I CRNA GORA JP P,CONSUMER DISCRETIONARY
D.M.B. PROMET DOO BEOGRAD,INDUSTRIALS
TRES MONTANA DOO BEOGRAD,CONSUMER DISCRETIONARY
LOVACKO UDRUZENJE DRAGACEVO GUCA,NOT RELEVANT
GETRACO DOO BOLJEVCI,CONSUMER STAPLES
E-SMART SYSTEMS DOO BEOGRAD,INFORMATION TECHNOLOGY
ADRIA TRGOVINA,CONSUMER STAPLES
KIMBY-CO DOO,CONSUMER STAPLES
OBW GRADNJA,INDUSTRIALS
EUROFOAM SUNDJERI DOO NOVA PAZOVA,MATERIALS
"ENEL PS DOO,  NOVI BEOGRAD",INFORMATION TECHNOLOGY
BIO UNA DOO NOVI SAD,INDUSTRIALS
ALEKSIC  DR NEMANJA ADVOKAT,INDUSTRIALS
RESINEX SRBIJA DOO BEOGRAD,MATERIALS
MONARH DOO BEOGRAD (VRACAR),INDUSTRIALS
A.M.A. GROUP BEOGRAD,INDUSTRIALS
MARNI D.O.O. KRUSEVAC,CONSUMER STAPLES
RATKO MITROVIC,NOT RELEVANT
SIMEXGROUP DOO SUBOTICA,CONSUMER STAPLES
CMS REICH-ROHRWIG HAINZ DOO BEOGRA,INDUSTRIALS
JUST PAPER DOO BEOGRAD,MATERIALS
PP SOMBOR D.O.O.,NOT RELEVANT
PREDUZECE DRENOVAC DOO MIROSALJCI,CONSUMER STAPLES
POSLOVNI CENTAR CITY PASSAGE - UDR,NOT RELEVANT
SUBGROUP SINTELON,INDUSTRIALS
MINEL GENERAL ELECTRIC,INDUSTRIALS
LYCTUM,INDUSTRIALS
BIO SAVE LAB NS,HEALTH CARE
CIAK TRUCK,CONSUMER DISCRETIONARY
AGROHIM & KEMOIMPEX DOO,CONSUMER DISCRETIONARY
GROUP DJAK,CONSUMER DISCRETIONARY
AGROPANONKA MTZ FINKE DOO NOVI SAD,INDUSTRIALS
GROUP COMTRADE,INFORMATION TECHNOLOGY
DELTA AUTOMOTO DOO,CONSUMER DISCRETIONARY
CONING - PPI DOO NOVI SAD,HEALTH CARE
PROMONT GROUP DOO NOVI SAD,INDUSTRIALS
SMKR-SASA DOO BEOGRAD,CONSUMER STAPLES
SUN CHEMICAL PRINTING INK DOO BEOG,NOT RELEVANT
ELEKTRODISTRIBUCIJA SRBIJE,UTILITIES
GOMBIT DOO BEOGRAD,CONSUMER STAPLES
BIBO-CAR DOO POZAREVAC,CONSUMER DISCRETIONARY
X-TRADE DOO JAGODINA,CONSUMER DISCRETIONARY
GRAFIPROF DOO BEOGRAD,NOT RELEVANT
ABT LOGISTIC 2021 DOO,INDUSTRIALS
EXTREME DOO BEOGRAD,INFORMATION TECHNOLOGY
SOT DOO BEOGRAD,INDUSTRIALS
SITOPLAST DOO,INDUSTRIALS
GROUP GEINARRO,CONSUMER DISCRETIONARY
SQUADRA  GROUP,CONSUMER DISCRETIONARY
DUNEX DOO BEOGRAD,INDUSTRIALS
IGT DOO CACAK,MATERIALS
MULTIVAC,INDUSTRIALS
BRACA CRNOMARKOVIC D.O.O. STARI BA,CONSUMER DISCRETIONARY
THE END OF LINE DOO BEOGRAD,MATERIALS
TRGOVINA TRLIC,CONSUMER STAPLES
NATASA DRLJACA PREDUZETNIK DRAGSTO,CONSUMER STAPLES
NS PLAKAT DOO NOVI SAD,INDUSTRIALS
PC CENTAR DOO BEOGRAD,INFORMATION TECHNOLOGY
GROUP ZELVOZ GOSA,INDUSTRIALS
DINAMIKA DOO NOVI SAD,INDUSTRIALS
PALLADIO EAST DOO VRSAC,MATERIALS
SLOBODNA ZONA BEOGRAD AD,NOT RELEVANT
NPCO DOO BEOGRAD,NOT RELEVANT
PWW LESKOVAC DOO,INDUSTRIALS
ECOLAND DOO SMEDEREVO,NOT RELEVANT
GRAIN D.O.O. BEOGRAD U LIKVIDACIJI,INDUSTRIALS
Subroup Alas Serbia,MATERIALS
TEHNOKOMERC DOO KRUSEVAC,INDUSTRIALS
KEPO DOO KOSJERIC,INDUSTRIALS
DOO MB KOMERC RUMA,CONSUMER STAPLES
UNIVERZITET PRIVREDNA AKADEMIJA U,CONSUMER DISCRETIONARY
VERMAX-ALATI DOO BEOGRAD,INDUSTRIALS
GLOVOAPP TECHNOLOGY D.O.O.,CONSUMER DISCRETIONARY
DELTA REAL ESTATE DOO BEOGRAD,REAL ESTATE
GROUP EUROMEDIC POLIKLINIKA,HEALTH CARE
UNCONDITIONAL,CONSUMER STAPLES
DZ EUROMEDIK BEOGRAD,HEALTH CARE
MDS INFORMATICKI INZENJERING DOO B,INFORMATION TECHNOLOGY
MCF MEGACOM FILM DOO BEOGRAD,COMMUNICATIONS
BUSES AND COACHES DOO,CONSUMER DISCRETIONARY
STRUJA DOO NOVI SAD,INDUSTRIALS
LAFARGE GIPS BEOCIN D.O.O.,MATERIALS
TALUM DOO SABAC,MATERIALS
FITEKS D.O.O. BEOGRAD,CONSUMER DISCRETIONARY
VEKIC CHOCOLATE DOO TEMERIN - U ST,NOT RELEVANT
KNAUF AMF DOO BEOGRAD,INDUSTRIALS
MG OIL DOO BEOGRAD,ENERGY
TDR DOO BEOGRAD - U LIKVIDACIJI,CONSUMER STAPLES
PENTAKS TT DOO SABAC,CONSUMER DISCRETIONARY
DINAKOM D.O.O.,NOT RELEVANT
MUSTANG DOO PIROT,CONSUMER STAPLES
PREDUZECE AD DOO SABAC,INDUSTRIALS
"METEOR SN BIRO D.O.O, BEOGRAD",INDUSTRIALS
AVE PHARMACEUTICAL DOO,CONSUMER STAPLES
ZLATAR DOO MRAMORAK,CONSUMER STAPLES
BEO DRAGOS DOO BEOGRAD,MATERIALS
TAUROLL DOO BEOGRAD,INDUSTRIALS
ETAZ DOO BEOGRAD,INDUSTRIALS
PIJACA JP LESKOVAC,NOT RELEVANT
SLOBODA DOO,CONSUMER STAPLES
NIK PRO DOO - U STECAJU,CONSUMER STAPLES
ROX-BG DOO BEOGRAD,CONSUMER DISCRETIONARY
ALKALOID SEE DOO BEOGRAD,INDUSTRIALS
INTER-KOMERC DOO RACA,CONSUMER STAPLES
JAVORNIK DOO SUBOTICA,INDUSTRIALS
MASINOPROJEKT KOPRING A.D. BEOGRAD,INDUSTRIALS
XLS,CONSUMER DISCRETIONARY
GROUP RADIX,CONSUMER STAPLES
MEGAMARKET DOO SMEDEREVSKA PALANKA,CONSUMER STAPLES
THE FUN & FIT COMPANY DOO BEOGRAD,CONSUMER STAPLES
AUTO MIG DOO NIS,CONSUMER DISCRETIONARY
TP TRANSKOM 94 DOO SABAC,CONSUMER STAPLES
TOLOKA,INFORMATION TECHNOLOGY
EURO-PEN,NOT RELEVANT
EURO LIFE DOO BEOGRAD,NOT RELEVANT
NECKERMANN D.O.O.,NOT RELEVANT
AGRICOM COMPANY GROUP DOO,CONSUMER STAPLES
POLIFIN DOO ZEMUN,CONSUMER STAPLES
AD IGM RUMA RUMA,MATERIALS
DEM DOO KULPIN,CONSUMER STAPLES
ZORIC DOO,CONSUMER STAPLES
ARC INTERNATIONAL DOO BEOGRAD,CONSUMER DISCRETIONARY
STOVARISTE JAKOVLJEVIC DOO,MATERIALS
ENERGY NET DOO,INDUSTRIALS
GROUP FARMALOGIST (ERGO WBS),HEALTH CARE
ZOREX PHARMA DOO SABAC,HEALTH CARE
EWE COMP DOO BEOGRAD ZEMUN,INFORMATION TECHNOLOGY
EHOM DOO BEOGRAD,CONSUMER DISCRETIONARY
FURNIS DOO,CONSUMER DISCRETIONARY
DANUBE PETFOODS D.O.O.,CONSUMER STAPLES
MOJA ZLATNA RAVNICA,CONSUMER STAPLES
BANJA KOMERC BEKAMENT DOO BANJA AR,MATERIALS
FRIGLO,CONSUMER STAPLES
KOLOR GRADNJA DOO BEOGRAD,MATERIALS
PAN LINE DOO BEOGRAD,INDUSTRIALS
BMI ADRIATIC D.O.O. - U LIKVIDACIJ,NOT RELEVANT
BOBEX DOO BEOGRAD,CONSUMER DISCRETIONARY
ZITKO AD  BACKA TOPOLA,NOT RELEVANT
METAL-INVEST DOO MIONICA,INDUSTRIALS
PRO SERVICES BEOGRAD - U LIKVIDACI,INDUSTRIALS
STING-DSN DOO POZAREVAC - U LIKVID,NOT RELEVANT
MEDIA II - U STECAJU,NOT RELEVANT
GLOSSY MEDIA DOO BEOGRAD,CONSUMER DISCRETIONARY
AUTOKOMERC S STEFANOVIC ZELJKA KD,INDUSTRIALS
PIPELIFE SERBIA DOO,INDUSTRIALS
"AMAN DOO BEOGRAD, SURCIN",CONSUMER STAPLES
TRECA PETOLETKA,REAL ESTATE
TOP TECH WOODWORKING D.O.O. BEOGRA,INDUSTRIALS
S-GROUP DOO,MATERIALS
GSM 3 G COMPANY DOO BEOGRAD,CONSUMER DISCRETIONARY
OES D.O.O.,INDUSTRIALS
7 JULI DOO SIRIG,CONSUMER STAPLES
GRADITELJ DP,NOT RELEVANT
COMMUNIS DBD BEOGRAD - U LIKVIDACI,NOT RELEVANT
KOMNENOVIC AUTO DOO BEOGRAD - U ST,CONSUMER DISCRETIONARY
DECO DOO VRNJACKA BANJA,INDUSTRIALS
VISA-PROM DOO KANJIZA,MATERIALS
ORTEX URO GROUP DOO PARUNOVAC,INDUSTRIALS
YONEX DOO SREMSKA MITROVICA,INDUSTRIALS
LEXMARK INTERNATIONAL RS D.O.O. -,INFORMATION TECHNOLOGY
PATENT CO DOO MISICEVO,CONSUMER STAPLES
PREDUZECE AUSTROTHERM DOO VALJEVO,INDUSTRIALS
DOO BASTA ZRENJANIN,CONSUMER DISCRETIONARY
KID-TRANS TRADE DOO BEOGRAD,INDUSTRIALS
GROUP LYCTUM DOO BEOGRAD,INDUSTRIALS
ARHI.PRO DOO BEOGRAD,INDUSTRIALS
GREENCHEM RS,INDUSTRIALS
JADRAN DOO BEOGRAD,INDUSTRIALS
MPG PLUS DOO,COMMUNICATIONS
TETRA INZENJERING D.O.O. VALJEVO,INDUSTRIALS
ALFA-PLAM DOO VRANJE,CONSUMER DISCRETIONARY
IZOTEKS DOO BEOGRAD,INDUSTRIALS
VISUAL IMPACT DOO BEOGRAD,INFORMATION TECHNOLOGY
CONEO CONSULTING,INDUSTRIALS
FAVORIT STR JAGODA GAJIC PR,CONSUMER STAPLES
DZERSI DOO,NOT RELEVANT
VINARIJA COKA - U STECAJU,CONSUMER STAPLES
GROUP PAKOM,NOT RELEVANT
STAMPA COMMERCE D.O.O.,NOT RELEVANT
JUKOMERC D.O.O.KRUSEVAC U STECAJU,CONSUMER STAPLES
AGROMONTERRA D.O.O. VRBAS,CONSUMER STAPLES
ZNAMGRAF DOO,MATERIALS
DOO GRUTINI PRESS SOMBOR,CONSUMER STAPLES
MING KOVACNICA A.D. NIS,INDUSTRIALS
HALAS JOZEF DOO ADA-U STECAJU,CONSUMER STAPLES
EUROPEAN CONTRACT LOGISTICS-SERBIA,INDUSTRIALS
ENAT DOO,CONSUMER DISCRETIONARY
PODGORINA-VOCE DOO,CONSUMER STAPLES
NIVEX DOO DOBANOVCI,INDUSTRIALS
KOVILOVACA DOO DESPOTOVAC,MATERIALS
GROUP VIZIJA TIM,MATERIALS
SALVEO DOO BEOGRAD,HEALTH CARE
ROBERT BOSCH DOO BEOGRAD,CONSUMER DISCRETIONARY
JFE SHOJI SERBIA,CONSUMER DISCRETIONARY
VD JUGOKOP-PODRINJE DOO SABAC,INDUSTRIALS
BIZLINK TECHNOLOGY SRB D.O.O.,INDUSTRIALS
TEAMENERGO DOO,INDUSTRIALS
STS TRANS DOO KANJIZA,INDUSTRIALS
ZENTIVA PHARMA D.O.O.,HEALTH CARE
TEI-MC DOO,INDUSTRIALS
JKP PIJACA KRALJEVO,INDUSTRIALS
TEHNOPLAST DOO STARI BANOVCI,INDUSTRIALS
PRODUKT,NOT RELEVANT
GRAND D INZENJERING,INDUSTRIALS
"NEW STEEL D.O.O., BEOGRAD",NOT RELEVANT
PANTA KLAS,CONSUMER STAPLES
SLAVICA (DJORDJE) VESKOV,CONSUMER STAPLES
"COMEX  DOO, SABAC",MATERIALS
KORKOVADO DOO,INDUSTRIALS
ZORKA-OPEKA DOO BEOGRAD,MATERIALS
FIM DOO KANJIZA,ENERGY
YUGOLOGISTICS,INDUSTRIALS
UMKA D.O.O. UMKA,MATERIALS
LM KOMERC D.O.O. OBRENOVAC,INDUSTRIALS
Group CWP Europe,UTILITIES
HOLLEMAN TRANSPORT D.O.O.,INDUSTRIALS
group chemical agrosava,MATERIALS
COPPER COM DOO UZICE,INDUSTRIALS
VESTA TRAILERS DOO,INDUSTRIALS
ERICSSON DOO BEOGRAD,INFORMATION TECHNOLOGY
TOTALENERGIES MARKETING SERBIA DOO,INDUSTRIALS
GROUP DJURDJEVIC,CONSUMER STAPLES
Group PTT Serbia,INDUSTRIALS
ALEKSANDAR GRADNJA,NOT RELEVANT
DP-ZALIV DOO CRVENKA,INDUSTRIALS
SKV INZENJERING DOO - U STECAJU,INDUSTRIALS
CER AD CACAK,INDUSTRIALS
MVM MOTORS DOO PREDUZ.ZA PROM. I S,NOT RELEVANT
BRAJIC ALEKSE SZR PMP SLEPCEVIC,CONSUMER STAPLES
LDM EXPORT-IMPORT DOO BEOGRAD,NOT RELEVANT
UNIVERS-CO DOO BEOGRAD,CONSUMER DISCRETIONARY
PRO-MAX BETON DOO BEOGRAD,INDUSTRIALS
JKP STANDARD VRBAS,UTILITIES
HYPEROPTIC LTD OGRANAK,COMMUNICATIONS
RALU DOO BEOGRAD,INDUSTRIALS
DSM NUTRITIONAL PRODUCTS SRB D.O.O,CONSUMER STAPLES
NBN GROUP D.O.O. BEOGRAD,CONSUMER DISCRETIONARY
DELTA FONDACIJA,NOT RELEVANT
3 TERM DOO,INDUSTRIALS
MARKO-PAN DOO PANcEVO,CONSUMER DISCRETIONARY
DCP-HEMIGAL DOO LESKOVAC,CONSUMER STAPLES
TAS EASTERN EUROPE DOO BEOGRAD,INFORMATION TECHNOLOGY
VIZIJA TIM DOO SABAC,INDUSTRIALS
MONDOLUKA PLUS DOO BEOGRAD,ENERGY
EUROINVEST NS,REAL ESTATE
DOO ALMEX PANCEVO,CONSUMER STAPLES
MSA IP - MILOJEVIC SEKULIC ADVOKAT,INDUSTRIALS
DOO PET MB AGRAR SUBOTISTE,CONSUMER STAPLES
LINIJA TIP DOO,INDUSTRIALS
ACTERRNA DOO BEOGRAD - U STECAJU,HEALTH CARE
OM REKLAMNA AGENCIJA - U STECAJU,NOT RELEVANT
MLADOST AD CUPRIJA - U STECAJU,NOT RELEVANT
AGRO BOGIC D.O.O.,CONSUMER STAPLES
B.G.-PHARM U STECAJU,HEALTH CARE
PANONIJA DOO,CONSUMER STAPLES
AUTO SABAC 2010 DOO SABAC   - U PR,CONSUMER DISCRETIONARY
PK PRODUKT D.O.O.,NOT RELEVANT
SANDERS SH D O O  TEMERIN,CONSUMER STAPLES
ULJARICE BACKA DOO,CONSUMER STAPLES
DOO AGROVET MELENCI,CONSUMER STAPLES
ALPROS RENT DOO,INDUSTRIALS
NN CVETKOVIC AUTOPREVOZ,INDUSTRIALS
MORENO KAFA,CONSUMER STAPLES
AKS DRIVE DOO SABAC,CONSUMER DISCRETIONARY
TECASI DOO KRUSEVAC,INDUSTRIALS
LHR DOO BEOGRAD,INDUSTRIALS
SHADOWNET D.O.O.,INDUSTRIALS
AMSPEC D O O  NOVI SAD,INDUSTRIALS
RWA SRBIJA D.O.O.,CONSUMER STAPLES
DEKRA OUTSOURCING DOO,INDUSTRIALS
VAPOLI DOO VALJEVO,INDUSTRIALS
LADINVEST BEOGRAD,NOT RELEVANT
MLINPEK AD,NOT RELEVANT
INTER-PET DOO BEOGRAD,MATERIALS
INTERLAB EXIM DOO BEOGRAD,HEALTH CARE
VIGINTI,REAL ESTATE
SMART BUILDING TECHNOLOGIES D.O.O.,INDUSTRIALS
WIENERBERGER,INDUSTRIALS
CHEF BOUTIQUE,INDUSTRIALS
RAS INZENJERING NISKOGRADNJA DOO B,INDUSTRIALS
NEPTUN ELECTRONICS DOO BEOGRAD - U,CONSUMER DISCRETIONARY
ARCHANGEL DIGITAL STUDIOS,COMMUNICATIONS
TERMOMONT DOO BEOGRAD,INDUSTRIALS
ANALYSIS,HEALTH CARE
BEAM EUROPE DOO,INDUSTRIALS
SINDIKALNA ORGANIZACIJA LAFARGE BFC,NOT RELEVANT
PAVOR D.O.O.,CONSUMER STAPLES
JPAI HOME,CONSUMER DISCRETIONARY
MILLENNIUM TEAM DOO,INDUSTRIALS
"PALCO DOO, SABAC",CONSUMER STAPLES
INTERALLIS CHEMICALS D.O.O.,INDUSTRIALS
ANANAS E-COMMERCE D.O.O.,CONSUMER DISCRETIONARY
EVRO DOM DOO KAC,MATERIALS
SARCEVIC CO D.O.O. VRBAS,INDUSTRIALS
NORTH AMERICAN DOO BEOGRAD,INDUSTRIALS
EDITA (KALMAN) MUNKAS,CONSUMER STAPLES
MOC PRIRODE KOMERC D.O.O.,CONSUMER STAPLES
TIGAR TRGOVINA D.O.O.,NOT RELEVANT
BRANKO PERISIC AD KRUSEVAC,REAL ESTATE
PETROBUL DOO BEOGRAD,MATERIALS
FERCAM D.O.O.,INDUSTRIALS
KLANICA I PRERADA 808 DOO STARA PA,CONSUMER STAPLES
TOWERS NET DOO BEOGRAD,CONSUMER STAPLES
DAROVI ROKUS DOO,COMMUNICATIONS
FORI TEXTILE SER DOO,CONSUMER DISCRETIONARY
PREDUZECE FOKA DOO GORNJI MILANOVA,MATERIALS
INOS SINMA AD,NOT RELEVANT
ERGOMED DOO NOVI SAD,CONSUMER DISCRETIONARY
YU AGENT DOO BEZDAN,INDUSTRIALS
DOMINO MARKET D.O.O. ARANDELOVAC,CONSUMER STAPLES
HEALTHCARE ALLIANCE D.O.O.BEOGRAD,INDUSTRIALS
MGI DVA DUKATA,INDUSTRIALS
SMURFIT KAPPA AVALA ADA DOO,MATERIALS
ALEKSANDRIJA DOO-BEOGRAD U STECAJU,CONSUMER STAPLES
GROUP MACCHINA GROUP,INDUSTRIALS
JP KIKINDA,INDUSTRIALS
TRIO MOTORS DOO NOVI SAD,CONSUMER DISCRETIONARY
YANFENG INTERNATIONAL AUTOMOTIVE T,CONSUMER DISCRETIONARY
URMA RENT DOO NOVI SAD,REAL ESTATE
DELTA INZENJERING DOO BEOGRAD,INDUSTRIALS
BEO-SPORT SYSTEM DOO BEOGRAD,CONSUMER DISCRETIONARY
SIMMES,CONSUMER STAPLES
SINC NOVATION,INDUSTRIALS
KOTO DOO,INDUSTRIALS
UTP REKIC TRAVEL DOO NOVI PAZAR -,CONSUMER DISCRETIONARY
GENERAL LINE DOO NOVI SAD,NOT RELEVANT
VITAL LINE DOO,NOT RELEVANT
DOO KONZUL NOVI SAD PJ  B.LUKA,CONSUMER STAPLES
TRANSKOP EXPORT-IMPORT PARACIN,INDUSTRIALS
DOO AGROTRADING NOVI SAD,CONSUMER STAPLES
DELISES-HANI DOO VLADICIN HAN,CONSUMER STAPLES
EUROBILD DOO,INDUSTRIALS
VGP PARK ONE D.O.O.,REAL ESTATE
MAG CENTAR DOO BEOGRAD,CONSUMER DISCRETIONARY
COMPACT INDUSTRY DOO SVILAJNAC,INDUSTRIALS
DO-ING DOO BEOGRAD,CONSUMER DISCRETIONARY
AGROSERVICE EGS D.O.O.,INDUSTRIALS
FILI DOO SVILAJNAC,CONSUMER STAPLES
BROCANTE D.O.O.,REAL ESTATE
JAFFA DOO CRVENKA,CONSUMER STAPLES
EBI INTERNATIONAL COMPANY DOO OBRE,INDUSTRIALS
SIGRAD INZENJERING DOO,NOT RELEVANT
TERMOELEKTRANE I KOPOVI KOSTOLAC,NOT RELEVANT
MPI POBEDA DOO ARANDELOVAC,CONSUMER STAPLES
AUTO TEC DOO BEOGRAD - U STECAJU,CONSUMER DISCRETIONARY
TEHNOMARKET DOO PANCEVO,INDUSTRIALS
SI & SI DISTRIBUCIJA DOO,NOT RELEVANT
D.B.T. OKOVI DOO,CONSUMER DISCRETIONARY
PUTEVI CENTAR DOO BEOGRAD,INDUSTRIALS
BIG BANG DOO BEOGRAD - U STECAJU,CONSUMER DISCRETIONARY
IBIS-PETROL DOO RUMA,CONSUMER DISCRETIONARY
ENERGOPROJEKT NISKOGRADNJA,INDUSTRIALS
ARUM DEC,CONSUMER STAPLES
TRLENB DOO BEOGRAD,CONSUMER STAPLES
ADRIA NEW ENERGY DOO,CONSUMER DISCRETIONARY
TELEGROUP DOO,INFORMATION TECHNOLOGY
PHILIP MORRIS OPERATIONS,CONSUMER STAPLES
ARI FRUCT DOO - U STECAJU,CONSUMER STAPLES
TPU NIPS DOO  PARACIN,INDUSTRIALS
ENERGY NET MOBILITY RENT DOO,INDUSTRIALS
GROUP KARTONVAL,MATERIALS
KOZMETIK PLUS DOO NIS,CONSUMER STAPLES
EURODOM DOO BORCA,INDUSTRIALS
SUBGROUP TRECA PETOLETKA,CONSUMER DISCRETIONARY
MESOPROMET DOO,NOT RELEVANT
GALEB GROUP DOO BEOGRAD,INDUSTRIALS
"S.R.M.A. D.O.O., ZEMUN",MATERIALS
PREDUZECE ZA PROIZVODNJU TRGOVINU N,MATERIALS
STUDIO THE PHACTORY DOO VRSAC,MATERIALS
MIDI ORGANIC DOO DONJE GRGURE,CONSUMER STAPLES
TONCEV GRADNJA DOO SURDULICA,INDUSTRIALS
SUBGROUP EUROPARK,INDUSTRIALS
CHS D.O.O.BEOGRAD,INFORMATION TECHNOLOGY
SUBGROUP TELENOR SERBIA,COMMUNICATIONS
MATIC INDUSTRIJA MESA DOO NOVI SAD,CONSUMER STAPLES
ARMART 011 DOO,INDUSTRIALS
NIDEL AGRAR DOO,CONSUMER STAPLES
JUKOMERC BIOPRODUKT D.O.O,NOT RELEVANT
VEOLIA TRANSPORT LUV DOO BEOGRAD,NOT RELEVANT
SAMEX GROUP DOO BEOGRAD - U STECAJ,INDUSTRIALS
RLOL ESTATE 1 DOO,REAL ESTATE
W-LINE DOO BEOGRAD,REAL ESTATE
MATEO TRANS DOO CACAK,INDUSTRIALS
GROUP KEPROM AKSA DOB,CONSUMER DISCRETIONARY
VIN FARM DOO KULPIN,CONSUMER STAPLES
SLOVIS DOO,CONSUMER DISCRETIONARY
KLAS MRVIC DOO KRAGUJEVAC,CONSUMER STAPLES
OMEGA IMPEKS DOO BEOGRAD,MATERIALS
MIA MARA DOO,CONSUMER DISCRETIONARY
VODOTERM DOO KRAGUJEVAC,CONSUMER DISCRETIONARY
METALAC FAD D.O.O. GORNJI MILANOVA,CONSUMER DISCRETIONARY
GROUP IRIS,INFORMATION TECHNOLOGY
BMN MALINAS D.O.O.,CONSUMER STAPLES
FDS DOO BEOGRAD - U LIKVIDACIJI,CONSUMER STAPLES
INSTITUT ZA NUKLEARNE NAUKE-VINCA,NOT RELEVANT
MONUS DOO BEOGRAD ZEMUN,NOT RELEVANT
MARS BALKAN EAST DOO,CONSUMER STAPLES
ZITO-MEDIA D.O.O. KULA,CONSUMER STAPLES
MILE SAVIC PREDUZETNIK ZANATSKA RA,INDUSTRIALS
DELTA TRANSPORTNI SISTEM - D.T.S.,INDUSTRIALS
INOUTIC/DECEUNINCK DOO BEOGRAD,INDUSTRIALS
POBEDA PLUS DOO NIS,CONSUMER STAPLES
GIVESENSE D.O.O. BEOGRAD,INFORMATION TECHNOLOGY
INTERNATIONAL CONSULTING AND DEVEL,INDUSTRIALS
VODOMARKET DOO,INDUSTRIALS
PNEUGROUP DOO BEOGRAD,CONSUMER DISCRETIONARY
KRONOSPAN SRB,MATERIALS
IGM MLADOST DOO,MATERIALS
"DOO BOMAX, SUBOTICA",INDUSTRIALS
JP VOJVODINASUME PETROVARADIN,MATERIALS
JAPI COM DOO NOVI SAD,INFORMATION TECHNOLOGY
NETLOGIC DOO BEOGRAD,INFORMATION TECHNOLOGY
PRO VIDEO DOO BEOGRAD,INFORMATION TECHNOLOGY
IC SYSTEMS DOO,NOT RELEVANT
FILLY FARM APOTEKA,NOT RELEVANT
PODRUM DZERVIN 1927 D.O.O.,CONSUMER STAPLES
GROUP RATKO MITROVIC,NOT RELEVANT
HUSKY CORPORATION DOO ,INDUSTRIALS
HAUZMAJSTOR DOO,INDUSTRIALS
PIMS DOO SIMANOVCI - U STECAJU,CONSUMER STAPLES
ZITOSTOK DOO VELIKA PLANA,CONSUMER STAPLES
AGRONAUT DOO BEOGRAD,CONSUMER STAPLES
OPTICUS DOO BEOGRAD,HEALTH CARE
FRIKOM DOO BEOGRAD,CONSUMER STAPLES
BRACA DRINIC DOO,MATERIALS
JOMAPEKS DOO NOVI SAD,INDUSTRIALS
JKP BEOGRADSKI METRO I VOZ,INDUSTRIALS
DRAGER TEHNIKA DOO BEOGRAD,HEALTH CARE
VELAN DOO BEOGRAD,CONSUMER DISCRETIONARY
VORWERK DRIVETEC SERBIA D.O.O.,CONSUMER DISCRETIONARY
KPMG DOO BEOGRAD,INDUSTRIALS
AGRO JOVAN DOO,UTILITIES
MOTO-PLAST DOO NOVA PAZOVA,MATERIALS
ALPROS AUTO DOO,CONSUMER DISCRETIONARY
MARINA (DRAGOLJUB) POPOVIC,CONSUMER STAPLES
CLINRES FARMACIJA DOO BEOGRAD,HEALTH CARE
MULTICOMPANY DOO NOVI SAD,CONSUMER DISCRETIONARY
LENADA DOO BEOGRAD - U STECAJU,CONSUMER STAPLES
DIRECT BRANDS DOO BEOGRAD  U PRINU,CONSUMER DISCRETIONARY
HOSANA DOO POZEGA,CONSUMER STAPLES
MEDIFARM BEOGRAD,NOT RELEVANT
ZITOPROMET-RUMA DOO RUMA,CONSUMER STAPLES
COCO-FASHION DOO,CONSUMER DISCRETIONARY
GRADATIN DOO NOVI SAD - U LIKVIDAC,NOT RELEVANT
ROYAL SPED DOO,INDUSTRIALS
DUGA FRUIT DOO,CONSUMER STAPLES
GROUP MAGNA PHARMACIA BG,HEALTH CARE
AKS EXPRESS KURIR,INDUSTRIALS
LEPENSKI VIR AD PECINCI,CONSUMER DISCRETIONARY
KARAMARKOVz DOO NOVI BANOVCI,CONSUMER STAPLES
POSTKEY REAL ESTATE,INDUSTRIALS
DJERDAP USLUGE AD KLADOVO,INDUSTRIALS
CWP Europe Sàrl,INDUSTRIALS
MS PROMCOM DOO  BEOGRAD,INDUSTRIALS
DOO AC INTERSREM VETERNIK,CONSUMER DISCRETIONARY
BALL GLOBAL BUSINESS SERVICES EMEA,INDUSTRIALS
CLP DOO VRSAC,INDUSTRIALS
HS ENGINEERING,INDUSTRIALS
GROUP EXTRA AUTOTRANSPORT,INDUSTRIALS
QUADRATURA DOO BEOGRAD,INDUSTRIALS
G3 SPIRITS DOO BEOGRAD,CONSUMER STAPLES
DOO MALI AGRAR RUMENKA,MATERIALS
ARIPHARMA DOO BEOGRAD,HEALTH CARE
PAKOM DISTRIBUTION SYSTEM DOO NIS,INFORMATION TECHNOLOGY
MERIDIAN BALKANS D.O.O. BEOGRAD,NOT RELEVANT
REDIBO DOO - U PRINUDNOJ LIKVIDACI,CONSUMER STAPLES
PITURA DOO BEOGRAD,MATERIALS
PREST DOO NIS DONJE MEDJUROVO,CONSUMER STAPLES
FRIGO  PAUN DOO POZEGA,CONSUMER STAPLES
PREDUZECE AEROFRUTI DOO SEVOJNO -,CONSUMER STAPLES
VIMPORT DOO BEOGRAD,CONSUMER DISCRETIONARY
LDM GROUP DOO BEOGRAD - ZEMUN,INDUSTRIALS
NARA PROM DOO BEOGRAD,REAL ESTATE
PANTO DISTRIBUCIJA DOO BEOGRAD,CONSUMER STAPLES
CORE DISTRIBUTION D.O.O.,CONSUMER STAPLES
TIS-JELOVICA,MATERIALS
KEPROM DOO BEOGRAD,CONSUMER DISCRETIONARY
KABELNET,INDUSTRIALS
GP GRIN D.O.O.,REAL ESTATE
UNICHEM ENVIRO DOO SUBOTICA,MATERIALS
KELAG INTERNATIONAL D.O.O.,UTILITIES
SAMEDI DOO VALJEVO,CONSUMER DISCRETIONARY
DEETA PLAST DOO KIKINDA,MATERIALS
NAFTA  DOO NOVI SAD,INDUSTRIALS
GROUP RODIC,NOT RELEVANT
RUMAPLAST DOO,MATERIALS
GROUP VULIN COMERC,NOT RELEVANT
VETERINARSKI ZAVOD SUBOTICA,CONSUMER STAPLES
AD PANSIROVINA PANCEVO,INDUSTRIALS
GTC Business Park d.o.o.,FINANCIALS
METEOR-COMMERCE,CONSUMER STAPLES
KRUNA-KOMERC DOO BEOGRAD,CONSUMER STAPLES
VOESTALPINE DOO BEOGRAD,MATERIALS
INTERAUTO DOO CACAK,CONSUMER DISCRETIONARY
ZAHAREX DOO,UTILITIES
WOILS DOO,CONSUMER DISCRETIONARY
TASKUS SB D.O.O.,INDUSTRIALS
MAGNOHROM DOO KRALJEVO,MATERIALS
DOO NS PHARM  NOVI SAD,HEALTH CARE
ARUM DOO ZEMUN,CONSUMER STAPLES
METALKA DOO BOR,INDUSTRIALS
REGULACIJE D.O.O. SREMSKA MITROVIC,INDUSTRIALS
GROUP ENTECO,INDUSTRIALS
WOLFERS D.O.O.,REAL ESTATE
DANILOVIC FAMILY INVEST DOO CACAK,REAL ESTATE
BRICK DEVELOPMENT D.O.O.,REAL ESTATE
SPV DONAU KAPITAL D.O.O. NOVI SAD,INDUSTRIALS
STEELTEC DOO JARAK - U STECAJU,MATERIALS
RADOVI U TOKU DOO BEOGRAD,FINANCIALS
COLOR EURO MEDIA D.O.O.,NOT RELEVANT
STR TREF,NOT RELEVANT
SANAD DOO SANAD,NOT RELEVANT
VIN&ZIG COMPANY - U STECAJU,NOT RELEVANT
METALAC COMPANY DOO KURSUMLIJA,INDUSTRIALS
AUTO CACAK TRUCKS DOO,CONSUMER DISCRETIONARY
DOO DMD-SISTEM CELAREVO,CONSUMER STAPLES
FERSPED D00 BEOGRAD,INDUSTRIALS
DOO UM ING ZRENJANIN,INDUSTRIALS
ARMONT DOO STARA PAZOVA,INDUSTRIALS
AUTO WORLD RENT DOO,INDUSTRIALS
PFIZER SRB D.O.O.,HEALTH CARE
SUPERNOVA DOO,CONSUMER STAPLES
SAGA TRANS DOO BEOGRAD,INDUSTRIALS
MEGGLE SRBIJA DOO KRAGUJEVAC,CONSUMER STAPLES
KOSTAG DOO BEOGRAD,INDUSTRIALS
VIRDZINIJA DOO KRALJEVO,CONSUMER STAPLES
EUROBAGET D.O.O.,CONSUMER STAPLES
KAMEN NIBENS DOO,INDUSTRIALS
AUTO KUCA VOZDOVAC AD,CONSUMER DISCRETIONARY
PRVA TELEVIZIJA DOO,CONSUMER DISCRETIONARY
MATICA IZOLACIJE DOO,NOT RELEVANT
DEMOKRATSKA STRANKA,NOT RELEVANT
SUBGROUP PAJIC,NOT RELEVANT
AXIANS SERBIA DOO,INFORMATION TECHNOLOGY
FAN DOO  NOVI SAD - U STECAJU,CONSUMER DISCRETIONARY
EUROPEAN APPLIANCES BALKANS D.O.O.,CONSUMER DISCRETIONARY
INTER-MOST AD BEOGRAD - U STECAJU,INDUSTRIALS
BASKET GROUP DOO BEOGRAD,CONSUMER DISCRETIONARY
LIKASISTEM BEOGRAD ZRENJANINSKI PI,NOT RELEVANT
LUKS-ELEKTRO D.O.O.UB,INDUSTRIALS
EXOL STARTER DOO BEOGRAD,CONSUMER DISCRETIONARY
DOB,INDUSTRIALS
SEC LUBES DOO BEOGRAD,INDUSTRIALS
EUROMODUL DOO VOJKA,INDUSTRIALS
GROUP VELEFARM,NOT RELEVANT
PP VOJVODINA DOO SOMBOR,NOT RELEVANT
KDS KATARINA COMPANY DOO BEOGRAD-S,CONSUMER STAPLES
AKCIONARSKO DRUSTVO ZA SAOBRACAJ,INDUSTRIALS
MHE STENICE DOO VALJEVO,UTILITIES
UNIHEMKOM DOO NOVI SAD - U STECAJU,HEALTH CARE
PERUTNINA PTUJ-TOPIKO D.O.O. BACKA,CONSUMER STAPLES
EGZAKTA,INDUSTRIALS
GROUP MILETIC PARACIN,INDUSTRIALS
GRADE TRANS DOO,INDUSTRIALS
GROUP CMANA,CONSUMER STAPLES
EXING ELEMENT DOO BEOGRAD NOVI,INDUSTRIALS
INVIGO CAPITAL DOO,FINANCIALS
ALSO SERBIA D.O.O.,INFORMATION TECHNOLOGY
GROUP KALABA,INDUSTRIALS
AGROECONOMIST DOO BEOGRAD,CONSUMER DISCRETIONARY
ALMIR - U STECAJU,CONSUMER DISCRETIONARY
ULTRAPOLYMERS DOO,MATERIALS
MORSO DOO BEOGRAD - U LIKVIDACIJI,MATERIALS
KONDIVIK USLUGE DOO VRSAC - U LIKV,NOT RELEVANT
STORK - U STECAJU,CONSUMER STAPLES
SPECIJALNA BOLNICA ZA BOLESTI,HEALTH CARE
JUKOMERC TRGOVINA AD KRUSEVAC U ST,CONSUMER STAPLES
AIR SERBIA CATERING D.O.O. BEOGRAD,NOT RELEVANT
TRGO KEMO GROUP D O O,INDUSTRIALS
SATURN ELECTRIC DOO BEOGRAD,INDUSTRIALS
OMEGA  KOMERC DOO ARANDJELOVAC,MATERIALS
PROBAR DOO BEOGRAD,CONSUMER STAPLES
SCHNEIDER ELECTRIC DOO NOVI SAD,INFORMATION TECHNOLOGY
RM ALKON STAHL DOO BEOGRAD,INDUSTRIALS
B-ONE SOLUTIONS D.O.O.,INFORMATION TECHNOLOGY
SEVERNA BACKA DOO,INDUSTRIALS
B.M.R. GROUP DOO SABAC,INDUSTRIALS
JUGOSISTEM DOO BELA PALANKA,MATERIALS
INTER CARS D.O.O.,CONSUMER DISCRETIONARY
AFCO,MATERIALS
KLIMA OPREMA DOO,INDUSTRIALS
DATALAB SR DOO BEOGRAD,INFORMATION TECHNOLOGY
HARSCO METALS DOO SMEDEREVO,NOT RELEVANT
AUTOCOBEST DOO,CONSUMER DISCRETIONARY
VOJVODINAPUT A.D. NOVI SAD,INDUSTRIALS
EUROPOLIS DOO,INDUSTRIALS
PANSPORT DOO VETERNIK,CONSUMER STAPLES
RUDNAP GROUP,NOT RELEVANT
EMMSA BALKAN DOO SABAC U STECAJU,NOT RELEVANT
DIRECT INVEST DOO NOVI SAD,CONSUMER STAPLES
PANONIJAPREVOZ-MV DOO,NOT RELEVANT
ALTER COMPANY DOO CACAK,CONSUMER DISCRETIONARY
KVIS DOO,CONSUMER DISCRETIONARY
GEMMA B&D DOO BEOGRAD,CONSUMER DISCRETIONARY
GRANAGRO,MATERIALS
AQUA MONT SERVICE DOO,INDUSTRIALS
AVIA - SACO - U STECAJU,NOT RELEVANT
RHENUS COMMODITY LOGISTICS,INDUSTRIALS
"BALL PAKOVANJA EVROPA BEOGRAD, D.O",MATERIALS
NS BOMI DOO STUBLINE,CONSUMER STAPLES
DOO EURO PETROL SUBOTICA,CONSUMER DISCRETIONARY
PREDST.SELECTCHEMIE AG BEOGRAD,HEALTH CARE
EKC DOO BEOGRAD,INDUSTRIALS
OTP LIZING D.O.O. BEOGRAD,NOT RELEVANT
FMCG DISTRIBUTION DOO,INDUSTRIALS
IMP - RACUNARSKI SISTEMI DOO BEOGR,INDUSTRIALS
KARIKA-PROMET DOO SUBOTICA,INDUSTRIALS
PAN CITY RESIDENCE DOO,REAL ESTATE
NSAGRO-ING,CONSUMER STAPLES
MAT-AGRO DOO FUTOG,CONSUMER STAPLES
EMMEZETA SRBIJA d.o.o.,CONSUMER DISCRETIONARY
DEVOTEAM DOO,INFORMATION TECHNOLOGY
ELIXIR ENERGETIKA DOO,UTILITIES
AGROMARKET LOGISTIC DOO KRAGUJEVAC,MATERIALS
DOO AGROLOGISTIC NOVI SAD,CONSUMER STAPLES
CORDEEL D.O.O.,INDUSTRIALS
HARTMANN DOO NOVI SAD,MATERIALS
FLORA DOO IVANJICA,CONSUMER STAPLES
ZLATARPLAST AD BISTRICA  NOVA VARO,MATERIALS
ZIPER - U STECAJU,NOT RELEVANT
TRGOMEN-PV DOO KOSOVSKA MITROVICA,INDUSTRIALS
PIONIR 2 DOO VOJKA,MATERIALS
GRUMILL DOO CRVENKA,NOT RELEVANT
ATOS FRUCTUM DOO,CONSUMER STAPLES
DC ZEMUN ZDRAVSTVENA USTANOVA,HEALTH CARE
WRIGLEY DOO,CONSUMER STAPLES
TERMO COLD DOO,INDUSTRIALS
"STARTING DOO BEOGRAD, BATAJNICA",INDUSTRIALS
BOHOR DOO UZICE,INDUSTRIALS
STEELSOFT DOO BEOGRAD,CONSUMER DISCRETIONARY
TEKO MINING D.O.O. BEOGRAD,MATERIALS
INGRAM MICRO DOO BEOGRAD,INFORMATION TECHNOLOGY
EUROMEDIK OPSTA BOLNICA,HEALTH CARE
ENERGOTEHNA DOO  NOVI SAD,INDUSTRIALS
SIXSENTIX DOO,INFORMATION TECHNOLOGY
DOM ZDRAVLJA VIZIM BEOGRAD,HEALTH CARE
EMINENT DOO SUBOTICA,CONSUMER DISCRETIONARY
"ECOTRADE BG DOO NIS, STRAHINJICA B",HEALTH CARE
WESTUM,INFORMATION TECHNOLOGY
USCE SHOPPING CENTER,REAL ESTATE
DOO COIN PANCEVO - U STECAJU,CONSUMER DISCRETIONARY
DRUSTVO SA OGRANICENOM,NOT RELEVANT
BN - BOS SPED DOO,NOT RELEVANT
AUTO FABO DOO NOVI PAZAR,CONSUMER DISCRETIONARY
EUROMERKUR D.O.O.,INDUSTRIALS
GREEN TECHNOLOGY SECOND DOO,UTILITIES
SAFETY SHOP DOO BEOGRAD,CONSUMER DISCRETIONARY
SVETSKA ORGANIZACIJA ZA PRIRODU AD,NOT RELEVANT
GALENS INVEST D.O.O. NOVI SAD,INDUSTRIALS
NEW DRAGAN SAKAN HOLDING DOO,CONSUMER DISCRETIONARY
SERBIA DOO,INDUSTRIALS
HUTCHINSON D.O.O.,CONSUMER DISCRETIONARY
RUD SPANSET D.O.O.,INDUSTRIALS
LUSS TEXTILE,CONSUMER DISCRETIONARY
"VLASINKA DOO, BEOGRAD",CONSUMER STAPLES
MENEX DOO KRUSEVAC,CONSUMER STAPLES
AGROSEME D.O.O. KIKINDA,CONSUMER STAPLES
"NISSAL PVC DOO, NIS",INDUSTRIALS
RESILUX ADRIATIC D.O.O.,MATERIALS
AERODROM BEOGRAD,NOT RELEVANT
COLOR PRESS GROUP D.O.O.,CONSUMER DISCRETIONARY
RUDNIK I FLOTACIJA RUDNIK DOO RUDN,MATERIALS
APEX SOLUTION TECHNOLOGY DOO,INFORMATION TECHNOLOGY
DRVO PRODUCT DOO,INDUSTRIALS
PROJECT BIRO UTIBER DOO,INDUSTRIALS
LUDAN ENGINEERING CO. LTD. OGRANAK,INDUSTRIALS
CPV TEKSTIL DOO,CONSUMER DISCRETIONARY
B 4 B DOO BEOGRAD,INDUSTRIALS
GROUP AIK BACKA TOPOLA,CONSUMER STAPLES
GROUP SAFRAN,CONSUMER DISCRETIONARY
FPM AGROMEHANIKA D.O.O. BOLJEVAC,INDUSTRIALS
MY CASE DOO BEOGRAD,CONSUMER DISCRETIONARY
ALGOTECH DOO BEOGRAD,INFORMATION TECHNOLOGY
VEGA DELIVERY CENTER SERBIA D.O.O.,INFORMATION TECHNOLOGY
DTM COMPANY DOO,CONSUMER DISCRETIONARY
PROFI NAILS DOO,INDUSTRIALS
FAZI DOO,INFORMATION TECHNOLOGY
BUDUCNOST BACKA PALANKA DOO,CONSUMER STAPLES
STAMPA SISTEM DOO BEOGRAD,CONSUMER STAPLES
P.D. AUTOCENTAR ANDRIC DOO VALJEVO,CONSUMER DISCRETIONARY
MEGA PLAST JOVANOVIC,CONSUMER DISCRETIONARY
YAYLA PAN D.O.O. SECANJ,CONSUMER STAPLES
MORIBUND CHEMICALS,INDUSTRIALS
SKI & SEA D.O.O.,CONSUMER DISCRETIONARY
SAT,INDUSTRIALS
ANTENALL DOO BEOGRAD,INFORMATION TECHNOLOGY
METAL-FLEX DOO NOVA PAZOVA,CONSUMER DISCRETIONARY
PRO LOGISTIC D.O.O.,NOT RELEVANT
CBA TRGOVINA DOO,NOT RELEVANT
MK PANONIJA DOO VRSAC,NOT RELEVANT
ECO ORGANIC LIFE DOO,NOT RELEVANT
EXXOL DOO,ENERGY
AL RAWAFED SERVICES DOO,INDUSTRIALS
ZASTAVA PROMET ARENA MOTORS AD KRA,CONSUMER DISCRETIONARY
ENOVITIS DOO TOPOLA,CONSUMER DISCRETIONARY
ANOVA NNL D O O  SREMSKA KAMENICA,CONSUMER STAPLES
DUGA AD BEOGRAD,MATERIALS
SKALA GREEN DOO SUBOTICA,CONSUMER DISCRETIONARY
SEE DIGITAL D.O.O.,INFORMATION TECHNOLOGY
MLIN KOVACEVIC DOO LIPOLIST,CONSUMER STAPLES
METALAC POSUDE,CONSUMER DISCRETIONARY
BEOPAN AD,CONSUMER DISCRETIONARY
BEOINOX DOO BEOGRAD,INDUSTRIALS
AGRO MASTER DOO KRAGUJEVAC,MATERIALS
PROCTER & GAMBLE D.O.O.,CONSUMER STAPLES
GREDA-METAL DOO VALJEVO,MATERIALS
BNB SMART DOO,REAL ESTATE
ANNA (LAJOS) HOLO,CONSUMER STAPLES
PREDUZECE ZA PROIZVODNJU TRGOVINU I,HEALTH CARE
NUTRA DOO,CONSUMER STAPLES
DOO JUGOPAN EXPORT-IMPORT NOVI SAD,INDUSTRIALS
CINE GRAND-MCF,COMMUNICATIONS
NEDELJKOVIC RADOSLAV PR,CONSUMER STAPLES
STRAUSS ADRIATIC DOO SIMANOVCI,NOT RELEVANT
GROUP OSA,INFORMATION TECHNOLOGY
MUNDORAMA DOO BEOGRAD,CONSUMER STAPLES
MPZ AGRAR DVA  DOO,CONSUMER STAPLES
RED FLY LINE DOO,INDUSTRIALS
PZP BEOGRAD DOO,INDUSTRIALS
PREDUZECE ZA PROIZVODNJU I TRGOVINU,HEALTH CARE
STEFAN & VASILIJE GRADNJA DOO,REAL ESTATE
GROUP ALPROS,CONSUMER DISCRETIONARY
SUBGROUP RUMAPLAST CONS.,MATERIALS
DESIGN SECURE CONNECTION-DSC D.O.O,INFORMATION TECHNOLOGY
BIZ RENT SHARING ECONOMY DOO,INDUSTRIALS
FIRST FACILITY DOO BEOGRAD,INDUSTRIALS
RAS RENT A CAR DOO BEOGRAD,INDUSTRIALS
PILE MILJOJKOVIz,CONSUMER STAPLES
DOO MEDACOM NIS,CONSUMER DISCRETIONARY
MAXIM MEDIA PLUS DOO,COMMUNICATIONS
DRAGICA (SAVA) LAZIC,CONSUMER STAPLES
DOO AGRO-KULA VRSAC,INDUSTRIALS
BOKA-COMERC DOO BATAJNICA,CONSUMER DISCRETIONARY
ARMACELL RS AD,MATERIALS
ZDRAVSTVENA USTANOVA ZAVOD ZA DIJA,NOT RELEVANT
SUBGROUP KIM-TEC SRBIJA,INFORMATION TECHNOLOGY
GRAFOSTIL 92,INDUSTRIALS
SU-MARKETI AD,NOT RELEVANT
MARERA CONSTRUCTION,INDUSTRIALS
NIVES DOO NIS,MATERIALS
TEHNO-COOP DOO SUBOTICA,INDUSTRIALS
GROUP MCCANN ERIKSON,CONSUMER DISCRETIONARY
RO & RO SYSTEM DOO BEOGRAD,ENERGY
VUJIC VALJEVO D.O.O.,INDUSTRIALS
TPP LITEKS DOO LIPOLIST,CONSUMER STAPLES
GREEN FLY LINE D.O.O. BEOGRAD,INDUSTRIALS
GROUP AGRO RAVANGRAD DOO SOMBO,CONSUMER STAPLES
HLADNJACE RENT D.O.O. - U PRINUDNO,CONSUMER STAPLES
OMNICO DISTRIBUCIJA DOO ZEMUN - U,CONSUMER STAPLES
JABLANICA MP DOO BEOGRAD,INDUSTRIALS
PNEUMATIKFLEX-PPT CILINDRI,INDUSTRIALS
GROUP PESTAN,INDUSTRIALS
SUBGROUP JUGO-KAOLIN,MATERIALS
FISH CORP  2000 DOO BEOGRAD,CONSUMER STAPLES
MINOTTI DOO  BEOGRAD,INDUSTRIALS
BUNGE GRANOLIS DOO,CONSUMER STAPLES
BELGRADE AIRPORT,INDUSTRIALS
"ROSA DOO ALEKSANDROVAC, PLES",CONSUMER STAPLES
AGRAR-PETROVIC,CONSUMER DISCRETIONARY
DHL GLOBAL FORWARDING DOO,INDUSTRIALS
HEBA DOO BUJANOVAC,CONSUMER STAPLES
ICCM D.O.O.,INDUSTRIALS
ARHIBET PRO DOO SOPOT,MATERIALS
"JKP PARKING SERVIS OBRENOVAC, OBRE",INDUSTRIALS
TEYONEMA DOO BEOGRAD,CONSUMER STAPLES
COOPER STANDARD SRBIJA DOO,CONSUMER DISCRETIONARY
Masterplast YU D.o.o,INDUSTRIALS
"PREDUZECE ZA PUTEVE VRANJE AD, VRAN",INDUSTRIALS
IMTEL COMPUTERS AD,NOT RELEVANT
LINPAC PACKAGING DOO ZA PROIZVODNJU,MATERIALS
JKP GRADSKA TOPLANA NIS,UTILITIES
GROUP CONTANGO,MATERIALS
GROUP HOLLIDAY,CONSUMER DISCRETIONARY
FERMAX DOO BEOGRAD,INDUSTRIALS
JP GRADSKA CISTOCA LAJKOVAC,INDUSTRIALS
PROGRES INZENJERING DOO CACAK,INDUSTRIALS
FEED&SEED TECHNOLOGIES DOO BEOGRAD,CONSUMER STAPLES
ACTAVIS DOO BEOGRAD,HEALTH CARE
9. SEPTEMBAR - TISSUE CONVERTING D,INDUSTRIALS
STOEBICH BRANDSCHUTZ D.O.O. BEOGRA,INDUSTRIALS
TRIO TRANS D.O.O. SIMANOVCI,INDUSTRIALS
YUGLOB,CONSUMER DISCRETIONARY
DESTILERIJA TEODOR DOO,CONSUMER STAPLES
NIRSEN,INFORMATION TECHNOLOGY
LOOK UP D.O.O. BEOGRAD,CONSUMER DISCRETIONARY
AGROSTOJ DOO GLOGONJ,CONSUMER STAPLES
CITY EXPRESS DOO,INDUSTRIALS
ROTAM D.O.O. BEOGRAD,CONSUMER DISCRETIONARY
PEZOS EXPORT-IMPORT DOO RUMENKA,INDUSTRIALS
EKOFARM DOO USCE,CONSUMER STAPLES
GROUP METALFER,MATERIALS
VB-VEKOL DOO LOZNICA,CONSUMER STAPLES
KOPAONIK AD,NOT RELEVANT
GROUP MONICOM,MATERIALS
GABRIELA HOLO,CONSUMER STAPLES
DOO PAN HARVEST GAKOVO,CONSUMER STAPLES
VELVET ANIMAL HEALTH DOO BEOGRAD,HEALTH CARE
"DRUSTVO ZA PROIZVODNJU,TRGOVINU",INFORMATION TECHNOLOGY
MASKOM INTERNATIONAL,INDUSTRIALS
BERGEN D.O.O.,INDUSTRIALS
D I F O L DOO BEOGRAD ZEMUN,INDUSTRIALS
WARGAMING D.O.O.,INFORMATION TECHNOLOGY
NOVO PLUS DOO CRVENKA,CONSUMER STAPLES
SKY TECHNOLOGIES DOO BEOGRAD,INFORMATION TECHNOLOGY
ZZ TRLIC UB,CONSUMER STAPLES
MINECO PLUS DOO BEOGRAD,MATERIALS
MEGALANT RS D.O.O.,INDUSTRIALS
DOO MAREL VELIKO GOLOVODE,INDUSTRIALS
WOBY HAUS DOO NOVI SAD,CONSUMER DISCRETIONARY
BTI DOO,INDUSTRIALS
KESSER-GRADNJA DOO NOVI SAD,REAL ESTATE
EUROPOLIS 011 DOO,INDUSTRIALS
AGROGLOBE AGRAR D.O.O.,CONSUMER STAPLES
ROHE DOO BEOGRAD,INDUSTRIALS
VN PROMET DOO SUBOTICA,INDUSTRIALS
LACUNA DOO BEOGRAD,NOT RELEVANT
pred.allied telesis emena gmbh,INFORMATION TECHNOLOGY
GROUP INVEJ,NOT RELEVANT
VALMAN D.O.O. BEOGRAD,INDUSTRIALS
NID COLOR MEDIA INTERNATIONAL NOVI,COMMUNICATIONS
ADAMOGRADNJA DOO BEOGRAD - U STECA,INDUSTRIALS
BETA SEME DOO GOLUBINCI,CONSUMER STAPLES
AGROMONDO DOO NOVI SAD,INDUSTRIALS
V&B DOO SUBOTICA,MATERIALS
JKP BEOGRAD PUT,INDUSTRIALS
PUT-INZENJERING DOO NIS,INDUSTRIALS
INSTITUT MIHAJLO PUPIN DOO BEOGRAD,INDUSTRIALS
GROUP SET DOO SABAC,INDUSTRIALS
WASTE BINS DOO BEOGRAD,INDUSTRIALS
DOO M PROJECT CO. CACAK,INDUSTRIALS
SRBIJA CENTAR,INDUSTRIALS
DOO SWEET HOME BRUS,CONSUMER STAPLES
IDEA MARKETI DOO,CONSUMER STAPLES
SUBGROUP KOLPORTER GRUPA,CONSUMER DISCRETIONARY
STILL SELL DOO,CONSUMER STAPLES
SILVER BELL GROUP DOO,INDUSTRIALS
FRUCOM FOOD DOO,CONSUMER STAPLES
JUNGHEINRICH DOO,INDUSTRIALS
EHOM AUTO DOO BEOGRAD,CONSUMER DISCRETIONARY
POLITEK AUTO CENTAR DOO,CONSUMER DISCRETIONARY
GARDNER DENVER DEUTSCHLAND,INDUSTRIALS
"JKP DRUGI-OKTOBAR, VRSAC",UTILITIES
MEDILINK NOVI D.O.O.,CONSUMER DISCRETIONARY
DOO ZA PRERADU I KONZERVIRANJE MLEK,CONSUMER STAPLES
GITARIC DOO S. PALANKA,NOT RELEVANT
ECOVIS SEE D.O.O. BEOGRAD,INDUSTRIALS
TRACO-INVEST DOO BEOGRAD,INDUSTRIALS
MASINOPROMET D.O.O.,NOT RELEVANT
ITX RS,CONSUMER DISCRETIONARY
MITSIDES POINT AD SREMSKA MITROVIC,NOT RELEVANT
KVIN DOO KRAGUJEVAC,CONSUMER STAPLES
FRUTTI GROUP DOO,NOT RELEVANT
PRIVREDNO DRUSTVO ZA,CONSUMER DISCRETIONARY
NBA-COMMERCE DOO BEOGRAD,MATERIALS
TEPKOS DOO CONOPLJA,CONSUMER STAPLES
PUMPA D.O.O.,CONSUMER STAPLES
H&M HENNES & MAURITZ D.O.O.,CONSUMER DISCRETIONARY
SELECT FRUIT DOO,CONSUMER STAPLES
ERDEVIK D.O.O.,CONSUMER STAPLES
ARSENAL CO DOO BEOGRAD,CONSUMER DISCRETIONARY
ATLANTIC BRANDS DOO BEOGRAD,CONSUMER STAPLES
EUROOPREMA DOO BEOGRAD   - U PRINU,INDUSTRIALS
HOLYCODE D.O.O.,INFORMATION TECHNOLOGY
EUROSALON REAL ESTATE DOO BEOGRAD,REAL ESTATE
SMILJANIC-KOMERC DOO,INDUSTRIALS
DZIMI COMMERCE DOO,INDUSTRIALS
OPSTA BOLNICA EUROMEDIK 3,HEALTH CARE
STREIT NOVA DOO,CONSUMER DISCRETIONARY
MEDICAL INNOVATION SOLUTIONS D.O.O,HEALTH CARE
OSA - RACUNARSKI INZENJERING DOO B,INFORMATION TECHNOLOGY
ZITOMLIN DOO BEOGRAD,CONSUMER STAPLES
MERCURY ENGINEERING D.O.O. BEOGRAD,NOT RELEVANT
FRUTELA GROUP D.O.O. N.BEOGRAD,CONSUMER STAPLES
NEOMEDICA DOO BEOGRAD,HEALTH CARE
VIATEC WOOD D.O.O. ZDEGLOVO - U LI,CONSUMER DISCRETIONARY
DOMIS ENTERIJERI DOO LACARAK,INDUSTRIALS
SILVER-KOP DEVELOPMENT,REAL ESTATE
CAPGEMINI,INFORMATION TECHNOLOGY
KOMPRESOR AZIJA AUTO DOO,INDUSTRIALS
GROUP KMG,ENERGY
SAT-KADROVSKE USLUGE D.O.O. BEOGRA,INDUSTRIALS
ENOVA SOUTH EAST EUROPE D.O.O.,INDUSTRIALS
BIMED DOO,REAL ESTATE
MHM-PROJEKT DOO NOVI SAD,INDUSTRIALS
GRADING DOO BEOGRAD,INDUSTRIALS
AGENT PLUS DOO BEOGRAD,INDUSTRIALS
ime-autolift d.o.o. kragujevac,INDUSTRIALS
NOVI LOGOS DOO BEOGRAD,COMMUNICATIONS
REMONT DOO KRAGUJEVAC,INDUSTRIALS
METALING DOO BEOGRAD,INDUSTRIALS
LIN DOO MAJUR,HEALTH CARE
SINAGOGA DOO SOMBOR,CONSUMER STAPLES
ROTOGRAFIKA DOO SUBOTICA,INDUSTRIALS
AUTO-KUCA GUDALOVIC DOO BEOGRAD,CONSUMER DISCRETIONARY
CIM GAS DOO SUBOTICA,INDUSTRIALS
KUC-COMPANY D.O.O.,NOT RELEVANT
MONA HOTEL MANAGEMENT DOO BEOGRAD,CONSUMER DISCRETIONARY
ENERGROM DOO BELA CRKVA-U STECAJU,INDUSTRIALS
VELEFARM-LEKOVI PRODAJA DOO BEOGRA,NOT RELEVANT
INTIS D.O.O. BEOGRAD,INDUSTRIALS
MACCHINA SECURITY DOO BEOGRAD,INDUSTRIALS
FORMA REAL ESTATE RENT 1,REAL ESTATE
LIBERO TEAM DOO BEOGRAD,CONSUMER STAPLES
GLOBAL LINKS DOO,INDUSTRIALS
SANIVOD DOO BEOGRAD,INDUSTRIALS
OTP MEDIC DOO,UTILITIES
MM 99 DOO STARA PAZOVA,REAL ESTATE
MDD GROUP DOO NOVI SAD,CONSUMER STAPLES
BE.PU.MI. DOO NOVI SAD,MATERIALS
DR TECHNO VB DOO NOVI SAD,CONSUMER DISCRETIONARY
MOLSON COORS SER D.O.O.,CONSUMER STAPLES
TOMIC GRADNJA DOO,INDUSTRIALS
DAMMIL DOO,INDUSTRIALS
CETIN D.O.O.,COMMUNICATIONS
CARGOCHEM D.O.O.,MATERIALS
GRADITELJ INZENJERING DOO,NOT RELEVANT
PUTNIK RENT A CAR DOO,INDUSTRIALS
LEMIC GROUP DOO ZEMUN,NOT RELEVANT
ZLATIBO2R VODA DOO - U STECAJU,CONSUMER STAPLES
COMERCE DOO,NOT RELEVANT
JKP BELOSAVAC ZAGUBICA,UTILITIES
TRMKA-KABL TELEKOMUNIKACIJE D.,NOT RELEVANT
MOSKOMERC D.O.O. BEOGRAD,CONSUMER DISCRETIONARY
GENING DOO,INDUSTRIALS
GULJAS AGRAR DOO SILBAS,CONSUMER STAPLES
VEKTOR INVEST DOO BEOGRAD,INDUSTRIALS
TERMOVENT ENGINEERING DOO BEOGRAD,INDUSTRIALS
ENERGOPROJEKT HIDROINZENJERING,INDUSTRIALS
ELEKTA SOLUTIONS DOO,HEALTH CARE
MOHACI D.O.O STARA MORAVICA,CONSUMER STAPLES
W.D. CONCORD WEST DOO,INDUSTRIALS
PORSCHE SCG DOO BEOGRAD,CONSUMER DISCRETIONARY
DOO PROMONT KOMERC NIS,CONSUMER DISCRETIONARY
TELEMAX D O O  BEOGRAD,INDUSTRIALS
STUDIO M DCS DOO BEOGRAD,INDUSTRIALS
QUIVOGNE RS DOO,INDUSTRIALS
MAGNUM DOO PARACIN,CONSUMER STAPLES
ENERGY TYRES TEAM DOO BEOGRAD - U,CONSUMER DISCRETIONARY
AGRO PLUS DOO SOMBOR,NOT RELEVANT
JKP GROCKA GROCKA - U STECAJU,INDUSTRIALS
"SIMEX DOO, SUBOTICA - U STECAJU",CONSUMER STAPLES
RODIC M&B INVEST - U STECAJU,NOT RELEVANT
BIT SPED DOO,INDUSTRIALS
JKP PARKING-SABAC SABAC,NOT RELEVANT
YELLOW FLY LINE D.O.O. BEOGRAD,INDUSTRIALS
LIST SOLUTIONS AD BEOGRAD   U STECA,INDUSTRIALS
GRBA PRPIC DOO BACKI JARAK,INDUSTRIALS
HOLY DOO,CONSUMER DISCRETIONARY
BEOGRADEVINAR DOO - U STECAJU,NOT RELEVANT
AAA-1 RENT DOO,INDUSTRIALS
GOSA MONTAZA DOO BEOGRAD,INDUSTRIALS
ZMAJEVAC DOO IRIG,CONSUMER STAPLES
MOL SERBIA D.O.O. BEOGRAD,ENERGY
ASKGAMBLERS DOO,COMMUNICATIONS
GROUP OFFICE SHOES,CONSUMER DISCRETIONARY
PROVIS DOO BIJELJINA,INFORMATION TECHNOLOGY
GASTRANS DOO,ENERGY
KYUNGSHIN CABLE EUROPE D.O.O.,CONSUMER DISCRETIONARY
DELFI KNJIZARE DOO BEOGRAD,CONSUMER DISCRETIONARY
INFOBIP SERBIA DOO BEOGRAD,INFORMATION TECHNOLOGY
TODY DOO BLACE,CONSUMER STAPLES
ALTA MOTORS DOO - U PRINUDNOJ LIKV,CONSUMER DISCRETIONARY
VINOPRODUKT-COKA - U STECAJU,CONSUMER STAPLES
DR. OETKER D.O.O.,CONSUMER STAPLES
MB NAMENSKA AD LUCANI,NOT RELEVANT
MIRAS B DOO,CONSUMER DISCRETIONARY
KNOTT-AUTOFLEX YUG DOO BECEJ,CONSUMER DISCRETIONARY
GUDMARK GROUP  D.O.O.zABAC,MATERIALS
KBRAD DEVELOPMENT,REAL ESTATE
APOTEKA FARMEKS APOTEKE -U LIKVIDA,CONSUMER STAPLES
ARABESA DOO,INDUSTRIALS
SANTOK DOO VRANICI,CONSUMER DISCRETIONARY
TOSAMA DOO,HEALTH CARE
GREINER I JP PACKAGING DOO NOVA PA,MATERIALS
VINCULA BIOTECH GROUP DOO BEOGRAD,INDUSTRIALS
MORAVA IN DOO KRUSEVAC - U STECAJU,INDUSTRIALS
SGA DOO,INFORMATION TECHNOLOGY
"PREDUZECE ZA PROIZVODNJU,",MATERIALS
IMP-AUTOMATIKA DOO BEOGRAD,INDUSTRIALS
DOO FAIR PLAY 019 NEGOTIN,CONSUMER STAPLES
MIODRAG (ZIVAN) LAZIC,CONSUMER STAPLES
SERBIA BROADBAND SRPSKE KABLOVSKE M,COMMUNICATIONS
VRACAR DOO BEOGRAD,INDUSTRIALS
GROUP STRATEMIS,INDUSTRIALS
MILAN (DJORDJE) DONIC,CONSUMER STAPLES
AUTO WORLD D O O BEOGRAD,CONSUMER DISCRETIONARY
PANFRUIT DOO NOVI SAD - U STECAJU,CONSUMER STAPLES
DELTA RENT-A-CAR D.O.O.,INDUSTRIALS
FILIP,CONSUMER STAPLES
DOO AGROSIT-SEMENARSTVO ALEKSANDRO,NOT RELEVANT
MAGAN-YU D.O.O. SUBOTICA,NOT RELEVANT
PRO-PRINT PROGRESIJA DOO,MATERIALS
STECAJNA MASA M-PLAST EKSPOSRT IMP,CONSUMER DISCRETIONARY
NID SVET PLUS INTERNATIONAL D.O.O.,NOT RELEVANT
BRUNATA DOO BEOGRAD,INDUSTRIALS
Keramika-Holding d.o.o. Beograd,MATERIALS
FS DOO BEOGRAD - U PRINUDNOJ LIKVI,CONSUMER STAPLES
SWISS INTERMEDICAL AD BEOGRAD U ST,NOT RELEVANT
BIO-VITA DOO VAJSKA,CONSUMER STAPLES
GROUP KOVING,INDUSTRIALS
A2B EXPRESS DELIVERY DOO,NOT RELEVANT
TRGOVINA IGNJATOVIC DOO,CONSUMER STAPLES
GROUP KOEFIK,CONSUMER DISCRETIONARY
EMIL FREY AUTO CENTAR D.O.O.,CONSUMER DISCRETIONARY
DEPO SERVIS  D.O.O. BEOGRAD,INDUSTRIALS
MAJEVICA-POLJOOPREMA AD BACKA PALA,INDUSTRIALS
AGRANO,CONSUMER STAPLES
ALBO DOO ZEMUN,CONSUMER DISCRETIONARY
ANANAS EXPRESS D.O.O. NOVA PAZOVA ,INDUSTRIALS
CARLSBERG SRBIJA D.O.O.,CONSUMER STAPLES
GROUP METLARAMAZZA,CONSUMER STAPLES
METAL SHOP,INDUSTRIALS
NEIMAR-V AD BEOGRAD,REAL ESTATE
BB ELEKTRONIK DOO RUMA-VOGANJ,INDUSTRIALS
TECHNO FERUM DOO KANJIZA,INDUSTRIALS
PTP DIS DOO KRNJEVO,CONSUMER STAPLES
D SPORT SYSTEM DOO NOVI SAD,CONSUMER STAPLES
AD SUPERPROTEIN ZRENJANIN - U LIKV,NOT RELEVANT
MTG DOO BEOGRAD - U PRINUDNOJ LIKV,CONSUMER DISCRETIONARY
GRADJEVINSKA DIREKCIJA SRBIJE DOO,FINANCIALS
INSTITUT PKB AGROEKONOMIK DOO,INDUSTRIALS
FRUCOM DOO,CONSUMER DISCRETIONARY
TAMIS - U STECAJU,NOT RELEVANT
NUMANOVIC SNS D.O.O. NOVI PAZAR,CONSUMER DISCRETIONARY
"ALUMIL YU INDUSTRY AD, NOVA PAZOVA",CONSUMER DISCRETIONARY
MIKROS UNION DOO,CONSUMER STAPLES
PUT D.O.O. JAGODINA,NOT RELEVANT
LEONARDO KD,NOT RELEVANT
VINARIJA ZVONKO BOGDAN DOO PALIC,CONSUMER STAPLES
RADE SPED DOO KRAGUJEVAC,CONSUMER DISCRETIONARY
AC BRAJIC DOO,CONSUMER DISCRETIONARY
JKP NAS DOM POZEGA,UTILITIES
TIS DOO IVANJICA,CONSUMER DISCRETIONARY
ALTERNATIVE CONSULTING DOO BEOGRAD,INDUSTRIALS
BOTTCHER SRB DOO,MATERIALS
SUBGROUP DIJAMANT,CONSUMER STAPLES
SANEL DOO,CONSUMER DISCRETIONARY
SPECIJALNA BOLNICA ZA REHABILITACI,HEALTH CARE
KLUB A,MATERIALS
PREMIUM RENT A DRIVE,INDUSTRIALS
CIAK USLUGE DOO,CONSUMER DISCRETIONARY
APOTEKARSKA USTANOVA NEOFARM,CONSUMER STAPLES
PCM GRAF DOO GORNJI MILANOVAC,INDUSTRIALS
NIKOLA STOJKOVIC PR KLIKLAK RACUNA,CONSUMER DISCRETIONARY
DOO METALAC-TRADE-G.MILANOVAC,CONSUMER DISCRETIONARY
BRIV CONSULTING DOO BEOGRAD,CONSUMER DISCRETIONARY
INTERCAFFE D.O.O. BEOGRAD,CONSUMER DISCRETIONARY
INOVENTIC ID D.O.O.,CONSUMER DISCRETIONARY
ENERGY PRO DOO NOVI SAD,INDUSTRIALS
RTV BK TELECOM D.O.O. BEOGRAD,NOT RELEVANT
GROUP P.S. TELEFONIJA,INFORMATION TECHNOLOGY
GLOBO DOO NOVI SAD,CONSUMER DISCRETIONARY
GROUP KIMBY,CONSUMER STAPLES
VIZIJA TIM D.O.O SABAC,MATERIALS
DOO EKO MABER INZENJERING PANCEVO,INDUSTRIALS
AGROFROST DOO BEOGRAD - U STECAJU,CONSUMER STAPLES
TRAMPEX DOO BEOGRAD,CONSUMER STAPLES
VITA ELKO DOO BEOGRAD,INDUSTRIALS
PREDUZECE ALUFIX DOO BEOGRAD - U L,MATERIALS
COMEL TRANSFORMATRORI D.O.O.,INDUSTRIALS
4 M DOO LESKOVAC,CONSUMER DISCRETIONARY
TIAC D.O.O.,INDUSTRIALS
AEROSFERA DOO BEOGRAD,CONSUMER DISCRETIONARY
PROTON SYSTEM DOO BEOGRAD,HEALTH CARE
GP D.O.O. BEOGRAD,INDUSTRIALS
OBLAK TEHNOLOGIJE DOO BEOGRAD-ZEMU,INFORMATION TECHNOLOGY
HRANA-TEC DOO BEOGRAD,INDUSTRIALS
BRACA  ILIC,INDUSTRIALS
BRAME R&D D.O.O.,INFORMATION TECHNOLOGY
GV19 RESIDENCE DOO,INDUSTRIALS
GROUP JEDINSTVO,INDUSTRIALS
MEHANOPRINT,INDUSTRIALS
ILDIKA (ISTVAN) BESU,CONSUMER STAPLES
PIK JUZNI BANAT DOO BELA CRKVA,CONSUMER STAPLES
SMART DOO NOVI SAD,CONSUMER DISCRETIONARY
RAKETA A B  DOO BAJINA BASTA,INDUSTRIALS
UNITED GROUP RS D.O.O. BEOGRAD,COMMUNICATIONS
VETMEDIC DOO,HEALTH CARE
VIVENS D.O.O.,CONSUMER DISCRETIONARY
STAMPA PRESS DOO BEOGRAD,NOT RELEVANT
NOKIA TIETOLIIKENNE OY- OGRANAK U B,NOT RELEVANT
FINKOM,CONSUMER STAPLES
ERS RENT DOO,REAL ESTATE
BIO-ENERGOOIL DOO BEOGRAD-NOVI BEO,ENERGY
DOO PORT COMPANY APATIN,CONSUMER STAPLES
STEVAN STILL DOO BEOGRAD ZEMUN,CONSUMER STAPLES
GASTPRO,INDUSTRIALS
AGRORIT DOO MELENCI,INDUSTRIALS
GROUP ANNOVA,CONSUMER STAPLES
MPP JEDINSTVO AD SEVOJNO,INDUSTRIALS
& LOMB POLAND SP. Z.O.O. BEOGRAD,HEALTH CARE
M-T GROUP D.O.O.,INDUSTRIALS
SLADARA SOUFFLET SRBIJA DOO,CONSUMER STAPLES
INGRAP-OMNI DOO BEOGRAD,INDUSTRIALS
DOO KACAREVO KACAREVO,CONSUMER STAPLES
VIA GUSTO DOO,CONSUMER DISCRETIONARY
MLINO-MONT DOO,INDUSTRIALS
RATKO MITROVIC-MEHANIZACIJA DOO,NOT RELEVANT
DOO BIG-CHICKEN  BACINCI - U STECA,NOT RELEVANT
NCA INVESTMENT GROUP DOO BEOGRAD,INDUSTRIALS
"STAKLOPAN AD, BEOGRAD",NOT RELEVANT
CELIK AD,INDUSTRIALS
KHS BURO BEOGRAD,INDUSTRIALS
GROUP MIROTIN,NOT RELEVANT
TOPLANA JKP LESKOVAC,UTILITIES
DEXY CO DOO BEOGRAD,CONSUMER DISCRETIONARY
GALENS D.O.O. NOVI SAD,INDUSTRIALS
TRIVIT DOO BECEJ,CONSUMER STAPLES
ZILKER TECHNOLOGY - U LIKVIDACIJI,INFORMATION TECHNOLOGY
UNION DRVO DOO BEOGRAD,CONSUMER DISCRETIONARY
PRIOR PROJECT D.O.O.,INDUSTRIALS
VERDOM DOO DONJA MUTNICA,INDUSTRIALS
GESO INDUSTRIAL ENVIRONMENT,INDUSTRIALS
KARCHER D.O.O. BEOGRAD,INDUSTRIALS
OBUCA METRO DOO VRBAS,CONSUMER DISCRETIONARY
INCANTO INDUSTRIES D.O.O.,CONSUMER DISCRETIONARY
GPS INSULATORS D.O.O.,INDUSTRIALS
PRO-LAGER VILJUsKARI DOO ,INDUSTRIALS
MEDIUS DOO NOVA PAZOVA,CONSUMER STAPLES
DOO PUT-INVEST NOVI SAD,INDUSTRIALS
GROUP elektrovat,INDUSTRIALS
DOO BELL CHEMICALS BANATSKO VELIKO,MATERIALS
ORION INNOVATION D.O.O.,INFORMATION TECHNOLOGY
N SPORT DOO BEOGRAD,CONSUMER DISCRETIONARY
AGROLIKA,CONSUMER STAPLES
BRACA MARJANOVIC D.O.O.,NOT RELEVANT
DOO PIONIR PETROL STARA PAZOVA,CONSUMER DISCRETIONARY
MSV INVEST ING DOO KRALJEVO,NOT RELEVANT
PORSCHE LEASING SCG DOO,CONSUMER DISCRETIONARY
DIB DOO BUJANOVAC,NOT RELEVANT
WEBA KRAGUJEVAC D.O.O.,INDUSTRIALS
AMP DIJAGNOSTIKA DOO NOVI SAD,HEALTH CARE
MILIC DOO PARACIN,INDUSTRIALS
GIA TECHNOLOGY DOO NOVI SAD,INDUSTRIALS
PRAMAT DOO DOBANOVCI - U PRINUDNOJ,INDUSTRIALS
GEVEKOM CUSTOMER SERVICES D.O.O. B,INDUSTRIALS
GROUP ECOTRADE,HEALTH CARE
SPRENGNETTER D.O.O. BEOGRAD,REAL ESTATE
TISZA AUTOMOTIVE DOO SENTA,CONSUMER DISCRETIONARY
MESOVITO PREDUZECE ZA PROMET ROBA I,CONSUMER STAPLES
COMPANY BB DOO,CONSUMER STAPLES
PRETEK DOO BEOGRAD,INDUSTRIALS
HIDRO-TAN DOO BEOGRAD,INDUSTRIALS
SALVUS INTERNATIONAL,HEALTH CARE
MAX MOBILITY SOLUTIONS DOO,INDUSTRIALS
VESNA (RADOVAN) VESKOV,CONSUMER STAPLES
DOO DURDEVIC 1999 SUBOTISTE,CONSUMER STAPLES
CLICO SEE DOO,INFORMATION TECHNOLOGY
MLEKOPRODUKT DOO ZRENJANIN,CONSUMER STAPLES
GROUP SPORT VISION RS,CONSUMER DISCRETIONARY
GLOBAL NETWORK,CONSUMER DISCRETIONARY
LAGADO DOO BUJANOVAC,NOT RELEVANT
VITALIS TRADE DOO NOVI SAD - U STE,CONSUMER STAPLES
DOBRAVAC PAK DOO SABAC,CONSUMER STAPLES
GROUP ARROW,CONSUMER STAPLES
GROUP NOVEL,CONSUMER DISCRETIONARY
VEKTOR INZENJERING - U STECAJU,NOT RELEVANT
SAFRAN DOO,CONSUMER DISCRETIONARY
NOVKOL DOO,INDUSTRIALS
ZELEZARA SMEDEREVO D.O.O.,MATERIALS
GOODYEAR SERBIA D.O.O.,CONSUMER DISCRETIONARY
PRODYNA DOO BEOGRAD,INFORMATION TECHNOLOGY
BISA MARKET,CONSUMER STAPLES
STS PROPERTIES,REAL ESTATE
PETEFI DOO TEMERIN,CONSUMER STAPLES
ZELVOZ DOO,INDUSTRIALS
MY ARGOS DOO LAZAREVAC,CONSUMER STAPLES
D.O.O. AGRARSENT DESPOTOVO,CONSUMER STAPLES
MASTER FRIGO SALES D.O.O.,INDUSTRIALS
BANE-KOMERC DOO KUMAREVO-LESKOVAC,MATERIALS
FEROMONT PLASTIKA DOO STARA PAZOVA,INDUSTRIALS
LAURA KOZMETIKA DOO BEOGRAD - U LI,CONSUMER STAPLES
VALOR DOO ZRENJANIN,CONSUMER STAPLES
EPAM SYSTEMS D.O.O.,INFORMATION TECHNOLOGY
ZORKA-KERAMIKA D.O.O.,MATERIALS
MG PRECAST DOO,INDUSTRIALS
MITIC PLAST KUMAREVO,MATERIALS
ADVANTO DOO BEOGRAD,INDUSTRIALS
TEHNOMANIJA DOO BEOGRAD,CONSUMER DISCRETIONARY
SECTRON DOO BEOGRAD,INFORMATION TECHNOLOGY
APOTEKARSKA USTANOVA VEGAFARMA,CONSUMER STAPLES
STANDARD LOGISTIC DOO NOVI BEOGRAD,INDUSTRIALS
GRAND CASINO DOO BEOGRAD,CONSUMER DISCRETIONARY
MTS SISTEMI I INTEGRACIJE DOO ,INFORMATION TECHNOLOGY
PETAR (DUSAN) RONCEVIC,CONSUMER STAPLES
SUPERNOVA REAL ESTATE DO0,REAL ESTATE
"TELEKOM SRBIJA A.D., BEOGRAD",COMMUNICATIONS
DELIKOMAT DOO BEOGRAD,CONSUMER STAPLES
BROWELL DOO,INDUSTRIALS
SHOPPSTER D.O.O. BEOGRAD,CONSUMER DISCRETIONARY
WOOD CHIPS DOO BEOGRAD,MATERIALS
GROUP INBERG GETRACO,CONSUMER STAPLES
SCHNEIDER ELECTRIC SRBIJA D.O.O.,INDUSTRIALS
NORA (ISTVAN) MUNKAS,CONSUMER STAPLES
PANMARKETING DOO PANCEVO,MATERIALS
AMERICKA PRIVREDNA KOMORA U SRBIJI,NOT RELEVANT
VIRTU PARTNERS DOO,INDUSTRIALS
CINOS DOO,MATERIALS
JAVNA MEDIJSKA USTANOVA RADIO-TELE,CONSUMER DISCRETIONARY
LEMEX GAMAKOM DOO LESKOVAC,CONSUMER STAPLES
SYNERGETIC DOO KRNJESEVCI,MATERIALS
BIG BULL FOODS DOO BAzINCI,CONSUMER STAPLES
EUROPAPIER SRBIJA DOO BEOGRAD,MATERIALS
MONELLI DOO KRAGUJEVAC,MATERIALS
JOFI-KOMERC DOO NIS,ENERGY
BELT DOO RATINA,NOT RELEVANT
WIRELESS MEDIA DOO,NOT RELEVANT
TERMOVENT SC LIVNICA CELIKA AD,MATERIALS
ALITALIA-SOCIETA AEREA ITALIANA,INDUSTRIALS
MOJA BACKA PALANKA BACKA PALANKA,CONSUMER DISCRETIONARY
NESTLE ICE CREAM SRBIJA DOO STARA,CONSUMER STAPLES
DOO MORAVA INZENJERINGPROJEKT SOMB,REAL ESTATE
PURATOR EKOTEHNIKA DOO,INDUSTRIALS
PHARMANOVA DOO OBRENOVAC,HEALTH CARE
GROUP GALEB,MATERIALS
RECA D.O.O. BEOGRAD,INDUSTRIALS
SUBGROUP UNIVEREXPORT,CONSUMER STAPLES
ZZ AGROSOJ  NEUZINA,CONSUMER STAPLES
CUTURA,CONSUMER STAPLES
SPARTA SECURITY D.O.O.,INDUSTRIALS
COMEL DOO BEOGRAD,INDUSTRIALS
CONCRETE LAND DOO STARI BANOVCI,INDUSTRIALS
AGRO-DOLE DOO JAGODINA,CONSUMER STAPLES
JULIETA DOO BEOGRAD,CONSUMER STAPLES
SANDROCK D.O.O.,INDUSTRIALS
DOO PRINCIPAL DUO CACAK,CONSUMER STAPLES
DAWCUL LTD PREDSTAVNISTVO,NOT RELEVANT
FRESH & CO DOO BEOGRAD,CONSUMER STAPLES
AGROSPEKTAR 28 DOO PARACIN U STECA,NOT RELEVANT
ROSAN ARMATURE DOO KANJIZA,INDUSTRIALS
termal inzenjering doo,CONSUMER DISCRETIONARY
GROUP BEOROL,INDUSTRIALS
YU-SORBON DOO BEOGRAD,CONSUMER DISCRETIONARY
KABLINK D.O.O. BEOGRAD,INDUSTRIALS
EUROCOM INTERNATIONAL DOO BEOGRAD,CONSUMER DISCRETIONARY
EUROPROM DOO VALJEVO,CONSUMER STAPLES
NIMAX DOO BEOGRAD,CONSUMER DISCRETIONARY
PEGETE DOO BEOGRAD,CONSUMER DISCRETIONARY
BIO GOLD ENERGY DOO,UTILITIES
AGRAR INVEST DOO BEOGRAD,CONSUMER STAPLES
VIVA TREF DOO BEOGRAD,CONSUMER STAPLES
GROUP DELTA INZENJERING,INDUSTRIALS
GROUP ELEKTROPRIVREDA GROUP,UTILITIES
AUTO NENA STILL DOO BEOGRAD,CONSUMER DISCRETIONARY
PREDUZECE   AUTO CACAK   DOO KONJE,CONSUMER DISCRETIONARY
INMOLD PLAST DOO POZEGA,INDUSTRIALS
CISTOCA J.P. STARA PAZOVA,INDUSTRIALS
JOKEY BG DOO NOVA PAZOVA,MATERIALS
ALEVA DOO NOVI KNEZEVAC,CONSUMER STAPLES
OMV SRBIJA DOO BEOGRAD,CONSUMER DISCRETIONARY
DESPOTOV-EPICENTAR DOO NOVI SAD -,NOT RELEVANT
CDE S DOO BEOGRAD,NOT RELEVANT
SCOM,CONSUMER STAPLES
B92 DOO BEOGRAD,CONSUMER DISCRETIONARY
ENERGIA GAS AND POWER - U STECAJU,UTILITIES
SUMADIJA SIROVINE DOO,MATERIALS
EURO-KOP-COMPANY D.O.O.,INDUSTRIALS
ALTI DOO CACAK,INFORMATION TECHNOLOGY
EVROPA PLUS DOO BACAKA PALANKA - U,CONSUMER STAPLES
TEI TECHNO EXPORT IMPORT D.O.O,NOT RELEVANT
MUEHLBAUER TECHNOLOGIES DOO STARA,INDUSTRIALS
TRANSPORTSPED DOO BEOGRAD,INDUSTRIALS
AGROPRO DOO,CONSUMER STAPLES
CALIX DOO BEOGRAD (CUKARICA),CONSUMER STAPLES
FULLHOUSE OGILVY DOO BEOGRAD,COMMUNICATIONS
STS KAN GROUP DOO JAGODINA,INDUSTRIALS
PODUNAVLJE-BEOCIN AD BEOCIN - U ST,CONSUMER STAPLES
MAYMEDICA D.O.O.,HEALTH CARE
SUNBAR DOO,INFORMATION TECHNOLOGY
TRANSPETROL DOO,CONSUMER STAPLES
CHIPS WAY D O O,CONSUMER STAPLES
LIMAGRAIN DOO NOVI SAD,CONSUMER STAPLES
COOPSERVICE BMK DOO,INDUSTRIALS
BOOKER GROUP DOO,INFORMATION TECHNOLOGY
EJ REAL ESTATE,REAL ESTATE
GROUP PNEUTECH,CONSUMER DISCRETIONARY
MERAXES SOLUTIONS & SERVICES D.O.O,INFORMATION TECHNOLOGY
MAGNA REAL ESTATE DOO,HEALTH CARE
ROSENBERG DOO DOBANOVCI,REAL ESTATE
GSF-LTD DOO,CONSUMER STAPLES
SPECIJALNA BOLNICA,HEALTH CARE
BEOSTEEL D.O.O.,MATERIALS
RATAR AD PANCEVO,NOT RELEVANT
MSG GLOBAL DIGITAL DOO,INFORMATION TECHNOLOGY
DIESEL 24 DOO BEOGRAD,ENERGY
GRANOLIA D.O.O.,CONSUMER STAPLES
DTM INVESTMENTS D.O.O.,CONSUMER DISCRETIONARY
EMKA FEINGUSS D.O.O. MIONICA,MATERIALS
ENTERIJER JANKOVIC INZENJERING DOO,INDUSTRIALS
CORIC AGRAR DOO BASAID,CONSUMER STAPLES
LILLY DROGERIE DOO BEOGRAD,CONSUMER STAPLES
ARDAGH METAL PACKAGING SERBIA D.O.,INDUSTRIALS
BEO-LAB PLUS BEOGRAD,HEALTH CARE
MATIS DOO IVANJICA,CONSUMER DISCRETIONARY
IBC TECHNOLOGIES DOO,INDUSTRIALS
"EP-BELT DOO, LOZNICA",INDUSTRIALS
BIOCHEM BALKAN DOO DOBANOVCI,CONSUMER STAPLES
B.B. LINK DOO BEOGRAD,CONSUMER DISCRETIONARY
RINOL DOO BEOGRAD,INDUSTRIALS
M-RAIL DOO,INDUSTRIALS
GROUP JUGOTRADE BEOGRAD,INDUSTRIALS
ATAKO DOO,UTILITIES
AUTOTRANSPORTER DOO,INDUSTRIALS
GROUP WINWIN,CONSUMER DISCRETIONARY
FABRIKA AKUMULATORA AD,INDUSTRIALS
LESAFFRE RS DOO,CONSUMER STAPLES
PARALELA TRADE SOLUTIONS D.O.O. BE,CONSUMER STAPLES
SPARE PARTS INTERNATIONAL DOO BEOG,INDUSTRIALS
GROUP ZEMLJORADNIÈKA ZADRUGA TRLIÆ,CONSUMER STAPLES
AGROVOJVODINA MEHANIZACIJA DOO,INDUSTRIALS
DK 2008 DOO,INDUSTRIALS
CTFM D.O.O. BEOGRAD,INDUSTRIALS
MOPEX DOO,INDUSTRIALS
VEOLIA WATER SOLUTIONS & TECHNOLOG,INDUSTRIALS
"IMPOL SEVAL AD, SEVOJNO",MATERIALS
OKTACRON DOO,INFORMATION TECHNOLOGY
"MILETIC-KOMERC DOO SALUDOVAC, PARA",CONSUMER DISCRETIONARY
HITEAM DOO VRSAC,INFORMATION TECHNOLOGY
NCR DOO BEOGRAD,INDUSTRIALS
GROUP SRBOAUTO,CONSUMER DISCRETIONARY
PRIVREDNA KOMORA SRBIJE,INDUSTRIALS
NOVA KERAMIKA DOO VETERNIK U STECA,NOT RELEVANT
JKP VODOVOD KRUSEVAC,UTILITIES
SERBIA ZIJIN MINING D O O,MATERIALS
ELEKTROMONT - ILT DOO,INDUSTRIALS
boss utr judit cakanj pr,CONSUMER DISCRETIONARY
PWW DOO,INDUSTRIALS
MIO COMPANY DOO,INDUSTRIALS
GROUP TESTER AL Jagodina,INDUSTRIALS
DARAN GROUP D.O.O.,INFORMATION TECHNOLOGY
ENERGOTEHNIKA-JUZNA BACKA DOO NOVI,INDUSTRIALS
MASTER FRIGO PROJEKT D.O.O. BEOGRA,INDUSTRIALS
ELEKTROIZGRADNJA DOO BEOGRAD,INDUSTRIALS
JKP GRADSKA TOPLANA KRUSEVAC,NOT RELEVANT
TUS DOO BEOGRAD (NOVI BEOGRAD),FINANCIALS
EKO SERBIA AD BEOGRAD,ENERGY
PRIVREDNIK SRPSKI POSLOVNI KLUB,NOT RELEVANT
MAZ SR DOO REKOVAC,CONSUMER DISCRETIONARY
ALLIANCE ONE TOBACCO DOO BEOGRAD -,CONSUMER STAPLES
FRUTISSIMO DOO STARA PAZOVA - U ST,CONSUMER STAPLES
NOVOSADSKI SAJAM A.D.,INDUSTRIALS
ZITOPRERADA DM DOO NOVI BECEJ,CONSUMER STAPLES
COCA-COLA HBC SRBIJA,CONSUMER STAPLES
STIGA DOO NOVI SAD,HEALTH CARE
APOTEKARSKA USTANOVA SOPHARMACY,CONSUMER STAPLES
PUMPA TRADE DOO NIS,NOT RELEVANT
DOO SLAVIJACOOP NOVI SAD,REAL ESTATE
JELEN DO DOO,MATERIALS
STEEL BALL,MATERIALS
HEMOFARM AD VRSAC,HEALTH CARE
BEOGUMA INVESTMENTS DOO ,INDUSTRIALS
ACO GRADEVINSKI ELEMENTI DOO  KRNJ,INDUSTRIALS
GRADITELJ AD KIKINDA,NOT RELEVANT
GEBRUDER WEISS DOO DOBANOVCI,NOT RELEVANT
EUROSALON AMBIJENT DOO BEOGRAD,CONSUMER DISCRETIONARY
ENERGOPROJEKT ENTEL,INDUSTRIALS
KLAS DOO BEOGRAD,NOT RELEVANT
ALBERGO D.O.O. - HOTEL LE PETIT PI,NOT RELEVANT
WEISHAUPT DOO BEOGRAD,INDUSTRIALS
PORSCHE IMMOBILIEN,CONSUMER DISCRETIONARY
FERBILD DOO BEOGRAD,INDUSTRIALS
FMS KVART DOO PETROVAC,INDUSTRIALS
MEDICO PHARM SERVIS DOO,HEALTH CARE
IVKO KNITS DOO BLACE,CONSUMER DISCRETIONARY
PROMSEK DOO PANCEVO,INDUSTRIALS
PAMIN  DOO GORNJI MILANOVAC,CONSUMER STAPLES
EDTECH PLUS TECH,INFORMATION TECHNOLOGY
DUNAV GRUPA AGREGATI A.D.,MATERIALS
DUCLA TRADING DOO BEOGRAD,NOT RELEVANT
AGROCRNJA D.O.O.,CONSUMER STAPLES
MINEL-ELEKTROGRADNJA-DV AD,NOT RELEVANT
INSTITUT ZA PUTEVE AD BEOGRAD,INDUSTRIALS
IDEA DOO,CONSUMER STAPLES
DOO ZITO-BACKA KULA,CONSUMER STAPLES
MNG PLASTIK GOGIC,MATERIALS
RECONAL SISTEMI DOO NIS,INDUSTRIALS
TIGAR AD PIROT,CONSUMER DISCRETIONARY
TM HOSPITALITY DOO,CONSUMER DISCRETIONARY
AUTO MARKET GROUP DOO SABAC,CONSUMER DISCRETIONARY
NAKA,INDUSTRIALS
MTEL GLOBAL DOO BEOGRAD,COMMUNICATIONS
VIVEX GROUP DOO BEOGRAD,INDUSTRIALS
PONS GRADNJA DOO STARA PAZOVA,INDUSTRIALS
JU-VES-KOMERC DOO POZEGA - U STECA,CONSUMER DISCRETIONARY
STEFAN DOO ARILJE,CONSUMER DISCRETIONARY
JEDINSTVO DOO,CONSUMER STAPLES
SVETLOST TEATAR DOO BEOGRAD,INDUSTRIALS
RESA GRADNJA,INDUSTRIALS
TERMO TIM DOO BEOGRAD,INDUSTRIALS
DG COMPANY DOO SUBOTICA,INDUSTRIALS
GROUP GRUPA UNIVERZAL HOLDING,NOT RELEVANT
DUAL PARADOX   - U PRINUDNOJ LIKVI,MATERIALS
TEAM OIL D.O.O.,NOT RELEVANT
AMB GRAFIKA AD NOVI SAD,MATERIALS
HTD VUJIC DIVCIBARE DOO,CONSUMER DISCRETIONARY
PRESS PUBLISHING GROUP DOO,NOT RELEVANT
GRADINA SISTEM,MATERIALS
KEYING DOO KIKINDA,NOT RELEVANT
GROUP GLOBAL PRESS,CONSUMER DISCRETIONARY
YU MONBAT DOO,INDUSTRIALS
AD AGROSTROJ CACAK,NOT RELEVANT
"PRIVATNO PREDUZECE ZA PROIZVODNJU,",CONSUMER STAPLES
PM SERVICES DOO BEOGRAD,CONSUMER STAPLES
ALIAXIS UTILITIES & INDUSTRY DOO,INDUSTRIALS
GROUP STEELSOFT,CONSUMER DISCRETIONARY
AVTERA SR DOO BEOGRAD,INFORMATION TECHNOLOGY
CAPRIOLO DOO BACKA TOPOLA,CONSUMER DISCRETIONARY
WIRTGEN SRBIJA DOO BEOGRAD,INDUSTRIALS
MONTING-GROUP-SP DOO,INDUSTRIALS
WINE ART DOO BEOGRAD,CONSUMER STAPLES
GROUP NAPRED/ENERGOPROJEKT,INDUSTRIALS
DOO EURO GAS SUBOTICA,INDUSTRIALS
IGM OPEKA DOO SMEDEREVSKA PALANKA,MATERIALS
CEMMAX DOO,MATERIALS
MATIS NEW POINT DOO,REAL ESTATE
JASMIN DOO BEOGRAD,CONSUMER STAPLES
D.S. INZENJERING DOO BEOGRAD,INDUSTRIALS
AGRO TECH PMD DOO TRESNJEVAC,INDUSTRIALS
ATLAS COPCO SRBIJA DOO,INDUSTRIALS
ASTRA SIMIT DOO U STECAJU BEOGRAD,NOT RELEVANT
COBEST A.D.,NOT RELEVANT
UTVAKOM DOO BEOGRAD,MATERIALS
MARJANOVIC-TRANS DOO,INDUSTRIALS
ESENSA DOO BEOGRAD,HEALTH CARE
FIDELINKA KOMPANIJA DOO,CONSUMER STAPLES
RODIC M&B - U STECAJU,NOT RELEVANT
CADCAM DATA DOO BEOGRAD,INFORMATION TECHNOLOGY
BEL SPACE,REAL ESTATE
INTERSPED DOO KRAGUJEVAC,NOT RELEVANT
AEROLAB DOO BEOGRAD,INDUSTRIALS
COLOR PRINT DOO NOVI SAD,INDUSTRIALS
PRIMAR CO DOO,INDUSTRIALS
BEE IT DOO,INFORMATION TECHNOLOGY
INOS NAPREDAK AD SABAC,INDUSTRIALS
SLIMS D.O.O.,CONSUMER STAPLES
AZD SAOBRACAJNI SISTEMI DOO BEOGRA,INDUSTRIALS
MARINKOVIC-HOFMANN DOO VELIKA MOST,INDUSTRIALS
CITY RENT A CAR DOO,INDUSTRIALS
HOTEL METROPOL PALACE D.O.O. BEOGR,CONSUMER DISCRETIONARY
DURDEVIC 2010 DOO SUBOTISTE,CONSUMER STAPLES
INCEPTION DOO BEOGRAD,INFORMATION TECHNOLOGY
GROUP MAKLER,HEALTH CARE
MASTER GROUP DOO NOVI SAD,CONSUMER DISCRETIONARY
BEOTURS DOO BEOGRAD,CONSUMER DISCRETIONARY
GROUP SRBIJAGAS,UTILITIES
-U STECAJU,NOT RELEVANT
COLOR PRESS GROUP 1992 D.O.O.,CONSUMER DISCRETIONARY
DONERRA,CONSUMER STAPLES
CISTOCA I ZELENILO JKP SUBOTICA,NOT RELEVANT
RODIC M&B-CO  TRGOVINSKO UGOSTITELJ,NOT RELEVANT
FLOOREXPERTS DOO BEOGRAD,INDUSTRIALS
PREDSTAVNISTVO AIFAR AGROCHIMI,INDUSTRIALS
G INVEST DOO,NOT RELEVANT
VAPEKS DOO CACAK,MATERIALS
FOCUS I.M.C. DOO BEOGRAD,CONSUMER STAPLES
CENTRALINVEST DOO BEOGRAD,INDUSTRIALS
"KRAFT FOODS DOO,VAT.103822660",CONSUMER STAPLES
"DRAGOVIC TRANSPORT DOO, SMEDEREVO",INDUSTRIALS
BTL MANDIS MEDIA DOO,COMMUNICATIONS
CE-ZA-R DOO BEOGRAD,MATERIALS
GROUP AGROPANONKA,INDUSTRIALS
FISH CORP. 2000 FEED DOO,INDUSTRIALS
PHARMA-MAAC DOO BEOGRAD,HEALTH CARE
P.S. FASHION DESIGN DOO CACAK,CONSUMER DISCRETIONARY
UZOR PROMET DOO NOVI SAD,REAL ESTATE
KALLAS SB DOO,CONSUMER STAPLES
AGRO STAR PROIZVODNJA DOO,CONSUMER STAPLES
EMDIRO CONSULTANTS SERVICES DOO BE,INDUSTRIALS
INTERMERKUR DOO BEOGRAD - U STECAJ,NOT RELEVANT
MERKUR-CELIK,FINANCIALS
IN2 INFORMATICKI INZENJERING DOO,INFORMATION TECHNOLOGY
AGRO ARM DOO BEOGRAD (VOZDOVAC),MATERIALS
FN DALLAS DOO,NOT RELEVANT
SANTAMED D.O.O. BEOGRAD,HEALTH CARE
BIOTRONIK ADRIATIC DOO BEOGRAD,HEALTH CARE
ICES DOO,INFORMATION TECHNOLOGY
CENEJ AGRAR,CONSUMER STAPLES
UNIVERZITET SINGIDUNUM BEOGRAD,CONSUMER DISCRETIONARY
BOZIDAR RISTIC PR PRIPREMNA GRADIL,INDUSTRIALS
AUTORITAS INVESTMENT DOO NOVI SAD,CONSUMER STAPLES
POLLARD DIGITAL SOLUTIONS D.O.O.,INFORMATION TECHNOLOGY
LIVNICA PRECIZNIH ODLIVAKA DOO,INDUSTRIALS
SUBGROUP ASTERFARM,CONSUMER STAPLES
INTERSREM FLEET MANAGEMENT,INDUSTRIALS
MLINOTEST-S DOO RUMA,CONSUMER STAPLES
YUGOTUB DOO NOVA PAZOVA,INDUSTRIALS
INOBACKA D.O.O.,INDUSTRIALS
VELEMIR (NEDELJKO) VESKOV,CONSUMER STAPLES
PRODANOVIC DOO MAJUR,INDUSTRIALS
BIOWINE DOO NOVI SAD U STECAJU,NOT RELEVANT
BUKULJA J.K.P.,NOT RELEVANT
SAMSTAG-BALKAN D.O.O.,NOT RELEVANT
GRAMERCY DOO BEOGRAD,NOT RELEVANT
JAGODINA PUT D.O.O.,INDUSTRIALS
FEROMONT-GRADNJA DOO - STARA PAZOV,INDUSTRIALS
INTER MIMS DOO,NOT RELEVANT
ZIMPA AD UB,INDUSTRIALS
CISTOCA JAVNO KOMUNALNO,INDUSTRIALS
EGIS D.O.O. BEOGRAD,INDUSTRIALS
GROUP ENTERIJER JANKOVIC,INDUSTRIALS
VEGA IT D.O.O. NOVI SAD,INFORMATION TECHNOLOGY
NECTAR DOO BACKA PALANKA,CONSUMER STAPLES
LJUBENKOVIC D.O.O.,INDUSTRIALS
TRIGEMA D.O.O. BEOGRAD,INDUSTRIALS
DOO RACA ZRENJANIN,CONSUMER STAPLES
ALEXANDAR DOO NOVI SAD,CONSUMER STAPLES
DT D.O.O.,INDUSTRIALS
STRABAG AG,INDUSTRIALS
OZZ AGRONOM DESPOTOVO-PIVNICE PIVN,CONSUMER STAPLES
TSV BRAVE DOO BEOGRAD,CONSUMER STAPLES
SIEMENS DOO BEOGRAD,INDUSTRIALS
DEKORAT DOO BEOGRAD,INDUSTRIALS
ARMSTEEL DOO RUMENKA,INDUSTRIALS
METALNE KONSTRUKCIJE 037 DOO,INDUSTRIALS
FUTURUM AD BEOGRAD,NOT RELEVANT
JELIC PETROL DOO,CONSUMER DISCRETIONARY
JGL,HEALTH CARE
DRUSTVO SA OGRANICENOM,CONSUMER DISCRETIONARY
GROUP TOPOLA IM,NOT RELEVANT
PROTECH DOO NOVI SAD,INDUSTRIALS
IHR DOO U STECAJU,NOT RELEVANT
SLOGA AD NOVI PAZAR,INDUSTRIALS
NAFTAGAS-TRANSPORT D.O.O. NOVI SAD,INDUSTRIALS
CARNEX MACHINERY LIMITED DOO VRBAS,CONSUMER STAPLES
VODOVOD I KANALIZACIJA JP ZRENJANI,UTILITIES
INTERFAST ADVANCED SECURITY SYSTEM,INDUSTRIALS
HIDRO-BAZA AGREGATI DOO,MATERIALS
AGROMARKET MACHINERY,INDUSTRIALS
DOO BANATSKI KLAS PANCEVO,CONSUMER STAPLES
IRIS MEGA DOO,INFORMATION TECHNOLOGY
LAZOVIC GRADNJA DOO NOVI SAD,INDUSTRIALS
JKP BEOCIN ,INDUSTRIALS
BRICKEN DOO NOVI SAD,INDUSTRIALS
DOO HOROSZCOOP SENTA,INDUSTRIALS
AGRO-PROMET DOO BECEJ,CONSUMER STAPLES
METSO D.O.O.,INDUSTRIALS
BOYSEN ABGASSYSTEME,CONSUMER DISCRETIONARY
TRANSPORT BERAR DOO MELENCI,INDUSTRIALS
AUTO CENTAR MILENIJUM DOO BEOGRAD,CONSUMER DISCRETIONARY
AGORA ECO,UTILITIES
PSS POLJOPRIVREDNA STANICA DOO,INDUSTRIALS
TEMA BROKER A.D.,NOT RELEVANT
DIRECT GROUP DOO,CONSUMER STAPLES
MOSTOGRADNJA A.D.,INDUSTRIALS
CAN ADVERTISING DOO BEOGRAD,NOT RELEVANT
SOPHARMA TRADING PHARMACEUTICALS D,HEALTH CARE
BUFFALO DOO CACAK- U STECAJU,NOT RELEVANT
SOMBORMLIN AD SOMBOR,NOT RELEVANT
GROUP FMP,NOT RELEVANT
EINHELL DOO BEOGRAD,CONSUMER DISCRETIONARY
DACIC PROM DOO NOVI PAZAR,MATERIALS
DOO PANSPED NOVI SAD,INDUSTRIALS
HAMBURGER RECYCLING SERBIA DOO,INDUSTRIALS
OGREV DOO ZRENJANIN,INDUSTRIALS
STOBEX DOO,MATERIALS
SPONIT DOO CACAK,CONSUMER DISCRETIONARY
COLOR-CHEMICALS,MATERIALS
GROUP NESAM,INDUSTRIALS
BRACA POPOVIC DOO KRAGUJEVAC,CONSUMER STAPLES
SWEET HOME PORT DOO,CONSUMER DISCRETIONARY
ENERGY NET SOLUTION DOO,INDUSTRIALS
FIMAS DOO BEOGRAD,CONSUMER DISCRETIONARY
FORVIS MAZARS D.O.O. BEOGRAD,INDUSTRIALS
EMS AD BEOGRAD,UTILITIES
SILOIN DOO KOVIN,NOT RELEVANT
SVET INTERNATIONAL DOO,NOT RELEVANT
NET-CONNECT D.O.O. - U LIKVIDACIJI,COMMUNICATIONS
DOO ALFA 022 RUMA,INDUSTRIALS
BERRY FRUTICO DOO LUCANI,CONSUMER STAPLES
AQUALIA INFRAESTRUCTURAS D.O.O.,NOT RELEVANT
DOO SLAVIJACOOP LOGISTIC BEOGRAD -,INDUSTRIALS
MONIKA HOUSE,CONSUMER DISCRETIONARY
RADNJA ZA VRSENJE USLUGA,INDUSTRIALS
TERRA SRBIJA DOO SIMANOVCI,INDUSTRIALS
MARMIL INZENJERING D.O.O. BEOGRAD,INDUSTRIALS
EURODIJAGNOSTIKA,HEALTH CARE
CML CONSTRUCTION SERVICES,INDUSTRIALS
ELKOMS DOO BEOGRAD,INDUSTRIALS
ALEMILOIL DOO,INDUSTRIALS
APOTEKARSKA USTANOVA BENU BEOGRAD,CONSUMER STAPLES
ERWIN DOO NOVI PAZAR,INDUSTRIALS
UNITRAG PIZON DOO BEOGRAD,INDUSTRIALS
GAMA D.K. DOO BACKA TOPOLA,CONSUMER STAPLES
NOMIL PROMET DOO  ARILJE - U STECA,CONSUMER STAPLES
BI-COMMERCE DOO NOVI SAD,MATERIALS
AGROFARM-TRADE DOO TOPOLA,CONSUMER DISCRETIONARY
ARETOL DOO NOVI SAD,CONSUMER STAPLES
RAPP ZASTAVA DOO KRAGUJEVAC,INDUSTRIALS
ANDREAS (ONDREJ) HEDJI,CONSUMER STAPLES
H.T. & L. FITTING SERBIA DOO KRAGU,CONSUMER DISCRETIONARY
VERIDOS NETSET DOO,INFORMATION TECHNOLOGY
GROUP MOJ KIOSK,CONSUMER STAPLES
GROUP LILLY,CONSUMER STAPLES
AUTO KODEKS DOO BEOGRAD,INDUSTRIALS
WBD DOO BEOGRAD,INFORMATION TECHNOLOGY
IMPERIAL TOBACCO SCG DOO BEOGRAD,CONSUMER STAPLES
SSC DOO SMEDEREVO,INDUSTRIALS
JUGIS DOO BEOGRAD,INDUSTRIALS
21. JANUAR D.O.O.      ,INDUSTRIALS
SKY TOPECO DOO BEOGRAD,INDUSTRIALS
TRANSPORTNO DRUSTVO C&LC-GROUP DOO,INDUSTRIALS
NUTRIFEED-SOLUTIONS D.O.O.,CONSUMER STAPLES
MOZZART D.O.O.,CONSUMER DISCRETIONARY
METALEX DOO,NOT RELEVANT
PSC D.O.O.,INFORMATION TECHNOLOGY
AMSS DOO,NOT RELEVANT
TONI COMMERCE 2011 DOO,MATERIALS
MILIJA  DOO  KRAGUJEVAC,NOT RELEVANT
DHL INTERNATIONAL BEOGRAD D.O.O.,INDUSTRIALS
GORAN INVEST BG DOO,INDUSTRIALS
PREDUZECE ZA PRODAJU ALUMINIJUMA VE,NOT RELEVANT
LE BELIER KIKINDA LIVNICA DOO,MATERIALS
MEGA RENT DOO,INDUSTRIALS
ELEKTROMETAL GREEN DOO,INDUSTRIALS
BAKARNE CEVI - U PRINUDNOJ LIKVIDA,MATERIALS
GROUP JUGOKOP,INDUSTRIALS
ZITOPROMET-MLIN AD SENTA,CONSUMER STAPLES
AGRINOVA DOO NOVI SAD,INDUSTRIALS
FAKULTET ZA EKONOMIJU I INZENJERSK,CONSUMER DISCRETIONARY
BELARUS-AGROPANONKA DOO NOVI SAD,INDUSTRIALS
AGROSAVA DOO,MATERIALS
SIM DOO,INDUSTRIALS
CORNER PIZZA D.O.O.,CONSUMER DISCRETIONARY
BOMEX HOLDING D.O.O.,MATERIALS
EXCITING D.O.O.,INDUSTRIALS
TODY GH DOO,CONSUMER STAPLES
GROUP ERAKOVIC,CONSUMER STAPLES
INITIATIVE DOO BEOGRAD,CONSUMER DISCRETIONARY
LUXURY TANNERY DOO RUMA,CONSUMER DISCRETIONARY
AGROPRODUKT DOO BUMBAREVO BRDO,CONSUMER STAPLES
ELIXIR ENGINEERING DOO,MATERIALS
GREENFLOW RECYCLING DOO,INDUSTRIALS
TIM POWER PLUS D.O.O. PIROT,INDUSTRIALS
ERNST & YOUNG CONSULTING D.O.O.,INDUSTRIALS
AQUACHEM D.O.O.,INDUSTRIALS
CRAYON,INFORMATION TECHNOLOGY
PPL D.O.O.,INDUSTRIALS
MIRKO (ZIVKO) MILJUS,NOT RELEVANT
GORENJE D.O.O.,CONSUMER DISCRETIONARY
ARROW-DISTRIBUTION NET WORK DOO BE,CONSUMER STAPLES
OBELISK GRADNJA DOO BEOGRAD,REAL ESTATE
Lagermax AED doo,INDUSTRIALS
MISTRAL KOMERC D.O.O.,CONSUMER STAPLES
DAHOP UTVA DOO ALEKSINAC,MATERIALS
JARBOLI I ZASTAVE DOO RUMA,CONSUMER DISCRETIONARY
HIRIM CO DOO BEOGRAD,REAL ESTATE
Subgroup Juzna Backa,INDUSTRIALS
NEW IMAGE D.O.O. BEOGRAD-NOVI BEOG,INDUSTRIALS
CAMMEO GRUPA D.O.O. BEOGRAD,INDUSTRIALS
SWISSLION GROUP DOO BEOGRAD-SAVSKI,CONSUMER STAPLES
UNICOOP DOO ZABALJ,CONSUMER STAPLES
ERS HOLDING DOO,REAL ESTATE
AGRARIA TIM DOO - U STECAJU,CONSUMER STAPLES
TEIKOM DOO,INDUSTRIALS
SIGIT DOO GROSNICA,CONSUMER DISCRETIONARY
BANAT SEME D.O.O. ZRENJANIN,CONSUMER STAPLES
JONIMPEX DOO SMEDEREVO,INDUSTRIALS
GROUP OPTICUS,HEALTH CARE
JAVNA SKLADISTA DOO SUBOTICA,INDUSTRIALS
W ASFALTNA TEHNIKA DOO BEOGRAD,INDUSTRIALS
MARIS DOO NOVI SAD,INDUSTRIALS
A1 SRBIJA,COMMUNICATIONS
ISV FEED & CONSULTING DOO DURDIN,CONSUMER STAPLES
FONDACIJA ZA RECIKLAZU LIMENKI ZA,MATERIALS
RAVNICA DOO BAJMOK,NOT RELEVANT
ENERGY NET TWO DOO SREMSKA MITROVI,NOT RELEVANT
NESTLE ADRIATIC FOODS DOO,CONSUMER STAPLES
KNAUF ZEMUN DOO BEOGRAD,NOT RELEVANT
DRUSTVO SA OGRANICENOM ODGOVORNOSCU,INDUSTRIALS
saint gobain doo beograd,MATERIALS
ABV DISTRIBUCIJA DOO,CONSUMER STAPLES
NOV DOO NOVI SAD,INFORMATION TECHNOLOGY
GROUP PKB KORPORACIJA,NOT RELEVANT
AUTOFLEX-LIVNICA DOO COKA,MATERIALS
SUBGROUP COLOR MEDIA INTERNATIONAL,CONSUMER DISCRETIONARY
MIN-COMMERCE DOO BEOGRAD,CONSUMER STAPLES
CHAMPICOMP DOO PLOCICA,CONSUMER STAPLES
IGMIN OIL DOO BEOGRAD - U STECAJU,ENERGY
PIGGY CENTAR DOO,CONSUMER STAPLES
DOO BALKANPROGRES KRUSEVAC,CONSUMER DISCRETIONARY
RU METAL TRADE DOO RUMA,INDUSTRIALS
AUTO CACAK PROMET DOO,CONSUMER DISCRETIONARY
"MILETIC PETROL DOO PARACIN, SALUDO",INDUSTRIALS
DIGITAL LIFE DOO BEOGRAD,COMMUNICATIONS
"TIM KABEL DOO BEOGRAD, ZEMUN",INDUSTRIALS
KNJAZ MILOS-NATURA,CONSUMER STAPLES
GROUP EUROINVEST NS,REAL ESTATE
EPS AD BEOGRAD,UTILITIES
SVETLANA (VLASTIMIR) RONCEVIC,CONSUMER STAPLES
PRIMAX DOO BEOGRAD,HEALTH CARE
INS DOO,REAL ESTATE
AUTOBUS DOO NOVI SAD,CONSUMER DISCRETIONARY
DAK DOO BEOGRAD,CONSUMER DISCRETIONARY
ALKALOID DOO,HEALTH CARE
AKS FLEET SOLUTION DOO,INDUSTRIALS
ORAHOVO DOO SENTA,NOT RELEVANT
SALINEN DOO SIMANOVCI,CONSUMER STAPLES
GROUP MM,CONSUMER DISCRETIONARY
NTC PROPERTY DOO,NOT RELEVANT
PRICEWATERHOUSECOOPERS DOO BEOGRAD,INDUSTRIALS
INSTITUT ZA RATARSTVO I POVRTARSTV,CONSUMER STAPLES
DOBAR VETAR DOO BEOGRAD,CONSUMER STAPLES
RAMAZZA OIL DOO LESKOVAC,REAL ESTATE
PESTAN DOO BUKOVIK,INDUSTRIALS
SENJAK DOO BEOGRAD,MATERIALS
TESTER-AL DOO JAGODINA,INDUSTRIALS
KARIN KOMERC MD DOO NOVI SAD,INDUSTRIALS
ALPROS EVISION,CONSUMER DISCRETIONARY
SPORT TIME BALKANS DOO BEOGRAD,CONSUMER DISCRETIONARY
COMTRADE SYSTEM INTEGRATION D.O.O.,INFORMATION TECHNOLOGY
MAGREM DOO BEOGRAD,INDUSTRIALS
RADULOVIC DOO,CONSUMER DISCRETIONARY
ADONIS DOO SOKOBANJA,CONSUMER STAPLES
BARENTZ DOO BEOGRAD,MATERIALS
EVAPIFY D.O.O.,CONSUMER STAPLES
ATRIUM PROPERTY SERVICES D.O.O.,INDUSTRIALS
TBM DUNAV DOO,NOT RELEVANT
PRESTON HOLDING DOO,INDUSTRIALS
FMP DOO BEOGRAD,MATERIALS
GROUP PROTEAM,INDUSTRIALS
INTERQO GROUP DOO LESKOVAC,CONSUMER STAPLES
GP PORR DOO BEOGRAD - U LIKVIDACIJ,INDUSTRIALS
CONTITECH FLUID SERBIA DOO SUBOTIC,CONSUMER DISCRETIONARY
TP JABUKA DOO BEOGRAD,NOT RELEVANT
GLOBAL PRESS DOO BEOGRAD,CONSUMER DISCRETIONARY
"ALEKSANDROVIC VT DOO TOPOLA, VINCA",CONSUMER DISCRETIONARY
HELIOS SRBIJA A.D. GORNJI MILANOVA,MATERIALS
COMTRADE SOLUTIONS ENGINEERING,INFORMATION TECHNOLOGY
DOM ZDRAVLJA ACIBADEM BEL MEDIC,HEALTH CARE
AXSYNTHA D.O.O.,MATERIALS
HEINEKEN SRBIJA DOO ZAJECAR,CONSUMER STAPLES
EVIDEN,INFORMATION TECHNOLOGY
JKP BEOGRADSKE ELEKTRANE,UTILITIES
DUOMED SOUTHEAST EUROPE D.O.O.,HEALTH CARE
OXYGEN DOO BEOGRAD,CONSUMER DISCRETIONARY
DELMAX DOO STARA PAZOVA,CONSUMER DISCRETIONARY
IVAN RAJIC PR RAJIC 2015,CONSUMER STAPLES
POSLOVNI SISTEM DOMINA DOO BEOGRAD,NOT RELEVANT
ETI&PACK DOO,CONSUMER DISCRETIONARY
MITIC DOO LESKOVAC,CONSUMER DISCRETIONARY
GP RATKO MITROVIC-NISKOGRADNJA BGD,INDUSTRIALS
SAJKASKA AD ZABALJ,CONSUMER STAPLES
GILERA DOO BEOGRAD-ZEMUN,INDUSTRIALS
LUCAR DOO NOVI SAD,CONSUMER STAPLES
FASHION COMPANY DOO,CONSUMER DISCRETIONARY
JEDINSTVO - LIVNICA POZEGA DOO POZ,MATERIALS
KEJ DOO VALJEVO,INDUSTRIALS
JKP JAVNO OSVETLJENJE,INDUSTRIALS
AGROSTORY D.O.O. BANATSKI KARLOVAC,CONSUMER STAPLES
METALKA-MAJUR DOO JAGODINA,INDUSTRIALS
HÖRMANN SRBIJA DOO BEOGRAD,INDUSTRIALS
GROUP FORMA IDEALE,CONSUMER DISCRETIONARY
LUKAFOOD,CONSUMER STAPLES
PRIVREDNO DRUSTVO MEHANIZACIJA TRG,INDUSTRIALS
RETAIL PARK DUNJA,CONSUMER STAPLES
SLODES DOO BEOGRAD,CONSUMER DISCRETIONARY
GRANICE DOO MLADENOVAC,CONSUMER STAPLES
LAMEX DOO NOVI SAD,CONSUMER DISCRETIONARY
ZITOSREM DOO INDIJA,CONSUMER STAPLES
MONOBLOK DOO NOVI SAD,INDUSTRIALS
VIKTOR GAJOVIC PR TRGOVINSKA RADNJ,CONSUMER DISCRETIONARY
SPECIJALNA BOLNICA ZA HEMODIJALIZU,HEALTH CARE
MILOSEVIC DOO KRUSEVAC,INDUSTRIALS
VAR SISTEM DOO,INDUSTRIALS
"PHARMASWISS DOO, BEOGRAD",HEALTH CARE
OTPAD DOO SUBOTICA - U PRINUDNOJ L,MATERIALS
MACKATICA AD,NOT RELEVANT
HANSA FLEX HIDRAULIKA DOO BEOGRAD,INDUSTRIALS
PRINTEC DOO BEOGRAD,CONSUMER DISCRETIONARY
EURO LIN + DOO PARACIN,REAL ESTATE
MARKO-EKSPORT D.O.O.,INDUSTRIALS
GOSA FABRIKA OPREME I MASINA AD,NOT RELEVANT
ROLOPLAST DOO,INDUSTRIALS
VIS-IA DOO,INDUSTRIALS
MMM PIZZA GROUP DOO NOVI SAD,CONSUMER DISCRETIONARY
PDM AGRO FRUIT DOO,CONSUMER STAPLES
NOVEL IT SYSTEMS,INFORMATION TECHNOLOGY
ECOLAB HYGIENE DOO BEOGRAD,MATERIALS
RINGIER AXEL SPRINGER DOO BEOGRAD,CONSUMER DISCRETIONARY
YUFOS DOO BEOGRAD,MATERIALS
SAGLOBAL DOO,INFORMATION TECHNOLOGY
ZISIC JOVAN PREDUZETNIK SPIN MARKE,CONSUMER STAPLES
HOMOLJE  ZAGUBICA,CONSUMER STAPLES
ARMEX D.O.O. ZABALJ,INDUSTRIALS
REFOT B D.O.O. BEOGRAD,CONSUMER DISCRETIONARY
GA DOO BEOGRAD,INDUSTRIALS
CENTAR ZA PRIMENJENU CIRKULARNU EK,MATERIALS
R&B MEDICAL COMPANY DOO BEOGRA,HEALTH CARE
KOMUNALAC JP BECEJ,INDUSTRIALS
VODOGRADNJA DOO PUKOVAC,INDUSTRIALS
GROUP MATIS,CONSUMER DISCRETIONARY
VISNJEVI SAD DOO NOVI SAD,CONSUMER STAPLES
UNIVERSAL EXPRESS DOO BEOGRAD,INDUSTRIALS
TRANSPED-BEOGRAD DOO BEOGRAD - U S,NOT RELEVANT
KMV BEV MANGO D.O.O.,CONSUMER STAPLES
SUBGROUP MPC HOLDING,CONSUMER STAPLES
CHEMICO EXPORT doo,CONSUMER STAPLES
"PREDUZECE ZA PROIZVODNJU,PROMET I U",MATERIALS
MONIKA 2022,CONSUMER DISCRETIONARY
Gebrüder Weiss d.o.o.,INDUSTRIALS
MSI BALKAN DOO BEOGRAD - U LIKVIDA,INFORMATION TECHNOLOGY
CONING DOO BEOGRAD,CONSUMER DISCRETIONARY
UNION SPED DOO DOBANOVCI,INDUSTRIALS
ALPROS ETECH,CONSUMER DISCRETIONARY
EKO PARTNER PLUS DOO,INDUSTRIALS
PRO TEAM DOO BEOGRAD,INDUSTRIALS
JP KOMUNALAC PIROT,INDUSTRIALS
STRABAG BRVZ,INDUSTRIALS
GROUP WORTS,CONSUMER DISCRETIONARY
SHOPGROUP DOO,CONSUMER DISCRETIONARY
VERANO-MOTORS D.O.O.,NOT RELEVANT
GROUP KAPPA STAR,MATERIALS
PIK 7 JULI AD DEBRC,CONSUMER STAPLES
YUBE DOO POZEGA,CONSUMER STAPLES
LORA COMPANY DOO KRNJESEVCI,NOT RELEVANT
SIMPO - PRZAR DOO,CONSUMER DISCRETIONARY
VALKIRA DOO,CONSUMER STAPLES
IMPACT BEL DOO KOVIN,NOT RELEVANT
VOJVODINA PUT BACKA PUT A.D. NOVI,INDUSTRIALS
BG PROPERTY DOO BEOGRAD   - U PRIN,NOT RELEVANT
HYUNDAI AUTO DOO BEOGRAD - U STECA,CONSUMER DISCRETIONARY
ISOMAT DOO SIMANOVCI,MATERIALS
PHARMAS DOO BEOGRAD,HEALTH CARE
BIFTEK RADOJEVI¿ MILOS PR NIS,CONSUMER STAPLES
DARZAL KOMERC DOO BEOCIN,CONSUMER DISCRETIONARY
UNIJAPAK DOO NIS,CONSUMER STAPLES
AUTOSTOP INTERIORS DOO LESKOVAC,CONSUMER DISCRETIONARY
M&J TRADE DOO,CONSUMER STAPLES
BASF SRBIJA D.O.O.,MATERIALS
CONSTRUCT INVEST DOO BEOGRAD,INDUSTRIALS
VIA VOSTOK DOO CACAK,INDUSTRIALS
ELIXIR CRAFT DOO,MATERIALS
NEIMAR PROJEKT DOO NIS- U STECAJU,INDUSTRIALS
PERI OPLATE DOO SIMANOVCI,INDUSTRIALS
NIKSAN D.O.O. NOVA PAZOVA,MATERIALS
DIMOCO SERBIA - U LIKVIDACIJI,INFORMATION TECHNOLOGY
DOO KONDOR AS VRNJACKA BANJA,CONSUMER DISCRETIONARY
MENTA DISTRIBUCIJA DOO CACAK - U S,CONSUMER STAPLES
ARGO DOO,NOT RELEVANT
SUBGROUP MAC DONDON,CONSUMER STAPLES
PREDUZECE WINNERS-PRODUCTS DOO DUB,CONSUMER STAPLES
SKY EXPRESS DOO BEOGRAD,INFORMATION TECHNOLOGY
ALEKSANDAR DOO NOVI SAD,NOT RELEVANT
TAGOR EMS DOO NIS,INFORMATION TECHNOLOGY
BEOROL DOO BEOGRAD,MATERIALS
RADUN AVIA DOO NOVI SAD,CONSUMER DISCRETIONARY
group green city international,INDUSTRIALS
SAMALD-ANATEKS-COMERC DOO,CONSUMER STAPLES
JP SRBIJAGAS NOVI SAD,UTILITIES
MAKSI SILOSI D.O.O. MALO CRNICE,CONSUMER STAPLES
PREDUZECE ZA INFORMATIKU,INFORMATION TECHNOLOGY
DONAUCHEM D.O.O.,MATERIALS
group institut mihajlo pupin,INDUSTRIALS
IZOTERM PLAMA DOO INDIJA,MATERIALS
AXEREAL SERBIA DOO,CONSUMER STAPLES
NICIFOROVIC L&M DOO VINCA,MATERIALS
JKP STANDARD SID,INDUSTRIALS
DOT NETWORKS,INFORMATION TECHNOLOGY
COMBIS-IT USLUGE,INFORMATION TECHNOLOGY
GROUP NAFTAcHEM,INDUSTRIALS
BEZISTAN CENTAR,REAL ESTATE
"PREDUZECE ZA PROIZVODNJU,TRGOVINU,",INDUSTRIALS
MOVE ONE RELOCATIONS DOO BEOGRAD,NOT RELEVANT
LOVRIC COMPANY DOO,INDUSTRIALS
LILLY FOOD DOO,NOT RELEVANT
URADI SAM DOO BEOGRAD,NOT RELEVANT
KONSING DOO,INDUSTRIALS
ADRIATIC MINORITYCO 003 D.O.O. BEO,CONSUMER STAPLES
VELEMAJSTOR TRGOVINE,INDUSTRIALS
VRSACKI VINOGRADI AD VINOGRADARSTVA,CONSUMER STAPLES
GALLAHER  DOO BEOGRAD - U LIKVIDAC,NOT RELEVANT
FEP DOO,INDUSTRIALS
CENTAR FAKTOR DOO - U PRINUDNOJ LI,REAL ESTATE
C.M.C. GRAMAX DOO ARANDELOVAC,INDUSTRIALS
DANUBE FOODS DOO,CONSUMER STAPLES
SCP DOO BEOGRAD,MATERIALS
ATB SEVER DOO,INDUSTRIALS
NELT CO. DOO BEOGRAD,CONSUMER STAPLES
KONCERN BAMBI A.D. POZAREVAC,CONSUMER STAPLES
KLAS 025,CONSUMER STAPLES
DRUSTVO SA OGRANICENOM,INFORMATION TECHNOLOGY
MATIJASEVIC VINOGRADI,CONSUMER STAPLES
DS SMITH INOS PAPIR SERVIS DOO,INDUSTRIALS
DELTA MOTORS DOO,CONSUMER DISCRETIONARY
BRAND DISTRIBUTION MARKET DOO,CONSUMER DISCRETIONARY
VADERSTAD DOO,INDUSTRIALS
SILBO LOGISTICS DOO BEOGRAD,INDUSTRIALS
PREDSTAVNISTVO PHARMAZEUTISCHE FABR,HEALTH CARE
SVETLOST DOO NIS,CONSUMER DISCRETIONARY
PREDUZECE FRIKOS DOO BEOGRAD - ZEM,CONSUMER STAPLES
BERICAP DOO,NOT RELEVANT
CERAGON DOO BEOGRAD - U LIKVIDACIJ,INFORMATION TECHNOLOGY
WURTH DRUSTVO SA OGRANICENOM,MATERIALS
PP FEKETIC DOO SOMBOR,NOT RELEVANT
KOPRODUKT AD NOVI SAD,NOT RELEVANT
DIREKTNA TRGOVINA DOO BEOGRAD - U,CONSUMER STAPLES
NATURA TRANSIT DOO LOZNICA,MATERIALS
GENEL,REAL ESTATE
INTER-EXPORT DOO BEOGRAD - U STECA,NOT RELEVANT
INTERGRADNJA COOP DOO,INDUSTRIALS
EKOSTAR PAK DOO BEOGRAD,INDUSTRIALS
WORLD GLASS DOO KRAgUJEVAC,INDUSTRIALS
LTD LOGISTIC DOO CACAK LJUBIC,INDUSTRIALS
MBOX TERMINALS DOO BEOGRAD,INDUSTRIALS
GIA DOO BEOGRAD,INDUSTRIALS
ECCO FOOTWEAR DOO,CONSUMER DISCRETIONARY
CENTAR ZA NESTALU I ZLOSTAVLJANU D,INDUSTRIALS
AGROVOJVODINA AUTOUNIVERZAL DOO N,INDUSTRIALS
APOTEKARSKA USTANOVA TG-PHARMA,CONSUMER STAPLES
LAYHER,INDUSTRIALS
AMREST D.O.O.,CONSUMER DISCRETIONARY
MMC-MIKROS MOBILE CENTAR DOO,INDUSTRIALS
PREDUZECE ZA PROIZVODNJU PVC PROZOR,MATERIALS
VELAS DOO BEOGRAD - U STECAJU,CONSUMER DISCRETIONARY
AGROBALKAN DOO,NOT RELEVANT
VELEFARM MEDICINA PRODAJA,NOT RELEVANT
STARION DOO BEOGRAD,NOT RELEVANT
JUGOTEHNIKA AD NIS,CONSUMER DISCRETIONARY
MAXI BULLS DOO DERONJE,CONSUMER STAPLES
"STANA MIHAJLOVIC PREDUZETNIK, MIHA",CONSUMER DISCRETIONARY
DOO JUGOINSPEKT-NOVI SAD NOVI SAD,INDUSTRIALS
OGRANAK YOKOGAWA EUROPE BRANCHES,INDUSTRIALS
KVIKI MARKET ALEKSANDAR SAVIC PR,CONSUMER STAPLES
ASTERFARM DOO BEOGRAD,HEALTH CARE
DOO LIDER TRANSPORT MEDJUNARODNI I,INDUSTRIALS
REHAU DOO,INDUSTRIALS
VITAMIN DOO HORGOS,CONSUMER STAPLES
OPTIMUM DOO SMEDEREVSKA PALANKA,MATERIALS
ENERGY CONSTRUCTION DOO SABAC,INDUSTRIALS
TOMSIN DOO SABAC,MATERIALS
REPRESENT DOO BEOGRAD,COMMUNICATIONS
SIEMENS GAMESA RENEWABLE ENERGY D.,UTILITIES
RESA LOGISTIC,REAL ESTATE
ANMANIS D.O.O.,CONSUMER STAPLES
DOO COMRAD NOVI SAD,INDUSTRIALS
PUREFERT BALKANS D.O.O.,INDUSTRIALS
CALIBRO DOO TOPOLA,CONSUMER STAPLES
PREDUZECE HIDROPROJEKAT-SAOBRACAJ,INDUSTRIALS
OZZ LESKA DOBRIC,CONSUMER STAPLES
NOKS NJ DOO BEOGRAD,INDUSTRIALS
JEDINSTVO-METALOGRADNJA AD SEVOJNO,INDUSTRIALS
ELDISY SERBIA D.O.O. CACAK,CONSUMER DISCRETIONARY
LUGANO TRADE DOO,INDUSTRIALS
PARACINKA DOO PARACIN,CONSUMER STAPLES
HRASTOVACA DOO POZAREVAC,CONSUMER STAPLES
GROUP PUTEVI UZICE,INDUSTRIALS
LJUBISAVLJEVIC DOO VRANJE - U STEC,CONSUMER STAPLES
IMPEL DOO ZRENJANIN,CONSUMER DISCRETIONARY
LAGERMAX ELITTE DOO SIBNICA-REKOVA,INDUSTRIALS
Subgroup Victoria,CONSUMER STAPLES
GROUP PLANINKA DOO,CONSUMER STAPLES
BAH-PAK-CENTAR SUZANA STANKOVIC PR,CONSUMER STAPLES
VALMEKS OOD,MATERIALS
OMEGA-PROFEKS DOO LOZNICA,CONSUMER DISCRETIONARY
MD INTERNATIONAL DOO BEOGRAD,CONSUMER STAPLES
SERBIAN BUSINESS SYSTEMS DOO BEOGR,INFORMATION TECHNOLOGY
JUGOTRADE DOO BEOGRAD,INDUSTRIALS
ENERGY STAR INTERNATIONAL DOO,CONSUMER STAPLES
BAHUS DOO,CONSUMER STAPLES
YUCO HEMIJA DOO BACKI JARAK,MATERIALS
ADRIATIC DISTRIBUTION,HEALTH CARE
2. MAJ KRAN DOO,INDUSTRIALS
STARAGENT PLUS,REAL ESTATE
GROUP BLUE STORE,CONSUMER DISCRETIONARY
TRGOKOMERC EXPORT-IMPORT DOO,INDUSTRIALS
SUBGROUP ATRIKOD,INDUSTRIALS
VAZDUHOPLOVNI SAVEZ SRBIJE,CONSUMER DISCRETIONARY
EXPERT STIL DOO LESKOVAC,CONSUMER DISCRETIONARY
EUROMES PLUS DOO,NOT RELEVANT
ADRENALIN DOO BEOGRAD,CONSUMER DISCRETIONARY
MAJDAN LUKS D.O.O.,CONSUMER DISCRETIONARY
TRADING TEAM DOO NOVI SAD,CONSUMER STAPLES
KLACSKA JUGOSLAVIJA DOO BEOGRAD,INDUSTRIALS
ELIXIR FRUIT DOO - U LIKVIDACIJI,CONSUMER STAPLES
MEGA TABAK D.O.O.,NOT RELEVANT
EXIM-COMMERCE DOO PALIC,INDUSTRIALS
PROJEKTOMONTAZA D.O.O. BEOGRAD,REAL ESTATE
KASTOR DOO JAGODINA,CONSUMER DISCRETIONARY
ERNST & YOUNG DOO BEOGRAD,INDUSTRIALS
DIAHEM GRAMIM DOO BEOGRAD,HEALTH CARE
DIGITAL PRINTING CENTER DOO BEOGRA,COMMUNICATIONS
CBRE GWS,REAL ESTATE
NISKOGRADNJA AD NIS,INDUSTRIALS
MG GROUP HR SERVICES,INDUSTRIALS
INSTITUT ZA KUKURUZ ZEMUN POLJE,NOT RELEVANT
GROUP ZIDAR,CONSUMER DISCRETIONARY
BETON PLUS D.O.O.,MATERIALS
SLUZBENI GLASNIK,CONSUMER DISCRETIONARY
E SEARCH D O O  BEOGRAD,INDUSTRIALS
VISNJICA RESTORANI DOO BEOGRAD,CONSUMER DISCRETIONARY
GRADSKI ZAVOD ZA VESTACENJA,INDUSTRIALS
LAT NITROGEN,MATERIALS
CREMA GEL,CONSUMER DISCRETIONARY
ELIXIR PRAHOVO DOO,MATERIALS
PULSE OFFICE DOO NOVA PAZOVA,CONSUMER DISCRETIONARY
SIGNAL DOO SOMBOR,INDUSTRIALS
JUGO-KAOLIN DOO ZAJECAR,MATERIALS
GEODIS SCO DOO,INDUSTRIALS
GAS LIDER,INDUSTRIALS
SERBIA ZIJIN COPPER DOO,MATERIALS
PTP TRANSKOM DOO SABAC,CONSUMER STAPLES
DOO KS-SAFETY SHOES,CONSUMER DISCRETIONARY
ENERGREEN MTB DOO,INDUSTRIALS
ALO MEDIA SYSTEM DOO BEOGRAD,COMMUNICATIONS
GROUP IVKOVIC,CONSUMER DISCRETIONARY
TEHNOUNION ENERGY,INDUSTRIALS
EKO UNIJA SN DOO BEOGRAD,INDUSTRIALS
AL DAHRA SRBIJA DOO PADINSKA SKELA,INDUSTRIALS
HERZ ARMATUREN DOO NOVA PAZOVA,INDUSTRIALS
UNL GROUP DOO BEOGRAD,INDUSTRIALS
"NUTRIKO DOO, VRANJE",CONSUMER STAPLES
GROUP VOJPUT,INDUSTRIALS
SHANDONG FOREIGN ECONOMIC & TECHNI,INDUSTRIALS
EKO PRODUKT 2002 PREDUZECE ZA UNUTR,NOT RELEVANT
LODIS LOGISTIKA d.o.o. Simanovci,INDUSTRIALS
MP VELIKA MORAVA DOO,INDUSTRIALS
KONDOR DOO SMEDEREVO,MATERIALS
CIGLANA AD TITEL,MATERIALS
BANAT AD - U STECAJU,NOT RELEVANT
JKP CISTOCA I ZELENILO SA POTPUNOM,INDUSTRIALS
UNION MZ,CONSUMER STAPLES
OTVORENI UNIVERZITET DOO SUBOTICA,NOT RELEVANT
TENEN FARM DOO,CONSUMER STAPLES
JOTER DOO KRUSEVAC,INDUSTRIALS
ZIKICA (MIODRAG) LAZIC,CONSUMER STAPLES
SIEMENS MOBILITY DOO CEROVAC,INDUSTRIALS
JUNGIC RECYCLING DOO,INDUSTRIALS
PIRAMIDA-NIT DOO,CONSUMER STAPLES
SOLAJA-BETON DOO,MATERIALS
ENERGO - PET DOO BEOGRAD,MATERIALS
PAKOM COMPUTERS D.O.O.,INFORMATION TECHNOLOGY
ALLTECH SERBIA D.O.O.,CONSUMER STAPLES
ZITOKOMERC DOO SOMBOR,CONSUMER STAPLES
EZPADA DOO BEOGRAD,UTILITIES
EUROPA TRAVEL DOO VALJEVO,CONSUMER DISCRETIONARY
ALBAFER TRADE DOO,INDUSTRIALS
REPOL D.O.O. VALJEVO,INDUSTRIALS
NG-SYSTEM DOO KRALJEVO,CONSUMER DISCRETIONARY
DOO MIVEX CACAK,CONSUMER STAPLES
INTEGRA AGRO,MATERIALS
ELCOM TRADE DOO BEOGRAD,CONSUMER DISCRETIONARY
PIZZAGRAM D.O.O. BEOGRAD-VRACAR,CONSUMER DISCRETIONARY
GRADINA DOO BEOGRAD,INDUSTRIALS
GROUP EURO GAS,INDUSTRIALS
HV PARTNER DOO MALA BOSNA - U STEC,CONSUMER STAPLES
BETA UNION DOO BEOGRAD,INDUSTRIALS
ALEX E&C DOO BEOGRAD,INDUSTRIALS
KOVINTRADE  DOO BEOGRAD,INDUSTRIALS
DARKOM DOO BEOGRAD,INDUSTRIALS
GROUP BEOINOX,CONSUMER STAPLES
SPEKTAR DOO,MATERIALS
TIM-PHARMA DOO SABAC,REAL ESTATE
ARHIKOM,INDUSTRIALS
AZOTARA DOO SUBOTICA - U STECAJU,MATERIALS
NIKOLA DOO POZAREVAC,NOT RELEVANT
IB TEAM DOO BEOGRAD - U PRINUDNOJ,CONSUMER STAPLES
IMPERIAL GRADNJA DOO BEOGRAD,CONSUMER DISCRETIONARY
BZ DOO NOVI SAD,INDUSTRIALS
KRYOOPREMA DOO PANCEVO,MATERIALS
GENERALIMPEX D.O.O.,NOT RELEVANT
JKP PARKING SERVIS NIS,INDUSTRIALS
NETWORK FOR TRADING - U STECAJU,UTILITIES
VICTORIA LOGISTIC DOO,CONSUMER STAPLES
GROUP ESENSA,HEALTH CARE
PERTINI TOYS DOO BEOGRAD (VRACAR),CONSUMER DISCRETIONARY
KAMEN I PESAK,MATERIALS
TOMAS & RAY DOO BEOGRAD,CONSUMER STAPLES
KIMBCO DOO BEOGRAD,CONSUMER STAPLES
APOTEKARSKA USTANOVA LILLY DROGERI,CONSUMER STAPLES
MEDIUS PLUS DOO STARA PAZOVA,CONSUMER STAPLES
SUBGROUP BEL MEDIC,HEALTH CARE
ALLUCENT DOO,HEALTH CARE
AGRIMATCO NOVI SAD,MATERIALS
WORLD BEST BRANDS DOO,CONSUMER DISCRETIONARY
TRGOCENTAR  DOO BEOGRAD,CONSUMER STAPLES
ATLANTIC STARK D.O.O.,CONSUMER STAPLES
SIROGOJNO CO DOO SIROGOJNO,CONSUMER STAPLES
THRACE PLASTICS PACKAGING,MATERIALS
ALUPLAST BGD DOO BEOGRAD (ZEMUN),INDUSTRIALS
VIR IMPEX DOO BEOGRAD,INDUSTRIALS
ALLEGRA-KRSTARENJA DOO,CONSUMER DISCRETIONARY
BETA COOP 2021 DOO GOLUBINCI,CONSUMER STAPLES
JUGOTREJD DOO ARILJE,CONSUMER STAPLES
ALPHA IMAGING DOO,HEALTH CARE
Javno preduzece PTT,INDUSTRIALS
PALMA STR LUCAR MILADIN PR NOVI SA,CONSUMER STAPLES
METALIK CO DOO SABAC,MATERIALS
PAN-ALKO PROMET DOO KULA,NOT RELEVANT
PEKARSKA INDUSTRIJA AD PANCEVO,NOT RELEVANT
WORLDWIDE CLINICAL TRIALS,HEALTH CARE
D PLUS PROIZVODNJA I DISTRIBUCIJA,CONSUMER STAPLES
"LAVERA  D.O.O. ZA PROIZVODNJU,PROME",CONSUMER STAPLES
PARKIC,CONSUMER STAPLES
KLINGSPOR DOO BEOGRAD,INDUSTRIALS
GRA VET  DOO GRADJEVINSKO PREDUZECE,INDUSTRIALS
UNIPROMET DOO CACAK,INDUSTRIALS
K-RENT PROPERTY D.O.O.,REAL ESTATE
AGROSTADT,INDUSTRIALS
IVOX DOO SMEDEREVO,CONSUMER DISCRETIONARY
EURO MOTUS TRANSPORT d.o.o.,INDUSTRIALS
NIPPON EXPRESS (DEUTSCHLAND) GMBH,INDUSTRIALS
JMD 021 TRADE,CONSUMER DISCRETIONARY
DUNAVPREVOZ AD BACKA PALANKA,INDUSTRIALS
KITE,INDUSTRIALS
APOTEKARSKA USTANOVA OAZA ZDRAVLJA,CONSUMER STAPLES
SRBIJASUME JP BEOGRAD,MATERIALS
BRANTNER OTPADNA PRIVREDA DOO,INDUSTRIALS
"BWC POLIMERI DOO BACKA PALANKA, CE",MATERIALS
ARTOS DOO KOSJERIC,CONSUMER STAPLES
METPAK D.O.O.,INDUSTRIALS
GP STIG AD POZAREVAC,NOT RELEVANT
GENEKO SYSTEMS DOO BEOGRAD,NOT RELEVANT
KONC.FABRIKA VAGONA KRALJEVO AD- D,NOT RELEVANT
I.S.N. DOO SABAC - U STECAJU,CONSUMER DISCRETIONARY
M+W PROCESS ENGINEERING D.O.O. BEOG,INDUSTRIALS
INON DOO POZAREVAC,CONSUMER STAPLES
BEOBUS DOO BEOGRAD,INDUSTRIALS
FOND ZA RAZVOJ REPUBLIKE SRBIJE,NOT RELEVANT
GEN - I DOO BEOGRAD,UTILITIES
MEDIUS MESARA DOO NOVA PAZOVA,CONSUMER STAPLES
AL RAWAFED SRBIJA DOO,CONSUMER STAPLES
MIKOM D.O.O. KOMPANIJA ZA PROIZVODN,INDUSTRIALS
EUROIMPEX AUTOMOTIVE D.O.O.,CONSUMER DISCRETIONARY
HYGIENE PRO TEAM DOO BEOGRAD ,MATERIALS
KLETT DOO BEOGRAD,COMMUNICATIONS
DUNAV AUTO DOO BEOGRAD,INDUSTRIALS
AUTOPREVOZNIK MARKO JAGODIC PR UB,INDUSTRIALS
BEOKOLP DOO BEOGRAD,CONSUMER DISCRETIONARY
ISTVAN (ISTVAN) VERES,CONSUMER STAPLES
MEDJAS DOO,NOT RELEVANT
JKP VODOVOD LESKOVAC,UTILITIES
MPN PROMET D.O.O.,CONSUMER DISCRETIONARY
ZIVKOVIC DOO JAGODINA,NOT RELEVANT
METANOLSKO SIRCETNI KOMPLEKS AD,MATERIALS
COMPAIR SOUTH EAST,CONSUMER DISCRETIONARY
AUTOCENTAR PETROVIC DOO SABAC,CONSUMER DISCRETIONARY
GRAPPOLO GROUP DOO U PRINUDNOJ LI,INFORMATION TECHNOLOGY
TEXNI DOO BEOGRAD,INDUSTRIALS
PACORINI BEO DOO BEOGRAD - U LIKVI,INDUSTRIALS
MK Group and Sunoko,CONSUMER STAPLES
SAOBRACAJNO DRUSTVENO PREDUZECE ZA,INDUSTRIALS
HUBERGROUP SRBIJA D.O.O.,MATERIALS
LEON CONDITORS DOO VRANJE,CONSUMER STAPLES
TRANSFERA D.O.O.,INDUSTRIALS
RIDETECH RS DOO,INFORMATION TECHNOLOGY
GCR D.O.O. NOVI SAD,REAL ESTATE
AVISTA OIL D.O.O.,INDUSTRIALS
TOI TOI DOO BEOGRAD,INDUSTRIALS
BEXIM TRADING,CONSUMER DISCRETIONARY
DUMECO DOO  SURCIN,INDUSTRIALS
IZOBIT DOO BRCKO,ENERGY
EVROPA LEK PHARMA,HEALTH CARE
ATLANTIC GRAND DOO,CONSUMER STAPLES
TRANSPRODUKT-BUS PREVOZ DOO BEOGRA,INDUSTRIALS
TISA INDUSTRY DOO BEOGRAD,INDUSTRIALS
VIVA PELLET DOO KRALJEVO,MATERIALS
GROUP FICOSOTA,CONSUMER STAPLES
PRO-BEKOM DOO U STECAJU,CONSUMER STAPLES
INVENTIV HEALTH DOO,HEALTH CARE
HABIT PHARM - U STECAJU,HEALTH CARE
BOTUNJAC-DVA BRATA BACKI VINOGRADI,CONSUMER STAPLES
KALINEL D.O.O. VRANJE,CONSUMER DISCRETIONARY
DRUSTVO SA OGRANICENOM ODGOVORNOSCU,NOT RELEVANT
INVEJ AD BEOGRAD-ZEMUN,NOT RELEVANT
BALKANS REAL ESTATE,REAL ESTATE
TEHNOGAMA DOO SIMANOVCI,INDUSTRIALS
HANPUT-PLUS DOO,INDUSTRIALS
POLIMARK DOO BEOGRAD,CONSUMER STAPLES
GROUP EWE,INFORMATION TECHNOLOGY
BRAINEERING IT SOLUTIONS DOO B,INFORMATION TECHNOLOGY
POLJOPRIVREDNO DOBRO DMN,CONSUMER STAPLES
ST MEDICINA,HEALTH CARE
MEKONTA INVESTMENT GROUP DOO,REAL ESTATE
ATLAS SERVIS,INDUSTRIALS
WIZARD DOO,MATERIALS
NICOLA'S  DOO BEOGRAD,NOT RELEVANT
PANATIC SISTEM DOO BEOGRAD,NOT RELEVANT
SUBGROUP DENEZA M INZENJERING,INDUSTRIALS
"FK ""FC FORZA""",CONSUMER DISCRETIONARY
UTVA SILOSI AD KOVIN,MATERIALS
EMINENT WORLD WIDE DOO,CONSUMER DISCRETIONARY
EUROMEDIK POLIKLINIKA NATASA ZLATA,HEALTH CARE
DOO MDM INOX S BEOGRAD,INDUSTRIALS
TIPTEH D.O.O. BEOGRAD,INDUSTRIALS
GRANDE ADRIATIC FOOD DOO LESKOVAC,CONSUMER STAPLES
POLJOPRIVREDNA STRUCNA SLUZBA VRBAS,INDUSTRIALS
DOO ELMED TEMERIN,INDUSTRIALS
MICROTRI DOO BEOGRAD,MATERIALS
UNIVERZITET PRAVNI FAKULTET U NOVO,CONSUMER DISCRETIONARY
MCCANN DOO BEOGRAD,COMMUNICATIONS
EX ING B&P DOO BEOGRAD,INDUSTRIALS
TCK DOO KOSJERIC,MATERIALS
ELEVEN CONTROLS,INDUSTRIALS
KOZARA DOO BANAT. VELIKO SELO,CONSUMER STAPLES
PILLAR DOO,CONSUMER STAPLES
UNIVERZUM CIGLANA DOO ARANDELOVAC,NOT RELEVANT
GGE DOO,INDUSTRIALS
PUERTO SEGURO DOO,NOT RELEVANT
GROUP GOTY DOO,CONSUMER STAPLES
HABIT APOTEKE IVANJICA,NOT RELEVANT
SILVER LAKE INVESTMENT DOO,CONSUMER DISCRETIONARY
SUBGROUP HEMOFARM STADA ARZNEIMITT,HEALTH CARE
MONTERRA D.O.O. OGRANAK,INDUSTRIALS
ARTIST SISTEMS DOO BEOGRAD,CONSUMER DISCRETIONARY
EURO BRAVO DOO,INDUSTRIALS
PROMOBI SERVISNI CENTAR DOO BEOGRA,CONSUMER DISCRETIONARY
ISOPLUS DOO BEOGRAD,INDUSTRIALS
ORANICA DOO KRAGUJEVAC,CONSUMER STAPLES
FCC KIKINDA DOO,INDUSTRIALS
ZEMLJORADNICKA ZADRUGA BACEX BAC,CONSUMER STAPLES
CITY FACILITY DOO BEOGRAD,INDUSTRIALS
"PREDUZECE BOSKOVIC ADS DOO POZEGA,",INDUSTRIALS
"MORAVCEVIC, VOJNOVIC I PARTNERI  A",INDUSTRIALS
BT PEGROTOUR DOO BEOGRAD (STARI GR,CONSUMER DISCRETIONARY
SAFE-INVEST DOO BEOGRAD - U STECAJ,NOT RELEVANT
CHEMMAX GRADNJA DOO BACKA PALANKA,NOT RELEVANT
AKCIONARSKO DRUSTVO MLEKARA SABAC,CONSUMER STAPLES
NISSAL DOO SREMSKA MITROVICA,MATERIALS
LICON DOO BEOGRAD,INDUSTRIALS
ALCA TRGOVINA DOO BEOGRAD-ZEMUN,CONSUMER STAPLES
VENERA BIKE D00 SUBOTICA,CONSUMER DISCRETIONARY
STRONG & UNIQUE  DOO SUBOTICA - U,NOT RELEVANT
TABLETE I KAPSULE TRADE DOO,HEALTH CARE
MLEKARA DOO PANCEVO,NOT RELEVANT
AXXON TRADING LTD DOO,CONSUMER DISCRETIONARY
INFINEON TECHNOLOGIES D.O.O.,INFORMATION TECHNOLOGY
SECUT DOO,INDUSTRIALS
BULIC CO DOO NOVA PAZOVA,INDUSTRIALS
WFC DOO,CONSUMER STAPLES
TECH MASTER DOO,CONSUMER STAPLES
ARMAX-BEO INVEST DOO,REAL ESTATE
TISACOOP DOO KANJIZA,CONSUMER STAPLES
C.I.A.K. AUTO,CONSUMER DISCRETIONARY
SCHRACK TECHNIK DOO BEOGRAD,INDUSTRIALS
STARI TAMIS DOO PANCEVO,CONSUMER STAPLES
SNE ENERGY DOO CACAK,INDUSTRIALS
CMANA DOO KRNJEVO,CONSUMER STAPLES
SSAB SWEDISH STEEL D.O.O. BEOGRAD,MATERIALS
ATB FOD,INDUSTRIALS
ERS HILL DOO,REAL ESTATE
PREDUZECE ZA PROFESIONALNU REHABILI,CONSUMER DISCRETIONARY
TIGAR TYRES DOO,CONSUMER DISCRETIONARY
DELTA AGRAR DOO,CONSUMER STAPLES
VENTING DOO BEOGRAD,CONSUMER DISCRETIONARY
MAGISTRALA A.D.,INDUSTRIALS
NOVEL DOO BEOGRAD (CUKARICA),CONSUMER DISCRETIONARY
MLINTEST DOO SID,CONSUMER STAPLES
APOLONIJA DOO BEOGRAD,CONSUMER DISCRETIONARY
MONICOM D.O.O.,ENERGY
CELTIS PRESS D.O.O.,CONSUMER DISCRETIONARY
PREDUZECE ZA POSREDNICKO KOMISIONE,INDUSTRIALS
MANPOWER BUSINESS SOLUTIONS DOO,INDUSTRIALS
BEO KERAMIKA DOO U STECAJU,NOT RELEVANT
DOO ROMA-AL STARA PAZOVA,CONSUMER STAPLES
PROZONE DOO NOVI SAD,INFORMATION TECHNOLOGY
METAL-PROM D.O.O.,MATERIALS
MINEL TRAFO DOO,NOT RELEVANT
NASA JABUKA DOO,CONSUMER STAPLES
MAGMA INTERNATIONAL - U STECAJU,NOT RELEVANT
220-B DOO BEOGRAD,CONSUMER DISCRETIONARY
PAPIR SERVIS DP D.O.O. KRUSEVAC,MATERIALS
UP STARI GRAD AD,CONSUMER DISCRETIONARY
VAIT DOO,CONSUMER STAPLES
STAMH DOO BEOGRAD,INDUSTRIALS
TIM AMIGA TRADE DOO,INDUSTRIALS
DRUSTVO OFY COMPANY DOO BEOGRAD,CONSUMER DISCRETIONARY
AKS AUTOMOTIVE DOO SABAC,CONSUMER DISCRETIONARY
INDAS DOO NOVI SAD,INDUSTRIALS
THYSSENKRUPP MATERIALS,MATERIALS
BEST AVENY DOO CACAK,REAL ESTATE
VIESSMANN DOO BEOGRAD,INDUSTRIALS
VODOPAN DOO VRANICI,INDUSTRIALS
SLOBODNA ZONA PIROT AD PIROT,INDUSTRIALS
NICOLL SYSTEM DOO TOPOLA,CONSUMER STAPLES
AUTOPREVOZNIK DEJAN RADOVANOVIC PR,INDUSTRIALS
OZZ ZUNJI-SILAK TEMERIN,CONSUMER STAPLES
DRUSTVO ZA PROIZVODNJU MINERAL,CONSUMER STAPLES
BG REKLAM DOO BARAJEVO,INDUSTRIALS
GROUP TANKMONT,INDUSTRIALS
METALNO DOO,INDUSTRIALS
HEMOVET - U STECAJU,NOT RELEVANT
A2B EJ TU BI LOGISTIKA DOO,INDUSTRIALS
USPON DOO CACAK,CONSUMER DISCRETIONARY
SL GROSS DOO BEOGRAD,NOT RELEVANT
PIN DOO MLADENOVAC,MATERIALS
SACO D.O.O.,NOT RELEVANT
EURO STEEL CENTER DOO,NOT RELEVANT
GROUP MK GROUP,CONSUMER STAPLES
KOKIR GRADNJA  D.O.O. BEOGRAD,NOT RELEVANT
PWW JAGODINA DOO,INDUSTRIALS
WOLT D.O.O.,CONSUMER DISCRETIONARY
GROUP ANSAL,INDUSTRIALS
HEP ENERGIJA DOO BEOGRAD,UTILITIES
SAVA KOVACEVIC DOO VRBAS,CONSUMER STAPLES
GREINER PACKAGING,MATERIALS
"MINAR FRUCHT DOO SLJIVOVO, ALEKSAN",CONSUMER STAPLES
CPS DOO BEOGRAD,MATERIALS
UNITED GROUP NETWORK INFRASTRUCTURE,COMMUNICATIONS
COMCEN DOO BEOGRAD-ZEMUN,CONSUMER STAPLES
MISACO DOO BEOGRAD,CONSUMER STAPLES
ARMABETON DOO BEOGRAD,MATERIALS
AG INSTITUT D.O.O. NOVI SAD,INDUSTRIALS
G.R.S. INZINJERING DOO BEOGRAD,CONSUMER DISCRETIONARY
SUBGROUP LUKOWA FOOD,CONSUMER STAPLES
PARTERNO1 DOO,REAL ESTATE
PORSCHE MOBILITY DOO,CONSUMER DISCRETIONARY
BORVERK DOO LAJKOVAC,NOT RELEVANT
MICK D.O.O.,INDUSTRIALS
TOREX CO DOO BEOGRAD - U STECAJU,CONSUMER DISCRETIONARY
GALEB GTE AD BEOGRAD,INFORMATION TECHNOLOGY
INGRAP GRADNJA DOO,NOT RELEVANT
GROUP UNITED DAIRY,NOT RELEVANT
IM TOPOLA DOO BACKA TOPOLA,NOT RELEVANT
DRINA LOGISTIX DOO BEOGRAD,INDUSTRIALS
EUROPOINT SYSTEMS DOO,INFORMATION TECHNOLOGY
GRADSKO SAOBRACAJNO PREDUZECE BEOGR,INDUSTRIALS
D EXPRESS DOO BEOGRAD,INDUSTRIALS
JKP TVRDJAVA BAC,UTILITIES
GROUP FASHION CO,CONSUMER DISCRETIONARY
PRIMEMED D.O.O.,HEALTH CARE
EX BC DOO BEOGRAD,INDUSTRIALS
PREDUZECE AUTOKUCA-RAJEVIC DOO ARI,CONSUMER DISCRETIONARY
ALPROS DOO BEOGRAD,CONSUMER DISCRETIONARY
KOLPA DOO ZRENJANIN,INDUSTRIALS
VEGA DOO VALJEVO,HEALTH CARE
MCS-SISTEM DOO POZEGA,INDUSTRIALS
BOZIC I SINOVI D.O.O.,INDUSTRIALS
LIMPLEX MONT DOO NOVI SLANKAMEN,INDUSTRIALS
OMYA VENCAC DOO,MATERIALS
CLIPS DK DOO NOVI SAD,CONSUMER DISCRETIONARY
DAYS IN COLOURS,CONSUMER STAPLES
FRIGOMAX DOO,INDUSTRIALS
RIM GROUP DOO BEOGRAD,CONSUMER STAPLES
BC-TRUCKS DOO,CONSUMER DISCRETIONARY
EUROBAU CONNECT AG DOO BEOGRAD,REAL ESTATE
AMASIS  DOO BEOGRAD,NOT RELEVANT
PREDUZECE ZA PROIZVODNJU I PROMET D,NOT RELEVANT
UNION KARIC DOO,CONSUMER DISCRETIONARY
DOO VOJVODINA STARCEVO,NOT RELEVANT
L DOO,FINANCIALS
TERMOVENT KOMERC DOO BEOGRAD,INDUSTRIALS
IVA SPED DOO,NOT RELEVANT
CHICK PROM DOO MALI IDOS,CONSUMER STAPLES
FIP GRMEC NOVOLINE DOO,NOT RELEVANT
GRAND MOTORS DOO BEOGRAD,CONSUMER DISCRETIONARY
"PTP ALBATROS MM DOO SID, CARA DUSA",CONSUMER STAPLES
ALL IP D.O.O.,COMMUNICATIONS
GRANEX COMPANY,CONSUMER STAPLES
SPAJZ DOO BEOGRAD,CONSUMER STAPLES
T-1 ABRAZIV DOO ADA,INDUSTRIALS
LJUBA INVEST - S.Z.T.R.,INDUSTRIALS
KRAFTIA SEE DOO,MATERIALS
GROUP DEUS SYSTEM,MATERIALS
YASENKA RS,HEALTH CARE
SR PROMETAL IVKOVIC VLADIMIR PR SO,INDUSTRIALS
RAPID RUMA,MATERIALS
ENERGY LTD DOO,INDUSTRIALS
DUDA INVEST DOO BEOGRAD,CONSUMER DISCRETIONARY
"DBA PROMET DOO ARILJE, CEROVA",CONSUMER STAPLES
GP BEST IZGRADNJA DOO NOVI SAD,INDUSTRIALS
KVJETKA (JANO) HEDJI,CONSUMER STAPLES
DM DROGERIE MARKT DOO BEOGRAD,CONSUMER STAPLES
SOPOT JP SOPOT,UTILITIES
INTERTRON DOO VRSAC,MATERIALS
ZITOPRERADA DOO BEOGRAD,NOT RELEVANT
PREDUZECE ZA PUTEVE VALJEVO AD,INDUSTRIALS
FOKUS OFFICE DOO BEOGRAD,INDUSTRIALS
AGRAR FM DOO NOVI SAD,CONSUMER STAPLES
TEHNOMOBIL PROTECH  DOO  NOVI SAD,INDUSTRIALS
STYLOS DOO NOVI SAD,INDUSTRIALS
PLANINKA AD KURSUMLIJA,CONSUMER STAPLES
CHILE KOMERC DOO BEOGRAD,CONSUMER STAPLES
STANISIC-AUDIT DOO BEOGRAD,INDUSTRIALS
OPSTA BOLNICA ACIBADEM BEL MEDIC,HEALTH CARE
RADIO S DOO BEOGRAD,COMMUNICATIONS
DODIC DOO VRANJE,CONSUMER DISCRETIONARY
TERMOMETAL D.O.O.,INDUSTRIALS
GALEB METALOPLASTIKA AD SABAC,MATERIALS
GROUP METALAC,CONSUMER DISCRETIONARY
NOTO-LOGISTIC DOO BEOGRAD ,INDUSTRIALS
OSTROG DOO BEOGRAD,INDUSTRIALS
KING ICT DOO BEOGRAD,INFORMATION TECHNOLOGY
KALMAN DOO BEOGRAD,REAL ESTATE
DUX TECH D.O.O.,INDUSTRIALS
K... G... FASHION DOO CACAK,CONSUMER DISCRETIONARY
NERA EX-IM DOO BEOGRAD ZEMUN,CONSUMER STAPLES
VALLETTA DOO - U STECAJU,CONSUMER STAPLES
STRELA TRANSPORT DOO,INDUSTRIALS
UNIVERSAL BRANDS DOO,CONSUMER STAPLES
GP YU KEOPS DOO KRALJEVO,INDUSTRIALS
SMARTCONF D.O.O. PIROT,CONSUMER DISCRETIONARY
JGSP NOVI SAD,NOT RELEVANT
UNIFIEDPOST SOLUTIONS D.O.O.,INFORMATION TECHNOLOGY
BORIS RADOVANOVIC PR CUSUM,CONSUMER DISCRETIONARY
GROUP EMINENT,CONSUMER DISCRETIONARY
TTK MASTERCAR DOO,INDUSTRIALS
BEXEXPRESS DOO,INDUSTRIALS
Subgroup Knjaz Milos,CONSUMER STAPLES
DOO KENS NOVI PAZAR,CONSUMER DISCRETIONARY
LAMELA PROMET DOO KRUSEVAC,CONSUMER STAPLES
EKSTRA-PET DOO BEOGRAD,MATERIALS
ALMA QUATTRO DOO BEOGRAD,COMMUNICATIONS
INVENTO FASHION DOO BEOGRAD,CONSUMER DISCRETIONARY
DANIJELA COMMERCE DOO PANCEVO,CONSUMER STAPLES
ARHIBET DOO DONJA VREZINA,MATERIALS
PEJIC TOURS DOO NOVI PAZAR,INDUSTRIALS
SPEED DOO,INDUSTRIALS
VALVE PROFIL DOO,INDUSTRIALS
DELIGHTED MINDS,REAL ESTATE
PHARMA FUTURA DOO NOVI SAD - U STE,NOT RELEVANT
DEWACO DOO,CONSUMER DISCRETIONARY
MANEKS DOO NOVI SAD,NOT RELEVANT
VITALGAS TECHNOLOGY DOO BEOGRAD,NOT RELEVANT
MB DYNAMIC AUTO PREDUZECE ZA UVOZ I,NOT RELEVANT
PARTNER INZINJERING DOO BEOGRAD,NOT RELEVANT
SUNAL D.O.O. NOVI SAD,MATERIALS
ENERGOGROUP DOO BEOGRAD,INDUSTRIALS
FONDA DOO BEOGRAD,CONSUMER DISCRETIONARY
FEMIC CO DOO BEOGRAD-SURCIN,CONSUMER STAPLES
GLOBAL BLUE D.O.O.,FINANCIALS
UNIVERZAL DOO NOVI SAD,CONSUMER DISCRETIONARY
FRAGMAT S DOO,INDUSTRIALS
SAVIC DOO SMEDEREVSKA PALANKA,MATERIALS
RADUN INZENJERING DOO,INDUSTRIALS
LTC DOO BEOGRAD,INDUSTRIALS
NICOLL CURTIN DOO,INDUSTRIALS
KLIMA M DOO BEOGRAD,INDUSTRIALS
NOACK & CO SOUTH EAST DOO NOVI SAD,CONSUMER STAPLES
SERBOTECNICA DOO ZIROVNICA,INDUSTRIALS
MAINSTREAM DOO BEOGRAD,INFORMATION TECHNOLOGY
PIRAMIDA 72 DOO,CONSUMER DISCRETIONARY
AGENA TECHNOLOGY DOO SIMANOVCI,NOT RELEVANT
VOCAR LUTKA DOO VELIKA ZUPA PRIJEP,NOT RELEVANT
STADLUX REALESTATE DOO,NOT RELEVANT
GROUP TAGOR ELEKTRONIK,INFORMATION TECHNOLOGY
TRGOVINA LILIC DOO,CONSUMER STAPLES
POTTKER DOO BACKA TOPOLA,CONSUMER DISCRETIONARY
MH RENT DOO BEOGRAD,REAL ESTATE
GROUP GRAND D,INDUSTRIALS
BALKAN POLYMERS DOO BEOGRAD,MATERIALS
JAF D.O.O. NOVA PAZOVA,MATERIALS
GREEN CITY INTERNATIONAL DOO,INDUSTRIALS
DUNIS D.O.O.,INDUSTRIALS
ITN  DOO BEOGRAD,CONSUMER STAPLES
"TRI O DOO ARANDELOVAC, BANJA",CONSUMER DISCRETIONARY
SLAVIAMED DOO BEOGRAD,HEALTH CARE
MPK TREJD DOO VALJEVO,MATERIALS
AKCIONARSKO DRUSTVO  NAPREDAK VELIK,NOT RELEVANT
INVEST-IMPORT A.D.,NOT RELEVANT
huntsman bv beograd,INDUSTRIALS
INTER-KOP DOO SABAC - U STECAJU,INDUSTRIALS
THE INTERNATIONAL SCHOOL OF BELGRA,CONSUMER DISCRETIONARY
MD KOMERC DOO VINORACA,CONSUMER STAPLES
GRADINA KAMENOLOM D.O.O.,MATERIALS
BONATTI DOO BEOGRAD,CONSUMER DISCRETIONARY
GROUP AVTERA,INFORMATION TECHNOLOGY
NEW PARK GROUP D.O.O.,NOT RELEVANT
VPD SREDNJI BANAT D.O.O. ZRENJANIN,INDUSTRIALS
M&M MILITZER & MUNCH TRANSPORT & ,INDUSTRIALS
GROUP FRIGLO,CONSUMER STAPLES
EUROPAK DOO STARI BANOVCI,CONSUMER STAPLES
KOMPRESOR AUTOLAND DOO BEOGRAD,CONSUMER DISCRETIONARY
DIPLON DOO,INDUSTRIALS
ZZ BRESTOVO - BACKI BRESTOVAC,CONSUMER STAPLES
"KLEEMANN LIFTOVI DOO, SIMANOVCI",INDUSTRIALS
EJ MODULAR SYSTEMS,INDUSTRIALS
HSH CHEMIE D.O.O.,MATERIALS
AERODROM KETERING DOO BEOGRAD,INDUSTRIALS
INPUT DOO BEOGRAD,INDUSTRIALS
IM MATIJEVIC DOO NOVI SAD,CONSUMER STAPLES
WARNER DOO SUBOTICA,CONSUMER DISCRETIONARY
ZELENI DRAGSTOR STR,CONSUMER STAPLES
PRVI MAJ AD CACAK,MATERIALS
DUZNIK STECAJNE MASE: UTC COMPANY,CONSUMER DISCRETIONARY
FABRIKA DECJE HRANE D.O.O.,CONSUMER STAPLES
PREDUZECE FRUTIVITA DOO STARA PAZO,CONSUMER STAPLES
FILI PILI DOO,CONSUMER STAPLES
UNIVERSAL MEDIA DOO BEOGRAD,CONSUMER DISCRETIONARY
SPIEGELFELD INTERNATIONAL DOO,NOT RELEVANT
DOO FORMAXSTORE NOVI SAD,CONSUMER DISCRETIONARY
TREF SPORT CO DOO BEOGRAD,CONSUMER DISCRETIONARY
GREEN LIFE AGRAR DOO CREPAJA,CONSUMER STAPLES
RADIJUS VEKTOR D.O.O. BEOGRAD,CONSUMER DISCRETIONARY
SUBGROUP PWW,INDUSTRIALS
MILOS KLINIKA,HEALTH CARE
SUBGROUP EKSTRA PET,MATERIALS
FRESENIUS MEDICAL CARE SRBIJA DOO,HEALTH CARE
FIMS DRUSTVO SA OGRANIzENOM ODGOVO,INDUSTRIALS
LESKO DOO POZAREVAC,CONSUMER STAPLES
BAKI DOO,CONSUMER DISCRETIONARY
EPTISA SOUTHEAST EUROPE DOO BEOGRA,INDUSTRIALS
MIKULAKOMERC DOO MIONICA,CONSUMER STAPLES
JOHNSON & JOHNSON D.O.O. OGRANAK U,CONSUMER STAPLES
ASP STRELA-OBRENOVAC DOO OBRENOVAC,INDUSTRIALS
IDEAL AUTO DOO NIS,CONSUMER DISCRETIONARY
SCHWARZMUELLER DOO DOBANOVCI,CONSUMER DISCRETIONARY
MONTESINO,INDUSTRIALS
MILORAD PANTIC PREDUZETNIK MINI MA,NOT RELEVANT
GANAR SHOP,CONSUMER DISCRETIONARY
CISTOCA JKP,INDUSTRIALS
PREDUZECE PODRAVKA DOO BEOGRAD,CONSUMER STAPLES
BEO LAB MIRJANA PETROVIC PR BEOGRA,HEALTH CARE
STELA DOO NOVI PAZAR,CONSUMER STAPLES
GRAFO NIN DOO,NOT RELEVANT
FROMM PAKOVANJE DOO BEOGRAD,INDUSTRIALS
PREDST.LAB. INNOTECH INTERN.,HEALTH CARE
SDT RENTING DOO DOBANOVCI,INDUSTRIALS
DOO GALA-PROMET KRALJEVO,CONSUMER STAPLES
GROUP MASTER FRIGO,CONSUMER STAPLES
GROUP NOVO PLUS,CONSUMER STAPLES
PANTRANSPORT DOO PANCEVO,INDUSTRIALS
DIMNICAR JKP SUBOTICA,INDUSTRIALS
ELIXIR FONDACIJA,INDUSTRIALS
N I Z -FENIX DOO GORNJI MILANOVAC,INDUSTRIALS
JAT-TEHNIKA DOO BEOGRAD,INDUSTRIALS
REVITA D.O.O.,CONSUMER STAPLES
GTP MEGA MONT DOO KRALJEVO,REAL ESTATE
KALMAN OMLADINSKA D.O.O.,REAL ESTATE
M & L INTERNATIONAL  DOO BEOGRAD,CONSUMER STAPLES
MEDICA LINEA PHARM DOO BEOGRAD,HEALTH CARE
GRANOS D.O.O.,CONSUMER STAPLES
MK COMMERCE DOO NOVI SAD,CONSUMER STAPLES
JAVOR MHM D.O.O. KUSICI,CONSUMER DISCRETIONARY
INTRAPROFIL DOO SMEDEREVO,NOT RELEVANT
UDRUZENJE NOVINARA SRBIJE,NOT RELEVANT
HIP-AZOTARA DOO,MATERIALS
HUTP BALKAN AD,CONSUMER DISCRETIONARY
PRIVREDNO DRUSTVO ALFA MONT DOO BE,INDUSTRIALS
MK GROUP DOO BEOGRAD,CONSUMER STAPLES
H&S FRUITS DOO ARILJE,CONSUMER STAPLES
SRC DOO BEOGRAD,INFORMATION TECHNOLOGY
GLACIER DOO SIMANOVCI,CONSUMER DISCRETIONARY
ANSAL STEEL,INDUSTRIALS
SPEED PETROL DOO,INDUSTRIALS
SANI ECO VITA D.O.O. LAZAREVAC,INDUSTRIALS
SONJA (GEORGIJE) SAMOLOVAC,CONSUMER STAPLES
EUROTELESITES D.O.O.,COMMUNICATIONS
KBV DATACOM D.O.O. BEOGRAD,INDUSTRIALS
GROUP AGROGLOBE,CONSUMER STAPLES
PET REPUBLIC VETERINARSKA APOTEKA,CONSUMER STAPLES
FRUEKO DOO NOVI SAD,CONSUMER STAPLES
NICEFOODS RESTORANI DOO BEOGRAD,CONSUMER DISCRETIONARY
ZITOPROMET-MLINPEK D.O.O. STARA PA,CONSUMER STAPLES
BIMAL TRADING D.O.O.,CONSUMER STAPLES
EUROPA BUS DOO VALJEVO,INDUSTRIALS
TRANSLY DOO BEOGRAD,INDUSTRIALS
KABLPROJEKT DOO,NOT RELEVANT
JUGPROM DOO BEOGRAD - U STECAJU,CONSUMER STAPLES
FENIKS PLUS DOO DESPOTOVAC,CONSUMER DISCRETIONARY
PLAST ZEMLJORADNICKA ZADRUGA,CONSUMER STAPLES
BATA-TRGOVINA - U STECAJU,NOT RELEVANT
W.E.G. TEHNOLOGY D.O.O.,CONSUMER DISCRETIONARY
SAS MONITORING DOO BEOGRAD,INDUSTRIALS
PNEUTECH DOO VRBAS,CONSUMER DISCRETIONARY
KERAMIKA JOVANOVIC,INDUSTRIALS
MACVANKA,CONSUMER STAPLES
DELIGHT,INDUSTRIALS
MORAVA DOO KRAGUJEVAC,CONSUMER STAPLES
NEOPLANTA DOO NOVI SAD,CONSUMER STAPLES
DOO EUROCONS GROUP VRSAC,INDUSTRIALS
MB STOVARISTE DOO,INDUSTRIALS
GROUP INTERFAST,INDUSTRIALS
AEGON DOO,REAL ESTATE
HEMPRO DOO BEOGRAD,REAL ESTATE
WEST BALKANS MACHINERY DOO BEOGRAD,INDUSTRIALS
MLEKARA EKO-MLEK DOO KAONIK,CONSUMER STAPLES
PERFOM,MATERIALS
PIN SOFT DOO NOVI SAD,CONSUMER DISCRETIONARY
MONA DOO BEOGRAD,CONSUMER DISCRETIONARY
DOO EUROPA-PROMET 2000 BAC,CONSUMER STAPLES
ATLAS AMBASADOR DOO BEOGRAD - U ST,CONSUMER DISCRETIONARY
ATP VOJVODINA AD NOVI SAD   U STECA,INDUSTRIALS
GP 200 - U STECAJU,CONSUMER DISCRETIONARY
AD VRENJE BEOGRAD - U STECAJU,CONSUMER STAPLES
IN SISTEM DOO BEOGRAD,CONSUMER STAPLES
SQUARE COIN,INFORMATION TECHNOLOGY
SET GREEN TECHNOLOGY D.O.O.,UTILITIES
PRIVREDNO DRUSTVO,MATERIALS
GRADATIN TIM DOO,INDUSTRIALS
GOC AD UGOSTITELJSKO PREDUZECE TRS,REAL ESTATE
VOJPUT DOO  SUBOTICA,INDUSTRIALS
ENTERIJER JANKOVIC DOO NOVI SAD,INDUSTRIALS
IMP-TELEKOMUNIKACIJE DOO BEOGRAD,INDUSTRIALS
GROUP DEKA INZENJERING,INDUSTRIALS
PRO KPI DOO BEOGRAD,HEALTH CARE
NITEA DOO BEOGRAD,INDUSTRIALS
DOO TRANS-TRADE KOSTIC CACAK,INDUSTRIALS
GAT DOO NOVI SAD,INDUSTRIALS
DOO MASSAGRAR NOVI SAD,CONSUMER STAPLES
FRIGOMAX SERVICE DOO JELENCA,INDUSTRIALS
A-MEDIA DOO BEOGRAD,NOT RELEVANT
VUJIC GRADNJA DOO,INDUSTRIALS
AUTOCENTAR ZDRAVKOVIC D.O.O. SVILA,CONSUMER DISCRETIONARY
DIRECT STEEL DOO DOBANOVCI,INDUSTRIALS
MINOR DOO,INDUSTRIALS
AD AUTO KUCA KOMPRESOR,CONSUMER DISCRETIONARY
POLITIKA NEWSPAPERS AND MAGAZINES P,CONSUMER DISCRETIONARY
FCC VRBAK DOO LAPOVO,INDUSTRIALS
ALEKSANDRA (MIODRAG) LAZIC,CONSUMER STAPLES
NOVI TRADING NS DOO ZMAJEVO,CONSUMER STAPLES
LESNINA S DOO BEOGRAD (NOVI BEOGRA,CONSUMER DISCRETIONARY
BC GROUP COMPUTERS D.O.O. BEOGRAD,CONSUMER DISCRETIONARY
JEZDIMIROVIC DOO LOZNICA,CONSUMER STAPLES
ACTIVE DESIGN,CONSUMER DISCRETIONARY
PREDUZECE RAJEVIC-PETROL DOO ARILJ,CONSUMER DISCRETIONARY
UNISYS DOO,CONSUMER STAPLES
BRANKO KNEZEVIC PR 2. MAJ,INDUSTRIALS
PAPERLESS DOO,INFORMATION TECHNOLOGY
INTER-AGRAR SRB DOO CENEJ,INDUSTRIALS
SHENCHI AUTOMOTIVE PARTS D.O.O.,CONSUMER DISCRETIONARY
BARLAN S&M DOO BEOGRAD,CONSUMER STAPLES
DRLJA 1967 DOO BACKA PALANKA,UTILITIES
BARD - KOP D.O.O.,INDUSTRIALS
SAMALD COMMERCE,NOT RELEVANT
GROUP MEGALIT,NOT RELEVANT
INSTITUT KIRILO SAVIC AD BEOGRAD -,NOT RELEVANT
PAN BEER DOO,NOT RELEVANT
TRGOVINSKO PREDUZECE NA VELIKO I MA,NOT RELEVANT
MASINAC DOO KRALJEVO,MATERIALS
GROUP SWISSLION,CONSUMER STAPLES
YUHOR D.O.O.,CONSUMER STAPLES
MEDIA PRO ART DOO BEOGRAD,REAL ESTATE
SWISSLION-TAKOVO D.O.O. BEOGRAD,CONSUMER STAPLES
VENDING DOO BEOGRAD,CONSUMER STAPLES
METECH DOO,INDUSTRIALS
METALAC PRINT DOO GORNJI MILANOVAC,MATERIALS
NAVIGATOR DOO NOVI SAD,INFORMATION TECHNOLOGY
TRON TLS DOO,INDUSTRIALS
GROUP CASA DI MODA,CONSUMER STAPLES
GP GREDA DOO VALJEVO,REAL ESTATE
GROUP GRAND TT,CONSUMER DISCRETIONARY
PREDUZECE VESIMPEX DOO BEOGRAD,INDUSTRIALS
PVC-LUK DOO VALJEVO,INDUSTRIALS
RODIC M&B TRANSPORT DOO NOVI SAD,NOT RELEVANT
METALOPROMET DOO KULA,INDUSTRIALS
MIDEX PROM DOO PANCEVO,CONSUMER STAPLES
MINEL ELEKTROOPREMA I POSTROJENJA D,INDUSTRIALS
PTP REKIC DOO NOVI BEOGRAD - U STE,CONSUMER STAPLES
BEOPANAX DOO,HEALTH CARE
BALKAN AGRO TEAM DOO NOVI SAD ,MATERIALS
ORION MARKET-STANKOVIC JOVAN PR,NOT RELEVANT
PREDUZECE ZA PROIZVODNJU PROMET I U,NOT RELEVANT
PLANETMED DOO BEOGRAD,REAL ESTATE
KAMENOLOM RAKOVAC DOO,MATERIALS
TEHNOGRAD INZENJERING,INDUSTRIALS
PREDUZECE ZA PROMET I USLUGE AGRANA,CONSUMER STAPLES
DTR-SPECIJALNA,HEALTH CARE
PAROCO MEDICAL EQUIPMENT DOO NOVI,HEALTH CARE
WEST PHARMACEUTICAL SERVICES BEOGR,HEALTH CARE
GEMAX DOO BEOGRAD,INDUSTRIALS
INO-PHARM DOO BEOGRAD,HEALTH CARE
MILSPED NEKRETNINE DOO STARA PAZOV,INDUSTRIALS
LIVNICA LJIG D.O.O. BEOGRAD,MATERIALS
ENMON DOO BEOGRAD,INDUSTRIALS
GROUP DIV TRADES,MATERIALS
GROUP SPEED BEOGRAD,INDUSTRIALS
COMES DOO BEOGRAD,MATERIALS
TEHNOCOMING,INDUSTRIALS
MEDICOM DOO SABAC,HEALTH CARE
NOFFZ-FORSTEH TECHNOLOGIES DOO,INFORMATION TECHNOLOGY
MPPD BRACA RUZIC DOO KLENJE,CONSUMER STAPLES
SISTEMI BAND DOO,INFORMATION TECHNOLOGY
QVATTRO COMPANY DOO BEOGRAD,CONSUMER STAPLES
BMC CONNECT DOO NOVI SAD,INDUSTRIALS
KOLOR,INDUSTRIALS
DERTOUR DOO,CONSUMER DISCRETIONARY
PIK BECEJ-BECEJKA BECEJ,CONSUMER STAPLES
TOP CASA D.O.O. BEOGRAD,CONSUMER DISCRETIONARY
ELEKTROTEHNA DOO BEOGRAD,MATERIALS
GROUP KODAR INZENJERING,INDUSTRIALS
KARIN KOMERC DOO,NOT RELEVANT
GRANIMPEKS DOO,CONSUMER STAPLES
KONICA MINOLTA POSLOVNA RESENJA SE,INDUSTRIALS
Group TowerCo Serbia,COMMUNICATIONS
GOLDEN ROSE D.O.O. KRAGUJEVAC - U,REAL ESTATE
ZRNO STIL DOO GORNJI MILANOVAC,CONSUMER DISCRETIONARY
INOTO MOTORS DOO,CONSUMER DISCRETIONARY
PETITE GENEVE-PETROVIC DOO BEOGRAD,CONSUMER DISCRETIONARY
SANI GROUP D.O.O. SABAC,CONSUMER DISCRETIONARY
STRABAG D.O.O.,INDUSTRIALS
LA FANTANA DOO BEOGRAD,CONSUMER STAPLES
LJILJANA (SREDOJE) VESKOV,CONSUMER STAPLES
HEMOFLUID A.D. KRUSEVAC,ENERGY
Subgroup Sopharma Srbija ,HEALTH CARE
INTERKOMERC AD BEOGRAD,CONSUMER STAPLES
RADIJATOR INZENJERING DOO,NOT RELEVANT
STAR SECER AD SENTA,NOT RELEVANT
JEEP COMERC D.O.O. - U STECAJU,NOT RELEVANT
SCANIA SRBIJA D.O.O.,CONSUMER DISCRETIONARY
KAMGRAD DOO SOMBOR,INDUSTRIALS
GROUP MILSPED DOO,INDUSTRIALS
LEDI MS VUJOVIC SLOBODAN PR,INDUSTRIALS
GROUP UNIFIEDPOST,INDUSTRIALS
HBIS GROUP SERBIA IRON & STEEL,MATERIALS
NPS D.O.O. BEOGRAD,INFORMATION TECHNOLOGY
GROUP East Point Holdings Ltd,MATERIALS
PNEUMASTER,CONSUMER DISCRETIONARY
DOO BENEXTRA SUBOTICA,INDUSTRIALS
CIMO COMPANY,CONSUMER DISCRETIONARY
NOVO NORDISK PHARMA DOO BEOGRAD,HEALTH CARE
ZDRAVLJE A.D. LESKOVAC,HEALTH CARE
DOO VREBALOV AGRAR NOVI BECEJ,CONSUMER STAPLES
SARA2009 DOO,CONSUMER STAPLES
SUBGROUP DRAGAN SAKAN,COMMUNICATIONS
PROFIAGRAR DOO NOVI SAD,INDUSTRIALS
NS KONCEPT DOO NOVI SAD,INFORMATION TECHNOLOGY
NOVA SUMADIJA DOO GROCKA,MATERIALS
H.T.P. PLAZA DOO BEOGRAD,CONSUMER DISCRETIONARY
DRUSTVO ROLLING-CO DOO KRAGUJEVAC,MATERIALS
SEME DOO BEOGRAD - U STECAJU,CONSUMER STAPLES
TEHNOSPED DOO,CONSUMER DISCRETIONARY
GROUP VAPEKS,NOT RELEVANT
AGROSEME AD SREMSKA MITROVICA,NOT RELEVANT
HENDI-TEL DOO BEOGRAD-U STECAJU,CONSUMER DISCRETIONARY
PREDUZECE ZA PUTEVE AD - U STECAJU,INDUSTRIALS
LASTRA DOO,NOT RELEVANT
KOVING DOO,INDUSTRIALS
DOO ARGENTA NOVI SAD,CONSUMER DISCRETIONARY
AS SPED DOO MLADENOVAC,NOT RELEVANT
GRAND INVESTMENT DOO BEOGRAD,CONSUMER DISCRETIONARY
TEHNOGRADNJA AD ZRENJANIN,NOT RELEVANT
NAPRED AD BEOGRAD,NOT RELEVANT
HENNLICH DOO BEOGRAD,INDUSTRIALS
INTERCHEM-HIM D.O.O.JAGODINA,MATERIALS
ZLATIBORSKI KONACI,REAL ESTATE
MK AGRICULTURE,CONSUMER STAPLES
predst.sandvik eood bulgaria,INDUSTRIALS
EMAKINA.RS DOO,INFORMATION TECHNOLOGY
KOLEKTOR ETRA  DOO BEOGRAD,INDUSTRIALS
NECA-TTPP D.O.O. PROKUPLJE,CONSUMER STAPLES
EXCLUSIVE NETWORKS DOO BEOGRAD-NOV,INFORMATION TECHNOLOGY
NS TIM TEHNIKA DOO SREMSKA KAMENIC,INDUSTRIALS
DOO EXLRT NOVI SAD,INFORMATION TECHNOLOGY
CREST DEVELOPMENT DOO BEOGRAD,REAL ESTATE
NAPREDAK STARA PAZOVA DOO,CONSUMER STAPLES
DS SMITH PACKAGING D.O.O. KRUSEVAC,MATERIALS
MINOX DOO BEOGRAD,INDUSTRIALS
ZGOP DOO NOVI SAD,INDUSTRIALS
AGROPLAST TIM DOO UB,CONSUMER STAPLES
SAN DOO KRALJEVO,CONSUMER STAPLES
GROUP HOLY,NOT RELEVANT
NOVENTIQ SERVICES DOO,INFORMATION TECHNOLOGY
AGROHEMIKA DOO BACKI PETROVAC,CONSUMER STAPLES
PIONIR PARACIN DOO BEOGRAD,NOT RELEVANT
VOLVO DOO,CONSUMER DISCRETIONARY
EUROPEAN NICKEL DOO BEOGRAD U LIKV,NOT RELEVANT
"HERZ DOO,PREDUZECE ZA PROIZVODNJU T",NOT RELEVANT
EUROSALON EAST DOO BEOGRAD,REAL ESTATE
KOMPANIJA RATKO MITROVIC AD BEOGRA,INDUSTRIALS
POLIKLINIKA BEO-LAB,HEALTH CARE
DOO ELAN S BACKA PALANKA,INDUSTRIALS
DONAU PARTNER D.O.O.,INDUSTRIALS
MAXIMA DOO LUCANI,MATERIALS
FISCHER PROFIL DOO,INDUSTRIALS
INNOVIA AGRO DOO NOVI SAD,CONSUMER STAPLES
"LUKENA-AUTO DOO BEOGRAD, ZEMUN",CONSUMER DISCRETIONARY
PREMIJUS,INDUSTRIALS
M.G.M. INZENJERING DOO BEOGRAD,INDUSTRIALS
MILJKOVIC V SILOSI,CONSUMER STAPLES
DESING DOO,CONSUMER STAPLES
IGEPA POLIKARBONATI D.O.O.,INDUSTRIALS
DOO PIONIR INTERNACIONAL NOVI SAD,CONSUMER DISCRETIONARY
PN AGROEKONOMIK DOO-U STECAJU,CONSUMER STAPLES
JKP KOMUNALIJE,INDUSTRIALS
ORION TELEKOM DOO BEOGRAD,COMMUNICATIONS
GORKI LIST DOO,CONSUMER STAPLES
EUROSALON,NOT RELEVANT
PREDUZECE ZA PUTEVE NIS AD NIS - U,INDUSTRIALS
RAIFFEISEN ASSISTANCE,FINANCIALS
IIS PHARMACEUTICAL DOO BEOGRAD-NOV,HEALTH CARE
EUROSALON LAND DOO BEOGRAD,REAL ESTATE
PINOLES DOO,MATERIALS
AUTO-GARANT DRUSTVO,CONSUMER DISCRETIONARY
EXPRESS TRANS DOO NOVI SAD,INDUSTRIALS
LETAC DOO INDIJA,INDUSTRIALS
LORENAPROM DOO LOZNICA,MATERIALS
"MACAK M & D DOO,SREMSKA MITROVICA",CONSUMER STAPLES
VIZIJA SPED DOO BEOGRAD,INDUSTRIALS
NATURA TOP DOO VELIKA KOPASNICA,CONSUMER STAPLES
Group Konsturktor Konsalting,INDUSTRIALS
HIGLO AD HLADNJACA HORGOS,CONSUMER STAPLES
GP KONAK APARTMANI DOO LAZAREVAC -,CONSUMER DISCRETIONARY
PSS INSTITUT TAMIS D.O.O.,HEALTH CARE
PACKSOL DOO,CONSUMER STAPLES
ALPOS - U STECAJU,NOT RELEVANT
OLIGARIS D.O.O.NOVI BEOGRAD,NOT RELEVANT
PREDUZECE LA VITA DISTRIBUTIVNI CE,CONSUMER STAPLES
GROUP GALENS,INDUSTRIALS
VAPEKS LINE DOO,NOT RELEVANT
AUTO KUCA MIKOM NOVI SAD,CONSUMER DISCRETIONARY
GROUP ARTINVEST,CONSUMER DISCRETIONARY
EKO BOX KONTEJNERI,INDUSTRIALS
CIP DOO PROKUPLJE,INDUSTRIALS
VIPOL D.O.O. NOVI SAD,INDUSTRIALS
DOO SAR-PROM VLASOTINCE,CONSUMER STAPLES
"BADEL 1862, VINA I ALKOHOLNA PICA",CONSUMER STAPLES
EKOTEHNIKA VILJUSKARI DOO VRCIN,INDUSTRIALS
GROUP ENERGY NET,INDUSTRIALS
MLEKARA KIKINDA,CONSUMER STAPLES
RP-TEHNOMETAL DOO  BEOGRAD,INDUSTRIALS
BAUMIT SERBIA DOO BEOGRAD,INDUSTRIALS
GROUP EKOTEHNIKA,INDUSTRIALS
"FRUCTUS DOO,BACKA PALANKA",CONSUMER STAPLES
TAHOGRAF BG,CONSUMER DISCRETIONARY
KARTEKS DOO BEOGRAD,MATERIALS
YURA CORPORATION DOO RACA,CONSUMER DISCRETIONARY
KWS SRBIJA DOO,CONSUMER STAPLES
GROUP DELTA,CONSUMER STAPLES
PARAGRAF LEX D O O  SREMSKA KAMENIC,COMMUNICATIONS
JOVANOVIC PLAST DOO,REAL ESTATE
DIMA DOO,NOT RELEVANT
LEX CONFIDARE D.O.O. NOVI SAD,INDUSTRIALS
ELEKTROMEDICINA AD NIS,HEALTH CARE
HEMOFARM AD VRSAC PREDSTAVNISTVO U,CONSUMER DISCRETIONARY
SDT GROUP D.O.O. BEOGRAD,CONSUMER DISCRETIONARY
GROUP TEKIJANKA,CONSUMER STAPLES
GEOSONDA-FUNDIRANJE DOO BEOGRAD,INDUSTRIALS
SOJAPROTEIN DOO BECEJ,CONSUMER STAPLES
RESOURCE PRO D.O.O.,INDUSTRIALS
GROUP TELEKOM SRBIJA,COMMUNICATIONS
HOLLIDAY DOO SABAC,CONSUMER DISCRETIONARY
JKP KOMUNALNE USLUGE ALEKSINAC,INDUSTRIALS
SOPHARMA TRADING DOO,HEALTH CARE
TAMAS (ISTVAN) MUNKAS,CONSUMER STAPLES
MEDIA HOUSE DOO BEOGRAD,COMMUNICATIONS
LOGISTIKA I TRANSPORT HEMIKALIJA D,MATERIALS
EUROTRANSPORT&CARGO DOO,INDUSTRIALS
VICTORIAOIL DOO SID,CONSUMER STAPLES
SWEET R-LINE 2013 DOO,INDUSTRIALS
KERAMIKA AD,INDUSTRIALS
SUBGROUP MONA,CONSUMER DISCRETIONARY
GROSSOPTIC DOO,HEALTH CARE
"MI-GAS INZENJERING DOO BEOGRAD, ZE",CONSUMER DISCRETIONARY
RTI DOO NOVI SAD,NOT RELEVANT
GROUP REFOT B,CONSUMER DISCRETIONARY
TIM SISTEM DOO NOVA PAZOVA,CONSUMER DISCRETIONARY
VICTORIA GROUP D.O.O. BEOGRAD,CONSUMER STAPLES
ALPOD DOO NOVI SAD,INDUSTRIALS
ENERGOPROJEKT ENERGODATA,INFORMATION TECHNOLOGY
ADECCO OUTSOURCING DOO BEOGRAD,INDUSTRIALS
ZLATIBOR-MEHANIZACIJA,INDUSTRIALS
ELIXIR FEED ADDITIVES DOO,CONSUMER STAPLES
NET AGRO,MATERIALS
VECAR VILJUSKARI D.O.O.,INDUSTRIALS
AUTO CENTAR STOJANOVIC DOO,CONSUMER DISCRETIONARY
MARMIL DOO PIROT,CONSUMER STAPLES
MARK-PLAST,CONSUMER DISCRETIONARY
P.V.F. TRADERS DOO SIMANOVCI,INDUSTRIALS
SUPERNOVA - MTK MANAGEMENT DOO,INDUSTRIALS
M & B TRANS COOP DOO,INDUSTRIALS
GEOCYCLE S D.O.O. BEOCIN,INDUSTRIALS
ELGRA VISION DOO UGRINOVCI,INDUSTRIALS
"EURO 07 D.O.O., BEOGRAD",CONSUMER DISCRETIONARY
HEMO-METAL DOO BEOGRAD,INDUSTRIALS
INSTITUT IMS AD BEOGRAD,INDUSTRIALS
KOLOR PRESS D.O.O. LAPOVO,INDUSTRIALS
DEKRA ZAPOSLJAVANJE DOO BEOGRAD,INDUSTRIALS
GUEVARA DOO BEOGRAD,CONSUMER DISCRETIONARY
"VIP CASA INVEST DOO BEOGRAD, USTAN",REAL ESTATE
EUCOM DOO BEOGRAD,MATERIALS
JUGOGRADNJA DOO BEOGRAD,INDUSTRIALS
TUBEIQ DOO,INFORMATION TECHNOLOGY
NSU RENT DOO NOVI SAD ,FINANCIALS
"ROBINS DOO, GLIBOVAC",CONSUMER STAPLES
ACP AUTOMOTIVE D O O SABAC,CONSUMER DISCRETIONARY
BAT VRANJE AD VRANJE,CONSUMER STAPLES
MAK TRADE GROUP D.O.O.,INDUSTRIALS
INIT AN GROUP BALKAN D.O.O. - U LI,INFORMATION TECHNOLOGY
DOO ZIDAR NEGOTIN,INDUSTRIALS
SPAJIC CO DOO SRPSKA CRNJA,CONSUMER STAPLES
DOO SULEX SOMBOR,INDUSTRIALS
BEOSINT DOO ZEMUN-BEOGRAD,INDUSTRIALS
UKUS AD PECINCI,CONSUMER STAPLES
VETAZ PRES DOO,CONSUMER STAPLES
UTP MORAVA DOO CACAK,CONSUMER DISCRETIONARY
WONDERLAND ITC D.O.O. BEOGRAD,CONSUMER STAPLES
KOLBIS DOO,NOT RELEVANT
DOO SLOVAS CACAK,MATERIALS
TITEL AGRO D.O.O.,CONSUMER STAPLES
SLAP GROUP-FABRIKA U CACKU AD BEOG,NOT RELEVANT
ZLATAR-PREVOZ SPR NOVA VAROS,INDUSTRIALS
DOO FARMEKS PANCEVO - U LIKVIDACIJ,HEALTH CARE
SUBGROUP MILSPED,INDUSTRIALS
NIPRO MEDICAL DOO BEOGRAD,HEALTH CARE
JAVNO PREDUZECE GOLD GONDOLA ,INDUSTRIALS
YANFENG SEATING D.O.O.,CONSUMER DISCRETIONARY
NERETVA-KOMERC DOO BEOGRAD,CONSUMER STAPLES
IMMO INDUSTRY - U STECAJU,NOT RELEVANT
COLORFACTORY BALKAN D.O.O.,CONSUMER DISCRETIONARY
DOO LITOPAPIR CACAK,MATERIALS
HT REAL ESTATE DOO NOVI SAD,REAL ESTATE
KEMOIMPEX GREEN DOO,INDUSTRIALS
TRIANGLE NBL DOO NOVI SAD,CONSUMER STAPLES
IP PROMET 2010 DOO,INDUSTRIALS
PAN-LEDI DOO PANCEVO,INDUSTRIALS
TOYOTA SRBIJA DOO,CONSUMER DISCRETIONARY
HEALTHCARE EUROPE DOO,CONSUMER DISCRETIONARY
BLUECAT NETWORKS D.O.O.,INFORMATION TECHNOLOGY
BIN COMMERCE DOO BEOGRAD,MATERIALS
MCDX D.O.O. BEOGRAD-CUKARICA,CONSUMER STAPLES
GROUP RUBIKON SHIPPING COMPANY DOO,INDUSTRIALS
ITALIANA SALOTTI DOO VRANJSKA BANJ,NOT RELEVANT
ALFA DIGITAL PREDUZECE ZA PROIZVODN,INDUSTRIALS
PREDUZECE TEHNICOM CONSTRUCTION DO,CONSUMER DISCRETIONARY
ANTIC D.O.O. CUPRIJA U STECAJU,NOT RELEVANT
HELLA KGAA HUECK & CO PREDSTAVNISTV,CONSUMER DISCRETIONARY
PRICEWATERHOUSECOOPERS CONSULTING,INDUSTRIALS
"PREDUZECE ZA PROIZVODNJU, USLUGE I",NOT RELEVANT
HALKUM DOO,NOT RELEVANT
SUBGROUP TELEGROUP SRBIJA,INFORMATION TECHNOLOGY
STANDARD SERBIA DOO NOVI SAD,CONSUMER DISCRETIONARY
SIMACEK SRB DOO BEOGRAD - U LIKVID,INDUSTRIALS
JKP VODOVOD SID  ,UTILITIES
Danube Foods Group B.V.,CONSUMER STAPLES
RAVANGRAD ZEMLJORADNICKA ZADRUGA S,CONSUMER STAPLES
DOMAL INZENJERING DOO BEOGRAD,MATERIALS
MYRANOVA D O O,CONSUMER DISCRETIONARY
KOMBINOVANI PREVOZ DOO,INDUSTRIALS
STADLER POLSKA SP.ZO.O. OGRANAK BE,INDUSTRIALS
CENTRALNI REGISTAR HOV AD BEOGRAD,INDUSTRIALS
KNAUF INSULATION DOO BEOGRAD,MATERIALS
DELTA HOLDING D.O.O.,INDUSTRIALS
PSI CRO DOO BEOGRAD,INDUSTRIALS
MS METAL-SISTEM DOO CVETKE KRALJEVO,NOT RELEVANT
DVA EN DOO BEOGRAD,CONSUMER DISCRETIONARY
FRAD FILTERI AD ALEKSINAC,NOT RELEVANT
TECHNOLUB DOO BEOGRAD,CONSUMER DISCRETIONARY
OSRAM DOO,INDUSTRIALS
D.C. SUPPORT DOO PANCEVO,CONSUMER STAPLES
DOBERGARD DOO BEOGRAD,INDUSTRIALS
KYNETEC DOO BEOGRAD,INDUSTRIALS
DOO NT-BOLERO CACAK,CONSUMER STAPLES
AUTO - MIRKOS DOO POZAREVAC,CONSUMER DISCRETIONARY
GRAFOLIT S,MATERIALS
GROUP POLIMARK,CONSUMER STAPLES
DOBRA FARMA D.O.O. BELA CRKVA,CONSUMER STAPLES
TRGOMETAL DOO BEOGRAD,INDUSTRIALS
ALEXANDRA (ONDREJ) HEDJI,CONSUMER STAPLES
EXECUTIVE GROUP,COMMUNICATIONS
UNITED MEDIA PRODUCTION DOO BEOGRA,COMMUNICATIONS
FREYSSINET SRBIJA DOO,INDUSTRIALS
DAVID PAJIC DAKA D.O.O.,INDUSTRIALS
TETRA PAK PRODUCTION  DOO BEOGRAD,MATERIALS
DILTON DOO BEOGRAD - U PRINUDNOJ L,COMMUNICATIONS
NIKOM-AUTO DOO,CONSUMER DISCRETIONARY
DIJAMANT A.D. ZRENJANIN,CONSUMER STAPLES
PRIVREDNO DRUSTVO ARGOS EMPORIO GR,INDUSTRIALS
KIKINDSKA INDUSTRIJA MLEKA DOO,CONSUMER STAPLES
G.A.M.A. DOO NOVI SAD,CONSUMER DISCRETIONARY
BIOLOSKI FAKULTET UNIVERZITETA U BE,NOT RELEVANT
RAMINT - U PRINUDNOJ LIKVIDACIJI,NOT RELEVANT
PRESS PLUS D.O.O.,CONSUMER DISCRETIONARY
PREDSTAVNISTVO MSA BEOGRAD,INDUSTRIALS
CARNEX DOO VRBAS,CONSUMER STAPLES
ALFA GAS D.O.O.,CONSUMER DISCRETIONARY
M & B TRANS FRIGO DOO,INDUSTRIALS
MBA MILJKOVIC DOO,INDUSTRIALS
ZASTAVA AGEM DOO KRAGUJEVAC,NOT RELEVANT
JP POSLOVNI PROSTOR U NOVOM SADU,NOT RELEVANT
LE SPOT DOO BEOGRAD,CONSUMER DISCRETIONARY
ZORBOSS DOO  UGLJAREVO,INDUSTRIALS
GIGATRON DOO BEOGRAD,CONSUMER DISCRETIONARY
"M & I SYSTEMS, CO DOO NOVI SAD",INFORMATION TECHNOLOGY
INDUSTRIJA SKROBA JABUKA D.O.O.,CONSUMER STAPLES
STIRG METALL DOO INDIJA,INDUSTRIALS
AGROPANONKA INVEST DOO NOVI SAD,INDUSTRIALS
TOYOTA CENTAR DOO BEOGRAD,CONSUMER DISCRETIONARY
TERASTEEL D.O.O.,INDUSTRIALS
GEA EEC SERBIA DOO,INDUSTRIALS
GI GROUP HR SOLUTIONS DOO BEOGRAD,INDUSTRIALS
PARTNERTRANS DOO,INDUSTRIALS
ZLATNA POLJA DOO SOMBOR,CONSUMER STAPLES
EUROSECURITY DOO BEOGRAD,INDUSTRIALS
ENERGOPROJEKT VISOKOGRADNJA,INDUSTRIALS
BAY-COMPANY&INVEST DOO,INDUSTRIALS
AD AUTOKUCA RAKETA SEVOJNO,CONSUMER DISCRETIONARY
PP RATKOVO DOO RATKOVO,NOT RELEVANT
GROUP MING,INDUSTRIALS
MONTERRA DOO BEOGRAD - U STECAJU,INDUSTRIALS
preduzece za trgovinu i usluge TEHN,INFORMATION TECHNOLOGY
JEZERO BETON DOO BEOGRAD - U PRINU,MATERIALS
MERCURY INTERNATIONAL - U STECAJU,NOT RELEVANT
KDS TR SINISA IVANOVIC PR,CONSUMER STAPLES
AIK BACKA TOPOLA DOO,CONSUMER STAPLES
KIDS BEBA DOO BEOGRAD,CONSUMER DISCRETIONARY
SKIJALISTA SRBIJE JP BEOGRAD,CONSUMER DISCRETIONARY
M.N.S. RENT REAL ESTATE DOO BEOGRA,REAL ESTATE
OPERA&THEATRE MADLENIANUM DOO,CONSUMER DISCRETIONARY
SUR TEC DOO CACAK,CONSUMER STAPLES
BIOPHARM DOO VALJEVO,HEALTH CARE
PWW DEPONIJA DVA DOO LESKOVAC,INDUSTRIALS
MIOS MOBILITY D.O.O. BEOGRAD,INDUSTRIALS
GOMMA LINE DOO KRAGUJEVAC,CONSUMER DISCRETIONARY
BN-BOS COMPANY D.O.O.,CONSUMER DISCRETIONARY
CINE PLACE D.O.O. BEOGRAD,COMMUNICATIONS
MIT-AGRAR D.O.O. ZMINJAK-SABAC,CONSUMER STAPLES
B.M.K. DOO STARA PAZOVA,INDUSTRIALS
LIFE PHARMA D.O.O. BEOGRAD,HEALTH CARE
REAL TIME CLIPPING DOO BEOGRAD,CONSUMER DISCRETIONARY
DOO DAKOVIC NOVI SAD,INDUSTRIALS
MITROS MUSIC COMPANY DOO BEOGRAD,CONSUMER DISCRETIONARY
S&V DRILLING MINE SERVICES DOO PIR,MATERIALS
BILFINGER DOO,NOT RELEVANT
OFFICE & MORE DOO BEOGRAD,INDUSTRIALS
MUEHLBAUER DOO STARA PAZOVA,INDUSTRIALS
PANAPAC D.O.O. BAJINA BASTA,MATERIALS
PREDUZE¿E ZA PROIZVODNJU I PROMET,CONSUMER STAPLES
DEMEX - ST DOO,NOT RELEVANT
SEME-TAMIS AD,CONSUMER STAPLES
ENETEL SOLUTIONS DOO BEOGRAD,INFORMATION TECHNOLOGY
DAK COMERC DOO NOVI SAD,MATERIALS
CRAFTER DOO,CONSUMER DISCRETIONARY
"ELINGZO DOO, BEOGRAD",INDUSTRIALS
DRAGANA MILIC PR LABORATORIJA AQUA,HEALTH CARE
YU EPICENTAR DOO BEOGRAD,INFORMATION TECHNOLOGY
AQUALAB PLUS,HEALTH CARE
"PANOS INZENJERING DOO NOVI SAD, KA",INFORMATION TECHNOLOGY
KARDESLER CONSTRUCTION,INDUSTRIALS
ANCORA NUOVA D O O  BEOGRAD,CONSUMER STAPLES
AGROVOJVODINA-MEHANIZACIJA DOO NOV,INDUSTRIALS
YUNYCOM DOO BEOGRAD,HEALTH CARE
GROUP RIM GROUP,CONSUMER STAPLES
GROUP NORTH AMERICAN,INDUSTRIALS
VEGA PROPERTIES RADNICKI DOO,INFORMATION TECHNOLOGY
TOTAL DOO SOMBOR - U STECAJU,CONSUMER DISCRETIONARY
RRD INKOTEHNA DOO,NOT RELEVANT
GOSA FSO AD SIMICEVO,INDUSTRIALS
MIVAKA DOO BEOGRAD,CONSUMER DISCRETIONARY
ANPEGO ROAD DOO SMEDEREVSKA PALANKA,CONSUMER STAPLES
SNG DOO BEOGRAD,NOT RELEVANT
JKP GRADSKA CISTOCA BEOGRAD,INDUSTRIALS
INTERAUTO TRADE DOO PRELJINA CACAK,CONSUMER DISCRETIONARY
SUBGROUP KOMPRESOR,CONSUMER DISCRETIONARY
NEXT CAR GROUP D.O.O. BEOGRAD - U,CONSUMER DISCRETIONARY
VEKOM GEO DOO BEOGRAD,INDUSTRIALS
OPSTA BOLNICA VIZIM,HEALTH CARE
HANSGROHE DOO,INDUSTRIALS
FRONERI ADRIATIC,CONSUMER STAPLES
ENGINEERING DOBERSEK GMBH DOO BEOG,INDUSTRIALS
e& PPF Telecom Group B.V.,COMMUNICATIONS
PRIVREDNO DRUSTVO EVOCON D.O.O.,INDUSTRIALS
REAL KNITTING DOO,CONSUMER DISCRETIONARY
PHOENIX PHARMA DOO BEOGRAD,HEALTH CARE
SFS DOO PARACIN,MATERIALS
DOO B.O.S.-KOMPANI KRUSEVAC,INDUSTRIALS
MTC METALS TRADING COMPANY DOO BEOG,INDUSTRIALS
DOO EKOTEHNIKA MD ZABALJ,INDUSTRIALS
IGMAKO SMART SOLUTIONS DOO,COMMUNICATIONS
SOMBORELEKTRO DOO SOMBOR,INDUSTRIALS
JT INTERNATIONAL AD SENTA,CONSUMER STAPLES
EUROPARK DOO BEOGRAD - U STECAJU,NOT RELEVANT
SIBANAX DOO - U PRINUDNOJ LIKVIDAC,CONSUMER DISCRETIONARY
GROUP BOMEKS,MATERIALS
DUZNIK STECAJNE MASE:PREDUZECE ZA,INDUSTRIALS
SEENERGETIC CENTER - U PRINUDNOJ L,CONSUMER STAPLES
CENTROSREM-TEKSTIL A.D.,NOT RELEVANT
NOVITAS DOO SABAC,CONSUMER STAPLES
AROMA FOOD - U STECAJU,CONSUMER STAPLES
THINGS SOLVER DOO BEOGRAD,INFORMATION TECHNOLOGY
TECHNO FARM DOO BEOGRAD,HEALTH CARE
PREMIUM CHICKEN DOO ZITISTE,CONSUMER STAPLES
DOO MACKO ODZACI,INDUSTRIALS
NANIX WOOD DOO NOVA VAROS,MATERIALS
ALUROLL DOO BATOCINA,INDUSTRIALS
TAGO CAR D.O.O.,CONSUMER DISCRETIONARY
D.O.O. BELICA PARACIN,MATERIALS
LUKA-BACKA PALANKA DOO B.PALANKA,INDUSTRIALS
"MAKLER DOO BEOGRAD, BEOGRADSKA 39",HEALTH CARE
LEMIT DOO NOVI SAD,INDUSTRIALS
SAVACOOP DOO NOVI SAD,MATERIALS
TRANSAGENT OPERATOR,INDUSTRIALS
NEVENA DOO BEOGRAD,CONSUMER STAPLES
FABRIKA ULJA DUNAVKA DOO BEOGRAD,CONSUMER STAPLES
GROUP FERBILD,INDUSTRIALS
GROUP INOBACKA,INDUSTRIALS
LJUBAGO TRADE DOO NOVI SAD,CONSUMER STAPLES
DANFOSS DOO,CONSUMER DISCRETIONARY
MOVENS PLUS DOO,CONSUMER DISCRETIONARY
VETERINARSKI ZAVOD ZEMUN AD BEOGRA,HEALTH CARE
WUNDER D.O.O NIS - U STECAJU,NOT RELEVANT
ROFIX DOO,MATERIALS
JAPI DOO VRANJE,CONSUMER STAPLES
VODOVOD I KANALIZACIJA JKP POZAREVA,UTILITIES
NOVA COMMODITIES DOO BEOGRAD,UTILITIES
NIKOVIC COMPANY DOO BEOGRAD,INDUSTRIALS
PROGRES INZENJERING DOO,NOT RELEVANT
JASMIL DOO ARILJE,CONSUMER DISCRETIONARY
SKLONISTE,CONSUMER DISCRETIONARY
TERMOINZENJERING DOO BEOGRAD,INDUSTRIALS
SOUTH DEVELOPMENT DOO BEOGRAD,REAL ESTATE
VELEXFARM DOO BEOGRAD,HEALTH CARE
ZAVOD ZA ZAVARIVANJE AD BEOGRAD,INDUSTRIALS
TERBOINOX DOO SOMBOR,INDUSTRIALS
GRAPPA DOO BEOGRAD,INDUSTRIALS
VELUX SRBIJA DOO BEOGRAD,INDUSTRIALS
LSG BUILDING SOLUTIONS DOO BEOGRAD,INDUSTRIALS
JP PUTEVI BEOGRADA BEOGRAD,INDUSTRIALS
EUROMED PLUS D.O.O. BEOGRAD-NOVI B,HEALTH CARE
KODAR ENERGOMONTAZA DOO,INDUSTRIALS
GROUP Litopapir Cacak,MATERIALS
KNJAZ MILOS AD ARANDELOVAC,CONSUMER STAPLES
TEL-KABL DOO,INDUSTRIALS
GROUP IDC,CONSUMER DISCRETIONARY
PREDRAG (NENAD) VESKOV,CONSUMER STAPLES
TDV AUTOMOTIVE,CONSUMER DISCRETIONARY
CENTAR MILLENNIUM AD VRSAC,NOT RELEVANT
AGRAR-KOMERC DOO MALA KRSNA,NOT RELEVANT
AD VINO ZUPA BEOGRAD-ZEMUN,CONSUMER STAPLES
METALFER DOO SREMSKA MITROVICA,MATERIALS
AHA PLASTIK DOO,MATERIALS
GROUP SLOVAS,MATERIALS
RTC LUKA LEGET AD SREMSKA MITROVIC,INDUSTRIALS
URSA D.O.O.,INDUSTRIALS
STRAJT DOO PIROT,CONSUMER STAPLES
MLEKARA AD  SUBOTICA,CONSUMER STAPLES
IMPERIAL BUILDINGS DOO N.SAD,INDUSTRIALS
DRUSTVO SA OGRANICENOM ODGOVORNOSCU,REAL ESTATE
G2 FALCON 2017 DOO BEOGRAD,INDUSTRIALS
FORMA-VS DOO BEOGRAD,CONSUMER DISCRETIONARY
ORACLE SRBIJA & CRNA GORA D.O.O.,INFORMATION TECHNOLOGY
JP DIREKCIJA GADZIN HAN     ,INDUSTRIALS
SCHIEDEL DOO BEOGRAD,INDUSTRIALS
DRAGOVIC EXPRES DOO UMCARI,INDUSTRIALS
EXCONCEPT RS,INFORMATION TECHNOLOGY
XELLA SRBIJA DOO VREOCI,MATERIALS
AGROMARKET DOO KRAGUJEVAC,MATERIALS
TOYO TIRE SERBIA D.O.O.,CONSUMER DISCRETIONARY
LUXOFT D.O.O.,INFORMATION TECHNOLOGY
HF LIFTING DOO,INDUSTRIALS
VONDEL CAPITAL DOO SREMSKI KARLOVC,NOT RELEVANT
GI DOO BEOGRAD,NOT RELEVANT
EX ZAUNER,INDUSTRIALS
MLINOSTEP DOO NOVI SAD,CONSUMER STAPLES
SPRING ENERGY DVA MHE REKA DOO,UTILITIES
MONTAZA D.O.O. BEOGRAD,INDUSTRIALS
CHEMIPROX,MATERIALS
KTP BIGZ DOO,CONSUMER DISCRETIONARY
JEVTOVIC CARS DOO,CONSUMER DISCRETIONARY
ZLATAR-SPED DOO NOVA VAROS,MATERIALS
CTC-UNIT DOO BEOGRAD,CONSUMER DISCRETIONARY
INEXALL COMPANY DOO,MATERIALS
MAKSPRO DOO BEOGRAD ZEMUN,INDUSTRIALS
GAPUMA SRB DOO NOVI SAD,INDUSTRIALS
GEBI DOO PO CANTAVIR,CONSUMER STAPLES
DOO GOMEX ZRENJANIN,CONSUMER STAPLES
ADECO DOO NOVI SAD,MATERIALS
TAPE NS GROUP DOO,INDUSTRIALS
DOO JOVISTE PALIC,INDUSTRIALS
GROUP SPIN,INDUSTRIALS
DANICA (NIKOLA) STANKOVIC,CONSUMER STAPLES
MIODRAG (VELIMIR) VESKOV,CONSUMER STAPLES
DOO PAVLE PANCEVO,INDUSTRIALS
KONSTRUKTOR METAL DOO BEOGRAD,INDUSTRIALS
TEAMNET BUSINESS SOLUTIONS D.O.O.,INFORMATION TECHNOLOGY
AC AUTO D.O.O BEOGRAD - U LIKVIDAC,NOT RELEVANT
INDUSTRIJA MESA CAJETINA,NOT RELEVANT
AD BANINI KIKINDA,CONSUMER STAPLES
GROUP STR MIHAJLOVIC,CONSUMER DISCRETIONARY
HLEB I KIFLE,CONSUMER STAPLES
LPP SERBIA D.O.O.,CONSUMER DISCRETIONARY
RUBIKON SHIPPING COMPANY DOO BEOGR,INDUSTRIALS
EKOFIL DOO BEOGRAD,CONSUMER STAPLES
ALEKSA SANTIC DOO ALEKSA SANTIC,CONSUMER STAPLES
DELTA INZENJERING GROUP DOO BEOGRA,INDUSTRIALS
PROAL DOO PROKUPLJE,INDUSTRIALS
TERMIKA DOO ZRENJANIN,MATERIALS
BOJA DOO,INDUSTRIALS
AGRIBO CO. D.O.O. - U STECAJU,CONSUMER STAPLES
GP GRADITELJ NS DOO NOVI SAD,INDUSTRIALS
HAVAS ADRIATIC D.O.O.,COMMUNICATIONS
MAJS D.O.O.,CONSUMER DISCRETIONARY
DZAMIL (BELA) DZAVIC,CONSUMER STAPLES
SIGOC DOO BEOGRAD,CONSUMER DISCRETIONARY
DOO MLINOKOMERC VRSAC,NOT RELEVANT
SPECIJALNA BOLNICA MERKUR VRNJACKA,HEALTH CARE
TE-TO FABRIKA SECERA AD SENTA,CONSUMER STAPLES
ONE2PLAY RS DOO NOVI SAD,CONSUMER DISCRETIONARY
MARIC TRGOVINA NA VELIKO I MALO I,NOT RELEVANT
UNILEVER DOO,NOT RELEVANT
VIA OCEL D.O.O. BEOGRAD,INDUSTRIALS
REFLEKS D O O  MAJUR,INDUSTRIALS
Subgroup Balkans,CONSUMER STAPLES
BRIGATE DOO BEOGRAD,INDUSTRIALS
EKO UNIJA NEMETAL DOO,INDUSTRIALS
FEROMONT OPREMA  AD PANCEVO,INDUSTRIALS
DIV-POLYMER D.O.O. BACKA PALANKA,MATERIALS
AUTO M.G. COMMERCE DOO NIS,CONSUMER DISCRETIONARY
STRUCTURA CONCEPT DOO,INDUSTRIALS
MONTAVAR METALNA LOLA,INDUSTRIALS
LOHR BACKA TOPOLA,INDUSTRIALS
DOO TENEN CENEJ,CONSUMER STAPLES
IT TEL CONSULTING & ENGINEERING,INDUSTRIALS
ACIKO-KOMERC DOO KRALJEVO,CONSUMER STAPLES
RADUN BENZINSKA STANICA NOVI SAD,CONSUMER DISCRETIONARY
MN DOO BEOGRAD,MATERIALS
"AMBALAZERKA DOO BEOGRAD, BEGALJICA",MATERIALS
SCB DOO BEOGRAD,CONSUMER STAPLES
MGS TECHNOLOGY DOO,INFORMATION TECHNOLOGY
PK ZLATIBOR D.O.O.,CONSUMER STAPLES
SUBGROUP NCA INVESTMENT GROUP,CONSUMER DISCRETIONARY
KESZ DOO BEOGRAD,INDUSTRIALS
BIG TRADE D.O.O.,CONSUMER STAPLES
FARMAPROM DOO BEOGRAD - U LIKVIDAC,HEALTH CARE
BANAT PRESS DOO ZRENJANIN,COMMUNICATIONS
ZEPTER INTERNATIONAL DOO BEOGRAD,CONSUMER DISCRETIONARY
KONSING GROUP DOO BEOGRAD,INDUSTRIALS
VELTRANS DOO SUBOTICA,MATERIALS
SRBOEXPORT DOO,INDUSTRIALS
ELEMENTA DOO SUBOTICA,CONSUMER DISCRETIONARY
ROPER CO DOO BEOGRAD UMKA,INDUSTRIALS
KNJIZARE VULKAN DOO BEOGRAD,CONSUMER DISCRETIONARY
BISEVAC DOO NOVI PAZAR,CONSUMER DISCRETIONARY
KJP DJUNIS,UTILITIES
HYDROSYSTEMS DOO SUBOTICA,INDUSTRIALS
NOVOHEM DOO SABAC,MATERIALS
BOGDAN (MAJA) VLAOVIC,CONSUMER STAPLES
INTERFOOD 60 DOO CACAK,CONSUMER STAPLES
NCR ATM,INDUSTRIALS
GREMET STOLARIJA DOO,INDUSTRIALS
ALLTECH YU DOO,NOT RELEVANT
LIVNICA KIKINDA AI DOO KIKINDA,CONSUMER DISCRETIONARY
STECAJNA MASA AGROZIV AD PANCEVO,CONSUMER STAPLES
PRO GALVANO MIKROMETAL DOO BEOGRAD,INDUSTRIALS
KMG ART DOO,INDUSTRIALS
AFARAK DOO BEOGRAD,MATERIALS
BID PRODUKT DOO,CONSUMER STAPLES
PKB KORPORACIJA AD - BEOGRAD,CONSUMER STAPLES
TIRES TIM DOO NOVI SAD,CONSUMER DISCRETIONARY
SENA DOO,INDUSTRIALS
MSG GLOBAL SOLUTIONS SERBIA,INFORMATION TECHNOLOGY
ELIXIR GARDEN NEGOTIN DOO,MATERIALS
WORTS TEAM DOO SIMANOVCI,CONSUMER DISCRETIONARY
GROUP E SMART,INFORMATION TECHNOLOGY
METAL-HEMIKO DOO ADA,CONSUMER STAPLES
TAKTIK D.O.O.,CONSUMER STAPLES
VILA GRAD DOO,INDUSTRIALS
CALMA DOO CALMA,CONSUMER STAPLES
ISTYLE STORES DOO BEOGRAD,CONSUMER DISCRETIONARY
PREKO REDA DOO BEOGRAD,CONSUMER DISCRETIONARY
ERG DOO SIMANOVCI,CONSUMER DISCRETIONARY
DOO KONZUL NOVI SAD,CONSUMER STAPLES
AGROPARTNER DOO LUCANI,CONSUMER STAPLES
SABATO DOO BEOGRAD,MATERIALS
EMTM DOO KULA,NOT RELEVANT
NEW COMPANY DOO BEOGRAD,REAL ESTATE
DOO MATEO CACAK,CONSUMER STAPLES
PPT-CILINDRI DOO,CONSUMER DISCRETIONARY
ENERGOPROJEKT OPREMA - U STECAJU,INDUSTRIALS
PORD DOO,INDUSTRIALS
BG PRODUKT 1996 DOO KRUSEVAC,CONSUMER STAPLES
TABAK MAXIM D.O.O.,CONSUMER STAPLES
LAKI DOO ARILJE,CONSUMER STAPLES
DELDIS DOO,CONSUMER STAPLES
ORBICO DOO BEOGRAD,CONSUMER DISCRETIONARY
BRKOVIC GRUPA DOO,REAL ESTATE
RELAX INTERNATIONAL DOO BEOGRAD,CONSUMER DISCRETIONARY
KIT REAL ESTATE DOO,CONSUMER DISCRETIONARY
VOZD DOO SOMBOR,CONSUMER STAPLES
CEMPROM DOO,MATERIALS
SOUTH LAND DOO BEOGRAD,REAL ESTATE
PZP POZAREVAC DOO POZAREVAC,INDUSTRIALS
FEROMONT DOO STARA PAZOVA,INDUSTRIALS
DRUSTVO SA OGRANICENOM ODGOVORNOSCU,CONSUMER STAPLES
"BAJAN DOO SMEDEREVO, MIHAJLOVAC",CONSUMER STAPLES
EURCO DOO,INDUSTRIALS
LUTTON - U STECAJU,NOT RELEVANT
GROSER DOO,CONSUMER STAPLES
RUMIX - U PRINUDNOJ LIKVIDACIJI,CONSUMER STAPLES
WIKA MERNA TEHNIKA DOO BEOGRAD,INDUSTRIALS
NPC INTERNATIONAL D.O.O. BEOGRAD,NOT RELEVANT
SUNOKO DOO NOVI SAD,CONSUMER STAPLES
NIT EXPORT-IMPORT DOO,CONSUMER STAPLES
CARSKA BASTA DOO ZRENJANIN,CONSUMER STAPLES
MONDI SABAC,MATERIALS
HEIDELBERG JUGOSLAVIJA DOO,INFORMATION TECHNOLOGY
SUBGROUP SAGA DOO,INFORMATION TECHNOLOGY
GROUP RAS INZENJERING,INDUSTRIALS
DELTA SECURITY SYSTEM DOO,INDUSTRIALS
BDS RS. DOO,CONSUMER DISCRETIONARY
LAZARUS DOO KRAGUJEVAC,CONSUMER STAPLES
GROUP LUKI KOMERC,CONSUMER STAPLES
INIT TECHNOLOGIES DOO,INFORMATION TECHNOLOGY
SMICOM D.O.O. POZEGA,MATERIALS
BFD DISTRIBUTION DOO APATIN,CONSUMER STAPLES
KARTONVAL DOO BEOGRAD,MATERIALS
MISON DOO,CONSUMER DISCRETIONARY
STAREL PLUS DOO BATAJNICA,INDUSTRIALS
TEXIMP DOO BEOGRAD,INDUSTRIALS
EUROCLASSIC DOO STARA PAZOVA - U P,CONSUMER DISCRETIONARY
"PREDUZECE EXPORT-IMORT FUNGO-JUG,",CONSUMER STAPLES
PLAVI KAMEN DOO VRANJE,MATERIALS
GROUP FARMAKOM,NOT RELEVANT
FABRIKA STOCNE HRANE - KOMPONENTA,CONSUMER STAPLES
MAGNAHIM,MATERIALS
NEPO SYSTEM DOO BEOGRAD,INFORMATION TECHNOLOGY
ALBATROS-INTERNATIONAL DOO,CONSUMER STAPLES
DOO EXPERT LESKOVAC,CONSUMER DISCRETIONARY
ALKALOID VELEDROGERIJA D.O.O.,HEALTH CARE
CORAL SRB D.O.O.,CONSUMER DISCRETIONARY
PULSEC DOO BEOGRAD,INFORMATION TECHNOLOGY
CA-TERM DOO CACAK,INDUSTRIALS
AUTO FUSION DOO BEOGRAD,CONSUMER DISCRETIONARY
MAGLIC PD DP,CONSUMER STAPLES
GROUP EHOM,CONSUMER DISCRETIONARY
KOENIG & BAUER RS D.O.O. BEOGRAD,INDUSTRIALS
VODA VRNJCI AD VRNJACKA BANJA,CONSUMER STAPLES
NESAM INZENJERING DOO GRCAC,INDUSTRIALS
ROASTERY 1886 DOO,CONSUMER STAPLES
FSH JABUKA DOO PANCEVO,CONSUMER STAPLES
HRAM 032 PVC TRADE DOO PRELJINA,INDUSTRIALS
LISJE JKP NOVI SAD,CONSUMER DISCRETIONARY
NISAUTO GRUPA DOO NIS,CONSUMER DISCRETIONARY
BOMEX EXPORT IMPORT DOO BEOGRAD -,NOT RELEVANT
ENTERPRISE SERVICES D.O.O.,NOT RELEVANT
YU POINT DOO,MATERIALS
DRUSTVO SA OGRANICENOM,INDUSTRIALS
MLIN BUDUCNOST TRIO DOO BEOGRAD,CONSUMER STAPLES
JONES LANG LASALLE DOO BEOGRAD,REAL ESTATE
EATON ELECTRIC DOO SREMSKA MITROVI,INDUSTRIALS
TINIS DOO BEOGRAD MALI MOKRI LUG,INDUSTRIALS
MDES AIR CONDITIONER DOO,INDUSTRIALS
AVL PROJEKT INT DOO NOVI SAD,INFORMATION TECHNOLOGY
TICKET VISION DOO BEOGRAD,CONSUMER DISCRETIONARY
IVA-AGRAR DOO,MATERIALS
GROUP EUROIMPEX AUTOGROUP,CONSUMER DISCRETIONARY
CENTROSINERGIJA,CONSUMER STAPLES
SNEZANA (ANTUN) DZAVIC,CONSUMER STAPLES
PRISTA OIL AD BEOGRAD,INDUSTRIALS
PEGASUS SRB DOO,MATERIALS
MAGNA TYRES BALKAN D.O.O.,INDUSTRIALS
PRESS INTERNATIONAL DOO,CONSUMER DISCRETIONARY
MONT-R DOO BEOGRAD,INDUSTRIALS
GROUP PHIACADEMY,CONSUMER STAPLES
name,industry
PUTEVI AD UZICE,INDUSTRIALS
PILOT TOY DOO BEOGRAD - U STECAJU,CONSUMER DISCRETIONARY
SINTRONIC - U PRINUDNOJ LIKVIDACIJ,CONSUMER DISCRETIONARY
DOO TEHNOGRAD SISTEM KRALJEVO,MATERIALS
COLL-PLUS NEKRETNINE DOO BEOGRAD -,FINANCIALS
TTTECH AUTO DOO,INDUSTRIALS
FAKULTET ZA USLUZNI BIZNIS SREMSKA,CONSUMER DISCRETIONARY
TEKNOXGROUP SRBIJA DOO BEOGRAD,INDUSTRIALS
SUBGROUP IM MATIJEVIC,CONSUMER STAPLES
AGROFINA SISTEM DOO CACAK,CONSUMER STAPLES
BEOGUMA DOO BEOGRAD,CONSUMER DISCRETIONARY
GD TAMNAVA TRANS DOO BEOGRAD,INDUSTRIALS
SMART BUSINESS TECHNOLOGIES,INFORMATION TECHNOLOGY
K WAY BEAUTY,CONSUMER DISCRETIONARY
DZERVIN,CONSUMER STAPLES
SUBGROUP STAR IMPORT,CONSUMER DISCRETIONARY
PROTEM PROJEKT D.O.O.,INDUSTRIALS
CASA DI MODA STKR JAGODINA,CONSUMER STAPLES
DOO MILENIJUM ZAJECAR,CONSUMER DISCRETIONARY
SPIN COMPANY DOO KRAGUJEVAC,INDUSTRIALS
CORTEVA AGRISCIENCE SRB D.O.O.,CONSUMER STAPLES
ENGY SOLUTIONS DOO,COMMUNICATIONS
HALDER D.O.O.,INDUSTRIALS
PAKOM INTERNET DOO NIS,NOT RELEVANT
EURO GARNI HOTEL,REAL ESTATE
SEMENARNACOOP DOO PETROVARADIN,CONSUMER STAPLES
PELETI DOO KUPINOVO,CONSUMER STAPLES
GRUPA UNIVEREXPORT BACKA AD BACKA,CONSUMER STAPLES
UNIVERZUM EXPORT IMPORT DOO ARANDJE,CONSUMER DISCRETIONARY
UNIPLAST SERBIA DOO,INDUSTRIALS
EKO FACILITIES D.O.O. BEOGRAD - U,INDUSTRIALS
DOO HERC- MS BUDISAVA,CONSUMER STAPLES
"DOO ZA PROIZVODNJU, TRGOVINU I USL",HEALTH CARE
GROUP EGZAKTA,INDUSTRIALS
GREEN CONSTRUCTION DOO,REAL ESTATE
MENSHEN,MATERIALS
RADKA DOO BEOGRAD,MATERIALS
PUBLIK DOO VALJEVO,CONSUMER DISCRETIONARY
DUFRY,CONSUMER DISCRETIONARY
CIG D.O.O.,CONSUMER DISCRETIONARY
PACOM DOO CACAK,MATERIALS
PREDUZECE DIVI DOO,MATERIALS
LARIX DOO,MATERIALS
SAFIC-ALCAN ADRIATIC D.O.O.,MATERIALS
TOPOLA D.O.O.,CONSUMER STAPLES
KIOSK GRUPA DOO,CONSUMER STAPLES
GROUP PRO GALVANO MIKROMETAL,NOT RELEVANT
KICA SAM. TRG. A. RAD. SIMIC DARKO,CONSUMER STAPLES
LINDAB D.O.O. BEOGRAD,INDUSTRIALS
MAGICA DOO BEOGRAD,CONSUMER STAPLES
GLOBEX GROUP - U PRINUDNOJ LIKVIDA,INDUSTRIALS
HDS RETAIL GP DOO,CONSUMER DISCRETIONARY
PRINT & LOGISTIC DOO,NOT RELEVANT
VITANA DOO KURSUMLIJA,CONSUMER STAPLES
TDV FLEET D.O.O.,FINANCIALS
DANUBIUS D.O.O. NOVI SAD,CONSUMER STAPLES
PIC CO,CONSUMER STAPLES
KROKODIL & COMPANY DOO SIMANOVCI,CONSUMER DISCRETIONARY
SNJEZANA PNJ,CONSUMER STAPLES
MEDINO DOO KRNJEVO,CONSUMER STAPLES
CG FOODS EUROPE,CONSUMER STAPLES
BANBUS DOO,INDUSTRIALS
LUKOWA DOO - U STECAJU,CONSUMER STAPLES
"RESOR DOO GADZIN HAN,",CONSUMER DISCRETIONARY
LETINA DOO  NOVI BECEJ,CONSUMER STAPLES
LUKOWA FOOD DOO,CONSUMER STAPLES
TRACE PZP NIS AD NIS,INDUSTRIALS
DOT SMART SOLUTIONS DOO BEOGRAD,INDUSTRIALS
GROUP LETAC,INDUSTRIALS
TRIVAX VV DOO BEOGRAD,HEALTH CARE
ADIMES DOO BEOGRAD (ZVEZDARA) - U,CONSUMER STAPLES
INTERLEMIND AD LESKOVAC,MATERIALS
KATAGO CONSTRUCTION DOO VOGANJ,INDUSTRIALS
ISHRANA DOO CACAK,CONSUMER STAPLES
SIROVINABANAT DOO ZRENJANIN,INDUSTRIALS
"MEDIA POOL DOO, BEOGRAD",CONSUMER DISCRETIONARY
"DIM-TRADE DOO, BEOGRAD",INDUSTRIALS
GOLD DISTRIBUTION DOO,CONSUMER STAPLES
RAD GM DOO KRUSEVAC  - U STECAJU,INDUSTRIALS
GROUP Browel,INDUSTRIALS
ROMA COMPANY DOO BEOGRAD (NOVI BEO,INDUSTRIALS
HERCEGOVINA AD RAVNI TOPOLOVAC,CONSUMER STAPLES
A P SIDRO DOO NOVI BEOGRAD,INDUSTRIALS
OBNOVA DOO,CONSUMER DISCRETIONARY
GROUP NS UNION NOVI SAD,INDUSTRIALS
"DRUSTVO ZA PROIZVODNJU,PROMET",CONSUMER DISCRETIONARY
GENERAL PUBLIC TENDERS GPT DOO,UTILITIES
POLYDOR,CONSUMER DISCRETIONARY
"DOM ZDRAVLJA ""MEDIGROUP DR RISTIC""",HEALTH CARE
SMART BIOSERVICES GMBH - OGRANAK B,INDUSTRIALS
VODOVOD I KANALIZACIJA JKP SUBOTICA,UTILITIES
AEVUM PET CARE DOO BEOGRAD-NOVI BE,CONSUMER STAPLES
BEOGAS DOO BEOGRAD,NOT RELEVANT
ELOPAK DOO,INDUSTRIALS
MATIS-STIL TRADE DOO,NOT RELEVANT
PLANETA GASTRO DOO NOVI SAD,CONSUMER DISCRETIONARY
PREDSTAVNISTVO VIRO,CONSUMER STAPLES
METALAC-METALURGIJA AD,NOT RELEVANT
PREDUZECE SINTEH DOO BEOGRAD,INFORMATION TECHNOLOGY
WEST TRUCK DOO BEOGRAD,NOT RELEVANT
AQUA CASA DOO,CONSUMER DISCRETIONARY
VML ENERGY,ENERGY
CORNER SHOP DOO BEOGRAD,CONSUMER STAPLES
AVRIDE,INDUSTRIALS
AKSA D.O.O. BEOGRAD,CONSUMER DISCRETIONARY
GALEB ELECTRONICS DOO SABAC,INDUSTRIALS
GRAND METALS DOO,INDUSTRIALS
DURDEVIC ENERGO 2016 DOO SUBOTISTE,CONSUMER STAPLES
EXTRA AGRAR DOO VRBAS,CONSUMER STAPLES
PREDRAG (VELEMIR) VESKOV,CONSUMER STAPLES
INDUSTRIJA MESA NEDELJKOVIC,CONSUMER STAPLES
LDS DOO POZAREVAC,INDUSTRIALS
SILLA - ING D.O.O.,NOT RELEVANT
FAMILIJA MARKET DOO BEOGRAD,NOT RELEVANT
AGROEXPORT AD BEOGRAD,CONSUMER DISCRETIONARY
ENERGIJA TEHNIKA TEHNOLOGIJA DOO,INDUSTRIALS
NACIONALNA DISTRIBUCIJA D.O.O.,CONSUMER STAPLES
BIG-BULL KOMPANIJA DOO BACINCI - U,CONSUMER STAPLES
GRAFO NIN TRADE DOO,NOT RELEVANT
MD 02 DOO BEOGRAD,CONSUMER STAPLES
EUROAUTO DOO BEOGRAD - U PRINUDNOJ,CONSUMER DISCRETIONARY
METER & CONTROL DOO BEOGRAD,INFORMATION TECHNOLOGY
PROMIST DOO VETERNIK,MATERIALS
ASEE SOLUTIONS D.O.O. BEOGRAD,INFORMATION TECHNOLOGY
EKO FUTURA DOO,INDUSTRIALS
VZK DOO BEOGRAD,CONSUMER STAPLES
VILA LIBRI DOO,COMMUNICATIONS
MONBAT PLC DOO INDIJA,INDUSTRIALS
K-HOTELS DOO BEOGRAD,CONSUMER DISCRETIONARY
7.JULI TRGOVINA DOO VRANJE,CONSUMER STAPLES
POTISJE-BECEJ DOO BECEJ,INDUSTRIALS
JUROSEVIC MD DOO VRBAS,INDUSTRIALS
SRNA DOO,CONSUMER DISCRETIONARY
EC HARRIS D.O.O.,NOT RELEVANT
ST KOMERC PRINT,CONSUMER STAPLES
BAZIS RENT DOO BEOGRAD,NOT RELEVANT
MLINTEST - U STECAJU,NOT RELEVANT
AROMA AD,CONSUMER DISCRETIONARY
BSP DOO FEKETIC,CONSUMER STAPLES
SUBGROUP BENU,CONSUMER STAPLES
DOO DELTA KLADOVO - U STECAJU,ENERGY
TUV RHEINLAND INTERCERT DOO,INDUSTRIALS
ANGROPROMET DOO KIKINDA,CONSUMER STAPLES
ANDJELKOVIC AL I PVC DOO BEOGRAD-V,INDUSTRIALS
DORMAKABA DOO BEOGRAD,CONSUMER DISCRETIONARY
BEOHEMIJA-INHEM DOO,CONSUMER STAPLES
SLAVISA MITIC PR RADNJA ZA PREVOZ I,CONSUMER STAPLES
GROUP COMEL,INDUSTRIALS
STEFANOVIC AUTO DOO MLADENOVAC,CONSUMER DISCRETIONARY
BRAINZ DOO BEOGRAD,COMMUNICATIONS
SAN MARCO,CONSUMER STAPLES
FORTUNA MARKET DOO ARANDELOVAC,CONSUMER STAPLES
S RAIL DOO,INDUSTRIALS
KOMUNALAC U RUMI JP RUMA,INDUSTRIALS
HCP DOO BEOGRAD,INDUSTRIALS
PREDSTAVNISTVO TIM ZIP BEOGRAD,INDUSTRIALS
AZOHEM DOO SUBOTICA,MATERIALS
ADECCO HUMAN RESOURCES DOO BEOGRAD,NOT RELEVANT
KOMNENOVIC DOO BEOGRAD,CONSUMER DISCRETIONARY
ENERGOINVEST-INTERENERGO DOO,INDUSTRIALS
GENERALI TRANSPORT COMPANY DOO U S,INDUSTRIALS
INFIX 2024 DOO BEOGRAD ,CONSUMER DISCRETIONARY
VULOVIC TRANSPORT  DOO,INDUSTRIALS
"Elgas energy trading, LTD",ENERGY
BALKAN CAR SALES D.O.O.,CONSUMER DISCRETIONARY
PETKUS ENGINEERING DOO,INDUSTRIALS
SELECT COMPANY DOO SMEDEREVO,CONSUMER STAPLES
ARTINVEST DOO STARA PAZOVA,CONSUMER DISCRETIONARY
BEIERSDORF D.O.O.,CONSUMER STAPLES
AUTO FLEET MANAGEMENT DOO,INDUSTRIALS
SPECIJALNA BOLNICA ZA BOLESTI ZAVI,HEALTH CARE
GROUP SPAIZ,CONSUMER STAPLES
EPIROC SRBIJA A.D.,INDUSTRIALS
GREEN TECHNOLOGY FIRST DOO,UTILITIES
TEHNIX BEO DOO BEOGRAD,INDUSTRIALS
E.S.-KOMERC DOO PRIJEPOLJE,CONSUMER STAPLES
LOKOMOTIVA DOO BEOGRAD,INDUSTRIALS
METALAC INKO,INDUSTRIALS
EJOT TEHNIKA SPAJANJA DOO BEOGRAD,INDUSTRIALS
SIKA SRBIJA DOO,MATERIALS
TD SYNNEX D.O.O. BEOGRAD,INFORMATION TECHNOLOGY
AGROMEHANIKA AC DOO NOVI SAD,INDUSTRIALS
O&M INZENJERING GROUP DOO,INDUSTRIALS
MERCATUS DOO BEOGRAD,MATERIALS
JEZERO DOO TTUP ZUNJE KNIC KRAGUJEV,CONSUMER STAPLES
CHINA ENERGY ENGINEERING GROUP TIA,INDUSTRIALS
ALFA PROMET AD ODZACI,NOT RELEVANT
VITEZ&KOM DOO VRANJE,CONSUMER DISCRETIONARY
D.V.G. COMPANY DOO SUBOTICA,CONSUMER STAPLES
FRUVITA DOO BEOGRAD,CONSUMER STAPLES
M I P DOO KRALJEVO,CONSUMER STAPLES
ENTECO DOO UZICE,INDUSTRIALS
KOMPRESOR DORCOL DOO BEOGRAD,CONSUMER DISCRETIONARY
VOSSLOH-SCHWABE SERBIA D.O.O.,CONSUMER DISCRETIONARY
DELTA EPC DOO,INDUSTRIALS
TRGOPROMET NEKRETNINE DOO SUBOTICA,CONSUMER STAPLES
NOVELIC D.O.O.,INFORMATION TECHNOLOGY
DIGITAL FIRST DOO,INDUSTRIALS
RISMEN DOO,CONSUMER STAPLES
mtt infiz doo beograd,INDUSTRIALS
ONDREJ (ONDREJ) HEDJI,CONSUMER STAPLES
KTP JUP DOO,NOT RELEVANT
SZP ZAVARIVAC AD VRANJE - U STECAJ,INDUSTRIALS
GRADITELJ D.O.O. NOVI SAD,INDUSTRIALS
ELTRAS IN DOO BEOGRAD - U PRINUDNO,INDUSTRIALS
JEFIMIJA M DOO RASKA,INDUSTRIALS
KONTAKTOR DOO BEOGRAD,REAL ESTATE
OBALA TRADE DOO BEOGRAD,CONSUMER STAPLES
MILORD DOO NOVI PAZAR,INDUSTRIALS
LABUDOVIC NS DOO NOVI SAD,CONSUMER STAPLES
GROUP AGROMARKET KG,MATERIALS
DELTA TERM DOO BEOGRAD,INDUSTRIALS
BDS PROPERTIES DOO,REAL ESTATE
ELEKTROVAT DOO BEOGRAD,INDUSTRIALS
GOOD MOOD DOO BEOGRAD,CONSUMER DISCRETIONARY
ELEKTROMONTAZA D.O.O. KRALJEVO,INDUSTRIALS
INSAJDER PRODUKCIJA DOO,COMMUNICATIONS
SRBIJAPUT AD BEOGRAD,INDUSTRIALS
AD PODUNAVLJE BACKA PALANKA,CONSUMER STAPLES
PTM DOO SABAC,HEALTH CARE
RAKIC-LTD DOO RADINAC SMEDEREVO,CONSUMER STAPLES
"METLAKOMERC DOO VINARCE, LESKOVAC",CONSUMER STAPLES
YOUGOV CP D.O.O.,CONSUMER DISCRETIONARY
ZZ ZADRUGAR BAC,CONSUMER STAPLES
ZZ TABANOVIC LOZNICA,NOT RELEVANT
SIRMIUM STEEL D.O.O. SR.MITROVICA,MATERIALS
PREDSTAVNISTVO CARL ZEISS,HEALTH CARE
EUROFIBER,CONSUMER DISCRETIONARY
BREZA DOO PARACIN,INDUSTRIALS
NETIKS DOO BEOGRAD,INFORMATION TECHNOLOGY
MODITAL TRADE DOO,NOT RELEVANT
JKP MEDIANA NIS,INDUSTRIALS
GROUP NEVENACOLOR,NOT RELEVANT
ABC FOOD A.D.,CONSUMER STAPLES
BB MEAT DOO BACINCI,CONSUMER STAPLES
STEEL-IMPEX DOO SREMSKA KAMENICA,MATERIALS
SMARTPHONE CONCEPT DOO BEOGRAD,CONSUMER DISCRETIONARY
"PREDUZECE ZA TRGOVINU, TRANSPORT I",INDUSTRIALS
D COMPANY DOO BABUSNICA,INDUSTRIALS
DRAGIS-PHARM DOO BEOGRAD,HEALTH CARE
DVADESETPRVI MAJ AUTO KUCA D.O.O.,REAL ESTATE
VORWERK AUTOTEC SERBIA D.O.O.,CONSUMER DISCRETIONARY
OFFICE RENTALS DOO,REAL ESTATE
ABC MAZIVA DOO,MATERIALS
SVETOZAR (NEDELJKO) VESKOV,CONSUMER STAPLES
HOLCIM SRBIJA DOO,MATERIALS
TARKETT DOO BACKA PALANKA,INDUSTRIALS
JKP DIREKCIJA ZA JAVNI PREVOZ GRAD,INDUSTRIALS
STANKOM AD - U STECAJU,CONSUMER DISCRETIONARY
PHARMACIA ZAD DOO U STECAJU,HEALTH CARE
VEROPOULOS,CONSUMER STAPLES
SERBIA CABLE COMMERCE,INDUSTRIALS
REAL ESTATE RENT 2 DOO,REAL ESTATE
MAGNA PHARMACIA D.O.O.,HEALTH CARE
SUBGROUP AUTORITAS,CONSUMER STAPLES
SRBIJAAUTOPUT DOO BEOGRAD,INDUSTRIALS
TIS-MITROVIC DOO ZAJECAR,CONSUMER STAPLES
IKEA SRBIJA,CONSUMER DISCRETIONARY
"SANI OPTIK D.O.O., BEOGRAD",CONSUMER DISCRETIONARY
TELEKOMUNIKACIJA DOO,INDUSTRIALS
BEOECOTEL,INFORMATION TECHNOLOGY
ZVONKO MILOSAVLJEVIC PR FILI ZM,CONSUMER STAPLES
RABALUX DOO,NOT RELEVANT
VISNJICA DOO,CONSUMER DISCRETIONARY
PANONGRAD DOO,INDUSTRIALS
GROUP METAL-HEMICO,CONSUMER STAPLES
NESTLE ADRIATIC S DOO BEOGRAD-SURC,CONSUMER STAPLES
STEMAR SPED D.O.O.,INDUSTRIALS
GLETER-MAX DOO BEOGRAD - U PRINUDN,NOT RELEVANT
RISTIC DOO IVANJICA,CONSUMER DISCRETIONARY
KUHNE + NAGEL DOO,INDUSTRIALS
POSLOVNO UDRUZENJE DAVAOCA LIZINGA,INDUSTRIALS
VENAC AD PECINCI,REAL ESTATE
CARGO-PARTNER DOO BEOGRAD,INDUSTRIALS
EUROPAPRESS DOO BEOGRAD - U STECAJ,NOT RELEVANT
BUDUCNOST DOO VALJEVO,INDUSTRIALS
DOKA SERB DOO SIMANOVCI,INDUSTRIALS
WEST BEOCAR DOO,CONSUMER DISCRETIONARY
B&S IMMOBILIEN DOO,INDUSTRIALS
RESTART SHOP D.O.O.,CONSUMER DISCRETIONARY
OLEON DOO NOVI SAD,CONSUMER STAPLES
FINO VINO DOO BEOGRAD,CONSUMER STAPLES
ARTINVEST NAMESTAJ,CONSUMER DISCRETIONARY
BIOMEDICA MP DOO BEOGRAD,HEALTH CARE
SYMBOL DOO SUBOTICA,INDUSTRIALS
DOO HOLLO COMPANY DOROSLOVO,CONSUMER STAPLES
SOLCHEM S D.O.O.,MATERIALS
GROUP BAHUS,CONSUMER STAPLES
SMITRAN AUTO DOO,CONSUMER DISCRETIONARY
VIATOR & VEKTOR-TRANSPED-VRSAC DOO,NOT RELEVANT
NEVENA SPB DOO BEOGRAD (SAVSKI VEN,NOT RELEVANT
LTS D.O.O.,CONSUMER STAPLES
SCHMITZ CARGOBULL D.O.O.,NOT RELEVANT
BAJA D.O.O.,NOT RELEVANT
HUMANITARNA FONDACIJA BUDIMIR BOSK,INDUSTRIALS
"DRENIK ND D.O.O., BEOGRAD",MATERIALS
PREDSTAVNISTVO OSRAM EOOD,INDUSTRIALS
KROMBERG & SCHUBERT SRBIJA D.O.O.,CONSUMER DISCRETIONARY
COMPASS FOOD DOO BEOGRAD,CONSUMER STAPLES
TELEFONKABL DOO BEOGRAD,INDUSTRIALS
VS EVROCORN DOO,CONSUMER STAPLES
BANAT TRANS DOO ZRENJANIN,INDUSTRIALS
INDUSTRIJSKA OPREMA D.O.O.,INDUSTRIALS
IBIS-INSTRUMENTS DOO,INFORMATION TECHNOLOGY
DIV-TRADES DOO,MATERIALS
NOMIS DOO BEOGRAD,CONSUMER DISCRETIONARY
GROUP WEG,NOT RELEVANT
TROPICANA D.O.O.,CONSUMER STAPLES
UNIBROS D.O.O.,NOT RELEVANT
KREATIVA NEW FORMULA D.O.O.,NOT RELEVANT
ENERGOPROJEKT HOLDING A.D. BEOGRAD,INDUSTRIALS
AIR SERBIA A.D. BEOGRAD,INDUSTRIALS
VITAL AD VRBAS,NOT RELEVANT
APOTEKA VALJEVO,CONSUMER STAPLES
AGRO PRODUKT SRB DOO GOSPODINCI,CONSUMER STAPLES
JP VRBAS GAS VRBAS,UTILITIES
Sakal Ana Ester,NOT RELEVANT
SG NETWORKING DOO BEOGRAD,INDUSTRIALS
PORSCHE PARTNER,CONSUMER DISCRETIONARY
PREDUZECE STRELA DOO KLAJIC,CONSUMER STAPLES
UNICOM TELECOM DOO,INFORMATION TECHNOLOGY
GROUP MATIJEVIC,CONSUMER STAPLES
GOOD FOOD DOO BEOGRAD (VRACAR),CONSUMER STAPLES
AGROCOOP - U STECAJU,CONSUMER STAPLES
NAFTACHEM DOO SREMSKA KAMENICA,INDUSTRIALS
VEMI SUN DOO,UTILITIES
BOEHRINGER INGELHEIM SERBIA DOO BE,HEALTH CARE
COMMUNIS DOO BEOGRAD,COMMUNICATIONS
M I INVESTMENTS DOO,REAL ESTATE
SUBGROUP NECTAR,CONSUMER STAPLES
FLEET PARTNER DOO,INDUSTRIALS
AUTOPROMET DOO,CONSUMER DISCRETIONARY
DANIJELA (BRANKO) BELJANSKI,CONSUMER STAPLES
GROUP BMR,INDUSTRIALS
CANDY RUSH DOO BEOGRAD,CONSUMER STAPLES
LOGO DOO,INDUSTRIALS
GEINARRO DOO VALJEVO,CONSUMER DISCRETIONARY
TRANSAKS DOO,FINANCIALS
DALLAS NAMESTAJ DOO,CONSUMER DISCRETIONARY
GAS-FEROMONT AD STARA PAZOVA,UTILITIES
UNIVERZAL - HOLDING A.D.,NOT RELEVANT
A-G  DINAS 2005 DOO BEOGRAD - U LI,CONSUMER DISCRETIONARY
"PREDUZECE ZA TRGOVINU,POSREDOVANJE",INDUSTRIALS
INTERNATIONAL VIRTUAL OFFICE DOO,CONSUMER STAPLES
ZOP INZENJERING DOO,INDUSTRIALS
TAMNAVAPUT AD,INDUSTRIALS
UNIVERZAL TPM DOO BEOGRAD - U STEC,NOT RELEVANT
LIBERTAS-AGRAR DOO,CONSUMER STAPLES
DUNAV,NOT RELEVANT
LOMAX COMPANY DOO SUBOTICA,NOT RELEVANT
ENERGY NET ONE D.O.O.,INDUSTRIALS
AUTOTRANSPORT DOO KOSTOLAC,INDUSTRIALS
STUDIO M SAVREMENI SISTEMI GRADNJE,INDUSTRIALS
SIMULA D.O.O. NOVI SAD,INFORMATION TECHNOLOGY
ETP D.O.O.,INFORMATION TECHNOLOGY
USLUGA AD B.TOPOLA,CONSUMER STAPLES
AUTO KUCA SEKULIC DOO VETERNIK,CONSUMER DISCRETIONARY
MLINPRODUKT AD ADA,CONSUMER STAPLES
TRGOVINSKO PREDUZECE ALEX INTERNATI,INDUSTRIALS
GATARIC INTERNATIONAL GROUP DOO BEO,CONSUMER DISCRETIONARY
ZORKA PHARMA-HEMIJA DOO SABAC,MATERIALS
PARALELA PLUS D.O.O. BEOGRAD,CONSUMER STAPLES
DIJAMANT AGRAR A.D. ZRENJANIN,CONSUMER STAPLES
SUBGROUP BIGZ,MATERIALS
DOO VELISAVLJEV BOTOS,CONSUMER STAPLES
TARKETT DOO REPUBLIKA SRBIJA PREDST,INDUSTRIALS
KIT COMMERCE DOO BEOGRAD,CONSUMER DISCRETIONARY
UNI CHEM DOO,HEALTH CARE
DELTA CLEANROOM DOO BEOGRAD,INDUSTRIALS
REFOT B DOO BEOGRAD,CONSUMER DISCRETIONARY
ELIXIR ZORKA - MINERALNA DUBRIVA D,MATERIALS
KEOS D.O.O.,CONSUMER DISCRETIONARY
SALAS 024 D.O.O. SUBOTICA,CONSUMER STAPLES
VIATRIS HEALTHCARE D.O.O.,HEALTH CARE
ALCO GROUP HOTELI D.O.O. BEOGRAD,CONSUMER DISCRETIONARY
ASBIS DOO BEOGRAD,INFORMATION TECHNOLOGY
VODA VODA DOO,NOT RELEVANT
DRVOPROMET DOO LESKOVAC U STECAJU,CONSUMER DISCRETIONARY
"BMP AD,HOTEL HYATT",CONSUMER DISCRETIONARY
ZAJACA  RUDNICI I TOPIONICA AD,MATERIALS
PREDUZECE GEM-COMPANY DOO BEOGRAD,INDUSTRIALS
SOULFOOD DOO BEOGRAD,CONSUMER STAPLES
ROBNE KUCE BEOGRAD DOO BEOGRAD,REAL ESTATE
MARKO TRANS CARGO DOO,MATERIALS
VODOVOD I KANALIZACIJA JP GROCKA,UTILITIES
BALKAN CONCEPT DOO BEOGRAD,CONSUMER DISCRETIONARY
INTERFAST DOO BEOGRAD,INDUSTRIALS
BEOHEMIJA DOO,CONSUMER STAPLES
GASTEH DOO INDIJA,INDUSTRIALS
PERASTRA DOO BEOGRAD,CONSUMER STAPLES
GREEN BAY DOO BEOGRAD,REAL ESTATE
ALTIUM INTERNATIONAL D.O.O.,HEALTH CARE
NENAD (VELEMIR) VESKOV,CONSUMER STAPLES
GROUP SANI GROUP,CONSUMER DISCRETIONARY
SIMSPED D.O.O.,INDUSTRIALS
GRINDEX DOO  KIKINDA,INDUSTRIALS
KOMONT DOO BEOGRAD - U PRINUDNOJ L,INDUSTRIALS
ALEKSANDAR HOTEL DOO NOVI SAD,NOT RELEVANT
BIP a.d.,CONSUMER STAPLES
GP MOTORS DOO BEOGRAD - U PRINUDNO,CONSUMER DISCRETIONARY
TRIPLE JUMP DOO BEOGRAD,CONSUMER DISCRETIONARY
ALFA COMMERCE DOO SABAC,INDUSTRIALS
VETFARM AD BEOGRAD - U STECAJU,NOT RELEVANT
"S&B CONCRETE DOO BEOGRAD, ZEMUN",INDUSTRIALS
JKP VODOVOD I KANALIZACIJA,UTILITIES
SIEMENS IT SOLUTIONS AND SERVICES,NOT RELEVANT
GROUP FARMEKS,HEALTH CARE
GROUP PROGRES,INDUSTRIALS
DOO AQUA PROMET JAGODINA,INDUSTRIALS
Subgroup e& PPF Telecom Group,COMMUNICATIONS
PIP FOOD GROUP DOO,CONSUMER STAPLES
PDV INZENJERING DOO VALJEVO-POPUCK,INDUSTRIALS
DOO MSJ,CONSUMER STAPLES
GROUP VEGA,HEALTH CARE
FRU COM PLUS DOO,CONSUMER STAPLES
DIGITRON IST D.O.O. BEOGRAD,INDUSTRIALS
QUADRA PACK DOO BEOGRAD,MATERIALS
GROUP PARALELA,NOT RELEVANT
PP BRO ZIVA D.O.O.,NOT RELEVANT
DRUSTVENO PREDUZECE ZA LINIJSKI I T,NOT RELEVANT
DOO POLO VRSAC - U STECAJU,HEALTH CARE
DAREX D.O.O.,CONSUMER DISCRETIONARY
DIRECT MEDIA A.D.,NOT RELEVANT
NICCO AGRAR DOO,CONSUMER STAPLES
"POPADIC KOMERC DOO,KRAGUJEVAC",CONSUMER STAPLES
AGROZENIT ZZ,NOT RELEVANT
SET DOO SABAC,INDUSTRIALS
DOO AGROSOJ PLUS,CONSUMER STAPLES
LLOYD S REGISTER D.O.O. BEOGRA,INDUSTRIALS
ELKOK AD KOSJERIC,INDUSTRIALS
AKVAPAN INZENJERING DOO VRANICI,INDUSTRIALS
GAS INVEST DOO BEOGRAD,INDUSTRIALS
LUPO FASHION DOO BEOGRAD,CONSUMER DISCRETIONARY
BALKAN PLASTICS COMPANY DOO,INDUSTRIALS
GRAMPER D.O.O.,INDUSTRIALS
TIMAC AGRO BALKANS DOO NOVI SAD,MATERIALS
MAXIM MEDIA DOO BEOGRAD,COMMUNICATIONS
UNIFIEDPOST D.O.O.,INDUSTRIALS
SUN & DUN.A.V.,INDUSTRIALS
GROUP JOVANOVIC,INDUSTRIALS
STIL D.O.O. ZRENJANIN,CONSUMER DISCRETIONARY
MIVEX LOGISTICS DOO CACAK,INDUSTRIALS
ATAK INSAAT 2020 KRUSEVAC,INDUSTRIALS
ABELA PHARM DOO BEOGRAD,HEALTH CARE
A SPORT DD,CONSUMER DISCRETIONARY
SOMBOLED AD ZA PROIZVODNJU I PRERAD,CONSUMER STAPLES
GROUP KONSING,NOT RELEVANT
GRADI-TEL DOO SARBANOVAC BOR,ENERGY
GROUP TINA 2000 DOO,CONSUMER DISCRETIONARY
BEOKOM DOO BEOGRAD,CONSUMER DISCRETIONARY
PREDUZECE ZA PROVIZVODNJU PROMET I,NOT RELEVANT
INTERNATIONAL TRADE SYSTEM DOO,HEALTH CARE
KIJEVO DOO BEOGRAD,MATERIALS
DOLEX  DOO SABAC,INDUSTRIALS
GROUP MONTING-GROUP SP,INDUSTRIALS
METALAC BOJLER,CONSUMER DISCRETIONARY
PERNOD RICARD SRBIJA DOO,CONSUMER STAPLES
GROUP GREDA,REAL ESTATE
NARUTO DOO,REAL ESTATE
DOO  FOTOS CREPAJA,CONSUMER STAPLES
BOSAL DOO ZEMUN,INDUSTRIALS
FREY SERVICES DOO BEOGRAD,INDUSTRIALS
BIOCELL HOSPITAL OPSTA BOLNICA,HEALTH CARE
KRISTINA KARAJOVIC PR MPK-ALATNICA,INDUSTRIALS
ELBRACO GROUP DOO APATIN,CONSUMER DISCRETIONARY
EGAL STEEL DOO,INDUSTRIALS
AMICUS SRB DOO BEOGRAD,HEALTH CARE
AMAN RENT A CAR DOO BEOGRAD,FINANCIALS
MD INTERNATIONAL INVEST DOO,CONSUMER DISCRETIONARY
ALFA GLASS DOO,INDUSTRIALS
FSU AD,INDUSTRIALS
LUKA BEOGRAD AD BEOGRAD,INDUSTRIALS
TRIGRANIT DOO BEOGRAD U LIKVIDACIJ,NOT RELEVANT
GROUP CETNIK,INDUSTRIALS
GUDMARK GROUP DOO SABAC PREDSTAVN,CONSUMER DISCRETIONARY
PREDSTAVNISTVO GENERAL MOTORS,CONSUMER DISCRETIONARY
QA CUBE DOO,INFORMATION TECHNOLOGY
BEORELAX D.O.O.,NOT RELEVANT
GROS DOO NOVI SAD,INDUSTRIALS
DEXY CO KIDS,CONSUMER DISCRETIONARY
BEVETTI D.O.O. NOVI SAD,CONSUMER STAPLES
PREDUZECE ZA PROIZVODNJU PURATOS DO,CONSUMER STAPLES
AUTO KUCA-KOLE DOO BEOGRAD-ZEMUN,CONSUMER DISCRETIONARY
KEJ KOMERC DOO,MATERIALS
SELECT TRANSPORT D.O.O.,INDUSTRIALS
HBT LOGISTIKA DOO ZEMUN - U LIKVID,CONSUMER STAPLES
NAJEVROPLJANIN DOO NOVI SAD,REAL ESTATE
MAJA VLAOVIC,CONSUMER STAPLES
POLITEK DOO KRAGUJEVAC,INDUSTRIALS
PHOSPHEA DANUBE D.O.O.,MATERIALS
LUKI- KOMERC DOO,CONSUMER STAPLES
BB LOGISTIC 011 BOGDANKA ,INDUSTRIALS
SJM-AGROPROM D.O.O. VALJEVO,CONSUMER STAPLES
PUTNIK AD,CONSUMER DISCRETIONARY
KOBE GROUP D.O.O. BEOGRAD,MATERIALS
JUGO LADA DOO BEOGRAD,NOT RELEVANT
INNOVA MD GROUP DOO BEOGRAD - U LI,HEALTH CARE
UNOGRADNJA V.V.  DOO BEOGRAD - U S,NOT RELEVANT
FOODY RESTORANI D.O.O.,CONSUMER DISCRETIONARY
HOTEL GOLDEN HILL DOO BEOGRAD,CONSUMER DISCRETIONARY
NEXIM DOO BEOGRAD-ZVEZDARA,CONSUMER STAPLES
N & B PROM DOO VOGANJ,ENERGY
PHOENIX PHARMA D O O,HEALTH CARE
GRAND D GRUPA FLZ DOO BEOGRAD-PALI,INDUSTRIALS
EMA DOO,CONSUMER DISCRETIONARY
BEL CAR TEAM D.O.O.,CONSUMER DISCRETIONARY
GP UNACOP DOO BEOGRAD,INDUSTRIALS
PREDUZECE UZOR EKSPORT DOO MLADENOV,MATERIALS
FRUCT COMPANY,CONSUMER STAPLES
BAST COMMERCE D.O.O.,INDUSTRIALS
DOEHLER DOO BEOGRAD,CONSUMER STAPLES
SRBOAUTO DOO BEOGRAD,CONSUMER DISCRETIONARY
CONNECTIT D.O.O.,INFORMATION TECHNOLOGY
VEGA PROPERTIES D.O.O.,INFORMATION TECHNOLOGY
LABENA DOO BEOGRAD,HEALTH CARE
DOO 9.MAJ CONOPLJA,CONSUMER STAPLES
FUTURA GREEN VAT D.O.O.,UTILITIES
KAPIJA CIGOTE D.O.O.,CONSUMER DISCRETIONARY
MB METAL PROM DOO RUMA,CONSUMER DISCRETIONARY
FORTIS POWER COMMODITIES D.O.O.,UTILITIES
AGRO CESLA DOO RUMENKA,INDUSTRIALS
TENGE D.O.O. BEOGRAD-CUKARICA,INDUSTRIALS
BIROGRAF COMP DOO BEOGRAD,INDUSTRIALS
GROUP NIMAX,CONSUMER DISCRETIONARY
AUTOLAND BGD DOO BEOGRAD,CONSUMER DISCRETIONARY
KOVIS BP DOO EXPORT-IMPORT BACKA P,INDUSTRIALS
IGEPA DEUS D.O.O.,MATERIALS
KOPRA D.O.O. BEOGRAD,INDUSTRIALS
HIPRA INZENJERING PANCEVO,INDUSTRIALS
MEGALIT DOO RASKA,INDUSTRIALS
PRIVREDNO DRUSTVO ZA,NOT RELEVANT
DOO CHEMMAX BACKA PALANKA,MATERIALS
DRINA PLASTIKA-86,CONSUMER DISCRETIONARY
EURONAPA DOO BEOGRAD - U PRINUDNOJ,CONSUMER DISCRETIONARY
INDO ZINC SMELTERS U STECAJU,NOT RELEVANT
VENTURA DOO,NOT RELEVANT
TF KABLE FKZ DOO ZAJECAR,NOT RELEVANT
PRODRES D.O.O. KRUSEVAC,INDUSTRIALS
RADERA DOO SMEDEREVSKA PALANKA   P,NOT RELEVANT
MERKUR 3M-PRES DOO POZAREVAC,CONSUMER DISCRETIONARY
SKORPION UNION DOO NOVI SAD-,CONSUMER DISCRETIONARY
EUROPAPIER DUNAV DOO BEOGRAD,MATERIALS
BAD SISTEMS DOO,INFORMATION TECHNOLOGY
DUPONT SRB DOO BEOGRAD,MATERIALS
MINT PHARM,CONSUMER STAPLES
NEW FRONTIER INNOVA D.O.O. BEOGRAD,INFORMATION TECHNOLOGY
GOODWILL PHARMA DOO SUBOTICA,HEALTH CARE
ALPINA DRINK - U STECAJU,CONSUMER STAPLES
MARMIL BETON DOO BEOGRAD,MATERIALS
AGROGLOBE DOO NOVI SAD,CONSUMER STAPLES
NORTH LINE DOO SUBOTICA,CONSUMER STAPLES
BBT AD ZITISTE,CONSUMER STAPLES
GROUP RACA,CONSUMER STAPLES
NEW MEDIA IDEAS DOO BEOGRAD,COMMUNICATIONS
GROUP ANLEK,HEALTH CARE
TANOVA DOO NIS - U LIKVIDACIJI,CONSUMER STAPLES
BENEFIT D.O.O.,CONSUMER DISCRETIONARY
CURDIC DOO,INDUSTRIALS
VALJEVO PUT  DP,INDUSTRIALS
SUBGROUP HLEB I KIFLE,CONSUMER STAPLES
ADIGE BITUMI IMPRESA SPA OGRANAK,INDUSTRIALS
ICE CREAM FACTORY DOO BEOGRAD,CONSUMER STAPLES
NOVO PLUS DOO LJUBLJANA,CONSUMER STAPLES
RADIC PR RUMA,CONSUMER STAPLES
EURO SUMMAR DOO,CONSUMER DISCRETIONARY
MARA DOO SOMBOR,CONSUMER STAPLES
MPC HOLDING DOO BEOGRAD,INDUSTRIALS
GEROVIT DOO,MATERIALS
INPHARM CO DOO,HEALTH CARE
BEO RIBARSTVO DOO,CONSUMER STAPLES
AT KASTELEC DOO BEOGRAD,INDUSTRIALS
MESSER TEHNOGAS AD BEOGRAD,MATERIALS
URBAN-TECHNICS DOO,MATERIALS
POLLINO FRUIT DOO,CONSUMER STAPLES
NOLEKO DOO,INDUSTRIALS
MAKPHARM DOO BEOGRAD,HEALTH CARE
TEHNOMEDIA CENTAR DOO ZAJECAR,CONSUMER DISCRETIONARY
"STO POSTO  DOO, BEOGRAD",CONSUMER STAPLES
KVANTEKS - U STECAJU,NOT RELEVANT
AD FABRIKA ULJA KRUSEVAC - U STECA,NOT RELEVANT
GROUP PZP NIS,INDUSTRIALS
DOO PELUS APATIN - U STECAJU,NOT RELEVANT
KONSTRUKTOR KONSALTING,INDUSTRIALS
JKP VODOVOD SREMSKA MITROVICA,UTILITIES
SMKR SASA 1,CONSUMER STAPLES
TTTECH AUTO DOO BANJA LUKA,INDUSTRIALS
INSTALATER DOO BEOGRAD,INDUSTRIALS
ARBORSPALET 2010 DOO BA¿KA PALANKA,MATERIALS
AGROKIKI D.O.O.,CONSUMER STAPLES
MITROS FLEISCHWAREN DOO,CONSUMER STAPLES
MCF MEGACOM FILMS,COMMUNICATIONS
COMING-COMPUTER ENGINEERING DOO BE,INFORMATION TECHNOLOGY
GROUP ZITOPROMETMLIN,CONSUMER STAPLES
BATA DOO,INDUSTRIALS
NAGY RET,CONSUMER STAPLES
BAYER DOO BEOGRAD,MATERIALS
MIREX DOO RUMENKA,INDUSTRIALS
DAILY EXPRESS DOO BEOGRAD,CONSUMER DISCRETIONARY
HISENSE EUROPE CUSTOMER CARE CENTA,NOT RELEVANT
TRGOVINSKO PREDUZECE SNAVEL-SRBIJAT,NOT RELEVANT
VELEFARM AD HOLDING KOMPANIJA BEOG,NOT RELEVANT
EURO PERTOL TRANS DOO,NOT RELEVANT
GROUP NIBENS,INDUSTRIALS
LUDAN ENGINEERING DOO BEOGRAD,INDUSTRIALS
C.O.D. DOO BEOGRAD,CONSUMER DISCRETIONARY
"VULE - MARKET DOO BEOGRAD, SREMCIC",CONSUMER STAPLES
COSMOPROFESSIONAL DOO BEOGRAD,CONSUMER STAPLES
STEPCON DOO,INDUSTRIALS
STRABAG BMTI,INDUSTRIALS
CHS SERBIA DOO NOVI SAD,CONSUMER STAPLES
GP GRANIT-PESCAR DOO LJIG,MATERIALS
INIZIO AUTO DOO NOVI SAD,INDUSTRIALS
PANALEX AD BEOGRAD,INDUSTRIALS
AU DR.MAX ,CONSUMER STAPLES
PAN LOGISTIC DOO,INDUSTRIALS
EJ EXCLUSIVE,CONSUMER DISCRETIONARY
PWW DEPONIJA DOO JAGODINA,INDUSTRIALS
LUKOIL SRBIJA D.O.O.  BEOGRAD,CONSUMER DISCRETIONARY
METAL-CENTAR DOO VOJKA,INDUSTRIALS
DONIC DOO VELIKA PLANA,CONSUMER DISCRETIONARY
RAIL CARGO CARRIER - SERBIA D.O.O. ,INDUSTRIALS
SOFTWAREONE D.O.O. - U LIKVIDACIJI,INFORMATION TECHNOLOGY
FERTICO DOO INDIJA,MATERIALS
MAROX DOO,NOT RELEVANT
"PREDUZECE ZA PROIZVODNJU, PROMET,",CONSUMER DISCRETIONARY
SRPSKA FABRIKA ZA RECIKLAZU,INDUSTRIALS
ALUMINUM SYSTEMS AND CONSTRUCTIONS,INDUSTRIALS
PSG BANATSKI DVOR DOO NOVI SAD,ENERGY
PRIVREDNO DRUSTVO ZA,CONSUMER STAPLES
DOO NIKOM  KRAGUJEVAC,CONSUMER DISCRETIONARY
C&R VENTURES DOO BEOGRAD,REAL ESTATE
DN & T INVESTING GROUP DOO BEOGRAD,INDUSTRIALS
DATA 011 DOO,INFORMATION TECHNOLOGY
JAVNO KOMUNALNO PREDUZECE ZA JAVNE,INDUSTRIALS
"EKUPI DOO BEOGRAD, VILINE VODE BB",CONSUMER DISCRETIONARY
PETROL DOO BEOGRAD,ENERGY
"FRUIT INTERNATIONAL DOO BEOGRAD, N",CONSUMER STAPLES
DELTA HOSPITALITY DOO BEOGRAD,CONSUMER DISCRETIONARY
BOGDANOVIC,CONSUMER STAPLES
SAT OUTSOURCING,INDUSTRIALS
INTERSPED-B DOO BEOGRAD,INDUSTRIALS
AGRO INVEST 2025 DOO SUBOTISTE,INDUSTRIALS
UZOR DOO NOVI SAD,REAL ESTATE
LOZ DOO,INDUSTRIALS
ORBIT STREEM,INDUSTRIALS
BALKAN 2001 DOO SABAC,INDUSTRIALS
CBS INTERNATIONAL DOO,REAL ESTATE
SECURITAS SERVICES DOO,INDUSTRIALS
NIS A.D. NOVI SAD,ENERGY
ADVISE INSTITUTE DOO,INDUSTRIALS
ZANA DURIC PR MRVICA ARILJE,CONSUMER STAPLES
FLEXOPACK TRADE AND SERVICES DOO,MATERIALS
VISOKA STRUKOVNA SKOLA - INTERNACI,CONSUMER DISCRETIONARY
BOBAN COMERC DOO,CONSUMER STAPLES
HALO OGLASI DOO BEOGRAD,COMMUNICATIONS
"KOSANICA DOO, NIS",INDUSTRIALS
RUMA - U STECAJU,CONSUMER DISCRETIONARY
BEGRAM SERVIS DOO,INFORMATION TECHNOLOGY
IRADIA DOO SREMSKA KAMENICA,CONSUMER STAPLES
ROLYPOLY DOO CACAK U STECAJU,NOT RELEVANT
HONEYWELL DOO BEOGRAD,NOT RELEVANT
GROUP DIRECT GROUP HOLDING,CONSUMER STAPLES
AGROGRNJA DOO PIVNICE,CONSUMER STAPLES
EXTRA - AUTOTRANSPORT DOO,INDUSTRIALS
MULTICATERING D.O.O. BEOGRAD,INDUSTRIALS
REDOM  DOO SMEDEREVO,REAL ESTATE
C.I.A.K. DOO NOVI SAD,CONSUMER DISCRETIONARY
JKP BEOGRADSKI VODOVOD I KANALIZAC,UTILITIES
ORANGE PLUS DOO KISELJAK,CONSUMER STAPLES
DELTA DMD D.O.O.,CONSUMER STAPLES
PROGRES DOO NOVI SAD,CONSUMER STAPLES
MELOVIC GRADNJA DOO,INDUSTRIALS
AGROHEM - U STECAJU,NOT RELEVANT
FUTURA PLUS DOO,CONSUMER STAPLES
NOVART DOO KRAGUJEVAC,CONSUMER DISCRETIONARY
SOFEX DOO NOVI SAD,CONSUMER DISCRETIONARY
EUROPAMONT DOO NOVI SAD,CONSUMER STAPLES
INOS - BALKAN DOO VALJEVO,NOT RELEVANT
SUNCE DOO BEOGRAD-ZEMUN,NOT RELEVANT
VECTOR MANAGEMENT INTERNATIONAL,NOT RELEVANT
REGIONALNA PRIVREDNA KOMORA KRUSEV,INDUSTRIALS
TANKMONT DOO BEOGRAD,INDUSTRIALS
PIZZA BAR DOO BEOGRAD,CONSUMER DISCRETIONARY
M.M.M. - METKOMERC VODICE,INDUSTRIALS
COMMERCIAL DEVELOPMENTS DOO BEOGRA,REAL ESTATE
STAR IMPORT D.O.O.,CONSUMER DISCRETIONARY
ALPLA DOO BEOGRAD,MATERIALS
GOSA FSV DOO,INDUSTRIALS
FRESKO EXPORT IMPORT DOO,CONSUMER STAPLES
"DOO UNITEHNA KRUSEVAC, VELIKO GOLO",INDUSTRIALS
NANDOR (ISTVAN) VERES,CONSUMER STAPLES
RP COMPANY DOO NOVI SAD,CONSUMER STAPLES
PTP ROYAL-TRADE DOO KIKINDA,CONSUMER STAPLES
BEL CAR DOO NOVI SAD,CONSUMER DISCRETIONARY
ERAKOVIC DOO  KULA,CONSUMER STAPLES
VRACAR SISTEM DOO,NOT RELEVANT
BEZDAN DOO BEZDAN,NOT RELEVANT
KOPEX MIN-FITIP AD NIS - U LIKVIDA,INDUSTRIALS
PAKOM - U STECAJU,INFORMATION TECHNOLOGY
KOLAREVIC DOO POJATE,CONSUMER DISCRETIONARY
KOTEKS DOO,CONSUMER STAPLES
GROUP GP AUTO SHOP,CONSUMER DISCRETIONARY
FENIKS-FOCUS D.O.O.,NOT RELEVANT
MILAN BLAGOJEVIC A.D.SMEDEREVO,NOT RELEVANT
KREATIVA UNLIMITED DOO BEOGRAD,CONSUMER DISCRETIONARY
GORENJE STUDIO DOO BEOGRAD,CONSUMER DISCRETIONARY
"DIOPTA DOO BEOGRAD,UMKA",CONSUMER DISCRETIONARY
AVGERINOS DOO SUBOTICA,CONSUMER STAPLES
SMART MEDIA PRODUCTION DOO - U LIK,COMMUNICATIONS
LAGUNA DOO BEOGRAD,COMMUNICATIONS
IC CONSULENTEN DOO BEOGRAD,INDUSTRIALS
SZR NATRON 2002 VUKOVIC VESNA PR R,MATERIALS
ZZ AGROPROM STARA PAZOVA,CONSUMER STAPLES
ELITA-COP DOO BEOGRAD-ZEMUN,INDUSTRIALS
PRO-LOG SR DOO,INDUSTRIALS
PIONIR DOO BEOGRAD,CONSUMER STAPLES
MAT-REAL ESTATE D.O.O,REAL ESTATE
IQVIA RDS,HEALTH CARE
STUDIO SOUND LUXURY,CONSUMER DISCRETIONARY
CETNIK D.O.O. VALJEVO,INDUSTRIALS
CVRCAK DOO,INDUSTRIALS
VELEPRODAJNI CENTAR DOO,NOT RELEVANT
PFI DOO ZEMUN,CONSUMER STAPLES
KIA AUTO DOO BEOGRAD,CONSUMER DISCRETIONARY
PB NITOM DOO NIS,CONSUMER DISCRETIONARY
FRATELLO TRADE DOO,CONSUMER STAPLES
MOBILNI MARKET DOO,INFORMATION TECHNOLOGY
I&F GRUPA DOO,COMMUNICATIONS
GOSA  KOMERC DOO VRANJE,INDUSTRIALS
INTERNATIONAL ALEXANDER D.O.O. NOV,INDUSTRIALS
IN TIME EXPRESS DOO BEOGRAD,INDUSTRIALS
STDCOIL DOO,INDUSTRIALS
SIRMIUMBUS D.O.O.,INDUSTRIALS
EUROIMPEX AUTOGROUP D.O.O. BEOGRAD,CONSUMER DISCRETIONARY
DOO JGP PETROVIC OTPAD OTPAD,INDUSTRIALS
SVETI NIKOLA DOO SECANJ,CONSUMER STAPLES
MEDIPORT DOO BEOGRAD,HEALTH CARE
ZLATIBORAC DOO BEOGRAD,CONSUMER STAPLES
DOO VASOVIC CACAK,CONSUMER STAPLES
NC SERVICES,INDUSTRIALS
INBERG DOO BEOGRAD,CONSUMER STAPLES
SYNGENTA AGRO DOO BEOGRAD,CONSUMER STAPLES
TALIJA LAB MANJA MITROVIC PR,HEALTH CARE
"NEW MOMENT NEW IDEAS COMPANY DOO,",COMMUNICATIONS
KEMOIMPEX AD,REAL ESTATE
TUPLEX SRB DOO,MATERIALS
PREDUZECE ZA INTEGRALNE MARKETING K,NOT RELEVANT
VOPACHEL DOO,MATERIALS
NORAD SMB DOO,NOT RELEVANT
PARK PRIRODE MOKRA GORA DOO,CONSUMER DISCRETIONARY
ZASTAVA AUTOMOBILI AD KRAGUJEVAC -,NOT RELEVANT
VULIC & VULIC D.O.O.,NOT RELEVANT
ZADRUGA MRKSICEVI SALASI,CONSUMER STAPLES
ALBIRO D.O.O. - U LIKVIDACIJI,CONSUMER DISCRETIONARY
RADULOVIC AUTOMOBILI DOO,CONSUMER DISCRETIONARY
AGROZIV AD,CONSUMER STAPLES
ORBITA RENT A CAR DOO,CONSUMER DISCRETIONARY
JKP DUBOKO UzICE ,INDUSTRIALS
UNIVEREXPORT DOO NOVI SAD,CONSUMER STAPLES
SBM EUROTRADE TRGOVINA DOO,CONSUMER DISCRETIONARY
DOO MINI PANI,CONSUMER STAPLES
COMUTEL DOO BEOGRAD,INFORMATION TECHNOLOGY
AVICOMP D.O.O. BEOGRAD,INDUSTRIALS
REPRO MARKET DOO BEOGRAD,INFORMATION TECHNOLOGY
METALAC MARKET,CONSUMER DISCRETIONARY
CENTRAL-H D.O.O.,INDUSTRIALS
FLYING CARGO YU DOO BEOGRAD - ZEMU,INDUSTRIALS
ITALIAN DESIGN CENTER DOO BEOGRAD,CONSUMER DISCRETIONARY
ENERGOGLOBAL DOO FUTOG,INDUSTRIALS
VLADEX DOO VELIKA DRENOVA,INDUSTRIALS
Z.A.FRUIT VALJEVO,CONSUMER STAPLES
MARKO-MEAT DOO BEOGRAD,CONSUMER STAPLES
MITUS D.O.O.,INDUSTRIALS
LOGISTICKI CENTAR TRANSPORTSPED DO,INDUSTRIALS
FARMACIJA KORP.INTERNACIONAL DOO,HEALTH CARE
ZASTAVA PROMET D.O.O.BGD,NOT RELEVANT
JKP NAISSUS NIS,UTILITIES
ELEKTROVODOMONT DOO KONAREVO,NOT RELEVANT
GROUP C.O.D. ,CONSUMER DISCRETIONARY
ECOFORM DOO BEOGRAD,NOT RELEVANT
SEME PRODUKT AD CACAK PREDUZECE ZA,CONSUMER STAPLES
DELIGHT AAS DOO,INDUSTRIALS
KOPOVI AD,MATERIALS
TEGO-TRANS DOO NOVI BEOGRAD,INDUSTRIALS
BLOKMI INVEST D.O.O. BEOGRAD,INDUSTRIALS
PREDUZECE ZA TRGOVINU I USLUGE ANLE,HEALTH CARE
APOTEKARSKA USTANOVA SOPHARMACY NO,CONSUMER STAPLES
SANDVIK SRBIJA DOO,INDUSTRIALS
DMA KOPING DOO BEOGRAD,INDUSTRIALS
DOBERGARD PLUS D.O.O. BEOGRAD,INDUSTRIALS
NES COMMUNICATIONS DOO BEOGRAD,INDUSTRIALS
HEKTOR SISTEM DOO,CONSUMER STAPLES
NS UNION TEHNIKA DOO NOVI SAD,INDUSTRIALS
TERMO PLUS DOO BARAJEVO,INDUSTRIALS
PROVENTUSS DOO BEOGRAD - U PRINUDN,NOT RELEVANT
RES TRADE DOO NOVI SAD,INDUSTRIALS
DZAVIC DOO BOGATIC,NOT RELEVANT
BEOTELNET-ISP DOO BEOGRAD,INFORMATION TECHNOLOGY
BLACK FLY LINE D.O.O.,INDUSTRIALS
GRADIENT DOO BEOGRAD,MATERIALS
JUST IN CASE,CONSUMER DISCRETIONARY
TRANS-JUG DOO OBRENOVAC,INDUSTRIALS
SC TASMAJDAN BEOGRAD,CONSUMER DISCRETIONARY
KNEZEV GROUP D.O.O. BECEJ,CONSUMER DISCRETIONARY
PREDSTAVNISTVO ALLIED TELESIS,INFORMATION TECHNOLOGY
LIFT & CARRY DOO,INDUSTRIALS
KDD AUTO D.O.O. BEOGRAD,CONSUMER DISCRETIONARY
PORTEST GROUP DOO BEOGRAD,INDUSTRIALS
GRUNER SERBIAN DOO VLASOTINCE,CONSUMER DISCRETIONARY
CAR RENTAL DOO NOVI BEOGRAD,INDUSTRIALS
SLO-DEL,CONSUMER DISCRETIONARY
UNIPOS DOO MAJUR,INFORMATION TECHNOLOGY
GROUP MEDIUS,CONSUMER STAPLES
EAST GRAIN D.O.O.,CONSUMER STAPLES
EMERALD HILL D.O.O.,INDUSTRIALS
IPSOS STRATEGIC MARKETING DOO BEOG,COMMUNICATIONS
GROUP PRIMAR,INDUSTRIALS
MY MORE DOO BEOGRD,INDUSTRIALS
UTC EUROPAK DOO,CONSUMER STAPLES
DELOITTE D.O.O. BEOGRAD,INDUSTRIALS
LIDER-PRO DOO,ENERGY
"DRUSTVO ZA INZENJERING,",INDUSTRIALS
CORNER KIOSK D.O.O. NOVI SAD,CONSUMER STAPLES
TOPOLA-COMMERCE DOO SENTA,CONSUMER STAPLES
JUGO MONT DOO NOVI SAD,INDUSTRIALS
"PATRIMONS D.O.O.,BEOGRAD",NOT RELEVANT
WEIFERT STR VLADAN KRCADINAC PR PA,CONSUMER STAPLES
NOVOMETAL DOO NOVI SAD,MATERIALS
NBK DOO NOVA PAZOVA,CONSUMER DISCRETIONARY
EURONET SERVICES DOO,INDUSTRIALS
SILA DOO STARA MORAVICA,INDUSTRIALS
"PIONIRSPED ATP K.D. C.GUZVICA,M.BOJ",INDUSTRIALS
PRIMAR TIM INZENJERING D.O.O.,INDUSTRIALS
BMK NOVA TRGOVINA DOO BEOGRAD,CONSUMER STAPLES
MIKROE DOO BEOGRAD,INFORMATION TECHNOLOGY
WSL REFRIGERATION DOO,INDUSTRIALS
ELLOPAK TEM DOO,CONSUMER STAPLES
JUGOTEX DOO SMEDEREVO,CONSUMER DISCRETIONARY
KSS,INDUSTRIALS
BG ELEKTRONIK DOO BEOGRAD,CONSUMER DISCRETIONARY
MASTER FRUITS D.O.O. BEOGRAD,CONSUMER STAPLES
BIO SAVE D.O.O. BEOGRAD,HEALTH CARE
EGLO RASVETA DOO BEOGRAD,CONSUMER DISCRETIONARY
ALFA RS DOO LIPOLIST,NOT RELEVANT
TINA 2000 DOO SABAC - U STECAJU,CONSUMER DISCRETIONARY
VULKAN GUME,MATERIALS
MEDOPRODUKT DOO TAVANKUT,NOT RELEVANT
GDC SERVICES AND SOLUTIONS D.O.O.,INFORMATION TECHNOLOGY
ATOM PARTNER DOO BEOGRAD,INFORMATION TECHNOLOGY
GENEZA DOO,CONSUMER STAPLES
CT RETAIL - U STECAJU,CONSUMER DISCRETIONARY
MK LOGISTIKA D.O.O. NOVI SAD,INDUSTRIALS
SMURFIT KAPPA DOO,MATERIALS
JULIUS MEINL DOO BEOGRAD,CONSUMER STAPLES
EE WASTE GROUP DOO,INDUSTRIALS
FLEUNERRA DOO SABAC,CONSUMER STAPLES
M-ONE E-COMM DOO,INDUSTRIALS
AUTO CACAK KOMERC D.O.O. CACAK,CONSUMER DISCRETIONARY
TPA ZA OBEZBEDENJE KVALITETA I INO,INDUSTRIALS
GROUP STEVAN STILL,CONSUMER STAPLES
GROUP AGENT PLUS,INDUSTRIALS
"KOMPANIJA KTITOR DOO BEOGRAD, ZEMU",INDUSTRIALS
KEMOIMPEX AUTO DOO,CONSUMER DISCRETIONARY
DE HEUS DOO,CONSUMER STAPLES
PERIC TRANS COMPANY DOO BEOGRAD,INDUSTRIALS
EM COMMERCE DOO,CONSUMER DISCRETIONARY
EURO-CORP GROUP DOO SENTA,CONSUMER STAPLES
SAM-SON COMPANY DOO,CONSUMER DISCRETIONARY
GP AUTO-SHOP DOO MEDVEDA - U STECA,CONSUMER DISCRETIONARY
GROUP AGROZIV,NOT RELEVANT
JABLANICA A.D.,NOT RELEVANT
AMC DIVISION DOO - U PRINUDNOJ LIK,CONSUMER DISCRETIONARY
DISTRI PRESS DOO BEOGRAD,NOT RELEVANT
WOOD MASTER DOO VALJEVO,INDUSTRIALS
ZAPADNA BAEKA D.P.,UTILITIES
GROUP IBIS-PETROL,NOT RELEVANT
IBC NANOTEX SRB DOO,CONSUMER DISCRETIONARY
RAMADA STR PETROV DUSAN PR ZRENJAN,CONSUMER STAPLES
TEHNIKA HIDRAULIKE ST DOO BEOGRAD,INDUSTRIALS
PODUNAVLJE A.D. CELAREVO,CONSUMER STAPLES
AUTOTRANSPORT DP KRALJEVO,INDUSTRIALS
PRICA CATERING,INDUSTRIALS
PREDUZECE SENTA  ,UTILITIES
AUTO KUCA KOMPRESOR PRODAJA AUTOMOB,CONSUMER DISCRETIONARY
METEOR-JORGE GROUP,CONSUMER DISCRETIONARY
KHS DOO BEOGRAD,CONSUMER DISCRETIONARY
MARK INVESTMENT D.O.O.,INDUSTRIALS
TANDEM DOO,CONSUMER DISCRETIONARY
INDAS AUTOMATION DOO,INFORMATION TECHNOLOGY
METRO CASH & CARRY DOO BEOGRAD,CONSUMER STAPLES
ATLAS  DOO  SEVOJNO,CONSUMER DISCRETIONARY
RAJNA RADIC PR GYMNASIUM,CONSUMER DISCRETIONARY
DEUS PORT DOO BEOGRAD,REAL ESTATE
ALIPLAST ALUMINIUM SYSTEMS D.O.O.,INDUSTRIALS
VICTORY ELECTRIC,INDUSTRIALS
DOO POLET PARACIN,INDUSTRIALS
KIBID DOO,CONSUMER STAPLES
AB CONSTRUCT TEAM DOO BEOGRAD,INDUSTRIALS
KRYOGAS DOO BEOGRAD,CONSUMER DISCRETIONARY
GROUP SLOBODAN RADUN,CONSUMER STAPLES
CONTANGO DOO-BEOGRAD,MATERIALS
DOO SVET MEDIA BEOGRAD,CONSUMER DISCRETIONARY
MOPEX-TEKUCE ODRZAVANJE DOO BEOGRA,INDUSTRIALS
REAL ESTATE RENT 4 DOO BEOGRAD,REAL ESTATE
L OREAL BALKAN DOO BEOGRAD,CONSUMER STAPLES
DSV ROAD DOO,INDUSTRIALS
DVORANA DOMA SINDIKATA DOO BEOGRAD,COMMUNICATIONS
PAPIRPRINT,INDUSTRIALS
DOO AGROUNIJA INDIJA,CONSUMER STAPLES
MING D.O.O.  BEOGRAD,INDUSTRIALS
DP LUX DISTRIBUTION D.O.O.,CONSUMER DISCRETIONARY
PROTEHEL DOO BEOGRAD,INDUSTRIALS
MPZ-AGRAR D.O.O.,CONSUMER STAPLES
MASTER FRIGO D.O.O.,INDUSTRIALS
NESA PETROL DOO TOPOLA,CONSUMER DISCRETIONARY
NAVITAS DOO BEOGRAD,INDUSTRIALS
BILJNI LEKAR DOO VELIKO GRADISTE,MATERIALS
FCA SRBIJA,CONSUMER DISCRETIONARY
NOVI PAZAR-PUT,INDUSTRIALS
DOO FARM COMMERC CANTAVIR,NOT RELEVANT
ALBUS AD NOVI SAD,NOT RELEVANT
PEPCO D.O.O.,CONSUMER DISCRETIONARY
ACCENTURE SERVICES DOO,INDUSTRIALS
TERMOVENT DOO UZICE,INDUSTRIALS
FCC EKO DOO BEOGRAD,INDUSTRIALS
KIM-TEC DOO BEOGRAD,INFORMATION TECHNOLOGY
MV-SISTEM CO. DOO BEOGRAD,CONSUMER STAPLES
FORMA IDEALE DOO KRAGUJEVAC,CONSUMER DISCRETIONARY
PZP KRAGUJEVAC DOO,INDUSTRIALS
ROTOMETAL ALATI D.O.O. BEOGRAD,INDUSTRIALS
MAC S MEDICAL SEE. DOO VRSAC,HEALTH CARE
AUTOKOMERC D.O.O.,CONSUMER DISCRETIONARY
MIR INZENJERING DOO BEOGRAD - U ST,INDUSTRIALS
DOO VITOROG-PROMET NOVI SAD,CONSUMER DISCRETIONARY
TEHO-INN,FINANCIALS
ENERGOPROJEKT-INDUSTRIJA AD,INDUSTRIALS
SKF COMMERCE DOO BEOGRAD,INDUSTRIALS
BIO PANON D.O.O.,CONSUMER STAPLES
NDC DOO BEOGRAD,INDUSTRIALS
KONSTRUKTOR OPREMA DOO,INDUSTRIALS
VANEX DOO BEOGRAD,MATERIALS
MASUT-PROMET DOO PROKUPLJE,CONSUMER STAPLES
NISSAL INZENJERING DOO BEOGRAD (VO,MATERIALS
GROUP ALMEX,CONSUMER STAPLES
DRAGICEVIC DOO BEOGRAD BARIC,INDUSTRIALS
PLATTNER DOO BACKA PALANKA,INDUSTRIALS
DOO STATOVAC-KOMERC LESKOVAC,CONSUMER DISCRETIONARY
DRENINVEST DOO BEOGRAD,CONSUMER STAPLES
METALFER STEEL MILL DOO SR MITROVIC,INDUSTRIALS
AIGO BS DOO BEOGRAD,INFORMATION TECHNOLOGY
SUPERMARKETI AS DOO,CONSUMER STAPLES
K&K ELECTRONICS DOO BEOGRAD - U ST,NOT RELEVANT
KRKA-FARMA DOO BEOGRAD,HEALTH CARE
EURO STYRO THERM DOO,MATERIALS
PREDUZECE ZA SPOLJNU I UNUTRASNJU T,CONSUMER DISCRETIONARY
AGRO RAVANGRAD DOO SOMBOR,CONSUMER STAPLES
MOJ KIOSK GROUP DOO,CONSUMER STAPLES
AGROMIN DOO RUMENKA,CONSUMER STAPLES
BOTUNJAC FRIGO D.O.O. VARVARIN,INDUSTRIALS
VODOPRIVREDA DP,INDUSTRIALS
REGINA (FRANJO) HOLO,CONSUMER STAPLES
SAGA DOO BEOGRAD,INFORMATION TECHNOLOGY
DAREX DOO NOVI SAD,CONSUMER STAPLES
PETRUZALEK DOO BEOGRAD,INDUSTRIALS
VIZIM SUPPORT OFFICE DOO BEOGRAD,INDUSTRIALS
ALFA COLOR DOO KRAGUJEVAC,INDUSTRIALS
ELEKTROMETAL PLUS DOO BEOGRAD,INDUSTRIALS
G4S SECURE SOLUTIONS DOO BEOGRAD,INDUSTRIALS
TRANSLOG SISTEM DOO,CONSUMER DISCRETIONARY
BLUE STORE DOO BEOGRAD,CONSUMER DISCRETIONARY
PREDUZECE PUBLIKUM DOO,INDUSTRIALS
KARIN INVEST DOO NOVI SAD,REAL ESTATE
DRUSTVO ZA PROIZVODNJU ULJA,ENERGY
COMPANY SU AZOTARA DOO SUBOTICA,CONSUMER STAPLES
APS AVIATION PARTS SERVICE DOO BEO,INDUSTRIALS
VALTEC DOO BEOGRAD-VRACAR,ENERGY
FASEK DOO NOVI SAD,INDUSTRIALS
DISTRIBUTION SOLUTION DOO PANC,CONSUMER STAPLES
BANINI TRADE DOO KIKINDA - U STECA,CONSUMER STAPLES
AUDAX D.O.O.,NOT RELEVANT
BARKEL DOO CANTAVIR,CONSUMER STAPLES
SECUT ONE DOO,INDUSTRIALS
JP VODOKANAL BECEJ      ,UTILITIES
BOFFETTI BALCAN DOO,INDUSTRIALS
WE SHARE SPACE DOO BEOGRAD,REAL ESTATE
ALGORITAM DOO,INFORMATION TECHNOLOGY
NOVAMAT,INDUSTRIALS
VGP INDUSTRIAL DEVELOPMENT D.O.O.,REAL ESTATE
SERBIAN ROLL SERVICE COMPANY DOO,MATERIALS
VANAS DOO BEOGRAD,INDUSTRIALS
SN-TRADE DOO NOVI SAD,INDUSTRIALS
STEVAN (MILIVOJ) BELJANSKI,CONSUMER STAPLES
ALFANOVA DOO,CONSUMER STAPLES
NOKIA SOLUTIONS AND NETWORKS SERBIA,INFORMATION TECHNOLOGY
HEKTAR DOO DOROSLOVO,CONSUMER STAPLES
GP 5D DOO PANEVLJE VRANJE,INDUSTRIALS
RATKO MITROVIC-STANDARD DOO,NOT RELEVANT
COPEX D.O.O.,CONSUMER STAPLES
DNEVNIK VOJVODINA PRESS D.O.O. NOV,CONSUMER DISCRETIONARY
KONSTRUKTOR GRADNJA DOO BEOGRAD,NOT RELEVANT
CIRA DOO MIONICA,MATERIALS
DADI-CAFE PASCALIN DOO BEOGRAD,CONSUMER STAPLES
DOO ZENIT PRIJEPOLJE,CONSUMER STAPLES
DIV LEK D.O.O. BEOGRAD,HEALTH CARE
BUBIC DOO STARI BANOVCI,INDUSTRIALS
DZ ACIBADEM BEL MEDIC SLAVIJA,HEALTH CARE
TIM 99 DOO BEOGRAD,CONSUMER STAPLES
SECURITY SHOP DOO BEOGRAD,INDUSTRIALS
ARUP DOO BEOGRAD (SAVSKI VENAC),INDUSTRIALS
SUBGROUP NELT,CONSUMER STAPLES
AKRIS DOO CANTAVIR,CONSUMER STAPLES
COPTECH DOO BEOGRAD,INDUSTRIALS
ARPAD TOT PREDUZETNIK T 1 ADA,INDUSTRIALS
PREDUZECE HIDRO-BAZA DOO BEOGRAD,INDUSTRIALS
RECIKLAZNI CENTAR M.M.L. DOO,INDUSTRIALS
TOPACO DOO BEOGRAD,CONSUMER DISCRETIONARY
BARRY CALLEBAUT SOUTH EAST EUROPE,CONSUMER STAPLES
Adria Serbia Holdco B.V.,COMMUNICATIONS
NIS-EKSPRES DOO NIS ?AMURLIJA,INDUSTRIALS
GUMA-PROMET D.O.O.VALJEVO,CONSUMER DISCRETIONARY
PREDUZECE WINNERS COMPANY DOO DUBO,CONSUMER STAPLES
TIM TRADE DOO,MATERIALS
SAGA INVEST DOO BEOGRAD,REAL ESTATE
GROUP DMB PROMET,INDUSTRIALS
GROUP BEOKOM,CONSUMER DISCRETIONARY
TERMOPORD DOO BEOGRAD,INDUSTRIALS
VP   DIMA DOO VELIKA PLANA,CONSUMER STAPLES
KALDERA COMPANY,INDUSTRIALS
SUBGROUP MKG AGRINVESTMENT,CONSUMER STAPLES
SYMETRIA DOO,REAL ESTATE
PIA S DOO BEOGRAD,CONSUMER DISCRETIONARY
MORAVA GAS DOO MORAVCI,CONSUMER DISCRETIONARY
NUTRIAL DOO VRSAC,CONSUMER STAPLES
ZITOBANAT D.O.O. VRSAC,CONSUMER STAPLES
NINI-S 2012 DOO,CONSUMER STAPLES
BEOLIK,INFORMATION TECHNOLOGY
TEHNOEXPORT DOO INDIJA,INDUSTRIALS
DERDAP TURIST D.O.O. KLADOVO,CONSUMER DISCRETIONARY
FRUCT LOGISTIC DOO,INDUSTRIALS
DELTA FEED D.O.O.,CONSUMER STAPLES
AIRPORT CITY DOO BEOGRAD,REAL ESTATE
DRUSTVO SA OGRANICENOM ODGOVORNOSC,CONSUMER STAPLES
JKP GORICA NIS,INDUSTRIALS
EVERGREEN FOR DEVELOPMENT B.V. OGRA,INDUSTRIALS
GENERAL-AUTO DOO NOVI SAD - U STEC,CONSUMER DISCRETIONARY
GRAND LINE DOO - U STECAJU,INDUSTRIALS
EKI PAY DOO,FINANCIALS
NASA SKOLA AD OBRENOVAC,INDUSTRIALS
AQUARIS DOO BEOGRAD - U PRINUDNOJ,CONSUMER STAPLES
TP VUCIJAK DOO UB,INDUSTRIALS
UNIFARM-MEDICOM DOO BEOGRAD,HEALTH CARE
NEW LOG DOO - U STECAJU,INDUSTRIALS
GRUNDFOS SRBIJA DOO,INDUSTRIALS
DELHAIZE SERBIA DOO BEOGRAD,CONSUMER STAPLES
I - CARGO INC SREMSKA MITROVICA,INDUSTRIALS
PVC PROFIL CENTAR PRISLONICA DOO,INDUSTRIALS
ROCHE D.O.O.,HEALTH CARE
"MILENKOVIC DOO BEOGRAD, OBRENOVAC",INDUSTRIALS
EKSPLOZIVI RUDEX D.O.O. BEOGRA,INDUSTRIALS
HIDROOPREMA DOO SABAC,INDUSTRIALS
BM TRGOVINA DOO PARACIN,CONSUMER STAPLES
MIRARO DOO BEOGRAD,INDUSTRIALS
AMETEK,INDUSTRIALS
TERI ENGINEERING DOO BEOGRAD,INFORMATION TECHNOLOGY
ELEKTRO ENERGY DOO BEOGRAD,INDUSTRIALS
DANONE ADRIATIC DOO BEOGRAD - U LI,CONSUMER STAPLES
PREDUZECE NIJANSA DOO NIS,MATERIALS
RUBIN AD KRUSEVAC,NOT RELEVANT
MG PROMET DOO NOVI SAD,CONSUMER STAPLES
BUDUCNOST AD NOVI SAD,INDUSTRIALS
MENTA D.O.O.U STECAJU CACAK,NOT RELEVANT
BASTA-PROMET DOO NOVI SAD,CONSUMER STAPLES
"INSERT DOO, RUMA",CONSUMER DISCRETIONARY
GROUP VEGA IT SOURCING,INFORMATION TECHNOLOGY
PLAMEN DOO,INDUSTRIALS
MORAVACEM,MATERIALS
HUAWEI TECHNOLOGIES DOO BEOGRAD,INFORMATION TECHNOLOGY
DATA STATUS,COMMUNICATIONS
ECO RUBBER DOO,INDUSTRIALS
LIST COMPUTERS DOO BEOGRAD,CONSUMER DISCRETIONARY
group karin invest,INDUSTRIALS
ACETIK DOO BEOGRAD,INDUSTRIALS
MYCOM BALKAN DOO,INDUSTRIALS
NELT PROPERTIES D.O.O.,CONSUMER STAPLES
GROUP PROTON SYSTEM,HEALTH CARE
BMS CHEMIE DOO BEOGRAD,MATERIALS
GREINER RECYCLING DOO NOVA GAJDOBRA,INDUSTRIALS
GROUP MINOTTi,CONSUMER DISCRETIONARY
SGS BEOGRAD DOO BEOGRAD,INDUSTRIALS
TRIFEKS DOO BEOGRAD,INDUSTRIALS
ERS PALACE DOO,REAL ESTATE
METALSKA INDUSTRIJA VARAZDIN-TRADE,INDUSTRIALS
PROSTOR JKP SOMBOR,REAL ESTATE
FORMAPHARM ENGINEERING GROUP DOO,INDUSTRIALS
JP PUTEVI SRBIJE,INDUSTRIALS
DOBRAVAC - U STECAJU,NOT RELEVANT
HRANA PRODUKT DOO,CONSUMER STAPLES
AD PD JEDINSTVO ZABALJ - U LIKVIDA,NOT RELEVANT
GRADSKA TOPLANA PIROT,UTILITIES
PIK-BECEJ DOO BECEJ,CONSUMER STAPLES
ANDEX DOO SUBOTICA,REAL ESTATE
ALL CONTROL D.O.O.,INDUSTRIALS
BRETHIL WOOD,MATERIALS
SPAJIC DOO NEGOTIN,INDUSTRIALS
`OCULUS` BEOGRAD,HEALTH CARE
PROMANDS DOO,CONSUMER STAPLES
ADDUCO TRADING D.O.O.,ENERGY
SIMIL SZR ILIC MIROSLAV PREDUZETNI,CONSUMER DISCRETIONARY
GANGYUAN CO.,MATERIALS
TEKIJANKA DOO TEKIJA,CONSUMER STAPLES
PREDUZECE STOJIC ELEKTRIK DOO CACA,INDUSTRIALS
ORIFLAME KOZMETIKA DOO BEOGRAD,CONSUMER STAPLES
HENKEL SRBIJA DOO BEOGRAD,CONSUMER STAPLES
OSNOVA-PROJEKT AD BEOGRAD,INDUSTRIALS
DEUS BUSINESS GROUP DOO BEOGRAD,MATERIALS
MILSPED DOO BEOGRAD,INDUSTRIALS
ELIXIR NATURA DOO SABAC,CONSUMER STAPLES
RASCO-TAMP DOO SENTA,INDUSTRIALS
GALERIJA PODOVA DOO,CONSUMER DISCRETIONARY
SUBGROUP LILLY DROGERIE,CONSUMER STAPLES
DELTA-MATIC DOO NIS - U STECAJU,NOT RELEVANT
GENEL SIGURNE VEZE DOO NOVI SAD,CONSUMER DISCRETIONARY
AGENCIJA COLOR MEDIA D.O.O.,CONSUMER DISCRETIONARY
INSPIRION DOO - U LIKVIDACIJI,CONSUMER DISCRETIONARY
VLATACOM INSTITUT DOO BEOGRAD,INDUSTRIALS
IRVA DOO BEOGRAD,NOT RELEVANT
GRADJEVINSKO PREDUZECE NEIMAR DOO,INDUSTRIALS
NP PANIC TRADE DOO,CONSUMER STAPLES
TOPLICAGRADNJA,INDUSTRIALS
KASTRUM DOO PETROVAC NA MLAVI,CONSUMER STAPLES
DOO BIO FISH APATIN,CONSUMER STAPLES
MONTPROJEKT DOO BEOGRAD,INDUSTRIALS
KEY4S DOO,INDUSTRIALS
DOO TIM BANATSKI KARLOVAC,MATERIALS
FKL D.O.O.,INDUSTRIALS
VODOPRIVREDNO PREDUZECE,INDUSTRIALS
PUTEVI DOO IVANJICA,INDUSTRIALS
RPT TRADE DOO BACKA PALANKA,INDUSTRIALS
APOTEKARSKA USTANOVA LEKOFARMA  SA,CONSUMER STAPLES
TPV SUMADIJA DOO KRAGUJEVAC,CONSUMER DISCRETIONARY
IMPULS-HEMIJA D.O.O. NOVI SAD,CONSUMER STAPLES
MAGNA FIT DOO,CONSUMER DISCRETIONARY
GROUP POLET,INDUSTRIALS
SUBGROUP ASA SERBIA,INDUSTRIALS
subgroup atb,INDUSTRIALS
KAPPA STAR RECYCLING DOO UMKA,INDUSTRIALS
GALEB METAL PACK DOO SABAC,MATERIALS
SINFONIKA - U STECAJU,NOT RELEVANT
NERA DOO NEGOTIN   - U PRINUDNOJ L,CONSUMER DISCRETIONARY
GALENIKA-FITOFARMACIJA AD BEOGRAD,MATERIALS
MB 100 - U STECAJU,CONSUMER DISCRETIONARY
MERKUR-INTERNATIONAL D.O.O. BEOGRA,CONSUMER DISCRETIONARY
DOO AGRODINAMIKA SIRIG,CONSUMER STAPLES
EURO MOTUS DOO BEOGRAD,ENERGY
MOTOSPEED DOO BEOGRAD,MATERIALS
KROKUS DOO GOLOBOK,INDUSTRIALS
GROUP KIT COMMERCE,CONSUMER DISCRETIONARY
3S INVEST DOO NIS,HEALTH CARE
COTEXSA D.O.O.,CONSUMER DISCRETIONARY
PALFINGER PROIZVODNJA,INDUSTRIALS
S-NINE TRADE,CONSUMER STAPLES
EUROGUMA-BBS DOO BEOGRAD - U STECA,CONSUMER DISCRETIONARY
IVERPAN D.O.O.,CONSUMER DISCRETIONARY
SAGA DRVO DOO BEOGRAD,MATERIALS
KLUZ-TISA AD,NOT RELEVANT
JUGO-IMPEX DOO NIS,MATERIALS
GROUP A-GRUPA,NOT RELEVANT
INDUSTRIJA GRADJEVINSKOG MATERIJALA,MATERIALS
HECK DOO NOVI SAD,INDUSTRIALS
GROUP PIP ,CONSUMER STAPLES
UGS PRO DOO BEOGRAD  SAVSKI VENAC,CONSUMER STAPLES
JKP PARKING SERVIS NOVI SAD,INDUSTRIALS
DUNA STEEL COMPANY DOO - U PRINUDN,MATERIALS
STIM GRADNJA DOO BEOGRAD - U STECA,INDUSTRIALS
TOP STOP AUTO DOO NOVI SAD,CONSUMER DISCRETIONARY
CINEPLEXX SRB,COMMUNICATIONS
MILSPED AML,INDUSTRIALS
SUBGROUP PHOENIX PHARMA,HEALTH CARE
GROUP ELIXIR,MATERIALS
SENTA-PROMET TP PO A.D.,CONSUMER STAPLES
TEAMEDICAL DOO,HEALTH CARE
ZZ STO-VET STARI ZEDNIK,CONSUMER STAPLES
KOMPONENT COMMERCE DOO KIKINDA,CONSUMER STAPLES
ROAMING ELECTRONICS DOO BEOGRAD,CONSUMER DISCRETIONARY
TIKI DOO,INDUSTRIALS
DIPeM CACAK,CONSUMER DISCRETIONARY
EYESEE D.O.O.,COMMUNICATIONS
DTL DOO BEOGRAD,CONSUMER STAPLES
INTERNATIONAL NEW VISION UNION DOO,CONSUMER DISCRETIONARY
LAZIC-POLJO KOMERC DOO GOLUBINCI,CONSUMER STAPLES
GLOBULINKS ZAPADNI BALKAN,INDUSTRIALS
KOKTEL-PJESCIC-POPOVIC DOO,CONSUMER STAPLES
INVICTUS SYSTEM TRANSPORT &,INDUSTRIALS
MIN LOKOMOTIVA AD NIS - U STECAJU,NOT RELEVANT
LANUS DOO BEOGRAD,INFORMATION TECHNOLOGY
MEDILINK DOO,CONSUMER DISCRETIONARY
GROUP MORAVA KG,CONSUMER STAPLES
JP NISSTAN NIS,INDUSTRIALS
BEOGRADSKA PEKARSKA INDUSTRIJA D.O,NOT RELEVANT
METALAC-PROLETER AD,CONSUMER STAPLES
NEW MOMENT IDEAS INVESTMENT DOO BE,CONSUMER DISCRETIONARY
BUSINESS PARK DOO,REAL ESTATE
IZDAVACKA KUCA FRESKA DOO BEOGRAD,COMMUNICATIONS
PLANETA SPORT D.O.O. BEOGRAD,CONSUMER DISCRETIONARY
TRGOCENTAR 94 DOO RUMA,MATERIALS
KONVOJ - TRANS DOO KRAGUJEVAC,CONSUMER STAPLES
PBD UNION DOO,CONSUMER DISCRETIONARY
IBM-INTERNATIONAL BUSINESS MACHINE,INFORMATION TECHNOLOGY
PLANET BIKE CO. DOO,CONSUMER DISCRETIONARY
PRIMERO RENT A CAR D.O.O.,INDUSTRIALS
METALAC A.D.,CONSUMER DISCRETIONARY
P.S. TELEFONIJA AD BEOGRAD U STECA,INFORMATION TECHNOLOGY
LAGER - U STECAJU,INDUSTRIALS
V.B.R. & CO - U STECAJU,NOT RELEVANT
MST INTERNATIONAL DOO BEOGRAD,HEALTH CARE
AUTOSRBIJA AD BEOGRAD,NOT RELEVANT
GROUP FEROMONT INZENJERING,NOT RELEVANT
GRANEXPORT DOO PANCEVO,CONSUMER STAPLES
ZAGREBTRANS D.O.O.,INDUSTRIALS
AS-PREVOZ DOO BAJINA BASTA,CONSUMER STAPLES
AUTOPREVOZ DP,INDUSTRIALS
HODLMAYR ZASTAVA DOO KRAGUJEVAC,INDUSTRIALS
ABB DOO,INDUSTRIALS
SEBASTIJAN LIMARIJA JEDINSTVO EMI,INDUSTRIALS
JAKOB BECKER,INDUSTRIALS
GORAN BOGDANOVIC PR BOGDANOVIC MEA,CONSUMER STAPLES
LIGHT STUDIO,NOT RELEVANT
MIMA KOMERC DOO BEOGRAD,INDUSTRIALS
GROUP LOGO BEOGRAD,INDUSTRIALS
COMTRADE DISTRIBUTION,INFORMATION TECHNOLOGY
AUTO REAL DOO - U LIKVIDACIJI,CONSUMER DISCRETIONARY
CH-AVIATION SOLUTIONS DOO BEOGRAD,INDUSTRIALS
NEW IMOBILIA DEVELOP DOO BEOGRAD,REAL ESTATE
EURO LINE DOO VUCKOVICA,CONSUMER STAPLES
TIM-COP DOO TEMERIN,INDUSTRIALS
YUBC INVEST D.O.O. BEOGRAD,MATERIALS
PATECH DOO - U PRINUDNOJ LIKVIDACI,INFORMATION TECHNOLOGY
CYNK-MAL DOO ALEKSINAC U LIKVIDACI,INDUSTRIALS
STUDIO MODERNA D.O.O.,CONSUMER DISCRETIONARY
DURIC-DOBRAVAC DOO SABAC,CONSUMER STAPLES
PANTELIC DOO KRALJEVO,CONSUMER STAPLES
NOVI OKOV DOO,INDUSTRIALS
VINARIJA ALEKSANDROVIC DOO VINCA,CONSUMER STAPLES
PREDSTAVNISTVO DONAUCHEM GMBH,MATERIALS
GROUP AUTO MIRKOS,CONSUMER DISCRETIONARY
STYLINE,CONSUMER STAPLES
VIBRANT DOO,CONSUMER DISCRETIONARY
SUMADIJA OMEGA DOO PIROMAN,MATERIALS
RADIX DOO BEOGRAD,CONSUMER STAPLES
SOKO INZINJERING DOO NOVI BEOGRAD,INDUSTRIALS
SB FERONA NOVI SAD,HEALTH CARE
LUXOL SINCE 1884,CONSUMER STAPLES
VALJAONICA BAKRA SEVOJNO AD SEVOJN,MATERIALS
IBIS-SOLUTIONS,INFORMATION TECHNOLOGY
MINERAL PRO DOO BEOGRAD,MATERIALS
KONVAR DOO BEOGRAD,INDUSTRIALS
MERCATA VT DOO,CONSUMER STAPLES
YETTEL D.O.O.,COMMUNICATIONS
ASTRA TELEKOM DOO BEOGRAD,COMMUNICATIONS
BELCOM DOO GORNJI MILANOVAC - U ST,MATERIALS
7. JULI PROMET DOO VRANJE,CONSUMER STAPLES
KTC DOO SUBOTICA - U LIKVIDACIJI,CONSUMER STAPLES
UNITEH A.D. ZA PROIZVODNJU KOMPRESO,INDUSTRIALS
group morava in doo krusevac,INDUSTRIALS
STATIK,INDUSTRIALS
STRATEMIS DOO,INDUSTRIALS
ELIXIR GROUP DOO,MATERIALS
ART PETROL DOO,CONSUMER DISCRETIONARY
NEW CITY MARKET DOO,CONSUMER STAPLES
GROUP gAMA CONSULTING,INDUSTRIALS
KORPORION PARK DOO,REAL ESTATE
ALMANI KOKO D.O.O. - U PRINUDNOJ L,INDUSTRIALS
KUK SRBIJA DOO BEOGRAD,CONSUMER STAPLES
KS SPEDITION & LOGISTIC DOO BEOGRA,INDUSTRIALS
IVDAM PROCESS CONTROL DOO BEOGRAD,INDUSTRIALS
JKP GRADSKI VODOVOD PROKULJE,UTILITIES
IMPACT CORPORATION DOO,INDUSTRIALS
NIMAX INVEST DOO,REAL ESTATE
PREDUZEzE KT SATORI DOO KRAGUJEVAC,CONSUMER DISCRETIONARY
BIRO - STEVANOVIC DOO PROKUPLJE,INDUSTRIALS
MLEKARA   GLOZANE,CONSUMER STAPLES
DENEZA M INZENJERING DOO BEOGRAD,INDUSTRIALS
AGROLEK DOO NOVI SAD,CONSUMER STAPLES
SKALA GARDEN  DOO SUBOTICA,MATERIALS
MOLIMENTUM D.O.O.,INDUSTRIALS
HOME PLUS DOO BEOGRAD - U STECAJU,CONSUMER DISCRETIONARY
AVE&VETMEDIC DOO BEOGRAD-CUKARICA,HEALTH CARE
STARBACO DOO,CONSUMER DISCRETIONARY
STING DOO PETROVAC,CONSUMER DISCRETIONARY
SUBGROUP SCP,MATERIALS
LIDL Srbija KD,CONSUMER STAPLES
SPEDTRANS WORLD DOO BEOGRAD,INDUSTRIALS
SRPSKA FONDACIJA ZA PREDUZETNISTVO,NOT RELEVANT
BB COMPANY,CONSUMER STAPLES
BMD BAU DOO BEOGRAD,INDUSTRIALS
MARS DOO BEOCIN,INDUSTRIALS
TIS-UNIVER SAVIC DOO,INDUSTRIALS
DRUSTVO SA OGRANICENOM ODGOVORNOSCU,CONSUMER DISCRETIONARY
AUTO BENUSSI DOO BEOGRAD,INDUSTRIALS
AMS-UNION DOO TRSTENIK,INDUSTRIALS
SMC INDUSTRIAL AUTOMATION D.O.O.,INDUSTRIALS
RAAVEX-GROUP DRUSTVO,CONSUMER DISCRETIONARY
BIOESEN DOO KULA,CONSUMER STAPLES
IRON MOUNTAIN DOO NOVI BANOVCI,INDUSTRIALS
VD DUNAV AD,INDUSTRIALS
TRNAVA PROMET DOO KRAGUJEVAC,CONSUMER STAPLES
FARMALOGIST DOO BEOGRAD,HEALTH CARE
STABILNA GRADNJA 2016 DOO,MATERIALS
ABBVIE,HEALTH CARE
LIDER FRIGO,INDUSTRIALS
OPSTA BOLNICA EUROMEDIK 2,HEALTH CARE
GROUP DAYS IN COLOURS,CONSUMER STAPLES
QUALITY AUSTRIA CENTER,INDUSTRIALS
KIOSK MERKUR PRES DOO POZAREVAC,CONSUMER DISCRETIONARY
MEDICO UNO PREDUZECE ZA TRGOVINU D.,NOT RELEVANT
NIKSA KOMERC DOO BEOGRAD,NOT RELEVANT
RTB BOR GRUPA RBB DOO U RESTRUKTUIR,NOT RELEVANT
VLADO BAUMASCHINEN D.O.O.,INDUSTRIALS
LIBERTAS DOO BEOGRAD,CONSUMER STAPLES
ADRIA MEDIA GROUP DOO,COMMUNICATIONS
JKP INFOSTAN TEHNOLOGIJE BEOGRAD,INFORMATION TECHNOLOGY
GROUP AGROFARM,CONSUMER DISCRETIONARY
ST.MARK,CONSUMER STAPLES
ZEPTER SHIPYARD IMMO D.O.O. BE,REAL ESTATE
DUMICO DOO BEOGRAD,CONSUMER STAPLES
TRANSPORT BROWELL NN DOO,INDUSTRIALS
BVG KOMERC DOO LESKOVAC,CONSUMER STAPLES
GROUP SILBO,CONSUMER STAPLES
DOO PIP NOVI SAD,CONSUMER STAPLES
BLUMEN MARKET DOO,CONSUMER DISCRETIONARY
CTP INVEST,REAL ESTATE
BAVARIA TEAM DOO CACAK,CONSUMER DISCRETIONARY
AUSTRIJSKI INSTITUT DOO BEOGRAD,CONSUMER DISCRETIONARY
AWT INTERNATIONAL D.O.O. BEOGRAD,CONSUMER STAPLES
"KOMPANIJA SIMPO ZA PROIZVODNJU, PRO",CONSUMER DISCRETIONARY
RATKO MITROVIC - DEDINJE DOO BEOGR,INDUSTRIALS
BAZIS GRUPA,NOT RELEVANT
BEOGRAF- BUKULJA,NOT RELEVANT
TELESIGN D.O.O. BEOGRAD,INFORMATION TECHNOLOGY
ALEBRA DOO,CONSUMER STAPLES
FEROMONT INZENJERING DOO BEOGRAD,INDUSTRIALS
JERRY CATERING SERVICE DOO,CONSUMER DISCRETIONARY
LADY F DOO BEOGRAD,CONSUMER DISCRETIONARY
TEHNOUNION-EXIM DOO SREMSKA KAMENI,INDUSTRIALS
GOLDEN BEAUTY SHOP DOO PANCEVO,CONSUMER STAPLES
MAJESTIC DOO BEOGRAD,CONSUMER DISCRETIONARY
M & B TRANS DOO,INDUSTRIALS
TREF STR,CONSUMER STAPLES
LOGOPORTO DOO BEOGRAD,INDUSTRIALS
ZORKA BPD DOO,MATERIALS
FORTUNA DIGITAL DOO,INDUSTRIALS
TOP DEISA,CONSUMER STAPLES
MG GROUP RECRUITMENT,INDUSTRIALS
SOLE-KOMERC DOO,CONSUMER STAPLES
DOO EURO LIN PARACIN,INDUSTRIALS
RONALD (ROBERT) HOLO,CONSUMER STAPLES
VULIN-COMERC D.O.O.,CONSUMER STAPLES
MOKINT S - U PRINUDNOJ LIKVIDACIJI,NOT RELEVANT
PANON PLUS - U STECAJU,NOT RELEVANT
LAFARGE BETON DOO BEOGRAD,MATERIALS
MV JONA DOO BEOGRAD,MATERIALS
FOND ZA RAZVOJ REPUBLIKE SRBIJE,FINANCIALS
TAHAL GROUP B.V. OGRANAK,INDUSTRIALS
SQUADRA DOO BEOGRAD,CONSUMER STAPLES
GROUP TRANSPORTSPED,INDUSTRIALS
GAMA CONSULTING DOO PROKUPLJE,INDUSTRIALS
ZIG TRADE DOO,INDUSTRIALS
ARSENOVIC  D00 SABAC,CONSUMER STAPLES
ROLAND (ROBERT) HOLO,CONSUMER STAPLES
SILBO DOO BEOGRAD,CONSUMER STAPLES
DESPOS DOO SABAC,INDUSTRIALS
POLIKLINIKA EUROMEDIC-DIAGNOSTIC,HEALTH CARE
DIMIDIJUS PHARM DOO BEOGRAD,HEALTH CARE
ADAM-SPED SYSTEM DOO,INDUSTRIALS
AD IMLEK,CONSUMER STAPLES
TEHNOLINK DOO,INDUSTRIALS
ATRIKOD DOO KRUSEVAC,INDUSTRIALS
UNITED CLOUD DOO BEOGRAD,INFORMATION TECHNOLOGY
GIRTPRO INZENJERING D.O.O. BEOGRAD,INDUSTRIALS
B&N DIZAJN DOO PANCEVO,CONSUMER DISCRETIONARY
Sirmium Steel d.o.o. - technikai,MATERIALS
BAUER+BAUER DOO BEOGRAD,CONSUMER DISCRETIONARY
BEXX LOGISTIC DOO,INDUSTRIALS
GUCA INDUSTRIJSKI KOMBINAT AD,CONSUMER STAPLES
KRP DOO NOVI SAD,NOT RELEVANT
STAV DOO PRIZREN,CONSUMER DISCRETIONARY
HEMOFARM DOO SABAC,HEALTH CARE
NATURA TRADE DOO,MATERIALS
TIM W.E. SEE DOO BEOGRAD - U STECA,INFORMATION TECHNOLOGY
LINDEN PVK D.O.O. - U PRINUDNOJ LI,CONSUMER STAPLES
FLINT GROUP BALKAN DOO GORNJI MILA,MATERIALS
GROUP DOBERGARD,INDUSTRIALS
PHYTOCARE DOO,CONSUMER STAPLES
EUROSALON FABRIKA DOO BEOGRAD,CONSUMER DISCRETIONARY
DOO ANDREJA TEMERIN,CONSUMER DISCRETIONARY
GLOBAL SEED D.O.O. CURUG,CONSUMER STAPLES
AD SIGMA BEOGRAD,INDUSTRIALS
DON DON DOO BEOGRAD,CONSUMER STAPLES
GROUP MANEKS,INDUSTRIALS
IVKOVIC DOO BOLEC,CONSUMER DISCRETIONARY
DELTA PREVING DOO BEOGRAD,INDUSTRIALS
LABTEH DOO BEOGRAD,HEALTH CARE
SAMOSTALNO TRGOVINSKO KOMISIONA RA,CONSUMER STAPLES
APA DOO APATIN,CONSUMER STAPLES
NEVENA COLOR DOO LESKOVAC,MATERIALS
LUXOR CO  PREDUZECE ZA PROIZVODNJU,NOT RELEVANT
MAKPETROL DOO BEOGRAD,NOT RELEVANT
MAGNA SEATING D.O.O.,CONSUMER DISCRETIONARY
PEK - PETROL DOO KUCEVO,NOT RELEVANT
GP ARADINOVIC DOO,INDUSTRIALS
PODGORINA FRUCHT DOO,CONSUMER STAPLES
TENFORE DOO,FINANCIALS
DOMING DOO SIMANOVCI,INDUSTRIALS
UNIPLAST-ZIVANOVIC DOO JELENCA,CONSUMER DISCRETIONARY
JAT AIRWAYS SRBIJA I CRNA GORA JP P,CONSUMER DISCRETIONARY
D.M.B. PROMET DOO BEOGRAD,INDUSTRIALS
TRES MONTANA DOO BEOGRAD,CONSUMER DISCRETIONARY
LOVACKO UDRUZENJE DRAGACEVO GUCA,NOT RELEVANT
GETRACO DOO BOLJEVCI,CONSUMER STAPLES
E-SMART SYSTEMS DOO BEOGRAD,INFORMATION TECHNOLOGY
ADRIA TRGOVINA,CONSUMER STAPLES
KIMBY-CO DOO,CONSUMER STAPLES
OBW GRADNJA,INDUSTRIALS
EUROFOAM SUNDJERI DOO NOVA PAZOVA,MATERIALS
"ENEL PS DOO,  NOVI BEOGRAD",INFORMATION TECHNOLOGY
BIO UNA DOO NOVI SAD,INDUSTRIALS
ALEKSIC  DR NEMANJA ADVOKAT,INDUSTRIALS
RESINEX SRBIJA DOO BEOGRAD,MATERIALS
MONARH DOO BEOGRAD (VRACAR),INDUSTRIALS
A.M.A. GROUP BEOGRAD,INDUSTRIALS
MARNI D.O.O. KRUSEVAC,CONSUMER STAPLES
RATKO MITROVIC,NOT RELEVANT
SIMEXGROUP DOO SUBOTICA,CONSUMER STAPLES
CMS REICH-ROHRWIG HAINZ DOO BEOGRA,INDUSTRIALS
JUST PAPER DOO BEOGRAD,MATERIALS
PP SOMBOR D.O.O.,NOT RELEVANT
PREDUZECE DRENOVAC DOO MIROSALJCI,CONSUMER STAPLES
POSLOVNI CENTAR CITY PASSAGE - UDR,NOT RELEVANT
SUBGROUP SINTELON,INDUSTRIALS
MINEL GENERAL ELECTRIC,INDUSTRIALS
LYCTUM,INDUSTRIALS
BIO SAVE LAB NS,HEALTH CARE
CIAK TRUCK,CONSUMER DISCRETIONARY
AGROHIM & KEMOIMPEX DOO,CONSUMER DISCRETIONARY
GROUP DJAK,CONSUMER DISCRETIONARY
AGROPANONKA MTZ FINKE DOO NOVI SAD,INDUSTRIALS
GROUP COMTRADE,INFORMATION TECHNOLOGY
DELTA AUTOMOTO DOO,CONSUMER DISCRETIONARY
CONING - PPI DOO NOVI SAD,HEALTH CARE
PROMONT GROUP DOO NOVI SAD,INDUSTRIALS
SMKR-SASA DOO BEOGRAD,CONSUMER STAPLES
SUN CHEMICAL PRINTING INK DOO BEOG,NOT RELEVANT
ELEKTRODISTRIBUCIJA SRBIJE,UTILITIES
GOMBIT DOO BEOGRAD,CONSUMER STAPLES
BIBO-CAR DOO POZAREVAC,CONSUMER DISCRETIONARY
X-TRADE DOO JAGODINA,CONSUMER DISCRETIONARY
GRAFIPROF DOO BEOGRAD,NOT RELEVANT
ABT LOGISTIC 2021 DOO,INDUSTRIALS
EXTREME DOO BEOGRAD,INFORMATION TECHNOLOGY
SOT DOO BEOGRAD,INDUSTRIALS
SITOPLAST DOO,INDUSTRIALS
GROUP GEINARRO,CONSUMER DISCRETIONARY
SQUADRA  GROUP,CONSUMER DISCRETIONARY
DUNEX DOO BEOGRAD,INDUSTRIALS
IGT DOO CACAK,MATERIALS
MULTIVAC,INDUSTRIALS
BRACA CRNOMARKOVIC D.O.O. STARI BA,CONSUMER DISCRETIONARY
THE END OF LINE DOO BEOGRAD,MATERIALS
TRGOVINA TRLIC,CONSUMER STAPLES
NATASA DRLJACA PREDUZETNIK DRAGSTO,CONSUMER STAPLES
NS PLAKAT DOO NOVI SAD,INDUSTRIALS
PC CENTAR DOO BEOGRAD,INFORMATION TECHNOLOGY
GROUP ZELVOZ GOSA,INDUSTRIALS
DINAMIKA DOO NOVI SAD,INDUSTRIALS
PALLADIO EAST DOO VRSAC,MATERIALS
SLOBODNA ZONA BEOGRAD AD,NOT RELEVANT
NPCO DOO BEOGRAD,NOT RELEVANT
PWW LESKOVAC DOO,INDUSTRIALS
ECOLAND DOO SMEDEREVO,NOT RELEVANT
GRAIN D.O.O. BEOGRAD U LIKVIDACIJI,INDUSTRIALS
Subroup Alas Serbia,MATERIALS
TEHNOKOMERC DOO KRUSEVAC,INDUSTRIALS
KEPO DOO KOSJERIC,INDUSTRIALS
DOO MB KOMERC RUMA,CONSUMER STAPLES
UNIVERZITET PRIVREDNA AKADEMIJA U,CONSUMER DISCRETIONARY
VERMAX-ALATI DOO BEOGRAD,INDUSTRIALS
GLOVOAPP TECHNOLOGY D.O.O.,CONSUMER DISCRETIONARY
DELTA REAL ESTATE DOO BEOGRAD,REAL ESTATE
GROUP EUROMEDIC POLIKLINIKA,HEALTH CARE
UNCONDITIONAL,CONSUMER STAPLES
DZ EUROMEDIK BEOGRAD,HEALTH CARE
MDS INFORMATICKI INZENJERING DOO B,INFORMATION TECHNOLOGY
MCF MEGACOM FILM DOO BEOGRAD,COMMUNICATIONS
BUSES AND COACHES DOO,CONSUMER DISCRETIONARY
STRUJA DOO NOVI SAD,INDUSTRIALS
LAFARGE GIPS BEOCIN D.O.O.,MATERIALS
TALUM DOO SABAC,MATERIALS
FITEKS D.O.O. BEOGRAD,CONSUMER DISCRETIONARY
VEKIC CHOCOLATE DOO TEMERIN - U ST,NOT RELEVANT
KNAUF AMF DOO BEOGRAD,INDUSTRIALS
MG OIL DOO BEOGRAD,ENERGY
TDR DOO BEOGRAD - U LIKVIDACIJI,CONSUMER STAPLES
PENTAKS TT DOO SABAC,CONSUMER DISCRETIONARY
DINAKOM D.O.O.,NOT RELEVANT
MUSTANG DOO PIROT,CONSUMER STAPLES
PREDUZECE AD DOO SABAC,INDUSTRIALS
"METEOR SN BIRO D.O.O, BEOGRAD",INDUSTRIALS
AVE PHARMACEUTICAL DOO,CONSUMER STAPLES
ZLATAR DOO MRAMORAK,CONSUMER STAPLES
BEO DRAGOS DOO BEOGRAD,MATERIALS
TAUROLL DOO BEOGRAD,INDUSTRIALS
ETAZ DOO BEOGRAD,INDUSTRIALS
PIJACA JP LESKOVAC,NOT RELEVANT
SLOBODA DOO,CONSUMER STAPLES
NIK PRO DOO - U STECAJU,CONSUMER STAPLES
ROX-BG DOO BEOGRAD,CONSUMER DISCRETIONARY
ALKALOID SEE DOO BEOGRAD,INDUSTRIALS
INTER-KOMERC DOO RACA,CONSUMER STAPLES
JAVORNIK DOO SUBOTICA,INDUSTRIALS
MASINOPROJEKT KOPRING A.D. BEOGRAD,INDUSTRIALS
XLS,CONSUMER DISCRETIONARY
GROUP RADIX,CONSUMER STAPLES
MEGAMARKET DOO SMEDEREVSKA PALANKA,CONSUMER STAPLES
THE FUN & FIT COMPANY DOO BEOGRAD,CONSUMER STAPLES
AUTO MIG DOO NIS,CONSUMER DISCRETIONARY
TP TRANSKOM 94 DOO SABAC,CONSUMER STAPLES
TOLOKA,INFORMATION TECHNOLOGY
EURO-PEN,NOT RELEVANT
EURO LIFE DOO BEOGRAD,NOT RELEVANT
NECKERMANN D.O.O.,NOT RELEVANT
AGRICOM COMPANY GROUP DOO,CONSUMER STAPLES
POLIFIN DOO ZEMUN,CONSUMER STAPLES
AD IGM RUMA RUMA,MATERIALS
DEM DOO KULPIN,CONSUMER STAPLES
ZORIC DOO,CONSUMER STAPLES
ARC INTERNATIONAL DOO BEOGRAD,CONSUMER DISCRETIONARY
STOVARISTE JAKOVLJEVIC DOO,MATERIALS
ENERGY NET DOO,INDUSTRIALS
GROUP FARMALOGIST (ERGO WBS),HEALTH CARE
ZOREX PHARMA DOO SABAC,HEALTH CARE
EWE COMP DOO BEOGRAD ZEMUN,INFORMATION TECHNOLOGY
EHOM DOO BEOGRAD,CONSUMER DISCRETIONARY
FURNIS DOO,CONSUMER DISCRETIONARY
DANUBE PETFOODS D.O.O.,CONSUMER STAPLES
MOJA ZLATNA RAVNICA,CONSUMER STAPLES
BANJA KOMERC BEKAMENT DOO BANJA AR,MATERIALS
FRIGLO,CONSUMER STAPLES
KOLOR GRADNJA DOO BEOGRAD,MATERIALS
PAN LINE DOO BEOGRAD,INDUSTRIALS
BMI ADRIATIC D.O.O. - U LIKVIDACIJ,NOT RELEVANT
BOBEX DOO BEOGRAD,CONSUMER DISCRETIONARY
ZITKO AD  BACKA TOPOLA,NOT RELEVANT
METAL-INVEST DOO MIONICA,INDUSTRIALS
PRO SERVICES BEOGRAD - U LIKVIDACI,INDUSTRIALS
STING-DSN DOO POZAREVAC - U LIKVID,NOT RELEVANT
MEDIA II - U STECAJU,NOT RELEVANT
GLOSSY MEDIA DOO BEOGRAD,CONSUMER DISCRETIONARY
AUTOKOMERC S STEFANOVIC ZELJKA KD,INDUSTRIALS
PIPELIFE SERBIA DOO,INDUSTRIALS
"AMAN DOO BEOGRAD, SURCIN",CONSUMER STAPLES
TRECA PETOLETKA,REAL ESTATE
TOP TECH WOODWORKING D.O.O. BEOGRA,INDUSTRIALS
S-GROUP DOO,MATERIALS
GSM 3 G COMPANY DOO BEOGRAD,CONSUMER DISCRETIONARY
OES D.O.O.,INDUSTRIALS
7 JULI DOO SIRIG,CONSUMER STAPLES
GRADITELJ DP,NOT RELEVANT
COMMUNIS DBD BEOGRAD - U LIKVIDACI,NOT RELEVANT
KOMNENOVIC AUTO DOO BEOGRAD - U ST,CONSUMER DISCRETIONARY
DECO DOO VRNJACKA BANJA,INDUSTRIALS
VISA-PROM DOO KANJIZA,MATERIALS
ORTEX URO GROUP DOO PARUNOVAC,INDUSTRIALS
YONEX DOO SREMSKA MITROVICA,INDUSTRIALS
LEXMARK INTERNATIONAL RS D.O.O. -,INFORMATION TECHNOLOGY
PATENT CO DOO MISICEVO,CONSUMER STAPLES
PREDUZECE AUSTROTHERM DOO VALJEVO,INDUSTRIALS
DOO BASTA ZRENJANIN,CONSUMER DISCRETIONARY
KID-TRANS TRADE DOO BEOGRAD,INDUSTRIALS
GROUP LYCTUM DOO BEOGRAD,INDUSTRIALS
ARHI.PRO DOO BEOGRAD,INDUSTRIALS
GREENCHEM RS,INDUSTRIALS
JADRAN DOO BEOGRAD,INDUSTRIALS
MPG PLUS DOO,COMMUNICATIONS
TETRA INZENJERING D.O.O. VALJEVO,INDUSTRIALS
ALFA-PLAM DOO VRANJE,CONSUMER DISCRETIONARY
IZOTEKS DOO BEOGRAD,INDUSTRIALS
VISUAL IMPACT DOO BEOGRAD,INFORMATION TECHNOLOGY
CONEO CONSULTING,INDUSTRIALS
FAVORIT STR JAGODA GAJIC PR,CONSUMER STAPLES
DZERSI DOO,NOT RELEVANT
VINARIJA COKA - U STECAJU,CONSUMER STAPLES
GROUP PAKOM,NOT RELEVANT
STAMPA COMMERCE D.O.O.,NOT RELEVANT
JUKOMERC D.O.O.KRUSEVAC U STECAJU,CONSUMER STAPLES
AGROMONTERRA D.O.O. VRBAS,CONSUMER STAPLES
ZNAMGRAF DOO,MATERIALS
DOO GRUTINI PRESS SOMBOR,CONSUMER STAPLES
MING KOVACNICA A.D. NIS,INDUSTRIALS
HALAS JOZEF DOO ADA-U STECAJU,CONSUMER STAPLES
EUROPEAN CONTRACT LOGISTICS-SERBIA,INDUSTRIALS
ENAT DOO,CONSUMER DISCRETIONARY
PODGORINA-VOCE DOO,CONSUMER STAPLES
NIVEX DOO DOBANOVCI,INDUSTRIALS
KOVILOVACA DOO DESPOTOVAC,MATERIALS
GROUP VIZIJA TIM,MATERIALS
SALVEO DOO BEOGRAD,HEALTH CARE
ROBERT BOSCH DOO BEOGRAD,CONSUMER DISCRETIONARY
JFE SHOJI SERBIA,CONSUMER DISCRETIONARY
VD JUGOKOP-PODRINJE DOO SABAC,INDUSTRIALS
BIZLINK TECHNOLOGY SRB D.O.O.,INDUSTRIALS
TEAMENERGO DOO,INDUSTRIALS
STS TRANS DOO KANJIZA,INDUSTRIALS
ZENTIVA PHARMA D.O.O.,HEALTH CARE
TEI-MC DOO,INDUSTRIALS
JKP PIJACA KRALJEVO,INDUSTRIALS
TEHNOPLAST DOO STARI BANOVCI,INDUSTRIALS
PRODUKT,NOT RELEVANT
GRAND D INZENJERING,INDUSTRIALS
"NEW STEEL D.O.O., BEOGRAD",NOT RELEVANT
PANTA KLAS,CONSUMER STAPLES
SLAVICA (DJORDJE) VESKOV,CONSUMER STAPLES
"COMEX  DOO, SABAC",MATERIALS
KORKOVADO DOO,INDUSTRIALS
ZORKA-OPEKA DOO BEOGRAD,MATERIALS
FIM DOO KANJIZA,ENERGY
YUGOLOGISTICS,INDUSTRIALS
UMKA D.O.O. UMKA,MATERIALS
LM KOMERC D.O.O. OBRENOVAC,INDUSTRIALS
Group CWP Europe,UTILITIES
HOLLEMAN TRANSPORT D.O.O.,INDUSTRIALS
group chemical agrosava,MATERIALS
COPPER COM DOO UZICE,INDUSTRIALS
VESTA TRAILERS DOO,INDUSTRIALS
ERICSSON DOO BEOGRAD,INFORMATION TECHNOLOGY
TOTALENERGIES MARKETING SERBIA DOO,INDUSTRIALS
GROUP DJURDJEVIC,CONSUMER STAPLES
Group PTT Serbia,INDUSTRIALS
ALEKSANDAR GRADNJA,NOT RELEVANT
DP-ZALIV DOO CRVENKA,INDUSTRIALS
SKV INZENJERING DOO - U STECAJU,INDUSTRIALS
CER AD CACAK,INDUSTRIALS
MVM MOTORS DOO PREDUZ.ZA PROM. I S,NOT RELEVANT
BRAJIC ALEKSE SZR PMP SLEPCEVIC,CONSUMER STAPLES
LDM EXPORT-IMPORT DOO BEOGRAD,NOT RELEVANT
UNIVERS-CO DOO BEOGRAD,CONSUMER DISCRETIONARY
PRO-MAX BETON DOO BEOGRAD,INDUSTRIALS
JKP STANDARD VRBAS,UTILITIES
HYPEROPTIC LTD OGRANAK,COMMUNICATIONS
RALU DOO BEOGRAD,INDUSTRIALS
DSM NUTRITIONAL PRODUCTS SRB D.O.O,CONSUMER STAPLES
NBN GROUP D.O.O. BEOGRAD,CONSUMER DISCRETIONARY
DELTA FONDACIJA,NOT RELEVANT
3 TERM DOO,INDUSTRIALS
MARKO-PAN DOO PANcEVO,CONSUMER DISCRETIONARY
DCP-HEMIGAL DOO LESKOVAC,CONSUMER STAPLES
TAS EASTERN EUROPE DOO BEOGRAD,INFORMATION TECHNOLOGY
VIZIJA TIM DOO SABAC,INDUSTRIALS
MONDOLUKA PLUS DOO BEOGRAD,ENERGY
EUROINVEST NS,REAL ESTATE
DOO ALMEX PANCEVO,CONSUMER STAPLES
MSA IP - MILOJEVIC SEKULIC ADVOKAT,INDUSTRIALS
DOO PET MB AGRAR SUBOTISTE,CONSUMER STAPLES
LINIJA TIP DOO,INDUSTRIALS
ACTERRNA DOO BEOGRAD - U STECAJU,HEALTH CARE
OM REKLAMNA AGENCIJA - U STECAJU,NOT RELEVANT
MLADOST AD CUPRIJA - U STECAJU,NOT RELEVANT
AGRO BOGIC D.O.O.,CONSUMER STAPLES
B.G.-PHARM U STECAJU,HEALTH CARE
PANONIJA DOO,CONSUMER STAPLES
AUTO SABAC 2010 DOO SABAC   - U PR,CONSUMER DISCRETIONARY
PK PRODUKT D.O.O.,NOT RELEVANT
SANDERS SH D O O  TEMERIN,CONSUMER STAPLES
ULJARICE BACKA DOO,CONSUMER STAPLES
DOO AGROVET MELENCI,CONSUMER STAPLES
ALPROS RENT DOO,INDUSTRIALS
NN CVETKOVIC AUTOPREVOZ,INDUSTRIALS
MORENO KAFA,CONSUMER STAPLES
AKS DRIVE DOO SABAC,CONSUMER DISCRETIONARY
TECASI DOO KRUSEVAC,INDUSTRIALS
LHR DOO BEOGRAD,INDUSTRIALS
SHADOWNET D.O.O.,INDUSTRIALS
AMSPEC D O O  NOVI SAD,INDUSTRIALS
RWA SRBIJA D.O.O.,CONSUMER STAPLES
DEKRA OUTSOURCING DOO,INDUSTRIALS
VAPOLI DOO VALJEVO,INDUSTRIALS
LADINVEST BEOGRAD,NOT RELEVANT
MLINPEK AD,NOT RELEVANT
INTER-PET DOO BEOGRAD,MATERIALS
INTERLAB EXIM DOO BEOGRAD,HEALTH CARE
VIGINTI,REAL ESTATE
SMART BUILDING TECHNOLOGIES D.O.O.,INDUSTRIALS
WIENERBERGER,INDUSTRIALS
CHEF BOUTIQUE,INDUSTRIALS
RAS INZENJERING NISKOGRADNJA DOO B,INDUSTRIALS
NEPTUN ELECTRONICS DOO BEOGRAD - U,CONSUMER DISCRETIONARY
ARCHANGEL DIGITAL STUDIOS,COMMUNICATIONS
TERMOMONT DOO BEOGRAD,INDUSTRIALS
ANALYSIS,HEALTH CARE
BEAM EUROPE DOO,INDUSTRIALS
SINDIKALNA ORGANIZACIJA LAFARGE BFC,NOT RELEVANT
PAVOR D.O.O.,CONSUMER STAPLES
JPAI HOME,CONSUMER DISCRETIONARY
MILLENNIUM TEAM DOO,INDUSTRIALS
"PALCO DOO, SABAC",CONSUMER STAPLES
INTERALLIS CHEMICALS D.O.O.,INDUSTRIALS
ANANAS E-COMMERCE D.O.O.,CONSUMER DISCRETIONARY
EVRO DOM DOO KAC,MATERIALS
SARCEVIC CO D.O.O. VRBAS,INDUSTRIALS
NORTH AMERICAN DOO BEOGRAD,INDUSTRIALS
EDITA (KALMAN) MUNKAS,CONSUMER STAPLES
MOC PRIRODE KOMERC D.O.O.,CONSUMER STAPLES
TIGAR TRGOVINA D.O.O.,NOT RELEVANT
BRANKO PERISIC AD KRUSEVAC,REAL ESTATE
PETROBUL DOO BEOGRAD,MATERIALS
FERCAM D.O.O.,INDUSTRIALS
KLANICA I PRERADA 808 DOO STARA PA,CONSUMER STAPLES
TOWERS NET DOO BEOGRAD,CONSUMER STAPLES
DAROVI ROKUS DOO,COMMUNICATIONS
FORI TEXTILE SER DOO,CONSUMER DISCRETIONARY
PREDUZECE FOKA DOO GORNJI MILANOVA,MATERIALS
INOS SINMA AD,NOT RELEVANT
ERGOMED DOO NOVI SAD,CONSUMER DISCRETIONARY
YU AGENT DOO BEZDAN,INDUSTRIALS
DOMINO MARKET D.O.O. ARANDELOVAC,CONSUMER STAPLES
HEALTHCARE ALLIANCE D.O.O.BEOGRAD,INDUSTRIALS
MGI DVA DUKATA,INDUSTRIALS
SMURFIT KAPPA AVALA ADA DOO,MATERIALS
ALEKSANDRIJA DOO-BEOGRAD U STECAJU,CONSUMER STAPLES
GROUP MACCHINA GROUP,INDUSTRIALS
JP KIKINDA,INDUSTRIALS
TRIO MOTORS DOO NOVI SAD,CONSUMER DISCRETIONARY
YANFENG INTERNATIONAL AUTOMOTIVE T,CONSUMER DISCRETIONARY
URMA RENT DOO NOVI SAD,REAL ESTATE
DELTA INZENJERING DOO BEOGRAD,INDUSTRIALS
BEO-SPORT SYSTEM DOO BEOGRAD,CONSUMER DISCRETIONARY
SIMMES,CONSUMER STAPLES
SINC NOVATION,INDUSTRIALS
KOTO DOO,INDUSTRIALS
UTP REKIC TRAVEL DOO NOVI PAZAR -,CONSUMER DISCRETIONARY
GENERAL LINE DOO NOVI SAD,NOT RELEVANT
VITAL LINE DOO,NOT RELEVANT
DOO KONZUL NOVI SAD PJ  B.LUKA,CONSUMER STAPLES
TRANSKOP EXPORT-IMPORT PARACIN,INDUSTRIALS
DOO AGROTRADING NOVI SAD,CONSUMER STAPLES
DELISES-HANI DOO VLADICIN HAN,CONSUMER STAPLES
EUROBILD DOO,INDUSTRIALS
VGP PARK ONE D.O.O.,REAL ESTATE
MAG CENTAR DOO BEOGRAD,CONSUMER DISCRETIONARY
COMPACT INDUSTRY DOO SVILAJNAC,INDUSTRIALS
DO-ING DOO BEOGRAD,CONSUMER DISCRETIONARY
AGROSERVICE EGS D.O.O.,INDUSTRIALS
FILI DOO SVILAJNAC,CONSUMER STAPLES
BROCANTE D.O.O.,REAL ESTATE
JAFFA DOO CRVENKA,CONSUMER STAPLES
EBI INTERNATIONAL COMPANY DOO OBRE,INDUSTRIALS
SIGRAD INZENJERING DOO,NOT RELEVANT
TERMOELEKTRANE I KOPOVI KOSTOLAC,NOT RELEVANT
MPI POBEDA DOO ARANDELOVAC,CONSUMER STAPLES
AUTO TEC DOO BEOGRAD - U STECAJU,CONSUMER DISCRETIONARY
TEHNOMARKET DOO PANCEVO,INDUSTRIALS
SI & SI DISTRIBUCIJA DOO,NOT RELEVANT
D.B.T. OKOVI DOO,CONSUMER DISCRETIONARY
PUTEVI CENTAR DOO BEOGRAD,INDUSTRIALS
BIG BANG DOO BEOGRAD - U STECAJU,CONSUMER DISCRETIONARY
IBIS-PETROL DOO RUMA,CONSUMER DISCRETIONARY
ENERGOPROJEKT NISKOGRADNJA,INDUSTRIALS
ARUM DEC,CONSUMER STAPLES
TRLENB DOO BEOGRAD,CONSUMER STAPLES
ADRIA NEW ENERGY DOO,CONSUMER DISCRETIONARY
TELEGROUP DOO,INFORMATION TECHNOLOGY
PHILIP MORRIS OPERATIONS,CONSUMER STAPLES
ARI FRUCT DOO - U STECAJU,CONSUMER STAPLES
TPU NIPS DOO  PARACIN,INDUSTRIALS
ENERGY NET MOBILITY RENT DOO,INDUSTRIALS
GROUP KARTONVAL,MATERIALS
KOZMETIK PLUS DOO NIS,CONSUMER STAPLES
EURODOM DOO BORCA,INDUSTRIALS
SUBGROUP TRECA PETOLETKA,CONSUMER DISCRETIONARY
MESOPROMET DOO,NOT RELEVANT
GALEB GROUP DOO BEOGRAD,INDUSTRIALS
"S.R.M.A. D.O.O., ZEMUN",MATERIALS
PREDUZECE ZA PROIZVODNJU TRGOVINU N,MATERIALS
STUDIO THE PHACTORY DOO VRSAC,MATERIALS
MIDI ORGANIC DOO DONJE GRGURE,CONSUMER STAPLES
TONCEV GRADNJA DOO SURDULICA,INDUSTRIALS
SUBGROUP EUROPARK,INDUSTRIALS
CHS D.O.O.BEOGRAD,INFORMATION TECHNOLOGY
SUBGROUP TELENOR SERBIA,COMMUNICATIONS
MATIC INDUSTRIJA MESA DOO NOVI SAD,CONSUMER STAPLES
ARMART 011 DOO,INDUSTRIALS
NIDEL AGRAR DOO,CONSUMER STAPLES
JUKOMERC BIOPRODUKT D.O.O,NOT RELEVANT
VEOLIA TRANSPORT LUV DOO BEOGRAD,NOT RELEVANT
SAMEX GROUP DOO BEOGRAD - U STECAJ,INDUSTRIALS
RLOL ESTATE 1 DOO,REAL ESTATE
W-LINE DOO BEOGRAD,REAL ESTATE
MATEO TRANS DOO CACAK,INDUSTRIALS
GROUP KEPROM AKSA DOB,CONSUMER DISCRETIONARY
VIN FARM DOO KULPIN,CONSUMER STAPLES
SLOVIS DOO,CONSUMER DISCRETIONARY
KLAS MRVIC DOO KRAGUJEVAC,CONSUMER STAPLES
OMEGA IMPEKS DOO BEOGRAD,MATERIALS
MIA MARA DOO,CONSUMER DISCRETIONARY
VODOTERM DOO KRAGUJEVAC,CONSUMER DISCRETIONARY
METALAC FAD D.O.O. GORNJI MILANOVA,CONSUMER DISCRETIONARY
GROUP IRIS,INFORMATION TECHNOLOGY
BMN MALINAS D.O.O.,CONSUMER STAPLES
FDS DOO BEOGRAD - U LIKVIDACIJI,CONSUMER STAPLES
INSTITUT ZA NUKLEARNE NAUKE-VINCA,NOT RELEVANT
MONUS DOO BEOGRAD ZEMUN,NOT RELEVANT
MARS BALKAN EAST DOO,CONSUMER STAPLES
ZITO-MEDIA D.O.O. KULA,CONSUMER STAPLES
MILE SAVIC PREDUZETNIK ZANATSKA RA,INDUSTRIALS
DELTA TRANSPORTNI SISTEM - D.T.S.,INDUSTRIALS
INOUTIC/DECEUNINCK DOO BEOGRAD,INDUSTRIALS
POBEDA PLUS DOO NIS,CONSUMER STAPLES
GIVESENSE D.O.O. BEOGRAD,INFORMATION TECHNOLOGY
INTERNATIONAL CONSULTING AND DEVEL,INDUSTRIALS
VODOMARKET DOO,INDUSTRIALS
PNEUGROUP DOO BEOGRAD,CONSUMER DISCRETIONARY
KRONOSPAN SRB,MATERIALS
IGM MLADOST DOO,MATERIALS
"DOO BOMAX, SUBOTICA",INDUSTRIALS
JP VOJVODINASUME PETROVARADIN,MATERIALS
JAPI COM DOO NOVI SAD,INFORMATION TECHNOLOGY
NETLOGIC DOO BEOGRAD,INFORMATION TECHNOLOGY
PRO VIDEO DOO BEOGRAD,INFORMATION TECHNOLOGY
IC SYSTEMS DOO,NOT RELEVANT
FILLY FARM APOTEKA,NOT RELEVANT
PODRUM DZERVIN 1927 D.O.O.,CONSUMER STAPLES
GROUP RATKO MITROVIC,NOT RELEVANT
HUSKY CORPORATION DOO ,INDUSTRIALS
HAUZMAJSTOR DOO,INDUSTRIALS
PIMS DOO SIMANOVCI - U STECAJU,CONSUMER STAPLES
ZITOSTOK DOO VELIKA PLANA,CONSUMER STAPLES
AGRONAUT DOO BEOGRAD,CONSUMER STAPLES
OPTICUS DOO BEOGRAD,HEALTH CARE
FRIKOM DOO BEOGRAD,CONSUMER STAPLES
BRACA DRINIC DOO,MATERIALS
JOMAPEKS DOO NOVI SAD,INDUSTRIALS
JKP BEOGRADSKI METRO I VOZ,INDUSTRIALS
DRAGER TEHNIKA DOO BEOGRAD,HEALTH CARE
VELAN DOO BEOGRAD,CONSUMER DISCRETIONARY
VORWERK DRIVETEC SERBIA D.O.O.,CONSUMER DISCRETIONARY
KPMG DOO BEOGRAD,INDUSTRIALS
AGRO JOVAN DOO,UTILITIES
MOTO-PLAST DOO NOVA PAZOVA,MATERIALS
ALPROS AUTO DOO,CONSUMER DISCRETIONARY
MARINA (DRAGOLJUB) POPOVIC,CONSUMER STAPLES
CLINRES FARMACIJA DOO BEOGRAD,HEALTH CARE
MULTICOMPANY DOO NOVI SAD,CONSUMER DISCRETIONARY
LENADA DOO BEOGRAD - U STECAJU,CONSUMER STAPLES
DIRECT BRANDS DOO BEOGRAD  U PRINU,CONSUMER DISCRETIONARY
HOSANA DOO POZEGA,CONSUMER STAPLES
MEDIFARM BEOGRAD,NOT RELEVANT
ZITOPROMET-RUMA DOO RUMA,CONSUMER STAPLES
COCO-FASHION DOO,CONSUMER DISCRETIONARY
GRADATIN DOO NOVI SAD - U LIKVIDAC,NOT RELEVANT
ROYAL SPED DOO,INDUSTRIALS
DUGA FRUIT DOO,CONSUMER STAPLES
GROUP MAGNA PHARMACIA BG,HEALTH CARE
AKS EXPRESS KURIR,INDUSTRIALS
LEPENSKI VIR AD PECINCI,CONSUMER DISCRETIONARY
KARAMARKOVz DOO NOVI BANOVCI,CONSUMER STAPLES
POSTKEY REAL ESTATE,INDUSTRIALS
DJERDAP USLUGE AD KLADOVO,INDUSTRIALS
CWP Europe Sàrl,INDUSTRIALS
MS PROMCOM DOO  BEOGRAD,INDUSTRIALS
DOO AC INTERSREM VETERNIK,CONSUMER DISCRETIONARY
BALL GLOBAL BUSINESS SERVICES EMEA,INDUSTRIALS
CLP DOO VRSAC,INDUSTRIALS
HS ENGINEERING,INDUSTRIALS
GROUP EXTRA AUTOTRANSPORT,INDUSTRIALS
QUADRATURA DOO BEOGRAD,INDUSTRIALS
G3 SPIRITS DOO BEOGRAD,CONSUMER STAPLES
DOO MALI AGRAR RUMENKA,MATERIALS
ARIPHARMA DOO BEOGRAD,HEALTH CARE
PAKOM DISTRIBUTION SYSTEM DOO NIS,INFORMATION TECHNOLOGY
MERIDIAN BALKANS D.O.O. BEOGRAD,NOT RELEVANT
REDIBO DOO - U PRINUDNOJ LIKVIDACI,CONSUMER STAPLES
PITURA DOO BEOGRAD,MATERIALS
PREST DOO NIS DONJE MEDJUROVO,CONSUMER STAPLES
FRIGO  PAUN DOO POZEGA,CONSUMER STAPLES
PREDUZECE AEROFRUTI DOO SEVOJNO -,CONSUMER STAPLES
VIMPORT DOO BEOGRAD,CONSUMER DISCRETIONARY
LDM GROUP DOO BEOGRAD - ZEMUN,INDUSTRIALS
NARA PROM DOO BEOGRAD,REAL ESTATE
PANTO DISTRIBUCIJA DOO BEOGRAD,CONSUMER STAPLES
CORE DISTRIBUTION D.O.O.,CONSUMER STAPLES
TIS-JELOVICA,MATERIALS
KEPROM DOO BEOGRAD,CONSUMER DISCRETIONARY
KABELNET,INDUSTRIALS
GP GRIN D.O.O.,REAL ESTATE
UNICHEM ENVIRO DOO SUBOTICA,MATERIALS
KELAG INTERNATIONAL D.O.O.,UTILITIES
SAMEDI DOO VALJEVO,CONSUMER DISCRETIONARY
DEETA PLAST DOO KIKINDA,MATERIALS
NAFTA  DOO NOVI SAD,INDUSTRIALS
GROUP RODIC,NOT RELEVANT
RUMAPLAST DOO,MATERIALS
GROUP VULIN COMERC,NOT RELEVANT
VETERINARSKI ZAVOD SUBOTICA,CONSUMER STAPLES
AD PANSIROVINA PANCEVO,INDUSTRIALS
GTC Business Park d.o.o.,FINANCIALS
METEOR-COMMERCE,CONSUMER STAPLES
KRUNA-KOMERC DOO BEOGRAD,CONSUMER STAPLES
VOESTALPINE DOO BEOGRAD,MATERIALS
INTERAUTO DOO CACAK,CONSUMER DISCRETIONARY
ZAHAREX DOO,UTILITIES
WOILS DOO,CONSUMER DISCRETIONARY
TASKUS SB D.O.O.,INDUSTRIALS
MAGNOHROM DOO KRALJEVO,MATERIALS
DOO NS PHARM  NOVI SAD,HEALTH CARE
ARUM DOO ZEMUN,CONSUMER STAPLES
METALKA DOO BOR,INDUSTRIALS
REGULACIJE D.O.O. SREMSKA MITROVIC,INDUSTRIALS
GROUP ENTECO,INDUSTRIALS
WOLFERS D.O.O.,REAL ESTATE
DANILOVIC FAMILY INVEST DOO CACAK,REAL ESTATE
BRICK DEVELOPMENT D.O.O.,REAL ESTATE
SPV DONAU KAPITAL D.O.O. NOVI SAD,INDUSTRIALS
STEELTEC DOO JARAK - U STECAJU,MATERIALS
RADOVI U TOKU DOO BEOGRAD,FINANCIALS
COLOR EURO MEDIA D.O.O.,NOT RELEVANT
STR TREF,NOT RELEVANT
SANAD DOO SANAD,NOT RELEVANT
VIN&ZIG COMPANY - U STECAJU,NOT RELEVANT
METALAC COMPANY DOO KURSUMLIJA,INDUSTRIALS
AUTO CACAK TRUCKS DOO,CONSUMER DISCRETIONARY
DOO DMD-SISTEM CELAREVO,CONSUMER STAPLES
FERSPED D00 BEOGRAD,INDUSTRIALS
DOO UM ING ZRENJANIN,INDUSTRIALS
ARMONT DOO STARA PAZOVA,INDUSTRIALS
AUTO WORLD RENT DOO,INDUSTRIALS
PFIZER SRB D.O.O.,HEALTH CARE
SUPERNOVA DOO,CONSUMER STAPLES
SAGA TRANS DOO BEOGRAD,INDUSTRIALS
MEGGLE SRBIJA DOO KRAGUJEVAC,CONSUMER STAPLES
KOSTAG DOO BEOGRAD,INDUSTRIALS
VIRDZINIJA DOO KRALJEVO,CONSUMER STAPLES
EUROBAGET D.O.O.,CONSUMER STAPLES
KAMEN NIBENS DOO,INDUSTRIALS
AUTO KUCA VOZDOVAC AD,CONSUMER DISCRETIONARY
PRVA TELEVIZIJA DOO,CONSUMER DISCRETIONARY
MATICA IZOLACIJE DOO,NOT RELEVANT
DEMOKRATSKA STRANKA,NOT RELEVANT
SUBGROUP PAJIC,NOT RELEVANT
AXIANS SERBIA DOO,INFORMATION TECHNOLOGY
FAN DOO  NOVI SAD - U STECAJU,CONSUMER DISCRETIONARY
EUROPEAN APPLIANCES BALKANS D.O.O.,CONSUMER DISCRETIONARY
INTER-MOST AD BEOGRAD - U STECAJU,INDUSTRIALS
BASKET GROUP DOO BEOGRAD,CONSUMER DISCRETIONARY
LIKASISTEM BEOGRAD ZRENJANINSKI PI,NOT RELEVANT
LUKS-ELEKTRO D.O.O.UB,INDUSTRIALS
EXOL STARTER DOO BEOGRAD,CONSUMER DISCRETIONARY
DOB,INDUSTRIALS
SEC LUBES DOO BEOGRAD,INDUSTRIALS
EUROMODUL DOO VOJKA,INDUSTRIALS
GROUP VELEFARM,NOT RELEVANT
PP VOJVODINA DOO SOMBOR,NOT RELEVANT
KDS KATARINA COMPANY DOO BEOGRAD-S,CONSUMER STAPLES
AKCIONARSKO DRUSTVO ZA SAOBRACAJ,INDUSTRIALS
MHE STENICE DOO VALJEVO,UTILITIES
UNIHEMKOM DOO NOVI SAD - U STECAJU,HEALTH CARE
PERUTNINA PTUJ-TOPIKO D.O.O. BACKA,CONSUMER STAPLES
EGZAKTA,INDUSTRIALS
GROUP MILETIC PARACIN,INDUSTRIALS
GRADE TRANS DOO,INDUSTRIALS
GROUP CMANA,CONSUMER STAPLES
EXING ELEMENT DOO BEOGRAD NOVI,INDUSTRIALS
INVIGO CAPITAL DOO,FINANCIALS
ALSO SERBIA D.O.O.,INFORMATION TECHNOLOGY
GROUP KALABA,INDUSTRIALS
AGROECONOMIST DOO BEOGRAD,CONSUMER DISCRETIONARY
ALMIR - U STECAJU,CONSUMER DISCRETIONARY
ULTRAPOLYMERS DOO,MATERIALS
MORSO DOO BEOGRAD - U LIKVIDACIJI,MATERIALS
KONDIVIK USLUGE DOO VRSAC - U LIKV,NOT RELEVANT
STORK - U STECAJU,CONSUMER STAPLES
SPECIJALNA BOLNICA ZA BOLESTI,HEALTH CARE
JUKOMERC TRGOVINA AD KRUSEVAC U ST,CONSUMER STAPLES
AIR SERBIA CATERING D.O.O. BEOGRAD,NOT RELEVANT
TRGO KEMO GROUP D O O,INDUSTRIALS
SATURN ELECTRIC DOO BEOGRAD,INDUSTRIALS
OMEGA  KOMERC DOO ARANDJELOVAC,MATERIALS
PROBAR DOO BEOGRAD,CONSUMER STAPLES
SCHNEIDER ELECTRIC DOO NOVI SAD,INFORMATION TECHNOLOGY
RM ALKON STAHL DOO BEOGRAD,INDUSTRIALS
B-ONE SOLUTIONS D.O.O.,INFORMATION TECHNOLOGY
SEVERNA BACKA DOO,INDUSTRIALS
B.M.R. GROUP DOO SABAC,INDUSTRIALS
JUGOSISTEM DOO BELA PALANKA,MATERIALS
INTER CARS D.O.O.,CONSUMER DISCRETIONARY
AFCO,MATERIALS
KLIMA OPREMA DOO,INDUSTRIALS
DATALAB SR DOO BEOGRAD,INFORMATION TECHNOLOGY
HARSCO METALS DOO SMEDEREVO,NOT RELEVANT
AUTOCOBEST DOO,CONSUMER DISCRETIONARY
VOJVODINAPUT A.D. NOVI SAD,INDUSTRIALS
EUROPOLIS DOO,INDUSTRIALS
PANSPORT DOO VETERNIK,CONSUMER STAPLES
RUDNAP GROUP,NOT RELEVANT
EMMSA BALKAN DOO SABAC U STECAJU,NOT RELEVANT
DIRECT INVEST DOO NOVI SAD,CONSUMER STAPLES
PANONIJAPREVOZ-MV DOO,NOT RELEVANT
ALTER COMPANY DOO CACAK,CONSUMER DISCRETIONARY
KVIS DOO,CONSUMER DISCRETIONARY
GEMMA B&D DOO BEOGRAD,CONSUMER DISCRETIONARY
GRANAGRO,MATERIALS
AQUA MONT SERVICE DOO,INDUSTRIALS
AVIA - SACO - U STECAJU,NOT RELEVANT
RHENUS COMMODITY LOGISTICS,INDUSTRIALS
"BALL PAKOVANJA EVROPA BEOGRAD, D.O",MATERIALS
NS BOMI DOO STUBLINE,CONSUMER STAPLES
DOO EURO PETROL SUBOTICA,CONSUMER DISCRETIONARY
PREDST.SELECTCHEMIE AG BEOGRAD,HEALTH CARE
EKC DOO BEOGRAD,INDUSTRIALS
OTP LIZING D.O.O. BEOGRAD,NOT RELEVANT
FMCG DISTRIBUTION DOO,INDUSTRIALS
IMP - RACUNARSKI SISTEMI DOO BEOGR,INDUSTRIALS
KARIKA-PROMET DOO SUBOTICA,INDUSTRIALS
PAN CITY RESIDENCE DOO,REAL ESTATE
NSAGRO-ING,CONSUMER STAPLES
MAT-AGRO DOO FUTOG,CONSUMER STAPLES
EMMEZETA SRBIJA d.o.o.,CONSUMER DISCRETIONARY
DEVOTEAM DOO,INFORMATION TECHNOLOGY
ELIXIR ENERGETIKA DOO,UTILITIES
AGROMARKET LOGISTIC DOO KRAGUJEVAC,MATERIALS
DOO AGROLOGISTIC NOVI SAD,CONSUMER STAPLES
CORDEEL D.O.O.,INDUSTRIALS
HARTMANN DOO NOVI SAD,MATERIALS
FLORA DOO IVANJICA,CONSUMER STAPLES
ZLATARPLAST AD BISTRICA  NOVA VARO,MATERIALS
ZIPER - U STECAJU,NOT RELEVANT
TRGOMEN-PV DOO KOSOVSKA MITROVICA,INDUSTRIALS
PIONIR 2 DOO VOJKA,MATERIALS
GRUMILL DOO CRVENKA,NOT RELEVANT
ATOS FRUCTUM DOO,CONSUMER STAPLES
DC ZEMUN ZDRAVSTVENA USTANOVA,HEALTH CARE
WRIGLEY DOO,CONSUMER STAPLES
TERMO COLD DOO,INDUSTRIALS
"STARTING DOO BEOGRAD, BATAJNICA",INDUSTRIALS
BOHOR DOO UZICE,INDUSTRIALS
STEELSOFT DOO BEOGRAD,CONSUMER DISCRETIONARY
TEKO MINING D.O.O. BEOGRAD,MATERIALS
INGRAM MICRO DOO BEOGRAD,INFORMATION TECHNOLOGY
EUROMEDIK OPSTA BOLNICA,HEALTH CARE
ENERGOTEHNA DOO  NOVI SAD,INDUSTRIALS
SIXSENTIX DOO,INFORMATION TECHNOLOGY
DOM ZDRAVLJA VIZIM BEOGRAD,HEALTH CARE
EMINENT DOO SUBOTICA,CONSUMER DISCRETIONARY
"ECOTRADE BG DOO NIS, STRAHINJICA B",HEALTH CARE
WESTUM,INFORMATION TECHNOLOGY
USCE SHOPPING CENTER,REAL ESTATE
DOO COIN PANCEVO - U STECAJU,CONSUMER DISCRETIONARY
DRUSTVO SA OGRANICENOM,NOT RELEVANT
BN - BOS SPED DOO,NOT RELEVANT
AUTO FABO DOO NOVI PAZAR,CONSUMER DISCRETIONARY
EUROMERKUR D.O.O.,INDUSTRIALS
GREEN TECHNOLOGY SECOND DOO,UTILITIES
SAFETY SHOP DOO BEOGRAD,CONSUMER DISCRETIONARY
SVETSKA ORGANIZACIJA ZA PRIRODU AD,NOT RELEVANT
GALENS INVEST D.O.O. NOVI SAD,INDUSTRIALS
NEW DRAGAN SAKAN HOLDING DOO,CONSUMER DISCRETIONARY
SERBIA DOO,INDUSTRIALS
HUTCHINSON D.O.O.,CONSUMER DISCRETIONARY
RUD SPANSET D.O.O.,INDUSTRIALS
LUSS TEXTILE,CONSUMER DISCRETIONARY
"VLASINKA DOO, BEOGRAD",CONSUMER STAPLES
MENEX DOO KRUSEVAC,CONSUMER STAPLES
AGROSEME D.O.O. KIKINDA,CONSUMER STAPLES
"NISSAL PVC DOO, NIS",INDUSTRIALS
RESILUX ADRIATIC D.O.O.,MATERIALS
AERODROM BEOGRAD,NOT RELEVANT
COLOR PRESS GROUP D.O.O.,CONSUMER DISCRETIONARY
RUDNIK I FLOTACIJA RUDNIK DOO RUDN,MATERIALS
APEX SOLUTION TECHNOLOGY DOO,INFORMATION TECHNOLOGY
DRVO PRODUCT DOO,INDUSTRIALS
PROJECT BIRO UTIBER DOO,INDUSTRIALS
LUDAN ENGINEERING CO. LTD. OGRANAK,INDUSTRIALS
CPV TEKSTIL DOO,CONSUMER DISCRETIONARY
B 4 B DOO BEOGRAD,INDUSTRIALS
GROUP AIK BACKA TOPOLA,CONSUMER STAPLES
GROUP SAFRAN,CONSUMER DISCRETIONARY
FPM AGROMEHANIKA D.O.O. BOLJEVAC,INDUSTRIALS
MY CASE DOO BEOGRAD,CONSUMER DISCRETIONARY
ALGOTECH DOO BEOGRAD,INFORMATION TECHNOLOGY
VEGA DELIVERY CENTER SERBIA D.O.O.,INFORMATION TECHNOLOGY
DTM COMPANY DOO,CONSUMER DISCRETIONARY
PROFI NAILS DOO,INDUSTRIALS
FAZI DOO,INFORMATION TECHNOLOGY
BUDUCNOST BACKA PALANKA DOO,CONSUMER STAPLES
STAMPA SISTEM DOO BEOGRAD,CONSUMER STAPLES
P.D. AUTOCENTAR ANDRIC DOO VALJEVO,CONSUMER DISCRETIONARY
MEGA PLAST JOVANOVIC,CONSUMER DISCRETIONARY
YAYLA PAN D.O.O. SECANJ,CONSUMER STAPLES
MORIBUND CHEMICALS,INDUSTRIALS
SKI & SEA D.O.O.,CONSUMER DISCRETIONARY
SAT,INDUSTRIALS
ANTENALL DOO BEOGRAD,INFORMATION TECHNOLOGY
METAL-FLEX DOO NOVA PAZOVA,CONSUMER DISCRETIONARY
PRO LOGISTIC D.O.O.,NOT RELEVANT
CBA TRGOVINA DOO,NOT RELEVANT
MK PANONIJA DOO VRSAC,NOT RELEVANT
ECO ORGANIC LIFE DOO,NOT RELEVANT
EXXOL DOO,ENERGY
AL RAWAFED SERVICES DOO,INDUSTRIALS
ZASTAVA PROMET ARENA MOTORS AD KRA,CONSUMER DISCRETIONARY
ENOVITIS DOO TOPOLA,CONSUMER DISCRETIONARY
ANOVA NNL D O O  SREMSKA KAMENICA,CONSUMER STAPLES
DUGA AD BEOGRAD,MATERIALS
SKALA GREEN DOO SUBOTICA,CONSUMER DISCRETIONARY
SEE DIGITAL D.O.O.,INFORMATION TECHNOLOGY
MLIN KOVACEVIC DOO LIPOLIST,CONSUMER STAPLES
METALAC POSUDE,CONSUMER DISCRETIONARY
BEOPAN AD,CONSUMER DISCRETIONARY
BEOINOX DOO BEOGRAD,INDUSTRIALS
AGRO MASTER DOO KRAGUJEVAC,MATERIALS
PROCTER & GAMBLE D.O.O.,CONSUMER STAPLES
GREDA-METAL DOO VALJEVO,MATERIALS
BNB SMART DOO,REAL ESTATE
ANNA (LAJOS) HOLO,CONSUMER STAPLES
PREDUZECE ZA PROIZVODNJU TRGOVINU I,HEALTH CARE
NUTRA DOO,CONSUMER STAPLES
DOO JUGOPAN EXPORT-IMPORT NOVI SAD,INDUSTRIALS
CINE GRAND-MCF,COMMUNICATIONS
NEDELJKOVIC RADOSLAV PR,CONSUMER STAPLES
STRAUSS ADRIATIC DOO SIMANOVCI,NOT RELEVANT
GROUP OSA,INFORMATION TECHNOLOGY
MUNDORAMA DOO BEOGRAD,CONSUMER STAPLES
MPZ AGRAR DVA  DOO,CONSUMER STAPLES
RED FLY LINE DOO,INDUSTRIALS
PZP BEOGRAD DOO,INDUSTRIALS
PREDUZECE ZA PROIZVODNJU I TRGOVINU,HEALTH CARE
STEFAN & VASILIJE GRADNJA DOO,REAL ESTATE
GROUP ALPROS,CONSUMER DISCRETIONARY
SUBGROUP RUMAPLAST CONS.,MATERIALS
DESIGN SECURE CONNECTION-DSC D.O.O,INFORMATION TECHNOLOGY
BIZ RENT SHARING ECONOMY DOO,INDUSTRIALS
FIRST FACILITY DOO BEOGRAD,INDUSTRIALS
RAS RENT A CAR DOO BEOGRAD,INDUSTRIALS
PILE MILJOJKOVIz,CONSUMER STAPLES
DOO MEDACOM NIS,CONSUMER DISCRETIONARY
MAXIM MEDIA PLUS DOO,COMMUNICATIONS
DRAGICA (SAVA) LAZIC,CONSUMER STAPLES
DOO AGRO-KULA VRSAC,INDUSTRIALS
BOKA-COMERC DOO BATAJNICA,CONSUMER DISCRETIONARY
ARMACELL RS AD,MATERIALS
ZDRAVSTVENA USTANOVA ZAVOD ZA DIJA,NOT RELEVANT
SUBGROUP KIM-TEC SRBIJA,INFORMATION TECHNOLOGY
GRAFOSTIL 92,INDUSTRIALS
SU-MARKETI AD,NOT RELEVANT
MARERA CONSTRUCTION,INDUSTRIALS
NIVES DOO NIS,MATERIALS
TEHNO-COOP DOO SUBOTICA,INDUSTRIALS
GROUP MCCANN ERIKSON,CONSUMER DISCRETIONARY
RO & RO SYSTEM DOO BEOGRAD,ENERGY
VUJIC VALJEVO D.O.O.,INDUSTRIALS
TPP LITEKS DOO LIPOLIST,CONSUMER STAPLES
GREEN FLY LINE D.O.O. BEOGRAD,INDUSTRIALS
GROUP AGRO RAVANGRAD DOO SOMBO,CONSUMER STAPLES
HLADNJACE RENT D.O.O. - U PRINUDNO,CONSUMER STAPLES
OMNICO DISTRIBUCIJA DOO ZEMUN - U,CONSUMER STAPLES
JABLANICA MP DOO BEOGRAD,INDUSTRIALS
PNEUMATIKFLEX-PPT CILINDRI,INDUSTRIALS
GROUP PESTAN,INDUSTRIALS
SUBGROUP JUGO-KAOLIN,MATERIALS
FISH CORP  2000 DOO BEOGRAD,CONSUMER STAPLES
MINOTTI DOO  BEOGRAD,INDUSTRIALS
BUNGE GRANOLIS DOO,CONSUMER STAPLES
BELGRADE AIRPORT,INDUSTRIALS
"ROSA DOO ALEKSANDROVAC, PLES",CONSUMER STAPLES
AGRAR-PETROVIC,CONSUMER DISCRETIONARY
DHL GLOBAL FORWARDING DOO,INDUSTRIALS
HEBA DOO BUJANOVAC,CONSUMER STAPLES
ICCM D.O.O.,INDUSTRIALS
ARHIBET PRO DOO SOPOT,MATERIALS
"JKP PARKING SERVIS OBRENOVAC, OBRE",INDUSTRIALS
TEYONEMA DOO BEOGRAD,CONSUMER STAPLES
COOPER STANDARD SRBIJA DOO,CONSUMER DISCRETIONARY
Masterplast YU D.o.o,INDUSTRIALS
"PREDUZECE ZA PUTEVE VRANJE AD, VRAN",INDUSTRIALS
IMTEL COMPUTERS AD,NOT RELEVANT
LINPAC PACKAGING DOO ZA PROIZVODNJU,MATERIALS
JKP GRADSKA TOPLANA NIS,UTILITIES
GROUP CONTANGO,MATERIALS
GROUP HOLLIDAY,CONSUMER DISCRETIONARY
FERMAX DOO BEOGRAD,INDUSTRIALS
JP GRADSKA CISTOCA LAJKOVAC,INDUSTRIALS
PROGRES INZENJERING DOO CACAK,INDUSTRIALS
FEED&SEED TECHNOLOGIES DOO BEOGRAD,CONSUMER STAPLES
ACTAVIS DOO BEOGRAD,HEALTH CARE
9. SEPTEMBAR - TISSUE CONVERTING D,INDUSTRIALS
STOEBICH BRANDSCHUTZ D.O.O. BEOGRA,INDUSTRIALS
TRIO TRANS D.O.O. SIMANOVCI,INDUSTRIALS
YUGLOB,CONSUMER DISCRETIONARY
DESTILERIJA TEODOR DOO,CONSUMER STAPLES
NIRSEN,INFORMATION TECHNOLOGY
LOOK UP D.O.O. BEOGRAD,CONSUMER DISCRETIONARY
AGROSTOJ DOO GLOGONJ,CONSUMER STAPLES
CITY EXPRESS DOO,INDUSTRIALS
ROTAM D.O.O. BEOGRAD,CONSUMER DISCRETIONARY
PEZOS EXPORT-IMPORT DOO RUMENKA,INDUSTRIALS
EKOFARM DOO USCE,CONSUMER STAPLES
GROUP METALFER,MATERIALS
VB-VEKOL DOO LOZNICA,CONSUMER STAPLES
KOPAONIK AD,NOT RELEVANT
GROUP MONICOM,MATERIALS
GABRIELA HOLO,CONSUMER STAPLES
DOO PAN HARVEST GAKOVO,CONSUMER STAPLES
VELVET ANIMAL HEALTH DOO BEOGRAD,HEALTH CARE
"DRUSTVO ZA PROIZVODNJU,TRGOVINU",INFORMATION TECHNOLOGY
MASKOM INTERNATIONAL,INDUSTRIALS
BERGEN D.O.O.,INDUSTRIALS
D I F O L DOO BEOGRAD ZEMUN,INDUSTRIALS
WARGAMING D.O.O.,INFORMATION TECHNOLOGY
NOVO PLUS DOO CRVENKA,CONSUMER STAPLES
SKY TECHNOLOGIES DOO BEOGRAD,INFORMATION TECHNOLOGY
ZZ TRLIC UB,CONSUMER STAPLES
MINECO PLUS DOO BEOGRAD,MATERIALS
MEGALANT RS D.O.O.,INDUSTRIALS
DOO MAREL VELIKO GOLOVODE,INDUSTRIALS
WOBY HAUS DOO NOVI SAD,CONSUMER DISCRETIONARY
BTI DOO,INDUSTRIALS
KESSER-GRADNJA DOO NOVI SAD,REAL ESTATE
EUROPOLIS 011 DOO,INDUSTRIALS
AGROGLOBE AGRAR D.O.O.,CONSUMER STAPLES
ROHE DOO BEOGRAD,INDUSTRIALS
VN PROMET DOO SUBOTICA,INDUSTRIALS
LACUNA DOO BEOGRAD,NOT RELEVANT
pred.allied telesis emena gmbh,INFORMATION TECHNOLOGY
GROUP INVEJ,NOT RELEVANT
VALMAN D.O.O. BEOGRAD,INDUSTRIALS
NID COLOR MEDIA INTERNATIONAL NOVI,COMMUNICATIONS
ADAMOGRADNJA DOO BEOGRAD - U STECA,INDUSTRIALS
BETA SEME DOO GOLUBINCI,CONSUMER STAPLES
AGROMONDO DOO NOVI SAD,INDUSTRIALS
V&B DOO SUBOTICA,MATERIALS
JKP BEOGRAD PUT,INDUSTRIALS
PUT-INZENJERING DOO NIS,INDUSTRIALS
INSTITUT MIHAJLO PUPIN DOO BEOGRAD,INDUSTRIALS
GROUP SET DOO SABAC,INDUSTRIALS
WASTE BINS DOO BEOGRAD,INDUSTRIALS
DOO M PROJECT CO. CACAK,INDUSTRIALS
SRBIJA CENTAR,INDUSTRIALS
DOO SWEET HOME BRUS,CONSUMER STAPLES
IDEA MARKETI DOO,CONSUMER STAPLES
SUBGROUP KOLPORTER GRUPA,CONSUMER DISCRETIONARY
STILL SELL DOO,CONSUMER STAPLES
SILVER BELL GROUP DOO,INDUSTRIALS
FRUCOM FOOD DOO,CONSUMER STAPLES
JUNGHEINRICH DOO,INDUSTRIALS
EHOM AUTO DOO BEOGRAD,CONSUMER DISCRETIONARY
POLITEK AUTO CENTAR DOO,CONSUMER DISCRETIONARY
GARDNER DENVER DEUTSCHLAND,INDUSTRIALS
"JKP DRUGI-OKTOBAR, VRSAC",UTILITIES
MEDILINK NOVI D.O.O.,CONSUMER DISCRETIONARY
DOO ZA PRERADU I KONZERVIRANJE MLEK,CONSUMER STAPLES
GITARIC DOO S. PALANKA,NOT RELEVANT
ECOVIS SEE D.O.O. BEOGRAD,INDUSTRIALS
TRACO-INVEST DOO BEOGRAD,INDUSTRIALS
MASINOPROMET D.O.O.,NOT RELEVANT
ITX RS,CONSUMER DISCRETIONARY
MITSIDES POINT AD SREMSKA MITROVIC,NOT RELEVANT
KVIN DOO KRAGUJEVAC,CONSUMER STAPLES
FRUTTI GROUP DOO,NOT RELEVANT
PRIVREDNO DRUSTVO ZA,CONSUMER DISCRETIONARY
NBA-COMMERCE DOO BEOGRAD,MATERIALS
TEPKOS DOO CONOPLJA,CONSUMER STAPLES
PUMPA D.O.O.,CONSUMER STAPLES
H&M HENNES & MAURITZ D.O.O.,CONSUMER DISCRETIONARY
SELECT FRUIT DOO,CONSUMER STAPLES
ERDEVIK D.O.O.,CONSUMER STAPLES
ARSENAL CO DOO BEOGRAD,CONSUMER DISCRETIONARY
ATLANTIC BRANDS DOO BEOGRAD,CONSUMER STAPLES
EUROOPREMA DOO BEOGRAD   - U PRINU,INDUSTRIALS
HOLYCODE D.O.O.,INFORMATION TECHNOLOGY
EUROSALON REAL ESTATE DOO BEOGRAD,REAL ESTATE
SMILJANIC-KOMERC DOO,INDUSTRIALS
DZIMI COMMERCE DOO,INDUSTRIALS
OPSTA BOLNICA EUROMEDIK 3,HEALTH CARE
STREIT NOVA DOO,CONSUMER DISCRETIONARY
MEDICAL INNOVATION SOLUTIONS D.O.O,HEALTH CARE
OSA - RACUNARSKI INZENJERING DOO B,INFORMATION TECHNOLOGY
ZITOMLIN DOO BEOGRAD,CONSUMER STAPLES
MERCURY ENGINEERING D.O.O. BEOGRAD,NOT RELEVANT
FRUTELA GROUP D.O.O. N.BEOGRAD,CONSUMER STAPLES
NEOMEDICA DOO BEOGRAD,HEALTH CARE
VIATEC WOOD D.O.O. ZDEGLOVO - U LI,CONSUMER DISCRETIONARY
DOMIS ENTERIJERI DOO LACARAK,INDUSTRIALS
SILVER-KOP DEVELOPMENT,REAL ESTATE
CAPGEMINI,INFORMATION TECHNOLOGY
KOMPRESOR AZIJA AUTO DOO,INDUSTRIALS
GROUP KMG,ENERGY
SAT-KADROVSKE USLUGE D.O.O. BEOGRA,INDUSTRIALS
ENOVA SOUTH EAST EUROPE D.O.O.,INDUSTRIALS
BIMED DOO,REAL ESTATE
MHM-PROJEKT DOO NOVI SAD,INDUSTRIALS
GRADING DOO BEOGRAD,INDUSTRIALS
AGENT PLUS DOO BEOGRAD,INDUSTRIALS
ime-autolift d.o.o. kragujevac,INDUSTRIALS
NOVI LOGOS DOO BEOGRAD,COMMUNICATIONS
REMONT DOO KRAGUJEVAC,INDUSTRIALS
METALING DOO BEOGRAD,INDUSTRIALS
LIN DOO MAJUR,HEALTH CARE
SINAGOGA DOO SOMBOR,CONSUMER STAPLES
ROTOGRAFIKA DOO SUBOTICA,INDUSTRIALS
AUTO-KUCA GUDALOVIC DOO BEOGRAD,CONSUMER DISCRETIONARY
CIM GAS DOO SUBOTICA,INDUSTRIALS
KUC-COMPANY D.O.O.,NOT RELEVANT
MONA HOTEL MANAGEMENT DOO BEOGRAD,CONSUMER DISCRETIONARY
ENERGROM DOO BELA CRKVA-U STECAJU,INDUSTRIALS
VELEFARM-LEKOVI PRODAJA DOO BEOGRA,NOT RELEVANT
INTIS D.O.O. BEOGRAD,INDUSTRIALS
MACCHINA SECURITY DOO BEOGRAD,INDUSTRIALS
FORMA REAL ESTATE RENT 1,REAL ESTATE
LIBERO TEAM DOO BEOGRAD,CONSUMER STAPLES
GLOBAL LINKS DOO,INDUSTRIALS
SANIVOD DOO BEOGRAD,INDUSTRIALS
OTP MEDIC DOO,UTILITIES
MM 99 DOO STARA PAZOVA,REAL ESTATE
MDD GROUP DOO NOVI SAD,CONSUMER STAPLES
BE.PU.MI. DOO NOVI SAD,MATERIALS
DR TECHNO VB DOO NOVI SAD,CONSUMER DISCRETIONARY
MOLSON COORS SER D.O.O.,CONSUMER STAPLES
TOMIC GRADNJA DOO,INDUSTRIALS
DAMMIL DOO,INDUSTRIALS
CETIN D.O.O.,COMMUNICATIONS
CARGOCHEM D.O.O.,MATERIALS
GRADITELJ INZENJERING DOO,NOT RELEVANT
PUTNIK RENT A CAR DOO,INDUSTRIALS
LEMIC GROUP DOO ZEMUN,NOT RELEVANT
ZLATIBO2R VODA DOO - U STECAJU,CONSUMER STAPLES
COMERCE DOO,NOT RELEVANT
JKP BELOSAVAC ZAGUBICA,UTILITIES
TRMKA-KABL TELEKOMUNIKACIJE D.,NOT RELEVANT
MOSKOMERC D.O.O. BEOGRAD,CONSUMER DISCRETIONARY
GENING DOO,INDUSTRIALS
GULJAS AGRAR DOO SILBAS,CONSUMER STAPLES
VEKTOR INVEST DOO BEOGRAD,INDUSTRIALS
TERMOVENT ENGINEERING DOO BEOGRAD,INDUSTRIALS
ENERGOPROJEKT HIDROINZENJERING,INDUSTRIALS
ELEKTA SOLUTIONS DOO,HEALTH CARE
MOHACI D.O.O STARA MORAVICA,CONSUMER STAPLES
W.D. CONCORD WEST DOO,INDUSTRIALS
PORSCHE SCG DOO BEOGRAD,CONSUMER DISCRETIONARY
DOO PROMONT KOMERC NIS,CONSUMER DISCRETIONARY
TELEMAX D O O  BEOGRAD,INDUSTRIALS
STUDIO M DCS DOO BEOGRAD,INDUSTRIALS
QUIVOGNE RS DOO,INDUSTRIALS
MAGNUM DOO PARACIN,CONSUMER STAPLES
ENERGY TYRES TEAM DOO BEOGRAD - U,CONSUMER DISCRETIONARY
AGRO PLUS DOO SOMBOR,NOT RELEVANT
JKP GROCKA GROCKA - U STECAJU,INDUSTRIALS
"SIMEX DOO, SUBOTICA - U STECAJU",CONSUMER STAPLES
RODIC M&B INVEST - U STECAJU,NOT RELEVANT
BIT SPED DOO,INDUSTRIALS
JKP PARKING-SABAC SABAC,NOT RELEVANT
YELLOW FLY LINE D.O.O. BEOGRAD,INDUSTRIALS
LIST SOLUTIONS AD BEOGRAD   U STECA,INDUSTRIALS
GRBA PRPIC DOO BACKI JARAK,INDUSTRIALS
HOLY DOO,CONSUMER DISCRETIONARY
BEOGRADEVINAR DOO - U STECAJU,NOT RELEVANT
AAA-1 RENT DOO,INDUSTRIALS
GOSA MONTAZA DOO BEOGRAD,INDUSTRIALS
ZMAJEVAC DOO IRIG,CONSUMER STAPLES
MOL SERBIA D.O.O. BEOGRAD,ENERGY
ASKGAMBLERS DOO,COMMUNICATIONS
GROUP OFFICE SHOES,CONSUMER DISCRETIONARY
PROVIS DOO BIJELJINA,INFORMATION TECHNOLOGY
GASTRANS DOO,ENERGY
KYUNGSHIN CABLE EUROPE D.O.O.,CONSUMER DISCRETIONARY
DELFI KNJIZARE DOO BEOGRAD,CONSUMER DISCRETIONARY
INFOBIP SERBIA DOO BEOGRAD,INFORMATION TECHNOLOGY
TODY DOO BLACE,CONSUMER STAPLES
ALTA MOTORS DOO - U PRINUDNOJ LIKV,CONSUMER DISCRETIONARY
VINOPRODUKT-COKA - U STECAJU,CONSUMER STAPLES
DR. OETKER D.O.O.,CONSUMER STAPLES
MB NAMENSKA AD LUCANI,NOT RELEVANT
MIRAS B DOO,CONSUMER DISCRETIONARY
KNOTT-AUTOFLEX YUG DOO BECEJ,CONSUMER DISCRETIONARY
GUDMARK GROUP  D.O.O.zABAC,MATERIALS
KBRAD DEVELOPMENT,REAL ESTATE
APOTEKA FARMEKS APOTEKE -U LIKVIDA,CONSUMER STAPLES
ARABESA DOO,INDUSTRIALS
SANTOK DOO VRANICI,CONSUMER DISCRETIONARY
TOSAMA DOO,HEALTH CARE
GREINER I JP PACKAGING DOO NOVA PA,MATERIALS
VINCULA BIOTECH GROUP DOO BEOGRAD,INDUSTRIALS
MORAVA IN DOO KRUSEVAC - U STECAJU,INDUSTRIALS
SGA DOO,INFORMATION TECHNOLOGY
"PREDUZECE ZA PROIZVODNJU,",MATERIALS
IMP-AUTOMATIKA DOO BEOGRAD,INDUSTRIALS
DOO FAIR PLAY 019 NEGOTIN,CONSUMER STAPLES
MIODRAG (ZIVAN) LAZIC,CONSUMER STAPLES
SERBIA BROADBAND SRPSKE KABLOVSKE M,COMMUNICATIONS
VRACAR DOO BEOGRAD,INDUSTRIALS
GROUP STRATEMIS,INDUSTRIALS
MILAN (DJORDJE) DONIC,CONSUMER STAPLES
AUTO WORLD D O O BEOGRAD,CONSUMER DISCRETIONARY
PANFRUIT DOO NOVI SAD - U STECAJU,CONSUMER STAPLES
DELTA RENT-A-CAR D.O.O.,INDUSTRIALS
FILIP,CONSUMER STAPLES
DOO AGROSIT-SEMENARSTVO ALEKSANDRO,NOT RELEVANT
MAGAN-YU D.O.O. SUBOTICA,NOT RELEVANT
PRO-PRINT PROGRESIJA DOO,MATERIALS
STECAJNA MASA M-PLAST EKSPOSRT IMP,CONSUMER DISCRETIONARY
NID SVET PLUS INTERNATIONAL D.O.O.,NOT RELEVANT
BRUNATA DOO BEOGRAD,INDUSTRIALS
Keramika-Holding d.o.o. Beograd,MATERIALS
FS DOO BEOGRAD - U PRINUDNOJ LIKVI,CONSUMER STAPLES
SWISS INTERMEDICAL AD BEOGRAD U ST,NOT RELEVANT
BIO-VITA DOO VAJSKA,CONSUMER STAPLES
GROUP KOVING,INDUSTRIALS
A2B EXPRESS DELIVERY DOO,NOT RELEVANT
TRGOVINA IGNJATOVIC DOO,CONSUMER STAPLES
GROUP KOEFIK,CONSUMER DISCRETIONARY
EMIL FREY AUTO CENTAR D.O.O.,CONSUMER DISCRETIONARY
DEPO SERVIS  D.O.O. BEOGRAD,INDUSTRIALS
MAJEVICA-POLJOOPREMA AD BACKA PALA,INDUSTRIALS
AGRANO,CONSUMER STAPLES
ALBO DOO ZEMUN,CONSUMER DISCRETIONARY
ANANAS EXPRESS D.O.O. NOVA PAZOVA ,INDUSTRIALS
CARLSBERG SRBIJA D.O.O.,CONSUMER STAPLES
GROUP METLARAMAZZA,CONSUMER STAPLES
METAL SHOP,INDUSTRIALS
NEIMAR-V AD BEOGRAD,REAL ESTATE
BB ELEKTRONIK DOO RUMA-VOGANJ,INDUSTRIALS
TECHNO FERUM DOO KANJIZA,INDUSTRIALS
PTP DIS DOO KRNJEVO,CONSUMER STAPLES
D SPORT SYSTEM DOO NOVI SAD,CONSUMER STAPLES
AD SUPERPROTEIN ZRENJANIN - U LIKV,NOT RELEVANT
MTG DOO BEOGRAD - U PRINUDNOJ LIKV,CONSUMER DISCRETIONARY
GRADJEVINSKA DIREKCIJA SRBIJE DOO,FINANCIALS
INSTITUT PKB AGROEKONOMIK DOO,INDUSTRIALS
FRUCOM DOO,CONSUMER DISCRETIONARY
TAMIS - U STECAJU,NOT RELEVANT
NUMANOVIC SNS D.O.O. NOVI PAZAR,CONSUMER DISCRETIONARY
"ALUMIL YU INDUSTRY AD, NOVA PAZOVA",CONSUMER DISCRETIONARY
MIKROS UNION DOO,CONSUMER STAPLES
PUT D.O.O. JAGODINA,NOT RELEVANT
LEONARDO KD,NOT RELEVANT
VINARIJA ZVONKO BOGDAN DOO PALIC,CONSUMER STAPLES
RADE SPED DOO KRAGUJEVAC,CONSUMER DISCRETIONARY
AC BRAJIC DOO,CONSUMER DISCRETIONARY
JKP NAS DOM POZEGA,UTILITIES
TIS DOO IVANJICA,CONSUMER DISCRETIONARY
ALTERNATIVE CONSULTING DOO BEOGRAD,INDUSTRIALS
BOTTCHER SRB DOO,MATERIALS
SUBGROUP DIJAMANT,CONSUMER STAPLES
SANEL DOO,CONSUMER DISCRETIONARY
SPECIJALNA BOLNICA ZA REHABILITACI,HEALTH CARE
KLUB A,MATERIALS
PREMIUM RENT A DRIVE,INDUSTRIALS
CIAK USLUGE DOO,CONSUMER DISCRETIONARY
APOTEKARSKA USTANOVA NEOFARM,CONSUMER STAPLES
PCM GRAF DOO GORNJI MILANOVAC,INDUSTRIALS
NIKOLA STOJKOVIC PR KLIKLAK RACUNA,CONSUMER DISCRETIONARY
DOO METALAC-TRADE-G.MILANOVAC,CONSUMER DISCRETIONARY
BRIV CONSULTING DOO BEOGRAD,CONSUMER DISCRETIONARY
INTERCAFFE D.O.O. BEOGRAD,CONSUMER DISCRETIONARY
INOVENTIC ID D.O.O.,CONSUMER DISCRETIONARY
ENERGY PRO DOO NOVI SAD,INDUSTRIALS
RTV BK TELECOM D.O.O. BEOGRAD,NOT RELEVANT
GROUP P.S. TELEFONIJA,INFORMATION TECHNOLOGY
GLOBO DOO NOVI SAD,CONSUMER DISCRETIONARY
GROUP KIMBY,CONSUMER STAPLES
VIZIJA TIM D.O.O SABAC,MATERIALS
DOO EKO MABER INZENJERING PANCEVO,INDUSTRIALS
AGROFROST DOO BEOGRAD - U STECAJU,CONSUMER STAPLES
TRAMPEX DOO BEOGRAD,CONSUMER STAPLES
VITA ELKO DOO BEOGRAD,INDUSTRIALS
PREDUZECE ALUFIX DOO BEOGRAD - U L,MATERIALS
COMEL TRANSFORMATRORI D.O.O.,INDUSTRIALS
4 M DOO LESKOVAC,CONSUMER DISCRETIONARY
TIAC D.O.O.,INDUSTRIALS
AEROSFERA DOO BEOGRAD,CONSUMER DISCRETIONARY
PROTON SYSTEM DOO BEOGRAD,HEALTH CARE
GP D.O.O. BEOGRAD,INDUSTRIALS
OBLAK TEHNOLOGIJE DOO BEOGRAD-ZEMU,INFORMATION TECHNOLOGY
HRANA-TEC DOO BEOGRAD,INDUSTRIALS
BRACA  ILIC,INDUSTRIALS
BRAME R&D D.O.O.,INFORMATION TECHNOLOGY
GV19 RESIDENCE DOO,INDUSTRIALS
GROUP JEDINSTVO,INDUSTRIALS
MEHANOPRINT,INDUSTRIALS
ILDIKA (ISTVAN) BESU,CONSUMER STAPLES
PIK JUZNI BANAT DOO BELA CRKVA,CONSUMER STAPLES
SMART DOO NOVI SAD,CONSUMER DISCRETIONARY
RAKETA A B  DOO BAJINA BASTA,INDUSTRIALS
UNITED GROUP RS D.O.O. BEOGRAD,COMMUNICATIONS
VETMEDIC DOO,HEALTH CARE
VIVENS D.O.O.,CONSUMER DISCRETIONARY
STAMPA PRESS DOO BEOGRAD,NOT RELEVANT
NOKIA TIETOLIIKENNE OY- OGRANAK U B,NOT RELEVANT
FINKOM,CONSUMER STAPLES
ERS RENT DOO,REAL ESTATE
BIO-ENERGOOIL DOO BEOGRAD-NOVI BEO,ENERGY
DOO PORT COMPANY APATIN,CONSUMER STAPLES
STEVAN STILL DOO BEOGRAD ZEMUN,CONSUMER STAPLES
GASTPRO,INDUSTRIALS
AGRORIT DOO MELENCI,INDUSTRIALS
GROUP ANNOVA,CONSUMER STAPLES
MPP JEDINSTVO AD SEVOJNO,INDUSTRIALS
& LOMB POLAND SP. Z.O.O. BEOGRAD,HEALTH CARE
M-T GROUP D.O.O.,INDUSTRIALS
SLADARA SOUFFLET SRBIJA DOO,CONSUMER STAPLES
INGRAP-OMNI DOO BEOGRAD,INDUSTRIALS
DOO KACAREVO KACAREVO,CONSUMER STAPLES
VIA GUSTO DOO,CONSUMER DISCRETIONARY
MLINO-MONT DOO,INDUSTRIALS
RATKO MITROVIC-MEHANIZACIJA DOO,NOT RELEVANT
DOO BIG-CHICKEN  BACINCI - U STECA,NOT RELEVANT
NCA INVESTMENT GROUP DOO BEOGRAD,INDUSTRIALS
"STAKLOPAN AD, BEOGRAD",NOT RELEVANT
CELIK AD,INDUSTRIALS
KHS BURO BEOGRAD,INDUSTRIALS
GROUP MIROTIN,NOT RELEVANT
TOPLANA JKP LESKOVAC,UTILITIES
DEXY CO DOO BEOGRAD,CONSUMER DISCRETIONARY
GALENS D.O.O. NOVI SAD,INDUSTRIALS
TRIVIT DOO BECEJ,CONSUMER STAPLES
ZILKER TECHNOLOGY - U LIKVIDACIJI,INFORMATION TECHNOLOGY
UNION DRVO DOO BEOGRAD,CONSUMER DISCRETIONARY
PRIOR PROJECT D.O.O.,INDUSTRIALS
VERDOM DOO DONJA MUTNICA,INDUSTRIALS
GESO INDUSTRIAL ENVIRONMENT,INDUSTRIALS
KARCHER D.O.O. BEOGRAD,INDUSTRIALS
OBUCA METRO DOO VRBAS,CONSUMER DISCRETIONARY
INCANTO INDUSTRIES D.O.O.,CONSUMER DISCRETIONARY
GPS INSULATORS D.O.O.,INDUSTRIALS
PRO-LAGER VILJUsKARI DOO ,INDUSTRIALS
MEDIUS DOO NOVA PAZOVA,CONSUMER STAPLES
DOO PUT-INVEST NOVI SAD,INDUSTRIALS
GROUP elektrovat,INDUSTRIALS
DOO BELL CHEMICALS BANATSKO VELIKO,MATERIALS
ORION INNOVATION D.O.O.,INFORMATION TECHNOLOGY
N SPORT DOO BEOGRAD,CONSUMER DISCRETIONARY
AGROLIKA,CONSUMER STAPLES
BRACA MARJANOVIC D.O.O.,NOT RELEVANT
DOO PIONIR PETROL STARA PAZOVA,CONSUMER DISCRETIONARY
MSV INVEST ING DOO KRALJEVO,NOT RELEVANT
PORSCHE LEASING SCG DOO,CONSUMER DISCRETIONARY
DIB DOO BUJANOVAC,NOT RELEVANT
WEBA KRAGUJEVAC D.O.O.,INDUSTRIALS
AMP DIJAGNOSTIKA DOO NOVI SAD,HEALTH CARE
MILIC DOO PARACIN,INDUSTRIALS
GIA TECHNOLOGY DOO NOVI SAD,INDUSTRIALS
PRAMAT DOO DOBANOVCI - U PRINUDNOJ,INDUSTRIALS
GEVEKOM CUSTOMER SERVICES D.O.O. B,INDUSTRIALS
GROUP ECOTRADE,HEALTH CARE
SPRENGNETTER D.O.O. BEOGRAD,REAL ESTATE
TISZA AUTOMOTIVE DOO SENTA,CONSUMER DISCRETIONARY
MESOVITO PREDUZECE ZA PROMET ROBA I,CONSUMER STAPLES
COMPANY BB DOO,CONSUMER STAPLES
PRETEK DOO BEOGRAD,INDUSTRIALS
HIDRO-TAN DOO BEOGRAD,INDUSTRIALS
SALVUS INTERNATIONAL,HEALTH CARE
MAX MOBILITY SOLUTIONS DOO,INDUSTRIALS
VESNA (RADOVAN) VESKOV,CONSUMER STAPLES
DOO DURDEVIC 1999 SUBOTISTE,CONSUMER STAPLES
CLICO SEE DOO,INFORMATION TECHNOLOGY
MLEKOPRODUKT DOO ZRENJANIN,CONSUMER STAPLES
GROUP SPORT VISION RS,CONSUMER DISCRETIONARY
GLOBAL NETWORK,CONSUMER DISCRETIONARY
LAGADO DOO BUJANOVAC,NOT RELEVANT
VITALIS TRADE DOO NOVI SAD - U STE,CONSUMER STAPLES
DOBRAVAC PAK DOO SABAC,CONSUMER STAPLES
GROUP ARROW,CONSUMER STAPLES
GROUP NOVEL,CONSUMER DISCRETIONARY
VEKTOR INZENJERING - U STECAJU,NOT RELEVANT
SAFRAN DOO,CONSUMER DISCRETIONARY
NOVKOL DOO,INDUSTRIALS
ZELEZARA SMEDEREVO D.O.O.,MATERIALS
GOODYEAR SERBIA D.O.O.,CONSUMER DISCRETIONARY
PRODYNA DOO BEOGRAD,INFORMATION TECHNOLOGY
BISA MARKET,CONSUMER STAPLES
STS PROPERTIES,REAL ESTATE
PETEFI DOO TEMERIN,CONSUMER STAPLES
ZELVOZ DOO,INDUSTRIALS
MY ARGOS DOO LAZAREVAC,CONSUMER STAPLES
D.O.O. AGRARSENT DESPOTOVO,CONSUMER STAPLES
MASTER FRIGO SALES D.O.O.,INDUSTRIALS
BANE-KOMERC DOO KUMAREVO-LESKOVAC,MATERIALS
FEROMONT PLASTIKA DOO STARA PAZOVA,INDUSTRIALS
LAURA KOZMETIKA DOO BEOGRAD - U LI,CONSUMER STAPLES
VALOR DOO ZRENJANIN,CONSUMER STAPLES
EPAM SYSTEMS D.O.O.,INFORMATION TECHNOLOGY
ZORKA-KERAMIKA D.O.O.,MATERIALS
MG PRECAST DOO,INDUSTRIALS
MITIC PLAST KUMAREVO,MATERIALS
ADVANTO DOO BEOGRAD,INDUSTRIALS
TEHNOMANIJA DOO BEOGRAD,CONSUMER DISCRETIONARY
SECTRON DOO BEOGRAD,INFORMATION TECHNOLOGY
APOTEKARSKA USTANOVA VEGAFARMA,CONSUMER STAPLES
STANDARD LOGISTIC DOO NOVI BEOGRAD,INDUSTRIALS
GRAND CASINO DOO BEOGRAD,CONSUMER DISCRETIONARY
MTS SISTEMI I INTEGRACIJE DOO ,INFORMATION TECHNOLOGY
PETAR (DUSAN) RONCEVIC,CONSUMER STAPLES
SUPERNOVA REAL ESTATE DO0,REAL ESTATE
"TELEKOM SRBIJA A.D., BEOGRAD",COMMUNICATIONS
DELIKOMAT DOO BEOGRAD,CONSUMER STAPLES
BROWELL DOO,INDUSTRIALS
SHOPPSTER D.O.O. BEOGRAD,CONSUMER DISCRETIONARY
WOOD CHIPS DOO BEOGRAD,MATERIALS
GROUP INBERG GETRACO,CONSUMER STAPLES
SCHNEIDER ELECTRIC SRBIJA D.O.O.,INDUSTRIALS
NORA (ISTVAN) MUNKAS,CONSUMER STAPLES
PANMARKETING DOO PANCEVO,MATERIALS
AMERICKA PRIVREDNA KOMORA U SRBIJI,NOT RELEVANT
VIRTU PARTNERS DOO,INDUSTRIALS
CINOS DOO,MATERIALS
JAVNA MEDIJSKA USTANOVA RADIO-TELE,CONSUMER DISCRETIONARY
LEMEX GAMAKOM DOO LESKOVAC,CONSUMER STAPLES
SYNERGETIC DOO KRNJESEVCI,MATERIALS
BIG BULL FOODS DOO BAzINCI,CONSUMER STAPLES
EUROPAPIER SRBIJA DOO BEOGRAD,MATERIALS
MONELLI DOO KRAGUJEVAC,MATERIALS
JOFI-KOMERC DOO NIS,ENERGY
BELT DOO RATINA,NOT RELEVANT
WIRELESS MEDIA DOO,NOT RELEVANT
TERMOVENT SC LIVNICA CELIKA AD,MATERIALS
ALITALIA-SOCIETA AEREA ITALIANA,INDUSTRIALS
MOJA BACKA PALANKA BACKA PALANKA,CONSUMER DISCRETIONARY
NESTLE ICE CREAM SRBIJA DOO STARA,CONSUMER STAPLES
DOO MORAVA INZENJERINGPROJEKT SOMB,REAL ESTATE
PURATOR EKOTEHNIKA DOO,INDUSTRIALS
PHARMANOVA DOO OBRENOVAC,HEALTH CARE
GROUP GALEB,MATERIALS
RECA D.O.O. BEOGRAD,INDUSTRIALS
SUBGROUP UNIVEREXPORT,CONSUMER STAPLES
ZZ AGROSOJ  NEUZINA,CONSUMER STAPLES
CUTURA,CONSUMER STAPLES
SPARTA SECURITY D.O.O.,INDUSTRIALS
COMEL DOO BEOGRAD,INDUSTRIALS
CONCRETE LAND DOO STARI BANOVCI,INDUSTRIALS
AGRO-DOLE DOO JAGODINA,CONSUMER STAPLES
JULIETA DOO BEOGRAD,CONSUMER STAPLES
SANDROCK D.O.O.,INDUSTRIALS
DOO PRINCIPAL DUO CACAK,CONSUMER STAPLES
DAWCUL LTD PREDSTAVNISTVO,NOT RELEVANT
FRESH & CO DOO BEOGRAD,CONSUMER STAPLES
AGROSPEKTAR 28 DOO PARACIN U STECA,NOT RELEVANT
ROSAN ARMATURE DOO KANJIZA,INDUSTRIALS
termal inzenjering doo,CONSUMER DISCRETIONARY
GROUP BEOROL,INDUSTRIALS
YU-SORBON DOO BEOGRAD,CONSUMER DISCRETIONARY
KABLINK D.O.O. BEOGRAD,INDUSTRIALS
EUROCOM INTERNATIONAL DOO BEOGRAD,CONSUMER DISCRETIONARY
EUROPROM DOO VALJEVO,CONSUMER STAPLES
NIMAX DOO BEOGRAD,CONSUMER DISCRETIONARY
PEGETE DOO BEOGRAD,CONSUMER DISCRETIONARY
BIO GOLD ENERGY DOO,UTILITIES
AGRAR INVEST DOO BEOGRAD,CONSUMER STAPLES
VIVA TREF DOO BEOGRAD,CONSUMER STAPLES
GROUP DELTA INZENJERING,INDUSTRIALS
GROUP ELEKTROPRIVREDA GROUP,UTILITIES
AUTO NENA STILL DOO BEOGRAD,CONSUMER DISCRETIONARY
PREDUZECE   AUTO CACAK   DOO KONJE,CONSUMER DISCRETIONARY
INMOLD PLAST DOO POZEGA,INDUSTRIALS
CISTOCA J.P. STARA PAZOVA,INDUSTRIALS
JOKEY BG DOO NOVA PAZOVA,MATERIALS
ALEVA DOO NOVI KNEZEVAC,CONSUMER STAPLES
OMV SRBIJA DOO BEOGRAD,CONSUMER DISCRETIONARY
DESPOTOV-EPICENTAR DOO NOVI SAD -,NOT RELEVANT
CDE S DOO BEOGRAD,NOT RELEVANT
SCOM,CONSUMER STAPLES
B92 DOO BEOGRAD,CONSUMER DISCRETIONARY
ENERGIA GAS AND POWER - U STECAJU,UTILITIES
SUMADIJA SIROVINE DOO,MATERIALS
EURO-KOP-COMPANY D.O.O.,INDUSTRIALS
ALTI DOO CACAK,INFORMATION TECHNOLOGY
EVROPA PLUS DOO BACAKA PALANKA - U,CONSUMER STAPLES
TEI TECHNO EXPORT IMPORT D.O.O,NOT RELEVANT
MUEHLBAUER TECHNOLOGIES DOO STARA,INDUSTRIALS
TRANSPORTSPED DOO BEOGRAD,INDUSTRIALS
AGROPRO DOO,CONSUMER STAPLES
CALIX DOO BEOGRAD (CUKARICA),CONSUMER STAPLES
FULLHOUSE OGILVY DOO BEOGRAD,COMMUNICATIONS
STS KAN GROUP DOO JAGODINA,INDUSTRIALS
PODUNAVLJE-BEOCIN AD BEOCIN - U ST,CONSUMER STAPLES
MAYMEDICA D.O.O.,HEALTH CARE
SUNBAR DOO,INFORMATION TECHNOLOGY
TRANSPETROL DOO,CONSUMER STAPLES
CHIPS WAY D O O,CONSUMER STAPLES
LIMAGRAIN DOO NOVI SAD,CONSUMER STAPLES
COOPSERVICE BMK DOO,INDUSTRIALS
BOOKER GROUP DOO,INFORMATION TECHNOLOGY
EJ REAL ESTATE,REAL ESTATE
GROUP PNEUTECH,CONSUMER DISCRETIONARY
MERAXES SOLUTIONS & SERVICES D.O.O,INFORMATION TECHNOLOGY
MAGNA REAL ESTATE DOO,HEALTH CARE
ROSENBERG DOO DOBANOVCI,REAL ESTATE
GSF-LTD DOO,CONSUMER STAPLES
SPECIJALNA BOLNICA,HEALTH CARE
BEOSTEEL D.O.O.,MATERIALS
RATAR AD PANCEVO,NOT RELEVANT
MSG GLOBAL DIGITAL DOO,INFORMATION TECHNOLOGY
DIESEL 24 DOO BEOGRAD,ENERGY
GRANOLIA D.O.O.,CONSUMER STAPLES
DTM INVESTMENTS D.O.O.,CONSUMER DISCRETIONARY
EMKA FEINGUSS D.O.O. MIONICA,MATERIALS
ENTERIJER JANKOVIC INZENJERING DOO,INDUSTRIALS
CORIC AGRAR DOO BASAID,CONSUMER STAPLES
LILLY DROGERIE DOO BEOGRAD,CONSUMER STAPLES
ARDAGH METAL PACKAGING SERBIA D.O.,INDUSTRIALS
BEO-LAB PLUS BEOGRAD,HEALTH CARE
MATIS DOO IVANJICA,CONSUMER DISCRETIONARY
IBC TECHNOLOGIES DOO,INDUSTRIALS
"EP-BELT DOO, LOZNICA",INDUSTRIALS
BIOCHEM BALKAN DOO DOBANOVCI,CONSUMER STAPLES
B.B. LINK DOO BEOGRAD,CONSUMER DISCRETIONARY
RINOL DOO BEOGRAD,INDUSTRIALS
M-RAIL DOO,INDUSTRIALS
GROUP JUGOTRADE BEOGRAD,INDUSTRIALS
ATAKO DOO,UTILITIES
AUTOTRANSPORTER DOO,INDUSTRIALS
GROUP WINWIN,CONSUMER DISCRETIONARY
FABRIKA AKUMULATORA AD,INDUSTRIALS
LESAFFRE RS DOO,CONSUMER STAPLES
PARALELA TRADE SOLUTIONS D.O.O. BE,CONSUMER STAPLES
SPARE PARTS INTERNATIONAL DOO BEOG,INDUSTRIALS
GROUP ZEMLJORADNIÈKA ZADRUGA TRLIÆ,CONSUMER STAPLES
AGROVOJVODINA MEHANIZACIJA DOO,INDUSTRIALS
DK 2008 DOO,INDUSTRIALS
CTFM D.O.O. BEOGRAD,INDUSTRIALS
MOPEX DOO,INDUSTRIALS
VEOLIA WATER SOLUTIONS & TECHNOLOG,INDUSTRIALS
"IMPOL SEVAL AD, SEVOJNO",MATERIALS
OKTACRON DOO,INFORMATION TECHNOLOGY
"MILETIC-KOMERC DOO SALUDOVAC, PARA",CONSUMER DISCRETIONARY
HITEAM DOO VRSAC,INFORMATION TECHNOLOGY
NCR DOO BEOGRAD,INDUSTRIALS
GROUP SRBOAUTO,CONSUMER DISCRETIONARY
PRIVREDNA KOMORA SRBIJE,INDUSTRIALS
NOVA KERAMIKA DOO VETERNIK U STECA,NOT RELEVANT
JKP VODOVOD KRUSEVAC,UTILITIES
SERBIA ZIJIN MINING D O O,MATERIALS
ELEKTROMONT - ILT DOO,INDUSTRIALS
boss utr judit cakanj pr,CONSUMER DISCRETIONARY
PWW DOO,INDUSTRIALS
MIO COMPANY DOO,INDUSTRIALS
GROUP TESTER AL Jagodina,INDUSTRIALS
DARAN GROUP D.O.O.,INFORMATION TECHNOLOGY
ENERGOTEHNIKA-JUZNA BACKA DOO NOVI,INDUSTRIALS
MASTER FRIGO PROJEKT D.O.O. BEOGRA,INDUSTRIALS
ELEKTROIZGRADNJA DOO BEOGRAD,INDUSTRIALS
JKP GRADSKA TOPLANA KRUSEVAC,NOT RELEVANT
TUS DOO BEOGRAD (NOVI BEOGRAD),FINANCIALS
EKO SERBIA AD BEOGRAD,ENERGY
PRIVREDNIK SRPSKI POSLOVNI KLUB,NOT RELEVANT
MAZ SR DOO REKOVAC,CONSUMER DISCRETIONARY
ALLIANCE ONE TOBACCO DOO BEOGRAD -,CONSUMER STAPLES
FRUTISSIMO DOO STARA PAZOVA - U ST,CONSUMER STAPLES
NOVOSADSKI SAJAM A.D.,INDUSTRIALS
ZITOPRERADA DM DOO NOVI BECEJ,CONSUMER STAPLES
COCA-COLA HBC SRBIJA,CONSUMER STAPLES
STIGA DOO NOVI SAD,HEALTH CARE
APOTEKARSKA USTANOVA SOPHARMACY,CONSUMER STAPLES
PUMPA TRADE DOO NIS,NOT RELEVANT
DOO SLAVIJACOOP NOVI SAD,REAL ESTATE
JELEN DO DOO,MATERIALS
STEEL BALL,MATERIALS
HEMOFARM AD VRSAC,HEALTH CARE
BEOGUMA INVESTMENTS DOO ,INDUSTRIALS
ACO GRADEVINSKI ELEMENTI DOO  KRNJ,INDUSTRIALS
GRADITELJ AD KIKINDA,NOT RELEVANT
GEBRUDER WEISS DOO DOBANOVCI,NOT RELEVANT
EUROSALON AMBIJENT DOO BEOGRAD,CONSUMER DISCRETIONARY
ENERGOPROJEKT ENTEL,INDUSTRIALS
KLAS DOO BEOGRAD,NOT RELEVANT
ALBERGO D.O.O. - HOTEL LE PETIT PI,NOT RELEVANT
WEISHAUPT DOO BEOGRAD,INDUSTRIALS
PORSCHE IMMOBILIEN,CONSUMER DISCRETIONARY
FERBILD DOO BEOGRAD,INDUSTRIALS
FMS KVART DOO PETROVAC,INDUSTRIALS
MEDICO PHARM SERVIS DOO,HEALTH CARE
IVKO KNITS DOO BLACE,CONSUMER DISCRETIONARY
PROMSEK DOO PANCEVO,INDUSTRIALS
PAMIN  DOO GORNJI MILANOVAC,CONSUMER STAPLES
EDTECH PLUS TECH,INFORMATION TECHNOLOGY
DUNAV GRUPA AGREGATI A.D.,MATERIALS
DUCLA TRADING DOO BEOGRAD,NOT RELEVANT
AGROCRNJA D.O.O.,CONSUMER STAPLES
MINEL-ELEKTROGRADNJA-DV AD,NOT RELEVANT
INSTITUT ZA PUTEVE AD BEOGRAD,INDUSTRIALS
IDEA DOO,CONSUMER STAPLES
DOO ZITO-BACKA KULA,CONSUMER STAPLES
MNG PLASTIK GOGIC,MATERIALS
RECONAL SISTEMI DOO NIS,INDUSTRIALS
TIGAR AD PIROT,CONSUMER DISCRETIONARY
TM HOSPITALITY DOO,CONSUMER DISCRETIONARY
AUTO MARKET GROUP DOO SABAC,CONSUMER DISCRETIONARY
NAKA,INDUSTRIALS
MTEL GLOBAL DOO BEOGRAD,COMMUNICATIONS
VIVEX GROUP DOO BEOGRAD,INDUSTRIALS
PONS GRADNJA DOO STARA PAZOVA,INDUSTRIALS
JU-VES-KOMERC DOO POZEGA - U STECA,CONSUMER DISCRETIONARY
STEFAN DOO ARILJE,CONSUMER DISCRETIONARY
JEDINSTVO DOO,CONSUMER STAPLES
SVETLOST TEATAR DOO BEOGRAD,INDUSTRIALS
RESA GRADNJA,INDUSTRIALS
TERMO TIM DOO BEOGRAD,INDUSTRIALS
DG COMPANY DOO SUBOTICA,INDUSTRIALS
GROUP GRUPA UNIVERZAL HOLDING,NOT RELEVANT
DUAL PARADOX   - U PRINUDNOJ LIKVI,MATERIALS
TEAM OIL D.O.O.,NOT RELEVANT
AMB GRAFIKA AD NOVI SAD,MATERIALS
HTD VUJIC DIVCIBARE DOO,CONSUMER DISCRETIONARY
PRESS PUBLISHING GROUP DOO,NOT RELEVANT
GRADINA SISTEM,MATERIALS
KEYING DOO KIKINDA,NOT RELEVANT
GROUP GLOBAL PRESS,CONSUMER DISCRETIONARY
YU MONBAT DOO,INDUSTRIALS
AD AGROSTROJ CACAK,NOT RELEVANT
"PRIVATNO PREDUZECE ZA PROIZVODNJU,",CONSUMER STAPLES
PM SERVICES DOO BEOGRAD,CONSUMER STAPLES
ALIAXIS UTILITIES & INDUSTRY DOO,INDUSTRIALS
GROUP STEELSOFT,CONSUMER DISCRETIONARY
AVTERA SR DOO BEOGRAD,INFORMATION TECHNOLOGY
CAPRIOLO DOO BACKA TOPOLA,CONSUMER DISCRETIONARY
WIRTGEN SRBIJA DOO BEOGRAD,INDUSTRIALS
MONTING-GROUP-SP DOO,INDUSTRIALS
WINE ART DOO BEOGRAD,CONSUMER STAPLES
GROUP NAPRED/ENERGOPROJEKT,INDUSTRIALS
DOO EURO GAS SUBOTICA,INDUSTRIALS
IGM OPEKA DOO SMEDEREVSKA PALANKA,MATERIALS
CEMMAX DOO,MATERIALS
MATIS NEW POINT DOO,REAL ESTATE
JASMIN DOO BEOGRAD,CONSUMER STAPLES
D.S. INZENJERING DOO BEOGRAD,INDUSTRIALS
AGRO TECH PMD DOO TRESNJEVAC,INDUSTRIALS
ATLAS COPCO SRBIJA DOO,INDUSTRIALS
ASTRA SIMIT DOO U STECAJU BEOGRAD,NOT RELEVANT
COBEST A.D.,NOT RELEVANT
UTVAKOM DOO BEOGRAD,MATERIALS
MARJANOVIC-TRANS DOO,INDUSTRIALS
ESENSA DOO BEOGRAD,HEALTH CARE
FIDELINKA KOMPANIJA DOO,CONSUMER STAPLES
RODIC M&B - U STECAJU,NOT RELEVANT
CADCAM DATA DOO BEOGRAD,INFORMATION TECHNOLOGY
BEL SPACE,REAL ESTATE
INTERSPED DOO KRAGUJEVAC,NOT RELEVANT
AEROLAB DOO BEOGRAD,INDUSTRIALS
COLOR PRINT DOO NOVI SAD,INDUSTRIALS
PRIMAR CO DOO,INDUSTRIALS
BEE IT DOO,INFORMATION TECHNOLOGY
INOS NAPREDAK AD SABAC,INDUSTRIALS
SLIMS D.O.O.,CONSUMER STAPLES
AZD SAOBRACAJNI SISTEMI DOO BEOGRA,INDUSTRIALS
MARINKOVIC-HOFMANN DOO VELIKA MOST,INDUSTRIALS
CITY RENT A CAR DOO,INDUSTRIALS
HOTEL METROPOL PALACE D.O.O. BEOGR,CONSUMER DISCRETIONARY
DURDEVIC 2010 DOO SUBOTISTE,CONSUMER STAPLES
INCEPTION DOO BEOGRAD,INFORMATION TECHNOLOGY
GROUP MAKLER,HEALTH CARE
MASTER GROUP DOO NOVI SAD,CONSUMER DISCRETIONARY
BEOTURS DOO BEOGRAD,CONSUMER DISCRETIONARY
GROUP SRBIJAGAS,UTILITIES
-U STECAJU,NOT RELEVANT
COLOR PRESS GROUP 1992 D.O.O.,CONSUMER DISCRETIONARY
DONERRA,CONSUMER STAPLES
CISTOCA I ZELENILO JKP SUBOTICA,NOT RELEVANT
RODIC M&B-CO  TRGOVINSKO UGOSTITELJ,NOT RELEVANT
FLOOREXPERTS DOO BEOGRAD,INDUSTRIALS
PREDSTAVNISTVO AIFAR AGROCHIMI,INDUSTRIALS
G INVEST DOO,NOT RELEVANT
VAPEKS DOO CACAK,MATERIALS
FOCUS I.M.C. DOO BEOGRAD,CONSUMER STAPLES
CENTRALINVEST DOO BEOGRAD,INDUSTRIALS
"KRAFT FOODS DOO,VAT.103822660",CONSUMER STAPLES
"DRAGOVIC TRANSPORT DOO, SMEDEREVO",INDUSTRIALS
BTL MANDIS MEDIA DOO,COMMUNICATIONS
CE-ZA-R DOO BEOGRAD,MATERIALS
GROUP AGROPANONKA,INDUSTRIALS
FISH CORP. 2000 FEED DOO,INDUSTRIALS
PHARMA-MAAC DOO BEOGRAD,HEALTH CARE
P.S. FASHION DESIGN DOO CACAK,CONSUMER DISCRETIONARY
UZOR PROMET DOO NOVI SAD,REAL ESTATE
KALLAS SB DOO,CONSUMER STAPLES
AGRO STAR PROIZVODNJA DOO,CONSUMER STAPLES
EMDIRO CONSULTANTS SERVICES DOO BE,INDUSTRIALS
INTERMERKUR DOO BEOGRAD - U STECAJ,NOT RELEVANT
MERKUR-CELIK,FINANCIALS
IN2 INFORMATICKI INZENJERING DOO,INFORMATION TECHNOLOGY
AGRO ARM DOO BEOGRAD (VOZDOVAC),MATERIALS
FN DALLAS DOO,NOT RELEVANT
SANTAMED D.O.O. BEOGRAD,HEALTH CARE
BIOTRONIK ADRIATIC DOO BEOGRAD,HEALTH CARE
ICES DOO,INFORMATION TECHNOLOGY
CENEJ AGRAR,CONSUMER STAPLES
UNIVERZITET SINGIDUNUM BEOGRAD,CONSUMER DISCRETIONARY
BOZIDAR RISTIC PR PRIPREMNA GRADIL,INDUSTRIALS
AUTORITAS INVESTMENT DOO NOVI SAD,CONSUMER STAPLES
POLLARD DIGITAL SOLUTIONS D.O.O.,INFORMATION TECHNOLOGY
LIVNICA PRECIZNIH ODLIVAKA DOO,INDUSTRIALS
SUBGROUP ASTERFARM,CONSUMER STAPLES
INTERSREM FLEET MANAGEMENT,INDUSTRIALS
MLINOTEST-S DOO RUMA,CONSUMER STAPLES
YUGOTUB DOO NOVA PAZOVA,INDUSTRIALS
INOBACKA D.O.O.,INDUSTRIALS
VELEMIR (NEDELJKO) VESKOV,CONSUMER STAPLES
PRODANOVIC DOO MAJUR,INDUSTRIALS
BIOWINE DOO NOVI SAD U STECAJU,NOT RELEVANT
BUKULJA J.K.P.,NOT RELEVANT
SAMSTAG-BALKAN D.O.O.,NOT RELEVANT
GRAMERCY DOO BEOGRAD,NOT RELEVANT
JAGODINA PUT D.O.O.,INDUSTRIALS
FEROMONT-GRADNJA DOO - STARA PAZOV,INDUSTRIALS
INTER MIMS DOO,NOT RELEVANT
ZIMPA AD UB,INDUSTRIALS
CISTOCA JAVNO KOMUNALNO,INDUSTRIALS
EGIS D.O.O. BEOGRAD,INDUSTRIALS
GROUP ENTERIJER JANKOVIC,INDUSTRIALS
VEGA IT D.O.O. NOVI SAD,INFORMATION TECHNOLOGY
NECTAR DOO BACKA PALANKA,CONSUMER STAPLES
LJUBENKOVIC D.O.O.,INDUSTRIALS
TRIGEMA D.O.O. BEOGRAD,INDUSTRIALS
DOO RACA ZRENJANIN,CONSUMER STAPLES
ALEXANDAR DOO NOVI SAD,CONSUMER STAPLES
DT D.O.O.,INDUSTRIALS
STRABAG AG,INDUSTRIALS
OZZ AGRONOM DESPOTOVO-PIVNICE PIVN,CONSUMER STAPLES
TSV BRAVE DOO BEOGRAD,CONSUMER STAPLES
SIEMENS DOO BEOGRAD,INDUSTRIALS
DEKORAT DOO BEOGRAD,INDUSTRIALS
ARMSTEEL DOO RUMENKA,INDUSTRIALS
METALNE KONSTRUKCIJE 037 DOO,INDUSTRIALS
FUTURUM AD BEOGRAD,NOT RELEVANT
JELIC PETROL DOO,CONSUMER DISCRETIONARY
JGL,HEALTH CARE
DRUSTVO SA OGRANICENOM,CONSUMER DISCRETIONARY
GROUP TOPOLA IM,NOT RELEVANT
PROTECH DOO NOVI SAD,INDUSTRIALS
IHR DOO U STECAJU,NOT RELEVANT
SLOGA AD NOVI PAZAR,INDUSTRIALS
NAFTAGAS-TRANSPORT D.O.O. NOVI SAD,INDUSTRIALS
CARNEX MACHINERY LIMITED DOO VRBAS,CONSUMER STAPLES
VODOVOD I KANALIZACIJA JP ZRENJANI,UTILITIES
INTERFAST ADVANCED SECURITY SYSTEM,INDUSTRIALS
HIDRO-BAZA AGREGATI DOO,MATERIALS
AGROMARKET MACHINERY,INDUSTRIALS
DOO BANATSKI KLAS PANCEVO,CONSUMER STAPLES
IRIS MEGA DOO,INFORMATION TECHNOLOGY
LAZOVIC GRADNJA DOO NOVI SAD,INDUSTRIALS
JKP BEOCIN ,INDUSTRIALS
BRICKEN DOO NOVI SAD,INDUSTRIALS
DOO HOROSZCOOP SENTA,INDUSTRIALS
AGRO-PROMET DOO BECEJ,CONSUMER STAPLES
METSO D.O.O.,INDUSTRIALS
BOYSEN ABGASSYSTEME,CONSUMER DISCRETIONARY
TRANSPORT BERAR DOO MELENCI,INDUSTRIALS
AUTO CENTAR MILENIJUM DOO BEOGRAD,CONSUMER DISCRETIONARY
AGORA ECO,UTILITIES
PSS POLJOPRIVREDNA STANICA DOO,INDUSTRIALS
TEMA BROKER A.D.,NOT RELEVANT
DIRECT GROUP DOO,CONSUMER STAPLES
MOSTOGRADNJA A.D.,INDUSTRIALS
CAN ADVERTISING DOO BEOGRAD,NOT RELEVANT
SOPHARMA TRADING PHARMACEUTICALS D,HEALTH CARE
BUFFALO DOO CACAK- U STECAJU,NOT RELEVANT
SOMBORMLIN AD SOMBOR,NOT RELEVANT
GROUP FMP,NOT RELEVANT
EINHELL DOO BEOGRAD,CONSUMER DISCRETIONARY
DACIC PROM DOO NOVI PAZAR,MATERIALS
DOO PANSPED NOVI SAD,INDUSTRIALS
HAMBURGER RECYCLING SERBIA DOO,INDUSTRIALS
OGREV DOO ZRENJANIN,INDUSTRIALS
STOBEX DOO,MATERIALS
SPONIT DOO CACAK,CONSUMER DISCRETIONARY
COLOR-CHEMICALS,MATERIALS
GROUP NESAM,INDUSTRIALS
BRACA POPOVIC DOO KRAGUJEVAC,CONSUMER STAPLES
SWEET HOME PORT DOO,CONSUMER DISCRETIONARY
ENERGY NET SOLUTION DOO,INDUSTRIALS
FIMAS DOO BEOGRAD,CONSUMER DISCRETIONARY
FORVIS MAZARS D.O.O. BEOGRAD,INDUSTRIALS
EMS AD BEOGRAD,UTILITIES
SILOIN DOO KOVIN,NOT RELEVANT
SVET INTERNATIONAL DOO,NOT RELEVANT
NET-CONNECT D.O.O. - U LIKVIDACIJI,COMMUNICATIONS
DOO ALFA 022 RUMA,INDUSTRIALS
BERRY FRUTICO DOO LUCANI,CONSUMER STAPLES
AQUALIA INFRAESTRUCTURAS D.O.O.,NOT RELEVANT
DOO SLAVIJACOOP LOGISTIC BEOGRAD -,INDUSTRIALS
MONIKA HOUSE,CONSUMER DISCRETIONARY
RADNJA ZA VRSENJE USLUGA,INDUSTRIALS
TERRA SRBIJA DOO SIMANOVCI,INDUSTRIALS
MARMIL INZENJERING D.O.O. BEOGRAD,INDUSTRIALS
EURODIJAGNOSTIKA,HEALTH CARE
CML CONSTRUCTION SERVICES,INDUSTRIALS
ELKOMS DOO BEOGRAD,INDUSTRIALS
ALEMILOIL DOO,INDUSTRIALS
APOTEKARSKA USTANOVA BENU BEOGRAD,CONSUMER STAPLES
ERWIN DOO NOVI PAZAR,INDUSTRIALS
UNITRAG PIZON DOO BEOGRAD,INDUSTRIALS
GAMA D.K. DOO BACKA TOPOLA,CONSUMER STAPLES
NOMIL PROMET DOO  ARILJE - U STECA,CONSUMER STAPLES
BI-COMMERCE DOO NOVI SAD,MATERIALS
AGROFARM-TRADE DOO TOPOLA,CONSUMER DISCRETIONARY
ARETOL DOO NOVI SAD,CONSUMER STAPLES
RAPP ZASTAVA DOO KRAGUJEVAC,INDUSTRIALS
ANDREAS (ONDREJ) HEDJI,CONSUMER STAPLES
H.T. & L. FITTING SERBIA DOO KRAGU,CONSUMER DISCRETIONARY
VERIDOS NETSET DOO,INFORMATION TECHNOLOGY
GROUP MOJ KIOSK,CONSUMER STAPLES
GROUP LILLY,CONSUMER STAPLES
AUTO KODEKS DOO BEOGRAD,INDUSTRIALS
WBD DOO BEOGRAD,INFORMATION TECHNOLOGY
IMPERIAL TOBACCO SCG DOO BEOGRAD,CONSUMER STAPLES
SSC DOO SMEDEREVO,INDUSTRIALS
JUGIS DOO BEOGRAD,INDUSTRIALS
21. JANUAR D.O.O.      ,INDUSTRIALS
SKY TOPECO DOO BEOGRAD,INDUSTRIALS
TRANSPORTNO DRUSTVO C&LC-GROUP DOO,INDUSTRIALS
NUTRIFEED-SOLUTIONS D.O.O.,CONSUMER STAPLES
MOZZART D.O.O.,CONSUMER DISCRETIONARY
METALEX DOO,NOT RELEVANT
PSC D.O.O.,INFORMATION TECHNOLOGY
AMSS DOO,NOT RELEVANT
TONI COMMERCE 2011 DOO,MATERIALS
MILIJA  DOO  KRAGUJEVAC,NOT RELEVANT
DHL INTERNATIONAL BEOGRAD D.O.O.,INDUSTRIALS
GORAN INVEST BG DOO,INDUSTRIALS
PREDUZECE ZA PRODAJU ALUMINIJUMA VE,NOT RELEVANT
LE BELIER KIKINDA LIVNICA DOO,MATERIALS
MEGA RENT DOO,INDUSTRIALS
ELEKTROMETAL GREEN DOO,INDUSTRIALS
BAKARNE CEVI - U PRINUDNOJ LIKVIDA,MATERIALS
GROUP JUGOKOP,INDUSTRIALS
ZITOPROMET-MLIN AD SENTA,CONSUMER STAPLES
AGRINOVA DOO NOVI SAD,INDUSTRIALS
FAKULTET ZA EKONOMIJU I INZENJERSK,CONSUMER DISCRETIONARY
BELARUS-AGROPANONKA DOO NOVI SAD,INDUSTRIALS
AGROSAVA DOO,MATERIALS
SIM DOO,INDUSTRIALS
CORNER PIZZA D.O.O.,CONSUMER DISCRETIONARY
BOMEX HOLDING D.O.O.,MATERIALS
EXCITING D.O.O.,INDUSTRIALS
TODY GH DOO,CONSUMER STAPLES
GROUP ERAKOVIC,CONSUMER STAPLES
INITIATIVE DOO BEOGRAD,CONSUMER DISCRETIONARY
LUXURY TANNERY DOO RUMA,CONSUMER DISCRETIONARY
AGROPRODUKT DOO BUMBAREVO BRDO,CONSUMER STAPLES
ELIXIR ENGINEERING DOO,MATERIALS
GREENFLOW RECYCLING DOO,INDUSTRIALS
TIM POWER PLUS D.O.O. PIROT,INDUSTRIALS
ERNST & YOUNG CONSULTING D.O.O.,INDUSTRIALS
AQUACHEM D.O.O.,INDUSTRIALS
CRAYON,INFORMATION TECHNOLOGY
PPL D.O.O.,INDUSTRIALS
MIRKO (ZIVKO) MILJUS,NOT RELEVANT
GORENJE D.O.O.,CONSUMER DISCRETIONARY
ARROW-DISTRIBUTION NET WORK DOO BE,CONSUMER STAPLES
OBELISK GRADNJA DOO BEOGRAD,REAL ESTATE
Lagermax AED doo,INDUSTRIALS
MISTRAL KOMERC D.O.O.,CONSUMER STAPLES
DAHOP UTVA DOO ALEKSINAC,MATERIALS
JARBOLI I ZASTAVE DOO RUMA,CONSUMER DISCRETIONARY
HIRIM CO DOO BEOGRAD,REAL ESTATE
Subgroup Juzna Backa,INDUSTRIALS
NEW IMAGE D.O.O. BEOGRAD-NOVI BEOG,INDUSTRIALS
CAMMEO GRUPA D.O.O. BEOGRAD,INDUSTRIALS
SWISSLION GROUP DOO BEOGRAD-SAVSKI,CONSUMER STAPLES
UNICOOP DOO ZABALJ,CONSUMER STAPLES
ERS HOLDING DOO,REAL ESTATE
AGRARIA TIM DOO - U STECAJU,CONSUMER STAPLES
TEIKOM DOO,INDUSTRIALS
SIGIT DOO GROSNICA,CONSUMER DISCRETIONARY
BANAT SEME D.O.O. ZRENJANIN,CONSUMER STAPLES
JONIMPEX DOO SMEDEREVO,INDUSTRIALS
GROUP OPTICUS,HEALTH CARE
JAVNA SKLADISTA DOO SUBOTICA,INDUSTRIALS
W ASFALTNA TEHNIKA DOO BEOGRAD,INDUSTRIALS
MARIS DOO NOVI SAD,INDUSTRIALS
A1 SRBIJA,COMMUNICATIONS
ISV FEED & CONSULTING DOO DURDIN,CONSUMER STAPLES
FONDACIJA ZA RECIKLAZU LIMENKI ZA,MATERIALS
RAVNICA DOO BAJMOK,NOT RELEVANT
ENERGY NET TWO DOO SREMSKA MITROVI,NOT RELEVANT
NESTLE ADRIATIC FOODS DOO,CONSUMER STAPLES
KNAUF ZEMUN DOO BEOGRAD,NOT RELEVANT
DRUSTVO SA OGRANICENOM ODGOVORNOSCU,INDUSTRIALS
saint gobain doo beograd,MATERIALS
ABV DISTRIBUCIJA DOO,CONSUMER STAPLES
NOV DOO NOVI SAD,INFORMATION TECHNOLOGY
GROUP PKB KORPORACIJA,NOT RELEVANT
AUTOFLEX-LIVNICA DOO COKA,MATERIALS
SUBGROUP COLOR MEDIA INTERNATIONAL,CONSUMER DISCRETIONARY
MIN-COMMERCE DOO BEOGRAD,CONSUMER STAPLES
CHAMPICOMP DOO PLOCICA,CONSUMER STAPLES
IGMIN OIL DOO BEOGRAD - U STECAJU,ENERGY
PIGGY CENTAR DOO,CONSUMER STAPLES
DOO BALKANPROGRES KRUSEVAC,CONSUMER DISCRETIONARY
RU METAL TRADE DOO RUMA,INDUSTRIALS
AUTO CACAK PROMET DOO,CONSUMER DISCRETIONARY
"MILETIC PETROL DOO PARACIN, SALUDO",INDUSTRIALS
DIGITAL LIFE DOO BEOGRAD,COMMUNICATIONS
"TIM KABEL DOO BEOGRAD, ZEMUN",INDUSTRIALS
KNJAZ MILOS-NATURA,CONSUMER STAPLES
GROUP EUROINVEST NS,REAL ESTATE
EPS AD BEOGRAD,UTILITIES
SVETLANA (VLASTIMIR) RONCEVIC,CONSUMER STAPLES
PRIMAX DOO BEOGRAD,HEALTH CARE
INS DOO,REAL ESTATE
AUTOBUS DOO NOVI SAD,CONSUMER DISCRETIONARY
DAK DOO BEOGRAD,CONSUMER DISCRETIONARY
ALKALOID DOO,HEALTH CARE
AKS FLEET SOLUTION DOO,INDUSTRIALS
ORAHOVO DOO SENTA,NOT RELEVANT
SALINEN DOO SIMANOVCI,CONSUMER STAPLES
GROUP MM,CONSUMER DISCRETIONARY
NTC PROPERTY DOO,NOT RELEVANT
PRICEWATERHOUSECOOPERS DOO BEOGRAD,INDUSTRIALS
INSTITUT ZA RATARSTVO I POVRTARSTV,CONSUMER STAPLES
DOBAR VETAR DOO BEOGRAD,CONSUMER STAPLES
RAMAZZA OIL DOO LESKOVAC,REAL ESTATE
PESTAN DOO BUKOVIK,INDUSTRIALS
SENJAK DOO BEOGRAD,MATERIALS
TESTER-AL DOO JAGODINA,INDUSTRIALS
KARIN KOMERC MD DOO NOVI SAD,INDUSTRIALS
ALPROS EVISION,CONSUMER DISCRETIONARY
SPORT TIME BALKANS DOO BEOGRAD,CONSUMER DISCRETIONARY
COMTRADE SYSTEM INTEGRATION D.O.O.,INFORMATION TECHNOLOGY
MAGREM DOO BEOGRAD,INDUSTRIALS
RADULOVIC DOO,CONSUMER DISCRETIONARY
ADONIS DOO SOKOBANJA,CONSUMER STAPLES
BARENTZ DOO BEOGRAD,MATERIALS
EVAPIFY D.O.O.,CONSUMER STAPLES
ATRIUM PROPERTY SERVICES D.O.O.,INDUSTRIALS
TBM DUNAV DOO,NOT RELEVANT
PRESTON HOLDING DOO,INDUSTRIALS
FMP DOO BEOGRAD,MATERIALS
GROUP PROTEAM,INDUSTRIALS
INTERQO GROUP DOO LESKOVAC,CONSUMER STAPLES
GP PORR DOO BEOGRAD - U LIKVIDACIJ,INDUSTRIALS
CONTITECH FLUID SERBIA DOO SUBOTIC,CONSUMER DISCRETIONARY
TP JABUKA DOO BEOGRAD,NOT RELEVANT
GLOBAL PRESS DOO BEOGRAD,CONSUMER DISCRETIONARY
"ALEKSANDROVIC VT DOO TOPOLA, VINCA",CONSUMER DISCRETIONARY
HELIOS SRBIJA A.D. GORNJI MILANOVA,MATERIALS
COMTRADE SOLUTIONS ENGINEERING,INFORMATION TECHNOLOGY
DOM ZDRAVLJA ACIBADEM BEL MEDIC,HEALTH CARE
AXSYNTHA D.O.O.,MATERIALS
HEINEKEN SRBIJA DOO ZAJECAR,CONSUMER STAPLES
EVIDEN,INFORMATION TECHNOLOGY
JKP BEOGRADSKE ELEKTRANE,UTILITIES
DUOMED SOUTHEAST EUROPE D.O.O.,HEALTH CARE
OXYGEN DOO BEOGRAD,CONSUMER DISCRETIONARY
DELMAX DOO STARA PAZOVA,CONSUMER DISCRETIONARY
IVAN RAJIC PR RAJIC 2015,CONSUMER STAPLES
POSLOVNI SISTEM DOMINA DOO BEOGRAD,NOT RELEVANT
ETI&PACK DOO,CONSUMER DISCRETIONARY
MITIC DOO LESKOVAC,CONSUMER DISCRETIONARY
GP RATKO MITROVIC-NISKOGRADNJA BGD,INDUSTRIALS
SAJKASKA AD ZABALJ,CONSUMER STAPLES
GILERA DOO BEOGRAD-ZEMUN,INDUSTRIALS
LUCAR DOO NOVI SAD,CONSUMER STAPLES
FASHION COMPANY DOO,CONSUMER DISCRETIONARY
JEDINSTVO - LIVNICA POZEGA DOO POZ,MATERIALS
KEJ DOO VALJEVO,INDUSTRIALS
JKP JAVNO OSVETLJENJE,INDUSTRIALS
AGROSTORY D.O.O. BANATSKI KARLOVAC,CONSUMER STAPLES
METALKA-MAJUR DOO JAGODINA,INDUSTRIALS
HÖRMANN SRBIJA DOO BEOGRAD,INDUSTRIALS
GROUP FORMA IDEALE,CONSUMER DISCRETIONARY
LUKAFOOD,CONSUMER STAPLES
PRIVREDNO DRUSTVO MEHANIZACIJA TRG,INDUSTRIALS
RETAIL PARK DUNJA,CONSUMER STAPLES
SLODES DOO BEOGRAD,CONSUMER DISCRETIONARY
GRANICE DOO MLADENOVAC,CONSUMER STAPLES
LAMEX DOO NOVI SAD,CONSUMER DISCRETIONARY
ZITOSREM DOO INDIJA,CONSUMER STAPLES
MONOBLOK DOO NOVI SAD,INDUSTRIALS
VIKTOR GAJOVIC PR TRGOVINSKA RADNJ,CONSUMER DISCRETIONARY
SPECIJALNA BOLNICA ZA HEMODIJALIZU,HEALTH CARE
MILOSEVIC DOO KRUSEVAC,INDUSTRIALS
VAR SISTEM DOO,INDUSTRIALS
"PHARMASWISS DOO, BEOGRAD",HEALTH CARE
OTPAD DOO SUBOTICA - U PRINUDNOJ L,MATERIALS
MACKATICA AD,NOT RELEVANT
HANSA FLEX HIDRAULIKA DOO BEOGRAD,INDUSTRIALS
PRINTEC DOO BEOGRAD,CONSUMER DISCRETIONARY
EURO LIN + DOO PARACIN,REAL ESTATE
MARKO-EKSPORT D.O.O.,INDUSTRIALS
GOSA FABRIKA OPREME I MASINA AD,NOT RELEVANT
ROLOPLAST DOO,INDUSTRIALS
VIS-IA DOO,INDUSTRIALS
MMM PIZZA GROUP DOO NOVI SAD,CONSUMER DISCRETIONARY
PDM AGRO FRUIT DOO,CONSUMER STAPLES
NOVEL IT SYSTEMS,INFORMATION TECHNOLOGY
ECOLAB HYGIENE DOO BEOGRAD,MATERIALS
RINGIER AXEL SPRINGER DOO BEOGRAD,CONSUMER DISCRETIONARY
YUFOS DOO BEOGRAD,MATERIALS
SAGLOBAL DOO,INFORMATION TECHNOLOGY
ZISIC JOVAN PREDUZETNIK SPIN MARKE,CONSUMER STAPLES
HOMOLJE  ZAGUBICA,CONSUMER STAPLES
ARMEX D.O.O. ZABALJ,INDUSTRIALS
REFOT B D.O.O. BEOGRAD,CONSUMER DISCRETIONARY
GA DOO BEOGRAD,INDUSTRIALS
CENTAR ZA PRIMENJENU CIRKULARNU EK,MATERIALS
R&B MEDICAL COMPANY DOO BEOGRA,HEALTH CARE
KOMUNALAC JP BECEJ,INDUSTRIALS
VODOGRADNJA DOO PUKOVAC,INDUSTRIALS
GROUP MATIS,CONSUMER DISCRETIONARY
VISNJEVI SAD DOO NOVI SAD,CONSUMER STAPLES
UNIVERSAL EXPRESS DOO BEOGRAD,INDUSTRIALS
TRANSPED-BEOGRAD DOO BEOGRAD - U S,NOT RELEVANT
KMV BEV MANGO D.O.O.,CONSUMER STAPLES
SUBGROUP MPC HOLDING,CONSUMER STAPLES
CHEMICO EXPORT doo,CONSUMER STAPLES
"PREDUZECE ZA PROIZVODNJU,PROMET I U",MATERIALS
MONIKA 2022,CONSUMER DISCRETIONARY
Gebrüder Weiss d.o.o.,INDUSTRIALS
MSI BALKAN DOO BEOGRAD - U LIKVIDA,INFORMATION TECHNOLOGY
CONING DOO BEOGRAD,CONSUMER DISCRETIONARY
UNION SPED DOO DOBANOVCI,INDUSTRIALS
ALPROS ETECH,CONSUMER DISCRETIONARY
EKO PARTNER PLUS DOO,INDUSTRIALS
PRO TEAM DOO BEOGRAD,INDUSTRIALS
JP KOMUNALAC PIROT,INDUSTRIALS
STRABAG BRVZ,INDUSTRIALS
GROUP WORTS,CONSUMER DISCRETIONARY
SHOPGROUP DOO,CONSUMER DISCRETIONARY
VERANO-MOTORS D.O.O.,NOT RELEVANT
GROUP KAPPA STAR,MATERIALS
PIK 7 JULI AD DEBRC,CONSUMER STAPLES
YUBE DOO POZEGA,CONSUMER STAPLES
LORA COMPANY DOO KRNJESEVCI,NOT RELEVANT
SIMPO - PRZAR DOO,CONSUMER DISCRETIONARY
VALKIRA DOO,CONSUMER STAPLES
IMPACT BEL DOO KOVIN,NOT RELEVANT
VOJVODINA PUT BACKA PUT A.D. NOVI,INDUSTRIALS
BG PROPERTY DOO BEOGRAD   - U PRIN,NOT RELEVANT
HYUNDAI AUTO DOO BEOGRAD - U STECA,CONSUMER DISCRETIONARY
ISOMAT DOO SIMANOVCI,MATERIALS
PHARMAS DOO BEOGRAD,HEALTH CARE
BIFTEK RADOJEVI¿ MILOS PR NIS,CONSUMER STAPLES
DARZAL KOMERC DOO BEOCIN,CONSUMER DISCRETIONARY
UNIJAPAK DOO NIS,CONSUMER STAPLES
AUTOSTOP INTERIORS DOO LESKOVAC,CONSUMER DISCRETIONARY
M&J TRADE DOO,CONSUMER STAPLES
BASF SRBIJA D.O.O.,MATERIALS
CONSTRUCT INVEST DOO BEOGRAD,INDUSTRIALS
VIA VOSTOK DOO CACAK,INDUSTRIALS
ELIXIR CRAFT DOO,MATERIALS
NEIMAR PROJEKT DOO NIS- U STECAJU,INDUSTRIALS
PERI OPLATE DOO SIMANOVCI,INDUSTRIALS
NIKSAN D.O.O. NOVA PAZOVA,MATERIALS
DIMOCO SERBIA - U LIKVIDACIJI,INFORMATION TECHNOLOGY
DOO KONDOR AS VRNJACKA BANJA,CONSUMER DISCRETIONARY
MENTA DISTRIBUCIJA DOO CACAK - U S,CONSUMER STAPLES
ARGO DOO,NOT RELEVANT
SUBGROUP MAC DONDON,CONSUMER STAPLES
PREDUZECE WINNERS-PRODUCTS DOO DUB,CONSUMER STAPLES
SKY EXPRESS DOO BEOGRAD,INFORMATION TECHNOLOGY
ALEKSANDAR DOO NOVI SAD,NOT RELEVANT
TAGOR EMS DOO NIS,INFORMATION TECHNOLOGY
BEOROL DOO BEOGRAD,MATERIALS
RADUN AVIA DOO NOVI SAD,CONSUMER DISCRETIONARY
group green city international,INDUSTRIALS
SAMALD-ANATEKS-COMERC DOO,CONSUMER STAPLES
JP SRBIJAGAS NOVI SAD,UTILITIES
MAKSI SILOSI D.O.O. MALO CRNICE,CONSUMER STAPLES
PREDUZECE ZA INFORMATIKU,INFORMATION TECHNOLOGY
DONAUCHEM D.O.O.,MATERIALS
group institut mihajlo pupin,INDUSTRIALS
IZOTERM PLAMA DOO INDIJA,MATERIALS
AXEREAL SERBIA DOO,CONSUMER STAPLES
NICIFOROVIC L&M DOO VINCA,MATERIALS
JKP STANDARD SID,INDUSTRIALS
DOT NETWORKS,INFORMATION TECHNOLOGY
COMBIS-IT USLUGE,INFORMATION TECHNOLOGY
GROUP NAFTAcHEM,INDUSTRIALS
BEZISTAN CENTAR,REAL ESTATE
"PREDUZECE ZA PROIZVODNJU,TRGOVINU,",INDUSTRIALS
MOVE ONE RELOCATIONS DOO BEOGRAD,NOT RELEVANT
LOVRIC COMPANY DOO,INDUSTRIALS
LILLY FOOD DOO,NOT RELEVANT
URADI SAM DOO BEOGRAD,NOT RELEVANT
KONSING DOO,INDUSTRIALS
ADRIATIC MINORITYCO 003 D.O.O. BEO,CONSUMER STAPLES
VELEMAJSTOR TRGOVINE,INDUSTRIALS
VRSACKI VINOGRADI AD VINOGRADARSTVA,CONSUMER STAPLES
GALLAHER  DOO BEOGRAD - U LIKVIDAC,NOT RELEVANT
FEP DOO,INDUSTRIALS
CENTAR FAKTOR DOO - U PRINUDNOJ LI,REAL ESTATE
C.M.C. GRAMAX DOO ARANDELOVAC,INDUSTRIALS
DANUBE FOODS DOO,CONSUMER STAPLES
SCP DOO BEOGRAD,MATERIALS
ATB SEVER DOO,INDUSTRIALS
NELT CO. DOO BEOGRAD,CONSUMER STAPLES
KONCERN BAMBI A.D. POZAREVAC,CONSUMER STAPLES
KLAS 025,CONSUMER STAPLES
DRUSTVO SA OGRANICENOM,INFORMATION TECHNOLOGY
MATIJASEVIC VINOGRADI,CONSUMER STAPLES
DS SMITH INOS PAPIR SERVIS DOO,INDUSTRIALS
DELTA MOTORS DOO,CONSUMER DISCRETIONARY
BRAND DISTRIBUTION MARKET DOO,CONSUMER DISCRETIONARY
VADERSTAD DOO,INDUSTRIALS
SILBO LOGISTICS DOO BEOGRAD,INDUSTRIALS
PREDSTAVNISTVO PHARMAZEUTISCHE FABR,HEALTH CARE
SVETLOST DOO NIS,CONSUMER DISCRETIONARY
PREDUZECE FRIKOS DOO BEOGRAD - ZEM,CONSUMER STAPLES
BERICAP DOO,NOT RELEVANT
CERAGON DOO BEOGRAD - U LIKVIDACIJ,INFORMATION TECHNOLOGY
WURTH DRUSTVO SA OGRANICENOM,MATERIALS
PP FEKETIC DOO SOMBOR,NOT RELEVANT
KOPRODUKT AD NOVI SAD,NOT RELEVANT
DIREKTNA TRGOVINA DOO BEOGRAD - U,CONSUMER STAPLES
NATURA TRANSIT DOO LOZNICA,MATERIALS
GENEL,REAL ESTATE
INTER-EXPORT DOO BEOGRAD - U STECA,NOT RELEVANT
INTERGRADNJA COOP DOO,INDUSTRIALS
EKOSTAR PAK DOO BEOGRAD,INDUSTRIALS
WORLD GLASS DOO KRAgUJEVAC,INDUSTRIALS
LTD LOGISTIC DOO CACAK LJUBIC,INDUSTRIALS
MBOX TERMINALS DOO BEOGRAD,INDUSTRIALS
GIA DOO BEOGRAD,INDUSTRIALS
ECCO FOOTWEAR DOO,CONSUMER DISCRETIONARY
CENTAR ZA NESTALU I ZLOSTAVLJANU D,INDUSTRIALS
AGROVOJVODINA AUTOUNIVERZAL DOO N,INDUSTRIALS
APOTEKARSKA USTANOVA TG-PHARMA,CONSUMER STAPLES
LAYHER,INDUSTRIALS
AMREST D.O.O.,CONSUMER DISCRETIONARY
MMC-MIKROS MOBILE CENTAR DOO,INDUSTRIALS
PREDUZECE ZA PROIZVODNJU PVC PROZOR,MATERIALS
VELAS DOO BEOGRAD - U STECAJU,CONSUMER DISCRETIONARY
AGROBALKAN DOO,NOT RELEVANT
VELEFARM MEDICINA PRODAJA,NOT RELEVANT
STARION DOO BEOGRAD,NOT RELEVANT
JUGOTEHNIKA AD NIS,CONSUMER DISCRETIONARY
MAXI BULLS DOO DERONJE,CONSUMER STAPLES
"STANA MIHAJLOVIC PREDUZETNIK, MIHA",CONSUMER DISCRETIONARY
DOO JUGOINSPEKT-NOVI SAD NOVI SAD,INDUSTRIALS
OGRANAK YOKOGAWA EUROPE BRANCHES,INDUSTRIALS
KVIKI MARKET ALEKSANDAR SAVIC PR,CONSUMER STAPLES
ASTERFARM DOO BEOGRAD,HEALTH CARE
DOO LIDER TRANSPORT MEDJUNARODNI I,INDUSTRIALS
REHAU DOO,INDUSTRIALS
VITAMIN DOO HORGOS,CONSUMER STAPLES
OPTIMUM DOO SMEDEREVSKA PALANKA,MATERIALS
ENERGY CONSTRUCTION DOO SABAC,INDUSTRIALS
TOMSIN DOO SABAC,MATERIALS
REPRESENT DOO BEOGRAD,COMMUNICATIONS
SIEMENS GAMESA RENEWABLE ENERGY D.,UTILITIES
RESA LOGISTIC,REAL ESTATE
ANMANIS D.O.O.,CONSUMER STAPLES
DOO COMRAD NOVI SAD,INDUSTRIALS
PUREFERT BALKANS D.O.O.,INDUSTRIALS
CALIBRO DOO TOPOLA,CONSUMER STAPLES
PREDUZECE HIDROPROJEKAT-SAOBRACAJ,INDUSTRIALS
OZZ LESKA DOBRIC,CONSUMER STAPLES
NOKS NJ DOO BEOGRAD,INDUSTRIALS
JEDINSTVO-METALOGRADNJA AD SEVOJNO,INDUSTRIALS
ELDISY SERBIA D.O.O. CACAK,CONSUMER DISCRETIONARY
LUGANO TRADE DOO,INDUSTRIALS
PARACINKA DOO PARACIN,CONSUMER STAPLES
HRASTOVACA DOO POZAREVAC,CONSUMER STAPLES
GROUP PUTEVI UZICE,INDUSTRIALS
LJUBISAVLJEVIC DOO VRANJE - U STEC,CONSUMER STAPLES
IMPEL DOO ZRENJANIN,CONSUMER DISCRETIONARY
LAGERMAX ELITTE DOO SIBNICA-REKOVA,INDUSTRIALS
Subgroup Victoria,CONSUMER STAPLES
GROUP PLANINKA DOO,CONSUMER STAPLES
BAH-PAK-CENTAR SUZANA STANKOVIC PR,CONSUMER STAPLES
VALMEKS OOD,MATERIALS
OMEGA-PROFEKS DOO LOZNICA,CONSUMER DISCRETIONARY
MD INTERNATIONAL DOO BEOGRAD,CONSUMER STAPLES
SERBIAN BUSINESS SYSTEMS DOO BEOGR,INFORMATION TECHNOLOGY
JUGOTRADE DOO BEOGRAD,INDUSTRIALS
ENERGY STAR INTERNATIONAL DOO,CONSUMER STAPLES
BAHUS DOO,CONSUMER STAPLES
YUCO HEMIJA DOO BACKI JARAK,MATERIALS
ADRIATIC DISTRIBUTION,HEALTH CARE
2. MAJ KRAN DOO,INDUSTRIALS
STARAGENT PLUS,REAL ESTATE
GROUP BLUE STORE,CONSUMER DISCRETIONARY
TRGOKOMERC EXPORT-IMPORT DOO,INDUSTRIALS
SUBGROUP ATRIKOD,INDUSTRIALS
VAZDUHOPLOVNI SAVEZ SRBIJE,CONSUMER DISCRETIONARY
EXPERT STIL DOO LESKOVAC,CONSUMER DISCRETIONARY
EUROMES PLUS DOO,NOT RELEVANT
ADRENALIN DOO BEOGRAD,CONSUMER DISCRETIONARY
MAJDAN LUKS D.O.O.,CONSUMER DISCRETIONARY
TRADING TEAM DOO NOVI SAD,CONSUMER STAPLES
KLACSKA JUGOSLAVIJA DOO BEOGRAD,INDUSTRIALS
ELIXIR FRUIT DOO - U LIKVIDACIJI,CONSUMER STAPLES
MEGA TABAK D.O.O.,NOT RELEVANT
EXIM-COMMERCE DOO PALIC,INDUSTRIALS
PROJEKTOMONTAZA D.O.O. BEOGRAD,REAL ESTATE
KASTOR DOO JAGODINA,CONSUMER DISCRETIONARY
ERNST & YOUNG DOO BEOGRAD,INDUSTRIALS
DIAHEM GRAMIM DOO BEOGRAD,HEALTH CARE
DIGITAL PRINTING CENTER DOO BEOGRA,COMMUNICATIONS
CBRE GWS,REAL ESTATE
NISKOGRADNJA AD NIS,INDUSTRIALS
MG GROUP HR SERVICES,INDUSTRIALS
INSTITUT ZA KUKURUZ ZEMUN POLJE,NOT RELEVANT
GROUP ZIDAR,CONSUMER DISCRETIONARY
BETON PLUS D.O.O.,MATERIALS
SLUZBENI GLASNIK,CONSUMER DISCRETIONARY
E SEARCH D O O  BEOGRAD,INDUSTRIALS
VISNJICA RESTORANI DOO BEOGRAD,CONSUMER DISCRETIONARY
GRADSKI ZAVOD ZA VESTACENJA,INDUSTRIALS
LAT NITROGEN,MATERIALS
CREMA GEL,CONSUMER DISCRETIONARY
ELIXIR PRAHOVO DOO,MATERIALS
PULSE OFFICE DOO NOVA PAZOVA,CONSUMER DISCRETIONARY
SIGNAL DOO SOMBOR,INDUSTRIALS
JUGO-KAOLIN DOO ZAJECAR,MATERIALS
GEODIS SCO DOO,INDUSTRIALS
GAS LIDER,INDUSTRIALS
SERBIA ZIJIN COPPER DOO,MATERIALS
PTP TRANSKOM DOO SABAC,CONSUMER STAPLES
DOO KS-SAFETY SHOES,CONSUMER DISCRETIONARY
ENERGREEN MTB DOO,INDUSTRIALS
ALO MEDIA SYSTEM DOO BEOGRAD,COMMUNICATIONS
GROUP IVKOVIC,CONSUMER DISCRETIONARY
TEHNOUNION ENERGY,INDUSTRIALS
EKO UNIJA SN DOO BEOGRAD,INDUSTRIALS
AL DAHRA SRBIJA DOO PADINSKA SKELA,INDUSTRIALS
HERZ ARMATUREN DOO NOVA PAZOVA,INDUSTRIALS
UNL GROUP DOO BEOGRAD,INDUSTRIALS
"NUTRIKO DOO, VRANJE",CONSUMER STAPLES
GROUP VOJPUT,INDUSTRIALS
SHANDONG FOREIGN ECONOMIC & TECHNI,INDUSTRIALS
EKO PRODUKT 2002 PREDUZECE ZA UNUTR,NOT RELEVANT
LODIS LOGISTIKA d.o.o. Simanovci,INDUSTRIALS
MP VELIKA MORAVA DOO,INDUSTRIALS
KONDOR DOO SMEDEREVO,MATERIALS
CIGLANA AD TITEL,MATERIALS
BANAT AD - U STECAJU,NOT RELEVANT
JKP CISTOCA I ZELENILO SA POTPUNOM,INDUSTRIALS
UNION MZ,CONSUMER STAPLES
OTVORENI UNIVERZITET DOO SUBOTICA,NOT RELEVANT
TENEN FARM DOO,CONSUMER STAPLES
JOTER DOO KRUSEVAC,INDUSTRIALS
ZIKICA (MIODRAG) LAZIC,CONSUMER STAPLES
SIEMENS MOBILITY DOO CEROVAC,INDUSTRIALS
JUNGIC RECYCLING DOO,INDUSTRIALS
PIRAMIDA-NIT DOO,CONSUMER STAPLES
SOLAJA-BETON DOO,MATERIALS
ENERGO - PET DOO BEOGRAD,MATERIALS
PAKOM COMPUTERS D.O.O.,INFORMATION TECHNOLOGY
ALLTECH SERBIA D.O.O.,CONSUMER STAPLES
ZITOKOMERC DOO SOMBOR,CONSUMER STAPLES
EZPADA DOO BEOGRAD,UTILITIES
EUROPA TRAVEL DOO VALJEVO,CONSUMER DISCRETIONARY
ALBAFER TRADE DOO,INDUSTRIALS
REPOL D.O.O. VALJEVO,INDUSTRIALS
NG-SYSTEM DOO KRALJEVO,CONSUMER DISCRETIONARY
DOO MIVEX CACAK,CONSUMER STAPLES
INTEGRA AGRO,MATERIALS
ELCOM TRADE DOO BEOGRAD,CONSUMER DISCRETIONARY
PIZZAGRAM D.O.O. BEOGRAD-VRACAR,CONSUMER DISCRETIONARY
GRADINA DOO BEOGRAD,INDUSTRIALS
GROUP EURO GAS,INDUSTRIALS
HV PARTNER DOO MALA BOSNA - U STEC,CONSUMER STAPLES
BETA UNION DOO BEOGRAD,INDUSTRIALS
ALEX E&C DOO BEOGRAD,INDUSTRIALS
KOVINTRADE  DOO BEOGRAD,INDUSTRIALS
DARKOM DOO BEOGRAD,INDUSTRIALS
GROUP BEOINOX,CONSUMER STAPLES
SPEKTAR DOO,MATERIALS
TIM-PHARMA DOO SABAC,REAL ESTATE
ARHIKOM,INDUSTRIALS
AZOTARA DOO SUBOTICA - U STECAJU,MATERIALS
NIKOLA DOO POZAREVAC,NOT RELEVANT
IB TEAM DOO BEOGRAD - U PRINUDNOJ,CONSUMER STAPLES
IMPERIAL GRADNJA DOO BEOGRAD,CONSUMER DISCRETIONARY
BZ DOO NOVI SAD,INDUSTRIALS
KRYOOPREMA DOO PANCEVO,MATERIALS
GENERALIMPEX D.O.O.,NOT RELEVANT
JKP PARKING SERVIS NIS,INDUSTRIALS
NETWORK FOR TRADING - U STECAJU,UTILITIES
VICTORIA LOGISTIC DOO,CONSUMER STAPLES
GROUP ESENSA,HEALTH CARE
PERTINI TOYS DOO BEOGRAD (VRACAR),CONSUMER DISCRETIONARY
KAMEN I PESAK,MATERIALS
TOMAS & RAY DOO BEOGRAD,CONSUMER STAPLES
KIMBCO DOO BEOGRAD,CONSUMER STAPLES
APOTEKARSKA USTANOVA LILLY DROGERI,CONSUMER STAPLES
MEDIUS PLUS DOO STARA PAZOVA,CONSUMER STAPLES
SUBGROUP BEL MEDIC,HEALTH CARE
ALLUCENT DOO,HEALTH CARE
AGRIMATCO NOVI SAD,MATERIALS
WORLD BEST BRANDS DOO,CONSUMER DISCRETIONARY
TRGOCENTAR  DOO BEOGRAD,CONSUMER STAPLES
ATLANTIC STARK D.O.O.,CONSUMER STAPLES
SIROGOJNO CO DOO SIROGOJNO,CONSUMER STAPLES
THRACE PLASTICS PACKAGING,MATERIALS
ALUPLAST BGD DOO BEOGRAD (ZEMUN),INDUSTRIALS
VIR IMPEX DOO BEOGRAD,INDUSTRIALS
ALLEGRA-KRSTARENJA DOO,CONSUMER DISCRETIONARY
BETA COOP 2021 DOO GOLUBINCI,CONSUMER STAPLES
JUGOTREJD DOO ARILJE,CONSUMER STAPLES
ALPHA IMAGING DOO,HEALTH CARE
Javno preduzece PTT,INDUSTRIALS
PALMA STR LUCAR MILADIN PR NOVI SA,CONSUMER STAPLES
METALIK CO DOO SABAC,MATERIALS
PAN-ALKO PROMET DOO KULA,NOT RELEVANT
PEKARSKA INDUSTRIJA AD PANCEVO,NOT RELEVANT
WORLDWIDE CLINICAL TRIALS,HEALTH CARE
D PLUS PROIZVODNJA I DISTRIBUCIJA,CONSUMER STAPLES
"LAVERA  D.O.O. ZA PROIZVODNJU,PROME",CONSUMER STAPLES
PARKIC,CONSUMER STAPLES
KLINGSPOR DOO BEOGRAD,INDUSTRIALS
GRA VET  DOO GRADJEVINSKO PREDUZECE,INDUSTRIALS
UNIPROMET DOO CACAK,INDUSTRIALS
K-RENT PROPERTY D.O.O.,REAL ESTATE
AGROSTADT,INDUSTRIALS
IVOX DOO SMEDEREVO,CONSUMER DISCRETIONARY
EURO MOTUS TRANSPORT d.o.o.,INDUSTRIALS
NIPPON EXPRESS (DEUTSCHLAND) GMBH,INDUSTRIALS
JMD 021 TRADE,CONSUMER DISCRETIONARY
DUNAVPREVOZ AD BACKA PALANKA,INDUSTRIALS
KITE,INDUSTRIALS
APOTEKARSKA USTANOVA OAZA ZDRAVLJA,CONSUMER STAPLES
SRBIJASUME JP BEOGRAD,MATERIALS
BRANTNER OTPADNA PRIVREDA DOO,INDUSTRIALS
"BWC POLIMERI DOO BACKA PALANKA, CE",MATERIALS
ARTOS DOO KOSJERIC,CONSUMER STAPLES
METPAK D.O.O.,INDUSTRIALS
GP STIG AD POZAREVAC,NOT RELEVANT
GENEKO SYSTEMS DOO BEOGRAD,NOT RELEVANT
KONC.FABRIKA VAGONA KRALJEVO AD- D,NOT RELEVANT
I.S.N. DOO SABAC - U STECAJU,CONSUMER DISCRETIONARY
M+W PROCESS ENGINEERING D.O.O. BEOG,INDUSTRIALS
INON DOO POZAREVAC,CONSUMER STAPLES
BEOBUS DOO BEOGRAD,INDUSTRIALS
FOND ZA RAZVOJ REPUBLIKE SRBIJE,NOT RELEVANT
GEN - I DOO BEOGRAD,UTILITIES
MEDIUS MESARA DOO NOVA PAZOVA,CONSUMER STAPLES
AL RAWAFED SRBIJA DOO,CONSUMER STAPLES
MIKOM D.O.O. KOMPANIJA ZA PROIZVODN,INDUSTRIALS
EUROIMPEX AUTOMOTIVE D.O.O.,CONSUMER DISCRETIONARY
HYGIENE PRO TEAM DOO BEOGRAD ,MATERIALS
KLETT DOO BEOGRAD,COMMUNICATIONS
DUNAV AUTO DOO BEOGRAD,INDUSTRIALS
AUTOPREVOZNIK MARKO JAGODIC PR UB,INDUSTRIALS
BEOKOLP DOO BEOGRAD,CONSUMER DISCRETIONARY
ISTVAN (ISTVAN) VERES,CONSUMER STAPLES
MEDJAS DOO,NOT RELEVANT
JKP VODOVOD LESKOVAC,UTILITIES
MPN PROMET D.O.O.,CONSUMER DISCRETIONARY
ZIVKOVIC DOO JAGODINA,NOT RELEVANT
METANOLSKO SIRCETNI KOMPLEKS AD,MATERIALS
COMPAIR SOUTH EAST,CONSUMER DISCRETIONARY
AUTOCENTAR PETROVIC DOO SABAC,CONSUMER DISCRETIONARY
GRAPPOLO GROUP DOO U PRINUDNOJ LI,INFORMATION TECHNOLOGY
TEXNI DOO BEOGRAD,INDUSTRIALS
PACORINI BEO DOO BEOGRAD - U LIKVI,INDUSTRIALS
MK Group and Sunoko,CONSUMER STAPLES
SAOBRACAJNO DRUSTVENO PREDUZECE ZA,INDUSTRIALS
HUBERGROUP SRBIJA D.O.O.,MATERIALS
LEON CONDITORS DOO VRANJE,CONSUMER STAPLES
TRANSFERA D.O.O.,INDUSTRIALS
RIDETECH RS DOO,INFORMATION TECHNOLOGY
GCR D.O.O. NOVI SAD,REAL ESTATE
AVISTA OIL D.O.O.,INDUSTRIALS
TOI TOI DOO BEOGRAD,INDUSTRIALS
BEXIM TRADING,CONSUMER DISCRETIONARY
DUMECO DOO  SURCIN,INDUSTRIALS
IZOBIT DOO BRCKO,ENERGY
EVROPA LEK PHARMA,HEALTH CARE
ATLANTIC GRAND DOO,CONSUMER STAPLES
TRANSPRODUKT-BUS PREVOZ DOO BEOGRA,INDUSTRIALS
TISA INDUSTRY DOO BEOGRAD,INDUSTRIALS
VIVA PELLET DOO KRALJEVO,MATERIALS
GROUP FICOSOTA,CONSUMER STAPLES
PRO-BEKOM DOO U STECAJU,CONSUMER STAPLES
INVENTIV HEALTH DOO,HEALTH CARE
HABIT PHARM - U STECAJU,HEALTH CARE
BOTUNJAC-DVA BRATA BACKI VINOGRADI,CONSUMER STAPLES
KALINEL D.O.O. VRANJE,CONSUMER DISCRETIONARY
DRUSTVO SA OGRANICENOM ODGOVORNOSCU,NOT RELEVANT
INVEJ AD BEOGRAD-ZEMUN,NOT RELEVANT
BALKANS REAL ESTATE,REAL ESTATE
TEHNOGAMA DOO SIMANOVCI,INDUSTRIALS
HANPUT-PLUS DOO,INDUSTRIALS
POLIMARK DOO BEOGRAD,CONSUMER STAPLES
GROUP EWE,INFORMATION TECHNOLOGY
BRAINEERING IT SOLUTIONS DOO B,INFORMATION TECHNOLOGY
POLJOPRIVREDNO DOBRO DMN,CONSUMER STAPLES
ST MEDICINA,HEALTH CARE
MEKONTA INVESTMENT GROUP DOO,REAL ESTATE
ATLAS SERVIS,INDUSTRIALS
WIZARD DOO,MATERIALS
NICOLA'S  DOO BEOGRAD,NOT RELEVANT
PANATIC SISTEM DOO BEOGRAD,NOT RELEVANT
SUBGROUP DENEZA M INZENJERING,INDUSTRIALS
"FK ""FC FORZA""",CONSUMER DISCRETIONARY
UTVA SILOSI AD KOVIN,MATERIALS
EMINENT WORLD WIDE DOO,CONSUMER DISCRETIONARY
EUROMEDIK POLIKLINIKA NATASA ZLATA,HEALTH CARE
DOO MDM INOX S BEOGRAD,INDUSTRIALS
TIPTEH D.O.O. BEOGRAD,INDUSTRIALS
GRANDE ADRIATIC FOOD DOO LESKOVAC,CONSUMER STAPLES
POLJOPRIVREDNA STRUCNA SLUZBA VRBAS,INDUSTRIALS
DOO ELMED TEMERIN,INDUSTRIALS
MICROTRI DOO BEOGRAD,MATERIALS
UNIVERZITET PRAVNI FAKULTET U NOVO,CONSUMER DISCRETIONARY
MCCANN DOO BEOGRAD,COMMUNICATIONS
EX ING B&P DOO BEOGRAD,INDUSTRIALS
TCK DOO KOSJERIC,MATERIALS
ELEVEN CONTROLS,INDUSTRIALS
KOZARA DOO BANAT. VELIKO SELO,CONSUMER STAPLES
PILLAR DOO,CONSUMER STAPLES
UNIVERZUM CIGLANA DOO ARANDELOVAC,NOT RELEVANT
GGE DOO,INDUSTRIALS
PUERTO SEGURO DOO,NOT RELEVANT
GROUP GOTY DOO,CONSUMER STAPLES
HABIT APOTEKE IVANJICA,NOT RELEVANT
SILVER LAKE INVESTMENT DOO,CONSUMER DISCRETIONARY
SUBGROUP HEMOFARM STADA ARZNEIMITT,HEALTH CARE
MONTERRA D.O.O. OGRANAK,INDUSTRIALS
ARTIST SISTEMS DOO BEOGRAD,CONSUMER DISCRETIONARY
EURO BRAVO DOO,INDUSTRIALS
PROMOBI SERVISNI CENTAR DOO BEOGRA,CONSUMER DISCRETIONARY
ISOPLUS DOO BEOGRAD,INDUSTRIALS
ORANICA DOO KRAGUJEVAC,CONSUMER STAPLES
FCC KIKINDA DOO,INDUSTRIALS
ZEMLJORADNICKA ZADRUGA BACEX BAC,CONSUMER STAPLES
CITY FACILITY DOO BEOGRAD,INDUSTRIALS
"PREDUZECE BOSKOVIC ADS DOO POZEGA,",INDUSTRIALS
"MORAVCEVIC, VOJNOVIC I PARTNERI  A",INDUSTRIALS
BT PEGROTOUR DOO BEOGRAD (STARI GR,CONSUMER DISCRETIONARY
SAFE-INVEST DOO BEOGRAD - U STECAJ,NOT RELEVANT
CHEMMAX GRADNJA DOO BACKA PALANKA,NOT RELEVANT
AKCIONARSKO DRUSTVO MLEKARA SABAC,CONSUMER STAPLES
NISSAL DOO SREMSKA MITROVICA,MATERIALS
LICON DOO BEOGRAD,INDUSTRIALS
ALCA TRGOVINA DOO BEOGRAD-ZEMUN,CONSUMER STAPLES
VENERA BIKE D00 SUBOTICA,CONSUMER DISCRETIONARY
STRONG & UNIQUE  DOO SUBOTICA - U,NOT RELEVANT
TABLETE I KAPSULE TRADE DOO,HEALTH CARE
MLEKARA DOO PANCEVO,NOT RELEVANT
AXXON TRADING LTD DOO,CONSUMER DISCRETIONARY
INFINEON TECHNOLOGIES D.O.O.,INFORMATION TECHNOLOGY
SECUT DOO,INDUSTRIALS
BULIC CO DOO NOVA PAZOVA,INDUSTRIALS
WFC DOO,CONSUMER STAPLES
TECH MASTER DOO,CONSUMER STAPLES
ARMAX-BEO INVEST DOO,REAL ESTATE
TISACOOP DOO KANJIZA,CONSUMER STAPLES
C.I.A.K. AUTO,CONSUMER DISCRETIONARY
SCHRACK TECHNIK DOO BEOGRAD,INDUSTRIALS
STARI TAMIS DOO PANCEVO,CONSUMER STAPLES
SNE ENERGY DOO CACAK,INDUSTRIALS
CMANA DOO KRNJEVO,CONSUMER STAPLES
SSAB SWEDISH STEEL D.O.O. BEOGRAD,MATERIALS
ATB FOD,INDUSTRIALS
ERS HILL DOO,REAL ESTATE
PREDUZECE ZA PROFESIONALNU REHABILI,CONSUMER DISCRETIONARY
TIGAR TYRES DOO,CONSUMER DISCRETIONARY
DELTA AGRAR DOO,CONSUMER STAPLES
VENTING DOO BEOGRAD,CONSUMER DISCRETIONARY
MAGISTRALA A.D.,INDUSTRIALS
NOVEL DOO BEOGRAD (CUKARICA),CONSUMER DISCRETIONARY
MLINTEST DOO SID,CONSUMER STAPLES
APOLONIJA DOO BEOGRAD,CONSUMER DISCRETIONARY
MONICOM D.O.O.,ENERGY
CELTIS PRESS D.O.O.,CONSUMER DISCRETIONARY
PREDUZECE ZA POSREDNICKO KOMISIONE,INDUSTRIALS
MANPOWER BUSINESS SOLUTIONS DOO,INDUSTRIALS
BEO KERAMIKA DOO U STECAJU,NOT RELEVANT
DOO ROMA-AL STARA PAZOVA,CONSUMER STAPLES
PROZONE DOO NOVI SAD,INFORMATION TECHNOLOGY
METAL-PROM D.O.O.,MATERIALS
MINEL TRAFO DOO,NOT RELEVANT
NASA JABUKA DOO,CONSUMER STAPLES
MAGMA INTERNATIONAL - U STECAJU,NOT RELEVANT
220-B DOO BEOGRAD,CONSUMER DISCRETIONARY
PAPIR SERVIS DP D.O.O. KRUSEVAC,MATERIALS
UP STARI GRAD AD,CONSUMER DISCRETIONARY
VAIT DOO,CONSUMER STAPLES
STAMH DOO BEOGRAD,INDUSTRIALS
TIM AMIGA TRADE DOO,INDUSTRIALS
DRUSTVO OFY COMPANY DOO BEOGRAD,CONSUMER DISCRETIONARY
AKS AUTOMOTIVE DOO SABAC,CONSUMER DISCRETIONARY
INDAS DOO NOVI SAD,INDUSTRIALS
THYSSENKRUPP MATERIALS,MATERIALS
BEST AVENY DOO CACAK,REAL ESTATE
VIESSMANN DOO BEOGRAD,INDUSTRIALS
VODOPAN DOO VRANICI,INDUSTRIALS
SLOBODNA ZONA PIROT AD PIROT,INDUSTRIALS
NICOLL SYSTEM DOO TOPOLA,CONSUMER STAPLES
AUTOPREVOZNIK DEJAN RADOVANOVIC PR,INDUSTRIALS
OZZ ZUNJI-SILAK TEMERIN,CONSUMER STAPLES
DRUSTVO ZA PROIZVODNJU MINERAL,CONSUMER STAPLES
BG REKLAM DOO BARAJEVO,INDUSTRIALS
GROUP TANKMONT,INDUSTRIALS
METALNO DOO,INDUSTRIALS
HEMOVET - U STECAJU,NOT RELEVANT
A2B EJ TU BI LOGISTIKA DOO,INDUSTRIALS
USPON DOO CACAK,CONSUMER DISCRETIONARY
SL GROSS DOO BEOGRAD,NOT RELEVANT
PIN DOO MLADENOVAC,MATERIALS
SACO D.O.O.,NOT RELEVANT
EURO STEEL CENTER DOO,NOT RELEVANT
GROUP MK GROUP,CONSUMER STAPLES
KOKIR GRADNJA  D.O.O. BEOGRAD,NOT RELEVANT
PWW JAGODINA DOO,INDUSTRIALS
WOLT D.O.O.,CONSUMER DISCRETIONARY
GROUP ANSAL,INDUSTRIALS
HEP ENERGIJA DOO BEOGRAD,UTILITIES
SAVA KOVACEVIC DOO VRBAS,CONSUMER STAPLES
GREINER PACKAGING,MATERIALS
"MINAR FRUCHT DOO SLJIVOVO, ALEKSAN",CONSUMER STAPLES
CPS DOO BEOGRAD,MATERIALS
UNITED GROUP NETWORK INFRASTRUCTURE,COMMUNICATIONS
COMCEN DOO BEOGRAD-ZEMUN,CONSUMER STAPLES
MISACO DOO BEOGRAD,CONSUMER STAPLES
ARMABETON DOO BEOGRAD,MATERIALS
AG INSTITUT D.O.O. NOVI SAD,INDUSTRIALS
G.R.S. INZINJERING DOO BEOGRAD,CONSUMER DISCRETIONARY
SUBGROUP LUKOWA FOOD,CONSUMER STAPLES
PARTERNO1 DOO,REAL ESTATE
PORSCHE MOBILITY DOO,CONSUMER DISCRETIONARY
BORVERK DOO LAJKOVAC,NOT RELEVANT
MICK D.O.O.,INDUSTRIALS
TOREX CO DOO BEOGRAD - U STECAJU,CONSUMER DISCRETIONARY
GALEB GTE AD BEOGRAD,INFORMATION TECHNOLOGY
INGRAP GRADNJA DOO,NOT RELEVANT
GROUP UNITED DAIRY,NOT RELEVANT
IM TOPOLA DOO BACKA TOPOLA,NOT RELEVANT
DRINA LOGISTIX DOO BEOGRAD,INDUSTRIALS
EUROPOINT SYSTEMS DOO,INFORMATION TECHNOLOGY
GRADSKO SAOBRACAJNO PREDUZECE BEOGR,INDUSTRIALS
D EXPRESS DOO BEOGRAD,INDUSTRIALS
JKP TVRDJAVA BAC,UTILITIES
GROUP FASHION CO,CONSUMER DISCRETIONARY
PRIMEMED D.O.O.,HEALTH CARE
EX BC DOO BEOGRAD,INDUSTRIALS
PREDUZECE AUTOKUCA-RAJEVIC DOO ARI,CONSUMER DISCRETIONARY
ALPROS DOO BEOGRAD,CONSUMER DISCRETIONARY
KOLPA DOO ZRENJANIN,INDUSTRIALS
VEGA DOO VALJEVO,HEALTH CARE
MCS-SISTEM DOO POZEGA,INDUSTRIALS
BOZIC I SINOVI D.O.O.,INDUSTRIALS
LIMPLEX MONT DOO NOVI SLANKAMEN,INDUSTRIALS
OMYA VENCAC DOO,MATERIALS
CLIPS DK DOO NOVI SAD,CONSUMER DISCRETIONARY
DAYS IN COLOURS,CONSUMER STAPLES
FRIGOMAX DOO,INDUSTRIALS
RIM GROUP DOO BEOGRAD,CONSUMER STAPLES
BC-TRUCKS DOO,CONSUMER DISCRETIONARY
EUROBAU CONNECT AG DOO BEOGRAD,REAL ESTATE
AMASIS  DOO BEOGRAD,NOT RELEVANT
PREDUZECE ZA PROIZVODNJU I PROMET D,NOT RELEVANT
UNION KARIC DOO,CONSUMER DISCRETIONARY
DOO VOJVODINA STARCEVO,NOT RELEVANT
L DOO,FINANCIALS
TERMOVENT KOMERC DOO BEOGRAD,INDUSTRIALS
IVA SPED DOO,NOT RELEVANT
CHICK PROM DOO MALI IDOS,CONSUMER STAPLES
FIP GRMEC NOVOLINE DOO,NOT RELEVANT
GRAND MOTORS DOO BEOGRAD,CONSUMER DISCRETIONARY
"PTP ALBATROS MM DOO SID, CARA DUSA",CONSUMER STAPLES
ALL IP D.O.O.,COMMUNICATIONS
GRANEX COMPANY,CONSUMER STAPLES
SPAJZ DOO BEOGRAD,CONSUMER STAPLES
T-1 ABRAZIV DOO ADA,INDUSTRIALS
LJUBA INVEST - S.Z.T.R.,INDUSTRIALS
KRAFTIA SEE DOO,MATERIALS
GROUP DEUS SYSTEM,MATERIALS
YASENKA RS,HEALTH CARE
SR PROMETAL IVKOVIC VLADIMIR PR SO,INDUSTRIALS
RAPID RUMA,MATERIALS
ENERGY LTD DOO,INDUSTRIALS
DUDA INVEST DOO BEOGRAD,CONSUMER DISCRETIONARY
"DBA PROMET DOO ARILJE, CEROVA",CONSUMER STAPLES
GP BEST IZGRADNJA DOO NOVI SAD,INDUSTRIALS
KVJETKA (JANO) HEDJI,CONSUMER STAPLES
DM DROGERIE MARKT DOO BEOGRAD,CONSUMER STAPLES
SOPOT JP SOPOT,UTILITIES
INTERTRON DOO VRSAC,MATERIALS
ZITOPRERADA DOO BEOGRAD,NOT RELEVANT
PREDUZECE ZA PUTEVE VALJEVO AD,INDUSTRIALS
FOKUS OFFICE DOO BEOGRAD,INDUSTRIALS
AGRAR FM DOO NOVI SAD,CONSUMER STAPLES
TEHNOMOBIL PROTECH  DOO  NOVI SAD,INDUSTRIALS
STYLOS DOO NOVI SAD,INDUSTRIALS
PLANINKA AD KURSUMLIJA,CONSUMER STAPLES
CHILE KOMERC DOO BEOGRAD,CONSUMER STAPLES
STANISIC-AUDIT DOO BEOGRAD,INDUSTRIALS
OPSTA BOLNICA ACIBADEM BEL MEDIC,HEALTH CARE
RADIO S DOO BEOGRAD,COMMUNICATIONS
DODIC DOO VRANJE,CONSUMER DISCRETIONARY
TERMOMETAL D.O.O.,INDUSTRIALS
GALEB METALOPLASTIKA AD SABAC,MATERIALS
GROUP METALAC,CONSUMER DISCRETIONARY
NOTO-LOGISTIC DOO BEOGRAD ,INDUSTRIALS
OSTROG DOO BEOGRAD,INDUSTRIALS
KING ICT DOO BEOGRAD,INFORMATION TECHNOLOGY
KALMAN DOO BEOGRAD,REAL ESTATE
DUX TECH D.O.O.,INDUSTRIALS
K... G... FASHION DOO CACAK,CONSUMER DISCRETIONARY
NERA EX-IM DOO BEOGRAD ZEMUN,CONSUMER STAPLES
VALLETTA DOO - U STECAJU,CONSUMER STAPLES
STRELA TRANSPORT DOO,INDUSTRIALS
UNIVERSAL BRANDS DOO,CONSUMER STAPLES
GP YU KEOPS DOO KRALJEVO,INDUSTRIALS
SMARTCONF D.O.O. PIROT,CONSUMER DISCRETIONARY
JGSP NOVI SAD,NOT RELEVANT
UNIFIEDPOST SOLUTIONS D.O.O.,INFORMATION TECHNOLOGY
BORIS RADOVANOVIC PR CUSUM,CONSUMER DISCRETIONARY
GROUP EMINENT,CONSUMER DISCRETIONARY
TTK MASTERCAR DOO,INDUSTRIALS
BEXEXPRESS DOO,INDUSTRIALS
Subgroup Knjaz Milos,CONSUMER STAPLES
DOO KENS NOVI PAZAR,CONSUMER DISCRETIONARY
LAMELA PROMET DOO KRUSEVAC,CONSUMER STAPLES
EKSTRA-PET DOO BEOGRAD,MATERIALS
ALMA QUATTRO DOO BEOGRAD,COMMUNICATIONS
INVENTO FASHION DOO BEOGRAD,CONSUMER DISCRETIONARY
DANIJELA COMMERCE DOO PANCEVO,CONSUMER STAPLES
ARHIBET DOO DONJA VREZINA,MATERIALS
PEJIC TOURS DOO NOVI PAZAR,INDUSTRIALS
SPEED DOO,INDUSTRIALS
VALVE PROFIL DOO,INDUSTRIALS
DELIGHTED MINDS,REAL ESTATE
PHARMA FUTURA DOO NOVI SAD - U STE,NOT RELEVANT
DEWACO DOO,CONSUMER DISCRETIONARY
MANEKS DOO NOVI SAD,NOT RELEVANT
VITALGAS TECHNOLOGY DOO BEOGRAD,NOT RELEVANT
MB DYNAMIC AUTO PREDUZECE ZA UVOZ I,NOT RELEVANT
PARTNER INZINJERING DOO BEOGRAD,NOT RELEVANT
SUNAL D.O.O. NOVI SAD,MATERIALS
ENERGOGROUP DOO BEOGRAD,INDUSTRIALS
FONDA DOO BEOGRAD,CONSUMER DISCRETIONARY
FEMIC CO DOO BEOGRAD-SURCIN,CONSUMER STAPLES
GLOBAL BLUE D.O.O.,FINANCIALS
UNIVERZAL DOO NOVI SAD,CONSUMER DISCRETIONARY
FRAGMAT S DOO,INDUSTRIALS
SAVIC DOO SMEDEREVSKA PALANKA,MATERIALS
RADUN INZENJERING DOO,INDUSTRIALS
LTC DOO BEOGRAD,INDUSTRIALS
NICOLL CURTIN DOO,INDUSTRIALS
KLIMA M DOO BEOGRAD,INDUSTRIALS
NOACK & CO SOUTH EAST DOO NOVI SAD,CONSUMER STAPLES
SERBOTECNICA DOO ZIROVNICA,INDUSTRIALS
MAINSTREAM DOO BEOGRAD,INFORMATION TECHNOLOGY
PIRAMIDA 72 DOO,CONSUMER DISCRETIONARY
AGENA TECHNOLOGY DOO SIMANOVCI,NOT RELEVANT
VOCAR LUTKA DOO VELIKA ZUPA PRIJEP,NOT RELEVANT
STADLUX REALESTATE DOO,NOT RELEVANT
GROUP TAGOR ELEKTRONIK,INFORMATION TECHNOLOGY
TRGOVINA LILIC DOO,CONSUMER STAPLES
POTTKER DOO BACKA TOPOLA,CONSUMER DISCRETIONARY
MH RENT DOO BEOGRAD,REAL ESTATE
GROUP GRAND D,INDUSTRIALS
BALKAN POLYMERS DOO BEOGRAD,MATERIALS
JAF D.O.O. NOVA PAZOVA,MATERIALS
GREEN CITY INTERNATIONAL DOO,INDUSTRIALS
DUNIS D.O.O.,INDUSTRIALS
ITN  DOO BEOGRAD,CONSUMER STAPLES
"TRI O DOO ARANDELOVAC, BANJA",CONSUMER DISCRETIONARY
SLAVIAMED DOO BEOGRAD,HEALTH CARE
MPK TREJD DOO VALJEVO,MATERIALS
AKCIONARSKO DRUSTVO  NAPREDAK VELIK,NOT RELEVANT
INVEST-IMPORT A.D.,NOT RELEVANT
huntsman bv beograd,INDUSTRIALS
INTER-KOP DOO SABAC - U STECAJU,INDUSTRIALS
THE INTERNATIONAL SCHOOL OF BELGRA,CONSUMER DISCRETIONARY
MD KOMERC DOO VINORACA,CONSUMER STAPLES
GRADINA KAMENOLOM D.O.O.,MATERIALS
BONATTI DOO BEOGRAD,CONSUMER DISCRETIONARY
GROUP AVTERA,INFORMATION TECHNOLOGY
NEW PARK GROUP D.O.O.,NOT RELEVANT
VPD SREDNJI BANAT D.O.O. ZRENJANIN,INDUSTRIALS
M&M MILITZER & MUNCH TRANSPORT & ,INDUSTRIALS
GROUP FRIGLO,CONSUMER STAPLES
EUROPAK DOO STARI BANOVCI,CONSUMER STAPLES
KOMPRESOR AUTOLAND DOO BEOGRAD,CONSUMER DISCRETIONARY
DIPLON DOO,INDUSTRIALS
ZZ BRESTOVO - BACKI BRESTOVAC,CONSUMER STAPLES
"KLEEMANN LIFTOVI DOO, SIMANOVCI",INDUSTRIALS
EJ MODULAR SYSTEMS,INDUSTRIALS
HSH CHEMIE D.O.O.,MATERIALS
AERODROM KETERING DOO BEOGRAD,INDUSTRIALS
INPUT DOO BEOGRAD,INDUSTRIALS
IM MATIJEVIC DOO NOVI SAD,CONSUMER STAPLES
WARNER DOO SUBOTICA,CONSUMER DISCRETIONARY
ZELENI DRAGSTOR STR,CONSUMER STAPLES
PRVI MAJ AD CACAK,MATERIALS
DUZNIK STECAJNE MASE: UTC COMPANY,CONSUMER DISCRETIONARY
FABRIKA DECJE HRANE D.O.O.,CONSUMER STAPLES
PREDUZECE FRUTIVITA DOO STARA PAZO,CONSUMER STAPLES
FILI PILI DOO,CONSUMER STAPLES
UNIVERSAL MEDIA DOO BEOGRAD,CONSUMER DISCRETIONARY
SPIEGELFELD INTERNATIONAL DOO,NOT RELEVANT
DOO FORMAXSTORE NOVI SAD,CONSUMER DISCRETIONARY
TREF SPORT CO DOO BEOGRAD,CONSUMER DISCRETIONARY
GREEN LIFE AGRAR DOO CREPAJA,CONSUMER STAPLES
RADIJUS VEKTOR D.O.O. BEOGRAD,CONSUMER DISCRETIONARY
SUBGROUP PWW,INDUSTRIALS
MILOS KLINIKA,HEALTH CARE
SUBGROUP EKSTRA PET,MATERIALS
FRESENIUS MEDICAL CARE SRBIJA DOO,HEALTH CARE
FIMS DRUSTVO SA OGRANIzENOM ODGOVO,INDUSTRIALS
LESKO DOO POZAREVAC,CONSUMER STAPLES
BAKI DOO,CONSUMER DISCRETIONARY
EPTISA SOUTHEAST EUROPE DOO BEOGRA,INDUSTRIALS
MIKULAKOMERC DOO MIONICA,CONSUMER STAPLES
JOHNSON & JOHNSON D.O.O. OGRANAK U,CONSUMER STAPLES
ASP STRELA-OBRENOVAC DOO OBRENOVAC,INDUSTRIALS
IDEAL AUTO DOO NIS,CONSUMER DISCRETIONARY
SCHWARZMUELLER DOO DOBANOVCI,CONSUMER DISCRETIONARY
MONTESINO,INDUSTRIALS
MILORAD PANTIC PREDUZETNIK MINI MA,NOT RELEVANT
GANAR SHOP,CONSUMER DISCRETIONARY
CISTOCA JKP,INDUSTRIALS
PREDUZECE PODRAVKA DOO BEOGRAD,CONSUMER STAPLES
BEO LAB MIRJANA PETROVIC PR BEOGRA,HEALTH CARE
STELA DOO NOVI PAZAR,CONSUMER STAPLES
GRAFO NIN DOO,NOT RELEVANT
FROMM PAKOVANJE DOO BEOGRAD,INDUSTRIALS
PREDST.LAB. INNOTECH INTERN.,HEALTH CARE
SDT RENTING DOO DOBANOVCI,INDUSTRIALS
DOO GALA-PROMET KRALJEVO,CONSUMER STAPLES
GROUP MASTER FRIGO,CONSUMER STAPLES
GROUP NOVO PLUS,CONSUMER STAPLES
PANTRANSPORT DOO PANCEVO,INDUSTRIALS
DIMNICAR JKP SUBOTICA,INDUSTRIALS
ELIXIR FONDACIJA,INDUSTRIALS
N I Z -FENIX DOO GORNJI MILANOVAC,INDUSTRIALS
JAT-TEHNIKA DOO BEOGRAD,INDUSTRIALS
REVITA D.O.O.,CONSUMER STAPLES
GTP MEGA MONT DOO KRALJEVO,REAL ESTATE
KALMAN OMLADINSKA D.O.O.,REAL ESTATE
M & L INTERNATIONAL  DOO BEOGRAD,CONSUMER STAPLES
MEDICA LINEA PHARM DOO BEOGRAD,HEALTH CARE
GRANOS D.O.O.,CONSUMER STAPLES
MK COMMERCE DOO NOVI SAD,CONSUMER STAPLES
JAVOR MHM D.O.O. KUSICI,CONSUMER DISCRETIONARY
INTRAPROFIL DOO SMEDEREVO,NOT RELEVANT
UDRUZENJE NOVINARA SRBIJE,NOT RELEVANT
HIP-AZOTARA DOO,MATERIALS
HUTP BALKAN AD,CONSUMER DISCRETIONARY
PRIVREDNO DRUSTVO ALFA MONT DOO BE,INDUSTRIALS
MK GROUP DOO BEOGRAD,CONSUMER STAPLES
H&S FRUITS DOO ARILJE,CONSUMER STAPLES
SRC DOO BEOGRAD,INFORMATION TECHNOLOGY
GLACIER DOO SIMANOVCI,CONSUMER DISCRETIONARY
ANSAL STEEL,INDUSTRIALS
SPEED PETROL DOO,INDUSTRIALS
SANI ECO VITA D.O.O. LAZAREVAC,INDUSTRIALS
SONJA (GEORGIJE) SAMOLOVAC,CONSUMER STAPLES
EUROTELESITES D.O.O.,COMMUNICATIONS
KBV DATACOM D.O.O. BEOGRAD,INDUSTRIALS
GROUP AGROGLOBE,CONSUMER STAPLES
PET REPUBLIC VETERINARSKA APOTEKA,CONSUMER STAPLES
FRUEKO DOO NOVI SAD,CONSUMER STAPLES
NICEFOODS RESTORANI DOO BEOGRAD,CONSUMER DISCRETIONARY
ZITOPROMET-MLINPEK D.O.O. STARA PA,CONSUMER STAPLES
BIMAL TRADING D.O.O.,CONSUMER STAPLES
EUROPA BUS DOO VALJEVO,INDUSTRIALS
TRANSLY DOO BEOGRAD,INDUSTRIALS
KABLPROJEKT DOO,NOT RELEVANT
JUGPROM DOO BEOGRAD - U STECAJU,CONSUMER STAPLES
FENIKS PLUS DOO DESPOTOVAC,CONSUMER DISCRETIONARY
PLAST ZEMLJORADNICKA ZADRUGA,CONSUMER STAPLES
BATA-TRGOVINA - U STECAJU,NOT RELEVANT
W.E.G. TEHNOLOGY D.O.O.,CONSUMER DISCRETIONARY
SAS MONITORING DOO BEOGRAD,INDUSTRIALS
PNEUTECH DOO VRBAS,CONSUMER DISCRETIONARY
KERAMIKA JOVANOVIC,INDUSTRIALS
MACVANKA,CONSUMER STAPLES
DELIGHT,INDUSTRIALS
MORAVA DOO KRAGUJEVAC,CONSUMER STAPLES
NEOPLANTA DOO NOVI SAD,CONSUMER STAPLES
DOO EUROCONS GROUP VRSAC,INDUSTRIALS
MB STOVARISTE DOO,INDUSTRIALS
GROUP INTERFAST,INDUSTRIALS
AEGON DOO,REAL ESTATE
HEMPRO DOO BEOGRAD,REAL ESTATE
WEST BALKANS MACHINERY DOO BEOGRAD,INDUSTRIALS
MLEKARA EKO-MLEK DOO KAONIK,CONSUMER STAPLES
PERFOM,MATERIALS
PIN SOFT DOO NOVI SAD,CONSUMER DISCRETIONARY
MONA DOO BEOGRAD,CONSUMER DISCRETIONARY
DOO EUROPA-PROMET 2000 BAC,CONSUMER STAPLES
ATLAS AMBASADOR DOO BEOGRAD - U ST,CONSUMER DISCRETIONARY
ATP VOJVODINA AD NOVI SAD   U STECA,INDUSTRIALS
GP 200 - U STECAJU,CONSUMER DISCRETIONARY
AD VRENJE BEOGRAD - U STECAJU,CONSUMER STAPLES
IN SISTEM DOO BEOGRAD,CONSUMER STAPLES
SQUARE COIN,INFORMATION TECHNOLOGY
SET GREEN TECHNOLOGY D.O.O.,UTILITIES
PRIVREDNO DRUSTVO,MATERIALS
GRADATIN TIM DOO,INDUSTRIALS
GOC AD UGOSTITELJSKO PREDUZECE TRS,REAL ESTATE
VOJPUT DOO  SUBOTICA,INDUSTRIALS
ENTERIJER JANKOVIC DOO NOVI SAD,INDUSTRIALS
IMP-TELEKOMUNIKACIJE DOO BEOGRAD,INDUSTRIALS
GROUP DEKA INZENJERING,INDUSTRIALS
PRO KPI DOO BEOGRAD,HEALTH CARE
NITEA DOO BEOGRAD,INDUSTRIALS
DOO TRANS-TRADE KOSTIC CACAK,INDUSTRIALS
GAT DOO NOVI SAD,INDUSTRIALS
DOO MASSAGRAR NOVI SAD,CONSUMER STAPLES
FRIGOMAX SERVICE DOO JELENCA,INDUSTRIALS
A-MEDIA DOO BEOGRAD,NOT RELEVANT
VUJIC GRADNJA DOO,INDUSTRIALS
AUTOCENTAR ZDRAVKOVIC D.O.O. SVILA,CONSUMER DISCRETIONARY
DIRECT STEEL DOO DOBANOVCI,INDUSTRIALS
MINOR DOO,INDUSTRIALS
AD AUTO KUCA KOMPRESOR,CONSUMER DISCRETIONARY
POLITIKA NEWSPAPERS AND MAGAZINES P,CONSUMER DISCRETIONARY
FCC VRBAK DOO LAPOVO,INDUSTRIALS
ALEKSANDRA (MIODRAG) LAZIC,CONSUMER STAPLES
NOVI TRADING NS DOO ZMAJEVO,CONSUMER STAPLES
LESNINA S DOO BEOGRAD (NOVI BEOGRA,CONSUMER DISCRETIONARY
BC GROUP COMPUTERS D.O.O. BEOGRAD,CONSUMER DISCRETIONARY
JEZDIMIROVIC DOO LOZNICA,CONSUMER STAPLES
ACTIVE DESIGN,CONSUMER DISCRETIONARY
PREDUZECE RAJEVIC-PETROL DOO ARILJ,CONSUMER DISCRETIONARY
UNISYS DOO,CONSUMER STAPLES
BRANKO KNEZEVIC PR 2. MAJ,INDUSTRIALS
PAPERLESS DOO,INFORMATION TECHNOLOGY
INTER-AGRAR SRB DOO CENEJ,INDUSTRIALS
SHENCHI AUTOMOTIVE PARTS D.O.O.,CONSUMER DISCRETIONARY
BARLAN S&M DOO BEOGRAD,CONSUMER STAPLES
DRLJA 1967 DOO BACKA PALANKA,UTILITIES
BARD - KOP D.O.O.,INDUSTRIALS
SAMALD COMMERCE,NOT RELEVANT
GROUP MEGALIT,NOT RELEVANT
INSTITUT KIRILO SAVIC AD BEOGRAD -,NOT RELEVANT
PAN BEER DOO,NOT RELEVANT
TRGOVINSKO PREDUZECE NA VELIKO I MA,NOT RELEVANT
MASINAC DOO KRALJEVO,MATERIALS
GROUP SWISSLION,CONSUMER STAPLES
YUHOR D.O.O.,CONSUMER STAPLES
MEDIA PRO ART DOO BEOGRAD,REAL ESTATE
SWISSLION-TAKOVO D.O.O. BEOGRAD,CONSUMER STAPLES
VENDING DOO BEOGRAD,CONSUMER STAPLES
METECH DOO,INDUSTRIALS
METALAC PRINT DOO GORNJI MILANOVAC,MATERIALS
NAVIGATOR DOO NOVI SAD,INFORMATION TECHNOLOGY
TRON TLS DOO,INDUSTRIALS
GROUP CASA DI MODA,CONSUMER STAPLES
GP GREDA DOO VALJEVO,REAL ESTATE
GROUP GRAND TT,CONSUMER DISCRETIONARY
PREDUZECE VESIMPEX DOO BEOGRAD,INDUSTRIALS
PVC-LUK DOO VALJEVO,INDUSTRIALS
RODIC M&B TRANSPORT DOO NOVI SAD,NOT RELEVANT
METALOPROMET DOO KULA,INDUSTRIALS
MIDEX PROM DOO PANCEVO,CONSUMER STAPLES
MINEL ELEKTROOPREMA I POSTROJENJA D,INDUSTRIALS
PTP REKIC DOO NOVI BEOGRAD - U STE,CONSUMER STAPLES
BEOPANAX DOO,HEALTH CARE
BALKAN AGRO TEAM DOO NOVI SAD ,MATERIALS
ORION MARKET-STANKOVIC JOVAN PR,NOT RELEVANT
PREDUZECE ZA PROIZVODNJU PROMET I U,NOT RELEVANT
PLANETMED DOO BEOGRAD,REAL ESTATE
KAMENOLOM RAKOVAC DOO,MATERIALS
TEHNOGRAD INZENJERING,INDUSTRIALS
PREDUZECE ZA PROMET I USLUGE AGRANA,CONSUMER STAPLES
DTR-SPECIJALNA,HEALTH CARE
PAROCO MEDICAL EQUIPMENT DOO NOVI,HEALTH CARE
WEST PHARMACEUTICAL SERVICES BEOGR,HEALTH CARE
GEMAX DOO BEOGRAD,INDUSTRIALS
INO-PHARM DOO BEOGRAD,HEALTH CARE
MILSPED NEKRETNINE DOO STARA PAZOV,INDUSTRIALS
LIVNICA LJIG D.O.O. BEOGRAD,MATERIALS
ENMON DOO BEOGRAD,INDUSTRIALS
GROUP DIV TRADES,MATERIALS
GROUP SPEED BEOGRAD,INDUSTRIALS
COMES DOO BEOGRAD,MATERIALS
TEHNOCOMING,INDUSTRIALS
MEDICOM DOO SABAC,HEALTH CARE
NOFFZ-FORSTEH TECHNOLOGIES DOO,INFORMATION TECHNOLOGY
MPPD BRACA RUZIC DOO KLENJE,CONSUMER STAPLES
SISTEMI BAND DOO,INFORMATION TECHNOLOGY
QVATTRO COMPANY DOO BEOGRAD,CONSUMER STAPLES
BMC CONNECT DOO NOVI SAD,INDUSTRIALS
KOLOR,INDUSTRIALS
DERTOUR DOO,CONSUMER DISCRETIONARY
PIK BECEJ-BECEJKA BECEJ,CONSUMER STAPLES
TOP CASA D.O.O. BEOGRAD,CONSUMER DISCRETIONARY
ELEKTROTEHNA DOO BEOGRAD,MATERIALS
GROUP KODAR INZENJERING,INDUSTRIALS
KARIN KOMERC DOO,NOT RELEVANT
GRANIMPEKS DOO,CONSUMER STAPLES
KONICA MINOLTA POSLOVNA RESENJA SE,INDUSTRIALS
Group TowerCo Serbia,COMMUNICATIONS
GOLDEN ROSE D.O.O. KRAGUJEVAC - U,REAL ESTATE
ZRNO STIL DOO GORNJI MILANOVAC,CONSUMER DISCRETIONARY
INOTO MOTORS DOO,CONSUMER DISCRETIONARY
PETITE GENEVE-PETROVIC DOO BEOGRAD,CONSUMER DISCRETIONARY
SANI GROUP D.O.O. SABAC,CONSUMER DISCRETIONARY
STRABAG D.O.O.,INDUSTRIALS
LA FANTANA DOO BEOGRAD,CONSUMER STAPLES
LJILJANA (SREDOJE) VESKOV,CONSUMER STAPLES
HEMOFLUID A.D. KRUSEVAC,ENERGY
Subgroup Sopharma Srbija ,HEALTH CARE
INTERKOMERC AD BEOGRAD,CONSUMER STAPLES
RADIJATOR INZENJERING DOO,NOT RELEVANT
STAR SECER AD SENTA,NOT RELEVANT
JEEP COMERC D.O.O. - U STECAJU,NOT RELEVANT
SCANIA SRBIJA D.O.O.,CONSUMER DISCRETIONARY
KAMGRAD DOO SOMBOR,INDUSTRIALS
GROUP MILSPED DOO,INDUSTRIALS
LEDI MS VUJOVIC SLOBODAN PR,INDUSTRIALS
GROUP UNIFIEDPOST,INDUSTRIALS
HBIS GROUP SERBIA IRON & STEEL,MATERIALS
NPS D.O.O. BEOGRAD,INFORMATION TECHNOLOGY
GROUP East Point Holdings Ltd,MATERIALS
PNEUMASTER,CONSUMER DISCRETIONARY
DOO BENEXTRA SUBOTICA,INDUSTRIALS
CIMO COMPANY,CONSUMER DISCRETIONARY
NOVO NORDISK PHARMA DOO BEOGRAD,HEALTH CARE
ZDRAVLJE A.D. LESKOVAC,HEALTH CARE
DOO VREBALOV AGRAR NOVI BECEJ,CONSUMER STAPLES
SARA2009 DOO,CONSUMER STAPLES
SUBGROUP DRAGAN SAKAN,COMMUNICATIONS
PROFIAGRAR DOO NOVI SAD,INDUSTRIALS
NS KONCEPT DOO NOVI SAD,INFORMATION TECHNOLOGY
NOVA SUMADIJA DOO GROCKA,MATERIALS
H.T.P. PLAZA DOO BEOGRAD,CONSUMER DISCRETIONARY
DRUSTVO ROLLING-CO DOO KRAGUJEVAC,MATERIALS
SEME DOO BEOGRAD - U STECAJU,CONSUMER STAPLES
TEHNOSPED DOO,CONSUMER DISCRETIONARY
GROUP VAPEKS,NOT RELEVANT
AGROSEME AD SREMSKA MITROVICA,NOT RELEVANT
HENDI-TEL DOO BEOGRAD-U STECAJU,CONSUMER DISCRETIONARY
PREDUZECE ZA PUTEVE AD - U STECAJU,INDUSTRIALS
LASTRA DOO,NOT RELEVANT
KOVING DOO,INDUSTRIALS
DOO ARGENTA NOVI SAD,CONSUMER DISCRETIONARY
AS SPED DOO MLADENOVAC,NOT RELEVANT
GRAND INVESTMENT DOO BEOGRAD,CONSUMER DISCRETIONARY
TEHNOGRADNJA AD ZRENJANIN,NOT RELEVANT
NAPRED AD BEOGRAD,NOT RELEVANT
HENNLICH DOO BEOGRAD,INDUSTRIALS
INTERCHEM-HIM D.O.O.JAGODINA,MATERIALS
ZLATIBORSKI KONACI,REAL ESTATE
MK AGRICULTURE,CONSUMER STAPLES
predst.sandvik eood bulgaria,INDUSTRIALS
EMAKINA.RS DOO,INFORMATION TECHNOLOGY
KOLEKTOR ETRA  DOO BEOGRAD,INDUSTRIALS
NECA-TTPP D.O.O. PROKUPLJE,CONSUMER STAPLES
EXCLUSIVE NETWORKS DOO BEOGRAD-NOV,INFORMATION TECHNOLOGY
NS TIM TEHNIKA DOO SREMSKA KAMENIC,INDUSTRIALS
DOO EXLRT NOVI SAD,INFORMATION TECHNOLOGY
CREST DEVELOPMENT DOO BEOGRAD,REAL ESTATE
NAPREDAK STARA PAZOVA DOO,CONSUMER STAPLES
DS SMITH PACKAGING D.O.O. KRUSEVAC,MATERIALS
MINOX DOO BEOGRAD,INDUSTRIALS
ZGOP DOO NOVI SAD,INDUSTRIALS
AGROPLAST TIM DOO UB,CONSUMER STAPLES
SAN DOO KRALJEVO,CONSUMER STAPLES
GROUP HOLY,NOT RELEVANT
NOVENTIQ SERVICES DOO,INFORMATION TECHNOLOGY
AGROHEMIKA DOO BACKI PETROVAC,CONSUMER STAPLES
PIONIR PARACIN DOO BEOGRAD,NOT RELEVANT
VOLVO DOO,CONSUMER DISCRETIONARY
EUROPEAN NICKEL DOO BEOGRAD U LIKV,NOT RELEVANT
"HERZ DOO,PREDUZECE ZA PROIZVODNJU T",NOT RELEVANT
EUROSALON EAST DOO BEOGRAD,REAL ESTATE
KOMPANIJA RATKO MITROVIC AD BEOGRA,INDUSTRIALS
POLIKLINIKA BEO-LAB,HEALTH CARE
DOO ELAN S BACKA PALANKA,INDUSTRIALS
DONAU PARTNER D.O.O.,INDUSTRIALS
MAXIMA DOO LUCANI,MATERIALS
FISCHER PROFIL DOO,INDUSTRIALS
INNOVIA AGRO DOO NOVI SAD,CONSUMER STAPLES
"LUKENA-AUTO DOO BEOGRAD, ZEMUN",CONSUMER DISCRETIONARY
PREMIJUS,INDUSTRIALS
M.G.M. INZENJERING DOO BEOGRAD,INDUSTRIALS
MILJKOVIC V SILOSI,CONSUMER STAPLES
DESING DOO,CONSUMER STAPLES
IGEPA POLIKARBONATI D.O.O.,INDUSTRIALS
DOO PIONIR INTERNACIONAL NOVI SAD,CONSUMER DISCRETIONARY
PN AGROEKONOMIK DOO-U STECAJU,CONSUMER STAPLES
JKP KOMUNALIJE,INDUSTRIALS
ORION TELEKOM DOO BEOGRAD,COMMUNICATIONS
GORKI LIST DOO,CONSUMER STAPLES
EUROSALON,NOT RELEVANT
PREDUZECE ZA PUTEVE NIS AD NIS - U,INDUSTRIALS
RAIFFEISEN ASSISTANCE,FINANCIALS
IIS PHARMACEUTICAL DOO BEOGRAD-NOV,HEALTH CARE
EUROSALON LAND DOO BEOGRAD,REAL ESTATE
PINOLES DOO,MATERIALS
AUTO-GARANT DRUSTVO,CONSUMER DISCRETIONARY
EXPRESS TRANS DOO NOVI SAD,INDUSTRIALS
LETAC DOO INDIJA,INDUSTRIALS
LORENAPROM DOO LOZNICA,MATERIALS
"MACAK M & D DOO,SREMSKA MITROVICA",CONSUMER STAPLES
VIZIJA SPED DOO BEOGRAD,INDUSTRIALS
NATURA TOP DOO VELIKA KOPASNICA,CONSUMER STAPLES
Group Konsturktor Konsalting,INDUSTRIALS
HIGLO AD HLADNJACA HORGOS,CONSUMER STAPLES
GP KONAK APARTMANI DOO LAZAREVAC -,CONSUMER DISCRETIONARY
PSS INSTITUT TAMIS D.O.O.,HEALTH CARE
PACKSOL DOO,CONSUMER STAPLES
ALPOS - U STECAJU,NOT RELEVANT
OLIGARIS D.O.O.NOVI BEOGRAD,NOT RELEVANT
PREDUZECE LA VITA DISTRIBUTIVNI CE,CONSUMER STAPLES
GROUP GALENS,INDUSTRIALS
VAPEKS LINE DOO,NOT RELEVANT
AUTO KUCA MIKOM NOVI SAD,CONSUMER DISCRETIONARY
GROUP ARTINVEST,CONSUMER DISCRETIONARY
EKO BOX KONTEJNERI,INDUSTRIALS
CIP DOO PROKUPLJE,INDUSTRIALS
VIPOL D.O.O. NOVI SAD,INDUSTRIALS
DOO SAR-PROM VLASOTINCE,CONSUMER STAPLES
"BADEL 1862, VINA I ALKOHOLNA PICA",CONSUMER STAPLES
EKOTEHNIKA VILJUSKARI DOO VRCIN,INDUSTRIALS
GROUP ENERGY NET,INDUSTRIALS
MLEKARA KIKINDA,CONSUMER STAPLES
RP-TEHNOMETAL DOO  BEOGRAD,INDUSTRIALS
BAUMIT SERBIA DOO BEOGRAD,INDUSTRIALS
GROUP EKOTEHNIKA,INDUSTRIALS
"FRUCTUS DOO,BACKA PALANKA",CONSUMER STAPLES
TAHOGRAF BG,CONSUMER DISCRETIONARY
KARTEKS DOO BEOGRAD,MATERIALS
YURA CORPORATION DOO RACA,CONSUMER DISCRETIONARY
KWS SRBIJA DOO,CONSUMER STAPLES
GROUP DELTA,CONSUMER STAPLES
PARAGRAF LEX D O O  SREMSKA KAMENIC,COMMUNICATIONS
JOVANOVIC PLAST DOO,REAL ESTATE
DIMA DOO,NOT RELEVANT
LEX CONFIDARE D.O.O. NOVI SAD,INDUSTRIALS
ELEKTROMEDICINA AD NIS,HEALTH CARE
HEMOFARM AD VRSAC PREDSTAVNISTVO U,CONSUMER DISCRETIONARY
SDT GROUP D.O.O. BEOGRAD,CONSUMER DISCRETIONARY
GROUP TEKIJANKA,CONSUMER STAPLES
GEOSONDA-FUNDIRANJE DOO BEOGRAD,INDUSTRIALS
SOJAPROTEIN DOO BECEJ,CONSUMER STAPLES
RESOURCE PRO D.O.O.,INDUSTRIALS
GROUP TELEKOM SRBIJA,COMMUNICATIONS
HOLLIDAY DOO SABAC,CONSUMER DISCRETIONARY
JKP KOMUNALNE USLUGE ALEKSINAC,INDUSTRIALS
SOPHARMA TRADING DOO,HEALTH CARE
TAMAS (ISTVAN) MUNKAS,CONSUMER STAPLES
MEDIA HOUSE DOO BEOGRAD,COMMUNICATIONS
LOGISTIKA I TRANSPORT HEMIKALIJA D,MATERIALS
EUROTRANSPORT&CARGO DOO,INDUSTRIALS
VICTORIAOIL DOO SID,CONSUMER STAPLES
SWEET R-LINE 2013 DOO,INDUSTRIALS
KERAMIKA AD,INDUSTRIALS
SUBGROUP MONA,CONSUMER DISCRETIONARY
GROSSOPTIC DOO,HEALTH CARE
"MI-GAS INZENJERING DOO BEOGRAD, ZE",CONSUMER DISCRETIONARY
RTI DOO NOVI SAD,NOT RELEVANT
GROUP REFOT B,CONSUMER DISCRETIONARY
TIM SISTEM DOO NOVA PAZOVA,CONSUMER DISCRETIONARY
VICTORIA GROUP D.O.O. BEOGRAD,CONSUMER STAPLES
ALPOD DOO NOVI SAD,INDUSTRIALS
ENERGOPROJEKT ENERGODATA,INFORMATION TECHNOLOGY
ADECCO OUTSOURCING DOO BEOGRAD,INDUSTRIALS
ZLATIBOR-MEHANIZACIJA,INDUSTRIALS
ELIXIR FEED ADDITIVES DOO,CONSUMER STAPLES
NET AGRO,MATERIALS
VECAR VILJUSKARI D.O.O.,INDUSTRIALS
AUTO CENTAR STOJANOVIC DOO,CONSUMER DISCRETIONARY
MARMIL DOO PIROT,CONSUMER STAPLES
MARK-PLAST,CONSUMER DISCRETIONARY
P.V.F. TRADERS DOO SIMANOVCI,INDUSTRIALS
SUPERNOVA - MTK MANAGEMENT DOO,INDUSTRIALS
M & B TRANS COOP DOO,INDUSTRIALS
GEOCYCLE S D.O.O. BEOCIN,INDUSTRIALS
ELGRA VISION DOO UGRINOVCI,INDUSTRIALS
"EURO 07 D.O.O., BEOGRAD",CONSUMER DISCRETIONARY
HEMO-METAL DOO BEOGRAD,INDUSTRIALS
INSTITUT IMS AD BEOGRAD,INDUSTRIALS
KOLOR PRESS D.O.O. LAPOVO,INDUSTRIALS
DEKRA ZAPOSLJAVANJE DOO BEOGRAD,INDUSTRIALS
GUEVARA DOO BEOGRAD,CONSUMER DISCRETIONARY
"VIP CASA INVEST DOO BEOGRAD, USTAN",REAL ESTATE
EUCOM DOO BEOGRAD,MATERIALS
JUGOGRADNJA DOO BEOGRAD,INDUSTRIALS
TUBEIQ DOO,INFORMATION TECHNOLOGY
NSU RENT DOO NOVI SAD ,FINANCIALS
"ROBINS DOO, GLIBOVAC",CONSUMER STAPLES
ACP AUTOMOTIVE D O O SABAC,CONSUMER DISCRETIONARY
BAT VRANJE AD VRANJE,CONSUMER STAPLES
MAK TRADE GROUP D.O.O.,INDUSTRIALS
INIT AN GROUP BALKAN D.O.O. - U LI,INFORMATION TECHNOLOGY
DOO ZIDAR NEGOTIN,INDUSTRIALS
SPAJIC CO DOO SRPSKA CRNJA,CONSUMER STAPLES
DOO SULEX SOMBOR,INDUSTRIALS
BEOSINT DOO ZEMUN-BEOGRAD,INDUSTRIALS
UKUS AD PECINCI,CONSUMER STAPLES
VETAZ PRES DOO,CONSUMER STAPLES
UTP MORAVA DOO CACAK,CONSUMER DISCRETIONARY
WONDERLAND ITC D.O.O. BEOGRAD,CONSUMER STAPLES
KOLBIS DOO,NOT RELEVANT
DOO SLOVAS CACAK,MATERIALS
TITEL AGRO D.O.O.,CONSUMER STAPLES
SLAP GROUP-FABRIKA U CACKU AD BEOG,NOT RELEVANT
ZLATAR-PREVOZ SPR NOVA VAROS,INDUSTRIALS
DOO FARMEKS PANCEVO - U LIKVIDACIJ,HEALTH CARE
SUBGROUP MILSPED,INDUSTRIALS
NIPRO MEDICAL DOO BEOGRAD,HEALTH CARE
JAVNO PREDUZECE GOLD GONDOLA ,INDUSTRIALS
YANFENG SEATING D.O.O.,CONSUMER DISCRETIONARY
NERETVA-KOMERC DOO BEOGRAD,CONSUMER STAPLES
IMMO INDUSTRY - U STECAJU,NOT RELEVANT
COLORFACTORY BALKAN D.O.O.,CONSUMER DISCRETIONARY
DOO LITOPAPIR CACAK,MATERIALS
HT REAL ESTATE DOO NOVI SAD,REAL ESTATE
KEMOIMPEX GREEN DOO,INDUSTRIALS
TRIANGLE NBL DOO NOVI SAD,CONSUMER STAPLES
IP PROMET 2010 DOO,INDUSTRIALS
PAN-LEDI DOO PANCEVO,INDUSTRIALS
TOYOTA SRBIJA DOO,CONSUMER DISCRETIONARY
HEALTHCARE EUROPE DOO,CONSUMER DISCRETIONARY
BLUECAT NETWORKS D.O.O.,INFORMATION TECHNOLOGY
BIN COMMERCE DOO BEOGRAD,MATERIALS
MCDX D.O.O. BEOGRAD-CUKARICA,CONSUMER STAPLES
GROUP RUBIKON SHIPPING COMPANY DOO,INDUSTRIALS
ITALIANA SALOTTI DOO VRANJSKA BANJ,NOT RELEVANT
ALFA DIGITAL PREDUZECE ZA PROIZVODN,INDUSTRIALS
PREDUZECE TEHNICOM CONSTRUCTION DO,CONSUMER DISCRETIONARY
ANTIC D.O.O. CUPRIJA U STECAJU,NOT RELEVANT
HELLA KGAA HUECK & CO PREDSTAVNISTV,CONSUMER DISCRETIONARY
PRICEWATERHOUSECOOPERS CONSULTING,INDUSTRIALS
"PREDUZECE ZA PROIZVODNJU, USLUGE I",NOT RELEVANT
HALKUM DOO,NOT RELEVANT
SUBGROUP TELEGROUP SRBIJA,INFORMATION TECHNOLOGY
STANDARD SERBIA DOO NOVI SAD,CONSUMER DISCRETIONARY
SIMACEK SRB DOO BEOGRAD - U LIKVID,INDUSTRIALS
JKP VODOVOD SID  ,UTILITIES
Danube Foods Group B.V.,CONSUMER STAPLES
RAVANGRAD ZEMLJORADNICKA ZADRUGA S,CONSUMER STAPLES
DOMAL INZENJERING DOO BEOGRAD,MATERIALS
MYRANOVA D O O,CONSUMER DISCRETIONARY
KOMBINOVANI PREVOZ DOO,INDUSTRIALS
STADLER POLSKA SP.ZO.O. OGRANAK BE,INDUSTRIALS
CENTRALNI REGISTAR HOV AD BEOGRAD,INDUSTRIALS
KNAUF INSULATION DOO BEOGRAD,MATERIALS
DELTA HOLDING D.O.O.,INDUSTRIALS
PSI CRO DOO BEOGRAD,INDUSTRIALS
MS METAL-SISTEM DOO CVETKE KRALJEVO,NOT RELEVANT
DVA EN DOO BEOGRAD,CONSUMER DISCRETIONARY
FRAD FILTERI AD ALEKSINAC,NOT RELEVANT
TECHNOLUB DOO BEOGRAD,CONSUMER DISCRETIONARY
OSRAM DOO,INDUSTRIALS
D.C. SUPPORT DOO PANCEVO,CONSUMER STAPLES
DOBERGARD DOO BEOGRAD,INDUSTRIALS
KYNETEC DOO BEOGRAD,INDUSTRIALS
DOO NT-BOLERO CACAK,CONSUMER STAPLES
AUTO - MIRKOS DOO POZAREVAC,CONSUMER DISCRETIONARY
GRAFOLIT S,MATERIALS
GROUP POLIMARK,CONSUMER STAPLES
DOBRA FARMA D.O.O. BELA CRKVA,CONSUMER STAPLES
TRGOMETAL DOO BEOGRAD,INDUSTRIALS
ALEXANDRA (ONDREJ) HEDJI,CONSUMER STAPLES
EXECUTIVE GROUP,COMMUNICATIONS
UNITED MEDIA PRODUCTION DOO BEOGRA,COMMUNICATIONS
FREYSSINET SRBIJA DOO,INDUSTRIALS
DAVID PAJIC DAKA D.O.O.,INDUSTRIALS
TETRA PAK PRODUCTION  DOO BEOGRAD,MATERIALS
DILTON DOO BEOGRAD - U PRINUDNOJ L,COMMUNICATIONS
NIKOM-AUTO DOO,CONSUMER DISCRETIONARY
DIJAMANT A.D. ZRENJANIN,CONSUMER STAPLES
PRIVREDNO DRUSTVO ARGOS EMPORIO GR,INDUSTRIALS
KIKINDSKA INDUSTRIJA MLEKA DOO,CONSUMER STAPLES
G.A.M.A. DOO NOVI SAD,CONSUMER DISCRETIONARY
BIOLOSKI FAKULTET UNIVERZITETA U BE,NOT RELEVANT
RAMINT - U PRINUDNOJ LIKVIDACIJI,NOT RELEVANT
PRESS PLUS D.O.O.,CONSUMER DISCRETIONARY
PREDSTAVNISTVO MSA BEOGRAD,INDUSTRIALS
CARNEX DOO VRBAS,CONSUMER STAPLES
ALFA GAS D.O.O.,CONSUMER DISCRETIONARY
M & B TRANS FRIGO DOO,INDUSTRIALS
MBA MILJKOVIC DOO,INDUSTRIALS
ZASTAVA AGEM DOO KRAGUJEVAC,NOT RELEVANT
JP POSLOVNI PROSTOR U NOVOM SADU,NOT RELEVANT
LE SPOT DOO BEOGRAD,CONSUMER DISCRETIONARY
ZORBOSS DOO  UGLJAREVO,INDUSTRIALS
GIGATRON DOO BEOGRAD,CONSUMER DISCRETIONARY
"M & I SYSTEMS, CO DOO NOVI SAD",INFORMATION TECHNOLOGY
INDUSTRIJA SKROBA JABUKA D.O.O.,CONSUMER STAPLES
STIRG METALL DOO INDIJA,INDUSTRIALS
AGROPANONKA INVEST DOO NOVI SAD,INDUSTRIALS
TOYOTA CENTAR DOO BEOGRAD,CONSUMER DISCRETIONARY
TERASTEEL D.O.O.,INDUSTRIALS
GEA EEC SERBIA DOO,INDUSTRIALS
GI GROUP HR SOLUTIONS DOO BEOGRAD,INDUSTRIALS
PARTNERTRANS DOO,INDUSTRIALS
ZLATNA POLJA DOO SOMBOR,CONSUMER STAPLES
EUROSECURITY DOO BEOGRAD,INDUSTRIALS
ENERGOPROJEKT VISOKOGRADNJA,INDUSTRIALS
BAY-COMPANY&INVEST DOO,INDUSTRIALS
AD AUTOKUCA RAKETA SEVOJNO,CONSUMER DISCRETIONARY
PP RATKOVO DOO RATKOVO,NOT RELEVANT
GROUP MING,INDUSTRIALS
MONTERRA DOO BEOGRAD - U STECAJU,INDUSTRIALS
preduzece za trgovinu i usluge TEHN,INFORMATION TECHNOLOGY
JEZERO BETON DOO BEOGRAD - U PRINU,MATERIALS
MERCURY INTERNATIONAL - U STECAJU,NOT RELEVANT
KDS TR SINISA IVANOVIC PR,CONSUMER STAPLES
AIK BACKA TOPOLA DOO,CONSUMER STAPLES
KIDS BEBA DOO BEOGRAD,CONSUMER DISCRETIONARY
SKIJALISTA SRBIJE JP BEOGRAD,CONSUMER DISCRETIONARY
M.N.S. RENT REAL ESTATE DOO BEOGRA,REAL ESTATE
OPERA&THEATRE MADLENIANUM DOO,CONSUMER DISCRETIONARY
SUR TEC DOO CACAK,CONSUMER STAPLES
BIOPHARM DOO VALJEVO,HEALTH CARE
PWW DEPONIJA DVA DOO LESKOVAC,INDUSTRIALS
MIOS MOBILITY D.O.O. BEOGRAD,INDUSTRIALS
GOMMA LINE DOO KRAGUJEVAC,CONSUMER DISCRETIONARY
BN-BOS COMPANY D.O.O.,CONSUMER DISCRETIONARY
CINE PLACE D.O.O. BEOGRAD,COMMUNICATIONS
MIT-AGRAR D.O.O. ZMINJAK-SABAC,CONSUMER STAPLES
B.M.K. DOO STARA PAZOVA,INDUSTRIALS
LIFE PHARMA D.O.O. BEOGRAD,HEALTH CARE
REAL TIME CLIPPING DOO BEOGRAD,CONSUMER DISCRETIONARY
DOO DAKOVIC NOVI SAD,INDUSTRIALS
MITROS MUSIC COMPANY DOO BEOGRAD,CONSUMER DISCRETIONARY
S&V DRILLING MINE SERVICES DOO PIR,MATERIALS
BILFINGER DOO,NOT RELEVANT
OFFICE & MORE DOO BEOGRAD,INDUSTRIALS
MUEHLBAUER DOO STARA PAZOVA,INDUSTRIALS
PANAPAC D.O.O. BAJINA BASTA,MATERIALS
PREDUZE¿E ZA PROIZVODNJU I PROMET,CONSUMER STAPLES
DEMEX - ST DOO,NOT RELEVANT
SEME-TAMIS AD,CONSUMER STAPLES
ENETEL SOLUTIONS DOO BEOGRAD,INFORMATION TECHNOLOGY
DAK COMERC DOO NOVI SAD,MATERIALS
CRAFTER DOO,CONSUMER DISCRETIONARY
"ELINGZO DOO, BEOGRAD",INDUSTRIALS
DRAGANA MILIC PR LABORATORIJA AQUA,HEALTH CARE
YU EPICENTAR DOO BEOGRAD,INFORMATION TECHNOLOGY
AQUALAB PLUS,HEALTH CARE
"PANOS INZENJERING DOO NOVI SAD, KA",INFORMATION TECHNOLOGY
KARDESLER CONSTRUCTION,INDUSTRIALS
ANCORA NUOVA D O O  BEOGRAD,CONSUMER STAPLES
AGROVOJVODINA-MEHANIZACIJA DOO NOV,INDUSTRIALS
YUNYCOM DOO BEOGRAD,HEALTH CARE
GROUP RIM GROUP,CONSUMER STAPLES
GROUP NORTH AMERICAN,INDUSTRIALS
VEGA PROPERTIES RADNICKI DOO,INFORMATION TECHNOLOGY
TOTAL DOO SOMBOR - U STECAJU,CONSUMER DISCRETIONARY
RRD INKOTEHNA DOO,NOT RELEVANT
GOSA FSO AD SIMICEVO,INDUSTRIALS
MIVAKA DOO BEOGRAD,CONSUMER DISCRETIONARY
ANPEGO ROAD DOO SMEDEREVSKA PALANKA,CONSUMER STAPLES
SNG DOO BEOGRAD,NOT RELEVANT
JKP GRADSKA CISTOCA BEOGRAD,INDUSTRIALS
INTERAUTO TRADE DOO PRELJINA CACAK,CONSUMER DISCRETIONARY
SUBGROUP KOMPRESOR,CONSUMER DISCRETIONARY
NEXT CAR GROUP D.O.O. BEOGRAD - U,CONSUMER DISCRETIONARY
VEKOM GEO DOO BEOGRAD,INDUSTRIALS
OPSTA BOLNICA VIZIM,HEALTH CARE
HANSGROHE DOO,INDUSTRIALS
FRONERI ADRIATIC,CONSUMER STAPLES
ENGINEERING DOBERSEK GMBH DOO BEOG,INDUSTRIALS
e& PPF Telecom Group B.V.,COMMUNICATIONS
PRIVREDNO DRUSTVO EVOCON D.O.O.,INDUSTRIALS
REAL KNITTING DOO,CONSUMER DISCRETIONARY
PHOENIX PHARMA DOO BEOGRAD,HEALTH CARE
SFS DOO PARACIN,MATERIALS
DOO B.O.S.-KOMPANI KRUSEVAC,INDUSTRIALS
MTC METALS TRADING COMPANY DOO BEOG,INDUSTRIALS
DOO EKOTEHNIKA MD ZABALJ,INDUSTRIALS
IGMAKO SMART SOLUTIONS DOO,COMMUNICATIONS
SOMBORELEKTRO DOO SOMBOR,INDUSTRIALS
JT INTERNATIONAL AD SENTA,CONSUMER STAPLES
EUROPARK DOO BEOGRAD - U STECAJU,NOT RELEVANT
SIBANAX DOO - U PRINUDNOJ LIKVIDAC,CONSUMER DISCRETIONARY
GROUP BOMEKS,MATERIALS
DUZNIK STECAJNE MASE:PREDUZECE ZA,INDUSTRIALS
SEENERGETIC CENTER - U PRINUDNOJ L,CONSUMER STAPLES
CENTROSREM-TEKSTIL A.D.,NOT RELEVANT
NOVITAS DOO SABAC,CONSUMER STAPLES
AROMA FOOD - U STECAJU,CONSUMER STAPLES
THINGS SOLVER DOO BEOGRAD,INFORMATION TECHNOLOGY
TECHNO FARM DOO BEOGRAD,HEALTH CARE
PREMIUM CHICKEN DOO ZITISTE,CONSUMER STAPLES
DOO MACKO ODZACI,INDUSTRIALS
NANIX WOOD DOO NOVA VAROS,MATERIALS
ALUROLL DOO BATOCINA,INDUSTRIALS
TAGO CAR D.O.O.,CONSUMER DISCRETIONARY
D.O.O. BELICA PARACIN,MATERIALS
LUKA-BACKA PALANKA DOO B.PALANKA,INDUSTRIALS
"MAKLER DOO BEOGRAD, BEOGRADSKA 39",HEALTH CARE
LEMIT DOO NOVI SAD,INDUSTRIALS
SAVACOOP DOO NOVI SAD,MATERIALS
TRANSAGENT OPERATOR,INDUSTRIALS
NEVENA DOO BEOGRAD,CONSUMER STAPLES
FABRIKA ULJA DUNAVKA DOO BEOGRAD,CONSUMER STAPLES
GROUP FERBILD,INDUSTRIALS
GROUP INOBACKA,INDUSTRIALS
LJUBAGO TRADE DOO NOVI SAD,CONSUMER STAPLES
DANFOSS DOO,CONSUMER DISCRETIONARY
MOVENS PLUS DOO,CONSUMER DISCRETIONARY
VETERINARSKI ZAVOD ZEMUN AD BEOGRA,HEALTH CARE
WUNDER D.O.O NIS - U STECAJU,NOT RELEVANT
ROFIX DOO,MATERIALS
JAPI DOO VRANJE,CONSUMER STAPLES
VODOVOD I KANALIZACIJA JKP POZAREVA,UTILITIES
NOVA COMMODITIES DOO BEOGRAD,UTILITIES
NIKOVIC COMPANY DOO BEOGRAD,INDUSTRIALS
PROGRES INZENJERING DOO,NOT RELEVANT
JASMIL DOO ARILJE,CONSUMER DISCRETIONARY
SKLONISTE,CONSUMER DISCRETIONARY
TERMOINZENJERING DOO BEOGRAD,INDUSTRIALS
SOUTH DEVELOPMENT DOO BEOGRAD,REAL ESTATE
VELEXFARM DOO BEOGRAD,HEALTH CARE
ZAVOD ZA ZAVARIVANJE AD BEOGRAD,INDUSTRIALS
TERBOINOX DOO SOMBOR,INDUSTRIALS
GRAPPA DOO BEOGRAD,INDUSTRIALS
VELUX SRBIJA DOO BEOGRAD,INDUSTRIALS
LSG BUILDING SOLUTIONS DOO BEOGRAD,INDUSTRIALS
JP PUTEVI BEOGRADA BEOGRAD,INDUSTRIALS
EUROMED PLUS D.O.O. BEOGRAD-NOVI B,HEALTH CARE
KODAR ENERGOMONTAZA DOO,INDUSTRIALS
GROUP Litopapir Cacak,MATERIALS
KNJAZ MILOS AD ARANDELOVAC,CONSUMER STAPLES
TEL-KABL DOO,INDUSTRIALS
GROUP IDC,CONSUMER DISCRETIONARY
PREDRAG (NENAD) VESKOV,CONSUMER STAPLES
TDV AUTOMOTIVE,CONSUMER DISCRETIONARY
CENTAR MILLENNIUM AD VRSAC,NOT RELEVANT
AGRAR-KOMERC DOO MALA KRSNA,NOT RELEVANT
AD VINO ZUPA BEOGRAD-ZEMUN,CONSUMER STAPLES
METALFER DOO SREMSKA MITROVICA,MATERIALS
AHA PLASTIK DOO,MATERIALS
GROUP SLOVAS,MATERIALS
RTC LUKA LEGET AD SREMSKA MITROVIC,INDUSTRIALS
URSA D.O.O.,INDUSTRIALS
STRAJT DOO PIROT,CONSUMER STAPLES
MLEKARA AD  SUBOTICA,CONSUMER STAPLES
IMPERIAL BUILDINGS DOO N.SAD,INDUSTRIALS
DRUSTVO SA OGRANICENOM ODGOVORNOSCU,REAL ESTATE
G2 FALCON 2017 DOO BEOGRAD,INDUSTRIALS
FORMA-VS DOO BEOGRAD,CONSUMER DISCRETIONARY
ORACLE SRBIJA & CRNA GORA D.O.O.,INFORMATION TECHNOLOGY
JP DIREKCIJA GADZIN HAN     ,INDUSTRIALS
SCHIEDEL DOO BEOGRAD,INDUSTRIALS
DRAGOVIC EXPRES DOO UMCARI,INDUSTRIALS
EXCONCEPT RS,INFORMATION TECHNOLOGY
XELLA SRBIJA DOO VREOCI,MATERIALS
AGROMARKET DOO KRAGUJEVAC,MATERIALS
TOYO TIRE SERBIA D.O.O.,CONSUMER DISCRETIONARY
LUXOFT D.O.O.,INFORMATION TECHNOLOGY
HF LIFTING DOO,INDUSTRIALS
VONDEL CAPITAL DOO SREMSKI KARLOVC,NOT RELEVANT
GI DOO BEOGRAD,NOT RELEVANT
EX ZAUNER,INDUSTRIALS
MLINOSTEP DOO NOVI SAD,CONSUMER STAPLES
SPRING ENERGY DVA MHE REKA DOO,UTILITIES
MONTAZA D.O.O. BEOGRAD,INDUSTRIALS
CHEMIPROX,MATERIALS
KTP BIGZ DOO,CONSUMER DISCRETIONARY
JEVTOVIC CARS DOO,CONSUMER DISCRETIONARY
ZLATAR-SPED DOO NOVA VAROS,MATERIALS
CTC-UNIT DOO BEOGRAD,CONSUMER DISCRETIONARY
INEXALL COMPANY DOO,MATERIALS
MAKSPRO DOO BEOGRAD ZEMUN,INDUSTRIALS
GAPUMA SRB DOO NOVI SAD,INDUSTRIALS
GEBI DOO PO CANTAVIR,CONSUMER STAPLES
DOO GOMEX ZRENJANIN,CONSUMER STAPLES
ADECO DOO NOVI SAD,MATERIALS
TAPE NS GROUP DOO,INDUSTRIALS
DOO JOVISTE PALIC,INDUSTRIALS
GROUP SPIN,INDUSTRIALS
DANICA (NIKOLA) STANKOVIC,CONSUMER STAPLES
MIODRAG (VELIMIR) VESKOV,CONSUMER STAPLES
DOO PAVLE PANCEVO,INDUSTRIALS
KONSTRUKTOR METAL DOO BEOGRAD,INDUSTRIALS
TEAMNET BUSINESS SOLUTIONS D.O.O.,INFORMATION TECHNOLOGY
AC AUTO D.O.O BEOGRAD - U LIKVIDAC,NOT RELEVANT
INDUSTRIJA MESA CAJETINA,NOT RELEVANT
AD BANINI KIKINDA,CONSUMER STAPLES
GROUP STR MIHAJLOVIC,CONSUMER DISCRETIONARY
HLEB I KIFLE,CONSUMER STAPLES
LPP SERBIA D.O.O.,CONSUMER DISCRETIONARY
RUBIKON SHIPPING COMPANY DOO BEOGR,INDUSTRIALS
EKOFIL DOO BEOGRAD,CONSUMER STAPLES
ALEKSA SANTIC DOO ALEKSA SANTIC,CONSUMER STAPLES
DELTA INZENJERING GROUP DOO BEOGRA,INDUSTRIALS
PROAL DOO PROKUPLJE,INDUSTRIALS
TERMIKA DOO ZRENJANIN,MATERIALS
BOJA DOO,INDUSTRIALS
AGRIBO CO. D.O.O. - U STECAJU,CONSUMER STAPLES
GP GRADITELJ NS DOO NOVI SAD,INDUSTRIALS
HAVAS ADRIATIC D.O.O.,COMMUNICATIONS
MAJS D.O.O.,CONSUMER DISCRETIONARY
DZAMIL (BELA) DZAVIC,CONSUMER STAPLES
SIGOC DOO BEOGRAD,CONSUMER DISCRETIONARY
DOO MLINOKOMERC VRSAC,NOT RELEVANT
SPECIJALNA BOLNICA MERKUR VRNJACKA,HEALTH CARE
TE-TO FABRIKA SECERA AD SENTA,CONSUMER STAPLES
ONE2PLAY RS DOO NOVI SAD,CONSUMER DISCRETIONARY
MARIC TRGOVINA NA VELIKO I MALO I,NOT RELEVANT
UNILEVER DOO,NOT RELEVANT
VIA OCEL D.O.O. BEOGRAD,INDUSTRIALS
REFLEKS D O O  MAJUR,INDUSTRIALS
Subgroup Balkans,CONSUMER STAPLES
BRIGATE DOO BEOGRAD,INDUSTRIALS
EKO UNIJA NEMETAL DOO,INDUSTRIALS
FEROMONT OPREMA  AD PANCEVO,INDUSTRIALS
DIV-POLYMER D.O.O. BACKA PALANKA,MATERIALS
AUTO M.G. COMMERCE DOO NIS,CONSUMER DISCRETIONARY
STRUCTURA CONCEPT DOO,INDUSTRIALS
MONTAVAR METALNA LOLA,INDUSTRIALS
LOHR BACKA TOPOLA,INDUSTRIALS
DOO TENEN CENEJ,CONSUMER STAPLES
IT TEL CONSULTING & ENGINEERING,INDUSTRIALS
ACIKO-KOMERC DOO KRALJEVO,CONSUMER STAPLES
RADUN BENZINSKA STANICA NOVI SAD,CONSUMER DISCRETIONARY
MN DOO BEOGRAD,MATERIALS
"AMBALAZERKA DOO BEOGRAD, BEGALJICA",MATERIALS
SCB DOO BEOGRAD,CONSUMER STAPLES
MGS TECHNOLOGY DOO,INFORMATION TECHNOLOGY
PK ZLATIBOR D.O.O.,CONSUMER STAPLES
SUBGROUP NCA INVESTMENT GROUP,CONSUMER DISCRETIONARY
KESZ DOO BEOGRAD,INDUSTRIALS
BIG TRADE D.O.O.,CONSUMER STAPLES
FARMAPROM DOO BEOGRAD - U LIKVIDAC,HEALTH CARE
BANAT PRESS DOO ZRENJANIN,COMMUNICATIONS
ZEPTER INTERNATIONAL DOO BEOGRAD,CONSUMER DISCRETIONARY
KONSING GROUP DOO BEOGRAD,INDUSTRIALS
VELTRANS DOO SUBOTICA,MATERIALS
SRBOEXPORT DOO,INDUSTRIALS
ELEMENTA DOO SUBOTICA,CONSUMER DISCRETIONARY
ROPER CO DOO BEOGRAD UMKA,INDUSTRIALS
KNJIZARE VULKAN DOO BEOGRAD,CONSUMER DISCRETIONARY
BISEVAC DOO NOVI PAZAR,CONSUMER DISCRETIONARY
KJP DJUNIS,UTILITIES
HYDROSYSTEMS DOO SUBOTICA,INDUSTRIALS
NOVOHEM DOO SABAC,MATERIALS
BOGDAN (MAJA) VLAOVIC,CONSUMER STAPLES
INTERFOOD 60 DOO CACAK,CONSUMER STAPLES
NCR ATM,INDUSTRIALS
GREMET STOLARIJA DOO,INDUSTRIALS
ALLTECH YU DOO,NOT RELEVANT
LIVNICA KIKINDA AI DOO KIKINDA,CONSUMER DISCRETIONARY
STECAJNA MASA AGROZIV AD PANCEVO,CONSUMER STAPLES
PRO GALVANO MIKROMETAL DOO BEOGRAD,INDUSTRIALS
KMG ART DOO,INDUSTRIALS
AFARAK DOO BEOGRAD,MATERIALS
BID PRODUKT DOO,CONSUMER STAPLES
PKB KORPORACIJA AD - BEOGRAD,CONSUMER STAPLES
TIRES TIM DOO NOVI SAD,CONSUMER DISCRETIONARY
SENA DOO,INDUSTRIALS
MSG GLOBAL SOLUTIONS SERBIA,INFORMATION TECHNOLOGY
ELIXIR GARDEN NEGOTIN DOO,MATERIALS
WORTS TEAM DOO SIMANOVCI,CONSUMER DISCRETIONARY
GROUP E SMART,INFORMATION TECHNOLOGY
METAL-HEMIKO DOO ADA,CONSUMER STAPLES
TAKTIK D.O.O.,CONSUMER STAPLES
VILA GRAD DOO,INDUSTRIALS
CALMA DOO CALMA,CONSUMER STAPLES
ISTYLE STORES DOO BEOGRAD,CONSUMER DISCRETIONARY
PREKO REDA DOO BEOGRAD,CONSUMER DISCRETIONARY
ERG DOO SIMANOVCI,CONSUMER DISCRETIONARY
DOO KONZUL NOVI SAD,CONSUMER STAPLES
AGROPARTNER DOO LUCANI,CONSUMER STAPLES
SABATO DOO BEOGRAD,MATERIALS
EMTM DOO KULA,NOT RELEVANT
NEW COMPANY DOO BEOGRAD,REAL ESTATE
DOO MATEO CACAK,CONSUMER STAPLES
PPT-CILINDRI DOO,CONSUMER DISCRETIONARY
ENERGOPROJEKT OPREMA - U STECAJU,INDUSTRIALS
PORD DOO,INDUSTRIALS
BG PRODUKT 1996 DOO KRUSEVAC,CONSUMER STAPLES
TABAK MAXIM D.O.O.,CONSUMER STAPLES
LAKI DOO ARILJE,CONSUMER STAPLES
DELDIS DOO,CONSUMER STAPLES
ORBICO DOO BEOGRAD,CONSUMER DISCRETIONARY
BRKOVIC GRUPA DOO,REAL ESTATE
RELAX INTERNATIONAL DOO BEOGRAD,CONSUMER DISCRETIONARY
KIT REAL ESTATE DOO,CONSUMER DISCRETIONARY
VOZD DOO SOMBOR,CONSUMER STAPLES
CEMPROM DOO,MATERIALS
SOUTH LAND DOO BEOGRAD,REAL ESTATE
PZP POZAREVAC DOO POZAREVAC,INDUSTRIALS
FEROMONT DOO STARA PAZOVA,INDUSTRIALS
DRUSTVO SA OGRANICENOM ODGOVORNOSCU,CONSUMER STAPLES
"BAJAN DOO SMEDEREVO, MIHAJLOVAC",CONSUMER STAPLES
EURCO DOO,INDUSTRIALS
LUTTON - U STECAJU,NOT RELEVANT
GROSER DOO,CONSUMER STAPLES
RUMIX - U PRINUDNOJ LIKVIDACIJI,CONSUMER STAPLES
WIKA MERNA TEHNIKA DOO BEOGRAD,INDUSTRIALS
NPC INTERNATIONAL D.O.O. BEOGRAD,NOT RELEVANT
SUNOKO DOO NOVI SAD,CONSUMER STAPLES
NIT EXPORT-IMPORT DOO,CONSUMER STAPLES
CARSKA BASTA DOO ZRENJANIN,CONSUMER STAPLES
MONDI SABAC,MATERIALS
HEIDELBERG JUGOSLAVIJA DOO,INFORMATION TECHNOLOGY
SUBGROUP SAGA DOO,INFORMATION TECHNOLOGY
GROUP RAS INZENJERING,INDUSTRIALS
DELTA SECURITY SYSTEM DOO,INDUSTRIALS
BDS RS. DOO,CONSUMER DISCRETIONARY
LAZARUS DOO KRAGUJEVAC,CONSUMER STAPLES
GROUP LUKI KOMERC,CONSUMER STAPLES
INIT TECHNOLOGIES DOO,INFORMATION TECHNOLOGY
SMICOM D.O.O. POZEGA,MATERIALS
BFD DISTRIBUTION DOO APATIN,CONSUMER STAPLES
KARTONVAL DOO BEOGRAD,MATERIALS
MISON DOO,CONSUMER DISCRETIONARY
STAREL PLUS DOO BATAJNICA,INDUSTRIALS
TEXIMP DOO BEOGRAD,INDUSTRIALS
EUROCLASSIC DOO STARA PAZOVA - U P,CONSUMER DISCRETIONARY
"PREDUZECE EXPORT-IMORT FUNGO-JUG,",CONSUMER STAPLES
PLAVI KAMEN DOO VRANJE,MATERIALS
GROUP FARMAKOM,NOT RELEVANT
FABRIKA STOCNE HRANE - KOMPONENTA,CONSUMER STAPLES
MAGNAHIM,MATERIALS
NEPO SYSTEM DOO BEOGRAD,INFORMATION TECHNOLOGY
ALBATROS-INTERNATIONAL DOO,CONSUMER STAPLES
DOO EXPERT LESKOVAC,CONSUMER DISCRETIONARY
ALKALOID VELEDROGERIJA D.O.O.,HEALTH CARE
CORAL SRB D.O.O.,CONSUMER DISCRETIONARY
PULSEC DOO BEOGRAD,INFORMATION TECHNOLOGY
CA-TERM DOO CACAK,INDUSTRIALS
AUTO FUSION DOO BEOGRAD,CONSUMER DISCRETIONARY
MAGLIC PD DP,CONSUMER STAPLES
GROUP EHOM,CONSUMER DISCRETIONARY
KOENIG & BAUER RS D.O.O. BEOGRAD,INDUSTRIALS
VODA VRNJCI AD VRNJACKA BANJA,CONSUMER STAPLES
NESAM INZENJERING DOO GRCAC,INDUSTRIALS
ROASTERY 1886 DOO,CONSUMER STAPLES
FSH JABUKA DOO PANCEVO,CONSUMER STAPLES
HRAM 032 PVC TRADE DOO PRELJINA,INDUSTRIALS
LISJE JKP NOVI SAD,CONSUMER DISCRETIONARY
NISAUTO GRUPA DOO NIS,CONSUMER DISCRETIONARY
BOMEX EXPORT IMPORT DOO BEOGRAD -,NOT RELEVANT
ENTERPRISE SERVICES D.O.O.,NOT RELEVANT
YU POINT DOO,MATERIALS
DRUSTVO SA OGRANICENOM,INDUSTRIALS
MLIN BUDUCNOST TRIO DOO BEOGRAD,CONSUMER STAPLES
JONES LANG LASALLE DOO BEOGRAD,REAL ESTATE
EATON ELECTRIC DOO SREMSKA MITROVI,INDUSTRIALS
TINIS DOO BEOGRAD MALI MOKRI LUG,INDUSTRIALS
MDES AIR CONDITIONER DOO,INDUSTRIALS
AVL PROJEKT INT DOO NOVI SAD,INFORMATION TECHNOLOGY
TICKET VISION DOO BEOGRAD,CONSUMER DISCRETIONARY
IVA-AGRAR DOO,MATERIALS
GROUP EUROIMPEX AUTOGROUP,CONSUMER DISCRETIONARY
CENTROSINERGIJA,CONSUMER STAPLES
SNEZANA (ANTUN) DZAVIC,CONSUMER STAPLES
PRISTA OIL AD BEOGRAD,INDUSTRIALS
PEGASUS SRB DOO,MATERIALS
MAGNA TYRES BALKAN D.O.O.,INDUSTRIALS
PRESS INTERNATIONAL DOO,CONSUMER DISCRETIONARY
MONT-R DOO BEOGRAD,INDUSTRIALS
GROUP PHIACADEMY,CONSUMER STAPLES
name,industry
PUTEVI AD UZICE,INDUSTRIALS
PILOT TOY DOO BEOGRAD - U STECAJU,CONSUMER DISCRETIONARY
SINTRONIC - U PRINUDNOJ LIKVIDACIJ,CONSUMER DISCRETIONARY
DOO TEHNOGRAD SISTEM KRALJEVO,MATERIALS
COLL-PLUS NEKRETNINE DOO BEOGRAD -,FINANCIALS
TTTECH AUTO DOO,INDUSTRIALS
FAKULTET ZA USLUZNI BIZNIS SREMSKA,CONSUMER DISCRETIONARY
TEKNOXGROUP SRBIJA DOO BEOGRAD,INDUSTRIALS
SUBGROUP IM MATIJEVIC,CONSUMER STAPLES
AGROFINA SISTEM DOO CACAK,CONSUMER STAPLES
BEOGUMA DOO BEOGRAD,CONSUMER DISCRETIONARY
GD TAMNAVA TRANS DOO BEOGRAD,INDUSTRIALS
SMART BUSINESS TECHNOLOGIES,INFORMATION TECHNOLOGY
K WAY BEAUTY,CONSUMER DISCRETIONARY
DZERVIN,CONSUMER STAPLES
SUBGROUP STAR IMPORT,CONSUMER DISCRETIONARY
PROTEM PROJEKT D.O.O.,INDUSTRIALS
CASA DI MODA STKR JAGODINA,CONSUMER STAPLES
DOO MILENIJUM ZAJECAR,CONSUMER DISCRETIONARY
SPIN COMPANY DOO KRAGUJEVAC,INDUSTRIALS
CORTEVA AGRISCIENCE SRB D.O.O.,CONSUMER STAPLES
ENGY SOLUTIONS DOO,COMMUNICATIONS
HALDER D.O.O.,INDUSTRIALS
PAKOM INTERNET DOO NIS,NOT RELEVANT
EURO GARNI HOTEL,REAL ESTATE
SEMENARNACOOP DOO PETROVARADIN,CONSUMER STAPLES
PELETI DOO KUPINOVO,CONSUMER STAPLES
GRUPA UNIVEREXPORT BACKA AD BACKA,CONSUMER STAPLES
UNIVERZUM EXPORT IMPORT DOO ARANDJE,CONSUMER DISCRETIONARY
UNIPLAST SERBIA DOO,INDUSTRIALS
EKO FACILITIES D.O.O. BEOGRAD - U,INDUSTRIALS
DOO HERC- MS BUDISAVA,CONSUMER STAPLES
"DOO ZA PROIZVODNJU, TRGOVINU I USL",HEALTH CARE
GROUP EGZAKTA,INDUSTRIALS
GREEN CONSTRUCTION DOO,REAL ESTATE
MENSHEN,MATERIALS
RADKA DOO BEOGRAD,MATERIALS
PUBLIK DOO VALJEVO,CONSUMER DISCRETIONARY
DUFRY,CONSUMER DISCRETIONARY
CIG D.O.O.,CONSUMER DISCRETIONARY
PACOM DOO CACAK,MATERIALS
PREDUZECE DIVI DOO,MATERIALS
LARIX DOO,MATERIALS
SAFIC-ALCAN ADRIATIC D.O.O.,MATERIALS
TOPOLA D.O.O.,CONSUMER STAPLES
KIOSK GRUPA DOO,CONSUMER STAPLES
GROUP PRO GALVANO MIKROMETAL,NOT RELEVANT
KICA SAM. TRG. A. RAD. SIMIC DARKO,CONSUMER STAPLES
LINDAB D.O.O. BEOGRAD,INDUSTRIALS
MAGICA DOO BEOGRAD,CONSUMER STAPLES
GLOBEX GROUP - U PRINUDNOJ LIKVIDA,INDUSTRIALS
HDS RETAIL GP DOO,CONSUMER DISCRETIONARY
PRINT & LOGISTIC DOO,NOT RELEVANT
VITANA DOO KURSUMLIJA,CONSUMER STAPLES
TDV FLEET D.O.O.,FINANCIALS
DANUBIUS D.O.O. NOVI SAD,CONSUMER STAPLES
PIC CO,CONSUMER STAPLES
KROKODIL & COMPANY DOO SIMANOVCI,CONSUMER DISCRETIONARY
SNJEZANA PNJ,CONSUMER STAPLES
MEDINO DOO KRNJEVO,CONSUMER STAPLES
CG FOODS EUROPE,CONSUMER STAPLES
BANBUS DOO,INDUSTRIALS
LUKOWA DOO - U STECAJU,CONSUMER STAPLES
"RESOR DOO GADZIN HAN,",CONSUMER DISCRETIONARY
LETINA DOO  NOVI BECEJ,CONSUMER STAPLES
LUKOWA FOOD DOO,CONSUMER STAPLES
TRACE PZP NIS AD NIS,INDUSTRIALS
DOT SMART SOLUTIONS DOO BEOGRAD,INDUSTRIALS
GROUP LETAC,INDUSTRIALS
TRIVAX VV DOO BEOGRAD,HEALTH CARE
ADIMES DOO BEOGRAD (ZVEZDARA) - U,CONSUMER STAPLES
INTERLEMIND AD LESKOVAC,MATERIALS
KATAGO CONSTRUCTION DOO VOGANJ,INDUSTRIALS
ISHRANA DOO CACAK,CONSUMER STAPLES
SIROVINABANAT DOO ZRENJANIN,INDUSTRIALS
"MEDIA POOL DOO, BEOGRAD",CONSUMER DISCRETIONARY
"DIM-TRADE DOO, BEOGRAD",INDUSTRIALS
GOLD DISTRIBUTION DOO,CONSUMER STAPLES
RAD GM DOO KRUSEVAC  - U STECAJU,INDUSTRIALS
GROUP Browel,INDUSTRIALS
ROMA COMPANY DOO BEOGRAD (NOVI BEO,INDUSTRIALS
HERCEGOVINA AD RAVNI TOPOLOVAC,CONSUMER STAPLES
A P SIDRO DOO NOVI BEOGRAD,INDUSTRIALS
OBNOVA DOO,CONSUMER DISCRETIONARY
GROUP NS UNION NOVI SAD,INDUSTRIALS
"DRUSTVO ZA PROIZVODNJU,PROMET",CONSUMER DISCRETIONARY
GENERAL PUBLIC TENDERS GPT DOO,UTILITIES
POLYDOR,CONSUMER DISCRETIONARY
"DOM ZDRAVLJA ""MEDIGROUP DR RISTIC""",HEALTH CARE
SMART BIOSERVICES GMBH - OGRANAK B,INDUSTRIALS
VODOVOD I KANALIZACIJA JKP SUBOTICA,UTILITIES
AEVUM PET CARE DOO BEOGRAD-NOVI BE,CONSUMER STAPLES
BEOGAS DOO BEOGRAD,NOT RELEVANT
ELOPAK DOO,INDUSTRIALS
MATIS-STIL TRADE DOO,NOT RELEVANT
PLANETA GASTRO DOO NOVI SAD,CONSUMER DISCRETIONARY
PREDSTAVNISTVO VIRO,CONSUMER STAPLES
METALAC-METALURGIJA AD,NOT RELEVANT
PREDUZECE SINTEH DOO BEOGRAD,INFORMATION TECHNOLOGY
WEST TRUCK DOO BEOGRAD,NOT RELEVANT
AQUA CASA DOO,CONSUMER DISCRETIONARY
VML ENERGY,ENERGY
CORNER SHOP DOO BEOGRAD,CONSUMER STAPLES
AVRIDE,INDUSTRIALS
AKSA D.O.O. BEOGRAD,CONSUMER DISCRETIONARY
GALEB ELECTRONICS DOO SABAC,INDUSTRIALS
GRAND METALS DOO,INDUSTRIALS
DURDEVIC ENERGO 2016 DOO SUBOTISTE,CONSUMER STAPLES
EXTRA AGRAR DOO VRBAS,CONSUMER STAPLES
PREDRAG (VELEMIR) VESKOV,CONSUMER STAPLES
INDUSTRIJA MESA NEDELJKOVIC,CONSUMER STAPLES
LDS DOO POZAREVAC,INDUSTRIALS
SILLA - ING D.O.O.,NOT RELEVANT
FAMILIJA MARKET DOO BEOGRAD,NOT RELEVANT
AGROEXPORT AD BEOGRAD,CONSUMER DISCRETIONARY
ENERGIJA TEHNIKA TEHNOLOGIJA DOO,INDUSTRIALS
NACIONALNA DISTRIBUCIJA D.O.O.,CONSUMER STAPLES
BIG-BULL KOMPANIJA DOO BACINCI - U,CONSUMER STAPLES
GRAFO NIN TRADE DOO,NOT RELEVANT
MD 02 DOO BEOGRAD,CONSUMER STAPLES
EUROAUTO DOO BEOGRAD - U PRINUDNOJ,CONSUMER DISCRETIONARY
METER & CONTROL DOO BEOGRAD,INFORMATION TECHNOLOGY
PROMIST DOO VETERNIK,MATERIALS
ASEE SOLUTIONS D.O.O. BEOGRAD,INFORMATION TECHNOLOGY
EKO FUTURA DOO,INDUSTRIALS
VZK DOO BEOGRAD,CONSUMER STAPLES
VILA LIBRI DOO,COMMUNICATIONS
MONBAT PLC DOO INDIJA,INDUSTRIALS
K-HOTELS DOO BEOGRAD,CONSUMER DISCRETIONARY
7.JULI TRGOVINA DOO VRANJE,CONSUMER STAPLES
POTISJE-BECEJ DOO BECEJ,INDUSTRIALS
JUROSEVIC MD DOO VRBAS,INDUSTRIALS
SRNA DOO,CONSUMER DISCRETIONARY
EC HARRIS D.O.O.,NOT RELEVANT
ST KOMERC PRINT,CONSUMER STAPLES
BAZIS RENT DOO BEOGRAD,NOT RELEVANT
MLINTEST - U STECAJU,NOT RELEVANT
AROMA AD,CONSUMER DISCRETIONARY
BSP DOO FEKETIC,CONSUMER STAPLES
SUBGROUP BENU,CONSUMER STAPLES
DOO DELTA KLADOVO - U STECAJU,ENERGY
TUV RHEINLAND INTERCERT DOO,INDUSTRIALS
ANGROPROMET DOO KIKINDA,CONSUMER STAPLES
ANDJELKOVIC AL I PVC DOO BEOGRAD-V,INDUSTRIALS
DORMAKABA DOO BEOGRAD,CONSUMER DISCRETIONARY
BEOHEMIJA-INHEM DOO,CONSUMER STAPLES
SLAVISA MITIC PR RADNJA ZA PREVOZ I,CONSUMER STAPLES
GROUP COMEL,INDUSTRIALS
STEFANOVIC AUTO DOO MLADENOVAC,CONSUMER DISCRETIONARY
BRAINZ DOO BEOGRAD,COMMUNICATIONS
SAN MARCO,CONSUMER STAPLES
FORTUNA MARKET DOO ARANDELOVAC,CONSUMER STAPLES
S RAIL DOO,INDUSTRIALS
KOMUNALAC U RUMI JP RUMA,INDUSTRIALS
HCP DOO BEOGRAD,INDUSTRIALS
PREDSTAVNISTVO TIM ZIP BEOGRAD,INDUSTRIALS
AZOHEM DOO SUBOTICA,MATERIALS
ADECCO HUMAN RESOURCES DOO BEOGRAD,NOT RELEVANT
KOMNENOVIC DOO BEOGRAD,CONSUMER DISCRETIONARY
ENERGOINVEST-INTERENERGO DOO,INDUSTRIALS
GENERALI TRANSPORT COMPANY DOO U S,INDUSTRIALS
INFIX 2024 DOO BEOGRAD ,CONSUMER DISCRETIONARY
VULOVIC TRANSPORT  DOO,INDUSTRIALS
"Elgas energy trading, LTD",ENERGY
BALKAN CAR SALES D.O.O.,CONSUMER DISCRETIONARY
PETKUS ENGINEERING DOO,INDUSTRIALS
SELECT COMPANY DOO SMEDEREVO,CONSUMER STAPLES
ARTINVEST DOO STARA PAZOVA,CONSUMER DISCRETIONARY
BEIERSDORF D.O.O.,CONSUMER STAPLES
AUTO FLEET MANAGEMENT DOO,INDUSTRIALS
SPECIJALNA BOLNICA ZA BOLESTI ZAVI,HEALTH CARE
GROUP SPAIZ,CONSUMER STAPLES
EPIROC SRBIJA A.D.,INDUSTRIALS
GREEN TECHNOLOGY FIRST DOO,UTILITIES
TEHNIX BEO DOO BEOGRAD,INDUSTRIALS
E.S.-KOMERC DOO PRIJEPOLJE,CONSUMER STAPLES
LOKOMOTIVA DOO BEOGRAD,INDUSTRIALS
METALAC INKO,INDUSTRIALS
EJOT TEHNIKA SPAJANJA DOO BEOGRAD,INDUSTRIALS
SIKA SRBIJA DOO,MATERIALS
TD SYNNEX D.O.O. BEOGRAD,INFORMATION TECHNOLOGY
AGROMEHANIKA AC DOO NOVI SAD,INDUSTRIALS
O&M INZENJERING GROUP DOO,INDUSTRIALS
MERCATUS DOO BEOGRAD,MATERIALS
JEZERO DOO TTUP ZUNJE KNIC KRAGUJEV,CONSUMER STAPLES
CHINA ENERGY ENGINEERING GROUP TIA,INDUSTRIALS
ALFA PROMET AD ODZACI,NOT RELEVANT
VITEZ&KOM DOO VRANJE,CONSUMER DISCRETIONARY
D.V.G. COMPANY DOO SUBOTICA,CONSUMER STAPLES
FRUVITA DOO BEOGRAD,CONSUMER STAPLES
M I P DOO KRALJEVO,CONSUMER STAPLES
ENTECO DOO UZICE,INDUSTRIALS
KOMPRESOR DORCOL DOO BEOGRAD,CONSUMER DISCRETIONARY
VOSSLOH-SCHWABE SERBIA D.O.O.,CONSUMER DISCRETIONARY
DELTA EPC DOO,INDUSTRIALS
TRGOPROMET NEKRETNINE DOO SUBOTICA,CONSUMER STAPLES
NOVELIC D.O.O.,INFORMATION TECHNOLOGY
DIGITAL FIRST DOO,INDUSTRIALS
RISMEN DOO,CONSUMER STAPLES
mtt infiz doo beograd,INDUSTRIALS
ONDREJ (ONDREJ) HEDJI,CONSUMER STAPLES
KTP JUP DOO,NOT RELEVANT
SZP ZAVARIVAC AD VRANJE - U STECAJ,INDUSTRIALS
GRADITELJ D.O.O. NOVI SAD,INDUSTRIALS
ELTRAS IN DOO BEOGRAD - U PRINUDNO,INDUSTRIALS
JEFIMIJA M DOO RASKA,INDUSTRIALS
KONTAKTOR DOO BEOGRAD,REAL ESTATE
OBALA TRADE DOO BEOGRAD,CONSUMER STAPLES
MILORD DOO NOVI PAZAR,INDUSTRIALS
LABUDOVIC NS DOO NOVI SAD,CONSUMER STAPLES
GROUP AGROMARKET KG,MATERIALS
DELTA TERM DOO BEOGRAD,INDUSTRIALS
BDS PROPERTIES DOO,REAL ESTATE
ELEKTROVAT DOO BEOGRAD,INDUSTRIALS
GOOD MOOD DOO BEOGRAD,CONSUMER DISCRETIONARY
ELEKTROMONTAZA D.O.O. KRALJEVO,INDUSTRIALS
INSAJDER PRODUKCIJA DOO,COMMUNICATIONS
SRBIJAPUT AD BEOGRAD,INDUSTRIALS
AD PODUNAVLJE BACKA PALANKA,CONSUMER STAPLES
PTM DOO SABAC,HEALTH CARE
RAKIC-LTD DOO RADINAC SMEDEREVO,CONSUMER STAPLES
"METLAKOMERC DOO VINARCE, LESKOVAC",CONSUMER STAPLES
YOUGOV CP D.O.O.,CONSUMER DISCRETIONARY
ZZ ZADRUGAR BAC,CONSUMER STAPLES
ZZ TABANOVIC LOZNICA,NOT RELEVANT
SIRMIUM STEEL D.O.O. SR.MITROVICA,MATERIALS
PREDSTAVNISTVO CARL ZEISS,HEALTH CARE
EUROFIBER,CONSUMER DISCRETIONARY
BREZA DOO PARACIN,INDUSTRIALS
NETIKS DOO BEOGRAD,INFORMATION TECHNOLOGY
MODITAL TRADE DOO,NOT RELEVANT
JKP MEDIANA NIS,INDUSTRIALS
GROUP NEVENACOLOR,NOT RELEVANT
ABC FOOD A.D.,CONSUMER STAPLES
BB MEAT DOO BACINCI,CONSUMER STAPLES
STEEL-IMPEX DOO SREMSKA KAMENICA,MATERIALS
SMARTPHONE CONCEPT DOO BEOGRAD,CONSUMER DISCRETIONARY
"PREDUZECE ZA TRGOVINU, TRANSPORT I",INDUSTRIALS
D COMPANY DOO BABUSNICA,INDUSTRIALS
DRAGIS-PHARM DOO BEOGRAD,HEALTH CARE
DVADESETPRVI MAJ AUTO KUCA D.O.O.,REAL ESTATE
VORWERK AUTOTEC SERBIA D.O.O.,CONSUMER DISCRETIONARY
OFFICE RENTALS DOO,REAL ESTATE
ABC MAZIVA DOO,MATERIALS
SVETOZAR (NEDELJKO) VESKOV,CONSUMER STAPLES
HOLCIM SRBIJA DOO,MATERIALS
TARKETT DOO BACKA PALANKA,INDUSTRIALS
JKP DIREKCIJA ZA JAVNI PREVOZ GRAD,INDUSTRIALS
STANKOM AD - U STECAJU,CONSUMER DISCRETIONARY
PHARMACIA ZAD DOO U STECAJU,HEALTH CARE
VEROPOULOS,CONSUMER STAPLES
SERBIA CABLE COMMERCE,INDUSTRIALS
REAL ESTATE RENT 2 DOO,REAL ESTATE
MAGNA PHARMACIA D.O.O.,HEALTH CARE
SUBGROUP AUTORITAS,CONSUMER STAPLES
SRBIJAAUTOPUT DOO BEOGRAD,INDUSTRIALS
TIS-MITROVIC DOO ZAJECAR,CONSUMER STAPLES
IKEA SRBIJA,CONSUMER DISCRETIONARY
"SANI OPTIK D.O.O., BEOGRAD",CONSUMER DISCRETIONARY
TELEKOMUNIKACIJA DOO,INDUSTRIALS
BEOECOTEL,INFORMATION TECHNOLOGY
ZVONKO MILOSAVLJEVIC PR FILI ZM,CONSUMER STAPLES
RABALUX DOO,NOT RELEVANT
VISNJICA DOO,CONSUMER DISCRETIONARY
PANONGRAD DOO,INDUSTRIALS
GROUP METAL-HEMICO,CONSUMER STAPLES
NESTLE ADRIATIC S DOO BEOGRAD-SURC,CONSUMER STAPLES
STEMAR SPED D.O.O.,INDUSTRIALS
GLETER-MAX DOO BEOGRAD - U PRINUDN,NOT RELEVANT
RISTIC DOO IVANJICA,CONSUMER DISCRETIONARY
KUHNE + NAGEL DOO,INDUSTRIALS
POSLOVNO UDRUZENJE DAVAOCA LIZINGA,INDUSTRIALS
VENAC AD PECINCI,REAL ESTATE
CARGO-PARTNER DOO BEOGRAD,INDUSTRIALS
EUROPAPRESS DOO BEOGRAD - U STECAJ,NOT RELEVANT
BUDUCNOST DOO VALJEVO,INDUSTRIALS
DOKA SERB DOO SIMANOVCI,INDUSTRIALS
WEST BEOCAR DOO,CONSUMER DISCRETIONARY
B&S IMMOBILIEN DOO,INDUSTRIALS
RESTART SHOP D.O.O.,CONSUMER DISCRETIONARY
OLEON DOO NOVI SAD,CONSUMER STAPLES
FINO VINO DOO BEOGRAD,CONSUMER STAPLES
ARTINVEST NAMESTAJ,CONSUMER DISCRETIONARY
BIOMEDICA MP DOO BEOGRAD,HEALTH CARE
SYMBOL DOO SUBOTICA,INDUSTRIALS
DOO HOLLO COMPANY DOROSLOVO,CONSUMER STAPLES
SOLCHEM S D.O.O.,MATERIALS
GROUP BAHUS,CONSUMER STAPLES
SMITRAN AUTO DOO,CONSUMER DISCRETIONARY
VIATOR & VEKTOR-TRANSPED-VRSAC DOO,NOT RELEVANT
NEVENA SPB DOO BEOGRAD (SAVSKI VEN,NOT RELEVANT
LTS D.O.O.,CONSUMER STAPLES
SCHMITZ CARGOBULL D.O.O.,NOT RELEVANT
BAJA D.O.O.,NOT RELEVANT
HUMANITARNA FONDACIJA BUDIMIR BOSK,INDUSTRIALS
"DRENIK ND D.O.O., BEOGRAD",MATERIALS
PREDSTAVNISTVO OSRAM EOOD,INDUSTRIALS
KROMBERG & SCHUBERT SRBIJA D.O.O.,CONSUMER DISCRETIONARY
COMPASS FOOD DOO BEOGRAD,CONSUMER STAPLES
TELEFONKABL DOO BEOGRAD,INDUSTRIALS
VS EVROCORN DOO,CONSUMER STAPLES
BANAT TRANS DOO ZRENJANIN,INDUSTRIALS
INDUSTRIJSKA OPREMA D.O.O.,INDUSTRIALS
IBIS-INSTRUMENTS DOO,INFORMATION TECHNOLOGY
DIV-TRADES DOO,MATERIALS
NOMIS DOO BEOGRAD,CONSUMER DISCRETIONARY
GROUP WEG,NOT RELEVANT
TROPICANA D.O.O.,CONSUMER STAPLES
UNIBROS D.O.O.,NOT RELEVANT
KREATIVA NEW FORMULA D.O.O.,NOT RELEVANT
ENERGOPROJEKT HOLDING A.D. BEOGRAD,INDUSTRIALS
AIR SERBIA A.D. BEOGRAD,INDUSTRIALS
VITAL AD VRBAS,NOT RELEVANT
APOTEKA VALJEVO,CONSUMER STAPLES
AGRO PRODUKT SRB DOO GOSPODINCI,CONSUMER STAPLES
JP VRBAS GAS VRBAS,UTILITIES
Sakal Ana Ester,NOT RELEVANT
SG NETWORKING DOO BEOGRAD,INDUSTRIALS
PORSCHE PARTNER,CONSUMER DISCRETIONARY
PREDUZECE STRELA DOO KLAJIC,CONSUMER STAPLES
UNICOM TELECOM DOO,INFORMATION TECHNOLOGY
GROUP MATIJEVIC,CONSUMER STAPLES
GOOD FOOD DOO BEOGRAD (VRACAR),CONSUMER STAPLES
AGROCOOP - U STECAJU,CONSUMER STAPLES
NAFTACHEM DOO SREMSKA KAMENICA,INDUSTRIALS
VEMI SUN DOO,UTILITIES
BOEHRINGER INGELHEIM SERBIA DOO BE,HEALTH CARE
COMMUNIS DOO BEOGRAD,COMMUNICATIONS
M I INVESTMENTS DOO,REAL ESTATE
SUBGROUP NECTAR,CONSUMER STAPLES
FLEET PARTNER DOO,INDUSTRIALS
AUTOPROMET DOO,CONSUMER DISCRETIONARY
DANIJELA (BRANKO) BELJANSKI,CONSUMER STAPLES
GROUP BMR,INDUSTRIALS
CANDY RUSH DOO BEOGRAD,CONSUMER STAPLES
LOGO DOO,INDUSTRIALS
GEINARRO DOO VALJEVO,CONSUMER DISCRETIONARY
TRANSAKS DOO,FINANCIALS
DALLAS NAMESTAJ DOO,CONSUMER DISCRETIONARY
GAS-FEROMONT AD STARA PAZOVA,UTILITIES
UNIVERZAL - HOLDING A.D.,NOT RELEVANT
A-G  DINAS 2005 DOO BEOGRAD - U LI,CONSUMER DISCRETIONARY
"PREDUZECE ZA TRGOVINU,POSREDOVANJE",INDUSTRIALS
INTERNATIONAL VIRTUAL OFFICE DOO,CONSUMER STAPLES
ZOP INZENJERING DOO,INDUSTRIALS
TAMNAVAPUT AD,INDUSTRIALS
UNIVERZAL TPM DOO BEOGRAD - U STEC,NOT RELEVANT
LIBERTAS-AGRAR DOO,CONSUMER STAPLES
DUNAV,NOT RELEVANT
LOMAX COMPANY DOO SUBOTICA,NOT RELEVANT
ENERGY NET ONE D.O.O.,INDUSTRIALS
AUTOTRANSPORT DOO KOSTOLAC,INDUSTRIALS
STUDIO M SAVREMENI SISTEMI GRADNJE,INDUSTRIALS
SIMULA D.O.O. NOVI SAD,INFORMATION TECHNOLOGY
ETP D.O.O.,INFORMATION TECHNOLOGY
USLUGA AD B.TOPOLA,CONSUMER STAPLES
AUTO KUCA SEKULIC DOO VETERNIK,CONSUMER DISCRETIONARY
MLINPRODUKT AD ADA,CONSUMER STAPLES
TRGOVINSKO PREDUZECE ALEX INTERNATI,INDUSTRIALS
GATARIC INTERNATIONAL GROUP DOO BEO,CONSUMER DISCRETIONARY
ZORKA PHARMA-HEMIJA DOO SABAC,MATERIALS
PARALELA PLUS D.O.O. BEOGRAD,CONSUMER STAPLES
DIJAMANT AGRAR A.D. ZRENJANIN,CONSUMER STAPLES
SUBGROUP BIGZ,MATERIALS
DOO VELISAVLJEV BOTOS,CONSUMER STAPLES
TARKETT DOO REPUBLIKA SRBIJA PREDST,INDUSTRIALS
KIT COMMERCE DOO BEOGRAD,CONSUMER DISCRETIONARY
UNI CHEM DOO,HEALTH CARE
DELTA CLEANROOM DOO BEOGRAD,INDUSTRIALS
REFOT B DOO BEOGRAD,CONSUMER DISCRETIONARY
ELIXIR ZORKA - MINERALNA DUBRIVA D,MATERIALS
KEOS D.O.O.,CONSUMER DISCRETIONARY
SALAS 024 D.O.O. SUBOTICA,CONSUMER STAPLES
VIATRIS HEALTHCARE D.O.O.,HEALTH CARE
ALCO GROUP HOTELI D.O.O. BEOGRAD,CONSUMER DISCRETIONARY
ASBIS DOO BEOGRAD,INFORMATION TECHNOLOGY
VODA VODA DOO,NOT RELEVANT
DRVOPROMET DOO LESKOVAC U STECAJU,CONSUMER DISCRETIONARY
"BMP AD,HOTEL HYATT",CONSUMER DISCRETIONARY
ZAJACA  RUDNICI I TOPIONICA AD,MATERIALS
PREDUZECE GEM-COMPANY DOO BEOGRAD,INDUSTRIALS
SOULFOOD DOO BEOGRAD,CONSUMER STAPLES
ROBNE KUCE BEOGRAD DOO BEOGRAD,REAL ESTATE
MARKO TRANS CARGO DOO,MATERIALS
VODOVOD I KANALIZACIJA JP GROCKA,UTILITIES
BALKAN CONCEPT DOO BEOGRAD,CONSUMER DISCRETIONARY
INTERFAST DOO BEOGRAD,INDUSTRIALS
BEOHEMIJA DOO,CONSUMER STAPLES
GASTEH DOO INDIJA,INDUSTRIALS
PERASTRA DOO BEOGRAD,CONSUMER STAPLES
GREEN BAY DOO BEOGRAD,REAL ESTATE
ALTIUM INTERNATIONAL D.O.O.,HEALTH CARE
NENAD (VELEMIR) VESKOV,CONSUMER STAPLES
GROUP SANI GROUP,CONSUMER DISCRETIONARY
SIMSPED D.O.O.,INDUSTRIALS
GRINDEX DOO  KIKINDA,INDUSTRIALS
KOMONT DOO BEOGRAD - U PRINUDNOJ L,INDUSTRIALS
ALEKSANDAR HOTEL DOO NOVI SAD,NOT RELEVANT
BIP a.d.,CONSUMER STAPLES
GP MOTORS DOO BEOGRAD - U PRINUDNO,CONSUMER DISCRETIONARY
TRIPLE JUMP DOO BEOGRAD,CONSUMER DISCRETIONARY
ALFA COMMERCE DOO SABAC,INDUSTRIALS
VETFARM AD BEOGRAD - U STECAJU,NOT RELEVANT
"S&B CONCRETE DOO BEOGRAD, ZEMUN",INDUSTRIALS
JKP VODOVOD I KANALIZACIJA,UTILITIES
SIEMENS IT SOLUTIONS AND SERVICES,NOT RELEVANT
GROUP FARMEKS,HEALTH CARE
GROUP PROGRES,INDUSTRIALS
DOO AQUA PROMET JAGODINA,INDUSTRIALS
Subgroup e& PPF Telecom Group,COMMUNICATIONS
PIP FOOD GROUP DOO,CONSUMER STAPLES
PDV INZENJERING DOO VALJEVO-POPUCK,INDUSTRIALS
DOO MSJ,CONSUMER STAPLES
GROUP VEGA,HEALTH CARE
FRU COM PLUS DOO,CONSUMER STAPLES
DIGITRON IST D.O.O. BEOGRAD,INDUSTRIALS
QUADRA PACK DOO BEOGRAD,MATERIALS
GROUP PARALELA,NOT RELEVANT
PP BRO ZIVA D.O.O.,NOT RELEVANT
DRUSTVENO PREDUZECE ZA LINIJSKI I T,NOT RELEVANT
DOO POLO VRSAC - U STECAJU,HEALTH CARE
DAREX D.O.O.,CONSUMER DISCRETIONARY
DIRECT MEDIA A.D.,NOT RELEVANT
NICCO AGRAR DOO,CONSUMER STAPLES
"POPADIC KOMERC DOO,KRAGUJEVAC",CONSUMER STAPLES
AGROZENIT ZZ,NOT RELEVANT
SET DOO SABAC,INDUSTRIALS
DOO AGROSOJ PLUS,CONSUMER STAPLES
LLOYD S REGISTER D.O.O. BEOGRA,INDUSTRIALS
ELKOK AD KOSJERIC,INDUSTRIALS
AKVAPAN INZENJERING DOO VRANICI,INDUSTRIALS
GAS INVEST DOO BEOGRAD,INDUSTRIALS
LUPO FASHION DOO BEOGRAD,CONSUMER DISCRETIONARY
BALKAN PLASTICS COMPANY DOO,INDUSTRIALS
GRAMPER D.O.O.,INDUSTRIALS
TIMAC AGRO BALKANS DOO NOVI SAD,MATERIALS
MAXIM MEDIA DOO BEOGRAD,COMMUNICATIONS
UNIFIEDPOST D.O.O.,INDUSTRIALS
SUN & DUN.A.V.,INDUSTRIALS
GROUP JOVANOVIC,INDUSTRIALS
STIL D.O.O. ZRENJANIN,CONSUMER DISCRETIONARY
MIVEX LOGISTICS DOO CACAK,INDUSTRIALS
ATAK INSAAT 2020 KRUSEVAC,INDUSTRIALS
ABELA PHARM DOO BEOGRAD,HEALTH CARE
A SPORT DD,CONSUMER DISCRETIONARY
SOMBOLED AD ZA PROIZVODNJU I PRERAD,CONSUMER STAPLES
GROUP KONSING,NOT RELEVANT
GRADI-TEL DOO SARBANOVAC BOR,ENERGY
GROUP TINA 2000 DOO,CONSUMER DISCRETIONARY
BEOKOM DOO BEOGRAD,CONSUMER DISCRETIONARY
PREDUZECE ZA PROVIZVODNJU PROMET I,NOT RELEVANT
INTERNATIONAL TRADE SYSTEM DOO,HEALTH CARE
KIJEVO DOO BEOGRAD,MATERIALS
DOLEX  DOO SABAC,INDUSTRIALS
GROUP MONTING-GROUP SP,INDUSTRIALS
METALAC BOJLER,CONSUMER DISCRETIONARY
PERNOD RICARD SRBIJA DOO,CONSUMER STAPLES
GROUP GREDA,REAL ESTATE
NARUTO DOO,REAL ESTATE
DOO  FOTOS CREPAJA,CONSUMER STAPLES
BOSAL DOO ZEMUN,INDUSTRIALS
FREY SERVICES DOO BEOGRAD,INDUSTRIALS
BIOCELL HOSPITAL OPSTA BOLNICA,HEALTH CARE
KRISTINA KARAJOVIC PR MPK-ALATNICA,INDUSTRIALS
ELBRACO GROUP DOO APATIN,CONSUMER DISCRETIONARY
EGAL STEEL DOO,INDUSTRIALS
AMICUS SRB DOO BEOGRAD,HEALTH CARE
AMAN RENT A CAR DOO BEOGRAD,FINANCIALS
MD INTERNATIONAL INVEST DOO,CONSUMER DISCRETIONARY
ALFA GLASS DOO,INDUSTRIALS
FSU AD,INDUSTRIALS
LUKA BEOGRAD AD BEOGRAD,INDUSTRIALS
TRIGRANIT DOO BEOGRAD U LIKVIDACIJ,NOT RELEVANT
GROUP CETNIK,INDUSTRIALS
GUDMARK GROUP DOO SABAC PREDSTAVN,CONSUMER DISCRETIONARY
PREDSTAVNISTVO GENERAL MOTORS,CONSUMER DISCRETIONARY
QA CUBE DOO,INFORMATION TECHNOLOGY
BEORELAX D.O.O.,NOT RELEVANT
GROS DOO NOVI SAD,INDUSTRIALS
DEXY CO KIDS,CONSUMER DISCRETIONARY
BEVETTI D.O.O. NOVI SAD,CONSUMER STAPLES
PREDUZECE ZA PROIZVODNJU PURATOS DO,CONSUMER STAPLES
AUTO KUCA-KOLE DOO BEOGRAD-ZEMUN,CONSUMER DISCRETIONARY
KEJ KOMERC DOO,MATERIALS
SELECT TRANSPORT D.O.O.,INDUSTRIALS
HBT LOGISTIKA DOO ZEMUN - U LIKVID,CONSUMER STAPLES
NAJEVROPLJANIN DOO NOVI SAD,REAL ESTATE
MAJA VLAOVIC,CONSUMER STAPLES
POLITEK DOO KRAGUJEVAC,INDUSTRIALS
PHOSPHEA DANUBE D.O.O.,MATERIALS
LUKI- KOMERC DOO,CONSUMER STAPLES
BB LOGISTIC 011 BOGDANKA ,INDUSTRIALS
SJM-AGROPROM D.O.O. VALJEVO,CONSUMER STAPLES
PUTNIK AD,CONSUMER DISCRETIONARY
KOBE GROUP D.O.O. BEOGRAD,MATERIALS
JUGO LADA DOO BEOGRAD,NOT RELEVANT
INNOVA MD GROUP DOO BEOGRAD - U LI,HEALTH CARE
UNOGRADNJA V.V.  DOO BEOGRAD - U S,NOT RELEVANT
FOODY RESTORANI D.O.O.,CONSUMER DISCRETIONARY
HOTEL GOLDEN HILL DOO BEOGRAD,CONSUMER DISCRETIONARY
NEXIM DOO BEOGRAD-ZVEZDARA,CONSUMER STAPLES
N & B PROM DOO VOGANJ,ENERGY
PHOENIX PHARMA D O O,HEALTH CARE
GRAND D GRUPA FLZ DOO BEOGRAD-PALI,INDUSTRIALS
EMA DOO,CONSUMER DISCRETIONARY
BEL CAR TEAM D.O.O.,CONSUMER DISCRETIONARY
GP UNACOP DOO BEOGRAD,INDUSTRIALS
PREDUZECE UZOR EKSPORT DOO MLADENOV,MATERIALS
FRUCT COMPANY,CONSUMER STAPLES
BAST COMMERCE D.O.O.,INDUSTRIALS
DOEHLER DOO BEOGRAD,CONSUMER STAPLES
SRBOAUTO DOO BEOGRAD,CONSUMER DISCRETIONARY
CONNECTIT D.O.O.,INFORMATION TECHNOLOGY
VEGA PROPERTIES D.O.O.,INFORMATION TECHNOLOGY
LABENA DOO BEOGRAD,HEALTH CARE
DOO 9.MAJ CONOPLJA,CONSUMER STAPLES
FUTURA GREEN VAT D.O.O.,UTILITIES
KAPIJA CIGOTE D.O.O.,CONSUMER DISCRETIONARY
MB METAL PROM DOO RUMA,CONSUMER DISCRETIONARY
FORTIS POWER COMMODITIES D.O.O.,UTILITIES
AGRO CESLA DOO RUMENKA,INDUSTRIALS
TENGE D.O.O. BEOGRAD-CUKARICA,INDUSTRIALS
BIROGRAF COMP DOO BEOGRAD,INDUSTRIALS
GROUP NIMAX,CONSUMER DISCRETIONARY
AUTOLAND BGD DOO BEOGRAD,CONSUMER DISCRETIONARY
KOVIS BP DOO EXPORT-IMPORT BACKA P,INDUSTRIALS
IGEPA DEUS D.O.O.,MATERIALS
KOPRA D.O.O. BEOGRAD,INDUSTRIALS
HIPRA INZENJERING PANCEVO,INDUSTRIALS
MEGALIT DOO RASKA,INDUSTRIALS
PRIVREDNO DRUSTVO ZA,NOT RELEVANT
DOO CHEMMAX BACKA PALANKA,MATERIALS
DRINA PLASTIKA-86,CONSUMER DISCRETIONARY
EURONAPA DOO BEOGRAD - U PRINUDNOJ,CONSUMER DISCRETIONARY
INDO ZINC SMELTERS U STECAJU,NOT RELEVANT
VENTURA DOO,NOT RELEVANT
TF KABLE FKZ DOO ZAJECAR,NOT RELEVANT
PRODRES D.O.O. KRUSEVAC,INDUSTRIALS
RADERA DOO SMEDEREVSKA PALANKA   P,NOT RELEVANT
MERKUR 3M-PRES DOO POZAREVAC,CONSUMER DISCRETIONARY
SKORPION UNION DOO NOVI SAD-,CONSUMER DISCRETIONARY
EUROPAPIER DUNAV DOO BEOGRAD,MATERIALS
BAD SISTEMS DOO,INFORMATION TECHNOLOGY
DUPONT SRB DOO BEOGRAD,MATERIALS
MINT PHARM,CONSUMER STAPLES
NEW FRONTIER INNOVA D.O.O. BEOGRAD,INFORMATION TECHNOLOGY
GOODWILL PHARMA DOO SUBOTICA,HEALTH CARE
ALPINA DRINK - U STECAJU,CONSUMER STAPLES
MARMIL BETON DOO BEOGRAD,MATERIALS
AGROGLOBE DOO NOVI SAD,CONSUMER STAPLES
NORTH LINE DOO SUBOTICA,CONSUMER STAPLES
BBT AD ZITISTE,CONSUMER STAPLES
GROUP RACA,CONSUMER STAPLES
NEW MEDIA IDEAS DOO BEOGRAD,COMMUNICATIONS
GROUP ANLEK,HEALTH CARE
TANOVA DOO NIS - U LIKVIDACIJI,CONSUMER STAPLES
BENEFIT D.O.O.,CONSUMER DISCRETIONARY
CURDIC DOO,INDUSTRIALS
VALJEVO PUT  DP,INDUSTRIALS
SUBGROUP HLEB I KIFLE,CONSUMER STAPLES
ADIGE BITUMI IMPRESA SPA OGRANAK,INDUSTRIALS
ICE CREAM FACTORY DOO BEOGRAD,CONSUMER STAPLES
NOVO PLUS DOO LJUBLJANA,CONSUMER STAPLES
RADIC PR RUMA,CONSUMER STAPLES
EURO SUMMAR DOO,CONSUMER DISCRETIONARY
MARA DOO SOMBOR,CONSUMER STAPLES
MPC HOLDING DOO BEOGRAD,INDUSTRIALS
GEROVIT DOO,MATERIALS
INPHARM CO DOO,HEALTH CARE
BEO RIBARSTVO DOO,CONSUMER STAPLES
AT KASTELEC DOO BEOGRAD,INDUSTRIALS
MESSER TEHNOGAS AD BEOGRAD,MATERIALS
URBAN-TECHNICS DOO,MATERIALS
POLLINO FRUIT DOO,CONSUMER STAPLES
NOLEKO DOO,INDUSTRIALS
MAKPHARM DOO BEOGRAD,HEALTH CARE
TEHNOMEDIA CENTAR DOO ZAJECAR,CONSUMER DISCRETIONARY
"STO POSTO  DOO, BEOGRAD",CONSUMER STAPLES
KVANTEKS - U STECAJU,NOT RELEVANT
AD FABRIKA ULJA KRUSEVAC - U STECA,NOT RELEVANT
GROUP PZP NIS,INDUSTRIALS
DOO PELUS APATIN - U STECAJU,NOT RELEVANT
KONSTRUKTOR KONSALTING,INDUSTRIALS
JKP VODOVOD SREMSKA MITROVICA,UTILITIES
SMKR SASA 1,CONSUMER STAPLES
TTTECH AUTO DOO BANJA LUKA,INDUSTRIALS
INSTALATER DOO BEOGRAD,INDUSTRIALS
ARBORSPALET 2010 DOO BA¿KA PALANKA,MATERIALS
AGROKIKI D.O.O.,CONSUMER STAPLES
MITROS FLEISCHWAREN DOO,CONSUMER STAPLES
MCF MEGACOM FILMS,COMMUNICATIONS
COMING-COMPUTER ENGINEERING DOO BE,INFORMATION TECHNOLOGY
GROUP ZITOPROMETMLIN,CONSUMER STAPLES
BATA DOO,INDUSTRIALS
NAGY RET,CONSUMER STAPLES
BAYER DOO BEOGRAD,MATERIALS
MIREX DOO RUMENKA,INDUSTRIALS
DAILY EXPRESS DOO BEOGRAD,CONSUMER DISCRETIONARY
HISENSE EUROPE CUSTOMER CARE CENTA,NOT RELEVANT
TRGOVINSKO PREDUZECE SNAVEL-SRBIJAT,NOT RELEVANT
VELEFARM AD HOLDING KOMPANIJA BEOG,NOT RELEVANT
EURO PERTOL TRANS DOO,NOT RELEVANT
GROUP NIBENS,INDUSTRIALS
LUDAN ENGINEERING DOO BEOGRAD,INDUSTRIALS
C.O.D. DOO BEOGRAD,CONSUMER DISCRETIONARY
"VULE - MARKET DOO BEOGRAD, SREMCIC",CONSUMER STAPLES
COSMOPROFESSIONAL DOO BEOGRAD,CONSUMER STAPLES
STEPCON DOO,INDUSTRIALS
STRABAG BMTI,INDUSTRIALS
CHS SERBIA DOO NOVI SAD,CONSUMER STAPLES
GP GRANIT-PESCAR DOO LJIG,MATERIALS
INIZIO AUTO DOO NOVI SAD,INDUSTRIALS
PANALEX AD BEOGRAD,INDUSTRIALS
AU DR.MAX ,CONSUMER STAPLES
PAN LOGISTIC DOO,INDUSTRIALS
EJ EXCLUSIVE,CONSUMER DISCRETIONARY
PWW DEPONIJA DOO JAGODINA,INDUSTRIALS
LUKOIL SRBIJA D.O.O.  BEOGRAD,CONSUMER DISCRETIONARY
METAL-CENTAR DOO VOJKA,INDUSTRIALS
DONIC DOO VELIKA PLANA,CONSUMER DISCRETIONARY
RAIL CARGO CARRIER - SERBIA D.O.O. ,INDUSTRIALS
SOFTWAREONE D.O.O. - U LIKVIDACIJI,INFORMATION TECHNOLOGY
FERTICO DOO INDIJA,MATERIALS
MAROX DOO,NOT RELEVANT
"PREDUZECE ZA PROIZVODNJU, PROMET,",CONSUMER DISCRETIONARY
SRPSKA FABRIKA ZA RECIKLAZU,INDUSTRIALS
ALUMINUM SYSTEMS AND CONSTRUCTIONS,INDUSTRIALS
PSG BANATSKI DVOR DOO NOVI SAD,ENERGY
PRIVREDNO DRUSTVO ZA,CONSUMER STAPLES
DOO NIKOM  KRAGUJEVAC,CONSUMER DISCRETIONARY
C&R VENTURES DOO BEOGRAD,REAL ESTATE
DN & T INVESTING GROUP DOO BEOGRAD,INDUSTRIALS
DATA 011 DOO,INFORMATION TECHNOLOGY
JAVNO KOMUNALNO PREDUZECE ZA JAVNE,INDUSTRIALS
"EKUPI DOO BEOGRAD, VILINE VODE BB",CONSUMER DISCRETIONARY
PETROL DOO BEOGRAD,ENERGY
"FRUIT INTERNATIONAL DOO BEOGRAD, N",CONSUMER STAPLES
DELTA HOSPITALITY DOO BEOGRAD,CONSUMER DISCRETIONARY
BOGDANOVIC,CONSUMER STAPLES
SAT OUTSOURCING,INDUSTRIALS
INTERSPED-B DOO BEOGRAD,INDUSTRIALS
AGRO INVEST 2025 DOO SUBOTISTE,INDUSTRIALS
UZOR DOO NOVI SAD,REAL ESTATE
LOZ DOO,INDUSTRIALS
ORBIT STREEM,INDUSTRIALS
BALKAN 2001 DOO SABAC,INDUSTRIALS
CBS INTERNATIONAL DOO,REAL ESTATE
SECURITAS SERVICES DOO,INDUSTRIALS
NIS A.D. NOVI SAD,ENERGY
ADVISE INSTITUTE DOO,INDUSTRIALS
ZANA DURIC PR MRVICA ARILJE,CONSUMER STAPLES
FLEXOPACK TRADE AND SERVICES DOO,MATERIALS
VISOKA STRUKOVNA SKOLA - INTERNACI,CONSUMER DISCRETIONARY
BOBAN COMERC DOO,CONSUMER STAPLES
HALO OGLASI DOO BEOGRAD,COMMUNICATIONS
"KOSANICA DOO, NIS",INDUSTRIALS
RUMA - U STECAJU,CONSUMER DISCRETIONARY
BEGRAM SERVIS DOO,INFORMATION TECHNOLOGY
IRADIA DOO SREMSKA KAMENICA,CONSUMER STAPLES
ROLYPOLY DOO CACAK U STECAJU,NOT RELEVANT
HONEYWELL DOO BEOGRAD,NOT RELEVANT
GROUP DIRECT GROUP HOLDING,CONSUMER STAPLES
AGROGRNJA DOO PIVNICE,CONSUMER STAPLES
EXTRA - AUTOTRANSPORT DOO,INDUSTRIALS
MULTICATERING D.O.O. BEOGRAD,INDUSTRIALS
REDOM  DOO SMEDEREVO,REAL ESTATE
C.I.A.K. DOO NOVI SAD,CONSUMER DISCRETIONARY
JKP BEOGRADSKI VODOVOD I KANALIZAC,UTILITIES
ORANGE PLUS DOO KISELJAK,CONSUMER STAPLES
DELTA DMD D.O.O.,CONSUMER STAPLES
PROGRES DOO NOVI SAD,CONSUMER STAPLES
MELOVIC GRADNJA DOO,INDUSTRIALS
AGROHEM - U STECAJU,NOT RELEVANT
FUTURA PLUS DOO,CONSUMER STAPLES
NOVART DOO KRAGUJEVAC,CONSUMER DISCRETIONARY
SOFEX DOO NOVI SAD,CONSUMER DISCRETIONARY
EUROPAMONT DOO NOVI SAD,CONSUMER STAPLES
INOS - BALKAN DOO VALJEVO,NOT RELEVANT
SUNCE DOO BEOGRAD-ZEMUN,NOT RELEVANT
VECTOR MANAGEMENT INTERNATIONAL,NOT RELEVANT
REGIONALNA PRIVREDNA KOMORA KRUSEV,INDUSTRIALS
TANKMONT DOO BEOGRAD,INDUSTRIALS
PIZZA BAR DOO BEOGRAD,CONSUMER DISCRETIONARY
M.M.M. - METKOMERC VODICE,INDUSTRIALS
COMMERCIAL DEVELOPMENTS DOO BEOGRA,REAL ESTATE
STAR IMPORT D.O.O.,CONSUMER DISCRETIONARY
ALPLA DOO BEOGRAD,MATERIALS
GOSA FSV DOO,INDUSTRIALS
FRESKO EXPORT IMPORT DOO,CONSUMER STAPLES
"DOO UNITEHNA KRUSEVAC, VELIKO GOLO",INDUSTRIALS
NANDOR (ISTVAN) VERES,CONSUMER STAPLES
RP COMPANY DOO NOVI SAD,CONSUMER STAPLES
PTP ROYAL-TRADE DOO KIKINDA,CONSUMER STAPLES
BEL CAR DOO NOVI SAD,CONSUMER DISCRETIONARY
ERAKOVIC DOO  KULA,CONSUMER STAPLES
VRACAR SISTEM DOO,NOT RELEVANT
BEZDAN DOO BEZDAN,NOT RELEVANT
KOPEX MIN-FITIP AD NIS - U LIKVIDA,INDUSTRIALS
PAKOM - U STECAJU,INFORMATION TECHNOLOGY
KOLAREVIC DOO POJATE,CONSUMER DISCRETIONARY
KOTEKS DOO,CONSUMER STAPLES
GROUP GP AUTO SHOP,CONSUMER DISCRETIONARY
FENIKS-FOCUS D.O.O.,NOT RELEVANT
MILAN BLAGOJEVIC A.D.SMEDEREVO,NOT RELEVANT
KREATIVA UNLIMITED DOO BEOGRAD,CONSUMER DISCRETIONARY
GORENJE STUDIO DOO BEOGRAD,CONSUMER DISCRETIONARY
"DIOPTA DOO BEOGRAD,UMKA",CONSUMER DISCRETIONARY
AVGERINOS DOO SUBOTICA,CONSUMER STAPLES
SMART MEDIA PRODUCTION DOO - U LIK,COMMUNICATIONS
LAGUNA DOO BEOGRAD,COMMUNICATIONS
IC CONSULENTEN DOO BEOGRAD,INDUSTRIALS
SZR NATRON 2002 VUKOVIC VESNA PR R,MATERIALS
ZZ AGROPROM STARA PAZOVA,CONSUMER STAPLES
ELITA-COP DOO BEOGRAD-ZEMUN,INDUSTRIALS
PRO-LOG SR DOO,INDUSTRIALS
PIONIR DOO BEOGRAD,CONSUMER STAPLES
MAT-REAL ESTATE D.O.O,REAL ESTATE
IQVIA RDS,HEALTH CARE
STUDIO SOUND LUXURY,CONSUMER DISCRETIONARY
CETNIK D.O.O. VALJEVO,INDUSTRIALS
CVRCAK DOO,INDUSTRIALS
VELEPRODAJNI CENTAR DOO,NOT RELEVANT
PFI DOO ZEMUN,CONSUMER STAPLES
KIA AUTO DOO BEOGRAD,CONSUMER DISCRETIONARY
PB NITOM DOO NIS,CONSUMER DISCRETIONARY
FRATELLO TRADE DOO,CONSUMER STAPLES
MOBILNI MARKET DOO,INFORMATION TECHNOLOGY
I&F GRUPA DOO,COMMUNICATIONS
GOSA  KOMERC DOO VRANJE,INDUSTRIALS
INTERNATIONAL ALEXANDER D.O.O. NOV,INDUSTRIALS
IN TIME EXPRESS DOO BEOGRAD,INDUSTRIALS
STDCOIL DOO,INDUSTRIALS
SIRMIUMBUS D.O.O.,INDUSTRIALS
EUROIMPEX AUTOGROUP D.O.O. BEOGRAD,CONSUMER DISCRETIONARY
DOO JGP PETROVIC OTPAD OTPAD,INDUSTRIALS
SVETI NIKOLA DOO SECANJ,CONSUMER STAPLES
MEDIPORT DOO BEOGRAD,HEALTH CARE
ZLATIBORAC DOO BEOGRAD,CONSUMER STAPLES
DOO VASOVIC CACAK,CONSUMER STAPLES
NC SERVICES,INDUSTRIALS
INBERG DOO BEOGRAD,CONSUMER STAPLES
SYNGENTA AGRO DOO BEOGRAD,CONSUMER STAPLES
TALIJA LAB MANJA MITROVIC PR,HEALTH CARE
"NEW MOMENT NEW IDEAS COMPANY DOO,",COMMUNICATIONS
KEMOIMPEX AD,REAL ESTATE
TUPLEX SRB DOO,MATERIALS
PREDUZECE ZA INTEGRALNE MARKETING K,NOT RELEVANT
VOPACHEL DOO,MATERIALS
NORAD SMB DOO,NOT RELEVANT
PARK PRIRODE MOKRA GORA DOO,CONSUMER DISCRETIONARY
ZASTAVA AUTOMOBILI AD KRAGUJEVAC -,NOT RELEVANT
VULIC & VULIC D.O.O.,NOT RELEVANT
ZADRUGA MRKSICEVI SALASI,CONSUMER STAPLES
ALBIRO D.O.O. - U LIKVIDACIJI,CONSUMER DISCRETIONARY
RADULOVIC AUTOMOBILI DOO,CONSUMER DISCRETIONARY
AGROZIV AD,CONSUMER STAPLES
ORBITA RENT A CAR DOO,CONSUMER DISCRETIONARY
JKP DUBOKO UzICE ,INDUSTRIALS
UNIVEREXPORT DOO NOVI SAD,CONSUMER STAPLES
SBM EUROTRADE TRGOVINA DOO,CONSUMER DISCRETIONARY
DOO MINI PANI,CONSUMER STAPLES
COMUTEL DOO BEOGRAD,INFORMATION TECHNOLOGY
AVICOMP D.O.O. BEOGRAD,INDUSTRIALS
REPRO MARKET DOO BEOGRAD,INFORMATION TECHNOLOGY
METALAC MARKET,CONSUMER DISCRETIONARY
CENTRAL-H D.O.O.,INDUSTRIALS
FLYING CARGO YU DOO BEOGRAD - ZEMU,INDUSTRIALS
ITALIAN DESIGN CENTER DOO BEOGRAD,CONSUMER DISCRETIONARY
ENERGOGLOBAL DOO FUTOG,INDUSTRIALS
VLADEX DOO VELIKA DRENOVA,INDUSTRIALS
Z.A.FRUIT VALJEVO,CONSUMER STAPLES
MARKO-MEAT DOO BEOGRAD,CONSUMER STAPLES
MITUS D.O.O.,INDUSTRIALS
LOGISTICKI CENTAR TRANSPORTSPED DO,INDUSTRIALS
FARMACIJA KORP.INTERNACIONAL DOO,HEALTH CARE
ZASTAVA PROMET D.O.O.BGD,NOT RELEVANT
JKP NAISSUS NIS,UTILITIES
ELEKTROVODOMONT DOO KONAREVO,NOT RELEVANT
GROUP C.O.D. ,CONSUMER DISCRETIONARY
ECOFORM DOO BEOGRAD,NOT RELEVANT
SEME PRODUKT AD CACAK PREDUZECE ZA,CONSUMER STAPLES
DELIGHT AAS DOO,INDUSTRIALS
KOPOVI AD,MATERIALS
TEGO-TRANS DOO NOVI BEOGRAD,INDUSTRIALS
BLOKMI INVEST D.O.O. BEOGRAD,INDUSTRIALS
PREDUZECE ZA TRGOVINU I USLUGE ANLE,HEALTH CARE
APOTEKARSKA USTANOVA SOPHARMACY NO,CONSUMER STAPLES
SANDVIK SRBIJA DOO,INDUSTRIALS
DMA KOPING DOO BEOGRAD,INDUSTRIALS
DOBERGARD PLUS D.O.O. BEOGRAD,INDUSTRIALS
NES COMMUNICATIONS DOO BEOGRAD,INDUSTRIALS
HEKTOR SISTEM DOO,CONSUMER STAPLES
NS UNION TEHNIKA DOO NOVI SAD,INDUSTRIALS
TERMO PLUS DOO BARAJEVO,INDUSTRIALS
PROVENTUSS DOO BEOGRAD - U PRINUDN,NOT RELEVANT
RES TRADE DOO NOVI SAD,INDUSTRIALS
DZAVIC DOO BOGATIC,NOT RELEVANT
BEOTELNET-ISP DOO BEOGRAD,INFORMATION TECHNOLOGY
BLACK FLY LINE D.O.O.,INDUSTRIALS
GRADIENT DOO BEOGRAD,MATERIALS
JUST IN CASE,CONSUMER DISCRETIONARY
TRANS-JUG DOO OBRENOVAC,INDUSTRIALS
SC TASMAJDAN BEOGRAD,CONSUMER DISCRETIONARY
KNEZEV GROUP D.O.O. BECEJ,CONSUMER DISCRETIONARY
PREDSTAVNISTVO ALLIED TELESIS,INFORMATION TECHNOLOGY
LIFT & CARRY DOO,INDUSTRIALS
KDD AUTO D.O.O. BEOGRAD,CONSUMER DISCRETIONARY
PORTEST GROUP DOO BEOGRAD,INDUSTRIALS
GRUNER SERBIAN DOO VLASOTINCE,CONSUMER DISCRETIONARY
CAR RENTAL DOO NOVI BEOGRAD,INDUSTRIALS
SLO-DEL,CONSUMER DISCRETIONARY
UNIPOS DOO MAJUR,INFORMATION TECHNOLOGY
GROUP MEDIUS,CONSUMER STAPLES
EAST GRAIN D.O.O.,CONSUMER STAPLES
EMERALD HILL D.O.O.,INDUSTRIALS
IPSOS STRATEGIC MARKETING DOO BEOG,COMMUNICATIONS
GROUP PRIMAR,INDUSTRIALS
MY MORE DOO BEOGRD,INDUSTRIALS
UTC EUROPAK DOO,CONSUMER STAPLES
DELOITTE D.O.O. BEOGRAD,INDUSTRIALS
LIDER-PRO DOO,ENERGY
"DRUSTVO ZA INZENJERING,",INDUSTRIALS
CORNER KIOSK D.O.O. NOVI SAD,CONSUMER STAPLES
TOPOLA-COMMERCE DOO SENTA,CONSUMER STAPLES
JUGO MONT DOO NOVI SAD,INDUSTRIALS
"PATRIMONS D.O.O.,BEOGRAD",NOT RELEVANT
WEIFERT STR VLADAN KRCADINAC PR PA,CONSUMER STAPLES
NOVOMETAL DOO NOVI SAD,MATERIALS
NBK DOO NOVA PAZOVA,CONSUMER DISCRETIONARY
EURONET SERVICES DOO,INDUSTRIALS
SILA DOO STARA MORAVICA,INDUSTRIALS
"PIONIRSPED ATP K.D. C.GUZVICA,M.BOJ",INDUSTRIALS
PRIMAR TIM INZENJERING D.O.O.,INDUSTRIALS
BMK NOVA TRGOVINA DOO BEOGRAD,CONSUMER STAPLES
MIKROE DOO BEOGRAD,INFORMATION TECHNOLOGY
WSL REFRIGERATION DOO,INDUSTRIALS
ELLOPAK TEM DOO,CONSUMER STAPLES
JUGOTEX DOO SMEDEREVO,CONSUMER DISCRETIONARY
KSS,INDUSTRIALS
BG ELEKTRONIK DOO BEOGRAD,CONSUMER DISCRETIONARY
MASTER FRUITS D.O.O. BEOGRAD,CONSUMER STAPLES
BIO SAVE D.O.O. BEOGRAD,HEALTH CARE
EGLO RASVETA DOO BEOGRAD,CONSUMER DISCRETIONARY
ALFA RS DOO LIPOLIST,NOT RELEVANT
TINA 2000 DOO SABAC - U STECAJU,CONSUMER DISCRETIONARY
VULKAN GUME,MATERIALS
MEDOPRODUKT DOO TAVANKUT,NOT RELEVANT
GDC SERVICES AND SOLUTIONS D.O.O.,INFORMATION TECHNOLOGY
ATOM PARTNER DOO BEOGRAD,INFORMATION TECHNOLOGY
GENEZA DOO,CONSUMER STAPLES
CT RETAIL - U STECAJU,CONSUMER DISCRETIONARY
MK LOGISTIKA D.O.O. NOVI SAD,INDUSTRIALS
SMURFIT KAPPA DOO,MATERIALS
JULIUS MEINL DOO BEOGRAD,CONSUMER STAPLES
EE WASTE GROUP DOO,INDUSTRIALS
FLEUNERRA DOO SABAC,CONSUMER STAPLES
M-ONE E-COMM DOO,INDUSTRIALS
AUTO CACAK KOMERC D.O.O. CACAK,CONSUMER DISCRETIONARY
TPA ZA OBEZBEDENJE KVALITETA I INO,INDUSTRIALS
GROUP STEVAN STILL,CONSUMER STAPLES
GROUP AGENT PLUS,INDUSTRIALS
"KOMPANIJA KTITOR DOO BEOGRAD, ZEMU",INDUSTRIALS
KEMOIMPEX AUTO DOO,CONSUMER DISCRETIONARY
DE HEUS DOO,CONSUMER STAPLES
PERIC TRANS COMPANY DOO BEOGRAD,INDUSTRIALS
EM COMMERCE DOO,CONSUMER DISCRETIONARY
EURO-CORP GROUP DOO SENTA,CONSUMER STAPLES
SAM-SON COMPANY DOO,CONSUMER DISCRETIONARY
GP AUTO-SHOP DOO MEDVEDA - U STECA,CONSUMER DISCRETIONARY
GROUP AGROZIV,NOT RELEVANT
JABLANICA A.D.,NOT RELEVANT
AMC DIVISION DOO - U PRINUDNOJ LIK,CONSUMER DISCRETIONARY
DISTRI PRESS DOO BEOGRAD,NOT RELEVANT
WOOD MASTER DOO VALJEVO,INDUSTRIALS
ZAPADNA BAEKA D.P.,UTILITIES
GROUP IBIS-PETROL,NOT RELEVANT
IBC NANOTEX SRB DOO,CONSUMER DISCRETIONARY
RAMADA STR PETROV DUSAN PR ZRENJAN,CONSUMER STAPLES
TEHNIKA HIDRAULIKE ST DOO BEOGRAD,INDUSTRIALS
PODUNAVLJE A.D. CELAREVO,CONSUMER STAPLES
AUTOTRANSPORT DP KRALJEVO,INDUSTRIALS
PRICA CATERING,INDUSTRIALS
PREDUZECE SENTA  ,UTILITIES
AUTO KUCA KOMPRESOR PRODAJA AUTOMOB,CONSUMER DISCRETIONARY
METEOR-JORGE GROUP,CONSUMER DISCRETIONARY
KHS DOO BEOGRAD,CONSUMER DISCRETIONARY
MARK INVESTMENT D.O.O.,INDUSTRIALS
TANDEM DOO,CONSUMER DISCRETIONARY
INDAS AUTOMATION DOO,INFORMATION TECHNOLOGY
METRO CASH & CARRY DOO BEOGRAD,CONSUMER STAPLES
ATLAS  DOO  SEVOJNO,CONSUMER DISCRETIONARY
RAJNA RADIC PR GYMNASIUM,CONSUMER DISCRETIONARY
DEUS PORT DOO BEOGRAD,REAL ESTATE
ALIPLAST ALUMINIUM SYSTEMS D.O.O.,INDUSTRIALS
VICTORY ELECTRIC,INDUSTRIALS
DOO POLET PARACIN,INDUSTRIALS
KIBID DOO,CONSUMER STAPLES
AB CONSTRUCT TEAM DOO BEOGRAD,INDUSTRIALS
KRYOGAS DOO BEOGRAD,CONSUMER DISCRETIONARY
GROUP SLOBODAN RADUN,CONSUMER STAPLES
CONTANGO DOO-BEOGRAD,MATERIALS
DOO SVET MEDIA BEOGRAD,CONSUMER DISCRETIONARY
MOPEX-TEKUCE ODRZAVANJE DOO BEOGRA,INDUSTRIALS
REAL ESTATE RENT 4 DOO BEOGRAD,REAL ESTATE
L OREAL BALKAN DOO BEOGRAD,CONSUMER STAPLES
DSV ROAD DOO,INDUSTRIALS
DVORANA DOMA SINDIKATA DOO BEOGRAD,COMMUNICATIONS
PAPIRPRINT,INDUSTRIALS
DOO AGROUNIJA INDIJA,CONSUMER STAPLES
MING D.O.O.  BEOGRAD,INDUSTRIALS
DP LUX DISTRIBUTION D.O.O.,CONSUMER DISCRETIONARY
PROTEHEL DOO BEOGRAD,INDUSTRIALS
MPZ-AGRAR D.O.O.,CONSUMER STAPLES
MASTER FRIGO D.O.O.,INDUSTRIALS
NESA PETROL DOO TOPOLA,CONSUMER DISCRETIONARY
NAVITAS DOO BEOGRAD,INDUSTRIALS
BILJNI LEKAR DOO VELIKO GRADISTE,MATERIALS
FCA SRBIJA,CONSUMER DISCRETIONARY
NOVI PAZAR-PUT,INDUSTRIALS
DOO FARM COMMERC CANTAVIR,NOT RELEVANT
ALBUS AD NOVI SAD,NOT RELEVANT
PEPCO D.O.O.,CONSUMER DISCRETIONARY
ACCENTURE SERVICES DOO,INDUSTRIALS
TERMOVENT DOO UZICE,INDUSTRIALS
FCC EKO DOO BEOGRAD,INDUSTRIALS
KIM-TEC DOO BEOGRAD,INFORMATION TECHNOLOGY
MV-SISTEM CO. DOO BEOGRAD,CONSUMER STAPLES
FORMA IDEALE DOO KRAGUJEVAC,CONSUMER DISCRETIONARY
PZP KRAGUJEVAC DOO,INDUSTRIALS
ROTOMETAL ALATI D.O.O. BEOGRAD,INDUSTRIALS
MAC S MEDICAL SEE. DOO VRSAC,HEALTH CARE
AUTOKOMERC D.O.O.,CONSUMER DISCRETIONARY
MIR INZENJERING DOO BEOGRAD - U ST,INDUSTRIALS
DOO VITOROG-PROMET NOVI SAD,CONSUMER DISCRETIONARY
TEHO-INN,FINANCIALS
ENERGOPROJEKT-INDUSTRIJA AD,INDUSTRIALS
SKF COMMERCE DOO BEOGRAD,INDUSTRIALS
BIO PANON D.O.O.,CONSUMER STAPLES
NDC DOO BEOGRAD,INDUSTRIALS
KONSTRUKTOR OPREMA DOO,INDUSTRIALS
VANEX DOO BEOGRAD,MATERIALS
MASUT-PROMET DOO PROKUPLJE,CONSUMER STAPLES
NISSAL INZENJERING DOO BEOGRAD (VO,MATERIALS
GROUP ALMEX,CONSUMER STAPLES
DRAGICEVIC DOO BEOGRAD BARIC,INDUSTRIALS
PLATTNER DOO BACKA PALANKA,INDUSTRIALS
DOO STATOVAC-KOMERC LESKOVAC,CONSUMER DISCRETIONARY
DRENINVEST DOO BEOGRAD,CONSUMER STAPLES
METALFER STEEL MILL DOO SR MITROVIC,INDUSTRIALS
AIGO BS DOO BEOGRAD,INFORMATION TECHNOLOGY
SUPERMARKETI AS DOO,CONSUMER STAPLES
K&K ELECTRONICS DOO BEOGRAD - U ST,NOT RELEVANT
KRKA-FARMA DOO BEOGRAD,HEALTH CARE
EURO STYRO THERM DOO,MATERIALS
PREDUZECE ZA SPOLJNU I UNUTRASNJU T,CONSUMER DISCRETIONARY
AGRO RAVANGRAD DOO SOMBOR,CONSUMER STAPLES
MOJ KIOSK GROUP DOO,CONSUMER STAPLES
AGROMIN DOO RUMENKA,CONSUMER STAPLES
BOTUNJAC FRIGO D.O.O. VARVARIN,INDUSTRIALS
VODOPRIVREDA DP,INDUSTRIALS
REGINA (FRANJO) HOLO,CONSUMER STAPLES
SAGA DOO BEOGRAD,INFORMATION TECHNOLOGY
DAREX DOO NOVI SAD,CONSUMER STAPLES
PETRUZALEK DOO BEOGRAD,INDUSTRIALS
VIZIM SUPPORT OFFICE DOO BEOGRAD,INDUSTRIALS
ALFA COLOR DOO KRAGUJEVAC,INDUSTRIALS
ELEKTROMETAL PLUS DOO BEOGRAD,INDUSTRIALS
G4S SECURE SOLUTIONS DOO BEOGRAD,INDUSTRIALS
TRANSLOG SISTEM DOO,CONSUMER DISCRETIONARY
BLUE STORE DOO BEOGRAD,CONSUMER DISCRETIONARY
PREDUZECE PUBLIKUM DOO,INDUSTRIALS
KARIN INVEST DOO NOVI SAD,REAL ESTATE
DRUSTVO ZA PROIZVODNJU ULJA,ENERGY
COMPANY SU AZOTARA DOO SUBOTICA,CONSUMER STAPLES
APS AVIATION PARTS SERVICE DOO BEO,INDUSTRIALS
VALTEC DOO BEOGRAD-VRACAR,ENERGY
FASEK DOO NOVI SAD,INDUSTRIALS
DISTRIBUTION SOLUTION DOO PANC,CONSUMER STAPLES
BANINI TRADE DOO KIKINDA - U STECA,CONSUMER STAPLES
AUDAX D.O.O.,NOT RELEVANT
BARKEL DOO CANTAVIR,CONSUMER STAPLES
SECUT ONE DOO,INDUSTRIALS
JP VODOKANAL BECEJ      ,UTILITIES
BOFFETTI BALCAN DOO,INDUSTRIALS
WE SHARE SPACE DOO BEOGRAD,REAL ESTATE
ALGORITAM DOO,INFORMATION TECHNOLOGY
NOVAMAT,INDUSTRIALS
VGP INDUSTRIAL DEVELOPMENT D.O.O.,REAL ESTATE
SERBIAN ROLL SERVICE COMPANY DOO,MATERIALS
VANAS DOO BEOGRAD,INDUSTRIALS
SN-TRADE DOO NOVI SAD,INDUSTRIALS
STEVAN (MILIVOJ) BELJANSKI,CONSUMER STAPLES
ALFANOVA DOO,CONSUMER STAPLES
NOKIA SOLUTIONS AND NETWORKS SERBIA,INFORMATION TECHNOLOGY
HEKTAR DOO DOROSLOVO,CONSUMER STAPLES
GP 5D DOO PANEVLJE VRANJE,INDUSTRIALS
RATKO MITROVIC-STANDARD DOO,NOT RELEVANT
COPEX D.O.O.,CONSUMER STAPLES
DNEVNIK VOJVODINA PRESS D.O.O. NOV,CONSUMER DISCRETIONARY
KONSTRUKTOR GRADNJA DOO BEOGRAD,NOT RELEVANT
CIRA DOO MIONICA,MATERIALS
DADI-CAFE PASCALIN DOO BEOGRAD,CONSUMER STAPLES
DOO ZENIT PRIJEPOLJE,CONSUMER STAPLES
DIV LEK D.O.O. BEOGRAD,HEALTH CARE
BUBIC DOO STARI BANOVCI,INDUSTRIALS
DZ ACIBADEM BEL MEDIC SLAVIJA,HEALTH CARE
TIM 99 DOO BEOGRAD,CONSUMER STAPLES
SECURITY SHOP DOO BEOGRAD,INDUSTRIALS
ARUP DOO BEOGRAD (SAVSKI VENAC),INDUSTRIALS
SUBGROUP NELT,CONSUMER STAPLES
AKRIS DOO CANTAVIR,CONSUMER STAPLES
COPTECH DOO BEOGRAD,INDUSTRIALS
ARPAD TOT PREDUZETNIK T 1 ADA,INDUSTRIALS
PREDUZECE HIDRO-BAZA DOO BEOGRAD,INDUSTRIALS
RECIKLAZNI CENTAR M.M.L. DOO,INDUSTRIALS
TOPACO DOO BEOGRAD,CONSUMER DISCRETIONARY
BARRY CALLEBAUT SOUTH EAST EUROPE,CONSUMER STAPLES
Adria Serbia Holdco B.V.,COMMUNICATIONS
NIS-EKSPRES DOO NIS ?AMURLIJA,INDUSTRIALS
GUMA-PROMET D.O.O.VALJEVO,CONSUMER DISCRETIONARY
PREDUZECE WINNERS COMPANY DOO DUBO,CONSUMER STAPLES
TIM TRADE DOO,MATERIALS
SAGA INVEST DOO BEOGRAD,REAL ESTATE
GROUP DMB PROMET,INDUSTRIALS
GROUP BEOKOM,CONSUMER DISCRETIONARY
TERMOPORD DOO BEOGRAD,INDUSTRIALS
VP   DIMA DOO VELIKA PLANA,CONSUMER STAPLES
KALDERA COMPANY,INDUSTRIALS
SUBGROUP MKG AGRINVESTMENT,CONSUMER STAPLES
SYMETRIA DOO,REAL ESTATE
PIA S DOO BEOGRAD,CONSUMER DISCRETIONARY
MORAVA GAS DOO MORAVCI,CONSUMER DISCRETIONARY
NUTRIAL DOO VRSAC,CONSUMER STAPLES
ZITOBANAT D.O.O. VRSAC,CONSUMER STAPLES
NINI-S 2012 DOO,CONSUMER STAPLES
BEOLIK,INFORMATION TECHNOLOGY
TEHNOEXPORT DOO INDIJA,INDUSTRIALS
DERDAP TURIST D.O.O. KLADOVO,CONSUMER DISCRETIONARY
FRUCT LOGISTIC DOO,INDUSTRIALS
DELTA FEED D.O.O.,CONSUMER STAPLES
AIRPORT CITY DOO BEOGRAD,REAL ESTATE
DRUSTVO SA OGRANICENOM ODGOVORNOSC,CONSUMER STAPLES
JKP GORICA NIS,INDUSTRIALS
EVERGREEN FOR DEVELOPMENT B.V. OGRA,INDUSTRIALS
GENERAL-AUTO DOO NOVI SAD - U STEC,CONSUMER DISCRETIONARY
GRAND LINE DOO - U STECAJU,INDUSTRIALS
EKI PAY DOO,FINANCIALS
NASA SKOLA AD OBRENOVAC,INDUSTRIALS
AQUARIS DOO BEOGRAD - U PRINUDNOJ,CONSUMER STAPLES
TP VUCIJAK DOO UB,INDUSTRIALS
UNIFARM-MEDICOM DOO BEOGRAD,HEALTH CARE
NEW LOG DOO - U STECAJU,INDUSTRIALS
GRUNDFOS SRBIJA DOO,INDUSTRIALS
DELHAIZE SERBIA DOO BEOGRAD,CONSUMER STAPLES
I - CARGO INC SREMSKA MITROVICA,INDUSTRIALS
PVC PROFIL CENTAR PRISLONICA DOO,INDUSTRIALS
ROCHE D.O.O.,HEALTH CARE
"MILENKOVIC DOO BEOGRAD, OBRENOVAC",INDUSTRIALS
EKSPLOZIVI RUDEX D.O.O. BEOGRA,INDUSTRIALS
HIDROOPREMA DOO SABAC,INDUSTRIALS
BM TRGOVINA DOO PARACIN,CONSUMER STAPLES
MIRARO DOO BEOGRAD,INDUSTRIALS
AMETEK,INDUSTRIALS
TERI ENGINEERING DOO BEOGRAD,INFORMATION TECHNOLOGY
ELEKTRO ENERGY DOO BEOGRAD,INDUSTRIALS
DANONE ADRIATIC DOO BEOGRAD - U LI,CONSUMER STAPLES
PREDUZECE NIJANSA DOO NIS,MATERIALS
RUBIN AD KRUSEVAC,NOT RELEVANT
MG PROMET DOO NOVI SAD,CONSUMER STAPLES
BUDUCNOST AD NOVI SAD,INDUSTRIALS
MENTA D.O.O.U STECAJU CACAK,NOT RELEVANT
BASTA-PROMET DOO NOVI SAD,CONSUMER STAPLES
"INSERT DOO, RUMA",CONSUMER DISCRETIONARY
GROUP VEGA IT SOURCING,INFORMATION TECHNOLOGY
PLAMEN DOO,INDUSTRIALS
MORAVACEM,MATERIALS
HUAWEI TECHNOLOGIES DOO BEOGRAD,INFORMATION TECHNOLOGY
DATA STATUS,COMMUNICATIONS
ECO RUBBER DOO,INDUSTRIALS
LIST COMPUTERS DOO BEOGRAD,CONSUMER DISCRETIONARY
group karin invest,INDUSTRIALS
ACETIK DOO BEOGRAD,INDUSTRIALS
MYCOM BALKAN DOO,INDUSTRIALS
NELT PROPERTIES D.O.O.,CONSUMER STAPLES
GROUP PROTON SYSTEM,HEALTH CARE
BMS CHEMIE DOO BEOGRAD,MATERIALS
GREINER RECYCLING DOO NOVA GAJDOBRA,INDUSTRIALS
GROUP MINOTTi,CONSUMER DISCRETIONARY
SGS BEOGRAD DOO BEOGRAD,INDUSTRIALS
TRIFEKS DOO BEOGRAD,INDUSTRIALS
ERS PALACE DOO,REAL ESTATE
METALSKA INDUSTRIJA VARAZDIN-TRADE,INDUSTRIALS
PROSTOR JKP SOMBOR,REAL ESTATE
FORMAPHARM ENGINEERING GROUP DOO,INDUSTRIALS
JP PUTEVI SRBIJE,INDUSTRIALS
DOBRAVAC - U STECAJU,NOT RELEVANT
HRANA PRODUKT DOO,CONSUMER STAPLES
AD PD JEDINSTVO ZABALJ - U LIKVIDA,NOT RELEVANT
GRADSKA TOPLANA PIROT,UTILITIES
PIK-BECEJ DOO BECEJ,CONSUMER STAPLES
ANDEX DOO SUBOTICA,REAL ESTATE
ALL CONTROL D.O.O.,INDUSTRIALS
BRETHIL WOOD,MATERIALS
SPAJIC DOO NEGOTIN,INDUSTRIALS
`OCULUS` BEOGRAD,HEALTH CARE
PROMANDS DOO,CONSUMER STAPLES
ADDUCO TRADING D.O.O.,ENERGY
SIMIL SZR ILIC MIROSLAV PREDUZETNI,CONSUMER DISCRETIONARY
GANGYUAN CO.,MATERIALS
TEKIJANKA DOO TEKIJA,CONSUMER STAPLES
PREDUZECE STOJIC ELEKTRIK DOO CACA,INDUSTRIALS
ORIFLAME KOZMETIKA DOO BEOGRAD,CONSUMER STAPLES
HENKEL SRBIJA DOO BEOGRAD,CONSUMER STAPLES
OSNOVA-PROJEKT AD BEOGRAD,INDUSTRIALS
DEUS BUSINESS GROUP DOO BEOGRAD,MATERIALS
MILSPED DOO BEOGRAD,INDUSTRIALS
ELIXIR NATURA DOO SABAC,CONSUMER STAPLES
RASCO-TAMP DOO SENTA,INDUSTRIALS
GALERIJA PODOVA DOO,CONSUMER DISCRETIONARY
SUBGROUP LILLY DROGERIE,CONSUMER STAPLES
DELTA-MATIC DOO NIS - U STECAJU,NOT RELEVANT
GENEL SIGURNE VEZE DOO NOVI SAD,CONSUMER DISCRETIONARY
AGENCIJA COLOR MEDIA D.O.O.,CONSUMER DISCRETIONARY
INSPIRION DOO - U LIKVIDACIJI,CONSUMER DISCRETIONARY
VLATACOM INSTITUT DOO BEOGRAD,INDUSTRIALS
IRVA DOO BEOGRAD,NOT RELEVANT
GRADJEVINSKO PREDUZECE NEIMAR DOO,INDUSTRIALS
NP PANIC TRADE DOO,CONSUMER STAPLES
TOPLICAGRADNJA,INDUSTRIALS
KASTRUM DOO PETROVAC NA MLAVI,CONSUMER STAPLES
DOO BIO FISH APATIN,CONSUMER STAPLES
MONTPROJEKT DOO BEOGRAD,INDUSTRIALS
KEY4S DOO,INDUSTRIALS
DOO TIM BANATSKI KARLOVAC,MATERIALS
FKL D.O.O.,INDUSTRIALS
VODOPRIVREDNO PREDUZECE,INDUSTRIALS
PUTEVI DOO IVANJICA,INDUSTRIALS
RPT TRADE DOO BACKA PALANKA,INDUSTRIALS
APOTEKARSKA USTANOVA LEKOFARMA  SA,CONSUMER STAPLES
TPV SUMADIJA DOO KRAGUJEVAC,CONSUMER DISCRETIONARY
IMPULS-HEMIJA D.O.O. NOVI SAD,CONSUMER STAPLES
MAGNA FIT DOO,CONSUMER DISCRETIONARY
GROUP POLET,INDUSTRIALS
SUBGROUP ASA SERBIA,INDUSTRIALS
subgroup atb,INDUSTRIALS
KAPPA STAR RECYCLING DOO UMKA,INDUSTRIALS
GALEB METAL PACK DOO SABAC,MATERIALS
SINFONIKA - U STECAJU,NOT RELEVANT
NERA DOO NEGOTIN   - U PRINUDNOJ L,CONSUMER DISCRETIONARY
GALENIKA-FITOFARMACIJA AD BEOGRAD,MATERIALS
MB 100 - U STECAJU,CONSUMER DISCRETIONARY
MERKUR-INTERNATIONAL D.O.O. BEOGRA,CONSUMER DISCRETIONARY
DOO AGRODINAMIKA SIRIG,CONSUMER STAPLES
EURO MOTUS DOO BEOGRAD,ENERGY
MOTOSPEED DOO BEOGRAD,MATERIALS
KROKUS DOO GOLOBOK,INDUSTRIALS
GROUP KIT COMMERCE,CONSUMER DISCRETIONARY
3S INVEST DOO NIS,HEALTH CARE
COTEXSA D.O.O.,CONSUMER DISCRETIONARY
PALFINGER PROIZVODNJA,INDUSTRIALS
S-NINE TRADE,CONSUMER STAPLES
EUROGUMA-BBS DOO BEOGRAD - U STECA,CONSUMER DISCRETIONARY
IVERPAN D.O.O.,CONSUMER DISCRETIONARY
SAGA DRVO DOO BEOGRAD,MATERIALS
KLUZ-TISA AD,NOT RELEVANT
JUGO-IMPEX DOO NIS,MATERIALS
GROUP A-GRUPA,NOT RELEVANT
INDUSTRIJA GRADJEVINSKOG MATERIJALA,MATERIALS
HECK DOO NOVI SAD,INDUSTRIALS
GROUP PIP ,CONSUMER STAPLES
UGS PRO DOO BEOGRAD  SAVSKI VENAC,CONSUMER STAPLES
JKP PARKING SERVIS NOVI SAD,INDUSTRIALS
DUNA STEEL COMPANY DOO - U PRINUDN,MATERIALS
STIM GRADNJA DOO BEOGRAD - U STECA,INDUSTRIALS
TOP STOP AUTO DOO NOVI SAD,CONSUMER DISCRETIONARY
CINEPLEXX SRB,COMMUNICATIONS
MILSPED AML,INDUSTRIALS
SUBGROUP PHOENIX PHARMA,HEALTH CARE
GROUP ELIXIR,MATERIALS
SENTA-PROMET TP PO A.D.,CONSUMER STAPLES
TEAMEDICAL DOO,HEALTH CARE
ZZ STO-VET STARI ZEDNIK,CONSUMER STAPLES
KOMPONENT COMMERCE DOO KIKINDA,CONSUMER STAPLES
ROAMING ELECTRONICS DOO BEOGRAD,CONSUMER DISCRETIONARY
TIKI DOO,INDUSTRIALS
DIPeM CACAK,CONSUMER DISCRETIONARY
EYESEE D.O.O.,COMMUNICATIONS
DTL DOO BEOGRAD,CONSUMER STAPLES
INTERNATIONAL NEW VISION UNION DOO,CONSUMER DISCRETIONARY
LAZIC-POLJO KOMERC DOO GOLUBINCI,CONSUMER STAPLES
GLOBULINKS ZAPADNI BALKAN,INDUSTRIALS
KOKTEL-PJESCIC-POPOVIC DOO,CONSUMER STAPLES
INVICTUS SYSTEM TRANSPORT &,INDUSTRIALS
MIN LOKOMOTIVA AD NIS - U STECAJU,NOT RELEVANT
LANUS DOO BEOGRAD,INFORMATION TECHNOLOGY
MEDILINK DOO,CONSUMER DISCRETIONARY
GROUP MORAVA KG,CONSUMER STAPLES
JP NISSTAN NIS,INDUSTRIALS
BEOGRADSKA PEKARSKA INDUSTRIJA D.O,NOT RELEVANT
METALAC-PROLETER AD,CONSUMER STAPLES
NEW MOMENT IDEAS INVESTMENT DOO BE,CONSUMER DISCRETIONARY
BUSINESS PARK DOO,REAL ESTATE
IZDAVACKA KUCA FRESKA DOO BEOGRAD,COMMUNICATIONS
PLANETA SPORT D.O.O. BEOGRAD,CONSUMER DISCRETIONARY
TRGOCENTAR 94 DOO RUMA,MATERIALS
KONVOJ - TRANS DOO KRAGUJEVAC,CONSUMER STAPLES
PBD UNION DOO,CONSUMER DISCRETIONARY
IBM-INTERNATIONAL BUSINESS MACHINE,INFORMATION TECHNOLOGY
PLANET BIKE CO. DOO,CONSUMER DISCRETIONARY
PRIMERO RENT A CAR D.O.O.,INDUSTRIALS
METALAC A.D.,CONSUMER DISCRETIONARY
P.S. TELEFONIJA AD BEOGRAD U STECA,INFORMATION TECHNOLOGY
LAGER - U STECAJU,INDUSTRIALS
V.B.R. & CO - U STECAJU,NOT RELEVANT
MST INTERNATIONAL DOO BEOGRAD,HEALTH CARE
AUTOSRBIJA AD BEOGRAD,NOT RELEVANT
GROUP FEROMONT INZENJERING,NOT RELEVANT
GRANEXPORT DOO PANCEVO,CONSUMER STAPLES
ZAGREBTRANS D.O.O.,INDUSTRIALS
AS-PREVOZ DOO BAJINA BASTA,CONSUMER STAPLES
AUTOPREVOZ DP,INDUSTRIALS
HODLMAYR ZASTAVA DOO KRAGUJEVAC,INDUSTRIALS
ABB DOO,INDUSTRIALS
SEBASTIJAN LIMARIJA JEDINSTVO EMI,INDUSTRIALS
JAKOB BECKER,INDUSTRIALS
GORAN BOGDANOVIC PR BOGDANOVIC MEA,CONSUMER STAPLES
LIGHT STUDIO,NOT RELEVANT
MIMA KOMERC DOO BEOGRAD,INDUSTRIALS
GROUP LOGO BEOGRAD,INDUSTRIALS
COMTRADE DISTRIBUTION,INFORMATION TECHNOLOGY
AUTO REAL DOO - U LIKVIDACIJI,CONSUMER DISCRETIONARY
CH-AVIATION SOLUTIONS DOO BEOGRAD,INDUSTRIALS
NEW IMOBILIA DEVELOP DOO BEOGRAD,REAL ESTATE
EURO LINE DOO VUCKOVICA,CONSUMER STAPLES
TIM-COP DOO TEMERIN,INDUSTRIALS
YUBC INVEST D.O.O. BEOGRAD,MATERIALS
PATECH DOO - U PRINUDNOJ LIKVIDACI,INFORMATION TECHNOLOGY
CYNK-MAL DOO ALEKSINAC U LIKVIDACI,INDUSTRIALS
STUDIO MODERNA D.O.O.,CONSUMER DISCRETIONARY
DURIC-DOBRAVAC DOO SABAC,CONSUMER STAPLES
PANTELIC DOO KRALJEVO,CONSUMER STAPLES
NOVI OKOV DOO,INDUSTRIALS
VINARIJA ALEKSANDROVIC DOO VINCA,CONSUMER STAPLES
PREDSTAVNISTVO DONAUCHEM GMBH,MATERIALS
GROUP AUTO MIRKOS,CONSUMER DISCRETIONARY
STYLINE,CONSUMER STAPLES
VIBRANT DOO,CONSUMER DISCRETIONARY
SUMADIJA OMEGA DOO PIROMAN,MATERIALS
RADIX DOO BEOGRAD,CONSUMER STAPLES
SOKO INZINJERING DOO NOVI BEOGRAD,INDUSTRIALS
SB FERONA NOVI SAD,HEALTH CARE
LUXOL SINCE 1884,CONSUMER STAPLES
VALJAONICA BAKRA SEVOJNO AD SEVOJN,MATERIALS
IBIS-SOLUTIONS,INFORMATION TECHNOLOGY
MINERAL PRO DOO BEOGRAD,MATERIALS
KONVAR DOO BEOGRAD,INDUSTRIALS
MERCATA VT DOO,CONSUMER STAPLES
YETTEL D.O.O.,COMMUNICATIONS
ASTRA TELEKOM DOO BEOGRAD,COMMUNICATIONS
BELCOM DOO GORNJI MILANOVAC - U ST,MATERIALS
7. JULI PROMET DOO VRANJE,CONSUMER STAPLES
KTC DOO SUBOTICA - U LIKVIDACIJI,CONSUMER STAPLES
UNITEH A.D. ZA PROIZVODNJU KOMPRESO,INDUSTRIALS
group morava in doo krusevac,INDUSTRIALS
STATIK,INDUSTRIALS
STRATEMIS DOO,INDUSTRIALS
ELIXIR GROUP DOO,MATERIALS
ART PETROL DOO,CONSUMER DISCRETIONARY
NEW CITY MARKET DOO,CONSUMER STAPLES
GROUP gAMA CONSULTING,INDUSTRIALS
KORPORION PARK DOO,REAL ESTATE
ALMANI KOKO D.O.O. - U PRINUDNOJ L,INDUSTRIALS
KUK SRBIJA DOO BEOGRAD,CONSUMER STAPLES
KS SPEDITION & LOGISTIC DOO BEOGRA,INDUSTRIALS
IVDAM PROCESS CONTROL DOO BEOGRAD,INDUSTRIALS
JKP GRADSKI VODOVOD PROKULJE,UTILITIES
IMPACT CORPORATION DOO,INDUSTRIALS
NIMAX INVEST DOO,REAL ESTATE
PREDUZEzE KT SATORI DOO KRAGUJEVAC,CONSUMER DISCRETIONARY
BIRO - STEVANOVIC DOO PROKUPLJE,INDUSTRIALS
MLEKARA   GLOZANE,CONSUMER STAPLES
DENEZA M INZENJERING DOO BEOGRAD,INDUSTRIALS
AGROLEK DOO NOVI SAD,CONSUMER STAPLES
SKALA GARDEN  DOO SUBOTICA,MATERIALS
MOLIMENTUM D.O.O.,INDUSTRIALS
HOME PLUS DOO BEOGRAD - U STECAJU,CONSUMER DISCRETIONARY
AVE&VETMEDIC DOO BEOGRAD-CUKARICA,HEALTH CARE
STARBACO DOO,CONSUMER DISCRETIONARY
STING DOO PETROVAC,CONSUMER DISCRETIONARY
SUBGROUP SCP,MATERIALS
LIDL Srbija KD,CONSUMER STAPLES
SPEDTRANS WORLD DOO BEOGRAD,INDUSTRIALS
SRPSKA FONDACIJA ZA PREDUZETNISTVO,NOT RELEVANT
BB COMPANY,CONSUMER STAPLES
BMD BAU DOO BEOGRAD,INDUSTRIALS
MARS DOO BEOCIN,INDUSTRIALS
TIS-UNIVER SAVIC DOO,INDUSTRIALS
DRUSTVO SA OGRANICENOM ODGOVORNOSCU,CONSUMER DISCRETIONARY
AUTO BENUSSI DOO BEOGRAD,INDUSTRIALS
AMS-UNION DOO TRSTENIK,INDUSTRIALS
SMC INDUSTRIAL AUTOMATION D.O.O.,INDUSTRIALS
RAAVEX-GROUP DRUSTVO,CONSUMER DISCRETIONARY
BIOESEN DOO KULA,CONSUMER STAPLES
IRON MOUNTAIN DOO NOVI BANOVCI,INDUSTRIALS
VD DUNAV AD,INDUSTRIALS
TRNAVA PROMET DOO KRAGUJEVAC,CONSUMER STAPLES
FARMALOGIST DOO BEOGRAD,HEALTH CARE
STABILNA GRADNJA 2016 DOO,MATERIALS
ABBVIE,HEALTH CARE
LIDER FRIGO,INDUSTRIALS
OPSTA BOLNICA EUROMEDIK 2,HEALTH CARE
GROUP DAYS IN COLOURS,CONSUMER STAPLES
QUALITY AUSTRIA CENTER,INDUSTRIALS
KIOSK MERKUR PRES DOO POZAREVAC,CONSUMER DISCRETIONARY
MEDICO UNO PREDUZECE ZA TRGOVINU D.,NOT RELEVANT
NIKSA KOMERC DOO BEOGRAD,NOT RELEVANT
RTB BOR GRUPA RBB DOO U RESTRUKTUIR,NOT RELEVANT
VLADO BAUMASCHINEN D.O.O.,INDUSTRIALS
LIBERTAS DOO BEOGRAD,CONSUMER STAPLES
ADRIA MEDIA GROUP DOO,COMMUNICATIONS
JKP INFOSTAN TEHNOLOGIJE BEOGRAD,INFORMATION TECHNOLOGY
GROUP AGROFARM,CONSUMER DISCRETIONARY
ST.MARK,CONSUMER STAPLES
ZEPTER SHIPYARD IMMO D.O.O. BE,REAL ESTATE
DUMICO DOO BEOGRAD,CONSUMER STAPLES
TRANSPORT BROWELL NN DOO,INDUSTRIALS
BVG KOMERC DOO LESKOVAC,CONSUMER STAPLES
GROUP SILBO,CONSUMER STAPLES
DOO PIP NOVI SAD,CONSUMER STAPLES
BLUMEN MARKET DOO,CONSUMER DISCRETIONARY
CTP INVEST,REAL ESTATE
BAVARIA TEAM DOO CACAK,CONSUMER DISCRETIONARY
AUSTRIJSKI INSTITUT DOO BEOGRAD,CONSUMER DISCRETIONARY
AWT INTERNATIONAL D.O.O. BEOGRAD,CONSUMER STAPLES
"KOMPANIJA SIMPO ZA PROIZVODNJU, PRO",CONSUMER DISCRETIONARY
RATKO MITROVIC - DEDINJE DOO BEOGR,INDUSTRIALS
BAZIS GRUPA,NOT RELEVANT
BEOGRAF- BUKULJA,NOT RELEVANT
TELESIGN D.O.O. BEOGRAD,INFORMATION TECHNOLOGY
ALEBRA DOO,CONSUMER STAPLES
FEROMONT INZENJERING DOO BEOGRAD,INDUSTRIALS
JERRY CATERING SERVICE DOO,CONSUMER DISCRETIONARY
LADY F DOO BEOGRAD,CONSUMER DISCRETIONARY
TEHNOUNION-EXIM DOO SREMSKA KAMENI,INDUSTRIALS
GOLDEN BEAUTY SHOP DOO PANCEVO,CONSUMER STAPLES
MAJESTIC DOO BEOGRAD,CONSUMER DISCRETIONARY
M & B TRANS DOO,INDUSTRIALS
TREF STR,CONSUMER STAPLES
LOGOPORTO DOO BEOGRAD,INDUSTRIALS
ZORKA BPD DOO,MATERIALS
FORTUNA DIGITAL DOO,INDUSTRIALS
TOP DEISA,CONSUMER STAPLES
MG GROUP RECRUITMENT,INDUSTRIALS
SOLE-KOMERC DOO,CONSUMER STAPLES
DOO EURO LIN PARACIN,INDUSTRIALS
RONALD (ROBERT) HOLO,CONSUMER STAPLES
VULIN-COMERC D.O.O.,CONSUMER STAPLES
MOKINT S - U PRINUDNOJ LIKVIDACIJI,NOT RELEVANT
PANON PLUS - U STECAJU,NOT RELEVANT
LAFARGE BETON DOO BEOGRAD,MATERIALS
MV JONA DOO BEOGRAD,MATERIALS
FOND ZA RAZVOJ REPUBLIKE SRBIJE,FINANCIALS
TAHAL GROUP B.V. OGRANAK,INDUSTRIALS
SQUADRA DOO BEOGRAD,CONSUMER STAPLES
GROUP TRANSPORTSPED,INDUSTRIALS
GAMA CONSULTING DOO PROKUPLJE,INDUSTRIALS
ZIG TRADE DOO,INDUSTRIALS
ARSENOVIC  D00 SABAC,CONSUMER STAPLES
ROLAND (ROBERT) HOLO,CONSUMER STAPLES
SILBO DOO BEOGRAD,CONSUMER STAPLES
DESPOS DOO SABAC,INDUSTRIALS
POLIKLINIKA EUROMEDIC-DIAGNOSTIC,HEALTH CARE
DIMIDIJUS PHARM DOO BEOGRAD,HEALTH CARE
ADAM-SPED SYSTEM DOO,INDUSTRIALS
AD IMLEK,CONSUMER STAPLES
TEHNOLINK DOO,INDUSTRIALS
ATRIKOD DOO KRUSEVAC,INDUSTRIALS
UNITED CLOUD DOO BEOGRAD,INFORMATION TECHNOLOGY
GIRTPRO INZENJERING D.O.O. BEOGRAD,INDUSTRIALS
B&N DIZAJN DOO PANCEVO,CONSUMER DISCRETIONARY
Sirmium Steel d.o.o. - technikai,MATERIALS
BAUER+BAUER DOO BEOGRAD,CONSUMER DISCRETIONARY
BEXX LOGISTIC DOO,INDUSTRIALS
GUCA INDUSTRIJSKI KOMBINAT AD,CONSUMER STAPLES
KRP DOO NOVI SAD,NOT RELEVANT
STAV DOO PRIZREN,CONSUMER DISCRETIONARY
HEMOFARM DOO SABAC,HEALTH CARE
NATURA TRADE DOO,MATERIALS
TIM W.E. SEE DOO BEOGRAD - U STECA,INFORMATION TECHNOLOGY
LINDEN PVK D.O.O. - U PRINUDNOJ LI,CONSUMER STAPLES
FLINT GROUP BALKAN DOO GORNJI MILA,MATERIALS
GROUP DOBERGARD,INDUSTRIALS
PHYTOCARE DOO,CONSUMER STAPLES
EUROSALON FABRIKA DOO BEOGRAD,CONSUMER DISCRETIONARY
DOO ANDREJA TEMERIN,CONSUMER DISCRETIONARY
GLOBAL SEED D.O.O. CURUG,CONSUMER STAPLES
AD SIGMA BEOGRAD,INDUSTRIALS
DON DON DOO BEOGRAD,CONSUMER STAPLES
GROUP MANEKS,INDUSTRIALS
IVKOVIC DOO BOLEC,CONSUMER DISCRETIONARY
DELTA PREVING DOO BEOGRAD,INDUSTRIALS
LABTEH DOO BEOGRAD,HEALTH CARE
SAMOSTALNO TRGOVINSKO KOMISIONA RA,CONSUMER STAPLES
APA DOO APATIN,CONSUMER STAPLES
NEVENA COLOR DOO LESKOVAC,MATERIALS
LUXOR CO  PREDUZECE ZA PROIZVODNJU,NOT RELEVANT
MAKPETROL DOO BEOGRAD,NOT RELEVANT
MAGNA SEATING D.O.O.,CONSUMER DISCRETIONARY
PEK - PETROL DOO KUCEVO,NOT RELEVANT
GP ARADINOVIC DOO,INDUSTRIALS
PODGORINA FRUCHT DOO,CONSUMER STAPLES
TENFORE DOO,FINANCIALS
DOMING DOO SIMANOVCI,INDUSTRIALS
UNIPLAST-ZIVANOVIC DOO JELENCA,CONSUMER DISCRETIONARY
JAT AIRWAYS SRBIJA I CRNA GORA JP P,CONSUMER DISCRETIONARY
D.M.B. PROMET DOO BEOGRAD,INDUSTRIALS
TRES MONTANA DOO BEOGRAD,CONSUMER DISCRETIONARY
LOVACKO UDRUZENJE DRAGACEVO GUCA,NOT RELEVANT
GETRACO DOO BOLJEVCI,CONSUMER STAPLES
E-SMART SYSTEMS DOO BEOGRAD,INFORMATION TECHNOLOGY
ADRIA TRGOVINA,CONSUMER STAPLES
KIMBY-CO DOO,CONSUMER STAPLES
OBW GRADNJA,INDUSTRIALS
EUROFOAM SUNDJERI DOO NOVA PAZOVA,MATERIALS
"ENEL PS DOO,  NOVI BEOGRAD",INFORMATION TECHNOLOGY
BIO UNA DOO NOVI SAD,INDUSTRIALS
ALEKSIC  DR NEMANJA ADVOKAT,INDUSTRIALS
RESINEX SRBIJA DOO BEOGRAD,MATERIALS
MONARH DOO BEOGRAD (VRACAR),INDUSTRIALS
A.M.A. GROUP BEOGRAD,INDUSTRIALS
MARNI D.O.O. KRUSEVAC,CONSUMER STAPLES
RATKO MITROVIC,NOT RELEVANT
SIMEXGROUP DOO SUBOTICA,CONSUMER STAPLES
CMS REICH-ROHRWIG HAINZ DOO BEOGRA,INDUSTRIALS
JUST PAPER DOO BEOGRAD,MATERIALS
PP SOMBOR D.O.O.,NOT RELEVANT
PREDUZECE DRENOVAC DOO MIROSALJCI,CONSUMER STAPLES
POSLOVNI CENTAR CITY PASSAGE - UDR,NOT RELEVANT
SUBGROUP SINTELON,INDUSTRIALS
MINEL GENERAL ELECTRIC,INDUSTRIALS
LYCTUM,INDUSTRIALS
BIO SAVE LAB NS,HEALTH CARE
CIAK TRUCK,CONSUMER DISCRETIONARY
AGROHIM & KEMOIMPEX DOO,CONSUMER DISCRETIONARY
GROUP DJAK,CONSUMER DISCRETIONARY
AGROPANONKA MTZ FINKE DOO NOVI SAD,INDUSTRIALS
GROUP COMTRADE,INFORMATION TECHNOLOGY
DELTA AUTOMOTO DOO,CONSUMER DISCRETIONARY
CONING - PPI DOO NOVI SAD,HEALTH CARE
PROMONT GROUP DOO NOVI SAD,INDUSTRIALS
SMKR-SASA DOO BEOGRAD,CONSUMER STAPLES
SUN CHEMICAL PRINTING INK DOO BEOG,NOT RELEVANT
ELEKTRODISTRIBUCIJA SRBIJE,UTILITIES
GOMBIT DOO BEOGRAD,CONSUMER STAPLES
BIBO-CAR DOO POZAREVAC,CONSUMER DISCRETIONARY
X-TRADE DOO JAGODINA,CONSUMER DISCRETIONARY
GRAFIPROF DOO BEOGRAD,NOT RELEVANT
ABT LOGISTIC 2021 DOO,INDUSTRIALS
EXTREME DOO BEOGRAD,INFORMATION TECHNOLOGY
SOT DOO BEOGRAD,INDUSTRIALS
SITOPLAST DOO,INDUSTRIALS
GROUP GEINARRO,CONSUMER DISCRETIONARY
SQUADRA  GROUP,CONSUMER DISCRETIONARY
DUNEX DOO BEOGRAD,INDUSTRIALS
IGT DOO CACAK,MATERIALS
MULTIVAC,INDUSTRIALS
BRACA CRNOMARKOVIC D.O.O. STARI BA,CONSUMER DISCRETIONARY
THE END OF LINE DOO BEOGRAD,MATERIALS
TRGOVINA TRLIC,CONSUMER STAPLES
NATASA DRLJACA PREDUZETNIK DRAGSTO,CONSUMER STAPLES
NS PLAKAT DOO NOVI SAD,INDUSTRIALS
PC CENTAR DOO BEOGRAD,INFORMATION TECHNOLOGY
GROUP ZELVOZ GOSA,INDUSTRIALS
DINAMIKA DOO NOVI SAD,INDUSTRIALS
PALLADIO EAST DOO VRSAC,MATERIALS
SLOBODNA ZONA BEOGRAD AD,NOT RELEVANT
NPCO DOO BEOGRAD,NOT RELEVANT
PWW LESKOVAC DOO,INDUSTRIALS
ECOLAND DOO SMEDEREVO,NOT RELEVANT
GRAIN D.O.O. BEOGRAD U LIKVIDACIJI,INDUSTRIALS
Subroup Alas Serbia,MATERIALS
TEHNOKOMERC DOO KRUSEVAC,INDUSTRIALS
KEPO DOO KOSJERIC,INDUSTRIALS
DOO MB KOMERC RUMA,CONSUMER STAPLES
UNIVERZITET PRIVREDNA AKADEMIJA U,CONSUMER DISCRETIONARY
VERMAX-ALATI DOO BEOGRAD,INDUSTRIALS
GLOVOAPP TECHNOLOGY D.O.O.,CONSUMER DISCRETIONARY
DELTA REAL ESTATE DOO BEOGRAD,REAL ESTATE
GROUP EUROMEDIC POLIKLINIKA,HEALTH CARE
UNCONDITIONAL,CONSUMER STAPLES
DZ EUROMEDIK BEOGRAD,HEALTH CARE
MDS INFORMATICKI INZENJERING DOO B,INFORMATION TECHNOLOGY
MCF MEGACOM FILM DOO BEOGRAD,COMMUNICATIONS
BUSES AND COACHES DOO,CONSUMER DISCRETIONARY
STRUJA DOO NOVI SAD,INDUSTRIALS
LAFARGE GIPS BEOCIN D.O.O.,MATERIALS
TALUM DOO SABAC,MATERIALS
FITEKS D.O.O. BEOGRAD,CONSUMER DISCRETIONARY
VEKIC CHOCOLATE DOO TEMERIN - U ST,NOT RELEVANT
KNAUF AMF DOO BEOGRAD,INDUSTRIALS
MG OIL DOO BEOGRAD,ENERGY
TDR DOO BEOGRAD - U LIKVIDACIJI,CONSUMER STAPLES
PENTAKS TT DOO SABAC,CONSUMER DISCRETIONARY
DINAKOM D.O.O.,NOT RELEVANT
MUSTANG DOO PIROT,CONSUMER STAPLES
PREDUZECE AD DOO SABAC,INDUSTRIALS
"METEOR SN BIRO D.O.O, BEOGRAD",INDUSTRIALS
AVE PHARMACEUTICAL DOO,CONSUMER STAPLES
ZLATAR DOO MRAMORAK,CONSUMER STAPLES
BEO DRAGOS DOO BEOGRAD,MATERIALS
TAUROLL DOO BEOGRAD,INDUSTRIALS
ETAZ DOO BEOGRAD,INDUSTRIALS
PIJACA JP LESKOVAC,NOT RELEVANT
SLOBODA DOO,CONSUMER STAPLES
NIK PRO DOO - U STECAJU,CONSUMER STAPLES
ROX-BG DOO BEOGRAD,CONSUMER DISCRETIONARY
ALKALOID SEE DOO BEOGRAD,INDUSTRIALS
INTER-KOMERC DOO RACA,CONSUMER STAPLES
JAVORNIK DOO SUBOTICA,INDUSTRIALS
MASINOPROJEKT KOPRING A.D. BEOGRAD,INDUSTRIALS
XLS,CONSUMER DISCRETIONARY
GROUP RADIX,CONSUMER STAPLES
MEGAMARKET DOO SMEDEREVSKA PALANKA,CONSUMER STAPLES
THE FUN & FIT COMPANY DOO BEOGRAD,CONSUMER STAPLES
AUTO MIG DOO NIS,CONSUMER DISCRETIONARY
TP TRANSKOM 94 DOO SABAC,CONSUMER STAPLES
TOLOKA,INFORMATION TECHNOLOGY
EURO-PEN,NOT RELEVANT
EURO LIFE DOO BEOGRAD,NOT RELEVANT
NECKERMANN D.O.O.,NOT RELEVANT
AGRICOM COMPANY GROUP DOO,CONSUMER STAPLES
POLIFIN DOO ZEMUN,CONSUMER STAPLES
AD IGM RUMA RUMA,MATERIALS
DEM DOO KULPIN,CONSUMER STAPLES
ZORIC DOO,CONSUMER STAPLES
ARC INTERNATIONAL DOO BEOGRAD,CONSUMER DISCRETIONARY
STOVARISTE JAKOVLJEVIC DOO,MATERIALS
ENERGY NET DOO,INDUSTRIALS
GROUP FARMALOGIST (ERGO WBS),HEALTH CARE
ZOREX PHARMA DOO SABAC,HEALTH CARE
EWE COMP DOO BEOGRAD ZEMUN,INFORMATION TECHNOLOGY
EHOM DOO BEOGRAD,CONSUMER DISCRETIONARY
FURNIS DOO,CONSUMER DISCRETIONARY
DANUBE PETFOODS D.O.O.,CONSUMER STAPLES
MOJA ZLATNA RAVNICA,CONSUMER STAPLES
BANJA KOMERC BEKAMENT DOO BANJA AR,MATERIALS
FRIGLO,CONSUMER STAPLES
KOLOR GRADNJA DOO BEOGRAD,MATERIALS
PAN LINE DOO BEOGRAD,INDUSTRIALS
BMI ADRIATIC D.O.O. - U LIKVIDACIJ,NOT RELEVANT
BOBEX DOO BEOGRAD,CONSUMER DISCRETIONARY
ZITKO AD  BACKA TOPOLA,NOT RELEVANT
METAL-INVEST DOO MIONICA,INDUSTRIALS
PRO SERVICES BEOGRAD - U LIKVIDACI,INDUSTRIALS
STING-DSN DOO POZAREVAC - U LIKVID,NOT RELEVANT
MEDIA II - U STECAJU,NOT RELEVANT
GLOSSY MEDIA DOO BEOGRAD,CONSUMER DISCRETIONARY
AUTOKOMERC S STEFANOVIC ZELJKA KD,INDUSTRIALS
PIPELIFE SERBIA DOO,INDUSTRIALS
"AMAN DOO BEOGRAD, SURCIN",CONSUMER STAPLES
TRECA PETOLETKA,REAL ESTATE
TOP TECH WOODWORKING D.O.O. BEOGRA,INDUSTRIALS
S-GROUP DOO,MATERIALS
GSM 3 G COMPANY DOO BEOGRAD,CONSUMER DISCRETIONARY
OES D.O.O.,INDUSTRIALS
7 JULI DOO SIRIG,CONSUMER STAPLES
GRADITELJ DP,NOT RELEVANT
COMMUNIS DBD BEOGRAD - U LIKVIDACI,NOT RELEVANT
KOMNENOVIC AUTO DOO BEOGRAD - U ST,CONSUMER DISCRETIONARY
DECO DOO VRNJACKA BANJA,INDUSTRIALS
VISA-PROM DOO KANJIZA,MATERIALS
ORTEX URO GROUP DOO PARUNOVAC,INDUSTRIALS
YONEX DOO SREMSKA MITROVICA,INDUSTRIALS
LEXMARK INTERNATIONAL RS D.O.O. -,INFORMATION TECHNOLOGY
PATENT CO DOO MISICEVO,CONSUMER STAPLES
PREDUZECE AUSTROTHERM DOO VALJEVO,INDUSTRIALS
DOO BASTA ZRENJANIN,CONSUMER DISCRETIONARY
KID-TRANS TRADE DOO BEOGRAD,INDUSTRIALS
GROUP LYCTUM DOO BEOGRAD,INDUSTRIALS
ARHI.PRO DOO BEOGRAD,INDUSTRIALS
GREENCHEM RS,INDUSTRIALS
JADRAN DOO BEOGRAD,INDUSTRIALS
MPG PLUS DOO,COMMUNICATIONS
TETRA INZENJERING D.O.O. VALJEVO,INDUSTRIALS
ALFA-PLAM DOO VRANJE,CONSUMER DISCRETIONARY
IZOTEKS DOO BEOGRAD,INDUSTRIALS
VISUAL IMPACT DOO BEOGRAD,INFORMATION TECHNOLOGY
CONEO CONSULTING,INDUSTRIALS
FAVORIT STR JAGODA GAJIC PR,CONSUMER STAPLES
DZERSI DOO,NOT RELEVANT
VINARIJA COKA - U STECAJU,CONSUMER STAPLES
GROUP PAKOM,NOT RELEVANT
STAMPA COMMERCE D.O.O.,NOT RELEVANT
JUKOMERC D.O.O.KRUSEVAC U STECAJU,CONSUMER STAPLES
AGROMONTERRA D.O.O. VRBAS,CONSUMER STAPLES
ZNAMGRAF DOO,MATERIALS
DOO GRUTINI PRESS SOMBOR,CONSUMER STAPLES
MING KOVACNICA A.D. NIS,INDUSTRIALS
HALAS JOZEF DOO ADA-U STECAJU,CONSUMER STAPLES
EUROPEAN CONTRACT LOGISTICS-SERBIA,INDUSTRIALS
ENAT DOO,CONSUMER DISCRETIONARY
PODGORINA-VOCE DOO,CONSUMER STAPLES
NIVEX DOO DOBANOVCI,INDUSTRIALS
KOVILOVACA DOO DESPOTOVAC,MATERIALS
GROUP VIZIJA TIM,MATERIALS
SALVEO DOO BEOGRAD,HEALTH CARE
ROBERT BOSCH DOO BEOGRAD,CONSUMER DISCRETIONARY
JFE SHOJI SERBIA,CONSUMER DISCRETIONARY
VD JUGOKOP-PODRINJE DOO SABAC,INDUSTRIALS
BIZLINK TECHNOLOGY SRB D.O.O.,INDUSTRIALS
TEAMENERGO DOO,INDUSTRIALS
STS TRANS DOO KANJIZA,INDUSTRIALS
ZENTIVA PHARMA D.O.O.,HEALTH CARE
TEI-MC DOO,INDUSTRIALS
JKP PIJACA KRALJEVO,INDUSTRIALS
TEHNOPLAST DOO STARI BANOVCI,INDUSTRIALS
PRODUKT,NOT RELEVANT
GRAND D INZENJERING,INDUSTRIALS
"NEW STEEL D.O.O., BEOGRAD",NOT RELEVANT
PANTA KLAS,CONSUMER STAPLES
SLAVICA (DJORDJE) VESKOV,CONSUMER STAPLES
"COMEX  DOO, SABAC",MATERIALS
KORKOVADO DOO,INDUSTRIALS
ZORKA-OPEKA DOO BEOGRAD,MATERIALS
FIM DOO KANJIZA,ENERGY
YUGOLOGISTICS,INDUSTRIALS
UMKA D.O.O. UMKA,MATERIALS
LM KOMERC D.O.O. OBRENOVAC,INDUSTRIALS
Group CWP Europe,UTILITIES
HOLLEMAN TRANSPORT D.O.O.,INDUSTRIALS
group chemical agrosava,MATERIALS
COPPER COM DOO UZICE,INDUSTRIALS
VESTA TRAILERS DOO,INDUSTRIALS
ERICSSON DOO BEOGRAD,INFORMATION TECHNOLOGY
TOTALENERGIES MARKETING SERBIA DOO,INDUSTRIALS
GROUP DJURDJEVIC,CONSUMER STAPLES
Group PTT Serbia,INDUSTRIALS
ALEKSANDAR GRADNJA,NOT RELEVANT
DP-ZALIV DOO CRVENKA,INDUSTRIALS
SKV INZENJERING DOO - U STECAJU,INDUSTRIALS
CER AD CACAK,INDUSTRIALS
MVM MOTORS DOO PREDUZ.ZA PROM. I S,NOT RELEVANT
BRAJIC ALEKSE SZR PMP SLEPCEVIC,CONSUMER STAPLES
LDM EXPORT-IMPORT DOO BEOGRAD,NOT RELEVANT
UNIVERS-CO DOO BEOGRAD,CONSUMER DISCRETIONARY
PRO-MAX BETON DOO BEOGRAD,INDUSTRIALS
JKP STANDARD VRBAS,UTILITIES
HYPEROPTIC LTD OGRANAK,COMMUNICATIONS
RALU DOO BEOGRAD,INDUSTRIALS
DSM NUTRITIONAL PRODUCTS SRB D.O.O,CONSUMER STAPLES
NBN GROUP D.O.O. BEOGRAD,CONSUMER DISCRETIONARY
DELTA FONDACIJA,NOT RELEVANT
3 TERM DOO,INDUSTRIALS
MARKO-PAN DOO PANcEVO,CONSUMER DISCRETIONARY
DCP-HEMIGAL DOO LESKOVAC,CONSUMER STAPLES
TAS EASTERN EUROPE DOO BEOGRAD,INFORMATION TECHNOLOGY
VIZIJA TIM DOO SABAC,INDUSTRIALS
MONDOLUKA PLUS DOO BEOGRAD,ENERGY
EUROINVEST NS,REAL ESTATE
DOO ALMEX PANCEVO,CONSUMER STAPLES
MSA IP - MILOJEVIC SEKULIC ADVOKAT,INDUSTRIALS
DOO PET MB AGRAR SUBOTISTE,CONSUMER STAPLES
LINIJA TIP DOO,INDUSTRIALS
ACTERRNA DOO BEOGRAD - U STECAJU,HEALTH CARE
OM REKLAMNA AGENCIJA - U STECAJU,NOT RELEVANT
MLADOST AD CUPRIJA - U STECAJU,NOT RELEVANT
AGRO BOGIC D.O.O.,CONSUMER STAPLES
B.G.-PHARM U STECAJU,HEALTH CARE
PANONIJA DOO,CONSUMER STAPLES
AUTO SABAC 2010 DOO SABAC   - U PR,CONSUMER DISCRETIONARY
PK PRODUKT D.O.O.,NOT RELEVANT
SANDERS SH D O O  TEMERIN,CONSUMER STAPLES
ULJARICE BACKA DOO,CONSUMER STAPLES
DOO AGROVET MELENCI,CONSUMER STAPLES
ALPROS RENT DOO,INDUSTRIALS
NN CVETKOVIC AUTOPREVOZ,INDUSTRIALS
MORENO KAFA,CONSUMER STAPLES
AKS DRIVE DOO SABAC,CONSUMER DISCRETIONARY
TECASI DOO KRUSEVAC,INDUSTRIALS
LHR DOO BEOGRAD,INDUSTRIALS
SHADOWNET D.O.O.,INDUSTRIALS
AMSPEC D O O  NOVI SAD,INDUSTRIALS
RWA SRBIJA D.O.O.,CONSUMER STAPLES
DEKRA OUTSOURCING DOO,INDUSTRIALS
VAPOLI DOO VALJEVO,INDUSTRIALS
LADINVEST BEOGRAD,NOT RELEVANT
MLINPEK AD,NOT RELEVANT
INTER-PET DOO BEOGRAD,MATERIALS
INTERLAB EXIM DOO BEOGRAD,HEALTH CARE
VIGINTI,REAL ESTATE
SMART BUILDING TECHNOLOGIES D.O.O.,INDUSTRIALS
WIENERBERGER,INDUSTRIALS
CHEF BOUTIQUE,INDUSTRIALS
RAS INZENJERING NISKOGRADNJA DOO B,INDUSTRIALS
NEPTUN ELECTRONICS DOO BEOGRAD - U,CONSUMER DISCRETIONARY
ARCHANGEL DIGITAL STUDIOS,COMMUNICATIONS
TERMOMONT DOO BEOGRAD,INDUSTRIALS
ANALYSIS,HEALTH CARE
BEAM EUROPE DOO,INDUSTRIALS
SINDIKALNA ORGANIZACIJA LAFARGE BFC,NOT RELEVANT
PAVOR D.O.O.,CONSUMER STAPLES
JPAI HOME,CONSUMER DISCRETIONARY
MILLENNIUM TEAM DOO,INDUSTRIALS
"PALCO DOO, SABAC",CONSUMER STAPLES
INTERALLIS CHEMICALS D.O.O.,INDUSTRIALS
ANANAS E-COMMERCE D.O.O.,CONSUMER DISCRETIONARY
EVRO DOM DOO KAC,MATERIALS
SARCEVIC CO D.O.O. VRBAS,INDUSTRIALS
NORTH AMERICAN DOO BEOGRAD,INDUSTRIALS
EDITA (KALMAN) MUNKAS,CONSUMER STAPLES
MOC PRIRODE KOMERC D.O.O.,CONSUMER STAPLES
TIGAR TRGOVINA D.O.O.,NOT RELEVANT
BRANKO PERISIC AD KRUSEVAC,REAL ESTATE
PETROBUL DOO BEOGRAD,MATERIALS
FERCAM D.O.O.,INDUSTRIALS
KLANICA I PRERADA 808 DOO STARA PA,CONSUMER STAPLES
TOWERS NET DOO BEOGRAD,CONSUMER STAPLES
DAROVI ROKUS DOO,COMMUNICATIONS
FORI TEXTILE SER DOO,CONSUMER DISCRETIONARY
PREDUZECE FOKA DOO GORNJI MILANOVA,MATERIALS
INOS SINMA AD,NOT RELEVANT
ERGOMED DOO NOVI SAD,CONSUMER DISCRETIONARY
YU AGENT DOO BEZDAN,INDUSTRIALS
DOMINO MARKET D.O.O. ARANDELOVAC,CONSUMER STAPLES
HEALTHCARE ALLIANCE D.O.O.BEOGRAD,INDUSTRIALS
MGI DVA DUKATA,INDUSTRIALS
SMURFIT KAPPA AVALA ADA DOO,MATERIALS
ALEKSANDRIJA DOO-BEOGRAD U STECAJU,CONSUMER STAPLES
GROUP MACCHINA GROUP,INDUSTRIALS
JP KIKINDA,INDUSTRIALS
TRIO MOTORS DOO NOVI SAD,CONSUMER DISCRETIONARY
YANFENG INTERNATIONAL AUTOMOTIVE T,CONSUMER DISCRETIONARY
URMA RENT DOO NOVI SAD,REAL ESTATE
DELTA INZENJERING DOO BEOGRAD,INDUSTRIALS
BEO-SPORT SYSTEM DOO BEOGRAD,CONSUMER DISCRETIONARY
SIMMES,CONSUMER STAPLES
SINC NOVATION,INDUSTRIALS
KOTO DOO,INDUSTRIALS
UTP REKIC TRAVEL DOO NOVI PAZAR -,CONSUMER DISCRETIONARY
GENERAL LINE DOO NOVI SAD,NOT RELEVANT
VITAL LINE DOO,NOT RELEVANT
DOO KONZUL NOVI SAD PJ  B.LUKA,CONSUMER STAPLES
TRANSKOP EXPORT-IMPORT PARACIN,INDUSTRIALS
DOO AGROTRADING NOVI SAD,CONSUMER STAPLES
DELISES-HANI DOO VLADICIN HAN,CONSUMER STAPLES
EUROBILD DOO,INDUSTRIALS
VGP PARK ONE D.O.O.,REAL ESTATE
MAG CENTAR DOO BEOGRAD,CONSUMER DISCRETIONARY
COMPACT INDUSTRY DOO SVILAJNAC,INDUSTRIALS
DO-ING DOO BEOGRAD,CONSUMER DISCRETIONARY
AGROSERVICE EGS D.O.O.,INDUSTRIALS
FILI DOO SVILAJNAC,CONSUMER STAPLES
BROCANTE D.O.O.,REAL ESTATE
JAFFA DOO CRVENKA,CONSUMER STAPLES
EBI INTERNATIONAL COMPANY DOO OBRE,INDUSTRIALS
SIGRAD INZENJERING DOO,NOT RELEVANT
TERMOELEKTRANE I KOPOVI KOSTOLAC,NOT RELEVANT
MPI POBEDA DOO ARANDELOVAC,CONSUMER STAPLES
AUTO TEC DOO BEOGRAD - U STECAJU,CONSUMER DISCRETIONARY
TEHNOMARKET DOO PANCEVO,INDUSTRIALS
SI & SI DISTRIBUCIJA DOO,NOT RELEVANT
D.B.T. OKOVI DOO,CONSUMER DISCRETIONARY
PUTEVI CENTAR DOO BEOGRAD,INDUSTRIALS
BIG BANG DOO BEOGRAD - U STECAJU,CONSUMER DISCRETIONARY
IBIS-PETROL DOO RUMA,CONSUMER DISCRETIONARY
ENERGOPROJEKT NISKOGRADNJA,INDUSTRIALS
ARUM DEC,CONSUMER STAPLES
TRLENB DOO BEOGRAD,CONSUMER STAPLES
ADRIA NEW ENERGY DOO,CONSUMER DISCRETIONARY
TELEGROUP DOO,INFORMATION TECHNOLOGY
PHILIP MORRIS OPERATIONS,CONSUMER STAPLES
ARI FRUCT DOO - U STECAJU,CONSUMER STAPLES
TPU NIPS DOO  PARACIN,INDUSTRIALS
ENERGY NET MOBILITY RENT DOO,INDUSTRIALS
GROUP KARTONVAL,MATERIALS
KOZMETIK PLUS DOO NIS,CONSUMER STAPLES
EURODOM DOO BORCA,INDUSTRIALS
SUBGROUP TRECA PETOLETKA,CONSUMER DISCRETIONARY
MESOPROMET DOO,NOT RELEVANT
GALEB GROUP DOO BEOGRAD,INDUSTRIALS
"S.R.M.A. D.O.O., ZEMUN",MATERIALS
PREDUZECE ZA PROIZVODNJU TRGOVINU N,MATERIALS
STUDIO THE PHACTORY DOO VRSAC,MATERIALS
MIDI ORGANIC DOO DONJE GRGURE,CONSUMER STAPLES
TONCEV GRADNJA DOO SURDULICA,INDUSTRIALS
SUBGROUP EUROPARK,INDUSTRIALS
CHS D.O.O.BEOGRAD,INFORMATION TECHNOLOGY
SUBGROUP TELENOR SERBIA,COMMUNICATIONS
MATIC INDUSTRIJA MESA DOO NOVI SAD,CONSUMER STAPLES
ARMART 011 DOO,INDUSTRIALS
NIDEL AGRAR DOO,CONSUMER STAPLES
JUKOMERC BIOPRODUKT D.O.O,NOT RELEVANT
VEOLIA TRANSPORT LUV DOO BEOGRAD,NOT RELEVANT
SAMEX GROUP DOO BEOGRAD - U STECAJ,INDUSTRIALS
RLOL ESTATE 1 DOO,REAL ESTATE
W-LINE DOO BEOGRAD,REAL ESTATE
MATEO TRANS DOO CACAK,INDUSTRIALS
GROUP KEPROM AKSA DOB,CONSUMER DISCRETIONARY
VIN FARM DOO KULPIN,CONSUMER STAPLES
SLOVIS DOO,CONSUMER DISCRETIONARY
KLAS MRVIC DOO KRAGUJEVAC,CONSUMER STAPLES
OMEGA IMPEKS DOO BEOGRAD,MATERIALS
MIA MARA DOO,CONSUMER DISCRETIONARY
VODOTERM DOO KRAGUJEVAC,CONSUMER DISCRETIONARY
METALAC FAD D.O.O. GORNJI MILANOVA,CONSUMER DISCRETIONARY
GROUP IRIS,INFORMATION TECHNOLOGY
BMN MALINAS D.O.O.,CONSUMER STAPLES
FDS DOO BEOGRAD - U LIKVIDACIJI,CONSUMER STAPLES
INSTITUT ZA NUKLEARNE NAUKE-VINCA,NOT RELEVANT
MONUS DOO BEOGRAD ZEMUN,NOT RELEVANT
MARS BALKAN EAST DOO,CONSUMER STAPLES
ZITO-MEDIA D.O.O. KULA,CONSUMER STAPLES
MILE SAVIC PREDUZETNIK ZANATSKA RA,INDUSTRIALS
DELTA TRANSPORTNI SISTEM - D.T.S.,INDUSTRIALS
INOUTIC/DECEUNINCK DOO BEOGRAD,INDUSTRIALS
POBEDA PLUS DOO NIS,CONSUMER STAPLES
GIVESENSE D.O.O. BEOGRAD,INFORMATION TECHNOLOGY
INTERNATIONAL CONSULTING AND DEVEL,INDUSTRIALS
VODOMARKET DOO,INDUSTRIALS
PNEUGROUP DOO BEOGRAD,CONSUMER DISCRETIONARY
KRONOSPAN SRB,MATERIALS
IGM MLADOST DOO,MATERIALS
"DOO BOMAX, SUBOTICA",INDUSTRIALS
JP VOJVODINASUME PETROVARADIN,MATERIALS
JAPI COM DOO NOVI SAD,INFORMATION TECHNOLOGY
NETLOGIC DOO BEOGRAD,INFORMATION TECHNOLOGY
PRO VIDEO DOO BEOGRAD,INFORMATION TECHNOLOGY
IC SYSTEMS DOO,NOT RELEVANT
FILLY FARM APOTEKA,NOT RELEVANT
PODRUM DZERVIN 1927 D.O.O.,CONSUMER STAPLES
GROUP RATKO MITROVIC,NOT RELEVANT
HUSKY CORPORATION DOO ,INDUSTRIALS
HAUZMAJSTOR DOO,INDUSTRIALS
PIMS DOO SIMANOVCI - U STECAJU,CONSUMER STAPLES
ZITOSTOK DOO VELIKA PLANA,CONSUMER STAPLES
AGRONAUT DOO BEOGRAD,CONSUMER STAPLES
OPTICUS DOO BEOGRAD,HEALTH CARE
FRIKOM DOO BEOGRAD,CONSUMER STAPLES
BRACA DRINIC DOO,MATERIALS
JOMAPEKS DOO NOVI SAD,INDUSTRIALS
JKP BEOGRADSKI METRO I VOZ,INDUSTRIALS
DRAGER TEHNIKA DOO BEOGRAD,HEALTH CARE
VELAN DOO BEOGRAD,CONSUMER DISCRETIONARY
VORWERK DRIVETEC SERBIA D.O.O.,CONSUMER DISCRETIONARY
KPMG DOO BEOGRAD,INDUSTRIALS
AGRO JOVAN DOO,UTILITIES
MOTO-PLAST DOO NOVA PAZOVA,MATERIALS
ALPROS AUTO DOO,CONSUMER DISCRETIONARY
MARINA (DRAGOLJUB) POPOVIC,CONSUMER STAPLES
CLINRES FARMACIJA DOO BEOGRAD,HEALTH CARE
MULTICOMPANY DOO NOVI SAD,CONSUMER DISCRETIONARY
LENADA DOO BEOGRAD - U STECAJU,CONSUMER STAPLES
DIRECT BRANDS DOO BEOGRAD  U PRINU,CONSUMER DISCRETIONARY
HOSANA DOO POZEGA,CONSUMER STAPLES
MEDIFARM BEOGRAD,NOT RELEVANT
ZITOPROMET-RUMA DOO RUMA,CONSUMER STAPLES
COCO-FASHION DOO,CONSUMER DISCRETIONARY
GRADATIN DOO NOVI SAD - U LIKVIDAC,NOT RELEVANT
ROYAL SPED DOO,INDUSTRIALS
DUGA FRUIT DOO,CONSUMER STAPLES
GROUP MAGNA PHARMACIA BG,HEALTH CARE
AKS EXPRESS KURIR,INDUSTRIALS
LEPENSKI VIR AD PECINCI,CONSUMER DISCRETIONARY
KARAMARKOVz DOO NOVI BANOVCI,CONSUMER STAPLES
POSTKEY REAL ESTATE,INDUSTRIALS
DJERDAP USLUGE AD KLADOVO,INDUSTRIALS
CWP Europe Sàrl,INDUSTRIALS
MS PROMCOM DOO  BEOGRAD,INDUSTRIALS
DOO AC INTERSREM VETERNIK,CONSUMER DISCRETIONARY
BALL GLOBAL BUSINESS SERVICES EMEA,INDUSTRIALS
CLP DOO VRSAC,INDUSTRIALS
HS ENGINEERING,INDUSTRIALS
GROUP EXTRA AUTOTRANSPORT,INDUSTRIALS
QUADRATURA DOO BEOGRAD,INDUSTRIALS
G3 SPIRITS DOO BEOGRAD,CONSUMER STAPLES
DOO MALI AGRAR RUMENKA,MATERIALS
ARIPHARMA DOO BEOGRAD,HEALTH CARE
PAKOM DISTRIBUTION SYSTEM DOO NIS,INFORMATION TECHNOLOGY
MERIDIAN BALKANS D.O.O. BEOGRAD,NOT RELEVANT
REDIBO DOO - U PRINUDNOJ LIKVIDACI,CONSUMER STAPLES
PITURA DOO BEOGRAD,MATERIALS
PREST DOO NIS DONJE MEDJUROVO,CONSUMER STAPLES
FRIGO  PAUN DOO POZEGA,CONSUMER STAPLES
PREDUZECE AEROFRUTI DOO SEVOJNO -,CONSUMER STAPLES
VIMPORT DOO BEOGRAD,CONSUMER DISCRETIONARY
LDM GROUP DOO BEOGRAD - ZEMUN,INDUSTRIALS
NARA PROM DOO BEOGRAD,REAL ESTATE
PANTO DISTRIBUCIJA DOO BEOGRAD,CONSUMER STAPLES
CORE DISTRIBUTION D.O.O.,CONSUMER STAPLES
TIS-JELOVICA,MATERIALS
KEPROM DOO BEOGRAD,CONSUMER DISCRETIONARY
KABELNET,INDUSTRIALS
GP GRIN D.O.O.,REAL ESTATE
UNICHEM ENVIRO DOO SUBOTICA,MATERIALS
KELAG INTERNATIONAL D.O.O.,UTILITIES
SAMEDI DOO VALJEVO,CONSUMER DISCRETIONARY
DEETA PLAST DOO KIKINDA,MATERIALS
NAFTA  DOO NOVI SAD,INDUSTRIALS
GROUP RODIC,NOT RELEVANT
RUMAPLAST DOO,MATERIALS
GROUP VULIN COMERC,NOT RELEVANT
VETERINARSKI ZAVOD SUBOTICA,CONSUMER STAPLES
AD PANSIROVINA PANCEVO,INDUSTRIALS
GTC Business Park d.o.o.,FINANCIALS
METEOR-COMMERCE,CONSUMER STAPLES
KRUNA-KOMERC DOO BEOGRAD,CONSUMER STAPLES
VOESTALPINE DOO BEOGRAD,MATERIALS
INTERAUTO DOO CACAK,CONSUMER DISCRETIONARY
ZAHAREX DOO,UTILITIES
WOILS DOO,CONSUMER DISCRETIONARY
TASKUS SB D.O.O.,INDUSTRIALS
MAGNOHROM DOO KRALJEVO,MATERIALS
DOO NS PHARM  NOVI SAD,HEALTH CARE
ARUM DOO ZEMUN,CONSUMER STAPLES
METALKA DOO BOR,INDUSTRIALS
REGULACIJE D.O.O. SREMSKA MITROVIC,INDUSTRIALS
GROUP ENTECO,INDUSTRIALS
WOLFERS D.O.O.,REAL ESTATE
DANILOVIC FAMILY INVEST DOO CACAK,REAL ESTATE
BRICK DEVELOPMENT D.O.O.,REAL ESTATE
SPV DONAU KAPITAL D.O.O. NOVI SAD,INDUSTRIALS
STEELTEC DOO JARAK - U STECAJU,MATERIALS
RADOVI U TOKU DOO BEOGRAD,FINANCIALS
COLOR EURO MEDIA D.O.O.,NOT RELEVANT
STR TREF,NOT RELEVANT
SANAD DOO SANAD,NOT RELEVANT
VIN&ZIG COMPANY - U STECAJU,NOT RELEVANT
METALAC COMPANY DOO KURSUMLIJA,INDUSTRIALS
AUTO CACAK TRUCKS DOO,CONSUMER DISCRETIONARY
DOO DMD-SISTEM CELAREVO,CONSUMER STAPLES
FERSPED D00 BEOGRAD,INDUSTRIALS
DOO UM ING ZRENJANIN,INDUSTRIALS
ARMONT DOO STARA PAZOVA,INDUSTRIALS
AUTO WORLD RENT DOO,INDUSTRIALS
PFIZER SRB D.O.O.,HEALTH CARE
SUPERNOVA DOO,CONSUMER STAPLES
SAGA TRANS DOO BEOGRAD,INDUSTRIALS
MEGGLE SRBIJA DOO KRAGUJEVAC,CONSUMER STAPLES
KOSTAG DOO BEOGRAD,INDUSTRIALS
VIRDZINIJA DOO KRALJEVO,CONSUMER STAPLES
EUROBAGET D.O.O.,CONSUMER STAPLES
KAMEN NIBENS DOO,INDUSTRIALS
AUTO KUCA VOZDOVAC AD,CONSUMER DISCRETIONARY
PRVA TELEVIZIJA DOO,CONSUMER DISCRETIONARY
MATICA IZOLACIJE DOO,NOT RELEVANT
DEMOKRATSKA STRANKA,NOT RELEVANT
SUBGROUP PAJIC,NOT RELEVANT
AXIANS SERBIA DOO,INFORMATION TECHNOLOGY
FAN DOO  NOVI SAD - U STECAJU,CONSUMER DISCRETIONARY
EUROPEAN APPLIANCES BALKANS D.O.O.,CONSUMER DISCRETIONARY
INTER-MOST AD BEOGRAD - U STECAJU,INDUSTRIALS
BASKET GROUP DOO BEOGRAD,CONSUMER DISCRETIONARY
LIKASISTEM BEOGRAD ZRENJANINSKI PI,NOT RELEVANT
LUKS-ELEKTRO D.O.O.UB,INDUSTRIALS
EXOL STARTER DOO BEOGRAD,CONSUMER DISCRETIONARY
DOB,INDUSTRIALS
SEC LUBES DOO BEOGRAD,INDUSTRIALS
EUROMODUL DOO VOJKA,INDUSTRIALS
GROUP VELEFARM,NOT RELEVANT
PP VOJVODINA DOO SOMBOR,NOT RELEVANT
KDS KATARINA COMPANY DOO BEOGRAD-S,CONSUMER STAPLES
AKCIONARSKO DRUSTVO ZA SAOBRACAJ,INDUSTRIALS
MHE STENICE DOO VALJEVO,UTILITIES
UNIHEMKOM DOO NOVI SAD - U STECAJU,HEALTH CARE
PERUTNINA PTUJ-TOPIKO D.O.O. BACKA,CONSUMER STAPLES
EGZAKTA,INDUSTRIALS
GROUP MILETIC PARACIN,INDUSTRIALS
GRADE TRANS DOO,INDUSTRIALS
GROUP CMANA,CONSUMER STAPLES
EXING ELEMENT DOO BEOGRAD NOVI,INDUSTRIALS
INVIGO CAPITAL DOO,FINANCIALS
ALSO SERBIA D.O.O.,INFORMATION TECHNOLOGY
GROUP KALABA,INDUSTRIALS
AGROECONOMIST DOO BEOGRAD,CONSUMER DISCRETIONARY
ALMIR - U STECAJU,CONSUMER DISCRETIONARY
ULTRAPOLYMERS DOO,MATERIALS
MORSO DOO BEOGRAD - U LIKVIDACIJI,MATERIALS
KONDIVIK USLUGE DOO VRSAC - U LIKV,NOT RELEVANT
STORK - U STECAJU,CONSUMER STAPLES
SPECIJALNA BOLNICA ZA BOLESTI,HEALTH CARE
JUKOMERC TRGOVINA AD KRUSEVAC U ST,CONSUMER STAPLES
AIR SERBIA CATERING D.O.O. BEOGRAD,NOT RELEVANT
TRGO KEMO GROUP D O O,INDUSTRIALS
SATURN ELECTRIC DOO BEOGRAD,INDUSTRIALS
OMEGA  KOMERC DOO ARANDJELOVAC,MATERIALS
PROBAR DOO BEOGRAD,CONSUMER STAPLES
SCHNEIDER ELECTRIC DOO NOVI SAD,INFORMATION TECHNOLOGY
RM ALKON STAHL DOO BEOGRAD,INDUSTRIALS
B-ONE SOLUTIONS D.O.O.,INFORMATION TECHNOLOGY
SEVERNA BACKA DOO,INDUSTRIALS
B.M.R. GROUP DOO SABAC,INDUSTRIALS
JUGOSISTEM DOO BELA PALANKA,MATERIALS
INTER CARS D.O.O.,CONSUMER DISCRETIONARY
AFCO,MATERIALS
KLIMA OPREMA DOO,INDUSTRIALS
DATALAB SR DOO BEOGRAD,INFORMATION TECHNOLOGY
HARSCO METALS DOO SMEDEREVO,NOT RELEVANT
AUTOCOBEST DOO,CONSUMER DISCRETIONARY
VOJVODINAPUT A.D. NOVI SAD,INDUSTRIALS
EUROPOLIS DOO,INDUSTRIALS
PANSPORT DOO VETERNIK,CONSUMER STAPLES
RUDNAP GROUP,NOT RELEVANT
EMMSA BALKAN DOO SABAC U STECAJU,NOT RELEVANT
DIRECT INVEST DOO NOVI SAD,CONSUMER STAPLES
PANONIJAPREVOZ-MV DOO,NOT RELEVANT
ALTER COMPANY DOO CACAK,CONSUMER DISCRETIONARY
KVIS DOO,CONSUMER DISCRETIONARY
GEMMA B&D DOO BEOGRAD,CONSUMER DISCRETIONARY
GRANAGRO,MATERIALS
AQUA MONT SERVICE DOO,INDUSTRIALS
AVIA - SACO - U STECAJU,NOT RELEVANT
RHENUS COMMODITY LOGISTICS,INDUSTRIALS
"BALL PAKOVANJA EVROPA BEOGRAD, D.O",MATERIALS
NS BOMI DOO STUBLINE,CONSUMER STAPLES
DOO EURO PETROL SUBOTICA,CONSUMER DISCRETIONARY
PREDST.SELECTCHEMIE AG BEOGRAD,HEALTH CARE
EKC DOO BEOGRAD,INDUSTRIALS
OTP LIZING D.O.O. BEOGRAD,NOT RELEVANT
FMCG DISTRIBUTION DOO,INDUSTRIALS
IMP - RACUNARSKI SISTEMI DOO BEOGR,INDUSTRIALS
KARIKA-PROMET DOO SUBOTICA,INDUSTRIALS
PAN CITY RESIDENCE DOO,REAL ESTATE
NSAGRO-ING,CONSUMER STAPLES
MAT-AGRO DOO FUTOG,CONSUMER STAPLES
EMMEZETA SRBIJA d.o.o.,CONSUMER DISCRETIONARY
DEVOTEAM DOO,INFORMATION TECHNOLOGY
ELIXIR ENERGETIKA DOO,UTILITIES
AGROMARKET LOGISTIC DOO KRAGUJEVAC,MATERIALS
DOO AGROLOGISTIC NOVI SAD,CONSUMER STAPLES
CORDEEL D.O.O.,INDUSTRIALS
HARTMANN DOO NOVI SAD,MATERIALS
FLORA DOO IVANJICA,CONSUMER STAPLES
ZLATARPLAST AD BISTRICA  NOVA VARO,MATERIALS
ZIPER - U STECAJU,NOT RELEVANT
TRGOMEN-PV DOO KOSOVSKA MITROVICA,INDUSTRIALS
PIONIR 2 DOO VOJKA,MATERIALS
GRUMILL DOO CRVENKA,NOT RELEVANT
ATOS FRUCTUM DOO,CONSUMER STAPLES
DC ZEMUN ZDRAVSTVENA USTANOVA,HEALTH CARE
WRIGLEY DOO,CONSUMER STAPLES
TERMO COLD DOO,INDUSTRIALS
"STARTING DOO BEOGRAD, BATAJNICA",INDUSTRIALS
BOHOR DOO UZICE,INDUSTRIALS
STEELSOFT DOO BEOGRAD,CONSUMER DISCRETIONARY
TEKO MINING D.O.O. BEOGRAD,MATERIALS
INGRAM MICRO DOO BEOGRAD,INFORMATION TECHNOLOGY
EUROMEDIK OPSTA BOLNICA,HEALTH CARE
ENERGOTEHNA DOO  NOVI SAD,INDUSTRIALS
SIXSENTIX DOO,INFORMATION TECHNOLOGY
DOM ZDRAVLJA VIZIM BEOGRAD,HEALTH CARE
EMINENT DOO SUBOTICA,CONSUMER DISCRETIONARY
"ECOTRADE BG DOO NIS, STRAHINJICA B",HEALTH CARE
WESTUM,INFORMATION TECHNOLOGY
USCE SHOPPING CENTER,REAL ESTATE
DOO COIN PANCEVO - U STECAJU,CONSUMER DISCRETIONARY
DRUSTVO SA OGRANICENOM,NOT RELEVANT
BN - BOS SPED DOO,NOT RELEVANT
AUTO FABO DOO NOVI PAZAR,CONSUMER DISCRETIONARY
EUROMERKUR D.O.O.,INDUSTRIALS
GREEN TECHNOLOGY SECOND DOO,UTILITIES
SAFETY SHOP DOO BEOGRAD,CONSUMER DISCRETIONARY
SVETSKA ORGANIZACIJA ZA PRIRODU AD,NOT RELEVANT
GALENS INVEST D.O.O. NOVI SAD,INDUSTRIALS
NEW DRAGAN SAKAN HOLDING DOO,CONSUMER DISCRETIONARY
SERBIA DOO,INDUSTRIALS
HUTCHINSON D.O.O.,CONSUMER DISCRETIONARY
RUD SPANSET D.O.O.,INDUSTRIALS
LUSS TEXTILE,CONSUMER DISCRETIONARY
"VLASINKA DOO, BEOGRAD",CONSUMER STAPLES
MENEX DOO KRUSEVAC,CONSUMER STAPLES
AGROSEME D.O.O. KIKINDA,CONSUMER STAPLES
"NISSAL PVC DOO, NIS",INDUSTRIALS
RESILUX ADRIATIC D.O.O.,MATERIALS
AERODROM BEOGRAD,NOT RELEVANT
COLOR PRESS GROUP D.O.O.,CONSUMER DISCRETIONARY
RUDNIK I FLOTACIJA RUDNIK DOO RUDN,MATERIALS
APEX SOLUTION TECHNOLOGY DOO,INFORMATION TECHNOLOGY
DRVO PRODUCT DOO,INDUSTRIALS
PROJECT BIRO UTIBER DOO,INDUSTRIALS
LUDAN ENGINEERING CO. LTD. OGRANAK,INDUSTRIALS
CPV TEKSTIL DOO,CONSUMER DISCRETIONARY
B 4 B DOO BEOGRAD,INDUSTRIALS
GROUP AIK BACKA TOPOLA,CONSUMER STAPLES
GROUP SAFRAN,CONSUMER DISCRETIONARY
FPM AGROMEHANIKA D.O.O. BOLJEVAC,INDUSTRIALS
MY CASE DOO BEOGRAD,CONSUMER DISCRETIONARY
ALGOTECH DOO BEOGRAD,INFORMATION TECHNOLOGY
VEGA DELIVERY CENTER SERBIA D.O.O.,INFORMATION TECHNOLOGY
DTM COMPANY DOO,CONSUMER DISCRETIONARY
PROFI NAILS DOO,INDUSTRIALS
FAZI DOO,INFORMATION TECHNOLOGY
BUDUCNOST BACKA PALANKA DOO,CONSUMER STAPLES
STAMPA SISTEM DOO BEOGRAD,CONSUMER STAPLES
P.D. AUTOCENTAR ANDRIC DOO VALJEVO,CONSUMER DISCRETIONARY
MEGA PLAST JOVANOVIC,CONSUMER DISCRETIONARY
YAYLA PAN D.O.O. SECANJ,CONSUMER STAPLES
MORIBUND CHEMICALS,INDUSTRIALS
SKI & SEA D.O.O.,CONSUMER DISCRETIONARY
SAT,INDUSTRIALS
ANTENALL DOO BEOGRAD,INFORMATION TECHNOLOGY
METAL-FLEX DOO NOVA PAZOVA,CONSUMER DISCRETIONARY
PRO LOGISTIC D.O.O.,NOT RELEVANT
CBA TRGOVINA DOO,NOT RELEVANT
MK PANONIJA DOO VRSAC,NOT RELEVANT
ECO ORGANIC LIFE DOO,NOT RELEVANT
EXXOL DOO,ENERGY
AL RAWAFED SERVICES DOO,INDUSTRIALS
ZASTAVA PROMET ARENA MOTORS AD KRA,CONSUMER DISCRETIONARY
ENOVITIS DOO TOPOLA,CONSUMER DISCRETIONARY
ANOVA NNL D O O  SREMSKA KAMENICA,CONSUMER STAPLES
DUGA AD BEOGRAD,MATERIALS
SKALA GREEN DOO SUBOTICA,CONSUMER DISCRETIONARY
SEE DIGITAL D.O.O.,INFORMATION TECHNOLOGY
MLIN KOVACEVIC DOO LIPOLIST,CONSUMER STAPLES
METALAC POSUDE,CONSUMER DISCRETIONARY
BEOPAN AD,CONSUMER DISCRETIONARY
BEOINOX DOO BEOGRAD,INDUSTRIALS
AGRO MASTER DOO KRAGUJEVAC,MATERIALS
PROCTER & GAMBLE D.O.O.,CONSUMER STAPLES
GREDA-METAL DOO VALJEVO,MATERIALS
BNB SMART DOO,REAL ESTATE
ANNA (LAJOS) HOLO,CONSUMER STAPLES
PREDUZECE ZA PROIZVODNJU TRGOVINU I,HEALTH CARE
NUTRA DOO,CONSUMER STAPLES
DOO JUGOPAN EXPORT-IMPORT NOVI SAD,INDUSTRIALS
CINE GRAND-MCF,COMMUNICATIONS
NEDELJKOVIC RADOSLAV PR,CONSUMER STAPLES
STRAUSS ADRIATIC DOO SIMANOVCI,NOT RELEVANT
GROUP OSA,INFORMATION TECHNOLOGY
MUNDORAMA DOO BEOGRAD,CONSUMER STAPLES
MPZ AGRAR DVA  DOO,CONSUMER STAPLES
RED FLY LINE DOO,INDUSTRIALS
PZP BEOGRAD DOO,INDUSTRIALS
PREDUZECE ZA PROIZVODNJU I TRGOVINU,HEALTH CARE
STEFAN & VASILIJE GRADNJA DOO,REAL ESTATE
GROUP ALPROS,CONSUMER DISCRETIONARY
SUBGROUP RUMAPLAST CONS.,MATERIALS
DESIGN SECURE CONNECTION-DSC D.O.O,INFORMATION TECHNOLOGY
BIZ RENT SHARING ECONOMY DOO,INDUSTRIALS
FIRST FACILITY DOO BEOGRAD,INDUSTRIALS
RAS RENT A CAR DOO BEOGRAD,INDUSTRIALS
PILE MILJOJKOVIz,CONSUMER STAPLES
DOO MEDACOM NIS,CONSUMER DISCRETIONARY
MAXIM MEDIA PLUS DOO,COMMUNICATIONS
DRAGICA (SAVA) LAZIC,CONSUMER STAPLES
DOO AGRO-KULA VRSAC,INDUSTRIALS
BOKA-COMERC DOO BATAJNICA,CONSUMER DISCRETIONARY
ARMACELL RS AD,MATERIALS
ZDRAVSTVENA USTANOVA ZAVOD ZA DIJA,NOT RELEVANT
SUBGROUP KIM-TEC SRBIJA,INFORMATION TECHNOLOGY
GRAFOSTIL 92,INDUSTRIALS
SU-MARKETI AD,NOT RELEVANT
MARERA CONSTRUCTION,INDUSTRIALS
NIVES DOO NIS,MATERIALS
TEHNO-COOP DOO SUBOTICA,INDUSTRIALS
GROUP MCCANN ERIKSON,CONSUMER DISCRETIONARY
RO & RO SYSTEM DOO BEOGRAD,ENERGY
VUJIC VALJEVO D.O.O.,INDUSTRIALS
TPP LITEKS DOO LIPOLIST,CONSUMER STAPLES
GREEN FLY LINE D.O.O. BEOGRAD,INDUSTRIALS
GROUP AGRO RAVANGRAD DOO SOMBO,CONSUMER STAPLES
HLADNJACE RENT D.O.O. - U PRINUDNO,CONSUMER STAPLES
OMNICO DISTRIBUCIJA DOO ZEMUN - U,CONSUMER STAPLES
JABLANICA MP DOO BEOGRAD,INDUSTRIALS
PNEUMATIKFLEX-PPT CILINDRI,INDUSTRIALS
GROUP PESTAN,INDUSTRIALS
SUBGROUP JUGO-KAOLIN,MATERIALS
FISH CORP  2000 DOO BEOGRAD,CONSUMER STAPLES
MINOTTI DOO  BEOGRAD,INDUSTRIALS
BUNGE GRANOLIS DOO,CONSUMER STAPLES
BELGRADE AIRPORT,INDUSTRIALS
"ROSA DOO ALEKSANDROVAC, PLES",CONSUMER STAPLES
AGRAR-PETROVIC,CONSUMER DISCRETIONARY
DHL GLOBAL FORWARDING DOO,INDUSTRIALS
HEBA DOO BUJANOVAC,CONSUMER STAPLES
ICCM D.O.O.,INDUSTRIALS
ARHIBET PRO DOO SOPOT,MATERIALS
"JKP PARKING SERVIS OBRENOVAC, OBRE",INDUSTRIALS
TEYONEMA DOO BEOGRAD,CONSUMER STAPLES
COOPER STANDARD SRBIJA DOO,CONSUMER DISCRETIONARY
Masterplast YU D.o.o,INDUSTRIALS
"PREDUZECE ZA PUTEVE VRANJE AD, VRAN",INDUSTRIALS
IMTEL COMPUTERS AD,NOT RELEVANT
LINPAC PACKAGING DOO ZA PROIZVODNJU,MATERIALS
JKP GRADSKA TOPLANA NIS,UTILITIES
GROUP CONTANGO,MATERIALS
GROUP HOLLIDAY,CONSUMER DISCRETIONARY
FERMAX DOO BEOGRAD,INDUSTRIALS
JP GRADSKA CISTOCA LAJKOVAC,INDUSTRIALS
PROGRES INZENJERING DOO CACAK,INDUSTRIALS
FEED&SEED TECHNOLOGIES DOO BEOGRAD,CONSUMER STAPLES
ACTAVIS DOO BEOGRAD,HEALTH CARE
9. SEPTEMBAR - TISSUE CONVERTING D,INDUSTRIALS
STOEBICH BRANDSCHUTZ D.O.O. BEOGRA,INDUSTRIALS
TRIO TRANS D.O.O. SIMANOVCI,INDUSTRIALS
YUGLOB,CONSUMER DISCRETIONARY
DESTILERIJA TEODOR DOO,CONSUMER STAPLES
NIRSEN,INFORMATION TECHNOLOGY
LOOK UP D.O.O. BEOGRAD,CONSUMER DISCRETIONARY
AGROSTOJ DOO GLOGONJ,CONSUMER STAPLES
CITY EXPRESS DOO,INDUSTRIALS
ROTAM D.O.O. BEOGRAD,CONSUMER DISCRETIONARY
PEZOS EXPORT-IMPORT DOO RUMENKA,INDUSTRIALS
EKOFARM DOO USCE,CONSUMER STAPLES
GROUP METALFER,MATERIALS
VB-VEKOL DOO LOZNICA,CONSUMER STAPLES
KOPAONIK AD,NOT RELEVANT
GROUP MONICOM,MATERIALS
GABRIELA HOLO,CONSUMER STAPLES
DOO PAN HARVEST GAKOVO,CONSUMER STAPLES
VELVET ANIMAL HEALTH DOO BEOGRAD,HEALTH CARE
"DRUSTVO ZA PROIZVODNJU,TRGOVINU",INFORMATION TECHNOLOGY
MASKOM INTERNATIONAL,INDUSTRIALS
BERGEN D.O.O.,INDUSTRIALS
D I F O L DOO BEOGRAD ZEMUN,INDUSTRIALS
WARGAMING D.O.O.,INFORMATION TECHNOLOGY
NOVO PLUS DOO CRVENKA,CONSUMER STAPLES
SKY TECHNOLOGIES DOO BEOGRAD,INFORMATION TECHNOLOGY
ZZ TRLIC UB,CONSUMER STAPLES
MINECO PLUS DOO BEOGRAD,MATERIALS
MEGALANT RS D.O.O.,INDUSTRIALS
DOO MAREL VELIKO GOLOVODE,INDUSTRIALS
WOBY HAUS DOO NOVI SAD,CONSUMER DISCRETIONARY
BTI DOO,INDUSTRIALS
KESSER-GRADNJA DOO NOVI SAD,REAL ESTATE
EUROPOLIS 011 DOO,INDUSTRIALS
AGROGLOBE AGRAR D.O.O.,CONSUMER STAPLES
ROHE DOO BEOGRAD,INDUSTRIALS
VN PROMET DOO SUBOTICA,INDUSTRIALS
LACUNA DOO BEOGRAD,NOT RELEVANT
pred.allied telesis emena gmbh,INFORMATION TECHNOLOGY
GROUP INVEJ,NOT RELEVANT
VALMAN D.O.O. BEOGRAD,INDUSTRIALS
NID COLOR MEDIA INTERNATIONAL NOVI,COMMUNICATIONS
ADAMOGRADNJA DOO BEOGRAD - U STECA,INDUSTRIALS
BETA SEME DOO GOLUBINCI,CONSUMER STAPLES
AGROMONDO DOO NOVI SAD,INDUSTRIALS
V&B DOO SUBOTICA,MATERIALS
JKP BEOGRAD PUT,INDUSTRIALS
PUT-INZENJERING DOO NIS,INDUSTRIALS
INSTITUT MIHAJLO PUPIN DOO BEOGRAD,INDUSTRIALS
GROUP SET DOO SABAC,INDUSTRIALS
WASTE BINS DOO BEOGRAD,INDUSTRIALS
DOO M PROJECT CO. CACAK,INDUSTRIALS
SRBIJA CENTAR,INDUSTRIALS
DOO SWEET HOME BRUS,CONSUMER STAPLES
IDEA MARKETI DOO,CONSUMER STAPLES
SUBGROUP KOLPORTER GRUPA,CONSUMER DISCRETIONARY
STILL SELL DOO,CONSUMER STAPLES
SILVER BELL GROUP DOO,INDUSTRIALS
FRUCOM FOOD DOO,CONSUMER STAPLES
JUNGHEINRICH DOO,INDUSTRIALS
EHOM AUTO DOO BEOGRAD,CONSUMER DISCRETIONARY
POLITEK AUTO CENTAR DOO,CONSUMER DISCRETIONARY
GARDNER DENVER DEUTSCHLAND,INDUSTRIALS
"JKP DRUGI-OKTOBAR, VRSAC",UTILITIES
MEDILINK NOVI D.O.O.,CONSUMER DISCRETIONARY
DOO ZA PRERADU I KONZERVIRANJE MLEK,CONSUMER STAPLES
GITARIC DOO S. PALANKA,NOT RELEVANT
ECOVIS SEE D.O.O. BEOGRAD,INDUSTRIALS
TRACO-INVEST DOO BEOGRAD,INDUSTRIALS
MASINOPROMET D.O.O.,NOT RELEVANT
ITX RS,CONSUMER DISCRETIONARY
MITSIDES POINT AD SREMSKA MITROVIC,NOT RELEVANT
KVIN DOO KRAGUJEVAC,CONSUMER STAPLES
FRUTTI GROUP DOO,NOT RELEVANT
PRIVREDNO DRUSTVO ZA,CONSUMER DISCRETIONARY
NBA-COMMERCE DOO BEOGRAD,MATERIALS
TEPKOS DOO CONOPLJA,CONSUMER STAPLES
PUMPA D.O.O.,CONSUMER STAPLES
H&M HENNES & MAURITZ D.O.O.,CONSUMER DISCRETIONARY
SELECT FRUIT DOO,CONSUMER STAPLES
ERDEVIK D.O.O.,CONSUMER STAPLES
ARSENAL CO DOO BEOGRAD,CONSUMER DISCRETIONARY
ATLANTIC BRANDS DOO BEOGRAD,CONSUMER STAPLES
EUROOPREMA DOO BEOGRAD   - U PRINU,INDUSTRIALS
HOLYCODE D.O.O.,INFORMATION TECHNOLOGY
EUROSALON REAL ESTATE DOO BEOGRAD,REAL ESTATE
SMILJANIC-KOMERC DOO,INDUSTRIALS
DZIMI COMMERCE DOO,INDUSTRIALS
OPSTA BOLNICA EUROMEDIK 3,HEALTH CARE
STREIT NOVA DOO,CONSUMER DISCRETIONARY
MEDICAL INNOVATION SOLUTIONS D.O.O,HEALTH CARE
OSA - RACUNARSKI INZENJERING DOO B,INFORMATION TECHNOLOGY
ZITOMLIN DOO BEOGRAD,CONSUMER STAPLES
MERCURY ENGINEERING D.O.O. BEOGRAD,NOT RELEVANT
FRUTELA GROUP D.O.O. N.BEOGRAD,CONSUMER STAPLES
NEOMEDICA DOO BEOGRAD,HEALTH CARE
VIATEC WOOD D.O.O. ZDEGLOVO - U LI,CONSUMER DISCRETIONARY
DOMIS ENTERIJERI DOO LACARAK,INDUSTRIALS
SILVER-KOP DEVELOPMENT,REAL ESTATE
CAPGEMINI,INFORMATION TECHNOLOGY
KOMPRESOR AZIJA AUTO DOO,INDUSTRIALS
GROUP KMG,ENERGY
SAT-KADROVSKE USLUGE D.O.O. BEOGRA,INDUSTRIALS
ENOVA SOUTH EAST EUROPE D.O.O.,INDUSTRIALS
BIMED DOO,REAL ESTATE
MHM-PROJEKT DOO NOVI SAD,INDUSTRIALS
GRADING DOO BEOGRAD,INDUSTRIALS
AGENT PLUS DOO BEOGRAD,INDUSTRIALS
ime-autolift d.o.o. kragujevac,INDUSTRIALS
NOVI LOGOS DOO BEOGRAD,COMMUNICATIONS
REMONT DOO KRAGUJEVAC,INDUSTRIALS
METALING DOO BEOGRAD,INDUSTRIALS
LIN DOO MAJUR,HEALTH CARE
SINAGOGA DOO SOMBOR,CONSUMER STAPLES
ROTOGRAFIKA DOO SUBOTICA,INDUSTRIALS
AUTO-KUCA GUDALOVIC DOO BEOGRAD,CONSUMER DISCRETIONARY
CIM GAS DOO SUBOTICA,INDUSTRIALS
KUC-COMPANY D.O.O.,NOT RELEVANT
MONA HOTEL MANAGEMENT DOO BEOGRAD,CONSUMER DISCRETIONARY
ENERGROM DOO BELA CRKVA-U STECAJU,INDUSTRIALS
VELEFARM-LEKOVI PRODAJA DOO BEOGRA,NOT RELEVANT
INTIS D.O.O. BEOGRAD,INDUSTRIALS
MACCHINA SECURITY DOO BEOGRAD,INDUSTRIALS
FORMA REAL ESTATE RENT 1,REAL ESTATE
LIBERO TEAM DOO BEOGRAD,CONSUMER STAPLES
GLOBAL LINKS DOO,INDUSTRIALS
SANIVOD DOO BEOGRAD,INDUSTRIALS
OTP MEDIC DOO,UTILITIES
MM 99 DOO STARA PAZOVA,REAL ESTATE
MDD GROUP DOO NOVI SAD,CONSUMER STAPLES
BE.PU.MI. DOO NOVI SAD,MATERIALS
DR TECHNO VB DOO NOVI SAD,CONSUMER DISCRETIONARY
MOLSON COORS SER D.O.O.,CONSUMER STAPLES
TOMIC GRADNJA DOO,INDUSTRIALS
DAMMIL DOO,INDUSTRIALS
CETIN D.O.O.,COMMUNICATIONS
CARGOCHEM D.O.O.,MATERIALS
GRADITELJ INZENJERING DOO,NOT RELEVANT
PUTNIK RENT A CAR DOO,INDUSTRIALS
LEMIC GROUP DOO ZEMUN,NOT RELEVANT
ZLATIBO2R VODA DOO - U STECAJU,CONSUMER STAPLES
COMERCE DOO,NOT RELEVANT
JKP BELOSAVAC ZAGUBICA,UTILITIES
TRMKA-KABL TELEKOMUNIKACIJE D.,NOT RELEVANT
MOSKOMERC D.O.O. BEOGRAD,CONSUMER DISCRETIONARY
GENING DOO,INDUSTRIALS
GULJAS AGRAR DOO SILBAS,CONSUMER STAPLES
VEKTOR INVEST DOO BEOGRAD,INDUSTRIALS
TERMOVENT ENGINEERING DOO BEOGRAD,INDUSTRIALS
ENERGOPROJEKT HIDROINZENJERING,INDUSTRIALS
ELEKTA SOLUTIONS DOO,HEALTH CARE
MOHACI D.O.O STARA MORAVICA,CONSUMER STAPLES
W.D. CONCORD WEST DOO,INDUSTRIALS
PORSCHE SCG DOO BEOGRAD,CONSUMER DISCRETIONARY
DOO PROMONT KOMERC NIS,CONSUMER DISCRETIONARY
TELEMAX D O O  BEOGRAD,INDUSTRIALS
STUDIO M DCS DOO BEOGRAD,INDUSTRIALS
QUIVOGNE RS DOO,INDUSTRIALS
MAGNUM DOO PARACIN,CONSUMER STAPLES
ENERGY TYRES TEAM DOO BEOGRAD - U,CONSUMER DISCRETIONARY
AGRO PLUS DOO SOMBOR,NOT RELEVANT
JKP GROCKA GROCKA - U STECAJU,INDUSTRIALS
"SIMEX DOO, SUBOTICA - U STECAJU",CONSUMER STAPLES
RODIC M&B INVEST - U STECAJU,NOT RELEVANT
BIT SPED DOO,INDUSTRIALS
JKP PARKING-SABAC SABAC,NOT RELEVANT
YELLOW FLY LINE D.O.O. BEOGRAD,INDUSTRIALS
LIST SOLUTIONS AD BEOGRAD   U STECA,INDUSTRIALS
GRBA PRPIC DOO BACKI JARAK,INDUSTRIALS
HOLY DOO,CONSUMER DISCRETIONARY
BEOGRADEVINAR DOO - U STECAJU,NOT RELEVANT
AAA-1 RENT DOO,INDUSTRIALS
GOSA MONTAZA DOO BEOGRAD,INDUSTRIALS
ZMAJEVAC DOO IRIG,CONSUMER STAPLES
MOL SERBIA D.O.O. BEOGRAD,ENERGY
ASKGAMBLERS DOO,COMMUNICATIONS
GROUP OFFICE SHOES,CONSUMER DISCRETIONARY
PROVIS DOO BIJELJINA,INFORMATION TECHNOLOGY
GASTRANS DOO,ENERGY
KYUNGSHIN CABLE EUROPE D.O.O.,CONSUMER DISCRETIONARY
DELFI KNJIZARE DOO BEOGRAD,CONSUMER DISCRETIONARY
INFOBIP SERBIA DOO BEOGRAD,INFORMATION TECHNOLOGY
TODY DOO BLACE,CONSUMER STAPLES
ALTA MOTORS DOO - U PRINUDNOJ LIKV,CONSUMER DISCRETIONARY
VINOPRODUKT-COKA - U STECAJU,CONSUMER STAPLES
DR. OETKER D.O.O.,CONSUMER STAPLES
MB NAMENSKA AD LUCANI,NOT RELEVANT
MIRAS B DOO,CONSUMER DISCRETIONARY
KNOTT-AUTOFLEX YUG DOO BECEJ,CONSUMER DISCRETIONARY
GUDMARK GROUP  D.O.O.zABAC,MATERIALS
KBRAD DEVELOPMENT,REAL ESTATE
APOTEKA FARMEKS APOTEKE -U LIKVIDA,CONSUMER STAPLES
ARABESA DOO,INDUSTRIALS
SANTOK DOO VRANICI,CONSUMER DISCRETIONARY
TOSAMA DOO,HEALTH CARE
GREINER I JP PACKAGING DOO NOVA PA,MATERIALS
VINCULA BIOTECH GROUP DOO BEOGRAD,INDUSTRIALS
MORAVA IN DOO KRUSEVAC - U STECAJU,INDUSTRIALS
SGA DOO,INFORMATION TECHNOLOGY
"PREDUZECE ZA PROIZVODNJU,",MATERIALS
IMP-AUTOMATIKA DOO BEOGRAD,INDUSTRIALS
DOO FAIR PLAY 019 NEGOTIN,CONSUMER STAPLES
MIODRAG (ZIVAN) LAZIC,CONSUMER STAPLES
SERBIA BROADBAND SRPSKE KABLOVSKE M,COMMUNICATIONS
VRACAR DOO BEOGRAD,INDUSTRIALS
GROUP STRATEMIS,INDUSTRIALS
MILAN (DJORDJE) DONIC,CONSUMER STAPLES
AUTO WORLD D O O BEOGRAD,CONSUMER DISCRETIONARY
PANFRUIT DOO NOVI SAD - U STECAJU,CONSUMER STAPLES
DELTA RENT-A-CAR D.O.O.,INDUSTRIALS
FILIP,CONSUMER STAPLES
DOO AGROSIT-SEMENARSTVO ALEKSANDRO,NOT RELEVANT
MAGAN-YU D.O.O. SUBOTICA,NOT RELEVANT
PRO-PRINT PROGRESIJA DOO,MATERIALS
STECAJNA MASA M-PLAST EKSPOSRT IMP,CONSUMER DISCRETIONARY
NID SVET PLUS INTERNATIONAL D.O.O.,NOT RELEVANT
BRUNATA DOO BEOGRAD,INDUSTRIALS
Keramika-Holding d.o.o. Beograd,MATERIALS
FS DOO BEOGRAD - U PRINUDNOJ LIKVI,CONSUMER STAPLES
SWISS INTERMEDICAL AD BEOGRAD U ST,NOT RELEVANT
BIO-VITA DOO VAJSKA,CONSUMER STAPLES
GROUP KOVING,INDUSTRIALS
A2B EXPRESS DELIVERY DOO,NOT RELEVANT
TRGOVINA IGNJATOVIC DOO,CONSUMER STAPLES
GROUP KOEFIK,CONSUMER DISCRETIONARY
EMIL FREY AUTO CENTAR D.O.O.,CONSUMER DISCRETIONARY
DEPO SERVIS  D.O.O. BEOGRAD,INDUSTRIALS
MAJEVICA-POLJOOPREMA AD BACKA PALA,INDUSTRIALS
AGRANO,CONSUMER STAPLES
ALBO DOO ZEMUN,CONSUMER DISCRETIONARY
ANANAS EXPRESS D.O.O. NOVA PAZOVA ,INDUSTRIALS
CARLSBERG SRBIJA D.O.O.,CONSUMER STAPLES
GROUP METLARAMAZZA,CONSUMER STAPLES
METAL SHOP,INDUSTRIALS
NEIMAR-V AD BEOGRAD,REAL ESTATE
BB ELEKTRONIK DOO RUMA-VOGANJ,INDUSTRIALS
TECHNO FERUM DOO KANJIZA,INDUSTRIALS
PTP DIS DOO KRNJEVO,CONSUMER STAPLES
D SPORT SYSTEM DOO NOVI SAD,CONSUMER STAPLES
AD SUPERPROTEIN ZRENJANIN - U LIKV,NOT RELEVANT
MTG DOO BEOGRAD - U PRINUDNOJ LIKV,CONSUMER DISCRETIONARY
GRADJEVINSKA DIREKCIJA SRBIJE DOO,FINANCIALS
INSTITUT PKB AGROEKONOMIK DOO,INDUSTRIALS
FRUCOM DOO,CONSUMER DISCRETIONARY
TAMIS - U STECAJU,NOT RELEVANT
NUMANOVIC SNS D.O.O. NOVI PAZAR,CONSUMER DISCRETIONARY
"ALUMIL YU INDUSTRY AD, NOVA PAZOVA",CONSUMER DISCRETIONARY
MIKROS UNION DOO,CONSUMER STAPLES
PUT D.O.O. JAGODINA,NOT RELEVANT
LEONARDO KD,NOT RELEVANT
VINARIJA ZVONKO BOGDAN DOO PALIC,CONSUMER STAPLES
RADE SPED DOO KRAGUJEVAC,CONSUMER DISCRETIONARY
AC BRAJIC DOO,CONSUMER DISCRETIONARY
JKP NAS DOM POZEGA,UTILITIES
TIS DOO IVANJICA,CONSUMER DISCRETIONARY
ALTERNATIVE CONSULTING DOO BEOGRAD,INDUSTRIALS
BOTTCHER SRB DOO,MATERIALS
SUBGROUP DIJAMANT,CONSUMER STAPLES
SANEL DOO,CONSUMER DISCRETIONARY
SPECIJALNA BOLNICA ZA REHABILITACI,HEALTH CARE
KLUB A,MATERIALS
PREMIUM RENT A DRIVE,INDUSTRIALS
CIAK USLUGE DOO,CONSUMER DISCRETIONARY
APOTEKARSKA USTANOVA NEOFARM,CONSUMER STAPLES
PCM GRAF DOO GORNJI MILANOVAC,INDUSTRIALS
NIKOLA STOJKOVIC PR KLIKLAK RACUNA,CONSUMER DISCRETIONARY
DOO METALAC-TRADE-G.MILANOVAC,CONSUMER DISCRETIONARY
BRIV CONSULTING DOO BEOGRAD,CONSUMER DISCRETIONARY
INTERCAFFE D.O.O. BEOGRAD,CONSUMER DISCRETIONARY
INOVENTIC ID D.O.O.,CONSUMER DISCRETIONARY
ENERGY PRO DOO NOVI SAD,INDUSTRIALS
RTV BK TELECOM D.O.O. BEOGRAD,NOT RELEVANT
GROUP P.S. TELEFONIJA,INFORMATION TECHNOLOGY
GLOBO DOO NOVI SAD,CONSUMER DISCRETIONARY
GROUP KIMBY,CONSUMER STAPLES
VIZIJA TIM D.O.O SABAC,MATERIALS
DOO EKO MABER INZENJERING PANCEVO,INDUSTRIALS
AGROFROST DOO BEOGRAD - U STECAJU,CONSUMER STAPLES
TRAMPEX DOO BEOGRAD,CONSUMER STAPLES
VITA ELKO DOO BEOGRAD,INDUSTRIALS
PREDUZECE ALUFIX DOO BEOGRAD - U L,MATERIALS
COMEL TRANSFORMATRORI D.O.O.,INDUSTRIALS
4 M DOO LESKOVAC,CONSUMER DISCRETIONARY
TIAC D.O.O.,INDUSTRIALS
AEROSFERA DOO BEOGRAD,CONSUMER DISCRETIONARY
PROTON SYSTEM DOO BEOGRAD,HEALTH CARE
GP D.O.O. BEOGRAD,INDUSTRIALS
OBLAK TEHNOLOGIJE DOO BEOGRAD-ZEMU,INFORMATION TECHNOLOGY
HRANA-TEC DOO BEOGRAD,INDUSTRIALS
BRACA  ILIC,INDUSTRIALS
BRAME R&D D.O.O.,INFORMATION TECHNOLOGY
GV19 RESIDENCE DOO,INDUSTRIALS
GROUP JEDINSTVO,INDUSTRIALS
MEHANOPRINT,INDUSTRIALS
ILDIKA (ISTVAN) BESU,CONSUMER STAPLES
PIK JUZNI BANAT DOO BELA CRKVA,CONSUMER STAPLES
SMART DOO NOVI SAD,CONSUMER DISCRETIONARY
RAKETA A B  DOO BAJINA BASTA,INDUSTRIALS
UNITED GROUP RS D.O.O. BEOGRAD,COMMUNICATIONS
VETMEDIC DOO,HEALTH CARE
VIVENS D.O.O.,CONSUMER DISCRETIONARY
STAMPA PRESS DOO BEOGRAD,NOT RELEVANT
NOKIA TIETOLIIKENNE OY- OGRANAK U B,NOT RELEVANT
FINKOM,CONSUMER STAPLES
ERS RENT DOO,REAL ESTATE
BIO-ENERGOOIL DOO BEOGRAD-NOVI BEO,ENERGY
DOO PORT COMPANY APATIN,CONSUMER STAPLES
STEVAN STILL DOO BEOGRAD ZEMUN,CONSUMER STAPLES
GASTPRO,INDUSTRIALS
AGRORIT DOO MELENCI,INDUSTRIALS
GROUP ANNOVA,CONSUMER STAPLES
MPP JEDINSTVO AD SEVOJNO,INDUSTRIALS
& LOMB POLAND SP. Z.O.O. BEOGRAD,HEALTH CARE
M-T GROUP D.O.O.,INDUSTRIALS
SLADARA SOUFFLET SRBIJA DOO,CONSUMER STAPLES
INGRAP-OMNI DOO BEOGRAD,INDUSTRIALS
DOO KACAREVO KACAREVO,CONSUMER STAPLES
VIA GUSTO DOO,CONSUMER DISCRETIONARY
MLINO-MONT DOO,INDUSTRIALS
RATKO MITROVIC-MEHANIZACIJA DOO,NOT RELEVANT
DOO BIG-CHICKEN  BACINCI - U STECA,NOT RELEVANT
NCA INVESTMENT GROUP DOO BEOGRAD,INDUSTRIALS
"STAKLOPAN AD, BEOGRAD",NOT RELEVANT
CELIK AD,INDUSTRIALS
KHS BURO BEOGRAD,INDUSTRIALS
GROUP MIROTIN,NOT RELEVANT
TOPLANA JKP LESKOVAC,UTILITIES
DEXY CO DOO BEOGRAD,CONSUMER DISCRETIONARY
GALENS D.O.O. NOVI SAD,INDUSTRIALS
TRIVIT DOO BECEJ,CONSUMER STAPLES
ZILKER TECHNOLOGY - U LIKVIDACIJI,INFORMATION TECHNOLOGY
UNION DRVO DOO BEOGRAD,CONSUMER DISCRETIONARY
PRIOR PROJECT D.O.O.,INDUSTRIALS
VERDOM DOO DONJA MUTNICA,INDUSTRIALS
GESO INDUSTRIAL ENVIRONMENT,INDUSTRIALS
KARCHER D.O.O. BEOGRAD,INDUSTRIALS
OBUCA METRO DOO VRBAS,CONSUMER DISCRETIONARY
INCANTO INDUSTRIES D.O.O.,CONSUMER DISCRETIONARY
GPS INSULATORS D.O.O.,INDUSTRIALS
PRO-LAGER VILJUsKARI DOO ,INDUSTRIALS
MEDIUS DOO NOVA PAZOVA,CONSUMER STAPLES
DOO PUT-INVEST NOVI SAD,INDUSTRIALS
GROUP elektrovat,INDUSTRIALS
DOO BELL CHEMICALS BANATSKO VELIKO,MATERIALS
ORION INNOVATION D.O.O.,INFORMATION TECHNOLOGY
N SPORT DOO BEOGRAD,CONSUMER DISCRETIONARY
AGROLIKA,CONSUMER STAPLES
BRACA MARJANOVIC D.O.O.,NOT RELEVANT
DOO PIONIR PETROL STARA PAZOVA,CONSUMER DISCRETIONARY
MSV INVEST ING DOO KRALJEVO,NOT RELEVANT
PORSCHE LEASING SCG DOO,CONSUMER DISCRETIONARY
DIB DOO BUJANOVAC,NOT RELEVANT
WEBA KRAGUJEVAC D.O.O.,INDUSTRIALS
AMP DIJAGNOSTIKA DOO NOVI SAD,HEALTH CARE
MILIC DOO PARACIN,INDUSTRIALS
GIA TECHNOLOGY DOO NOVI SAD,INDUSTRIALS
PRAMAT DOO DOBANOVCI - U PRINUDNOJ,INDUSTRIALS
GEVEKOM CUSTOMER SERVICES D.O.O. B,INDUSTRIALS
GROUP ECOTRADE,HEALTH CARE
SPRENGNETTER D.O.O. BEOGRAD,REAL ESTATE
TISZA AUTOMOTIVE DOO SENTA,CONSUMER DISCRETIONARY
MESOVITO PREDUZECE ZA PROMET ROBA I,CONSUMER STAPLES
COMPANY BB DOO,CONSUMER STAPLES
PRETEK DOO BEOGRAD,INDUSTRIALS
HIDRO-TAN DOO BEOGRAD,INDUSTRIALS
SALVUS INTERNATIONAL,HEALTH CARE
MAX MOBILITY SOLUTIONS DOO,INDUSTRIALS
VESNA (RADOVAN) VESKOV,CONSUMER STAPLES
DOO DURDEVIC 1999 SUBOTISTE,CONSUMER STAPLES
CLICO SEE DOO,INFORMATION TECHNOLOGY
MLEKOPRODUKT DOO ZRENJANIN,CONSUMER STAPLES
GROUP SPORT VISION RS,CONSUMER DISCRETIONARY
GLOBAL NETWORK,CONSUMER DISCRETIONARY
LAGADO DOO BUJANOVAC,NOT RELEVANT
VITALIS TRADE DOO NOVI SAD - U STE,CONSUMER STAPLES
DOBRAVAC PAK DOO SABAC,CONSUMER STAPLES
GROUP ARROW,CONSUMER STAPLES
GROUP NOVEL,CONSUMER DISCRETIONARY
VEKTOR INZENJERING - U STECAJU,NOT RELEVANT
SAFRAN DOO,CONSUMER DISCRETIONARY
NOVKOL DOO,INDUSTRIALS
ZELEZARA SMEDEREVO D.O.O.,MATERIALS
GOODYEAR SERBIA D.O.O.,CONSUMER DISCRETIONARY
PRODYNA DOO BEOGRAD,INFORMATION TECHNOLOGY
BISA MARKET,CONSUMER STAPLES
STS PROPERTIES,REAL ESTATE
PETEFI DOO TEMERIN,CONSUMER STAPLES
ZELVOZ DOO,INDUSTRIALS
MY ARGOS DOO LAZAREVAC,CONSUMER STAPLES
D.O.O. AGRARSENT DESPOTOVO,CONSUMER STAPLES
MASTER FRIGO SALES D.O.O.,INDUSTRIALS
BANE-KOMERC DOO KUMAREVO-LESKOVAC,MATERIALS
FEROMONT PLASTIKA DOO STARA PAZOVA,INDUSTRIALS
LAURA KOZMETIKA DOO BEOGRAD - U LI,CONSUMER STAPLES
VALOR DOO ZRENJANIN,CONSUMER STAPLES
EPAM SYSTEMS D.O.O.,INFORMATION TECHNOLOGY
ZORKA-KERAMIKA D.O.O.,MATERIALS
MG PRECAST DOO,INDUSTRIALS
MITIC PLAST KUMAREVO,MATERIALS
ADVANTO DOO BEOGRAD,INDUSTRIALS
TEHNOMANIJA DOO BEOGRAD,CONSUMER DISCRETIONARY
SECTRON DOO BEOGRAD,INFORMATION TECHNOLOGY
APOTEKARSKA USTANOVA VEGAFARMA,CONSUMER STAPLES
STANDARD LOGISTIC DOO NOVI BEOGRAD,INDUSTRIALS
GRAND CASINO DOO BEOGRAD,CONSUMER DISCRETIONARY
MTS SISTEMI I INTEGRACIJE DOO ,INFORMATION TECHNOLOGY
PETAR (DUSAN) RONCEVIC,CONSUMER STAPLES
SUPERNOVA REAL ESTATE DO0,REAL ESTATE
"TELEKOM SRBIJA A.D., BEOGRAD",COMMUNICATIONS
DELIKOMAT DOO BEOGRAD,CONSUMER STAPLES
BROWELL DOO,INDUSTRIALS
SHOPPSTER D.O.O. BEOGRAD,CONSUMER DISCRETIONARY
WOOD CHIPS DOO BEOGRAD,MATERIALS
GROUP INBERG GETRACO,CONSUMER STAPLES
SCHNEIDER ELECTRIC SRBIJA D.O.O.,INDUSTRIALS
NORA (ISTVAN) MUNKAS,CONSUMER STAPLES
PANMARKETING DOO PANCEVO,MATERIALS
AMERICKA PRIVREDNA KOMORA U SRBIJI,NOT RELEVANT
VIRTU PARTNERS DOO,INDUSTRIALS
CINOS DOO,MATERIALS
JAVNA MEDIJSKA USTANOVA RADIO-TELE,CONSUMER DISCRETIONARY
LEMEX GAMAKOM DOO LESKOVAC,CONSUMER STAPLES
SYNERGETIC DOO KRNJESEVCI,MATERIALS
BIG BULL FOODS DOO BAzINCI,CONSUMER STAPLES
EUROPAPIER SRBIJA DOO BEOGRAD,MATERIALS
MONELLI DOO KRAGUJEVAC,MATERIALS
JOFI-KOMERC DOO NIS,ENERGY
BELT DOO RATINA,NOT RELEVANT
WIRELESS MEDIA DOO,NOT RELEVANT
TERMOVENT SC LIVNICA CELIKA AD,MATERIALS
ALITALIA-SOCIETA AEREA ITALIANA,INDUSTRIALS
MOJA BACKA PALANKA BACKA PALANKA,CONSUMER DISCRETIONARY
NESTLE ICE CREAM SRBIJA DOO STARA,CONSUMER STAPLES
DOO MORAVA INZENJERINGPROJEKT SOMB,REAL ESTATE
PURATOR EKOTEHNIKA DOO,INDUSTRIALS
PHARMANOVA DOO OBRENOVAC,HEALTH CARE
GROUP GALEB,MATERIALS
RECA D.O.O. BEOGRAD,INDUSTRIALS
SUBGROUP UNIVEREXPORT,CONSUMER STAPLES
ZZ AGROSOJ  NEUZINA,CONSUMER STAPLES
CUTURA,CONSUMER STAPLES
SPARTA SECURITY D.O.O.,INDUSTRIALS
COMEL DOO BEOGRAD,INDUSTRIALS
CONCRETE LAND DOO STARI BANOVCI,INDUSTRIALS
AGRO-DOLE DOO JAGODINA,CONSUMER STAPLES
JULIETA DOO BEOGRAD,CONSUMER STAPLES
SANDROCK D.O.O.,INDUSTRIALS
DOO PRINCIPAL DUO CACAK,CONSUMER STAPLES
DAWCUL LTD PREDSTAVNISTVO,NOT RELEVANT
FRESH & CO DOO BEOGRAD,CONSUMER STAPLES
AGROSPEKTAR 28 DOO PARACIN U STECA,NOT RELEVANT
ROSAN ARMATURE DOO KANJIZA,INDUSTRIALS
termal inzenjering doo,CONSUMER DISCRETIONARY
GROUP BEOROL,INDUSTRIALS
YU-SORBON DOO BEOGRAD,CONSUMER DISCRETIONARY
KABLINK D.O.O. BEOGRAD,INDUSTRIALS
EUROCOM INTERNATIONAL DOO BEOGRAD,CONSUMER DISCRETIONARY
EUROPROM DOO VALJEVO,CONSUMER STAPLES
NIMAX DOO BEOGRAD,CONSUMER DISCRETIONARY
PEGETE DOO BEOGRAD,CONSUMER DISCRETIONARY
BIO GOLD ENERGY DOO,UTILITIES
AGRAR INVEST DOO BEOGRAD,CONSUMER STAPLES
VIVA TREF DOO BEOGRAD,CONSUMER STAPLES
GROUP DELTA INZENJERING,INDUSTRIALS
GROUP ELEKTROPRIVREDA GROUP,UTILITIES
AUTO NENA STILL DOO BEOGRAD,CONSUMER DISCRETIONARY
PREDUZECE   AUTO CACAK   DOO KONJE,CONSUMER DISCRETIONARY
INMOLD PLAST DOO POZEGA,INDUSTRIALS
CISTOCA J.P. STARA PAZOVA,INDUSTRIALS
JOKEY BG DOO NOVA PAZOVA,MATERIALS
ALEVA DOO NOVI KNEZEVAC,CONSUMER STAPLES
OMV SRBIJA DOO BEOGRAD,CONSUMER DISCRETIONARY
DESPOTOV-EPICENTAR DOO NOVI SAD -,NOT RELEVANT
CDE S DOO BEOGRAD,NOT RELEVANT
SCOM,CONSUMER STAPLES
B92 DOO BEOGRAD,CONSUMER DISCRETIONARY
ENERGIA GAS AND POWER - U STECAJU,UTILITIES
SUMADIJA SIROVINE DOO,MATERIALS
EURO-KOP-COMPANY D.O.O.,INDUSTRIALS
ALTI DOO CACAK,INFORMATION TECHNOLOGY
EVROPA PLUS DOO BACAKA PALANKA - U,CONSUMER STAPLES
TEI TECHNO EXPORT IMPORT D.O.O,NOT RELEVANT
MUEHLBAUER TECHNOLOGIES DOO STARA,INDUSTRIALS
TRANSPORTSPED DOO BEOGRAD,INDUSTRIALS
AGROPRO DOO,CONSUMER STAPLES
CALIX DOO BEOGRAD (CUKARICA),CONSUMER STAPLES
FULLHOUSE OGILVY DOO BEOGRAD,COMMUNICATIONS
STS KAN GROUP DOO JAGODINA,INDUSTRIALS
PODUNAVLJE-BEOCIN AD BEOCIN - U ST,CONSUMER STAPLES
MAYMEDICA D.O.O.,HEALTH CARE
SUNBAR DOO,INFORMATION TECHNOLOGY
TRANSPETROL DOO,CONSUMER STAPLES
CHIPS WAY D O O,CONSUMER STAPLES
LIMAGRAIN DOO NOVI SAD,CONSUMER STAPLES
COOPSERVICE BMK DOO,INDUSTRIALS
BOOKER GROUP DOO,INFORMATION TECHNOLOGY
EJ REAL ESTATE,REAL ESTATE
GROUP PNEUTECH,CONSUMER DISCRETIONARY
MERAXES SOLUTIONS & SERVICES D.O.O,INFORMATION TECHNOLOGY
MAGNA REAL ESTATE DOO,HEALTH CARE
ROSENBERG DOO DOBANOVCI,REAL ESTATE
GSF-LTD DOO,CONSUMER STAPLES
SPECIJALNA BOLNICA,HEALTH CARE
BEOSTEEL D.O.O.,MATERIALS
RATAR AD PANCEVO,NOT RELEVANT
MSG GLOBAL DIGITAL DOO,INFORMATION TECHNOLOGY
DIESEL 24 DOO BEOGRAD,ENERGY
GRANOLIA D.O.O.,CONSUMER STAPLES
DTM INVESTMENTS D.O.O.,CONSUMER DISCRETIONARY
EMKA FEINGUSS D.O.O. MIONICA,MATERIALS
ENTERIJER JANKOVIC INZENJERING DOO,INDUSTRIALS
CORIC AGRAR DOO BASAID,CONSUMER STAPLES
LILLY DROGERIE DOO BEOGRAD,CONSUMER STAPLES
ARDAGH METAL PACKAGING SERBIA D.O.,INDUSTRIALS
BEO-LAB PLUS BEOGRAD,HEALTH CARE
MATIS DOO IVANJICA,CONSUMER DISCRETIONARY
IBC TECHNOLOGIES DOO,INDUSTRIALS
"EP-BELT DOO, LOZNICA",INDUSTRIALS
BIOCHEM BALKAN DOO DOBANOVCI,CONSUMER STAPLES
B.B. LINK DOO BEOGRAD,CONSUMER DISCRETIONARY
RINOL DOO BEOGRAD,INDUSTRIALS
M-RAIL DOO,INDUSTRIALS
GROUP JUGOTRADE BEOGRAD,INDUSTRIALS
ATAKO DOO,UTILITIES
AUTOTRANSPORTER DOO,INDUSTRIALS
GROUP WINWIN,CONSUMER DISCRETIONARY
FABRIKA AKUMULATORA AD,INDUSTRIALS
LESAFFRE RS DOO,CONSUMER STAPLES
PARALELA TRADE SOLUTIONS D.O.O. BE,CONSUMER STAPLES
SPARE PARTS INTERNATIONAL DOO BEOG,INDUSTRIALS
GROUP ZEMLJORADNIÈKA ZADRUGA TRLIÆ,CONSUMER STAPLES
AGROVOJVODINA MEHANIZACIJA DOO,INDUSTRIALS
DK 2008 DOO,INDUSTRIALS
CTFM D.O.O. BEOGRAD,INDUSTRIALS
MOPEX DOO,INDUSTRIALS
VEOLIA WATER SOLUTIONS & TECHNOLOG,INDUSTRIALS
"IMPOL SEVAL AD, SEVOJNO",MATERIALS
OKTACRON DOO,INFORMATION TECHNOLOGY
"MILETIC-KOMERC DOO SALUDOVAC, PARA",CONSUMER DISCRETIONARY
HITEAM DOO VRSAC,INFORMATION TECHNOLOGY
NCR DOO BEOGRAD,INDUSTRIALS
GROUP SRBOAUTO,CONSUMER DISCRETIONARY
PRIVREDNA KOMORA SRBIJE,INDUSTRIALS
NOVA KERAMIKA DOO VETERNIK U STECA,NOT RELEVANT
JKP VODOVOD KRUSEVAC,UTILITIES
SERBIA ZIJIN MINING D O O,MATERIALS
ELEKTROMONT - ILT DOO,INDUSTRIALS
boss utr judit cakanj pr,CONSUMER DISCRETIONARY
PWW DOO,INDUSTRIALS
MIO COMPANY DOO,INDUSTRIALS
GROUP TESTER AL Jagodina,INDUSTRIALS
DARAN GROUP D.O.O.,INFORMATION TECHNOLOGY
ENERGOTEHNIKA-JUZNA BACKA DOO NOVI,INDUSTRIALS
MASTER FRIGO PROJEKT D.O.O. BEOGRA,INDUSTRIALS
ELEKTROIZGRADNJA DOO BEOGRAD,INDUSTRIALS
JKP GRADSKA TOPLANA KRUSEVAC,NOT RELEVANT
TUS DOO BEOGRAD (NOVI BEOGRAD),FINANCIALS
EKO SERBIA AD BEOGRAD,ENERGY
PRIVREDNIK SRPSKI POSLOVNI KLUB,NOT RELEVANT
MAZ SR DOO REKOVAC,CONSUMER DISCRETIONARY
ALLIANCE ONE TOBACCO DOO BEOGRAD -,CONSUMER STAPLES
FRUTISSIMO DOO STARA PAZOVA - U ST,CONSUMER STAPLES
NOVOSADSKI SAJAM A.D.,INDUSTRIALS
ZITOPRERADA DM DOO NOVI BECEJ,CONSUMER STAPLES
COCA-COLA HBC SRBIJA,CONSUMER STAPLES
STIGA DOO NOVI SAD,HEALTH CARE
APOTEKARSKA USTANOVA SOPHARMACY,CONSUMER STAPLES
PUMPA TRADE DOO NIS,NOT RELEVANT
DOO SLAVIJACOOP NOVI SAD,REAL ESTATE
JELEN DO DOO,MATERIALS
STEEL BALL,MATERIALS
HEMOFARM AD VRSAC,HEALTH CARE
BEOGUMA INVESTMENTS DOO ,INDUSTRIALS
ACO GRADEVINSKI ELEMENTI DOO  KRNJ,INDUSTRIALS
GRADITELJ AD KIKINDA,NOT RELEVANT
GEBRUDER WEISS DOO DOBANOVCI,NOT RELEVANT
EUROSALON AMBIJENT DOO BEOGRAD,CONSUMER DISCRETIONARY
ENERGOPROJEKT ENTEL,INDUSTRIALS
KLAS DOO BEOGRAD,NOT RELEVANT
ALBERGO D.O.O. - HOTEL LE PETIT PI,NOT RELEVANT
WEISHAUPT DOO BEOGRAD,INDUSTRIALS
PORSCHE IMMOBILIEN,CONSUMER DISCRETIONARY
FERBILD DOO BEOGRAD,INDUSTRIALS
FMS KVART DOO PETROVAC,INDUSTRIALS
MEDICO PHARM SERVIS DOO,HEALTH CARE
IVKO KNITS DOO BLACE,CONSUMER DISCRETIONARY
PROMSEK DOO PANCEVO,INDUSTRIALS
PAMIN  DOO GORNJI MILANOVAC,CONSUMER STAPLES
EDTECH PLUS TECH,INFORMATION TECHNOLOGY
DUNAV GRUPA AGREGATI A.D.,MATERIALS
DUCLA TRADING DOO BEOGRAD,NOT RELEVANT
AGROCRNJA D.O.O.,CONSUMER STAPLES
MINEL-ELEKTROGRADNJA-DV AD,NOT RELEVANT
INSTITUT ZA PUTEVE AD BEOGRAD,INDUSTRIALS
IDEA DOO,CONSUMER STAPLES
DOO ZITO-BACKA KULA,CONSUMER STAPLES
MNG PLASTIK GOGIC,MATERIALS
RECONAL SISTEMI DOO NIS,INDUSTRIALS
TIGAR AD PIROT,CONSUMER DISCRETIONARY
TM HOSPITALITY DOO,CONSUMER DISCRETIONARY
AUTO MARKET GROUP DOO SABAC,CONSUMER DISCRETIONARY
NAKA,INDUSTRIALS
MTEL GLOBAL DOO BEOGRAD,COMMUNICATIONS
VIVEX GROUP DOO BEOGRAD,INDUSTRIALS
PONS GRADNJA DOO STARA PAZOVA,INDUSTRIALS
JU-VES-KOMERC DOO POZEGA - U STECA,CONSUMER DISCRETIONARY
STEFAN DOO ARILJE,CONSUMER DISCRETIONARY
JEDINSTVO DOO,CONSUMER STAPLES
SVETLOST TEATAR DOO BEOGRAD,INDUSTRIALS
RESA GRADNJA,INDUSTRIALS
TERMO TIM DOO BEOGRAD,INDUSTRIALS
DG COMPANY DOO SUBOTICA,INDUSTRIALS
GROUP GRUPA UNIVERZAL HOLDING,NOT RELEVANT
DUAL PARADOX   - U PRINUDNOJ LIKVI,MATERIALS
TEAM OIL D.O.O.,NOT RELEVANT
AMB GRAFIKA AD NOVI SAD,MATERIALS
HTD VUJIC DIVCIBARE DOO,CONSUMER DISCRETIONARY
PRESS PUBLISHING GROUP DOO,NOT RELEVANT
GRADINA SISTEM,MATERIALS
KEYING DOO KIKINDA,NOT RELEVANT
GROUP GLOBAL PRESS,CONSUMER DISCRETIONARY
YU MONBAT DOO,INDUSTRIALS
AD AGROSTROJ CACAK,NOT RELEVANT
"PRIVATNO PREDUZECE ZA PROIZVODNJU,",CONSUMER STAPLES
PM SERVICES DOO BEOGRAD,CONSUMER STAPLES
ALIAXIS UTILITIES & INDUSTRY DOO,INDUSTRIALS
GROUP STEELSOFT,CONSUMER DISCRETIONARY
AVTERA SR DOO BEOGRAD,INFORMATION TECHNOLOGY
CAPRIOLO DOO BACKA TOPOLA,CONSUMER DISCRETIONARY
WIRTGEN SRBIJA DOO BEOGRAD,INDUSTRIALS
MONTING-GROUP-SP DOO,INDUSTRIALS
WINE ART DOO BEOGRAD,CONSUMER STAPLES
GROUP NAPRED/ENERGOPROJEKT,INDUSTRIALS
DOO EURO GAS SUBOTICA,INDUSTRIALS
IGM OPEKA DOO SMEDEREVSKA PALANKA,MATERIALS
CEMMAX DOO,MATERIALS
MATIS NEW POINT DOO,REAL ESTATE
JASMIN DOO BEOGRAD,CONSUMER STAPLES
D.S. INZENJERING DOO BEOGRAD,INDUSTRIALS
AGRO TECH PMD DOO TRESNJEVAC,INDUSTRIALS
ATLAS COPCO SRBIJA DOO,INDUSTRIALS
ASTRA SIMIT DOO U STECAJU BEOGRAD,NOT RELEVANT
COBEST A.D.,NOT RELEVANT
UTVAKOM DOO BEOGRAD,MATERIALS
MARJANOVIC-TRANS DOO,INDUSTRIALS
ESENSA DOO BEOGRAD,HEALTH CARE
FIDELINKA KOMPANIJA DOO,CONSUMER STAPLES
RODIC M&B - U STECAJU,NOT RELEVANT
CADCAM DATA DOO BEOGRAD,INFORMATION TECHNOLOGY
BEL SPACE,REAL ESTATE
INTERSPED DOO KRAGUJEVAC,NOT RELEVANT
AEROLAB DOO BEOGRAD,INDUSTRIALS
COLOR PRINT DOO NOVI SAD,INDUSTRIALS
PRIMAR CO DOO,INDUSTRIALS
BEE IT DOO,INFORMATION TECHNOLOGY
INOS NAPREDAK AD SABAC,INDUSTRIALS
SLIMS D.O.O.,CONSUMER STAPLES
AZD SAOBRACAJNI SISTEMI DOO BEOGRA,INDUSTRIALS
MARINKOVIC-HOFMANN DOO VELIKA MOST,INDUSTRIALS
CITY RENT A CAR DOO,INDUSTRIALS
HOTEL METROPOL PALACE D.O.O. BEOGR,CONSUMER DISCRETIONARY
DURDEVIC 2010 DOO SUBOTISTE,CONSUMER STAPLES
INCEPTION DOO BEOGRAD,INFORMATION TECHNOLOGY
GROUP MAKLER,HEALTH CARE
MASTER GROUP DOO NOVI SAD,CONSUMER DISCRETIONARY
BEOTURS DOO BEOGRAD,CONSUMER DISCRETIONARY
GROUP SRBIJAGAS,UTILITIES
-U STECAJU,NOT RELEVANT
COLOR PRESS GROUP 1992 D.O.O.,CONSUMER DISCRETIONARY
DONERRA,CONSUMER STAPLES
CISTOCA I ZELENILO JKP SUBOTICA,NOT RELEVANT
RODIC M&B-CO  TRGOVINSKO UGOSTITELJ,NOT RELEVANT
FLOOREXPERTS DOO BEOGRAD,INDUSTRIALS
PREDSTAVNISTVO AIFAR AGROCHIMI,INDUSTRIALS
G INVEST DOO,NOT RELEVANT
VAPEKS DOO CACAK,MATERIALS
FOCUS I.M.C. DOO BEOGRAD,CONSUMER STAPLES
CENTRALINVEST DOO BEOGRAD,INDUSTRIALS
"KRAFT FOODS DOO,VAT.103822660",CONSUMER STAPLES
"DRAGOVIC TRANSPORT DOO, SMEDEREVO",INDUSTRIALS
BTL MANDIS MEDIA DOO,COMMUNICATIONS
CE-ZA-R DOO BEOGRAD,MATERIALS
GROUP AGROPANONKA,INDUSTRIALS
FISH CORP. 2000 FEED DOO,INDUSTRIALS
PHARMA-MAAC DOO BEOGRAD,HEALTH CARE
P.S. FASHION DESIGN DOO CACAK,CONSUMER DISCRETIONARY
UZOR PROMET DOO NOVI SAD,REAL ESTATE
KALLAS SB DOO,CONSUMER STAPLES
AGRO STAR PROIZVODNJA DOO,CONSUMER STAPLES
EMDIRO CONSULTANTS SERVICES DOO BE,INDUSTRIALS
INTERMERKUR DOO BEOGRAD - U STECAJ,NOT RELEVANT
MERKUR-CELIK,FINANCIALS
IN2 INFORMATICKI INZENJERING DOO,INFORMATION TECHNOLOGY
AGRO ARM DOO BEOGRAD (VOZDOVAC),MATERIALS
FN DALLAS DOO,NOT RELEVANT
SANTAMED D.O.O. BEOGRAD,HEALTH CARE
BIOTRONIK ADRIATIC DOO BEOGRAD,HEALTH CARE
ICES DOO,INFORMATION TECHNOLOGY
CENEJ AGRAR,CONSUMER STAPLES
UNIVERZITET SINGIDUNUM BEOGRAD,CONSUMER DISCRETIONARY
BOZIDAR RISTIC PR PRIPREMNA GRADIL,INDUSTRIALS
AUTORITAS INVESTMENT DOO NOVI SAD,CONSUMER STAPLES
POLLARD DIGITAL SOLUTIONS D.O.O.,INFORMATION TECHNOLOGY
LIVNICA PRECIZNIH ODLIVAKA DOO,INDUSTRIALS
SUBGROUP ASTERFARM,CONSUMER STAPLES
INTERSREM FLEET MANAGEMENT,INDUSTRIALS
MLINOTEST-S DOO RUMA,CONSUMER STAPLES
YUGOTUB DOO NOVA PAZOVA,INDUSTRIALS
INOBACKA D.O.O.,INDUSTRIALS
VELEMIR (NEDELJKO) VESKOV,CONSUMER STAPLES
PRODANOVIC DOO MAJUR,INDUSTRIALS
BIOWINE DOO NOVI SAD U STECAJU,NOT RELEVANT
BUKULJA J.K.P.,NOT RELEVANT
SAMSTAG-BALKAN D.O.O.,NOT RELEVANT
GRAMERCY DOO BEOGRAD,NOT RELEVANT
JAGODINA PUT D.O.O.,INDUSTRIALS
FEROMONT-GRADNJA DOO - STARA PAZOV,INDUSTRIALS
INTER MIMS DOO,NOT RELEVANT
ZIMPA AD UB,INDUSTRIALS
CISTOCA JAVNO KOMUNALNO,INDUSTRIALS
EGIS D.O.O. BEOGRAD,INDUSTRIALS
GROUP ENTERIJER JANKOVIC,INDUSTRIALS
VEGA IT D.O.O. NOVI SAD,INFORMATION TECHNOLOGY
NECTAR DOO BACKA PALANKA,CONSUMER STAPLES
LJUBENKOVIC D.O.O.,INDUSTRIALS
TRIGEMA D.O.O. BEOGRAD,INDUSTRIALS
DOO RACA ZRENJANIN,CONSUMER STAPLES
ALEXANDAR DOO NOVI SAD,CONSUMER STAPLES
DT D.O.O.,INDUSTRIALS
STRABAG AG,INDUSTRIALS
OZZ AGRONOM DESPOTOVO-PIVNICE PIVN,CONSUMER STAPLES
TSV BRAVE DOO BEOGRAD,CONSUMER STAPLES
SIEMENS DOO BEOGRAD,INDUSTRIALS
DEKORAT DOO BEOGRAD,INDUSTRIALS
ARMSTEEL DOO RUMENKA,INDUSTRIALS
METALNE KONSTRUKCIJE 037 DOO,INDUSTRIALS
FUTURUM AD BEOGRAD,NOT RELEVANT
JELIC PETROL DOO,CONSUMER DISCRETIONARY
JGL,HEALTH CARE
DRUSTVO SA OGRANICENOM,CONSUMER DISCRETIONARY
GROUP TOPOLA IM,NOT RELEVANT
PROTECH DOO NOVI SAD,INDUSTRIALS
IHR DOO U STECAJU,NOT RELEVANT
SLOGA AD NOVI PAZAR,INDUSTRIALS
NAFTAGAS-TRANSPORT D.O.O. NOVI SAD,INDUSTRIALS
CARNEX MACHINERY LIMITED DOO VRBAS,CONSUMER STAPLES
VODOVOD I KANALIZACIJA JP ZRENJANI,UTILITIES
INTERFAST ADVANCED SECURITY SYSTEM,INDUSTRIALS
HIDRO-BAZA AGREGATI DOO,MATERIALS
AGROMARKET MACHINERY,INDUSTRIALS
DOO BANATSKI KLAS PANCEVO,CONSUMER STAPLES
IRIS MEGA DOO,INFORMATION TECHNOLOGY
LAZOVIC GRADNJA DOO NOVI SAD,INDUSTRIALS
JKP BEOCIN ,INDUSTRIALS
BRICKEN DOO NOVI SAD,INDUSTRIALS
DOO HOROSZCOOP SENTA,INDUSTRIALS
AGRO-PROMET DOO BECEJ,CONSUMER STAPLES
METSO D.O.O.,INDUSTRIALS
BOYSEN ABGASSYSTEME,CONSUMER DISCRETIONARY
TRANSPORT BERAR DOO MELENCI,INDUSTRIALS
AUTO CENTAR MILENIJUM DOO BEOGRAD,CONSUMER DISCRETIONARY
AGORA ECO,UTILITIES
PSS POLJOPRIVREDNA STANICA DOO,INDUSTRIALS
TEMA BROKER A.D.,NOT RELEVANT
DIRECT GROUP DOO,CONSUMER STAPLES
MOSTOGRADNJA A.D.,INDUSTRIALS
CAN ADVERTISING DOO BEOGRAD,NOT RELEVANT
SOPHARMA TRADING PHARMACEUTICALS D,HEALTH CARE
BUFFALO DOO CACAK- U STECAJU,NOT RELEVANT
SOMBORMLIN AD SOMBOR,NOT RELEVANT
GROUP FMP,NOT RELEVANT
EINHELL DOO BEOGRAD,CONSUMER DISCRETIONARY
DACIC PROM DOO NOVI PAZAR,MATERIALS
DOO PANSPED NOVI SAD,INDUSTRIALS
HAMBURGER RECYCLING SERBIA DOO,INDUSTRIALS
OGREV DOO ZRENJANIN,INDUSTRIALS
STOBEX DOO,MATERIALS
SPONIT DOO CACAK,CONSUMER DISCRETIONARY
COLOR-CHEMICALS,MATERIALS
GROUP NESAM,INDUSTRIALS
BRACA POPOVIC DOO KRAGUJEVAC,CONSUMER STAPLES
SWEET HOME PORT DOO,CONSUMER DISCRETIONARY
ENERGY NET SOLUTION DOO,INDUSTRIALS
FIMAS DOO BEOGRAD,CONSUMER DISCRETIONARY
FORVIS MAZARS D.O.O. BEOGRAD,INDUSTRIALS
EMS AD BEOGRAD,UTILITIES
SILOIN DOO KOVIN,NOT RELEVANT
SVET INTERNATIONAL DOO,NOT RELEVANT
NET-CONNECT D.O.O. - U LIKVIDACIJI,COMMUNICATIONS
DOO ALFA 022 RUMA,INDUSTRIALS
BERRY FRUTICO DOO LUCANI,CONSUMER STAPLES
AQUALIA INFRAESTRUCTURAS D.O.O.,NOT RELEVANT
DOO SLAVIJACOOP LOGISTIC BEOGRAD -,INDUSTRIALS
MONIKA HOUSE,CONSUMER DISCRETIONARY
RADNJA ZA VRSENJE USLUGA,INDUSTRIALS
TERRA SRBIJA DOO SIMANOVCI,INDUSTRIALS
MARMIL INZENJERING D.O.O. BEOGRAD,INDUSTRIALS
EURODIJAGNOSTIKA,HEALTH CARE
CML CONSTRUCTION SERVICES,INDUSTRIALS
ELKOMS DOO BEOGRAD,INDUSTRIALS
ALEMILOIL DOO,INDUSTRIALS
APOTEKARSKA USTANOVA BENU BEOGRAD,CONSUMER STAPLES
ERWIN DOO NOVI PAZAR,INDUSTRIALS
UNITRAG PIZON DOO BEOGRAD,INDUSTRIALS
GAMA D.K. DOO BACKA TOPOLA,CONSUMER STAPLES
NOMIL PROMET DOO  ARILJE - U STECA,CONSUMER STAPLES
BI-COMMERCE DOO NOVI SAD,MATERIALS
AGROFARM-TRADE DOO TOPOLA,CONSUMER DISCRETIONARY
ARETOL DOO NOVI SAD,CONSUMER STAPLES
RAPP ZASTAVA DOO KRAGUJEVAC,INDUSTRIALS
ANDREAS (ONDREJ) HEDJI,CONSUMER STAPLES
H.T. & L. FITTING SERBIA DOO KRAGU,CONSUMER DISCRETIONARY
VERIDOS NETSET DOO,INFORMATION TECHNOLOGY
GROUP MOJ KIOSK,CONSUMER STAPLES
GROUP LILLY,CONSUMER STAPLES
AUTO KODEKS DOO BEOGRAD,INDUSTRIALS
WBD DOO BEOGRAD,INFORMATION TECHNOLOGY
IMPERIAL TOBACCO SCG DOO BEOGRAD,CONSUMER STAPLES
SSC DOO SMEDEREVO,INDUSTRIALS
JUGIS DOO BEOGRAD,INDUSTRIALS
21. JANUAR D.O.O.      ,INDUSTRIALS
SKY TOPECO DOO BEOGRAD,INDUSTRIALS
TRANSPORTNO DRUSTVO C&LC-GROUP DOO,INDUSTRIALS
NUTRIFEED-SOLUTIONS D.O.O.,CONSUMER STAPLES
MOZZART D.O.O.,CONSUMER DISCRETIONARY
METALEX DOO,NOT RELEVANT
PSC D.O.O.,INFORMATION TECHNOLOGY
AMSS DOO,NOT RELEVANT
TONI COMMERCE 2011 DOO,MATERIALS
MILIJA  DOO  KRAGUJEVAC,NOT RELEVANT
DHL INTERNATIONAL BEOGRAD D.O.O.,INDUSTRIALS
GORAN INVEST BG DOO,INDUSTRIALS
PREDUZECE ZA PRODAJU ALUMINIJUMA VE,NOT RELEVANT
LE BELIER KIKINDA LIVNICA DOO,MATERIALS
MEGA RENT DOO,INDUSTRIALS
ELEKTROMETAL GREEN DOO,INDUSTRIALS
BAKARNE CEVI - U PRINUDNOJ LIKVIDA,MATERIALS
GROUP JUGOKOP,INDUSTRIALS
ZITOPROMET-MLIN AD SENTA,CONSUMER STAPLES
AGRINOVA DOO NOVI SAD,INDUSTRIALS
FAKULTET ZA EKONOMIJU I INZENJERSK,CONSUMER DISCRETIONARY
BELARUS-AGROPANONKA DOO NOVI SAD,INDUSTRIALS
AGROSAVA DOO,MATERIALS
SIM DOO,INDUSTRIALS
CORNER PIZZA D.O.O.,CONSUMER DISCRETIONARY
BOMEX HOLDING D.O.O.,MATERIALS
EXCITING D.O.O.,INDUSTRIALS
TODY GH DOO,CONSUMER STAPLES
GROUP ERAKOVIC,CONSUMER STAPLES
INITIATIVE DOO BEOGRAD,CONSUMER DISCRETIONARY
LUXURY TANNERY DOO RUMA,CONSUMER DISCRETIONARY
AGROPRODUKT DOO BUMBAREVO BRDO,CONSUMER STAPLES
ELIXIR ENGINEERING DOO,MATERIALS
GREENFLOW RECYCLING DOO,INDUSTRIALS
TIM POWER PLUS D.O.O. PIROT,INDUSTRIALS
ERNST & YOUNG CONSULTING D.O.O.,INDUSTRIALS
AQUACHEM D.O.O.,INDUSTRIALS
CRAYON,INFORMATION TECHNOLOGY
PPL D.O.O.,INDUSTRIALS
MIRKO (ZIVKO) MILJUS,NOT RELEVANT
GORENJE D.O.O.,CONSUMER DISCRETIONARY
ARROW-DISTRIBUTION NET WORK DOO BE,CONSUMER STAPLES
OBELISK GRADNJA DOO BEOGRAD,REAL ESTATE
Lagermax AED doo,INDUSTRIALS
MISTRAL KOMERC D.O.O.,CONSUMER STAPLES
DAHOP UTVA DOO ALEKSINAC,MATERIALS
JARBOLI I ZASTAVE DOO RUMA,CONSUMER DISCRETIONARY
HIRIM CO DOO BEOGRAD,REAL ESTATE
Subgroup Juzna Backa,INDUSTRIALS
NEW IMAGE D.O.O. BEOGRAD-NOVI BEOG,INDUSTRIALS
CAMMEO GRUPA D.O.O. BEOGRAD,INDUSTRIALS
SWISSLION GROUP DOO BEOGRAD-SAVSKI,CONSUMER STAPLES
UNICOOP DOO ZABALJ,CONSUMER STAPLES
ERS HOLDING DOO,REAL ESTATE
AGRARIA TIM DOO - U STECAJU,CONSUMER STAPLES
TEIKOM DOO,INDUSTRIALS
SIGIT DOO GROSNICA,CONSUMER DISCRETIONARY
BANAT SEME D.O.O. ZRENJANIN,CONSUMER STAPLES
JONIMPEX DOO SMEDEREVO,INDUSTRIALS
GROUP OPTICUS,HEALTH CARE
JAVNA SKLADISTA DOO SUBOTICA,INDUSTRIALS
W ASFALTNA TEHNIKA DOO BEOGRAD,INDUSTRIALS
MARIS DOO NOVI SAD,INDUSTRIALS
A1 SRBIJA,COMMUNICATIONS
ISV FEED & CONSULTING DOO DURDIN,CONSUMER STAPLES
FONDACIJA ZA RECIKLAZU LIMENKI ZA,MATERIALS
RAVNICA DOO BAJMOK,NOT RELEVANT
ENERGY NET TWO DOO SREMSKA MITROVI,NOT RELEVANT
NESTLE ADRIATIC FOODS DOO,CONSUMER STAPLES
KNAUF ZEMUN DOO BEOGRAD,NOT RELEVANT
DRUSTVO SA OGRANICENOM ODGOVORNOSCU,INDUSTRIALS
saint gobain doo beograd,MATERIALS
ABV DISTRIBUCIJA DOO,CONSUMER STAPLES
NOV DOO NOVI SAD,INFORMATION TECHNOLOGY
GROUP PKB KORPORACIJA,NOT RELEVANT
AUTOFLEX-LIVNICA DOO COKA,MATERIALS
SUBGROUP COLOR MEDIA INTERNATIONAL,CONSUMER DISCRETIONARY
MIN-COMMERCE DOO BEOGRAD,CONSUMER STAPLES
CHAMPICOMP DOO PLOCICA,CONSUMER STAPLES
IGMIN OIL DOO BEOGRAD - U STECAJU,ENERGY
PIGGY CENTAR DOO,CONSUMER STAPLES
DOO BALKANPROGRES KRUSEVAC,CONSUMER DISCRETIONARY
RU METAL TRADE DOO RUMA,INDUSTRIALS
AUTO CACAK PROMET DOO,CONSUMER DISCRETIONARY
"MILETIC PETROL DOO PARACIN, SALUDO",INDUSTRIALS
DIGITAL LIFE DOO BEOGRAD,COMMUNICATIONS
"TIM KABEL DOO BEOGRAD, ZEMUN",INDUSTRIALS
KNJAZ MILOS-NATURA,CONSUMER STAPLES
GROUP EUROINVEST NS,REAL ESTATE
EPS AD BEOGRAD,UTILITIES
SVETLANA (VLASTIMIR) RONCEVIC,CONSUMER STAPLES
PRIMAX DOO BEOGRAD,HEALTH CARE
INS DOO,REAL ESTATE
AUTOBUS DOO NOVI SAD,CONSUMER DISCRETIONARY
DAK DOO BEOGRAD,CONSUMER DISCRETIONARY
ALKALOID DOO,HEALTH CARE
AKS FLEET SOLUTION DOO,INDUSTRIALS
ORAHOVO DOO SENTA,NOT RELEVANT
SALINEN DOO SIMANOVCI,CONSUMER STAPLES
GROUP MM,CONSUMER DISCRETIONARY
NTC PROPERTY DOO,NOT RELEVANT
PRICEWATERHOUSECOOPERS DOO BEOGRAD,INDUSTRIALS
INSTITUT ZA RATARSTVO I POVRTARSTV,CONSUMER STAPLES
DOBAR VETAR DOO BEOGRAD,CONSUMER STAPLES
RAMAZZA OIL DOO LESKOVAC,REAL ESTATE
PESTAN DOO BUKOVIK,INDUSTRIALS
SENJAK DOO BEOGRAD,MATERIALS
TESTER-AL DOO JAGODINA,INDUSTRIALS
KARIN KOMERC MD DOO NOVI SAD,INDUSTRIALS
ALPROS EVISION,CONSUMER DISCRETIONARY
SPORT TIME BALKANS DOO BEOGRAD,CONSUMER DISCRETIONARY
COMTRADE SYSTEM INTEGRATION D.O.O.,INFORMATION TECHNOLOGY
MAGREM DOO BEOGRAD,INDUSTRIALS
RADULOVIC DOO,CONSUMER DISCRETIONARY
ADONIS DOO SOKOBANJA,CONSUMER STAPLES
BARENTZ DOO BEOGRAD,MATERIALS
EVAPIFY D.O.O.,CONSUMER STAPLES
ATRIUM PROPERTY SERVICES D.O.O.,INDUSTRIALS
TBM DUNAV DOO,NOT RELEVANT
PRESTON HOLDING DOO,INDUSTRIALS
FMP DOO BEOGRAD,MATERIALS
GROUP PROTEAM,INDUSTRIALS
INTERQO GROUP DOO LESKOVAC,CONSUMER STAPLES
GP PORR DOO BEOGRAD - U LIKVIDACIJ,INDUSTRIALS
CONTITECH FLUID SERBIA DOO SUBOTIC,CONSUMER DISCRETIONARY
TP JABUKA DOO BEOGRAD,NOT RELEVANT
GLOBAL PRESS DOO BEOGRAD,CONSUMER DISCRETIONARY
"ALEKSANDROVIC VT DOO TOPOLA, VINCA",CONSUMER DISCRETIONARY
HELIOS SRBIJA A.D. GORNJI MILANOVA,MATERIALS
COMTRADE SOLUTIONS ENGINEERING,INFORMATION TECHNOLOGY
DOM ZDRAVLJA ACIBADEM BEL MEDIC,HEALTH CARE
AXSYNTHA D.O.O.,MATERIALS
HEINEKEN SRBIJA DOO ZAJECAR,CONSUMER STAPLES
EVIDEN,INFORMATION TECHNOLOGY
JKP BEOGRADSKE ELEKTRANE,UTILITIES
DUOMED SOUTHEAST EUROPE D.O.O.,HEALTH CARE
OXYGEN DOO BEOGRAD,CONSUMER DISCRETIONARY
DELMAX DOO STARA PAZOVA,CONSUMER DISCRETIONARY
IVAN RAJIC PR RAJIC 2015,CONSUMER STAPLES
POSLOVNI SISTEM DOMINA DOO BEOGRAD,NOT RELEVANT
ETI&PACK DOO,CONSUMER DISCRETIONARY
MITIC DOO LESKOVAC,CONSUMER DISCRETIONARY
GP RATKO MITROVIC-NISKOGRADNJA BGD,INDUSTRIALS
SAJKASKA AD ZABALJ,CONSUMER STAPLES
GILERA DOO BEOGRAD-ZEMUN,INDUSTRIALS
LUCAR DOO NOVI SAD,CONSUMER STAPLES
FASHION COMPANY DOO,CONSUMER DISCRETIONARY
JEDINSTVO - LIVNICA POZEGA DOO POZ,MATERIALS
KEJ DOO VALJEVO,INDUSTRIALS
JKP JAVNO OSVETLJENJE,INDUSTRIALS
AGROSTORY D.O.O. BANATSKI KARLOVAC,CONSUMER STAPLES
METALKA-MAJUR DOO JAGODINA,INDUSTRIALS
HÖRMANN SRBIJA DOO BEOGRAD,INDUSTRIALS
GROUP FORMA IDEALE,CONSUMER DISCRETIONARY
LUKAFOOD,CONSUMER STAPLES
PRIVREDNO DRUSTVO MEHANIZACIJA TRG,INDUSTRIALS
RETAIL PARK DUNJA,CONSUMER STAPLES
SLODES DOO BEOGRAD,CONSUMER DISCRETIONARY
GRANICE DOO MLADENOVAC,CONSUMER STAPLES
LAMEX DOO NOVI SAD,CONSUMER DISCRETIONARY
ZITOSREM DOO INDIJA,CONSUMER STAPLES
MONOBLOK DOO NOVI SAD,INDUSTRIALS
VIKTOR GAJOVIC PR TRGOVINSKA RADNJ,CONSUMER DISCRETIONARY
SPECIJALNA BOLNICA ZA HEMODIJALIZU,HEALTH CARE
MILOSEVIC DOO KRUSEVAC,INDUSTRIALS
VAR SISTEM DOO,INDUSTRIALS
"PHARMASWISS DOO, BEOGRAD",HEALTH CARE
OTPAD DOO SUBOTICA - U PRINUDNOJ L,MATERIALS
MACKATICA AD,NOT RELEVANT
HANSA FLEX HIDRAULIKA DOO BEOGRAD,INDUSTRIALS
PRINTEC DOO BEOGRAD,CONSUMER DISCRETIONARY
EURO LIN + DOO PARACIN,REAL ESTATE
MARKO-EKSPORT D.O.O.,INDUSTRIALS
GOSA FABRIKA OPREME I MASINA AD,NOT RELEVANT
ROLOPLAST DOO,INDUSTRIALS
VIS-IA DOO,INDUSTRIALS
MMM PIZZA GROUP DOO NOVI SAD,CONSUMER DISCRETIONARY
PDM AGRO FRUIT DOO,CONSUMER STAPLES
NOVEL IT SYSTEMS,INFORMATION TECHNOLOGY
ECOLAB HYGIENE DOO BEOGRAD,MATERIALS
RINGIER AXEL SPRINGER DOO BEOGRAD,CONSUMER DISCRETIONARY
YUFOS DOO BEOGRAD,MATERIALS
SAGLOBAL DOO,INFORMATION TECHNOLOGY
ZISIC JOVAN PREDUZETNIK SPIN MARKE,CONSUMER STAPLES
HOMOLJE  ZAGUBICA,CONSUMER STAPLES
ARMEX D.O.O. ZABALJ,INDUSTRIALS
REFOT B D.O.O. BEOGRAD,CONSUMER DISCRETIONARY
GA DOO BEOGRAD,INDUSTRIALS
CENTAR ZA PRIMENJENU CIRKULARNU EK,MATERIALS
R&B MEDICAL COMPANY DOO BEOGRA,HEALTH CARE
KOMUNALAC JP BECEJ,INDUSTRIALS
VODOGRADNJA DOO PUKOVAC,INDUSTRIALS
GROUP MATIS,CONSUMER DISCRETIONARY
VISNJEVI SAD DOO NOVI SAD,CONSUMER STAPLES
UNIVERSAL EXPRESS DOO BEOGRAD,INDUSTRIALS
TRANSPED-BEOGRAD DOO BEOGRAD - U S,NOT RELEVANT
KMV BEV MANGO D.O.O.,CONSUMER STAPLES
SUBGROUP MPC HOLDING,CONSUMER STAPLES
CHEMICO EXPORT doo,CONSUMER STAPLES
"PREDUZECE ZA PROIZVODNJU,PROMET I U",MATERIALS
MONIKA 2022,CONSUMER DISCRETIONARY
Gebrüder Weiss d.o.o.,INDUSTRIALS
MSI BALKAN DOO BEOGRAD - U LIKVIDA,INFORMATION TECHNOLOGY
CONING DOO BEOGRAD,CONSUMER DISCRETIONARY
UNION SPED DOO DOBANOVCI,INDUSTRIALS
ALPROS ETECH,CONSUMER DISCRETIONARY
EKO PARTNER PLUS DOO,INDUSTRIALS
PRO TEAM DOO BEOGRAD,INDUSTRIALS
JP KOMUNALAC PIROT,INDUSTRIALS
STRABAG BRVZ,INDUSTRIALS
GROUP WORTS,CONSUMER DISCRETIONARY
SHOPGROUP DOO,CONSUMER DISCRETIONARY
VERANO-MOTORS D.O.O.,NOT RELEVANT
GROUP KAPPA STAR,MATERIALS
PIK 7 JULI AD DEBRC,CONSUMER STAPLES
YUBE DOO POZEGA,CONSUMER STAPLES
LORA COMPANY DOO KRNJESEVCI,NOT RELEVANT
SIMPO - PRZAR DOO,CONSUMER DISCRETIONARY
VALKIRA DOO,CONSUMER STAPLES
IMPACT BEL DOO KOVIN,NOT RELEVANT
VOJVODINA PUT BACKA PUT A.D. NOVI,INDUSTRIALS
BG PROPERTY DOO BEOGRAD   - U PRIN,NOT RELEVANT
HYUNDAI AUTO DOO BEOGRAD - U STECA,CONSUMER DISCRETIONARY
ISOMAT DOO SIMANOVCI,MATERIALS
PHARMAS DOO BEOGRAD,HEALTH CARE
BIFTEK RADOJEVI¿ MILOS PR NIS,CONSUMER STAPLES
DARZAL KOMERC DOO BEOCIN,CONSUMER DISCRETIONARY
UNIJAPAK DOO NIS,CONSUMER STAPLES
AUTOSTOP INTERIORS DOO LESKOVAC,CONSUMER DISCRETIONARY
M&J TRADE DOO,CONSUMER STAPLES
BASF SRBIJA D.O.O.,MATERIALS
CONSTRUCT INVEST DOO BEOGRAD,INDUSTRIALS
VIA VOSTOK DOO CACAK,INDUSTRIALS
ELIXIR CRAFT DOO,MATERIALS
NEIMAR PROJEKT DOO NIS- U STECAJU,INDUSTRIALS
PERI OPLATE DOO SIMANOVCI,INDUSTRIALS
NIKSAN D.O.O. NOVA PAZOVA,MATERIALS
DIMOCO SERBIA - U LIKVIDACIJI,INFORMATION TECHNOLOGY
DOO KONDOR AS VRNJACKA BANJA,CONSUMER DISCRETIONARY
MENTA DISTRIBUCIJA DOO CACAK - U S,CONSUMER STAPLES
ARGO DOO,NOT RELEVANT
SUBGROUP MAC DONDON,CONSUMER STAPLES
PREDUZECE WINNERS-PRODUCTS DOO DUB,CONSUMER STAPLES
SKY EXPRESS DOO BEOGRAD,INFORMATION TECHNOLOGY
ALEKSANDAR DOO NOVI SAD,NOT RELEVANT
TAGOR EMS DOO NIS,INFORMATION TECHNOLOGY
BEOROL DOO BEOGRAD,MATERIALS
RADUN AVIA DOO NOVI SAD,CONSUMER DISCRETIONARY
group green city international,INDUSTRIALS
SAMALD-ANATEKS-COMERC DOO,CONSUMER STAPLES
JP SRBIJAGAS NOVI SAD,UTILITIES
MAKSI SILOSI D.O.O. MALO CRNICE,CONSUMER STAPLES
PREDUZECE ZA INFORMATIKU,INFORMATION TECHNOLOGY
DONAUCHEM D.O.O.,MATERIALS
group institut mihajlo pupin,INDUSTRIALS
IZOTERM PLAMA DOO INDIJA,MATERIALS
AXEREAL SERBIA DOO,CONSUMER STAPLES
NICIFOROVIC L&M DOO VINCA,MATERIALS
JKP STANDARD SID,INDUSTRIALS
DOT NETWORKS,INFORMATION TECHNOLOGY
COMBIS-IT USLUGE,INFORMATION TECHNOLOGY
GROUP NAFTAcHEM,INDUSTRIALS
BEZISTAN CENTAR,REAL ESTATE
"PREDUZECE ZA PROIZVODNJU,TRGOVINU,",INDUSTRIALS
MOVE ONE RELOCATIONS DOO BEOGRAD,NOT RELEVANT
LOVRIC COMPANY DOO,INDUSTRIALS
LILLY FOOD DOO,NOT RELEVANT
URADI SAM DOO BEOGRAD,NOT RELEVANT
KONSING DOO,INDUSTRIALS
ADRIATIC MINORITYCO 003 D.O.O. BEO,CONSUMER STAPLES
VELEMAJSTOR TRGOVINE,INDUSTRIALS
VRSACKI VINOGRADI AD VINOGRADARSTVA,CONSUMER STAPLES
GALLAHER  DOO BEOGRAD - U LIKVIDAC,NOT RELEVANT
FEP DOO,INDUSTRIALS
CENTAR FAKTOR DOO - U PRINUDNOJ LI,REAL ESTATE
C.M.C. GRAMAX DOO ARANDELOVAC,INDUSTRIALS
DANUBE FOODS DOO,CONSUMER STAPLES
SCP DOO BEOGRAD,MATERIALS
ATB SEVER DOO,INDUSTRIALS
NELT CO. DOO BEOGRAD,CONSUMER STAPLES
KONCERN BAMBI A.D. POZAREVAC,CONSUMER STAPLES
KLAS 025,CONSUMER STAPLES
DRUSTVO SA OGRANICENOM,INFORMATION TECHNOLOGY
MATIJASEVIC VINOGRADI,CONSUMER STAPLES
DS SMITH INOS PAPIR SERVIS DOO,INDUSTRIALS
DELTA MOTORS DOO,CONSUMER DISCRETIONARY
BRAND DISTRIBUTION MARKET DOO,CONSUMER DISCRETIONARY
VADERSTAD DOO,INDUSTRIALS
SILBO LOGISTICS DOO BEOGRAD,INDUSTRIALS
PREDSTAVNISTVO PHARMAZEUTISCHE FABR,HEALTH CARE
SVETLOST DOO NIS,CONSUMER DISCRETIONARY
PREDUZECE FRIKOS DOO BEOGRAD - ZEM,CONSUMER STAPLES
BERICAP DOO,NOT RELEVANT
CERAGON DOO BEOGRAD - U LIKVIDACIJ,INFORMATION TECHNOLOGY
WURTH DRUSTVO SA OGRANICENOM,MATERIALS
PP FEKETIC DOO SOMBOR,NOT RELEVANT
KOPRODUKT AD NOVI SAD,NOT RELEVANT
DIREKTNA TRGOVINA DOO BEOGRAD - U,CONSUMER STAPLES
NATURA TRANSIT DOO LOZNICA,MATERIALS
GENEL,REAL ESTATE
INTER-EXPORT DOO BEOGRAD - U STECA,NOT RELEVANT
INTERGRADNJA COOP DOO,INDUSTRIALS
EKOSTAR PAK DOO BEOGRAD,INDUSTRIALS
WORLD GLASS DOO KRAgUJEVAC,INDUSTRIALS
LTD LOGISTIC DOO CACAK LJUBIC,INDUSTRIALS
MBOX TERMINALS DOO BEOGRAD,INDUSTRIALS
GIA DOO BEOGRAD,INDUSTRIALS
ECCO FOOTWEAR DOO,CONSUMER DISCRETIONARY
CENTAR ZA NESTALU I ZLOSTAVLJANU D,INDUSTRIALS
AGROVOJVODINA AUTOUNIVERZAL DOO N,INDUSTRIALS
APOTEKARSKA USTANOVA TG-PHARMA,CONSUMER STAPLES
LAYHER,INDUSTRIALS
AMREST D.O.O.,CONSUMER DISCRETIONARY
MMC-MIKROS MOBILE CENTAR DOO,INDUSTRIALS
PREDUZECE ZA PROIZVODNJU PVC PROZOR,MATERIALS
VELAS DOO BEOGRAD - U STECAJU,CONSUMER DISCRETIONARY
AGROBALKAN DOO,NOT RELEVANT
VELEFARM MEDICINA PRODAJA,NOT RELEVANT
STARION DOO BEOGRAD,NOT RELEVANT
JUGOTEHNIKA AD NIS,CONSUMER DISCRETIONARY
MAXI BULLS DOO DERONJE,CONSUMER STAPLES
"STANA MIHAJLOVIC PREDUZETNIK, MIHA",CONSUMER DISCRETIONARY
DOO JUGOINSPEKT-NOVI SAD NOVI SAD,INDUSTRIALS
OGRANAK YOKOGAWA EUROPE BRANCHES,INDUSTRIALS
KVIKI MARKET ALEKSANDAR SAVIC PR,CONSUMER STAPLES
ASTERFARM DOO BEOGRAD,HEALTH CARE
DOO LIDER TRANSPORT MEDJUNARODNI I,INDUSTRIALS
REHAU DOO,INDUSTRIALS
VITAMIN DOO HORGOS,CONSUMER STAPLES
OPTIMUM DOO SMEDEREVSKA PALANKA,MATERIALS
ENERGY CONSTRUCTION DOO SABAC,INDUSTRIALS
TOMSIN DOO SABAC,MATERIALS
REPRESENT DOO BEOGRAD,COMMUNICATIONS
SIEMENS GAMESA RENEWABLE ENERGY D.,UTILITIES
RESA LOGISTIC,REAL ESTATE
ANMANIS D.O.O.,CONSUMER STAPLES
DOO COMRAD NOVI SAD,INDUSTRIALS
PUREFERT BALKANS D.O.O.,INDUSTRIALS
CALIBRO DOO TOPOLA,CONSUMER STAPLES
PREDUZECE HIDROPROJEKAT-SAOBRACAJ,INDUSTRIALS
OZZ LESKA DOBRIC,CONSUMER STAPLES
NOKS NJ DOO BEOGRAD,INDUSTRIALS
JEDINSTVO-METALOGRADNJA AD SEVOJNO,INDUSTRIALS
ELDISY SERBIA D.O.O. CACAK,CONSUMER DISCRETIONARY
LUGANO TRADE DOO,INDUSTRIALS
PARACINKA DOO PARACIN,CONSUMER STAPLES
HRASTOVACA DOO POZAREVAC,CONSUMER STAPLES
GROUP PUTEVI UZICE,INDUSTRIALS
LJUBISAVLJEVIC DOO VRANJE - U STEC,CONSUMER STAPLES
IMPEL DOO ZRENJANIN,CONSUMER DISCRETIONARY
LAGERMAX ELITTE DOO SIBNICA-REKOVA,INDUSTRIALS
Subgroup Victoria,CONSUMER STAPLES
GROUP PLANINKA DOO,CONSUMER STAPLES
BAH-PAK-CENTAR SUZANA STANKOVIC PR,CONSUMER STAPLES
VALMEKS OOD,MATERIALS
OMEGA-PROFEKS DOO LOZNICA,CONSUMER DISCRETIONARY
MD INTERNATIONAL DOO BEOGRAD,CONSUMER STAPLES
SERBIAN BUSINESS SYSTEMS DOO BEOGR,INFORMATION TECHNOLOGY
JUGOTRADE DOO BEOGRAD,INDUSTRIALS
ENERGY STAR INTERNATIONAL DOO,CONSUMER STAPLES
BAHUS DOO,CONSUMER STAPLES
YUCO HEMIJA DOO BACKI JARAK,MATERIALS
ADRIATIC DISTRIBUTION,HEALTH CARE
2. MAJ KRAN DOO,INDUSTRIALS
STARAGENT PLUS,REAL ESTATE
GROUP BLUE STORE,CONSUMER DISCRETIONARY
TRGOKOMERC EXPORT-IMPORT DOO,INDUSTRIALS
SUBGROUP ATRIKOD,INDUSTRIALS
VAZDUHOPLOVNI SAVEZ SRBIJE,CONSUMER DISCRETIONARY
EXPERT STIL DOO LESKOVAC,CONSUMER DISCRETIONARY
EUROMES PLUS DOO,NOT RELEVANT
ADRENALIN DOO BEOGRAD,CONSUMER DISCRETIONARY
MAJDAN LUKS D.O.O.,CONSUMER DISCRETIONARY
TRADING TEAM DOO NOVI SAD,CONSUMER STAPLES
KLACSKA JUGOSLAVIJA DOO BEOGRAD,INDUSTRIALS
ELIXIR FRUIT DOO - U LIKVIDACIJI,CONSUMER STAPLES
MEGA TABAK D.O.O.,NOT RELEVANT
EXIM-COMMERCE DOO PALIC,INDUSTRIALS
PROJEKTOMONTAZA D.O.O. BEOGRAD,REAL ESTATE
KASTOR DOO JAGODINA,CONSUMER DISCRETIONARY
ERNST & YOUNG DOO BEOGRAD,INDUSTRIALS
DIAHEM GRAMIM DOO BEOGRAD,HEALTH CARE
DIGITAL PRINTING CENTER DOO BEOGRA,COMMUNICATIONS
CBRE GWS,REAL ESTATE
NISKOGRADNJA AD NIS,INDUSTRIALS
MG GROUP HR SERVICES,INDUSTRIALS
INSTITUT ZA KUKURUZ ZEMUN POLJE,NOT RELEVANT
GROUP ZIDAR,CONSUMER DISCRETIONARY
BETON PLUS D.O.O.,MATERIALS
SLUZBENI GLASNIK,CONSUMER DISCRETIONARY
E SEARCH D O O  BEOGRAD,INDUSTRIALS
VISNJICA RESTORANI DOO BEOGRAD,CONSUMER DISCRETIONARY
GRADSKI ZAVOD ZA VESTACENJA,INDUSTRIALS
LAT NITROGEN,MATERIALS
CREMA GEL,CONSUMER DISCRETIONARY
ELIXIR PRAHOVO DOO,MATERIALS
PULSE OFFICE DOO NOVA PAZOVA,CONSUMER DISCRETIONARY
SIGNAL DOO SOMBOR,INDUSTRIALS
JUGO-KAOLIN DOO ZAJECAR,MATERIALS
GEODIS SCO DOO,INDUSTRIALS
GAS LIDER,INDUSTRIALS
SERBIA ZIJIN COPPER DOO,MATERIALS
PTP TRANSKOM DOO SABAC,CONSUMER STAPLES
DOO KS-SAFETY SHOES,CONSUMER DISCRETIONARY
ENERGREEN MTB DOO,INDUSTRIALS
ALO MEDIA SYSTEM DOO BEOGRAD,COMMUNICATIONS
GROUP IVKOVIC,CONSUMER DISCRETIONARY
TEHNOUNION ENERGY,INDUSTRIALS
EKO UNIJA SN DOO BEOGRAD,INDUSTRIALS
AL DAHRA SRBIJA DOO PADINSKA SKELA,INDUSTRIALS
HERZ ARMATUREN DOO NOVA PAZOVA,INDUSTRIALS
UNL GROUP DOO BEOGRAD,INDUSTRIALS
"NUTRIKO DOO, VRANJE",CONSUMER STAPLES
GROUP VOJPUT,INDUSTRIALS
SHANDONG FOREIGN ECONOMIC & TECHNI,INDUSTRIALS
EKO PRODUKT 2002 PREDUZECE ZA UNUTR,NOT RELEVANT
LODIS LOGISTIKA d.o.o. Simanovci,INDUSTRIALS
MP VELIKA MORAVA DOO,INDUSTRIALS
KONDOR DOO SMEDEREVO,MATERIALS
CIGLANA AD TITEL,MATERIALS
BANAT AD - U STECAJU,NOT RELEVANT
JKP CISTOCA I ZELENILO SA POTPUNOM,INDUSTRIALS
UNION MZ,CONSUMER STAPLES
OTVORENI UNIVERZITET DOO SUBOTICA,NOT RELEVANT
TENEN FARM DOO,CONSUMER STAPLES
JOTER DOO KRUSEVAC,INDUSTRIALS
ZIKICA (MIODRAG) LAZIC,CONSUMER STAPLES
SIEMENS MOBILITY DOO CEROVAC,INDUSTRIALS
JUNGIC RECYCLING DOO,INDUSTRIALS
PIRAMIDA-NIT DOO,CONSUMER STAPLES
SOLAJA-BETON DOO,MATERIALS
ENERGO - PET DOO BEOGRAD,MATERIALS
PAKOM COMPUTERS D.O.O.,INFORMATION TECHNOLOGY
ALLTECH SERBIA D.O.O.,CONSUMER STAPLES
ZITOKOMERC DOO SOMBOR,CONSUMER STAPLES
EZPADA DOO BEOGRAD,UTILITIES
EUROPA TRAVEL DOO VALJEVO,CONSUMER DISCRETIONARY
ALBAFER TRADE DOO,INDUSTRIALS
REPOL D.O.O. VALJEVO,INDUSTRIALS
NG-SYSTEM DOO KRALJEVO,CONSUMER DISCRETIONARY
DOO MIVEX CACAK,CONSUMER STAPLES
INTEGRA AGRO,MATERIALS
ELCOM TRADE DOO BEOGRAD,CONSUMER DISCRETIONARY
PIZZAGRAM D.O.O. BEOGRAD-VRACAR,CONSUMER DISCRETIONARY
GRADINA DOO BEOGRAD,INDUSTRIALS
GROUP EURO GAS,INDUSTRIALS
HV PARTNER DOO MALA BOSNA - U STEC,CONSUMER STAPLES
BETA UNION DOO BEOGRAD,INDUSTRIALS
ALEX E&C DOO BEOGRAD,INDUSTRIALS
KOVINTRADE  DOO BEOGRAD,INDUSTRIALS
DARKOM DOO BEOGRAD,INDUSTRIALS
GROUP BEOINOX,CONSUMER STAPLES
SPEKTAR DOO,MATERIALS
TIM-PHARMA DOO SABAC,REAL ESTATE
ARHIKOM,INDUSTRIALS
AZOTARA DOO SUBOTICA - U STECAJU,MATERIALS
NIKOLA DOO POZAREVAC,NOT RELEVANT
IB TEAM DOO BEOGRAD - U PRINUDNOJ,CONSUMER STAPLES
IMPERIAL GRADNJA DOO BEOGRAD,CONSUMER DISCRETIONARY
BZ DOO NOVI SAD,INDUSTRIALS
KRYOOPREMA DOO PANCEVO,MATERIALS
GENERALIMPEX D.O.O.,NOT RELEVANT
JKP PARKING SERVIS NIS,INDUSTRIALS
NETWORK FOR TRADING - U STECAJU,UTILITIES
VICTORIA LOGISTIC DOO,CONSUMER STAPLES
GROUP ESENSA,HEALTH CARE
PERTINI TOYS DOO BEOGRAD (VRACAR),CONSUMER DISCRETIONARY
KAMEN I PESAK,MATERIALS
TOMAS & RAY DOO BEOGRAD,CONSUMER STAPLES
KIMBCO DOO BEOGRAD,CONSUMER STAPLES
APOTEKARSKA USTANOVA LILLY DROGERI,CONSUMER STAPLES
MEDIUS PLUS DOO STARA PAZOVA,CONSUMER STAPLES
SUBGROUP BEL MEDIC,HEALTH CARE
ALLUCENT DOO,HEALTH CARE
AGRIMATCO NOVI SAD,MATERIALS
WORLD BEST BRANDS DOO,CONSUMER DISCRETIONARY
TRGOCENTAR  DOO BEOGRAD,CONSUMER STAPLES
ATLANTIC STARK D.O.O.,CONSUMER STAPLES
SIROGOJNO CO DOO SIROGOJNO,CONSUMER STAPLES
THRACE PLASTICS PACKAGING,MATERIALS
ALUPLAST BGD DOO BEOGRAD (ZEMUN),INDUSTRIALS
VIR IMPEX DOO BEOGRAD,INDUSTRIALS
ALLEGRA-KRSTARENJA DOO,CONSUMER DISCRETIONARY
BETA COOP 2021 DOO GOLUBINCI,CONSUMER STAPLES
JUGOTREJD DOO ARILJE,CONSUMER STAPLES
ALPHA IMAGING DOO,HEALTH CARE
Javno preduzece PTT,INDUSTRIALS
PALMA STR LUCAR MILADIN PR NOVI SA,CONSUMER STAPLES
METALIK CO DOO SABAC,MATERIALS
PAN-ALKO PROMET DOO KULA,NOT RELEVANT
PEKARSKA INDUSTRIJA AD PANCEVO,NOT RELEVANT
WORLDWIDE CLINICAL TRIALS,HEALTH CARE
D PLUS PROIZVODNJA I DISTRIBUCIJA,CONSUMER STAPLES
"LAVERA  D.O.O. ZA PROIZVODNJU,PROME",CONSUMER STAPLES
PARKIC,CONSUMER STAPLES
KLINGSPOR DOO BEOGRAD,INDUSTRIALS
GRA VET  DOO GRADJEVINSKO PREDUZECE,INDUSTRIALS
UNIPROMET DOO CACAK,INDUSTRIALS
K-RENT PROPERTY D.O.O.,REAL ESTATE
AGROSTADT,INDUSTRIALS
IVOX DOO SMEDEREVO,CONSUMER DISCRETIONARY
EURO MOTUS TRANSPORT d.o.o.,INDUSTRIALS
NIPPON EXPRESS (DEUTSCHLAND) GMBH,INDUSTRIALS
JMD 021 TRADE,CONSUMER DISCRETIONARY
DUNAVPREVOZ AD BACKA PALANKA,INDUSTRIALS
KITE,INDUSTRIALS
APOTEKARSKA USTANOVA OAZA ZDRAVLJA,CONSUMER STAPLES
SRBIJASUME JP BEOGRAD,MATERIALS
BRANTNER OTPADNA PRIVREDA DOO,INDUSTRIALS
"BWC POLIMERI DOO BACKA PALANKA, CE",MATERIALS
ARTOS DOO KOSJERIC,CONSUMER STAPLES
METPAK D.O.O.,INDUSTRIALS
GP STIG AD POZAREVAC,NOT RELEVANT
GENEKO SYSTEMS DOO BEOGRAD,NOT RELEVANT
KONC.FABRIKA VAGONA KRALJEVO AD- D,NOT RELEVANT
I.S.N. DOO SABAC - U STECAJU,CONSUMER DISCRETIONARY
M+W PROCESS ENGINEERING D.O.O. BEOG,INDUSTRIALS
INON DOO POZAREVAC,CONSUMER STAPLES
BEOBUS DOO BEOGRAD,INDUSTRIALS
FOND ZA RAZVOJ REPUBLIKE SRBIJE,NOT RELEVANT
GEN - I DOO BEOGRAD,UTILITIES
MEDIUS MESARA DOO NOVA PAZOVA,CONSUMER STAPLES
AL RAWAFED SRBIJA DOO,CONSUMER STAPLES
MIKOM D.O.O. KOMPANIJA ZA PROIZVODN,INDUSTRIALS
EUROIMPEX AUTOMOTIVE D.O.O.,CONSUMER DISCRETIONARY
HYGIENE PRO TEAM DOO BEOGRAD ,MATERIALS
KLETT DOO BEOGRAD,COMMUNICATIONS
DUNAV AUTO DOO BEOGRAD,INDUSTRIALS
AUTOPREVOZNIK MARKO JAGODIC PR UB,INDUSTRIALS
BEOKOLP DOO BEOGRAD,CONSUMER DISCRETIONARY
ISTVAN (ISTVAN) VERES,CONSUMER STAPLES
MEDJAS DOO,NOT RELEVANT
JKP VODOVOD LESKOVAC,UTILITIES
MPN PROMET D.O.O.,CONSUMER DISCRETIONARY
ZIVKOVIC DOO JAGODINA,NOT RELEVANT
METANOLSKO SIRCETNI KOMPLEKS AD,MATERIALS
COMPAIR SOUTH EAST,CONSUMER DISCRETIONARY
AUTOCENTAR PETROVIC DOO SABAC,CONSUMER DISCRETIONARY
GRAPPOLO GROUP DOO U PRINUDNOJ LI,INFORMATION TECHNOLOGY
TEXNI DOO BEOGRAD,INDUSTRIALS
PACORINI BEO DOO BEOGRAD - U LIKVI,INDUSTRIALS
MK Group and Sunoko,CONSUMER STAPLES
SAOBRACAJNO DRUSTVENO PREDUZECE ZA,INDUSTRIALS
HUBERGROUP SRBIJA D.O.O.,MATERIALS
LEON CONDITORS DOO VRANJE,CONSUMER STAPLES
TRANSFERA D.O.O.,INDUSTRIALS
RIDETECH RS DOO,INFORMATION TECHNOLOGY
GCR D.O.O. NOVI SAD,REAL ESTATE
AVISTA OIL D.O.O.,INDUSTRIALS
TOI TOI DOO BEOGRAD,INDUSTRIALS
BEXIM TRADING,CONSUMER DISCRETIONARY
DUMECO DOO  SURCIN,INDUSTRIALS
IZOBIT DOO BRCKO,ENERGY
EVROPA LEK PHARMA,HEALTH CARE
ATLANTIC GRAND DOO,CONSUMER STAPLES
TRANSPRODUKT-BUS PREVOZ DOO BEOGRA,INDUSTRIALS
TISA INDUSTRY DOO BEOGRAD,INDUSTRIALS
VIVA PELLET DOO KRALJEVO,MATERIALS
GROUP FICOSOTA,CONSUMER STAPLES
PRO-BEKOM DOO U STECAJU,CONSUMER STAPLES
INVENTIV HEALTH DOO,HEALTH CARE
HABIT PHARM - U STECAJU,HEALTH CARE
BOTUNJAC-DVA BRATA BACKI VINOGRADI,CONSUMER STAPLES
KALINEL D.O.O. VRANJE,CONSUMER DISCRETIONARY
DRUSTVO SA OGRANICENOM ODGOVORNOSCU,NOT RELEVANT
INVEJ AD BEOGRAD-ZEMUN,NOT RELEVANT
BALKANS REAL ESTATE,REAL ESTATE
TEHNOGAMA DOO SIMANOVCI,INDUSTRIALS
HANPUT-PLUS DOO,INDUSTRIALS
POLIMARK DOO BEOGRAD,CONSUMER STAPLES
GROUP EWE,INFORMATION TECHNOLOGY
BRAINEERING IT SOLUTIONS DOO B,INFORMATION TECHNOLOGY
POLJOPRIVREDNO DOBRO DMN,CONSUMER STAPLES
ST MEDICINA,HEALTH CARE
MEKONTA INVESTMENT GROUP DOO,REAL ESTATE
ATLAS SERVIS,INDUSTRIALS
WIZARD DOO,MATERIALS
NICOLA'S  DOO BEOGRAD,NOT RELEVANT
PANATIC SISTEM DOO BEOGRAD,NOT RELEVANT
SUBGROUP DENEZA M INZENJERING,INDUSTRIALS
"FK ""FC FORZA""",CONSUMER DISCRETIONARY
UTVA SILOSI AD KOVIN,MATERIALS
EMINENT WORLD WIDE DOO,CONSUMER DISCRETIONARY
EUROMEDIK POLIKLINIKA NATASA ZLATA,HEALTH CARE
DOO MDM INOX S BEOGRAD,INDUSTRIALS
TIPTEH D.O.O. BEOGRAD,INDUSTRIALS
GRANDE ADRIATIC FOOD DOO LESKOVAC,CONSUMER STAPLES
POLJOPRIVREDNA STRUCNA SLUZBA VRBAS,INDUSTRIALS
DOO ELMED TEMERIN,INDUSTRIALS
MICROTRI DOO BEOGRAD,MATERIALS
UNIVERZITET PRAVNI FAKULTET U NOVO,CONSUMER DISCRETIONARY
MCCANN DOO BEOGRAD,COMMUNICATIONS
EX ING B&P DOO BEOGRAD,INDUSTRIALS
TCK DOO KOSJERIC,MATERIALS
ELEVEN CONTROLS,INDUSTRIALS
KOZARA DOO BANAT. VELIKO SELO,CONSUMER STAPLES
PILLAR DOO,CONSUMER STAPLES
UNIVERZUM CIGLANA DOO ARANDELOVAC,NOT RELEVANT
GGE DOO,INDUSTRIALS
PUERTO SEGURO DOO,NOT RELEVANT
GROUP GOTY DOO,CONSUMER STAPLES
HABIT APOTEKE IVANJICA,NOT RELEVANT
SILVER LAKE INVESTMENT DOO,CONSUMER DISCRETIONARY
SUBGROUP HEMOFARM STADA ARZNEIMITT,HEALTH CARE
MONTERRA D.O.O. OGRANAK,INDUSTRIALS
ARTIST SISTEMS DOO BEOGRAD,CONSUMER DISCRETIONARY
EURO BRAVO DOO,INDUSTRIALS
PROMOBI SERVISNI CENTAR DOO BEOGRA,CONSUMER DISCRETIONARY
ISOPLUS DOO BEOGRAD,INDUSTRIALS
ORANICA DOO KRAGUJEVAC,CONSUMER STAPLES
FCC KIKINDA DOO,INDUSTRIALS
ZEMLJORADNICKA ZADRUGA BACEX BAC,CONSUMER STAPLES
CITY FACILITY DOO BEOGRAD,INDUSTRIALS
"PREDUZECE BOSKOVIC ADS DOO POZEGA,",INDUSTRIALS
"MORAVCEVIC, VOJNOVIC I PARTNERI  A",INDUSTRIALS
BT PEGROTOUR DOO BEOGRAD (STARI GR,CONSUMER DISCRETIONARY
SAFE-INVEST DOO BEOGRAD - U STECAJ,NOT RELEVANT
CHEMMAX GRADNJA DOO BACKA PALANKA,NOT RELEVANT
AKCIONARSKO DRUSTVO MLEKARA SABAC,CONSUMER STAPLES
NISSAL DOO SREMSKA MITROVICA,MATERIALS
LICON DOO BEOGRAD,INDUSTRIALS
ALCA TRGOVINA DOO BEOGRAD-ZEMUN,CONSUMER STAPLES
VENERA BIKE D00 SUBOTICA,CONSUMER DISCRETIONARY
STRONG & UNIQUE  DOO SUBOTICA - U,NOT RELEVANT
TABLETE I KAPSULE TRADE DOO,HEALTH CARE
MLEKARA DOO PANCEVO,NOT RELEVANT
AXXON TRADING LTD DOO,CONSUMER DISCRETIONARY
INFINEON TECHNOLOGIES D.O.O.,INFORMATION TECHNOLOGY
SECUT DOO,INDUSTRIALS
BULIC CO DOO NOVA PAZOVA,INDUSTRIALS
WFC DOO,CONSUMER STAPLES
TECH MASTER DOO,CONSUMER STAPLES
ARMAX-BEO INVEST DOO,REAL ESTATE
TISACOOP DOO KANJIZA,CONSUMER STAPLES
C.I.A.K. AUTO,CONSUMER DISCRETIONARY
SCHRACK TECHNIK DOO BEOGRAD,INDUSTRIALS
STARI TAMIS DOO PANCEVO,CONSUMER STAPLES
SNE ENERGY DOO CACAK,INDUSTRIALS
CMANA DOO KRNJEVO,CONSUMER STAPLES
SSAB SWEDISH STEEL D.O.O. BEOGRAD,MATERIALS
ATB FOD,INDUSTRIALS
ERS HILL DOO,REAL ESTATE
PREDUZECE ZA PROFESIONALNU REHABILI,CONSUMER DISCRETIONARY
TIGAR TYRES DOO,CONSUMER DISCRETIONARY
DELTA AGRAR DOO,CONSUMER STAPLES
VENTING DOO BEOGRAD,CONSUMER DISCRETIONARY
MAGISTRALA A.D.,INDUSTRIALS
NOVEL DOO BEOGRAD (CUKARICA),CONSUMER DISCRETIONARY
MLINTEST DOO SID,CONSUMER STAPLES
APOLONIJA DOO BEOGRAD,CONSUMER DISCRETIONARY
MONICOM D.O.O.,ENERGY
CELTIS PRESS D.O.O.,CONSUMER DISCRETIONARY
PREDUZECE ZA POSREDNICKO KOMISIONE,INDUSTRIALS
MANPOWER BUSINESS SOLUTIONS DOO,INDUSTRIALS
BEO KERAMIKA DOO U STECAJU,NOT RELEVANT
DOO ROMA-AL STARA PAZOVA,CONSUMER STAPLES
PROZONE DOO NOVI SAD,INFORMATION TECHNOLOGY
METAL-PROM D.O.O.,MATERIALS
MINEL TRAFO DOO,NOT RELEVANT
NASA JABUKA DOO,CONSUMER STAPLES
MAGMA INTERNATIONAL - U STECAJU,NOT RELEVANT
220-B DOO BEOGRAD,CONSUMER DISCRETIONARY
PAPIR SERVIS DP D.O.O. KRUSEVAC,MATERIALS
UP STARI GRAD AD,CONSUMER DISCRETIONARY
VAIT DOO,CONSUMER STAPLES
STAMH DOO BEOGRAD,INDUSTRIALS
TIM AMIGA TRADE DOO,INDUSTRIALS
DRUSTVO OFY COMPANY DOO BEOGRAD,CONSUMER DISCRETIONARY
AKS AUTOMOTIVE DOO SABAC,CONSUMER DISCRETIONARY
INDAS DOO NOVI SAD,INDUSTRIALS
THYSSENKRUPP MATERIALS,MATERIALS
BEST AVENY DOO CACAK,REAL ESTATE
VIESSMANN DOO BEOGRAD,INDUSTRIALS
VODOPAN DOO VRANICI,INDUSTRIALS
SLOBODNA ZONA PIROT AD PIROT,INDUSTRIALS
NICOLL SYSTEM DOO TOPOLA,CONSUMER STAPLES
AUTOPREVOZNIK DEJAN RADOVANOVIC PR,INDUSTRIALS
OZZ ZUNJI-SILAK TEMERIN,CONSUMER STAPLES
DRUSTVO ZA PROIZVODNJU MINERAL,CONSUMER STAPLES
BG REKLAM DOO BARAJEVO,INDUSTRIALS
GROUP TANKMONT,INDUSTRIALS
METALNO DOO,INDUSTRIALS
HEMOVET - U STECAJU,NOT RELEVANT
A2B EJ TU BI LOGISTIKA DOO,INDUSTRIALS
USPON DOO CACAK,CONSUMER DISCRETIONARY
SL GROSS DOO BEOGRAD,NOT RELEVANT
PIN DOO MLADENOVAC,MATERIALS
SACO D.O.O.,NOT RELEVANT
EURO STEEL CENTER DOO,NOT RELEVANT
GROUP MK GROUP,CONSUMER STAPLES
KOKIR GRADNJA  D.O.O. BEOGRAD,NOT RELEVANT
PWW JAGODINA DOO,INDUSTRIALS
WOLT D.O.O.,CONSUMER DISCRETIONARY
GROUP ANSAL,INDUSTRIALS
HEP ENERGIJA DOO BEOGRAD,UTILITIES
SAVA KOVACEVIC DOO VRBAS,CONSUMER STAPLES
GREINER PACKAGING,MATERIALS
"MINAR FRUCHT DOO SLJIVOVO, ALEKSAN",CONSUMER STAPLES
CPS DOO BEOGRAD,MATERIALS
UNITED GROUP NETWORK INFRASTRUCTURE,COMMUNICATIONS
COMCEN DOO BEOGRAD-ZEMUN,CONSUMER STAPLES
MISACO DOO BEOGRAD,CONSUMER STAPLES
ARMABETON DOO BEOGRAD,MATERIALS
AG INSTITUT D.O.O. NOVI SAD,INDUSTRIALS
G.R.S. INZINJERING DOO BEOGRAD,CONSUMER DISCRETIONARY
SUBGROUP LUKOWA FOOD,CONSUMER STAPLES
PARTERNO1 DOO,REAL ESTATE
PORSCHE MOBILITY DOO,CONSUMER DISCRETIONARY
BORVERK DOO LAJKOVAC,NOT RELEVANT
MICK D.O.O.,INDUSTRIALS
TOREX CO DOO BEOGRAD - U STECAJU,CONSUMER DISCRETIONARY
GALEB GTE AD BEOGRAD,INFORMATION TECHNOLOGY
INGRAP GRADNJA DOO,NOT RELEVANT
GROUP UNITED DAIRY,NOT RELEVANT
IM TOPOLA DOO BACKA TOPOLA,NOT RELEVANT
DRINA LOGISTIX DOO BEOGRAD,INDUSTRIALS
EUROPOINT SYSTEMS DOO,INFORMATION TECHNOLOGY
GRADSKO SAOBRACAJNO PREDUZECE BEOGR,INDUSTRIALS
D EXPRESS DOO BEOGRAD,INDUSTRIALS
JKP TVRDJAVA BAC,UTILITIES
GROUP FASHION CO,CONSUMER DISCRETIONARY
PRIMEMED D.O.O.,HEALTH CARE
EX BC DOO BEOGRAD,INDUSTRIALS
PREDUZECE AUTOKUCA-RAJEVIC DOO ARI,CONSUMER DISCRETIONARY
ALPROS DOO BEOGRAD,CONSUMER DISCRETIONARY
KOLPA DOO ZRENJANIN,INDUSTRIALS
VEGA DOO VALJEVO,HEALTH CARE
MCS-SISTEM DOO POZEGA,INDUSTRIALS
BOZIC I SINOVI D.O.O.,INDUSTRIALS
LIMPLEX MONT DOO NOVI SLANKAMEN,INDUSTRIALS
OMYA VENCAC DOO,MATERIALS
CLIPS DK DOO NOVI SAD,CONSUMER DISCRETIONARY
DAYS IN COLOURS,CONSUMER STAPLES
FRIGOMAX DOO,INDUSTRIALS
RIM GROUP DOO BEOGRAD,CONSUMER STAPLES
BC-TRUCKS DOO,CONSUMER DISCRETIONARY
EUROBAU CONNECT AG DOO BEOGRAD,REAL ESTATE
AMASIS  DOO BEOGRAD,NOT RELEVANT
PREDUZECE ZA PROIZVODNJU I PROMET D,NOT RELEVANT
UNION KARIC DOO,CONSUMER DISCRETIONARY
DOO VOJVODINA STARCEVO,NOT RELEVANT
L DOO,FINANCIALS
TERMOVENT KOMERC DOO BEOGRAD,INDUSTRIALS
IVA SPED DOO,NOT RELEVANT
CHICK PROM DOO MALI IDOS,CONSUMER STAPLES
FIP GRMEC NOVOLINE DOO,NOT RELEVANT
GRAND MOTORS DOO BEOGRAD,CONSUMER DISCRETIONARY
"PTP ALBATROS MM DOO SID, CARA DUSA",CONSUMER STAPLES
ALL IP D.O.O.,COMMUNICATIONS
GRANEX COMPANY,CONSUMER STAPLES
SPAJZ DOO BEOGRAD,CONSUMER STAPLES
T-1 ABRAZIV DOO ADA,INDUSTRIALS
LJUBA INVEST - S.Z.T.R.,INDUSTRIALS
KRAFTIA SEE DOO,MATERIALS
GROUP DEUS SYSTEM,MATERIALS
YASENKA RS,HEALTH CARE
SR PROMETAL IVKOVIC VLADIMIR PR SO,INDUSTRIALS
RAPID RUMA,MATERIALS
ENERGY LTD DOO,INDUSTRIALS
DUDA INVEST DOO BEOGRAD,CONSUMER DISCRETIONARY
"DBA PROMET DOO ARILJE, CEROVA",CONSUMER STAPLES
GP BEST IZGRADNJA DOO NOVI SAD,INDUSTRIALS
KVJETKA (JANO) HEDJI,CONSUMER STAPLES
DM DROGERIE MARKT DOO BEOGRAD,CONSUMER STAPLES
SOPOT JP SOPOT,UTILITIES
INTERTRON DOO VRSAC,MATERIALS
ZITOPRERADA DOO BEOGRAD,NOT RELEVANT
PREDUZECE ZA PUTEVE VALJEVO AD,INDUSTRIALS
FOKUS OFFICE DOO BEOGRAD,INDUSTRIALS
AGRAR FM DOO NOVI SAD,CONSUMER STAPLES
TEHNOMOBIL PROTECH  DOO  NOVI SAD,INDUSTRIALS
STYLOS DOO NOVI SAD,INDUSTRIALS
PLANINKA AD KURSUMLIJA,CONSUMER STAPLES
CHILE KOMERC DOO BEOGRAD,CONSUMER STAPLES
STANISIC-AUDIT DOO BEOGRAD,INDUSTRIALS
OPSTA BOLNICA ACIBADEM BEL MEDIC,HEALTH CARE
RADIO S DOO BEOGRAD,COMMUNICATIONS
DODIC DOO VRANJE,CONSUMER DISCRETIONARY
TERMOMETAL D.O.O.,INDUSTRIALS
GALEB METALOPLASTIKA AD SABAC,MATERIALS
GROUP METALAC,CONSUMER DISCRETIONARY
NOTO-LOGISTIC DOO BEOGRAD ,INDUSTRIALS
OSTROG DOO BEOGRAD,INDUSTRIALS
KING ICT DOO BEOGRAD,INFORMATION TECHNOLOGY
KALMAN DOO BEOGRAD,REAL ESTATE
DUX TECH D.O.O.,INDUSTRIALS
K... G... FASHION DOO CACAK,CONSUMER DISCRETIONARY
NERA EX-IM DOO BEOGRAD ZEMUN,CONSUMER STAPLES
VALLETTA DOO - U STECAJU,CONSUMER STAPLES
STRELA TRANSPORT DOO,INDUSTRIALS
UNIVERSAL BRANDS DOO,CONSUMER STAPLES
GP YU KEOPS DOO KRALJEVO,INDUSTRIALS
SMARTCONF D.O.O. PIROT,CONSUMER DISCRETIONARY
JGSP NOVI SAD,NOT RELEVANT
UNIFIEDPOST SOLUTIONS D.O.O.,INFORMATION TECHNOLOGY
BORIS RADOVANOVIC PR CUSUM,CONSUMER DISCRETIONARY
GROUP EMINENT,CONSUMER DISCRETIONARY
TTK MASTERCAR DOO,INDUSTRIALS
BEXEXPRESS DOO,INDUSTRIALS
Subgroup Knjaz Milos,CONSUMER STAPLES
DOO KENS NOVI PAZAR,CONSUMER DISCRETIONARY
LAMELA PROMET DOO KRUSEVAC,CONSUMER STAPLES
EKSTRA-PET DOO BEOGRAD,MATERIALS
ALMA QUATTRO DOO BEOGRAD,COMMUNICATIONS
INVENTO FASHION DOO BEOGRAD,CONSUMER DISCRETIONARY
DANIJELA COMMERCE DOO PANCEVO,CONSUMER STAPLES
ARHIBET DOO DONJA VREZINA,MATERIALS
PEJIC TOURS DOO NOVI PAZAR,INDUSTRIALS
SPEED DOO,INDUSTRIALS
VALVE PROFIL DOO,INDUSTRIALS
DELIGHTED MINDS,REAL ESTATE
PHARMA FUTURA DOO NOVI SAD - U STE,NOT RELEVANT
DEWACO DOO,CONSUMER DISCRETIONARY
MANEKS DOO NOVI SAD,NOT RELEVANT
VITALGAS TECHNOLOGY DOO BEOGRAD,NOT RELEVANT
MB DYNAMIC AUTO PREDUZECE ZA UVOZ I,NOT RELEVANT
PARTNER INZINJERING DOO BEOGRAD,NOT RELEVANT
SUNAL D.O.O. NOVI SAD,MATERIALS
ENERGOGROUP DOO BEOGRAD,INDUSTRIALS
FONDA DOO BEOGRAD,CONSUMER DISCRETIONARY
FEMIC CO DOO BEOGRAD-SURCIN,CONSUMER STAPLES
GLOBAL BLUE D.O.O.,FINANCIALS
UNIVERZAL DOO NOVI SAD,CONSUMER DISCRETIONARY
FRAGMAT S DOO,INDUSTRIALS
SAVIC DOO SMEDEREVSKA PALANKA,MATERIALS
RADUN INZENJERING DOO,INDUSTRIALS
LTC DOO BEOGRAD,INDUSTRIALS
NICOLL CURTIN DOO,INDUSTRIALS
KLIMA M DOO BEOGRAD,INDUSTRIALS
NOACK & CO SOUTH EAST DOO NOVI SAD,CONSUMER STAPLES
SERBOTECNICA DOO ZIROVNICA,INDUSTRIALS
MAINSTREAM DOO BEOGRAD,INFORMATION TECHNOLOGY
PIRAMIDA 72 DOO,CONSUMER DISCRETIONARY
AGENA TECHNOLOGY DOO SIMANOVCI,NOT RELEVANT
VOCAR LUTKA DOO VELIKA ZUPA PRIJEP,NOT RELEVANT
STADLUX REALESTATE DOO,NOT RELEVANT
GROUP TAGOR ELEKTRONIK,INFORMATION TECHNOLOGY
TRGOVINA LILIC DOO,CONSUMER STAPLES
POTTKER DOO BACKA TOPOLA,CONSUMER DISCRETIONARY
MH RENT DOO BEOGRAD,REAL ESTATE
GROUP GRAND D,INDUSTRIALS
BALKAN POLYMERS DOO BEOGRAD,MATERIALS
JAF D.O.O. NOVA PAZOVA,MATERIALS
GREEN CITY INTERNATIONAL DOO,INDUSTRIALS
DUNIS D.O.O.,INDUSTRIALS
ITN  DOO BEOGRAD,CONSUMER STAPLES
"TRI O DOO ARANDELOVAC, BANJA",CONSUMER DISCRETIONARY
SLAVIAMED DOO BEOGRAD,HEALTH CARE
MPK TREJD DOO VALJEVO,MATERIALS
AKCIONARSKO DRUSTVO  NAPREDAK VELIK,NOT RELEVANT
INVEST-IMPORT A.D.,NOT RELEVANT
huntsman bv beograd,INDUSTRIALS
INTER-KOP DOO SABAC - U STECAJU,INDUSTRIALS
THE INTERNATIONAL SCHOOL OF BELGRA,CONSUMER DISCRETIONARY
MD KOMERC DOO VINORACA,CONSUMER STAPLES
GRADINA KAMENOLOM D.O.O.,MATERIALS
BONATTI DOO BEOGRAD,CONSUMER DISCRETIONARY
GROUP AVTERA,INFORMATION TECHNOLOGY
NEW PARK GROUP D.O.O.,NOT RELEVANT
VPD SREDNJI BANAT D.O.O. ZRENJANIN,INDUSTRIALS
M&M MILITZER & MUNCH TRANSPORT & ,INDUSTRIALS
GROUP FRIGLO,CONSUMER STAPLES
EUROPAK DOO STARI BANOVCI,CONSUMER STAPLES
KOMPRESOR AUTOLAND DOO BEOGRAD,CONSUMER DISCRETIONARY
DIPLON DOO,INDUSTRIALS
ZZ BRESTOVO - BACKI BRESTOVAC,CONSUMER STAPLES
"KLEEMANN LIFTOVI DOO, SIMANOVCI",INDUSTRIALS
EJ MODULAR SYSTEMS,INDUSTRIALS
HSH CHEMIE D.O.O.,MATERIALS
AERODROM KETERING DOO BEOGRAD,INDUSTRIALS
INPUT DOO BEOGRAD,INDUSTRIALS
IM MATIJEVIC DOO NOVI SAD,CONSUMER STAPLES
WARNER DOO SUBOTICA,CONSUMER DISCRETIONARY
ZELENI DRAGSTOR STR,CONSUMER STAPLES
PRVI MAJ AD CACAK,MATERIALS
DUZNIK STECAJNE MASE: UTC COMPANY,CONSUMER DISCRETIONARY
FABRIKA DECJE HRANE D.O.O.,CONSUMER STAPLES
PREDUZECE FRUTIVITA DOO STARA PAZO,CONSUMER STAPLES
FILI PILI DOO,CONSUMER STAPLES
UNIVERSAL MEDIA DOO BEOGRAD,CONSUMER DISCRETIONARY
SPIEGELFELD INTERNATIONAL DOO,NOT RELEVANT
DOO FORMAXSTORE NOVI SAD,CONSUMER DISCRETIONARY
TREF SPORT CO DOO BEOGRAD,CONSUMER DISCRETIONARY
GREEN LIFE AGRAR DOO CREPAJA,CONSUMER STAPLES
RADIJUS VEKTOR D.O.O. BEOGRAD,CONSUMER DISCRETIONARY
SUBGROUP PWW,INDUSTRIALS
MILOS KLINIKA,HEALTH CARE
SUBGROUP EKSTRA PET,MATERIALS
FRESENIUS MEDICAL CARE SRBIJA DOO,HEALTH CARE
FIMS DRUSTVO SA OGRANIzENOM ODGOVO,INDUSTRIALS
LESKO DOO POZAREVAC,CONSUMER STAPLES
BAKI DOO,CONSUMER DISCRETIONARY
EPTISA SOUTHEAST EUROPE DOO BEOGRA,INDUSTRIALS
MIKULAKOMERC DOO MIONICA,CONSUMER STAPLES
JOHNSON & JOHNSON D.O.O. OGRANAK U,CONSUMER STAPLES
ASP STRELA-OBRENOVAC DOO OBRENOVAC,INDUSTRIALS
IDEAL AUTO DOO NIS,CONSUMER DISCRETIONARY
SCHWARZMUELLER DOO DOBANOVCI,CONSUMER DISCRETIONARY
MONTESINO,INDUSTRIALS
MILORAD PANTIC PREDUZETNIK MINI MA,NOT RELEVANT
GANAR SHOP,CONSUMER DISCRETIONARY
CISTOCA JKP,INDUSTRIALS
PREDUZECE PODRAVKA DOO BEOGRAD,CONSUMER STAPLES
BEO LAB MIRJANA PETROVIC PR BEOGRA,HEALTH CARE
STELA DOO NOVI PAZAR,CONSUMER STAPLES
GRAFO NIN DOO,NOT RELEVANT
FROMM PAKOVANJE DOO BEOGRAD,INDUSTRIALS
PREDST.LAB. INNOTECH INTERN.,HEALTH CARE
SDT RENTING DOO DOBANOVCI,INDUSTRIALS
DOO GALA-PROMET KRALJEVO,CONSUMER STAPLES
GROUP MASTER FRIGO,CONSUMER STAPLES
GROUP NOVO PLUS,CONSUMER STAPLES
PANTRANSPORT DOO PANCEVO,INDUSTRIALS
DIMNICAR JKP SUBOTICA,INDUSTRIALS
ELIXIR FONDACIJA,INDUSTRIALS
N I Z -FENIX DOO GORNJI MILANOVAC,INDUSTRIALS
JAT-TEHNIKA DOO BEOGRAD,INDUSTRIALS
REVITA D.O.O.,CONSUMER STAPLES
GTP MEGA MONT DOO KRALJEVO,REAL ESTATE
KALMAN OMLADINSKA D.O.O.,REAL ESTATE
M & L INTERNATIONAL  DOO BEOGRAD,CONSUMER STAPLES
MEDICA LINEA PHARM DOO BEOGRAD,HEALTH CARE
GRANOS D.O.O.,CONSUMER STAPLES
MK COMMERCE DOO NOVI SAD,CONSUMER STAPLES
JAVOR MHM D.O.O. KUSICI,CONSUMER DISCRETIONARY
INTRAPROFIL DOO SMEDEREVO,NOT RELEVANT
UDRUZENJE NOVINARA SRBIJE,NOT RELEVANT
HIP-AZOTARA DOO,MATERIALS
HUTP BALKAN AD,CONSUMER DISCRETIONARY
PRIVREDNO DRUSTVO ALFA MONT DOO BE,INDUSTRIALS
MK GROUP DOO BEOGRAD,CONSUMER STAPLES
H&S FRUITS DOO ARILJE,CONSUMER STAPLES
SRC DOO BEOGRAD,INFORMATION TECHNOLOGY
GLACIER DOO SIMANOVCI,CONSUMER DISCRETIONARY
ANSAL STEEL,INDUSTRIALS
SPEED PETROL DOO,INDUSTRIALS
SANI ECO VITA D.O.O. LAZAREVAC,INDUSTRIALS
SONJA (GEORGIJE) SAMOLOVAC,CONSUMER STAPLES
EUROTELESITES D.O.O.,COMMUNICATIONS
KBV DATACOM D.O.O. BEOGRAD,INDUSTRIALS
GROUP AGROGLOBE,CONSUMER STAPLES
PET REPUBLIC VETERINARSKA APOTEKA,CONSUMER STAPLES
FRUEKO DOO NOVI SAD,CONSUMER STAPLES
NICEFOODS RESTORANI DOO BEOGRAD,CONSUMER DISCRETIONARY
ZITOPROMET-MLINPEK D.O.O. STARA PA,CONSUMER STAPLES
BIMAL TRADING D.O.O.,CONSUMER STAPLES
EUROPA BUS DOO VALJEVO,INDUSTRIALS
TRANSLY DOO BEOGRAD,INDUSTRIALS
KABLPROJEKT DOO,NOT RELEVANT
JUGPROM DOO BEOGRAD - U STECAJU,CONSUMER STAPLES
FENIKS PLUS DOO DESPOTOVAC,CONSUMER DISCRETIONARY
PLAST ZEMLJORADNICKA ZADRUGA,CONSUMER STAPLES
BATA-TRGOVINA - U STECAJU,NOT RELEVANT
W.E.G. TEHNOLOGY D.O.O.,CONSUMER DISCRETIONARY
SAS MONITORING DOO BEOGRAD,INDUSTRIALS
PNEUTECH DOO VRBAS,CONSUMER DISCRETIONARY
KERAMIKA JOVANOVIC,INDUSTRIALS
MACVANKA,CONSUMER STAPLES
DELIGHT,INDUSTRIALS
MORAVA DOO KRAGUJEVAC,CONSUMER STAPLES
NEOPLANTA DOO NOVI SAD,CONSUMER STAPLES
DOO EUROCONS GROUP VRSAC,INDUSTRIALS
MB STOVARISTE DOO,INDUSTRIALS
GROUP INTERFAST,INDUSTRIALS
AEGON DOO,REAL ESTATE
HEMPRO DOO BEOGRAD,REAL ESTATE
WEST BALKANS MACHINERY DOO BEOGRAD,INDUSTRIALS
MLEKARA EKO-MLEK DOO KAONIK,CONSUMER STAPLES
PERFOM,MATERIALS
PIN SOFT DOO NOVI SAD,CONSUMER DISCRETIONARY
MONA DOO BEOGRAD,CONSUMER DISCRETIONARY
DOO EUROPA-PROMET 2000 BAC,CONSUMER STAPLES
ATLAS AMBASADOR DOO BEOGRAD - U ST,CONSUMER DISCRETIONARY
ATP VOJVODINA AD NOVI SAD   U STECA,INDUSTRIALS
GP 200 - U STECAJU,CONSUMER DISCRETIONARY
AD VRENJE BEOGRAD - U STECAJU,CONSUMER STAPLES
IN SISTEM DOO BEOGRAD,CONSUMER STAPLES
SQUARE COIN,INFORMATION TECHNOLOGY
SET GREEN TECHNOLOGY D.O.O.,UTILITIES
PRIVREDNO DRUSTVO,MATERIALS
GRADATIN TIM DOO,INDUSTRIALS
GOC AD UGOSTITELJSKO PREDUZECE TRS,REAL ESTATE
VOJPUT DOO  SUBOTICA,INDUSTRIALS
ENTERIJER JANKOVIC DOO NOVI SAD,INDUSTRIALS
IMP-TELEKOMUNIKACIJE DOO BEOGRAD,INDUSTRIALS
GROUP DEKA INZENJERING,INDUSTRIALS
PRO KPI DOO BEOGRAD,HEALTH CARE
NITEA DOO BEOGRAD,INDUSTRIALS
DOO TRANS-TRADE KOSTIC CACAK,INDUSTRIALS
GAT DOO NOVI SAD,INDUSTRIALS
DOO MASSAGRAR NOVI SAD,CONSUMER STAPLES
FRIGOMAX SERVICE DOO JELENCA,INDUSTRIALS
A-MEDIA DOO BEOGRAD,NOT RELEVANT
VUJIC GRADNJA DOO,INDUSTRIALS
AUTOCENTAR ZDRAVKOVIC D.O.O. SVILA,CONSUMER DISCRETIONARY
DIRECT STEEL DOO DOBANOVCI,INDUSTRIALS
MINOR DOO,INDUSTRIALS
AD AUTO KUCA KOMPRESOR,CONSUMER DISCRETIONARY
POLITIKA NEWSPAPERS AND MAGAZINES P,CONSUMER DISCRETIONARY
FCC VRBAK DOO LAPOVO,INDUSTRIALS
ALEKSANDRA (MIODRAG) LAZIC,CONSUMER STAPLES
NOVI TRADING NS DOO ZMAJEVO,CONSUMER STAPLES
LESNINA S DOO BEOGRAD (NOVI BEOGRA,CONSUMER DISCRETIONARY
BC GROUP COMPUTERS D.O.O. BEOGRAD,CONSUMER DISCRETIONARY
JEZDIMIROVIC DOO LOZNICA,CONSUMER STAPLES
ACTIVE DESIGN,CONSUMER DISCRETIONARY
PREDUZECE RAJEVIC-PETROL DOO ARILJ,CONSUMER DISCRETIONARY
UNISYS DOO,CONSUMER STAPLES
BRANKO KNEZEVIC PR 2. MAJ,INDUSTRIALS
PAPERLESS DOO,INFORMATION TECHNOLOGY
INTER-AGRAR SRB DOO CENEJ,INDUSTRIALS
SHENCHI AUTOMOTIVE PARTS D.O.O.,CONSUMER DISCRETIONARY
BARLAN S&M DOO BEOGRAD,CONSUMER STAPLES
DRLJA 1967 DOO BACKA PALANKA,UTILITIES
BARD - KOP D.O.O.,INDUSTRIALS
SAMALD COMMERCE,NOT RELEVANT
GROUP MEGALIT,NOT RELEVANT
INSTITUT KIRILO SAVIC AD BEOGRAD -,NOT RELEVANT
PAN BEER DOO,NOT RELEVANT
TRGOVINSKO PREDUZECE NA VELIKO I MA,NOT RELEVANT
MASINAC DOO KRALJEVO,MATERIALS
GROUP SWISSLION,CONSUMER STAPLES
YUHOR D.O.O.,CONSUMER STAPLES
MEDIA PRO ART DOO BEOGRAD,REAL ESTATE
SWISSLION-TAKOVO D.O.O. BEOGRAD,CONSUMER STAPLES
VENDING DOO BEOGRAD,CONSUMER STAPLES
METECH DOO,INDUSTRIALS
METALAC PRINT DOO GORNJI MILANOVAC,MATERIALS
NAVIGATOR DOO NOVI SAD,INFORMATION TECHNOLOGY
TRON TLS DOO,INDUSTRIALS
GROUP CASA DI MODA,CONSUMER STAPLES
GP GREDA DOO VALJEVO,REAL ESTATE
GROUP GRAND TT,CONSUMER DISCRETIONARY
PREDUZECE VESIMPEX DOO BEOGRAD,INDUSTRIALS
PVC-LUK DOO VALJEVO,INDUSTRIALS
RODIC M&B TRANSPORT DOO NOVI SAD,NOT RELEVANT
METALOPROMET DOO KULA,INDUSTRIALS
MIDEX PROM DOO PANCEVO,CONSUMER STAPLES
MINEL ELEKTROOPREMA I POSTROJENJA D,INDUSTRIALS
PTP REKIC DOO NOVI BEOGRAD - U STE,CONSUMER STAPLES
BEOPANAX DOO,HEALTH CARE
BALKAN AGRO TEAM DOO NOVI SAD ,MATERIALS
ORION MARKET-STANKOVIC JOVAN PR,NOT RELEVANT
PREDUZECE ZA PROIZVODNJU PROMET I U,NOT RELEVANT
PLANETMED DOO BEOGRAD,REAL ESTATE
KAMENOLOM RAKOVAC DOO,MATERIALS
TEHNOGRAD INZENJERING,INDUSTRIALS
PREDUZECE ZA PROMET I USLUGE AGRANA,CONSUMER STAPLES
DTR-SPECIJALNA,HEALTH CARE
PAROCO MEDICAL EQUIPMENT DOO NOVI,HEALTH CARE
WEST PHARMACEUTICAL SERVICES BEOGR,HEALTH CARE
GEMAX DOO BEOGRAD,INDUSTRIALS
INO-PHARM DOO BEOGRAD,HEALTH CARE
MILSPED NEKRETNINE DOO STARA PAZOV,INDUSTRIALS
LIVNICA LJIG D.O.O. BEOGRAD,MATERIALS
ENMON DOO BEOGRAD,INDUSTRIALS
GROUP DIV TRADES,MATERIALS
GROUP SPEED BEOGRAD,INDUSTRIALS
COMES DOO BEOGRAD,MATERIALS
TEHNOCOMING,INDUSTRIALS
MEDICOM DOO SABAC,HEALTH CARE
NOFFZ-FORSTEH TECHNOLOGIES DOO,INFORMATION TECHNOLOGY
MPPD BRACA RUZIC DOO KLENJE,CONSUMER STAPLES
SISTEMI BAND DOO,INFORMATION TECHNOLOGY
QVATTRO COMPANY DOO BEOGRAD,CONSUMER STAPLES
BMC CONNECT DOO NOVI SAD,INDUSTRIALS
KOLOR,INDUSTRIALS
DERTOUR DOO,CONSUMER DISCRETIONARY
PIK BECEJ-BECEJKA BECEJ,CONSUMER STAPLES
TOP CASA D.O.O. BEOGRAD,CONSUMER DISCRETIONARY
ELEKTROTEHNA DOO BEOGRAD,MATERIALS
GROUP KODAR INZENJERING,INDUSTRIALS
KARIN KOMERC DOO,NOT RELEVANT
GRANIMPEKS DOO,CONSUMER STAPLES
KONICA MINOLTA POSLOVNA RESENJA SE,INDUSTRIALS
Group TowerCo Serbia,COMMUNICATIONS
GOLDEN ROSE D.O.O. KRAGUJEVAC - U,REAL ESTATE
ZRNO STIL DOO GORNJI MILANOVAC,CONSUMER DISCRETIONARY
INOTO MOTORS DOO,CONSUMER DISCRETIONARY
PETITE GENEVE-PETROVIC DOO BEOGRAD,CONSUMER DISCRETIONARY
SANI GROUP D.O.O. SABAC,CONSUMER DISCRETIONARY
STRABAG D.O.O.,INDUSTRIALS
LA FANTANA DOO BEOGRAD,CONSUMER STAPLES
LJILJANA (SREDOJE) VESKOV,CONSUMER STAPLES
HEMOFLUID A.D. KRUSEVAC,ENERGY
Subgroup Sopharma Srbija ,HEALTH CARE
INTERKOMERC AD BEOGRAD,CONSUMER STAPLES
RADIJATOR INZENJERING DOO,NOT RELEVANT
STAR SECER AD SENTA,NOT RELEVANT
JEEP COMERC D.O.O. - U STECAJU,NOT RELEVANT
SCANIA SRBIJA D.O.O.,CONSUMER DISCRETIONARY
KAMGRAD DOO SOMBOR,INDUSTRIALS
GROUP MILSPED DOO,INDUSTRIALS
LEDI MS VUJOVIC SLOBODAN PR,INDUSTRIALS
GROUP UNIFIEDPOST,INDUSTRIALS
HBIS GROUP SERBIA IRON & STEEL,MATERIALS
NPS D.O.O. BEOGRAD,INFORMATION TECHNOLOGY
GROUP East Point Holdings Ltd,MATERIALS
PNEUMASTER,CONSUMER DISCRETIONARY
DOO BENEXTRA SUBOTICA,INDUSTRIALS
CIMO COMPANY,CONSUMER DISCRETIONARY
NOVO NORDISK PHARMA DOO BEOGRAD,HEALTH CARE
ZDRAVLJE A.D. LESKOVAC,HEALTH CARE
DOO VREBALOV AGRAR NOVI BECEJ,CONSUMER STAPLES
SARA2009 DOO,CONSUMER STAPLES
SUBGROUP DRAGAN SAKAN,COMMUNICATIONS
PROFIAGRAR DOO NOVI SAD,INDUSTRIALS
NS KONCEPT DOO NOVI SAD,INFORMATION TECHNOLOGY
NOVA SUMADIJA DOO GROCKA,MATERIALS
H.T.P. PLAZA DOO BEOGRAD,CONSUMER DISCRETIONARY
DRUSTVO ROLLING-CO DOO KRAGUJEVAC,MATERIALS
SEME DOO BEOGRAD - U STECAJU,CONSUMER STAPLES
TEHNOSPED DOO,CONSUMER DISCRETIONARY
GROUP VAPEKS,NOT RELEVANT
AGROSEME AD SREMSKA MITROVICA,NOT RELEVANT
HENDI-TEL DOO BEOGRAD-U STECAJU,CONSUMER DISCRETIONARY
PREDUZECE ZA PUTEVE AD - U STECAJU,INDUSTRIALS
LASTRA DOO,NOT RELEVANT
KOVING DOO,INDUSTRIALS
DOO ARGENTA NOVI SAD,CONSUMER DISCRETIONARY
AS SPED DOO MLADENOVAC,NOT RELEVANT
GRAND INVESTMENT DOO BEOGRAD,CONSUMER DISCRETIONARY
TEHNOGRADNJA AD ZRENJANIN,NOT RELEVANT
NAPRED AD BEOGRAD,NOT RELEVANT
HENNLICH DOO BEOGRAD,INDUSTRIALS
INTERCHEM-HIM D.O.O.JAGODINA,MATERIALS
ZLATIBORSKI KONACI,REAL ESTATE
MK AGRICULTURE,CONSUMER STAPLES
predst.sandvik eood bulgaria,INDUSTRIALS
EMAKINA.RS DOO,INFORMATION TECHNOLOGY
KOLEKTOR ETRA  DOO BEOGRAD,INDUSTRIALS
NECA-TTPP D.O.O. PROKUPLJE,CONSUMER STAPLES
EXCLUSIVE NETWORKS DOO BEOGRAD-NOV,INFORMATION TECHNOLOGY
NS TIM TEHNIKA DOO SREMSKA KAMENIC,INDUSTRIALS
DOO EXLRT NOVI SAD,INFORMATION TECHNOLOGY
CREST DEVELOPMENT DOO BEOGRAD,REAL ESTATE
NAPREDAK STARA PAZOVA DOO,CONSUMER STAPLES
DS SMITH PACKAGING D.O.O. KRUSEVAC,MATERIALS
MINOX DOO BEOGRAD,INDUSTRIALS
ZGOP DOO NOVI SAD,INDUSTRIALS
AGROPLAST TIM DOO UB,CONSUMER STAPLES
SAN DOO KRALJEVO,CONSUMER STAPLES
GROUP HOLY,NOT RELEVANT
NOVENTIQ SERVICES DOO,INFORMATION TECHNOLOGY
AGROHEMIKA DOO BACKI PETROVAC,CONSUMER STAPLES
PIONIR PARACIN DOO BEOGRAD,NOT RELEVANT
VOLVO DOO,CONSUMER DISCRETIONARY
EUROPEAN NICKEL DOO BEOGRAD U LIKV,NOT RELEVANT
"HERZ DOO,PREDUZECE ZA PROIZVODNJU T",NOT RELEVANT
EUROSALON EAST DOO BEOGRAD,REAL ESTATE
KOMPANIJA RATKO MITROVIC AD BEOGRA,INDUSTRIALS
POLIKLINIKA BEO-LAB,HEALTH CARE
DOO ELAN S BACKA PALANKA,INDUSTRIALS
DONAU PARTNER D.O.O.,INDUSTRIALS
MAXIMA DOO LUCANI,MATERIALS
FISCHER PROFIL DOO,INDUSTRIALS
INNOVIA AGRO DOO NOVI SAD,CONSUMER STAPLES
"LUKENA-AUTO DOO BEOGRAD, ZEMUN",CONSUMER DISCRETIONARY
PREMIJUS,INDUSTRIALS
M.G.M. INZENJERING DOO BEOGRAD,INDUSTRIALS
MILJKOVIC V SILOSI,CONSUMER STAPLES
DESING DOO,CONSUMER STAPLES
IGEPA POLIKARBONATI D.O.O.,INDUSTRIALS
DOO PIONIR INTERNACIONAL NOVI SAD,CONSUMER DISCRETIONARY
PN AGROEKONOMIK DOO-U STECAJU,CONSUMER STAPLES
JKP KOMUNALIJE,INDUSTRIALS
ORION TELEKOM DOO BEOGRAD,COMMUNICATIONS
GORKI LIST DOO,CONSUMER STAPLES
EUROSALON,NOT RELEVANT
PREDUZECE ZA PUTEVE NIS AD NIS - U,INDUSTRIALS
RAIFFEISEN ASSISTANCE,FINANCIALS
IIS PHARMACEUTICAL DOO BEOGRAD-NOV,HEALTH CARE
EUROSALON LAND DOO BEOGRAD,REAL ESTATE
PINOLES DOO,MATERIALS
AUTO-GARANT DRUSTVO,CONSUMER DISCRETIONARY
EXPRESS TRANS DOO NOVI SAD,INDUSTRIALS
LETAC DOO INDIJA,INDUSTRIALS
LORENAPROM DOO LOZNICA,MATERIALS
"MACAK M & D DOO,SREMSKA MITROVICA",CONSUMER STAPLES
VIZIJA SPED DOO BEOGRAD,INDUSTRIALS
NATURA TOP DOO VELIKA KOPASNICA,CONSUMER STAPLES
Group Konsturktor Konsalting,INDUSTRIALS
HIGLO AD HLADNJACA HORGOS,CONSUMER STAPLES
GP KONAK APARTMANI DOO LAZAREVAC -,CONSUMER DISCRETIONARY
PSS INSTITUT TAMIS D.O.O.,HEALTH CARE
PACKSOL DOO,CONSUMER STAPLES
ALPOS - U STECAJU,NOT RELEVANT
OLIGARIS D.O.O.NOVI BEOGRAD,NOT RELEVANT
PREDUZECE LA VITA DISTRIBUTIVNI CE,CONSUMER STAPLES
GROUP GALENS,INDUSTRIALS
VAPEKS LINE DOO,NOT RELEVANT
AUTO KUCA MIKOM NOVI SAD,CONSUMER DISCRETIONARY
GROUP ARTINVEST,CONSUMER DISCRETIONARY
EKO BOX KONTEJNERI,INDUSTRIALS
CIP DOO PROKUPLJE,INDUSTRIALS
VIPOL D.O.O. NOVI SAD,INDUSTRIALS
DOO SAR-PROM VLASOTINCE,CONSUMER STAPLES
"BADEL 1862, VINA I ALKOHOLNA PICA",CONSUMER STAPLES
EKOTEHNIKA VILJUSKARI DOO VRCIN,INDUSTRIALS
GROUP ENERGY NET,INDUSTRIALS
MLEKARA KIKINDA,CONSUMER STAPLES
RP-TEHNOMETAL DOO  BEOGRAD,INDUSTRIALS
BAUMIT SERBIA DOO BEOGRAD,INDUSTRIALS
GROUP EKOTEHNIKA,INDUSTRIALS
"FRUCTUS DOO,BACKA PALANKA",CONSUMER STAPLES
TAHOGRAF BG,CONSUMER DISCRETIONARY
KARTEKS DOO BEOGRAD,MATERIALS
YURA CORPORATION DOO RACA,CONSUMER DISCRETIONARY
KWS SRBIJA DOO,CONSUMER STAPLES
GROUP DELTA,CONSUMER STAPLES
PARAGRAF LEX D O O  SREMSKA KAMENIC,COMMUNICATIONS
JOVANOVIC PLAST DOO,REAL ESTATE
DIMA DOO,NOT RELEVANT
LEX CONFIDARE D.O.O. NOVI SAD,INDUSTRIALS
ELEKTROMEDICINA AD NIS,HEALTH CARE
HEMOFARM AD VRSAC PREDSTAVNISTVO U,CONSUMER DISCRETIONARY
SDT GROUP D.O.O. BEOGRAD,CONSUMER DISCRETIONARY
GROUP TEKIJANKA,CONSUMER STAPLES
GEOSONDA-FUNDIRANJE DOO BEOGRAD,INDUSTRIALS
SOJAPROTEIN DOO BECEJ,CONSUMER STAPLES
RESOURCE PRO D.O.O.,INDUSTRIALS
GROUP TELEKOM SRBIJA,COMMUNICATIONS
HOLLIDAY DOO SABAC,CONSUMER DISCRETIONARY
JKP KOMUNALNE USLUGE ALEKSINAC,INDUSTRIALS
SOPHARMA TRADING DOO,HEALTH CARE
TAMAS (ISTVAN) MUNKAS,CONSUMER STAPLES
MEDIA HOUSE DOO BEOGRAD,COMMUNICATIONS
LOGISTIKA I TRANSPORT HEMIKALIJA D,MATERIALS
EUROTRANSPORT&CARGO DOO,INDUSTRIALS
VICTORIAOIL DOO SID,CONSUMER STAPLES
SWEET R-LINE 2013 DOO,INDUSTRIALS
KERAMIKA AD,INDUSTRIALS
SUBGROUP MONA,CONSUMER DISCRETIONARY
GROSSOPTIC DOO,HEALTH CARE
"MI-GAS INZENJERING DOO BEOGRAD, ZE",CONSUMER DISCRETIONARY
RTI DOO NOVI SAD,NOT RELEVANT
GROUP REFOT B,CONSUMER DISCRETIONARY
TIM SISTEM DOO NOVA PAZOVA,CONSUMER DISCRETIONARY
VICTORIA GROUP D.O.O. BEOGRAD,CONSUMER STAPLES
ALPOD DOO NOVI SAD,INDUSTRIALS
ENERGOPROJEKT ENERGODATA,INFORMATION TECHNOLOGY
ADECCO OUTSOURCING DOO BEOGRAD,INDUSTRIALS
ZLATIBOR-MEHANIZACIJA,INDUSTRIALS
ELIXIR FEED ADDITIVES DOO,CONSUMER STAPLES
NET AGRO,MATERIALS
VECAR VILJUSKARI D.O.O.,INDUSTRIALS
AUTO CENTAR STOJANOVIC DOO,CONSUMER DISCRETIONARY
MARMIL DOO PIROT,CONSUMER STAPLES
MARK-PLAST,CONSUMER DISCRETIONARY
P.V.F. TRADERS DOO SIMANOVCI,INDUSTRIALS
SUPERNOVA - MTK MANAGEMENT DOO,INDUSTRIALS
M & B TRANS COOP DOO,INDUSTRIALS
GEOCYCLE S D.O.O. BEOCIN,INDUSTRIALS
ELGRA VISION DOO UGRINOVCI,INDUSTRIALS
"EURO 07 D.O.O., BEOGRAD",CONSUMER DISCRETIONARY
HEMO-METAL DOO BEOGRAD,INDUSTRIALS
INSTITUT IMS AD BEOGRAD,INDUSTRIALS
KOLOR PRESS D.O.O. LAPOVO,INDUSTRIALS
DEKRA ZAPOSLJAVANJE DOO BEOGRAD,INDUSTRIALS
GUEVARA DOO BEOGRAD,CONSUMER DISCRETIONARY
"VIP CASA INVEST DOO BEOGRAD, USTAN",REAL ESTATE
EUCOM DOO BEOGRAD,MATERIALS
JUGOGRADNJA DOO BEOGRAD,INDUSTRIALS
TUBEIQ DOO,INFORMATION TECHNOLOGY
NSU RENT DOO NOVI SAD ,FINANCIALS
"ROBINS DOO, GLIBOVAC",CONSUMER STAPLES
ACP AUTOMOTIVE D O O SABAC,CONSUMER DISCRETIONARY
BAT VRANJE AD VRANJE,CONSUMER STAPLES
MAK TRADE GROUP D.O.O.,INDUSTRIALS
INIT AN GROUP BALKAN D.O.O. - U LI,INFORMATION TECHNOLOGY
DOO ZIDAR NEGOTIN,INDUSTRIALS
SPAJIC CO DOO SRPSKA CRNJA,CONSUMER STAPLES
DOO SULEX SOMBOR,INDUSTRIALS
BEOSINT DOO ZEMUN-BEOGRAD,INDUSTRIALS
UKUS AD PECINCI,CONSUMER STAPLES
VETAZ PRES DOO,CONSUMER STAPLES
UTP MORAVA DOO CACAK,CONSUMER DISCRETIONARY
WONDERLAND ITC D.O.O. BEOGRAD,CONSUMER STAPLES
KOLBIS DOO,NOT RELEVANT
DOO SLOVAS CACAK,MATERIALS
TITEL AGRO D.O.O.,CONSUMER STAPLES
SLAP GROUP-FABRIKA U CACKU AD BEOG,NOT RELEVANT
ZLATAR-PREVOZ SPR NOVA VAROS,INDUSTRIALS
DOO FARMEKS PANCEVO - U LIKVIDACIJ,HEALTH CARE
SUBGROUP MILSPED,INDUSTRIALS
NIPRO MEDICAL DOO BEOGRAD,HEALTH CARE
JAVNO PREDUZECE GOLD GONDOLA ,INDUSTRIALS
YANFENG SEATING D.O.O.,CONSUMER DISCRETIONARY
NERETVA-KOMERC DOO BEOGRAD,CONSUMER STAPLES
IMMO INDUSTRY - U STECAJU,NOT RELEVANT
COLORFACTORY BALKAN D.O.O.,CONSUMER DISCRETIONARY
DOO LITOPAPIR CACAK,MATERIALS
HT REAL ESTATE DOO NOVI SAD,REAL ESTATE
KEMOIMPEX GREEN DOO,INDUSTRIALS
TRIANGLE NBL DOO NOVI SAD,CONSUMER STAPLES
IP PROMET 2010 DOO,INDUSTRIALS
PAN-LEDI DOO PANCEVO,INDUSTRIALS
TOYOTA SRBIJA DOO,CONSUMER DISCRETIONARY
HEALTHCARE EUROPE DOO,CONSUMER DISCRETIONARY
BLUECAT NETWORKS D.O.O.,INFORMATION TECHNOLOGY
BIN COMMERCE DOO BEOGRAD,MATERIALS
MCDX D.O.O. BEOGRAD-CUKARICA,CONSUMER STAPLES
GROUP RUBIKON SHIPPING COMPANY DOO,INDUSTRIALS
ITALIANA SALOTTI DOO VRANJSKA BANJ,NOT RELEVANT
ALFA DIGITAL PREDUZECE ZA PROIZVODN,INDUSTRIALS
PREDUZECE TEHNICOM CONSTRUCTION DO,CONSUMER DISCRETIONARY
ANTIC D.O.O. CUPRIJA U STECAJU,NOT RELEVANT
HELLA KGAA HUECK & CO PREDSTAVNISTV,CONSUMER DISCRETIONARY
PRICEWATERHOUSECOOPERS CONSULTING,INDUSTRIALS
"PREDUZECE ZA PROIZVODNJU, USLUGE I",NOT RELEVANT
HALKUM DOO,NOT RELEVANT
SUBGROUP TELEGROUP SRBIJA,INFORMATION TECHNOLOGY
STANDARD SERBIA DOO NOVI SAD,CONSUMER DISCRETIONARY
SIMACEK SRB DOO BEOGRAD - U LIKVID,INDUSTRIALS
JKP VODOVOD SID  ,UTILITIES
Danube Foods Group B.V.,CONSUMER STAPLES
RAVANGRAD ZEMLJORADNICKA ZADRUGA S,CONSUMER STAPLES
DOMAL INZENJERING DOO BEOGRAD,MATERIALS
MYRANOVA D O O,CONSUMER DISCRETIONARY
KOMBINOVANI PREVOZ DOO,INDUSTRIALS
STADLER POLSKA SP.ZO.O. OGRANAK BE,INDUSTRIALS
CENTRALNI REGISTAR HOV AD BEOGRAD,INDUSTRIALS
KNAUF INSULATION DOO BEOGRAD,MATERIALS
DELTA HOLDING D.O.O.,INDUSTRIALS
PSI CRO DOO BEOGRAD,INDUSTRIALS
MS METAL-SISTEM DOO CVETKE KRALJEVO,NOT RELEVANT
DVA EN DOO BEOGRAD,CONSUMER DISCRETIONARY
FRAD FILTERI AD ALEKSINAC,NOT RELEVANT
TECHNOLUB DOO BEOGRAD,CONSUMER DISCRETIONARY
OSRAM DOO,INDUSTRIALS
D.C. SUPPORT DOO PANCEVO,CONSUMER STAPLES
DOBERGARD DOO BEOGRAD,INDUSTRIALS
KYNETEC DOO BEOGRAD,INDUSTRIALS
DOO NT-BOLERO CACAK,CONSUMER STAPLES
AUTO - MIRKOS DOO POZAREVAC,CONSUMER DISCRETIONARY
GRAFOLIT S,MATERIALS
GROUP POLIMARK,CONSUMER STAPLES
DOBRA FARMA D.O.O. BELA CRKVA,CONSUMER STAPLES
TRGOMETAL DOO BEOGRAD,INDUSTRIALS
ALEXANDRA (ONDREJ) HEDJI,CONSUMER STAPLES
EXECUTIVE GROUP,COMMUNICATIONS
UNITED MEDIA PRODUCTION DOO BEOGRA,COMMUNICATIONS
FREYSSINET SRBIJA DOO,INDUSTRIALS
DAVID PAJIC DAKA D.O.O.,INDUSTRIALS
TETRA PAK PRODUCTION  DOO BEOGRAD,MATERIALS
DILTON DOO BEOGRAD - U PRINUDNOJ L,COMMUNICATIONS
NIKOM-AUTO DOO,CONSUMER DISCRETIONARY
DIJAMANT A.D. ZRENJANIN,CONSUMER STAPLES
PRIVREDNO DRUSTVO ARGOS EMPORIO GR,INDUSTRIALS
KIKINDSKA INDUSTRIJA MLEKA DOO,CONSUMER STAPLES
G.A.M.A. DOO NOVI SAD,CONSUMER DISCRETIONARY
BIOLOSKI FAKULTET UNIVERZITETA U BE,NOT RELEVANT
RAMINT - U PRINUDNOJ LIKVIDACIJI,NOT RELEVANT
PRESS PLUS D.O.O.,CONSUMER DISCRETIONARY
PREDSTAVNISTVO MSA BEOGRAD,INDUSTRIALS
CARNEX DOO VRBAS,CONSUMER STAPLES
ALFA GAS D.O.O.,CONSUMER DISCRETIONARY
M & B TRANS FRIGO DOO,INDUSTRIALS
MBA MILJKOVIC DOO,INDUSTRIALS
ZASTAVA AGEM DOO KRAGUJEVAC,NOT RELEVANT
JP POSLOVNI PROSTOR U NOVOM SADU,NOT RELEVANT
LE SPOT DOO BEOGRAD,CONSUMER DISCRETIONARY
ZORBOSS DOO  UGLJAREVO,INDUSTRIALS
GIGATRON DOO BEOGRAD,CONSUMER DISCRETIONARY
"M & I SYSTEMS, CO DOO NOVI SAD",INFORMATION TECHNOLOGY
INDUSTRIJA SKROBA JABUKA D.O.O.,CONSUMER STAPLES
STIRG METALL DOO INDIJA,INDUSTRIALS
AGROPANONKA INVEST DOO NOVI SAD,INDUSTRIALS
TOYOTA CENTAR DOO BEOGRAD,CONSUMER DISCRETIONARY
TERASTEEL D.O.O.,INDUSTRIALS
GEA EEC SERBIA DOO,INDUSTRIALS
GI GROUP HR SOLUTIONS DOO BEOGRAD,INDUSTRIALS
PARTNERTRANS DOO,INDUSTRIALS
ZLATNA POLJA DOO SOMBOR,CONSUMER STAPLES
EUROSECURITY DOO BEOGRAD,INDUSTRIALS
ENERGOPROJEKT VISOKOGRADNJA,INDUSTRIALS
BAY-COMPANY&INVEST DOO,INDUSTRIALS
AD AUTOKUCA RAKETA SEVOJNO,CONSUMER DISCRETIONARY
PP RATKOVO DOO RATKOVO,NOT RELEVANT
GROUP MING,INDUSTRIALS
MONTERRA DOO BEOGRAD - U STECAJU,INDUSTRIALS
preduzece za trgovinu i usluge TEHN,INFORMATION TECHNOLOGY
JEZERO BETON DOO BEOGRAD - U PRINU,MATERIALS
MERCURY INTERNATIONAL - U STECAJU,NOT RELEVANT
KDS TR SINISA IVANOVIC PR,CONSUMER STAPLES
AIK BACKA TOPOLA DOO,CONSUMER STAPLES
KIDS BEBA DOO BEOGRAD,CONSUMER DISCRETIONARY
SKIJALISTA SRBIJE JP BEOGRAD,CONSUMER DISCRETIONARY
M.N.S. RENT REAL ESTATE DOO BEOGRA,REAL ESTATE
OPERA&THEATRE MADLENIANUM DOO,CONSUMER DISCRETIONARY
SUR TEC DOO CACAK,CONSUMER STAPLES
BIOPHARM DOO VALJEVO,HEALTH CARE
PWW DEPONIJA DVA DOO LESKOVAC,INDUSTRIALS
MIOS MOBILITY D.O.O. BEOGRAD,INDUSTRIALS
GOMMA LINE DOO KRAGUJEVAC,CONSUMER DISCRETIONARY
BN-BOS COMPANY D.O.O.,CONSUMER DISCRETIONARY
CINE PLACE D.O.O. BEOGRAD,COMMUNICATIONS
MIT-AGRAR D.O.O. ZMINJAK-SABAC,CONSUMER STAPLES
B.M.K. DOO STARA PAZOVA,INDUSTRIALS
LIFE PHARMA D.O.O. BEOGRAD,HEALTH CARE
REAL TIME CLIPPING DOO BEOGRAD,CONSUMER DISCRETIONARY
DOO DAKOVIC NOVI SAD,INDUSTRIALS
MITROS MUSIC COMPANY DOO BEOGRAD,CONSUMER DISCRETIONARY
S&V DRILLING MINE SERVICES DOO PIR,MATERIALS
BILFINGER DOO,NOT RELEVANT
OFFICE & MORE DOO BEOGRAD,INDUSTRIALS
MUEHLBAUER DOO STARA PAZOVA,INDUSTRIALS
PANAPAC D.O.O. BAJINA BASTA,MATERIALS
PREDUZE¿E ZA PROIZVODNJU I PROMET,CONSUMER STAPLES
DEMEX - ST DOO,NOT RELEVANT
SEME-TAMIS AD,CONSUMER STAPLES
ENETEL SOLUTIONS DOO BEOGRAD,INFORMATION TECHNOLOGY
DAK COMERC DOO NOVI SAD,MATERIALS
CRAFTER DOO,CONSUMER DISCRETIONARY
"ELINGZO DOO, BEOGRAD",INDUSTRIALS
DRAGANA MILIC PR LABORATORIJA AQUA,HEALTH CARE
YU EPICENTAR DOO BEOGRAD,INFORMATION TECHNOLOGY
AQUALAB PLUS,HEALTH CARE
"PANOS INZENJERING DOO NOVI SAD, KA",INFORMATION TECHNOLOGY
KARDESLER CONSTRUCTION,INDUSTRIALS
ANCORA NUOVA D O O  BEOGRAD,CONSUMER STAPLES
AGROVOJVODINA-MEHANIZACIJA DOO NOV,INDUSTRIALS
YUNYCOM DOO BEOGRAD,HEALTH CARE
GROUP RIM GROUP,CONSUMER STAPLES
GROUP NORTH AMERICAN,INDUSTRIALS
VEGA PROPERTIES RADNICKI DOO,INFORMATION TECHNOLOGY
TOTAL DOO SOMBOR - U STECAJU,CONSUMER DISCRETIONARY
RRD INKOTEHNA DOO,NOT RELEVANT
GOSA FSO AD SIMICEVO,INDUSTRIALS
MIVAKA DOO BEOGRAD,CONSUMER DISCRETIONARY
ANPEGO ROAD DOO SMEDEREVSKA PALANKA,CONSUMER STAPLES
SNG DOO BEOGRAD,NOT RELEVANT
JKP GRADSKA CISTOCA BEOGRAD,INDUSTRIALS
INTERAUTO TRADE DOO PRELJINA CACAK,CONSUMER DISCRETIONARY
SUBGROUP KOMPRESOR,CONSUMER DISCRETIONARY
NEXT CAR GROUP D.O.O. BEOGRAD - U,CONSUMER DISCRETIONARY
VEKOM GEO DOO BEOGRAD,INDUSTRIALS
OPSTA BOLNICA VIZIM,HEALTH CARE
HANSGROHE DOO,INDUSTRIALS
FRONERI ADRIATIC,CONSUMER STAPLES
ENGINEERING DOBERSEK GMBH DOO BEOG,INDUSTRIALS
e& PPF Telecom Group B.V.,COMMUNICATIONS
PRIVREDNO DRUSTVO EVOCON D.O.O.,INDUSTRIALS
REAL KNITTING DOO,CONSUMER DISCRETIONARY
PHOENIX PHARMA DOO BEOGRAD,HEALTH CARE
SFS DOO PARACIN,MATERIALS
DOO B.O.S.-KOMPANI KRUSEVAC,INDUSTRIALS
MTC METALS TRADING COMPANY DOO BEOG,INDUSTRIALS
DOO EKOTEHNIKA MD ZABALJ,INDUSTRIALS
IGMAKO SMART SOLUTIONS DOO,COMMUNICATIONS
SOMBORELEKTRO DOO SOMBOR,INDUSTRIALS
JT INTERNATIONAL AD SENTA,CONSUMER STAPLES
EUROPARK DOO BEOGRAD - U STECAJU,NOT RELEVANT
SIBANAX DOO - U PRINUDNOJ LIKVIDAC,CONSUMER DISCRETIONARY
GROUP BOMEKS,MATERIALS
DUZNIK STECAJNE MASE:PREDUZECE ZA,INDUSTRIALS
SEENERGETIC CENTER - U PRINUDNOJ L,CONSUMER STAPLES
CENTROSREM-TEKSTIL A.D.,NOT RELEVANT
NOVITAS DOO SABAC,CONSUMER STAPLES
AROMA FOOD - U STECAJU,CONSUMER STAPLES
THINGS SOLVER DOO BEOGRAD,INFORMATION TECHNOLOGY
TECHNO FARM DOO BEOGRAD,HEALTH CARE
PREMIUM CHICKEN DOO ZITISTE,CONSUMER STAPLES
DOO MACKO ODZACI,INDUSTRIALS
NANIX WOOD DOO NOVA VAROS,MATERIALS
ALUROLL DOO BATOCINA,INDUSTRIALS
TAGO CAR D.O.O.,CONSUMER DISCRETIONARY
D.O.O. BELICA PARACIN,MATERIALS
LUKA-BACKA PALANKA DOO B.PALANKA,INDUSTRIALS
"MAKLER DOO BEOGRAD, BEOGRADSKA 39",HEALTH CARE
LEMIT DOO NOVI SAD,INDUSTRIALS
SAVACOOP DOO NOVI SAD,MATERIALS
TRANSAGENT OPERATOR,INDUSTRIALS
NEVENA DOO BEOGRAD,CONSUMER STAPLES
FABRIKA ULJA DUNAVKA DOO BEOGRAD,CONSUMER STAPLES
GROUP FERBILD,INDUSTRIALS
GROUP INOBACKA,INDUSTRIALS
LJUBAGO TRADE DOO NOVI SAD,CONSUMER STAPLES
DANFOSS DOO,CONSUMER DISCRETIONARY
MOVENS PLUS DOO,CONSUMER DISCRETIONARY
VETERINARSKI ZAVOD ZEMUN AD BEOGRA,HEALTH CARE
WUNDER D.O.O NIS - U STECAJU,NOT RELEVANT
ROFIX DOO,MATERIALS
JAPI DOO VRANJE,CONSUMER STAPLES
VODOVOD I KANALIZACIJA JKP POZAREVA,UTILITIES
NOVA COMMODITIES DOO BEOGRAD,UTILITIES
NIKOVIC COMPANY DOO BEOGRAD,INDUSTRIALS
PROGRES INZENJERING DOO,NOT RELEVANT
JASMIL DOO ARILJE,CONSUMER DISCRETIONARY
SKLONISTE,CONSUMER DISCRETIONARY
TERMOINZENJERING DOO BEOGRAD,INDUSTRIALS
SOUTH DEVELOPMENT DOO BEOGRAD,REAL ESTATE
VELEXFARM DOO BEOGRAD,HEALTH CARE
ZAVOD ZA ZAVARIVANJE AD BEOGRAD,INDUSTRIALS
TERBOINOX DOO SOMBOR,INDUSTRIALS
GRAPPA DOO BEOGRAD,INDUSTRIALS
VELUX SRBIJA DOO BEOGRAD,INDUSTRIALS
LSG BUILDING SOLUTIONS DOO BEOGRAD,INDUSTRIALS
JP PUTEVI BEOGRADA BEOGRAD,INDUSTRIALS
EUROMED PLUS D.O.O. BEOGRAD-NOVI B,HEALTH CARE
KODAR ENERGOMONTAZA DOO,INDUSTRIALS
GROUP Litopapir Cacak,MATERIALS
KNJAZ MILOS AD ARANDELOVAC,CONSUMER STAPLES
TEL-KABL DOO,INDUSTRIALS
GROUP IDC,CONSUMER DISCRETIONARY
PREDRAG (NENAD) VESKOV,CONSUMER STAPLES
TDV AUTOMOTIVE,CONSUMER DISCRETIONARY
CENTAR MILLENNIUM AD VRSAC,NOT RELEVANT
AGRAR-KOMERC DOO MALA KRSNA,NOT RELEVANT
AD VINO ZUPA BEOGRAD-ZEMUN,CONSUMER STAPLES
METALFER DOO SREMSKA MITROVICA,MATERIALS
AHA PLASTIK DOO,MATERIALS
GROUP SLOVAS,MATERIALS
RTC LUKA LEGET AD SREMSKA MITROVIC,INDUSTRIALS
URSA D.O.O.,INDUSTRIALS
STRAJT DOO PIROT,CONSUMER STAPLES
MLEKARA AD  SUBOTICA,CONSUMER STAPLES
IMPERIAL BUILDINGS DOO N.SAD,INDUSTRIALS
DRUSTVO SA OGRANICENOM ODGOVORNOSCU,REAL ESTATE
G2 FALCON 2017 DOO BEOGRAD,INDUSTRIALS
FORMA-VS DOO BEOGRAD,CONSUMER DISCRETIONARY
ORACLE SRBIJA & CRNA GORA D.O.O.,INFORMATION TECHNOLOGY
JP DIREKCIJA GADZIN HAN     ,INDUSTRIALS
SCHIEDEL DOO BEOGRAD,INDUSTRIALS
DRAGOVIC EXPRES DOO UMCARI,INDUSTRIALS
EXCONCEPT RS,INFORMATION TECHNOLOGY
XELLA SRBIJA DOO VREOCI,MATERIALS
AGROMARKET DOO KRAGUJEVAC,MATERIALS
TOYO TIRE SERBIA D.O.O.,CONSUMER DISCRETIONARY
LUXOFT D.O.O.,INFORMATION TECHNOLOGY
HF LIFTING DOO,INDUSTRIALS
VONDEL CAPITAL DOO SREMSKI KARLOVC,NOT RELEVANT
GI DOO BEOGRAD,NOT RELEVANT
EX ZAUNER,INDUSTRIALS
MLINOSTEP DOO NOVI SAD,CONSUMER STAPLES
SPRING ENERGY DVA MHE REKA DOO,UTILITIES
MONTAZA D.O.O. BEOGRAD,INDUSTRIALS
CHEMIPROX,MATERIALS
KTP BIGZ DOO,CONSUMER DISCRETIONARY
JEVTOVIC CARS DOO,CONSUMER DISCRETIONARY
ZLATAR-SPED DOO NOVA VAROS,MATERIALS
CTC-UNIT DOO BEOGRAD,CONSUMER DISCRETIONARY
INEXALL COMPANY DOO,MATERIALS
MAKSPRO DOO BEOGRAD ZEMUN,INDUSTRIALS
GAPUMA SRB DOO NOVI SAD,INDUSTRIALS
GEBI DOO PO CANTAVIR,CONSUMER STAPLES
DOO GOMEX ZRENJANIN,CONSUMER STAPLES
ADECO DOO NOVI SAD,MATERIALS
TAPE NS GROUP DOO,INDUSTRIALS
DOO JOVISTE PALIC,INDUSTRIALS
GROUP SPIN,INDUSTRIALS
DANICA (NIKOLA) STANKOVIC,CONSUMER STAPLES
MIODRAG (VELIMIR) VESKOV,CONSUMER STAPLES
DOO PAVLE PANCEVO,INDUSTRIALS
KONSTRUKTOR METAL DOO BEOGRAD,INDUSTRIALS
TEAMNET BUSINESS SOLUTIONS D.O.O.,INFORMATION TECHNOLOGY
AC AUTO D.O.O BEOGRAD - U LIKVIDAC,NOT RELEVANT
INDUSTRIJA MESA CAJETINA,NOT RELEVANT
AD BANINI KIKINDA,CONSUMER STAPLES
GROUP STR MIHAJLOVIC,CONSUMER DISCRETIONARY
HLEB I KIFLE,CONSUMER STAPLES
LPP SERBIA D.O.O.,CONSUMER DISCRETIONARY
RUBIKON SHIPPING COMPANY DOO BEOGR,INDUSTRIALS
EKOFIL DOO BEOGRAD,CONSUMER STAPLES
ALEKSA SANTIC DOO ALEKSA SANTIC,CONSUMER STAPLES
DELTA INZENJERING GROUP DOO BEOGRA,INDUSTRIALS
PROAL DOO PROKUPLJE,INDUSTRIALS
TERMIKA DOO ZRENJANIN,MATERIALS
BOJA DOO,INDUSTRIALS
AGRIBO CO. D.O.O. - U STECAJU,CONSUMER STAPLES
GP GRADITELJ NS DOO NOVI SAD,INDUSTRIALS
HAVAS ADRIATIC D.O.O.,COMMUNICATIONS
MAJS D.O.O.,CONSUMER DISCRETIONARY
DZAMIL (BELA) DZAVIC,CONSUMER STAPLES
SIGOC DOO BEOGRAD,CONSUMER DISCRETIONARY
DOO MLINOKOMERC VRSAC,NOT RELEVANT
SPECIJALNA BOLNICA MERKUR VRNJACKA,HEALTH CARE
TE-TO FABRIKA SECERA AD SENTA,CONSUMER STAPLES
ONE2PLAY RS DOO NOVI SAD,CONSUMER DISCRETIONARY
MARIC TRGOVINA NA VELIKO I MALO I,NOT RELEVANT
UNILEVER DOO,NOT RELEVANT
VIA OCEL D.O.O. BEOGRAD,INDUSTRIALS
REFLEKS D O O  MAJUR,INDUSTRIALS
Subgroup Balkans,CONSUMER STAPLES
BRIGATE DOO BEOGRAD,INDUSTRIALS
EKO UNIJA NEMETAL DOO,INDUSTRIALS
FEROMONT OPREMA  AD PANCEVO,INDUSTRIALS
DIV-POLYMER D.O.O. BACKA PALANKA,MATERIALS
AUTO M.G. COMMERCE DOO NIS,CONSUMER DISCRETIONARY
STRUCTURA CONCEPT DOO,INDUSTRIALS
MONTAVAR METALNA LOLA,INDUSTRIALS
LOHR BACKA TOPOLA,INDUSTRIALS
DOO TENEN CENEJ,CONSUMER STAPLES
IT TEL CONSULTING & ENGINEERING,INDUSTRIALS
ACIKO-KOMERC DOO KRALJEVO,CONSUMER STAPLES
RADUN BENZINSKA STANICA NOVI SAD,CONSUMER DISCRETIONARY
MN DOO BEOGRAD,MATERIALS
"AMBALAZERKA DOO BEOGRAD, BEGALJICA",MATERIALS
SCB DOO BEOGRAD,CONSUMER STAPLES
MGS TECHNOLOGY DOO,INFORMATION TECHNOLOGY
PK ZLATIBOR D.O.O.,CONSUMER STAPLES
SUBGROUP NCA INVESTMENT GROUP,CONSUMER DISCRETIONARY
KESZ DOO BEOGRAD,INDUSTRIALS
BIG TRADE D.O.O.,CONSUMER STAPLES
FARMAPROM DOO BEOGRAD - U LIKVIDAC,HEALTH CARE
BANAT PRESS DOO ZRENJANIN,COMMUNICATIONS
ZEPTER INTERNATIONAL DOO BEOGRAD,CONSUMER DISCRETIONARY
KONSING GROUP DOO BEOGRAD,INDUSTRIALS
VELTRANS DOO SUBOTICA,MATERIALS
SRBOEXPORT DOO,INDUSTRIALS
ELEMENTA DOO SUBOTICA,CONSUMER DISCRETIONARY
ROPER CO DOO BEOGRAD UMKA,INDUSTRIALS
KNJIZARE VULKAN DOO BEOGRAD,CONSUMER DISCRETIONARY
BISEVAC DOO NOVI PAZAR,CONSUMER DISCRETIONARY
KJP DJUNIS,UTILITIES
HYDROSYSTEMS DOO SUBOTICA,INDUSTRIALS
NOVOHEM DOO SABAC,MATERIALS
BOGDAN (MAJA) VLAOVIC,CONSUMER STAPLES
INTERFOOD 60 DOO CACAK,CONSUMER STAPLES
NCR ATM,INDUSTRIALS
GREMET STOLARIJA DOO,INDUSTRIALS
ALLTECH YU DOO,NOT RELEVANT
LIVNICA KIKINDA AI DOO KIKINDA,CONSUMER DISCRETIONARY
STECAJNA MASA AGROZIV AD PANCEVO,CONSUMER STAPLES
PRO GALVANO MIKROMETAL DOO BEOGRAD,INDUSTRIALS
KMG ART DOO,INDUSTRIALS
AFARAK DOO BEOGRAD,MATERIALS
BID PRODUKT DOO,CONSUMER STAPLES
PKB KORPORACIJA AD - BEOGRAD,CONSUMER STAPLES
TIRES TIM DOO NOVI SAD,CONSUMER DISCRETIONARY
SENA DOO,INDUSTRIALS
MSG GLOBAL SOLUTIONS SERBIA,INFORMATION TECHNOLOGY
ELIXIR GARDEN NEGOTIN DOO,MATERIALS
WORTS TEAM DOO SIMANOVCI,CONSUMER DISCRETIONARY
GROUP E SMART,INFORMATION TECHNOLOGY
METAL-HEMIKO DOO ADA,CONSUMER STAPLES
TAKTIK D.O.O.,CONSUMER STAPLES
VILA GRAD DOO,INDUSTRIALS
CALMA DOO CALMA,CONSUMER STAPLES
ISTYLE STORES DOO BEOGRAD,CONSUMER DISCRETIONARY
PREKO REDA DOO BEOGRAD,CONSUMER DISCRETIONARY
ERG DOO SIMANOVCI,CONSUMER DISCRETIONARY
DOO KONZUL NOVI SAD,CONSUMER STAPLES
AGROPARTNER DOO LUCANI,CONSUMER STAPLES
SABATO DOO BEOGRAD,MATERIALS
EMTM DOO KULA,NOT RELEVANT
NEW COMPANY DOO BEOGRAD,REAL ESTATE
DOO MATEO CACAK,CONSUMER STAPLES
PPT-CILINDRI DOO,CONSUMER DISCRETIONARY
ENERGOPROJEKT OPREMA - U STECAJU,INDUSTRIALS
PORD DOO,INDUSTRIALS
BG PRODUKT 1996 DOO KRUSEVAC,CONSUMER STAPLES
TABAK MAXIM D.O.O.,CONSUMER STAPLES
LAKI DOO ARILJE,CONSUMER STAPLES
DELDIS DOO,CONSUMER STAPLES
ORBICO DOO BEOGRAD,CONSUMER DISCRETIONARY
BRKOVIC GRUPA DOO,REAL ESTATE
RELAX INTERNATIONAL DOO BEOGRAD,CONSUMER DISCRETIONARY
KIT REAL ESTATE DOO,CONSUMER DISCRETIONARY
VOZD DOO SOMBOR,CONSUMER STAPLES
CEMPROM DOO,MATERIALS
SOUTH LAND DOO BEOGRAD,REAL ESTATE
PZP POZAREVAC DOO POZAREVAC,INDUSTRIALS
FEROMONT DOO STARA PAZOVA,INDUSTRIALS
DRUSTVO SA OGRANICENOM ODGOVORNOSCU,CONSUMER STAPLES
"BAJAN DOO SMEDEREVO, MIHAJLOVAC",CONSUMER STAPLES
EURCO DOO,INDUSTRIALS
LUTTON - U STECAJU,NOT RELEVANT
GROSER DOO,CONSUMER STAPLES
RUMIX - U PRINUDNOJ LIKVIDACIJI,CONSUMER STAPLES
WIKA MERNA TEHNIKA DOO BEOGRAD,INDUSTRIALS
NPC INTERNATIONAL D.O.O. BEOGRAD,NOT RELEVANT
SUNOKO DOO NOVI SAD,CONSUMER STAPLES
NIT EXPORT-IMPORT DOO,CONSUMER STAPLES
CARSKA BASTA DOO ZRENJANIN,CONSUMER STAPLES
MONDI SABAC,MATERIALS
HEIDELBERG JUGOSLAVIJA DOO,INFORMATION TECHNOLOGY
SUBGROUP SAGA DOO,INFORMATION TECHNOLOGY
GROUP RAS INZENJERING,INDUSTRIALS
DELTA SECURITY SYSTEM DOO,INDUSTRIALS
BDS RS. DOO,CONSUMER DISCRETIONARY
LAZARUS DOO KRAGUJEVAC,CONSUMER STAPLES
GROUP LUKI KOMERC,CONSUMER STAPLES
INIT TECHNOLOGIES DOO,INFORMATION TECHNOLOGY
SMICOM D.O.O. POZEGA,MATERIALS
BFD DISTRIBUTION DOO APATIN,CONSUMER STAPLES
KARTONVAL DOO BEOGRAD,MATERIALS
MISON DOO,CONSUMER DISCRETIONARY
STAREL PLUS DOO BATAJNICA,INDUSTRIALS
TEXIMP DOO BEOGRAD,INDUSTRIALS
EUROCLASSIC DOO STARA PAZOVA - U P,CONSUMER DISCRETIONARY
"PREDUZECE EXPORT-IMORT FUNGO-JUG,",CONSUMER STAPLES
PLAVI KAMEN DOO VRANJE,MATERIALS
GROUP FARMAKOM,NOT RELEVANT
FABRIKA STOCNE HRANE - KOMPONENTA,CONSUMER STAPLES
MAGNAHIM,MATERIALS
NEPO SYSTEM DOO BEOGRAD,INFORMATION TECHNOLOGY
ALBATROS-INTERNATIONAL DOO,CONSUMER STAPLES
DOO EXPERT LESKOVAC,CONSUMER DISCRETIONARY
ALKALOID VELEDROGERIJA D.O.O.,HEALTH CARE
CORAL SRB D.O.O.,CONSUMER DISCRETIONARY
PULSEC DOO BEOGRAD,INFORMATION TECHNOLOGY
CA-TERM DOO CACAK,INDUSTRIALS
AUTO FUSION DOO BEOGRAD,CONSUMER DISCRETIONARY
MAGLIC PD DP,CONSUMER STAPLES
GROUP EHOM,CONSUMER DISCRETIONARY
KOENIG & BAUER RS D.O.O. BEOGRAD,INDUSTRIALS
VODA VRNJCI AD VRNJACKA BANJA,CONSUMER STAPLES
NESAM INZENJERING DOO GRCAC,INDUSTRIALS
ROASTERY 1886 DOO,CONSUMER STAPLES
FSH JABUKA DOO PANCEVO,CONSUMER STAPLES
HRAM 032 PVC TRADE DOO PRELJINA,INDUSTRIALS
LISJE JKP NOVI SAD,CONSUMER DISCRETIONARY
NISAUTO GRUPA DOO NIS,CONSUMER DISCRETIONARY
BOMEX EXPORT IMPORT DOO BEOGRAD -,NOT RELEVANT
ENTERPRISE SERVICES D.O.O.,NOT RELEVANT
YU POINT DOO,MATERIALS
DRUSTVO SA OGRANICENOM,INDUSTRIALS
MLIN BUDUCNOST TRIO DOO BEOGRAD,CONSUMER STAPLES
JONES LANG LASALLE DOO BEOGRAD,REAL ESTATE
EATON ELECTRIC DOO SREMSKA MITROVI,INDUSTRIALS
TINIS DOO BEOGRAD MALI MOKRI LUG,INDUSTRIALS
MDES AIR CONDITIONER DOO,INDUSTRIALS
AVL PROJEKT INT DOO NOVI SAD,INFORMATION TECHNOLOGY
TICKET VISION DOO BEOGRAD,CONSUMER DISCRETIONARY
IVA-AGRAR DOO,MATERIALS
GROUP EUROIMPEX AUTOGROUP,CONSUMER DISCRETIONARY
CENTROSINERGIJA,CONSUMER STAPLES
SNEZANA (ANTUN) DZAVIC,CONSUMER STAPLES
PRISTA OIL AD BEOGRAD,INDUSTRIALS
PEGASUS SRB DOO,MATERIALS
MAGNA TYRES BALKAN D.O.O.,INDUSTRIALS
PRESS INTERNATIONAL DOO,CONSUMER DISCRETIONARY
MONT-R DOO BEOGRAD,INDUSTRIALS
GROUP PHIACADEMY,CONSUMER STAPLES
