place_category,ending
basin,Blanca
basin,Chica
basin,Gallega
basin,Jandilla
basin,Juncosa
basin,Laguna
basin,Larga
basin,Lucía
basin,Muña
basin,Pelancoso
basin,Salina
basin,abriteras
basin,aguna
basin,alina
basin,allega
basin,anca
basin,ancoso
basin,andilla
basin,arga
basin,briteras
basin,cosa
basin,coso
basin,cía
basin,dilla
basin,ega
basin,elancoso
basin,eras
basin,guna
basin,hica
basin,ica
basin,illa
basin,ina
basin,iteras
basin,lanca
basin,lancoso
basin,lega
basin,lina
basin,lla
basin,llega
basin,nca
basin,ncosa
basin,ncoso
basin,ndilla
basin,osa
basin,oso
basin,ras
basin,rga
basin,riteras
basin,teras
basin,ucía
basin,una
basin,uncosa
basin,uña
concave shoreline,Bona
concave shoreline,Capitán
concave shoreline,Clara
concave shoreline,Entugores
concave shoreline,Estremé
concave shoreline,Jinogea
concave shoreline,Nuevo
concave shoreline,Petra
concave shoreline,Petro
concave shoreline,Redonda
concave shoreline,Rivasalla
concave shoreline,Salinas
concave shoreline,Tarida
concave shoreline,Teident
concave shoreline,Tirant
concave shoreline,Virgili
concave shoreline,alinas
concave shoreline,alla
concave shoreline,ant
concave shoreline,anti
concave shoreline,apitán
concave shoreline,ara
concave shoreline,arida
concave shoreline,asalla
concave shoreline,auti
concave shoreline,aña
concave shoreline,bila
concave shoreline,dent
concave shoreline,donda
concave shoreline,d’Or
concave shoreline,edonda
concave shoreline,eident
concave shoreline,emé
concave shoreline,ent
concave shoreline,etra
concave shoreline,etro
concave shoreline,evo
concave shoreline,gea
concave shoreline,gili
concave shoreline,gores
concave shoreline,ida
concave shoreline,ident
concave shoreline,ila
concave shoreline,ili
concave shoreline,illanti
concave shoreline,illauti
concave shoreline,inas
concave shoreline,inillanti
concave shoreline,inillauti
concave shoreline,inogea
concave shoreline,irant
concave shoreline,irgili
concave shoreline,itán
concave shoreline,ivasalla
concave shoreline,lanti
concave shoreline,lara
concave shoreline,lauti
concave shoreline,linas
concave shoreline,lla
concave shoreline,llanti
concave shoreline,llauti
concave shoreline,montaña
concave shoreline,nas
concave shoreline,nda
concave shoreline,nillanti
concave shoreline,nillauti
concave shoreline,nogea
concave shoreline,ntaña
concave shoreline,nti
concave shoreline,ntugores
concave shoreline,ogea
concave shoreline,ona
concave shoreline,onda
concave shoreline,ontaña
concave shoreline,ores
concave shoreline,pitán
concave shoreline,rant
concave shoreline,remé
concave shoreline,res
concave shoreline,rgili
concave shoreline,rida
concave shoreline,rymontaña
concave shoreline,salla
concave shoreline,stremé
concave shoreline,taña
concave shoreline,tra
concave shoreline,tremé
concave shoreline,tro
concave shoreline,tugores
concave shoreline,tán
concave shoreline,uevo
concave shoreline,ugores
concave shoreline,uti
concave shoreline,vasalla
concave shoreline,ymontaña
concave shoreline,Ábila
concave shoreline,’Or
convex shoreline,Aguamía
convex shoreline,Agudela
convex shoreline,Aguieira
convex shoreline,Alcalá
convex shoreline,Amacas
convex shoreline,Amacus
convex shoreline,Ancha
convex shoreline,Anguila
convex shoreline,Areiño
convex shoreline,Atalaya
convex shoreline,Aviao
convex shoreline,Bajita
convex shoreline,Barceló
convex shoreline,Beca
convex shoreline,Blanca
convex shoreline,Blanco
convex shoreline,Bombarda
convex shoreline,Burela
convex shoreline,Camarón
convex shoreline,Campaña
convex shoreline,Cantera
convex shoreline,Carbonera
convex shoreline,Catasol
convex shoreline,Cebes
convex shoreline,Cebollero
convex shoreline,Codolada
convex shoreline,Colorado
convex shoreline,Concheira
convex shoreline,Corbera
convex shoreline,Cortada
convex shoreline,Cotillo
convex shoreline,Cueva
convex shoreline,Cumplida
convex shoreline,Curbeiros
convex shoreline,Descojona
convex shoreline,Domingo
convex shoreline,Entallada
convex shoreline,Escalar
convex shoreline,Estalluns
convex shoreline,Estay
convex shoreline,Falcoeiro
convex shoreline,Falcó
convex shoreline,Farruch
convex shoreline,Farrutx
convex shoreline,Forcados
convex shoreline,Galán
convex shoreline,Ganados
convex shoreline,Gines
convex shoreline,Grieta
convex shoreline,Gros
convex shoreline,Gruesa
convex shoreline,Guardia
convex shoreline,Hocico
convex shoreline,Ifach
convex shoreline,Isleta
convex shoreline,Jabenco
convex shoreline,Jandía
convex shoreline,Lamela
convex shoreline,Lance
convex shoreline,Leiras
convex shoreline,Llebeche
convex shoreline,Loira
convex shoreline,Lousada
convex shoreline,Mahona
convex shoreline,Marrajos
convex shoreline,Mendia
convex shoreline,Menorca
convex shoreline,Miran
convex shoreline,Misiera
convex shoreline,Montañosa
convex shoreline,Moscarté
convex shoreline,Mosqueros
convex shoreline,Nati
convex shoreline,Negrete
convex shoreline,Norte
convex shoreline,Ouzal
convex shoreline,Oyambre
convex shoreline,Palomas
convex shoreline,Pedreras
convex shoreline,Penalleta
convex shoreline,Pinténs
convex shoreline,Piñera
convex shoreline,Placeres
convex shoreline,Prieto
convex shoreline,Pundurada
convex shoreline,Puntalejo
convex shoreline,Queixal
convex shoreline,Quejo
convex shoreline,Quintres
convex shoreline,Rabadira
convex shoreline,Rania
convex shoreline,Remedios
convex shoreline,Rovira
convex shoreline,Sancha
convex shoreline,Sartaña
convex shoreline,Sebes
convex shoreline,Sentroña
convex shoreline,Sobreira
convex shoreline,Talis
convex shoreline,Tamadite
convex shoreline,Tamaímo
convex shoreline,Tegena
convex shoreline,Ternero
convex shoreline,Terrosa
convex shoreline,Testada
convex shoreline,Torre
convex shoreline,Torrella
convex shoreline,Touriñá
convex shoreline,Trapana
convex shoreline,Trave
convex shoreline,Ullo
convex shoreline,Valteira
convex shoreline,Vidrias
convex shoreline,Vilan
convex shoreline,abadira
convex shoreline,abenco
convex shoreline,abicastro
convex shoreline,acas
convex shoreline,aceres
convex shoreline,ach
convex shoreline,acus
convex shoreline,ada
convex shoreline,adira
convex shoreline,adite
convex shoreline,ado
convex shoreline,adoira
convex shoreline,adoiro
convex shoreline,ados
convex shoreline,ahona
convex shoreline,ajita
convex shoreline,ajos
convex shoreline,alar
convex shoreline,alaya
convex shoreline,alcoeiro
convex shoreline,alcó
convex shoreline,alejo
convex shoreline,alis
convex shoreline,allada
convex shoreline,alleta
convex shoreline,alluns
convex shoreline,alomas
convex shoreline,alteira
convex shoreline,alá
convex shoreline,alán
convex shoreline,amadite
convex shoreline,amarón
convex shoreline,amaímo
convex shoreline,ambre
convex shoreline,amela
convex shoreline,ampaña
convex shoreline,amía
convex shoreline,ana
convex shoreline,anados
convex shoreline,anca
convex shoreline,ance
convex shoreline,ancha
convex shoreline,anco
convex shoreline,andía
convex shoreline,ania
convex shoreline,antera
convex shoreline,apana
convex shoreline,arbonera
convex shoreline,arceló
convex shoreline,arda
convex shoreline,ardia
convex shoreline,arpintera
convex shoreline,arrajos
convex shoreline,arruch
convex shoreline,arrutx
convex shoreline,artaña
convex shoreline,arté
convex shoreline,arón
convex shoreline,asol
convex shoreline,astrada
convex shoreline,astro
convex shoreline,atasol
convex shoreline,ati
convex shoreline,ave
convex shoreline,aya
convex shoreline,aímo
convex shoreline,aña
convex shoreline,añosa
convex shoreline,badira
convex shoreline,barda
convex shoreline,beche
convex shoreline,beiros
convex shoreline,benco
convex shoreline,bera
convex shoreline,bes
convex shoreline,bicastro
convex shoreline,bollero
convex shoreline,bonera
convex shoreline,bre
convex shoreline,breira
convex shoreline,cadoira
convex shoreline,cados
convex shoreline,calar
convex shoreline,calá
convex shoreline,carté
convex shoreline,cas
convex shoreline,castro
convex shoreline,cat
convex shoreline,celó
convex shoreline,ceres
convex shoreline,cha
convex shoreline,che
convex shoreline,cheira
convex shoreline,cico
convex shoreline,ciñadoiro
convex shoreline,coeiro
convex shoreline,cojona
convex shoreline,cus
convex shoreline,del
convex shoreline,dela
convex shoreline,derrocat
convex shoreline,dia
convex shoreline,dios
convex shoreline,dira
convex shoreline,dite
convex shoreline,doira
convex shoreline,doiro
convex shoreline,dolada
convex shoreline,dos
convex shoreline,dreras
convex shoreline,drias
convex shoreline,durada
convex shoreline,día
convex shoreline,ebeche
convex shoreline,ebes
convex shoreline,ebollero
convex shoreline,eca
convex shoreline,eche
convex shoreline,edios
convex shoreline,edreras
convex shoreline,egena
convex shoreline,egrete
convex shoreline,eira
convex shoreline,eiras
convex shoreline,eiro
convex shoreline,eiros
convex shoreline,eixal
convex shoreline,eiño
convex shoreline,ejo
convex shoreline,ela
convex shoreline,ella
convex shoreline,eló
convex shoreline,emedios
convex shoreline,ena
convex shoreline,enalleta
convex shoreline,enco
convex shoreline,endia
convex shoreline,enorca
convex shoreline,entroña
convex shoreline,era
convex shoreline,eras
convex shoreline,eres
convex shoreline,ernero
convex shoreline,ero
convex shoreline,eros
convex shoreline,errocat
convex shoreline,errosa
convex shoreline,esa
convex shoreline,escojona
convex shoreline,estada
convex shoreline,eta
convex shoreline,ete
convex shoreline,eto
convex shoreline,eva
convex shoreline,fach
convex shoreline,gena
convex shoreline,gosteira
convex shoreline,grete
convex shoreline,guamía
convex shoreline,gudela
convex shoreline,guieira
convex shoreline,guila
convex shoreline,heira
convex shoreline,hona
convex shoreline,iao
convex shoreline,ias
convex shoreline,icastro
convex shoreline,ico
convex shoreline,ida
convex shoreline,idrias
convex shoreline,ieira
convex shoreline,iera
convex shoreline,ieta
convex shoreline,ieto
convex shoreline,ila
convex shoreline,ilan
convex shoreline,illo
convex shoreline,ines
convex shoreline,ingo
convex shoreline,intera
convex shoreline,intres
convex shoreline,inténs
convex shoreline,ios
convex shoreline,ira
convex shoreline,iran
convex shoreline,iras
convex shoreline,iro
convex shoreline,iros
convex shoreline,isiera
convex shoreline,ita
convex shoreline,ite
convex shoreline,ixal
convex shoreline,iñadoiro
convex shoreline,iñera
convex shoreline,iño
convex shoreline,iñá
convex shoreline,jita
convex shoreline,jona
convex shoreline,jos
convex shoreline,laceres
convex shoreline,lada
convex shoreline,lan
convex shoreline,lanca
convex shoreline,lanco
convex shoreline,lar
convex shoreline,laya
convex shoreline,lcalá
convex shoreline,lcoeiro
convex shoreline,lcó
convex shoreline,lebeche
convex shoreline,lejo
convex shoreline,lero
convex shoreline,leta
convex shoreline,lida
convex shoreline,lis
convex shoreline,lla
convex shoreline,llada
convex shoreline,llero
convex shoreline,lleta
convex shoreline,llo
convex shoreline,lluns
convex shoreline,lomas
convex shoreline,lorado
convex shoreline,lteira
convex shoreline,luns
convex shoreline,lán
convex shoreline,macas
convex shoreline,macus
convex shoreline,madite
convex shoreline,marón
convex shoreline,mas
convex shoreline,maímo
convex shoreline,mbarda
convex shoreline,mbre
convex shoreline,medios
convex shoreline,mela
convex shoreline,mingo
convex shoreline,mpaña
convex shoreline,mplida
convex shoreline,mía
convex shoreline,nados
convex shoreline,nalleta
convex shoreline,nca
convex shoreline,ncadoira
convex shoreline,nce
convex shoreline,ncha
convex shoreline,ncheira
convex shoreline,nco
convex shoreline,nderrocat
convex shoreline,ndia
convex shoreline,ndurada
convex shoreline,ndía
convex shoreline,nera
convex shoreline,nero
convex shoreline,nes
convex shoreline,ngo
convex shoreline,ngosteira
convex shoreline,nguila
convex shoreline,nia
convex shoreline,norca
convex shoreline,ntalejo
convex shoreline,ntallada
convex shoreline,ntañosa
convex shoreline,ntera
convex shoreline,ntres
convex shoreline,ntroña
convex shoreline,nténs
convex shoreline,obreira
convex shoreline,ocat
convex shoreline,ocico
convex shoreline,odolada
convex shoreline,oeiro
convex shoreline,oira
convex shoreline,oiro
convex shoreline,ojona
convex shoreline,olada
convex shoreline,ollero
convex shoreline,olorado
convex shoreline,omas
convex shoreline,ombarda
convex shoreline,omingo
convex shoreline,ona
convex shoreline,oncadoira
convex shoreline,oncheira
convex shoreline,onera
convex shoreline,ontañosa
convex shoreline,orado
convex shoreline,orbera
convex shoreline,orca
convex shoreline,orcados
convex shoreline,orre
convex shoreline,orrella
convex shoreline,ortada
convex shoreline,orte
convex shoreline,osa
convex shoreline,oscarté
convex shoreline,osqueros
convex shoreline,osteira
convex shoreline,otillo
convex shoreline,ouriñá
convex shoreline,ousada
convex shoreline,ovira
convex shoreline,oña
convex shoreline,pana
convex shoreline,paña
convex shoreline,pintera
convex shoreline,plida
convex shoreline,queros
convex shoreline,rada
convex shoreline,rado
convex shoreline,rajos
convex shoreline,ran
convex shoreline,rapana
convex shoreline,ras
convex shoreline,rastrada
convex shoreline,rave
convex shoreline,rbeiros
convex shoreline,rbera
convex shoreline,rbonera
convex shoreline,rca
convex shoreline,rcados
convex shoreline,rceló
convex shoreline,rda
convex shoreline,rdia
convex shoreline,reira
convex shoreline,reiño
convex shoreline,rela
convex shoreline,rella
convex shoreline,reras
convex shoreline,res
convex shoreline,rete
convex shoreline,rias
convex shoreline,rieta
convex shoreline,rieto
convex shoreline,riñá
convex shoreline,rnero
convex shoreline,rocat
convex shoreline,ros
convex shoreline,rosa
convex shoreline,roña
convex shoreline,rpintera
convex shoreline,rrajos
convex shoreline,rrastrada
convex shoreline,rre
convex shoreline,rrella
convex shoreline,rrocat
convex shoreline,rrosa
convex shoreline,rruch
convex shoreline,rrutx
convex shoreline,rtada
convex shoreline,rtaña
convex shoreline,rte
convex shoreline,rté
convex shoreline,ruch
convex shoreline,ruesa
convex shoreline,rutx
convex shoreline,rón
convex shoreline,sada
convex shoreline,scalar
convex shoreline,scarté
convex shoreline,scojona
convex shoreline,siera
convex shoreline,sleta
convex shoreline,sol
convex shoreline,squeros
convex shoreline,stada
convex shoreline,stalluns
convex shoreline,stay
convex shoreline,steira
convex shoreline,strada
convex shoreline,stro
convex shoreline,tada
convex shoreline,talaya
convex shoreline,talejo
convex shoreline,tallada
convex shoreline,talluns
convex shoreline,tasol
convex shoreline,tay
convex shoreline,taña
convex shoreline,tañosa
convex shoreline,teira
convex shoreline,tera
convex shoreline,tillo
convex shoreline,trada
convex shoreline,tres
convex shoreline,tro
convex shoreline,troña
convex shoreline,téns
convex shoreline,uamía
convex shoreline,uardia
convex shoreline,uch
convex shoreline,udela
convex shoreline,ueixal
convex shoreline,uejo
convex shoreline,ueros
convex shoreline,uesa
convex shoreline,ueva
convex shoreline,uieira
convex shoreline,uila
convex shoreline,uintres
convex shoreline,umplida
convex shoreline,undurada
convex shoreline,uns
convex shoreline,untalejo
convex shoreline,urada
convex shoreline,urbeiros
convex shoreline,urela
convex shoreline,uriñá
convex shoreline,usada
convex shoreline,utx
convex shoreline,uzal
convex shoreline,viao
convex shoreline,vira
convex shoreline,xal
convex shoreline,yambre
convex shoreline,zal
convex shoreline,éns
convex shoreline,ímo
convex shoreline,ñadoiro
convex shoreline,ñera
convex shoreline,ñosa
depression,Achuela
depression,Achueta
depression,Crispina
depression,Esaíde
depression,Inzulegui
depression,Meaca
depression,Otzondo
depression,aca
depression,aíde
depression,chuela
depression,chueta
depression,del
depression,eaca
depression,egui
depression,ela
depression,eta
depression,gui
depression,huela
depression,hueta
depression,ina
depression,ispina
depression,legui
depression,ndo
depression,nzulegui
depression,ondo
depression,pina
depression,rispina
depression,saíde
depression,spina
depression,tzondo
depression,uela
depression,ueta
depression,ulegui
depression,zondo
depression,zulegui
depression,íde
elevated area,Ancha
elevated area,Benis
elevated area,Bolave
elevated area,Cabrera
elevated area,Cambrón
elevated area,Castellar
elevated area,Corto
elevated area,Couso
elevated area,Dueña
elevated area,Gorda
elevated area,Grande
elevated area,Grosa
elevated area,Grossa
elevated area,Jabalcuz
elevated area,Larga
elevated area,Madrona
elevated area,Martés
elevated area,Megorrón
elevated area,Molinillo
elevated area,Negra
elevated area,Negras
elevated area,Obarenes
elevated area,Ocoro
elevated area,Palmitera
elevated area,Palomera
elevated area,Parapanda
elevated area,Pelada
elevated area,Picachos
elevated area,Serra
elevated area,Solana
elevated area,Tabeirós
elevated area,Testeiro
elevated area,Tonda
elevated area,Traviesa
elevated area,Vasto
elevated area,abalcuz
elevated area,abeirós
elevated area,abrera
elevated area,achos
elevated area,ada
elevated area,adrona
elevated area,ajones
elevated area,alcuz
elevated area,almitera
elevated area,alomera
elevated area,ambrón
elevated area,ana
elevated area,anda
elevated area,ande
elevated area,anquillos
elevated area,apanda
elevated area,arapanda
elevated area,arenes
elevated area,arga
elevated area,arrascosa
elevated area,artés
elevated area,ascosa
elevated area,astellar
elevated area,asto
elevated area,ave
elevated area,aviesa
elevated area,balcuz
elevated area,barenes
elevated area,beirós
elevated area,brera
elevated area,brón
elevated area,cachos
elevated area,cha
elevated area,chiza
elevated area,chos
elevated area,coro
elevated area,cosa
elevated area,cuz
elevated area,del
elevated area,drona
elevated area,egorrón
elevated area,egra
elevated area,egras
elevated area,eguerena
elevated area,eiro
elevated area,eirós
elevated area,elada
elevated area,ellar
elevated area,ellina
elevated area,ena
elevated area,enchiza
elevated area,enes
elevated area,enis
elevated area,era
elevated area,erena
elevated area,erenchiza
elevated area,erra
elevated area,errajones
elevated area,esa
elevated area,esteiro
elevated area,estellina
elevated area,eña
elevated area,gorrón
elevated area,gra
elevated area,gras
elevated area,guerena
elevated area,hiza
elevated area,hos
elevated area,icachos
elevated area,iesa
elevated area,illo
elevated area,illos
elevated area,ina
elevated area,inillo
elevated area,iro
elevated area,irós
elevated area,itera
elevated area,iza
elevated area,jones
elevated area,lada
elevated area,lana
elevated area,lar
elevated area,lave
elevated area,lcuz
elevated area,lina
elevated area,linillo
elevated area,llar
elevated area,llina
elevated area,llo
elevated area,llos
elevated area,lmitera
elevated area,lomera
elevated area,los
elevated area,mbrón
elevated area,mera
elevated area,mitera
elevated area,ncha
elevated area,nchiza
elevated area,nda
elevated area,nde
elevated area,nes
elevated area,nillo
elevated area,nis
elevated area,nquillos
elevated area,olana
elevated area,olave
elevated area,olinillo
elevated area,omera
elevated area,ona
elevated area,onda
elevated area,ones
elevated area,orda
elevated area,oro
elevated area,orrón
elevated area,orto
elevated area,osa
elevated area,ossa
elevated area,ouso
elevated area,panda
elevated area,quillos
elevated area,rajones
elevated area,rande
elevated area,rapanda
elevated area,ras
elevated area,rascosa
elevated area,raviesa
elevated area,rda
elevated area,reguerena
elevated area,rena
elevated area,renchiza
elevated area,renes
elevated area,rera
elevated area,rga
elevated area,rona
elevated area,rosa
elevated area,rossa
elevated area,rra
elevated area,rrajones
elevated area,rrascosa
elevated area,rrón
elevated area,rto
elevated area,rtés
elevated area,rón
elevated area,rós
elevated area,scosa
elevated area,ssa
elevated area,steiro
elevated area,stellar
elevated area,stellina
elevated area,sto
elevated area,teiro
elevated area,tellar
elevated area,tellina
elevated area,tera
elevated area,tés
elevated area,uerena
elevated area,ueña
elevated area,uillos
elevated area,uso
elevated area,viesa
elevation,Abades
elevation,Abedules
elevation,Acebe
elevation,Aceuche
elevation,Aguacada
elevation,Aguja
elevation,Ahogá
elevation,Aislá
elevation,Alcojona
elevation,Almenara
elevation,Almenaras
elevation,Alta
elevation,Amarnia
elevation,Arnas
elevation,Aro
elevation,Atalaya
elevation,Baja
elevation,Bandera
elevation,Blanca
elevation,Blanco
elevation,Blasca
elevation,Braña
elevation,Bucher
elevation,Buciero
elevation,Cabezo
elevation,Cabril
elevation,Caldera
elevation,Calderina
elevation,Calvo
elevation,Calón
elevation,Camorro
elevation,Campana
elevation,Canet
elevation,Carrasca
elevation,Castillo
elevation,Cebollar
elevation,Cebollera
elevation,Cerrajón
elevation,Chahorra
elevation,Chemille
elevation,Chinipro
elevation,Chinobre
elevation,Chuar
elevation,Chucho
elevation,Cogulla
elevation,Comodoto
elevation,Coriscada
elevation,Corona
elevation,Cotero
elevation,Cotiella
elevation,Crucheta
elevation,Espinazo
elevation,Estivala
elevation,Faro
elevation,Fortaleza
elevation,Freiro
elevation,Freito
elevation,Gamonedo
elevation,Gangarro
elevation,Garabitas
elevation,Garrofero
elevation,Gorda
elevation,Gordo
elevation,Guriscado
elevation,Gándaras
elevation,Güe
elevation,Hacho
elevation,Herrera
elevation,Hornillos
elevation,Horreos
elevation,Isaca
elevation,Jabalcon
elevation,Janoso
elevation,Javalón
elevation,Lavada
elevation,Legate
elevation,Liébana
elevation,Llerga
elevation,Llusas
elevation,Lóbrega
elevation,Manchoya
elevation,Manga
elevation,Maristá
elevation,Martinela
elevation,Mayor
elevation,Mediana
elevation,Medianeta
elevation,Mesa
elevation,Miranela
elevation,Molatilla
elevation,Molino
elevation,Moralejo
elevation,Morenilla
elevation,Moro
elevation,Morrilla
elevation,Morrón
elevation,Olivilla
elevation,Orelladas
elevation,Oturía
elevation,Pelado
elevation,Perdido
elevation,Picota
elevation,Pinarona
elevation,Porrón
elevation,Prieta
elevation,Pueyo
elevation,Redonda
elevation,Requejo
elevation,Reventada
elevation,Rubia
elevation,Sabocos
elevation,Sagra
elevation,Sierra
elevation,Taborno
elevation,Telera
elevation,Tenerife
elevation,Terroso
elevation,Ubiña
elevation,Vinijogre
elevation,Yugo
elevation,abalcon
elevation,abezo
elevation,abijal
elevation,abitas
elevation,abocos
elevation,aborno
elevation,abril
elevation,aca
elevation,acada
elevation,acho
elevation,ada
elevation,adas
elevation,ades
elevation,ado
elevation,agra
elevation,ahorra
elevation,aja
elevation,ajón
elevation,ala
elevation,alaya
elevation,alcon
elevation,aldera
elevation,alderina
elevation,alejo
elevation,aleza
elevation,alvo
elevation,alón
elevation,amonedo
elevation,amorro
elevation,ampana
elevation,ana
elevation,anca
elevation,anchoya
elevation,anco
elevation,andera
elevation,anela
elevation,anet
elevation,aneta
elevation,anga
elevation,angarro
elevation,anitas
elevation,anjeros
elevation,anoso
elevation,antopétar
elevation,ara
elevation,arabitas
elevation,aranjeros
elevation,aras
elevation,aristá
elevation,arnia
elevation,aro
elevation,arona
elevation,arrasca
elevation,arrieta
elevation,arro
elevation,arrofero
elevation,artinela
elevation,artiniela
elevation,asca
elevation,ascabijal
elevation,asetillas
elevation,astelfrio
elevation,astillo
elevation,ate
elevation,atilla
elevation,avada
elevation,avalón
elevation,aya
elevation,ayor
elevation,azo
elevation,aña
elevation,bades
elevation,balcon
elevation,bana
elevation,bedules
elevation,bezo
elevation,bia
elevation,bijal
elevation,bitas
elevation,biña
elevation,bocos
elevation,bollar
elevation,bollera
elevation,borno
elevation,bre
elevation,brega
elevation,bril
elevation,cabijal
elevation,cada
elevation,cado
elevation,cal
elevation,cebe
elevation,ceuche
elevation,che
elevation,cher
elevation,ches
elevation,cheta
elevation,cho
elevation,choya
elevation,ciero
elevation,cojona
elevation,con
elevation,cornocal
elevation,cos
elevation,cota
elevation,daras
elevation,das
elevation,del
elevation,dera
elevation,derina
elevation,des
elevation,diana
elevation,dianeta
elevation,dido
elevation,donda
elevation,doto
elevation,dules
elevation,ebe
elevation,ebollar
elevation,ebollera
elevation,ediana
elevation,edianeta
elevation,edo
elevation,edonda
elevation,edules
elevation,ega
elevation,egate
elevation,eiro
elevation,eito
elevation,ejo
elevation,ela
elevation,elado
elevation,elera
elevation,elfrio
elevation,ella
elevation,elladas
elevation,emille
elevation,enara
elevation,enaras
elevation,enerife
elevation,enilla
elevation,entada
elevation,eos
elevation,equejo
elevation,era
elevation,erdido
elevation,erga
elevation,erife
elevation,erina
elevation,ermanitas
elevation,erninches
elevation,ero
elevation,eros
elevation,erra
elevation,errajón
elevation,errera
elevation,erroso
elevation,esa
elevation,eta
elevation,etillas
elevation,euche
elevation,eventada
elevation,eyo
elevation,eza
elevation,ezo
elevation,fero
elevation,frio
elevation,garrieta
elevation,garro
elevation,gate
elevation,gra
elevation,gre
elevation,guacada
elevation,guja
elevation,gulla
elevation,hahorra
elevation,hemille
elevation,her
elevation,hes
elevation,heta
elevation,hinipro
elevation,hinobre
elevation,hogá
elevation,horra
elevation,hoya
elevation,huar
elevation,hucho
elevation,iana
elevation,ianeta
elevation,icota
elevation,ido
elevation,iela
elevation,iella
elevation,iero
elevation,ierra
elevation,ieta
elevation,ife
elevation,ijal
elevation,ijogre
elevation,illa
elevation,illas
elevation,ille
elevation,illitos
elevation,illo
elevation,illos
elevation,ina
elevation,inarona
elevation,inazo
elevation,inches
elevation,inela
elevation,iniela
elevation,inijogre
elevation,inipro
elevation,ino
elevation,inobre
elevation,ipro
elevation,iranela
elevation,iro
elevation,iscada
elevation,iscado
elevation,islá
elevation,istá
elevation,itas
elevation,ito
elevation,itos
elevation,ivala
elevation,ivilla
elevation,iébana
elevation,iña
elevation,jal
elevation,jeros
elevation,jogre
elevation,jona
elevation,jón
elevation,ladas
elevation,lado
elevation,lanca
elevation,lanco
elevation,lar
elevation,las
elevation,lasca
elevation,latilla
elevation,laya
elevation,lcojona
elevation,lcon
elevation,lcornocal
elevation,ldera
elevation,lderina
elevation,lejo
elevation,lera
elevation,lerga
elevation,les
elevation,leza
elevation,lfrio
elevation,lino
elevation,litos
elevation,livilla
elevation,lla
elevation,lladas
elevation,llar
elevation,llas
elevation,lle
elevation,llera
elevation,llitos
elevation,llo
elevation,llos
elevation,lmenara
elevation,lmenaras
elevation,los
elevation,lta
elevation,lusas
elevation,lvo
elevation,lón
elevation,manitas
elevation,marnia
elevation,menara
elevation,menaras
elevation,mille
elevation,modoto
elevation,monedo
elevation,morro
elevation,mpana
elevation,nara
elevation,naras
elevation,narona
elevation,nas
elevation,nazo
elevation,nca
elevation,nches
elevation,nchoya
elevation,nco
elevation,nda
elevation,ndaras
elevation,ndera
elevation,nedo
elevation,nela
elevation,nerife
elevation,net
elevation,neta
elevation,nga
elevation,ngarro
elevation,nia
elevation,niela
elevation,nijogre
elevation,nilla
elevation,nillos
elevation,ninches
elevation,nipro
elevation,nitas
elevation,njeros
elevation,nobre
elevation,nocal
elevation,noso
elevation,ntada
elevation,ntopétar
elevation,obre
elevation,ocal
elevation,ocos
elevation,odoto
elevation,ofero
elevation,ogre
elevation,ogulla
elevation,ogá
elevation,ojona
elevation,olatilla
elevation,olino
elevation,ollar
elevation,ollera
elevation,omodoto
elevation,ona
elevation,onda
elevation,onedo
elevation,opétar
elevation,oralejo
elevation,orda
elevation,ordo
elevation,orenilla
elevation,oriscada
elevation,ornillos
elevation,orno
elevation,ornocal
elevation,oro
elevation,orona
elevation,orra
elevation,orreos
elevation,orrilla
elevation,orro
elevation,orrón
elevation,ortaleza
elevation,oso
elevation,ota
elevation,otero
elevation,otiella
elevation,oto
elevation,oya
elevation,pana
elevation,pinazo
elevation,pro
elevation,pétar
elevation,quejo
elevation,rabitas
elevation,rajón
elevation,ralejo
elevation,ranela
elevation,ranjeros
elevation,ras
elevation,rasca
elevation,raña
elevation,rda
elevation,rdido
elevation,rdo
elevation,rega
elevation,reiro
elevation,reito
elevation,relladas
elevation,renilla
elevation,reos
elevation,rera
elevation,rga
elevation,rieta
elevation,rife
elevation,ril
elevation,rilla
elevation,rina
elevation,rio
elevation,riscada
elevation,riscado
elevation,ristá
elevation,rmanitas
elevation,rnas
elevation,rnia
elevation,rnillos
elevation,rninches
elevation,rno
elevation,rnocal
elevation,rofero
elevation,rona
elevation,ros
elevation,roso
elevation,rra
elevation,rrajón
elevation,rrasca
elevation,rreos
elevation,rrera
elevation,rrieta
elevation,rrilla
elevation,rro
elevation,rrofero
elevation,rroso
elevation,rrón
elevation,rtaleza
elevation,rtinela
elevation,rtiniela
elevation,rucheta
elevation,ría
elevation,rón
elevation,saca
elevation,sas
elevation,sca
elevation,scabijal
elevation,scada
elevation,scado
elevation,setillas
elevation,slá
elevation,spinazo
elevation,stelfrio
elevation,stillitos
elevation,stillo
elevation,stivala
elevation,stá
elevation,tada
elevation,talaya
elevation,taleza
elevation,tar
elevation,tas
elevation,telfrio
elevation,tero
elevation,tiella
elevation,tilla
elevation,tillas
elevation,tillitos
elevation,tillo
elevation,tinela
elevation,tiniela
elevation,tivala
elevation,topétar
elevation,tos
elevation,turía
elevation,uacada
elevation,uar
elevation,ubia
elevation,uche
elevation,ucher
elevation,ucheta
elevation,ucho
elevation,uciero
elevation,uejo
elevation,ueyo
elevation,ugarrieta
elevation,ugo
elevation,uja
elevation,ules
elevation,ulla
elevation,uriscado
elevation,uría
elevation,usas
elevation,vada
elevation,vala
elevation,valón
elevation,ventada
elevation,villa
elevation,yor
elevation,ándaras
elevation,ébana
elevation,étar
elevation,óbrega
island,Alcanada
island,Ansión
island,Atalayero
island,Aucanada
island,Blanca
island,Bledas
island,Cabot
island,Canosa
island,Chouzano
island,Ciervo
island,Ebusus
island,Erbosa
island,Gaveira
island,Grosa
island,Guidoiro
island,Horadada
island,Hormigas
island,Hormigón
island,Ileo
island,Imperial
island,Lanzarote
island,Latorre
island,Malaspina
island,Minorca
island,Negra
island,Novo
island,Oncela
island,Salbora
island,Tambo
island,abot
island,ada
island,adada
island,alaspina
island,alayero
island,albora
island,allones
island,ambo
island,anada
island,anca
island,ano
island,anosa
island,anzarote
island,arallones
island,arote
island,aspina
island,atorre
island,aveira
island,ayero
island,bora
island,bosa
island,bot
island,busus
island,canada
island,cela
island,dada
island,das
island,doiro
island,edas
island,egra
island,eira
island,ela
island,entera
island,era
island,erial
island,ero
island,ervo
island,gas
island,gra
island,gón
island,houzano
island,ial
island,idoiro
island,iervo
island,igas
island,igón
island,ina
island,inorca
island,ira
island,iro
island,ión
island,lanca
island,laspina
island,layero
island,lbora
island,lcanada
island,ledas
island,leo
island,llones
island,lones
island,mbo
island,mentera
island,migas
island,migón
island,mperial
island,nada
island,nca
island,ncela
island,nes
island,norca
island,nosa
island,nsión
island,ntera
island,nzarote
island,oiro
island,ones
island,ora
island,oradada
island,orca
island,ormentera
island,ormigas
island,ormigón
island,orre
island,osa
island,ote
island,ouzano
island,ovo
island,perial
island,pina
island,radada
island,rallones
island,rbosa
island,rca
island,rial
island,rmentera
island,rmigas
island,rmigón
island,rosa
island,rote
island,rre
island,rvo
island,sión
island,spina
island,sus
island,talayero
island,tera
island,torre
island,ucanada
island,uidoiro
island,usus
island,uzano
island,veira
island,yero
island,zano
island,zarote
populated place,-Alta
populated place,-Astráin
populated place,-Carrales
populated place,-Guil
populated place,-Muño
populated place,-Oveja
populated place,-Pintano
populated place,-Pérez
populated place,-Ríopico
populated place,-Sopeña
populated place,-Vela
populated place,Abantro
populated place,Abiego
populated place,Ablana
populated place,Abona
populated place,Acebuche
populated place,Acereda
populated place,Aces
populated place,Acibeiros
populated place,Adrián
populated place,Aguafría
populated place,Alagüeces
populated place,Albiasu
populated place,Albujón
populated place,Alcalá
populated place,Alcañiz
populated place,Alcocero
populated place,Alcoraya
populated place,Alfera
populated place,Algarrobo
populated place,Alloz
populated place,Almafrá
populated place,Almagros
populated place,Almora
populated place,Alsasua
populated place,Alta
populated place,Alto
populated place,Alvaré
populated place,Alzórriz
populated place,Ambiedes
populated place,Amunartia
populated place,Anceo
populated place,Anciles
populated place,Andinas
populated place,Andraitx
populated place,Andrés
populated place,Aneto
populated place,Aparecida
populated place,Arana
populated place,Aras
populated place,Arbás
populated place,Ardaiz
populated place,Ardines
populated place,Armunia
populated place,Arquide
populated place,Arroyos
populated place,Artariáin
populated place,Arteaga
populated place,Asfarrapa
populated place,Aspiroz
populated place,Astariz
populated place,Astráin
populated place,Ateca
populated place,Aulaga
populated place,Azagala
populated place,Azanúy
populated place,Añobres
populated place,Ballestar
populated place,Banquitos
populated place,Barco
populated place,Bardaos
populated place,Barués
populated place,Batán
populated place,Bealo
populated place,Beatos
populated place,Becerral
populated place,Beiciella
populated place,Beire
populated place,Beiro
populated place,Bellestar
populated place,Benadalid
populated place,Bentretea
populated place,Benítez
populated place,Beramendi
populated place,Berfull
populated place,Bergazo
populated place,Bergua
populated place,Berrón
populated place,Bibres
populated place,Binué
populated place,Binéfar
populated place,Blanch
populated place,Bliecos
populated place,Bodes
populated place,Bohiles
populated place,Boizán
populated place,Bolea
populated place,Boltaña
populated place,Bonansa
populated place,Boquilla
populated place,Borela
populated place,Boterías
populated place,Bouciñas
populated place,Bovetes
populated place,Brabío
populated place,Bragad
populated place,Brandeso
populated place,Brazomar
populated place,Broto
populated place,Budiño
populated place,Bueño
populated place,Bulbuente
populated place,Busto
populated place,Bárbara
populated place,Caaveiro
populated place,Caballos
populated place,Cabana
populated place,Cabanella
populated place,Cabeiras
populated place,Cabrito
populated place,Cadolla
populated place,Caldelas
populated place,Caldueñín
populated place,Calomarde
populated place,Calpe
populated place,Calvos
populated place,Camelle
populated place,Campara
populated place,Campazas
populated place,Canabal
populated place,Candín
populated place,Cantalejo
populated place,Capitán
populated place,Carandía
populated place,Carche
populated place,Caregüela
populated place,Carral
populated place,Carrales
populated place,Carrió
populated place,Cartagena
populated place,Carzarón
populated place,Caserito
populated place,Casinos
populated place,Casomera
populated place,Cañamaque
populated place,Cañas
populated place,Cañedino
populated place,Cembaráin
populated place,Cereijido
populated place,Cerradura
populated place,Cerulleda
populated place,Ceuta
populated place,Chacón
populated place,Chamartín
populated place,Chirán
populated place,Chortales
populated place,Chumillas
populated place,Ciaño
populated place,Cierva
populated place,Cifuentes
populated place,Ciga
populated place,Cigüedres
populated place,Cilveti
populated place,Coirós
populated place,Colilla
populated place,Comares
populated place,Condomina
populated place,Corcubión
populated place,Cordovero
populated place,Cordovín
populated place,Corella
populated place,Coreses
populated place,Cornejo
populated place,Corrubedo
populated place,Cortes
populated place,Corujera
populated place,Corverica
populated place,Costera
populated place,Cotes
populated place,Couboeira
populated place,Crecente
populated place,Daimil
populated place,Deade
populated place,Degollada
populated place,Donhierro
populated place,Echarren
populated place,Egozcue
populated place,Eiras
populated place,Ejulve
populated place,Encina
populated place,Encinar
populated place,Enillas
populated place,Enriques
populated place,Erla
populated place,Escuderos
populated place,Escúzar
populated place,Espanyol
populated place,Esperanza
populated place,Espiñeira
populated place,Estación
populated place,Estépar
populated place,Fabara
populated place,Fañanás
populated place,Feleches
populated place,Ferrería
populated place,Feás
populated place,Figueira
populated place,Flamenca
populated place,Flechilla
populated place,Fonz
populated place,Fornos
populated place,Fortunada
populated place,Franco
populated place,Francos
populated place,Freigido
populated place,Freijeiro
populated place,Fría
populated place,Gacia
populated place,Ganzo
populated place,Garfín
populated place,Gañarul
populated place,Geria
populated place,Gilgarcía
populated place,Gobezanes
populated place,Goiriz
populated place,Gomeán
populated place,Gondariño
populated place,Guadalest
populated place,Gudillos
populated place,Guiende
populated place,Guil
populated place,Guillén
populated place,Gumeiro
populated place,Gédrez
populated place,Halillas
populated place,Harinosa
populated place,Herbón
populated place,Herradura
populated place,Hio
populated place,Horcajo
populated place,Huelamos
populated place,Huerga
populated place,Huetre
populated place,Humienta
populated place,Huévar
populated place,Igoa
populated place,Iniesta
populated place,Irujo
populated place,Jadraque
populated place,Jarafe
populated place,Jatiel
populated place,Jaulas
populated place,Jerez
populated place,Jiesta
populated place,Jurantes
populated place,Labra
populated place,Lajes
populated place,Lajosa
populated place,Lamiña
populated place,Lantueno
populated place,Leganés
populated place,Leiriella
populated place,Linares
populated place,Llanero
populated place,Llorente
populated place,Llosa
populated place,Lobos
populated place,Lobras
populated place,Lodeña
populated place,Loeches
populated place,Loira
populated place,Lorigados
populated place,Los
populated place,Lougares
populated place,Lugilde
populated place,Luises
populated place,Lupiana
populated place,Luriezo
populated place,Macendo
populated place,Mahide
populated place,Majal
populated place,Maleján
populated place,Mallo
populated place,Mallén
populated place,Mallón
populated place,Mancha
populated place,Mancheño
populated place,Mansilla
populated place,Manzalvos
populated place,Marauri
populated place,Marbella
populated place,Marcelo
populated place,Marlantes
populated place,Marne
populated place,Marratxi
populated place,Martos
populated place,Masca
populated place,Matanzas
populated place,Matienzo
populated place,Mazueco
populated place,Medeiros
populated place,Medida
populated place,Melegís
populated place,Melejís
populated place,Menudero
populated place,Mera
populated place,Meroy
populated place,Meréns
populated place,Miaño
populated place,Milagros
populated place,Miraz
populated place,Mizala
populated place,Mogino
populated place,Mojados
populated place,Molíns
populated place,Mon
populated place,Monferro
populated place,Monjía
populated place,Montaves
populated place,Montañeta
populated place,Monte
populated place,Montán
populated place,Moralita
populated place,Moras
populated place,Moro
populated place,Moñibas
populated place,Muera
populated place,Mugares
populated place,Muneta
populated place,Muras
populated place,Murieta
populated place,Muro
populated place,Muñana
populated place,Muño
populated place,Músquiz
populated place,Nande
populated place,Naos
populated place,Navafría
populated place,Navamuel
populated place,Negredo
populated place,Nerja
populated place,Nigrán
populated place,Noval
populated place,Novales
populated place,Novés
populated place,Odres
populated place,Oiras
populated place,Ollería
populated place,Ongoz
populated place,Ontur
populated place,Orga
populated place,Orito
populated place,Ororbia
populated place,Otero
populated place,Oveja
populated place,Ovejera
populated place,Ovejo
populated place,Oviñana
populated place,Padrones
populated place,Paleo
populated place,Pamis
populated place,Pandela
populated place,Pandelo
populated place,Paniceros
populated place,Panizales
populated place,Paones
populated place,Parte
populated place,Parzán
populated place,Paso
populated place,Pastores
populated place,Paterna
populated place,Patró
populated place,Paulenca
populated place,Pavierna
populated place,Pedro
populated place,Pelayos
populated place,Peraleia
populated place,Pescador
populated place,Piadela
populated place,Picota
populated place,Pinos
populated place,Pintano
populated place,Pinzás
populated place,Planadera
populated place,Poladura
populated place,Poleñino
populated place,Polide
populated place,Porcía
populated place,Portera
populated place,Portilla
populated place,Portman
populated place,Porzuna
populated place,Potríes
populated place,Poyo
populated place,Pozos
populated place,Pozuelo
populated place,Prados
populated place,Pravia
populated place,Presillas
populated place,Prógalo
populated place,Puente
populated place,Pumerín
populated place,Puntal
populated place,Purche
populated place,Puértolas
populated place,Pérez
populated place,Quebradas
populated place,Quenje
populated place,Quesa
populated place,Quijas
populated place,Rad
populated place,Ramera
populated place,Rancho
populated place,Rasillo
populated place,Recelle
populated place,Recesende
populated place,Recuenca
populated place,Redin
populated place,Refojo
populated place,Regadío
populated place,Rendar
populated place,Resbala
populated place,Revista
populated place,Riatas
populated place,Ribasar
populated place,Riquer
populated place,Romeras
populated place,Romeán
populated place,Romilla
populated place,Rotes
populated place,Rubín
populated place,Rumille
populated place,Rábanos
populated place,Rábita
populated place,Ríopico
populated place,Sabiote
populated place,Sabugo
populated place,Salem
populated place,Salvador
populated place,San
populated place,Sancho
populated place,Santa
populated place,Santorcaz
populated place,Santoseso
populated place,Sardas
populated place,Sasamón
populated place,Sauzal
populated place,Sayar
populated place,Saytón
populated place,Sebta
populated place,Segoviela
populated place,Seguín
populated place,Sellent
populated place,Selviella
populated place,Sendín
populated place,Sepúlveda
populated place,Sequeiros
populated place,Ser
populated place,Serpiedo
populated place,Serrada
populated place,Serveto
populated place,Serán
populated place,Seráns
populated place,Setenil
populated place,Sieste
populated place,Siguero
populated place,Sobredo
populated place,Solera
populated place,Soloveira
populated place,Sopenilla
populated place,Sopeña
populated place,Sorauren
populated place,Sotrobal
populated place,Sumio
populated place,Tarruza
populated place,Teira
populated place,Tenzuela
populated place,Tercia
populated place,Terre
populated place,Teseguite
populated place,Tinadas
populated place,Tobía
populated place,Tola
populated place,Tonosas
populated place,Torrijos
populated place,Totanés
populated place,Trabadelo
populated place,Trabazo
populated place,Tragacete
populated place,Trasmonte
populated place,Travesera
populated place,Trelles
populated place,Trias
populated place,Turégano
populated place,Ujados
populated place,Ultrera
populated place,Ulzurrun
populated place,Untes
populated place,Urdánoz
populated place,Vada
populated place,Valderrey
populated place,Valdorria
populated place,Valencina
populated place,Vallinas
populated place,Valonga
populated place,Valsurbio
populated place,Vela
populated place,Vellón
populated place,Ventín
populated place,Vicencio
populated place,Vildé
populated place,Villa
populated place,Villaoruz
populated place,Villasuso
populated place,Villatoya
populated place,Villegas
populated place,Viloalle
populated place,Viso
populated place,Vitero
populated place,Viña
populated place,Viñales
populated place,Zabalceta
populated place,Zacos
populated place,Zafra
populated place,Zahora
populated place,Zalba
populated place,Zayuelas
populated place,a-Oveja
populated place,a-Ríopico
populated place,a-Sopeña
populated place,aaveiro
populated place,abadelo
populated place,abal
populated place,abalceta
populated place,aballos
populated place,abana
populated place,abanella
populated place,abara
populated place,abazo
populated place,abeiras
populated place,abella
populated place,abellos
populated place,abiote
populated place,abra
populated place,abrito
populated place,abuela
populated place,abugo
populated place,abureba
populated place,abío
populated place,acabellos
populated place,acadima
populated place,acarralón
populated place,acedelo
populated place,aceite
populated place,acendo
populated place,acete
populated place,acha
populated place,acharnudo
populated place,achuelas
populated place,acia
populated place,ación
populated place,acorza
populated place,acos
populated place,acón
populated place,ada
populated place,adalest
populated place,adalid
populated place,adas
populated place,adañedo
populated place,ade
populated place,adela
populated place,adelo
populated place,adenilla
populated place,adepiñol
populated place,adepán
populated place,adera
populated place,adesuso
populated place,adillas
populated place,adima
populated place,adolla
populated place,adolongo
populated place,ador
populated place,adornín
populated place,ados
populated place,adraque
populated place,adrones
populated place,adura
populated place,adío
populated place,afe
populated place,afra
populated place,afrá
populated place,afría
populated place,afuente
populated place,aga
populated place,agacete
populated place,agad
populated place,agal
populated place,agala
populated place,agena
populated place,ageve
populated place,agrille
populated place,agros
populated place,agüeces
populated place,ahide
populated place,ahora
populated place,aimil
populated place,aitx
populated place,aiz
populated place,ajal
populated place,ajes
populated place,ajico
populated place,ajo
populated place,ajosa
populated place,ala
populated place,alafuente
populated place,alba
populated place,albárruli
populated place,alceta
populated place,aldeganga
populated place,aldelas
populated place,aldelcubo
populated place,aldemarín
populated place,aldenebro
populated place,alderrey
populated place,aldorria
populated place,aldueñín
populated place,aleia
populated place,alejo
populated place,aleján
populated place,alem
populated place,alencina
populated place,alentisco
populated place,aleo
populated place,ales
populated place,alest
populated place,alid
populated place,alillas
populated place,alimpia
populated place,alinilla
populated place,alita
populated place,allas
populated place,alle
populated place,allehondo
populated place,allejuelo
populated place,allestar
populated place,allinas
populated place,allo
populated place,allonga
populated place,allos
populated place,allén
populated place,allón
populated place,almartino
populated place,alo
populated place,aloma
populated place,alomarde
populated place,alonga
populated place,alpe
populated place,alperal
populated place,alsurbio
populated place,aluz
populated place,alvador
populated place,alvos
populated place,alá
populated place,alón
populated place,amaluz
populated place,amanta
populated place,amantilla
populated place,amaque
populated place,amartín
populated place,amelendro
populated place,amelle
populated place,amenca
populated place,amendi
populated place,amera
populated place,amiento
populated place,amis
populated place,amiña
populated place,amorón
populated place,amos
populated place,ampara
populated place,ampazas
populated place,amuel
populated place,amón
populated place,ana
populated place,anabal
populated place,anabureba
populated place,anadera
populated place,analoma
populated place,anares
populated place,anch
populated place,ancha
populated place,ancheño
populated place,ancho
populated place,anco
populated place,ancos
populated place,ande
populated place,andela
populated place,andelo
populated place,andeso
populated place,andía
populated place,andín
populated place,anella
populated place,anero
populated place,anes
populated place,anga
populated place,angocillo
populated place,angómez
populated place,aniceros
populated place,anizales
populated place,ano
populated place,anos
populated place,anquelos
populated place,anques
populated place,anquitos
populated place,ansa
populated place,ansilla
populated place,anta
populated place,antalejo
populated place,antes
populated place,antilla
populated place,antorcaz
populated place,antoseso
populated place,antro
populated place,antueno
populated place,anyol
populated place,anza
populated place,anzalvos
populated place,anzas
populated place,anzo
populated place,anás
populated place,anés
populated place,anúy
populated place,aobispo
populated place,aones
populated place,aoruz
populated place,aos
populated place,apa
populated place,apacha
populated place,apedre
populated place,apitán
populated place,aque
populated place,ara
populated place,araceite
populated place,arafe
populated place,arandía
populated place,arauri
populated place,arbella
populated place,arcelo
populated place,arche
populated place,arcinarro
populated place,arco
populated place,arcía
populated place,ardaos
populated place,ardas
populated place,arde
populated place,ardo
populated place,arecida
populated place,aredo
populated place,aregüela
populated place,ares
populated place,arfín
populated place,ariegos
populated place,arinosa
populated place,arique
populated place,ariz
populated place,arizas
populated place,ariáin
populated place,ariño
populated place,arlantes
populated place,arnatilla
populated place,arne
populated place,arnudo
populated place,arragal
populated place,arral
populated place,arrales
populated place,arralón
populated place,arrapa
populated place,arrapacha
populated place,arraso
populated place,arratxi
populated place,arredonda
populated place,arren
populated place,arreta
populated place,arrios
populated place,arrió
populated place,arro
populated place,arrobo
populated place,arruza
populated place,artagena
populated place,arte
populated place,artia
populated place,artino
populated place,artos
populated place,artín
populated place,arul
populated place,arués
populated place,arzarón
populated place,arzán
populated place,aráin
populated place,aré
populated place,arín
populated place,arón
populated place,asamón
populated place,asar
populated place,asca
populated place,asco
populated place,asconte
populated place,asdardo
populated place,aserito
populated place,asexmir
populated place,asierra
populated place,asillo
populated place,asinos
populated place,asinta
populated place,asluengas
populated place,asmonte
populated place,aso
populated place,asomera
populated place,aster
populated place,astillo
populated place,astores
populated place,astresana
populated place,asu
populated place,asua
populated place,asuso
populated place,atanzas
populated place,atas
populated place,aterna
populated place,atiel
populated place,atienzo
populated place,atilla
populated place,atos
populated place,atoya
populated place,atró
populated place,atxi
populated place,atán
populated place,aulas
populated place,aulenca
populated place,auren
populated place,auri
populated place,auzal
populated place,avada
populated place,avafría
populated place,avalperal
populated place,avamuel
populated place,avedija
populated place,avedón
populated place,aveiro
populated place,avelayo
populated place,aves
populated place,avesera
populated place,avia
populated place,avierna
populated place,aya
populated place,ayar
populated place,ayo
populated place,ayos
populated place,aytón
populated place,ayuelas
populated place,azas
populated place,azo
populated place,azomar
populated place,azueco
populated place,aña
populated place,añamaque
populated place,añanás
populated place,añarul
populated place,añas
populated place,añavedija
populated place,añedino
populated place,añedo
populated place,añeta
populated place,añiz
populated place,año
populated place,badelo
populated place,bal
populated place,bala
populated place,balceta
populated place,balimpia
populated place,balinilla
populated place,ballos
populated place,bana
populated place,banella
populated place,banos
populated place,bantro
populated place,bara
populated place,barrios
populated place,baráin
populated place,bas
populated place,basar
populated place,bazo
populated place,bedo
populated place,beiras
populated place,beiros
populated place,bella
populated place,bellos
populated place,berguería
populated place,bezanes
populated place,bia
populated place,biasu
populated place,biedes
populated place,biego
populated place,bio
populated place,biote
populated place,bispo
populated place,bita
populated place,bión
populated place,blana
populated place,blanques
populated place,blasco
populated place,blonuevo
populated place,boeira
populated place,bolleque
populated place,bona
populated place,borajico
populated place,bos
populated place,bra
populated place,bradas
populated place,bras
populated place,bre
populated place,bredo
populated place,bregordo
populated place,breros
populated place,bres
populated place,brito
populated place,bro
populated place,bta
populated place,buche
populated place,buela
populated place,buelos
populated place,buente
populated place,bugo
populated place,bujón
populated place,bureba
populated place,bárruli
populated place,bás
populated place,bía
populated place,bín
populated place,bío
populated place,bón
populated place,cabellos
populated place,cadima
populated place,cador
populated place,cajo
populated place,calá
populated place,carizas
populated place,carralón
populated place,castillo
populated place,cavada
populated place,caz
populated place,cañiz
populated place,cebreros
populated place,cebuche
populated place,cedelo
populated place,ceite
populated place,celle
populated place,celo
populated place,celos
populated place,cencio
populated place,cendo
populated place,cente
populated place,ceo
populated place,cereda
populated place,cero
populated place,ceros
populated place,cerral
populated place,ces
populated place,cesende
populated place,ceta
populated place,cete
populated place,cha
populated place,charnudo
populated place,charren
populated place,che
populated place,chera
populated place,ches
populated place,cheño
populated place,chilla
populated place,cho
populated place,chuelas
populated place,cia
populated place,cibeiros
populated place,cida
populated place,ciella
populated place,ciles
populated place,cilla
populated place,cillo
populated place,cina
populated place,cinar
populated place,cinarro
populated place,cinillas
populated place,cio
populated place,ciñas
populated place,ción
populated place,cocero
populated place,conte
populated place,coraya
populated place,corza
populated place,cos
populated place,cota
populated place,cubión
populated place,cubo
populated place,cuderos
populated place,cue
populated place,cuenca
populated place,cuéllamos
populated place,cía
populated place,cón
populated place,cúzar
populated place,daiz
populated place,dalest
populated place,dalid
populated place,damiento
populated place,daos
populated place,dar
populated place,dardo
populated place,dariño
populated place,das
populated place,dañedo
populated place,dearraso
populated place,deganga
populated place,deiros
populated place,del
populated place,dela
populated place,delageve
populated place,delas
populated place,delcubo
populated place,delo
populated place,demarín
populated place,denebro
populated place,denes
populated place,denilla
populated place,depiñol
populated place,depán
populated place,dera
populated place,dero
populated place,deros
populated place,derrey
populated place,des
populated place,desimonte
populated place,deso
populated place,desuso
populated place,deta
populated place,detodos
populated place,deña
populated place,dida
populated place,dija
populated place,dilichera
populated place,dillas
populated place,dillos
populated place,dima
populated place,din
populated place,dinas
populated place,dines
populated place,dino
populated place,diño
populated place,dolla
populated place,dolongo
populated place,domina
populated place,dompardo
populated place,donda
populated place,dor
populated place,dornín
populated place,dorria
populated place,dos
populated place,dovero
populated place,dovín
populated place,draitx
populated place,draque
populated place,dre
populated place,dres
populated place,drez
populated place,drián
populated place,dro
populated place,drones
populated place,drosillo
populated place,drés
populated place,dueñín
populated place,dura
populated place,dánoz
populated place,día
populated place,dín
populated place,dío
populated place,dón
populated place,e-Alta
populated place,e-Guil
populated place,e-Muño
populated place,eade
populated place,eaga
populated place,ealo
populated place,earraso
populated place,eatos
populated place,eba
populated place,eblonuevo
populated place,ebradas
populated place,ebreros
populated place,ebro
populated place,ebta
populated place,ebuche
populated place,eca
populated place,ecastillo
populated place,ecavada
populated place,ecelle
populated place,ecelos
populated place,ecente
populated place,ecerral
populated place,eces
populated place,ecesende
populated place,eches
populated place,echilla
populated place,ecida
populated place,ecilla
populated place,eco
populated place,ecos
populated place,ecuenca
populated place,eda
populated place,edamiento
populated place,edeiros
populated place,edelo
populated place,edes
populated place,edida
populated place,edija
populated place,edin
populated place,edino
populated place,edo
populated place,edonda
populated place,edre
populated place,edres
populated place,edro
populated place,edrosillo
populated place,edón
populated place,efojo
populated place,egadío
populated place,eganga
populated place,eganés
populated place,egares
populated place,egas
populated place,ego
populated place,egollada
populated place,egordo
populated place,egos
populated place,egoviela
populated place,egredo
populated place,egrillos
populated place,eguite
populated place,eguín
populated place,egís
populated place,egüela
populated place,ehermosa
populated place,ehondo
populated place,eia
populated place,eiciella
populated place,eigido
populated place,eijeiro
populated place,eijido
populated place,eira
populated place,eiras
populated place,eire
populated place,eiriella
populated place,eiro
populated place,eiros
populated place,eiróus
populated place,eite
populated place,eja
populated place,ejera
populated place,ejo
populated place,ejuelo
populated place,eján
populated place,ejís
populated place,ela
populated place,elageve
populated place,elamos
populated place,elas
populated place,elayo
populated place,elayos
populated place,elcubo
populated place,eleches
populated place,elegís
populated place,elejís
populated place,elendro
populated place,elillas
populated place,ella
populated place,elle
populated place,ellent
populated place,elles
populated place,ellestar
populated place,ellos
populated place,ellón
populated place,elo
populated place,elos
populated place,elviella
populated place,emarín
populated place,embaráin
populated place,ena
populated place,enadalid
populated place,enca
populated place,encina
populated place,encio
populated place,endar
populated place,ende
populated place,endetodos
populated place,endi
populated place,endo
populated place,endro
populated place,endín
populated place,enebro
populated place,enedo
populated place,enes
populated place,engas
populated place,eniguada
populated place,enil
populated place,enilla
populated place,enitorafe
populated place,enje
populated place,eno
populated place,ent
populated place,enta
populated place,entarique
populated place,ente
populated place,entes
populated place,entisco
populated place,ento
populated place,entretea
populated place,entín
populated place,enudero
populated place,enzo
populated place,enzuela
populated place,enítez
populated place,epiñol
populated place,eporicelo
populated place,epán
populated place,epúlveda
populated place,eque
populated place,equeiros
populated place,era
populated place,era-Oveja
populated place,eral
populated place,eraleia
populated place,erales
populated place,eramendi
populated place,eranza
populated place,eras
populated place,erbón
populated place,ercia
populated place,ereda
populated place,ereijido
populated place,erez
populated place,erfull
populated place,erga
populated place,ergazo
populated place,ergua
populated place,erguería
populated place,eria
populated place,erica
populated place,erito
populated place,erja
populated place,ermosa
populated place,erna
populated place,ernallas
populated place,ero
populated place,eroblasco
populated place,eros
populated place,eroy
populated place,erpiedo
populated place,erra
populated place,errada
populated place,erradura
populated place,erral
populated place,erre
populated place,erre-Muño
populated place,erreiróus
populated place,errería
populated place,errey
populated place,errinches
populated place,erro
populated place,errón
populated place,ertollano
populated place,erulleda
populated place,erva
populated place,erveto
populated place,erán
populated place,eráns
populated place,eréns
populated place,ería
populated place,erías
populated place,erín
populated place,esa
populated place,esabuela
populated place,esana
populated place,esbala
populated place,escador
populated place,eseguite
populated place,esende
populated place,esera
populated place,eses
populated place,esillas
populated place,esimonte
populated place,eso
populated place,esolana
populated place,est
populated place,esta
populated place,estar
populated place,este
populated place,esuso
populated place,eta
populated place,ete
populated place,etea
populated place,etenil
populated place,etes
populated place,eti
populated place,eto
populated place,etodos
populated place,etondeta
populated place,etre
populated place,euta
populated place,eve
populated place,evelillas
populated place,evista
populated place,evo
populated place,exmir
populated place,ezanes
populated place,ezo
populated place,ezuelas
populated place,eán
populated place,eás
populated place,eña
populated place,eñino
populated place,eño
populated place,eñín
populated place,far
populated place,farrapa
populated place,fera
populated place,ferro
populated place,fojo
populated place,fra
populated place,frá
populated place,fría
populated place,fuente
populated place,fuentes
populated place,full
populated place,fín
populated place,gacete
populated place,gad
populated place,gados
populated place,gadío
populated place,gal
populated place,gala
populated place,galo
populated place,ganga
populated place,gano
populated place,ganés
populated place,garcía
populated place,gares
populated place,garrobo
populated place,gas
populated place,gazo
populated place,gena
populated place,geve
populated place,gido
populated place,gilde
populated place,gino
populated place,ginámar
populated place,goa
populated place,gocillo
populated place,gollada
populated place,gordo
populated place,gos
populated place,goviela
populated place,goz
populated place,gozcue
populated place,gredo
populated place,grille
populated place,grillos
populated place,gros
populated place,grán
populated place,gua
populated place,guada
populated place,guafría
populated place,gueira
populated place,guerales
populated place,guero
populated place,guería
populated place,guiarreta
populated place,guite
populated place,guín
populated place,gís
populated place,gómez
populated place,güeces
populated place,güedres
populated place,güela
populated place,hacón
populated place,hamartín
populated place,harnudo
populated place,harren
populated place,hera
populated place,hermosa
populated place,hes
populated place,heño
populated place,hide
populated place,hierro
populated place,hiles
populated place,hilla
populated place,hirán
populated place,hondo
populated place,hora
populated place,hortales
populated place,huelas
populated place,humillas
populated place,iadela
populated place,iana
populated place,iarreta
populated place,ias
populated place,iasu
populated place,iatas
populated place,iaño
populated place,ibas
populated place,ibasar
populated place,ibeiros
populated place,ibres
populated place,ica
populated place,icelo
populated place,icencio
populated place,iceros
populated place,ichera
populated place,iciella
populated place,ico
populated place,icota
populated place,ida
populated place,ide
populated place,ido
populated place,iecos
populated place,iedes
populated place,iedo
populated place,iego
populated place,iegos
populated place,iel
populated place,iela
populated place,iella
populated place,iende
populated place,ienta
populated place,iento
populated place,ienzo
populated place,ierna
populated place,ierra
populated place,ierro
populated place,ierva
populated place,iesta
populated place,ieste
populated place,ieta
populated place,iezo
populated place,ifuentes
populated place,iga
populated place,igados
populated place,igido
populated place,iginámar
populated place,igrán
populated place,iguada
populated place,igueira
populated place,iguerales
populated place,iguero
populated place,igüedres
populated place,ija
populated place,ijas
populated place,ijeiro
populated place,ijido
populated place,ijos
populated place,ilafuente
populated place,ilagros
populated place,ilde
populated place,ildé
populated place,iles
populated place,ilgarcía
populated place,ilichera
populated place,illa
populated place,illacorza
populated place,illadepán
populated place,illamaluz
populated place,illamanta
populated place,illamorón
populated place,illaoruz
populated place,illapedre
populated place,illarraso
populated place,illas
populated place,illasinta
populated place,illasuso
populated place,illatoya
populated place,illavedón
populated place,ille
populated place,illegas
populated place,illo
populated place,illonroy
populated place,illos
populated place,illén
populated place,ilmimbre
populated place,iloalle
populated place,ilveti
populated place,ima
populated place,imbre
populated place,imil
populated place,imonte
populated place,impia
populated place,ina
populated place,inadas
populated place,inadillas
populated place,inar
populated place,inares
populated place,inarro
populated place,inas
populated place,inches
populated place,ines
populated place,inilla
populated place,inillas
populated place,ino
populated place,inos
populated place,inosa
populated place,inta
populated place,intano
populated place,inué
populated place,inzás
populated place,inámar
populated place,inéfar
populated place,ios
populated place,iote
populated place,ique
populated place,iquer
populated place,iques
populated place,ira
populated place,iras
populated place,iraz
populated place,ire
populated place,iriella
populated place,iriz
populated place,iro
populated place,iros
populated place,iroz
populated place,irán
populated place,irós
populated place,iróus
populated place,isco
populated place,ises
populated place,iso
populated place,ispo
populated place,ista
populated place,istabella
populated place,ita
populated place,ite
populated place,itero
populated place,ito
populated place,itorafe
populated place,itos
populated place,itx
populated place,itán
populated place,izala
populated place,izales
populated place,izas
populated place,izán
populated place,iáin
populated place,ián
populated place,iña
populated place,iñales
populated place,iñana
populated place,iñaredo
populated place,iñas
populated place,iñeira
populated place,iñeiras
populated place,iño
populated place,iñol
populated place,ión
populated place,jados
populated place,jal
populated place,jas
populated place,jeiro
populated place,jera
populated place,jes
populated place,jico
populated place,jido
populated place,jos
populated place,josa
populated place,juelo
populated place,julve
populated place,ján
populated place,jía
populated place,jís
populated place,jón
populated place,la-Sopeña
populated place,lacadima
populated place,lacorza
populated place,lada
populated place,ladepán
populated place,ladesuso
populated place,ladura
populated place,lafuente
populated place,laga
populated place,lageve
populated place,lagrille
populated place,lagros
populated place,lagüeces
populated place,lamaluz
populated place,lamanta
populated place,lamenca
populated place,lamorón
populated place,lamos
populated place,lana
populated place,lanadera
populated place,lanch
populated place,lanero
populated place,langómez
populated place,lano
populated place,lanques
populated place,lantes
populated place,laobispo
populated place,laoruz
populated place,lapedre
populated place,larraso
populated place,las
populated place,lasco
populated place,lasdardo
populated place,lasexmir
populated place,lasierra
populated place,lasinta
populated place,lasuso
populated place,latoya
populated place,lavedón
populated place,lavelayo
populated place,layo
populated place,layos
populated place,lba
populated place,lbiasu
populated place,lblanques
populated place,lbolleque
populated place,lborajico
populated place,lbuente
populated place,lbujón
populated place,lbárruli
populated place,lcalá
populated place,lcañiz
populated place,lceta
populated place,lcocero
populated place,lcoraya
populated place,lcubo
populated place,lde
populated place,ldearraso
populated place,ldeganga
populated place,ldelageve
populated place,ldelas
populated place,ldelcubo
populated place,ldemarín
populated place,ldenebro
populated place,lderrey
populated place,ldorria
populated place,ldueñín
populated place,ldé
populated place,lea
populated place,leches
populated place,lechilla
populated place,leda
populated place,legares
populated place,legas
populated place,legís
populated place,lehondo
populated place,leia
populated place,lejo
populated place,lejuelo
populated place,leján
populated place,lejís
populated place,lem
populated place,lenca
populated place,lencina
populated place,lendro
populated place,lent
populated place,lentisco
populated place,leo
populated place,leque
populated place,lera
populated place,lería
populated place,les
populated place,lest
populated place,lestar
populated place,leñino
populated place,lfera
populated place,lgarcía
populated place,lgarrobo
populated place,lichera
populated place,lid
populated place,lide
populated place,liecos
populated place,lilla
populated place,lillas
populated place,limpia
populated place,linas
populated place,linilla
populated place,linos
populated place,lita
populated place,lla
populated place,llacadima
populated place,llacorza
populated place,llada
populated place,lladepán
populated place,lladesuso
populated place,llagrille
populated place,llamaluz
populated place,llamanta
populated place,llamorón
populated place,llamos
populated place,llangómez
populated place,llano
populated place,llaobispo
populated place,llaoruz
populated place,llapedre
populated place,llarraso
populated place,llas
populated place,llasdardo
populated place,llasexmir
populated place,llasinta
populated place,llasuso
populated place,llatoya
populated place,llavedón
populated place,llavelayo
populated place,lle
populated place,lleda
populated place,llegas
populated place,llehondo
populated place,llejuelo
populated place,llent
populated place,lleque
populated place,llería
populated place,lles
populated place,llestar
populated place,llinas
populated place,llo
populated place,llonga
populated place,llonroy
populated place,llos
populated place,lloz
populated place,llén
populated place,llón
populated place,lmafrá
populated place,lmagros
populated place,lmartino
populated place,lmimbre
populated place,lmonaster
populated place,lmora
populated place,loalle
populated place,loma
populated place,lomarde
populated place,longa
populated place,longo
populated place,lonroy
populated place,lonuevo
populated place,lorente
populated place,los
populated place,losa
populated place,loveira
populated place,loz
populated place,lpe
populated place,lperal
populated place,lsadornín
populated place,lsasua
populated place,lsurbio
populated place,lta
populated place,ltaña
populated place,lto
populated place,ltrera
populated place,luengas
populated place,luz
populated place,lvador
populated place,lvaré
populated place,lve
populated place,lveda
populated place,lveti
populated place,lviella
populated place,lvos
populated place,lzurrun
populated place,lzórriz
populated place,lén
populated place,líns
populated place,lón
populated place,mafrá
populated place,magros
populated place,maluz
populated place,man
populated place,manta
populated place,mantilla
populated place,maque
populated place,mar
populated place,maraceite
populated place,marde
populated place,mares
populated place,martino
populated place,martín
populated place,marín
populated place,mbaráin
populated place,mbiedes
populated place,mbre
populated place,meiro
populated place,melendro
populated place,melle
populated place,menca
populated place,mendi
populated place,mera
populated place,meras
populated place,merín
populated place,mez
populated place,meán
populated place,mienta
populated place,miento
populated place,mil
populated place,milla
populated place,millas
populated place,mille
populated place,mimbre
populated place,mina
populated place,mio
populated place,mir
populated place,mis
populated place,miña
populated place,molinos
populated place,monaster
populated place,monte
populated place,mora
populated place,morille
populated place,morón
populated place,mos
populated place,mosa
populated place,mpara
populated place,mpardo
populated place,mpazas
populated place,mpia
populated place,mporcillo
populated place,muel
populated place,munartia
populated place,munia
populated place,món
populated place,n-Pérez
populated place,nabal
populated place,nabureba
populated place,nada
populated place,nadalid
populated place,nadas
populated place,nadera
populated place,nadillas
populated place,nallas
populated place,naloma
populated place,nansa
populated place,nar
populated place,nares
populated place,narro
populated place,nartia
populated place,nas
populated place,naster
populated place,natilla
populated place,nca
populated place,ncebreros
populated place,nceo
populated place,nch
populated place,ncha
populated place,nches
populated place,ncheño
populated place,ncho
populated place,nciles
populated place,ncillo
populated place,ncina
populated place,ncinar
populated place,ncinillas
populated place,ncio
populated place,nco
populated place,ncos
populated place,nda
populated place,ndar
populated place,ndariño
populated place,nde
populated place,ndela
populated place,ndelo
populated place,ndeso
populated place,ndeta
populated place,ndetodos
populated place,ndi
populated place,ndinas
populated place,ndo
populated place,ndomina
populated place,ndraitx
populated place,ndro
populated place,ndrés
populated place,ndía
populated place,ndín
populated place,nebro
populated place,nedo
populated place,negrillos
populated place,nejo
populated place,nella
populated place,nero
populated place,nes
populated place,neta
populated place,neto
populated place,nferro
populated place,nga
populated place,ngas
populated place,ngo
populated place,ngocillo
populated place,ngoz
populated place,ngómez
populated place,nhierro
populated place,nia
populated place,niceros
populated place,niesta
populated place,niginámar
populated place,niguada
populated place,nil
populated place,nilla
populated place,nillas
populated place,nitorafe
populated place,nizales
populated place,nje
populated place,njía
populated place,noncillo
populated place,nos
populated place,nosa
populated place,nosas
populated place,noz
populated place,nquelos
populated place,nques
populated place,nquitos
populated place,nriques
populated place,nroy
populated place,nsa
populated place,nsilla
populated place,nta
populated place,ntal
populated place,ntalejo
populated place,ntanaloma
populated place,ntanares
populated place,ntano
populated place,ntarique
populated place,ntaves
populated place,ntañeta
populated place,nte
populated place,ntecavada
populated place,ntecelos
populated place,ntes
populated place,ntezuelas
populated place,ntilla
populated place,ntisco
populated place,nto
populated place,ntorcaz
populated place,ntoseso
populated place,ntretea
populated place,ntro
populated place,ntueno
populated place,ntur
populated place,ntán
populated place,ntín
populated place,nudero
populated place,nudo
populated place,nuevo
populated place,nué
populated place,nyol
populated place,nza
populated place,nzalvos
populated place,nzas
populated place,nzo
populated place,nzuela
populated place,nzás
populated place,námar
populated place,nán-Pérez
populated place,nás
populated place,néfar
populated place,nés
populated place,nín
populated place,nítez
populated place,núy
populated place,o-Vela
populated place,oalle
populated place,obal
populated place,obezanes
populated place,obispo
populated place,oblasco
populated place,obo
populated place,obos
populated place,obras
populated place,obredo
populated place,obregordo
populated place,obres
populated place,obía
populated place,ocero
populated place,ocillo
populated place,odes
populated place,odeña
populated place,odos
populated place,oeches
populated place,oeira
populated place,ogino
populated place,ohiles
populated place,oira
populated place,oiriz
populated place,oirós
populated place,oizán
populated place,ojados
populated place,ojo
populated place,ola
populated place,oladura
populated place,olana
populated place,olas
populated place,olea
populated place,olera
populated place,oleñino
populated place,olide
populated place,olilla
populated place,olinos
populated place,olla
populated place,ollada
populated place,ollano
populated place,olleque
populated place,olongo
populated place,oloveira
populated place,oltaña
populated place,olíns
populated place,oma
populated place,omar
populated place,omarde
populated place,omares
populated place,omera
populated place,omeras
populated place,omeán
populated place,omilla
populated place,omina
populated place,omolinos
populated place,omorille
populated place,ompardo
populated place,ona
populated place,onansa
populated place,onaster
populated place,oncillo
populated place,onda
populated place,ondariño
populated place,ondeta
populated place,ondo
populated place,ondomina
populated place,ones
populated place,onferro
populated place,onga
populated place,ongo
populated place,onhierro
populated place,onjía
populated place,onosas
populated place,onroy
populated place,ontanares
populated place,ontaves
populated place,ontañeta
populated place,onte
populated place,ontecelos
populated place,ontán
populated place,onuevo
populated place,onz
populated place,openedo
populated place,openilla
populated place,opeña
populated place,opico
populated place,oquilla
populated place,ora
populated place,orafe
populated place,orajico
populated place,oralita
populated place,oras
populated place,orauren
populated place,oraya
populated place,orbia
populated place,orcajo
populated place,orcarizas
populated place,orcaz
populated place,orcillo
populated place,orcubión
populated place,orcía
populated place,ordo
populated place,ordovero
populated place,ordovín
populated place,orela
populated place,orella
populated place,orente
populated place,ores
populated place,oreses
populated place,oricelo
populated place,origados
populated place,orille
populated place,ornejo
populated place,ornos
populated place,ornín
populated place,oro
populated place,orre-Alta
populated place,orre-Guil
populated place,orrecilla
populated place,orria
populated place,orrijos
populated place,orrubedo
populated place,ortales
populated place,ortera
populated place,ortes
populated place,ortilla
populated place,ortman
populated place,ortunada
populated place,orujera
populated place,oruz
populated place,orverica
populated place,orza
populated place,orzuna
populated place,orón
populated place,osa
populated place,osas
populated place,osbarrios
populated place,oseso
populated place,osillo
populated place,ostera
populated place,ota
populated place,otanés
populated place,ote
populated place,oterías
populated place,otes
populated place,oto
populated place,otrobal
populated place,otríes
populated place,ouboeira
populated place,ouciñas
populated place,ougares
populated place,oval
populated place,ovales
populated place,oveira
populated place,overo
populated place,ovetes
populated place,oviela
populated place,ovés
populated place,ovín
populated place,oya
populated place,oyo
populated place,oyos
populated place,ozcue
populated place,ozos
populated place,ozuelo
populated place,oñibas
populated place,pacha
populated place,padañedo
populated place,panyol
populated place,par
populated place,para
populated place,pardo
populated place,parecida
populated place,pariegos
populated place,parragal
populated place,pazas
populated place,pedre
populated place,penedo
populated place,penilla
populated place,peral
populated place,peranza
populated place,peña
populated place,pia
populated place,piana
populated place,pico
populated place,piedo
populated place,piroz
populated place,pitán
populated place,piñaredo
populated place,piñeira
populated place,piñol
populated place,plegares
populated place,porcillo
populated place,poricelo
populated place,pán
populated place,púlveda
populated place,que
populated place,queiros
populated place,quelos
populated place,quer
populated place,ques
populated place,quide
populated place,quilla
populated place,quitos
populated place,quiz
populated place,ra-Oveja
populated place,rabadelo
populated place,rabazo
populated place,rabío
populated place,racedelo
populated place,raceite
populated place,rada
populated place,radas
populated place,radenilla
populated place,radepiñol
populated place,radolongo
populated place,rados
populated place,radura
populated place,rafe
populated place,ragacete
populated place,ragad
populated place,ragal
populated place,raitx
populated place,rajico
populated place,ral
populated place,raleia
populated place,rales
populated place,ralita
populated place,rallonga
populated place,ralón
populated place,ramendi
populated place,rana
populated place,ranco
populated place,rancos
populated place,randeso
populated place,randía
populated place,rantes
populated place,ranza
populated place,rapa
populated place,rapacha
populated place,raque
populated place,ras
populated place,rasconte
populated place,rasmonte
populated place,raso
populated place,ratxi
populated place,rauren
populated place,rauri
populated place,ravesera
populated place,ravia
populated place,raya
populated place,raz
populated place,razomar
populated place,rbalimpia
populated place,rbara
populated place,rbella
populated place,rbia
populated place,rbio
populated place,rbás
populated place,rbón
populated place,rcajo
populated place,rcarizas
populated place,rcaz
populated place,rcelo
populated place,rche
populated place,rcia
populated place,rcillo
populated place,rcinarro
populated place,rco
populated place,rcubión
populated place,rcía
populated place,rdaiz
populated place,rdaos
populated place,rdas
populated place,rde
populated place,rdenes
populated place,rdines
populated place,rdo
populated place,rdompardo
populated place,rdovero
populated place,rdovín
populated place,rdánoz
populated place,re-Alta
populated place,re-Guil
populated place,re-Muño
populated place,reba
populated place,recente
populated place,recida
populated place,recilla
populated place,reda
populated place,redo
populated place,redonda
populated place,regordo
populated place,regüela
populated place,reigido
populated place,reijeiro
populated place,reijido
populated place,reiróus
populated place,rela
populated place,rella
populated place,relles
populated place,ren
populated place,rente
populated place,rera
populated place,reros
populated place,rería
populated place,res
populated place,resabuela
populated place,resana
populated place,reses
populated place,resillas
populated place,resolana
populated place,reta
populated place,retea
populated place,retondeta
populated place,rey
populated place,rez
populated place,rfull
populated place,rfín
populated place,rga
populated place,rgazo
populated place,rgua
populated place,rguería
populated place,ria
populated place,rias
populated place,rica
populated place,ricelo
populated place,riegos
populated place,riella
populated place,rieta
populated place,riezo
populated place,rigados
populated place,rijos
populated place,rille
populated place,rillos
populated place,rinches
populated place,rinosa
populated place,rios
populated place,rique
populated place,riques
populated place,rito
populated place,riz
populated place,rizas
populated place,riáin
populated place,rián
populated place,riño
populated place,rió
populated place,rja
populated place,rla
populated place,rlantes
populated place,rmosa
populated place,rmunia
populated place,rna
populated place,rnallas
populated place,rnatilla
populated place,rne
populated place,rnejo
populated place,rnoncillo
populated place,rnos
populated place,rnudo
populated place,rnín
populated place,robal
populated place,roblasco
populated place,robo
populated place,rones
populated place,rorbia
populated place,ros
populated place,rosillo
populated place,roto
populated place,roy
populated place,royos
populated place,roz
populated place,rpiedo
populated place,rquide
populated place,rra
populated place,rracedelo
populated place,rrada
populated place,rradura
populated place,rragal
populated place,rral
populated place,rrales
populated place,rrallonga
populated place,rralón
populated place,rrapa
populated place,rrapacha
populated place,rrasconte
populated place,rraso
populated place,rratxi
populated place,rre
populated place,rre-Alta
populated place,rre-Guil
populated place,rre-Muño
populated place,rrecilla
populated place,rredonda
populated place,rreiróus
populated place,rren
populated place,rrería
populated place,rresolana
populated place,rreta
populated place,rrey
populated place,rria
populated place,rrijos
populated place,rrinches
populated place,rrios
populated place,rriz
populated place,rrió
populated place,rro
populated place,rrobo
populated place,rroyos
populated place,rrubedo
populated place,rrubuelos
populated place,rruli
populated place,rrun
populated place,rruza
populated place,rrón
populated place,rtagena
populated place,rtales
populated place,rtariáin
populated place,rte
populated place,rteaga
populated place,rtera
populated place,rtes
populated place,rtia
populated place,rtilla
populated place,rtino
populated place,rtman
populated place,rtolas
populated place,rtollano
populated place,rtos
populated place,rtunada
populated place,rtín
populated place,rubedo
populated place,rubuelos
populated place,rujera
populated place,rujo
populated place,rul
populated place,ruli
populated place,rulleda
populated place,run
populated place,ruz
populated place,ruza
populated place,rués
populated place,rva
populated place,rverica
populated place,rveto
populated place,rza
populated place,rzarón
populated place,rzuna
populated place,rzán
populated place,ráin
populated place,rán
populated place,ráns
populated place,régano
populated place,réns
populated place,rés
populated place,ría
populated place,rías
populated place,ríes
populated place,rín
populated place,rógalo
populated place,rón
populated place,rós
populated place,róus
populated place,s-Pintano
populated place,sabuela
populated place,sadornín
populated place,samón
populated place,sana
populated place,sanquelos
populated place,sar
populated place,sas
populated place,sasua
populated place,sbala
populated place,sbarrios
populated place,sca
populated place,scador
populated place,sco
populated place,sconte
populated place,scuderos
populated place,scúzar
populated place,sdardo
populated place,seguite
populated place,sende
populated place,sera
populated place,serito
populated place,ses
populated place,seso
populated place,sexmir
populated place,sfarrapa
populated place,sierra
populated place,silla
populated place,sillas
populated place,sillo
populated place,simonte
populated place,sinos
populated place,sinta
populated place,slasierra
populated place,sluengas
populated place,smonte
populated place,solana
populated place,somera
populated place,spadañedo
populated place,spanyol
populated place,spariegos
populated place,sparragal
populated place,speranza
populated place,spiroz
populated place,spiñaredo
populated place,spiñeira
populated place,splegares
populated place,spo
populated place,squiz
populated place,sta
populated place,stabella
populated place,stación
populated place,star
populated place,stariz
populated place,ste
populated place,ster
populated place,stera
populated place,stillo
populated place,stiñeiras
populated place,sto
populated place,sto-Vela
populated place,stores
populated place,stresana
populated place,stráin
populated place,stépar
populated place,sua
populated place,surbio
populated place,suso
populated place,tabella
populated place,tación
populated place,tagena
populated place,tal
populated place,talejo
populated place,tales
populated place,tanaloma
populated place,tanares
populated place,tano
populated place,tanzas
populated place,tanés
populated place,tar
populated place,tarique
populated place,tariz
populated place,tariáin
populated place,tas
populated place,taves
populated place,taña
populated place,tañeta
populated place,tea
populated place,teaga
populated place,teca
populated place,tecavada
populated place,tecelos
populated place,tehermosa
populated place,teniguada
populated place,tenil
populated place,ter
populated place,tera
populated place,terna
populated place,tero
populated place,terías
populated place,tes
populated place,tez
populated place,tezuelas
populated place,tia
populated place,tiel
populated place,tienzo
populated place,tilla
populated place,tillo
populated place,tillonroy
populated place,tilmimbre
populated place,tino
populated place,tisco
populated place,tiñeiras
populated place,tman
populated place,to-Vela
populated place,todos
populated place,tolas
populated place,tollano
populated place,tomorille
populated place,tondeta
populated place,topenedo
populated place,torafe
populated place,torcaz
populated place,tores
populated place,tos
populated place,toseso
populated place,toya
populated place,tre
populated place,trera
populated place,tresana
populated place,tretea
populated place,tro
populated place,trobal
populated place,tráin
populated place,tríes
populated place,tró
populated place,tueno
populated place,tunada
populated place,tur
populated place,txi
populated place,tán
populated place,tépar
populated place,tín
populated place,tón
populated place,u-Astráin
populated place,uada
populated place,uadalest
populated place,uafría
populated place,ubedo
populated place,ubión
populated place,ubo
populated place,uboeira
populated place,ubuelos
populated place,ubín
populated place,uche
populated place,uciñas
populated place,udero
populated place,uderos
populated place,udillos
populated place,udiño
populated place,udo
populated place,uebradas
populated place,ueco
populated place,ueira
populated place,ueiros
populated place,uel
populated place,uela
populated place,uelamos
populated place,uelas
populated place,uelo
populated place,uelos
populated place,uenca
populated place,uengas
populated place,uenje
populated place,ueno
populated place,uente
populated place,uentes
populated place,uer
populated place,uera
populated place,uerales
populated place,uerga
populated place,uero
populated place,uería
populated place,ues
populated place,uesa
populated place,uetre
populated place,uevo
populated place,ueño
populated place,ueñín
populated place,ugares
populated place,ugilde
populated place,ugo
populated place,uiarreta
populated place,uide
populated place,uiende
populated place,uijas
populated place,uil
populated place,uilla
populated place,uillén
populated place,uises
populated place,uite
populated place,uitos
populated place,uiz
populated place,ujera
populated place,ujo
populated place,ujón
populated place,ulaga
populated place,ulas
populated place,ulbuente
populated place,ulenca
populated place,uli
populated place,ull
populated place,ulleda
populated place,ulve
populated place,umeiro
populated place,umerín
populated place,umienta
populated place,umillas
populated place,umille
populated place,umio
populated place,una
populated place,unada
populated place,unartia
populated place,uneta
populated place,unia
populated place,untal
populated place,upiana
populated place,ura
populated place,urantes
populated place,uras
populated place,urbio
populated place,urche
populated place,ureba
populated place,uren
populated place,uri
populated place,urieta
populated place,uriezo
populated place,uro
populated place,urrun
populated place,urégano
populated place,uso
populated place,usto
populated place,usto-Vela
populated place,uta
populated place,utopenedo
populated place,uza
populated place,uzal
populated place,uéllamos
populated place,uértolas
populated place,ués
populated place,uévar
populated place,uín
populated place,uñana
populated place,uño
populated place,vachuelas
populated place,vada
populated place,vador
populated place,vafría
populated place,val
populated place,vales
populated place,valperal
populated place,vamuel
populated place,var
populated place,varé
populated place,veda
populated place,vedija
populated place,vedón
populated place,veira
populated place,veiro
populated place,veja
populated place,vejera
populated place,vejo
populated place,velayo
populated place,velillas
populated place,verica
populated place,vernallas
populated place,vero
populated place,ves
populated place,vesera
populated place,vetes
populated place,veti
populated place,veto
populated place,via
populated place,viela
populated place,viella
populated place,vierna
populated place,vista
populated place,viñana
populated place,vos
populated place,vés
populated place,vín
populated place,xmir
populated place,yar
populated place,yol
populated place,yos
populated place,ytón
populated place,yuelas
populated place,zagala
populated place,zal
populated place,zala
populated place,zales
populated place,zalvos
populated place,zanes
populated place,zanúy
populated place,zar
populated place,zarón
populated place,zas
populated place,zcue
populated place,zomar
populated place,zos
populated place,zueco
populated place,zuela
populated place,zuelas
populated place,zuelo
populated place,zuna
populated place,zurrun
populated place,zán
populated place,zás
populated place,zórriz
populated place,Órdenes
populated place,ábanos
populated place,ábita
populated place,áin
populated place,ámar
populated place,án-Pérez
populated place,ánoz
populated place,áns
populated place,árbara
populated place,árruli
populated place,édrez
populated place,éfar
populated place,égano
populated place,éllamos
populated place,éns
populated place,épar
populated place,érez
populated place,értolas
populated place,évar
populated place,ías
populated place,íes
populated place,íns
populated place,íomolinos
populated place,íopico
populated place,ítez
populated place,ñales
populated place,ñamaque
populated place,ñana
populated place,ñanás
populated place,ñaredo
populated place,ñarul
populated place,ñas
populated place,ñavedija
populated place,ñedino
populated place,ñedo
populated place,ñeira
populated place,ñeiras
populated place,ñeta
populated place,ñibas
populated place,ñino
populated place,ñiz
populated place,ñobres
populated place,ñol
populated place,ñín
populated place,ógalo
populated place,ómez
populated place,órriz
populated place,óus
populated place,úlveda
populated place,úsquiz
populated place,úzar
populated place,üeces
populated place,üedres
populated place,üela
shoreline,Amandi
shoreline,Borna
shoreline,Canido
shoreline,Fedorento
shoreline,Largas
shoreline,Mujeres
shoreline,Negrete
shoreline,Romana
shoreline,Talis
shoreline,alis
shoreline,ana
shoreline,ancos
shoreline,andi
shoreline,anido
shoreline,argas
shoreline,cos
shoreline,dorento
shoreline,edorento
shoreline,egrete
shoreline,ento
shoreline,eres
shoreline,ete
shoreline,gas
shoreline,grete
shoreline,ido
shoreline,jeres
shoreline,lis
shoreline,mana
shoreline,mandi
shoreline,mposancos
shoreline,ncos
shoreline,ndi
shoreline,nido
shoreline,nto
shoreline,omana
shoreline,orento
shoreline,orna
shoreline,osancos
shoreline,posancos
shoreline,rento
shoreline,res
shoreline,rete
shoreline,rgas
shoreline,rna
shoreline,sancos
shoreline,ujeres
stream,Abejón
stream,Abelenda
stream,Abuín
stream,Adalia
stream,Albatajar
stream,Alcalá
stream,Alcazaba
stream,Alcobilla
stream,Alcázar
stream,Aliendre
stream,Almoíre
stream,Amadorio
stream,Andarax
stream,Angostura
stream,Aranda
stream,Aranzuelo
stream,Araque
stream,Aravalle
stream,Ardachón
stream,Arnoya
stream,Arochete
stream,Aurela
stream,Avia
stream,Ayódar
stream,Azore
stream,Azuer
stream,Bajoy
stream,Baldriz
stream,Bamba
stream,Barcheta
stream,Barejo
stream,Barja
stream,Barzones
stream,Batán
stream,Bayubas
stream,Beba
stream,Bejarano
stream,Boente
stream,Boganes
stream,Bornaba
stream,Botoa
stream,Brullés
stream,Bueiro
stream,Buitrera
stream,Burandi
stream,Caballar
stream,Cacín
stream,Cadones
stream,Caldo
stream,Camaces
stream,Canaleta
stream,Caracena
stream,Cardeña
stream,Carlata
stream,Casillas
stream,Castilla
stream,Caula
stream,Cautaban
stream,Cazorla
stream,Caña
stream,Cañada
stream,Cañotes
stream,Cebal
stream,Cebollón
stream,Cerezo
stream,Chiquero
stream,Chiquillo
stream,Cieza
stream,Corzos
stream,Cárcaba
stream,Dor
stream,Duje
stream,Ebo
stream,Ena
stream,Encinas
stream,Esera
stream,Espardaña
stream,Flumen
stream,Fonterín
stream,Frío
stream,Gaibiel
stream,Gamonal
stream,Gavilanes
stream,Gesteda
stream,Gibranzos
stream,Gimeno
stream,Girona
stream,Gonzalo
stream,Guadalix
stream,Guadazaón
stream,Guadiela
stream,Guares
stream,Guaro
stream,Guart
stream,Honda
stream,Hurdano
stream,Huécar
stream,Huéscar
stream,Ijuana
stream,Isbor
stream,Isuala
stream,Izcala
stream,Jallas
stream,Jerga
stream,Junco
stream,Lador
stream,Langüelle
stream,Lengule
stream,Linares
stream,Lorava
stream,Luchena
stream,Luna
stream,Magasca
stream,Magro
stream,Mande
stream,Manzanera
stream,Marrupejo
stream,Mau
stream,Mazo
stream,Merdancho
stream,Mezquín
stream,Miera
stream,Monigón
stream,Monreal
stream,Mora
stream,Nantón
stream,Névalo
stream,Oblea
stream,Odiel
stream,Omañas
stream,Padilla
stream,Palanca
stream,Palomita
stream,Pancrudo
stream,Peces
stream,Pedregoso
stream,Pedroso
stream,Pelayo
stream,Peñaflor
stream,Piezga
stream,Pinto
stream,Pliego
stream,Povedilla
stream,Pradillo
stream,Prádena
stream,Queiles
stream,Quipar
stream,Redovan
stream,Requejo
stream,Riofrío
stream,Roche
stream,Rubagón
stream,Rubielos
stream,Ruyales
stream,Ríomane
stream,Salazar
stream,Salcedal
stream,Sangusín
stream,Saona
stream,Sardón
stream,Seca
stream,Segura
stream,Sequillo
stream,Serón
stream,Sionlla
stream,Siruela
stream,Somiedo
stream,Sorbe
stream,Soutochao
stream,Tamuja
stream,Tanea
stream,Tinto
stream,Tioira
stream,Tomilloso
stream,Torete
stream,Torrox
stream,Torrubias
stream,Toya
stream,Trabaque
stream,Tranco
stream,Trevélez
stream,Trubia
stream,Tuña
stream,Uma
stream,Uncín
stream,Urrio
stream,Valcorba
stream,Valdecea
stream,Valdemoro
stream,Valleseta
stream,Valpierde
stream,Veduido
stream,Vendoval
stream,Verde
stream,Viñuelas
stream,Yesa
stream,Yuso
stream,Zafrilla
stream,Zapatón
stream,aba
stream,aballa
stream,aballar
stream,aban
stream,abaque
stream,acena
stream,aces
stream,achuela
stream,achuelo
stream,achón
stream,aciegos
stream,acuesta
stream,acín
stream,ada
stream,adalaviar
stream,adalefra
stream,adalix
stream,adarrama
stream,adazaón
stream,adiatillo
stream,adiela
stream,adilla
stream,adillo
stream,adones
stream,ador
stream,adorio
stream,aflor
stream,afrilla
stream,afuera
stream,agasca
stream,ago
stream,agro
stream,agudinos
stream,agón
stream,aibiel
stream,ajar
stream,ajares
stream,ajoy
stream,ala
stream,alanca
stream,alaviar
stream,alazar
stream,albarcar
stream,albullón
stream,alcedal
stream,alcorba
stream,aldecea
stream,aldemoro
stream,aldo
stream,aldriz
stream,alefra
stream,ales
stream,aleta
stream,alia
stream,alices
stream,alix
stream,alla
stream,allar
stream,allas
stream,alle
stream,alleseta
stream,almanzor
stream,almedina
stream,alo
stream,alomita
stream,alpierde
stream,alá
stream,ama
stream,amaces
stream,amasilla
stream,amba
stream,amonal
stream,amouve
stream,ampillejo
stream,amuja
stream,ana
stream,analeta
stream,anca
stream,anchares
stream,ancho
stream,anchón
stream,anco
stream,ancrudo
stream,anda
stream,ande
stream,andi
stream,ane
stream,anea
stream,anera
stream,anes
stream,angusín
stream,angüelle
stream,anillos
stream,ano
stream,anquejo
stream,antaballa
stream,antón
stream,anzanera
stream,anzor
stream,anzos
stream,anzuelo
stream,aona
stream,apatón
stream,aque
stream,aracena
stream,aracuesta
stream,arano
stream,arax
stream,arcar
stream,archeta
stream,ardaña
stream,ardeña
stream,ardón
stream,arejo
stream,ares
stream,arganchón
stream,arja
stream,arlata
stream,aro
stream,arrama
stream,arrenque
stream,arros
stream,arrupejo
stream,art
stream,arzones
stream,asca
stream,asdelobo
stream,asilla
stream,asillas
stream,astilla
stream,ata
stream,atajar
stream,atillo
stream,atán
stream,atón
stream,aula
stream,autaban
stream,ava
stream,avalle
stream,aviar
stream,avilanes
stream,ayo
stream,ayubas
stream,azaba
stream,azar
stream,azaón
stream,azo
stream,azogue
stream,azorla
stream,azre
stream,aña
stream,añada
stream,añas
stream,añotes
stream,aón
stream,bagón
stream,bal
stream,balla
stream,ballar
stream,ban
stream,baque
stream,barcar
stream,bas
stream,batajar
stream,bejón
stream,belenda
stream,bellido
stream,bia
stream,bias
stream,biel
stream,bielos
stream,billa
stream,blanco
stream,blanquejo
stream,blea
stream,bollón
stream,bor
stream,bra
stream,branzos
stream,brilla
stream,bullón
stream,buín
stream,caba
stream,cala
stream,calá
stream,cano
stream,car
stream,carros
stream,cazaba
stream,cea
stream,cedal
stream,cena
stream,ces
stream,cha
stream,chao
stream,chares
stream,che
stream,chena
stream,cherque
stream,cheta
stream,chete
stream,cho
stream,chuela
stream,chuelo
stream,chón
stream,ciegos
stream,cillo
stream,cinas
stream,cobilla
stream,corba
stream,crudo
stream,cuesta
stream,cuéncano
stream,cázar
stream,cín
stream,dachón
stream,dal
stream,dalaviar
stream,dalbarcar
stream,dalbullón
stream,dalefra
stream,dalia
stream,dalix
stream,dalmanzor
stream,dalmedina
stream,dancho
stream,dano
stream,dar
stream,darax
stream,darrama
stream,darrenque
stream,dazaón
stream,daña
stream,deazogue
stream,decarros
stream,decea
stream,deirueca
stream,del
stream,delobo
stream,demembra
stream,demorales
stream,demoro
stream,dena
stream,deprisco
stream,desalices
stream,destrecha
stream,deña
stream,diatillo
stream,diel
stream,diela
stream,dilla
stream,dillo
stream,dina
stream,dinos
stream,doncillo
stream,dones
stream,dor
stream,dorio
stream,doval
stream,dovan
stream,dre
stream,dregoso
stream,driz
stream,droso
stream,druégano
stream,duido
stream,dón
stream,eafuera
stream,eal
stream,eazogue
stream,eba
stream,ebal
stream,ebollón
stream,ebrilla
stream,eca
stream,ecarros
stream,ecea
stream,eces
stream,echa
stream,ecuéncano
stream,eda
stream,edal
stream,edilla
stream,edina
stream,edo
stream,edovan
stream,edregoso
stream,edroso
stream,edruégano
stream,eduido
stream,efra
stream,ego
stream,egos
stream,egoso
stream,egura
stream,eiles
stream,eiras
stream,eiro
stream,eirueca
stream,ejarano
stream,ejo
stream,ejón
stream,ela
stream,elas
stream,elayo
stream,elenda
stream,elle
stream,ellido
stream,elo
stream,elobo
stream,elos
stream,embra
stream,emembra
stream,emorales
stream,emoro
stream,ena
stream,encherque
stream,enda
stream,endoval
stream,endre
stream,enebrilla
stream,engule
stream,eno
stream,enque
stream,ente
stream,entes
stream,epinilla
stream,eprisco
stream,equejo
stream,equillo
stream,equino
stream,era
stream,erbellido
stream,erdancho
stream,erde
stream,erezo
stream,erga
stream,ero
stream,erque
stream,erín
stream,erón
stream,esa
stream,esalices
stream,eseta
stream,esta
stream,esteda
stream,estrecha
stream,eta
stream,ete
stream,evélez
stream,eza
stream,ezga
stream,ezo
stream,ezquín
stream,eña
stream,eñaflor
stream,flor
stream,fra
stream,frentes
stream,frilla
stream,frío
stream,fuera
stream,gamasilla
stream,ganchón
stream,ganes
stream,gano
stream,gasca
stream,gos
stream,goso
stream,gostura
stream,gro
stream,gudinos
stream,gue
stream,guiñuela
stream,gule
stream,gura
stream,gusín
stream,gón
stream,güelle
stream,hao
stream,hares
stream,hena
stream,herque
stream,heta
stream,hete
stream,hiquero
stream,hiquillo
stream,huela
stream,huelo
stream,hón
stream,iar
stream,ias
stream,iatillo
stream,ibiel
stream,ibranzos
stream,ices
stream,ido
stream,iedo
stream,iego
stream,iegos
stream,iel
stream,iela
stream,ielos
stream,iendre
stream,iera
stream,ierde
stream,ieza
stream,iezga
stream,iguiñuela
stream,igón
stream,ilanes
stream,ilanillos
stream,iles
stream,illa
stream,illamouve
stream,illas
stream,illejo
stream,illo
stream,illos
stream,illoso
stream,imeno
stream,ina
stream,inares
stream,inas
stream,inilla
stream,ino
stream,inos
stream,into
stream,iofrío
stream,ioira
stream,ionlla
stream,ipar
stream,iqueiras
stream,iquero
stream,iquillo
stream,ira
stream,iras
stream,iro
stream,irona
stream,irueca
stream,iruela
stream,isco
stream,ita
stream,itrera
stream,iñuela
stream,iñuelas
stream,jar
stream,jarano
stream,jares
stream,joy
stream,juana
stream,jón
stream,lamouve
stream,lanca
stream,lanco
stream,lanes
stream,lanillos
stream,lanquejo
stream,lar
stream,las
stream,lata
stream,laviar
stream,layo
stream,lazar
stream,lbarcar
stream,lbatajar
stream,lbullón
stream,lcalá
stream,lcazaba
stream,lcedal
stream,lcobilla
stream,lcorba
stream,lcázar
stream,ldeazogue
stream,ldecarros
stream,ldecea
stream,ldeirueca
stream,ldemembra
stream,ldemoro
stream,ldeprisco
stream,ldo
stream,ldriz
stream,lea
stream,lefra
stream,lejo
stream,lenda
stream,les
stream,leseta
stream,leta
stream,lez
stream,lia
stream,lices
stream,lido
stream,liego
stream,liendre
stream,liqueiras
stream,lix
stream,lla
stream,llamouve
stream,llar
stream,llas
stream,lle
stream,llejo
stream,lleseta
stream,llido
stream,llo
stream,llos
stream,lloso
stream,llés
stream,llón
stream,lmanzor
stream,lmedina
stream,lmoíre
stream,lobo
stream,lomita
stream,lor
stream,los
stream,loso
stream,lpierde
stream,lumen
stream,lés
stream,lón
stream,maces
stream,madorio
stream,manchares
stream,mane
stream,manzor
stream,masilla
stream,mañas
stream,mba
stream,mbra
stream,medina
stream,membra
stream,men
stream,meno
stream,miedo
stream,milloso
stream,mita
stream,monal
stream,morales
stream,moro
stream,mouve
stream,moíre
stream,mpillejo
stream,muja
stream,naba
stream,nal
stream,naleta
stream,nares
stream,nas
stream,nca
stream,ncano
stream,nchares
stream,ncherque
stream,ncho
stream,nchón
stream,ncillo
stream,ncinas
stream,nco
stream,ncrudo
stream,ncín
stream,nda
stream,ndarax
stream,nde
stream,ndi
stream,ndoncillo
stream,ndoval
stream,ndre
stream,nea
stream,nebrilla
stream,nera
stream,nes
stream,nfrentes
stream,ngostura
stream,ngule
stream,ngusín
stream,ngüelle
stream,nigón
stream,nilla
stream,nillos
stream,nlla
stream,nos
stream,noya
stream,nque
stream,nquejo
stream,nreal
stream,ntaballa
stream,nte
stream,nterín
stream,ntes
stream,nto
stream,ntoblanco
stream,ntón
stream,nzalo
stream,nzanera
stream,nzor
stream,nzos
stream,nzuelo
stream,obilla
stream,oblanco
stream,obo
stream,ochao
stream,oche
stream,ochete
stream,oente
stream,ofrío
stream,oganes
stream,ogue
stream,oira
stream,ollón
stream,omane
stream,omiedo
stream,omilloso
stream,omita
stream,ona
stream,onal
stream,oncillo
stream,onda
stream,ones
stream,onfrentes
stream,onigón
stream,onlla
stream,onreal
stream,onterín
stream,onzalo
stream,opaciegos
stream,ora
stream,orales
stream,orava
stream,orba
stream,orbe
stream,ore
stream,orete
stream,orio
stream,orla
stream,ornaba
stream,oro
stream,orrox
stream,orrubias
stream,orzos
stream,osequino
stream,oso
stream,ostajares
stream,ostura
stream,otes
stream,otoa
stream,outochao
stream,ouve
stream,oval
stream,ovan
stream,ovedilla
stream,oya
stream,oíre
stream,paciegos
stream,par
stream,pardaña
stream,patón
stream,pejo
stream,pierde
stream,pillejo
stream,pinilla
stream,prisco
stream,que
stream,queiras
stream,quejo
stream,quero
stream,quillo
stream,quino
stream,quín
stream,rabaque
stream,racena
stream,rachuelo
stream,racuesta
stream,radillo
stream,rago
stream,ragudinos
stream,rales
stream,rama
stream,ranco
stream,randa
stream,randi
stream,rano
stream,ranzos
stream,ranzuelo
stream,raque
stream,ras
stream,rasdelobo
stream,rava
stream,ravalle
stream,rax
stream,rba
stream,rbe
stream,rbellido
stream,rcaba
stream,rcar
stream,rcheta
stream,rdachón
stream,rdancho
stream,rdano
stream,rdaña
stream,rde
stream,rdeña
stream,rdón
stream,real
stream,recha
stream,regoso
stream,rejo
stream,rela
stream,renque
stream,rentes
stream,rera
stream,res
stream,rete
stream,revélez
stream,rezo
stream,rga
stream,rganchón
stream,rilla
stream,rio
stream,risco
stream,riz
stream,rja
stream,rla
stream,rlata
stream,rnaba
stream,rnoya
stream,rochete
stream,rona
stream,ros
stream,roso
stream,rox
stream,rque
stream,rrachuelo
stream,rrago
stream,rrama
stream,rrenque
stream,rrio
stream,rros
stream,rrox
stream,rrubias
stream,rrupejo
stream,rteafuera
stream,rubia
stream,rubias
stream,rudo
stream,rueca
stream,ruela
stream,rullés
stream,rupejo
stream,ruégano
stream,rzachuela
stream,rzones
stream,rzos
stream,rádena
stream,rín
stream,río
stream,rón
stream,salices
stream,sbor
stream,sca
stream,scar
stream,sco
stream,sdelobo
stream,sequino
stream,sera
stream,seta
stream,silla
stream,sillas
stream,spardaña
stream,sta
stream,stajares
stream,steda
stream,stilla
stream,strecha
stream,stura
stream,suala
stream,sín
stream,taballa
stream,taban
stream,tajar
stream,tajares
stream,teafuera
stream,teda
stream,tepinilla
stream,terín
stream,tes
stream,tilla
stream,tillo
stream,toa
stream,toblanco
stream,tochao
stream,trecha
stream,trera
stream,tura
stream,tán
stream,tón
stream,uadalefra
stream,uadalix
stream,uadarrama
stream,uadazaón
stream,uadiela
stream,uala
stream,uana
stream,uares
stream,uaro
stream,uart
stream,ubagón
stream,ubas
stream,ubia
stream,ubias
stream,ubielos
stream,uchena
stream,udinos
stream,udo
stream,ueca
stream,ueiles
stream,ueiras
stream,ueiro
stream,uejo
stream,uela
stream,uelas
stream,uelo
stream,uer
stream,uera
stream,uero
stream,uesta
stream,uido
stream,uillo
stream,uino
stream,uipar
stream,uitrera
stream,uiñuela
stream,uja
stream,uje
stream,ula
stream,ule
stream,ullés
stream,ullón
stream,umen
stream,una
stream,unco
stream,upejo
stream,ura
stream,urandi
stream,urdano
stream,urela
stream,uso
stream,usín
stream,utaban
stream,utochao
stream,uve
stream,uyales
stream,uécar
stream,uégano
stream,uéncano
stream,uéscar
stream,uín
stream,uña
stream,val
stream,valle
stream,valo
stream,van
stream,vedilla
stream,via
stream,viar
stream,vilanes
stream,vélez
stream,yales
stream,yubas
stream,yódar
stream,zaba
stream,zachuela
stream,zalo
stream,zanera
stream,zar
stream,zaón
stream,zcala
stream,zga
stream,zogue
stream,zones
stream,zor
stream,zore
stream,zorla
stream,zos
stream,zquín
stream,zre
stream,zuelo
stream,zuer
stream,Árrago
stream,Ñazre
stream,ádena
stream,árcaba
stream,ázar
stream,écar
stream,égano
stream,élez
stream,éncano
stream,éscar
stream,évalo
stream,íomane
stream,íosequino
stream,íre
stream,ñada
stream,ñaflor
stream,ñas
stream,ñotes
stream,ñuela
stream,ñuelas
stream,ódar
stream,üelle
underwater elevation,Bajas
underwater elevation,Balamo
underwater elevation,Breñas
underwater elevation,Cabo
underwater elevation,Canto
underwater elevation,Fernando
underwater elevation,Isabel
underwater elevation,Maruca
underwater elevation,Santoñuca
underwater elevation,Susán
underwater elevation,Urros
underwater elevation,abel
underwater elevation,abo
underwater elevation,ajas
underwater elevation,alamo
underwater elevation,amo
underwater elevation,ando
underwater elevation,anto
underwater elevation,antoñuca
underwater elevation,aruca
underwater elevation,bel
underwater elevation,ernando
underwater elevation,eñas
underwater elevation,jas
underwater elevation,lamo
underwater elevation,nando
underwater elevation,ndo
underwater elevation,nto
underwater elevation,ntoñuca
underwater elevation,oñuca
underwater elevation,reñas
underwater elevation,rnando
underwater elevation,ros
underwater elevation,rros
underwater elevation,ruca
underwater elevation,sabel
underwater elevation,sán
underwater elevation,toñuca
underwater elevation,uca
underwater elevation,usán
underwater elevation,ñas
underwater elevation,ñuca
