industry,beginning
COMMUNICATIONS,"""F-"
COMMUNICATIONS,"""F-P"
COMMUNICATIONS,"""F-Pr"
COMMUNICATIONS,"""F-Pro"
COMMUNICATIONS,"""Fa"
COMMUNICATIONS,"""Far"
COMMUNICATIONS,"""Farl"
COMMUNICATIONS,"""Farle"
COMMUNICATIONS,"""Si"
COMMUNICATIONS,"""Sit"
COMMUNICATIONS,"""Sito"
COMMUNICATIONS,"""Siton"
COMMUNICATIONS,"""UY"
COMMUNICATIONS,"""UYA"
COMMUNICATIONS,"""UYAV"
COMMUNICATIONS,"""UYAVY"
COMMUNICATIONS,"""VF"
COMMUNICATIONS,"""Vi"
COMMUNICATIONS,"""Vin"
COMMUNICATIONS,"""Vinn"
COMMUNICATIONS,"""Vinnk"
COMMUNICATIONS,DVL
COMMUNICATIONS,Ive
COMMUNICATIONS,Iven
COMMUNICATIONS,Ivent
COMMUNICATIONS,Kha
COMMUNICATIONS,Khav
COMMUNICATIONS,Khava
COMMUNICATIONS,Khavas
COMMUNICATIONS,Kyi
COMMUNICATIONS,Kyiv
COMMUNICATIONS,Kyivs
COMMUNICATIONS,Kyivst
COMMUNICATIONS,TAN
COMMUNICATIONS,TANI
COMMUNICATIONS,TANII
COMMUNICATIONS,TANIIA
COMMUNICATIONS,Ten
COMMUNICATIONS,Tene
COMMUNICATIONS,Tenet
COMMUNICATIONS,UKR
COMMUNICATIONS,UKRT
COMMUNICATIONS,UKRTE
COMMUNICATIONS,UKRTEL
COMMUNICATIONS,Ukr
COMMUNICATIONS,Ukrt
COMMUNICATIONS,Ukrte
COMMUNICATIONS,Ukrtel
CONSUMER DISCRETIONARY,"""""S"
CONSUMER DISCRETIONARY,"""""Sa"
CONSUMER DISCRETIONARY,"""""Sai"
CONSUMER DISCRETIONARY,"""""Saiu"
CONSUMER DISCRETIONARY,"""3S"
CONSUMER DISCRETIONARY,"""A-"
CONSUMER DISCRETIONARY,"""A-s"
CONSUMER DISCRETIONARY,"""A-si"
CONSUMER DISCRETIONARY,"""A-sig"
CONSUMER DISCRETIONARY,"""AL"
CONSUMER DISCRETIONARY,"""ALL"
CONSUMER DISCRETIONARY,"""ALLO"
CONSUMER DISCRETIONARY,"""ALLO"""
CONSUMER DISCRETIONARY,"""AN"
CONSUMER DISCRETIONARY,"""ANV"
CONSUMER DISCRETIONARY,"""ANVA"
CONSUMER DISCRETIONARY,"""ANVA"""
CONSUMER DISCRETIONARY,"""AR"
CONSUMER DISCRETIONARY,"""ARI"
CONSUMER DISCRETIONARY,"""ARIU"
CONSUMER DISCRETIONARY,"""ARIUS"
CONSUMER DISCRETIONARY,"""AT"
CONSUMER DISCRETIONARY,"""AV"
CONSUMER DISCRETIONARY,"""AVI"
CONSUMER DISCRETIONARY,"""AVIS"
CONSUMER DISCRETIONARY,"""AVIS"""
CONSUMER DISCRETIONARY,"""AVT"
CONSUMER DISCRETIONARY,"""AVTO"
CONSUMER DISCRETIONARY,"""AVTOK"
CONSUMER DISCRETIONARY,"""AVTOS"
CONSUMER DISCRETIONARY,"""Ag"
CONSUMER DISCRETIONARY,"""Agr"
CONSUMER DISCRETIONARY,"""Agro"
CONSUMER DISCRETIONARY,"""Agro-"
CONSUMER DISCRETIONARY,"""Ah"
CONSUMER DISCRETIONARY,"""Aha"
CONSUMER DISCRETIONARY,"""Ahat"
CONSUMER DISCRETIONARY,"""Ahr"
CONSUMER DISCRETIONARY,"""Ahro"
CONSUMER DISCRETIONARY,"""Ahrom"
CONSUMER DISCRETIONARY,"""Ai"
CONSUMER DISCRETIONARY,"""Air"
CONSUMER DISCRETIONARY,"""Airk"
CONSUMER DISCRETIONARY,"""Airko"
CONSUMER DISCRETIONARY,"""Al"
CONSUMER DISCRETIONARY,"""Ali"
CONSUMER DISCRETIONARY,"""Alia"
CONSUMER DISCRETIONARY,"""Alian"
CONSUMER DISCRETIONARY,"""All"
CONSUMER DISCRETIONARY,"""Allo"
CONSUMER DISCRETIONARY,"""Allo-"
CONSUMER DISCRETIONARY,"""Alm"
CONSUMER DISCRETIONARY,"""Alma"
CONSUMER DISCRETIONARY,"""Am"
CONSUMER DISCRETIONARY,"""Ama"
CONSUMER DISCRETIONARY,"""Amad"
CONSUMER DISCRETIONARY,"""Amade"
CONSUMER DISCRETIONARY,"""An"
CONSUMER DISCRETIONARY,"""Ank"
CONSUMER DISCRETIONARY,"""Ank-"
CONSUMER DISCRETIONARY,"""Ank-M"
CONSUMER DISCRETIONARY,"""Ant"
CONSUMER DISCRETIONARY,"""Anto"
CONSUMER DISCRETIONARY,"""AntoS"
CONSUMER DISCRETIONARY,"""Ar"
CONSUMER DISCRETIONARY,"""Are"
CONSUMER DISCRETIONARY,"""Aret"
CONSUMER DISCRETIONARY,"""Areta"
CONSUMER DISCRETIONARY,"""Art"
CONSUMER DISCRETIONARY,"""Arti"
CONSUMER DISCRETIONARY,"""Arti"""
CONSUMER DISCRETIONARY,"""Artl"
CONSUMER DISCRETIONARY,"""Artle"
CONSUMER DISCRETIONARY,"""Av"
CONSUMER DISCRETIONARY,"""Avt"
CONSUMER DISCRETIONARY,"""Avto"
CONSUMER DISCRETIONARY,"""Avtoh"
CONSUMER DISCRETIONARY,"""Avtom"
CONSUMER DISCRETIONARY,"""B-"
CONSUMER DISCRETIONARY,"""B-7"
CONSUMER DISCRETIONARY,"""B-77"
CONSUMER DISCRETIONARY,"""B-777"
CONSUMER DISCRETIONARY,"""BV"
CONSUMER DISCRETIONARY,"""BVS"
CONSUMER DISCRETIONARY,"""Be"
CONSUMER DISCRETIONARY,"""Beh"
CONSUMER DISCRETIONARY,"""Beh-"
CONSUMER DISCRETIONARY,"""Beh-A"
CONSUMER DISCRETIONARY,"""Bek"
CONSUMER DISCRETIONARY,"""Beko"
CONSUMER DISCRETIONARY,"""Ber"
CONSUMER DISCRETIONARY,"""Bers"
CONSUMER DISCRETIONARY,"""Bersh"
CONSUMER DISCRETIONARY,"""Bi"
CONSUMER DISCRETIONARY,"""Bih"
CONSUMER DISCRETIONARY,"""Biht"
CONSUMER DISCRETIONARY,"""Bihtr"
CONSUMER DISCRETIONARY,"""Bil"
CONSUMER DISCRETIONARY,"""Bilt"
CONSUMER DISCRETIONARY,"""Bilte"
CONSUMER DISCRETIONARY,"""CO"
CONSUMER DISCRETIONARY,"""COR"
CONSUMER DISCRETIONARY,"""COR-"
CONSUMER DISCRETIONARY,"""COR-E"
CONSUMER DISCRETIONARY,"""DI"
CONSUMER DISCRETIONARY,"""DIA"
CONSUMER DISCRETIONARY,"""DIAM"
CONSUMER DISCRETIONARY,"""DIAMA"
CONSUMER DISCRETIONARY,"""Da"
CONSUMER DISCRETIONARY,"""Das"
CONSUMER DISCRETIONARY,"""Dasa"
CONSUMER DISCRETIONARY,"""Dasah"
CONSUMER DISCRETIONARY,"""De"
CONSUMER DISCRETIONARY,"""Del"
CONSUMER DISCRETIONARY,"""Delt"
CONSUMER DISCRETIONARY,"""Delta"
CONSUMER DISCRETIONARY,"""Dm"
CONSUMER DISCRETIONARY,"""Dm-"
CONSUMER DISCRETIONARY,"""Dm-E"
CONSUMER DISCRETIONARY,"""Dm-Ek"
CONSUMER DISCRETIONARY,"""Do"
CONSUMER DISCRETIONARY,"""Don"
CONSUMER DISCRETIONARY,"""Don-"
CONSUMER DISCRETIONARY,"""Don-k"
CONSUMER DISCRETIONARY,"""ES"
CONSUMER DISCRETIONARY,"""ESh"
CONSUMER DISCRETIONARY,"""EShl"
CONSUMER DISCRETIONARY,"""EShli"
CONSUMER DISCRETIONARY,"""Ek"
CONSUMER DISCRETIONARY,"""Eko"
CONSUMER DISCRETIONARY,"""Eko-"
CONSUMER DISCRETIONARY,"""Eko-M"
CONSUMER DISCRETIONARY,"""El"
CONSUMER DISCRETIONARY,"""Ele"
CONSUMER DISCRETIONARY,"""Elei"
CONSUMER DISCRETIONARY,"""Eleiu"
CONSUMER DISCRETIONARY,"""Elek"
CONSUMER DISCRETIONARY,"""Elekt"
CONSUMER DISCRETIONARY,"""Eli"
CONSUMER DISCRETIONARY,"""Elit"
CONSUMER DISCRETIONARY,"""Elit-"
CONSUMER DISCRETIONARY,"""Es"
CONSUMER DISCRETIONARY,"""Ess"
CONSUMER DISCRETIONARY,"""Essm"
CONSUMER DISCRETIONARY,"""Essma"
CONSUMER DISCRETIONARY,"""Et"
CONSUMER DISCRETIONARY,"""Ets"
CONSUMER DISCRETIONARY,"""Ets-"
CONSUMER DISCRETIONARY,"""Ets-K"
CONSUMER DISCRETIONARY,"""Ev"
CONSUMER DISCRETIONARY,"""Evr"
CONSUMER DISCRETIONARY,"""Evro"
CONSUMER DISCRETIONARY,"""Evros"
CONSUMER DISCRETIONARY,"""FR"
CONSUMER DISCRETIONARY,"""FRI"
CONSUMER DISCRETIONARY,"""FRIC"
CONSUMER DISCRETIONARY,"""FRICH"
CONSUMER DISCRETIONARY,"""Fo"
CONSUMER DISCRETIONARY,"""For"
CONSUMER DISCRETIONARY,"""Fors"
CONSUMER DISCRETIONARY,"""Forsh"
CONSUMER DISCRETIONARY,"""Fort"
CONSUMER DISCRETIONARY,"""Fort-"
CONSUMER DISCRETIONARY,"""Foru"
CONSUMER DISCRETIONARY,"""Forum"
CONSUMER DISCRETIONARY,"""Fr"
CONSUMER DISCRETIONARY,"""Fru"
CONSUMER DISCRETIONARY,"""Frun"
CONSUMER DISCRETIONARY,"""Frunz"
CONSUMER DISCRETIONARY,"""Ft"
CONSUMER DISCRETIONARY,"""Ftd"
CONSUMER DISCRETIONARY,"""Ftd-"
CONSUMER DISCRETIONARY,"""Ftd-r"
CONSUMER DISCRETIONARY,"""GS"
CONSUMER DISCRETIONARY,"""GSN"
CONSUMER DISCRETIONARY,"""GSN"""
CONSUMER DISCRETIONARY,"""Ga"
CONSUMER DISCRETIONARY,"""Gal"
CONSUMER DISCRETIONARY,"""Gal-"
CONSUMER DISCRETIONARY,"""Gal-e"
CONSUMER DISCRETIONARY,"""Go"
CONSUMER DISCRETIONARY,"""Gol"
CONSUMER DISCRETIONARY,"""Gold"
CONSUMER DISCRETIONARY,"""Golde"
CONSUMER DISCRETIONARY,"""Gr"
CONSUMER DISCRETIONARY,"""Gre"
CONSUMER DISCRETIONARY,"""Gren"
CONSUMER DISCRETIONARY,"""Grene"
CONSUMER DISCRETIONARY,"""HL"
CONSUMER DISCRETIONARY,"""HLO"
CONSUMER DISCRETIONARY,"""HLOB"
CONSUMER DISCRETIONARY,"""HLOBA"
CONSUMER DISCRETIONARY,"""Hr"
CONSUMER DISCRETIONARY,"""Hra"
CONSUMER DISCRETIONARY,"""Hrad"
CONSUMER DISCRETIONARY,"""Hradi"
CONSUMER DISCRETIONARY,"""Hre"
CONSUMER DISCRETIONARY,"""Hrei"
CONSUMER DISCRETIONARY,"""Hreid"
CONSUMER DISCRETIONARY,"""IN"
CONSUMER DISCRETIONARY,"""INT"
CONSUMER DISCRETIONARY,"""INTE"
CONSUMER DISCRETIONARY,"""INTER"
CONSUMER DISCRETIONARY,"""IR"
CONSUMER DISCRETIONARY,"""IRB"
CONSUMER DISCRETIONARY,"""IRBI"
CONSUMER DISCRETIONARY,"""IRBIS"
CONSUMER DISCRETIONARY,"""Id"
CONSUMER DISCRETIONARY,"""Ide"
CONSUMER DISCRETIONARY,"""Idea"
CONSUMER DISCRETIONARY,"""Ideal"
CONSUMER DISCRETIONARY,"""In"
CONSUMER DISCRETIONARY,"""Int"
CONSUMER DISCRETIONARY,"""Inte"
CONSUMER DISCRETIONARY,"""Intel"
CONSUMER DISCRETIONARY,"""Inter"
CONSUMER DISCRETIONARY,"""K."
CONSUMER DISCRETIONARY,"""K.P"
CONSUMER DISCRETIONARY,"""K.P."
CONSUMER DISCRETIONARY,"""K.P.V"
CONSUMER DISCRETIONARY,"""KA"
CONSUMER DISCRETIONARY,"""KAP"
CONSUMER DISCRETIONARY,"""KAPR"
CONSUMER DISCRETIONARY,"""KAPRI"
CONSUMER DISCRETIONARY,"""KAS"
CONSUMER DISCRETIONARY,"""KASH"
CONSUMER DISCRETIONARY,"""KASHT"
CONSUMER DISCRETIONARY,"""KH"
CONSUMER DISCRETIONARY,"""KHA"
CONSUMER DISCRETIONARY,"""KHAR"
CONSUMER DISCRETIONARY,"""KHARK"
CONSUMER DISCRETIONARY,"""KL"
CONSUMER DISCRETIONARY,"""KLA"
CONSUMER DISCRETIONARY,"""KLAS"
CONSUMER DISCRETIONARY,"""KLASI"
CONSUMER DISCRETIONARY,"""KO"
CONSUMER DISCRETIONARY,"""KOL"
CONSUMER DISCRETIONARY,"""KOLD"
CONSUMER DISCRETIONARY,"""KOLDB"
CONSUMER DISCRETIONARY,"""KON"
CONSUMER DISCRETIONARY,"""KONK"
CONSUMER DISCRETIONARY,"""KONKA"
CONSUMER DISCRETIONARY,"""Ka"
CONSUMER DISCRETIONARY,"""Kap"
CONSUMER DISCRETIONARY,"""Kapr"
CONSUMER DISCRETIONARY,"""Kapri"
CONSUMER DISCRETIONARY,"""Kar"
CONSUMER DISCRETIONARY,"""Kara"
CONSUMER DISCRETIONARY,"""Karat"
CONSUMER DISCRETIONARY,"""Kas"
CONSUMER DISCRETIONARY,"""Kask"
CONSUMER DISCRETIONARY,"""Kaska"
CONSUMER DISCRETIONARY,"""Ke"
CONSUMER DISCRETIONARY,"""Kef"
CONSUMER DISCRETIONARY,"""Kefe"
CONSUMER DISCRETIONARY,"""Kefei"
CONSUMER DISCRETIONARY,"""Kh"
CONSUMER DISCRETIONARY,"""Kha"
CONSUMER DISCRETIONARY,"""Kham"
CONSUMER DISCRETIONARY,"""Khamm"
CONSUMER DISCRETIONARY,"""Kho"
CONSUMER DISCRETIONARY,"""Khol"
CONSUMER DISCRETIONARY,"""Khold"
CONSUMER DISCRETIONARY,"""Ko"
CONSUMER DISCRETIONARY,"""Kol"
CONSUMER DISCRETIONARY,"""Kolo"
CONSUMER DISCRETIONARY,"""Kolos"
CONSUMER DISCRETIONARY,"""Kom"
CONSUMER DISCRETIONARY,"""Komf"
CONSUMER DISCRETIONARY,"""Komfi"
CONSUMER DISCRETIONARY,"""Kr"
CONSUMER DISCRETIONARY,"""Kri"
CONSUMER DISCRETIONARY,"""Krio"
CONSUMER DISCRETIONARY,"""Krion"
CONSUMER DISCRETIONARY,"""Kry"
CONSUMER DISCRETIONARY,"""Krys"
CONSUMER DISCRETIONARY,"""Kryst"
CONSUMER DISCRETIONARY,"""Kt"
CONSUMER DISCRETIONARY,"""Kv"
CONSUMER DISCRETIONARY,"""Kva"
CONSUMER DISCRETIONARY,"""Kvad"
CONSUMER DISCRETIONARY,"""Kvadr"
CONSUMER DISCRETIONARY,"""LA"
CONSUMER DISCRETIONARY,"""LAK"
CONSUMER DISCRETIONARY,"""LAKK"
CONSUMER DISCRETIONARY,"""LAKK"""
CONSUMER DISCRETIONARY,"""La"
CONSUMER DISCRETIONARY,"""Lam"
CONSUMER DISCRETIONARY,"""Lama"
CONSUMER DISCRETIONARY,"""Lama"""
CONSUMER DISCRETIONARY,"""Lan"
CONSUMER DISCRETIONARY,"""Lant"
CONSUMER DISCRETIONARY,"""Lanta"
CONSUMER DISCRETIONARY,"""Le"
CONSUMER DISCRETIONARY,"""Len"
CONSUMER DISCRETIONARY,"""Lent"
CONSUMER DISCRETIONARY,"""Lenta"
CONSUMER DISCRETIONARY,"""Lo"
CONSUMER DISCRETIONARY,"""Lor"
CONSUMER DISCRETIONARY,"""Lorr"
CONSUMER DISCRETIONARY,"""Lorri"
CONSUMER DISCRETIONARY,"""Loz"
CONSUMER DISCRETIONARY,"""Lozy"
CONSUMER DISCRETIONARY,"""Lozyn"
CONSUMER DISCRETIONARY,"""MI"
CONSUMER DISCRETIONARY,"""MIR"
CONSUMER DISCRETIONARY,"""MIRS"
CONSUMER DISCRETIONARY,"""MIRS"""
CONSUMER DISCRETIONARY,"""Ma"
CONSUMER DISCRETIONARY,"""Mai"
CONSUMER DISCRETIONARY,"""Maio"
CONSUMER DISCRETIONARY,"""Maior"
CONSUMER DISCRETIONARY,"""Mak"
CONSUMER DISCRETIONARY,"""Maki"
CONSUMER DISCRETIONARY,"""Makit"
CONSUMER DISCRETIONARY,"""Mar"
CONSUMER DISCRETIONARY,"""Mark"
CONSUMER DISCRETIONARY,"""Marka"
CONSUMER DISCRETIONARY,"""Mat"
CONSUMER DISCRETIONARY,"""Matr"
CONSUMER DISCRETIONARY,"""Matro"
CONSUMER DISCRETIONARY,"""Me"
CONSUMER DISCRETIONARY,"""Meb"
CONSUMER DISCRETIONARY,"""Mebe"
CONSUMER DISCRETIONARY,"""Mebel"
CONSUMER DISCRETIONARY,"""Meh"
CONSUMER DISCRETIONARY,"""Meha"
CONSUMER DISCRETIONARY,"""Mehal"
CONSUMER DISCRETIONARY,"""Mo"
CONSUMER DISCRETIONARY,"""Mot"
CONSUMER DISCRETIONARY,"""Moto"
CONSUMER DISCRETIONARY,"""Motor"
CONSUMER DISCRETIONARY,"""N-"
CONSUMER DISCRETIONARY,"""N-B"
CONSUMER DISCRETIONARY,"""N-Bu"
CONSUMER DISCRETIONARY,"""N-Bur"
CONSUMER DISCRETIONARY,"""NE"
CONSUMER DISCRETIONARY,"""NEO"
CONSUMER DISCRETIONARY,"""NEOK"
CONSUMER DISCRETIONARY,"""NEOKO"
CONSUMER DISCRETIONARY,"""Na"
CONSUMER DISCRETIONARY,"""Nar"
CONSUMER DISCRETIONARY,"""Nars"
CONSUMER DISCRETIONARY,"""Nav"
CONSUMER DISCRETIONARY,"""Navi"
CONSUMER DISCRETIONARY,"""Navio"
CONSUMER DISCRETIONARY,"""Ne"
CONSUMER DISCRETIONARY,"""Nes"
CONSUMER DISCRETIONARY,"""Nesp"
CONSUMER DISCRETIONARY,"""Nespa"
CONSUMER DISCRETIONARY,"""Ni"
CONSUMER DISCRETIONARY,"""Nik"
CONSUMER DISCRETIONARY,"""Niko"
CONSUMER DISCRETIONARY,"""Nikot"
CONSUMER DISCRETIONARY,"""No"
CONSUMER DISCRETIONARY,"""Nob"
CONSUMER DISCRETIONARY,"""Nobl"
CONSUMER DISCRETIONARY,"""Noble"
CONSUMER DISCRETIONARY,"""Nol"
CONSUMER DISCRETIONARY,"""Nolt"
CONSUMER DISCRETIONARY,"""Nolte"
CONSUMER DISCRETIONARY,"""Ok"
CONSUMER DISCRETIONARY,"""Okk"
CONSUMER DISCRETIONARY,"""Okko"
CONSUMER DISCRETIONARY,"""Okko-"
CONSUMER DISCRETIONARY,"""PR"
CONSUMER DISCRETIONARY,"""PRO"
CONSUMER DISCRETIONARY,"""PROS"
CONSUMER DISCRETIONARY,"""PROSP"
CONSUMER DISCRETIONARY,"""PU"
CONSUMER DISCRETIONARY,"""PUM"
CONSUMER DISCRETIONARY,"""PUMA"
CONSUMER DISCRETIONARY,"""Pa"
CONSUMER DISCRETIONARY,"""Par"
CONSUMER DISCRETIONARY,"""Pary"
CONSUMER DISCRETIONARY,"""Paryt"
CONSUMER DISCRETIONARY,"""Pi"
CONSUMER DISCRETIONARY,"""Pik"
CONSUMER DISCRETIONARY,"""Pika"
CONSUMER DISCRETIONARY,"""Pikar"
CONSUMER DISCRETIONARY,"""Pl"
CONSUMER DISCRETIONARY,"""Pla"
CONSUMER DISCRETIONARY,"""Plat"
CONSUMER DISCRETIONARY,"""Plata"
CONSUMER DISCRETIONARY,"""Po"
CONSUMER DISCRETIONARY,"""Pol"
CONSUMER DISCRETIONARY,"""Poli"
CONSUMER DISCRETIONARY,"""Polip"
CONSUMER DISCRETIONARY,"""Pr"
CONSUMER DISCRETIONARY,"""Pre"
CONSUMER DISCRETIONARY,"""Prem"
CONSUMER DISCRETIONARY,"""Premi"
CONSUMER DISCRETIONARY,"""Pres"
CONSUMER DISCRETIONARY,"""Prest"
CONSUMER DISCRETIONARY,"""Pro"
CONSUMER DISCRETIONARY,"""Prof"
CONSUMER DISCRETIONARY,"""Profi"
CONSUMER DISCRETIONARY,"""Proh"
CONSUMER DISCRETIONARY,"""Prohr"
CONSUMER DISCRETIONARY,"""Prot"
CONSUMER DISCRETIONARY,"""Proto"
CONSUMER DISCRETIONARY,"""Pry"
CONSUMER DISCRETIONARY,"""Pryb"
CONSUMER DISCRETIONARY,"""Prybr"
CONSUMER DISCRETIONARY,"""RE"
CONSUMER DISCRETIONARY,"""REM"
CONSUMER DISCRETIONARY,"""REMS"
CONSUMER DISCRETIONARY,"""REMS"""
CONSUMER DISCRETIONARY,"""RU"
CONSUMER DISCRETIONARY,"""RUS"
CONSUMER DISCRETIONARY,"""RUSH"
CONSUMER DISCRETIONARY,"""RUSH"""
CONSUMER DISCRETIONARY,"""Rb"
CONSUMER DISCRETIONARY,"""Rb-"
CONSUMER DISCRETIONARY,"""Rb-T"
CONSUMER DISCRETIONARY,"""Rb-Tr"
CONSUMER DISCRETIONARY,"""Re"
CONSUMER DISCRETIONARY,"""Rem"
CONSUMER DISCRETIONARY,"""Rems"
CONSUMER DISCRETIONARY,"""Ren"
CONSUMER DISCRETIONARY,"""Rent"
CONSUMER DISCRETIONARY,"""Rentm"
CONSUMER DISCRETIONARY,"""Ro"
CONSUMER DISCRETIONARY,"""Rom"
CONSUMER DISCRETIONARY,"""Roms"
CONSUMER DISCRETIONARY,"""Romst"
CONSUMER DISCRETIONARY,"""Roz"
CONSUMER DISCRETIONARY,"""Roze"
CONSUMER DISCRETIONARY,"""Rozet"
CONSUMER DISCRETIONARY,"""Rt"
CONSUMER DISCRETIONARY,"""Rtm"
CONSUMER DISCRETIONARY,"""Rtm-"
CONSUMER DISCRETIONARY,"""Rtm-U"
CONSUMER DISCRETIONARY,"""SH"
CONSUMER DISCRETIONARY,"""SHY"
CONSUMER DISCRETIONARY,"""SHYN"
CONSUMER DISCRETIONARY,"""SHYNO"
CONSUMER DISCRETIONARY,"""SK"
CONSUMER DISCRETIONARY,"""SKO"
CONSUMER DISCRETIONARY,"""SKOR"
CONSUMER DISCRETIONARY,"""SKORK"
CONSUMER DISCRETIONARY,"""Sa"
CONSUMER DISCRETIONARY,"""San"
CONSUMER DISCRETIONARY,"""Sand"
CONSUMER DISCRETIONARY,"""Sande"
CONSUMER DISCRETIONARY,"""Sat"
CONSUMER DISCRETIONARY,"""Satu"
CONSUMER DISCRETIONARY,"""Satur"
CONSUMER DISCRETIONARY,"""Sav"
CONSUMER DISCRETIONARY,"""Sav-"
CONSUMER DISCRETIONARY,"""Sav-D"
CONSUMER DISCRETIONARY,"""Sh"
CONSUMER DISCRETIONARY,"""Sha"
CONSUMER DISCRETIONARY,"""Shay"
CONSUMER DISCRETIONARY,"""Shaya"
CONSUMER DISCRETIONARY,"""Si"
CONSUMER DISCRETIONARY,"""Sin"
CONSUMER DISCRETIONARY,"""Sine"
CONSUMER DISCRETIONARY,"""Sinem"
CONSUMER DISCRETIONARY,"""Sit"
CONSUMER DISCRETIONARY,"""Siti"
CONSUMER DISCRETIONARY,"""Siti-"
CONSUMER DISCRETIONARY,"""Sk"
CONSUMER DISCRETIONARY,"""Ska"
CONSUMER DISCRETIONARY,"""Skan"
CONSUMER DISCRETIONARY,"""Skand"
CONSUMER DISCRETIONARY,"""Skar"
CONSUMER DISCRETIONARY,"""Skarl"
CONSUMER DISCRETIONARY,"""Sky"
CONSUMER DISCRETIONARY,"""Skyd"
CONSUMER DISCRETIONARY,"""Skydk"
CONSUMER DISCRETIONARY,"""Sm"
CONSUMER DISCRETIONARY,"""Sma"
CONSUMER DISCRETIONARY,"""Smai"
CONSUMER DISCRETIONARY,"""Smail"
CONSUMER DISCRETIONARY,"""So"
CONSUMER DISCRETIONARY,"""Soi"
CONSUMER DISCRETIONARY,"""Soiu"
CONSUMER DISCRETIONARY,"""Soiuz"
CONSUMER DISCRETIONARY,"""Sol"
CONSUMER DISCRETIONARY,"""Soli"
CONSUMER DISCRETIONARY,"""Solie"
CONSUMER DISCRETIONARY,"""Sp"
CONSUMER DISCRETIONARY,"""Spa"
CONSUMER DISCRETIONARY,"""Span"
CONSUMER DISCRETIONARY,"""Spanr"
CONSUMER DISCRETIONARY,"""St"
CONSUMER DISCRETIONARY,"""Sta"
CONSUMER DISCRETIONARY,"""Stab"
CONSUMER DISCRETIONARY,"""Stai"
CONSUMER DISCRETIONARY,"""Stail"
CONSUMER DISCRETIONARY,"""Star"
CONSUMER DISCRETIONARY,"""Star-"
CONSUMER DISCRETIONARY,"""Stat"
CONSUMER DISCRETIONARY,"""Stato"
CONSUMER DISCRETIONARY,"""Ste"
CONSUMER DISCRETIONARY,"""Stem"
CONSUMER DISCRETIONARY,"""Stema"
CONSUMER DISCRETIONARY,"""Su"
CONSUMER DISCRETIONARY,"""SuS"
CONSUMER DISCRETIONARY,"""SuSh"
CONSUMER DISCRETIONARY,"""SuShy"
CONSUMER DISCRETIONARY,"""Sv"
CONSUMER DISCRETIONARY,"""Sve"
CONSUMER DISCRETIONARY,"""Svet"
CONSUMER DISCRETIONARY,"""Sveto"
CONSUMER DISCRETIONARY,"""TE"
CONSUMER DISCRETIONARY,"""TEK"
CONSUMER DISCRETIONARY,"""TEKH"
CONSUMER DISCRETIONARY,"""TEKHN"
CONSUMER DISCRETIONARY,"""TR"
CONSUMER DISCRETIONARY,"""TRE"
CONSUMER DISCRETIONARY,"""TREZ"
CONSUMER DISCRETIONARY,"""TREZO"
CONSUMER DISCRETIONARY,"""TS"
CONSUMER DISCRETIONARY,"""TSe"
CONSUMER DISCRETIONARY,"""TSen"
CONSUMER DISCRETIONARY,"""TSent"
CONSUMER DISCRETIONARY,"""TSy"
CONSUMER DISCRETIONARY,"""TSyf"
CONSUMER DISCRETIONARY,"""TSyfr"
CONSUMER DISCRETIONARY,"""TY"
CONSUMER DISCRETIONARY,"""TYG"
CONSUMER DISCRETIONARY,"""TYGR"
CONSUMER DISCRETIONARY,"""TYGRE"
CONSUMER DISCRETIONARY,"""TYH"
CONSUMER DISCRETIONARY,"""TYHR"
CONSUMER DISCRETIONARY,"""TYHRE"
CONSUMER DISCRETIONARY,"""Ta"
CONSUMER DISCRETIONARY,"""Tal"
CONSUMER DISCRETIONARY,"""Tali"
CONSUMER DISCRETIONARY,"""Talis"
CONSUMER DISCRETIONARY,"""Te"
CONSUMER DISCRETIONARY,"""Tek"
CONSUMER DISCRETIONARY,"""Teka"
CONSUMER DISCRETIONARY,"""Teka-"
CONSUMER DISCRETIONARY,"""Tekh"
CONSUMER DISCRETIONARY,"""Tekhn"
CONSUMER DISCRETIONARY,"""Teks"
CONSUMER DISCRETIONARY,"""Teksi"
CONSUMER DISCRETIONARY,"""Tekst"
CONSUMER DISCRETIONARY,"""Tem"
CONSUMER DISCRETIONARY,"""Tema"
CONSUMER DISCRETIONARY,"""Tema-"
CONSUMER DISCRETIONARY,"""Tr"
CONSUMER DISCRETIONARY,"""Tra"
CONSUMER DISCRETIONARY,"""Trak"
CONSUMER DISCRETIONARY,"""Trak-"
CONSUMER DISCRETIONARY,"""Tre"
CONSUMER DISCRETIONARY,"""Trem"
CONSUMER DISCRETIONARY,"""Tremb"
CONSUMER DISCRETIONARY,"""UK"
CONSUMER DISCRETIONARY,"""UKR"
CONSUMER DISCRETIONARY,"""UKRV"
CONSUMER DISCRETIONARY,"""UKRVE"
CONSUMER DISCRETIONARY,"""UKRZ"
CONSUMER DISCRETIONARY,"""UKRZO"
CONSUMER DISCRETIONARY,"""UP"
CONSUMER DISCRETIONARY,"""UPE"
CONSUMER DISCRETIONARY,"""UPEK"
CONSUMER DISCRETIONARY,"""UPEK"""
CONSUMER DISCRETIONARY,"""Uk"
CONSUMER DISCRETIONARY,"""Ukr"
CONSUMER DISCRETIONARY,"""Ukra"
CONSUMER DISCRETIONARY,"""Ukrah"
CONSUMER DISCRETIONARY,"""Ukri"
CONSUMER DISCRETIONARY,"""Ukrie"
CONSUMER DISCRETIONARY,"""Ukrk"
CONSUMER DISCRETIONARY,"""Ukrka"
CONSUMER DISCRETIONARY,"""Ukrl"
CONSUMER DISCRETIONARY,"""Ukrlo"
CONSUMER DISCRETIONARY,"""Ukrs"
CONSUMER DISCRETIONARY,"""Ukrsv"
CONSUMER DISCRETIONARY,"""Ut"
CONSUMER DISCRETIONARY,"""Ute"
CONSUMER DISCRETIONARY,"""Uter"
CONSUMER DISCRETIONARY,"""Uterk"
CONSUMER DISCRETIONARY,"""VE"
CONSUMER DISCRETIONARY,"""VER"
CONSUMER DISCRETIONARY,"""VERY"
CONSUMER DISCRETIONARY,"""VERYT"
CONSUMER DISCRETIONARY,"""VI"
CONSUMER DISCRETIONARY,"""VIR"
CONSUMER DISCRETIONARY,"""VIRA"
CONSUMER DISCRETIONARY,"""VIRAT"
CONSUMER DISCRETIONARY,"""Va"
CONSUMER DISCRETIONARY,"""Val"
CONSUMER DISCRETIONARY,"""Valt"
CONSUMER DISCRETIONARY,"""Valte"
CONSUMER DISCRETIONARY,"""Ve"
CONSUMER DISCRETIONARY,"""Ver"
CONSUMER DISCRETIONARY,"""Vert"
CONSUMER DISCRETIONARY,"""Verte"
CONSUMER DISCRETIONARY,"""Vi"
CONSUMER DISCRETIONARY,"""Vid"
CONSUMER DISCRETIONARY,"""Vide"
CONSUMER DISCRETIONARY,"""Video"
CONSUMER DISCRETIONARY,"""Vik"
CONSUMER DISCRETIONARY,"""Viko"
CONSUMER DISCRETIONARY,"""Vikom"
CONSUMER DISCRETIONARY,"""Vil"
CONSUMER DISCRETIONARY,"""Vils"
CONSUMER DISCRETIONARY,"""Vils-"
CONSUMER DISCRETIONARY,"""Vit"
CONSUMER DISCRETIONARY,"""Vito"
CONSUMER DISCRETIONARY,"""Vitol"
CONSUMER DISCRETIONARY,"""Vo"
CONSUMER DISCRETIONARY,"""Vol"
CONSUMER DISCRETIONARY,"""Voly"
CONSUMER DISCRETIONARY,"""Volyn"
CONSUMER DISCRETIONARY,"""Vor"
CONSUMER DISCRETIONARY,"""Vort"
CONSUMER DISCRETIONARY,"""Vorte"
CONSUMER DISCRETIONARY,"""Vos"
CONSUMER DISCRETIONARY,"""Vost"
CONSUMER DISCRETIONARY,"""Vosto"
CONSUMER DISCRETIONARY,"""YA"
CONSUMER DISCRETIONARY,"""YAK"
CONSUMER DISCRETIONARY,"""YAKA"
CONSUMER DISCRETIONARY,"""YAKAB"
CONSUMER DISCRETIONARY,"""YAR"
CONSUMER DISCRETIONARY,"""YARD"
CONSUMER DISCRETIONARY,"""YARDA"
CONSUMER DISCRETIONARY,"""YAr"
CONSUMER DISCRETIONARY,"""YAro"
CONSUMER DISCRETIONARY,"""YArop"
CONSUMER DISCRETIONARY,"""Ya"
CONSUMER DISCRETIONARY,"""Yak"
CONSUMER DISCRETIONARY,"""Yaka"
CONSUMER DISCRETIONARY,"""Yakab"
CONSUMER DISCRETIONARY,"""Yar"
CONSUMER DISCRETIONARY,"""Yaro"
CONSUMER DISCRETIONARY,"""Yaros"
CONSUMER DISCRETIONARY,"""Yas"
CONSUMER DISCRETIONARY,"""Yase"
CONSUMER DISCRETIONARY,"""Yasen"
CONSUMER DISCRETIONARY,"""Yav"
CONSUMER DISCRETIONARY,"""Yavi"
CONSUMER DISCRETIONARY,"""Yavir"
CONSUMER DISCRETIONARY,"""Ye"
CONSUMER DISCRETIONARY,"""YeM"
CONSUMER DISCRETIONARY,"""YeMI"
CONSUMER DISCRETIONARY,"""YeMIL"
CONSUMER DISCRETIONARY,"""Yev"
CONSUMER DISCRETIONARY,"""Yevr"
CONSUMER DISCRETIONARY,"""Yevro"
CONSUMER DISCRETIONARY,"""Yu"
CONSUMER DISCRETIONARY,"""Yuk"
CONSUMER DISCRETIONARY,"""ZA"
CONSUMER DISCRETIONARY,"""ZAK"
CONSUMER DISCRETIONARY,"""ZAKH"
CONSUMER DISCRETIONARY,"""ZAKHI"
CONSUMER DISCRETIONARY,"""Za"
CONSUMER DISCRETIONARY,"""Zah"
CONSUMER DISCRETIONARY,"""Zahi"
CONSUMER DISCRETIONARY,"""Zahid"
CONSUMER DISCRETIONARY,"""Zak"
CONSUMER DISCRETIONARY,"""Zakh"
CONSUMER DISCRETIONARY,"""Zakhi"
CONSUMER DISCRETIONARY,"""Zh"
CONSUMER DISCRETIONARY,"""Zhy"
CONSUMER DISCRETIONARY,"""Zhyt"
CONSUMER DISCRETIONARY,"""Zhyto"
CONSUMER DISCRETIONARY,"""Zo"
CONSUMER DISCRETIONARY,"""Zod"
CONSUMER DISCRETIONARY,"""Zodc"
CONSUMER DISCRETIONARY,"""Zodch"
CONSUMER DISCRETIONARY,''P
CONSUMER DISCRETIONARY,''PO
CONSUMER DISCRETIONARY,''POD
CONSUMER DISCRETIONARY,''PODI
CONSUMER DISCRETIONARY,'AV
CONSUMER DISCRETIONARY,'AVT
CONSUMER DISCRETIONARY,'AVTO
CONSUMER DISCRETIONARY,'AVTO-
CONSUMER DISCRETIONARY,'Ah
CONSUMER DISCRETIONARY,'Ahr
CONSUMER DISCRETIONARY,'Ahro
CONSUMER DISCRETIONARY,'Ahrop
CONSUMER DISCRETIONARY,'Ar
CONSUMER DISCRETIONARY,'Arh
CONSUMER DISCRETIONARY,'Arho
CONSUMER DISCRETIONARY,'Arho-
CONSUMER DISCRETIONARY,'Av
CONSUMER DISCRETIONARY,'Avt
CONSUMER DISCRETIONARY,'Avto
CONSUMER DISCRETIONARY,'Avtol
CONSUMER DISCRETIONARY,'Avtop
CONSUMER DISCRETIONARY,'BL
CONSUMER DISCRETIONARY,'BLE
CONSUMER DISCRETIONARY,'BLEI
CONSUMER DISCRETIONARY,'BLEID
CONSUMER DISCRETIONARY,'Ek
CONSUMER DISCRETIONARY,'Eko
CONSUMER DISCRETIONARY,'Ekop
CONSUMER DISCRETIONARY,'Ekopr
CONSUMER DISCRETIONARY,'Ka
CONSUMER DISCRETIONARY,'Kap
CONSUMER DISCRETIONARY,'Kapi
CONSUMER DISCRETIONARY,'Kapit
CONSUMER DISCRETIONARY,'Kapr
CONSUMER DISCRETIONARY,'Kapri
CONSUMER DISCRETIONARY,'N-
CONSUMER DISCRETIONARY,'N-A
CONSUMER DISCRETIONARY,'N-AV
CONSUMER DISCRETIONARY,'N-AVT
CONSUMER DISCRETIONARY,'Na
CONSUMER DISCRETIONARY,'Nat
CONSUMER DISCRETIONARY,'Nata
CONSUMER DISCRETIONARY,'Natal
CONSUMER DISCRETIONARY,'OK
CONSUMER DISCRETIONARY,'OKK
CONSUMER DISCRETIONARY,'OKKO
CONSUMER DISCRETIONARY,'OKKO-
CONSUMER DISCRETIONARY,'PM
CONSUMER DISCRETIONARY,'PMK
CONSUMER DISCRETIONARY,'PMK-
CONSUMER DISCRETIONARY,'PMK-7
CONSUMER DISCRETIONARY,'SK
CONSUMER DISCRETIONARY,'SKh
CONSUMER DISCRETIONARY,'SKhI
CONSUMER DISCRETIONARY,'SKhID
CONSUMER DISCRETIONARY,'Sk
CONSUMER DISCRETIONARY,'Skv
CONSUMER DISCRETIONARY,'Skvy
CONSUMER DISCRETIONARY,'Skvyr
CONSUMER DISCRETIONARY,'TD
CONSUMER DISCRETIONARY,'TD'
CONSUMER DISCRETIONARY,'TD'P
CONSUMER DISCRETIONARY,'TD'Pl
CONSUMER DISCRETIONARY,ADI
CONSUMER DISCRETIONARY,ADID
CONSUMER DISCRETIONARY,ADIDA
CONSUMER DISCRETIONARY,ADIDAS
CONSUMER DISCRETIONARY,AHR
CONSUMER DISCRETIONARY,AHRO
CONSUMER DISCRETIONARY,AHROM
CONSUMER DISCRETIONARY,AHROMA
CONSUMER DISCRETIONARY,AKK
CONSUMER DISCRETIONARY,AKKO
CONSUMER DISCRETIONARY,AKV
CONSUMER DISCRETIONARY,AKVI
CONSUMER DISCRETIONARY,AKVIL
CONSUMER DISCRETIONARY,AKVILO
CONSUMER DISCRETIONARY,AL'
CONSUMER DISCRETIONARY,AL'T
CONSUMER DISCRETIONARY,AL'Ts
CONSUMER DISCRETIONARY,AL'TsE
CONSUMER DISCRETIONARY,ALL
CONSUMER DISCRETIONARY,ALLI
CONSUMER DISCRETIONARY,ALLIA
CONSUMER DISCRETIONARY,ALLIAN
CONSUMER DISCRETIONARY,ARO
CONSUMER DISCRETIONARY,AROM
CONSUMER DISCRETIONARY,AROMA
CONSUMER DISCRETIONARY,AROMAT
CONSUMER DISCRETIONARY,AVA
CONSUMER DISCRETIONARY,AVAN
CONSUMER DISCRETIONARY,AVANT
CONSUMER DISCRETIONARY,AVANTI
CONSUMER DISCRETIONARY,AVT
CONSUMER DISCRETIONARY,AVTO
CONSUMER DISCRETIONARY,AVTOD
CONSUMER DISCRETIONARY,AVTODY
CONSUMER DISCRETIONARY,AVTOH
CONSUMER DISCRETIONARY,AVTOHA
CONSUMER DISCRETIONARY,AVTOS
CONSUMER DISCRETIONARY,AVTOSE
CONSUMER DISCRETIONARY,AVTOSO
CONSUMER DISCRETIONARY,AVTOT
CONSUMER DISCRETIONARY,AVTOTS
CONSUMER DISCRETIONARY,AZO
CONSUMER DISCRETIONARY,AZOV
CONSUMER DISCRETIONARY,AZOVM
CONSUMER DISCRETIONARY,AZOVMO
CONSUMER DISCRETIONARY,Adm
CONSUMER DISCRETIONARY,Admi
CONSUMER DISCRETIONARY,Admik
CONSUMER DISCRETIONARY,Admiks
CONSUMER DISCRETIONARY,Agr
CONSUMER DISCRETIONARY,Agre
CONSUMER DISCRETIONARY,Agree
CONSUMER DISCRETIONARY,Agreen
CONSUMER DISCRETIONARY,Ahr
CONSUMER DISCRETIONARY,Ahro
CONSUMER DISCRETIONARY,Ahrom
CONSUMER DISCRETIONARY,Ahroma
CONSUMER DISCRETIONARY,Akk
CONSUMER DISCRETIONARY,Akko
CONSUMER DISCRETIONARY,Akko-
CONSUMER DISCRETIONARY,Akko-I
CONSUMER DISCRETIONARY,Akko-M
CONSUMER DISCRETIONARY,Akv
CONSUMER DISCRETIONARY,Akvi
CONSUMER DISCRETIONARY,Akvil
CONSUMER DISCRETIONARY,Akvilo
CONSUMER DISCRETIONARY,Ali
CONSUMER DISCRETIONARY,Alia
CONSUMER DISCRETIONARY,Alian
CONSUMER DISCRETIONARY,Alians
CONSUMER DISCRETIONARY,Alk
CONSUMER DISCRETIONARY,Alko
CONSUMER DISCRETIONARY,Alkot
CONSUMER DISCRETIONARY,Alkote
CONSUMER DISCRETIONARY,All
CONSUMER DISCRETIONARY,Allo
CONSUMER DISCRETIONARY,Alt
CONSUMER DISCRETIONARY,Alta
CONSUMER DISCRETIONARY,Altan
CONSUMER DISCRETIONARY,Altana
CONSUMER DISCRETIONARY,Art
CONSUMER DISCRETIONARY,Arti
CONSUMER DISCRETIONARY,Atl
CONSUMER DISCRETIONARY,Atla
CONSUMER DISCRETIONARY,Atlan
CONSUMER DISCRETIONARY,Atlant
CONSUMER DISCRETIONARY,Ava
CONSUMER DISCRETIONARY,Avan
CONSUMER DISCRETIONARY,Avant
CONSUMER DISCRETIONARY,Avante
CONSUMER DISCRETIONARY,Ave
CONSUMER DISCRETIONARY,Aver
CONSUMER DISCRETIONARY,Avers
CONSUMER DISCRETIONARY,Aversk
CONSUMER DISCRETIONARY,Avt
CONSUMER DISCRETIONARY,Avte
CONSUMER DISCRETIONARY,Avtek
CONSUMER DISCRETIONARY,Avto
CONSUMER DISCRETIONARY,Avto-
CONSUMER DISCRETIONARY,Avto-P
CONSUMER DISCRETIONARY,Avtoh
CONSUMER DISCRETIONARY,Avtoha
CONSUMER DISCRETIONARY,Avtos
CONSUMER DISCRETIONARY,Avtoso
CONSUMER DISCRETIONARY,Avtov
CONSUMER DISCRETIONARY,Avtovi
CONSUMER DISCRETIONARY,BAS
CONSUMER DISCRETIONARY,BASH
CONSUMER DISCRETIONARY,BASHA
CONSUMER DISCRETIONARY,BASHAR
CONSUMER DISCRETIONARY,BEG
CONSUMER DISCRETIONARY,BEG-
CONSUMER DISCRETIONARY,BEG-A
CONSUMER DISCRETIONARY,BEG-AV
CONSUMER DISCRETIONARY,BIE
CONSUMER DISCRETIONARY,BIEL
CONSUMER DISCRETIONARY,BIELA
CONSUMER DISCRETIONARY,BIELAH
CONSUMER DISCRETIONARY,BIO
CONSUMER DISCRETIONARY,BIOL
CONSUMER DISCRETIONARY,BLI
CONSUMER DISCRETIONARY,BLIT
CONSUMER DISCRETIONARY,BLITS
CONSUMER DISCRETIONARY,BLITS-
CONSUMER DISCRETIONARY,BUD
CONSUMER DISCRETIONARY,BUDM
CONSUMER DISCRETIONARY,BUDMA
CONSUMER DISCRETIONARY,BUDMAK
CONSUMER DISCRETIONARY,BUDS
CONSUMER DISCRETIONARY,BUDSE
CONSUMER DISCRETIONARY,BUDSER
CONSUMER DISCRETIONARY,BUDSH
CONSUMER DISCRETIONARY,BUDSHL
CONSUMER DISCRETIONARY,Beb
CONSUMER DISCRETIONARY,Bebk
CONSUMER DISCRETIONARY,Bebko
CONSUMER DISCRETIONARY,Beh
CONSUMER DISCRETIONARY,Behl
CONSUMER DISCRETIONARY,Behly
CONSUMER DISCRETIONARY,Behlyi
CONSUMER DISCRETIONARY,Bil
CONSUMER DISCRETIONARY,Bilt
CONSUMER DISCRETIONARY,Bilte
CONSUMER DISCRETIONARY,Biltek
CONSUMER DISCRETIONARY,Ble
CONSUMER DISCRETIONARY,Blei
CONSUMER DISCRETIONARY,Bleid
CONSUMER DISCRETIONARY,Btl
CONSUMER DISCRETIONARY,Bud
CONSUMER DISCRETIONARY,Budp
CONSUMER DISCRETIONARY,Budpo
CONSUMER DISCRETIONARY,Budpos
CONSUMER DISCRETIONARY,Buds
CONSUMER DISCRETIONARY,Budsh
CONSUMER DISCRETIONARY,Budshl
CONSUMER DISCRETIONARY,Buk
CONSUMER DISCRETIONARY,Buko
CONSUMER DISCRETIONARY,Bukov
CONSUMER DISCRETIONARY,Bukove
CONSUMER DISCRETIONARY,Bus
CONSUMER DISCRETIONARY,Buse
CONSUMER DISCRETIONARY,Busel
CONSUMER DISCRETIONARY,Busel-
CONSUMER DISCRETIONARY,Ch.
CONSUMER DISCRETIONARY,Ch.A
CONSUMER DISCRETIONARY,Ch.A.
CONSUMER DISCRETIONARY,Ch.A.S
CONSUMER DISCRETIONARY,Com
CONSUMER DISCRETIONARY,Comf
CONSUMER DISCRETIONARY,Comfy
CONSUMER DISCRETIONARY,Con
CONSUMER DISCRETIONARY,Cont
CONSUMER DISCRETIONARY,Conti
CONSUMER DISCRETIONARY,Contin
CONSUMER DISCRETIONARY,DAN
CONSUMER DISCRETIONARY,DANI
CONSUMER DISCRETIONARY,DANIE
CONSUMER DISCRETIONARY,DANIEL
CONSUMER DISCRETIONARY,DNI
CONSUMER DISCRETIONARY,DNIP
CONSUMER DISCRETIONARY,DNIPR
CONSUMER DISCRETIONARY,DNIPRO
CONSUMER DISCRETIONARY,DON
CONSUMER DISCRETIONARY,DONL
CONSUMER DISCRETIONARY,DONLE
CONSUMER DISCRETIONARY,DONLEK
CONSUMER DISCRETIONARY,Dar
CONSUMER DISCRETIONARY,Dars
CONSUMER DISCRETIONARY,Diu
CONSUMER DISCRETIONARY,Diun
CONSUMER DISCRETIONARY,Diuna
CONSUMER DISCRETIONARY,Diuna-
CONSUMER DISCRETIONARY,Dni
CONSUMER DISCRETIONARY,Dnip
CONSUMER DISCRETIONARY,Dnipr
CONSUMER DISCRETIONARY,Dnipro
CONSUMER DISCRETIONARY,Dyl
CONSUMER DISCRETIONARY,Dyle
CONSUMER DISCRETIONARY,Dyler
CONSUMER DISCRETIONARY,Dyler-
CONSUMER DISCRETIONARY,ELE
CONSUMER DISCRETIONARY,ELEK
CONSUMER DISCRETIONARY,ELEKT
CONSUMER DISCRETIONARY,ELEKTP
CONSUMER DISCRETIONARY,EPI
CONSUMER DISCRETIONARY,EPIT
CONSUMER DISCRETIONARY,EPITS
CONSUMER DISCRETIONARY,EPITSE
CONSUMER DISCRETIONARY,EVA
CONSUMER DISCRETIONARY,Ele
CONSUMER DISCRETIONARY,Elec
CONSUMER DISCRETIONARY,Elect
CONSUMER DISCRETIONARY,Electr
CONSUMER DISCRETIONARY,Elek
CONSUMER DISCRETIONARY,Elekt
CONSUMER DISCRETIONARY,Elektr
CONSUMER DISCRETIONARY,Epi
CONSUMER DISCRETIONARY,Epit
CONSUMER DISCRETIONARY,Epits
CONSUMER DISCRETIONARY,Epitse
CONSUMER DISCRETIONARY,Esk
CONSUMER DISCRETIONARY,Esko
CONSUMER DISCRETIONARY,Evr
CONSUMER DISCRETIONARY,Evro
CONSUMER DISCRETIONARY,Evro-
CONSUMER DISCRETIONARY,Evro-T
CONSUMER DISCRETIONARY,Evv
CONSUMER DISCRETIONARY,Evvi
CONSUMER DISCRETIONARY,Evviv
CONSUMER DISCRETIONARY,Evviva
CONSUMER DISCRETIONARY,FAI
CONSUMER DISCRETIONARY,FAIB
CONSUMER DISCRETIONARY,FAIBE
CONSUMER DISCRETIONARY,FAIBER
CONSUMER DISCRETIONARY,FIL
CONSUMER DISCRETIONARY,FILD
CONSUMER DISCRETIONARY,FILDE
CONSUMER DISCRETIONARY,FILDES
CONSUMER DISCRETIONARY,FIR
CONSUMER DISCRETIONARY,FIRM
CONSUMER DISCRETIONARY,FIRMA
CONSUMER DISCRETIONARY,Fae
CONSUMER DISCRETIONARY,Faet
CONSUMER DISCRETIONARY,Faeto
CONSUMER DISCRETIONARY,Faeton
CONSUMER DISCRETIONARY,Fla
CONSUMER DISCRETIONARY,Flam
CONSUMER DISCRETIONARY,Flame
CONSUMER DISCRETIONARY,Flamen
CONSUMER DISCRETIONARY,For
CONSUMER DISCRETIONARY,Foru
CONSUMER DISCRETIONARY,Forum
CONSUMER DISCRETIONARY,Forumt
CONSUMER DISCRETIONARY,Fox
CONSUMER DISCRETIONARY,Foxt
CONSUMER DISCRETIONARY,Foxtr
CONSUMER DISCRETIONARY,Foxtro
CONSUMER DISCRETIONARY,Gre
CONSUMER DISCRETIONARY,Gren
CONSUMER DISCRETIONARY,Grene
CONSUMER DISCRETIONARY,HEK
CONSUMER DISCRETIONARY,HEKO
CONSUMER DISCRETIONARY,HEKO-
CONSUMER DISCRETIONARY,HEKO-T
CONSUMER DISCRETIONARY,HRA
CONSUMER DISCRETIONARY,HRAN
CONSUMER DISCRETIONARY,HRAND
CONSUMER DISCRETIONARY,Her
CONSUMER DISCRETIONARY,Hert
CONSUMER DISCRETIONARY,Hertt
CONSUMER DISCRETIONARY,Hertts
CONSUMER DISCRETIONARY,Hor
CONSUMER DISCRETIONARY,Hore
CONSUMER DISCRETIONARY,Horen
CONSUMER DISCRETIONARY,Horeni
CONSUMER DISCRETIONARY,Hre
CONSUMER DISCRETIONARY,Hrei
CONSUMER DISCRETIONARY,Hreid
CONSUMER DISCRETIONARY,Hri
CONSUMER DISCRETIONARY,Hrik
CONSUMER DISCRETIONARY,Hriko
CONSUMER DISCRETIONARY,IAN
CONSUMER DISCRETIONARY,IANT
CONSUMER DISCRETIONARY,IANTA
CONSUMER DISCRETIONARY,IANTAR
CONSUMER DISCRETIONARY,IEV
CONSUMER DISCRETIONARY,IEVR
CONSUMER DISCRETIONARY,IEVRO
CONSUMER DISCRETIONARY,IEVROP
CONSUMER DISCRETIONARY,ILT
CONSUMER DISCRETIONARY,ILTA
CONSUMER DISCRETIONARY,ILTA-
CONSUMER DISCRETIONARY,ILTA-L
CONSUMER DISCRETIONARY,INV
CONSUMER DISCRETIONARY,INVE
CONSUMER DISCRETIONARY,INVES
CONSUMER DISCRETIONARY,INVEST
CONSUMER DISCRETIONARY,ITA
CONSUMER DISCRETIONARY,ITAL
CONSUMER DISCRETIONARY,ITALM
CONSUMER DISCRETIONARY,ITALMO
CONSUMER DISCRETIONARY,Ias
CONSUMER DISCRETIONARY,Iase
CONSUMER DISCRETIONARY,Iasen
CONSUMER DISCRETIONARY,Ilt
CONSUMER DISCRETIONARY,Ilta
CONSUMER DISCRETIONARY,Ind
CONSUMER DISCRETIONARY,Indi
CONSUMER DISCRETIONARY,Indit
CONSUMER DISCRETIONARY,Indite
CONSUMER DISCRETIONARY,Int
CONSUMER DISCRETIONARY,Inte
CONSUMER DISCRETIONARY,Intel
CONSUMER DISCRETIONARY,Intelk
CONSUMER DISCRETIONARY,Inter
CONSUMER DISCRETIONARY,Interk
CONSUMER DISCRETIONARY,Inters
CONSUMER DISCRETIONARY,Inv
CONSUMER DISCRETIONARY,Inve
CONSUMER DISCRETIONARY,Inves
CONSUMER DISCRETIONARY,Invest
CONSUMER DISCRETIONARY,Ist
CONSUMER DISCRETIONARY,Isto
CONSUMER DISCRETIONARY,Istok
CONSUMER DISCRETIONARY,Istok-
CONSUMER DISCRETIONARY,KAL
CONSUMER DISCRETIONARY,KALI
CONSUMER DISCRETIONARY,KALIN
CONSUMER DISCRETIONARY,KALINA
CONSUMER DISCRETIONARY,KAR
CONSUMER DISCRETIONARY,KARC
CONSUMER DISCRETIONARY,KARCH
CONSUMER DISCRETIONARY,KARCHE
CONSUMER DISCRETIONARY,KON
CONSUMER DISCRETIONARY,KONK
CONSUMER DISCRETIONARY,KONKO
CONSUMER DISCRETIONARY,KONKOR
CONSUMER DISCRETIONARY,KOS
CONSUMER DISCRETIONARY,KOST
CONSUMER DISCRETIONARY,KOSTA
CONSUMER DISCRETIONARY,KOSTAL
CONSUMER DISCRETIONARY,KOU
CONSUMER DISCRETIONARY,KOUT
CONSUMER DISCRETIONARY,KOUTS
CONSUMER DISCRETIONARY,KYI
CONSUMER DISCRETIONARY,KYIU
CONSUMER DISCRETIONARY,KYIUR
CONSUMER DISCRETIONARY,KYIURO
CONSUMER DISCRETIONARY,Kar
CONSUMER DISCRETIONARY,Kara
CONSUMER DISCRETIONARY,Karat
CONSUMER DISCRETIONARY,Karm
CONSUMER DISCRETIONARY,Karme
CONSUMER DISCRETIONARY,Karmen
CONSUMER DISCRETIONARY,Kas
CONSUMER DISCRETIONARY,Kast
CONSUMER DISCRETIONARY,Kasta
CONSUMER DISCRETIONARY,Kef
CONSUMER DISCRETIONARY,Kefe
CONSUMER DISCRETIONARY,Kefei
CONSUMER DISCRETIONARY,Ker
CONSUMER DISCRETIONARY,Kera
CONSUMER DISCRETIONARY,Keram
CONSUMER DISCRETIONARY,Kerami
CONSUMER DISCRETIONARY,Kon
CONSUMER DISCRETIONARY,Kons
CONSUMER DISCRETIONARY,Konst
CONSUMER DISCRETIONARY,Konstr
CONSUMER DISCRETIONARY,L-M
CONSUMER DISCRETIONARY,L-Ma
CONSUMER DISCRETIONARY,L-Mas
CONSUMER DISCRETIONARY,L-Mast
CONSUMER DISCRETIONARY,LIL
CONSUMER DISCRETIONARY,LILI
CONSUMER DISCRETIONARY,LILII
CONSUMER DISCRETIONARY,LILIIA
CONSUMER DISCRETIONARY,LPS
CONSUMER DISCRETIONARY,LYT
CONSUMER DISCRETIONARY,LYTL
CONSUMER DISCRETIONARY,LYTLA
CONSUMER DISCRETIONARY,LYTLAI
CONSUMER DISCRETIONARY,Lah
CONSUMER DISCRETIONARY,Lahr
CONSUMER DISCRETIONARY,Lahro
CONSUMER DISCRETIONARY,Lahros
CONSUMER DISCRETIONARY,Lan
CONSUMER DISCRETIONARY,Lana
CONSUMER DISCRETIONARY,Lanat
CONSUMER DISCRETIONARY,Lanate
CONSUMER DISCRETIONARY,Lau
CONSUMER DISCRETIONARY,Laur
CONSUMER DISCRETIONARY,Laura
CONSUMER DISCRETIONARY,Lih
CONSUMER DISCRETIONARY,Liha
CONSUMER DISCRETIONARY,Liha-
CONSUMER DISCRETIONARY,Liha-N
CONSUMER DISCRETIONARY,M-F
CONSUMER DISCRETIONARY,M-Fo
CONSUMER DISCRETIONARY,M-Fon
CONSUMER DISCRETIONARY,MAN
CONSUMER DISCRETIONARY,MANI
CONSUMER DISCRETIONARY,MANIE
CONSUMER DISCRETIONARY,MANIEF
CONSUMER DISCRETIONARY,MED
CONSUMER DISCRETIONARY,MEDT
CONSUMER DISCRETIONARY,MEDTE
CONSUMER DISCRETIONARY,MEDTER
CONSUMER DISCRETIONARY,MEL
CONSUMER DISCRETIONARY,MELO
CONSUMER DISCRETIONARY,MELOS
CONSUMER DISCRETIONARY,MELOS-
CONSUMER DISCRETIONARY,MID
CONSUMER DISCRETIONARY,MIDO
CONSUMER DISCRETIONARY,MIDO-
CONSUMER DISCRETIONARY,MIDO-I
CONSUMER DISCRETIONARY,MOD
CONSUMER DISCRETIONARY,MODE
CONSUMER DISCRETIONARY,MODER
CONSUMER DISCRETIONARY,MODERN
CONSUMER DISCRETIONARY,MON
CONSUMER DISCRETIONARY,MONK
CONSUMER DISCRETIONARY,MONKL
CONSUMER DISCRETIONARY,MONKLE
CONSUMER DISCRETIONARY,MTI
CONSUMER DISCRETIONARY,Mai
CONSUMER DISCRETIONARY,Maia
CONSUMER DISCRETIONARY,Maiak
CONSUMER DISCRETIONARY,Mal
CONSUMER DISCRETIONARY,Mala
CONSUMER DISCRETIONARY,Malaf
CONSUMER DISCRETIONARY,Malafa
CONSUMER DISCRETIONARY,Mam
CONSUMER DISCRETIONARY,Mamy
CONSUMER DISCRETIONARY,Mamyn
CONSUMER DISCRETIONARY,Mar
CONSUMER DISCRETIONARY,Mart
CONSUMER DISCRETIONARY,Marty
CONSUMER DISCRETIONARY,Martyn
CONSUMER DISCRETIONARY,Mat
CONSUMER DISCRETIONARY,Matr
CONSUMER DISCRETIONARY,Matro
CONSUMER DISCRETIONARY,Matrol
CONSUMER DISCRETIONARY,Meb
CONSUMER DISCRETIONARY,Mebe
CONSUMER DISCRETIONARY,Mebel
CONSUMER DISCRETIONARY,Mebel-
CONSUMER DISCRETIONARY,Med
CONSUMER DISCRETIONARY,Medi
CONSUMER DISCRETIONARY,Media
CONSUMER DISCRETIONARY,Median
CONSUMER DISCRETIONARY,Medt
CONSUMER DISCRETIONARY,Medte
CONSUMER DISCRETIONARY,Medter
CONSUMER DISCRETIONARY,Meh
CONSUMER DISCRETIONARY,Meha
CONSUMER DISCRETIONARY,Mehal
CONSUMER DISCRETIONARY,Mehala
CONSUMER DISCRETIONARY,Met
CONSUMER DISCRETIONARY,Metr
CONSUMER DISCRETIONARY,Metro
CONSUMER DISCRETIONARY,Metrop
CONSUMER DISCRETIONARY,Mid
CONSUMER DISCRETIONARY,Mido
CONSUMER DISCRETIONARY,Mido-
CONSUMER DISCRETIONARY,Mido-I
CONSUMER DISCRETIONARY,Mir
CONSUMER DISCRETIONARY,Mirs
CONSUMER DISCRETIONARY,Mon
CONSUMER DISCRETIONARY,Mono
CONSUMER DISCRETIONARY,Monol
CONSUMER DISCRETIONARY,Monoli
CONSUMER DISCRETIONARY,Mti
CONSUMER DISCRETIONARY,NNK
CONSUMER DISCRETIONARY,NNK-
CONSUMER DISCRETIONARY,Nad
CONSUMER DISCRETIONARY,Nade
CONSUMER DISCRETIONARY,Nadez
CONSUMER DISCRETIONARY,Nadezh
CONSUMER DISCRETIONARY,Nob
CONSUMER DISCRETIONARY,Nobl
CONSUMER DISCRETIONARY,Noble
CONSUMER DISCRETIONARY,Nobles
CONSUMER DISCRETIONARY,Nov
CONSUMER DISCRETIONARY,Novi
CONSUMER DISCRETIONARY,Novit
CONSUMER DISCRETIONARY,Novite
CONSUMER DISCRETIONARY,ODV
CONSUMER DISCRETIONARY,ODV-
CONSUMER DISCRETIONARY,ODV-E
CONSUMER DISCRETIONARY,ODV-El
CONSUMER DISCRETIONARY,OIS
CONSUMER DISCRETIONARY,OISh
CONSUMER DISCRETIONARY,OIShO
CONSUMER DISCRETIONARY,OKK
CONSUMER DISCRETIONARY,OKKO
CONSUMER DISCRETIONARY,OKKO-
CONSUMER DISCRETIONARY,OKKO-B
CONSUMER DISCRETIONARY,OKKO-N
CONSUMER DISCRETIONARY,OKKO-S
CONSUMER DISCRETIONARY,OPT
CONSUMER DISCRETIONARY,OPTI
CONSUMER DISCRETIONARY,OPTIM
CONSUMER DISCRETIONARY,OPTIMA
CONSUMER DISCRETIONARY,Ome
CONSUMER DISCRETIONARY,Omeg
CONSUMER DISCRETIONARY,Omega
CONSUMER DISCRETIONARY,Omega-
CONSUMER DISCRETIONARY,Opt
CONSUMER DISCRETIONARY,Opti
CONSUMER DISCRETIONARY,Optim
CONSUMER DISCRETIONARY,Optima
CONSUMER DISCRETIONARY,PEH
CONSUMER DISCRETIONARY,PEHA
CONSUMER DISCRETIONARY,PEHAS
CONSUMER DISCRETIONARY,PEL
CONSUMER DISCRETIONARY,PELI
CONSUMER DISCRETIONARY,PELIK
CONSUMER DISCRETIONARY,PELIKA
CONSUMER DISCRETIONARY,PKH
CONSUMER DISCRETIONARY,POD
CONSUMER DISCRETIONARY,PODI
CONSUMER DISCRETIONARY,PODIL
CONSUMER DISCRETIONARY,PODILL
CONSUMER DISCRETIONARY,POR
CONSUMER DISCRETIONARY,PORT
CONSUMER DISCRETIONARY,PORTL
CONSUMER DISCRETIONARY,PORTLA
CONSUMER DISCRETIONARY,PPA
CONSUMER DISCRETIONARY,PRA
CONSUMER DISCRETIONARY,PRAH
CONSUMER DISCRETIONARY,PRAHA
CONSUMER DISCRETIONARY,PRE
CONSUMER DISCRETIONARY,PREK
CONSUMER DISCRETIONARY,PREKS
CONSUMER DISCRETIONARY,PREKSI
CONSUMER DISCRETIONARY,PSP
CONSUMER DISCRETIONARY,PYa
CONSUMER DISCRETIONARY,PYaT
CONSUMER DISCRETIONARY,PYaTY
CONSUMER DISCRETIONARY,PYaTYI
CONSUMER DISCRETIONARY,Par
CONSUMER DISCRETIONARY,Parf
CONSUMER DISCRETIONARY,Parfi
CONSUMER DISCRETIONARY,Parfiu
CONSUMER DISCRETIONARY,Pel
CONSUMER DISCRETIONARY,Peli
CONSUMER DISCRETIONARY,Pelik
CONSUMER DISCRETIONARY,Pelika
CONSUMER DISCRETIONARY,Pla
CONSUMER DISCRETIONARY,Plat
CONSUMER DISCRETIONARY,Plata
CONSUMER DISCRETIONARY,Platan
CONSUMER DISCRETIONARY,Pol
CONSUMER DISCRETIONARY,Polt
CONSUMER DISCRETIONARY,Polte
CONSUMER DISCRETIONARY,Poltek
CONSUMER DISCRETIONARY,Pre
CONSUMER DISCRETIONARY,Prek
CONSUMER DISCRETIONARY,Preks
CONSUMER DISCRETIONARY,Preksi
CONSUMER DISCRETIONARY,Pro
CONSUMER DISCRETIONARY,Prod
CONSUMER DISCRETIONARY,Prodr
CONSUMER DISCRETIONARY,Prodre
CONSUMER DISCRETIONARY,REN
CONSUMER DISCRETIONARY,RENT
CONSUMER DISCRETIONARY,RENTO
CONSUMER DISCRETIONARY,RENTOO
CONSUMER DISCRETIONARY,ROD
CONSUMER DISCRETIONARY,RODN
CONSUMER DISCRETIONARY,RODNO
CONSUMER DISCRETIONARY,RODNO-
CONSUMER DISCRETIONARY,ROS
CONSUMER DISCRETIONARY,ROSA
CONSUMER DISCRETIONARY,ROSAV
CONSUMER DISCRETIONARY,ROSAVT
CONSUMER DISCRETIONARY,Rb-
CONSUMER DISCRETIONARY,Rb-T
CONSUMER DISCRETIONARY,Rb-Tr
CONSUMER DISCRETIONARY,Rb-Tre
CONSUMER DISCRETIONARY,Rem
CONSUMER DISCRETIONARY,Rems
CONSUMER DISCRETIONARY,Rif
CONSUMER DISCRETIONARY,Rif-
CONSUMER DISCRETIONARY,Rif-1
CONSUMER DISCRETIONARY,Roz
CONSUMER DISCRETIONARY,Roze
CONSUMER DISCRETIONARY,Rozet
CONSUMER DISCRETIONARY,Rozetk
CONSUMER DISCRETIONARY,Ryf
CONSUMER DISCRETIONARY,SEZ
CONSUMER DISCRETIONARY,SEZH
CONSUMER DISCRETIONARY,SEZHE
CONSUMER DISCRETIONARY,SEZHET
CONSUMER DISCRETIONARY,SIM
CONSUMER DISCRETIONARY,SIM-
CONSUMER DISCRETIONARY,SIM-B
CONSUMER DISCRETIONARY,SIM-BA
CONSUMER DISCRETIONARY,SMI
CONSUMER DISCRETIONARY,SMIK
CONSUMER DISCRETIONARY,SMIKO
CONSUMER DISCRETIONARY,SOF
CONSUMER DISCRETIONARY,SOFI
CONSUMER DISCRETIONARY,SOFIT
CONSUMER DISCRETIONARY,SOFIT-
CONSUMER DISCRETIONARY,SPR
CONSUMER DISCRETIONARY,SPRY
CONSUMER DISCRETIONARY,SPRYN
CONSUMER DISCRETIONARY,SPRYNH
CONSUMER DISCRETIONARY,STA
CONSUMER DISCRETIONARY,STAL
CONSUMER DISCRETIONARY,STALE
CONSUMER DISCRETIONARY,STALEK
CONSUMER DISCRETIONARY,Sai
CONSUMER DISCRETIONARY,Saiu
CONSUMER DISCRETIONARY,Saiuz
CONSUMER DISCRETIONARY,San
CONSUMER DISCRETIONARY,Sand
CONSUMER DISCRETIONARY,Sande
CONSUMER DISCRETIONARY,Sander
CONSUMER DISCRETIONARY,Sat
CONSUMER DISCRETIONARY,Satu
CONSUMER DISCRETIONARY,Satur
CONSUMER DISCRETIONARY,Saturn
CONSUMER DISCRETIONARY,Shc
CONSUMER DISCRETIONARY,Shch
CONSUMER DISCRETIONARY,Shche
CONSUMER DISCRETIONARY,Shcher
CONSUMER DISCRETIONARY,Sit
CONSUMER DISCRETIONARY,Site
CONSUMER DISCRETIONARY,Siten
CONSUMER DISCRETIONARY,Sitenk
CONSUMER DISCRETIONARY,Siti
CONSUMER DISCRETIONARY,Sitip
CONSUMER DISCRETIONARY,Sitipe
CONSUMER DISCRETIONARY,Ska
CONSUMER DISCRETIONARY,Skan
CONSUMER DISCRETIONARY,Skand
CONSUMER DISCRETIONARY,Skandy
CONSUMER DISCRETIONARY,Ski
CONSUMER DISCRETIONARY,Skif
CONSUMER DISCRETIONARY,Skifi
CONSUMER DISCRETIONARY,Skifii
CONSUMER DISCRETIONARY,Sky
CONSUMER DISCRETIONARY,Skyd
CONSUMER DISCRETIONARY,Skydk
CONSUMER DISCRETIONARY,Skydka
CONSUMER DISCRETIONARY,Sof
CONSUMER DISCRETIONARY,Sofi
CONSUMER DISCRETIONARY,Sofit
CONSUMER DISCRETIONARY,Sofit-
CONSUMER DISCRETIONARY,Sta
CONSUMER DISCRETIONARY,Stab
CONSUMER DISCRETIONARY,Stc
CONSUMER DISCRETIONARY,Ste
CONSUMER DISCRETIONARY,Stem
CONSUMER DISCRETIONARY,Stema
CONSUMER DISCRETIONARY,Stemak
CONSUMER DISCRETIONARY,Svi
CONSUMER DISCRETIONARY,Svit
CONSUMER DISCRETIONARY,Svitl
CONSUMER DISCRETIONARY,Svitlo
CONSUMER DISCRETIONARY,TEK
CONSUMER DISCRETIONARY,TEKH
CONSUMER DISCRETIONARY,TEKHN
CONSUMER DISCRETIONARY,TEKHNO
CONSUMER DISCRETIONARY,TON
CONSUMER DISCRETIONARY,TONA
CONSUMER DISCRETIONARY,TONAL
CONSUMER DISCRETIONARY,TOV
CONSUMER DISCRETIONARY,"TOV"""
CONSUMER DISCRETIONARY,"TOV""I"
CONSUMER DISCRETIONARY,"TOV""IE"
CONSUMER DISCRETIONARY,"TOV""K"
CONSUMER DISCRETIONARY,"TOV""Ko"
CONSUMER DISCRETIONARY,TOV'
CONSUMER DISCRETIONARY,TOV'M
CONSUMER DISCRETIONARY,TOV'MO
CONSUMER DISCRETIONARY,TRY
CONSUMER DISCRETIONARY,TRYD
CONSUMER DISCRETIONARY,TRYDA
CONSUMER DISCRETIONARY,TSY
CONSUMER DISCRETIONARY,TSYV
CONSUMER DISCRETIONARY,TSYVI
CONSUMER DISCRETIONARY,TSYVIL
CONSUMER DISCRETIONARY,Tal
CONSUMER DISCRETIONARY,Tali
CONSUMER DISCRETIONARY,Talis
CONSUMER DISCRETIONARY,Talism
CONSUMER DISCRETIONARY,Tar
CONSUMER DISCRETIONARY,Tarl
CONSUMER DISCRETIONARY,Tarle
CONSUMER DISCRETIONARY,Tarlev
CONSUMER DISCRETIONARY,Tek
CONSUMER DISCRETIONARY,Tekh
CONSUMER DISCRETIONARY,Tekhn
CONSUMER DISCRETIONARY,Tekhni
CONSUMER DISCRETIONARY,Tih
CONSUMER DISCRETIONARY,Tihr
CONSUMER DISCRETIONARY,Tihre
CONSUMER DISCRETIONARY,Tihres
CONSUMER DISCRETIONARY,Tra
CONSUMER DISCRETIONARY,Tran
CONSUMER DISCRETIONARY,Trans
CONSUMER DISCRETIONARY,Tre
CONSUMER DISCRETIONARY,Trei
CONSUMER DISCRETIONARY,Treid
CONSUMER DISCRETIONARY,Treidi
CONSUMER DISCRETIONARY,Trem
CONSUMER DISCRETIONARY,Tremb
CONSUMER DISCRETIONARY,Trembi
CONSUMER DISCRETIONARY,Tri
CONSUMER DISCRETIONARY,Trid
CONSUMER DISCRETIONARY,Trida
CONSUMER DISCRETIONARY,UHR
CONSUMER DISCRETIONARY,UHRE
CONSUMER DISCRETIONARY,UHREN
CONSUMER DISCRETIONARY,UHRENI
CONSUMER DISCRETIONARY,UKR
CONSUMER DISCRETIONARY,UKRA
CONSUMER DISCRETIONARY,UKRAV
CONSUMER DISCRETIONARY,UKRAVT
CONSUMER DISCRETIONARY,UKRK
CONSUMER DISCRETIONARY,UKRKA
CONSUMER DISCRETIONARY,UKRKAM
CONSUMER DISCRETIONARY,UPT
CONSUMER DISCRETIONARY,UPTK
CONSUMER DISCRETIONARY,UPTK-
CONSUMER DISCRETIONARY,UPTK-S
CONSUMER DISCRETIONARY,Ukr
CONSUMER DISCRETIONARY,Ukra
CONSUMER DISCRETIONARY,Ukrav
CONSUMER DISCRETIONARY,Ukravt
CONSUMER DISCRETIONARY,Ukrb
CONSUMER DISCRETIONARY,Ukrba
CONSUMER DISCRETIONARY,Ukrbas
CONSUMER DISCRETIONARY,Ukrt
CONSUMER DISCRETIONARY,Ukrte
CONSUMER DISCRETIONARY,Ukrtek
CONSUMER DISCRETIONARY,Uni
CONSUMER DISCRETIONARY,Univ
CONSUMER DISCRETIONARY,Unive
CONSUMER DISCRETIONARY,Univer
CONSUMER DISCRETIONARY,Urk
CONSUMER DISCRETIONARY,Urkt
CONSUMER DISCRETIONARY,Urkto
CONSUMER DISCRETIONARY,Urktoy
CONSUMER DISCRETIONARY,VAR
CONSUMER DISCRETIONARY,VARU
CONSUMER DISCRETIONARY,VARUS
CONSUMER DISCRETIONARY,VARUS-
CONSUMER DISCRETIONARY,VES
CONSUMER DISCRETIONARY,VEST
CONSUMER DISCRETIONARY,VESTK
CONSUMER DISCRETIONARY,VESTKO
CONSUMER DISCRETIONARY,VIN
CONSUMER DISCRETIONARY,VINI
CONSUMER DISCRETIONARY,VINIS
CONSUMER DISCRETIONARY,VINISI
CONSUMER DISCRETIONARY,VIP
CONSUMER DISCRETIONARY,VIPK
CONSUMER DISCRETIONARY,VIPKA
CONSUMER DISCRETIONARY,VIPKAR
CONSUMER DISCRETIONARY,VIT
CONSUMER DISCRETIONARY,VITA
CONSUMER DISCRETIONARY,VITA-
CONSUMER DISCRETIONARY,VITA-A
CONSUMER DISCRETIONARY,VOR
CONSUMER DISCRETIONARY,VORP
CONSUMER DISCRETIONARY,VORPE
CONSUMER DISCRETIONARY,VORPEK
CONSUMER DISCRETIONARY,VYL
CONSUMER DISCRETIONARY,VYLT
CONSUMER DISCRETIONARY,VYLTO
CONSUMER DISCRETIONARY,VYLTOS
CONSUMER DISCRETIONARY,Vat
CONSUMER DISCRETIONARY,Vate
CONSUMER DISCRETIONARY,Vates
CONSUMER DISCRETIONARY,Ver
CONSUMER DISCRETIONARY,Vert
CONSUMER DISCRETIONARY,Verte
CONSUMER DISCRETIONARY,Vertek
CONSUMER DISCRETIONARY,Vik
CONSUMER DISCRETIONARY,Viko
CONSUMER DISCRETIONARY,Vikom
CONSUMER DISCRETIONARY,Vil
CONSUMER DISCRETIONARY,Vilt
CONSUMER DISCRETIONARY,Vilto
CONSUMER DISCRETIONARY,Viltos
CONSUMER DISCRETIONARY,Vip
CONSUMER DISCRETIONARY,Vipo
CONSUMER DISCRETIONARY,Vipos
CONSUMER DISCRETIONARY,Vit
CONSUMER DISCRETIONARY,Vito
CONSUMER DISCRETIONARY,Vitol
CONSUMER DISCRETIONARY,Vitoli
CONSUMER DISCRETIONARY,Vol
CONSUMER DISCRETIONARY,Volv
CONSUMER DISCRETIONARY,Volve
CONSUMER DISCRETIONARY,Volves
CONSUMER DISCRETIONARY,WOG
CONSUMER DISCRETIONARY,YUD
CONSUMER DISCRETIONARY,YUDH
CONSUMER DISCRETIONARY,YUDHS
CONSUMER DISCRETIONARY,Yak
CONSUMER DISCRETIONARY,Yaka
CONSUMER DISCRETIONARY,Yakab
CONSUMER DISCRETIONARY,Yakabu
CONSUMER DISCRETIONARY,Yar
CONSUMER DISCRETIONARY,Yark
CONSUMER DISCRETIONARY,Yarko
CONSUMER DISCRETIONARY,Yarkon
CONSUMER DISCRETIONARY,Yev
CONSUMER DISCRETIONARY,Yevr
CONSUMER DISCRETIONARY,Yevro
CONSUMER DISCRETIONARY,Yevrop
CONSUMER DISCRETIONARY,YuV
CONSUMER DISCRETIONARY,YuVE
CONSUMER DISCRETIONARY,YuVEN
CONSUMER DISCRETIONARY,YuVENT
CONSUMER DISCRETIONARY,Yun
CONSUMER DISCRETIONARY,Yuni
CONSUMER DISCRETIONARY,Yunif
CONSUMER DISCRETIONARY,Yunifu
CONSUMER DISCRETIONARY,ZAZ
CONSUMER DISCRETIONARY,Zah
CONSUMER DISCRETIONARY,Zahi
CONSUMER DISCRETIONARY,Zahid
CONSUMER DISCRETIONARY,Zahidn
CONSUMER DISCRETIONARY,Zak
CONSUMER DISCRETIONARY,Zakh
CONSUMER DISCRETIONARY,Zakhi
CONSUMER DISCRETIONARY,Zakhid
CONSUMER DISCRETIONARY,`Ev
CONSUMER DISCRETIONARY,`Evr
CONSUMER DISCRETIONARY,`Evro
CONSUMER DISCRETIONARY,`Evrob
CONSUMER DISCRETIONARY,Av
CONSUMER DISCRETIONARY,Ave
CONSUMER DISCRETIONARY,Avet
CONSUMER DISCRETIONARY,Avetr
CONSUMER STAPLES,"""""A"
CONSUMER STAPLES,"""""Ag"
CONSUMER STAPLES,"""""Agr"
CONSUMER STAPLES,"""""Agro"
CONSUMER STAPLES,"""""D"
CONSUMER STAPLES,"""""Do"
CONSUMER STAPLES,"""""Dob"
CONSUMER STAPLES,"""""Dobr"
CONSUMER STAPLES,"""""F"
CONSUMER STAPLES,"""""Fi"
CONSUMER STAPLES,"""""Fid"
CONSUMER STAPLES,"""""Fidl"
CONSUMER STAPLES,"""""K"
CONSUMER STAPLES,"""""KA"
CONSUMER STAPLES,"""""KAM"
CONSUMER STAPLES,"""""KAMI"
CONSUMER STAPLES,"""""S"
CONSUMER STAPLES,"""""Se"
CONSUMER STAPLES,"""""Ser"
CONSUMER STAPLES,"""""Serv"
CONSUMER STAPLES,"""""T"
CONSUMER STAPLES,"""""Tr"
CONSUMER STAPLES,"""""Tru"
CONSUMER STAPLES,"""""Trub"
CONSUMER STAPLES,"""""Z"
CONSUMER STAPLES,"""""ZO"
CONSUMER STAPLES,"""""ZOR"
CONSUMER STAPLES,"""""ZORI"
CONSUMER STAPLES,"""""Zo"
CONSUMER STAPLES,"""""Zor"
CONSUMER STAPLES,"""""Zory"
CONSUMER STAPLES,"""AB"
CONSUMER STAPLES,"""ABM"
CONSUMER STAPLES,"""AG"
CONSUMER STAPLES,"""AGR"
CONSUMER STAPLES,"""AGRO"
CONSUMER STAPLES,"""AGRO-"
CONSUMER STAPLES,"""AGROK"
CONSUMER STAPLES,"""AGROM"
CONSUMER STAPLES,"""AGROP"
CONSUMER STAPLES,"""AGROS"
CONSUMER STAPLES,"""AGROT"
CONSUMER STAPLES,"""AH"
CONSUMER STAPLES,"""AHR"
CONSUMER STAPLES,"""AHRO"
CONSUMER STAPLES,"""AHROE"
CONSUMER STAPLES,"""AHROF"
CONSUMER STAPLES,"""AHROI"
CONSUMER STAPLES,"""AHROM"
CONSUMER STAPLES,"""AHROS"
CONSUMER STAPLES,"""AHROT"
CONSUMER STAPLES,"""AL"
CONSUMER STAPLES,"""ALB"
CONSUMER STAPLES,"""ALBA"
CONSUMER STAPLES,"""ALBAC"
CONSUMER STAPLES,"""ALP"
CONSUMER STAPLES,"""ALPI"
CONSUMER STAPLES,"""ALPIN"
CONSUMER STAPLES,"""AO"
CONSUMER STAPLES,"""AOI"
CONSUMER STAPLES,"""AOIL"
CONSUMER STAPLES,"""AOIL"""
CONSUMER STAPLES,"""AP"
CONSUMER STAPLES,"""APK"
CONSUMER STAPLES,"""AR"
CONSUMER STAPLES,"""ARK"
CONSUMER STAPLES,"""ARKT"
CONSUMER STAPLES,"""ARKTY"
CONSUMER STAPLES,"""ARO"
CONSUMER STAPLES,"""AROM"
CONSUMER STAPLES,"""AROMA"
CONSUMER STAPLES,"""ARS"
CONSUMER STAPLES,"""ARS"""
CONSUMER STAPLES,"""ARS-"
CONSUMER STAPLES,"""ARS-T"
CONSUMER STAPLES,"""AS"
CONSUMER STAPLES,"""ASK"
CONSUMER STAPLES,"""ASKA"
CONSUMER STAPLES,"""ASKAN"
CONSUMER STAPLES,"""AT"
CONSUMER STAPLES,"""ATK"
CONSUMER STAPLES,"""ATK-"
CONSUMER STAPLES,"""ATK-A"
CONSUMER STAPLES,"""AV"
CONSUMER STAPLES,"""AVE"
CONSUMER STAPLES,"""AVER"
CONSUMER STAPLES,"""AVERA"
CONSUMER STAPLES,"""Ab"
CONSUMER STAPLES,"""Abm"
CONSUMER STAPLES,"""Abm-"
CONSUMER STAPLES,"""Abm-T"
CONSUMER STAPLES,"""Abs"
CONSUMER STAPLES,"""Abso"
CONSUMER STAPLES,"""Absol"
CONSUMER STAPLES,"""Ad"
CONSUMER STAPLES,"""Ada"
CONSUMER STAPLES,"""Adam"
CONSUMER STAPLES,"""Adami"
CONSUMER STAPLES,"""Ag"
CONSUMER STAPLES,"""Agr"
CONSUMER STAPLES,"""Agra"
CONSUMER STAPLES,"""Agral"
CONSUMER STAPLES,"""Agrar"
CONSUMER STAPLES,"""Agri"
CONSUMER STAPLES,"""Agrip"
CONSUMER STAPLES,"""Agro"
CONSUMER STAPLES,"""Agro-"
CONSUMER STAPLES,"""Agrod"
CONSUMER STAPLES,"""Agrof"
CONSUMER STAPLES,"""Agroi"
CONSUMER STAPLES,"""Agrok"
CONSUMER STAPLES,"""Agrol"
CONSUMER STAPLES,"""Agron"
CONSUMER STAPLES,"""Agrop"
CONSUMER STAPLES,"""Agror"
CONSUMER STAPLES,"""Agrot"
CONSUMER STAPLES,"""Ah"
CONSUMER STAPLES,"""Ahk"
CONSUMER STAPLES,"""Ahko"
CONSUMER STAPLES,"""Ahkod"
CONSUMER STAPLES,"""Ahr"
CONSUMER STAPLES,"""Ahra"
CONSUMER STAPLES,"""Ahrar"
CONSUMER STAPLES,"""Ahri"
CONSUMER STAPLES,"""Ahris"
CONSUMER STAPLES,"""Ahro"
CONSUMER STAPLES,"""Ahro-"
CONSUMER STAPLES,"""Ahroa"
CONSUMER STAPLES,"""Ahrob"
CONSUMER STAPLES,"""Ahrod"
CONSUMER STAPLES,"""Ahrof"
CONSUMER STAPLES,"""Ahroi"
CONSUMER STAPLES,"""Ahrok"
CONSUMER STAPLES,"""Ahrol"
CONSUMER STAPLES,"""Ahrom"
CONSUMER STAPLES,"""Ahrop"
CONSUMER STAPLES,"""Ahror"
CONSUMER STAPLES,"""Ahros"
CONSUMER STAPLES,"""Ahrot"
CONSUMER STAPLES,"""Ahrov"
CONSUMER STAPLES,"""Ai"
CONSUMER STAPLES,"""Ail"
CONSUMER STAPLES,"""Ail-"
CONSUMER STAPLES,"""Ail-T"
CONSUMER STAPLES,"""Ak"
CONSUMER STAPLES,"""Aka"
CONSUMER STAPLES,"""Akam"
CONSUMER STAPLES,"""Akama"
CONSUMER STAPLES,"""Al"
CONSUMER STAPLES,"""Al'"
CONSUMER STAPLES,"""Al't"
CONSUMER STAPLES,"""Al'ta"
CONSUMER STAPLES,"""Ale"
CONSUMER STAPLES,"""Alek"
CONSUMER STAPLES,"""Aleks"
CONSUMER STAPLES,"""Alf"
CONSUMER STAPLES,"""Alfa"
CONSUMER STAPLES,"""Alh"
CONSUMER STAPLES,"""Alho"
CONSUMER STAPLES,"""Alho-"
CONSUMER STAPLES,"""Ali"
CONSUMER STAPLES,"""Alia"
CONSUMER STAPLES,"""Alian"
CONSUMER STAPLES,"""Alk"
CONSUMER STAPLES,"""Alko"
CONSUMER STAPLES,"""Alkor"
CONSUMER STAPLES,"""Alm"
CONSUMER STAPLES,"""Alme"
CONSUMER STAPLES,"""Almei"
CONSUMER STAPLES,"""Almi"
CONSUMER STAPLES,"""Almi-"
CONSUMER STAPLES,"""Alt"
CONSUMER STAPLES,"""Alta"
CONSUMER STAPLES,"""Alta-"
CONSUMER STAPLES,"""Alz"
CONSUMER STAPLES,"""Alzh"
CONSUMER STAPLES,"""Alzhe"
CONSUMER STAPLES,"""Am"
CONSUMER STAPLES,"""Amr"
CONSUMER STAPLES,"""Amru"
CONSUMER STAPLES,"""Amrun"
CONSUMER STAPLES,"""An"
CONSUMER STAPLES,"""And"
CONSUMER STAPLES,"""Andr"
CONSUMER STAPLES,"""Andri"
CONSUMER STAPLES,"""Andru"
CONSUMER STAPLES,"""Ant"
CONSUMER STAPLES,"""Anta"
CONSUMER STAPLES,"""Antar"
CONSUMER STAPLES,"""Ar"
CONSUMER STAPLES,"""Ara"
CONSUMER STAPLES,"""Aram"
CONSUMER STAPLES,"""Art"
CONSUMER STAPLES,"""Arte"
CONSUMER STAPLES,"""Artek"
CONSUMER STAPLES,"""Arto"
CONSUMER STAPLES,"""Arton"
CONSUMER STAPLES,"""As"
CONSUMER STAPLES,"""Asn"
CONSUMER STAPLES,"""Asno"
CONSUMER STAPLES,"""Asnov"
CONSUMER STAPLES,"""Ast"
CONSUMER STAPLES,"""Asta"
CONSUMER STAPLES,"""Astan"
CONSUMER STAPLES,"""Astat"
CONSUMER STAPLES,"""Aste"
CONSUMER STAPLES,"""Aster"
CONSUMER STAPLES,"""Astr"
CONSUMER STAPLES,"""Astre"
CONSUMER STAPLES,"""At"
CONSUMER STAPLES,"""Atl"
CONSUMER STAPLES,"""Atla"
CONSUMER STAPLES,"""Atlan"
CONSUMER STAPLES,"""Ats"
CONSUMER STAPLES,"""Att"
CONSUMER STAPLES,"""Atti"
CONSUMER STAPLES,"""Attik"
CONSUMER STAPLES,"""Av"
CONSUMER STAPLES,"""Ava"
CONSUMER STAPLES,"""Avan"
CONSUMER STAPLES,"""Avanh"
CONSUMER STAPLES,"""Ave"
CONSUMER STAPLES,"""Avel"
CONSUMER STAPLES,"""Avele"
CONSUMER STAPLES,"""Avi"
CONSUMER STAPLES,"""Avio"
CONSUMER STAPLES,"""Avion"
CONSUMER STAPLES,"""Avis"
CONSUMER STAPLES,"""Avis-"
CONSUMER STAPLES,"""Az"
CONSUMER STAPLES,"""Azi"
CONSUMER STAPLES,"""Aziz"
CONSUMER STAPLES,"""Aziz"""
CONSUMER STAPLES,"""Azo"
CONSUMER STAPLES,"""Azov"
CONSUMER STAPLES,"""Azov-"
CONSUMER STAPLES,"""Azy"
CONSUMER STAPLES,"""Azym"
CONSUMER STAPLES,"""Azymu"
CONSUMER STAPLES,"""BA"
CONSUMER STAPLES,"""BAK"
CONSUMER STAPLES,"""BAKH"
CONSUMER STAPLES,"""BAKHM"
CONSUMER STAPLES,"""BAS"
CONSUMER STAPLES,"""BASH"
CONSUMER STAPLES,"""BASHT"
CONSUMER STAPLES,"""BM"
CONSUMER STAPLES,"""BMT"
CONSUMER STAPLES,"""BMTS"
CONSUMER STAPLES,"""BMTS"""
CONSUMER STAPLES,"""BT"
CONSUMER STAPLES,"""BU"
CONSUMER STAPLES,"""BUC"
CONSUMER STAPLES,"""BUCH"
CONSUMER STAPLES,"""BUCHA"
CONSUMER STAPLES,"""BUR"
CONSUMER STAPLES,"""BURA"
CONSUMER STAPLES,"""BURAN"
CONSUMER STAPLES,"""Ba"
CONSUMER STAPLES,"""Bai"
CONSUMER STAPLES,"""Baia"
CONSUMER STAPLES,"""Baiad"
CONSUMER STAPLES,"""Bal"
CONSUMER STAPLES,"""Balk"
CONSUMER STAPLES,"""Balka"
CONSUMER STAPLES,"""Bar"
CONSUMER STAPLES,"""Barr"
CONSUMER STAPLES,"""Barri"
CONSUMER STAPLES,"""Bart"
CONSUMER STAPLES,"""Bartn"
CONSUMER STAPLES,"""Bat"
CONSUMER STAPLES,"""Batk"
CONSUMER STAPLES,"""Batki"
CONSUMER STAPLES,"""Be"
CONSUMER STAPLES,"""Bei"
CONSUMER STAPLES,"""Beik"
CONSUMER STAPLES,"""Beike"
CONSUMER STAPLES,"""Bel"
CONSUMER STAPLES,"""Bel"""
CONSUMER STAPLES,"""Bem"
CONSUMER STAPLES,"""Bemb"
CONSUMER STAPLES,"""Bembi"
CONSUMER STAPLES,"""Ber"
CONSUMER STAPLES,"""Berd"
CONSUMER STAPLES,"""Berdi"
CONSUMER STAPLES,"""Bere"
CONSUMER STAPLES,"""Beres"
CONSUMER STAPLES,"""Berez"
CONSUMER STAPLES,"""Bet"
CONSUMER STAPLES,"""Beta"
CONSUMER STAPLES,"""Beta-"
CONSUMER STAPLES,"""Bi"
CONSUMER STAPLES,"""Bio"
CONSUMER STAPLES,"""Biof"
CONSUMER STAPLES,"""Biofu"
CONSUMER STAPLES,"""Bit"
CONSUMER STAPLES,"""Bite"
CONSUMER STAPLES,"""Bitek"
CONSUMER STAPLES,"""Biz"
CONSUMER STAPLES,"""Bizn"
CONSUMER STAPLES,"""Bizne"
CONSUMER STAPLES,"""Bl"
CONSUMER STAPLES,"""Bla"
CONSUMER STAPLES,"""Blag"
CONSUMER STAPLES,"""Blago"
CONSUMER STAPLES,"""Blah"
CONSUMER STAPLES,"""Blaho"
CONSUMER STAPLES,"""Bo"
CONSUMER STAPLES,"""Bor"
CONSUMER STAPLES,"""Bori"
CONSUMER STAPLES,"""Boriv"
CONSUMER STAPLES,"""Bory"
CONSUMER STAPLES,"""Borys"
CONSUMER STAPLES,"""Borz"
CONSUMER STAPLES,"""Borzn"
CONSUMER STAPLES,"""Br"
CONSUMER STAPLES,"""Bro"
CONSUMER STAPLES,"""Brol"
CONSUMER STAPLES,"""Broli"
CONSUMER STAPLES,"""Bu"
CONSUMER STAPLES,"""Buk"
CONSUMER STAPLES,"""Buko"
CONSUMER STAPLES,"""Bukov"
CONSUMER STAPLES,"""Bur"
CONSUMER STAPLES,"""Bura"
CONSUMER STAPLES,"""Burat"
CONSUMER STAPLES,"""CH"
CONSUMER STAPLES,"""CHI"
CONSUMER STAPLES,"""CHIK"
CONSUMER STAPLES,"""CHIKE"
CONSUMER STAPLES,"""CHO"
CONSUMER STAPLES,"""CHOR"
CONSUMER STAPLES,"""CHORN"
CONSUMER STAPLES,"""Ch"
CONSUMER STAPLES,"""Che"
CONSUMER STAPLES,"""Cher"
CONSUMER STAPLES,"""Chere"
CONSUMER STAPLES,"""Cherk"
CONSUMER STAPLES,"""Chi"
CONSUMER STAPLES,"""Chiz"
CONSUMER STAPLES,"""Chiza"
CONSUMER STAPLES,"""Chy"
CONSUMER STAPLES,"""Chys"
CONSUMER STAPLES,"""Chyst"
CONSUMER STAPLES,"""D-"
CONSUMER STAPLES,"""D-M"
CONSUMER STAPLES,"""D-Mi"
CONSUMER STAPLES,"""D-Mik"
CONSUMER STAPLES,"""D."
CONSUMER STAPLES,"""D.P"
CONSUMER STAPLES,"""D.P."
CONSUMER STAPLES,"""D.P.I"
CONSUMER STAPLES,"""DA"
CONSUMER STAPLES,"""DAK"
CONSUMER STAPLES,"""DAKO"
CONSUMER STAPLES,"""DAKOR"
CONSUMER STAPLES,"""DAN"
CONSUMER STAPLES,"""DAN-"
CONSUMER STAPLES,"""DAN-F"
CONSUMER STAPLES,"""DE"
CONSUMER STAPLES,"""DEK"
CONSUMER STAPLES,"""DEKA"
CONSUMER STAPLES,"""DEKAD"
CONSUMER STAPLES,"""DF"
CONSUMER STAPLES,"""DFU"
CONSUMER STAPLES,"""DN"
CONSUMER STAPLES,"""DNI"
CONSUMER STAPLES,"""DNIP"
CONSUMER STAPLES,"""DNIPR"
CONSUMER STAPLES,"""DO"
CONSUMER STAPLES,"""DOM"
CONSUMER STAPLES,"""DOMI"
CONSUMER STAPLES,"""DOMIO"
CONSUMER STAPLES,"""DZ"
CONSUMER STAPLES,"""DZE"
CONSUMER STAPLES,"""DZEN"
CONSUMER STAPLES,"""DZENZ"
CONSUMER STAPLES,"""DZH"
CONSUMER STAPLES,"""DZHA"
CONSUMER STAPLES,"""DZHAM"
CONSUMER STAPLES,"""DZHO"
CONSUMER STAPLES,"""DZHON"
CONSUMER STAPLES,"""Da"
CONSUMER STAPLES,"""Dar"
CONSUMER STAPLES,"""Dars"
CONSUMER STAPLES,"""Dars-"
CONSUMER STAPLES,"""Das"
CONSUMER STAPLES,"""Dash"
CONSUMER STAPLES,"""Dashk"
CONSUMER STAPLES,"""De"
CONSUMER STAPLES,"""Del"
CONSUMER STAPLES,"""Del'"
CONSUMER STAPLES,"""Del't"
CONSUMER STAPLES,"""Delt"
CONSUMER STAPLES,"""Delta"
CONSUMER STAPLES,"""Der"
CONSUMER STAPLES,"""Dere"
CONSUMER STAPLES,"""Deren"
CONSUMER STAPLES,"""Di"
CONSUMER STAPLES,"""Die"
CONSUMER STAPLES,"""Died"
CONSUMER STAPLES,"""Diedo"
CONSUMER STAPLES,"""Dis"
CONSUMER STAPLES,"""Disk"
CONSUMER STAPLES,"""Diska"
CONSUMER STAPLES,"""Dl"
CONSUMER STAPLES,"""Dlk"
CONSUMER STAPLES,"""Dlk"""
CONSUMER STAPLES,"""Dlk""P"
CONSUMER STAPLES,"""Dn"
CONSUMER STAPLES,"""Dni"
CONSUMER STAPLES,"""Dnip"
CONSUMER STAPLES,"""Dnipr"
CONSUMER STAPLES,"""Do"
CONSUMER STAPLES,"""Dob"
CONSUMER STAPLES,"""Dobr"
CONSUMER STAPLES,"""Dobro"
CONSUMER STAPLES,"""Dol"
CONSUMER STAPLES,"""Doly"
CONSUMER STAPLES,"""Dolyn"
CONSUMER STAPLES,"""Dr"
CONSUMER STAPLES,"""Dre"
CONSUMER STAPLES,"""Dren"
CONSUMER STAPLES,"""Drenk"
CONSUMER STAPLES,"""Dru"
CONSUMER STAPLES,"""Druz"
CONSUMER STAPLES,"""Druzh"
CONSUMER STAPLES,"""Du"
CONSUMER STAPLES,"""Dub"
CONSUMER STAPLES,"""Dubi"
CONSUMER STAPLES,"""Dubin"
CONSUMER STAPLES,"""Duk"
CONSUMER STAPLES,"""Dukh"
CONSUMER STAPLES,"""Dukha"
CONSUMER STAPLES,"""Dy"
CONSUMER STAPLES,"""Dya"
CONSUMER STAPLES,"""Dyad"
CONSUMER STAPLES,"""Dyad-"
CONSUMER STAPLES,"""Dyam"
CONSUMER STAPLES,"""Dyama"
CONSUMER STAPLES,"""Dyk"
CONSUMER STAPLES,"""Dyka"
CONSUMER STAPLES,"""Dykan"
CONSUMER STAPLES,"""Dyn"
CONSUMER STAPLES,"""Dynn"
CONSUMER STAPLES,"""Dynna"
CONSUMER STAPLES,"""Dz"
CONSUMER STAPLES,"""Dzh"
CONSUMER STAPLES,"""Dzhi"
CONSUMER STAPLES,"""Dzhi-"
CONSUMER STAPLES,"""Dzhie"
CONSUMER STAPLES,"""EK"
CONSUMER STAPLES,"""EKS"
CONSUMER STAPLES,"""EKSI"
CONSUMER STAPLES,"""EKSIM"
CONSUMER STAPLES,"""EKSP"
CONSUMER STAPLES,"""EKSPR"
CONSUMER STAPLES,"""EL"
CONSUMER STAPLES,"""ELI"
CONSUMER STAPLES,"""ELIT"
CONSUMER STAPLES,"""ELITA"
CONSUMER STAPLES,"""Ef"
CONSUMER STAPLES,"""Efi"
CONSUMER STAPLES,"""Efi-"
CONSUMER STAPLES,"""Efi-A"
CONSUMER STAPLES,"""Ek"
CONSUMER STAPLES,"""Eko"
CONSUMER STAPLES,"""Eko-"
CONSUMER STAPLES,"""Eko-S"
CONSUMER STAPLES,"""Eko-i"
CONSUMER STAPLES,"""Ekob"
CONSUMER STAPLES,"""Ekobe"
CONSUMER STAPLES,"""Ekop"
CONSUMER STAPLES,"""Ekopr"
CONSUMER STAPLES,"""Eks"
CONSUMER STAPLES,"""Eksp"
CONSUMER STAPLES,"""Ekspr"
CONSUMER STAPLES,"""El"
CONSUMER STAPLES,"""Ele"
CONSUMER STAPLES,"""Elev"
CONSUMER STAPLES,"""Eleva"
CONSUMER STAPLES,"""Eli"
CONSUMER STAPLES,"""Elif"
CONSUMER STAPLES,"""Elifi"
CONSUMER STAPLES,"""Elik"
CONSUMER STAPLES,"""Eliko"
CONSUMER STAPLES,"""En"
CONSUMER STAPLES,"""Ene"
CONSUMER STAPLES,"""Enei"
CONSUMER STAPLES,"""Enei"""
CONSUMER STAPLES,"""Eno"
CONSUMER STAPLES,"""Enoh"
CONSUMER STAPLES,"""Enohr"
CONSUMER STAPLES,"""Es"
CONSUMER STAPLES,"""Esa"
CONSUMER STAPLES,"""Esar"
CONSUMER STAPLES,"""Esaro"
CONSUMER STAPLES,"""Esp"
CONSUMER STAPLES,"""Espr"
CONSUMER STAPLES,"""Espre"
CONSUMER STAPLES,"""Est"
CONSUMER STAPLES,"""Este"
CONSUMER STAPLES,"""Estei"
CONSUMER STAPLES,"""FA"
CONSUMER STAPLES,"""FAR"
CONSUMER STAPLES,"""FARM"
CONSUMER STAPLES,"""FARMA"
CONSUMER STAPLES,"""FI"
CONSUMER STAPLES,"""FIT"
CONSUMER STAPLES,"""FITA"
CONSUMER STAPLES,"""FL"
CONSUMER STAPLES,"""FLO"
CONSUMER STAPLES,"""FLOR"
CONSUMER STAPLES,"""FLORA"
CONSUMER STAPLES,"""FO"
CONSUMER STAPLES,"""FOR"
CONSUMER STAPLES,"""FORV"
CONSUMER STAPLES,"""FORVA"
CONSUMER STAPLES,"""FU"
CONSUMER STAPLES,"""FUD"
CONSUMER STAPLES,"""FUDA"
CONSUMER STAPLES,"""FUDAH"
CONSUMER STAPLES,"""FUK"
CONSUMER STAPLES,"""FUKS"
CONSUMER STAPLES,"""FUKSI"
CONSUMER STAPLES,"""Fa"
CONSUMER STAPLES,"""Fak"
CONSUMER STAPLES,"""Faku"
CONSUMER STAPLES,"""Fakul"
CONSUMER STAPLES,"""Far"
CONSUMER STAPLES,"""Farm"
CONSUMER STAPLES,"""Farmf"
CONSUMER STAPLES,"""Fas"
CONSUMER STAPLES,"""Fast"
CONSUMER STAPLES,"""Fasti"
CONSUMER STAPLES,"""Fe"
CONSUMER STAPLES,"""Fed"
CONSUMER STAPLES,"""Fedo"
CONSUMER STAPLES,"""Fedor"
CONSUMER STAPLES,"""Fem"
CONSUMER STAPLES,"""Feme"
CONSUMER STAPLES,"""Femel"
CONSUMER STAPLES,"""Fen"
CONSUMER STAPLES,"""Feni"
CONSUMER STAPLES,"""Fenik"
CONSUMER STAPLES,"""Fi"
CONSUMER STAPLES,"""Fid"
CONSUMER STAPLES,"""Fidl"
CONSUMER STAPLES,"""Fidla"
CONSUMER STAPLES,"""Fit"
CONSUMER STAPLES,"""Fito"
CONSUMER STAPLES,"""Fo"
CONSUMER STAPLES,"""For"
CONSUMER STAPLES,"""Fore"
CONSUMER STAPLES,"""Fores"
CONSUMER STAPLES,"""Fort"
CONSUMER STAPLES,"""Forte"
CONSUMER STAPLES,"""Fortu"
CONSUMER STAPLES,"""Fot"
CONSUMER STAPLES,"""Fotr"
CONSUMER STAPLES,"""Fotre"
CONSUMER STAPLES,"""Fr"
CONSUMER STAPLES,"""Fru"
CONSUMER STAPLES,"""Fruk"
CONSUMER STAPLES,"""Frukt"
CONSUMER STAPLES,"""Fu"
CONSUMER STAPLES,"""Fud"
CONSUMER STAPLES,"""Fude"
CONSUMER STAPLES,"""Fudek"
CONSUMER STAPLES,"""GA"
CONSUMER STAPLES,"""GAL"
CONSUMER STAPLES,"""GALA"
CONSUMER STAPLES,"""GALAK"
CONSUMER STAPLES,"""GALS"
CONSUMER STAPLES,"""GALY"
CONSUMER STAPLES,"""GALYC"
CONSUMER STAPLES,"""GR"
CONSUMER STAPLES,"""GRE"
CONSUMER STAPLES,"""GREI"
CONSUMER STAPLES,"""GREIN"
CONSUMER STAPLES,"""GU"
CONSUMER STAPLES,"""GUD"
CONSUMER STAPLES,"""GUDV"
CONSUMER STAPLES,"""GUDVE"
CONSUMER STAPLES,"""Ga"
CONSUMER STAPLES,"""Gal"
CONSUMER STAPLES,"""Gala"
CONSUMER STAPLES,"""Galak"
CONSUMER STAPLES,"""Ge"
CONSUMER STAPLES,"""Geo"
CONSUMER STAPLES,"""Geol"
CONSUMER STAPLES,"""Geola"
CONSUMER STAPLES,"""Ger"
CONSUMER STAPLES,"""Germ"
CONSUMER STAPLES,"""Germe"
CONSUMER STAPLES,"""Gl"
CONSUMER STAPLES,"""Glo"
CONSUMER STAPLES,"""Glob"
CONSUMER STAPLES,"""Globy"
CONSUMER STAPLES,"""Go"
CONSUMER STAPLES,"""Gol"
CONSUMER STAPLES,"""Gold"
CONSUMER STAPLES,"""Goldm"
CONSUMER STAPLES,"""Gr"
CONSUMER STAPLES,"""Gra"
CONSUMER STAPLES,"""Gran"
CONSUMER STAPLES,"""Grand"
CONSUMER STAPLES,"""Granu"
CONSUMER STAPLES,"""HO"
CONSUMER STAPLES,"""HOL"
CONSUMER STAPLES,"""HOLD"
CONSUMER STAPLES,"""HOLDK"
CONSUMER STAPLES,"""HOR"
CONSUMER STAPLES,"""HORO"
CONSUMER STAPLES,"""HOROD"
CONSUMER STAPLES,"""HR"
CONSUMER STAPLES,"""HRO"
CONSUMER STAPLES,"""HROV"
CONSUMER STAPLES,"""HROVE"
CONSUMER STAPLES,"""Ha"
CONSUMER STAPLES,"""Hal"
CONSUMER STAPLES,"""Hala"
CONSUMER STAPLES,"""Halat"
CONSUMER STAPLES,"""Haly"
CONSUMER STAPLES,"""Halyc"
CONSUMER STAPLES,"""Han"
CONSUMER STAPLES,"""Hanu"
CONSUMER STAPLES,"""Hanul"
CONSUMER STAPLES,"""He"
CONSUMER STAPLES,"""Het"
CONSUMER STAPLES,"""Hetm"
CONSUMER STAPLES,"""Hetma"
CONSUMER STAPLES,"""Ho"
CONSUMER STAPLES,"""Hol"
CONSUMER STAPLES,"""Hold"
CONSUMER STAPLES,"""Holdc"
CONSUMER STAPLES,"""Holde"
CONSUMER STAPLES,"""Hos"
CONSUMER STAPLES,"""Hosh"
CONSUMER STAPLES,"""Hoshc"
CONSUMER STAPLES,"""Hov"
CONSUMER STAPLES,"""Hovt"
CONSUMER STAPLES,"""Hovtv"
CONSUMER STAPLES,"""Hr"
CONSUMER STAPLES,"""Hra"
CONSUMER STAPLES,"""Hran"
CONSUMER STAPLES,"""Hrane"
CONSUMER STAPLES,"""Hrani"
CONSUMER STAPLES,"""Hrav"
CONSUMER STAPLES,"""Hravi"
CONSUMER STAPLES,"""Hre"
CONSUMER STAPLES,"""Hrei"
CONSUMER STAPLES,"""Hrein"
CONSUMER STAPLES,"""Hru"
CONSUMER STAPLES,"""Hrun"
CONSUMER STAPLES,"""Hrunv"
CONSUMER STAPLES,"""Hv"
CONSUMER STAPLES,"""Hve"
CONSUMER STAPLES,"""Hved"
CONSUMER STAPLES,"""Hvede"
CONSUMER STAPLES,"""IA"
CONSUMER STAPLES,"""IAR"
CONSUMER STAPLES,"""IARY"
CONSUMER STAPLES,"""IARYC"
CONSUMER STAPLES,"""IE"
CONSUMER STAPLES,"""IEd"
CONSUMER STAPLES,"""IEdn"
CONSUMER STAPLES,"""IEdni"
CONSUMER STAPLES,"""IEv"
CONSUMER STAPLES,"""IEvr"
CONSUMER STAPLES,"""IEvro"
CONSUMER STAPLES,"""IM"
CONSUMER STAPLES,"""IM."
CONSUMER STAPLES,"""IM.K"
CONSUMER STAPLES,"""IM.KA"
CONSUMER STAPLES,"""IM.S"
CONSUMER STAPLES,"""IM.SH"
CONSUMER STAPLES,"""IMP"
CONSUMER STAPLES,"""IMPA"
CONSUMER STAPLES,"""IMPAK"
CONSUMER STAPLES,"""IN"
CONSUMER STAPLES,"""INT"
CONSUMER STAPLES,"""INTE"
CONSUMER STAPLES,"""INTER"
CONSUMER STAPLES,"""IR"
CONSUMER STAPLES,"""IRZ"
CONSUMER STAPLES,"""IRZH"
CONSUMER STAPLES,"""IRZHA"
CONSUMER STAPLES,"""IS"
CONSUMER STAPLES,"""ISK"
CONSUMER STAPLES,"""ISKR"
CONSUMER STAPLES,"""ISKRA"
CONSUMER STAPLES,"""IU"
CONSUMER STAPLES,"""IUh"
CONSUMER STAPLES,"""IUho"
CONSUMER STAPLES,"""IUhos"
CONSUMER STAPLES,"""IUk"
CONSUMER STAPLES,"""IUkh"
CONSUMER STAPLES,"""IUkhy"
CONSUMER STAPLES,"""IUr"
CONSUMER STAPLES,"""IUrm"
CONSUMER STAPLES,"""IUrmi"
CONSUMER STAPLES,"""Ic"
CONSUMER STAPLES,"""Ich"
CONSUMER STAPLES,"""Ichn"
CONSUMER STAPLES,"""Ichni"
CONSUMER STAPLES,"""Im"
CONSUMER STAPLES,"""Im."
CONSUMER STAPLES,"""Im.S"
CONSUMER STAPLES,"""Im.Sh"
CONSUMER STAPLES,"""Imp"
CONSUMER STAPLES,"""Impu"
CONSUMER STAPLES,"""Impul"
CONSUMER STAPLES,"""In"
CONSUMER STAPLES,"""Ind"
CONSUMER STAPLES,"""Indy"
CONSUMER STAPLES,"""Indyk"
CONSUMER STAPLES,"""Ins"
CONSUMER STAPLES,"""Insb"
CONSUMER STAPLES,"""Insbr"
CONSUMER STAPLES,"""Int"
CONSUMER STAPLES,"""Inte"
CONSUMER STAPLES,"""Inter"
CONSUMER STAPLES,"""Intr"
CONSUMER STAPLES,"""Intre"
CONSUMER STAPLES,"""Ir"
CONSUMER STAPLES,"""Irb"
CONSUMER STAPLES,"""Irbi"
CONSUMER STAPLES,"""Irbis"
CONSUMER STAPLES,"""Is"
CONSUMER STAPLES,"""Ist"
CONSUMER STAPLES,"""Iv"
CONSUMER STAPLES,"""Iva"
CONSUMER STAPLES,"""Iva-"
CONSUMER STAPLES,"""Iva-A"
CONSUMER STAPLES,"""Ivak"
CONSUMER STAPLES,"""Ivako"
CONSUMER STAPLES,"""Ivan"
CONSUMER STAPLES,"""Ivani"
CONSUMER STAPLES,"""Iz"
CONSUMER STAPLES,"""Izm"
CONSUMER STAPLES,"""Izma"
CONSUMER STAPLES,"""Izmai"
CONSUMER STAPLES,"""KA"
CONSUMER STAPLES,"""KAC"
CONSUMER STAPLES,"""KACH"
CONSUMER STAPLES,"""KACHA"
CONSUMER STAPLES,"""KAN"
CONSUMER STAPLES,"""KANI"
CONSUMER STAPLES,"""KANIV"
CONSUMER STAPLES,"""KH"
CONSUMER STAPLES,"""KHM"
CONSUMER STAPLES,"""KHMI"
CONSUMER STAPLES,"""KHMIL"
CONSUMER STAPLES,"""KK"
CONSUMER STAPLES,"""KKh"
CONSUMER STAPLES,"""KKhP"
CONSUMER STAPLES,"""KKhP-"
CONSUMER STAPLES,"""KL"
CONSUMER STAPLES,"""KLY"
CONSUMER STAPLES,"""KLYA"
CONSUMER STAPLES,"""KLYAC"
CONSUMER STAPLES,"""KM"
CONSUMER STAPLES,"""KMP"
CONSUMER STAPLES,"""KO"
CONSUMER STAPLES,"""KOM"
CONSUMER STAPLES,"""KOMI"
CONSUMER STAPLES,"""KOMIN"
CONSUMER STAPLES,"""KON"
CONSUMER STAPLES,"""KONE"
CONSUMER STAPLES,"""KONEK"
CONSUMER STAPLES,"""KOR"
CONSUMER STAPLES,"""KORA"
CONSUMER STAPLES,"""KORAL"
CONSUMER STAPLES,"""KORM"
CONSUMER STAPLES,"""KORMO"
CONSUMER STAPLES,"""KOT"
CONSUMER STAPLES,"""KOTE"
CONSUMER STAPLES,"""KOTEL"
CONSUMER STAPLES,"""KP"
CONSUMER STAPLES,"""KPK"
CONSUMER STAPLES,"""KPK-"
CONSUMER STAPLES,"""KPK-A"
CONSUMER STAPLES,"""KR"
CONSUMER STAPLES,"""KRA"
CONSUMER STAPLES,"""KRAS"
CONSUMER STAPLES,"""KRASE"
CONSUMER STAPLES,"""KRASN"
CONSUMER STAPLES,"""KU"
CONSUMER STAPLES,"""KUK"
CONSUMER STAPLES,"""KUK-"
CONSUMER STAPLES,"""KUK-U"
CONSUMER STAPLES,"""KUL"
CONSUMER STAPLES,"""KULE"
CONSUMER STAPLES,"""KULEV"
CONSUMER STAPLES,"""Ka"
CONSUMER STAPLES,"""Kal"
CONSUMER STAPLES,"""Kali"
CONSUMER STAPLES,"""Kalia"
CONSUMER STAPLES,"""Kam"
CONSUMER STAPLES,"""Kami"
CONSUMER STAPLES,"""Kamio"
CONSUMER STAPLES,"""Kar"
CONSUMER STAPLES,"""Kara"
CONSUMER STAPLES,"""Karat"
CONSUMER STAPLES,"""Karp"
CONSUMER STAPLES,"""Karpe"
CONSUMER STAPLES,"""Kart"
CONSUMER STAPLES,"""Karto"
CONSUMER STAPLES,"""Kary"
CONSUMER STAPLES,"""Karyd"
CONSUMER STAPLES,"""Kat"
CONSUMER STAPLES,"""Kate"
CONSUMER STAPLES,"""Kater"
CONSUMER STAPLES,"""Katr"
CONSUMER STAPLES,"""Katri"
CONSUMER STAPLES,"""Ke"
CONSUMER STAPLES,"""Kei"
CONSUMER STAPLES,"""Ker"
CONSUMER STAPLES,"""Kern"
CONSUMER STAPLES,"""Kerne"
CONSUMER STAPLES,"""Kh"
CONSUMER STAPLES,"""Kha"
CONSUMER STAPLES,"""Khai"
CONSUMER STAPLES,"""Khaic"
CONSUMER STAPLES,"""Khar"
CONSUMER STAPLES,"""Kharp"
CONSUMER STAPLES,"""Khd"
CONSUMER STAPLES,"""Khl"
CONSUMER STAPLES,"""Khla"
CONSUMER STAPLES,"""Khlad"
CONSUMER STAPLES,"""Khli"
CONSUMER STAPLES,"""Khlib"
CONSUMER STAPLES,"""Khm"
CONSUMER STAPLES,"""Khme"
CONSUMER STAPLES,"""Khmel"
CONSUMER STAPLES,"""Kho"
CONSUMER STAPLES,"""Khop"
CONSUMER STAPLES,"""Khopp"
CONSUMER STAPLES,"""Khu"
CONSUMER STAPLES,"""Khut"
CONSUMER STAPLES,"""Khuti"
CONSUMER STAPLES,"""Ki"
CONSUMER STAPLES,"""Kip"
CONSUMER STAPLES,"""Kipt"
CONSUMER STAPLES,"""Kipti"
CONSUMER STAPLES,"""Kl"
CONSUMER STAPLES,"""Kli"
CONSUMER STAPLES,"""Kliv"
CONSUMER STAPLES,"""Klive"
CONSUMER STAPLES,"""Ko"
CONSUMER STAPLES,"""KoS"
CONSUMER STAPLES,"""KoSh"
CONSUMER STAPLES,"""KoShl"
CONSUMER STAPLES,"""Kof"
CONSUMER STAPLES,"""Kofi"
CONSUMER STAPLES,"""Kofit"
CONSUMER STAPLES,"""Kol"
CONSUMER STAPLES,"""Kolo"
CONSUMER STAPLES,"""Kolos"
CONSUMER STAPLES,"""Kom"
CONSUMER STAPLES,"""Kom-"
CONSUMER STAPLES,"""Kom-T"
CONSUMER STAPLES,"""Komb"
CONSUMER STAPLES,"""Kombi"
CONSUMER STAPLES,"""Komp"
CONSUMER STAPLES,"""Kompa"
CONSUMER STAPLES,"""Kon"
CONSUMER STAPLES,"""Kono"
CONSUMER STAPLES,"""Konot"
CONSUMER STAPLES,"""Kont"
CONSUMER STAPLES,"""Konty"
CONSUMER STAPLES,"""Kony"
CONSUMER STAPLES,"""Konyk"
CONSUMER STAPLES,"""Kop"
CONSUMER STAPLES,"""Kopi"
CONSUMER STAPLES,"""Kopii"
CONSUMER STAPLES,"""Kor"
CONSUMER STAPLES,"""Koro"
CONSUMER STAPLES,"""Koron"
CONSUMER STAPLES,"""Kos"
CONSUMER STAPLES,"""Kosm"
CONSUMER STAPLES,"""Kosmo"
CONSUMER STAPLES,"""Kr"
CONSUMER STAPLES,"""Kra"
CONSUMER STAPLES,"""Kras"
CONSUMER STAPLES,"""Krasn"
CONSUMER STAPLES,"""Kre"
CONSUMER STAPLES,"""Krem"
CONSUMER STAPLES,"""Kremi"
CONSUMER STAPLES,"""Kro"
CONSUMER STAPLES,"""Kroa"
CONSUMER STAPLES,"""Kroah"
CONSUMER STAPLES,"""Ku"
CONSUMER STAPLES,"""Kup"
CONSUMER STAPLES,"""Kupi"
CONSUMER STAPLES,"""Kupia"
CONSUMER STAPLES,"""Ky"
CONSUMER STAPLES,"""Kyi"
CONSUMER STAPLES,"""Kyiv"
CONSUMER STAPLES,"""Kyivr"
CONSUMER STAPLES,"""Kyivs"
CONSUMER STAPLES,"""Kys"
CONSUMER STAPLES,"""Kysh"
CONSUMER STAPLES,"""Kyshc"
CONSUMER STAPLES,"""LA"
CONSUMER STAPLES,"""LAN"
CONSUMER STAPLES,"""LAN"""
CONSUMER STAPLES,"""LANK"
CONSUMER STAPLES,"""LANKO"
CONSUMER STAPLES,"""LAV"
CONSUMER STAPLES,"""LAVE"
CONSUMER STAPLES,"""LAVER"
CONSUMER STAPLES,"""LE"
CONSUMER STAPLES,"""LEV"
CONSUMER STAPLES,"""LEVI"
CONSUMER STAPLES,"""LEVIT"
CONSUMER STAPLES,"""LI"
CONSUMER STAPLES,"""LID"
CONSUMER STAPLES,"""LIDE"
CONSUMER STAPLES,"""LIDER"
CONSUMER STAPLES,"""LIH"
CONSUMER STAPLES,"""LIHA"
CONSUMER STAPLES,"""LN"
CONSUMER STAPLES,"""LNZ"
CONSUMER STAPLES,"""LNZ"""
CONSUMER STAPLES,"""LO"
CONSUMER STAPLES,"""LOT"
CONSUMER STAPLES,"""LOTU"
CONSUMER STAPLES,"""LOTUR"
CONSUMER STAPLES,"""La"
CONSUMER STAPLES,"""Lan"
CONSUMER STAPLES,"""Lan"""
CONSUMER STAPLES,"""Lan-"
CONSUMER STAPLES,"""Lan-M"
CONSUMER STAPLES,"""Lana"
CONSUMER STAPLES,"""Lanah"
CONSUMER STAPLES,"""Lano"
CONSUMER STAPLES,"""Lanop"
CONSUMER STAPLES,"""Ld"
CONSUMER STAPLES,"""Ldk"
CONSUMER STAPLES,"""Ldk"""
CONSUMER STAPLES,"""Le"
CONSUMER STAPLES,"""Leb"
CONSUMER STAPLES,"""Lebe"
CONSUMER STAPLES,"""Lebez"
CONSUMER STAPLES,"""Lebi"
CONSUMER STAPLES,"""Lebid"
CONSUMER STAPLES,"""Li"
CONSUMER STAPLES,"""Lid"
CONSUMER STAPLES,"""Lide"
CONSUMER STAPLES,"""Lider"
CONSUMER STAPLES,"""Lig"
CONSUMER STAPLES,"""Liga"
CONSUMER STAPLES,"""Liga-"
CONSUMER STAPLES,"""Lik"
CONSUMER STAPLES,"""Liko"
CONSUMER STAPLES,"""Likom"
CONSUMER STAPLES,"""Likop"
CONSUMER STAPLES,"""Lim"
CONSUMER STAPLES,"""Lim-"
CONSUMER STAPLES,"""Lim-T"
CONSUMER STAPLES,"""Lin"
CONSUMER STAPLES,"""Link"
CONSUMER STAPLES,"""LinkS"
CONSUMER STAPLES,"""Liu"
CONSUMER STAPLES,"""Liub"
CONSUMER STAPLES,"""Liuba"
CONSUMER STAPLES,"""Liubo"
CONSUMER STAPLES,"""Liuby"
CONSUMER STAPLES,"""Ln"
CONSUMER STAPLES,"""Lnz"
CONSUMER STAPLES,"""Lo"
CONSUMER STAPLES,"""Log"
CONSUMER STAPLES,"""Logi"
CONSUMER STAPLES,"""Logis"
CONSUMER STAPLES,"""Lu"
CONSUMER STAPLES,"""Luh"
CONSUMER STAPLES,"""Luho"
CONSUMER STAPLES,"""Luhov"
CONSUMER STAPLES,"""Lum"
CONSUMER STAPLES,"""Lume"
CONSUMER STAPLES,"""Lumel"
CONSUMER STAPLES,"""Ly"
CONSUMER STAPLES,"""Lyk"
CONSUMER STAPLES,"""Lykh"
CONSUMER STAPLES,"""Lykha"
CONSUMER STAPLES,"""Lyp"
CONSUMER STAPLES,"""Lypo"
CONSUMER STAPLES,"""Lypov"
CONSUMER STAPLES,"""Lyu"
CONSUMER STAPLES,"""Lyuk"
CONSUMER STAPLES,"""Lyuks"
CONSUMER STAPLES,"""MA"
CONSUMER STAPLES,"""MAH"
CONSUMER STAPLES,"""MAHI"
CONSUMER STAPLES,"""MAHIS"
CONSUMER STAPLES,"""MAI"
CONSUMER STAPLES,"""MAIA"
CONSUMER STAPLES,"""MAIAK"
CONSUMER STAPLES,"""MAIS"
CONSUMER STAPLES,"""MAIS"""
CONSUMER STAPLES,"""MAY"
CONSUMER STAPLES,"""MAYK"
CONSUMER STAPLES,"""MAYK_"
CONSUMER STAPLES,"""MK"
CONSUMER STAPLES,"""MK-"
CONSUMER STAPLES,"""MK-S"
CONSUMER STAPLES,"""MK-SE"
CONSUMER STAPLES,"""MKh"
CONSUMER STAPLES,"""MKhP"
CONSUMER STAPLES,"""MKhP"""
CONSUMER STAPLES,"""MM"
CONSUMER STAPLES,"""MMK"
CONSUMER STAPLES,"""MMK-"
CONSUMER STAPLES,"""MMK-K"
CONSUMER STAPLES,"""MN"
CONSUMER STAPLES,"""MNT"
CONSUMER STAPLES,"""MNT-"
CONSUMER STAPLES,"""MNT-A"
CONSUMER STAPLES,"""MR"
CONSUMER STAPLES,"""MRI"
CONSUMER STAPLES,"""MRII"
CONSUMER STAPLES,"""MRIIA"
CONSUMER STAPLES,"""MU"
CONSUMER STAPLES,"""MUS"
CONSUMER STAPLES,"""MUSI"
CONSUMER STAPLES,"""MUSII"
CONSUMER STAPLES,"""Ma"
CONSUMER STAPLES,"""Mai"
CONSUMER STAPLES,"""Maia"
CONSUMER STAPLES,"""Maiak"
CONSUMER STAPLES,"""Mais"
CONSUMER STAPLES,"""Mais2"
CONSUMER STAPLES,"""Mak"
CONSUMER STAPLES,"""Make"
CONSUMER STAPLES,"""MakeS"
CONSUMER STAPLES,"""Maki"
CONSUMER STAPLES,"""Maki-"
CONSUMER STAPLES,"""Maks"
CONSUMER STAPLES,"""Maksf"
CONSUMER STAPLES,"""Mar"
CONSUMER STAPLES,"""Mari"
CONSUMER STAPLES,"""Maria"
CONSUMER STAPLES,"""Marii"
CONSUMER STAPLES,"""Mark"
CONSUMER STAPLES,"""Marke"
CONSUMER STAPLES,"""May"
CONSUMER STAPLES,"""Maya"
CONSUMER STAPLES,"""Mayak"
CONSUMER STAPLES,"""Me"
CONSUMER STAPLES,"""Med"
CONSUMER STAPLES,"""Medo"
CONSUMER STAPLES,"""Medob"
CONSUMER STAPLES,"""Mel"
CONSUMER STAPLES,"""Meli"
CONSUMER STAPLES,"""Melit"
CONSUMER STAPLES,"""Men"
CONSUMER STAPLES,"""Menh"
CONSUMER STAPLES,"""Menho"
CONSUMER STAPLES,"""Mer"
CONSUMER STAPLES,"""Mere"
CONSUMER STAPLES,"""Merez"
CONSUMER STAPLES,"""Merk"
CONSUMER STAPLES,"""Merku"
CONSUMER STAPLES,"""Met"
CONSUMER STAPLES,"""Meta"
CONSUMER STAPLES,"""Metah"
CONSUMER STAPLES,"""Mi"
CONSUMER STAPLES,"""Mia"
CONSUMER STAPLES,"""Mias"
CONSUMER STAPLES,"""Miaso"
CONSUMER STAPLES,"""Mic"
CONSUMER STAPLES,"""Mich"
CONSUMER STAPLES,"""Michu"
CONSUMER STAPLES,"""Ml"
CONSUMER STAPLES,"""Mly"
CONSUMER STAPLES,"""Mlyn"
CONSUMER STAPLES,"""Mlyn"""
CONSUMER STAPLES,"""Mo"
CONSUMER STAPLES,"""Mod"
CONSUMER STAPLES,"""Mode"
CONSUMER STAPLES,"""Moder"
CONSUMER STAPLES,"""Mon"
CONSUMER STAPLES,"""Mono"
CONSUMER STAPLES,"""Monol"
CONSUMER STAPLES,"""Mor"
CONSUMER STAPLES,"""Mori"
CONSUMER STAPLES,"""Moriv"
CONSUMER STAPLES,"""Mos"
CONSUMER STAPLES,"""Mosp"
CONSUMER STAPLES,"""Mospa"
CONSUMER STAPLES,"""Mr"
CONSUMER STAPLES,"""Mri"
CONSUMER STAPLES,"""Mrii"
CONSUMER STAPLES,"""Mriia"
CONSUMER STAPLES,"""Mriy"
CONSUMER STAPLES,"""Mriya"
CONSUMER STAPLES,"""My"
CONSUMER STAPLES,"""Myk"
CONSUMER STAPLES,"""Myks"
CONSUMER STAPLES,"""N."
CONSUMER STAPLES,"""N.P"
CONSUMER STAPLES,"""N.P."
CONSUMER STAPLES,"""N.P.K"
CONSUMER STAPLES,"""NA"
CONSUMER STAPLES,"""NAD"
CONSUMER STAPLES,"""NADE"
CONSUMER STAPLES,"""NADEG"
CONSUMER STAPLES,"""NADI"
CONSUMER STAPLES,"""NADII"
CONSUMER STAPLES,"""NADIY"
CONSUMER STAPLES,"""NO"
CONSUMER STAPLES,"""NOV"
CONSUMER STAPLES,"""NOVO"
CONSUMER STAPLES,"""NOVO-"
CONSUMER STAPLES,"""NOVOF"
CONSUMER STAPLES,"""NY"
CONSUMER STAPLES,"""NYV"
CONSUMER STAPLES,"""NYVA"
CONSUMER STAPLES,"""NYVA"""
CONSUMER STAPLES,"""NYVA-"
CONSUMER STAPLES,"""Na"
CONSUMER STAPLES,"""NaS"
CONSUMER STAPLES,"""NaSh"
CONSUMER STAPLES,"""NaSha"
CONSUMER STAPLES,"""Nab"
CONSUMER STAPLES,"""Nabe"
CONSUMER STAPLES,"""Naber"
CONSUMER STAPLES,"""Nad"
CONSUMER STAPLES,"""Nadi"
CONSUMER STAPLES,"""Nadii"
CONSUMER STAPLES,"""Nas"
CONSUMER STAPLES,"""Nasi"
CONSUMER STAPLES,"""Nasin"
CONSUMER STAPLES,"""Nat"
CONSUMER STAPLES,"""Nata"
CONSUMER STAPLES,"""Natal"
CONSUMER STAPLES,"""Nats"
CONSUMER STAPLES,"""Natsi"
CONSUMER STAPLES,"""Ne"
CONSUMER STAPLES,"""Neh"
CONSUMER STAPLES,"""Neho"
CONSUMER STAPLES,"""Nehot"
CONSUMER STAPLES,"""Ner"
CONSUMER STAPLES,"""Nero"
CONSUMER STAPLES,"""Nert"
CONSUMER STAPLES,"""Nertu"
CONSUMER STAPLES,"""Nes"
CONSUMER STAPLES,"""Nest"
CONSUMER STAPLES,"""Nestl"
CONSUMER STAPLES,"""Nesv"
CONSUMER STAPLES,"""Nesvi"
CONSUMER STAPLES,"""Nm"
CONSUMER STAPLES,"""Nmk"
CONSUMER STAPLES,"""Nmk"""
CONSUMER STAPLES,"""No"
CONSUMER STAPLES,"""Nov"
CONSUMER STAPLES,"""Novo"
CONSUMER STAPLES,"""Novok"
CONSUMER STAPLES,"""Novoo"
CONSUMER STAPLES,"""Novu"
CONSUMER STAPLES,"""Novus"
CONSUMER STAPLES,"""Novy"
CONSUMER STAPLES,"""Novyn"
CONSUMER STAPLES,"""Nu"
CONSUMER STAPLES,"""Nun"
CONSUMER STAPLES,"""Nune"
CONSUMER STAPLES,"""Nunem"
CONSUMER STAPLES,"""Ny"
CONSUMER STAPLES,"""Nyv"
CONSUMER STAPLES,"""Nyva"
CONSUMER STAPLES,"""Nyva"""
CONSUMER STAPLES,"""OA"
CONSUMER STAPLES,"""OAZ"
CONSUMER STAPLES,"""OAZY"
CONSUMER STAPLES,"""OAZYS"
CONSUMER STAPLES,"""OB"
CONSUMER STAPLES,"""OBL"
CONSUMER STAPLES,"""OBLM"
CONSUMER STAPLES,"""OBLMI"
CONSUMER STAPLES,"""OL"
CONSUMER STAPLES,"""OL'"
CONSUMER STAPLES,"""OL'H"
CONSUMER STAPLES,"""OL'HA"
CONSUMER STAPLES,"""OLG"
CONSUMER STAPLES,"""OLGA"
CONSUMER STAPLES,"""OLGA-"
CONSUMER STAPLES,"""OLI"
CONSUMER STAPLES,"""OLIM"
CONSUMER STAPLES,"""OLIMP"
CONSUMER STAPLES,"""OLL"
CONSUMER STAPLES,"""OLLB"
CONSUMER STAPLES,"""OLLBE"
CONSUMER STAPLES,"""OR"
CONSUMER STAPLES,"""ORK"
CONSUMER STAPLES,"""ORKH"
CONSUMER STAPLES,"""ORKHI"
CONSUMER STAPLES,"""ORL"
CONSUMER STAPLES,"""ORLA"
CONSUMER STAPLES,"""ORLAN"
CONSUMER STAPLES,"""Oa"
CONSUMER STAPLES,"""Oaz"
CONSUMER STAPLES,"""Oazy"
CONSUMER STAPLES,"""Oazys"
CONSUMER STAPLES,"""Ob"
CONSUMER STAPLES,"""Obr"
CONSUMER STAPLES,"""Obri"
CONSUMER STAPLES,"""Obrii"
CONSUMER STAPLES,"""Ok"
CONSUMER STAPLES,"""Okn"
CONSUMER STAPLES,"""Okni"
CONSUMER STAPLES,"""Oknia"
CONSUMER STAPLES,"""Okt"
CONSUMER STAPLES,"""Okta"
CONSUMER STAPLES,"""Oktan"
CONSUMER STAPLES,"""Ol"
CONSUMER STAPLES,"""Ola"
CONSUMER STAPLES,"""Olam"
CONSUMER STAPLES,"""Olam"""
CONSUMER STAPLES,"""Ole"
CONSUMER STAPLES,"""Olek"
CONSUMER STAPLES,"""Oleks"
CONSUMER STAPLES,"""Oles"
CONSUMER STAPLES,"""Olesi"
CONSUMER STAPLES,"""Olg"
CONSUMER STAPLES,"""Olgo"
CONSUMER STAPLES,"""Olgop"
CONSUMER STAPLES,"""Oli"
CONSUMER STAPLES,"""Olii"
CONSUMER STAPLES,"""Oliin"
CONSUMER STAPLES,"""Ols"
CONSUMER STAPLES,"""Olst"
CONSUMER STAPLES,"""Olsta"
CONSUMER STAPLES,"""On"
CONSUMER STAPLES,"""Oni"
CONSUMER STAPLES,"""Onik"
CONSUMER STAPLES,"""Oniks"
CONSUMER STAPLES,"""Op"
CONSUMER STAPLES,"""Opt"
CONSUMER STAPLES,"""Optv"
CONSUMER STAPLES,"""Optvy"
CONSUMER STAPLES,"""Opty"
CONSUMER STAPLES,"""Optym"
CONSUMER STAPLES,"""Or"
CONSUMER STAPLES,"""Orb"
CONSUMER STAPLES,"""Orbi"
CONSUMER STAPLES,"""Orbit"
CONSUMER STAPLES,"""Orh"
CONSUMER STAPLES,"""Orha"
CONSUMER STAPLES,"""Orhan"
CONSUMER STAPLES,"""Ori"
CONSUMER STAPLES,"""Orik"
CONSUMER STAPLES,"""Orikh"
CONSUMER STAPLES,"""Orio"
CONSUMER STAPLES,"""Orion"
CONSUMER STAPLES,"""Orl"
CONSUMER STAPLES,"""Orli"
CONSUMER STAPLES,"""Orliv"
CONSUMER STAPLES,"""Os"
CONSUMER STAPLES,"""Ost"
CONSUMER STAPLES,"""Ostr"
CONSUMER STAPLES,"""Ostri"
CONSUMER STAPLES,"""Ov"
CONSUMER STAPLES,"""Ovo"
CONSUMER STAPLES,"""Ovoc"
CONSUMER STAPLES,"""Ovoch"
CONSUMER STAPLES,"""P'"
CONSUMER STAPLES,"""P'y"
CONSUMER STAPLES,"""P'ya"
CONSUMER STAPLES,"""P'yat"
CONSUMER STAPLES,"""PA"
CONSUMER STAPLES,"""PAE"
CONSUMER STAPLES,"""PAEK"
CONSUMER STAPLES,"""PAEK-"
CONSUMER STAPLES,"""PAV"
CONSUMER STAPLES,"""PAVO"
CONSUMER STAPLES,"""PAVOL"
CONSUMER STAPLES,"""PE"
CONSUMER STAPLES,"""PER"
CONSUMER STAPLES,"""PERE"
CONSUMER STAPLES,"""PEREM"
CONSUMER STAPLES,"""PI"
CONSUMER STAPLES,"""PID"
CONSUMER STAPLES,"""PIDV"
CONSUMER STAPLES,"""PIDVY"
CONSUMER STAPLES,"""PK"
CONSUMER STAPLES,"""PKK"
CONSUMER STAPLES,"""PKKh"
CONSUMER STAPLES,"""PKKh"""
CONSUMER STAPLES,"""PO"
CONSUMER STAPLES,"""POD"
CONSUMER STAPLES,"""PODI"
CONSUMER STAPLES,"""PODIL"
CONSUMER STAPLES,"""PODO"
CONSUMER STAPLES,"""PODOR"
CONSUMER STAPLES,"""PR"
CONSUMER STAPLES,"""PRO"
CONSUMER STAPLES,"""PROH"
CONSUMER STAPLES,"""PROHR"
CONSUMER STAPLES,"""PROM"
CONSUMER STAPLES,"""PROMI"
CONSUMER STAPLES,"""Pa"
CONSUMER STAPLES,"""Pav"
CONSUMER STAPLES,"""Pavl"
CONSUMER STAPLES,"""Pavli"
CONSUMER STAPLES,"""Pavlo"
CONSUMER STAPLES,"""Pe"
CONSUMER STAPLES,"""Per"
CONSUMER STAPLES,"""Pere"
CONSUMER STAPLES,"""Perem"
CONSUMER STAPLES,"""Pet"
CONSUMER STAPLES,"""Petr"
CONSUMER STAPLES,"""Petra"
CONSUMER STAPLES,"""Petru"
CONSUMER STAPLES,"""Ph"
CONSUMER STAPLES,"""Pha"
CONSUMER STAPLES,"""Phar"
CONSUMER STAPLES,"""Pharm"
CONSUMER STAPLES,"""Pi"
CONSUMER STAPLES,"""Pid"
CONSUMER STAPLES,"""Pidh"
CONSUMER STAPLES,"""Pidhi"
CONSUMER STAPLES,"""Piv"
CONSUMER STAPLES,"""Pivd"
CONSUMER STAPLES,"""Pivde"
CONSUMER STAPLES,"""Po"
CONSUMER STAPLES,"""Pod"
CONSUMER STAPLES,"""Podo"
CONSUMER STAPLES,"""Podol"
CONSUMER STAPLES,"""Pol"
CONSUMER STAPLES,"""Poli"
CONSUMER STAPLES,"""Polis"
CONSUMER STAPLES,"""Polt"
CONSUMER STAPLES,"""Polta"
CONSUMER STAPLES,"""Pr"
CONSUMER STAPLES,"""Pra"
CONSUMER STAPLES,"""Prav"
CONSUMER STAPLES,"""Pravd"
CONSUMER STAPLES,"""Pre"
CONSUMER STAPLES,"""Prem"
CONSUMER STAPLES,"""Premi"
CONSUMER STAPLES,"""Preo"
CONSUMER STAPLES,"""Preob"
CONSUMER STAPLES,"""Pres"
CONSUMER STAPLES,"""Prest"
CONSUMER STAPLES,"""Pro"
CONSUMER STAPLES,"""Prod"
CONSUMER STAPLES,"""Prode"
CONSUMER STAPLES,"""Prodm"
CONSUMER STAPLES,"""Proh"
CONSUMER STAPLES,"""Prohr"
CONSUMER STAPLES,"""Prom"
CONSUMER STAPLES,"""Proma"
CONSUMER STAPLES,"""Prome"
CONSUMER STAPLES,"""Promi"
CONSUMER STAPLES,"""Promm"
CONSUMER STAPLES,"""Prot"
CONSUMER STAPLES,"""Prote"
CONSUMER STAPLES,"""Pry"
CONSUMER STAPLES,"""Pryd"
CONSUMER STAPLES,"""Prydn"
CONSUMER STAPLES,"""RA"
CONSUMER STAPLES,"""RAI"
CONSUMER STAPLES,"""RAIZ"
CONSUMER STAPLES,"""RAIZ-"
CONSUMER STAPLES,"""RI"
CONSUMER STAPLES,"""RIV"
CONSUMER STAPLES,"""RIVA"
CONSUMER STAPLES,"""RIVA-"
CONSUMER STAPLES,"""RO"
CONSUMER STAPLES,"""ROD"
CONSUMER STAPLES,"""RODI"
CONSUMER STAPLES,"""RODIN"
CONSUMER STAPLES,"""ROS"
CONSUMER STAPLES,"""ROSH"
CONSUMER STAPLES,"""ROSHE"
CONSUMER STAPLES,"""ROST"
CONSUMER STAPLES,"""ROSTA"
CONSUMER STAPLES,"""ROZ"
CONSUMER STAPLES,"""ROZK"
CONSUMER STAPLES,"""ROZKI"
CONSUMER STAPLES,"""ROZV"
CONSUMER STAPLES,"""ROZVY"
CONSUMER STAPLES,"""Ra"
CONSUMER STAPLES,"""Rad"
CONSUMER STAPLES,"""Rady"
CONSUMER STAPLES,"""Radyv"
CONSUMER STAPLES,"""Rai"
CONSUMER STAPLES,"""Rail"
CONSUMER STAPLES,"""Raili"
CONSUMER STAPLES,"""Ran"
CONSUMER STAPLES,"""Rano"
CONSUMER STAPLES,"""Ranok"
CONSUMER STAPLES,"""Ras"
CONSUMER STAPLES,"""Rast"
CONSUMER STAPLES,"""Rasto"
CONSUMER STAPLES,"""Re"
CONSUMER STAPLES,"""Res"
CONSUMER STAPLES,"""Resp"
CONSUMER STAPLES,"""Respe"
CONSUMER STAPLES,"""Rez"
CONSUMER STAPLES,"""Rezo"
CONSUMER STAPLES,"""Rezon"
CONSUMER STAPLES,"""Ri"
CONSUMER STAPLES,"""Rik"
CONSUMER STAPLES,"""Riko"
CONSUMER STAPLES,"""Rikon"
CONSUMER STAPLES,"""Riv"
CONSUMER STAPLES,"""Rivn"
CONSUMER STAPLES,"""Rivne"
CONSUMER STAPLES,"""Ro"
CONSUMER STAPLES,"""RoS"
CONSUMER STAPLES,"""RoSh"
CONSUMER STAPLES,"""RoShe"
CONSUMER STAPLES,"""Rod"
CONSUMER STAPLES,"""Rodo"
CONSUMER STAPLES,"""Rodon"
CONSUMER STAPLES,"""Rok"
CONSUMER STAPLES,"""Roks"
CONSUMER STAPLES,"""Roksa"
CONSUMER STAPLES,"""Ron"
CONSUMER STAPLES,"""Roni"
CONSUMER STAPLES,"""Ronii"
CONSUMER STAPLES,"""Ros"
CONSUMER STAPLES,"""Rosh"
CONSUMER STAPLES,"""Roshe"
CONSUMER STAPLES,"""Rost"
CONSUMER STAPLES,"""Rosta"
CONSUMER STAPLES,"""Roz"
CONSUMER STAPLES,"""Rozs"
CONSUMER STAPLES,"""Rozsi"
CONSUMER STAPLES,"""Ru"
CONSUMER STAPLES,"""Rub"
CONSUMER STAPLES,"""Rubi"
CONSUMER STAPLES,"""Rubin"
CONSUMER STAPLES,"""Rus"
CONSUMER STAPLES,"""Rus"""
CONSUMER STAPLES,"""Rust"
CONSUMER STAPLES,"""Rusta"
CONSUMER STAPLES,"""Rv"
CONSUMER STAPLES,"""Rva"
CONSUMER STAPLES,"""Ry"
CONSUMER STAPLES,"""Ryt"
CONSUMER STAPLES,"""Ryte"
CONSUMER STAPLES,"""Rytei"
CONSUMER STAPLES,"""Ryto"
CONSUMER STAPLES,"""Ryton"
CONSUMER STAPLES,"""SA"
CONSUMER STAPLES,"""SAD"
CONSUMER STAPLES,"""SAD"""
CONSUMER STAPLES,"""SAH"
CONSUMER STAPLES,"""SAHI"
CONSUMER STAPLES,"""SAHIT"
CONSUMER STAPLES,"""SAR"
CONSUMER STAPLES,"""SARA"
CONSUMER STAPLES,"""SARAT"
CONSUMER STAPLES,"""SAV"
CONSUMER STAPLES,"""SAVS"
CONSUMER STAPLES,"""SAVSE"
CONSUMER STAPLES,"""SE"
CONSUMER STAPLES,"""SER"
CONSUMER STAPLES,"""SERV"
CONSUMER STAPLES,"""SERVI"
CONSUMER STAPLES,"""SL"
CONSUMER STAPLES,"""SLA"
CONSUMER STAPLES,"""SLAV"
CONSUMER STAPLES,"""SLAVU"
CONSUMER STAPLES,"""SLO"
CONSUMER STAPLES,"""SLOB"
CONSUMER STAPLES,"""SLOBO"
CONSUMER STAPLES,"""SO"
CONSUMER STAPLES,"""SOL"
CONSUMER STAPLES,"""SOLA"
CONSUMER STAPLES,"""SOLAN"
CONSUMER STAPLES,"""SP"
CONSUMER STAPLES,"""SPE"
CONSUMER STAPLES,"""SPET"
CONSUMER STAPLES,"""SPETS"
CONSUMER STAPLES,"""SPS"
CONSUMER STAPLES,"""SPS"""
CONSUMER STAPLES,"""ST"
CONSUMER STAPLES,"""STA"
CONSUMER STAPLES,"""STAT"
CONSUMER STAPLES,"""STATU"
CONSUMER STAPLES,"""STE"
CONSUMER STAPLES,"""STEP"
CONSUMER STAPLES,"""STEPA"
CONSUMER STAPLES,"""STEPO"
CONSUMER STAPLES,"""STV"
CONSUMER STAPLES,"""SV"
CONSUMER STAPLES,"""SVI"
CONSUMER STAPLES,"""SVIT"
CONSUMER STAPLES,"""SVITA"
CONSUMER STAPLES,"""SVITO"
CONSUMER STAPLES,"""Sa"
CONSUMER STAPLES,"""Sal"
CONSUMER STAPLES,"""Sal'"
CONSUMER STAPLES,"""Sal'v"
CONSUMER STAPLES,"""Sam"
CONSUMER STAPLES,"""Sams"
CONSUMER STAPLES,"""Samso"
CONSUMER STAPLES,"""San"
CONSUMER STAPLES,"""Sano"
CONSUMER STAPLES,"""Sanoi"
CONSUMER STAPLES,"""Sanv"
CONSUMER STAPLES,"""Sanvi"
CONSUMER STAPLES,"""Sar"
CONSUMER STAPLES,"""Sara"
CONSUMER STAPLES,"""Saraz"
CONSUMER STAPLES,"""Se"
CONSUMER STAPLES,"""Sel"
CONSUMER STAPLES,"""Seli"
CONSUMER STAPLES,"""Selia"
CONSUMER STAPLES,"""Sen"
CONSUMER STAPLES,"""Senc"
CONSUMER STAPLES,"""Sench"
CONSUMER STAPLES,"""Sh"
CONSUMER STAPLES,"""Sha"
CONSUMER STAPLES,"""Shal"
CONSUMER STAPLES,"""Shaly"
CONSUMER STAPLES,"""Sham"
CONSUMER STAPLES,"""Shamr"
CONSUMER STAPLES,"""Shc"
CONSUMER STAPLES,"""Shch"
CONSUMER STAPLES,"""Shcho"
CONSUMER STAPLES,"""Shchu"
CONSUMER STAPLES,"""She"
CONSUMER STAPLES,"""Shek"
CONSUMER STAPLES,"""Sheko"
CONSUMER STAPLES,"""Shen"
CONSUMER STAPLES,"""Shend"
CONSUMER STAPLES,"""Shp"
CONSUMER STAPLES,"""Shpa"
CONSUMER STAPLES,"""Shpaa"
CONSUMER STAPLES,"""Shy"
CONSUMER STAPLES,"""Shyp"
CONSUMER STAPLES,"""Shypi"
CONSUMER STAPLES,"""Si"
CONSUMER STAPLES,"""Sie"
CONSUMER STAPLES,"""Siei"
CONSUMER STAPLES,"""Sieit"
CONSUMER STAPLES,"""Sih"
CONSUMER STAPLES,"""Sihm"
CONSUMER STAPLES,"""Sihma"
CONSUMER STAPLES,"""Sil"
CONSUMER STAPLES,"""Silp"
CONSUMER STAPLES,"""Silpo"
CONSUMER STAPLES,"""Sk"
CONSUMER STAPLES,"""Skv"
CONSUMER STAPLES,"""Skv-"
CONSUMER STAPLES,"""Skv-A"
CONSUMER STAPLES,"""Sm"
CONSUMER STAPLES,"""Smo"
CONSUMER STAPLES,"""Smor"
CONSUMER STAPLES,"""Smoro"
CONSUMER STAPLES,"""So"
CONSUMER STAPLES,"""Sof"
CONSUMER STAPLES,"""Sofr"
CONSUMER STAPLES,"""Sofra"
CONSUMER STAPLES,"""Soi"
CONSUMER STAPLES,"""Soia"
CONSUMER STAPLES,"""Soia-"
CONSUMER STAPLES,"""Sol"
CONSUMER STAPLES,"""Solo"
CONSUMER STAPLES,"""Solon"
CONSUMER STAPLES,"""Son"
CONSUMER STAPLES,"""Soni"
CONSUMER STAPLES,"""Sonia"
CONSUMER STAPLES,"""Sos"
CONSUMER STAPLES,"""Sosn"
CONSUMER STAPLES,"""Sosno"
CONSUMER STAPLES,"""Sp"
CONSUMER STAPLES,"""Spr"
CONSUMER STAPLES,"""Spry"
CONSUMER STAPLES,"""Spryn"
CONSUMER STAPLES,"""St"
CONSUMER STAPLES,"""Sta"
CONSUMER STAPLES,"""Stab"
CONSUMER STAPLES,"""Stabi"
CONSUMER STAPLES,"""Star"
CONSUMER STAPLES,"""Staro"
CONSUMER STAPLES,"""Stat"
CONSUMER STAPLES,"""Statu"
CONSUMER STAPLES,"""Ste"
CONSUMER STAPLES,"""Stei"
CONSUMER STAPLES,"""Steik"
CONSUMER STAPLES,"""Sto"
CONSUMER STAPLES,"""Stol"
CONSUMER STAPLES,"""Stoly"
CONSUMER STAPLES,"""Str"
CONSUMER STAPLES,"""Stre"
CONSUMER STAPLES,"""Strei"
CONSUMER STAPLES,"""Stro"
CONSUMER STAPLES,"""Stron"
CONSUMER STAPLES,"""Stru"
CONSUMER STAPLES,"""Strum"
CONSUMER STAPLES,"""Su"
CONSUMER STAPLES,"""Sub"
CONSUMER STAPLES,"""Subo"
CONSUMER STAPLES,"""Subot"
CONSUMER STAPLES,"""Sus"
CONSUMER STAPLES,"""Susi"
CONSUMER STAPLES,"""Susid"
CONSUMER STAPLES,"""Suv"
CONSUMER STAPLES,"""Suvo"
CONSUMER STAPLES,"""Suvor"
CONSUMER STAPLES,"""Suz"
CONSUMER STAPLES,"""Suzi"
CONSUMER STAPLES,"""Suzir"
CONSUMER STAPLES,"""Sv"
CONSUMER STAPLES,"""Svi"
CONSUMER STAPLES,"""Svia"
CONSUMER STAPLES,"""Sviat"
CONSUMER STAPLES,"""Svit"
CONSUMER STAPLES,"""Svita"
CONSUMER STAPLES,"""Sy"
CONSUMER STAPLES,"""Syn"
CONSUMER STAPLES,"""Syna"
CONSUMER STAPLES,"""Synap"
CONSUMER STAPLES,"""TA"
CONSUMER STAPLES,"""TAK"
CONSUMER STAPLES,"""TAK-"
CONSUMER STAPLES,"""TAK-A"
CONSUMER STAPLES,"""TAN"
CONSUMER STAPLES,"""TAND"
CONSUMER STAPLES,"""TANDE"
CONSUMER STAPLES,"""TD"
CONSUMER STAPLES,"""TD"""
CONSUMER STAPLES,"""TD""K"
CONSUMER STAPLES,"""TD""Ka"
CONSUMER STAPLES,"""TE"
CONSUMER STAPLES,"""TED"
CONSUMER STAPLES,"""TEDI"
CONSUMER STAPLES,"""TEDIS"
CONSUMER STAPLES,"""TER"
CONSUMER STAPLES,"""TERE"
CONSUMER STAPLES,"""TEREZ"
CONSUMER STAPLES,"""TK"
CONSUMER STAPLES,"""TO"
CONSUMER STAPLES,"""TOR"
CONSUMER STAPLES,"""TORG"
CONSUMER STAPLES,"""TORGP"
CONSUMER STAPLES,"""TR"
CONSUMER STAPLES,"""TRI"
CONSUMER STAPLES,"""TRIH"
CONSUMER STAPLES,"""TRIHO"
CONSUMER STAPLES,"""TS"
CONSUMER STAPLES,"""TSe"
CONSUMER STAPLES,"""TSen"
CONSUMER STAPLES,"""TSent"
CONSUMER STAPLES,"""TSu"
CONSUMER STAPLES,"""TSuk"
CONSUMER STAPLES,"""TSuko"
CONSUMER STAPLES,"""TSukr"
CONSUMER STAPLES,"""Ta"
CONSUMER STAPLES,"""Tal"
CONSUMER STAPLES,"""Tala"
CONSUMER STAPLES,"""Talas"
CONSUMER STAPLES,"""Tas"
CONSUMER STAPLES,"""Tas-"
CONSUMER STAPLES,"""Tas-F"
CONSUMER STAPLES,"""Tav"
CONSUMER STAPLES,"""Tavp"
CONSUMER STAPLES,"""Tavpi"
CONSUMER STAPLES,"""Tavr"
CONSUMER STAPLES,"""Tavri"
CONSUMER STAPLES,"""Td"
CONSUMER STAPLES,"""Td"""
CONSUMER STAPLES,"""Td""Z"
CONSUMER STAPLES,"""Td""Zh"
CONSUMER STAPLES,"""TdM"
CONSUMER STAPLES,"""TdMO"
CONSUMER STAPLES,"""TdMON"
CONSUMER STAPLES,"""Te"
CONSUMER STAPLES,"""Tek"
CONSUMER STAPLES,"""Tekh"
CONSUMER STAPLES,"""Tekhn"
CONSUMER STAPLES,"""Tem"
CONSUMER STAPLES,"""Tema"
CONSUMER STAPLES,"""Tema"""
CONSUMER STAPLES,"""Tema-"
CONSUMER STAPLES,"""Temp"
CONSUMER STAPLES,"""Temp-"
CONSUMER STAPLES,"""Ter"
CONSUMER STAPLES,"""Terr"
CONSUMER STAPLES,"""Terra"
CONSUMER STAPLES,"""To"
CONSUMER STAPLES,"""Tor"
CONSUMER STAPLES,"""Torh"
CONSUMER STAPLES,"""Torh-"
CONSUMER STAPLES,"""Tr"
CONSUMER STAPLES,"""Tra"
CONSUMER STAPLES,"""Trai"
CONSUMER STAPLES,"""Traid"
CONSUMER STAPLES,"""Traig"
CONSUMER STAPLES,"""Tran"
CONSUMER STAPLES,"""Trans"
CONSUMER STAPLES,"""Tre"
CONSUMER STAPLES,"""Tren"
CONSUMER STAPLES,"""Treni"
CONSUMER STAPLES,"""Tri"
CONSUMER STAPLES,"""Tria"
CONSUMER STAPLES,"""Triad"
CONSUMER STAPLES,"""Trio"
CONSUMER STAPLES,"""Trio"""
CONSUMER STAPLES,"""Tro"
CONSUMER STAPLES,"""Trof"
CONSUMER STAPLES,"""Trofi"
CONSUMER STAPLES,"""Troi"
CONSUMER STAPLES,"""Troik"
CONSUMER STAPLES,"""Trop"
CONSUMER STAPLES,"""Tropi"
CONSUMER STAPLES,"""Ts"
CONSUMER STAPLES,"""Tse"
CONSUMER STAPLES,"""Tsek"
CONSUMER STAPLES,"""Tsekh"
CONSUMER STAPLES,"""Tsu"
CONSUMER STAPLES,"""Tsuk"
CONSUMER STAPLES,"""Tsukr"
CONSUMER STAPLES,"""Tu"
CONSUMER STAPLES,"""Tur"
CONSUMER STAPLES,"""Turb"
CONSUMER STAPLES,"""Turbi"
CONSUMER STAPLES,"""UD"
CONSUMER STAPLES,"""UDK"
CONSUMER STAPLES,"""UDK"""
CONSUMER STAPLES,"""UK"
CONSUMER STAPLES,"""UKR"
CONSUMER STAPLES,"""UKRA"
CONSUMER STAPLES,"""UKRAI"
CONSUMER STAPLES,"""UL"
CONSUMER STAPLES,"""ULI"
CONSUMER STAPLES,"""ULIA"
CONSUMER STAPLES,"""ULIAN"
CONSUMER STAPLES,"""ULK"
CONSUMER STAPLES,"""ULK"""
CONSUMER STAPLES,"""UM"
CONSUMER STAPLES,"""UMH"
CONSUMER STAPLES,"""UMH"""
CONSUMER STAPLES,"""UP"
CONSUMER STAPLES,"""UPH"
CONSUMER STAPLES,"""UPH-"
CONSUMER STAPLES,"""UPH-P"
CONSUMER STAPLES,"""UR"
CONSUMER STAPLES,"""URO"
CONSUMER STAPLES,"""UROG"
CONSUMER STAPLES,"""UROGA"
CONSUMER STAPLES,"""Ud"
CONSUMER STAPLES,"""Udk"
CONSUMER STAPLES,"""Udk-"
CONSUMER STAPLES,"""Udk-i"
CONSUMER STAPLES,"""Ui"
CONSUMER STAPLES,"""Uif"
CONSUMER STAPLES,"""Uifk"
CONSUMER STAPLES,"""Uifk-"
CONSUMER STAPLES,"""Uk"
CONSUMER STAPLES,"""Ukr"
CONSUMER STAPLES,"""UkrL"
CONSUMER STAPLES,"""UkrLa"
CONSUMER STAPLES,"""Ukra"
CONSUMER STAPLES,"""Ukrah"
CONSUMER STAPLES,"""Ukrai"
CONSUMER STAPLES,"""Ukrf"
CONSUMER STAPLES,"""Ukrfl"
CONSUMER STAPLES,"""Ukrp"
CONSUMER STAPLES,"""Ukrpr"
CONSUMER STAPLES,"""Ukrs"
CONSUMER STAPLES,"""Ukrse"
CONSUMER STAPLES,"""Ul"
CONSUMER STAPLES,"""Ula"
CONSUMER STAPLES,"""Ular"
CONSUMER STAPLES,"""Ular"""
CONSUMER STAPLES,"""Un"
CONSUMER STAPLES,"""Uni"
CONSUMER STAPLES,"""Univ"
CONSUMER STAPLES,"""Unive"
CONSUMER STAPLES,"""Up"
CONSUMER STAPLES,"""Upr"
CONSUMER STAPLES,"""Upra"
CONSUMER STAPLES,"""Uprav"
CONSUMER STAPLES,"""Us"
CONSUMER STAPLES,"""Usp"
CONSUMER STAPLES,"""Uspi"
CONSUMER STAPLES,"""Uspik"
CONSUMER STAPLES,"""VA"
CONSUMER STAPLES,"""VAN"
CONSUMER STAPLES,"""VANT"
CONSUMER STAPLES,"""VANTA"
CONSUMER STAPLES,"""VE"
CONSUMER STAPLES,"""VER"
CONSUMER STAPLES,"""VERB"
CONSUMER STAPLES,"""VERBE"
CONSUMER STAPLES,"""VI"
CONSUMER STAPLES,"""VIT"
CONSUMER STAPLES,"""VITA"
CONSUMER STAPLES,"""VITA"""
CONSUMER STAPLES,"""VK"
CONSUMER STAPLES,"""VKF"
CONSUMER STAPLES,"""VKF"""
CONSUMER STAPLES,"""VKF""A"
CONSUMER STAPLES,"""VP"
CONSUMER STAPLES,"""VPK"
CONSUMER STAPLES,"""VPK-"
CONSUMER STAPLES,"""VPK-A"
CONSUMER STAPLES,"""VPK-U"
CONSUMER STAPLES,"""VV"
CONSUMER STAPLES,"""VVT"
CONSUMER STAPLES,"""VY"
CONSUMER STAPLES,"""VYB"
CONSUMER STAPLES,"""VYBI"
CONSUMER STAPLES,"""VYBIR"
CONSUMER STAPLES,"""Va"
CONSUMER STAPLES,"""Vas"
CONSUMER STAPLES,"""Vasm"
CONSUMER STAPLES,"""Vasma"
CONSUMER STAPLES,"""Vav"
CONSUMER STAPLES,"""Vavi"
CONSUMER STAPLES,"""Vavil"
CONSUMER STAPLES,"""Vd"
CONSUMER STAPLES,"""Vda"
CONSUMER STAPLES,"""Vdal"
CONSUMER STAPLES,"""Vdalo"
CONSUMER STAPLES,"""Ve"
CONSUMER STAPLES,"""Vee"
CONSUMER STAPLES,"""Veet"
CONSUMER STAPLES,"""Veet"""
CONSUMER STAPLES,"""Vek"
CONSUMER STAPLES,"""Vekt"
CONSUMER STAPLES,"""Vekto"
CONSUMER STAPLES,"""Vel"
CONSUMER STAPLES,"""Vele"
CONSUMER STAPLES,"""Velet"
CONSUMER STAPLES,"""Vely"
CONSUMER STAPLES,"""Velyk"
CONSUMER STAPLES,"""Ven"
CONSUMER STAPLES,"""Vend"
CONSUMER STAPLES,"""Vendi"
CONSUMER STAPLES,"""Ver"
CONSUMER STAPLES,"""Vere"
CONSUMER STAPLES,"""Verem"
CONSUMER STAPLES,"""Veres"
CONSUMER STAPLES,"""Verk"
CONSUMER STAPLES,"""Verkh"
CONSUMER STAPLES,"""Ves"
CONSUMER STAPLES,"""Vese"
CONSUMER STAPLES,"""Vesel"
CONSUMER STAPLES,"""Vi"
CONSUMER STAPLES,"""Vik"
CONSUMER STAPLES,"""Vikt"
CONSUMER STAPLES,"""Vikto"
CONSUMER STAPLES,"""Vil"
CONSUMER STAPLES,"""Vili"
CONSUMER STAPLES,"""Vilii"
CONSUMER STAPLES,"""Vin"
CONSUMER STAPLES,"""Vinn"
CONSUMER STAPLES,"""Vinny"
CONSUMER STAPLES,"""Vip"
CONSUMER STAPLES,"""Vit"
CONSUMER STAPLES,"""Vita"
CONSUMER STAPLES,"""Vital"
CONSUMER STAPLES,"""Vitc"
CONSUMER STAPLES,"""Vitch"
CONSUMER STAPLES,"""Viv"
CONSUMER STAPLES,"""Vive"
CONSUMER STAPLES,"""Viver"
CONSUMER STAPLES,"""Vm"
CONSUMER STAPLES,"""Vmz"
CONSUMER STAPLES,"""Vo"
CONSUMER STAPLES,"""Vod"
CONSUMER STAPLES,"""Vodo"
CONSUMER STAPLES,"""Vodol"
CONSUMER STAPLES,"""Vol"
CONSUMER STAPLES,"""Volo"
CONSUMER STAPLES,"""Voloc"
CONSUMER STAPLES,"""Volod"
CONSUMER STAPLES,"""Voly"
CONSUMER STAPLES,"""Volya"
CONSUMER STAPLES,"""Volyn"
CONSUMER STAPLES,"""Vos"
CONSUMER STAPLES,"""Vost"
CONSUMER STAPLES,"""Vosto"
CONSUMER STAPLES,"""Vp"
CONSUMER STAPLES,"""Vpe"
CONSUMER STAPLES,"""Vper"
CONSUMER STAPLES,"""Vpere"
CONSUMER STAPLES,"""Vr"
CONSUMER STAPLES,"""Vro"
CONSUMER STAPLES,"""Vroz"
CONSUMER STAPLES,"""Vrozh"
CONSUMER STAPLES,"""Vy"
CONSUMER STAPLES,"""Vym"
CONSUMER STAPLES,"""Vyma"
CONSUMER STAPLES,"""Vymal"
CONSUMER STAPLES,"""YA"
CONSUMER STAPLES,"""YAb"
CONSUMER STAPLES,"""YAbl"
CONSUMER STAPLES,"""YAblu"
CONSUMER STAPLES,"""YAs"
CONSUMER STAPLES,"""YAsi"
CONSUMER STAPLES,"""YAsio"
CONSUMER STAPLES,"""YU"
CONSUMER STAPLES,"""YUk"
CONSUMER STAPLES,"""YUko"
CONSUMER STAPLES,"""YUkon"
CONSUMER STAPLES,"""YUn"
CONSUMER STAPLES,"""YUny"
CONSUMER STAPLES,"""YUnys"
CONSUMER STAPLES,"""Ya"
CONSUMER STAPLES,"""Yar"
CONSUMER STAPLES,"""Yaro"
CONSUMER STAPLES,"""Yarof"
CONSUMER STAPLES,"""ZA"
CONSUMER STAPLES,"""ZAR"
CONSUMER STAPLES,"""ZARO"
CONSUMER STAPLES,"""ZAROZ"
CONSUMER STAPLES,"""ZH"
CONSUMER STAPLES,"""ZHu"
CONSUMER STAPLES,"""ZHur"
CONSUMER STAPLES,"""ZHura"
CONSUMER STAPLES,"""Za"
CONSUMER STAPLES,"""Zak"
CONSUMER STAPLES,"""Zak-"
CONSUMER STAPLES,"""Zak-S"
CONSUMER STAPLES,"""Zaka"
CONSUMER STAPLES,"""Zakar"
CONSUMER STAPLES,"""Zakh"
CONSUMER STAPLES,"""Zakhi"
CONSUMER STAPLES,"""Zap"
CONSUMER STAPLES,"""Zapo"
CONSUMER STAPLES,"""Zapor"
CONSUMER STAPLES,"""Zar"
CONSUMER STAPLES,"""Zari"
CONSUMER STAPLES,"""Zariu"
CONSUMER STAPLES,"""Zaro"
CONSUMER STAPLES,"""Zaroz"
CONSUMER STAPLES,"""Ze"
CONSUMER STAPLES,"""Zer"
CONSUMER STAPLES,"""Zern"
CONSUMER STAPLES,"""Zerne"
CONSUMER STAPLES,"""Zerno"
CONSUMER STAPLES,"""Zh"
CONSUMER STAPLES,"""Zhy"
CONSUMER STAPLES,"""Zhyt"
CONSUMER STAPLES,"""Zhyto"
CONSUMER STAPLES,"""Zl"
CONSUMER STAPLES,"""Zla"
CONSUMER STAPLES,"""Zlah"
CONSUMER STAPLES,"""Zlaho"
CONSUMER STAPLES,"""Zlat"
CONSUMER STAPLES,"""Zlata"
CONSUMER STAPLES,"""Zo"
CONSUMER STAPLES,"""Zol"
CONSUMER STAPLES,"""Zolo"
CONSUMER STAPLES,"""Zolot"
CONSUMER STAPLES,"""Zoo"
CONSUMER STAPLES,"""Zoot"
CONSUMER STAPLES,"""Zoote"
CONSUMER STAPLES,"""Zor"
CONSUMER STAPLES,"""Zori"
CONSUMER STAPLES,"""Zoria"
CONSUMER STAPLES,"""Zory"
CONSUMER STAPLES,"""Zorya"
CONSUMER STAPLES,''A
CONSUMER STAPLES,''Ah
CONSUMER STAPLES,''Ahr
CONSUMER STAPLES,''Ahro
CONSUMER STAPLES,''H
CONSUMER STAPLES,''HN
CONSUMER STAPLES,''HNI
CONSUMER STAPLES,''HNID
CONSUMER STAPLES,''P
CONSUMER STAPLES,''PR
CONSUMER STAPLES,''PRO
CONSUMER STAPLES,''PROH
CONSUMER STAPLES,''Z
CONSUMER STAPLES,''Zh
CONSUMER STAPLES,''Zho
CONSUMER STAPLES,''Zhov
CONSUMER STAPLES,'AL
CONSUMER STAPLES,'ALU
CONSUMER STAPLES,'ALUS
CONSUMER STAPLES,'ALUSh
CONSUMER STAPLES,'AT
CONSUMER STAPLES,'ATP
CONSUMER STAPLES,'ATP-
CONSUMER STAPLES,'ATP-1
CONSUMER STAPLES,'AV
CONSUMER STAPLES,'AVK
CONSUMER STAPLES,'AVK'
CONSUMER STAPLES,'Ah
CONSUMER STAPLES,'Ahr
CONSUMER STAPLES,'Ahro
CONSUMER STAPLES,'Ahrop
CONSUMER STAPLES,'At
CONSUMER STAPLES,'Atl
CONSUMER STAPLES,'Atla
CONSUMER STAPLES,'Atlan
CONSUMER STAPLES,'Bl
CONSUMER STAPLES,'Bla
CONSUMER STAPLES,'Blah
CONSUMER STAPLES,'Blaho
CONSUMER STAPLES,'EV
CONSUMER STAPLES,'EVR
CONSUMER STAPLES,'EVRO
CONSUMER STAPLES,'EVROD
CONSUMER STAPLES,'FI
CONSUMER STAPLES,'FIS
CONSUMER STAPLES,'FISA
CONSUMER STAPLES,'FISAK
CONSUMER STAPLES,'FR
CONSUMER STAPLES,'FRA
CONSUMER STAPLES,'FRA-
CONSUMER STAPLES,'FRA-M
CONSUMER STAPLES,'FRU
CONSUMER STAPLES,'FRUT
CONSUMER STAPLES,'FRUTL
CONSUMER STAPLES,'IN
CONSUMER STAPLES,'INT
CONSUMER STAPLES,'INTE
CONSUMER STAPLES,'INTER
CONSUMER STAPLES,'IP
CONSUMER STAPLES,'IPK
CONSUMER STAPLES,'IPK'
CONSUMER STAPLES,'IPK'P
CONSUMER STAPLES,'Ka
CONSUMER STAPLES,'Kam
CONSUMER STAPLES,'Kamc
CONSUMER STAPLES,'Kamch
CONSUMER STAPLES,'Ko
CONSUMER STAPLES,'Kob
CONSUMER STAPLES,'Kobl
CONSUMER STAPLES,'Koble
CONSUMER STAPLES,'Ln
CONSUMER STAPLES,'Lnz
CONSUMER STAPLES,'Lnz-
CONSUMER STAPLES,'Lnz-a
CONSUMER STAPLES,'Lo
CONSUMER STAPLES,'Loh
CONSUMER STAPLES,'Lohi
CONSUMER STAPLES,'Lohis
CONSUMER STAPLES,'Mr
CONSUMER STAPLES,'Mri
CONSUMER STAPLES,'Mriy
CONSUMER STAPLES,'Mriya
CONSUMER STAPLES,'NI
CONSUMER STAPLES,'NIV
CONSUMER STAPLES,'NIVA
CONSUMER STAPLES,'NIVA-
CONSUMER STAPLES,'Ok
CONSUMER STAPLES,'Okt
CONSUMER STAPLES,'Okty
CONSUMER STAPLES,'Oktya
CONSUMER STAPLES,'PA
CONSUMER STAPLES,'PAV
CONSUMER STAPLES,'PAVL
CONSUMER STAPLES,'PAVLO
CONSUMER STAPLES,'PO
CONSUMER STAPLES,'POL
CONSUMER STAPLES,'POLI
CONSUMER STAPLES,'POLIS
CONSUMER STAPLES,'PR
CONSUMER STAPLES,'PRO
CONSUMER STAPLES,'PROD
CONSUMER STAPLES,'PRODI
CONSUMER STAPLES,'PRY
CONSUMER STAPLES,'PRYV
CONSUMER STAPLES,'PRYVI
CONSUMER STAPLES,'Pr
CONSUMER STAPLES,'Pro
CONSUMER STAPLES,'Prod
CONSUMER STAPLES,'Prodv
CONSUMER STAPLES,'SM
CONSUMER STAPLES,'SMP
CONSUMER STAPLES,'SMP'
CONSUMER STAPLES,'SO
CONSUMER STAPLES,'SOH
CONSUMER STAPLES,'SOHL
CONSUMER STAPLES,'SOHLA
CONSUMER STAPLES,'TA
CONSUMER STAPLES,'TAT
CONSUMER STAPLES,'TATI
CONSUMER STAPLES,'TATIS
CONSUMER STAPLES,'TD
CONSUMER STAPLES,'TD'
CONSUMER STAPLES,'TD'I
CONSUMER STAPLES,'TD'In
CONSUMER STAPLES,'UK
CONSUMER STAPLES,'UKR
CONSUMER STAPLES,'UKR-
CONSUMER STAPLES,'UKR-R
CONSUMER STAPLES,'UKR-T
CONSUMER STAPLES,'Uk
CONSUMER STAPLES,'Ukr
CONSUMER STAPLES,'Ukra
CONSUMER STAPLES,'Ukrah
CONSUMER STAPLES,'Un
CONSUMER STAPLES,'Uni
CONSUMER STAPLES,'Univ
CONSUMER STAPLES,'Unive
CONSUMER STAPLES,'VA
CONSUMER STAPLES,'VAL
CONSUMER STAPLES,'VALE
CONSUMER STAPLES,'VALEN
CONSUMER STAPLES,'VI
CONSUMER STAPLES,'VIR
CONSUMER STAPLES,'VIRT
CONSUMER STAPLES,'VIRTU
CONSUMER STAPLES,'VM
CONSUMER STAPLES,'VMP
CONSUMER STAPLES,'VMP'
CONSUMER STAPLES,'Vi
CONSUMER STAPLES,'Viv
CONSUMER STAPLES,'Viva
CONSUMER STAPLES,'Viz
CONSUMER STAPLES,'Vizh
CONSUMER STAPLES,'Vizhe
CONSUMER STAPLES,'Yu
CONSUMER STAPLES,'YuH
CONSUMER STAPLES,'YuH-
CONSUMER STAPLES,'YuH-R
CONSUMER STAPLES,'ZA
CONSUMER STAPLES,'ZAT
CONSUMER STAPLES,'ZATY
CONSUMER STAPLES,'ZATYS
CONSUMER STAPLES,'ZE
CONSUMER STAPLES,'ZEE
CONSUMER STAPLES,'ZEEL
CONSUMER STAPLES,'ZEELA
CONSUMER STAPLES,555
CONSUMER STAPLES,ABM
CONSUMER STAPLES,ABM-
CONSUMER STAPLES,ABM-T
CONSUMER STAPLES,ABM-TR
CONSUMER STAPLES,ABO
CONSUMER STAPLES,ABO-
CONSUMER STAPLES,ABO-M
CONSUMER STAPLES,ABO-MI
CONSUMER STAPLES,ADM
CONSUMER STAPLES,ADMI
CONSUMER STAPLES,ADMIR
CONSUMER STAPLES,ADMIRA
CONSUMER STAPLES,ADMO
CONSUMER STAPLES,ADMOT
CONSUMER STAPLES,ADMOTI
CONSUMER STAPLES,AFA
CONSUMER STAPLES,AFAh
CONSUMER STAPLES,AFAhr
CONSUMER STAPLES,AFAhro
CONSUMER STAPLES,AGR
CONSUMER STAPLES,AGRO
CONSUMER STAPLES,AGROB
CONSUMER STAPLES,AGROBU
CONSUMER STAPLES,AGROK
CONSUMER STAPLES,AGROKR
CONSUMER STAPLES,AGROL
CONSUMER STAPLES,AGROLA
CONSUMER STAPLES,AGROLI
CONSUMER STAPLES,AGROT
CONSUMER STAPLES,AGROTA
CONSUMER STAPLES,AGROTE
CONSUMER STAPLES,AGROV
CONSUMER STAPLES,AGROVE
CONSUMER STAPLES,AHR
CONSUMER STAPLES,AHRA
CONSUMER STAPLES,AHRAR
CONSUMER STAPLES,AHRARI
CONSUMER STAPLES,AHRE
CONSUMER STAPLES,AHREK
CONSUMER STAPLES,AHREKS
CONSUMER STAPLES,AHRO
CONSUMER STAPLES,AHRO-
CONSUMER STAPLES,AHRO-D
CONSUMER STAPLES,AHROF
CONSUMER STAPLES,AHROFI
CONSUMER STAPLES,AHROM
CONSUMER STAPLES,AHROMO
CONSUMER STAPLES,AHRON
CONSUMER STAPLES,AHROP
CONSUMER STAPLES,AHROPR
CONSUMER STAPLES,AHROS
CONSUMER STAPLES,AHROSE
CONSUMER STAPLES,AHROSI
CONSUMER STAPLES,AHROSP
CONSUMER STAPLES,AHROT
CONSUMER STAPLES,AHROTE
CONSUMER STAPLES,AKT
CONSUMER STAPLES,AKTA
CONSUMER STAPLES,AKTA-
CONSUMER STAPLES,AKTA-K
CONSUMER STAPLES,ALE
CONSUMER STAPLES,ALEB
CONSUMER STAPLES,ALEBO
CONSUMER STAPLES,ALEBOR
CONSUMER STAPLES,ALF
CONSUMER STAPLES,ALFA
CONSUMER STAPLES,ALFAF
CONSUMER STAPLES,ALFAFA
CONSUMER STAPLES,ALM
CONSUMER STAPLES,ALME
CONSUMER STAPLES,ALMEY
CONSUMER STAPLES,ALMEYD
CONSUMER STAPLES,AND
CONSUMER STAPLES,AND-
CONSUMER STAPLES,AND-H
CONSUMER STAPLES,AND-HR
CONSUMER STAPLES,ANK
CONSUMER STAPLES,ANKO
CONSUMER STAPLES,ANKOR
CONSUMER STAPLES,AOP
CONSUMER STAPLES,APK
CONSUMER STAPLES,APKU
CONSUMER STAPLES,ARC
CONSUMER STAPLES,ARCA
CONSUMER STAPLES,ARCAD
CONSUMER STAPLES,ARCADI
CONSUMER STAPLES,ARCh
CONSUMER STAPLES,ARChI
CONSUMER STAPLES,ARD
CONSUMER STAPLES,ARDA
CONSUMER STAPLES,ARDA-
CONSUMER STAPLES,ARDA-D
CONSUMER STAPLES,ARK
CONSUMER STAPLES,ARKA
CONSUMER STAPLES,ARKAD
CONSUMER STAPLES,ARKADI
CONSUMER STAPLES,ARO
CONSUMER STAPLES,AROM
CONSUMER STAPLES,AROMA
CONSUMER STAPLES,AROMAT
CONSUMER STAPLES,ARY
CONSUMER STAPLES,ARYD
CONSUMER STAPLES,ARYDA
CONSUMER STAPLES,ARYDA-
CONSUMER STAPLES,"AT"""
CONSUMER STAPLES,"AT""K"
CONSUMER STAPLES,"AT""KH"
CONSUMER STAPLES,"AT""KHa"
CONSUMER STAPLES,"AT""P"
CONSUMER STAPLES,"AT""Po"
CONSUMER STAPLES,"AT""Pol"
CONSUMER STAPLES,AT-
CONSUMER STAPLES,AT-T
CONSUMER STAPLES,AT-TR
CONSUMER STAPLES,AT-TRO
CONSUMER STAPLES,ATB
CONSUMER STAPLES,ATB-
CONSUMER STAPLES,ATB-I
CONSUMER STAPLES,ATB-IN
CONSUMER STAPLES,ATB-M
CONSUMER STAPLES,ATB-Ma
CONSUMER STAPLES,ATB-T
CONSUMER STAPLES,ATB-TO
CONSUMER STAPLES,ATS
CONSUMER STAPLES,ATS-
CONSUMER STAPLES,ATS-S
CONSUMER STAPLES,ATS-SY
CONSUMER STAPLES,AVA
CONSUMER STAPLES,AVAN
CONSUMER STAPLES,AVANT
CONSUMER STAPLES,AVANTA
CONSUMER STAPLES,AVH
CONSUMER STAPLES,AVHU
CONSUMER STAPLES,AVHUS
CONSUMER STAPLES,AVHUST
CONSUMER STAPLES,AVT
CONSUMER STAPLES,AVTE
CONSUMER STAPLES,AVTEK
CONSUMER STAPLES,AVTEK-
CONSUMER STAPLES,Abr
CONSUMER STAPLES,Abri
CONSUMER STAPLES,Abris
CONSUMER STAPLES,Afi
CONSUMER STAPLES,Afit
CONSUMER STAPLES,Afito
CONSUMER STAPLES,Agf
CONSUMER STAPLES,Agr
CONSUMER STAPLES,Agri
CONSUMER STAPLES,Agric
CONSUMER STAPLES,Agricu
CONSUMER STAPLES,Agrik
CONSUMER STAPLES,Agriko
CONSUMER STAPLES,Agro
CONSUMER STAPLES,Agro-
CONSUMER STAPLES,Agro-R
CONSUMER STAPLES,Agro-S
CONSUMER STAPLES,AgroG
CONSUMER STAPLES,AgroGe
CONSUMER STAPLES,Agrob
CONSUMER STAPLES,Agrobu
CONSUMER STAPLES,Agrod
CONSUMER STAPLES,Agroda
CONSUMER STAPLES,Agroi
CONSUMER STAPLES,Agroin
CONSUMER STAPLES,Agrok
CONSUMER STAPLES,Agroko
CONSUMER STAPLES,Agrol
CONSUMER STAPLES,Agroli
CONSUMER STAPLES,Agrom
CONSUMER STAPLES,Agromi
CONSUMER STAPLES,Agrop
CONSUMER STAPLES,Agropr
CONSUMER STAPLES,Agros
CONSUMER STAPLES,Agrose
CONSUMER STAPLES,Agrosp
CONSUMER STAPLES,Agrosv
CONSUMER STAPLES,Agrot
CONSUMER STAPLES,Agrote
CONSUMER STAPLES,Agrotr
CONSUMER STAPLES,Ahr
CONSUMER STAPLES,Ahra
CONSUMER STAPLES,Ahrar
CONSUMER STAPLES,Ahrarn
CONSUMER STAPLES,Ahro
CONSUMER STAPLES,Ahro-
CONSUMER STAPLES,Ahro-D
CONSUMER STAPLES,Ahro-O
CONSUMER STAPLES,Ahro-R
CONSUMER STAPLES,Ahro-V
CONSUMER STAPLES,Ahrod
CONSUMER STAPLES,Ahrodo
CONSUMER STAPLES,Ahroe
CONSUMER STAPLES,Ahroek
CONSUMER STAPLES,Ahroi
CONSUMER STAPLES,Ahroin
CONSUMER STAPLES,Ahrok
CONSUMER STAPLES,Ahrokh
CONSUMER STAPLES,Ahroko
CONSUMER STAPLES,Ahrol
CONSUMER STAPLES,Ahrole
CONSUMER STAPLES,Ahroli
CONSUMER STAPLES,Ahrom
CONSUMER STAPLES,Ahromy
CONSUMER STAPLES,Ahrop
CONSUMER STAPLES,Ahropo
CONSUMER STAPLES,Ahropr
CONSUMER STAPLES,Ahros
CONSUMER STAPLES,Ahrost
CONSUMER STAPLES,Ahrosv
CONSUMER STAPLES,Ahrot
CONSUMER STAPLES,Ahrote
CONSUMER STAPLES,Ais
CONSUMER STAPLES,Aisb
CONSUMER STAPLES,Aisbe
CONSUMER STAPLES,Aisber
CONSUMER STAPLES,Akt
CONSUMER STAPLES,Akty
CONSUMER STAPLES,Aktyv
CONSUMER STAPLES,Aktyvd
CONSUMER STAPLES,Akv
CONSUMER STAPLES,Akva
CONSUMER STAPLES,Akvar
CONSUMER STAPLES,Akvare
CONSUMER STAPLES,Ala
CONSUMER STAPLES,Alan
CONSUMER STAPLES,Ald
CONSUMER STAPLES,Aldo
CONSUMER STAPLES,Aldor
CONSUMER STAPLES,Aldor-
CONSUMER STAPLES,Ale
CONSUMER STAPLES,Alek
CONSUMER STAPLES,Aleks
CONSUMER STAPLES,All
CONSUMER STAPLES,Allb
CONSUMER STAPLES,Allbe
CONSUMER STAPLES,Allber
CONSUMER STAPLES,Alls
CONSUMER STAPLES,Allse
CONSUMER STAPLES,Allsee
CONSUMER STAPLES,Alm
CONSUMER STAPLES,Almi
CONSUMER STAPLES,Alp
CONSUMER STAPLES,Alpk
CONSUMER STAPLES,Alpko
CONSUMER STAPLES,Alpkot
CONSUMER STAPLES,Alt
CONSUMER STAPLES,Alta
CONSUMER STAPLES,Alta-
CONSUMER STAPLES,Alta-V
CONSUMER STAPLES,Alte
CONSUMER STAPLES,Alter
CONSUMER STAPLES,Alterr
CONSUMER STAPLES,Ama
CONSUMER STAPLES,Amar
CONSUMER STAPLES,Amari
CONSUMER STAPLES,Amarin
CONSUMER STAPLES,Amb
CONSUMER STAPLES,Amba
CONSUMER STAPLES,Ambar
CONSUMER STAPLES,AmbarA
CONSUMER STAPLES,And
CONSUMER STAPLES,Andr
CONSUMER STAPLES,Andru
CONSUMER STAPLES,Andrus
CONSUMER STAPLES,Ant
CONSUMER STAPLES,Anta
CONSUMER STAPLES,Antar
CONSUMER STAPLES,Antare
CONSUMER STAPLES,Arg
CONSUMER STAPLES,Argo
CONSUMER STAPLES,Argon
CONSUMER STAPLES,Arh
CONSUMER STAPLES,Arho
CONSUMER STAPLES,Arho-
CONSUMER STAPLES,Arho-R
CONSUMER STAPLES,Arn
CONSUMER STAPLES,Arni
CONSUMER STAPLES,Arnik
CONSUMER STAPLES,Arnika
CONSUMER STAPLES,Ars
CONSUMER STAPLES,Arse
CONSUMER STAPLES,Arsen
CONSUMER STAPLES,Arseno
CONSUMER STAPLES,Asn
CONSUMER STAPLES,Asno
CONSUMER STAPLES,Asnov
CONSUMER STAPLES,Asnova
CONSUMER STAPLES,Aso
CONSUMER STAPLES,Asor
CONSUMER STAPLES,Asort
CONSUMER STAPLES,Asorty
CONSUMER STAPLES,Ast
CONSUMER STAPLES,Asta
CONSUMER STAPLES,Astar
CONSUMER STAPLES,Astart
CONSUMER STAPLES,Atb
CONSUMER STAPLES,Auc
CONSUMER STAPLES,Auch
CONSUMER STAPLES,Aucha
CONSUMER STAPLES,Auchan
CONSUMER STAPLES,Avi
CONSUMER STAPLES,Avis
CONSUMER STAPLES,Avk
CONSUMER STAPLES,Azy
CONSUMER STAPLES,Azym
CONSUMER STAPLES,Azymu
CONSUMER STAPLES,Azymut
CONSUMER STAPLES,BAK
CONSUMER STAPLES,BAKA
CONSUMER STAPLES,BAKAL
CONSUMER STAPLES,BAKALE
CONSUMER STAPLES,BAZ
CONSUMER STAPLES,BAZY
CONSUMER STAPLES,BAZYS
CONSUMER STAPLES,BEI
CONSUMER STAPLES,BEIE
CONSUMER STAPLES,BEIER
CONSUMER STAPLES,BEIERS
CONSUMER STAPLES,BER
CONSUMER STAPLES,BERD
CONSUMER STAPLES,BERDY
CONSUMER STAPLES,BERDYC
CONSUMER STAPLES,BERE
CONSUMER STAPLES,BERES
CONSUMER STAPLES,BEREST
CONSUMER STAPLES,BEREZ
CONSUMER STAPLES,BEREZO
CONSUMER STAPLES,BERT
CONSUMER STAPLES,BERTA
CONSUMER STAPLES,BERTA-
CONSUMER STAPLES,BET
CONSUMER STAPLES,BETA
CONSUMER STAPLES,BETA-
CONSUMER STAPLES,BETA-A
CONSUMER STAPLES,BIL
CONSUMER STAPLES,BILD
CONSUMER STAPLES,BILDA
CONSUMER STAPLES,BILDAN
CONSUMER STAPLES,BIO
CONSUMER STAPLES,BIOE
CONSUMER STAPLES,BIOEN
CONSUMER STAPLES,BIOENE
CONSUMER STAPLES,BOL
CONSUMER STAPLES,BOLE
CONSUMER STAPLES,BOLER
CONSUMER STAPLES,BOLERO
CONSUMER STAPLES,BOR
CONSUMER STAPLES,BORY
CONSUMER STAPLES,BORYS
CONSUMER STAPLES,BORYSP
CONSUMER STAPLES,BORZ
CONSUMER STAPLES,BORZN
CONSUMER STAPLES,BORZNA
CONSUMER STAPLES,BOS
CONSUMER STAPLES,BOSK
CONSUMER STAPLES,BOSKO
CONSUMER STAPLES,BUK
CONSUMER STAPLES,BUKO
CONSUMER STAPLES,BUKOV
CONSUMER STAPLES,BUKOVY
CONSUMER STAPLES,BUM
CONSUMER STAPLES,BUMM
CONSUMER STAPLES,BUMMI
CONSUMER STAPLES,BUMMIR
CONSUMER STAPLES,BUMS
CONSUMER STAPLES,BUMSI
CONSUMER STAPLES,BUMSIT
CONSUMER STAPLES,Bai
CONSUMER STAPLES,Baia
CONSUMER STAPLES,Baiad
CONSUMER STAPLES,Baiade
CONSUMER STAPLES,Bak
CONSUMER STAPLES,Baka
CONSUMER STAPLES,Bakal
CONSUMER STAPLES,Bakali
CONSUMER STAPLES,Bakh
CONSUMER STAPLES,Bakhm
CONSUMER STAPLES,Bakhma
CONSUMER STAPLES,Bal
CONSUMER STAPLES,Balk
CONSUMER STAPLES,Balka
CONSUMER STAPLES,Balkan
CONSUMER STAPLES,Bar
CONSUMER STAPLES,Bart
CONSUMER STAPLES,Bartn
CONSUMER STAPLES,Bartni
CONSUMER STAPLES,Bas
CONSUMER STAPLES,Bast
CONSUMER STAPLES,Basty
CONSUMER STAPLES,Bastyo
CONSUMER STAPLES,Baz
CONSUMER STAPLES,Bazi
CONSUMER STAPLES,Bazis
CONSUMER STAPLES,Ber
CONSUMER STAPLES,Bere
CONSUMER STAPLES,Beres
CONSUMER STAPLES,Berest
CONSUMER STAPLES,Berez
CONSUMER STAPLES,Berezo
CONSUMER STAPLES,Bert
CONSUMER STAPLES,Berta
CONSUMER STAPLES,Bet
CONSUMER STAPLES,Beta
CONSUMER STAPLES,Beta-
CONSUMER STAPLES,Beta-A
CONSUMER STAPLES,Bez
CONSUMER STAPLES,Bezp
CONSUMER STAPLES,Bezpe
CONSUMER STAPLES,Bezpec
CONSUMER STAPLES,Bil
CONSUMER STAPLES,Bila
CONSUMER STAPLES,Bilah
CONSUMER STAPLES,Bilahr
CONSUMER STAPLES,Bio
CONSUMER STAPLES,Bios
CONSUMER STAPLES,Biosf
CONSUMER STAPLES,Biosfe
CONSUMER STAPLES,Blo
CONSUMER STAPLES,Blok
CONSUMER STAPLES,Bob
CONSUMER STAPLES,Bobo
CONSUMER STAPLES,Bobov
CONSUMER STAPLES,Boi
CONSUMER STAPLES,Boik
CONSUMER STAPLES,Boiko
CONSUMER STAPLES,Bos
CONSUMER STAPLES,Bosk
CONSUMER STAPLES,Bosko
CONSUMER STAPLES,Bur
CONSUMER STAPLES,Burg
CONSUMER STAPLES,Burgu
CONSUMER STAPLES,Burgud
CONSUMER STAPLES,Burl
CONSUMER STAPLES,Burlu
CONSUMER STAPLES,Burluk
CONSUMER STAPLES,CHE
CONSUMER STAPLES,CHER
CONSUMER STAPLES,CHERE
CONSUMER STAPLES,CHEREP
CONSUMER STAPLES,CHERN
CONSUMER STAPLES,CHERNI
CONSUMER STAPLES,CHU
CONSUMER STAPLES,CHUD
CONSUMER STAPLES,CHUDN
CONSUMER STAPLES,CHUDNI
CONSUMER STAPLES,CRE
CONSUMER STAPLES,CREA
CONSUMER STAPLES,CREAT
CONSUMER STAPLES,CREATI
CONSUMER STAPLES,CUR
CONSUMER STAPLES,CURM
CONSUMER STAPLES,CURME
CONSUMER STAPLES,CURMET
CONSUMER STAPLES,Cha
CONSUMER STAPLES,Chai
CONSUMER STAPLES,Chaik
CONSUMER STAPLES,Chaika
CONSUMER STAPLES,Che
CONSUMER STAPLES,Cher
CONSUMER STAPLES,Chern
CONSUMER STAPLES,Cherni
CONSUMER STAPLES,Chu
CONSUMER STAPLES,Chud
CONSUMER STAPLES,Chudo
CONSUMER STAPLES,Chudom
CONSUMER STAPLES,Chy
CONSUMER STAPLES,Chys
CONSUMER STAPLES,Chyst
CONSUMER STAPLES,Chysta
CONSUMER STAPLES,Con
CONSUMER STAPLES,Conf
CONSUMER STAPLES,Confe
CONSUMER STAPLES,Confec
CONSUMER STAPLES,DAN
CONSUMER STAPLES,DES
CONSUMER STAPLES,DESN
CONSUMER STAPLES,DESNA
CONSUMER STAPLES,DIV
CONSUMER STAPLES,DIVI
CONSUMER STAPLES,DIVIA
CONSUMER STAPLES,DIVIAL
CONSUMER STAPLES,DKK
CONSUMER STAPLES,DKKh
CONSUMER STAPLES,DKKhK
CONSUMER STAPLES,DNK
CONSUMER STAPLES,DOL
CONSUMER STAPLES,DOLY
CONSUMER STAPLES,DOLYN
CONSUMER STAPLES,DOLYNK
CONSUMER STAPLES,DRA
CONSUMER STAPLES,DRAF
CONSUMER STAPLES,DRAFT
CONSUMER STAPLES,DUE
CONSUMER STAPLES,DUET
CONSUMER STAPLES,DUK
CONSUMER STAPLES,DUKR
CONSUMER STAPLES,DUKRA
CONSUMER STAPLES,DYA
CONSUMER STAPLES,DYAD
CONSUMER STAPLES,DZV
CONSUMER STAPLES,DZVI
CONSUMER STAPLES,DZVIN
CONSUMER STAPLES,DZh
CONSUMER STAPLES,DZhA
CONSUMER STAPLES,DZhAN
CONSUMER STAPLES,DZhANK
CONSUMER STAPLES,Dan
CONSUMER STAPLES,Dang
CONSUMER STAPLES,Dange
CONSUMER STAPLES,Del
CONSUMER STAPLES,Deli
CONSUMER STAPLES,Delik
CONSUMER STAPLES,Delika
CONSUMER STAPLES,Delt
CONSUMER STAPLES,Delta
CONSUMER STAPLES,Delta-
CONSUMER STAPLES,Des
CONSUMER STAPLES,Deso
CONSUMER STAPLES,Desok
CONSUMER STAPLES,Desokk
CONSUMER STAPLES,Dia
CONSUMER STAPLES,Diam
CONSUMER STAPLES,Diama
CONSUMER STAPLES,Diaman
CONSUMER STAPLES,Die
CONSUMER STAPLES,Died
CONSUMER STAPLES,Diedo
CONSUMER STAPLES,Diedov
CONSUMER STAPLES,Dis
CONSUMER STAPLES,Disn
CONSUMER STAPLES,Disna
CONSUMER STAPLES,Div
CONSUMER STAPLES,Divi
CONSUMER STAPLES,Diviy
CONSUMER STAPLES,Diviya
CONSUMER STAPLES,Dne
CONSUMER STAPLES,Dnep
CONSUMER STAPLES,Dnepr
CONSUMER STAPLES,Dni
CONSUMER STAPLES,Dnip
CONSUMER STAPLES,Dnipr
CONSUMER STAPLES,Dnipro
CONSUMER STAPLES,Dnk
CONSUMER STAPLES,Doc
CONSUMER STAPLES,Doch
CONSUMER STAPLES,Dochi
CONSUMER STAPLES,Dochir
CONSUMER STAPLES,Dok
CONSUMER STAPLES,Doku
CONSUMER STAPLES,Dokuc
CONSUMER STAPLES,Dokuch
CONSUMER STAPLES,Don
CONSUMER STAPLES,Don.
CONSUMER STAPLES,Don.K
CONSUMER STAPLES,Don.Ko
CONSUMER STAPLES,Dru
CONSUMER STAPLES,Druz
CONSUMER STAPLES,Druzh
CONSUMER STAPLES,Druzhb
CONSUMER STAPLES,Dub
CONSUMER STAPLES,Dubr
CONSUMER STAPLES,Dubro
CONSUMER STAPLES,Dubrov
CONSUMER STAPLES,Dya
CONSUMER STAPLES,Dyad
CONSUMER STAPLES,Dyh
CONSUMER STAPLES,Dyhm
CONSUMER STAPLES,Dyhma
CONSUMER STAPLES,Dzo
CONSUMER STAPLES,Dzon
CONSUMER STAPLES,Dzond
CONSUMER STAPLES,Dzondi
CONSUMER STAPLES,Dzv
CONSUMER STAPLES,Dzvo
CONSUMER STAPLES,Dzvon
CONSUMER STAPLES,Dzvony
CONSUMER STAPLES,EKO
CONSUMER STAPLES,EKOF
CONSUMER STAPLES,EKOFR
CONSUMER STAPLES,EKOFRE
CONSUMER STAPLES,EKOP
CONSUMER STAPLES,EKOPR
CONSUMER STAPLES,EKOPRO
CONSUMER STAPLES,EMV
CONSUMER STAPLES,EMVE
CONSUMER STAPLES,EMVEI
CONSUMER STAPLES,Eff
CONSUMER STAPLES,Effe
CONSUMER STAPLES,Effek
CONSUMER STAPLES,Effekt
CONSUMER STAPLES,Eks
CONSUMER STAPLES,Eksp
CONSUMER STAPLES,Ekspr
CONSUMER STAPLES,Ekspre
CONSUMER STAPLES,Elf
CONSUMER STAPLES,Elfa
CONSUMER STAPLES,End
CONSUMER STAPLES,Endg
CONSUMER STAPLES,Endgo
CONSUMER STAPLES,Endgoy
CONSUMER STAPLES,Ens
CONSUMER STAPLES,Ense
CONSUMER STAPLES,Ensel
CONSUMER STAPLES,Enselk
CONSUMER STAPLES,Enz
CONSUMER STAPLES,Enzy
CONSUMER STAPLES,Enzym
CONSUMER STAPLES,Evr
CONSUMER STAPLES,Evro
CONSUMER STAPLES,Evrod
CONSUMER STAPLES,Evrodn
CONSUMER STAPLES,FAR
CONSUMER STAPLES,FARM
CONSUMER STAPLES,FARMA
CONSUMER STAPLES,FARMAV
CONSUMER STAPLES,FARMP
CONSUMER STAPLES,FARMPO
CONSUMER STAPLES,"FH"""
CONSUMER STAPLES,"FH""B"
CONSUMER STAPLES,"FH""Bi"
CONSUMER STAPLES,"FH""Bil"
CONSUMER STAPLES,FKZ
CONSUMER STAPLES,FKZD
CONSUMER STAPLES,FKZDO
CONSUMER STAPLES,FKZDOR
CONSUMER STAPLES,FOR
CONSUMER STAPLES,FORA
CONSUMER STAPLES,FORS
CONSUMER STAPLES,FORSA
CONSUMER STAPLES,FORSAZ
CONSUMER STAPLES,FRU
CONSUMER STAPLES,FRUT
CONSUMER STAPLES,FRUTV
CONSUMER STAPLES,FRUTVI
CONSUMER STAPLES,FSG
CONSUMER STAPLES,FSGI
CONSUMER STAPLES,FUD
CONSUMER STAPLES,FUDZ
CONSUMER STAPLES,FUT
CONSUMER STAPLES,FUTU
CONSUMER STAPLES,FUTUR
CONSUMER STAPLES,FUTURO
CONSUMER STAPLES,Fak
CONSUMER STAPLES,Faku
CONSUMER STAPLES,Fakul
CONSUMER STAPLES,Fakult
CONSUMER STAPLES,Far
CONSUMER STAPLES,Farm
CONSUMER STAPLES,Farma
CONSUMER STAPLES,Farmas
CONSUMER STAPLES,Fat
CONSUMER STAPLES,Fati
CONSUMER STAPLES,Fatim
CONSUMER STAPLES,Fatima
CONSUMER STAPLES,Fav
CONSUMER STAPLES,Favo
CONSUMER STAPLES,Favor
CONSUMER STAPLES,Favori
CONSUMER STAPLES,Fen
CONSUMER STAPLES,Feni
CONSUMER STAPLES,Fenik
CONSUMER STAPLES,Feniks
CONSUMER STAPLES,Fes
CONSUMER STAPLES,Fest
CONSUMER STAPLES,Fid
CONSUMER STAPLES,Fidl
CONSUMER STAPLES,Fidla
CONSUMER STAPLES,Fidlai
CONSUMER STAPLES,Fir
CONSUMER STAPLES,Firm
CONSUMER STAPLES,Firma
CONSUMER STAPLES,For
CONSUMER STAPLES,Fors
CONSUMER STAPLES,Forsa
CONSUMER STAPLES,Forsaz
CONSUMER STAPLES,Foz
CONSUMER STAPLES,Fozz
CONSUMER STAPLES,Fozzi
CONSUMER STAPLES,Fri
CONSUMER STAPLES,Frid
CONSUMER STAPLES,Frido
CONSUMER STAPLES,Fridom
CONSUMER STAPLES,Fru
CONSUMER STAPLES,Fruk
CONSUMER STAPLES,Frukt
CONSUMER STAPLES,Frukto
CONSUMER STAPLES,Fud
CONSUMER STAPLES,Fudz
CONSUMER STAPLES,Fur
CONSUMER STAPLES,Furs
CONSUMER STAPLES,Fursh
CONSUMER STAPLES,Furshe
CONSUMER STAPLES,GAD
CONSUMER STAPLES,GADZ
CONSUMER STAPLES,GADZ-
CONSUMER STAPLES,GADZ-A
CONSUMER STAPLES,GAR
CONSUMER STAPLES,GARA
CONSUMER STAPLES,GARAN
CONSUMER STAPLES,GARANT
CONSUMER STAPLES,GARM
CONSUMER STAPLES,GARMO
CONSUMER STAPLES,GARMON
CONSUMER STAPLES,GEJ
CONSUMER STAPLES,GEJA
CONSUMER STAPLES,GRO
CONSUMER STAPLES,GROW
CONSUMER STAPLES,GROWE
CONSUMER STAPLES,GROWEX
CONSUMER STAPLES,Gal
CONSUMER STAPLES,Gale
CONSUMER STAPLES,Galek
CONSUMER STAPLES,Galeks
CONSUMER STAPLES,Gals
CONSUMER STAPLES,Gals-
CONSUMER STAPLES,Gals-A
CONSUMER STAPLES,Galy
CONSUMER STAPLES,Galyc
CONSUMER STAPLES,Galych
CONSUMER STAPLES,Glo
CONSUMER STAPLES,Glob
CONSUMER STAPLES,Globi
CONSUMER STAPLES,Globin
CONSUMER STAPLES,Gob
CONSUMER STAPLES,Goba
CONSUMER STAPLES,Goo
CONSUMER STAPLES,Good
CONSUMER STAPLES,Goodw
CONSUMER STAPLES,Goodwa
CONSUMER STAPLES,Gra
CONSUMER STAPLES,Grad
CONSUMER STAPLES,Grado
CONSUMER STAPLES,Gradoi
CONSUMER STAPLES,HAR
CONSUMER STAPLES,HARA
CONSUMER STAPLES,HARAN
CONSUMER STAPLES,HARANT
CONSUMER STAPLES,HARV
CONSUMER STAPLES,HARVE
CONSUMER STAPLES,HARVEA
CONSUMER STAPLES,HD-
CONSUMER STAPLES,HD-G
CONSUMER STAPLES,HD-GR
CONSUMER STAPLES,HD-GRO
CONSUMER STAPLES,HEL
CONSUMER STAPLES,HELI
CONSUMER STAPLES,HELIO
CONSUMER STAPLES,HELIOS
CONSUMER STAPLES,HER
CONSUMER STAPLES,HERK
CONSUMER STAPLES,HERKU
CONSUMER STAPLES,HERKUL
CONSUMER STAPLES,HOS
CONSUMER STAPLES,HOSP
CONSUMER STAPLES,HOSPO
CONSUMER STAPLES,HOSPOD
CONSUMER STAPLES,Hal
CONSUMER STAPLES,Hala
CONSUMER STAPLES,Halat
CONSUMER STAPLES,Halate
CONSUMER STAPLES,Hek
CONSUMER STAPLES,Hekt
CONSUMER STAPLES,Hekta
CONSUMER STAPLES,Hen
CONSUMER STAPLES,Hene
CONSUMER STAPLES,Hener
CONSUMER STAPLES,Henera
CONSUMER STAPLES,Her
CONSUMER STAPLES,Herb
CONSUMER STAPLES,Herba
CONSUMER STAPLES,Herbal
CONSUMER STAPLES,Herk
CONSUMER STAPLES,Herku
CONSUMER STAPLES,Herkul
CONSUMER STAPLES,Herm
CONSUMER STAPLES,Herme
CONSUMER STAPLES,Hermes
CONSUMER STAPLES,Het
CONSUMER STAPLES,Hetm
CONSUMER STAPLES,Hetma
CONSUMER STAPLES,Hetman
CONSUMER STAPLES,Hle
CONSUMER STAPLES,Hleb
CONSUMER STAPLES,Hlebo
CONSUMER STAPLES,Hlebor
CONSUMER STAPLES,Hlen
CONSUMER STAPLES,Hlenp
CONSUMER STAPLES,Hlenpo
CONSUMER STAPLES,Hor
CONSUMER STAPLES,Hori
CONSUMER STAPLES,Horie
CONSUMER STAPLES,Horiev
CONSUMER STAPLES,Hra
CONSUMER STAPLES,Hrav
CONSUMER STAPLES,Hravi
CONSUMER STAPLES,Hravid
CONSUMER STAPLES,Hro
CONSUMER STAPLES,Hron
CONSUMER STAPLES,Hrona
CONSUMER STAPLES,Hrona-
CONSUMER STAPLES,Hrono
CONSUMER STAPLES,Hrono-
CONSUMER STAPLES,Hve
CONSUMER STAPLES,Hved
CONSUMER STAPLES,Hvede
CONSUMER STAPLES,Hvedeo
CONSUMER STAPLES,IM.
CONSUMER STAPLES,IM.T
CONSUMER STAPLES,IM.T.
CONSUMER STAPLES,IM.T.H
CONSUMER STAPLES,IMP
CONSUMER STAPLES,IMPU
CONSUMER STAPLES,IMPUL
CONSUMER STAPLES,IMPULS
CONSUMER STAPLES,INT
CONSUMER STAPLES,INTE
CONSUMER STAPLES,INTER
CONSUMER STAPLES,INTERL
CONSUMER STAPLES,INTERT
CONSUMER STAPLES,ISK
CONSUMER STAPLES,ISKR
CONSUMER STAPLES,ISKRA
CONSUMER STAPLES,ISh
CONSUMER STAPLES,IShU
CONSUMER STAPLES,IShUN
CONSUMER STAPLES,IShUN-
CONSUMER STAPLES,IVA
CONSUMER STAPLES,IVAN
CONSUMER STAPLES,IVANI
CONSUMER STAPLES,IVANIV
CONSUMER STAPLES,IVANO
CONSUMER STAPLES,IVANOF
CONSUMER STAPLES,IVK
CONSUMER STAPLES,IVKY
CONSUMER STAPLES,Ibt
CONSUMER STAPLES,Ide
CONSUMER STAPLES,Idea
CONSUMER STAPLES,Ideal
CONSUMER STAPLES,Imp
CONSUMER STAPLES,Impa
CONSUMER STAPLES,Impak
CONSUMER STAPLES,Impe
CONSUMER STAPLES,Imper
CONSUMER STAPLES,Imperi
CONSUMER STAPLES,Impu
CONSUMER STAPLES,Impul
CONSUMER STAPLES,Impuls
CONSUMER STAPLES,Inb
CONSUMER STAPLES,Inbe
CONSUMER STAPLES,Inbel
CONSUMER STAPLES,Ink
CONSUMER STAPLES,Inke
CONSUMER STAPLES,Inker
CONSUMER STAPLES,Inkerm
CONSUMER STAPLES,Int
CONSUMER STAPLES,Inte
CONSUMER STAPLES,Inter
CONSUMER STAPLES,Inter-
CONSUMER STAPLES,Inters
CONSUMER STAPLES,Inv
CONSUMER STAPLES,Inve
CONSUMER STAPLES,Inves
CONSUMER STAPLES,Invest
CONSUMER STAPLES,Irb
CONSUMER STAPLES,Irbi
CONSUMER STAPLES,Irbis
CONSUMER STAPLES,Ist
CONSUMER STAPLES,Iuh
CONSUMER STAPLES,Iuho
CONSUMER STAPLES,Iuhos
CONSUMER STAPLES,Iuk
CONSUMER STAPLES,Iuka
CONSUMER STAPLES,Iukas
CONSUMER STAPLES,Iva
CONSUMER STAPLES,Iva-
CONSUMER STAPLES,Iva-A
CONSUMER STAPLES,Iva-Ar
CONSUMER STAPLES,Ivan
CONSUMER STAPLES,Ivani
CONSUMER STAPLES,Ivaniv
CONSUMER STAPLES,Ivank
CONSUMER STAPLES,Ivanki
CONSUMER STAPLES,JCH
CONSUMER STAPLES,JCHO
CONSUMER STAPLES,JCHON
CONSUMER STAPLES,JCHONG
CONSUMER STAPLES,JLY
CONSUMER STAPLES,JLYA
CONSUMER STAPLES,JLYAS
CONSUMER STAPLES,JLYASC
CONSUMER STAPLES,JSC
CONSUMER STAPLES,Jti
CONSUMER STAPLES,KAL
CONSUMER STAPLES,KALA
CONSUMER STAPLES,KALAN
CONSUMER STAPLES,KALANC
CONSUMER STAPLES,KAR
CONSUMER STAPLES,KARA
CONSUMER STAPLES,KARAT
CONSUMER STAPLES,KARAV
CONSUMER STAPLES,KARAVA
CONSUMER STAPLES,KAS
CONSUMER STAPLES,KASK
CONSUMER STAPLES,KASKA
CONSUMER STAPLES,KASKAD
CONSUMER STAPLES,KASM
CONSUMER STAPLES,KASME
CONSUMER STAPLES,KASMET
CONSUMER STAPLES,KAT
CONSUMER STAPLES,KATR
CONSUMER STAPLES,KATRI
CONSUMER STAPLES,KATRIN
CONSUMER STAPLES,KATRY
CONSUMER STAPLES,KATRYK
CONSUMER STAPLES,KER
CONSUMER STAPLES,KERN
CONSUMER STAPLES,KERNE
CONSUMER STAPLES,KERNEL
CONSUMER STAPLES,KHM
CONSUMER STAPLES,KHME
CONSUMER STAPLES,KHMEL
CONSUMER STAPLES,KHMELN
CONSUMER STAPLES,KIR
CONSUMER STAPLES,KIRO
CONSUMER STAPLES,KIROV
CONSUMER STAPLES,KIROVO
CONSUMER STAPLES,KLA
CONSUMER STAPLES,KLAS
CONSUMER STAPLES,KLASI
CONSUMER STAPLES,KLASIK
CONSUMER STAPLES,KLI
CONSUMER STAPLES,KLIO
CONSUMER STAPLES,KLION
CONSUMER STAPLES,KMM
CONSUMER STAPLES,KMMZ
CONSUMER STAPLES,KOL
CONSUMER STAPLES,KOLO
CONSUMER STAPLES,KOLOS
CONSUMER STAPLES,KOM
CONSUMER STAPLES,KOMO
CONSUMER STAPLES,KON
CONSUMER STAPLES,KOND
CONSUMER STAPLES,KONDY
CONSUMER STAPLES,KONDYT
CONSUMER STAPLES,KONE
CONSUMER STAPLES,KONEK
CONSUMER STAPLES,KONEKS
CONSUMER STAPLES,KOO
CONSUMER STAPLES,KOOP
CONSUMER STAPLES,KOOPE
CONSUMER STAPLES,KOOPER
CONSUMER STAPLES,KOS
CONSUMER STAPLES,KOSH
CONSUMER STAPLES,KOSHE
CONSUMER STAPLES,KOSHET
CONSUMER STAPLES,KOV
CONSUMER STAPLES,KOV'
CONSUMER STAPLES,KOV'Y
CONSUMER STAPLES,KOV'Ya
CONSUMER STAPLES,KOZ
CONSUMER STAPLES,KOZE
CONSUMER STAPLES,KOZEL
CONSUMER STAPLES,KOZELE
CONSUMER STAPLES,KPK
CONSUMER STAPLES,KRA
CONSUMER STAPLES,KRAS
CONSUMER STAPLES,KRASN
CONSUMER STAPLES,KRASNO
CONSUMER STAPLES,KRASNY
CONSUMER STAPLES,KRO
CONSUMER STAPLES,KROL
CONSUMER STAPLES,KROLE
CONSUMER STAPLES,KROLEV
CONSUMER STAPLES,KRY
CONSUMER STAPLES,KRYM
CONSUMER STAPLES,KRYMM
CONSUMER STAPLES,KRYMMO
CONSUMER STAPLES,KTS
CONSUMER STAPLES,KTSZ
CONSUMER STAPLES,KYI
CONSUMER STAPLES,KYIV
CONSUMER STAPLES,KYIV-
CONSUMER STAPLES,KYIV-A
CONSUMER STAPLES,KYIV-Z
CONSUMER STAPLES,Kal
CONSUMER STAPLES,Kali
CONSUMER STAPLES,Kalip
CONSUMER STAPLES,Kalips
CONSUMER STAPLES,Kalu
CONSUMER STAPLES,Kalus
CONSUMER STAPLES,Kalusk
CONSUMER STAPLES,Kan
CONSUMER STAPLES,Kani
CONSUMER STAPLES,Kaniv
CONSUMER STAPLES,Kanivt
CONSUMER STAPLES,Kar
CONSUMER STAPLES,Kary
CONSUMER STAPLES,Karyd
CONSUMER STAPLES,Karydi
CONSUMER STAPLES,Kas
CONSUMER STAPLES,Kask
CONSUMER STAPLES,Kaska
CONSUMER STAPLES,Kaskad
CONSUMER STAPLES,Kat
CONSUMER STAPLES,Kate
CONSUMER STAPLES,Kater
CONSUMER STAPLES,Katery
CONSUMER STAPLES,Kav
CONSUMER STAPLES,Kave
CONSUMER STAPLES,Kavet
CONSUMER STAPLES,Kavets
CONSUMER STAPLES,Kha
CONSUMER STAPLES,Khar
CONSUMER STAPLES,Kharc
CONSUMER STAPLES,Kharch
CONSUMER STAPLES,Kharp
CONSUMER STAPLES,Kharpr
CONSUMER STAPLES,Khi
CONSUMER STAPLES,Khim
CONSUMER STAPLES,Khime
CONSUMER STAPLES,Khimek
CONSUMER STAPLES,Khl
CONSUMER STAPLES,Khla
CONSUMER STAPLES,Khlad
CONSUMER STAPLES,Khlado
CONSUMER STAPLES,Khle
CONSUMER STAPLES,Khleb
CONSUMER STAPLES,Khlebo
CONSUMER STAPLES,Khli
CONSUMER STAPLES,Khlib
CONSUMER STAPLES,Khlibo
CONSUMER STAPLES,Khm
CONSUMER STAPLES,Khme
CONSUMER STAPLES,Khmel
CONSUMER STAPLES,Khmeln
CONSUMER STAPLES,Kho
CONSUMER STAPLES,Khod
CONSUMER STAPLES,Khoda
CONSUMER STAPLES,Khodak
CONSUMER STAPLES,Khu
CONSUMER STAPLES,Khut
CONSUMER STAPLES,Khuti
CONSUMER STAPLES,Khutir
CONSUMER STAPLES,Khy
CONSUMER STAPLES,Khyz
CONSUMER STAPLES,Khyzh
CONSUMER STAPLES,Khyzhn
CONSUMER STAPLES,Kip
CONSUMER STAPLES,Kips
CONSUMER STAPLES,Kny
CONSUMER STAPLES,Knya
CONSUMER STAPLES,Knyaz
CONSUMER STAPLES,Knyazh
CONSUMER STAPLES,Kof
CONSUMER STAPLES,Kofi
CONSUMER STAPLES,Kofit
CONSUMER STAPLES,Kofito
CONSUMER STAPLES,Kol
CONSUMER STAPLES,Kolb
CONSUMER STAPLES,Kolbi
CONSUMER STAPLES,Kolbik
CONSUMER STAPLES,Kolo
CONSUMER STAPLES,Kolos
CONSUMER STAPLES,Koloso
CONSUMER STAPLES,Kom
CONSUMER STAPLES,Komb
CONSUMER STAPLES,Kombi
CONSUMER STAPLES,Kombin
CONSUMER STAPLES,Komi
CONSUMER STAPLES,Komin
CONSUMER STAPLES,Komint
CONSUMER STAPLES,Kon
CONSUMER STAPLES,Kond
CONSUMER STAPLES,Kondi
CONSUMER STAPLES,Kondit
CONSUMER STAPLES,Kondy
CONSUMER STAPLES,Kondyt
CONSUMER STAPLES,Kone
CONSUMER STAPLES,Konek
CONSUMER STAPLES,Koneks
CONSUMER STAPLES,Kont
CONSUMER STAPLES,Konti
CONSUMER STAPLES,Konty
CONSUMER STAPLES,Kontyn
CONSUMER STAPLES,Kop
CONSUMER STAPLES,Kopi
CONSUMER STAPLES,Kopil
CONSUMER STAPLES,Kopilk
CONSUMER STAPLES,Kor
CONSUMER STAPLES,Koro
CONSUMER STAPLES,Koron
CONSUMER STAPLES,Korona
CONSUMER STAPLES,Korot
CONSUMER STAPLES,Korote
CONSUMER STAPLES,Kou
CONSUMER STAPLES,Koud
CONSUMER STAPLES,Koudi
CONSUMER STAPLES,Koudij
CONSUMER STAPLES,Koz
CONSUMER STAPLES,Kozu
CONSUMER STAPLES,Kozub
CONSUMER STAPLES,Kra
CONSUMER STAPLES,Krak
CONSUMER STAPLES,Krakh
CONSUMER STAPLES,Krakhm
CONSUMER STAPLES,Kras
CONSUMER STAPLES,Krasn
CONSUMER STAPLES,Krasni
CONSUMER STAPLES,Krasny
CONSUMER STAPLES,Krav
CONSUMER STAPLES,Kravc
CONSUMER STAPLES,Kravch
CONSUMER STAPLES,Kre
CONSUMER STAPLES,Krem
CONSUMER STAPLES,Kremi
CONSUMER STAPLES,Kremin
CONSUMER STAPLES,Kro
CONSUMER STAPLES,Kron
CONSUMER STAPLES,Krono
CONSUMER STAPLES,Kronos
CONSUMER STAPLES,Kru
CONSUMER STAPLES,Krup
CONSUMER STAPLES,Krups
CONSUMER STAPLES,Krupsk
CONSUMER STAPLES,Kry
CONSUMER STAPLES,Krym
CONSUMER STAPLES,Krym-
CONSUMER STAPLES,Krym-F
CONSUMER STAPLES,Krymm
CONSUMER STAPLES,Krymmo
CONSUMER STAPLES,Kui
CONSUMER STAPLES,Kuib
CONSUMER STAPLES,Kuiby
CONSUMER STAPLES,Kuibys
CONSUMER STAPLES,Kur
CONSUMER STAPLES,Kuri
CONSUMER STAPLES,Kuril
CONSUMER STAPLES,Kurili
CONSUMER STAPLES,Kus
CONSUMER STAPLES,Kust
CONSUMER STAPLES,Kusto
CONSUMER STAPLES,Kusto-
CONSUMER STAPLES,Kva
CONSUMER STAPLES,Kvar
CONSUMER STAPLES,Kvara
CONSUMER STAPLES,Kvarat
CONSUMER STAPLES,Kvi
CONSUMER STAPLES,Kvit
CONSUMER STAPLES,Kvite
CONSUMER STAPLES,Kviten
CONSUMER STAPLES,Kyi
CONSUMER STAPLES,Kyiv
CONSUMER STAPLES,Kyiv-
CONSUMER STAPLES,Kyiv-Z
CONSUMER STAPLES,Kys
CONSUMER STAPLES,Kysh
CONSUMER STAPLES,Kyshe
CONSUMER STAPLES,Kyshen
CONSUMER STAPLES,Kysl
CONSUMER STAPLES,Kyslo
CONSUMER STAPLES,Kyslot
CONSUMER STAPLES,LAD
CONSUMER STAPLES,LADA
CONSUMER STAPLES,LADA-
CONSUMER STAPLES,LADA-M
CONSUMER STAPLES,LAN
CONSUMER STAPLES,LAN-
CONSUMER STAPLES,LAN-O
CONSUMER STAPLES,LAN-OI
CONSUMER STAPLES,LAR
CONSUMER STAPLES,LARU
CONSUMER STAPLES,LARUS
CONSUMER STAPLES,LAS
CONSUMER STAPLES,LASU
CONSUMER STAPLES,LASUN
CONSUMER STAPLES,LASUNI
CONSUMER STAPLES,LAV
CONSUMER STAPLES,LAVA
CONSUMER STAPLES,LAVAN
CONSUMER STAPLES,LAVAND
CONSUMER STAPLES,LEB
CONSUMER STAPLES,LEBE
CONSUMER STAPLES,LEBED
CONSUMER STAPLES,LID
CONSUMER STAPLES,LIDE
CONSUMER STAPLES,LIDER
CONSUMER STAPLES,LIDERP
CONSUMER STAPLES,LIG
CONSUMER STAPLES,LIGO
CONSUMER STAPLES,LIGOS
CONSUMER STAPLES,LIU
CONSUMER STAPLES,LIUB
CONSUMER STAPLES,LIUBI
CONSUMER STAPLES,LIUBIM
CONSUMER STAPLES,LOH
CONSUMER STAPLES,LOHI
CONSUMER STAPLES,LOHIS
CONSUMER STAPLES,LOHIST
CONSUMER STAPLES,LOT
CONSUMER STAPLES,LOTU
CONSUMER STAPLES,LOTUR
CONSUMER STAPLES,LOTURE
CONSUMER STAPLES,LUT
CONSUMER STAPLES,LUTS
CONSUMER STAPLES,LUTSK
CONSUMER STAPLES,LUTSKK
CONSUMER STAPLES,LYU
CONSUMER STAPLES,LYUB
CONSUMER STAPLES,LYUBA
CONSUMER STAPLES,LYUBAR
CONSUMER STAPLES,LYUM
CONSUMER STAPLES,LYUME
CONSUMER STAPLES,LYUMEN
CONSUMER STAPLES,Lan
CONSUMER STAPLES,Lan-
CONSUMER STAPLES,Lan-A
CONSUMER STAPLES,Lan-Ah
CONSUMER STAPLES,Lan-U
CONSUMER STAPLES,Lan-Uk
CONSUMER STAPLES,LanO
CONSUMER STAPLES,LanOi
CONSUMER STAPLES,LanOil
CONSUMER STAPLES,Lann
CONSUMER STAPLES,Lanna
CONSUMER STAPLES,Lanna-
CONSUMER STAPLES,Lanni
CONSUMER STAPLES,Lanniv
CONSUMER STAPLES,Leb
CONSUMER STAPLES,Lebe
CONSUMER STAPLES,Lebed
CONSUMER STAPLES,Lebedy
CONSUMER STAPLES,Lebi
CONSUMER STAPLES,Lebid
CONSUMER STAPLES,Len
CONSUMER STAPLES,Leni
CONSUMER STAPLES,Lenin
CONSUMER STAPLES,Lenint
CONSUMER STAPLES,Lev
CONSUMER STAPLES,Leva
CONSUMER STAPLES,Levad
CONSUMER STAPLES,Levada
CONSUMER STAPLES,Lik
CONSUMER STAPLES,Liko
CONSUMER STAPLES,Lil
CONSUMER STAPLES,Lili
CONSUMER STAPLES,Lilia
CONSUMER STAPLES,Liliak
CONSUMER STAPLES,Lim
CONSUMER STAPLES,Limn
CONSUMER STAPLES,Limny
CONSUMER STAPLES,Limnyt
CONSUMER STAPLES,Lis
CONSUMER STAPLES,Lish
CONSUMER STAPLES,Lishc
CONSUMER STAPLES,Lishch
CONSUMER STAPLES,Lit
CONSUMER STAPLES,Lity
CONSUMER STAPLES,Lityn
CONSUMER STAPLES,Lityns
CONSUMER STAPLES,Liu
CONSUMER STAPLES,Liub
CONSUMER STAPLES,Liuba
CONSUMER STAPLES,Liubar
CONSUMER STAPLES,Liuk
CONSUMER STAPLES,Liuks
CONSUMER STAPLES,Liuks-
CONSUMER STAPLES,Lks
CONSUMER STAPLES,Log
CONSUMER STAPLES,Logi
CONSUMER STAPLES,Logis
CONSUMER STAPLES,Logist
CONSUMER STAPLES,Lot
CONSUMER STAPLES,Loto
CONSUMER STAPLES,Lotos
CONSUMER STAPLES,Luh
CONSUMER STAPLES,Luho
CONSUMER STAPLES,Luhov
CONSUMER STAPLES,Luhove
CONSUMER STAPLES,Luk
CONSUMER STAPLES,Luka
CONSUMER STAPLES,Lukas
CONSUMER STAPLES,Lvi
CONSUMER STAPLES,Lviv
CONSUMER STAPLES,Lviva
CONSUMER STAPLES,Lvivah
CONSUMER STAPLES,Lyu
CONSUMER STAPLES,Lyud
CONSUMER STAPLES,Lyudm
CONSUMER STAPLES,Lyudmy
CONSUMER STAPLES,MAK
CONSUMER STAPLES,MAKO
CONSUMER STAPLES,MAKOD
CONSUMER STAPLES,MAKODZ
CONSUMER STAPLES,MAL
CONSUMER STAPLES,MALK
CONSUMER STAPLES,MALKA
CONSUMER STAPLES,MALKA-
CONSUMER STAPLES,MALY
CONSUMER STAPLES,MALYN
CONSUMER STAPLES,MALYNI
CONSUMER STAPLES,MAT
CONSUMER STAPLES,MATI
CONSUMER STAPLES,MATIU
CONSUMER STAPLES,MATIUS
CONSUMER STAPLES,MED
CONSUMER STAPLES,MED-
CONSUMER STAPLES,MED-S
CONSUMER STAPLES,MED-SE
CONSUMER STAPLES,MEK
CONSUMER STAPLES,MEKR
CONSUMER STAPLES,MEKRO
CONSUMER STAPLES,MEKROS
CONSUMER STAPLES,MER
CONSUMER STAPLES,MERE
CONSUMER STAPLES,MEREZ
CONSUMER STAPLES,MEREZH
CONSUMER STAPLES,MHP
CONSUMER STAPLES,MIL
CONSUMER STAPLES,MILK
CONSUMER STAPLES,MILKI
CONSUMER STAPLES,MILKIL
CONSUMER STAPLES,MON
CONSUMER STAPLES,MONB
CONSUMER STAPLES,MONBL
CONSUMER STAPLES,MONBLA
CONSUMER STAPLES,MONM
CONSUMER STAPLES,MONMA
CONSUMER STAPLES,MONMAS
CONSUMER STAPLES,Mak
CONSUMER STAPLES,Make
CONSUMER STAPLES,MakeU
CONSUMER STAPLES,MakeUp
CONSUMER STAPLES,Maku
CONSUMER STAPLES,Makus
CONSUMER STAPLES,Makush
CONSUMER STAPLES,Mar
CONSUMER STAPLES,Marh
CONSUMER STAPLES,Marha
CONSUMER STAPLES,Marhan
CONSUMER STAPLES,Mark
CONSUMER STAPLES,Marke
CONSUMER STAPLES,Market
CONSUMER STAPLES,Max
CONSUMER STAPLES,May
CONSUMER STAPLES,Maya
CONSUMER STAPLES,Mayak
CONSUMER STAPLES,Mayak-
CONSUMER STAPLES,Mayo
CONSUMER STAPLES,Mayol
CONSUMER STAPLES,Mayola
CONSUMER STAPLES,Mec
CONSUMER STAPLES,Mech
CONSUMER STAPLES,Mechn
CONSUMER STAPLES,Mechno
CONSUMER STAPLES,Mel
CONSUMER STAPLES,Meln
CONSUMER STAPLES,Melny
CONSUMER STAPLES,Melnyk
CONSUMER STAPLES,Men
CONSUMER STAPLES,Mend
CONSUMER STAPLES,Mendr
CONSUMER STAPLES,Mendry
CONSUMER STAPLES,Met
CONSUMER STAPLES,Meta
CONSUMER STAPLES,Metah
CONSUMER STAPLES,Metahr
CONSUMER STAPLES,Mia
CONSUMER STAPLES,Mias
CONSUMER STAPLES,Miaso
CONSUMER STAPLES,Miasok
CONSUMER STAPLES,Mic
CONSUMER STAPLES,Mich
CONSUMER STAPLES,Michu
CONSUMER STAPLES,Michur
CONSUMER STAPLES,Mik
CONSUMER STAPLES,Mikh
CONSUMER STAPLES,Mikha
CONSUMER STAPLES,Mikhay
CONSUMER STAPLES,Miz
CONSUMER STAPLES,Mizh
CONSUMER STAPLES,Mizhl
CONSUMER STAPLES,Mizhli
CONSUMER STAPLES,Mnt
CONSUMER STAPLES,Mnt-
CONSUMER STAPLES,Mnt-A
CONSUMER STAPLES,Mnt-Ah
CONSUMER STAPLES,Mon
CONSUMER STAPLES,Mona
CONSUMER STAPLES,Monas
CONSUMER STAPLES,Monast
CONSUMER STAPLES,Mono
CONSUMER STAPLES,Monom
CONSUMER STAPLES,Monoma
CONSUMER STAPLES,Mri
CONSUMER STAPLES,Mriy
CONSUMER STAPLES,Mriya
CONSUMER STAPLES,Mtm
CONSUMER STAPLES,Mtm-
CONSUMER STAPLES,Mtm-L
CONSUMER STAPLES,Mtm-Lu
CONSUMER STAPLES,Mun
CONSUMER STAPLES,Munn
CONSUMER STAPLES,Munnt
CONSUMER STAPLES,Myk
CONSUMER STAPLES,Myko
CONSUMER STAPLES,Mykol
CONSUMER STAPLES,Mykola
CONSUMER STAPLES,Myr
CONSUMER STAPLES,Myrn
CONSUMER STAPLES,Myrny
CONSUMER STAPLES,Myrnyi
CONSUMER STAPLES,Myro
CONSUMER STAPLES,Myron
CONSUMER STAPLES,Myroni
CONSUMER STAPLES,NAD
CONSUMER STAPLES,NADI
CONSUMER STAPLES,NADIY
CONSUMER STAPLES,NADIYa
CONSUMER STAPLES,NAT
CONSUMER STAPLES,NATS
CONSUMER STAPLES,NATSI
CONSUMER STAPLES,NATSIO
CONSUMER STAPLES,NIV
CONSUMER STAPLES,NIVA
CONSUMER STAPLES,NOS
CONSUMER STAPLES,NOSI
CONSUMER STAPLES,NOSIV
CONSUMER STAPLES,NOSIVS
CONSUMER STAPLES,NOV
CONSUMER STAPLES,NOVA
CONSUMER STAPLES,NOVAT
CONSUMER STAPLES,NOVATO
CONSUMER STAPLES,NOVO
CONSUMER STAPLES,NOVOC
CONSUMER STAPLES,NOVOCO
CONSUMER STAPLES,NOVOS
CONSUMER STAPLES,NOVOSE
CONSUMER STAPLES,NYV
CONSUMER STAPLES,NYVK
CONSUMER STAPLES,NYVKA
CONSUMER STAPLES,Nak
CONSUMER STAPLES,Nat
CONSUMER STAPLES,Nata
CONSUMER STAPLES,Natas
CONSUMER STAPLES,Natash
CONSUMER STAPLES,Nats
CONSUMER STAPLES,Natsi
CONSUMER STAPLES,Natsio
CONSUMER STAPLES,Nch
CONSUMER STAPLES,Neh
CONSUMER STAPLES,Neho
CONSUMER STAPLES,Nehot
CONSUMER STAPLES,Nehots
CONSUMER STAPLES,Nem
CONSUMER STAPLES,Nemy
CONSUMER STAPLES,Nemyr
CONSUMER STAPLES,Nemyri
CONSUMER STAPLES,Nes
CONSUMER STAPLES,Nesv
CONSUMER STAPLES,Nesvi
CONSUMER STAPLES,Nesvic
CONSUMER STAPLES,Nib
CONSUMER STAPLES,Nibu
CONSUMER STAPLES,Nibul
CONSUMER STAPLES,Nibulo
CONSUMER STAPLES,Niv
CONSUMER STAPLES,Niva
CONSUMER STAPLES,Niva-
CONSUMER STAPLES,Niva-P
CONSUMER STAPLES,Nov
CONSUMER STAPLES,Novo
CONSUMER STAPLES,Novom
CONSUMER STAPLES,Novomy
CONSUMER STAPLES,Novu
CONSUMER STAPLES,Novus
CONSUMER STAPLES,Nus
CONSUMER STAPLES,Nuse
CONSUMER STAPLES,Nusee
CONSUMER STAPLES,Nuseed
CONSUMER STAPLES,Nyv
CONSUMER STAPLES,Nyva
CONSUMER STAPLES,Nyva-
CONSUMER STAPLES,Nyva-Y
CONSUMER STAPLES,OAZ
CONSUMER STAPLES,OAZI
CONSUMER STAPLES,OAZIS
CONSUMER STAPLES,OBR
CONSUMER STAPLES,OBRI
CONSUMER STAPLES,OBRII
CONSUMER STAPLES,OD-
CONSUMER STAPLES,OD-R
CONSUMER STAPLES,OD-RI
CONSUMER STAPLES,OD-RIT
CONSUMER STAPLES,ODE
CONSUMER STAPLES,ODES
CONSUMER STAPLES,ODESA
CONSUMER STAPLES,ODESAV
CONSUMER STAPLES,OKS
CONSUMER STAPLES,OKSA
CONSUMER STAPLES,OKSAM
CONSUMER STAPLES,OKSAMY
CONSUMER STAPLES,OLH
CONSUMER STAPLES,OLHA
CONSUMER STAPLES,OLI
CONSUMER STAPLES,OLII
CONSUMER STAPLES,OLIIA
CONSUMER STAPLES,OLIIAR
CONSUMER STAPLES,OLIY
CONSUMER STAPLES,OLIYA
CONSUMER STAPLES,OLIYAT
CONSUMER STAPLES,OLV
CONSUMER STAPLES,OLVI
CONSUMER STAPLES,OLVII
CONSUMER STAPLES,OLVIIA
CONSUMER STAPLES,OPT
CONSUMER STAPLES,OPTI
CONSUMER STAPLES,OPTIM
CONSUMER STAPLES,OPTIMA
CONSUMER STAPLES,OSA
CONSUMER STAPLES,OSA-
CONSUMER STAPLES,OSA-2
CONSUMER STAPLES,OSAV
CONSUMER STAPLES,OSAVI
CONSUMER STAPLES,OSAVIA
CONSUMER STAPLES,OVO
CONSUMER STAPLES,OVOP
CONSUMER STAPLES,OVOPR
CONSUMER STAPLES,OVOPRA
CONSUMER STAPLES,Oaz
CONSUMER STAPLES,Oazi
CONSUMER STAPLES,Oazis
CONSUMER STAPLES,Obo
CONSUMER STAPLES,Obol
CONSUMER STAPLES,Obolo
CONSUMER STAPLES,Obolon
CONSUMER STAPLES,Obr
CONSUMER STAPLES,Obri
CONSUMER STAPLES,Obrii
CONSUMER STAPLES,Obrii-
CONSUMER STAPLES,Ode
CONSUMER STAPLES,Odes
CONSUMER STAPLES,Odesa
CONSUMER STAPLES,Odesav
CONSUMER STAPLES,Odi
CONSUMER STAPLES,Odin
CONSUMER STAPLES,Okv
CONSUMER STAPLES,Okva
CONSUMER STAPLES,Okvai
CONSUMER STAPLES,Okvain
CONSUMER STAPLES,Olb
CONSUMER STAPLES,Olbi
CONSUMER STAPLES,Olbi-
CONSUMER STAPLES,Olbi-R
CONSUMER STAPLES,Olg
CONSUMER STAPLES,Olga
CONSUMER STAPLES,Olh
CONSUMER STAPLES,Olha
CONSUMER STAPLES,Olho
CONSUMER STAPLES,Olhop
CONSUMER STAPLES,Olhopo
CONSUMER STAPLES,Oli
CONSUMER STAPLES,Olii
CONSUMER STAPLES,Oliia
CONSUMER STAPLES,Oliiat
CONSUMER STAPLES,Oliin
CONSUMER STAPLES,Oliiny
CONSUMER STAPLES,Olim
CONSUMER STAPLES,Olimp
CONSUMER STAPLES,Olis
CONSUMER STAPLES,Oliy
CONSUMER STAPLES,Oliya
CONSUMER STAPLES,Oliyar
CONSUMER STAPLES,Oliyn
CONSUMER STAPLES,Oliyny
CONSUMER STAPLES,Ols
CONSUMER STAPLES,Olst
CONSUMER STAPLES,Olsta
CONSUMER STAPLES,Olstas
CONSUMER STAPLES,Olv
CONSUMER STAPLES,Olvi
CONSUMER STAPLES,Olvi-
CONSUMER STAPLES,Olvi-D
CONSUMER STAPLES,Opt
CONSUMER STAPLES,Opti
CONSUMER STAPLES,Optim
CONSUMER STAPLES,Optimi
CONSUMER STAPLES,Orb
CONSUMER STAPLES,Orbi
CONSUMER STAPLES,Orbit
CONSUMER STAPLES,Orbita
CONSUMER STAPLES,Ori
CONSUMER STAPLES,Oril
CONSUMER STAPLES,Orils
CONSUMER STAPLES,Orilsk
CONSUMER STAPLES,Osk
CONSUMER STAPLES,Oska
CONSUMER STAPLES,Oskar
CONSUMER STAPLES,Ota
CONSUMER STAPLES,Otav
CONSUMER STAPLES,Otava
CONSUMER STAPLES,PAE
CONSUMER STAPLES,PAEK
CONSUMER STAPLES,PAV
CONSUMER STAPLES,PAVL
CONSUMER STAPLES,PAVLO
CONSUMER STAPLES,PAVLOH
CONSUMER STAPLES,PER
CONSUMER STAPLES,PERE
CONSUMER STAPLES,PEREM
CONSUMER STAPLES,PEREMY
CONSUMER STAPLES,PERL
CONSUMER STAPLES,PERLA
CONSUMER STAPLES,PERLAM
CONSUMER STAPLES,PET
CONSUMER STAPLES,PETR
CONSUMER STAPLES,PETRU
CONSUMER STAPLES,PETRUS
CONSUMER STAPLES,PIV
CONSUMER STAPLES,PIVN
CONSUMER STAPLES,PIVNI
CONSUMER STAPLES,PIVNIC
CONSUMER STAPLES,PLI
CONSUMER STAPLES,PLIU
CONSUMER STAPLES,PLIUS
CONSUMER STAPLES,POA
CONSUMER STAPLES,POE
CONSUMER STAPLES,POEZ
CONSUMER STAPLES,POEZ-
CONSUMER STAPLES,POEZ-K
CONSUMER STAPLES,POK
CONSUMER STAPLES,POKR
CONSUMER STAPLES,POKRO
CONSUMER STAPLES,POKROV
CONSUMER STAPLES,POL
CONSUMER STAPLES,POLI
CONSUMER STAPLES,POLIE
CONSUMER STAPLES,POLIEK
CONSUMER STAPLES,POLIU
CONSUMER STAPLES,POLIUS
CONSUMER STAPLES,POLT
CONSUMER STAPLES,POLTA
CONSUMER STAPLES,POLTAV
CONSUMER STAPLES,"PP"""
CONSUMER STAPLES,"PP""'"
CONSUMER STAPLES,"PP""'V"
CONSUMER STAPLES,"PP""'Vy"
CONSUMER STAPLES,"PP""R"
CONSUMER STAPLES,"PP""Ri"
CONSUMER STAPLES,"PP""Rin"
CONSUMER STAPLES,PP'
CONSUMER STAPLES,PP'A
CONSUMER STAPLES,PP'AS
CONSUMER STAPLES,PP'AST
CONSUMER STAPLES,PPV
CONSUMER STAPLES,PPVF
CONSUMER STAPLES,PRI
CONSUMER STAPLES,PRID
CONSUMER STAPLES,PRIDN
CONSUMER STAPLES,PRIDNE
CONSUMER STAPLES,PRO
CONSUMER STAPLES,PROD
CONSUMER STAPLES,PRODM
CONSUMER STAPLES,PRODME
CONSUMER STAPLES,PRODT
CONSUMER STAPLES,PRODTR
CONSUMER STAPLES,PROH
CONSUMER STAPLES,PROHR
CONSUMER STAPLES,PROHRE
CONSUMER STAPLES,PROL
CONSUMER STAPLES,PROLI
CONSUMER STAPLES,PROLIS
CONSUMER STAPLES,PROT
CONSUMER STAPLES,PROTE
CONSUMER STAPLES,PROTEC
CONSUMER STAPLES,PSP
CONSUMER STAPLES,"PSP"""
CONSUMER STAPLES,"PSP""D"
CONSUMER STAPLES,"PSP""Dr"
CONSUMER STAPLES,"PSP""P"
CONSUMER STAPLES,"PSP""Pi"
CONSUMER STAPLES,PTA
CONSUMER STAPLES,PTAK
CONSUMER STAPLES,PTAKH
CONSUMER STAPLES,PTAKHI
CONSUMER STAPLES,PYA
CONSUMER STAPLES,PYAT
CONSUMER STAPLES,PYATY
CONSUMER STAPLES,PYATYD
CONSUMER STAPLES,PZV
CONSUMER STAPLES,PZVK
CONSUMER STAPLES,PZVKP
CONSUMER STAPLES,"PZVKP"""
CONSUMER STAPLES,Pad
CONSUMER STAPLES,Pade
CONSUMER STAPLES,Padek
CONSUMER STAPLES,Padekh
CONSUMER STAPLES,Pah
CONSUMER STAPLES,Pahr
CONSUMER STAPLES,Pahro
CONSUMER STAPLES,Pahrof
CONSUMER STAPLES,Pahrop
CONSUMER STAPLES,Par
CONSUMER STAPLES,Part
CONSUMER STAPLES,Partn
CONSUMER STAPLES,Partne
CONSUMER STAPLES,Pary
CONSUMER STAPLES,Paryt
CONSUMER STAPLES,Paryte
CONSUMER STAPLES,Per
CONSUMER STAPLES,Pere
CONSUMER STAPLES,Perem
CONSUMER STAPLES,Peremo
CONSUMER STAPLES,Pet
CONSUMER STAPLES,Petl
CONSUMER STAPLES,Petlo
CONSUMER STAPLES,Petlov
CONSUMER STAPLES,Petr
CONSUMER STAPLES,Petru
CONSUMER STAPLES,Petrus
CONSUMER STAPLES,Piv
CONSUMER STAPLES,Pivn
CONSUMER STAPLES,Pivni
CONSUMER STAPLES,Pivnic
CONSUMER STAPLES,Pla
CONSUMER STAPLES,Plau
CONSUMER STAPLES,Plaus
CONSUMER STAPLES,Plaush
CONSUMER STAPLES,Pod
CONSUMER STAPLES,Podo
CONSUMER STAPLES,Podol
CONSUMER STAPLES,Podoly
CONSUMER STAPLES,Podor
CONSUMER STAPLES,Podoro
CONSUMER STAPLES,Pol
CONSUMER STAPLES,Poli
CONSUMER STAPLES,Polia
CONSUMER STAPLES,Poliak
CONSUMER STAPLES,Polis
CONSUMER STAPLES,Poliss
CONSUMER STAPLES,Polt
CONSUMER STAPLES,Polta
CONSUMER STAPLES,Poltav
CONSUMER STAPLES,Por
CONSUMER STAPLES,Pori
CONSUMER STAPLES,Poric
CONSUMER STAPLES,Porich
CONSUMER STAPLES,Pre
CONSUMER STAPLES,Prem
CONSUMER STAPLES,Premi
CONSUMER STAPLES,Premie
CONSUMER STAPLES,Preo
CONSUMER STAPLES,Preob
CONSUMER STAPLES,Preobr
CONSUMER STAPLES,Pro
CONSUMER STAPLES,Prod
CONSUMER STAPLES,Prod-
CONSUMER STAPLES,Prod-Z
CONSUMER STAPLES,Prode
CONSUMER STAPLES,Prodek
CONSUMER STAPLES,Prodi
CONSUMER STAPLES,Prodim
CONSUMER STAPLES,Prof
CONSUMER STAPLES,Profy
CONSUMER STAPLES,Profy-
CONSUMER STAPLES,Proh
CONSUMER STAPLES,Prohr
CONSUMER STAPLES,Prohre
CONSUMER STAPLES,Prok
CONSUMER STAPLES,Prokh
CONSUMER STAPLES,Prokho
CONSUMER STAPLES,Prol
CONSUMER STAPLES,Proli
CONSUMER STAPLES,Prolis
CONSUMER STAPLES,Prom
CONSUMER STAPLES,Promi
CONSUMER STAPLES,Promin
CONSUMER STAPLES,Prov
CONSUMER STAPLES,Provi
CONSUMER STAPLES,Provia
CONSUMER STAPLES,Pry
CONSUMER STAPLES,Pryd
CONSUMER STAPLES,Prydn
CONSUMER STAPLES,Prydni
CONSUMER STAPLES,Pryk
CONSUMER STAPLES,Pryka
CONSUMER STAPLES,Prykar
CONSUMER STAPLES,Prym
CONSUMER STAPLES,Prymu
CONSUMER STAPLES,Prymul
CONSUMER STAPLES,Pryv
CONSUMER STAPLES,Pryva
CONSUMER STAPLES,Pryvat
CONSUMER STAPLES,Pyl
CONSUMER STAPLES,Pyly
CONSUMER STAPLES,Pylyp
CONSUMER STAPLES,Pylypy
CONSUMER STAPLES,RAD
CONSUMER STAPLES,RADO
CONSUMER STAPLES,RADOM
CONSUMER STAPLES,RADOMY
CONSUMER STAPLES,RAI
CONSUMER STAPLES,RAIZ
CONSUMER STAPLES,RE-
CONSUMER STAPLES,RE-E
CONSUMER STAPLES,RE-EN
CONSUMER STAPLES,RE-ENE
CONSUMER STAPLES,REH
CONSUMER STAPLES,REHI
CONSUMER STAPLES,REHIO
CONSUMER STAPLES,REHION
CONSUMER STAPLES,REM
CONSUMER STAPLES,REMB
CONSUMER STAPLES,REMBE
CONSUMER STAPLES,REMBER
CONSUMER STAPLES,RIT
CONSUMER STAPLES,RITE
CONSUMER STAPLES,RITEI
CONSUMER STAPLES,RITEIL
CONSUMER STAPLES,ROK
CONSUMER STAPLES,ROKS
CONSUMER STAPLES,ROKSO
CONSUMER STAPLES,ROKSOL
CONSUMER STAPLES,ROL
CONSUMER STAPLES,ROL-
CONSUMER STAPLES,ROL-P
CONSUMER STAPLES,ROL-PO
CONSUMER STAPLES,ROLI
CONSUMER STAPLES,ROLIN
CONSUMER STAPLES,ROLINZ
CONSUMER STAPLES,ROM
CONSUMER STAPLES,ROMA
CONSUMER STAPLES,ROMN
CONSUMER STAPLES,ROMNY
CONSUMER STAPLES,ROMNY-
CONSUMER STAPLES,ROS
CONSUMER STAPLES,ROZ
CONSUMER STAPLES,ROZN
CONSUMER STAPLES,ROZNE
CONSUMER STAPLES,ROZNET
CONSUMER STAPLES,RUD
CONSUMER STAPLES,Rad
CONSUMER STAPLES,Radu
CONSUMER STAPLES,Raduz
CONSUMER STAPLES,Raduzh
CONSUMER STAPLES,Rai
CONSUMER STAPLES,Rail
CONSUMER STAPLES,Raili
CONSUMER STAPLES,Railia
CONSUMER STAPLES,Raiz
CONSUMER STAPLES,Ran
CONSUMER STAPLES,Rano
CONSUMER STAPLES,Ranok
CONSUMER STAPLES,Res
CONSUMER STAPLES,Resi
CONSUMER STAPLES,Resil
CONSUMER STAPLES,Resili
CONSUMER STAPLES,Rest
CONSUMER STAPLES,Resto
CONSUMER STAPLES,Restom
CONSUMER STAPLES,Rez
CONSUMER STAPLES,Rezo
CONSUMER STAPLES,Rezon
CONSUMER STAPLES,Rin
CONSUMER STAPLES,Rin-
CONSUMER STAPLES,Rin-A
CONSUMER STAPLES,Rin-Ah
CONSUMER STAPLES,Riv
CONSUMER STAPLES,Rivn
CONSUMER STAPLES,Rivni
CONSUMER STAPLES,Rivnia
CONSUMER STAPLES,Rod
CONSUMER STAPLES,Rodn
CONSUMER STAPLES,Rodno
CONSUMER STAPLES,Rodno-
CONSUMER STAPLES,Rody
CONSUMER STAPLES,Rodyn
CONSUMER STAPLES,Rodyna
CONSUMER STAPLES,Rog
CONSUMER STAPLES,Roga
CONSUMER STAPLES,Rogan
CONSUMER STAPLES,Rogans
CONSUMER STAPLES,Rok
CONSUMER STAPLES,Roks
CONSUMER STAPLES,Rokso
CONSUMER STAPLES,Roksol
CONSUMER STAPLES,Rom
CONSUMER STAPLES,Roma
CONSUMER STAPLES,Ros
CONSUMER STAPLES,Rosa
CONSUMER STAPLES,Rosan
CONSUMER STAPLES,Rosan-
CONSUMER STAPLES,Rosav
CONSUMER STAPLES,Rosava
CONSUMER STAPLES,Rosh
CONSUMER STAPLES,Roshe
CONSUMER STAPLES,Roshen
CONSUMER STAPLES,Rost
CONSUMER STAPLES,Rov
CONSUMER STAPLES,Rove
CONSUMER STAPLES,Rovek
CONSUMER STAPLES,Roveks
CONSUMER STAPLES,Roz
CONSUMER STAPLES,Rozh
CONSUMER STAPLES,Rozhn
CONSUMER STAPLES,Rozhni
CONSUMER STAPLES,Rut
CONSUMER STAPLES,Rute
CONSUMER STAPLES,Ruten
CONSUMER STAPLES,Ruteni
CONSUMER STAPLES,Rys
CONSUMER STAPLES,Rys-
CONSUMER STAPLES,Rys-H
CONSUMER STAPLES,Rys-Ho
CONSUMER STAPLES,SAL
CONSUMER STAPLES,SALI
CONSUMER STAPLES,SALIC
CONSUMER STAPLES,SAN
CONSUMER STAPLES,SANG
CONSUMER STAPLES,SANGR
CONSUMER STAPLES,SANGRA
CONSUMER STAPLES,SANI
CONSUMER STAPLES,SANIT
CONSUMER STAPLES,SANITA
CONSUMER STAPLES,SAR
CONSUMER STAPLES,SARN
CONSUMER STAPLES,SARNE
CONSUMER STAPLES,SARNEN
CONSUMER STAPLES,SBF
CONSUMER STAPLES,SBFK
CONSUMER STAPLES,SET
CONSUMER STAPLES,SET-
CONSUMER STAPLES,SET-M
CONSUMER STAPLES,SET-MA
CONSUMER STAPLES,SHO
CONSUMER STAPLES,SHOK
CONSUMER STAPLES,SHOKO
CONSUMER STAPLES,SHOKOO
CONSUMER STAPLES,SHOS
CONSUMER STAPLES,SHOST
CONSUMER STAPLES,SHOSTK
CONSUMER STAPLES,SHU
CONSUMER STAPLES,SHUM
CONSUMER STAPLES,SHUMS
CONSUMER STAPLES,SHUMSK
CONSUMER STAPLES,SIL
CONSUMER STAPLES,SIL'
CONSUMER STAPLES,SIL'S
CONSUMER STAPLES,SIL'S'
CONSUMER STAPLES,SK-
CONSUMER STAPLES,SK-A
CONSUMER STAPLES,SK-AH
CONSUMER STAPLES,SK-AHR
CONSUMER STAPLES,SLA
CONSUMER STAPLES,SLAB
CONSUMER STAPLES,SLABY
CONSUMER STAPLES,SLABYN
CONSUMER STAPLES,SLU
CONSUMER STAPLES,SLUC
CONSUMER STAPLES,SLUCH
CONSUMER STAPLES,SOI
CONSUMER STAPLES,SOIU
CONSUMER STAPLES,SOIUZ
CONSUMER STAPLES,SOIUZ-
CONSUMER STAPLES,SOO
CONSUMER STAPLES,SOOO
CONSUMER STAPLES,STE
CONSUMER STAPLES,STEC
CONSUMER STAPLES,STECH
CONSUMER STAPLES,STECHI
CONSUMER STAPLES,STEP
CONSUMER STAPLES,STO
CONSUMER STAPLES,STOV
CONSUMER STAPLES,STOVA
CONSUMER STAPLES,STOVAG
CONSUMER STAPLES,STR
CONSUMER STAPLES,STRO
CONSUMER STAPLES,STROI
CONSUMER STAPLES,STROI-
CONSUMER STAPLES,STY
CONSUMER STAPLES,STYM
CONSUMER STAPLES,STYMU
CONSUMER STAPLES,STYMUL
CONSUMER STAPLES,SUD
CONSUMER STAPLES,SUDN
CONSUMER STAPLES,SUDNO
CONSUMER STAPLES,SUDNOS
CONSUMER STAPLES,SVA
CONSUMER STAPLES,SVAT
CONSUMER STAPLES,SVF
CONSUMER STAPLES,SVK
CONSUMER STAPLES,"SVK"""
CONSUMER STAPLES,"SVK""R"
CONSUMER STAPLES,"SVK""Ro"
CONSUMER STAPLES,Sad
CONSUMER STAPLES,Sady
CONSUMER STAPLES,San
CONSUMER STAPLES,Sani
CONSUMER STAPLES,Sanit
CONSUMER STAPLES,Sanita
CONSUMER STAPLES,Sar
CONSUMER STAPLES,Sark
CONSUMER STAPLES,Sarka
CONSUMER STAPLES,Sarkar
CONSUMER STAPLES,Sarm
CONSUMER STAPLES,Sarma
CONSUMER STAPLES,Sav
CONSUMER STAPLES,Savc
CONSUMER STAPLES,Savch
CONSUMER STAPLES,Savche
CONSUMER STAPLES,Savk
CONSUMER STAPLES,Savkh
CONSUMER STAPLES,Savkho
CONSUMER STAPLES,Savr
CONSUMER STAPLES,Savra
CONSUMER STAPLES,Savran
CONSUMER STAPLES,Sel
CONSUMER STAPLES,Seli
CONSUMER STAPLES,Selia
CONSUMER STAPLES,Selian
CONSUMER STAPLES,Sen
CONSUMER STAPLES,Senc
CONSUMER STAPLES,Sench
CONSUMER STAPLES,Sencha
CONSUMER STAPLES,Ser
CONSUMER STAPLES,Sere
CONSUMER STAPLES,Sereb
CONSUMER STAPLES,Serebr
CONSUMER STAPLES,Sha
CONSUMER STAPLES,Shab
CONSUMER STAPLES,Shabo
CONSUMER STAPLES,Shc
CONSUMER STAPLES,Shch
CONSUMER STAPLES,Shche
CONSUMER STAPLES,Shched
CONSUMER STAPLES,Shp
CONSUMER STAPLES,Shpo
CONSUMER STAPLES,Shpol
CONSUMER STAPLES,Shpola
CONSUMER STAPLES,Sid
CONSUMER STAPLES,Sidi
CONSUMER STAPLES,Sidin
CONSUMER STAPLES,Sidinv
CONSUMER STAPLES,Sig
CONSUMER STAPLES,Sign
CONSUMER STAPLES,Signe
CONSUMER STAPLES,Signet
CONSUMER STAPLES,Sih
CONSUMER STAPLES,Sihm
CONSUMER STAPLES,Sihma
CONSUMER STAPLES,Sihma-
CONSUMER STAPLES,Sin
CONSUMER STAPLES,Sina
CONSUMER STAPLES,Sinap
CONSUMER STAPLES,Sinaps
CONSUMER STAPLES,Sko
CONSUMER STAPLES,Skor
CONSUMER STAPLES,Skoru
CONSUMER STAPLES,Skoruk
CONSUMER STAPLES,Sla
CONSUMER STAPLES,Slav
CONSUMER STAPLES,Slavi
CONSUMER STAPLES,Slaviy
CONSUMER STAPLES,Slavu
CONSUMER STAPLES,Slavut
CONSUMER STAPLES,Sor
CONSUMER STAPLES,Soro
CONSUMER STAPLES,Soroc
CONSUMER STAPLES,Soroch
CONSUMER STAPLES,Sou
CONSUMER STAPLES,Souf
CONSUMER STAPLES,Souff
CONSUMER STAPLES,Souffl
CONSUMER STAPLES,Soy
CONSUMER STAPLES,Soyu
CONSUMER STAPLES,Soyuz
CONSUMER STAPLES,Sta
CONSUMER STAPLES,Stab
CONSUMER STAPLES,Stabi
CONSUMER STAPLES,Stabit
CONSUMER STAPLES,Ste
CONSUMER STAPLES,Steb
CONSUMER STAPLES,Stebn
CONSUMER STAPLES,Stebne
CONSUMER STAPLES,Step
CONSUMER STAPLES,Stepo
CONSUMER STAPLES,Stepov
CONSUMER STAPLES,Sto
CONSUMER STAPLES,Stov
CONSUMER STAPLES,Str
CONSUMER STAPLES,Stro
CONSUMER STAPLES,Stroh
CONSUMER STAPLES,Strohy
CONSUMER STAPLES,Stv
CONSUMER STAPLES,Stv-
CONSUMER STAPLES,Stv-S
CONSUMER STAPLES,Stv-Sp
CONSUMER STAPLES,Sug
CONSUMER STAPLES,Suga
CONSUMER STAPLES,Sugar
CONSUMER STAPLES,Sun
CONSUMER STAPLES,Sunt
CONSUMER STAPLES,Suntr
CONSUMER STAPLES,Suntra
CONSUMER STAPLES,Suz
CONSUMER STAPLES,Suzi
CONSUMER STAPLES,Suzir
CONSUMER STAPLES,Suziry
CONSUMER STAPLES,Svi
CONSUMER STAPLES,Svii
CONSUMER STAPLES,Svit
CONSUMER STAPLES,Svito
CONSUMER STAPLES,Svitoi
CONSUMER STAPLES,Sys
CONSUMER STAPLES,Syst
CONSUMER STAPLES,Syste
CONSUMER STAPLES,System
CONSUMER STAPLES,TAK
CONSUMER STAPLES,TAKO
CONSUMER STAPLES,TAN
CONSUMER STAPLES,TAN-
CONSUMER STAPLES,TAN-2
CONSUMER STAPLES,TAN-20
CONSUMER STAPLES,TAND
CONSUMER STAPLES,TANDE
CONSUMER STAPLES,TANDEM
CONSUMER STAPLES,TEM
CONSUMER STAPLES,TEMA
CONSUMER STAPLES,TEMA-
CONSUMER STAPLES,TEMA-B
CONSUMER STAPLES,TER
CONSUMER STAPLES,TERA
CONSUMER STAPLES,TERAP
CONSUMER STAPLES,TERAPL
CONSUMER STAPLES,TERE
CONSUMER STAPLES,TEREC
CONSUMER STAPLES,TERECH
CONSUMER STAPLES,TIL
CONSUMER STAPLES,TILE
CONSUMER STAPLES,TILEN
CONSUMER STAPLES,TILEND
CONSUMER STAPLES,TIN
CONSUMER STAPLES,TINK
CONSUMER STAPLES,TINKI
CONSUMER STAPLES,TOR
CONSUMER STAPLES,TORG
CONSUMER STAPLES,TORGS
CONSUMER STAPLES,TORGSE
CONSUMER STAPLES,TOV
CONSUMER STAPLES,"TOV"""
CONSUMER STAPLES,"TOV"""""
CONSUMER STAPLES,"TOV""""K"
CONSUMER STAPLES,"TOV""A"
CONSUMER STAPLES,"TOV""AL"
CONSUMER STAPLES,"TOV""N"
CONSUMER STAPLES,"TOV""Na"
CONSUMER STAPLES,"TOV""T"
CONSUMER STAPLES,"TOV""To"
CONSUMER STAPLES,"TOV""U"
CONSUMER STAPLES,"TOV""Uk"
CONSUMER STAPLES,TOV'
CONSUMER STAPLES,TOV'A
CONSUMER STAPLES,TOV'Ah
CONSUMER STAPLES,TOV'T
CONSUMER STAPLES,TOV'TR
CONSUMER STAPLES,TOVP
CONSUMER STAPLES,TOVPf
CONSUMER STAPLES,TOVPfa
CONSUMER STAPLES,TOVY
CONSUMER STAPLES,TOVYU
CONSUMER STAPLES,TOVYUN
CONSUMER STAPLES,TOV`
CONSUMER STAPLES,TOV`S
CONSUMER STAPLES,TOV`Se
CONSUMER STAPLES,Tab
CONSUMER STAPLES,Taba
CONSUMER STAPLES,Tabal
CONSUMER STAPLES,Tabalo
CONSUMER STAPLES,Tai
CONSUMER STAPLES,Tais
CONSUMER STAPLES,Taist
CONSUMER STAPLES,Taistr
CONSUMER STAPLES,Tak
CONSUMER STAPLES,Tal
CONSUMER STAPLES,Tali
CONSUMER STAPLES,Talis
CONSUMER STAPLES,Talism
CONSUMER STAPLES,Tan
CONSUMER STAPLES,Tan-
CONSUMER STAPLES,Tan-2
CONSUMER STAPLES,Tan-20
CONSUMER STAPLES,Tar
CONSUMER STAPLES,Tara
CONSUMER STAPLES,Tarab
CONSUMER STAPLES,Tarabr
CONSUMER STAPLES,Tas
CONSUMER STAPLES,Tas-
CONSUMER STAPLES,Tas-A
CONSUMER STAPLES,Tas-Ah
CONSUMER STAPLES,Tav
CONSUMER STAPLES,Tavr
CONSUMER STAPLES,Tavri
CONSUMER STAPLES,Tavrii
CONSUMER STAPLES,Tdm
CONSUMER STAPLES,Tdma
CONSUMER STAPLES,Tdmar
CONSUMER STAPLES,Tdmars
CONSUMER STAPLES,Tek
CONSUMER STAPLES,Tekh
CONSUMER STAPLES,Tekhn
CONSUMER STAPLES,Tekhno
CONSUMER STAPLES,Tem
CONSUMER STAPLES,Tema
CONSUMER STAPLES,Tep
CONSUMER STAPLES,Tepl
CONSUMER STAPLES,Teply
CONSUMER STAPLES,Teplyc
CONSUMER STAPLES,Ter
CONSUMER STAPLES,Tera
CONSUMER STAPLES,Tera-
CONSUMER STAPLES,Tera-I
CONSUMER STAPLES,Tere
CONSUMER STAPLES,Terec
CONSUMER STAPLES,Terech
CONSUMER STAPLES,Terez
CONSUMER STAPLES,Terezy
CONSUMER STAPLES,Tern
CONSUMER STAPLES,Terno
CONSUMER STAPLES,Ternop
CONSUMER STAPLES,Tes
CONSUMER STAPLES,Tess
CONSUMER STAPLES,Tessl
CONSUMER STAPLES,Tessla
CONSUMER STAPLES,The
CONSUMER STAPLES,Thee
CONSUMER STAPLES,Theeu
CONSUMER STAPLES,Theeuw
CONSUMER STAPLES,Tok
CONSUMER STAPLES,Tov
CONSUMER STAPLES,Tova
CONSUMER STAPLES,Tovar
CONSUMER STAPLES,Tovary
CONSUMER STAPLES,Tra
CONSUMER STAPLES,Trad
CONSUMER STAPLES,Tradi
CONSUMER STAPLES,Tradie
CONSUMER STAPLES,Tran
CONSUMER STAPLES,Trans
CONSUMER STAPLES,Transv
CONSUMER STAPLES,Tre
CONSUMER STAPLES,Tren
CONSUMER STAPLES,Treni
CONSUMER STAPLES,Trenit
CONSUMER STAPLES,Tri
CONSUMER STAPLES,Trio
CONSUMER STAPLES,Tro
CONSUMER STAPLES,Troi
CONSUMER STAPLES,Troik
CONSUMER STAPLES,Troika
CONSUMER STAPLES,Tru
CONSUMER STAPLES,Trud
CONSUMER STAPLES,Tum
CONSUMER STAPLES,Tuma
CONSUMER STAPLES,Tumas
CONSUMER STAPLES,Tumasi
CONSUMER STAPLES,Tya
CONSUMER STAPLES,Tyah
CONSUMER STAPLES,Tyahy
CONSUMER STAPLES,Tyahyn
CONSUMER STAPLES,UKR
CONSUMER STAPLES,UKRA
CONSUMER STAPLES,UKRAG
CONSUMER STAPLES,UKRAY
CONSUMER STAPLES,UKRAYN
CONSUMER STAPLES,UKRD
CONSUMER STAPLES,UKRDO
CONSUMER STAPLES,UKRDON
CONSUMER STAPLES,UKRR
CONSUMER STAPLES,UKRRO
CONSUMER STAPLES,UKRROS
CONSUMER STAPLES,UKRZ
CONSUMER STAPLES,UKRZE
CONSUMER STAPLES,UKRZER
CONSUMER STAPLES,UPG
CONSUMER STAPLES,UPG-
CONSUMER STAPLES,UPG-I
CONSUMER STAPLES,UPG-In
CONSUMER STAPLES,Uhr
CONSUMER STAPLES,Uhry
CONSUMER STAPLES,Uhryn
CONSUMER STAPLES,Uhryni
CONSUMER STAPLES,Ukr
CONSUMER STAPLES,Ukra
CONSUMER STAPLES,Ukrag
CONSUMER STAPLES,Ukragr
CONSUMER STAPLES,Ukrah
CONSUMER STAPLES,Ukrahr
CONSUMER STAPLES,Ukrai
CONSUMER STAPLES,Ukrain
CONSUMER STAPLES,Ukrl
CONSUMER STAPLES,Ukrla
CONSUMER STAPLES,Ukrlan
CONSUMER STAPLES,Ukrp
CONSUMER STAPLES,Ukrpr
CONSUMER STAPLES,Ukrpro
CONSUMER STAPLES,Ukrr
CONSUMER STAPLES,Ukrro
CONSUMER STAPLES,Ukrros
CONSUMER STAPLES,Ukrs
CONSUMER STAPLES,Ukrso
CONSUMER STAPLES,Ukrsoi
CONSUMER STAPLES,Ula
CONSUMER STAPLES,Ular
CONSUMER STAPLES,Uma
CONSUMER STAPLES,Uman
CONSUMER STAPLES,Uman-
CONSUMER STAPLES,Uman-A
CONSUMER STAPLES,Uni
CONSUMER STAPLES,Univ
CONSUMER STAPLES,Unive
CONSUMER STAPLES,Univer
CONSUMER STAPLES,Upg
CONSUMER STAPLES,Upg-
CONSUMER STAPLES,Upg-A
CONSUMER STAPLES,Upg-Ab
CONSUMER STAPLES,Upi
CONSUMER STAPLES,Upi-
CONSUMER STAPLES,Upi-A
CONSUMER STAPLES,Upi-Ah
CONSUMER STAPLES,Urs
CONSUMER STAPLES,Ursu
CONSUMER STAPLES,Ursul
CONSUMER STAPLES,Ursule
CONSUMER STAPLES,Usp
CONSUMER STAPLES,Uspi
CONSUMER STAPLES,Uspik
CONSUMER STAPLES,Uspikh
CONSUMER STAPLES,VER
CONSUMER STAPLES,VERB
CONSUMER STAPLES,VERBE
CONSUMER STAPLES,VERBEN
CONSUMER STAPLES,VGP
CONSUMER STAPLES,VHP
CONSUMER STAPLES,VIC
CONSUMER STAPLES,VICh
CONSUMER STAPLES,VIChU
CONSUMER STAPLES,VIChUN
CONSUMER STAPLES,VIK
CONSUMER STAPLES,VIKT
CONSUMER STAPLES,VIKTO
CONSUMER STAPLES,VIKTOP
CONSUMER STAPLES,VIL
CONSUMER STAPLES,VILI
CONSUMER STAPLES,VILII
CONSUMER STAPLES,VILIIA
CONSUMER STAPLES,VILN
CONSUMER STAPLES,VILNY
CONSUMER STAPLES,VILNYA
CONSUMER STAPLES,VIN
CONSUMER STAPLES,VINN
CONSUMER STAPLES,VINNY
CONSUMER STAPLES,VINNYT
CONSUMER STAPLES,VIS
CONSUMER STAPLES,VIST
CONSUMER STAPLES,VISTA
CONSUMER STAPLES,VOL
CONSUMER STAPLES,VOLI
CONSUMER STAPLES,VOLIA
CONSUMER STAPLES,VOLO
CONSUMER STAPLES,VOLOD
CONSUMER STAPLES,VOLODI
CONSUMER STAPLES,VPK
CONSUMER STAPLES,VRO
CONSUMER STAPLES,VROZ
CONSUMER STAPLES,VROZH
CONSUMER STAPLES,VROZHA
CONSUMER STAPLES,VVK
CONSUMER STAPLES,VYR
CONSUMER STAPLES,VYRO
CONSUMER STAPLES,VYROB
CONSUMER STAPLES,VYROBN
CONSUMER STAPLES,Ven
CONSUMER STAPLES,Veng
CONSUMER STAPLES,Venga
CONSUMER STAPLES,Vengas
CONSUMER STAPLES,Ver
CONSUMER STAPLES,Vere
CONSUMER STAPLES,Verev
CONSUMER STAPLES,Verevs
CONSUMER STAPLES,ViO
CONSUMER STAPLES,ViOi
CONSUMER STAPLES,ViOil
CONSUMER STAPLES,Via
CONSUMER STAPLES,Vial
CONSUMER STAPLES,Vial-
CONSUMER STAPLES,Vial-M
CONSUMER STAPLES,Vid
CONSUMER STAPLES,Vidr
CONSUMER STAPLES,Vidra
CONSUMER STAPLES,Vidrad
CONSUMER STAPLES,Vidro
CONSUMER STAPLES,Vidrod
CONSUMER STAPLES,Vii
CONSUMER STAPLES,Viie
CONSUMER STAPLES,Viien
CONSUMER STAPLES,Viienk
CONSUMER STAPLES,Vik
CONSUMER STAPLES,Viko
CONSUMER STAPLES,Vikon
CONSUMER STAPLES,Vil
CONSUMER STAPLES,Vili
CONSUMER STAPLES,Vilia
CONSUMER STAPLES,Vim
CONSUMER STAPLES,Vima
CONSUMER STAPLES,Vimal
CONSUMER STAPLES,Vin
CONSUMER STAPLES,Vina
CONSUMER STAPLES,Vinag
CONSUMER STAPLES,Vinagr
CONSUMER STAPLES,Vinal
CONSUMER STAPLES,Vir
CONSUMER STAPLES,Virt
CONSUMER STAPLES,Virtu
CONSUMER STAPLES,Virtus
CONSUMER STAPLES,Vis
CONSUMER STAPLES,Vist
CONSUMER STAPLES,Vit
CONSUMER STAPLES,Vita
CONSUMER STAPLES,Vitag
CONSUMER STAPLES,Vitagr
CONSUMER STAPLES,Vitm
CONSUMER STAPLES,Vitma
CONSUMER STAPLES,Vitmar
CONSUMER STAPLES,Vito
CONSUMER STAPLES,Vito-
CONSUMER STAPLES,Vito-F
CONSUMER STAPLES,Viv
CONSUMER STAPLES,Vive
CONSUMER STAPLES,Vives
CONSUMER STAPLES,Vivesc
CONSUMER STAPLES,Viz
CONSUMER STAPLES,Viza
CONSUMER STAPLES,Vizy
CONSUMER STAPLES,Vizyt
CONSUMER STAPLES,Vol
CONSUMER STAPLES,Volo
CONSUMER STAPLES,Volos
CONSUMER STAPLES,Volosh
CONSUMER STAPLES,Voly
CONSUMER STAPLES,Volya
CONSUMER STAPLES,Vor
CONSUMER STAPLES,Voro
CONSUMER STAPLES,Voroz
CONSUMER STAPLES,Vorozh
CONSUMER STAPLES,Vos
CONSUMER STAPLES,Vost
CONSUMER STAPLES,Vosto
CONSUMER STAPLES,Vostok
CONSUMER STAPLES,Vostor
CONSUMER STAPLES,Vov
CONSUMER STAPLES,Vovk
CONSUMER STAPLES,Vovki
CONSUMER STAPLES,Vovkiv
CONSUMER STAPLES,Vro
CONSUMER STAPLES,Vroz
CONSUMER STAPLES,Vrozh
CONSUMER STAPLES,Vrozha
CONSUMER STAPLES,Vyb
CONSUMER STAPLES,Vybi
CONSUMER STAPLES,Vybir
CONSUMER STAPLES,WIM
CONSUMER STAPLES,WIMM
CONSUMER STAPLES,WIMM-
CONSUMER STAPLES,WIMM-B
CONSUMER STAPLES,YUG
CONSUMER STAPLES,YUGR
CONSUMER STAPLES,YUGRA
CONSUMER STAPLES,YUGRAN
CONSUMER STAPLES,YUGT
CONSUMER STAPLES,YUGTR
CONSUMER STAPLES,YUGTRA
CONSUMER STAPLES,YUZ
CONSUMER STAPLES,YUZH
CONSUMER STAPLES,YUZHN
CONSUMER STAPLES,YUZHNO
CONSUMER STAPLES,YUZHNY
CONSUMER STAPLES,YaM
CONSUMER STAPLES,YaMP
CONSUMER STAPLES,YaMPI
CONSUMER STAPLES,YaMPIL
CONSUMER STAPLES,Yar
CONSUMER STAPLES,Yary
CONSUMER STAPLES,Yaryc
CONSUMER STAPLES,Yarych
CONSUMER STAPLES,YeF
CONSUMER STAPLES,YeFF
CONSUMER STAPLES,YeFFE
CONSUMER STAPLES,YeFFEK
CONSUMER STAPLES,Yem
CONSUMER STAPLES,Yemi
CONSUMER STAPLES,Yemil
CONSUMER STAPLES,Yemilc
CONSUMER STAPLES,Yev
CONSUMER STAPLES,Yevr
CONSUMER STAPLES,Yevro
CONSUMER STAPLES,Yevros
CONSUMER STAPLES,Ykr
CONSUMER STAPLES,Ykra
CONSUMER STAPLES,Ykrag
CONSUMER STAPLES,Ykragr
CONSUMER STAPLES,YuH
CONSUMER STAPLES,YuHT
CONSUMER STAPLES,YuHTR
CONSUMER STAPLES,YuHTRA
CONSUMER STAPLES,Yuh
CONSUMER STAPLES,Yuhy
CONSUMER STAPLES,Yuhym
CONSUMER STAPLES,Yuhymi
CONSUMER STAPLES,Yuk
CONSUMER STAPLES,Yuko
CONSUMER STAPLES,Yukon
CONSUMER STAPLES,ZAB
CONSUMER STAPLES,ZABO
CONSUMER STAPLES,ZABOT
CONSUMER STAPLES,ZABOTA
CONSUMER STAPLES,ZAK
CONSUMER STAPLES,ZAKH
CONSUMER STAPLES,ZAKHI
CONSUMER STAPLES,ZAKHID
CONSUMER STAPLES,ZAL
CONSUMER STAPLES,ZALI
CONSUMER STAPLES,ZALIM
CONSUMER STAPLES,ZALIMA
CONSUMER STAPLES,ZAM
CONSUMER STAPLES,ZAMY
CONSUMER STAPLES,ZAMYA
CONSUMER STAPLES,ZAMYAT
CONSUMER STAPLES,ZAR
CONSUMER STAPLES,ZARI
CONSUMER STAPLES,ZARIC
CONSUMER STAPLES,ZARICH
CONSUMER STAPLES,ZDO
CONSUMER STAPLES,ZDOR
CONSUMER STAPLES,ZDORO
CONSUMER STAPLES,ZDOROV
CONSUMER STAPLES,ZEM
CONSUMER STAPLES,ZEML
CONSUMER STAPLES,ZEMLY
CONSUMER STAPLES,ZEMLYA
CONSUMER STAPLES,ZER
CONSUMER STAPLES,ZERN
CONSUMER STAPLES,ZERNO
CONSUMER STAPLES,ZHO
CONSUMER STAPLES,ZHOV
CONSUMER STAPLES,ZHOVT
CONSUMER STAPLES,ZHOVTE
CONSUMER STAPLES,ZOR
CONSUMER STAPLES,ZORY
CONSUMER STAPLES,ZORYa
CONSUMER STAPLES,Zah
CONSUMER STAPLES,Zahi
CONSUMER STAPLES,Zahid
CONSUMER STAPLES,Zahid-
CONSUMER STAPLES,Zak
CONSUMER STAPLES,Zakh
CONSUMER STAPLES,Zakhi
CONSUMER STAPLES,Zakhid
CONSUMER STAPLES,Zar
CONSUMER STAPLES,Zark
CONSUMER STAPLES,Zarka
CONSUMER STAPLES,Zarkav
CONSUMER STAPLES,Zat
CONSUMER STAPLES,Zaty
CONSUMER STAPLES,Zatys
CONSUMER STAPLES,Zatysh
CONSUMER STAPLES,Zbo
CONSUMER STAPLES,Zbor
CONSUMER STAPLES,Zbori
CONSUMER STAPLES,Zboriv
CONSUMER STAPLES,Zdo
CONSUMER STAPLES,Zdor
CONSUMER STAPLES,Zdoro
CONSUMER STAPLES,Zdorov
CONSUMER STAPLES,Zer
CONSUMER STAPLES,Zern
CONSUMER STAPLES,Zerno
CONSUMER STAPLES,Zernos
CONSUMER STAPLES,Zernot
CONSUMER STAPLES,Zernoz
CONSUMER STAPLES,Zhe
CONSUMER STAPLES,Zhen
CONSUMER STAPLES,Zhene
CONSUMER STAPLES,Zhenev
CONSUMER STAPLES,Zhr
CONSUMER STAPLES,Zhry
CONSUMER STAPLES,Zhryv
CONSUMER STAPLES,Zhryve
CONSUMER STAPLES,Zla
CONSUMER STAPLES,Zlah
CONSUMER STAPLES,Zlaho
CONSUMER STAPLES,Zlahod
CONSUMER STAPLES,Zol
CONSUMER STAPLES,Zolo
CONSUMER STAPLES,Zolot
CONSUMER STAPLES,Zolota
CONSUMER STAPLES,Zor
CONSUMER STAPLES,Zori
CONSUMER STAPLES,Zoria
CONSUMER STAPLES,Zve
CONSUMER STAPLES,Zver
CONSUMER STAPLES,Zvere
CONSUMER STAPLES,Zverev
CONSUMER STAPLES,`Ah
CONSUMER STAPLES,`Ahr
CONSUMER STAPLES,`Ahro
CONSUMER STAPLES,`Ahrot
CONSUMER STAPLES,`Dr
CONSUMER STAPLES,`Dru
CONSUMER STAPLES,`Druz
CONSUMER STAPLES,`Druzh
CONSUMER STAPLES,`La
CONSUMER STAPLES,`Lan
CONSUMER STAPLES,`Lani
CONSUMER STAPLES,`Laniv
CONSUMER STAPLES,`OB
CONSUMER STAPLES,`OBR
CONSUMER STAPLES,`OBRI
CONSUMER STAPLES,`OBRII
CONSUMER STAPLES,`TR
CONSUMER STAPLES,`TRA
CONSUMER STAPLES,`TRAN
CONSUMER STAPLES,`TRANS
CONSUMER STAPLES,ahr
CONSUMER STAPLES,ahro
CONSUMER STAPLES,ahrof
CONSUMER STAPLES,ahrofi
CONSUMER STAPLES,fir
CONSUMER STAPLES,firm
CONSUMER STAPLES,firma
CONSUMER STAPLES,im.
CONSUMER STAPLES,im.K
CONSUMER STAPLES,im.K.
CONSUMER STAPLES,im.K.L
CONSUMER STAPLES,kro
CONSUMER STAPLES,kron
CONSUMER STAPLES,krono
CONSUMER STAPLES,kronos
CONSUMER STAPLES,pid
CONSUMER STAPLES,pidp
CONSUMER STAPLES,pidpr
CONSUMER STAPLES,pidpry
CONSUMER STAPLES,sil
CONSUMER STAPLES,sils
CONSUMER STAPLES,silsk
CONSUMER STAPLES,silsko
CONSUMER STAPLES,tra
CONSUMER STAPLES,trad
CONSUMER STAPLES,trade
ENERGY,"""77"
ENERGY,"""777"
ENERGY,"""777+"
ENERGY,"""777+"""
ENERGY,"""Al"
ENERGY,"""Alm"
ENERGY,"""Alma"
ENERGY,"""Alma-"
ENERGY,"""Av"
ENERGY,"""Avi"
ENERGY,"""Avik"
ENERGY,"""Aviko"
ENERGY,"""Avt"
ENERGY,"""Avto"
ENERGY,"""Avtop"
ENERGY,"""En"
ENERGY,"""Ene"
ENERGY,"""Ener"
ENERGY,"""Enerh"
ENERGY,"""Hr"
ENERGY,"""Hra"
ENERGY,"""Hraf"
ENERGY,"""Hrafe"
ENERGY,"""IE"
ENERGY,"""IEv"
ENERGY,"""IEvr"
ENERGY,"""IEvro"
ENERGY,"""La"
ENERGY,"""Lan"
ENERGY,"""Lank"
ENERGY,"""Lank"""
ENERGY,"""MV"
ENERGY,"""Ma"
ENERGY,"""Mas"
ENERGY,"""Masl"
ENERGY,"""Maslo"
ENERGY,"""Mi"
ENERGY,"""Mik"
ENERGY,"""Miks"
ENERGY,"""Na"
ENERGY,"""Nad"
ENERGY,"""Nade"
ENERGY,"""Nadez"
ENERGY,"""Naf"
ENERGY,"""Naft"
ENERGY,"""Nafta"
ENERGY,"""Nafto"
ENERGY,"""Op"
ENERGY,"""Opt"
ENERGY,"""Opts"
ENERGY,"""Optse"
ENERGY,"""Pa"
ENERGY,"""Pan"
ENERGY,"""Pank"
ENERGY,"""Pankh"
ENERGY,"""Po"
ENERGY,"""Pok"
ENERGY,"""Pokr"
ENERGY,"""Pokro"
ENERGY,"""Pol"
ENERGY,"""Polt"
ENERGY,"""Polta"
ENERGY,"""Pr"
ENERGY,"""Pro"
ENERGY,"""Prom"
ENERGY,"""Promt"
ENERGY,"""Ri"
ENERGY,"""Rif"
ENERGY,"""SE"
ENERGY,"""SEB"
ENERGY,"""SEBE"
ENERGY,"""SEBEK"
ENERGY,"""SER"
ENERGY,"""SERV"
ENERGY,"""SERVI"
ENERGY,"""SP"
ENERGY,"""SPB"
ENERGY,"""SPBA"
ENERGY,"""SPBA"""
ENERGY,"""Sp"
ENERGY,"""Spe"
ENERGY,"""Spet"
ENERGY,"""Spets"
ENERGY,"""St"
ENERGY,"""Sta"
ENERGY,"""Stan"
ENERGY,"""Stand"
ENERGY,"""Sy"
ENERGY,"""Syn"
ENERGY,"""Synt"
ENERGY,"""Synte"
ENERGY,"""Uk"
ENERGY,"""Ukr"
ENERGY,"""Ukrd"
ENERGY,"""Ukrdn"
ENERGY,"""Uz"
ENERGY,"""Uzh"
ENERGY,"""Uzh-"
ENERGY,"""Uzh-P"
ENERGY,"""Va"
ENERGY,"""Val"
ENERGY,"""Vale"
ENERGY,"""Valen"
ENERGY,"""Ve"
ENERGY,"""Ves"
ENERGY,"""Vest"
ENERGY,"""Vesta"
ENERGY,"""Vi"
ENERGY,"""Vig"
ENERGY,"""Vigo"
ENERGY,"""Vigos"
ENERGY,"""Vim"
ENERGY,"""Vima"
ENERGY,"""Vimak"
ENERGY,"""ZA"
ENERGY,"""ZAK"
ENERGY,"""ZAKA"
ENERGY,"""ZAKAR"
ENERGY,''K
ENERGY,''Ko
ENERGY,''Kor
ENERGY,''Kors
ENERGY,'DN
ENERGY,'DNI
ENERGY,'DNIP
ENERGY,'DNIPR
ENERGY,'Hl
ENERGY,'Hlu
ENERGY,'Hluk
ENERGY,'Hlukh
ENERGY,'In
ENERGY,'Ind
ENERGY,'Indu
ENERGY,'Indus
ENERGY,'Kr
ENERGY,'Kry
ENERGY,'Krym
ENERGY,'Krymn
ENERGY,'Ma
ENERGY,'Mar
ENERGY,'Mars
ENERGY,'Marsh
ENERGY,'SO
ENERGY,'SOI
ENERGY,'SOIu
ENERGY,'SOIuZ
ENERGY,777
ENERGY,AST
ENERGY,ASTR
ENERGY,ASTRA
ENERGY,ASTRA-
ENERGY,ASTRAL
ENERGY,ATA
ENERGY,ATAN
ENERGY,ATAN-
ENERGY,ATAN-K
ENERGY,Ahr
ENERGY,Ahri
ENERGY,Ahrin
ENERGY,Ahrino
ENERGY,Ast
ENERGY,Astr
ENERGY,Astra
ENERGY,Ata
ENERGY,Atan
ENERGY,Atan-
ENERGY,Atan-K
ENERGY,Ave
ENERGY,Avet
ENERGY,Avetr
ENERGY,Avetra
ENERGY,Avi
ENERGY,Avik
ENERGY,Aviko
ENERGY,Avikom
ENERGY,Avt
ENERGY,Avto
ENERGY,Avtob
ENERGY,Avtoba
ENERGY,CON
ENERGY,CONT
ENERGY,CONTR
ENERGY,CONTRA
ENERGY,DZH
ENERGY,DZHE
ENERGY,DZHER
ENERGY,DZHERE
ENERGY,Don
ENERGY,Donb
ENERGY,Donba
ENERGY,Donbas
ENERGY,Dun
ENERGY,Duna
ENERGY,Dunai
ENERGY,Dunain
ENERGY,Eur
ENERGY,Euro
ENERGY,Euron
ENERGY,Eurona
ENERGY,FOR
ENERGY,FORV
ENERGY,FORVE
ENERGY,FORVEI
ENERGY,Gsm
ENERGY,Hen
ENERGY,Henr
ENERGY,Henry
ENERGY,Henryk
ENERGY,ITO
ENERGY,ITOL
ENERGY,KLO
ENERGY,KRA
ENERGY,KRAM
ENERGY,KRAMN
ENERGY,KRAMNE
ENERGY,KRE
ENERGY,KREV
ENERGY,KREVV
ENERGY,KREVVT
ENERGY,KRY
ENERGY,KRYM
ENERGY,KRYMT
ENERGY,KRYMTO
ENERGY,Kal
ENERGY,Kaly
ENERGY,Kalyn
ENERGY,Kalyna
ENERGY,Kar
ENERGY,Karh
ENERGY,Karhe
ENERGY,Karhes
ENERGY,Kub
ENERGY,Kubg
ENERGY,Kubga
ENERGY,Kubgas
ENERGY,Kyr
ENERGY,Kyry
ENERGY,Kyryc
ENERGY,Kyrych
ENERGY,M-S
ENERGY,M-Se
ENERGY,M-Ser
ENERGY,M-Serv
ENERGY,NAF
ENERGY,NAFT
ENERGY,NAFTO
ENERGY,NAFTOP
ENERGY,NK-
ENERGY,NK-A
ENERGY,NK-AR
ENERGY,NK-ART
ENERGY,Naf
ENERGY,Naft
ENERGY,Nafta
ENERGY,Nafta0
ENERGY,Naftat
ENERGY,ODZ
ENERGY,ODZH
ENERGY,ODZHA
ENERGY,ODZHAS
ENERGY,OKK
ENERGY,OKKO
ENERGY,PAN
ENERGY,PANK
ENERGY,PANKH
ENERGY,PANKHI
ENERGY,PAR
ENERGY,PART
ENERGY,PARTN
ENERGY,PARTNE
ENERGY,PET
ENERGY,PETR
ENERGY,PETRO
ENERGY,PETROL
ENERGY,PLA
ENERGY,PLAZ
ENERGY,PLAZA
ENERGY,PLAZA-
ENERGY,PRO
ENERGY,PROT
ENERGY,PROTE
ENERGY,PROTEK
ENERGY,Pan
ENERGY,Pank
ENERGY,Pankh
ENERGY,Pankhi
ENERGY,Pla
ENERGY,Plaz
ENERGY,Plaza
ENERGY,Plaza-
ENERGY,Pro
ENERGY,Prop
ENERGY,Propa
ENERGY,Propan
ENERGY,Sar
ENERGY,Saro
ENERGY,Sarou
ENERGY,Saroub
ENERGY,Sev
ENERGY,Seve
ENERGY,Sever
ENERGY,Severy
ENERGY,Syn
ENERGY,Syne
ENERGY,Syner
ENERGY,Synerg
ENERGY,TER
ENERGY,TERM
ENERGY,TERMY
ENERGY,TERMYN
ENERGY,TOV
ENERGY,"TOV"""
ENERGY,"TOV""H"
ENERGY,"TOV""HE"
ENERGY,TRA
ENERGY,TRAN
ENERGY,TRANS
ENERGY,TRANSN
ENERGY,Ter
ENERGY,Term
ENERGY,Termi
ENERGY,Termin
ENERGY,UKR
ENERGY,UKRH
ENERGY,UKRHA
ENERGY,UKRHAZ
ENERGY,Ukr
ENERGY,Ukrh
ENERGY,Ukrha
ENERGY,Ukrhas
ENERGY,Utr
ENERGY,Utre
ENERGY,Utrey
ENERGY,Utreyd
ENERGY,Val
ENERGY,Vale
ENERGY,Valen
ENERGY,Valent
ENERGY,Ves
ENERGY,Vesm
ENERGY,Vesma
ENERGY,Vest
ENERGY,Vesta
ENERGY,Whi
ENERGY,Whit
ENERGY,White
ENERGY,Whitef
ENERGY,Yar
ENERGY,Yarn
ENERGY,Yarna
ENERGY,Yarna-
ENERGY,YeV
ENERGY,YeVR
ENERGY,YeVRO
ENERGY,YeVROP
ENERGY,Zak
ENERGY,Zaka
ENERGY,Zakar
ENERGY,Zakarp
ENERGY,Zakx
ENERGY,Zakxi
ENERGY,Zakxid
FINANCIALS,"""A."
FINANCIALS,"""A.s"
FINANCIALS,"""A.s."
FINANCIALS,"""A.s.p"
FINANCIALS,"""Ah"
FINANCIALS,"""Ahr"
FINANCIALS,"""Ahro"
FINANCIALS,"""Ahrol"
FINANCIALS,"""As"
FINANCIALS,"""As"""
FINANCIALS,"""MR"
FINANCIALS,"""MRI"
FINANCIALS,"""MRIY"
FINANCIALS,"""MRIYA"
FINANCIALS,"""Pr"
FINANCIALS,"""Pro"
FINANCIALS,"""Prol"
FINANCIALS,"""Prolo"
FINANCIALS,"""TO"
FINANCIALS,"""TOP"
FINANCIALS,"""TOPA"
FINANCIALS,"""TOPAZ"
FINANCIALS,"""Ul"
FINANCIALS,"""Ulf"
FINANCIALS,"""Ulf-"
FINANCIALS,"""Ulf-F"
FINANCIALS,"""YU"
FINANCIALS,"""YUs"
FINANCIALS,"""YUsn"
FINANCIALS,"""YUsn"""
FINANCIALS,'Od
FINANCIALS,'Ode
FINANCIALS,'Odeo
FINANCIALS,'Odeon
FINANCIALS,AHR
FINANCIALS,AHRO
FINANCIALS,AHROK
FINANCIALS,AHROKO
FINANCIALS,Ahr
FINANCIALS,Ahro
FINANCIALS,Ahrok
FINANCIALS,Ahroko
FINANCIALS,BRI
FINANCIALS,BRIU
FINANCIALS,BRIUS
FINANCIALS,Dmi
FINANCIALS,Dmit
FINANCIALS,Dmitr
FINANCIALS,Dmitru
FINANCIALS,Dom
FINANCIALS,Doma
FINANCIALS,Domas
FINANCIALS,Domash
FINANCIALS,KOR
FINANCIALS,KORS
FINANCIALS,KORSA
FINANCIALS,Kap
FINANCIALS,Kapr
FINANCIALS,Kapri
FINANCIALS,Kar
FINANCIALS,Karb
FINANCIALS,Karbo
FINANCIALS,Karbon
FINANCIALS,Kuc
FINANCIALS,Kuch
FINANCIALS,Kuche
FINANCIALS,Kucher
FINANCIALS,Mzi
FINANCIALS,Mziu
FINANCIALS,Mziur
FINANCIALS,Mziuri
FINANCIALS,Pro
FINANCIALS,Prod
FINANCIALS,Prodk
FINANCIALS,Prodko
FINANCIALS,Sar
FINANCIALS,Sare
FINANCIALS,Sarep
FINANCIALS,Sarept
FINANCIALS,Soi
FINANCIALS,Soiu
FINANCIALS,Soiuz
FINANCIALS,Soiuz-
FINANCIALS,TOR
FINANCIALS,TORH
FINANCIALS,TORHS
FINANCIALS,TORHSE
FINANCIALS,TOV
FINANCIALS,"TOV"""
FINANCIALS,"TOV""P"
FINANCIALS,"TOV""PO"
FINANCIALS,UKR
FINANCIALS,UKRA
FINANCIALS,UKRAH
FINANCIALS,UKRAHR
FINANCIALS,Ukr
FINANCIALS,Ukrb
FINANCIALS,Ukrbu
FINANCIALS,Ukrbud
FINANCIALS,Ukrp
FINANCIALS,Ukrpr
FINANCIALS,Ukrpro
FINANCIALS,`MS
FINANCIALS,`MSS
FINANCIALS,`MSS`
HEALTH CARE,"""A'"
HEALTH CARE,"""A's"
HEALTH CARE,"""A'st"
HEALTH CARE,"""A'sta"
HEALTH CARE,"""Al"
HEALTH CARE,"""Alk"
HEALTH CARE,"""Alko"
HEALTH CARE,"""Alkon"
HEALTH CARE,"""Ba"
HEALTH CARE,"""Bad"
HEALTH CARE,"""Badm"
HEALTH CARE,"""Badm"""
HEALTH CARE,"""Bi"
HEALTH CARE,"""Bio"
HEALTH CARE,"""Biof"
HEALTH CARE,"""Biofa"
HEALTH CARE,"""Ek"
HEALTH CARE,"""Eko"
HEALTH CARE,"""Ekod"
HEALTH CARE,"""Ekodn"
HEALTH CARE,"""FK"
HEALTH CARE,"""Fi"
HEALTH CARE,"""Fit"
HEALTH CARE,"""Fito"
HEALTH CARE,"""Fito-"
HEALTH CARE,"""HA"
HEALTH CARE,"""HAL"
HEALTH CARE,"""HALY"
HEALTH CARE,"""HALYC"
HEALTH CARE,"""Is"
HEALTH CARE,"""Isi"
HEALTH CARE,"""Isid"
HEALTH CARE,"""Isida"
HEALTH CARE,"""Ka"
HEALTH CARE,"""Kap"
HEALTH CARE,"""Kapi"
HEALTH CARE,"""Kapit"
HEALTH CARE,"""Ko"
HEALTH CARE,"""Kom"
HEALTH CARE,"""Komp"
HEALTH CARE,"""Kompl"
HEALTH CARE,"""Kon"
HEALTH CARE,"""Kont"
HEALTH CARE,"""Konto"
HEALTH CARE,"""Ky"
HEALTH CARE,"""Kyi"
HEALTH CARE,"""Kyiv"
HEALTH CARE,"""Kyivg"
HEALTH CARE,"""Kyivm"
HEALTH CARE,"""Li"
HEALTH CARE,"""Lik"
HEALTH CARE,"""Likt"
HEALTH CARE,"""Liktr"
HEALTH CARE,"""ML"
HEALTH CARE,"""ML"""
HEALTH CARE,"""ML""D"
HEALTH CARE,"""ML""Di"
HEALTH CARE,"""Me"
HEALTH CARE,"""Med"
HEALTH CARE,"""Medf"
HEALTH CARE,"""Medfa"
HEALTH CARE,"""Medp"
HEALTH CARE,"""Medpl"
HEALTH CARE,"""O."
HEALTH CARE,"""O.L"
HEALTH CARE,"""O.L."
HEALTH CARE,"""O.L.K"
HEALTH CARE,"""OP"
HEALTH CARE,"""OPT"
HEALTH CARE,"""OPTI"
HEALTH CARE,"""OPTIM"
HEALTH CARE,"""Or"
HEALTH CARE,"""Ort"
HEALTH CARE,"""Orte"
HEALTH CARE,"""Ortek"
HEALTH CARE,"""Pl"
HEALTH CARE,"""Pli"
HEALTH CARE,"""Pliu"
HEALTH CARE,"""Plius"
HEALTH CARE,"""So"
HEALTH CARE,"""Son"
HEALTH CARE,"""Sona"
HEALTH CARE,"""Sona-"
HEALTH CARE,"""Te"
HEALTH CARE,"""Tev"
HEALTH CARE,"""Teva"
HEALTH CARE,"""To"
HEALTH CARE,"""Tom"
HEALTH CARE,"""Toma"
HEALTH CARE,"""Tomas"
HEALTH CARE,"""Top"
HEALTH CARE,"""Top-"
HEALTH CARE,"""Top-v"
HEALTH CARE,"""Vi"
HEALTH CARE,"""Vi-"
HEALTH CARE,"""Vi-o"
HEALTH CARE,"""Vi-op"
HEALTH CARE,"""Vit"
HEALTH CARE,"""Vita"
HEALTH CARE,"""Vitam"
HEALTH CARE,'VE
HEALTH CARE,'VEN
HEALTH CARE,'VENT
HEALTH CARE,'VENTA
HEALTH CARE,AST
HEALTH CARE,ASTR
HEALTH CARE,ASTRI
HEALTH CARE,ASTRIU
HEALTH CARE,BRO
HEALTH CARE,BROV
HEALTH CARE,BROVA
HEALTH CARE,BROVAF
HEALTH CARE,Bad
HEALTH CARE,Badm
HEALTH CARE,Bio
HEALTH CARE,Biof
HEALTH CARE,Biofa
HEALTH CARE,Biofar
HEALTH CARE,Bion
HEALTH CARE,Biono
HEALTH CARE,Bionor
HEALTH CARE,COR
HEALTH CARE,DIA
HEALTH CARE,DIAV
HEALTH CARE,DIAVI
HEALTH CARE,DIAVIT
HEALTH CARE,Dob
HEALTH CARE,Dobr
HEALTH CARE,Dobro
HEALTH CARE,Dobrob
HEALTH CARE,Far
HEALTH CARE,Farm
HEALTH CARE,Farma
HEALTH CARE,Farmak
HEALTH CARE,Farmat
HEALTH CARE,Fit
HEALTH CARE,Fito
HEALTH CARE,Fito-
HEALTH CARE,Fito-L
HEALTH CARE,Fra
HEALTH CARE,Fra-
HEALTH CARE,Fra-M
HEALTH CARE,Int
HEALTH CARE,Inte
HEALTH CARE,Inten
HEALTH CARE,Intens
HEALTH CARE,Into
HEALTH CARE,Into-
HEALTH CARE,Into-S
HEALTH CARE,Kyy
HEALTH CARE,Kyyi
HEALTH CARE,Kyyiv
HEALTH CARE,Kyyivg
HEALTH CARE,Nei
HEALTH CARE,Neir
HEALTH CARE,Neiro
HEALTH CARE,Neirom
HEALTH CARE,Nov
HEALTH CARE,Nova
HEALTH CARE,Novar
HEALTH CARE,Novart
HEALTH CARE,O.L
HEALTH CARE,O.L.
HEALTH CARE,O.L.K
HEALTH CARE,O.L.Ka
HEALTH CARE,OJS
HEALTH CARE,OJSC
HEALTH CARE,STA
HEALTH CARE,STAD
HEALTH CARE,STADA
HEALTH CARE,STADA-
HEALTH CARE,STM
HEALTH CARE,STM-
HEALTH CARE,STM-F
HEALTH CARE,STM-FA
HEALTH CARE,San
HEALTH CARE,Sand
HEALTH CARE,Sando
HEALTH CARE,Sandoz
HEALTH CARE,Son
HEALTH CARE,Sona
HEALTH CARE,Sona-
HEALTH CARE,Sona-F
HEALTH CARE,Sta
HEALTH CARE,Stad
HEALTH CARE,Stada
HEALTH CARE,TOV
HEALTH CARE,TOVT
HEALTH CARE,TOVTO
HEALTH CARE,TOVTOR
HEALTH CARE,UKR
HEALTH CARE,UKRF
HEALTH CARE,UKRFA
HEALTH CARE,UKRFAR
HEALTH CARE,Veh
HEALTH CARE,Veha
HEALTH CARE,Vio
HEALTH CARE,Viol
HEALTH CARE,Viola
HEALTH CARE,ZAT
HEALTH CARE,"ZAT"""
HEALTH CARE,"ZAT""N"
HEALTH CARE,"ZAT""Na"
INDUSTRIALS,"""""E"
INDUSTRIALS,"""""EL"
INDUSTRIALS,"""""ELE"
INDUSTRIALS,"""""ELEF"
INDUSTRIALS,"""-A"
INDUSTRIALS,"""-AV"
INDUSTRIALS,"""-AVT"
INDUSTRIALS,"""-AVTO"
INDUSTRIALS,"""A-"
INDUSTRIALS,"""A-t"
INDUSTRIALS,"""A-te"
INDUSTRIALS,"""A-ter"
INDUSTRIALS,"""AM"
INDUSTRIALS,"""AMP"
INDUSTRIALS,"""AMPI"
INDUSTRIALS,"""AMPIR"
INDUSTRIALS,"""Ad"
INDUSTRIALS,"""Adv"
INDUSTRIALS,"""Adva"
INDUSTRIALS,"""Advan"
INDUSTRIALS,"""Ag"
INDUSTRIALS,"""Agr"
INDUSTRIALS,"""Agro"
INDUSTRIALS,"""Agro-"
INDUSTRIALS,"""Agror"
INDUSTRIALS,"""Agros"
INDUSTRIALS,"""Ah"
INDUSTRIALS,"""Ahr"
INDUSTRIALS,"""Ahri"
INDUSTRIALS,"""Ahris"
INDUSTRIALS,"""Ahro"
INDUSTRIALS,"""Ahro-"
INDUSTRIALS,"""Ahrom"
INDUSTRIALS,"""Ahror"
INDUSTRIALS,"""Al"
INDUSTRIALS,"""Ali"
INDUSTRIALS,"""Aliu"
INDUSTRIALS,"""Aliut"
INDUSTRIALS,"""Am"
INDUSTRIALS,"""Amt"
INDUSTRIALS,"""Amtt"
INDUSTRIALS,"""Ar"
INDUSTRIALS,"""Ark"
INDUSTRIALS,"""Arka"
INDUSTRIALS,"""Arkas"
INDUSTRIALS,"""Av"
INDUSTRIALS,"""Ava"
INDUSTRIALS,"""Avan"
INDUSTRIALS,"""Avang"
INDUSTRIALS,"""Avt"
INDUSTRIALS,"""Avto"
INDUSTRIALS,"""Avtom"
INDUSTRIALS,"""BE"
INDUSTRIALS,"""BEL"
INDUSTRIALS,"""BELT"
INDUSTRIALS,"""BELTI"
INDUSTRIALS,"""Be"
INDUSTRIALS,"""Ber"
INDUSTRIALS,"""Bere"
INDUSTRIALS,"""Berez"
INDUSTRIALS,"""Bi"
INDUSTRIALS,"""Bih"
INDUSTRIALS,"""Bih-"
INDUSTRIALS,"""Bih-S"
INDUSTRIALS,"""Bii"
INDUSTRIALS,"""Biir"
INDUSTRIALS,"""Bu"
INDUSTRIALS,"""Bud"
INDUSTRIALS,"""Bud-"
INDUSTRIALS,"""Bud-t"
INDUSTRIALS,"""Budi"
INDUSTRIALS,"""Budiv"
INDUSTRIALS,"""Ch"
INDUSTRIALS,"""Che"
INDUSTRIALS,"""Cher"
INDUSTRIALS,"""Cherk"
INDUSTRIALS,"""D."
INDUSTRIALS,"""D.E"
INDUSTRIALS,"""D.En"
INDUSTRIALS,"""D.Ene"
INDUSTRIALS,"""DE"
INDUSTRIALS,"""DEL"
INDUSTRIALS,"""DELT"
INDUSTRIALS,"""DELTA"
INDUSTRIALS,"""DO"
INDUSTRIALS,"""DOR"
INDUSTRIALS,"""DORS"
INDUSTRIALS,"""DORST"
INDUSTRIALS,"""Df"
INDUSTRIALS,"""Di"
INDUSTRIALS,"""Dio"
INDUSTRIALS,"""Dion"
INDUSTRIALS,"""Dioni"
INDUSTRIALS,"""Dip"
INDUSTRIALS,"""Dipi"
INDUSTRIALS,"""Dn"
INDUSTRIALS,"""Dne"
INDUSTRIALS,"""Dnep"
INDUSTRIALS,"""Dnepr"
INDUSTRIALS,"""Dni"
INDUSTRIALS,"""Dnip"
INDUSTRIALS,"""Dnipr"
INDUSTRIALS,"""Do"
INDUSTRIALS,"""Doi"
INDUSTRIALS,"""Doic"
INDUSTRIALS,"""Doich"
INDUSTRIALS,"""Don"
INDUSTRIALS,"""Dons"
INDUSTRIALS,"""Donsp"
INDUSTRIALS,"""Dy"
INDUSTRIALS,"""Dyv"
INDUSTRIALS,"""Dyve"
INDUSTRIALS,"""Dyvet"
INDUSTRIALS,"""EK"
INDUSTRIALS,"""EKI"
INDUSTRIALS,"""EKIP"
INDUSTRIALS,"""EKIPA"
INDUSTRIALS,"""Ek"
INDUSTRIALS,"""Eko"
INDUSTRIALS,"""Ekon"
INDUSTRIALS,"""Eks"
INDUSTRIALS,"""Ekst"
INDUSTRIALS,"""Ekstr"
INDUSTRIALS,"""El"
INDUSTRIALS,"""Ele"
INDUSTRIALS,"""Elek"
INDUSTRIALS,"""Elekt"
INDUSTRIALS,"""Eler"
INDUSTRIALS,"""Elero"
INDUSTRIALS,"""En"
INDUSTRIALS,"""Ene"
INDUSTRIALS,"""Ener"
INDUSTRIALS,"""Eners"
INDUSTRIALS,"""Ev"
INDUSTRIALS,"""Evr"
INDUSTRIALS,"""Evro"
INDUSTRIALS,"""Evroi"
INDUSTRIALS,"""Fa"
INDUSTRIALS,"""Fai"
INDUSTRIALS,"""Faid"
INDUSTRIALS,"""Faida"
INDUSTRIALS,"""Fi"
INDUSTRIALS,"""Fin"
INDUSTRIALS,"""Finp"
INDUSTRIALS,"""Finpr"
INDUSTRIALS,"""Fo"
INDUSTRIALS,"""Fom"
INDUSTRIALS,"""Foms"
INDUSTRIALS,"""Fomse"
INDUSTRIALS,"""For"
INDUSTRIALS,"""Fors"
INDUSTRIALS,"""Forst"
INDUSTRIALS,"""Fr"
INDUSTRIALS,"""Fre"
INDUSTRIALS,"""Fren"
INDUSTRIALS,"""Frend"
INDUSTRIALS,"""Fro"
INDUSTRIALS,"""Fron"
INDUSTRIALS,"""Froni"
INDUSTRIALS,"""Gl"
INDUSTRIALS,"""Glo"
INDUSTRIALS,"""Glor"
INDUSTRIALS,"""Glori"
INDUSTRIALS,"""HP"
INDUSTRIALS,"""HPL"
INDUSTRIALS,"""HPL"""
INDUSTRIALS,"""Ha"
INDUSTRIALS,"""Haz"
INDUSTRIALS,"""Hazo"
INDUSTRIALS,"""Hazoi"
INDUSTRIALS,"""Hazt"
INDUSTRIALS,"""Haztr"
INDUSTRIALS,"""Hi"
INDUSTRIALS,"""Hid"
INDUSTRIALS,"""Hidr"
INDUSTRIALS,"""Hidro"
INDUSTRIALS,"""Hiu"
INDUSTRIALS,"""Hiua"
INDUSTRIALS,"""Hiual"
INDUSTRIALS,"""Hn"
INDUSTRIALS,"""Hni"
INDUSTRIALS,"""Hniz"
INDUSTRIALS,"""Hnizd"
INDUSTRIALS,"""Ho"
INDUSTRIALS,"""Hos"
INDUSTRIALS,"""Host"
INDUSTRIALS,"""Hosto"
INDUSTRIALS,"""IE"
INDUSTRIALS,"""IEf"
INDUSTRIALS,"""IEf-"
INDUSTRIALS,"""IEf-p"
INDUSTRIALS,"""IN"
INDUSTRIALS,"""INS"
INDUSTRIALS,"""INST"
INDUSTRIALS,"""INSTR"
INDUSTRIALS,"""INT"
INDUSTRIALS,"""INTE"
INDUSTRIALS,"""INTER"
INDUSTRIALS,"""INV"
INDUSTRIALS,"""INVE"
INDUSTRIALS,"""INVES"
INDUSTRIALS,"""IR"
INDUSTRIALS,"""IRI"
INDUSTRIALS,"""IRID"
INDUSTRIALS,"""IRIDI"
INDUSTRIALS,"""Im"
INDUSTRIALS,"""Imp"
INDUSTRIALS,"""Impr"
INDUSTRIALS,"""Impre"
INDUSTRIALS,"""Impu"
INDUSTRIALS,"""Impul"
INDUSTRIALS,"""In"
INDUSTRIALS,"""Ink"
INDUSTRIALS,"""Inka"
INDUSTRIALS,"""Inkam"
INDUSTRIALS,"""Int"
INDUSTRIALS,"""Inte"
INDUSTRIALS,"""Intek"
INDUSTRIALS,"""Inter"
INDUSTRIALS,"""Ip"
INDUSTRIALS,"""Ipr"
INDUSTRIALS,"""Ipri"
INDUSTRIALS,"""Ipris"
INDUSTRIALS,"""Ka"
INDUSTRIALS,"""Kab"
INDUSTRIALS,"""Kabe"
INDUSTRIALS,"""Kabel"
INDUSTRIALS,"""Kai"
INDUSTRIALS,"""Kair"
INDUSTRIALS,"""Kair-"
INDUSTRIALS,"""Kap"
INDUSTRIALS,"""Kape"
INDUSTRIALS,"""Kapel"
INDUSTRIALS,"""Kar"
INDUSTRIALS,"""Karp"
INDUSTRIALS,"""Karpa"
INDUSTRIALS,"""Kh"
INDUSTRIALS,"""Kha"
INDUSTRIALS,"""Khad"
INDUSTRIALS,"""Khadl"
INDUSTRIALS,"""Kho"
INDUSTRIALS,"""Khol"
INDUSTRIALS,"""Kholl"
INDUSTRIALS,"""Ki"
INDUSTRIALS,"""Kin"
INDUSTRIALS,"""Kint"
INDUSTRIALS,"""Kinte"
INDUSTRIALS,"""Kiu"
INDUSTRIALS,"""Kiu."
INDUSTRIALS,"""Kiu.E"
INDUSTRIALS,"""Ko"
INDUSTRIALS,"""Kom"
INDUSTRIALS,"""Komp"
INDUSTRIALS,"""Kompa"
INDUSTRIALS,"""Kon"
INDUSTRIALS,"""Kon-"
INDUSTRIALS,"""Kon-L"
INDUSTRIALS,"""Kont"
INDUSTRIALS,"""Konty"
INDUSTRIALS,"""Kor"
INDUSTRIALS,"""Kors"
INDUSTRIALS,"""Korsa"
INDUSTRIALS,"""Ks"
INDUSTRIALS,"""Ksm"
INDUSTRIALS,"""Ksm-"
INDUSTRIALS,"""Ksm-h"
INDUSTRIALS,"""Kt"
INDUSTRIALS,"""Ktl"
INDUSTRIALS,"""Ku"
INDUSTRIALS,"""Kun"
INDUSTRIALS,"""Kun-"
INDUSTRIALS,"""Kun-U"
INDUSTRIALS,"""Kv"
INDUSTRIALS,"""Kvo"
INDUSTRIALS,"""Kvor"
INDUSTRIALS,"""Kvoru"
INDUSTRIALS,"""L'"
INDUSTRIALS,"""L'v"
INDUSTRIALS,"""L'vi"
INDUSTRIALS,"""L'viv"
INDUSTRIALS,"""LE"
INDUSTRIALS,"""LEP"
INDUSTRIALS,"""LEP"""
INDUSTRIALS,"""LO"
INDUSTRIALS,"""LOH"
INDUSTRIALS,"""LOHI"
INDUSTRIALS,"""LOHIS"
INDUSTRIALS,"""LV"
INDUSTRIALS,"""LVI"
INDUSTRIALS,"""LVIV"
INDUSTRIALS,"""LVIVI"
INDUSTRIALS,"""La"
INDUSTRIALS,"""Lan"
INDUSTRIALS,"""Land"
INDUSTRIALS,"""Landt"
INDUSTRIALS,"""Lar"
INDUSTRIALS,"""Lari"
INDUSTRIALS,"""Laris"
INDUSTRIALS,"""Le"
INDUSTRIALS,"""Lek"
INDUSTRIALS,"""Leko"
INDUSTRIALS,"""Lem"
INDUSTRIALS,"""Lemt"
INDUSTRIALS,"""Lemtr"
INDUSTRIALS,"""Leo"
INDUSTRIALS,"""Leop"
INDUSTRIALS,"""Leopo"
INDUSTRIALS,"""Li"
INDUSTRIALS,"""Lig"
INDUSTRIALS,"""Liga"
INDUSTRIALS,"""Ligat"
INDUSTRIALS,"""Ll"
INDUSTRIALS,"""Lle"
INDUSTRIALS,"""Llen"
INDUSTRIALS,"""Llent"
INDUSTRIALS,"""Lo"
INDUSTRIALS,"""Loh"
INDUSTRIALS,"""Lohi"
INDUSTRIALS,"""Lohit"
INDUSTRIALS,"""Lot"
INDUSTRIALS,"""Lotu"
INDUSTRIALS,"""Lotus"
INDUSTRIALS,"""Lu"
INDUSTRIALS,"""Lub"
INDUSTRIALS,"""Lubn"
INDUSTRIALS,"""Lubny"
INDUSTRIALS,"""ME"
INDUSTRIALS,"""MET"
INDUSTRIALS,"""META"
INDUSTRIALS,"""METAL"
INDUSTRIALS,"""METR"
INDUSTRIALS,"""METRU"
INDUSTRIALS,"""MH"
INDUSTRIALS,"""MH"""
INDUSTRIALS,"""MH""A"
INDUSTRIALS,"""MH""AV"
INDUSTRIALS,"""MO"
INDUSTRIALS,"""MOL"
INDUSTRIALS,"""MOLO"
INDUSTRIALS,"""MOLOT"
INDUSTRIALS,"""MS"
INDUSTRIALS,"""MS-"
INDUSTRIALS,"""MS-Z"
INDUSTRIALS,"""MS-Zv"
INDUSTRIALS,"""Ma"
INDUSTRIALS,"""Mak"
INDUSTRIALS,"""Maks"
INDUSTRIALS,"""Makse"
INDUSTRIALS,"""Maksy"
INDUSTRIALS,"""Mam"
INDUSTRIALS,"""Mamo"
INDUSTRIALS,"""Mamon"
INDUSTRIALS,"""Mar"
INDUSTRIALS,"""Mars"
INDUSTRIALS,"""Marsa"
INDUSTRIALS,"""Mas"
INDUSTRIALS,"""Mask"
INDUSTRIALS,"""Maski"
INDUSTRIALS,"""Me"
INDUSTRIALS,"""Met"
INDUSTRIALS,"""Meta"
INDUSTRIALS,"""Metal"
INDUSTRIALS,"""Mt"
INDUSTRIALS,"""Mtm"
INDUSTRIALS,"""Mtm-"
INDUSTRIALS,"""Mtm-K"
INDUSTRIALS,"""My"
INDUSTRIALS,"""Myk"
INDUSTRIALS,"""Myko"
INDUSTRIALS,"""Mykol"
INDUSTRIALS,"""NO"
INDUSTRIALS,"""NOK"
INDUSTRIALS,"""NOKS"
INDUSTRIALS,"""NOKSK"
INDUSTRIALS,"""NU"
INDUSTRIALS,"""NUT"
INDUSTRIALS,"""NUTR"
INDUSTRIALS,"""NUTRI"
INDUSTRIALS,"""Na"
INDUSTRIALS,"""Nau"
INDUSTRIALS,"""Nauk"
INDUSTRIALS,"""Nauko"
INDUSTRIALS,"""Ne"
INDUSTRIALS,"""Neh"
INDUSTRIALS,"""Neha"
INDUSTRIALS,"""Nehab"
INDUSTRIALS,"""OP"
INDUSTRIALS,"""OPT"
INDUSTRIALS,"""OPTI"
INDUSTRIALS,"""OPTIV"
INDUSTRIALS,"""OS"
INDUSTRIALS,"""PA"
INDUSTRIALS,"""PAR"
INDUSTRIALS,"""PARY"
INDUSTRIALS,"""PARYT"
INDUSTRIALS,"""PO"
INDUSTRIALS,"""POD"
INDUSTRIALS,"""PODI"
INDUSTRIALS,"""PODIL"
INDUSTRIALS,"""POL"
INDUSTRIALS,"""POLI"
INDUSTRIALS,"""POLIT"
INDUSTRIALS,"""POW"
INDUSTRIALS,"""POWE"
INDUSTRIALS,"""POWER"
INDUSTRIALS,"""PR"
INDUSTRIALS,"""PRO"
INDUSTRIALS,"""PROM"
INDUSTRIALS,"""PROMH"
INDUSTRIALS,"""PROMS"
INDUSTRIALS,"""Pa"
INDUSTRIALS,"""Pak"
INDUSTRIALS,"""Pakt"
INDUSTRIALS,"""Pakt"""
INDUSTRIALS,"""Pal"
INDUSTRIALS,"""Pali"
INDUSTRIALS,"""Palit"
INDUSTRIALS,"""Par"
INDUSTRIALS,"""Part"
INDUSTRIALS,"""Partn"
INDUSTRIALS,"""Pary"
INDUSTRIALS,"""Paryt"
INDUSTRIALS,"""Pe"
INDUSTRIALS,"""Pet"
INDUSTRIALS,"""Petr"
INDUSTRIALS,"""Petro"
INDUSTRIALS,"""Pi"
INDUSTRIALS,"""Piv"
INDUSTRIALS,"""Pivd"
INDUSTRIALS,"""Pivde"
INDUSTRIALS,"""Pl"
INDUSTRIALS,"""Pla"
INDUSTRIALS,"""Plat"
INDUSTRIALS,"""Plati"
INDUSTRIALS,"""Po"
INDUSTRIALS,"""Pol"
INDUSTRIALS,"""Pole"
INDUSTRIALS,"""Polet"
INDUSTRIALS,"""Pr"
INDUSTRIALS,"""Pro"
INDUSTRIALS,"""Prof"
INDUSTRIALS,"""Profi"
INDUSTRIALS,"""Proh"
INDUSTRIALS,"""Prohr"
INDUSTRIALS,"""Prom"
INDUSTRIALS,"""Promv"
INDUSTRIALS,"""Pry"
INDUSTRIALS,"""Pryk"
INDUSTRIALS,"""Pryka"
INDUSTRIALS,"""RE"
INDUSTRIALS,"""REK"
INDUSTRIALS,"""REKH"
INDUSTRIALS,"""REKHA"
INDUSTRIALS,"""Rd"
INDUSTRIALS,"""Rdo"
INDUSTRIALS,"""Re"
INDUSTRIALS,"""Rel"
INDUSTRIALS,"""Rela"
INDUSTRIALS,"""Relan"
INDUSTRIALS,"""Rem"
INDUSTRIALS,"""Ro"
INDUSTRIALS,"""Ros"
INDUSTRIALS,"""Rosu"
INDUSTRIALS,"""Rosuk"
INDUSTRIALS,"""Roz"
INDUSTRIALS,"""Rozm"
INDUSTRIALS,"""Rozma"
INDUSTRIALS,"""Rt"
INDUSTRIALS,"""Rtk"
INDUSTRIALS,"""Rtk"""
INDUSTRIALS,"""SA"
INDUSTRIALS,"""SAT"
INDUSTRIALS,"""SATS"
INDUSTRIALS,"""SATS-"
INDUSTRIALS,"""SO"
INDUSTRIALS,"""SOB"
INDUSTRIALS,"""SOBO"
INDUSTRIALS,"""SOBOT"
INDUSTRIALS,"""SP"
INDUSTRIALS,"""SPE"
INDUSTRIALS,"""SPET"
INDUSTRIALS,"""SPETS"
INDUSTRIALS,"""Sa"
INDUSTRIALS,"""Sam"
INDUSTRIALS,"""Samu"
INDUSTRIALS,"""Samur"
INDUSTRIALS,"""Se"
INDUSTRIALS,"""Sel"
INDUSTRIALS,"""Selt"
INDUSTRIALS,"""Selti"
INDUSTRIALS,"""Sk"
INDUSTRIALS,"""Skl"
INDUSTRIALS,"""Sklo"
INDUSTRIALS,"""Sklob"
INDUSTRIALS,"""Sklor"
INDUSTRIALS,"""So"
INDUSTRIALS,"""Soi"
INDUSTRIALS,"""Soit"
INDUSTRIALS,"""Soit"""
INDUSTRIALS,"""Sot"
INDUSTRIALS,"""Soto"
INDUSTRIALS,"""Soton"
INDUSTRIALS,"""Sp"
INDUSTRIALS,"""Spr"
INDUSTRIALS,"""Spre"
INDUSTRIALS,"""Sprei"
INDUSTRIALS,"""St"
INDUSTRIALS,"""Sta"
INDUSTRIALS,"""Stal"
INDUSTRIALS,"""Stalk"
INDUSTRIALS,"""Stan"
INDUSTRIALS,"""Stand"
INDUSTRIALS,"""Ste"
INDUSTRIALS,"""Step"
INDUSTRIALS,"""Stepo"
INDUSTRIALS,"""Str"
INDUSTRIALS,"""Stry"
INDUSTRIALS,"""Stryi"
INDUSTRIALS,"""Sts"
INDUSTRIALS,"""Sts-"
INDUSTRIALS,"""Sts-s"
INDUSTRIALS,"""Su"
INDUSTRIALS,"""Sup"
INDUSTRIALS,"""Supr"
INDUSTRIALS,"""Supra"
INDUSTRIALS,"""TE"
INDUSTRIALS,"""TEK"
INDUSTRIALS,"""TEKH"
INDUSTRIALS,"""TEKHN"
INDUSTRIALS,"""TEM"
INDUSTRIALS,"""TEMP"
INDUSTRIALS,"""TEMPU"
INDUSTRIALS,"""TEN"
INDUSTRIALS,"""TENN"
INDUSTRIALS,"""TENNE"
INDUSTRIALS,"""TO"
INDUSTRIALS,"""TOK"
INDUSTRIALS,"""TOK"""
INDUSTRIALS,"""TR"
INDUSTRIALS,"""TRA"
INDUSTRIALS,"""TRAN"
INDUSTRIALS,"""TRANS"
INDUSTRIALS,"""TS"
INDUSTRIALS,"""TSE"
INDUSTRIALS,"""TSEN"
INDUSTRIALS,"""TSENT"
INDUSTRIALS,"""Ta"
INDUSTRIALS,"""Tal"
INDUSTRIALS,"""Tali"
INDUSTRIALS,"""Talia"
INDUSTRIALS,"""Tan"
INDUSTRIALS,"""Tank"
INDUSTRIALS,"""Te"
INDUSTRIALS,"""Tep"
INDUSTRIALS,"""Ter"
INDUSTRIALS,"""Term"
INDUSTRIALS,"""Termi"
INDUSTRIALS,"""Termo"
INDUSTRIALS,"""Teu"
INDUSTRIALS,"""Teus"
INDUSTRIALS,"""Ti"
INDUSTRIALS,"""Tik"
INDUSTRIALS,"""Tike"
INDUSTRIALS,"""Tiket"
INDUSTRIALS,"""Tr"
INDUSTRIALS,"""Tra"
INDUSTRIALS,"""Tran"
INDUSTRIALS,"""Trans"
INDUSTRIALS,"""UK"
INDUSTRIALS,"""UKH"
INDUSTRIALS,"""UKHL"
INDUSTRIALS,"""UKHL-"
INDUSTRIALS,"""UKR"
INDUSTRIALS,"""UKRA"
INDUSTRIALS,"""UKRAI"
INDUSTRIALS,"""UKRT"
INDUSTRIALS,"""UKRTR"
INDUSTRIALS,"""UV"
INDUSTRIALS,"""UVK"
INDUSTRIALS,"""Uk"
INDUSTRIALS,"""Ukr"
INDUSTRIALS,"""Ukra"
INDUSTRIALS,"""Ukrah"
INDUSTRIALS,"""Ukrd"
INDUSTRIALS,"""Ukrdo"
INDUSTRIALS,"""Ukrf"
INDUSTRIALS,"""Ukrfa"
INDUSTRIALS,"""Ukrp"
INDUSTRIALS,"""Ukrpr"
INDUSTRIALS,"""Ukrz"
INDUSTRIALS,"""Ukrza"
INDUSTRIALS,"""Un"
INDUSTRIALS,"""Uni"
INDUSTRIALS,"""Univ"
INDUSTRIALS,"""Unive"
INDUSTRIALS,"""VP"
INDUSTRIALS,"""VPG"
INDUSTRIALS,"""VPG"""
INDUSTRIALS,"""Va"
INDUSTRIALS,"""Vap"
INDUSTRIALS,"""Vap-"
INDUSTRIALS,"""Vap-B"
INDUSTRIALS,"""Var"
INDUSTRIALS,"""Vari"
INDUSTRIALS,"""Varia"
INDUSTRIALS,"""Varm"
INDUSTRIALS,"""Varmb"
INDUSTRIALS,"""Vart"
INDUSTRIALS,"""Varti"
INDUSTRIALS,"""Vas"
INDUSTRIALS,"""Vask"
INDUSTRIALS,"""Vasko"
INDUSTRIALS,"""Ve"
INDUSTRIALS,"""Vel"
INDUSTRIALS,"""Velm"
INDUSTRIALS,"""Velma"
INDUSTRIALS,"""Ves"
INDUSTRIALS,"""Vest"
INDUSTRIALS,"""Vest-"
INDUSTRIALS,"""Vi"
INDUSTRIALS,"""Vic"
INDUSTRIALS,"""Vich"
INDUSTRIALS,"""Vichi"
INDUSTRIALS,"""Vir"
INDUSTRIALS,"""Virs"
INDUSTRIALS,"""Virs"""
INDUSTRIALS,"""Vis"
INDUSTRIALS,"""Vist"
INDUSTRIALS,"""Vo"
INDUSTRIALS,"""Vod"
INDUSTRIALS,"""Voda"
INDUSTRIALS,"""Vodal"
INDUSTRIALS,"""Vy"
INDUSTRIALS,"""Vyr"
INDUSTRIALS,"""Vyro"
INDUSTRIALS,"""Vyrob"
INDUSTRIALS,"""YU"
INDUSTRIALS,"""YUg"
INDUSTRIALS,"""YUge"
INDUSTRIALS,"""YUgev"
INDUSTRIALS,"""Yu"
INDUSTRIALS,"""Yun"
INDUSTRIALS,"""Yuni"
INDUSTRIALS,"""Yunis"
INDUSTRIALS,"""ZA"
INDUSTRIALS,"""ZAM"
INDUSTRIALS,"""ZAMM"
INDUSTRIALS,"""ZAMML"
INDUSTRIALS,"""ZH"
INDUSTRIALS,"""ZHy"
INDUSTRIALS,"""ZHyt"
INDUSTRIALS,"""ZHytl"
INDUSTRIALS,"""Za"
INDUSTRIALS,"""Zap"
INDUSTRIALS,"""Zapo"
INDUSTRIALS,"""Zapor"
INDUSTRIALS,"""Zh"
INDUSTRIALS,"""Zhy"
INDUSTRIALS,"""Zhyt"
INDUSTRIALS,"""Zhyto"
INDUSTRIALS,"""Zt"
INDUSTRIALS,"""Zte"
INDUSTRIALS,"""Ztep"
INDUSTRIALS,"""Ztep"""
INDUSTRIALS,"'""K"
INDUSTRIALS,"'""Ko"
INDUSTRIALS,"'""Kon"
INDUSTRIALS,"'""Kont"
INDUSTRIALS,''T
INDUSTRIALS,''Te
INDUSTRIALS,''Tek
INDUSTRIALS,''Tekh
INDUSTRIALS,'Ch
INDUSTRIALS,'Che
INDUSTRIALS,'Cher
INDUSTRIALS,'Cherk
INDUSTRIALS,'DE
INDUSTRIALS,'DEM
INDUSTRIALS,'DEMZ
INDUSTRIALS,'DEMZ-
INDUSTRIALS,'DN
INDUSTRIALS,'DNI
INDUSTRIALS,'DNIP
INDUSTRIALS,'DNIPR
INDUSTRIALS,'EU
INDUSTRIALS,'EU-
INDUSTRIALS,'EU-T
INDUSTRIALS,'EU-TR
INDUSTRIALS,'En
INDUSTRIALS,'Ene
INDUSTRIALS,'Ener
INDUSTRIALS,'Enerh
INDUSTRIALS,'Ev
INDUSTRIALS,'Evo
INDUSTRIALS,'Evol
INDUSTRIALS,'Evoli
INDUSTRIALS,'Lu
INDUSTRIALS,'Luh
INDUSTRIALS,'Luha
INDUSTRIALS,'Luhan
INDUSTRIALS,'Ly
INDUSTRIALS,'Lyv
INDUSTRIALS,'Lyva
INDUSTRIALS,'Lyvar
INDUSTRIALS,'ME
INDUSTRIALS,'MEL
INDUSTRIALS,'MELA
INDUSTRIALS,'MELAH
INDUSTRIALS,'Na
INDUSTRIALS,'Nad
INDUSTRIALS,'Nadi
INDUSTRIALS,'Nadiy
INDUSTRIALS,'OL
INDUSTRIALS,'OLE
INDUSTRIALS,'OLES
INDUSTRIALS,'OLESY
INDUSTRIALS,'PI
INDUSTRIALS,'PIV
INDUSTRIALS,'PIVD
INDUSTRIALS,'PIVDE
INDUSTRIALS,'PS
INDUSTRIALS,'PSO
INDUSTRIALS,'PSO'
INDUSTRIALS,'PSO'S
INDUSTRIALS,'Pr
INDUSTRIALS,'Pro
INDUSTRIALS,'Prom
INDUSTRIALS,'Promi
INDUSTRIALS,'Uk
INDUSTRIALS,'Ukr
INDUSTRIALS,'UkrD
INDUSTRIALS,'UkrDy
INDUSTRIALS,'VA
INDUSTRIALS,'VAM
INDUSTRIALS,'VAMP
INDUSTRIALS,'VAMPT
INDUSTRIALS,'VK
INDUSTRIALS,'VKP
INDUSTRIALS,'VKP'
INDUSTRIALS,'VKP'K
INDUSTRIALS,AIS
INDUSTRIALS,AISL
INDUSTRIALS,AISLA
INDUSTRIALS,AISLAH
INDUSTRIALS,ALM
INDUSTRIALS,ALMA
INDUSTRIALS,ALMAZ
INDUSTRIALS,ALMAZI
INDUSTRIALS,ARN
INDUSTRIALS,ARNI
INDUSTRIALS,AT'
INDUSTRIALS,AT'Z
INDUSTRIALS,AT'Za
INDUSTRIALS,AT'Zap
INDUSTRIALS,ATP
INDUSTRIALS,ATP-
INDUSTRIALS,ATP-1
INDUSTRIALS,ATP-11
INDUSTRIALS,AVT
INDUSTRIALS,AVTO
INDUSTRIALS,AVTOK
INDUSTRIALS,AVTOKO
INDUSTRIALS,AZO
INDUSTRIALS,AZOV
INDUSTRIALS,AZOVZ
INDUSTRIALS,AZOVZA
INDUSTRIALS,Ade
INDUSTRIALS,Adep
INDUSTRIALS,Adept
INDUSTRIALS,Ads
INDUSTRIALS,Agr
INDUSTRIALS,Agri
INDUSTRIALS,Agrim
INDUSTRIALS,Agrima
INDUSTRIALS,Agro
INDUSTRIALS,Agro-
INDUSTRIALS,Agro-T
INDUSTRIALS,Agros
INDUSTRIALS,Agrose
INDUSTRIALS,Agrot
INDUSTRIALS,Agrote
INDUSTRIALS,Ahr
INDUSTRIALS,Ahro
INDUSTRIALS,Ahrop
INDUSTRIALS,Ahropo
INDUSTRIALS,Ais
INDUSTRIALS,Aisl
INDUSTRIALS,Aisla
INDUSTRIALS,Aislag
INDUSTRIALS,Arm
INDUSTRIALS,Arma
INDUSTRIALS,Ask
INDUSTRIALS,Asko
INDUSTRIALS,Askom
INDUSTRIALS,Atl
INDUSTRIALS,Atla
INDUSTRIALS,Atlan
INDUSTRIALS,Atlant
INDUSTRIALS,Avt
INDUSTRIALS,Avto
INDUSTRIALS,Avto+
INDUSTRIALS,Avtok
INDUSTRIALS,Avtoko
INDUSTRIALS,Avtol
INDUSTRIALS,Avtole
INDUSTRIALS,Avtom
INDUSTRIALS,Avtoma
INDUSTRIALS,Avtos
INDUSTRIALS,Avtost
INDUSTRIALS,Avtot
INDUSTRIALS,Avtotr
INDUSTRIALS,Azo
INDUSTRIALS,Azov
INDUSTRIALS,Azovm
INDUSTRIALS,Azovma
INDUSTRIALS,BAH
INDUSTRIALS,BAHA
INDUSTRIALS,BAHAT
INDUSTRIALS,BAHATY
INDUSTRIALS,BEH
INDUSTRIALS,BEH-
INDUSTRIALS,BEH-T
INDUSTRIALS,BEH-TR
INDUSTRIALS,BLA
INDUSTRIALS,BLAG
INDUSTRIALS,BLAGO
INDUSTRIALS,BLAGOD
INDUSTRIALS,BOR
INDUSTRIALS,BORY
INDUSTRIALS,BORYS
INDUSTRIALS,BORYSP
INDUSTRIALS,BUD
INDUSTRIALS,BUDR
INDUSTRIALS,BUDRE
INDUSTRIALS,BUDREN
INDUSTRIALS,Bar
INDUSTRIALS,Barv
INDUSTRIALS,Barva
INDUSTRIALS,Barva-
INDUSTRIALS,Bez
INDUSTRIALS,Bezp
INDUSTRIALS,Bezpe
INDUSTRIALS,Bezpek
INDUSTRIALS,Bii
INDUSTRIALS,Biir
INDUSTRIALS,Bud
INDUSTRIALS,Budp
INDUSTRIALS,Budpo
INDUSTRIALS,Budpos
INDUSTRIALS,Bui
INDUSTRIALS,Buil
INDUSTRIALS,Build
INDUSTRIALS,Buildi
INDUSTRIALS,Cho
INDUSTRIALS,Chor
INDUSTRIALS,Chorn
INDUSTRIALS,Chorna
INDUSTRIALS,Cra
INDUSTRIALS,Craf
INDUSTRIALS,Craft
INDUSTRIALS,D.E
INDUSTRIALS,D.En
INDUSTRIALS,D.Ene
INDUSTRIALS,D.Ener
INDUSTRIALS,DAN
INDUSTRIALS,DANE
INDUSTRIALS,DANEI
INDUSTRIALS,DANEIA
INDUSTRIALS,DAU
INDUSTRIALS,DAUM
INDUSTRIALS,DEB
INDUSTRIALS,DEBP
INDUSTRIALS,DHM
INDUSTRIALS,DKS
INDUSTRIALS,DON
INDUSTRIALS,DONB
INDUSTRIALS,DONBA
INDUSTRIALS,DONBAS
INDUSTRIALS,DONE
INDUSTRIALS,DONEN
INDUSTRIALS,DONENE
INDUSTRIALS,DONS
INDUSTRIALS,DONSP
INDUSTRIALS,DONSPE
INDUSTRIALS,DONT
INDUSTRIALS,DONTE
INDUSTRIALS,DONTEK
INDUSTRIALS,DOR
INDUSTRIALS,DORS
INDUSTRIALS,DORST
INDUSTRIALS,DORSTR
INDUSTRIALS,Dem
INDUSTRIALS,Demz
INDUSTRIALS,Demz-
INDUSTRIALS,Demz-I
INDUSTRIALS,Dni
INDUSTRIALS,Dnip
INDUSTRIALS,Dnipr
INDUSTRIALS,Dniprd
INDUSTRIALS,Dnipro
INDUSTRIALS,Don
INDUSTRIALS,Donb
INDUSTRIALS,Donba
INDUSTRIALS,Donbas
INDUSTRIALS,Donk
INDUSTRIALS,Donke
INDUSTRIALS,Donker
INDUSTRIALS,Dum
INDUSTRIALS,Duma
INDUSTRIALS,Dzs
INDUSTRIALS,ECA
INDUSTRIALS,ECAB
INDUSTRIALS,ECABL
INDUSTRIALS,ECABLE
INDUSTRIALS,EDS
INDUSTRIALS,EDS-
INDUSTRIALS,EDS-P
INDUSTRIALS,EDS-Po
INDUSTRIALS,ELE
INDUSTRIALS,ELER
INDUSTRIALS,ELERO
INDUSTRIALS,ELERON
INDUSTRIALS,ENE
INDUSTRIALS,ENER
INDUSTRIALS,ENERL
INDUSTRIALS,ENERLA
INDUSTRIALS,ERU
INDUSTRIALS,Eko
INDUSTRIALS,Ekos
INDUSTRIALS,Ekoso
INDUSTRIALS,Ekosof
INDUSTRIALS,Ekr
INDUSTRIALS,Ekra
INDUSTRIALS,Ekran
INDUSTRIALS,Ele
INDUSTRIALS,Elek
INDUSTRIALS,Elekt
INDUSTRIALS,Elektr
INDUSTRIALS,Elm
INDUSTRIALS,Elmo
INDUSTRIALS,Elmon
INDUSTRIALS,Elmon-
INDUSTRIALS,Ene
INDUSTRIALS,Ener
INDUSTRIALS,Energ
INDUSTRIALS,Energe
INDUSTRIALS,Energo
INDUSTRIALS,Erz
INDUSTRIALS,Erzi
INDUSTRIALS,FIH
INDUSTRIALS,FIHE
INDUSTRIALS,FRE
INDUSTRIALS,FREH
INDUSTRIALS,FREHA
INDUSTRIALS,FREHAT
INDUSTRIALS,Fil
INDUSTRIALS,Fre
INDUSTRIALS,Fren
INDUSTRIALS,Frend
INDUSTRIALS,Frendt
INDUSTRIALS,GAL
INDUSTRIALS,GALA
INDUSTRIALS,GALA-
INDUSTRIALS,GALA-Y
INDUSTRIALS,HRA
INDUSTRIALS,HRAN
INDUSTRIALS,HRAND
INDUSTRIALS,HRANP
INDUSTRIALS,HRANPO
INDUSTRIALS,HRE
INDUSTRIALS,HREC
INDUSTRIALS,HRECO
INDUSTRIALS,HREK
INDUSTRIALS,HREKO
INDUSTRIALS,HRET
INDUSTRIALS,HRETC
INDUSTRIALS,HRETCH
INDUSTRIALS,Hal
INDUSTRIALS,Hala
INDUSTRIALS,Hala-
INDUSTRIALS,Hala-Y
INDUSTRIALS,Haz
INDUSTRIALS,Hazo
INDUSTRIALS,Hazov
INDUSTRIALS,Hazovy
INDUSTRIALS,Hazt
INDUSTRIALS,Haztr
INDUSTRIALS,Haztro
INDUSTRIALS,Hel
INDUSTRIALS,Heli
INDUSTRIALS,Helik
INDUSTRIALS,Helika
INDUSTRIALS,Hiu
INDUSTRIALS,Hiua
INDUSTRIALS,Hiual
INDUSTRIALS,Hiualo
INDUSTRIALS,Hol
INDUSTRIALS,Hold
INDUSTRIALS,Hold-
INDUSTRIALS,Hold-n
INDUSTRIALS,Hpl
INDUSTRIALS,IAN
INDUSTRIALS,IANT
INDUSTRIALS,IANTO
INDUSTRIALS,IANTOS
INDUSTRIALS,IAR
INDUSTRIALS,IARN
INDUSTRIALS,IARNA
INDUSTRIALS,IARNA-
INDUSTRIALS,INT
INDUSTRIALS,INTA
INDUSTRIALS,INTAC
INDUSTRIALS,INTACH
INDUSTRIALS,INTE
INDUSTRIALS,INTER
INDUSTRIALS,INTERN
INDUSTRIALS,IUN
INDUSTRIALS,IUNI
INDUSTRIALS,IUNIK
INDUSTRIALS,IUNIKO
INDUSTRIALS,IUT
INDUSTRIALS,IUTA
INDUSTRIALS,IUTAL
INDUSTRIALS,IUTAL-
INDUSTRIALS,IUZ
INDUSTRIALS,IUZH
INDUSTRIALS,IUZHE
INDUSTRIALS,IUZHEN
INDUSTRIALS,Ief
INDUSTRIALS,Ief-
INDUSTRIALS,Ief-P
INDUSTRIALS,Ief-Pl
INDUSTRIALS,Iev
INDUSTRIALS,Ievr
INDUSTRIALS,Ievro
INDUSTRIALS,Ievrop
INDUSTRIALS,Int
INDUSTRIALS,Inte
INDUSTRIALS,Inter
INDUSTRIALS,Interl
INDUSTRIALS,Interp
INDUSTRIALS,Iut
INDUSTRIALS,Iuta
INDUSTRIALS,Iutal
INDUSTRIALS,Iutal-
INDUSTRIALS,KAB
INDUSTRIALS,KABL
INDUSTRIALS,KABLE
INDUSTRIALS,KABLEK
INDUSTRIALS,KAN
INDUSTRIALS,KAN'
INDUSTRIALS,KAN'Y
INDUSTRIALS,KAN'YO
INDUSTRIALS,KAP
INDUSTRIALS,KAPM
INDUSTRIALS,KAPME
INDUSTRIALS,KAPMEN
INDUSTRIALS,KHA
INDUSTRIALS,KHAR
INDUSTRIALS,KHARK
INDUSTRIALS,KHARKI
INDUSTRIALS,KOM
INDUSTRIALS,KOMS
INDUSTRIALS,KOMSE
INDUSTRIALS,KOMSER
INDUSTRIALS,KVO
INDUSTRIALS,KVOR
INDUSTRIALS,KVORU
INDUSTRIALS,KVORUM
INDUSTRIALS,Kap
INDUSTRIALS,Kape
INDUSTRIALS,Kapel
INDUSTRIALS,Kapelo
INDUSTRIALS,Kon
INDUSTRIALS,Konk
INDUSTRIALS,Konko
INDUSTRIALS,Konkor
INDUSTRIALS,Kov
INDUSTRIALS,Kova
INDUSTRIALS,Koval
INDUSTRIALS,Kovalc
INDUSTRIALS,Kri
INDUSTRIALS,Kriu
INDUSTRIALS,Kriuk
INDUSTRIALS,Kriuki
INDUSTRIALS,Ksm
INDUSTRIALS,Ktl
INDUSTRIALS,Kvo
INDUSTRIALS,Kvor
INDUSTRIALS,Kvoru
INDUSTRIALS,Kvorum
INDUSTRIALS,LAM
INDUSTRIALS,LAMA
INDUSTRIALS,LAMAR
INDUSTRIALS,LAMART
INDUSTRIALS,LID
INDUSTRIALS,LIDE
INDUSTRIALS,LIDER
INDUSTRIALS,LOG
INDUSTRIALS,LOGI
INDUSTRIALS,LOGIS
INDUSTRIALS,LOGIST
INDUSTRIALS,LUB
INDUSTRIALS,LUBN
INDUSTRIALS,LUBNY
INDUSTRIALS,LUBNYM
INDUSTRIALS,LVI
INDUSTRIALS,LVIV
INDUSTRIALS,LVIVH
INDUSTRIALS,LVIVHA
INDUSTRIALS,Lem
INDUSTRIALS,Lemt
INDUSTRIALS,Lemtr
INDUSTRIALS,Lemtra
INDUSTRIALS,Lid
INDUSTRIALS,Lide
INDUSTRIALS,Lider
INDUSTRIALS,Lih
INDUSTRIALS,Liho
INDUSTRIALS,Lihob
INDUSTRIALS,Lihobu
INDUSTRIALS,Llm
INDUSTRIALS,Llmz
INDUSTRIALS,Lut
INDUSTRIALS,Luts
INDUSTRIALS,Lutsk
INDUSTRIALS,Lutsks
INDUSTRIALS,MAC
INDUSTRIALS,MACH
INDUSTRIALS,MACHA
INDUSTRIALS,MACHAU
INDUSTRIALS,MED
INDUSTRIALS,MEDY
INDUSTRIALS,MEDYN
INDUSTRIALS,MEDYNS
INDUSTRIALS,MET
INDUSTRIALS,META
INDUSTRIALS,METAL
INDUSTRIALS,METALU
INDUSTRIALS,MON
INDUSTRIALS,MONT
INDUSTRIALS,MONTA
INDUSTRIALS,MONTAZ
INDUSTRIALS,MOS
INDUSTRIALS,MOST
INDUSTRIALS,MOSTO
INDUSTRIALS,MOSTOB
INDUSTRIALS,MOT
INDUSTRIALS,MOTO
INDUSTRIALS,MOTO-
INDUSTRIALS,MOTO-T
INDUSTRIALS,Mak
INDUSTRIALS,Maks
INDUSTRIALS,Maksy
INDUSTRIALS,Maksym
INDUSTRIALS,Man
INDUSTRIALS,Mank
INDUSTRIALS,Manki
INDUSTRIALS,Mankiv
INDUSTRIALS,Mas
INDUSTRIALS,Mast
INDUSTRIALS,Maste
INDUSTRIALS,Master
INDUSTRIALS,Meh
INDUSTRIALS,Meha
INDUSTRIALS,Mehap
INDUSTRIALS,Mehapr
INDUSTRIALS,Mir
INDUSTRIALS,Miro
INDUSTRIALS,Miron
INDUSTRIALS,Mironi
INDUSTRIALS,Mri
INDUSTRIALS,Mrii
INDUSTRIALS,Mriia
INDUSTRIALS,NAF
INDUSTRIALS,NAFT
INDUSTRIALS,NAFTO
INDUSTRIALS,NAFTO-
INDUSTRIALS,NAV
INDUSTRIALS,NAVL
INDUSTRIALS,NAVLU
INDUSTRIALS,NAVLUK
INDUSTRIALS,NIK
INDUSTRIALS,NIKO
INDUSTRIALS,NIKOL
INDUSTRIALS,NIKOLA
INDUSTRIALS,NK-
INDUSTRIALS,NK-E
INDUSTRIALS,NK-EN
INDUSTRIALS,NK-ENE
INDUSTRIALS,NPF
INDUSTRIALS,Naf
INDUSTRIALS,Naft
INDUSTRIALS,Nafto
INDUSTRIALS,Nafto-
INDUSTRIALS,Neh
INDUSTRIALS,Neha
INDUSTRIALS,Nehab
INDUSTRIALS,Nehaba
INDUSTRIALS,Nik
INDUSTRIALS,Nikm
INDUSTRIALS,Nikma
INDUSTRIALS,Nikmas
INDUSTRIALS,Nov
INDUSTRIALS,Nova
INDUSTRIALS,Novo
INDUSTRIALS,Novol
INDUSTRIALS,Novolo
INDUSTRIALS,Novot
INDUSTRIALS,Novotr
INDUSTRIALS,OTI
INDUSTRIALS,OTIS
INDUSTRIALS,OVE
INDUSTRIALS,OVER
INDUSTRIALS,OVERT
INDUSTRIALS,OVERTR
INDUSTRIALS,Ost
INDUSTRIALS,Ost-
INDUSTRIALS,Ost-w
INDUSTRIALS,Ost-we
INDUSTRIALS,PAN
INDUSTRIALS,PANE
INDUSTRIALS,PANEL
INDUSTRIALS,PER
INDUSTRIALS,PERV
INDUSTRIALS,PERVO
INDUSTRIALS,PERVOM
INDUSTRIALS,PIV
INDUSTRIALS,PIVD
INDUSTRIALS,PIVDE
INDUSTRIALS,PIVDEN
INDUSTRIALS,POD
INDUSTRIALS,PODI
INDUSTRIALS,PODIL
INDUSTRIALS,PODILL
INDUSTRIALS,POR
INDUSTRIALS,PORT
INDUSTRIALS,PORT-
INDUSTRIALS,PORT-S
INDUSTRIALS,PPS
INDUSTRIALS,PPSO
INDUSTRIALS,PPSOL
INDUSTRIALS,PPSOLI
INDUSTRIALS,PRO
INDUSTRIALS,PROM
INDUSTRIALS,PROMS
INDUSTRIALS,PROMSN
INDUSTRIALS,Par
INDUSTRIALS,Part
INDUSTRIALS,PartW
INDUSTRIALS,PartWo
INDUSTRIALS,Pla
INDUSTRIALS,Plaz
INDUSTRIALS,Plazm
INDUSTRIALS,Plazma
INDUSTRIALS,Pol
INDUSTRIALS,Pole
INDUSTRIALS,Polet
INDUSTRIALS,Polete
INDUSTRIALS,Polt
INDUSTRIALS,Polte
INDUSTRIALS,Poltek
INDUSTRIALS,Pre
INDUSTRIALS,Prem
INDUSTRIALS,Prem'
INDUSTRIALS,Prem'e
INDUSTRIALS,Pro
INDUSTRIALS,Prom
INDUSTRIALS,Proma
INDUSTRIALS,Promav
INDUSTRIALS,Promo
INDUSTRIALS,Promou
INDUSTRIALS,Pru
INDUSTRIALS,Prus
INDUSTRIALS,Prush
INDUSTRIALS,Prushy
INDUSTRIALS,Riv
INDUSTRIALS,Rivn
INDUSTRIALS,Rivne
INDUSTRIALS,Rivnem
INDUSTRIALS,S-I
INDUSTRIALS,S-IN
INDUSTRIALS,S-ING
INDUSTRIALS,S-INGI
INDUSTRIALS,S-In
INDUSTRIALS,S-Ing
INDUSTRIALS,S-Ingi
INDUSTRIALS,SAN
INDUSTRIALS,SANO
INDUSTRIALS,SANOI
INDUSTRIALS,SANOIL
INDUSTRIALS,SCH
INDUSTRIALS,SCHW
INDUSTRIALS,SCHWA
INDUSTRIALS,SCHWAR
INDUSTRIALS,SHP
INDUSTRIALS,SHPA
INDUSTRIALS,SHPAK
INDUSTRIALS,SMP
INDUSTRIALS,SMP-
INDUSTRIALS,SMP-1
INDUSTRIALS,SMP-16
INDUSTRIALS,SVI
INDUSTRIALS,SVIT
INDUSTRIALS,SVITL
INDUSTRIALS,SVITLO
INDUSTRIALS,Sit
INDUSTRIALS,Sitk
INDUSTRIALS,Sitka
INDUSTRIALS,Sitka-
INDUSTRIALS,Sor
INDUSTRIALS,Sorh
INDUSTRIALS,Sorho
INDUSTRIALS,Spe
INDUSTRIALS,Spec
INDUSTRIALS,SpecM
INDUSTRIALS,SpecMo
INDUSTRIALS,Spet
INDUSTRIALS,Spets
INDUSTRIALS,Spetsg
INDUSTRIALS,Spi
INDUSTRIALS,Spil
INDUSTRIALS,Spil'
INDUSTRIALS,Spil'n
INDUSTRIALS,Sta
INDUSTRIALS,Stal
INDUSTRIALS,Stalk
INDUSTRIALS,Stalka
INDUSTRIALS,Ste
INDUSTRIALS,Stek
INDUSTRIALS,Stekl
INDUSTRIALS,Steklo
INDUSTRIALS,Steko
INDUSTRIALS,Sti
INDUSTRIALS,Stil
INDUSTRIALS,Stilm
INDUSTRIALS,Str
INDUSTRIALS,Stro
INDUSTRIALS,Stroi
INDUSTRIALS,Stroik
INDUSTRIALS,TDV
INDUSTRIALS,TDV'
INDUSTRIALS,TDV'T
INDUSTRIALS,TDV'Tr
INDUSTRIALS,TEK
INDUSTRIALS,TEKH
INDUSTRIALS,TEKHN
INDUSTRIALS,TEKHNO
INDUSTRIALS,TEL
INDUSTRIALS,TELE
INDUSTRIALS,TELEK
INDUSTRIALS,TELEKA
INDUSTRIALS,TEN
INDUSTRIALS,TENK
INDUSTRIALS,TENKI
INDUSTRIALS,TOP
INDUSTRIALS,TOPE
INDUSTRIALS,TOPEK
INDUSTRIALS,TOPEKS
INDUSTRIALS,TOV
INDUSTRIALS,"TOV"""
INDUSTRIALS,"TOV""A"
INDUSTRIALS,"TOV""Av"
INDUSTRIALS,"TOV""F"
INDUSTRIALS,"TOV""Fo"
INDUSTRIALS,"TOV""H"
INDUSTRIALS,"TOV""Hi"
INDUSTRIALS,"TOV""Z"
INDUSTRIALS,"TOV""ZH"
INDUSTRIALS,TRA
INDUSTRIALS,TRAN
INDUSTRIALS,TRANS
INDUSTRIALS,TRANSG
INDUSTRIALS,TZO
INDUSTRIALS,TZOV
INDUSTRIALS,"TZOV"""
INDUSTRIALS,"TZOV""R"
INDUSTRIALS,Tdp
INDUSTRIALS,Tdpa
INDUSTRIALS,Tdpar
INDUSTRIALS,Tdpart
INDUSTRIALS,Tek
INDUSTRIALS,Tekh
INDUSTRIALS,Tekhn
INDUSTRIALS,Tekhno
INDUSTRIALS,Tel
INDUSTRIALS,Tele
INDUSTRIALS,Telek
INDUSTRIALS,Teleka
INDUSTRIALS,Ter
INDUSTRIALS,Term
INDUSTRIALS,Termi
INDUSTRIALS,Termin
INDUSTRIALS,Termt
INDUSTRIALS,Termte
INDUSTRIALS,Tes
INDUSTRIALS,Tesl
INDUSTRIALS,Tesle
INDUSTRIALS,Teslen
INDUSTRIALS,Tet
INDUSTRIALS,Tetz
INDUSTRIALS,Tetz-
INDUSTRIALS,Tetz-I
INDUSTRIALS,Tmi
INDUSTRIALS,Tom
INDUSTRIALS,Toma
INDUSTRIALS,Tomas
INDUSTRIALS,Tomash
INDUSTRIALS,Tov
INDUSTRIALS,Tova
INDUSTRIALS,Tovar
INDUSTRIALS,Tovary
INDUSTRIALS,Tpk
INDUSTRIALS,Tra
INDUSTRIALS,Tran
INDUSTRIALS,Trans
INDUSTRIALS,Trans-
INDUSTRIALS,UKR
INDUSTRIALS,UKRA
INDUSTRIALS,UKRAV
INDUSTRIALS,UKRAVT
INDUSTRIALS,UKRB
INDUSTRIALS,UKRBU
INDUSTRIALS,UKRBUS
INDUSTRIALS,UKRL
INDUSTRIALS,UKRLO
INDUSTRIALS,UKRLOH
INDUSTRIALS,UKRS
INDUSTRIALS,UKRST
INDUSTRIALS,UKRSTR
INDUSTRIALS,UKRT
INDUSTRIALS,UKRTR
INDUSTRIALS,UKRTRA
INDUSTRIALS,UKRZ
INDUSTRIALS,UKRZA
INDUSTRIALS,UKRZAL
INDUSTRIALS,UPE
INDUSTRIALS,UPEK
INDUSTRIALS,USP
INDUSTRIALS,USPp
INDUSTRIALS,USPpr
INDUSTRIALS,USPpra
INDUSTRIALS,Ukh
INDUSTRIALS,Ukhl
INDUSTRIALS,Ukhl-
INDUSTRIALS,Ukhl-M
INDUSTRIALS,Ukr
INDUSTRIALS,Ukr-
INDUSTRIALS,Ukr-t
INDUSTRIALS,Ukr-te
INDUSTRIALS,Ukra
INDUSTRIALS,Ukrag
INDUSTRIALS,Ukragr
INDUSTRIALS,Ukrah
INDUSTRIALS,Ukrahr
INDUSTRIALS,Ukrai
INDUSTRIALS,Ukrain
INDUSTRIALS,Ukrp
INDUSTRIALS,Ukrpr
INDUSTRIALS,Ukrpro
INDUSTRIALS,Ukrz
INDUSTRIALS,Ukrza
INDUSTRIALS,Ukrzal
INDUSTRIALS,Umb
INDUSTRIALS,Umbh
INDUSTRIALS,Upg
INDUSTRIALS,Uss
INDUSTRIALS,VAR
INDUSTRIALS,VART
INDUSTRIALS,VARTI
INDUSTRIALS,VARTIS
INDUSTRIALS,VPT
INDUSTRIALS,VPTE
INDUSTRIALS,VPTEK
INDUSTRIALS,VPTEKH
INDUSTRIALS,Var
INDUSTRIALS,Vari
INDUSTRIALS,Varia
INDUSTRIALS,Varian
INDUSTRIALS,Vea
INDUSTRIALS,Veas
INDUSTRIALS,Veask
INDUSTRIALS,Vel
INDUSTRIALS,Velm
INDUSTRIALS,Velma
INDUSTRIALS,Velmas
INDUSTRIALS,Vels
INDUSTRIALS,Vfk
INDUSTRIALS,Vik
INDUSTRIALS,Viko
INDUSTRIALS,Vikol
INDUSTRIALS,Vikol-
INDUSTRIALS,Vin
INDUSTRIALS,Vint
INDUSTRIALS,Vinte
INDUSTRIALS,Vinter
INDUSTRIALS,Vir
INDUSTRIALS,Virm
INDUSTRIALS,Virma
INDUSTRIALS,Virma-
INDUSTRIALS,Vod
INDUSTRIALS,Vodo
INDUSTRIALS,Vodog
INDUSTRIALS,Vodogr
INDUSTRIALS,Vol
INDUSTRIALS,Volf
INDUSTRIALS,Voz
INDUSTRIALS,Vozr
INDUSTRIALS,Vozro
INDUSTRIALS,Vozrog
INDUSTRIALS,YAN
INDUSTRIALS,YANT
INDUSTRIALS,YANTO
INDUSTRIALS,YANTOS
INDUSTRIALS,YEV
INDUSTRIALS,YEVR
INDUSTRIALS,YEVRO
INDUSTRIALS,YEVRO-
INDUSTRIALS,Yev
INDUSTRIALS,Yevr
INDUSTRIALS,Yevro
INDUSTRIALS,Yevrov
INDUSTRIALS,ZAT
INDUSTRIALS,"ZAT"""
INDUSTRIALS,"ZAT""L"
INDUSTRIALS,"ZAT""LO"
INDUSTRIALS,ZER
INDUSTRIALS,ZERN
INDUSTRIALS,ZERNO
INDUSTRIALS,ZERNOT
INDUSTRIALS,Zap
INDUSTRIALS,Zapo
INDUSTRIALS,Zapor
INDUSTRIALS,Zapori
INDUSTRIALS,Zer
INDUSTRIALS,Zern
INDUSTRIALS,Zerno
INDUSTRIALS,Zernot
INDUSTRIALS,`AH
INDUSTRIALS,`AHR
INDUSTRIALS,`AHRO
INDUSTRIALS,`AHROT
INDUSTRIALS,`AM
INDUSTRIALS,`AMA
INDUSTRIALS,`AMAZ
INDUSTRIALS,`AMAZO
INDUSTRIALS,`Po
INDUSTRIALS,`Pol
INDUSTRIALS,`Pole
INDUSTRIALS,`Polet
INDUSTRIALS,ker
INDUSTRIALS,kera
INDUSTRIALS,keram
INDUSTRIALS,kerami
INDUSTRIALS,«No
INDUSTRIALS,«Nov
INDUSTRIALS,«Novo
INDUSTRIALS,«Novoh
INFORMATION TECHNOLOGY,"""El"
INFORMATION TECHNOLOGY,"""Elk"
INFORMATION TECHNOLOGY,"""Elko"
INFORMATION TECHNOLOGY,"""Ev"
INFORMATION TECHNOLOGY,"""Eve"
INFORMATION TECHNOLOGY,"""Ever"
INFORMATION TECHNOLOGY,"""Evere"
INFORMATION TECHNOLOGY,"""II"
INFORMATION TECHNOLOGY,"""IIT"
INFORMATION TECHNOLOGY,"""IIT"""
INFORMATION TECHNOLOGY,"""IIT""I"
INFORMATION TECHNOLOGY,"""Mo"
INFORMATION TECHNOLOGY,"""Mon"
INFORMATION TECHNOLOGY,"""Monb"
INFORMATION TECHNOLOGY,"""Monbl"
INFORMATION TECHNOLOGY,"""Mt"
INFORMATION TECHNOLOGY,"""Mti"
INFORMATION TECHNOLOGY,"""Mti-"
INFORMATION TECHNOLOGY,"""Mti-s"
INFORMATION TECHNOLOGY,"""Ne"
INFORMATION TECHNOLOGY,"""Net"
INFORMATION TECHNOLOGY,"""Netv"
INFORMATION TECHNOLOGY,"""Netve"
INFORMATION TECHNOLOGY,"""O."
INFORMATION TECHNOLOGY,"""O.T"
INFORMATION TECHNOLOGY,"""O.T."
INFORMATION TECHNOLOGY,"""O.T.S"
INFORMATION TECHNOLOGY,"""RE"
INFORMATION TECHNOLOGY,"""RED"
INFORMATION TECHNOLOGY,"""REDA"
INFORMATION TECHNOLOGY,"""REDA"""
INFORMATION TECHNOLOGY,"""Ro"
INFORMATION TECHNOLOGY,"""Rom"
INFORMATION TECHNOLOGY,"""Roms"
INFORMATION TECHNOLOGY,"""Romsa"
INFORMATION TECHNOLOGY,"""Sy"
INFORMATION TECHNOLOGY,"""Sym"
INFORMATION TECHNOLOGY,"""Symb"
INFORMATION TECHNOLOGY,"""Symby"
INFORMATION TECHNOLOGY,"""TS"
INFORMATION TECHNOLOGY,"""TSE"
INFORMATION TECHNOLOGY,"""TSEN"
INFORMATION TECHNOLOGY,"""TSENT"
INFORMATION TECHNOLOGY,"""Te"
INFORMATION TECHNOLOGY,"""Tem"
INFORMATION TECHNOLOGY,"""Teme"
INFORMATION TECHNOLOGY,"""Temen"
INFORMATION TECHNOLOGY,"""Tr"
INFORMATION TECHNOLOGY,"""Tra"
INFORMATION TECHNOLOGY,"""Tran"
INFORMATION TECHNOLOGY,"""Trans"
INFORMATION TECHNOLOGY,"""UA"
INFORMATION TECHNOLOGY,"""UAP"
INFORMATION TECHNOLOGY,"""UAPR"
INFORMATION TECHNOLOGY,"""UAPRO"
INFORMATION TECHNOLOGY,'Or
INFORMATION TECHNOLOGY,'Ory
INFORMATION TECHNOLOGY,'Oryz
INFORMATION TECHNOLOGY,'Oryzo
INFORMATION TECHNOLOGY,'SV
INFORMATION TECHNOLOGY,'SVE
INFORMATION TECHNOLOGY,'SVET
INFORMATION TECHNOLOGY,'SVETO
INFORMATION TECHNOLOGY,AVT
INFORMATION TECHNOLOGY,AVTO
INFORMATION TECHNOLOGY,AVTOR
INFORMATION TECHNOLOGY,Bra
INFORMATION TECHNOLOGY,Brav
INFORMATION TECHNOLOGY,Bravo
INFORMATION TECHNOLOGY,CRA
INFORMATION TECHNOLOGY,CRAY
INFORMATION TECHNOLOGY,CRAYO
INFORMATION TECHNOLOGY,CRAYON
INFORMATION TECHNOLOGY,DOK
INFORMATION TECHNOLOGY,DOKU
INFORMATION TECHNOLOGY,DOKUM
INFORMATION TECHNOLOGY,DOKUME
INFORMATION TECHNOLOGY,Erc
INFORMATION TECHNOLOGY,Eve
INFORMATION TECHNOLOGY,Ever
INFORMATION TECHNOLOGY,Evere
INFORMATION TECHNOLOGY,Everes
INFORMATION TECHNOLOGY,FAI
INFORMATION TECHNOLOGY,FAIR
INFORMATION TECHNOLOGY,FAIRO
INFORMATION TECHNOLOGY,FLA
INFORMATION TECHNOLOGY,FLAS
INFORMATION TECHNOLOGY,FLASH
INFORMATION TECHNOLOGY,FLASHC
INFORMATION TECHNOLOGY,Inf
INFORMATION TECHNOLOGY,Info
INFORMATION TECHNOLOGY,Infom
INFORMATION TECHNOLOGY,Infomy
INFORMATION TECHNOLOGY,Int
INFORMATION TECHNOLOGY,Inte
INFORMATION TECHNOLOGY,Intel
INFORMATION TECHNOLOGY,Intell
INFORMATION TECHNOLOGY,Ite
INFORMATION TECHNOLOGY,Itea
INFORMATION TECHNOLOGY,Iteal
INFORMATION TECHNOLOGY,Iteali
INFORMATION TECHNOLOGY,K-T
INFORMATION TECHNOLOGY,K-TR
INFORMATION TECHNOLOGY,K-TRA
INFORMATION TECHNOLOGY,K-TRAD
INFORMATION TECHNOLOGY,MIC
INFORMATION TECHNOLOGY,MICR
INFORMATION TECHNOLOGY,MICRO
INFORMATION TECHNOLOGY,MICROS
INFORMATION TECHNOLOGY,NAI
INFORMATION TECHNOLOGY,NAIS
INFORMATION TECHNOLOGY,NEO
INFORMATION TECHNOLOGY,NEO-
INFORMATION TECHNOLOGY,NEO-I
INFORMATION TECHNOLOGY,NEO-IT
INFORMATION TECHNOLOGY,Por
INFORMATION TECHNOLOGY,Port
INFORMATION TECHNOLOGY,Portm
INFORMATION TECHNOLOGY,Portmo
INFORMATION TECHNOLOGY,Rom
INFORMATION TECHNOLOGY,Roms
INFORMATION TECHNOLOGY,Romsa
INFORMATION TECHNOLOGY,Romsat
INFORMATION TECHNOLOGY,SOF
INFORMATION TECHNOLOGY,SOFT
INFORMATION TECHNOLOGY,SOFTP
INFORMATION TECHNOLOGY,SOFTPR
INFORMATION TECHNOLOGY,SVE
INFORMATION TECHNOLOGY,SVET
INFORMATION TECHNOLOGY,SVETO
INFORMATION TECHNOLOGY,SVETOL
INFORMATION TECHNOLOGY,Sim
INFORMATION TECHNOLOGY,Simb
INFORMATION TECHNOLOGY,Simbi
INFORMATION TECHNOLOGY,Simbia
INFORMATION TECHNOLOGY,Spa
INFORMATION TECHNOLOGY,Span
INFORMATION TECHNOLOGY,Svi
INFORMATION TECHNOLOGY,Svie
INFORMATION TECHNOLOGY,Sviet
INFORMATION TECHNOLOGY,Svieto
INFORMATION TECHNOLOGY,TOV
INFORMATION TECHNOLOGY,"TOV"""
INFORMATION TECHNOLOGY,"TOV""N"
INFORMATION TECHNOLOGY,"TOV""NE"
INFORMATION TECHNOLOGY,VIZ
INFORMATION TECHNOLOGY,VIZA
INFORMATION TECHNOLOGY,ZAK
INFORMATION TECHNOLOGY,ZAKU
INFORMATION TECHNOLOGY,ZAKUP
INFORMATION TECHNOLOGY,ZAKUPI
MATERIALS,""""""""
MATERIALS,""""""""""
MATERIALS,"""""""""O"
MATERIALS,"""""""""OS"
MATERIALS,"""""S"
MATERIALS,"""""Se"
MATERIALS,"""""Ser"
MATERIALS,"""""Serv"
MATERIALS,"""AD"
MATERIALS,"""ADE"
MATERIALS,"""ADER"
MATERIALS,"""AG"
MATERIALS,"""AGR"
MATERIALS,"""AGRO"
MATERIALS,"""AGROT"
MATERIALS,"""AL"
MATERIALS,"""AL-"
MATERIALS,"""AL-P"
MATERIALS,"""AL-PL"
MATERIALS,"""AR"
MATERIALS,"""ARM"
MATERIALS,"""ARME"
MATERIALS,"""ARMET"
MATERIALS,"""AV"
MATERIALS,"""AVG"
MATERIALS,"""AVGU"
MATERIALS,"""AVGUS"
MATERIALS,"""AZ"
MATERIALS,"""AZI"
MATERIALS,"""AZIM"
MATERIALS,"""AZIMU"
MATERIALS,"""Ad"
MATERIALS,"""Ada"
MATERIALS,"""Adam"
MATERIALS,"""Adama"
MATERIALS,"""Adl"
MATERIALS,"""Adle"
MATERIALS,"""Adler"
MATERIALS,"""Ag"
MATERIALS,"""Agr"
MATERIALS,"""Agro"
MATERIALS,"""Agror"
MATERIALS,"""Agros"
MATERIALS,"""Ah"
MATERIALS,"""Ahr"
MATERIALS,"""Ahri"
MATERIALS,"""Ahrii"
MATERIALS,"""Ahro"
MATERIALS,"""Ahrok"
MATERIALS,"""Ahrol"
MATERIALS,"""Ahrop"
MATERIALS,"""Ahror"
MATERIALS,"""Al"
MATERIALS,"""Ali"
MATERIALS,"""Aliu"
MATERIALS,"""Aliup"
MATERIALS,"""Ar"
MATERIALS,"""Arp"
MATERIALS,"""Arpy"
MATERIALS,"""Arpy-"
MATERIALS,"""Art"
MATERIALS,"""Arta"
MATERIALS,"""Arta-"
MATERIALS,"""BA"
MATERIALS,"""BAI"
MATERIALS,"""BAIY"
MATERIALS,"""BAIYe"
MATERIALS,"""BAU"
MATERIALS,"""BAUM"
MATERIALS,"""BAUMI"
MATERIALS,"""BE"
MATERIALS,"""BEK"
MATERIALS,"""BEKA"
MATERIALS,"""BEKAS"
MATERIALS,"""Bi"
MATERIALS,"""Bil"
MATERIALS,"""Bilo"
MATERIALS,"""Bilot"
MATERIALS,"""Bu"
MATERIALS,"""Bud"
MATERIALS,"""Bud-"
MATERIALS,"""Bud-P"
MATERIALS,"""Budi"
MATERIALS,"""Budin"
MATERIALS,"""Buds"
MATERIALS,"""Budsn"
MATERIALS,"""DP"
MATERIALS,"""DPA"
MATERIALS,"""DPA"""
MATERIALS,"""DU"
MATERIALS,"""DUN"
MATERIALS,"""DUNA"
MATERIALS,"""DUNAP"
MATERIALS,"""Da"
MATERIALS,"""Dam"
MATERIALS,"""Dama"
MATERIALS,"""Damar"
MATERIALS,"""De"
MATERIALS,"""Deb"
MATERIALS,"""Debi"
MATERIALS,"""Debiu"
MATERIALS,"""Dn"
MATERIALS,"""Dni"
MATERIALS,"""Dnip"
MATERIALS,"""Dnipr"
MATERIALS,"""Do"
MATERIALS,"""Dob"
MATERIALS,"""Dobr"
MATERIALS,"""Dobry"
MATERIALS,"""El"
MATERIALS,"""Eli"
MATERIALS,"""Elik"
MATERIALS,"""Eliks"
MATERIALS,"""Es"
MATERIALS,"""Esk"
MATERIALS,"""Eska"
MATERIALS,"""Eskal"
MATERIALS,"""Et"
MATERIALS,"""Eta"
MATERIALS,"""Etal"
MATERIALS,"""Etalo"
MATERIALS,"""Fa"
MATERIALS,"""Fav"
MATERIALS,"""Favo"
MATERIALS,"""Favor"
MATERIALS,"""Fe"
MATERIALS,"""Fel"
MATERIALS,"""Felm"
MATERIALS,"""Felmo"
MATERIALS,"""GA"
MATERIALS,"""GAL"
MATERIALS,"""GAL-"
MATERIALS,"""GAL-K"
MATERIALS,"""GR"
MATERIALS,"""GRE"
MATERIALS,"""GREE"
MATERIALS,"""GREEN"
MATERIALS,"""Gu"
MATERIALS,"""Gua"
MATERIALS,"""Gual"
MATERIALS,"""Guala"
MATERIALS,"""Ha"
MATERIALS,"""Hal"
MATERIALS,"""Halp"
MATERIALS,"""Halpa"
MATERIALS,"""Hr"
MATERIALS,"""Hra"
MATERIALS,"""Hran"
MATERIALS,"""Hrani"
MATERIALS,"""Hranp"
MATERIALS,"""Hras"
MATERIALS,"""Hrass"
MATERIALS,"""IU"
MATERIALS,"""IUN"
MATERIALS,"""IUNI"
MATERIALS,"""IUNIK"
MATERIALS,"""In"
MATERIALS,"""Int"
MATERIALS,"""Inte"
MATERIALS,"""Inter"
MATERIALS,"""Ir"
MATERIALS,"""Irr"
MATERIALS,"""Irri"
MATERIALS,"""Irrig"
MATERIALS,"""It"
MATERIALS,"""Ita"
MATERIALS,"""Itak"
MATERIALS,"""Itak"""
MATERIALS,"""Iv"
MATERIALS,"""Iva"
MATERIALS,"""Ivan"
MATERIALS,"""Ivano"
MATERIALS,"""Ivo"
MATERIALS,"""Ivo-"
MATERIALS,"""Ivo-k"
MATERIALS,"""KA"
MATERIALS,"""KAM"
MATERIALS,"""KAME"
MATERIALS,"""KAMET"
MATERIALS,"""KAR"
MATERIALS,"""KARP"
MATERIALS,"""KARPA"
MATERIALS,"""Ka"
MATERIALS,"""Kar"
MATERIALS,"""Kara"
MATERIALS,"""Karav"
MATERIALS,"""Ke"
MATERIALS,"""Ker"
MATERIALS,"""Kera"
MATERIALS,"""Keram"
MATERIALS,"""Kh"
MATERIALS,"""Kha"
MATERIALS,"""Khas"
MATERIALS,"""Khask"
MATERIALS,"""Khi"
MATERIALS,"""Khim"
MATERIALS,"""Khima"
MATERIALS,"""Khimt"
MATERIALS,"""Khm"
MATERIALS,"""Khme"
MATERIALS,"""Khmel"
MATERIALS,"""Ko"
MATERIALS,"""Kom"
MATERIALS,"""Koms"
MATERIALS,"""Komse"
MATERIALS,"""Kor"
MATERIALS,"""Korf"
MATERIALS,"""Korfa"
MATERIALS,"""Kos"
MATERIALS,"""Koso"
MATERIALS,"""Kosou"
MATERIALS,"""Kr"
MATERIALS,"""Kri"
MATERIALS,"""Krio"
MATERIALS,"""Krioh"
MATERIALS,"""Kry"
MATERIALS,"""Krym"
MATERIALS,"""Kryms"
MATERIALS,"""La"
MATERIALS,"""Lan"
MATERIALS,"""Lant"
MATERIALS,"""Lanta"
MATERIALS,"""Le"
MATERIALS,"""Led"
MATERIALS,"""Leda"
MATERIALS,"""Li"
MATERIALS,"""Lir"
MATERIALS,"""Lira"
MATERIALS,"""Lira"""
MATERIALS,"""Me"
MATERIALS,"""Met"
MATERIALS,"""Meta"
MATERIALS,"""Metal"
MATERIALS,"""Meti"
MATERIALS,"""Metin"
MATERIALS,"""Mi"
MATERIALS,"""Mik"
MATERIALS,"""Miks"
MATERIALS,"""Miks-"
MATERIALS,"""Mo"
MATERIALS,"""Mod"
MATERIALS,"""Mode"
MATERIALS,"""Moder"
MATERIALS,"""Mon"
MATERIALS,"""Mono"
MATERIALS,"""Monop"
MATERIALS,"""Mons"
MATERIALS,"""Monsa"
MATERIALS,"""NV"
MATERIALS,"""NVF"
MATERIALS,"""NVF"""
MATERIALS,"""NVF""I"
MATERIALS,"""Ne"
MATERIALS,"""Ner"
MATERIALS,"""Nert"
MATERIALS,"""Nertu"
MATERIALS,"""No"
MATERIALS,"""Nor"
MATERIALS,"""Nor-"
MATERIALS,"""Nor-e"
MATERIALS,"""Nu"
MATERIALS,"""Nuf"
MATERIALS,"""Nufa"
MATERIALS,"""Nufar"
MATERIALS,"""Num"
MATERIALS,"""Numi"
MATERIALS,"""Numin"
MATERIALS,"""Ob"
MATERIALS,"""Obi"
MATERIALS,"""Obio"
MATERIALS,"""Obio"""
MATERIALS,"""Op"
MATERIALS,"""Opt"
MATERIALS,"""Opti"
MATERIALS,"""Optim"
MATERIALS,"""Os"
MATERIALS,"""Ost"
MATERIALS,"""Oste"
MATERIALS,"""Oster"
MATERIALS,"""PR"
MATERIALS,"""PRO"
MATERIALS,"""PROF"
MATERIALS,"""PROFI"
MATERIALS,"""Pa"
MATERIALS,"""Par"
MATERIALS,"""Pari"
MATERIALS,"""Paril"
MATERIALS,"""Po"
MATERIALS,"""Pod"
MATERIALS,"""Podi"
MATERIALS,"""Podil"
MATERIALS,"""Pol"
MATERIALS,"""Pole"
MATERIALS,"""Poles"
MATERIALS,"""Poli"
MATERIALS,"""Polim"
MATERIALS,"""Polis"
MATERIALS,"""Pr"
MATERIALS,"""Pre"
MATERIALS,"""Pres"
MATERIALS,"""Pres-"
MATERIALS,"""Pro"
MATERIALS,"""Prom"
MATERIALS,"""Promz"
MATERIALS,"""Re"
MATERIALS,"""Rem"
MATERIALS,"""Rems"
MATERIALS,"""Rems-"
MATERIALS,"""Ri"
MATERIALS,"""Ria"
MATERIALS,"""Rian"
MATERIALS,"""Rian-"
MATERIALS,"""Rk"
MATERIALS,"""Rkt"
MATERIALS,"""Rkts"
MATERIALS,"""Rkts-"
MATERIALS,"""Ro"
MATERIALS,"""Rot"
MATERIALS,"""Roto"
MATERIALS,"""Rotof"
MATERIALS,"""Roz"
MATERIALS,"""Rozm"
MATERIALS,"""Rozma"
MATERIALS,"""Ru"
MATERIALS,"""Rus"
MATERIALS,"""Rusy"
MATERIALS,"""Rusyn"
MATERIALS,"""Ry"
MATERIALS,"""Ryz"
MATERIALS,"""Ryza"
MATERIALS,"""Ryzal"
MATERIALS,"""SY"
MATERIALS,"""SYN"
MATERIALS,"""SYNH"
MATERIALS,"""SYNHE"
MATERIALS,"""Se"
MATERIALS,"""Sen"
MATERIALS,"""Sena"
MATERIALS,"""Senat"
MATERIALS,"""Ser"
MATERIALS,"""Serv"
MATERIALS,"""Servi"
MATERIALS,"""Si"
MATERIALS,"""Sin"
MATERIALS,"""Sine"
MATERIALS,"""Siner"
MATERIALS,"""Sk"
MATERIALS,"""Skh"
MATERIALS,"""Skhi"
MATERIALS,"""Skhid"
MATERIALS,"""So"
MATERIALS,"""Sop"
MATERIALS,"""Sopr"
MATERIALS,"""Sopro"
MATERIALS,"""Sp"
MATERIALS,"""Spe"
MATERIALS,"""Spek"
MATERIALS,"""Spekt"
MATERIALS,"""Spet"
MATERIALS,"""Spets"
MATERIALS,"""Spi"
MATERIALS,"""Spil"
MATERIALS,"""Spil."
MATERIALS,"""St"
MATERIALS,"""Sta"
MATERIALS,"""Star"
MATERIALS,"""Staro"
MATERIALS,"""Su"
MATERIALS,"""Sub"
MATERIALS,"""Subo"
MATERIALS,"""Subos"
MATERIALS,"""TA"
MATERIALS,"""TAK"
MATERIALS,"""TAKT"
MATERIALS,"""TAKT"""
MATERIALS,"""TE"
MATERIALS,"""TEK"
MATERIALS,"""TEKH"
MATERIALS,"""TEKHN"
MATERIALS,"""TP"
MATERIALS,"""TPK"
MATERIALS,"""TPK-"
MATERIALS,"""TPK-P"
MATERIALS,"""Ta"
MATERIALS,"""Tah"
MATERIALS,"""Taho"
MATERIALS,"""Tak"
MATERIALS,"""Takt"
MATERIALS,"""Takt-"
MATERIALS,"""Tar"
MATERIALS,"""Tara"
MATERIALS,"""Tarap"
MATERIALS,"""Tb"
MATERIALS,"""Tbk"
MATERIALS,"""Tbk-"
MATERIALS,"""Tbk-l"
MATERIALS,"""Te"
MATERIALS,"""Tek"
MATERIALS,"""Tekh"
MATERIALS,"""Tekhe"
MATERIALS,"""Ter"
MATERIALS,"""Terr"
MATERIALS,"""Terra"
MATERIALS,"""To"
MATERIALS,"""Tor"
MATERIALS,"""Torh"
MATERIALS,"""Torht"
MATERIALS,"""Ts"
MATERIALS,"""Tsu"
MATERIALS,"""Tsun"
MATERIALS,"""Tsuna"
MATERIALS,"""UK"
MATERIALS,"""UKR"
MATERIALS,"""UKRA"
MATERIALS,"""UKRAH"
MATERIALS,"""Uk"
MATERIALS,"""Ukr"
MATERIALS,"""Ukr-"
MATERIALS,"""Ukr-p"
MATERIALS,"""Ukra"
MATERIALS,"""Ukrah"
MATERIALS,"""Ukrav"
MATERIALS,"""Ukrh"
MATERIALS,"""Ukrho"
MATERIALS,"""Ukrt"
MATERIALS,"""Ukrte"
MATERIALS,"""Un"
MATERIALS,"""Uni"
MATERIALS,"""Unib"
MATERIALS,"""Unibr"
MATERIALS,"""Unif"
MATERIALS,"""Unife"
MATERIALS,"""Unip"
MATERIALS,"""Unipl"
MATERIALS,"""VT"
MATERIALS,"""VTO"
MATERIALS,"""VTOR"
MATERIALS,"""VTORS"
MATERIALS,"""VTP"
MATERIALS,"""VTPK"
MATERIALS,"""VTPK"""
MATERIALS,"""Va"
MATERIALS,"""Vai"
MATERIALS,"""Vaid"
MATERIALS,"""Vaidm"
MATERIALS,"""Vi"
MATERIALS,"""Vin"
MATERIALS,"""Vinf"
MATERIALS,"""Vinfo"
MATERIALS,"""Vit"
MATERIALS,"""Vite"
MATERIALS,"""Viter"
MATERIALS,"""Vo"
MATERIALS,"""Vos"
MATERIALS,"""Voso"
MATERIALS,"""Vosor"
MATERIALS,"""WO"
MATERIALS,"""WOO"
MATERIALS,"""WOOD"
MATERIALS,"""WOOD-"
MATERIALS,"""YU"
MATERIALS,"""YUz"
MATERIALS,"""YUzh"
MATERIALS,"""YUzhs"
MATERIALS,"""Za"
MATERIALS,"""Zav"
MATERIALS,"""Zavo"
MATERIALS,"""Zavod"
MATERIALS,'Ah
MATERIALS,'Ahr
MATERIALS,'Ahro
MATERIALS,'AhroR
MATERIALS,'Di
MATERIALS,'Di-
MATERIALS,'Di-S
MATERIALS,'Di-St
MATERIALS,'KA
MATERIALS,'KAN
MATERIALS,'KAN'
MATERIALS,'ME
MATERIALS,'MET
MATERIALS,'META
MATERIALS,'METAL
MATERIALS,'MI
MATERIALS,'MIT
MATERIALS,'MITT
MATERIALS,'MITTA
MATERIALS,'Po
MATERIALS,'Pol
MATERIALS,'Poli
MATERIALS,'Polir
MATERIALS,'Ri
MATERIALS,'Riv
MATERIALS,'Rivn
MATERIALS,'Rivne
MATERIALS,'SV
MATERIALS,'SVE
MATERIALS,'SVET
MATERIALS,'SVETO
MATERIALS,'Su
MATERIALS,'Sum
MATERIALS,'Sumy
MATERIALS,'Sumy-
MATERIALS,'Te
MATERIALS,'Tek
MATERIALS,'Tekh
MATERIALS,'Tekhn
MATERIALS,'Tr
MATERIALS,'Tre
MATERIALS,'Trei
MATERIALS,'Treid
MATERIALS,'Yu
MATERIALS,'Yuv
MATERIALS,'Yuve
MATERIALS,'Yuven
MATERIALS,A.V
MATERIALS,A.V.
MATERIALS,A.V.T
MATERIALS,A.V.T.
MATERIALS,AGR
MATERIALS,AGRO
MATERIALS,AGROH
MATERIALS,AGROHI
MATERIALS,AHR
MATERIALS,AHRO
MATERIALS,AHROK
MATERIALS,AHROKH
MATERIALS,ALF
MATERIALS,ALFA
MATERIALS,ALFAI
MATERIALS,ALFAIN
MATERIALS,ALJ
MATERIALS,ALJA
MATERIALS,ALJAN
MATERIALS,ALJANS
MATERIALS,AZO
MATERIALS,AZOV
MATERIALS,AZOVS
MATERIALS,AZOVST
MATERIALS,Abs
MATERIALS,Abso
MATERIALS,Absol
MATERIALS,Absoli
MATERIALS,Adl
MATERIALS,Adle
MATERIALS,Adler
MATERIALS,Agr
MATERIALS,Agro
MATERIALS,Agroe
MATERIALS,Agroek
MATERIALS,Agroh
MATERIALS,Agrohi
MATERIALS,Agror
MATERIALS,Agroro
MATERIALS,Agros
MATERIALS,Agrose
MATERIALS,Ahe
MATERIALS,Ahen
MATERIALS,Ahens
MATERIALS,Ahenst
MATERIALS,Ahr
MATERIALS,Ahri
MATERIALS,Ahrin
MATERIALS,Ahrino
MATERIALS,Ahro
MATERIALS,Ahrok
MATERIALS,Ahrokh
MATERIALS,Ahrop
MATERIALS,Ahropa
MATERIALS,Ahror
MATERIALS,Ahrore
MATERIALS,Ahrot
MATERIALS,Ahrotr
MATERIALS,Al-
MATERIALS,Al-P
MATERIALS,Al-Pl
MATERIALS,Al-Pla
MATERIALS,Ali
MATERIALS,Alia
MATERIALS,Alian
MATERIALS,Alians
MATERIALS,Alv
MATERIALS,Alvi
MATERIALS,Alvig
MATERIALS,Alvigo
MATERIALS,Ark
MATERIALS,Arka
MATERIALS,Arkap
MATERIALS,Arkapl
MATERIALS,Ast
MATERIALS,Astr
MATERIALS,Astro
MATERIALS,Astron
MATERIALS,Ato
MATERIALS,Atol
MATERIALS,Atoll
MATERIALS,Aton
MATERIALS,B.V
MATERIALS,B.V.
MATERIALS,BAD
MATERIALS,BADV
MATERIALS,BADVA
MATERIALS,BADVAS
MATERIALS,BET
MATERIALS,BETO
MATERIALS,BETON
MATERIALS,BETONE
MATERIALS,BIO
MATERIALS,BIOC
MATERIALS,BIOCH
MATERIALS,BIOCHE
MATERIALS,BIOF
MATERIALS,BIOFE
MATERIALS,BIOFER
MATERIALS,BRU
MATERIALS,BRUK
MATERIALS,BRUKL
MATERIALS,BRUKLA
MATERIALS,Ber
MATERIALS,Bere
MATERIALS,Bereg
MATERIALS,Bet
MATERIALS,Beto
MATERIALS,Beton
MATERIALS,Betoni
MATERIALS,Biz
MATERIALS,Bizo
MATERIALS,Bizon
MATERIALS,Bud
MATERIALS,Budi
MATERIALS,Budin
MATERIALS,Budind
MATERIALS,Col
MATERIALS,Colo
MATERIALS,Color
MATERIALS,Colord
MATERIALS,DEB
MATERIALS,DEBI
MATERIALS,DEBIu
MATERIALS,DEBIuT
MATERIALS,Dch
MATERIALS,Deb
MATERIALS,Deby
MATERIALS,Debyu
MATERIALS,Debyut
MATERIALS,Dem
MATERIALS,Dema
MATERIALS,Demar
MATERIALS,Demark
MATERIALS,Dim
MATERIALS,Dime
MATERIALS,Dimek
MATERIALS,Dimeks
MATERIALS,Doc
MATERIALS,Doch
MATERIALS,Dochi
MATERIALS,Dochir
MATERIALS,Don
MATERIALS,Dona
MATERIALS,Done
MATERIALS,Donet
MATERIALS,Donets
MATERIALS,Dun
MATERIALS,Duna
MATERIALS,Dunap
MATERIALS,Dunapa
MATERIALS,ELO
MATERIALS,ELOP
MATERIALS,ELOPA
MATERIALS,ELOPAK
MATERIALS,Evr
MATERIALS,Evri
MATERIALS,Evrik
MATERIALS,Evrika
MATERIALS,FPF
MATERIALS,FPK
MATERIALS,FUR
MATERIALS,FURM
MATERIALS,FURMA
MATERIALS,FURMAN
MATERIALS,Fer
MATERIALS,Ferr
MATERIALS,Ferre
MATERIALS,Ferrex
MATERIALS,Gab
MATERIALS,Gabe
MATERIALS,Gaben
MATERIALS,Gal
MATERIALS,Gal-
MATERIALS,Gal-K
MATERIALS,Gal-Ka
MATERIALS,Gra
MATERIALS,Gran
MATERIALS,Grand
MATERIALS,Grand-
MATERIALS,HLO
MATERIALS,HLOB
MATERIALS,HLOBA
MATERIALS,HLOBAL
MATERIALS,Hal
MATERIALS,Hale
MATERIALS,Halea
MATERIALS,Halean
MATERIALS,Halp
MATERIALS,Halpa
MATERIALS,Halpak
MATERIALS,Hem
MATERIALS,Hemp
MATERIALS,Hempe
MATERIALS,Hempel
MATERIALS,Hlo
MATERIALS,Hlob
MATERIALS,Hlobu
MATERIALS,Hlobus
MATERIALS,Hom
MATERIALS,Homs
MATERIALS,Homst
MATERIALS,Homsti
MATERIALS,Hor
MATERIALS,Horo
MATERIALS,Horod
MATERIALS,Horodn
MATERIALS,INA
MATERIALS,INAH
MATERIALS,INAHR
MATERIALS,INAHRO
MATERIALS,IUN
MATERIALS,IUNI
MATERIALS,IUNIH
MATERIALS,IUNIHR
MATERIALS,Ift
MATERIALS,Ifts
MATERIALS,Iftse
MATERIALS,Iftsem
MATERIALS,InH
MATERIALS,InHZ
MATERIALS,InHZK
MATERIALS,Int
MATERIALS,Inte
MATERIALS,Inter
MATERIALS,Intern
MATERIALS,Irr
MATERIALS,Irri
MATERIALS,Irrih
MATERIALS,Irriha
MATERIALS,Iun
MATERIALS,Iuni
MATERIALS,Iunih
MATERIALS,Iunihr
MATERIALS,Iuv
MATERIALS,Iuvi
MATERIALS,Iuvis
MATERIALS,Iva
MATERIALS,Ivan
MATERIALS,Ivano
MATERIALS,Ivano-
MATERIALS,KRO
MATERIALS,KRON
MATERIALS,KRONO
MATERIALS,Kap
MATERIALS,Kapa
MATERIALS,Kapar
MATERIALS,Kaparo
MATERIALS,Kar
MATERIALS,Kara
MATERIALS,Karav
MATERIALS,Karava
MATERIALS,Karp
MATERIALS,Karpa
MATERIALS,Karpat
MATERIALS,Kep
MATERIALS,Kepa
MATERIALS,Kepar
MATERIALS,Kepara
MATERIALS,Kha
MATERIALS,Khar
MATERIALS,Khare
MATERIALS,Kharel
MATERIALS,Khas
MATERIALS,Khask
MATERIALS,Khm
MATERIALS,Khme
MATERIALS,Khmel
MATERIALS,Khmeln
MATERIALS,Kom
MATERIALS,Komp
MATERIALS,Kompa
MATERIALS,Kompan
MATERIALS,Koms
MATERIALS,Komse
MATERIALS,Komser
MATERIALS,Kro
MATERIALS,Krol
MATERIALS,Krole
MATERIALS,Krolev
MATERIALS,Kva
MATERIALS,Kvad
MATERIALS,Kvadr
MATERIALS,Kvadra
MATERIALS,L-T
MATERIALS,L-To
MATERIALS,L-Tow
MATERIALS,L-Town
MATERIALS,LAN
MATERIALS,LAND
MATERIALS,LANDO
MATERIALS,LANDOR
MATERIALS,LIV
MATERIALS,LIVI
MATERIALS,LIVIS
MATERIALS,Liv
MATERIALS,Livi
MATERIALS,Livis
MATERIALS,Lvi
MATERIALS,Lviv
MATERIALS,Lvivm
MATERIALS,Lvivme
MATERIALS,MAK
MATERIALS,MAKO
MATERIALS,MAKOS
MATERIALS,MAKOSH
MATERIALS,MAKR
MATERIALS,MAKRO
MATERIALS,MAKROK
MATERIALS,MEH
MATERIALS,MEHA
MATERIALS,MEHAT
MATERIALS,MEHATR
MATERIALS,MTM
MATERIALS,MTM-
MATERIALS,MTM-L
MATERIALS,MTM-LU
MATERIALS,Mal
MATERIALS,Maly
MATERIALS,Malyk
MATERIALS,Mar
MATERIALS,Marh
MATERIALS,Marho
MATERIALS,Mari
MATERIALS,Mariu
MATERIALS,Mariup
MATERIALS,Met
MATERIALS,Meti
MATERIALS,Metin
MATERIALS,Metinv
MATERIALS,NAU
MATERIALS,NAUK
MATERIALS,NAUKO
MATERIALS,NAUKOV
MATERIALS,Nor
MATERIALS,Nort
MATERIALS,Norte
MATERIALS,Nortek
MATERIALS,Olv
MATERIALS,Olvi
MATERIALS,Olvii
MATERIALS,Olviia
MATERIALS,Ost
MATERIALS,Oste
MATERIALS,Oster
MATERIALS,PLA
MATERIALS,PLAN
MATERIALS,PLANT
MATERIALS,PLANTA
MATERIALS,POL
MATERIALS,POLI
MATERIALS,POLIR
MATERIALS,POLIRE
MATERIALS,PRI
MATERIALS,PRIO
MATERIALS,PRIOR
MATERIALS,PRIORI
MATERIALS,PRO
MATERIALS,PROK
MATERIALS,PROKS
MATERIALS,PROKSI
MATERIALS,Per
MATERIALS,Pers
MATERIALS,Persp
MATERIALS,Perspe
MATERIALS,Pla
MATERIALS,Plas
MATERIALS,Plast
MATERIALS,Plastp
MATERIALS,Pol
MATERIALS,Pole
MATERIALS,Poles
MATERIALS,Polesa
MATERIALS,Poli
MATERIALS,Polik
MATERIALS,Polike
MATERIALS,Poliko
MATERIALS,Polir
MATERIALS,Polire
MATERIALS,Polt
MATERIALS,Polta
MATERIALS,Poltav
MATERIALS,Pos
MATERIALS,Post
MATERIALS,Posta
MATERIALS,Postac
MATERIALS,Ppi
MATERIALS,Ppid
MATERIALS,Ppidp
MATERIALS,Ppidpr
MATERIALS,Pro
MATERIALS,Prom
MATERIALS,Promm
MATERIALS,Promme
MATERIALS,Pry
MATERIALS,Pryv
MATERIALS,Pryva
MATERIALS,Pryvat
MATERIALS,REH
MATERIALS,REHE
MATERIALS,REHEN
MATERIALS,REHENT
MATERIALS,REM
MATERIALS,REMB
MATERIALS,REMBU
MATERIALS,REMBUD
MATERIALS,ROD
MATERIALS,RODN
MATERIALS,RODNY
MATERIALS,RODNYC
MATERIALS,RP-
MATERIALS,RP-G
MATERIALS,RP-Gr
MATERIALS,RP-Gro
MATERIALS,RP-H
MATERIALS,RP-HR
MATERIALS,RP-HRU
MATERIALS,RUD
MATERIALS,RUDO
MATERIALS,RUDOM
MATERIALS,RUDOMA
MATERIALS,Ras
MATERIALS,Rash
MATERIALS,Ron
MATERIALS,Rona
MATERIALS,Rond
MATERIALS,Rondo
MATERIALS,Rot
MATERIALS,Roto
MATERIALS,Rotof
MATERIALS,Rotofl
MATERIALS,SOB
MATERIALS,SOBR
MATERIALS,SOBRA
MATERIALS,SOBRAN
MATERIALS,SOI
MATERIALS,SOIu
MATERIALS,SOIuZ
MATERIALS,SOIuZ-
MATERIALS,SOL
MATERIALS,SOLA
MATERIALS,SOLAN
MATERIALS,SOLANT
MATERIALS,SPA
MATERIALS,SPAI
MATERIALS,SPAIK
MATERIALS,Sed
MATERIALS,Sedn
MATERIALS,Sedna
MATERIALS,Ser
MATERIALS,Seri
MATERIALS,Serin
MATERIALS,Serv
MATERIALS,Servi
MATERIALS,Servis
MATERIALS,Sio
MATERIALS,Siol
MATERIALS,Sob
MATERIALS,Sobr
MATERIALS,Sobra
MATERIALS,Sobran
MATERIALS,Sol
MATERIALS,Sold
MATERIALS,Soldi
MATERIALS,Solw
MATERIALS,Solwa
MATERIALS,Solway
MATERIALS,Spe
MATERIALS,Spet
MATERIALS,Spets
MATERIALS,Spetst
MATERIALS,Sta
MATERIALS,Stai
MATERIALS,Stail
MATERIALS,Stail-
MATERIALS,Stan
MATERIALS,Stand
MATERIALS,Standa
MATERIALS,Sub
MATERIALS,Subo
MATERIALS,Subos
MATERIALS,Sum
MATERIALS,Sumy
MATERIALS,Sumyk
MATERIALS,Sumykh
MATERIALS,Svi
MATERIALS,Svit
MATERIALS,Svitl
MATERIALS,Svitlo
MATERIALS,TAS
MATERIALS,TASM
MATERIALS,TASMA
MATERIALS,TASMAN
MATERIALS,TAT
MATERIALS,TATR
MATERIALS,TATRA
MATERIALS,TATRAF
MATERIALS,TER
MATERIALS,TERM
MATERIALS,TERMO
MATERIALS,TERMOF
MATERIALS,TIO
MATERIALS,TIOP
MATERIALS,TIOPO
MATERIALS,TIOPOL
MATERIALS,TOV
MATERIALS,"TOV"""
MATERIALS,"TOV""D"
MATERIALS,"TOV""DE"
MATERIALS,"TOV""S"
MATERIALS,"TOV""SA"
MATERIALS,TOV'
MATERIALS,TOV'P
MATERIALS,TOV'PI
MATERIALS,TOVB
MATERIALS,TOVBI
MATERIALS,TOVBIU
MATERIALS,TOVM
MATERIALS,TOVM-
MATERIALS,TOVM-K
MATERIALS,TOVU
MATERIALS,TOVUK
MATERIALS,TOVUKR
MATERIALS,Tak
MATERIALS,Takt
MATERIALS,Tdt
MATERIALS,Tdte
MATERIALS,Tdtek
MATERIALS,Tdtekh
MATERIALS,Tek
MATERIALS,Tekh
MATERIALS,Tekhn
MATERIALS,Tekhno
MATERIALS,Ter
MATERIALS,Term
MATERIALS,Termi
MATERIALS,Termin
MATERIALS,Tor
MATERIALS,Torh
MATERIALS,Torht
MATERIALS,Torhte
MATERIALS,TsH
MATERIALS,TsHZ
MATERIALS,TsHZK
MATERIALS,UKR
MATERIALS,UKRT
MATERIALS,UKRTE
MATERIALS,UKRTEK
MATERIALS,Ukr
MATERIALS,Ukra
MATERIALS,Ukrah
MATERIALS,Ukrahr
MATERIALS,Ukrav
MATERIALS,Ukravi
MATERIALS,Ukrp
MATERIALS,Ukrpl
MATERIALS,Ukrpla
MATERIALS,Ukrpo
MATERIALS,Ukrpol
MATERIALS,Uni
MATERIALS,Unig
MATERIALS,Unigr
MATERIALS,Unigra
MATERIALS,Unip
MATERIALS,Unipl
MATERIALS,Uniply
MATERIALS,Univ
MATERIALS,Unive
MATERIALS,Unives
MATERIALS,VAL
MATERIALS,VALk
MATERIALS,VALko
MATERIALS,VALkom
MATERIALS,VAM
MATERIALS,VAMP
MATERIALS,Val
MATERIALS,Valk
MATERIALS,Valko
MATERIALS,Valkom
MATERIALS,Vid
MATERIALS,Vidz
MATERIALS,Vidze
MATERIALS,Vidzev
MATERIALS,Vik
MATERIALS,Vika
MATERIALS,Vikan
MATERIALS,Vikant
MATERIALS,Vin
MATERIALS,Vinn
MATERIALS,Vinny
MATERIALS,Vinnyt
MATERIALS,Vir
MATERIALS,Virs
MATERIALS,Vis
MATERIALS,Vist
MATERIALS,Vod
MATERIALS,Voda
MATERIALS,Vodal
MATERIALS,Vodala
MATERIALS,Vyr
MATERIALS,Vyro
MATERIALS,Vyrob
MATERIALS,Vyrobn
MATERIALS,YAR
MATERIALS,YARY
MATERIALS,YARYL
MATERIALS,YARYLO
MATERIALS,Yam
MATERIALS,Yamp
MATERIALS,Yampi
MATERIALS,Yampil
MATERIALS,Yer
MATERIALS,Yeri
MATERIALS,Yeris
MATERIALS,Yerist
MATERIALS,Yus
MATERIALS,Yusu
MATERIALS,Yusub
MATERIALS,Yusubo
MATERIALS,ZER
MATERIALS,ZERN
MATERIALS,ZERNO
MATERIALS,ZERNOV
MATERIALS,Zak
MATERIALS,Zakh
MATERIALS,Zakhi
MATERIALS,Zakhid
MATERIALS,Zip
NOT RELEVANT,"""""A"
NOT RELEVANT,"""""AG"
NOT RELEVANT,"""""AGR"
NOT RELEVANT,"""""AGRO"
NOT RELEVANT,"""AH"
NOT RELEVANT,"""AHR"
NOT RELEVANT,"""AHRO"
NOT RELEVANT,"""AHRO-"
NOT RELEVANT,"""AHROS"
NOT RELEVANT,"""AK"
NOT RELEVANT,"""AK-"
NOT RELEVANT,"""AK-T"
NOT RELEVANT,"""AK-TR"
NOT RELEVANT,"""Ah"
NOT RELEVANT,"""Ahr"
NOT RELEVANT,"""Ahro"
NOT RELEVANT,"""Ahro-"
NOT RELEVANT,"""Al"
NOT RELEVANT,"""Alm"
NOT RELEVANT,"""Alma"
NOT RELEVANT,"""Almaz"
NOT RELEVANT,"""Am"
NOT RELEVANT,"""Ama"
NOT RELEVANT,"""Amak"
NOT RELEVANT,"""Amako"
NOT RELEVANT,"""Bi"
NOT RELEVANT,"""Biz"
NOT RELEVANT,"""Bizn"
NOT RELEVANT,"""Bizne"
NOT RELEVANT,"""Bu"
NOT RELEVANT,"""Bud"
NOT RELEVANT,"""Budt"
NOT RELEVANT,"""Budte"
NOT RELEVANT,"""CH"
NOT RELEVANT,"""CHE"
NOT RELEVANT,"""CHEL"
NOT RELEVANT,"""CHELK"
NOT RELEVANT,"""DI"
NOT RELEVANT,"""DIO"
NOT RELEVANT,"""DIOL"
NOT RELEVANT,"""DIOL"""
NOT RELEVANT,"""DO"
NOT RELEVANT,"""DOR"
NOT RELEVANT,"""DORS"
NOT RELEVANT,"""DORST"
NOT RELEVANT,"""DOn"
NOT RELEVANT,"""DOnt"
NOT RELEVANT,"""DOnts"
NOT RELEVANT,"""Da"
NOT RELEVANT,"""Dal"
NOT RELEVANT,"""Dale"
NOT RELEVANT,"""Dalek"
NOT RELEVANT,"""Do"
NOT RELEVANT,"""Don"
NOT RELEVANT,"""Done"
NOT RELEVANT,"""Donet"
NOT RELEVANT,"""EN"
NOT RELEVANT,"""ENL"
NOT RELEVANT,"""ENLI"
NOT RELEVANT,"""ENLIL"
NOT RELEVANT,"""ES"
NOT RELEVANT,"""ESK"
NOT RELEVANT,"""ESKO"
NOT RELEVANT,"""ESKO-"
NOT RELEVANT,"""EV"
NOT RELEVANT,"""EVR"
NOT RELEVANT,"""EVRO"
NOT RELEVANT,"""EVROT"
NOT RELEVANT,"""Ek"
NOT RELEVANT,"""Eko"
NOT RELEVANT,"""Ekol"
NOT RELEVANT,"""Ekolo"
NOT RELEVANT,"""Er"
NOT RELEVANT,"""Erg"
NOT RELEVANT,"""Ergo"
NOT RELEVANT,"""Ergop"
NOT RELEVANT,"""Es"
NOT RELEVANT,"""Esm"
NOT RELEVANT,"""Esma"
NOT RELEVANT,"""Esma"""
NOT RELEVANT,"""Fi"
NOT RELEVANT,"""Fir"
NOT RELEVANT,"""Firm"
NOT RELEVANT,"""Firma"
NOT RELEVANT,"""HA"
NOT RELEVANT,"""HAR"
NOT RELEVANT,"""HARA"
NOT RELEVANT,"""HARAZ"
NOT RELEVANT,"""IN"
NOT RELEVANT,"""INT"
NOT RELEVANT,"""INT-"
NOT RELEVANT,"""INT-A"
NOT RELEVANT,"""INTU"
NOT RELEVANT,"""INTUR"
NOT RELEVANT,"""INV"
NOT RELEVANT,"""INVE"
NOT RELEVANT,"""INVES"
NOT RELEVANT,"""In"
NOT RELEVANT,"""Int"
NOT RELEVANT,"""Inte"
NOT RELEVANT,"""Inteh"
NOT RELEVANT,"""Inter"
NOT RELEVANT,"""Is"
NOT RELEVANT,"""Isi"
NOT RELEVANT,"""Isid"
NOT RELEVANT,"""Isida"
NOT RELEVANT,"""KR"
NOT RELEVANT,"""KRY"
NOT RELEVANT,"""KRYM"
NOT RELEVANT,"""KRYMK"
NOT RELEVANT,"""Ka"
NOT RELEVANT,"""Kai"
NOT RELEVANT,"""Kair"
NOT RELEVANT,"""Kair-"
NOT RELEVANT,"""Kh"
NOT RELEVANT,"""Kha"
NOT RELEVANT,"""Khar"
NOT RELEVANT,"""Khark"
NOT RELEVANT,"""Khl"
NOT RELEVANT,"""Khli"
NOT RELEVANT,"""Khlie"
NOT RELEVANT,"""Ma"
NOT RELEVANT,"""Man"
NOT RELEVANT,"""Mane"
NOT RELEVANT,"""Manev"
NOT RELEVANT,"""Mar"
NOT RELEVANT,"""Mari"
NOT RELEVANT,"""Mariu"
NOT RELEVANT,"""Mi"
NOT RELEVANT,"""Mis"
NOT RELEVANT,"""Mis"""
NOT RELEVANT,"""NA"
NOT RELEVANT,"""NAF"
NOT RELEVANT,"""NAFT"
NOT RELEVANT,"""NAFTO"
NOT RELEVANT,"""NP"
NOT RELEVANT,"""NPP"
NOT RELEVANT,"""NPP"""
NOT RELEVANT,"""NPP""K"
NOT RELEVANT,"""NT"
NOT RELEVANT,"""NTD"
NOT RELEVANT,"""NTD-"
NOT RELEVANT,"""NTD-U"
NOT RELEVANT,"""No"
NOT RELEVANT,"""Nov"
NOT RELEVANT,"""Nova"
NOT RELEVANT,"""Novas"
NOT RELEVANT,"""Nu"
NOT RELEVANT,"""Nur"
NOT RELEVANT,"""Nur-"
NOT RELEVANT,"""Nur-A"
NOT RELEVANT,"""OL"
NOT RELEVANT,"""OL'"
NOT RELEVANT,"""OL'G"
NOT RELEVANT,"""OL'GA"
NOT RELEVANT,"""PA"
NOT RELEVANT,"""PAR"
NOT RELEVANT,"""PART"
NOT RELEVANT,"""PARTN"
NOT RELEVANT,"""PE"
NOT RELEVANT,"""PER"
NOT RELEVANT,"""PERE"
NOT RELEVANT,"""PEREM"
NOT RELEVANT,"""PERL"
NOT RELEVANT,"""PERLA"
NOT RELEVANT,"""Po"
NOT RELEVANT,"""Pol"
NOT RELEVANT,"""Polt"
NOT RELEVANT,"""Polta"
NOT RELEVANT,"""SE"
NOT RELEVANT,"""SER"
NOT RELEVANT,"""SERE"
NOT RELEVANT,"""SERES"
NOT RELEVANT,"""SEV"
NOT RELEVANT,"""SEVP"
NOT RELEVANT,"""SEVPR"
NOT RELEVANT,"""SO"
NOT RELEVANT,"""SOT"
NOT RELEVANT,"""SOTS"
NOT RELEVANT,"""SOTSI"
NOT RELEVANT,"""SP"
NOT RELEVANT,"""SPE"
NOT RELEVANT,"""SPET"
NOT RELEVANT,"""SPETS"
NOT RELEVANT,"""ST"
NOT RELEVANT,"""STD"
NOT RELEVANT,"""STD-"
NOT RELEVANT,"""STD-T"
NOT RELEVANT,"""STO"
NOT RELEVANT,"""STOM"
NOT RELEVANT,"""STOMA"
NOT RELEVANT,"""Sh"
NOT RELEVANT,"""Shl"
NOT RELEVANT,"""ShlL"
NOT RELEVANT,"""ShlLa"
NOT RELEVANT,"""Sho"
NOT RELEVANT,"""Shos"
NOT RELEVANT,"""Shost"
NOT RELEVANT,"""Si"
NOT RELEVANT,"""Sin"
NOT RELEVANT,"""Sink"
NOT RELEVANT,"""Sinko"
NOT RELEVANT,"""TR"
NOT RELEVANT,"""TRA"
NOT RELEVANT,"""TRAN"
NOT RELEVANT,"""TRANS"
NOT RELEVANT,"""TS"
NOT RELEVANT,"""TSU"
NOT RELEVANT,"""TSUK"
NOT RELEVANT,"""TSUKR"
NOT RELEVANT,"""Te"
NOT RELEVANT,"""Tek"
NOT RELEVANT,"""Tekh"
NOT RELEVANT,"""Tekhn"
NOT RELEVANT,"""Ter"
NOT RELEVANT,"""Tern"
NOT RELEVANT,"""Terno"
NOT RELEVANT,"""To"
NOT RELEVANT,"""Tor"
NOT RELEVANT,"""Torp"
NOT RELEVANT,"""Torpa"
NOT RELEVANT,"""UK"
NOT RELEVANT,"""UKR"
NOT RELEVANT,"""UKR-"
NOT RELEVANT,"""UKR-T"
NOT RELEVANT,"""UKRT"
NOT RELEVANT,"""UKRTS"
NOT RELEVANT,"""UT"
NOT RELEVANT,"""UTN"
NOT RELEVANT,"""UTN-"
NOT RELEVANT,"""UTN-V"
NOT RELEVANT,"""Uk"
NOT RELEVANT,"""Ukr"
NOT RELEVANT,"""Ukr-"
NOT RELEVANT,"""Ukr-A"
NOT RELEVANT,"""Ukr-N"
NOT RELEVANT,"""Ukrk"
NOT RELEVANT,"""Ukrku"
NOT RELEVANT,"""Ukro"
NOT RELEVANT,"""Ukrop"
NOT RELEVANT,"""Um"
NOT RELEVANT,"""Uma"
NOT RELEVANT,"""Uman"
NOT RELEVANT,"""Umanp"
NOT RELEVANT,"""VN"
NOT RELEVANT,"""VND"
NOT RELEVANT,"""VNDI"
NOT RELEVANT,"""VNDIA"
NOT RELEVANT,"""VO"
NOT RELEVANT,"""VO-"
NOT RELEVANT,"""VO-S"
NOT RELEVANT,"""VO-ST"
NOT RELEVANT,"""VOD"
NOT RELEVANT,"""VODO"
NOT RELEVANT,"""VODOL"
NOT RELEVANT,"""ZN"
NOT RELEVANT,"""ZNA"
NOT RELEVANT,"""ZNAT"
NOT RELEVANT,"""ZNATA"
NOT RELEVANT,"""Zo"
NOT RELEVANT,"""Zod"
NOT RELEVANT,"""Zodi"
NOT RELEVANT,"""Zodia"
NOT RELEVANT,'AL
NOT RELEVANT,'ALF
NOT RELEVANT,'ALFA
NOT RELEVANT,'ALFA-
NOT RELEVANT,'ALT
NOT RELEVANT,'ALTs
NOT RELEVANT,'ALTsE
NOT RELEVANT,'AT
NOT RELEVANT,'ATS
NOT RELEVANT,'ATS'
NOT RELEVANT,'AV
NOT RELEVANT,'AVT
NOT RELEVANT,'AVTO
NOT RELEVANT,'AVTOT
NOT RELEVANT,'Ah
NOT RELEVANT,'Ahr
NOT RELEVANT,'Ahro
NOT RELEVANT,'Ahrok
NOT RELEVANT,'Am
NOT RELEVANT,'Ama
NOT RELEVANT,'Amal
NOT RELEVANT,'Amalt
NOT RELEVANT,'As
NOT RELEVANT,'Ast
NOT RELEVANT,'Aste
NOT RELEVANT,'Aster
NOT RELEVANT,'Av
NOT RELEVANT,'Avi
NOT RELEVANT,'Avik
NOT RELEVANT,'Aviko
NOT RELEVANT,'BU
NOT RELEVANT,'BUD
NOT RELEVANT,'BUDP
NOT RELEVANT,'BUDPA
NOT RELEVANT,'Bo
NOT RELEVANT,'Bor
NOT RELEVANT,'Bors
NOT RELEVANT,'Borsh
NOT RELEVANT,'Ch
NOT RELEVANT,'ChO
NOT RELEVANT,'ChOR
NOT RELEVANT,'ChORT
NOT RELEVANT,'DE
NOT RELEVANT,'DEM
NOT RELEVANT,'DEME
NOT RELEVANT,'DEMET
NOT RELEVANT,'DI
NOT RELEVANT,'DIN
NOT RELEVANT,'DINH
NOT RELEVANT,'DINHO
NOT RELEVANT,'Dr
NOT RELEVANT,'Dru
NOT RELEVANT,'Druz
NOT RELEVANT,'Druzh
NOT RELEVANT,'EL
NOT RELEVANT,'ELH
NOT RELEVANT,'ELHR
NOT RELEVANT,'ELHRA
NOT RELEVANT,'FR
NOT RELEVANT,'FRO
NOT RELEVANT,'FROZ
NOT RELEVANT,'FROZE
NOT RELEVANT,'HE
NOT RELEVANT,'HER
NOT RELEVANT,'HERM
NOT RELEVANT,'HERME
NOT RELEVANT,'Hu
NOT RELEVANT,'Hus
NOT RELEVANT,'Husy
NOT RELEVANT,'Husya
NOT RELEVANT,'In
NOT RELEVANT,'Ins
NOT RELEVANT,'Inst
NOT RELEVANT,'Instr
NOT RELEVANT,'KS
NOT RELEVANT,'KSV
NOT RELEVANT,'KSV'
NOT RELEVANT,'Kh
NOT RELEVANT,'Kho
NOT RELEVANT,'Khor
NOT RELEVANT,'Khoro
NOT RELEVANT,'Khort
NOT RELEVANT,'Kr
NOT RELEVANT,'Kre
NOT RELEVANT,'Krem
NOT RELEVANT,'Kreme
NOT RELEVANT,'Kro
NOT RELEVANT,'Kron
NOT RELEVANT,'Kronp
NOT RELEVANT,'ME
NOT RELEVANT,'MEH
NOT RELEVANT,'MEHA
NOT RELEVANT,'MEHA-
NOT RELEVANT,'MEL
NOT RELEVANT,'MELA
NOT RELEVANT,'MELAV
NOT RELEVANT,'Ma
NOT RELEVANT,'Mar
NOT RELEVANT,'Mary
NOT RELEVANT,'Maryl
NOT RELEVANT,'Mo
NOT RELEVANT,'Mon
NOT RELEVANT,'Mona
NOT RELEVANT,'Monas
NOT RELEVANT,'NT
NOT RELEVANT,'NT-
NOT RELEVANT,'NT-T
NOT RELEVANT,'NT-TO
NOT RELEVANT,'NTT
NOT RELEVANT,'NTT-
NOT RELEVANT,'NTT-S
NOT RELEVANT,'Na
NOT RELEVANT,'Naf
NOT RELEVANT,'Naft
NOT RELEVANT,'Nafta
NOT RELEVANT,'Ol
NOT RELEVANT,'OlT
NOT RELEVANT,'OlTe
NOT RELEVANT,'OlTek
NOT RELEVANT,'PO
NOT RELEVANT,'POL
NOT RELEVANT,'POLE
NOT RELEVANT,'POLE-
NOT RELEVANT,'Po
NOT RELEVANT,'Pol
NOT RELEVANT,'Polt
NOT RELEVANT,'Polta
NOT RELEVANT,'Pr
NOT RELEVANT,'Pro
NOT RELEVANT,'Prom
NOT RELEVANT,'Promt
NOT RELEVANT,'RA
NOT RELEVANT,'RAR
NOT RELEVANT,'RARI
NOT RELEVANT,'RARIT
NOT RELEVANT,'RO
NOT RELEVANT,'ROM
NOT RELEVANT,'ROMB
NOT RELEVANT,'ROMBU
NOT RELEVANT,'So
NOT RELEVANT,'Soi
NOT RELEVANT,'Soiu
NOT RELEVANT,'Soiuz
NOT RELEVANT,'Sp
NOT RELEVANT,'Spi
NOT RELEVANT,'Spir
NOT RELEVANT,'Spiri
NOT RELEVANT,'Sv
NOT RELEVANT,'Svi
NOT RELEVANT,'Svit
NOT RELEVANT,'Svits
NOT RELEVANT,'TA
NOT RELEVANT,'TAV
NOT RELEVANT,'TAVR
NOT RELEVANT,'TAVRI
NOT RELEVANT,'Te
NOT RELEVANT,'Tek
NOT RELEVANT,'Tekh
NOT RELEVANT,'Tekhn
NOT RELEVANT,'Ter
NOT RELEVANT,'Tere
NOT RELEVANT,'Tereb
NOT RELEVANT,'To
NOT RELEVANT,'Tom
NOT RELEVANT,'Toms
NOT RELEVANT,'Toms'
NOT RELEVANT,'UK
NOT RELEVANT,'UKR
NOT RELEVANT,'UKRN
NOT RELEVANT,'UKRNA
NOT RELEVANT,'Uk
NOT RELEVANT,'Ukr
NOT RELEVANT,'UkrO
NOT RELEVANT,'UkrOl
NOT RELEVANT,'Un
NOT RELEVANT,'Uni
NOT RELEVANT,'Univ
NOT RELEVANT,'Unive
NOT RELEVANT,'VI
NOT RELEVANT,'VIu
NOT RELEVANT,'VIuK
NOT RELEVANT,'VIuK'
NOT RELEVANT,'VK
NOT RELEVANT,'VKF
NOT RELEVANT,'VKF'
NOT RELEVANT,'VKF'E
NOT RELEVANT,'Va
NOT RELEVANT,'Var
NOT RELEVANT,'Varh
NOT RELEVANT,'Varha
NOT RELEVANT,'Vas
NOT RELEVANT,'Vasy
NOT RELEVANT,'Vasyl
NOT RELEVANT,'Vl
NOT RELEVANT,'Vla
NOT RELEVANT,'Vlad
NOT RELEVANT,'Vlady
NOT RELEVANT,'Yu
NOT RELEVANT,'YuH
NOT RELEVANT,'YuHA
NOT RELEVANT,'YuHAV
NOT RELEVANT,'ZB
NOT RELEVANT,'ZBO
NOT RELEVANT,'ZBOR
NOT RELEVANT,'ZBORI
NOT RELEVANT,'Zd
NOT RELEVANT,'Zdo
NOT RELEVANT,'Zdol
NOT RELEVANT,'Zdolb
NOT RELEVANT,'Zl
NOT RELEVANT,'Zla
NOT RELEVANT,'Zlah
NOT RELEVANT,'Zlaho
NOT RELEVANT,AFA
NOT RELEVANT,AFAL
NOT RELEVANT,AFALI
NOT RELEVANT,AFALIN
NOT RELEVANT,AGR
NOT RELEVANT,AGRO
NOT RELEVANT,AGROL
NOT RELEVANT,AGROLI
NOT RELEVANT,AHR
NOT RELEVANT,AHRO
NOT RELEVANT,AHRO-
NOT RELEVANT,AHRO-V
NOT RELEVANT,AHROS
NOT RELEVANT,AHROSP
NOT RELEVANT,AKT
NOT RELEVANT,AKTY
NOT RELEVANT,AKTYN
NOT RELEVANT,AKTYNO
NOT RELEVANT,ALE
NOT RELEVANT,ALEK
NOT RELEVANT,ALEKS
NOT RELEVANT,ALEKS-
NOT RELEVANT,ANI
NOT RELEVANT,ANIK
NOT RELEVANT,ANIKS
NOT RELEVANT,ARE
NOT RELEVANT,AREN
NOT RELEVANT,ARENA
NOT RELEVANT,ARENA-
NOT RELEVANT,ARI
NOT RELEVANT,ARIA
NOT RELEVANT,ARIAL
NOT RELEVANT,ARK
NOT RELEVANT,ARKA
NOT RELEVANT,ARKAD
NOT RELEVANT,ARKADA
NOT RELEVANT,ASK
NOT RELEVANT,ASKA
NOT RELEVANT,ASKAN
NOT RELEVANT,ASKANI
NOT RELEVANT,ASKO
NOT RELEVANT,ASKOL
NOT RELEVANT,AT-
NOT RELEVANT,AT-K
NOT RELEVANT,AT-KR
NOT RELEVANT,AT-KRY
NOT RELEVANT,ATR
NOT RELEVANT,ATRA
NOT RELEVANT,ATRAK
NOT RELEVANT,ATRAKO
NOT RELEVANT,AUD
NOT RELEVANT,AUDI
NOT RELEVANT,AUDIT
NOT RELEVANT,AUDITS
NOT RELEVANT,AVA
NOT RELEVANT,AVT
NOT RELEVANT,AVTO
NOT RELEVANT,AVTO-
NOT RELEVANT,AVTO-A
NOT RELEVANT,AVTOK
NOT RELEVANT,AVTOKA
NOT RELEVANT,AVTOP
NOT RELEVANT,AVTOPR
NOT RELEVANT,AVTOS
NOT RELEVANT,AVTOSA
NOT RELEVANT,AVTOSE
NOT RELEVANT,AZZ
NOT RELEVANT,AZZT
NOT RELEVANT,Aer
NOT RELEVANT,Aero
NOT RELEVANT,Aeros
NOT RELEVANT,Aerosv
NOT RELEVANT,Agr
NOT RELEVANT,Agro
NOT RELEVANT,Agros
NOT RELEVANT,Agrosv
NOT RELEVANT,Agrot
NOT RELEVANT,Agroto
NOT RELEVANT,Ahr
NOT RELEVANT,Ahro
NOT RELEVANT,Ahros
NOT RELEVANT,Ahrosp
NOT RELEVANT,Ais
NOT RELEVANT,Alm
NOT RELEVANT,Alma
NOT RELEVANT,Almaz
NOT RELEVANT,Alt
NOT RELEVANT,Alte
NOT RELEVANT,Alter
NOT RELEVANT,Altera
NOT RELEVANT,Altr
NOT RELEVANT,Altra
NOT RELEVANT,Altran
NOT RELEVANT,Alts
NOT RELEVANT,Altse
NOT RELEVANT,Altses
NOT RELEVANT,At-
NOT RELEVANT,At-K
NOT RELEVANT,At-Kr
NOT RELEVANT,At-Kry
NOT RELEVANT,Atl
NOT RELEVANT,Atla
NOT RELEVANT,Atlan
NOT RELEVANT,Atlant
NOT RELEVANT,Ats
NOT RELEVANT,Ats-
NOT RELEVANT,Ats-Y
NOT RELEVANT,Ats-Yk
NOT RELEVANT,BRA
NOT RELEVANT,BRAV
NOT RELEVANT,BRAVO
NOT RELEVANT,BRAVO-
NOT RELEVANT,BUD
NOT RELEVANT,BUDM
NOT RELEVANT,BUDME
NOT RELEVANT,BUDMEN
NOT RELEVANT,BUDR
NOT RELEVANT,BUDRE
NOT RELEVANT,BUDREN
NOT RELEVANT,Bar
NOT RELEVANT,Bart
NOT RELEVANT,Bartk
NOT RELEVANT,Bartki
NOT RELEVANT,Ber
NOT RELEVANT,Bere
NOT RELEVANT,Berez
NOT RELEVANT,Berezh
NOT RELEVANT,Bes
NOT RELEVANT,Best
NOT RELEVANT,Best-
NOT RELEVANT,Best-Y
NOT RELEVANT,Bil
NOT RELEVANT,Bila
NOT RELEVANT,Bilag
NOT RELEVANT,Bilagr
NOT RELEVANT,Biz
NOT RELEVANT,Bizo
NOT RELEVANT,Bizon
NOT RELEVANT,Bizon-
NOT RELEVANT,Bud
NOT RELEVANT,Budt
NOT RELEVANT,Budte
NOT RELEVANT,Budtek
NOT RELEVANT,CHE
NOT RELEVANT,CHER
NOT RELEVANT,CHERN
NOT RELEVANT,CHERNI
NOT RELEVANT,CHI
NOT RELEVANT,CHIK
NOT RELEVANT,CHIKO
NOT RELEVANT,CHT
NOT RELEVANT,CHTF
NOT RELEVANT,Che
NOT RELEVANT,Cher
NOT RELEVANT,Cherk
NOT RELEVANT,Cherka
NOT RELEVANT,Chern
NOT RELEVANT,Cherni
NOT RELEVANT,Chu
NOT RELEVANT,Chuh
NOT RELEVANT,Chuhu
NOT RELEVANT,Chuhui
NOT RELEVANT,D-L
NOT RELEVANT,D-LA
NOT RELEVANT,D-LAI
NOT RELEVANT,D-LAIN
NOT RELEVANT,DAI
NOT RELEVANT,DAIL
NOT RELEVANT,DAILE
NOT RELEVANT,DAILEN
NOT RELEVANT,DAT
NOT RELEVANT,DATA
NOT RELEVANT,DATAL
NOT RELEVANT,DATALU
NOT RELEVANT,DEL
NOT RELEVANT,DELT
NOT RELEVANT,DELTA
NOT RELEVANT,DELTA-
NOT RELEVANT,DELY
NOT RELEVANT,DELYT
NOT RELEVANT,DELYTA
NOT RELEVANT,DIu
NOT RELEVANT,DIuF
NOT RELEVANT,DIuFO
NOT RELEVANT,DIuFOR
NOT RELEVANT,DKK
NOT RELEVANT,DKKh
NOT RELEVANT,DKKhP
NOT RELEVANT,DMY
NOT RELEVANT,DMYT
NOT RELEVANT,DMYTR
NOT RELEVANT,DMYTRO
NOT RELEVANT,DON
NOT RELEVANT,DON-
NOT RELEVANT,DON-S
NOT RELEVANT,DON-SA
NOT RELEVANT,DONB
NOT RELEVANT,DONBA
NOT RELEVANT,DONBAS
NOT RELEVANT,DONE
NOT RELEVANT,DONET
NOT RELEVANT,DONETs
NOT RELEVANT,DONO
NOT RELEVANT,DONOP
NOT RELEVANT,DONOPT
NOT RELEVANT,DONP
NOT RELEVANT,DONPR
NOT RELEVANT,DONPRO
NOT RELEVANT,DONS
NOT RELEVANT,DONSP
NOT RELEVANT,DONSPE
NOT RELEVANT,DYA
NOT RELEVANT,DYAL
NOT RELEVANT,DYALO
NOT RELEVANT,DYALOH
NOT RELEVANT,Dik
NOT RELEVANT,Dikh
NOT RELEVANT,Dikht
NOT RELEVANT,Dikhti
NOT RELEVANT,Dio
NOT RELEVANT,Dion
NOT RELEVANT,Diu
NOT RELEVANT,Diun
NOT RELEVANT,Diuna
NOT RELEVANT,Dni
NOT RELEVANT,Dnip
NOT RELEVANT,Dnipr
NOT RELEVANT,Dnipro
NOT RELEVANT,Doc
NOT RELEVANT,Doch
NOT RELEVANT,Dochi
NOT RELEVANT,Dochir
NOT RELEVANT,Dom
NOT RELEVANT,Doma
NOT RELEVANT,Doman
NOT RELEVANT,Domans
NOT RELEVANT,Dub
NOT RELEVANT,Dubr
NOT RELEVANT,Dubro
NOT RELEVANT,Dubrov
NOT RELEVANT,Dya
NOT RELEVANT,Dyat
NOT RELEVANT,Dyatk
NOT RELEVANT,Dyatki
NOT RELEVANT,Dyr
NOT RELEVANT,Dyre
NOT RELEVANT,Dyrek
NOT RELEVANT,Dyrek.
NOT RELEVANT,EKS
NOT RELEVANT,EKSP
NOT RELEVANT,EKSPO
NOT RELEVANT,EKSPOS
NOT RELEVANT,ETA
NOT RELEVANT,ETAL
NOT RELEVANT,ETS
NOT RELEVANT,ETS-
NOT RELEVANT,ETS-U
NOT RELEVANT,ETS-Uk
NOT RELEVANT,Edy
NOT RELEVANT,Edyk
NOT RELEVANT,Edyky
NOT RELEVANT,Edykyn
NOT RELEVANT,Eld
NOT RELEVANT,Eldo
NOT RELEVANT,Eldor
NOT RELEVANT,Eldora
NOT RELEVANT,FAK
NOT RELEVANT,FAKT
NOT RELEVANT,FAKTU
NOT RELEVANT,FAKTUM
NOT RELEVANT,FAR
NOT RELEVANT,FARM
NOT RELEVANT,FARMA
NOT RELEVANT,FARMAT
NOT RELEVANT,FLE
NOT RELEVANT,FLEK
NOT RELEVANT,FLEKS
NOT RELEVANT,FOR
NOT RELEVANT,FORM
NOT RELEVANT,FORMA
NOT RELEVANT,FORMAH
NOT RELEVANT,FOZ
NOT RELEVANT,FOZZ
NOT RELEVANT,FOZZY
NOT RELEVANT,Fen
NOT RELEVANT,Feni
NOT RELEVANT,Fenik
NOT RELEVANT,Feniks
NOT RELEVANT,Fia
NOT RELEVANT,Fial
NOT RELEVANT,Fialk
NOT RELEVANT,Fialka
NOT RELEVANT,For
NOT RELEVANT,Form
NOT RELEVANT,Forma
NOT RELEVANT,Formah
NOT RELEVANT,Foz
NOT RELEVANT,Fozz
NOT RELEVANT,Fozzy
NOT RELEVANT,Gan
NOT RELEVANT,Ganz
NOT RELEVANT,Ganza
NOT RELEVANT,HAR
NOT RELEVANT,HARA
NOT RELEVANT,HARAN
NOT RELEVANT,HARANT
NOT RELEVANT,Hal
NOT RELEVANT,Haly
NOT RELEVANT,Halyc
NOT RELEVANT,Halych
NOT RELEVANT,IEV
NOT RELEVANT,IEVR
NOT RELEVANT,IEVRO
NOT RELEVANT,IEVROS
NOT RELEVANT,IEVROT
NOT RELEVANT,IEv
NOT RELEVANT,IEvr
NOT RELEVANT,IEvro
NOT RELEVANT,IEvroc
NOT RELEVANT,IKA
NOT RELEVANT,IKAR
NOT RELEVANT,IMP
NOT RELEVANT,IMPE
NOT RELEVANT,IMPER
NOT RELEVANT,IMPERI
NOT RELEVANT,INT
NOT RELEVANT,INTE
NOT RELEVANT,INTER
NOT RELEVANT,INTERP
NOT RELEVANT,INTERV
NOT RELEVANT,IRM
NOT RELEVANT,IRMA
NOT RELEVANT,IRY
NOT RELEVANT,IRYN
NOT RELEVANT,IRYNE
NOT RELEVANT,IRYNEI
NOT RELEVANT,IUH
NOT RELEVANT,IUHT
NOT RELEVANT,IUHTR
NOT RELEVANT,IUHTRA
NOT RELEVANT,IUV
NOT RELEVANT,IUVS
NOT RELEVANT,Ili
NOT RELEVANT,Ilit
NOT RELEVANT,Ilita
NOT RELEVANT,Ilitas
NOT RELEVANT,Ilt
NOT RELEVANT,Ilta
NOT RELEVANT,Int
NOT RELEVANT,Inte
NOT RELEVANT,Inter
NOT RELEVANT,Inter-
NOT RELEVANT,K-T
NOT RELEVANT,K-Tr
NOT RELEVANT,K-Tra
NOT RELEVANT,K-Trad
NOT RELEVANT,KAN
NOT RELEVANT,KANK
NOT RELEVANT,KANKA
NOT RELEVANT,KANKAS
NOT RELEVANT,KHA
NOT RELEVANT,KHAR
NOT RELEVANT,KHARR
NOT RELEVANT,KHARRI
NOT RELEVANT,KHE
NOT RELEVANT,KHER
NOT RELEVANT,KHERS
NOT RELEVANT,KHERSO
NOT RELEVANT,KIN
NOT RELEVANT,KINO
NOT RELEVANT,KINOT
NOT RELEVANT,KINOTO
NOT RELEVANT,KIV
NOT RELEVANT,KIVE
NOT RELEVANT,KIVER
NOT RELEVANT,KIVERT
NOT RELEVANT,KON
NOT RELEVANT,KOND
NOT RELEVANT,KONDY
NOT RELEVANT,KONDYT
NOT RELEVANT,KRE
NOT RELEVANT,KREM
NOT RELEVANT,KREME
NOT RELEVANT,KREMEN
NOT RELEVANT,KUE
NOT RELEVANT,KUEH
NOT RELEVANT,KUEHN
NOT RELEVANT,KUEHNE
NOT RELEVANT,KUI
NOT RELEVANT,KUIB
NOT RELEVANT,KUIBY
NOT RELEVANT,KUIBYS
NOT RELEVANT,Kam
NOT RELEVANT,Kamy
NOT RELEVANT,Kamya
NOT RELEVANT,Kamyan
NOT RELEVANT,Kas
NOT RELEVANT,Kash
NOT RELEVANT,Kasht
NOT RELEVANT,Kashta
NOT RELEVANT,Kask
NOT RELEVANT,Kaska
NOT RELEVANT,Kaskad
NOT RELEVANT,KhI
NOT RELEVANT,KhIM
NOT RELEVANT,KhIML
NOT RELEVANT,KhIMLA
NOT RELEVANT,Kha
NOT RELEVANT,Khar
NOT RELEVANT,Khark
NOT RELEVANT,Kharki
NOT RELEVANT,Kip
NOT RELEVANT,Kips
NOT RELEVANT,Kiv
NOT RELEVANT,Kivi
NOT RELEVANT,Kivit
NOT RELEVANT,Kom
NOT RELEVANT,Komu
NOT RELEVANT,Komun
NOT RELEVANT,Komuna
NOT RELEVANT,Kor
NOT RELEVANT,Kort
NOT RELEVANT,Korte
NOT RELEVANT,Kortes
NOT RELEVANT,Kry
NOT RELEVANT,Kryn
NOT RELEVANT,Kryny
NOT RELEVANT,Krynyc
NOT RELEVANT,LAD
NOT RELEVANT,LADA
NOT RELEVANT,LAN
NOT RELEVANT,LIA
NOT RELEVANT,LIP
NOT RELEVANT,LIPO
NOT RELEVANT,LIPOV
NOT RELEVANT,LIPOVE
NOT RELEVANT,LOT
NOT RELEVANT,LOTU
NOT RELEVANT,LOTUR
NOT RELEVANT,LOTURE
NOT RELEVANT,LUH
NOT RELEVANT,LUHA
NOT RELEVANT,LUHAN
NOT RELEVANT,LUHANS
NOT RELEVANT,Lad
NOT RELEVANT,Ladi
NOT RELEVANT,Ladis
NOT RELEVANT,Lig
NOT RELEVANT,Ligu
NOT RELEVANT,Ligur
NOT RELEVANT,Liguri
NOT RELEVANT,Log
NOT RELEVANT,Logr
NOT RELEVANT,Logru
NOT RELEVANT,Logrus
NOT RELEVANT,Lug
NOT RELEVANT,Luga
NOT RELEVANT,Lugan
NOT RELEVANT,Lugans
NOT RELEVANT,Luh
NOT RELEVANT,Luha
NOT RELEVANT,Luhan
NOT RELEVANT,Luhans
NOT RELEVANT,Lyp
NOT RELEVANT,Lypo
NOT RELEVANT,Lypov
NOT RELEVANT,Lypove
NOT RELEVANT,MAK
NOT RELEVANT,MAKI
NOT RELEVANT,MAKII
NOT RELEVANT,MAKIIV
NOT RELEVANT,MAKR
NOT RELEVANT,MAKRO
NOT RELEVANT,MAKROK
NOT RELEVANT,MAN
NOT RELEVANT,MANE
NOT RELEVANT,MANEV
NOT RELEVANT,MANEVY
NOT RELEVANT,MAZ
NOT RELEVANT,MAZU
NOT RELEVANT,MAZUR
NOT RELEVANT,MAZURK
NOT RELEVANT,MER
NOT RELEVANT,MERK
NOT RELEVANT,MERKU
NOT RELEVANT,MERKUR
NOT RELEVANT,Mel
NOT RELEVANT,Meli
NOT RELEVANT,Melit
NOT RELEVANT,Melito
NOT RELEVANT,Met
NOT RELEVANT,Meta
NOT RELEVANT,NAD
NOT RELEVANT,NADR
NOT RELEVANT,NADRA
NOT RELEVANT,NAS
NOT RELEVANT,NASI
NOT RELEVANT,NASIN
NOT RELEVANT,NASINN
NOT RELEVANT,NOR
NOT RELEVANT,NORD
NOT RELEVANT,NORM
NOT RELEVANT,NORMA
NOT RELEVANT,Nad
NOT RELEVANT,Nadr
NOT RELEVANT,Nadra
NOT RELEVANT,Nadrab
NOT RELEVANT,Naz
NOT RELEVANT,Naza
NOT RELEVANT,Nazar
NOT RELEVANT,Nazare
NOT RELEVANT,Nik
NOT RELEVANT,Niko
NOT RELEVANT,Nor
NOT RELEVANT,Nord
NOT RELEVANT,Nov
NOT RELEVANT,Novo
NOT RELEVANT,Novo-
NOT RELEVANT,Novo-S
NOT RELEVANT,Novom
NOT RELEVANT,Novomo
NOT RELEVANT,Ntt
NOT RELEVANT,Nut
NOT RELEVANT,Nutr
NOT RELEVANT,Nutri
NOT RELEVANT,Nutrit
NOT RELEVANT,OAS
NOT RELEVANT,OASU
NOT RELEVANT,OASU'
NOT RELEVANT,OASU'V
NOT RELEVANT,OMY
NOT RELEVANT,OMYA
NOT RELEVANT,OOO
NOT RELEVANT,"OOO"""
NOT RELEVANT,"OOO""D"
NOT RELEVANT,"OOO""DO"
NOT RELEVANT,OPT
NOT RELEVANT,OPTK
NOT RELEVANT,OPTKK
NOT RELEVANT,ORI
NOT RELEVANT,ORIO
NOT RELEVANT,ORION
NOT RELEVANT,ORION-
NOT RELEVANT,ORT
NOT RELEVANT,ORTU
NOT RELEVANT,ORTUS
NOT RELEVANT,OST
NOT RELEVANT,OSTK
NOT RELEVANT,OSTKA
NOT RELEVANT,OSTKAR
NOT RELEVANT,Ody
NOT RELEVANT,Odya
NOT RELEVANT,Odyah
NOT RELEVANT,Okt
NOT RELEVANT,Okti
NOT RELEVANT,Oktia
NOT RELEVANT,Oktiab
NOT RELEVANT,Ole
NOT RELEVANT,Olek
NOT RELEVANT,Oleks
NOT RELEVANT,Oleksa
NOT RELEVANT,Osn
NOT RELEVANT,Osno
NOT RELEVANT,Osnov
NOT RELEVANT,Osnova
NOT RELEVANT,Ost
NOT RELEVANT,Ost-
NOT RELEVANT,Ost-V
NOT RELEVANT,Ost-Ve
NOT RELEVANT,Ostr
NOT RELEVANT,Ostri
NOT RELEVANT,Ostric
NOT RELEVANT,PAK
NOT RELEVANT,PAR
NOT RELEVANT,PARU
NOT RELEVANT,PARUS
NOT RELEVANT,PARY
NOT RELEVANT,PARYT
NOT RELEVANT,PARYTE
NOT RELEVANT,PLO
NOT RELEVANT,PLOB
NOT RELEVANT,PLOBE
NOT RELEVANT,PLOBER
NOT RELEVANT,PNV
NOT RELEVANT,PNVP
NOT RELEVANT,PNVPE
NOT RELEVANT,PNVPEL
NOT RELEVANT,PP'
NOT RELEVANT,PP'M
NOT RELEVANT,PP'ME
NOT RELEVANT,PP'MET
NOT RELEVANT,PRO
NOT RELEVANT,PROD
NOT RELEVANT,PRODE
NOT RELEVANT,PRODEK
NOT RELEVANT,PRODI
NOT RELEVANT,PRODIV
NOT RELEVANT,PROZ
NOT RELEVANT,PROZh
NOT RELEVANT,PROZhE
NOT RELEVANT,PTK
NOT RELEVANT,PTK'
NOT RELEVANT,PTK'M
NOT RELEVANT,PTK'Mi
NOT RELEVANT,PTY
NOT RELEVANT,PTYT
NOT RELEVANT,PTYTs
NOT RELEVANT,PTYTsE
NOT RELEVANT,Par
NOT RELEVANT,Pari
NOT RELEVANT,Parit
NOT RELEVANT,Parite
NOT RELEVANT,Pat
NOT RELEVANT,Pate
NOT RELEVANT,Pater
NOT RELEVANT,Paters
NOT RELEVANT,Pod
NOT RELEVANT,Podi
NOT RELEVANT,Podil
NOT RELEVANT,Podill
NOT RELEVANT,Pra
NOT RELEVANT,Prav
NOT RELEVANT,Pravy
NOT RELEVANT,Pravyl
NOT RELEVANT,Pro
NOT RELEVANT,Prom
NOT RELEVANT,Proms
NOT RELEVANT,Promst
NOT RELEVANT,Prop
NOT RELEVANT,Propa
NOT RELEVANT,Propan
NOT RELEVANT,Pry
NOT RELEVANT,Pryl
NOT RELEVANT,Prylu
NOT RELEVANT,Pryluk
NOT RELEVANT,RAM
NOT RELEVANT,RAMB
NOT RELEVANT,RAMBU
NOT RELEVANT,RAMBUR
NOT RELEVANT,RAN
NOT RELEVANT,RANH
NOT RELEVANT,REH
NOT RELEVANT,REHI
NOT RELEVANT,REHIO
NOT RELEVANT,REHION
NOT RELEVANT,ROS
NOT RELEVANT,ROSU
NOT RELEVANT,ROSUK
NOT RELEVANT,ROSUKR
NOT RELEVANT,RYT
NOT RELEVANT,RYTM
NOT RELEVANT,Ria
NOT RELEVANT,Rial
NOT RELEVANT,Rial-
NOT RELEVANT,Rial-I
NOT RELEVANT,Roi
NOT RELEVANT,Roia
NOT RELEVANT,Roial
NOT RELEVANT,Roial-
NOT RELEVANT,Rok
NOT RELEVANT,Roks
NOT RELEVANT,Rokso
NOT RELEVANT,Roksol
NOT RELEVANT,Roz
NOT RELEVANT,Rozk
NOT RELEVANT,Rozki
NOT RELEVANT,Rozkis
NOT RELEVANT,Rut
NOT RELEVANT,Ruta
NOT RELEVANT,SAH
NOT RELEVANT,SAHA
NOT RELEVANT,SAHAR
NOT RELEVANT,SAHARN
NOT RELEVANT,SAL
NOT RELEVANT,SALI
NOT RELEVANT,SALIU
NOT RELEVANT,SALIUT
NOT RELEVANT,SAN
NOT RELEVANT,SANT
NOT RELEVANT,SANTA
NOT RELEVANT,SANTA-
NOT RELEVANT,SAR
NOT RELEVANT,SARE
NOT RELEVANT,SAREP
NOT RELEVANT,SAREPT
NOT RELEVANT,SBK
NOT RELEVANT,SEV
NOT RELEVANT,SEVP
NOT RELEVANT,SEVPR
NOT RELEVANT,SEVPRO
NOT RELEVANT,SIE
NOT RELEVANT,SIEM
NOT RELEVANT,SIEME
NOT RELEVANT,SIEMEN
NOT RELEVANT,SIG
NOT RELEVANT,SIGM
NOT RELEVANT,SIGMA
NOT RELEVANT,SIGMA-
NOT RELEVANT,SLO
NOT RELEVANT,SLON
NOT RELEVANT,SPT
NOT RELEVANT,SPTO
NOT RELEVANT,SPTOV
NOT RELEVANT,SPTOV'
NOT RELEVANT,STE
NOT RELEVANT,STEP
NOT RELEVANT,STI
NOT RELEVANT,STIL
NOT RELEVANT,STILL
NOT RELEVANT,STILLE
NOT RELEVANT,Sad
NOT RELEVANT,Sado
NOT RELEVANT,Sadov
NOT RELEVANT,Sadovo
NOT RELEVANT,Sdk
NOT RELEVANT,Sdk-
NOT RELEVANT,Sdk-P
NOT RELEVANT,Sdk-Pa
NOT RELEVANT,Sem
NOT RELEVANT,Seme
NOT RELEVANT,Semen
NOT RELEVANT,Semeni
NOT RELEVANT,Sev
NOT RELEVANT,Sevp
NOT RELEVANT,Sevpr
NOT RELEVANT,Sevpro
NOT RELEVANT,Shc
NOT RELEVANT,Shch
NOT RELEVANT,Shcho
NOT RELEVANT,Shchor
NOT RELEVANT,She
NOT RELEVANT,Shel
NOT RELEVANT,Shelt
NOT RELEVANT,Shelto
NOT RELEVANT,Shev
NOT RELEVANT,Shk
NOT RELEVANT,Shki
NOT RELEVANT,Shkir
NOT RELEVANT,Shkiry
NOT RELEVANT,Ska
NOT RELEVANT,Skar
NOT RELEVANT,Skarl
NOT RELEVANT,Skarle
NOT RELEVANT,Sla
NOT RELEVANT,SlaV
NOT RELEVANT,SlaVA
NOT RELEVANT,Soh
NOT RELEVANT,Sohl
NOT RELEVANT,Sohla
NOT RELEVANT,Sohlas
NOT RELEVANT,Sos
NOT RELEVANT,Sosn
NOT RELEVANT,Sosny
NOT RELEVANT,Sosnyt
NOT RELEVANT,Soz
NOT RELEVANT,Sozi
NOT RELEVANT,Sozid
NOT RELEVANT,Sozida
NOT RELEVANT,Spo
NOT RELEVANT,Spor
NOT RELEVANT,Sport
NOT RELEVANT,Sportt
NOT RELEVANT,Sum
NOT RELEVANT,Sumy
NOT RELEVANT,Sumy-
NOT RELEVANT,Sumy-N
NOT RELEVANT,Sumyk
NOT RELEVANT,Sumyko
NOT RELEVANT,Svi
NOT RELEVANT,Svit
NOT RELEVANT,Svita
NOT RELEVANT,Svitan
NOT RELEVANT,TEK
NOT RELEVANT,"TK"""
NOT RELEVANT,"TK""Z"
NOT RELEVANT,"TK""Ze"
NOT RELEVANT,"TK""Zer"
NOT RELEVANT,TOR
NOT RELEVANT,TORG
NOT RELEVANT,TORGS
NOT RELEVANT,TORGSE
NOT RELEVANT,TOV
NOT RELEVANT,TOV'
NOT RELEVANT,TOV'H
NOT RELEVANT,TOV'Hl
NOT RELEVANT,TOV'M
NOT RELEVANT,TOV'Me
NOT RELEVANT,TOVN
NOT RELEVANT,TOVNo
NOT RELEVANT,TOVNov
NOT RELEVANT,TRE
NOT RELEVANT,TREN
NOT RELEVANT,TRENA
NOT RELEVANT,TRENAL
NOT RELEVANT,TSU
NOT RELEVANT,TSUK
NOT RELEVANT,TSUKR
NOT RELEVANT,TSUKRO
NOT RELEVANT,TUP
NOT RELEVANT,TYR
NOT RELEVANT,TYRA
NOT RELEVANT,TYRAS
NOT RELEVANT,Tac
NOT RELEVANT,Tach
NOT RELEVANT,Tacha
NOT RELEVANT,Tachan
NOT RELEVANT,Teh
NOT RELEVANT,Tehi
NOT RELEVANT,Tehin
NOT RELEVANT,Tehinv
NOT RELEVANT,Tek
NOT RELEVANT,Tekh
NOT RELEVANT,Tekhn
NOT RELEVANT,Tekhno
NOT RELEVANT,Ter
NOT RELEVANT,Term
NOT RELEVANT,Terma
NOT RELEVANT,Termas
NOT RELEVANT,Ton
NOT RELEVANT,Tonu
NOT RELEVANT,Tonus
NOT RELEVANT,Tri
NOT RELEVANT,Tru
NOT RELEVANT,Trub
NOT RELEVANT,Trubo
NOT RELEVANT,Trubos
NOT RELEVANT,TzO
NOT RELEVANT,TzOV
NOT RELEVANT,"TzOV"""
NOT RELEVANT,"TzOV""A"
NOT RELEVANT,UKR
NOT RELEVANT,UKRB
NOT RELEVANT,UKRBU
NOT RELEVANT,UKRBUR
NOT RELEVANT,UKRG
NOT RELEVANT,UKRGA
NOT RELEVANT,UKRGAZ
NOT RELEVANT,UKRM
NOT RELEVANT,UKRME
NOT RELEVANT,UKRMET
NOT RELEVANT,UKRMO
NOT RELEVANT,UKRMON
NOT RELEVANT,UKRMOS
NOT RELEVANT,UKRO
NOT RELEVANT,UKROT
NOT RELEVANT,UKROTü
NOT RELEVANT,UKRP
NOT RELEVANT,UKRPR
NOT RELEVANT,UKRPRO
NOT RELEVANT,UKRR
NOT RELEVANT,UKRRO
NOT RELEVANT,UKRROS
NOT RELEVANT,UKRT
NOT RELEVANT,UKRTE
NOT RELEVANT,UKRTEP
NOT RELEVANT,UKRTR
NOT RELEVANT,UKRTRA
NOT RELEVANT,UKRV
NOT RELEVANT,UKRVT
NOT RELEVANT,UKRVTO
NOT RELEVANT,UKRZ
NOT RELEVANT,UKRZE
NOT RELEVANT,UKRZER
NOT RELEVANT,Ukp
NOT RELEVANT,Ukpz
NOT RELEVANT,Ukpza
NOT RELEVANT,Ukpzak
NOT RELEVANT,Ukr
NOT RELEVANT,UkrL
NOT RELEVANT,UkrLa
NOT RELEVANT,UkrLat
NOT RELEVANT,Ukra
NOT RELEVANT,Ukrah
NOT RELEVANT,Ukrahr
NOT RELEVANT,Ukrau
NOT RELEVANT,Ukraut
NOT RELEVANT,Ukri
NOT RELEVANT,Ukrin
NOT RELEVANT,Ukrint
NOT RELEVANT,Ukrk
NOT RELEVANT,Ukrko
NOT RELEVANT,Ukrkot
NOT RELEVANT,Ukro
NOT RELEVANT,Ukrol
NOT RELEVANT,Ukroli
NOT RELEVANT,Ukrp
NOT RELEVANT,Ukrpl
NOT RELEVANT,Ukrpla
NOT RELEVANT,Ukrpr
NOT RELEVANT,Ukrpro
NOT RELEVANT,Ukrt
NOT RELEVANT,Ukrte
NOT RELEVANT,Ukrtek
NOT RELEVANT,Uma
NOT RELEVANT,Uman
NOT RELEVANT,Umana
NOT RELEVANT,Umanav
NOT RELEVANT,Uni
NOT RELEVANT,Univ
NOT RELEVANT,Unive
NOT RELEVANT,Univer
NOT RELEVANT,VAR
NOT RELEVANT,VARY
NOT RELEVANT,VARYA
NOT RELEVANT,VARYAN
NOT RELEVANT,VAT
NOT RELEVANT,"VAT"""
NOT RELEVANT,"VAT""K"
NOT RELEVANT,"VAT""Kh"
NOT RELEVANT,VAT'
NOT RELEVANT,VAT'K
NOT RELEVANT,VAT'KO
NOT RELEVANT,VATE
NOT RELEVANT,VATES
NOT RELEVANT,VATESS
NOT RELEVANT,VEL
NOT RELEVANT,VELD
NOT RELEVANT,VIt
NOT RELEVANT,VIta
NOT RELEVANT,VItan
NOT RELEVANT,VItan-
NOT RELEVANT,VKF
NOT RELEVANT,VKF'
NOT RELEVANT,VKF'S
NOT RELEVANT,VKF'ST
NOT RELEVANT,VKi
NOT RELEVANT,VKik
NOT RELEVANT,VOI
NOT RELEVANT,VOIA
NOT RELEVANT,VOIAD
NOT RELEVANT,VOIADZ
NOT RELEVANT,VTO
NOT RELEVANT,VTOR
NOT RELEVANT,VTORM
NOT RELEVANT,VTORME
NOT RELEVANT,VYL
NOT RELEVANT,VYLT
NOT RELEVANT,VYLTO
NOT RELEVANT,VYLTON
NOT RELEVANT,VZh
NOT RELEVANT,VZhR
NOT RELEVANT,VZhRE
NOT RELEVANT,VZhREP
NOT RELEVANT,Vik
NOT RELEVANT,Vik-
NOT RELEVANT,Vik-O
NOT RELEVANT,Vik-Oi
NOT RELEVANT,Vin
NOT RELEVANT,Vina
NOT RELEVANT,Vinak
NOT RELEVANT,Vinako
NOT RELEVANT,Vinf
NOT RELEVANT,Vinfo
NOT RELEVANT,Vinfor
NOT RELEVANT,Vod
NOT RELEVANT,Vodo
NOT RELEVANT,Vodok
NOT RELEVANT,Vodoka
NOT RELEVANT,Vyd
NOT RELEVANT,Vyda
NOT RELEVANT,Vydav
NOT RELEVANT,Vydavn
NOT RELEVANT,YNV
NOT RELEVANT,YNVE
NOT RELEVANT,YNVES
NOT RELEVANT,YNVEST
NOT RELEVANT,YOK
NOT RELEVANT,YOKh
NOT RELEVANT,YOKhA
NOT RELEVANT,YUV
NOT RELEVANT,YUVK
NOT RELEVANT,YeV
NOT RELEVANT,YeVR
NOT RELEVANT,YeVRO
NOT RELEVANT,YeVROS
NOT RELEVANT,Yef
NOT RELEVANT,Yefi
NOT RELEVANT,Yefim
NOT RELEVANT,Yefime
NOT RELEVANT,Ynd
NOT RELEVANT,Ynde
NOT RELEVANT,Yndek
NOT RELEVANT,Yndeks
NOT RELEVANT,YuN
NOT RELEVANT,YuNY
NOT RELEVANT,YuNYO
NOT RELEVANT,YuNYON
NOT RELEVANT,ZAL
NOT RELEVANT,ZALI
NOT RELEVANT,ZALIS
NOT RELEVANT,ZALISH
NOT RELEVANT,ZBA
NOT RELEVANT,ZBAR
NOT RELEVANT,ZBARA
NOT RELEVANT,ZBARAZ
NOT RELEVANT,ZEN
NOT RELEVANT,ZENI
NOT RELEVANT,ZENIT
NOT RELEVANT,ZHY
NOT RELEVANT,ZHYT
NOT RELEVANT,ZHYTO
NOT RELEVANT,ZHYTOM
NOT RELEVANT,Zer
NOT RELEVANT,Zern
NOT RELEVANT,Zerno
NOT RELEVANT,Zernop
NOT RELEVANT,ZhN
NOT RELEVANT,ZhND
NOT RELEVANT,ZhNDP
NOT RELEVANT,ZhNDPI
NOT RELEVANT,ZhR
NOT RELEVANT,ZhRE
NOT RELEVANT,ZhRER
NOT RELEVANT,ZhRER-
NOT RELEVANT,Zod
NOT RELEVANT,Zodi
NOT RELEVANT,Zodia
NOT RELEVANT,Zodiak
NOT RELEVANT,exp
NOT RELEVANT,expa
NOT RELEVANT,expan
NOT RELEVANT,expanc
NOT RELEVANT,for
NOT RELEVANT,fora
NOT RELEVANT,inv
NOT RELEVANT,inve
NOT RELEVANT,inves
NOT RELEVANT,invest
NOT RELEVANT,üKV
NOT RELEVANT,üKVA
NOT RELEVANT,üKVAT
NOT RELEVANT,üKVATO
REAL ESTATE,"""!F"
REAL ESTATE,"""!Fe"
REAL ESTATE,"""!Fes"
REAL ESTATE,"""!Fest"
REAL ESTATE,"""AV"
REAL ESTATE,"""AVA"
REAL ESTATE,"""AVAN"
REAL ESTATE,"""AVANG"
REAL ESTATE,"""Ar"
REAL ESTATE,"""Art"
REAL ESTATE,"""Art-"
REAL ESTATE,"""Art-0"
REAL ESTATE,"""Av"
REAL ESTATE,"""Avt"
REAL ESTATE,"""Avto"
REAL ESTATE,"""Avtoi"
REAL ESTATE,"""Di"
REAL ESTATE,"""Dia"
REAL ESTATE,"""Diam"
REAL ESTATE,"""Diama"
REAL ESTATE,"""Dn"
REAL ESTATE,"""Dni"
REAL ESTATE,"""Dnip"
REAL ESTATE,"""Dnipr"
REAL ESTATE,"""FC"
REAL ESTATE,"""FCA"
REAL ESTATE,"""FCAU"
REAL ESTATE,"""FCAU"""
REAL ESTATE,"""Fo"
REAL ESTATE,"""For"
REAL ESTATE,"""For-"
REAL ESTATE,"""For-i"
REAL ESTATE,"""GR"
REAL ESTATE,"""GRA"
REAL ESTATE,"""GRAF"
REAL ESTATE,"""GRAFS"
REAL ESTATE,"""Hr"
REAL ESTATE,"""Hry"
REAL ESTATE,"""IE"
REAL ESTATE,"""IEV"
REAL ESTATE,"""IEVR"
REAL ESTATE,"""IEVRO"
REAL ESTATE,"""In"
REAL ESTATE,"""Int"
REAL ESTATE,"""Inte"
REAL ESTATE,"""Inter"
REAL ESTATE,"""KV"
REAL ESTATE,"""KVO"
REAL ESTATE,"""KVOR"
REAL ESTATE,"""KVORU"
REAL ESTATE,"""Kr"
REAL ESTATE,"""Kro"
REAL ESTATE,"""Kron"
REAL ESTATE,"""Krona"
REAL ESTATE,"""Me"
REAL ESTATE,"""Meg"
REAL ESTATE,"""Mega"
REAL ESTATE,"""Mega-"
REAL ESTATE,"""Mi"
REAL ESTATE,"""Mir"
REAL ESTATE,"""Mire"
REAL ESTATE,"""Miren"
REAL ESTATE,"""N-"
REAL ESTATE,"""N-I"
REAL ESTATE,"""N-Ik"
REAL ESTATE,"""N-Iks"
REAL ESTATE,"""Om"
REAL ESTATE,"""Ome"
REAL ESTATE,"""Omeh"
REAL ESTATE,"""Omeha"
REAL ESTATE,"""PA"
REAL ESTATE,"""PAN"
REAL ESTATE,"""PANK"
REAL ESTATE,"""PANKH"
REAL ESTATE,"""Po"
REAL ESTATE,"""Pol"
REAL ESTATE,"""Poli"
REAL ESTATE,"""Poliu"
REAL ESTATE,"""Re"
REAL ESTATE,"""Ren"
REAL ESTATE,"""Rent"
REAL ESTATE,"""Renta"
REAL ESTATE,"""Sa"
REAL ESTATE,"""Sam"
REAL ESTATE,"""Sama"
REAL ESTATE,"""Samar"
REAL ESTATE,"""Sat"
REAL ESTATE,"""Sato"
REAL ESTATE,"""Sator"
REAL ESTATE,"""Si"
REAL ESTATE,"""Sid"
REAL ESTATE,"""Sidi"
REAL ESTATE,"""Sidin"
REAL ESTATE,"""TH"
REAL ESTATE,"""THM"
REAL ESTATE,"""THM"""
REAL ESTATE,"""Ta"
REAL ESTATE,"""Tat"
REAL ESTATE,"""Tatu"
REAL ESTATE,"""Tatui"
REAL ESTATE,"""Te"
REAL ESTATE,"""Tek"
REAL ESTATE,"""Tekh"
REAL ESTATE,"""Tekhm"
REAL ESTATE,"""Ts"
REAL ESTATE,"""Tse"
REAL ESTATE,"""Tsen"
REAL ESTATE,"""Tsent"
REAL ESTATE,"""UK"
REAL ESTATE,"""UKR"
REAL ESTATE,"""UKRT"
REAL ESTATE,"""UKRTE"
REAL ESTATE,"""Ve"
REAL ESTATE,"""Veb"
REAL ESTATE,"""Vebk"
REAL ESTATE,"""Vebka"
REAL ESTATE,"""Vi"
REAL ESTATE,"""Vit"
REAL ESTATE,"""Vita"
REAL ESTATE,"""Vitaz"
REAL ESTATE,"""Vm"
REAL ESTATE,"""Vm-"
REAL ESTATE,"""Vm-I"
REAL ESTATE,"""Vm-In"
REAL ESTATE,"""YU"
REAL ESTATE,"""YUV"
REAL ESTATE,"""YUVI"
REAL ESTATE,"""YUVIL"
REAL ESTATE,"""YUg"
REAL ESTATE,"""YUgo"
REAL ESTATE,"""YUgoi"
REAL ESTATE,"""Za"
REAL ESTATE,"""Zap"
REAL ESTATE,"""Zapo"
REAL ESTATE,"""Zapor"
REAL ESTATE,"""Zh"
REAL ESTATE,"""Zhy"
REAL ESTATE,"""Zhyt"
REAL ESTATE,"""Zhyto"
REAL ESTATE,'Al
REAL ESTATE,'Alk
REAL ESTATE,'Alko
REAL ESTATE,'Alkon
REAL ESTATE,'Mo
REAL ESTATE,'Mol
REAL ESTATE,'Molo
REAL ESTATE,'Molod
REAL ESTATE,'OL
REAL ESTATE,'OLA
REAL ESTATE,'OLAN
REAL ESTATE,'OLAN'
REAL ESTATE,'Pr
REAL ESTATE,'Pro
REAL ESTATE,'Prod
REAL ESTATE,'Prodi
REAL ESTATE,555
REAL ESTATE,555-
REAL ESTATE,555-I
REAL ESTATE,555-IF
REAL ESTATE,A15
REAL ESTATE,A157
REAL ESTATE,A1575
REAL ESTATE,Alp
REAL ESTATE,Alph
REAL ESTATE,Alpha
REAL ESTATE,Arr
REAL ESTATE,Arri
REAL ESTATE,Arrik
REAL ESTATE,Arrika
REAL ESTATE,BAM
REAL ESTATE,BAMA
REAL ESTATE,BAMAV
REAL ESTATE,BAMAVI
REAL ESTATE,Bar
REAL ESTATE,Bark
REAL ESTATE,Barka
REAL ESTATE,Barkas
REAL ESTATE,Bio
REAL ESTATE,Biot
REAL ESTATE,Biote
REAL ESTATE,Biotek
REAL ESTATE,Biz
REAL ESTATE,Bizn
REAL ESTATE,Bizne
REAL ESTATE,Biznes
REAL ESTATE,ESE
REAL ESTATE,ESEI
REAL ESTATE,ESEIC
REAL ESTATE,ESEICh
REAL ESTATE,GAM
REAL ESTATE,GAMM
REAL ESTATE,GAMMA
REAL ESTATE,HOS
REAL ESTATE,HOSP
REAL ESTATE,HOSPI
REAL ESTATE,HOSPIT
REAL ESTATE,KK-
REAL ESTATE,KK-K
REAL ESTATE,KK-K.
REAL ESTATE,KK-K.3
REAL ESTATE,Kol
REAL ESTATE,Kolo
REAL ESTATE,Kolo-
REAL ESTATE,Kolo-S
REAL ESTATE,Nic
REAL ESTATE,Nicm
REAL ESTATE,Nicma
REAL ESTATE,Nicmas
REAL ESTATE,OSD
REAL ESTATE,PAL
REAL ESTATE,PALL
REAL ESTATE,PALLA
REAL ESTATE,PALLAD
REAL ESTATE,PRO
REAL ESTATE,PROF
REAL ESTATE,PROFI
REAL ESTATE,PROFIN
REAL ESTATE,Pro
REAL ESTATE,Prod
REAL ESTATE,Prodk
REAL ESTATE,Prodko
REAL ESTATE,REN
REAL ESTATE,RENT
REAL ESTATE,RENTO
REAL ESTATE,RENTOI
REAL ESTATE,RON
REAL ESTATE,ROND
REAL ESTATE,RONDA
REAL ESTATE,SPA
REAL ESTATE,SPAR
REAL ESTATE,SPARR
REAL ESTATE,SPARRO
REAL ESTATE,Sto
REAL ESTATE,Stoi
REAL ESTATE,Stoik
REAL ESTATE,Stoik-
REAL ESTATE,TOR
REAL ESTATE,TORR
REAL ESTATE,TORRE
REAL ESTATE,TORRES
REAL ESTATE,Tor
REAL ESTATE,Torh
REAL ESTATE,Torh.
REAL ESTATE,Torh.-
REAL ESTATE,Vii
REAL ESTATE,Viir
REAL ESTATE,Viiro
REAL ESTATE,Viiron
UTILITIES,"""Al"
UTILITIES,"""Ali"
UTILITIES,"""Alia"
UTILITIES,"""Alian"
UTILITIES,"""At"
UTILITIES,"""Atb"
UTILITIES,"""D."
UTILITIES,"""D.S"
UTILITIES,"""D.So"
UTILITIES,"""D.Sol"
UTILITIES,"""Ei"
UTILITIES,"""Eid"
UTILITIES,"""Eidz"
UTILITIES,"""Eidzh"
UTILITIES,"""Er"
UTILITIES,"""Erd"
UTILITIES,"""Erdh"
UTILITIES,"""Erdha"
UTILITIES,"""Ho"
UTILITIES,"""Hor"
UTILITIES,"""Horo"
UTILITIES,"""Horod"
UTILITIES,"""KH"
UTILITIES,"""KHE"
UTILITIES,"""KHER"
UTILITIES,"""KHERS"
UTILITIES,"""Ke"
UTILITIES,"""Ker"
UTILITIES,"""Kerc"
UTILITIES,"""Kerch"
UTILITIES,"""Kh"
UTILITIES,"""Khe"
UTILITIES,"""Kher"
UTILITIES,"""Khers"
UTILITIES,"""Ki"
UTILITIES,"""Kir"
UTILITIES,"""Kiro"
UTILITIES,"""Kirov"
UTILITIES,"""Kl"
UTILITIES,"""Kli"
UTILITIES,"""Klia"
UTILITIES,"""Kliar"
UTILITIES,"""Kr"
UTILITIES,"""Kre"
UTILITIES,"""Krem"
UTILITIES,"""Kreme"
UTILITIES,"""MI"
UTILITIES,"""MIS"
UTILITIES,"""MIS'"
UTILITIES,"""MIS'K"
UTILITIES,"""Me"
UTILITIES,"""Met"
UTILITIES,"""Meta"
UTILITIES,"""Metan"
UTILITIES,"""Mi"
UTILITIES,"""Mis"
UTILITIES,"""Mis'"
UTILITIES,"""Mis'k"
UTILITIES,"""NE"
UTILITIES,"""NES"
UTILITIES,"""NESS"
UTILITIES,"""Or"
UTILITIES,"""Orb"
UTILITIES,"""Orbi"
UTILITIES,"""Orbit"
UTILITIES,"""Pr"
UTILITIES,"""Pro"
UTILITIES,"""Prop"
UTILITIES,"""Propa"
UTILITIES,"""RI"
UTILITIES,"""RIN"
UTILITIES,"""RINA"
UTILITIES,"""RINA-"
UTILITIES,"""Sa"
UTILITIES,"""San"
UTILITIES,"""San-"
UTILITIES,"""San-E"
UTILITIES,"""San-O"
UTILITIES,"""Sana"
UTILITIES,"""Sanal"
UTILITIES,"""Sanm"
UTILITIES,"""Sanma"
UTILITIES,"""Sm"
UTILITIES,"""Smi"
UTILITIES,"""Smil"
UTILITIES,"""Smila"
UTILITIES,"""So"
UTILITIES,"""Sol"
UTILITIES,"""Sola"
UTILITIES,"""Solar"
UTILITIES,"""Vi"
UTILITIES,"""Vit"
UTILITIES,"""Vita"
UTILITIES,"""Vitah"
UTILITIES,"""Ye"
UTILITIES,"""Yev"
UTILITIES,"""Yevr"
UTILITIES,"""Yevro"
UTILITIES,'Bo
UTILITIES,'Boy
UTILITIES,'Boya
UTILITIES,'Boyar
UTILITIES,'LI
UTILITIES,'LIK
UTILITIES,'LIKO
UTILITIES,'LIKOS
UTILITIES,'Po
UTILITIES,'Pol
UTILITIES,'Polt
UTILITIES,'Polta
UTILITIES,'Ye
UTILITIES,'YeV
UTILITIES,'YeVR
UTILITIES,'YeVRO
UTILITIES,'ZA
UTILITIES,'ZAP
UTILITIES,'ZAPO
UTILITIES,'ZAPOR
UTILITIES,555
UTILITIES,BER
UTILITIES,BERD
UTILITIES,BERDY
UTILITIES,BERDYC
UTILITIES,Che
UTILITIES,Cher
UTILITIES,Chern
UTILITIES,Cherni
UTILITIES,D.S
UTILITIES,D.So
UTILITIES,D.Sol
UTILITIES,D.Solu
UTILITIES,D.T
UTILITIES,D.Tr
UTILITIES,D.Tra
UTILITIES,D.Trad
UTILITIES,Dob
UTILITIES,Dobr
UTILITIES,Dobro
UTILITIES,Dobrot
UTILITIES,Dte
UTILITIES,Dtek
UTILITIES,ENE
UTILITIES,ENER
UTILITIES,ENERH
UTILITIES,ENERH.
UTILITIES,Her
UTILITIES,Hers
UTILITIES,Herso
UTILITIES,Herson
UTILITIES,Ker
UTILITIES,Kerc
UTILITIES,Kerch
UTILITIES,Kerchg
UTILITIES,Kne
UTILITIES,Knes
UTILITIES,Kness
UTILITIES,Kness-
UTILITIES,Kre
UTILITIES,Krem
UTILITIES,Kreme
UTILITIES,Kremen
UTILITIES,MYK
UTILITIES,MYKO
UTILITIES,MYKOL
UTILITIES,MYKOLA
UTILITIES,Pol
UTILITIES,Polt
UTILITIES,Polta
UTILITIES,Poltav
UTILITIES,Pry
UTILITIES,Pryk
UTILITIES,Pryka
UTILITIES,Prykar
UTILITIES,RPG
UTILITIES,SUM
UTILITIES,SUMY
UTILITIES,SUMYO
UTILITIES,SUMYOB
UTILITIES,Skh
UTILITIES,Skhi
UTILITIES,Skhid
UTILITIES,Skhide
UTILITIES,Sod
UTILITIES,Sodr
UTILITIES,Sodru
UTILITIES,Sodruz
UTILITIES,TER
UTILITIES,TERN
UTILITIES,TERNO
UTILITIES,TERNOP
UTILITIES,TOV
UTILITIES,"TOV"""
UTILITIES,"TOV""K"
UTILITIES,"TOV""Kr"
UTILITIES,Tra
UTILITIES,Trad
UTILITIES,Tradi
UTILITIES,Tradin
UTILITIES,Umv
UTILITIES,Umve
UTILITIES,Umvel
UTILITIES,Umvelt
UTILITIES,«Ek
UTILITIES,«Eko
UTILITIES,«Ekok
UTILITIES,«Ekoko
industry,nam
industry,name
