name,industry,frequency
""" DÉL-KAVICS"" Bányászati Termelõ",MATERIALS,6
"""3P Solutions"" Ipari, Fejlesztõ",MATERIALS,6
"""A fény útján""",NOT RELEVANT,6
"""ADY"" Lakásfenntartó",REAL ESTATE,6
"""AGRIMOTOR"" KISMOTORÖSSZESZERELÖ",INDUSTRIALS,6
"""AGRO-FARMER 2001"" Mezõgazdasági Te",NOT RELEVANT,6
"""AGRODOB-ELEKTRO"" KFT",NOT RELEVANT,6
"""AGROKVALIT"" Termelõ, Szolgáltató",CONSUMER STAPLES,6
"""AGRÁR-HÁZ"" Külkereskedelmi",NOT RELEVANT,6
"""AGÁRD"" HOLDING BEFEKTETÉSI",NOT RELEVANT,6
"""AKVIZITOR"" Kereskedelmi, Vállalkoz",CONSUMER STAPLES,6
"""ANGELIKA FARM"" Gyógynövénytermelõ-",CONSUMER STAPLES,6
"""ASZTIK-FOOD"" Kereskedelmi",NOT RELEVANT,6
"""AVÉP"" Ajkai Építõipari Korlátolt",INDUSTRIALS,6
"""AXIÁL"" Javító, Kereskedelmi és",INDUSTRIALS,6
"""Adonyhús"" Sertéstenyésztõ, Hús",CONSUMER STAPLES,6
"""Alba-Séd"" Patyolat Szolgáltató",NOT RELEVANT,6
"""Amerikai út 96""",NOT RELEVANT,6
"""Ametiszt 25"" Kereskedelmi",NOT RELEVANT,6
"""Angus"" Húsmarhatenyésztõ és Forgal",CONSUMER STAPLES,6
"""BARCOMP"" Baromfinevelõ,",CONSUMER STAPLES,6
"""BARTÓK BÉLA"" LAKÁSFENNTARTÓ",REAL ESTATE,6
"""BENZOL"" Ipari, Kereskedelmi és",CONSUMER DISCRETIONARY,6
"""BERGADLER-PLUSZ"" Kereskedelmi és",NOT RELEVANT,6
"""BINGO - 2001 "" Pénznyerõ Automatát",CONSUMER DISCRETIONARY,6
"""BIO-SÜTI"" Sütõipari",NOT RELEVANT,6
"""BORÁROS TÉRI GARAGE""",REAL ESTATE,6
"""BOTÉSZ"" Bodzatermelõk Értékesítõ",CONSUMER STAPLES,6
"""Bajorház 2000"" Építõipari,",NOT RELEVANT,6
"""Balusztrád-Építõmester""",NOT RELEVANT,6
"""Batsányi János"" Galamb- és Kisálla",NOT RELEVANT,6
"""Belvárosi Kígyó Gyógyszertár""",CONSUMER STAPLES,6
"""BÁCSKA"" AGRÁR-IPARI",CONSUMER STAPLES,6
"""COOPTECH"" Vállalkozás",MATERIALS,6
"""CORCOVADO 2006""",NOT RELEVANT,6
"""CabTec"" Kábelkonfekcionáló és",INDUSTRIALS,6
"""CoreComm SI"" Szolgáltató és",INDUSTRIALS,6
"""Csombárdi Gazda"" Felvásárlási, Bes",NOT RELEVANT,6
"""DARÓC-INVEST"" Ingatlanforgalmazó,",NOT RELEVANT,6
"""DELIKÁT"" Kereskedelmi és",NOT RELEVANT,6
"""DI-FER RENT"" Gépjármûkölcsönzõ",INDUSTRIALS,6
"""DKI Center"" Ipari Kereskedelmi",NOT RELEVANT,6
"""DOB-TAK"" Takarmánygyártó,",CONSUMER STAPLES,6
"""DOLCETTA"" Ipari, Kereskedelmi és",CONSUMER STAPLES,6
"""DÉSZOLG"" Dunamenti Építõ és",INDUSTRIALS,6
"""EURO-FARMER"" Mezõgazdasági",NOT RELEVANT,6
"""EURORABBIT"" Nyúltenyésztõ",CONSUMER STAPLES,6
"""EVERGLADES"" KERESKEDELMI",NOT RELEVANT,6
"""Ecser Közmû"" Szolgáltató",FINANCIALS,6
"""Enger"" Kereskedelmi és",CONSUMER DISCRETIONARY,6
"""Euro-Faker"" Ipari, Kereskedelmi,",NOT RELEVANT,6
"""FARM-KER"" Kereskedelmi és",NOT RELEVANT,6
"""FEHÉRVÁR F. C."" Sportszolgáltató",NOT RELEVANT,6
"""FEKETESÁR"" Mezõgazdasági",CONSUMER STAPLES,6
"""FIRE 97"" Pénznyerõ Automatát Üzeme",CONSUMER DISCRETIONARY,6
"""FÁY ANDRÁS"" Lakásépítõ és Fenntart",REAL ESTATE,6
"""FÉMSZER"" Építõ és Fémipari",NOT RELEVANT,6
"""FÉNY NET"" Kereskedelmi és",NOT RELEVANT,6
"""FÉNY-BER"" Beruházó Szolgáltató",NOT RELEVANT,6
"""FÉNYPORT"" Szolgáltató",INDUSTRIALS,6
"""FÜRED HOLDING"" Szolgáltató és",CONSUMER STAPLES,6
"""Fény"" Szolgáltató",CONSUMER DISCRETIONARY,6
"""GABONAKOM"" Mezõgazdasági,",CONSUMER STAPLES,6
"""GALAMBOS ÉS TÁRSA"" SZOLGÁLTATO",NOT RELEVANT,6
"""GARAIHÁZ"" Ingatlanforgalmazó és Be",FINANCIALS,6
"""GENERAL ELECTRONIC"" Építõipari",NOT RELEVANT,6
"""GLASS"" Kereskedelmi és",CONSUMER DISCRETIONARY,6
"""GLOBÁL"" Plasztik Kereskedelmi és",NOT RELEVANT,6
"""GOF HUNGARY"" Gabona-, Olajos és",NOT RELEVANT,6
"""GRAMINAE"" Mezõgazdasági",CONSUMER STAPLES,6
"""GRAND-ÁCS"" Ipari, Szolgáltató és",NOT RELEVANT,6
"""GREDI"" Egészségügyi Szolgáltató",NOT RELEVANT,6
"""GSV"" Kereskedelmi Korlátolt",INDUSTRIALS,6
"""GYÕR, ROYAL PARKVÁROS I.""",REAL ESTATE,6
"""Gazda'99."" Beszerzõ, Raktározó, Ér",NOT RELEVANT,6
"""Gyógyszertér"" Gyógyszertár-üzemelt",NOT RELEVANT,6
"""Gyõrszemerei"" - Olajos Növények",CONSUMER STAPLES,6
"""GÉGÉNY"" Építõipari",NOT RELEVANT,6
"""GÓLICZA"" Termelõ, Kereskedelmi",NOT RELEVANT,6
"""Góól"" Szórakoztató és Ingatlan",FINANCIALS,6
"""HAHÓTI VÁRDOMB"" Mezõgazdasági",CONSUMER STAPLES,6
"""HAPP"" Fuvarozó és Szállítmányozó",INDUSTRIALS,6
"""HELIX 90."" Kereskedelmi és",CONSUMER STAPLES,6
"""HORIZONT"" LAKÁSFENNTARTÓ SZÖVETKEZ",FINANCIALS,6
"""HOVÁNY"" Kereskedelmi és",CONSUMER DISCRETIONARY,6
"""HUMAN SYSTEM"" SZOLGÁLTATÓ",NOT RELEVANT,6
"""HUNGARO-ARMS"" Kereskedelmi és",NOT RELEVANT,6
"""HUNGARO-CHAMPIGNON"" Termeltetõ-",CONSUMER STAPLES,6
"""HUSZÁR 99"" Szolgáltató és Keresked",REAL ESTATE,6
"""Halasi Magtár"" Agrárlogisztikai",NOT RELEVANT,6
"""Heten"" Ingatlanforgalmazó,",CONSUMER STAPLES,6
"""Hevesi-Hús"" Húsipari Termékeket Te",MATERIALS,6
"""HÖPE"" Vasipari Korlátolt",CONSUMER DISCRETIONARY,6
"""ILLKER-FOOD"" Kereskedelmi",CONSUMER STAPLES,6
"""IMMO Industry"" Ingatlanforgalmazó,",FINANCIALS,6
"""INTEGRANET"" Kereskedelmi és",NOT RELEVANT,6
"""Ifjuság""",REAL ESTATE,6
"""Ingatlan Portál"" Ingatlanforgalmaz",FINANCIALS,6
"""Intertrió"" Kereskedelmi",NOT RELEVANT,6
"""Ipari Terület Bezenye"" Ipari és Ke",REAL ESTATE,6
"""JANELLA""",NOT RELEVANT,6
"""JTT PRO"" BIZTONSÁGTECHNIKAI, KERES",INDUSTRIALS,6
"""JTT-Gastro-Service"" Szolgáltató",CONSUMER DISCRETIONARY,6
"""Jet Travel"" Idegenforgalmi",CONSUMER DISCRETIONARY,6
"""Jobb-Kenyer"" Kft.",CONSUMER STAPLES,6
"""JÓB"" Gyógyszeripari Termékeket",CONSUMER STAPLES,6
"""JÓZSEF ATTILA"" 3.számú LAKÁSFENNTA",REAL ESTATE,6
"""Jókai úti"" Lakásfenntartó",REAL ESTATE,6
"""KA-TÉSZ"" Sertéstermelõ,",CONSUMER STAPLES,6
"""KARTON"" SZOLGÁLTATÓ",NOT RELEVANT,6
"""KE-VÍZ 21"" Építõipari",INDUSTRIALS,6
"""KELET-TRANS 2000"" Fuvarozó és",INDUSTRIALS,6
"""KELET-VÁLL-BER"" KFT",NOT RELEVANT,6
"""KEVAIMPEX"" Kereskedelmi és",CONSUMER DISCRETIONARY,6
"""KEVIN-GAME 2000"" Pénznyerõ Autómat",NOT RELEVANT,6
"""KING CHAMPIGNONS"" Gombatermesztõ",CONSUMER STAPLES,6
"""KINIZSI PÁL""MGTSZ",NOT RELEVANT,6
"""KISRÉTI GAZDÁK"" MG.",NOT RELEVANT,6
"""KOLLÁR EURO TRANS"" Szolgáltató",NOT RELEVANT,6
"""KOR-AN 98"" Mezõgazdasági,",CONSUMER STAPLES,6
"""KORONA"" Lakásfenntartó",FINANCIALS,6
"""KREKK-INFO"" Reklám, Terjesztési",CONSUMER DISCRETIONARY,6
"""KROMAT"" Mûszerforgalmazó",HEALTH CARE,6
"""KUNSÁG"" Élelmiszerkereskedelmi",CONSUMER STAPLES,6
"""Kapoly Gabona"" Gabonakereskedelmi",NOT RELEVANT,6
"""Kaposplast Vagyonkezelõ""",REAL ESTATE,6
"""Kata Patika"" Gyógyszeripari",CONSUMER STAPLES,6
"""Kelet-Food 2000"" Élelmiszeripari",CONSUMER STAPLES,6
"""Kittenberger Kálmán"" Növény és Vad",NOT RELEVANT,6
"""Klima Ép-Gép-Szer"" Hûtési és Hõtec",NOT RELEVANT,6
"""Kocka""",FINANCIALS,6
"""Kossuth tér 6-8.""",FINANCIALS,6
"""Kulinárium Magazin"" Lapkiadó",NOT RELEVANT,6
"""Kõtenger-Gabona"" Kereskedelmi és",CONSUMER STAPLES,6
"""LAKSZÖV"" NYÍREGYHÁZI LAKÁSSZÖVETKE",REAL ESTATE,6
"""LÁNG"" Kereskedelmi Korlátolt",NOT RELEVANT,6
"""LÉVAI HOTEL"" VENDÉGLÁTÓ ÉS KER",NOT RELEVANT,6
"""M-ART"" KERESKEDELMI",CONSUMER DISCRETIONARY,6
"""MAGYAR INDOKÍNA TÁRSASÁG"" Befekte",CONSUMER DISCRETIONARY,6
"""MAGYARTELEKI AGRO"" Mezõgazdasági",CONSUMER STAPLES,6
"""MAJOROS"" Öntödei Korlátolt",INDUSTRIALS,6
"""MANAX"" Mezõgazdasági Szolgáltató,",CONSUMER STAPLES,6
"""MARGITTA-SZIGET 92""",CONSUMER STAPLES,6
"""MCS"" Vágóhíd Zártkörûen Mûködõ",CONSUMER STAPLES,6
"""MEDIC-ING"" Ingatlanfejlesztõ és -h",FINANCIALS,6
"""MEGA-LOGISTIC"" BERUHÁZÁSI ÉS ÜZEME",NOT RELEVANT,6
"""MEGAWATT VILLAMOSIPARI""",INDUSTRIALS,6
"""MERKATIMPEX"" Kereskedelmi és Vendé",CONSUMER STAPLES,6
"""MEZÕMAG"" VETÕM.TERM.TISZT.FORG.KFT",NOT RELEVANT,6
"""MIDIO HUNGARY Kereskedelmi Kft.""",CONSUMER DISCRETIONARY,6
"""MIGAN"" Ker. és Szolg.",INDUSTRIALS,6
"""MILKY WAY"" Kereskedelmi és",FINANCIALS,6
"""MOBILTRANS"" TEHERFUVAROZÓ ÉS",NOT RELEVANT,6
"""MOUNTEX"" ALPIN DESIGN",CONSUMER DISCRETIONARY,6
"""Maroni 3"" Vendéglátóipari és",NOT RELEVANT,6
"""Meridián-2000"" kereskedelmi és",CONSUMER STAPLES,6
"""Munkalehetõség a Jövõért"" Szolnok",NOT RELEVANT,6
"""MÉTA"" Kereskedelmi Korlátolt",NOT RELEVANT,6
"""MÓDIUS"" Sütõipari",FINANCIALS,6
"""NAGY PR."" Kereskedelmi és Szolgált",COMMUNICATIONS,6
"""NAGY ÉS FIAI"" Szolgáltató és",HEALTH CARE,6
"""NEFÁR-MEDIÁTOR"" Biztosítási Alkusz",NOT RELEVANT,6
"""NOVEMBER 7""",FINANCIALS,6
"""NYIR-CHEM"" Kereskedelmi és",NOT RELEVANT,6
"""NYÍRSÉG-TRANSZ""KFT",NOT RELEVANT,6
"""Nasi Plusz"" Ingatlanhasznosító",CONSUMER STAPLES,6
"""Nyelviskola"" Oktatásszervezõ és",NOT RELEVANT,6
"""OPTIMUS"" Építõipari Kivitelezõ",NOT RELEVANT,6
"""Otthon"" Lakásfenntartó",FINANCIALS,6
"""PACK-ING"" TERMELÕ, TERMELTETÕ GYÁR",CONSUMER STAPLES,6
"""PARÉTI"" Kereskedelmi és",CONSUMER STAPLES,6
"""PINKERTON-V""",NOT RELEVANT,6
"""PIRO-FINN""",NOT RELEVANT,6
"""PLAST-TEXT 2002"" Mûanyag- és Texti",NOT RELEVANT,6
"""Palazzo Csajkovszkij Társasház""",REAL ESTATE,6
"""Palota"" Lakásfenntartó",REAL ESTATE,6
"""Panelház"" Lakásfenntartó",REAL ESTATE,6
"""Pannon-Milk-Transzport""",INDUSTRIALS,6
"""Patika Kínokra"" Gyógyszerészeti",CONSUMER STAPLES,6
"""Pintér Károly"" Lakásfenntartó",REAL ESTATE,6
"""Pro-Team"" Rehabilitációs",CONSUMER DISCRETIONARY,6
"""Pro-Team"" Rehabilitációs",NOT RELEVANT,6
"""PÉTKOMM"" Pétfürõdi Kommunális és",UTILITIES,6
"""PÓ-KER '73"" Szolgáltató",NOT RELEVANT,6
"""R 04"" Ingatlanforgalmazó és Haszno",NOT RELEVANT,6
"""R-Biller utca 16""",FINANCIALS,6
"""REBAKO-HÚS"" KERESKEDELMI ÉS",NOT RELEVANT,6
"""RUBÓK"" Kereskedelmi és",CONSUMER STAPLES,6
"""Realon 2000"" Befektetési és",NOT RELEVANT,6
"""Rudolph Autóipari Logisztikai""",CONSUMER DISCRETIONARY,6
"""Rákóczi"" Lakás-, Garázs-, Mûhely É",REAL ESTATE,6
"""Rétsági Kõhárs"" Gyógyszerészeti",CONSUMER STAPLES,6
"""S & N"" Erdészeti Termelõ,",NOT RELEVANT,6
"""S"" MODELL Kereskedelmi",CONSUMER DISCRETIONARY,6
"""SCHALBERT"" Kisapostag Település",NOT RELEVANT,6
"""SIKÉR"" Malomipari",CONSUMER STAPLES,6
"""SIMBA Hungary"" Szolgáltató, Ipari",NOT RELEVANT,6
"""SOLTÚT"" Útépítõ, Fenntartó és",INDUSTRIALS,6
"""SOMOSFER""",NOT RELEVANT,6
"""SPUR"" VAGYONKEZELÕ ZRT.",NOT RELEVANT,6
"""STÚDIÓ-V"" Ingatlanhasznosító",REAL ESTATE,6
"""SZ-L"" BAU Építõipari és",NOT RELEVANT,6
"""SZABÓ FOGASKERÉKGYÁRTÓ"" Ipari,",INDUSTRIALS,6
"""SZAL-TÓ"" Kereskedelmi",CONSUMER STAPLES,6
"""SZARVASCSÁRDA"" Ingatlankezelõ, -fe",INDUSTRIALS,6
"""SZERVÍZ""",NOT RELEVANT,6
"""SZEVIÉP"" Szerkezet - és Vízépítõ",INDUSTRIALS,6
"""Sano-Modern Takarmányozás"" Gyártó,",CONSUMER STAPLES,6
"""Silvestris & Szilas"" Gyógynövényfe",MATERIALS,6
"""Stadion"" Lakás és",FINANCIALS,6
"""Szárító"" Mezõgazdasági",NOT RELEVANT,6
"""SÖKE-HUNGÁRIA"" Mûanyagfeldolgozó",INDUSTRIALS,6
"""Sárbogárdi"" Olajos Növények Termék",CONSUMER STAPLES,6
"""Sárgaház""",FINANCIALS,6
"""TE-DI TRADE"" KERESKEDELMI",CONSUMER STAPLES,6
"""THERMÁL-BAU-2000""KFT",NOT RELEVANT,6
"""THG""",NOT RELEVANT,6
"""THOMAS"" Vendéglátó, Kereskedõ és I",NOT RELEVANT,6
"""TIMÁR-GUMI"" Ipari és",CONSUMER DISCRETIONARY,6
"""TORNAI PINCÉSZET"" Borászati,",CONSUMER STAPLES,6
"""TRIPAN"" Kereskedelmi és",NOT RELEVANT,6
"""Tarcsai Transport"" Kereskedelmi",INDUSTRIALS,6
"""Tavasz"" Lakás- és",FINANCIALS,6
"""Termelés-Logistic-Centrum""",MATERIALS,6
"""Thor Patika""",CONSUMER STAPLES,6
"""Trans-Max Hungaria"" Logisztikai",NOT RELEVANT,6
"""Tulipán-ház""",REAL ESTATE,6
"""TÓTH AUTÓ KAPOSVÁR"" Autókereskedel",CONSUMER DISCRETIONARY,6
"""Uhrin Transzport"" Szállítási és",INDUSTRIALS,6
"""Ujvári -98"" Kereskedelmi és",NOT RELEVANT,6
"""VENTWEST"" Kereskedelmi Korlátolt",CONSUMER STAPLES,6
"""VERITAS DUNAKILITI"" Csatlakozástec",CONSUMER DISCRETIONARY,6
"""VERTEX BÚTOR"" Bútoripari és",CONSUMER DISCRETIONARY,6
"""VHG"" Velencei-tavi",INDUSTRIALS,6
"""VILL - MASTER 95"" IPARI",NOT RELEVANT,6
"""Villányi Szársomlyó""",CONSUMER STAPLES,6
"""Váli Fix Trans"" Szállító- és",INDUSTRIALS,6
"""Vértes Üzletház""",NOT RELEVANT,6
"""WEINHAUS "" Borászati, Termelõ,",CONSUMER STAPLES,6
"""XXL""TRANS SZÁLLÍTÁSI ÉS KERESKEDLE",NOT RELEVANT,6
"""Y-Ház""",REAL ESTATE,6
"""Z + D"" Nagykereskedelmi és Diszkon",CONSUMER STAPLES,6
"""ZAFÍR HOUSE"" Ingatlanhasznosító",NOT RELEVANT,6
"""ZART-G"" KERESKEDELMI",NOT RELEVANT,6
"""ZSETON-1000"" Szerencsejáték",CONSUMER DISCRETIONARY,6
"""ZSETON-5000"" Szerencsejáték",CONSUMER DISCRETIONARY,6
"""ZSOL-CEM"" Logisztikai és",NOT RELEVANT,6
"""Zseton-4000"" Szerencsejátékszervez",CONSUMER DISCRETIONARY,6
"""ZÁHONYI HÕTERMELÖ-ÉS TÁVHÕSZOLGÁLT",NOT RELEVANT,6
"""ÉBEN-HUNGÁRIA"" Termelési- és Keres",FINANCIALS,6
"""ÚJ HÁZ"" ÉPÍTÕANYAG NAGYKERESKEDELM",INDUSTRIALS,6
"""Új Lombard"" Sport Kft. -F.A.",CONSUMER DISCRETIONARY,6
& A Mode Kereskedelmi Korlátolt,CONSUMER DISCRETIONARY,6
& Chicken Baromfifeldolgozó és,CONSUMER STAPLES,6
& K Kereskedelmi és Szolgáltató,NOT RELEVANT,6
& P VETÕMAGKER KFT,NOT RELEVANT,6
& T Logisztikai,NOT RELEVANT,6
& T Szentlõrinckáta,NOT RELEVANT,6
& T-Malom Élelmiszeripari,NOT RELEVANT,6
& V Transport,NOT RELEVANT,6
& fiai TÜZÉP Kereskedelmi-,INDUSTRIALS,6
+ A 2000 KERESKEDELMI ÉS,NOT RELEVANT,6
+ NAGEL SZÁLLÍTMÁNYOZÁSI,INDUSTRIALS,6
+ T VAGYONHASZNOSÍTÓ,NOT RELEVANT,6
",XIV.kerület, Füredi Park",REAL ESTATE,6
- FOCUSON Logistics,INDUSTRIALS,6
- INVEST Zártkörûen Mûködõ,INDUSTRIALS,6
- Teleki u. 15.,FINANCIALS,6
- TÜZÉP Kereskedelmi- Gyárt,INDUSTRIALS,6
"- VITAL Szolgáltató,",NOT RELEVANT,6
-THERMIT Hegesztõ Korlátolt,INDUSTRIALS,6
04. Kereskedelmi és Szolgáltató,NOT RELEVANT,6
1-3,FINANCIALS,6
1. Magyar Cukor Manufaktúra Csomago,INDUSTRIALS,6
1. sz. Lakásfenntartó,FINANCIALS,6
10 Minutes Bistro Kereskedelmi és,CONSUMER DISCRETIONARY,6
10.,FINANCIALS,6
10. sz. Lakásfenntartó,REAL ESTATE,6
1000 Mester Szakképzés-szervezési,CONSUMER DISCRETIONARY,6
1008 sz. Társasház Rózsa u. 42-48,FINANCIALS,6
"1011 Budapest, Fõ utca 37/C",REAL ESTATE,6
"1014 Budapest, Országház u. 27.",REAL ESTATE,6
1015 Batthyány utca 10.,REAL ESTATE,6
"1015 Budapest, Donáti u. 4-6-8., Hu",REAL ESTATE,6
1015 DONÁTI UTCA,REAL ESTATE,6
1019. OTP,FINANCIALS,6
1022 Bogár u. 15.,REAL ESTATE,6
"1024 Budapest, Keleti Kár",REAL ESTATE,6
1024. sz. jelû,FINANCIALS,6
"1025 Budapest, Boróka",REAL ESTATE,6
1032 Budapest III. ker. Zápor,REAL ESTATE,6
"1042 Budapest, József Att",REAL ESTATE,6
"1042 Budapest, Árpád út 7-11.",REAL ESTATE,6
"1046 Budapest, Dunakeszi u 11 IV 12",REAL ESTATE,6
1048 Budapest Sárpatak u. 17-19.,REAL ESTATE,6
"1065 Bp., Révay u. 22. sz.",REAL ESTATE,6
"1066 Budapest, Lovag utca 13. sz.",REAL ESTATE,6
"1090 Budapest IX. ker., Dési Huber",REAL ESTATE,6
11 Entertainment,CONSUMER DISCRETIONARY,6
11 Entertainment Holding a.s.,CONSUMER DISCRETIONARY,6
11. sz. Lakásfenntartó,FINANCIALS,6
1102 Budapest Kolozsvári,REAL ESTATE,6
1104 Budapest X. ker. Szõlõhegy,REAL ESTATE,6
1106 Budapest X. ker. Gyakorló,REAL ESTATE,6
1114 Budapest XI. ker. Hamzsabégi ú,REAL ESTATE,6
"1125. Budapest, Gereben u. 2a sz.",FINANCIALS,6
113-114. sz.,REAL ESTATE,6
113.,REAL ESTATE,6
1138 Budapest XIII. ker. Népfürdõ,REAL ESTATE,6
"1155 Budapest, XV. ker. Rákos út 98",REAL ESTATE,6
1157 Budapest XV. ker. Zsókavár,REAL ESTATE,6
"1157 Budapest, Nyírpalot",REAL ESTATE,6
1204 Budapest XX. ker. Ady Endre ut,REAL ESTATE,6
128. sz.,FINANCIALS,6
1418 sz. Remény,FINANCIALS,6
15. sz. Lakásfenntartó,FINANCIALS,6
18-20.,REAL ESTATE,6
1993 Befektetés Korlátolt,CONSUMER STAPLES,6
2000 KFT. - F.a.,NOT RELEVANT,6
2005 Kereskedelmi és,NOT RELEVANT,6
2009 BEFEKTETÕ,CONSUMER STAPLES,12
"2012 Ajka, Verseny utca 10-16.",REAL ESTATE,6
"2030 Érd, II. ker., Béke tér 8.",REAL ESTATE,6
220volt Magyarország Korlátolt,CONSUMER DISCRETIONARY,6
23. sz. Lakásfenntartó,REAL ESTATE,6
"2890 Tata, Gesztenye fasor 41.",REAL ESTATE,6
3 B Belsõépítészeti Tervezõ Kivitel,NOT RELEVANT,6
3.,FINANCIALS,6
3. sz. Lakásfenntartó,REAL ESTATE,6
3. számú,REAL ESTATE,6
313.,REAL ESTATE,6
314.,REAL ESTATE,6
32.,REAL ESTATE,6
"3B HUNGARIA Ipari, Kereskedelmi",INDUSTRIALS,6
"4220 Hajdúböszörmény, Désány u. 2-1",REAL ESTATE,6
"4400 Nyíregyháza, Vasvári P. u. 41-",REAL ESTATE,6
4Plants Kereskedelmi és,NOT RELEVANT,6
4iG Informatikai Zártkörûen,INFORMATION TECHNOLOGY,6
5-KER,NOT RELEVANT,6
50MW Napenergia Korlátolt,UTILITIES,6
55. sz.,FINANCIALS,6
6,FINANCIALS,6
6 KARÁT '97,NOT RELEVANT,6
66 Felcsut,CONSUMER STAPLES,6
7. A-B,REAL ESTATE,6
7. sz. Lakásfenntartó,FINANCIALS,6
74.,FINANCIALS,6
75 lakásos Társasház Hajdúböszörmén,FINANCIALS,6
8.,FINANCIALS,6
"8060 Mór, 1785 hrsz alatti",REAL ESTATE,6
"8200 Veszprém, Wartha Vince utca 22",REAL ESTATE,6
"8640 Fonyód, Ady E. u. 37",REAL ESTATE,6
90,NOT RELEVANT,6
"9200 Mosonmagyaróvár, Szent István",REAL ESTATE,6
95 Közvetítõ Kereskedelmi és,NOT RELEVANT,6
97 EOOD,INDUSTRIALS,6
97 s.r.o.,INDUSTRIALS,6
99' KERTÉSZETI SZAKTANÁCSADÓ,CONSUMER STAPLES,6
A BETON-VIACOLOR TÉRKÕ Gyártó és Ke,MATERIALS,6
A és TS Kereskedelmi,CONSUMER DISCRETIONARY,6
"A'DIOS-PLUS INGATLANHASZNOSÍTÓ, KER",REAL ESTATE,6
A-33,FINANCIALS,6
A-FAMILY Korlátolt Felelõsségû,INDUSTRIALS,6
A-Híd Építõ,INDUSTRIALS,6
A-K Épitõipari Korlátolt,INDUSTRIALS,6
A.B.CON Üzleti Tanácsadó,NOT RELEVANT,6
A.G.L. TRANSPORT Kereskedelmi és,INDUSTRIALS,6
"A.H.UNIVERSAL-BAU Faüzem, Faipari",CONSUMER DISCRETIONARY,6
"A.L.M. Mezõgazdasági, Húsipari és",CONSUMER STAPLES,6
A.O. SMITH ELEKTROMOS TERMÉK,NOT RELEVANT,6
A.W.B. Consulting Services Limited,FINANCIALS,6
A1 Auto Gyor,CONSUMER DISCRETIONARY,6
A1 Dzéta Projekt,REAL ESTATE,6
A64 Vagyonkezelõ,INDUSTRIALS,6
AAM VEZETÕI INFORMATIKAI TANÁCSADÓ,NOT RELEVANT,6
AB Flow Invest Korlátolt,INDUSTRIALS,6
ABA SZOLGÁLTATÓ,NOT RELEVANT,6
ABAÚJTEJ Tejfelvásárló-Feldolgozó,CONSUMER STAPLES,6
ABB Installációs Készülékek Gyártó,MATERIALS,6
ABC European Air & Sea Cargo Distri,INDUSTRIALS,6
ABCD 2007 Szolgáltató,REAL ESTATE,6
"ABIC Befektetési,",NOT RELEVANT,6
ABILITY PARK A FOGYATÉKOS SZEMÉLYEK,NOT RELEVANT,6
ABLAK,NOT RELEVANT,6
ABLAKCENTRUM,INDUSTRIALS,6
ABM Avia Consulting,REAL ESTATE,6
"ABO HOLDING Vagyonkezelõ Zrt. ""CS.A",FINANCIALS,6
ABO WIND,UTILITIES,6
ABR Recycling Korlátolt,INDUSTRIALS,6
AC-DC Logisztikai Park,NOT RELEVANT,6
ACCELL Hunland Kerékpárgyártó és Ér,CONSUMER DISCRETIONARY,6
ACCOR HotelServices Magyarország,CONSUMER DISCRETIONARY,6
ACKERMANN Market Kereskedelmi és,CONSUMER DISCRETIONARY,6
ACS-GEP,NOT RELEVANT,6
ACTEL TÁVKÖZLÉSI,COMMUNICATIONS,6
ACTIVE-LOG,INDUSTRIALS,6
ACÉLFORMA Acélfeldolgozó és,NOT RELEVANT,6
ACÉLFUTÁR KER. ÉS SZOLG.,NOT RELEVANT,6
"ACÉLHIDAK Gyártó-, Szerelõ-és Mérnö",INDUSTRIALS,6
AD-VESZ KERESKEDELMI,CONSUMER STAPLES,6
ADA Hungária Bútorgyár,CONSUMER DISCRETIONARY,6
"ADACSI FRÍZ FARMER-TEJ TEJTERMELÕ,",NOT RELEVANT,6
ADAcast Könnyûfémöntöde Korlátolt,NOT RELEVANT,6
ADEPTUS MÉRNÖKI ÉPITÕIP.ÉS KER.,INDUSTRIALS,6
ADEPTUS-H Mély- és Magasépítõ,INDUSTRIALS,6
ADIENT MEZOLAK,CONSUMER DISCRETIONARY,6
ADLER-TRANS Nemzetközi,INDUSTRIALS,6
ADM Magyarország Agrár,CONSUMER STAPLES,6
ADMINGROUP SZOLGÁLTATÓ,INDUSTRIALS,6
ADONY-PORT KIKÖTÕ ÉS HAJÓZÁSI,INDUSTRIALS,6
ADR Logistics Szállítmányozási és,INDUSTRIALS,6
ADS Plastic Korlátolt Felelõsségû,MATERIALS,6
ADVANCED Vám és Logisztikai Központ,INDUSTRIALS,6
ADY ENDRE LAKÁS-ÉS GARÁZSFENNTARTÓ,REAL ESTATE,6
ADYVÁROSI GYÓGYSZERÉSZETI,CONSUMER STAPLES,6
AEROMATIC Repülõtér Kereskedelmi,CONSUMER DISCRETIONARY,6
AESCULAP 98 GYÓGYSZERTÁR,CONSUMER STAPLES,6
AFC Karima Építõipari és,INDUSTRIALS,6
AFLO EUROPE Korlátolt Felelõsségû,INDUSTRIALS,6
AG Magyarországi Fióktelep,INDUSTRIALS,6
AG PROCESSING-Magyarország Mezõgazs,CONSUMER STAPLES,6
AGC Glass Hungary,CONSUMER DISCRETIONARY,6
AGORA Budapest Korlátolt,REAL ESTATE,6
"AGORA Ipari, Kereskedelmi és",CONSUMER DISCRETIONARY,6
AGRANA MAGYARORSZÁG ÉRTÉKESÍT.KFT,NOT RELEVANT,6
AGRI CS Magyarország Korlátolt,INDUSTRIALS,6
AGRI-CORN,CONSUMER STAPLES,6
AGRIA MARKET Kereskedelmi és,CONSUMER STAPLES,6
AGRIA MOBIL Autóforgalmazási és,CONSUMER DISCRETIONARY,6
AGRIA VOLÁN,INDUSTRIALS,6
AGRIA-DRINK,CONSUMER STAPLES,6
AGRICOLA MEZÖGAZDASÁGI ÉS IPARI SZÖ,NOT RELEVANT,6
AGRICOOP DOVRE Gabona Export-Import,NOT RELEVANT,6
AGRIFUTURA REAL Termelõ és,CONSUMER STAPLES,6
AGRIKON KAM,NOT RELEVANT,6
AGRIMPEX TERMÉNYKERESKEDELMI,CONSUMER STAPLES,6
"AGRIVET FEJLESZTÕ, SZOLGÁLTATÓ ÉS",NOT RELEVANT,6
AGRO Mezõgazdasági és,CONSUMER STAPLES,6
"AGRO-BETON ÉPÍTÕIPARI, KERESKEDELMI",MATERIALS,6
AGRO-CITY Mezõgazdasági,CONSUMER STAPLES,6
AGRO-CUP Kereskedelmi és,MATERIALS,6
AGRO-DENT Ipari Kereskedelmi és,CONSUMER STAPLES,6
AGRO-FRUTTA TRANS,CONSUMER STAPLES,6
AGRO-HA-VA-NA,NOT RELEVANT,6
AGRO-HA-VA-NA Mezogazdasagi Termelo,CONSUMER STAPLES,6
AGRO-INVEST Mezõgazdasági Termelõ,CONSUMER STAPLES,6
AGRO-MILCH Mezõgazdasági és,NOT RELEVANT,6
AGRO-SZIGETKÖZ,CONSUMER STAPLES,6
AGRO-TREND Évezred Termelõ és,CONSUMER STAPLES,6
"AGRO-UNIO Beszerzõ, Értékesítõ és",NOT RELEVANT,6
AGRO-WIRT Termelõ és Szolgáltató,CONSUMER STAPLES,6
AGROBARACS Mezõgazdasági,CONSUMER STAPLES,6
"AGROBÁL MEZÖGAZDASÁGI, IPARI ÉS",CONSUMER STAPLES,6
AGROCS,CONSUMER STAPLES,6
AGROFARM-CHEMIKÁL Kereskedelmi és,NOT RELEVANT,6
AGROFEED KERESKEDELMI,CONSUMER STAPLES,6
AGROFEMA,NOT RELEVANT,6
AGROFERR ACÉL Ker. Zrt.,INDUSTRIALS,6
AGROFERR-INVEST Kereskedelmi és,NOT RELEVANT,6
AGROFORG Müszaki és Mezõgazdasági,INDUSTRIALS,6
AGROFORTE HOLDING Zártkörûen,INDUSTRIALS,6
AGROFUND-97 Kereskedelmi és,CONSUMER STAPLES,6
AGROKER HOLDING Kereskedelmi Zártkö,MATERIALS,6
AGROKER Mezõgazdasági Termelõ,MATERIALS,6
AGROKONZORCIUM Mezõgazdasági,CONSUMER STAPLES,6
AGROKÉMIA MEZÖGAZDASÁGI,CONSUMER STAPLES,6
AGROKÉMIA SELLYE RT.,MATERIALS,6
AGROLOG-HUNGÁRIA Agrárlogisztikai,CONSUMER STAPLES,6
AGROMIX Terményszárító és Takarmány,CONSUMER STAPLES,6
AGROMOBIL MG,NOT RELEVANT,6
AGROPATENT VÁLLALKOZÁSI,NOT RELEVANT,6
AGROPLANTA,NOT RELEVANT,6
AGROPONT Kereskedelmi és,NOT RELEVANT,6
AGROPRIMA Kereskedelmi és,CONSUMER STAPLES,6
AGROPRODUKT Mezõgazdasági Termelõ,CONSUMER STAPLES,6
AGROSZ,NOT RELEVANT,6
AGROSZIGET SZOLGÁLTATÓ ÉS,CONSUMER STAPLES,6
AGROTATA Korlátolt Felelõsségû,CONSUMER STAPLES,6
AGROTEBA 13,CONSUMER STAPLES,6
AGROTEC Magyarország,INDUSTRIALS,6
AGROTRAIN Szállítmányozási és,INDUSTRIALS,6
AGROÁCS BESZERZ.ÉRT.ÉS SZOLG.SZÖV.,NOT RELEVANT,6
AGRÁRCENTER Mezõgazdasági,CONSUMER STAPLES,6
AGRÁRGÉP-CEGLÉD Kereskedelmi és,NOT RELEVANT,6
AGRÁRSZÖVETKEZET NÁDASD,NOT RELEVANT,6
AGÁRDI ÉS TÁRSA KER. ÉS SZOLG.,NOT RELEVANT,6
AGÁRDY-MENTOR TANÁCSADÓ Korlátolt,CONSUMER DISCRETIONARY,6
AH NET Távközlési Szolgáltató Zártk,COMMUNICATIONS,6
AICHER BETON Építõanyag és Ipari Kõ,MATERIALS,6
AIK Energy Hungary Kft.,INDUSTRIALS,6
AIKAWA HUNGARIA ELEKTRONIKAI,INDUSTRIALS,6
AIM Trade,CONSUMER DISCRETIONARY,6
AIM-Medical Kereskedelmi,CONSUMER DISCRETIONARY,6
AIRCOND KLÍMA HÛTÉSTECHNIKAI,NOT RELEVANT,6
AIRDOME SPORT,NOT RELEVANT,6
AIRPORT INVEST Ingatlanfejlesztõ,NOT RELEVANT,6
AIRPORT-HOTEL Szállodai szolgáltató,NOT RELEVANT,6
AIT - Budapest Aquincumi Technológi,CONSUMER DISCRETIONARY,6
AJKA KRISTÁLY ÜVEGIPARI,CONSUMER DISCRETIONARY,6
AKILLAR Ingatlanhasznosítási,NOT RELEVANT,6
"AKKER-PLUS"" Tüzelõ- és Építõanyag",NOT RELEVANT,6
AKSD VÁROSGAZDÁLKODÁSI,NOT RELEVANT,6
AL HOLDING Ingatlanfejlesztõ ZRT.-F,REAL ESTATE,6
ALARM-TRADE Kereskedelmi és,COMMUNICATIONS,6
ALASZKA 2000 Kereskedelmi,REAL ESTATE,6
ALASZKA KERESKEDELMI,CONSUMER STAPLES,6
ALBARC Közép-dunántúli Kockázati Tõ,INDUSTRIALS,6
ALBATROSS PLASTUNION IPARI ES,NOT RELEVANT,6
ALBAX KERESKEDELMI ÉS SZOLGÁLTATÓ,INDUSTRIALS,6
ALCOMAX Hotel Zártkörûen Mûködõ,CONSUMER DISCRETIONARY,6
ALDI MAGYARORSZÁG ÉLELMISZER Élelmi,CONSUMER STAPLES,6
ALEKSA ISTVÁNNÉ,NOT RELEVANT,6
ALEX Fémbútor és Iskolabútor,CONSUMER DISCRETIONARY,6
ALFA-NOVA Bioenergia Termelõ és Szo,UTILITIES,6
"ALFA-NOVA Energetikai, Fejlesztõ,",CONSUMER DISCRETIONARY,6
ALFA-PIAC Kereskedelmi és Ingatlanf,REAL ESTATE,6
ALFI-Délker Kereskedelmi,MATERIALS,6
ALFÖLD KERESKEDELMI ZÁRTKÖRÛEN MÛKÖ,NOT RELEVANT,6
ALFÖLD PRO-COOP Kereskedelmi és,CONSUMER STAPLES,6
ALFÖLD-TABAK Kereskedelmi és,CONSUMER STAPLES,6
ALFÖLDGABONA KERESKEDELMI ÉS,CONSUMER STAPLES,6
ALISCA Terra Regionális Hulladékgaz,INDUSTRIALS,6
ALKALOIDA Vegyészeti Gyár,HEALTH CARE,6
ALKOTMÁNY MG. SZÖV.,NOT RELEVANT,6
ALLKER-2,NOT RELEVANT,6
ALMÁDI-KÓSA KER. ÉS SZOLGÁLTATÓ,NOT RELEVANT,6
ALPHA TOWER Ingatlanbefektetési,REAL ESTATE,6
ALPHAJET-FLY Szolgáltató,INDUSTRIALS,6
ALPLA MÛANYAG CSOMAGOLÓIPARI,MATERIALS,6
ALPLAindustrial Hungary Korlátolt,MATERIALS,6
ALPOK Építõcentrum Építõipari és,NOT RELEVANT,6
ALSÓVÁROSI BERUHÁZÓ VIZIKÖZMÛ TÁRS,NOT RELEVANT,6
ALTAN BETON HUNGÁRIA Építõipari,INDUSTRIALS,6
ALTEO Circular,INDUSTRIALS,6
ALTEO Energiaszolgáltató Nyrt.,UTILITIES,6
ALTEO-Therm Hõ- és Villamosenergia-,UTILITIES,6
ALTUS Befektetési és Vagyonkezelõ,INDUSTRIALS,6
ALU,NOT RELEVANT,6
"ALU-BLOCK Ipari, Kereskedelmi és",MATERIALS,6
ALUFE FÉMSZERKEZETI,INDUSTRIALS,6
ALUG Tanácsadó és Szolgáltató,INDUSTRIALS,6
ALUKONIGSTAHL,CONSUMER DISCRETIONARY,6
ALUKONSTRUKT,INDUSTRIALS,6
ALUMETAL GROUP HUNGARY Korlátolt,MATERIALS,6
ALV Agrokontrakt Kereskedelmi és,CONSUMER STAPLES,6
AMA INVEST Ingatlanhasznosító,FINANCIALS,6
"AMAHAN SECURITY Biztonsági, Vagyonv",CONSUMER DISCRETIONARY,6
"AMARU Kereskedelmi, Termelõ- és",NOT RELEVANT,6
AMAZONE Technology Korlátolt,INDUSTRIALS,6
AMBARELLA Hipermarket Ellátó,CONSUMER STAPLES,6
AMC Networks Central Europe,COMMUNICATIONS,6
AMD-SERVICES INGATLANFORGALMAZÓ ÉS,REAL ESTATE,6
AMIDA INVEST Ingatlanforgalmazó,NOT RELEVANT,6
AMIGO KERESKEDELMI ÉS VENDÉGLÁTÓ,NOT RELEVANT,6
AMROT Kereskedelmi és Szolgáltató,FINANCIALS,6
AMTEK HUNGARY,NOT RELEVANT,6
AMUREX GM Hungária Korlátolt,CONSUMER STAPLES,6
"AN-OV Vendéglátó, Szolgáltató, Épít",NOT RELEVANT,6
"ANERSA Ital Kis-, és Nagykereskedel",NOT RELEVANT,6
ANHTONI KERESKEDELMI ÉS,CONSUMER STAPLES,6
"ANITA-TRANZEX Szállítási,",NOT RELEVANT,6
ANTAL,REAL ESTATE,6
ANTAL EGYÉNI,NOT RELEVANT,6
ANTAL ÉS TÁRSA KERESKEDELMI,NOT RELEVANT,6
ANTHERA Kereskedelmi és,CONSUMER STAPLES,6
ANTI AGRESSZIÓ Kereskedelmi és,NOT RELEVANT,6
ANTI-SORGHUM,NOT RELEVANT,6
ANY Biztonsági Nyomda,INDUSTRIALS,6
APARTMANHÁZ Ingatlanfejleszt,NOT RELEVANT,6
APET 96 Korlátolt Felelõsségû,INDUSTRIALS,6
APIMEX Budapest Zöldség-Gyümölcs,NOT RELEVANT,6
APIS LOGISTIC Szolgáltató,CONSUMER DISCRETIONARY,6
APOLLÓ Gyógyszertár,CONSUMER STAPLES,6
APPART-TEAM,NOT RELEVANT,6
APRAIS Magyarország Kapcsolatfejles,NOT RELEVANT,6
APS Solutions Zártkörûen Mûködõ,INFORMATION TECHNOLOGY,6
AQUACOMET,INDUSTRIALS,6
"AQUAPLUS Kútfúró, Építõ és Termál-e",INDUSTRIALS,6
AQUASHOP Hungária,CONSUMER DISCRETIONARY,6
AQUINCUM International Közép-európa,INDUSTRIALS,6
ARABONA KFT.-F.A.,CONSUMER DISCRETIONARY,6
ARAGO,CONSUMER DISCRETIONARY,6
ARAGO Befektetési Holding,INDUSTRIALS,6
ARAGO Green Technologies,CONSUMER DISCRETIONARY,6
ARAGO INGATLANFORGALMAZÓ ÉS TANÁCSA,NOT RELEVANT,6
ARANO Korlátolt Felelõsségû,CONSUMER STAPLES,6
ARANYBARÁZDA,NOT RELEVANT,6
ARANYFÁCÁN KONZERVGYÁR KFT.,NOT RELEVANT,6
ARANYHÍD PANORÁMA,NOT RELEVANT,6
ARANYKALÁSZ MEZÕGAZDASÁGI IPARI,NOT RELEVANT,6
ARANYOSSZIGET VIZIKÖZMÛ,NOT RELEVANT,6
ARANYRÖG Mezõgazdasági,CONSUMER STAPLES,6
ARANYSZARVAS Mezõgazdasági Term.,NOT RELEVANT,6
ARAPUSZ Kereskedelmi Korlátolt,INDUSTRIALS,6
ARBO Vendéglátó és Szolgáltató,INDUSTRIALS,6
ARCADOM ÉPÍTÕIPARI ZRT.-F.A.,INDUSTRIALS,6
ARD Medical,CONSUMER DISCRETIONARY,6
ARGO 2001 SZOLGÁLTATÓ ÉS,NOT RELEVANT,6
ARGON-GROUP Korlátolt Felelõsségû,INDUSTRIALS,6
ARGON-KER Kereskedelmi és,MATERIALS,6
"ARGON-NOVA Biztonságtechnikai, Épít",MATERIALS,6
ARH Informatikai,NOT RELEVANT,6
ARNAUT PASA FÜRDÕJE Gyógyászati,HEALTH CARE,6
AROSA KERESKEDELMI ÉS SZOLGÁLTATÓ,REAL ESTATE,6
ARRABONA INVEST Szolgáltató,REAL ESTATE,6
ARRABONA Logisztikai Centrum Ingatl,NOT RELEVANT,6
ARSI-ARMCORP,MATERIALS,6
ART Hotel Kereskedelmi,NOT RELEVANT,6
ART-FARM MEZÖGAZDASÁGI TERMELÖ ÉS,NOT RELEVANT,6
ART-INVEST Kereskedelmi és,NOT RELEVANT,6
ARTOLI KERESKEDELMI ÉS,NOT RELEVANT,6
ASAL Kereskedõház,CONSUMER STAPLES,6
ASBIS Magyarország Kereskedelmi,INFORMATION TECHNOLOGY,6
ASD Ingatlanközvetítõ és Fejlesztõ,NOT RELEVANT,6
ASG Vízgép Korlátolt Felelõsségû,INDUSTRIALS,6
ASI HUNGARY Ingatlanfejlesztõ,REAL ESTATE,6
ASKO-Bútor Lakberendezési és Kisker,CONSUMER DISCRETIONARY,6
AST-American Service Idegenforgalmi,CONSUMER DISCRETIONARY,6
ASTRA KERESKEDELMI ÉS SZOLGÁLTATO,CONSUMER DISCRETIONARY,6
ASTRAZENECA KERESKEDELMI ÉS,NOT RELEVANT,6
ASV INGATLAN Ingatlanhasznosító,NOT RELEVANT,6
ASZÓDI CSATORNAMÛ VIZIKÖZMÛ,NOT RELEVANT,6
ATALIAN Global Services Hungary,INDUSTRIALS,6
"ATEB.T.I. Beruházási Tanácsadó,",NOT RELEVANT,6
ATEV,INDUSTRIALS,6
ATEV FEHÉRJEFELDOLGOZÓ,INDUSTRIALS,6
ATEVSZOLG INNOVÁCIÓS ÉS,INDUSTRIALS,6
ATIA-TERRA Mezogazdasagi,CONSUMER STAPLES,6
ATL Ipari és Kereskedelmi,INFORMATION TECHNOLOGY,6
ATLAS,INDUSTRIALS,6
ATLASZ Betonárut gyáró és Faipari,MATERIALS,6
ATLASZ-AUTÓ,CONSUMER DISCRETIONARY,6
ATOMIX,NOT RELEVANT,6
ATRACÉL Mérnöki és Szolgáltató,NOT RELEVANT,6
ATRC Aurigon Toxikológiai Kutatóköz,INDUSTRIALS,6
ATRO Befektetési,CONSUMER DISCRETIONARY,6
ATS Ingatlanfejlesztõ,REAL ESTATE,6
ATTA-CSÕ Ipari és Kereskedelmi,NOT RELEVANT,6
ATTACK,INDUSTRIALS,6
ATTILA-TRANS Szolgáltató Betéti,NOT RELEVANT,6
AUCHAN,CONSUMER STAPLES,6
AUCHAN MAGYARORSZÁG Kereskedelmi,CONSUMER STAPLES,6
AURÓRA PATIKA Kereskedelmi,CONSUMER STAPLES,6
AUSTRIA JUICE Hungary,CONSUMER STAPLES,6
AUSTROPHARMA Egezsegügyi,NOT RELEVANT,6
AUSZTRIA GMBH,NOT RELEVANT,6
AUTO,NOT RELEVANT,6
AUTO AUKCIO Kereskedelmi és,CONSUMER DISCRETIONARY,6
AUTO-KANIZSA Kereskedelmi es Szolga,CONSUMER DISCRETIONARY,6
"AUTO-TONE Kft. ""f.a."" (Gyulai Autoh",CONSUMER DISCRETIONARY,6
AUTOAGENT KERESKEDELMI ÉS SZOLGÁLTA,INDUSTRIALS,6
AUTOCARMA,CONSUMER DISCRETIONARY,6
AUTOFLEX,CONSUMER DISCRETIONARY,6
AUTOLAND 2000 Kereskedelmi és,NOT RELEVANT,6
AUTOMATIZÁLÁSI és INFOKOMMUNIKÁCIÓS,NOT RELEVANT,6
AUTOSOL,CONSUMER DISCRETIONARY,6
AUTOSZIGET KERESKEDELMI ÉS,NOT RELEVANT,6
AUTUS Vagyonkezelõ Korlátolt,CONSUMER DISCRETIONARY,6
AUTÓBUSZIPARI RT. -,NOT RELEVANT,6
AUTÓCENTRUM Szabó Kereskedelmi és,CONSUMER DISCRETIONARY,6
AUTÓFLEX-KNOTT Közlekedési Eszközök,CONSUMER DISCRETIONARY,6
AV 19 Sport Club,CONSUMER DISCRETIONARY,6
"AVA-PACK Ipari,Kereskedelmi és",MATERIALS,6
AVALON FLEET Korlátolt,FINANCIALS,6
AVALON HUNGARY KER. ÉS SZOLG,NOT RELEVANT,6
AVANCE-HAUS KÉSZHÁZGYÁRTO,NOT RELEVANT,6
AVE Ásványvíz Gyártó és,CONSUMER STAPLES,6
AVENIDA Pénzügyi Szolgáltató,INDUSTRIALS,6
AVESZT Gyógyszertár,CONSUMER STAPLES,6
"AVI-COOP Termelõ, Kereskedelmi és",NOT RELEVANT,6
AVIA SCORPIO KERESKEDELMI ES SZOLGA,NOT RELEVANT,6
AVILAND 2001. Baromfifeldolgozó,CONSUMER STAPLES,6
AVIUM 2000 Baromfifeldolgozó,CONSUMER STAPLES,6
AVON COSMETICS HUNGARY Kozmetikai C,CONSUMER STAPLES,6
AVONMORE-MILKMEN KFT.,NOT RELEVANT,6
AVOSZ Ingatlan Ingatlanforgalmazó,NOT RELEVANT,6
AW HOLDING VAGYONKEZELÕ,INDUSTRIALS,6
AWB Limited Korlátolt Felelõsségû,INDUSTRIALS,6
AWM Metal Group Korlátolt,INDUSTRIALS,6
AXIN KERESKEDELMI ÉS SZOLGÁLTATÓ,NOT RELEVANT,6
AXON Kábelgyártó,INDUSTRIALS,6
"AXON Vagyonkezelõ, Organizációs",FINANCIALS,6
AXON ÁGENS Pénzügyi és Tanácsadó KF,CONSUMER DISCRETIONARY,6
AZILE Kereskedelmi és Szolgáltató,CONSUMER STAPLES,6
AZON Ingatlanforgalmazó és Hasznosí,REAL ESTATE,6
AZÚR SZÁLLODAIPARI ZÁRTKÖRÛEN,NOT RELEVANT,6
Aalberts integrated piping systems,MATERIALS,6
Abai,NOT RELEVANT,6
"Abai Terménytároló, szárító és",INDUSTRIALS,6
Abasár Fõ út 170.,REAL ESTATE,6
Abonyi Mezõgazdasági Termelõ és,CONSUMER STAPLES,6
Abraham es Tarsa,NOT RELEVANT,6
Abullding Pipa Betéti,CONSUMER STAPLES,6
Achilleaszné,NOT RELEVANT,6
Actavis Hungary Gyógyszermarketing,HEALTH CARE,6
"Activ Hand Ingatlanhasznosító,",REAL ESTATE,6
Acélöntöde,NOT RELEVANT,6
Adex-Hungária Kereskedelmi és,NOT RELEVANT,6
Adient Hungary,CONSUMER DISCRETIONARY,6
AdmiNetwork Hungary Kereskedelmi,INFORMATION TECHNOLOGY,6
Adorján István,NOT RELEVANT,6
Adventum Ingatlan Befektetési,NOT RELEVANT,6
Ady,REAL ESTATE,6
Ady E. u. 73.,REAL ESTATE,6
Ady Endre u. 11.,FINANCIALS,6
Ady Endre u. 39.,REAL ESTATE,6
Ady Endre u. 5.,REAL ESTATE,6
Ady Endre út 37.,REAL ESTATE,6
Ady u. 11.,FINANCIALS,6
Ady u. 21.,FINANCIALS,6
Ady u. 44. sz.,FINANCIALS,6
Ady út 79.,REAL ESTATE,6
"Adél Termelõ, Szolgáltató és",CONSUMER DISCRETIONARY,6
Aerzen Hungária Energetikai és Körn,NOT RELEVANT,6
Affidea Magyarország Egészségügyi S,HEALTH CARE,6
Affiliate Network Korlátolt,CONSUMER DISCRETIONARY,6
Agancs út 26-28.,FINANCIALS,6
Agria-Humán Közhasznú Nonprofit,INDUSTRIALS,6
Agrider Gépkereskedelmi és,INDUSTRIALS,6
Agrifirm Magyarország Zrt. -,CONSUMER STAPLES,6
Agrifutura,CONSUMER STAPLES,6
Agrimill Kereskedelmi és,CONSUMER STAPLES,6
Agro - Vár Mezõgazdasági és,CONSUMER STAPLES,6
Agro Termelõ és Szolgáltató,CONSUMER STAPLES,6
Agro-M,CONSUMER STAPLES,6
Agro-Profit Növénytermesztõ és,CONSUMER STAPLES,6
"Agro-Pándi Mezõgazdasági Termelõ,",CONSUMER STAPLES,6
"AgroVario Mezõgazdasági,",INDUSTRIALS,6
Agrocsúcs,NOT RELEVANT,6
Agrofeed,CONSUMER STAPLES,6
Agroforrás Kereskedelmi és,NOT RELEVANT,6
Agroforte,CONSUMER STAPLES,6
Agroforte Grain Kereskedelmi és,CONSUMER STAPLES,6
Agrogyán,NOT RELEVANT,6
Agroker,MATERIALS,6
Agrolink Zártkörûen Mûködõ Részvény,CONSUMER STAPLES,6
Agronómia,CONSUMER STAPLES,6
Agrosystem Mezõgazdasági,CONSUMER STAPLES,6
Agroszasz,CONSUMER STAPLES,6
Agrotrading Kereskedelmi,CONSUMER STAPLES,6
Agrowirt,CONSUMER STAPLES,6
Agrár Kereskedelmi és,CONSUMER STAPLES,6
Agrárgazdasági Vagyonkezelõ,NOT RELEVANT,6
Agrárkereskedõház,CONSUMER STAPLES,6
"Agrártermék '99. Beszerzõ, Értékesí",CONSUMER STAPLES,6
Agárdi Farm Állattenyésztõ és Növén,CONSUMER STAPLES,6
Agócsné Hargittay Hajnalka,NOT RELEVANT,6
Ahau Solar Zártkörûen Mûködõ Részvé,UTILITIES,6
Air Holdings Plc,INDUSTRIALS,6
Air Hungary,INDUSTRIALS,6
Airport Hungary Tanácsadó,INDUSTRIALS,6
Airport Service Kereskedelmi és,CONSUMER DISCRETIONARY,6
"Ajka, Fõ u. 4.",REAL ESTATE,6
"Ajka, Ifjúság utca 2/D-2/E.",REAL ESTATE,6
"Ajka, Kohász u. 2.",REAL ESTATE,6
"Ajka, Kossuth u. 10.",REAL ESTATE,6
"Ajka, Kossuth u. 14.",REAL ESTATE,6
"Ajka, Kossuth u. 37-41.",REAL ESTATE,6
"Ajka, Kosztolányi u. 2.",REAL ESTATE,6
"Ajka, Móricz Zsigmond u. 8.",REAL ESTATE,6
"Ajkai Gimnázium, Technikum, Szakkép",CONSUMER DISCRETIONARY,6
Akadémia Plusz 2.0 Korlátolt,REAL ESTATE,6
Aktual Bau Epitoipari es,NOT RELEVANT,6
Aktív Mátrix Szolgáltató,INDUSTRIALS,6
Akác tér 11. sz. alatti,REAL ESTATE,6
Akácfa u. 2.,FINANCIALS,6
Alarmtechnika,INDUSTRIALS,6
Alaszka,CONSUMER STAPLES,6
Alaszka Investments Korlátolt,REAL ESTATE,6
Alba Volán Zártkörûen Mûködõ Autóbu,INDUSTRIALS,6
Alba-Fer Kereskedelmi és,CONSUMER DISCRETIONARY,6
Alba-Hõtherm Épületgépésézeti és,NOT RELEVANT,6
Alba-Seed Ingatlanforgalmazó és,REAL ESTATE,6
AlbaLeasing Pénzügyi Szolgáltató,NOT RELEVANT,6
Albemarle Magyarország Korlátolt,MATERIALS,6
Albrecht Ottó,CONSUMER STAPLES,6
Alcon Hungária Gyógyszerkereskedelm,HEALTH CARE,6
Alcsiszigeti Mezõgazdasági,CONSUMER STAPLES,6
Alexandra Consulting Könyvelési,INDUSTRIALS,6
Alexandra Júlia,CONSUMER STAPLES,6
Alfa Kereskedelmi,INDUSTRIALS,6
Alfahub Meta,NOT RELEVANT,6
Alfasonic Kereskedelmi és,CONSUMER DISCRETIONARY,6
Alfi-Ker,CONSUMER STAPLES,6
Alfold Pro-Coop,CONSUMER STAPLES,6
Alfoldgabona,CONSUMER STAPLES,6
Alföld Bérlet Bérbeadó és,FINANCIALS,6
Alföldi Hûtõház,INDUSTRIALS,6
Alföldvíz Regionális Víziközmû-szol,NOT RELEVANT,6
Alienline,CONSUMER DISCRETIONARY,6
Alimento Kereskedelmi és,CONSUMER STAPLES,6
Alisca Agrárház 2010,CONSUMER STAPLES,6
Alkotmány Agro Mezõgazdasági,CONSUMER STAPLES,6
Alkotmány Lakásfenntartó,REAL ESTATE,6
Alkotmány u. 28.,FINANCIALS,6
Alkotmány utca 3.,REAL ESTATE,6
Alkotás u. 12-13,FINANCIALS,6
All Feed Korlátolt Felelõsségû,CONSUMER STAPLES,6
All in One Transport,INDUSTRIALS,6
Alltech Hungary Kereskedelmi és,NOT RELEVANT,6
Alma Trade Mezõgazdasági Termelõ,CONSUMER STAPLES,6
Almos Agrárkülkereskedelmi,CONSUMER STAPLES,6
Almási Balogh Pál Kórház,HEALTH CARE,6
Almássy,NOT RELEVANT,6
Almássy ltp. 15-17.,FINANCIALS,6
Aloha Informatika Kereskedelmi és,INFORMATION TECHNOLOGY,6
Alois Dallmayr Automaten-Service Au,CONSUMER STAPLES,6
Alpha-Vet Állatgyógyászati,HEALTH CARE,6
Alpha-ess Hungary,INFORMATION TECHNOLOGY,6
Alsólõvér u. 35. szám,REAL ESTATE,6
Alteo Circular Refining Korlátolt,MATERIALS,6
"Alteon Építõ, Vállalkozó",NOT RELEVANT,6
Alternatív Hajtású Jármûsport Szöve,NOT RELEVANT,6
Alterra,INDUSTRIALS,6
Alterra Építõipari,INDUSTRIALS,6
Altinet Internet Korlátolt,COMMUNICATIONS,6
Altoterra Kereskedelmi és,MATERIALS,6
"Alu-Rock Ipari , Kereskedelmi és",NOT RELEVANT,6
"Alvopharm Kft. ""va""",HEALTH CARE,6
Amann Druckguss GmbH,NOT RELEVANT,6
Ambient Hungary Korlátolt,REAL ESTATE,6
Ambrus,NOT RELEVANT,6
Ammerland Hungary Kereskedelmi,CONSUMER STAPLES,6
Anda Kereskedelmi,NOT RELEVANT,6
Andocsi Kossuth Mez¿gazdas¿gi,CONSUMER STAPLES,6
Andorka Optika Kereskedelmi és,CONSUMER DISCRETIONARY,6
Andrasek,NOT RELEVANT,6
Andrea Blanka,NOT RELEVANT,6
Andritz,INDUSTRIALS,6
András,CONSUMER STAPLES,6
András,NOT RELEVANT,24
Andrássy út 2-4-6. Társasház Hódmez,REAL ESTATE,6
Angyal Richárd,NOT RELEVANT,6
Angyalarc Családsegítõ Közhasznú,NOT RELEVANT,6
Anlagentechnik GmbH,INDUSTRIALS,6
Anna,NOT RELEVANT,6
Anna,REAL ESTATE,6
Antal,NOT RELEVANT,30
Antal Patika,CONSUMER STAPLES,6
Antalné Dr. Suba Zsuzsanna,NOT RELEVANT,6
Antikvár Könyvkereskedelm,CONSUMER DISCRETIONARY,6
Antolin Hungary,CONSUMER DISCRETIONARY,6
Anton Szerszamgyarto,INDUSTRIALS,6
Apafai Beruházó,NOT RELEVANT,6
Apelso/LS Family Trust,FINANCIALS,6
Apponyi tér B. épületi,FINANCIALS,6
Apponyi tér L. épületi,FINANCIALS,6
Aptiv Services Hungary Korlátolt,CONSUMER DISCRETIONARY,6
Apáczai Kiadó és Könyvterjesztõ,CONSUMER DISCRETIONARY,6
Apáthy Zoltán,NOT RELEVANT,6
Aqualift,INDUSTRIALS,6
Aquapalace Kereskedelmi és,CONSUMER DISCRETIONARY,6
Aquapent Építõipari és,INDUSTRIALS,6
"Aquarius-Aqua Kereskedelmi, Ipari",CONSUMER STAPLES,6
Aquaworld Hotel és Élményfürdõ,REAL ESTATE,6
Aquis Suzuki-Treff Motorsport Sport,NOT RELEVANT,6
Aramis Macrotech Korlátolt,REAL ESTATE,6
Arany Contact,MATERIALS,6
Arany J. köz 16.,REAL ESTATE,6
Arany J. u. 7A-7B,FINANCIALS,6
Arany János u. 17.,FINANCIALS,6
Arany János u. 3.,REAL ESTATE,6
Arany János u. 9.,FINANCIALS,6
Arany János utca 1.,REAL ESTATE,6
Arany János utca 12-14 - Ba,REAL ESTATE,6
Arany János utca 7.,REAL ESTATE,6
Arany Kehely Gyógyszertár,CONSUMER STAPLES,6
"Arany Napsugár Kereskedelmi, Termel",INDUSTRIALS,6
Aranybárka Egyház,NOT RELEVANT,6
Aranyhíd Idõsek és Pszihiátriai Bet,FINANCIALS,6
Aranykalász 1955. Mezõgazdasági,CONSUMER STAPLES,6
Aranykorona Zártkörûen Mûködõ Mezõg,CONSUMER STAPLES,6
Aranyszarvas Gyógyszertár,CONSUMER STAPLES,6
Architec Plus Üveg- és Gépipari,INDUSTRIALS,6
Ardeco Gaming Szerencsejáték,CONSUMER DISCRETIONARY,6
Arena Corner Ingatlanfejlesztõ,NOT RELEVANT,6
Arena Media Hungary Korlátolt,CONSUMER DISCRETIONARY,6
Areus Infokommunikációs,INFORMATION TECHNOLOGY,6
Argenta Ingatlan,REAL ESTATE,6
Argenta Kereskedelmi Szolgáltató Rt,FINANCIALS,6
Argon-Pharma Gyógyszeripari,CONSUMER STAPLES,6
Arkivator Telecom Hungary,INDUSTRIALS,6
Arlói-Spór Kereskedelmi Korlátolt,NOT RELEVANT,6
AroMax Természetgyógyászati,CONSUMER STAPLES,6
Arrabona Geotermia,UTILITIES,6
ArrivaBus Korlátolt Felelõsségû,INDUSTRIALS,6
Art Média Reklámügynökség,CONSUMER DISCRETIONARY,6
Art-Ker Plusz Kereskedelmi és,CONSUMER STAPLES,6
"Arzenál-régió Ipari, Kereskedelmi",CONSUMER STAPLES,6
Ascendum Építõgépek Hungária,INDUSTRIALS,6
Asseco Central Europe Magyarország,INFORMATION TECHNOLOGY,6
Assist Szolgáltató,INDUSTRIALS,6
Astotec Automotive Hungary Gyarto e,NOT RELEVANT,6
Aszfalt Hungária Alapanyag gyártó,INDUSTRIALS,6
Aszfalt Korlátolt,INDUSTRIALS,6
Aszfaltalapanyaggyártó és Bá,NOT RELEVANT,6
Asztalos,NOT RELEVANT,6
Asztalos B. u. 8-10.,REAL ESTATE,6
Ates Adil,NOT RELEVANT,6
Atfogo'99 Szolgaltato es Ker.,CONSUMER STAPLES,6
Atitina Holding,INDUSTRIALS,6
Atlas Copco,INDUSTRIALS,6
Atreusz Holding,INDUSTRIALS,6
Attila,CONSUMER STAPLES,12
Attila,NOT RELEVANT,42
Attila u. 1-3.,FINANCIALS,6
Attila u. 3-9.,REAL ESTATE,6
Attila u. 47.,FINANCIALS,6
Attila út 47,FINANCIALS,6
Augment!IT Informatikai,NOT RELEVANT,6
AuriCoop Ingatlankezelõ,REAL ESTATE,6
Auriduna,INDUSTRIALS,6
Aurigon Gyógyszerkutató,INDUSTRIALS,6
Authentic Office Kereskedelmi,INDUSTRIALS,6
Auto,CONSUMER DISCRETIONARY,6
Auto Magyarország,CONSUMER DISCRETIONARY,6
Auto Mirai,CONSUMER DISCRETIONARY,6
Auto Planet Ertekesitesi es,CONSUMER DISCRETIONARY,6
Auto-Egerszeg Kft.,CONSUMER DISCRETIONARY,6
Auto-eskort,CONSUMER DISCRETIONARY,6
AutoWallis Nyilvánosan Mûködõ Részv,CONSUMER DISCRETIONARY,6
Autocent,CONSUMER DISCRETIONARY,6
Autocentrum,CONSUMER DISCRETIONARY,6
Autohaus Erich Horvath,NOT RELEVANT,6
Autolease Gépjármû - kereskedelmi,NOT RELEVANT,6
Automobil Import,CONSUMER DISCRETIONARY,6
Automotive Korlátolt,FINANCIALS,6
Automotive Trans,INDUSTRIALS,6
Autoszalon Duna,CONSUMER DISCRETIONARY,6
Autotrend,CONSUMER DISCRETIONARY,6
Autó Autószolgáltató,NOT RELEVANT,6
Autó Hungária Kereskedelmi,CONSUMER DISCRETIONARY,6
Autó Magyarország,NOT RELEVANT,6
Autó- Wick Kereskedõ és,CONSUMER DISCRETIONARY,6
Autó-Kanizsa Kereskedelmi és,CONSUMER DISCRETIONARY,6
Autóház Kereskedelmi és,CONSUMER DISCRETIONARY,6
Autóház Miskolc Kereskedelmi és,NOT RELEVANT,6
Autószervíz,CONSUMER DISCRETIONARY,6
Avellino Holding,INDUSTRIALS,6
Aviagen Baromfitenyésztõ,CONSUMER STAPLES,6
Aviation Hungary Korlátolt,INDUSTRIALS,6
Az Eötvös Téri Sportiskoláért Alapí,NOT RELEVANT,6
B Build & Trade Építõipari és,INDUSTRIALS,6
B u 89-91.,REAL ESTATE,6
B&B AUTOTRADE Kereskedelmi és,NOT RELEVANT,6
B&D Ingatlankezelõ,REAL ESTATE,6
B+M Sped,MATERIALS,6
B+N,INDUSTRIALS,6
B-26 Ingatlanhasznosító,CONSUMER STAPLES,6
B-MOTÉP Motorvonatgyár-és Vasútépít,INDUSTRIALS,6
B-Racing,NOT RELEVANT,6
B-ÉP PROFI Építõipari és,INDUSTRIALS,6
"B.B.K.-RAKTÁR Raktározási,",CONSUMER STAPLES,6
B.C.-VELVET SZOLGÁLTATÓ,NOT RELEVANT,6
B.City Kereskedelmi,NOT RELEVANT,6
B.G. Gumiipari és Kereskedelmi,NOT RELEVANT,6
"B.L. AGROKEM Termelõ,",MATERIALS,6
B.M.B. CONSTRUCTIONS ÉPÍTÕIPARI,FINANCIALS,6
B.SOARES Ingatlanfejlesztõ Kft.,NOT RELEVANT,6
"B.W.A. Termelõ, Kereskedelmi és",CONSUMER STAPLES,6
B2C SZOFTVER,INFORMATION TECHNOLOGY,6
BA-BE-LU Kereskedelmi és,NOT RELEVANT,6
"BABIRÁD TERMELÕ, FELDOLGOZÓ ÉS",CONSUMER STAPLES,6
BABLENA TRADE,INDUSTRIALS,6
BACARDI-MARTINI HUNGARY ITALGYÁRTÓ,NOT RELEVANT,6
BACHL Hõszigetelõanyag-gyártó,NOT RELEVANT,6
"BAFAG Építõipari, Kereskedelmi és",INDUSTRIALS,6
BAGI GAZDÁK BESZ.SZOLG.,NOT RELEVANT,6
BAGI KERESKEDELMI ÉS SZOLGÁLTATÓ,INDUSTRIALS,6
BAH INVEST Ingatlan Forgalmazó és,REAL ESTATE,6
BAJO Construct Vagyonkezelõ,INDUSTRIALS,6
BAK.MÛV.VAGYONKEZ.IP.HOLD.ZRT.,NOT RELEVANT,6
"BAKACSI MEZÕGAZDASÁGI, TERMELÕ",NOT RELEVANT,6
"BAKI AGROCENTRUM KERESKEDELMI, SZOL",CONSUMER STAPLES,6
BAKO Hungária Magyarországi Cukrász,CONSUMER STAPLES,6
BAKONY PLASTIROUTE,INDUSTRIALS,6
BAKONY VOLÁN KÖZLEKEDÉSI RÉSZVÉNYTÁ,NOT RELEVANT,6
BAKONYI KOMBICIKLUS Erõmûépítõ és,NOT RELEVANT,6
BAKOS ATTILA,NOT RELEVANT,6
BAL-DAN KERESKEDELMI ÉS,NOT RELEVANT,6
BALASSAGYARMAT MADÁCH LIG,FINANCIALS,6
BALASSAGYARMATI LAKÁSFENNTARTO SZÖV,FINANCIALS,6
"BALATONFÜRED, CSÁRDA UTCA",REAL ESTATE,6
BALMAZ-VAS,INDUSTRIALS,6
"BALO Fémszerkezet Gyártó, Szerelõ",INDUSTRIALS,6
BALOBAU,INDUSTRIALS,6
BALOLOG Logisztikai és Vagyonkezelõ,INDUSTRIALS,6
BALTIC Mérnökiroda,INDUSTRIALS,6
BALTO Szolgáltató és Kereskedelmi,NOT RELEVANT,6
BALUSZTRÁD,NOT RELEVANT,6
BANK BIZTONSÁG BIZALOM,CONSUMER DISCRETIONARY,6
BANKONZULT ENERGY SZERELÕ ÉS,NOT RELEVANT,6
BANNER BATTERIEN HUNGÁRIA,CONSUMER DISCRETIONARY,6
BAR-INT Baromfitenyésztési és Integ,CONSUMER STAPLES,6
BAR-MÉ Kereskedelmi és Vendéglátó,CONSUMER DISCRETIONARY,6
BAR-NUL FUVAROZÓ ÉS SZOLGÁLTATÓ,INDUSTRIALS,6
BARASSÓ ZOLTÁN NEMZETKÖZI,INDUSTRIALS,6
BARAX Kereskedelmi és Szolgáltató,NOT RELEVANT,6
BARKOCZI SZOLGÁLTATO ÉS KERESKEDELM,NOT RELEVANT,6
BAROMFITARTÓ ÉS SZERVEZÕ,NOT RELEVANT,6
BASE LINE STÚDIÓ Kereskedelmi és,CONSUMER STAPLES,6
BASF Hungária Vegyiáru és Kiegészít,MATERIALS,6
BAT PÉCSI DOHÁNYGYÁR,CONSUMER STAPLES,6
BATA KERESKED.ÉS VADÁSZATSZERV.KFT.,NOT RELEVANT,6
BATÉP Parkolórendszer Üzemeltetõ,NOT RELEVANT,6
BAU INGATLANFEJLESZTÕ ÉS BERUH,NOT RELEVANT,6
BAU Ipari és Szolgáltató,INDUSTRIALS,6
BAU-N Építõipari,REAL ESTATE,6
"BAU-VERTIKÁL ÉPÍTÕIPARI KFT. ""felsz",INDUSTRIALS,6
BAUER,NOT RELEVANT,6
BAUHAUS SZAKÁRUHÁZAK Kereskedelmi,CONSUMER DISCRETIONARY,6
BAUMGARTNER AUTÓCENTRUM,CONSUMER DISCRETIONARY,6
BAURED Építõipari és,REAL ESTATE,6
"BAUSTAR ÉPÍTÕIPARI, SZOLGÁLTATÓ",NOT RELEVANT,6
BAWICO Ingatlanforgalmazó és Beruhá,NOT RELEVANT,6
BAYER Generál,INDUSTRIALS,6
BAZ.M.ZÖLDSÉG-GYÜMÖLCS KERESKED.ZRT,NOT RELEVANT,6
BB Hansa Kereskedelmi és,INDUSTRIALS,6
BBK,CONSUMER STAPLES,6
BBS Nyílászáró Center,INDUSTRIALS,6
BC GEN Hungary Korlátolt,CONSUMER DISCRETIONARY,6
BC-ABLAKPROFIL Gyártó és Forgalmazó,INDUSTRIALS,6
BC-ENERGIAKERESKEDÕ,UTILITIES,6
BC-ERÕMÛ,UTILITIES,6
BCC Provincia Ingatlanforgalmazó,REAL ESTATE,6
BCD-Travel Hungary,CONSUMER DISCRETIONARY,6
BDK Budapesti Dísz- és Közvilágítás,UTILITIES,6
"BDL Környezetvédelmi Tervezõ,",INDUSTRIALS,6
BE LIGHT Kereskedelmi és,CONSUMER DISCRETIONARY,6
BE-L-GA Kereskedelmi és,CONSUMER STAPLES,6
"BEBUFA Belsõépítészeti, Bútorgyártó",NOT RELEVANT,6
"BECCO Építési, Kereskedelmi és",NOT RELEVANT,6
BECOM Electronics Hungary Elektroni,INFORMATION TECHNOLOGY,6
BEDECO Italporgyártó és,CONSUMER STAPLES,6
BEFAG Parkett Korlátolt,INDUSTRIALS,6
BEFEKTETÉSI,REAL ESTATE,6
BEFKO-INVEST Befektetési,FINANCIALS,6
BEIERSDORF,NOT RELEVANT,6
BEKBER Villamos Hálózat Építõ és Be,INDUSTRIALS,6
BELL-INVEST Vagyonkezelõ és Ügyvite,INDUSTRIALS,6
BELNICO GÉP,FINANCIALS,6
BELVÁROS Ingatlanberuházó,NOT RELEVANT,6
BELVÁROSI PÉNZÜGYI SZOLGÁLTATÓ,NOT RELEVANT,6
BEN-CORN KERESKEDELMI ÉS,NOT RELEVANT,6
BENEFIT G-8 Ingatlanfejlesztõ,NOT RELEVANT,6
BENIRE-Csepel Ingatlanforgalmazó,NOT RELEVANT,6
BENKÕ ÉS TÁRSAI KFT.,NOT RELEVANT,6
BENU,CONSUMER STAPLES,6
BEREK-MIX 2002,NOT RELEVANT,6
"BERGBAU TECH Gépgyártó, Kereskedõ",INDUSTRIALS,6
BERTRANS Logisztikai,INDUSTRIALS,6
BERVA FINOMSZERELVÉNYGYÁRTÓ RT. FA.,MATERIALS,6
BERY INTELLECTUAL PROPERTIES Szelle,INDUSTRIALS,6
BERÉNYI Bútorház Termelõ és,NOT RELEVANT,6
BESTERN Korlátolt Felelõsségû,REAL ESTATE,6
BESTPAPER KERESKEDELMI ÉS,NOT RELEVANT,6
"BETA-TRANS PLUSZ Kereskedelmi, Szál",INDUSTRIALS,6
BETONERÕ Építõ és Szolgáltató,INDUSTRIALS,6
BETONPLASZTIKA Betonszerkezetek Hel,INDUSTRIALS,6
"BETONTHERM Ingatlanforgalmazó,",INDUSTRIALS,6
BETONÚT Szolgáltató és Építõ,INDUSTRIALS,6
BEXIM TRADING,CONSUMER DISCRETIONARY,6
BFBZ Kereskedelmi és Szolgáltató,CONSUMER STAPLES,6
BH Distribution Korlátolt,CONSUMER DISCRETIONARY,6
BHG Bitumen,MATERIALS,6
BHG-F45 Ingatlanforgalmazási és Ing,REAL ESTATE,6
BHG-Jász Ingatlanfejlesztési,REAL ESTATE,6
BHG-Municipal Ingatlanfejlesztési,REAL ESTATE,6
BHG-Szekszárd Alkatrészgyártó,CONSUMER DISCRETIONARY,6
BHJ TANÁCSADÓ ÉS SZOLGÁLTATÓ,NOT RELEVANT,6
BHM-TRADE Kereskedelmi és,INDUSTRIALS,6
BHS Capital,COMMUNICATIONS,6
BHS Trans Korlátolt Felelõsségû,INDUSTRIALS,6
BIANCO-C IPARI ÉS KERESKEDELMI,NOT RELEVANT,6
BIC HUNGARIA,NOT RELEVANT,6
BIGE,MATERIALS,6
BIGE HOPLON Szolgáltató Korlátolt,MATERIALS,6
BIHAR MAG Szolgáltató és,CONSUMER STAPLES,6
BIHARSPED Kereskedelmi és,INDUSTRIALS,6
BIHARUGRAI HALGAZDASÁG,NOT RELEVANT,6
"BIJAN Ingatlanforgalmazó, Bérbeadó",NOT RELEVANT,6
BILK Holding,INDUSTRIALS,6
"BIMETAL RECYCLING Ipari,",INDUSTRIALS,6
BIMLAB Mérnökiroda,INDUSTRIALS,6
BINGÓ 95 Kereskedelmi és,FINANCIALS,6
BIOCHIPP KARBANTARTÓ-SZOLGÁLTATÓ,NOT RELEVANT,6
BIOKER KERESKEDELMI ÉS,NOT RELEVANT,6
BIOKOM Pécsi Városüzemeltetési és,INDUSTRIALS,6
BIOKOMPOSZT Szolgáltató és,CONSUMER STAPLES,6
BIOKORN TERMELÕ TANÁCSADÓ ÉS,NOT RELEVANT,6
BIOMED,MATERIALS,6
BIOPONT KERESKEDELMI ÉS,CONSUMER STAPLES,6
BITEC - Budapest Nemzetközi,REAL ESTATE,6
BIZTOSÍTÓ,NOT RELEVANT,6
BKD2024 Kereskedelmi és Korlátolt,INDUSTRIALS,6
BL PORTFOLIO Korlátolt,FINANCIALS,6
BL Yachtclub,NOT RELEVANT,6
BL Óra,CONSUMER DISCRETIONARY,6
BLAGUSS AGORA HUNGARY Közlekedési,INDUSTRIALS,6
BLIKK-3 MEZÕGAZDASÁGI RT,CONSUMER STAPLES,6
BLOCH & KORMOS,NOT RELEVANT,6
BLP-2000 INGATLANHASZNOSÍTÓ RT.,NOT RELEVANT,6
BLTG Településgazdálkodási Nonprofi,INDUSTRIALS,6
BMB-HUNGARY Korlátolt Felelõsségû,CONSUMER STAPLES,6
BMTI,INDUSTRIALS,6
BN Ingatlanfejlesztõ,NOT RELEVANT,6
BNVT Építõipari Kereskedelmi és,INDUSTRIALS,6
BO-KANAL Kereskedelmi és,CONSUMER STAPLES,6
BO-VI-CO KFT -,CONSUMER STAPLES,6
BOCK HUNGÁRIA IPARI ÉS KER.KFT,INDUSTRIALS,6
BOCM Ingatlanhasznosító Üzemeltetõ,NOT RELEVANT,6
BOCSKAI ISTVÁN ÚT 16-18.,FINANCIALS,6
BOGNÁR DEZSÕ,NOT RELEVANT,6
BOGOS-TRANSSPED Fuvarozási és,INDUSTRIALS,6
BOGYISZLÓI KER.SZOLG.,CONSUMER STAPLES,6
BOKRÉTA HÁZ 8 Ingatlanfejlesztõ,NOT RELEVANT,6
BOLLAUTOR Kft. - F.A.,REAL ESTATE,6
BON-SEC Vagyonvédelmi,INDUSTRIALS,6
BONDED Kereskedelmi és,INDUSTRIALS,6
BONDUELLE CENTRAL EUROPE Zöldségfel,CONSUMER STAPLES,6
BONITÁS 2002,CONSUMER STAPLES,6
BONITÁS 2002 Befektetõ és Tanácsadó,CONSUMER STAPLES,6
BONYHÁDI FÜGGETLEN ROMA,NOT RELEVANT,6
BONÖV,NOT RELEVANT,6
BOOK-CAFÉ Vendéglátóipari,REAL ESTATE,6
BORA Ital-nagykereskedelmi,CONSUMER STAPLES,6
BOROTAI SERTÉSHÚS RT.,CONSUMER STAPLES,6
BORSI HUSIPARI RT,NOT RELEVANT,6
BORSODCHEM MCHZ S R O,MATERIALS,6
BORSODI ENERGETIKAI TERMELÕ ÉS,UTILITIES,6
"BORÁSZAT KERESKEDELMI, TERMELÕ",NOT RELEVANT,6
BOS Plastics Systems Hungary Betéti,CONSUMER DISCRETIONARY,6
"BOSAL Hungary Termelõ,",CONSUMER DISCRETIONARY,6
BOTI TEAM Szállítmányozó és,INDUSTRIALS,6
BOTLIK-TRANS Árufuvarozó és,INDUSTRIALS,6
BOTOS ÉS FIAI Ingatlanfejlesztõ,NOT RELEVANT,6
BOVINIA Mezõgazdasági Termelõ és,CONSUMER STAPLES,6
BOZA KERESKEDELMI ÉS SZOLGÁLTATO,NOT RELEVANT,6
BOZSÁNOVICS ÁLLATTENY. ÉS FORG.,CONSUMER STAPLES,6
BP Business Service Centre Kft. -te,INDUSTRIALS,6
BP XVIII. KER. FERENC U.,REAL ESTATE,6
BP. I. KER. MÉSZÁROS U.,REAL ESTATE,6
BP. IV. MÁRTÍROK U. 58.,FINANCIALS,6
BP. XV. KER. PÁSKOMPARK,REAL ESTATE,6
BPDD Mezõgazdasági,NOT RELEVANT,6
BPW HUNGARIA,CONSUMER DISCRETIONARY,6
BRAND MADE,CONSUMER DISCRETIONARY,6
BRAVOGROUP HOLDING,CONSUMER DISCRETIONARY,6
BRAVOGROUP HOLDING Vagyonkezelõ,INFORMATION TECHNOLOGY,6
BRAVOGROUP RENDSZERHÁZ,INDUSTRIALS,6
BRAVOPHONE,CONSUMER DISCRETIONARY,6
BRAVOPHONE Korlátolt Felelõsségû,INFORMATION TECHNOLOGY,6
BRAVOTEL UZLETHAZAK,CONSUMER DISCRETIONARY,6
BREIER ÉS TÁRSA,CONSUMER STAPLES,6
BRENCOM SZOLGÁLTATÓ,NOT RELEVANT,6
BRENDA CAR KTF,NOT RELEVANT,6
BRENNTAG HUNGÁRIA KERESKEDELMI,NOT RELEVANT,6
"BRG Rádiótechnikai Gépgyár Kft. ""vé",NOT RELEVANT,6
BRIDGESTONE TATABANYA TERMELO,CONSUMER DISCRETIONARY,6
BRILLBIRD Europe,CONSUMER STAPLES,6
BRISTOL' 94 Befektetõ,INDUSTRIALS,6
BRIT-INVEST Befektetési és Beruházá,FINANCIALS,6
BRONKO INVEST,CONSUMER STAPLES,6
BRVZ,INDUSTRIALS,6
BSZBB Invest Korlátolt,UTILITIES,6
BSZL Invest Befektetési,NOT RELEVANT,6
BTG Invest Kereskedelmi és,NOT RELEVANT,6
BTS,NOT RELEVANT,6
BUCSIN HÁZ Ingatlanforgalmazó,FINANCIALS,6
BUDAGYÖNGYE PATIKA Egészségügyi,CONSUMER STAPLES,6
BUDAHEGY Mérnöki Szolgáltató,INDUSTRIALS,6
BUDAI KONTÓ,FINANCIALS,6
BUDALINE ESTATE Ingatlanfejlesztõ,REAL ESTATE,6
BUDAPEST AIRPORT,INDUSTRIALS,6
BUDAPEST III.KER. Füst Milán,REAL ESTATE,6
BUDAPEST MOTORS Kereskedelmi és,CONSUMER DISCRETIONARY,6
BUDAPEST X ÁLLOMÁS U.1-25,FINANCIALS,6
BUDAPESTI TÁVHÕSZOLGÁLTATÓ RT.,UTILITIES,6
BUDAPESTI ÚT 56. SZ.,REAL ESTATE,6
BUDAPIÉRT Kereskedelmi,NOT RELEVANT,6
BUDAÖRS PATKÓ U.,REAL ESTATE,6
BUDENZ-IMMO Ingatlanhasznosító,REAL ESTATE,6
BUDPORT Handling,NOT RELEVANT,6
BUFAB Hungary Kereskedelmi,INDUSTRIALS,6
BULL Magyarország Számítástechnikai,NOT RELEVANT,6
BULLS BLOOD Bortársaság Borkeresked,NOT RELEVANT,6
BUNDULA ÉS TÁRSA,NOT RELEVANT,6
BUNGE Növényolajipari,CONSUMER STAPLES,6
BUS-SERVICE Jármüjavitó és,CONSUMER DISCRETIONARY,6
BUSINESS COMPANY BUDAPESTI ENERGIAK,NOT RELEVANT,6
BUSINESS LEASE HUNGARY,FINANCIALS,6
BUSINESS TELECOM Távközlési Nyrt.,COMMUNICATIONS,6
BUSTER SPORT,NOT RELEVANT,6
BV REAL ESTATE Ingatlanforgalmazó,REAL ESTATE,6
BV-BAU 2004 ÉPÍTÕIPARI KIVITELEZÕ,REAL ESTATE,6
BVM ÉPELEM ELÖREGYÁRTO ÉS,NOT RELEVANT,6
Ba-Ha-Ma's Élelmiszer,CONSUMER STAPLES,6
Bacsó Béla Lakászövetkezet,FINANCIALS,6
Bacsó Béla út 66.7.,REAL ESTATE,6
Badacsonytomaj II A. ütem,NOT RELEVANT,6
Badalay Endre,NOT RELEVANT,6
Bagdi Géza,NOT RELEVANT,6
Bagdiné Kássa Csilla,NOT RELEVANT,6
Baja Energetika Bajai Energia Racio,NOT RELEVANT,6
Bajcsy 21 Ingatlanhasznosító,REAL ESTATE,6
Bajcsy-Zs. u. 17. sz TH,FINANCIALS,6
Bajcsy-Zs. út 13. sz.,REAL ESTATE,6
Bajcsy-Zsilinszky út 1.,REAL ESTATE,6
Bajnok és Fia 1995 Kereskedelmi,NOT RELEVANT,6
Bajtárs u. 7-9-11. sz.,REAL ESTATE,6
Baki Agro,CONSUMER STAPLES,6
Bakony Hús Korlátolt Felelõsségû,CONSUMER STAPLES,6
Bakony u. 15-21,REAL ESTATE,6
Bakony u. 16-18-20.,REAL ESTATE,6
Bakony u. 3-5. Társasház Várpalota,REAL ESTATE,6
Bakony u. 7-9,REAL ESTATE,6
Bakony-Balaton Média Szolgáltató,INDUSTRIALS,6
Bakonyerdo,MATERIALS,6
Bakonyerdõ Erdészeti és Faipari,MATERIALS,6
Bakter Bár Kereskedelmi és,CONSUMER DISCRETIONARY,6
Balajti Víziközmû-társulat,NOT RELEVANT,6
Balance Zártkörûen Mûködõ,UTILITIES,6
Balassa Gyógyszertár,CONSUMER STAPLES,6
Balassagyarmati Városüzemeltetési,NOT RELEVANT,6
Balaton -Hungary '99 Mûanyagipari,MATERIALS,6
Balaton Charter,INDUSTRIALS,6
Balatonalmádi Kommunális és,INDUSTRIALS,6
Balatonalmádi Rákóczi Ferenc u. 34.,REAL ESTATE,6
Balatonfõi Szövetkezeti,CONSUMER STAPLES,6
"Balatonfûzfõ, Irinyi u. 13.",REAL ESTATE,6
Balatoni Kereskedelmi és,NOT RELEVANT,6
Balatonmagyaródi Csatornaberuházó,NOT RELEVANT,6
Baldauf,CONSUMER STAPLES,6
Baldauf Invest Ingatlanhasznosító,REAL ESTATE,6
Balfi u. 1-3.,REAL ESTATE,6
Balfi u. 22.,REAL ESTATE,6
Balfi utca 2.,REAL ESTATE,6
Balla Beáta,NOT RELEVANT,6
Ballai,NOT RELEVANT,6
Balmaz Ingatlan,CONSUMER STAPLES,6
Balobau Nagykereskedelmi,INDUSTRIALS,6
Balog-Szabó János Pál,NOT RELEVANT,6
Balogh Tészta Élelmiszeripari és,CONSUMER STAPLES,6
Balthazár D. u.,REAL ESTATE,12
Balthazár Máté,NOT RELEVANT,6
Balusztrád Kivitelezõ Zrt.,NOT RELEVANT,6
Balzac u. 39,FINANCIALS,6
Balázs,NOT RELEVANT,36
Bangor Hungária Ingatlanfejlesztõ,FINANCIALS,6
Bankár,INDUSTRIALS,6
Bankár Holding,INDUSTRIALS,6
Bar-Agro Földmûves,CONSUMER STAPLES,6
Bara,NOT RELEVANT,6
Barabás,CONSUMER STAPLES,6
Baranyai u. 9-17.,REAL ESTATE,6
Barbara Anna,CONSUMER STAPLES,6
Barcs Bajcsy Zs. u. 52-56. számú,FINANCIALS,6
Barcsák,NOT RELEVANT,6
Barcza és Barcza Általános,NOT RELEVANT,6
Barex-Kardos,NOT RELEVANT,6
Barnabás,NOT RELEVANT,6
Baromfi Feldolgozó és,CONSUMER STAPLES,6
Baromfi Trans 2008,CONSUMER STAPLES,6
Baromfi Trans 2008,INDUSTRIALS,6
Baromfi-Coop,CONSUMER STAPLES,6
Baromfi-Coop Termelõ és,CONSUMER STAPLES,6
Baromfi-Hús Kereskedelmi,CONSUMER STAPLES,6
Baromfiudvar 2002 Kereskedelmi és,CONSUMER STAPLES,6
Baross Gábor lakótelep 26-28,REAL ESTATE,6
Barta,NOT RELEVANT,6
Bartek,NOT RELEVANT,6
Bartha Györgyi,NOT RELEVANT,6
Bartók B. u. 45-47 - Herman O,REAL ESTATE,6
Bartók Béla u. 106-110.,FINANCIALS,6
Bartók Béla út 7.,FINANCIALS,6
Barukh Beáta,NOT RELEVANT,6
Barát,NOT RELEVANT,6
Barátság,REAL ESTATE,6
Barátság Lakásfenntartó,FINANCIALS,6
Barátság Ltp. 3.,FINANCIALS,6
Barátság Ltp. 5,FINANCIALS,6
Barátság ltp. 1.,REAL ESTATE,6
Baróti,NOT RELEVANT,6
"Batsányi 2-10., Jókai u. 6.",REAL ESTATE,6
Batsányi u. 5.,REAL ESTATE,6
Battery Manufacturing,CONSUMER DISCRETIONARY,6
Battery Technologies,INDUSTRIALS,6
Batthyany tér 23. sz.,REAL ESTATE,6
Batthyány tér 5.,REAL ESTATE,6
Batthyány u.,REAL ESTATE,12
Batthyány u. 17.,REAL ESTATE,6
Batthyány u. 26.,FINANCIALS,6
Batthyány u. 39-41.,REAL ESTATE,6
Baucont Építõiõpari Zrt. - Technika,NOT RELEVANT,6
Bauer,NOT RELEVANT,6
Baufémszer,INDUSTRIALS,6
Baumhakl,NOT RELEVANT,6
Baumix Építõipari és Kereskedelmi,INDUSTRIALS,6
Bayer Antal,NOT RELEVANT,6
Bayer Construct Építõipari és,INDUSTRIALS,6
Bayer Hungária Kereskedelmi és,HEALTH CARE,6
Beaumont & Dumper,REAL ESTATE,6
Bebusch Hungária Mûanyagfeldolgozó,CONSUMER DISCRETIONARY,6
Becsei u. 1.,FINANCIALS,6
Becsei u. 3.,FINANCIALS,6
Becsei u. 6.,REAL ESTATE,6
Becságh,NOT RELEVANT,6
Becton Dickinson Hungary,HEALTH CARE,6
Befektetési Zártkörûen Mûköd,CONSUMER DISCRETIONARY,6
Befektetõi,CONSUMER DISCRETIONARY,6
Beleznai Víziközmû,NOT RELEVANT,6
Bellai,NOT RELEVANT,6
Bellaria Holding Korlátolt Felelõss,FINANCIALS,6
Bellis Egészségtár,HEALTH CARE,6
Belovecz és Társa Hús- és Hentesáru,CONSUMER STAPLES,6
Belvárosi Gyógyszertár,CONSUMER STAPLES,6
Belvárosi Lakásfenntartó,REAL ESTATE,6
Belvárosi OTP,FINANCIALS,6
"Bem J. u. 29-A,B,C,D,E",REAL ESTATE,6
Bem J. u. 4.,REAL ESTATE,6
Bem József utca 12.,FINANCIALS,6
Ben-Nim Korlátolt Felelõsségû,CONSUMER DISCRETIONARY,6
Benburb,CONSUMER STAPLES,6
Bencsik,NOT RELEVANT,6
Benczikné Egyed,NOT RELEVANT,6
Benczédi,NOT RELEVANT,6
Bendig Iván,NOT RELEVANT,6
Benefit 2002 Ingatlanbefektetési,FINANCIALS,6
"Benefit-3000 Kereskedelmi,",INDUSTRIALS,6
Benefitium Fortis,FINANCIALS,6
Bentlee Korlátolt Felelõsségû,CONSUMER STAPLES,6
Benz-oil Kereskedelmi és,CONSUMER DISCRETIONARY,6
Benád Öntözési Szolgáltató,CONSUMER STAPLES,6
Bercsényi u. 14-16.,FINANCIALS,6
Berettyómenti,CONSUMER STAPLES,6
"Berettyóújfalu, Bessenyei ltp.16-17",REAL ESTATE,6
Bericap Záródástechnikai Cikkeket G,MATERIALS,6
Berito Befektetési,INDUSTRIALS,6
Berkenye Hûtõház,CONSUMER STAPLES,6
Berkenye sétány,REAL ESTATE,6
Bernhardt Sándor u. 96.,REAL ESTATE,6
Bernula István Bertold,NOT RELEVANT,6
Bertalan 12-16.,FINANCIALS,6
Bertatherm Kereskedelmi és,NOT RELEVANT,6
Bertrans Log Logisztikai,NOT RELEVANT,6
Beruházás,NOT RELEVANT,6
Beruházó Korlátolt Felelõ,HEALTH CARE,6
Berzsenyi 6.,FINANCIALS,6
Berzsenyi u. 3.a.,FINANCIALS,6
Berzsenyi u. 3.b.,REAL ESTATE,6
Berzsenyi u. 5.B.,FINANCIALS,6
Berzsenyi u. 5.a.,FINANCIALS,6
Berényi u. 3. B,FINANCIALS,6
Besser Hungária Mûanyagipari,MATERIALS,6
Best Brands Hungária Kereskedelmi,CONSUMER STAPLES,6
BestByte Kereskedelmi és,CONSUMER DISCRETIONARY,6
Beszelj Velem Alapitvany,NOT RELEVANT,6
Beszerzési,CONSUMER STAPLES,6
Beta Blue,INFORMATION TECHNOLOGY,6
Bethlen krt. 8.,REAL ESTATE,6
Bethlen u. 42-44.,FINANCIALS,6
Betonacél Szerelõ Szolgáltató Korlá,NOT RELEVANT,6
Betonelemgyártó-2000,MATERIALS,6
Betonyt Kereskedelmi és,INDUSTRIALS,6
Betonútépítõ Zártkörûen Mûködõ,INDUSTRIALS,6
Betulapharma Gyógyszergyártó és Gyó,HEALTH CARE,6
Bevásárló Gyógyszertár,CONSUMER STAPLES,6
Bezi Laszlo,NOT RELEVANT,6
Biatorbágyi Üzletház Fejlesztõ és,REAL ESTATE,6
Bicske Nonprofit Korlátolt,INDUSTRIALS,6
Bicskei Mezõgazdasági Termelõ és,CONSUMER STAPLES,6
Big Ben Gastro,CONSUMER DISCRETIONARY,6
Big Data Zártkörûen Mûködõ Részv,INFORMATION TECHNOLOGY,6
Bigai Zoltán,NOT RELEVANT,6
Bigblu Operations Limited Magyarors,NOT RELEVANT,6
Bihari,NOT RELEVANT,6
Bihari Lakás- és Garázsfenntartó,REAL ESTATE,6
Biharkeresztesi Városgazdálkodási,NOT RELEVANT,6
Bikers Trust Vagyonkezelõ,INDUSTRIALS,6
Biliczki,NOT RELEVANT,6
Bilits,NOT RELEVANT,6
Biliárd Eszpresszó és Rulett,CONSUMER DISCRETIONARY,6
Bimbó u. 4.,FINANCIALS,6
Bio Tejház Mezõgazdasági,NOT RELEVANT,6
Biogas-Miskolc Szolgáltató Kft,ENERGY,6
Bioheal Pharma,HEALTH CARE,6
Biologicals Gyógysz,HEALTH CARE,6
"Biomark Kereskedelmi,Termelõ és",CONSUMER STAPLES,6
Biomedica Hungaria Orvostechnikai,HEALTH CARE,6
Biostart Hungary Korlátolt,CONSUMER STAPLES,6
Birla Carbon Hungary,MATERIALS,6
Biró,NOT RELEVANT,6
Bischof,NOT RELEVANT,6
Bitunova Útfenntartó és Emulziógyár,INDUSTRIALS,6
Bizományos,NOT RELEVANT,6
Biztonságtechnika,INDUSTRIALS,6
Biztonságtechnológiai Holding,NOT RELEVANT,6
Blaha Hotel Szállodaüzemeltetõ,CONSUMER DISCRETIONARY,6
Blonde-Art Project,CONSUMER STAPLES,6
Bobo Fun Park,CONSUMER DISCRETIONARY,6
Bock Hungária Ipari és,NOT RELEVANT,6
Bock Hungária Ipari és Ker.,INDUSTRIALS,6
Bocskai,NOT RELEVANT,6
Bocskai István u. 20-22.,FINANCIALS,6
"Bodex Kereskedõház Kereskedelmi,",NOT RELEVANT,6
Bodnár,NOT RELEVANT,6
Bodzsár Bálint,NOT RELEVANT,6
Boehringer Ingelheim Pharma GmbH,NOT RELEVANT,6
Boehringer Ingelheim RCV GmbH&Co KG,HEALTH CARE,6
Bogner Edelstahl Hungary,MATERIALS,6
Bogos-Trans Fuvarozási és,INDUSTRIALS,6
Bogyiszlói Olajmag-18 Szolgáltató,CONSUMER STAPLES,6
"Bogád, Petõfi u. 19.",FINANCIALS,6
Bohemian Financing,FINANCIALS,6
Bohn-Gép Korlátolt Felelõsségû,INDUSTRIALS,6
Bokrossy,NOT RELEVANT,6
Bokrossyné Hadnagy Nóra,NOT RELEVANT,6
Bokréta Házak Korlátolt,INDUSTRIALS,6
Boldizsár,NOT RELEVANT,6
Boldog Sándor István krt.,REAL ESTATE,6
Boldog Sándor István körút,REAL ESTATE,6
Boldog Sándor krt.,REAL ESTATE,6
Boldogasszony sgt. 29.,FINANCIALS,6
Bolf,NOT RELEVANT,6
Bolyai J. utca 2-8. számú,REAL ESTATE,6
Bolyki fõút 20-24.,FINANCIALS,6
Bon Market Kereskedelmi és,CONSUMER DISCRETIONARY,6
BonOffice Pénzügyi és Kontrolling,CONSUMER STAPLES,6
Bonafarm,CONSUMER STAPLES,6
"Bonafarm Beszerzési Egyesülés ""vége",INDUSTRIALS,6
Bonafarm-Bábolna Takarmány,CONSUMER STAPLES,6
Bonafarm-Bábolna Takarmány,MATERIALS,6
Bonded 2 You Zártkörûen Mûködõ,INDUSTRIALS,6
Bontexgeo Korlátolt Felelõsségû,NOT RELEVANT,6
Bopet Trafik,CONSUMER STAPLES,6
Bora-Ital,NOT RELEVANT,6
Borbíró tér 1-4.,FINANCIALS,6
Borbíró tér 5. sz.,REAL ESTATE,6
Borda,NOT RELEVANT,6
Boreasz Mezõgazdasági-Borászati,CONSUMER STAPLES,6
BorgWarner Oroszlány Korlátolt,CONSUMER DISCRETIONARY,6
"Bornemisza Péter Gimnázium, Általán",CONSUMER DISCRETIONARY,6
Borosi Tabak-Shop Kereskedelmi,CONSUMER STAPLES,6
Borostyán Nyíltvégû Értékp,NOT RELEVANT,6
Borostyánkõ Gyógyszertár,CONSUMER STAPLES,6
Borsod ImEx Nagykereskedelmi,INDUSTRIALS,6
Borsod Tabak Kereskedelmi,CONSUMER STAPLES,6
BorsodChem,MATERIALS,6
BorsodChem-Krems Chemie Formalin,MATERIALS,6
Borsodchem es erdekeltsege,MATERIALS,6
Borsodi Közszolgáltató,REAL ESTATE,6
Borsodszentgyörgy Közéletéért,NOT RELEVANT,6
Borsodvíz Önkormányzati Közüzemi,NOT RELEVANT,6
Boróka Building Építõipari,INDUSTRIALS,6
Boschung EJT Elektronikai és Jármûi,INDUSTRIALS,6
Bosnyák Invest Ingatlanhasznosító,INDUSTRIALS,6
Bossanyi Eva,NOT RELEVANT,6
Bossard Hungary Korlátolt,INDUSTRIALS,6
Botev utca 4.,REAL ESTATE,6
Botond u. 8. - Köztelek u.,REAL ESTATE,6
"Bp, XVIII. ker. Havanna utca 1-13.",REAL ESTATE,6
"Bp., XI. ker. Kökörcsin u. 3. sz.",REAL ESTATE,6
Bp.III.ker Pozsonyi u. 35.,REAL ESTATE,6
Brain and Co. Consulting,CONSUMER DISCRETIONARY,6
Bravosolar Korlátolt Felelõsségû Tá,UTILITIES,6
Bravotech Kereskedelmi és,CONSUMER DISCRETIONARY,6
Breier,CONSUMER STAPLES,6
Breier Farm Kereskedelmi és,CONSUMER STAPLES,6
Breier Project-BTBG Korlátolt,REAL ESTATE,6
Brendon Gyermekáruházak,CONSUMER DISCRETIONARY,6
Brenntag France Holding SAS,NOT RELEVANT,6
BrigitteHome,INDUSTRIALS,6
Brill Gepjarmukereskedelmi es,CONSUMER DISCRETIONARY,6
Britannica Angolnyelvû Nemzetközi Á,CONSUMER DISCRETIONARY,6
British American Tobacco Magyarorsz,CONSUMER STAPLES,6
British International School Alapít,CONSUMER DISCRETIONARY,6
Bro-Ker-Bet,CONSUMER STAPLES,6
Brojler Mezõgazdasági és,CONSUMER STAPLES,6
Brojler Projekt Termelõ és,NOT RELEVANT,6
Brose Hungary Automotive,CONSUMER DISCRETIONARY,6
Brout Hungaria Kft.,NOT RELEVANT,6
Brusznyai stny. 10. sz.,REAL ESTATE,6
Brusznyai stny. 12.,REAL ESTATE,6
Brusznyai sétány 5-7.,REAL ESTATE,6
Brózik,NOT RELEVANT,6
Btech Magyarország Kereskedelmi,CONSUMER DISCRETIONARY,6
Bubee Hungary Kereskedelmi és,CONSUMER STAPLES,6
"Buci Sütõipari, Kereskedelmi",NOT RELEVANT,6
Buckingham Oktatási és Kulturális,CONSUMER DISCRETIONARY,6
Bucskó István,NOT RELEVANT,6
Buda Square 2007 Kft.,NOT RELEVANT,6
Buda u. 31.,REAL ESTATE,6
Budafoki út,FINANCIALS,6
Budai Arany-Sas Gyógyszertár,CONSUMER STAPLES,6
Budamobil-Cargo Kalocsai Jármû Szöv,NOT RELEVANT,6
Budapest Airport Budapest Liszt Fer,INDUSTRIALS,6
Budapest Bortársaság Kereskedelmi,CONSUMER STAPLES,6
Budapest I. Fõ u.,REAL ESTATE,6
Budapest I. ker. Attila út 75.,REAL ESTATE,6
"Budapest III. ker., Juhász Gyu",REAL ESTATE,6
Budapest Logodi u. 50.,REAL ESTATE,6
Budapest Mikroelektronika,INFORMATION TECHNOLOGY,6
Budapest Stock Exchange,NOT RELEVANT,6
Budapest XIII. ker. Pannónia,REAL ESTATE,6
Budapest XIII. ker. Vág u. 5-7,REAL ESTATE,6
Budapest XVIII. ker. Fels,REAL ESTATE,6
Budapest u. 2. szám,REAL ESTATE,6
"Budapest, Albert u. 19-21.",REAL ESTATE,6
"Budapest, Attila út 111.",REAL ESTATE,6
"Budapest, Etele út 39-49.",REAL ESTATE,6
"Budapest, Hadrianus u. 5",REAL ESTATE,6
"Budapest, XIX. Vécsey",REAL ESTATE,6
Budapest. XVIII. Baross,REAL ESTATE,6
Budapesti Gazdaságtudományi Egyetem,CONSUMER DISCRETIONARY,6
Budapesti Gazdaságtudományi Egyetem,NOT RELEVANT,6
Budapesti Ingatlan Hasznosítási,REAL ESTATE,6
Budapesti krt. 28.,FINANCIALS,6
Budapesti krt. 31.,REAL ESTATE,6
"Budapesti krt. 4. ""A"" és ""B",REAL ESTATE,6
"Budaörs, Nádasdûlõ sétány 17-21.",REAL ESTATE,6
"Budaörs, Nádasdûlõ, K-30",REAL ESTATE,6
Bugár,NOT RELEVANT,6
Bugát Pál Kórház Egészségügyi Szolg,HEALTH CARE,6
Build Szolgáltató,INDUSTRIALS,6
"Buildgreen Építõ, Szolgáltató és",NOT RELEVANT,6
BuildinTec Ingatlankezelõ és,INDUSTRIALS,6
Bujtos,CONSUMER STAPLES,6
Bujtos u. 37. sz.,REAL ESTATE,6
Bujtos u. 41-43-45.,REAL ESTATE,6
Bullás Imre,NOT RELEVANT,6
Bulátkó,NOT RELEVANT,6
Burg PS Rendezvényszervezõ Vendéglá,CONSUMER DISCRETIONARY,6
Burkle Hungary,INDUSTRIALS,6
Burrat Husam Husein,NOT RELEVANT,6
Business Korlátolt,MATERIALS,6
Business Vagyonkezelõ és Tanácsadó,NOT RELEVANT,6
"Busz 2002 Jármûgyártó Kft. ""fe",NOT RELEVANT,6
Busz 2008 Vevõszolgálati,NOT RELEVANT,6
Busz Kereskedelmi Kft.,NOT RELEVANT,6
Buzsik,NOT RELEVANT,6
Buzási,NOT RELEVANT,6
"BÁBOLNA MEZÕGAZDASÁGI TERMELÕ, FELJ",NOT RELEVANT,6
BÁBOLNA TAKARMÁNYIPARI KFT.,CONSUMER STAPLES,6
BÁCS VOLÁN Autóbuszközlekedési ZRt,INDUSTRIALS,6
BÁCS-HOLDING Befektetési és Vagyonk,FINANCIALS,6
BÁCS-TAK Takarmánygyártó és,CONSUMER STAPLES,6
BÁCSFA Ingatlanforgalmazó és,REAL ESTATE,6
BÁCSKA SPÁRGA Korlátolt,INDUSTRIALS,6
BÁCSKA Építõipari,MATERIALS,6
BÁCSKA-BETON INVEST BEFEKTETÕ,INDUSTRIALS,6
BÁCSKA-LOGISTIK,MATERIALS,6
BÁCSVÍZ Víz- és Csatornaszolgáltató,UTILITIES,6
BÁNOMI PIROS PATIKA Egészségügyi,CONSUMER STAPLES,6
BÁSZNA Takarmány Korlátolt,CONSUMER STAPLES,6
BÁT-GRILL Baromfifeldolgozó,CONSUMER STAPLES,6
BÉFLEX Szolgáltató és,INDUSTRIALS,6
"BÉKE AGRÁRSZÖVETKEZET, HAJDUBÖSZÖRM",NOT RELEVANT,6
BÉKÁS INGATLAN ÉS KERESKEDELMI,NOT RELEVANT,6
BÉKÁS Nagykereskedelmi,CONSUMER STAPLES,6
"BÉKÉS DRÉN Környezetvédelmi, Víz-",INDUSTRIALS,6
BÉKÉS MEGYEI ÁLTALÁNOS ÉPITÖIPARI,NOT RELEVANT,6
BÉKÉSCSABAI AGROKER RT.,NOT RELEVANT,6
BÉKÉSCSABAI VÁROSÜZEMELTETÉSI,INDUSTRIALS,6
"BÉKÉSFACT Gazdasági, Pénzügyi",NOT RELEVANT,6
BÉKÉSI VIHARSAROK MGSZ,NOT RELEVANT,6
BÉRC-FÖLD Építõipari Szolgátató,INDUSTRIALS,6
BÉRLET KORLÁTOLT FELELÕSSÉG,NOT RELEVANT,6
BÉVISZNICO Vagyonhasznosító és Szol,FINANCIALS,6
BÍRÓ-VADNAI és Társa,NOT RELEVANT,6
BÓLEM ÉPÍTÕIPARI,NOT RELEVANT,6
BÓLYI MEZÕGAZDASÁGI TERMELÕ ÉS,CONSUMER STAPLES,6
BÕR'DE,NOT RELEVANT,6
BÚZAVIRÁG NÖVÉNYTERMESZTÕ,NOT RELEVANT,6
BÜKI GYOGYFÜRDÖ,NOT RELEVANT,6
"Bábolna Sped Fuvarozó,",INDUSTRIALS,6
Bács Gyógyszerészeti,CONSUMER STAPLES,6
Bács-Agrár Kereskedelmi,CONSUMER STAPLES,6
Bács-Milk Tejtermelõ Tehenészeti,NOT RELEVANT,6
Bács-Tak,CONSUMER STAPLES,6
BácsAgro Szövetkezeti,CONSUMER STAPLES,6
Bácsalmási Agráripari Zártkörûen,CONSUMER STAPLES,6
Bácsbokodi Aranykalász,NOT RELEVANT,6
Bácska-Beton,MATERIALS,6
Bálint,NOT RELEVANT,6
Bálint Attila,NOT RELEVANT,6
Bálint György u. 5-19.,FINANCIALS,6
Bálint Ágnes és Társa Építészeti,REAL ESTATE,6
Bálvány 2-12,REAL ESTATE,6
Bánfai Balázs,NOT RELEVANT,6
Bánki D. u. 13-17 társash,FINANCIALS,6
Bánki Donát út 25-27-29.,REAL ESTATE,6
Bányai,NOT RELEVANT,6
Bányász tér 3-4. számú,FINANCIALS,6
Bányász tér 7-8. számú,FINANCIALS,6
Bányász tér 9. számú,FINANCIALS,6
Bárdi Autó Magyarország Autóalkatré,CONSUMER DISCRETIONARY,6
Bárkányi,NOT RELEVANT,6
Bástya Gyógyszertár,CONSUMER STAPLES,6
Báthori út 3. sz.,FINANCIALS,6
Bátorkõ u. 12-14.,REAL ESTATE,6
Bátorkõ u. 2.,REAL ESTATE,6
Bátorkõ u. 3-5,REAL ESTATE,6
Bázis Földmérõ,NOT RELEVANT,6
Bécsigumi-Plusz,NOT RELEVANT,6
Béke Lakásfenntartó,REAL ESTATE,6
Béke Téri Gyógyszertár,CONSUMER STAPLES,6
Béke tér,REAL ESTATE,6
Béke utca 67-69. számú,FINANCIALS,6
Béke utca 81-83. szám,FINANCIALS,6
Békásmegyeri 1. Számú,FINANCIALS,6
Békés Gyógyszerészeti,CONSUMER STAPLES,6
Békés Szarvasi,REAL ESTATE,6
Békés-Scan Kereskedelmi és,CONSUMER DISCRETIONARY,6
Békésagrár Ker. és Szolg. Kft.,CONSUMER STAPLES,6
Békéscsaba Wlassics sétány 17-23.,FINANCIALS,6
"Békéscsaba, Gyóni Géza",FINANCIALS,6
Békéscsabai,FINANCIALS,6
Békéscsabai Baromfifeldolgozó,NOT RELEVANT,6
Békési PIG-FARM Sertéstenyésztõ,NOT RELEVANT,6
Béla,NOT RELEVANT,18
Béla Imréné,NOT RELEVANT,6
Béla u. 42-50. Társasház -,REAL ESTATE,6
Béla u. 69-91.,REAL ESTATE,6
Béla és Társulata,NOT RELEVANT,6
Bérces Tamás egyéni vállalkozó,INFORMATION TECHNOLOGY,6
Béres,NOT RELEVANT,6
Béres Gyógyszergyár Zrt,HEALTH CARE,6
Béres János,CONSUMER STAPLES,6
Béres Zoltán,NOT RELEVANT,6
Béta Real Estate,NOT RELEVANT,6
Bíró,NOT RELEVANT,12
Bíró János,NOT RELEVANT,6
Bóbita u. 1.,REAL ESTATE,6
Bódis,NOT RELEVANT,12
Bódizs Kornél,NOT RELEVANT,6
Bólyai tér 5.sz.,REAL ESTATE,6
Bólyi Mezõgazdasági Termelõ és,CONSUMER STAPLES,6
Bózsa Györgyi,NOT RELEVANT,6
Bõhm Péter,NOT RELEVANT,6
Bölcsvölgyi Tamás,NOT RELEVANT,6
Börcsök,NOT RELEVANT,6
Böszörményi Rehabilitációs Foglalko,CONSUMER DISCRETIONARY,6
Bútorgyár,NOT RELEVANT,6
Búza,FINANCIALS,6
Búza u. 32.,REAL ESTATE,6
Búzavirág utca 15-16. szá,FINANCIALS,6
Bükkösdkõ Bányászati,NOT RELEVANT,6
C S CARGO HUNGARIA,NOT RELEVANT,6
C&P Project Trade,CONSUMER STAPLES,6
C-HOLDING Vagyonkezelõ Korlátolt,INDUSTRIALS,6
C-MOBIL,CONSUMER DISCRETIONARY,6
"C.A.C CLIME-AIR-CONTACT Ipari,",NOT RELEVANT,6
C.A.W. Magyarország Ingatlanhasznos,NOT RELEVANT,6
C.S.R. Immo Ingatlanforgalmazó,REAL ESTATE,6
C.S.R. Vagyonkezelõ,INDUSTRIALS,6
CAFE de PARIS Vendéglátóipari és,CONSUMER DISCRETIONARY,6
CALENDULA-PHARMA Gyógyszeripari,CONSUMER STAPLES,6
CALOR-TEC TERM SZOLG ÉS FORG,NOT RELEVANT,6
CAM-INVEST Termelõ és,MATERIALS,6
CAMER'ART Fényképészeti,NOT RELEVANT,6
CANKÓ 2000 Mezõgazdasági Termelõ,NOT RELEVANT,6
CAP Hungary Ingatlanfejlesztõ- és,NOT RELEVANT,6
CAPITAL INVEST KFT,NOT RELEVANT,6
CAPSELLA Gyógyszertár,CONSUMER STAPLES,6
CAR 2006,NOT RELEVANT,6
CAR Szolgáltató Korlátolt,INDUSTRIALS,6
CARAVANES,CONSUMER STAPLES,6
CARBON BLACK KERESKEDELMI ÉS,NOT RELEVANT,6
CARELINE.HU Korlátolt Felelõsségû,HEALTH CARE,6
CARGO PARTNER Hungária Fuvarszervez,INDUSTRIALS,6
CARLTON Belvárosi Ingatlanhasznosít,FINANCIALS,6
CARLTON HUNGÁRIA,NOT RELEVANT,6
CARNEOL ÜVEG STÚDIÓ,NOT RELEVANT,6
CARNEX,NOT RELEVANT,6
CARNEX Ügynöki és Kereskedelmi,NOT RELEVANT,6
CAROTA MEZÕGAZDASÁGI,NOT RELEVANT,6
CARRIER TRANSICOLD HUNGÁRIA,NOT RELEVANT,6
CARTAPHILUS Könyvkiadó,CONSUMER DISCRETIONARY,6
CASE HUNGARY Kereskedelmi,INFORMATION TECHNOLOGY,6
CASHLINE BEFEKTETÉSI HOLDING,INDUSTRIALS,6
CASPER Korlátolt Felelõsségû,CONSUMER STAPLES,6
"CASSONE SPORT KERESK. KFT ""f.a""",CONSUMER DISCRETIONARY,6
CATERING VENDÉGLÁTÓIPARI ÉS,CONSUMER STAPLES,6
CAVERN Italgyártó,NOT RELEVANT,6
CBA Vár Gourmet Kereskedelmi,CONSUMER DISCRETIONARY,6
CBA-Baldauf,CONSUMER STAPLES,6
CBA-Budavár Kereskedelmi és,CONSUMER STAPLES,6
CBA-DL Projekt,CONSUMER STAPLES,6
CBA-Dunántúli Kereskedelmi Kft. V.A,NOT RELEVANT,6
CBA-Grand Gourmet Kereskedelmi és V,CONSUMER STAPLES,6
CBA-REMÍZ-KER '99 Kereskedelmi,REAL ESTATE,6
"CBA-Újhegy Ingatlanhasznosító, Kere",REAL ESTATE,6
CBRE Global Workplace Solutions,REAL ESTATE,6
CBS Property,REAL ESTATE,6
CE IMMO Ingatlanhasznosító és,REAL ESTATE,6
CE RENT Üzemeltetõ és Szolgáltató,FINANCIALS,6
CECZ Közép-európai Kereskedelmi,INDUSTRIALS,6
CEDCO Hungary Ingatlanfejlesztõ,REAL ESTATE,6
CEE CATERING,CONSUMER DISCRETIONARY,6
CEE PressCenter Nyomdaipari,FINANCIALS,6
CEE Real Estate,REAL ESTATE,6
CELL-COOP Kereskedelmi,CONSUMER STAPLES,6
CELLDÖMÖLK KOSSUTH U 8.SZ.,REAL ESTATE,6
"CEMENT, ÉPITÕANYAG KERESKEDELMI",INDUSTRIALS,6
CEMEX Hungária Építõanyagok Kft. (K,NOT RELEVANT,6
CENTER Kereskedelmi,CONSUMER STAPLES,6
CENTRAL SOYA FEED,CONSUMER STAPLES,6
CENTRAL-GROUP KÖZLEKEDÉS,NOT RELEVANT,6
CENTROPORT Szolgáltató Korlátolt,INDUSTRIALS,6
CENTRUM ÁRUHÁZ,NOT RELEVANT,6
CENTRÁL KERESKEDELMI ÉS,CONSUMER STAPLES,6
CENTRÁL MOSODÁK SZOLGÁLTATÓ,NOT RELEVANT,6
CENTURION Real Estate Services,NOT RELEVANT,6
CER Rendezvényszervezõ és,CONSUMER DISCRETIONARY,6
CERBERUS Személy- és Vagyonvédelmi,INDUSTRIALS,6
CEREP Korlátolt Felelõsségû,COMMUNICATIONS,6
CERNO-FOOD Kereskedelmi és,CONSUMER STAPLES,6
CERTA ZÁRGYÁRTÓ PRÉSÖNTÕ,NOT RELEVANT,6
CERTUS MERCATUS KORLATOLT FELELOSSE,CONSUMER DISCRETIONARY,6
CETIN Hungary,COMMUNICATIONS,6
CEVA Ground Logistics Hungary,INDUSTRIALS,6
CEVA-PHYLAXIA OLTÓANYAGTERMELÕ RT.,HEALTH CARE,6
CFE HUNGARY ÉPITÖIPARI,INDUSTRIALS,6
CG ELECTRIC SYSTEMS HUNGARY,INDUSTRIALS,6
CGB Silentium Oktató és Tanácsadó,CONSUMER DISCRETIONARY,6
CHAMPIGNON-UNION TRADE,NOT RELEVANT,6
CHARING INVESTMENTS LIMITED Korláto,FINANCIALS,6
CHB LOGISTICS S R O,INDUSTRIALS,6
CHC Navigation Europe,INFORMATION TECHNOLOGY,6
"CHEMARK TERMELÕ, KERESKEDÕ",NOT RELEVANT,6
CHEMICAL MARKETING MEZÕGAZDASÁGI KE,CONSUMER STAPLES,6
"CHEMICAL-SEED Mezõgazdasági, Beszer",MATERIALS,6
CHEMKO Vegyipari Kereskedelmi és,NOT RELEVANT,6
CHEMOPETROL TERMELÖ ÉS,NOT RELEVANT,6
CHEMORIENS Technológiai- Szerelõ,INDUSTRIALS,6
"CHH Gépkereskedõ, Gyártó és Mûszaki",INDUSTRIALS,6
CHI Hungary Kereskedelmi és,NOT RELEVANT,6
CHIMPEX HUNGÁRIA KERESKEDELMI ÉS SZ,CONSUMER STAPLES,6
CHINOIN Gyógyszer - és Vegyészeti,HEALTH CARE,6
CHIORINO Szállítószalag és Laposszí,INDUSTRIALS,6
CHN-PACIFIC Kereskedelmi Kft. -,NOT RELEVANT,6
"CHP-INVEST ENERGETIKAI, BERUHÁZÓ",NOT RELEVANT,6
CHROMASOUND Mûszaki Szolgáltató,INFORMATION TECHNOLOGY,6
CHRONO-CAPITAL KORLÁTOLT FELELSSÉGÛ,NOT RELEVANT,6
CHS Agritrade Hungary,CONSUMER STAPLES,6
CHS HUNGARY KERESKEDELMI ÉS SZOLGÁL,INFORMATION TECHNOLOGY,6
CIB Készletezési,NOT RELEVANT,6
CIE SALGGLAS Üvegipari Zártkörûen M,CONSUMER DISCRETIONARY,6
CIPKER'96 KERESKEDELMI,FINANCIALS,6
CIPKER'96-IMPEX Kereskedelmi,MATERIALS,6
CITI INVEST Ingatlanforgalmazó,REAL ESTATE,6
CITROM RT.,NOT RELEVANT,6
CITY,CONSUMER STAPLES,6
"CITY ALPIN SERVICE ÉPITÖIPARI,",NOT RELEVANT,6
CITY CENTER 2000 SZOLGÁLTATÓ ÉS KER,FINANCIALS,6
CITY-KONDOR,NOT RELEVANT,6
CITYPONT Kereskedelmi és,CONSUMER STAPLES,6
CIVIL Biztonsági Szolgálat,CONSUMER DISCRETIONARY,6
CIVIS BORBÁR Kereskedelmi és,CONSUMER DISCRETIONARY,6
CIVIS-PETROL Kereskedelmi,ENERGY,6
"CIWA AUTOFORG. ES SZOLG. KFT ""v.a.""",CONSUMER DISCRETIONARY,6
CLA Operations Korlátolt,CONSUMER DISCRETIONARY,6
CLA Real Estate Korlátolt,REAL ESTATE,6
CLA Service Korlátolt Felelõsségû,INDUSTRIALS,6
CLEARWATER Kereskedelmi és,INDUSTRIALS,6
CLEO Kereskedelmi és,NOT RELEVANT,6
CLIMALIFE Kereskedelmi,MATERIALS,6
CLUB HOTEL SERVICE VENDÉGLÁTÓIPARI,NOT RELEVANT,6
CLUB INVEST,REAL ESTATE,6
CMA Egressy Építõipari Kivitelezõ,NOT RELEVANT,6
CML Construction Services,INDUSTRIALS,6
CNC AKVIZICIO,INDUSTRIALS,6
CODENOVA SZÁMÍTÁSTECHNIKAI KFT.,NOT RELEVANT,6
CODEX ÉRTÉKPAPIR NYOMDA,NOT RELEVANT,6
COLIBRI 90 Kereskedelmi és,CONSUMER STAPLES,6
COLLEGIUM BUDAPEST,NOT RELEVANT,6
COLLOCO PLUS Kereskedelmi és,NOT RELEVANT,6
COLORTEX TEXTILKÉSZÍTÕ,NOT RELEVANT,6
COMAGRO-SARDO Mezõgazdasági és,CONSUMER STAPLES,6
COMBAT SPORTOK MAGYARORSZÁGI SZÖVET,NOT RELEVANT,6
COMBIT Számítástechnikai,INFORMATION TECHNOLOGY,6
"COMGAME ""576"" Számítástechnikai",CONSUMER DISCRETIONARY,6
COMP 2000 KFT,NOT RELEVANT,6
COMPAREX Magyarország Informatikai,NOT RELEVANT,6
COMPUTER EMPORIUM Számítástechnikai,CONSUMER DISCRETIONARY,6
CONCORDE HOLDING TELEF.- ÉS ELEKTR.,INFORMATION TECHNOLOGY,6
CONSOL-TRADE Építõipari,REAL ESTATE,6
CONTACT Logistic 2007,INDUSTRIALS,6
CONTERRA,MATERIALS,6
CONTROL SYSTEM IPARI AUTOMATIZÁLÁS,INDUSTRIALS,6
CONTROLLSYS,NOT RELEVANT,6
CONTSTAR Kereskedelmi és,INDUSTRIALS,6
"CONTUR-BAU ÉPÍTÕIPARI, KERESK-I",NOT RELEVANT,6
CONTUR-PLAN MÉRNÖKIRODA KFT.,NOT RELEVANT,6
CONe Trading Zártkörûen Mûködõ,CONSUMER DISCRETIONARY,6
COOL-AIRCONDITIONAL,CONSUMER DISCRETIONARY,6
COOL-AIRCONDITIONAL Kereskedelmi,CONSUMER DISCRETIONARY,6
COOLBRIDGE Szolgáltató Korlátolt,INDUSTRIALS,6
COOP Kereskedelmi és,NOT RELEVANT,6
COOP Szolnok Kereskedelmi Zártkörûe,CONSUMER STAPLES,6
COOP-SCHLÁGER KERESKEDELMI ÉS,NOT RELEVANT,6
COPY DEPO,NOT RELEVANT,6
COPÉ Vagyonhasznosító és,CONSUMER STAPLES,6
CORDIA,REAL ESTATE,6
CORDIA International,REAL ESTATE,6
CORN FOOD Kukorica Feldolgozó és,CONSUMER STAPLES,6
"CORVIN Ingatlanfejlesztési, Építõ",NOT RELEVANT,6
CORVINA KIADÓ,CONSUMER DISCRETIONARY,6
COSMETICS Export-Import,CONSUMER DISCRETIONARY,6
COSMO CONSULT Korlátolt,INFORMATION TECHNOLOGY,6
CPI Hungary Investments,REAL ESTATE,6
CRATIS Ingatlanbefektetõ és,FINANCIALS,6
CRD Kivitelezõ,INDUSTRIALS,6
CREATOR 2004 Építõipari Korlátolt,NOT RELEVANT,6
"CREDIBILE-BRIDGE Gazdasági-, Pénzüg",INDUSTRIALS,6
CREDIPASS Szolgáltató Korlátolt Fel,FINANCIALS,6
CREDIT HOUSE MAGYARORSZÁG,NOT RELEVANT,6
CREDIT-INVEST Pénzügyi és Követelés,NOT RELEVANT,6
CREDITCONT Ingatlan-forgalmazó és,NOT RELEVANT,6
CROWN COOL,INDUSTRIALS,6
CROX INGATLANFORG.ÉS TANÁCSADÓ,REAL ESTATE,6
CSABA,NOT RELEVANT,6
CSABA METÁL ÖNTÖDEI,MATERIALS,6
CSABACAST,INDUSTRIALS,6
CSABAcast Könnyûfémöntöde,MATERIALS,6
CSALAVA ISTVÁN Egyéni Vállalkozó,NOT RELEVANT,6
CSANYTELEKI AGRÁRSZÖVETKEZET,NOT RELEVANT,6
CSANÁD GAZDASÁGFEJLESZTÉSI Kht. -,UTILITIES,6
CSATORNAMÛ,NOT RELEVANT,6
CSEGE-TRANS Könyvelõ és,NOT RELEVANT,6
CSEMEGE-MATCH KERESKEDELMI,CONSUMER STAPLES,6
CSEPELI FÉMMÛ RT. -F.A,MATERIALS,6
CSEPELI KIRÁLYERDEI,NOT RELEVANT,6
CSEREHATI Husmarhatarto es Foldhasz,CONSUMER STAPLES,6
CSEREPES KÖZ 2-4.,FINANCIALS,6
CSERSZEGTOMAJI VÍZIKÖZMÛ,NOT RELEVANT,6
CSILLA,NOT RELEVANT,6
CSILLAGHÁZ,REAL ESTATE,6
CSILLAGVÖLGYI Ingatlan,INDUSTRIALS,6
CSOBAJ Befektetési,REAL ESTATE,6
CSOBAJ-Bánya Építési,REAL ESTATE,6
CSOKI HUNGÁRIA KERESKEDELMI ÉS,NOT RELEVANT,6
CSOKI MAX MAGYARORSZÁG,CONSUMER STAPLES,6
CSONGRÁD ÉS KÖRNYÉKE BESZ.ÉS ÉRT.SZ,NOT RELEVANT,6
CSONTVÁRY Gyógyszerészeti Betéti,CONSUMER STAPLES,6
CSOROSZLYA-FARM Kereskedelmi és,CONSUMER STAPLES,6
CSP TEAM HUNGARY Kereskedelmi és,CONSUMER STAPLES,6
CSÁRDA U.2.SZ.TÁRSASHÁ,REAL ESTATE,6
CSÁSZÁR AUTÓSZERVÍZ,CONSUMER DISCRETIONARY,6
CSÁSZÁR-GÉP,NOT RELEVANT,6
CSÉPÁNY ÉS TÁRSAI ZÖLDSÉG-GYÜMÖLCS,CONSUMER STAPLES,6
CTO Solutions Korlátolt,INFORMATION TECHNOLOGY,6
CU IMPEX Kereskedelmi és,INDUSTRIALS,6
CUBE HUNGARY BIDCO,INDUSTRIALS,6
CVS Hungary,COMMUNICATIONS,6
CWS Hungary Korlátolt Felelõsségû,CONSUMER DISCRETIONARY,6
CWT Utazási Iroda Magyarországi Fió,NOT RELEVANT,6
CZNL Szolgáltató,CONSUMER DISCRETIONARY,6
Cabinworld-Sthal Kereskedelmi és,INDUSTRIALS,6
Cafe Frei,CONSUMER DISCRETIONARY,6
Callpan Építõipari,INDUSTRIALS,6
Calypso Plus Élelmiszeripari és,NOT RELEVANT,6
Campona Italgyártó és Forgalmazó,CONSUMER STAPLES,6
Cap Sustainable Solutions Gyártó,MATERIALS,6
Caparol Hungaria Kereskedelmi,INDUSTRIALS,6
Capital Food Holding Ingatlanhaszno,CONSUMER STAPLES,6
Carboferr Kereskedõház,INDUSTRIALS,6
Carbonex Kereskedelmi és Szolgáltat,ENERGY,6
Carent Fleet Solutions Korlátolt,FINANCIALS,6
Cargo Hungary,INDUSTRIALS,6
Cargolog Hungary Szállítmányozási,INDUSTRIALS,6
Carmeuse Hungária Mészgyártó,NOT RELEVANT,6
Cars 4 Go,CONSUMER DISCRETIONARY,6
Cartographia Tankönyvkiadó,CONSUMER DISCRETIONARY,6
Caseking Hungary,INFORMATION TECHNOLOGY,6
Cashline-Agro,CONSUMER STAPLES,6
Castletown,CONSUMER STAPLES,6
Cebe Fürt Kereskedelmi Korlátolt,CONSUMER STAPLES,6
Cegléd Invest Kereskedelmi,NOT RELEVANT,6
Celatum Holding,INDUSTRIALS,6
"Celldömölk, Gayer Gy. tér 7. szám",REAL ESTATE,6
Celldömölki Malom,CONSUMER STAPLES,6
Celli utca 3. sz. alatti,REAL ESTATE,6
Cemelog-BRS Közép-Európai Gyógyszer,NOT RELEVANT,6
Cement,MATERIALS,6
Cement Korlátolt Felelõs,MATERIALS,6
Cemix Hungary,MATERIALS,6
Center,CONSUMER STAPLES,6
Center Elsõ Ütem Ingatlanfor,REAL ESTATE,6
Center Második Ütem,REAL ESTATE,6
Central,CONSUMER STAPLES,6
Central Médiacsoport,CONSUMER DISCRETIONARY,6
Central-Drinks Kereskedelmi és,CONSUMER STAPLES,6
Centrál,INDUSTRIALS,6
"Centrál Kanizsa Vendéglátó,",NOT RELEVANT,6
Centrál Tabak,CONSUMER STAPLES,6
Cerbona,NOT RELEVANT,6
Cereal Partners Hungária,CONSUMER STAPLES,6
Ceres Sütõipari,CONSUMER STAPLES,6
Cetes Hungary Korlátolt,CONSUMER STAPLES,6
Chalybeius Acéltermék Nagykereskede,NOT RELEVANT,6
Champignons Mezõgazdasági,CONSUMER STAPLES,6
Change Zártkörûen Mûködõ,NOT RELEVANT,6
Check-Point Security,CONSUMER DISCRETIONARY,6
Chef Master Kereskedelmi,INDUSTRIALS,6
Chellomedia CE Holding,NOT RELEVANT,6
Chemaxon Kutató-Fejlesztõ,INFORMATION TECHNOLOGY,6
Chemimontazh Építõ és Szerelõ,INDUSTRIALS,6
China Railway 22nd Bureau Group Hun,NOT RELEVANT,6
Choco Édesipari,CONSUMER STAPLES,6
ChristySix Ingatlanfejlesztõ és Épí,NOT RELEVANT,6
Cigány László,NOT RELEVANT,6
City Ingatlan Holding,REAL ESTATE,6
City Mail Konszolidátor,NOT RELEVANT,6
City-Leasing Pénzügyi Szolgáltató,FINANCIALS,6
Civis Globál Brókerház,FINANCIALS,6
Clarion Hungary Elektronikai,INFORMATION TECHNOLOGY,6
Classic Center Kereskedelmi és,CONSUMER STAPLES,6
"Classic Construct Építõipari,",INDUSTRIALS,6
Clean Korlátolt,MATERIALS,6
Clinichem Gyártó és Forgalmazó,MATERIALS,6
Cloudera Hungary Korlátolt Felelõss,INFORMATION TECHNOLOGY,6
Club Colosseum Vendéglátó és,NOT RELEVANT,6
Co-pat Kereskedelmi és,CONSUMER STAPLES,6
Coats Magyarország Cérnagyártó és É,CONSUMER DISCRETIONARY,6
Colas Északkõ Bányászati,MATERIALS,6
ComParts Line Kereskedelmi és,CONSUMER DISCRETIONARY,6
Commercial,REAL ESTATE,6
Commercial Építõipari,INDUSTRIALS,6
Commitment Kommunikációs Iroda,CONSUMER DISCRETIONARY,6
Comtrade Distribution Korlátolt,CONSUMER DISCRETIONARY,6
ConWerk Villamosipari,INDUSTRIALS,6
Concorde Befektetési és Eszközkezel,FINANCIALS,6
Concorde Értékpapír Zártkörûen Mûkö,NOT RELEVANT,6
Concordia Közraktár Kereskedelmi Rt,INDUSTRIALS,6
Confluentia Holding Vagyonkezelõ,INDUSTRIALS,6
Conntadin Ingatlankezelõ,NOT RELEVANT,6
Construction Hungary Építõi,INDUSTRIALS,6
Consturio Ingatlanforgalmazó,NOT RELEVANT,6
Consult Kereskedelmi és,NOT RELEVANT,6
Consulting Pénzügyi,INDUSTRIALS,6
Contact Marketing Gépjármûkereskede,NOT RELEVANT,6
Contec-Global Építõipari Gépkereske,INDUSTRIALS,6
Continental Dohányipari,NOT RELEVANT,6
Continus Nova Hulladékgazdálkodási,INDUSTRIALS,6
Contistar KFT,NOT RELEVANT,6
Control-Zala Tanácsadó és Építõ,INDUSTRIALS,6
Controls Holding Internatio,INDUSTRIALS,6
Controls Mezõlak Fémalkatré,INDUSTRIALS,6
Controlsoft-Automatika Szolgálató,INDUSTRIALS,6
Convest Vagyonkezelõ,INDUSTRIALS,6
Coop Kereskedelmi és,INDUSTRIALS,6
Coop-Halas Kereskedelmi és,NOT RELEVANT,6
Copy-Depo Hungary Kereskedelmi,INDUSTRIALS,6
Coral Air Kereskedelmi és,REAL ESTATE,6
Cordia FM Társasházkezelõ,REAL ESTATE,6
Corner Film Kiadó és Kereskedelmi,CONSUMER DISCRETIONARY,6
Cornexi Élelmiszeripari,NOT RELEVANT,6
Cornmill,CONSUMER STAPLES,6
Corporate Services Center,INDUSTRIALS,6
Corteva Agriscience Hungary,CONSUMER STAPLES,6
Corvin u. 11.,FINANCIALS,6
Corvin u. 12.,REAL ESTATE,6
Corvin u. 3.,REAL ESTATE,6
"Corvinum Borászati, Befektetési",NOT RELEVANT,6
Corwell,INDUSTRIALS,6
CosmoPro Kereskedelmi Korlátolt,CONSUMER STAPLES,6
Coty Hungary Kozmetikai Termel¿ ¿s,CONSUMER STAPLES,6
Court Café,CONSUMER STAPLES,6
Cover Logistics Szolgáltató Kft.,NOT RELEVANT,6
Coveris Flexibles Pirtó Korlátolt,MATERIALS,6
Crayon Magyarország Korlátolt,INFORMATION TECHNOLOGY,6
Creatura Immobilia Ingatlanforgalma,NOT RELEVANT,6
Cromwell Tools Limited Magyarország,INDUSTRIALS,6
Cross Fund Tanácsadó és Vagyonkezel,REAL ESTATE,6
CrossTel Mobile Távközlési,NOT RELEVANT,6
Croxton Investments Korlátolt,NOT RELEVANT,6
Crush Wine and Spirit Korlátolt,CONSUMER STAPLES,6
Crystal Akadémia Korlátolt,CONSUMER STAPLES,6
Crystore Kereskedelmi és,CONSUMER STAPLES,6
Csaba,NOT RELEVANT,30
Csaba Center Gyógyszertár,CONSUMER STAPLES,6
Csaba Trafik Kereskedelmi,CONSUMER STAPLES,6
Csaba u. 38. sz.,REAL ESTATE,6
Csaba u. 50.,FINANCIALS,6
Csabai Ildikó egyéni,NOT RELEVANT,6
Csabatáj Mezõgazdasági Zártkörûen,CONSUMER STAPLES,6
Csalava,NOT RELEVANT,6
Csalogány u. 26.,REAL ESTATE,6
Családi Négyes Vállalkozó és,INDUSTRIALS,6
Csanád 2010 Gazdaságfejlesztési Non,UTILITIES,6
Csanád vezér tér 15.,REAL ESTATE,6
Csanád vezér tér 3.,REAL ESTATE,6
Csanády-Ház Kereskedelmi és,NOT RELEVANT,6
Csapody,NOT RELEVANT,6
Csapó,NOT RELEVANT,6
Csarnok u. 2-4.,FINANCIALS,6
Csatkai Endre u. 10.,REAL ESTATE,6
Csavar- és Húzottáru,MATERIALS,6
Csemege Spájz,NOT RELEVANT,6
Csengeri Agrár Termelõ Kereskedõ,NOT RELEVANT,6
Csengery u. 22.,REAL ESTATE,6
Csengery u. 24. sz.,REAL ESTATE,6
Csengery u. 33.A,REAL ESTATE,6
Csengery u. 6.,FINANCIALS,6
Csengery u. 73-75-77.,REAL ESTATE,6
Csengery u. 79-81-83.,REAL ESTATE,6
Csengery u. 85-91. sz.,REAL ESTATE,6
Csepel Metall Vasöntöde,MATERIALS,6
Csepregi Attila,CONSUMER STAPLES,6
Cseresznyés u. 1.,REAL ESTATE,6
Cserfa u. 7.,REAL ESTATE,6
Cseri Agrar,CONSUMER STAPLES,6
Cseuz B. u. 1-3.,FINANCIALS,6
Csige Zsolt,NOT RELEVANT,6
Csiki-Medve Építõipari Korlátolt,CONSUMER DISCRETIONARY,6
Csilla,NOT RELEVANT,6
Csillag Gyógyszertár,CONSUMER STAPLES,6
Csillag Ltp. 12.,FINANCIALS,6
Csillag Ltp. 14.,FINANCIALS,6
Csillag Ltp. 16-18.,FINANCIALS,6
Csillag Ltp. 22-24.,FINANCIALS,6
Csillag Ltp. 56-58.,FINANCIALS,6
Csillag Ltp. 60.,FINANCIALS,6
Csillag ltp 46-50 Th.,FINANCIALS,6
Csillag ltp.,REAL ESTATE,6
Csillag ltp. 10.Társasház,REAL ESTATE,6
Csillag ltp. 20.,REAL ESTATE,6
Csillag ltp. 26-28-30.,REAL ESTATE,6
Csillaghegyi Lakópark,REAL ESTATE,6
Csillagházi Társasház Közösség,REAL ESTATE,6
Csilléri u. 5-7.,FINANCIALS,6
Csitkovics Tibor Gábor,CONSUMER STAPLES,6
Csitkovicsné Mácsik Ildikó õstermel,CONSUMER STAPLES,6
Csokonai tömb 2.B,FINANCIALS,6
Csokonai tömb 2.C.,FINANCIALS,6
Csokonai u. 1.,REAL ESTATE,6
Csokonai u. 11.,REAL ESTATE,6
Csokonai u. 13.,FINANCIALS,6
Csokonai u. 17-19-21.,REAL ESTATE,6
Csokonai út 16. sz.,REAL ESTATE,6
Csokonai út 44. sz.,FINANCIALS,6
Csokonai út 6 A,FINANCIALS,6
Csomagoló és,INDUSTRIALS,6
Csongor Kristóf,CONSUMER STAPLES,6
Csongrád Megyei Településtisztasági,INDUSTRIALS,6
Csongrádi Gabona Mg. Term. és,NOT RELEVANT,6
Csongrádi Szõlõtermeltetõ és,CONSUMER STAPLES,6
Csongrádi sgt. 102.,REAL ESTATE,6
Csongrádi sgt. 112.,REAL ESTATE,6
Csongrádi sgt. 114.,REAL ESTATE,6
Csongrádi sgt. 120.,REAL ESTATE,6
Csongrádi sgt. 66.,REAL ESTATE,6
Csongrádi sgt. 67.,REAL ESTATE,6
Csongrádi sgt. 96.,REAL ESTATE,6
Csongrádi sgt. 98.,REAL ESTATE,6
Csordásné Dr. Bajsz Erzsébet Katali,NOT RELEVANT,6
"Csorna, Soproni u. 56. D-E",REAL ESTATE,6
Csornai Lakás és Garázsfenntartó,REAL ESTATE,6
Csuka Gabona Kereskedelmi és,CONSUMER STAPLES,6
Csurgó Center Ingatlanforgalmazó,REAL ESTATE,6
Csákány,CONSUMER DISCRETIONARY,6
Csákány Ernõ,NOT RELEVANT,6
Csányi,CONSUMER STAPLES,6
Csányi,NOT RELEVANT,6
Csányi Pincészet,CONSUMER STAPLES,6
Csárdás köz,REAL ESTATE,6
Császi László,CONSUMER STAPLES,6
Csépe és Társai Élelmiszer- és Vegy,CONSUMER STAPLES,6
Csíkos,NOT RELEVANT,6
Csónakázótó Vendéglátóipari,CONSUMER DISCRETIONARY,6
Csörlõ u. 6.,REAL ESTATE,6
Csörszvolt Korlátolt Felelõsségû,REAL ESTATE,6
Cuha utca 1-7.,REAL ESTATE,6
Cukorgyártó és Forgalmazó,CONSUMER STAPLES,6
Culligan Hungary Korlátolt,CONSUMER STAPLES,6
Cuppon,NOT RELEVANT,6
Cymanek Ralf,NOT RELEVANT,6
Czakó,NOT RELEVANT,6
Czakóné Kállai Ildikó,NOT RELEVANT,6
Czeglédi,NOT RELEVANT,6
Czinege,NOT RELEVANT,6
Cziniel Üzemeltetõ Korlátolt,CONSUMER DISCRETIONARY,6
Czirbus,NOT RELEVANT,6
Czvitkovics,NOT RELEVANT,6
CÉL MOTORS ALBA Gépjármûkereskedelm,REAL ESTATE,6
CÉLKER KERESKEDELMI,NOT RELEVANT,6
CÉLTRANS'97 Nemzetközi Fuvarozó,INDUSTRIALS,6
CÍVIS-MOULD SZERSZÁMGYÁRTÓ KORLÁTOL,NOT RELEVANT,6
CÍVIS-SPED Flottakezelõ Korlátolt,INDUSTRIALS,6
Cézár-Kert Vendéglátóipari,FINANCIALS,6
Cívis u. 9. sz. alatti,REAL ESTATE,6
D & D METALL Kereskedelmi és,INDUSTRIALS,6
D + G Kereskedelmi és Szolgáltató,CONSUMER STAPLES,6
D jelü épület - Hor,REAL ESTATE,6
D&V Autóipari Gyártó és Szer,NOT RELEVANT,6
D-L BETON Szolgáltató és,INDUSTRIALS,6
D-ÉG Thermoset Épületgépészeti Áruh,INDUSTRIALS,6
"D-ÉG Épületgépészeti,",REAL ESTATE,6
D. P. Kontakt Szrevezési és Külkere,CONSUMER STAPLES,6
D.V.M. CONSTRUCTION FÕVÁLLALKOZÓ,INDUSTRIALS,6
DACETE CSOPORT,COMMUNICATIONS,6
DAI DONG A. Ipari Kereskedelmi és,CONSUMER DISCRETIONARY,6
DAL Flatlease Ingatlanhasznosító,REAL ESTATE,6
DALMACIJAVINO Magyarország,NOT RELEVANT,6
DALMANDI MEZÕGAZDASÁGI,CONSUMER STAPLES,6
DALMANDINVEST Tanácsadó és,CONSUMER STAPLES,6
"DALNOKI ÉS TÁRSA KÖNYVVIZSGÁLO, ADO",NOT RELEVANT,6
DALZA Dél-Alföldi Zöldség Alap,CONSUMER STAPLES,6
DAM 2004,NOT RELEVANT,6
DANIELLA,INDUSTRIALS,6
DANIELLA Ipari Park Szolgáltató Kor,FINANCIALS,6
DANONE TEJTERMÉK GYÁRTÓ ÉS FORGALMA,CONSUMER STAPLES,6
DANUBIA Szabadalmi és Jogi Iroda,INDUSTRIALS,6
DANUBIANA BORKERESKEDÖ BETÉTI TÁRSA,NOT RELEVANT,6
"DANUBIUS HUNGAROSTEEL MÉRNÖKI,",INDUSTRIALS,6
DANUBIUSBETON-VESZPRÉM Betongyártó,MATERIALS,6
DATÉSZ Dél-Alföldi Termelõi,NOT RELEVANT,6
DAV,REAL ESTATE,6
DAV-Estate,REAL ESTATE,6
DAV-PROPERTY,REAL ESTATE,6
DAY MED Egészségügyi Szolgáltató,CONSUMER DISCRETIONARY,6
DB Cargo Hungária Korlátolt,INDUSTRIALS,6
DB-Center Ingatlanhasznosító,REAL ESTATE,6
DBC Technik Tanácsadó és,INDUSTRIALS,6
DBF-2009 Diósi Baromfitenyésztõ,CONSUMER STAPLES,6
DBI Property Group Korlátolt,REAL ESTATE,6
DBK-Brikettgyár,MATERIALS,6
DBK-Földgép Építési,MATERIALS,6
DBM Banktechnikai és Kereskedelmi,INDUSTRIALS,6
DCL Logisztika Korlátolt,INDUSTRIALS,6
DD Energy Termelõ és Szolgáltató,UTILITIES,6
DDB TEAM ÁLLATTENYÉSZTÕ ÉS FORG.KFT,CONSUMER STAPLES,6
"DDR-Tüzépker Építõipari, kereskedel",INDUSTRIALS,6
DE DIETRICH S.A.S. Magyarországi,INDUSTRIALS,6
"DEBRECEN, KÉKY LAJOS U. 1-3.",REAL ESTATE,6
DEBRECENI MECHANIKAI MÜVEK,INDUSTRIALS,6
DECOR FLOOR ÉPÍTÕIPARI ÉS,INDUSTRIALS,6
DEKA-HYB,CONSUMER STAPLES,6
DEKA-HYB Hústermelõ és Értékesítõ,CONSUMER STAPLES,6
DEKORSY IPARI ÉS KERESKEDELMI KFT.-,MATERIALS,6
DELIHALOM Mezogazdasagi Korlatolt,CONSUMER STAPLES,6
DELTA PONT 2002 Kereskedelmi és,NOT RELEVANT,6
DELTA-RENT Gépjármû-hasznosító,CONSUMER DISCRETIONARY,6
DELTA-TRUCK JÁRMÜJAVITO ÉS,CONSUMER DISCRETIONARY,6
DEMAND.HU Kereskedelmi,INFORMATION TECHNOLOGY,6
DENEX SPIN-OFF Innovációs,NOT RELEVANT,6
DEPO LAND Kereskedelmi és,CONSUMER STAPLES,6
DEPOCHEM RAKTÁRBÁZIS,INDUSTRIALS,6
DEPONA MÉLYÉPITÖ ÉS KERESKEDELMI,NOT RELEVANT,6
DEPÓ-TRADE '94 Nagykereskedelmi,CONSUMER STAPLES,6
DEPÓNIA Hulladékkezelõ és Település,INDUSTRIALS,6
DERECSKE PETÕFI MG.,NOT RELEVANT,6
DERESZLA SPARKLING Bortelmelõ és,CONSUMER STAPLES,6
DERÉK U 36-44,REAL ESTATE,6
DETKI KEKSZ ÉDESIPARI,CONSUMER STAPLES,6
DETTUMA INGATLANFORGALMAZÓ,NOT RELEVANT,6
DEZSÖ NAGYKERESKEDELMI,CONSUMER STAPLES,6
DEÁK F U 41,REAL ESTATE,6
DFT 3 Invest Korlátolt,CONSUMER DISCRETIONARY,6
DGA Gépgyártó és Automatizálási,INDUSTRIALS,6
DGP HUNGARY Kereskedelmi és,CONSUMER STAPLES,6
DHJ Építõ Építõipari és,INDUSTRIALS,6
DHÕ Dunaújvárosi Hõszolgált,UTILITIES,6
DI-FER Kereskedõ és Szolgáltató,CONSUMER DISCRETIONARY,6
DI-VI 96 KERESKEDELMI,NOT RELEVANT,6
DI-WA KERESKEDELMI,CONSUMER STAPLES,6
DIALOGIST Kereskedelmi és,INDUSTRIALS,6
DIAMOND BUILD Építõipari,NOT RELEVANT,6
DIEGO Kereskedelmi és Szolgáltató,CONSUMER DISCRETIONARY,6
DIGI Távközlési és Szolgáltató,COMMUNICATIONS,6
DIGITAL MEDIA AND COMMUNICATIONS Kö,COMMUNICATIONS,6
DIGITAL PRINTING GYÁRTÓ,NOT RELEVANT,6
DIKO-SZOLG Szolgáltató és,NOT RELEVANT,6
DINADOR,NOT RELEVANT,6
DINOBER CSATORNABERUH.VIZIKÖZMÛ TÁR,NOT RELEVANT,6
DIPACO Kereskedelmi,UTILITIES,6
DIPAFOREST Kereskedelmi,UTILITIES,6
DIREKT AUTÓPARK Kereskedelmi és,INDUSTRIALS,6
DISZKONT KERESKEDÖHÁZ,CONSUMER STAPLES,6
DITS HUNGARY,CONSUMER DISCRETIONARY,6
DIWA-Plusz Kereskedelmi,NOT RELEVANT,6
DIÓSZEGI ÉS TÁRSA KER.KFT.,NOT RELEVANT,6
DK TRANSPORT Kereskedelmi és,INDUSTRIALS,6
DKB Godspeed Korlátolt,MATERIALS,6
DKG-EAST OLAJ- ÉS GÁZIPARI BERENDEZ,INDUSTRIALS,6
DKI BÁNYA Kavicstermelõ,NOT RELEVANT,6
DL'1 Kereskedelmi és Szolgáltató,CONSUMER DISCRETIONARY,6
DM HUNGARY LAPTERJESZTÖ ÉS,CONSUMER DISCRETIONARY,6
DMC Equipment Rental,HEALTH CARE,6
DMC International Korlátolt,INDUSTRIALS,6
DMH Magyarország Lapterjesztõ és,CONSUMER DISCRETIONARY,6
DMRV Duna Menti Regionális Vízmû,UTILITIES,6
DNT Kereskedelmi és Szolgáltató,CONSUMER STAPLES,6
DOCSEC,NOT RELEVANT,6
DODO BAR OR Korlátolt Felelõsségû,NOT RELEVANT,6
DODO HUNGARY,CONSUMER STAPLES,6
DOKUCENTRUM Irodai Rendszerek,INDUSTRIALS,6
DOMEX TRADE HUNGARY Kereskedelmi,REAL ESTATE,6
DOMINO-CEP Kereskedelmi és,REAL ESTATE,6
DOMINÓ TRANS Korlátolt,INDUSTRIALS,6
DOMO CORPUS Szerkezetépítõ,INDUSTRIALS,6
"DOMO Építõipari, Beruházó és Ki",INDUSTRIALS,6
DOMUS Kereskedelmi,NOT RELEVANT,6
"DON PEPE Vendéglátóipari,",CONSUMER DISCRETIONARY,6
DONIL INVEST VAGYONKEZELÕ,NOT RELEVANT,6
DOR-ING Ingatlanberuházó és,NOT RELEVANT,6
DOR-JO-KER Kereskedelmi és,CONSUMER STAPLES,6
"DORHAN Építõipari, Kereskedelmi",NOT RELEVANT,6
DOSIS Alfa Gyógyszertári Betéti,CONSUMER STAPLES,6
DOXABI Ingatlankezelõ és Forgalmazó,REAL ESTATE,6
DOXABLAK Nyílászáró Gyártó és,NOT RELEVANT,6
DOXAUTÓ Kereskedelmi és,NOT RELEVANT,6
DOZA Kereskedelmi,CONSUMER STAPLES,6
DP BAU INGATLANHASZNOSÍTÓ,REAL ESTATE,6
DP LUX Korlátolt Felelõsségû,CONSUMER STAPLES,6
DPB Magyarország Korlátolt,COMMUNICATIONS,6
DPD Hungary,INDUSTRIALS,6
DR PERCZÉNÉ DR TORDA MÁRTA,NOT RELEVANT,6
"DR-PAck Csomagolóanyaggyártó Kft.""f",NOT RELEVANT,6
DR. JUICE GROUP,CONSUMER DISCRETIONARY,6
DR. TÓKA NAPLESÕ,INDUSTRIALS,6
DR. VITÁLIS UT 29-31. THK,FINANCIALS,6
DR.KIRÁLY GYÖRGY KÖNYVELÕ IRODA,NOT RELEVANT,6
DR.RUTTNER GYÖRGY ÜGYVÉDI IRODÁJA,NOT RELEVANT,6
DRAFTFCB REKLÁM ÉS MARKETING KOMMUN,NOT RELEVANT,6
DRINK Kereskedelmi,CONSUMER STAPLES,6
DRINKER Kereskedelmi,CONSUMER STAPLES,6
DRINKFUTÁR Fuvarozási Korlátolt,CONSUMER STAPLES,6
DRINKMIX 23 Kereskedelmi,CONSUMER STAPLES,6
DROGIDA HUNGARO,NOT RELEVANT,6
DRYVIT PROFI Építõipari,INDUSTRIALS,6
DRÁVA 2007 Gyógyszerkereskedelmi Eg,CONSUMER STAPLES,6
DRÁVA FAIPARI KFT - FA. Ecsédi And,NOT RELEVANT,6
DRÁVA PERFEKT AUTÓ GÉPJÁRM,CONSUMER DISCRETIONARY,6
DRÁVA-KAVICS ÉS INGATLAN,NOT RELEVANT,6
DS Rendszerház Szolgáltató,REAL ESTATE,6
DSV Hungária Szállítmányozási,INDUSTRIALS,6
DSZT Trafik Kereskedelmi,CONSUMER STAPLES,6
DTF Trafik Kereskedelmi,CONSUMER STAPLES,6
DTKH Duna-Tisza közi Hulladékgazdál,UTILITIES,6
DTZ HUNGARY,NOT RELEVANT,6
DUNA ASZFALT ÚT- ÉS MÉLYÉPÍTÕ,INDUSTRIALS,6
DUNA AUTO Kereskedelmi es Szolgalta,CONSUMER DISCRETIONARY,6
DUNA COOP Nagykereskedelmi,CONSUMER STAPLES,6
DUNA Elektronika,INFORMATION TECHNOLOGY,6
DUNA HOUSE Biztosításközvetítõ és,REAL ESTATE,6
DUNA LINE,NOT RELEVANT,6
DUNA-FERRO Kft.,NOT RELEVANT,6
DUNA-PENT KERESKEDELMI ÉS,NOT RELEVANT,6
DUNA-SZÍV Ingatlanforgalmazó,NOT RELEVANT,6
DUNA-ÉPSZER Zártkörûen Mûködõ Részv,NOT RELEVANT,6
"DUNACOMPUTER Számítástechnikai,",NOT RELEVANT,6
DUNAFERR FERROMARK Mellékanyagreakt,INDUSTRIALS,6
DUNAFIN Gyártó és Szolgáltató,MATERIALS,6
DUNAFÖLDVÁRI IPARI ÉS TERÜLETFEJLES,NOT RELEVANT,6
DUNAGYÖNGYE Agrár,CONSUMER STAPLES,6
DUNAI VASMÛ,NOT RELEVANT,6
DUNAKANYAR PROJECT,NOT RELEVANT,6
DUNAKESZI BERUHÁZÓ VIZIKÖZMÛ,NOT RELEVANT,6
DUNAMENTI REK Reprodukciós Központ,HEALTH CARE,6
DUNAPACK PAPÍR ÉS CSOMAGOLÓANYAG,NOT RELEVANT,6
DUNAVAGON Kereskedelmi és,NOT RELEVANT,6
DUNAVECSEI Mezõgazdasági,CONSUMER STAPLES,6
DUNEC MÉRNÖKI FÕVÁLLALKOZÓ,NOT RELEVANT,6
DUNÁNTUL,MATERIALS,6
DUO-PAck Csomagolóanyaggyártó,NOT RELEVANT,6
DUOCOR Ipari Betéti Társaság,CONSUMER DISCRETIONARY,6
DUOK Real Estates,REAL ESTATE,6
DUPLEX DRINK Italkereskedelmi,NOT RELEVANT,6
DUPLUM Kereskedelmi és,NOT RELEVANT,6
DUTON KERESKEDELMI ÉS VÁLLALKOZÁSI,NOT RELEVANT,6
DUTRADE Acéltermékfeldolgozó és,MATERIALS,6
DVM DESIGN Terv.Kivit.Ker.és Sz.KFT,INDUSTRIALS,6
DVORI BAROMFI Kereskedelmi és,CONSUMER STAPLES,6
DXC Technology Magyarország,INFORMATION TECHNOLOGY,6
DYNEA HUNGARY Termelõ és,MATERIALS,6
DZ-Ingatlan Szolgáltató,NOT RELEVANT,6
Da Tang Logistic Korlátolt,INDUSTRIALS,6
Dadoua Mazen,NOT RELEVANT,6
Daho Solution Korlátolt,INDUSTRIALS,6
"Dairy-Ép Építõipari, Kereskedelmi",INDUSTRIALS,6
Dajkó,NOT RELEVANT,6
Dal-Tim Építõ Kereskedelmi és,INDUSTRIALS,6
Damjanich u. 61/C szám,REAL ESTATE,6
Dana Computer Kereskedelmi és,NOT RELEVANT,6
Dana Hungary Gyártó Kft. - technika,CONSUMER DISCRETIONARY,6
Dancsi & Társa Általános,INDUSTRIALS,6
Dancsiker Kereskedelmi Korlátolt,REAL ESTATE,6
Danka Irodatechnikai Korlátolt,INDUSTRIALS,6
Dankovics Erzsébet,NOT RELEVANT,6
Danube Truck Magyarország Kft. v.a.,CONSUMER DISCRETIONARY,6
Danubius Borászati és,NOT RELEVANT,6
Danubius Szálloda és Gyógyüdülõ Zár,REAL ESTATE,6
Danubius Szállodaüzemeltetõ és,CONSUMER DISCRETIONARY,6
Danucem Magyarország Korlátolt,INDUSTRIALS,6
Dar Al Mal,INDUSTRIALS,6
Darabos Kálmánné,NOT RELEVANT,6
Darabos u. 4-18.,REAL ESTATE,6
Daru-Füzes,REAL ESTATE,6
Data Research Informatikai és Piack,NOT RELEVANT,6
Dating Central Europe Zártkörûen Mû,COMMUNICATIONS,6
David Gold,CONSUMER DISCRETIONARY,6
David Trans 93,NOT RELEVANT,6
De Dietrich Hungary Korlátolt,INDUSTRIALS,6
Debrecen Korlátolt,CONSUMER DISCRETIONARY,6
"Debrecen, Mikszáth Kálmán",REAL ESTATE,6
"Debrecen,Sas u.4.sz",REAL ESTATE,6
Debreceni Autójavító és,CONSUMER DISCRETIONARY,6
Debreceni Csoport Húsipari,CONSUMER STAPLES,6
"Debreceni Magas, Mély és Útépítõ",INDUSTRIALS,6
Decibel Kábeltelevíziós,NOT RELEVANT,6
Deepclean Kereskedelmi és,INDUSTRIALS,6
Dega FB Ingatlanforgalmazó és,REAL ESTATE,6
Deimos Korlátolt,UTILITIES,6
Delacher+Co. Transport Szállítmányo,NOT RELEVANT,6
Deli Gruppo es IL TRENO,CONSUMER DISCRETIONARY,6
Delphi Connection Systems Hungary,CONSUMER DISCRETIONARY,6
Delphi Thermal Hungary Kft.-technik,NOT RELEVANT,6
Delta,CONSUMER DISCRETIONARY,6
Delta Invest,REAL ESTATE,6
Delta Korlátolt,UTILITIES,6
Delta Solar Korlátolt,UTILITIES,6
Delta Systems Korlátolt,INFORMATION TECHNOLOGY,6
Dembinszky utca 17-19.,REAL ESTATE,6
Demény György Istvánné,NOT RELEVANT,6
Den Hartogh Trucking Food,INDUSTRIALS,6
Denso Gyártó Magyarország,CONSUMER DISCRETIONARY,6
Dental Korlátolt,HEALTH CARE,6
Dentsu Hungary Korlátolt,CONSUMER DISCRETIONARY,6
Depo Szolgáltató,INDUSTRIALS,6
Depo-Pharma Gazdasági és,NOT RELEVANT,6
Depo-Plusz Kereskedelmi es Szolgalt,NOT RELEVANT,6
Depo-Trezor Közraktári és,NOT RELEVANT,6
Depot Hungary Kereskedelmi,NOT RELEVANT,6
Depot Irodatechnika,INDUSTRIALS,6
Dercsényi,NOT RELEVANT,6
"Derecske, Köztársaság u. 88. szám",FINANCIALS,6
Derék u. 50-52.,REAL ESTATE,6
"Design Termelõ, Szolgáltató,",INDUSTRIALS,6
Dessewffy u.,FINANCIALS,6
Deutsch Károly,NOT RELEVANT,6
Development,NOT RELEVANT,6
Development Alfa Építõipa,REAL ESTATE,6
Development Global Építõi,REAL ESTATE,6
Development Holding,REAL ESTATE,6
Development Invest,REAL ESTATE,6
Development Projekt Ingat,REAL ESTATE,6
Development Property,FINANCIALS,6
Dezsõ,NOT RELEVANT,6
Deák 2.,REAL ESTATE,6
Deák F u. 75-81.,FINANCIALS,6
Deák F. u. 1 a-b-c,REAL ESTATE,6
Deák F. u. 1. sz. alatti,REAL ESTATE,6
Deák tér 20.,REAL ESTATE,6
Deák tér 53-67.,REAL ESTATE,6
Deák tér 6.,REAL ESTATE,6
DiGÉP Manufacturing Korátolt,NOT RELEVANT,6
Diafilmgyártó,CONSUMER DISCRETIONARY,6
Diageo Üzletviteli Szolgáltatások,INDUSTRIALS,6
Diagnosticum Gyártó és Forgalmazó,HEALTH CARE,6
Diagnosztikai Központ Zárt,HEALTH CARE,6
Diamond Electric Magyarország,CONSUMER DISCRETIONARY,6
Dicent Vagyonkezelõ Ingatlanhasznos,INDUSTRIALS,6
Diebold Hungary Önkiszolgáló Megold,INDUSTRIALS,6
Difer,CONSUMER DISCRETIONARY,6
DigiTel Távközlési,CONSUMER DISCRETIONARY,6
Digitális Tudás Akadémia Közhasznú,NOT RELEVANT,6
Dikon Készülékgyártó,NOT RELEVANT,6
Diligent Governance Hungary,INFORMATION TECHNOLOGY,6
Dione Investments Ingatlanforgalmaz,REAL ESTATE,6
Direkt,INDUSTRIALS,6
Dispomedicor Egyszerhasználatos Or,HEALTH CARE,6
Distribution CEE Korlátolt,CONSUMER DISCRETIONARY,6
Distribution Korlátolt,CONSUMER DISCRETIONARY,6
Diverse Forderungen Partner in Pet,CONSUMER STAPLES,6
Divián-Megafa Bútorgyártó és,CONSUMER DISCRETIONARY,6
Diákmunka Szolgáltató Iskola,INDUSTRIALS,6
Diósdi Épitõ 2004 Fém épületelem gy,NOT RELEVANT,6
Diósdi Épitõ Kft.-F.A.,MATERIALS,6
Diósgyõr Futball Club,CONSUMER DISCRETIONARY,6
Diósgyõri Városrész Testgyakorló,NOT RELEVANT,6
Diószegi,NOT RELEVANT,6
Diótörés,NOT RELEVANT,6
DoManeo,INDUSTRIALS,6
Doan Nang Khanh,NOT RELEVANT,6
Dob u. 31-33.,FINANCIALS,6
Dobi Lajos Korlátolt Felelõsségû,CONSUMER STAPLES,6
Dobrosó-Farm Mezõgazdasági,MATERIALS,6
Dobó I. u. 1-3.,REAL ESTATE,6
Dobó tér 4-7. sz.,FINANCIALS,6
Docler Services,INDUSTRIALS,6
DoclerNet,FINANCIALS,6
DoclerPro Beruházó,REAL ESTATE,6
DoclerWeb Informatikai,INFORMATION TECHNOLOGY,6
Documaster Iratkezelõ és Irattári,INDUSTRIALS,6
DohányKer Kereskedelmi,CONSUMER STAPLES,6
DohányKer-Alfa Kiskereskedelmi,CONSUMER STAPLES,6
DohányKer-Belváros Kiskereskedelmi,CONSUMER STAPLES,6
Dolavon Holding,INDUSTRIALS,6
Dolcetta,CONSUMER STAPLES,6
Dolcetta QUL,CONSUMER STAPLES,6
Doltovin Holding Zártkörûen,INDUSTRIALS,6
Dombegyházi Agrár Termelõ és,CONSUMER STAPLES,6
Dombó Pál Lakásépítõ és Fenntartó,FINANCIALS,6
Dome Facility Services Group,INDUSTRIALS,6
Domestore Gazdasági és Üzletviteli,INDUSTRIALS,6
Domex Szõnyegáruházak,NOT RELEVANT,6
Domino Tabak,CONSUMER STAPLES,6
Dominus-Domus Építõipari Kivitelezõ,REAL ESTATE,6
Domján,NOT RELEVANT,6
Domokosné Oroszi Judit Rozália,NOT RELEVANT,6
Domonkos,NOT RELEVANT,6
Domonkos,REAL ESTATE,6
DomotiX Hungary Korlátolt,INDUSTRIALS,6
Domus Üzemeltetõ Korlátolt,INDUSTRIALS,6
Domínium,NOT RELEVANT,6
Donau Brennstoffkontor Tüzelõanyag,ENERGY,6
Donev Eftim,NOT RELEVANT,6
Donáti u. 32.,FINANCIALS,6
"Doprastav Magyar, org.z.",INDUSTRIALS,6
Dora Magyarország Gyártó és,NOT RELEVANT,6
Dorgai,NOT RELEVANT,6
Doroberi Korlátolt Felelõsségû,INDUSTRIALS,6
Dorog Városüzemeltetési Nonprofit,NOT RELEVANT,6
Dorog-Esztergom Erõmû,UTILITIES,6
Dorogi Szent Borbála Szakkórház,HEALTH CARE,6
Dorotixabi,REAL ESTATE,6
Douwe Egberts Hungary Zrt. -,CONSUMER STAPLES,6
Dr Pick Róbert Egyéni,CONSUMER STAPLES,6
Dr. Boross József u. 4.,FINANCIALS,6
Dr. Danka Ügyvédi Iroda,CONSUMER DISCRETIONARY,6
Dr. Rózsás Attila,NOT RELEVANT,6
Dr. Vitális u. 33-35. Társasházközö,FINANCIALS,6
Drava Tej,CONSUMER STAPLES,6
Dreher Sörgyárak,CONSUMER STAPLES,6
Dreyfus Company Foktõ,CONSUMER STAPLES,6
Dreyfus Company Hungary,CONSUMER STAPLES,6
Dry Hungary Gyártó Korlátolt,CONSUMER DISCRETIONARY,6
Dráva-Kavics és Beton Kavicstermelõ,MATERIALS,6
Dráva-Pannónia,FINANCIALS,6
Dudás,NOT RELEVANT,12
Duna Group Európa Útépítõ,INDUSTRIALS,6
Duna Kongresszus,NOT RELEVANT,6
Duna Medical Center,HEALTH CARE,6
Duna-4 Agrár,CONSUMER STAPLES,6
Duna-Dráva Cement,MATERIALS,6
Duna-Humán,INDUSTRIALS,6
Duna-Via Építõipari,NOT RELEVANT,6
Duna-menti Triatlon,NOT RELEVANT,6
"DunaCent Vagyonkezelõ, Tanácsadó",UTILITIES,6
DunaPro Drink Korlátolt,CONSUMER STAPLES,6
DunaRent Classic Szolgáltató és Ker,FINANCIALS,6
DunaSweet Wellness Kereskedelmi,CONSUMER DISCRETIONARY,6
DunaTec Orosháza Bioenergetikai,UTILITIES,6
Dunachem,CONSUMER STAPLES,6
Dunaferr,MATERIALS,6
Dunagabona Terménykereskedelmi,CONSUMER STAPLES,6
Dunahat Agrár,CONSUMER STAPLES,6
Dunai,INDUSTRIALS,6
Dunai Kikötõ,NOT RELEVANT,6
Dunakanyar Autocentrum Autoszolgalt,CONSUMER DISCRETIONARY,6
Dunakeszi Béke u.,REAL ESTATE,6
Dunakeszi Garas u. 2-12.,FINANCIALS,6
"Dunamenti Régió Szolgáltató Kft. ""v",INDUSTRIALS,6
Dunapack Papír és Csomagolóanyag,MATERIALS,6
Dunavecsei-Dreol,CONSUMER STAPLES,6
Dunaújváros Korányi S. u. 1.,REAL ESTATE,6
Dunaújvárosi Partvédelmi Vállalat,INDUSTRIALS,6
"Dunaújvárosi Víz-, Csatorna- Hõszol",UTILITIES,6
Dunnhumby Hungary,INFORMATION TECHNOLOGY,6
Dunyov Projekt Ingatlanfejlesztõ,REAL ESTATE,6
Dunántúli Regionális Vízmû,UTILITIES,6
Dunántúli Távközlési és Biztosítóbe,INDUSTRIALS,6
"Dunántúli-5Határ Mezõgazdasági, Áll",CONSUMER STAPLES,6
DuoDecad,INFORMATION TECHNOLOGY,6
Dupor Állattenyésztõ Kereskedelmi,CONSUMER STAPLES,6
Dusnoki Sándor,NOT RELEVANT,6
Duvenbeck Hungary,INDUSTRIALS,6
Dynamics Korlátolt,CONSUMER DISCRETIONARY,6
DÁNIEL,NOT RELEVANT,6
DÉL-MAGYARORSZÁGI INVEST Ingatlanha,FINANCIALS,6
DÉL-magyarországi MÉH Nyersanyaghas,MATERIALS,6
DÉL-ÉLKER KERESKEDELMI KFT (CBA),NOT RELEVANT,6
DÉLCIPÕ KERESKEDELMI,NOT RELEVANT,6
DÉLI GRUPPO IL TRENO VENDÉGLÁTOIPAR,CONSUMER DISCRETIONARY,6
DÉLIBÁB INVEST Szolgáltató,REAL ESTATE,6
DÉLITY BÚTOR IPARI ÉS,CONSUMER DISCRETIONARY,6
DÉLSZAK'96 SZAKIPAI ÉS SEGÉDIPARI G,NOT RELEVANT,6
DÉLVILL,INDUSTRIALS,6
DÉLVILL Dél-alföldi Villamos Hálóza,INDUSTRIALS,6
DÉLÚT,INDUSTRIALS,6
DÉRUNIÓ Tanácsadó és Szolgáltató,FINANCIALS,6
DÍSZ tér Vendéglátó és,CONSUMER DISCRETIONARY,6
DÓRA-GAST ING.FORG.ÉS VENDÉGLÁTÓ,NOT RELEVANT,6
DÜRER NYOMDA,INDUSTRIALS,6
Dáni u. 12.,REAL ESTATE,6
Dárdai,NOT RELEVANT,6
Dávid András,NOT RELEVANT,6
Dávid Tabak Kereskedelmi,CONSUMER STAPLES,6
Dél-100 Kereskedelmi Korlátolt,INDUSTRIALS,6
Dél-Alföldi Térségi,INDUSTRIALS,6
Dél-Balaton Mezõgazdasági,CONSUMER STAPLES,6
Dél-dunántúli Gázhálózati,UTILITIES,6
Dél-dunántúli Áramhálózati Zrt,UTILITIES,6
Délalföldi Kertészek Zöldség-Gyümöl,CONSUMER STAPLES,6
"Délbuda Térségi Beruházó,",NOT RELEVANT,6
Délegyházi Térségi Beruházó,NOT RELEVANT,6
Délity József,NOT RELEVANT,6
Délzalai Víz- és Csatornamû,NOT RELEVANT,6
Délépítõ Építõ és Szerelõ Zrt.,NOT RELEVANT,6
Démász Áramhálózati,UTILITIES,6
Déry Tibor u. 13-19.,REAL ESTATE,6
Déry Tibor u. 2-4-6-8-10-12.,REAL ESTATE,6
Dévaványa Árpád út,FINANCIALS,6
Dévény u. 17-23.,FINANCIALS,6
Díjbeszedõ Holding,INDUSTRIALS,6
"Dísz Tér 1-5., Petõfi",REAL ESTATE,6
Dónát-Lapistó Fenntartható Vízgazdá,CONSUMER STAPLES,6
Dóra,NOT RELEVANT,12
Dózsa Gy. u.,REAL ESTATE,18
Dózsa Gy. u. 16.,REAL ESTATE,6
Dózsa Gy. u. 23.,REAL ESTATE,6
Dózsa Gy. u. 24-26,REAL ESTATE,6
Dózsa Gy. u. 25-27.,REAL ESTATE,6
Dózsa Gy. u. 36-38-40,REAL ESTATE,6
Dózsa Gy. u. 42-46.,REAL ESTATE,6
Dózsa Gy. u. 48-50,REAL ESTATE,6
Dózsa Gy. út 21,REAL ESTATE,6
Dózsa György út 13-15-17,REAL ESTATE,6
Dózsa Mezõgazdasági Zártkörûen,CONSUMER STAPLES,6
Döbröközi Mezõgazdasági,CONSUMER STAPLES,6
Döme István Miklós egyéni vállalkoz,CONSUMER DISCRETIONARY,6
"Düti-Trans 97 Közúti Áruszállító,",NOT RELEVANT,6
E+F Korlatolt Felelossegu Tarsasag,FINANCIALS,6
E-Stores Kereskedelmi és,NOT RELEVANT,6
E-Szolg Vagyonvédelmi és,NOT RELEVANT,6
E.CONNECT TRADE Korlátolt,UTILITIES,6
E.ON Digital Technology Hungary,INFORMATION TECHNOLOGY,6
E.ON ENERGIAKERESKEDÕ KFT. technika,NOT RELEVANT,6
E.ON Gazdasági Szolgáltató,INDUSTRIALS,6
E.S.T.M. IPARI ÉS KERESKEDELMI,INDUSTRIALS,6
E2 Hungary Energiakereskedelmi és,UTILITIES,6
"EAS Elektronikai Szerelõ,",INDUSTRIALS,6
EB HUNGARY INVEST,INDUSTRIALS,6
EBA Kohászati Segédanyag- Fémtömegc,MATERIALS,6
EBIDA ING.FORG.HASZN.KER.ÉS SZ.KFT.,NOT RELEVANT,6
EBPFS Zártkörûen Mûködõ Részvénytár,INFORMATION TECHNOLOGY,6
EBPP.HU INFORMATIKAI SZOLGÁLTATÓ,NOT RELEVANT,6
EBSZO Energiaipari Beruházó és,NOT RELEVANT,6
EC INGATLAN Korlátolt Felelõsségû,REAL ESTATE,6
"ECCOFOOD TERMELÕ, KER. ÉS SZOLG.",CONSUMER STAPLES,6
ECD Solutions Kereskedelmi,INDUSTRIALS,6
ECE INVESTMENT BEFEKTETÉSI,NOT RELEVANT,6
ECH Logistics,NOT RELEVANT,6
ECHO 2004 Kereskedelmi és Ingatlanf,NOT RELEVANT,6
ECO-TOL-FOUR Korlátolt,UTILITIES,6
ECOLOGO Gazdasági Tanácsadó és,REAL ESTATE,6
ECOMISSIO Kereskedelmi és,INDUSTRIALS,6
ECONOLIFE Nemzetközi Kereskedelmi,NOT RELEVANT,6
ECONOMY TRADE SZOLGÁLTATÓ ÉS TANÁCS,FINANCIALS,6
"ECOOL Kereskedelmi, Szolgáltató",CONSUMER DISCRETIONARY,6
ECOTRANS INGATLAN Hasznosító és,NOT RELEVANT,6
ECSERI LAKÁSFENNTARTÓ,FINANCIALS,6
ED.IMPEX Szolgáltató,NOT RELEVANT,6
EDIAFILT Kovaföld Termelõ és Feldol,MATERIALS,6
EDS Zrínyi,INDUSTRIALS,6
EDUFORM-CONSULTING Szolgáltató és,INFORMATION TECHNOLOGY,6
EDUNOR Szolgáltató és,NOT RELEVANT,6
EDUWARE Szoftverfejlesztõ és,INFORMATION TECHNOLOGY,6
EDUWEB MULTIMÉDIA Zártkörûen,INDUSTRIALS,6
EEB Egyesült Erõmû Beruházó,UTILITIES,6
EEBA Agráripari és Állattenyésztõ,CONSUMER STAPLES,6
EFEF ÉLELMISZERIPARI ÉS KERESK.KFT.,CONSUMER STAPLES,6
EFEM 21 SZOLGÁLTATÓ,NOT RELEVANT,6
EFEN KAPOSVÁR HUNGÁRIA,NOT RELEVANT,6
EFOR Endüstriyel Tesisler Montaj Im,INDUSTRIALS,6
EGER TERMÁL FÜRDÕÜZEMELTETÕ,CONSUMER DISCRETIONARY,6
"EGG-LAND Mezõgazdasági,",CONSUMER STAPLES,6
EGIS GYÓGYSZERGYÁR,HEALTH CARE,6
EGMEX Ingatlanforgalmazó és,REAL ESTATE,6
EGÉSZSÉGES ÉLETÉRT ALAPÍTVÁNY,HEALTH CARE,6
EGÚT EGRI ÚTÉPÍTÕ,INDUSTRIALS,6
EHG,NOT RELEVANT,6
EISBERG HUNGARY Élelmiszerfeldolgoz,CONSUMER STAPLES,6
EISPRO Korlátolt Felelõsségû,CONSUMER STAPLES,6
EIT Holding,INDUSTRIALS,6
EKA ELEKTR.KÉSZÜLÉKEK ÉS ANY.GYÁRA,NOT RELEVANT,6
"EKO FIRE Pellet Termelõ, Kereskedõ",NOT RELEVANT,6
EKO Konzervipari,CONSUMER STAPLES,6
EL&ME,NOT RELEVANT,6
EL&ME Irányítástechnika,INFORMATION TECHNOLOGY,6
ELAS Kereskedelmi és Szolgáltató,INDUSTRIALS,6
ELBA HÁZ Ingatlanhasznosító és,REAL ESTATE,6
ELCO-TRADE 2000 KERESKEDELMI ÉS,NOT RELEVANT,6
ELCOTEQ Magyarország Elektronikai,CONSUMER DISCRETIONARY,6
ELDRA-PLUS Kereskedelmi,INDUSTRIALS,6
ELECTRAPLAN-Termelõ,INDUSTRIALS,6
ELECTRO-CORD,INDUSTRIALS,6
ELECTRONET HUNGARY Kereskedelmi,NOT RELEVANT,6
ELEF PROPERTY INGATLANFORGALMAZÓ,NOT RELEVANT,6
ELEKTRO COMPUTER KERESKEDELMI RÉSZV,NOT RELEVANT,6
ELEKTROGLOB Kereskedelmi és,INDUSTRIALS,6
ELEKTROMERT Elektonikai és,INFORMATION TECHNOLOGY,6
"ELEKTROUNIO ÉPÍTÕ,SZER.ÉS",NOT RELEVANT,6
ELISABETH CENTER ÉPÍTÉSI,NOT RELEVANT,6
ELIT-GROUP Közlekedési,NOT RELEVANT,6
ELIT-KER PLUSZ Kereskedelmi és,REAL ESTATE,6
"ELMAS DARU Gyártó, Kereskedelmi",INDUSTRIALS,6
ELME Ipari Csoport Ipari Megoldások,INDUSTRIALS,6
ELMIB ELSÕ MAGYAR INFRASTRUKTÚRA BE,INDUSTRIALS,6
ELMIB Energetikai Szolgáltató,UTILITIES,6
ELMÛ-ÉMÁSZ Energiaszolgáltató Zártk,UTILITIES,6
ELMÜ Hálózati Elosztó Korlátolt,UTILITIES,6
ELOMEAT Tanácsadó és Szolgáltató,NOT RELEVANT,6
ELSA Elek és Sáfár Kereskedelmi,REAL ESTATE,6
"ELSÕ MAGYAR SZOCIÁLIS FUTÁR Sport,",NOT RELEVANT,6
EMEDIA MÛSORSZOLGÁLTATÓ,CONSUMER DISCRETIONARY,6
EMFESZ Elsõ Magyar Földgáz és Energ,NOT RELEVANT,6
EMIKA ELEKTROMECHANIKAI IPARI ÉS KE,INDUSTRIALS,6
EMO Trading Kereskedelmi és,NOT RELEVANT,6
EMV Eszak-magyarorszagi Vegyimuvek,NOT RELEVANT,6
EN and BT,NOT RELEVANT,6
EN-INVEST-HOLDING Zártkörûen Mûködõ,REAL ESTATE,6
ENBÉ Kereskedelmi,NOT RELEVANT,6
ENCORN TRADE Mezõgazdasági,CONSUMER STAPLES,6
ENEFI Vagyonkezelõ,INDUSTRIALS,6
ENELIS Informatikai Zártkörûen Mûkö,INFORMATION TECHNOLOGY,6
ENEND-DUNA Építõipari és,CONSUMER STAPLES,6
ENER-G Klíma Control,INDUSTRIALS,6
ENERGIAKONTAKT Közhasznú,NOT RELEVANT,6
ENERGIZER Magyarország,INDUSTRIALS,6
ENERGO-DUDÁS Szolgáltató és,NOT RELEVANT,6
"ENERGO-HOLDING Energetikai, Kereske",UTILITIES,6
ENERGOTT Fejlesztõ és Vagyonkezelõ,UTILITIES,6
ENERGY CAPITAL ZRt.,ENERGY,6
ENERJISA EUROPE,UTILITIES,6
ENERSYS HUNGÁRIA IPARI AKKUMULÁTORO,INDUSTRIALS,6
ENGEL HUNGÁRIA Aluminiumöntöde,MATERIALS,6
ENGER-IMPEX Kereskedelmi,CONSUMER DISCRETIONARY,6
ENGRAM FILM Produkciós Filmgyártó,NOT RELEVANT,6
ENIX PRO KFT. -,NOT RELEVANT,6
"ENSI Épületgépészeti, Technológiai",INDUSTRIALS,6
ENTERWORKS Humán Erõforrás,INDUSTRIALS,6
ENVIEN Magyarország Kereskedelmi,CONSUMER STAPLES,6
EP Europe Kereskedelmi és,NOT RELEVANT,6
EP Invest Kereskedelmi és,REAL ESTATE,6
EPB Elsõ Polgári Befektetõ,INDUSTRIALS,6
EPCOS Elektronikai Alkatrész Korlát,INFORMATION TECHNOLOGY,6
EPONA-LOVASKLUB KFT.-F.A.,CONSUMER STAPLES,6
"EPSZILON-TERV Villamos Tervezõ, Kiv",NOT RELEVANT,6
EQNet Infokommunikációs Zrt. - F.A.,INFORMATION TECHNOLOGY,6
"ER-DE Fuvarozo, Szallitmanyozasi es",INDUSTRIALS,6
ER-FA 2000 Faipari Korlátolt,NOT RELEVANT,6
ERDÕTERM NAGYERDÕ,CONSUMER DISCRETIONARY,6
ERECO Kelet-Európai Hulladékfeldolg,NOT RELEVANT,6
ERFO Rehabilitációs Foglalkoztató N,NOT RELEVANT,6
ERFOREX KÖZMÛÉPÍTÕ ÉS ÜZEMELTETÕ RT,INDUSTRIALS,6
ERICSSON Magyarország Kommunikációs,INFORMATION TECHNOLOGY,6
ERLA-EXIM KERESKEDELMI,NOT RELEVANT,6
EROMOON KERESKEDELMI,NOT RELEVANT,6
ERRA TRANSZ Kereskedelmi és,INDUSTRIALS,6
ERZSÉBET FÜRDÕ Szolgáltató,CONSUMER DISCRETIONARY,6
ERZSÉBET ÁRUHÁZ Kereskedelmi és,CONSUMER STAPLES,6
"ESAB Hegesztõgép, Vágógép, Hegesztõ",NOT RELEVANT,6
ESAB-MÓR HEGESZTÕANYAGGYÁRTÓ,INDUSTRIALS,6
ESCORT,NOT RELEVANT,6
ESG Nemzetközi,NOT RELEVANT,6
ESP WEST HUNGARY,CONSUMER DISCRETIONARY,6
ESSITY HUNGARY Kereskedelmi,CONSUMER DISCRETIONARY,6
ESTIVIL Villamosipari és,INDUSTRIALS,6
ESZESVIN Borászati és,CONSUMER STAPLES,6
ESZTERGOM KOSÁRLABDA SPORTKLUB Egye,NOT RELEVANT,6
ESZTERGOM TÁTI U. 61 SZ.,REAL ESTATE,6
ESZTERGOMI VÁROSSZÉPÍTÕ,NOT RELEVANT,6
ETC Hungary Energia Kereskedõ,NOT RELEVANT,6
ETIMO Befektetési és Üzleti Tanácsa,INDUSTRIALS,6
ETO FC Labdarugó és Sportszol,NOT RELEVANT,6
ETO PARK Korlátolt Felelõsségû,NOT RELEVANT,6
EU-FÉM Kereskedelmi és,NOT RELEVANT,6
EU-SOLAR Kereskedelmi és,INDUSTRIALS,6
"EUComfort Kivitelezõ,",INDUSTRIALS,6
EURASIA Logistics,CONSUMER DISCRETIONARY,6
EUREST ÉTTEREMÜZEMELTETÖ,CONSUMER DISCRETIONARY,6
EURO NOLIKER Kereskedelmi és,INDUSTRIALS,6
EURO ROSÉ Állattenyésztõ és,CONSUMER STAPLES,6
EURO-INVEST Ingatlanforgalmi,NOT RELEVANT,6
EURO-MEDICINA Kereskedelmi és,NOT RELEVANT,6
EURO-VILLA Építõipari és,NOT RELEVANT,6
EUROAFIS Kereskedelmi és,NOT RELEVANT,6
EUROBUILD GROUP ÉPÍTIPARI RÉSZVÉNYT,NOT RELEVANT,6
"EUROCAST Ipari, Kereskedelmi és",NOT RELEVANT,6
EUROCEREAL,CONSUMER STAPLES,6
EUROHOLDING EGÉSZSÉGÜGYI BEFEKTETÕ-,CONSUMER STAPLES,6
EUROLUX-TRANS NEM. FUV. SZÁLL.,INDUSTRIALS,6
EUROMEDIC TRADING Szolgáltató,CONSUMER DISCRETIONARY,6
EUROMEDIC-PHARMA Gyógyszernagykeres,CONSUMER STAPLES,6
EUROMERT Logisztikai Szolgáltató,INDUSTRIALS,6
EURONET Magyarország Informatikai Z,COMMUNICATIONS,6
EUROPA-CREDIT TANÁCSADÓ ÉS,CONSUMER STAPLES,6
EUROPAPIER HUNGARIA PAPIR,NOT RELEVANT,6
EUROPART HUNGÁRIA Alkatrészkeresked,CONSUMER DISCRETIONARY,6
EUROSONY,INDUSTRIALS,6
EUROSUGAR SAS Magyarországi fióktel,NOT RELEVANT,6
EUROVERT Környezetvédelmi,INDUSTRIALS,6
EURÓPA KÖNYVKIADÓ,CONSUMER DISCRETIONARY,6
EURÓPAI KERÉKTERMÉK,INDUSTRIALS,6
EVAT Egri Vagyonkezelõ és Távfûtõ,UTILITIES,6
EVENTREND Group Vagyonkezelõ,FINANCIALS,6
EVENTREND HOLDING VAGYONKEZELÕ,INDUSTRIALS,6
EVERTON CONSULTANTS,NOT RELEVANT,6
EVIG Elektromotor Energy Villamosmo,INDUSTRIALS,6
EVIG Mûszer és Motorgyár,NOT RELEVANT,6
EVOLIT INFORMATIKAI ÉS,NOT RELEVANT,6
EVVK-2015,INDUSTRIALS,6
EVÓDIUM AGRÁR Mezõgazdasági,CONSUMER STAPLES,6
EX-LEX Termelo es Szolgaltato,CONSUMER STAPLES,6
EXAKT.HU Kereskedelmi és,CONSUMER DISCRETIONARY,6
EXCEL EURÓPA SZERSZÁMGÉPGYÁRTÓ,NOT RELEVANT,6
EXCLUSIVE BEST Change Pénzügyi,NOT RELEVANT,6
EXCLUZIV,NOT RELEVANT,6
EXEO Pénzügyi és Tanácsadó,INDUSTRIALS,6
EXINFOM Informatikai Szolgáltató Kf,INFORMATION TECHNOLOGY,6
EXIST Fejlesztõ és Szolgáltató,FINANCIALS,6
EXPERT-FACTOR Pénzügyi,NOT RELEVANT,6
"EXPOLYGON Ipari , Energetikai és",NOT RELEVANT,6
EXPORTVIN TERMELÕ,NOT RELEVANT,6
EXTOR,INDUSTRIALS,6
EXTOR Elelktronikai Korlátolt,CONSUMER DISCRETIONARY,6
EXTOR Energy Projektmenedzsment,INDUSTRIALS,6
EXTRA KLASSZIS Kereskedelmi,CONSUMER STAPLES,6
EXTREME DIGITAL-EMAG,CONSUMER DISCRETIONARY,6
EXTRUBAU Építõipari,INDUSTRIALS,6
Ebesi Községgondnokság Ipari és,INDUSTRIALS,6
Ebesi Szennyvízcsatorna Beruházó Ví,NOT RELEVANT,6
Eccofood,CONSUMER STAPLES,6
Eclipse Print Kereskedelmi,NOT RELEVANT,6
Ecolab-Hygiene Termelési és,MATERIALS,6
EcoloChem Magyaróvár Termelõ,MATERIALS,6
Econit Tanácsadó Zártkörûen,INFORMATION TECHNOLOGY,6
Ecoplus Szolgáltató,INDUSTRIALS,6
Ecorgan,INDUSTRIALS,6
Ecsédi,NOT RELEVANT,6
Ed.HAAS Hungaria Élelmiszeripari,CONSUMER STAPLES,6
Edelmann Hungary Packaging,MATERIALS,6
Edelény Borsodi út 2. sz. alatti,REAL ESTATE,6
Edelény Borsodi út 4. sz. alatti,FINANCIALS,6
Edgewater,REAL ESTATE,6
Editio Zenemûkiadó,CONSUMER DISCRETIONARY,6
Educatio Társadalmi Szolgáltató,INFORMATION TECHNOLOGY,6
Eger,CONSUMER DISCRETIONARY,6
Eger Berva I. Ltp. 5. sz.,REAL ESTATE,6
Eger Dobó tér 3. - Gerl M. út 6.,FINANCIALS,6
Eger Városi Turusztikai Közhasznú,CONSUMER DISCRETIONARY,6
Eger és Körzete Hulladékkezelõ és,INDUSTRIALS,6
"Eger, Olasz u. 25-35. sz.",REAL ESTATE,6
Eger-Logisztika 2001 Szallitmanyoza,INDUSTRIALS,6
Egerszegi Sport és Turizmus,NOT RELEVANT,6
Eggs-Coop Korlátolt Felelõsségû,CONSUMER STAPLES,6
Egri Hulladékgazdálkodási Nonprofit,INDUSTRIALS,6
Egry J. u. 11,REAL ESTATE,6
Egry J. u. 47,FINANCIALS,6
Egry József u. 43.,REAL ESTATE,6
Egry József u. 45.,REAL ESTATE,6
Egry u. 33.,FINANCIALS,6
Egy Darab Gyepért,CONSUMER DISCRETIONARY,6
Egyesült Lakásfenntartó,FINANCIALS,6
"Egyetem utca 27, Stadion",REAL ESTATE,6
Egyetértés 2000 Mezõgazdasági és,NOT RELEVANT,6
Egyetértés Lakásfenntartó,REAL ESTATE,6
Egyetértés u.,REAL ESTATE,6
Egyházmegye,NOT RELEVANT,6
Egészségközpont Zártkörûen,HEALTH CARE,6
Egészségügyi,HEALTH CARE,6
Egészségügyi Ellátást Szervezõ és,HEALTH CARE,6
"Egészségügyi,",HEALTH CARE,6
Eisenmann Druckguss Gmbh,NOT RELEVANT,6
Eissmann Automotive Hungaria Autóip,CONSUMER DISCRETIONARY,6
Ekmann Holding,CONSUMER STAPLES,6
Ekol Logistics Szolgáltató,INDUSTRIALS,6
Elamen Kereskedelmi és Vendéglátó Z,CONSUMER DISCRETIONARY,6
Electro World Magyarország,NOT RELEVANT,6
Electroflex Ingatlanhasznosító és,REAL ESTATE,6
Electrolux-Lehel,CONSUMER DISCRETIONARY,6
Electron Energy Trade Korlátolt,UTILITIES,6
Electron Holding Zártkörûen,INDUSTRIALS,6
Electronics Magyar,CONSUMER DISCRETIONARY,6
Elefántkölykök Kosárlabda,CONSUMER DISCRETIONARY,6
Elek Anna,NOT RELEVANT,6
Elektro Flow Szervíz,INFORMATION TECHNOLOGY,6
Elektro-Szegedi Szolgáltató és,NOT RELEVANT,6
Elektrotechnikai,NOT RELEVANT,6
Elhivatottság a Jövõ Nemzedék Oktat,NOT RELEVANT,6
Elias Eng Korlátolt Felelõsségû,INDUSTRIALS,6
Elit-Drink,NOT RELEVANT,6
Elit-Ker,CONSUMER STAPLES,6
Elite Cosmetix Kereskedelmi és,CONSUMER STAPLES,6
Ellespart,CONSUMER STAPLES,6
"Elsõ Beton Ipari, Kereskedelmi és",MATERIALS,6
Elsõ In-Management Ingatlan-üzemelt,REAL ESTATE,6
Elsõ Magyar Általános Szállí,INDUSTRIALS,6
Elsõ Zalai Takarmányipari,NOT RELEVANT,6
Elza-Major Növénytermelõ,CONSUMER STAPLES,6
Elõkapu u. 5. számú,REAL ESTATE,6
Emberi Oldal Tanácsadó,NOT RELEVANT,6
Emeralt,CONSUMER STAPLES,6
Emeren Hungary,INDUSTRIALS,6
Emeric Invest Ingatlanforgalmazó,REAL ESTATE,6
Emerson Process Management Magyaror,INDUSTRIALS,6
En- Comm Energetikai és Informatika,INFORMATION TECHNOLOGY,6
Enbi Hungary Real Estate,REAL ESTATE,6
Enchem Hungary Korlátolt,CONSUMER DISCRETIONARY,6
Endre,NOT RELEVANT,12
Energetika Zártkörûen Mûködõ Ré,UTILITIES,6
Energiahíd Trading Kereskedelmi,CONSUMER DISCRETIONARY,6
Energiakereskedõ,UTILITIES,6
Energiakereskedõ Kereskedelmi,UTILITIES,6
Energiamegoldások,UTILITIES,6
Energiaszolgáltató,UTILITIES,6
Energo-Haus Ingatlankezelõ,REAL ESTATE,6
Energofish,CONSUMER DISCRETIONARY,6
Energott,UTILITIES,6
Energy Alfa Korlátolt,UTILITIES,6
Energy Delta Korlátolt,UTILITIES,6
Energy Green Korlátolt,UTILITIES,6
Energy Korlátolt Felelõsségû T,UTILITIES,6
Energy Omega Korlátolt,UTILITIES,6
Energy Solutions Europe,CONSUMER DISCRETIONARY,6
Energy Solutions Hungary,CONSUMER DISCRETIONARY,6
Enersys Szerviz Ker. es Szolg.Kft.,INDUSTRIALS,6
Enger,CONSUMER DISCRETIONARY,6
Enger Shop Korlátolt Felelõsségû,NOT RELEVANT,6
Enikõ,NOT RELEVANT,6
Ennovi Energy & Power Solutions Hun,INDUSTRIALS,6
EnterNet 2001 Számítástechnikai,INFORMATION TECHNOLOGY,6
"Enternet Invest Befektetõ,",COMMUNICATIONS,6
Entrycore Holding Zártkörûen,INDUSTRIALS,6
Envikút,CONSUMER DISCRETIONARY,6
Envirochem Kereskedelmi és,INDUSTRIALS,6
Enyedi,NOT RELEVANT,6
Enyingi Agrar,CONSUMER STAPLES,6
Eperjes u. 18-26.,REAL ESTATE,6
Eperjesi út 3. sz.,FINANCIALS,6
Eperjesi út 5. sz.,FINANCIALS,6
Epreskert u. 54.,REAL ESTATE,6
Eprolius Hungary,MATERIALS,6
Epsilon Energy Trade,UTILITIES,6
Equans Magyarország Energetikai,NOT RELEVANT,6
Erdei,NOT RELEVANT,6
Erdõdy P. T. u. 6.,REAL ESTATE,6
Erdõdy Pálffy T. utca 38,REAL ESTATE,6
Erdõdy Pálffy Tamás u.,REAL ESTATE,18
Erdõdy Pálffy Tamás u. 27-29.,REAL ESTATE,6
Erdõdy-Pálffy Tamás u.,REAL ESTATE,6
Erdõkerülõ u. 21-27.,FINANCIALS,6
Erdõkerülõ u. 26-32.,FINANCIALS,6
Erdõsor 39.,REAL ESTATE,6
Erdõsor Market Kereskedelmi,CONSUMER STAPLES,6
Erika,NOT RELEVANT,6
Erkel Ferenc krt. 71-75.,REAL ESTATE,6
Erkel Ferenc körút,REAL ESTATE,12
Erkel Gyula u.,FINANCIALS,6
Erkel Gyula u. 41.,REAL ESTATE,6
Ertl Faipari,NOT RELEVANT,6
Erzsébet,NOT RELEVANT,6
Erzsébet u. 32-36.,FINANCIALS,6
Erzsébet utca 7.,REAL ESTATE,6
Erõmû,UTILITIES,6
"Erõmû Fejlesztõ, Beruházó",NOT RELEVANT,6
Erõmûvek Termelõ és Üzemeltetõ,UTILITIES,6
"Escort Védelmi Szolgálat Kft.""f.a.""",CONSUMER DISCRETIONARY,6
Esernyõs Óbudai Kulturális és Sport,CONSUMER DISCRETIONARY,6
EssenceMediacom Magyarország Nemzet,CONSUMER DISCRETIONARY,6
Essendi Hungary,REAL ESTATE,6
Essentra Filter Products,MATERIALS,6
Esze Tamás u.,REAL ESTATE,6
Eszperantó tér 2-3-4,FINANCIALS,6
"Esztergom Vendéglátóipari,",CONSUMER DISCRETIONARY,6
Esztergomi Fürdõ (SPA),CONSUMER DISCRETIONARY,6
Esztergomi Köztisztasági,NOT RELEVANT,6
"Eszterháza Kulturális, Kutató- és",REAL ESTATE,6
Eszék u. 33-35,FINANCIALS,6
Etelka sor 16-18. sz.,REAL ESTATE,6
Etyek Vadvirág u. 2-4,REAL ESTATE,6
Etyeki Tüzép Kereskedelmi és,INDUSTRIALS,6
Eupark Gyógyszertár,CONSUMER STAPLES,6
Euro One Számítástechnikai,INFORMATION TECHNOLOGY,6
Euro-Logistic 2003 Szolgáltató és,NOT RELEVANT,6
Euro-Prima,NOT RELEVANT,6
Euro-Profil Rendszerház,INDUSTRIALS,6
Eurocom Cable Management Bulgaria,NOT RELEVANT,6
Euroforest Hungary Korlátolt,INDUSTRIALS,6
Eurogarden Hungary Kereskedelmi,INDUSTRIALS,6
Euromedic International Hungária,NOT RELEVANT,6
Euromedic Pharma,CONSUMER DISCRETIONARY,6
Europa Dream Holding Zártkörûen,INDUSTRIALS,6
Europatika Gyógyszertár-üzemeltetõ,NOT RELEVANT,6
Europe,CONSUMER STAPLES,6
Europe Holding Korlátolt,INDUSTRIALS,6
Europe Invest 1999 LTD,INDUSTRIALS,6
Europe Nyilvánosan Mûködõ Ré,INDUSTRIALS,6
European Energy Fusion,UTILITIES,6
Eurosol Racing Team,NOT RELEVANT,6
Európa Egészségház -Baktalórántháza,HEALTH CARE,6
Európa-Center-Miskolc Beruházó és,MATERIALS,6
Európa-Projekt Szolgáltató és,NOT RELEVANT,6
Eventrend,CONSUMER DISCRETIONARY,6
Eventrend Project Kereskedelmi és,CONSUMER DISCRETIONARY,6
Evezõs Üzemeltetõ Rendezvényszervez,CONSUMER DISCRETIONARY,6
Ewiser Forecast Korlátolt,UTILITIES,6
Exclusive Cash,INDUSTRIALS,6
Exclusive Change Zártkörûen Mûködö,CONSUMER DISCRETIONARY,6
Exclusive Property,REAL ESTATE,6
Excluziv-Invest Kereskedelmi és,REAL ESTATE,6
Exicom Informatika Kereskedõház,INDUSTRIALS,6
Exonpro Zártkörûen Mûködõ Részvényt,INDUSTRIALS,6
Explant,NOT RELEVANT,6
Extra Tej Tejtermelõ,CONSUMER STAPLES,6
"ExtractumPharma Gyógyszergyártó, Fo",HEALTH CARE,6
Extreme Digital Zártkörûen Mûködõ R,CONSUMER DISCRETIONARY,6
ExxonMobil Hungary,INFORMATION TECHNOLOGY,6
Ezüsthegy Lakásfenntartó Szövetkeze,FINANCIALS,6
Eörsy Péter u. 25/A-G.,REAL ESTATE,6
Eötvös Bookstore,CONSUMER DISCRETIONARY,6
Eötvös L. 4. sz.,REAL ESTATE,6
F & P INVEST,REAL ESTATE,6
F-12 East Ingatlanforgalmazó Kft,REAL ESTATE,6
F-15 DEVELOPMENT,REAL ESTATE,6
"F-17 LAND Ingatlanforgalmazó, Keres",REAL ESTATE,6
"F-18 PROPERTY Ingatlanforgalmazó,",REAL ESTATE,6
"F-19 INNOVATE Ingatlanforgalmazó,",NOT RELEVANT,6
F-20 IMMO Kereskedelmi és,NOT RELEVANT,6
"F-22 INVEST Ingatlanforgalmazó,",NOT RELEVANT,6
F-31 West Ingatlanforgalmazó,REAL ESTATE,6
F-7 NORTH Ingatlanforgalmazó,REAL ESTATE,6
F-M DELICATE 2004,NOT RELEVANT,6
F. u. 31-35,FINANCIALS,6
F. u. 38-42,FINANCIALS,6
F. u. 55-57.,REAL ESTATE,6
F. és R. Mezõgazdasági Termelõ,NOT RELEVANT,6
F.Segura Hungária Ipari és,CONSUMER DISCRETIONARY,6
F2 ESTATE INGATLANFORGALMAZÓ,NOT RELEVANT,6
F3R-Ensi Technológia Gyártó és,INDUSTRIALS,6
FABRIKA 2000,NOT RELEVANT,6
FACTUM'99 Gazdasági és Pénzügyi,NOT RELEVANT,6
FAHRVITEX-B Kereskedelmi és,NOT RELEVANT,6
FAIRTOOL KERESKEDELMI ÉS,NOT RELEVANT,6
FAKTOR Pénzügyi,NOT RELEVANT,6
"FAKTOR Tanmûhelyek Oktatásszervezõ,",CONSUMER DISCRETIONARY,6
FALCO,INDUSTRIALS,6
FALCO KC SZOMBATHELY SPORTSZOLGÁLTA,CONSUMER DISCRETIONARY,6
FALCO Zártköruen Muködo,MATERIALS,6
FALCOTRADE HUSIPARI ÉS KER-I RT. -,CONSUMER STAPLES,6
FAM Lambda Vagyonkezelõ,REAL ESTATE,6
FAMILY-COOP MG.ÉS KER.KFT.,CONSUMER STAPLES,6
FAN Taxi Szolgáltató,CONSUMER DISCRETIONARY,6
FARBAX SZÁMÍTÁSTECHNIKAI ÉS KER,NOT RELEVANT,6
FARKAS Kereskedelmi és,REAL ESTATE,6
"FARMKER MEZÖGAZDASÁGI TERMELÖ, KERE",MATERIALS,6
FASHION STREET Kereskedelmi és,REAL ESTATE,6
FASTRON HUNGÁRIA ELEKTRONIKAI ÉS FI,INFORMATION TECHNOLOGY,6
FATESCO ÉPÍTÕANYAG,INDUSTRIALS,6
FAVOR-TRANS Nemzetközi,INDUSTRIALS,6
FBC Ingatlanhasznosító,NOT RELEVANT,6
FBH-NP Közszolgáltató Nonprofit,INDUSTRIALS,6
FBHolding,INDUSTRIALS,6
FCB Hungary,CONSUMER STAPLES,6
FEBA 2000 Kereskedelmi,NOT RELEVANT,6
FEED-SERVICE Kereskedelmi,CONSUMER STAPLES,6
FEFO Kereskedelmi és Szolgáltató,NOT RELEVANT,6
FEH Solar One Korlátolt,INDUSTRIALS,6
FEHÉRHÁZ,FINANCIALS,6
FEHÉRVÁR PÓLÓ SPORTEGYESÜLET,NOT RELEVANT,6
"FEHÉRVÁR-TEJ Tejértékesítõ,és Besze",CONSUMER STAPLES,6
FEHÉRÉP,NOT RELEVANT,6
FEJLESZTÕ ÉS KARB.KFT,NOT RELEVANT,6
FEJÉRVÍZ,UTILITIES,6
FEKETE ÉS TÁRSA 2000 SZOLGÁLTATÓ,NOT RELEVANT,6
FEKETEHEGY-SZÁRAZRÉTVIZIKÖZMÛ,NOT RELEVANT,6
"FELGYÕ-KEV Baromfitenyésztõ, Takarm",CONSUMER STAPLES,6
FELNI '98 Kereskedelmi,NOT RELEVANT,6
FEM Építõipari és Szolgáltató,NOT RELEVANT,6
FEMINA-DUÓ Szolgáltató,REAL ESTATE,6
FENYÕ THERM Faipari,INDUSTRIALS,6
FER Tûzoltóság és Szolgáltató,INDUSTRIALS,6
FER-OIL'94 Kereskedelmi és,CONSUMER DISCRETIONARY,6
FERCOM KOMMUNIKÁCIÓS,CONSUMER DISCRETIONARY,6
FERCOM SYSTEMS,COMMUNICATIONS,6
FERCOM TRAINING,INFORMATION TECHNOLOGY,6
FERR-PLAY KERESKEDELMI IPARI ÉS,NOT RELEVANT,6
FERROBETON DUNAUJVÁROSI BETON- ÉS,NOT RELEVANT,6
FERROKER-SPED,NOT RELEVANT,6
FERROKOV Vas és Fémipari,MATERIALS,6
FERROPATENT Kereskedelmi és,MATERIALS,6
FERROÉP Fõvállalkozó és Szerelõipar,INDUSTRIALS,6
FERTÕDI PATIKA GYÓGYSZERÉSZ,NOT RELEVANT,6
FERUNION-TECHNIC,INDUSTRIALS,6
FESS-TECH 98.,NOT RELEVANT,6
FESTO-AM Gyártó Korlátolt,INDUSTRIALS,6
FESTÉK 96 Kereskedelmi és,INDUSTRIALS,6
FETÉV-SZER Építõipari Korlátolt Fel,NOT RELEVANT,6
FEVILL ELECTRIC Fehérgyarmati Villa,NOT RELEVANT,6
FEVITA,CONSUMER STAPLES,6
FEVITA HUNGARY Zártkörûen Mûködõ,CONSUMER STAPLES,6
FGF TEAM Mérnöki Iroda Zrt.,INDUSTRIALS,6
FGSZ Földgázszállító Zártkörûen Mûk,ENERGY,6
FHL BJORN HUNGARY,NOT RELEVANT,6
"FIDEL Mezõgazdasági Termelõ,",CONSUMER STAPLES,6
FIKSZ 999 KFT,NOT RELEVANT,6
FINANCIAL HRURIRA Tanácsad,INDUSTRIALS,6
FINANCING,REAL ESTATE,6
FINE SHOP Kereskedelmi és,CONSUMER DISCRETIONARY,6
FINEXT VAGYONKEZELÕ NYRT.,INDUSTRIALS,6
FINO FRISS Kereskedelmi,CONSUMER STAPLES,6
FINO-FOOD Élelmiszerfeldolgozó és,NOT RELEVANT,6
FINORAK,CONSUMER STAPLES,6
FIORÁCS Mezõgazdasági Termékelõállí,CONSUMER STAPLES,6
"FITOPRODUKT Mezõgazdasági, Ipari",CONSUMER STAPLES,6
FITOUT,INDUSTRIALS,6
FITOUT Befejezõ Építõ-Szakipari,INDUSTRIALS,6
FIUME VENDÉGLÁTOIPARI ÉS,NOT RELEVANT,6
FIVE STAR EVENT Rendezvényszervezõ,CONSUMER DISCRETIONARY,6
"FIXAGOM Függõállvány Gyártó,",NOT RELEVANT,6
FKG Felépitménykarbantartó és G,INDUSTRIALS,6
FLABEG Automotive Gyártó és,CONSUMER DISCRETIONARY,6
FLANSCH-TECH Kohászati Temék és,NOT RELEVANT,6
FLAVINÁRIUM,CONSUMER DISCRETIONARY,6
FLORIN,CONSUMER STAPLES,6
FLORIN Vegyipari és Kereskedelmi,CONSUMER STAPLES,6
FLÓRA,NOT RELEVANT,6
FM Befektetési,INDUSTRIALS,6
FM Holding,INDUSTRIALS,6
FM Létesítménygazdálkodási,INDUSTRIALS,6
FM Services Szolgáltató,INDUSTRIALS,6
FMC Dialízis Center Egészségügyi Kf,HEALTH CARE,6
FMC-Agro Hungary Kereskedelmi és,MATERIALS,6
FMZ PRIMUS Ingatlanfejlesztö kft.,REAL ESTATE,6
FN CABLE HOLDINGS B.V. - TECHNIKAI,COMMUNICATIONS,6
FN Cable Hungary Tanácsadó,NOT RELEVANT,6
FNX DISZKONT ÁRUHÁZAT ÜZEMELT.,CONSUMER STAPLES,6
FOCUSFILM FILMGYÁRTÓ ÉS FILMFORGALM,NOT RELEVANT,6
"FODOR AUTÓ Közlekedési,",NOT RELEVANT,6
FOLTIN-GLOBE Kereskedelmi Kft. - te,CONSUMER STAPLES,6
FOOD EURO,CONSUMER STAPLES,6
FOOD WORLD,NOT RELEVANT,6
FORCE GROUPE KERESKEDELMI,NOT RELEVANT,6
FOREST HUNGARY,CONSUMER DISCRETIONARY,6
FOREST-2000 Kereskedelmi és,CONSUMER STAPLES,6
FORMARK MÜSZAKI ÉS GAZDASÁGI,NOT RELEVANT,6
FORMATEX KERESKEDELMI,CONSUMER DISCRETIONARY,6
FORPOST STÚDIÓ,NOT RELEVANT,6
FORRÁS Vagyonkezelési és Befektetés,INDUSTRIALS,6
FORRÁS ÁRUHÁZ Kereskedelmi és,CONSUMER STAPLES,6
FORT-IMPEX Kereskedelmi Korlátolt,REAL ESTATE,6
FORTUNATO Ingatlanforgalmazó és Fej,REAL ESTATE,6
FOTEX HOLDING SE NYRT.,NOT RELEVANT,6
FOTOPLUS Szolgáltató és,CONSUMER DISCRETIONARY,6
FOXCONN HUNGARY,NOT RELEVANT,6
FOXPOST,INDUSTRIALS,6
FPG Capital Befektetõ és Vagyonkeze,INDUSTRIALS,6
FR GROUP International SE Zártkörûe,REAL ESTATE,6
FRAMOCHEM FRANCIA-MAGYAR FINOMKÉMIA,MATERIALS,6
FRANCO Kereskedelmi es Ipari Kft.,NOT RELEVANT,6
FREAR KER. ÉS SZOLG. KFT. - F.A.,CONSUMER DISCRETIONARY,6
FREEZ-LAND KERESKEDELMI,NOT RELEVANT,6
FRESS MARKET Kereskedelmi,CONSUMER STAPLES,6
FREYA,NOT RELEVANT,6
FRIGOGÁZ Ipari és Kereskedelmi,MATERIALS,6
FRIGOLUX Ipari és Kereskedelmi,NOT RELEVANT,6
FRIGYES TÉR 1.,FINANCIALS,6
FRIKUS-Immobilien Bérbeadó és Száll,NOT RELEVANT,6
FRIKUS-KECSKEMÉT SZÁLLÍTÁSI,NOT RELEVANT,6
FRIOTECH,CONSUMER DISCRETIONARY,6
FROMENT Értékesítési és,CONSUMER STAPLES,6
FRONT-LIGHT Hirdetési és,NOT RELEVANT,6
FRONTALIT Kereskedelmi és,CONSUMER DISCRETIONARY,6
FRUIT CHPIS,CONSUMER STAPLES,6
"FRÉDI EIS Szolgáltató,",NOT RELEVANT,6
FRÜHWALD BETON ÉS ÉP.ANY.GYÁRTÓ,MATERIALS,6
FSK L&S Hungary Szolgáltató,INDUSTRIALS,6
FT-Property Vagyonkezelõ,INDUSTRIALS,6
FULL FULL Kereskedelmi és,NOT RELEVANT,6
FUN SZÓRAKOZTATÓ KÖZPONT,REAL ESTATE,6
FUNDUS INVEST Kereskedelmi és,CONSUMER DISCRETIONARY,6
FUNKCIÓ KERESKEDELMI ÉS SZOLG.,CONSUMER STAPLES,6
FUTBALL Szervezõ Zártkörûen Mû,NOT RELEVANT,6
FUTUREAL Belváros,REAL ESTATE,6
FUVAROZÓ ÉS SZOLGÁLTATÓ,NOT RELEVANT,6
FWT HUNGÁRIA,CONSUMER STAPLES,6
Fabi Márta Piroska,NOT RELEVANT,6
Facility-In Ingatlanhasznosító és G,REAL ESTATE,6
Fairker Társas,CONSUMER STAPLES,6
Faix Frigyes,NOT RELEVANT,6
Faktor Pénzügyi,FINANCIALS,6
Faludi u. 22,FINANCIALS,6
"Falujárók útja 5,19",REAL ESTATE,6
Fapiac utca 5-7.,REAL ESTATE,6
Faragó,NOT RELEVANT,6
Faraktár u. 14.,FINANCIALS,6
Farao Win Szerencsejáték Szervezõ,CONSUMER DISCRETIONARY,6
Farkas Pál,CONSUMER STAPLES,6
Farm Korlátolt Felelõsségû,CONSUMER STAPLES,6
Farmsolution Korlátolt,CONSUMER STAPLES,6
Farádi Mezõgazdasági,NOT RELEVANT,6
Fatshani Wing Chun Harcmûvés,NOT RELEVANT,6
Faurecia Emissions Control Technolo,CONSUMER DISCRETIONARY,6
Fazekas J. tér 20.,REAL ESTATE,6
Fazekas János tér 23.,FINANCIALS,6
Fazekas János tér 9.,REAL ESTATE,6
Fedezetkezelõ Zártkörûen Mûköd,FINANCIALS,6
Feed Korlátolt,CONSUMER STAPLES,6
Feed Korlátolt Felelõsségû,CONSUMER STAPLES,6
Fegyvertár u. 5.,REAL ESTATE,6
"Fehér Hold Kereskedelmi, Termelõ",CONSUMER DISCRETIONARY,6
Fehérgyarmat Május 14. tér 39.,REAL ESTATE,6
Fehérhegyi u. 3-4.,FINANCIALS,6
Fehérváry István,NOT RELEVANT,6
Feichtinger,NOT RELEVANT,6
Fekete Gyémánt,REAL ESTATE,6
Feketesas u. 24-26.,FINANCIALS,6
Felcsuti Péter,NOT RELEVANT,6
Felcsúti Utánpótlás Neveléséért Ala,NOT RELEVANT,6
Feleki,NOT RELEVANT,6
Felfalusi,NOT RELEVANT,6
Felgyõ-2000 Baromfinevelõ és Hízlal,CONSUMER STAPLES,6
"Felix-Novum Ipari, Kereskedelmi",ENERGY,6
Felsõ-Kiskunsági Közösségi Munkások,NOT RELEVANT,6
Felsõ-Szabolcsi Csatornamû Víziközm,INDUSTRIALS,6
Felsõcikolai No.2 Sertéstenyésztõ,CONSUMER STAPLES,6
Felsõinkám u. 1.,REAL ESTATE,6
Felsõinkám u. 2-8 sz.,REAL ESTATE,6
Felsõmajor u. 5.,REAL ESTATE,6
Felsõvárosi Lakásfenntartó,REAL ESTATE,6
Felsõõr u. 37.,REAL ESTATE,6
Fenestella International,INDUSTRIALS,6
Fenrir Korlátolt,UTILITIES,6
Ferenc,NOT RELEVANT,42
Ferenc u. 33-39. Lakásfennt,FINANCIALS,6
Ferenc u. 46.,FINANCIALS,6
Ferencné,NOT RELEVANT,6
Ferencvárosi Egészségügyi,HEALTH CARE,6
Ferenczy János u. 58.,REAL ESTATE,6
Ferenczy Károly u. 13-15.,REAL ESTATE,6
Ferentillo Holding SA,NOT RELEVANT,6
Ferihegy-Autó Kereskedelmi,CONSUMER DISCRETIONARY,6
Ferihegyi út 96-104.,FINANCIALS,6
Ferro-Pent Építõ- Szerelõ,INDUSTRIALS,6
Ferro-Sped 2000,INDUSTRIALS,6
Ferrotransz '98,NOT RELEVANT,6
Fertõ-tavi Nádgazdasági,CONSUMER STAPLES,6
Fertõ-táj Világörökség Magyar,NOT RELEVANT,6
Fertõd Bartók Béla u. 14.,REAL ESTATE,6
"Fertõrákos, Kõbánya sor 24. sz.",REAL ESTATE,6
Fesztiváliroda Kulturális,CONSUMER DISCRETIONARY,6
Fetter,NOT RELEVANT,6
Feuer,NOT RELEVANT,6
Fiastyúk u. 24.,FINANCIALS,6
Fiastyúk u. 64.,FINANCIALS,6
Fiatalok-Háza Ingatlankezelõ és For,REAL ESTATE,6
Fibrilla Novenytermesztesi,CONSUMER STAPLES,6
Fiege Szállítmányozási és Logisztik,NOT RELEVANT,6
FieldCore Service Solutions Interna,INDUSTRIALS,6
Film Korlátolt Felelõsségû,COMMUNICATIONS,6
"Finance Befektetõ Zrt. ""végel",NOT RELEVANT,6
Finance Magyarország Pénzügy,INDUSTRIALS,6
Finance Partners Slovakia s.r.o.,INFORMATION TECHNOLOGY,6
Finanziamento Tanácsadó és,INDUSTRIALS,6
First Solar Villamosenergetikai,INDUSTRIALS,6
First-Immo Hungary,REAL ESTATE,6
Fitness Vision Hungary,CONSUMER DISCRETIONARY,6
Fitout Hungary Mérnöki és,REAL ESTATE,6
Five Intertoll Europe,INDUSTRIALS,6
Fix Hitel Pénzügyi Szolgáltató,INDUSTRIALS,6
Fix Szolgáltató,INDUSTRIALS,6
Fleet Kereskedelmi és,INDUSTRIALS,6
Fleet Korlátolt Felelõsségû,INDUSTRIALS,6
FleetPlan Korlátolt Felelõsségû,INDUSTRIALS,6
Fleisch,CONSUMER STAPLES,6
Fleischmarkt Kereskedelmi és,INDUSTRIALS,6
Flexfleet Zártkörûen Mûködõ Részvén,FINANCIALS,6
Flextronics International Termelõ é,INFORMATION TECHNOLOGY,6
Flotta Ker. és Szolg.,CONSUMER DISCRETIONARY,6
Flotta Kft.,INDUSTRIALS,6
Flottakezelõ Kereskedelmi,INDUSTRIALS,6
Fobutech-,INDUSTRIALS,6
Fodor Imre,NOT RELEVANT,6
Fogarasi Park 3-4.,FINANCIALS,6
Folyópart Energia,ENERGY,6
Food Management 2005 Kereskedelmi,INDUSTRIALS,6
FoodVersum,CONSUMER STAPLES,6
Foodnet Zártkörûen Mûködõ,CONSUMER STAPLES,6
Foods Élelmiszeripari,CONSUMER STAPLES,6
Football Factor,CONSUMER DISCRETIONARY,6
ForHotels Szállodai és,REAL ESTATE,6
Ford Közép- és Kelet-Európai Értéke,CONSUMER DISCRETIONARY,6
Forest Logisticsystem Logisz,INDUSTRIALS,6
Forest-Vill Villamosipari és Energe,INDUSTRIALS,6
Forever Living Products Egészségügy,CONSUMER DISCRETIONARY,6
Forex Befektetési,FINANCIALS,6
Forgácsné Háda Noémi,CONSUMER STAPLES,6
Forrai,NOT RELEVANT,6
Forrás 2001,CONSUMER STAPLES,6
Forrás Agro,CONSUMER STAPLES,6
Forrás Gyógyszerészeti,CONSUMER STAPLES,6
Forrás Mezõgazdasági Szövetke,CONSUMER STAPLES,6
Fotex-Optika,NOT RELEVANT,6
Fractus Ingatlanhasznosító Kft. -F.,REAL ESTATE,6
Frank,NOT RELEVANT,6
Frankenburg út 4.,REAL ESTATE,6
Franklin Ház Korlátolt,FINANCIALS,6
Frankó,NOT RELEVANT,6
Franyó Levente,NOT RELEVANT,6
Frei Central Europe,CONSUMER DISCRETIONARY,6
Frei International,INDUSTRIALS,6
Frei Licensing Korlátolt,INDUSTRIALS,6
Frei Vendéglátó és,CONSUMER DISCRETIONARY,6
Freight Magyarország,INDUSTRIALS,6
Frenczel Bela,NOT RELEVANT,6
FrieslandCampina Hungária,CONSUMER STAPLES,6
Frigó Érd Kereskedelmi és,NOT RELEVANT,6
Friotech Kereskedelmi és,CONSUMER DISCRETIONARY,6
Friss es Ropogos Kft.,CONSUMER STAPLES,6
Frissbeton Betongyártó és,INDUSTRIALS,6
Frisspumpa,MATERIALS,6
Froghyar Shafi,NOT RELEVANT,6
Frontal Holding Befektetõ,INDUSTRIALS,6
Fruit and Fit Vagyonkezelõ,REAL ESTATE,6
Frühauf,NOT RELEVANT,6
Fuchsné Véber Genovéva,NOT RELEVANT,6
Fuel,INDUSTRIALS,6
Full-Pack Kereskedelmi és,CONSUMER DISCRETIONARY,6
Funtasy One,CONSUMER DISCRETIONARY,6
Fusion,CONSUMER DISCRETIONARY,6
Fusion Kerepesi Ingatlanfejlesztõ,REAL ESTATE,6
Futureal,REAL ESTATE,6
Futurmed Vagyonkezelõ,INDUSTRIALS,6
Futársarok,FINANCIALS,6
Fuyao Glass Eastern Europe,CONSUMER DISCRETIONARY,6
Fuzik,NOT RELEVANT,6
F¿MTERV,INDUSTRIALS,6
FÁBIÁN Kereskedelmi és,CONSUMER DISCRETIONARY,6
FÁYE Ingatlanfejlesztõ és -hasznosí,NOT RELEVANT,6
FÉLEGYHÁZI PÉKSÉG Korlátolt,CONSUMER STAPLES,6
FÉLGYÁRTMÁNY,NOT RELEVANT,6
FÉM-MÛVEK KISBÉR Korlátolt,MATERIALS,6
FÉMALK Fémöntészeti és Alkatrészgyá,NOT RELEVANT,6
FÉMIKSZ HUZAL FELDOLGOZO ÉS SZEGGYÁ,NOT RELEVANT,6
FÉMSZERKEZET Építõ és Szerelõ,INDUSTRIALS,6
FÓRIZS MIKLÓS,NOT RELEVANT,6
FÓRUM Hungary Filmforgalmazó,NOT RELEVANT,6
FÕFOTÓ Kereskedelmi és,NOT RELEVANT,6
FÕMTERV Mérnöki Tervezõ,INDUSTRIALS,6
FÕMTERV'TT FÕVÁROSI MÉRNÖKI TERVEZÕ,INDUSTRIALS,6
FÕVÁLL ÉPÍTÕIPARI FÕVÁLLALKOZÓ,NOT RELEVANT,6
FÕVÁLLALKOZÁRI ÉS TERV.,NOT RELEVANT,6
FÖLDBER Ingatlanfejlesztõ,FINANCIALS,6
FÖLDES,NOT RELEVANT,6
"FÖLDES Vagyongazdálkodási, Községüz",UTILITIES,6
FÖLDESI RÁKÓCZI MG.,NOT RELEVANT,6
FÖLDÉP MEZÕGAZDASÁGI SZOLG.,NOT RELEVANT,6
FÜRTKER Szõlõfeldolgozó,CONSUMER STAPLES,6
Fábián,NOT RELEVANT,6
Fábián Kft. és Isma Plusz,CONSUMER DISCRETIONARY,6
Fábiáni Lovas-túrizmus,CONSUMER DISCRETIONARY,6
Fárbás Ágnes,CONSUMER STAPLES,6
Fáy A. u. 10-12. szám,FINANCIALS,6
Fáy A. u. 4-5-6,REAL ESTATE,6
Fáy András u. 34-40.,REAL ESTATE,6
Fém és Építõtermék,NOT RELEVANT,6
Fényeslitke-Döge Csatornamû,NOT RELEVANT,6
Fészek Aranya Baromfitartó és Barom,CONSUMER STAPLES,6
Fõ Téri Gyógyszertár,CONSUMER STAPLES,6
Fõ fasor 9. sz.,FINANCIALS,6
Fõ tér 35-38.,REAL ESTATE,6
Fõ tér 38.,REAL ESTATE,6
Fõ u.,FINANCIALS,12
Fõ u. 23. szám alatti,REAL ESTATE,6
Fõtéri Helikon Gyógyszertár Betéti,CONSUMER STAPLES,6
Fõvállalkozói,INDUSTRIALS,6
Fõvárosi Vízmûvek,UTILITIES,6
Fõvárosi Ásványvíz- és Üdítõipari Z,CONSUMER STAPLES,6
Földeák Karina,NOT RELEVANT,6
Földmunka Korlátolt,INDUSTRIALS,6
Földvári Úti Gyógyszertár,CONSUMER STAPLES,6
Föltámadás u. 30. sz.,REAL ESTATE,6
Förhécz Sándor,NOT RELEVANT,6
FûKE YACHT Kereskedelmi és,CONSUMER DISCRETIONARY,6
"Fûzfõgyártelep, Irinyi u. 8.",FINANCIALS,6
"Fûzvölgyi Agrár Termelõ,",CONSUMER STAPLES,6
Fügedi,NOT RELEVANT,6
Fülöpszállás és Soltszentimre Vizik,NOT RELEVANT,6
Füredi Rudolf,NOT RELEVANT,6
Füredi u. 67. szám,REAL ESTATE,6
Füredi út 54-60. sz.,FINANCIALS,6
Fürjes Balázs,CONSUMER DISCRETIONARY,6
Fürst 1-3 - Táncsics 40.,REAL ESTATE,6
Fürst S. u. 39.,REAL ESTATE,6
Fürst Sándor u. 17-19-21,REAL ESTATE,6
Fürst Sándor út 26-28-30,REAL ESTATE,6
Füzesabonyi Agrár,CONSUMER STAPLES,6
Füzesgyarmat Béke u. 6.,FINANCIALS,6
Füzesliget Lakópark Ingatlanfejlesz,NOT RELEVANT,6
Füzi,NOT RELEVANT,6
G - 11 Lakásfenntartó,REAL ESTATE,6
G'ROBY NetShop Kereskedelmi,CONSUMER STAPLES,6
G-Híd Építõipari és Szolgáltató,INDUSTRIALS,6
G-Mobility Korlátolt Felelõsségû,FINANCIALS,6
G.B.T.I. Kereskedelmi és,MATERIALS,6
G.K.S. Swietelsky Ingatlanforgalmaz,INDUSTRIALS,6
G4S Biztonsági Szolgáltatások,NOT RELEVANT,6
GA FOOD ELELMISZER KERESKEDELMI KOR,CONSUMER STAPLES,6
GA-SWEET Gyártó,CONSUMER STAPLES,6
GAB Invest Befektetési és,INDUSTRIALS,6
GABONA BESZERZÉSI ÉS ÉRTÉK,CONSUMER STAPLES,6
"GABONA FARM Termelõ, Kereskedelmi",NOT RELEVANT,6
GABONATERMESZTÕ,NOT RELEVANT,6
GABRIELVIN Borászati,NOT RELEVANT,6
GALBAN Ingatlanhasznosító,NOT RELEVANT,6
GALGAMIX Premixgyártó és,NOT RELEVANT,6
GALLBREED,CONSUMER STAPLES,6
GALLFOOD Pulykafeldolgozó és Értéke,NOT RELEVANT,6
GALLUS,CONSUMER STAPLES,6
GALLUS-Barsonyos,CONSUMER STAPLES,6
"GALVÁNPLASTIK Mûanyaggalvanizáló,",CONSUMER DISCRETIONARY,6
GALÉRIA GASZTRO VENDÉGLÁTÓ,REAL ESTATE,6
GALÉRIA IMMO Ingatlankezelõ,FINANCIALS,6
GAMAX Informatikai és Munkaerõ-kölc,INFORMATION TECHNOLOGY,6
GAMBI Turisztikai és Szolgáltató,CONSUMER DISCRETIONARY,6
GAME STUDIO,CONSUMER DISCRETIONARY,6
GAMEX Kereskedelmi és Szolgáltató,NOT RELEVANT,6
GANZ TRANSELEKTRO KÖZLEKEDÉSI,NOT RELEVANT,6
GANZEG GÉP- ÉS ACÉLSZERKEZETGYÁRTO,INDUSTRIALS,6
GAP-Invest Ingatlanforgalmazó Kezel,NOT RELEVANT,6
GARDA Hungária 2001 Vállalkozási,NOT RELEVANT,6
GARDEN-PROTECT SZOLGÁLTATO ÉS,NOT RELEVANT,6
GARDÉNIA Kereskedelmi és,NOT RELEVANT,6
GARTENPRO Termelési és,INDUSTRIALS,6
"GAS-CAR Gépjármûkölcsönzõ, Autópark",NOT RELEVANT,6
GASTRO Kereskedelmi és,CONSUMER STAPLES,6
GASTRO PEPE Kereskedelmi,CONSUMER DISCRETIONARY,6
GASTRO-HÚS SZOLGÁLTATÓ ÉS,CONSUMER STAPLES,6
GASZTROIZMUS 2000 Kereskedelmi és,NOT RELEVANT,6
GASZTRÓ-TERNI Kereskedelmi és,CONSUMER STAPLES,6
GAVA HUNGRIA Kereskedelmi,CONSUMER STAPLES,6
GAZDA-DUÓ KERESKEDELMI KFT-F.A.,CONSUMER STAPLES,6
GB Investor Ingatlanhasznosító és,INDUSTRIALS,6
GBP Üzleti Park Zrt. f.a.,FINANCIALS,6
GBR Event Vendéglátóipari És,CONSUMER DISCRETIONARY,6
GBS Magyarország,INDUSTRIALS,6
GC PROJEKT Fõvállalkozási,INDUSTRIALS,6
GCC 4iG,COMMUNICATIONS,6
GCC ARGON,MATERIALS,6
GCC MÉSZÁROS,INDUSTRIALS,6
GD Holding,REAL ESTATE,6
GDPR Anonimizált ügyfél,CONSUMER STAPLES,6
GDPR Anonimizált ügyfél,ENERGY,6
GDPR Anonimizált ügyfél,NOT RELEVANT,6
GELDA Kereskedelmi és Szolgáltató,NOT RELEVANT,6
"GELESZ ÉS LENZSÉR ÉPITÉSZETI, MÉRNÖ",NOT RELEVANT,6
GEMENC VOLÁN Autóbuszközlekedési,NOT RELEVANT,6
GEMMA AGRO Mezõgazdasági,MATERIALS,6
GEMMA Szolgáltató és Kereskedelmi,INDUSTRIALS,6
GENOR Építõipari Generálkivitelezõ,NOT RELEVANT,6
GENTHERM Hungary,CONSUMER DISCRETIONARY,6
GENÉV Generál Ingatlanforgalmazási,INDUSTRIALS,6
GEOCONT GENERAL KIVITELEZÕ,REAL ESTATE,6
GEOHÓD Mûszaki Fejlesztési és,NOT RELEVANT,6
GEOMANT Kereskedelmi és,NOT RELEVANT,6
"GEOMARK Mezõgazdasági Termelõ,",CONSUMER STAPLES,6
GEOVOL Tömegárú Fuvarozó és Földmun,NOT RELEVANT,6
GEP Kereskedelmi Szolgáltató és Ta,NOT RELEVANT,6
GEPIDA Kerékpár Kereskedelmi és,CONSUMER DISCRETIONARY,6
GERAND INTERNATIONAL INGATLANFORGAL,REAL ESTATE,6
GERGELY CSABA EGYÉNI VÁLLAL,CONSUMER STAPLES,6
"GERJE-BIO TERMELÖ, ÉRTÉKESITÖ ÉS",NOT RELEVANT,6
GEROMI Kereskedelmi és,CONSUMER STAPLES,6
GES Geofizikai Szolgáltató,NOT RELEVANT,6
GETWORK,NOT RELEVANT,6
GHP Fuel Kereskedelmi és Gazdaságfe,NOT RELEVANT,6
GIL HUNGARY Ingatlanforgalmazó és,NOT RELEVANT,6
GIRONDE Háztartási és Kozmetikai,CONSUMER STAPLES,6
GITING,REAL ESTATE,6
GL-MAX Kereskedelmi és,NOT RELEVANT,6
GLAS SZILÁNK KER. ÉS SZOLG.,NOT RELEVANT,6
GLASS INDUSTRY Zártkörûen Mûködõ Ré,CONSUMER DISCRETIONARY,6
GLASSTRUCT ÉP.IP.TERV. ÉS,NOT RELEVANT,6
GLASTECHNIKA,NOT RELEVANT,6
GLBuilding Trafik Betéti,CONSUMER STAPLES,6
GLOBAL,CONSUMER STAPLES,6
GLOBAL SERVICE Üzemeltetõ és,INDUSTRIALS,6
GLOBAL STORES PRIVATELY HELD,CONSUMER STAPLES,6
GLOBAL Szolgáltató és,CONSUMER STAPLES,6
GLOBALESTATE-Hungary Ingatlanfejles,INDUSTRIALS,6
GLOC Ingatlan Hasznosító,REAL ESTATE,6
GM Kõérberek 30 Villamosenergia-ter,UTILITIES,6
GMD CAST Hungary Korlátolt,MATERIALS,6
GMM EUROPE Stratégiai és Kommunikác,INDUSTRIALS,6
GN Ötös,REAL ESTATE,6
GNX Engineering Korlátolt,INDUSTRIALS,6
GOLD FINE HUNGARY,CONSUMER DISCRETIONARY,6
GOLD-KINGS Univerzál Kereskedelmi,NOT RELEVANT,6
GOLD-RUN Pénznyerõ Automatát Üzemel,CONSUMER DISCRETIONARY,6
GOLD-SO KERESKEDELMI,NOT RELEVANT,6
GOLDEN REAL ESTATE INGATLANFORGALMA,FINANCIALS,6
GOLDKERN Mezõgazdasági,CONSUMER STAPLES,6
GOLDSCHMIDT 2000 Szolgáltató és,NOT RELEVANT,6
GOMA DÍSZCSOMAGOLÓANYAG-GYÁRTÓ ÉS,NOT RELEVANT,6
"GOMÉP Építõipari, Ker. és Szolg.",INDUSTRIALS,6
GOOD Termelõ és,CONSUMER STAPLES,6
GOODMASTER Kereskedelmi és,NOT RELEVANT,6
GOODWILL PHARMA,NOT RELEVANT,6
GORDIUS-EXTENS PÉNZÜGYI ÉS KÖRNYEZE,NOT RELEVANT,6
"GORDIUSZ 95' Ipari, Kereskedelmi",INDUSTRIALS,6
GP Trade Kereskedelmi és,CONSUMER STAPLES,6
GPD Vagyonkezelõ,INDUSTRIALS,6
GPM KERESKEDELMI ÉS SZOLGÁLTATO BET,CONSUMER STAPLES,6
GPS FRANCHISE CSOPORT,NOT RELEVANT,6
GPS Logisztika Szolgáltató,CONSUMER STAPLES,6
GR Vagyonkezelõ,INDUSTRIALS,6
GRABARICS Építõipari Korlátolt,INDUSTRIALS,6
GRABOPLAST Padlógyártó,INDUSTRIALS,6
GRAFIKA PRESS NYOMDAIPARI ZRT.-F.A,INDUSTRIALS,6
GRAFIKA Szolgáltató és,NOT RELEVANT,6
GRAFOTEK Nyomdaipar és,CONSUMER DISCRETIONARY,6
GRAMEX 2000 Kereskedelmi Kft. -,CONSUMER STAPLES,6
GRAN-EXPORT KERESKEDELMI,NOT RELEVANT,6
GRANACO Korlátolt Felelõsségû,CONSUMER STAPLES,6
GRAND KÉSZHÁZ Kereskedelmi és,INDUSTRIALS,6
GRAND PHARMA Gyógyszer,CONSUMER STAPLES,6
GRAND PROPERTIES,NOT RELEVANT,6
"GRAND TOURS 2000 Idegenforgalmi,",CONSUMER DISCRETIONARY,6
GRAND-COOP TÉSZ Termelõi,CONSUMER STAPLES,6
GRAND-DUEX Kereskedelmi és,CONSUMER STAPLES,6
GRAPE-VINE Bortermelõ és,CONSUMER STAPLES,6
GRATUS GYÓGYSZERIPARI TERMÉKEKET GY,CONSUMER STAPLES,6
GRAVIC Hungary Gyártó és,MATERIALS,6
GRB Ingatlanfejlesztõ,NOT RELEVANT,6
GRBSZ Kft.,NOT RELEVANT,6
GREAT INVEST 2006,REAL ESTATE,6
GREEN NETWORK KFT.-F.A,INDUSTRIALS,6
"GREEN-DIVÍZIÓ Termelõ,",CONSUMER STAPLES,6
GREENNOVATÍV Energetikai Fejlesztõ,INDUSTRIALS,6
GRENEX KFT,CONSUMER STAPLES,6
GRIFF INVEST INGATLANFORG.,NOT RELEVANT,6
GRONTAL,NOT RELEVANT,6
GROSSHAUS Hungaria Fémfeldolgozó,CONSUMER DISCRETIONARY,6
GROT-PETROL,NOT RELEVANT,6
GROUP BIF RT,REAL ESTATE,6
GROUP FINANCE S.A.,INDUSTRIALS,6
GROUP Kereskedelmi és,CONSUMER DISCRETIONARY,6
GROUP Mol es erdekeltsegei,ENERGY,6
GRÁMÁN RALLYE TEAM,CONSUMER DISCRETIONARY,6
GRÓMED Gyógyszertár Betéti Társság,CONSUMER STAPLES,6
"GSB-Invest Ingatlanforgalmazó, Kere",FINANCIALS,6
GSD,CONSUMER STAPLES,6
GSERMA KERESKEDELMI ÉS HUMÁN,NOT RELEVANT,6
GTC Magyarország,REAL ESTATE,6
GTH Holding Zártkörûen Mûködõ,INDUSTRIALS,6
GTS Hungary Kft,COMMUNICATIONS,6
GUININVEST Ingatlanberuházó,NOT RELEVANT,6
GULLIVER Kereskedelmi és,NOT RELEVANT,6
GULYÁS SPED,ENERGY,6
GUM Kereskedelmi és,NOT RELEVANT,6
GUMAX,CONSUMER DISCRETIONARY,6
GUMITÁR Kereskedelmi és,CONSUMER DISCRETIONARY,6
GUSTATEN Ingatlanforgalmazó,REAL ESTATE,6
GWE Budafilter,INDUSTRIALS,6
GYAFIX,MATERIALS,6
GYALÁN-FARM Mezõgazdasági és,CONSUMER STAPLES,6
GYENES MEZÕGAZDASÁGI,CONSUMER STAPLES,6
GYEVITUR Algyõi Vendégház és Turisz,NOT RELEVANT,6
GYEVIÉP Algyõi Településüzemeltetés,INDUSTRIALS,6
GYOMAFA Faipari Termelõ és,NOT RELEVANT,6
GYOMAI KNER NYOMDA,INDUSTRIALS,6
GYSEV,INDUSTRIALS,6
GYSEV CARGO,INDUSTRIALS,6
GYSGY Invest Ingatlanhasznosító,FINANCIALS,6
GYURSÁNSZKY FERENC,NOT RELEVANT,6
GYÓGYSZERTÁR,CONSUMER STAPLES,6
GYÓGYSZERTÁR GYÓGYSZERKERES,CONSUMER STAPLES,6
GYÓGYSZÁLLÓ SZOLGÁLTATÓ,REAL ESTATE,6
GYÓGYÍTÓ Patikus Gyógyszerészeti Be,CONSUMER STAPLES,6
GYÕR SZABOLCSKA U. 25-29.,REAL ESTATE,6
GYÕR-MOSON-SOPRON M. BERUH. KFT,NOT RELEVANT,6
GYÕR-SHEPHERD Korlátolt,FINANCIALS,6
GYÕR-SOPRON-EBENFURTI VASÚT,INDUSTRIALS,6
GYÕR-SZOL Gyõri Közszolgáltató és,UTILITIES,6
GYÖMBÉR PATIKA,CONSUMER STAPLES,6
GYÖMRÕ INVEST,NOT RELEVANT,6
GYÖNGYÖS-SPORTCSARNOK,REAL ESTATE,6
GYÖNGYÖS-STRAND,REAL ESTATE,6
Ga-Na Invest Vagyonkezelõ,INDUSTRIALS,6
Gabona Cargo Szállítmányozási,INDUSTRIALS,6
Gabona Kereskedelmi Kft.-F,NOT RELEVANT,6
Gabona-27 Szolgáltató Betéti,CONSUMER STAPLES,6
Gabona-Transz Kereskedelmi és,NOT RELEVANT,6
Gabonakutató Nonprofit Közhasznú,NOT RELEVANT,6
Gabonart 2010 Kereskedelmi és,NOT RELEVANT,6
Gagarin u. 20.,REAL ESTATE,6
Gagarin út 12. sz.,REAL ESTATE,6
Gaignerot-Nagy,NOT RELEVANT,6
Gajdácsi Flakon Kereskedelmi és,NOT RELEVANT,6
Gala-Kerzen Hungária Gyertyagyártó,CONSUMER DISCRETIONARY,6
Galambvári Erika,CONSUMER STAPLES,6
Galantai,CONSUMER STAPLES,6
Galgamácsa Panoráma Lakótelep 4.,REAL ESTATE,6
Galil Hungary Textil,NOT RELEVANT,6
Galium Patikárius,CONSUMER STAPLES,6
Galla,CONSUMER STAPLES,6
Galldorf,CONSUMER STAPLES,6
Gallicoop Pulykafeldolgozó,CONSUMER STAPLES,6
Gallon-Transz Kft 'fa',NOT RELEVANT,6
Gallus,CONSUMER STAPLES,6
Galló,NOT RELEVANT,6
GalvánPlastik,CONSUMER DISCRETIONARY,6
Gamma Home Entertainment Kereskedel,COMMUNICATIONS,6
Gamma Real Estate,REAL ESTATE,6
Gamper Lajos,NOT RELEVANT,6
Ganymede Korlátolt,UTILITIES,6
Ganymedes Korlátolt,UTILITIES,6
Ganz,INDUSTRIALS,6
Garage Ingatlanfejlesztõ,INDUSTRIALS,6
Garai Mária,CONSUMER STAPLES,6
Garai u. 7.,FINANCIALS,6
Garai út 3,REAL ESTATE,6
Garam u. 1. sz.,REAL ESTATE,6
Garam u. 5.,REAL ESTATE,6
Garan J. u. 6-8. sz alatti,REAL ESTATE,6
Garan János u. 16.,REAL ESTATE,6
Garancsi,INDUSTRIALS,6
Garden Invest Halas Termelõ és,CONSUMER STAPLES,6
Garzon Bútor Kereskedelmi,CONSUMER DISCRETIONARY,6
Gas Trading Korlátolt,UTILITIES,6
Gastro Property,CONSUMER STAPLES,6
Gasztro Trade Impex Kereskedelmi,CONSUMER STAPLES,6
Gasztromûhely Vendéglátóipari,CONSUMER DISCRETIONARY,6
Gasztronómia Klub Étterem,CONSUMER DISCRETIONARY,6
Gayer,NOT RELEVANT,6
Gazdagréti,FINANCIALS,6
Gebrüder Weiss Szállítmányozási,INDUSTRIALS,6
Gecse,NOT RELEVANT,6
Gedeon,NOT RELEVANT,6
"Gedia Hungary Fém, Mûanyag Ipari",CONSUMER DISCRETIONARY,6
Geers Hallókészülék Kereskedelmi,NOT RELEVANT,6
Gelbmann,NOT RELEVANT,6
Gelbné Molnár Mónika,NOT RELEVANT,6
Gellény,NOT RELEVANT,6
Gellért,NOT RELEVANT,6
Geminare Ingatlanhasznosító,REAL ESTATE,6
Gemini-Pro Szolgáltató,NOT RELEVANT,6
"Generál-Mester Építõipari,",INDUSTRIALS,6
Generálépítõ Korlátolt,INDUSTRIALS,6
Genezis Tárház Szolgáltató és,CONSUMER STAPLES,6
Geo Kavics Bányászati,MATERIALS,6
"Geo-Transzport Ker., Szolg. Száll.",NOT RELEVANT,6
Georg-Invest Holding Korlátolt Fele,REAL ESTATE,6
Geosaurus Építõipari Kft.,INDUSTRIALS,6
Geotermikus Szolgáltató,UTILITIES,6
Gerencser Autohaz,CONSUMER DISCRETIONARY,6
Gergõ,NOT RELEVANT,6
Gerjeni Agrár,CONSUMER STAPLES,6
Gerle u. 2.,FINANCIALS,6
Getronics Magyarország Informatikai,INFORMATION TECHNOLOGY,6
Ghyczy Kálmán u 7.,REAL ESTATE,6
Gienger-Komfort Épületgépészeti,NOT RELEVANT,6
Gima Szolnok Ipari Park,REAL ESTATE,6
Girasol 2004 Olajos Növények,CONSUMER STAPLES,6
Gironde,CONSUMER STAPLES,6
Glas Holding Feldolgozó,INDUSTRIALS,6
Glas Trade Korlátolt,INDUSTRIALS,6
Glass 1989 Üveg- és Gépipari,INDUSTRIALS,6
Glass 2007 Üvegipari és,INDUSTRIALS,6
Glass Üveg-és Gépipari,INDUSTRIALS,6
Glass-Maker Üvegtechnikai,REAL ESTATE,6
Glatz Ferenc Henrik,NOT RELEVANT,6
Glegyák,NOT RELEVANT,6
Glencore Agriculture Hunga,CONSUMER STAPLES,6
Glenville,CONSUMER STAPLES,6
GlobLog Korlátolt Felelõsségû,CONSUMER DISCRETIONARY,6
"Global Green Europe Termelõ,",CONSUMER STAPLES,6
Global NRG Kereskedelmi és,NOT RELEVANT,6
Global Thermal,NOT RELEVANT,6
Global-Tender Tanácsadó,CONSUMER DISCRETIONARY,6
Globus Konzervipari,CONSUMER STAPLES,6
Globál Szállítmányozási,INDUSTRIALS,6
Glynwed,NOT RELEVANT,6
Gobi Logistics,CONSUMER DISCRETIONARY,6
Gold Invention,MATERIALS,6
Gold Kereskedelmi,INDUSTRIALS,6
Gold-Cars Kereskedelmi és,NOT RELEVANT,6
Goldenits,NOT RELEVANT,6
Goldex Hungary,NOT RELEVANT,6
Golobics,NOT RELEVANT,6
Golobicsné Nagy,NOT RELEVANT,6
Gombos Földgép Mélyépítési és Vízép,NOT RELEVANT,6
Good Change Kereskedelmi,NOT RELEVANT,6
Goodmills Magyarország Malomipari,CONSUMER STAPLES,6
Goodwill,HEALTH CARE,6
Gorky és Zentai,CONSUMER STAPLES,6
Gourmet Service Hungary Korlátolt,CONSUMER STAPLES,6
Gourmet's Food Europe Hungary,NOT RELEVANT,6
Grabarics,INDUSTRIALS,6
Grabarics Út és Közmû,INDUSTRIALS,6
Grain Store,CONSUMER STAPLES,6
Grampet Debreceni Vagongyár,INDUSTRIALS,6
Gran Papír Kereskedelmi,MATERIALS,6
Grand 4000 Szerencsejáték,CONSUMER DISCRETIONARY,6
Grand-Global Patika Gyógyszer Kiske,CONSUMER STAPLES,6
GrandVision Hungary,CONSUMER DISCRETIONARY,6
Grano 2004. Szántóföldi Növények me,CONSUMER STAPLES,6
Green Home Projects,FINANCIALS,6
"Green Plan Center Oktatási,",CONSUMER DISCRETIONARY,6
Green Power Kõvágóörs Észak,UTILITIES,6
Green Power TSL1.,UTILITIES,6
Green Power Tiszatarján Észa,UTILITIES,6
Green Power VPP Korlátolt Fe,UTILITIES,6
Green-In Gyártó és Kereskedelmi,CONSUMER STAPLES,6
GreenPower Services Korlátolt,CONSUMER STAPLES,6
Greencango Gyógyszerkereskedelmi,HEALTH CARE,6
Greenvestment Befektetési,INDUSTRIALS,6
Greiner Packaging,MATERIALS,6
Grepton Informatikai Zártkörûen,INFORMATION TECHNOLOGY,6
Griff Investment,FINANCIALS,6
Griffsoft Informatikai Zrt,INFORMATION TECHNOLOGY,6
Grigalek,NOT RELEVANT,6
Gropius Építõipari és,INDUSTRIALS,6
Gross-Invest Ingatlanforgalmazó,NOT RELEVANT,6
Group,NOT RELEVANT,6
Group AS,INDUSTRIALS,6
Group BOCHEMIE GROUP,MATERIALS,6
Group Claessens,CONSUMER STAPLES,6
Group DRENCAN,FINANCIALS,6
Group Finance,ENERGY,6
"Group Finance SA, Betrange",ENERGY,6
Group Holding Korlátolt,INDUSTRIALS,6
Group Maternity,HEALTH CARE,6
Group Nyilvánosan Mûködõ Részvén,REAL ESTATE,6
Group SHOEBOX,CONSUMER DISCRETIONARY,6
Group Szolgáltató,INDUSTRIALS,6
Group Wizz Air,INDUSTRIALS,6
Grundfos Magyarország Gyártó,INDUSTRIALS,6
Grupo Lar Hungria Ilka Ingatlanfejl,FINANCIALS,6
Gránit-Szolnok Vállalkozási és,NOT RELEVANT,6
Grászli János,CONSUMER DISCRETIONARY,6
Grósz Vendéglátó és Kereskedelmi,NOT RELEVANT,6
Gsuk Maria Theresa,CONSUMER STAPLES,6
Gts-datanet távközlési kft.,NOT RELEVANT,6
"GudFruit Termelõ, Kereskedelmi és",CONSUMER STAPLES,6
Guller,NOT RELEVANT,6
Gulyás,NOT RELEVANT,6
Gumax Kereskedelmi és Szoláltató,CONSUMER DISCRETIONARY,6
Gumiflex Nagy- és Kiskereskedelmi,CONSUMER DISCRETIONARY,6
Gurszki,NOT RELEVANT,6
Gutenberg tér 2. szám,REAL ESTATE,6
Gvadányi u. 28-38.,FINANCIALS,6
Gy. út 60-60-ABC,FINANCIALS,6
Gyarmati János,NOT RELEVANT,6
Gyekenyesi Mezogazdasagi,CONSUMER STAPLES,6
Gyelán,CONSUMER STAPLES,6
Gyenes tér 19.,REAL ESTATE,6
Gyercán,NOT RELEVANT,6
Gyermek - és Közétkezte,NOT RELEVANT,6
Gyermekmenza,CONSUMER DISCRETIONARY,6
Gyermekváros 4. jelû épüle,FINANCIALS,6
Gyermely Élelmiszeripari Zrt. -,CONSUMER STAPLES,6
Gyimes Autohaz,CONSUMER DISCRETIONARY,6
Gyula,NOT RELEVANT,18
Gyula Városház u.,REAL ESTATE,6
Gyula-Ker Kereskedelmi és,CONSUMER STAPLES,6
Gyulai Húskombinát,NOT RELEVANT,6
"Gyulai"" Fafém"" Bútor Részvénytársas",CONSUMER DISCRETIONARY,6
Gyuláné,NOT RELEVANT,6
Gyuris István,NOT RELEVANT,6
Gyógyszer - és,HEALTH CARE,6
Gyõr Zombor u. 3-5. Társasházközöss,FINANCIALS,6
"Gyõr, Kiss J. u. 9. B.",FINANCIALS,6
"Gyõr, Tihanyi Árpád út 67-69.",FINANCIALS,6
Gyõrffy út 1-7.,REAL ESTATE,6
Gyõri Keksz,NOT RELEVANT,6
Gyõri kapu 75-85. sz.,REAL ESTATE,6
Gyõri kapu 8.,FINANCIALS,6
Gyõrössy-kert 1-17 Társasház Közöss,REAL ESTATE,6
Gyõzelem 2004 Mezõgazdasági,CONSUMER STAPLES,6
Gyõzelem Mezõgazdaság,CONSUMER STAPLES,6
Gyõzelem u. 1-7.,REAL ESTATE,6
Gyömrõi 76 Ing.forg. és Üzem.,NOT RELEVANT,6
Gyömrõi-sarok Projekt Szolgáltató,REAL ESTATE,6
Gyöngy Ottilia,NOT RELEVANT,6
Gyöngyvirág Gyógyszertár,NOT RELEVANT,6
Gyöngyvirág u. 11.,REAL ESTATE,6
Gyöngyvirág u. 2.,FINANCIALS,6
Gyöngyvirág u. 4. sz.,REAL ESTATE,6
Gyöngyvirág u. 6.,FINANCIALS,6
Gyöngyös Kossuth u. 42.,REAL ESTATE,6
György,NOT RELEVANT,18
György Patika,CONSUMER STAPLES,6
György u. 23-25-27 sz.,REAL ESTATE,6
Györgyné,NOT RELEVANT,12
"Gyûrûsmenti Beszerzõ, Szolgáltató",NOT RELEVANT,6
Gyülekezete,INDUSTRIALS,6
Gyülekezete Oktatási Fõigazgató,INDUSTRIALS,6
Gyülekezete Szeretetszolgálata,INDUSTRIALS,6
Gyümölcs Termelõ és,NOT RELEVANT,6
GÁZMODUL KFT,NOT RELEVANT,6
GÉP-KER 2003 Kereskedelmi Kft. - f.,CONSUMER DISCRETIONARY,6
"GÉPKOCSIS SZÁLLÍTÓ, SZOLGÁLTATÓ",NOT RELEVANT,6
GÉPSYSTEM,NOT RELEVANT,6
GÉPÉSZ LAKÁSFENNTARTÓ,FINANCIALS,6
GÓGÁN-HÚS KERESKEDELMI,CONSUMER STAPLES,6
GÖMÖR-PATIKA GYÓGYSZERÉSZETI,CONSUMER STAPLES,6
GÖTZ-G Korlátolt Felelõsségû Társas,CONSUMER DISCRETIONARY,6
Gábor,NOT RELEVANT,66
Gábor uti II. sz.,FINANCIALS,6
Gábor Áron u. 2. A.,REAL ESTATE,6
Gála Eseményszervezõ Kereskedelmi,CONSUMER DISCRETIONARY,6
Gárdai,NOT RELEVANT,6
Gárdonyi G. u. 41.,REAL ESTATE,6
Gárdonyi G. út 10-16.,REAL ESTATE,6
Gáspár Zoltán u. 10.,FINANCIALS,6
Gáspár Zoltán u. 2.,FINANCIALS,6
Gát u. 11,FINANCIALS,6
Gát u. 8.,REAL ESTATE,6
Gáz Korlátolt Felelõsségû,UTILITIES,6
Gáz u. 1.,FINANCIALS,6
Gáz u. 4.,REAL ESTATE,6
Gáz u. 8.,REAL ESTATE,6
Gázmodul-Weisz Kereskedelmi és,INDUSTRIALS,6
Géczi Csaba,NOT RELEVANT,6
"Gép-Flotta Gép-,Eszköz-,Jármûkezelõ",INDUSTRIALS,6
Gépész Építõipari,INDUSTRIALS,6
Gérce Jobbikszer,NOT RELEVANT,6
Gézáné,NOT RELEVANT,6
Gólyavár Gyógyszertár,CONSUMER STAPLES,6
Gõzhajó u. 1-4.,REAL ESTATE,6
Göcsej Pékség Kereskedelmi és,CONSUMER STAPLES,6
Göcseji u. 51. sz.,FINANCIALS,6
Gödöllõ Egyetem tér,FINANCIALS,6
Gödöllõ Egyetem tér 11.,FINANCIALS,6
Gödöllõ Palota-kert,FINANCIALS,6
"Gödöllõ, Palotakert",FINANCIALS,6
"Gödöllõ, Palotakert 6.",FINANCIALS,6
Gödöllõi Sport Klub,CONSUMER DISCRETIONARY,6
Gödöllõi Tangazdaság,CONSUMER STAPLES,6
Gödöllõi Távhõszolgáltató,UTILITIES,6
"Gönczi Ferenc út 11-17,",REAL ESTATE,6
Gönczöl,NOT RELEVANT,6
Görcs,NOT RELEVANT,6
Görgey u. 4. szám,FINANCIALS,6
Görhöny Csaba,CONSUMER STAPLES,6
H&H Projects Építõipari Kereskedelm,REAL ESTATE,6
H-BOWLING Vagyonkezelõ,FINANCIALS,6
H-MOTT 2008 Ingatlanfejlesztõ,REAL ESTATE,6
H-PONT IRODAHÁZ HASZNOSÍTÓ,FINANCIALS,6
H-Pont Monte Irodaház Hasznosító,REAL ESTATE,6
"H-TECH-BULID Üzemeltetési,Építési",NOT RELEVANT,6
H. 18. Lakásfenntartó,FINANCIALS,6
H.T. AMETISZT Patika Korlátolt Fele,CONSUMER STAPLES,6
H.Wilhelm Schaumann Állattakarmányo,CONSUMER STAPLES,6
"H2Q2-ÉPÍTÕ Üzemeltetési,",NOT RELEVANT,6
HAAS-SOHN Fûtõkészülékgyártó és Ker,CONSUMER DISCRETIONARY,6
HABI KERESKEDELMI ÉS SZOLGÁLTATÓ,INDUSTRIALS,6
HABRANTUS-PHARMA Gyógyszeripari,CONSUMER STAPLES,6
HACKER & KOCH INGATLANFORG.,NOT RELEVANT,6
HADARITS VILMOS DR.,NOT RELEVANT,6
HADIK NÁDOR Vendéglátó Korlátolt,REAL ESTATE,6
HAJDU BUZA KUKORICA TERMELÉSI ÉS,NOT RELEVANT,6
HAJDU Fuvarozási Korlátolt,INDUSTRIALS,6
HAJDU-BÉT RT.,NOT RELEVANT,6
HAJDUNÁNÁSI BÉKE MEZÖGAZDASÁGI SZÖV,NOT RELEVANT,6
HAJDUSZÖV Kereskedelmi és Ipari,NOT RELEVANT,6
HAJDÚ GYÓGYSZER KERESKEDELMI,NOT RELEVANT,6
HAJDÚBÖSZÖRMÉNY-BOCSKAIKERT VKT.,NOT RELEVANT,6
HAJDÚBÖSZÖRMÉNYI MG,NOT RELEVANT,6
"HAJDÚERDÕ Erdészeti, Kereskedelmi",NOT RELEVANT,6
HAJDÚHÚS 2000 Kereskedelmi és,NOT RELEVANT,6
HAJDÚNÁNÁS-HAJDÚDOROG CSATORNAMÛ BE,NOT RELEVANT,6
HAJNAL GYÓGYSZERTÁRI,CONSUMER STAPLES,6
HAJTA 2000,CONSUMER STAPLES,6
"HAJTA-ZAGYVA ÉPITÖ, SZOLGÁLTATO ÉS",ENERGY,6
HAKER PLUSZ KFT,NOT RELEVANT,6
"HALASI VÁROSGAZDA Beruházó,",FINANCIALS,6
HALDORÁDÓ TEAM KERESKEDELMI Bt,NOT RELEVANT,6
HALIME Arbeit 2013 Kereskedelmi,INDUSTRIALS,6
"HALKER Élelmiszer Kereskedelmi, Gyá",CONSUMER STAPLES,6
HALMILL Team Tanácsadó,NOT RELEVANT,6
HALMSCHLÁGER TRADE Zártkörûen,CONSUMER STAPLES,6
HALTECH MAGYAR LÕSZERGYÁRTÓ ÉS REND,INDUSTRIALS,6
HAMBURGER Hungária,MATERIALS,6
HAMLET 2000 Kereskedelmi és,NOT RELEVANT,6
HAMPEX Kereskedelmi Korlátolt,CONSUMER STAPLES,6
HANGÁR-BAU KERESKEDELMI ÉS SZOLGÁLT,INDUSTRIALS,6
HANGÁS-RÉT,NOT RELEVANT,6
HAPPY BOX,REAL ESTATE,6
HARANGOD-MAG Kereskedelmi és,CONSUMER STAPLES,6
"HARCON ÉPÍTÕ ÉS SZERELÕ ZRT. ""F.A.""",INDUSTRIALS,6
HARCON-CONSTRUCTION Építési és Szak,INDUSTRIALS,6
HARKÁNYI GYÓGYFÜRDÕ,NOT RELEVANT,6
HARMATH '94 IPARI-FÉMFELDOLGOZÓ,NOT RELEVANT,6
HATTYÚ-INVEST INGATLANHASZNOSÍTÁSÍ,NOT RELEVANT,6
HAVASI FÉMTECHNIKAI ÉS FÖVÁLLALKOZO,INDUSTRIALS,6
HAVENO Szolgáltató és,REAL ESTATE,6
HAVI Logistics Kereskedelmi Anyagga,INDUSTRIALS,6
HAYDN VENDÉGLÁTÓIPARI ÉS KER.,NOT RELEVANT,6
HAZAI 21 INGATLANFEJLESZTÉSI,NOT RELEVANT,6
HAZAI ÉPÍTÕGÉP TÁRSULÁS,INDUSTRIALS,6
HB PACK Mûanyagfeldolgozó és,MATERIALS,6
HB Reavis Construction Hungary,INDUSTRIALS,6
HBG-T Építõipari,INDUSTRIALS,6
HBGRAIN Kereskedelmi és,CONSUMER STAPLES,6
"HBK Rent Ingatlanhasznosító, Bérbea",NOT RELEVANT,6
HBPO Automotive Hungária,CONSUMER DISCRETIONARY,6
HC Központ Pénzügyi Közvetítõ,NOT RELEVANT,6
HE Hans Eibinger Magyarország,CONSUMER DISCRETIONARY,6
HE-DO,INDUSTRIALS,6
HE-DO Eszközkezelõ Korlátolt,REAL ESTATE,6
HEAT CASTING Alumíniumöntõ és,NOT RELEVANT,6
HEAT energy Gázipari Gépgyár,CONSUMER DISCRETIONARY,6
HECTAR 68.,NOT RELEVANT,6
HEGE-FÉM Kereskedelmi és,NOT RELEVANT,6
HEGEDUS,INDUSTRIALS,6
HEGEDÛS Csõszerelvény és Fûtéstechn,INDUSTRIALS,6
HEITEC Digital Szoftvermegoldások,INFORMATION TECHNOLOGY,6
HEITEC Hungary Mérnöki Megoldások,INDUSTRIALS,6
HELIOS PANNÓNIA Kereskedelmi és,MATERIALS,6
HELIOS-OPTIKA Nagykereskedelmi,CONSUMER DISCRETIONARY,6
HELIT Kereskedelmi Korlátolt,CONSUMER STAPLES,6
HELKON Ruhaipari,NOT RELEVANT,6
HELL,CONSUMER STAPLES,6
HELL ENERGY Magyarország,CONSUMER STAPLES,6
HENKEL MAGYARORSZÁG Termelési és,CONSUMER STAPLES,6
HERBÁRIA Gyógynövényfeldolgozó és,HEALTH CARE,6
HERMES,NOT RELEVANT,6
HERVIS Sport- és Divatkereskedelmi,CONSUMER DISCRETIONARY,6
"HERZ SZALÁMIGYÁR ZRT. ""F.A.""",NOT RELEVANT,6
HEVES APARTMANHÁZ,NOT RELEVANT,6
HEVES MEGYEI VÍZMÛ,UTILITIES,6
HEVES-CLEANING KLÍMAT.ÉS ÉP.G.KFT,NOT RELEVANT,6
"HEVESBETON Építõanyag-gyártó,",MATERIALS,6
"HEVESGÉP Mezõgazdasági Gépgyártó,",INDUSTRIALS,6
HEVESÉP Ingatlanforgalmazó Építõipa,NOT RELEVANT,6
HEXUM Földgáz Zártkörûen Mûködõ Rés,ENERGY,6
HGH TOURS UTAZÁSI ÉS REND.SZERV.KFT,NOT RELEVANT,6
HIDROFILT Vizkezelést Tervezõ és Ki,NOT RELEVANT,6
HIDROTERRA Kft.,NOT RELEVANT,6
HIE Irodabútor Forgalmazó,CONSUMER DISCRETIONARY,6
HIFI-CAR Kereskedelmi Szolgáltató,NOT RELEVANT,6
HIGH YIELD Vagyonkezelõ,INDUSTRIALS,6
HILLTOP Logisztikai Szolgáltató,INDUSTRIALS,6
HILLTOP NESZMÉLY BORÁSZATI KERESKED,CONSUMER STAPLES,6
HIMEX Külkereskedelmi és Vállalkozó,INDUSTRIALS,6
HIPP TERMELÕ ÉS KERESKEDELMI,CONSUMER STAPLES,6
HIRUNDO Szolgáltató,NOT RELEVANT,6
HITEL,NOT RELEVANT,6
HK-CERAM Kerámiagyártó Korlátolt,INDUSTRIALS,6
HK-Ceram,INDUSTRIALS,6
HLB Magyarország Könyvvizsgáló és,INDUSTRIALS,6
HLT Production Korlátolt,CONSUMER STAPLES,6
HM Arzenál Elektromechanikai,INFORMATION TECHNOLOGY,6
HO-ME 2000 Vagyonkezelõ Korlátolt,INDUSTRIALS,6
HOFFMANN-GÉP JAVÍTÓ ÉS,NOT RELEVANT,6
HOFFMANNÉ ÉS TÁRSAI ÜGYNÖKI ÉS KERE,ENERGY,6
HOGYÉSZI AGROKÉMIA CSOPORT,NOT RELEVANT,6
HOK-PLASTIC Mûanyaggyártó és,MATERIALS,6
HOLCMAN LÁSZLÓ egyéni,NOT RELEVANT,6
HOLDING,INDUSTRIALS,6
HOLDING BEFEKTETÉSI ÉS VAGYONKE,NOT RELEVANT,6
HOLDING VÁLLALKOZÁSFEJLESZTÕ,INDUSTRIALS,6
HOLDING Zártkörûen mûködõ,INDUSTRIALS,6
HOLISTE Laboratoires et Develo,HEALTH CARE,6
HOLZ ÉS PALETTEN KER.ÉS,NOT RELEVANT,6
HOMMAN Építõipari és,REAL ESTATE,6
HOMÉR Építõipari,REAL ESTATE,6
HONEYMOOD Filmgyártó és,NOT RELEVANT,6
HONI-Coop Kereskedelmi,CONSUMER STAPLES,6
HOPE POWER KERESKEDELMI,NOT RELEVANT,6
HOPI Hungária Logisztikai,INDUSTRIALS,6
"HORIZONT 98. Mezõgazdasági,",CONSUMER STAPLES,6
HORIZONT-HUNGARY LÁMPAGYÁRTÓ ÉS KER,INDUSTRIALS,6
HORKER KFT,NOT RELEVANT,6
HORNYÁK Építõipari és Szolgáltató,INDUSTRIALS,6
HOROSZCOOP,INDUSTRIALS,6
"HORSENS PARTNERS Építõipari,",REAL ESTATE,6
HORTICO Zöldség Termelõi Értékesítõ,NOT RELEVANT,6
HORTOBÁGY 2000,NOT RELEVANT,6
HORTOBÁGYI LÚDTENYÉSZTÕ,NOT RELEVANT,6
HORVÁTH Gyógyszertár Betéti,CONSUMER STAPLES,6
HOSSZÚ ÉS FIA SZOLG.ÉS KER.,NOT RELEVANT,6
HOVÁNY,CONSUMER DISCRETIONARY,6
HP TEAM IPARI ÉS ENERGETIKAI,NOT RELEVANT,6
HP-Invest Vagyonkezelõ és,NOT RELEVANT,6
HR-RENT Szolgáltató,INDUSTRIALS,6
HRC CEMENTFELDOLGOZÓ ÉS KER.KFT.-F.,INDUSTRIALS,6
HRM Event Rendezvényszervezõ és Ven,CONSUMER DISCRETIONARY,6
HRP Hungary Kereskedelmi,INFORMATION TECHNOLOGY,6
HRT Spedition Korlátolt,INDUSTRIALS,6
HSH-CHEMIE Kereskedelmi,MATERIALS,6
HSL Logisztika Hungary,NOT RELEVANT,6
HSP Hídépítõ Speciál Építõipari,INDUSTRIALS,6
HTM Mobile Korlátolt Felelõsségû,INFORMATION TECHNOLOGY,6
HTM Vagyonkezelõ Korlátolt,INDUSTRIALS,6
HTNS Hungary Korlátolt,INDUSTRIALS,6
HTV HORSZT Termotechnologiai es Vas,MATERIALS,6
HTV Kõbánya Gyártó és Szolgáltató,FINANCIALS,6
HUBIK TRANS SPED Nemzetközi,INDUSTRIALS,6
HUKE Hulladékkezelési,NOT RELEVANT,6
HUMAN BAU Ingatlan Beruházási és Fo,NOT RELEVANT,6
HUMET COMPANY,MATERIALS,6
HUMMUS OMER (MALL),NOT RELEVANT,6
HUN-AUTÓ Gépjármûforgalmazó Kft.,NOT RELEVANT,6
"HUN-BEEF Állattenyésztõ,",CONSUMER STAPLES,6
HUNENT VÍZISZÁRNYAS FELDOLGOZÓ,CONSUMER STAPLES,6
HUNGARCHÍV Általános Vállalkozási,INDUSTRIALS,6
HUNGARIA Zartkoruen Mukodo Res,CONSUMER DISCRETIONARY,6
HUNGARICUM wine & fine food,CONSUMER STAPLES,6
HUNGARO CASING,NOT RELEVANT,6
"HUNGARO ENERGY Földgáz, Energiakere",UTILITIES,6
HUNGARO-SOL Mezõgazdasági Termelõ,NOT RELEVANT,6
HUNGAROBEST-JUH,NOT RELEVANT,6
HUNGAROBIOMED Nagykereskedelmi,MATERIALS,6
HUNGAROFEK,CONSUMER DISCRETIONARY,6
HUNGAROMILL GABONAFORG. ÉS MALOM.RT,NOT RELEVANT,6
HUNGAROPHARMA Gyógyszerkereskedelmi,HEALTH CARE,6
HUNGAROPRO-IH Ingatlanhasznosító,NOT RELEVANT,6
HUNGARY,CONSUMER STAPLES,6
HUNGARY ENERGY KERESKEDELMI ÉS,NOT RELEVANT,6
HUNGARY K.F.T.,CONSUMER STAPLES,6
HUNGARY Korlátolt,CONSUMER STAPLES,6
HUNGARY Nagykereskedelmi és,CONSUMER STAPLES,6
HUNGAST Kereskedelmi és,CONSUMER DISCRETIONARY,6
HUNGERIT,CONSUMER STAPLES,6
HUNGERIT Baromfifeldolgozó és Élelm,CONSUMER STAPLES,6
HUNGEXPO VÁSÁR ÉS REKLÁM,NOT RELEVANT,6
HUNGUEST HOTELS SZÁLLODAIPARI,CONSUMER DISCRETIONARY,6
HUNGÁRIA,CONSUMER DISCRETIONARY,6
HUNGÁRIA HOLDING Építõipari,INDUSTRIALS,6
"HUNGÁRIA TEXTILIPARI KFT. ""f.a",NOT RELEVANT,6
HUNGÁRIA ÁSVÁNYOLAJ,CONSUMER DISCRETIONARY,6
HUNGÁRIA Épületgépészeti,NOT RELEVANT,6
HUNHELIX INVESTMENT LIMITED,INDUSTRIALS,6
HUNLAND,CONSUMER STAPLES,6
HUNLAND Dairy Mezõgazdasági,CONSUMER STAPLES,6
HUNLAND-TRADE Mezõgazdasági,CONSUMER STAPLES,6
HUNNIA HUSIPARI TERMÉKGYÁRTO KFT F.,CONSUMER STAPLES,6
HUNTRACO Kereskedelmi és,INDUSTRIALS,6
HUNYADI M.SZG.SZÖVETKEZET,NOT RELEVANT,6
"HUNYAGRO-FARM Mezogazdasagi, Muszak",CONSUMER STAPLES,6
HUNÍZ HÚS-DEPÓ Húsforgalmazó és,NOT RELEVANT,6
HW-OFFICE Kereskedelmi és,REAL ESTATE,6
HYDRO-ROAD Korlátolt Felelõsségû,NOT RELEVANT,6
HYDROCOMP MÉLYÉPÍTÕ,NOT RELEVANT,6
"HYDROGÉP Acélszerkezeti, Gépgyártó,",INDUSTRIALS,6
HYOJIN Korlátolt Felelõsségû Társas,INDUSTRIALS,6
Haberkorn Mûszaki Termékeket,NOT RELEVANT,6
Haemmerling Group Logistic,INDUSTRIALS,6
Hagleitner Hygiene Magyarország,INDUSTRIALS,6
Haiman Tanácsadó Korlátolt,NOT RELEVANT,6
Hajdu,NOT RELEVANT,6
Hajdu Ferenc e.v.,INDUSTRIALS,6
Hajdusági Gabonaipari Zártkörûen,CONSUMER STAPLES,6
Hajdú Gyógyszerészeti,CONSUMER STAPLES,6
Hajdú Volán Közlekedési,NOT RELEVANT,6
Hajdúdorog 16 Lakásos Társasház A,FINANCIALS,6
Hajdúkerület,REAL ESTATE,6
Hajdúszoboszló Turizmusáért Közhasz,NOT RELEVANT,6
Hajlat u. 1.,REAL ESTATE,6
Hajló-Falemez u.,FINANCIALS,6
Hajnal u. 10-10/A. sz. TH,REAL ESTATE,6
Hajnal u. 2.-Dózsa Gy.u.2,REAL ESTATE,6
Hajnal u. 20-22-24. Társasház Orosh,REAL ESTATE,6
Hajnalcsillag Katolikus Óvodáért,NOT RELEVANT,6
Hajó u. 2-4. sz.,FINANCIALS,6
Hajó u. 6-8. sz. alatti,FINANCIALS,6
Hajós u. 19-21.,FINANCIALS,6
Hajósi Szõlõbirtok Korlátolt,NOT RELEVANT,6
Haklik László egyéni,NOT RELEVANT,6
Halasthermál Fürdõ és Idegenforgalm,CONSUMER DISCRETIONARY,6
Halmai,NOT RELEVANT,6
Halmi út 46,FINANCIALS,6
Hamburger Recycling Hungary Korláto,MATERIALS,6
Handelswerk,CONSUMER DISCRETIONARY,6
Hangistálló Kulturális Rendezvénysz,NOT RELEVANT,6
Hangzhou Hikvision Digital Technolo,INDUSTRIALS,6
Hankook Tire Magyarország Gyártó,CONSUMER DISCRETIONARY,6
Hansa-Kontakt,CONSUMER STAPLES,6
Hansa-Kontakt Inv. Korlátolt,CONSUMER STAPLES,6
Hanyecz Kinga,NOT RELEVANT,6
Haosen Automation Korlátolt,CONSUMER DISCRETIONARY,6
Happy ABC Korlátolt Felelõsségû,CONSUMER STAPLES,6
Happy Cargo Korlátolt Felelõsségû,INDUSTRIALS,6
Harasztosi Gabona Kereskedelmi és,NOT RELEVANT,6
Hardi,NOT RELEVANT,6
Hardverker Online Kereskedelmi,CONSUMER DISCRETIONARY,6
Harman Becker Gépkocsirendszer Gyár,CONSUMER DISCRETIONARY,6
Harmatha Ivetta,NOT RELEVANT,6
Harmatha patikák,CONSUMER STAPLES,6
Harmos,NOT RELEVANT,6
Harmóniapark,FINANCIALS,6
Harsona Fólia Print Mûanyagipari,NOT RELEVANT,6
Haszkovó u. 17.,REAL ESTATE,6
Hatvani Gumiszervíz,NOT RELEVANT,6
Határ Úti Gyógyszertár,CONSUMER STAPLES,6
Határjáró u. 1-3-5.,REAL ESTATE,6
Határjáró út 2,FINANCIALS,6
Határõr u. 14.,FINANCIALS,6
Határõr u. 6.,FINANCIALS,6
Hauer László,NOT RELEVANT,6
Hausmann Kereskedelmi és,REAL ESTATE,6
Havanna u. 45-63.,REAL ESTATE,6
Havas Media Hungary Hirdetési,CONSUMER DISCRETIONARY,6
Havellant,INDUSTRIALS,6
Hazafi,NOT RELEVANT,6
Hazai Kötvény,NOT RELEVANT,6
Haás,NOT RELEVANT,6
Haász Ákos,NOT RELEVANT,6
Heat Hungary Mûszaki Innovációs,CONSUMER DISCRETIONARY,6
Hecht Hungary Korlátlan Fellelõsség,CONSUMER DISCRETIONARY,6
Hedon Kezmuves sorfozde,CONSUMER STAPLES,6
Hegyalja-Tár,NOT RELEVANT,6
Hegyhát BR. Mezõgazdasági -,CONSUMER STAPLES,6
Hegykõ-Mag Termelõ és,CONSUMER STAPLES,6
Hegykõi Mezõgazdasági,CONSUMER STAPLES,6
Hegyvidék Média Mûsorszolgáltató,CONSUMER DISCRETIONARY,6
Hegyvidék Rendezvényszerve,CONSUMER DISCRETIONARY,6
Hegyvidék Tabak,CONSUMER STAPLES,6
Heineken Hungária Sörgyárak,CONSUMER STAPLES,6
Helios Világítástechnikai,INDUSTRIALS,6
Heliszolg,NOT RELEVANT,6
Helit Property Korlátolt,INDUSTRIALS,6
Hell Beverages Limitid,CONSUMER STAPLES,6
Hellmann Worldwide Logistics Szállí,NOT RELEVANT,6
Helly Hansen Magyarország,CONSUMER DISCRETIONARY,6
Helsa Konfekcióipari,NOT RELEVANT,6
Helsinki u. 8.,REAL ESTATE,6
HelyszínForum Helyszínüzemeltetõ,NOT RELEVANT,6
Hemingway Holding,NOT RELEVANT,6
Henan Property Ingatlanforgalmazó,REAL ESTATE,6
Her-Trade Kereskedelmi és,CONSUMER STAPLES,6
Herceghalmi Kereskedõház,INDUSTRIALS,6
Hercsi,CONSUMER STAPLES,6
"Herczeg 19 Ingatlanforgalmazó-,",INFORMATION TECHNOLOGY,6
Herman O. u. 2.,FINANCIALS,6
Herman Ottó Lakás és Garázsfenntart,REAL ESTATE,6
Hermann Ottó utcai Lakásfenntartó,REAL ESTATE,6
Herta Kft. Vevõ Portfólió Törzs Fac,CONSUMER DISCRETIONARY,6
Hertelend Food,CONSUMER STAPLES,6
Hewlett-Packard Informatikai,INFORMATION TECHNOLOGY,6
Hi-Lex Hungary Kábelrendszer,INDUSTRIALS,6
HiCo. Trade Kiadói és,CONSUMER DISCRETIONARY,6
Hidasháti Mezõgazdasági,CONSUMER STAPLES,6
Hidasi Emese,NOT RELEVANT,6
Hideg,NOT RELEVANT,6
Hidro-Pannon Mélyépítõ,NOT RELEVANT,6
Highclass Sales,INDUSTRIALS,6
Hild Viktor u. 16-20.,REAL ESTATE,6
Hilltown,CONSUMER STAPLES,6
Hilti Szerszám Kft. -,INDUSTRIALS,6
Hiros Melyepito Kft.,INDUSTRIALS,6
Hirth,NOT RELEVANT,6
Hochegger Communications Consulting,NOT RELEVANT,6
Hock János u.,REAL ESTATE,6
Hoda Elsõ Iroda Ellátó,NOT RELEVANT,6
Hofer Magyarország Ingatlan,CONSUMER STAPLES,6
Hoffmann Balázs,NOT RELEVANT,6
Hofstadter Építõanyag Centrum,INDUSTRIALS,6
Holcim Hungária Cementipari,MATERIALS,6
Hold u. 9-11.,REAL ESTATE,6
Holder Építési és Kereskedelmi,NOT RELEVANT,6
Holdersit Property Korlátolt,REAL ESTATE,6
Holdesco Ingatlanhasznosító és Üzem,CONSUMER DISCRETIONARY,6
Holding,CONSUMER STAPLES,6
Holding,INDUSTRIALS,6
Holding Befektetési,INDUSTRIALS,6
"Holding Genezis""",MATERIALS,6
Holding Hungary,INDUSTRIALS,6
Holding Kereskedelmi,INDUSTRIALS,6
Holding Kereskedelmi és Terme,MATERIALS,6
Holding Korlátolt,CONSUMER DISCRETIONARY,6
Holding Korlátolt,INDUSTRIALS,12
Holding Korlátolt Felelõsségû,CONSUMER STAPLES,6
Holding Vagyonkezelõ,CONSUMER DISCRETIONARY,6
Holding Vagyonkezelõ és,INDUSTRIALS,6
Holding Zártkörûen Mûködõ,UTILITIES,6
Holding Építõ,INDUSTRIALS,6
Holding Építõ,REAL ESTATE,6
Holding Építõ Korlátolt,REAL ESTATE,6
Holistic Energy Korlátolt,INDUSTRIALS,6
Holistic Wellness Services,CONSUMER DISCRETIONARY,6
Holland Greenhouses Korlátolt,INDUSTRIALS,6
Hollós,NOT RELEVANT,6
Holnap Ingatlankezelõ,REAL ESTATE,6
Hombár Nagycenk,CONSUMER STAPLES,6
Homes Építõipari,INDUSTRIALS,6
Homoki Rózsa Burgonya Termelõi,NOT RELEVANT,6
Homola Szabolcs,NOT RELEVANT,6
Honeywell Szabályozástechnikai,INDUSTRIALS,6
Honor Technologies Hungary,INFORMATION TECHNOLOGY,6
Hont F. u. 7.,REAL ESTATE,6
Hont Ferenc u. 11.,REAL ESTATE,6
Hontiné Balogh Réka,NOT RELEVANT,6
Honvéd u. 10.,REAL ESTATE,6
Honvéd u. 16.,REAL ESTATE,6
Honvéd u. 23.,REAL ESTATE,6
Honvéd u. 25.,REAL ESTATE,6
Honvéd u. 6.,FINANCIALS,6
Honvéd u. 8.,FINANCIALS,6
Honvédelmi Minisztérium Elektronika,FINANCIALS,6
Hornung Péter,NOT RELEVANT,6
Hornyák Roland,NOT RELEVANT,6
Hortico-Régió 2009,CONSUMER STAPLES,6
Hortus Naturae Invest Üzletviteli,INDUSTRIALS,6
Horvát I. u. 10-12.,REAL ESTATE,6
Horvát u. 19-23,REAL ESTATE,6
Horváth,INDUSTRIALS,6
Horváth,NOT RELEVANT,6
Horváth Boldizsár u. 4. sz.,FINANCIALS,6
Horváth Csaba,NOT RELEVANT,6
Horváthné Kuti,NOT RELEVANT,6
Hospitaly Inforend Egészségügyi Meg,INFORMATION TECHNOLOGY,6
Hotel Palatinus Korlátolt,FINANCIALS,6
Hotellátó Nyomdai és,NOT RELEVANT,6
Hotels Korlátolt Felelõsségû,CONSUMER DISCRETIONARY,6
House Franchise Szolgáltató,REAL ESTATE,6
House Szolgáltató Központ Korl,REAL ESTATE,6
House of Prince Hungary,NOT RELEVANT,6
Howmet-Köfém Székesfehérvári Könnyû,MATERIALS,6
Hrabovszki és fia Kereskedelmi,CONSUMER STAPLES,6
Huawei Technologies Hungary Híradás,INFORMATION TECHNOLOGY,6
Huba u. 2-16.,REAL ESTATE,6
Hubay,NOT RELEVANT,6
Hudák,NOT RELEVANT,6
Hudákné Szabó Erika Irma,NOT RELEVANT,6
Hulladékgazdálkodási Nonpro,INDUSTRIALS,6
Humantrade kft. - Technikai,NOT RELEVANT,6
Humánerõforrás és Vállalkozásfejles,NOT RELEVANT,6
Hungaria,CONSUMER DISCRETIONARY,6
Hungaria,INDUSTRIALS,6
Hungaria Agro Korlátolt,CONSUMER STAPLES,6
Hungaria Kereskedelmi,CONSUMER DISCRETIONARY,6
Hungaria-Barnak Mezogazdasagi Terme,CONSUMER STAPLES,6
Hungaro Építõanyag Kereskedelmi,INDUSTRIALS,6
Hungaro-Ber Beruházó és Ingatlanfej,REAL ESTATE,6
Hungaro-Guard Vagyonvédelmi és,INDUSTRIALS,6
Hungaro-Orient Gold,CONSUMER STAPLES,6
Hungaro-Therm Épületgépészeti,INDUSTRIALS,6
HungaroControl Magyar Légiforgalmi,INDUSTRIALS,6
Hungarochem Külkereskedelmi Kft.,NOT RELEVANT,6
"Hungaroklíma Szerelõ,Tervezõ és",NOT RELEVANT,6
Hungaropharma,HEALTH CARE,6
Hungarotruck,CONSUMER DISCRETIONARY,6
Hungarowind Szélerõmû Üzemeltetõ,NOT RELEVANT,6
Hungary,INDUSTRIALS,12
Hungary - Meat Élelmiszeripari,CONSUMER STAPLES,6
Hungary - Meat Élelmiszeripari Term,FINANCIALS,6
Hungary Energiaszolgáltató,UTILITIES,6
Hungary Ipari és Kereskedelmi,INDUSTRIALS,6
Hungary Kereskedelmi és,INDUSTRIALS,6
Hungary Korlátolt Felelõsségû,CONSUMER DISCRETIONARY,6
Hungary Meat,CONSUMER STAPLES,6
Hungary Real Estate Korlátolt,CONSUMER DISCRETIONARY,6
Hungary Retail Kereskedelmi,CONSUMER DISCRETIONARY,6
Hungary Üvegipari Kft.,CONSUMER STAPLES,6
"Hungary-Ko Termelõi,Konzervipari",CONSUMER STAPLES,6
Hungast-Mecsek Kereskedelmi és,CONSUMER DISCRETIONARY,6
Hungast-Nyugat Kereskedelmi és,CONSUMER DISCRETIONARY,6
Hungerit Holding Korlátolt,CONSUMER STAPLES,6
Hungrana Keményítõ és Izocukorgyárt,CONSUMER STAPLES,6
Hung¿ria Motor,CONSUMER DISCRETIONARY,6
Hungária,INDUSTRIALS,12
Hungária Energetikai,UTILITIES,6
Hungária Mezõgazdasági Gépgyá,INDUSTRIALS,6
Hungária krt. 5-7.,FINANCIALS,6
Hungária Építõanyaggyártó,INDUSTRIALS,6
Hungária Építõgép,INDUSTRIALS,6
Hunniareg Pedagógiai,INDUSTRIALS,6
Hunorganic Gyártó és,CONSUMER STAPLES,6
Hunpro Properties Hungary,REAL ESTATE,6
Hunyadi J. tér 3.,FINANCIALS,6
Hunyadi J. utca 17-21.,REAL ESTATE,6
Hunyadi u. 4-8.,FINANCIALS,6
Huspiac,NOT RELEVANT,6
Huszár,CONSUMER STAPLES,6
Huszár és társa Kereskedõi,CONSUMER STAPLES,6
Hydro Extrusion Hungary Korlátolt,MATERIALS,6
Hydro-Construct Korlátolt,FINANCIALS,6
Hyginett Magyar-Amerikai Higiéniai,CONSUMER STAPLES,6
"Hyundai Engineering Co., Ltd. Magya",INDUSTRIALS,6
HÁLÓVETÕ Ingatlanforgalmazó és Vagy,NOT RELEVANT,6
"HÁMOR Kovácsoló, Megmunkáló és Hõke",INDUSTRIALS,6
HÁROM-PROFIT Korlátolt,CONSUMER STAPLES,6
HÁZ-TREND KER. ÉS SZOLG.KFT.,FINANCIALS,6
HÁZI PIROS PAPRIKA Mezõgazdasági,CONSUMER STAPLES,6
HÉRA,NOT RELEVANT,6
HÉTFÖ,NOT RELEVANT,6
HÍD Építõipari,INDUSTRIALS,6
"HÍDTECHNIKA Hídépitõ, Karbantartó",INDUSTRIALS,6
HÍRÖS GASZTRO Kereskedelmi és,CONSUMER STAPLES,6
HÍRÖS-BRÓKER Biztosítási Alkusz,NOT RELEVANT,6
HÓD-MEZÕGAZDA,CONSUMER STAPLES,6
HÓDAGRO,CONSUMER STAPLES,6
HÓDFÓKUSZ Kereskedelmi és,NOT RELEVANT,6
HÓDÚT VAGYONKEZELÖ,INDUSTRIALS,6
HÓMAN ISTVÁN egyéni vállalkozó,INDUSTRIALS,6
HÕFORRÁS,CONSUMER DISCRETIONARY,6
HÕGYÉSZI AGROKÉMIAI KERESKEDELMI ÉS,MATERIALS,6
HÕTRANSZ ÉPÜLETGÉPÉSZETI,INDUSTRIALS,6
HÖRMANN HUNGÁRIA Kereskedelmi és,INDUSTRIALS,6
HÚS ZÁRTKÖRÛEN MÛKÖDÕ RÉS,NOT RELEVANT,6
Hádáné Varga Andrea,CONSUMER STAPLES,6
Háfra,NOT RELEVANT,6
Hálózatépítõ,INDUSTRIALS,6
Hámán Kató II. sz. Lakásfenntartó,FINANCIALS,6
Hársfa Gyógyszertár Betéti,CONSUMER STAPLES,6
Hársfa u. 4.,REAL ESTATE,6
Hársfa-Sétány Lakásfenntartó,REAL ESTATE,6
Hárságy 2006. Vendéglátóipari és,NOT RELEVANT,6
Háry,NOT RELEVANT,6
Háry László,NOT RELEVANT,6
Házgyár Invest Kereskedelmi,CONSUMER STAPLES,6
Házépítõ Korlátolt,INDUSTRIALS,6
Hétforrás Nagykereskedelmi és,INDUSTRIALS,6
Hévíz Invest Vagyonkezelõ,REAL ESTATE,6
Híd Régió Környezetvédelmi,INDUSTRIALS,6
Hídépítõ,INDUSTRIALS,12
HírTV Mûsorszolgáltató,NOT RELEVANT,6
Hírközlési és Informatikai Tudomány,NOT RELEVANT,6
Hód,CONSUMER STAPLES,6
Hódi Pál utca 1.,REAL ESTATE,6
"Hódmezõvásáhely, Szabadság tér 80.",REAL ESTATE,6
Hódmezõvásárhely Köztisztasági,INDUSTRIALS,6
"Hódmezõvásárhely, Dr. Rapcsák Andrá",REAL ESTATE,6
"Hódmezõvásárhely, Hódtó",FINANCIALS,6
Hõgyészi Agrokémia,MATERIALS,6
Hõgyészi Terménykereskedelmi Szárít,CONSUMER STAPLES,6
Hõszigetelõ Üveggyártó és,NOT RELEVANT,6
Hõszolgáltató,NOT RELEVANT,6
Hõsök Tere Gyógyszertár,CONSUMER STAPLES,6
Hödlmayr Hungária Logistics,INDUSTRIALS,6
Hús 2000. Húsipari,CONSUMER STAPLES,6
Húsgép Tervezõ Gyártó és,NOT RELEVANT,6
Húsház Hungary Kereskedelmi és,CONSUMER STAPLES,6
Húsipari Húsfeldolgozó és,NOT RELEVANT,6
Hüvelyk u. 3.,REAL ESTATE,6
I-2. Ingatlanügynökség Ingatlank,NOT RELEVANT,6
I-COM IRODAELLÁTÁS Kereskedelmi,INDUSTRIALS,6
I-Híd Ingatlankezelõ,INDUSTRIALS,6
I-PRO Hungary Kereskedelmi és,NOT RELEVANT,6
I. Kerületi Ingatlanügynökség,NOT RELEVANT,6
I. Kuny Domokos u. 1.,REAL ESTATE,6
I. ker. Lovas u. 8,REAL ESTATE,6
I. ker. Szalag utca 8-10.,REAL ESTATE,6
I. kerület Batthyány u.,REAL ESTATE,6
I. kerület Gellérthegy,REAL ESTATE,6
I. kerület Markovits I.,REAL ESTATE,6
"I. kerület, Szilágyi Dezsõ",REAL ESTATE,6
I. Ág U,REAL ESTATE,6
"I., Mészáros u. 16. sz.",REAL ESTATE,6
I.Ker Hegyalja út 30.,REAL ESTATE,6
I.M.E. 2003. Kereskedelmi és,NOT RELEVANT,6
I.T. Magyar Cinema Moziüzemeltetõ é,COMMUNICATIONS,6
I.ker. Mészáros u. 10.,REAL ESTATE,6
IBARO Kereskedelmi és Szolgáltató,NOT RELEVANT,6
IBCS HUNGARY Automatikus Azonosítás,NOT RELEVANT,6
IBG Magyarország,INDUSTRIALS,6
IBIDEN Hungary Gyártó Korlátolt,CONSUMER DISCRETIONARY,6
IBRÁNYI Célkonzentrátum Termelõ,NOT RELEVANT,6
"IBS Nemzetközi Üzleti Fõiskola, Bud",CONSUMER DISCRETIONARY,6
ICGRAIN,CONSUMER STAPLES,6
ICL AUTÓ Korlátolt Felelõsségû Társ,CONSUMER DISCRETIONARY,6
"ICOPAL VILLAS Szigetelõ-, Fedélleme",INDUSTRIALS,6
ID Investment Korlátolt,INDUSTRIALS,6
"IDC EXPORT-IMPORT TERMELÕ, KER.",NOT RELEVANT,6
IDEA 21 Építõipari Korlátolt,NOT RELEVANT,6
IDEA-AGRO,CONSUMER STAPLES,6
IDEA-BONUS KERESKEDELMI,NOT RELEVANT,6
IDEGENFORGALMI ÉS,NOT RELEVANT,6
IDEMIA Hungary Korlátolt,INFORMATION TECHNOLOGY,6
IDEÁL Lakásfenntartó,REAL ESTATE,6
IDOMOK Kereskedelmi,INDUSTRIALS,6
IDUMONT Korlátolt Felelõsségû,INDUSTRIALS,6
IEF I Hungary Investment I Korlátol,REAL ESTATE,6
IFA-KER HUNGARY KFT,NOT RELEVANT,6
IFC Energy Kereskedelmi,UTILITIES,6
IFJÚMUNKÁS 33 TÁRSASHÁZ KÖZÖSSÉG,REAL ESTATE,6
IFJÚSÁGI LAKÁSFENNTARTÓ,REAL ESTATE,6
IFUA HORVÁTH & PARTNERS,INDUSTRIALS,6
IGAL-FÜRDÕ Üzemeltetõ és,NOT RELEVANT,6
IGAZGYÖNGY '98 Kereskedelmi és,HEALTH CARE,6
IGPark Kecskemét,REAL ESTATE,6
IGY Holding,INDUSTRIALS,6
II. Bem rakpart 50.szám,REAL ESTATE,6
II. Kerületi Gyógyszertár,CONSUMER STAPLES,6
II. Rákóczi Ferenc u. 19.,REAL ESTATE,6
II. SZ LAKÁSFENNTARTÓ- ÉS KARBANTAR,REAL ESTATE,6
"II. kerület, Felsõzöldmál",REAL ESTATE,6
"II., Donáti utca 13/A. összeírási",REAL ESTATE,6
III. Ker. 1037 Orbán Balá,REAL ESTATE,6
III. Kerületi,NOT RELEVANT,6
"III. ker, Bogdáni u. 8.",REAL ESTATE,6
III. ker. Boglár u. 1.,REAL ESTATE,6
III. ker. Füst Milán u.,REAL ESTATE,6
III. ker. Hadrianus u.,REAL ESTATE,6
III. ker. Hollós Korvin La,REAL ESTATE,6
III. ker. Királyok útja,REAL ESTATE,6
III. ker. Lukács György u. 24-2,REAL ESTATE,6
III. ker. Madzsar József,REAL ESTATE,6
III. ker. Margit liget,REAL ESTATE,6
III. ker. Szindbád u.1,REAL ESTATE,6
III. ker.Szél u. 21.,REAL ESTATE,6
III. kerület Hatvany Lajo,REAL ESTATE,6
III. sz.,REAL ESTATE,6
III/6.sz. Lakásfenntartó,REAL ESTATE,6
IKARUS SZEGEDI ALKATRÉSZGYÁRTÓ,CONSUMER DISCRETIONARY,6
IKEA Lakberendezési,CONSUMER DISCRETIONARY,6
"IKERON Idegenforgalmi,",FINANCIALS,6
IKG Fémszerkezetgyártó és,INDUSTRIALS,6
IKIM PHARE ENERGY PIU,NOT RELEVANT,6
IKR Agrár Kereskedelmi és,MATERIALS,6
IKR JUSTICE Követeléskezelõ,NOT RELEVANT,6
IKR-AGROSZER Mezõgazdasági és,NOT RELEVANT,6
IKR-Agroszirma Mezõgazdasági és,NOT RELEVANT,6
IKV Ingatlankezelõ és Vagyongazdálk,REAL ESTATE,6
IL TRENO,CONSUMER DISCRETIONARY,6
ILKOTRADE KERESKEDELMI ÉS,NOT RELEVANT,6
IMBU Kereskedelmi és Szolgáltató,CONSUMER STAPLES,6
IMG Solution Zártkörûen Mûködõ Rész,INFORMATION TECHNOLOGY,6
IMMERGAS Hungária Kereskedelmi és,INDUSTRIALS,6
"IMMO INGATLANKÖZVETÍTÕ,",NOT RELEVANT,6
IMMO-FILLÉR ÉPÍTÕ ÉS,NOT RELEVANT,6
"IMMO-ROHR INGATLANSZOLGÁLTATÁS, -KÖ",REAL ESTATE,6
IMMOCOM Ingatlankezelö Korlátolt,FINANCIALS,6
IMMÁNUEL Gyógyszertár,CONSUMER STAPLES,6
IMO HUNGARIA MS,INDUSTRIALS,6
IMOSOFT Számítástechnikai és Keresk,COMMUNICATIONS,6
IMOTTOM Építõipari és,INDUSTRIALS,6
IMP INGATLAN Ingatlanfejlesztõ,REAL ESTATE,6
IMRE JÓZSEF CSALÁDI GAZDÁLKODÓ,NOT RELEVANT,6
IMT Aviation Hungary,INDUSTRIALS,6
"IMZ Mezõgazdasági, Kereskedelmi",CONSUMER STAPLES,6
IN SITU HUNGÁRIA Építõipari,INDUSTRIALS,6
IN-TECH KONZOLTECHNIKA,NOT RELEVANT,6
INC. METÁL Kereskedelmi és,NOT RELEVANT,6
INCORONATA a Mátyás-templom Kulturá,NOT RELEVANT,6
INDEX-TRADE Gépjármû Értékesítõ,NOT RELEVANT,6
INDEX.HU INFORMATIKAI,CONSUMER DISCRETIONARY,6
INDOWEST INGATLANFORGALMAZÓ ÉS HASZ,REAL ESTATE,6
INDUSTRIE ELEKTRIK Villamosipari,NOT RELEVANT,6
INERKOM Villamosipari Ker. és,NOT RELEVANT,6
INERTTT Korlátolt Felelõsségû,INDUSTRIALS,6
INFOREK Szolgáltató Korlátolt Felel,FINANCIALS,6
INFRA-MED KERESKEDELMI ÉS SZOLGÁLTA,HEALTH CARE,6
INFÓ-VONAL Szolgáltató,CONSUMER DISCRETIONARY,6
INGA-GÉP Ingatlanhasznosító,REAL ESTATE,6
INGATLANBEFEKTETÉSI,REAL ESTATE,6
INGATLANBEFEKTETÉSI I.,REAL ESTATE,6
INGATLANBEFEKTETÉSI III.,REAL ESTATE,6
INGATLANFINANSZÍROZÁSI ZRT.-,NOT RELEVANT,6
INGATLANHASZNOSÍTÓ KO,NOT RELEVANT,6
INGRAM MICRO Magyarország Nagykeres,INFORMATION TECHNOLOGY,6
INHOLD VAGYONKEZELÕ ÉS BEFEKTETÕ,NOT RELEVANT,6
INICIÁL AUTÓHÁZ Kereskedelmi és,REAL ESTATE,6
"INIT 2000. Fuvarozó, Fuvarszervezõ",INDUSTRIALS,6
INITIATIVE MEDIA HUNGARY REKLÁM,CONSUMER DISCRETIONARY,6
INMOB DEPO-RAKTÁR Kereskedelmi és,REAL ESTATE,6
INNO-COMP Ipari és Kereskedelmi,NOT RELEVANT,6
INNOSTRUCT FÉMSZERKEZET GYÁRTÓ,INDUSTRIALS,6
INNOVATÍV RAKTÁRLOGISZTIKA,INDUSTRIALS,6
INSTITUTE Kft.-F.A,CONSUMER STAPLES,6
INTEGRAL H ZRT. FORGALMI SZAMLA,NOT RELEVANT,6
INTEGRÁLT Borgazdaság Zrt.,CONSUMER STAPLES,6
"INTER-BUSINESS Befektetõ,Tanácsadó,",REAL ESTATE,6
INTER-COMPUTER-INFORMATIKA Számítás,INFORMATION TECHNOLOGY,6
INTER-MEDIC INGATLAN,FINANCIALS,6
INTERAKTÍV TELEVÍZIÓS MÛSORKÉSZÍTÕ,NOT RELEVANT,6
INTERCISA,REAL ESTATE,6
INTERCOOP,NOT RELEVANT,6
"INTEREST-TRADE IPARI, KERESKEDELMI",REAL ESTATE,6
INTERGÉP IPARI ÉS KERESKEDELMI,NOT RELEVANT,6
INTERNATIONAL AMBULANCE SERVICE Egé,HEALTH CARE,6
INTERPHARMA Kereskedelmi,CONSUMER STAPLES,6
INTERPROCOM,NOT RELEVANT,6
INTERSOFT CONSULTING Tanácsadó,INFORMATION TECHNOLOGY,6
INTERSOFT-HUNGARY Kersekedelmi és,INFORMATION TECHNOLOGY,6
INTERTEX 2001 Textil-Kereskedelmi,NOT RELEVANT,6
INTERTRANSCOOP 2003 Fuvarozó,NOT RELEVANT,6
INTERWEST 2000. KERESKEDELMI ÉS,CONSUMER STAPLES,6
INVEST,INDUSTRIALS,6
"INVEST BEFEKTETÖ, VAGYONKE",INDUSTRIALS,6
INVEST FINANCE CONSULTING Befektetõ,FINANCIALS,6
INVEST IMMOBILIA,INDUSTRIALS,6
INVEST Korlátolt,INDUSTRIALS,6
INVEST MEDICAL Egészségügyi és,HEALTH CARE,6
INVEST Vagyonkezelõ,CONSUMER STAPLES,6
INVESTDÉL Kereskedelmi és,FINANCIALS,6
INVESTEND Befektetési és Tanácsadó,REAL ESTATE,6
INVESZT-ÉP Ingatlanforgalmazó,REAL ESTATE,6
INVESZTA VÁLLALKOZÁSI ÉS,NOT RELEVANT,6
INVITEL Távközlési Zrt.-Technikai s,COMMUNICATIONS,6
INZI Controls Hungary Korlátolt,CONSUMER DISCRETIONARY,6
IOLO OWEN Ingatlanfejlesztõ és Beru,REAL ESTATE,6
IPARFÉM,NOT RELEVANT,6
"IPARI, KERESKEDELMI ÉS",NOT RELEVANT,6
IPARTECHNIKA MENEDZSER,NOT RELEVANT,6
IPP Infrastruktúra Fejlesztõ,NOT RELEVANT,6
IPRESS-FAM Holding,FINANCIALS,6
IRAINA HOLDINGS,NOT RELEVANT,6
IRD-BRAVO Disztribúció Korlátolt Fe,INFORMATION TECHNOLOGY,6
IREG-QSP,INDUSTRIALS,6
IREKS-STAMAG Élelmiszeripari és,CONSUMER STAPLES,6
IRIS PATIKA Egészségügyi,CONSUMER STAPLES,6
IRMÁK Közhasznú Nonprofit,HEALTH CARE,6
IRODA MALOM Ingatlanforgalmazó és H,REAL ESTATE,6
IRODAHÁZ Szolgáltató,CONSUMER STAPLES,6
IRON TRADE HAVELLANT Korlátolt,INDUSTRIALS,6
IRON-FÉM 93. Kereskedelmi és,NOT RELEVANT,6
"IRON-TECH Kereskedelmi,",INDUSTRIALS,6
IS Battery Materials Korlátolt,INDUSTRIALS,6
ISD DUNAFERR Dunai Vasmû,MATERIALS,6
ISD KOKSZOLÓ KFT. f.a.,ENERGY,6
ISEUM PATIKA,CONSUMER STAPLES,6
"ISO-SZER Építõipari, Kereskedelmi",INDUSTRIALS,6
ISOPLUS,INDUSTRIALS,6
"ISOSTAR Építõipari, Szigetelõ és",NOT RELEVANT,6
ISTVÁN EGYÉNI,NOT RELEVANT,6
ISTVÁN KERESKEDELMI KORLÁTOLT,NOT RELEVANT,6
ISV Hústermelést Szervezõ,NOT RELEVANT,6
ISVH Mûszaki Szolgáltató,INDUSTRIALS,6
ISZKRA MG.,NOT RELEVANT,6
ITALHÁZ RT. -,NOT RELEVANT,6
ITALIA,CONSUMER DISCRETIONARY,6
"ITALKERESKEDELMI,",CONSUMER STAPLES,6
ITE Bus & Truck Kereskedelmi,CONSUMER DISCRETIONARY,6
ITStream,INFORMATION TECHNOLOGY,6
IV Béla Király útja 1,FINANCIALS,6
IV ÁRPÁD U.,REAL ESTATE,6
IV. László kir. u. 41-49.,FINANCIALS,6
IV. László kir. u. 41-49.,REAL ESTATE,6
IV. László kir. utca 55.,REAL ESTATE,6
IV. László kir. utca 57.,REAL ESTATE,6
IV. László király u. 17-19.,REAL ESTATE,6
IV. László király u. 22-36.,REAL ESTATE,6
IV. László király u. 5-7.,REAL ESTATE,6
IV. László király u. 59.,FINANCIALS,6
IV. László király u. 63.,FINANCIALS,6
IV. László király utca 21-2,REAL ESTATE,6
IV. László király út 10-12-,REAL ESTATE,6
IV. Sárpatak u. 16.,REAL ESTATE,6
IV. ker. 7. számú,REAL ESTATE,6
IV. ker. Dugonics u. 38/a,REAL ESTATE,6
IV. ker. Szent László tér,REAL ESTATE,6
IV. ker. Virág utca 18-26,REAL ESTATE,6
"IV., Ujpest, 1031.-jelü",REAL ESTATE,6
IV.László kir. utca 53.,REAL ESTATE,6
IVANICS Autópark -kezelõ Kereskedel,FINANCIALS,6
IVANICS Kereskedelmi és,CONSUMER DISCRETIONARY,6
IVD KERESKEDELMI ÉS SZOLGÁLTATÓ KOR,NOT RELEVANT,6
IVES Residence Ingatlanfejlesztõ,REAL ESTATE,6
IW Investor Group,INDUSTRIALS,6
IX. Bakáts tér 7. sz.,REAL ESTATE,6
IX. kerület Ipar utca,REAL ESTATE,6
"IZSÉPKER PLUSZ Építõipari, Mezõgazd",INDUSTRIALS,6
Ibolya u. 1-3. szám,REAL ESTATE,6
Ibolya u. 20-22-24. és Cser,REAL ESTATE,6
Ibolya u. 5-7.,REAL ESTATE,6
Ibolya u. 9-11. sz.,REAL ESTATE,6
Ibolya út 2 számú,REAL ESTATE,6
Ibusz Utazási Irodák,CONSUMER DISCRETIONARY,6
Ice Dream Korlátolt Felelõsségû,CONSUMER STAPLES,6
Id. Tárbály István,CONSUMER STAPLES,6
Idata,INFORMATION TECHNOLOGY,6
Idill Investment Szolgáltató,FINANCIALS,6
IdomSoft Informatikai Zártkörûen,INFORMATION TECHNOLOGY,6
Ifj. Tárbály István,CONSUMER STAPLES,6
Ifjúság krt. 84-86-88-90.,REAL ESTATE,6
Ifjúság körút 19-21-23.,REAL ESTATE,6
Ifjúság utca 17.,REAL ESTATE,6
Igmándi u. 26-28.,REAL ESTATE,6
Igmándi út 35-37-39.,REAL ESTATE,6
Igrici Beszerzési Termelési és Érté,FINANCIALS,6
Ikarus Ingatlanhasznosító Kft.,NOT RELEVANT,6
Ikea Lakberendezesi,CONSUMER DISCRETIONARY,6
Ikva utca 23-25-27-29. szám,REAL ESTATE,6
"Illat és Füst Kereskedelmi Kft. ""V.",CONSUMER STAPLES,6
Illés,INDUSTRIALS,6
Illés 28-30. Ing.forg.,NOT RELEVANT,6
Illés Tamás,INDUSTRIALS,6
Ilona,CONSUMER STAPLES,6
Ilona Borház Borászati és,CONSUMER STAPLES,6
Imerys Bentonite Hungary Termelõ,INDUSTRIALS,6
Imex International Korlátolt Felelõ,INFORMATION TECHNOLOGY,6
Immerfin,INDUSTRIALS,6
Immo Kereskedelmi Korlátolt,INDUSTRIALS,6
"Immo Ép. ip., Ker. és",NOT RELEVANT,6
Immobilia Security Service,INDUSTRIALS,6
Imperial Tobacco Magyarország Dohán,NOT RELEVANT,6
Impex Kereskedelmi,NOT RELEVANT,6
Impreglon Kereskedelmi és,CONSUMER DISCRETIONARY,6
Imre,NOT RELEVANT,36
Imre András,NOT RELEVANT,6
Imre Tibor,CONSUMER STAPLES,6
Imtech Hungary,INDUSTRIALS,6
In-Construction Ingatlanfejlesztõ,REAL ESTATE,6
In-Food 2000,NOT RELEVANT,6
Inda-Labs Informatikai,NOT RELEVANT,6
Individual Ingatlanforgalmazó,NOT RELEVANT,6
Industrial Buildings and Service,REAL ESTATE,6
Industrial Technique Hungary,INDUSTRIALS,6
Industrie,INDUSTRIALS,6
Indóház Patika,CONSUMER STAPLES,6
"Indóház u. 1. Társasház,",REAL ESTATE,6
Indóház u. 7. sz.Társasház,REAL ESTATE,6
Infinity Commodities,CONSUMER DISCRETIONARY,6
Infinity Residence,INDUSTRIALS,6
InfoTouch Számítástechnikai,NOT RELEVANT,6
Infobex Informatikai és,INFORMATION TECHNOLOGY,6
Infopark Lease Zártkörûen Mûködõ Ré,REAL ESTATE,6
Inform Média,CONSUMER DISCRETIONARY,6
Inform Média Lapkiadó Korlátolt,CONSUMER DISCRETIONARY,6
Informatika,UTILITIES,6
Informatika Kereskedelmi és,NOT RELEVANT,6
Informatikai Rendszereket,INFORMATION TECHNOLOGY,6
Informatikai Stúdió Számí,INDUSTRIALS,6
Infrakultúra Környezetépítõ,INDUSTRIALS,6
Ingatlan,NOT RELEVANT,12
Ingatlan,REAL ESTATE,6
Ingatlan Befektetési Alap,CONSUMER STAPLES,6
Ingatlan Park Ingatlanforgalmazó,REAL ESTATE,6
Ingatlanbefektetési,REAL ESTATE,6
Ingatlanberuházó,REAL ESTATE,6
Ingatlanforgalmazó és,NOT RELEVANT,6
Ingatlanhasznosító Rt.-F.A.,NOT RELEVANT,6
Ingatlankezelõ,INDUSTRIALS,6
Ingatlankezelõ,NOT RELEVANT,6
Ingatlankezelõ és Haszno,INDUSTRIALS,6
Ingatlantanácsadó,REAL ESTATE,6
Inkurrencia Kereskedelemszervezõ,MATERIALS,6
Inmo Hungary,NOT RELEVANT,6
Innight Hungary Express,INDUSTRIALS,6
Innovations Korlátolt,INFORMATION TECHNOLOGY,6
Innovative Payment System,FINANCIALS,6
Insight Médiaügynökség,CONSUMER DISCRETIONARY,6
Insulation Korlátolt,INDUSTRIALS,6
Integra Kereskedelmi,INDUSTRIALS,6
Integral-M,CONSUMER STAPLES,6
IntellAgent Services Informatikai,CONSUMER DISCRETIONARY,6
Inter Auto Hungaria,CONSUMER DISCRETIONARY,6
Inter Cars Hungária,CONSUMER DISCRETIONARY,6
Inter-Back Sütõipari és,NOT RELEVANT,6
Interat,CONSUMER DISCRETIONARY,6
"Interback Group Sütõipari,",NOT RELEVANT,6
Intercereália Mezõgazdasági Termelt,NOT RELEVANT,6
Interestate Ingatlanfejlesztõ,REAL ESTATE,6
Interferro Acélkereskedelmi,NOT RELEVANT,6
Intergraf Digiflex Nyomóforma Készí,INDUSTRIALS,6
Intergroup 2004 Kft.,NOT RELEVANT,6
International,INDUSTRIALS,12
International Emergency Service,HEALTH CARE,6
International Korlátolt,REAL ESTATE,6
International Tank Cleaning Service,ENERGY,6
Intersnack Magyarország,CONSUMER STAPLES,6
Intersoft-Controlling Tanácsadó,NOT RELEVANT,6
Intertoll-Europe Tanácsadó,INDUSTRIALS,6
Interware,NOT RELEVANT,6
Invest Centrál,REAL ESTATE,6
Invest Ker. és Szolg.,REAL ESTATE,6
Invest Vagyonkezelõ,CONSUMER STAPLES,6
Invest Vagyonkezelõ,INDUSTRIALS,6
Invest-Trade 2000 Kereskedelmi és,NOT RELEVANT,6
Invest-Trade Vagyonkezelõ,INDUSTRIALS,6
Investgroup-Bóly Üzletviteli Tanács,CONSUMER STAPLES,6
Investor Kereskedelmi,NOT RELEVANT,6
Invesztment 2020 Korlátolt,INDUSTRIALS,6
Invia.hu,CONSUMER DISCRETIONARY,6
Invictus Holding Korlátolt,INDUSTRIALS,6
Invitech ICT Services Korlátolt Fel,COMMUNICATIONS,6
Iota,UTILITIES,6
Ipari Kereskedelmi,CONSUMER DISCRETIONARY,6
Ipari Technológiák,INDUSTRIALS,6
Ipari Technológiák Fõvállalkozó,INDUSTRIALS,6
Ipari és Kereskedelmi,UTILITIES,6
Ipress Center Central Europe,INDUSTRIALS,6
Irinyi J. u. 10-16. Százh,REAL ESTATE,6
Irinyi József u. 17-23 szám,REAL ESTATE,6
Irodablokk Ingatlanhasznosító,NOT RELEVANT,6
Irodahasznosítási,REAL ESTATE,6
Irtó Krisztián,NOT RELEVANT,6
Irányi Dániel utca 5-9.,FINANCIALS,6
Iscar-Hungary Szerszámgyártó és,NOT RELEVANT,6
Iskola u 11-13.,FINANCIALS,6
Iskolaszövetkezet,INDUSTRIALS,6
Iskoláért,CONSUMER DISCRETIONARY,6
Isolet Hungary Kereskedelmi és,NOT RELEVANT,6
"Ispotály Holding Egészségügyi,",NOT RELEVANT,6
Ispán krt. 1. szám alatti,REAL ESTATE,6
István,NOT RELEVANT,72
István és Társai,NOT RELEVANT,6
Istvánné,CONSUMER STAPLES,6
Istvánné egyéni,CONSUMER STAPLES,6
Istvántelki út 54-60.,FINANCIALS,6
Italkereskedõ Ház,CONSUMER STAPLES,6
Italkereskedõ-ház,CONSUMER STAPLES,6
"Itt-hon 2004 Pénzügyi Tanácsadó,",NOT RELEVANT,6
Ivanics Motor Kereskedelmi,CONSUMER DISCRETIONARY,6
Ivy Technology AMS Hungary,INDUSTRIALS,6
Iván György,NOT RELEVANT,6
"Iványi Építõmester Kivitelezõ,",INDUSTRIALS,6
Iwkowa Property Zártkörûen Mûködõ R,REAL ESTATE,6
Izsáki Sárfehér Polgárõr,NOT RELEVANT,6
J & S SPEED Fuvarozó,INDUSTRIALS,6
J UND J KERESKEDELMI ¿S SZOLG¿LTATO,CONSUMER DISCRETIONARY,6
J&K FRANCHISE Szolgáltató,NOT RELEVANT,6
J&S Trans Speciál Fuvarozó,INDUSTRIALS,6
J-B Trans Fuvarozasi - es,NOT RELEVANT,6
JAF HOLZ UNGARN Kereskedelmi,MATERIALS,6
JAKAB,NOT RELEVANT,6
JANDUS PHARMA Egészségügyi,CONSUMER STAPLES,6
JANTER KERESKEDELMI ÉS SZOLGALT.KFT,NOT RELEVANT,6
JAS Budapest Kereskedelmi és,UTILITIES,6
JASZ-PLASZTIK AUTOCENTRUM,CONSUMER DISCRETIONARY,6
JAX Hungária Kereskedelmi és,NOT RELEVANT,6
JCDecaux Hungary,COMMUNICATIONS,6
JCG Capital,COMMUNICATIONS,6
JCG Investments,NOT RELEVANT,6
JCG Travel Korlátolt Felelõsségû,CONSUMER DISCRETIONARY,6
JESKÓ 2001 KERESKEDELMI ÉS,NOT RELEVANT,6
JESSOKA Kereskedelmi és,NOT RELEVANT,6
JET SOL Korlátolt Felelõsségû,INDUSTRIALS,6
JH 100 Kereskedelmi és,REAL ESTATE,6
JIGGER KERESKEDELMI ÉS VENDÉGLÁTOIP,NOT RELEVANT,6
JIN WEN NEMZ.KER.ÉS IP.,NOT RELEVANT,6
JOB MAX Hungary Kft.,INDUSTRIALS,6
JOBBOX Munkaerõ Kölcsönzõ és Közvet,NOT RELEVANT,6
JOHANN FRISCHEIS Ingatlanhasznosító,MATERIALS,6
"JOHANNA Mezõgazdasági,Szolgáltató",NOT RELEVANT,6
JOKAI PHARMA GYOGYSZERKERESKED.,CONSUMER STAPLES,6
JOKER MAGNUM PÉNZNYER.AUT.ÜZ.KFT.,NOT RELEVANT,6
JOST Hungária Haszongépjármûalkatré,NOT RELEVANT,6
JOVI Margaritis,CONSUMER STAPLES,6
JOZSEF A U 8,FINANCIALS,6
JP-FÉMKER Ipari és Kereskedelmi,INDUSTRIALS,6
JSK Befektetési,REAL ESTATE,6
JTI Hungary Dohányértékesítõ,CONSUMER STAPLES,6
JTT HOLDING,INDUSTRIALS,6
"JTT JAV.,SZOLG. ÉS KER.",REAL ESTATE,6
JUKO Építõipari és Szolgáltató,INDUSTRIALS,6
JUNGHEINRICH Hungária Fejlesztési,INDUSTRIALS,6
JUNK Befektetési Korlátolt felelõss,NOT RELEVANT,6
JURA Build Korlátolt Felelõsségû,INDUSTRIALS,6
"JUROPA MEZÕGAZDASÁGI TERMELÕ,",NOT RELEVANT,6
JURS-AGRAR MEZÕGZD. KER.,NOT RELEVANT,6
"JUSTICE Security Vagyonvédelmi, Tan",INDUSTRIALS,6
JUVENAL Kereskedelmi es,CONSUMER DISCRETIONARY,6
Jabil Circuit Magyarország Szerzõdé,INFORMATION TECHNOLOGY,6
Jacobs Property Korlátolt,CONSUMER STAPLES,6
Jaffa Kiadó és Kereskedelmi,COMMUNICATIONS,6
Jager,NOT RELEVANT,6
Jakabfy Imre,NOT RELEVANT,6
Jancsák,NOT RELEVANT,6
Jancsár u. 29-49.,REAL ESTATE,6
Janus Korlátolt,UTILITIES,6
Jazz Event Rendezvényszervezõ Vendé,CONSUMER DISCRETIONARY,6
Jeans Club Ruházati és,CONSUMER DISCRETIONARY,6
Jedlik Á. u. 5.,REAL ESTATE,6
Jedlik Ányos utca 1-7.,REAL ESTATE,6
Jegenye sor 4.,REAL ESTATE,6
Jegenye sor 5.,REAL ESTATE,6
Jegenye sor 6.,NOT RELEVANT,6
Jegenye sor 7.,REAL ESTATE,6
Jegenye sor 8.,REAL ESTATE,6
Jelebat Zártkörûen Mûködõ,CONSUMER STAPLES,6
Jenõ,NOT RELEVANT,6
Jenõ Andrásné,NOT RELEVANT,6
Jereváni u. 13-15. Társasház Gyõr,FINANCIALS,6
Jerikó u.,REAL ESTATE,6
Jerikó u. 36. sz.,REAL ESTATE,6
Jeszenszki Mónika,CONSUMER STAPLES,6
JetStream Hungary Távközlési és Szo,COMMUNICATIONS,6
Jetalliance Consulting,NOT RELEVANT,6
Job Force Iskolaszövetkezet,NOT RELEVANT,6
Jobbox Munkaerõ Kölcsönzõ,INDUSTRIALS,6
Jobsgarden Személyzeti Tanácsadó,INDUSTRIALS,6
Jocskovné Müller,NOT RELEVANT,6
Johnson Diversey Mo.,NOT RELEVANT,6
Johnson Health Tech Hungary,CONSUMER DISCRETIONARY,6
Joó Annamária Egyéni,CONSUMER STAPLES,6
Juan Kereskedelmi és Szolgáltató,NOT RELEVANT,6
Jubileum tér 2. számú társ,REAL ESTATE,6
Jubileum tér 4.,REAL ESTATE,6
Juharfa u. 13-15-17-19.,REAL ESTATE,6
Juharfa u. 16.,REAL ESTATE,6
Juharfa u. 18.,REAL ESTATE,6
Juharfa u. 2.,REAL ESTATE,6
Juharfa u. 20.,REAL ESTATE,6
Juharfa u. 27.,REAL ESTATE,6
Juharfa u. 29.,REAL ESTATE,6
Juharfa u. 31.,REAL ESTATE,6
Juharfa u. 5-11.,REAL ESTATE,6
Juharfa u. 6-8 sz.,REAL ESTATE,6
Juharfa utca 22. szám,REAL ESTATE,6
Juharfa úti Lakásfenntartó,REAL ESTATE,6
Juharfás u. 10. A/B,FINANCIALS,6
Juharfás u. 3.,REAL ESTATE,6
Juharfás u. 8.,REAL ESTATE,6
Juhász Gy. u.,FINANCIALS,6
Juhász Gy. u. 3-5.,REAL ESTATE,6
Juhász Gyula u. 4.,REAL ESTATE,6
Juliánusz Irodaház,NOT RELEVANT,6
Jumbó-Hús,CONSUMER STAPLES,6
Jung,NOT RELEVANT,6
Jupiter u. 26- Rakéta,FINANCIALS,6
Jutasi út 69,FINANCIALS,6
Jutasi út 79.,REAL ESTATE,6
Jutasi út 85.,REAL ESTATE,6
"JÁBER Termelõ, Kereskedelmi és",NOT RELEVANT,6
JÁBER-KER KER. ÉS SZOLG.,CONSUMER STAPLES,6
JÁBORSZKI ÉS TÁRSA KERESKEDELMI,NOT RELEVANT,6
JÁGER PROD Ipari és Kereskedelmi,INDUSTRIALS,6
JÁNOSIK ÉS TÁRSAI,INDUSTRIALS,6
JÁRMÛ,INDUSTRIALS,6
JÁSZ MILK,CONSUMER STAPLES,6
JÁSZ-ABLAK Nyílászáró Gyártó és,INDUSTRIALS,6
JÁSZAPÁTI KERESKEDELMI ÉS,CONSUMER STAPLES,6
JÁSZESÕ Ingatlankezelõ Korlátolt,REAL ESTATE,6
JÁSZKÍSÉRI AGROSZÖV,NOT RELEVANT,6
JÁSZTEJ TEJFELDOLGOZÓ KER ÉS SZ,CONSUMER STAPLES,6
JÉGSZILÁNK Kereskedelmi és,CONSUMER STAPLES,6
JÓZSEF,NOT RELEVANT,6
Jámbor,NOT RELEVANT,6
Jándtej Mezõgazdasági,CONSUMER STAPLES,6
János,CONSUMER STAPLES,6
János,NOT RELEVANT,66
János Jakab,NOT RELEVANT,6
János Jakabné,NOT RELEVANT,6
János u. 45-49.,REAL ESTATE,6
Jánosi Flórián,NOT RELEVANT,6
Jánoskuti,NOT RELEVANT,6
Jánosné,NOT RELEVANT,12
Jármûipari Holding,INDUSTRIALS,6
Jász Gyógyszerészeti,CONSUMER STAPLES,6
Jász u 90-94,FINANCIALS,6
Jász-Kürt Gyógyszertár,CONSUMER STAPLES,6
Jász-Nagykun-Szolnok Megyei Növény-,NOT RELEVANT,6
Jászapáti 2000. Mezõgazdasági,CONSUMER STAPLES,6
Jászapáti Városüzemeltetõ Nonprofit,UTILITIES,6
Jászberény Bem J. u. 17.,REAL ESTATE,6
"Jászberény, Szent István",FINANCIALS,6
Jászkisér Gyermekeiért,NOT RELEVANT,6
Jászszentandrási Víziközmû,NOT RELEVANT,6
Jászteleki Viziközmû Csatornamû Víz,NOT RELEVANT,6
JátékNet.hu Webáruház Korlátolt,CONSUMER DISCRETIONARY,6
Jégág Erdészeti és Erdõgazdálkodási,MATERIALS,6
Jó Egészség Közhasznú,NOT RELEVANT,6
Jó Reménység Lakásfenntartó,FINANCIALS,6
Jóbai,NOT RELEVANT,6
Jójárt,NOT RELEVANT,6
Jókai Mór u. 23-25.,REAL ESTATE,6
Jókai tér 10-12.,FINANCIALS,6
Jókai tér 11-13.,REAL ESTATE,6
Jókai tér 15.,FINANCIALS,6
Jókai tér 3.,REAL ESTATE,6
Jókai tér E.,FINANCIALS,6
Jókai tér H.,FINANCIALS,6
Jókai u. 34 b sz.,FINANCIALS,6
Jókai u. 4.,REAL ESTATE,6
Jókai út. 60. sz. alatti,REAL ESTATE,6
Jóléti Szolgálat Jászszentlászló,NOT RELEVANT,6
Jónás,NOT RELEVANT,6
Jósika u. 29.,REAL ESTATE,6
Jószerencsét Lakásfenntartó Szövetk,REAL ESTATE,6
József,NOT RELEVANT,72
József A. u. 32.,REAL ESTATE,6
József Attila IV. Lakásfenntartó,REAL ESTATE,6
József Attila sgt. 152.,REAL ESTATE,6
József Attila sgt. 24.,FINANCIALS,6
József Attila sgt. 69. sz.,REAL ESTATE,6
József Attila u. 28.,FINANCIALS,6
József Attila u. 8-8A,REAL ESTATE,6
Józsefné,NOT RELEVANT,12
Júlia-Malom Élelmiszeripari és,CONSUMER STAPLES,6
Jüllich Glas,INDUSTRIALS,6
Jüllich Glas Vagyonkezelõ és Vagyon,REAL ESTATE,6
"K & B Medi-Galen Gyártó,",CONSUMER STAPLES,6
K TRADING Energia Kereskedelmi és,UTILITIES,6
K'-ART HOUSE Ingatlankezelõ és,NOT RELEVANT,6
K'-Art Építõ Ingatlanfejlesztõ,NOT RELEVANT,6
K+K Bau-Profil,NOT RELEVANT,6
K-ART ÉPÍTÉSI STÚDIÓ,NOT RELEVANT,6
K-CHANGE Kereskedelmi és,FINANCIALS,6
K-Híd Pénzügyi és Számviteli,INDUSTRIALS,6
K-IBIS Informatikai,NOT RELEVANT,6
K-IMMO Ingatlanforgalmazó,FINANCIALS,6
K-SPED CAR Szervízszolgáltató és,CONSUMER DISCRETIONARY,6
K.L.2002. KER. ÉS SZOLG.KFT,NOT RELEVANT,6
K9-SPORT Kereskedelmi és,CONSUMER DISCRETIONARY,6
KA-DO 3000 KER. ÉS SZOLG.,CONSUMER STAPLES,6
KA-DO-KIP Kereskedelmi,CONSUMER STAPLES,6
KA-LI-HOR Kereskedelmi és,CONSUMER STAPLES,6
KA-PE Transz Fuvarozó és,INDUSTRIALS,6
KABALÁS,NOT RELEVANT,6
KABAY-MED Kereskedelmi és,NOT RELEVANT,6
"KABI HUNGARY Vegy-, Gyógy",HEALTH CARE,6
KACO,CONSUMER DISCRETIONARY,6
KACOR TERMELÕ SZOLGÁLTATÓ,INDUSTRIALS,6
KAD-ÚT MÉLYÉPÍTÕ,INDUSTRIALS,6
KAFARNAUM PATIKA,CONSUMER STAPLES,6
KAFFKA Kereskedelmi és,CONSUMER STAPLES,6
KAFIJAT Befektetési és Vagyonkezelé,FINANCIALS,6
"KAFÉM Fémmegmunkáló,",NOT RELEVANT,6
"KALDERA Ipari, Kereskedelmi és",MATERIALS,6
KALL Ingredients Kereskedelmi,CONSUMER STAPLES,6
KALO-KER KERESKEDELMI ÉS,NOT RELEVANT,6
KALO-MÉH TRANS Kereskedelmi és Szál,MATERIALS,6
KALOTHERM Építõipari Zártkörûen Mûk,NOT RELEVANT,6
KALUTERM Lúd- és Egyéb Baromfitermé,CONSUMER STAPLES,6
KALÁSZOS AGROKER Kereskedelmi,CONSUMER STAPLES,6
KAMEL,NOT RELEVANT,6
KAMUTI,NOT RELEVANT,6
KANAL TECHNIK,NOT RELEVANT,6
KANIZSA Trend,NOT RELEVANT,6
"KANIZSATEL Építõipari,",INDUSTRIALS,6
KANSAS,NOT RELEVANT,6
KAPOS ATLAS Gépgyár Korlátolt,INDUSTRIALS,6
KAPOSPLAST MÛANYAGIPARI KORLÁTOLT,MATERIALS,6
KAPOSVÁR-CAR KER. ÉS SZOLG.,NOT RELEVANT,6
KAPUVARI HUSIPARI,NOT RELEVANT,6
KARSAI FERENC ISTVÁN,NOT RELEVANT,6
KARTALI VIZIKÖZMÛ,NOT RELEVANT,6
KARTONPACK,NOT RELEVANT,6
KARVALY-SYSTEM Vagyonvédelmi és,CONSUMER DISCRETIONARY,6
KARZOL AUTÓ Korlátolt Felelõsségû,INDUSTRIALS,6
KARZOL-TRANS Nemzetközi Fuvarozás,INDUSTRIALS,6
KATLAN BEFEKTETÉSI,REAL ESTATE,6
KATLANKA B BEFEKTETÉSI,FINANCIALS,6
KATOLIKUS KARITÁSZ - CARITAS HUNGAR,INDUSTRIALS,6
KATONA,NOT RELEVANT,6
KATOWICE,FINANCIALS,6
KAUF-FER Kereskedelmi és,CONSUMER DISCRETIONARY,6
KAWA Energetika,UTILITIES,6
KAZA CONCRETE Ipari és,MATERIALS,6
KAZAY Gyógyszer-Kereskedelmi és,NOT RELEVANT,6
KAZÁNTECHNOLÓGIAI,NOT RELEVANT,6
"KDR-Tüzépker Építõipari,",CONSUMER DISCRETIONARY,6
KECSKEMÉT BATTHYÁNY U 33-35-37.,FINANCIALS,6
KECSKEMÉTI KONZERVGYÁR,NOT RELEVANT,6
KEDVENC Kereskedõház Zártkörûen Mûk,CONSUMER STAPLES,6
KEG Közép-európai Gázterminál Nyilv,UTILITIES,6
KEL-FEDER Zártkörûen Mûködõ Részvén,CONSUMER STAPLES,6
KELEMEN B.U.7 TARSASHAZ,REAL ESTATE,6
KELET-ALFI-KER Kereskedelmi,CONSUMER STAPLES,6
KELET-KREDIT PÉNZÜGYI ÉS BEFEKTETÉS,NOT RELEVANT,6
KELET-MAGYARORSZÁGI KOMMUNIKÁCIÓS É,MATERIALS,6
KELETI Építõipari,NOT RELEVANT,6
KELLO PRODUKT GYÁRTÓ ÉS KER.,NOT RELEVANT,6
KEMOKER-INVEST Kereskedelmi és,MATERIALS,6
KER-ANY EXPORT Korlátolt,CONSUMER STAPLES,6
"KER. ÉS SZOLG. KFT. ""VA""",CONSUMER DISCRETIONARY,6
KEREK VILÁG ALAPITVÁNY,NOT RELEVANT,6
KEREKES,CONSUMER STAPLES,6
KEREKES Szállítási és,CONSUMER STAPLES,6
KERESKEDELMI,CONSUMER STAPLES,12
KERESKEDELMI,NOT RELEVANT,6
"KERESKEDELMI KFT ( CBA ) ""F.A",NOT RELEVANT,6
KERESKEDÕHÁZ Gépkölcsönzõ,NOT RELEVANT,6
KERESZTES ISTVÁN,NOT RELEVANT,6
KERESZTES-MIZSE Baromfi-Hús-Grill,CONSUMER STAPLES,6
KERO TRANSZ HUNGARY,INDUSTRIALS,6
KERSAN Kereskedelmi és,NOT RELEVANT,6
KERT MAGYARORSZÁG,NOT RELEVANT,6
KERÉKPÁR,CONSUMER DISCRETIONARY,6
KESZI TABAK-SHOP Kereskedelmi,CONSUMER STAPLES,6
KEVEHÁZA Irodaház Szolgáltató,NOT RELEVANT,6
KEVI¿P ¿pit¿ipari ¿s Kereskedelmi,INDUSTRIALS,6
KFRT SZÁMITÁSTECHNIKAI,NOT RELEVANT,6
KFT,NOT RELEVANT,6
KFT.,CONSUMER STAPLES,12
KFT.,NOT RELEVANT,6
KHAVOC Ingatlanhasznosító,REAL ESTATE,6
"KHD-Invest Befektetõ, Beruházó és",NOT RELEVANT,6
"KIARMO STULZ Ipari, Kereskedelmi",NOT RELEVANT,6
KIK Textil és Non-Food Korlátolt,CONSUMER DISCRETIONARY,6
KINGSLEY-INVEST BEFEKTETÉSI,REAL ESTATE,6
KINSTELLAR Andrékó Ferenczi & Társa,NOT RELEVANT,6
KIPCALOR ENERGETIKAI,NOT RELEVANT,6
KIRCHHOFF HUNGARIA,CONSUMER DISCRETIONARY,6
KIRULY Kereskedelmi és,INFORMATION TECHNOLOGY,6
KIRÁLYHEGY-KER Kereskedelmi és,CONSUMER STAPLES,6
KISDUNA LAKÁSFENNTARTÓ,FINANCIALS,6
KISKUN AGRÁR-IPARI SZÖVETKEZET /KIS,NOT RELEVANT,6
KISMEGYER-DELIKÁT Kereskedelmi és,NOT RELEVANT,6
KISPATAK -2000 KERESKEDELMI,NOT RELEVANT,6
"KISPEST, BATTHYÁNY UTCAI",FINANCIALS,6
KISPUSZTA,CONSUMER STAPLES,6
KISPÁL ANTAL,NOT RELEVANT,6
"KISS ÉS TÁRSAI Kereskedelmi,",CONSUMER STAPLES,6
KISS-KORONA PATIKA,CONSUMER STAPLES,6
KISS-OIL-ÁRUHÁZ Kereskedelmi Zártkö,ENERGY,6
KITAX Kereskedelmi,CONSUMER DISCRETIONARY,6
KITE,CONSUMER STAPLES,6
KITE Mezõgazdasági Szolgáltató és,CONSUMER STAPLES,6
KITE-PLANT Mez¿gazdasági,CONSUMER STAPLES,6
KIVI SMART PURCHASING,CONSUMER DISCRETIONARY,6
KIWI-CO VENDÉGLÁTO ÉS CUKRÁSZIPARI,NOT RELEVANT,6
KK KAVICS BETON Termelõ és Keresked,MATERIALS,6
KK Kavics,MATERIALS,6
KKS-Energy Korlátolt Felelõsségû,INDUSTRIALS,6
KKU Krasznojarszkkrajugol,NOT RELEVANT,6
KL Pénzügyi Zártkörûen Mûködö Részv,FINANCIALS,6
KLAPKA GYÖRGY LAKÁSFENNTARTÓ,REAL ESTATE,6
KLUDI Szerelvények Termelõ és,INDUSTRIALS,6
"KLÍMA IPARI CENTRUM ZRT. ""felszámol",NOT RELEVANT,6
KLÍMALAND HÛTÕ ÉS KLÍMATECHNIKAI,NOT RELEVANT,6
KMRM Korlátolt Felelõsség,UTILITIES,6
KNAUS TABBERT Magyarországi,NOT RELEVANT,6
KNIPL Festéstechnológiai Berendezés,INDUSTRIALS,6
KNMB Oktatási és Tanácsadó,CONSUMER DISCRETIONARY,6
KNORR-BREMSE Fékrendszerek,CONSUMER DISCRETIONARY,6
KNORR-BREMSE Vasúti Jármû Rendszere,INDUSTRIALS,6
KO ÉS KO VAGYONKEZELÕ ÉS SZOLGÁLTAT,FINANCIALS,6
KO-SZÖ Szolgáltató Kft.,NOT RELEVANT,6
KOCH'S TORMA,NOT RELEVANT,6
KOCKA STORE Kereskedelmi és,CONSUMER DISCRETIONARY,6
KOCSIS,NOT RELEVANT,6
KOFEM MILL PRODUCTS HUNGARY,INDUSTRIALS,6
KOM-THESZ,NOT RELEVANT,6
KOMETA,CONSUMER STAPLES,6
KOMETA 99 ÉLELMISZERIPARI,CONSUMER STAPLES,6
KOMFRONT KERESKEDELMI ÉS,NOT RELEVANT,6
KOMLÓI FÛTÕERÕMÛ,NOT RELEVANT,6
KOMPAKT AUTO,CONSUMER DISCRETIONARY,6
KOMPLEX KERESKEDELMI,NOT RELEVANT,6
KOMPRESSZORTECHNIKA,NOT RELEVANT,6
"KOMTURIST-KOMÁROM Idegenforgalmi,",CONSUMER DISCRETIONARY,6
KOMÁROMI ASZTALITENISZ,NOT RELEVANT,6
KOMÁROMI TÁVHÕSZOLGÁLTATÓ,UTILITIES,6
"KONANOVA Érdekképviseleti, Koordiná",NOT RELEVANT,6
KONDOROSI MAGVETÕ MG.,NOT RELEVANT,6
KONIG MASCHINEN Sutoipari Gepgyarto,INDUSTRIALS,6
KONPAL Group,FINANCIALS,6
KONSTSMIDE HUNGÁRIA Lámpagyártó,INDUSTRIALS,6
KONTAKT-NAGYKER,FINANCIALS,6
KONTIREX KERESKEDELMI ÉS SZOLG.,NOT RELEVANT,6
KONTROLMATIK TEKNOLOJI ENERJI VE MÜ,INDUSTRIALS,6
KONZUM ÁRUHÁZ Vagyonkezelõ és,REAL ESTATE,6
KOPINT-TÁRKI Konjuktúrakutató Intéz,INDUSTRIALS,6
KOPO Consulting Tanácsadó és,REAL ESTATE,6
KOPULA '96,NOT RELEVANT,6
KOR-AUTÓ KER.ÉS SZOLG.,NOT RELEVANT,6
KORBÉLY Ingatlan Korlátolt,REAL ESTATE,6
KOREA ALKATRÉSZ Kereskedelmi és,NOT RELEVANT,6
KORHÁNKÖZ INGATLANHASZNOSÍTÓ,FINANCIALS,6
KORIR PROGRESS Építõipari és,INDUSTRIALS,6
"KORNFARM Mezõgazdasági, Termelõ,",CONSUMER STAPLES,6
KORONA Z 2000 IPARI ÉS,NOT RELEVANT,6
KORONACIPÓ KERESKEDELMI BT. -,NOT RELEVANT,6
KORONATÉSZ,NOT RELEVANT,6
KOSSUTH MG.SZÖV.NAGYKEREKI,NOT RELEVANT,6
KOVACS Kft.,NOT RELEVANT,6
KOVÁCS,NOT RELEVANT,6
KOVÁCSNÉ ZÁGONI-SZABÓ,NOT RELEVANT,6
KOZEK KERESKEDELMI ÉS SZOLGÁLTATO,NOT RELEVANT,6
KOZÁK,MATERIALS,6
KOZÁK-TRANS Fuvarozó Korlátolt,INDUSTRIALS,6
KRAUTLAND INVEST,NOT RELEVANT,6
KREINBACHER BIRTOK Pezsgõpincészet,CONSUMER STAPLES,6
KRIGLER,NOT RELEVANT,6
KRIMP ELEKTRONIKAI,NOT RELEVANT,6
KRIMÁR Ingatlanforgalmazó,INDUSTRIALS,6
KRISZTINA TABAK-SHOP Kereskedelmi,CONSUMER STAPLES,6
KROMAT,HEALTH CARE,6
KRONOSPAN-MOFA HUNGARY FAROSTLEMEZG,MATERIALS,6
KRUPP ÉS TÁRSA,CONSUMER STAPLES,6
"KUBETTA TERMELÖ, KERESKEDELMI ÉS",NOT RELEVANT,6
KUHN Rakodógép Korlátolt,INDUSTRIALS,6
KUJBUSVILL,INDUSTRIALS,6
KUKA HUNGARIA,INDUSTRIALS,6
KULTI-FUVAR TEHERFUVAROZÓ,NOT RELEVANT,6
"KUN METÁL BROKER Feldolgozó,",NOT RELEVANT,6
"KUNAGRO 21 Mezõgazdasági Termelõ,",CONSUMER STAPLES,6
KUNHALOM AGRÁRIA Mezõgazdasági,CONSUMER STAPLES,6
KUNMAG MEZÕGAZDASÁGI,NOT RELEVANT,6
KUNSÁG NÉPE,NOT RELEVANT,6
KUNSÁG VOLÁN AUTÓBUSZKÖZL.,INDUSTRIALS,6
KUNSÁG-SZESZ Szeszipari,CONSUMER STAPLES,6
KUPON PORTFÓLIÓ ÉS KERESKEDELMI,INFORMATION TECHNOLOGY,6
KURTA KOCSMA KERESKEDELMI ÉS VENDÉG,CONSUMER DISCRETIONARY,6
KVALITATIV PIACKUTATÓ,NOT RELEVANT,6
KVANTUM FAKTOR VÁLLALKOZÁSI ÉS PÉNZ,NOT RELEVANT,6
KVGY KAPOSVÁRI VILLAMOSSÁGI GYÁR,INDUSTRIALS,6
KZZM Befektetési és Vagyonkezelõ,INDUSTRIALS,6
Kabay Gyógyszertár,CONSUMER STAPLES,6
Kabay János Gyógyszerész,CONSUMER STAPLES,6
"Kabelit Termelõ, Kereskedõ",INDUSTRIALS,6
KacKac Játszóházak,CONSUMER DISCRETIONARY,6
Kada u. 116-118 sz.,REAL ESTATE,6
Kada utca Lkt. 1004. jelû,FINANCIALS,6
Kajtor Volgye Mezogazdasagi Szovetk,NOT RELEVANT,6
Kalanovics,NOT RELEVANT,6
Kaliber Mûszer- és Méréstechnika,NOT RELEVANT,6
Kalkulo,NOT RELEVANT,6
Kalocsai Fûszerpaprika Zártkörûen,CONSUMER STAPLES,6
Kalocsai Jenõ,NOT RELEVANT,6
Kalocsai Konfekcióipari,CONSUMER DISCRETIONARY,6
Kalász 2002 Mezõgazdasági Termelõ,NOT RELEVANT,6
Kalász Növénytermesztõ,CONSUMER STAPLES,6
Kaló Dénes,NOT RELEVANT,6
Kalória Sütõipari és Kereskedelmi,NOT RELEVANT,6
Kamat Prémium Rövid Kötv,NOT RELEVANT,6
Kaméleon,FINANCIALS,6
Kanizsa-Car Kereskedelmi és,NOT RELEVANT,6
Kansas Elektronika és Világítástech,INDUSTRIALS,6
Kantar Hoffmann Korlátolt,CONSUMER DISCRETIONARY,6
Kapcsos Mátyás,NOT RELEVANT,6
Kapos Gyógyszertár,CONSUMER STAPLES,6
Kaposfõi Termelõ-Értékesítõ és,NOT RELEVANT,6
"Kapospulai ""Ezüstkalász"" Mezõgazdas",CONSUMER STAPLES,6
Kaposvár Arany János köz 4.,FINANCIALS,6
Kaposvári Röplabda Akadémia Utánpót,NOT RELEVANT,6
Kappa,UTILITIES,6
Kappa Korlátolt,UTILITIES,6
Kappa Star Recycling Hungary,INDUSTRIALS,6
Kapsch,NOT RELEVANT,6
"KapuHáz Ingatlanforgalmazó,",REAL ESTATE,6
Kapucinus u.,FINANCIALS,6
Kapus,NOT RELEVANT,6
Kapuvári Húsipari,NOT RELEVANT,6
Kapás-21 ingatlanfejlesztõ,REAL ESTATE,6
Karap Ferenc u.,REAL ESTATE,6
Karbantartás ut vasut és Mélyépítõ,NOT RELEVANT,6
Kardics,NOT RELEVANT,6
Kardos,NOT RELEVANT,6
Karina Patika,CONSUMER STAPLES,6
Karos-property Ingatlanforgalmazó,REAL ESTATE,6
Kartali Vagyonkezelõ,CONSUMER STAPLES,6
Kartács utca 6.,REAL ESTATE,6
Karzol,INDUSTRIALS,6
Karácsony,NOT RELEVANT,6
Karátsonyi Guidó,REAL ESTATE,6
Kassai u. 5-15.,FINANCIALS,6
Kassai u. 54,FINANCIALS,6
Kassák u. 83.,FINANCIALS,6
Kasza Sándor,NOT RELEVANT,6
Katalin,NOT RELEVANT,24
Katalin E. V.,NOT RELEVANT,6
Katics,NOT RELEVANT,6
Katona,NOT RELEVANT,6
Katona J. u. 13B,REAL ESTATE,6
Katona tér 7-9. sz.,FINANCIALS,6
Katona u. 57. számú,REAL ESTATE,6
Katonaréti Ágnes Gyógyszertár Betét,CONSUMER STAPLES,6
KayakFirst Sportszergyártó és,CONSUMER DISCRETIONARY,6
Kaza International,MATERIALS,6
Kazinc-Therm Fûtõerõmû,UTILITIES,6
"Kazincbarcika, Babits Mihály út 2-4",FINANCIALS,6
Kazinczy krt.,REAL ESTATE,6
Kazinczy tér 12-13-14. sz.,REAL ESTATE,6
Kazinczy tér 8-11. szám,REAL ESTATE,6
Kecskegödör Beruházó Víziközmû,NOT RELEVANT,6
"Kecskemét, Muraközy u.",REAL ESTATE,6
Kecskeméti Junior Sport Nonprofit,CONSUMER DISCRETIONARY,6
Kecskeméti KIK-FOR Ingatlankezelõ,REAL ESTATE,6
Kecskeméti u. 31 B,FINANCIALS,6
Kefrén Kereskedelmi és,NOT RELEVANT,6
Kel-Invest Termeltetõ és,NOT RELEVANT,6
Kelemen B. u. 66-72,FINANCIALS,6
Kelemen L. u. 10-12,FINANCIALS,6
Kelemen L. u. 8.,FINANCIALS,6
"Kelemen-Apafia Ipari, Mezogazdasagi",CONSUMER STAPLES,6
Kelenföldi 9. sz. Lakásfenntartó,FINANCIALS,6
Kelenföldi Egyesült,REAL ESTATE,6
Keller Mélyépítõ,INDUSTRIALS,6
Kellényi Fanni Laura,CONSUMER DISCRETIONARY,6
Kemecsei,NOT RELEVANT,6
Kemenesaljai Kistelepülésekért Komm,NOT RELEVANT,6
Kemenesmihályfai Csatornamû Társasá,NOT RELEVANT,6
Kemes Lakásfenntartó Szövetkezet,REAL ESTATE,6
Keményné Koncz Ildikó,NOT RELEVANT,6
Kenderföldek Beruházó Víziközmû,NOT RELEVANT,6
Kenéz,NOT RELEVANT,6
Kenézy Kórház Rendelõintézet Egészs,HEALTH CARE,6
Kepecs Gábor Tiborné,NOT RELEVANT,6
Kepita Kereskedelmi -Pénzügyi-Tanác,CONSUMER DISCRETIONARY,6
Keppel-KBS US REIT H1,REAL ESTATE,6
Kerek,NOT RELEVANT,6
Kerepes Sólyom-lakópark Csapadékvíz,NOT RELEVANT,6
Kerepesi,NOT RELEVANT,6
Kerepesi uti Aoto,CONSUMER DISCRETIONARY,6
Kerepesi út 90-98.,REAL ESTATE,6
Kereskedelmi,INDUSTRIALS,6
Kereskedelmi Kft.,NOT RELEVANT,12
Kereskedelmi Korlátolt,REAL ESTATE,6
"Kereskedelmi Zrt. ""felszámolás",CONSUMER STAPLES,6
Kereskedelmi és,CONSUMER DISCRETIONARY,6
Kereskedelmi és,CONSUMER STAPLES,18
Kereskedelmi és,INDUSTRIALS,6
Kereskedelmi és,NOT RELEVANT,6
Kereskedelmi és Szolgáltató,INDUSTRIALS,6
Kereskedõház,CONSUMER STAPLES,6
Kereskedõk Eger Belvárosáért Egyesü,NOT RELEVANT,6
Kereszttöltés u. 10. sz.,REAL ESTATE,6
Kereszttöltés u. 12.,REAL ESTATE,6
Kereszttöltés u. 14.,FINANCIALS,6
Kereszttöltés u. 17.,FINANCIALS,6
Kereszttöltés u. 18. sz.,REAL ESTATE,6
Kereszttöltés u. 20.,REAL ESTATE,6
Kereszttöltés u. 22.,FINANCIALS,6
Kereszttöltés u. 33.,REAL ESTATE,6
Kertalja u. 7-9-11.,FINANCIALS,6
Kertron Ingatlanforgalmazó,NOT RELEVANT,6
Kertváros I. sz.,REAL ESTATE,6
Kertész u. 175-177. sz.,FINANCIALS,6
Kertész u. 28.,REAL ESTATE,6
Kertész u. 41. sz,REAL ESTATE,6
Keserû,NOT RELEVANT,6
Keszenlet Kereskedelmi es,NOT RELEVANT,6
Keszthely Gagarin u. 40.,FINANCIALS,6
Keszthely Vásár tér 6. sz. alatti,REAL ESTATE,6
"Keszthely, Fodor utca 26.",FINANCIALS,6
Keszthelyi u. 12.,REAL ESTATE,6
Keszthelyi u.10.,REAL ESTATE,6
Kft.,CONSUMER STAPLES,6
Kft.,NOT RELEVANT,6
Khaut András,NOT RELEVANT,6
Kienle Spiess Hungary Ipari,MATERIALS,6
Kifarill Szociális,NOT RELEVANT,6
Kilián ltp. 12. szám alatti,REAL ESTATE,6
Kincsem Nemzeti Lóverseny és Lovas,NOT RELEVANT,6
Kincsem Tabak-Shop Kereskedelmi,CONSUMER STAPLES,6
Kingspref Kereskedelmi és,MATERIALS,6
Kinyó,NOT RELEVANT,6
Kipexteam Üzemeltetõ-építõ és Rende,FINANCIALS,6
Kipkerszolg Kereskedelmi és,NOT RELEVANT,6
Kiraly Autoszerviz,NOT RELEVANT,6
Kirchhoff Hungária Autóalkatrész,CONSUMER DISCRETIONARY,6
Király Béla,NOT RELEVANT,6
Király Gyógyszertár,CONSUMER STAPLES,6
Király Jenõ utcai VI. sz. Lakásfenn,REAL ESTATE,6
Király Tabak Kereskedelmi,CONSUMER STAPLES,6
Király Udvarház,FINANCIALS,6
Király u. 27.,REAL ESTATE,6
Királyfi és Társa Gyógyszertár,CONSUMER STAPLES,6
Királyhegyesi Földtulajdonosok Vadá,CONSUMER STAPLES,6
Királykuti lakónegy,REAL ESTATE,6
Királykút Ln 1-7,FINANCIALS,6
Kis Bábolna,CONSUMER STAPLES,6
Kis László,CONSUMER DISCRETIONARY,6
Kis Trióda,CONSUMER DISCRETIONARY,6
Kis és Társa Kereskedelmi és,NOT RELEVANT,6
"Kis-,Közép-,Agrárvállalkozók, Sajtk",NOT RELEVANT,6
Kis-Megoldas,CONSUMER STAPLES,6
Kisalföld Füszért Kereskedelmi,CONSUMER STAPLES,6
Kisalföldi,CONSUMER STAPLES,6
Kisalföldi Mezõogazdasági Zártkörõe,CONSUMER STAPLES,6
Kisalföldi Vállalkozásfejlesztési A,NOT RELEVANT,6
Kisbenedek,NOT RELEVANT,6
Kisbéri Ezüstkehely Gyógyszertár,CONSUMER STAPLES,6
Kiscigaretta Bolt,CONSUMER STAPLES,6
Kisfaludy u. 18.,REAL ESTATE,6
Kisfaludy u. 28. sz. alatti,REAL ESTATE,6
Kisgát Ingatlanfejlesztõ,REAL ESTATE,6
Kiskondás Mezõgazdasági,CONSUMER STAPLES,6
Kiskun Szabadidõ és Sport,CONSUMER DISCRETIONARY,6
Kiskunfélegyháza 78 Lakásos,FINANCIALS,6
"Kiskunmajsa, Zárda u. 3.",FINANCIALS,6
"Kiskunsági Kistérségi Zöldség-, Gyü",NOT RELEVANT,6
Kispuszta-Hús,CONSUMER STAPLES,6
Kiss B. Ker Kereskedelmi és,CONSUMER STAPLES,6
Kiss Dóra egyéni,CONSUMER STAPLES,6
Kiss Egon,NOT RELEVANT,6
Kiss Of The Dragon Szolgáltató,REAL ESTATE,6
Kiss-Kartell Kft.,CONSUMER STAPLES,6
Kissné Veres,NOT RELEVANT,6
Kisvakond Zöldtetõépítõ és,INDUSTRIALS,6
Kisvasút Tabak Betéti,CONSUMER STAPLES,6
"Kisvejkei Terménytároló, Szárító",CONSUMER STAPLES,6
"Kisvárda, Gyár úti ltp. 3-4. sz.",REAL ESTATE,6
"Kisvárda, Gyár úti ltp. 8-9.",FINANCIALS,6
Kiswire Szentgotthárd,CONSUMER DISCRETIONARY,6
Kisújbányai Vadászház,CONSUMER DISCRETIONARY,6
"Kisújszállás, Ifjúság útja 10",REAL ESTATE,6
"Kiállítást Tervezõ, Kivitelezõ és",NOT RELEVANT,6
Klapka Gy u. 48.,FINANCIALS,6
Klapka Gy. u. 12-18-24.,REAL ESTATE,6
Klapka Gy. u. 51-53.,REAL ESTATE,6
Klapka u. 8. Társasházkö,FINANCIALS,6
Klapka u. 9.,FINANCIALS,6
Klauzál Ingatlanhasznosító,NOT RELEVANT,6
Klauzál u. 1. sz.,REAL ESTATE,6
Klauzál u. 10. sz.,REAL ESTATE,6
Klauzál u. 8.,FINANCIALS,6
Klebelsberg Intézményfenntartó Közp,NOT RELEVANT,6
Klient Adótanácsadó,INDUSTRIALS,6
Klient Holding Szolgáltató,INDUSTRIALS,6
Klient Könyvelõ,INDUSTRIALS,6
Klimaoprema Hungary,INDUSTRIALS,6
Knauf Insulation Építõipari Szigete,MATERIALS,6
Knizse,NOT RELEVANT,6
Koch Róbertné,NOT RELEVANT,6
Kockaház u. 1.,FINANCIALS,6
Kocsis,NOT RELEVANT,6
Kocsány,NOT RELEVANT,6
Kodolányi János,REAL ESTATE,6
Kodolányi u. 2-4,FINANCIALS,6
Kodolányi u. 7-11,REAL ESTATE,6
Kodály Z. u.,REAL ESTATE,6
Kodály Z. u. 2/A sz.,REAL ESTATE,6
Kodály Z. u. 22-24-26,REAL ESTATE,6
Kodály Z. u. 43.,REAL ESTATE,6
Kodály Zoltán stny,REAL ESTATE,6
Kodály Zoltán u. 4.,REAL ESTATE,6
Kodály Zoltán u. 41-49.,REAL ESTATE,6
Kodály Zoltán u. 5.,REAL ESTATE,6
Kodály u. 8. Napsugár,FINANCIALS,6
Kohányi Ferenc,NOT RELEVANT,6
Kohári,NOT RELEVANT,6
Kokas Ferenc EV.,CONSUMER STAPLES,6
Koleszár Nándor,NOT RELEVANT,6
Koletics,NOT RELEVANT,6
Koleticsné Veréb,NOT RELEVANT,6
Kolláth-Kovács Hedvig,NOT RELEVANT,6
Kolosi és Társa Befektetõ,INDUSTRIALS,6
Kolostor-Toboz utcai,FINANCIALS,6
Kolozsvári u. 22-24.,REAL ESTATE,6
Kolping Családi Üdülési Alap,INDUSTRIALS,6
Koltai,NOT RELEVANT,6
Komfort-Bázis Kereskedelmi,CONSUMER DISCRETIONARY,6
"Komló, Vértanúk u. 21-23.",FINANCIALS,6
Komárom-Esztergom megyei Távhõszolg,NOT RELEVANT,6
Komárom. Arany J. u. 5.,REAL ESTATE,6
Komáromi Mezõgazdasági Termelõ és,CONSUMER STAPLES,6
Komáromi Városgazda Közhasznú,INDUSTRIALS,6
"Konecranes Ipari,",INDUSTRIALS,6
Konfár Zoltán,NOT RELEVANT,6
Konstantin u. 5. szám,REAL ESTATE,6
"Kontúr Csoport Tervezõ, Építtetõ,",INDUSTRIALS,6
Konyo Korlátolt,UTILITIES,6
Konzervgyártó és,CONSUMER STAPLES,6
Konzol Trade Ipari Kereskedelmi,CONSUMER STAPLES,6
Konzumgres Kereskedelmi és,CONSUMER DISCRETIONARY,6
Kopaszi Gát Zártkörûen Mûködõ Részv,REAL ESTATE,6
Kopint Konjunktúra Kutatási Alapítv,NOT RELEVANT,6
Koppányi Miklós,NOT RELEVANT,6
Kor-Product Ipari és Szolgáltató,NOT RELEVANT,6
Korai Szabolcs,CONSUMER DISCRETIONARY,6
Korner Gerold Ilan,NOT RELEVANT,6
Koroknai András,CONSUMER DISCRETIONARY,6
Korompay u. 2-4-6. sz.,REAL ESTATE,6
Korompay u. 9-11.,REAL ESTATE,6
Korona,REAL ESTATE,6
Korona Borház,NOT RELEVANT,6
Korona Catering Vendéglátó és,CONSUMER DISCRETIONARY,6
Korona Kredit Jelzáloghitel,NOT RELEVANT,6
Korona Közraktár,INDUSTRIALS,6
Korona u. 10-12.,FINANCIALS,6
Korona u. 3.,REAL ESTATE,6
Koroza Korlátolt Felelõsségû,REAL ESTATE,6
Korrekt Higiénia Kereskedelmi és,NOT RELEVANT,6
Korrekt-Kút Üzemanyagforgalmazó,CONSUMER DISCRETIONARY,6
Korsós Bálintné,NOT RELEVANT,6
Korsósné Kohlmann,NOT RELEVANT,6
Korányi köz 1-11.,REAL ESTATE,6
Kosikné Rónay,NOT RELEVANT,6
Kossuth 105 Lakásfenntartó,REAL ESTATE,6
Kossuth 2006 Mezõgazdasági,CONSUMER STAPLES,6
Kossuth Kiadó,CONSUMER DISCRETIONARY,6
Kossuth L. sgt. 41-43.,REAL ESTATE,6
Kossuth L. sgt. 81.,REAL ESTATE,6
Kossuth Lajos u. 13.,REAL ESTATE,6
Kossuth Lajos u. 3.,REAL ESTATE,6
Kossuth Lajos utca 14.,REAL ESTATE,6
Kossuth tér 5.,FINANCIALS,6
Kossuth tér 5.,REAL ESTATE,6
Kossuth u. 1. - Szabadsá,REAL ESTATE,6
Kossuth u. 2-4-6. sz.,REAL ESTATE,6
Kossuth u. 4-12. t,FINANCIALS,6
Kossuth u. 52-56.,REAL ESTATE,6
Kossuth u. 63. sz.,REAL ESTATE,6
Kossuth u. 8/A.,REAL ESTATE,6
Kostmann Korlátolt Felelõsségû,INDUSTRIALS,6
Kosztelnik János Lajosné,NOT RELEVANT,6
Kosárlabda,NOT RELEVANT,6
Kotogany Arpad Mihaly,CONSUMER STAPLES,6
Kotányi Hungária Fûszerfeldolgozó,CONSUMER STAPLES,6
Kovalcsik Sándor,NOT RELEVANT,6
Kovács,CONSUMER DISCRETIONARY,6
Kovács Fv. Ker. és Szolg.,NOT RELEVANT,6
Kovács Gyula,NOT RELEVANT,6
Kozgep,INDUSTRIALS,6
Kozma,NOT RELEVANT,6
Kozmáné Konczér,NOT RELEVANT,6
Kozák,NOT RELEVANT,6
Kraftszer Vállalkozási Kft. - techn,NOT RELEVANT,6
Krahulcsán,NOT RELEVANT,6
Krajcsovics,NOT RELEVANT,6
Krasznai,NOT RELEVANT,6
Krautland Ingatlanforgalmazó,REAL ESTATE,6
Kreatív Zöld Nonprofit,NOT RELEVANT,6
Kreinbacher Invest Zártkörûen,INDUSTRIALS,6
Krekacs Jozsef,NOT RELEVANT,6
Kresz Péter,NOT RELEVANT,6
Krigler,NOT RELEVANT,6
"Kristalyviz Vizmu, Ipari es Gazdasa",UTILITIES,6
Krisztián Sándor,CONSUMER STAPLES,6
Krisztyián,NOT RELEVANT,6
Kroltex Kft.,INDUSTRIALS,6
Krt 1-7,REAL ESTATE,6
Krupp,CONSUMER STAPLES,6
Krupp-System Kereskedelmi és,INFORMATION TECHNOLOGY,6
Krétakör Alapítvány,FINANCIALS,6
Krónikás utca 3-5-7.,FINANCIALS,6
Kucsera és Társa Kereskedelmi és,NOT RELEVANT,6
Kuhn,NOT RELEVANT,6
Kuhn Földmunkagép,INDUSTRIALS,6
Kuhn hUNGARY,INDUSTRIALS,6
Kukorica u. 10. sz.,REAL ESTATE,6
Kukovecz N. u. 22-24-26.,REAL ESTATE,6
Kulcsár Gergely,NOT RELEVANT,6
Kulich Gyula út 6,REAL ESTATE,6
Kunczi Építõipari és Kereskedelmi,FINANCIALS,6
Kupicza,CONSUMER DISCRETIONARY,6
Kurhin Mykhailo,NOT RELEVANT,6
Kurityán Iskola u. 2-8. sz.,REAL ESTATE,6
Kurta Food Korlátolt Felelõsségû,CONSUMER DISCRETIONARY,6
Kurta Utcai,FINANCIALS,6
Kurucdomb sor 3.,FINANCIALS,6
Kurucz,NOT RELEVANT,6
Kut Tabak,CONSUMER STAPLES,6
Kutasmenti - 5Határ Korlátolt,CONSUMER STAPLES,6
Kvantor,CONSUMER STAPLES,6
Kwizda Agro Hungary Kereskedelmi Ko,MATERIALS,6
KÁ 2,NOT RELEVANT,6
"KÁBELKON Ipari, Kereskedelmi,",NOT RELEVANT,6
KÁDKÕ GYÁRTÓ ÉS ÉRTÉKESÍTÕ,MATERIALS,6
KÁLI ART Szolgáltató és,CONSUMER DISCRETIONARY,6
KÁLLÓI ÚT 2008 Ingatlanforgalmazó,NOT RELEVANT,6
KÁLVÁRIA PART Építõipari és Ingatla,NOT RELEVANT,6
KÁMÁN KERESKEDELMI ÉS SZOLG. KFT-WO,FINANCIALS,6
KÁRAI TRANS,INDUSTRIALS,6
KÁROLYI és TÁRSA Építési,INDUSTRIALS,6
KÁTA KERESKEDELMI ÉS SZOLGÁLTATO KF,ENERGY,6
KÉKI 2.,REAL ESTATE,6
KÉKI UTCA 5. SZÁM ALA,REAL ESTATE,6
KÉPÍRÓ 9 Ingatlanforgalmazó,NOT RELEVANT,6
KÉSZ Hotel és Konferencia Menedzsme,FINANCIALS,6
KÉSZ Ingatlan Üzemeltetõ és Fejlesz,NOT RELEVANT,6
KÉSZ Ipari Park,REAL ESTATE,6
KÉSZ&GO Flotta és Gépjármûkezelõ,INDUSTRIALS,6
KÉT SUPOLA KER.ÉS SZOLG.KFT.-F.A,ENERGY,6
KÉT-KALMÁR ABC,NOT RELEVANT,6
KÉTÜSZ Gyõr,INDUSTRIALS,6
KÉZIZÁLOG Pénzügyi Szolgáltató,NOT RELEVANT,6
KÓKAI MEZÕGAZDASÁGI SZÖVETKEZET,CONSUMER STAPLES,6
KÓRÓDI BENZINKÚT,NOT RELEVANT,6
KÕHÍD Patika,CONSUMER STAPLES,6
KÕKA KÕ ÉS KAVICSBÁNYÁSZATI,MATERIALS,6
KÕOLAJVEZETÉKÉPÍTÕ,NOT RELEVANT,6
"KÕRÖS-SPEDIT Szállítmányozási,",INDUSTRIALS,6
KÕRÖSFRUCT-PLUS KERESKEDELMI ÉS,CONSUMER STAPLES,6
KÖFÉM LTP 24-26,FINANCIALS,6
KÖFÉM LTP 27-28-29,FINANCIALS,6
KÖNIG Jármûablakszerkezetet,CONSUMER DISCRETIONARY,6
KÖNIGER Kereskedelmi és,NOT RELEVANT,6
KÖRÖS-VÖLGYE,NOT RELEVANT,6
KÖTEK IPARI ÉS KERESKEDELMI ZRT-F.A,MATERIALS,6
KÖTIVIÉP'B Közép-Tisza Vidéki Vízép,INDUSTRIALS,6
KÖVA-KOM Nonprofit,INDUSTRIALS,6
KÖZGÁZ VIZUÁLIS BRIGÁD KULTURÁLIS,NOT RELEVANT,6
KÖZGÉP Építõ- és Fémszerkezetgyártó,INDUSTRIALS,6
KÖZMÛ-ALAGÚT Magas-és Mélyépítõ,INDUSTRIALS,6
KÖZRAKTÁROZÁSI RT.,INDUSTRIALS,6
KÖZTÁRSASÁG U.5.SZ.,REAL ESTATE,6
KÖZTÁRSASÁG U.7.SZ.,REAL ESTATE,6
KÖZTÁRSASÁG UTCA 3.,REAL ESTATE,6
KÖZVÉLEMÉNY ÉS PIACKUTATÓ,NOT RELEVANT,6
KÖZÉP-MESZES KERESKEDELMI ÉS,NOT RELEVANT,6
KÖZÉPTISZAI MEZÕGAZDASÁGI ZÁRTKÖRÛE,CONSUMER STAPLES,6
KÖZÉV SZERELÕIPARI ÉS SZOLG.,NOT RELEVANT,6
KÜNDIG-FOOD TERMELÕ,NOT RELEVANT,6
Kádár,NOT RELEVANT,6
Káld és Térsége Környezetéért Önkor,NOT RELEVANT,6
Káldi,NOT RELEVANT,6
Kállói Idõsek Otthona Szociális Non,REAL ESTATE,6
Kálmán,NOT RELEVANT,18
Kálmán Pálné,NOT RELEVANT,6
Kálmánházi Baromfifeldolgozó,CONSUMER STAPLES,6
Kálvária,REAL ESTATE,6
Kálvária sgt. 3.,REAL ESTATE,6
Kálvária tér 10.,REAL ESTATE,6
Kálvária tér 32.,REAL ESTATE,6
Kántor,NOT RELEVANT,12
"Kányai Mezõgazdasági Termelõ,",CONSUMER STAPLES,6
Kápolna u.,REAL ESTATE,6
Káposztásmegyer Futball Club Sporte,NOT RELEVANT,6
Károly,NOT RELEVANT,24
Károly krt.,FINANCIALS,6
Károlyi Mihály u. 3.,REAL ESTATE,6
Károlyi Mihály u. 5.,FINANCIALS,6
Kárpus Kereskedelmi és,NOT RELEVANT,6
Kárpát Aszfalt Építõ és,INDUSTRIALS,6
Kárpát Fém Kereskedelmi és,NOT RELEVANT,6
Kárpát u. 2a-c,FINANCIALS,6
Kárpátiné Nagy Krisztina,CONSUMER STAPLES,6
Kárász utca Ingatlankezelõ,FINANCIALS,6
Kárász utca Ingatlankezelõ,REAL ESTATE,6
Kárász utca Ingatlankezelõ Korl,FINANCIALS,6
Kávézó,CONSUMER DISCRETIONARY,6
Kázmér,NOT RELEVANT,6
Kék Szem Optika Kereskedelmi és,CONSUMER DISCRETIONARY,6
Kék-Duna Holding Ingatlanhasznosító,INDUSTRIALS,6
Kékvirág u. 2-16. sz.,REAL ESTATE,6
Képe Tibor,NOT RELEVANT,6
Képzõ u. 10-16. számú,REAL ESTATE,6
Képíró Lajos egyéni,CONSUMER STAPLES,6
Kész,INDUSTRIALS,6
Készenléti ltp. 43/1-43/,REAL ESTATE,6
Két Oroszlán Gyógyszertár,CONSUMER STAPLES,6
Kézilabda Korlátolt Felelõssé,NOT RELEVANT,6
Kézilabda Utánpótlás Alapítvá,NOT RELEVANT,6
Kézsebészeti Centrum Oktató és Ellá,NOT RELEVANT,6
Kígyó Gyógyszertár,CONSUMER STAPLES,6
Kígyó u. 5-6-7-8,FINANCIALS,6
Kód Mûszaki és Kereskedelmi Kft.,INDUSTRIALS,6
Kónya Trans Korlátolt Felelõsségû,INDUSTRIALS,6
Kórógy Pig Korlátolt Felelõsségû,CONSUMER STAPLES,6
Kószó,NOT RELEVANT,6
Kótaji Szennyvízcsatorna Beruházó,NOT RELEVANT,6
Kõ/Szén Bányászati Korlátolt,MATERIALS,6
Kõbányai Ingatlankezelõ- és,REAL ESTATE,6
Kõrakáspark 35.,FINANCIALS,6
Kõrös Trade 2005 Élelmiszerkeresked,NOT RELEVANT,6
Kõröstej Tejfeldolgozó és,CONSUMER STAPLES,6
Kõsas Gyógyszerész Betéti,CONSUMER STAPLES,6
Kõszeg Ûrhajosok Utja 17,FINANCIALS,6
"Kõszeg, Chernel út 3",FINANCIALS,6
"Kõszeg, Sigray Jakab u.",FINANCIALS,6
Kõvári,NOT RELEVANT,6
Kökény,NOT RELEVANT,6
Kölcsey 27-29-31.,FINANCIALS,6
Kölcsey F. u. 12. sz.,REAL ESTATE,6
König-Trade Export-Import,NOT RELEVANT,6
Königfrankstahl Acélkereskedelmi,MATERIALS,6
Könyv Plaza Kereskedelmi,CONSUMER DISCRETIONARY,6
Könyvbazár Kereskedelmi és,INDUSTRIALS,6
Könyvesház Könyvkiadó,CONSUMER DISCRETIONARY,6
Könyvtárellátó Közhasznú,CONSUMER DISCRETIONARY,6
Körlog Logisztika Epitö es Kivitele,REAL ESTATE,6
Körmend Alkotmány u. 1-3.,REAL ESTATE,6
Körmend Deák u.,FINANCIALS,6
Körmend Olcsai-Kiss Z. té,FINANCIALS,6
Körmend Rákóczi u. 23.,REAL ESTATE,6
Körmend Széchenyi u. 1.-,REAL ESTATE,6
"Körmend, Deák Ferenc u. 2.",REAL ESTATE,6
"Körmend, Rákóczi út 31-33",FINANCIALS,6
Körmendi,NOT RELEVANT,6
Körmöcbánya u. 18-20.,REAL ESTATE,6
Körmöcbánya u. 22-24,REAL ESTATE,6
Körmöcbánya u. 30-32.,REAL ESTATE,6
Környe-Trade,NOT RELEVANT,6
Környei,NOT RELEVANT,6
Környei Agráripari ZRt.,CONSUMER STAPLES,6
Környezetgazdálkodási,INDUSTRIALS,6
Környezetgazdálkodási No,INDUSTRIALS,6
Környezetvédelmi,INDUSTRIALS,6
Környezetéért Alapitvány,NOT RELEVANT,6
Körös Network Energy Korlátolt,UTILITIES,6
Körös-Maros Mezõgazdasági Termelõ,CONSUMER STAPLES,6
Körösladányi Ipari Park,FINANCIALS,6
Körösmenti Hústermelõ és,CONSUMER STAPLES,6
Körút-Invest,REAL ESTATE,6
Kövesi,CONSUMER STAPLES,6
Kövér Kornél,NOT RELEVANT,6
Közlekedési,INDUSTRIALS,6
Közlekedésépítõ,INDUSTRIALS,6
Közmû,NOT RELEVANT,6
Közszolgáltató Nonprofit,INDUSTRIALS,6
Köztelek u. 4-6-8-10. szám,REAL ESTATE,6
Közterület-Fenntartó,NOT RELEVANT,6
Köztársaság u. 1.,REAL ESTATE,6
Köztársaság u. 11-13.,REAL ESTATE,6
Köztársaság u. 11.,REAL ESTATE,6
Köztársaság u. 13.,REAL ESTATE,6
Köztársaság u. 17.,REAL ESTATE,6
Köztársaság u. 19.,REAL ESTATE,6
Köztársaság u. 8-10.,REAL ESTATE,6
Köztársaság u. 85.,FINANCIALS,6
Köztársaság u. 87.,REAL ESTATE,6
Köztársaság út 56-57-58,FINANCIALS,6
Közép fasor 7E-F,FINANCIALS,6
Közép-Budai Waldorf Közhasznú Egyes,CONSUMER DISCRETIONARY,6
Közép-Duna Vidéke Hulladékgazdálkod,NOT RELEVANT,6
Közép-Kelet Európai,NOT RELEVANT,6
Közép-dunántúli Gázhálózati,UTILITIES,6
Középhegyi Beruházó és Lakásépítõ,NOT RELEVANT,6
Középszer 18-20.,FINANCIALS,6
Középületépítõ Zrt.-F.A,INDUSTRIALS,6
Közúti Fuvarozók,NOT RELEVANT,6
Kükedi,NOT RELEVANT,6
Küttel Gyógyszertár,CONSUMER STAPLES,6
L & P Magyarország Autóalkatrész,CONSUMER DISCRETIONARY,6
L és F Kereskedelmi,CONSUMER STAPLES,6
L'Oreal Magyarország Kozmetikai,CONSUMER STAPLES,6
L+W Montagetechnik Korlátolt,CONSUMER DISCRETIONARY,6
L. V. G. Létesítmény-fennt,INDUSTRIALS,6
L.E.CASH PÉNZÜGYI TANÁCSADÓ,NOT RELEVANT,6
"L.I.B. Beruházó,",REAL ESTATE,6
L.V. Regal Ingatlanberuházási és,FINANCIALS,6
LA ISLA KERESKEDELMI ÉS,NOT RELEVANT,6
LABDARÚGÓ IMMOBILIEN INGATLANFORGAL,NOT RELEVANT,6
LABORIGO DIAGNOSZTIKAI,NOT RELEVANT,6
LAJTA-DUNA EPITÖ ES VIZSZIGETE,INDUSTRIALS,6
LAJTA-HANSÁG Zártkörûen Mûködõ RÉSZ,CONSUMER STAPLES,6
LAJTOS,NOT RELEVANT,6
LAKI Befektetési,INDUSTRIALS,6
LAKI Kereskedelmi és Szolgáltató Ko,REAL ESTATE,6
LAKI Épületszobrász Részvénytársasá,NOT RELEVANT,6
LAKSZÖV Mátészalkai Lakásszövetkeze,REAL ESTATE,6
"LAKÁSKEZELÖ, ÉPITÖIPARI ÉS",NOT RELEVANT,6
LAKÓPARK,REAL ESTATE,6
LAMBDA Systeme Kereskedelmi,INDUSTRIALS,6
LAND Kereskedelmi és,REAL ESTATE,6
LANDULA Patikárius,CONSUMER STAPLES,6
LANSON Szolgáltató és Tanácsadó,INDUSTRIALS,6
LANZO KÁBELSZERELÉSI ÉS ÉPÜLETGÉPÉS,NOT RELEVANT,6
LAP-ICS Könyvkiadó és Kereskedõ,NOT RELEVANT,6
LAPIDIBUS Szállítmányozási,INDUSTRIALS,6
LAPKER,CONSUMER DISCRETIONARY,6
LARM KERESKEDELMI ÉS SZOLGÁLTATÓ,REAL ESTATE,6
LASSELSBERGER HUNGÁRIA TERMELÕ ÉS,INDUSTRIALS,6
LASZTRA-CARGO Fuvarozó,INDUSTRIALS,6
LAT Nitrogen Hungary Korlátolt Fele,MATERIALS,6
LATIS-CO Ingatlanberuházó és Fejles,NOT RELEVANT,6
LAUREL Számítástechnikai,INFORMATION TECHNOLOGY,6
LAURUS ECV,CONSUMER DISCRETIONARY,6
LAVINAMIX ÉPÍTÕ,INDUSTRIALS,6
"LAYER Kereskedelmi, Szolgáltató",MATERIALS,6
LC Packaging TPI,CONSUMER DISCRETIONARY,6
LCP Systems Informatikai és Kereske,INFORMATION TECHNOLOGY,6
LE BÉLIER MAGYARORSZÁG FORMAÖNTÖDE,CONSUMER DISCRETIONARY,6
LE-SIKER Kereskedelmi és,CONSUMER DISCRETIONARY,6
LEAR CORPORATION HUNGARY,CONSUMER DISCRETIONARY,6
LEAR CORPORATION HUNGARY,INDUSTRIALS,6
LEASE-CONSULT INGATLANFORGALMAZÓ,NOT RELEVANT,6
LEAX Hungary Ipari és,INDUSTRIALS,6
LEBEX Ipari és Kereskedelmi,NOT RELEVANT,6
LECOVI Üzletviteli Tanácsadó,CONSUMER STAPLES,6
LEFT&LEFT HUNGARY BEFEKTETÉSI ZRT.,FINANCIALS,6
LEGERO HUNGARIA CIPÕGYÁRTÓ,NOT RELEVANT,6
LEGRAND MAGYARORSZÁG VILLAMOSSÁGI,INDUSTRIALS,6
LEIER AUTÓ KERESKEDELMI ÉS,CONSUMER DISCRETIONARY,6
LEIER-MÁRTON HOLDING,NOT RELEVANT,6
LEKKERLAND EXPORT-IMPORT KERESKEDEL,CONSUMER STAPLES,6
LEMAN INDUSTRIE,MATERIALS,6
LEONES-PROJECT Környezetvédelmi,NOT RELEVANT,6
LERTON TRANS Fuvarozó és,INDUSTRIALS,6
LESAFFRE Magyarország Élesztõgyártó,CONSUMER STAPLES,6
LESENCE,MATERIALS,6
"LESENCE GYÜMÖLCS, SZÖLÖ, BOR ÉS",NOT RELEVANT,6
LESTÁL FERENCNÉ EGYÉNI,NOT RELEVANT,6
LEVANTEX Tehergépjármû- és Alkatrés,CONSUMER DISCRETIONARY,6
LHG Lukács Hûtéstechnika és Gasztro,INDUSTRIALS,6
LIBRI,CONSUMER DISCRETIONARY,6
LIBRI Könyvkereskedelmi,CONSUMER DISCRETIONARY,6
LICENCIA,REAL ESTATE,6
LICENCKER Szellemi Termékeket,CONSUMER DISCRETIONARY,6
LIDL Magyarország Kereskedelmi,CONSUMER STAPLES,6
LIDY Mezõgazdasági és,NOT RELEVANT,6
LIEGL & DACHSER ASL Hungary,INDUSTRIALS,6
LIGET HOLDING,INDUSTRIALS,6
LIGHTTECH Lámpatechnológiai,INDUSTRIALS,6
LIGHTWARE Vetítéstechnikai Zártkörû,INFORMATION TECHNOLOGY,6
LIKÕRGYÁR,CONSUMER STAPLES,6
"LIMEX Kereskedelmi, Szolgáltató",NOT RELEVANT,6
LINEA-ACTIVA Vagyonkezelõ,INDUSTRIALS,6
LINERA Mérnöki Iroda,INDUSTRIALS,6
LINZER Sütõipari és Kereskedelmi,CONSUMER STAPLES,6
LIRA Könyv,CONSUMER DISCRETIONARY,6
"LISS PATRONGYÁRTÓ, TÖLTÕ ÉS FORGALM",MATERIALS,6
LIVER INVEST KFT.,NOT RELEVANT,6
LIWO FM,INDUSTRIALS,6
LKM-Trans,NOT RELEVANT,6
LM MAGYARORSZÁG ALKATRÉSZELLÁTÓ,NOT RELEVANT,6
LMCS Vagyonkezelõ és Tanácsadó,INDUSTRIALS,6
LNP-NV Biotechnológiai Kutató,HEALTH CARE,6
LOGISTIC-H Ingatlanforgalmazó és,REAL ESTATE,6
LOGO TREK Szállítmányozási és,INDUSTRIALS,6
"LOGÉPSZER LOGISZTIKAI, ÉPÍTÕ ÉS",NOT RELEVANT,6
LOMBARD KERESKEDELMI ÉS SZOLGÁLTATÓ,CONSUMER DISCRETIONARY,6
LORIX Szövetfémezõ és Galvanizáló,NOT RELEVANT,6
LOTTE INFRACELL Hungary Korlátolt,MATERIALS,6
LOURDES HONEY KERESKEDELMI ES SZOLG,CONSUMER STAPLES,6
LOWE GGK REKLÁM,NOT RELEVANT,6
LPH Vagyonkezelõ Korlátolt,REAL ESTATE,6
LPP Hungary Kereskedelmi és,CONSUMER DISCRETIONARY,6
LUCAM Magyarország Befektetési és,FINANCIALS,6
LUFERRO Kereskedelmi és,INDUSTRIALS,6
LUMBERTECH Faipari Termelõ és,INDUSTRIALS,6
LUSTYIK Kereskedelmi,NOT RELEVANT,6
LUX Magyarország,CONSUMER DISCRETIONARY,6
LUXUS Apartmanház Korlátolt Felelõs,REAL ESTATE,6
LV Metal Gépgyártó és Forgalmazó,INDUSTRIALS,6
LYBRUM Kiadó és Kereskedelmi,INDUSTRIALS,6
LYSSA,NOT RELEVANT,6
Lackner Kristóf utca 30-36.,REAL ESTATE,6
Lacz,NOT RELEVANT,6
Laczai,NOT RELEVANT,6
Laczkovszki u. 17.,REAL ESTATE,6
Ladányi László,NOT RELEVANT,6
Lagermax Spedíció,NOT RELEVANT,6
Lajos,NOT RELEVANT,36
Lajos Családi Gazdálkodó,NOT RELEVANT,6
Lajos Király Krt. 17-19.,FINANCIALS,6
Lajos u.,FINANCIALS,6
Lajos-Projekt Ingatlanhasznosító,NOT RELEVANT,6
Lajosmizsei Folplast Mûanyagfeldolg,MATERIALS,6
Lajosvárosi Lakásépítõ és Fenntartó,REAL ESTATE,6
Lakatos út 4-6,REAL ESTATE,6
Lakberendezési,CONSUMER DISCRETIONARY,6
Lakberendezési Korlátolt,CONSUMER DISCRETIONARY,6
Lakihegy 2000 Kft.,NOT RELEVANT,6
Lakits,NOT RELEVANT,6
Lakocsa Koncessziós Korlátolt Felel,ENERGY,6
Laktanya köz 1.,FINANCIALS,6
Laktanya köz 3.,FINANCIALS,6
Lakásszövetkezet,FINANCIALS,6
Lakásszövetkezet,REAL ESTATE,6
Lakó-Üdülõ Építõ,INDUSTRIALS,6
Lakókózösség Zemplén,FINANCIALS,6
"Lakóközösség Siófok, Dózsa Gy",FINANCIALS,6
Lakóközözösség Zemplén,FINANCIALS,6
Lambs Korlátolt Felelõsségû,CONSUMER STAPLES,6
Lami-Véd Munkásvédelmi,NOT RELEVANT,6
"Lamicum Gyógyszertár, Szolgáltató",CONSUMER STAPLES,6
Lanbrus Ingatlanforgalmazó,NOT RELEVANT,6
Langár,NOT RELEVANT,6
Lantmannen Unibake Magyarország Süt,CONSUMER STAPLES,6
Lantos Termelõ és Kereskedelmi,CONSUMER STAPLES,6
Lapcom Kiadó,CONSUMER DISCRETIONARY,6
Lapidibus,INDUSTRIALS,6
Lapterjesztõ Zártkörûen Mûkö,CONSUMER DISCRETIONARY,6
Larchsilver Hungary Vagyonkezelõ,INDUSTRIALS,6
Lat-Elektro Villanyszerelési,INDUSTRIALS,6
Lat-Gép Gépészeti Szerelõ,INDUSTRIALS,6
Laterex Építõ,INDUSTRIALS,6
Latinovits u. 7-9,REAL ESTATE,6
Latkapos Korlátolt Felelõsségû,INDUSTRIALS,6
Laub,NOT RELEVANT,6
Le Belier,CONSUMER DISCRETIONARY,6
Le Bélier Mohács Formaöntöde és Fém,MATERIALS,6
Le Lys d'Or Ingatlan Hasznosító,NOT RELEVANT,6
Lean Tech Mérnökiroda,INDUSTRIALS,6
LeasePlan Hungária Gépjármûpark Kez,INDUSTRIALS,6
Leasing Ingatlanfejlesztõ,INDUSTRIALS,6
Leesong Logistics Korlátolt Felelõs,NOT RELEVANT,6
Legatum '95 Kereskedelmi És,REAL ESTATE,6
Lehel Sportlétesítmények Vagyonkeze,FINANCIALS,6
Lehel u. 41.,REAL ESTATE,6
Lehár Ferenc utca 63.,FINANCIALS,6
Leier Flottakezelõ Kereskedelmi,FINANCIALS,6
Leisztinger Réka,NOT RELEVANT,6
Lekeny,NOT RELEVANT,6
Lelovics,NOT RELEVANT,6
Lenti Bottyán János utca 4.,FINANCIALS,6
"Lenti, Lehel u. 3.",FINANCIALS,6
Leon 61 Ingatlanhasznosító,REAL ESTATE,6
Leones 18 Holding Vagyonkezelõ,INDUSTRIALS,6
Leones QSR Vagyonkezelõ és,CONSUMER DISCRETIONARY,6
Leven-Kopp Szerelõipari Fõvállalkoz,NOT RELEVANT,6
Leányfalu Termálfürdõ,NOT RELEVANT,6
Libri Könyvkiadó,COMMUNICATIONS,6
Libri Könyvkiadó,CONSUMER DISCRETIONARY,6
Libri-Bookline Kereskedelmi,CONSUMER DISCRETIONARY,6
Lidy Susanne,CONSUMER STAPLES,6
Liezen-Mayer u. 107. - Rómer,REAL ESTATE,6
Liget Tabak-Shop Kereskedelmi,CONSUMER STAPLES,6
Liget út 19-21-23.,REAL ESTATE,6
Ligetsor 7-8-9.,REAL ESTATE,6
Lightware Holding Zártkörûen,INDUSTRIALS,6
Lignum 68 GmbH.,FINANCIALS,6
Likõripari Palackozó,CONSUMER STAPLES,6
Lila Körte,CONSUMER DISCRETIONARY,6
Liliomdomb Ingatlanfejlesztõ,NOT RELEVANT,6
Lilla,CONSUMER STAPLES,6
Limagrain Hungária Korlátolt,CONSUMER STAPLES,6
Linamar Hungary Autóipari és Gépgyá,CONSUMER DISCRETIONARY,6
Lindab Építõipari,INDUSTRIALS,6
Linde Magyarország Anyagmozgatási,INDUSTRIALS,6
Lindenbest,REAL ESTATE,6
Line Center Kereskedelmi és,REAL ESTATE,6
Lingurár,NOT RELEVANT,6
Lintax Pénzügyi Szolgáltató és Taná,INDUSTRIALS,6
Lira,CONSUMER DISCRETIONARY,6
Lissé Édességgyár,CONSUMER STAPLES,6
Liszt,NOT RELEVANT,6
Liszt Ferenc sétány 23-35,REAL ESTATE,6
Liszt Ferenc u. 5.,FINANCIALS,6
Liszt u. 12.,FINANCIALS,6
Litke Trans Korlátolt Felelõsségû,INDUSTRIALS,6
Livestock Import-Export,CONSUMER STAPLES,6
Living Bread Hungary,CONSUMER STAPLES,6
Lizzy Trade Kereskedelmi és,MATERIALS,6
Ln 17-18-19,FINANCIALS,6
Ln 29-30-31,FINANCIALS,6
Ln 44-45-46,FINANCIALS,6
Lobogó út 1.,FINANCIALS,6
Log Kereskedelmi,CONSUMER STAPLES,6
Logistics Solutions Korlátolt,INDUSTRIALS,6
Logisztikai,INDUSTRIALS,6
Logisztikai Holding,INDUSTRIALS,6
Logisztikai és Fuvarozó,CONSUMER DISCRETIONARY,6
Logobox Logisztikai és,MATERIALS,6
Logodi u.,REAL ESTATE,6
Lola Tabak Kereskedelmi,CONSUMER STAPLES,6
Lolly Shop Kiskereskedelmi,CONSUMER STAPLES,6
Lomnici u. 17.,REAL ESTATE,6
Lomnici u. 19.,FINANCIALS,6
Lomnici u. 23.,REAL ESTATE,6
Lomnici u. 31.,FINANCIALS,6
Lomnici u. 37.,REAL ESTATE,6
Lomnici u. 38.,FINANCIALS,6
Lor-Holding Vagyonkezelõ Holding Ko,FINANCIALS,6
Lordok Háza Társasház,REAL ESTATE,6
Los Pollos Holdings Korlátolt,INDUSTRIALS,6
Lovas I. u. 16-20.,REAL ESTATE,6
Lovas u. 2-4-6.,REAL ESTATE,6
Lovasberenyi Agrar,CONSUMER STAPLES,6
Ltp. 109.,FINANCIALS,6
Ltp. 302,FINANCIALS,6
Ltp. 303-304. Társasház-kö,FINANCIALS,6
Ltp. 402.,FINANCIALS,6
LuK Savaria Kuplunggyártó Kft. - te,CONSUMER DISCRETIONARY,6
Lucart,CONSUMER STAPLES,6
Ludvig,NOT RELEVANT,6
Lugas u. 3.,FINANCIALS,6
Luka,NOT RELEVANT,6
Lukacs & Tamas Autokereskedelmi,CONSUMER DISCRETIONARY,6
Lukács András,NOT RELEVANT,6
Lukács Dénes,NOT RELEVANT,6
Lukácsné Drágár Judit,NOT RELEVANT,6
Lynx 2003. Ingatlanfejlesztõ,REAL ESTATE,6
Lyon Vendéglátó,NOT RELEVANT,6
LÁNG BIZTONSÁGTECHNOLÓGIAI,NOT RELEVANT,6
LÁNG KIADÓ,NOT RELEVANT,6
LÁNG KIADÓ ÉS HOLDING,NOT RELEVANT,6
LÁSZLÓ,NOT RELEVANT,6
LÁSZLÓNÉ,NOT RELEVANT,6
"LÁSZLÓPACK Ipari, Kereskedelmi és",MATERIALS,6
LÁZÁR ZSÓKAVÁR KER. ÉS SZOLG.,REAL ESTATE,6
LÉVAI KERESKEDELMI ÉS,NOT RELEVANT,6
LÍZING Pénzügyi,NOT RELEVANT,6
LÕRINCI HENGERMÛ,NOT RELEVANT,6
"Lábatlan, Piszkei Ltp. 9.1",REAL ESTATE,6
"Lábatlan, Piszkei ltp. 8. III",FINANCIALS,6
Lábodi Sertésvágóhíd,CONSUMER STAPLES,6
Lánchíd Kontroll Pénzügyi Tanácsadó,FINANCIALS,6
Lánchíd u. 1a,FINANCIALS,6
László,CONSUMER STAPLES,12
László,NOT RELEVANT,78
László ÕT,CONSUMER STAPLES,6
Lázár,NOT RELEVANT,6
Lázár Vilmos,CONSUMER STAPLES,6
Lázár-Holding Ingatlanhasznosító,REAL ESTATE,6
Lízing és Szolgáltató Magyar,INDUSTRIALS,6
Lóczy u. 34. sz. alatti,REAL ESTATE,6
Lóczy utca 16.,REAL ESTATE,6
Lóversenyfogadást-szervezõ,CONSUMER DISCRETIONARY,6
Lõrincz,NOT RELEVANT,6
Lõvér Sütõ,CONSUMER STAPLES,6
Lõvér krt. 99.,FINANCIALS,6
Lövölde u. 2-8,REAL ESTATE,6
M KERESKEDELMI ÉS SZOLGÁLTATÓ,NOT RELEVANT,6
M-12/B Ingatlanforgalmazó,REAL ESTATE,6
M-Auto-Centrum Gepjarmu-kereskedelm,NOT RELEVANT,6
M-CONTROL REGIO,CONSUMER DISCRETIONARY,6
M-FlexiLog,MATERIALS,6
M-HÍD Mûszaki Szolgáltató,INDUSTRIALS,6
M-INGATLAN AMIDA,REAL ESTATE,6
M-J Wood Group Korlátolt,INDUSTRIALS,6
M-Klíma Magyarország Kereskedelmi,CONSUMER DISCRETIONARY,6
M-U-T Hungaria Kommunális Jármûgyár,NOT RELEVANT,6
M. G. Auto Kereskedelmi es Autojavi,CONSUMER DISCRETIONARY,6
"M. K. I. Ingatlanforgalmazó, Befekt",NOT RELEVANT,6
M. u. 27-29.,REAL ESTATE,6
M.-N. Ingatlanforgalmazó és,REAL ESTATE,6
"M.A.B. PSzJMI Pénzügyi, Számítástec",INDUSTRIALS,6
M.H.P. VAGYONKEZELÕ RÉSZVÉNYTÁRSASÁ,INDUSTRIALS,6
M.P.M. Vagyonkezelõ és Ingatlanforg,INDUSTRIALS,6
M.PETROL,CONSUMER DISCRETIONARY,6
M.POINT Kereskedelmi,NOT RELEVANT,6
M.T.B. Invest Befektetõ és,CONSUMER DISCRETIONARY,6
M.Á.K. '99 Élelmiszer,CONSUMER STAPLES,6
M3 Korlátolt Felelõsségû,CONSUMER DISCRETIONARY,6
MA-GUMI MÜSZAKI GUMITERMÉK ELÖÁLLIT,NOT RELEVANT,6
MA-HARD Hajózási és Vízépítõ,INDUSTRIALS,6
MA-IMMO Holding Ingatlanbefektetési,NOT RELEVANT,6
MA-KA Takarmánykeverõ és,CONSUMER STAPLES,6
MAB Pharma Gyógyszergyártó és,HEALTH CARE,6
MAB Tarnóca Bányászati és Építõipar,MATERIALS,6
MAD WINE Kereskedelmi és,CONSUMER STAPLES,6
MAD-Hotel és Iroda,REAL ESTATE,6
MADAGRO Növénytermesztõ és,NOT RELEVANT,6
MADER Logisztikai és Szolgáltató,INDUSTRIALS,6
MAGISZ Kereskedelmi és,CONSUMER DISCRETIONARY,6
MAGLÓDI-6 INGATLANFORGALMAZÓ ÉS HAS,REAL ESTATE,6
MAGNE GROUP Egészségügyi,HEALTH CARE,6
MAGNETEC-UNGARN Mágnestechnológiai,CONSUMER DISCRETIONARY,6
MAGRIGOLD Gabonakereskedelmi,CONSUMER STAPLES,6
MAGTÁR TERMELTETÕ KERESKEDELMI,NOT RELEVANT,6
MAGYAR HORIZONT ENERGIA,ENERGY,6
MAGYAR HÚS Élelmiszer,CONSUMER STAPLES,6
MAGYAR-LENGYEL Kereskedelmi és,CONSUMER DISCRETIONARY,6
MAGYARKERESZTURI MG FALUSZÖVETKEZET,NOT RELEVANT,6
MAGYARORSZÁG,CONSUMER DISCRETIONARY,6
MAGYARÓVÁRI TIMFÖLD ÉS MÛKORUND,UTILITIES,6
MAGÁZ Magyar Gázszolgáltató,NOT RELEVANT,6
MAHART Container Center,INDUSTRIALS,6
MAHART TISZAYACHT KERESKEDELMI ÉS,CONSUMER DISCRETIONARY,6
MAHÍD 2000,NOT RELEVANT,6
MAIKE Automotive SAS,CONSUMER DISCRETIONARY,6
MAKEIT,NOT RELEVANT,6
"MAKKAI-TRANS Fuvarozó,",INDUSTRIALS,6
MAKOMA Szolgáltató Korlátolt,NOT RELEVANT,6
MAKÓI Szolgáltató Nonprofit Zártkör,CONSUMER DISCRETIONARY,6
MAKÓKER-TÉSZ Makó Térségi Zöldségte,NOT RELEVANT,6
MAL Magyar Alumínium Termelõ és,MATERIALS,6
MALTACOURT HUNGARY,NOT RELEVANT,6
MALÉV GH Földi Kiszolgáló,NOT RELEVANT,6
MAM,HEALTH CARE,6
MAN Kamion es Busz Kereskedelmi,CONSUMER DISCRETIONARY,6
MANAGEMENT,REAL ESTATE,6
MANGRO,NOT RELEVANT,6
MANIFESZT 2003 Építõipari és,NOT RELEVANT,6
MANIK-Invest Korlátolt,INDUSTRIALS,6
MANOR HUNGARY Ingatlanfejlesztõ,NOT RELEVANT,6
MANÓ KÖNYVEK KIADÓ,CONSUMER DISCRETIONARY,6
MARCALI FÜRDÕ Korlátolt,NOT RELEVANT,6
MARCALI MEZÕGAZDASÁGI,CONSUMER STAPLES,6
MARCHEKOM Kereskedelmi és,INDUSTRIALS,6
MARESI FOODBROKER Kereskedelmi,CONSUMER STAPLES,6
MARK Consulting Ingatlan és Vagyonk,REAL ESTATE,6
MARK-ET Holding Vagyonkezelõ,REAL ESTATE,6
MAROLT Kereskedelmi és,NOT RELEVANT,6
MAROSHEGYI BERUHÁZÓ VIZIKÖZMÜ,NOT RELEVANT,6
MAROSINVEST Befektetõ és Tanácsadó,INDUSTRIALS,6
MARSH ESTATES Magyarország Ingatlan,NOT RELEVANT,6
MARTIN METALS,INDUSTRIALS,6
MARTONI HUNGARIA Kereskedelmi és Fu,INDUSTRIALS,6
MARY-KER Pasta Tésztagyártó és,CONSUMER STAPLES,6
MARZEK KNER PACKAGING Csomagolóanya,MATERIALS,6
MASELIS HUNGÁRIA GABONAFELDOLG.KFT.,NOT RELEVANT,6
MASKARA-HUNGARY KER.-I ÉS,NOT RELEVANT,6
MASPED,NOT RELEVANT,6
MASPED ANNAGORA Beruházó és,NOT RELEVANT,6
MASPED-RAIL,NOT RELEVANT,6
MASTER-COMP Kereskedelmi,INFORMATION TECHNOLOGY,6
MASTER-COPY,NOT RELEVANT,6
MASTER-OFFICE IRODATECHNIKA,CONSUMER DISCRETIONARY,6
MASTERPLAST,INDUSTRIALS,6
MASTERPROFIL Gyártó és,INDUSTRIALS,6
MATE Magyar Tejkereskedõház,CONSUMER STAPLES,6
MATERIÁL FLEX-TEX INTERNATIONAL KER,NOT RELEVANT,6
MATKOS Holding Korlátolt Felelõsség,COMMUNICATIONS,6
MATUSZ-VAD Kereskedelmi és Húsfeld,CONSUMER STAPLES,6
MATZKO ÉS MATZKO NEMZETKÖZI ÉS BELF,NOT RELEVANT,6
MAUS Kereskedelmi és Szolgáltató,CONSUMER STAPLES,6
MAVIR MAGYAR VILLAMOSENERGIA-IPARI,UTILITIES,6
MAX Technologies Zártkörûen,INDUSTRIALS,6
MAXABO Kereskedelmi és,CONSUMER DISCRETIONARY,6
MAXX POWER Kereskedelmi,NOT RELEVANT,6
MAZAJ MEDIA Kereskedelmi és,INDUSTRIALS,6
MB Energy Korlátolt Felelõsségû,INDUSTRIALS,6
"MB-Miskolc Kereskedelmi,",NOT RELEVANT,6
MBM,CONSUMER DISCRETIONARY,6
MBM ENTERIÕR Építõipari és Bútorker,NOT RELEVANT,6
MBT Magyarország KFt.,NOT RELEVANT,6
MBW Korlátolt Felelõsségû,CONSUMER STAPLES,6
MCD Zenesarok Kereskedelmi,FINANCIALS,6
MCE Nyiregyhaza,INDUSTRIALS,6
MCF-PETROL KERESKEDELMI ÉS,NOT RELEVANT,6
MCM Beton,MATERIALS,6
MCS Fõvállalkozói és Consulting,INDUSTRIALS,6
"MDO Kereskedelmi Kft. ""F.A.""",CONSUMER DISCRETIONARY,6
MEAL-TRADE Szállítási és,CONSUMER STAPLES,6
MEAT PRO-MAX Termelõ és,CONSUMER STAPLES,6
MEAT ÉLELMISZERIPARI-FELDOL,CONSUMER STAPLES,6
MEAT Élelmiszeripari és,CONSUMER STAPLES,6
MECSET-HÁGÓ DELIKÁT,NOT RELEVANT,6
MEDCENTER Egészségügyi és,HEALTH CARE,6
MEDICAL CARE MAGYARORSZÁG,HEALTH CARE,6
MEDICAL HUNGARY,HEALTH CARE,6
MEDICAL SERVICES Egészségügyi,HEALTH CARE,6
MEDIQ DIREKT Gyógyászati Segédeszkö,HEALTH CARE,6
MEDISO Orvosi Berendezés Fejlesztõ,HEALTH CARE,6
MEGA-LINE Szolgáltató és Szállítmá,FINANCIALS,6
MEGA-SPED SZOLGÁLTATÓ ÉS,NOT RELEVANT,6
MEGA-TRANSPORT FUVAROZÓ ÉS KERESKE,INDUSTRIALS,6
MEGADELTA,INDUSTRIALS,6
MEGAHOLZ Kereskedelmi és,NOT RELEVANT,6
MEGAKALOR Kazángyártó és,NOT RELEVANT,6
MEGAPARK INKUBÁTORHÁZ KHT.,NOT RELEVANT,6
MEGASZOLG Mezõgazdasági és,CONSUMER STAPLES,6
MEGATHERM Kereskedelmi Korlátolt,INDUSTRIALS,6
MEGATREND INFORMATIKAI,NOT RELEVANT,6
MEGGYFARM,NOT RELEVANT,6
MEGYEI EGÉSZSÉGÜGYI Vagyonkezelõ,FINANCIALS,6
MEININGER Hotel Hungary Korlátolt,REAL ESTATE,6
MELECS EWS GmbH & Co KG Magyarorszá,INFORMATION TECHNOLOGY,6
MELINDA U 57-59,FINANCIALS,6
"MELIORÁCIÓS, REKULTIVÁCIÓS ÉS KÖRNY",NOT RELEVANT,6
MELÓ-DIÁK DÉL ISKOLASZÖVETKEZET,INDUSTRIALS,6
MELÓ-DIÁK ORSZ. DIÁKVÁLLK.SZERV.KFT,NOT RELEVANT,6
MENEDZSER-20 Szolgáltató,NOT RELEVANT,6
MENTO KÖRNYEZETKULTÚRA,INDUSTRIALS,6
MER-KEL FILM Kulturális Szolgáltatá,NOT RELEVANT,6
MERCENT Kereskedelmi és,NOT RELEVANT,6
MERCI Kereskedelmi és Szolgáltató,CONSUMER STAPLES,6
MERDOR Holding Vagyonkezelõ,REAL ESTATE,6
"MERKAPT Építõipari, Szolgáltató",INDUSTRIALS,6
MERLIN GERIN ZALA Villamossági Kész,NOT RELEVANT,6
MERLIN TRADE Kersekedelmi és,INDUSTRIALS,6
MERSEI JÓZSEF,NOT RELEVANT,6
MERSITS és TÁRSA Kereskedelmi és,CONSUMER DISCRETIONARY,6
MERT KELL Kereskedelmi,NOT RELEVANT,6
MESTER+PLUSZ Kereskedelmi és,NOT RELEVANT,6
MESTER-AGRO Növénytermesztési,CONSUMER STAPLES,6
MESZLÉNYI-AUTÓ,CONSUMER DISCRETIONARY,6
MET Hungary Solar Park,UTILITIES,6
MET SOLAR PARK,UTILITIES,6
METAL HOLDING Vagyonkezelõ Zrt. F.A,NOT RELEVANT,6
METALCONSTRUCT Alumíniumszerkezetek,NOT RELEVANT,6
METALL-ELEKTRIC KER. ÉS,NOT RELEVANT,6
METALLIC Kereskedelmi,MATERIALS,6
METALSERVICE,NOT RELEVANT,6
METALUX - GENERALCOOP IPARI ÉS,NOT RELEVANT,6
METO-ÉPITÕ,NOT RELEVANT,6
METRO Kereskedelmi,CONSUMER STAPLES,6
METSPA BESZERZÉSI ÉS KERESK.KFT,INDUSTRIALS,6
METs Hungary Médiaügynökség,CONSUMER DISCRETIONARY,6
METÁL-RAPID Kereskedelmi és Építõ,NOT RELEVANT,6
MEVI Termelõ és Kereskedelmi,CONSUMER STAPLES,6
MEZ-GÉP Mezõgazdasági és,INDUSTRIALS,6
MEZEI-VILL Villamosipari,INDUSTRIALS,6
MEZÕCOOP 2000,CONSUMER STAPLES,6
MEZÕCSIR Baromfitenyésztõ,CONSUMER STAPLES,6
MEZÕFARM MEZÕG.-I SZOLG. KFT.,NOT RELEVANT,6
MEZÕSZÖV Mezõgazdasági Szövetkezeti,CONSUMER DISCRETIONARY,6
MEZÕTERM,CONSUMER STAPLES,6
MEZÖGAZDASÁGI GÉPGYÁR,INDUSTRIALS,6
MF CARGO Szallitmanyozasi,INDUSTRIALS,6
MFB Invest Befektetési és,INDUSTRIALS,6
MFT Metall-Form-Technik Aluminiumme,INDUSTRIALS,6
MFW Szakipari,INDUSTRIALS,6
MFuture Hungary Reklámszolgáltatáso,CONSUMER DISCRETIONARY,6
MG-Családi Mezõgazdasági Termelõ,CONSUMER STAPLES,6
MG-Termelõ Szolgáltató és,CONSUMER STAPLES,6
"MG-V Mezõgazd.,Termelõ és Termeltet",CONSUMER STAPLES,6
MG.PRODUKT Kereskedelmi,CONSUMER STAPLES,6
MGM OIL Ipari és Kereskedelmi,CONSUMER DISCRETIONARY,6
MGTR Alliance Korlátolt,INDUSTRIALS,6
MGTR-INVESTMENTS Vagyonkezelõ,FINANCIALS,6
MH Auchan Benzinkutak Korlátolt,CONSUMER DISCRETIONARY,6
MH Depo,CONSUMER STAPLES,6
MH Scarbantia Hotel Kereskedelmi,REAL ESTATE,6
MHC Mobility Magyarországi Fióktele,FINANCIALS,6
MHM Computer Hungária,INFORMATION TECHNOLOGY,6
MI Connect Group Szolgáltató,CONSUMER DISCRETIONARY,6
MI Hungary Korlátolt Felelõss,HEALTH CARE,6
MI Hungary Korlátolt Felelõsségû Tá,HEALTH CARE,6
MIB HUNGARY BIZTOSÍTÁSI ALKUSZ,NOT RELEVANT,6
MIB Property Korlátolt,REAL ESTATE,6
MICHELIN Hungária Abroncsgyártó,CONSUMER DISCRETIONARY,6
MICOREX TH Kereskedelmi és,INDUSTRIALS,6
MICZO Kereskedelmi és Szolgáltató,INDUSTRIALS,6
MIELL Quality Korlátolt,INDUSTRIALS,6
MIFÛ Miskolci Fûtõerõmû,NOT RELEVANT,6
MIKLÓS-INVESZT INGATLANHASZNOSÍTÓ,FINANCIALS,6
MIKROPAKK Mûanyag- és Fémfeldolgozó,MATERIALS,6
MILL Malomipari Zrt.,NOT RELEVANT,6
MILLENIUM BAU H.B. 2000,NOT RELEVANT,6
MILOS SPEDÍCIÓ KFT-F.A.,INDUSTRIALS,6
MILSPED HUNGARY,INDUSTRIALS,6
MILTON HOLDING Vagyonkezelõ,INDUSTRIALS,6
MILÁRIÓ Kereskedelmi és,CONSUMER STAPLES,6
MINDIMMO,FINANCIALS,6
MINDSHARE MÉDIAÜGYNÖKSÉG,CONSUMER DISCRETIONARY,6
MINDSZENTGODISAI AGROTERM,NOT RELEVANT,6
"MINETECH Gépgyártó, Kereskedelmi",INDUSTRIALS,6
MINIMAX MÛSORSZOLGÁLTATÓ,CONSUMER DISCRETIONARY,6
MINORHOLDING VAGYONKEZELÕ ZRT.,INFORMATION TECHNOLOGY,6
"MINOS-2002 Építõipari,",NOT RELEVANT,6
"MINOS-BAU Építõipari,Kereskedelmi",NOT RELEVANT,6
MIP Alapanyaggyártó Zártkörûen Mûkö,MATERIALS,6
MIRELIT-EXPRESS KER. ÉS SZÁLL.,NOT RELEVANT,6
MISCHEK HUNG. Beruh. és Vagyonk.Kft,NOT RELEVANT,6
MISKOLC SZENTPÉTERI-KAPUI II SZ LAK,REAL ESTATE,6
MISURÁK SÁNDOR,NOT RELEVANT,6
MISVASKER Kereskedelmi és,NOT RELEVANT,6
MITSZÉ,NOT RELEVANT,6
MIVAS Miskolci Vasudvar,CONSUMER STAPLES,6
MIVAS-MÁTRA Kft.,CONSUMER DISCRETIONARY,6
MIVAS-TRIÓ Kereskedelmi és,CONSUMER DISCRETIONARY,6
MIVAS-ÉSZAK,CONSUMER DISCRETIONARY,6
MIX Takarmányipari,NOT RELEVANT,6
MIXEM Real Estate,REAL ESTATE,6
MIXTURA PATIKA,CONSUMER STAPLES,6
MIZIK ÉS TÁRSA,NOT RELEVANT,6
MK,CONSUMER STAPLES,6
MKB Magyar-Kínai Barátság Mezõgazda,CONSUMER STAPLES,6
ML Csepel,REAL ESTATE,6
MLD INVEST INGATLANHASZNOSÍTÓ,REAL ESTATE,6
MLI VASKER ACÉLSZERKEZETGYÁRTÓ ÉS,MATERIALS,6
MM Gloria,CONSUMER STAPLES,6
MM Méhészeti,NOT RELEVANT,6
MMG Autó-és Domotechnikai,CONSUMER DISCRETIONARY,6
MMM 2020 Szállítmányozási,INDUSTRIALS,6
MMS Communications Hungary,CONSUMER DISCRETIONARY,6
MNTX Kereskedelmi,NOT RELEVANT,6
MOBIL PETROL,REAL ESTATE,6
MOBIUSZ Kereskedelmi,CONSUMER STAPLES,6
MOCCA NEGRA Élelmiszeripari és,CONSUMER STAPLES,6
MOD Számítástechnikai,CONSUMER DISCRETIONARY,6
MODELL & HOBBY Kereskedelmi és,CONSUMER DISCRETIONARY,6
MODIVO HUNGARY Korlátolt,CONSUMER DISCRETIONARY,6
MOGYI Kereskedelmi,CONSUMER STAPLES,6
MOHU MOL Hulladékgazdálkodási,INDUSTRIALS,6
MOHÁCS Lakásfenntartó,REAL ESTATE,6
MOL Campus Korlátolt Felelõsségû,REAL ESTATE,6
MOL IT & Digital GBS Magyarország,INFORMATION TECHNOLOGY,6
MOL Nyrt. Különleges Munkavállalói,FINANCIALS,6
MOL Petrolkémia,MATERIALS,6
MOL-LUB Kenõanyag Gyártó Forgalmazó,ENERGY,6
MOLNÁR G. Köztisztasági gépek keres,INDUSTRIALS,6
MOLNÁR-KÕ BÁNYÁSZATI K.,NOT RELEVANT,6
MOLTRADE-MINERALIMPEX,INDUSTRIALS,6
MOM Sensors Kotlátolt Felelõsségû,NOT RELEVANT,6
MOMERT Magyar Optikai Mûvek Elektro,NOT RELEVANT,6
MONAX,CONSUMER STAPLES,6
MONO-PLANT,CONSUMER STAPLES,6
MONOPOLY'S KER.VENDL.SZOLG.ÜGYN.KFT,INDUSTRIALS,6
MONOPOLYS,NOT RELEVANT,6
MONSANTO Hungária Kft. - technikai,CONSUMER STAPLES,6
MONT-ORG Vállalkozó és Kereskedõ,NOT RELEVANT,6
MONTANA Tudásmenedzsment Rendszeri,INFORMATION TECHNOLOGY,6
MOONS Ingatlanforgalmazó,NOT RELEVANT,6
MOROKO-FARM,CONSUMER STAPLES,6
MOSZEF 2006. INGATLANKEZELÕ,NOT RELEVANT,6
MOSZKVAI ÖNKORMÁNYZAT,NOT RELEVANT,6
MOTA-ENGIL MAGYARORSZÁG Beruházási,NOT RELEVANT,6
MOTIM-ALTUS,MATERIALS,6
MOTOR-CAR SOPRON AUTÓHÁZ,CONSUMER DISCRETIONARY,6
MOTOR-CLASSIC Zártkörûen Mûködõ,CONSUMER DISCRETIONARY,6
MOTOR.PEDO Kereskedelmi és,NOT RELEVANT,6
MOTORFOX KERESKEDELMI ÉS SZOLG.KFT,REAL ESTATE,6
MOTORS,CONSUMER DISCRETIONARY,6
MOTORS Gépjármûkereskedelmi,CONSUMER DISCRETIONARY,6
MOTORSPORT TEAM EGYESÜLET,CONSUMER DISCRETIONARY,6
MOVE Rehabilitációs Ipari és,CONSUMER DISCRETIONARY,6
MOZAIK KIADÓ és Oktatási Stúdió Kor,COMMUNICATIONS,6
MOZDONYVEZETÖK SZAKSZERVEZETE,NOT RELEVANT,6
MOZSÓ-PETROL Kereskedelmi és,NOT RELEVANT,6
"MP WIDENTA Kereskedelmi,",INDUSTRIALS,6
MP-CLAN Kereskedelmi és,NOT RELEVANT,6
MPF,INDUSTRIALS,6
MPF META Logisztikai és,INDUSTRIALS,6
MPF-FÉG Korlátolt Felelõsségû,CONSUMER DISCRETIONARY,6
MPG Zrt.,CONSUMER STAPLES,6
MPH Power,CONSUMER DISCRETIONARY,6
MRKT PADLÓ,INDUSTRIALS,6
MS E-Commerce Kereskedelmi Kft. - t,CONSUMER DISCRETIONARY,6
MS Energy Holding Zártkörûen,UTILITIES,6
MSD Pharma Hungary Kft. - technikai,HEALTH CARE,6
MSRV,NOT RELEVANT,6
MT-GÉP-KER Mezõgazdasági termék,CONSUMER STAPLES,6
MULTI-HÁZ,NOT RELEVANT,6
MULTI-TURBÓ Autójavító És,CONSUMER DISCRETIONARY,6
MULTICON KFT.,NOT RELEVANT,6
"MULTIEXPRESS Szállítmányozási,",INDUSTRIALS,6
MULTIFOOD 2000 Élelmiszeripari Gyár,NOT RELEVANT,6
MURUS Fõvállalkozó és Generálkivite,INDUSTRIALS,6
MURUS Mélyépítõ és Közmû-kivitelezé,NOT RELEVANT,6
MVM,UTILITIES,6
MVM ONEnergy Zártkörûen Mûködõ,NOT RELEVANT,6
MYLAN,INDUSTRIALS,6
MacDermid Hungary,INFORMATION TECHNOLOGY,6
Madera - Holz Faipari,CONSUMER DISCRETIONARY,6
Madách Imre u. 23.,REAL ESTATE,6
Madách Téri Gyógyszertár,CONSUMER STAPLES,6
Madách utca 2. sz.,REAL ESTATE,6
Madách út 6.,REAL ESTATE,6
Maerklin-Hungaria Termelési,CONSUMER DISCRETIONARY,6
Magau Gyógyszertár,CONSUMER STAPLES,6
Magna Catering Vendéglátó és,CONSUMER DISCRETIONARY,6
Magna Steyr ECH Kft.,NOT RELEVANT,6
Magnum Hungaria Invest Építõipari,REAL ESTATE,6
Magtár Plussz,NOT RELEVANT,6
Magvetõ Könyvkiadó és,NOT RELEVANT,6
Magyar Befektetõi,INDUSTRIALS,6
Magyar Erõmûvek Korlátolt Felelõssé,INFORMATION TECHNOLOGY,6
"Magyar Gombabörze Termelõi,",CONSUMER STAPLES,6
Magyar Gyümölcsfeldolgozó és G,CONSUMER STAPLES,6
Magyar Modellezésért Program,NOT RELEVANT,6
Magyar Olaj- és Gázipari Nyrt.,ENERGY,6
Magyar Posta,INDUSTRIALS,6
Magyar Szénhidrogén Készletezõ Szöv,ENERGY,6
Magyar Telekom,COMMUNICATIONS,6
Magyar Telekom Távközlési Nyilvános,COMMUNICATIONS,6
Magyar u. 24.,REAL ESTATE,6
Magyar Áramszolgáltató Kft. - techn,UTILITIES,6
Magyar-Francia Kereskedelmi és Ipar,INDUSTRIALS,6
Magyar-Pádár Ingatlanforgalmazó,REAL ESTATE,6
Magyarország,CONSUMER STAPLES,6
Magyarország,INDUSTRIALS,12
Magyarország Kisállateledel Gy,CONSUMER STAPLES,6
Magyarország Környezetvédelem,INDUSTRIALS,6
Magyarország Produkciós és,NOT RELEVANT,6
Magyarország Speciális Mélyép,INDUSTRIALS,6
Magyarország Termelõ,CONSUMER DISCRETIONARY,6
Magyarország Társasági,INDUSTRIALS,6
Magyarország Építõipari Zártk,INDUSTRIALS,6
Magyarország Értékesítõ,CONSUMER STAPLES,6
Magyarországi Autonóm Orthodox Izra,INDUSTRIALS,6
Magánklinika Korlátolt Fe,HEALTH CARE,6
Mahart,INDUSTRIALS,6
Major,CONSUMER DISCRETIONARY,6
Makk József,CONSUMER DISCRETIONARY,6
Makó Návay Lajos Tér 10.,FINANCIALS,6
Makó u. 1-3-5-7-9.,FINANCIALS,6
Makó u. 1-3-5-7-9.,REAL ESTATE,6
Makó u. 10. szám alatti,REAL ESTATE,6
Makó u. 11.,REAL ESTATE,6
Makó u. 16.,FINANCIALS,6
Makó u. 2. szám alatti,REAL ESTATE,6
Makó u. 3,REAL ESTATE,6
Makó és Térsége Ivóvízminõség-javít,INDUSTRIALS,6
"Makó, Rudnay Gyula u. 1-3.",REAL ESTATE,6
"Makó-Inno Szolgáltató Kft. ""B.A.""",INDUSTRIALS,6
Makó-Térségi Viziközmû,UTILITIES,6
Makói Gyógyfürdõért,NOT RELEVANT,6
Malchut Grex Kereskedelmi,NOT RELEVANT,6
Malom u. 12-14.,REAL ESTATE,6
Malom u. 23.,REAL ESTATE,6
Malomkõ u. 2. számú,REAL ESTATE,6
Malév Magyar Légiközlekedési Zrt.,INDUSTRIALS,6
Management,REAL ESTATE,6
Management Szolgáltató,INDUSTRIALS,6
Mancsi János,NOT RELEVANT,6
Mangal Ilona Sertéshízlalda,CONSUMER STAPLES,6
Manitol Invest Ingatlanforgalmazó,NOT RELEVANT,6
Manitu Solar Korlátolt,CONSUMER DISCRETIONARY,6
Manticor,INDUSTRIALS,6
Manufacturing,CONSUMER DISCRETIONARY,6
Manufacturing Hungary,CONSUMER DISCRETIONARY,6
Manzárd Catering Vendéglátóipari,CONSUMER DISCRETIONARY,6
Marcal Flow,UTILITIES,6
Margit MDM Egészségügyi,HEALTH CARE,6
Margit krt.,REAL ESTATE,6
MarilyNails,CONSUMER STAPLES,6
Marina Part Beach,NOT RELEVANT,6
Market Korlátolt,HEALTH CARE,6
Market Építõ,INDUSTRIALS,6
Markovszky György,NOT RELEVANT,6
Markt Budaörs,CONSUMER DISCRETIONARY,6
Markt Magyarország,CONSUMER DISCRETIONARY,6
Markóth,NOT RELEVANT,6
Maros Gyógyszerészeti,CONSUMER STAPLES,6
"MarosPub Vendégl.,Ker.és Szolg.Kft.",NOT RELEVANT,6
Marosmenti Cigányok Integrációját,NOT RELEVANT,6
Marsai,NOT RELEVANT,6
Marso,CONSUMER DISCRETIONARY,6
Marso Leasing Autópark-kezelõ Korlá,FINANCIALS,6
Mart Építõipari Kereskedelmi,INDUSTRIALS,6
Martin Metals Kereskedelmi Korlátol,MATERIALS,6
Martinovics u. 20-22-24,REAL ESTATE,6
Mary-Ker. Kft. Általános,CONSUMER STAPLES,6
Maschinenring Magyarország,INDUSTRIALS,6
Masped Logisztika Logisztikai és Vá,NOT RELEVANT,6
Masterplast,INDUSTRIALS,6
Masterplast Membrane Korlátolt,CONSUMER DISCRETIONARY,6
Matic Ipari Szolgáltató,MATERIALS,6
Matricon SA,NOT RELEVANT,6
Matusz Péter,NOT RELEVANT,6
Matók,NOT RELEVANT,6
Matókné Kósa Ilona Mária,COMMUNICATIONS,6
"Mauri Utazási, Kereskedelmi és",CONSUMER DISCRETIONARY,6
Maurice Ward & Co. Kereskedelmi,INDUSTRIALS,6
Max MoBil Parts Kereskedelmi és,CONSUMER DISCRETIONARY,6
Max-Magyar Mûanyagfröccsöntõ,CONSUMER DISCRETIONARY,6
Maximize Médiaügynökség,CONSUMER DISCRETIONARY,6
Mazsu,NOT RELEVANT,6
Mazák,NOT RELEVANT,6
Mc' Free Reklámügynökség,NOT RELEVANT,6
MeProTech,NOT RELEVANT,6
Meat-Land 65 Kereskedelmi és,CONSUMER STAPLES,6
Mecsek,CONSUMER DISCRETIONARY,6
Mecsek Autópálya-üzemeltetõ,INDUSTRIALS,6
Mecsek Fuszert,CONSUMER STAPLES,6
Mecsekerdõ,NOT RELEVANT,6
Med-Opticus Kerseskedelmi és,CONSUMER DISCRETIONARY,6
MedWater Ingatlan- és Gyógyvízhaszn,INDUSTRIALS,6
Medexpo Trade Korlátolt,NOT RELEVANT,6
Medicontur Orvostechnikai,NOT RELEVANT,6
Medinow Korlátolt Felelõsségû,CONSUMER DISCRETIONARY,6
Mediprop Korlátolt Felelõsségû,NOT RELEVANT,6
Mediterrán Fészek Ker. és Szolg.,INDUSTRIALS,6
Mediterrán-Sea,REAL ESTATE,6
Mednyánszky László u. 5.,FINANCIALS,6
"Mega Fuvarozo es Kereskedelmi Kft """,INDUSTRIALS,6
Mega-Flotta Kft.,INDUSTRIALS,6
Megoldás Pro Abszolút Ho,NOT RELEVANT,6
Megyei Jogú Városok Szövetsége,NOT RELEVANT,6
Megyer 1031,FINANCIALS,6
Meleghy Automotive Hungary,CONSUMER DISCRETIONARY,6
Mepet,INDUSTRIALS,6
Mercarius Flottakezelõ,INDUSTRIALS,6
Mercury Magyarország ImpEx,INFORMATION TECHNOLOGY,6
Meritus Group Tanácsadó,INDUSTRIALS,6
Merkbau Építõipari és,INDUSTRIALS,6
Merlion Tech,CONSUMER DISCRETIONARY,6
"Mester utca 12-14., Sport",REAL ESTATE,6
Mester utca 40-44. szám,REAL ESTATE,6
Meszi-Trans Kereskedelmi es Szolgal,INDUSTRIALS,6
Meta-Focus Kereskedelmi és,INDUSTRIALS,6
Metal Ipari és,NOT RELEVANT,6
Metal Trading Center,MATERIALS,6
"Metal-Car Hungária Gépjármûkezelõ,",INDUSTRIALS,6
Metal-FOR Kereskedelmi és,INDUSTRIALS,6
Metal-For,INDUSTRIALS,6
MetalCom Közép-Európai Technológiai,NOT RELEVANT,6
Metaltech,INDUSTRIALS,6
Metis Korlátolt,UTILITIES,6
Metsä Wood Hungary Faipari és,MATERIALS,6
Metál András,NOT RELEVANT,6
Metál Hungária,INDUSTRIALS,6
Mezei Tikszem Mezõgazdasági,CONSUMER STAPLES,6
Mezofalvai Mezogazdasagi Term. es,NOT RELEVANT,6
Mezogazdasagi,CONSUMER STAPLES,6
Mezogazdasagi Szolgaltato Szovetkez,NOT RELEVANT,6
Mezõ Róbert,NOT RELEVANT,6
Mezõfalvi Szennyvízberuzázó,NOT RELEVANT,6
Mezõfi utca 1-12.,FINANCIALS,6
Mezõgabona Mezõgazdasági és,NOT RELEVANT,6
Mezõgazdasági Szövetkezõk és,NOT RELEVANT,6
Mezõker Invest,MATERIALS,6
Mezõkövesdi Gondozási Alapítvány,HEALTH CARE,6
Mezõszentgyörgyi Agrár Termelõ-,CONSUMER STAPLES,6
Mezõtúri Intézményellátó és Ingatla,INDUSTRIALS,6
Michaely Michael,NOT RELEVANT,6
Microsoft Magyarország Számítástech,INFORMATION TECHNOLOGY,6
Midász Property Ingatlanfejlesztõ,NOT RELEVANT,6
Mihalics,NOT RELEVANT,6
Mihalik,NOT RELEVANT,6
Mihály,NOT RELEVANT,24
Mihály u. 1. sz.,REAL ESTATE,6
"Mihály Általános Iskola, Óv",CONSUMER DISCRETIONARY,6
Mikes Kelemen u. 2-8. sz.a.,REAL ESTATE,6
Miklós,NOT RELEVANT,12
"Miklósfai Mezõgazdasági Termelõ,",CONSUMER STAPLES,6
"Miklósi-Hús Élelmiszeripari,",NOT RELEVANT,6
Miklósmajori Mezõgazda,CONSUMER STAPLES,6
Mikroklinik Korlátolt Felelõsségû,HEALTH CARE,6
Mikszáth K. u. 4.,REAL ESTATE,6
Mikszáth Kálmán u. 2b. sz.,FINANCIALS,6
Miliana Property,REAL ESTATE,6
Milk Korlátolt Felelõsségû,CONSUMER STAPLES,6
Miller Logisztika,INDUSTRIALS,6
Milos Holding Vagyonkezelõ,NOT RELEVANT,6
Milton Investment,NOT RELEVANT,6
Mindentment,HEALTH CARE,6
Mindig Kocka Korlátolt,CONSUMER DISCRETIONARY,6
Mindspire Consulting Zártkörûen,INFORMATION TECHNOLOGY,6
Mineral Petrol ZRt.,CONSUMER DISCRETIONARY,6
Minor Elektronika,INFORMATION TECHNOLOGY,6
Minor Számtech.Rendsz.,INFORMATION TECHNOLOGY,6
Minusz Diszkont Kereskedelmi és,NOT RELEVANT,6
Miravo Vagyonkezelõ Zártkörûen Mûkö,REAL ESTATE,6
Mirbesz Kereskedelmi,CONSUMER STAPLES,6
Misau Gyógyszertár,CONSUMER STAPLES,6
Miskolc,CONSUMER DISCRETIONARY,6
Miskolc Autohaz,CONSUMER DISCRETIONARY,6
Miskolc Avas-Dél III. ü. 340 j. -,REAL ESTATE,6
"Miskolc, Szemere u. 5. sz.",REAL ESTATE,6
Miskolci út 149-151.,FINANCIALS,6
Miszkuj,NOT RELEVANT,6
Mitcham Europe Korlátolt,INDUSTRIALS,6
Mix Építõipari Korlátolt,INDUSTRIALS,6
Mixtura 36 Gyógyszertár Betéti,CONSUMER STAPLES,6
Mizere Zsolt,NOT RELEVANT,6
Mobil Megoldas Flotta Szolgaltato e,FINANCIALS,6
Mobile Online Kereskedelmi és,CONSUMER DISCRETIONARY,6
"Mocsai Búzakalász Mezõgazdasági,",CONSUMER STAPLES,6
Modul,REAL ESTATE,6
Modulhouse,INDUSTRIALS,6
"Mohács, Szentháromság",REAL ESTATE,6
Mohácsi Plusz Ingatlanbérbeadó és,REAL ESTATE,6
Molaris Élelmiszeripari és,CONSUMER STAPLES,6
Moldován & Fia Befektetési,CONSUMER STAPLES,6
Molnar,MATERIALS,6
Molnar-Farm Termelo Szolgaltato es,CONSUMER STAPLES,6
Molnar-Gep Mezogazdasagi,CONSUMER STAPLES,6
Molnár,NOT RELEVANT,18
Molnár Barna,NOT RELEVANT,6
Molnár MDM Egészségügyi,HEALTH CARE,6
Molnár u. 3-5. sz.,REAL ESTATE,6
Molnár u. 4-6.,REAL ESTATE,6
Moneystar,NOT RELEVANT,6
Mongol-Agrár Mezõgazdasági Termelõ-,CONSUMER STAPLES,6
Monolit Ipari és,INDUSTRIALS,6
Monster Code Hungary Korlátolt Fele,INFORMATION TECHNOLOGY,6
Monugast Kereskedelmi és,NOT RELEVANT,6
Monyo Brewing,CONSUMER STAPLES,6
Moratus Szerkezetépítõ,INDUSTRIALS,6
More Than Solution Kommunikációs Üg,CONSUMER DISCRETIONARY,6
Morgos Zoltán,NOT RELEVANT,6
Morrison Vagyonkezelõ,REAL ESTATE,6
Mosoly u. 31. sz.,FINANCIALS,6
"Mosonmagyaróvár, Dobó Katica u.",REAL ESTATE,6
Motech Acélszerkezet-,INDUSTRIALS,6
Motivating Graphics Hungary,INDUSTRIALS,6
Motor Duna,CONSUMER DISCRETIONARY,12
Motor Pest,CONSUMER DISCRETIONARY,6
Motoros Szív a Gyerekekért,NOT RELEVANT,6
Motors Group,CONSUMER DISCRETIONARY,6
Mounge Ingatlanforgalmazó és,NOT RELEVANT,6
Mountex Trade Kereskedelmi,CONSUMER DISCRETIONARY,6
Mozgókép Közalapítvány Techn,NOT RELEVANT,6
Mrázik,NOT RELEVANT,6
Mrázik Sándor,CONSUMER STAPLES,6
"Multi Alarm Biztonságtechnikai, Fej",INDUSTRIALS,6
Multimedia Magyarorszag Kft.,NOT RELEVANT,6
Munka-Erõ Kölcsönzõ és Közvetítõ,INDUSTRIALS,6
Munkavállalói Résztulajdon,CONSUMER STAPLES,6
Munkavállalók I. számú Különleg,FINANCIALS,6
Munkavállalók II. számú Különle,FINANCIALS,6
Munkácsy Mihály,REAL ESTATE,6
Muraközy Csaba,NOT RELEVANT,6
Muramenti Horvátok,NOT RELEVANT,6
Muravölgyi Dániel,CONSUMER DISCRETIONARY,6
Murvai Sándor,CONSUMER STAPLES,6
Murza Bertalan,NOT RELEVANT,6
My Audio Arena,INDUSTRIALS,6
MyCity Residential Development,REAL ESTATE,6
MyCo Inc. Korlátolt Felelõsségû,REAL ESTATE,6
MyEnergy Korlátolt,UTILITIES,6
Mylan Hungary Kft. -,INDUSTRIALS,6
Mythos Ingatlan Korlátolt,REAL ESTATE,6
MÁDI Ingatlanbefektetõ,NOT RELEVANT,6
MÁJUS 1 U 41 SZ,REAL ESTATE,6
MÁJUS 1 U 43,FINANCIALS,6
MÁJUS 1. AGRÁR,CONSUMER STAPLES,6
MÁK-INVEST Ingatlanhasznosító és,FINANCIALS,6
MÁRC. 15. U. 28-46.,FINANCIALS,6
MÁRCIUS 15 LAKÁSFENNTARTO SZÖVETKEZ,REAL ESTATE,6
MÁTRAFÛTÕBER ÉPÜLETGÉPÉSZETI,NOT RELEVANT,6
MÁTYÁS KIRÁLY U.1-5.TÁRSASHÁZ,FINANCIALS,6
MÁTÉ JÁNOS,NOT RELEVANT,6
MÁV,INDUSTRIALS,6
MÁV Szolgáltató Központ,INFORMATION TECHNOLOGY,6
MÁVÉPCELL Mély-Magas és Vasutépítõ,INDUSTRIALS,6
MÉDIA-PRESS'91 Nyomdaipari és,NOT RELEVANT,6
MÉH Hulladékgazdálkodási és Környez,NOT RELEVANT,6
MÉSZÁROS RUDOLF,NOT RELEVANT,6
MÓRAAGRO Kereskedelmi és,MATERIALS,6
MÓRAKERT Zöldség-Gyümölcs Termelõi,CONSUMER STAPLES,6
MÛKORUND GYÁRTÓ ÉS ÉRTÉKESÍTÕ,MATERIALS,6
Mádi-Liget Ingatlanbefektetõ,REAL ESTATE,6
Mádlné Csuti Anikó,NOT RELEVANT,6
Mágnás IT Holding,INDUSTRIALS,6
Május 1 ut.49.Társasház Közöss,FINANCIALS,6
Május 1 út 2.,REAL ESTATE,6
Május 1 út 35-37.,FINANCIALS,6
Május 1 út 45.,REAL ESTATE,6
Május 1. tér,REAL ESTATE,6
Május 1. tér 13. szám,REAL ESTATE,6
Május 1.út.4. Társasházközössé,REAL ESTATE,6
Mályi Községért,NOT RELEVANT,6
Mándi Márton u. 5.,REAL ESTATE,6
Márbó-XXI. Kereskedelmi,NOT RELEVANT,6
Március 15. u.,FINANCIALS,6
Március 15. u. 10.,REAL ESTATE,6
Március 15. utca 1.A,REAL ESTATE,6
Március 21 Mezõgazdasági Termelõ,NOT RELEVANT,6
Mária egyéni,CONSUMER STAPLES,6
Márk Ádám Bau 2004 Építõipari,NOT RELEVANT,6
Márton,NOT RELEVANT,12
Mártírok,REAL ESTATE,6
Mártírok tere 2. sz.,REAL ESTATE,6
Mártírok u. 12.,REAL ESTATE,6
Mártírok u. 14.,REAL ESTATE,6
Mártírok u. 16.,FINANCIALS,6
Mártírok u. 17.,FINANCIALS,6
Mártírok u. 21.,REAL ESTATE,6
Mártírok u. 4-6.,REAL ESTATE,6
Mártírok u. 8.,FINANCIALS,6
Mártírok utca 25.,REAL ESTATE,6
Márvány u.,REAL ESTATE,6
Második Ingatlan Vagyonkezelõ,NOT RELEVANT,6
Mátra Cement Hungária,INDUSTRIALS,6
Mátra Energia Zártkörûen,UTILITIES,6
Mátrai Gyula u. 1.,REAL ESTATE,6
Mátramelléki Építõ Kft.,INDUSTRIALS,6
Mátyás,NOT RELEVANT,6
Mátyás Király út 9-11-13.,REAL ESTATE,6
Mátyás Pálinkaház Kereskedelmi és,CONSUMER STAPLES,6
Mátyás kir. út 12-18.,FINANCIALS,6
Mátyás király utca 34.,REAL ESTATE,6
Mátyás tér 14.,REAL ESTATE,6
Mátyás tér 17. sz.,FINANCIALS,6
Máté Norbert,NOT RELEVANT,6
Mécs László u. 10-18.,REAL ESTATE,6
Média Oktatásáért,INDUSTRIALS,6
Média Ügynökség Kereskedelmi,NOT RELEVANT,6
Médiacentrum,CONSUMER DISCRETIONARY,6
Mély- és Magasépítõ,INDUSTRIALS,6
Mélyfúró úti Vagyonkezelõ,INDUSTRIALS,6
Mélyépítõ,INDUSTRIALS,6
"Mélyépítõ, Szakértõ, Tervezõ,",INDUSTRIALS,6
Méntelep 2.,FINANCIALS,6
Méntelep 3.,REAL ESTATE,6
Mérker 2007 Kereskedelmi Fõvállalko,NOT RELEVANT,6
Mészáros Fülöp,NOT RELEVANT,6
Mészáros L. u. 44-46.,REAL ESTATE,6
Mészáros Lõrinc u. 1.,FINANCIALS,6
Mészöly G. u. 1.,REAL ESTATE,6
Méz-Világ Kereskedelmi,CONSUMER STAPLES,6
Mézesfehér u.,FINANCIALS,6
Mézesfehér u. 21,FINANCIALS,6
Mézesfehér u. 5-7,FINANCIALS,6
Mézesfehér u. 9-11-13-15,FINANCIALS,6
Mézeskalács tér 2. sz.,FINANCIALS,6
Móczár,NOT RELEVANT,6
Mónika,NOT RELEVANT,12
Móri Hõtermelõ- és Szolgáltató,UTILITIES,6
Mórichida-Rábaszentmiklós-Árpás Köz,NOT RELEVANT,6
Móricz,NOT RELEVANT,6
Móricz Zs. tér 3. Kazincb,REAL ESTATE,6
Móricz Zsigmond utca 6.,REAL ESTATE,6
Mûszaki és Természettudományi,NOT RELEVANT,6
Mûszertechnika-Holding,FINANCIALS,6
Mûvek Hajdúnánás Alkatrész-,NOT RELEVANT,6
Mûvészet az Örökségért Kulturális,NOT RELEVANT,6
Müller Drogéria Magyarország,CONSUMER STAPLES,6
Müller-Guttenbrunn Hulladékanyag,INDUSTRIALS,6
"N+N '98 Számviteli, Tanácsadó és",NOT RELEVANT,6
N-Alexander Biztosítási Alkusz,FINANCIALS,6
N-DIMENZIÓ KER.ÉS SZOLG.,NOT RELEVANT,6
NABI Gyártó és Kereskedelmi,CONSUMER DISCRETIONARY,6
NAFTA DEPO Szolgáltató Kft.,NOT RELEVANT,6
"NAGEL-DRAHT IPARI, KERESKEDELMI",NOT RELEVANT,6
NAGYAPÁTI ÉS TÁRSA KERESKEDELMI FU,NOT RELEVANT,6
NAGYHEGYES HÚS Kereskedelmi és,CONSUMER STAPLES,6
NAGYKANIZSAI VIII. SZ. LAKÁSSZÖVETK,FINANCIALS,6
NAGYKUN-HÚS Húsipari és,CONSUMER STAPLES,6
NAGYKÁTAI MG. SZÖV.,CONSUMER STAPLES,6
NAGÉV Ipari Kereskedelmi és,MATERIALS,6
NAILS Kereskedelmi és szolg,CONSUMER STAPLES,6
NAP-HÁZ,REAL ESTATE,6
NAPCSILLAG Kereskedelmi és,CONSUMER DISCRETIONARY,6
NAPHEGY Szolgáltató,CONSUMER DISCRETIONARY,6
NAPKELET Autóértékesítõ és Javít,NOT RELEVANT,6
NAPSUGÁR FARM Kereskedelmi és,CONSUMER STAPLES,6
NAPSUGÁR-TRADE Kereskedelmi és,CONSUMER STAPLES,6
NARIVO Állattenyésztõ és,CONSUMER STAPLES,6
NASZA Vezetõ- és Továbbképzõ,REAL ESTATE,6
NASZÁLYTEJ Tejfeldolgozó és,CONSUMER STAPLES,6
NATBOLÉ Gyümölcslégyártó,CONSUMER STAPLES,6
NATURA Turisztikai,CONSUMER DISCRETIONARY,6
NATURAE HORTOBÁGY Utazásszer,CONSUMER DISCRETIONARY,6
NATURAE HÕFORRÁS,CONSUMER DISCRETIONARY,6
NATURAE NAGYERDÕ,CONSUMER DISCRETIONARY,6
NATURTEX,CONSUMER DISCRETIONARY,6
NAVI KERESKEDELMI ÉS SZOLGÁLTATÓ,MATERIALS,6
NAVIGATOR INFORMATIKA Üzleti,INFORMATION TECHNOLOGY,6
NAVIGÁTOR IC & ID NEMZETKÖZI,NOT RELEVANT,6
NAVIK Befektetési,NOT RELEVANT,6
NBC Erdõ Kereskedelmi és,NOT RELEVANT,6
NBHolding Vagyonkezelõ,REAL ESTATE,6
NCR Magyarország Információ-Technol,INFORMATION TECHNOLOGY,6
NDVK 2017 Vagyonkezelõ Zártkörûen,INDUSTRIALS,6
NEC Eastern Europe KORLÁTOLT FELEL,INDUSTRIALS,6
NEFELEJCS 2001 VENDÉGLÁTÓ ÉS,NOT RELEVANT,6
NEKTÁR-FLORA TRADE Mézfeldolgozó,CONSUMER STAPLES,6
NEMZETKOZI FELSOFOKU ISKOLA B-D BT,CONSUMER DISCRETIONARY,6
NEMZETKÖZI TESTÕR BIZTONSÁGSZOLGÁLA,INDUSTRIALS,6
NEO Property Services,INDUSTRIALS,6
NEOFEED Szolgáltató Korlátolt,CONSUMER STAPLES,6
NEOLIT Kereskedelmi és,INDUSTRIALS,6
NERO TRADE Kereskedelmi és,INDUSTRIALS,6
NEROBUKA Építõipari és,NOT RELEVANT,6
NET 54 ÜZLETI KOMMUNIKÁCIÓ,NOT RELEVANT,6
NET MÉDIA KIADÓ ÉS INTERNET TARTALO,INFORMATION TECHNOLOGY,6
NET-TV Zártkörûen Mûködõ Részvénytá,COMMUNICATIONS,6
NETINVEST INGATLANFORGALMAZÓ,NOT RELEVANT,6
NETLOCK Informatikai és Hálózatbizt,INFORMATION TECHNOLOGY,6
NEVEON Hungary,MATERIALS,6
NEW LINE TECHNOLOGIES Korlátolt Fel,INFORMATION TECHNOLOGY,6
NEW MEDICAL TECHNOLOGIES KFT.,HEALTH CARE,6
NEW YORKER HUNGARY Kereskedelmi,CONSUMER DISCRETIONARY,6
NEXON Vállalkozási és Kereskedelmi,INFORMATION TECHNOLOGY,6
NEXT AUTO Kereskedelmi és,FINANCIALS,6
NEXT AUTO RENT Korlátolt,CONSUMER DISCRETIONARY,6
NEXTENT Informatika,COMMUNICATIONS,6
"NEXTINVEST Ingatlanforgalmazó,",FINANCIALS,6
NG SZOLGÁLTATÓ,NOT RELEVANT,6
NI Hungary Software és Hardware Gyá,INFORMATION TECHNOLOGY,6
NIDEC GPM HUNGARY Korlátolt,INDUSTRIALS,6
NIEF PLASTIC HUNGÁRIA ALKATRÉSZGYÁR,NOT RELEVANT,6
NIKA-HUS,NOT RELEVANT,6
NIKETRANS Targonca Kereskedelmi,INDUSTRIALS,6
NIKI Kereskedelmi Kft. -WO,CONSUMER STAPLES,6
NIKY HUNGARY KFT,CONSUMER STAPLES,6
NIM-INVESTMENT,FINANCIALS,6
"NIRESÁN INVESTMENTS HUNGARY, ÉPÍTÕ",NOT RELEVANT,6
NISZ Nemzeti Infokommunikációs,INFORMATION TECHNOLOGY,6
NIT-HUNGARY Elektronikai és,REAL ESTATE,6
NITRO TRADE Informatikai,INFORMATION TECHNOLOGY,6
NITROGÉNMÛVEK Vegyipari,MATERIALS,6
NIVO-VAS Szerelõ és Szolgáltató,INDUSTRIALS,6
NJL,NOT RELEVANT,6
NK-ABLAKRENDSZER,NOT RELEVANT,6
NK-ALURENDSZER,NOT RELEVANT,6
NKM,UTILITIES,6
NNG Szoftverfejlesztõ és,CONSUMER DISCRETIONARY,6
NOL-Sweet Korlátolt Felelõsségû,CONSUMER STAPLES,6
NOLATO MAGYARORSZÁG IPARI ÉS KERESK,CONSUMER DISCRETIONARY,6
NORAN-KIADÓ 2004 Kersekedelmi és,NOT RELEVANT,6
NORDIKAL Tervezõ és Szolgáltató Zár,MATERIALS,6
NORDTEK IMEXCO Kereskedelmi és,INDUSTRIALS,6
NORDVITAL VITAMIN Korlátolt,CONSUMER STAPLES,6
NOREG Információvédelmi,INFORMATION TECHNOLOGY,6
NORMA Instruments Zártkörûen,INDUSTRIALS,6
NORTH-HOLLAND VAGYONKEZELÕ ÉS TANÁC,REAL ESTATE,6
NOVA AUTÓCENTRUM Kereskedelmi és,CONSUMER DISCRETIONARY,6
NOVA HUNGÁRIA IPARI ÉS,NOT RELEVANT,6
"NOVAMAG Termelõ, Kereskedelmi és",CONSUMER STAPLES,6
"NOVOSEC SECURITY Vagyonvédelmi,",INDUSTRIALS,6
"NOVRO Ipari, Kereskedelmi és",CONSUMER STAPLES,6
NOWAR Hungaria Biztonsági felszerel,NOT RELEVANT,6
NOZSOBE PATIKA,CONSUMER STAPLES,6
"NOÉ TÁRSAS Ingatlanforgalmazó, Vend",NOT RELEVANT,6
NS Autóház Korlátolt Felelõsségû,CONSUMER DISCRETIONARY,6
NT Élelmiszertermelõ és,CONSUMER STAPLES,6
NTICE Korlátolt Felelõsségû,COMMUNICATIONS,6
NUR Online Korlátolt Felelõsségû,NOT RELEVANT,6
NV Vagyonkezelõ,NOT RELEVANT,6
"NYDR-Tüzépker Építõipari,",CONSUMER DISCRETIONARY,6
NYIRJES VENDÉGLÁTÓ ÉS SZOLGÁLTATÓ,NOT RELEVANT,6
NYIRÉP Nyirvidéki Építõipari Kivite,INDUSTRIALS,6
NYITRAI AUTÓHÁZ Kereskedelmi és,NOT RELEVANT,6
NYOMDAKER REKLÁMDEKORÁCIÓS KER.,NOT RELEVANT,6
NYUGTA Kereskedelmi Közkereseti,NOT RELEVANT,6
NYÁRY PÁL MEZÖGAZDASÁGI TERMELÖ,NOT RELEVANT,6
NYÉK-KER KERESKEDELMI ÉS,INDUSTRIALS,6
NYÍR-KERT Szövetkezet-F.A.,CONSUMER STAPLES,6
NYÍR-ROLL-SPED,NOT RELEVANT,6
NYÍR-SZIGET,NOT RELEVANT,6
NYÍR-WETLAND Szolgáltató,INDUSTRIALS,6
NYÍREGYHÁZA LOGISTIC CENTRUM,INDUSTRIALS,6
NYÍRFA ÁRNYÉKOLÁSTECHNIKA,NOT RELEVANT,6
NYÍRSÉG-HASSO Sütõipari és Gabonaip,CONSUMER STAPLES,6
NYÍRSÉGI-SZÁRNYAS MEZÕGAZDASÁGI,CONSUMER STAPLES,6
NYÍRVÍZ Építõ és Szolgáltató Kft,INDUSTRIALS,6
NYÍRZEM Nyírség-Zemplén Coop,CONSUMER STAPLES,6
NZRT-TRADE Kereskedelmi és Szolgált,MATERIALS,6
Nadlan 18 Szolgáltató és,CONSUMER DISCRETIONARY,6
Nagy,INDUSTRIALS,6
Nagy,NOT RELEVANT,6
Nagy Imre,CONSUMER STAPLES,6
Nagy Sándor,CONSUMER DISCRETIONARY,6
Nagy Zoltán,NOT RELEVANT,6
Nagycenk Gyár u. 89.,REAL ESTATE,6
Nagyhegyes Hus,CONSUMER STAPLES,6
Nagyhegyes Meat,CONSUMER STAPLES,6
"Nagykálló, Korányi Frigyes u. 41.",REAL ESTATE,6
Nagykátai Víziközmû,NOT RELEVANT,6
"Nagykõrös, Kecskeméti",FINANCIALS,6
Nagymaros Tabak,CONSUMER STAPLES,6
Nagymágocsi Farmer Mezõgazdasági,CONSUMER STAPLES,6
Nagyné Spahl Magdolna,CONSUMER STAPLES,6
Nagyrédei Szõlõk Borforgalmazó,CONSUMER STAPLES,6
Nagyszentjánosi Agrárgazdasági,CONSUMER STAPLES,6
Nagysándor József u. 1-5.,REAL ESTATE,6
Nagysándor József u. 11.,REAL ESTATE,6
Naki Mezõgazdasági Zártkörûen,CONSUMER STAPLES,6
Nanushka International,CONSUMER DISCRETIONARY,6
Napfény '97,NOT RELEVANT,6
Napfény Gyógyszerészeti,CONSUMER STAPLES,6
Napsugar,CONSUMER STAPLES,6
Napsugár,FINANCIALS,6
Naszály Invest 2005 Szolgáltató,NOT RELEVANT,6
Natural Immune Control System Zártk,CONSUMER DISCRETIONARY,6
Naturland Magyarország Termelõ és,HEALTH CARE,6
"Navayo Research Kft. ""FA""",INDUSTRIALS,6
Nehézfémöntöde,MATERIALS,6
Nelhiebel Balázs,NOT RELEVANT,6
Nelson Flottalízing Eszközbérbeadó,FINANCIALS,6
Nemak Gyõr Alumíniumöntöde,CONSUMER DISCRETIONARY,6
Nemesbük-Vindornyafok-Karmacs Közsé,NOT RELEVANT,6
Nemzetbiztonsági Szakszolgálat - te,NOT RELEVANT,6
Nemzeti Ipari Park Fejlesztõ,NOT RELEVANT,6
Nemzeti MAL-A Alumíniumtermelõ,MATERIALS,6
Nemzeti Ménesbirtok és Tangazdaság,CONSUMER STAPLES,6
Nemzeti Útdíjfizetési Szolgáltató,INDUSTRIALS,6
Nemzetközi Betonút Kft.,NOT RELEVANT,6
Nemzetközi Biztonság Bizalom Vagyon,CONSUMER DISCRETIONARY,6
Nemzetközi Kereskedelmi,INDUSTRIALS,6
Nemzetközi Kereskedelmi Központ,REAL ESTATE,6
Network Korlátolt,INDUSTRIALS,6
Network Szolgáltató,HEALTH CARE,6
Network4 Media Group S.A. Magyarors,COMMUNICATIONS,6
Neumann Tibor Mûanyagfeldolgozó,NOT RELEVANT,6
Neutrik Hungary Korlátolt,INDUSTRIALS,6
Nevada-Arcade Szerencsejáték,CONSUMER DISCRETIONARY,6
New Ages,REAL ESTATE,6
New Direction Szolgáltató Bt.,NOT RELEVANT,6
New Island Ingatlanforgalmazó Kft.-,REAL ESTATE,6
"New Land Media Reklám,",CONSUMER DISCRETIONARY,6
Nexmatrix Korlátolt Felelõsségû,CONSUMER STAPLES,6
Next,HEALTH CARE,6
Next Energiakereskedelmi,UTILITIES,6
Next Move Szolgáltató,CONSUMER DISCRETIONARY,6
Next Unio Magyarország,CONSUMER STAPLES,6
NextiraOne Magyarorszag,INDUSTRIALS,6
Nexways Cargo Korlátolt,INDUSTRIALS,6
Niara Buildings Ingatlanforgalmazó,FINANCIALS,6
Nico-Technika Kereskedelmi és,INDUSTRIALS,6
Nigicser,NOT RELEVANT,6
Niketrans Rent Kereskedelmi és,INDUSTRIALS,6
Nikolett,NOT RELEVANT,6
Nikolett ev,CONSUMER STAPLES,6
"Nilfisk-Advance Termelõ, Tisztítóbe",INDUSTRIALS,6
Nissan Magyarország Kereskedelmi,NOT RELEVANT,6
Nissin Foods Élelmiszerek Magyarors,CONSUMER STAPLES,6
NitroChemical Ipari Savakat,NOT RELEVANT,6
Nokia Komárom,INFORMATION TECHNOLOGY,6
Norbert,NOT RELEVANT,12
Nordica Skiarena,CONSUMER DISCRETIONARY,6
Normbenz Magyarország Kereskedelmi,ENERGY,6
Noszlopy u. 16,REAL ESTATE,6
Noszlopy u. 50.,FINANCIALS,6
Nova Bútor Bútorgyár,CONSUMER DISCRETIONARY,6
Novartis Hungária Egészségügyi Korl,HEALTH CARE,6
Novel Korlátolt Felelõsségû,INDUSTRIALS,6
November 24. Kereskedelmi és,NOT RELEVANT,6
Noveon Europe & International,CONSUMER DISCRETIONARY,6
Novera Real Estate,NOT RELEVANT,6
Novires Invest,REAL ESTATE,6
Novo-Lab Kereskedelmi és Szerviz Ko,HEALTH CARE,6
Novochem Agro Kereskedelmi és,INDUSTRIALS,6
Novotni Margit,NOT RELEVANT,6
Nowels-Ital Impex Kereskedelmi és,CONSUMER STAPLES,6
Nyerges u. 1. szám,REAL ESTATE,6
Nyilvánosan Mûködõ Részvénytárs,COMMUNICATIONS,6
Nyirzem,CONSUMER STAPLES,6
Nyomtatvány és Irodai Eszköz Ellátó,MATERIALS,6
Nypro Nagyigmánd Vagyonkezelõ,NOT RELEVANT,6
Nyugat Aszfalt Korlátolt,NOT RELEVANT,6
Nyugat-Magyarországi Vasútépítõ,INDUSTRIALS,6
Nyár u. 95-101.,FINANCIALS,6
Nyár utca 26-30.,FINANCIALS,6
Nyárfa u. 1.1.,FINANCIALS,6
Nyári,NOT RELEVANT,6
Nyílt Társadalom,INDUSTRIALS,6
Nyír-Komplett,REAL ESTATE,6
"Nyírbátor, Fáy A. u. 23. sz.",REAL ESTATE,6
"Nyírcsászári Ifjúsági-, Sport és",NOT RELEVANT,6
Nyírfa Gyógyszertár Betéti,CONSUMER STAPLES,6
Nyírfém Gépgyártó És Kereskedelmi,NOT RELEVANT,6
Nyíri út 3. sz. alatti,REAL ESTATE,6
Nyírpalota Gyógyszertár,CONSUMER STAPLES,6
Nyírpalota u. 58-80.,FINANCIALS,6
Nyírség,NOT RELEVANT,6
Nyírség Watt Megújuló Energiát Elõá,UTILITIES,6
Nyírábrány-Fülöp Csatornamû,NOT RELEVANT,6
"NÁD-FA Ipari, Kereskedelmi és",NOT RELEVANT,6
NÁDAS-PATAK Vízgazdálkodási,CONSUMER STAPLES,6
NÁDASDI ÉS TÁRSA,NOT RELEVANT,6
NÁNDOR,NOT RELEVANT,6
NÁNDORNÉ,NOT RELEVANT,6
"NÁNÁSI GAZDÁK ""99""",NOT RELEVANT,6
"NÉBAR Ipari, Kereskedelmi és",CONSUMER STAPLES,6
NÉGY-HATÁR 99' Mezõgazd. Term.Kft.,NOT RELEVANT,6
NÉMETH,NOT RELEVANT,6
NÉMETH TOLL KFT,CONSUMER DISCRETIONARY,6
"NÓGRÁDSZÉN Ipari, Kereskedelmi,",NOT RELEVANT,6
NÓNIUSZ Szerszám Kereskedõház,NOT RELEVANT,6
Nádor Autó Gépjármûkereskedelmi,CONSUMER DISCRETIONARY,6
Nádor u. 42-44.,REAL ESTATE,6
Nádor-Öböl Ingatlanforgalmazó és,NOT RELEVANT,6
Nádudvari Agrokémiai Kereskedelmi é,MATERIALS,6
Nágocsi Mezõgazdasági Zártkörû Rész,CONSUMER STAPLES,6
Németh,NOT RELEVANT,12
Némethné Kigyósi Izabella,NOT RELEVANT,6
Népek Barátsága u. 33.,FINANCIALS,6
Népkert u. 13. sz.,REAL ESTATE,6
"Nívó Generál Építõipari,",INDUSTRIALS,6
Nívó Építõ Zártkörûen,INDUSTRIALS,6
Nógrád-TÉSZ Termelõi Értékesítõ,CONSUMER STAPLES,6
Nótin,NOT RELEVANT,6
O.D.B.-DUNA FOLYAMSZAB. ÉS VÍZÉP.,INDUSTRIALS,6
OAT KÖZLEKDÉSI FELÜLETEK SP JAV.KFT,INDUSTRIALS,6
OBANEX KERESKEDELMI ÉS,CONSUMER STAPLES,6
OBERON TRANS,INDUSTRIALS,6
OBERON VFX Filmgyártó és Digitál St,NOT RELEVANT,6
OBJEKT-IMM Ingatlanforgalmazó és -h,REAL ESTATE,6
"OBJEKTIV FILMSTUDIÓ KFT. ""F.A""",CONSUMER DISCRETIONARY,6
OCH Holding Korlátolt Felelõsségû,INDUSTRIALS,6
OERG,NOT RELEVANT,6
"OKKER Oktatási, Kiadói és",CONSUMER DISCRETIONARY,6
OKM Építõipari és Szolgáltató,INDUSTRIALS,6
OKO-LINE Hungary Megujulo Energiafo,NOT RELEVANT,6
OKTÁN ÜZEMANYAGSZOLG.KFT.-F.A.,ENERGY,6
OKV Oktatási és Nevelési,CONSUMER DISCRETIONARY,6
"OLAJGÉP-TEC IPARI KARBANTARTÓ, SZER",INDUSTRIALS,6
OLAJKAR Vállalkozási és,NOT RELEVANT,6
OLAJTERV Fõvállalkozó és Tervezõ,INDUSTRIALS,6
OLASZ ÉS TÁRSAI SZOLGÁLTATÓ,NOT RELEVANT,6
OLINDA UTAZÁSI KER. ÉS SZOLG.,CONSUMER DISCRETIONARY,6
OLIVIA ÉLELMISZERFELDOLGOZÓ,CONSUMER STAPLES,6
OLMAX Hungary Kereskedelmi és,CONSUMER STAPLES,6
"OLMOS és TÓTH Mezõgazdasági,",CONSUMER STAPLES,6
OLÁH FRIGO TRANS 2002. Fuvarozási,INDUSTRIALS,6
OMNI Assets Zártkörûen Mûködõ,INDUSTRIALS,6
OMNI IT Solutions Korlátolt Felelõs,INFORMATION TECHNOLOGY,6
OMNIAL,UTILITIES,6
OMS,INDUSTRIALS,6
OMV Gas Marketing & Trading Hungári,UTILITIES,6
ONE EURO-MARKET Kereskedelmi és,CONSUMER DISCRETIONARY,6
ONE FS Üzemeltetõ,INDUSTRIALS,6
ONLINE COMPARISON SHOPPING KFT,COMMUNICATIONS,6
ONLY COMMERCIAL,FINANCIALS,6
OPEN SOCIETY INSTITUTE,CONSUMER DISCRETIONARY,6
OPTANET Szolgáltató,NOT RELEVANT,6
OPTIBER Mérnökiroda,INDUSTRIALS,6
OPTIC WORLD International,CONSUMER DISCRETIONARY,6
OPTIGÉP Gépgyártó és Kereskedelmi,INDUSTRIALS,6
OPTIWELLA Kereskedelmi és Szolgálta,INFORMATION TECHNOLOGY,6
OPTOVIVA KERESKEDELMI ÉS,INDUSTRIALS,6
OPUS GLOBAL Nyilvánosan Mûködõ,INDUSTRIALS,6
OQEMA Korlátolt Felelõsségû,INDUSTRIALS,6
ORAKO Zártkörûen Mûködõ,NOT RELEVANT,6
ORBICO HUNGARY,CONSUMER DISCRETIONARY,6
ORBÁNTEX KERESKEDELMI ÉS,CONSUMER STAPLES,6
ORCI-TÁR Kereskedelmi Korlátolt,CONSUMER STAPLES,6
"OREX Óra-Ékszer Kereskedõház Zrt. """,CONSUMER DISCRETIONARY,6
OREX-INGATLAN Ingatlanüzemeltetõ,REAL ESTATE,6
ORIENT Ingatlanhasznosító és Vendég,NOT RELEVANT,6
ORIGOMAT KERESKEDELMI,NOT RELEVANT,6
ORION ELEKTRONIKAI,INFORMATION TECHNOLOGY,6
ORMOSSZÉN Szénkitermelõ és,ENERGY,6
OROS-MALOM Gabonafeldolgozó és,NOT RELEVANT,6
OROSHÁZA ELÖD U 3-13,REAL ESTATE,6
"OROSHÁZA, HUBA U. 18-20-2",REAL ESTATE,6
OROSZ-KER KFT.,NOT RELEVANT,6
ORVIA MAGYARORSZÁG,CONSUMER STAPLES,6
OSTER RENT-LÍZING Szolgáltató,NOT RELEVANT,6
"OSTRYA Lakópark Ingatlanberuházó,",NOT RELEVANT,6
OT Industries Fõvállalkozó,INDUSTRIALS,6
OTTHON INGATLANFEJLESZTÕ,REAL ESTATE,6
OVIT Országos Villamostávvezeté,INDUSTRIALS,6
OWI Zala,NOT RELEVANT,6
"OXISTRESSZ Ingatlanhasznosító,",REAL ESTATE,6
Oam 2002,NOT RELEVANT,6
Oberna Ferenc,NOT RELEVANT,6
Oberon Korlátolt,UTILITIES,12
Ocsardi Gabona Mezogazdasagi Szovet,CONSUMER STAPLES,6
Octopuss '94 Ingatlanforgalmi,NOT RELEVANT,6
Odisys Bt.,INDUSTRIALS,6
Odor György,NOT RELEVANT,6
Oetker Magyarország Élelmiszer,CONSUMER STAPLES,6
Office System Ingatlanhasznosító,REAL ESTATE,6
Oktal Pharma Hungary Korlátolt Fele,HEALTH CARE,6
Október 6. utca 3. Százha,FINANCIALS,6
Ola u. 16. A-B-C-D,REAL ESTATE,6
Olajos u. 1.,REAL ESTATE,6
Olajos u. 12.,FINANCIALS,6
Olaszy Gyula,CONSUMER DISCRETIONARY,6
Oldal u. 2.,FINANCIALS,6
"Olimpia Kerékpár Gyártó-,",CONSUMER DISCRETIONARY,6
Olimpikonok Támogatásáért,NOT RELEVANT,6
Oltványi u. 5-7.,FINANCIALS,6
Oláh,NOT RELEVANT,6
Omcar Szolnok,NOT RELEVANT,6
Omega Korlátolt,UTILITIES,6
OmnicomMediaGroup Hungary Hirdetési,CONSUMER DISCRETIONARY,6
On Hungary Korlátolt,CONSUMER DISCRETIONARY,6
OnRobot Hungary,INFORMATION TECHNOLOGY,6
Ond u. 14-16.,REAL ESTATE,6
One Magyarország Zártkörûen Mûködõ,COMMUNICATIONS,6
Onespire Zártkörûen Mûködõ Részvény,INFORMATION TECHNOLOGY,6
"Ongropack Mûanyag Fóliagyártó, Feld",MATERIALS,6
Onix,NOT RELEVANT,6
Opes Holding,REAL ESTATE,6
Oplus Kereskedelmi és Szolgáltató,CONSUMER DISCRETIONARY,6
Optic World Exclusive,CONSUMER DISCRETIONARY,6
Optical Adathordozó Gyártó,NOT RELEVANT,6
Optikai Hálózatépítõ,REAL ESTATE,6
Optima-Team Számviteli,INDUSTRIALS,6
Optimal-Management Tanácsadó Iroda,INDUSTRIALS,6
Orban-Morvai,MATERIALS,6
Orczy Tabak,CONSUMER STAPLES,6
Organics Mezõgazdasági,CONSUMER STAPLES,6
Organo Építõipari és Szolgáltató kf,NOT RELEVANT,6
Orientik Motor-Car Szolgáltató és,CONSUMER DISCRETIONARY,6
Orientsped Kereskedelmi és,NOT RELEVANT,6
Orientál-Áruház Kereskedelmi,NOT RELEVANT,6
Origo Étterem Vendéglátó,CONSUMER DISCRETIONARY,6
Orkisen-528 Tabak,CONSUMER STAPLES,6
Orlovits,NOT RELEVANT,6
Oros Gyógyszerészeti,CONSUMER STAPLES,6
Orosfarm,CONSUMER STAPLES,6
Orosháza Finom Szárnyas Külö,CONSUMER STAPLES,6
Orosháza Kórház u. 16-18-,REAL ESTATE,6
Orosz,NOT RELEVANT,6
"Oroszlány, Mészáros L. u. 2a-b. tár",FINANCIALS,6
Oroszlányi,REAL ESTATE,6
Oroszlányi Szolgáltató,UTILITIES,6
Oroszlányi Többcélú Kistérségi,NOT RELEVANT,6
Orsolya tér 1.,FINANCIALS,6
Országalma Étterem Üzemeltetõ és Re,CONSUMER DISCRETIONARY,6
Országzászló tér 7.,REAL ESTATE,6
Ortutay u. 4. Tház,REAL ESTATE,6
Ortutay u. 7.,FINANCIALS,6
Orvosi Müszer KFT,HEALTH CARE,6
Oster Autóház Kereskedelmi és,CONSUMER DISCRETIONARY,6
Ostrom utca 8/b,REAL ESTATE,6
Ostrom-Ingatlanhasznosító és,NOT RELEVANT,6
Osztrovszky u. 27.,REAL ESTATE,6
Otthon Centrum,REAL ESTATE,6
Otto Bock Hungaria Ortopédiai,HEALTH CARE,6
Otto Kessler Közös Vállalat,CONSUMER DISCRETIONARY,6
Ottó,NOT RELEVANT,6
Outokumpu Distribution Hungary Korl,MATERIALS,6
Outsource Szolgáltatási Re,INFORMATION TECHNOLOGY,6
Ozirisz Vendéglátó,CONSUMER STAPLES,6
"P&P Építõipari, Kereskedelmi és",NOT RELEVANT,6
P'Autocity,CONSUMER DISCRETIONARY,6
P+P Kereskedõ és Szolgáltatóház,REAL ESTATE,6
P-57 Tabak,CONSUMER STAPLES,6
P-ROB-INVEST Ingatlanforgalmazó Bt.,REAL ESTATE,6
P.A.M. Invest 2000 Ingatlanforgalma,INDUSTRIALS,6
P.BAU-TEAM KERESKEDELMI ÉS SZOL.KFT,NOT RELEVANT,6
P.I.N.K. Invest,NOT RELEVANT,6
P.J. STEEL-KER,FINANCIALS,6
P.O.I. Partner Terminál Üzemeltetõ,COMMUNICATIONS,6
P.O.P. Hungary Szolgáltató,INDUSTRIALS,6
P.S. HUNGARIA REKLÁMÜGYNÖKSÉG,NOT RELEVANT,6
P.SCHWIETZER INVESTMENT,NOT RELEVANT,6
P.T.C. PLUS INGATLANBEF.HASZN.KFT.,NOT RELEVANT,6
PA-COMP Kereskedelmi és,CONSUMER STAPLES,6
PACCOR Hungary Almand,MATERIALS,6
PACSIRTA LAKÁSFENNTARTÓ,FINANCIALS,6
PAGODA-TRADE KER. ÉS SZOLG.,NOT RELEVANT,6
PAKSI ATOMERÕMÛ,UTILITIES,6
"PALLADIN Mûszaki-, Fejlesztõ-,",NOT RELEVANT,6
PALOTA,NOT RELEVANT,6
PALÁNKI MÛSZERGYÁRTÓ Zrt.,NOT RELEVANT,6
PALÓC NAGYKERESKEDELMI KFT -,CONSUMER STAPLES,6
"PANACEA 2000 Orvosi, Oktatási és Eg",NOT RELEVANT,6
PANADDITÍV,NOT RELEVANT,6
PANAUDIO Elektronikai kereskedõ,CONSUMER DISCRETIONARY,6
PANKOTA PIG SERTÉSTENYÉSZTÖ,NOT RELEVANT,6
PANKOTA-FLEX Kereskedelmi és,CONSUMER STAPLES,6
PANKOTA-MEZÕ MG.TERM.ÉS SZOLG.KFT,CONSUMER STAPLES,6
PANKOTA-NÖVÉNY NÖVÉNYTERMESZT.,CONSUMER STAPLES,6
PANKOTAI AGRÁR,NOT RELEVANT,6
PANNAGRIA Kereskedelmi,CONSUMER STAPLES,6
PANNON HIDROSTAL,INDUSTRIALS,6
PANNON PÁLINKA,CONSUMER STAPLES,6
PANNON TIKETT Kártya és Utalvány Sz,INFORMATION TECHNOLOGY,6
PANNON-HÕ ENERGETIKAI TERMELÕ,NOT RELEVANT,6
PANNON-MAG-AGRÁR Kereskedelmi,CONSUMER STAPLES,6
PANNON-TEAM ÉPITÖIPARI FÖVÁLLALKOZO,NOT RELEVANT,6
PANNONBETON BETONGYÁRTÓ,NOT RELEVANT,6
PANNONCOM-KÁBEL Kereskedelmi és,NOT RELEVANT,6
"PANNONENERGIA-SERVICE Gyártó, Karba",ENERGY,6
PANNONINVEST LIBRA PÉNZÜGYI,NOT RELEVANT,6
PANNONKANT Kereskedelmi és,NOT RELEVANT,6
PANNONPHARMA Gyógyszergyártó Korlát,HEALTH CARE,6
PANNONPOWER,NOT RELEVANT,6
PANNÓNIA TÁRSASHÁZ 1-3-5-7 SZÁZHALO,REAL ESTATE,6
PANNÓNIA-TERMÉNY Agrárkereskedõ,CONSUMER STAPLES,6
PANORÁMAPART INGATLANFEJLESZTÕ,FINANCIALS,6
PANTERA NERA Ingatlanhasznosító,REAL ESTATE,6
PAPP SÜTÕIPARI TERMELÕ ÉS KER.,NOT RELEVANT,6
PAPÍR RAKLAP Csomagolóanyag,NOT RELEVANT,6
PAR-TES,NOT RELEVANT,6
PARADEPLATZ Ingatlanhasznosító,REAL ESTATE,6
PARK,CONSUMER DISCRETIONARY,6
PARK Bevásárlóközpont Kft.,REAL ESTATE,6
"PARKOLÓKÖZ Kereskedelmi,",FINANCIALS,6
PARTNER LEASING,NOT RELEVANT,6
PARTNERCLEAN Kereskedelmi és,INDUSTRIALS,6
PATENDULA Kereskedelmi és,CONSUMER STAPLES,6
PATIKA CONTACT,HEALTH CARE,6
"PATIKAPARTNER Ügyviteli,",CONSUMER STAPLES,6
PATINVEST Kereskedelmi és,REAL ESTATE,6
PATITUR Korlátolt Felelõsségû,CONSUMER STAPLES,6
PATYKO Kereskedelmi és,REAL ESTATE,6
PAULUS-MENTOR TANÁCSADÓ Korlátolt,INDUSTRIALS,6
PAYER INDUSTRIES HUNGARY Ipari és,CONSUMER DISCRETIONARY,6
"PBS HUNGÁRIA Papír,- Iroda és Írósz",INDUSTRIALS,6
PBS Hungária,NOT RELEVANT,6
PC Trend,NOT RELEVANT,6
PC-Multimédia Kereskedelmi és,NOT RELEVANT,6
PC-PARTS Számítástechnikai Nagykere,CONSUMER DISCRETIONARY,6
PCE Paragon Solutions Kft. - techni,INFORMATION TECHNOLOGY,6
"PCO Informatikai, Kereskedelmi és",REAL ESTATE,6
"PCS-SYSTEM Számítástechnikai, Keres",INFORMATION TECHNOLOGY,6
PE Korlátolt Felelõsségû,INDUSTRIALS,6
PEKA BAU,INDUSTRIALS,6
"PEKA BAU 2000 Építõipari, Ingatlanf",INDUSTRIALS,6
PELSO a Modern Balatonért Alapítván,NOT RELEVANT,6
PEMIKA TRANS Kereskedelmi és,CONSUMER STAPLES,6
PEMÜ MÛANYAGIPARI,CONSUMER DISCRETIONARY,6
PENG - FARM MEZÕGAZDASÁGI,NOT RELEVANT,6
PENNY-MARKET KERESKEDELMI,CONSUMER STAPLES,6
PENTA Általános Építõipari,INDUSTRIALS,6
PENTA-DRINK MINIPOL Ital-nagyker.,CONSUMER STAPLES,6
"PENTAVIA Építõipari, Kereskedelmi",INDUSTRIALS,6
PENTELE Mezõgazdasági zártkörûen,CONSUMER STAPLES,6
PER-KOR KERESKEDÕHÁZ Korlátolt Fele,NOT RELEVANT,6
PERC Vendéglátóipari és,NOT RELEVANT,6
PERCIPÁN CUKRÁSZ,NOT RELEVANT,6
PERFEKTING MÉRNÖKI IRODA,NOT RELEVANT,6
PERLOS Preciziós Mûanyagipari,MATERIALS,6
PESTI-SEED,NOT RELEVANT,6
"PET-CT Központ Szolgáltató, Tudomán",HEALTH CARE,6
PET-FORM FLAKONGYÁRTÓ ÉS FORGALMAZÓ,MATERIALS,6
PET-PACK Ipari és Kereskedelmi,CONSUMER STAPLES,6
PETER PORTFOLIO Korlátolt,FINANCIALS,6
PETRÓLEUMKIKÖTÕ KERESKEDELMI ÉS,NOT RELEVANT,6
PEZ Production Europe,NOT RELEVANT,6
PFM Biztonsági Szolgáltató,CONSUMER DISCRETIONARY,6
PFM Zártkörûen Mûködõ Részvénytársa,INDUSTRIALS,6
PG Hungary Hõtechnika Korlátolt,INDUSTRIALS,6
PG Informatika Szolgáltató,INFORMATION TECHNOLOGY,6
PHARMA GYOGYSZERGYÁRTO ÉS FORG,NOT RELEVANT,6
PHARMA GYÓGYSZERKERESKEDELM,HEALTH CARE,6
"PHARMA QUELLE MEDICINA, DIAGNOSZTIK",HEALTH CARE,6
PHARMA ZRT,HEALTH CARE,6
"PHARMAHOLDING Egészségügyi, Befekte",CONSUMER STAPLES,6
PHARMAINVEST Gyógyszerészeti és,INDUSTRIALS,6
"PHARMAROAD Gyógyszerkereskedelmi,",HEALTH CARE,6
PHARMAROLL Gyógyszerkiskereskedelmi,CONSUMER STAPLES,6
PHILANTHIA INTERIEUR Lakberendezési,CONSUMER DISCRETIONARY,6
PHILIP MORRIS MAGYARORSZÁG CIGARETT,CONSUMER STAPLES,6
PHILIPS INDUSTRIES Magyarország Ele,NOT RELEVANT,6
PHM Hungary Holdings,CONSUMER STAPLES,6
PHOENIX MECANO PLASTIC SRL,INDUSTRIALS,6
PHOENYX Ingatlankezelõ,NOT RELEVANT,6
PHYSILAB Mérésautomatizálási,INFORMATION TECHNOLOGY,6
PICK Kézilabda,CONSUMER DISCRETIONARY,6
"PIKOPACK Ipari, Kereskedelmi és",MATERIALS,6
PIKTOR Festék és Vegyiáru,INDUSTRIALS,6
PILISI PARKERDÕ ZRT. TECHNIKAI SZÁM,MATERIALS,6
PINCE TERMELÉSI ÉS KERESKEDELMI,CONSUMER STAPLES,6
PINTÉR MÛVEK Korlátolt,INDUSTRIALS,6
PIPELIFE HUNGÁRIA Mûanyagipari,INDUSTRIALS,6
PIREHAB Rehabilitációs Foglalkoztat,MATERIALS,6
PIREMON MOZGÁSKORLÁTOZOTTAK KISVÁLL,NOT RELEVANT,6
PIÓ-21 VAGYONKEZELÕ ÉS SZOLG.,NOT RELEVANT,6
PJ Ingatlanforgalmazó és Vagyonkeze,NOT RELEVANT,6
PLAKET Fémtáblakészítõ és,INDUSTRIALS,6
PLANET LEASING Pénzügyi,NOT RELEVANT,6
PLANINVEST Ingatlanforgalmazó,FINANCIALS,6
PLANNING & TRADING Vagyonkezelõ,CONSUMER DISCRETIONARY,6
PLAST MÛANYAGIPARI,NOT RELEVANT,6
PLASTICAST HUNGARY,MATERIALS,6
PLASTIRON IPARI ÉS KERESKEDELMI,CONSUMER STAPLES,6
PLASTIROUTE Forgalomtechnika,INDUSTRIALS,6
PLATINUM -Építõ Ingatlan és Vagyonk,NOT RELEVANT,6
PLATÁN SOR,NOT RELEVANT,6
PLATÁNPART Ingatlanfejlesztõ,FINANCIALS,6
PLES zrt,NOT RELEVANT,6
PLOOP,ENERGY,6
PLUS ÉLELEMISZER DISZKONT,NOT RELEVANT,6
PM VENDING,NOT RELEVANT,6
PMA Trans Korlátolt Felelõsségû,INDUSTRIALS,6
PMM Productive Media&Merchandising,INDUSTRIALS,6
PMP Hitelkezelõ,FINANCIALS,6
PNG Pharma Natura Group,CONSUMER STAPLES,6
PNG-LOG Logisztikai Kft.,INDUSTRIALS,6
"PNH Ipari-, Kereskedelmi és",INDUSTRIALS,6
PODRAVKA-INTERNATIONAL,CONSUMER STAPLES,6
POINT CONSOL LIMITED LIABILIT,CONSUMER DISCRETIONARY,6
POLAT HUNGARY,REAL ESTATE,6
POLI-FARBE Vegyipari,MATERIALS,6
POLIMER SZOLGÁLTATÓ,MATERIALS,6
POLIPROP MÜANYAGFELDOLGOZO,NOT RELEVANT,6
POLIS-BAU Építõ Építõipari és,INDUSTRIALS,6
POLSOL,UTILITIES,6
POLUS-COOP Kereskedelmi és Ipari,CONSUMER STAPLES,6
POLYGON Informatikai Fejlesztõ és,INFORMATION TECHNOLOGY,6
POLYTECH INDUSTRIE Korlátolt,MATERIALS,6
POLÁNYI és Társa Építõipari Kft.-F.,INDUSTRIALS,6
POMARIUM GYÜMÖLCSTERMELÖ ÉS,CONSUMER STAPLES,6
PONT KONZOL,CONSUMER DISCRETIONARY,6
PONT-PLAN ÉPÍTÕIPARI,INDUSTRIALS,6
PONTIFEX KÖNYVKIADÓ ÉS,NOT RELEVANT,6
PORR Solutions Hungária,FINANCIALS,6
PORT CAFÉ Szolgáltató,CONSUMER DISCRETIONARY,6
PORT Data Szolgáltató és,INFORMATION TECHNOLOGY,6
"PORT-ÉP Építõipari, Kereskedelmi",INDUSTRIALS,6
POSTA,INDUSTRIALS,6
POSTAFLOTTA Szolgáltató Korlátolt,INDUSTRIALS,6
POULTRY-TECH KERESKEDELMI ÉS,INDUSTRIALS,6
"POWER SZERVIZ Tervezõ, Kivitelezõ,",INDUSTRIALS,6
PPA CONTROLL Magyarország,INDUSTRIALS,6
PPD Hungária Energiakereskedõ,ENERGY,6
PPG TRILAK,MATERIALS,6
PQS,INDUSTRIALS,6
"PR-TELECOM Távközlési, Kereskedelmi",COMMUNICATIONS,6
PR1MER,FINANCIALS,6
PRAKTIKA KERESKEDELMI ÉS,NOT RELEVANT,6
PRAKTIKER ÉPITÉSI- ÉS BARKÁCSPIACOK,CONSUMER DISCRETIONARY,6
PRAX-INVEST INNOVÁCIÓS,NOT RELEVANT,6
PRE-IMMO Ingatlanhasznosító és Inga,REAL ESTATE,6
PREC-CAST Öntödei,CONSUMER DISCRETIONARY,6
PREGO-PLUS,NOT RELEVANT,6
PREMIER ABLAKRENDSZEREK,INDUSTRIALS,6
PRENOR KERTÉSZETI ÉS PARKÉPITÖ,NOT RELEVANT,6
PREVOST-HUNGÁRIA Szállítási,INDUSTRIALS,6
PRIM-VOL TRADE,NOT RELEVANT,6
PRIMA ENTEN Élelmiszeripari és,CONSUMER STAPLES,6
PRIMAVILL Villamos Hálózatszerelõ,INDUSTRIALS,6
PRIZMA-Food Szolgáltató,CONSUMER DISCRETIONARY,6
PRO,INDUSTRIALS,6
PRO-ADVISE Tanácsadó és,REAL ESTATE,6
PRO-CAFE Kereskedelmi és,NOT RELEVANT,6
PRO-COM XXI. KERESKEDELMI ÉS,NOT RELEVANT,6
PRO-CONSTRUCT Zártkörûen Mûködõ Rés,INDUSTRIALS,6
PRO-INVESTMENT Ingatlanforgalmazó,NOT RELEVANT,6
PRO-KER INVEST Kereskedelmi,CONSUMER STAPLES,6
PRO-MOULDING Termelõ,MATERIALS,6
PRO-OMEGA Ingatlanfejlesztõ,NOT RELEVANT,6
PRO-TRE Ingatlanfejlesztõ,NOT RELEVANT,6
PRODEPOK Kereskedelmi és,NOT RELEVANT,6
PROFI Magyarország Kereskedelmi,CONSUMER STAPLES,6
PROFI-BAGGER ÉPÍTÕIPARI GÉPKERESKED,INDUSTRIALS,6
PROFILPLAST MÜANYAGTERMÉKGYÁRTÓ,INDUSTRIALS,6
PROFIRENT Gépkölcsönzõ,INDUSTRIALS,6
PROFOOD ÉLELMISZ.IP.SZAKT.KER. ZR,CONSUMER STAPLES,6
PROFUMA Hungary Korlátolt,CONSUMER STAPLES,6
PROJEKT MARKET,NOT RELEVANT,6
PROKTIVUS Befektetési,NOT RELEVANT,6
PROMMER ÉS TÁRSAI Kereskedelmi és V,CONSUMER DISCRETIONARY,6
PROMONTORBOR SZÕLÕ ÉS BORGAZDASÁGI,CONSUMER STAPLES,6
PROPACK,INDUSTRIALS,6
"PROPION KERESKEDELMI, SZOLGÁLTATÓ",NOT RELEVANT,6
PROREHAB,NOT RELEVANT,6
PROREX Hungary,INDUSTRIALS,6
"PROTEIN KERESKEDELMI , TER",CONSUMER STAPLES,6
PROTEINKER Ipari Feldolgozó Kereske,INDUSTRIALS,6
PROVINCIA INGATLANBEFEKTETÉSI ÉS,NOT RELEVANT,6
PROZLIK CSABA,NOT RELEVANT,6
"PRT INGATLANFORGALMAZÓ, KER.ÉS",NOT RELEVANT,6
PRYSMIAN MKM MAGYAR KÁBEL MÛVEK,INDUSTRIALS,6
PRÍMÁS 1 VAGYONKEZELÕ,NOT RELEVANT,6
PS Retail Services Korlátolt,CONSUMER STAPLES,6
PST Hungary Korlátolt Felelõsségû,INDUSTRIALS,6
PTN Well,NOT RELEVANT,6
PURECO Környezetvédelmi és Gazdaság,INDUSTRIALS,6
PUSZTA Hipermarket,REAL ESTATE,6
PUTNOK MATYAS KIRÁLY TER 11-12.,REAL ESTATE,6
"PVS-HUNGARY Mûanyagfeldolgozó,",INDUSTRIALS,6
PX 2,FINANCIALS,6
PX7,REAL ESTATE,6
PYLON-94,NOT RELEVANT,6
PYRONOVA HUNGÁRIA,INDUSTRIALS,6
Paccor Hungary,MATERIALS,6
"Pacific Kivitelezõ, Fõvállalkozó",REAL ESTATE,6
Pacsai Fekete Sas Gyógyszertár,CONSUMER STAPLES,6
Pagat,INDUSTRIALS,6
Pajor es Tarsai Kft.,NOT RELEVANT,6
Pajzs 07 Biztonságvédelmi és Magánn,CONSUMER DISCRETIONARY,6
"Paks, Szabó E. u. 6-8.",FINANCIALS,6
"Paks, Újtemplom u. 22-24.",REAL ESTATE,6
Paksi,NOT RELEVANT,12
Paksi Dunamenti Mezõgazdasági,CONSUMER STAPLES,6
Paksi Imréné,NOT RELEVANT,6
Pala,NOT RELEVANT,6
Palace Cinemas Magyarország Szórako,NOT RELEVANT,6
Palme köz 13-15.,FINANCIALS,6
Palmers Hungary Korlátolt,CONSUMER DISCRETIONARY,6
Palmi-Top Kereskedelmi,CONSUMER STAPLES,6
Palmi-Trade Hungary,CONSUMER STAPLES,6
Palmi-top,CONSUMER STAPLES,6
PalmiGold Baromfifeldolgozó,CONSUMER STAPLES,6
Palota Automobil Autó Kereskedõ,CONSUMER DISCRETIONARY,6
Palotakert u. 6b,FINANCIALS,6
Paládi,NOT RELEVANT,6
PanMedia Western Korlátolt,CONSUMER DISCRETIONARY,6
Panel,FINANCIALS,6
Panel,NOT RELEVANT,6
Pannon Piac Kereskedõház,CONSUMER STAPLES,6
Pannon Reprodukciós Intézet Kft.,HEALTH CARE,6
"Pannon-Aqua '95 Ipari,",CONSUMER STAPLES,6
Pannon-Biomassza Energetikai és Ált,UTILITIES,6
Pannon-Car Holding Kereskedelmi,NOT RELEVANT,6
Pannon-Work Személyzeti,NOT RELEVANT,6
PannonAszfalt Építõ és,INDUSTRIALS,6
PannonWatt Energetikai Megoldások Z,REAL ESTATE,6
Pannonagri Mg.-i Termelo es Ker.Kft,INDUSTRIALS,6
Pannoncorp Workout Csõdtanácsadó,INDUSTRIALS,6
Pannonenergia Erõmûvi Tanácsadó,INDUSTRIALS,6
Pannongreen Megújuló Energia,NOT RELEVANT,6
Pannonhandel Zártkörûen Mûködõ,CONSUMER DISCRETIONARY,6
Pannonia Bio,ENERGY,6
Pannónia Generálépítõ Zártkörûen,INDUSTRIALS,6
"Pannónia Kertészeti Termelõ,",CONSUMER STAPLES,6
Pannónia Medicina Gyógyszerkeresked,HEALTH CARE,6
Panrusgáz Gázkereskedelmi,ENERGY,6
Pap Géza,NOT RELEVANT,6
Papi,NOT RELEVANT,6
Paprikakert Tész,CONSUMER STAPLES,6
Papír-Ház 2004. Kereskedelmi és,NOT RELEVANT,6
ParaMed,NOT RELEVANT,6
Parabola,REAL ESTATE,6
Paradicsom,CONSUMER STAPLES,6
Paralel Komplex Építõipari és,NOT RELEVANT,6
Park,FINANCIALS,6
Park Center Patika,CONSUMER STAPLES,6
Park Erdõ Kertészeti Szolgáltató,NOT RELEVANT,6
Park Hitel Pénzügyi Közvet,FINANCIALS,6
Park Ingatlanfejlesztõ,REAL ESTATE,6
Park South I.,REAL ESTATE,6
Parker Invest & Trade Inc.,INDUSTRIALS,6
Parkl Digital Technologies,INFORMATION TECHNOLOGY,6
Parmalat Hungaria Tejipari Rt.,NOT RELEVANT,6
Part Ingatlanfejlesztõ és Kezelõ,NOT RELEVANT,6
Part Ingatlanforgalmazó,FINANCIALS,6
Partner Cable Zártkörûen Mûködõ,INFORMATION TECHNOLOGY,6
Partner Zrt. technikai számla,UTILITIES,6
Partner-Computer,INFORMATION TECHNOLOGY,6
PartnerGroup Kereskedelmi és,INDUSTRIALS,6
Paróczai,NOT RELEVANT,6
Pasco Duo Kereskedelmi és,CONSUMER DISCRETIONARY,6
Pasta-Fresca-Italiana Tészta és Éde,NOT RELEVANT,6
Pastrami,CONSUMER DISCRETIONARY,6
Patak út 1.,REAL ESTATE,6
Patakhõ Energiaszolgáltató Nonprofi,UTILITIES,6
Patalom Farm,CONSUMER STAPLES,6
Patika Gyógyszerkereskdelmi,CONSUMER STAPLES,6
Patikainvest Vagyonkezelõ,NOT RELEVANT,6
Patona-Pig Állattenyésztõ és,CONSUMER STAPLES,6
Patonai,NOT RELEVANT,6
Pattantyús u. 1.,FINANCIALS,6
Pattantyús utca 1. sz.,REAL ESTATE,6
Patányi-Szállítás Fuvarozó és,CONSUMER DISCRETIONARY,6
Patányiné Nácsa Katalin,CONSUMER STAPLES,6
Pauker,NOT RELEVANT,6
Pausits Valér,CONSUMER DISCRETIONARY,6
Pazdernyik,NOT RELEVANT,6
Pazonyi tér 1-2.,REAL ESTATE,6
Paál László 2-4 úti,REAL ESTATE,6
Peau d'Espagne,CONSUMER STAPLES,6
Pecs TV,CONSUMER DISCRETIONARY,6
Pecsi Vizmu,NOT RELEVANT,6
Peek & Cloppenburg Ruházati és,CONSUMER DISCRETIONARY,6
Pegano-Pig Sertestarto es Ker.Kft.,NOT RELEVANT,6
Pek-Snack,CONSUMER STAPLES,6
Pek-Snack Holding Korlátolt,FINANCIALS,6
Pelikán 51 Gyógyszertár Betéti,CONSUMER STAPLES,6
Pelpuszta,CONSUMER STAPLES,6
Pelso Bay Development,REAL ESTATE,6
Pelso Szerszámkészítõ Ipari,NOT RELEVANT,6
Pensum-Invest Kereskedelmi és,INDUSTRIALS,6
Pentele Projekt,NOT RELEVANT,6
Pentelei sor 1. sz.,REAL ESTATE,6
Penthe Autohaz Kereskedelmi es,CONSUMER DISCRETIONARY,6
Pentép Építõ-Szerelõ Oktatási,CONSUMER DISCRETIONARY,6
Penzo Épker Szolgáltató és,NOT RELEVANT,6
Pepco Hungary,CONSUMER DISCRETIONARY,6
Percze,NOT RELEVANT,6
Perfect Solar Kereskedelmi és,UTILITIES,6
Perfecthill,CONSUMER STAPLES,6
Perfekt,NOT RELEVANT,6
Perint Park Projekt Ingatlanberuház,REAL ESTATE,6
Perlit,INDUSTRIALS,6
Perényi Zs. u.,FINANCIALS,6
Pesti Építõipari kereskedelmi,INDUSTRIALS,6
Petre Gábor,NOT RELEVANT,6
Petrolszolg Karbantartó és,INDUSTRIALS,6
Petrányi,NOT RELEVANT,6
Petrányi-Autó Kereskedelmi,CONSUMER DISCRETIONARY,6
Petõ,NOT RELEVANT,6
Petõfi Lakásépítõ és Fenntartó,REAL ESTATE,6
Petõfi S. u. 4.,FINANCIALS,6
Petõfi Sándor u. 12-20.,REAL ESTATE,6
Petõfi Sándor u. 13-15.,REAL ESTATE,6
Petõfi Sándor utca 112,REAL ESTATE,6
Petõfi Sándor utca 32-34,REAL ESTATE,6
Petõfi tér 2. sz. alatti,REAL ESTATE,6
Petõfi utcai,FINANCIALS,6
"Petõháza, Gyári u. 4/a szám",REAL ESTATE,6
"Pezsgõ-, Bor-, Üdítõital",CONSUMER STAPLES,6
"Pezsgõ-, Bor-, Üdítõital-",CONSUMER STAPLES,6
Pharma International,REAL ESTATE,6
Pharma Orvos és Gyógyszert,HEALTH CARE,6
Pharmanox Szolgáltató és,HEALTH CARE,6
Philips Lighting Hungary,INDUSTRIALS,6
Phlegon Energetikai Fejlesztõ,INDUSTRIALS,6
Photonax Optoelektronikai,NOT RELEVANT,6
Piac Gyógyszertár,CONSUMER STAPLES,6
Piac utca 74. sz.,REAL ESTATE,6
Piac és Vásárcsarnok,REAL ESTATE,6
Piarista Diáksportegyesület,NOT RELEVANT,6
Pick Gyermeknevelési,NOT RELEVANT,6
Pickné Tordai Ágnes Viktória Õsterm,CONSUMER STAPLES,6
Pictures Korlátolt,COMMUNICATIONS,6
Pig Improvement Magyarország,CONSUMER STAPLES,6
Pig Korlátolt Felelõsségû,CONSUMER STAPLES,6
Pikopack,MATERIALS,6
Piliskert Kertészeti,CONSUMER STAPLES,6
Pilismaróti Közös Önkormányzati Hiv,NOT RELEVANT,6
Pille u. 24.,REAL ESTATE,6
Pille-Ostyasütõ,CONSUMER STAPLES,6
Pincészet,CONSUMER STAPLES,6
Pincészet és Szõlõbirtok,NOT RELEVANT,6
Pingui,CONSUMER STAPLES,6
Pingvin,CONSUMER STAPLES,6
Pioneer Hi-bred Magyarország,CONSUMER STAPLES,6
Piros Pöttyös Labdám Neked Adom Szó,CONSUMER DISCRETIONARY,6
Piroska tér 3.,REAL ESTATE,6
"Piszkei 6.1 Társasház, Lábatlan",REAL ESTATE,6
"Piszkei Papír Zrt. ""f.a.""",MATERIALS,6
Plan Energy Környezetvédelmi,INDUSTRIALS,6
Planet Autopark-kezelo Ertekesito e,INDUSTRIALS,6
Planet Rent Szolgáltató,NOT RELEVANT,6
Planning & Trading Kereskedelmi,CONSUMER DISCRETIONARY,6
Plastic Gyártó és,NOT RELEVANT,6
Plastimat Magyarország,CONSUMER DISCRETIONARY,6
Platform Zártkörûen Mûködõ,CONSUMER STAPLES,6
Platán 35 Gyógyszertár Betéti,CONSUMER STAPLES,6
Platán sor 18-20.,REAL ESTATE,6
Platán sor 7A,REAL ESTATE,6
Plazma Média Reklámszolgáltató,NOT RELEVANT,6
Plazmadata Technológia,NOT RELEVANT,6
Plus K Kereskedelmi és,CONSUMER STAPLES,6
Plus+,NOT RELEVANT,6
PolSolar Korlátolt Felelõsségû,UTILITIES,6
Polgári,NOT RELEVANT,6
Polgárszõlõ u. 24-26.,FINANCIALS,6
Pollack M. út 8.,REAL ESTATE,6
Polmetál Pruszynski Lemezgyártó,INDUSTRIALS,6
Polonkai és Nagy Kereskedelmi,INDUSTRIALS,6
Polyák és Társa Mezõgazdasági,NOT RELEVANT,6
Pongó Farm Termelõ és,NOT RELEVANT,6
Pool Korlátolt,INDUSTRIALS,6
"Popovics - Szabó Út- Mélyépítõ,",INDUSTRIALS,6
Pork Korlátolt Felelõsségû,CONSUMER STAPLES,6
Pornóapáti-Horvátlövõ Szennyvízberu,NOT RELEVANT,6
Porozell,NOT RELEVANT,6
Porr Bau GmbH Magyarországi Fióktel,INDUSTRIALS,6
Porr Bau GmbH Magyarországi Fióktel,NOT RELEVANT,6
Port Sale Kereskedelmi,FINANCIALS,6
Portador Cargo Fuvarozási,INDUSTRIALS,6
Portico Investments Ltd,INDUSTRIALS,6
Portico Retail,REAL ESTATE,6
Posta köz,FINANCIALS,6
Postaautó Duna Gépjármû-kereskedelm,CONSUMER DISCRETIONARY,6
Poszterház Ingatlan Center Keresked,HEALTH CARE,6
Potyondi,NOT RELEVANT,6
Powered Access,INDUSTRIALS,6
Powerstaff Aviation Korlátolt,NOT RELEVANT,6
Pozsonyi u. 6 A,FINANCIALS,6
Pre-Go Flottakezelõ Korlátolt,CONSUMER DISCRETIONARY,6
Prebeton,INDUSTRIALS,6
Preisinger Zoltán,NOT RELEVANT,6
Premi Air Simulation Korlátolt,CONSUMER DISCRETIONARY,6
Premier Outlets Center Ingatlanfejl,NOT RELEVANT,6
Present Consulting Korlátolt,REAL ESTATE,6
Pretium XXI Ingatlanforgalmazó,NOT RELEVANT,6
Prettl Electronics Hungary,INFORMATION TECHNOLOGY,6
Prezent Center Ingatlanforgalmazó,REAL ESTATE,6
Pridgeon & Clay Szerszám- és Préste,CONSUMER DISCRETIONARY,6
Prima-Soft Kereskedelmi és,NOT RELEVANT,6
Primax Group Italnagykereskedés,CONSUMER STAPLES,6
Primers Kereskedelmi,CONSUMER DISCRETIONARY,6
Primestone Invest Korlátolt,INDUSTRIALS,6
PrimoInvest Korlátolt Felelõsségû,INDUSTRIALS,6
Printerház Nyomdaipari és,CONSUMER DISCRETIONARY,6
Prior Systems,INFORMATION TECHNOLOGY,6
Prisuro Vagyonkezelõ,INDUSTRIALS,6
Privát Húsfeldolgozó Kft. - technik,CONSUMER STAPLES,6
Prizma u. 1. szám alatti,REAL ESTATE,6
Prizma-Junior Közétkeztetési,CONSUMER DISCRETIONARY,6
Pro Caroberto Nonprofit Kiemelkedõe,CONSUMER DISCRETIONARY,6
Pro Reál Ingatlanforgalmazó,NOT RELEVANT,6
Pro-Due Ingatlanfejlesztõ,NOT RELEVANT,6
Pro-Théta Ingatlanfejlesztõ,NOT RELEVANT,6
ProInterier,INDUSTRIALS,6
ProLogis Hungary Építési és,NOT RELEVANT,6
Procar Kereskedelmi,CONSUMER DISCRETIONARY,6
Prodiák,INDUSTRIALS,6
Product Bridge Kereskedelmi és,CONSUMER DISCRETIONARY,6
Production Mezõgazdasági,CONSUMER STAPLES,6
Profibaustoffe Hungaria,INDUSTRIALS,6
Profield Munkaerõ-kölcsönzõ,INDUSTRIALS,6
Profit Exim Kereskedelmi,NOT RELEVANT,6
Proform,FINANCIALS,6
Proform-BBB Projektszervezõ és,REAL ESTATE,6
Proform-KKK Projektszervezõ és,REAL ESTATE,6
Progress Promotion Korlátolt,COMMUNICATIONS,6
Progress Étteremhálózat,CONSUMER DISCRETIONARY,6
Progress-B' 90 Építõipari és Fõváll,NOT RELEVANT,6
Prohászka O. u. 53.,REAL ESTATE,6
Prohászka Ottokár,REAL ESTATE,6
Prohászka Ottokár út,REAL ESTATE,6
Prohászka utca 56.,REAL ESTATE,6
Project029 Media és Communications,CONSUMER DISCRETIONARY,6
"Projekt Ingatlanforgalmazó-, Kez",REAL ESTATE,6
Projektháló,CONSUMER DISCRETIONARY,6
Promt-Select,MATERIALS,6
Prontocome Kereskedelmi és,REAL ESTATE,6
Properitus Vagyonkezelõ,INDUSTRIALS,6
Properties,INDUSTRIALS,6
Property Korlátolt Felelõsségû,INDUSTRIALS,6
Property Market Ingatlanfejlesztõ,INDUSTRIALS,6
Propex Furnishing Solutions,CONSUMER DISCRETIONARY,6
Proschorn Hungária Kéménytechnikai,NOT RELEVANT,6
Proserver Számítástechnikai,COMMUNICATIONS,6
Protokoll Event Rendezvényszervezõ,REAL ESTATE,6
Provertha Electronic Components Ipa,INDUSTRIALS,6
Provimi Takarmánygyártó és Forgalma,NOT RELEVANT,6
Prowind Energiahasznosító,UTILITIES,6
Präzi-Hungaria,INDUSTRIALS,6
Prémium Szerszámgépszerviz,NOT RELEVANT,6
Prémium-Gastro Meat,CONSUMER STAPLES,6
Préstechnika Ipari,NOT RELEVANT,6
Prímagáz Hungária Ipari és,ENERGY,6
Psped csoport-F.A,NOT RELEVANT,6
Pticeprodukt-Bábolna Kereskedelmi,NOT RELEVANT,6
Puchard Zoltán,NOT RELEVANT,6
Puerta Nánás Kereskedelmi és,CONSUMER STAPLES,6
Pulyka Kereskedelmi és,CONSUMER STAPLES,6
"Pulyka-Java Baromfifeldolgozó,",CONSUMER STAPLES,6
Pulz u. 5.,REAL ESTATE,6
Puska Ferenc,NOT RELEVANT,6
Puskás Tivadar krt. 2-46.,REAL ESTATE,6
Puskás Tivadar krt. 28-30-,REAL ESTATE,6
Puskás Udvar Ingatlanhasznosító,NOT RELEVANT,6
Pusztakúti 12. Korlátolt,REAL ESTATE,6
Pusztaser Sertéstenyésztõ,CONSUMER STAPLES,6
Pusztavacs Víziközmû,NOT RELEVANT,6
Putz Csaba,NOT RELEVANT,6
PÁ-TAK Takarmánygyártó és Értékesít,CONSUMER STAPLES,6
PÁBLI,NOT RELEVANT,6
PÁL GÉZÁNÉ EGYÉNI VÁLLALKOZ,CONSUMER STAPLES,6
PÁLFI,NOT RELEVANT,6
PÁLI GAZDA MEZÕGAZDASÁGI,NOT RELEVANT,6
PÁPAI HÚS Zrt.,NOT RELEVANT,6
PÁPAI VÍZ- ÉS CSATORNAMÛ,UTILITIES,6
PÁPATESZÉRI TÉGLAIPARI,INDUSTRIALS,6
PÁSZTOR ANDRÁS EGYÉNI VÁLLALKOZÓ,CONSUMER STAPLES,6
PÁSZTOR-HÚS Húsipari és,CONSUMER STAPLES,6
PÁSZTORTÛZ 2000 KFT-FA,NOT RELEVANT,6
PÉCS HIPERMARKET INGATLANHASZNOSITÓ,REAL ESTATE,6
"PÉCS, TILDY ZOLTÁN U. 25-27. TÁRSAS",FINANCIALS,6
PÉCSI DIREKT Kereskedelmi és,CONSUMER DISCRETIONARY,6
PÉCSI FÜRDÕ,NOT RELEVANT,6
PÉTEGISZ Egészségügyi központ nonpr,NOT RELEVANT,6
PÉTI NITROKOMPLEX VEGYIPARI ÉS AGRO,MATERIALS,6
PÉTÁV Pécsi Távfûtõ,UTILITIES,6
PÉZO RENT KERESKEDELMI ÉS,NOT RELEVANT,6
Páfrány u. 47.,REAL ESTATE,6
Pál,NOT RELEVANT,6
Pál Brigitta,NOT RELEVANT,6
Pál Csaba õstermelõk család,CONSUMER STAPLES,6
Pál Egyéni,CONSUMER STAPLES,6
Pál Géza,CONSUMER STAPLES,6
Pál Gézáné,CONSUMER STAPLES,6
Pál-Húsbolt és Feldolgozó,NOT RELEVANT,6
Pálffy,NOT RELEVANT,6
Pálinkás,NOT RELEVANT,6
Páljános,NOT RELEVANT,6
Pállné Korpai Barbara,NOT RELEVANT,6
Pálma,REAL ESTATE,6
Pálmai Kereskedelmi és,NOT RELEVANT,6
Pályamûködtetési Zártkörûen,INDUSTRIALS,6
Pályi,NOT RELEVANT,6
Páncsity,NOT RELEVANT,6
Párkányi István,NOT RELEVANT,6
Pászti,NOT RELEVANT,6
Pásztorné Orosz Mercédesz Õster,CONSUMER STAPLES,6
Pásztory Tamás,NOT RELEVANT,6
Pátria,FINANCIALS,6
Pátria,REAL ESTATE,6
Pázmány Péter u. 7-9.,FINANCIALS,6
"Pécs, Jakabhegyi utca 8/A",REAL ESTATE,6
"Pécs, Nagy Imre út",REAL ESTATE,6
Pécs-Citycenter,NOT RELEVANT,6
Pécs-Reménypusztai Mezõgazdasági,CONSUMER STAPLES,6
Pécsi Hordó Kereskedelmi,CONSUMER STAPLES,6
Pécsi Vagyonhasznosító Zártkörûen M,REAL ESTATE,6
Pécsváradi AGROVER,CONSUMER STAPLES,6
Pék-Trade Korlátolt Felelõsségû,CONSUMER STAPLES,6
Pékség Sütõipari és,CONSUMER STAPLES,6
Pélpusztai Mezõgazdasági Zártkörüen,CONSUMER STAPLES,6
Pénzes Dávid,NOT RELEVANT,6
Pénzjegynyomda,INDUSTRIALS,6
Pénzügyi és Vállalkozási Központ,NOT RELEVANT,6
Pércsi 37 Ingatlanforgalmazó,FINANCIALS,6
Péter,NOT RELEVANT,18
Péter József,CONSUMER STAPLES,6
Péterfai u. 9. számú,REAL ESTATE,6
Péterfia Úti Gyógyszertár,CONSUMER STAPLES,6
"Pétfürdõ, Liszt Ferenc utca 27-29-3",REAL ESTATE,6
Péti Polietilén Zsák Fólia Gyártó,NOT RELEVANT,6
Pócsi u. 2. sz.-ú,REAL ESTATE,6
Póda Endre utca 4.,REAL ESTATE,6
QCerris Hungary Korlátolt,INDUSTRIALS,6
QM Hungary Kereskedelmi és Szolgált,FINANCIALS,6
QUADRÁT ÉPITÖIPARI ÉS,NOT RELEVANT,6
QUAESTEL TELEKOMMUNIKÁCIÓS,NOT RELEVANT,6
QUAESTOR Pénzügyi Tanácsadó Zártkör,REAL ESTATE,6
QUALIFORM,INDUSTRIALS,6
"QUALIFORM Aluminiumipari Termelõ,",INDUSTRIALS,6
QUALIMEX Kereskedelmi és,NOT RELEVANT,6
QUALITAS-DUO Szolgáltató,NOT RELEVANT,6
QUALITRANS-CARGO FUVAROZÓ ÉS,INDUSTRIALS,6
QUALITY PACK,MATERIALS,6
QUEEN MARY Idegenforgalmi,CONSUMER DISCRETIONARY,6
QUINTILES MAGYARORSZÁG,INDUSTRIALS,6
Quaestor,FINANCIALS,6
QualiTeam-Consult Informatikai és,INDUSTRIALS,6
Quality Pack,MATERIALS,6
Qualysoft Informatikai,INFORMATION TECHNOLOGY,6
Quehenberger Logistics HU,INDUSTRIALS,6
Quelle-Víz Plusz Kereskedelmi és,CONSUMER STAPLES,6
R & D Mechanika Korlátolt,INDUSTRIALS,6
R Zöldségtermesztõ,NOT RELEVANT,6
R&N Építõipari Korlátolt,INDUSTRIALS,6
R+R CONSULTING Kereskedelmi és Taná,NOT RELEVANT,6
R+R Periféria Kereskedelmi és,INFORMATION TECHNOLOGY,6
R-KO-N,NOT RELEVANT,6
R-KO-N MEZÕGAZDASÁGI TERMÉKFELDOLGO,INDUSTRIALS,6
R-PROJEKT 2003,REAL ESTATE,6
R.A. TRADE Kereskedelmi és,CONSUMER DISCRETIONARY,6
R.H. Magyarország Hírdetés és Rende,COMMUNICATIONS,6
RA-HUNGARY ÜZLETI TANÁCSADÓ,NOT RELEVANT,6
RACK AUTO Autóforgalmazási és,NOT RELEVANT,6
RADEL & HAHN Ipari-Szolgáltató és,INDUSTRIALS,6
RAFINANZ HOME ENTERTAINMENT,CONSUMER DISCRETIONARY,6
RAGALLI,CONSUMER STAPLES,6
RAIFFEISEN GAZDASÁGI SZOLGÁLTATÓ ZR,FINANCIALS,6
RAIFFEISEN INGATLAN ÜZEMELTETÕ ÉS,REAL ESTATE,6
RAIKER KERESKEDELMI ÉS,CONSUMER STAPLES,6
RAKAMAZI ÁLLATTENYÉSZTÉSI,NOT RELEVANT,6
RALTECH Felülettechnológiai és,NOT RELEVANT,6
RAMIRIS EUROPE,INFORMATION TECHNOLOGY,6
RAPID BETON,MATERIALS,6
RAPIDSPED Fuvarozási és Szállítmány,INDUSTRIALS,6
RAPO-BAU ÉPÍTÕIPARI,NOT RELEVANT,6
RATH Hungária Tûzálló Korlátolt Fel,MATERIALS,6
RAVIVA Ingatlanfejlesztõ és,REAL ESTATE,6
"RAmanpa Ingatlanforgalmi, Építõ",NOT RELEVANT,6
RB Szolgáltató Központ,FINANCIALS,6
RC Gazdasági és Adótanácsadó,INDUSTRIALS,6
REAL PRESS STÚDIÓ Szolgáltató,INFORMATION TECHNOLOGY,6
REAL-ISLAND INGATLANFORGALMAZÓ,NOT RELEVANT,6
REAVIS HUNGARY Szolgáltató,REAL ESTATE,6
RED-GENERÁL Építõ és Szolgáltató,INDUSTRIALS,6
RED4 ALL,INDUSTRIALS,6
REDBASKET Korlátolt Felelõsségû,CONSUMER DISCRETIONARY,6
REGA-METALL,NOT RELEVANT,6
REGIO Játékkereskedelmi,CONSUMER DISCRETIONARY,6
REGITRUCK Jármûipari Szolgáltató,CONSUMER DISCRETIONARY,6
REHABILITÁCIÓS Foglalkoztató,NOT RELEVANT,6
REHAU Forgalmazó,INDUSTRIALS,6
REIF 2000 INGATLANFORGALMAZÓ ÉS TAN,REAL ESTATE,6
REING Ingatlanhasznosító és,CONSUMER DISCRETIONARY,6
REINTEX KER ÉS SZOLG.,CONSUMER DISCRETIONARY,6
"REKON ÉPÍTÕIPARI,TERVEZÕ,KIVITELEZÕ",INDUSTRIALS,6
RELATIV-A Kereskedelmi,INDUSTRIALS,6
REMETE 96 KFT -,CONSUMER STAPLES,6
REMMERS UNGARN Építõipari Vegyianya,INDUSTRIALS,6
REMY Automotive Hungary Korlátolt,CONSUMER DISCRETIONARY,6
RENAX-CAMION Haszonjármû Értékesítõ,CONSUMER DISCRETIONARY,6
RENCZ-HOLZ Kereskedelmi,NOT RELEVANT,6
RENDEZVÉNYKÖZPONT,NOT RELEVANT,6
RENERWIND Energetikai,UTILITIES,6
RENNER Kereskedelmi - Szolgáltató Z,MATERIALS,6
RENOMÉ-FERRO Kereskedelmi és,CONSUMER DISCRETIONARY,6
RENT A-K Korlátolt Felelõsségû,REAL ESTATE,6
RESRG Automotive HU Korlátolt,INDUSTRIALS,6
RETOUR KERESKEDÕHÁZ,NOT RELEVANT,6
REVCO Magyarország Kereskedelmi,INDUSTRIALS,6
REVCOLOR BAU Építõipari,NOT RELEVANT,6
REX International Kereskedelmi,NOT RELEVANT,6
REXTRA Kereskedelmi,HEALTH CARE,6
REÁL PORTFÓLIÓ Ingatlanforgalmazó,NOT RELEVANT,6
RF Ingatlanforgalmazó és,NOT RELEVANT,6
RFV Beruházó,INDUSTRIALS,6
RFV PANELREKONSTRUKCIÓS Kft.,NOT RELEVANT,6
RH INVEST VAGYONKEZELÕ,NOT RELEVANT,6
RHINOLIGHT KERESKEDELMI,NOT RELEVANT,6
RI Rendszerintegrációs,NOT RELEVANT,6
RIB-LINE Bútoripari Kereskedelmi,CONSUMER DISCRETIONARY,6
RIC Kereskedelmi és Szolgáltató,NOT RELEVANT,6
RICHARD FRITZ Korlátolt,CONSUMER DISCRETIONARY,6
RICHTER GEDEON,HEALTH CARE,6
RIEL Elektronikai Korlátolt,INDUSTRIALS,6
"RIKY 2000 FELDOLGOZÓ,",NOT RELEVANT,6
RIMAX Ipari és Kereskedelmi,INDUSTRIALS,6
RIMEX PLUSSZ KIVITELEZÕ ÉS SZOLGKFT,NOT RELEVANT,6
RING AUTOHÁZ,CONSUMER DISCRETIONARY,6
RITEK Regionális Információtechnoló,INFORMATION TECHNOLOGY,6
RITIST KERESKEDELMI ÉS,NOT RELEVANT,6
RK-ÉP Korlátolt Felelõsségû,INDUSTRIALS,6
RKB EPITO Kft.,NOT RELEVANT,6
RKK76 Invest Vagyonkezelõ,FINANCIALS,6
RLP Raiffeisen Lakópark Program Som,NOT RELEVANT,6
RM TS KEMONT,NOT RELEVANT,6
RML Immobil,FINANCIALS,6
RML Immobil Ingatlanforgalmazó-,REAL ESTATE,6
ROBBEN Kereskedelmi és,NOT RELEVANT,6
ROBIOL Étolajgyártó és,NOT RELEVANT,6
ROBUST Plastics,CONSUMER DISCRETIONARY,6
ROBUST Plastics Hungary,CONSUMER DISCRETIONARY,6
ROBUST Real Estate Hungary,REAL ESTATE,6
ROCK OIL Kereskedelmi és,CONSUMER DISCRETIONARY,6
ROCKWELL-D BETONGYÁRTÓ,NOT RELEVANT,6
RODEN MÉRNÖKI IRODA,INDUSTRIALS,6
ROKOS Szolgáltató és Kereskedelmi,NOT RELEVANT,6
ROLAND East Europe Hangszer Nagyker,CONSUMER DISCRETIONARY,6
"ROLAND-DIVATHÁZ Ipari,",CONSUMER DISCRETIONARY,6
ROLLA-2000 KERESKEDELMI,NOT RELEVANT,6
ROLLSPED Szállitó és Szállitmányozó,INDUSTRIALS,6
ROMBUSZ 04,CONSUMER STAPLES,6
ROMPETROL Kereskedelmi és,REAL ESTATE,6
"RONEKO IPARI, SZOLGÁLTATO ÉS KERESK",INDUSTRIALS,6
ROSAVIN Bortermelõ Kereskedelmi,CONSUMER STAPLES,6
ROSEWOOD PROPERTY ING.FEJLESZTÕ,FINANCIALS,6
ROSMARIN,CONSUMER STAPLES,6
"ROSSIMO Ingatlanforgalmazó, Ingatla",CONSUMER DISCRETIONARY,6
ROSSMANN MAGYARORSZÁG,CONSUMER DISCRETIONARY,6
ROTARY Fúrási,ENERGY,6
ROTTE Kereskedelmi és Szolgáltató,INDUSTRIALS,6
ROTTEX IPARI ÉS TURISZTIKAI KFT.,NOT RELEVANT,6
ROUST Hungary Italáru-importõr és,CONSUMER STAPLES,6
ROWELLA Vállalkozási,INDUSTRIALS,6
ROXIN-ROCCO Általános,CONSUMER STAPLES,6
ROXY Media Company Korlátolt,COMMUNICATIONS,6
ROYAL HÚS Ipari - Kereskedelmi -,CONSUMER STAPLES,6
ROYAL SPED Szállítmányozói,INDUSTRIALS,6
ROYAL-BAU Építõipari Kivitelezõ Rés,NOT RELEVANT,6
ROYALSEKT,CONSUMER STAPLES,6
RRE,INDUSTRIALS,6
RRE-SZEGED NYOMDAIPARI,INDUSTRIALS,6
RSI,NOT RELEVANT,6
RSR NITRO Logisztikai és,NOT RELEVANT,6
RTF Cattle Korlátolt Felelõsségû,INDUSTRIALS,6
RTK Production Holding Zártkörûen,INDUSTRIALS,6
RTL TELEVÍZIÓ,CONSUMER DISCRETIONARY,6
RUBINPHARMA GYÓGYSZERÉSZETI,CONSUMER STAPLES,6
RUBINVEST-INGATLAN Ingatlanhasznosí,CONSUMER STAPLES,6
RUFUSZ COMPUTER RENDSZERHÁZ,NOT RELEVANT,6
RUTTNER FARM KLUB,NOT RELEVANT,6
RVH ZALAEGERSZEG INGATLANFEJLESZTÕ,NOT RELEVANT,6
RWA Magyarország,CONSUMER STAPLES,6
RWi Textilservice,INDUSTRIALS,6
RYNART Transport Hungary,NOT RELEVANT,6
Raaberlog Nemzetközi,INDUSTRIALS,6
Rabcsánszki,NOT RELEVANT,6
RacioNet Számítástechnikai,INFORMATION TECHNOLOGY,6
Radnai,NOT RELEVANT,6
Radnóti,REAL ESTATE,6
Radnóty Zoltán,NOT RELEVANT,6
Rafael,NOT RELEVANT,6
Rahimkulov,CONSUMER STAPLES,6
Raiffeisen Energiaszolgáltató,INDUSTRIALS,6
Raiffeisen Eszközértékesítõ,CONSUMER DISCRETIONARY,6
Rail,INDUSTRIALS,6
Rail Cargo Hungaria Árufuvarozási,INDUSTRIALS,6
RailCert Hungary Korlátolt,INDUSTRIALS,6
Rak-Tár Szolgáltató,CONSUMER STAPLES,6
"Rakszer 2000 Kft. ""f.a""",INDUSTRIALS,6
Rakéta u.,FINANCIALS,6
Raland Ingatlanhasznosító és,NOT RELEVANT,6
Ralos Naperõmû Befektetési,INDUSTRIALS,6
Ramblon Property,REAL ESTATE,6
Randli Agrár Mezõgazdasági,CONSUMER STAPLES,6
Ranolder Badacsony Kereskedelmi,NOT RELEVANT,6
Rappay,NOT RELEVANT,6
Ravago Building Solutions Hungary,INDUSTRIALS,6
ReCons Vagyonkezelõ és Fejlesztõ,INDUSTRIALS,6
"Real Befektetõ,",INDUSTRIALS,6
Real Estate Holding,NOT RELEVANT,6
Real Estate Ingatlanforgalmazó,NOT RELEVANT,6
Real Estate Korlátolt,CONSUMER DISCRETIONARY,6
Real Estate Management,FINANCIALS,6
Real Hungária Élelmiszer,CONSUMER STAPLES,6
Realtherm Nyílászárógyártó És,INDUSTRIALS,6
Rean INTrade Kereskedelmi és,CONSUMER DISCRETIONARY,6
Rear Fix Korlátolt Felelõsségû,INDUSTRIALS,6
Rebamey Holding,REAL ESTATE,6
Rebel Rouse Szolgáltató,CONSUMER DISCRETIONARY,6
Rec-Org Plusz Haszonanyag-kereskedõ,INDUSTRIALS,6
Reckitt Benckiser Kereskedelmi,CONSUMER STAPLES,6
Recontra Ingatlanhasznosító és Üzem,REAL ESTATE,6
Recymet Industries Kereskedelmi,INDUSTRIALS,6
Referencia Cafe,CONSUMER STAPLES,6
Referencia Mosodák Szolgáltató,INDUSTRIALS,6
Referencia Security Ingatlankez,INDUSTRIALS,6
Rege u. 8-10. sz.,FINANCIALS,6
Regia-Sun-Car,NOT RELEVANT,6
Regina Tabak,CONSUMER STAPLES,6
Region Capital Holding Korlátolt,FINANCIALS,6
Regionális és Innovációs,NOT RELEVANT,6
"Regus ""Kálmán"" Kereskedelmi és",REAL ESTATE,6
Reile Géza u. 2-4. sz.,REAL ESTATE,6
Rein Péter Egyéni,CONSUMER STAPLES,6
Reinhold Meister Hungary Vizi Létes,NOT RELEVANT,6
Reklám Reklámügynökségi és Fil,CONSUMER DISCRETIONARY,6
Reklámmester Trió Szolgáltató,INDUSTRIALS,6
Rekultív Magyarország Környezetvéde,INDUSTRIALS,6
Reliable Energy Group Zártkörûen,INFORMATION TECHNOLOGY,6
"Remete Gabona Beszerzö,",CONSUMER STAPLES,6
Renault Trucks Hungária Korlátolt,CONSUMER DISCRETIONARY,6
Rendezvény- és Médiaközpont,CONSUMER DISCRETIONARY,6
Rendezvényszervezõ,NOT RELEVANT,6
Reneszánsz Kõfaragó,NOT RELEVANT,6
Renewable Energy Storage,INDUSTRIALS,6
Renewables Korlátolt,UTILITIES,6
Renitex,CONSUMER DISCRETIONARY,6
Rent,CONSUMER DISCRETIONARY,6
Rent Korlátolt,CONSUMER DISCRETIONARY,6
Rent a Truck Kft.,INDUSTRIALS,6
Rental Targonca,INDUSTRIALS,6
Renátó Trade Kereskedelmi és,CONSUMER STAPLES,6
Replant 4 Care Kereskedelmi és,HEALTH CARE,6
Reptéri út 9.,REAL ESTATE,6
Resilux Közép-Európa Csomagolástech,MATERIALS,6
Resonator Vallalkozasi es,INDUSTRIALS,6
Resources Hungary,INDUSTRIALS,6
Reszegi László Miklós,CONSUMER STAPLES,6
Retail Service,CONSUMER STAPLES,6
Retek u. 11. sz.,REAL ESTATE,6
Retek u. 2. sz.,REAL ESTATE,6
Retek u. 3.,FINANCIALS,6
Retek u. 5.,FINANCIALS,6
Retek u. 6A és 6B,FINANCIALS,6
Retek utca,FINANCIALS,6
Retro-Invest Kereskedelmi és,NOT RELEVANT,6
Rewin Magyarország Korlátolt,INDUSTRIALS,6
RexTerra Építõipari Fõvállalkozó,NOT RELEVANT,6
Rezsu,NOT RELEVANT,6
Rho Korlátolt,UTILITIES,6
Richter Gedeon Vegyészeti Gyár Nyil,HEALTH CARE,6
Rigó u. 61-65,FINANCIALS,6
"Ring-Autó Autójavító, Forgalmazó,",CONSUMER DISCRETIONARY,6
Ritter,NOT RELEVANT,6
River Club Vendéglátóipari,NOT RELEVANT,6
Road Racing Team Hungary Sport,NOT RELEVANT,6
Roadinvestment Korlátolt,INDUSTRIALS,6
Roastar Zártkörûen Mûködõ,CONSUMER STAPLES,6
Rock Oil,CONSUMER DISCRETIONARY,6
Rockwool Hungary Szigetelõanyaggyár,MATERIALS,6
Rohonci u. 60-62,REAL ESTATE,6
Rohr Károly,NOT RELEVANT,6
Roken Tobacco,CONSUMER STAPLES,6
Roland Erik,NOT RELEVANT,6
Roma Education Fund,NOT RELEVANT,6
Románia SRL Magyarországi Fiókt,INDUSTRIALS,6
Rona Mezogazdasagi Szovetkezet,CONSUMER STAPLES,6
Rooftop Group Hungary,CONSUMER DISCRETIONARY,6
Rosa 55 Hungary,REAL ESTATE,6
Rosenbaum,NOT RELEVANT,6
Rosenberg Hungária Lég- és Klímatec,INDUSTRIALS,6
Rosenberg u. 17-19.sz.Tá,REAL ESTATE,6
Rosenberg u. 2.,FINANCIALS,6
Rosenberg u. 9-11.,REAL ESTATE,6
Rosenberg út 8.,REAL ESTATE,6
Rosta,NOT RELEVANT,6
Rovitex Homedeco Korlátolt,CONSUMER DISCRETIONARY,6
Roxin-Rocco Altalanos,FINANCIALS,6
Royal Sales International,CONSUMER DISCRETIONARY,6
Rozsos,NOT RELEVANT,6
Rub-Trans Szállítmányozó,REAL ESTATE,6
Rubik,NOT RELEVANT,6
Rubix Magyarország Kereskedelmi,CONSUMER DISCRETIONARY,6
Rubok,CONSUMER STAPLES,6
Rudi Trans,INDUSTRIALS,6
Rudi Transport Korlátolt,INDUSTRIALS,6
Ruform Betonvaskereskedelmi és Feld,INFORMATION TECHNOLOGY,6
Rufusz Computer Informatika Informa,INFORMATION TECHNOLOGY,6
Rum és Térsége Viziközmû,NOT RELEVANT,6
Russmedia Ingatlanhasznosító,REAL ESTATE,6
Rutengo Hungary Befektetési,INDUSTRIALS,6
Rutin Építõipari Fõvállalkozó,NOT RELEVANT,6
"Rutsek P. u. 6-8-10., Er",FINANCIALS,6
Rutsek Pál u. 2-4,REAL ESTATE,6
Rymond 54 Ingatlanüzemeltetõ és -ha,REAL ESTATE,6
RÁBA,INDUSTRIALS,6
RÁBA Jármûipari Alkatrészgyártó,CONSUMER DISCRETIONARY,6
RÁBA-FRONT TÜZ.ÉS BIZTONSÁGTECG.KFT,NOT RELEVANT,6
RÁBA-FUTÓMÛ GYÁRTÓ ÉS,INDUSTRIALS,6
RÁCKEVE ÉS TÉRSÉGE BERUHÁZÓ VIZ.TÁR,NOT RELEVANT,6
RÁCKEVEI Mezõgazdagasági és,CONSUMER STAPLES,6
RÁCZ JÓZSEF,CONSUMER STAPLES,6
RÁCZ JÓZSEFNÉ,NOT RELEVANT,6
RÁDI PÉKSÉG SÜTÕIPARI,CONSUMER STAPLES,6
RÁKOCZI F U 31-33/ABC,FINANCIALS,6
RÁKOS MEZEJE AGRO MEZÖGAZDASÁGI,NOT RELEVANT,6
RÁVNA Mezõgazdasági Értékesítõ és,NOT RELEVANT,6
RÉDE Építõ,FINANCIALS,6
RÉVÉSZ EUROTRANS SZÁLLÍTM.,NOT RELEVANT,6
RÉVÉSZ SZÁLLÍTMÁNYOZÁS,INDUSTRIALS,6
RÉVÉSZ TRANS Nemzetközi Fuvarozó,INDUSTRIALS,6
RÉVÉSZ-AUTO Kereskedelmi és,CONSUMER DISCRETIONARY,6
RÓZSAVÖLGYI,NOT RELEVANT,6
RÓZSAVÖLGYI ÉS TSA KIADÓI ÉS KER.,CONSUMER DISCRETIONARY,6
RÓZSÁS MAJOR,NOT RELEVANT,6
RÜK Repülõtéri Üzemanyag Kiszolgáló,INDUSTRIALS,6
Rácz,NOT RELEVANT,6
Rádai,NOT RELEVANT,6
"Rádió út 21-22A,B",REAL ESTATE,6
Rákóczi F. u. 8-10-12.,REAL ESTATE,6
Rákóczi Ferenc u. 53.,REAL ESTATE,6
Rákóczi Ferenc u. 58-60-,REAL ESTATE,6
Rákóczi Ferenc út 32-34-,REAL ESTATE,6
Rákóczi u 16-18,REAL ESTATE,6
Rákóczi u. 11.,FINANCIALS,6
Rákóczi u. 2.,REAL ESTATE,6
Rákóczi u. 29.,FINANCIALS,6
Rákóczi u. 4.,REAL ESTATE,6
Rákóczi út 28-30.,REAL ESTATE,6
Rákóczi út 39,FINANCIALS,6
RéDol Kereskedelmi Korlátolt,CONSUMER STAPLES,6
Récsei Tabak,CONSUMER STAPLES,6
Régió Tankönyv,CONSUMER DISCRETIONARY,6
Régió Vagyonkezelõ,FINANCIALS,6
Répa,NOT RELEVANT,6
Répce Fejlesztési és Informatikai,INFORMATION TECHNOLOGY,6
Részi Property KRCG Korlátolt,REAL ESTATE,6
Rét u. 13. szám alatti,REAL ESTATE,6
Rét utca 25.,REAL ESTATE,6
Rét utca 7.,REAL ESTATE,6
Réteg-Rend Építõ Tanácsadó és,INDUSTRIALS,6
Réthi Saagh Invest Vagyonkezelõ,REAL ESTATE,6
Révai Nyomda,NOT RELEVANT,6
Róbert,NOT RELEVANT,24
Róbert Ev.,CONSUMER STAPLES,6
Rókusi krt. 13. A-B,REAL ESTATE,6
Rókusi krt. 15. sz.,REAL ESTATE,6
Rókusi krt. 21.,REAL ESTATE,6
Rókusi krt. 25.,REAL ESTATE,6
Római Flat Ingatlanberuházó és Hasz,NOT RELEVANT,6
Rónai Rezidencia,REAL ESTATE,6
Rónaszéki,NOT RELEVANT,6
Rónasági Gasztro Sütõipari,CONSUMER STAPLES,6
Rónasági Kenyér Sütõipari,NOT RELEVANT,6
Rónay Jácint u. 6/B. számú,REAL ESTATE,6
Rónay Jácint út 9/B. Tárasház,REAL ESTATE,6
Róth,NOT RELEVANT,6
Rózsa u. 11.,REAL ESTATE,6
Rózsa u. 19.,REAL ESTATE,6
Rózsa u. 21.,FINANCIALS,6
Rózsa út 22.,FINANCIALS,6
Rózsabokor Ingatlanhasznosító,FINANCIALS,6
Röplabda,NOT RELEVANT,6
Röszkei Kossuth Mezõgazdasági Szöve,CONSUMER STAPLES,6
S D AGRÁRPRODUKT Termelõ és Tanác,CONSUMER STAPLES,6
S D PIG,CONSUMER STAPLES,6
S'LARIX Kereskedelmi és,FINANCIALS,6
S-Algyõ Ingatlanhasznosító,NOT RELEVANT,6
S-Erdõgazdálkodó,MATERIALS,6
S-Food Gastronomy Kereskedelmi és,CONSUMER DISCRETIONARY,6
S-Hotel Fejlesztõ,REAL ESTATE,6
S-Korona Kereskedõ,NOT RELEVANT,6
S-ÉPSZER Kft.,INDUSTRIALS,6
S.B. Trans & Spedition,CONSUMER STAPLES,6
S.BEDI Kereskedelmi,CONSUMER STAPLES,6
S.C.S. 2004 Ügyviteli Tanácsadó,NOT RELEVANT,6
S.H.T. FOOD Kereskedelmi és,INDUSTRIALS,6
S.K.N.V. NEW BOX KERESKEDELMI ÉS,NOT RELEVANT,6
SADE-Magyarország Mélyépítõ,NOT RELEVANT,6
SAG HUNGARIA,NOT RELEVANT,6
SAINT GOBAIN HUNGARY,MATERIALS,6
SAJT-CENTRUM PLUSZ Sajt Nagykereske,CONSUMER STAPLES,6
SAKANO,NOT RELEVANT,6
SALES ONE Kereskedelmi és,CONSUMER DISCRETIONARY,6
SALGÓ-SÍK Salgótarjáni Síküvegfeldo,NOT RELEVANT,6
SALGÓTARJÁN CSATORNA VIZIK.TÁRS,NOT RELEVANT,6
SALIX Kereskedelmi,CONSUMER DISCRETIONARY,6
SALVE REX,CONSUMER STAPLES,6
SALVIA Patikárius Kft.,NOT RELEVANT,6
SALZGITTER MANNESMANN ACELKERESKEDE,INDUSTRIALS,6
"SAMATA IPARI, KERESKEDELMI ÉS",NOT RELEVANT,6
SAN-TEC INGATLANHASZNOSÍTÓ,NOT RELEVANT,6
SANDRA DESIGN Kárpitos,CONSUMER DISCRETIONARY,6
SANDRA FORM EUROMOBILI Bútoripari,NOT RELEVANT,6
SANOFI-AVENTIS Magyarország,HEALTH CARE,6
SANTE KÉZILABDA Sport- és Reklámsze,NOT RELEVANT,6
SANU-ONE Szolgáltató,REAL ESTATE,6
SANU-THREE Szolgáltató,REAL ESTATE,6
SARAR Hungary Textilkereskedelmi,NOT RELEVANT,6
SARLÓ U.2.,FINANCIALS,6
SARPI Dorog Környezetvédelmi,INDUSTRIALS,6
SASAD VAGYONKEZELÕ,NOT RELEVANT,6
SASVÁRI Kereskedelmi és,CONSUMER DISCRETIONARY,6
SATIO Vagyonkezelõ,NOT RELEVANT,6
SAUTER Épület Automatikai és Rendsz,INDUSTRIALS,6
SAVARIA DEBRECEN Jármûforgalm,CONSUMER DISCRETIONARY,6
SAVARIA Jármûforgalmazó és,CONSUMER DISCRETIONARY,6
SAVE Befektetõ és Pénzügyi,REAL ESTATE,6
SAWI VAGYONHASZNOSÍTÓ,NOT RELEVANT,6
"SBI ""Rózsa"" Ingatlanforgalmazó és",NOT RELEVANT,6
SBK TRADE Informatika,CONSUMER DISCRETIONARY,6
"SBS Szerelõ, Javító és",INDUSTRIALS,6
SCANIA HUNGÁRIA Kereskedelmi és,CONSUMER DISCRETIONARY,6
SCD Group Management,NOT RELEVANT,6
SCD QUINLAN PRIVATE BALATON DEVELOP,REAL ESTATE,6
SCHALLI & Partners Consulting Gazda,NOT RELEVANT,6
SCHARMANN-GYÓRÓ MG. KER.,NOT RELEVANT,6
SCHENK ÉS TÁRSA KER.IP.SZOLG.KFT.,NOT RELEVANT,6
SCHERG LÕRINC PATAKI Erdõbirtokossá,CONSUMER STAPLES,6
SCHILLER FLOTTA Autópark Kezelõ,FINANCIALS,6
SCHIN Ingatlanhasznosító és Kezelõ,CONSUMER DISCRETIONARY,6
SCHINDLER HUNGÁRIA LIFT ÉS MOZGÓLÉP,INDUSTRIALS,6
SCHMIDT SZILÁRD,NOT RELEVANT,6
SCHNEIDER AUTÓHÁZ Kereskedelmi és,CONSUMER DISCRETIONARY,6
"SCHROTTPRESSER Hulladék-feldolgozó,",NOT RELEVANT,6
SCI TARGET,INDUSTRIALS,6
SCITEC,CONSUMER STAPLES,6
SCITEC Ipari és Kereskedelmi,CONSUMER STAPLES,6
SCORPIO KERESKEDELMI ÉS SZOLG.,INDUSTRIALS,6
SCP AUTÓ KERESKEDELMI,NOT RELEVANT,6
SCT Kárász utca Ingatlankezelõ,INDUSTRIALS,6
SCT MILFAV Ingatlanfejlesztõ és Ing,NOT RELEVANT,6
SCTE First Property developer and,REAL ESTATE,6
SCTH BUDAÕRS Ingatlanforgalmazó,NOT RELEVANT,6
SCTKAR BIATORBÁGY,NOT RELEVANT,6
SCTO FOGARASI ÚT,NOT RELEVANT,6
SCTS SZERENCS INGATLANFEJLESZTÕ,NOT RELEVANT,6
SDI Magyarország Gyártó,CONSUMER DISCRETIONARY,6
SEACO OIL & GAS /OVERSEAS/ LIMITED,CONSUMER STAPLES,6
SEBOK TRANSPORTE,NOT RELEVANT,6
SEBÕK TRANSPORTE JUNIOR SZÁLLÍTMÁNY,INDUSTRIALS,6
SEC Gyengeáramú Tervezõ,INDUSTRIALS,6
SECENERGY HUNGARY,UTILITIES,6
SEED-IMEX VETÕMAG-ÉS MG.-I GÉPKER.,CONSUMER STAPLES,6
SEM IX. Városfejlesztõ,FINANCIALS,6
SEMATIC HUNGÁRIA Felvonógyártó és,INDUSTRIALS,6
SEMEN Vetõmag Termeltetõ és,CONSUMER STAPLES,6
SEMILAB Félvezetõ Fizikai Laboratór,INFORMATION TECHNOLOGY,6
SEMINARY Kereskedelmi és Vendéglátó,NOT RELEVANT,6
SEND-EX 2000 Kereskedelmi és,CONSUMER STAPLES,6
SEONHU,UTILITIES,6
SEREG-TEJ SZARVASMARHATENYÉSZTÕ,CONSUMER STAPLES,6
SERTÁP Korlátolt Felelõsségû,CONSUMER STAPLES,6
SERVICE CENTRUM,NOT RELEVANT,6
SERVICE IDEGENFORGALMI,NOT RELEVANT,6
SERVICO-ÉPITÖ Ipari,INDUSTRIALS,6
SES Magyarország,REAL ESTATE,6
SEUSO VÁROSÉPÍTÕ,NOT RELEVANT,6
SEWS Komponens és Elektronika Európ,CONSUMER DISCRETIONARY,6
SF-GLOVE KER. ÉS SZOLG.BÕRIPARI,NOT RELEVANT,6
SFL PACK DEPO Szolgáltató,INDUSTRIALS,6
SFL technologies,NOT RELEVANT,6
SFS Group Hungary,INDUSTRIALS,6
SH Szoftverház Korlátolt,NOT RELEVANT,6
SHEPHERD-FLEET Autóparkkezelõ,FINANCIALS,6
SHINHEUNG,CONSUMER DISCRETIONARY,6
SHINHEUNG SEC EU,CONSUMER DISCRETIONARY,6
SHINWA Magyarország Precíziós,CONSUMER DISCRETIONARY,6
SHOFAR INGATLANFEJLESZTÕ,NOT RELEVANT,6
SHOP,CONSUMER STAPLES,6
SHOP-ASSISTANT Építõipari és,INDUSTRIALS,6
SHOPGUARD Kereskedelmi Korlátolt,INDUSTRIALS,6
SHOPTEC Fémárugyártó,INDUSTRIALS,6
SHOUSE KERESKEDÕ ÉS SZOLGÁLTATÓ,NOT RELEVANT,6
SHS-Építõ Tervezõ és Kivitelezõ,INDUSTRIALS,6
SI-VÁR Mezõgazdasági Kereskedelmi,CONSUMER STAPLES,6
SIBERIS Pannon Beruházás-szervezõ,REAL ESTATE,6
SICORTEC Kereskedelmi és,CONSUMER STAPLES,6
"SIEMENS termelõ, szolgáltató és ker",INDUSTRIALS,6
SIGNAL Általános Vállalkozási,NOT RELEVANT,6
SIGNUM ALFA TEAM Kereskedelmi és,INDUSTRIALS,6
SIKER,FINANCIALS,6
SIKONDA INVEST Korlátolt,REAL ESTATE,6
SIKÉR SÜTÕIPARI ÉS KERESKEDELMI,NOT RELEVANT,6
SILCO Minõségi Acéltermékek,NOT RELEVANT,6
SILVER SLOT 5000 Pénznyerõ Automatá,CONSUMER DISCRETIONARY,6
SIMA ÚT ÚT- ÉS KÖZMÛÉPÍTÕ KFT.,NOT RELEVANT,6
SIMAX TRADE,NOT RELEVANT,6
SIMOTRADE KERESKEDELMI ES T.K.F.T.,INDUSTRIALS,6
"SIO-TRANS SZÁLLITMÁNYOZÓ,",INDUSTRIALS,6
SIPO CONNECT Gyógyszer-nagykeresked,COMMUNICATIONS,6
SIROMA- PLAST MÜANYAGIPARI,CONSUMER DISCRETIONARY,6
SIÓ-ECKES Élelmiszergyártó és,CONSUMER STAPLES,6
"SIÓFOK, DÓZSA GY.U.42.",REAL ESTATE,6
SK AUDIT Gazdasági Tanácsadó,REAL ESTATE,6
"SK ecoengineering Co., Ltd.",INDUSTRIALS,6
SKOGLUND Nemzetközi Szállítmányozás,NOT RELEVANT,6
SKUBA Hungária Kereskedelmi,CONSUMER DISCRETIONARY,6
SKYEUROPE AIRLINES HUNGARY LEGI,NOT RELEVANT,6
SKYLINE TICKETS Kereskedelmi,CONSUMER DISCRETIONARY,6
SKÁLA DIVATHÁZ KERESKEDELMI,NOT RELEVANT,6
SKÁLA DR PEACE INT. Befektetõ,REAL ESTATE,6
SLOTT ÉPÍTÉSI ÉS INGATLANHASZNOSÍTÁ,NOT RELEVANT,6
SMARAGD-INVEST Beruházó Korlátolt,NOT RELEVANT,6
SMART'73 KERESKEDELMI Korlátolt,CONSUMER DISCRETIONARY,6
SMART-AGRO Mezõgazdasági Termelõ,NOT RELEVANT,6
SMR Automotive Mirror Technology Hu,CONSUMER DISCRETIONARY,6
SMURFIT KAPPA DUNATRADE,NOT RELEVANT,6
SNABBIS KERESKEDELMI ÉS,CONSUMER STAPLES,6
SNAPPY Kereskedelmi és,NOT RELEVANT,6
SOB 2003 Ingatlanforgalmazó- és Üze,NOT RELEVANT,6
SOGELINK HUNGARY Szoftverfejlesztõ,INFORMATION TECHNOLOGY,6
SOH Vagyonkezelõ Korlátolt,REAL ESTATE,6
"SOKORO-THERM ÉPÜLETGÉPÉSZETI,",NOT RELEVANT,6
SOLAR BÉTA Korlátolt,NOT RELEVANT,6
SOLARGATE Energetikai Beruházó,UTILITIES,6
SOLARIS'94 KERESKEDELMI ÉS,CONSUMER DISCRETIONARY,6
"SOLE-MiZo Tejterméket Gyártó, Forga",CONSUMER STAPLES,6
SOLIDUS PHARMA Kiskereskedelmi és,CONSUMER STAPLES,6
SOLTKER Kereskedelmi és,NOT RELEVANT,6
SOLUM Mezõgazdasági Ipari és,CONSUMER STAPLES,6
SOLUTIONS,INFORMATION TECHNOLOGY,6
SOLUTIONS KERESKEDELMI ÉS SZO,INFORMATION TECHNOLOGY,6
SOLUTIONS Szolgáltató és,NOT RELEVANT,6
SOLVARO,INDUSTRIALS,6
SOLYBOR Szõlõtermelõ és,NOT RELEVANT,6
SOLYI U 10. SZ,REAL ESTATE,6
SOLYMÁR,CONSUMER DISCRETIONARY,6
SOLÁK Kereskedelmi és Vendéglátóipa,NOT RELEVANT,6
SOLÁRKER,NOT RELEVANT,6
SOMA-FÖLD Építõipari és,INDUSTRIALS,6
SOMARI Ingatlanforgalmazó,REAL ESTATE,6
SOMLAI TRUCK Kereskedelmi és,CONSUMER DISCRETIONARY,6
SOMLOTÁJA VADÁSZTÁRSASÁG,NOT RELEVANT,6
SOMLÓ HOLDING,INDUSTRIALS,6
SOMLÓ VOLÁN KÖZLEKEDÉSI,NOT RELEVANT,6
SOMMER,CONSUMER DISCRETIONARY,6
SOMOGYI Mezõgazdasági és,NOT RELEVANT,6
SOMOGYI-ELEKTRONIC TRADE,CONSUMER DISCRETIONARY,6
SOMOS TOKAJ WINERY,CONSUMER STAPLES,6
SONEPAR MAGYARORSZÁG KERESKEDELMI,NOT RELEVANT,6
SONNEK ENGINEERING,INDUSTRIALS,6
SORGYAR,CONSUMER STAPLES,12
SORTIMENT KERESKEDELMI,NOT RELEVANT,6
SOS-MED Investment Ingatlanhasznosí,HEALTH CARE,6
SPAR Magyarország Kereskedelmi,CONSUMER STAPLES,6
SPATULA Patikárius,CONSUMER STAPLES,6
SPED Fuvarozási és,INDUSTRIALS,6
SPED-PACK Logistics Logisztikai,INDUSTRIALS,6
SPED-PACK Packaging Csomagolástechn,CONSUMER DISCRETIONARY,6
SPED-ÉPGÉP Építõipari Gépészeti,INDUSTRIALS,6
SPEDLOG Fuvarozó és Szállítmányozó,NOT RELEVANT,6
SPEKULA Korlátolt Felelõsségû,CONSUMER STAPLES,6
SPG Sportcikk Kereskedelmi,CONSUMER DISCRETIONARY,6
SPILLER Kereskedelmi,INDUSTRIALS,6
SPIN Magyarország,REAL ESTATE,6
SPINET REAL ESTATE IV INGATLANHASZN,CONSUMER STAPLES,6
SPIRIT GOLD s.r.o. Magyarországi Fi,CONSUMER STAPLES,6
SPIRITS-68 Kereskedelmi és,CONSUMER STAPLES,6
SPISÁK Szolgáltató,NOT RELEVANT,6
SPIndustries Villamosipari Termelõ,INDUSTRIALS,6
SPLC-E Ingatlanfejlesztõ és Ingatla,FINANCIALS,6
"SPONDIAS Vagyonhasznosító,",REAL ESTATE,6
SPONGE Kereskedelmi és,NOT RELEVANT,6
SPORT 2001 Kereskedelmi és,CONSUMER DISCRETIONARY,6
SPORT 2005 Kereskedelmi és,NOT RELEVANT,6
SPRINTER Futárszolgálat,INDUSTRIALS,6
SPS Trading,REAL ESTATE,6
SPV-1 of,NOT RELEVANT,6
SQ INVEST,INDUSTRIALS,6
SRF EUROPE,MATERIALS,6
SRS Informatika,INFORMATION TECHNOLOGY,6
SSL-Markó Pénzügyi Tanácsadó,INDUSTRIALS,6
ST MAG INVEST Kereskedelmi és,CONSUMER STAPLES,6
STAR PROJECT Kereskedelmi és,CONSUMER DISCRETIONARY,6
"STAR TRADING Ipari, Kereskedelmi",NOT RELEVANT,6
STAR-PLUS Mûanyagipari,CONSUMER DISCRETIONARY,6
STARJOBS Magyarország Humánszolgált,NOT RELEVANT,6
STATUS Capital Kockázati Tõkealap-k,FINANCIALS,6
STEAM COOK Termelõ és Szolgáltató,CONSUMER STAPLES,6
STEEL Profession Korlátolt,INDUSTRIALS,6
STEEL-INVEST Tanácsadó és Kereskede,MATERIALS,6
STEEL-METÁL Hulladék Kereskedelmi,INDUSTRIALS,6
STEELWORK-TRADE Kereskedelmi és,INDUSTRIALS,6
STEIN-TEX Textilfeldolgozó és,CONSUMER DISCRETIONARY,6
STETTIN-HUNGARIA Magas- és Mélyépít,INDUSTRIALS,6
STI Petõfi Nyomda,MATERIALS,6
STILL Villástargonca Kereskedelmi,INDUSTRIALS,6
STKH Sopron es Tersege Kornyezetved,NOT RELEVANT,6
STKR LOGISZTIKA,INDUSTRIALS,6
STORE-WORKS Kereskedelmi és,NOT RELEVANT,6
"STORECHEM Termelõ, Kereskedelmi",MATERIALS,6
STRAVIA Emulziógyártó és Útfenntart,INDUSTRIALS,6
STRAX KERESKEDELMI ÉS SZOLGÁLTATÓ,CONSUMER STAPLES,6
STRAXI KERESKEDELMI ÉS,CONSUMER STAPLES,6
STROHM MOFÉM Zártkörûen Mûködõ,INDUSTRIALS,6
STRONG (CEE) Kereskedelmi és,INFORMATION TECHNOLOGY,6
STRUKTÚRA Elektro-Mechanikai,NOT RELEVANT,6
STS Business Befektetési,INFORMATION TECHNOLOGY,6
STX HORSEBOXES Szolgáltató és,CONSUMER DISCRETIONARY,6
STYL RUHAGYÁR RT.,NOT RELEVANT,6
STYL-BAU ÉPITÕIPARI EXPORT,NOT RELEVANT,6
SU-Trade Kereskedelmi Korlátolt,CONSUMER STAPLES,6
SUB GCC McD,CONSUMER DISCRETIONARY,6
SUBGROUP MAB Pharma al,HEALTH CARE,6
SUGÓ-GABONA Kereskedelmi és,CONSUMER STAPLES,6
SULI-KÖNYV KERESKEDELMI ÉS SZOLGÁLT,REAL ESTATE,6
SULI-KÖNYV Kereskedelmi és,CONSUMER DISCRETIONARY,6
SULI-KÖNYV PLUSZ,NOT RELEVANT,6
SUMA OIL Üzemanyagkereskedelmi,ENERGY,6
SUMMAGAS ÁLTALÁNOS KERESKEDELMI,NOT RELEVANT,6
SUN BOOKS Könyvkereskedelmi Kft.,NOT RELEVANT,6
SUN Tûzvédelmi,INDUSTRIALS,6
SUNARROW HUNGARY,NOT RELEVANT,6
SUNGDO ENG Hungary Korlátolt,INDUSTRIALS,6
SUPER-AUTOMOBIL,CONSUMER DISCRETIONARY,6
SUTEC Hungaria Kereskedelmi,CONSUMER DISCRETIONARY,6
SUZUKI,CONSUMER DISCRETIONARY,6
SVED INFORMATIKA,NOT RELEVANT,6
SVT-Wamsler,NOT RELEVANT,6
SW Budapest Szolgáltató,NOT RELEVANT,6
SWARCO Traffic Hungaria,INDUSTRIALS,6
"SWEET-MILK Gyártó, Szolgáltató,",CONSUMER STAPLES,6
SWEMA HOLDING Vagyonkezelõ,REAL ESTATE,6
SWISS Laboratory Korlátolt,CONSUMER STAPLES,6
SYCOMORE Kereskedelmi és,NOT RELEVANT,6
SYLVESTRIS Szolgáltató Korlátolt,INDUSTRIALS,6
SYSTEM BUILDING,REAL ESTATE,6
"SYSTEM HOLDING Befektetõ,",REAL ESTATE,6
SYSTEM Ipari és Kereskedelmi,INDUSTRIALS,6
SYSTEMS Szolgáltató,HEALTH CARE,6
SYSTREND Számítástechnikai Zártkörû,NOT RELEVANT,6
"SZ+C Studió Épitõipari,Kereskedelmi",NOT RELEVANT,6
SZABADFÖLD BERUHÁZÓ VIZIKÖZMÛ TÁRSU,NOT RELEVANT,6
SZABOLCS GABONA,NOT RELEVANT,6
SZABOLCSKEM,CONSUMER DISCRETIONARY,6
SZAKSZERVEZETEK EGYÜTTMÜKÖDÉSI FÓRU,NOT RELEVANT,6
SZAKTUDÁS KIADÓ HÁZ KERESKEDELMI,NOT RELEVANT,6
SZAKÁL-MET-AL Alkatrész,CONSUMER DISCRETIONARY,6
SZAL-AGRO Kereskedelmi és,INDUSTRIALS,6
SZALAI-DODÁ Szolgáltató,FINANCIALS,6
SZALKA-INVEST INGATLANFORGALMAZÓ KE,NOT RELEVANT,6
SZAMETI Ingatlanhasznosító,NOT RELEVANT,6
SZAMOS MARCIPÁN Édesipari Termelõ,CONSUMER STAPLES,6
SZANDAI OIL TENDER Kereskedelmi,CONSUMER DISCRETIONARY,6
"SZANKA-OKOFARM Termelo,Szolgaltato",CONSUMER STAPLES,6
SZATEV-Fehérjefeldolgozó- Takarmány,INDUSTRIALS,6
SZATMARI,INDUSTRIALS,6
SZC-ENSI Szervíz Center,INDUSTRIALS,6
SZEDERVÖLGYI KÖZ VIZIKÖZMÛ,NOT RELEVANT,6
SZEDRESKERTI LAKONEGYED 28-31 TARSA,FINANCIALS,6
SZEGA-MARKET Kereskedelmi,FINANCIALS,6
SZEGED BETON Általános és Közmûépít,INDUSTRIALS,6
SZEGED SZALÁMIGYÁR ÉS HÚSÜZEM,CONSUMER STAPLES,6
SZEGED SZALÁMIGYÁR ÉS HÚSÜZEM,NOT RELEVANT,6
"SZEGED, JÓSIKA UTCA 31.",REAL ESTATE,6
SZEGEDI KÖZLEKEDÉSI,INDUSTRIALS,6
SZEGLETKÕ 91 ÉPÍTÕIPARI ÉS,NOT RELEVANT,6
"SZEGÁNA NÖVÉNYI TERM.,FELDOLG.É.KFT",INDUSTRIALS,6
SZEIVOLT Befektetõ és,REAL ESTATE,6
SZEIVOLT Holding Vagyonkezelõ,INDUSTRIALS,6
SZEKSZÁRD TARTSAY LAKÓTELEP 25-27.,REAL ESTATE,6
SZELLEMI MÛHELY Vendéglátó és,NOT RELEVANT,6
SZELPO AUTOCONTROL SYSTEMS,CONSUMER DISCRETIONARY,6
SZENT ANNA Mozgássérült,NOT RELEVANT,6
SZENT ISTVÁN PHARMA Gyógyszerészeti,CONSUMER STAPLES,6
SZENT ISTVÁN Vendéglátó és,CONSUMER DISCRETIONARY,6
SZENTES SZABADSÁG TÉR 1,FINANCIALS,6
"SZENTES, BRUSZNYAI STNY. 1-3. TÁRSA",FINANCIALS,6
SZENTESBAU,NOT RELEVANT,6
SZENTGRÓTI VÍZ ÉS FÜRDÕ,CONSUMER DISCRETIONARY,6
SZEPLAST Zártkörûen Mûködõ Részvény,INDUSTRIALS,6
SZERENCSEJÁTÉK,CONSUMER DISCRETIONARY,6
SZERENCSI MEZOGAZDASAGI RESZVENYTAR,CONSUMER STAPLES,6
SZERVIZ Szolgáltató,CONSUMER DISCRETIONARY,6
SZERVIZ TRADE KERESKEDELMI ÉS,NOT RELEVANT,6
SZERZSO-ING,REAL ESTATE,6
SZEVIÉP Investment Befektetési és,NOT RELEVANT,6
SZGV-Invest Vagyonkezelõ,INDUSTRIALS,6
SZIAN-92,NOT RELEVANT,6
SZIB-ÉP Építõipari Korlátolt,CONSUMER DISCRETIONARY,6
SZID-ING Ingatlanforgalmazó és,NOT RELEVANT,6
"SZIGET-CHEM AGROKÉMIA KFT.""F.a""",MATERIALS,6
SZIGET-COM Mûszaki Szolgáltató,INDUSTRIALS,6
SZIGETI ÉS TÁRSA IPARI,NOT RELEVANT,6
SZIGMA,NOT RELEVANT,6
SZIGMA HUNGÁRIA,NOT RELEVANT,6
SZIKO-PETROL Szolgáltató és,NOT RELEVANT,6
SZIKRA LAPNYOMDA,NOT RELEVANT,6
SZILAS DRINK Üdítõital Gyártó és,CONSUMER STAPLES,6
SZILAS-METAL TERMELÕ KERESKEDELMI,INDUSTRIALS,6
"SZILKRAMBO Külkereskedelmi, Ipari",NOT RELEVANT,6
SZILÁGYI GYÖRGY,NOT RELEVANT,6
"SZIMITA-TRADE Termelõ,",CONSUMER STAPLES,6
SZINHÁZ UT,REAL ESTATE,6
SZINKRON JÁRMÜALKATRÉSZ-FELUJITO,NOT RELEVANT,6
SZINVAPARK PATIKA Gyógyszerkeresked,CONSUMER STAPLES,6
SZIRT BAU,INDUSTRIALS,6
SZIVÁRVÁNY 2002,NOT RELEVANT,6
SZIVÁRVÁNY-ROLL KERESKEDELMI ÉS,NOT RELEVANT,6
SZOLG Szolgáltató,CONSUMER STAPLES,6
SZOLG.ISKOLASZÖVETKEZET,NOT RELEVANT,6
SZOLNOK,MATERIALS,6
SZOLNOKI MEZÕGÉP,NOT RELEVANT,6
SZOMBATHELYI VÁROSGAZDÁLKODÁSI,NOT RELEVANT,6
SZTÁR CO PÉNZÜGYI TANÁCSADÓ,NOT RELEVANT,6
SZURO-TRADE Termelõ Szolgáltató,CONSUMER STAPLES,6
SZÁLKA'96 Kereskedelmi és,CONSUMER STAPLES,6
SZÁMADÁS 93 KÖNYVELÕ SZÖVETKEZET,INDUSTRIALS,6
SZÁMÍTÓGÉPHÁZ KERESKEDELMI ÉS,NOT RELEVANT,6
SZÁRNYAS PLUSZ VÁGOTT BAROMFI,NOT RELEVANT,6
SZÉKELY s.r.o. Magyarországi Fiókte,CONSUMER STAPLES,6
SZÉKESFEHÉRVÁR GÁZ U 6,FINANCIALS,6
SZÉKESFEHÉRVÁR ÖSZ U,REAL ESTATE,6
"SZÉKESFEHÉRVÁR, KÖFÉM LTP. 39-40-41",REAL ESTATE,6
SZÉKESFEHÉRVÁRI 1.SZÁMU,FINANCIALS,6
SZÉKESFEHÉRVÁRI FÛTÕERÕMÛ,UTILITIES,6
SZÉPHÕ Székesfehérvári Épületfennta,UTILITIES,6
SZÕNYE ACÉLSZERKEZETEKET GYÁRTÓ,MATERIALS,6
SZÕNYI MÁRTON U. 10-12.,REAL ESTATE,6
SZÜV Oktatás,CONSUMER DISCRETIONARY,6
Sabján Kornélia,NOT RELEVANT,6
Sabriellen Holdings Limited,INDUSTRIALS,6
Sabro Barsonyos,NOT RELEVANT,6
Safranek László,NOT RELEVANT,6
SagemCom Magyarország Elektronikai,INFORMATION TECHNOLOGY,6
Sajka u. 17.,FINANCIALS,6
Sajtó utca 2.,REAL ESTATE,6
Sajó Üzletház,NOT RELEVANT,6
Sajókeresztúri Csatornamû Víziközmû,NOT RELEVANT,6
"Sajószentpéter, Sport út 5-7.",REAL ESTATE,6
Sakret-Hungaria,NOT RELEVANT,6
Salesianer Miettex Magyarországi,CONSUMER DISCRETIONARY,6
"Salgó Raktártechnika Gyártó,",MATERIALS,6
Salgótarjáni Acélárugyár Zártkörûen,MATERIALS,6
Salgótarjáni u. 16c,FINANCIALS,6
Sallai u. 4.,FINANCIALS,6
Sallai u. 5.,REAL ESTATE,6
Sallai u. Ltp.,FINANCIALS,12
Saluda Energy Korlátolt,UTILITIES,6
Salvus Patika,CONSUMER STAPLES,6
Salétrom u. 26-28. szám,FINANCIALS,6
Samberg Korlátolt Felelõsségû,REAL ESTATE,6
Samodai,NOT RELEVANT,6
Sampaio Üzletviteli Tanácsadó,NOT RELEVANT,6
Samsung Engineering Magyarország Ép,NOT RELEVANT,6
Samsung SDS Global SCL Hungary,INDUSTRIALS,6
Samyang Biopharm Magyarország,HEALTH CARE,6
Samyang EP Magyarország Korlátolt,MATERIALS,6
Sandoz Hungária Kereskedelmi Kft. -,HEALTH CARE,6
Sangjin Micron Hungary Gyártó és,INDUSTRIALS,6
Sangsin Hungary Korlátolt felelõssé,CONSUMER DISCRETIONARY,6
Sanmina-SCI Magyarország Elektronik,NOT RELEVANT,6
Sano Agrar Institut-SmartPorcNutrit,CONSUMER STAPLES,6
Sanoma Media Budapest,NOT RELEVANT,6
Sapka és Kalap,NOT RELEVANT,6
Sarló u. 1-3-5-7.,REAL ESTATE,6
Sarló u. 11.a-d.,FINANCIALS,6
Sarló u. 4,FINANCIALS,6
Sarló u. 7.,FINANCIALS,6
Sas Magyarország Vagyonkezelõ,CONSUMER DISCRETIONARY,6
Sas tér 1.,REAL ESTATE,6
Sas-Optic,CONSUMER DISCRETIONARY,6
Sasinszki,NOT RELEVANT,6
Sasvári,NOT RELEVANT,12
Sasvári Property,CONSUMER DISCRETIONARY,6
Saturn Pest,NOT RELEVANT,6
Saubermacher-Magyarország,INDUSTRIALS,6
Saubermacher-Marcali Kereskedelmi,INDUSTRIALS,6
Saubermacher-Pannonia,INDUSTRIALS,6
Savaria Korlátolt,CONSUMER DISCRETIONARY,6
Savaria Korlátolt,UTILITIES,6
Savencia Fromage & Dairy Hungary,CONSUMER STAPLES,6
"ScanoMed Orvosi, Diagnosztikai, Kut",HEALTH CARE,6
Scepter Tatabánya,MATERIALS,6
Schapira,NOT RELEVANT,6
Scheer,CONSUMER DISCRETIONARY,6
Schenker Nemzetközi Szállítmányozás,INDUSTRIALS,6
Schiller,CONSUMER DISCRETIONARY,6
Schiller Autó Család Zártkörûen Mûk,CONSUMER DISCRETIONARY,6
Schima Bandi u. 2-8.,REAL ESTATE,6
Schmidt M. u. 13.,REAL ESTATE,6
Schneider,CONSUMER DISCRETIONARY,6
Schneider Globalsped,INDUSTRIALS,6
Schneiderné Hauszmann Adél,NOT RELEVANT,6
Schnellecke Logistics Hungary,CONSUMER DISCRETIONARY,6
Schoco Bon Édesség Nagykereskedés,CONSUMER STAPLES,6
Schrack Technik Kereskedelmi,INFORMATION TECHNOLOGY,6
Schumann József,NOT RELEVANT,6
Schumann-Fischer Építõipari,INDUSTRIALS,6
Schummer,NOT RELEVANT,6
Schvarcz,NOT RELEVANT,6
Schvertfõgelné Szloboda Magdolna,NOT RELEVANT,6
Schwarzmüller Jármûgyártó és,INDUSTRIALS,6
SciEngineer Korlátolt Felelõsségû,INFORMATION TECHNOLOGY,6
Scolar Kiadó,COMMUNICATIONS,6
Scrub Daddy Hungary Zártkörûen,CONSUMER STAPLES,6
"Seafood Trade Kereskedelmi Kft. ""f.",CONSUMER STAPLES,6
Sealed Air Magyarország Kereskedelm,MATERIALS,6
Sebõk Nándor,NOT RELEVANT,6
Seddon Invest Ingatlanforgalmazó,REAL ESTATE,6
Selmecziné Kiss,NOT RELEVANT,6
Selyem u. 12.,REAL ESTATE,6
Selyem u. 2.,FINANCIALS,6
Selyem u. 6.,REAL ESTATE,6
Semmelweis utca 9-13.,REAL ESTATE,6
Semper Idem Rendszerfejlesztõ és Üz,INFORMATION TECHNOLOGY,6
Senkár,NOT RELEVANT,6
Sensation Event&Congress,INDUSTRIALS,6
Septimo Food Korlátolt,CONSUMER STAPLES,6
Seregélyesi u. 95,FINANCIALS,6
Seregélyesi u. 97,REAL ESTATE,6
Serfõzõ István,NOT RELEVANT,6
Sertec Auto Structures Hungary,CONSUMER DISCRETIONARY,6
Sertés Értékesítõ és Beszer,CONSUMER STAPLES,6
Sertéstenyésztõ,CONSUMER STAPLES,6
Sertéstenyésztõ és Érté,CONSUMER STAPLES,6
Service,INDUSTRIALS,6
Service Korlátolt,CONSUMER STAPLES,6
Service Korlátolt,INDUSTRIALS,6
Services GmbH Magyarországi,INDUSTRIALS,6
Services Zártkörûen Mûködõ,INDUSTRIALS,6
Setup Event Logisztikai és,CONSUMER DISCRETIONARY,6
Sfera Saniter Kereskedelmi és,NOT RELEVANT,6
Shapr3d,INFORMATION TECHNOLOGY,6
Sharp Wave International,INDUSTRIALS,6
Shepherd Beauty Zrt.,CONSUMER DISCRETIONARY,6
Shinbukan,NOT RELEVANT,6
Shrub Hungary,NOT RELEVANT,6
Siemens Mobility Korlátolt,INDUSTRIALS,6
Sierra Leone Köztársaság Konzuli Ké,NOT RELEVANT,6
Sigma Korlátolt,UTILITIES,12
Sigma Kudos Magyarország Informatik,INFORMATION TECHNOLOGY,6
Signum,INDUSTRIALS,6
"Silhouette Szállodaipari,",NOT RELEVANT,6
Silk Line International,CONSUMER STAPLES,6
Silvanus,NOT RELEVANT,6
Silver-Goose Kereskedelmi és,CONSUMER STAPLES,6
Silverstar Motors Gépjármûforgalmaz,NOT RELEVANT,6
Silvestris,MATERIALS,6
Silvestris Biofarm Korlátolt,CONSUMER STAPLES,6
Simdom Oil,CONSUMER STAPLES,6
Simobázis,CONSUMER DISCRETIONARY,6
Simon 5.,REAL ESTATE,6
Simóka Ilona,NOT RELEVANT,6
Sina Mezõgazdasági Termelõ és,CONSUMER STAPLES,6
Sinai Miklós 17-21.,FINANCIALS,6
Sinergy Energiakeresked¿,UTILITIES,6
"SinguLab Inkubátor Zrt. ""VA""",INDUSTRIALS,6
Sipi Property Korlátolt,CONSUMER DISCRETIONARY,6
Sió Top-Ker,CONSUMER STAPLES,6
Sió-D1,INDUSTRIALS,6
Sióbõr Ker,CONSUMER DISCRETIONARY,6
Siómente Kereskedõház,CONSUMER STAPLES,6
SkillInvest,FINANCIALS,6
Sky Tower Ingatlan-,REAL ESTATE,6
Sky-Builder Építõipari Zrt.-F.A.,INDUSTRIALS,6
Skylotec Hungary Management,CONSUMER DISCRETIONARY,6
Skála Pellet,INDUSTRIALS,6
Skála-Energy Kereskedelmi,INDUSTRIALS,6
Slansk Property,REAL ESTATE,6
Smart Ingatlan Kft..,REAL ESTATE,6
SmartEye Korlátolt Felelõsségû,NOT RELEVANT,6
SmartX Solutions,INFORMATION TECHNOLOGY,6
Smokey Box Kereskedelmi és,CONSUMER STAPLES,6
Sobex Szolgáltató és Kereskedelmi B,REAL ESTATE,6
SofMedica Hungary Korlátolt Felelõs,HEALTH CARE,6
Sofidel Hungary Korlátolt,CONSUMER STAPLES,6
SoftCon Szoftverfejlesztõ és Ta,INFORMATION TECHNOLOGY,6
Solar Energy Holding,INDUSTRIALS,6
Solar Investment,INDUSTRIALS,6
Solar Kit Hungary Korlátolt,INDUSTRIALS,6
Solar Operator,ENERGY,6
Solar-Napelem,INDUSTRIALS,6
Solartech Korlátolt,CONSUMER DISCRETIONARY,6
Soleil Szolgáltató és,CONSUMER DISCRETIONARY,6
Solidum Asset Management,INDUSTRIALS,6
Solis Future Kereskedelmi és,UTILITIES,6
Sollers 2002 Ingatlanhasznosító,NOT RELEVANT,6
Solti Rákóczi Mezõgazdasági,NOT RELEVANT,6
Solution,INDUSTRIALS,6
Solymár Autópark Kereskedelmi és,FINANCIALS,6
Solymár-Szalai Általános,CONSUMER DISCRETIONARY,6
Somfa köz 2-12. sz.,REAL ESTATE,6
Somlai Motors Kereskedelmi és,NOT RELEVANT,6
Somloland,NOT RELEVANT,6
Somló Üdülõház Szolgáltató és Turis,CONSUMER DISCRETIONARY,6
Somló-Zsák Kender-Juta Csomagolóany,NOT RELEVANT,6
Somodi,NOT RELEVANT,6
Somogy Megyei Önkormányzat Kaposi,HEALTH CARE,6
Somogyi Károly Bence,NOT RELEVANT,6
Somosi,NOT RELEVANT,6
Somoskövi József egyéni,NOT RELEVANT,6
Sonnerus,INDUSTRIALS,6
"Sopron, Kõszegi u.",REAL ESTATE,6
"Sopron, Lehár F. u. 61.",REAL ESTATE,6
"Sopron, Mátyás kir. u. 4-10.",REAL ESTATE,6
"Sopron,Soproni Horváth József u. 13",REAL ESTATE,6
Soproni Horváth József u.,REAL ESTATE,6
Soproni Horváth József u. 5,REAL ESTATE,6
Soroksári 158 Ingatlankezelõ,REAL ESTATE,6
Soulbrain HU Korlátolt,CONSUMER DISCRETIONARY,6
Spanish Fashion,NOT RELEVANT,6
Special Central Transport,INDUSTRIALS,6
Special Change Pénzváltó,NOT RELEVANT,6
Special-SCL Invest Vagyonkezelõ,NOT RELEVANT,6
Sped Trans Hungária Szállítmányozó,INDUSTRIALS,6
Sped-Pack,MATERIALS,6
Spedíció Kereskedelmi és,INDUSTRIALS,6
Spendor Asset Management Zártkörûen,FINANCIALS,6
Spili-Ker 2003 Kereskedelmi és,NOT RELEVANT,6
SpinInvest,COMMUNICATIONS,6
Spinet Lessee Ingatlanhasznosító,NOT RELEVANT,6
Spinto Hungária Korlátolt,CONSUMER DISCRETIONARY,6
Spirit Ital- és Élelmiszer Na,CONSUMER STAPLES,6
Spoontheboat Helyszínüzemeltetõ,CONSUMER DISCRETIONARY,6
Sporek Zrt.,CONSUMER DISCRETIONARY,6
Sport és Fürdõk,CONSUMER DISCRETIONARY,6
Sportaréna Gyógyszertár,CONSUMER STAPLES,6
Sportló Kereskedelmi és,NOT RELEVANT,6
"Sportszolgáltató Kft. ""vég",CONSUMER DISCRETIONARY,6
Sporttelep u. 1-17,FINANCIALS,6
Spronz Jenõ,NOT RELEVANT,6
Spéder Zoltán,NOT RELEVANT,6
St. Antonio Mezõgazdasági,NOT RELEVANT,6
Staar,CONSUMER STAPLES,6
Stadion Event Rendezvényszervezõ,INDUSTRIALS,6
Stadion u. 13-15.,REAL ESTATE,6
Stadion u. 17,REAL ESTATE,6
Stadion u. 2-4.,REAL ESTATE,6
Stadion u. 2.,REAL ESTATE,6
Stadion u. 28-32.,REAL ESTATE,6
Stadion u. 3.,REAL ESTATE,6
Stadion u. 6-8.,REAL ESTATE,6
Stamon,INDUSTRIALS,6
Star Invest Korlátolt,CONSUMER STAPLES,6
Star Kereskedelmi,CONSUMER STAPLES,6
Star Rent,CONSUMER DISCRETIONARY,6
Start Rehab,CONSUMER STAPLES,6
Start Rehabilitációs Foglalkoztató,CONSUMER STAPLES,6
Steel Service Kereskedelmi és,NOT RELEVANT,6
Steel-Transz Kereskedelmi és,INDUSTRIALS,6
SteelBet Kereskedelmi és,INDUSTRIALS,6
Steelvent 2000 Csavar és Húzottáru,MATERIALS,6
Stefani Hungária Gépgyártó,CONSUMER DISCRETIONARY,6
Steindl Katalin Gyöngyi,NOT RELEVANT,6
Stollwerck,NOT RELEVANT,6
Stora Enso Packaking Csomagolóeszkö,MATERIALS,6
Storage Korlátolt,UTILITIES,6
Storck Hungária Kereskedelmi,CONSUMER STAPLES,6
Strabag HU,INDUSTRIALS,6
Strabag-MML Magas-és Mérnöki Létesí,INDUSTRIALS,6
Strausz,NOT RELEVANT,6
StretchMe Korlátolt Felelõsségû,CONSUMER DISCRETIONARY,6
Stromfeld A. u. 2. sz.,REAL ESTATE,6
Stromfeld Aurél u. 4.,REAL ESTATE,6
Studios,COMMUNICATIONS,6
Styevola es Fia,CONSUMER DISCRETIONARY,6
"Stúdió Mûszaki Fejlesztõ, Gyárt",INFORMATION TECHNOLOGY,6
Subgroup LT Overseas North Ame,CONSUMER STAPLES,6
Substation Korlátolt Felelõsségû,INDUSTRIALS,6
Sugár Gyógyszertár,CONSUMER STAPLES,6
Sugár út 15.,REAL ESTATE,6
Sugár út 19. szám,REAL ESTATE,6
Sum,NOT RELEVANT,6
Sumné Péterfalvi,NOT RELEVANT,6
Sun Leaves Tobacco,CONSUMER STAPLES,6
Sunbloom Hungary Ipari,CONSUMER STAPLES,6
Super Noa Kereskedelmi és,NOT RELEVANT,6
Super-Klasszis Élelmiszer,NOT RELEVANT,6
Superior Real Estate,REAL ESTATE,6
Supernova,INDUSTRIALS,6
Supernova Intertrans,INDUSTRIALS,6
Supply Chain Magyarország,INDUSTRIALS,6
Sus Vital Korlátolt Felelõsségû,CONSUMER STAPLES,6
"Sutter Hamilton, LCC.",NOT RELEVANT,6
Svaldi,NOT RELEVANT,6
Sweet King Hungary,NOT RELEVANT,6
Sweet King Korlátolt Felelõsségû,CONSUMER STAPLES,6
"Sweet-Case Ingatlanforgalmazói, Éde",CONSUMER STAPLES,6
Swietelsky Vasúttechnika,INDUSTRIALS,6
Swiss,HEALTH CARE,6
Sybil Holding Ingatlanforgalmazó,NOT RELEVANT,6
Symbol Üzemeltetõ,CONSUMER DISCRETIONARY,6
Symmetry Fifth Ingatlanforgalmazó,NOT RELEVANT,6
Synchron Lízing Zrt. v.a,FINANCIALS,6
Synergon,INFORMATION TECHNOLOGY,6
Synergon Backoffice Ügyvitelszervez,INDUSTRIALS,6
Synergy Construction Hungary,INDUSTRIALS,6
Synlab Hungary,HEALTH CARE,6
Sysco-lux Kereskedelmi és,INDUSTRIALS,6
Sysman Informatikai,INFORMATION TECHNOLOGY,6
System Integrator Korlátolt,CONSUMER DISCRETIONARY,6
Systems Auto Parts Hungary,CONSUMER DISCRETIONARY,6
Systems Hungary,CONSUMER DISCRETIONARY,6
Sz es G Epitesi es Ker. Kft.,NOT RELEVANT,6
Sz. Ingatlan,REAL ESTATE,6
"Szabadegyháza, Thán K. u. 7. társas",FINANCIALS,6
Szabadegyházi Agrár,CONSUMER STAPLES,6
Szabadhegyi Gyógyszertár,CONSUMER STAPLES,6
Szabadics Építõipari Zártkörûen,INDUSTRIALS,6
Szabados Márk,CONSUMER DISCRETIONARY,6
Szabadrév u. 23. szám,REAL ESTATE,6
Szabadság tér 23. sz.,FINANCIALS,6
Szabadság u 16,FINANCIALS,6
Szabadság u 30-32,FINANCIALS,6
Szabadság út 47a - 51a,FINANCIALS,6
Szabau-Invest Ingatlanforgalmazási,REAL ESTATE,6
Szabolcs,NOT RELEVANT,6
Szabolcs Volán,NOT RELEVANT,6
Szabolcs u. 5. Sz.,FINANCIALS,6
Szabolcs-Szatmár-Bereg Megyei Temet,NOT RELEVANT,6
Szabolcska Mihály u. 10-,REAL ESTATE,6
Szabolcska Mihály u. 34-36-38,REAL ESTATE,6
Szabolcska u. 37-41.,REAL ESTATE,6
Szabolcska u. 43-49. sz.,REAL ESTATE,6
Szabolcska u. 79.,REAL ESTATE,6
Szabó Ervin tér 7-8.,REAL ESTATE,6
Szabó Ervin tér 9-10.,FINANCIALS,6
Szabókert Kertészeti Kivitelezõ,NOT RELEVANT,6
Szabókiné Kaposi Noémi,NOT RELEVANT,6
Szajkó és Társa,INDUSTRIALS,6
Szakmári Mezõgazdasági,CONSUMER STAPLES,6
Szakács Ervin,NOT RELEVANT,6
Szalag u. 1-3-5-7.,REAL ESTATE,6
Szalai,NOT RELEVANT,12
Szalai-Invest Befektetõ,CONSUMER DISCRETIONARY,6
Szalsza Ingatlanfejlesztõ- és forga,REAL ESTATE,6
"Szalántai Mezõgazdasági Termelõ,",CONSUMER STAPLES,6
Szamos u. 3.,REAL ESTATE,6
Szamos u. 8.,REAL ESTATE,6
Szapáry u. 20.,REAL ESTATE,6
Szarka,NOT RELEVANT,6
Szarvas Gábor u. 1.,FINANCIALS,6
Szarvasi Agrár Zártkörûen Mûködõ,CONSUMER STAPLES,6
Szarvasi Vas-Fémipari,CONSUMER DISCRETIONARY,6
"Szatmár Farmgazdaság Termelõ,",NOT RELEVANT,6
Szatmári Konzervgyár,CONSUMER STAPLES,6
Szatronik Tanácsadó és,NOT RELEVANT,6
Szeder u.7.,REAL ESTATE,6
Szedreskert Ln 24-27,FINANCIALS,6
Szeged Pólus Fejlesztési Nonprofit,NOT RELEVANT,6
Szeged Szamos U.,FINANCIALS,6
"Szeged, Háló u. 7. sz.",NOT RELEVANT,6
Szegedi Városkép és Piac,NOT RELEVANT,6
Szeghõ,NOT RELEVANT,6
Szegletkõ General,NOT RELEVANT,6
Szegény Emberek Felemelkedéséért,NOT RELEVANT,6
Szekszárdi BIORÁMA Fejlesztõ és,CONSUMER STAPLES,6
Szekszárdi Diákétkeztetési,CONSUMER DISCRETIONARY,6
Szeles 66-80.,REAL ESTATE,6
Szeleste,CONSUMER STAPLES,6
Szelestey László u. 4-10,REAL ESTATE,6
Szellõ utca 2.,REAL ESTATE,6
Szemerey-Plus Fuvarozási és Logiszt,INDUSTRIALS,6
Személyszállítási,INDUSTRIALS,6
Szent Benedek Submontanum Szõlészet,NOT RELEVANT,6
Szent Erzsébet Idõsek Otthona Alapí,FINANCIALS,6
Szent György Gyógyszertár,CONSUMER STAPLES,6
Szent György Logisztikai,INDUSTRIALS,6
Szent György u. 37-39,REAL ESTATE,6
Szent Imre u. 16-18.,FINANCIALS,6
Szent Imre u. 6-14.,FINANCIALS,6
Szent István tér 3,FINANCIALS,6
Szent István tér 4,FINANCIALS,6
Szent István u.,FINANCIALS,6
Szent István u. 10.,REAL ESTATE,6
Szent István u. 18.,REAL ESTATE,6
Szent István u. 21-35.,REAL ESTATE,6
Szent István u. 57.,REAL ESTATE,6
Szent István út,REAL ESTATE,6
Szent István út 14-14/A,REAL ESTATE,6
Szent István út 19-21 Th,REAL ESTATE,6
Szent János u. 24,REAL ESTATE,6
Szent János u. 40-42.,FINANCIALS,6
Szent L. u. 12.,FINANCIALS,6
Szent L. u. 14.,REAL ESTATE,6
Szent László tér,FINANCIALS,6
Szent László u. 147.,FINANCIALS,6
Szent László utca 8.,REAL ESTATE,6
Szent Mihály Gyógyszertár,CONSUMER STAPLES,6
Szent Miklós Gyógyszertár,CONSUMER STAPLES,6
Szent Orsolya Rend Római Uniójána,NOT RELEVANT,6
Szent Pál Akadémia,CONSUMER DISCRETIONARY,6
Szent Pál Akadémia - HIT Sportegyes,COMMUNICATIONS,6
Szent Rókus Gyógyszertár,CONSUMER STAPLES,6
Szent-Györgyi Albert u. 29.,REAL ESTATE,6
Szentesi Üdülõközpont Nonprofit,CONSUMER DISCRETIONARY,6
Szentgyörgyvölgy Farm,CONSUMER STAPLES,6
Szentháromság u. 9.,REAL ESTATE,6
"Szentkirály Kereskedelmi,Szolgáltat",NOT RELEVANT,6
Szentkirályi Ásványvíz Termelõ és,CONSUMER STAPLES,6
Szentlõrinci LTP. 1131 ép.,REAL ESTATE,6
Szentlõrinckátai COOP,NOT RELEVANT,6
Szentmihályi út 33. sz. Lakásfennta,REAL ESTATE,6
Szentmihályi út 4-6.,REAL ESTATE,6
Szentpéteri kapui I. sz.,FINANCIALS,6
Szentvér u. 5.A-B.,FINANCIALS,6
Szentvér u. 5.C-D.,FINANCIALS,6
Szepesházi,NOT RELEVANT,6
Szerecsenyi Szennyvízelvezetõ,NOT RELEVANT,6
"Szerelõipari kivitelezõ,",NOT RELEVANT,6
Szerencs,CONSUMER STAPLES,6
Szerencs-Szárító,CONSUMER STAPLES,6
Szerencsekerék Idegenforgalmi és,CONSUMER DISCRETIONARY,6
Szerep Produkciós Iroda,NOT RELEVANT,6
Szerkezetépítõ,INDUSTRIALS,12
Szerviz,INDUSTRIALS,6
Szervízpark Szolgáltató és Tanácsad,INFORMATION TECHNOLOGY,6
Szeréna út,REAL ESTATE,6
Szeszgyár és Finomító Zártkör,MATERIALS,6
Szetlik,NOT RELEVANT,6
Sziget u. 23-31,FINANCIALS,6
Sziget-Estate Ingatlanforgalmazási,FINANCIALS,6
Szigethy Attila u. 81-87.,REAL ESTATE,6
Szigeti,NOT RELEVANT,6
Szigeti József u. 23-27.,FINANCIALS,6
"Szigeti út 13, 15, 17.",REAL ESTATE,6
Szigeti-Mûanyag Feldolgozó Kft.-F.A,MATERIALS,6
Szigetvár Holding,CONSUMER STAPLES,6
Szigligeti 2005,NOT RELEVANT,6
Szigligeti u. 4-10. sz.,FINANCIALS,6
Szigma Ingatlanforgalmazó,NOT RELEVANT,6
Szigma-Coop Korlátolt Felelõsségû,INDUSTRIALS,6
Sziklai & Andrejszki Ügyvédi Iroda,NOT RELEVANT,6
Szikra Mezõgazdasági,NOT RELEVANT,6
Szili,NOT RELEVANT,6
Szilléri sgt. 24.,REAL ESTATE,6
Szilléri sgt. 32. sz.,REAL ESTATE,6
Szilléri sor 4.,REAL ESTATE,6
Szilvia 2004,NOT RELEVANT,6
Szilvás u. 17.,FINANCIALS,6
Szilánk,INDUSTRIALS,6
Szilárd,NOT RELEVANT,6
Szimferopol tér 15-20.,REAL ESTATE,6
Szinga-Sport Kereskedelmi,CONSUMER DISCRETIONARY,6
Szintézis Informatikai,INFORMATION TECHNOLOGY,6
Szitkay,NOT RELEVANT,6
Szivar,CONSUMER STAPLES,6
Szivárvány u. 26-28-30.,REAL ESTATE,6
Szivárvány-Liget Kereskedelmi és,NOT RELEVANT,6
Szmodics es Tarsa Bt.,ENERGY,6
Szoboszlói u. 1.,REAL ESTATE,6
Szoboszlói u. 2.A-2.B-2.C,FINANCIALS,6
Szoboszlói u. 3.,REAL ESTATE,6
Szokol,NOT RELEVANT,6
Szokolay Örs u. 8-10. s,FINANCIALS,6
Szolgáltató Korlátolt,INDUSTRIALS,12
Szolgáltató és,CONSUMER STAPLES,6
Szolgáltató és Szaktanácsadó,CONSUMER STAPLES,6
Szolnok Televízió,CONSUMER DISCRETIONARY,6
Szolnok Térségi Hulladékgazdálkodás,INDUSTRIALS,6
"Szolnok, Rákóczi út 56.",FINANCIALS,6
Szolnoki Városfejlesztõ Nonprofit,INDUSTRIALS,6
Szolnoki u. 43-47.,FINANCIALS,6
"Szombatehly, Szent Marton u.6-10",FINANCIALS,6
Szombathelyi Tangazdaság,CONSUMER STAPLES,6
Szombathelyi Waldorf Társas Kör,NOT RELEVANT,6
Szopkóné dr. Horváth Ildikó Ügyvédi,INDUSTRIALS,6
Szpirulisz Alexandrosz,NOT RELEVANT,6
Szt. Mihály u. 6.,REAL ESTATE,6
Sztojcsev,NOT RELEVANT,6
Sztojka,NOT RELEVANT,6
Szuha-Fauna Erdõgazdálkodási,MATERIALS,6
Szuhamenti Agrár,CONSUMER STAPLES,6
Szun Invest,NOT RELEVANT,6
Szupermodern Studió Kulturális és,NOT RELEVANT,6
Szuro,CONSUMER STAPLES,6
Szurovcsákné Berecz Ágnes Egyéni Vá,CONSUMER STAPLES,6
Szállítási és Szállítmányozási,CONSUMER STAPLES,6
SzámHEAD Számítástechnikai és,INFORMATION TECHNOLOGY,6
Szántó,NOT RELEVANT,6
"Szárazépítészet Építõipari,",NOT RELEVANT,6
Szász Anna,NOT RELEVANT,6
Szász Károly u. 1.,FINANCIALS,6
Százhalom Gyógyszertár,CONSUMER STAPLES,6
Százhalombatta Ady E.,REAL ESTATE,6
Százhalombatta Béke u.,REAL ESTATE,6
Százhalombatta Erkel F.,REAL ESTATE,6
Százhalombatta Erkel F. k,FINANCIALS,6
Százhalombatta Gesztenyés,FINANCIALS,6
Százhalombatta Jedlik Ány,FINANCIALS,6
Százhalombatta Liszt F.,REAL ESTATE,6
Százhalombatta Március 15,REAL ESTATE,6
Százhalombatta Pannónia,FINANCIALS,6
Százhalombatta Radnóti M.,FINANCIALS,6
Százhalombatta Tóth L.,REAL ESTATE,6
"Százhalombatta, Október",REAL ESTATE,6
"Százhalombatta, Pannónia",FINANCIALS,6
Széchenyi park 6.,REAL ESTATE,6
Széchenyi tér 14-15.,REAL ESTATE,6
Széchenyi u. 83-85. sz.,FINANCIALS,6
Széchenyi u. 9. sz.,REAL ESTATE,6
Széchenyi utca 20.,REAL ESTATE,6
Szécsi,NOT RELEVANT,6
Székely,NOT RELEVANT,6
Székely sor 15.,REAL ESTATE,6
Székesfehérvár Lövölde u 15.,FINANCIALS,6
Székesfehérvár Városgondnoksága,NOT RELEVANT,6
Székesfehérvári Közszolgáltató Nonp,NOT RELEVANT,6
Székesfehérvári Városfejlesztési Kö,FINANCIALS,6
Szélerõ Vép Energiatermelõ Kht,NOT RELEVANT,6
Széll,NOT RELEVANT,12
Szélsõ u. 7-9. szám alatti,REAL ESTATE,6
Széna tér 14. számú,REAL ESTATE,6
Széna-Invest Ingatlanforgalmazási,NOT RELEVANT,6
Széphalmi,NOT RELEVANT,6
Szépvölgyi 191 Ingatlanforgalmazó,REAL ESTATE,6
Szíjj Vince e.v.,CONSUMER STAPLES,6
Színház u. 16.,REAL ESTATE,6
Színház u. 17.,REAL ESTATE,6
Színház u. 25.,REAL ESTATE,6
Színház u. 8.,REAL ESTATE,6
Szív u. 59 Ingatlanfejlesztõ,NOT RELEVANT,6
Szórádi és Társai,ENERGY,6
Szóráti Ödön,NOT RELEVANT,6
"Szõdi-Agrár Kereskedõ,",CONSUMER STAPLES,6
Szõke és Társai Gasztronómiai és Él,CONSUMER STAPLES,6
Szõke és Társai Gasztronómiai és Él,INDUSTRIALS,6
Szõlõ u. 50.,REAL ESTATE,6
Szõnyi Márton u. 15-17.,REAL ESTATE,6
Szõnyi u. 3 sz.,REAL ESTATE,6
Szögedi Csirke,CONSUMER STAPLES,6
Szökõkút Lakás és Garázsfenntartó,FINANCIALS,6
Szûcs Ferrotrade Fém- és Acélkeresk,MATERIALS,6
Szûcs Imre,NOT RELEVANT,6
Szûcs János,CONSUMER STAPLES,6
Szûrcsapó u. 24. sz.,REAL ESTATE,6
Szûz u. 5-7.,REAL ESTATE,6
SÁGI KERESKEDELMI ÉS SZOLG,NOT RELEVANT,6
SÁMSON'S GOLD KFT.,CONSUMER STAPLES,6
SÁNDOR ÉS TÁRSA,NOT RELEVANT,12
SÁRBERKI LTP. 101-102.TÁRSASHÁZ,REAL ESTATE,6
SÁRKÁNY AUTOCENTER KERESKEDELMI,NOT RELEVANT,6
SÁRKÁNY-CENTER Ingatlanhasznosító,REAL ESTATE,6
SÁRRÉT MEZÕGAZD. TERM. ÉS,NOT RELEVANT,6
SÁRVÁR TÁVHÕ Hõtermelõ és Szolgálta,UTILITIES,6
SÁRVÁRI MEDICIN Gyógyszerkiskereske,CONSUMER STAPLES,6
SÁS Vagyonkezelõ és Szolgáltató,NOT RELEVANT,6
SÉF-3000 Ingatlanberuházó és Befekt,REAL ESTATE,6
SÍKHEGY BORÁSZATI ÉS KERESKEDELMI,NOT RELEVANT,6
SÓSTÓ-INVEST KFT.-F.A,CONSUMER DISCRETIONARY,6
SÖRFÕZDE,CONSUMER STAPLES,6
SÖRÜZEM ITALNAGYKERESKEDELMI KFT,NOT RELEVANT,6
SÖV Sándorfalva Önkormányzati Vagyo,INDUSTRIALS,6
SÜD-BAU Építési - Kereskedelmi,NOT RELEVANT,6
SÜTÕ-MALOM 2000,NOT RELEVANT,6
SÜTÕHÁZ Sütõipari,CONSUMER STAPLES,6
SÜTÖ U 6-14 TÁRSASHÁZ SZÉKESFEHÉRVÁ,FINANCIALS,6
SáGa Foods Élelmiszeripari,CONSUMER STAPLES,6
Sághegy Leader,NOT RELEVANT,6
Sági Mihály,NOT RELEVANT,6
Sági út 2.,REAL ESTATE,6
Ságodi Mártonné,NOT RELEVANT,6
Sáhó,NOT RELEVANT,6
Sáhó-Fekete Andrea,CONSUMER STAPLES,6
Sándor,NOT RELEVANT,54
Sándorné,CONSUMER STAPLES,6
Sárberki lakótelep II.,REAL ESTATE,6
Sárberki ltp III.,REAL ESTATE,6
Sárberki ltp. 317. számú,REAL ESTATE,6
Sárberki ltp. 323-324,FINANCIALS,6
Sárberki ltp. I.,REAL ESTATE,6
Sári Ferenc,CONSUMER STAPLES,6
Sárosi u. 3A és 3B,REAL ESTATE,6
Sárospataki,REAL ESTATE,6
Sárvár . Gárdonyi u. 29,FINANCIALS,6
"Sárvár, Bem u. 4.",FINANCIALS,6
Sárvári Gyógyfürdõ,CONSUMER DISCRETIONARY,6
Sárvári HUKE Hulladék Kezelési Korl,NOT RELEVANT,6
Sárvári Mezõgazdasági Zártkörûen,CONSUMER STAPLES,6
Sávház,REAL ESTATE,6
Séf Asztala Étterem,CONSUMER DISCRETIONARY,6
Sólyi u.,FINANCIALS,6
Sólyi u. 4.,FINANCIALS,6
Sólyi u. 5.,REAL ESTATE,6
Sólyom Team Motorsport Egyesület,CONSUMER DISCRETIONARY,6
Sóstói Gyógyszertár,CONSUMER STAPLES,6
Sóstói u. 1-3.,REAL ESTATE,6
Sóstói u. 6. szám,FINANCIALS,6
Sótér,NOT RELEVANT,6
Söjtör-Kávási Csatornamû Társulat,NOT RELEVANT,6
Süticentrum Kereskedelmi és,NOT RELEVANT,6
Sütõ u. 30-42,FINANCIALS,6
T a M Hungary,ENERGY,6
T'69 KERESKEDELMI,REAL ESTATE,6
T-DEPO Projekt Ingatlanforgalmazó,REAL ESTATE,6
T-ENERGY Kereskedelmi és,NOT RELEVANT,6
T-IMMO Ingatlanhasznosító,FINANCIALS,6
T-Kábel Magyarország Kábeltelevízió,NOT RELEVANT,6
"T-LORS Invest Befektetési,",INDUSTRIALS,6
T-Ra Projekt Korlátolt,FINANCIALS,6
"T-TRANS FÕÉP Építõipari,",INDUSTRIALS,6
T-TUDOK Tudásmenedzsment és Oktatás,NOT RELEVANT,6
T. krt. 4.,REAL ESTATE,6
T. krt. 9-15 Társasház (Duna,REAL ESTATE,6
T. u. 12.,REAL ESTATE,6
T. u. 6.,REAL ESTATE,6
T. u. 8.,REAL ESTATE,6
T.A.G. Hungária Ipari és Jármûipari,CONSUMER DISCRETIONARY,6
T.EPER Szolgáltató,INDUSTRIALS,6
T.H.É. Villamosipari Korlátolt,INDUSTRIALS,6
T.O.M. Trans Duna Fuvarozási és,INDUSTRIALS,6
T1-OBJEKT,FINANCIALS,6
"TAB-OL Vendéglátó, Kereskedelmi",ENERGY,6
"TABAN-Auto Gepjarmukereskedelmi, Ja",NOT RELEVANT,6
TAFÁK ÉPITÕIPARI KERESKEDELMI ÉS,NOT RELEVANT,6
TAGAI-2001,NOT RELEVANT,6
TAHI-HúS Húsfeldolgozó és,CONSUMER STAPLES,6
TAILOR MADE Rendezvényszervezõ és,NOT RELEVANT,6
TALA Szolgáltató Korlátolt,NOT RELEVANT,6
TALAMILK Korlátolt Felelõsségû,CONSUMER STAPLES,6
TAMÁS,NOT RELEVANT,6
TANARA Kereskedelmi,CONSUMER DISCRETIONARY,6
"TANASZEK Mezõgazdasági Termelõ,",CONSUMER STAPLES,6
TANINFORM SZOFTVER Informatikai,INFORMATION TECHNOLOGY,6
TAPODI TRANS-KER KERESKEDELMI ÉS SZ,INDUSTRIALS,6
TARAVIS Baromfi és Élelmiszeripari,CONSUMER STAPLES,6
TARBALY,NOT RELEVANT,6
TARD KÖZSÉGI CSATORNAMÛ,NOT RELEVANT,6
TARJÁN IV LAKÁS ÉS GARÁZSFENNTARTO,REAL ESTATE,6
"TARR Épitõ, Szolgáltató és",COMMUNICATIONS,6
TARTEX Munkaruha Készítõ-Értékesítõ,NOT RELEVANT,6
TATA BAJI U 35 SZ TÁRSASHÁZ 3. 4.lp,REAL ESTATE,6
TATA WOOD KTF.,NOT RELEVANT,6
TAUGÉP Gumiipari Gépgyártó és,INDUSTRIALS,6
TAURINA-KANIZSA Kft.,NOT RELEVANT,6
TB Invest Ingatlanforgalmazó,REAL ESTATE,6
TBG PANNONBETON Betongyártó,NOT RELEVANT,6
TCHIBO Budapest Ipari és,CONSUMER STAPLES,6
"TCW Arrabona Ingatlanfejlesztõ,",REAL ESTATE,6
TD Trade Kereskedelmi,INDUSTRIALS,6
TDA WOOD Fafeldolgozó,INDUSTRIALS,6
TE-GANZ RÖCK,INDUSTRIALS,6
TEAM 21 INGATLANFEJLESZTÉSI ÉS INGA,NOT RELEVANT,6
TEAM RED Media Korlátolt,CONSUMER DISCRETIONARY,6
TECHN. ÉS ÉPÜLETGÉP,NOT RELEVANT,6
TECHNO-DRUCK Fuvarozó és Fuvarszerv,INDUSTRIALS,6
TECHNOLOGY Korlátolt,NOT RELEVANT,6
TECHNOORG-LINDA Tudományos,NOT RELEVANT,6
TEHNIX HUNGARY Kereskedelmi és,NOT RELEVANT,6
TEJÚT PLUSZ BT.-FA,NOT RELEVANT,6
TEKA-HUNGARY KERESKEDELMI,NOT RELEVANT,6
TELEKGERENDÁS,NOT RELEVANT,6
TELEKGERENDÁSI FÖLDMÛVELÕK SZÖVETK.,NOT RELEVANT,6
TELEKI LÁSZLO TÉR,REAL ESTATE,6
TELENA-LOTTÓ Korlátolt,REAL ESTATE,6
TELVILL Telekommunikációs és Villam,INDUSTRIALS,6
TEMPERO ÉPITÖIPARI ÉS USZODATECHNIK,NOT RELEVANT,6
TEMPO R AND B KER. ÉS SZOLG.,NOT RELEVANT,6
TEO PLUSSZ,NOT RELEVANT,6
TEQBALL,CONSUMER DISCRETIONARY,6
TERCAM,FINANCIALS,6
TERMELÕ ÉS KER.,NOT RELEVANT,6
TERMINDEX Befektetési Holding,INDUSTRIALS,6
TERMÉS TÉSZ Termelõi,NOT RELEVANT,6
TERRA AUTÓ Kereskedelmi és,CONSUMER DISCRETIONARY,6
TERRA INNOVA Kereskedelmi és,REAL ESTATE,6
TERRA-21. Közmû- és Mélyépítõ,INDUSTRIALS,6
TERRA-COOP Termelõ és Szolgáltató,CONSUMER STAPLES,6
TERRA-PHARMA GYÓGYSZERÉSZETI,CONSUMER STAPLES,6
TERVKER MÉRNÖKI ÉS KERESKEDELMI IRO,NOT RELEVANT,6
TERÉZVÁROS 2002,NOT RELEVANT,6
TERÜLETI MÛVELÕDÉSI INTÉZMÉNYEK EGY,NOT RELEVANT,6
TESCO-GLOBAL ÁRUHÁZAK,CONSUMER STAPLES,6
TESTVÉRHEGY LAKÓPARK,NOT RELEVANT,6
TESTVÉRHEGYI PATIKA,CONSUMER STAPLES,6
TETRA Baromfitenyésztõ és,CONSUMER STAPLES,6
TEVA GYÓGYSZERGYÁR,HEALTH CARE,6
TEX-GÉP Export-Import Ipari és,NOT RELEVANT,6
THAN KÁROLY GYÓGYSZERÉSZETI,CONSUMER STAPLES,6
THE NFI HOME Kereskedelmi és,REAL ESTATE,6
THEA Theatre Entertainment & Art No,FINANCIALS,6
THELENA Városi Szolgáltató,INDUSTRIALS,6
THEODORA-PHARMA Gyógyszerkereskedel,CONSUMER STAPLES,6
"THERMAL SZOLGÁLTATÓ Kft. ""vé",FINANCIALS,6
THERMALPLUS,NOT RELEVANT,6
THERMIN Szolgáltató,NOT RELEVANT,6
"THIRA-UTECH Co.,Ltd. Magyarországi",NOT RELEVANT,6
THOMAS DUVENBECK IMMOBILIEN INVEST,CONSUMER DISCRETIONARY,6
THYMI-PHARMA Gyógyszeripari,CONSUMER STAPLES,6
TIBOR-TRANS Fuvarozó és,INDUSTRIALS,6
TIC Közlekedési Infrastruktúra,INDUSTRIALS,6
TIEF Terra Építõipari és,INDUSTRIALS,6
TIFAGRO,NOT RELEVANT,6
TIGÁZ Gázhálózati Zártkörûen M,UTILITIES,6
TIGÁZ Zártkörûen Mûködõ Rt.,UTILITIES,6
TIHANYI,NOT RELEVANT,6
TIK-3H Ingatlanhasznosító,NOT RELEVANT,6
TIMESCO Befektetési és Fejlesztési,CONSUMER STAPLES,6
"TIMPANON '95 Építõ, Kereskedelmi",NOT RELEVANT,6
TIMÁR VASKERESKEDELMI KFT TIMÁR VAS,NOT RELEVANT,6
TIPSZO IPARI SZOLG. ÉS KER. KFT.,NOT RELEVANT,6
TISIA Event Szállodaépítõ és Üzemel,REAL ESTATE,6
TISZA GOMBAKOMPOSZT Mezõgazdasági,CONSUMER STAPLES,6
TISZA TÁNCEGYÜTTES MÛVÉSZETI EGYESÜ,NOT RELEVANT,6
TISZA VOLÁN SC,CONSUMER DISCRETIONARY,6
TISZA-FARM PRODUCE Mezõgazdasági,NOT RELEVANT,6
TISZA-MOBILPONT,CONSUMER DISCRETIONARY,6
TISZA-MOZI Szórakoztató,NOT RELEVANT,6
TISZAALPÁRI AGRÁRGAZDASÁG,CONSUMER STAPLES,6
TISZABEZDÉD-GYÕRÖCSKE VÍZGAZD.TÁRS.,NOT RELEVANT,6
TISZAI GÉPGYÁR KFT.,NOT RELEVANT,6
TISZAKESZI CSATORNA BERUHÁZÓ VÍZIKÖ,NOT RELEVANT,6
TISZAPART,NOT RELEVANT,6
TISZATEXTIL MÛANYAGFELDOLGOZÓ ÉS ÉR,NOT RELEVANT,6
"TISZAVILL Ipari, Kereskedelmi és",NOT RELEVANT,6
TISZAVOLT Ingatlankezelõ,REAL ESTATE,6
TISZK Térségi Integrált Szakké,NOT RELEVANT,6
TISZPERGER JENÕ,NOT RELEVANT,6
"TITINA Kereskedelmi, Szolgáltató",INDUSTRIALS,6
TITÁSZ Áramhálózati Zártkörûen,UTILITIES,6
"TIVI KFT. ""felszámolás alatt""",INDUSTRIALS,6
TK INVEST,REAL ESTATE,6
TLAM-KER Korlátolt Felelõsségû,NOT RELEVANT,6
TLM Trans Korlátolt Felelõsségû,CONSUMER DISCRETIONARY,6
TMK-Automatika Ipari Szolgáltató,INFORMATION TECHNOLOGY,6
TMT Texo Money Transfer Korlátolt F,FINANCIALS,6
TMX Mobile Solution,COMMUNICATIONS,6
TNC Consulting Korlátolt,INDUSTRIALS,6
TO-ZO-KI Kereskedelmi és,NOT RELEVANT,6
TOKAJ,NOT RELEVANT,6
TOLL 96,CONSUMER STAPLES,6
TOLNA MEGYEI KÉKKERESZT,NOT RELEVANT,6
TOLNAI U.3-5 TARSASHAZ,FINANCIALS,6
TOLNANÉMEDI AGRÁR Kereskedelmi és,CONSUMER STAPLES,6
TOLNATEJ TOLNA MEGYEI TEJIPARI,CONSUMER STAPLES,6
TOMASICSNÉ LOVAS ÉS MEZÖGAZDASÁGI,NOT RELEVANT,6
TOMBOR,NOT RELEVANT,6
TOMI TRANS SPED Nemzetközi Szállítm,INDUSTRIALS,6
TOMINVEST,NOT RELEVANT,6
TONA HUNGARY Kereskedelmi és,CONSUMER STAPLES,6
TONDACH Ingatlanhasznosító,MATERIALS,6
TONTÉKA KERESKEDELMI ÉS,NOT RELEVANT,6
TOP DESIGN Ingatlanhasznosító és Ta,REAL ESTATE,6
TOP-NEXUS Kereskedelmi és,CONSUMER STAPLES,6
TOP-PHARMA Kereskedelmi és,NOT RELEVANT,6
TOP-SHOT PÉNZNYERÖ AUTOMATÁT ÜZEMEL,CONSUMER DISCRETIONARY,6
TOPDYNAMIC Kereskedelmi és Szolgált,ENERGY,6
TOPI Kereskedelmi és Szolgáltató,CONSUMER DISCRETIONARY,6
TORG PLASS Korlátolt Felelõsségû,REAL ESTATE,6
TORMASI Markakereskedes es Szerviz,CONSUMER DISCRETIONARY,6
TORNAMENTI LAKÁSFENNTARTÓ SZÖVETK.,REAL ESTATE,6
TORONY,REAL ESTATE,6
TOURS IDEGENFORGALMI,NOT RELEVANT,6
TPA HU,INDUSTRIALS,6
TRACO Kereskedelmi és Szolgáltató Z,NOT RELEVANT,6
TRADE FARM Kereskedelmi,CONSUMER STAPLES,6
TRADE-BALLAST ÉPÍTÕIPARI ÉS KER.KFT,MATERIALS,6
TRADEFLEX Kereskedelmi és,INDUSTRIALS,6
TRADER EUROPE Korlátolt,INDUSTRIALS,6
TRAFALGAR HAJÓZÁSI ÉS,NOT RELEVANT,6
TRAFIK Kereskedelmi és,NOT RELEVANT,6
TRAFIK-LÁNC Kereskedelmi és,INDUSTRIALS,6
TRAINER OKT. ÉS SZÁMTECH. SZOLG.KFT,CONSUMER DISCRETIONARY,6
TRANS-SPED CONTAINER LOGISTIC Fuvar,INDUSTRIALS,6
TRANSACTION SYSTEMS korlátolt,INFORMATION TECHNOLOGY,6
TRANSCENTER MÛTRÁGYAGYÁR,NOT RELEVANT,6
TRANSCOM TRS Kereskedelmi és,FINANCIALS,6
TRANSDANUBIA Logisztikai,INDUSTRIALS,6
TRANSELEKTRO,NOT RELEVANT,6
TRANSINTERTOP Szállítmányozási és,INDUSTRIALS,6
TRANSPORTER FUVAROZÁSI ÉS KERESKEDE,NOT RELEVANT,6
TRANZIT-KER Kereskedelmi,CONSUMER STAPLES,6
TRAX-COM VASÚTTECHNIKAI és,INDUSTRIALS,6
TRE-DÓ Kereskedelmi és,NOT RELEVANT,6
TREND TECHNOLOGIES MO GYÁRTÓ,NOT RELEVANT,6
TREND ÉPÍTÕ,INDUSTRIALS,6
TREND-FIX Ipari Szolgáltató és,NOT RELEVANT,6
TRENDEX HOLDING IRODATECH. KER.,NOT RELEVANT,6
TRENDO Holding Vagyonkezelõ,REAL ESTATE,6
TRESIST Szolgáltató Zártkörûen Mûkö,INDUSTRIALS,6
TRESSER RESTAURANTS Vendéglátó és,CONSUMER DISCRETIONARY,6
TRESZNER,INDUSTRIALS,6
TRIAGRO Nemzetközi Mezõgazdasági,NOT RELEVANT,6
TRIBUNE VENTURES HUNGARY Közlekedés,INDUSTRIALS,6
TRIBUTE ESTATE WEST Ingatlanfejlesz,REAL ESTATE,6
"TRIG-INVEST PÜ.,GAZD.ÉS SZOLG.RT.",NOT RELEVANT,6
TRIGO Kereskedelmi és,CONSUMER STAPLES,6
TRIMOVA KÖNYVELÕ ÉS SZÁMVITELI SZOL,INDUSTRIALS,6
TRINVESTOR,REAL ESTATE,6
TRIO TEAM-HUNGARIA KERESKEDELMI,CONSUMER STAPLES,6
TRIOTECHNIK Ipari és Szolgáltató,NOT RELEVANT,6
TRITOR Kereskedelmi és,NOT RELEVANT,6
TROCKENBAU GENERÁL KFT. -F.A.,NOT RELEVANT,6
TRUCK SAVARIA,CONSUMER DISCRETIONARY,6
TRÓPUS NAGYKERESKEDÉS,NOT RELEVANT,6
TS ENERCON MÉRNÖKIRODA,NOT RELEVANT,6
TT Parts Hungary,INDUSTRIALS,6
TT1 Ingatlan Korlátolt,INDUSTRIALS,6
TTC M0,CONSUMER DISCRETIONARY,6
TUBEX Mátra Korlátolt Felelõsségû,MATERIALS,6
TURBÓ Villamosgép Javító KFT TURBO,NOT RELEVANT,6
TV Store,NOT RELEVANT,6
TVK INGATLANKEZELÕ ÉS FORGALMAZÓ,REAL ESTATE,6
TVK POLISEC VAGYONVEDELMI SZOLGALTA,NOT RELEVANT,6
TVP Holding,INDUSTRIALS,6
TW1-Holding,NOT RELEVANT,6
TYCO ELECTRONICS HUNGARY,INDUSTRIALS,6
Tabak,CONSUMER STAPLES,6
Tabak Betéti,CONSUMER STAPLES,6
Tabak-Shop Kereskedelmi,CONSUMER STAPLES,6
Tabán u. 10-12.,FINANCIALS,6
Tabán u. 3.,REAL ESTATE,6
Tabán u. 6-8.,FINANCIALS,6
Tabán u. 9.,REAL ESTATE,6
Taewoong Precision Hungary,INDUSTRIALS,6
Tailor and Stonehill,CONSUMER STAPLES,6
Tajtavill-Nyíradony Kézilabda Szerv,NOT RELEVANT,6
"TakTiMed Egészségügyi,",HEALTH CARE,6
Takarmánygyártó és,CONSUMER STAPLES,6
Takarmányipari,CONSUMER STAPLES,6
Takarosterra Korlátolt Felel¿s,CONSUMER STAPLES,6
Takata Safety System Hungary,CONSUMER DISCRETIONARY,6
Take Net Kereskedelmi és,NOT RELEVANT,6
Takenaka Europe Gmbh Magyarországi,INDUSTRIALS,6
Talentis,CONSUMER STAPLES,6
Talentis Agro Zártkörûen Mûködõ,CONSUMER STAPLES,6
Talentuno Technologies Zártkörûen,NOT RELEVANT,6
Talisan Invest Ingatlanfejlesztõ,CONSUMER STAPLES,6
Talpalatnyi Hagyomány,NOT RELEVANT,6
Tampieri,CONSUMER STAPLES,6
Tamás,NOT RELEVANT,48
Tamás István,NOT RELEVANT,6
Tamás és Társa Hivatalos Má,CONSUMER DISCRETIONARY,6
Tamási Innovációs Központ,CONSUMER DISCRETIONARY,6
Tamási Szennyvízberuházó Vízgazdálk,NOT RELEVANT,6
Tankó,NOT RELEVANT,6
Tanplast Felnõttképzõ,CONSUMER DISCRETIONARY,6
Tanácsadó,NOT RELEVANT,6
Tapodi,NOT RELEVANT,6
Tapolca Ady E. u. 14 .sz.,FINANCIALS,6
"Tapolca, Sümegi út",FINANCIALS,6
Tappe,INDUSTRIALS,6
"Tappe Hulladékgazdálkodási, Köztisz",INDUSTRIALS,6
Tarafás,NOT RELEVANT,6
Tarcsagro,CONSUMER STAPLES,6
Tarcza,NOT RELEVANT,6
Targa Promotion,CONSUMER DISCRETIONARY,6
Tarján Energiaszolgáltató K,UTILITIES,6
Tarján széle 3.,REAL ESTATE,6
Tarján széle 5.,FINANCIALS,6
Tarragona Holding,INDUSTRIALS,6
Tass u. 17-19.,REAL ESTATE,6
"Tata, Egység u. 13.",REAL ESTATE,6
Tatabánya Verebély u. 21.,FINANCIALS,6
Tatabányai Sütõipari,CONSUMER STAPLES,6
Tatagabona Korlátolt Felelõsségû,CONSUMER STAPLES,6
Tatarka,INDUSTRIALS,6
Tatra,CONSUMER DISCRETIONARY,6
"Tatár Pékség Sütõipari, Édesipari,",CONSUMER STAPLES,6
Tatárszentgyörgy Közmû Beruházó és,UTILITIES,6
Taurina-Takarmány Mezõgazdasági,NOT RELEVANT,6
Taurus Carbonpack Kft. technikai sz,NOT RELEVANT,6
Tavirózsa 38 Gyógyszertár Betéti,CONSUMER STAPLES,6
Tech Concept,INDUSTRIALS,6
Tech Korlátolt Felelõsségû,INDUSTRIALS,6
Technical Services Hungaria Jarmuja,INDUSTRIALS,6
Technikai Faktoring,NOT RELEVANT,6
Techno-Trade-1. Kereskedelmi,CONSUMER DISCRETIONARY,6
Technologies Bipoláris,INFORMATION TECHNOLOGY,6
Technologies Cegléd Teljes,INFORMATION TECHNOLOGY,6
Technology,NOT RELEVANT,6
Technology Holding 2000 Vagyonkezel,NOT RELEVANT,6
Technosport,CONSUMER DISCRETIONARY,6
Tecton,INDUSTRIALS,6
Teerag-Asdag Építõipari és,INDUSTRIALS,6
Teerag-Aszfalt Építõipari és,INDUSTRIALS,6
Tegimpex Kereskedelmi és,CONSUMER STAPLES,6
Tej Értékesítõ és,CONSUMER STAPLES,6
Tejtermelõ,CONSUMER STAPLES,6
Tejért Tejértékesítõ és Beszerzõ,CONSUMER STAPLES,6
Teleki Pál u. 22-24.,REAL ESTATE,6
Teleki Pál u. 25-31.,REAL ESTATE,6
Teleki Pál u. 33-35.,REAL ESTATE,6
Teleki Pál út 19-21.,REAL ESTATE,6
Teleki Tamás,NOT RELEVANT,6
"Teleki u. 17-21., Haláp",FINANCIALS,6
Teleki u. 17. sz.,REAL ESTATE,6
Teleki u. 9 A.,REAL ESTATE,6
Teleki út 13.,REAL ESTATE,6
Telekom IT & Telecommunica,INFORMATION TECHNOLOGY,6
Telekom Systems Solutions,INFORMATION TECHNOLOGY,6
Telep 4.,FINANCIALS,6
Telki Kórház Egészségügyi,HEALTH CARE,6
Templom u. 23. sz.,REAL ESTATE,6
Templom utca 3.,REAL ESTATE,6
Templom utca 6.,REAL ESTATE,6
Tensi Idegenforgalmi és,CONSUMER DISCRETIONARY,6
Teratex Ker. és Szolg. Kft. -,CONSUMER DISCRETIONARY,6
Termelõ és,CONSUMER STAPLES,6
Termelõ és Kereskedelmi,NOT RELEVANT,6
Termelõ és Szolgáltató,NOT RELEVANT,6
"Termelõ, Kereskedelmi",CONSUMER STAPLES,6
Terminal Med Pharma,CONSUMER STAPLES,6
Termini-Rail Építõ és Szolgáltató,INDUSTRIALS,6
Termálfürdõ Üzemeltetõ,CONSUMER DISCRETIONARY,6
Terra-Coop,CONSUMER STAPLES,6
Terra-Sym Agro Korlátolt,CONSUMER STAPLES,6
Terrán Tetõcserép Gyártó,MATERIALS,6
Tesla Hungary Korlátolt,CONSUMER DISCRETIONARY,6
Testvérvárosok u. 24-26.,FINANCIALS,6
Testõr-Audit Nemzetközi Biztonsági,INDUSTRIALS,6
Teszt LC,REAL ESTATE,6
Tetra Pak Csomagolóanyag Gyártó,MATERIALS,6
Tetrabbit Állattenyésztési és,CONSUMER STAPLES,6
Tetravent Plussz,FINANCIALS,6
Tetõ-Profi Építõipari és,NOT RELEVANT,6
Textura Kereskedelmi,CONSUMER DISCRETIONARY,6
Than K. Lakóközösség,FINANCIALS,6
The Elvis Shop Ruházati Kis- és,NOT RELEVANT,6
The Million S.á r.l. Magyarországi,CONSUMER STAPLES,6
Thege,INDUSTRIALS,6
Thege Pack Kereskedelmi,INDUSTRIALS,6
Thege-Invest,INDUSTRIALS,6
Thege-Plastic Kereskedelmi,INDUSTRIALS,6
Thermotrade Kereskedelmi és,INDUSTRIALS,6
Thury,NOT RELEVANT,6
Thury György u.3.,REAL ESTATE,6
ThyssenKrupp Építõelemek,NOT RELEVANT,6
Thököly Gyógyszertár,CONSUMER STAPLES,6
Thököly tér 6. sz.,REAL ESTATE,6
Thököly út 10-12-14,REAL ESTATE,6
Tibor,NOT RELEVANT,42
Tiborcz Istvan,NOT RELEVANT,6
Tiborcz István,INDUSTRIALS,6
Tihanyi Á. u. 61-63,REAL ESTATE,6
Tildy Z. u. 35.,FINANCIALS,6
Tildy Zoltán u. 49-51.,FINANCIALS,6
Tildy Zoltán utca 45-47.,REAL ESTATE,6
Tilkin Korlátolt Felelõsségû Társas,INFORMATION TECHNOLOGY,6
Tim Van Vlaandern Transport,INDUSTRIALS,6
TisVet Korlátolt Felelõsségû,CONSUMER STAPLES,6
Tisza Erõmû,UTILITIES,6
Tisza Gyógyszerészeti,CONSUMER STAPLES,6
Tisza Ingatlanfejlesztõ Korlát,FINANCIALS,6
Tisza-Coop Nagykereskedelmi és,CONSUMER STAPLES,6
Tisza-Csir,NOT RELEVANT,6
Tisza-Therm Fûtõerõmû,UTILITIES,6
Tiszafüred Város Önkormányzata Vizi,NOT RELEVANT,6
Tiszamenti Regionális Vízmûvek,NOT RELEVANT,6
Tiszaport Kereskedelmi és,INDUSTRIALS,6
Tiszatarján Viziközmû társulat,NOT RELEVANT,6
Tiszántúli Vágósertés Elõállító,CONSUMER STAPLES,6
Titex-2004 Szállítmányozási és Fuva,INDUSTRIALS,6
Tlog Közúti Transzport-Logis,INDUSTRIALS,6
Tobacco Leaves,CONSUMER STAPLES,6
Tobacconist Trade,CONSUMER STAPLES,6
Tobaner Vas-Szerelvény,MATERIALS,6
Tokaj Spirit Korlátolt,CONSUMER STAPLES,6
Tokaj Társasház Gyõri kapu 63-73.,REAL ESTATE,6
Toldi u. 6.,REAL ESTATE,6
Toldi út 63.,REAL ESTATE,6
Tolnai u. 36-42,FINANCIALS,6
Tolnai Úti Gyógyszertár,CONSUMER STAPLES,6
Tolnay,NOT RELEVANT,6
Tom-Ferr Kereskedelmi és,MATERIALS,6
Tomori u. 26.,FINANCIALS,6
Tompa M. u. 13. sz.,FINANCIALS,6
Tompa M. u. 5. sz.,REAL ESTATE,6
Tomsó-Dessewffy György,NOT RELEVANT,6
Top-Auto Kereskedelmi,NOT RELEVANT,6
TopFirst Ingatlanforgalmazó és Hasz,REAL ESTATE,6
Toplak,NOT RELEVANT,6
Tornyosi Zsombor,NOT RELEVANT,6
Torony,REAL ESTATE,6
Torony Ingatlanfejlesztõ és Ing,FINANCIALS,6
Torreon Property Korlátolt,REAL ESTATE,6
Toth Frigyes Autohaz Kereskedelmi,NOT RELEVANT,6
Totál Invest Kereskedelmi és,FINANCIALS,6
Touché Event Kereskedelmi és,INDUSTRIALS,6
Tower Inox LLC,NOT RELEVANT,6
Toyota Pénzügyi Szolgáltató Magyaro,CONSUMER DISCRETIONARY,6
Trade,CONSUMER STAPLES,6
Trade Ipari és Kereskedelmi,INDUSTRIALS,6
Trade Kereskedelmi és,CONSUMER DISCRETIONARY,6
TradeAudit Szolgáltató,CONSUMER STAPLES,6
Traditional Solutions Korlátolt,INDUSTRIALS,6
Trammel Crow Wallis Ingatlanszolgál,NOT RELEVANT,6
Trans Europe Logistics Zrt. -,INDUSTRIALS,6
Trans Fuvarozási,INDUSTRIALS,6
"Trans Pit es Tom Kft. ""F.a.""",NOT RELEVANT,6
Trans-Sped Logisztikai,INDUSTRIALS,6
"TransCTRL Kft. ""felszámolás alatt""",NOT RELEVANT,6
Transalkim,INDUSTRIALS,6
Transintertop,INDUSTRIALS,6
Transzkavics Bányászati Korlátolt,NOT RELEVANT,6
Transzportbeton Építõanyagipari,NOT RELEVANT,6
Tranzit-Food Baromfifeldolgozó és É,CONSUMER STAPLES,6
Travel Kereskedelmi és,CONSUMER DISCRETIONARY,6
Travelsoft Solution,INFORMATION TECHNOLOGY,6
Travelstar Utazási Iroda,NOT RELEVANT,6
Treffpunkt Kereskedelmi,NOT RELEVANT,6
Trelgo,NOT RELEVANT,6
Trend SV Kereskedelmi és,CONSUMER DISCRETIONARY,6
Trenkwalder Személyzeti,INDUSTRIALS,6
Trevelin Holding,INDUSTRIALS,6
Trinity International Communication,CONSUMER DISCRETIONARY,6
Trioda,INDUSTRIALS,6
TriptRosa Hungary,REAL ESTATE,6
Triptara Hungária,REAL ESTATE,6
Triseed Korlátolt Felelõsségû,CONSUMER STAPLES,6
Truck Force One Szállítmányozó,INDUSTRIALS,6
Trueline Korlátolt Felelõsségû,INDUSTRIALS,6
Tsmith Dohány Betéti,CONSUMER STAPLES,6
Tuba Tanya,REAL ESTATE,6
Tulipán 2,REAL ESTATE,6
Tulipántündér Produkciós Non-Profit,COMMUNICATIONS,6
Tungsram Group Zártkörûen Mûködõ Ré,NOT RELEVANT,6
Tungsram Operations Kft.,INDUSTRIALS,6
Turkel Jelena,NOT RELEVANT,6
Tuttnauer Korlátolt Felelõsségû Tár,HEALTH CARE,6
Twentyone Hungary Korlátolt,INDUSTRIALS,6
Twinner Hungária Kereskedelmi és,NOT RELEVANT,6
Tyukodi,NOT RELEVANT,6
Tyukodi Lilla Györgyi,CONSUMER DISCRETIONARY,6
TÁMASZ SEGÉLYEZÉST FELVÁLL. ÖNSEGÉL,NOT RELEVANT,6
TÁNCSICS M U,FINANCIALS,6
TÁP Baromfitenyésztõ,NOT RELEVANT,6
"TÁPIÓCSIR Baromfinevelõ,- Feldolgoz",CONSUMER STAPLES,6
TÁRS ING. HASZN. ÉS BER,NOT RELEVANT,6
TÁRSASHÁZ CSEREPES-KÖZ 1-3,REAL ESTATE,6
"TÁRSASHÁZ KÖZÖSSÉG Gyõr, Bajcsy",REAL ESTATE,6
TÁRSASHÁZ SZÉCHENYI U,FINANCIALS,6
"TÁRSASHÁZ, 1097 BP. SZERKOCSI U.",REAL ESTATE,6
TÁVSEC Személy- és Vagyonvédelmi,INDUSTRIALS,6
TÉGLACENTRUM Kereskedelmi és,NOT RELEVANT,6
TÉR-SZERKEZET,INDUSTRIALS,6
TÉRREKLÁM Szolgáltató,NOT RELEVANT,6
TÍZVÁROS Alapítvány A régió felemel,INDUSTRIALS,6
TÓTH T.D. Fõvállalkozói és Mérnökir,INDUSTRIALS,6
TÓVÁROSI LAKÁSFENNTARTÓ,FINANCIALS,6
TÖLTS BENZINKÚT,NOT RELEVANT,6
TÖRA-PONT Ingatlanhasznosító,REAL ESTATE,6
"TÖREKVÉS Ipari, Kereskedelmi és",NOT RELEVANT,6
TÖRÉSVÁR,NOT RELEVANT,6
TÖRÖK ERÕMÛ-TEAS TECHNIKAI SZÁMLA,UTILITIES,6
TÚRPIG Sertéstenyésztõ és,CONSUMER STAPLES,6
TÜKI Tüzeléstechnikai Kutató és Fej,MATERIALS,6
TÜZÉP Kereskedelmi és Tanácsadó,INDUSTRIALS,6
Tábor Városrészért,NOT RELEVANT,6
Tábormezõ u.2-4-6. sz.,REAL ESTATE,6
Tállya és Térsége Víziközmû Társula,NOT RELEVANT,6
Táncsics M. uti ltp. IV.,REAL ESTATE,6
"Táncsics Meztõgazdasági,",CONSUMER STAPLES,6
Táncsics Mihály u. 23-29,REAL ESTATE,6
Táncsics Mihály út 8.,REAL ESTATE,6
Táncsics tér 3/a.,REAL ESTATE,6
Táncsics tér 3/b.,REAL ESTATE,6
Táncsics u. 2-8.,FINANCIALS,6
Tápai u. 41. sz.,FINANCIALS,6
Tápióbusz 2005 Szolgáltató és,INDUSTRIALS,6
Tárbályné Varga Edina Õt.,CONSUMER STAPLES,6
Tárna-Invest Ingatlanforgalmazó,REAL ESTATE,6
Tárna-Projekt,REAL ESTATE,6
Tárogató '68 Kereskedelmi,CONSUMER STAPLES,6
Társasház,FINANCIALS,6
Társasház,REAL ESTATE,6
"Társasház 4032 Debrecen, Mikszá",FINANCIALS,6
Társasház Fábián u.,FINANCIALS,6
"Társasház Kaposvár, Füredi u.",FINANCIALS,6
Társasház Lakóközössége,FINANCIALS,6
Társasház Szent László tér 11.,NOT RELEVANT,6
"Társasház, Gyõr Mécs László",REAL ESTATE,6
Társasházi Lakóközösség Zemplén,REAL ESTATE,6
Társasházközösség Nagykõrösi u.,FINANCIALS,6
Társasházközösség Árpád Krt. 19.,REAL ESTATE,6
Tátra u. 21.,REAL ESTATE,6
Távfûtõ,UTILITIES,6
Távközlési Holding Zártkörûen M,COMMUNICATIONS,6
Tázló József,NOT RELEVANT,6
Tér 22 Ingatlan,NOT RELEVANT,6
Térség Fejlesztéséért Nonpro,REAL ESTATE,6
Tízpróba Magyarország,CONSUMER DISCRETIONARY,6
Tóbi,NOT RELEVANT,6
Tóka Stephan,NOT RELEVANT,6
Tópart ltp. 6.c,REAL ESTATE,6
Tóparti lakótelep 8.,REAL ESTATE,6
Tóth Imre Kereskedelmi és,CONSUMER STAPLES,6
Tóth Lõrinc út 5.,REAL ESTATE,6
Tóth Árpád,FINANCIALS,6
Tóth és Tsa. Gépjármû-felépítmény G,CONSUMER DISCRETIONARY,6
"Tóth és Tóthné Termelõ-,",CONSUMER STAPLES,6
Tótkomlósi Agrár Mezõgazdasági,CONSUMER STAPLES,6
Tótkomlósi Gazdák Beszerzési és,NOT RELEVANT,6
Tótok és Fiai Magas- és Mélyépítõ,INDUSTRIALS,6
Tóvárosi Ln 14-16,REAL ESTATE,6
Tömegáru-Fuvarozó és,NOT RELEVANT,6
Tömörkény u. 3.,REAL ESTATE,6
Törley Pezsgõpincészet,CONSUMER STAPLES,6
Törzs u. 36-38. sz.,REAL ESTATE,6
Törzs u. 76-78. sz.,REAL ESTATE,6
Törökvész u. 95-97.,FINANCIALS,6
"Túrkeve, Setét Mihály út 1-3.",FINANCIALS,6
Túrkevei Vízmû Nonprofit,UTILITIES,6
Tûzoltó 71-75a Ingatlanfejlesztõ,NOT RELEVANT,6
Tükörhegy Center,REAL ESTATE,6
Tünde,NOT RELEVANT,6
Türr István Lakás és Garázsszövetke,REAL ESTATE,6
Tüske Trans Fuvarozó,INDUSTRIALS,6
Tüskevári,NOT RELEVANT,6
Tüttõ Kata,NOT RELEVANT,6
Tüttössy u. 8.,REAL ESTATE,6
U 4 TÁRSASHÁZ LAKOKÖZÖSSÉG,REAL ESTATE,6
U-SHIN EUROPE Gépjármûalkatrész Gyá,CONSUMER DISCRETIONARY,6
U-SZ Ingatlanhasznosító Korlátolt,REAL ESTATE,6
U.K-METAL Kereskedelmi és,NOT RELEVANT,6
U.S. Alloys Vagyonkezelõ,COMMUNICATIONS,6
UBM,CONSUMER STAPLES,6
UBM Feed KEreskedelmi és,NOT RELEVANT,6
"UD STAHL RECYCLING Ipari,",INDUSTRIALS,6
UFM Egyesült Habanyaggyártó,NOT RELEVANT,6
ULRICH TRADE KFT. -,CONSUMER STAPLES,6
ULTRAHANGVEZÉRELT VESE-EPEKÕZÚZÁS,HEALTH CARE,6
ULYSSYS Számítástechnikai Fejlesztõ,INFORMATION TECHNOLOGY,6
UNI - SYSTEM BAU Általános,INDUSTRIALS,6
"UNI-FM Üzemeltetési, Építõipari",REAL ESTATE,6
UNICAFFÉ KERESKEDELMI ÉS,NOT RELEVANT,6
UNICENTRÁL-Daruszervíz,NOT RELEVANT,6
UNICENTRÁL-VAGYONKEZELÕ,NOT RELEVANT,6
UNICENTRÁL-Épületgépészeti és Acéls,NOT RELEVANT,6
UNICENTRÁL-ÜZEMSZERVIZ,NOT RELEVANT,6
"UNICHEM Vegyipari, Kereskedelmi,",MATERIALS,6
UNICO BÚTORSTÚDIÓ KER. ÉS B.ÉP.KFT.,NOT RELEVANT,6
UNIFERRO Kazán és Gépgyártó,NOT RELEVANT,6
UNILEVER MAGYARORSZAG KFT PREDSTAVN,CONSUMER DISCRETIONARY,6
UNIMETALL Acélipari és,NOT RELEVANT,6
UNIO-MÉDIA Kereskedelmi és,NOT RELEVANT,6
UNIONE FOOTBALL CLUB,CONSUMER DISCRETIONARY,6
UNIONE SÁRVÁR SZÁLLODAPROJEKT,REAL ESTATE,6
UNIONE-L Ingatlanforgalmazó,REAL ESTATE,6
UNIONE-W Szélerõmû,NOT RELEVANT,6
UNIPRINT HUNGARY NYOMDAI,NOT RELEVANT,6
UNISERVE 91. KFT. -,NOT RELEVANT,6
UNISYS MAGYARORSZÁG,NOT RELEVANT,6
UNISZOV Kereskedelmi és,CONSUMER DISCRETIONARY,6
UNITED CONSULT Zártkörûen Mûködõ Ré,INFORMATION TECHNOLOGY,6
UNITEF'83 MÛSZAKI TERVEZÕ ÉS FEJLES,INDUSTRIALS,6
UNITRANSCOOP Fuvarozó és,INDUSTRIALS,6
UNIVER-PRODUCT TERMELÕ ÉS,CONSUMER STAPLES,6
"UNIVERSAL TRADE TEAM ÜGYNÖKI, KERES",CONSUMER DISCRETIONARY,6
UNIX AUTÓ ÉS ALKATRÉSZKERESKEDELMI,CONSUMER DISCRETIONARY,6
UPC Magyarország Telekommunikációs,CONSUMER DISCRETIONARY,6
UPONOR Épületgépészeti,INDUSTRIALS,6
URANUS Társasház Bem u.,REAL ESTATE,6
URI UTCAI SZÉKHÁZ SZOLGÁLTATÓ,NOT RELEVANT,6
UROESZK Urológiai Eszközértékesítõ,INDUSTRIALS,6
USER RENDSZERHÁZ Informatikai,NOT RELEVANT,6
UT 26-28. SZAMU TARSASHAZK,REAL ESTATE,6
UT Korlátolt Felelõsségû,INDUSTRIALS,6
UTIBER Közúti Beruházó,INDUSTRIALS,6
UTT Europe Ügynöki és,CONSUMER DISCRETIONARY,6
UV Újpesti Vagyonkezelõ,REAL ESTATE,6
UVEK-Invest Vagyonkezelõ,HEALTH CARE,6
Ukrenergy trade,UTILITIES,6
Ulcisia Ingatlanforgalmazó,NOT RELEVANT,6
Unferdorfer,NOT RELEVANT,6
Unger,NOT RELEVANT,6
Ungvár St. 23-27. Sz.,REAL ESTATE,6
Ungvár sétány 2-4-6.,REAL ESTATE,6
Ungvári Mária Terézia,NOT RELEVANT,6
UniCredit Factoring Pénzügyi,NOT RELEVANT,6
Uniform Építõipari és Szolgáltató,NOT RELEVANT,6
Unilever Magyarország,CONSUMER STAPLES,6
Unimasters Logistics,INDUSTRIALS,6
Unione Management Szolgáltató,REAL ESTATE,6
Unione-C Ingatlanfejlesztõ és Beruá,REAL ESTATE,6
Universal,CONSUMER DISCRETIONARY,6
Universal McCann Magyarország Reklá,CONSUMER DISCRETIONARY,6
Universiade,REAL ESTATE,6
Univerzál Kereskedelmi,CONSUMER DISCRETIONARY,6
Up Kereskedelmi,INDUSTRIALS,6
Upfield Hungary Korlátolt,CONSUMER STAPLES,6
Urbán Zsombor György egyéni vállalk,NOT RELEVANT,6
Urmily Dohány,CONSUMER STAPLES,6
Ut-Hid-Kommunalis,NOT RELEVANT,6
Utazom.com Utazásszervezõ és Utazás,CONSUMER DISCRETIONARY,6
Utéppark,NOT RELEVANT,6
V & PERIKO Kereskedelmi,MATERIALS,6
"V+K 99. Építõipari, Kereskedelmi",CONSUMER DISCRETIONARY,6
V-22 BAU Kereskedelmi és,REAL ESTATE,6
V-CONTACT Kereskedelmi és,CONSUMER STAPLES,6
V-HÍD Építõ,INDUSTRIALS,6
V-Nafta Szolgálatató és,NOT RELEVANT,6
V-Park Ingatlanforgalmazó,NOT RELEVANT,6
V. KERÜLET BÉCSI U.,FINANCIALS,6
V.D.S. SZERVIZ Szolgáltató,INDUSTRIALS,6
VABEKO Mûszaki Kereskedelmi és,INDUSTRIALS,6
VADKERT-11 Szolgáltató,CONSUMER STAPLES,6
VAGYONKEZELÕ,NOT RELEVANT,6
VAGYONVÉDELMI Korlátolt,INDUSTRIALS,6
VAGÉP Kereskedelmi és Szolgáltató z,CONSUMER DISCRETIONARY,6
VAJDA,NOT RELEVANT,6
VAKOND,INDUSTRIALS,6
VAKOND Út és Építõipari Korlátolt,INDUSTRIALS,6
VALD-AVIS Ingatlanhasznosító,CONSUMER STAPLES,6
VALEANT PHARMA Magyarország,HEALTH CARE,6
"VALEK-KER Vendéglátóipari,",NOT RELEVANT,6
VALERTON Korlátolt Felelõsségû,REAL ESTATE,6
VALID GROUP Mérnöki és Tanácsadó,INDUSTRIALS,6
VALKON 2007. Kereskedelmi és,INDUSTRIALS,6
VALNEROVICZ KÁLMÁN,NOT RELEVANT,6
VALTON-SEC Kereskedelmi és,INDUSTRIALS,6
VAMANN 2000,NOT RELEVANT,6
VAMAV Vasúti Berendezések,NOT RELEVANT,6
VAN DE VELDE TERMELÕ ÉS,NOT RELEVANT,6
VAP Magyarország Holding Menedzsmen,CONSUMER DISCRETIONARY,6
VARGA,NOT RELEVANT,6
VARGA-SZÁRNYAS Baromfifeldolgozó,CONSUMER STAPLES,6
VAS ÉS TÁRSAI MÛANYAGFELDOLGOZÓ,NOT RELEVANT,6
VAS-ITA HUNGARY,NOT RELEVANT,6
VASI CALENDULA GYÓGYSZERTÁR,CONSUMER STAPLES,6
VASI-HANGYA-BOY,NOT RELEVANT,6
VASIVÍZ Vas megyei Víz-és Csatornam,NOT RELEVANT,6
VASJÁRMÛ JÁRMÛJAVÍTÓ,NOT RELEVANT,6
VASKER-PLUSZ VASHULL. FORG.-Ó,MATERIALS,6
VASUTÉPITÖ- GÉPELLÁTO ÉS,NOT RELEVANT,6
VASZI-EP Mélyépítõ,NOT RELEVANT,6
VE-JÓ KERESKEDELMI ÉS SZOLGÁLTATÓ,CONSUMER DISCRETIONARY,6
VEBA-CAR Autóalkatrész,NOT RELEVANT,6
VECTIGALIS Általános Vállalkozási,INDUSTRIALS,6
VEG-YE Kereskedelmi,CONSUMER DISCRETIONARY,6
VEGA-Delicatesse Termelõ és,CONSUMER STAPLES,6
VEGAPRINT,NOT RELEVANT,6
VEGYTERV IS Ipari Megoldások Fõváll,INDUSTRIALS,6
VELLUTO Kereskedelmi,CONSUMER STAPLES,6
VEMÉV-SZER Építõ- és Szerelõipari,INDUSTRIALS,6
VEOLIA ENERGIA MAGYARORSZAG ZARTKO,UTILITIES,6
VER-BAU ÉPITÖIPARI ÉS SZOLGÁLTATO,NOT RELEVANT,6
"VER-ÉP 2000 Építõipari,",NOT RELEVANT,6
"VERANDA-SOL Ingatlanforgalmazó,",REAL ESTATE,6
VERBO TRANS,NOT RELEVANT,6
VERDE Kereskedelmi es Szolgaltato,CONSUMER DISCRETIONARY,6
VERE GESTUM Szolgáltató Korlátolt,INDUSTRIALS,6
VEREBÉLY UT 8.,FINANCIALS,6
VERES PROJEKT 2007.,REAL ESTATE,6
VERESEGYHÁZI INGATLANFEJLESZTÉSI,NOT RELEVANT,6
"VERSEG Kereskedelmi, Szolgáltató",NOT RELEVANT,6
VERSEGI VIZIKÖZMÛ,NOT RELEVANT,6
VERSTEIJNEN LOGISTICS,INDUSTRIALS,6
VERTIKAL Group Nyilvánosan Mûködõ,INDUSTRIALS,6
"VERTIKÁL-D Ipari, Kereskedelmi és",INDUSTRIALS,6
"VERYSLIDE Kft. ""végelszámolás alatt",INFORMATION TECHNOLOGY,6
VESTFROST,INDUSTRIALS,6
VESZELIK Szárnyas Kereskedelmi,CONSUMER STAPLES,6
VESZPRÉM SOLYI U 1 SZ,REAL ESTATE,6
VESZPRÉMI FÕEGYHÁZMEGYE VESZPRÉMI,NOT RELEVANT,6
VETÕMAG ÉS SZÁRÍTÓ,CONSUMER STAPLES,6
VEVÕK,NOT RELEVANT,6
VEVÕÉRT Kereskedelmi,CONSUMER STAPLES,6
VHIDAL,INDUSTRIALS,6
VI ker. Nagymezõ u. 3.,REAL ESTATE,6
VI. Lakásfenntartó,REAL ESTATE,6
VI. ker. Hajós u.,FINANCIALS,6
VI. ker. Székely B.,REAL ESTATE,6
"VI., Szondi u. 56.sz.",REAL ESTATE,6
VIADOM Építõipari Zrt.,NOT RELEVANT,6
VIANNI KERESKEDELMI ÉS,INDUSTRIALS,6
"VIAPAN ""DOLOGIDÕ"" Munkaerõ Közvetít",INDUSTRIALS,6
VIBA-TVK Termelõ és Kereskedelmi,NOT RELEVANT,6
VIBOKO Tervezõ és Szolgáltató,INDUSTRIALS,6
VICOM Számítástechnikai és Szolgált,INFORMATION TECHNOLOGY,6
VID ART Stúdió Filmgyártó és,NOT RELEVANT,6
VIDEO-MAX,NOT RELEVANT,6
VIDEO-PART Kereskedelmi és,CONSUMER DISCRETIONARY,6
VIDEOBANK KERESKEDELMI ÉS,NOT RELEVANT,6
VIDEOTON Elektro-PLAST Ipari és,CONSUMER DISCRETIONARY,6
"VIDFRUIT Termelõ, Szolgáltató és",CONSUMER STAPLES,6
VIDNET,COMMUNICATIONS,6
VII. Kerületi,NOT RELEVANT,6
VII. sz. Lakószövetkezet,REAL ESTATE,6
"VII., Dob u. 74.",REAL ESTATE,6
VII.GARAY U.21.,REAL ESTATE,6
VIII. Kerületi,NOT RELEVANT,6
"VIII. kerület, Bródy Sánd",REAL ESTATE,6
VIII. Üllõi út 16 B.,REAL ESTATE,6
VIK Viking International Ltd.,FINANCIALS,6
VIKÖTI Mérnök Iroda,INDUSTRIALS,6
VILATI Automatizálási és Telekommun,INFORMATION TECHNOLOGY,6
VILATI SZERELÕ VILLANYSZERELÕ ÉS IP,INDUSTRIALS,6
VILL-KORR HUNGÁRIA Villamosipari,INDUSTRIALS,6
VILLKRAFT,NOT RELEVANT,6
VILÁG FAFELDOLGOZÓ ÉS,NOT RELEVANT,6
VIMPEX DRINK Kereskedelmi,CONSUMER STAPLES,6
VIMPEX Kereskedelmi és Vendéglátó,REAL ESTATE,6
VINAGRIUM Borászati és,CONSUMER STAPLES,6
VINARET Kereskedelmi és,CONSUMER STAPLES,6
VINGERF Kereskedelmi és,NOT RELEVANT,6
VINTER ÉS TÁRSA Kereskedelmi és,NOT RELEVANT,6
VIOLA-LAKÓPARK,REAL ESTATE,6
VIP-2004,NOT RELEVANT,6
VIRESOL Keményítõ-és Alapanyaggyárt,CONSUMER STAPLES,6
"VIRGINTRADE Ipari, Kereskedelmi",CONSUMER STAPLES,6
VIRIDIS-PHARMA,HEALTH CARE,6
VIRTUÁL,NOT RELEVANT,6
VIS-ANIMI Szolgáltató és,INDUSTRIALS,6
VISONKA Takarmánykeverõ,NOT RELEVANT,6
VISTA UTAZÁSI IRODÁK,CONSUMER DISCRETIONARY,6
VITA-Sütõ Korlátolt Felelõsségû,CONSUMER STAPLES,6
VITAFARMA GYÓGYSZERÉSZETI,CONSUMER STAPLES,6
VITAPRESS,NOT RELEVANT,6
VITEXIM Kereskedelmi és,CONSUMER STAPLES,6
VITOL Szolgáltató és Kereskedelmi,CONSUMER STAPLES,6
VITÁLIS UT 38.,REAL ESTATE,6
VIV Trade Kereskedelmi és,NOT RELEVANT,6
VIVA TRANS Fuvarozási és,INDUSTRIALS,6
VIVAMIX TAKARMÁNY,NOT RELEVANT,6
VIVAMUS KERESKEDELMI ÉS,NOT RELEVANT,6
VIZEUM Hungary Média Korlátolt,CONSUMER DISCRETIONARY,6
VIZITOR KERESKEDELMI ÉS,NOT RELEVANT,6
"VKIK Vízrendezési Környezetvédelmi,",INDUSTRIALS,6
VKSZ Veszprémi Közüzemi,NOT RELEVANT,6
VL-Market Kereskedelmi és,CONSUMER STAPLES,6
VLG Kábelkereskedelmi,INDUSTRIALS,6
VMSJ HOLDING,REAL ESTATE,6
VODEN Befektetési,CONSUMER STAPLES,6
VODICA Mezõgazdasági,NOT RELEVANT,6
VOG,CONSUMER STAPLES,6
"VOLTIZS IDEGENFORGALMI,KERESKEDELMI",NOT RELEVANT,6
VOLTPIPE,UTILITIES,6
VOLÁN AUTÓBUSZKÖZLEKEDÉSI,NOT RELEVANT,6
VOLÁN KÖZLEKEDÉSI,NOT RELEVANT,6
VOLÁN LÍZING,NOT RELEVANT,6
VOLÁNBUSZ,INDUSTRIALS,6
VP Logisztika Korlátolt,INDUSTRIALS,6
VP36-Ingatlan Ingatlanhasznosító,REAL ESTATE,6
VRG - Mobil Kereskedelmi és,NOT RELEVANT,6
VYLYAN SZÕLÕBIRTOK ÉS PINCÉSZET,CONSUMER STAPLES,6
Vaderstad Kereskedelmi,INDUSTRIALS,6
Vadkerti Jenõ,NOT RELEVANT,6
Vadász József,NOT RELEVANT,6
Vadász u. 2-4-6,REAL ESTATE,6
Vadász és Hajós,NOT RELEVANT,6
Vadász út 77-79-81.,REAL ESTATE,6
Vadásztársaság,FINANCIALS,6
Vagon Vasúti Jármû Gyártó és Ja,INDUSTRIALS,6
Vagyonkezelõ,NOT RELEVANT,6
"Vagyonkezelõ Kft. ""v.a.""",REAL ESTATE,6
Vagyonkezelõ Korlátolt,CONSUMER STAPLES,6
Vagyonkezelõ Korlátolt,INDUSTRIALS,12
Vagyonkezelõ Részvénytárs,NOT RELEVANT,6
Vagyonkezelõ és Ingatlanforga,INDUSTRIALS,6
Vajda János út 18-20 sz. Társasházk,FINANCIALS,6
Vajda P. ltp. 35.,REAL ESTATE,6
Vajda P.ltp.13. szám alatti,REAL ESTATE,6
Vajda Papir,CONSUMER STAPLES,6
"Vajda Papír Gyártó, Kereskedelmi",MATERIALS,6
Vajda Péter ltp 24 szám,REAL ESTATE,6
Vajda Péter ltp. 15.,REAL ESTATE,6
Vajda-Papir,MATERIALS,6
Valais'98 Kereskedelmi és,NOT RELEVANT,6
Valdhauserné Bodnár Marianna,NOT RELEVANT,6
Valegro Ingatlan Korlátolt,REAL ESTATE,6
Valeo Auto-Electric Magyarország,INDUSTRIALS,6
Valiosa Befektetési Holding,INDUSTRIALS,6
Vanako Ker. és Szolg. Kft. -,CONSUMER DISCRETIONARY,6
Vanda Invest Korlátolt,REAL ESTATE,6
Vanguards Fashion Group,INDUSTRIALS,6
Vanília Cukrász,CONSUMER DISCRETIONARY,6
Varda Projekt,CONSUMER STAPLES,6
Varga,NOT RELEVANT,6
Varga Fuvarozási és Építõipari,INDUSTRIALS,6
Varga Gábor István,CONSUMER STAPLES,6
Varga József u. 3.,REAL ESTATE,6
Vargabetû Klub-Mûhely,NOT RELEVANT,6
Variachem Vegyipari Kereskedelmi,MATERIALS,6
Varjasi Farm Állattenyésztõ és,CONSUMER STAPLES,6
Varró,NOT RELEVANT,6
Varsa u. 10-16.,REAL ESTATE,6
Vas Megyei Temetkezési Korlátolt,NOT RELEVANT,6
Vasgarázs Ingatlanforgalmazó és,REAL ESTATE,6
"Vasi Flansch Ker.-i, Termelõ és",MATERIALS,6
Vaskút Feed Takarmánygyártó,CONSUMER STAPLES,6
Vasmû út 51.,FINANCIALS,6
Vastag,NOT RELEVANT,6
Vasvári,FINANCIALS,6
Vasvári Baromfi Kereskedelmi,CONSUMER STAPLES,6
Vasvári P. u. 73.,REAL ESTATE,6
Vasvári Pál tér 1-8. sz.,REAL ESTATE,6
Vasvári Pál u. 12.,REAL ESTATE,6
Vasvári Pál u. 17.,REAL ESTATE,6
Vasvári Pál u. 18.,REAL ESTATE,6
Vasvári Pál u. 22.,REAL ESTATE,6
Vasvári Pál u. 5.,REAL ESTATE,6
Vasvári Pál u. 8.,FINANCIALS,6
Vasvári Pál utca 10.,REAL ESTATE,6
Vaszar és Térsége Csatorna,NOT RELEVANT,6
Vasúti Áruszállító,INDUSTRIALS,6
Vasútvillamosító,INDUSTRIALS,6
Vasútépítõ,INDUSTRIALS,6
"Vasútépítõk Pályatervezõ, Kivitelez",INDUSTRIALS,6
Vaxco Holding,FINANCIALS,6
Vecta Foundation,NOT RELEVANT,6
Vegyépszer,NOT RELEVANT,6
Vegyépszer Építõ és Szerelõ,NOT RELEVANT,6
Velegi út 24.26.28.30.,REAL ESTATE,6
Velinszky László u. 8,FINANCIALS,6
Velinszky ltp. 19-20,REAL ESTATE,6
"Veming Ingatlanfejlesztési, Beruház",INDUSTRIALS,6
Vemév,INDUSTRIALS,6
Venczák Ildikó,CONSUMER STAPLES,6
Vendible Solar Systems Zártkörûen,NOT RELEVANT,6
Vendéglátó Korlátolt,CONSUMER DISCRETIONARY,6
Venodia,INDUSTRIALS,6
Ver-Ház Ingatlanhasznosító,FINANCIALS,6
Verebély u. 19.,FINANCIALS,6
Verebély u. 44.,REAL ESTATE,6
Verebély út 12,FINANCIALS,6
Veres József Fuvarozó és,INDUSTRIALS,6
Verseghi-Nagy,NOT RELEVANT,6
"Verseny utca 32. ""openhouse""",REAL ESTATE,6
Verseny úti,REAL ESTATE,6
Vertikál,INDUSTRIALS,6
Vertikál-Centrum,REAL ESTATE,6
Vestin Equity,INDUSTRIALS,6
Veszeley,NOT RELEVANT,6
Veszprem,CONSUMER DISCRETIONARY,6
Veszprém Megyei Csolnoky Ferenc Kór,HEALTH CARE,6
Veszprémi Mezõgazdasági Termelõ,CONSUMER STAPLES,6
Veszprémi Nyomda,INDUSTRIALS,6
Vet-Produkt Kereskedelmi és Szolgál,HEALTH CARE,6
Vezse,NOT RELEVANT,6
Vezér út 71 A-D,FINANCIALS,6
ViDaNet Kábeltelevíziós Szolgáltató,COMMUNICATIONS,6
Via Pannonia Menedzsment és,INDUSTRIALS,6
Viacom International Hungary Kft. -,CONSUMER DISCRETIONARY,6
Viarent Haszonjármûvek Magyarország,FINANCIALS,6
Vida,NOT RELEVANT,6
Videoton,INDUSTRIALS,6
Videoton Autóelektronika,CONSUMER DISCRETIONARY,6
Vidákovics,NOT RELEVANT,6
Vidám Barikák Világa Magánóvoda,NOT RELEVANT,6
Vienna,NOT RELEVANT,6
Vienna Energy Természeti Erõ,UTILITIES,6
Vienna Insurance Group Biztosí,NOT RELEVANT,6
Viessmann Technika Dombóvár,INDUSTRIALS,6
Vigadó u 14-16-18,FINANCIALS,6
Viktor,CONSUMER STAPLES,6
Village Service Center Korlátolt,CONSUMER DISCRETIONARY,6
"Villamosipari,",INDUSTRIALS,6
Villkesz Villamosipari,INDUSTRIALS,6
Vilonyai u. 2-4-6. sz.,FINANCIALS,6
"Vilonyai u. 3/A.,/B., 5/A",REAL ESTATE,6
Vilonyai u. 8-10.,REAL ESTATE,6
Világos Tavasz Korlátolt,CONSUMER DISCRETIONARY,6
Vimpex,CONSUMER STAPLES,6
Vimpex Drink Invest,REAL ESTATE,6
Vince,NOT RELEVANT,6
Vincze,NOT RELEVANT,6
Vinoker Borház Szolgáltató és,CONSUMER STAPLES,6
Viola-Hús Feldolgozó és,CONSUMER STAPLES,6
Virág,NOT RELEVANT,6
Virág u. 19-31.,FINANCIALS,6
Virág-Chem,CONSUMER STAPLES,6
Vis Vitalis Gondozó Otthon Közhaszn,HEALTH CARE,6
Vistra Bau,REAL ESTATE,6
"Vitamag Mezõgazdasági,",NOT RELEVANT,6
VivBau Kereskedelmi és,CONSUMER DISCRETIONARY,6
Viva-Property Vagyonhasznosító,CONSUMER STAPLES,6
Vizi,NOT RELEVANT,6
Viziközmû,NOT RELEVANT,6
Vizin,NOT RELEVANT,6
Vizkeletyné Dr. Jungermann Zsuz,NOT RELEVANT,6
Vnoncsek,NOT RELEVANT,6
"Vocational Academy Alapítvány ""fels",CONSUMER DISCRETIONARY,6
Vogtné Vodnyánszky,NOT RELEVANT,6
VoleiSped,NOT RELEVANT,6
Volgeim Holding Zártkörûen Mûködõ,INDUSTRIALS,6
Vollare Hungary,NOT RELEVANT,6
Vologda 16-18 Lakóközösség,FINANCIALS,6
Vologda u. 14.,REAL ESTATE,6
Volán,NOT RELEVANT,6
Volán Zrt. TECHNIKAI SZLA.,NOT RELEVANT,6
Vu Quy Duong,NOT RELEVANT,6
Vylyan,CONSUMER STAPLES,6
Vylyan Vinum Borászati,CONSUMER STAPLES,6
VÁGÓHÍD-INVEST Ingatlanforgalmazó,NOT RELEVANT,6
VÁLLALKOZÁSI,NOT RELEVANT,6
VÁLLALKOZÁSI ÉS KER.,REAL ESTATE,6
VÁRALJA VIZIVÁROS,REAL ESTATE,6
VÁRDA DRINK,CONSUMER STAPLES,6
VÁRDA MEAT Termelõ és,CONSUMER STAPLES,6
VÁRDA PROJEKT Ingatlanforgalmazó,NOT RELEVANT,6
VÁRDA-DRINK Szeszipari Zártkörûen,CONSUMER STAPLES,6
VÁROSFÖLDI AGRÁRGAZDASÁG,CONSUMER STAPLES,6
VÁROSKAPU 2008 Gyógyszerkereskedelm,NOT RELEVANT,6
VÁROSSZÉL,FINANCIALS,6
VÁRPALOTA BAKONY U. 11-13.,REAL ESTATE,6
VÁSÁRTÉR-PATIKA EÜ.KERESKEDELMI,NOT RELEVANT,6
VÁV UNION,NOT RELEVANT,6
"VÁZ-LAT-10 ÉPÍTÕIPARI,",INDUSTRIALS,6
"VÉGH FARM ZALA Termelõ,",CONSUMER STAPLES,6
VÉGI VEGYI Kereskedelmi és,CONSUMER DISCRETIONARY,6
VÉRTESI ERÕMÛ,NOT RELEVANT,6
VÍZILABDA KLUB,NOT RELEVANT,6
VÖLGY TABAK-SHOP Kereskedelmi,CONSUMER STAPLES,6
VÖRÖSKÕ Kereskedelmi és,CONSUMER DISCRETIONARY,6
VÜZ Keszthelyi Városüzemeltetõ Egys,UTILITIES,6
Vába VK Vagyonkezelõ és Ingatlangaz,CONSUMER DISCRETIONARY,6
Vác Tabak,CONSUMER STAPLES,6
Váci Mihály u. 20-22.,FINANCIALS,6
Vág u. 1.,REAL ESTATE,6
Vág u. 11AB sz.,REAL ESTATE,6
Vági,NOT RELEVANT,6
Vágvölgyi János István,CONSUMER STAPLES,6
Vágó,NOT RELEVANT,6
Váli u. 6,FINANCIALS,6
Vámos köz 8-9,REAL ESTATE,6
Váncza Mihály u. 7.,FINANCIALS,6
Váradi György,NOT RELEVANT,6
Váradi u.,FINANCIALS,6
Várkanyar Gasztro,CONSUMER DISCRETIONARY,6
Várkert,FINANCIALS,6
Várkerület 41. sz.,REAL ESTATE,6
Várkerület 71.,REAL ESTATE,6
Várkonyi István tér 11-12-1,REAL ESTATE,6
Várnagy,NOT RELEVANT,6
Városfejlesztõ Társaság,NOT RELEVANT,6
Városföld,CONSUMER STAPLES,6
Városgazdálkodási,INDUSTRIALS,6
Városgazdálkodási és Turisztikai,NOT RELEVANT,6
Városgondnokság,REAL ESTATE,6
Városház - Centrál Kereskedelmi,CONSUMER STAPLES,6
Városkapu Invest,NOT RELEVANT,6
Városkapu krt. 6.,REAL ESTATE,6
Városkapu krt. 8.,REAL ESTATE,6
Városkapu körút 1.,REAL ESTATE,6
Városmajor Úti Gyógyszertár,CONSUMER STAPLES,6
"Várpalota, Bartók Béla utca 8-",REAL ESTATE,6
"Várpalota, Fekete Gyémánt u.",REAL ESTATE,6
"Várpalota, Korompay Lajos u.",REAL ESTATE,6
"Várpalota, Rutsek Pál utca",REAL ESTATE,6
Várpalotai Közüzemi,INDUSTRIALS,6
"Várpalotai Személy,- és Áruszállító",NOT RELEVANT,6
Vászonfehérítõ u. 66.,FINANCIALS,6
Vásárhelyi u. 9.,REAL ESTATE,6
Vásárliget,CONSUMER DISCRETIONARY,6
Vásártér 10.,FINANCIALS,6
Vécsei László,NOT RELEVANT,6
Vécsey Gábor,NOT RELEVANT,6
Vécsey köz 19. Számú,FINANCIALS,6
Véméndi Agrár,CONSUMER STAPLES,6
Véméndi Településüzemeltetési és,CONSUMER DISCRETIONARY,6
Vérhalom u. 44.,FINANCIALS,6
Vértes Beton Építõ és Szolgáltató,MATERIALS,6
Vértes u.,REAL ESTATE,6
Vértes-Út Építõ és Szolgáltató,INDUSTRIALS,6
Vértesi Ervin,NOT RELEVANT,6
Vértói út 5.,REAL ESTATE,6
Vésõ-Ház Ingatlanforgalmazó és Fejl,NOT RELEVANT,6
Víz- és Csatornamû,NOT RELEVANT,6
Vízivárosi,NOT RELEVANT,6
Vízmû,UTILITIES,6
Vízmûveket Mûködtetõ és Vagyo,NOT RELEVANT,6
VízépGép,FINANCIALS,6
Vízépítõ Zártkörûen Mûködõ,INDUSTRIALS,6
Vörösmarty Mihály utca 3-5.,FINANCIALS,6
Vörösmarty u. 13.,FINANCIALS,6
Vörösvár Invest Kereskedelmi és,REAL ESTATE,6
Vörösvár Kereskedelmi és,CONSUMER STAPLES,6
Vörösvári Malom Ingatlanforg. és Ha,REAL ESTATE,6
W A G PAYMENT SOLUTIONS HU,INDUSTRIALS,6
W-NEW Holding,FINANCIALS,6
W-PHARMA Gyógyszer-nagykereskedelmi,HEALTH CARE,6
W.W. IMPEX Kereskedelmi és,REAL ESTATE,6
WABERER'S INTERNATIONAL,INDUSTRIALS,6
WABERER'S INTERNATIONAL,NOT RELEVANT,6
"WAD HUNGARY VAGYONKEZELÕ,",NOT RELEVANT,6
WADI,CONSUMER STAPLES,6
WALDI Kereskedelmi és Szolgáltató,NOT RELEVANT,6
WALLFA Kereskedelmi és Szállítási,INDUSTRIALS,6
WALLIS ASSET MANAGEMENT,CONSUMER DISCRETIONARY,6
WALLIS AUTÓKÖLCSÖNZÕ Kereskedelmi,FINANCIALS,6
WALLIS MOTOR AUTÓFORGALMAZÁSI,NOT RELEVANT,6
WALTER AUTÓKERESKEDÕ ÉS SZERVÍZ,CONSUMER DISCRETIONARY,6
WALTER Ingatlan Kezelõ és Beruházó,FINANCIALS,6
WARNEX HOLDING,INDUSTRIALS,6
WATTRADER HU,UTILITIES,6
WEBÉPKER Kereskedelmi és,NOT RELEVANT,6
WEGER,INDUSTRIALS,6
WEGER Hungária Ipari Klímatechnikai,INDUSTRIALS,6
WELD Ipari és Kereskedelmi,INDUSTRIALS,6
WELLIS CSOPORT,CONSUMER DISCRETIONARY,6
WELLNESS Befektetési és Inga,CONSUMER DISCRETIONARY,6
WEST HUNGÁRIA BAU Építõipari,INDUSTRIALS,6
WEST-SIDE INVEST,FINANCIALS,6
WESTEX Mérnöki Szolgáltató és,NOT RELEVANT,6
WET WIPE KERESKEDELMI ÉS,CONSUMER STAPLES,6
WHB,INDUSTRIALS,6
WHC Személyzeti Szolgáltató,INDUSTRIALS,6
WI NYRT,INDUSTRIALS,6
WIEBE Prime Asset Management Compan,INDUSTRIALS,6
WIEDENMANN Mezõgazdasági Gépgyártó,INDUSTRIALS,6
WIENERBERGER TÉGLAIPARI,NOT RELEVANT,6
WILD-HUNGÁRIA KERESKEDELMI,NOT RELEVANT,6
WILKER Kereskedelmi,CONSUMER DISCRETIONARY,6
WILLI BETZ Hungária Fuvarozó és,INDUSTRIALS,6
WIN Capital Korlátolt Felelõsségû,INDUSTRIALS,6
WIND ENERGIE Energiatermelõ,REAL ESTATE,6
WINGHOLDING Ingatlanfejlesztõ és Be,REAL ESTATE,6
WIS BEFEKTETÉSI ÉS KERESKEDELMI ZRT,FINANCIALS,6
WISBAU Építõipari és Kereskedelmi,INDUSTRIALS,6
WITH ME Kulturális és Szolgáltató,NOT RELEVANT,6
"WLS Gyártó, Kereskedelmi és",NOT RELEVANT,6
WOLF AUTO Gepjarmu Kereskedelmi,CONSUMER DISCRETIONARY,6
WORLD-PACK 2003 CSOMAGOLÓANYAG,NOT RELEVANT,6
"WOSS Kereskedelmi,",CONSUMER DISCRETIONARY,6
WPARTS AUTÓALKATRÉSZ KERESKEDELMI,NOT RELEVANT,6
WPR PORT Építésszervezõ Korlátolt f,REAL ESTATE,6
WSZL Szállítmányozási és Logisztika,INDUSTRIALS,6
Wahr Cargo Szállítmányozási,INDUSTRIALS,6
Waldorf-Pedagógiai,NOT RELEVANT,6
"Waldzell Turisztikai,",REAL ESTATE,6
Wallis,CONSUMER DISCRETIONARY,6
Wallis portfolio,CONSUMER DISCRETIONARY,6
Walter,CONSUMER DISCRETIONARY,6
Wanhua Chemical (Hungary) Holding C,FINANCIALS,6
Wapponi Vagyonkezelõ,NOT RELEVANT,6
Water Hungary,INDUSTRIALS,6
Water Solutions & Technologi,INDUSTRIALS,6
Wattmester Alternatív Áramszolgálta,INFORMATION TECHNOLOGY,6
"Wavemaker Hungary Média, Tartalom",CONSUMER DISCRETIONARY,6
Way Fine & Provin Borászati és,CONSUMER STAPLES,6
WebEye Telematics Zártkörûen,INDUSTRIALS,6
WebMindLicenses,INFORMATION TECHNOLOGY,6
WebSmart Kereskedelmi,CONSUMER DISCRETIONARY,6
Webauto Kereskedelmi es,CONSUMER DISCRETIONARY,6
Weger Trade Kereskedelmi,INDUSTRIALS,6
Wehring,NOT RELEVANT,6
Weiner krt 17-23,FINANCIALS,6
Well-Construct,INDUSTRIALS,6
Wellis Magyarország Kereskedelmi,CONSUMER DISCRETIONARY,6
Wellmed Magyarország,HEALTH CARE,6
Welog Transport,INDUSTRIALS,6
"Welther K. u. 32-36.,",REAL ESTATE,6
Wemat Hungary Korlátolt,INDUSTRIALS,6
Werther Property,NOT RELEVANT,6
West Food City 2012,REAL ESTATE,6
West-Bridge Kereskedelmi és,NOT RELEVANT,6
Westerwald,INDUSTRIALS,6
Westfleisch Magyarország,CONSUMER STAPLES,6
Westinghouse & Sons Ingatlanberuház,NOT RELEVANT,6
WhiskyNet Kereskedelmi Korlátolt,CONSUMER STAPLES,6
Win All-In Szerencsejáték Szervezõ,CONSUMER DISCRETIONARY,6
Wintermantel Kereskedelmi és,NOT RELEVANT,6
Wolf Health Szolgáltató,REAL ESTATE,6
"Wolf Montage Speciális Gépszerelõ,",INDUSTRIALS,6
Wolf Production,NOT RELEVANT,6
Wolford-Trió Kereskedelmi és,CONSUMER STAPLES,6
Wollenbron Holding Zártkörûen,INDUSTRIALS,6
Work Force Személyzeti Tanácsadó,INDUSTRIALS,6
Work Korlátolt,INDUSTRIALS,6
Workload Kereskedelmi és,CONSUMER STAPLES,6
Workout Pénzügyi,NOT RELEVANT,6
Wrigley Hungária Élelmiszer és Édes,CONSUMER STAPLES,6
WÓKER-TRADE Ipari és Kereskedelmi,REAL ESTATE,6
Wáberer Medical Center,HEALTH CARE,6
Wóker,CONSUMER STAPLES,6
Wóker-Trade Ipari és Kereskedelmi,CONSUMER STAPLES,6
X SYSTEM Kereskedelmi és,CONSUMER DISCRETIONARY,6
X' Biznisz Kereskedelmi és,NOT RELEVANT,6
X. ker. Harmat u. 72-74.,REAL ESTATE,6
X. ker. Mádi u. 103-107.,REAL ESTATE,6
X. ker. Vörösdinka u.,REAL ESTATE,6
"X., Somfa köz",REAL ESTATE,6
XAPT Szoftver Tanácsadó,INFORMATION TECHNOLOGY,6
XBJ Akvizíció Ingatlanfejlesztõ,REAL ESTATE,6
XCOPY Kereskedelmi és Szolgáltató,INFORMATION TECHNOLOGY,6
"XI, Kérö u 18-20 /X/",REAL ESTATE,6
XI-4. számú Hamzsabégi úti,REAL ESTATE,6
XI. Etele út 2-24.,FINANCIALS,6
XI. Osztapenkó köz Hrsz.,REAL ESTATE,6
XI. ker. Fegyvernek u. 2-4,REAL ESTATE,6
"XI., Gazdagréti",REAL ESTATE,6
XII. Ormódi u. 4b,REAL ESTATE,6
"XIII., Rokolya u. 49-51.,",REAL ESTATE,6
"XIII., Vizafogó",REAL ESTATE,6
XIV. SZ. LAKÁSFENNTARTÓ,FINANCIALS,6
XIV. ker. Füredi út 52-54,FINANCIALS,6
XIV. ker. Írottkõ utca 14,REAL ESTATE,6
XIV. sz. Lakásfenntartó,REAL ESTATE,6
"XIV., OKGT lakótelep, LK",REAL ESTATE,6
XIV.sz.,FINANCIALS,6
XL-OIL Olaj és Üzemanyag,NOT RELEVANT,6
XO Gyártó és Kereskedelmi,INDUSTRIALS,6
XPert Zártkörûen Mûködõ Részvén,INDUSTRIALS,6
XPrime Saleshouse,COMMUNICATIONS,6
XV. Ker. Aporháza u. 40-42. sz.,FINANCIALS,6
XV. Ker. Neptun u. 78-88.,REAL ESTATE,6
XV. ker Páskom park 26-31,REAL ESTATE,6
XV. ker. Kõrakáspark 59-64,REAL ESTATE,6
XV. ker. Legénybíró u. 5-,REAL ESTATE,6
XV. ker. Páskom park 14-2,FINANCIALS,6
XV. kerület Énekes u. 1-1,REAL ESTATE,6
XVII. lakókörzet 20 je,REAL ESTATE,6
"XVII., Rákoskeresztúr, LK",REAL ESTATE,6
XVII.sz.Lakásfenntartó,REAL ESTATE,6
XVIII ker. a Gloriette Ltp. a,REAL ESTATE,6
XVIII. CSONTVÁRY U. 1-13.,FINANCIALS,6
XVIII. Havanna u. 15-27,FINANCIALS,6
XVIII. Havanna u. 44-52.,REAL ESTATE,6
XVIII. Ker. Lakatos úti I. sz.,REAL ESTATE,6
XVIII. ker. József köz,REAL ESTATE,6
XVIII. ker. Lakatos u-i,REAL ESTATE,6
XVIII. kerület Lakatos,FINANCIALS,6
"XVIII., Mikszáth Kálmán u. 6.",REAL ESTATE,6
XX. Török Flóris utca 62-6,REAL ESTATE,6
XXI.ker. Nyírfa u. 11-13.,REAL ESTATE,6
XXII. Arany J. U. 49,REAL ESTATE,6
XXX. SZ. LAKÁSFENNTARTÓ,REAL ESTATE,6
Xella Magyarország Építõanyagipari,NOT RELEVANT,6
Xomox Magyarország Termelõ Kft. - t,INDUSTRIALS,6
Y PULYKA,CONSUMER STAPLES,6
YES ÉDESSÉG NAGYKERESKEDELMI,CONSUMER STAPLES,6
YO-KING Kereskedelmi és,NOT RELEVANT,6
YOGO-TRANS FUVAROZÁSI KFT.-F.A.,INDUSTRIALS,6
YOPPI HUNGARY Kereskedelmi,CONSUMER DISCRETIONARY,6
YUKIN Ingatlanforgalmazó,REAL ESTATE,6
YUSEN Air & Sea Service (D) GmbH,NOT RELEVANT,6
Yacht Kereskedelmi és,INDUSTRIALS,6
Yanfeng Hungary Automotive Interior,CONSUMER DISCRETIONARY,6
Yaris Kabin Hungary,INDUSTRIALS,6
Ybl M. u. 1.,FINANCIALS,6
Yettel Magyarország Zártkörûen Mûkö,COMMUNICATIONS,6
Young Star,NOT RELEVANT,6
Ypsilon Vállalkozási Korlátolt,INDUSTRIALS,6
Z max Kereskedelmi,INFORMATION TECHNOLOGY,6
"Z-PANNON Építõipari, Kivitelezõ",NOT RELEVANT,6
Z.T.TRANS FUVAROZÁSI ÉS KERESK.BT,NOT RELEVANT,6
ZA-CO KER. ÉS SZOLG.,NOT RELEVANT,6
ZAKURA Mezõgazdasági Szövetkezet,CONSUMER STAPLES,6
ZALA BETONGYÁRTÓ,MATERIALS,6
"ZALA-ELEKTRO Épületvillamossági,",NOT RELEVANT,6
ZALABAROMFI RT.-F.A.,NOT RELEVANT,6
ZALABÉRI ARANYÁG GYÓGYSZERTÁR,NOT RELEVANT,6
"ZALAEGERSZEG, KINIZSI U. 95-97. SZ.",FINANCIALS,6
ZALAEGERSZEGI KÍGYÓ PATIKA KER.BT.,CONSUMER STAPLES,6
ZALAI ANGYAL GYÓGYSZERTÁR,CONSUMER STAPLES,6
ZALAKERÁMIA,INDUSTRIALS,6
ZALAMENTI TELEVÍZIÓS MÛSORELOSZTÓ,NOT RELEVANT,6
"ZALATÁRNOK - TÓFEJ Mezõgazdasági,",CONSUMER STAPLES,6
ZALÁR PATIKA,CONSUMER STAPLES,6
ZD Vagyonkezelõ Kereskedelmi és Szo,FINANCIALS,6
"ZDR-Tüzépker Építõipari,",INDUSTRIALS,6
ZEBRA NEO 2014,INDUSTRIALS,6
ZEMPLÉN,REAL ESTATE,6
ZENIT Logisztik Nemzetközi Fuvaroz,NOT RELEVANT,6
ZENTIVA PHARMA Gyógyszermarketing,HEALTH CARE,6
ZERO.HU,NOT RELEVANT,6
ZERON Befektetõ Zártkörûen Mûködõ,INDUSTRIALS,6
ZETOR WEST HUNGARY KERESKEDELMI KOR,INDUSTRIALS,6
ZG Lighting Hungary,INDUSTRIALS,6
ZIM Immobilien Vagyonkezelõ,INDUSTRIALS,6
ZIP BREWHOUSE Kereskedelmi és,CONSUMER DISCRETIONARY,6
ZIPTECH Fejlesztõ és Gyártó,INDUSTRIALS,6
ZIVET-MED Kereskedelmi és,REAL ESTATE,6
ZOLL-PLATZ Vámügynökség Korlátolt,NOT RELEVANT,6
ZOLLNER Elektronik Gyártó és,INFORMATION TECHNOLOGY,6
ZOLTEK VEGYIPARI,MATERIALS,6
ZOLTÁN & SÁNDOR KERESKEDÕ,NOT RELEVANT,6
ZRENergy Deal Korlátolt,UTILITIES,6
ZS-TEAM,NOT RELEVANT,6
ZSELLER Allattenyeszto,CONSUMER STAPLES,6
ZSILLE Kereskedelmi és Szolgáltatói,CONSUMER DISCRETIONARY,6
ZSO+GA-Center Kereskedelmi és,NOT RELEVANT,6
ZSO-LI Kereskedelmi,NOT RELEVANT,6
ZSORA Kereskedelmi és Szolgáltató,NOT RELEVANT,6
ZTR AGRO KERESKEDELMI,INDUSTRIALS,6
ZZ Medik Korlátolt Felelõsségû Társ,HEALTH CARE,6
Zabosfa KerTÉSZ Termelõ és,CONSUMER STAPLES,6
Zafír Invest Szolgáltató,REAL ESTATE,6
Zagata,NOT RELEVANT,6
Zahony-Port,INDUSTRIALS,6
Zahovay,NOT RELEVANT,6
Zakar és Társa Szolgáltató,CONSUMER DISCRETIONARY,6
Zala Kábeltévé,NOT RELEVANT,6
Zala-Cereália Malom-és Takarmányipa,CONSUMER STAPLES,6
Zalaegerszegi Városi Strandfürdõ,CONSUMER DISCRETIONARY,6
Zalaerdõ Erdészeti,MATERIALS,6
Zalagast Kereskedelmi és,CONSUMER DISCRETIONARY,6
Zalahaláp II ütem Csatornaberuházó,NOT RELEVANT,6
Zalai és Zalai Szerencsejáték,CONSUMER DISCRETIONARY,6
Zalasprint-M Kft.,NOT RELEVANT,6
Zalaszentmihály-Pölöske Csatornamû,NOT RELEVANT,6
Zalatárnoki Növénytermesztõ és,NOT RELEVANT,6
Zalka M. út 6-8.,FINANCIALS,6
Zambelli u.,FINANCIALS,6
Zdeborsky György,NOT RELEVANT,6
Zemplén Gy. u. 11/A.,REAL ESTATE,6
Zemplén Gy. u. 4.,FINANCIALS,6
Zemplén Gy. u. 5.a,REAL ESTATE,6
Zemplén u. 1.a.,REAL ESTATE,6
Zemplén-Hús Húsfeldolgozó,NOT RELEVANT,6
Zemplén-Team 2003 Kereskedelmi és,NOT RELEVANT,6
Zempléni Tájak Vidékfejlesztési,NOT RELEVANT,6
Zengo Kereskedelmi és Szolgáltató,INFORMATION TECHNOLOGY,6
Zenit Holding Befektetési,INDUSTRIALS,6
Zeppelin-Koros-Spedit,NOT RELEVANT,6
ZerLux Hungary Lézer Alkalmazásfejl,INDUSTRIALS,6
Zichy M. u. 1-7.,FINANCIALS,6
Zichy Park Hotel Vagyonkezelõ,REAL ESTATE,6
Zimányi Péter,NOT RELEVANT,6
Zimányi Zoltán,NOT RELEVANT,6
Zipper Orvos- és Gyógyszer,HEALTH CARE,6
Zirconium Kereskedelmi és,CONSUMER STAPLES,6
Zivele Kereskedelmi és,REAL ESTATE,6
Zixem 2000,NOT RELEVANT,6
Zoltán,NOT RELEVANT,66
Zoltán Emil,NOT RELEVANT,6
Zoltán Miksa,NOT RELEVANT,6
Zoltán családi gazdálkodó,NOT RELEVANT,6
Zoltán egyéni,CONSUMER STAPLES,6
Zoltánné,NOT RELEVANT,6
Zrinyi Miklós 26-28,FINANCIALS,6
Zrt.,CONSUMER STAPLES,6
Zrt.,INDUSTRIALS,6
Zrínyi Ilona Lakásfenntartó,FINANCIALS,6
Zrínyi u. 21. sz.,FINANCIALS,6
Zrínyi u. 34.,FINANCIALS,6
Zsiday,NOT RELEVANT,6
Zsigmondy Vilmos ltp. 11-14.,REAL ESTATE,6
Zsigmondy Vilmos ltp. 5-10.,REAL ESTATE,6
Zsil u. 7.,FINANCIALS,6
Zsinkó,NOT RELEVANT,6
Zsitva sor 5.,REAL ESTATE,6
Zsolt,CONSUMER DISCRETIONARY,6
Zsolt,NOT RELEVANT,30
Zsolt E. V.,CONSUMER STAPLES,6
Zsolt u. 1.,FINANCIALS,6
Zsurovije Ingatlanhasznosító Korlát,UTILITIES,6
Zsuzsanna,NOT RELEVANT,12
Zsuzsanna u. 19.,FINANCIALS,6
Zsáka-Furta Közmû Üzemeltetõ KFT-F.,UTILITIES,6
Zsáka-Furta Községi Víziközmû,NOT RELEVANT,6
Zsókavár u.,FINANCIALS,6
Zsókavár u. 12-22.,FINANCIALS,6
Zwack Unicum Likõripari és,CONSUMER STAPLES,6
ZÁLOGHITEL Zártkörû,NOT RELEVANT,6
ZÁÉV Építõipari Zártkörûen Mûködõ,INDUSTRIALS,6
ZÖLD ARANY Mezõgazdasági Termelõ,CONSUMER STAPLES,6
ZÖLD-DIÓ KER. ÉS SZOLG.,NOT RELEVANT,6
"ZÖLD-KER Mezõgazdasági, Termelõ,",NOT RELEVANT,6
ZÖLD-ÚT Esztergom Zöldfelület-gondo,NOT RELEVANT,6
Zápor utca 8. a,REAL ESTATE,6
Zárda u. 6. sz.,REAL ESTATE,6
Zártkörûen Mûködõ Részvény,REAL ESTATE,6
Zászló 2 - Boldog 48,REAL ESTATE,6
Zója u. 1.,FINANCIALS,6
Zóna Vendéglátó,NOT RELEVANT,6
Zöldfa u. 10.,REAL ESTATE,6
Zöldfa u. 12.,REAL ESTATE,6
Zöldfa u. 14.,FINANCIALS,6
Zöldfa u. 16. tház,FINANCIALS,6
Zöldfa u. 6.,FINANCIALS,6
Zöldlomb u.,FINANCIALS,6
Zöldlomb u.,REAL ESTATE,6
Zöldmáli lejtõ 10. B.,REAL ESTATE,6
Zöldudvar,REAL ESTATE,6
Zöldövezet,FINANCIALS,6
Zöldövezeti,FINANCIALS,6
a biztonságért,NOT RELEVANT,6
a.hartrodt (hungary) Tengerentúli,INDUSTRIALS,6
adidas Budapest Sportcikkelõállító,CONSUMER DISCRETIONARY,6
atmedia,COMMUNICATIONS,6
bauMax Magyarország Kereskedelmi Zr,CONSUMER DISCRETIONARY,6
bim.GROUP,INDUSTRIALS,6
cyment Korlátolt Felelõsségû Társas,MATERIALS,6
d'aucy,NOT RELEVANT,6
dm-drogerie markt Kereskedelmi és,CONSUMER DISCRETIONARY,6
dr. Gödölle,CONSUMER DISCRETIONARY,6
dr. Vitális u. 50-52. Társasház Köz,FINANCIALS,6
eDidact,COMMUNICATIONS,6
eFabric Informatikai,INFORMATION TECHNOLOGY,6
ebm-papst Industries Ventilátor,INDUSTRIALS,6
group arkads,INDUSTRIALS,6
group digiital,CONSUMER DISCRETIONARY,6
group kopaszi,REAL ESTATE,6
i-Cell Mobilsoft Zártkörûen,INFORMATION TECHNOLOGY,6
iCentre-Hungary Kereskedelmi és,CONSUMER DISCRETIONARY,6
iDOM Házépítõ,INDUSTRIALS,6
iData Korlátolt Felelõsségû Társasá,INFORMATION TECHNOLOGY,6
iSolutions Informatikai Kereskedelm,INFORMATION TECHNOLOGY,6
in Pet Food Hungária,CONSUMER STAPLES,6
in Pet Food Poland SA,CONSUMER STAPLES,6
ispán krt. 7.,REAL ESTATE,6
ker. Berda József utca 36-40.,REAL ESTATE,6
ker. Dévény u. 3. sz.,FINANCIALS,6
ker. József Attila u. 26.,FINANCIALS,6
ker. Magasház u. 2. sz.,FINANCIALS,6
krt 4.,REAL ESTATE,6
krt. 1.,REAL ESTATE,6
krt. 12. Társasház Lakóköz,REAL ESTATE,6
krt. 15.,FINANCIALS,6
krt. 30.,FINANCIALS,6
krt. 35-37,REAL ESTATE,6
krt. 39-41.,REAL ESTATE,6
körúti,REAL ESTATE,6
köz 2.,REAL ESTATE,6
köz 3.,REAL ESTATE,6
lakótelep 307-308,FINANCIALS,6
ltp. 215,FINANCIALS,6
ltp. 225.,REAL ESTATE,6
ltp. 617.,REAL ESTATE,6
name,industry,5
nass magnet Hungária,CONSUMER DISCRETIONARY,6
notebook.hu Számítástechnikai,INFORMATION TECHNOLOGY,6
other_assets_other_liabilities_HU,NOT RELEVANT,6
projekt 1,NOT RELEVANT,6
projekt 2,NOT RELEVANT,6
sem-a-for NET Kereskedelmi BT,INDUSTRIALS,6
subGCC WABERER'S INTE,INDUSTRIALS,6
subgroup le belier,CONSUMER DISCRETIONARY,6
subgroup tranzit,CONSUMER STAPLES,6
sz. Köztelek utcai Lakásfenntar,REAL ESTATE,6
telepi III. sz. Lakásfennta,FINANCIALS,6
thenordicmark Korlátolt,INDUSTRIALS,6
thyssenkrupp Components Technology,CONSUMER DISCRETIONARY,6
thyssenkrupp Ferroglobus,NOT RELEVANT,6
tér 1-2.,REAL ESTATE,6
tér 13-19.,FINANCIALS,6
téri 24. sz.,REAL ESTATE,6
téri 25. számú,FINANCIALS,6
téri 8. számú,FINANCIALS,6
téri 9. sz. Lakásfenntartó,REAL ESTATE,6
u 6-8.,FINANCIALS,6
"u. 1-3 Társasház, Dunaújváros",FINANCIALS,6
u. 1.,FINANCIALS,12
u. 10.,FINANCIALS,6
u. 12-14.,FINANCIALS,6
u. 15. sz.,FINANCIALS,6
u. 159,REAL ESTATE,6
u. 18. sz.,FINANCIALS,6
u. 2-4.,REAL ESTATE,12
u. 2.,FINANCIALS,12
u. 26.,FINANCIALS,6
u. 27-29,FINANCIALS,6
u. 28.,FINANCIALS,6
u. 30-40.,REAL ESTATE,6
u. 39-41,REAL ESTATE,6
u. 40-46,FINANCIALS,6
u. 45.,FINANCIALS,6
u. 48-56,REAL ESTATE,6
u. 49-51.,FINANCIALS,6
u. 49.,FINANCIALS,6
u. 5-7,FINANCIALS,6
u. 5. A-B,REAL ESTATE,6
u. 56-58.,FINANCIALS,6
u. 58-62,FINANCIALS,6
u. 6.,FINANCIALS,6
"u. 7-9-11 Társasház, Dun",FINANCIALS,6
u. 79.,FINANCIALS,6
u. 8. szám Lakásszövetkeze,FINANCIALS,6
u. 9.,REAL ESTATE,6
utca 22-24,FINANCIALS,6
utca 60-62.,REAL ESTATE,6
van Eupen Logistics Hungary K.f.t.,INDUSTRIALS,6
zrt.,CONSUMER STAPLES,6
ÁBMV KERESKEDELMI ÉS SZOLGÁLTATÓ,NOT RELEVANT,6
ÁDOR Kereskedelmi Korlátolt,INDUSTRIALS,6
ÁFÉSZ,NOT RELEVANT,6
ÁMIJÓ Kereskedelmi és Szolgáltató,NOT RELEVANT,6
ÁMV Kereskedelmi és Szolgáltató,NOT RELEVANT,6
ÁR-LA Magyarország,INDUSTRIALS,6
ÁRCSI Kereskedelmi és,INDUSTRIALS,6
ÁRCSI ÉPÍTÕ Korlátolt,INDUSTRIALS,6
ÁRKOPÁS VAGYONKEZELÕ,FINANCIALS,6
ÁRKÁDIA INGATLANFORGALMAZÁSI ÉS ÉPI,NOT RELEVANT,6
"ÁRPÁD-AGRÁR Termelõ, Kereskedelmi",CONSUMER STAPLES,6
ÁRPÁD-MASTERPLANT Korlátolt,CONSUMER STAPLES,6
ÁRPÁD-SZENTES Növénytermesztési,CONSUMER STAPLES,6
ÁTI DEPO Közraktározási,INDUSTRIALS,6
Ács,NOT RELEVANT,6
Ádám,NOT RELEVANT,18
Ádám Achilles,NOT RELEVANT,6
Áfi Vagyonkezelõ,NOT RELEVANT,6
Áfonyás u. 10.,FINANCIALS,6
Ág u. 3. sz.,REAL ESTATE,6
Ákos,NOT RELEVANT,6
Ákos Ciprián,NOT RELEVANT,6
Állami Nyomda,INDUSTRIALS,6
Állattenyésztõ,CONSUMER STAPLES,6
Álmos u. 1-5.,REAL ESTATE,6
Álmos u. 13-17. sz.,REAL ESTATE,6
Álmos u. 7-11.,REAL ESTATE,6
Általános Ingatlanberuházó és Forga,INDUSTRIALS,6
Általános Építõ,INDUSTRIALS,6
"Ámbédkar Gimnázium, Technikum,",NOT RELEVANT,6
Ánanda Trade,NOT RELEVANT,6
Ár-La Építõ és Környezetvédõ,INDUSTRIALS,6
Árklub Kereskedelmi,CONSUMER STAPLES,6
Árnyas Holding Ingatlanhasznosító,REAL ESTATE,6
Árok u. 8-18. sz.,FINANCIALS,6
Árpád,CONSUMER STAPLES,6
Árpád,NOT RELEVANT,18
Árpád Agrár,CONSUMER STAPLES,6
Árpád Mezõgazdasági,CONSUMER STAPLES,6
Árpád Nagybani Piac,CONSUMER STAPLES,6
Árpád u. 18.,REAL ESTATE,6
Árpád u. 2. sz.,REAL ESTATE,6
Árpád u. 81-83. sz.,REAL ESTATE,6
Árpád utca 57-59.,REAL ESTATE,6
Árpádplant Palántanevelõ,CONSUMER STAPLES,6
Árpádvárosi Lakásfenntartó,REAL ESTATE,6
"Ászári Mezõgazdasági, Termelõ,",NOT RELEVANT,6
É-K HIPERMARKET INGATLANÉRTÉKESITÖ,FINANCIALS,6
É-K IMMO Kereskedelmi és,NOT RELEVANT,6
ÉDI-PLUS Kereskedelmi és,NOT RELEVANT,6
ÉK-PEST és NÓGRÁD MEGYEI REG. HULL.,INDUSTRIALS,6
ÉLET MG.SZÖV.HENCIDA,NOT RELEVANT,6
ÉLÉSKER KERESKEDELMI ÉS,CONSUMER STAPLES,6
ÉMÁSZ Hálózati,UTILITIES,6
ÉP Esztergomi Építõipari,NOT RELEVANT,6
ÉP-CARGO,INDUSTRIALS,6
ÉP-KÖNYV2005 Szolgáltató,INDUSTRIALS,6
ÉPITÕ ÉS TERVEZÕ,NOT RELEVANT,6
ÉPITÖIPARI SZÖVETKEZET -V.A.,NOT RELEVANT,6
ÉPKER ÉPÍTÕIPARI ÉS KERESK.,INDUSTRIALS,6
ÉPSZERK-PANNONIA INVEST,INDUSTRIALS,6
ÉPSZÖV Zrt,NOT RELEVANT,6
ÉPÍTÕ 2000 Építõipari és,NOT RELEVANT,6
ÉPÍTÕK 105,REAL ESTATE,6
ÉPÜLET E-RAC Energia-Racionalizáló,INDUSTRIALS,6
ÉPÜLETSZERELÕ ZRT. - F.A,INDUSTRIALS,6
ÉRDBER BERUHÁZÓ ÉS ING.HASZN.,NOT RELEVANT,6
ÉRTÉKPAPÍRKERESKEDELMI,NOT RELEVANT,6
ÉS B KERESKEDELMI,NOT RELEVANT,6
ÉS M TRANSZPORT KFT,NOT RELEVANT,6
ÉS TÁRSA BT végelszámolás al,NOT RELEVANT,6
ÉS TÁRSA IPARI SZERSZÁMÜZLET,NOT RELEVANT,6
ÉS TÁRSAI IPARI KER-I SZOLG.BT,NOT RELEVANT,6
ÉSZAK ÜVÉRT Kereskedelmi,CONSUMER DISCRETIONARY,6
ÉSZAK-FERR Kereskedelmi és,INDUSTRIALS,6
ÉSZAK-MAGYARORSZÁGI ÁRAMSZOLGÁLTATO,NOT RELEVANT,6
ÉTA Karbantartó- és Kivitelezõ Kkt.,NOT RELEVANT,6
ÉVM LABOR Építõipari Vizsgáló és Mi,INDUSTRIALS,6
Égenföld-Tüskevár Mezõgazdasági,CONSUMER STAPLES,6
Élelmiszer Bróker,NOT RELEVANT,6
Élelmiszer és Vegyiáru,CONSUMER STAPLES,6
Élelmiszeripari Korlátolt,CONSUMER STAPLES,6
Életfa Holding Vagyonkezelõ és,NOT RELEVANT,6
Éléstár Invest Kereskedelmi Kft. F.,NOT RELEVANT,6
Ép-front Lakás- és,FINANCIALS,6
Építészmester Tervezõ és Kivitelezõ,NOT RELEVANT,6
Építõ,INDUSTRIALS,6
Építõ,NOT RELEVANT,6
Építõ Ipari és Szolgáltató,INDUSTRIALS,6
Építõ Korlátolt,INDUSTRIALS,12
Építõ Korlátolt Felelõsségû,INDUSTRIALS,6
"Építõ Zrt. ""CSA""",INDUSTRIALS,6
Építõ Zártkörûen Mûködõ,INDUSTRIALS,6
Építõ És Szolgáltató,NOT RELEVANT,6
Építõ és Faipari,NOT RELEVANT,6
Építõ és Szerelõ,INDUSTRIALS,6
Építõ és Szolgáltató,INDUSTRIALS,12
Építõ és Városüzemeltetõ,INDUSTRIALS,6
Építõ-Társak'99 Építõpari,NOT RELEVANT,6
Építõ-és épületkarbantartó,INDUSTRIALS,6
Építõgép Hungária,INDUSTRIALS,6
"Építõip. Bonyolító, Terv",NOT RELEVANT,6
Építõipari Korlátolt,INDUSTRIALS,6
Építõipari Zártkörûen,INDUSTRIALS,6
Építõipari-Szolgátlató-Man,INDUSTRIALS,6
Építõk u. 4-5.,REAL ESTATE,6
Építõk útja 1.,REAL ESTATE,6
Építõk útja 2-3.,FINANCIALS,6
Ér utca 13. szám alatti,REAL ESTATE,6
Érd Béke tér 5. sz.,FINANCIALS,6
Érdi Zoltán,NOT RELEVANT,6
"Érthetõen az egészségért, az orvoso",NOT RELEVANT,6
Értéktõzsde,INDUSTRIALS,6
"Észak-Budai Tervezõ, Szerelõ és",NOT RELEVANT,6
Észak-Csepel szigeti Víz- és Csator,NOT RELEVANT,6
Észak-Dél Földgázhálózati,UTILITIES,6
Észak-Kelet Pro-Coop,CONSUMER STAPLES,6
Észak-Magyarországi Egészségturiszt,NOT RELEVANT,6
Észak-dunántúli Áramhálózati,UTILITIES,6
Észak-zalai Víz- és Csatornamû,UTILITIES,6
Északdunántúli Vízmû,UTILITIES,6
Északi krt. 26-30.,FINANCIALS,6
Északi krt. 7-9-11.,REAL ESTATE,6
Éta Projekt Ingatlanforgalmazó,NOT RELEVANT,6
Étel Bankár Hûtõlogisztikai és Szál,NOT RELEVANT,6
Ételmûvész Vendéglátó és,CONSUMER DISCRETIONARY,6
Éva,NOT RELEVANT,12
Éva-Hotel Ingatlanforgalmazó,REAL ESTATE,6
ÍRÓKÉZ Kereskedelmi és,CONSUMER DISCRETIONARY,6
ÍRÓKÉZ SK,NOT RELEVANT,6
Ív u. 3. sz. alatti,REAL ESTATE,6
ÓAM ÓZDI ACÉLMÛVEK,MATERIALS,6
ÓBESTER-PANZIÓ Vendéglátóipari,NOT RELEVANT,6
ÓBUDA-ÚJLAK Beruházásszervezõ és Fõ,INDUSTRIALS,6
ÓBUDAI 26. számú Lakásfenntartó,REAL ESTATE,6
ÓPERINT PROJEKT Ingatlanberuházó,REAL ESTATE,6
ÓRA Magyarország,CONSUMER DISCRETIONARY,6
Óbuda 19.sz. Lakásfenntartó Szövetk,NOT RELEVANT,6
Óbudai 12. sz. Lakásfenntartó Szöve,REAL ESTATE,6
Óbudai Autójavító,CONSUMER DISCRETIONARY,6
Óbudai Autójavító,NOT RELEVANT,6
Óbudai Vagyonkezelõ Nonprofit,INDUSTRIALS,6
Ógabona tér 1. számú társas,NOT RELEVANT,6
Ógabona tér 12. sz.,REAL ESTATE,6
Óhegyi Patika,CONSUMER STAPLES,6
Ónodi,NOT RELEVANT,6
Óraszalon Szolgáltató és,CONSUMER DISCRETIONARY,6
Ószõlõ u. 15-17. sz.,FINANCIALS,6
Ószõlõ u. 99.,REAL ESTATE,6
Óvártej Kereskedelmi,CONSUMER STAPLES,6
Ózdi Acél-Trans Fuvarozási és Száll,INDUSTRIALS,6
Ózdi Vízmû- és Csatornamû,UTILITIES,6
"ÕCSÉNY-MAG MEZGAZDASÁGI,",NOT RELEVANT,6
ÕSZIKE INVEST KERESKEDELMI ÉS,NOT RELEVANT,6
Õrangyal Gyógyszertár,CONSUMER STAPLES,6
Õrangyal Gyógyszertár,NOT RELEVANT,6
Õri Gábor,NOT RELEVANT,6
Õri Tímea,CONSUMER STAPLES,6
Õrláng,NOT RELEVANT,6
Õrség Határok Nélkül,NOT RELEVANT,6
Õsz u. 2,FINANCIALS,6
Õsz u. 8.,REAL ESTATE,6
Õsz utca 5. szám alatti,REAL ESTATE,6
Õz köz 57-69. sz.,REAL ESTATE,6
ÖKO AGRÁR,CONSUMER STAPLES,6
ÖKO Technológia Hulladékkezelõ,INDUSTRIALS,6
ÖKO-GRILL KER. ÉS SZOLG.,NOT RELEVANT,6
"ÖKOVILL Mérnöki, Tervezõ és",NOT RELEVANT,6
ÖNKONET Szolgáltató és Tanácsadó,INDUSTRIALS,6
ÖRVI Asztalosipari és Szolgáltató,INDUSTRIALS,6
Ökrös Farm,CONSUMER STAPLES,6
Önfoglalkoztató Emberierõforrás-ell,INDUSTRIALS,6
Önkormányzati Társulás Makó Város,FINANCIALS,6
Öntözési Közösség Korlátolt,CONSUMER STAPLES,6
Ördög Tamás,NOT RELEVANT,6
Öresund Holding Vagyonkezelõ,NOT RELEVANT,6
Örménykúti Petõfi Mezõgazdasági,NOT RELEVANT,6
Örs vezér Gyógyszertári,CONSUMER STAPLES,6
Örökösföld I. j épület,REAL ESTATE,6
"Örökösföld, 2-4. j. ép",REAL ESTATE,6
Összefogás a judo sportért alapítvá,NOT RELEVANT,6
"ÖtHétHáz Ingatlanforgalmazó,",REAL ESTATE,6
Ötvös u. 8. számú,REAL ESTATE,6
ÚJ-BÁZIS Ingatlan,REAL ESTATE,6
ÚJDONSÁGOK Tanácsadó és,CONSUMER STAPLES,6
ÚJHEGYI PATIKA Egészségügyi,CONSUMER STAPLES,6
ÚJPALOTA 16. SZ. LAKÁSFENNTARTÓ SZÖ,FINANCIALS,6
ÚJPEST Ingatlanhasznosítási,CONSUMER DISCRETIONARY,6
ÚRI HOTEL 39 Ingatlanhasznosító,REAL ESTATE,6
ÚT 16 TÁRSASHÁZKÖZÖSSÉG TA,REAL ESTATE,6
ÚT 18-20,REAL ESTATE,6
ÚT- ÉS PÁLYAÉPÍTÕ,NOT RELEVANT,6
ÚT-TESZT Mérnöki és Szolgáltató,INDUSTRIALS,6
ÚTI GYÓGYSZERÉSZETI,CONSUMER STAPLES,6
ÚTNET Ingatlanfejlesztõ Korlátolt,INDUSTRIALS,6
Új Baranya BÉSZ Korlátolt,CONSUMER STAPLES,6
Új Pajtakert Kereskedelmi és,CONSUMER DISCRETIONARY,6
Új Pécsi Sörfõzde,CONSUMER STAPLES,6
Új u. 20.,REAL ESTATE,6
Új u. 9.,REAL ESTATE,6
Újbuda Kosárlabda Sport- és Rekláms,NOT RELEVANT,6
Újlak MM Üzemeltetõ,INDUSTRIALS,6
Újlak utca 9 sz.,REAL ESTATE,6
Újlaki Építõ,INDUSTRIALS,6
"Újlaky út 18-22., Erdõdi",REAL ESTATE,6
Újlengyel Község Víziközmû,NOT RELEVANT,6
Újlengyel-Pusztavacs Közmû Üzemelte,UTILITIES,6
Újmajori Szabadidõpark Turisztikai,CONSUMER DISCRETIONARY,6
Újsziget Ingatlanforgalmazó,NOT RELEVANT,6
Újszilvás Kommunális Szolgáltató Kö,INDUSTRIALS,6
Újteleki u. 45.,REAL ESTATE,6
Újteleki u. 52. sz.,REAL ESTATE,6
Újváros 6.j.épület,REAL ESTATE,6
Újélet u. 14.,REAL ESTATE,6
Út Építõipari,INDUSTRIALS,6
Útépítõ és Szolgáltató,INDUSTRIALS,6
"Útépítõ, Kereskedelmi és",INDUSTRIALS,6
Ûrhajós u. 3.,REAL ESTATE,6
ÜDÜLÕHÁZ Ingatlanfejlesztõ,NOT RELEVANT,6
ÜVEG-ÁSVÁNY BÁNYÁSZATI IPARI,MATERIALS,6
ÜVEGSZIKLA Ingatlankezelõ,CONSUMER STAPLES,6
Ügyfélszolgálati Kft. - techni,UTILITIES,6
"Ügyviteli Cég Pénzügyi, Számviteli",NOT RELEVANT,6
Ügyvédek Kölcsönös Biztosító,NOT RELEVANT,6
Üllõ Ingatlanfejlesztõ és Ingat,FINANCIALS,6
Üvegkalmár Kereskedelmi és,NOT RELEVANT,6
Üzletsor Lakásfenntartó,REAL ESTATE,6
és K 2000. Baromfifeldolgozó,CONSUMER STAPLES,6
"és Kovács Mezõgazdasági,",NOT RELEVANT,6
és Lánya Kereskedelmi és,NOT RELEVANT,6
és Szolgáltató,CONSUMER STAPLES,6
és Társa,NOT RELEVANT,6
és Társa Belsõépítészeti,INDUSTRIALS,6
és Társa Hûtõtechnikai,NOT RELEVANT,6
és Társa Kereskedelmi és,CONSUMER DISCRETIONARY,6
és Társa Mezõgazdasági és,NOT RELEVANT,6
és Társa Szállítmányozási,INDUSTRIALS,6
és Társa-Vagyonkezelõ és,NOT RELEVANT,6
és Térsége Közmûfejlesztési,NOT RELEVANT,6
és Térsége Szennyvízcsat,INDUSTRIALS,6
és Térsége Szennyvíztárs,INDUSTRIALS,6
és Térsége Viziközmû,NOT RELEVANT,6
út 20.,FINANCIALS,6
út 4. számú,REAL ESTATE,6
út 5-7,FINANCIALS,6
út 7-9.,FINANCIALS,6
úti 3.sz.,REAL ESTATE,6
úti Lakótelep 1. sz.,REAL ESTATE,6
