industry,ending
COMMUNICATIONS,DNET
COMMUNICATIONS,Didact
COMMUNICATIONS,IDNET
COMMUNICATIONS,Invest
COMMUNICATIONS,NET
COMMUNICATIONS,Studios
COMMUNICATIONS,VIDNET
COMMUNICATIONS,act
COMMUNICATIONS,atmedia
COMMUNICATIONS,dact
COMMUNICATIONS,dia
COMMUNICATIONS,dios
COMMUNICATIONS,eDidact
COMMUNICATIONS,edia
COMMUNICATIONS,est
COMMUNICATIONS,idact
COMMUNICATIONS,inInvest
COMMUNICATIONS,ios
COMMUNICATIONS,media
COMMUNICATIONS,nInvest
COMMUNICATIONS,nvest
COMMUNICATIONS,pinInvest
COMMUNICATIONS,tmedia
COMMUNICATIONS,tudios
COMMUNICATIONS,udios
COMMUNICATIONS,vest
CONSUMER DISCRETIONARY,'Autocity
CONSUMER DISCRETIONARY,-AUTÓ
CONSUMER DISCRETIONARY,-Lehel
CONSUMER DISCRETIONARY,-MOBIL
CONSUMER DISCRETIONARY,-Optic
CONSUMER DISCRETIONARY,-eskort
CONSUMER DISCRETIONARY,-szervezõ
CONSUMER DISCRETIONARY,-ÉSZAK
CONSUMER DISCRETIONARY,.PETROL
CONSUMER DISCRETIONARY,.hu
CONSUMER DISCRETIONARY,ABOLCSKEM
CONSUMER DISCRETIONARY,ACO
CONSUMER DISCRETIONARY,AGO
CONSUMER DISCRETIONARY,AHL
CONSUMER DISCRETIONARY,ALIA
CONSUMER DISCRETIONARY,ALL
CONSUMER DISCRETIONARY,APKER
CONSUMER DISCRETIONARY,ARAGO
CONSUMER DISCRETIONARY,ARK
CONSUMER DISCRETIONARY,ARMA
CONSUMER DISCRETIONARY,AROFEK
CONSUMER DISCRETIONARY,ARORSZÁG
CONSUMER DISCRETIONARY,AS-ÉSZAK
CONSUMER DISCRETIONARY,ASZ-AUTÓ
CONSUMER DISCRETIONARY,ATURTEX
CONSUMER DISCRETIONARY,AUTOCARMA
CONSUMER DISCRETIONARY,AUTOFLEX
CONSUMER DISCRETIONARY,AUTOMOBIL
CONSUMER DISCRETIONARY,AUTOSOL
CONSUMER DISCRETIONARY,AUTÓ
CONSUMER DISCRETIONARY,AVINÁRIUM
CONSUMER DISCRETIONARY,AVOPHONE
CONSUMER DISCRETIONARY,Alienline
CONSUMER DISCRETIONARY,Auto
CONSUMER DISCRETIONARY,Autocent
CONSUMER DISCRETIONARY,Autocity
CONSUMER DISCRETIONARY,Autotrend
CONSUMER DISCRETIONARY,BALL
CONSUMER DISCRETIONARY,BIL
CONSUMER DISCRETIONARY,BILPONT
CONSUMER DISCRETIONARY,BOLCSKEM
CONSUMER DISCRETIONARY,BRI
CONSUMER DISCRETIONARY,C-MOBIL
CONSUMER DISCRETIONARY,CARMA
CONSUMER DISCRETIONARY,CSEJÁTÉK
CONSUMER DISCRETIONARY,CSKEM
CONSUMER DISCRETIONARY,Csákány
CONSUMER DISCRETIONARY,DITIONAL
CONSUMER DISCRETIONARY,Delta
CONSUMER DISCRETIONARY,Difer
CONSUMER DISCRETIONARY,ECH
CONSUMER DISCRETIONARY,EJÁTÉK
CONSUMER DISCRETIONARY,EQBALL
CONSUMER DISCRETIONARY,ERÉKPÁR
CONSUMER DISCRETIONARY,ETROL
CONSUMER DISCRETIONARY,EUNG
CONSUMER DISCRETIONARY,Eger
CONSUMER DISCRETIONARY,Enger
CONSUMER DISCRETIONARY,Envikút
CONSUMER DISCRETIONARY,Eventrend
CONSUMER DISCRETIONARY,FEK
CONSUMER DISCRETIONARY,FLEX
CONSUMER DISCRETIONARY,FORRÁS
CONSUMER DISCRETIONARY,FRIOTECH
CONSUMER DISCRETIONARY,Fusion
CONSUMER DISCRETIONARY,GAROFEK
CONSUMER DISCRETIONARY,GSTAHL
CONSUMER DISCRETIONARY,GUMAX
CONSUMER DISCRETIONARY,GÁRIA
CONSUMER DISCRETIONARY,HEUNG
CONSUMER DISCRETIONARY,HINHEUNG
CONSUMER DISCRETIONARY,HONE
CONSUMER DISCRETIONARY,HOVÁNY
CONSUMER DISCRETIONARY,HUNGÁRIA
CONSUMER DISCRETIONARY,Hungaria
CONSUMER DISCRETIONARY,HÕFORRÁS
CONSUMER DISCRETIONARY,I-AUTÓ
CONSUMER DISCRETIONARY,IBRI
CONSUMER DISCRETIONARY,IGSTAHL
CONSUMER DISCRETIONARY,ILPONT
CONSUMER DISCRETIONARY,INHEUNG
CONSUMER DISCRETIONARY,INÁRIUM
CONSUMER DISCRETIONARY,IONAL
CONSUMER DISCRETIONARY,IOTECH
CONSUMER DISCRETIONARY,ITALIA
CONSUMER DISCRETIONARY,ITIONAL
CONSUMER DISCRETIONARY,IUM
CONSUMER DISCRETIONARY,Interat
CONSUMER DISCRETIONARY,Invia.hu
CONSUMER DISCRETIONARY,Iskoláért
CONSUMER DISCRETIONARY,JÁTÉK
CONSUMER DISCRETIONARY,KACO
CONSUMER DISCRETIONARY,KEM
CONSUMER DISCRETIONARY,KER
CONSUMER DISCRETIONARY,KERÉKPÁR
CONSUMER DISCRETIONARY,KPÁR
CONSUMER DISCRETIONARY,Kovács
CONSUMER DISCRETIONARY,Kupicza
CONSUMER DISCRETIONARY,Kávézó
CONSUMER DISCRETIONARY,LAPKER
CONSUMER DISCRETIONARY,LASZ-AUTÓ
CONSUMER DISCRETIONARY,LCSKEM
CONSUMER DISCRETIONARY,LEX
CONSUMER DISCRETIONARY,LIA
CONSUMER DISCRETIONARY,LIBRI
CONSUMER DISCRETIONARY,LPONT
CONSUMER DISCRETIONARY,LYMÁR
CONSUMER DISCRETIONARY,Lehel
CONSUMER DISCRETIONARY,Lira
CONSUMER DISCRETIONARY,M.PETROL
CONSUMER DISCRETIONARY,MAX
CONSUMER DISCRETIONARY,MBM
CONSUMER DISCRETIONARY,MER
CONSUMER DISCRETIONARY,MMER
CONSUMER DISCRETIONARY,MOBIL
CONSUMER DISCRETIONARY,MOBILPONT
CONSUMER DISCRETIONARY,MOTORS
CONSUMER DISCRETIONARY,Major
CONSUMER DISCRETIONARY,Marso
CONSUMER DISCRETIONARY,Mecsek
CONSUMER DISCRETIONARY,Miskolc
CONSUMER DISCRETIONARY,MÁR
CONSUMER DISCRETIONARY,NAL
CONSUMER DISCRETIONARY,NATURTEX
CONSUMER DISCRETIONARY,NCSEJÁTÉK
CONSUMER DISCRETIONARY,NDITIONAL
CONSUMER DISCRETIONARY,NGAROFEK
CONSUMER DISCRETIONARY,NGÁRIA
CONSUMER DISCRETIONARY,NHEUNG
CONSUMER DISCRETIONARY,NIGSTAHL
CONSUMER DISCRETIONARY,NYI-AUTÓ
CONSUMER DISCRETIONARY,NÁRIUM
CONSUMER DISCRETIONARY,OBIL
CONSUMER DISCRETIONARY,OBILPONT
CONSUMER DISCRETIONARY,OCARMA
CONSUMER DISCRETIONARY,OFEK
CONSUMER DISCRETIONARY,OFLEX
CONSUMER DISCRETIONARY,OLCSKEM
CONSUMER DISCRETIONARY,OLYMÁR
CONSUMER DISCRETIONARY,OMMER
CONSUMER DISCRETIONARY,OMOBIL
CONSUMER DISCRETIONARY,ONAL
CONSUMER DISCRETIONARY,ONE
CONSUMER DISCRETIONARY,ONIGSTAHL
CONSUMER DISCRETIONARY,ONT
CONSUMER DISCRETIONARY,OPHONE
CONSUMER DISCRETIONARY,ORRÁS
CONSUMER DISCRETIONARY,ORS
CONSUMER DISCRETIONARY,ORSZÁG
CONSUMER DISCRETIONARY,OSOL
CONSUMER DISCRETIONARY,OTECH
CONSUMER DISCRETIONARY,OTORS
CONSUMER DISCRETIONARY,OVÁNY
CONSUMER DISCRETIONARY,Optic
CONSUMER DISCRETIONARY,PARK
CONSUMER DISCRETIONARY,PETROL
CONSUMER DISCRETIONARY,PHONE
CONSUMER DISCRETIONARY,PKER
CONSUMER DISCRETIONARY,PONT
CONSUMER DISCRETIONARY,Pastrami
CONSUMER DISCRETIONARY,Plastik
CONSUMER DISCRETIONARY,PÁR
CONSUMER DISCRETIONARY,QBALL
CONSUMER DISCRETIONARY,RAGO
CONSUMER DISCRETIONARY,RAVOPHONE
CONSUMER DISCRETIONARY,RIA
CONSUMER DISCRETIONARY,RIOTECH
CONSUMER DISCRETIONARY,RIUM
CONSUMER DISCRETIONARY,RMA
CONSUMER DISCRETIONARY,ROFEK
CONSUMER DISCRETIONARY,ROL
CONSUMER DISCRETIONARY,RORSZÁG
CONSUMER DISCRETIONARY,RRÁS
CONSUMER DISCRETIONARY,RSZÁG
CONSUMER DISCRETIONARY,RTEX
CONSUMER DISCRETIONARY,Renitex
CONSUMER DISCRETIONARY,Rent
CONSUMER DISCRETIONARY,RÁS
CONSUMER DISCRETIONARY,RÉKPÁR
CONSUMER DISCRETIONARY,S-ÉSZAK
CONSUMER DISCRETIONARY,SEJÁTÉK
CONSUMER DISCRETIONARY,SHINHEUNG
CONSUMER DISCRETIONARY,SKEM
CONSUMER DISCRETIONARY,SOL
CONSUMER DISCRETIONARY,SOLYMÁR
CONSUMER DISCRETIONARY,SOMMER
CONSUMER DISCRETIONARY,STAHL
CONSUMER DISCRETIONARY,SUZUKI
CONSUMER DISCRETIONARY,SZ-AUTÓ
CONSUMER DISCRETIONARY,SZAK
CONSUMER DISCRETIONARY,SZÁG
CONSUMER DISCRETIONARY,Sas-Optic
CONSUMER DISCRETIONARY,Scheer
CONSUMER DISCRETIONARY,Schiller
CONSUMER DISCRETIONARY,Schneider
CONSUMER DISCRETIONARY,Simobázis
CONSUMER DISCRETIONARY,TAHL
CONSUMER DISCRETIONARY,TALIA
CONSUMER DISCRETIONARY,TECH
CONSUMER DISCRETIONARY,TEQBALL
CONSUMER DISCRETIONARY,TEX
CONSUMER DISCRETIONARY,TIONAL
CONSUMER DISCRETIONARY,TOCARMA
CONSUMER DISCRETIONARY,TOFLEX
CONSUMER DISCRETIONARY,TOMOBIL
CONSUMER DISCRETIONARY,TORS
CONSUMER DISCRETIONARY,TOSOL
CONSUMER DISCRETIONARY,TROL
CONSUMER DISCRETIONARY,TURTEX
CONSUMER DISCRETIONARY,Tatra
CONSUMER DISCRETIONARY,TÉK
CONSUMER DISCRETIONARY,UKI
CONSUMER DISCRETIONARY,UMAX
CONSUMER DISCRETIONARY,UNG
CONSUMER DISCRETIONARY,UNGAROFEK
CONSUMER DISCRETIONARY,UNGÁRIA
CONSUMER DISCRETIONARY,URTEX
CONSUMER DISCRETIONARY,UTOCARMA
CONSUMER DISCRETIONARY,UTOFLEX
CONSUMER DISCRETIONARY,UTOMOBIL
CONSUMER DISCRETIONARY,UTOSOL
CONSUMER DISCRETIONARY,UTÓ
CONSUMER DISCRETIONARY,UZUKI
CONSUMER DISCRETIONARY,Universal
CONSUMER DISCRETIONARY,VAS-ÉSZAK
CONSUMER DISCRETIONARY,VINÁRIUM
CONSUMER DISCRETIONARY,VOPHONE
CONSUMER DISCRETIONARY,Veszprem
CONSUMER DISCRETIONARY,VÁNY
CONSUMER DISCRETIONARY,Wallis
CONSUMER DISCRETIONARY,Walter
CONSUMER DISCRETIONARY,YARORSZÁG
CONSUMER DISCRETIONARY,YI-AUTÓ
CONSUMER DISCRETIONARY,YMÁR
CONSUMER DISCRETIONARY,Z-AUTÓ
CONSUMER DISCRETIONARY,ZAK
CONSUMER DISCRETIONARY,ZUKI
CONSUMER DISCRETIONARY,Zsolt
CONSUMER DISCRETIONARY,ZÁG
CONSUMER DISCRETIONARY,a.hu
CONSUMER DISCRETIONARY,acentrum
CONSUMER DISCRETIONARY,acturing
CONSUMER DISCRETIONARY,ajor
CONSUMER DISCRETIONARY,allis
CONSUMER DISCRETIONARY,alter
CONSUMER DISCRETIONARY,ami
CONSUMER DISCRETIONARY,aria
CONSUMER DISCRETIONARY,arotruck
CONSUMER DISCRETIONARY,arso
CONSUMER DISCRETIONARY,as-Optic
CONSUMER DISCRETIONARY,astik
CONSUMER DISCRETIONARY,astrami
CONSUMER DISCRETIONARY,atra
CONSUMER DISCRETIONARY,bázis
CONSUMER DISCRETIONARY,cent
CONSUMER DISCRETIONARY,centrum
CONSUMER DISCRETIONARY,cheer
CONSUMER DISCRETIONARY,chiller
CONSUMER DISCRETIONARY,chneider
CONSUMER DISCRETIONARY,chnosport
CONSUMER DISCRETIONARY,city
CONSUMER DISCRETIONARY,csek
CONSUMER DISCRETIONARY,cturing
CONSUMER DISCRETIONARY,cza
CONSUMER DISCRETIONARY,delswerk
CONSUMER DISCRETIONARY,der
CONSUMER DISCRETIONARY,dezési
CONSUMER DISCRETIONARY,ecsek
CONSUMER DISCRETIONARY,eer
CONSUMER DISCRETIONARY,efektetõi
CONSUMER DISCRETIONARY,ehel
CONSUMER DISCRETIONARY,eider
CONSUMER DISCRETIONARY,ekmenza
CONSUMER DISCRETIONARY,ektetõi
CONSUMER DISCRETIONARY,ektháló
CONSUMER DISCRETIONARY,elswerk
CONSUMER DISCRETIONARY,elta
CONSUMER DISCRETIONARY,end
CONSUMER DISCRETIONARY,endezési
CONSUMER DISCRETIONARY,enitex
CONSUMER DISCRETIONARY,enline
CONSUMER DISCRETIONARY,ent
CONSUMER DISCRETIONARY,entrend
CONSUMER DISCRETIONARY,entrum
CONSUMER DISCRETIONARY,enza
CONSUMER DISCRETIONARY,erat
CONSUMER DISCRETIONARY,ergofish
CONSUMER DISCRETIONARY,erk
CONSUMER DISCRETIONARY,ersal
CONSUMER DISCRETIONARY,ervezõ
CONSUMER DISCRETIONARY,ervíz
CONSUMER DISCRETIONARY,eskort
CONSUMER DISCRETIONARY,eszprem
CONSUMER DISCRETIONARY,etõi
CONSUMER DISCRETIONARY,ezési
CONSUMER DISCRETIONARY,ezõ
CONSUMER DISCRETIONARY,facturing
CONSUMER DISCRETIONARY,fektetõi
CONSUMER DISCRETIONARY,fer
CONSUMER DISCRETIONARY,fish
CONSUMER DISCRETIONARY,garia
CONSUMER DISCRETIONARY,garotruck
CONSUMER DISCRETIONARY,ger
CONSUMER DISCRETIONARY,get
CONSUMER DISCRETIONARY,gofish
CONSUMER DISCRETIONARY,gyártó
CONSUMER DISCRETIONARY,heer
CONSUMER DISCRETIONARY,hel
CONSUMER DISCRETIONARY,hiller
CONSUMER DISCRETIONARY,hneider
CONSUMER DISCRETIONARY,hnosport
CONSUMER DISCRETIONARY,háló
CONSUMER DISCRETIONARY,ia.hu
CONSUMER DISCRETIONARY,iacentrum
CONSUMER DISCRETIONARY,icza
CONSUMER DISCRETIONARY,ider
CONSUMER DISCRETIONARY,ienline
CONSUMER DISCRETIONARY,ifer
CONSUMER DISCRETIONARY,iget
CONSUMER DISCRETIONARY,ikút
CONSUMER DISCRETIONARY,iller
CONSUMER DISCRETIONARY,ilmgyártó
CONSUMER DISCRETIONARY,imobázis
CONSUMER DISCRETIONARY,ine
CONSUMER DISCRETIONARY,ing
CONSUMER DISCRETIONARY,ion
CONSUMER DISCRETIONARY,ira
CONSUMER DISCRETIONARY,ish
CONSUMER DISCRETIONARY,iskolc
CONSUMER DISCRETIONARY,itex
CONSUMER DISCRETIONARY,ity
CONSUMER DISCRETIONARY,iversal
CONSUMER DISCRETIONARY,jektháló
CONSUMER DISCRETIONARY,jor
CONSUMER DISCRETIONARY,kmenza
CONSUMER DISCRETIONARY,kolc
CONSUMER DISCRETIONARY,koláért
CONSUMER DISCRETIONARY,kort
CONSUMER DISCRETIONARY,ktetõi
CONSUMER DISCRETIONARY,ktháló
CONSUMER DISCRETIONARY,kány
CONSUMER DISCRETIONARY,kút
CONSUMER DISCRETIONARY,lastik
CONSUMER DISCRETIONARY,ler
CONSUMER DISCRETIONARY,lienline
CONSUMER DISCRETIONARY,liget
CONSUMER DISCRETIONARY,line
CONSUMER DISCRETIONARY,lis
CONSUMER DISCRETIONARY,ller
CONSUMER DISCRETIONARY,llis
CONSUMER DISCRETIONARY,lmgyártó
CONSUMER DISCRETIONARY,lswerk
CONSUMER DISCRETIONARY,lta
CONSUMER DISCRETIONARY,lter
CONSUMER DISCRETIONARY,lux-Lehel
CONSUMER DISCRETIONARY,láért
CONSUMER DISCRETIONARY,mekmenza
CONSUMER DISCRETIONARY,menza
CONSUMER DISCRETIONARY,mgyártó
CONSUMER DISCRETIONARY,mobázis
CONSUMER DISCRETIONARY,nPlastik
CONSUMER DISCRETIONARY,ndelswerk
CONSUMER DISCRETIONARY,ndezési
CONSUMER DISCRETIONARY,neider
CONSUMER DISCRETIONARY,nergofish
CONSUMER DISCRETIONARY,ngaria
CONSUMER DISCRETIONARY,nger
CONSUMER DISCRETIONARY,nitex
CONSUMER DISCRETIONARY,niversal
CONSUMER DISCRETIONARY,nline
CONSUMER DISCRETIONARY,nosport
CONSUMER DISCRETIONARY,nterat
CONSUMER DISCRETIONARY,ntrend
CONSUMER DISCRETIONARY,ntrum
CONSUMER DISCRETIONARY,nvia.hu
CONSUMER DISCRETIONARY,nvikút
CONSUMER DISCRETIONARY,nza
CONSUMER DISCRETIONARY,o-eskort
CONSUMER DISCRETIONARY,obázis
CONSUMER DISCRETIONARY,ocent
CONSUMER DISCRETIONARY,ocentrum
CONSUMER DISCRETIONARY,ocity
CONSUMER DISCRETIONARY,ofish
CONSUMER DISCRETIONARY,ojektháló
CONSUMER DISCRETIONARY,olc
CONSUMER DISCRETIONARY,olt
CONSUMER DISCRETIONARY,oláért
CONSUMER DISCRETIONARY,ort
CONSUMER DISCRETIONARY,osport
CONSUMER DISCRETIONARY,otrend
CONSUMER DISCRETIONARY,otruck
CONSUMER DISCRETIONARY,ovács
CONSUMER DISCRETIONARY,picza
CONSUMER DISCRETIONARY,port
CONSUMER DISCRETIONARY,prem
CONSUMER DISCRETIONARY,ptic
CONSUMER DISCRETIONARY,rami
CONSUMER DISCRETIONARY,rat
CONSUMER DISCRETIONARY,rem
CONSUMER DISCRETIONARY,rend
CONSUMER DISCRETIONARY,rendezési
CONSUMER DISCRETIONARY,rgofish
CONSUMER DISCRETIONARY,ria
CONSUMER DISCRETIONARY,ring
CONSUMER DISCRETIONARY,rliget
CONSUMER DISCRETIONARY,rmekmenza
CONSUMER DISCRETIONARY,rotruck
CONSUMER DISCRETIONARY,rsal
CONSUMER DISCRETIONARY,rso
CONSUMER DISCRETIONARY,rtó
CONSUMER DISCRETIONARY,ruck
CONSUMER DISCRETIONARY,rum
CONSUMER DISCRETIONARY,rvezõ
CONSUMER DISCRETIONARY,rvíz
CONSUMER DISCRETIONARY,s-Optic
CONSUMER DISCRETIONARY,sal
CONSUMER DISCRETIONARY,sek
CONSUMER DISCRETIONARY,sion
CONSUMER DISCRETIONARY,skolc
CONSUMER DISCRETIONARY,skoláért
CONSUMER DISCRETIONARY,skort
CONSUMER DISCRETIONARY,solt
CONSUMER DISCRETIONARY,sport
CONSUMER DISCRETIONARY,stik
CONSUMER DISCRETIONARY,strami
CONSUMER DISCRETIONARY,swerk
CONSUMER DISCRETIONARY,szervezõ
CONSUMER DISCRETIONARY,szervíz
CONSUMER DISCRETIONARY,szprem
CONSUMER DISCRETIONARY,sákány
CONSUMER DISCRETIONARY,sárliget
CONSUMER DISCRETIONARY,ter
CONSUMER DISCRETIONARY,terat
CONSUMER DISCRETIONARY,tetõi
CONSUMER DISCRETIONARY,tex
CONSUMER DISCRETIONARY,tháló
CONSUMER DISCRETIONARY,tic
CONSUMER DISCRETIONARY,tik
CONSUMER DISCRETIONARY,to-eskort
CONSUMER DISCRETIONARY,tocent
CONSUMER DISCRETIONARY,tocentrum
CONSUMER DISCRETIONARY,tocity
CONSUMER DISCRETIONARY,totrend
CONSUMER DISCRETIONARY,tra
CONSUMER DISCRETIONARY,trami
CONSUMER DISCRETIONARY,trend
CONSUMER DISCRETIONARY,truck
CONSUMER DISCRETIONARY,trum
CONSUMER DISCRETIONARY,turing
CONSUMER DISCRETIONARY,tószervíz
CONSUMER DISCRETIONARY,tõi
CONSUMER DISCRETIONARY,uck
CONSUMER DISCRETIONARY,ungaria
CONSUMER DISCRETIONARY,upicza
CONSUMER DISCRETIONARY,uring
CONSUMER DISCRETIONARY,usion
CONSUMER DISCRETIONARY,uto
CONSUMER DISCRETIONARY,utocent
CONSUMER DISCRETIONARY,utocity
CONSUMER DISCRETIONARY,utotrend
CONSUMER DISCRETIONARY,ux-Lehel
CONSUMER DISCRETIONARY,ventrend
CONSUMER DISCRETIONARY,versal
CONSUMER DISCRETIONARY,vezõ
CONSUMER DISCRETIONARY,via.hu
CONSUMER DISCRETIONARY,vikút
CONSUMER DISCRETIONARY,vács
CONSUMER DISCRETIONARY,vézó
CONSUMER DISCRETIONARY,víz
CONSUMER DISCRETIONARY,werk
CONSUMER DISCRETIONARY,x-Lehel
CONSUMER DISCRETIONARY,yártó
CONSUMER DISCRETIONARY,zervezõ
CONSUMER DISCRETIONARY,zervíz
CONSUMER DISCRETIONARY,zis
CONSUMER DISCRETIONARY,zprem
CONSUMER DISCRETIONARY,zési
CONSUMER DISCRETIONARY,ÁNY
CONSUMER DISCRETIONARY,ÁRIA
CONSUMER DISCRETIONARY,ÁRIUM
CONSUMER DISCRETIONARY,ÁTÉK
CONSUMER DISCRETIONARY,ÉKPÁR
CONSUMER DISCRETIONARY,ÉNYI-AUTÓ
CONSUMER DISCRETIONARY,ÉSZAK
CONSUMER DISCRETIONARY,ÕFORRÁS
CONSUMER DISCRETIONARY,ács
CONSUMER DISCRETIONARY,ákány
CONSUMER DISCRETIONARY,áló
CONSUMER DISCRETIONARY,ánPlastik
CONSUMER DISCRETIONARY,ány
CONSUMER DISCRETIONARY,árliget
CONSUMER DISCRETIONARY,ártó
CONSUMER DISCRETIONARY,ásárliget
CONSUMER DISCRETIONARY,ávézó
CONSUMER DISCRETIONARY,ázis
CONSUMER DISCRETIONARY,áért
CONSUMER DISCRETIONARY,ért
CONSUMER DISCRETIONARY,ési
CONSUMER DISCRETIONARY,ézó
CONSUMER DISCRETIONARY,ószervíz
CONSUMER STAPLES,-AGRO
CONSUMER STAPLES,-Agro
CONSUMER STAPLES,-Baldauf
CONSUMER STAPLES,-Bet
CONSUMER STAPLES,-CORN
CONSUMER STAPLES,-Chem
CONSUMER STAPLES,-Coop
CONSUMER STAPLES,-DRINK
CONSUMER STAPLES,-Dreol
CONSUMER STAPLES,-FARM
CONSUMER STAPLES,-HYB
CONSUMER STAPLES,-Hús
CONSUMER STAPLES,-Ker
CONSUMER STAPLES,-Ker-Bet
CONSUMER STAPLES,-Kontakt
CONSUMER STAPLES,-Megoldas
CONSUMER STAPLES,-PLANT
CONSUMER STAPLES,-Snack
CONSUMER STAPLES,-Szárító
CONSUMER STAPLES,-Tak
CONSUMER STAPLES,-ház
CONSUMER STAPLES,-top
CONSUMER STAPLES,A-AGRO
CONSUMER STAPLES,A-Baldauf
CONSUMER STAPLES,A-DRINK
CONSUMER STAPLES,A-HYB
CONSUMER STAPLES,ADI
CONSUMER STAPLES,AGALLI
CONSUMER STAPLES,AGRI-CORN
CONSUMER STAPLES,AGRO
CONSUMER STAPLES,AGROCS
CONSUMER STAPLES,AIN
CONSUMER STAPLES,ALLBREED
CONSUMER STAPLES,ALLI
CONSUMER STAPLES,ALLUS
CONSUMER STAPLES,ALSEKT
CONSUMER STAPLES,AND
CONSUMER STAPLES,ANES
CONSUMER STAPLES,ANT
CONSUMER STAPLES,ARAVANES
CONSUMER STAPLES,ARIN
CONSUMER STAPLES,ARM
CONSUMER STAPLES,ARY
CONSUMER STAPLES,ATIONAL
CONSUMER STAPLES,AUCHAN
CONSUMER STAPLES,AVANES
CONSUMER STAPLES,AZDA
CONSUMER STAPLES,Agro
CONSUMER STAPLES,Agro-M
CONSUMER STAPLES,Agrofeed
CONSUMER STAPLES,Agroforte
CONSUMER STAPLES,Agronómia
CONSUMER STAPLES,Agroszasz
CONSUMER STAPLES,Agrowirt
CONSUMER STAPLES,Alaszka
CONSUMER STAPLES,Alfi-Ker
CONSUMER STAPLES,András
CONSUMER STAPLES,Attila
CONSUMER STAPLES,BAL
CONSUMER STAPLES,BBK
CONSUMER STAPLES,BENU
CONSUMER STAPLES,BREED
CONSUMER STAPLES,Baldauf
CONSUMER STAPLES,Barabás
CONSUMER STAPLES,Barsonyos
CONSUMER STAPLES,Benburb
CONSUMER STAPLES,Bet
CONSUMER STAPLES,Bonafarm
CONSUMER STAPLES,Breier
CONSUMER STAPLES,Bujtos
CONSUMER STAPLES,Bács-Tak
CONSUMER STAPLES,CARAVANES
CONSUMER STAPLES,CEREAL
CONSUMER STAPLES,CGRAIN
CONSUMER STAPLES,CHAN
CONSUMER STAPLES,CITEC
CONSUMER STAPLES,CITY
CONSUMER STAPLES,CORN
CONSUMER STAPLES,Center
CONSUMER STAPLES,Central
CONSUMER STAPLES,Chem
CONSUMER STAPLES,Coop
CONSUMER STAPLES,Cornmill
CONSUMER STAPLES,Csányi
CONSUMER STAPLES,DAGRO
CONSUMER STAPLES,DEA-AGRO
CONSUMER STAPLES,DEKA-HYB
CONSUMER STAPLES,DELMI
CONSUMER STAPLES,"DELMI,"
CONSUMER STAPLES,DRINK
CONSUMER STAPLES,Dolcetta
CONSUMER STAPLES,Dreol
CONSUMER STAPLES,Dunachem
CONSUMER STAPLES,EA-AGRO
CONSUMER STAPLES,EAL
CONSUMER STAPLES,EDELMI
CONSUMER STAPLES,"EDELMI,"
CONSUMER STAPLES,EED
CONSUMER STAPLES,EKA-HYB
CONSUMER STAPLES,EKES
CONSUMER STAPLES,EKT
CONSUMER STAPLES,ELL
CONSUMER STAPLES,ELMI
CONSUMER STAPLES,"ELMI,"
CONSUMER STAPLES,ENU
CONSUMER STAPLES,EREAL
CONSUMER STAPLES,EREKES
CONSUMER STAPLES,ERIT
CONSUMER STAPLES,ERM
CONSUMER STAPLES,ERTÁR
CONSUMER STAPLES,ESKEDELMI
CONSUMER STAPLES,ETA
CONSUMER STAPLES,ETKÖZ
CONSUMER STAPLES,EVITA
CONSUMER STAPLES,EZÕGAZDA
CONSUMER STAPLES,EZÕTERM
CONSUMER STAPLES,Eccofood
CONSUMER STAPLES,Elit-Ker
CONSUMER STAPLES,Ellespart
CONSUMER STAPLES,Emeralt
CONSUMER STAPLES,Europe
CONSUMER STAPLES,FARM
CONSUMER STAPLES,FEVITA
CONSUMER STAPLES,FINORAK
CONSUMER STAPLES,FLORIN
CONSUMER STAPLES,FT.
CONSUMER STAPLES,Fleisch
CONSUMER STAPLES,FÕZDE
CONSUMER STAPLES,GALLBREED
CONSUMER STAPLES,GALLI
CONSUMER STAPLES,GALLUS
CONSUMER STAPLES,GARY
CONSUMER STAPLES,GAZDA
CONSUMER STAPLES,GERIT
CONSUMER STAPLES,GETKÖZ
CONSUMER STAPLES,GLOBAL
CONSUMER STAPLES,GRAIN
CONSUMER STAPLES,GRI-CORN
CONSUMER STAPLES,GRO
CONSUMER STAPLES,GROCS
CONSUMER STAPLES,GSD
CONSUMER STAPLES,GYAR
CONSUMER STAPLES,GYSZERTÁR
CONSUMER STAPLES,GYÁR
CONSUMER STAPLES,Galantai
CONSUMER STAPLES,Galla
CONSUMER STAPLES,Galldorf
CONSUMER STAPLES,Gallus
CONSUMER STAPLES,Gironde
CONSUMER STAPLES,Glenville
CONSUMER STAPLES,Gyelán
CONSUMER STAPLES,HAN
CONSUMER STAPLES,HELL
CONSUMER STAPLES,HOP
CONSUMER STAPLES,HUNGARY
CONSUMER STAPLES,HUNGERIT
CONSUMER STAPLES,HUNLAND
CONSUMER STAPLES,HYB
CONSUMER STAPLES,Hercsi
CONSUMER STAPLES,Hilltown
CONSUMER STAPLES,Holding
CONSUMER STAPLES,Huszár
CONSUMER STAPLES,HÓDAGRO
CONSUMER STAPLES,Hód
CONSUMER STAPLES,Hús
CONSUMER STAPLES,I-CORN
CONSUMER STAPLES,IA-DRINK
CONSUMER STAPLES,ICGRAIN
CONSUMER STAPLES,IDEA-AGRO
CONSUMER STAPLES,IGETKÖZ
CONSUMER STAPLES,IKÕRGYÁR
CONSUMER STAPLES,INK
CONSUMER STAPLES,INORAK
CONSUMER STAPLES,IONAL
CONSUMER STAPLES,ISPUSZTA
CONSUMER STAPLES,ITA
CONSUMER STAPLES,ITE
CONSUMER STAPLES,ITEC
CONSUMER STAPLES,ITY
CONSUMER STAPLES,Ilona
CONSUMER STAPLES,Istvánné
CONSUMER STAPLES,Jumbó-Hús
CONSUMER STAPLES,János
CONSUMER STAPLES,KA-HYB
CONSUMER STAPLES,KEDELMI
CONSUMER STAPLES,"KEDELMI,"
CONSUMER STAPLES,KEREKES
CONSUMER STAPLES,KES
CONSUMER STAPLES,KFT.
CONSUMER STAPLES,KISPUSZTA
CONSUMER STAPLES,KITE
CONSUMER STAPLES,KO-FARM
CONSUMER STAPLES,KOMETA
CONSUMER STAPLES,Ker
CONSUMER STAPLES,Ker-Bet
CONSUMER STAPLES,Kft.
CONSUMER STAPLES,Kontakt
CONSUMER STAPLES,Krupp
CONSUMER STAPLES,Kvantor
CONSUMER STAPLES,KÕRGYÁR
CONSUMER STAPLES,KÖZ
CONSUMER STAPLES,Kövesi
CONSUMER STAPLES,LAND
CONSUMER STAPLES,LANT
CONSUMER STAPLES,LBREED
CONSUMER STAPLES,LIKÕRGYÁR
CONSUMER STAPLES,LLBREED
CONSUMER STAPLES,LLI
CONSUMER STAPLES,LLUS
CONSUMER STAPLES,LMI
CONSUMER STAPLES,"LMI,"
CONSUMER STAPLES,LOBAL
CONSUMER STAPLES,LORIN
CONSUMER STAPLES,LSEKT
CONSUMER STAPLES,LUS
CONSUMER STAPLES,Lilla
CONSUMER STAPLES,Lucart
CONSUMER STAPLES,László
CONSUMER STAPLES,MARIN
CONSUMER STAPLES,META
CONSUMER STAPLES,MEZÕGAZDA
CONSUMER STAPLES,MEZÕTERM
CONSUMER STAPLES,"MI,"
CONSUMER STAPLES,MONAX
CONSUMER STAPLES,Megoldas
CONSUMER STAPLES,NAL
CONSUMER STAPLES,NATIONAL
CONSUMER STAPLES,NAX
CONSUMER STAPLES,NES
CONSUMER STAPLES,NGARY
CONSUMER STAPLES,NGERIT
CONSUMER STAPLES,NLAND
CONSUMER STAPLES,NO-PLANT
CONSUMER STAPLES,NORAK
CONSUMER STAPLES,Nails
CONSUMER STAPLES,Napsugar
CONSUMER STAPLES,Nyirzem
CONSUMER STAPLES,O-FARM
CONSUMER STAPLES,O-PLANT
CONSUMER STAPLES,OBAL
CONSUMER STAPLES,OCEREAL
CONSUMER STAPLES,OCS
CONSUMER STAPLES,OKO-FARM
CONSUMER STAPLES,OMETA
CONSUMER STAPLES,ONAL
CONSUMER STAPLES,ONAX
CONSUMER STAPLES,ONO-PLANT
CONSUMER STAPLES,ORAK
CONSUMER STAPLES,ORGYAR
CONSUMER STAPLES,ORIN
CONSUMER STAPLES,ORN
CONSUMER STAPLES,OSMARIN
CONSUMER STAPLES,OYALSEKT
CONSUMER STAPLES,Orosfarm
CONSUMER STAPLES,Ostyasütõ
CONSUMER STAPLES,PLANT
CONSUMER STAPLES,PUSZTA
CONSUMER STAPLES,Palmi-top
CONSUMER STAPLES,Pek-Snack
CONSUMER STAPLES,Pelpuszta
CONSUMER STAPLES,Pincészet
CONSUMER STAPLES,Pingui
CONSUMER STAPLES,Pingvin
CONSUMER STAPLES,RAGALLI
CONSUMER STAPLES,RAIN
CONSUMER STAPLES,RAK
CONSUMER STAPLES,RAVANES
CONSUMER STAPLES,REAL
CONSUMER STAPLES,REED
CONSUMER STAPLES,REKES
CONSUMER STAPLES,RFÕZDE
CONSUMER STAPLES,RGYAR
CONSUMER STAPLES,RGYÁR
CONSUMER STAPLES,RI-CORN
CONSUMER STAPLES,RIA-DRINK
CONSUMER STAPLES,RIN
CONSUMER STAPLES,RINK
CONSUMER STAPLES,RIT
CONSUMER STAPLES,RNATIONAL
CONSUMER STAPLES,ROCEREAL
CONSUMER STAPLES,ROCS
CONSUMER STAPLES,ROKO-FARM
CONSUMER STAPLES,ROSMARIN
CONSUMER STAPLES,ROYALSEKT
CONSUMER STAPLES,RTÁR
CONSUMER STAPLES,Rubok
CONSUMER STAPLES,SCITEC
CONSUMER STAPLES,SEKT
CONSUMER STAPLES,SHOP
CONSUMER STAPLES,SKEDELMI
CONSUMER STAPLES,"SKEDELMI,"
CONSUMER STAPLES,SMARIN
CONSUMER STAPLES,SORGYAR
CONSUMER STAPLES,SPUSZTA
CONSUMER STAPLES,SZERTÁR
CONSUMER STAPLES,SZIGETKÖZ
CONSUMER STAPLES,SZTA
CONSUMER STAPLES,Snack
CONSUMER STAPLES,Staar
CONSUMER STAPLES,Szeleste
CONSUMER STAPLES,Szerencs
CONSUMER STAPLES,Szivar
CONSUMER STAPLES,Szuro
CONSUMER STAPLES,Szárító
CONSUMER STAPLES,SÖRFÕZDE
CONSUMER STAPLES,Sándorné
CONSUMER STAPLES,TEC
CONSUMER STAPLES,TERM
CONSUMER STAPLES,TIONAL
CONSUMER STAPLES,TKÖZ
CONSUMER STAPLES,Tabak
CONSUMER STAPLES,Tak
CONSUMER STAPLES,Talentis
CONSUMER STAPLES,Tampieri
CONSUMER STAPLES,Tarcsagro
CONSUMER STAPLES,Trade
CONSUMER STAPLES,TÁR
CONSUMER STAPLES,UBM
CONSUMER STAPLES,UCHAN
CONSUMER STAPLES,UNGARY
CONSUMER STAPLES,UNGERIT
CONSUMER STAPLES,UNLAND
CONSUMER STAPLES,UROCEREAL
CONSUMER STAPLES,USZTA
CONSUMER STAPLES,VANES
CONSUMER STAPLES,VITA
CONSUMER STAPLES,VOG
CONSUMER STAPLES,Versum
CONSUMER STAPLES,Viktor
CONSUMER STAPLES,Vimpex
CONSUMER STAPLES,Vylyan
CONSUMER STAPLES,Városföld
CONSUMER STAPLES,WADI
CONSUMER STAPLES,Wóker
CONSUMER STAPLES,YALSEKT
CONSUMER STAPLES,YAR
CONSUMER STAPLES,YSZERTÁR
CONSUMER STAPLES,YÁR
CONSUMER STAPLES,ZDA
CONSUMER STAPLES,ZDE
CONSUMER STAPLES,ZERTÁR
CONSUMER STAPLES,ZIGETKÖZ
CONSUMER STAPLES,ZTA
CONSUMER STAPLES,Zrt.
CONSUMER STAPLES,ZÕGAZDA
CONSUMER STAPLES,ZÕTERM
CONSUMER STAPLES,a-Coop
CONSUMER STAPLES,a-Hús
CONSUMER STAPLES,a-Kontakt
CONSUMER STAPLES,aar
CONSUMER STAPLES,abak
CONSUMER STAPLES,abona
CONSUMER STAPLES,abás
CONSUMER STAPLES,achem
CONSUMER STAPLES,ack
CONSUMER STAPLES,ade
CONSUMER STAPLES,adicsom
CONSUMER STAPLES,afarm
CONSUMER STAPLES,agi
CONSUMER STAPLES,agro
CONSUMER STAPLES,ahimkulov
CONSUMER STAPLES,ails
CONSUMER STAPLES,akt
CONSUMER STAPLES,al-M
CONSUMER STAPLES,alantai
CONSUMER STAPLES,aldauf
CONSUMER STAPLES,alentis
CONSUMER STAPLES,alföldi
CONSUMER STAPLES,alla
CONSUMER STAPLES,alldorf
CONSUMER STAPLES,allus
CONSUMER STAPLES,almi-top
CONSUMER STAPLES,alt
CONSUMER STAPLES,ampieri
CONSUMER STAPLES,antai
CONSUMER STAPLES,antor
CONSUMER STAPLES,apsugar
CONSUMER STAPLES,arabás
CONSUMER STAPLES,aradicsom
CONSUMER STAPLES,arcsagro
CONSUMER STAPLES,ari
CONSUMER STAPLES,arm
CONSUMER STAPLES,arország
CONSUMER STAPLES,arsonyos
CONSUMER STAPLES,art
CONSUMER STAPLES,asagi
CONSUMER STAPLES,astletown
CONSUMER STAPLES,asz
CONSUMER STAPLES,aszka
CONSUMER STAPLES,asütõ
CONSUMER STAPLES,auf
CONSUMER STAPLES,azdasagi
CONSUMER STAPLES,bak
CONSUMER STAPLES,bok
CONSUMER STAPLES,bona
CONSUMER STAPLES,burb
CONSUMER STAPLES,bás
CONSUMER STAPLES,bó-Hús
CONSUMER STAPLES,cart
CONSUMER STAPLES,ccofood
CONSUMER STAPLES,cetta
CONSUMER STAPLES,chem
CONSUMER STAPLES,cofood
CONSUMER STAPLES,cs-Tak
CONSUMER STAPLES,csagro
CONSUMER STAPLES,csi
CONSUMER STAPLES,csom
CONSUMER STAPLES,cthill
CONSUMER STAPLES,cészet
CONSUMER STAPLES,dVersum
CONSUMER STAPLES,das
CONSUMER STAPLES,dasagi
CONSUMER STAPLES,dauf
CONSUMER STAPLES,dgabona
CONSUMER STAPLES,dicsom
CONSUMER STAPLES,ding
CONSUMER STAPLES,dorf
CONSUMER STAPLES,dorné
CONSUMER STAPLES,drás
CONSUMER STAPLES,dõ-ház
CONSUMER STAPLES,dõház
CONSUMER STAPLES,e-Agro
CONSUMER STAPLES,ecthill
CONSUMER STAPLES,edõ-ház
CONSUMER STAPLES,edõház
CONSUMER STAPLES,eed
CONSUMER STAPLES,egoldas
CONSUMER STAPLES,egral-M
CONSUMER STAPLES,ei-Dreol
CONSUMER STAPLES,eier
CONSUMER STAPLES,eisch
CONSUMER STAPLES,ejtermelõ
CONSUMER STAPLES,ek-Snack
CONSUMER STAPLES,eleste
CONSUMER STAPLES,elpuszta
CONSUMER STAPLES,elán
CONSUMER STAPLES,elõ
CONSUMER STAPLES,enburb
CONSUMER STAPLES,encs
CONSUMER STAPLES,enter
CONSUMER STAPLES,enti
CONSUMER STAPLES,entis
CONSUMER STAPLES,entral
CONSUMER STAPLES,enville
CONSUMER STAPLES,enyésztõ
CONSUMER STAPLES,eol
CONSUMER STAPLES,er-Bet
CONSUMER STAPLES,eralt
CONSUMER STAPLES,ercsi
CONSUMER STAPLES,erencs
CONSUMER STAPLES,eri
CONSUMER STAPLES,ermelõ
CONSUMER STAPLES,erra-Coop
CONSUMER STAPLES,ersum
CONSUMER STAPLES,erzési
CONSUMER STAPLES,esi
CONSUMER STAPLES,eskedõház
CONSUMER STAPLES,espart
CONSUMER STAPLES,este
CONSUMER STAPLES,eszerzési
CONSUMER STAPLES,etown
CONSUMER STAPLES,etta
CONSUMER STAPLES,farm
CONSUMER STAPLES,fecthill
CONSUMER STAPLES,feed
CONSUMER STAPLES,fi-Coop
CONSUMER STAPLES,fi-Ker
CONSUMER STAPLES,food
CONSUMER STAPLES,forte
CONSUMER STAPLES,ft.
CONSUMER STAPLES,futura
CONSUMER STAPLES,föld
CONSUMER STAPLES,földi
CONSUMER STAPLES,g-Chem
CONSUMER STAPLES,gabona
CONSUMER STAPLES,gar
CONSUMER STAPLES,gazdasagi
CONSUMER STAPLES,goldas
CONSUMER STAPLES,gral-M
CONSUMER STAPLES,grifutura
CONSUMER STAPLES,gro
CONSUMER STAPLES,gro-M
CONSUMER STAPLES,grofeed
CONSUMER STAPLES,groforte
CONSUMER STAPLES,gronómia
CONSUMER STAPLES,groszasz
CONSUMER STAPLES,growirt
CONSUMER STAPLES,gui
CONSUMER STAPLES,gvin
CONSUMER STAPLES,hem
CONSUMER STAPLES,hill
CONSUMER STAPLES,himkulov
CONSUMER STAPLES,ház
CONSUMER STAPLES,i-Coop
CONSUMER STAPLES,i-Dreol
CONSUMER STAPLES,i-Ker
CONSUMER STAPLES,i-top
CONSUMER STAPLES,icsom
CONSUMER STAPLES,ier
CONSUMER STAPLES,ieri
CONSUMER STAPLES,ifutura
CONSUMER STAPLES,iktor
CONSUMER STAPLES,ila
CONSUMER STAPLES,ill
CONSUMER STAPLES,illa
CONSUMER STAPLES,ille
CONSUMER STAPLES,illtown
CONSUMER STAPLES,ils
CONSUMER STAPLES,ilyNails
CONSUMER STAPLES,imkulov
CONSUMER STAPLES,impex
CONSUMER STAPLES,incészet
CONSUMER STAPLES,ine-Agro
CONSUMER STAPLES,ing
CONSUMER STAPLES,ingui
CONSUMER STAPLES,ingvin
CONSUMER STAPLES,ipari
CONSUMER STAPLES,ironde
CONSUMER STAPLES,irt
CONSUMER STAPLES,irzem
CONSUMER STAPLES,irág-Chem
CONSUMER STAPLES,isalföldi
CONSUMER STAPLES,isch
CONSUMER STAPLES,it-Ker
CONSUMER STAPLES,ivar
CONSUMER STAPLES,jtermelõ
CONSUMER STAPLES,jtos
CONSUMER STAPLES,k-Snack
CONSUMER STAPLES,kedõ-ház
CONSUMER STAPLES,kedõház
CONSUMER STAPLES,ker
CONSUMER STAPLES,ktor
CONSUMER STAPLES,kulov
CONSUMER STAPLES,l-M
CONSUMER STAPLES,lantai
CONSUMER STAPLES,laszka
CONSUMER STAPLES,lcetta
CONSUMER STAPLES,ldas
CONSUMER STAPLES,ldauf
CONSUMER STAPLES,ldgabona
CONSUMER STAPLES,ldi
CONSUMER STAPLES,lding
CONSUMER STAPLES,ldorf
CONSUMER STAPLES,leisch
CONSUMER STAPLES,lentis
CONSUMER STAPLES,lenville
CONSUMER STAPLES,lespart
CONSUMER STAPLES,leste
CONSUMER STAPLES,letown
CONSUMER STAPLES,lfi-Ker
CONSUMER STAPLES,lföldi
CONSUMER STAPLES,line-Agro
CONSUMER STAPLES,lit-Ker
CONSUMER STAPLES,lla
CONSUMER STAPLES,lldorf
CONSUMER STAPLES,lle
CONSUMER STAPLES,llespart
CONSUMER STAPLES,lltown
CONSUMER STAPLES,llus
CONSUMER STAPLES,lmi-top
CONSUMER STAPLES,lona
CONSUMER STAPLES,lov
CONSUMER STAPLES,lpuszta
CONSUMER STAPLES,ltown
CONSUMER STAPLES,lus
CONSUMER STAPLES,lyNails
CONSUMER STAPLES,lyan
CONSUMER STAPLES,lán
CONSUMER STAPLES,mbó-Hús
CONSUMER STAPLES,melõ
CONSUMER STAPLES,menti
CONSUMER STAPLES,meralt
CONSUMER STAPLES,mfi-Coop
CONSUMER STAPLES,mi-top
CONSUMER STAPLES,mia
CONSUMER STAPLES,mill
CONSUMER STAPLES,mkulov
CONSUMER STAPLES,mpex
CONSUMER STAPLES,mpieri
CONSUMER STAPLES,mányipari
CONSUMER STAPLES,nachem
CONSUMER STAPLES,nack
CONSUMER STAPLES,nafarm
CONSUMER STAPLES,nburb
CONSUMER STAPLES,ncs
CONSUMER STAPLES,ncészet
CONSUMER STAPLES,nde
CONSUMER STAPLES,ndorné
CONSUMER STAPLES,ndrás
CONSUMER STAPLES,ne-Agro
CONSUMER STAPLES,ngui
CONSUMER STAPLES,ngvin
CONSUMER STAPLES,nmill
CONSUMER STAPLES,nné
CONSUMER STAPLES,nos
CONSUMER STAPLES,ntai
CONSUMER STAPLES,ntakt
CONSUMER STAPLES,ntegral-M
CONSUMER STAPLES,nter
CONSUMER STAPLES,nti
CONSUMER STAPLES,ntis
CONSUMER STAPLES,ntor
CONSUMER STAPLES,ntral
CONSUMER STAPLES,nville
CONSUMER STAPLES,nyi
CONSUMER STAPLES,nyipari
CONSUMER STAPLES,nyos
CONSUMER STAPLES,nyésztõ
CONSUMER STAPLES,nómia
CONSUMER STAPLES,o-Ker-Bet
CONSUMER STAPLES,o-M
CONSUMER STAPLES,odVersum
CONSUMER STAPLES,ofeed
CONSUMER STAPLES,ofood
CONSUMER STAPLES,oforte
CONSUMER STAPLES,olcetta
CONSUMER STAPLES,oldas
CONSUMER STAPLES,oldgabona
CONSUMER STAPLES,olding
CONSUMER STAPLES,omfi-Coop
CONSUMER STAPLES,ona
CONSUMER STAPLES,onafarm
CONSUMER STAPLES,onde
CONSUMER STAPLES,ontakt
CONSUMER STAPLES,onyos
CONSUMER STAPLES,onómia
CONSUMER STAPLES,ood
CONSUMER STAPLES,oodVersum
CONSUMER STAPLES,oop
CONSUMER STAPLES,ope
CONSUMER STAPLES,orf
CONSUMER STAPLES,ornmill
CONSUMER STAPLES,orné
CONSUMER STAPLES,ország
CONSUMER STAPLES,orte
CONSUMER STAPLES,osfarm
CONSUMER STAPLES,osföld
CONSUMER STAPLES,oszasz
CONSUMER STAPLES,owirt
CONSUMER STAPLES,own
CONSUMER STAPLES,pari
CONSUMER STAPLES,part
CONSUMER STAPLES,pex
CONSUMER STAPLES,pieri
CONSUMER STAPLES,psugar
CONSUMER STAPLES,puszta
CONSUMER STAPLES,pád
CONSUMER STAPLES,r-Bet
CONSUMER STAPLES,ra-Coop
CONSUMER STAPLES,rabás
CONSUMER STAPLES,rade
CONSUMER STAPLES,radicsom
CONSUMER STAPLES,ral
CONSUMER STAPLES,ral-M
CONSUMER STAPLES,ralt
CONSUMER STAPLES,rcsagro
CONSUMER STAPLES,rcsi
CONSUMER STAPLES,reier
CONSUMER STAPLES,rencs
CONSUMER STAPLES,reol
CONSUMER STAPLES,rfecthill
CONSUMER STAPLES,rifutura
CONSUMER STAPLES,rilyNails
CONSUMER STAPLES,rmelõ
CONSUMER STAPLES,rnmill
CONSUMER STAPLES,rné
CONSUMER STAPLES,ro-M
CONSUMER STAPLES,rofeed
CONSUMER STAPLES,roforte
CONSUMER STAPLES,ronde
CONSUMER STAPLES,ronómia
CONSUMER STAPLES,rope
CONSUMER STAPLES,rország
CONSUMER STAPLES,rosfarm
CONSUMER STAPLES,rosföld
CONSUMER STAPLES,roszasz
CONSUMER STAPLES,rowirt
CONSUMER STAPLES,rpád
CONSUMER STAPLES,rra-Coop
CONSUMER STAPLES,rsonyos
CONSUMER STAPLES,rsum
CONSUMER STAPLES,rszág
CONSUMER STAPLES,rt.
CONSUMER STAPLES,rte
CONSUMER STAPLES,rupp
CONSUMER STAPLES,rzem
CONSUMER STAPLES,rzési
CONSUMER STAPLES,rág-Chem
CONSUMER STAPLES,rás
CONSUMER STAPLES,rító
CONSUMER STAPLES,s-Szárító
CONSUMER STAPLES,s-Tak
CONSUMER STAPLES,sagi
CONSUMER STAPLES,sagro
CONSUMER STAPLES,salföldi
CONSUMER STAPLES,sch
CONSUMER STAPLES,sei-Dreol
CONSUMER STAPLES,sfarm
CONSUMER STAPLES,sföld
CONSUMER STAPLES,skedõ-ház
CONSUMER STAPLES,skedõház
CONSUMER STAPLES,som
CONSUMER STAPLES,sonyos
CONSUMER STAPLES,spart
CONSUMER STAPLES,ste
CONSUMER STAPLES,stletown
CONSUMER STAPLES,stvánné
CONSUMER STAPLES,styasütõ
CONSUMER STAPLES,sugar
CONSUMER STAPLES,sum
CONSUMER STAPLES,szasz
CONSUMER STAPLES,szerzési
CONSUMER STAPLES,szet
CONSUMER STAPLES,szka
CONSUMER STAPLES,szló
CONSUMER STAPLES,szta
CONSUMER STAPLES,szta-Hús
CONSUMER STAPLES,sztõ
CONSUMER STAPLES,szág
CONSUMER STAPLES,szár
CONSUMER STAPLES,sányi
CONSUMER STAPLES,sütõ
CONSUMER STAPLES,t-Ker
CONSUMER STAPLES,ta-Hús
CONSUMER STAPLES,taar
CONSUMER STAPLES,tai
CONSUMER STAPLES,takt
CONSUMER STAPLES,tegral-M
CONSUMER STAPLES,tenyésztõ
CONSUMER STAPLES,ter
CONSUMER STAPLES,termelõ
CONSUMER STAPLES,thill
CONSUMER STAPLES,tila
CONSUMER STAPLES,tis
CONSUMER STAPLES,tletown
CONSUMER STAPLES,top
CONSUMER STAPLES,tor
CONSUMER STAPLES,tos
CONSUMER STAPLES,town
CONSUMER STAPLES,tral
CONSUMER STAPLES,tta
CONSUMER STAPLES,ttila
CONSUMER STAPLES,ttyómenti
CONSUMER STAPLES,tura
CONSUMER STAPLES,tvánné
CONSUMER STAPLES,tyasütõ
CONSUMER STAPLES,tyómenti
CONSUMER STAPLES,ubok
CONSUMER STAPLES,ucart
CONSUMER STAPLES,ugar
CONSUMER STAPLES,ujtos
CONSUMER STAPLES,ulov
CONSUMER STAPLES,umbó-Hús
CONSUMER STAPLES,unachem
CONSUMER STAPLES,upp
CONSUMER STAPLES,ura
CONSUMER STAPLES,urb
CONSUMER STAPLES,uro
CONSUMER STAPLES,urope
CONSUMER STAPLES,uszta
CONSUMER STAPLES,uszta-Hús
CONSUMER STAPLES,uszár
CONSUMER STAPLES,utura
CONSUMER STAPLES,vantor
CONSUMER STAPLES,var
CONSUMER STAPLES,vesi
CONSUMER STAPLES,ville
CONSUMER STAPLES,vin
CONSUMER STAPLES,vánné
CONSUMER STAPLES,wirt
CONSUMER STAPLES,yNails
CONSUMER STAPLES,yan
CONSUMER STAPLES,yarország
CONSUMER STAPLES,yasütõ
CONSUMER STAPLES,yelán
CONSUMER STAPLES,yipari
CONSUMER STAPLES,yirzem
CONSUMER STAPLES,ylyan
CONSUMER STAPLES,yos
CONSUMER STAPLES,yésztõ
CONSUMER STAPLES,yómenti
CONSUMER STAPLES,zasz
CONSUMER STAPLES,zdasagi
CONSUMER STAPLES,zeleste
CONSUMER STAPLES,zem
CONSUMER STAPLES,zerencs
CONSUMER STAPLES,zerzési
CONSUMER STAPLES,zet
CONSUMER STAPLES,zivar
CONSUMER STAPLES,zka
CONSUMER STAPLES,zló
CONSUMER STAPLES,zrt.
CONSUMER STAPLES,zta
CONSUMER STAPLES,zta-Hús
CONSUMER STAPLES,ztõ
CONSUMER STAPLES,zuro
CONSUMER STAPLES,zág
CONSUMER STAPLES,zár
CONSUMER STAPLES,zárító
CONSUMER STAPLES,zési
CONSUMER STAPLES,Árpád
CONSUMER STAPLES,ÓDAGRO
CONSUMER STAPLES,ÕGAZDA
CONSUMER STAPLES,ÕRGYÁR
CONSUMER STAPLES,ÕTERM
CONSUMER STAPLES,ÕZDE
CONSUMER STAPLES,ÖRFÕZDE
CONSUMER STAPLES,ács-Tak
CONSUMER STAPLES,ág-Chem
CONSUMER STAPLES,ándorné
CONSUMER STAPLES,ánné
CONSUMER STAPLES,ános
CONSUMER STAPLES,ányi
CONSUMER STAPLES,ányipari
CONSUMER STAPLES,árosföld
CONSUMER STAPLES,árító
CONSUMER STAPLES,ászló
CONSUMER STAPLES,ési
CONSUMER STAPLES,észet
CONSUMER STAPLES,észtõ
CONSUMER STAPLES,ító
CONSUMER STAPLES,ó-Hús
CONSUMER STAPLES,óker
CONSUMER STAPLES,ómenti
CONSUMER STAPLES,ómia
CONSUMER STAPLES,õ-ház
CONSUMER STAPLES,õház
CONSUMER STAPLES,öld
CONSUMER STAPLES,öldi
CONSUMER STAPLES,övesi
CONSUMER STAPLES,ütõ
ENERGY,LOOP
ENERGY,OOP
ENERGY,PLOOP
FINANCIALS,"""Kocka"""
FINANCIALS,-33
FINANCIALS,-Holding
FINANCIALS,-NAGYKER
FINANCIALS,-OBJEKT
FINANCIALS,-Pannónia
FINANCIALS,.sz.
FINANCIALS,1-3
FINANCIALS,1-OBJEKT
FINANCIALS,10.
FINANCIALS,1MER
FINANCIALS,74.
FINANCIALS,A-33
FINANCIALS,AGYKER
FINANCIALS,ATOWICE
FINANCIALS,BJEKT
FINANCIALS,Búza
FINANCIALS,CAM
FINANCIALS,DIMMO
FINANCIALS,DoclerNet
FINANCIALS,EHÉRHÁZ
FINANCIALS,EKT
FINANCIALS,ENT
FINANCIALS,ERCAM
FINANCIALS,ESTMENT
FINANCIALS,FEHÉRHÁZ
FINANCIALS,GYKER
FINANCIALS,Gép
FINANCIALS,Holding
FINANCIALS,HÁZ
FINANCIALS,HÉRHÁZ
FINANCIALS,ICE
FINANCIALS,IKER
FINANCIALS,IMMO
FINANCIALS,INDIMMO
FINANCIALS,IV.sz.
FINANCIALS,Invest
FINANCIALS,JEKT
FINANCIALS,KATOWICE
FINANCIALS,KER
FINANCIALS,Kaméleon
FINANCIALS,"Kocka"""
FINANCIALS,MENT
FINANCIALS,MER
FINANCIALS,MINDIMMO
FINANCIALS,MMO
FINANCIALS,NAGYKER
FINANCIALS,NDIMMO
FINANCIALS,NVESTMENT
FINANCIALS,Napsugár
FINANCIALS,Net
FINANCIALS,OBJEKT
FINANCIALS,OSSZÉL
FINANCIALS,OWICE
FINANCIALS,PR1MER
FINANCIALS,Panel
FINANCIALS,Pannónia
FINANCIALS,Park
FINANCIALS,Proform
FINANCIALS,Pátria
FINANCIALS,Quaestor
FINANCIALS,R1MER
FINANCIALS,RCAM
FINANCIALS,RHÁZ
FINANCIALS,ROSSZÉL
FINANCIALS,SIKER
FINANCIALS,SSZÉL
FINANCIALS,STMENT
FINANCIALS,SZÉL
FINANCIALS,"Sárgaház"""
FINANCIALS,T-NAGYKER
FINANCIALS,T1-OBJEKT
FINANCIALS,TERCAM
FINANCIALS,TMENT
FINANCIALS,TOWICE
FINANCIALS,Társasház
FINANCIALS,V.sz.
FINANCIALS,VESTMENT
FINANCIALS,Vasvári
FINANCIALS,VÁROSSZÉL
FINANCIALS,Várkert
FINANCIALS,VízépGép
FINANCIALS,WICE
FINANCIALS,XIV.sz.
FINANCIALS,YKER
FINANCIALS,ZÉL
FINANCIALS,a-Holding
FINANCIALS,abai
FINANCIALS,aestor
FINANCIALS,agréti
FINANCIALS,"aház"""
FINANCIALS,améleon
FINANCIALS,anel
FINANCIALS,annónia
FINANCIALS,apark
FINANCIALS,apsugár
FINANCIALS,ark
FINANCIALS,arok
FINANCIALS,asház
FINANCIALS,asvári
FINANCIALS,aság
FINANCIALS,azdagréti
FINANCIALS,bai
FINANCIALS,"cka"""
FINANCIALS,clerNet
FINANCIALS,csabai
FINANCIALS,dagréti
FINANCIALS,ding
FINANCIALS,dövezet
FINANCIALS,dövezeti
FINANCIALS,eon
FINANCIALS,erNet
FINANCIALS,ert
FINANCIALS,est
FINANCIALS,estor
FINANCIALS,eti
FINANCIALS,etkezet
FINANCIALS,ezet
FINANCIALS,ezeti
FINANCIALS,form
FINANCIALS,"gaház"""
FINANCIALS,gréti
FINANCIALS,gár
FINANCIALS,ház
FINANCIALS,"ház"""
FINANCIALS,iapark
FINANCIALS,illInvest
FINANCIALS,ing
FINANCIALS,"ka"""
FINANCIALS,kert
FINANCIALS,kezet
FINANCIALS,késcsabai
FINANCIALS,lInvest
FINANCIALS,lding
FINANCIALS,ldövezet
FINANCIALS,ldövezeti
FINANCIALS,leon
FINANCIALS,lerNet
FINANCIALS,llInvest
FINANCIALS,méleon
FINANCIALS,móniapark
FINANCIALS,nel
FINANCIALS,nia
FINANCIALS,niapark
FINANCIALS,nnónia
FINANCIALS,nvest
FINANCIALS,nónia
FINANCIALS,"ocka"""
FINANCIALS,oclerNet
FINANCIALS,oform
FINANCIALS,olding
FINANCIALS,orm
FINANCIALS,pGép
FINANCIALS,park
FINANCIALS,psugár
FINANCIALS,rNet
FINANCIALS,"rgaház"""
FINANCIALS,ria
FINANCIALS,rkert
FINANCIALS,roform
FINANCIALS,rok
FINANCIALS,rsarok
FINANCIALS,rsasház
FINANCIALS,rsaság
FINANCIALS,réti
FINANCIALS,sabai
FINANCIALS,sarok
FINANCIALS,sasház
FINANCIALS,saság
FINANCIALS,scsabai
FINANCIALS,sház
FINANCIALS,stor
FINANCIALS,sugár
FINANCIALS,svári
FINANCIALS,sz.
FINANCIALS,ság
FINANCIALS,tkezet
FINANCIALS,tor
FINANCIALS,tria
FINANCIALS,társarok
FINANCIALS,társaság
FINANCIALS,uaestor
FINANCIALS,ugár
FINANCIALS,utársarok
FINANCIALS,vest
FINANCIALS,vetkezet
FINANCIALS,vezet
FINANCIALS,vezeti
FINANCIALS,vári
FINANCIALS,zdagréti
FINANCIALS,zet
FINANCIALS,zeti
FINANCIALS,ztársaság
FINANCIALS,zépGép
FINANCIALS,ÁROSSZÉL
FINANCIALS,ÉRHÁZ
FINANCIALS,"árgaház"""
FINANCIALS,ári
FINANCIALS,árkert
FINANCIALS,ársarok
FINANCIALS,ársasház
FINANCIALS,ársaság
FINANCIALS,átria
FINANCIALS,"áz"""
FINANCIALS,éleon
FINANCIALS,épGép
FINANCIALS,éscsabai
FINANCIALS,éti
FINANCIALS,ízépGép
FINANCIALS,ónia
FINANCIALS,óniapark
FINANCIALS,öldövezet
FINANCIALS,övetkezet
FINANCIALS,övezet
FINANCIALS,övezeti
FINANCIALS,úza
HEALTH CARE,-PHARMA
HEALTH CARE,ARMA
HEALTH CARE,Goodwill
HEALTH CARE,HARMA
HEALTH CARE,IS-PHARMA
HEALTH CARE,KROMAT
HEALTH CARE,MAM
HEALTH CARE,MAT
HEALTH CARE,Next
HEALTH CARE,OMAT
HEALTH CARE,PHARMA
HEALTH CARE,RMA
HEALTH CARE,ROMAT
HEALTH CARE,S-PHARMA
HEALTH CARE,Swiss
HEALTH CARE,arma
HEALTH CARE,aropharma
HEALTH CARE,dentment
HEALTH CARE,dwill
HEALTH CARE,ent
HEALTH CARE,entment
HEALTH CARE,ext
HEALTH CARE,gyi
HEALTH CARE,"gyi,"
HEALTH CARE,gügyi
HEALTH CARE,"gügyi,"
HEALTH CARE,harma
HEALTH CARE,ill
HEALTH CARE,iss
HEALTH CARE,ment
HEALTH CARE,ndentment
HEALTH CARE,ntment
HEALTH CARE,odwill
HEALTH CARE,oodwill
HEALTH CARE,opharma
HEALTH CARE,pharma
HEALTH CARE,rma
HEALTH CARE,ropharma
HEALTH CARE,szségügyi
HEALTH CARE,ségügyi
HEALTH CARE,"ségügyi,"
HEALTH CARE,tment
HEALTH CARE,will
HEALTH CARE,wiss
HEALTH CARE,"yi,"
HEALTH CARE,zségügyi
HEALTH CARE,"zségügyi,"
HEALTH CARE,égügyi
HEALTH CARE,"égügyi,"
HEALTH CARE,ügyi
HEALTH CARE,"ügyi,"
INDUSTRIALS,-2015
INDUSTRIALS,-CARGO
INDUSTRIALS,-CORD
INDUSTRIALS,-Ceram
INDUSTRIALS,-D1
INDUSTRIALS,-DO
INDUSTRIALS,-For
INDUSTRIALS,-Humán
INDUSTRIALS,-Hungaria
INDUSTRIALS,-Invest
INDUSTRIALS,-LOG
INDUSTRIALS,-Man
INDUSTRIALS,-Napelem
INDUSTRIALS,-Pannonia
INDUSTRIALS,-Port
INDUSTRIALS,-QSP
INDUSTRIALS,-TECHNIC
INDUSTRIALS,-Termelõ
INDUSTRIALS,-VAS
INDUSTRIALS,.GROUP
INDUSTRIALS,015
INDUSTRIALS,2015
INDUSTRIALS,ABACAST
INDUSTRIALS,ACAST
INDUSTRIALS,ACK
INDUSTRIALS,ACOMET
INDUSTRIALS,ADELTA
INDUSTRIALS,AKCENTRUM
INDUSTRIALS,AKERÁMIA
INDUSTRIALS,AKOND
INDUSTRIALS,ALCO
INDUSTRIALS,ALIFORM
INDUSTRIALS,ALIMPEX
INDUSTRIALS,ALMAZ-VAS
INDUSTRIALS,ALOBAU
INDUSTRIALS,ANIELLA
INDUSTRIALS,AQUACOMET
INDUSTRIALS,ARGO
INDUSTRIALS,ARI
INDUSTRIALS,ARO
INDUSTRIALS,AST
INDUSTRIALS,ATEV
INDUSTRIALS,ATLAS
INDUSTRIALS,ATMARI
INDUSTRIALS,ATTACK
INDUSTRIALS,AZ-VAS
INDUSTRIALS,Alterra
INDUSTRIALS,Andritz
INDUSTRIALS,Aqualift
INDUSTRIALS,Auriduna
INDUSTRIALS,B+N
INDUSTRIALS,BACAST
INDUSTRIALS,BALOBAU
INDUSTRIALS,BAU
INDUSTRIALS,BHolding
INDUSTRIALS,BMTI
INDUSTRIALS,BRVZ
INDUSTRIALS,BUSVILL
INDUSTRIALS,BUSZ
INDUSTRIALS,Bankár
INDUSTRIALS,CARGO
INDUSTRIALS,CAST
INDUSTRIALS,CENTRUM
INDUSTRIALS,CHNIC
INDUSTRIALS,COMET
INDUSTRIALS,COOP
INDUSTRIALS,CORD
INDUSTRIALS,CSABACAST
INDUSTRIALS,CTIVE-LOG
INDUSTRIALS,CTRO-CORD
INDUSTRIALS,Centrál
INDUSTRIALS,Ceram
INDUSTRIALS,Construct
INDUSTRIALS,Corwell
INDUSTRIALS,DAL
INDUSTRIALS,DANIELLA
INDUSTRIALS,DELTA
INDUSTRIALS,DING
INDUSTRIALS,DUS
INDUSTRIALS,Direkt
INDUSTRIALS,DoManeo
INDUSTRIALS,Dunai
INDUSTRIALS,DÉLVILL
INDUSTRIALS,DÉLÚT
INDUSTRIALS,E-DO
INDUSTRIALS,E-LOG
INDUSTRIALS,ECHNIC
INDUSTRIALS,EDUS
INDUSTRIALS,EG-QSP
INDUSTRIALS,EGADELTA
INDUSTRIALS,EGEDUS
INDUSTRIALS,EGER
INDUSTRIALS,ELLA
INDUSTRIALS,ELTA
INDUSTRIALS,ENTRUM
INDUSTRIALS,ERALIMPEX
INDUSTRIALS,ERKEZET
INDUSTRIALS,ERPLAST
INDUSTRIALS,ERV
INDUSTRIALS,ERÁMIA
INDUSTRIALS,EST
INDUSTRIALS,ESTFROST
INDUSTRIALS,ESZNER
INDUSTRIALS,EUROSONY
INDUSTRIALS,EVVK-2015
INDUSTRIALS,EXTOR
INDUSTRIALS,EZET
INDUSTRIALS,Ecorgan
INDUSTRIALS,FALCO
INDUSTRIALS,FBHolding
INDUSTRIALS,FITOUT
INDUSTRIALS,FORM
INDUSTRIALS,FOXPOST
INDUSTRIALS,FROST
INDUSTRIALS,Fobutech-
INDUSTRIALS,For
INDUSTRIALS,Fuel
INDUSTRIALS,F¿MTERV
INDUSTRIALS,G-QSP
INDUSTRIALS,GADELTA
INDUSTRIALS,GEDUS
INDUSTRIALS,GER
INDUSTRIALS,GROUP
INDUSTRIALS,GYSEV
INDUSTRIALS,Ganz
INDUSTRIALS,Garancsi
INDUSTRIALS,Grabarics
INDUSTRIALS,HE-DO
INDUSTRIALS,HEGEDUS
INDUSTRIALS,HIDAL
INDUSTRIALS,HK-Ceram
INDUSTRIALS,HNIC
INDUSTRIALS,HOLDING
INDUSTRIALS,Havellant
INDUSTRIALS,Holding
INDUSTRIALS,Home
INDUSTRIALS,Horváth
INDUSTRIALS,Humán
INDUSTRIALS,Hungaria
INDUSTRIALS,Hungary
INDUSTRIALS,Hungária
INDUSTRIALS,Hídépítõ
INDUSTRIALS,IDAL
INDUSTRIALS,IELLA
INDUSTRIALS,IFORM
INDUSTRIALS,ILL
INDUSTRIALS,IMPEX
INDUSTRIALS,ING
INDUSTRIALS,INVEST
INDUSTRIALS,IREG-QSP
INDUSTRIALS,ISOPLUS
INDUSTRIALS,ITOUT
INDUSTRIALS,IVE-LOG
INDUSTRIALS,Illés
INDUSTRIALS,Immerfin
INDUSTRIALS,Industrie
INDUSTRIALS,Interier
INDUSTRIALS,Invest
INDUSTRIALS,JBUSVILL
INDUSTRIALS,JÁRMÛ
INDUSTRIALS,K-2015
INDUSTRIALS,K-Ceram
INDUSTRIALS,KCENTRUM
INDUSTRIALS,KERÁMIA
INDUSTRIALS,KEZET
INDUSTRIALS,KOND
INDUSTRIALS,KONSTRUKT
INDUSTRIALS,Karzol
INDUSTRIALS,Kozgep
INDUSTRIALS,Kész
INDUSTRIALS,LAKERÁMIA
INDUSTRIALS,LAN
INDUSTRIALS,LAS
INDUSTRIALS,LAST
INDUSTRIALS,LCO
INDUSTRIALS,LDING
INDUSTRIALS,LIFORM
INDUSTRIALS,LIMPEX
INDUSTRIALS,LLA
INDUSTRIALS,LMAZ-VAS
INDUSTRIALS,LOBAU
INDUSTRIALS,LOG
INDUSTRIALS,LTA
INDUSTRIALS,LUS
INDUSTRIALS,LVARO
INDUSTRIALS,LVILL
INDUSTRIALS,Lapidibus
INDUSTRIALS,LÁNBUSZ
INDUSTRIALS,LÚT
INDUSTRIALS,MARI
INDUSTRIALS,MAZ-VAS
INDUSTRIALS,MEGADELTA
INDUSTRIALS,MET
INDUSTRIALS,MIA
INDUSTRIALS,MPEX
INDUSTRIALS,MPF
INDUSTRIALS,MTERV
INDUSTRIALS,MTI
INDUSTRIALS,MYLAN
INDUSTRIALS,Mahart
INDUSTRIALS,Man
INDUSTRIALS,Maneo
INDUSTRIALS,Manticor
INDUSTRIALS,Mepet
INDUSTRIALS,Metal-For
INDUSTRIALS,Metaltech
INDUSTRIALS,MÁV
INDUSTRIALS,Mélyépítõ
INDUSTRIALS,N-TECHNIC
INDUSTRIALS,N-Termelõ
INDUSTRIALS,NBUSZ
INDUSTRIALS,NER
INDUSTRIALS,NIC
INDUSTRIALS,NIELLA
INDUSTRIALS,NSTRUKT
INDUSTRIALS,NTRUM
INDUSTRIALS,NVEST
INDUSTRIALS,Nagy
INDUSTRIALS,Napelem
INDUSTRIALS,O-CORD
INDUSTRIALS,OBAU
INDUSTRIALS,OLDING
INDUSTRIALS,OLVARO
INDUSTRIALS,OLÁNBUSZ
INDUSTRIALS,OMET
INDUSTRIALS,OMS
INDUSTRIALS,OND
INDUSTRIALS,ONSTRUKT
INDUSTRIALS,ONY
INDUSTRIALS,OOP
INDUSTRIALS,OPACK
INDUSTRIALS,OPLUS
INDUSTRIALS,ORD
INDUSTRIALS,ORM
INDUSTRIALS,OROSZCOOP
INDUSTRIALS,OSONY
INDUSTRIALS,OST
INDUSTRIALS,OSTA
INDUSTRIALS,OSZCOOP
INDUSTRIALS,OUP
INDUSTRIALS,OUT
INDUSTRIALS,OXPOST
INDUSTRIALS,P-CARGO
INDUSTRIALS,PACK
INDUSTRIALS,PEX
INDUSTRIALS,PLAST
INDUSTRIALS,PLUS
INDUSTRIALS,POST
INDUSTRIALS,POSTA
INDUSTRIALS,PQS
INDUSTRIALS,PRO
INDUSTRIALS,PROPACK
INDUSTRIALS,Pagat
INDUSTRIALS,Pannonia
INDUSTRIALS,Perlit
INDUSTRIALS,Port
INDUSTRIALS,Prebeton
INDUSTRIALS,Prodiák
INDUSTRIALS,QSP
INDUSTRIALS,QUACOMET
INDUSTRIALS,QUALIFORM
INDUSTRIALS,RALIMPEX
INDUSTRIALS,REG-QSP
INDUSTRIALS,RESZNER
INDUSTRIALS,RGO
INDUSTRIALS,RKEZET
INDUSTRIALS,RMÛ
INDUSTRIALS,RO-CORD
INDUSTRIALS,ROPACK
INDUSTRIALS,ROSONY
INDUSTRIALS,ROST
INDUSTRIALS,ROSZCOOP
INDUSTRIALS,ROUP
INDUSTRIALS,RPLAST
INDUSTRIALS,RRE
INDUSTRIALS,RUKT
INDUSTRIALS,RUM
INDUSTRIALS,RVZ
INDUSTRIALS,Rail
INDUSTRIALS,RÁBA
INDUSTRIALS,RÁMIA
INDUSTRIALS,SABACAST
INDUSTRIALS,SEV
INDUSTRIALS,SOLVARO
INDUSTRIALS,SONY
INDUSTRIALS,SOPLUS
INDUSTRIALS,STA
INDUSTRIALS,STERPLAST
INDUSTRIALS,STFROST
INDUSTRIALS,STRUKT
INDUSTRIALS,SVILL
INDUSTRIALS,SZATMARI
INDUSTRIALS,SZCOOP
INDUSTRIALS,SZERKEZET
INDUSTRIALS,SZNER
INDUSTRIALS,Service
INDUSTRIALS,Signum
INDUSTRIALS,Sió-D1
INDUSTRIALS,Solution
INDUSTRIALS,Sonnerus
INDUSTRIALS,Stamon
INDUSTRIALS,Supernova
INDUSTRIALS,Szerviz
INDUSTRIALS,Szilánk
INDUSTRIALS,TACK
INDUSTRIALS,TECHNIC
INDUSTRIALS,TERPLAST
INDUSTRIALS,TERV
INDUSTRIALS,TEV
INDUSTRIALS,TFROST
INDUSTRIALS,TIVE-LOG
INDUSTRIALS,TLAS
INDUSTRIALS,TMARI
INDUSTRIALS,TOR
INDUSTRIALS,TOUT
INDUSTRIALS,TRESZNER
INDUSTRIALS,TRO-CORD
INDUSTRIALS,TRUKT
INDUSTRIALS,TRUM
INDUSTRIALS,TTACK
INDUSTRIALS,Tappe
INDUSTRIALS,Tatarka
INDUSTRIALS,Tecton
INDUSTRIALS,Termelõ
INDUSTRIALS,Thege
INDUSTRIALS,Trioda
INDUSTRIALS,UACOMET
INDUSTRIALS,UALIFORM
INDUSTRIALS,UJBUSVILL
INDUSTRIALS,UKT
INDUSTRIALS,UROSONY
INDUSTRIALS,USVILL
INDUSTRIALS,USZ
INDUSTRIALS,VAKOND
INDUSTRIALS,VARO
INDUSTRIALS,VAS
INDUSTRIALS,VE-LOG
INDUSTRIALS,VEST
INDUSTRIALS,VESTFROST
INDUSTRIALS,VHIDAL
INDUSTRIALS,VILL
INDUSTRIALS,VK-2015
INDUSTRIALS,VOLÁNBUSZ
INDUSTRIALS,VVK-2015
INDUSTRIALS,Vemév
INDUSTRIALS,Venodia
INDUSTRIALS,Vertikál
INDUSTRIALS,Videoton
INDUSTRIALS,WEGER
INDUSTRIALS,WHB
INDUSTRIALS,XPOST
INDUSTRIALS,XTOR
INDUSTRIALS,YLAN
INDUSTRIALS,YSEV
INDUSTRIALS,Z-VAS
INDUSTRIALS,ZATMARI
INDUSTRIALS,ZCOOP
INDUSTRIALS,ZERKEZET
INDUSTRIALS,ZET
INDUSTRIALS,ZNER
INDUSTRIALS,Zrt.
INDUSTRIALS,a-Humán
INDUSTRIALS,abarics
INDUSTRIALS,agat
INDUSTRIALS,agy
INDUSTRIALS,ahart
INDUSTRIALS,ail
INDUSTRIALS,al-For
INDUSTRIALS,ald
INDUSTRIALS,alift
INDUSTRIALS,alkim
INDUSTRIALS,alkozói
INDUSTRIALS,altech
INDUSTRIALS,amon
INDUSTRIALS,amosító
INDUSTRIALS,ancsi
INDUSTRIALS,aneo
INDUSTRIALS,ankezelõ
INDUSTRIALS,ankár
INDUSTRIALS,annonia
INDUSTRIALS,ansalkim
INDUSTRIALS,"anszport"""
INDUSTRIALS,ant
INDUSTRIALS,anticor
INDUSTRIALS,anz
INDUSTRIALS,apelem
INDUSTRIALS,apidibus
INDUSTRIALS,appe
INDUSTRIALS,arancsi
INDUSTRIALS,"ari,"
INDUSTRIALS,aria
INDUSTRIALS,arics
INDUSTRIALS,arka
INDUSTRIALS,arország
INDUSTRIALS,art
INDUSTRIALS,ary
INDUSTRIALS,arzol
INDUSTRIALS,ast
INDUSTRIALS,asútépítõ
INDUSTRIALS,atarka
INDUSTRIALS,ational
INDUSTRIALS,atépítõ
INDUSTRIALS,ató-Man
INDUSTRIALS,aufémszer
INDUSTRIALS,avellant
INDUSTRIALS,barics
INDUSTRIALS,beton
INDUSTRIALS,bim.GROUP
INDUSTRIALS,bus
INDUSTRIALS,butech-
INDUSTRIALS,ch-
INDUSTRIALS,chnika
INDUSTRIALS,cor
INDUSTRIALS,corgan
INDUSTRIALS,csi
INDUSTRIALS,cton
INDUSTRIALS,delmi
INDUSTRIALS,deoton
INDUSTRIALS,dia
INDUSTRIALS,dibus
INDUSTRIALS,ding
INDUSTRIALS,diák
INDUSTRIALS,dritz
INDUSTRIALS,dulhouse
INDUSTRIALS,duna
INDUSTRIALS,dustrie
INDUSTRIALS,dálkodási
INDUSTRIALS,dási
INDUSTRIALS,dépítõ
INDUSTRIALS,dési
INDUSTRIALS,désépítõ
INDUSTRIALS,e-Invest
INDUSTRIALS,eHome
INDUSTRIALS,ebeton
INDUSTRIALS,ech
INDUSTRIALS,ech-
INDUSTRIALS,echnika
INDUSTRIALS,ecton
INDUSTRIALS,edelmi
INDUSTRIALS,edési
INDUSTRIALS,edésépítõ
INDUSTRIALS,ege
INDUSTRIALS,egynyomda
INDUSTRIALS,ekedési
INDUSTRIALS,ekezete
INDUSTRIALS,ekt
INDUSTRIALS,elem
INDUSTRIALS,ell
INDUSTRIALS,ellant
INDUSTRIALS,elmi
INDUSTRIALS,elõ
INDUSTRIALS,emév
INDUSTRIALS,enodia
INDUSTRIALS,entrál
INDUSTRIALS,eoton
INDUSTRIALS,epet
INDUSTRIALS,eram
INDUSTRIALS,erfin
INDUSTRIALS,erier
INDUSTRIALS,erlit
INDUSTRIALS,ermelõ
INDUSTRIALS,ernova
INDUSTRIALS,erplast
INDUSTRIALS,erra
INDUSTRIALS,erties
INDUSTRIALS,ertikál
INDUSTRIALS,ertop
INDUSTRIALS,erus
INDUSTRIALS,ervice
INDUSTRIALS,erviz
INDUSTRIALS,erwald
INDUSTRIALS,eskedelmi
INDUSTRIALS,est
INDUSTRIALS,esterwald
INDUSTRIALS,etal-For
INDUSTRIALS,etaltech
INDUSTRIALS,ete
INDUSTRIALS,etkezet
INDUSTRIALS,eton
INDUSTRIALS,etvédelmi
INDUSTRIALS,etépítõ
INDUSTRIALS,ezelõ
INDUSTRIALS,ezet
INDUSTRIALS,ezete
INDUSTRIALS,ezetépítõ
INDUSTRIALS,fin
INDUSTRIALS,fémszer
INDUSTRIALS,gan
INDUSTRIALS,garia
INDUSTRIALS,gary
INDUSTRIALS,gat
INDUSTRIALS,ge-Invest
INDUSTRIALS,gep
INDUSTRIALS,gisztikai
INDUSTRIALS,gitteHome
INDUSTRIALS,gnum
INDUSTRIALS,gtechnika
INDUSTRIALS,gynyomda
INDUSTRIALS,gária
INDUSTRIALS,hart
INDUSTRIALS,hege
INDUSTRIALS,hnika
INDUSTRIALS,hony-Port
INDUSTRIALS,house
INDUSTRIALS,ibus
INDUSTRIALS,ice
INDUSTRIALS,icor
INDUSTRIALS,ics
INDUSTRIALS,ideoton
INDUSTRIALS,idibus
INDUSTRIALS,iduna
INDUSTRIALS,ier
INDUSTRIALS,ies
INDUSTRIALS,ift
INDUSTRIALS,ignum
INDUSTRIALS,ika
INDUSTRIALS,ikai
INDUSTRIALS,ikál
INDUSTRIALS,ilánk
INDUSTRIALS,im.GROUP
INDUSTRIALS,ing
INDUSTRIALS,intertop
INDUSTRIALS,ioda
INDUSTRIALS,ion
INDUSTRIALS,ional
INDUSTRIALS,"ipari,"
INDUSTRIALS,irekt
INDUSTRIALS,isztikai
INDUSTRIALS,itteHome
INDUSTRIALS,itz
INDUSTRIALS,iák
INDUSTRIALS,ió-D1
INDUSTRIALS,kai
INDUSTRIALS,kedelmi
INDUSTRIALS,kedési
INDUSTRIALS,kezelõ
INDUSTRIALS,kezet
INDUSTRIALS,kezete
INDUSTRIALS,kim
INDUSTRIALS,kodási
INDUSTRIALS,kozói
INDUSTRIALS,ktõzsde
INDUSTRIALS,kál
INDUSTRIALS,kár
INDUSTRIALS,l-For
INDUSTRIALS,lalkozói
INDUSTRIALS,lamosító
INDUSTRIALS,lankezelõ
INDUSTRIALS,lant
INDUSTRIALS,last
INDUSTRIALS,lató-Man
INDUSTRIALS,lding
INDUSTRIALS,lekedési
INDUSTRIALS,lekezete
INDUSTRIALS,lem
INDUSTRIALS,lhouse
INDUSTRIALS,lift
INDUSTRIALS,lit
INDUSTRIALS,lkim
INDUSTRIALS,lkodási
INDUSTRIALS,lkozói
INDUSTRIALS,llalkozói
INDUSTRIALS,llamosító
INDUSTRIALS,llant
INDUSTRIALS,llés
INDUSTRIALS,llítási
INDUSTRIALS,lmi
INDUSTRIALS,ltech
INDUSTRIALS,lterra
INDUSTRIALS,lution
INDUSTRIALS,lyépítõ
INDUSTRIALS,lánk
INDUSTRIALS,lés
INDUSTRIALS,lítási
INDUSTRIALS,m.GROUP
INDUSTRIALS,mda
INDUSTRIALS,melõ
INDUSTRIALS,merfin
INDUSTRIALS,mmerfin
INDUSTRIALS,mon
INDUSTRIALS,"mosipari,"
INDUSTRIALS,mosító
INDUSTRIALS,mszer
INDUSTRIALS,mtechnika
INDUSTRIALS,mán
INDUSTRIALS,mév
INDUSTRIALS,na-Humán
INDUSTRIALS,nai
INDUSTRIALS,nal
INDUSTRIALS,national
INDUSTRIALS,ncsi
INDUSTRIALS,ndritz
INDUSTRIALS,ndustrie
INDUSTRIALS,neo
INDUSTRIALS,nerus
INDUSTRIALS,ngaria
INDUSTRIALS,ngary
INDUSTRIALS,ngária
INDUSTRIALS,nia
INDUSTRIALS,nika
INDUSTRIALS,nkezelõ
INDUSTRIALS,nkár
INDUSTRIALS,nnerus
INDUSTRIALS,nnonia
INDUSTRIALS,nodia
INDUSTRIALS,nonia
INDUSTRIALS,nova
INDUSTRIALS,nsalkim
INDUSTRIALS,nstruct
INDUSTRIALS,"nszport"""
INDUSTRIALS,nterier
INDUSTRIALS,ntertop
INDUSTRIALS,nticor
INDUSTRIALS,ntrál
INDUSTRIALS,num
INDUSTRIALS,nvest
INDUSTRIALS,ny-Port
INDUSTRIALS,nyomda
INDUSTRIALS,oInterier
INDUSTRIALS,oManeo
INDUSTRIALS,obutech-
INDUSTRIALS,oda
INDUSTRIALS,odia
INDUSTRIALS,odiák
INDUSTRIALS,odulhouse
INDUSTRIALS,odási
INDUSTRIALS,olding
INDUSTRIALS,olution
INDUSTRIALS,omda
INDUSTRIALS,ome
INDUSTRIALS,onal
INDUSTRIALS,onia
INDUSTRIALS,onnerus
INDUSTRIALS,onstruct
INDUSTRIALS,ony-Port
INDUSTRIALS,operties
INDUSTRIALS,organ
INDUSTRIALS,ország
INDUSTRIALS,ort
INDUSTRIALS,"ort"""
INDUSTRIALS,orváth
INDUSTRIALS,orwell
INDUSTRIALS,"osipari,"
INDUSTRIALS,osító
INDUSTRIALS,oton
INDUSTRIALS,ouse
INDUSTRIALS,ova
INDUSTRIALS,ozgep
INDUSTRIALS,ozói
INDUSTRIALS,"pari,"
INDUSTRIALS,pelem
INDUSTRIALS,pernova
INDUSTRIALS,perties
INDUSTRIALS,pet
INDUSTRIALS,pidibus
INDUSTRIALS,plast
INDUSTRIALS,"port"""
INDUSTRIALS,ppe
INDUSTRIALS,pítõ
INDUSTRIALS,qualift
INDUSTRIALS,r-Napelem
INDUSTRIALS,rabarics
INDUSTRIALS,ram
INDUSTRIALS,rancsi
INDUSTRIALS,ransalkim
INDUSTRIALS,rebeton
INDUSTRIALS,rekt
INDUSTRIALS,rfin
INDUSTRIALS,rgan
INDUSTRIALS,"ri,"
INDUSTRIALS,ria
INDUSTRIALS,rics
INDUSTRIALS,riduna
INDUSTRIALS,rie
INDUSTRIALS,rier
INDUSTRIALS,rioda
INDUSTRIALS,ritz
INDUSTRIALS,rka
INDUSTRIALS,rlit
INDUSTRIALS,rmelõ
INDUSTRIALS,rnational
INDUSTRIALS,rnova
INDUSTRIALS,rodiák
INDUSTRIALS,roperties
INDUSTRIALS,rország
INDUSTRIALS,rplast
INDUSTRIALS,rra
INDUSTRIALS,rszág
INDUSTRIALS,"rt"""
INDUSTRIALS,rt.
INDUSTRIALS,rties
INDUSTRIALS,rtikál
INDUSTRIALS,rtop
INDUSTRIALS,ruct
INDUSTRIALS,rus
INDUSTRIALS,rvice
INDUSTRIALS,rviz
INDUSTRIALS,rváth
INDUSTRIALS,rwald
INDUSTRIALS,rwell
INDUSTRIALS,rzol
INDUSTRIALS,rál
INDUSTRIALS,salkim
INDUSTRIALS,sde
INDUSTRIALS,sintertop
INDUSTRIALS,"sipari,"
INDUSTRIALS,skedelmi
INDUSTRIALS,sterplast
INDUSTRIALS,sterwald
INDUSTRIALS,strie
INDUSTRIALS,struct
INDUSTRIALS,szer
INDUSTRIALS,"szport"""
INDUSTRIALS,sztikai
INDUSTRIALS,szág
INDUSTRIALS,sépítõ
INDUSTRIALS,sító
INDUSTRIALS,sútépítõ
INDUSTRIALS,tal-For
INDUSTRIALS,taltech
INDUSTRIALS,tamon
INDUSTRIALS,tarka
INDUSTRIALS,teHome
INDUSTRIALS,tech
INDUSTRIALS,tech-
INDUSTRIALS,technika
INDUSTRIALS,terier
INDUSTRIALS,terplast
INDUSTRIALS,terra
INDUSTRIALS,tertop
INDUSTRIALS,terwald
INDUSTRIALS,ticor
INDUSTRIALS,ties
INDUSTRIALS,tikai
INDUSTRIALS,tikál
INDUSTRIALS,tion
INDUSTRIALS,tional
INDUSTRIALS,tkezet
INDUSTRIALS,tlató-Man
INDUSTRIALS,ton
INDUSTRIALS,top
INDUSTRIALS,trie
INDUSTRIALS,truct
INDUSTRIALS,trál
INDUSTRIALS,tteHome
INDUSTRIALS,tvédelmi
INDUSTRIALS,tási
INDUSTRIALS,téktõzsde
INDUSTRIALS,tépítõ
INDUSTRIALS,tó-Man
INDUSTRIALS,tõzsde
INDUSTRIALS,ualift
INDUSTRIALS,uct
INDUSTRIALS,uel
INDUSTRIALS,ufémszer
INDUSTRIALS,ulhouse
INDUSTRIALS,umán
INDUSTRIALS,una
INDUSTRIALS,una-Humán
INDUSTRIALS,unai
INDUSTRIALS,ungaria
INDUSTRIALS,ungary
INDUSTRIALS,ungária
INDUSTRIALS,upernova
INDUSTRIALS,uriduna
INDUSTRIALS,use
INDUSTRIALS,ustrie
INDUSTRIALS,utech-
INDUSTRIALS,ution
INDUSTRIALS,vellant
INDUSTRIALS,vest
INDUSTRIALS,vetkezet
INDUSTRIALS,vice
INDUSTRIALS,viz
INDUSTRIALS,váth
INDUSTRIALS,védelmi
INDUSTRIALS,wald
INDUSTRIALS,well
INDUSTRIALS,y-Port
INDUSTRIALS,yarország
INDUSTRIALS,ynyomda
INDUSTRIALS,yomda
INDUSTRIALS,yépítõ
INDUSTRIALS,zatépítõ
INDUSTRIALS,zelõ
INDUSTRIALS,zer
INDUSTRIALS,zerviz
INDUSTRIALS,zet
INDUSTRIALS,zete
INDUSTRIALS,zetépítõ
INDUSTRIALS,zgep
INDUSTRIALS,zilánk
INDUSTRIALS,zlekedési
INDUSTRIALS,zol
INDUSTRIALS,"zport"""
INDUSTRIALS,zsde
INDUSTRIALS,ztikai
INDUSTRIALS,zág
INDUSTRIALS,zállítási
INDUSTRIALS,zói
INDUSTRIALS,¿MTERV
INDUSTRIALS,ÁBA
INDUSTRIALS,ÁMIA
INDUSTRIALS,ÁNBUSZ
INDUSTRIALS,ÁRMÛ
INDUSTRIALS,ÉLVILL
INDUSTRIALS,ÉLÚT
INDUSTRIALS,ÉP-CARGO
INDUSTRIALS,Építõ
INDUSTRIALS,álkodási
INDUSTRIALS,állítási
INDUSTRIALS,ánk
INDUSTRIALS,ária
INDUSTRIALS,ási
INDUSTRIALS,áth
INDUSTRIALS,édelmi
INDUSTRIALS,éktõzsde
INDUSTRIALS,élyépítõ
INDUSTRIALS,émszer
INDUSTRIALS,építõ
INDUSTRIALS,ési
INDUSTRIALS,ész
INDUSTRIALS,ésépítõ
INDUSTRIALS,ídépítõ
INDUSTRIALS,ítási
INDUSTRIALS,ító
INDUSTRIALS,ítõ
INDUSTRIALS,ó-D1
INDUSTRIALS,ó-Man
INDUSTRIALS,ózatépítõ
INDUSTRIALS,õzsde
INDUSTRIALS,övetkezet
INDUSTRIALS,útépítõ
INDUSTRIALS,ülekezete
INFORMATION TECHNOLOGY,-Computer
INFORMATION TECHNOLOGY,Computer
INFORMATION TECHNOLOGY,Decad
INFORMATION TECHNOLOGY,DuoDecad
INFORMATION TECHNOLOGY,IONS
INFORMATION TECHNOLOGY,ITStream
INFORMATION TECHNOLOGY,Idata
INFORMATION TECHNOLOGY,LUTIONS
INFORMATION TECHNOLOGY,Licenses
INFORMATION TECHNOLOGY,OLUTIONS
INFORMATION TECHNOLOGY,ONS
INFORMATION TECHNOLOGY,SOLUTIONS
INFORMATION TECHNOLOGY,Shapr3d
INFORMATION TECHNOLOGY,Stream
INFORMATION TECHNOLOGY,Synergon
INFORMATION TECHNOLOGY,TIONS
INFORMATION TECHNOLOGY,TStream
INFORMATION TECHNOLOGY,UTIONS
INFORMATION TECHNOLOGY,apr3d
INFORMATION TECHNOLOGY,ata
INFORMATION TECHNOLOGY,cad
INFORMATION TECHNOLOGY,censes
INFORMATION TECHNOLOGY,dLicenses
INFORMATION TECHNOLOGY,data
INFORMATION TECHNOLOGY,eam
INFORMATION TECHNOLOGY,ecad
INFORMATION TECHNOLOGY,enses
INFORMATION TECHNOLOGY,ergon
INFORMATION TECHNOLOGY,gon
INFORMATION TECHNOLOGY,hapr3d
INFORMATION TECHNOLOGY,icenses
INFORMATION TECHNOLOGY,mputer
INFORMATION TECHNOLOGY,nergon
INFORMATION TECHNOLOGY,nses
INFORMATION TECHNOLOGY,oDecad
INFORMATION TECHNOLOGY,omputer
INFORMATION TECHNOLOGY,pr3d
INFORMATION TECHNOLOGY,puter
INFORMATION TECHNOLOGY,r3d
INFORMATION TECHNOLOGY,ream
INFORMATION TECHNOLOGY,rgon
INFORMATION TECHNOLOGY,ses
INFORMATION TECHNOLOGY,ter
INFORMATION TECHNOLOGY,tream
INFORMATION TECHNOLOGY,uoDecad
INFORMATION TECHNOLOGY,uter
INFORMATION TECHNOLOGY,ynergon
MATERIALS,-2000
MATERIALS,-ALTUS
MATERIALS,-ARMCORP
MATERIALS,-Beton
MATERIALS,"-Centrum"""
MATERIALS,-FlexiLog
MATERIALS,-LOGISTIK
MATERIALS,-Morvai
MATERIALS,-Pack
MATERIALS,-Papir
MATERIALS,-Select
MATERIALS,000
MATERIALS,2000
MATERIALS,AFIX
MATERIALS,ALTUS
MATERIALS,ARMCORP
MATERIALS,Agroker
MATERIALS,BIGE
MATERIALS,BIOMED
MATERIALS,Beton
MATERIALS,CONTERRA
MATERIALS,CORP
MATERIALS,Cement
MATERIALS,"Centrum"""
MATERIALS,Chem
MATERIALS,DUNÁNTUL
MATERIALS,Dunaferr
MATERIALS,ENCE
MATERIALS,ERRA
MATERIALS,ESENCE
MATERIALS,FIX
MATERIALS,FlexiLog
MATERIALS,GISTIK
MATERIALS,GYAFIX
MATERIALS,I-ARMCORP
MATERIALS,IGE
MATERIALS,IM-ALTUS
MATERIALS,IOMED
MATERIALS,ISTIK
MATERIALS,KOZÁK
MATERIALS,LESENCE
MATERIALS,LNOK
MATERIALS,LOGISTIK
MATERIALS,LTUS
MATERIALS,Log
MATERIALS,M-ALTUS
MATERIALS,MCORP
MATERIALS,MED
MATERIALS,Molnar
MATERIALS,Morvai
MATERIALS,NCE
MATERIALS,NOK
MATERIALS,NTERRA
MATERIALS,NTUL
MATERIALS,NÁNTUL
MATERIALS,OGISTIK
MATERIALS,OLNOK
MATERIALS,OMED
MATERIALS,ONTERRA
MATERIALS,ORP
MATERIALS,OZÁK
MATERIALS,Pack
MATERIALS,Papir
MATERIALS,Pikopack
MATERIALS,RMCORP
MATERIALS,RRA
MATERIALS,SENCE
MATERIALS,STIK
MATERIALS,SZOLNOK
MATERIALS,Select
MATERIALS,Sped-Pack
MATERIALS,TERRA
MATERIALS,TIK
MATERIALS,TIM-ALTUS
MATERIALS,TUL
MATERIALS,TUS
MATERIALS,UNÁNTUL
MATERIALS,YAFIX
MATERIALS,ZOLNOK
MATERIALS,ZÁK
MATERIALS,a-Beton
MATERIALS,a-Papir
MATERIALS,ack
MATERIALS,aferr
MATERIALS,akonyerdo
MATERIALS,an-Morvai
MATERIALS,apir
MATERIALS,azdálkodó
MATERIALS,d-Pack
MATERIALS,dChem
MATERIALS,da-Papir
MATERIALS,dálkodó
MATERIALS,ect
MATERIALS,ed-Pack
MATERIALS,elect
MATERIALS,ement
MATERIALS,ent
MATERIALS,"entrum"""
MATERIALS,erdo
MATERIALS,err
MATERIALS,estris
MATERIALS,eton
MATERIALS,ettgyár
MATERIALS,exiLog
MATERIALS,ferr
MATERIALS,fémöntöde
MATERIALS,groker
MATERIALS,gyár
MATERIALS,hem
MATERIALS,iLog
MATERIALS,ikettgyár
MATERIALS,ikopack
MATERIALS,ilvestris
MATERIALS,isspumpa
MATERIALS,jda-Papir
MATERIALS,ka-Beton
MATERIALS,ker
MATERIALS,kettgyár
MATERIALS,kodó
MATERIALS,konyerdo
MATERIALS,kopack
MATERIALS,lect
MATERIALS,lexiLog
MATERIALS,lkodó
MATERIALS,lnar
MATERIALS,lvestris
MATERIALS,ment
MATERIALS,mpa
MATERIALS,mt-Select
MATERIALS,möntöde
MATERIALS,n-Morvai
MATERIALS,naferr
MATERIALS,nar
MATERIALS,"ntrum"""
MATERIALS,ntöde
MATERIALS,nyerdo
MATERIALS,odChem
MATERIALS,odó
MATERIALS,oker
MATERIALS,olnar
MATERIALS,onyerdo
MATERIALS,opack
MATERIALS,orsodChem
MATERIALS,orvai
MATERIALS,pack
MATERIALS,ped-Pack
MATERIALS,pir
MATERIALS,pumpa
MATERIALS,rdo
MATERIALS,ris
MATERIALS,risspumpa
MATERIALS,roker
MATERIALS,rsodChem
MATERIALS,rtó-2000
MATERIALS,"rum"""
MATERIALS,rvai
MATERIALS,ska-Beton
MATERIALS,sodChem
MATERIALS,spumpa
MATERIALS,sspumpa
MATERIALS,stris
MATERIALS,t-Select
MATERIALS,tgyár
MATERIALS,ton
MATERIALS,tris
MATERIALS,"trum"""
MATERIALS,ttgyár
MATERIALS,tó-2000
MATERIALS,töde
MATERIALS,"um"""
MATERIALS,umpa
MATERIALS,unaferr
MATERIALS,vai
MATERIALS,vestris
MATERIALS,xiLog
MATERIALS,yerdo
MATERIALS,yár
MATERIALS,zdálkodó
MATERIALS,ÁNTUL
MATERIALS,álkodó
MATERIALS,ártó-2000
MATERIALS,émöntöde
MATERIALS,ó-2000
MATERIALS,öde
MATERIALS,öntöde
NOT RELEVANT,"""JANELLA"""
NOT RELEVANT,"""KFT"
NOT RELEVANT,"""SZERVÍZ"""
NOT RELEVANT,"""THG"""
NOT RELEVANT,&ME
NOT RELEVANT,'DE
NOT RELEVANT,'aucy
NOT RELEVANT,"-2000""KFT"
NOT RELEVANT,-2001
NOT RELEVANT,-2004
NOT RELEVANT,-92
NOT RELEVANT,-94
NOT RELEVANT,-BOY
NOT RELEVANT,-COPY
NOT RELEVANT,-Car
NOT RELEVANT,-Csir
NOT RELEVANT,-Drink
NOT RELEVANT,"-FINN"""
NOT RELEVANT,-GEP
NOT RELEVANT,-GÉP
NOT RELEVANT,-HA-VA-NA
NOT RELEVANT,-HUS
NOT RELEVANT,-Holding
NOT RELEVANT,-Hungaria
NOT RELEVANT,-HÁZ
NOT RELEVANT,-Ital
NOT RELEVANT,-JUH
NOT RELEVANT,-KER
NOT RELEVANT,-KO-N
NOT RELEVANT,-KONDOR
NOT RELEVANT,-Kardos
NOT RELEVANT,-MAX
NOT RELEVANT,-METALL
NOT RELEVANT,-NA
NOT RELEVANT,-Nagy
NOT RELEVANT,-Optika
NOT RELEVANT,-PETROL
NOT RELEVANT,-PLUS
NOT RELEVANT,-Plusz
NOT RELEVANT,-Prima
NOT RELEVANT,-RAIL
NOT RELEVANT,-Racing
NOT RELEVANT,-RÉT
NOT RELEVANT,-SEED
NOT RELEVANT,-SORGHUM
NOT RELEVANT,-SPED
NOT RELEVANT,-SZIGET
NOT RELEVANT,-Spedit
NOT RELEVANT,-Sun-Car
NOT RELEVANT,-TEAM
NOT RELEVANT,-TES
NOT RELEVANT,-THESZ
NOT RELEVANT,-Trade
NOT RELEVANT,-Trans
NOT RELEVANT,-Tár
NOT RELEVANT,"-V"""
NOT RELEVANT,-VA-NA
NOT RELEVANT,-VÖLGYE
NOT RELEVANT,-Wamsler
NOT RELEVANT,-ÉPITÕ
NOT RELEVANT,.HU
NOT RELEVANT,.ZRT.
NOT RELEVANT,"0""KFT"
NOT RELEVANT,"00""KFT"
NOT RELEVANT,"000""KFT"
NOT RELEVANT,001
NOT RELEVANT,004
NOT RELEVANT,1-Holding
NOT RELEVANT,"2000""KFT"
NOT RELEVANT,2001
NOT RELEVANT,2004
NOT RELEVANT,5-KER
NOT RELEVANT,A-BOY
NOT RELEVANT,A-HUS
NOT RELEVANT,A-METALL
NOT RELEVANT,A-NA
NOT RELEVANT,A-VA-NA
NOT RELEVANT,ABA
NOT RELEVANT,ABALÁS
NOT RELEVANT,ABLAK
NOT RELEVANT,ACK
NOT RELEVANT,ACS-GEP
NOT RELEVANT,ADDITÍV
NOT RELEVANT,ADOR
NOT RELEVANT,AFT
NOT RELEVANT,AGAI-2001
NOT RELEVANT,AGRO
NOT RELEVANT,AGROFEMA
NOT RELEVANT,AGROSZ
NOT RELEVANT,AI-2001
NOT RELEVANT,AIL
NOT RELEVANT,AJDA
NOT RELEVANT,AJTOS
NOT RELEVANT,AKAB
NOT RELEVANT,AKANO
NOT RELEVANT,AKEIT
NOT RELEVANT,ALKOZÁSI
NOT RELEVANT,ALL
NOT RELEVANT,ALLKER-2
NOT RELEVANT,ALOTA
NOT RELEVANT,ALPLUS
NOT RELEVANT,ALSERVICE
NOT RELEVANT,ALU
NOT RELEVANT,ALUSZTRÁD
NOT RELEVANT,ALY
NOT RELEVANT,ALÁS
NOT RELEVANT,AMEL
NOT RELEVANT,AMUTI
NOT RELEVANT,AMÁS
NOT RELEVANT,AMÛ
NOT RELEVANT,AN-92
NOT RELEVANT,ANADDITÍV
NOT RELEVANT,"ANELLA"""
NOT RELEVANT,ANGRO
NOT RELEVANT,ANGYA-BOY
NOT RELEVANT,ANGÁS-RÉT
NOT RELEVANT,ANO
NOT RELEVANT,ANSAS
NOT RELEVANT,"ANSZ""KFT"
NOT RELEVANT,ANTA
NOT RELEVANT,ANYI
NOT RELEVANT,APART
NOT RELEVANT,APRESS
NOT RELEVANT,APRINT
NOT RELEVANT,AR-TES
NOT RELEVANT,ARBALY
NOT RELEVANT,ARFÉM
NOT RELEVANT,ARGA
NOT RELEVANT,ARM
NOT RELEVANT,ARNEX
NOT RELEVANT,ART
NOT RELEVANT,ART-TEAM
NOT RELEVANT,ARTONPACK
NOT RELEVANT,ARÁZDA
NOT RELEVANT,ASPED
NOT RELEVANT,ATOMIX
NOT RELEVANT,ATONA
NOT RELEVANT,ATORNAMÛ
NOT RELEVANT,ATÉSZ
NOT RELEVANT,AUER
NOT RELEVANT,AUTO
NOT RELEVANT,AVÖLGYI
NOT RELEVANT,Abai
NOT RELEVANT,Agrocsúcs
NOT RELEVANT,Agrogyán
NOT RELEVANT,Almássy
NOT RELEVANT,Ambrus
NOT RELEVANT,Andrasek
NOT RELEVANT,András
NOT RELEVANT,Anna
NOT RELEVANT,Antal
NOT RELEVANT,Asztalos
NOT RELEVANT,Attila
NOT RELEVANT,B-Racing
NOT RELEVANT,BALY
NOT RELEVANT,BALÁS
NOT RELEVANT,BARÁZDA
NOT RELEVANT,BAU
NOT RELEVANT,BAUER
NOT RELEVANT,BEST-JUH
NOT RELEVANT,BIZTOSÍTÓ
NOT RELEVANT,BLAK
NOT RELEVANT,BLI
NOT RELEVANT,BONÖV
NOT RELEVANT,BOR
NOT RELEVANT,BOY
NOT RELEVANT,BTS
NOT RELEVANT,Ballai
NOT RELEVANT,Balázs
NOT RELEVANT,Bara
NOT RELEVANT,Barcsák
NOT RELEVANT,Barnabás
NOT RELEVANT,Barta
NOT RELEVANT,Bartek
NOT RELEVANT,Barát
NOT RELEVANT,Baróti
NOT RELEVANT,Bauer
NOT RELEVANT,Baumhakl
NOT RELEVANT,Becságh
NOT RELEVANT,Bellai
NOT RELEVANT,Bencsik
NOT RELEVANT,Benczédi
NOT RELEVANT,Beruházás
NOT RELEVANT,Bihari
NOT RELEVANT,Biliczki
NOT RELEVANT,Bilits
NOT RELEVANT,Biró
NOT RELEVANT,Bischof
NOT RELEVANT,Bocskai
NOT RELEVANT,Bodnár
NOT RELEVANT,Bokrossy
NOT RELEVANT,Boldizsár
NOT RELEVANT,Bolf
NOT RELEVANT,Bora-Ital
NOT RELEVANT,Borda
NOT RELEVANT,Brózik
NOT RELEVANT,Bugár
NOT RELEVANT,Bulátkó
NOT RELEVANT,Buzsik
NOT RELEVANT,Buzási
NOT RELEVANT,BÕR'DE
NOT RELEVANT,Bálint
NOT RELEVANT,Bányai
NOT RELEVANT,Bárkányi
NOT RELEVANT,Béla
NOT RELEVANT,Béres
NOT RELEVANT,Bíró
NOT RELEVANT,Bódis
NOT RELEVANT,Börcsök
NOT RELEVANT,Bútorgyár
NOT RELEVANT,CARNEX
NOT RELEVANT,CHNIKA
NOT RELEVANT,CLUZIV
NOT RELEVANT,COM
NOT RELEVANT,COOP
NOT RELEVANT,COPY
NOT RELEVANT,CORT
NOT RELEVANT,CS-GEP
NOT RELEVANT,CSABA
NOT RELEVANT,CSEC
NOT RELEVANT,CSILLA
NOT RELEVANT,CSIS
NOT RELEVANT,Car
NOT RELEVANT,Cerbona
NOT RELEVANT,Csaba
NOT RELEVANT,Csalava
NOT RELEVANT,Csapody
NOT RELEVANT,Csapó
NOT RELEVANT,Csilla
NOT RELEVANT,Csir
NOT RELEVANT,Csányi
NOT RELEVANT,Csíkos
NOT RELEVANT,Cuppon
NOT RELEVANT,Czakó
NOT RELEVANT,Czeglédi
NOT RELEVANT,Czinege
NOT RELEVANT,Czirbus
NOT RELEVANT,D-RAIL
NOT RELEVANT,D.ZRT.
NOT RELEVANT,DDITÍV
NOT RELEVANT,DELMI
NOT RELEVANT,DEO-MAX
NOT RELEVANT,DES
NOT RELEVANT,DINADOR
NOT RELEVANT,DITÍV
NOT RELEVANT,DOCSEC
NOT RELEVANT,DOR
NOT RELEVANT,DORF
NOT RELEVANT,DORNÉ
NOT RELEVANT,DSZER
NOT RELEVANT,Dajkó
NOT RELEVANT,Dercsényi
NOT RELEVANT,Dezsõ
NOT RELEVANT,Diószegi
NOT RELEVANT,Diótörés
NOT RELEVANT,Domján
NOT RELEVANT,Domonkos
NOT RELEVANT,Domínium
NOT RELEVANT,Dorgai
NOT RELEVANT,Drink
NOT RELEVANT,Dudás
NOT RELEVANT,DÁNIEL
NOT RELEVANT,DÁS
NOT RELEVANT,Dárdai
NOT RELEVANT,Dóra
NOT RELEVANT,EAM
NOT RELEVANT,ECHNIKA
NOT RELEVANT,ED-RAIL
NOT RELEVANT,EDELMI
NOT RELEVANT,EED
NOT RELEVANT,EGAPRINT
NOT RELEVANT,EGGYFARM
NOT RELEVANT,EGO-PLUS
NOT RELEVANT,EHAB
NOT RELEVANT,EHG
NOT RELEVANT,EHÉRÉP
NOT RELEVANT,EIERSDORF
NOT RELEVANT,EIT
NOT RELEVANT,EKTRO
NOT RELEVANT,EL&ME
NOT RELEVANT,ELEKTRO
NOT RELEVANT,"ELLA"""
NOT RELEVANT,ELMI
NOT RELEVANT,ELÕ
NOT RELEVANT,EMA
NOT RELEVANT,EMSZERVIZ
NOT RELEVANT,ENDSZER
NOT RELEVANT,ENDÁS
NOT RELEVANT,ENTESBAU
NOT RELEVANT,EO-MAX
NOT RELEVANT,"ER"""
NOT RELEVANT,ER-2
NOT RELEVANT,ER-COPY
NOT RELEVANT,ER-SPED
NOT RELEVANT,ERCOOP
NOT RELEVANT,ERENDÁS
NOT RELEVANT,ERG
NOT RELEVANT,ERMALPLUS
NOT RELEVANT,ERMES
NOT RELEVANT,ERMESZTÕ
NOT RELEVANT,ERO.HU
NOT RELEVANT,ERPROCOM
NOT RELEVANT,ERSDORF
NOT RELEVANT,"ERTON-V"""
NOT RELEVANT,ERVICE
NOT RELEVANT,ERVIZ
NOT RELEVANT,"ERVÍZ"""
NOT RELEVANT,ESBAU
NOT RELEVANT,ESCORT
NOT RELEVANT,ESKEDELMI
NOT RELEVANT,ESS
NOT RELEVANT,EST
NOT RELEVANT,EST-JUH
NOT RELEVANT,ESTI-SEED
NOT RELEVANT,ESZ
NOT RELEVANT,ESZTÕ
NOT RELEVANT,ETALL
NOT RELEVANT,ETH
NOT RELEVANT,ETKEZET
NOT RELEVANT,ETO-ÉPITÕ
NOT RELEVANT,ETROL
NOT RELEVANT,ETWORK
NOT RELEVANT,ETÉKÉPÍTÕ
NOT RELEVANT,EVÕK
NOT RELEVANT,EXCLUZIV
NOT RELEVANT,EYA
NOT RELEVANT,EZELÕ
NOT RELEVANT,EZET
NOT RELEVANT,Ecsédi
NOT RELEVANT,Endre
NOT RELEVANT,Enikõ
NOT RELEVANT,Enyedi
NOT RELEVANT,Erdei
NOT RELEVANT,Erika
NOT RELEVANT,Erzsébet
NOT RELEVANT,Explant
NOT RELEVANT,FAGRO
NOT RELEVANT,FARM
NOT RELEVANT,FEHÉRÉP
NOT RELEVANT,FEMA
NOT RELEVANT,"FER"""
NOT RELEVANT,"FINN"""
NOT RELEVANT,FLÓRA
NOT RELEVANT,FREYA
NOT RELEVANT,FT.
NOT RELEVANT,Faragó
NOT RELEVANT,Feleki
NOT RELEVANT,Felfalusi
NOT RELEVANT,Fenntartó
NOT RELEVANT,Ferenc
NOT RELEVANT,Ferencné
NOT RELEVANT,Fetter
NOT RELEVANT,Feuer
NOT RELEVANT,Forrai
NOT RELEVANT,Frank
NOT RELEVANT,Frankó
NOT RELEVANT,Frühauf
NOT RELEVANT,Fuzik
NOT RELEVANT,FÉM
NOT RELEVANT,FÉSZ
NOT RELEVANT,FÖLDES
NOT RELEVANT,Fábián
NOT RELEVANT,Fügedi
NOT RELEVANT,Füzi
NOT RELEVANT,GA-METALL
NOT RELEVANT,GAI-2001
NOT RELEVANT,GAPRINT
NOT RELEVANT,GEP
NOT RELEVANT,GERENDÁS
NOT RELEVANT,GET
NOT RELEVANT,GETWORK
NOT RELEVANT,GGYFARM
NOT RELEVANT,GHUM
NOT RELEVANT,GIAI
NOT RELEVANT,GLER
NOT RELEVANT,GMA
NOT RELEVANT,GO-PLUS
NOT RELEVANT,GRO
NOT RELEVANT,GROFEMA
NOT RELEVANT,GRONTAL
NOT RELEVANT,GROPLANTA
NOT RELEVANT,GROSZ
NOT RELEVANT,GYA-BOY
NOT RELEVANT,GYE
NOT RELEVANT,GYFARM
NOT RELEVANT,GYI
NOT RELEVANT,GYÁRTMÁNY
NOT RELEVANT,Galló
NOT RELEVANT,Gayer
NOT RELEVANT,Gecse
NOT RELEVANT,Gedeon
NOT RELEVANT,Gelbmann
NOT RELEVANT,Gellény
NOT RELEVANT,Gellért
NOT RELEVANT,Gergõ
NOT RELEVANT,Glegyák
NOT RELEVANT,Glynwed
NOT RELEVANT,Goldenits
NOT RELEVANT,Golobics
NOT RELEVANT,Grigalek
NOT RELEVANT,Group
NOT RELEVANT,Guller
NOT RELEVANT,Gulyás
NOT RELEVANT,Gurszki
NOT RELEVANT,Gyercán
NOT RELEVANT,Gyula
NOT RELEVANT,Gyuláné
NOT RELEVANT,György
NOT RELEVANT,Györgyné
NOT RELEVANT,GÁS-RÉT
NOT RELEVANT,GÉP
NOT RELEVANT,GÉPSYSTEM
NOT RELEVANT,Gábor
NOT RELEVANT,Gárdai
NOT RELEVANT,Gézáné
NOT RELEVANT,Gönczöl
NOT RELEVANT,Görcs
NOT RELEVANT,HA-VA-NA
NOT RELEVANT,HAB
NOT RELEVANT,HANYI
NOT RELEVANT,HERMES
NOT RELEVANT,HESZ
NOT RELEVANT,"HG"""
NOT RELEVANT,HITEL
NOT RELEVANT,HNIKA
NOT RELEVANT,HNOLÓGIAI
NOT RELEVANT,HOLD.ZRT.
NOT RELEVANT,HUM
NOT RELEVANT,HUS
NOT RELEVANT,Hajdu
NOT RELEVANT,Halmai
NOT RELEVANT,Hardi
NOT RELEVANT,Harmos
NOT RELEVANT,Hazafi
NOT RELEVANT,Haás
NOT RELEVANT,Heliszolg
NOT RELEVANT,Hideg
NOT RELEVANT,Hirth
NOT RELEVANT,Holding
NOT RELEVANT,Hollós
NOT RELEVANT,Horváth
NOT RELEVANT,Hubay
NOT RELEVANT,Hudák
NOT RELEVANT,Hungaria
NOT RELEVANT,Huspiac
NOT RELEVANT,HÁZ
NOT RELEVANT,HÉRA
NOT RELEVANT,HÉRÉP
NOT RELEVANT,HÉTFÖ
NOT RELEVANT,Háfra
NOT RELEVANT,Háry
NOT RELEVANT,I-2001
NOT RELEVANT,I-HÁZ
NOT RELEVANT,I-SEED
NOT RELEVANT,I-SORGHUM
NOT RELEVANT,IAI
NOT RELEVANT,IAN-92
NOT RELEVANT,ICE
NOT RELEVANT,IDEO-MAX
NOT RELEVANT,IEL
NOT RELEVANT,IERSDORF
NOT RELEVANT,IFAGRO
NOT RELEVANT,IGET
NOT RELEVANT,IGLER
NOT RELEVANT,IGMA
NOT RELEVANT,IHANYI
NOT RELEVANT,IKA
NOT RELEVANT,IKA-HUS
NOT RELEVANT,IKÖZMÛ
NOT RELEVANT,ILLA
NOT RELEVANT,ILLKRAFT
NOT RELEVANT,INADOR
NOT RELEVANT,"INN"""
NOT RELEVANT,INT
NOT RELEVANT,INTERCOOP
NOT RELEVANT,INVEST
NOT RELEVANT,IP-2004
NOT RELEVANT,IPARFÉM
NOT RELEVANT,"IRO-FINN"""
NOT RELEVANT,IRTUÁL
NOT RELEVANT,ISZAPART
NOT RELEVANT,ITAPRESS
NOT RELEVANT,ITEL
NOT RELEVANT,ITSZÉ
NOT RELEVANT,ITÍV
NOT RELEVANT,ITÕ
NOT RELEVANT,IZIKÖZMÛ
NOT RELEVANT,IZTOSÍTÓ
NOT RELEVANT,Imre
NOT RELEVANT,Ingatlan
NOT RELEVANT,Interware
NOT RELEVANT,István
NOT RELEVANT,Ital
NOT RELEVANT,JAKAB
NOT RELEVANT,"JANELLA"""
NOT RELEVANT,JDA
NOT RELEVANT,JTOS
NOT RELEVANT,JUH
NOT RELEVANT,Jager
NOT RELEVANT,Jancsák
NOT RELEVANT,Jenõ
NOT RELEVANT,Jung
NOT RELEVANT,JÓZSEF
NOT RELEVANT,Jámbor
NOT RELEVANT,János
NOT RELEVANT,Jánoskuti
NOT RELEVANT,Jánosné
NOT RELEVANT,Jóbai
NOT RELEVANT,Jójárt
NOT RELEVANT,Jónás
NOT RELEVANT,József
NOT RELEVANT,Józsefné
NOT RELEVANT,KA-HUS
NOT RELEVANT,KAB
NOT RELEVANT,KABALÁS
NOT RELEVANT,KAJ
NOT RELEVANT,KAMEL
NOT RELEVANT,KAMUTI
NOT RELEVANT,KANO
NOT RELEVANT,KANSAS
NOT RELEVANT,KATONA
NOT RELEVANT,KEDELMI
NOT RELEVANT,KEIT
NOT RELEVANT,KER
NOT RELEVANT,KER-2
NOT RELEVANT,KER-SPED
NOT RELEVANT,"KERTON-V"""
NOT RELEVANT,KEZELÕ
NOT RELEVANT,KEZET
NOT RELEVANT,KFT
NOT RELEVANT,KFT.
NOT RELEVANT,KGERENDÁS
NOT RELEVANT,KM-Trans
NOT RELEVANT,KO-N
NOT RELEVANT,KOCSIS
NOT RELEVANT,KOM-THESZ
NOT RELEVANT,KONDOR
NOT RELEVANT,KOVÁCS
NOT RELEVANT,KOZÁSI
NOT RELEVANT,KRAFT
NOT RELEVANT,KRENDSZER
NOT RELEVANT,KRIGLER
NOT RELEVANT,KTRO
NOT RELEVANT,Kalkulo
NOT RELEVANT,Kapsch
NOT RELEVANT,Kapus
NOT RELEVANT,Kardics
NOT RELEVANT,Kardos
NOT RELEVANT,Karácsony
NOT RELEVANT,Katalin
NOT RELEVANT,Katics
NOT RELEVANT,Katona
NOT RELEVANT,Kemecsei
NOT RELEVANT,Kenéz
NOT RELEVANT,Kerek
NOT RELEVANT,Kerepesi
NOT RELEVANT,Keserû
NOT RELEVANT,Kft.
NOT RELEVANT,Kinyó
NOT RELEVANT,Knizse
NOT RELEVANT,Kocsis
NOT RELEVANT,Kocsány
NOT RELEVANT,Kohári
NOT RELEVANT,Koletics
NOT RELEVANT,Koltai
NOT RELEVANT,Kozma
NOT RELEVANT,Kozák
NOT RELEVANT,Krasznai
NOT RELEVANT,Krigler
NOT RELEVANT,Kuhn
NOT RELEVANT,Kurucz
NOT RELEVANT,KÉPÍTÕ
NOT RELEVANT,KÖZMÛ
NOT RELEVANT,KÖZPONT
NOT RELEVANT,Kádár
NOT RELEVANT,Káldi
NOT RELEVANT,Kálmán
NOT RELEVANT,Kántor
NOT RELEVANT,Károly
NOT RELEVANT,Kázmér
NOT RELEVANT,Kószó
NOT RELEVANT,Kõvári
NOT RELEVANT,Kökény
NOT RELEVANT,Körmendi
NOT RELEVANT,Környei
NOT RELEVANT,Közmû
NOT RELEVANT,Kükedi
NOT RELEVANT,L&ME
NOT RELEVANT,L-SPED
NOT RELEVANT,"LA"""
NOT RELEVANT,LAJTOS
NOT RELEVANT,LAK
NOT RELEVANT,LALKOZÁSI
NOT RELEVANT,LANTA
NOT RELEVANT,LD.ZRT.
NOT RELEVANT,LDES
NOT RELEVANT,LEKTRO
NOT RELEVANT,LER
NOT RELEVANT,LFI
NOT RELEVANT,LGYE
NOT RELEVANT,LGYI
NOT RELEVANT,LKER-2
NOT RELEVANT,LKM-Trans
NOT RELEVANT,LKOZÁSI
NOT RELEVANT,LKRAFT
NOT RELEVANT,LL-SPED
NOT RELEVANT,LLA
NOT RELEVANT,"LLA"""
NOT RELEVANT,LLKER-2
NOT RELEVANT,LLKRAFT
NOT RELEVANT,LLSYS
NOT RELEVANT,LMI
NOT RELEVANT,LON-94
NOT RELEVANT,LOTA
NOT RELEVANT,LPLUS
NOT RELEVANT,LSERVICE
NOT RELEVANT,LSYS
NOT RELEVANT,LTI-HÁZ
NOT RELEVANT,LUS
NOT RELEVANT,LUSZTRÁD
NOT RELEVANT,LUZIV
NOT RELEVANT,LYS
NOT RELEVANT,LYSSA
NOT RELEVANT,Lacz
NOT RELEVANT,Laczai
NOT RELEVANT,Lajos
NOT RELEVANT,Lakits
NOT RELEVANT,Langár
NOT RELEVANT,Laub
NOT RELEVANT,Lekeny
NOT RELEVANT,Lelovics
NOT RELEVANT,Lingurár
NOT RELEVANT,Liszt
NOT RELEVANT,Ludvig
NOT RELEVANT,Luka
NOT RELEVANT,LÁRKER
NOT RELEVANT,LÁS
NOT RELEVANT,LÁSZLÓ
NOT RELEVANT,LÁSZLÓNÉ
NOT RELEVANT,LÓGIAI
NOT RELEVANT,LÓNÉ
NOT RELEVANT,LÓRA
NOT RELEVANT,László
NOT RELEVANT,Lázár
NOT RELEVANT,Lõrincz
NOT RELEVANT,M-THESZ
NOT RELEVANT,M-Trans
NOT RELEVANT,MAKEIT
NOT RELEVANT,MALPLUS
NOT RELEVANT,MANGRO
NOT RELEVANT,MASPED
NOT RELEVANT,MAX
NOT RELEVANT,MBOR
NOT RELEVANT,MEGGYFARM
NOT RELEVANT,MEL
NOT RELEVANT,MES
NOT RELEVANT,MESZTÕ
NOT RELEVANT,METALL
NOT RELEVANT,METH
NOT RELEVANT,MINVEST
NOT RELEVANT,MITSZÉ
NOT RELEVANT,MIX
NOT RELEVANT,MONOPOLYS
NOT RELEVANT,"MOSFER"""
NOT RELEVANT,MSRV
NOT RELEVANT,MSZERVIZ
NOT RELEVANT,MULTI-HÁZ
NOT RELEVANT,MUTI
NOT RELEVANT,Markóth
NOT RELEVANT,Marsai
NOT RELEVANT,Matók
NOT RELEVANT,Mazsu
NOT RELEVANT,Mazák
NOT RELEVANT,MeProTech
NOT RELEVANT,Med
NOT RELEVANT,Mihalics
NOT RELEVANT,Mihalik
NOT RELEVANT,Mihály
NOT RELEVANT,Miklós
NOT RELEVANT,Miszkuj
NOT RELEVANT,Molnár
NOT RELEVANT,Moneystar
NOT RELEVANT,Mrázik
NOT RELEVANT,MÁNY
NOT RELEVANT,MÁS
NOT RELEVANT,Márton
NOT RELEVANT,Mátyás
NOT RELEVANT,Móczár
NOT RELEVANT,Mónika
NOT RELEVANT,Móricz
NOT RELEVANT,N-92
NOT RELEVANT,N-94
NOT RELEVANT,"N-V"""
NOT RELEVANT,NADDITÍV
NOT RELEVANT,NADOR
NOT RELEVANT,NAMÛ
NOT RELEVANT,NATÉSZ
NOT RELEVANT,NDOR
NOT RELEVANT,NDORNÉ
NOT RELEVANT,NDSZER
NOT RELEVANT,NDÁS
NOT RELEVANT,"NELLA"""
NOT RELEVANT,NEX
NOT RELEVANT,NGRO
NOT RELEVANT,NGYA-BOY
NOT RELEVANT,NGÁS-RÉT
NOT RELEVANT,NIEL
NOT RELEVANT,NIKA
NOT RELEVANT,NIKA-HUS
NOT RELEVANT,NJL
NOT RELEVANT,NKEZELÕ
NOT RELEVANT,"NN"""
NOT RELEVANT,NNONPOWER
NOT RELEVANT,NOLÓGIAI
NOT RELEVANT,NONPOWER
NOT RELEVANT,NOPOLYS
NOT RELEVANT,NPACK
NOT RELEVANT,NPOWER
NOT RELEVANT,NSAS
NOT RELEVANT,NSELEKTRO
NOT RELEVANT,"NSZ""KFT"
NOT RELEVANT,NTA
NOT RELEVANT,NTAL
NOT RELEVANT,NTERCOOP
NOT RELEVANT,NTESBAU
NOT RELEVANT,NTROLLSYS
NOT RELEVANT,NVEST
NOT RELEVANT,NYBARÁZDA
NOT RELEVANT,NYI
NOT RELEVANT,NYKÖZPONT
NOT RELEVANT,Nagy
NOT RELEVANT,Nigicser
NOT RELEVANT,Nikolett
NOT RELEVANT,Norbert
NOT RELEVANT,Nyári
NOT RELEVANT,Nyírség
NOT RELEVANT,NÁNDOR
NOT RELEVANT,NÁNDORNÉ
NOT RELEVANT,NÉMETH
NOT RELEVANT,NÖV
NOT RELEVANT,Németh
NOT RELEVANT,Nótin
NOT RELEVANT,"O-FINN"""
NOT RELEVANT,O-MAX
NOT RELEVANT,O-N
NOT RELEVANT,O-PLUS
NOT RELEVANT,O-ÉPITÕ
NOT RELEVANT,O.HU
NOT RELEVANT,OBEST-JUH
NOT RELEVANT,OCOM
NOT RELEVANT,OCSEC
NOT RELEVANT,OCSIS
NOT RELEVANT,OERG
NOT RELEVANT,OFEMA
NOT RELEVANT,OKAJ
NOT RELEVANT,OKER-SPED
NOT RELEVANT,OLD.ZRT.
NOT RELEVANT,OLL-SPED
NOT RELEVANT,OLLSYS
NOT RELEVANT,OLYS
NOT RELEVANT,OLÁRKER
NOT RELEVANT,OLÓGIAI
NOT RELEVANT,OM-THESZ
NOT RELEVANT,OMBOR
NOT RELEVANT,OMINVEST
NOT RELEVANT,OMIX
NOT RELEVANT,"OMOSFER"""
NOT RELEVANT,ON-94
NOT RELEVANT,"ON-V"""
NOT RELEVANT,ONA
NOT RELEVANT,ONATÉSZ
NOT RELEVANT,ONDOR
NOT RELEVANT,ONKEZELÕ
NOT RELEVANT,ONOPOLYS
NOT RELEVANT,ONPACK
NOT RELEVANT,ONPOWER
NOT RELEVANT,ONT
NOT RELEVANT,ONTAL
NOT RELEVANT,ONÖV
NOT RELEVANT,OOP
NOT RELEVANT,OPLANTA
NOT RELEVANT,OPOLYS
NOT RELEVANT,OPY
NOT RELEVANT,OREHAB
NOT RELEVANT,ORF
NOT RELEVANT,ORGHUM
NOT RELEVANT,ORK
NOT RELEVANT,ORNAMÛ
NOT RELEVANT,ORNÉ
NOT RELEVANT,ORONATÉSZ
NOT RELEVANT,ORT
NOT RELEVANT,"OSFER"""
NOT RELEVANT,OSZ
NOT RELEVANT,OSÍTÓ
NOT RELEVANT,OT-PETROL
NOT RELEVANT,OTA
NOT RELEVANT,OVÁCS
NOT RELEVANT,OWER
NOT RELEVANT,OZÁSI
NOT RELEVANT,Oláh
NOT RELEVANT,Onix
NOT RELEVANT,Optika
NOT RELEVANT,Orlovits
NOT RELEVANT,Orosz
NOT RELEVANT,Ottó
NOT RELEVANT,P-2004
NOT RELEVANT,PACK
NOT RELEVANT,PALOTA
NOT RELEVANT,PAR-TES
NOT RELEVANT,PARFÉM
NOT RELEVANT,PART
NOT RELEVANT,PART-TEAM
NOT RELEVANT,PED
NOT RELEVANT,PED-RAIL
NOT RELEVANT,PETROL
NOT RELEVANT,PITÕ
NOT RELEVANT,PLANTA
NOT RELEVANT,PLUS
NOT RELEVANT,POLYS
NOT RELEVANT,PONT
NOT RELEVANT,POWER
NOT RELEVANT,PRESS
NOT RELEVANT,PRINT
NOT RELEVANT,PROCOM
NOT RELEVANT,PROREHAB
NOT RELEVANT,PSYSTEM
NOT RELEVANT,PYLON-94
NOT RELEVANT,Paksi
NOT RELEVANT,Pala
NOT RELEVANT,Paládi
NOT RELEVANT,Panel
NOT RELEVANT,Papi
NOT RELEVANT,ParaMed
NOT RELEVANT,Paróczai
NOT RELEVANT,Patonai
NOT RELEVANT,Pauker
NOT RELEVANT,Percze
NOT RELEVANT,Perfekt
NOT RELEVANT,Petrányi
NOT RELEVANT,Petõ
NOT RELEVANT,Plus+
NOT RELEVANT,Plusz
NOT RELEVANT,Polgári
NOT RELEVANT,Porozell
NOT RELEVANT,Potyondi
NOT RELEVANT,Prima
NOT RELEVANT,ProTech
NOT RELEVANT,PÁBLI
NOT RELEVANT,PÁLFI
NOT RELEVANT,PÍTÕ
NOT RELEVANT,Pál
NOT RELEVANT,Pálffy
NOT RELEVANT,Pálinkás
NOT RELEVANT,Páljános
NOT RELEVANT,Pályi
NOT RELEVANT,Páncsity
NOT RELEVANT,Pászti
NOT RELEVANT,Péter
NOT RELEVANT,R'DE
NOT RELEVANT,R-2
NOT RELEVANT,R-COPY
NOT RELEVANT,R-GÉP
NOT RELEVANT,R-KO-N
NOT RELEVANT,R-SPED
NOT RELEVANT,R-SZIGET
NOT RELEVANT,R-TES
NOT RELEVANT,RAFT
NOT RELEVANT,RAIL
NOT RELEVANT,"RANSZ""KFT"
NOT RELEVANT,RBALY
NOT RELEVANT,RCOOP
NOT RELEVANT,REGO-PLUS
NOT RELEVANT,REHAB
NOT RELEVANT,RENDSZER
NOT RELEVANT,RENDÁS
NOT RELEVANT,RESS
NOT RELEVANT,REYA
NOT RELEVANT,RFÉM
NOT RELEVANT,RGA
NOT RELEVANT,RGHUM
NOT RELEVANT,RIGLER
NOT RELEVANT,RINT
NOT RELEVANT,RKER
NOT RELEVANT,RMALPLUS
NOT RELEVANT,RMES
NOT RELEVANT,RMESZTÕ
NOT RELEVANT,RNAMÛ
NOT RELEVANT,RNEX
NOT RELEVANT,RNÉ
NOT RELEVANT,"RO-FINN"""
NOT RELEVANT,RO.HU
NOT RELEVANT,ROCOM
NOT RELEVANT,ROFEMA
NOT RELEVANT,ROL
NOT RELEVANT,ROLL-SPED
NOT RELEVANT,ROLLSYS
NOT RELEVANT,RONATÉSZ
NOT RELEVANT,RONTAL
NOT RELEVANT,ROPLANTA
NOT RELEVANT,ROREHAB
NOT RELEVANT,ROSZ
NOT RELEVANT,RPROCOM
NOT RELEVANT,RSDORF
NOT RELEVANT,RSI
NOT RELEVANT,RT-TEAM
NOT RELEVANT,RT.
NOT RELEVANT,RTECHNIKA
NOT RELEVANT,RTMÁNY
NOT RELEVANT,"RTON-V"""
NOT RELEVANT,RTONPACK
NOT RELEVANT,RTUÁL
NOT RELEVANT,RVICE
NOT RELEVANT,RVIZ
NOT RELEVANT,"RVÍZ"""
NOT RELEVANT,Racing
NOT RELEVANT,Radnai
NOT RELEVANT,Rafael
NOT RELEVANT,Rappay
NOT RELEVANT,Rezsu
NOT RELEVANT,Ritter
NOT RELEVANT,Rosenbaum
NOT RELEVANT,Rosta
NOT RELEVANT,Rozsos
NOT RELEVANT,Rubik
NOT RELEVANT,RÁD
NOT RELEVANT,RÁZDA
NOT RELEVANT,RÉP
NOT RELEVANT,RÉSVÁR
NOT RELEVANT,RÉT
NOT RELEVANT,Rácz
NOT RELEVANT,Rádai
NOT RELEVANT,Répa
NOT RELEVANT,Róbert
NOT RELEVANT,Rónaszéki
NOT RELEVANT,Róth
NOT RELEVANT,Röplabda
NOT RELEVANT,S-GEP
NOT RELEVANT,S-RÉT
NOT RELEVANT,S-TEAM
NOT RELEVANT,S-VÖLGYE
NOT RELEVANT,SABA
NOT RELEVANT,SAKANO
NOT RELEVANT,SAS
NOT RELEVANT,SATORNAMÛ
NOT RELEVANT,SAVÖLGYI
NOT RELEVANT,SBAU
NOT RELEVANT,SCORT
NOT RELEVANT,SDORF
NOT RELEVANT,SEC
NOT RELEVANT,SEED
NOT RELEVANT,SEF
NOT RELEVANT,SELEKTRO
NOT RELEVANT,SERVICE
NOT RELEVANT,"SFER"""
NOT RELEVANT,SILLA
NOT RELEVANT,SIS
NOT RELEVANT,SKEDELMI
NOT RELEVANT,SOLÁRKER
NOT RELEVANT,"SOMOSFER"""
NOT RELEVANT,SORGHUM
NOT RELEVANT,SPED
NOT RELEVANT,SPED-RAIL
NOT RELEVANT,SRV
NOT RELEVANT,SSA
NOT RELEVANT,ST-JUH
NOT RELEVANT,STECHNIKA
NOT RELEVANT,STEM
NOT RELEVANT,STER-COPY
NOT RELEVANT,STI-SEED
NOT RELEVANT,SVÁR
NOT RELEVANT,SYS
NOT RELEVANT,SYSTEM
NOT RELEVANT,"SZ""KFT"
NOT RELEVANT,SZAPART
NOT RELEVANT,SZER
NOT RELEVANT,SZERVIZ
NOT RELEVANT,"SZERVÍZ"""
NOT RELEVANT,SZIAN-92
NOT RELEVANT,SZIGET
NOT RELEVANT,SZIGMA
NOT RELEVANT,SZLÓ
NOT RELEVANT,SZLÓNÉ
NOT RELEVANT,SZTRÁD
NOT RELEVANT,SZTÕ
NOT RELEVANT,SZÁR-GÉP
NOT RELEVANT,SZÉ
NOT RELEVANT,Samodai
NOT RELEVANT,Sasinszki
NOT RELEVANT,Sasvári
NOT RELEVANT,Schapira
NOT RELEVANT,Schummer
NOT RELEVANT,Schvarcz
NOT RELEVANT,Senkár
NOT RELEVANT,Shinbukan
NOT RELEVANT,Silvanus
NOT RELEVANT,Somloland
NOT RELEVANT,Somodi
NOT RELEVANT,Somosi
NOT RELEVANT,Sped
NOT RELEVANT,Spedit
NOT RELEVANT,Strausz
NOT RELEVANT,Sum
NOT RELEVANT,Sun-Car
NOT RELEVANT,Svaldi
NOT RELEVANT,Szabolcs
NOT RELEVANT,Szalai
NOT RELEVANT,Szarka
NOT RELEVANT,Szeghõ
NOT RELEVANT,Szetlik
NOT RELEVANT,Szigeti
NOT RELEVANT,Szili
NOT RELEVANT,Szilárd
NOT RELEVANT,Szitkay
NOT RELEVANT,Szokol
NOT RELEVANT,Sztojcsev
NOT RELEVANT,Sztojka
NOT RELEVANT,Szántó
NOT RELEVANT,Szécsi
NOT RELEVANT,Székely
NOT RELEVANT,Széll
NOT RELEVANT,Széphalmi
NOT RELEVANT,SÍTÓ
NOT RELEVANT,Sáhó
NOT RELEVANT,Sándor
NOT RELEVANT,Sótér
NOT RELEVANT,T-JUH
NOT RELEVANT,T-PETROL
NOT RELEVANT,T-TEAM
NOT RELEVANT,T-Wamsler
NOT RELEVANT,TAL
NOT RELEVANT,TALL
NOT RELEVANT,TAMÁS
NOT RELEVANT,TAPRESS
NOT RELEVANT,TARBALY
NOT RELEVANT,TEAM
NOT RELEVANT,TECHNIKA
NOT RELEVANT,TEL
NOT RELEVANT,TEM
NOT RELEVANT,TER-COPY
NOT RELEVANT,TERCOOP
NOT RELEVANT,TERMESZTÕ
NOT RELEVANT,TERPROCOM
NOT RELEVANT,TES
NOT RELEVANT,TESBAU
NOT RELEVANT,TFÖ
NOT RELEVANT,THESZ
NOT RELEVANT,"THG"""
NOT RELEVANT,TI-HÁZ
NOT RELEVANT,TI-SEED
NOT RELEVANT,TIFAGRO
NOT RELEVANT,TIHANYI
NOT RELEVANT,TISZAPART
NOT RELEVANT,TKEZET
NOT RELEVANT,TMÁNY
NOT RELEVANT,TO-ÉPITÕ
NOT RELEVANT,TOKAJ
NOT RELEVANT,TOMBOR
NOT RELEVANT,TOMINVEST
NOT RELEVANT,TOMIX
NOT RELEVANT,"TON-V"""
NOT RELEVANT,TONA
NOT RELEVANT,TONPACK
NOT RELEVANT,TORNAMÛ
NOT RELEVANT,TOS
NOT RELEVANT,TOSÍTÓ
NOT RELEVANT,TRO
NOT RELEVANT,TROL
NOT RELEVANT,TROLLSYS
NOT RELEVANT,TRÁD
NOT RELEVANT,TSZÉ
NOT RELEVANT,TUÁL
NOT RELEVANT,TWORK
NOT RELEVANT,TY-KONDOR
NOT RELEVANT,Tamás
NOT RELEVANT,Tankó
NOT RELEVANT,Tanácsadó
NOT RELEVANT,Tapodi
NOT RELEVANT,Tarafás
NOT RELEVANT,Tarcza
NOT RELEVANT,Tech
NOT RELEVANT,Thury
NOT RELEVANT,Tibor
NOT RELEVANT,Tolnay
NOT RELEVANT,Toplak
NOT RELEVANT,Trade
NOT RELEVANT,Trans
NOT RELEVANT,Trelgo
NOT RELEVANT,Tyukodi
NOT RELEVANT,TÉKÉPÍTÕ
NOT RELEVANT,TÉSZ
NOT RELEVANT,TÍV
NOT RELEVANT,TÖRÉSVÁR
NOT RELEVANT,Tár
NOT RELEVANT,Tóbi
NOT RELEVANT,Tünde
NOT RELEVANT,Tüskevári
NOT RELEVANT,UER
NOT RELEVANT,ULTI-HÁZ
NOT RELEVANT,URENDSZER
NOT RELEVANT,USZTRÁD
NOT RELEVANT,UTI
NOT RELEVANT,UTO
NOT RELEVANT,UZIV
NOT RELEVANT,Unger
NOT RELEVANT,Utéppark
NOT RELEVANT,UÁL
NOT RELEVANT,VA-NA
NOT RELEVANT,VAJDA
NOT RELEVANT,VARGA
NOT RELEVANT,VEGAPRINT
NOT RELEVANT,VEST
NOT RELEVANT,VETKEZET
NOT RELEVANT,VEVÕK
NOT RELEVANT,VICE
NOT RELEVANT,VIDEO-MAX
NOT RELEVANT,VILLKRAFT
NOT RELEVANT,VIP-2004
NOT RELEVANT,VIRTUÁL
NOT RELEVANT,VITAPRESS
NOT RELEVANT,VIZ
NOT RELEVANT,VIZIKÖZMÛ
NOT RELEVANT,Varga
NOT RELEVANT,Varró
NOT RELEVANT,Vastag
NOT RELEVANT,Veszeley
NOT RELEVANT,Vezse
NOT RELEVANT,Vida
NOT RELEVANT,Vienna
NOT RELEVANT,Vince
NOT RELEVANT,Vincze
NOT RELEVANT,Virág
NOT RELEVANT,Vizi
NOT RELEVANT,Viziközmû
NOT RELEVANT,Vizin
NOT RELEVANT,Vnoncsek
NOT RELEVANT,VoleiSped
NOT RELEVANT,Volán
NOT RELEVANT,VÁCS
NOT RELEVANT,VÁR
NOT RELEVANT,"VÍZ"""
NOT RELEVANT,VÕK
NOT RELEVANT,VÖLGYE
NOT RELEVANT,VÖLGYI
NOT RELEVANT,Vági
NOT RELEVANT,Vágó
NOT RELEVANT,Várnagy
NOT RELEVANT,WER
NOT RELEVANT,WORK
NOT RELEVANT,Wamsler
NOT RELEVANT,Wehring
NOT RELEVANT,XCLUZIV
NOT RELEVANT,Y-KONDOR
NOT RELEVANT,YA-BOY
NOT RELEVANT,YBARÁZDA
NOT RELEVANT,YFARM
NOT RELEVANT,YKÖZPONT
NOT RELEVANT,YLON-94
NOT RELEVANT,YONKEZELÕ
NOT RELEVANT,YSSA
NOT RELEVANT,YSTEM
NOT RELEVANT,YÁRTMÁNY
NOT RELEVANT,"Z""KFT"
NOT RELEVANT,ZAPART
NOT RELEVANT,ZDA
NOT RELEVANT,ZELÕ
NOT RELEVANT,ZENTESBAU
NOT RELEVANT,ZER
NOT RELEVANT,ZERO.HU
NOT RELEVANT,ZERVIZ
NOT RELEVANT,"ZERVÍZ"""
NOT RELEVANT,ZET
NOT RELEVANT,ZIAN-92
NOT RELEVANT,ZIGET
NOT RELEVANT,ZIGMA
NOT RELEVANT,ZIKÖZMÛ
NOT RELEVANT,ZIV
NOT RELEVANT,ZLÓ
NOT RELEVANT,ZLÓNÉ
NOT RELEVANT,ZMÛ
NOT RELEVANT,ZPONT
NOT RELEVANT,ZRT.
NOT RELEVANT,ZS-TEAM
NOT RELEVANT,ZSAVÖLGYI
NOT RELEVANT,ZSEF
NOT RELEVANT,ZTOSÍTÓ
NOT RELEVANT,ZTRÁD
NOT RELEVANT,ZTÕ
NOT RELEVANT,Zagata
NOT RELEVANT,Zahovay
NOT RELEVANT,Zoltán
NOT RELEVANT,Zoltánné
NOT RELEVANT,Zsiday
NOT RELEVANT,Zsinkó
NOT RELEVANT,Zsolt
NOT RELEVANT,Zsuzsanna
NOT RELEVANT,ZÁR-GÉP
NOT RELEVANT,ZÁSI
NOT RELEVANT,_HU
NOT RELEVANT,a-Csir
NOT RELEVANT,a-Ital
NOT RELEVANT,a-Sun-Car
NOT RELEVANT,a-Tár
NOT RELEVANT,aMed
NOT RELEVANT,aba
NOT RELEVANT,abda
NOT RELEVANT,abolcs
NOT RELEVANT,abás
NOT RELEVANT,acing
NOT RELEVANT,acz
NOT RELEVANT,aczai
NOT RELEVANT,ade
NOT RELEVANT,adnai
NOT RELEVANT,adó
NOT RELEVANT,ael
NOT RELEVANT,afael
NOT RELEVANT,afi
NOT RELEVANT,afás
NOT RELEVANT,agata
NOT RELEVANT,ager
NOT RELEVANT,agy
NOT RELEVANT,agó
NOT RELEVANT,agógiai
NOT RELEVANT,ahovay
NOT RELEVANT,ahulcsán
NOT RELEVANT,ajcsovics
NOT RELEVANT,ajdu
NOT RELEVANT,ajkó
NOT RELEVANT,ajos
NOT RELEVANT,akits
NOT RELEVANT,akl
NOT RELEVANT,aksi
NOT RELEVANT,akó
NOT RELEVANT,ala
NOT RELEVANT,alai
NOT RELEVANT,alanovics
NOT RELEVANT,alava
NOT RELEVANT,aldi
NOT RELEVANT,alek
NOT RELEVANT,alics
NOT RELEVANT,alik
NOT RELEVANT,alin
NOT RELEVANT,alis
NOT RELEVANT,alja-Tár
NOT RELEVANT,alkulo
NOT RELEVANT,allai
NOT RELEVANT,alló
NOT RELEVANT,almai
NOT RELEVANT,almi
NOT RELEVANT,alos
NOT RELEVANT,alusi
NOT RELEVANT,aládi
NOT RELEVANT,alázs
NOT RELEVANT,amodai
NOT RELEVANT,amsler
NOT RELEVANT,amás
NOT RELEVANT,ancsák
NOT RELEVANT,and
NOT RELEVANT,anel
NOT RELEVANT,angár
NOT RELEVANT,ank
NOT RELEVANT,ankezelõ
NOT RELEVANT,ankó
NOT RELEVANT,ann
NOT RELEVANT,anna
NOT RELEVANT,anovics
NOT RELEVANT,ans
NOT RELEVANT,ant
NOT RELEVANT,anus
NOT RELEVANT,anácsadó
NOT RELEVANT,api
NOT RELEVANT,apira
NOT RELEVANT,apodi
NOT RELEVANT,apody
NOT RELEVANT,appay
NOT RELEVANT,apsch
NOT RELEVANT,apus
NOT RELEVANT,apó
NOT RELEVANT,ara
NOT RELEVANT,araMed
NOT RELEVANT,arafás
NOT RELEVANT,aragó
NOT RELEVANT,arcsák
NOT RELEVANT,arcz
NOT RELEVANT,arcza
NOT RELEVANT,ardi
NOT RELEVANT,ardics
NOT RELEVANT,ardos
NOT RELEVANT,are
NOT RELEVANT,arga
NOT RELEVANT,ari
NOT RELEVANT,aria
NOT RELEVANT,ark
NOT RELEVANT,arka
NOT RELEVANT,arkóth
NOT RELEVANT,armos
NOT RELEVANT,arnabás
NOT RELEVANT,arró
NOT RELEVANT,arsai
NOT RELEVANT,arta
NOT RELEVANT,artek
NOT RELEVANT,artó
NOT RELEVANT,arácsony
NOT RELEVANT,arát
NOT RELEVANT,aróczai
NOT RELEVANT,aróti
NOT RELEVANT,asek
NOT RELEVANT,asinszki
NOT RELEVANT,astag
NOT RELEVANT,asvári
NOT RELEVANT,asznai
NOT RELEVANT,aszné
NOT RELEVANT,aszéki
NOT RELEVANT,ata
NOT RELEVANT,atalin
NOT RELEVANT,atics
NOT RELEVANT,atlan
NOT RELEVANT,atona
NOT RELEVANT,atonai
NOT RELEVANT,ató
NOT RELEVANT,atók
NOT RELEVANT,aub
NOT RELEVANT,aucy
NOT RELEVANT,auer
NOT RELEVANT,auf
NOT RELEVANT,auker
NOT RELEVANT,aum
NOT RELEVANT,aumhakl
NOT RELEVANT,ausz
NOT RELEVANT,ava
NOT RELEVANT,ayer
NOT RELEVANT,azafi
NOT RELEVANT,azdernyik
NOT RELEVANT,azsu
NOT RELEVANT,azák
NOT RELEVANT,aás
NOT RELEVANT,bai
NOT RELEVANT,baum
NOT RELEVANT,bay
NOT RELEVANT,bcsánszki
NOT RELEVANT,bda
NOT RELEVANT,benedek
NOT RELEVANT,bert
NOT RELEVANT,bet
NOT RELEVANT,bics
NOT RELEVANT,bik
NOT RELEVANT,bián
NOT RELEVANT,bmann
NOT RELEVANT,bolcs
NOT RELEVANT,bona
NOT RELEVANT,bor
NOT RELEVANT,brus
NOT RELEVANT,bukan
NOT RELEVANT,bus
NOT RELEVANT,bás
NOT RELEVANT,center
NOT RELEVANT,chapira
NOT RELEVANT,chnikai
NOT RELEVANT,chnology
NOT RELEVANT,chof
NOT RELEVANT,chtinger
NOT RELEVANT,chummer
NOT RELEVANT,chvarcz
NOT RELEVANT,cing
NOT RELEVANT,cné
NOT RELEVANT,csadó
NOT RELEVANT,cse
NOT RELEVANT,csei
NOT RELEVANT,csek
NOT RELEVANT,csekerdõ
NOT RELEVANT,cser
NOT RELEVANT,csev
NOT RELEVANT,csi
NOT RELEVANT,csik
NOT RELEVANT,csis
NOT RELEVANT,csity
NOT RELEVANT,cskai
NOT RELEVANT,csony
NOT RELEVANT,csovics
NOT RELEVANT,cságh
NOT RELEVANT,csák
NOT RELEVANT,csán
NOT RELEVANT,csánszki
NOT RELEVANT,csány
NOT RELEVANT,csédi
NOT RELEVANT,csényi
NOT RELEVANT,csök
NOT RELEVANT,csúcs
NOT RELEVANT,cza
NOT RELEVANT,czai
NOT RELEVANT,cze
NOT RELEVANT,czki
NOT RELEVANT,czár
NOT RELEVANT,czédi
NOT RELEVANT,czöl
NOT RELEVANT,cán
NOT RELEVANT,célöntöde
NOT RELEVANT,d'aucy
NOT RELEVANT,dagógiai
NOT RELEVANT,dai
NOT RELEVANT,day
NOT RELEVANT,deg
NOT RELEVANT,dei
NOT RELEVANT,dek
NOT RELEVANT,denits
NOT RELEVANT,deon
NOT RELEVANT,dernyik
NOT RELEVANT,dics
NOT RELEVANT,ding
NOT RELEVANT,dis
NOT RELEVANT,dit
NOT RELEVANT,dizsár
NOT RELEVANT,dnai
NOT RELEVANT,dnár
NOT RELEVANT,dor
NOT RELEVANT,dorfer
NOT RELEVANT,dos
NOT RELEVANT,drasek
NOT RELEVANT,dre
NOT RELEVANT,drás
NOT RELEVANT,dvig
NOT RELEVANT,dák
NOT RELEVANT,dákovics
NOT RELEVANT,dám
NOT RELEVANT,dár
NOT RELEVANT,dás
NOT RELEVANT,e-Trade
NOT RELEVANT,eProTech
NOT RELEVANT,easzné
NOT RELEVANT,ech
NOT RELEVANT,echnikai
NOT RELEVANT,echnology
NOT RELEVANT,ecse
NOT RELEVANT,ecsei
NOT RELEVANT,ecsekerdõ
NOT RELEVANT,ecságh
NOT RELEVANT,edagógiai
NOT RELEVANT,edek
NOT RELEVANT,edeon
NOT RELEVANT,edi
NOT RELEVANT,edit
NOT RELEVANT,efné
NOT RELEVANT,ege
NOT RELEVANT,eghi-Nagy
NOT RELEVANT,eghõ
NOT RELEVANT,egi
NOT RELEVANT,eglédi
NOT RELEVANT,egye
NOT RELEVANT,egyák
NOT RELEVANT,egyépszer
NOT RELEVANT,ehring
NOT RELEVANT,eiSped
NOT RELEVANT,ekeny
NOT RELEVANT,ekerdõ
NOT RELEVANT,eki
NOT RELEVANT,ekt
NOT RELEVANT,elbmann
NOT RELEVANT,eleki
NOT RELEVANT,eley
NOT RELEVANT,elfalusi
NOT RELEVANT,elgo
NOT RELEVANT,eliszolg
NOT RELEVANT,ell
NOT RELEVANT,ellai
NOT RELEVANT,ellény
NOT RELEVANT,ellért
NOT RELEVANT,elopment
NOT RELEVANT,elovics
NOT RELEVANT,ely
NOT RELEVANT,elõ
NOT RELEVANT,emecsei
NOT RELEVANT,enbaum
NOT RELEVANT,enc
NOT RELEVANT,encné
NOT RELEVANT,encsik
NOT RELEVANT,enczédi
NOT RELEVANT,endi
NOT RELEVANT,enedek
NOT RELEVANT,enits
NOT RELEVANT,enkár
NOT RELEVANT,enna
NOT RELEVANT,enntartó
NOT RELEVANT,ent
NOT RELEVANT,enter
NOT RELEVANT,eny
NOT RELEVANT,enéz
NOT RELEVANT,enõ
NOT RELEVANT,eon
NOT RELEVANT,epesházi
NOT RELEVANT,epesi
NOT RELEVANT,"er"""
NOT RELEVANT,erbona
NOT RELEVANT,erck
NOT RELEVANT,ercsényi
NOT RELEVANT,ercze
NOT RELEVANT,ercán
NOT RELEVANT,erdorfer
NOT RELEVANT,erdõ
NOT RELEVANT,erek
NOT RELEVANT,erenc
NOT RELEVANT,erencné
NOT RELEVANT,erepesi
NOT RELEVANT,erfekt
NOT RELEVANT,ergõ
NOT RELEVANT,ernyik
NOT RELEVANT,erot-Nagy
NOT RELEVANT,ert
NOT RELEVANT,eruházás
NOT RELEVANT,ervezõ
NOT RELEVANT,ervíz
NOT RELEVANT,erware
NOT RELEVANT,erû
NOT RELEVANT,es_HU
NOT RELEVANT,eserû
NOT RELEVANT,esházi
NOT RELEVANT,esi
NOT RELEVANT,"ester"""
NOT RELEVANT,eszeley
NOT RELEVANT,eth
NOT RELEVANT,eti
NOT RELEVANT,etics
NOT RELEVANT,etlik
NOT RELEVANT,etrányi
NOT RELEVANT,ett
NOT RELEVANT,etter
NOT RELEVANT,etõ
NOT RELEVANT,euer
NOT RELEVANT,evári
NOT RELEVANT,ex-Kardos
NOT RELEVANT,ex-Optika
NOT RELEVANT,eystar
NOT RELEVANT,ezelõ
NOT RELEVANT,ezse
NOT RELEVANT,ezsu
NOT RELEVANT,ezsõ
NOT RELEVANT,ezõ
NOT RELEVANT,fael
NOT RELEVANT,falusi
NOT RELEVANT,fekt
NOT RELEVANT,fer
NOT RELEVANT,ferdorfer
NOT RELEVANT,ffy
NOT RELEVANT,fné
NOT RELEVANT,fra
NOT RELEVANT,ft.
NOT RELEVANT,fás
NOT RELEVANT,gai
NOT RELEVANT,galek
NOT RELEVANT,garia
NOT RELEVANT,gata
NOT RELEVANT,gatlan
NOT RELEVANT,gedi
NOT RELEVANT,ger
NOT RELEVANT,geti
NOT RELEVANT,ghi-Nagy
NOT RELEVANT,ghõ
NOT RELEVANT,giai
NOT RELEVANT,gicser
NOT RELEVANT,gler
NOT RELEVANT,glédi
NOT RELEVANT,grocsúcs
NOT RELEVANT,grogyán
NOT RELEVANT,gurár
NOT RELEVANT,gye
NOT RELEVANT,gyné
NOT RELEVANT,gyák
NOT RELEVANT,gyán
NOT RELEVANT,gyár
NOT RELEVANT,gyépszer
NOT RELEVANT,gáltató
NOT RELEVANT,gár
NOT RELEVANT,gári
NOT RELEVANT,gógiai
NOT RELEVANT,hakl
NOT RELEVANT,halics
NOT RELEVANT,halik
NOT RELEVANT,halmi
NOT RELEVANT,hapira
NOT RELEVANT,hari
NOT RELEVANT,hauf
NOT RELEVANT,hi-Nagy
NOT RELEVANT,hinbukan
NOT RELEVANT,hnikai
NOT RELEVANT,hnology
NOT RELEVANT,hof
NOT RELEVANT,hovay
NOT RELEVANT,hring
NOT RELEVANT,htinger
NOT RELEVANT,hulcsán
NOT RELEVANT,hummer
NOT RELEVANT,hury
NOT RELEVANT,hvarcz
NOT RELEVANT,hály
NOT RELEVANT,hári
NOT RELEVANT,házi
NOT RELEVANT,házmegye
NOT RELEVANT,házás
NOT RELEVANT,i-Nagy
NOT RELEVANT,i-Plusz
NOT RELEVANT,iSped
NOT RELEVANT,iac
NOT RELEVANT,iai
NOT RELEVANT,ibor
NOT RELEVANT,ichtinger
NOT RELEVANT,ics
NOT RELEVANT,icser
NOT RELEVANT,icz
NOT RELEVANT,iczki
NOT RELEVANT,ida
NOT RELEVANT,iday
NOT RELEVANT,ideg
NOT RELEVANT,idákovics
NOT RELEVANT,ienna
NOT RELEVANT,ies_HU
NOT RELEVANT,igalek
NOT RELEVANT,igeti
NOT RELEVANT,igicser
NOT RELEVANT,igler
NOT RELEVANT,ihalics
NOT RELEVANT,ihalik
NOT RELEVANT,ihari
NOT RELEVANT,ihály
NOT RELEVANT,ika
NOT RELEVANT,ikai
NOT RELEVANT,iklós
NOT RELEVANT,ikolett
NOT RELEVANT,ikõ
NOT RELEVANT,iközmû
NOT RELEVANT,ila
NOT RELEVANT,ili
NOT RELEVANT,iliczki
NOT RELEVANT,ilits
NOT RELEVANT,illa
NOT RELEVANT,illeaszné
NOT RELEVANT,ilvanus
NOT RELEVANT,ilárd
NOT RELEVANT,ima
NOT RELEVANT,inbukan
NOT RELEVANT,ince
NOT RELEVANT,incz
NOT RELEVANT,incze
NOT RELEVANT,inege
NOT RELEVANT,ing
NOT RELEVANT,inger
NOT RELEVANT,ingurár
NOT RELEVANT,ink
NOT RELEVANT,inkás
NOT RELEVANT,inkó
NOT RELEVANT,inszki
NOT RELEVANT,int
NOT RELEVANT,inyó
NOT RELEVANT,ira
NOT RELEVANT,irbus
NOT RELEVANT,irth
NOT RELEVANT,irág
NOT RELEVANT,iró
NOT RELEVANT,isbenedek
NOT RELEVANT,ischof
NOT RELEVANT,isza-Csir
NOT RELEVANT,iszkuj
NOT RELEVANT,iszolg
NOT RELEVANT,iszt
NOT RELEVANT,isztyián
NOT RELEVANT,it-Drink
NOT RELEVANT,ities_HU
NOT RELEVANT,itkay
NOT RELEVANT,itkovics
NOT RELEVANT,its
NOT RELEVANT,itter
NOT RELEVANT,ity
NOT RELEVANT,itycenter
NOT RELEVANT,ium
NOT RELEVANT,ivárosi
NOT RELEVANT,izi
NOT RELEVANT,iziközmû
NOT RELEVANT,izin
NOT RELEVANT,izományos
NOT RELEVANT,izse
NOT RELEVANT,izsár
NOT RELEVANT,ián
NOT RELEVANT,iószegi
NOT RELEVANT,iótörés
NOT RELEVANT,ja-Tár
NOT RELEVANT,jcsev
NOT RELEVANT,jcsovics
NOT RELEVANT,jdu
NOT RELEVANT,jka
NOT RELEVANT,jkó
NOT RELEVANT,jos
NOT RELEVANT,ján
NOT RELEVANT,jános
NOT RELEVANT,járt
NOT RELEVANT,kai
NOT RELEVANT,kan
NOT RELEVANT,kay
NOT RELEVANT,kedi
NOT RELEVANT,kely
NOT RELEVANT,keny
NOT RELEVANT,ker
NOT RELEVANT,kerdõ
NOT RELEVANT,kevári
NOT RELEVANT,kezelõ
NOT RELEVANT,kits
NOT RELEVANT,klós
NOT RELEVANT,kodi
NOT RELEVANT,kol
NOT RELEVANT,kolett
NOT RELEVANT,kos
NOT RELEVANT,kovics
NOT RELEVANT,krossy
NOT RELEVANT,ksi
NOT RELEVANT,kuj
NOT RELEVANT,kulo
NOT RELEVANT,kuti
NOT RELEVANT,kányi
NOT RELEVANT,kár
NOT RELEVANT,kás
NOT RELEVANT,kény
NOT RELEVANT,kóth
NOT RELEVANT,közmû
NOT RELEVANT,labda
NOT RELEVANT,lai
NOT RELEVANT,lak
NOT RELEVANT,lan
NOT RELEVANT,land
NOT RELEVANT,lankezelõ
NOT RELEVANT,lanovics
NOT RELEVANT,lant
NOT RELEVANT,lava
NOT RELEVANT,lbmann
NOT RELEVANT,lcs
NOT RELEVANT,lcsán
NOT RELEVANT,ldenits
NOT RELEVANT,ldi
NOT RELEVANT,lding
NOT RELEVANT,ldizsár
NOT RELEVANT,leaszné
NOT RELEVANT,legyák
NOT RELEVANT,leiSped
NOT RELEVANT,lek
NOT RELEVANT,leki
NOT RELEVANT,ler
NOT RELEVANT,letics
NOT RELEVANT,lett
NOT RELEVANT,ley
NOT RELEVANT,lfalusi
NOT RELEVANT,lffy
NOT RELEVANT,lgo
NOT RELEVANT,lgáltató
NOT RELEVANT,lgári
NOT RELEVANT,lics
NOT RELEVANT,liczki
NOT RELEVANT,lik
NOT RELEVANT,lin
NOT RELEVANT,linkás
NOT RELEVANT,lint
NOT RELEVANT,lis
NOT RELEVANT,liszolg
NOT RELEVANT,lit-Drink
NOT RELEVANT,lities_HU
NOT RELEVANT,lits
NOT RELEVANT,lja-Tár
NOT RELEVANT,ljános
NOT RELEVANT,lkulo
NOT RELEVANT,lla
NOT RELEVANT,llai
NOT RELEVANT,lleaszné
NOT RELEVANT,ller
NOT RELEVANT,llwerck
NOT RELEVANT,llény
NOT RELEVANT,llért
NOT RELEVANT,lló
NOT RELEVANT,llós
NOT RELEVANT,lmai
NOT RELEVANT,lmi
NOT RELEVANT,lmán
NOT RELEVANT,lmássy
NOT RELEVANT,lnay
NOT RELEVANT,lnár
NOT RELEVANT,lobics
NOT RELEVANT,logy
NOT RELEVANT,loland
NOT RELEVANT,lopment
NOT RELEVANT,los
NOT RELEVANT,lovics
NOT RELEVANT,lovits
NOT RELEVANT,ltai
NOT RELEVANT,ltató
NOT RELEVANT,ltán
NOT RELEVANT,ltánné
NOT RELEVANT,lus+
NOT RELEVANT,lusi
NOT RELEVANT,lusz
NOT RELEVANT,lvanus
NOT RELEVANT,lwerck
NOT RELEVANT,lyi
NOT RELEVANT,lynwed
NOT RELEVANT,lyás
NOT RELEVANT,ládi
NOT RELEVANT,láh
NOT RELEVANT,lán
NOT RELEVANT,láng
NOT RELEVANT,láné
NOT RELEVANT,lárd
NOT RELEVANT,látkó
NOT RELEVANT,lázs
NOT RELEVANT,lédi
NOT RELEVANT,lény
NOT RELEVANT,lért
NOT RELEVANT,lós
NOT RELEVANT,löntöde
NOT RELEVANT,mai
NOT RELEVANT,mann
NOT RELEVANT,mbor
NOT RELEVANT,mbrus
NOT RELEVANT,mecsei
NOT RELEVANT,megye
NOT RELEVANT,mendi
NOT RELEVANT,ment
NOT RELEVANT,mer
NOT RELEVANT,"mester"""
NOT RELEVANT,meth
NOT RELEVANT,mhakl
NOT RELEVANT,mi-Plusz
NOT RELEVANT,mján
NOT RELEVANT,mloland
NOT RELEVANT,mmer
NOT RELEVANT,mmunalis
NOT RELEVANT,modai
NOT RELEVANT,modi
NOT RELEVANT,monkos
NOT RELEVANT,mos
NOT RELEVANT,mosi
NOT RELEVANT,mre
NOT RELEVANT,msler
NOT RELEVANT,munalis
NOT RELEVANT,mán
NOT RELEVANT,mányos
NOT RELEVANT,más
NOT RELEVANT,mássy
NOT RELEVANT,mér
NOT RELEVANT,mínium
NOT RELEVANT,n-Car
NOT RELEVANT,nabás
NOT RELEVANT,nagy
NOT RELEVANT,nai
NOT RELEVANT,nalis
NOT RELEVANT,naszéki
NOT RELEVANT,nay
NOT RELEVANT,nbaum
NOT RELEVANT,nbukan
NOT RELEVANT,nce
NOT RELEVANT,ncné
NOT RELEVANT,ncsek
NOT RELEVANT,ncsik
NOT RELEVANT,ncsity
NOT RELEVANT,ncsák
NOT RELEVANT,ncz
NOT RELEVANT,ncze
NOT RELEVANT,nczédi
NOT RELEVANT,nczöl
NOT RELEVANT,nde
NOT RELEVANT,ndi
NOT RELEVANT,ndor
NOT RELEVANT,ndrasek
NOT RELEVANT,ndre
NOT RELEVANT,ndrás
NOT RELEVANT,nedek
NOT RELEVANT,nege
NOT RELEVANT,nel
NOT RELEVANT,neystar
NOT RELEVANT,ngaria
NOT RELEVANT,ngatlan
NOT RELEVANT,nger
NOT RELEVANT,ngurár
NOT RELEVANT,ngár
NOT RELEVANT,nika
NOT RELEVANT,nikai
NOT RELEVANT,nikõ
NOT RELEVANT,nits
NOT RELEVANT,nium
NOT RELEVANT,nix
NOT RELEVANT,nizse
NOT RELEVANT,nkezelõ
NOT RELEVANT,nkos
NOT RELEVANT,nkár
NOT RELEVANT,nkás
NOT RELEVANT,nkó
NOT RELEVANT,nna
NOT RELEVANT,nntartó
NOT RELEVANT,nné
NOT RELEVANT,nodi
NOT RELEVANT,nology
NOT RELEVANT,noncsek
NOT RELEVANT,nos
NOT RELEVANT,noskuti
NOT RELEVANT,nosné
NOT RELEVANT,novics
NOT RELEVANT,nszki
NOT RELEVANT,ntal
NOT RELEVANT,ntartó
NOT RELEVANT,nter
NOT RELEVANT,nterware
NOT RELEVANT,ntor
NOT RELEVANT,ntó
NOT RELEVANT,ntöde
NOT RELEVANT,nus
NOT RELEVANT,nwed
NOT RELEVANT,nyai
NOT RELEVANT,nye-Trade
NOT RELEVANT,nyedi
NOT RELEVANT,nyei
NOT RELEVANT,nyi
NOT RELEVANT,nyik
NOT RELEVANT,nyos
NOT RELEVANT,nyó
NOT RELEVANT,nácsadó
NOT RELEVANT,nár
NOT RELEVANT,nás
NOT RELEVANT,néz
NOT RELEVANT,o-Prima
NOT RELEVANT,oTech
NOT RELEVANT,obics
NOT RELEVANT,ocsis
NOT RELEVANT,ocskai
NOT RELEVANT,ocsány
NOT RELEVANT,ocsúcs
NOT RELEVANT,odai
NOT RELEVANT,odi
NOT RELEVANT,odnár
NOT RELEVANT,ody
NOT RELEVANT,ogy
NOT RELEVANT,ogyán
NOT RELEVANT,ohári
NOT RELEVANT,ojcsev
NOT RELEVANT,ojka
NOT RELEVANT,okol
NOT RELEVANT,okrossy
NOT RELEVANT,oland
NOT RELEVANT,olcs
NOT RELEVANT,oldenits
NOT RELEVANT,olding
NOT RELEVANT,oldizsár
NOT RELEVANT,oleiSped
NOT RELEVANT,oletics
NOT RELEVANT,olett
NOT RELEVANT,olf
NOT RELEVANT,olg
NOT RELEVANT,olgáltató
NOT RELEVANT,olgári
NOT RELEVANT,ollwerck
NOT RELEVANT,ollós
NOT RELEVANT,olnay
NOT RELEVANT,olnár
NOT RELEVANT,olobics
NOT RELEVANT,ology
NOT RELEVANT,olt
NOT RELEVANT,oltai
NOT RELEVANT,oltán
NOT RELEVANT,oltánné
NOT RELEVANT,oly
NOT RELEVANT,olán
NOT RELEVANT,omján
NOT RELEVANT,omloland
NOT RELEVANT,ommunalis
NOT RELEVANT,omodi
NOT RELEVANT,omonkos
NOT RELEVANT,omosi
NOT RELEVANT,ományos
NOT RELEVANT,omínium
NOT RELEVANT,ona
NOT RELEVANT,onai
NOT RELEVANT,oncsek
NOT RELEVANT,ondi
NOT RELEVANT,oneystar
NOT RELEVANT,onkezelõ
NOT RELEVANT,onkos
NOT RELEVANT,ony
NOT RELEVANT,oplak
NOT RELEVANT,opment
NOT RELEVANT,ora-Ital
NOT RELEVANT,orbert
NOT RELEVANT,orda
NOT RELEVANT,orfer
NOT RELEVANT,orgai
NOT RELEVANT,orgyár
NOT RELEVANT,orozell
NOT RELEVANT,orrai
NOT RELEVANT,orváth
NOT RELEVANT,os-Spedit
NOT RELEVANT,osenbaum
NOT RELEVANT,osi
NOT RELEVANT,oskuti
NOT RELEVANT,osné
NOT RELEVANT,ossy
NOT RELEVANT,osta
NOT RELEVANT,osz
NOT RELEVANT,osárlabda
NOT RELEVANT,ot-Nagy
NOT RELEVANT,otyondi
NOT RELEVANT,oup
NOT RELEVANT,ovay
NOT RELEVANT,ovics
NOT RELEVANT,ovits
NOT RELEVANT,ozell
NOT RELEVANT,ozma
NOT RELEVANT,ozsos
NOT RELEVANT,ozák
NOT RELEVANT,park
NOT RELEVANT,pay
NOT RELEVANT,ped
NOT RELEVANT,pedit
NOT RELEVANT,pesházi
NOT RELEVANT,pesi
NOT RELEVANT,phalmi
NOT RELEVANT,piac
NOT RELEVANT,pira
NOT RELEVANT,plabda
NOT RELEVANT,plak
NOT RELEVANT,plant
NOT RELEVANT,pment
NOT RELEVANT,podi
NOT RELEVANT,pody
NOT RELEVANT,pon
NOT RELEVANT,ppark
NOT RELEVANT,ppay
NOT RELEVANT,ppon
NOT RELEVANT,psch
NOT RELEVANT,pszer
NOT RELEVANT,ptika
NOT RELEVANT,pus
NOT RELEVANT,pád
NOT RELEVANT,pítõ
NOT RELEVANT,ra-Ital
NOT RELEVANT,raMed
NOT RELEVANT,rade
NOT RELEVANT,rafás
NOT RELEVANT,ragó
NOT RELEVANT,rahulcsán
NOT RELEVANT,rai
NOT RELEVANT,rank
NOT RELEVANT,rankó
NOT RELEVANT,rans
NOT RELEVANT,rasek
NOT RELEVANT,rasznai
NOT RELEVANT,rausz
NOT RELEVANT,rbert
NOT RELEVANT,rbona
NOT RELEVANT,rbus
NOT RELEVANT,rck
NOT RELEVANT,rcs
NOT RELEVANT,rcsák
NOT RELEVANT,rcsényi
NOT RELEVANT,rcsök
NOT RELEVANT,rcz
NOT RELEVANT,rcza
NOT RELEVANT,rcze
NOT RELEVANT,rcán
NOT RELEVANT,rda
NOT RELEVANT,rdai
NOT RELEVANT,rdei
NOT RELEVANT,rdi
NOT RELEVANT,rdics
NOT RELEVANT,rdorfer
NOT RELEVANT,rdos
NOT RELEVANT,rdõ
NOT RELEVANT,rek
NOT RELEVANT,relgo
NOT RELEVANT,renc
NOT RELEVANT,rencné
NOT RELEVANT,repesi
NOT RELEVANT,res
NOT RELEVANT,rfekt
NOT RELEVANT,rfer
NOT RELEVANT,rga
NOT RELEVANT,rgai
NOT RELEVANT,rgy
NOT RELEVANT,rgyné
NOT RELEVANT,rgyár
NOT RELEVANT,rgõ
NOT RELEVANT,ria
NOT RELEVANT,ricz
NOT RELEVANT,rigalek
NOT RELEVANT,rigler
NOT RELEVANT,rika
NOT RELEVANT,rima
NOT RELEVANT,rincz
NOT RELEVANT,ring
NOT RELEVANT,rink
NOT RELEVANT,risztyián
NOT RELEVANT,rka
NOT RELEVANT,rkányi
NOT RELEVANT,rkóth
NOT RELEVANT,rlabda
NOT RELEVANT,rlovits
NOT RELEVANT,rláng
NOT RELEVANT,rmendi
NOT RELEVANT,rmos
NOT RELEVANT,rnabás
NOT RELEVANT,rnagy
NOT RELEVANT,rnyei
NOT RELEVANT,rnyik
NOT RELEVANT,ro-Prima
NOT RELEVANT,roTech
NOT RELEVANT,rocsúcs
NOT RELEVANT,rogyán
NOT RELEVANT,roly
NOT RELEVANT,rosi
NOT RELEVANT,rossy
NOT RELEVANT,rosz
NOT RELEVANT,rot-Nagy
NOT RELEVANT,roup
NOT RELEVANT,rozell
NOT RELEVANT,rpád
NOT RELEVANT,rrai
NOT RELEVANT,rró
NOT RELEVANT,rsai
NOT RELEVANT,rszki
NOT RELEVANT,rség
NOT RELEVANT,rta
NOT RELEVANT,rtek
NOT RELEVANT,rth
NOT RELEVANT,rton
NOT RELEVANT,rtó
NOT RELEVANT,rucz
NOT RELEVANT,ruházás
NOT RELEVANT,rus
NOT RELEVANT,ruszervíz
NOT RELEVANT,rvezõ
NOT RELEVANT,rváth
NOT RELEVANT,rvíz
NOT RELEVANT,rware
NOT RELEVANT,rzsébet
NOT RELEVANT,rácsony
NOT RELEVANT,rág
NOT RELEVANT,rányi
NOT RELEVANT,rár
NOT RELEVANT,rás
NOT RELEVANT,rát
NOT RELEVANT,rázik
NOT RELEVANT,rés
NOT RELEVANT,róczai
NOT RELEVANT,róti
NOT RELEVANT,rózik
NOT RELEVANT,rühauf
NOT RELEVANT,s-Spedit
NOT RELEVANT,s_HU
NOT RELEVANT,saba
NOT RELEVANT,sadó
NOT RELEVANT,sai
NOT RELEVANT,salava
NOT RELEVANT,sanna
NOT RELEVANT,sapody
NOT RELEVANT,sapó
NOT RELEVANT,sbenedek
NOT RELEVANT,sch
NOT RELEVANT,schof
NOT RELEVANT,sef
NOT RELEVANT,sefné
NOT RELEVANT,sei
NOT RELEVANT,sek
NOT RELEVANT,sekerdõ
NOT RELEVANT,senbaum
NOT RELEVANT,ser
NOT RELEVANT,serû
NOT RELEVANT,sev
NOT RELEVANT,sházi
NOT RELEVANT,siday
NOT RELEVANT,sik
NOT RELEVANT,silla
NOT RELEVANT,sinkó
NOT RELEVANT,sinszki
NOT RELEVANT,sir
NOT RELEVANT,sis
NOT RELEVANT,sity
NOT RELEVANT,skai
NOT RELEVANT,skevári
NOT RELEVANT,skuti
NOT RELEVANT,sler
NOT RELEVANT,sné
NOT RELEVANT,solt
NOT RELEVANT,sony
NOT RELEVANT,sos
NOT RELEVANT,sovics
NOT RELEVANT,spiac
NOT RELEVANT,ssy
NOT RELEVANT,sta
NOT RELEVANT,stag
NOT RELEVANT,star
NOT RELEVANT,"ster"""
NOT RELEVANT,stván
NOT RELEVANT,suzsanna
NOT RELEVANT,svári
NOT RELEVANT,sza-Csir
NOT RELEVANT,szegi
NOT RELEVANT,szeley
NOT RELEVANT,szer
NOT RELEVANT,szervezõ
NOT RELEVANT,szervíz
NOT RELEVANT,szki
NOT RELEVANT,szkuj
NOT RELEVANT,szló
NOT RELEVANT,sznai
NOT RELEVANT,szné
NOT RELEVANT,szolg
NOT RELEVANT,szt
NOT RELEVANT,sztalos
NOT RELEVANT,szti
NOT RELEVANT,sztyián
NOT RELEVANT,széki
NOT RELEVANT,szó
NOT RELEVANT,ságh
NOT RELEVANT,sák
NOT RELEVANT,sán
NOT RELEVANT,sánszki
NOT RELEVANT,sány
NOT RELEVANT,sányi
NOT RELEVANT,sár
NOT RELEVANT,sárlabda
NOT RELEVANT,sébet
NOT RELEVANT,sédi
NOT RELEVANT,ség
NOT RELEVANT,sényi
NOT RELEVANT,síkos
NOT RELEVANT,sök
NOT RELEVANT,súcs
NOT RELEVANT,t-Drink
NOT RELEVANT,t-Nagy
NOT RELEVANT,tag
NOT RELEVANT,tai
NOT RELEVANT,tal
NOT RELEVANT,talin
NOT RELEVANT,talos
NOT RELEVANT,tar
NOT RELEVANT,tartó
NOT RELEVANT,tató
NOT RELEVANT,technikai
NOT RELEVANT,tek
NOT RELEVANT,ter
NOT RELEVANT,"ter"""
NOT RELEVANT,terware
NOT RELEVANT,tics
NOT RELEVANT,ties_HU
NOT RELEVANT,tika
NOT RELEVANT,tila
NOT RELEVANT,tin
NOT RELEVANT,tinger
NOT RELEVANT,tkay
NOT RELEVANT,tkovics
NOT RELEVANT,tkó
NOT RELEVANT,tlan
NOT RELEVANT,tlik
NOT RELEVANT,tojcsev
NOT RELEVANT,tojka
NOT RELEVANT,tollwerck
NOT RELEVANT,ton
NOT RELEVANT,tona
NOT RELEVANT,tonai
NOT RELEVANT,tor
NOT RELEVANT,torgyár
NOT RELEVANT,trausz
NOT RELEVANT,trányi
NOT RELEVANT,tter
NOT RELEVANT,ttila
NOT RELEVANT,ttó
NOT RELEVANT,tván
NOT RELEVANT,tycenter
NOT RELEVANT,tyián
NOT RELEVANT,tyondi
NOT RELEVANT,tyás
NOT RELEVANT,tán
NOT RELEVANT,tánné
NOT RELEVANT,téppark
NOT RELEVANT,tér
NOT RELEVANT,tók
NOT RELEVANT,"tõmester"""
NOT RELEVANT,töde
NOT RELEVANT,törés
NOT RELEVANT,ubay
NOT RELEVANT,ubik
NOT RELEVANT,ucy
NOT RELEVANT,ucz
NOT RELEVANT,udvig
NOT RELEVANT,udák
NOT RELEVANT,udás
NOT RELEVANT,uer
NOT RELEVANT,ugár
NOT RELEVANT,uhn
NOT RELEVANT,uházás
NOT RELEVANT,uka
NOT RELEVANT,ukan
NOT RELEVANT,uker
NOT RELEVANT,ukodi
NOT RELEVANT,ula
NOT RELEVANT,ulcsán
NOT RELEVANT,uller
NOT RELEVANT,ulo
NOT RELEVANT,ulyás
NOT RELEVANT,uláné
NOT RELEVANT,ulátkó
NOT RELEVANT,umhakl
NOT RELEVANT,umi-Plusz
NOT RELEVANT,ummer
NOT RELEVANT,un-Car
NOT RELEVANT,unalis
NOT RELEVANT,ung
NOT RELEVANT,ungaria
NOT RELEVANT,uppon
NOT RELEVANT,uro-Prima
NOT RELEVANT,urszki
NOT RELEVANT,urucz
NOT RELEVANT,ury
NOT RELEVANT,urár
NOT RELEVANT,us+
NOT RELEVANT,usi
NOT RELEVANT,uspiac
NOT RELEVANT,usz
NOT RELEVANT,uszervíz
NOT RELEVANT,uti
NOT RELEVANT,uzik
NOT RELEVANT,uzsanna
NOT RELEVANT,uzsik
NOT RELEVANT,uzási
NOT RELEVANT,valdi
NOT RELEVANT,vanus
NOT RELEVANT,varcz
NOT RELEVANT,vay
NOT RELEVANT,velopment
NOT RELEVANT,vezõ
NOT RELEVANT,vics
NOT RELEVANT,vig
NOT RELEVANT,vitkovics
NOT RELEVANT,vits
NOT RELEVANT,ván
NOT RELEVANT,vári
NOT RELEVANT,városi
NOT RELEVANT,váth
NOT RELEVANT,víz
NOT RELEVANT,ware
NOT RELEVANT,wed
NOT RELEVANT,werck
NOT RELEVANT,x-Kardos
NOT RELEVANT,x-Optika
NOT RELEVANT,xplant
NOT RELEVANT,yai
NOT RELEVANT,yalja-Tár
NOT RELEVANT,ycenter
NOT RELEVANT,ye-Trade
NOT RELEVANT,yedi
NOT RELEVANT,yei
NOT RELEVANT,yer
NOT RELEVANT,yercán
NOT RELEVANT,yházmegye
NOT RELEVANT,yik
NOT RELEVANT,yián
NOT RELEVANT,ynwed
NOT RELEVANT,yné
NOT RELEVANT,yondi
NOT RELEVANT,yonkezelõ
NOT RELEVANT,yos
NOT RELEVANT,ystar
NOT RELEVANT,yszervezõ
NOT RELEVANT,yukodi
NOT RELEVANT,yula
NOT RELEVANT,yuláné
NOT RELEVANT,yák
NOT RELEVANT,yán
NOT RELEVANT,yár
NOT RELEVANT,yári
NOT RELEVANT,yás
NOT RELEVANT,yépszer
NOT RELEVANT,yírség
NOT RELEVANT,yörgy
NOT RELEVANT,yörgyné
NOT RELEVANT,za-Csir
NOT RELEVANT,zabolcs
NOT RELEVANT,zafi
NOT RELEVANT,zai
NOT RELEVANT,zakó
NOT RELEVANT,zalai
NOT RELEVANT,zarka
NOT RELEVANT,zdernyik
NOT RELEVANT,zeghõ
NOT RELEVANT,zegi
NOT RELEVANT,zeglédi
NOT RELEVANT,zeley
NOT RELEVANT,zell
NOT RELEVANT,zelõ
NOT RELEVANT,zepesházi
NOT RELEVANT,zer
NOT RELEVANT,zervezõ
NOT RELEVANT,zervíz
NOT RELEVANT,zetlik
NOT RELEVANT,zigeti
NOT RELEVANT,zik
NOT RELEVANT,ziközmû
NOT RELEVANT,zili
NOT RELEVANT,zilárd
NOT RELEVANT,zin
NOT RELEVANT,zinege
NOT RELEVANT,zirbus
NOT RELEVANT,zitkay
NOT RELEVANT,zivárosi
NOT RELEVANT,zki
NOT RELEVANT,zkuj
NOT RELEVANT,zló
NOT RELEVANT,zma
NOT RELEVANT,zmegye
NOT RELEVANT,zmér
NOT RELEVANT,zmû
NOT RELEVANT,znai
NOT RELEVANT,zné
NOT RELEVANT,zokol
NOT RELEVANT,zolg
NOT RELEVANT,zományos
NOT RELEVANT,zsanna
NOT RELEVANT,zse
NOT RELEVANT,zsef
NOT RELEVANT,zsefné
NOT RELEVANT,zsik
NOT RELEVANT,zsos
NOT RELEVANT,zsu
NOT RELEVANT,zsár
NOT RELEVANT,zsébet
NOT RELEVANT,zsõ
NOT RELEVANT,ztalos
NOT RELEVANT,zti
NOT RELEVANT,ztojcsev
NOT RELEVANT,ztojka
NOT RELEVANT,ztyián
NOT RELEVANT,zák
NOT RELEVANT,zántó
NOT RELEVANT,záné
NOT RELEVANT,zár
NOT RELEVANT,zás
NOT RELEVANT,zási
NOT RELEVANT,zécsi
NOT RELEVANT,zédi
NOT RELEVANT,zékely
NOT RELEVANT,zéki
NOT RELEVANT,zéll
NOT RELEVANT,zéphalmi
NOT RELEVANT,zöl
NOT RELEVANT,ÁBLI
NOT RELEVANT,ÁCS
NOT RELEVANT,ÁFÉSZ
NOT RELEVANT,ÁLFI
NOT RELEVANT,ÁNDOR
NOT RELEVANT,ÁNDORNÉ
NOT RELEVANT,ÁNIEL
NOT RELEVANT,ÁNY
NOT RELEVANT,ÁR-GÉP
NOT RELEVANT,ÁRKER
NOT RELEVANT,ÁRTMÁNY
NOT RELEVANT,ÁS-RÉT
NOT RELEVANT,ÁSI
NOT RELEVANT,ÁSZLÓ
NOT RELEVANT,ÁSZLÓNÉ
NOT RELEVANT,ÁSZÁR-GÉP
NOT RELEVANT,ÁZDA
NOT RELEVANT,Ács
NOT RELEVANT,Ádám
NOT RELEVANT,Ákos
NOT RELEVANT,Árpád
NOT RELEVANT,ÉKÉPÍTÕ
NOT RELEVANT,ÉMETH
NOT RELEVANT,ÉPITÕ
NOT RELEVANT,ÉPSYSTEM
NOT RELEVANT,ÉPÍTÕ
NOT RELEVANT,ÉRA
NOT RELEVANT,ÉRÉP
NOT RELEVANT,ÉSVÁR
NOT RELEVANT,ÉSZ
NOT RELEVANT,ÉTFÖ
NOT RELEVANT,Építõ
NOT RELEVANT,Éva
NOT RELEVANT,ÍR-SZIGET
NOT RELEVANT,ÍTÓ
NOT RELEVANT,ÍTÕ
NOT RELEVANT,"ÍZ"""
NOT RELEVANT,ÓGIAI
NOT RELEVANT,ÓNÉ
NOT RELEVANT,ÓRA
NOT RELEVANT,ÓZSEF
NOT RELEVANT,Ónodi
NOT RELEVANT,ÕR'DE
NOT RELEVANT,Õrláng
NOT RELEVANT,ÖLDES
NOT RELEVANT,ÖLGYE
NOT RELEVANT,ÖLGYI
NOT RELEVANT,ÖRÉSVÁR
NOT RELEVANT,ÖS-VÖLGYE
NOT RELEVANT,ÖVETKEZET
NOT RELEVANT,ÖZMÛ
NOT RELEVANT,ÖZPONT
NOT RELEVANT,ábián
NOT RELEVANT,ábor
NOT RELEVANT,ácsadó
NOT RELEVANT,ácsony
NOT RELEVANT,ácz
NOT RELEVANT,ádai
NOT RELEVANT,ádi
NOT RELEVANT,ádár
NOT RELEVANT,áfra
NOT RELEVANT,ágh
NOT RELEVANT,ági
NOT RELEVANT,ágó
NOT RELEVANT,áhó
NOT RELEVANT,ákovics
NOT RELEVANT,áldi
NOT RELEVANT,álffy
NOT RELEVANT,álinkás
NOT RELEVANT,álint
NOT RELEVANT,áljános
NOT RELEVANT,álmán
NOT RELEVANT,áltató
NOT RELEVANT,ály
NOT RELEVANT,ályi
NOT RELEVANT,ámbor
NOT RELEVANT,áncsity
NOT RELEVANT,ándor
NOT RELEVANT,áng
NOT RELEVANT,ánné
NOT RELEVANT,ános
NOT RELEVANT,ánoskuti
NOT RELEVANT,ánosné
NOT RELEVANT,ánszki
NOT RELEVANT,ántor
NOT RELEVANT,ántó
NOT RELEVANT,ány
NOT RELEVANT,ányai
NOT RELEVANT,ányi
NOT RELEVANT,ányos
NOT RELEVANT,áné
NOT RELEVANT,árd
NOT RELEVANT,árdai
NOT RELEVANT,ári
NOT RELEVANT,árkányi
NOT RELEVANT,árlabda
NOT RELEVANT,árnagy
NOT RELEVANT,ároly
NOT RELEVANT,árosi
NOT RELEVANT,árt
NOT RELEVANT,árton
NOT RELEVANT,áry
NOT RELEVANT,ási
NOT RELEVANT,ássy
NOT RELEVANT,ászló
NOT RELEVANT,ászti
NOT RELEVANT,áth
NOT RELEVANT,átkó
NOT RELEVANT,átyás
NOT RELEVANT,ázi
NOT RELEVANT,ázik
NOT RELEVANT,ázmegye
NOT RELEVANT,ázmér
NOT RELEVANT,ázs
NOT RELEVANT,ázár
NOT RELEVANT,ázás
NOT RELEVANT,ébet
NOT RELEVANT,écsi
NOT RELEVANT,édi
NOT RELEVANT,ékely
NOT RELEVANT,éki
NOT RELEVANT,éla
NOT RELEVANT,éll
NOT RELEVANT,élöntöde
NOT RELEVANT,émeth
NOT RELEVANT,ény
NOT RELEVANT,ényi
NOT RELEVANT,épa
NOT RELEVANT,éphalmi
NOT RELEVANT,éppark
NOT RELEVANT,épszer
NOT RELEVANT,éres
NOT RELEVANT,ért
NOT RELEVANT,éter
NOT RELEVANT,ézáné
NOT RELEVANT,íkos
NOT RELEVANT,ínium
NOT RELEVANT,írség
NOT RELEVANT,író
NOT RELEVANT,ítõ
NOT RELEVANT,ízivárosi
NOT RELEVANT,óbai
NOT RELEVANT,óbert
NOT RELEVANT,óbi
NOT RELEVANT,óczai
NOT RELEVANT,óczár
NOT RELEVANT,ódis
NOT RELEVANT,ógiai
NOT RELEVANT,ójárt
NOT RELEVANT,ónaszéki
NOT RELEVANT,ónika
NOT RELEVANT,ónás
NOT RELEVANT,óra
NOT RELEVANT,óricz
NOT RELEVANT,ószegi
NOT RELEVANT,ószó
NOT RELEVANT,óth
NOT RELEVANT,óti
NOT RELEVANT,ótin
NOT RELEVANT,ótér
NOT RELEVANT,ótörés
NOT RELEVANT,ózik
NOT RELEVANT,ózsef
NOT RELEVANT,ózsefné
NOT RELEVANT,"õmester"""
NOT RELEVANT,õrincz
NOT RELEVANT,õvári
NOT RELEVANT,öde
NOT RELEVANT,ökény
NOT RELEVANT,önczöl
NOT RELEVANT,öntöde
NOT RELEVANT,öplabda
NOT RELEVANT,örcs
NOT RELEVANT,örcsök
NOT RELEVANT,örgy
NOT RELEVANT,örgyné
NOT RELEVANT,örmendi
NOT RELEVANT,örnyei
NOT RELEVANT,örés
NOT RELEVANT,özmû
NOT RELEVANT,úcs
NOT RELEVANT,útorgyár
NOT RELEVANT,ügedi
NOT RELEVANT,ühauf
NOT RELEVANT,ükedi
NOT RELEVANT,ünde
NOT RELEVANT,üskevári
NOT RELEVANT,üzi
REAL ESTATE,"""Ifjuság"""
REAL ESTATE,"""Y-Ház"""
REAL ESTATE,-20.
REAL ESTATE,-Centrum
REAL ESTATE,-Estate
REAL ESTATE,-Füzes
REAL ESTATE,-HÁZ
REAL ESTATE,"-Ház"""
REAL ESTATE,-ING
REAL ESTATE,-Invest
REAL ESTATE,-Komplett
REAL ESTATE,-LAKÓPARK
REAL ESTATE,-PROPERTY
REAL ESTATE,-Projekt
REAL ESTATE,-STRAND
REAL ESTATE,-Sea
REAL ESTATE,"-ház"""
REAL ESTATE,113.
REAL ESTATE,13.
REAL ESTATE,14.
REAL ESTATE,18-20.
REAL ESTATE,20.
REAL ESTATE,313.
REAL ESTATE,314.
REAL ESTATE,32.
REAL ESTATE,8-20.
REAL ESTATE,AGEMENT
REAL ESTATE,AGHÁZ
REAL ESTATE,AKÓPARK
REAL ESTATE,ANAGEMENT
REAL ESTATE,ANCING
REAL ESTATE,AND
REAL ESTATE,ANTAL
REAL ESTATE,AP-HÁZ
REAL ESTATE,ARK
REAL ESTATE,ARNOK
REAL ESTATE,AV-Estate
REAL ESTATE,Ady
REAL ESTATE,Anna
REAL ESTATE,Barátság
REAL ESTATE,CENCIA
REAL ESTATE,CIA
REAL ESTATE,CING
REAL ESTATE,CISA
REAL ESTATE,CORDIA
REAL ESTATE,CSARNOK
REAL ESTATE,Centrum
REAL ESTATE,DAV
REAL ESTATE,DIA
REAL ESTATE,Domonkos
REAL ESTATE,EKTETÉSI
REAL ESTATE,EMENT
REAL ESTATE,EMPLÉN
REAL ESTATE,ENCIA
REAL ESTATE,ENT
REAL ESTATE,ERCISA
REAL ESTATE,ERTY
REAL ESTATE,ERZSO-ING
REAL ESTATE,ESTOR
REAL ESTATE,ETÉSI
REAL ESTATE,Edgewater
REAL ESTATE,Estate
REAL ESTATE,FEKTETÉSI
REAL ESTATE,FINANCING
REAL ESTATE,Futureal
REAL ESTATE,Füzes
REAL ESTATE,GEMENT
REAL ESTATE,GHÁZ
REAL ESTATE,GITING
REAL ESTATE,HÁZ
REAL ESTATE,"Ház"""
REAL ESTATE,ICENCIA
REAL ESTATE,ILLAGHÁZ
REAL ESTATE,INANCING
REAL ESTATE,ING
REAL ESTATE,INTERCISA
REAL ESTATE,INVESTOR
REAL ESTATE,ISA
REAL ESTATE,ITING
REAL ESTATE,"Ifjuság"""
REAL ESTATE,Ingatlan
REAL ESTATE,Invest
REAL ESTATE,KTETÉSI
REAL ESTATE,Komplett
REAL ESTATE,Korona
REAL ESTATE,KÓPARK
REAL ESTATE,Kálvária
REAL ESTATE,LAGHÁZ
REAL ESTATE,LAKÓPARK
REAL ESTATE,LICENCIA
REAL ESTATE,LLAGHÁZ
REAL ESTATE,LÉN
REAL ESTATE,MENT
REAL ESTATE,MPLÉN
REAL ESTATE,Modul
REAL ESTATE,Mártírok
REAL ESTATE,NAGEMENT
REAL ESTATE,NANCING
REAL ESTATE,NAP-HÁZ
REAL ESTATE,NCIA
REAL ESTATE,NCING
REAL ESTATE,NOK
REAL ESTATE,NTAL
REAL ESTATE,NTERCISA
REAL ESTATE,NVESTOR
REAL ESTATE,O-ING
REAL ESTATE,ONY
REAL ESTATE,OPERTY
REAL ESTATE,ORDIA
REAL ESTATE,ORONY
REAL ESTATE,P-HÁZ
REAL ESTATE,PARK
REAL ESTATE,PERTY
REAL ESTATE,PLÉN
REAL ESTATE,PROPERTY
REAL ESTATE,PX7
REAL ESTATE,Parabola
REAL ESTATE,Projekt
REAL ESTATE,Pálma
REAL ESTATE,Pátria
REAL ESTATE,RAND
REAL ESTATE,RCISA
REAL ESTATE,RDIA
REAL ESTATE,RINVESTOR
REAL ESTATE,RNOK
REAL ESTATE,RONY
REAL ESTATE,ROPERTY
REAL ESTATE,RTCSARNOK
REAL ESTATE,RTY
REAL ESTATE,RZSO-ING
REAL ESTATE,Radnóti
REAL ESTATE,S-STRAND
REAL ESTATE,SARNOK
REAL ESTATE,SILLAGHÁZ
REAL ESTATE,SO-ING
REAL ESTATE,STOR
REAL ESTATE,STRAND
REAL ESTATE,Sea
REAL ESTATE,Sávház
REAL ESTATE,TAL
REAL ESTATE,TCSARNOK
REAL ESTATE,TERCISA
REAL ESTATE,TETÉSI
REAL ESTATE,TING
REAL ESTATE,TOR
REAL ESTATE,TORONY
REAL ESTATE,TRAND
REAL ESTATE,Torony
REAL ESTATE,TÉSI
REAL ESTATE,Társasház
REAL ESTATE,V-Estate
REAL ESTATE,VESTOR
REAL ESTATE,"Y-Ház"""
REAL ESTATE,ZEMPLÉN
REAL ESTATE,ZSO-ING
REAL ESTATE,Zöldudvar
REAL ESTATE,a-Projekt
REAL ESTATE,abi
REAL ESTATE,abola
REAL ESTATE,ade
REAL ESTATE,adnóti
REAL ESTATE,adó
REAL ESTATE,agement
REAL ESTATE,aki
REAL ESTATE,anagement
REAL ESTATE,anácsadó
REAL ESTATE,arabola
REAL ESTATE,artó
REAL ESTATE,aru-Füzes
REAL ESTATE,arátság
REAL ESTATE,asház
REAL ESTATE,ataki
REAL ESTATE,ate
REAL ESTATE,ater
REAL ESTATE,atlan
REAL ESTATE,beruházó
REAL ESTATE,best
REAL ESTATE,bola
REAL ESTATE,cial
REAL ESTATE,csadó
REAL ESTATE,denbest
REAL ESTATE,dgewater
REAL ESTATE,dnokság
REAL ESTATE,dnóti
REAL ESTATE,dudvar
REAL ESTATE,dul
REAL ESTATE,dvar
REAL ESTATE,dúkerület
REAL ESTATE,eal
REAL ESTATE,ekt
REAL ESTATE,ektetési
REAL ESTATE,ement
REAL ESTATE,enbest
REAL ESTATE,enntartó
REAL ESTATE,ent
REAL ESTATE,entrum
REAL ESTATE,ercial
REAL ESTATE,errán-Sea
REAL ESTATE,ersiade
REAL ESTATE,eruházó
REAL ESTATE,erület
REAL ESTATE,est
REAL ESTATE,etkezet
REAL ESTATE,ett
REAL ESTATE,etési
REAL ESTATE,ewater
REAL ESTATE,ezet
REAL ESTATE,fektetési
REAL ESTATE,fenntartó
REAL ESTATE,"fjuság"""
REAL ESTATE,gatlan
REAL ESTATE,gement
REAL ESTATE,gewater
REAL ESTATE,ház
REAL ESTATE,"ház"""
REAL ESTATE,házó
REAL ESTATE,iade
REAL ESTATE,ial
REAL ESTATE,indenbest
REAL ESTATE,"ipán-ház"""
REAL ESTATE,iversiade
REAL ESTATE,ixabi
REAL ESTATE,jekt
REAL ESTATE,"juság"""
REAL ESTATE,kerület
REAL ESTATE,kezet
REAL ESTATE,kos
REAL ESTATE,kság
REAL ESTATE,ktetési
REAL ESTATE,körúti
REAL ESTATE,l-Centrum
REAL ESTATE,lan
REAL ESTATE,ldudvar
REAL ESTATE,let
REAL ESTATE,lett
REAL ESTATE,lma
REAL ESTATE,lvária
REAL ESTATE,lányi
REAL ESTATE,ment
REAL ESTATE,mercial
REAL ESTATE,mmercial
REAL ESTATE,monkos
REAL ESTATE,mplett
REAL ESTATE,n-Sea
REAL ESTATE,"n-ház"""
REAL ESTATE,nagement
REAL ESTATE,nberuházó
REAL ESTATE,nbest
REAL ESTATE,ndenbest
REAL ESTATE,ndnokság
REAL ESTATE,ngatlan
REAL ESTATE,nkos
REAL ESTATE,nna
REAL ESTATE,nntartó
REAL ESTATE,nokság
REAL ESTATE,nosítási
REAL ESTATE,ntartó
REAL ESTATE,ntrum
REAL ESTATE,nvest
REAL ESTATE,nyi
REAL ESTATE,nácsadó
REAL ESTATE,nóti
REAL ESTATE,odul
REAL ESTATE,ojekt
REAL ESTATE,okság
REAL ESTATE,ola
REAL ESTATE,ommercial
REAL ESTATE,omonkos
REAL ESTATE,omplett
REAL ESTATE,ona
REAL ESTATE,ondnokság
REAL ESTATE,onkos
REAL ESTATE,ony
REAL ESTATE,orona
REAL ESTATE,orony
REAL ESTATE,orotixabi
REAL ESTATE,ospataki
REAL ESTATE,oszlányi
REAL ESTATE,osítási
REAL ESTATE,otixabi
REAL ESTATE,pataki
REAL ESTATE,plett
REAL ESTATE,"pán-ház"""
REAL ESTATE,rabola
REAL ESTATE,rcial
REAL ESTATE,real
REAL ESTATE,ria
REAL ESTATE,rojekt
REAL ESTATE,rok
REAL ESTATE,rona
REAL ESTATE,rony
REAL ESTATE,rospataki
REAL ESTATE,roszlányi
REAL ESTATE,rotixabi
REAL ESTATE,rrán-Sea
REAL ESTATE,rsasház
REAL ESTATE,rsiade
REAL ESTATE,rtírok
REAL ESTATE,rtó
REAL ESTATE,ru-Füzes
REAL ESTATE,ruházó
REAL ESTATE,rum
REAL ESTATE,rán-Sea
REAL ESTATE,rátság
REAL ESTATE,rúti
REAL ESTATE,rület
REAL ESTATE,sadó
REAL ESTATE,sasház
REAL ESTATE,sház
REAL ESTATE,siade
REAL ESTATE,spataki
REAL ESTATE,state
REAL ESTATE,szlányi
REAL ESTATE,ság
REAL ESTATE,"ság"""
REAL ESTATE,sítási
REAL ESTATE,t-Invest
REAL ESTATE,taki
REAL ESTATE,tanácsadó
REAL ESTATE,tartó
REAL ESTATE,tate
REAL ESTATE,ter
REAL ESTATE,tetési
REAL ESTATE,tixabi
REAL ESTATE,tkezet
REAL ESTATE,tlan
REAL ESTATE,tria
REAL ESTATE,trum
REAL ESTATE,tság
REAL ESTATE,tureal
REAL ESTATE,tási
REAL ESTATE,tési
REAL ESTATE,tírok
REAL ESTATE,u-Füzes
REAL ESTATE,udvar
REAL ESTATE,uházó
REAL ESTATE,ureal
REAL ESTATE,"uság"""
REAL ESTATE,utureal
REAL ESTATE,var
REAL ESTATE,versiade
REAL ESTATE,vest
REAL ESTATE,vetkezet
REAL ESTATE,vház
REAL ESTATE,vária
REAL ESTATE,water
REAL ESTATE,xabi
REAL ESTATE,zes
REAL ESTATE,zet
REAL ESTATE,zlányi
REAL ESTATE,znosítási
REAL ESTATE,ÉSI
REAL ESTATE,ÓPARK
REAL ESTATE,ÖS-STRAND
REAL ESTATE,ácsadó
REAL ESTATE,"ág"""
REAL ESTATE,álma
REAL ESTATE,álvária
REAL ESTATE,án-Sea
REAL ESTATE,"án-ház"""
REAL ESTATE,ányi
REAL ESTATE,ária
REAL ESTATE,ársasház
REAL ESTATE,ártírok
REAL ESTATE,ási
REAL ESTATE,átria
REAL ESTATE,átság
REAL ESTATE,ávház
REAL ESTATE,"áz"""
REAL ESTATE,ázó
REAL ESTATE,ési
REAL ESTATE,írok
REAL ESTATE,ítási
REAL ESTATE,óti
REAL ESTATE,öldudvar
REAL ESTATE,örúti
REAL ESTATE,övetkezet
REAL ESTATE,úkerület
REAL ESTATE,út-Invest
REAL ESTATE,úti
REAL ESTATE,ület
REAL ESTATE,üzes
UTILITIES,-ERÕMÛ
UTILITIES,BC-ERÕMÛ
UTILITIES,C-ERÕMÛ
UTILITIES,EDÕ
UTILITIES,EJÉRVÍZ
UTILITIES,EONHU
UTILITIES,ERESKEDÕ
UTILITIES,ERÕMÛ
UTILITIES,ESKEDÕ
UTILITIES,Energott
UTILITIES,Erõmû
UTILITIES,FEJÉRVÍZ
UTILITIES,IAL
UTILITIES,IPE
UTILITIES,Iota
UTILITIES,JÉRVÍZ
UTILITIES,KEDÕ
UTILITIES,KERESKEDÕ
UTILITIES,Kappa
UTILITIES,LSOL
UTILITIES,LTPIPE
UTILITIES,MNIAL
UTILITIES,MVM
UTILITIES,NHU
UTILITIES,NIAL
UTILITIES,NKM
UTILITIES,OLSOL
UTILITIES,OLTPIPE
UTILITIES,OMNIAL
UTILITIES,ONHU
UTILITIES,PIPE
UTILITIES,POLSOL
UTILITIES,RESKEDÕ
UTILITIES,RVÍZ
UTILITIES,RÕMÛ
UTILITIES,SEONHU
UTILITIES,SKEDÕ
UTILITIES,SOL
UTILITIES,TPIPE
UTILITIES,Távfûtõ
UTILITIES,VOLTPIPE
UTILITIES,VÍZ
UTILITIES,Vízmû
UTILITIES,appa
UTILITIES,atika
UTILITIES,ató
UTILITIES,dások
UTILITIES,edõ
UTILITIES,egoldások
UTILITIES,ereskedõ
UTILITIES,ergott
UTILITIES,eskedõ
UTILITIES,formatika
UTILITIES,fûtõ
UTILITIES,goldások
UTILITIES,gott
UTILITIES,gáltató
UTILITIES,ika
UTILITIES,kedõ
UTILITIES,kereskedõ
UTILITIES,ldások
UTILITIES,lgáltató
UTILITIES,ltató
UTILITIES,matika
UTILITIES,nergott
UTILITIES,oldások
UTILITIES,olgáltató
UTILITIES,ormatika
UTILITIES,ota
UTILITIES,ott
UTILITIES,ppa
UTILITIES,reskedõ
UTILITIES,rgott
UTILITIES,rmatika
UTILITIES,rõmû
UTILITIES,skedõ
UTILITIES,sok
UTILITIES,tató
UTILITIES,tika
UTILITIES,vfûtõ
UTILITIES,zmû
UTILITIES,ÉRVÍZ
UTILITIES,ÕMÛ
UTILITIES,áltató
UTILITIES,ások
UTILITIES,ávfûtõ
UTILITIES,ízmû
UTILITIES,õmû
UTILITIES,ûtõ
industry,ame
industry,name
