name,industry,frequency
"""Delta Leasing""",NOT RELEVANT,9
"""GPK Sever""",MATERIALS,9
"""NTS""",INDUSTRIALS,9
"""OPEKA-GRUPP""",HEALTH CARE,9
"""PROTON-ELEKTROTEKS""",INFORMATION TECHNOLOGY,9
"""PZ""Novoladozhskiy""",CONSUMER STAPLES,9
"""RAV AGRO""",CONSUMER STAPLES,9
"""RESURS""",CONSUMER STAPLES,9
"""TEHNOGREYD""",CONSUMER DISCRETIONARY,9
"""TEKHNOARSK""",CONSUMER STAPLES,9
"""TERMINAL-INTER""",CONSUMER DISCRETIONARY,9
"""UDS NEFT""",ENERGY,9
"""VSK ""ENERGOSISTEMA""",INDUSTRIALS,9
"""ferronordik Mashini""",INDUSTRIALS,9
(JSC) Tizpribor,NOT RELEVANT,9
(LLC) AVALON LOGISTICS,REAL ESTATE,9
+ NA DONU,INDUSTRIALS,9
- AGRO,CONSUMER STAPLES,9
- Building Systems,MATERIALS,9
- CLEAN,HEALTH CARE,9
- Consult,INDUSTRIALS,9
- GOLYATKINO,CONSUMER STAPLES,9
- INVEST,CONSUMER STAPLES,9
- IT,INDUSTRIALS,9
- KAZAN',CONSUMER DISCRETIONARY,9
- KHIMPROMSERVIS,MATERIALS,9
- OSNOVA,CONSUMER STAPLES,9
- OSTROV,CONSUMER STAPLES,9
- PERESVET,INDUSTRIALS,9
- POVOLZH'E,INDUSTRIALS,9
- PROMYSHLENNOST,MATERIALS,9
"- UPC,",MATERIALS,9
-BIAL'GAM,HEALTH CARE,9
-NT,MATERIALS,9
03,CONSUMER DISCRETIONARY,9
1,CONSUMER DISCRETIONARY,18
1,INDUSTRIALS,9
100 TONN,INDUSTRIALS,9
100 TONN MONTAZH,INDUSTRIALS,9
1000 Sizes,CONSUMER DISCRETIONARY,9
111,CONSUMER DISCRETIONARY,9
121MARKETING,CONSUMER DISCRETIONARY,9
12storeez,CONSUMER DISCRETIONARY,18
134642,NOT RELEVANT,9
1520 Signal,INDUSTRIALS,9
16 PRODTOVARY,CONSUMER STAPLES,9
165262,NOT RELEVANT,9
17,INDUSTRIALS,9
1C,INFORMATION TECHNOLOGY,9
2,CONSUMER DISCRETIONARY,9
2,MATERIALS,9
2000,CONSUMER DISCRETIONARY,9
2014,CONSUMER STAPLES,9
2016,MATERIALS,9
21,CONSUMER STAPLES,9
21,HEALTH CARE,9
21,INDUSTRIALS,9
21 VEK,CONSUMER DISCRETIONARY,9
21 VEK YUG,CONSUMER DISCRETIONARY,9
24,CONSUMER DISCRETIONARY,9
25,CONSUMER DISCRETIONARY,9
25,CONSUMER STAPLES,9
258709,NOT RELEVANT,9
27,CONSUMER STAPLES,9
2ND STEVEDORE COMPANY (VSK),NOT RELEVANT,9
2RS,INDUSTRIALS,9
3,CONSUMER STAPLES,9
3,MATERIALS,9
32,INDUSTRIALS,9
36 6,CONSUMER STAPLES,18
379221,NOT RELEVANT,9
38,CONSUMER DISCRETIONARY,9
393429,NOT RELEVANT,9
398378,NOT RELEVANT,9
4 PAPAS,CONSUMER DISCRETIONARY,9
5,CONSUMER DISCRETIONARY,9
5,INDUSTRIALS,9
5 KARMANOV,CONSUMER DISCRETIONARY,9
5 KARMANOV-A,CONSUMER DISCRETIONARY,9
50/60,HEALTH CARE,9
5D,CONSUMER STAPLES,9
620665 ANDREEV A.V.,NOT RELEVANT,9
620704,NOT RELEVANT,9
620705,NOT RELEVANT,9
620722 SUVORIN L.V.,CONSUMER STAPLES,9
620730,NOT RELEVANT,9
620736,NOT RELEVANT,9
620737,NOT RELEVANT,9
620842 IBATULLINA M.I.,NOT RELEVANT,9
620943,NOT RELEVANT,9
621697,NOT RELEVANT,9
621698,NOT RELEVANT,9
7 MARTA,REAL ESTATE,9
7-YA OBSHCHESTVO S OGRANICHENNOI,CONSUMER DISCRETIONARY,9
7.62 RENT,REAL ESTATE,9
700,CONSUMER DISCRETIONARY,9
751061,NOT RELEVANT,9
804924,FINANCIALS,9
808796,NOT RELEVANT,9
817087,NOT RELEVANT,9
824075,NOT RELEVANT,9
826489,NOT RELEVANT,9
827018,NOT RELEVANT,9
827981,NOT RELEVANT,9
831943,NOT RELEVANT,9
848153,NOT RELEVANT,9
872373,NOT RELEVANT,9
953846,NOT RELEVANT,9
A,CONSUMER STAPLES,18
A GRUPP,INDUSTRIALS,9
A RENT,NOT RELEVANT,9
A-BROKER,INDUSTRIALS,9
A-CUSTOMS,INDUSTRIALS,9
A-GLORIA,NOT RELEVANT,9
A-LOGISTIC,CONSUMER STAPLES,9
A-MARKET,CONSUMER DISCRETIONARY,9
A-MIKRON,CONSUMER DISCRETIONARY,9
A-P TRADE,CONSUMER STAPLES,9
A-P Trade,CONSUMER STAPLES,9
A-PARK,REAL ESTATE,9
A-SALT,CONSUMER STAPLES,9
A-SERVICE,INFORMATION TECHNOLOGY,9
A-STEKLO,INDUSTRIALS,9
A-STEP,NOT RELEVANT,9
A-Systems,INFORMATION TECHNOLOGY,9
A-TREID,ENERGY,9
A. SPAIS,CONSUMER STAPLES,9
A.C.DISTRIBUTION LIMITED,INDUSTRIALS,9
A.D.D.,NOT RELEVANT,9
A.K. KHAAZE OSTKHANDEL'SGEZEL'SHAFT,COMMUNICATIONS,9
A.M.,MATERIALS,9
A.P.R.,CONSUMER DISCRETIONARY,9
A.S.,NOT RELEVANT,9
A.STUDIYA,CONSUMER DISCRETIONARY,9
A.V.,CONSUMER STAPLES,9
A.V. Farm,CONSUMER STAPLES,9
A.V.-FARM,CONSUMER STAPLES,9
A.v.e,HEALTH CARE,9
A.v.e.-1,CONSUMER DISCRETIONARY,9
A/O AVTOKRAN,INDUSTRIALS,9
A1 AGRO,CONSUMER STAPLES,9
A1-TRANSKOMPLEKT,INDUSTRIALS,9
AA NEZAVISIMOST,NOT RELEVANT,9
AAA,CONSUMER DISCRETIONARY,9
AAA,MATERIALS,9
AAA MOTORS,CONSUMER DISCRETIONARY,9
AAA MOTORS MKP,CONSUMER DISCRETIONARY,9
AAA NEZAVISIMOST PREMER AVTO,NOT RELEVANT,9
AALYCN,NOT RELEVANT,9
AB ARSK,CONSUMER STAPLES,9
AB InBev Efes,CONSUMER STAPLES,9
AB Rail,MATERIALS,9
AB-MARKET,CONSUMER STAPLES,9
AB68NM,NOT RELEVANT,9
ABAMET MANAGEMENT,INDUSTRIALS,9
ABAMET- SEVERO-ZAPAD,INDUSTRIALS,9
ABAMET-KAMA,INDUSTRIALS,9
ABAMET-NSK,INDUSTRIALS,9
ABAMET-OKA,INDUSTRIALS,9
ABAMET-SAMARA,INDUSTRIALS,9
ABAMET-URAL,INDUSTRIALS,9
ABAMET-VOLGA,INDUSTRIALS,9
ABBK,INDUSTRIALS,9
ABC,INDUSTRIALS,9
ABC Farben,MATERIALS,9
ABG TEKHNOLOGII,INDUSTRIALS,9
ABICOM,INDUSTRIALS,9
ABIK SEPTA,HEALTH CARE,9
ABM SPORT,CONSUMER DISCRETIONARY,9
ABP,CONSUMER STAPLES,9
ABRAMZON SEMEN BORISOVICH,CONSUMER STAPLES,9
ABRAU,CONSUMER STAPLES,9
ABRAU-DYURSO,CONSUMER STAPLES,9
ABRAZIV,CONSUMER DISCRETIONARY,18
ABS,INDUSTRIALS,9
ABS Elektro,INDUSTRIALS,9
ABS ZEiM Automation,INDUSTRIALS,9
ABSOLUT,CONSUMER STAPLES,9
ABSOLUT TRADE,INFORMATION TECHNOLOGY,9
ABSOLYUT,CONSUMER STAPLES,9
ABSOLYUT,INFORMATION TECHNOLOGY,9
ABSOLYUT-AGRO,CONSUMER STAPLES,9
ABSOLYUTNYE,INDUSTRIALS,9
ABT,INDUSTRIALS,9
ABW9E2,NOT RELEVANT,9
ABZ-1,INDUSTRIALS,18
ABZ-107,MATERIALS,9
ABZ-DORSTROY,INDUSTRIALS,9
AC,CONSUMER DISCRETIONARY,9
AC LIMITED LIABILITY,INFORMATION TECHNOLOGY,9
AC PETERSBURG COMPANY,NOT RELEVANT,9
ACADEMIYA,CONSUMER DISCRETIONARY,9
ACCORD GC,INDUSTRIALS,9
ACCUAMAX,NOT RELEVANT,9
ACEPLOMB TECHNOLOGIES LTD. CO.,MATERIALS,9
ACHINSK CEMENT,MATERIALS,9
ACHINSK REFINERY OF EASTERN PETRO,ENERGY,9
ACHINSKOE DRSU,INDUSTRIALS,9
ACHISHKHO,CONSUMER DISCRETIONARY,9
ACOUSTIC RU,MATERIALS,9
ACRA (JSC),INDUSTRIALS,9
ACS,CONSUMER DISCRETIONARY,9
ACTI,INFORMATION TECHNOLOGY,9
ACTION,COMMUNICATIONS,9
ACTIV,NOT RELEVANT,9
ACTIVE KHOST RU,INFORMATION TECHNOLOGY,9
AD RUS,HEALTH CARE,9
ADAMANT,INDUSTRIALS,9
ADAMAS,ENERGY,9
ADAMS CHEMICALS,HEALTH CARE,9
ADEPT,CONSUMER STAPLES,9
ADIDAS,CONSUMER DISCRETIONARY,9
ADITIM,INDUSTRIALS,9
ADK,INDUSTRIALS,9
ADK,MATERIALS,9
ADL,INDUSTRIALS,9
ADMINISTRATION COMPANY PRODIMEX-SHU,CONSUMER STAPLES,9
ADMIRALTEISKII,NOT RELEVANT,9
ADONIS,CONSUMER STAPLES,9
ADV,COMMUNICATIONS,9
ADV,CONSUMER DISCRETIONARY,9
ADV BENCHMARK,COMMUNICATIONS,9
ADVANCE,COMMUNICATIONS,9
ADVANS TOBAKKO FAKTORI,CONSUMER STAPLES,9
ADVANTA,CONSUMER STAPLES,9
ADVENSUM,HEALTH CARE,9
ADVENTUM KONSALTING,COMMUNICATIONS,9
ADVERS,CONSUMER DISCRETIONARY,9
ADVERT.RU,COMMUNICATIONS,9
ADVISERS,COMMUNICATIONS,9
ADWATCH,NOT RELEVANT,9
ADYUTON-N,INDUSTRIALS,9
AE Trading Co.,CONSUMER DISCRETIONARY,9
AERO-NEFTO,ENERGY,9
AERO-PRO,CONSUMER STAPLES,9
AERO-SHEREMETIEVO,INDUSTRIALS,9
AEROEKSPRESS,INDUSTRIALS,9
AEROFIRST,CONSUMER DISCRETIONARY,9
AEROFLOT,INDUSTRIALS,18
AEROPLAST Co.Ltd.,MATERIALS,9
AEROPORT ANAPA,INDUSTRIALS,9
AEROSMART SYSTEMS,CONSUMER DISCRETIONARY,9
AESTHETIC CLINIC EMC,HEALTH CARE,9
AETERNA,REAL ESTATE,9
AEYRO,CONSUMER STAPLES,9
AEYRODAR,INDUSTRIALS,9
AEYROFUD,CONSUMER DISCRETIONARY,9
AEYROPORT KIRENSK,INDUSTRIALS,9
AEYROPROF,INDUSTRIALS,9
AEYROSTAR MSK,INDUSTRIALS,9
AEYS INVEST,UTILITIES,9
AF,INDUSTRIALS,9
AF KAMA,CONSUMER STAPLES,9
AF TELECOM HOLDING,FINANCIALS,9
AF TELECOM HOLDING,NOT RELEVANT,9
AFA-VOLGA,HEALTH CARE,9
AFANASEV SERGEI AFANASEVICH,CONSUMER DISCRETIONARY,9
AFAYA JOINT STOCK,CONSUMER STAPLES,9
AFCAPINC.LTD REPRESENTATIVE,NOT RELEVANT,9
AFD,MATERIALS,9
AFG National,CONSUMER STAPLES,9
AFINA,CONSUMER STAPLES,18
AFIPKA NPZ,ENERGY,9
AFK-PROEKT,CONSUMER DISCRETIONARY,9
AFP NIVA,CONSUMER STAPLES,9
AFS MEDITSINTEKHNIK,HEALTH CARE,9
AFT-INTERIORS,CONSUMER DISCRETIONARY,9
AG Genpodryad,INDUSTRIALS,9
AG Marine,CONSUMER DISCRETIONARY,9
AGAMA,CONSUMER STAPLES,9
AGAR HOLDING,FINANCIALS,9
AGAT,CONSUMER STAPLES,9
AGAT MART,CONSUMER STAPLES,9
AGAT-TRANS,INDUSTRIALS,9
AGATPAK,INDUSTRIALS,9
AGAVA,CONSUMER DISCRETIONARY,18
AGD DIAMONDS,MATERIALS,9
AGENTIKA TREVEYL,CONSUMER DISCRETIONARY,9
AGENTSTVO STROYINVEST,CONSUMER DISCRETIONARY,9
AGERRATUM,CONSUMER STAPLES,9
AGF,CONSUMER STAPLES,9
AGI ELECTRONICS,CONSUMER DISCRETIONARY,9
AGIO RUS,HEALTH CARE,9
AGISOFT,INFORMATION TECHNOLOGY,9
AGK,INDUSTRIALS,9
AGORA,CONSUMER DISCRETIONARY,9
AGR,CONSUMER DISCRETIONARY,9
AGRANA FRUIT MOSCOW REGION,CONSUMER STAPLES,9
AGRARNAYA GRUPPA,CONSUMER STAPLES,9
AGRARNAYA GRUPPA - KEMEROVSKII,CONSUMER STAPLES,9
AGRARNIK,INDUSTRIALS,9
AGRARNIK,MATERIALS,9
AGREGATMASH,MATERIALS,9
AGREMAN,ENERGY,9
AGRI PARTS RUS,INDUSTRIALS,9
AGRIKA,CONSUMER STAPLES,9
AGRIKA,NOT RELEVANT,9
AGRITECH,MATERIALS,9
AGRITEK,CONSUMER STAPLES,9
AGRO,CONSUMER STAPLES,9
AGRO,HEALTH CARE,9
AGRO,INDUSTRIALS,9
AGRO,MATERIALS,9
AGRO ALLIANCE,CONSUMER STAPLES,9
AGRO ALLIANCE ROSTOV,CONSUMER STAPLES,9
AGRO EXPERT GROUP,MATERIALS,9
AGRO Expert,MATERIALS,9
AGRO KHOLDING KANEVSKOI,CONSUMER STAPLES,9
AGRO TRADING,CONSUMER STAPLES,9
AGRO ZERNO,CONSUMER STAPLES,9
AGRO ZERNO UG,CONSUMER STAPLES,9
AGRO-AL'YANS,CONSUMER STAPLES,9
AGRO-ALYANS,CONSUMER STAPLES,9
AGRO-ATYASHEVO,CONSUMER STAPLES,9
AGRO-AVTO,CONSUMER STAPLES,9
AGRO-CONSTRUCTION TECHNOLOGIES,INDUSTRIALS,9
AGRO-DEPARTAMENT,MATERIALS,9
AGRO-EYKSPO,INDUSTRIALS,9
AGRO-INDUSTRIYA,MATERIALS,9
AGRO-INVEST,CONSUMER STAPLES,9
AGRO-INVEST,NOT RELEVANT,9
AGRO-KLEVER,CONSUMER STAPLES,9
AGRO-KRASNOYARSK,CONSUMER STAPLES,9
AGRO-LIDER,INDUSTRIALS,9
AGRO-MAKSIMUM,MATERIALS,9
AGRO-MARKET,CONSUMER STAPLES,9
AGRO-MASTER,INDUSTRIALS,9
AGRO-MASTER SIBIR',INDUSTRIALS,9
AGRO-N,CONSUMER STAPLES,9
AGRO-NOVA,INDUSTRIALS,9
AGRO-PLYUS,CONSUMER STAPLES,9
AGRO-PRIME,INDUSTRIALS,9
AGRO-ROST,CONSUMER STAPLES,9
AGRO-YUNITEY,CONSUMER STAPLES,18
AGROAKADEMIYA,CONSUMER STAPLES,9
AGROAKHTUBA,INDUSTRIALS,9
AGROALLIANCE MT,CONSUMER STAPLES,9
AGROALYANS,CONSUMER STAPLES,9
AGROASPECT,CONSUMER STAPLES,9
AGROBALT,CONSUMER STAPLES,9
AGROBAR,CONSUMER STAPLES,9
AGROCARGO,INDUSTRIALS,9
AGROCHIMINVEST,MATERIALS,18
AGROCOM,CONSUMER STAPLES,9
AGROCOMPLEX LOGINOVSKY,CONSUMER STAPLES,9
AGROCOMPLEX SEYMOVSKAYA,CONSUMER STAPLES,9
AGRODAR,NOT RELEVANT,9
AGRODOM,CONSUMER STAPLES,9
AGRODOM,INDUSTRIALS,9
AGRODRAIV,INDUSTRIALS,9
AGROECO-VORONEZH Limited,CONSUMER STAPLES,9
AGROELEMENT,INDUSTRIALS,9
AGROEYKO-YUG,CONSUMER STAPLES,9
AGROFERMENT,MATERIALS,9
"AGROFID RUS,",CONSUMER STAPLES,9
AGROFINANS,CONSUMER STAPLES,9
AGROFIRM,CONSUMER STAPLES,9
AGROFIRMA,CONSUMER STAPLES,27
AGROFIRMA MEZHENINOVSKAYA,CONSUMER STAPLES,9
AGROFIRMA NOROV,CONSUMER STAPLES,9
AGROFIRMA OKTYABRSKAYA,INDUSTRIALS,9
AGROFIRMA RILSKAYA,CONSUMER STAPLES,9
AGROFIRMA SELO VOROSHILOVA,CONSUMER STAPLES,9
AGROFIRMA SEVERNAYA,CONSUMER STAPLES,9
AGROFIRMA VYBORZHETS,CONSUMER STAPLES,9
AGROFIRMA ZAURAL'SKII,CONSUMER STAPLES,9
AGROFIRMA-PLEMZAVOD,CONSUMER STAPLES,9
AGROGARD,MATERIALS,9
AGROGARD-KURSK,CONSUMER STAPLES,9
AGROGARD-LIPETSK,CONSUMER STAPLES,9
AGROGARD-TAMBOV,CONSUMER STAPLES,9
AGROHIM,CONSUMER STAPLES,9
AGROHOLDING IVNYANSKY,NOT RELEVANT,9
AGROIMPEKS-TRADE,INDUSTRIALS,9
AGROIMPERIYAYUG,CONSUMER STAPLES,9
AGROIMPEX,CONSUMER STAPLES,9
AGROIMPORT,CONSUMER STAPLES,9
AGROINVEST,CONSUMER STAPLES,9
AGROINVESTGRUPP,CONSUMER STAPLES,9
AGROKAM,CONSUMER STAPLES,9
AGROKHIM GRANARI,CONSUMER STAPLES,9
AGROKHIM-SERVIS,MATERIALS,18
AGROKHIMAL'YANS,CONSUMER STAPLES,9
AGROKHIMICHESKAYA KOMPANIYA EVROK,MATERIALS,9
AGROKHIMTORG,CONSUMER STAPLES,9
AGROKHIMTSENTR TREID,INDUSTRIALS,9
AGROKHOLDING SIBIR,CONSUMER STAPLES,9
AGROKLUB,CONSUMER STAPLES,9
AGROKOM-URAL,INDUSTRIALS,9
AGROKOMBINAT PLEMZAVOD KRASNOGORS,CONSUMER STAPLES,9
AGROKOMINVEST,INDUSTRIALS,9
AGROKOMPLEKS,CONSUMER STAPLES,9
AGROKOMPLEKS GRIBANOVSKI,CONSUMER STAPLES,9
AGROKOMPLEKS IM. N.I. TKACH,CONSUMER STAPLES,9
AGROKOMPLEKS RAZVIL'NOE,CONSUMER STAPLES,9
AGROKOMPLEKT,MATERIALS,9
AGROKONTAKTINVEST,CONSUMER STAPLES,9
AGROKULTURA VORONEZH,CONSUMER STAPLES,9
AGROLEN,CONSUMER STAPLES,9
AGROLINE,NOT RELEVANT,9
AGROLOGISTICS,CONSUMER STAPLES,9
AGROMASTER TREID,MATERIALS,9
AGROMAX,INDUSTRIALS,9
AGROMIR,CONSUMER STAPLES,9
AGRONOM P.L.C.,CONSUMER STAPLES,9
AGRONOMIKA,CONSUMER STAPLES,9
AGRONOVA,MATERIALS,9
AGROPAK,CONSUMER STAPLES,9
AGROPAK,MATERIALS,9
AGROPERSPEKTIVA,CONSUMER STAPLES,9
AGROPRIME,CONSUMER STAPLES,9
AGROPRO,CONSUMER STAPLES,9
AGROPRODUKT,CONSUMER STAPLES,18
AGROPRODUKT-SMOLENSK,CONSUMER STAPLES,9
AGROPROF,INDUSTRIALS,9
AGROPROM,NOT RELEVANT,9
AGROPROMRAZVITIE,CONSUMER STAPLES,9
AGROPROMSNAB,INDUSTRIALS,18
AGROPROMYSHLENNAYA,CONSUMER STAPLES,9
AGROPROMYSHLENNYI KOMPLEKS IMENI,CONSUMER STAPLES,9
AGRORESURSY,HEALTH CARE,9
AGROSALON CHERNOZEME,INDUSTRIALS,9
AGROSCIENCES,MATERIALS,9
AGROSEMTSENTR,CONSUMER STAPLES,9
AGROSERVIS,CONSUMER STAPLES,9
AGROSERVIS,INDUSTRIALS,9
AGROSFERA,MATERIALS,9
AGROSIBIR,CONSUMER STAPLES,9
AGROSILA PTITSEFABRIKA PERMSKAYA,CONSUMER STAPLES,9
AGROSOYUZ YUG RUSI,CONSUMER STAPLES,9
AGROSTAR,NOT RELEVANT,9
AGROSTRATEGY,INDUSTRIALS,9
AGROTARA,MATERIALS,9
AGROTEKHNODAR,INDUSTRIALS,9
AGROTEKHPARK,INDUSTRIALS,9
AGROTEKS-LV,NOT RELEVANT,9
AGROTERMINAL,NOT RELEVANT,9
AGROTREID,INDUSTRIALS,18
AGROTREIDING,CONSUMER STAPLES,9
AGROVENT-M,CONSUMER STAPLES,9
AGROVO-PRO,INDUSTRIALS,9
AGROZAPAD,CONSUMER STAPLES,9
AGV,INDUSTRIALS,9
AH,CONSUMER DISCRETIONARY,9
AHK,CONSUMER STAPLES,9
AHLERS,INDUSTRIALS,9
AHMAD TEA CIS,CONSUMER STAPLES,9
AHMAD TEA FACTORY,CONSUMER STAPLES,9
AI-FLEKS,MATERIALS,9
AIBARUS,CONSUMER STAPLES,9
AIBOLIT TD,HEALTH CARE,9
AIBOLIT-2000,HEALTH CARE,9
AIC AST COMPANY M,CONSUMER STAPLES,9
AIC Mikhailovsky,CONSUMER STAPLES,9
AIDE,INDUSTRIALS,9
AIDIGO,CONSUMER STAPLES,9
AIKON SHINA,CONSUMER DISCRETIONARY,9
AIR-BRIDGE TRADING,CONSUMER DISCRETIONARY,9
AIRCOOL CO,INDUSTRIALS,9
AIRFIELD,INDUSTRIALS,9
AIRON,INDUSTRIALS,9
AIRPORT,INDUSTRIALS,9
AIRPORT HANDLING,INDUSTRIALS,9
AIRPORT TOLMACHEVO,INDUSTRIALS,9
AIRTRANSS,INDUSTRIALS,9
AIS Russia,INDUSTRIALS,9
AIS YUNION,CONSUMER STAPLES,9
AIS-PRODUKT,CONSUMER STAPLES,9
AISBERG,CONSUMER STAPLES,9
AISBERG-LYUKS,CONSUMER STAPLES,9
AISFER,CONSUMER STAPLES,9
AISIES,INDUSTRIALS,9
AIST,COMMUNICATIONS,9
AIST,CONSUMER DISCRETIONARY,9
AITI,INFORMATION TECHNOLOGY,9
AITI TEKHNOLODZHI,COMMUNICATIONS,9
AJGURSKY SP,CONSUMER STAPLES,9
AK ARGO,ENERGY,9
AK BARS,INDUSTRIALS,9
AK OMSKAGREGAT,INDUSTRIALS,9
AK TAI,INDUSTRIALS,9
AK TOMSKIE,CONSUMER STAPLES,9
AK VNZM,INDUSTRIALS,9
AKADEMIYA,NOT RELEVANT,9
AKADEMIYA KLINING-PROFI,INDUSTRIALS,9
AKADEMIYA ZDOROV'YA,HEALTH CARE,9
AKADEMIYA-MEDIA,CONSUMER DISCRETIONARY,9
AKADEMPROEKT,HEALTH CARE,9
AKADO INTERNATIONAL LIMITED,COMMUNICATIONS,9
AKB,CONSUMER DISCRETIONARY,9
AKB PLUS,CONSUMER DISCRETIONARY,9
AKEL production and technical compa,INDUSTRIALS,9
AKEYL,INDUSTRIALS,9
AKHTARSKOE,CONSUMER STAPLES,9
AKIVAEV AKIVA AMALTAEVICH,REAL ESTATE,9
AKIVAEV EVGENII AKIVAEVICH,NOT RELEVANT,9
AKKRAN,INDUSTRIALS,9
AKKU-VERTRIEB,INDUSTRIALS,9
AKMETRON,INFORMATION TECHNOLOGY,9
AKMOTORS,CONSUMER DISCRETIONARY,9
AKRA,CONSUMER STAPLES,9
AKRIKHIN,HEALTH CARE,9
AKRON,INDUSTRIALS,9
AKRON SKRAP SEVEROZAPAD,INDUSTRIALS,9
AKRON YUZHNYI,MATERIALS,9
AKROND,INDUSTRIALS,9
AKROND UFA,INDUSTRIALS,9
AKROS,ENERGY,9
AKROS RB,INDUSTRIALS,9
AKSAMIT-K,NOT RELEVANT,9
AKSEL,REAL ESTATE,9
AKSEL'-KIDS,CONSUMER STAPLES,9
AKSEL-ENERGO,REAL ESTATE,9
AKSELOT,INFORMATION TECHNOLOGY,9
AKSIOMA,INDUSTRIALS,9
AKSS PLYUS,INDUSTRIALS,9
AKTIENGESELLSCHAFT SCHALLER,CONSUMER STAPLES,9
AKTIV,CONSUMER DISCRETIONARY,9
AKTIV TDL,NOT RELEVANT,9
AKTIVIZHN MSK,INDUSTRIALS,9
AKTOR INFORMATION,INFORMATION TECHNOLOGY,9
AKTSENT - AVTO M,CONSUMER DISCRETIONARY,9
AKTSENT-AVTO,CONSUMER DISCRETIONARY,9
AKTSIONERNOE OBSHCHESTVO NOVGOROD,UTILITIES,9
AKTYUBINSKAYA MEDNAYA,MATERIALS,9
AKULCHEV,CONSUMER STAPLES,27
AKULCHEV - DISTRIBUTSIYA,CONSUMER STAPLES,9
AKVA MARKET,CONSUMER DISCRETIONARY,18
AKVA-STROI GARANT,INDUSTRIALS,9
AKVALAIF,CONSUMER STAPLES,9
AKVALAIN,NOT RELEVANT,9
AKVAMARIN,CONSUMER DISCRETIONARY,9
AKVARIO,CONSUMER DISCRETIONARY,9
AKVATEYRRA,CONSUMER STAPLES,9
AKVATORYA,CONSUMER DISCRETIONARY,9
AKVATREID,CONSUMER STAPLES,9
AKVILA,CONSUMER STAPLES,9
AKVIOIL,ENERGY,9
AKVION,HEALTH CARE,9
AL'BA,HEALTH CARE,9
AL'BA PLYUS,MATERIALS,9
AL'BATROS-REGION,CONSUMER DISCRETIONARY,9
AL'BERTIO,CONSUMER STAPLES,9
AL'FA-6,CONSUMER STAPLES,9
AL'FA-K,CONSUMER DISCRETIONARY,9
AL'FA-PLYUS,CONSUMER STAPLES,9
AL'FA-SERVIS,NOT RELEVANT,9
AL'FAMONOLIT,ENERGY,9
AL'MA,HEALTH CARE,9
AL'PARI,MATERIALS,9
AL'TA,CONSUMER DISCRETIONARY,9
AL'TAIR,CONSUMER STAPLES,9
AL'TAIR,ENERGY,9
AL'TAIR-2,NOT RELEVANT,9
AL'TAIR-TULA,INDUSTRIALS,9
AL'TEKH,INDUSTRIALS,9
AL'TERNA,CONSUMER STAPLES,9
AL'TERNATIVNYI PROEKT,NOT RELEVANT,9
AL'TERRA,CONSUMER DISCRETIONARY,9
AL'YANS,INDUSTRIALS,18
AL'YANS-STROI,CONSUMER DISCRETIONARY,9
AL'YANSAVTOGRUPP-URAL,ENERGY,9
AL5,MATERIALS,9
ALAMED,HEALTH CARE,9
ALAR,CONSUMER STAPLES,9
ALBATROS,CONSUMER DISCRETIONARY,18
ALBATROS,CONSUMER STAPLES,9
ALBATROS,HEALTH CARE,9
ALBIOGEN,HEALTH CARE,9
ALBION-2002,CONSUMER STAPLES,9
ALBIYA OOO,MATERIALS,9
ALCAN PACKAGING,NOT RELEVANT,9
ALCEA,HEALTH CARE,9
ALCOHOL TH,CONSUMER STAPLES,9
ALCON,INDUSTRIALS,9
ALCON FARMACEVTIKA,HEALTH CARE,9
ALDERLEY PLC,NOT RELEVANT,9
ALDOSA,MATERIALS,9
ALEA,INDUSTRIALS,9
ALEISKZERNOPRODUKT IM.S.N.STAROVO,CONSUMER STAPLES,9
ALEKSA,INDUSTRIALS,18
ALEKSANDR KAN INVEST,NOT RELEVANT,9
ALEKSANDRIYA,CONSUMER STAPLES,9
ALEKSEEVKA KHIMMASH,INDUSTRIALS,9
ALEKSEEVSKAYA REYB FLOTA,INDUSTRIALS,9
ALEKSEEVSKDORSTROY,INDUSTRIALS,9
"ALEKSEEVSKDORSTROY,",INDUSTRIALS,9
ALEKSEEVSKII MOLOCHNOKONSERVNYI,CONSUMER STAPLES,9
ALEKSEEVSKIY,CONSUMER STAPLES,9
ALEKSINSKYE KRASKI-URAL,MATERIALS,9
ALEKSMOTORS,CONSUMER DISCRETIONARY,9
ALEKYAN RAFAEL RUTIKOVICH,REAL ESTATE,9
ALENDVIK,CONSUMER DISCRETIONARY,9
ALENFARMA,HEALTH CARE,9
ALENKA PETERBURG,MATERIALS,9
ALESUND,NOT RELEVANT,9
ALET,CONSUMER DISCRETIONARY,9
ALEV,HEALTH CARE,9
ALEXANDRIA,CONSUMER DISCRETIONARY,9
ALEXANDRINSKAYA MINING COMPANY,MATERIALS,9
ALEXANDRO-NEVSKAYA MANUFAKTURA,NOT RELEVANT,9
ALEXANDROVSKY,MATERIALS,9
ALF MARKET,CONSUMER DISCRETIONARY,9
ALFA,INDUSTRIALS,9
ALFA SHCHIT,INDUSTRIALS,9
ALFA SPIRITS,CONSUMER STAPLES,9
ALFA-PRIBOR,INFORMATION TECHNOLOGY,9
ALFAMEDEX,HEALTH CARE,9
ALFASCAN,INDUSTRIALS,9
ALFATEK,CONSUMER DISCRETIONARY,9
ALGA,CONSUMER STAPLES,9
ALGAFARM,HEALTH CARE,9
ALGOL RUS,MATERIALS,9
ALGONT,INFORMATION TECHNOLOGY,9
ALGORITHM TRADING LIMITED LIABILI,COMMUNICATIONS,9
ALIANCE-AUTOBRIZ,NOT RELEVANT,9
ALIANTA,CONSUMER STAPLES,9
ALIANTA GRUPP,CONSUMER STAPLES,9
ALIDI COMPANY,NOT RELEVANT,9
ALIDI NORD,CONSUMER DISCRETIONARY,9
ALISA,CONSUMER STAPLES,9
ALIUM,HEALTH CARE,9
ALKALOID-RUS,HEALTH CARE,9
ALKAT,CONSUMER STAPLES,9
ALKHIM,MATERIALS,9
ALKO,CONSUMER STAPLES,9
ALKO KHAUS,CONSUMER STAPLES,9
ALKO-BREYND,CONSUMER STAPLES,18
ALKO-PLYUS,CONSUMER STAPLES,9
ALKO-PROFI,CONSUMER STAPLES,18
ALKOGOL'NYI MARKET REMIKS,CONSUMER STAPLES,9
ALKOM,CONSUMER STAPLES,9
ALKOMARKET,CONSUMER STAPLES,9
ALKOMARKET-S,CONSUMER STAPLES,9
ALKOR,HEALTH CARE,9
ALKOR AND CO,CONSUMER DISCRETIONARY,9
ALKOR BIO COMPANY,HEALTH CARE,9
ALKOR-COMMUNICATION,INFORMATION TECHNOLOGY,9
ALKORR,CONSUMER DISCRETIONARY,9
ALKOTEKA,CONSUMER STAPLES,9
ALL,COMMUNICATIONS,9
ALLER PETFUD,CONSUMER STAPLES,9
ALLERT,CONSUMER DISCRETIONARY,9
ALLIANCE,ENERGY,9
ALLIANCE,INDUSTRIALS,9
ALLIANCE,NOT RELEVANT,9
ALLIANCE COMPANY,CONSUMER STAPLES,9
ALLIANCE LIMITED,INDUSTRIALS,9
ALLIANCE MOTOR YEKATERINBURG,CONSUMER DISCRETIONARY,9
ALLIANCE URAL,CONSUMER STAPLES,9
ALLIED MINERAL PRODUCTS,MATERIALS,9
ALLORO,CONSUMER DISCRETIONARY,9
ALLTECH,CONSUMER STAPLES,9
ALLTECH INVESTMENTS,MATERIALS,9
ALLURANS,HEALTH CARE,9
ALMAFOOD Co,CONSUMER STAPLES,9
ALMASA,CONSUMER STAPLES,9
ALMAZ,CONSUMER STAPLES,9
ALMAZ,ENERGY,9
ALMAZ,MATERIALS,18
ALMAZ M,NOT RELEVANT,9
ALMAZ UDOBRENIYA,MATERIALS,9
ALMAZ YUEK,MATERIALS,9
ALMAZGEOBUR,MATERIALS,9
ALMAZY ANABARA,MATERIALS,9
ALMEKO,CONSUMER STAPLES,9
ALMERIYA,NOT RELEVANT,9
ALMET,MATERIALS,18
ALNSTROY-TROTUAR,MATERIALS,9
ALOE,CONSUMER STAPLES,9
ALOEY URAL,CONSUMER STAPLES,9
ALORAN,INDUSTRIALS,9
ALPANNEFT-RESURS,NOT RELEVANT,9
ALPEN,HEALTH CARE,9
ALPET ANASTASIYA IGOREVNA,CONSUMER STAPLES,9
ALPHA-INTEGRATOR-INFOENERGO CO.LTD,INFORMATION TECHNOLOGY,9
ALPI,NOT RELEVANT,9
ALPINA,INDUSTRIALS,9
ALPINA PUBLISHER,COMMUNICATIONS,9
ALROSA,MATERIALS,9
ALRUD Law Firm,INDUSTRIALS,9
ALS,INDUSTRIALS,9
ALSI,CONSUMER DISCRETIONARY,9
ALSI PHARMA JOINT STOCK,HEALTH CARE,9
ALSTOR,INDUSTRIALS,9
ALT,CONSUMER DISCRETIONARY,9
ALTA,CONSUMER DISCRETIONARY,9
ALTA GENETICS RUSSIA,CONSUMER STAPLES,9
ALTAI-KOKS,NOT RELEVANT,9
ALTAI-SIB,CONSUMER STAPLES,9
ALTAIEYNERGOSBYT AKTSIONERNOE OBSHC,UTILITIES,9
ALTAIKHOLOD,CONSUMER STAPLES,9
ALTAIKRAIENERGO,UTILITIES,9
ALTAILES,MATERIALS,9
ALTAIR,CONSUMER STAPLES,18
ALTAIR,HEALTH CARE,9
ALTAIR,INDUSTRIALS,9
ALTAIR,NOT RELEVANT,9
ALTAIR-TRAIDING,ENERGY,9
ALTAISKAN,INDUSTRIALS,9
ALTAITARA,MATERIALS,9
ALTAIVAGON,NOT RELEVANT,9
ALTAN,CONSUMER STAPLES,9
ALTAYSKIE KOLBVASY,CONSUMER STAPLES,9
ALTAYVITAMINY TRADING,HEALTH CARE,9
ALTEK,INDUSTRIALS,9
ALTEK,MATERIALS,9
ALTERNATIVA,INDUSTRIALS,18
ALTERNATIVA,MATERIALS,9
ALTERRA,CONSUMER DISCRETIONARY,9
ALTEY,CONSUMER STAPLES,9
ALTIMA,CONSUMER STAPLES,9
ALTRA INDUSTRIAL MOTION,INDUSTRIALS,9
ALTTRANS,INDUSTRIALS,9
ALTUS-CEMENT,NOT RELEVANT,9
ALTrade,CONSUMER STAPLES,9
ALUMET,CONSUMER DISCRETIONARY,9
ALUMINA & BAUXITE,NOT RELEVANT,9
ALUMINIUM RUS,INDUSTRIALS,9
ALUR,INDUSTRIALS,9
ALUTECH-URAL,NOT RELEVANT,9
ALVART,CONSUMER STAPLES,9
ALVILS TH,HEALTH CARE,9
ALYANICH PAVEL NIKOLAEVICH,CONSUMER STAPLES,9
ALYANS,CONSUMER STAPLES,27
ALYANS,INDUSTRIALS,9
ALYANS,REAL ESTATE,9
ALYANS CHK,INDUSTRIALS,9
ALYANS KHAS,INDUSTRIALS,9
ALYANS LBR,INDUSTRIALS,9
ALYANS SERVIS,ENERGY,9
ALYANS TITAN,CONSUMER STAPLES,9
ALYANS-ENERGIYA,MATERIALS,9
ALYANS-MOTORS SURGUT,CONSUMER DISCRETIONARY,9
ALYANS-PROFI,CONSUMER STAPLES,9
ALYANSAVTOGROUP,INDUSTRIALS,9
ALYANSMOTORS,CONSUMER DISCRETIONARY,9
ALYANSSTROIKOM OBSHCHESTVO S,INDUSTRIALS,9
ALYANSSTROYSERVIS,INDUSTRIALS,9
ALYASKA,CONSUMER STAPLES,9
ALYUMAR,CONSUMER STAPLES,9
ALYUTEKH-POVOLZH'E,NOT RELEVANT,9
AM TREYD,ENERGY,9
AM-GROUP,INDUSTRIALS,9
AMA,INDUSTRIALS,9
AMADA,INDUSTRIALS,9
AMAG,CONSUMER DISCRETIONARY,9
AMANAT TG,CONSUMER DISCRETIONARY,9
AMATTI CENTER,CONSUMER STAPLES,9
AMBAR,CONSUMER STAPLES,9
AMBAR FUD,CONSUMER STAPLES,9
AMBITEKH,INDUSTRIALS,9
AMD TRANSPORT,INDUSTRIALS,9
AMEDIA PRODUCTION,CONSUMER DISCRETIONARY,9
AMEGA,INDUSTRIALS,9
AMELIA,CONSUMER STAPLES,9
AMERIA,CONSUMER STAPLES,9
AMERIA RUSS,CONSUMER STAPLES,9
AMERICAN APPRAISAL MOSCOW,INDUSTRIALS,9
AMFITRION,CONSUMER DISCRETIONARY,9
AMG,HEALTH CARE,9
AMG,MATERIALS,9
AMG GRUP,ENERGY,9
AMIKA,HEALTH CARE,9
AMIKS GRUPP,INDUSTRIALS,9
AMINOHIM,MATERIALS,9
AMIRA ZAO SP,INDUSTRIALS,9
AMITAL',CONSUMER DISCRETIONARY,9
AMImport,CONSUMER DISCRETIONARY,9
AMK,CONSUMER STAPLES,18
AMK,INDUSTRIALS,9
AMK-VIGAS,ENERGY,9
AMKAPITAL,CONSUMER DISCRETIONARY,9
AMNET,COMMUNICATIONS,9
AMOND,INDUSTRIALS,9
AMOS,CONSUMER STAPLES,9
AMPER,INDUSTRIALS,9
AMS,CONSUMER DISCRETIONARY,9
AMT,HEALTH CARE,9
AMT,INFORMATION TECHNOLOGY,9
AMT Group Joint Stock,INFORMATION TECHNOLOGY,9
AMT-CHERNOZEME,CONSUMER STAPLES,9
AMT-CHERNOZEMIE,INDUSTRIALS,9
AMT-Chernozemye,CONSUMER STAPLES,9
AMTEK,INDUSTRIALS,9
AMTEL,NOT RELEVANT,9
AMTEL-SERVIS,INFORMATION TECHNOLOGY,9
AMTEL-SVYAZ,COMMUNICATIONS,18
AMUR AS,MATERIALS,9
AMURMETALL,MATERIALS,9
AMURMETALL,NOT RELEVANT,9
AMURSKAYA LK,MATERIALS,9
AMURSKOE PAROKHODSTVO,NOT RELEVANT,9
AMURSKY UGOL,ENERGY,9
AMURVZRYVPROM,INDUSTRIALS,9
AMYLCO,CONSUMER STAPLES,9
AMZ VENTPROM,INDUSTRIALS,9
AMZ-TEKHNOGEN,MATERIALS,9
AN-INVEST,REAL ESTATE,9
ANA,INDUSTRIALS,9
ANALITIK,INDUSTRIALS,9
ANALITIKA M,HEALTH CARE,9
ANAPSKOE DRSU VIRAZH,INDUSTRIALS,9
ANCOR,INDUSTRIALS,9
AND CHEMICAL COMPANY EUROCH,MATERIALS,9
AND D CENTER ALIUM,HEALTH CARE,9
AND PRODUCTION COMPANY LU,CONSUMER STAPLES,9
AND PRODUCTION ENTERPR,INDUSTRIALS,9
AND TECHNOLOGIES,INDUSTRIALS,9
AND ZAPAD GK MMD,CONSUMER DISCRETIONARY,9
ANDRITZ HYDRO,INDUSTRIALS,9
ANGARA AIRLINES,INDUSTRIALS,9
ANGARA LES,MATERIALS,9
ANGARA-TIMBERLAIN,MATERIALS,9
ANGARSK PETROCHEMICAL COMPANY,ENERGY,9
ANGEL AO CHOP,INDUSTRIALS,9
ANGEL GROUP COMPANIES,NOT RELEVANT,9
ANGIOSISTEMY,HEALTH CARE,9
ANGK,MATERIALS,9
ANGSTREM,CONSUMER DISCRETIONARY,18
ANGSTREM TRADING,CONSUMER STAPLES,9
ANI PLAST,CONSUMER DISCRETIONARY,9
ANISIMOV VADIM GEORGIEVICH,CONSUMER STAPLES,9
ANKER,INDUSTRIALS,9
ANKOM,INFORMATION TECHNOLOGY,9
ANKOR,NOT RELEVANT,9
ANLAN,CONSUMER DISCRETIONARY,9
ANOD,CONSUMER DISCRETIONARY,9
ANOD-TC,NOT RELEVANT,9
ANOHE MOSCOW INTERNATIONAL UNIVER,CONSUMER DISCRETIONARY,9
ANP,CONSUMER STAPLES,9
ANPGEO KHOROSHEVSKAYA SCHOOL,CONSUMER DISCRETIONARY,9
ANPZ-PRODUCT,NOT RELEVANT,9
ANT,INDUSTRIALS,18
ANTAL TALENT,INDUSTRIALS,9
ANTARES,INDUSTRIALS,18
ANTARES,NOT RELEVANT,9
ANTEI,CONSUMER STAPLES,9
ANTENMED OBSHCHESTVO S OGRANICHEN,HEALTH CARE,9
ANTES,CONSUMER STAPLES,9
ANTEX,ENERGY,9
ANTEY-INVEST,CONSUMER STAPLES,9
ANTIKOR-M,INDUSTRIALS,9
ANTIPINSKIY REFINERY,ENERGY,9
ANTIPINSKY REFINERY,ENERGY,9
ANTOINETTE ENTERPRISES,CONSUMER DISCRETIONARY,9
ANTONOVA-OVSEENKO,CONSUMER DISCRETIONARY,9
ANTTEQ,INDUSTRIALS,9
ANTUR,CONSUMER STAPLES,9
ANTURAZH 21,NOT RELEVANT,9
ANY PLAST,CONSUMER DISCRETIONARY,9
ANZHELYUS,CONSUMER DISCRETIONARY,9
ANZHEROMASH,INDUSTRIALS,9
ANsystems,INFORMATION TECHNOLOGY,9
AO,CONSUMER DISCRETIONARY,18
AO,CONSUMER STAPLES,45
AO,INDUSTRIALS,99
AO,NOT RELEVANT,18
AO,UTILITIES,9
AO MSI ZAVOD 50,INDUSTRIALS,9
AO Mondi,MATERIALS,9
AO NORIL'SK-TELEKOM,COMMUNICATIONS,9
AOYAMA MOTORS,NOT RELEVANT,9
AP,INDUSTRIALS,9
AP EYND RAN,CONSUMER DISCRETIONARY,9
APATIT,MATERIALS,9
APATITSKII MOLOCHNYI,CONSUMER STAPLES,9
APECS SECURITY,INDUSTRIALS,9
APEKS,CONSUMER DISCRETIONARY,9
APEX GROUP,INDUSTRIALS,9
APEX Project bureau,INDUSTRIALS,9
APF FANAGORIYA,CONSUMER STAPLES,9
APH MIRATORG,CONSUMER STAPLES,9
APK MILSTRIM-CHERNOMORSKIE VI,CONSUMER STAPLES,9
APK Yug,CONSUMER STAPLES,9
APKH LESNAYA DACHA,CONSUMER STAPLES,9
APMK - BILDING,ENERGY,9
APOLLO-STROY,INDUSTRIALS,9
APPAREL,NOT RELEVANT,9
APPAREL WEST,INDUSTRIALS,9
APPAREL'-KARGO,INDUSTRIALS,9
APPAREL-2010,INDUSTRIALS,9
APPETIT,CONSUMER DISCRETIONARY,9
APPIA Logistics,CONSUMER STAPLES,9
APPLIKA,COMMUNICATIONS,9
APR-CITY/TVD,CONSUMER DISCRETIONARY,9
APRB-TSENTR,CONSUMER DISCRETIONARY,9
APREL,CONSUMER STAPLES,27
APREL,HEALTH CARE,9
APREL' ASTRAKHAN,CONSUMER STAPLES,9
APRELKOVO,MATERIALS,9
APRIL,CONSUMER STAPLES,9
APROTEK,CONSUMER STAPLES,9
APTAIM 24,INFORMATION TECHNOLOGY,9
APTECHNAYA SET' FARMAKOPEIKA,CONSUMER STAPLES,9
APTEKA,CONSUMER STAPLES,9
APTEKA,HEALTH CARE,9
APTEKA FK,HEALTH CARE,9
APTEKA IDK,HEALTH CARE,9
APTEKA KLASSIKA FARM,CONSUMER STAPLES,9
APTEKA NA KRYLOVA,CONSUMER STAPLES,9
APTEKA NA ORDZHONIKIDZE,CONSUMER STAPLES,9
APTEKA NA PLOSHCHADI KALININ,CONSUMER STAPLES,9
APTEKA NA TSIRKE,CONSUMER STAPLES,9
APTEKA NA VYBORNOI,CONSUMER STAPLES,9
APTEKA NA ZOLOTOI NIVE,CONSUMER STAPLES,9
APTEKA POVOLZH'E,CONSUMER STAPLES,9
APTEKI FARMAKOPEIKA,CONSUMER STAPLES,9
APTEKI SIBIRI,CONSUMER STAPLES,9
APTIS,CONSUMER STAPLES,9
APZ,INDUSTRIALS,9
AQUADEMIE,NOT RELEVANT,9
AQUARELLE,REAL ESTATE,9
AQUASTOK,INDUSTRIALS,9
AR,MATERIALS,9
AR SI ER,INDUSTRIALS,9
ARABICA,CONSUMER STAPLES,9
ARAGON,NOT RELEVANT,9
ARBET,INDUSTRIALS,9
ARBITEC,INFORMATION TECHNOLOGY,9
ARBUZOVSKIY,CONSUMER STAPLES,9
ARCHITECTURAL BUREAU STUDIO 44,INDUSTRIALS,9
ARCTIC LNG 2,ENERGY,9
ARCTICSERVICE,CONSUMER STAPLES,9
ARD-HOTEL,CONSUMER DISCRETIONARY,9
ARDA HOLDING DELFT B.V.,NOT RELEVANT,9
ARDIKA,NOT RELEVANT,9
ARDISI,NOT RELEVANT,9
ARDYMSPIRT,CONSUMER STAPLES,9
ARDZHIES,CONSUMER STAPLES,9
AREAL IJSC,MATERIALS,9
ARENA,COMMUNICATIONS,9
ARENA,CONSUMER DISCRETIONARY,9
ARENA-MAGIC BOX,CONSUMER DISCRETIONARY,9
ARENDA SERVIS,CONSUMER DISCRETIONARY,9
ARES NEDVIZHIMOST,REAL ESTATE,9
AREYKS,REAL ESTATE,9
ARGO,INDUSTRIALS,9
ARGO-MOTORS,CONSUMER DISCRETIONARY,9
ARGOS,ENERGY,9
ARGOT,CONSUMER DISCRETIONARY,9
ARGUS Co,COMMUNICATIONS,9
ARIA AIF,NOT RELEVANT,9
ARIANT,CONSUMER STAPLES,18
ARIEL INTERNATIONAL CORPORATION,NOT RELEVANT,9
ARIEYL' METALL,MATERIALS,9
ARIGATO,CONSUMER DISCRETIONARY,9
ARIGON,NOT RELEVANT,9
ARIKA INVESTMENTS,CONSUMER STAPLES,9
ARION,INDUSTRIALS,9
ARISTA,INDUSTRIALS,9
ARITMOMED,HEALTH CARE,9
ARIVIST,INDUSTRIALS,9
ARIVIST-KONSALT,INDUSTRIALS,9
ARK SHIPPING,INDUSTRIALS,9
ARKADA,MATERIALS,9
ARKADA-M,INDUSTRIALS,9
ARKADIS MEDIKAL GRUP,HEALTH CARE,9
ARKHANGEL'SKII FANERNYI ZAVOD,MATERIALS,9
ARKHANGELSKAYA SBYTOVAYA,NOT RELEVANT,9
ARKHBUM,MATERIALS,18
ARKHETIP,INDUSTRIALS,9
ARKHIMED,HEALTH CARE,9
ARKHOL,CONSUMER STAPLES,9
ARKLI,MATERIALS,9
ARKTICHESKIE RAZRABOTKI,ENERGY,9
ARKTIK ENERGOSTROY,ENERGY,9
ARKTIKA,INDUSTRIALS,9
ARKTIKA,MATERIALS,9
ARMADA,CONSUMER DISCRETIONARY,18
ARMADA TOMSK,CONSUMER DISCRETIONARY,9
ARMADA-A,INDUSTRIALS,9
ARMADA-ZAPA,CONSUMER DISCRETIONARY,9
ARMAKON DIRECT,MATERIALS,9
ARMAN EYNERGO,INFORMATION TECHNOLOGY,9
ARMATECH,INDUSTRIALS,9
ARMAZ,CONSUMER STAPLES,9
ARMO,INDUSTRIALS,18
ARMO-GRUPP ZAKRYTOE AKTSIONERNOE,INDUSTRIALS,9
ARMO-LAIN,INDUSTRIALS,9
ARMO-Systems,INDUSTRIALS,9
ARMPLAST,ENERGY,9
ARMTEK,CONSUMER DISCRETIONARY,9
ARMZ,MATERIALS,9
ARNEG,CONSUMER STAPLES,9
ARNEST,CONSUMER STAPLES,9
ARNEST NARO-FOMINSK,MATERIALS,9
AROMA,CONSUMER STAPLES,9
AROMAKLAB,CONSUMER STAPLES,9
AROMALUXE CO,CONSUMER STAPLES,9
AROMAT,CONSUMER STAPLES,9
ARPI KANON MEDIKAL SISTEMZ,HEALTH CARE,9
ARREDO,CONSUMER DISCRETIONARY,9
ARS,CONSUMER DISCRETIONARY,18
ARSAL,CONSUMER STAPLES,9
ARSENAL,CONSUMER STAPLES,9
ARSENAL,INDUSTRIALS,27
ARSENAL,MATERIALS,9
ARSENAL - L.T.D.,CONSUMER DISCRETIONARY,9
ARSENAL-NT,INDUSTRIALS,9
ARSENALELEKTRO,CONSUMER DISCRETIONARY,9
ARSMASH,INDUSTRIALS,9
ARSP,INDUSTRIALS,9
ART,INDUSTRIALS,9
ART AND DESIGN,MATERIALS,9
ART LOGISTIK,INDUSTRIALS,9
ART MODULE DESIGN AND CONSTRUCTIO,NOT RELEVANT,9
ART SOVREMENNYE NAUCHNYE TEKHNOLO,CONSUMER STAPLES,9
ART-AVTO,CONSUMER DISCRETIONARY,9
ART-EYKO,HEALTH CARE,9
ART-MEDIUM,HEALTH CARE,9
ART-MOTORS,CONSUMER DISCRETIONARY,9
ART-MOTORS MB,CONSUMER DISCRETIONARY,9
ART-OSNASTKA,ENERGY,9
ART-STROI,INDUSTRIALS,9
ART-TEKSTIL' SERVIS,INDUSTRIALS,9
ART-TRANS,INDUSTRIALS,9
ART-ZPR,MATERIALS,9
ARTA-FARM,CONSUMER STAPLES,9
ARTAN,NOT RELEVANT,9
ARTEKS,CONSUMER DISCRETIONARY,18
ARTEMIDA,NOT RELEVANT,9
ARTEMOVETS,CONSUMER STAPLES,9
ARTES,CONSUMER STAPLES,9
ARTEX,CONSUMER DISCRETIONARY,9
ARTFLEX,MATERIALS,9
ARTICENTR,MATERIALS,9
ARTINSKAYA,CONSUMER DISCRETIONARY,9
ARTIS FUND,NOT RELEVANT,9
ARTISAN,NOT RELEVANT,9
ARTLIFE TECHNO,HEALTH CARE,9
ARTOFFICE DESIGN,CONSUMER DISCRETIONARY,9
ARTROPLASTIKA,HEALTH CARE,9
ARTY,INFORMATION TECHNOLOGY,9
ARTYUKHOV,REAL ESTATE,9
ARVIS,INDUSTRIALS,9
AS BORODINSKAYA,MATERIALS,9
AS FINANS,FINANCIALS,18
AS-5,CONSUMER DISCRETIONARY,9
AS-AGRO,CONSUMER STAPLES,9
AS-Shina,CONSUMER DISCRETIONARY,9
ASAGI-FISH,CONSUMER STAPLES,9
ASCONA,HEALTH CARE,9
ASDM,INDUSTRIALS,9
ASF,INDUSTRIALS,18
ASF-OBORUDOVANIE,ENERGY,9
ASF-TSTO,INDUSTRIALS,9
ASFAL'TBETONSERVIS TSDS,INDUSTRIALS,9
ASFALT,INDUSTRIALS,9
ASG,CONSUMER STAPLES,9
ASG-BIZNES,INDUSTRIALS,9
ASG-CONSTRUCTION,INDUSTRIALS,9
ASG-Construction,INDUSTRIALS,9
ASHAN FLAI,CONSUMER STAPLES,9
ASHAN FLAI-SIBIR,CONSUMER STAPLES,9
ASI,INDUSTRIALS,9
ASK,CONSUMER STAPLES,9
ASK,INDUSTRIALS,18
ASK BELAGRO-SERVIS,NOT RELEVANT,9
ASK ENGINEERING LIMITED,ENERGY,9
ASK-AGRO,CONSUMER STAPLES,9
ASK-PROMYSHLENNOST',MATERIALS,9
ASK-RENTGEN,INDUSTRIALS,9
ASK-Stroitelstvo,REAL ESTATE,9
ASKANIYA,CONSUMER DISCRETIONARY,9
ASKK,REAL ESTATE,9
ASKK Property Moscow,REAL ESTATE,9
ASKONA-M,HEALTH CARE,9
ASM Group,INDUSTRIALS,9
ASM HOLDING A.S.,NOT RELEVANT,9
ASM-ALTAI,CONSUMER DISCRETIONARY,9
ASM-MODUL',CONSUMER DISCRETIONARY,9
ASM-RESURS,INDUSTRIALS,9
ASNA,HEALTH CARE,18
ASOFT,INFORMATION TECHNOLOGY,9
ASP,INFORMATION TECHNOLOGY,9
ASP-AQUA,ENERGY,9
ASPEC EFIMOVSKIY,MATERIALS,9
ASPECTUS,HEALTH CARE,9
ASPEK-CENTER,NOT RELEVANT,9
ASPEK-NEFTEPRODUCT,NOT RELEVANT,9
ASPEN,ENERGY,9
ASR,NOT RELEVANT,9
ASR-UGLESBYT,MATERIALS,9
ASSET,INDUSTRIALS,9
ASSISTANCE,HEALTH CARE,9
ASSOCIATION,NOT RELEVANT,9
ASSORTI RESSTORANTS,CONSUMER DISCRETIONARY,9
ASSORTIMENT-SERVIS,CONSUMER DISCRETIONARY,9
ASSOTSIATSIYA SANATORII KOLOS,CONSUMER DISCRETIONARY,9
ASSTRA RUS,INDUSTRIALS,9
AST,CONSUMER STAPLES,9
AST,INDUSTRIALS,18
AST,INFORMATION TECHNOLOGY,9
AST-INTERNEYSHNL INVAEYRONMEYNT,CONSUMER STAPLES,9
ASTARI,INDUSTRIALS,9
ASTARY,INDUSTRIALS,9
ASTI,HEALTH CARE,9
ASTMARKET,CONSUMER DISCRETIONARY,9
ASTON,CONSUMER STAPLES,9
ASTON MARTIN MOSCOW,CONSUMER DISCRETIONARY,9
ASTOR,NOT RELEVANT,9
ASTORIYA,INDUSTRIALS,9
ASTORIYA KAPITALL OBSHCHESTVO S OGR,FINANCIALS,9
ASTORIYA-M,REAL ESTATE,9
ASTRA-77,HEALTH CARE,9
ASTRID LINDGREN RUS,INDUSTRIALS,9
ASTRONIUM,INFORMATION TECHNOLOGY,9
ASTROS,INDUSTRIALS,18
ASTRUM,CONSUMER STAPLES,9
ASU INZHINIRING,INDUSTRIALS,9
ASVA,CONSUMER STAPLES,9
ASWERY,CONSUMER DISCRETIONARY,9
AT,INFORMATION TECHNOLOGY,9
AT CONSULTING,INFORMATION TECHNOLOGY,9
ATAK,CONSUMER STAPLES,9
ATALIS,CONSUMER DISCRETIONARY,9
ATB,INDUSTRIALS,9
ATD FENIKS,CONSUMER DISCRETIONARY,9
ATDI EURASIA,INFORMATION TECHNOLOGY,9
ATE,INDUSTRIALS,9
ATE,INFORMATION TECHNOLOGY,9
ATF,CONSUMER STAPLES,9
ATH,CONSUMER DISCRETIONARY,9
ATH,INDUSTRIALS,9
ATH FYUCHER,INDUSTRIALS,9
ATI,INDUSTRIALS,9
ATIK CONSTRUCTION,INDUSTRIALS,9
ATIS,INDUSTRIALS,9
ATITOKA,INDUSTRIALS,9
ATITOKA-STROI,INDUSTRIALS,9
ATKARSKY MEZ,NOT RELEVANT,9
ATKHS,INDUSTRIALS,9
ATL,CONSUMER DISCRETIONARY,9
ATLANT,CONSUMER STAPLES,9
ATLANT,MATERIALS,9
ATLANT MOTORS,CONSUMER DISCRETIONARY,9
ATLANT-FISH,CONSUMER STAPLES,9
ATLANTA,CONSUMER DISCRETIONARY,9
ATLANTA-S,NOT RELEVANT,9
ATLANTAVTO,CONSUMER DISCRETIONARY,9
ATLANTIC FASHION GROUPP,CONSUMER DISCRETIONARY,9
ATLANTIK KHELSKER,CONSUMER STAPLES,9
ATLANTIS-PAK PKF,MATERIALS,9
ATLAS,CONSUMER DISCRETIONARY,9
ATLAS CHAIN,INDUSTRIALS,9
ATLAS COPCO JOINT STOCK,INDUSTRIALS,9
ATLAS-NTS,CONSUMER DISCRETIONARY,9
ATM,CONSUMER DISCRETIONARY,9
ATOL,INFORMATION TECHNOLOGY,9
ATOLL,CONSUMER DISCRETIONARY,18
ATOMEYNERGOPROM,UTILITIES,9
ATOMNEFTEGAZDETAL,MATERIALS,9
ATOMNYI EYNERGOPROMYSHLENNYI,UTILITIES,9
ATOMSTROYKOMPLEX,REAL ESTATE,9
ATOS IT,INFORMATION TECHNOLOGY,9
ATP N 1 Spestrans,INDUSTRIALS,9
ATP-VMM,INDUSTRIALS,9
ATR,CONSUMER STAPLES,9
ATR KARBOREIL,INDUSTRIALS,9
ATRAN LIMITED LIABILITY,INDUSTRIALS,9
ATRANS LOGISTICS,CONSUMER STAPLES,9
ATRIUM,INDUSTRIALS,9
ATRIUM INVEST,UTILITIES,9
ATS,ENERGY,9
ATS,INFORMATION TECHNOLOGY,9
ATS,UTILITIES,9
ATSM,CONSUMER DISCRETIONARY,18
ATT,CONSUMER STAPLES,9
ATT,MATERIALS,9
ATT Group Joint Stock,ENERGY,9
ATTH AVANGARD,CONSUMER STAPLES,9
ATTIKA,MATERIALS,9
ATVINTA,INFORMATION TECHNOLOGY,9
AUCHAN,NOT RELEVANT,9
AUCHAN SARL,CONSUMER STAPLES,9
AUDIOMANIA,CONSUMER DISCRETIONARY,9
AUDIOTELE,COMMUNICATIONS,9
AUDIT-TSENTR GRUPP,INFORMATION TECHNOLOGY,9
AUGUST,CONSUMER STAPLES,9
AUGUST LIMITED LIABILITY,CONSUMER DISCRETIONARY,9
AUGUST-ALABUGA,MATERIALS,9
AURA POSUDY,CONSUMER DISCRETIONARY,9
AURORA BOREALIS,CONSUMER STAPLES,9
AURUM,HEALTH CARE,9
AURUM BOX,INDUSTRIALS,9
AURUS,CONSUMER DISCRETIONARY,9
AUTO-EURO,CONSUMER DISCRETIONARY,9
AUTO-EVRO,CONSUMER DISCRETIONARY,9
AUTOBAN GROUP,NOT RELEVANT,9
AUTOBIOGRAPHY,CONSUMER DISCRETIONARY,9
AUTOBIOGRAPHY PULKOVO,CONSUMER DISCRETIONARY,9
AUTOBUSY-GROUP GAZ,CONSUMER DISCRETIONARY,9
AUTOCOMPONENT,CONSUMER DISCRETIONARY,18
AUTOCOMPONENT PLANT,CONSUMER DISCRETIONARY,9
AUTODIESELPART,CONSUMER DISCRETIONARY,9
AUTOEXPO-45,CONSUMER DISCRETIONARY,9
AUTOHOLOD,CONSUMER STAPLES,9
AUTOHOUSE ST.PETERSBURG,NOT RELEVANT,9
AUTOLIGHT,CONSUMER DISCRETIONARY,9
AUTOMIQ SOFTWARE,ENERGY,9
AUTONORMAL,CONSUMER DISCRETIONARY,9
AUTOPARK LABORATORY,INDUSTRIALS,9
AUTOPARTUNIVEX,INDUSTRIALS,9
AUTOPITER,CONSUMER DISCRETIONARY,9
AUTOSTELS LIMITED LIABILITY COMPA,CONSUMER DISCRETIONARY,9
AV-TEHNOLOGY,MATERIALS,9
AV-TEKHNO,INDUSTRIALS,9
AVA,MATERIALS,9
AVA PLYUS DVA,MATERIALS,9
AVA-MOTORS,NOT RELEVANT,9
AVA-TREYD,MATERIALS,9
AVAKS,CONSUMER DISCRETIONARY,9
AVALON,INFORMATION TECHNOLOGY,9
AVANGARD,CONSUMER STAPLES,9
AVANGARD,MATERIALS,9
AVANGARD-75,ENERGY,9
AVANGARDEYNERGO,UTILITIES,9
AVANTA SOLUTIONS,INDUSTRIALS,9
AVANTATRADING,CONSUMER STAPLES,9
AVANTAZH,HEALTH CARE,9
AVANTAZH BIO PHARM,HEALTH CARE,9
AVANTEL,COMMUNICATIONS,9
AVATRI,INDUSTRIALS,9
AVATRi,INDUSTRIALS,9
AVAYA,NOT RELEVANT,9
AVENIR,CONSUMER STAPLES,9
AVENTA,INDUSTRIALS,9
AVENUE,NOT RELEVANT,9
AVERRHOA,NOT RELEVANT,9
AVERS,CONSUMER DISCRETIONARY,9
AVERS,CONSUMER STAPLES,9
AVERS,INDUSTRIALS,9
AVERS,MATERIALS,9
AVERS FUD,CONSUMER STAPLES,9
AVERS TVER',CONSUMER STAPLES,9
AVGUR OBSHCHESTVO S,CONSUMER DISCRETIONARY,9
AVGUST,MATERIALS,9
AVIA CENTER,INDUSTRIALS,18
AVIA Center Siberia,INDUSTRIALS,9
AVIADVIGATEL OPEN JOINT STOCK,INDUSTRIALS,9
AVIAKOMPANIYA MERIDIAN,INDUSTRIALS,9
AVIAPROMLIZING,FINANCIALS,9
AVIATEKHSNAB,INDUSTRIALS,9
AVIATOR BUSINESS CLASS STRATEGIES,NOT RELEVANT,9
AVIATRON,ENERGY,9
AVIATSIONNAYA KOMPANIYA YAMAL,INDUSTRIALS,9
AVILEX,INFORMATION TECHNOLOGY,9
AVILON,NOT RELEVANT,9
AVILON AG,CONSUMER DISCRETIONARY,9
AVIND,INDUSTRIALS,18
AVIRA,CONSUMER DISCRETIONARY,9
AVISTA MODUL,INDUSTRIALS,9
AVISTA MODUL INZHINIRING,INDUSTRIALS,9
AVITA,HEALTH CARE,9
AVIVAC,HEALTH CARE,9
AVIVIR,HEALTH CARE,9
AVM,CONSUMER STAPLES,9
AVM INVEST,CONSUMER DISCRETIONARY,9
AVON BEAUTY PRODUCTS COMPANY,CONSUMER STAPLES,9
AVOSKA,CONSUMER STAPLES,9
AVOSKA-DVA,CONSUMER STAPLES,9
AVP,HEALTH CARE,9
AVP-GRUPP,INDUSTRIALS,9
AVRORA,CONSUMER DISCRETIONARY,9
AVRORA,CONSUMER STAPLES,9
AVRORA AVTO,NOT RELEVANT,9
AVRORA-AVTO-TSENTR,NOT RELEVANT,9
AVS,CONSUMER STAPLES,18
AVS - EYLEKTRO,INDUSTRIALS,9
AVSTRAMEAT,CONSUMER STAPLES,9
AVT,CONSUMER DISCRETIONARY,9
AVT,INDUSTRIALS,9
AVT-URALSERVIS,MATERIALS,9
AVTEYK,INDUSTRIALS,9
AVTO,CONSUMER DISCRETIONARY,45
AVTO GRUP,CONSUMER DISCRETIONARY,9
AVTO MAGIYA IT,INDUSTRIALS,9
AVTO MB,CONSUMER DISCRETIONARY,9
AVTO NSK,CONSUMER DISCRETIONARY,9
AVTO ORENBURG,CONSUMER DISCRETIONARY,9
AVTO PREMIUM,CONSUMER DISCRETIONARY,9
AVTO REGION,CONSUMER DISCRETIONARY,9
AVTO SITI,CONSUMER DISCRETIONARY,9
AVTO ZAPAD,CONSUMER DISCRETIONARY,9
AVTO-1,CONSUMER DISCRETIONARY,9
AVTO-FLEET,INDUSTRIALS,9
AVTO-INVEST,CONSUMER DISCRETIONARY,9
AVTO-KHIMICHESKAYA KOMPANIYA,CONSUMER DISCRETIONARY,9
AVTO-KONTINENT,CONSUMER DISCRETIONARY,9
AVTO-PEYK,INDUSTRIALS,9
AVTO-PLANETA,CONSUMER DISCRETIONARY,9
AVTO-PRESTIZH,CONSUMER DISCRETIONARY,9
AVTO-RESURS,INDUSTRIALS,9
AVTO-TRANS,ENERGY,9
AVTO-TRANS,INDUSTRIALS,9
AVTO-TRAST,CONSUMER DISCRETIONARY,9
AVTOAPGREID,CONSUMER DISCRETIONARY,9
AVTOBAM,CONSUMER DISCRETIONARY,9
AVTOBAM SERVIS,CONSUMER DISCRETIONARY,9
AVTOBAN,INDUSTRIALS,9
AVTOBIZNES,ENERGY,9
AVTOBUSNYY-TSENTR STOLITSA,INDUSTRIALS,9
AVTOCAR,INDUSTRIALS,9
AVTOCENTRE PARNAS,NOT RELEVANT,9
AVTOCOMPONENT,CONSUMER DISCRETIONARY,9
AVTODETAL-SERVICE OJSC,CONSUMER DISCRETIONARY,9
AVTODILERSTVO,CONSUMER DISCRETIONARY,9
AVTODISK,CONSUMER DISCRETIONARY,9
AVTODOM,INDUSTRIALS,9
AVTODOR,INDUSTRIALS,9
AVTODORKOMPLEKT,INDUSTRIALS,18
AVTODORSTROI,INDUSTRIALS,9
AVTODORSTROI-PODRYADCHIK,INDUSTRIALS,9
AVTOEYKSPERT,CONSUMER DISCRETIONARY,9
AVTOFORUM,CONSUMER DISCRETIONARY,9
AVTOGAZREGION,CONSUMER DISCRETIONARY,9
AVTOGAZSERVIS,NOT RELEVANT,9
AVTOGRAD,CONSUMER DISCRETIONARY,9
AVTOGRAD-OIL,MATERIALS,9
AVTOGRAF,INDUSTRIALS,9
AVTOGREID,INDUSTRIALS,9
AVTOINVEST PLYUS,FINANCIALS,9
AVTOKAR,INDUSTRIALS,9
AVTOKART VORONEZH,ENERGY,9
AVTOKHIMIYA-INVEST,CONSUMER DISCRETIONARY,9
AVTOKOM,INDUSTRIALS,9
AVTOKOM,NOT RELEVANT,9
AVTOKOM SHAKHTY,CONSUMER DISCRETIONARY,9
AVTOKOM-DON,CONSUMER DISCRETIONARY,9
AVTOKOMBINAT 7,INDUSTRIALS,9
AVTOKOMPLEKT,CONSUMER DISCRETIONARY,9
AVTOKOMPONENT TZK,CONSUMER DISCRETIONARY,9
AVTOKONTRAKTY,CONSUMER DISCRETIONARY,9
AVTOKRAN-TYUMEN,UTILITIES,9
AVTOKRAN-TYUMEN',UTILITIES,9
AVTOLIDER,INDUSTRIALS,9
AVTOLIDER-SEVER,INDUSTRIALS,9
AVTOLIDER-TSENTR,REAL ESTATE,9
AVTOLIDER-YUG,CONSUMER DISCRETIONARY,9
AVTOLIDER-ZAPAD,INDUSTRIALS,9
AVTOLIZING,INDUSTRIALS,9
AVTOLOGISTIKA,NOT RELEVANT,9
AVTOLOGISTIKA-TRANS,NOT RELEVANT,9
AVTOMAGISTRAL,INDUSTRIALS,18
AVTOMARKET,CONSUMER DISCRETIONARY,9
AVTOMATIKA,ENERGY,9
AVTOMATIZATSIYA I TELEKOMMUNIKATS,INDUSTRIALS,9
AVTOMATIZIROVANNYE SISTEMY I,INFORMATION TECHNOLOGY,9
AVTOMEKHANIKA,CONSUMER DISCRETIONARY,18
AVTOMIR-TREID,CONSUMER DISCRETIONARY,9
AVTOMOBILI BAVARII,CONSUMER DISCRETIONARY,9
AVTOMOLIT,MATERIALS,9
AVTOMOTIV,CONSUMER DISCRETIONARY,9
AVTOMOTIV-KEMEROVO,CONSUMER DISCRETIONARY,9
AVTOMOTORS PREMIUM,CONSUMER DISCRETIONARY,9
AVTOOPT,CONSUMER DISCRETIONARY,9
AVTOPARK,INDUSTRIALS,9
AVTOPILOT,CONSUMER DISCRETIONARY,9
AVTOPOLUS,CONSUMER STAPLES,9
AVTOPORT-T,CONSUMER DISCRETIONARY,9
AVTOPROEKT,CONSUMER DISCRETIONARY,9
AVTOPROFI,INDUSTRIALS,9
AVTOPUNKT,CONSUMER DISCRETIONARY,9
AVTOR,CONSUMER DISCRETIONARY,9
AVTOREAL,CONSUMER DISCRETIONARY,9
AVTOSAN MOTORS,CONSUMER DISCRETIONARY,9
AVTOSNAB,ENERGY,9
AVTOSPETSMASH,INDUSTRIALS,18
AVTOSPETSVAN,INDUSTRIALS,9
AVTOSTAR,CONSUMER DISCRETIONARY,9
AVTOSTRADA INNOVATION COMPANY,MATERIALS,9
AVTOTEKHNIKA,CONSUMER DISCRETIONARY,9
AVTOTEMP,NOT RELEVANT,9
AVTOTOR Holding,NOT RELEVANT,9
AVTOTOR-MANAGEMENT,NOT RELEVANT,9
AVTOTORTECHOBSLUZHIVANIE,NOT RELEVANT,9
AVTOTRANS-TYUMEN,NOT RELEVANT,9
AVTOTRANSPARK,INDUSTRIALS,9
AVTOTRANSPORTNIK ZAO,REAL ESTATE,9
AVTOTRANSPROMSVET,INDUSTRIALS,9
AVTOTSENTR,INDUSTRIALS,9
AVTOTSENTR ARKHANGEL'SK,INDUSTRIALS,9
AVTOVAZ,CONSUMER DISCRETIONARY,9
AVTOVAZ,NOT RELEVANT,9
AVTOVEKTOR,CONSUMER DISCRETIONARY,9
AVTOVIRAZH,CONSUMER STAPLES,9
AVTOZAPCHAST',INDUSTRIALS,9
AVTOZAVOD-BERGER,NOT RELEVANT,9
AVTOZAVODSKAYA,UTILITIES,9
AVTOgraph Safety,INDUSTRIALS,9
AVV-EYNERGO,INDUSTRIALS,9
AVVA RUS,HEALTH CARE,9
AVZ S-P,HEALTH CARE,9
AXALTA - RUSSIAN COATINGS,MATERIALS,9
AXARA,CONSUMER DISCRETIONARY,9
AXEL,REAL ESTATE,9
AXEL-NORD,CONSUMER DISCRETIONARY,9
AXELOT-L,INFORMATION TECHNOLOGY,9
AXELOT-TECH,INFORMATION TECHNOLOGY,9
AXION,INDUSTRIALS,9
AXIS,NOT RELEVANT,9
AXIS LTD.,INDUSTRIALS,9
AXOFT,INFORMATION TECHNOLOGY,9
AXSEL GROUP,CONSUMER DISCRETIONARY,9
AXSEL-CITY,CONSUMER DISCRETIONARY,9
AXSEL-MOTORS SEVER,CONSUMER DISCRETIONARY,9
AY.ER.EM.SI.,CONSUMER DISCRETIONARY,9
AYAKS,NOT RELEVANT,9
AYAKS - AGRO,INDUSTRIALS,9
AYBARUS,CONSUMER STAPLES,9
AYS,CONSUMER DISCRETIONARY,9
AZ,CONSUMER DISCRETIONARY,9
AZBUKA PITANIYA,INDUSTRIALS,9
AZIMUT,NOT RELEVANT,9
AZIMUT DRILLING,ENERGY,9
AZIMUTTRANS,INDUSTRIALS,9
AZIYA LOGISTIK,CONSUMER STAPLES,9
AZIYAGRUPKOMPANI,INDUSTRIALS,9
AZK Group,INDUSTRIALS,9
AZNAKAI SOTE,CONSUMER STAPLES,9
AZOS,MATERIALS,9
AZOT VZRYV,MATERIALS,9
AZOVSKIY KHLEB,CONSUMER STAPLES,9
AZPT,ENERGY,18
AZS OBORUDOVANIE,ENERGY,9
AZS-CHEBOKSARY,NOT RELEVANT,9
AZS-LYUKS,INDUSTRIALS,9
AZS-N1,CONSUMER DISCRETIONARY,9
AZT,CONSUMER STAPLES,9
Abinsk Electric Steel Works,MATERIALS,9
Abrasive Technologies,CONSUMER STAPLES,9
Accord,INDUSTRIALS,9
Account,INDUSTRIALS,9
Ace Target,COMMUNICATIONS,9
Acoustic,INDUSTRIALS,9
Acticomp,HEALTH CARE,9
Action,CONSUMER DISCRETIONARY,9
Activated Coal,MATERIALS,9
Active Capital,CONSUMER STAPLES,9
Adhesiv,INDUSTRIALS,9
Adlabs.ru,COMMUNICATIONS,9
Admiralteyskoe Co,INDUSTRIALS,9
Adva,REAL ESTATE,9
Adventa Lowe,CONSUMER DISCRETIONARY,9
Aero,ENERGY,9
Aeroball,CONSUMER STAPLES,9
Aerodar,INDUSTRIALS,9
Aerodinamica,INDUSTRIALS,9
Aerodorstroy,INDUSTRIALS,9
Aerofuels,INDUSTRIALS,27
Aerosol,CONSUMER STAPLES,9
Agregatniy zavod,INDUSTRIALS,9
Agregator-S Online,CONSUMER DISCRETIONARY,9
Agricultural company Premier,CONSUMER STAPLES,9
Agricultural production complex,CONSUMER STAPLES,9
Agrisovgaz,INDUSTRIALS,9
Agritech Bio,CONSUMER STAPLES,9
Agro,MATERIALS,9
Agro-Trade,CONSUMER STAPLES,9
AgroChimInvest,MATERIALS,9
AgroEast,CONSUMER STAPLES,9
AgroGard,CONSUMER STAPLES,9
AgroGard-Orel,CONSUMER STAPLES,9
AgroGuard-Finance,CONSUMER STAPLES,9
AgroPromShina,INDUSTRIALS,9
Agrocomplex,CONSUMER STAPLES,9
Agroecko,CONSUMER STAPLES,9
Agrohim,CONSUMER STAPLES,9
Agrohimikat,MATERIALS,9
Agroholding Belaya Dacha,CONSUMER STAPLES,9
Agroholding Siberia,CONSUMER STAPLES,9
Agroinvest,CONSUMER STAPLES,9
Agrokholding Step,CONSUMER STAPLES,9
Agroklass,INDUSTRIALS,9
Agroprogress Company,MATERIALS,9
Agroprompromshina,INDUSTRIALS,9
Agroresources,HEALTH CARE,9
Agrosila,CONSUMER STAPLES,9
Agrotekh Garant,CONSUMER STAPLES,9
Agrotorg,CONSUMER STAPLES,9
Agrotrade Technicom,INDUSTRIALS,9
Agrotrak,INDUSTRIALS,18
Agrovetzaschita,HEALTH CARE,9
AirBridgeCargo Airlines,INDUSTRIALS,9
Airport Service,INDUSTRIALS,9
Airservice,INDUSTRIALS,9
Ak Bars Holding,CONSUMER STAPLES,9
Akel,INDUSTRIALS,9
Akira Oil Co,INDUSTRIALS,9
Akku-Fertrib,INDUSTRIALS,9
Akonit,INDUSTRIALS,9
Akrilan,MATERIALS,18
Akron,INDUSTRIALS,9
Akvatek,MATERIALS,9
Akvatep,CONSUMER DISCRETIONARY,9
Aladushkin,CONSUMER STAPLES,9
Alantis,CONSUMER STAPLES,9
Alev-Trans,INDUSTRIALS,9
Alexey Ugarov OEMK,MATERIALS,9
Alfa Transit Co.,INDUSTRIALS,9
Alfa-KA,CONSUMER DISCRETIONARY,9
AlfaService,INDUSTRIALS,9
Alibaba.com (RU),CONSUMER DISCRETIONARY,9
Alice Labs,INFORMATION TECHNOLOGY,9
Aliexpress,CONSUMER DISCRETIONARY,9
Alitet-Ekaterinburg,CONSUMER STAPLES,9
Alko,CONSUMER STAPLES,9
AlkoMir,CONSUMER STAPLES,9
Alkor Bio,HEALTH CARE,9
Alliance 1892,CONSUMER STAPLES,9
Alliance Capital Investment,ENERGY,9
Alliance Projects,ENERGY,9
"Alliance-Leasing, J.S.C.",FINANCIALS,9
Alliance-Metal,MATERIALS,9
Alligator,CONSUMER STAPLES,9
Almera,INDUSTRIALS,9
Alpha-Siltech,MATERIALS,9
AlpikaAgro,MATERIALS,9
Alpla,MATERIALS,9
Altair,CONSUMER STAPLES,9
Altayvitaminy,HEALTH CARE,9
Alter,HEALTH CARE,9
Alternativa,INDUSTRIALS,9
Aluminium Alloys Plant,MATERIALS,9
Alutech-Yug,INDUSTRIALS,9
Amadeus-Trade Ges.m.b.H.,INDUSTRIALS,9
Amet,MATERIALS,9
Amtel-Servis,INFORMATION TECHNOLOGY,9
Amur Machinery,INDUSTRIALS,9
Andrei Varichev Mikhailovsky,MATERIALS,9
Angarskcement,MATERIALS,9
Anghalst,FINANCIALS,9
AngioSystems,HEALTH CARE,9
Anthracite Trade,ENERGY,9
Antikorservis,CONSUMER DISCRETIONARY,9
Anytime,INDUSTRIALS,9
Apicenna,HEALTH CARE,9
Apolinaria,NOT RELEVANT,9
Apollax,REAL ESTATE,9
Apparel-2000,INDUSTRIALS,9
Aqua Art,COMMUNICATIONS,9
Aquaproduct,CONSUMER STAPLES,9
Aquila,HEALTH CARE,9
Arctic Transshipment,ENERGY,9
Arcticneft,NOT RELEVANT,9
Areal,HEALTH CARE,18
Arenda Invest,INDUSTRIALS,9
Argolis-Polychem,MATERIALS,9
Argus,HEALTH CARE,9
Argus-DS,HEALTH CARE,9
Ariant Spirits,CONSUMER STAPLES,9
Ariant Wine,CONSUMER STAPLES,9
Ariston Thermo,CONSUMER DISCRETIONARY,9
Arkadia,CONSUMER STAPLES,9
Arkasil SK,INDUSTRIALS,9
Arkhangelsk,MATERIALS,9
Arkhangelsk Pulp and Pape,MATERIALS,9
Arkhangelsk distillery,CONSUMER STAPLES,9
Arkhbum Tissue group,MATERIALS,9
Arkhetip,INDUSTRIALS,9
Armada,INDUSTRIALS,9
Arman,INFORMATION TECHNOLOGY,18
Armtel,INFORMATION TECHNOLOGY,9
Arna media,COMMUNICATIONS,9
Arnest,CONSUMER STAPLES,18
Arnest MetallPak,CONSUMER STAPLES,9
ArtProm,CONSUMER DISCRETIONARY,9
Artex,CONSUMER DISCRETIONARY,9
Arvis,INDUSTRIALS,9
Ascona,CONSUMER DISCRETIONARY,9
Ashinskiy metzavod,MATERIALS,9
Askona-Vek,CONSUMER DISCRETIONARY,9
Asphodel,CONSUMER STAPLES,9
Association Paints of Yarosla,MATERIALS,9
Association with Limited Liabilit,INDUSTRIALS,9
Aston,CONSUMER STAPLES,9
Astoria Co.,INDUSTRIALS,9
Astoria Cosmetic,CONSUMER STAPLES,9
AstraZeneca,HEALTH CARE,9
AstraZeneca Industries,HEALTH CARE,9
AstraZeneca Pharmaceuticals,HEALTH CARE,9
Astron Buildings,INDUSTRIALS,9
Atex Group,HEALTH CARE,9
Atik,INDUSTRIALS,9
Atlant-Fish,CONSUMER STAPLES,9
Atokosa Limited in Liqu.,FINANCIALS,9
Atrium,UTILITIES,9
Atrium Innovations,CONSUMER STAPLES,9
Attika Co.,MATERIALS,9
Audit,INDUSTRIALS,9
August Inc,MATERIALS,9
Auto Pro Logistic,INDUSTRIALS,9
"Auto, s. r. o.",CONSUMER DISCRETIONARY,9
AutoCity,CONSUMER DISCRETIONARY,9
AutoCleanService,INDUSTRIALS,9
AutoKit,CONSUMER DISCRETIONARY,9
Automir,CONSUMER DISCRETIONARY,9
Automotive plant AGR,CONSUMER DISCRETIONARY,9
Autopromsnab,INDUSTRIALS,9
Avalon-S,MATERIALS,9
Avangard,HEALTH CARE,9
Avangard sistema,CONSUMER DISCRETIONARY,9
Avanta,CONSUMER STAPLES,9
Avantaj,ENERGY,9
Aventa,CONSUMER STAPLES,9
Avers Techno,CONSUMER STAPLES,9
AviaCenter,INDUSTRIALS,9
Aviacompany Aviastar-TU,INDUSTRIALS,9
Aviatechsupply,INDUSTRIALS,9
Avicenna,HEALTH CARE,9
Avielen A.G.,FINANCIALS,9
Avikon FK,HEALTH CARE,9
Avilex,INFORMATION TECHNOLOGY,9
Aviton,INDUSTRIALS,9
Avrora,CONSUMER STAPLES,9
Avtopromservice,CONSUMER DISCRETIONARY,9
AxTeam,INDUSTRIALS,9
Azbooka Publishers,COMMUNICATIONS,9
Azbuka kachestva,CONSUMER STAPLES,9
Azot,MATERIALS,9
Azot-Vzryv,MATERIALS,9
AzotVzryvInvest,MATERIALS,9
Azov-Tech,CONSUMER DISCRETIONARY,9
B-S,CONSUMER STAPLES,9
B.Braun Medical,HEALTH CARE,9
B5,REAL ESTATE,9
B54 Co.Ltd.,REAL ESTATE,9
BABAEVSKII LPKH,MATERIALS,9
BABY-HIT,CONSUMER DISCRETIONARY,9
BACARDI RUS,CONSUMER STAPLES,9
BACKALDRIN RUS,CONSUMER STAPLES,9
BADEN GRUPP,CONSUMER DISCRETIONARY,9
BADIKOV TIMOFEI VLADIMIROVICH,CONSUMER DISCRETIONARY,9
BAGERSTAT RUS,CONSUMER STAPLES,9
BAGIRA,MATERIALS,9
BAGIRA-M,MATERIALS,9
BAGRATION,NOT RELEVANT,9
BAIKAL,CONSUMER STAPLES,9
BAIKAL FURS,NOT RELEVANT,9
BAIKALRITEILGRUPP,CONSUMER STAPLES,9
BAIKALSVYAZENERGOSTROI,INDUSTRIALS,9
BAIKALTRANS,MATERIALS,9
BAIKITSKAYA NEFTEGAZORAZVEDOCHNAY,ENERGY,9
BAIT-TRANZIT-EYKSPEDITSIYA,INDUSTRIALS,9
BAIT-TRANZIT-KONTINENT OBSHCHESTV,INDUSTRIALS,9
BAIT-TRANZIT-REGION,INDUSTRIALS,9
BAITLER RUS,CONSUMER DISCRETIONARY,9
BAK-STROY,INDUSTRIALS,9
BAKO,NOT RELEVANT,9
BAKS-SERVIS,ENERGY,9
BALABAIKIN DMITRII EGOROVICH,CONSUMER DISCRETIONARY,9
BALABAIKINA SVETLANA EGOROVNA,CONSUMER DISCRETIONARY,9
BALAKHTINSKOE DRSU,INDUSTRIALS,9
BALASHOVSKAYA,CONSUMER STAPLES,9
BALCHUG,NOT RELEVANT,9
BALK TERMINAL,INDUSTRIALS,9
BALKOMKHLEBOPRODUKT,CONSUMER STAPLES,9
BALKUM,MATERIALS,9
BALLET EYEWEAR,CONSUMER DISCRETIONARY,9
BALT ESKORT SERVIS,INDUSTRIALS,9
BALT MEDICAL,HEALTH CARE,9
BALT NAFTA,NOT RELEVANT,9
BALT-FISH PLYUS,CONSUMER STAPLES,9
BALT-INVEST,INDUSTRIALS,9
BALTAGROS,CONSUMER STAPLES,9
BALTBIR,CONSUMER STAPLES,9
BALTEKSCOM TD,NOT RELEVANT,9
BALTEX,MATERIALS,9
BALTEYKSPORT,CONSUMER STAPLES,9
BALTIC,CONSUMER STAPLES,9
BALTIC BEREG,CONSUMER STAPLES,9
BALTIC BULDING COMPANY 105,INDUSTRIALS,9
BALTIC CELLULOSE,MATERIALS,9
BALTIISKAYA STROITELNAYA,INDUSTRIALS,9
BALTIISKII KHLADOKOMBINAT,NOT RELEVANT,9
BALTIISKIY BEREG,CONSUMER STAPLES,9
BALTIISKOE MORSKOE BUKSIRNOE AGEN,INDUSTRIALS,9
BALTIK MASTER M,INDUSTRIALS,9
BALTIK PRODUKT OBSHCHESTVO S,CONSUMER STAPLES,9
BALTIYSKAYA STROITELNAYA COMPANIA,INDUSTRIALS,9
BALTIYSKY ZAVOD,NOT RELEVANT,9
BALTKO OBSHCHESTVO S,CONSUMER STAPLES,9
BALTMEDEXPORT,INDUSTRIALS,9
BALTOP,INDUSTRIALS,18
BALTPROM,NOT RELEVANT,9
BALTRYBCOM,NOT RELEVANT,9
BALTSHINRESOURCE,CONSUMER DISCRETIONARY,9
BALTTRANSSERVICE,INDUSTRIALS,9
BAMSTROIMEKHANIZATSIYA,INDUSTRIALS,9
BAMTONNELSTROY,INDUSTRIALS,9
BANKING INFORMATION,INFORMATION TECHNOLOGY,9
BANKS SOFT SYSTEMS LIMITED LIABILIT,INFORMATION TECHNOLOGY,9
BANNER BATTERIEN,CONSUMER DISCRETIONARY,9
BANNY-9,FINANCIALS,9
BARAMBA,CONSUMER DISCRETIONARY,9
BARAMIST,MATERIALS,9
BARANOV SERGEY ANATOLEVICH,REAL ESTATE,9
BARANOVA VERA ANATOL'EVNA,CONSUMER DISCRETIONARY,9
BARBARIS,NOT RELEVANT,9
BAREL,HEALTH CARE,9
BARETT,CONSUMER STAPLES,9
BARGUS,CONSUMER STAPLES,9
BARGUS TRADE,CONSUMER STAPLES,9
BARION,HEALTH CARE,9
BARKAS,NOT RELEVANT,9
BARNAUL,CONSUMER DISCRETIONARY,9
BARNAUL ATI,INDUSTRIALS,9
BARNAUL'SKII ZAVOD ASBESTOVYKH TE,INDUSTRIALS,9
BARNAUL'SKII ZAVOD REZINOVYKH TEK,MATERIALS,9
BARNAULENERGOSERVIS,UTILITIES,9
BARNAULSKAYA,UTILITIES,9
BARNAULSKII MOLOCHNYI,CONSUMER STAPLES,9
BARNAULSKIY PISHEVIK,CONSUMER STAPLES,9
BARNAULSKOE DOROZHNO-STROITELNOE,INDUSTRIALS,9
BARNAULSKY VODOKANAL,UTILITIES,9
BARRY CALLEBAUT NL,CONSUMER STAPLES,9
BARS,CONSUMER STAPLES,9
BARS,ENERGY,9
BARS GRUP,INFORMATION TECHNOLOGY,9
BARS-2,MATERIALS,9
BARS-RITEIL,CONSUMER STAPLES,18
BARYER,CONSUMER DISCRETIONARY,9
BARZASSKOE TOVARISCHESTVO SP,MATERIALS,9
BAS,CONSUMER DISCRETIONARY,9
BASF,MATERIALS,9
BASHALKO,MATERIALS,9
BASHBETON,ENERGY,9
BASHKIR SODA COMPANY,MATERIALS,9
BASHKIRAVTODOR,INDUSTRIALS,9
BASHKIRENERGO,UTILITIES,9
BASHKIRGRAZHDANPROEKT PI,INDUSTRIALS,9
BASHKIRSKIE RASPREDELITEL'NYE TEP,UTILITIES,9
BASHKIRSKII BROILER,CONSUMER STAPLES,9
BASHKIRSKII SAKHAR,CONSUMER STAPLES,9
BASHNEFT,ENERGY,18
BASHNEFTEGEOFIZIKA,ENERGY,27
BASHPLAST,MATERIALS,9
BASHSPIRT,CONSUMER STAPLES,18
BASHVTORMET,NOT RELEVANT,9
BASIC ELEMENT,INDUSTRIALS,9
BASILCOM TRADING,NOT RELEVANT,9
BASIS LEASING,NOT RELEVANT,9
BASKO PATI,CONSUMER DISCRETIONARY,9
BASKORP,INDUSTRIALS,9
BASS,CONSUMER DISCRETIONARY,9
BASTION,REAL ESTATE,9
BASTION GKS,INDUSTRIALS,9
BAT,CONSUMER DISCRETIONARY,9
BATAKOV ANTON VIKTOROVICH,REAL ESTATE,9
BATIK,CONSUMER DISCRETIONARY,18
BATLAGROS,CONSUMER STAPLES,9
BATS,INDUSTRIALS,9
BAULYUKS,INDUSTRIALS,9
BAUTEK,CONSUMER DISCRETIONARY,18
BAUTRANS,INDUSTRIALS,9
BAUTSENTR RUS,CONSUMER DISCRETIONARY,9
BAVARIA-AVTO,NOT RELEVANT,9
BAYER,HEALTH CARE,9
BAYKALAVTOTRAK,CONSUMER DISCRETIONARY,9
BAYKALSKY PULP AND PAPER MILL,NOT RELEVANT,9
BAYTERG,CONSUMER DISCRETIONARY,9
BAZA AGROKOMPLEKT,INDUSTRIALS,9
BAZA TEKHNICHESKOGO OBSLUZHIVANIY,NOT RELEVANT,9
BAZIS,CONSUMER STAPLES,18
BAZIS INVEST,FINANCIALS,9
BAZIS PLYUS,CONSUMER STAPLES,9
BAZIS-TREID,CONSUMER STAPLES,9
BAZOVYE METALLY,MATERIALS,9
BBS,INDUSTRIALS,18
BCC,INDUSTRIALS,9
BCC,NOT RELEVANT,9
BCS,HEALTH CARE,9
BDA CAPITAL,CONSUMER STAPLES,9
BDRSU 2,INDUSTRIALS,9
BDS,INDUSTRIALS,9
BEARKEMP,INDUSTRIALS,9
BEATON,MATERIALS,18
BEBIG,HEALTH CARE,9
BEDENKO SERGEI MIKHAILOVICH,CONSUMER STAPLES,9
BEE LOGISTIC,NOT RELEVANT,9
BEE PITRON GROUP,INDUSTRIALS,9
BEFREE,COMMUNICATIONS,9
BEGEMOT,CONSUMER DISCRETIONARY,9
BEIERSDORF,CONSUMER STAPLES,9
BEIKERI,CONSUMER STAPLES,9
BEITEN BURKHARDT RECHTSANWALTSGES,NOT RELEVANT,9
BEK,INDUSTRIALS,9
BEKAS,CONSUMER DISCRETIONARY,9
BEKBORN,MATERIALS,18
BEKO,CONSUMER DISCRETIONARY,9
BEL DEVELOPMENT,NOT RELEVANT,9
BEL'SKII ALEKSEI VLADIL'EVICH (IP,INDUSTRIALS,9
BEL-WASTE,INDUSTRIALS,9
BELAGROTERMINAL,CONSUMER STAPLES,9
BELAMOS,CONSUMER DISCRETIONARY,9
BELARUSYUGSERVIS,INDUSTRIALS,9
BELAYA,CONSUMER STAPLES,9
BELAYA APTEKA NA LAZURNOI,CONSUMER STAPLES,9
BELAYA DACHA,NOT RELEVANT,9
BELAYA DACHA ALABUGA,CONSUMER STAPLES,9
BELAYA GORA,MATERIALS,9
BELEBEEVSKY PLANT AUTONORMAL,CONSUMER DISCRETIONARY,9
BELENERGOMASH BZEM,INDUSTRIALS,9
BELEV ALEKSEI ANATOLEVICH,CONSUMER DISCRETIONARY,9
BELEVA MARIYA ANATOLEVNA,CONSUMER DISCRETIONARY,9
BELEVSKAYA KONDITERSKAYA,CONSUMER STAPLES,9
BELEVSKAYA PASTILA,CONSUMER STAPLES,9
BELGORODDORSTROI,INDUSTRIALS,9
BELGORODRYBA,CONSUMER STAPLES,9
BELGORODSKAYA SOLYANAYA,INDUSTRIALS,9
BELGORODSKII KHLADOKOMBINAT,CONSUMER STAPLES,9
BELGORODSKII ZAVOD SAPFIROV MONOK,INFORMATION TECHNOLOGY,9
BELGORODSKY EXPERIMENTALNY,CONSUMER STAPLES,9
BELGORSOLOD,CONSUMER STAPLES,9
BELGRANKORM,CONSUMER STAPLES,9
BELGRANKORM - TOMAROVKA IMENI VAS,CONSUMER STAPLES,9
BELGRANKORM-VELIKI NOVGOROD,CONSUMER STAPLES,9
BELIY DVOR,CONSUMER STAPLES,9
BELKA,CONSUMER DISCRETIONARY,9
BELKRAS 999,CONSUMER STAPLES,9
BELLATRIX ENERGY,INDUSTRIALS,9
BELLIGEN,CONSUMER STAPLES,9
BELMAG,INDUSTRIALS,9
BELOE OBLAKO,CONSUMER STAPLES,9
BELOGOR'E,NOT RELEVANT,9
BELON,NOT RELEVANT,18
BELONOSOVSKOE,CONSUMER STAPLES,9
BELORETSKII METALLURGICHESKII,MATERIALS,9
BELORUSNEFT-SIBIR,NOT RELEVANT,9
BELPANEL',INDUSTRIALS,9
BELPIK,CONSUMER STAPLES,9
BELREGIONTSENTR,MATERIALS,9
BELSTROITORG,CONSUMER DISCRETIONARY,9
BELTA,INDUSTRIALS,9
BELTRANS,MATERIALS,9
BELTRANSEKSPEDICIYA,INDUSTRIALS,9
BELTRANSLES,MATERIALS,9
BELUGA CO.LTD.,CONSUMER STAPLES,9
BELYAEVSKIE,CONSUMER STAPLES,9
BELYANKA,CONSUMER STAPLES,9
BELYI GOROD,CONSUMER STAPLES,9
BELYY,CONSUMER STAPLES,9
BENE RUS,CONSUMER DISCRETIONARY,9
BENEFIT,INDUSTRIALS,9
BENTAL OBSHCHESTVO S OGRANICHENNOI,ENERGY,9
BENTAL',CONSUMER STAPLES,9
BENTONIT,MATERIALS,9
BENTONIT SIA,MATERIALS,9
BENTONITE KHAKASIA,MATERIALS,9
BEREG,CONSUMER STAPLES,9
BEREG PROIZVODSTVENNOE OBEDINENIE,CONSUMER DISCRETIONARY,9
BEREGA,CONSUMER STAPLES,9
BEREGA AKTSIONERNOE,CONSUMER STAPLES,9
BEREKAT CO.,CONSUMER STAPLES,9
BEREZHNAYA,CONSUMER STAPLES,9
BEREZITOVYI RUDNIK,MATERIALS,9
BEREZOVSKY,MATERIALS,9
BEREZOVSKY PHARMACEUTICAL PLANT,HEALTH CARE,9
BERICAP,NOT RELEVANT,9
BERINGPROMUGOL,MATERIALS,9
BERKS,INFORMATION TECHNOLOGY,9
BERLINGO,CONSUMER DISCRETIONARY,9
BERTINGA,CONSUMER STAPLES,9
BERTOUANA,HEALTH CARE,9
BESCARGO,INDUSTRIALS,9
BESEMA,CONSUMER DISCRETIONARY,9
BEST,CONSUMER DISCRETIONARY,9
BEST KERAMIKS OBSHCHESTVO S OGRAN,NOT RELEVANT,9
BEST PRICE,CONSUMER DISCRETIONARY,9
BESTEKS,CONSUMER DISCRETIONARY,9
BESTOIL,ENERGY,9
BETA-PROJECT,NOT RELEVANT,9
BETON 741,INDUSTRIALS,9
BETTA-6,CONSUMER STAPLES,9
BEYMP,INDUSTRIALS,9
BEYS,UTILITIES,9
BEYSK,UTILITIES,9
BEYST FRUT,CONSUMER STAPLES,9
BEYTO AKTSIONERNOE OBSHCHESTVO,INFORMATION TECHNOLOGY,9
BEZANT-1 TRADING COMPANY,NOT RELEVANT,9
BEZANT-URAL,CONSUMER DISCRETIONARY,9
BEZOPASNOST',INDUSTRIALS,9
BFI,CONSUMER STAPLES,9
BFI HOLDING,CONSUMER STAPLES,9
BG FOODS,CONSUMER STAPLES,9
BG Milk,CONSUMER STAPLES,9
BG-GRASPOINTNER,INDUSTRIALS,9
BGK,UTILITIES,9
BGK - KHOLDING,CONSUMER STAPLES,9
BGLTS GRUPP,INDUSTRIALS,9
BGMZ,CONSUMER STAPLES,9
BGRP,MATERIALS,9
BGW,INDUSTRIALS,9
BGW DEVELOPMENT,INDUSTRIALS,9
BH ORGKHIM,MATERIALS,9
BI GRANUM,CONSUMER STAPLES,9
BI-EYND-BI (VV),CONSUMER STAPLES,9
BIA-TECHNOLOGIES,INDUSTRIALS,9
BIAXPLEN,MATERIALS,9
BIBICALL,CONSUMER STAPLES,9
BIDZHER,MATERIALS,9
BIG,MATERIALS,9
BIG-TORGOVY DOM DURISOL,MATERIALS,9
BIGAM-INVEST,CONSUMER DISCRETIONARY,9
BIGKAR,INDUSTRIALS,9
BIGLION,CONSUMER DISCRETIONARY,18
BIKOR BMP,INDUSTRIALS,9
BIMBO QSR Rus,CONSUMER STAPLES,9
BIMK-KARDIO-VOLGA,HEALTH CARE,9
BINA,MATERIALS,18
BINA GROUP,MATERIALS,9
BINDERHOLZ,MATERIALS,9
BINNOPHARM,HEALTH CARE,18
BIO,CONSUMER DISCRETIONARY,9
BIO,REAL ESTATE,9
BIO SIBIR',CONSUMER STAPLES,9
BIO-AGRO,CONSUMER STAPLES,9
BIO-KHIM,MATERIALS,9
BIO-RAD LABORATORIES,HEALTH CARE,9
BIO-TON Agri Corp,CONSUMER STAPLES,9
BIOAGROSERVIS,MATERIALS,9
BIOCAD,HEALTH CARE,18
BIOCOL,CONSUMER STAPLES,9
BIOEKOLOGIYA,INDUSTRIALS,9
BIOEYKOLOGIYA,INDUSTRIALS,9
BIOFARMA,HEALTH CARE,18
BIOIL,CONSUMER STAPLES,9
BIOKHIMIK,HEALTH CARE,18
BIOLAIN,MATERIALS,9
BIOLIKA,HEALTH CARE,9
BIOLINE,HEALTH CARE,9
BIOLUM,INDUSTRIALS,9
BIOMEBEL,HEALTH CARE,9
BIOMED,HEALTH CARE,9
BIOMIR,HEALTH CARE,9
BIOMIR-TSENTR,HEALTH CARE,9
BIONAFARM,HEALTH CARE,9
BIONI,CONSUMER STAPLES,9
BIONTA,CONSUMER STAPLES,9
BIOPLAST,INDUSTRIALS,9
BIOPLAST,MATERIALS,9
BIOPRODUKT MARKET,CONSUMER STAPLES,9
BIOSISTEMY,INDUSTRIALS,9
BIOSVET-DIZAIN,CONSUMER DISCRETIONARY,9
BIOTEKHNOTRONIK,HEALTH CARE,9
BIOTIME TECHNOLOGIES,CONSUMER STAPLES,9
BIOVET-K,HEALTH CARE,9
BIPI,INDUSTRIALS,9
BIR MASTER OBSHCHESTVO S OGRANICH,CONSUMER DISCRETIONARY,9
BIREL' PLYUS,INDUSTRIALS,9
BIRSKII KOMBINAT MOLOCHNYKH PRODU,CONSUMER STAPLES,9
BIRYUSA,CONSUMER DISCRETIONARY,9
BIRYUZA,CONSUMER STAPLES,9
BISKVIT,CONSUMER STAPLES,9
BITEK,INDUSTRIALS,9
BITEKS,INDUSTRIALS,9
BITIEYM,CONSUMER DISCRETIONARY,9
BITRIX,INFORMATION TECHNOLOGY,9
BITSERVICE,CONSUMER DISCRETIONARY,9
BITTNER PHARMA,NOT RELEVANT,9
BITUMIKS,MATERIALS,9
BITUMNYE,CONSUMER DISCRETIONARY,9
BITUNOVA,MATERIALS,9
BIVER,INDUSTRIALS,9
BIZNES,INDUSTRIALS,9
BIZNES GRUP,CONSUMER DISCRETIONARY,9
BIZNES PARTNER,CONSUMER STAPLES,9
BIZNES PUT,INDUSTRIALS,18
BIZNES SERVIS,CONSUMER DISCRETIONARY,9
BIZNES-CENTRE GRINVICH,FINANCIALS,9
BIZNES-FABRIKA,INDUSTRIALS,9
BIZNES-OTEL' MIRAZH,FINANCIALS,9
BIZNES-VEKTOR,INDUSTRIALS,9
BIZNESBAS,INDUSTRIALS,18
BIZNESBLANKSERVIS S,INDUSTRIALS,9
BIZNESINVEST,INDUSTRIALS,9
BIZNESPROMMASH,INDUSTRIALS,9
BIZON-M,ENERGY,9
BK,INDUSTRIALS,18
BK-ALPROF,MATERIALS,9
BKE SHELF,ENERGY,9
BKHK,CONSUMER STAPLES,9
BKM,CONSUMER DISCRETIONARY,9
BKM,ENERGY,9
BKZHBI 1 IM.V.I. MUDRIKA,MATERIALS,9
BL,INDUSTRIALS,9
BLACK AND WHITE,NOT RELEVANT,9
BLACK SEA TUG'S,INDUSTRIALS,9
BLACK-GOLD,NOT RELEVANT,9
BLAGO,CONSUMER STAPLES,18
BLAGO MANAGEMENT COMPANY,CONSUMER STAPLES,9
BLAGO-ARMAVIR,CONSUMER STAPLES,9
BLAGO-EYRTIL',CONSUMER STAPLES,9
BLAGO-VERKHNYAYA KHAVA,CONSUMER STAPLES,9
BLAGODAT',CONSUMER STAPLES,9
BLAGOVESHCHENSKI ZHELEZOBETON,ENERGY,9
BLESK,INDUSTRIALS,27
BLESK KALININGRAD,INDUSTRIALS,9
BLESK-DEVELOPMENT,INDUSTRIALS,9
BLG LOGISTICS AUTOMOBILE,CONSUMER DISCRETIONARY,9
BLINTSA-TSA,CONSUMER DISCRETIONARY,9
BLINY SEVERO-ZAPAD,CONSUMER DISCRETIONARY,9
BLOCK,MATERIALS,9
BLOK,CONSUMER DISCRETIONARY,9
BLOK-YUG,MATERIALS,9
BLT,NOT RELEVANT,9
BM,INDUSTRIALS,9
BM BERGBAUTEKNIK,INDUSTRIALS,9
BM-KHOLDING,INDUSTRIALS,9
BM-RESTART,CONSUMER DISCRETIONARY,9
BM-SERVIS OBSHCHESTVO S,INDUSTRIALS,9
BMA Russia,INDUSTRIALS,9
BMI,REAL ESTATE,9
BMJ-Logistics Co.,INDUSTRIALS,9
BMK,CONSUMER STAPLES,9
BMKH,MATERIALS,9
BMS RUS,MATERIALS,9
BMU GEM,INDUSTRIALS,9
BN DEVELOPMENT,REAL ESTATE,18
BN-MOTORS,CONSUMER DISCRETIONARY,18
BNM-1,CONSUMER DISCRETIONARY,9
BNM-2,CONSUMER DISCRETIONARY,9
BNM-3,CONSUMER DISCRETIONARY,9
BNM-OBNINSK,CONSUMER DISCRETIONARY,9
BNS,CONSUMER DISCRETIONARY,18
BO,CONSUMER DISCRETIONARY,9
BOBIMEKS,CONSUMER STAPLES,9
BOBKAT-KALININGRAD,INDUSTRIALS,9
BOBROVSKII SYRODELNYI ZAVOD,CONSUMER STAPLES,9
BOCHKOV VLADIMIR ALEKSANDROVICH,CONSUMER STAPLES,9
BOCK MOBILITY,HEALTH CARE,9
BOCK Service,HEALTH CARE,9
BOCK-ORTHOPEDIC TECHNIQUE,HEALTH CARE,9
BODO MELLER KHEMI RUSSIYA,MATERIALS,9
BOEING MANUFACTURING JOINT S,NOT RELEVANT,9
BOES CONSTRUCTION LIMITED,INDUSTRIALS,9
BOFARM,HEALTH CARE,9
BOGAEVSKI KARER,MATERIALS,9
BOGDANOVICH'S MIXED FODDER,CONSUMER STAPLES,9
BOGORODSKIE DELIKATESI,CONSUMER STAPLES,9
BOGORODSKIE DELIKATESY,CONSUMER STAPLES,9
BOGORODSKNEFT,ENERGY,9
BOGUCHANSKAYA GEOPHYSICAL,ENERGY,9
BOHEMIA PLUS K,CONSUMER DISCRETIONARY,9
BOIRON,HEALTH CARE,9
BOL'SHAYA ZEMLYA,INDUSTRIALS,9
BOL'SHEURINSKOE,CONSUMER STAPLES,9
BOLOTNOEKHLEBOPRODUKT,CONSUMER STAPLES,9
BOLSHIE IZBISHI,CONSUMER STAPLES,9
BOLSHOI GOSTINYI DVOR,CONSUMER DISCRETIONARY,9
BOLSHOY SEKRET - YUG,REAL ESTATE,9
BOMEYZ,CONSUMER STAPLES,9
BONDARENKO EKATERINA IVANOVNA,CONSUMER DISCRETIONARY,9
BONUM,INDUSTRIALS,9
BOOK,CONSUMER DISCRETIONARY,9
BORETS,ENERGY,9
BORHIMMASH,ENERGY,9
BORISOGLEBSKII TRIKOTAZH,CONSUMER DISCRETIONARY,9
BORISOVA YULIYA NIKOLAEVNA,CONSUMER DISCRETIONARY,9
BORJOMI,CONSUMER STAPLES,9
BORK,CONSUMER DISCRETIONARY,9
BORK-IMPORT,CONSUMER DISCRETIONARY,9
BORK-RETAIL,CONSUMER DISCRETIONARY,9
BORKHIMMASH,ENERGY,9
BORLAS,INFORMATION TECHNOLOGY,9
BORMA,CONSUMER STAPLES,9
BORMASH,ENERGY,27
BORODULIN DMITRY GRIGOREVICH,NOT RELEVANT,9
BORT 1,INDUSTRIALS,9
BORTMEKHANIK,INDUSTRIALS,9
BORVIKHA,NOT RELEVANT,9
BOSCO BOUTIQUES,CONSUMER DISCRETIONARY,9
BOTANIC PROJECTS B.V. REP,NOT RELEVANT,9
BOTOVO,CONSUMER STAPLES,9
BOUTIQE RINALDI,NOT RELEVANT,9
BOUTIQUE MARA,NOT RELEVANT,9
BOUTTE,INDUSTRIALS,9
BOVID,CONSUMER DISCRETIONARY,18
BOVID,INDUSTRIALS,18
BOVID TRUCK,INDUSTRIALS,9
BPK,CONSUMER STAPLES,9
BPO EVRAZIYA - SNAB,INDUSTRIALS,9
BPW-OST,CONSUMER DISCRETIONARY,9
BR,INDUSTRIALS,9
BRANCH OF ARABTEC CONSTRUCTION (L,NOT RELEVANT,9
BRANCH OF DDI RUSSIA,INDUSTRIALS,9
BRANCH OF EURIPUS,INDUSTRIALS,9
BRANDT,CONSUMER DISCRETIONARY,9
BRASKO,MATERIALS,9
BRATSK PLANT OF MOBILE,INDUSTRIALS,9
BRATSKAVTOTRAK,INDUSTRIALS,9
BRATSKY ZAVOD FERROSPLAVOV,MATERIALS,9
BRATYA KOTSOEVY,CONSUMER STAPLES,9
BRAVO PREMIUM,CONSUMER STAPLES,9
BREDIKHIN OLEG LVOVICH,MATERIALS,9
BREND-COSMETIKS,CONSUMER STAPLES,9
BREND-SERVIS,CONSUMER STAPLES,9
BRIDGETOWN FOODS,CONSUMER STAPLES,9
BRIG,FINANCIALS,9
BRIG,INDUSTRIALS,9
BRIKS,CONSUMER STAPLES,9
BRINEYKS,CONSUMER DISCRETIONARY,9
BROK-INVEST,INDUSTRIALS,9
BRONIROVANIE GOSTINITS,INDUSTRIALS,9
BROZEX,INDUSTRIALS,9
BROZOVSKAYA O.V.,NOT RELEVANT,9
BRP,CONSUMER STAPLES,9
BRPI,CONSUMER STAPLES,9
BRUNSWICK,INDUSTRIALS,9
BRUNSWICK RAIL LIMITED BERMUDA,INDUSTRIALS,9
BRUSNIKA,REAL ESTATE,9
BRYANKEE HOLDINGS,MATERIALS,9
BRYANSK-TRANZIT,NOT RELEVANT,9
BRYANSKAYA BUMAGNAYA FABRIKA,MATERIALS,9
BRYANSKGORVODOKANAL,UTILITIES,9
BRYANSKII ZAVOD POGLOSHCHAYUSHCHI,INDUSTRIALS,9
BRYANSKIY ARSENAL,CONSUMER DISCRETIONARY,9
BRYANSKIY BROYLER,CONSUMER STAPLES,9
BRYANSKIY SYRODELNYY,CONSUMER STAPLES,9
BRYANSKPIVO AKTSIONERNOE,CONSUMER STAPLES,9
BRYANSKZAPCHAST,CONSUMER DISCRETIONARY,9
BRYANSKZAPCHAST,INDUSTRIALS,9
BRYUT,CONSUMER DISCRETIONARY,9
BS Store,CONSUMER DISCRETIONARY,9
"BSH BYTOWIJE PRIBORY, OOO BSH H",CONSUMER DISCRETIONARY,9
BSK,UTILITIES,9
BSK GRAND,ENERGY,9
BSK STEEL LIMITED LIABILITY,INDUSTRIALS,9
BSP,CONSUMER STAPLES,9
BSP,ENERGY,9
BSS Company Limited,HEALTH CARE,9
BSS-Security,INFORMATION TECHNOLOGY,9
BST,INDUSTRIALS,18
BSZ,MATERIALS,9
BT SVAP,ENERGY,9
BT United,CONSUMER STAPLES,9
BT-Group,CONSUMER STAPLES,9
BTG,UTILITIES,9
BTI,INFORMATION TECHNOLOGY,9
BTK,INDUSTRIALS,9
BTOF TERMINAL,ENERGY,9
BTS,INDUSTRIALS,9
BTS,UTILITIES,9
BTS STOUN,REAL ESTATE,9
BTS-TREST,INDUSTRIALS,9
BTT,HEALTH CARE,9
BTZ,MATERIALS,9
BUBEN,NOT RELEVANT,9
BUCHI RUS,INDUSTRIALS,9
BUDDHA DRINKS,CONSUMER DISCRETIONARY,9
BUER,INDUSTRIALS,9
BUGRY,CONSUMER STAPLES,9
BUHLER,INDUSTRIALS,9
BUILDREANIMATION,HEALTH CARE,9
BULOCHNO-KONDITERSKII KOMBINAT,CONSUMER STAPLES,9
BULTEN RUS,CONSUMER DISCRETIONARY,9
BUM-MARKET,NOT RELEVANT,9
BUMAGA-S,MATERIALS,9
BUMFA GROUP,CONSUMER STAPLES,9
BUMIZDELIA,NOT RELEVANT,9
BUMKHIMINVEST,MATERIALS,9
BUMPACK,REAL ESTATE,9
BUMSNAB,NOT RELEVANT,9
BUNKER HOLDINGS,INDUSTRIALS,9
BUNKER-SERVIS,ENERGY,9
BUREAU COUEBON,CONSUMER STAPLES,9
BURENERGO,ENERGY,9
BURENIE,ENERGY,9
BUREVESTNIK-XXI,NOT RELEVANT,9
BURGEOKOM,INDUSTRIALS,9
BURGER,CONSUMER DISCRETIONARY,9
BURINTEKH,ENERGY,9
BUROVAYA KOMPANIYA EURASIA,ENERGY,9
BUROVYE,INDUSTRIALS,9
BURTEKHIMUSHCHESTVO,ENERGY,9
BURYATSKAYA MYASOPERERABATYVAYUSH,CONSUMER STAPLES,9
BUSCH VACUUM RUSSIA,NOT RELEVANT,9
BUSH-AVTOPROM,INDUSTRIALS,9
BUSHE,CONSUMER STAPLES,9
BUSINESS LINES,INDUSTRIALS,9
BUSINESS-CENTER GOLDEX,FINANCIALS,9
BUSINESS-DOM,NOT RELEVANT,9
BUSINESS.SODEYSTVIE.BEZOPASSNOST,CONSUMER STAPLES,9
BUSINESSALLIANCESC,INDUSTRIALS,9
BUSINESSKOMPLEKT,NOT RELEVANT,9
BUTEKS.RU,CONSUMER DISCRETIONARY,9
BUTURLINOVSKII MELKOMBINAT,CONSUMER DISCRETIONARY,9
BUYSELL,CONSUMER STAPLES,9
BVB,INDUSTRIALS,18
BVB-AL'YANS-MOSKVA,INDUSTRIALS,9
BVB-ALYANS,INDUSTRIALS,9
BVK,UTILITIES,9
BVT,ENERGY,18
BWG,INDUSTRIALS,9
BXB Rus,INDUSTRIALS,9
BYATT INVESTORS GROUP,NOT RELEVANT,9
BYSTRORECHENSKAYA INVESTITSIONNAY,INDUSTRIALS,9
BYTPLAST,CONSUMER DISCRETIONARY,18
BZMP,HEALTH CARE,9
BZPA,ENERGY,9
BZPA,INDUSTRIALS,9
BZRP,INDUSTRIALS,9
BZTO,INDUSTRIALS,18
Baby Opt Group Co.,CONSUMER DISCRETIONARY,9
Balt,HEALTH CARE,9
BaltCam,CONSUMER DISCRETIONARY,9
Baltic Bunkering,INDUSTRIALS,9
Baltic Manufacture,MATERIALS,9
Baltika Breweries,CONSUMER STAPLES,9
Baltika-Trans,INDUSTRIALS,9
Baltnavis,CONSUMER DISCRETIONARY,9
BamBook,CONSUMER DISCRETIONARY,9
Bang and Bonsomer,MATERIALS,9
Banter,ENERGY,9
Barilla Rus,CONSUMER STAPLES,9
Barnaulsky railcar repair plant,INDUSTRIALS,9
Bashkirskaya Poultry Farm,CONSUMER STAPLES,9
Basis,HEALTH CARE,9
Bastion,INDUSTRIALS,9
Batakov Viktor Ivanovich,INDUSTRIALS,9
Baucenter,CONSUMER DISCRETIONARY,9
Baumit,INDUSTRIALS,9
Bautex,INDUSTRIALS,9
Bays DV,CONSUMER STAPLES,9
Bays-DV,CONSUMER STAPLES,9
BeFresh,CONSUMER STAPLES,9
BearingPoint,INFORMATION TECHNOLOGY,9
Bekker Joy,CONSUMER STAPLES,9
Belaya Dacha,CONSUMER STAPLES,9
Belaya Dacha,NOT RELEVANT,9
"Belaya Dolina Group of Companies,",CONSUMER STAPLES,9
Belaz- Spetsmash,INDUSTRIALS,9
Belenergomash-BZEM,MATERIALS,9
"Belfarmakom, ltd.",HEALTH CARE,9
Belgorodenergosbyt,UTILITIES,9
Belgorodskiy krahmal,CONSUMER STAPLES,9
Belgrankorm,CONSUMER STAPLES,9
Belmolproducts,CONSUMER STAPLES,9
Beltel,INFORMATION TECHNOLOGY,9
Berganstone Industrial,NOT RELEVANT,9
Bergauf Construction Technologies,MATERIALS,9
Bering Metals,MATERIALS,9
Beskargo,INDUSTRIALS,9
Bez baryerov,HEALTH CARE,9
Bilantlia Corp,INDUSTRIALS,9
Bina-Agro Traiding,CONSUMER STAPLES,9
Binnopharm Grupp,HEALTH CARE,9
Bio Standart,CONSUMER STAPLES,9
BioBaby,CONSUMER DISCRETIONARY,9
BioFoodLab,CONSUMER STAPLES,9
BioVitrum,HEALTH CARE,9
BioVitrum Investment,HEALTH CARE,9
Biojoule,UTILITIES,9
Biotronik Ural,HEALTH CARE,9
Bitumen Materials,ENERGY,9
Bitumiks,MATERIALS,9
Blagovest-S,CONSUMER DISCRETIONARY,9
Bleskincare 2,INDUSTRIALS,9
Blue Wave Shipping,INDUSTRIALS,9
Blum,CONSUMER DISCRETIONARY,9
Bogemia,CONSUMER DISCRETIONARY,9
Bonduelle-Kuban,CONSUMER STAPLES,9
Borjomi Finance,FINANCIALS,9
Bosco,CONSUMER DISCRETIONARY,9
Boxberry SOFT,INDUSTRIALS,9
Branch of Freshfields Bruckhaus Der,INDUSTRIALS,9
Branch of Shell Trading Russia,ENERGY,9
Branch of Trading House Metahim,MATERIALS,9
Branch office of Private Company Li,REAL ESTATE,9
Brand Street,CONSUMER DISCRETIONARY,9
Breffi Marketing,CONSUMER DISCRETIONARY,9
Brigadier,CONSUMER DISCRETIONARY,9
Brinex,CONSUMER DISCRETIONARY,9
Bristol,CONSUMER STAPLES,9
Broker,INDUSTRIALS,9
Brunswick Rail Group,INDUSTRIALS,9
Brusnika. Constrction organizer,REAL ESTATE,9
"Brusnika.Specialized developer, L",REAL ESTATE,9
Bryansk Meat,CONSUMER STAPLES,9
BryanskSpirtProm,CONSUMER STAPLES,9
Bryanskiy myasokombinat,CONSUMER STAPLES,9
Build Engineering,INDUSTRIALS,9
Building systems,MATERIALS,9
Bukaev.ru,HEALTH CARE,9
Bulgari Russia,CONSUMER DISCRETIONARY,9
Bunter Group,ENERGY,9
Burger King,CONSUMER DISCRETIONARY,9
Burservis Perm,ENERGY,9
Buryatzoloto,MATERIALS,9
Bushe,CONSUMER STAPLES,9
Business Alliance,INDUSTRIALS,9
Bystrinskaya Mining,MATERIALS,9
Bytplast,CONSUMER DISCRETIONARY,9
C-AIM,HEALTH CARE,9
C.E.S.CENTRAL ESTATE SERVICES,CONSUMER STAPLES,9
C.LTD. ARENA,INDUSTRIALS,9
CA St.Petersburg,NOT RELEVANT,9
CABLE PLANT KABEKS,INDUSTRIALS,9
CAESAR SATELLITE,INDUSTRIALS,9
CAESAR SATELLITE NW,CONSUMER DISCRETIONARY,9
CALAMITA TRADING,INDUSTRIALS,9
CALLISTO SERVICES,INDUSTRIALS,9
CALRIDGE,MATERIALS,9
CALZRU,CONSUMER DISCRETIONARY,9
CAMINANDO,INDUSTRIALS,9
CAMPARI RUS,CONSUMER STAPLES,9
CAMPINA,CONSUMER STAPLES,9
CANNED FOOD FACTORY AKHTUBA,CONSUMER STAPLES,9
CANTREVA,INDUSTRIALS,9
CAPEFAR,INDUSTRIALS,9
CAPITAL,INDUSTRIALS,18
CAPITAL,MATERIALS,9
CAPITAL DESIGNATED,MATERIALS,9
CAPITAL GATEWAY,INDUSTRIALS,9
CAPITAL MARKETS DAC,UTILITIES,9
CAPPELEN RUS,MATERIALS,9
CAPSTATE HOLDINGS,NOT RELEVANT,9
CAR,CONSUMER DISCRETIONARY,9
CARBOGLASS,MATERIALS,9
CARBON,MATERIALS,9
CARBON SINGAPORE PTE,MATERIALS,9
CARD,NOT RELEVANT,9
CARDINAL,INDUSTRIALS,9
CARDIOMARKET,HEALTH CARE,9
CARGILL,CONSUMER STAPLES,9
CARGO JFC CO.,CONSUMER STAPLES,9
CARGO LIMITED,INDUSTRIALS,9
CARPET COMPANY,CONSUMER DISCRETIONARY,9
CARSET,CONSUMER DISCRETIONARY,9
CARSHARING,INDUSTRIALS,9
CARTLAND,NOT RELEVANT,9
CAS-OPT,CONSUMER DISCRETIONARY,9
CASH & CARRY,CONSUMER STAPLES,9
CASH AND CARRY,CONSUMER STAPLES,9
CASHCARRY IMPORT,CONSUMER STAPLES,9
CASTING-EXTRUSION PLANT SEGAL LIMIT,INDUSTRIALS,9
CASTOR,ENERGY,9
CAT,CONSUMER DISCRETIONARY,9
CATERING,INDUSTRIALS,9
CATROSA REAKTIV,HEALTH CARE,9
CBF Cheremushki,CONSUMER STAPLES,9
CBM,INDUSTRIALS,9
CBS UPSTREAM LLS,CONSUMER STAPLES,9
CC KUZBASSRAZREZUGOL,ENERGY,9
CC Khimspetsstroy,INDUSTRIALS,9
CCAS,INDUSTRIALS,9
CCLCD Druzhba,INDUSTRIALS,9
CCP,REAL ESTATE,9
CDA Somelie,CONSUMER STAPLES,9
"CDEK-GLOBAL,",INDUSTRIALS,9
"CEDAR ECO-FACTORY,",CONSUMER STAPLES,9
CEDO HOUSEHOLD PRODUCTS,NOT RELEVANT,9
CEDRUS YUG,INDUSTRIALS,9
CEFEY,COMMUNICATIONS,9
CELINNIY ELEVATOR,CONSUMER STAPLES,9
CEMENT,NOT RELEVANT,9
CEMENTUM VOLGA,MATERIALS,9
CEMEQ MINERALS,INDUSTRIALS,9
CEMROS,NOT RELEVANT,9
CENTER SERVICE,CONSUMER DISCRETIONARY,9
CENTER-INVEST,INDUSTRIALS,9
CENTER-SKLAD,CONSUMER STAPLES,9
CENTER-T,NOT RELEVANT,9
CENTERS SYSTEM,CONSUMER DISCRETIONARY,9
CENTEX,INDUSTRIALS,9
CENTR,CONSUMER DISCRETIONARY,9
CENTR,ENERGY,9
CENTR-AGRO,INDUSTRIALS,9
CENTRAL EUROPEAN DISTRIBUTION COR,NOT RELEVANT,9
CENTRAL GEOPHYSICAL EXPEDITION OA,ENERGY,9
CENTRAL MEDICAL BASE,HEALTH CARE,9
CENTRALNAYA PPK,INDUSTRIALS,9
CENTRE,UTILITIES,9
CENTRE AND VOLGA REGION P,UTILITIES,9
CENTRE GROUP,CONSUMER DISCRETIONARY,9
CENTRE-KS,MATERIALS,9
CENTRENERGOMONTAZH FIRMA,NOT RELEVANT,9
CENTRGAZSERVIS,INDUSTRIALS,9
CENTRO,CONSUMER DISCRETIONARY,9
CENTROBUV,CONSUMER DISCRETIONARY,9
CENTROPOLYMER,MATERIALS,9
CENTROPTTEKSTIL,NOT RELEVANT,9
CENTROSPIRT,CONSUMER STAPLES,9
CENTROTEH,CONSUMER DISCRETIONARY,9
CENTRSTROYSVET,INDUSTRIALS,9
CENTRUM,INDUSTRIALS,9
CESAR SATELLITE,CONSUMER DISCRETIONARY,9
CESAR SYSTEMS,NOT RELEVANT,9
CF EXPERT-CABLE,INDUSTRIALS,9
CF KONFESTA,CONSUMER STAPLES,9
CFC YUGSTROI,NOT RELEVANT,9
CFT,FINANCIALS,9
CFT GROUP,FINANCIALS,9
CGC FINANCE,NOT RELEVANT,9
CH2M HILL,NOT RELEVANT,9
CHACHASHVILI BORIS DANIELOVICH,REAL ESTATE,9
CHAIKA UNIVERSITY,HEALTH CARE,9
CHAIKA YAKHT-KLUB,CONSUMER DISCRETIONARY,9
CHAIKA-NN,INDUSTRIALS,9
CHAIKOVSKII TEKSTIL',INDUSTRIALS,9
"CHAMZINSKAYA,",CONSUMER STAPLES,9
CHANEL,CONSUMER DISCRETIONARY,9
CHANNEL 7,NOT RELEVANT,9
CHAPAEVSKII ZAVOD METALLOKONSTRUK,INDUSTRIALS,9
CHARDI,REAL ESTATE,9
CHARKOV VLADIMIR ANATOLEVICH,CONSUMER DISCRETIONARY,9
CHASTNAYA PIVOVARNYA AFANASII,CONSUMER STAPLES,9
CHASTNOE OKHRANNOE PREDPRIYATIE,INDUSTRIALS,9
CHASTNOE UCHREZHDENIE ZDRAVOOKHRA,HEALTH CARE,9
CHAYKA METROPOLIS,HEALTH CARE,9
CHC,INDUSTRIALS,9
CHEAZ,INDUSTRIALS,9
CHEBARKUL MILK PLANT,CONSUMER STAPLES,9
CHEBARKULSKAYA PTITSA,CONSUMER STAPLES,9
CHEBIZ AUTO,NOT RELEVANT,9
CHEBOKSARSKOE PREDPRIYATIE SESPEL,CONSUMER DISCRETIONARY,9
CHEBOKSARY BREWERY BUKET CHUVASHI,NOT RELEVANT,9
CHEBOKSARY INDUSTRIAL FOUNDRY,INDUSTRIALS,9
CHEESECAKE.RU,CONSUMER STAPLES,9
CHELFARM,HEALTH CARE,18
CHELNY-BROILER,CONSUMER STAPLES,9
CHELNY-KHLEB,CONSUMER STAPLES,27
CHELPIPE,MATERIALS,9
CHELYABEYNERGOSBYT PUBLICHNOE AKT,UTILITIES,9
CHELYABINSK,INDUSTRIALS,9
CHELYABINSK KUZNECHNO-PRESSOVY,MATERIALS,9
CHELYABINSK PROFIT,MATERIALS,9
CHELYABINSK-STROYINDUSTRIA PKO,INDUSTRIALS,9
CHELYABINSKAGROPROMSNAB,NOT RELEVANT,9
CHELYABINSKGORGAS,NOT RELEVANT,9
CHELYABINSKII,INDUSTRIALS,9
CHELYABINSKII,MATERIALS,9
CHELYABINSKII MASHINOSTROITELNYI,INDUSTRIALS,9
CHELYABINSKII TRAKTORNYI ZAVOD-,NOT RELEVANT,9
CHELYABINSKIY,CONSUMER STAPLES,9
CHELYABINSKSTALKONSTRUKTSIYA,INDUSTRIALS,9
CHELYABKRANSBYT,INDUSTRIALS,9
CHEMBROKER,MATERIALS,9
CHEMEXPORT,MATERIALS,9
CHEMICO,MATERIALS,9
CHEMILINE,MATERIALS,9
CHEMILINE GROUP,MATERIALS,9
CHEMK,MATERIALS,9
CHEMPACK AK,NOT RELEVANT,9
CHEMPARTNERS,MATERIALS,9
CHEMPION,REAL ESTATE,9
CHEMREM,INDUSTRIALS,9
CHEMTRADE,MATERIALS,9
CHEMZ,INDUSTRIALS,9
CHEPETSKNEFTEPRODUKT,CONSUMER DISCRETIONARY,9
CHEREMNOVSKAYA,CONSUMER STAPLES,9
CHEREMNOVSKY SUGAR,CONSUMER STAPLES,9
CHEREMUSHKI,CONSUMER STAPLES,9
CHEREPOVETSKHLEB,CONSUMER STAPLES,9
CHEREPOVETSKII FILIAL OOO TS GRUP,INDUSTRIALS,9
CHEREPOVETSKII LVZ,CONSUMER STAPLES,9
CHEREPOVETSKOE SMU AO KISLORODMON,INDUSTRIALS,9
CHERIOMUSHKI CONFECTIONERY AND BREA,CONSUMER STAPLES,9
CHERKIZOVO,CONSUMER STAPLES,9
CHERKIZOVO VEGETABLE OILS,CONSUMER STAPLES,9
CHERKIZOVO-PIG-BREEDING,CONSUMER STAPLES,9
CHERMET,INDUSTRIALS,9
CHERMET,MATERIALS,9
CHERMET-SERVIS,MATERIALS,9
CHERMETSERVICE-SNABZHENIE,MATERIALS,9
CHERNOGLAZOVSKIE MELNITS,CONSUMER STAPLES,9
CHERNOMOR-NEFTESTROI,ENERGY,9
CHERNOMORBETON,MATERIALS,9
CHERNOZEME,INDUSTRIALS,9
CHERNOZEMY,CONSUMER STAPLES,9
CHGMZ,CONSUMER STAPLES,9
CHHZ,MATERIALS,9
CHICKEN YUG,CONSUMER DISCRETIONARY,9
CHIKAGO,CONSUMER STAPLES,27
CHIMMER I SHVARTS,MATERIALS,9
CHINKOVA YULIYA VIKTOROVNA,CONSUMER STAPLES,9
CHISHMINSKOE,CONSUMER STAPLES,9
CHISTAYA PLANETA,INDUSTRIALS,9
CHISTAYA VODA,CONSUMER STAPLES,9
CHISTYI BELYI KRAI,MATERIALS,9
CHITINSKAYA ENERGOSBITOVAYA,UTILITIES,9
CHIVILCOY LLC REP.,NOT RELEVANT,9
CHKALOVSKIY-PERM,NOT RELEVANT,9
CHKALOVSKIY-ZAKAMSK,NOT RELEVANT,9
CHKZ,INDUSTRIALS,9
CHKZ-EXPORT,INDUSTRIALS,9
CHKZ-INSTRUMENT,INDUSTRIALS,9
CHLZ FEST PRO,MATERIALS,9
CHMK,CONSUMER STAPLES,9
CHOCOLATE CONFECTIONARY,NOT RELEVANT,9
CHOO DEL'TA,INDUSTRIALS,9
CHOO OSKORD-KEDR,NOT RELEVANT,9
CHOP AVANGARD,INDUSTRIALS,9
CHOP BELYI MEDVED,INDUSTRIALS,9
CHOP BIZON,INDUSTRIALS,9
CHOP GRANT-VYMPEL,INDUSTRIALS,9
CHOP VYMPEL-2,INDUSTRIALS,9
CHORON DIAMOND,CONSUMER DISCRETIONARY,9
CHPZ DEZIMA,NOT RELEVANT,9
CHSHF PERSPEKTIVA,CONSUMER DISCRETIONARY,9
CHTK,INDUSTRIALS,9
CHTPZ,MATERIALS,9
CHTPZ (CHELYABINSK),MATERIALS,9
CHUKOTEYNERGO AKTSIONERNOE OBSHCH,UTILITIES,9
CHUKOTKA,MATERIALS,9
CHUSOVSKAYA MELNITSA,CONSUMER STAPLES,9
CHUSOVSKOY METALLURGICAL WORKS JS,MATERIALS,9
CHUVASHKHLEBOPRODUKT,CONSUMER STAPLES,9
CHUVASHSKAYA ENERGOSBYTOVAYA,UTILITIES,9
CHUZ STOMATOLOGICHESKAYA POLIKLIN,HEALTH CARE,9
CHZMEK,INDUSTRIALS,18
CHZMK,MATERIALS,18
CHZPSN-PROFNASTIL,INDUSTRIALS,9
CIC GOLDEN AGE,CONSUMER STAPLES,9
CID LINES,MATERIALS,9
CIDEON AG REP OFFICE (GERMANY),NOT RELEVANT,9
CILITA,HEALTH CARE,9
CIS REPRESENTATIVE,NOT RELEVANT,9
CITILAB,HEALTH CARE,18
CITILAB-URAL,HEALTH CARE,9
CITILINK,INFORMATION TECHNOLOGY,9
CITY OUTDOOR SERVICE,COMMUNICATIONS,9
CITY RETAIL,CONSUMER DISCRETIONARY,9
CITY-KASHIRKA,CONSUMER DISCRETIONARY,9
CITY-VIDNOE,CONSUMER DISCRETIONARY,9
CITYMATIC,INDUSTRIALS,9
CIVIL TEXTILE,CONSUMER STAPLES,9
CJSC,CONSUMER STAPLES,9
CJSC 'INTERNATIONAL COMMERCIAL,NOT RELEVANT,9
CL,HEALTH CARE,9
CLAAS,CONSUMER DISCRETIONARY,9
CLAAS VOSTOK,INDUSTRIALS,9
CLEAN MASTER,INDUSTRIALS,9
CLEAN.RU,INDUSTRIALS,9
CLEANING,INDUSTRIALS,9
CLEVER-MEDIA-GROUP,CONSUMER DISCRETIONARY,9
CLIFFORD CHANCE CIS LIMITED BRANC,NOT RELEVANT,9
CLINIC OF MODERN TECHNOLOGY,HEALTH CARE,9
CLINICA,HEALTH CARE,9
CLL MIRtex,CONSUMER DISCRETIONARY,9
CLM SOLUTIONS,INDUSTRIALS,9
CLO,INDUSTRIALS,9
CLOSED IOINT STOK COMPANY-SANATOR,CONSUMER DISCRETIONARY,9
CLOSED JOINT-STOCK,NOT RELEVANT,9
CLT,INDUSTRIALS,9
CMP,MATERIALS,9
CMPP,CONSUMER STAPLES,9
CMT Analitika,HEALTH CARE,9
CNGS ENGINEERING,ENERGY,9
CNPSEI,NOT RELEVANT,9
CO.,INDUSTRIALS,9
CO.LTD,CONSUMER STAPLES,9
CO.LTD TREVES,CONSUMER DISCRETIONARY,9
CO.LTD. TOGLIATTI TRANSFORMATOR,INDUSTRIALS,9
COAL ENERGY COMPANY,ENERGY,9
COAL MINING INVESTMENTS,ENERGY,9
COATINGS,MATERIALS,9
COFFE ALLIANCE,CONSUMER DISCRETIONARY,9
COLOR SYNTHESIS,CONSUMER STAPLES,9
"COMBINE PLANT ROSTSELMASH LTD.,",INDUSTRIALS,9
COMCOR,COMMUNICATIONS,18
COMINTRADE,CONSUMER STAPLES,9
COMITAS AUTOMATION,INDUSTRIALS,9
COMMERCE,CONSUMER STAPLES,9
COMMERCIAL AUTOMOBILI-GROUP GAZ,CONSUMER DISCRETIONARY,9
COMMERCIAL CENTRE THFZ,CONSUMER STAPLES,9
COMPANIYA SOYUZ,CONSUMER STAPLES,9
COMPANY,HEALTH CARE,9
COMPANY,INFORMATION TECHNOLOGY,9
COMPANY,MATERIALS,9
COMPANY A8,MATERIALS,9
COMPANY ADAMAS,ENERGY,9
COMPANY ALLIGATOR,CONSUMER STAPLES,9
COMPANY AziaTransRail,INDUSTRIALS,9
COMPANY BIOLOGISTIC,HEALTH CARE,9
COMPANY DOBRODEYA,HEALTH CARE,9
COMPANY FILTER-MOSCOW,INDUSTRIALS,9
COMPANY GENERAL DE TOURIZM ET DE,NOT RELEVANT,9
COMPANY GENETERRA,HEALTH CARE,9
COMPANY HYDROMASHSERV,INDUSTRIALS,9
COMPANY IDC,CONSUMER STAPLES,9
COMPANY INTRA,INDUSTRIALS,9
COMPANY JSC GC BAIKAL,CONSUMER STAPLES,9
COMPANY KAMYSHINSKY STE,MATERIALS,9
COMPANY KREDO,INDUSTRIALS,9
COMPANY MAGNITOGORSK,CONSUMER STAPLES,9
COMPANY MOSCOW PACKIN,MATERIALS,9
COMPANY OF AUTOMOBILE PLA,CONSUMER DISCRETIONARY,9
COMPANY POLIMERBYT,MATERIALS,9
COMPANY PRODUCT-SERVICE,CONSUMER STAPLES,9
COMPANY PYATYU PYAT,CONSUMER STAPLES,9
COMPANY ROOTA,HEALTH CARE,9
COMPANY RUSSIAN KNITWEAR,CONSUMER DISCRETIONARY,9
COMPANY SETL,CONSUMER DISCRETIONARY,9
COMPANY SEVERNAYA ZVEZDA,COMMUNICATIONS,9
COMPANY SIBKABEL,INDUSTRIALS,9
COMPANY URALKERAMIKA-ROSTOV,INDUSTRIALS,9
COMPANY VKT,CONSUMER STAPLES,9
COMPANY VOSTOKTEKHTOR,INDUSTRIALS,9
COMPAS,INDUSTRIALS,9
COMPASS,INDUSTRIALS,9
COMPASS OF HEALTH LIMITED LIABILI,CONSUMER STAPLES,9
COMPEL JOINT-STOCK,INDUSTRIALS,9
COMPLEX,INDUSTRIALS,9
COMPRESSOR PLANT,INDUSTRIALS,9
COMPTEK,INFORMATION TECHNOLOGY,9
COMPULINK,INFORMATION TECHNOLOGY,9
COMPULINK INTEGRATION,INFORMATION TECHNOLOGY,9
COMPUTER,INFORMATION TECHNOLOGY,9
COMPUTER LTD-1,NOT RELEVANT,9
COMSPA TECHNOLOGIES,CONSUMER DISCRETIONARY,9
CONCEPT,CONSUMER DISCRETIONARY,9
CONCEPT GROUP,CONSUMER DISCRETIONARY,9
CONCEPT MP,INDUSTRIALS,9
CONCERN TRACTOR PLANTS,INDUSTRIALS,9
CONCESSION COMPANY,INDUSTRIALS,9
CONCRETE COMPANY,MATERIALS,9
CONDOR-ECOLOGY,INDUSTRIALS,9
CONFECTIONARIES HOLDING,CONSUMER STAPLES,9
CONFECTIONARY BELOGORYE,CONSUMER STAPLES,9
CONFECTIONARY FACTORY VOLZHAN,CONSUMER STAPLES,9
CONFECTIONERY,CONSUMER STAPLES,9
CONFLEX,MATERIALS,9
CONSOLIDATED PENZA DISTILLERIES,CONSUMER STAPLES,9
CONSTRUCTION,MATERIALS,9
CONSTRUCTION AND DEVELOPME,INDUSTRIALS,9
CONSTRUCTION COMPANY AMIS,INDUSTRIALS,9
CONSYST,INFORMATION TECHNOLOGY,9
CONTACT,HEALTH CARE,9
CONTINENTAL PLAST LLC,MATERIALS,9
CONTRACTOR RELATIONS CENTE,FINANCIALS,9
CONVENT,CONSUMER DISCRETIONARY,9
COOL-B,CONSUMER STAPLES,9
COPPER COMPANY,MATERIALS,9
CORAL,CONSUMER DISCRETIONARY,9
CORDIANT MOSCOW BRANCH,CONSUMER DISCRETIONARY,9
CORE.XP,FINANCIALS,9
CORNING GMBH REPOF,MATERIALS,9
CORPESTATE,FINANCIALS,9
CORPORATION,CONSUMER STAPLES,9
CORPORATION,INDUSTRIALS,9
CORPORATION IP,INDUSTRIALS,9
CORPORATION RUSSKIYE SAMOTSVETY,NOT RELEVANT,9
CORSICO,NOT RELEVANT,9
CORSUS,MATERIALS,9
COSMETICS CO,CONSUMER STAPLES,9
COSMETIK,CONSUMER STAPLES,9
COSMOPHARM,HEALTH CARE,9
COSMOPROFI,CONSUMER STAPLES,9
COSMOS HOTEL MANAGEMENT,REAL ESTATE,9
COSMOTRADE,CONSUMER STAPLES,9
COTES ENGINEERING,INDUSTRIALS,9
COTTON CLUB,CONSUMER STAPLES,9
COTTON CLUB INVESTMENTS,NOT RELEVANT,9
COUGARD INVESTISSEMENT,NOT RELEVANT,9
COURIER-REGION,INDUSTRIALS,9
COURIER-SERVICE,INDUSTRIALS,9
COZVEZDIE,CONSUMER DISCRETIONARY,9
CPH Industries Co.,MATERIALS,9
CPI-Ariant,CONSUMER STAPLES,9
CPP BEREZOVSKAYA,MATERIALS,9
CR COLUMBUS,CONSUMER DISCRETIONARY,9
CR METROPOLIS,CONSUMER DISCRETIONARY,9
CRIGA,CONSUMER STAPLES,9
CRISTANVAL-FM Limited Liability,INDUSTRIALS,9
CROC INCORPORATED,INFORMATION TECHNOLOGY,9
CROCS CIS,CONSUMER DISCRETIONARY,9
CROPS CORPORATION,CONSUMER STAPLES,9
CROSS ENGINEERING,ENERGY,9
CROSSLINE,NOT RELEVANT,9
CRT SERVICE CJSC,INFORMATION TECHNOLOGY,9
CRYOGENMASH,NOT RELEVANT,9
CSC,HEALTH CARE,9
CSP,CONSUMER STAPLES,9
CSR EFKO,CONSUMER STAPLES,9
CTC Metallokonstruktsiya,INDUSTRIALS,9
CTD ENERGOMERA,INDUSTRIALS,9
CTF HOLDINGS,FINANCIALS,18
CTI,INFORMATION TECHNOLOGY,9
CTS,ENERGY,9
CTS-CENTRE,INDUSTRIALS,9
CUBQ,INDUSTRIALS,9
CV,HEALTH CARE,9
CYBERSTEEL,MATERIALS,9
CYBERWOOD,MATERIALS,9
CYPRESS OILFIELD HOLDINGS,ENERGY,9
CYTOMED,HEALTH CARE,9
CZP,MATERIALS,9
Cable Alliance Holding Corporatio,INDUSTRIALS,9
Callisto,INDUSTRIALS,9
Canonpharma production,HEALTH CARE,9
Cantata,CONSUMER STAPLES,9
Capital,MATERIALS,9
CarMart,CONSUMER DISCRETIONARY,9
CarX Technologies,INFORMATION TECHNOLOGY,9
Carey Co.,FINANCIALS,9
Cargo Service,INDUSTRIALS,9
Cargo Terminal Pulkovo,INDUSTRIALS,9
CargoModul,INDUSTRIALS,9
Carl Zeiss,INFORMATION TECHNOLOGY,9
Cartonplast-Ru,MATERIALS,9
Carville,CONSUMER DISCRETIONARY,9
Cashmere Capital,MATERIALS,9
Cedrus,INDUSTRIALS,9
Central Warehouse of Siberia,CONSUMER DISCRETIONARY,9
Central black carth agro-industrial,CONSUMER STAPLES,9
Centrax Gas Turbines Rus,INDUSTRIALS,9
Centre,INDUSTRIALS,9
Ceramic Solutions Rus,INDUSTRIALS,9
"Cereal Partners Rus,",CONSUMER STAPLES,9
Cesla,MATERIALS,9
ChFMK,MATERIALS,18
ChSDM,CONSUMER DISCRETIONARY,9
Chaika BYURO,HEALTH CARE,9
Chaika Kuntsevo,HEALTH CARE,9
Chaika Moscow-city,HEALTH CARE,9
Chelny-Broiler,CONSUMER STAPLES,9
Chelpivo,CONSUMER STAPLES,9
Chelyabinsk Metallurgical Plant PAO,MATERIALS,9
Chelyabinsk electrical equipment,INDUSTRIALS,9
ChemInTekhno,MATERIALS,9
ChemPartners,MATERIALS,9
Chemodan PRO,CONSUMER DISCRETIONARY,9
Chempioneriya,CONSUMER DISCRETIONARY,9
Chemreaktivsnab,MATERIALS,9
Chepetskoye NGDU,NOT RELEVANT,9
Cherkizovo,CONSUMER STAPLES,18
Chernigovets joint-stock company,ENERGY,9
Chernozemye,CONSUMER STAPLES,9
Chicken Kingdom,CONSUMER STAPLES,9
Chishminskiy OEP,CONSUMER STAPLES,9
Chocolate factory Shocolate,CONSUMER STAPLES,9
Chtk,INDUSTRIALS,9
Citibunker,INDUSTRIALS,9
Citilab Ufa,HEALTH CARE,9
Citilab-Siberia,HEALTH CARE,9
CityGrand,CONSUMER STAPLES,9
CityPharm,HEALTH CARE,9
Closed Joint-Stock Company Chocol,CONSUMER STAPLES,9
Co Smart,CONSUMER DISCRETIONARY,9
Co. Ltd N.C.R. Biochemical,MATERIALS,9
Cocar,CONSUMER STAPLES,9
Coffee House HORS' Limited Liabil,CONSUMER STAPLES,9
ComMedCom,HEALTH CARE,9
Comfilux,CONSUMER DISCRETIONARY,9
Comfort Ceramics Co.Ltd,MATERIALS,9
Commercial Port of Vladivostok,INDUSTRIALS,9
Community,CONSUMER DISCRETIONARY,9
Company,ENERGY,9
Company Alfa-Lab,HEALTH CARE,9
Company E27,CONSUMER DISCRETIONARY,9
Company HimKo,MATERIALS,9
Company JSC Irkutsk Wat,CONSUMER STAPLES,9
Company NICATOR,MATERIALS,9
Company forelevoe hoziais,CONSUMER STAPLES,9
Complect Ice,INDUSTRIALS,9
Complete,INFORMATION TECHNOLOGY,9
Complete IS,INFORMATION TECHNOLOGY,9
Composit,MATERIALS,9
Composite factory,INDUSTRIALS,9
Compulink,INFORMATION TECHNOLOGY,9
Compulink Infrastructure,UTILITIES,9
Con-Cord,MATERIALS,9
Concept Retail,CONSUMER DISCRETIONARY,9
Concept Retail MOS,CONSUMER DISCRETIONARY,9
"Concord Ferroalloys,",INDUSTRIALS,9
Confectionary Concern Babaevs,CONSUMER STAPLES,9
Consulting,INDUSTRIALS,9
Containex RUS,INDUSTRIALS,9
Continent,CONSUMER DISCRETIONARY,18
Corporation Uraltechnostroy,ENERGY,9
Cosmetic Via,MATERIALS,9
Cosmetics Iberia,CONSUMER STAPLES,9
Cosmetology and Plastic Surgery C,HEALTH CARE,9
Cotton Club,CONSUMER STAPLES,18
Credo,INDUSTRIALS,9
Cres Neva,CONSUMER STAPLES,9
Cristanval,INDUSTRIALS,9
Crystal Ship,INDUSTRIALS,9
Custom trading,INDUSTRIALS,9
Customs,INDUSTRIALS,9
D FINANCE,REAL ESTATE,9
D-2,INDUSTRIALS,9
D-AVTO,CONSUMER DISCRETIONARY,9
D-ICE,INDUSTRIALS,9
D-LOGISTIC,NOT RELEVANT,9
D-TRANS GROUP,INDUSTRIALS,9
D.I.Mendeleyev Institute for Metrol,INDUSTRIALS,9
DACHNOE OBEDINENIE SOSNOVYE BEREGA,FINANCIALS,9
DAF,INDUSTRIALS,9
DAG46,INDUSTRIALS,9
DAGOMYSSKOE DRSU,INDUSTRIALS,9
DAIKON,CONSUMER DISCRETIONARY,9
DAIMLER CHRYSLER REP,NOT RELEVANT,9
DAIRY FACTORY VORONEZHSKY,CONSUMER STAPLES,9
DAKGOMZ,CONSUMER STAPLES,9
DAL,CONSUMER STAPLES,9
DAL'NEFTEPRODUKT,ENERGY,9
DAL'NEVOSTOCHNAYA DOROZHNO-STROIT,MATERIALS,9
DAL'NII VOSTOK,INDUSTRIALS,9
DAL'VOSTTREID,ENERGY,9
DALAKOR,INDUSTRIALS,9
DALEWAVE,MATERIALS,9
DALGAKYRAN-M,INDUSTRIALS,9
DALI MEDIKAL,HEALTH CARE,9
DALKOS CO,INDUSTRIALS,9
DALLESPROM,MATERIALS,9
DALMOND TRADE HOUSE,MATERIALS,9
DALNEVOST RASPRED SETEV KOMPAN,UTILITIES,9
DALNEVOSTOCHNOE POBEREZHE CO,CONSUMER STAPLES,9
"DALREFTRANS CO,",INDUSTRIALS,9
DALTECHGAZ,NOT RELEVANT,9
DALVA CONSULTING,INDUSTRIALS,9
DAMAKO,CONSUMER DISCRETIONARY,9
DAMIANE,CONSUMER STAPLES,18
DAN STAR,CONSUMER STAPLES,9
DANAFILMS,MATERIALS,9
DANAFLEKS,MATERIALS,9
DANAFLEX,MATERIALS,9
DANAFLEX-ALABUGA,MATERIALS,9
DANAFLEX-NANO,MATERIALS,9
DANIELI,INDUSTRIALS,9
DANKO,NOT RELEVANT,9
DANKO-DIALOG,INDUSTRIALS,9
DANLECO,CONSUMER STAPLES,9
DANNERT,NOT RELEVANT,9
DANSONIYA,CONSUMER STAPLES,9
DANTA,HEALTH CARE,9
DANY COLL,COMMUNICATIONS,9
DAR'YA-METALL-GRUPP,INDUSTRIALS,9
DARPIKS,HEALTH CARE,9
DARS,CONSUMER DISCRETIONARY,9
DARYA METAL,MATERIALS,9
DAS GLOBAL LOGISTIK,INDUSTRIALS,9
DASKO-TREID,CONSUMER STAPLES,9
DATAKRAT,INFORMATION TECHNOLOGY,9
DATAPRO,COMMUNICATIONS,9
DAV-AVTO,NOT RELEVANT,9
DAV-AVTO-TRADE,NOT RELEVANT,9
DAVYDOVO,NOT RELEVANT,9
DAXECA,FINANCIALS,9
DBK,CONSUMER STAPLES,9
DC,HEALTH CARE,9
DC AUTO,NOT RELEVANT,9
DC Kaluga,INFORMATION TECHNOLOGY,9
DC Vladimir,INFORMATION TECHNOLOGY,9
DC YUG-AVTO,CONSUMER DISCRETIONARY,9
DCIDE,INDUSTRIALS,9
DCLogic,INFORMATION TECHNOLOGY,9
DCM,INDUSTRIALS,9
DCS,INDUSTRIALS,9
DD OSKAR,CONSUMER STAPLES,9
DDD2,CONSUMER DISCRETIONARY,9
DDG YUNIT,FINANCIALS,9
DDK,CONSUMER DISCRETIONARY,9
DDSK,MATERIALS,9
DE HEUS INTERNATIONAL,CONSUMER STAPLES,9
DEAL,MATERIALS,9
DEAL-AUTO,NOT RELEVANT,9
DEBEVER,INDUSTRIALS,9
DEBRYANSK,CONSUMER DISCRETIONARY,9
DEBRYANSK AVTO,CONSUMER DISCRETIONARY,9
DEFA,CONSUMER STAPLES,9
DEFENS-RUS,INDUSTRIALS,9
DEFT,COMMUNICATIONS,9
DEILAIT I KO,CONSUMER DISCRETIONARY,9
DEITABEIS100K20,INFORMATION TECHNOLOGY,9
DEKA,CONSUMER STAPLES,9
DEKA-S,INDUSTRIALS,9
DEKA-STORY,INDUSTRIALS,9
DEKA-STROI,INDUSTRIALS,9
DEKABR,CONSUMER STAPLES,9
DEKART,MATERIALS,18
DEKO,ENERGY,9
DEKOM,MATERIALS,9
DEKORATOR,MATERIALS,9
DEKORT,REAL ESTATE,9
DEL'FIN,CONSUMER STAPLES,9
DEL'TA,CONSUMER DISCRETIONARY,9
DEL'TA,INDUSTRIALS,9
DEL'TA,MATERIALS,9
DEL'TA GRUPP,HEALTH CARE,9
DEL'TA-AGRO,CONSUMER STAPLES,9
DEL'TASKAN,INDUSTRIALS,9
DELAN,INDUSTRIALS,9
DELFIYA,HEALTH CARE,9
DELFUD,CONSUMER STAPLES,18
DELIKATES,CONSUMER STAPLES,9
DELIKATES OOO FILIAL,CONSUMER STAPLES,9
DELKO,INDUSTRIALS,9
DELO,INDUSTRIALS,9
DELO,NOT RELEVANT,9
DELO-TABAK,CONSUMER STAPLES,9
DELOITTE CIS HOLDINGS,INDUSTRIALS,9
DELOITTETOUCHE CIS,INDUSTRIALS,9
DELOPORTS,INDUSTRIALS,9
DELOPORTS LTD. CHASTNOE UCHREZHDE,INDUSTRIALS,9
DELOS,CONSUMER STAPLES,9
DELOVAYA,CONSUMER DISCRETIONARY,9
DELOVAYAPRESSA,INDUSTRIALS,9
DELOVOY INTERIER,FINANCIALS,9
DELOVYE LINII,INDUSTRIALS,9
DELRUS,HEALTH CARE,9
DELRUS-PSKOV,HEALTH CARE,9
DELRUSKOM,HEALTH CARE,9
DELTA,CONSUMER STAPLES,9
DELTA,INFORMATION TECHNOLOGY,9
DELTA COM,REAL ESTATE,9
DELTA PTK,INDUSTRIALS,9
DELTA-PAK,MATERIALS,9
DELTRADE,CONSUMER STAPLES,9
DELTREID,CONSUMER STAPLES,18
DELTREYD,CONSUMER STAPLES,9
DEMETRA,INDUSTRIALS,9
DEMIDOV,MATERIALS,9
DEMIDYCH,CONSUMER DISCRETIONARY,9
DEMINSKOE,CONSUMER STAPLES,9
DEMLINK,CONSUMER DISCRETIONARY,9
DEMO MOTORS,CONSUMER DISCRETIONARY,9
DEMYANENKO VITALII VLADIMIROVICH,FINANCIALS,9
DENDI,CONSUMER STAPLES,9
DENEB,HEALTH CARE,18
DENEBMED,HEALTH CARE,9
DENIM,CONSUMER DISCRETIONARY,9
DENKO MSK,CONSUMER DISCRETIONARY,9
DENSET,INDUSTRIALS,9
DENSET,MATERIALS,9
DENSO Rus,CONSUMER DISCRETIONARY,9
DENTAL CENTER,HEALTH CARE,9
DENTAL-KOSMETIK-RUS,CONSUMER STAPLES,9
DENTAL-PLUS CO.LTD..,HEALTH CARE,9
DENTRO,INDUSTRIALS,18
DEOST,HEALTH CARE,9
DEP 169,INDUSTRIALS,9
DEP N 33,INDUSTRIALS,9
DEPO Electronics,INFORMATION TECHNOLOGY,9
DERBENTSKIY VINNO-KONYACHNYY KOMB,CONSUMER STAPLES,9
DEREVENSKOE,CONSUMER STAPLES,18
DEREVYANKO V.I.,CONSUMER STAPLES,9
DERZHAVINSKAYA,CONSUMER STAPLES,9
DESIGN,MATERIALS,9
DESIGN DIVISION,INDUSTRIALS,9
DESJONQUERES,NOT RELEVANT,9
DESNA DEVELOPMENT,FINANCIALS,9
DESSERT FANTASY,CONSUMER STAPLES,27
DESU ZHILDORSTROY,MATERIALS,9
DESYATOE KOROLEVSTVO,CONSUMER DISCRETIONARY,9
DESYATOYE KOROLEVSTVO VOLGA,CONSUMER DISCRETIONARY,9
DETALSTROYCONSTRUCTIA,CONSUMER DISCRETIONARY,9
DETSKIE PRODUKTY,CONSUMER STAPLES,9
DETSKIY MIR,CONSUMER DISCRETIONARY,9
DETSKOSELSKIY,CONSUMER STAPLES,9
DEUTSCHE AGRAR GRUPPE,INDUSTRIALS,9
DEVALER,CONSUMER DISCRETIONARY,9
DEVELEY,CONSUMER STAPLES,9
DEVELOPMENT,INDUSTRIALS,9
DEVELOPMENT,REAL ESTATE,9
DEVELOPMENT-SIBIR',REAL ESTATE,9
DEVELOPMENT-YUG,NOT RELEVANT,9
DEVINO TELECOM,COMMUNICATIONS,9
DEVON,CONSUMER STAPLES,18
DEWEYLEBOEUF,INDUSTRIALS,9
DEYP MOSTY I TONNELICADHYK,INDUSTRIALS,9
DF,CONSUMER STAPLES,9
DFF,INDUSTRIALS,9
DFS,INDUSTRIALS,18
DI AY VAY TULZ,INDUSTRIALS,9
DI JUICE (CYPRUS),NOT RELEVANT,9
DIA-FARM,CONSUMER STAPLES,9
DIADA,NOT RELEVANT,9
DIADAR,CONSUMER STAPLES,9
DIAKONT,INDUSTRIALS,9
DIAL,MATERIALS,9
DIAL-REHM RESTRICTED,INFORMATION TECHNOLOGY,9
DIALAIN,HEALTH CARE,9
DIALL,ENERGY,9
DIALL ALLIANCE,ENERGY,9
DIAMANT DEVELOPMENT GROUP WORLD,REAL ESTATE,9
DIAMED,HEALTH CARE,18
DIAMED-FARMA,HEALTH CARE,9
DIAN LOGISTICS,INDUSTRIALS,9
DIART,UTILITIES,9
DIAS,CONSUMER DISCRETIONARY,9
DIAS,CONSUMER STAPLES,9
DIASOFT,INFORMATION TECHNOLOGY,9
DIDZHITAL DIZAIN IT,INFORMATION TECHNOLOGY,9
DIESEL,INDUSTRIALS,9
DIESEL-MTA,NOT RELEVANT,9
DIGISPACE L.T.D.,INDUSTRIALS,9
DIGITAL,INDUSTRIALS,9
DIGITAL,INFORMATION TECHNOLOGY,9
DIGITAL DESIGN,INFORMATION TECHNOLOGY,9
DIGOR,CONSUMER DISCRETIONARY,9
DIHOUSE Company,INFORMATION TECHNOLOGY,9
DIL-AVTOTRANS,INDUSTRIALS,9
DIL-BEER Khanti-Mansiysk,CONSUMER STAPLES,9
DIL-Beer Nizhnevartovsk,CONSUMER STAPLES,9
DILAN,CONSUMER STAPLES,9
DILAN- MARKET,CONSUMER STAPLES,9
DILAN-MARKET,CONSUMER STAPLES,9
DILER,CONSUMER DISCRETIONARY,9
DILER-K,CONSUMER DISCRETIONARY,9
DILER-N,CONSUMER DISCRETIONARY,9
DILER-NB,CONSUMER DISCRETIONARY,9
DILER-O,CONSUMER DISCRETIONARY,9
DILER-U,CONSUMER DISCRETIONARY,9
DILERSKIY CENTRE YUG-AVTO PLUS,CONSUMER DISCRETIONARY,9
DILIGENCE,HEALTH CARE,9
DILPAR TRADING,CONSUMER STAPLES,9
DIMITROVGRAD AUTOMOBILE UNITS PLA,NOT RELEVANT,9
DINAMIKA,INDUSTRIALS,9
DINAMO,CONSUMER STAPLES,9
DINAS,CONSUMER DISCRETIONARY,9
DINASTIYA,CONSUMER DISCRETIONARY,9
DINUR,MATERIALS,9
DIO,INDUSTRIALS,9
DIO,NOT RELEVANT,9
DIO PLAST,MATERIALS,9
DIONIS,CONSUMER STAPLES,18
DIONIS-1,CONSUMER STAPLES,9
DIORIT,CONSUMER DISCRETIONARY,9
DIORIT-TEKHNIS,CONSUMER DISCRETIONARY,9
DIORIT-TRANZIT,CONSUMER DISCRETIONARY,9
DIP,CONSUMER STAPLES,9
DIP TORGOVAYA KOMPANIYA,CONSUMER STAPLES,9
DIPAUL-INTEGRATION CO,INDUSTRIALS,9
DIPOL',INDUSTRIALS,9
DIPOL'-PROIZVODSTVO,INDUSTRIALS,9
DIPOS,INDUSTRIALS,9
DIRECT CATALOGUE SERVICE,CONSUMER DISCRETIONARY,9
DIREKTORIYA-NOVY MORSKOI PORT,NOT RELEVANT,9
DISKAUNTER,CONSUMER STAPLES,9
DISPAK,INDUSTRIALS,9
DISTRIBUTION CENTER UNISAW,CONSUMER DISCRETIONARY,9
DIVA,CONSUMER DISCRETIONARY,9
DIVAGE VOSTOK,CONSUMER DISCRETIONARY,9
DIVAVIN AND COMPANY,NOT RELEVANT,9
DIVEEVSKOE,CONSUMER STAPLES,9
DIVERS MOTORS SAMARA,NOT RELEVANT,9
DIVIYA,CONSUMER STAPLES,9
DIVO,CONSUMER STAPLES,9
DIXI,MATERIALS,9
DIXY GROUP,CONSUMER STAPLES,9
DIZAIN,INDUSTRIALS,9
DIZAIN,MATERIALS,9
DIZAIN M,MATERIALS,9
DIZAIN R,MATERIALS,9
DIZEL,INDUSTRIALS,9
DIZEL EKSPORT,INDUSTRIALS,9
DK AVTOMIR,ENERGY,9
DK-SP,INFORMATION TECHNOLOGY,9
DKBR,CONSUMER STAPLES,9
DKF,CONSUMER STAPLES,9
DKMP,MATERIALS,9
DL-EYKSPEDIROVANIE,INDUSTRIALS,9
DL-Trans,INDUSTRIALS,9
DLA PIPER RUDNICK GRAY CARY I,NOT RELEVANT,9
DLF,CONSUMER STAPLES,9
DLK,INDUSTRIALS,9
DLTK,INDUSTRIALS,9
DM,CONSUMER DISCRETIONARY,9
DM,HEALTH CARE,9
DM TREIDING,CONSUMER STAPLES,9
DM-Tech,CONSUMER DISCRETIONARY,9
DMC,NOT RELEVANT,9
DMF,CONSUMER STAPLES,9
DMITRIEV-AGRO-INVEST,CONSUMER STAPLES,9
DMITROTARANOVSKI SAKHARNY,CONSUMER STAPLES,9
DMK,CONSUMER DISCRETIONARY,9
DMP,INDUSTRIALS,9
DMS,INDUSTRIALS,9
DMZ,INDUSTRIALS,9
DNIIMF,INDUSTRIALS,9
DNS,CONSUMER DISCRETIONARY,9
DNS,INDUSTRIALS,9
DNS Retail,CONSUMER DISCRETIONARY,9
DNV,FINANCIALS,9
DO-CAR,CONSUMER DISCRETIONARY,9
DO-IT-YOURSELF,CONSUMER DISCRETIONARY,9
DOA ANGEL PRIVATE SECURITY AGENCY,INDUSTRIALS,9
DOBICHA ASTRAHAN',ENERGY,9
DOBRIY MIR,CONSUMER STAPLES,9
DOBROF,CONSUMER STAPLES,9
DOBROGA,INDUSTRIALS,9
DOBROVSKII,CONSUMER STAPLES,9
DOBRYI KARTON,MATERIALS,9
DOBRYI KHOZYAIN,CONSUMER STAPLES,9
DOBYCHA YAMBURG,ENERGY,9
DOK ENISEY,MATERIALS,9
DOKAGENE TECHNOLOGIES,NOT RELEVANT,9
DOKART,INDUSTRIALS,9
DOKTOR APPETIT,CONSUMER STAPLES,9
DOKTOR FARMER,CONSUMER STAPLES,9
DOKTORSLON.RU,CONSUMER STAPLES,9
DOLGOV,CONSUMER STAPLES,9
DOLGOVSKOE,CONSUMER STAPLES,9
DOLINA,CONSUMER STAPLES,18
DOLINA SEMYAN,CONSUMER STAPLES,9
DOLZHANSKAYA,CONSUMER STAPLES,9
DOM,CONSUMER STAPLES,18
DOM,INDUSTRIALS,18
DOM,NOT RELEVANT,9
DOM ABV,CONSUMER STAPLES,9
DOM ALANTAL',CONSUMER STAPLES,9
DOM ALTAN,CONSUMER STAPLES,9
DOM AVTOINDUSTRIYA,CONSUMER DISCRETIONARY,9
DOM BEBI KHIT,CONSUMER DISCRETIONARY,9
DOM BUMPROM,MATERIALS,9
DOM CEMENT,NOT RELEVANT,9
DOM DILAN,CONSUMER STAPLES,9
DOM ETANOL-OREL,CONSUMER STAPLES,9
DOM EVROPA,CONSUMER STAPLES,9
DOM EYKOPOL,CONSUMER DISCRETIONARY,9
DOM EYLEKTRUM-NG,ENERGY,9
DOM EYLMON OBSHCHESTVO S,INDUSTRIALS,9
DOM EYNERGO,CONSUMER STAPLES,9
DOM HADO,CONSUMER DISCRETIONARY,9
DOM INDUSTRIYA UPAKOVKI OB,MATERIALS,9
DOM KARAVELLA,CONSUMER STAPLES,9
DOM KUZNETSKII,INDUSTRIALS,9
DOM KYSHTYMSKOGO MASHINO,MATERIALS,9
DOM LIZINGOVYKH USLUG,CONSUMER STAPLES,9
DOM LYUBIMO,CONSUMER STAPLES,9
DOM MODY,NOT RELEVANT,9
DOM MOLOCHNYE REKI,CONSUMER STAPLES,9
DOM NEVSKII,CONSUMER STAPLES,9
DOM OBSHCHESTVO S,CONSUMER STAPLES,9
DOM OKAMA SIL'VER,MATERIALS,9
DOM PERMGLAVSNAB,INDUSTRIALS,9
DOM PLETYUKHINA,REAL ESTATE,9
DOM PODSHIPNIKMASH SAMAR,INDUSTRIALS,9
DOM PORT,NOT RELEVANT,9
DOM PREM'ER,CONSUMER DISCRETIONARY,9
DOM PROSVESHCHENIE-REGIO,CONSUMER DISCRETIONARY,9
DOM PT,INDUSTRIALS,9
DOM REZERVUARNYE METALLO,INDUSTRIALS,9
DOM REZINOTEKHNIKA,CONSUMER DISCRETIONARY,9
DOM RISMA,CONSUMER STAPLES,9
DOM SFERA OBSHCHESTVO,CONSUMER DISCRETIONARY,9
DOM SHINOTORG,CONSUMER DISCRETIONARY,9
DOM SIBIRSKII PROMYS,ENERGY,9
DOM SIBTREIDSERVIS,ENERGY,9
DOM SLAVYANKI,CONSUMER STAPLES,9
DOM STROISTALKOMPLEKT,INDUSTRIALS,9
DOM SUVOROVSKII REDUT-KUBA,CONSUMER STAPLES,9
DOM TEYM,INDUSTRIALS,9
DOM TRIADA,CONSUMER STAPLES,9
DOM TSEMENT,MATERIALS,9
DOM URAL,CONSUMER STAPLES,9
DOM URALSIBTREID,INDUSTRIALS,9
DOM VITIM- LES,MATERIALS,9
DOM VKT,CONSUMER STAPLES,9
DOM VOSTOK-50,NOT RELEVANT,9
DOM YASENI,CONSUMER STAPLES,9
DOM YURMIKO,CONSUMER STAPLES,9
DOMA-STROY,NOT RELEVANT,9
DOMBAROVSKII,CONSUMER STAPLES,9
DOMBYTKHIM,CONSUMER STAPLES,9
DOMINANT,CONSUMER STAPLES,9
DOMINANTA MINING,INDUSTRIALS,9
DOMINION,CONSUMER DISCRETIONARY,9
DOMINO,CONSUMER DISCRETIONARY,9
DOMINO,NOT RELEVANT,9
DOMOCENTER,NOT RELEVANT,9
DOMODEDOVO,INDUSTRIALS,9
DOMOFERM,CONSUMER DISCRETIONARY,9
DOMOSTROITELNIY KONBINAT,INDUSTRIALS,9
DOMOSTROY,FINANCIALS,9
DOMSTROI,MATERIALS,27
DOMSTROIRESURS,MATERIALS,9
DOMSTROY,MATERIALS,9
DON,INDUSTRIALS,9
DON,MATERIALS,9
DON PK,CONSUMER STAPLES,9
DON TRANS,INDUSTRIALS,9
DON-AGRO,CONSUMER STAPLES,9
DON-AGRO-STROY,NOT RELEVANT,9
DON-MARKET,CONSUMER STAPLES,9
DONAERODORSTROY,INDUSTRIALS,9
DONAGROTORG,NOT RELEVANT,9
DONBAI,CONSUMER STAPLES,9
DONBUSINESSERVICE,CONSUMER STAPLES,9
DONDORSTROI,INDUSTRIALS,9
DONENERGO,UTILITIES,9
DONETS,NOT RELEVANT,9
DONGHEE RUS,CONSUMER DISCRETIONARY,9
DONROAD,INDUSTRIALS,9
DONSKAYA GOFROTARA,MATERIALS,9
DONSKAYA-NIVA,CONSUMER STAPLES,9
DONSKIE KRUPY,CONSUMER STAPLES,18
DONSKOI KAMEN,MATERIALS,9
DONSKOI PRICHAL,NOT RELEVANT,9
DONSKOY CLUB OF CREDITORS,CONSUMER STAPLES,9
DONSKOY KRAY,CONSUMER STAPLES,9
DONSTROYMONTAZH,NOT RELEVANT,9
DONTECH,NOT RELEVANT,9
DONTEKHKOM,MATERIALS,9
"DONTERMINAL,",CONSUMER DISCRETIONARY,9
DONVODSERVIS,INDUSTRIALS,9
DOORLOCK,INDUSTRIALS,9
DOR,INDUSTRIALS,9
DORENERGOSTROY,INDUSTRIALS,9
DOREYLIT,INDUSTRIALS,9
DORF,MATERIALS,9
DORINDA,CONSUMER STAPLES,9
DORING,CONSUMER DISCRETIONARY,9
DORINVEST,INDUSTRIALS,18
DORIS,INDUSTRIALS,18
DORISS,INDUSTRIALS,9
DORKOMPLEKT,INDUSTRIALS,9
DORKOMPLEKT-YAVIR,INDUSTRIALS,9
DORMAKABA EURASIA,INDUSTRIALS,9
DORMEKHANIZACIYA,INDUSTRIALS,9
DORMETAL,INDUSTRIALS,9
DORMETALL,INDUSTRIALS,9
DORMOST,INDUSTRIALS,9
DOROGOBUZH,MATERIALS,9
DORONICHI,CONSUMER STAPLES,18
DOROVSKIKH EDUARD,CONSUMER DISCRETIONARY,9
DOROZHNAYA,INDUSTRIALS,9
DOROZHNO-STROITEL'NAYA,INDUSTRIALS,9
DOROZHNO-TRANSPORTNAYA,MATERIALS,9
DOROZHNOE EYKSPLUATATSIONNOE PRED,INDUSTRIALS,9
DORREMSTROI-MT,INDUSTRIALS,9
DORSIB PLYUS,INDUSTRIALS,9
DORSNAB OTKRYTOE AKTSIONERNOE OBS,MATERIALS,9
DORSPETSSTROY,INDUSTRIALS,18
DORSTROI,INDUSTRIALS,9
DORSTROISERVIS-UFA OBSHCHESTVO S OG,CONSUMER DISCRETIONARY,9
DORSTROY,INDUSTRIALS,9
DORTEKH,INDUSTRIALS,9
DORTRANS,INDUSTRIALS,9
DORTRANSSERVIS,INDUSTRIALS,18
DORTRANSSTROI,INDUSTRIALS,9
DOSTAVKA MOREM,CONSUMER STAPLES,9
DOTS NA YALTINSKOI,NOT RELEVANT,9
DOUBLEGIS,INFORMATION TECHNOLOGY,9
DOVERENNAYA SREDA,INFORMATION TECHNOLOGY,9
DOVERIE,HEALTH CARE,9
DOVOL,CONSUMER STAPLES,9
DOW CHEMICAL,NOT RELEVANT,9
DOWNTOWN DEVELOPMENT,FINANCIALS,9
DOZ 1,CONSUMER DISCRETIONARY,9
DOZOR-TELEPORT,COMMUNICATIONS,9
DPI GROUP,CONSUMER DISCRETIONARY,9
DPP,MATERIALS,9
DPP SALES AND MARKETING,MATERIALS,9
DPT,INDUSTRIALS,9
DPZ,MATERIALS,9
DRB,CONSUMER DISCRETIONARY,9
DRC,CONSUMER STAPLES,9
DRC CENTRE,CONSUMER STAPLES,9
DREES AND SOMMER GMBH,REAL ESTATE,9
DRIVE,NOT RELEVANT,9
DROZHZHEVOI ZAVOD PENZENSKI,CONSUMER STAPLES,9
DRSU-10,INDUSTRIALS,9
DRUZHBA,CONSUMER STAPLES,9
DRUZHBA-NIVA,CONSUMER STAPLES,9
DS LOGISTIKA,CONSUMER DISCRETIONARY,9
DS-IMPEKS,INDUSTRIALS,9
DS-INZHINIRING,INDUSTRIALS,9
DS-Tech,CONSUMER DISCRETIONARY,9
DSG,INDUSTRIALS,9
DSGROUP,INDUSTRIALS,18
DSIO,INDUSTRIALS,9
DSK,INDUSTRIALS,9
DSK-GRUPP,CONSUMER DISCRETIONARY,9
DSK-XXI VEK,MATERIALS,9
DSP,INDUSTRIALS,18
DSS,INDUSTRIALS,9
DSSL,INFORMATION TECHNOLOGY,9
DSSL-NEVA,INFORMATION TECHNOLOGY,9
DSSL-PERVYI,INDUSTRIALS,9
DST,INDUSTRIALS,9
DST-URAL OBSHCHESTVO S,INDUSTRIALS,9
DSU 1 - CHEREPOVETS,MATERIALS,9
DSU 7,INDUSTRIALS,9
DSU-1,INDUSTRIALS,9
DSU-38,INDUSTRIALS,9
DSU-7,INDUSTRIALS,9
DSV ROAD,INDUSTRIALS,9
DSVS,INDUSTRIALS,9
DSZ,MATERIALS,9
DT,CONSUMER DISCRETIONARY,9
DTA-TSENTR,CONSUMER DISCRETIONARY,9
DTA-TSENTR OBSHCHESTVO,CONSUMER DISCRETIONARY,9
DTC IIBS,HEALTH CARE,9
DTK,INDUSTRIALS,18
DTS PLYUS,HEALTH CARE,9
DU,INDUSTRIALS,9
DUBL N,CONSUMER DISCRETIONARY,9
DUBRAVA,CONSUMER STAPLES,18
DUFRY East,CONSUMER DISCRETIONARY,9
DUTYBOX,CONSUMER STAPLES,9
DV,INDUSTRIALS,9
DV Impex,MATERIALS,9
DV TRANSPORT,CONSUMER DISCRETIONARY,9
DV TREIDING,CONSUMER STAPLES,9
DV-PLAST,MATERIALS,9
DV-SS,MATERIALS,9
DV-TRANZIT,CONSUMER STAPLES,9
DVA NASTROENIYA,CONSUMER DISCRETIONARY,9
DVARIS AVTO,CONSUMER DISCRETIONARY,9
DVEREI OPTIM,INDUSTRIALS,9
DVEREY,INDUSTRIALS,9
DVIAS,NOT RELEVANT,9
DVIGATELI OBSHCHEGO NAZNACHENIYA,INDUSTRIALS,9
DVINA,CONSUMER STAPLES,9
DVINLESPROM,MATERIALS,9
DVIZHENIE-NEFTEPRODUKT,CONSUMER DISCRETIONARY,9
DVN,CONSUMER STAPLES,9
DVOR,CONSUMER DISCRETIONARY,9
DVOR. KOMPLEKTATSIYA,CONSUMER DISCRETIONARY,9
DYADYA VANYA TREYDING,CONSUMER STAPLES,9
DYATKOVO,CONSUMER DISCRETIONARY,9
DYMOV,CONSUMER STAPLES,9
DYMOV. YUG,CONSUMER STAPLES,9
DYMOVSKOE KOLBASNOE PROIZVODSTVO,CONSUMER STAPLES,9
DYSHASHCHIKH OKON,INDUSTRIALS,9
DZERZHINSK HEAT AND POWER,NOT RELEVANT,9
DZHANSI,CONSUMER DISCRETIONARY,9
DZHEI FRANCHAIZING,CONSUMER DISCRETIONARY,9
DZHEI FRANCHAIZING RUS,CONSUMER DISCRETIONARY,9
DZHETRIKO,CONSUMER STAPLES,9
DZHI EYM TREIDING,CONSUMER STAPLES,9
DZHI-INVESTITSII,REAL ESTATE,9
DZHIESES KOSMETIKS,CONSUMER STAPLES,9
DZHUNIOR REPABLIK,CONSUMER DISCRETIONARY,9
DZHUNIOR REPABLIK YUFO,CONSUMER DISCRETIONARY,9
DZHUNIORS,CONSUMER STAPLES,9
DZIV PAO,CONSUMER STAPLES,9
Dairy Company Genetics,CONSUMER STAPLES,9
Dalreefer Shipping Company,INDUSTRIALS,9
Damate,CONSUMER STAPLES,9
Data Center M100,INFORMATION TECHNOLOGY,9
Data Management,INFORMATION TECHNOLOGY,9
De Heus,CONSUMER STAPLES,9
Delo,INDUSTRIALS,9
Delo-Center,INDUSTRIALS,9
DeloPorts,INDUSTRIALS,9
Denuo Representative office,INDUSTRIALS,9
Denview,CONSUMER STAPLES,9
DesignSoap,CONSUMER STAPLES,9
Desired Destiny,FINANCIALS,9
Destime Holdings,CONSUMER STAPLES,9
Deutscher Industrie- und Hand,INDUSTRIALS,9
Digital Design,INFORMATION TECHNOLOGY,9
Dinskoy meat - processing and facto,NOT RELEVANT,9
Dinyi,NOT RELEVANT,9
Dipaul,INDUSTRIALS,9
Dipos,MATERIALS,9
Direct Star,INDUSTRIALS,9
Direct Trade,CONSUMER DISCRETIONARY,9
Display,CONSUMER DISCRETIONARY,9
Distijlery Topaz,NOT RELEVANT,9
Distribution Centre,CONSUMER DISCRETIONARY,9
Distributor Company GIG,CONSUMER DISCRETIONARY,9
Dixy,NOT RELEVANT,9
Dizainstroy,REAL ESTATE,9
Dks,INDUSTRIALS,9
Do It Yourself North-West,CONSUMER DISCRETIONARY,9
Dobroflot,CONSUMER STAPLES,9
Docke Extrusion,INDUSTRIALS,9
Doctor Farmer,MATERIALS,9
Doctor plus,MATERIALS,9
Don,CONSUMER STAPLES,9
Donskoj kamen,MATERIALS,9
Donskoy Tabak,CONSUMER STAPLES,9
Dorinda Invest,CONSUMER STAPLES,9
Doriss,INDUSTRIALS,9
Dorstroy,INDUSTRIALS,9
Dortransstroy,INDUSTRIALS,9
Dow AgroSciences Vertriebsgesells,NOT RELEVANT,9
Drilling technology,INDUSTRIALS,9
Drugs Technology,HEALTH CARE,9
DuPont Science and Technologies,MATERIALS,9
DublGIS,INFORMATION TECHNOLOGY,9
Dynapac,INDUSTRIALS,9
E D AND F MAN,CONSUMER STAPLES,9
E-LAIT-TELEKOM,COMMUNICATIONS,18
E-TEKS,CONSUMER DISCRETIONARY,9
E.S.S. PRESSO,NOT RELEVANT,9
E.T.C.,HEALTH CARE,9
E36174,NOT RELEVANT,9
EAS,MATERIALS,27
EAS A B,MATERIALS,9
EAST CAPITAL LIMITED,INDUSTRIALS,9
EAST METALS,MATERIALS,9
EAST-WEST,CONSUMER STAPLES,9
EAST-WEST LOGISTICS,CONSUMER STAPLES,9
EASTENERGOGROUP,INDUSTRIALS,9
EASTERN DRILLING COMPANY,MATERIALS,9
EASTERN SEAFOOD,CONSUMER STAPLES,9
EASTERN TRADE,INFORMATION TECHNOLOGY,9
EASTWARD,INDUSTRIALS,9
EASY,CONSUMER STAPLES,9
EAT,INDUSTRIALS,9
EAT,REAL ESTATE,9
EAZ,INDUSTRIALS,9
EC,INDUSTRIALS,9
EC Peleng,INDUSTRIALS,9
ECCO-ROS,CONSUMER DISCRETIONARY,9
ECLIPS,CONSUMER DISCRETIONARY,9
ECO-BALT,CONSUMER DISCRETIONARY,9
ECO-LAB,CONSUMER STAPLES,9
ECO-SERVICE 2003,CONSUMER STAPLES,9
ECO-SITI,INDUSTRIALS,9
ECOCOM Environmental,INDUSTRIALS,9
ECOGREEN,MATERIALS,9
ECOLAB,MATERIALS,9
ECOLABORATORIA,CONSUMER STAPLES,9
ECOLIGHT,INDUSTRIALS,9
ECOM PARTNERS,COMMUNICATIONS,9
ECOMILK,CONSUMER STAPLES,9
ECON URAL,UTILITIES,9
ECOPLASTICS,MATERIALS,9
ECOPOL,CONSUMER DISCRETIONARY,9
ECOPOLE,CONSUMER STAPLES,9
ECOPOLYMER TPP,INDUSTRIALS,9
ECOPOLYMERY,MATERIALS,9
ECOPRODUCT,CONSUMER STAPLES,9
ECOTEXTILE,CONSUMER DISCRETIONARY,9
ECP,CONSUMER STAPLES,9
ECS,MATERIALS,9
ECSTO,HEALTH CARE,9
ECTOL,INDUSTRIALS,9
EDDA,CONSUMER STAPLES,9
EDELVEYS,CONSUMER STAPLES,9
EDELVEYS,INDUSTRIALS,9
EDEMCAR,CONSUMER DISCRETIONARY,9
EDINAYA ELEKTRONNAYA TORGOVAYA,INFORMATION TECHNOLOGY,9
EDINAYA EVROPA-INVEST,NOT RELEVANT,9
EDINYI PROTSESSINGOVYI TSENTR,ENERGY,9
EDIPHARM,CONSUMER STAPLES,9
EDNA,COMMUNICATIONS,9
EDPNET COMPANY,COMMUNICATIONS,9
EDUROBOTICS,INFORMATION TECHNOLOGY,9
EEM,INDUSTRIALS,9
EENS,UTILITIES,9
EF EKO ENERZHI,INDUSTRIALS,9
EFESK,INDUSTRIALS,9
EFF,HEALTH CARE,9
EFFECT,CONSUMER STAPLES,9
EFKO,CONSUMER STAPLES,9
EFPI-TREID,CONSUMER STAPLES,9
EG COMPANY,FINANCIALS,9
EGGER DREVPRODUCT SHUYA,NOT RELEVANT,9
EGIDA-TREID,CONSUMER DISCRETIONARY,9
EGIS PHARMACEUTICALS,HEALTH CARE,9
EGLO LIGHTING,CONSUMER DISCRETIONARY,9
EIDOS,HEALTH CARE,9
EINHELL,CONSUMER DISCRETIONARY,9
EISKII,CONSUMER STAPLES,9
EISKOE DSU2,INDUSTRIALS,9
EK,MATERIALS,9
EK BEZMENOVSKI,CONSUMER STAPLES,9
EK EKO SVET,CONSUMER DISCRETIONARY,9
EK KEMIKAL POVOLZHE,MATERIALS,9
EK Kemikal,MATERIALS,9
EK-RESOURCES,INDUSTRIALS,9
EKAMET,INDUSTRIALS,9
EKATERINA,CONSUMER STAPLES,9
EKATERINBURG,MATERIALS,9
EKATERINBURG NON-FERROUS METALS,MATERIALS,9
EKATERINBURG YABLOKO,CONSUMER DISCRETIONARY,9
EKATERINBURG-OPT,INDUSTRIALS,9
EKATERINBURG-VTORMET,MATERIALS,9
EKATERINBURGSKAN,INDUSTRIALS,9
EKATERININSKAYA,HEALTH CARE,9
EKATERINODAR-CITY SG,NOT RELEVANT,9
EKATERINSKAYA,HEALTH CARE,9
EKEKTROMASH,INDUSTRIALS,9
EKHK-REGION,MATERIALS,9
EKM Holding Company,INDUSTRIALS,9
EKO KHOLDING,INDUSTRIALS,9
EKO NARODNIY,INDUSTRIALS,9
EKO-BALT,CONSUMER DISCRETIONARY,9
EKOFARM,HEALTH CARE,9
EKOKHLEB,CONSUMER STAPLES,9
EKOKORM,CONSUMER STAPLES,9
EKOLEND,INDUSTRIALS,9
EKOLOGO - TEKHNICHESKIY,INDUSTRIALS,9
EKON,NOT RELEVANT,9
EKONIVA-CHERNOZEM'E,INDUSTRIALS,9
EKONIVASIBIR,INDUSTRIALS,9
EKONIVATEHNIKA-HOLDING,INDUSTRIALS,9
EKONIVATEKHNIKA-HOLDING,INDUSTRIALS,9
EKOPETROL,ENERGY,9
EKORESURS,INDUSTRIALS,9
EKOS-S,INDUSTRIALS,9
EKOTON,INDUSTRIALS,9
EKOVYVOZ,INDUSTRIALS,9
EKRI,REAL ESTATE,9
EKRI PLYUS,REAL ESTATE,9
EKRI SERVIS,REAL ESTATE,9
EKS,NOT RELEVANT,9
EKS INTERNATIONAL,FINANCIALS,9
EKSIMTRANS,MATERIALS,9
EKSKLYUZIV,CONSUMER DISCRETIONARY,9
EKSMO,COMMUNICATIONS,9
EKSPEDITORSKAYA KOMPANIYA,CONSUMER STAPLES,9
EKSPERIMENTALNIY,NOT RELEVANT,9
EKSPERT ORENBURG,HEALTH CARE,9
EKSPERT SIBIR,HEALTH CARE,9
EKSPERT-KABEL,INDUSTRIALS,9
EKSPERT-SISTEMA,INFORMATION TECHNOLOGY,9
EKSPORTER,INDUSTRIALS,9
EKSPOTREID,CONSUMER DISCRETIONARY,9
EKSPRESSSTROY,INDUSTRIALS,9
EKSTREMFARM,HEALTH CARE,9
EL-SERVICE,NOT RELEVANT,9
EL5-ENERGO,UTILITIES,9
EL7,INDUSTRIALS,9
ELARA,CONSUMER DISCRETIONARY,9
ELAST PU,INDUSTRIALS,9
ELCAR,CONSUMER DISCRETIONARY,9
ELCOM,INDUSTRIALS,9
ELCOM-ELEKTRO SPb,INDUSTRIALS,9
ELCOMPLUS LIMITED,INFORMATION TECHNOLOGY,9
ELDIN,INDUSTRIALS,9
ELECTROCARS RUS,INDUSTRIALS,9
ELECTROCOMPLECTSERVICE,INDUSTRIALS,9
ELECTROCONTACT,INDUSTRIALS,9
ELECTROSHIELD,INDUSTRIALS,9
ELEGANT,CONSUMER DISCRETIONARY,9
ELEGANZZA,CONSUMER DISCRETIONARY,9
ELEKKOM LOGISTIK,INDUSTRIALS,9
ELEKON,INDUSTRIALS,9
ELEKTRA,INDUSTRIALS,9
ELEKTROM,CONSUMER DISCRETIONARY,9
ELEKTROMONTAZ-POZNAN,INDUSTRIALS,9
ELEKTRON -,INDUSTRIALS,9
ELEKTROPROEKT POVOLZHE,INDUSTRIALS,9
ELEKTROPROFI,INDUSTRIALS,9
ELEKTROSBYT,UTILITIES,9
ELEKTROSETEVAYA STROITELNAYA,UTILITIES,9
ELEKTROSETSERVIS OF THE UNES,INDUSTRIALS,9
ELEKTROTEKHNICHESKAYA,INDUSTRIALS,9
ELEKTROTEKHSERVIS,UTILITIES,9
ELEMENT,CONSUMER DISCRETIONARY,9
ELEMENT,INDUSTRIALS,9
ELEMENT M,HEALTH CARE,9
ELEMENTS ENGINEERING,CONSUMER DISCRETIONARY,9
ELEMENTUM,INDUSTRIALS,9
ELENA,NOT RELEVANT,9
ELENA NIKOLAEVNA,CONSUMER STAPLES,9
ELEONOR ZAKRYTOE AKTSIONERNOE OBS,FINANCIALS,9
ELERON,CONSUMER DISCRETIONARY,9
ELESY,INFORMATION TECHNOLOGY,9
ELETSGIDROAGREGAT,INDUSTRIALS,9
ELETSKII AGROKOMPLEKS,CONSUMER STAPLES,9
ELETSKIY,CONSUMER STAPLES,9
ELGOZINSKOE,CONSUMER STAPLES,9
ELIFANT,CONSUMER STAPLES,9
ELIS FESHN,CONSUMER DISCRETIONARY,18
ELIS-GRUPP,INDUSTRIALS,9
ELISTON,INDUSTRIALS,9
ELIT INVEST,NOT RELEVANT,9
ELITE,NOT RELEVANT,9
ELITEGROUP COMPANY,CONSUMER STAPLES,9
ELITESTROYGROUP,REAL ESTATE,9
ELITGROUP,CONSUMER STAPLES,18
ELITGRUPP,CONSUMER STAPLES,9
ELITTRANS,INDUSTRIALS,9
ELKAB-KZ,INDUSTRIALS,9
ELKAM,ENERGY,9
ELKAM-neftemash,ENERGY,9
ELKE,CONSUMER DISCRETIONARY,9
ELKE MOTOR,CONSUMER DISCRETIONARY,9
ELKO,INFORMATION TECHNOLOGY,9
ELKOD,NOT RELEVANT,9
ELLADA,INDUSTRIALS,9
ELLADA INTERTRADE,NOT RELEVANT,9
ELLI,CONSUMER STAPLES,18
ELLIA,INDUSTRIALS,9
ELLING SPORT,CONSUMER DISCRETIONARY,9
ELLIRON NPK,INDUSTRIALS,9
ELM STROY,NOT RELEVANT,9
ELMASH,INDUSTRIALS,9
ELME MESSER,MATERIALS,9
ELMONT,UTILITIES,9
ELSI,INDUSTRIALS,9
ELSIB,INDUSTRIALS,9
ELT-PUSHKINO,CONSUMER DISCRETIONARY,9
ELTA,HEALTH CARE,9
ELVEST,UTILITIES,9
ELVIS-AKOM,CONSUMER DISCRETIONARY,9
ELVY,INDUSTRIALS,9
ELZ,MATERIALS,9
EM-CABEL,INDUSTRIALS,9
EMA,UTILITIES,9
EMALLIANCE,INDUSTRIALS,9
EMC,HEALTH CARE,18
EMC-HOLDCO,HEALTH CARE,9
EMEKS.RU,CONSUMER DISCRETIONARY,9
EMERSON PROCESS MANAGEMENT,NOT RELEVANT,9
EMGRAIN,CONSUMER STAPLES,9
EMIS,INFORMATION TECHNOLOGY,9
EMIS FIN,CONSUMER DISCRETIONARY,9
EMK,MATERIALS,9
EMPILS,NOT RELEVANT,9
EMSI,CONSUMER DISCRETIONARY,9
EMT,ENERGY,9
EMTIKA,INDUSTRIALS,9
EN COAL,ENERGY,9
EN+,MATERIALS,9
EN+ GENERATION,UTILITIES,9
ENCE,UTILITIES,9
ENDO STARS,HEALTH CARE,18
ENEL GRIN PAUER RUS,UTILITIES,9
ENEL RUS VIND AZOV,UTILITIES,9
ENEL RUS VIND DZHENEREYSHN,UTILITIES,9
ENEL RUS VIND KOLA,UTILITIES,9
ENELT GROUP CO.,INDUSTRIALS,9
ENERGETICHESKAYA STROITELNAYA,INDUSTRIALS,9
ENERGETICHESKIE USLUGI,ENERGY,9
ENERGETIKA MIKROELEKTRONIKA AVT,UTILITIES,9
ENERGIYA,REAL ESTATE,9
ENERGO RESURS,ENERGY,9
ENERGOCONTROL,UTILITIES,9
ENERGOFORM,UTILITIES,9
ENERGOKHIMKOMPLEKT,MATERIALS,9
ENERGOKOMFORT EDINAYA KARELSKAYA,UTILITIES,9
ENERGOKOMPLEKT,INDUSTRIALS,9
ENERGOMERA,INDUSTRIALS,18
ENERGOMERA CONCERN,CONSUMER DISCRETIONARY,9
ENERGOMERA-INZHENEERING,INDUSTRIALS,9
ENERGOMOST,UTILITIES,9
ENERGOPITER,INDUSTRIALS,9
ENERGOPLUS,UTILITIES,9
ENERGOPRICE,UTILITIES,9
ENERGOPROGNOZ,UTILITIES,9
ENERGOPROM,MATERIALS,9
ENERGOPROMSERVIS-INJINIRING,INDUSTRIALS,9
ENERGOPROMSTROY,REAL ESTATE,9
ENERGOROSSTROY,UTILITIES,9
ENERGOSETEVAYA,UTILITIES,9
ENERGOSOFT IK,INFORMATION TECHNOLOGY,9
ENERGOSTROIPOSTAVKA,INDUSTRIALS,9
ENERGOSTROY,INFORMATION TECHNOLOGY,9
ENERGOSTROYSERVIS,INDUSTRIALS,9
ENERGOSYSTEMS INVEST,NOT RELEVANT,9
ENERGOTEKHSERVIS,ENERGY,9
ENERGY,ENERGY,9
ENERGY,INDUSTRIALS,9
ENERGY,MATERIALS,9
ENERGY LOGISTICS,CONSUMER DISCRETIONARY,9
ENERGY SA,NOT RELEVANT,9
ENERGY SOLUTIONS,INDUSTRIALS,9
ENERPRED J.S.C.,INDUSTRIALS,9
ENERPROMSERVICE,INDUSTRIALS,9
ENFORTA,COMMUNICATIONS,9
ENGEL,INDUSTRIALS,9
ENGINE COMPANY,INDUSTRIALS,9
ENGINEERING,INDUSTRIALS,27
ENGINEERING,INFORMATION TECHNOLOGY,18
ENGINEERING CENTER,REAL ESTATE,9
ENGINEERING CENTER TECHNOHIM,ENERGY,9
ENGINEERING COMPANY,MATERIALS,9
ENGO,INDUSTRIALS,9
ENGROSS,INDUSTRIALS,9
ENGS,ENERGY,9
ENISEI,CONSUMER STAPLES,9
ENISEI-SERVIS,INDUSTRIALS,9
ENISEI-SPETSGIDROENERGOMONTAZH,INDUSTRIALS,9
ENISEILOGISTIKA,CONSUMER STAPLES,9
ENISEY-SERVIS,CONSUMER DISCRETIONARY,9
ENISEYGEOPHYSICS,ENERGY,9
ENNOVA,INDUSTRIALS,9
ENRON GRUPP,ENERGY,9
ENSIM,HEALTH CARE,9
ENSPK,MATERIALS,9
ENSYS TECHNOLOGIES,INFORMATION TECHNOLOGY,9
ENTERIJER,INDUSTRIALS,9
ENTERPRISE,MATERIALS,9
EOIL,ENERGY,9
EOLA OBSHCHESTVO S OGRANICHENNOI,NOT RELEVANT,9
EOS,CONSUMER DISCRETIONARY,9
EP GC EASTENERGOGROUP,INDUSTRIALS,9
EP-TRADING,ENERGY,9
EPH,NOT RELEVANT,9
EPH ONE,NOT RELEVANT,9
EPIMED,CONSUMER STAPLES,9
EPITAL,MATERIALS,9
EPK,INDUSTRIALS,9
EPL DAIMOND,CONSUMER DISCRETIONARY,9
EPL Jeweler,CONSUMER DISCRETIONARY,9
EPM,INDUSTRIALS,18
EPS,CONSUMER STAPLES,9
EPSC,INDUSTRIALS,9
EPSK,INDUSTRIALS,9
ER-PROD,CONSUMER STAPLES,9
ER-Telecom Holding,COMMUNICATIONS,18
ERA,INDUSTRIALS,9
ERA-KROSS,ENERGY,9
ERC,FINANCIALS,9
ERCONPRODUCT,CONSUMER STAPLES,9
ERGACH,MATERIALS,9
ERGOPRODUCTION,HEALTH CARE,9
ERGOTEK,MATERIALS,9
ERIS,ENERGY,9
ERISMANN,MATERIALS,9
ERKON,MATERIALS,18
ERKON-YUZHNYY PORT,MATERIALS,9
ERKONPRODUCT,CONSUMER STAPLES,9
ERMATEL,MATERIALS,9
ERMI,CONSUMER DISCRETIONARY,9
ERMOLAEVSKIY,ENERGY,9
ERS-KOMPLEKT,INDUSTRIALS,9
ERSHOV IGOR,CONSUMER STAPLES,9
ERSM SIBIRI,INDUSTRIALS,9
ERT-GROUP,ENERGY,9
ERTILSKII SAKHAR,CONSUMER STAPLES,9
ES,INDUSTRIALS,9
ES-PROM,INDUSTRIALS,9
ESAROM RUS,CONSUMER STAPLES,9
ESCADA,FINANCIALS,9
ESCORT,INDUSTRIALS,9
ESE ENGINEERING,UTILITIES,9
ESK,MATERIALS,9
ESKADRA,CONSUMER DISCRETIONARY,9
ESKB,UTILITIES,9
ESKIMOS,CONSUMER STAPLES,9
ESKM CORPORATSIYA,INDUSTRIALS,9
ESKOM,CONSUMER DISCRETIONARY,9
ESPE SALUT-ENERGO,INDUSTRIALS,9
ESPERANCE,CONSUMER DISCRETIONARY,9
ESQ,INDUSTRIALS,9
ESSEN PRODUCTION AG,CONSUMER STAPLES,9
ESSMO,INDUSTRIALS,18
ESSP,INDUSTRIALS,9
ESSP,UTILITIES,9
EST,CONSUMER DISCRETIONARY,18
EST Property (Cyprus),FINANCIALS,9
ESTA,INDUSTRIALS,9
ESTA KONSTRAKSHEN,INDUSTRIALS,9
ESTAR,NOT RELEVANT,9
ESTATE,CONSUMER DISCRETIONARY,9
ESTATE,FINANCIALS,9
ESTATE,REAL ESTATE,9
ESTATEDEVELOPMENT RUS,NOT RELEVANT,9
ESTEMARKO,HEALTH CARE,9
ESTETIKA POSUDY,CONSUMER DISCRETIONARY,9
ESTRALIN,INDUSTRIALS,9
ESTRALIN HVC,INDUSTRIALS,9
ETALON,CONSUMER DISCRETIONARY,9
ETALON,CONSUMER STAPLES,9
ETALON,ENERGY,9
ETALON,NOT RELEVANT,9
ETALON,REAL ESTATE,9
ETALON GROUP COMPANY,REAL ESTATE,9
ETALON-INVEST,FINANCIALS,9
ETALONAKTIV,FINANCIALS,9
ETAM Rus SARL,CONSUMER DISCRETIONARY,9
ETEL,CONSUMER STAPLES,9
ETEL-TORG,CONSUMER STAPLES,9
ETFS,CONSUMER STAPLES,9
ETM,INDUSTRIALS,9
ETMC EXPONENTA,INFORMATION TECHNOLOGY,9
ETON INVESTMENTS,MATERIALS,9
ETS,CONSUMER DISCRETIONARY,18
ETS,INFORMATION TECHNOLOGY,9
ETS TRADE,CONSUMER DISCRETIONARY,9
ETS-PROEKT,INDUSTRIALS,9
ETU,MATERIALS,9
ETZ VEKTOR,INDUSTRIALS,9
EUM,INDUSTRIALS,9
EURALIS SEMENCES RUS,CONSUMER STAPLES,9
EURASIA,CONSUMER STAPLES,9
EURASIA,MATERIALS,9
EURASIA ASSISTANCE,NOT RELEVANT,9
EURASIA DRILLING,ENERGY,9
EURASIA DRILLING COMPANY,ENERGY,9
EURASIAN ALCOHOL,CONSUMER STAPLES,9
EURASIAN PIPE-LINE CONSORTIUM,NOT RELEVANT,9
EURO LAND,CONSUMER STAPLES,9
EURO-SERVICE,NOT RELEVANT,9
EUROCOSMED-STUPINO,CONSUMER STAPLES,9
EURODIZEL,CONSUMER DISCRETIONARY,9
EUROGROUP-MED,HEALTH CARE,9
EUROMOULDING,NOT RELEVANT,9
EUROPAPIER,MATERIALS,9
EUROPART RUS,CONSUMER DISCRETIONARY,9
EUROPE - SECURITIES,CONSUMER DISCRETIONARY,9
EUROPE ELIT,CONSUMER DISCRETIONARY,9
EUROPE HOTEL,CONSUMER DISCRETIONARY,9
EUROPE STYLE,CONSUMER DISCRETIONARY,9
EUROPLAN CORP,FINANCIALS,9
EUROPLAST KRASNOYARSK,MATERIALS,9
EUROPRINT,MATERIALS,9
EUROPROJECT GROUP,INDUSTRIALS,9
EUROSET,CONSUMER DISCRETIONARY,9
EUROSIB-AUTO,CONSUMER DISCRETIONARY,9
EUROSIBENERGO,UTILITIES,9
EUROTECHNICA,NOT RELEVANT,9
EUROTRANS,CONSUMER DISCRETIONARY,9
EUTIT-BAZALT,INDUSTRIALS,9
EVA,REAL ESTATE,9
EVENKIYAGEOFIZIKA,ENERGY,9
EVENTRA,INDUSTRIALS,9
EVENTUS OBSHCHESTVO S OGRANICHENN,CONSUMER STAPLES,9
EVENX,CONSUMER STAPLES,9
EVEREST,INDUSTRIALS,9
EVEREST-MONOLIT,INDUSTRIALS,9
EVERYX RUS,CONSUMER DISCRETIONARY,9
EVK,INDUSTRIALS,9
EVN-EKOTECHPROM MSZ 3,NOT RELEVANT,9
EVOCOM,CONSUMER STAPLES,9
EVOTIME,NOT RELEVANT,9
EVRAZ,INDUSTRIALS,9
EVRAZ,MATERIALS,9
EVRAZ,NOT RELEVANT,9
EVRAZHOLDING,MATERIALS,9
EVRAZHOLDING FINANS,MATERIALS,9
EVRAZIISKII ALMAZNYI,INDUSTRIALS,9
EVRAZIYA,CONSUMER DISCRETIONARY,9
EVRIKA-TREID,INDUSTRIALS,9
EVRO ELEKTROTEKHNIKA,INDUSTRIALS,9
EVRO-PRODUKT-K,CONSUMER STAPLES,9
EVROAGROTRANS,CONSUMER DISCRETIONARY,9
EVROASFAL'T,MATERIALS,9
EVROAZIYA,INDUSTRIALS,9
EVROAZIYA-SERVIS,CONSUMER DISCRETIONARY,9
EVROAZIYA-TRAK,INDUSTRIALS,9
EVRODIZAIN,CONSUMER DISCRETIONARY,18
EVRODOM GRUPP,REAL ESTATE,9
EVRODORSTROI,INDUSTRIALS,18
EVROGAZSTROY,INDUSTRIALS,9
EVROGRUP,INDUSTRIALS,9
EVROINVEST LIMITED,ENERGY,9
EVROKAR,INDUSTRIALS,9
EVROKHIMSERVIS,INDUSTRIALS,9
EVROKREP,CONSUMER DISCRETIONARY,9
EVROKUHNYA,CONSUMER STAPLES,9
EVROLOGISTIK,CONSUMER STAPLES,9
EVROLOGISTIK,INDUSTRIALS,9
EVROPARK,INDUSTRIALS,9
EVROPEISKAYA EYLEKTROTEKHNIKA,INDUSTRIALS,9
EVROPEISKIE APTEKI,CONSUMER DISCRETIONARY,9
EVROPLAST,MATERIALS,9
EVROPLAST-ENISEIPROM,MATERIALS,9
EVROPLAST-OB',MATERIALS,9
EVROPLITSPB,CONSUMER DISCRETIONARY,9
EVROPOLIMER,MATERIALS,9
EVROPOLIMER-TREIDING,INDUSTRIALS,9
EVROPROEKT,INDUSTRIALS,9
EVROPROM,CONSUMER STAPLES,9
EVRORITEIL,CONSUMER STAPLES,9
EVROSERVIS,HEALTH CARE,9
EVROSIB,NOT RELEVANT,9
EVROSIB SPB-TRANSPORTNYE SISTEMY,INDUSTRIALS,9
EVROSIB-TREID,CONSUMER STAPLES,9
EVROSMART,CONSUMER STAPLES,18
EVROSTANDART,CONSUMER STAPLES,9
EVROSTIL XXI,HEALTH CARE,9
EVROSTIL' SERVIS,CONSUMER STAPLES,9
EVROSTIL' XXI,HEALTH CARE,9
EVROSTIL-M,CONSUMER STAPLES,9
EVROTEKHMET,CONSUMER DISCRETIONARY,9
EVROTEKS STIL',CONSUMER DISCRETIONARY,9
EVROTEYK,ENERGY,9
EVROTRANS,INDUSTRIALS,18
EVROTRANSSTROI,INDUSTRIALS,9
EVROTSEMENT TRANSPORTNYE RESHENIY,NOT RELEVANT,9
EWM,INDUSTRIALS,18
EXCHANGE SERVICES,INFORMATION TECHNOLOGY,9
EXIM PACIFIC,CONSUMER STAPLES,9
EXIMPACK,MATERIALS,9
EXIMPACK-ROTOPRINT,MATERIALS,9
EXOIL,CONSUMER STAPLES,9
EXPERIMENTAL,MATERIALS,9
EXPERT,NOT RELEVANT,9
EXPO GLASS,MATERIALS,9
EXPODENT ART,HEALTH CARE,9
EXPORT,CONSUMER STAPLES,18
EXPROF,INDUSTRIALS,18
EXTEKH,MATERIALS,9
EXTRAVERT,CONSUMER DISCRETIONARY,9
EXTRIM,COMMUNICATIONS,9
EXTROL,INDUSTRIALS,9
EYBIS,INDUSTRIALS,9
EYDEL'VEIS-L,CONSUMER STAPLES,18
EYDIL-IMPORT,CONSUMER DISCRETIONARY,9
EYDVANSD TREIDING,HEALTH CARE,9
EYF5,INFORMATION TECHNOLOGY,9
EYGGSELENT,CONSUMER STAPLES,9
EYGIDA,INDUSTRIALS,18
EYI-SI-REIL,MATERIALS,9
EYIDOS,HEALTH CARE,9
EYIRTRANSS,INDUSTRIALS,9
EYITI KONSALTING,INFORMATION TECHNOLOGY,9
EYK VIP,INDUSTRIALS,9
EYKO,CONSUMER STAPLES,9
EYKO PAK,MATERIALS,9
EYKO-SITI,INDUSTRIALS,9
EYKOLAIN,HEALTH CARE,9
EYKOLAIN,INDUSTRIALS,9
EYKOLEND OBSHCHESTVO S OGRANICHENNO,REAL ESTATE,9
EYKOLOGICHESKAYA,INDUSTRIALS,9
EYKOLOGIYA ZHIZNI,HEALTH CARE,9
EYKOMEDIKA,HEALTH CARE,9
EYKONIVA-TEKHNIKA,INDUSTRIALS,9
EYKOPOL,CONSUMER DISCRETIONARY,9
EYKOPRODUKT,CONSUMER STAPLES,9
EYKOPROTEIN,CONSUMER STAPLES,9
EYKOSERVIS,REAL ESTATE,9
EYKOTEKH,ENERGY,9
EYKOTEKH,INDUSTRIALS,9
EYKOTEKHNOLOGII,MATERIALS,18
EYKOTON,ENERGY,9
EYKOTRANS S,INDUSTRIALS,9
EYKOVENTMONTAZH,INDUSTRIALS,9
EYKRA-URAL,INDUSTRIALS,9
EYKRI 36,REAL ESTATE,9
EYKSEL,CONSUMER DISCRETIONARY,9
EYKSIM KAMEN,INDUSTRIALS,9
EYKSIMILK,CONSUMER STAPLES,9
EYKSPERT INZHINIRING,HEALTH CARE,9
EYKSPERT KURSK,HEALTH CARE,9
EYKSPERT STOLITSA,HEALTH CARE,9
EYKSPERT TVER,HEALTH CARE,9
EYKSPERT UFA,HEALTH CARE,9
EYKSPERT-AVTO,CONSUMER DISCRETIONARY,9
EYKSPERT-KABEL',INDUSTRIALS,9
EYKSPERT-LIZING,FINANCIALS,9
EYKSPERT-PROEKT,INFORMATION TECHNOLOGY,9
EYKSPOMET,INDUSTRIALS,9
EYKSPORTER,INDUSTRIALS,9
EYKSPORTNAYA ZERNOVAYA,CONSUMER STAPLES,9
EYKSPOTRANS,CONSUMER STAPLES,9
EYKSPOTREID,CONSUMER STAPLES,9
EYKSPOTREID,INDUSTRIALS,9
EYKSPRESS,INDUSTRIALS,9
EYKSPRESS-KUBAN,CONSUMER STAPLES,9
EYKSTEN MEDIKAL,HEALTH CARE,9
EYKSTREMFARM,HEALTH CARE,9
EYKSTREMFARM-S,HEALTH CARE,9
EYKTON,INDUSTRIALS,9
EYL-TEKHNIKA,INDUSTRIALS,18
EYLARUM FARMA,HEALTH CARE,9
EYLASTOMER,INDUSTRIALS,18
EYLBI,CONSUMER STAPLES,9
EYLEKS,CONSUMER DISCRETIONARY,9
EYLEKS,INDUSTRIALS,9
EYLEKTROBALT-TYUMEN',ENERGY,9
EYLEKTROKOMPLEKT OBSHCHESTVO S,INDUSTRIALS,9
EYLEKTRONNOGO PRIBOROSTROENIYA,INFORMATION TECHNOLOGY,9
EYLEKTROOBORUDOVANIE,INDUSTRIALS,9
EYLEKTROREMONTNAYA,INDUSTRIALS,9
EYLEKTROSETEVAYA,UTILITIES,9
EYLEKTROSETI KUBANI,UTILITIES,9
EYLEKTROTEKHMASH,INDUSTRIALS,9
EYLEKTROTEKHNICHESKII,INDUSTRIALS,9
EYLEKTROTEKHPROM,INDUSTRIALS,9
EYLEKTROTEKHSNAB,INDUSTRIALS,9
EYLEKTROTEPLOSET',UTILITIES,9
EYLEKTRUM,INDUSTRIALS,9
EYLEMENT KIROVSK,CONSUMER DISCRETIONARY,9
EYLETERRA,INFORMATION TECHNOLOGY,9
EYLEVATOR,INDUSTRIALS,9
EYLEVATOR EYRTIL'KII,CONSUMER STAPLES,9
EYLEVATOR KOMMODITI KOLODEZNOE,CONSUMER STAPLES,9
EYLEVATORNOE OBORUDOVANIE,INDUSTRIALS,9
EYLITA-PETERBURG,INDUSTRIALS,9
EYLKE AVTO,CONSUMER DISCRETIONARY,9
EYLKOM-EYLEKTRO,INDUSTRIALS,9
EYLKOM-EYLEKTROSHCHIT,INDUSTRIALS,9
EYLMONT,UTILITIES,9
EYLPROEKT,UTILITIES,9
EYLVIS-AVAKS,CONSUMER DISCRETIONARY,9
EYLVIS-RS,CONSUMER DISCRETIONARY,9
EYMAL'PROVOD,INDUSTRIALS,9
EYMSITREYID,CONSUMER DISCRETIONARY,9
EYN UAI KEI AUTO LODZHISTIKS (RUS,CONSUMER DISCRETIONARY,9
EYNERGETICHESKIE TEKHNOLOGII,INDUSTRIALS,9
EYNERGII TEKHNOLOGII,UTILITIES,9
EYNERGIYA,CONSUMER STAPLES,9
EYNERGIYA SVETA,INDUSTRIALS,9
EYNERGIYA YUGA,UTILITIES,9
EYNERGO,NOT RELEVANT,9
EYNERGO-STROI,INDUSTRIALS,9
EYNERGO-TEPLOKONTROL',INDUSTRIALS,9
EYNERGOALYANS,UTILITIES,9
EYNERGOFORM,INDUSTRIALS,9
EYNERGOINNOVATSII,INDUSTRIALS,9
EYNERGOKOM,INDUSTRIALS,9
EYNERGOKOMPANIYA,UTILITIES,9
EYNERGOLIT,INDUSTRIALS,9
EYNERGOPLYUS,UTILITIES,9
EYNERGORESURS,REAL ESTATE,9
EYNERGOSBYTOVAYA,UTILITIES,18
EYNERGOSBYTOVAYA KOMPANIYA RUSGID,UTILITIES,9
EYNERGOSISTEMA,INDUSTRIALS,9
EYNERGOSNABINZHINIRING,INDUSTRIALS,9
EYNERGOSNABSTROI,INDUSTRIALS,9
EYNERGOSTAR,ENERGY,9
EYNERGOSTROI,INDUSTRIALS,9
EYNERGOSTROIKOMPLEKS,INDUSTRIALS,9
EYNERGOSTROIKOMPLEKT,INDUSTRIALS,9
EYNERGOTEKHPROEKT,INDUSTRIALS,18
EYNEYLT,CONSUMER DISCRETIONARY,9
EYNG,ENERGY,9
EYNKOR,CONSUMER DISCRETIONARY,18
EYNKOR-INSTRUMENT-VORONEZH,CONSUMER DISCRETIONARY,9
EYNKOR-PLAST,CONSUMER DISCRETIONARY,9
EYNRIMA-SERVIS,INDUSTRIALS,9
EYNRIMA-SISTEMS,INDUSTRIALS,9
EYNRIMA-TEKHNIKS,INDUSTRIALS,9
EYNTEK,INDUSTRIALS,27
EYNTROROS,INDUSTRIALS,9
EYPF PILON,MATERIALS,9
EYPIDBIOMED-IMPEYKS,HEALTH CARE,9
EYPOS,ENERGY,9
EYPROMET,INDUSTRIALS,9
EYPSILON,HEALTH CARE,9
EYPSILON,INDUSTRIALS,9
EYRA-INZHINIRING,INDUSTRIALS,9
EYRA-KROSS INZHINIRING,MATERIALS,9
EYRIS,ENERGY,9
EYRKAFARM,CONSUMER STAPLES,9
EYSK EYNERGOMOST,INDUSTRIALS,9
EYSKK,UTILITIES,9
EYSKOM-AGRO,CONSUMER STAPLES,9
EYSS-TT,INDUSTRIALS,9
EYSTM,ENERGY,9
EYTALON NA PETROGRADSKOI,REAL ESTATE,9
EYTALON PERSPEKTIVA,INDUSTRIALS,9
EYTALON PUSHKIN,REAL ESTATE,9
EYTALON-EKATERINBURG,REAL ESTATE,9
EYTS-EYSTEIT,INDUSTRIALS,9
EYVAZOVA SELMI TELMANOVNA,HEALTH CARE,9
EYVEREST,CONSUMER STAPLES,9
EYVEYNKS-SEVERNYI,CONSUMER STAPLES,9
EZTA,INDUSTRIALS,9
EZTM,NOT RELEVANT,9
East-West,CONSUMER STAPLES,9
Eastern wine and spirits,CONSUMER STAPLES,9
Eco Tekhnologii,MATERIALS,9
Ecology -M,INDUSTRIALS,9
Ecosystem,INFORMATION TECHNOLOGY,9
EffecTech,CONSUMER DISCRETIONARY,9
Egida,CONSUMER DISCRETIONARY,9
Egida+,CONSUMER DISCRETIONARY,9
Eidos-Robotics,HEALTH CARE,9
Ekaterinburg,INDUSTRIALS,9
Ekoles,CONSUMER DISCRETIONARY,9
Ekopet,MATERIALS,9
Ekspress-Kuban,CONSUMER STAPLES,9
El 6,MATERIALS,9
Elan-Kolenovskiy sugar plant Joint,CONSUMER STAPLES,9
Elcom,INDUSTRIALS,9
EleSy,INFORMATION TECHNOLOGY,9
EleSy-Pro,INFORMATION TECHNOLOGY,9
Electricmotor Co,INDUSTRIALS,9
Electroagregat,INDUSTRIALS,9
Electromachina Corporation,INDUSTRIALS,9
Electron-Service,INFORMATION TECHNOLOGY,9
Electronika,INFORMATION TECHNOLOGY,9
Electronmash,INDUSTRIALS,9
Electrosystems,INDUSTRIALS,9
ElegantKA,CONSUMER DISCRETIONARY,9
Eleks,MATERIALS,9
Elektrotekhmontazh,INDUSTRIALS,9
Element,CONSUMER STAPLES,9
Element-Trade,CONSUMER STAPLES,9
Elesy Automation Plant Limited co,INFORMATION TECHNOLOGY,9
Eletsgidroagregat,INDUSTRIALS,9
Elevator,CONSUMER STAPLES,9
Elf Filling,MATERIALS,9
Eliot,CONSUMER DISCRETIONARY,9
Elit,INDUSTRIALS,9
Elite-Mineral group,CONSUMER STAPLES,9
Elittech-professional,INDUSTRIALS,9
Elittekh,INDUSTRIALS,9
Elkam,ENERGY,9
Ellada,CONSUMER DISCRETIONARY,9
Elprommash,INDUSTRIALS,9
Elvest,INDUSTRIALS,9
Emex,CONSUMER DISCRETIONARY,9
EnTel,UTILITIES,9
Energiya,INDUSTRIALS,9
Energo,ENERGY,9
EnergoStroy,ENERGY,9
Energooborudovaniye,INDUSTRIALS,9
Energoprom,INDUSTRIALS,9
Energorazvitie,UTILITIES,9
Energy Standart,INDUSTRIALS,9
EnergyProject Group,INDUSTRIALS,9
Enertrade,CONSUMER DISCRETIONARY,9
EngiTech,INDUSTRIALS,9
Engineering,INFORMATION TECHNOLOGY,9
Engineering Centre AC Teplostroy,MATERIALS,9
Enginiring Company MedEng,HEALTH CARE,9
Enka,NOT RELEVANT,9
Enterprise Reper-NN,HEALTH CARE,9
Eriell,ENERGY,9
Eris KIP,ENERGY,9
Erkapharm,CONSUMER STAPLES,9
Esta,INDUSTRIALS,9
Estralin PS,INDUSTRIALS,9
Etalon LenSpetsSMU,REAL ESTATE,9
Eurasia,ENERGY,9
Eurasia Agro Trade,CONSUMER STAPLES,9
EuroAngar,INDUSTRIALS,9
EuroAsia,INDUSTRIALS,9
EuroChem-BMU,MATERIALS,9
EuroChem-VolgaKaliy,INDUSTRIALS,9
EuroChimService,MATERIALS,9
EuroPlitSPb,CONSUMER DISCRETIONARY,9
EuroSib,NOT RELEVANT,9
Eurochem,MATERIALS,9
Euroetalon,INDUSTRIALS,9
Eurologistic,INDUSTRIALS,9
Europa Uno,CONSUMER DISCRETIONARY,9
European Bearing,INDUSTRIALS,9
European Media,CONSUMER DISCRETIONARY,9
Euroservice,HEALTH CARE,9
Eurosib Auto,CONSUMER DISCRETIONARY,9
Evalar,HEALTH CARE,9
Ever-Spring Development,CONSUMER DISCRETIONARY,9
Everest,INDUSTRIALS,9
Everest,REAL ESTATE,9
Eviosys Packaging Kuban,MATERIALS,9
Evraz,MATERIALS,9
Evropac-Yug,INDUSTRIALS,9
"Evrotrading,",INDUSTRIALS,9
Eximpack-Converting Equipment,INDUSTRIALS,9
Experimental Finance,CONSUMER DISCRETIONARY,9
Expert Logistic,INDUSTRIALS,9
Expert-Systema,INFORMATION TECHNOLOGY,9
Exprof Trade,INDUSTRIALS,9
External economic Distributor fir,HEALTH CARE,9
Eykotol Servis,INDUSTRIALS,9
Ezhvinskoe munitsipalnoe unitarnoe,REAL ESTATE,9
F,CONSUMER STAPLES,9
F i F,INDUSTRIALS,9
F-AVTO,CONSUMER DISCRETIONARY,9
F-PLUS EQUIPMENT AND DEVELOPMENTS L,INFORMATION TECHNOLOGY,9
F. G. IEN,HEALTH CARE,9
F.A. LOGISTIK,CONSUMER DISCRETIONARY,9
F.S..SPB,CONSUMER STAPLES,9
F1,MATERIALS,9
F5,INFORMATION TECHNOLOGY,9
FA PORTAVENTURA,INDUSTRIALS,9
FABERLIC,CONSUMER STAPLES,18
FABITEK,ENERGY,9
FABREEX,CONSUMER DISCRETIONARY,9
FABRIK KOSMETIK,HEALTH CARE,9
FABRIKA,CONSUMER DISCRETIONARY,9
FABRIKA ART,CONSUMER DISCRETIONARY,9
FABRIKA BELYE BEREGA,CONSUMER DISCRETIONARY,9
FABRIKA DYSHASHCHIKH OKON,INDUSTRIALS,9
FABRIKA KURAZH,CONSUMER STAPLES,9
FABRIKA MARYA,CONSUMER DISCRETIONARY,9
FABRIKA PECHENYA,CONSUMER STAPLES,9
FABRIKA PERMSKAYA,CONSUMER STAPLES,9
FABRIKA RASSVET,NOT RELEVANT,9
FABRIKA RUSSKIY SHOKOLAD,CONSUMER STAPLES,9
FABRIKA SLAVYANKA,CONSUMER STAPLES,9
FABRIKA UPAKOVKI MILK,MATERIALS,9
FABS LOGISTIK,INDUSTRIALS,9
FACILITY SERVICES,INDUSTRIALS,9
"FACTORY BOGORODSKAYA,",CONSUMER STAPLES,9
FACTORY VOLSHEBNITSA,CONSUMER STAPLES,9
FACTORY-LABORATORY TSITRON,CONSUMER DISCRETIONARY,9
FAER,CONSUMER STAPLES,9
FAETON-AERO,NOT RELEVANT,9
FAIFFS FRUT IMPORTS,CONSUMER STAPLES,9
FAINENS DIEYISI,MATERIALS,9
FAKEL,ENERGY,9
FAKTORIYA,MATERIALS,9
FAKTORIYA TORGOVAYA KOMPANIYA,CONSUMER STAPLES,9
FALCON ASIA PACIFIC LIMITED AND I,CONSUMER DISCRETIONARY,9
FALCON TRADING GROUP,CONSUMER STAPLES,9
FAM,INDUSTRIALS,9
FAN FAN BEIKERI OBSHCHESTVO S OGR,CONSUMER STAPLES,9
FANCY,CONSUMER DISCRETIONARY,9
FANERNYI ZAVOD VLAST TRUDA AKTSIONE,MATERIALS,9
FANKOM,MATERIALS,9
FANPLIT,MATERIALS,9
FANPROM,INDUSTRIALS,9
FANTAZIYA,CONSUMER DISCRETIONARY,9
FANTAZIYA-4,CONSUMER DISCRETIONARY,9
FAR EASTERN,UTILITIES,9
FAR EASTERN GENERATION COMPANY,UTILITIES,9
FAR-EASTERN SHIPPING COMPANY,INDUSTRIALS,9
FARM,CONSUMER DISCRETIONARY,18
FARM,CONSUMER STAPLES,9
FARM,HEALTH CARE,9
FARM BOKS,HEALTH CARE,9
FARM-PRO OOO PK,CONSUMER STAPLES,9
FARM-PROJECT,HEALTH CARE,9
FARM-SINTEZ,HEALTH CARE,18
FARMA,HEALTH CARE,18
FARMACEVT,HEALTH CARE,9
FARMADIS CJSC,HEALTH CARE,9
FARMAIMPEKS,CONSUMER STAPLES,18
FARMALAIN,HEALTH CARE,9
FARMALEK,CONSUMER STAPLES,9
FARMAMED,HEALTH CARE,18
FARMAMONDO-BIOMEDICA,HEALTH CARE,9
FARMATSEVTICHESKAYA KOMPANIYA AVI,HEALTH CARE,9
FARMFORVARD,HEALTH CARE,9
FARMGRANTA,HEALTH CARE,9
FARMIKO,HEALTH CARE,9
FARMIYA,CONSUMER STAPLES,18
FARMKOMPLEKS,HEALTH CARE,9
FARMLAIN,HEALTH CARE,9
FARMLEND,CONSUMER STAPLES,9
FARMMEDSERVIS,CONSUMER STAPLES,9
FARMPERSPEKTIVA,CONSUMER STAPLES,9
FARMPROEKT,HEALTH CARE,9
FARMRU,HEALTH CARE,9
FARMSERVIS,HEALTH CARE,9
FARMSKLAD 1,HEALTH CARE,9
FARMSTOR,HEALTH CARE,9
FARMTEK,HEALTH CARE,9
FARN,INDUSTRIALS,9
FASAD-KOMPLEKT,CONSUMER STAPLES,9
FASADKERAMIKA,MATERIALS,9
FASHION STUDIO,CONSUMER DISCRETIONARY,9
FASKO,CONSUMER DISCRETIONARY,18
FASONLIT,INDUSTRIALS,9
FASTLAND,CONSUMER DISCRETIONARY,9
FATS AND OIL INTEGRATED WORKS,CONSUMER STAPLES,9
FAUND,NOT RELEVANT,9
FAVORIT,CONSUMER DISCRETIONARY,9
FAVORIT,CONSUMER STAPLES,9
FAVORIT,ENERGY,9
FAVORIT LOGISTIKA,INDUSTRIALS,9
FAVORIT OTEL MENEDZHMENT,REAL ESTATE,9
FAVORIT-EYLEKTRO,INDUSTRIALS,9
FAVORITE,HEALTH CARE,9
FAVORITE,NOT RELEVANT,9
FBK,INDUSTRIALS,9
FC GRAND CAPITAL,HEALTH CARE,9
FC URAL,CONSUMER DISCRETIONARY,9
FCH Logistic,CONSUMER STAPLES,9
FCT Inc.,INDUSTRIALS,9
FEBCO,MATERIALS,9
FEDERAL GROCERY COMPANY,CONSUMER STAPLES,9
FEEC,UTILITIES,9
FEED-GROUP,CONSUMER STAPLES,9
FEGT,INDUSTRIALS,9
FEMCO,INDUSTRIALS,9
FEMCO GROUP,INDUSTRIALS,9
FEMINA,CONSUMER DISCRETIONARY,9
FEMSTA,INDUSTRIALS,9
FENDEL YURII VIKTOROVICH,MATERIALS,9
FENEX,FINANCIALS,9
FENIKS,CONSUMER DISCRETIONARY,9
FENIKS GRUPP,CONSUMER DISCRETIONARY,9
FENIKS-PREZENT,CONSUMER DISCRETIONARY,9
FENIMOR,MATERIALS,18
FERDINAND-MOTORS,NOT RELEVANT,9
FERMY,CONSUMER STAPLES,9
FERRERO RUSSIA,CONSUMER STAPLES,9
FERRIT,INDUSTRIALS,18
FERRIT63,INDUSTRIALS,9
FERRO-ESTATE,NOT RELEVANT,9
FERROSPLAV,MATERIALS,9
FERROSTAAL,NOT RELEVANT,9
FERRUM,MATERIALS,9
FERRUM RESPEKT,INDUSTRIALS,9
FERRUM TRANSMET,MATERIALS,9
FERRUM-F,INDUSTRIALS,9
FERRUM-S,INDUSTRIALS,9
FERRUM-STROY,MATERIALS,9
FERTIKA,MATERIALS,18
FERTOING,ENERGY,9
FES-AGRO,MATERIALS,9
FESCO,INDUSTRIALS,9
FESKO-BUNKER,INDUSTRIALS,9
FESTINA-INVEST,INDUSTRIALS,9
FESTO,INDUSTRIALS,9
FETA,INDUSTRIALS,9
FETISOV KONSTANTIN BORISOVICH,INDUSTRIALS,9
FEYMILI,CONSUMER DISCRETIONARY,9
FG,INDUSTRIALS,9
FGC,CONSUMER DISCRETIONARY,9
FID,CONSUMER STAPLES,9
FIDELITI,MATERIALS,9
FIDKONSALT,CONSUMER STAPLES,9
FIELD,CONSUMER STAPLES,9
FIERA,CONSUMER DISCRETIONARY,9
FIERA AKTSIONERNOE,CONSUMER DISCRETIONARY,9
FIG ROSSTRO,REAL ESTATE,9
FILIAL AO YUIT MARS OYU,REAL ESTATE,9
FILIAL ETSM-TSIT,UTILITIES,9
FILIAL SERVIS,NOT RELEVANT,9
FILIAL ZAO RGM,MATERIALS,9
FILIPPOV OLEG IGOREVICH,REAL ESTATE,9
FILTR,CONSUMER DISCRETIONARY,18
FINAGRO,CONSUMER STAPLES,9
FINAGRO TREID,INDUSTRIALS,9
FINANCE,CONSUMER STAPLES,27
FINANCE,ENERGY,9
FINANCE,MATERIALS,18
FINANCE CONSTRUCTION CORPORAT,NOT RELEVANT,9
FINANCE DAC,ENERGY,9
FINANCE LIMITED LIABILIT,UTILITIES,9
FINANCE-AVIA,INDUSTRIALS,9
FINANCIAL COMPANY NORD,CONSUMER DISCRETIONARY,9
FINANCIAL EXPERTISE CENTR,HEALTH CARE,9
FINANSOVO-PROMYSHLENNAYA KOMPANIY,INDUSTRIALS,9
FINCO,HEALTH CARE,9
FINE INGREDIENTS,CONSUMER STAPLES,9
FINGREIN,CONSUMER STAPLES,18
FININVEST,CONSUMER DISCRETIONARY,9
FINNEQUIP Co.,CONSUMER DISCRETIONARY,9
FINOIL,ENERGY,9
FINSIB,MATERIALS,9
FINSKIE KRASKI,CONSUMER DISCRETIONARY,18
FINTREID,REAL ESTATE,9
FINTREIDING,CONSUMER STAPLES,9
FIOLINA,CONSUMER STAPLES,9
FIRE GROUP,INDUSTRIALS,9
FIRM ARD,CONSUMER DISCRETIONARY,9
FIRMA,CONSUMER STAPLES,9
FIRMA,INDUSTRIALS,9
FIRMA IMLAIT-SHOUTEKHNIK,COMMUNICATIONS,9
FIRMA INTERPARTNER,CONSUMER DISCRETIONARY,9
FIRMA KALITA,CONSUMER DISCRETIONARY,9
FIRMA KOMAN,NOT RELEVANT,9
FIRMA LPS-INTER,NOT RELEVANT,9
FIRMA MEYRI,CONSUMER STAPLES,9
FIRMA PANDA,CONSUMER DISCRETIONARY,9
FIRMA PROMSVET,INDUSTRIALS,9
FIRMA SINTEZ N,INFORMATION TECHNOLOGY,9
FIRMA VILSON,ENERGY,9
FIRMA-2000,REAL ESTATE,9
FIRST CLIMATIC COMPANY,CONSUMER DISCRETIONARY,9
FIRST FLOUR,CONSUMER STAPLES,9
FIRST NONMETALLIC COMPANY,MATERIALS,9
FIRST PLANT,ENERGY,9
FISH,CONSUMER STAPLES,9
FISH MANUFACTORIES MURMANSK,CONSUMER STAPLES,9
FISHISLAND CO.,CONSUMER STAPLES,9
FIT,INDUSTRIALS,9
FIT,INFORMATION TECHNOLOGY,9
FITKOM,CONSUMER DISCRETIONARY,9
FITNES DOM,CONSUMER DISCRETIONARY,9
FITNESS,CONSUMER DISCRETIONARY,9
FITO-BALT,CONSUMER STAPLES,9
FITOFARM,HEALTH CARE,9
FITOKOSMETIK,CONSUMER STAPLES,9
FIX PRICE,CONSUMER STAPLES,9
FK APREL,CONSUMER STAPLES,9
FK LESPROMINVEST,MATERIALS,9
FK PULSE Limited Liability,HEALTH CARE,9
FLAGMAN,CONSUMER DISCRETIONARY,9
FLAGMAN PARSHIKOV,CONSUMER STAPLES,9
FLAGMANTRUCK,INDUSTRIALS,9
FLANTIR PROPERTIES,REAL ESTATE,9
FLEET,CONSUMER DISCRETIONARY,9
FLEGINSKIY ALEKSANDR,CONSUMER DISCRETIONARY,9
FLEK,ENERGY,9
FLEKS,CONSUMER DISCRETIONARY,9
FLET I,CONSUMER DISCRETIONARY,9
FLEYR,MATERIALS,9
FLINE,CONSUMER DISCRETIONARY,9
FLORIN TRADE HOUSE,CONSUMER STAPLES,9
FLOT,INDUSTRIALS,9
FLOTTWEG MOSCOW,INDUSTRIALS,9
FLOUR MILL,CONSUMER STAPLES,9
FLOWER CASTLE,CONSUMER DISCRETIONARY,9
FM LOGISTIC,INDUSTRIALS,9
FM LOGISTIC CUSTOMS,INDUSTRIALS,9
FM LOGISTIC RUS,INDUSTRIALS,9
FM Logistic (Sevo),NOT RELEVANT,9
FMC,HEALTH CARE,9
FMC EURASIA,ENERGY,9
FMC Volga,MATERIALS,9
FMK,MATERIALS,9
FN TRADING,INDUSTRIALS,9
FNCSP,INDUSTRIALS,9
FO PRIMA ITALIYANA,CONSUMER DISCRETIONARY,9
FOBO HOLDINGS,ENERGY,9
FOBOS-AUTO,NOT RELEVANT,9
FOCKE SERVICE ST.-PB,NOT RELEVANT,9
FOCUSGROUP,CONSUMER STAPLES,9
FODD,INDUSTRIALS,27
FODD ID,INDUSTRIALS,9
FOKSTROT,CONSUMER STAPLES,9
FOKUS,NOT RELEVANT,9
FOKUS AVTO,CONSUMER DISCRETIONARY,9
FOKUS-RETAIL,CONSUMER STAPLES,9
FOM TEKH,CONSUMER DISCRETIONARY,9
FONDSERVIS,REAL ESTATE,9
FOOD CORP,CONSUMER STAPLES,9
FOOD INGREDIENTS,CONSUMER STAPLES,9
FOOD PROCESSING,CONSUMER STAPLES,9
FOODS,CONSUMER STAPLES,9
FOODSTAR,CONSUMER DISCRETIONARY,9
FOODTRADE,CONSUMER STAPLES,9
FORD,CONSUMER DISCRETIONARY,9
FORDA,CONSUMER DISCRETIONARY,9
FORENERGO,INDUSTRIALS,9
FORENERGO SPETS COMPLECT,INDUSTRIALS,9
FORENERGO-UIK,INDUSTRIALS,9
FORES,CONSUMER DISCRETIONARY,9
FORESIGHT,INFORMATION TECHNOLOGY,9
FORGREIT,CONSUMER STAPLES,9
FORKLIFT SERVICE,INDUSTRIALS,9
FORMAT,CONSUMER STAPLES,9
FORMAT,INDUSTRIALS,9
FORMIKA,INDUSTRIALS,18
FORMOTRONIK,MATERIALS,9
FORMULA MEBELI,CONSUMER DISCRETIONARY,9
FORMULA RAZVITIYA,HEALTH CARE,9
FORMULA-FR,CONSUMER DISCRETIONARY,9
FORMULA-MK,CONSUMER DISCRETIONARY,9
FORMULA-MTS,CONSUMER DISCRETIONARY,9
FORMULA-N,CONSUMER DISCRETIONARY,9
FORMULA-R LIMITED LIABILITY,CONSUMER DISCRETIONARY,9
FORMULA-RD,CONSUMER DISCRETIONARY,9
FORMULA-VR,CONSUMER DISCRETIONARY,9
FORMULAA,CONSUMER DISCRETIONARY,9
FORMULAM,CONSUMER DISCRETIONARY,9
FORPOST,CONSUMER STAPLES,9
FORPOST,INDUSTRIALS,9
FORS,INFORMATION TECHNOLOGY,9
FORS,NOT RELEVANT,9
FORS D,INFORMATION TECHNOLOGY,9
FORS NIC,INDUSTRIALS,9
FORS-DEVELOPMENT CENTER,INFORMATION TECHNOLOGY,9
FORSAZH,INDUSTRIALS,9
FORSAZH-2,ENERGY,9
FORT,CONSUMER DISCRETIONARY,9
FORT,CONSUMER STAPLES,9
FORT,HEALTH CARE,9
FORT,NOT RELEVANT,9
FORT DIALOGUE,INFORMATION TECHNOLOGY,9
FORTE,CONSUMER DISCRETIONARY,9
FORTE Khoum,CONSUMER DISCRETIONARY,9
FORTEINVEST,ENERGY,9
FORTRENT,INDUSTRIALS,9
FORTUM,UTILITIES,9
FORTUNA,CONSUMER DISCRETIONARY,9
FORTUNA,CONSUMER STAPLES,36
FORTUNA KOSTROMA,CONSUMER STAPLES,9
FORTWINE,CONSUMER STAPLES,9
FORUM,CONSUMER DISCRETIONARY,18
FORUM-GROUP,NOT RELEVANT,9
FORVARD,CONSUMER STAPLES,9
FORVARD,INDUSTRIALS,9
FORWARD GRUPP TD,NOT RELEVANT,9
FORWARDING,INDUSTRIALS,9
FOSAGRO-DON,MATERIALS,9
FOSAGRO-KURSK,MATERIALS,9
FOSAGRO-LIPETSK,MATERIALS,9
FOSAGRO-OREL,MATERIALS,9
FOSAGRO-SEVEROZAPAD,MATERIALS,9
FOSAGRO-STAVROPOL',MATERIALS,9
FOSAGRO-TAMBOV,MATERIALS,9
FOSAGRO-VOLGA,MATERIALS,9
FOSAGRO-VORONEZH,MATERIALS,9
FOTON-M,HEALTH CARE,9
FOX,NOT RELEVANT,9
FPG-NEFTEKHIMPROM,INDUSTRIALS,9
FPK,INDUSTRIALS,18
FPK Invest,CONSUMER DISCRETIONARY,9
FPK PHARMVILAR,HEALTH CARE,9
FRAGARIYA,CONSUMER STAPLES,9
FRAGMENT,CONSUMER DISCRETIONARY,9
FRAIKIN RUS,INDUSTRIALS,9
FRAKDZHET-STROI,INDUSTRIALS,9
FRAKDZHET-VOLGA,ENERGY,9
FRAKTAL F,INDUSTRIALS,9
FRAM,CONSUMER STAPLES,9
FRANC GARDINER RUSSIA,CONSUMER DISCRETIONARY,9
FRANKO,INDUSTRIALS,9
FRANZ KLEINE,INDUSTRIALS,9
FRANZ MOBILE,CONSUMER DISCRETIONARY,9
FREESTAYLE TECHNOLOGY OBSHCHESTVO,INDUSTRIALS,9
FREGAT,HEALTH CARE,9
FREGAT OBSHCHESTVO S,CONSUMER STAPLES,9
FREIDE AND GOLDMAN MARKETING,NOT RELEVANT,9
FREIGHT,INDUSTRIALS,18
FREIGHT LINK,INDUSTRIALS,9
FRESENIUS KABI,HEALTH CARE,9
FRESH,CONSUMER DISCRETIONARY,9
FRESH FROST,INDUSTRIALS,9
FRESH FROST TRANS,INDUSTRIALS,9
FRESH-K,CONSUMER DISCRETIONARY,9
FRESHFRUT,CONSUMER STAPLES,9
FREUDENBERG POLITEX,CONSUMER DISCRETIONARY,9
FREY WILLE,CONSUMER DISCRETIONARY,9
FRIANOVO CERAMIC FACTORY,INDUSTRIALS,9
FRIDMAN,HEALTH CARE,9
FRIENDSHIP CO,INDUSTRIALS,9
FRIGOGLASS EURASIA,INDUSTRIALS,9
FRIMAIND,CONSUMER DISCRETIONARY,9
FRIS,ENERGY,9
FRITO LAY MANUFACTURING,CONSUMER STAPLES,9
FRIZ OOO,ENERGY,9
FROLOVSKY ELECTROSTALEPLAVILNY,MATERIALS,9
FRONERI RUS,CONSUMER STAPLES,9
FRUKTOVYI MIR,CONSUMER STAPLES,9
FRUTLAIN,CONSUMER STAPLES,9
FRUTON,CONSUMER STAPLES,9
FRUTSERVICE,CONSUMER STAPLES,9
FSK,REAL ESTATE,9
FSK MOSTOOTRYAD-47,INDUSTRIALS,9
FSM YUVELIRY URALA,CONSUMER DISCRETIONARY,9
FST Rus,INDUSTRIALS,9
FT CO.,INFORMATION TECHNOLOGY,9
FTS-REDUT,NOT RELEVANT,9
FUCHS OIL,NOT RELEVANT,9
FUD GALLE,CONSUMER DISCRETIONARY,9
FUD MERKURII,CONSUMER DISCRETIONARY,9
FUD MUBARYAKOVA,CONSUMER DISCRETIONARY,9
FUD TREID,CONSUMER STAPLES,9
FUD-TREID,CONSUMER STAPLES,9
FUD.KOM,CONSUMER STAPLES,9
FUDIMPORT,CONSUMER STAPLES,9
FUDMAN 1,CONSUMER DISCRETIONARY,9
FUDMASTER,CONSUMER STAPLES,9
FUDTAUN,CONSUMER STAPLES,9
FUDTREID,MATERIALS,18
FUEL-BUNKER COMPANY,NOT RELEVANT,9
FUNDAMENTSTROI,INDUSTRIALS,9
FUNDING,MATERIALS,9
FUNDING INVESTMENT,FINANCIALS,9
FURMANOVSKOE,CONSUMER STAPLES,9
FUSION,INDUSTRIALS,9
FUSO-URAL,CONSUMER DISCRETIONARY,9
FUTURE LAB,COMMUNICATIONS,9
FUTURE MANAGEMENT,HEALTH CARE,9
FWH VOSTOK,CONSUMER DISCRETIONARY,9
FYUZHEN MENEDZHMENT,INDUSTRIALS,9
Faberon,CONSUMER STAPLES,9
Fabreex,CONSUMER DISCRETIONARY,9
Fabrika RTT,HEALTH CARE,9
Fabrika YuzhUralCarton Limited Liab,MATERIALS,9
Facade,INDUSTRIALS,9
Factor L.L.C.,CONSUMER DISCRETIONARY,9
Factory,INDUSTRIALS,9
Familia,CONSUMER DISCRETIONARY,9
Farmster,HEALTH CARE,9
Federal Freight,INDUSTRIALS,9
Federal Grid,UTILITIES,9
Fedorovo Resources,MATERIALS,9
Felsberg Finance,FINANCIALS,9
Femco-Management,INDUSTRIALS,9
Fenix-Avto,CONSUMER DISCRETIONARY,9
Ferronordic,INDUSTRIALS,9
Ferronordic Machines,INDUSTRIALS,9
FiN,CONSUMER DISCRETIONARY,9
Fibroplit,MATERIALS,9
Field Force Group Rus,COMMUNICATIONS,9
Fiera Trading,CONSUMER DISCRETIONARY,9
Filosophiya,INFORMATION TECHNOLOGY,9
FinTech,INDUSTRIALS,9
Finance,MATERIALS,9
Financiere Aurenis,CONSUMER DISCRETIONARY,9
Finch Impex,CONSUMER DISCRETIONARY,9
Finn Pharma,HEALTH CARE,9
Fintrans GL Limited Liability Com,MATERIALS,9
Finvest,HEALTH CARE,9
Firm PERMANENT K,INDUSTRIALS,9
Firm Transgarant,INDUSTRIALS,9
Firma ARTI,INFORMATION TECHNOLOGY,9
Firma Yalga,CONSUMER STAPLES,9
First,CONSUMER STAPLES,9
Flight Marketplace Admin FZE,CONSUMER DISCRETIONARY,9
Florin,CONSUMER DISCRETIONARY,9
Fontan,CONSUMER STAPLES,9
Food Systems,CONSUMER STAPLES,9
Food-service,CONSUMER STAPLES,9
Foodland,CONSUMER STAPLES,9
Forbo Eurocol,MATERIALS,9
Ford Motor Company,CONSUMER DISCRETIONARY,9
Forklifttrucks,INDUSTRIALS,9
Formacia,CONSUMER STAPLES,9
Formic,INDUSTRIALS,9
Formika Event,INDUSTRIALS,9
Formula,CONSUMER STAPLES,9
Formula-ACK2,CONSUMER DISCRETIONARY,9
Formula-FR,CONSUMER STAPLES,9
Fort Dialog,INFORMATION TECHNOLOGY,9
Forte Metals,CONSUMER DISCRETIONARY,9
Forward EL,INDUSTRIALS,9
Fresh,CONSUMER DISCRETIONARY,9
FreshStore,INDUSTRIALS,9
Frontside,MATERIALS,9
Frost Logistics llc,CONSUMER STAPLES,9
Fruit Line,INDUSTRIALS,9
Frutline,INDUSTRIALS,9
Funder UWA ooo,NOT RELEVANT,9
Fyffes,CONSUMER STAPLES,9
G-LUCK FINANCE,ENERGY,9
G.O.S.,INDUSTRIALS,9
G4U,CONSUMER DISCRETIONARY,9
GA,ENERGY,9
GAAP KHOLDING,CONSUMER STAPLES,9
GABARIT,UTILITIES,9
GABARIT-E,INDUSTRIALS,9
GADZHIEV ANDREY,CONSUMER STAPLES,9
GALA-FORM,ENERGY,9
GALACTIKA,CONSUMER STAPLES,9
GALAKTIKA,CONSUMER STAPLES,9
GALAKTIKA,INDUSTRIALS,9
GALAKTION FLEX PACKAGING KUBA,MATERIALS,9
GALEN,HEALTH CARE,9
GALEREYA MODY,CONSUMER DISCRETIONARY,9
GALINSKOE,CONSUMER STAPLES,9
GALION,CONSUMER STAPLES,9
GALLERY,CONSUMER DISCRETIONARY,18
GALLERY-ALEX,CONSUMER DISCRETIONARY,9
GALLOP,INDUSTRIALS,9
GALTEKS,CONSUMER DISCRETIONARY,9
GAMMA,CONSUMER DISCRETIONARY,9
GAMMA DEVELOPMENT,FINANCIALS,9
GAMMA EXPRESS VOSTOK,INDUSTRIALS,9
GAMMA TREYD,CONSUMER DISCRETIONARY,9
GAMMA-7,CONSUMER STAPLES,9
GAMMA-PLAST,MATERIALS,9
GAMMAMED -P MP NPF,HEALTH CARE,9
GAMMAMED-IMPEKS,HEALTH CARE,9
GAMMAMED-SOFT,HEALTH CARE,9
GAMMARESOURCE,INDUSTRIALS,9
GAMMI,CONSUMER STAPLES,9
GANIENKO NATALYA VIKTOROVNA,CONSUMER DISCRETIONARY,9
GANIMED SB,INDUSTRIALS,18
GAP,CONSUMER STAPLES,9
GARAGE TOOLS,INDUSTRIALS,9
GARANT,CONSUMER STAPLES,9
GARANT OPTIMA,MATERIALS,9
GARANT SERVIS,MATERIALS,9
GARANT-TREID,CONSUMER STAPLES,9
GARANTAGRO,CONSUMER STAPLES,9
GARANTIYA,INDUSTRIALS,9
GARANTIYA VKUSA OBSHCHESTVO S,CONSUMER STAPLES,9
GARANTIYA-EK,HEALTH CARE,9
GARAVTO,ENERGY,9
GARBER HANNAM PARTNERS LIMITE,FINANCIALS,9
GARDA LOGISTIK,ENERGY,9
GARDARIKA,CONSUMER DISCRETIONARY,9
GARDARIKA INVESTITSII,FINANCIALS,9
GARIPOVA ANISA RIFGATOVNA,CONSUMER DISCRETIONARY,9
GARK GUP,CONSUMER STAPLES,9
GARMENT SOURCE COMPANY,CONSUMER DISCRETIONARY,9
GARMONIKA,CONSUMER DISCRETIONARY,9
GARMONIYA,CONSUMER STAPLES,9
GARMONIYA LCC,CONSUMER STAPLES,9
GARMONIYA ZDOROV'YA,CONSUMER STAPLES,9
GASTON,CONSUMER DISCRETIONARY,9
GASTRONOM,CONSUMER STAPLES,9
GATCHINSKII,CONSUMER STAPLES,9
GATCHINSKIY KKZ,NOT RELEVANT,9
GAUF,CONSUMER DISCRETIONARY,9
GAUF RUS,CONSUMER DISCRETIONARY,9
GAUS,INDUSTRIALS,9
GAVARY LINE,MATERIALS,9
GAVARY MIX,CONSUMER DISCRETIONARY,9
GAVARY TRADE,MATERIALS,9
GAVRILOVSKAYA V.A.,FINANCIALS,9
GAVRILOVSKIY ANDREY NIKOLAEVICH,FINANCIALS,9
GAZ,CONSUMER DISCRETIONARY,18
GAZ CAPITAL,ENERGY,9
GAZEKS-MANAGEMENT,NOT RELEVANT,9
GAZEYKS,ENERGY,9
GAZEYNERGOSTROI,ENERGY,9
GAZFINAN,ENERGY,9
GAZINVESTGRUPP,CONSUMER DISCRETIONARY,9
GAZKHOLODMASH,INDUSTRIALS,9
GAZKHOLODTEKHNIKA,ENERGY,9
GAZMACHPROECT,NOT RELEVANT,9
GAZMONTAZH,INDUSTRIALS,9
GAZNEFTEKHOLDING,ENERGY,9
GAZNEFTESERVIS,ENERGY,9
GAZNEFTETREYIDING,ENERGY,9
GAZOIL,CONSUMER DISCRETIONARY,9
GAZOTOP,CONSUMER DISCRETIONARY,9
GAZPROEKT DESIGN TECHNOLOGICAL IN,NOT RELEVANT,9
GAZPROM,ENERGY,9
GAZPROM GAZORASPREDELENIE DAL'NII,UTILITIES,9
GAZPROM METHANOL,MATERIALS,9
GAZPROM MEZHREGIONGAZ SARATOV,ENERGY,9
GAZPROM-MEDIA,CONSUMER DISCRETIONARY,9
GAZPROMNEFT,ENERGY,9
GAZPROMNEFT-NOYABRSKNEFTEGAZ,ENERGY,9
GAZPROMNEFT-OMSK REFINERY,ENERGY,9
GAZPROMNEFT-RAZVITIE,ENERGY,9
GAZSTROIPROM,ENERGY,9
GAZSTROY,INDUSTRIALS,9
GAZSURF,INDUSTRIALS,9
GAZSVYAZ'EYNERGOSTROI,INDUSTRIALS,9
GAZTEHLIZING,ENERGY,9
GBS,INFORMATION TECHNOLOGY,9
GBTS,MATERIALS,9
GC,MATERIALS,9
GC Brivas,INDUSTRIALS,9
GC COMPUTERS AND NETWORKS,INFORMATION TECHNOLOGY,9
GC DARNITSA,CONSUMER STAPLES,9
GC Granel,REAL ESTATE,9
GC HIMALYANS,MATERIALS,9
GCC,MATERIALS,9
GCC YASTRO,CONSUMER STAPLES,9
GCL,INDUSTRIALS,9
GCS,INDUSTRIALS,9
GDC Services,INFORMATION TECHNOLOGY,9
GDP,HEALTH CARE,9
GDSK,NOT RELEVANT,9
GE Healthcare,HEALTH CARE,9
GE VERNOVA RUS,INDUSTRIALS,9
GEA REFRIGERATION RUS,ENERGY,9
GEBA,CONSUMER STAPLES,9
GEDEON RICHTER-RUS Joint Stock Comp,HEALTH CARE,9
GEDON AVTO-PREMIUM,CONSUMER DISCRETIONARY,9
GEDON-AVTO,CONSUMER DISCRETIONARY,9
GEDON-KMV,CONSUMER DISCRETIONARY,9
GEDON-TREID,CONSUMER DISCRETIONARY,9
GEDON-YUG,CONSUMER DISCRETIONARY,9
GEFEST AGRO,CONSUMER STAPLES,9
GEFEST SP,CONSUMER DISCRETIONARY,9
GEJZER,CONSUMER DISCRETIONARY,9
GEKON ST,INDUSTRIALS,9
GEKSA,MATERIALS,9
GEKSA LOGISTIK,NOT RELEVANT,9
GEKSA-URAL TORGOVIY DOM,NOT RELEVANT,9
GELA,CONSUMER STAPLES,9
GELAMKO,FINANCIALS,9
GELIKON,MATERIALS,9
GELIOS,CONSUMER STAPLES,18
GELIOS,MATERIALS,9
GEMEN,INDUSTRIALS,9
GEMO-FARM,HEALTH CARE,9
GEMOTEST LABORATORY,HEALTH CARE,9
GENERAL MOTORS AUTO LIMITED L,CONSUMER DISCRETIONARY,9
GENERAL'NAYA DIREKTSIYA MEZHDUNAR,CONSUMER DISCRETIONARY,9
GENERIRUYUSHYAYA,INDUSTRIALS,9
GENERIUM,HEALTH CARE,9
GENEZIS,NOT RELEVANT,9
GEODATA MNP,NOT RELEVANT,9
GEOFIZICHESKAYA COMPANY KASPIY,INDUSTRIALS,9
GEOIZOL,INDUSTRIALS,18
GEOKONTROL',ENERGY,9
GEOPROEKTSTROI,INDUSTRIALS,9
GEOPROMINING INVESTMENT,MATERIALS,9
GEORG POLIMER,MATERIALS,9
GEORGIEVSKDORSTROI,INDUSTRIALS,9
GEORGIEVSKOE LVZ,NOT RELEVANT,9
GEOS,CONSUMER DISCRETIONARY,9
GEOSTROY,INDUSTRIALS,18
GEOTEC,ENERGY,9
GEOTECH,ENERGY,9
GEOTEK HOLDING,ENERGY,9
GEOTEKHNOLOGII,ENERGY,9
GEOTRON,INDUSTRIALS,9
GEP,INDUSTRIALS,9
GERA,INDUSTRIALS,18
GERASIMOV DMITRII ALEKSANDROV,INDUSTRIALS,9
GERASIMOV VLADIMIR MIKHAILOVICH,ENERGY,9
GERBERA,CONSUMER DISCRETIONARY,9
GERKULES-M,CONSUMER STAPLES,9
GERKULES-SIBIR CO,MATERIALS,9
GERMES,HEALTH CARE,9
GERMES,INDUSTRIALS,9
GERMES,MATERIALS,9
GEROPHARM,HEALTH CARE,9
GERSA CREDIT,INDUSTRIALS,9
GES,CONSUMER DISCRETIONARY,9
GESELLSCHAFT MIT BESCHRANKTER HAFTU,INDUSTRIALS,9
GEYMBL,CONSUMER DISCRETIONARY,9
GEYZER-YUG,CONSUMER DISCRETIONARY,9
GEZE,INDUSTRIALS,9
GFC,CONSUMER STAPLES,18
GFS,CONSUMER DISCRETIONARY,9
GGS-KHAZAR,ENERGY,9
GI-2,INDUSTRIALS,9
GIDROAEROTSENTR,ENERGY,9
GIDROAEYROTSENTR,ENERGY,9
GIDROMASH,NOT RELEVANT,9
GIDROMONTAZH,INDUSTRIALS,9
GIDROSISTEMA,CONSUMER DISCRETIONARY,9
GIDROSTROI,INDUSTRIALS,9
GIDROSTROIMONTAZH,INDUSTRIALS,9
GIDROTEKHNIKA,INDUSTRIALS,9
GIDROZO,MATERIALS,9
GIFT,CONSUMER STAPLES,9
GIG -,INDUSTRIALS,9
GIMEKS,HEALTH CARE,9
GIMEX,HEALTH CARE,9
GINT-M,INDUSTRIALS,9
GINZU,INFORMATION TECHNOLOGY,9
GIPER,CONSUMER DISCRETIONARY,18
GIPERMARKET LINIYA,CONSUMER STAPLES,9
GIPROTRUBOPROVOD,ENERGY,9
GIPS,MATERIALS,9
GIPS GRUPP,MATERIALS,9
GIPSOPOLIMER,MATERIALS,9
GIRD,INDUSTRIALS,9
GIRD-AVTOFURGON,INDUSTRIALS,9
GIREI,CONSUMER STAPLES,9
GIS,FINANCIALS,9
GK,MATERIALS,9
GK CHEMICAL,MATERIALS,9
GK Electroshield - TM Samara,INDUSTRIALS,9
GK KIS,INFORMATION TECHNOLOGY,9
GK LOGLAB,COMMUNICATIONS,9
GK NADEZHDA-FARM,HEALTH CARE,9
GK OLIMPROEKT,INDUSTRIALS,9
GK SAMOLET,REAL ESTATE,9
GK SEVERAVTODOR,INDUSTRIALS,9
GK TELS,INDUSTRIALS,9
GK URAL TOYZ,CONSUMER DISCRETIONARY,9
GK ZEMELNYY,CONSUMER STAPLES,9
GKS,INDUSTRIALS,9
GKZ,CONSUMER STAPLES,9
GLACEM,MATERIALS,9
GLADKIY YURIY STANISLAVOVICH,CONSUMER DISCRETIONARY,9
GLASS,INDUSTRIALS,9
GLASS MARKET,MATERIALS,9
GLASS NN,MATERIALS,9
GLASS NN EYKSPO,MATERIALS,9
GLASS TREID,MATERIALS,9
GLAVDETAL',CONSUMER DISCRETIONARY,9
GLAVHOLOD,CONSUMER STAPLES,9
GLAVMOSSTROY OAO HOLDING,NOT RELEVANT,9
GLAVNOVOSIBIRSKSTROI,MATERIALS,18
GLAVNOVOSIBIRSKSTROI-SP,INDUSTRIALS,9
GLAVSTROY,NOT RELEVANT,9
GLOBAL,CONSUMER DISCRETIONARY,9
GLOBAL,CONSUMER STAPLES,18
GLOBAL,ENERGY,9
GLOBAL,INDUSTRIALS,9
GLOBAL,INFORMATION TECHNOLOGY,9
GLOBAL AGRO,HEALTH CARE,9
GLOBAL FOODS,CONSUMER STAPLES,9
GLOBAL FUD CHELYABINSK,CONSUMER DISCRETIONARY,9
GLOBAL FUD GD,CONSUMER DISCRETIONARY,9
GLOBAL FUD MAGNITOGORSK,CONSUMER DISCRETIONARY,9
GLOBAL FUD MEGA,CONSUMER DISCRETIONARY,9
GLOBAL FUD PLANETA,CONSUMER DISCRETIONARY,9
GLOBAL FUD PROSTOR,CONSUMER DISCRETIONARY,9
GLOBAL FUD SEMYA,CONSUMER DISCRETIONARY,9
GLOBAL FUD ST,CONSUMER DISCRETIONARY,9
GLOBAL INVESTMENTS LIMIT,MATERIALS,9
GLOBAL KEMIKALS,MATERIALS,9
GLOBAL KONSTRAKSHN,INDUSTRIALS,9
GLOBAL-FLOT,ENERGY,9
GLOBAL-NEFTEGAZSERVIS,ENERGY,9
GLOBAL-VET,HEALTH CARE,9
GLOBAL-VET TRADE,HEALTH CARE,9
GLOBALCOS,CONSUMER STAPLES,9
GLOBALELECTROSERVICE,INDUSTRIALS,9
GLOBALSTROI,ENERGY,9
GLOBALTEKHEYKSPORT,INDUSTRIALS,9
GLOBALTRANS,MATERIALS,9
GLOBALTRANS INVESTMENT,INDUSTRIALS,9
GLOBALTRUCK,INDUSTRIALS,9
GLOBALVOENTRADING LTD,NOT RELEVANT,9
GLOBE CMS RUS,INDUSTRIALS,9
GLOBUS,CONSUMER STAPLES,9
GLOBUS,MATERIALS,9
GLOBUS,NOT RELEVANT,9
GLOBUS,REAL ESTATE,9
GLOMAKO,HEALTH CARE,9
GLORIA,CONSUMER DISCRETIONARY,18
GLORIA JEANS CORPORATION JOINT STOC,CONSUMER DISCRETIONARY,9
GLORY DV,CONSUMER DISCRETIONARY,9
GLOVIS RUS,CONSUMER DISCRETIONARY,9
GLS PHARMACEUTICALS,HEALTH CARE,9
GLT MOSKVA,INDUSTRIALS,9
GLVR,CONSUMER DISCRETIONARY,9
GM-AVTOVAZ,CONSUMER DISCRETIONARY,9
GMC,INDUSTRIALS,9
GMCS Verex,INFORMATION TECHNOLOGY,9
GMZ ARTEMOVSKIY,CONSUMER STAPLES,9
GMZ KHIMMASH,INDUSTRIALS,9
GNILOAKSAISKOE KHPP,CONSUMER STAPLES,9
GOBIS,CONSUMER STAPLES,9
GOC. NII OCHB FMBA ROSSII,HEALTH CARE,9
GODOVALOV,CONSUMER STAPLES,9
GOFRON,MATERIALS,9
GOFROPAK-SLAVYANKA,CONSUMER STAPLES,9
GOFROTARA,MATERIALS,9
GOGOLEVSKY 11,FINANCIALS,9
GOK,CONSUMER STAPLES,9
GOK INAGLINSKIY,ENERGY,9
GOLAZ,CONSUMER DISCRETIONARY,9
GOLD INTERNATIONAL,MATERIALS,9
GOLD N.V.,MATERIALS,9
GOLD OF NORTHERN URALS,MATERIALS,9
GOLDEN AGE,CONSUMER STAPLES,9
GOLDEN APPLE,NOT RELEVANT,9
GOLDEN TELECOM INC,NOT RELEVANT,9
GOLDER ELECTRONICS,CONSUMER DISCRETIONARY,9
GOLDER-ELECTRONICS,CONSUMER DISCRETIONARY,9
GOLDEX-ESTATE,FINANCIALS,9
GOLDTRANS,INDUSTRIALS,9
GOLIKOV VYACHESLAV VALER'EVICH,CONSUMER DISCRETIONARY,9
GOLOVINSKAYA SLOBODA,NOT RELEVANT,9
GOLOVNOE UPRAVLYAYUSHCHEE PREDPRI,CONSUMER DISCRETIONARY,9
GOLUBAYA ZVEZDA,ENERGY,9
GOLUBEV VIKTOR ALEKSEEVICH,CONSUMER DISCRETIONARY,9
GOMONTOVO JOINT-STOCK,CONSUMER STAPLES,9
GONCHAROV ZHANIK VALERYVICH,CONSUMER STAPLES,9
GONCHAROVA ELMIRA FAKHRADDINOVNA,CONSUMER STAPLES,9
GOOD COOKIES,CONSUMER STAPLES,9
GOODNESS FOODS,CONSUMER STAPLES,9
GORA ZHELEZNAYA,MATERIALS,9
GORBATOVSKOE,CONSUMER STAPLES,9
GORDEEV DMITRII MIKHAILOVICH,REAL ESTATE,9
GORDEEV I.L.,NOT RELEVANT,9
GORDEEVA LYUDMILA VLADIMIROVNA,CONSUMER STAPLES,9
GORDON LYUBOV VIKTOROVNA,NOT RELEVANT,9
GORELEKTROSET,UTILITIES,9
GORELTEX Co,ENERGY,9
GORENY BT,CONSUMER DISCRETIONARY,9
GOREYLEKTROSET',UTILITIES,9
GORFION,CONSUMER DISCRETIONARY,9
GORIZONT,CONSUMER DISCRETIONARY,18
GORIZONT,CONSUMER STAPLES,9
GORIZONT,INDUSTRIALS,27
GORIZONT NPO,INDUSTRIALS,9
GORNO-METALLURGICHESKAYA,NOT RELEVANT,9
GORNO-OBOGATITEL'NYI KOMPLEKS DEN,MATERIALS,9
GORNO-PROMYSHLENNAYA KOMPANIYA NE,ENERGY,9
GORNOGO KREPLENIYA,INDUSTRIALS,9
GORNYE,INDUSTRIALS,9
GORNYY AVTODOR,INDUSTRIALS,9
GOROD,CONSUMER STAPLES,9
GOROD,INDUSTRIALS,9
GOROD SYRA,CONSUMER STAPLES,9
GOROD-INVEST,NOT RELEVANT,9
GORODSKAIA OBEDINENNAIA SOCIALNAI,CONSUMER STAPLES,9
GORODSKAYA ENERGOSBITOVAYA,UTILITIES,9
GOROS21.RU,HEALTH CARE,18
GORPROEKT,INDUSTRIALS,9
GORPROJECT,INDUSTRIALS,9
GORSETI,UTILITIES,9
GORSHKOV,INDUSTRIALS,9
GORSVET,INDUSTRIALS,9
GORZDRAV,CONSUMER STAPLES,9
GOSPITAL'-INTENSIV,HEALTH CARE,9
GOSSELINE LOGISTICS,CONSUMER STAPLES,9
GOSTINITSA CENTRALNAYA,FINANCIALS,9
GOSTINYI DVOR,CONSUMER DISCRETIONARY,9
GOTEK,MATERIALS,9
GOTEK LEBEDYAN,MATERIALS,9
GOTEK-POLIPAK PERESLAVL,MATERIALS,9
GP KO KALUGAOBLVODOKANAL,UTILITIES,9
GP RB BURYAT-FARMATSIYA,HEALTH CARE,9
GP Systems,INDUSTRIALS,9
GPFK,INDUSTRIALS,9
GPK,CONSUMER STAPLES,9
GPM RUSSIA,INDUSTRIALS,9
GPN CAPITAL SA,ENERGY,9
GPN SNABZHENIYE,ENERGY,9
GPlus,CONSUMER STAPLES,9
GR,INDUSTRIALS,9
GRABOPLAST Kereskedelmi Vállalat Kf,INDUSTRIALS,9
GRAD-AVTO,CONSUMER DISCRETIONARY,9
GRADIENT,CONSUMER STAPLES,9
GRADIENT DISTRIB'YUTSIYA,CONSUMER STAPLES,9
GRADUS,CONSUMER STAPLES,9
GRADUSI,CONSUMER STAPLES,9
"GRAFITINVEST,",MATERIALS,9
GRAIN-EXPORT,CONSUMER STAPLES,9
GRAINLINE,CONSUMER STAPLES,9
GRAMMATCHIKOV ALEKSEI YUREVIC,CONSUMER STAPLES,9
GRAN Group,CONSUMER DISCRETIONARY,9
GRANARY RESOURCES,CONSUMER STAPLES,9
GRAND,CONSUMER STAPLES,9
GRAND AIS,CONSUMER STAPLES,9
GRAND CITY KEMEROVO,FINANCIALS,9
GRAND CRU,INDUSTRIALS,9
GRAND-INVEST,CONSUMER DISCRETIONARY,9
GRAND-MASTER,MATERIALS,9
GRAND-NN,CONSUMER STAPLES,9
GRAND-S,CONSUMER STAPLES,9
GRAND-SERVIS-EK,REAL ESTATE,9
GRAND-STROI,INDUSTRIALS,9
GRAND-TREYD OOO,MATERIALS,9
GRANDFARM,CONSUMER STAPLES,9
GRANDFAYANS,CONSUMER DISCRETIONARY,9
GRANDLAIN,INDUSTRIALS,9
GRANDMED,HEALTH CARE,9
GRANIT,CONSUMER STAPLES,9
GRANIT,INDUSTRIALS,27
GRANIT,MATERIALS,9
GRANIT-INVEST,INDUSTRIALS,9
GRANITINVEST,INDUSTRIALS,9
GRANITINVEST - MSK,INDUSTRIALS,9
GRANOLUX Limited Liability,CONSUMER STAPLES,9
GRANZH OBSHCHESTVO S OGRANICHENNOI,MATERIALS,9
GRASIANO,CONSUMER STAPLES,9
GRASS,CONSUMER STAPLES,9
GRAZHDANPROEKT,INDUSTRIALS,9
GRAZHDANSKII,CONSUMER DISCRETIONARY,9
GREAT RUSSIAN ENCYCLOPEDIA,CONSUMER DISCRETIONARY,9
GREBENYUK OLGA ANDREEVNA,CONSUMER DISCRETIONARY,9
GREEN,CONSUMER STAPLES,9
GREEN,INDUSTRIALS,9
GREEN VAN,HEALTH CARE,9
GREENLIFE FACTORY,MATERIALS,9
GREENPEACE OMNNO,NOT RELEVANT,9
GREENVAN SPB,HEALTH CARE,9
GREINER PACKAGING,MATERIALS,9
GREINRUS,CONSUMER STAPLES,9
GREINSERVIS,CONSUMER STAPLES,9
GRETTA,CONSUMER DISCRETIONARY,9
GREYIN,CONSUMER STAPLES,9
GREYININVEST,CONSUMER STAPLES,9
GREYINKOR,CONSUMER STAPLES,9
GREYITKOMP,CONSUMER STAPLES,9
GREYN VEYV,CONSUMER STAPLES,9
GRIAR,INDUSTRIALS,9
GRIBANOVSKIY MASHZAVOD,INDUSTRIALS,9
GRIF,INDUSTRIALS,9
GRIFFIN-AVTO,CONSUMER DISCRETIONARY,9
GRIFON,NOT RELEVANT,9
GRIFOS BCN,CONSUMER DISCRETIONARY,9
GRIGORII ABRAMOVICH IP,HEALTH CARE,9
GRIMAKS,NOT RELEVANT,9
GRIN MEDIKA,HEALTH CARE,9
GRINBERRI,CONSUMER STAPLES,9
GRINFILDS-LOGISTIKA,CONSUMER STAPLES,9
GRINKOF,CONSUMER STAPLES,9
GRINLANDIYA,INDUSTRIALS,9
GRINN CORPORATION,CONSUMER STAPLES,9
GRINTEK,CONSUMER STAPLES,9
GRK Amikan,MATERIALS,9
GROSSMANN RUS,ENERGY,9
GROTEKSNERYD,NOT RELEVANT,9
GROTEX,HEALTH CARE,9
GROUP,CONSUMER STAPLES,27
GROUP,INDUSTRIALS,45
GROUP,INFORMATION TECHNOLOGY,9
GROUP,MATERIALS,18
GROUP,NOT RELEVANT,9
GROUP DESIGN,NOT RELEVANT,9
GROUP NORTH,CONSUMER DISCRETIONARY,9
GROUP OSKOL,NOT RELEVANT,9
GROUP4MEDIA,CONSUMER DISCRETIONARY,9
GRS URAL JOINT-STOCK,INDUSTRIALS,9
GRUNWALD,CONSUMER DISCRETIONARY,9
GRUPP,CONSUMER DISCRETIONARY,18
GRUPP,INDUSTRIALS,9
GRUPP,MATERIALS,9
GRUPP-TYUMEN,CONSUMER STAPLES,9
GRUPPA KOMPANII KAMA,INDUSTRIALS,9
GRUPPA KOMPANII MASHINOSTROEN,INDUSTRIALS,9
GRUPPA KOMPANIY M-STIL,MATERIALS,9
GRUPPA POLIMERTEPLO,INDUSTRIALS,9
GRUPPA SINARA,FINANCIALS,9
GRUPPA VOSTOK KOSMETIK,CONSUMER STAPLES,9
GRUZOPODEM,INDUSTRIALS,9
GRUZOVAYA KOMPANIYA ARMADA,MATERIALS,9
GRUZOVAYA KOMPANIYA NOVOTRANS,INDUSTRIALS,9
GRUZOVOI SOYUZ,CONSUMER DISCRETIONARY,9
GRUZOVOY TERMINAL,NOT RELEVANT,9
GRYAZINSKOE,CONSUMER STAPLES,9
GS INVESTMENTS,INDUSTRIALS,9
GS1,NOT RELEVANT,9
GSE,ENERGY,9
GSE-Giprokauchuk,ENERGY,9
GSI SNEYMA,ENERGY,9
GSI-NEFTEKHIMMONTAZH,ENERGY,9
GSI-VOLGONEFTEGAZSTROI,ENERGY,9
GSK RED TRIANGLE,MATERIALS,9
GSK-STROI,INDUSTRIALS,9
GSP-MEKHANIZATSIYA,ENERGY,9
GSP-TRADE,MATERIALS,9
GSS,MATERIALS,9
GSS Cosmetics,CONSUMER STAPLES,9
GTD AVTORUS,CONSUMER DISCRETIONARY,9
GTI,CONSUMER DISCRETIONARY,9
GTI,INDUSTRIALS,9
GTI Management,INDUSTRIALS,9
GTLK,FINANCIALS,18
GTLK EUROPE DAC IRELAND,FINANCIALS,9
GTM,HEALTH CARE,9
GTS,INDUSTRIALS,9
GUBAKHA COKE,MATERIALS,9
GUBERNSKIE APTEKI,CONSUMER STAPLES,9
GUBKINSKII MYASOKOMBINAT,CONSUMER STAPLES,9
GUDSR,INDUSTRIALS,18
GUK-KRASNODAR,REAL ESTATE,9
GUKOVSKAYA MARINA YURYVNA,CONSUMER STAPLES,9
GUKOVSKAYA TSOF,ENERGY,9
GUKOVSKY ANDREY,CONSUMER STAPLES,9
GULBAKHAR RUS,CONSUMER STAPLES,9
GULFSTREAM security,CONSUMER DISCRETIONARY,9
GULLIVER,CONSUMER STAPLES,9
GUM,CONSUMER DISCRETIONARY,9
GUP BASHFARMATSIYA RB,NOT RELEVANT,9
GUP KOMSTEYK,COMMUNICATIONS,9
GUR'EVSKAYA,CONSUMER STAPLES,9
GURMAN,CONSUMER STAPLES,9
GURMANIYA,INDUSTRIALS,9
GUROVO-BETON,MATERIALS,9
GUSEV IVAN ALEKSANDROVICH,CONSUMER STAPLES,9
GUSTA,ENERGY,9
GUTA-KLINIK,HEALTH CARE,9
GUTENBERG IGOR VLADIMIROVICH,CONSUMER DISCRETIONARY,9
GV,MATERIALS,9
GV Gold,MATERIALS,9
GVARDIA,INDUSTRIALS,9
GVARDIOLA,INDUSTRIALS,9
GVURA,CONSUMER DISCRETIONARY,9
GYPS,MATERIALS,9
GZAS,INFORMATION TECHNOLOGY,9
Gai MPP,MATERIALS,9
Gala-Form,ENERGY,9
Galaktion Flex Packaging SPb,MATERIALS,9
Galamart,CONSUMER DISCRETIONARY,9
Galery,INDUSTRIALS,9
Galileo,MATERIALS,9
Gamma Rail Vostok,INDUSTRIALS,9
Garant Intermodal,INDUSTRIALS,9
Garazhnaya,CONSUMER DISCRETIONARY,9
Gas and Power,INDUSTRIALS,9
Gauss Lighting,INDUSTRIALS,9
Gavary Prom,MATERIALS,9
Gazpromneft Digital Solutions,INFORMATION TECHNOLOGY,9
Gazpromtrans,NOT RELEVANT,9
Gazstroydetal,ENERGY,9
Gedon,CONSUMER DISCRETIONARY,9
Gefco,CONSUMER DISCRETIONARY,9
Gefest,INDUSTRIALS,9
Gelius-K,NOT RELEVANT,9
Generium-Next,HEALTH CARE,9
GeoSM,INDUSTRIALS,9
Geokontrol,ENERGY,9
Georgievsky,CONSUMER STAPLES,9
Germes,MATERIALS,9
Geropharm,HEALTH CARE,9
GetChips,CONSUMER DISCRETIONARY,9
Gexa-nonwoven materials,MATERIALS,9
Gigas,CONSUMER DISCRETIONARY,9
Gigaz,CONSUMER DISCRETIONARY,9
Gilat Satellite Networks (Eurasia),COMMUNICATIONS,9
Glabra Holdings,INDUSTRIALS,9
Glanit,MATERIALS,9
Glass NN,MATERIALS,9
Glass Plant 9 January,MATERIALS,9
Glavsnabservise,MATERIALS,9
GlaxoSmithKline Trading,HEALTH CARE,9
Glenmark Impex,HEALTH CARE,9
Glerano Holdings,FINANCIALS,9
Global,CONSUMER DISCRETIONARY,9
Global Container Serv,INDUSTRIALS,9
Global Import,CONSUMER STAPLES,9
Global-Vet,HEALTH CARE,9
Globalstroy-Engineering,ENERGY,9
Globaltrans,INDUSTRIALS,9
Globaltruck,INDUSTRIALS,9
Gmbh Polo,INDUSTRIALS,9
Gold Co,MATERIALS,9
Gold Mine,INDUSTRIALS,9
Golovnev Vladimir,CONSUMER DISCRETIONARY,9
Goncharova Marina,NOT RELEVANT,9
Good Food,CONSUMER STAPLES,9
Gorilla Drinks,NOT RELEVANT,9
Gorno-Transportnaya Compania,ENERGY,9
Gorodskoy supermarket,CONSUMER STAPLES,9
Gorshkov,INDUSTRIALS,9
Gotek,MATERIALS,9
Gotek North-West,MATERIALS,9
Gotek-Center,MATERIALS,9
Gotek-Polipak,INDUSTRIALS,9
Gotek-Polipak Aramil,MATERIALS,9
Grain,CONSUMER STAPLES,9
Granat Bio Tech,HEALTH CARE,9
Grancom,INDUSTRIALS,9
Grand,MATERIALS,9
GrandWest Corp.,INDUSTRIALS,9
Grandwest,INDUSTRIALS,9
Granelle,REAL ESTATE,9
Granula,ENERGY,9
Grasys,ENERGY,9
Great Foods,CONSUMER STAPLES,9
Green Line,INDUSTRIALS,9
Green Optic,CONSUMER DISCRETIONARY,9
Green Tech Energy,INDUSTRIALS,9
Green Van,HEALTH CARE,9
Greenlight,CONSUMER DISCRETIONARY,9
Greiner Packaging System,MATERIALS,9
Greiner Real Estate,REAL ESTATE,9
Grindeks Rus,HEALTH CARE,9
Group,CONSUMER DISCRETIONARY,9
Group,INDUSTRIALS,9
Group,INFORMATION TECHNOLOGY,9
Group,MATERIALS,18
"Group Co.,",CONSUMER STAPLES,9
Group International,MATERIALS,9
Group Novosystem,COMMUNICATIONS,9
Group Oscar Prokopiev,FINANCIALS,9
Groupe SEB Vostok,CONSUMER DISCRETIONARY,9
Gruppa Prodovolstvie,CONSUMER STAPLES,9
Gruzovaya Mekhanika,INDUSTRIALS,9
H-MOTORS-IRKUTSK,NOT RELEVANT,9
HACHETTE-ATTICUS PUBLISHIN,COMMUNICATIONS,9
HACIENDA INVESTMENTS,INDUSTRIALS,9
HAER,CONSUMER DISCRETIONARY,9
HAIER INDUSTRY RUS,CONSUMER DISCRETIONARY,9
HALERIA INVESTMENTS,HEALTH CARE,9
HALOPOLYMER PERM,MATERIALS,9
HAMMERMASTER LLC.,INDUSTRIALS,9
HAMON ETP,INDUSTRIALS,9
HANNECARD - RUS,MATERIALS,9
HANON RUS,CONSUMER DISCRETIONARY,9
HANSA MEDICA,HEALTH CARE,9
HANSE HANDEL,INDUSTRIALS,9
HANT,CONSUMER DISCRETIONARY,9
HANTY-MANSIYSKDORSTROY,INDUSTRIALS,9
HAPPYLOOK,CONSUMER DISCRETIONARY,9
HAR,CONSUMER DISCRETIONARY,9
HARAR,CONSUMER STAPLES,9
HASCO RU,INDUSTRIALS,9
HATBER-M,MATERIALS,9
HATBER-PRESS,MATERIALS,9
HAWLE INDUSTRIEWERKE,INDUSTRIALS,9
HAYAT CONSUMER GOODS,CONSUMER STAPLES,9
HC,MATERIALS,9
HC SDS,ENERGY,9
HC SIBCEM,MATERIALS,9
HC TATNEFTEPRODUKT,CONSUMER DISCRETIONARY,9
HC YUZHUGOL,ENERGY,9
HC Yug,MATERIALS,9
HD,INDUSTRIALS,9
HD RUS,INDUSTRIALS,9
HEADMINER,INDUSTRIALS,9
HEAVY ENGINEERING ORMETO-YUMZ,NOT RELEVANT,9
HELENA RUS,HEALTH CARE,9
HELICON COMPANY,HEALTH CARE,9
HERBALCARE,HEALTH CARE,9
HERO RUS,CONSUMER STAPLES,9
HERRENKNECHT TUNNELSERVICE,INDUSTRIALS,9
HEURTEY PETROCHEM RUS,ENERGY,9
HEVEL,NOT RELEVANT,9
HFC Logistics,MATERIALS,9
HI-TECH BILDING,INDUSTRIALS,9
HI-TECH MEDIA,INFORMATION TECHNOLOGY,9
HIGH TECHNOLOGY TELECOMMUNICATION,NOT RELEVANT,9
HIGH-VOLTAGE INSULATORS PLAN,INDUSTRIALS,9
HIGHLAND GOLD MINING,MATERIALS,9
HIMAGROMARKETING,MATERIALS,9
HIMAGROMARKETING.RU,MATERIALS,9
HIMPROM,ENERGY,9
HIMPROMPROEKT,MATERIALS,9
HIMRESURS,CONSUMER DISCRETIONARY,9
HIMROSS,CONSUMER DISCRETIONARY,9
HIMTRUST,MATERIALS,9
HITECH,INFORMATION TECHNOLOGY,9
HITEK-GROUP,CONSUMER STAPLES,9
HK SDS - ENERGO,CONSUMER DISCRETIONARY,9
HLEB,CONSUMER STAPLES,9
HLEBOKOMBINAT,NOT RELEVANT,9
HMS,INDUSTRIALS,9
HMS LIVGIDROMASH,INDUSTRIALS,9
HODLER FINANCE,CONSUMER DISCRETIONARY,9
HOLDING,INDUSTRIALS,18
HOLDING,MATERIALS,9
HOLDING COMPANY MAREX,INDUSTRIALS,9
HOLDING COMPANY UNITED ELEMENTS,CONSUMER DISCRETIONARY,9
HOLDING DOUBLE V,NOT RELEVANT,9
HOLDINGOVAYA KOMPANIYA,INDUSTRIALS,9
HOLDINGS (OVERSEAS) LIM,CONSUMER STAPLES,9
HOLIDAY,ENERGY,9
HOLIDAY,NOT RELEVANT,9
HOLIDAY COMPANY,NOT RELEVANT,9
HOLODTORGTECHNICA,CONSUMER STAPLES,9
HOMA,REAL ESTATE,9
HOME SHOPPING RUSSIA,CONSUMER DISCRETIONARY,9
HONDA ACCESS EUROPE NV,NOT RELEVANT,9
HONDA MOTOR RUS,CONSUMER DISCRETIONARY,9
HONEYWELL,NOT RELEVANT,9
HOROSHAYA SVYAZ,CONSUMER DISCRETIONARY,9
HORTEX,NOT RELEVANT,9
HOTEL MANAGEMENT COMPANY,REAL ESTATE,9
HOTEL-DIS,INDUSTRIALS,9
HOTELS COMPANY,NOT RELEVANT,9
HOUSE AMURMETALL,MATERIALS,9
"HOUSE BASHKIR SUGAR,",CONSUMER STAPLES,9
HOUSE JLS,MATERIALS,9
HOUSE PERMSKIY ZAVOD,NOT RELEVANT,9
HOUSE PIK ENTERPRISE,INDUSTRIALS,9
HOUSE REFRIGERATING APPLI,CONSUMER STAPLES,9
HOUSE STD PETROVICH CO.,CONSUMER DISCRETIONARY,9
HOUSE STROYDORMASH,NOT RELEVANT,9
HOUSE TMK,MATERIALS,9
HOYER RUS,INDUSTRIALS,9
HOZLIDER,CONSUMER DISCRETIONARY,9
HPS-ENGINEERING,UTILITIES,9
HR solutions,INDUSTRIALS,9
HTBR,CONSUMER DISCRETIONARY,9
HTL FITTING,CONSUMER DISCRETIONARY,9
HTS,INDUSTRIALS,27
HUESKER GMBH,MATERIALS,9
HYDAC INTERNATIONAL,INDUSTRIALS,9
HYDRAULIC MACHINES,INDUSTRIALS,9
HYDROGAS,INDUSTRIALS,9
HYDROTEKS RUS COMPANY,INDUSTRIALS,9
HYGIENIC,CONSUMER STAPLES,9
HYPERCENTER RYAZAN,NOT RELEVANT,9
HYPERGLOBUS,CONSUMER STAPLES,9
HYPERION,CONSUMER DISCRETIONARY,9
HYUNDAI ELECTROSYSTEMS,INDUSTRIALS,9
Hadi,CONSUMER DISCRETIONARY,9
Haier,CONSUMER DISCRETIONARY,9
Hannecard North-West,MATERIALS,9
Harvest Time,CONSUMER STAPLES,9
HeadHunter,INDUSTRIALS,9
Headhunter,INDUSTRIALS,9
HealthLab,HEALTH CARE,9
Healthcare,INDUSTRIALS,9
HeidelbergCement,MATERIALS,9
Heisskraft Impex,INDUSTRIALS,9
Hencon,INDUSTRIALS,9
Hendel,HEALTH CARE,9
Henderson,CONSUMER DISCRETIONARY,9
Herbert Smith Freehills CIS LLP,INDUSTRIALS,9
Hermes-Lipetsk,INDUSTRIALS,9
Hi-Tech Media,INFORMATION TECHNOLOGY,9
Hi-Tech Security,INFORMATION TECHNOLOGY,9
Highland Gold Mining,NOT RELEVANT,9
Hillary Inc.,FINANCIALS,9
Himicheskaya industriya,MATERIALS,9
Himprodukt,CONSUMER DISCRETIONARY,9
Himprom,ENERGY,9
Himsorbent,MATERIALS,9
Hladoprodukt,CONSUMER STAPLES,9
Hlebny dom,CONSUMER STAPLES,9
Hochland Russia,CONSUMER STAPLES,9
Hoholsky sugar plant,CONSUMER STAPLES,9
Holding,HEALTH CARE,9
Holding,MATERIALS,9
Holding Dvizhenie,CONSUMER DISCRETIONARY,9
Holika Retail,CONSUMER STAPLES,9
Holod Slavmo,CONSUMER STAPLES,9
Homver,CONSUMER DISCRETIONARY,9
Honor Technologies Co.,INFORMATION TECHNOLOGY,9
Hoppy Union,CONSUMER STAPLES,9
Hor Delo,CONSUMER STAPLES,9
Horoshiye Kolesa,CONSUMER DISCRETIONARY,9
House Dominant,CONSUMER STAPLES,9
"House Format,",MATERIALS,9
House Kirovo-Chepetsk Che,MATERIALS,9
House LABAZ,CONSUMER STAPLES,9
House PEREKRIOSTOK,CONSUMER STAPLES,9
House Sodrugestvo,CONSUMER STAPLES,9
HozAgro,MATERIALS,9
Huawei Technologies,INFORMATION TECHNOLOGY,9
Huhtamaki,MATERIALS,9
HuperTechnology,INDUSTRIALS,9
Hyundai Motor CIS,CONSUMER DISCRETIONARY,9
I,CONSUMER STAPLES,9
I DITIA RYAZAN,HEALTH CARE,9
I DITIA YAROSLAVL LIMITED LIABI,HEALTH CARE,9
I K,CONSUMER STAPLES,9
I P T GROUP,INDUSTRIALS,9
I-DIGITAL,INFORMATION TECHNOLOGY,9
I-Plast,MATERIALS,9
I-TECO,INFORMATION TECHNOLOGY,9
I-TEKO,INFORMATION TECHNOLOGY,9
I.T.I.,MATERIALS,9
I.T.M.S.,CONSUMER STAPLES,9
IA VOZROZHDENIE,INDUSTRIALS,9
IBC BUGAZ,ENERGY,9
IBG,HEALTH CARE,9
IBM EAST EUROPE/ASIA,INFORMATION TECHNOLOGY,9
IBRAGIMOV EYL'DAR BAGADUROVICH (I,INDUSTRIALS,9
IBRAGIMOVA ELENA SERGEEVNA,CONSUMER DISCRETIONARY,9
IBS,INFORMATION TECHNOLOGY,9
IBS Expertise,INFORMATION TECHNOLOGY,9
IC,INDUSTRIALS,9
IC GA,CONSUMER DISCRETIONARY,9
ICAPLAST Co.,INDUSTRIALS,9
ICC,ENERGY,9
ICE TRADE,CONSUMER STAPLES,9
ICECAKE-ECO,CONSUMER STAPLES,9
ICL,INFORMATION TECHNOLOGY,9
ICL-KME CS,INFORMATION TECHNOLOGY,9
ICON LAB,CONSUMER DISCRETIONARY,9
ICON-BTL,CONSUMER DISCRETIONARY,9
ICPJSC UNITED COMPANY,MATERIALS,9
ICT LOGISTICS,INDUSTRIALS,9
ID-ENGINEERING,INDUSTRIALS,9
ID-Electro Limited Liability Compan,INDUSTRIALS,9
IDALIKA,INDUSTRIALS,9
IDEALNYI SAD,CONSUMER STAPLES,9
IDEL NEFTEMASH,INDUSTRIALS,9
IDF LAB,FINANCIALS,9
IDS,ENERGY,9
IDS Borjomi,CONSUMER STAPLES,9
IE MAHROVA MARINA IVANOVNA,CONSUMER STAPLES,9
IE SWEMEL,INFORMATION TECHNOLOGY,9
IEE SIVAR,INDUSTRIALS,9
IEK,CONSUMER DISCRETIONARY,9
IEK HOLDING,CONSUMER DISCRETIONARY,9
IENC,UTILITIES,9
IESC,UTILITIES,9
IFCM,CONSUMER DISCRETIONARY,9
IFT,CONSUMER STAPLES,9
IG Seismic,ENERGY,9
IGM-DETECTOR CO,INFORMATION TECHNOLOGY,9
IGNATKINA ANASTASIYA YURYVNA (GLA,CONSUMER STAPLES,9
IGRISTIE VINA,CONSUMER STAPLES,9
IGROMARKET,CONSUMER DISCRETIONARY,9
IGS,ENERGY,9
IGVAS,ENERGY,9
IHP Appliances,CONSUMER DISCRETIONARY,9
IIC-Minerals,INDUSTRIALS,9
IK ENERPRED-YARDOS,ENERGY,9
IK EYNKOR,CONSUMER DISCRETIONARY,9
IK FOTON,NOT RELEVANT,9
IK RUSSKII KHLEB,CONSUMER STAPLES,9
IK YUKAS - KHOLDING,MATERIALS,9
IKAT-PLUS,INDUSTRIALS,9
IKEA,NOT RELEVANT,9
IKEA DOM,CONSUMER DISCRETIONARY,9
IKG-TRANS,INDUSTRIALS,9
IKM,INDUSTRIALS,9
IKON TYRES,CONSUMER DISCRETIONARY,9
IKS,COMMUNICATIONS,9
IKS 5 RITEIL GRUPP N.V,CONSUMER STAPLES,9
IKZ,MATERIALS,18
IL TEKHNOLODZHIS GRUP,INFORMATION TECHNOLOGY,9
IL'ICHA,CONSUMER STAPLES,9
ILAN-NORIL'SK,INDUSTRIALS,9
ILEC BL GROUP,INDUSTRIALS,9
ILETO,CONSUMER DISCRETIONARY,9
ILICHA,CONSUMER STAPLES,9
ILIGAN,UTILITIES,18
ILIM PULP,MATERIALS,9
ILIM-TNP,MATERIALS,9
ILIMPEYSKAYA GEOPHYSICAL EXPEDITI,ENERGY,9
ILIMPROM,MATERIALS,9
ILMIXGROUP,HEALTH CARE,9
ILP-GRUP,INDUSTRIALS,9
ILSKY OIL REFINERY,ENERGY,9
ILT,INDUSTRIALS,9
IM. ILICHA,CONSUMER STAPLES,9
IM.P.P.LUK'YANENKO,CONSUMER STAPLES,9
IM.SUVOROVA,CONSUMER STAPLES,9
IMC Medical On Group - Irkutsk,HEALTH CARE,9
IMD,CONSUMER DISCRETIONARY,9
IMEKS,CONSUMER DISCRETIONARY,9
IMENI,CONSUMER STAPLES,9
IMKOSERVIS,HEALTH CARE,9
IMLIGHT,CONSUMER DISCRETIONARY,9
IMMID,INDUSTRIALS,9
IMMID,MATERIALS,9
IMMOBILIEN,CONSUMER STAPLES,9
IMODERN,CONSUMER DISCRETIONARY,9
IMPACTO MARKETING SERVICES LIMITE,COMMUNICATIONS,9
IMPART,CONSUMER DISCRETIONARY,9
IMPEKS,CONSUMER DISCRETIONARY,9
IMPERIA SOUSOV,CONSUMER STAPLES,9
IMPERIAL,CONSUMER DISCRETIONARY,18
IMPERIAL,CONSUMER STAPLES,9
IMPERIAL,ENERGY,9
IMPERIAL ENERGY,NOT RELEVANT,9
IMPERIAL ENERGY CORPORATION,NOT RELEVANT,9
IMPERIYA MOSIGRA,CONSUMER DISCRETIONARY,9
IMPEX,INDUSTRIALS,9
IMPEYKS EYLEKTRO,INDUSTRIALS,9
IMPLANT SOYUZ,HEALTH CARE,9
IMPLOZIA,NOT RELEVANT,9
IMPORT,CONSUMER DISCRETIONARY,9
IMPORT,INDUSTRIALS,9
IMPORT MODA,CONSUMER DISCRETIONARY,9
IMPORT-DETAL,CONSUMER DISCRETIONARY,9
IMPORT-LIFT,INDUSTRIALS,18
IMPORTTELECOM,INFORMATION TECHNOLOGY,9
IMPORTTRADE,CONSUMER DISCRETIONARY,18
IMPRESS,INDUSTRIALS,9
IMPROM,NOT RELEVANT,9
IMPUL'S,CONSUMER DISCRETIONARY,9
IMPUL'S,CONSUMER STAPLES,9
IMPUL'S,INDUSTRIALS,18
IMPULS,CONSUMER DISCRETIONARY,9
IMPULS,CONSUMER STAPLES,9
IMPULS,MATERIALS,9
IMPULSPRO,CONSUMER STAPLES,9
IMS,COMMUNICATIONS,9
IMS,NOT RELEVANT,9
IMSystems,HEALTH CARE,9
IMT,MATERIALS,9
IMT EXPRESS,INDUSTRIALS,9
IMUSHCHESTVENNAYA KOMPANIYA AMURMET,MATERIALS,9
IMYA-AVTO,CONSUMER DISCRETIONARY,9
IN,INDUSTRIALS,9
INAKO,CONSUMER STAPLES,9
INARCTICA NW,CONSUMER STAPLES,9
INC,HEALTH CARE,9
INC,INFORMATION TECHNOLOGY,9
INCAB,INDUSTRIALS,9
INCMaT,MATERIALS,9
INCOM-AUTO,CONSUMER DISCRETIONARY,9
INDASTRI,MATERIALS,9
INDASTRIAL,INDUSTRIALS,9
INDASTRIAL ESTEIT,NOT RELEVANT,9
INDASTRIAL-GRUPP,ENERGY,9
INDEIKA,CONSUMER STAPLES,9
INDEPENDENT ENERGY-SALE COMPANY J,UTILITIES,9
INDEQ,INDUSTRIALS,9
INDIAN OCEAN MARITIME,FINANCIALS,9
INDUSTRIAL CHEMISTRY,ENERGY,9
INDUSTRIAL GEODESY,INDUSTRIALS,9
INDUSTRIAL GROUP PHOSPHORITE,MATERIALS,9
INDUSTRIAL STEEL RECYCLING,MATERIALS,9
INDUSTRIAL'NYI PARK ORIENTIR,REAL ESTATE,9
INDUSTRIALNYI PARK STANKOMASH,INDUSTRIALS,9
INDUSTRIES,CONSUMER STAPLES,9
INDUSTRIES,INDUSTRIALS,9
INDUSTRIYA,INDUSTRIALS,9
INDUSTRIYA KRASOTY OBSHCHESTVO,CONSUMER STAPLES,9
INDUSTRIYA PITANIYA,CONSUMER DISCRETIONARY,9
INDUSTRIYA SERVIS,MATERIALS,9
INDUSTRIYA USPEKHA,INDUSTRIALS,9
INDUSTRIYA ZDOROVYA,HEALTH CARE,9
INDUSTRY AND,INDUSTRIALS,9
INE ltd,INDUSTRIALS,9
INES TREID,CONSUMER STAPLES,9
INESCO,MATERIALS,9
INESKO,MATERIALS,9
INEY,CONSUMER STAPLES,18
INFAPRIM,CONSUMER STAPLES,9
INFASTAUB RUS Gesellschaft mit besc,INDUSTRIALS,9
INFERUM,HEALTH CARE,9
INFIN,INDUSTRIALS,9
INFINET,INFORMATION TECHNOLOGY,9
INFINITI GRUPP,INDUSTRIALS,9
INFO-SEV,NOT RELEVANT,9
INFO-TELEKOM,NOT RELEVANT,9
INFOCELL,INFORMATION TECHNOLOGY,9
INFODOR-LEASING,NOT RELEVANT,9
INFORM,INFORMATION TECHNOLOGY,9
INFORMATION RETAIL INTEGRATED SYS,COMMUNICATIONS,9
INFORMATION SYSTEMS IN HEALTH CAR,HEALTH CARE,9
INFORUM,CONSUMER STAPLES,9
INFORUM KAKAO,CONSUMER STAPLES,9
INFORUM-PROM FIRMA,CONSUMER STAPLES,9
INFOSEL,INFORMATION TECHNOLOGY,9
INFOTECH-BALTIKA M,ENERGY,9
INFOZENTRUM,INDUSTRIALS,9
INFRAMATICA,INFORMATION TECHNOLOGY,9
INFRAPRO,MATERIALS,9
INFRASTRUKTURA TK LIMITED LIABILIY,ENERGY,9
INFTECH PUBLIC LIMITED COMPANY WI,ENERGY,9
INGAZTEKH,INDUSTRIALS,9
INGC,ENERGY,9
INGENIUM,INDUSTRIALS,9
INGK,ENERGY,18
INGORTEKH,INDUSTRIALS,18
INGRAD,REAL ESTATE,9
INGREDICO,CONSUMER STAPLES,9
INGREDIENT,CONSUMER STAPLES,9
INGREDIENTS,CONSUMER STAPLES,9
INGREDIENTS RU,CONSUMER STAPLES,9
INGROSS,INDUSTRIALS,9
INICO,CONSUMER DISCRETIONARY,9
INITSIATIVA,CONSUMER STAPLES,9
INITSIATIVA,INDUSTRIALS,9
INK-Capital,ENERGY,9
INK-KAPITAL,ENERGY,9
INK-NGG,ENERGY,9
INK-ZAPAD,ENERGY,9
INKA,REAL ESTATE,9
INKAB,INDUSTRIALS,9
INKATO,INDUSTRIALS,9
INKO-SERVIS,ENERGY,9
INKOM-TREID M,ENERGY,9
INKOMNEFT,ENERGY,9
INKOMPRAIS,INDUSTRIALS,9
INKON,INDUSTRIALS,9
INKOR,CONSUMER DISCRETIONARY,9
INKOR,MATERIALS,18
INKOTEK,CONSUMER STAPLES,9
INLINE,INFORMATION TECHNOLOGY,9
INLINE MSP,INFORMATION TECHNOLOGY,9
INMEDIA,INFORMATION TECHNOLOGY,9
INNOCHROM,INDUSTRIALS,9
INNOVATIVE RAW TECHNOLOG,INFORMATION TECHNOLOGY,9
INNOVATOR,CONSUMER STAPLES,9
INNOVATSII,INDUSTRIALS,9
INNOVATSII,MATERIALS,9
INNOVATSIONNYE REKLAMNYE TEKHNOLO,CONSUMER DISCRETIONARY,9
INNOVATSIONNYI TSENTR BUREVESTNIK,MATERIALS,9
INNOVATSIONNYKH MEDITSINSK,HEALTH CARE,9
INNOWATT,COMMUNICATIONS,9
INOPROMSTROY,FINANCIALS,9
INOXHUB,INDUSTRIALS,9
INOXTRADE,MATERIALS,9
INPAS,INFORMATION TECHNOLOGY,9
INPK TREIDING,ENERGY,18
INPROM OAO KRS,NOT RELEVANT,9
INPROMLEASING,NOT RELEVANT,9
INS,ENERGY,9
INSAIDER,INDUSTRIALS,9
INSAIT-SERVIS,HEALTH CARE,9
INSAJUR,MATERIALS,9
INSCAN Co.,INDUSTRIALS,9
INSERVIS,CONSUMER DISCRETIONARY,9
INSIGHT,HEALTH CARE,9
INSIGHT INVESTMENT GROUP,FINANCIALS,9
INSITEKH,CONSUMER DISCRETIONARY,9
INSKOI KHLEB,CONSUMER STAPLES,9
INSSTAL,MATERIALS,9
INSTALSAIT URAL,INDUSTRIALS,9
INSTANT,INDUSTRIALS,9
INSTART,INDUSTRIALS,9
INSTITUT KRASNOYARSKAGROPROMP,INDUSTRIALS,9
INSTROI OBSHCHESTVO S OGRANICHENN,CONSUMER DISCRETIONARY,9
INSTROYTECHKOM,CONSUMER DISCRETIONARY,9
INSTRUM-RAND,INDUSTRIALS,9
INSTRUMENT-TREID,INDUSTRIALS,9
INSTRYMENT-TSENTR,CONSUMER DISCRETIONARY,9
INSULATION,MATERIALS,9
INSULATION MATERIALS BUSIN,INDUSTRIALS,9
INTAIM,HEALTH CARE,9
INTALIZ AKTSIONERNOE,CONSUMER DISCRETIONARY,9
INTECH ANALYTICS,INDUSTRIALS,9
INTEGRA,CONSUMER DISCRETIONARY,9
INTEGRA,ENERGY,9
INTEGRA,INDUSTRIALS,9
INTEGRA MANAGEMENT,NOT RELEVANT,9
INTEGRA-DRILLING,ENERGY,9
INTEGRAL PLUS,CONSUMER DISCRETIONARY,9
INTEGRATECH,INDUSTRIALS,9
INTEGRATION,INDUSTRIALS,9
INTEGRATSIYA,REAL ESTATE,9
INTEGRATSIYA INFORMATSIONNYKH,INFORMATION TECHNOLOGY,9
INTEGRIS NON-PUBLIC JOINT-STOCK C,INFORMATION TECHNOLOGY,9
INTEGRITI,INDUSTRIALS,9
INTEGRITI GLASS,INDUSTRIALS,9
INTEKH,INDUSTRIALS,9
INTEKHPLAST OBSHCHESTVO S,INDUSTRIALS,9
INTEKO,INDUSTRIALS,18
INTEL,CONSUMER STAPLES,9
INTEL-COM,NOT RELEVANT,9
INTELLECT DRILLING SERVICES,ENERGY,9
INTELLEKTUAL'NYE KOMP'YUTERNYE SI,INFORMATION TECHNOLOGY,9
INTELS,INFORMATION TECHNOLOGY,9
INTELTREID,HEALTH CARE,9
INTENSIVE TEHNOLOGIES,INDUSTRIALS,9
INTER KARD (LIKARD),ENERGY,9
INTER RAO - IT,UTILITIES,9
INTER'ERNYE RESHENIYA,INDUSTRIALS,9
INTER-GRUPP,INDUSTRIALS,18
INTER-STEP,CONSUMER DISCRETIONARY,9
INTERACTIVE,CONSUMER DISCRETIONARY,9
INTERANTENNA,CONSUMER DISCRETIONARY,9
INTERAVTOTSENTR,CONSUMER DISCRETIONARY,9
INTERBALT,REAL ESTATE,9
INTERBELKO,CONSUMER STAPLES,9
INTERBRANCH SCIENTIFIC PRODUCTION,INDUSTRIALS,9
INTERBUNKER,INDUSTRIALS,9
INTERBUNKER SERVICES DMCC,INDUSTRIALS,9
INTERCARGO-SERVICE,NOT RELEVANT,9
INTERCHEMLIZING,CONSUMER STAPLES,9
INTERCHEMMET,MATERIALS,9
INTERCLASSIC,NOT RELEVANT,9
INTERCOMP,INDUSTRIALS,9
INTERCONNECT MANAGEMENT CORPORATI,CONSUMER DISCRETIONARY,9
INTEREKTIV SERVISEZ,COMMUNICATIONS,9
INTERFAX,INDUSTRIALS,9
INTERFEED,CONSUMER STAPLES,9
INTERFOOD,CONSUMER STAPLES,18
INTERFOOD RUSMOL,CONSUMER STAPLES,9
INTERFUD,CONSUMER STAPLES,9
INTERGLASS,MATERIALS,9
INTERKHIM,MATERIALS,9
INTERKROS TSENTR,CONSUMER STAPLES,9
INTERKROSS,COMMUNICATIONS,9
INTERLABSERVICE,HEALTH CARE,9
INTERLEK,HEALTH CARE,9
INTERLEND,CONSUMER STAPLES,9
INTERLINE,CONSUMER STAPLES,9
INTERLOGISTICS,INDUSTRIALS,9
INTERMARK LEASING LTD BRANCH OFFI,INDUSTRIALS,9
INTERMEDSERVIS-PLYUS,HEALTH CARE,9
INTERMETGRUP,MATERIALS,9
INTERNATIONAL,ENERGY,27
INTERNATIONAL,NOT RELEVANT,9
INTERNATIONAL BUSINESS SYSTEMS,NOT RELEVANT,9
INTERNATIONAL BUSINESS-CENTER,CONSUMER DISCRETIONARY,9
INTERNATIONAL CAPITAL,MATERIALS,9
INTERNATIONAL FINANCE,ENERGY,18
INTERNATIONAL SERVICE REP,NOT RELEVANT,9
INTERNATIONAL TOBACCO MARKETING,CONSUMER STAPLES,9
INTERNESHNL AVIA,INDUSTRIALS,9
INTERNET TRAVEL,CONSUMER DISCRETIONARY,9
INTERNET-BILET,INDUSTRIALS,9
INTEROKO,HEALTH CARE,9
INTERON,INDUSTRIALS,9
INTEROPT,CONSUMER STAPLES,9
INTERPAK,INDUSTRIALS,9
INTERPAK,MATERIALS,9
INTERPARTNERTSENTR,CONSUMER DISCRETIONARY,9
INTERPIPE-M,NOT RELEVANT,9
INTERPLAST,CONSUMER DISCRETIONARY,9
INTERPOLE,INDUSTRIALS,9
INTERPRINT,CONSUMER DISCRETIONARY,9
INTERPRODUCT,CONSUMER STAPLES,9
INTERPROM,CONSUMER DISCRETIONARY,9
INTERRAIL SERVICE,INDUSTRIALS,9
INTERRAO,UTILITIES,9
INTERREGIONAL DISTRIBUTION GRID C,UTILITIES,9
INTERREGIONAL SUBSCRIPTION AGENCY,NOT RELEVANT,9
INTERSITI SERVIS,CONSUMER DISCRETIONARY,9
INTERSKOL-IZH,NOT RELEVANT,9
INTERSTROI,INDUSTRIALS,9
INTERSTROIPROEKT,INDUSTRIALS,9
INTERSVET,CONSUMER DISCRETIONARY,9
INTERTECH-INTERNET TECHNOLOGY RES,NOT RELEVANT,9
INTERTECHCENTER,CONSUMER DISCRETIONARY,9
INTERTEKHNIKA,INDUSTRIALS,9
INTERTORG,CONSUMER STAPLES,9
INTERTRADE-M,NOT RELEVANT,9
INTERTREID,CONSUMER DISCRETIONARY,9
INTERTSEZ S.A. REPRESENTATIVE OFF,NOT RELEVANT,9
INTERWHEELS,CONSUMER DISCRETIONARY,9
INTERYRNYE RESHENIYA,INDUSTRIALS,9
INTESIS,INDUSTRIALS,9
INTILED,INDUSTRIALS,9
INTOURIST,CONSUMER DISCRETIONARY,9
INTOURIST HOTEL GROUP,NOT RELEVANT,9
INTOURIST VAO,CONSUMER DISCRETIONARY,9
INTRAS-KRASNOYARSK,CONSUMER STAPLES,9
INTREID,CONSUMER DISCRETIONARY,9
INTREID OBSHCHESTVO,MATERIALS,9
INTRET,NOT RELEVANT,9
INTURUFESA,CONSUMER DISCRETIONARY,9
INV TEKHNOLOGIYA,INFORMATION TECHNOLOGY,9
INVAR,HEALTH CARE,9
INVENT,INDUSTRIALS,9
INVEST,INDUSTRIALS,27
INVEST,NOT RELEVANT,9
INVEST,REAL ESTATE,9
INVEST,UTILITIES,9
INVEST ZAPAD,CONSUMER STAPLES,9
INVEST-EVRO-PENZA,REAL ESTATE,9
INVEST-KAPITAL,REAL ESTATE,9
INVEST-KONSALT,NOT RELEVANT,9
INVEST-R,NOT RELEVANT,9
INVEST-STROY,CONSUMER STAPLES,9
INVEST-URAL,INDUSTRIALS,9
INVESTFINANS,CONSUMER STAPLES,9
INVESTGARANT,CONSUMER STAPLES,9
INVESTICIONNUE PROEKTY,NOT RELEVANT,9
INVESTITSII,NOT RELEVANT,9
INVESTITSIONNAYA KOMPANIYA,CONSUMER STAPLES,9
INVESTITSIONNAYA KOMPANIYA RZH,INDUSTRIALS,9
INVESTMENT B,CONSUMER STAPLES,9
INVESTMENT CONSTRUCTION,INDUSTRIALS,9
INVESTMENT MANAGING COMPANY,HEALTH CARE,9
INVESTPROFY,REAL ESTATE,9
INVESTPROJECT,CONSUMER STAPLES,9
INVESTRA,INDUSTRIALS,9
INVESTSERVIS,FINANCIALS,9
INVESTSTROI,ENERGY,9
INVESTTORGSTROI,REAL ESTATE,9
INVESTTSENTR,FINANCIALS,9
INVIKTUS,MATERIALS,9
INVINA YUTK,CONSUMER STAPLES,9
INVITRO,HEALTH CARE,9
INVITRO SPB LIMITED LIABILITY COMPA,HEALTH CARE,9
INZHENERGOPROEKT,INDUSTRIALS,9
INZHENERNO-TEKHNOLOGICHESKI,MATERIALS,9
INZHENERNYE SISTEMY OBSHCHESTVO S,INDUSTRIALS,9
INZHENERNYI TSENTR EYNERGORAZVITI,UTILITIES,9
INZHINIRIG COMPLECT,INDUSTRIALS,9
INZHINIRING,CONSUMER DISCRETIONARY,9
INZHINIRING,ENERGY,9
INZHINIRING,INDUSTRIALS,72
INZHINIRINGOVAYA KOMPANIYA PIONER,INDUSTRIALS,9
INZHINIRINGOVIY CENTER,NOT RELEVANT,9
INZHINIRINGOVYI TSENTR REGIONALNY,INFORMATION TECHNOLOGY,9
INZHLAIN,INDUSTRIALS,9
IOMZ,MATERIALS,9
IONAS SPB,CONSUMER STAPLES,9
IONOOBMENNYE TEKHNOLOGII AKTSIONE,INDUSTRIALS,9
IOOSAB,HEALTH CARE,9
IOT,INFORMATION TECHNOLOGY,9
IP TEREKHOV ALEKSANDR YUR'EVICH,CONSUMER STAPLES,9
IPA,INFORMATION TECHNOLOGY,9
IPC,ENERGY,9
IPEXOIL,ENERGY,9
IPK PENZENSKAYA PRAVDA,INDUSTRIALS,9
IPM,ENERGY,9
IPP,ENERGY,9
IPRUS,INDUSTRIALS,9
IPS,INDUSTRIALS,9
IPS M-SITI,INDUSTRIALS,9
IPS MAKS,HEALTH CARE,9
IPS SVERDLOVSKAYA,CONSUMER STAPLES,9
IPSEN,HEALTH CARE,9
IPSK TESK,UTILITIES,9
IPSK TEYSK,UTILITIES,9
IPTS,UTILITIES,9
IPmatika,INFORMATION TECHNOLOGY,9
IQTech,CONSUMER DISCRETIONARY,9
IRBIS,ENERGY,9
IRBIS,INDUSTRIALS,9
IRBIS JOINT-STOCK,REAL ESTATE,9
IRBITSKAYA,CONSUMER STAPLES,9
IRBITSKIY MOLOCHNIY ZAVOD,CONSUMER STAPLES,9
IRC-R.O.S.T,INDUSTRIALS,9
IREALTOR,INFORMATION TECHNOLOGY,9
IREN,MATERIALS,9
IRGIREDMET,MATERIALS,9
IRIDATO,CONSUMER DISCRETIONARY,9
IRISOFT,HEALTH CARE,9
IRISOFT-MEDI,HEALTH CARE,9
IRISTON,INDUSTRIALS,9
IRKUT,INDUSTRIALS,9
IRKUTSK,INDUSTRIALS,9
IRKUTSK OIL,ENERGY,9
IRKUTSKAYA APTEKA,CONSUMER STAPLES,9
IRKUTSKENERGOSBYT,UTILITIES,9
IRKUTSKEYNERGO,UTILITIES,9
IRKUTSKII KHLEBOZAVOD ZAKRYTOE,CONSUMER STAPLES,9
IRKUTSKKABEL,INDUSTRIALS,9
IRM,INFORMATION TECHNOLOGY,9
IRMEN,CONSUMER STAPLES,9
IROKINDA,MATERIALS,9
IRS,CONSUMER STAPLES,9
IRS LAZER TEKHNOLODZHI,INDUSTRIALS,9
IRTYSH,CONSUMER STAPLES,9
IRVIN 2,HEALTH CARE,9
IRWIN,HEALTH CARE,9
ISC PETROENGINEERING,ENERGY,9
ISHIMSKII,CONSUMER STAPLES,9
ISHIMSKII VINNO-VODOCHNYI ZAV,CONSUMER STAPLES,9
ISK OOO Kubanskoe,INDUSTRIALS,9
ISKITIMIZVEST',MATERIALS,9
ISKOZH,NOT RELEVANT,9
ISKOZH-INVEST,NOT RELEVANT,9
ISKRA,INFORMATION TECHNOLOGY,9
ISKRA-MED,HEALTH CARE,9
ISKRA-NEFTEGAZ,ENERGY,9
ISLAND CO,CONSUMER STAPLES,9
ISMEEV RINAT ISRAFILOVICH,CONSUMER DISCRETIONARY,9
ISOLA COMPANY,CONSUMER STAPLES,9
ISOMARKET,INDUSTRIALS,9
ISOROC COMPANY WITH FOREIGN INVES,INDUSTRIALS,9
ISPC,INDUSTRIALS,9
ISS,MATERIALS,9
ISSI SPIRITS,CONSUMER STAPLES,9
IST,INDUSTRIALS,9
IST - FARM OBSHCHESTVO S OGRANICH,HEALTH CARE,9
IST DEVELOPMENT,FINANCIALS,9
IST LOGISTIK,INDUSTRIALS,9
IST TREID,INDUSTRIALS,9
IST'INSKII MASHINOSTROITEL'NYI,INDUSTRIALS,9
IST-KOLYMA,MATERIALS,9
ISTEIT,CONSUMER DISCRETIONARY,9
ISTOK PLYUS,CONSUMER STAPLES,9
ISTOK ZSHV,CONSUMER STAPLES,9
IT,CONSUMER STAPLES,9
IT ENERGOFINANCE,INDUSTRIALS,9
IT MED,INDUSTRIALS,9
IT OSOBA,COMMUNICATIONS,9
IT SERVICES,INDUSTRIALS,9
IT SINTEZ,NOT RELEVANT,9
IT SOLUTIONS,INFORMATION TECHNOLOGY,9
"IT TRADE,",INFORMATION TECHNOLOGY,9
IT-INFRA,INFORMATION TECHNOLOGY,9
IT.PHILOSOPHY,INFORMATION TECHNOLOGY,9
ITA AGRO EYKSPORT,CONSUMER STAPLES,9
ITC FINVAL,INDUSTRIALS,9
ITCO,HEALTH CARE,9
ITD,INFORMATION TECHNOLOGY,9
ITDEV LAB,INFORMATION TECHNOLOGY,9
ITECMA,MATERIALS,9
ITELMA,CONSUMER DISCRETIONARY,9
ITERICA,COMMUNICATIONS,9
ITF LENTURBOREMONT,INDUSTRIALS,9
ITG,INFORMATION TECHNOLOGY,9
ITK,INDUSTRIALS,9
ITM,NOT RELEVANT,9
ITS,CONSUMER DISCRETIONARY,9
ITS,ENERGY,9
ITS IRKUTSKEYNERGO,NOT RELEVANT,9
ITS KOMP'YUTERY I SETI,INFORMATION TECHNOLOGY,9
ITS OBEDINENNYE VODNYE TEKHNOLOGI,ENERGY,9
ITT INDUSTRIES RUS,INDUSTRIALS,9
ITTS F1,MATERIALS,9
ITTS IUS,INFORMATION TECHNOLOGY,9
ITTS KARAT,INDUSTRIALS,9
ITTS-TREID,MATERIALS,9
ITZ,MATERIALS,9
IV-PARNAS,CONSUMER DISCRETIONARY,9
IV-SERVIS,INDUSTRIALS,9
IVA-LES,MATERIALS,9
IVANOVSKAYA TEKSTIL'NAYA KOMPANIY,CONSUMER DISCRETIONARY,9
IVI.RU,COMMUNICATIONS,9
IVK MEDIKL,HEALTH CARE,9
IVS-SETI,INFORMATION TECHNOLOGY,9
IZABELLA - C,NOT RELEVANT,9
IZBERDEI,CONSUMER STAPLES,9
IZDAT-CHERNOZEM'E,INDUSTRIALS,9
IZDATEL'SKO-POLIGRAFICHESKOE PRED,REAL ESTATE,9
IZDATEL'STVO AIRIS-PRESS,COMMUNICATIONS,9
IZDATELSKII DOM PROF-PRESS,MATERIALS,9
IZDATELSTVO URAL,REAL ESTATE,9
IZH-TANDEM,CONSUMER DISCRETIONARY,9
IZHEVSK PLASTICS PLANT,MATERIALS,9
IZHNEFTEMASH,ENERGY,9
IZHPLASTINVEST,MATERIALS,9
IZMAILOVO-PREMIUM,CONSUMER DISCRETIONARY,9
IZMALKOVSKII EYLEVATOR,CONSUMER STAPLES,9
IZMAYLOVSKOE,CONSUMER STAPLES,9
IZOL,FINANCIALS,9
IZOLYUKS,INDUSTRIALS,9
IZOVOL AGRO LIMITED LIABILITY COM,CONSUMER STAPLES,9
IZRMV,CONSUMER STAPLES,9
IZSZHB,INDUSTRIALS,9
IZUMRUD,CONSUMER STAPLES,9
IZVA,INDUSTRIALS,9
IZYUMNIKOV KONSTANTIN VLADIMIROVI,ENERGY,9
Icar,CONSUMER DISCRETIONARY,9
Iceberry,CONSUMER STAPLES,9
Icon Lab GmbH,HEALTH CARE,9
Idavang,CONSUMER STAPLES,9
Ikstrim,CONSUMER DISCRETIONARY,9
Ilim,MATERIALS,9
Ilim Gofra,MATERIALS,9
Immukor-Vostok,HEALTH CARE,9
ImpExTrade,INDUSTRIALS,9
Impeks,CONSUMER STAPLES,9
Impex,CONSUMER STAPLES,9
Import,CONSUMER STAPLES,9
ImportLogistik,CONSUMER STAPLES,9
ImpulsPro,CONSUMER STAPLES,9
In-Pro LLc,INFORMATION TECHNOLOGY,9
In-Retail Co.,CONSUMER DISCRETIONARY,9
InSport Pro,CONSUMER DISCRETIONARY,9
Industrial Metallurgical,MATERIALS,9
Indwell,REAL ESTATE,9
Infaprim,CONSUMER STAPLES,9
InfoBip,INFORMATION TECHNOLOGY,9
Infracis Holland,INDUSTRIALS,9
Infralink,INFORMATION TECHNOLOGY,9
Ingate,CONSUMER DISCRETIONARY,9
Ingcoma,CONSUMER DISCRETIONARY,9
Ingrid,CONSUMER STAPLES,9
Initiative Russia,COMMUNICATIONS,9
InjProektStroi,INDUSTRIALS,9
Inkor,CONSUMER DISCRETIONARY,9
Inline technologies,INFORMATION TECHNOLOGY,9
Innospec Rus,MATERIALS,9
Innovation factories,INFORMATION TECHNOLOGY,9
Innovative Education,REAL ESTATE,9
Innovative Technical Center,INDUSTRIALS,9
Inoxpoint Group,MATERIALS,9
Inprom,INDUSTRIALS,9
Insport,CONSUMER DISCRETIONARY,9
Integra-Services,ENERGY,9
Inter RAO,UTILITIES,9
Inter RAO-Electric Power Plants,UTILITIES,9
Inter-S Group,HEALTH CARE,9
Inter-Step,CONSUMER DISCRETIONARY,9
InterMediaGroup Limited Liability,CONSUMER DISCRETIONARY,9
Interbelko,CONSUMER STAPLES,9
Intercomp,INDUSTRIALS,9
Intermetgrup,MATERIALS,9
International,HEALTH CARE,9
International,INDUSTRIALS,9
International,MATERIALS,9
International Airport Irkutsk,INDUSTRIALS,9
International Sodrujes,CONSUMER STAPLES,9
Internet,CONSUMER DISCRETIONARY,9
Interpolis,UTILITIES,18
Intervesp,INDUSTRIALS,9
Intraline,ENERGY,9
Intratool,INDUSTRIALS,9
Inventive Toys,CONSUMER DISCRETIONARY,9
Invertor,INDUSTRIALS,9
Invest Rus,INDUSTRIALS,9
Investgeoservis,ENERGY,9
Investment Company Upper Angara,ENERGY,9
Investments SARL,ENERGY,9
Investprojects,INFORMATION TECHNOLOGY,9
Irekon-Trade,MATERIALS,9
Irkutsk Oil Company,ENERGY,9
Iscar,INDUSTRIALS,9
Iskitimcement,MATERIALS,9
Istra,CONSUMER STAPLES,9
Istra-Nutricia Baby foods,CONSUMER STAPLES,9
Itera Int.Energy,ENERGY,9
Itkul,CONSUMER STAPLES,9
Izhora-Energosbyt,UTILITIES,9
Izolyatsionnyy Trubnyy zavod,MATERIALS,9
J B PLUS S R,INDUSTRIALS,9
J.S.C. ENERPRED,INDUSTRIALS,9
JACOBS DOUWE EGBERTS RUS,CONSUMER STAPLES,9
JADRAN LIMITED LIABILITY,HEALTH CARE,9
JAFAR RUS,INDUSTRIALS,9
JANOSCHKA PAVLOVSK,INDUSTRIALS,9
JCI,INDUSTRIALS,9
JDC MARK-IV,CONSUMER STAPLES,9
JEAN LYON,CONSUMER STAPLES,9
JEDINSTVO INZENJERING MOSKVA,INDUSTRIALS,9
JEELEX,INDUSTRIALS,9
JERKAFARM,CONSUMER STAPLES,9
JEWELLERY WHOLE-SALE CENTRE,NOT RELEVANT,9
JFC,CONSUMER STAPLES,9
JFC GROUP CO.,CONSUMER STAPLES,9
JIP,MATERIALS,9
JML,INDUSTRIALS,9
JOHASTON,CONSUMER DISCRETIONARY,9
JOHNSON JOHNSON,HEALTH CARE,9
JOIN STOCK COMPANY SOCHI INTERNAT,INDUSTRIALS,9
JOIN-STOCK COMPANI Sheshmaoil,ENERGY,9
JOIN-STOCK COMPANY RUDOAVTOMATIKA,INDUSTRIALS,9
JOINT STOCK,INFORMATION TECHNOLOGY,9
JOINT STOCK COMPANY FAMILY DOCTOR,HEALTH CARE,9
JOINT STOCK COMPANY TRANSTELECOM,COMMUNICATIONS,9
JOINT-STOCK COMPANY ARIAL,CONSUMER DISCRETIONARY,9
JOINT-STOCK COMPANY GEOLOGY,ENERGY,9
JOINT-STOCK COMPANY TRANSNEFT-SIB,NOT RELEVANT,9
JONAS-TRAD,CONSUMER STAPLES,9
JONAS-TRADE,CONSUMER STAPLES,9
JRPV RUSFILTER,CONSUMER DISCRETIONARY,9
JS COMPANY LINDOVSKOYE,CONSUMER STAPLES,9
JSC,CONSUMER STAPLES,27
JSC,INDUSTRIALS,18
"JSC, LF and FMP Kirov",NOT RELEVANT,9
JSCL PlastyForm,MATERIALS,9
JSCPPF,CONSUMER STAPLES,9
JSK Maraphon,COMMUNICATIONS,9
JSWMC Tenso-M,INFORMATION TECHNOLOGY,9
JTI,CONSUMER STAPLES,9
JTI Donskoy tabak,CONSUMER STAPLES,9
JTI YELETS,CONSUMER STAPLES,9
JU ANTE,CONSUMER STAPLES,9
JULIA EVDOKIMOVA,REAL ESTATE,9
JULIUS MEINL RUSSLAND,CONSUMER STAPLES,9
JUNIX,INDUSTRIALS,9
JV,INDUSTRIALS,9
JV LLC Sakhalin-Shelf-Service,ENERGY,9
JV MEDIACE Co.,HEALTH CARE,9
JV SYSTEMS,CONSUMER DISCRETIONARY,9
JVK-CIMOLAI,ENERGY,9
Jarkoff,CONSUMER STAPLES,9
Joint Stock,INDUSTRIALS,9
Joint Stock,MATERIALS,9
Joint Stock Company,HEALTH CARE,9
"Joint Stock Company ""The Mordovian",NOT RELEVANT,9
Joint Stock Company BALTKRAN,INDUSTRIALS,9
Joint Stock Company Pride,COMMUNICATIONS,9
Joint stock company Pervouralski,MATERIALS,9
Joint-Stock,INDUSTRIALS,9
Joint-Stock Company FENIX-88,INDUSTRIALS,9
Joint-Stock Company LADA-IMAGE,CONSUMER DISCRETIONARY,9
Joint-Stock Company Suksun,INDUSTRIALS,9
Joint-Stock Company Tion Smart Micr,HEALTH CARE,9
Joint-Venture Zartex,CONSUMER DISCRETIONARY,9
Joint-stock company Art Design+,MATERIALS,9
Jsc Ecooil,CONSUMER STAPLES,9
K,CONSUMER DISCRETIONARY,18
K&K,INDUSTRIALS,9
K'YU-TSENTR,INFORMATION TECHNOLOGY,9
K-EYLEKTROTEKHNIK,INDUSTRIALS,9
K-FLEX,INDUSTRIALS,9
K-GRAND,CONSUMER STAPLES,9
K-INVEST,CONSUMER STAPLES,9
K-LIGHT,INFORMATION TECHNOLOGY,9
K1,CONSUMER DISCRETIONARY,9
K2,CONSUMER STAPLES,9
K2 Integration,INFORMATION TECHNOLOGY,9
KA,INDUSTRIALS,9
KABELSTAR,INDUSTRIALS,9
KABIR,NOT RELEVANT,9
KABOSH,CONSUMER STAPLES,9
KACHESTVA - DOM BRENDOV,CONSUMER STAPLES,9
KADET,CONSUMER STAPLES,18
KADRY,CONSUMER STAPLES,9
KAIROS,CONSUMER DISCRETIONARY,9
KAIZER,CONSUMER STAPLES,9
KAKAO-PRODUKT,CONSUMER STAPLES,9
KAL'TEK,MATERIALS,9
KALACHEEVSKIY,CONSUMER STAPLES,9
KALCHENKO TATYANA VIKTOROVNA,FINANCIALS,9
KALCHENKO VLADIMIR GRIGOREVIC,FINANCIALS,9
KALCHENKO YURII GRIGOREVICH,REAL ESTATE,9
KALDERA,UTILITIES,9
KALENIKOV IGOR NIKOLAEVICH,REAL ESTATE,9
KALINA-AVTO,CONSUMER DISCRETIONARY,9
KALININGRAD,CONSUMER STAPLES,9
KALININGRADCEMENT,MATERIALS,9
KALININGRADGAZIFIKATSIYA,NOT RELEVANT,9
KALININGRADSTROJKOMPLEKT-1,CONSUMER DISCRETIONARY,9
KALININGRADSTROJKOMPLEKT-2,CONSUMER DISCRETIONARY,9
KALININSKOE,CONSUMER STAPLES,9
KALINKA,CONSUMER STAPLES,9
KALIPSO,CONSUMER STAPLES,9
KALITVA-MOLKO I K,NOT RELEVANT,9
KALLISTO VIZHN,INDUSTRIALS,9
KALORIYA,CONSUMER STAPLES,9
KALUGA,INDUSTRIALS,9
KALUGA PLANT,INDUSTRIALS,9
KALUGAGAZSTROI,INDUSTRIALS,9
KALUGAGLAVSNAB,FINANCIALS,9
KALUGIN,INDUSTRIALS,9
KALUGIN STANISLAV ANATOL'EVICH,CONSUMER DISCRETIONARY,9
KALUZHSKII KABELNYI ZAVOD,INDUSTRIALS,9
KALUZHSKII OBLASTNOI VODOKANAL OO,UTILITIES,9
KAMA AGRO,CONSUMER STAPLES,9
KAMA CAPITAL,INDUSTRIALS,9
KAMA TECHNOLOGIES,INFORMATION TECHNOLOGY,9
KAMA- 3,ENERGY,9
KAMAVTOKOMPLEKT,CONSUMER DISCRETIONARY,9
KAMAVTOTSENTR,INDUSTRIALS,9
KAMAZ,INDUSTRIALS,18
KAMAZ PUBLICLY TRADED,INDUSTRIALS,9
KAMCHATKA,CONSUMER STAPLES,9
KAMCHATNEFTEPRODUKT,ENERGY,9
KAMCHATSKENERGO,UTILITIES,9
KAMELIA NPP,NOT RELEVANT,9
KAMENNY MOST,CONSUMER DISCRETIONARY,9
KAMENSK URALSKYI NON FERROS METAL,NOT RELEVANT,9
KAMENSK-AGRO,NOT RELEVANT,9
KAMENSK-LADA,NOT RELEVANT,9
KAMENSKII LDK,MATERIALS,9
KAMENSKIY NEFTEPEREGONNIY ZAV,ENERGY,9
KAMENSKIY TORGOVIY DOM,NOT RELEVANT,9
KAMENSKOE HPP,NOT RELEVANT,9
KAMET,INDUSTRIALS,9
KAMGOLD,MATERIALS,9
KAMINVEST,INDUSTRIALS,9
KAMIT,INDUSTRIALS,9
KAMIT-EYKSPORT,INDUSTRIALS,9
KAMKABEL,INDUSTRIALS,9
KAMKAT,MATERIALS,9
KAMLIT,ENERGY,9
KAMOS-LAIN,INDUSTRIALS,9
KAMP OBSHCHESTVO S OGRANICHENNOI,CONSUMER STAPLES,9
KAMSKAYA NEFTEBASA,NOT RELEVANT,9
KAMSKII BEKON,CONSUMER STAPLES,9
KAMSS,INDUSTRIALS,9
KAMSS-SERVIS,INDUSTRIALS,9
KAMYSHEVATSKI,CONSUMER STAPLES,9
KAN AVTO-7,CONSUMER DISCRETIONARY,9
KANEKS SHAKHTOSTROY,MATERIALS,9
KANEVSKOY KHP,NOT RELEVANT,9
KANEX,MATERIALS,9
KANEX TECHNOLOGY,MATERIALS,9
KANGAROO,MATERIALS,9
KANON-TREID,CONSUMER DISCRETIONARY,9
KANOPUS,CONSUMER DISCRETIONARY,9
KANT,CONSUMER DISCRETIONARY,27
KANTAL',CONSUMER STAPLES,9
KANTAL'-OMK,CONSUMER STAPLES,9
KANTARIS,NOT RELEVANT,9
KANTOROV EVGENII EDUARDOVICH,CONSUMER DISCRETIONARY,9
KANTRISTROI,REAL ESTATE,9
KANTSERNA,CONSUMER DISCRETIONARY,9
KANZBURO,NOT RELEVANT,9
KANZLER,CONSUMER DISCRETIONARY,9
KAPELLA,CONSUMER STAPLES,9
KAPITAL,CONSUMER DISCRETIONARY,9
KAPITAL,CONSUMER STAPLES,9
KAPITAL,MATERIALS,9
KAPITAL,REAL ESTATE,9
KAPITAL-INVEST,NOT RELEVANT,9
KAPITAL-MEDSERVIS,HEALTH CARE,9
KAPITALSITISTROI,REAL ESTATE,9
KAPPA RUS OKULOVKA,MATERIALS,9
KAPRIN,INDUSTRIALS,9
KAPRIS,CONSUMER DISCRETIONARY,9
KAPRUN,CONSUMER DISCRETIONARY,9
KARABASHCOPPER,MATERIALS,9
KARAMEL,CONSUMER DISCRETIONARY,9
KARAT,CONSUMER STAPLES,9
KARAT,MATERIALS,9
KARAT PMK,MATERIALS,9
KARAT-EK,INDUSTRIALS,9
KARAT-SERVIS,INDUSTRIALS,9
KARAVAI,CONSUMER STAPLES,9
KARAVELLA,INDUSTRIALS,9
KARAVELLA OOO TK,CONSUMER STAPLES,9
KARBOGLASS,MATERIALS,9
KARBOKAM,MATERIALS,9
KARBOLIT,MATERIALS,9
KARCHER,CONSUMER DISCRETIONARY,9
KARDINAL,MATERIALS,9
KARDIOMED,HEALTH CARE,9
KAREL'SKAYA INVESTITSIONNAYA KOMP,FINANCIALS,9
KARELIA-UPOFLOOR CIS,INDUSTRIALS,9
KARELIYA PALP,MATERIALS,9
KARELKAMEN,MATERIALS,9
KARELSKY OKATYSH,MATERIALS,9
KARELSTROIMEKHANIZATSIYA AO SPETSIA,INDUSTRIALS,9
KARELVZRYVPROM,MATERIALS,9
KARER PRIMORSKII,INDUSTRIALS,9
KARERNYE MASHINY,INDUSTRIALS,9
KARGO,CONSUMER STAPLES,9
KARGOAEYROBROKER,INFORMATION TECHNOLOGY,9
KARI,CONSUMER DISCRETIONARY,9
KARKAS KOMPLEKT,MATERIALS,9
KARKAS-STROI,INDUSTRIALS,9
KARLOU,MATERIALS,9
KARLSON TOURISM,NOT RELEVANT,9
KARMALA,CONSUMER STAPLES,9
KARNIVAL,NOT RELEVANT,9
KARO FILM,COMMUNICATIONS,9
KARO FILM MANAGEMENT,COMMUNICATIONS,9
KARPOV D.B.,CONSUMER STAPLES,9
KARSINSKOE,CONSUMER STAPLES,9
KARST,INDUSTRIALS,9
KART TREID,MATERIALS,9
KARTON,CONSUMER STAPLES,9
KARTON-POLIGRAF,MATERIALS,9
KARTONSNAB,MATERIALS,9
KAS-OPT,CONSUMER DISCRETIONARY,9
KASCO,INDUSTRIALS,9
KASES,CONSUMER STAPLES,18
KASHIRA ALIMINIUM SMELTING,NOT RELEVANT,9
KASKAD,CONSUMER STAPLES,9
KASPERSKY,INFORMATION TECHNOLOGY,9
KASPERSKY LAB,INFORMATION TECHNOLOGY,9
KASSIYA,CONSUMER STAPLES,9
KASTAMONU INTEGRATED WOOD INDUS,MATERIALS,9
KASTOMS,HEALTH CARE,9
KASTOR,INDUSTRIALS,9
KASTORNOE-AGRO-INVEST,CONSUMER STAPLES,9
KATA,CONSUMER DISCRETIONARY,9
KATA,MATERIALS,9
KATAISKII NASOSNYI,INDUSTRIALS,9
KATEYN,INDUSTRIALS,9
KATREN,HEALTH CARE,9
KATSITADZE NIKOLAI,ENERGY,9
KAUSTIK,MATERIALS,9
KAVAG,INDUSTRIALS,9
KAVKAZ,CONSUMER STAPLES,9
KAVKAZ,INDUSTRIALS,9
KAVKAZKABEL',INDUSTRIALS,9
KAZAKOV VJACESLAV,NOT RELEVANT,9
KAZAN,INDUSTRIALS,9
KAZAN OIL PLANT JOINT STOCK,NOT RELEVANT,9
KAZAN'-SHINTORG,CONSUMER DISCRETIONARY,9
KAZAN'DORSTROI,INDUSTRIALS,9
KAZAN'KOMPRESSORMASH,INDUSTRIALS,9
KAZAN'SEL'MASH,INDUSTRIALS,18
KAZANAVTOTRANS,INDUSTRIALS,9
KAZANEKSPRESS,CONSUMER DISCRETIONARY,9
KAZANEKSPRESS FULFILMENT,CONSUMER DISCRETIONARY,9
KAZANSKAYA MEL'NITSA,CONSUMER STAPLES,9
KAZANSKIE APTEKI,CONSUMER STAPLES,9
KAZBAN KONSTANTIN IGOREVICH,CONSUMER STAPLES,9
KAZDORSTROI,INDUSTRIALS,9
KAZEYNERGO,UTILITIES,9
KB - MEDICAL ALLIANCE,HEALTH CARE,9
KB Strelka,INDUSTRIALS,9
KBK,MATERIALS,9
KBS ASSOCIATES,NOT RELEVANT,9
KBS INTERNATIONAL SA MOSCOW REPRESE,INDUSTRIALS,9
KBZHB,MATERIALS,9
KC STAROPETROVSKOE,INDUSTRIALS,9
KCLT,INDUSTRIALS,9
KD,INDUSTRIALS,9
KD PMK,INDUSTRIALS,9
KD-OIL,ENERGY,9
KDL,HEALTH CARE,9
KDL DOMODEDOVO-TEST,HEALTH CARE,9
KDM,CONSUMER DISCRETIONARY,18
KDTS POLIKLINIKA NA POLYANKE,HEALTH CARE,9
KDTS POLIKLINIKA.RU,HEALTH CARE,9
KDV,CONSUMER STAPLES,9
KDV,NOT RELEVANT,9
KDV-NOVOSIBIRSK,CONSUMER STAPLES,9
KEB AGROPRO,INDUSTRIALS,9
KECHERUKOV MARAT ALAMATOVICH,CONSUMER DISCRETIONARY,9
KECHEVONEFTEPRODUKT,NOT RELEVANT,9
KEDR,NOT RELEVANT,9
KEDR MK,CONSUMER DISCRETIONARY,9
KEDR-FASADY OBSHCHESTVO S,CONSUMER DISCRETIONARY,9
KEDR-SAMARA,ENERGY,9
KEH ECOMMERCE,COMMUNICATIONS,9
KEI RESTORANTS RASHA,CONSUMER DISCRETIONARY,9
KEIP,CONSUMER DISCRETIONARY,9
KEITERINBURG,INDUSTRIALS,18
KEITERING,CONSUMER DISCRETIONARY,9
KELLA PRINT,NOT RELEVANT,9
KELLA-DESIGN,NOT RELEVANT,9
KEMEROVO,CONSUMER STAPLES,9
KEMEROVO CONFECTIONARY COMPLEX,NOT RELEVANT,9
KEMEROVOSPETSSTROI,INDUSTRIALS,9
KEMEROVSKY KHLADOKOMBINAT,NOT RELEVANT,9
KEMIBRIDZH,MATERIALS,9
KEMIRA HIM,MATERIALS,9
KENMER-M,INDUSTRIALS,9
KENPO,INDUSTRIALS,9
KER,INDUSTRIALS,9
KER-ENGINEERING,INDUSTRIALS,9
KERALIT,MATERIALS,9
KERAMAKS - PROFESSIONAL'NYE SVARO,MATERIALS,9
KERAMAX,MATERIALS,9
KERAMIK,MATERIALS,9
KERAMIKA,MATERIALS,9
KERAMIKA,NOT RELEVANT,9
KERAMIN,INDUSTRIALS,9
KERBER,NOT RELEVANT,9
KERUI Oil and Gas,ENERGY,9
KEYMZ,INDUSTRIALS,9
KEYSR,INDUSTRIALS,9
KEZ CHEEZE WORKS,NOT RELEVANT,9
KF Belogorye,CONSUMER STAPLES,9
KF FANTEL,CONSUMER STAPLES,9
KF KREMLINA,CONSUMER STAPLES,9
KFK,INDUSTRIALS,9
KFK,MATERIALS,9
KFKH KRISTALL,CONSUMER DISCRETIONARY,9
KFKH MICHURINSKII,CONSUMER STAPLES,9
KFKH PODMOSKOVNYE NIVY,INDUSTRIALS,9
KFTT,MATERIALS,9
KGIW,MATERIALS,9
KGOK,MATERIALS,9
KGT DOSTAVKA,INDUSTRIALS,9
KGW,INDUSTRIALS,9
KHABAROVSK FUEL CO,INDUSTRIALS,9
KHABAROVSK OIL REFINERY,ENERGY,9
KHABAROVSKDORSNAB,INDUSTRIALS,9
KHABAROVSKIY LVZ,CONSUMER STAPLES,9
KHADO-IMPORT,CONSUMER DISCRETIONARY,9
KHAISSNER.RUS,NOT RELEVANT,9
KHAKADZHINSKOE,MATERIALS,9
KHAKASENERGOSBYT,NOT RELEVANT,9
KHAKASVZRYVPROM,INDUSTRIALS,9
KHAMMER,CONSUMER STAPLES,9
KHANCHEYNEFGAS TECHNIKAI SZÁMLA,NOT RELEVANT,9
KHANTYMANSIYSKNEFTEGEOFIZIKA,ENERGY,9
KHARMENS,MATERIALS,9
KHAROVSKLESPROM,MATERIALS,9
KHAY-TEK MEDIA SISTEMS,INFORMATION TECHNOLOGY,9
KHAYAT KIMYA,CONSUMER STAPLES,9
KHAZOV ANATOLII ANTOLEVICH (IP),INFORMATION TECHNOLOGY,9
KHBK NAVTEKS,CONSUMER DISCRETIONARY,9
KHED POYNT,INFORMATION TECHNOLOGY,9
KHELLMANN DISTRIBYUTOR,INDUSTRIALS,9
KHELPTUMAMA.RU,NOT RELEVANT,9
KHELZFARM,CONSUMER STAPLES,9
KHENDEY-URAL TRAK EYND BAS,CONSUMER DISCRETIONARY,9
KHETTIKH RUS,INDUSTRIALS,9
KHG OSNOVA,ENERGY,9
KHGRP,MATERIALS,9
KHIMAGROMARKETING,MATERIALS,9
KHIMFIRM 1,MATERIALS,9
KHIMGARANT,MATERIALS,9
KHIMICHESKII ZAVOD LUCH PRK,MATERIALS,9
KHIMINDUSTRIYA-INVEST,MATERIALS,9
KHIMIPLAST XX1 TORGOVOE PREDPRIYA,NOT RELEVANT,9
KHIMIYA I LOGISTIKA,MATERIALS,18
KHIMLEKSNAB,CONSUMER DISCRETIONARY,9
KHIMPARTNERY,MATERIALS,9
KHIMPRODUKT,CONSUMER DISCRETIONARY,9
KHIMPROM,MATERIALS,9
KHIMREAKTIVSNAB,MATERIALS,9
KHIMSNAB,MATERIALS,18
KHIMSTALKON-INZHINIRING,INDUSTRIALS,9
KHIMTECO,MATERIALS,9
KHIMTEKHNOLOGII,MATERIALS,9
KHIMTEKHSERVIS,CONSUMER DISCRETIONARY,9
KHIMTEKS,INDUSTRIALS,9
KHIMVOLOKNO,MATERIALS,9
KHIMZASHCHITA,MATERIALS,9
KHINO,INDUSTRIALS,9
KHINO-URAL,CONSUMER DISCRETIONARY,9
KHIRURGIYA GM,HEALTH CARE,9
KHISMATULLIN RAIL' GABDULKHAKOVIC,HEALTH CARE,9
KHK,ENERGY,9
KHK INTRA TUL,INDUSTRIALS,9
KHK NOVOLEKS,INDUSTRIALS,9
KHK SDS-UGOL',ENERGY,9
KHK STANKOINVEST,INDUSTRIALS,9
KHLADOKOMBINAT,NOT RELEVANT,9
KHLEB ZAURALYA,NOT RELEVANT,9
KHLEBNAYA SLEZA,CONSUMER STAPLES,9
KHLEBODAR,CONSUMER STAPLES,9
KHLEBOKOMBINAT,CONSUMER STAPLES,27
KHLEBOKOMBINAT INSKOI,CONSUMER STAPLES,9
KHLEBOKOMBINAT LAVINA,CONSUMER STAPLES,9
KHLEBOKOMBINAT-VOLZHSKII,CONSUMER STAPLES,9
KHLEBOPRODUKT,CONSUMER STAPLES,9
KHLEBOZAVOD 22,CONSUMER STAPLES,9
KHLEBOZAVOD 3,CONSUMER STAPLES,9
KHLEBPOSTAVKA,CONSUMER STAPLES,9
KHLEBZERNOPRODUKT,CONSUMER STAPLES,9
KHO,CONSUMER STAPLES,9
KHODOVYE SISTEMY,MATERIALS,9
KHOLBIT,MATERIALS,9
KHOLDING,CONSUMER STAPLES,9
KHOLDING,INDUSTRIALS,9
KHOLDING EYR-BI-AI,INDUSTRIALS,9
KHOLDING KALININGRADSTROIINVEST,CONSUMER DISCRETIONARY,9
KHOLDING TRIO,CONSUMER STAPLES,9
KHOLOD,CONSUMER STAPLES,9
KHOLODILNIK NR.1,CONSUMER STAPLES,9
KHOROSHIE KOLESA,CONSUMER DISCRETIONARY,9
KHOUP,CONSUMER STAPLES,9
KHOZYAIN,CONSUMER STAPLES,9
KHRIPUNOV I K,INDUSTRIALS,9
KHRS-SNABZENIE,MATERIALS,9
KHSK,MATERIALS,9
KHUBERGRUP RUS,NOT RELEVANT,9
KHUDOZHESTVENNAYA GALANTEREYA OJS,NOT RELEVANT,9
KHUTOROK,CONSUMER STAPLES,9
KIA CENTER SURGUT,CONSUMER DISCRETIONARY,9
KIABILITY COMPANY TMR IMPOR,CONSUMER DISCRETIONARY,9
KID TRADE,CONSUMER DISCRETIONARY,9
KIMSTRO,INDUSTRIALS,9
KING,CONSUMER STAPLES,9
KINOCENTER RUBIN,CONSUMER DISCRETIONARY,9
KINOTEATRI NOVOGO POKOLENIA,CONSUMER DISCRETIONARY,9
KIP-ELEKTROMONTAZH,INDUSTRIALS,9
KIP-EYLEKTROMONTAZH,INDUSTRIALS,9
KIRANKAN,MATERIALS,9
KIROV ARTIFICIAL LEATHER,MATERIALS,9
KIROVPAPER,MATERIALS,9
KIROVSKAYA MOLOCHNAYA,CONSUMER STAPLES,9
KIROVSKII,CONSUMER STAPLES,9
KIROVSKY ZAVOD,MATERIALS,9
KIROVSNABSERVICE,NOT RELEVANT,9
KIROVSNABSERVIS FIRMA,NOT RELEVANT,9
KISELEVSKY,ENERGY,9
KISTEREV VITALII VALENTINOVICH,CONSUMER STAPLES,9
KIVACH CLINIC,HEALTH CARE,9
KIVI,CONSUMER STAPLES,9
KIZILOVA MARINA ALEKSANDROVNA,NOT RELEVANT,9
KK CHERNOGORSKIY,CONSUMER STAPLES,9
KKC,INDUSTRIALS,9
KKH,CONSUMER STAPLES,9
KKHK AO KRASNODONSKOE,CONSUMER STAPLES,9
KKHP,CONSUMER STAPLES,9
KKHP TIKHORETSKII,CONSUMER STAPLES,9
KKHPS,CONSUMER STAPLES,9
KKO VOS,HEALTH CARE,9
KKT,INDUSTRIALS,9
KKU,MATERIALS,9
KKU KTZ,INDUSTRIALS,9
KKZ,INDUSTRIALS,9
KLARUS,REAL ESTATE,9
KLASSIK,INDUSTRIALS,9
KLASSIKA,CONSUMER STAPLES,9
KLASSIKA-TREID,CONSUMER DISCRETIONARY,9
KLAUE RIVETS,INDUSTRIALS,9
KLAUTO,INDUSTRIALS,9
KLEVER,CONSUMER STAPLES,9
KLEVER,INDUSTRIALS,9
KLEYZ - ASTAR,MATERIALS,9
KLIMAOPREMA,INDUSTRIALS,9
KLIN-FARMAGLASS,HEALTH CARE,9
KLIN-KOMPLEKS-RU,INDUSTRIALS,9
KLINIKA INNOVATSIONNOI KOSMET,HEALTH CARE,9
KLINKOM,INDUSTRIALS,9
KLIPER,CONSUMER STAPLES,9
KLIVER,ENERGY,9
KLONDAIK,INDUSTRIALS,18
KLOOS VOSTOK,INDUSTRIALS,9
KLS-KHIMKI,REAL ESTATE,9
KLUBNY DOM,INDUSTRIALS,9
KLYUCH,CONSUMER DISCRETIONARY,9
KLYUCH,NOT RELEVANT,9
KM,CONSUMER STAPLES,9
KM-,INDUSTRIALS,9
KM-STROI,INDUSTRIALS,9
KM-TSENTR,INDUSTRIALS,9
KMARUDA,MATERIALS,9
KMEZ,MATERIALS,9
KMF EVRAZMET,MATERIALS,9
KMK,CONSUMER STAPLES,27
KMK,INDUSTRIALS,9
KMK SETI-MAKS,INDUSTRIALS,9
KMK TEMPO AO.,MATERIALS,9
KMO,MATERIALS,9
KMP,CONSUMER DISCRETIONARY,9
KMPU,INDUSTRIALS,9
KMPU 7,INDUSTRIALS,9
KMPZ DEIMA,NOT RELEVANT,9
KMZ,INDUSTRIALS,18
KMZKO,INDUSTRIALS,9
KN EYLEKTRONIKS,CONSUMER STAPLES,9
KNILE,MATERIALS,9
KNOW HOW,CONSUMER DISCRETIONARY,9
KNPTS IVA,CONSUMER DISCRETIONARY,9
KNSS,ENERGY,18
KNUTAREV,MATERIALS,9
KNYAZHPOGOSTSKII ZAVOD DVP,MATERIALS,9
KO,CONSUMER STAPLES,9
KO,INFORMATION TECHNOLOGY,9
KO Ljubimiy Kray,CONSUMER STAPLES,9
KOCHOROV OLEG BORISOVICH,CONSUMER STAPLES,9
KODI-MARKET,CONSUMER DISCRETIONARY,9
KOF PALITRA,CONSUMER DISCRETIONARY,9
KOFE,CONSUMER DISCRETIONARY,9
KOFE KHAUS,CONSUMER DISCRETIONARY,9
KOFEINAYA KOMPANIYA VOKRUG SVETA,CONSUMER STAPLES,9
KOKS,MATERIALS,9
KOKS FINANCE,MATERIALS,9
KOKSHAROV ANDREI VLADIMIROVICH,CONSUMER DISCRETIONARY,9
KOKSOKHIMMONTAZH,ENERGY,9
KOKSOVAYA,MATERIALS,9
KOKUR,CONSUMER STAPLES,9
KOL'TSO-1,NOT RELEVANT,9
KOLEDINO,REAL ESTATE,9
KOLIBRI,CONSUMER DISCRETIONARY,9
KOLKHOZ IM.BEKEREVA,NOT RELEVANT,9
KOLMAR,MATERIALS,9
KOLOBOV GROUP,CONSUMER DISCRETIONARY,9
KOLOBOX,CONSUMER DISCRETIONARY,9
KOLOMENSKY,INDUSTRIALS,9
KOLOR CHLZ,MATERIALS,9
KOLOS YUG-AGROTRADE,CONSUMER STAPLES,9
KOLOSS,CONSUMER STAPLES,9
KOLPINSKII TRUBNYI,MATERIALS,9
KOLTSO,CONSUMER STAPLES,9
KOLTSOVO AIRPORT EKATERINBURG,NOT RELEVANT,9
KOLVAOIL,ENERGY,9
KOLVY,CONSUMER STAPLES,9
KOLYMANEFTEPRODUKT,ENERGY,9
KOLYMAVZRYVPROM,MATERIALS,9
KOMAGROPROM,CONSUMER STAPLES,9
KOMANDOR TN,CONSUMER STAPLES,9
KOMAROVSKOE,INDUSTRIALS,9
KOMBAT,INDUSTRIALS,9
KOMBIKORMOVY ZAVOD LETO,CONSUMER STAPLES,9
KOMBIKORMOVYI ZAVOD,CONSUMER STAPLES,9
KOMBINAT DUBKI,CONSUMER STAPLES,9
KOMBINAT LUBERETSKIYE KOVRY,CONSUMER DISCRETIONARY,9
KOMBINOVA TEPLOTEKHNIKA,INDUSTRIALS,9
KOMBIS,CONSUMER STAPLES,9
KOMBIT INZHINIRING,ENERGY,9
KOMEK MACHINERY,INDUSTRIALS,9
KOMETA,CONSUMER STAPLES,18
KOMFORT,CONSUMER DISCRETIONARY,9
KOMI DOROZHNAYA KOMPANIYA,INDUSTRIALS,9
KOMI TEPLOVAYA KOMPANIYA,UTILITIES,9
KOMIENERGOSBYTOVAYA KOMPANIYA,UTILITIES,9
KOMILESAVTOSNAB,MATERIALS,9
KOMILESBIZNES,MATERIALS,9
KOMINEFTEGEOFIZIKA,ENERGY,9
KOMIS LIMITED LIABILITY,INDUSTRIALS,9
KOMITAS,INFORMATION TECHNOLOGY,18
KOMMERSANT,COMMUNICATIONS,9
KOMMUNAL'NYE SISTE,UTILITIES,9
KOMMUNAL'SHCHIK,INDUSTRIALS,9
KOMMUNALNYE SISTEM,UTILITIES,9
KOMNEDRA,ENERGY,9
KOMOS,CONSUMER STAPLES,18
KOMOS,INDUSTRIALS,9
KOMOS-LOGISTIKA,CONSUMER STAPLES,9
KOMPAKT,INDUSTRIALS,9
KOMPANI OBSHCHESTVO S OGRANICH,INFORMATION TECHNOLOGY,9
KOMPANIA PRICE,ENERGY,9
KOMPANII ARMAGAZ,INDUSTRIALS,9
KOMPANII DEMIDOV,INDUSTRIALS,9
KOMPANII EKS,INDUSTRIALS,9
KOMPANII RADALINI INVESTMENTS LIMIT,NOT RELEVANT,9
KOMPANII REGION-RESURS,CONSUMER STAPLES,9
KOMPANII ROSAVTOMATIZATSIY,ENERGY,9
KOMPANII S7,INDUSTRIALS,9
KOMPANII TRIO,CONSUMER STAPLES,9
KOMPANIY AVTOMIR,CONSUMER DISCRETIONARY,9
KOMPANIY PLANETA,CONSUMER STAPLES,9
KOMPANIY PROMTEKH,ENERGY,9
KOMPANIYA,CONSUMER DISCRETIONARY,9
KOMPANIYA,CONSUMER STAPLES,18
KOMPANIYA,HEALTH CARE,9
KOMPANIYA,INDUSTRIALS,54
KOMPANIYA AGROROS,CONSUMER STAPLES,9
KOMPANIYA AK,INDUSTRIALS,9
KOMPANIYA AMADEOS,CONSUMER DISCRETIONARY,9
KOMPANIYA B I K,CONSUMER DISCRETIONARY,9
KOMPANIYA CHISTAYA VODA,NOT RELEVANT,9
KOMPANIYA DIA,INDUSTRIALS,9
KOMPANIYA EKO,INDUSTRIALS,9
KOMPANIYA EYNERGOMA,INDUSTRIALS,9
KOMPANIYA KAMPIVO,CONSUMER STAPLES,9
KOMPANIYA KONDITERSKII,CONSUMER STAPLES,9
KOMPANIYA KREDO,CONSUMER STAPLES,9
KOMPANIYA KREDOS,CONSUMER STAPLES,9
KOMPANIYA M7,INDUSTRIALS,9
KOMPANIYA MARIYA-TRAYD,INDUSTRIALS,9
KOMPANIYA MAVT,CONSUMER STAPLES,9
KOMPANIYA NORDINKRAFT,INDUSTRIALS,9
KOMPANIYA NOVOPETROVSKA,CONSUMER STAPLES,9
KOMPANIYA OLIMP,INDUSTRIALS,9
KOMPANIYA PARNAS,CONSUMER STAPLES,9
KOMPANIYA POLTAVSKAYA,CONSUMER STAPLES,9
KOMPANIYA PREMER,CONSUMER STAPLES,9
KOMPANIYA RATIBOR,CONSUMER STAPLES,9
KOMPANIYA SAMOTSVET,CONSUMER STAPLES,9
KOMPANIYA SPETSTRAN,INDUSTRIALS,9
KOMPANIYA START,CONSUMER STAPLES,9
KOMPANIYA STAVILON,CONSUMER DISCRETIONARY,9
KOMPANIYA STS,INDUSTRIALS,9
KOMPANIYA URALAKTIV,HEALTH CARE,9
KOMPANIYA VEKTOR,NOT RELEVANT,9
KOMPAS ZDOROVYA,CONSUMER STAPLES,9
KOMPLECTSTROY,MATERIALS,9
KOMPLEKS,CONSUMER STAPLES,9
KOMPLEKS,INDUSTRIALS,9
KOMPLEKS,NOT RELEVANT,9
KOMPLEKS RASSVET,CONSUMER STAPLES,9
KOMPLEKS-AGRO,CONSUMER STAPLES,9
KOMPLEKSNOE SNABZHENIE,ENERGY,9
KOMPLEKTATSIYA,ENERGY,9
KOMPLEKTMONTAZHSTROI,ENERGY,9
KOMPLEKTNAVIGATOR,INDUSTRIALS,9
KOMPLEKTNAVIGATOR TK,INDUSTRIALS,9
KOMPLIT TSENTR,INFORMATION TECHNOLOGY,9
KOMPONENTA,INDUSTRIALS,9
KOMPONIT,MATERIALS,9
KOMSERVIS,CONSUMER STAPLES,9
KOMTEKHCENTRE,COMMUNICATIONS,9
KOMTRADE,CONSUMER DISCRETIONARY,9
KOMUS,CONSUMER DISCRETIONARY,9
KOMUS-PETERBURG OBSHCHESTVO S,CONSUMER DISCRETIONARY,9
KOMUS-R2,CONSUMER DISCRETIONARY,9
KOMUS-VOLGA OBSHCHESTVO S,CONSUMER DISCRETIONARY,9
KOMYAKOV ANDREI GENNADEVICH,INDUSTRIALS,9
KONAR,ENERGY,18
KONAR-ORION,ENERGY,9
KONCERN LIDER,MATERIALS,9
KONDITER PROFI,CONSUMER STAPLES,9
KONDITERSKII DOM SLADA,CONSUMER STAPLES,9
KONDRATYEVSKY,NOT RELEVANT,9
KONDTROL,INDUSTRIALS,9
KONDTROL',INDUSTRIALS,9
KONGRESS,NOT RELEVANT,9
KONICA MINOLTA PHOTO IMAGING EURO,NOT RELEVANT,9
KONKORD,INDUSTRIALS,9
KONSALTING,INFORMATION TECHNOLOGY,9
KONSALTSERVIS,CONSUMER STAPLES,9
KONSERV-TREID,MATERIALS,9
KONSERVNOE PREDPRIYATIE RUSSKOE P,CONSUMER STAPLES,9
KONSERVSUSHPROD,CONSUMER STAPLES,9
KONSTANTA,REAL ESTATE,9
KONSTANTA TORG,CONSUMER DISCRETIONARY,9
KONSTANTA-T,REAL ESTATE,9
KONSTRUKTSII,INDUSTRIALS,9
KONTAKT-77,CONSUMER STAPLES,9
KONTAKT-S,ENERGY,9
KONTEKH I K,INDUSTRIALS,9
KONTI-RUS,CONSUMER STAPLES,9
KONTINENT,CONSUMER DISCRETIONARY,9
KONTINENT-AGRO,CONSUMER STAPLES,9
KONTINENT-KULINARIYA,CONSUMER DISCRETIONARY,9
KONTINENTAL,CONSUMER STAPLES,9
KONTOKONSULTING,INDUSTRIALS,9
KONTROL LIZING,INDUSTRIALS,9
KONTROL' DOSTUPA,INDUSTRIALS,9
KONTROLNYI PAKET,MATERIALS,9
KONTRPOL PLYUS,CONSUMER STAPLES,9
KONTSERN MITMOND,CONSUMER STAPLES,9
KONTUR,CONSUMER STAPLES,9
KONTUR PF ZAO,INFORMATION TECHNOLOGY,9
KONTUR PK,INDUSTRIALS,9
KONTUR-M,ENERGY,9
KONVEIERNOGO OBORUDOVANIYA GO,INDUSTRIALS,9
KONVEIERNYE SISTEMY GORNYAK,INDUSTRIALS,9
KONVERTER,INDUSTRIALS,9
KONVEYD-BROKER,INDUSTRIALS,9
KONVEYOR,CONSUMER STAPLES,9
KOPAKING TSENTR,INDUSTRIALS,9
KOPEIKA TRADE HOUSE,NOT RELEVANT,9
KOPEIKA-DEVELOPMENT,NOT RELEVANT,9
KOPEIKA-MOSCOW,CONSUMER STAPLES,9
KOPEIKA-POVOLZHIE,NOT RELEVANT,9
KOPIR,INDUSTRIALS,9
KOPITANIYA,CONSUMER STAPLES,9
KOPYTIN ALEKSEI VALENTINOVICH IP,INDUSTRIALS,9
KORABELNOE DELO,CONSUMER DISCRETIONARY,9
KORABLIK,CONSUMER DISCRETIONARY,9
KORABLIK-R,CONSUMER DISCRETIONARY,9
KORALL-M,HEALTH CARE,9
KORANDO SHAKHTY,CONSUMER DISCRETIONARY,9
KORDIM,HEALTH CARE,9
KORDINVEST,MATERIALS,9
KORDSTAR,CONSUMER DISCRETIONARY,9
KOREATREID,CONSUMER STAPLES,9
KOREISKIE AVTOMOBILI,CONSUMER DISCRETIONARY,9
KOREYS,INDUSTRIALS,9
KORF,INDUSTRIALS,9
KORMELL,INDUSTRIALS,9
KORMIN,MATERIALS,9
KORNIYASHIK ALEKSEI,CONSUMER DISCRETIONARY,9
KOROL DIVANOV,CONSUMER DISCRETIONARY,9
KOROLEVSKAYA VODA,CONSUMER STAPLES,9
KOROLEVSKII TRUBNYI ZAVOD,MATERIALS,9
KOROLEVSKOE,MATERIALS,9
KORONA - BKZ,CONSUMER STAPLES,9
KOROS,MATERIALS,9
KOROS COMPANY,MATERIALS,9
KOROUND,INDUSTRIALS,9
KORP SOFT,INFORMATION TECHNOLOGY,9
KORPORACIYA ENERGOMASHEXPORT,INDUSTRIALS,9
KORPORATIVNYI UNIVERSITET RZHD AN,INDUSTRIALS,9
KORPORATSIYA DNK,COMMUNICATIONS,9
KORPORATSIYA GRUMANT,INFORMATION TECHNOLOGY,9
KORPORATSIYA MALKOM,MATERIALS,9
KORPORATSIYA MSP,FINANCIALS,9
KORPORATSIYA SKEYSS,INDUSTRIALS,9
KORPORATSIYA STS,UTILITIES,9
KORS,HEALTH CARE,9
KORSHYNOV MINING PLANT PUBLIC JOI,MATERIALS,9
KORSSIS,NOT RELEVANT,9
KORTES TRAVEL,NOT RELEVANT,9
KORUND-CN,MATERIALS,9
KORVUS,INDUSTRIALS,9
KORVUS YUG,CONSUMER STAPLES,9
KORYAKGEOLDOBYTCHA,NOT RELEVANT,9
KOSHKINSKOE,INDUSTRIALS,18
KOSMETIK,CONSUMER DISCRETIONARY,9
KOSMETIK,CONSUMER STAPLES,9
KOSMOL,CONSUMER STAPLES,18
KOSMOS GOSTINICHNYI KOMPLEKS,NOT RELEVANT,9
KOSMOS SITI,INDUSTRIALS,9
KOSMOTREID,CONSUMER STAPLES,9
KOSTROMAINVEST,NOT RELEVANT,9
KOSTROMSKAYA SBYTOVAYA,UTILITIES,18
KOSTROMSKOI KRAKHMALO-PATOCHNYI Z,CONSUMER STAPLES,9
KOTEL'NOE OBORUDOVANIE I TRUBOPROVO,MATERIALS,9
KOUDIJS MKORMA,CONSUMER STAPLES,18
KOULMEYN GRUP,INDUSTRIALS,9
KOVCHEG,INDUSTRIALS,9
KOVCHEG,NOT RELEVANT,9
KOVROTEX,CONSUMER DISCRETIONARY,9
KOVROVLESPROM,MATERIALS,9
KOVROVY DVOR,CONSUMER DISCRETIONARY,9
KOZADAEV ANDREI ALEKSEEVICH,HEALTH CARE,9
KOZHA,CONSUMER DISCRETIONARY,9
KOZLOVSKII SERGEI NIKOLAEVICH,CONSUMER STAPLES,9
"KOZMINO PORT,",ENERGY,9
KPD,CONSUMER STAPLES,9
KPD MSK,CONSUMER STAPLES,9
KPI,INDUSTRIALS,9
KPPK,INDUSTRIALS,9
KPS-Ural,CONSUMER STAPLES,18
KR PROM,INDUSTRIALS,9
KRAEVOI URALAVTOTSENTR,INDUSTRIALS,9
KRAFTER,INDUSTRIALS,9
KRAFTER-CENTR,INDUSTRIALS,9
KRAFTER-TSFO,INDUSTRIALS,9
KRAFTHEINZ VOSTOK,CONSUMER STAPLES,9
KRAFTINVEST,NOT RELEVANT,9
KRAFTTRANS,INDUSTRIALS,9
KRAFTTRANS ATLAS,INDUSTRIALS,9
KRAFTWAY CORPORATION PLC,INFORMATION TECHNOLOGY,9
KRANCOMPANY,INDUSTRIALS,9
KRANEKS LIZING,INDUSTRIALS,9
KRASAVIN S.Y.,NOT RELEVANT,9
KRASEKO,UTILITIES,9
KRASGAZSERVIS,CONSUMER DISCRETIONARY,9
KRASIVO PRO,CONSUMER STAPLES,9
KRASKI KUBANI,MATERIALS,9
KRASKI KVIL,MATERIALS,9
KRASKI NIPOL,MATERIALS,18
KRASMK,INDUSTRIALS,9
KRASNIY KOTELSHCHIK TKZ,INDUSTRIALS,9
KRASNOARMEISKOE,INDUSTRIALS,9
KRASNOBORSK-LES,MATERIALS,9
KRASNODAR-SKAN,INDUSTRIALS,9
KRASNODARAGROALLIANCE,INDUSTRIALS,9
KRASNODARSTROITRANSGAZ,NOT RELEVANT,9
KRASNODARTEPLOENERGO,NOT RELEVANT,9
KRASNODARZERNOPRODUKT,CONSUMER STAPLES,9
KRASNODARZERNOPRODUKT,NOT RELEVANT,9
KRASNODEREVTSHIK EJPP,CONSUMER DISCRETIONARY,9
KRASNODONSKAYA,CONSUMER STAPLES,9
KRASNOKAMSKII RMZ,MATERIALS,9
KRASNOLENINSKII NEFTEPERERABATYVA,ENERGY,9
KRASNOYARSK,INDUSTRIALS,9
KRASNOYARSK ZERNO,CONSUMER STAPLES,9
KRASNOYARSKGAZPROM NEFTEGAZPROEKT,ENERGY,9
KRASNOYARSKII TREST INZHENERNO-,INDUSTRIALS,9
KRASNOYARSKIY VODOCHNIY ZAVOD,CONSUMER STAPLES,9
KRASNOYARSKOE MONTAZHNOE UPRAVLEN,INDUSTRIALS,9
KRASNOYARSKY AIRLINES,NOT RELEVANT,9
KRASNOYARSKY CEMENT,MATERIALS,9
KRASNOYARUZHSKII SAKHARNIK,CONSUMER STAPLES,9
KRASNY VOSTOK,CONSUMER STAPLES,9
KRASNYJ OCTYABR,CONSUMER STAPLES,9
KRASNYJ YAKOR,INDUSTRIALS,9
KRASNYY MAYAK,CONSUMER STAPLES,9
KRASO,MATERIALS,9
KRASOK VOSTOK,CONSUMER DISCRETIONARY,9
KRASOPERGRUZ,INDUSTRIALS,9
KRASPAB,CONSUMER DISCRETIONARY,9
KRASPAN,INDUSTRIALS,9
KRASPAN-M,INDUSTRIALS,9
KRASPISCHEPROM,CONSUMER STAPLES,9
KRASPTM,INDUSTRIALS,9
KRASTKOM,INFORMATION TECHNOLOGY,9
KRASTSVETMET,MATERIALS,9
KRBASHYAN GARABED ARTUROVICH,CONSUMER DISCRETIONARY,9
KRC EFKO-Kaskad,CONSUMER STAPLES,9
KREDO,CONSUMER STAPLES,9
KREDO,MATERIALS,9
KREDO-PAK,MATERIALS,9
KREDOS,CONSUMER STAPLES,18
KREISEL RUS,INDUSTRIALS,9
KREISS,INDUSTRIALS,9
KREISS-VOSTOK LIMITED LIABILITY,INDUSTRIALS,9
KREPEZH-NEVA,INDUSTRIALS,9
KREPKIY ORESHEK,CONSUMER STAPLES,9
KREPOST,NOT RELEVANT,9
KREPOST',CONSUMER STAPLES,18
KREPOST-SIRIUS,NOT RELEVANT,9
KREPS,MATERIALS,9
KRESTYANKA,CONSUMER STAPLES,9
KRET,CONSUMER STAPLES,9
KREWEL MEUSELBACH,HEALTH CARE,9
KREZOL-NEFTESERVIS,ENERGY,9
KRIOBAK,INDUSTRIALS,9
KRIPTON,CONSUMER STAPLES,18
KRISTALL,CONSUMER DISCRETIONARY,9
KRISTALL,CONSUMER STAPLES,9
KRISTALL,MATERIALS,9
KRISTANVAL'-MENEDZHMENT,INDUSTRIALS,9
KRISTINA-2000,CONSUMER STAPLES,9
KRISTOFER,INDUSTRIALS,18
KRISTOFER-SERVIS,INDUSTRIALS,9
KRIVONOGOV SERGEI ANATOL'EVICH,CONSUMER DISCRETIONARY,9
KRIVOSHCHEKOV NIKITA ALEKSANDROVI,INDUSTRIALS,9
KRIVSKOE,CONSUMER STAPLES,9
KRKA Rus,HEALTH CARE,9
KROKMART,CONSUMER DISCRETIONARY,9
KROKMART- PROIZVODSTVO,CONSUMER DISCRETIONARY,9
KROKMART-MSK,CONSUMER DISCRETIONARY,9
KROKUS-L,FINANCIALS,9
KROMEKSPO-N,CONSUMER STAPLES,9
KRON,CONSUMER STAPLES,9
KRONA,MATERIALS,18
KRONA ENGINEERING,NOT RELEVANT,9
KRONA-VOSTOK,MATERIALS,9
KRONOS,CONSUMER DISCRETIONARY,9
KRONOS-AVTO,CONSUMER DISCRETIONARY,9
KRONOSPAN,MATERIALS,9
KRONSHTADT,INDUSTRIALS,9
KRONSHTADT,INFORMATION TECHNOLOGY,9
KROSS MARKET,NOT RELEVANT,9
KROVEL'NYI TSENTR,MATERIALS,9
KROVLYA I IZOLYATSIYA,INDUSTRIALS,9
KROVLYA I IZOLYATSIYA,MATERIALS,9
KROVSNAB,NOT RELEVANT,9
KROVTEKHSNAB,INDUSTRIALS,9
KROVTEX,NOT RELEVANT,9
KRT,MATERIALS,9
KRU OVERSEAS,ENERGY,9
KRUTOI BEREG,CONSUMER DISCRETIONARY,9
KRYLATKA,INDUSTRIALS,9
KRYM,CONSUMER STAPLES,9
KS KHOLDINGOVAYA KOMPANIYA,INDUSTRIALS,9
KS MOTORS,CONSUMER DISCRETIONARY,9
KS-BILD,INDUSTRIALS,9
KS-DEALING,INDUSTRIALS,9
KS-Montazh,INDUSTRIALS,9
KS-RUS,INDUSTRIALS,9
KS-SREDA,CONSUMER STAPLES,9
KSC,INDUSTRIALS,9
KSEN,UTILITIES,9
KSI,ENERGY,9
KSIL,CONSUMER DISCRETIONARY,9
KSIL PC INFLECKS J.S.C,INDUSTRIALS,9
KSILOTEK-SIBIR',MATERIALS,9
KSK,NOT RELEVANT,9
KSM-14,MATERIALS,9
KSM-14 PLYUS,MATERIALS,9
KSP STEEL TRADING HOUSE,INDUSTRIALS,9
KSS RUS,MATERIALS,9
KST,CONSUMER DISCRETIONARY,9
KSTE WOSTOK Gmbh,HEALTH CARE,9
KTK,NOT RELEVANT,9
KTM,INDUSTRIALS,9
KTS Merletto,CONSUMER STAPLES,9
KTS STD,NOT RELEVANT,9
KTSIP ALGORITM,INDUSTRIALS,9
KTSK ARONAP,CONSUMER STAPLES,9
KTSSR,HEALTH CARE,18
KTSV,INDUSTRIALS,9
KTT SERVICE,INDUSTRIALS,9
KTT-DOMODEDOVO,INDUSTRIALS,9
KTT-INVEST,INDUSTRIALS,9
KTZ,MATERIALS,9
KTZHB,INDUSTRIALS,9
KUBAN,CONSUMER STAPLES,27
KUBAN,UTILITIES,9
KUBAN OOO APF,CONSUMER STAPLES,9
KUBAN PLUS,NOT RELEVANT,9
KUBAN'AGRO-2010,CONSUMER STAPLES,9
KUBAN'OPTPRODTORG,CONSUMER STAPLES,9
KUBAN'TEKHGAZ,NOT RELEVANT,9
KUBAN-DON-AGRO,CONSUMER STAPLES,9
KUBAN-LADA,NOT RELEVANT,9
KUBAN-TEA,CONSUMER STAPLES,9
KUBAN-TEKS,INDUSTRIALS,9
KUBAN-VINO,CONSUMER STAPLES,9
KUBANAVTOMOST,INDUSTRIALS,9
KUBANFARFOR,CONSUMER DISCRETIONARY,9
KUBANGRUZSERVIS,INDUSTRIALS,9
KUBANGRUZSTROY,INDUSTRIALS,9
KUBANI,CONSUMER STAPLES,27
KUBANOCHKA,CONSUMER STAPLES,9
KUBNYA,CONSUMER STAPLES,9
KUCHUKTERMINAL,INDUSTRIALS,9
KUDRYASHOVSKII MYASOKOMBINAT,CONSUMER STAPLES,9
KUDRYASHOVSKOE,CONSUMER STAPLES,9
KUIBYSHEVAZOT,MATERIALS,9
KUIBYSHEVSKAYA DOROZHNAYA,INDUSTRIALS,9
KUIBYSHEVTELEKOM-METROLOGIYA,ENERGY,9
KUL'TBYTSTROI,INDUSTRIALS,9
KUL'TURA,CONSUMER STAPLES,9
KULDUR BRUCITE MINE COMPANY,MATERIALS,9
KULEBAKSKY TRADE HOUSE,NOT RELEVANT,9
KULENOK GALINA ALEKSANDROVNA /IP/,INDUSTRIALS,9
KULON ESTATE,NOT RELEVANT,9
KULTURNYI TSENTR ELEKTRONIKA,CONSUMER STAPLES,9
KUMER COMPANY,CONSUMER STAPLES,9
KUNGURSKIY,CONSUMER STAPLES,9
KUNTSEVO,CONSUMER STAPLES,9
KUPAVINSKOE,INDUSTRIALS,9
KUPER,ENERGY,9
KUPETS K,NOT RELEVANT,9
KUPISHOES,CONSUMER DISCRETIONARY,9
KURAZH,CONSUMER STAPLES,9
KURER,INDUSTRIALS,9
KURER-REGION STOLITSA,INDUSTRIALS,9
KURGAN BENTONITE,MATERIALS,9
KURGANDORMASH,INDUSTRIALS,9
KURGANFARMATSIYA,CONSUMER STAPLES,9
KURGANKHIMMASH,ENERGY,9
KURGANMASHZAVOD,INDUSTRIALS,9
KURGANSEMENA,CONSUMER STAPLES,18
KURGANSKAJA,UTILITIES,9
KURGANSTALMOST,MATERIALS,9
KURNIKOV,CONSUMER STAPLES,9
KURORTNYE,CONSUMER DISCRETIONARY,9
KURORTY URALA TD,INDUSTRIALS,9
KUROVSKOYE COOPERATIVE SOCIETY,NOT RELEVANT,9
KURS-LOGISTIKA,CONSUMER DISCRETIONARY,9
KURSK AGRO PRODUKT,CONSUMER STAPLES,9
KURSK-AGRO,CONSUMER STAPLES,9
KURSKAYA KHLEBNAYA B,CONSUMER STAPLES,9
KURSKII KHLADOKOMBINAT,CONSUMER STAPLES,9
KURSKOE MOLOKO,CONSUMER STAPLES,9
KURSKSAKHARPROM,CONSUMER STAPLES,9
KURT,MATERIALS,9
KURT I K,MATERIALS,9
KUVERT,MATERIALS,9
KUZBASS,MATERIALS,9
KUZBASS ENERGO STOCK COMPANY OF,UTILITIES,9
KUZBASSENERGO,UTILITIES,9
KUZBASSFARMA,HEALTH CARE,9
KUZBASSKAYA TOPLIVNAYA COM,ENERGY,9
KUZBASSKAYA TOPLIVNAYA COMPANY PU,ENERGY,9
KUZBASSKOE VAGONOREMONTNOE,INDUSTRIALS,9
KUZBASSLEASING,ENERGY,9
KUZBASSOPT,CONSUMER STAPLES,9
KUZBASSRAZREZUGOL,NOT RELEVANT,9
KUZBASSSTROIMONTAZH,MATERIALS,9
KUZBASSTOPLIVOSBYT,ENERGY,9
KUZBASSTRANSCEMENT,MATERIALS,9
KUZBASSVYAZUGOL,MATERIALS,9
KUZHEL',CONSUMER STAPLES,9
KUZMICZ MICHAL,NOT RELEVANT,9
KUZNETSKIE FERROSPLAVY,MATERIALS,9
KUZNETSKII,INDUSTRIALS,18
KUZNETSOV I.V.,CONSUMER STAPLES,9
KUZNETSOVSKI INTEGRATED,CONSUMER STAPLES,9
KUZNITSA,NOT RELEVANT,9
KUZOVLEV IVAN GENNADIYEVICH IEN,NOT RELEVANT,9
KV,INDUSTRIALS,9
KVADRAT-S,HEALTH CARE,9
KVADRATNYI METR,CONSUMER DISCRETIONARY,9
KVADRIGA,INDUSTRIALS,9
KVADRO,CONSUMER STAPLES,9
KVALTIFUDS,CONSUMER STAPLES,9
KVANT,CONSUMER DISCRETIONARY,9
KVANT,MATERIALS,9
KVANT,NOT RELEVANT,9
KVANT-TELEKOM,COMMUNICATIONS,9
KVANTEYNERGO,UTILITIES,9
KVANTUM,CONSUMER DISCRETIONARY,9
KVARTA-SERVICE,MATERIALS,9
KVARTA-STEEL,MATERIALS,9
KVARTS-TRANS,INDUSTRIALS,9
KVARTSTROY-NN,NOT RELEVANT,9
KVARTZEVYE PESKI,MATERIALS,9
KVARUS,ENERGY,9
KVARUS SERVICE,ENERGY,9
KVATTROSERVISIZ INTERNEYSHNL OPER,INDUSTRIALS,9
KVETA-AVTO,CONSUMER DISCRETIONARY,18
KVIKSPORT54,CONSUMER DISCRETIONARY,9
KVIN LIMITED LIABILITY,INDUSTRIALS,9
KVINTMADI,INDUSTRIALS,9
KVINTO,CONSUMER DISCRETIONARY,9
KVKK,CONSUMER STAPLES,9
KVOIT,ENERGY,9
KVS RUS,CONSUMER STAPLES,9
KVSM,INDUSTRIALS,9
KVY CAPITAL GROUP,INFORMATION TECHNOLOGY,9
KYUF AL'KOR,CONSUMER DISCRETIONARY,9
KZ GERTEK,INDUSTRIALS,9
KZ KUZNECHNOE,MATERIALS,9
KZ OTRADNOE,NOT RELEVANT,9
KZ VOZROZHDENIE- 2,MATERIALS,9
KZAEYM,INDUSTRIALS,9
KZE,MATERIALS,9
KZMK,INDUSTRIALS,9
KZMK TEYMPO,INDUSTRIALS,9
KZP,CONSUMER STAPLES,9
KZPM,MATERIALS,18
KZPV,INDUSTRIALS,9
KZRM,CONSUMER STAPLES,9
Kabosh,CONSUMER STAPLES,9
Kaltek,MATERIALS,9
Kaluga Flower Holding,CONSUMER STAPLES,9
Kaluga Poultry Factory,CONSUMER STAPLES,9
Kama OOO (LLC),CONSUMER DISCRETIONARY,9
Kamenskaya Katanka,MATERIALS,9
Kammer,INDUSTRIALS,9
Kammer-Services,INDUSTRIALS,9
Kamp,CONSUMER STAPLES,9
Kamskiy cable,INDUSTRIALS,9
Kamtex-Chimprom,MATERIALS,9
Kanevskaya,CONSUMER STAPLES,9
Kantal,CONSUMER STAPLES,9
Kantor,FINANCIALS,9
Kapitan,INDUSTRIALS,9
Kappa,MATERIALS,9
Karat,INDUSTRIALS,9
Karat,NOT RELEVANT,9
Kardimovski molochnokonservni,CONSUMER STAPLES,9
KargoModul,INDUSTRIALS,9
Kartli,MATERIALS,9
Kartli International,MATERIALS,9
Kashira,CONSUMER STAPLES,9
Kastor Digital,ENERGY,9
Katren,HEALTH CARE,9
Kazan Aviation Enterprise,INDUSTRIALS,9
Kazanorgsintez,MATERIALS,9
Kazanskie Apteki,CONSUMER STAPLES,9
KelBi,CONSUMER STAPLES,9
Kemerovo,MATERIALS,9
Kennecott Co.,FINANCIALS,9
Kept,INDUSTRIALS,18
Kept Tax and Advisory,INDUSTRIALS,9
Keramin - Neva,INDUSTRIALS,9
KetLogistik,CONSUMER DISCRETIONARY,9
Keter RUS,MATERIALS,9
Ketra,CONSUMER STAPLES,9
Khim Indystriya,MATERIALS,9
Khlebokombinat Inskoi,CONSUMER STAPLES,9
Khran,MATERIALS,9
"Kia Russia and CIS,",CONSUMER DISCRETIONARY,9
Kim,CONSUMER DISCRETIONARY,9
Kimberly-Clark,CONSUMER STAPLES,9
King Water,CONSUMER STAPLES,9
Kinopoisk,COMMUNICATIONS,9
Kirov Tyre,CONSUMER DISCRETIONARY,9
Kirovo-Chepetsk plant Agrokhimika,MATERIALS,9
Kislov,CONSUMER STAPLES,9
Klever,INDUSTRIALS,9
Klinsky Meat Processing,CONSUMER STAPLES,9
Koblik,INDUSTRIALS,9
Koenigsberger Handelskontor,CONSUMER STAPLES,9
Koenigsberger Transportgeschaeft,CONSUMER STAPLES,9
Komatsu CIS,INDUSTRIALS,9
Kombinat MAGNEZIT,MATERIALS,9
Kometa,INDUSTRIALS,9
Komitex,MATERIALS,9
Kompania Dizel,INDUSTRIALS,9
Kompaniya TECHNOTECS,ENERGY,9
Komtrans,CONSUMER DISCRETIONARY,9
Koncepciya Vkusa,CONSUMER STAPLES,9
Konik,CONSUMER DISCRETIONARY,9
Konkord,INDUSTRIALS,9
Kontaktor,CONSUMER DISCRETIONARY,9
Kontinental,INDUSTRIALS,9
Kopeysk Machine-Building plant,INDUSTRIALS,9
Kormell,INDUSTRIALS,9
Kornet,INDUSTRIALS,9
Korporatsiya,COMMUNICATIONS,18
Korund,INDUSTRIALS,9
Korvet,INDUSTRIALS,9
Kostroma jewelry plant Karatov LL,CONSUMER DISCRETIONARY,9
Kovdorsky,MATERIALS,9
Kraft production,MATERIALS,9
Krafter,INDUSTRIALS,9
KrasCEES RUSICH,UTILITIES,9
Krasnodar International Airport Joi,INDUSTRIALS,9
Krasnodar Vodokanal,UTILITIES,9
Krasnoe&beloe,CONSUMER STAPLES,9
Krasnokamsk Metal Mesh,MATERIALS,9
Krasnoyarskenergosbyt,UTILITIES,9
Krasnoyarskgrafit,MATERIALS,9
Krasnoyarskoilproduction Joint-stoc,CONSUMER DISCRETIONARY,9
Krasnoye Echo,MATERIALS,9
KrasnoyraskEnergoSbyt,UTILITIES,9
Krasnyi Yakor,MATERIALS,9
Krata,MATERIALS,9
Kredo,CONSUMER STAPLES,9
"Kredo-Story, Limited Liability Co",MATERIALS,9
KrioFrost,INDUSTRIALS,9
Kristall-2,CONSUMER STAPLES,9
Kronospan East,MATERIALS,9
Krupchak,MATERIALS,9
KubRotoPack,MATERIALS,9
Kuban,CONSUMER STAPLES,9
"Kuban-Akrylat Co.,",MATERIALS,9
"Kuban-Polymer Co.,",MATERIALS,9
Kubanmaslo,CONSUMER STAPLES,9
Kuchenland,CONSUMER DISCRETIONARY,9
Kuchenland Home Rus,CONSUMER DISCRETIONARY,9
KuchuKsulphate,MATERIALS,9
KuibyshevAzot,MATERIALS,9
Kurs Group Distribution,CONSUMER STAPLES,9
Kurskhimvolokno,MATERIALS,9
Kuzneckie Metallokonstrukcii,INDUSTRIALS,9
Kuznitsa,INDUSTRIALS,9
Kuzov Market,INDUSTRIALS,9
Kvarz-NN,MATERIALS,9
Kvas,CONSUMER STAPLES,9
L&T,INDUSTRIALS,9
L'OCCITANE,CONSUMER DISCRETIONARY,9
L-AVTO,CONSUMER DISCRETIONARY,9
L-PAK,CONSUMER DISCRETIONARY,9
L-PAK,MATERIALS,9
L-PREMIUM,CONSUMER DISCRETIONARY,9
L-Pak,MATERIALS,9
L-TRANS,INDUSTRIALS,9
L-TRANS,MATERIALS,9
L.ARGO,CONSUMER STAPLES,9
L.L.C. TD,CONSUMER STAPLES,9
L.MARTY,INFORMATION TECHNOLOGY,9
L.T.D.,CONSUMER STAPLES,9
L.T.D. NISSA Distribution,INDUSTRIALS,9
LA MARE,CONSUMER STAPLES,9
LA MAREE,CONSUMER STAPLES,9
LAB Industries,CONSUMER STAPLES,9
LABAZ,CONSUMER STAPLES,9
LABCONCEPT,INDUSTRIALS,9
LABINCO,HEALTH CARE,9
LABIRINT,CONSUMER STAPLES,9
LABIRINT DISTRIBUTSIYA,CONSUMER DISCRETIONARY,9
LABORATOIRES DE BIOLOGIE VEGETALE,CONSUMER STAPLES,9
LABORATORIYA OGNEZASHCHITY OO,MATERIALS,9
LABORATORIYA.RU,HEALTH CARE,9
LABORATORNO- ISSLEDOVATEL'SKII TS,REAL ESTATE,9
LABORATORY OF MODERN HEALTH,HEALTH CARE,9
LABQUEST,HEALTH CARE,9
LABS,INFORMATION TECHNOLOGY,9
LABTECHDIAGNOSTICS,HEALTH CARE,9
LABTRONICA,HEALTH CARE,18
LACENOR,CONSUMER STAPLES,9
LACOS coatings,CONSUMER DISCRETIONARY,9
LACOS marketing,INDUSTRIALS,9
LACTALIS ISTRA,CONSUMER STAPLES,9
LACTIS,CONSUMER STAPLES,9
LADA,CONSUMER DISCRETIONARY,9
LADA TSENTR,CONSUMER DISCRETIONARY,9
LADENSO,MATERIALS,9
LADOGA,CONSUMER STAPLES,9
LADOGA,ENERGY,9
LADOGA Group,CONSUMER STAPLES,9
LADYA OBSHCHESTVO S OGRANICHENNOI,CONSUMER DISCRETIONARY,9
LAFARZH NERUDNYE MATERIALY I BETON,MATERIALS,9
LAGOM PF,INDUSTRIALS,9
LAGUNA COIL,CONSUMER STAPLES,9
LAHTA,MATERIALS,9
LAIF,CONSUMER STAPLES,9
LAIF DZHUS,CONSUMER STAPLES,9
LAINER,ENERGY,9
LAISHEVO,MATERIALS,9
LAITING-RUS,CONSUMER DISCRETIONARY,9
LAKART DIZAIN,MATERIALS,9
LAKHTA,CONSUMER DISCRETIONARY,9
LAKHTA SERVICE,CONSUMER DISCRETIONARY,9
LAMA,CONSUMER STAPLES,9
LAMA TORF,MATERIALS,9
LAMINAT-PLYUS,CONSUMER DISCRETIONARY,9
LAMINAT-PLYUS-SARATOV,CONSUMER DISCRETIONARY,9
LAMIS,CONSUMER DISCRETIONARY,9
LAMISTRE,MATERIALS,9
LAMMIN,MATERIALS,9
LAMODA,CONSUMER DISCRETIONARY,9
LAMSYSTEMS CC,HEALTH CARE,9
LAND,INDUSTRIALS,9
LAND LIMITED,INDUSTRIALS,9
LANDSITZ MONDSEE ANSTALT,NOT RELEVANT,9
LANGEPASSKO - POKACHEVSKOE URS,ENERGY,9
LANGUAGE SERVICES,INFORMATION TECHNOLOGY,9
LANIT,INFORMATION TECHNOLOGY,9
LANIT Inc,INFORMATION TECHNOLOGY,9
LANIT-Integration,INFORMATION TECHNOLOGY,9
LANIT-PARTNER,INDUSTRIALS,9
LANIT-TERCOM,INFORMATION TECHNOLOGY,9
LANKOR,ENERGY,9
LANT,CONSUMER DISCRETIONARY,9
LANTANA-AVTO,CONSUMER DISCRETIONARY,9
LARETS TORGOVAYA SET,CONSUMER STAPLES,9
LAROS,CONSUMER STAPLES,9
LARTA GLASS RAMENSKOE,INDUSTRIALS,9
LARTA MINERALS VORONEZH,MATERIALS,9
LASAR,NOT RELEVANT,9
LASER CENTER,INDUSTRIALS,9
LASSELSBERGER,MATERIALS,9
LASSIO,CONSUMER DISCRETIONARY,9
LATEKS,HEALTH CARE,9
LAUN,CONSUMER DISCRETIONARY,9
LAURA-TULA,CONSUMER DISCRETIONARY,9
LAURUS,CONSUMER STAPLES,9
LAVORS INDUSTRIAL COMPANY,ENERGY,9
LAVR,CONSUMER DISCRETIONARY,18
LAYFTRONIK-VOLGA,HEALTH CARE,9
LAZURIT,CONSUMER DISCRETIONARY,18
LB Minerals,NOT RELEVANT,9
LBR-AGRITECH,INDUSTRIALS,9
LBR-RUS,INDUSTRIALS,9
LBR-TRADE,INDUSTRIALS,9
LBSC SARL ZUG BRANCH,CONSUMER STAPLES,9
LC PROMOTION,CONSUMER DISCRETIONARY,9
LDD,HEALTH CARE,9
LDEYP,INDUSTRIALS,9
LDR-STROY,INDUSTRIALS,9
LE MONLID,CONSUMER DISCRETIONARY,9
LE-GRAND,CONSUMER DISCRETIONARY,9
LEADCORE,HEALTH CARE,9
LEADER,CONSUMER STAPLES,9
LEAF TRADING COMPANY LIMITED,NOT RELEVANT,9
LEAN GROUP RUS,CONSUMER STAPLES,9
LEANECO,CONSUMER STAPLES,9
LEANGRUPP,CONSUMER STAPLES,9
LEASING OPTIMUM,NOT RELEVANT,9
LEASINGLINE,CONSUMER STAPLES,9
LEAZING MACHINE AND OBORUDOVANIYA,MATERIALS,9
LEBEDINSKIY TORGOVIY,CONSUMER DISCRETIONARY,9
LEBEDINSKY,MATERIALS,9
LEBYAZH'E-CHEPIGINSKOE,CONSUMER STAPLES,9
LEDACAR,CONSUMER DISCRETIONARY,9
LEDI PRIMA,CONSUMER DISCRETIONARY,9
LEGA,MATERIALS,18
LEGION,INDUSTRIALS,9
LEGRA,INDUSTRIALS,9
LEGTEKS,NOT RELEVANT,9
LEIVO LIMITED,INFORMATION TECHNOLOGY,9
LEK,HEALTH CARE,9
LEKAR,CONSUMER STAPLES,9
LEKAR - INSTRUMENT,CONSUMER DISCRETIONARY,9
LEKOMED,CONSUMER STAPLES,9
LEKOR,CONSUMER DISCRETIONARY,9
LEKS EYKOLODZHI,INDUSTRIALS,9
LEKS-S,CONSUMER DISCRETIONARY,9
LEKSTOR,HEALTH CARE,9
LEL,INDUSTRIALS,9
LEL-EKO,INDUSTRIALS,9
LEMA-KOR,CONSUMER STAPLES,9
LEMAX,CONSUMER DISCRETIONARY,9
LEMKEN-RUS,INDUSTRIALS,9
LEMNISKATA,CONSUMER STAPLES,9
LENAR,INDUSTRIALS,9
LENGIPROTRANS,NOT RELEVANT,9
LENGO,INDUSTRIALS,9
LENHYDROPROJEKT,UTILITIES,9
LENINA,CONSUMER STAPLES,9
LENINGRADSKAYA OBLASTNAYA UPRAVL.,UTILITIES,9
LENINGRADSKOE DRSU,INDUSTRIALS,9
LENKOMSTROI,CONSUMER DISCRETIONARY,9
LENMORNIIPROEKT,INDUSTRIALS,9
LENNIIPROEKT,INDUSTRIALS,9
LENREAKTIV,MATERIALS,9
LENSTROYDETAL,NOT RELEVANT,9
LENSTROYTREST,NOT RELEVANT,9
LENTA,CONSUMER STAPLES,9
LENVZRYVPROM,MATERIALS,9
LEO SMART TSENTR,CONSUMER DISCRETIONARY,9
LEONID VIKTOROVICH,CONSUMER STAPLES,9
LEOTON TREIDING,CONSUMER STAPLES,9
LEOTRADE,CONSUMER STAPLES,9
LEOVIT nutrio,CONSUMER STAPLES,9
LEPILOV OLEG LEONIDOVICH,CONSUMER STAPLES,9
LEPUS,HEALTH CARE,9
LES KHOLDING,CONSUMER STAPLES,9
LES TORG,CONSUMER STAPLES,9
LES-INVEST,MATERIALS,9
LESAN FARMA,HEALTH CARE,9
LESK,UTILITIES,9
LESKRAFT,CONSUMER DISCRETIONARY,18
LESMARKET,CONSUMER DISCRETIONARY,9
LESNAYA 3,NOT RELEVANT,9
LESNOFF,CONSUMER STAPLES,9
LESNOI URAL LOBVA,MATERIALS,9
LESNYE DARY BAIKALA,CONSUMER STAPLES,9
LESNYE TEKHNOLOGII,INDUSTRIALS,9
LESOBALT,MATERIALS,9
LESOPROMYSHLENNAYA KHOLDINGOVA,MATERIALS,9
LESOSIBIRSK-AVTODOR,INDUSTRIALS,9
LESOSIBIRSKIY LDK 1,MATERIALS,9
LESOTEKHNIKA,CONSUMER DISCRETIONARY,9
LESPROMSERVIS,INDUSTRIALS,18
LESSTROIREKONSTRUKTSIYA,ENERGY,9
LESSTROYDETAL,NOT RELEVANT,9
LESTATE,CONSUMER DISCRETIONARY,9
LESTEKH,MATERIALS,9
LESTORG,MATERIALS,18
LESTRADE,MATERIALS,9
LESTRADE-EXPORT CO,MATERIALS,9
LETO,CONSUMER STAPLES,9
LETO-K,CONSUMER STAPLES,9
LETOILE,CONSUMER DISCRETIONARY,9
LETTO,CONSUMER DISCRETIONARY,9
LETYAGIN ALEKSEI VLADIMIROVICH,CONSUMER DISCRETIONARY,9
LEVOBEREZHNOE,REAL ESTATE,18
LEXICA-SLPK,MATERIALS,9
LEYM,INDUSTRIALS,9
LEYTIS,CONSUMER DISCRETIONARY,9
LFR,HEALTH CARE,9
LG Electronics,CONSUMER DISCRETIONARY,9
LHK Cherepovetsles,MATERIALS,9
LIABILITY COMPANY AGROKOMPL,CONSUMER STAPLES,9
LIABILITY COMPANY APSIS A,REAL ESTATE,9
LIABILITY COMPANY AVTOLID,MATERIALS,9
LIABILITY COMPANY BARENBR,CONSUMER STAPLES,9
LIABILITY COMPANY BRISTOL R,CONSUMER STAPLES,9
LIABILITY COMPANY BUSINES,CONSUMER DISCRETIONARY,9
LIABILITY COMPANY CEMENTU,MATERIALS,9
LIABILITY COMPANY CHELYAB,MATERIALS,9
LIABILITY COMPANY DAFYDD ES,REAL ESTATE,9
LIABILITY COMPANY DORHAN,INDUSTRIALS,9
LIABILITY COMPANY EKIPAZH,CONSUMER DISCRETIONARY,9
LIABILITY COMPANY GSE VOLGO,ENERGY,9
LIABILITY COMPANY KULDUR,MATERIALS,9
LIABILITY COMPANY LAM,ENERGY,9
LIABILITY COMPANY M.P.A.,HEALTH CARE,9
LIABILITY COMPANY NAFTA-,ENERGY,9
LIABILITY COMPANY PETROL-,ENERGY,9
LIABILITY COMPANY PRIMER,INDUSTRIALS,9
LIABILITY COMPANY RUS TA,MATERIALS,9
LIABILITY COMPANY RUSSIAN M,MATERIALS,9
LIABILITY COMPANY RZD-TEC,INDUSTRIALS,9
LIABILITY COMPANY SETLES,MATERIALS,9
LIABILITY COMPANY SMILY,CONSUMER STAPLES,9
LIABILITY COMPANY TAPIBOO,CONSUMER DISCRETIONARY,9
LIABILITY COMPANY TIMIRIASE,CONSUMER DISCRETIONARY,9
LIABILITY COMPANY UK OLTR,HEALTH CARE,9
LIABILITY COMPANY VIP IT,CONSUMER STAPLES,9
LIABILITY COMPANY ZAVOD,INDUSTRIALS,9
LIABILITY CS COMPOSITES,MATERIALS,9
LIBOIL,CONSUMER STAPLES,9
LIBOR TRK,FINANCIALS,9
LICHI RUS,CONSUMER DISCRETIONARY,9
LIDEA,CONSUMER STAPLES,9
LIDER,CONSUMER STAPLES,27
LIDER OBSHCHESTVO S OG,INDUSTRIALS,9
LIDER-INDUSTRIYA,MATERIALS,9
LIDER-INVEST,REAL ESTATE,9
LIDER-M,MATERIALS,9
LIDER-STROI,INDUSTRIALS,9
LIEBHERR RUSSLAND,INDUSTRIALS,9
LIFT,INDUSTRIALS,9
LIFT-SERVIS,INDUSTRIALS,18
LIFTREMONT,CONSUMER DISCRETIONARY,9
LIGA,CONSUMER DISCRETIONARY,9
LIGA,CONSUMER STAPLES,9
LIGA 7,HEALTH CARE,18
LIGA TEKHNIKI,CONSUMER DISCRETIONARY,9
LIGA-VOSTOK,NOT RELEVANT,9
LIKADA,ENERGY,9
LIKADA PLYUS,ENERGY,9
LIKHOSLAVL'SKII ZAVOD SVETOTEKHNIKA,INDUSTRIALS,9
LIKINO BUS PLANT-LTD,CONSUMER DISCRETIONARY,9
LIKINSKY AUTOBUS-LTD,CONSUMER DISCRETIONARY,9
LILIYA,CONSUMER STAPLES,9
LILIYA,FINANCIALS,9
LIM,CONSUMER DISCRETIONARY,9
LIMAGREN,CONSUMER STAPLES,9
LIMAK,CONSUMER STAPLES,9
LIMAK KONSTRAKSHN,INDUSTRIALS,9
LIMANSKOE,CONSUMER STAPLES,9
LIMENIKO TRADE AND INVEST. LIMITE,CONSUMER STAPLES,9
LIMITED,INDUSTRIALS,18
LIMITED LIABILITY,CONSUMER STAPLES,9
LIMITED LIABILITY,MATERIALS,9
LIMITED LIABILITY COMPANY FORT DIAL,INFORMATION TECHNOLOGY,9
LIMITED TERRAFRIGO,INDUSTRIALS,9
LIMKORM,CONSUMER STAPLES,9
LIMONTE,ENERGY,9
LIMONTE LT,INDUSTRIALS,9
LIMONTE-NEFTEGAZKHIMSERVIS,ENERGY,9
LINDAILY,CONSUMER DISCRETIONARY,9
LINES,CONSUMER STAPLES,9
LINESERVISE,CONSUMER DISCRETIONARY,9
LINGERIE,CONSUMER DISCRETIONARY,9
LINGOT,CONSUMER STAPLES,9
LINIST,INDUSTRIALS,9
LINIYA,CONSUMER STAPLES,9
LINIYA 7,CONSUMER DISCRETIONARY,9
LINK PROMOBORUDOVANIE,INDUSTRIALS,9
LINK-1,INDUSTRIALS,9
LINK-PRODUKT,INDUSTRIALS,18
LINKER,INDUSTRIALS,9
LINKGROUP,CONSUMER DISCRETIONARY,9
LINKOR,CONSUMER STAPLES,9
LINKOR,NOT RELEVANT,9
LINKTELEKOM,INDUSTRIALS,9
LINNIMAX,INDUSTRIALS,9
LINO,MATERIALS,9
LION,CONSUMER DISCRETIONARY,9
LION-GRUPP,CONSUMER DISCRETIONARY,9
LIONGLOBAL,CONSUMER DISCRETIONARY,9
LIONTREID,CONSUMER DISCRETIONARY,9
LIPETSK VIKINGI,CONSUMER DISCRETIONARY,9
LIPETSKSERVISPROM,ENERGY,9
LIPETSKSTROI,INDUSTRIALS,9
LIPETSKY KHLADOCOMBINAT,CONSUMER STAPLES,9
LIRA,NOT RELEVANT,9
LIROS,CONSUMER STAPLES,9
LIRUS,HEALTH CARE,9
LISSANT SIBIR,INDUSTRIALS,9
LISSIB,INDUSTRIALS,9
LIST,CONSUMER STAPLES,9
LISTVA,MATERIALS,9
LITEINYE TEKHNOLOGII,INDUSTRIALS,9
LITII-ELEMENT,INDUSTRIALS,9
LITSKEVICH LEONID,CONSUMER STAPLES,9
LITTEN INVESTMENTS,INDUSTRIALS,9
LITTRANSSERVIS,INDUSTRIALS,9
LITWOOD,CONSUMER DISCRETIONARY,9
LIWET HOLDING AG,FINANCIALS,9
LIZING-TREID,FINANCIALS,9
LIZINGOVAYA KOMPANIYA STOUN-XXI,FINANCIALS,9
LK,FINANCIALS,9
LK SESPEL'-FINANS,FINANCIALS,9
LKKZ,MATERIALS,9
LKM AND TECHNOLOGY,INDUSTRIALS,9
LKP,MATERIALS,9
LLC,CONSUMER DISCRETIONARY,18
LLC,CONSUMER STAPLES,108
LLC,ENERGY,27
LLC,HEALTH CARE,27
LLC,INDUSTRIALS,72
LLC,MATERIALS,36
LLC,UTILITIES,9
LLK-INTERNATIONAL,ENERGY,9
LLP COMPANY TEHNOSTROYI,INDUSTRIALS,9
LLS INFINITI FF,CONSUMER DISCRETIONARY,9
LLS SKA-Leasing,INDUSTRIALS,9
LMC,INDUSTRIALS,9
LML and Co,CONSUMER STAPLES,9
LMTI,MATERIALS,9
LN DISTRIBUTION,CONSUMER DISCRETIONARY,9
LODZHGEIT MENEDZHMENT EYND SEILS,INFORMATION TECHNOLOGY,9
LODZHISTIK-YUG,CONSUMER DISCRETIONARY,9
LOG-CENTR,MATERIALS,9
LOGI,CONSUMER STAPLES,9
LOGICALL,INDUSTRIALS,9
LOGIKA,CONSUMER STAPLES,9
LOGINOF Co,INDUSTRIALS,9
LOGINPROM,INDUSTRIALS,9
LOGIST,INDUSTRIALS,9
LOGISTIC,CONSUMER STAPLES,9
LOGISTIC,INDUSTRIALS,9
LOGISTIC,INFORMATION TECHNOLOGY,9
LOGISTIC,NOT RELEVANT,9
LOGISTIC COMPANY SIBROCKET JOINT-ST,INDUSTRIALS,9
LOGISTIC RUS,INDUSTRIALS,9
LOGISTICA-TERMINAL,INDUSTRIALS,9
LOGISTICHESKAYA KOMPANIYA MEGAPOL,CONSUMER STAPLES,9
LOGISTICS,CONSUMER STAPLES,9
LOGISTICS,INDUSTRIALS,9
LOGISTIK,INDUSTRIALS,36
LOGISTIK,REAL ESTATE,9
LOGISTIK BELOGOR'YA,INDUSTRIALS,9
LOGISTIK BELOGORYA,CONSUMER STAPLES,9
LOGISTIK LAND,CONSUMER STAPLES,9
LOGISTIK M,CONSUMER DISCRETIONARY,9
LOGISTIK-TSENTR,MATERIALS,9
LOGISTIKA,INDUSTRIALS,9
LOGISTIKA 360,INDUSTRIALS,9
LOGISTIKA ALTERNATIVA,CONSUMER STAPLES,9
LOGISTIKGRUPP,CONSUMER STAPLES,9
LOGLAB,INDUSTRIALS,9
LOGO GRUP,FINANCIALS,9
LOGO-T,CONSUMER STAPLES,9
LOGO-TREID,CONSUMER STAPLES,9
LOGO-TREID,INDUSTRIALS,9
LOGO-TREID SMOLENSK,CONSUMER STAPLES,9
LOGOPARK IRTISH,NOT RELEVANT,9
LOGOPROM F.M.C.G.OOO,NOT RELEVANT,9
LOGOS KHOLDING,MATERIALS,9
LOGOS-TEKSTIL',CONSUMER DISCRETIONARY,9
LOGOS-YAROSLAVL,MATERIALS,9
LOGSIS GRUPP,INDUSTRIALS,9
LOGTRANS,INDUSTRIALS,9
LOKOMOTIV,INDUSTRIALS,9
LONAS TEKHNOLOGIA,INDUSTRIALS,9
LORAN,CONSUMER STAPLES,9
LORENZ SNACK-WORLD,CONSUMER STAPLES,9
LORIKA,INDUSTRIALS,9
LORUS SCM,CONSUMER DISCRETIONARY,9
LOTOS-LAND,CONSUMER STAPLES,9
LOTOS-LAND BEVERAGES,CONSUMER STAPLES,9
LOUIS DREYFUS COMPANY VOSTOK,NOT RELEVANT,9
LOUIS VUITTON VOSTOK,CONSUMER DISCRETIONARY,9
LOZA,CONSUMER STAPLES,9
LOZOVAYA OKSANA YUR'EVNA,REAL ESTATE,9
LP,MATERIALS,9
LPEC,CONSUMER DISCRETIONARY,9
LPI,NOT RELEVANT,9
LPI RUS,CONSUMER DISCRETIONARY,9
LPK,MATERIALS,9
LPKH SIYANIE,MATERIALS,9
LPMP,CONSUMER DISCRETIONARY,9
LS,ENERGY,9
LSK,MATERIALS,9
LSR,ENERGY,9
LSR,REAL ESTATE,9
LSR GROUP,REAL ESTATE,9
LSR UPRAVLYAYUSHCHAYA KOMPANIYA O,REAL ESTATE,9
LSR.BAZOVYE MATERIALY,MATERIALS,9
LSR.STROITELSTVO-SZ,CONSUMER DISCRETIONARY,9
LSR.ZHELEZOBETON - SEVERO-ZAPAD,NOT RELEVANT,9
LSS,INDUSTRIALS,9
LSTART,ENERGY,9
LT,INDUSTRIALS,9
LT-EQUIPMENT,INDUSTRIALS,9
LTB,INDUSTRIALS,9
LTD,CONSUMER DISCRETIONARY,27
LTD,CONSUMER STAPLES,27
LTD,HEALTH CARE,9
LTD,INDUSTRIALS,9
LTD LADA - LIST,NOT RELEVANT,9
LTD TRANSLEASING,FINANCIALS,9
LTD. ALDANEXPLOSIONPROM,MATERIALS,9
LTO,HEALTH CARE,9
LTS EKSPRESS,INDUSTRIALS,9
LTS EXPRESS,INDUSTRIALS,9
LTS PROGRESS,FINANCIALS,9
LTSS,CONSUMER STAPLES,9
LUARA,CONSUMER DISCRETIONARY,9
LUBERETSKIYE KOVRY,NOT RELEVANT,9
LUBRIMEKS,ENERGY,9
LUBYATOVO,CONSUMER STAPLES,9
LUCH,INDUSTRIALS,9
LUCHSHII FASAD,INDUSTRIALS,9
LUCKSA,CONSUMER DISCRETIONARY,9
LUCKYFISH,CONSUMER STAPLES,9
LUDING,CONSUMER STAPLES,18
LUDING-TRADE,CONSUMER STAPLES,9
LUGA,CONSUMER STAPLES,9
LUGATEX,ENERGY,9
LUIDOR TRADE,CONSUMER DISCRETIONARY,9
LUIDOR-SERVICE,CONSUMER DISCRETIONARY,9
LUIS OBSHCHESTVO S,INDUSTRIALS,9
LUIS+,INDUSTRIALS,9
LUKA,CONSUMER DISCRETIONARY,9
LUKAS-ZOLOTO,CONSUMER DISCRETIONARY,9
LUKAUTO,CONSUMER DISCRETIONARY,9
LUKOIL,ENERGY,18
LUKOIL Nizhnevolzhskneft,ENERGY,9
LUKOIL-AERO,ENERGY,9
LUKOIL-EYNERGOINZHINIRING,ENERGY,9
LUKOIL-EYNERGOSETI,ENERGY,9
LUKOIL-NIZHEGORODNEFTEORGSINTEZ,ENERGY,9
LUKOIL-PERM',ENERGY,9
LUKOIL-PERMNEFTEORGSINTEZ,ENERGY,9
LUKOIL-SEVERO-ZAPADNEFTEPRODUKT,ENERGY,9
LUKOIL-TRANS,INDUSTRIALS,9
LUKOIL-TSENTRNEFTEPRODUCT,ENERGY,9
LUKOIL-Technologies,ENERGY,9
LUKOIL-UNP,ENERGY,9
LUKOIL-URALNEFTEPRODUCT,ENERGY,9
LUKOIL-Volgogradneftepererabotka,MATERIALS,9
LUKOIL-YUGNEFTEPRODUKT,ENERGY,9
LUKOMORY,CONSUMER STAPLES,9
LUKOSHKO,CONSUMER STAPLES,9
LUKOYL-KMN,ENERGY,9
LUKYANOV ANDREI,CONSUMER STAPLES,9
LUNA,INDUSTRIALS,9
LUSH RUSSIA,CONSUMER STAPLES,9
LUTNER SPB,CONSUMER DISCRETIONARY,9
LUX TRADE,CONSUMER DISCRETIONARY,9
LUXEMBOURG BEVERAGE SUPPLY,CONSUMER STAPLES,9
LUXKRAFT,MATERIALS,9
LUXTORG,CONSUMER DISCRETIONARY,9
LUZALES,MATERIALS,9
LUZALES-TIKHVIN,NOT RELEVANT,9
LUZINSKOE MOLOKO,CONSUMER STAPLES,9
LVK AMTEL,NOT RELEVANT,9
LVP FORTUNA,CONSUMER STAPLES,9
LVZ,CONSUMER STAPLES,9
LVZ SARANSKII,CONSUMER STAPLES,18
LYAMBDA,INFORMATION TECHNOLOGY,9
LYMEX HOLDING,NOT RELEVANT,9
LYNKS PROPERTY MANAGEMENT,REAL ESTATE,9
LYNX LABEL,MATERIALS,9
LYSOGORSKAYA,CONSUMER STAPLES,9
LYUBERTSY,CONSUMER DISCRETIONARY,9
LYUBIMYI GOROD,CONSUMER STAPLES,9
LYUKLER,HEALTH CARE,9
LYUKS,CONSUMER STAPLES,9
LYUKS EVROPAK,MATERIALS,9
LYUKS OIL,CONSUMER STAPLES,9
LYUKSFARM,HEALTH CARE,9
LYUKSNEFTETRANSDOBYCHA,ENERGY,9
LYUKSSERVIS,INDUSTRIALS,9
LYUMIN,CONSUMER STAPLES,9
LZ RADUGA,CONSUMER DISCRETIONARY,9
LZBT,CONSUMER DISCRETIONARY,9
LZEP,CONSUMER DISCRETIONARY,9
LZM,INDUSTRIALS,9
LZSF,MATERIALS,9
LZSM,CONSUMER DISCRETIONARY,9
LZSP,INDUSTRIALS,9
LaVINA,CONSUMER STAPLES,9
LaVINA Import,CONSUMER STAPLES,9
Lab UK,INFORMATION TECHNOLOGY,9
Labora,HEALTH CARE,9
Labs,INFORMATION TECHNOLOGY,9
Labvision,HEALTH CARE,9
Laminarnye sistemy,HEALTH CARE,9
Lamobile,CONSUMER DISCRETIONARY,9
Lamoda,CONSUMER DISCRETIONARY,9
Lancet,HEALTH CARE,9
Lanmax,INFORMATION TECHNOLOGY,9
Larvij international,CONSUMER DISCRETIONARY,9
Lasenor Rusia,CONSUMER STAPLES,9
Laurea,FINANCIALS,9
Laverna XXI century,HEALTH CARE,9
Lavria,CONSUMER STAPLES,9
Leader,CONSUMER DISCRETIONARY,9
Leader,INDUSTRIALS,9
LeanGroup-Ural,CONSUMER STAPLES,9
Lebedyanskiy Sugar,CONSUMER STAPLES,9
Ledy prima,CONSUMER DISCRETIONARY,9
Legaris Trading,INDUSTRIALS,9
Legion,CONSUMER STAPLES,9
Lekomed,CONSUMER STAPLES,9
Lel-Eco,INDUSTRIALS,9
LenGo,INDUSTRIALS,9
LenReactiv,MATERIALS,18
Lenta Global,CONSUMER STAPLES,9
Leo Publishing (JSC),COMMUNICATIONS,9
LesTrans,CONSUMER DISCRETIONARY,9
Lesprom Standard,MATERIALS,9
Lespromservice,INDUSTRIALS,9
Lesresurs,MATERIALS,18
LiM,CONSUMER DISCRETIONARY,9
Liability,NOT RELEVANT,9
Liability Company AGROECO,CONSUMER STAPLES,9
Liability Company APK AGR,CONSUMER STAPLES,9
Liability Company ATEK,CONSUMER DISCRETIONARY,9
Liability Company BILDEX,INDUSTRIALS,9
Liability Company DOBROTO,CONSUMER STAPLES,9
Liability Company DispoRu,INDUSTRIALS,9
Liability Company Drugsto,HEALTH CARE,9
Liability Company Esmalglas,INDUSTRIALS,9
Liability Company Grand,CONSUMER DISCRETIONARY,9
Liability Company KEB-RUS,INDUSTRIALS,9
Liability Company Modern,INDUSTRIALS,9
Liability Company NSplav,MATERIALS,9
Liability Company ORIStekhn,HEALTH CARE,9
Liability Company Omega Foo,CONSUMER STAPLES,9
Liability Company PLODOOB,CONSUMER STAPLES,9
Liability Company Perform,INFORMATION TECHNOLOGY,9
Liability Company SAVALA,NOT RELEVANT,9
Liability Company STM,INFORMATION TECHNOLOGY,9
Liability Company TZRM,CONSUMER STAPLES,9
Liability Company Trade Hou,CONSUMER STAPLES,9
Liability Company VANGUAR,CONSUMER DISCRETIONARY,9
Libertatem Materials,MATERIALS,9
Lidea Rus,CONSUMER STAPLES,9
Lider,FINANCIALS,9
Lider-Pack,MATERIALS,9
LiderGruzAvto,INDUSTRIALS,9
Life Engineering,INDUSTRIALS,9
Life Sciences OCPC,HEALTH CARE,9
LifeIT,INFORMATION TECHNOLOGY,9
Lift Truck,INDUSTRIALS,9
Light House,CONSUMER DISCRETIONARY,9
Lighting Technologies IGC,INDUSTRIALS,9
Limak,CONSUMER STAPLES,9
Limak-Trade,CONSUMER STAPLES,9
Limited,ENERGY,9
Limited Liability,CONSUMER STAPLES,9
Line,CONSUMER DISCRETIONARY,9
Liniya 7,CONSUMER STAPLES,9
Linkos MK,HEALTH CARE,9
Lipetskiy Hladokombinat,CONSUMER STAPLES,9
Liquidator,INDUSTRIALS,9
Liskisugar,CONSUMER STAPLES,9
Llc,CONSUMER STAPLES,9
Llc,INDUSTRIALS,9
LogIndustriya,MATERIALS,9
Loginof,INDUSTRIALS,9
Logistic,CONSUMER STAPLES,9
Logistic Agency 20A,INDUSTRIALS,9
Logistic Center,INDUSTRIALS,9
Logistic L-C,CONSUMER STAPLES,9
Logistics,INDUSTRIALS,9
Logistics 1520,INDUSTRIALS,9
"Logistics, s.r.o.",CONSUMER DISCRETIONARY,9
LogoTrans+,CONSUMER DISCRETIONARY,9
Logosib,MATERIALS,9
Logsnab,INDUSTRIALS,9
Lokus MK,INDUSTRIALS,9
Longrun Logistick,INDUSTRIALS,9
Lorry,INDUSTRIALS,9
Losevo,CONSUMER STAPLES,9
Loymina LLC (Limited Liability Comp,CONSUMER DISCRETIONARY,9
Loza,CONSUMER STAPLES,9
Ltd,CONSUMER STAPLES,18
Ltd,INFORMATION TECHNOLOGY,9
Ltd,MATERIALS,18
Ltd APAL,NOT RELEVANT,9
Ltd Green Ray Kuban,CONSUMER STAPLES,9
Ltd Hospitaltechnik,HEALTH CARE,9
Ltd Rys,REAL ESTATE,9
Ltd.,HEALTH CARE,9
Ltd.,INDUSTRIALS,9
Ltd.,MATERIALS,9
Lucate-Pekarni Co.,CONSUMER STAPLES,9
Lukyanenko,CONSUMER STAPLES,9
Luxe Oil,CONSUMER STAPLES,9
Luxe Tour,CONSUMER DISCRETIONARY,9
M,CONSUMER DISCRETIONARY,9
M,HEALTH CARE,9
M AND P ANALYTICS,INDUSTRIALS,9
M T E,INDUSTRIALS,9
M and G Rusland,CONSUMER DISCRETIONARY,9
M-AGROSERVIS,INDUSTRIALS,9
M-I DRILLING FLUIDS UK,ENERGY,9
M-INVEST,INFORMATION TECHNOLOGY,9
M-K,MATERIALS,9
M-KVADRAT,INDUSTRIALS,9
M-PLASTIKA,CONSUMER DISCRETIONARY,9
M-POWER GRUP LIMITED LIABILITY COMP,CONSUMER DISCRETIONARY,9
M-SIGA,MATERIALS,9
M-STORY,CONSUMER STAPLES,9
M-STROI,CONSUMER STAPLES,9
M-TELEKOM,INDUSTRIALS,9
M-Video,NOT RELEVANT,9
M-WOOD,MATERIALS,9
M. Video Management,NOT RELEVANT,9
M.P.A. MEDICAL,HEALTH CARE,9
M.STROY,INDUSTRIALS,9
M.VIDEO,NOT RELEVANT,9
M1-SERVIS,COMMUNICATIONS,9
M1-Service,COMMUNICATIONS,9
M2,CONSUMER DISCRETIONARY,9
M5 OBSHCHESTVO S OGRANICHENNOI OTVE,INDUSTRIALS,9
MABSKEIL,HEALTH CARE,9
MACARONI FACTORY AMERIA,CONSUMER STAPLES,9
MACLANAHAN CIS,INDUSTRIALS,9
MACO BESCHLAGE,INDUSTRIALS,9
MACOMNET,NOT RELEVANT,9
MACTAK CENTER CO,CONSUMER DISCRETIONARY,9
MADAM,NOT RELEVANT,9
MADERA,MATERIALS,18
MADZINTEZ ZAVOD,HEALTH CARE,9
MAGADANEYNERGO,UTILITIES,9
MAGADANNEFTESNAB CO.,INDUSTRIALS,9
MAGADANNEFTO,ENERGY,9
MAGADANSKIJ LIKERO-VODOCHNYJ,NOT RELEVANT,9
MAGAZIN 01,INDUSTRIALS,18
MAGAZIN 64,CONSUMER STAPLES,9
MAGE,ENERGY,9
MAGELLAN,INDUSTRIALS,9
MAGISTRAL TRANSIT,MATERIALS,9
MAGISTRAL-NK,CONSUMER DISCRETIONARY,9
MAGMA,ENERGY,9
MAGMA KHD,CONSUMER STAPLES,9
MAGNA,INDUSTRIALS,9
MAGNAT,NOT RELEVANT,9
MAGNESIUM WORKS,MATERIALS,9
MAGNEZIT HOLDINGS,NOT RELEVANT,9
MAGNIT,CONSUMER STAPLES,9
MAGNIT,NOT RELEVANT,9
MAGNIT FARMA,HEALTH CARE,9
MAGNITOSTROY,FINANCIALS,9
MAIKL and CO,CONSUMER DISCRETIONARY,9
MAIKOPSKOE DRSU,INDUSTRIALS,9
MAIL.RU GROUP,INFORMATION TECHNOLOGY,9
MAIN ROAD,INDUSTRIALS,9
MAINING,MATERIALS,9
MAISKOE,ENERGY,9
MAISON,CONSUMER DISCRETIONARY,9
MAIT,CONSUMER STAPLES,9
MAJOR AVTOMOBIL,NOT RELEVANT,9
MAJOR-AUTO,NOT RELEVANT,9
MAK,MATERIALS,9
MAKALU,CONSUMER DISCRETIONARY,9
MAKCIM,CONSUMER DISCRETIONARY,9
MAKERS GROUP LTD MC,CONSUMER DISCRETIONARY,9
MAKFA,CONSUMER STAPLES,9
MAKFARMA,HEALTH CARE,9
MAKHROV ALEKSANDR EVGENEVICH,CONSUMER STAPLES,9
MAKLARIN,CONSUMER STAPLES,9
MAKODES,CONSUMER DISCRETIONARY,9
MAKS OBSHCHESTVO S,CONSUMER STAPLES,9
MAKS-PRO,CONSUMER STAPLES,9
MAKSFORT,NOT RELEVANT,9
MAKSHEL-KMV,CONSUMER STAPLES,9
MAKSIDOM,CONSUMER DISCRETIONARY,9
MAKSIM-RESTORANY,CONSUMER DISCRETIONARY,9
MAKSIMA,ENERGY,9
MAKSIMA,INDUSTRIALS,9
MAKSIMUM,CONSUMER DISCRETIONARY,18
MAKSIPRO MO,CONSUMER DISCRETIONARY,9
MAKSOIL,ENERGY,9
MAKSUMA,CONSUMER STAPLES,9
MAL'GRATE,INDUSTRIALS,9
MAL'TSEV ARTEM YUR'EVICH,INDUSTRIALS,9
MALGRATE,INDUSTRIALS,9
MALINA,CONSUMER STAPLES,9
MALISANO INVESTMENTS,CONSUMER DISCRETIONARY,9
MALKOV SERGEY,CONSUMER STAPLES,9
MALMET,INDUSTRIALS,9
MALOMYRSKIY,MATERIALS,9
MALTAT,NOT RELEVANT,9
MALYSH,CONSUMER DISCRETIONARY,9
MAMA+YA,REAL ESTATE,9
MAMEDOVA RITTA ASLANOVNA,CONSUMER STAPLES,9
MAMONOVSKIE FERMY,CONSUMER STAPLES,9
MAMRUKO,CONSUMER STAPLES,9
MAN TSENTR CHELYABINSK,INDUSTRIALS,9
MANAGEMENT,CONSUMER DISCRETIONARY,9
MANAGEMENT,MATERIALS,18
MANAGEMENT,NOT RELEVANT,9
MANAGEMENT COMPANY HYDRO OGK,UTILITIES,9
MANAGEMENT COMPANY OCEAN GROU,FINANCIALS,9
MANAGEMENT COMPANY PROFIT,MATERIALS,9
MANAGING COMPANY AGROHOLDING KUB,CONSUMER STAPLES,9
MANEL,INDUSTRIALS,9
MANGA,INDUSTRIALS,9
MANGAZEYA,CONSUMER DISCRETIONARY,9
"MANN, IVANOV AND FERBER LIMITED",CONSUMER DISCRETIONARY,9
MANSUROVSKOE KAREROUPRAVLENI,MATERIALS,9
MANTUROVO NAO,MATERIALS,9
MANUFAKTURA,CONSUMER DISCRETIONARY,9
MAPEI,MATERIALS,9
MAPLE RIDGE,INDUSTRIALS,9
MARAKESH,CONSUMER STAPLES,9
MARASHCHSTROI,INDUSTRIALS,9
MARCHENKO VASILII NIKOLAEVICH,REAL ESTATE,9
MARCOM,CONSUMER STAPLES,9
MARCON COMPANY,CONSUMER DISCRETIONARY,9
MARCON-KHOLOD,MATERIALS,9
MARETEX,NOT RELEVANT,9
MARGARON,CONSUMER STAPLES,9
MARGKOM,CONSUMER STAPLES,9
MARIA-RA,CONSUMER STAPLES,9
MARIANNE MEDIA INTERNATIONAL REP,NOT RELEVANT,9
MARIFLOR,CONSUMER DISCRETIONARY,18
MARIISKY NPZ,ENERGY,9
MARINE,CONSUMER STAPLES,9
MARINE INTERNATIONAL,INDUSTRIALS,9
MARINE PACIFIC PTE,INDUSTRIALS,9
MARINE TECHNOLOGY CO,CONSUMER STAPLES,9
MARINE TOY WORLD,CONSUMER DISCRETIONARY,9
MARIO RIOLI TRADING,INDUSTRIALS,9
MARIT,ENERGY,9
MARITER,CONSUMER STAPLES,9
MARIYSKY NPZ,NOT RELEVANT,9
MARK-SERVIS,INDUSTRIALS,9
MARKA I,CONSUMER STAPLES,9
MARKELL GROUP,CONSUMER STAPLES,9
MARKELOV PAVEL,CONSUMER DISCRETIONARY,9
MARKER,INDUSTRIALS,9
MARKET,CONSUMER STAPLES,18
MARKET,INDUSTRIALS,9
MARKET-KA,CONSUMER STAPLES,9
MARKETING,NOT RELEVANT,9
MARKETING EFFECTIVE COMMUNICATION,CONSUMER DISCRETIONARY,9
MARKETPLEIS,CONSUMER DISCRETIONARY,9
MARKETPLEYS-TEKHNOLOGII,CONSUMER DISCRETIONARY,9
MARKINSKAYA FARM,NOT RELEVANT,9
MARLIZ,INDUSTRIALS,9
MARMA,CONSUMER DISCRETIONARY,9
MARMA-CENTER,CONSUMER DISCRETIONARY,9
MARMA-UG,CONSUMER DISCRETIONARY,9
MARPOSADKABEL',INDUSTRIALS,9
MARR RUSSIYA,CONSUMER DISCRETIONARY,9
MARS,CONSUMER STAPLES,9
MARSA ENERGY TRADING DMCC,ENERGY,9
MARSALA,INFORMATION TECHNOLOGY,9
MARSAN,CONSUMER STAPLES,9
MART,CONSUMER DISCRETIONARY,9
MART,CONSUMER STAPLES,9
MARTEN,CONSUMER DISCRETIONARY,18
MARTEN,HEALTH CARE,9
MARTIKA,NOT RELEVANT,9
MARUSINO,MATERIALS,9
MARVEL,INFORMATION TECHNOLOGY,9
MAS Albion,MATERIALS,9
MASCHINEN RUSSLAND,INDUSTRIALS,9
MASCHIO-GASPARDO RUSSIA,INDUSTRIALS,9
MASHINKO,INDUSTRIALS,9
MASHKOMPLEKT,REAL ESTATE,9
MASHKREPEZH,INDUSTRIALS,9
MASHPROM,INDUSTRIALS,9
MASHPROM,MATERIALS,9
MASHSTAL',MATERIALS,9
MASKO,CONSUMER STAPLES,9
MASLOZAVOD NYTVENSKIY,CONSUMER STAPLES,9
MASOPERERABATIVAUSHIY ZAVOD,CONSUMER STAPLES,9
MASSIMO DUTTI,CONSUMER DISCRETIONARY,9
MASTER,CONSUMER DISCRETIONARY,18
MASTER AD,COMMUNICATIONS,9
MASTER CLEANING,INDUSTRIALS,9
MASTER DISTRIBYUTOR,REAL ESTATE,9
MASTER-N,CONSUMER DISCRETIONARY,9
MASTER-NEFT,ENERGY,9
MASTER-R,CONSUMER DISCRETIONARY,9
MASTER-STROI I KO,NOT RELEVANT,9
MASTERBATCH SV,MATERIALS,9
MASTERDZHEM,CONSUMER STAPLES,9
MASTERFAST,HEALTH CARE,9
MASTERFOOD,CONSUMER STAPLES,9
MASTERKARD,FINANCIALS,9
MASTERKROFT FINANCE,MATERIALS,9
MASTEROVIT,CONSUMER DISCRETIONARY,9
MASTERTEL,COMMUNICATIONS,9
MATERIK,CONSUMER STAPLES,9
MATERIK GK,NOT RELEVANT,9
MATRA PETROLEUM,ENERGY,9
MATRITSA,INDUSTRIALS,9
MATRIX telecom,COMMUNICATIONS,9
MATSERVIS,INDUSTRIALS,9
MAVT,CONSUMER STAPLES,9
MAX,COMMUNICATIONS,9
MAXIDOM,CONSUMER DISCRETIONARY,9
MAXIM.PLATFORM,INDUSTRIALS,9
MAXIMA,CONSUMER DISCRETIONARY,9
MAXIMIZE,CONSUMER DISCRETIONARY,9
MAXIMUM,CONSUMER DISCRETIONARY,9
MAXIMUM OPT,CONSUMER DISCRETIONARY,9
MAXIMUM PRIMORSKY,CONSUMER DISCRETIONARY,9
MAXIMUS,HEALTH CARE,9
MAXRANGE,NOT RELEVANT,9
MAXX INTERMODAL SYSTEMS,INDUSTRIALS,9
MAXXIUM RUS,REAL ESTATE,9
MAY,CONSUMER STAPLES,9
MAY-BRANDS,CONSUMER STAPLES,9
MAY-FOODS,CONSUMER STAPLES,9
MAYAK,CONSUMER STAPLES,18
MAYAK,NOT RELEVANT,9
MAYAKOVSKAYA,HEALTH CARE,9
MAYAKPRINT,MATERIALS,9
MAYKOR-SERVICE,INFORMATION TECHNOLOGY,9
MAYNITEK,MATERIALS,9
MAYORAL,CONSUMER DISCRETIONARY,9
MAZDA MOTOR RUS,NOT RELEVANT,9
MAZK-SERVICE,NOT RELEVANT,9
MB-AVTO,CONSUMER DISCRETIONARY,9
MB-BELYAEVO,NOT RELEVANT,9
MB-BRYANSK,CONSUMER DISCRETIONARY,9
MB-GRUP,HEALTH CARE,9
MB-IZMAILOVO,CONSUMER DISCRETIONARY,9
MBC,CONSUMER STAPLES,9
MBC-Ural,MATERIALS,9
MBK,CONSUMER STAPLES,9
MBK,MATERIALS,9
MBK 74,MATERIALS,9
MBM Development,INDUSTRIALS,9
MBM-TRANS,INDUSTRIALS,9
MBMR,CONSUMER DISCRETIONARY,9
MBV,INDUSTRIALS,18
MC BEW,INDUSTRIALS,9
MC Brothers,HEALTH CARE,9
MC CHERNOGOLOVKA,CONSUMER STAPLES,9
MC ECONOM-AUDIT,ENERGY,9
MC IED-HOLDING,INDUSTRIALS,9
MC IVS,INDUSTRIALS,9
MC KVARTSTROY,FINANCIALS,9
MC PROLIV,INDUSTRIALS,9
MC RIG,INDUSTRIALS,9
MC Resourse Finance,CONSUMER STAPLES,9
MC SEATING,CONSUMER DISCRETIONARY,9
MC. BROTHERS,HEALTH CARE,9
MCA Znamenka,CONSUMER DISCRETIONARY,9
MCBK,MATERIALS,9
MCC,NOT RELEVANT,9
MCCAIN MARKETING (RUS),CONSUMER STAPLES,9
MCD chemicals,MATERIALS,9
MCIA,INDUSTRIALS,9
MCNT Import,HEALTH CARE,9
MCP,ENERGY,9
MCP Inter-Steel,INDUSTRIALS,9
MCPAPER,CONSUMER DISCRETIONARY,9
MCSL,INFORMATION TECHNOLOGY,9
MCT,INFORMATION TECHNOLOGY,9
MCW,CONSUMER STAPLES,9
MD MEDICAL,HEALTH CARE,9
MD MEDICAL GROUP INVESTMENTS,HEALTH CARE,9
MD PROJECT 2000,HEALTH CARE,9
MD-Togliatti,REAL ESTATE,9
MDL FORWARDING CO.,INDUSTRIALS,9
MDM-LAIT,INDUSTRIALS,9
MDM-PRINT,NOT RELEVANT,9
MDS,CONSUMER DISCRETIONARY,9
MDS,INDUSTRIALS,9
MDTS POLIKLINIKA.RU,HEALTH CARE,9
MDV GRUPP,INDUSTRIALS,9
MEAT KING,CONSUMER STAPLES,9
MEBEL'NYE,CONSUMER DISCRETIONARY,9
MEBEL'NYE RESHENIYA,CONSUMER DISCRETIONARY,9
MEBELGRAD,CONSUMER DISCRETIONARY,9
MEBELNYI KONTINENT,NOT RELEVANT,9
MEBELNYI PROFIL,CONSUMER DISCRETIONARY,9
MECHEL,MATERIALS,9
MECHEL MANAGEMENT,NOT RELEVANT,9
MECHEL-KOK,MATERIALS,9
MECHEL-MINING,MATERIALS,9
MECHEL-TRANS,MATERIALS,9
MECHTA,CONSUMER DISCRETIONARY,9
MECOMIN S.A. REPRESENTATIVE,NOT RELEVANT,9
MED,HEALTH CARE,18
MED IT SOLUTIONS,INFORMATION TECHNOLOGY,9
MED KHOLDING,HEALTH CARE,9
MED PARTNERY-,HEALTH CARE,9
MED-IST,HEALTH CARE,9
MED-RUS,HEALTH CARE,9
MED-TORG,CONSUMER STAPLES,9
MEDASSIST,HEALTH CARE,18
MEDASSIST-K,HEALTH CARE,9
"MEDBUSINESSCONSULTING LIMITED, CO",HEALTH CARE,9
MEDCENTER,HEALTH CARE,9
MEDEKA,HEALTH CARE,9
MEDEKA-M,HEALTH CARE,9
MEDEKSPORT-SEVERNAYA ZVEZDA,HEALTH CARE,9
MEDEYKSPERT,HEALTH CARE,9
MEDGUARD-NABEREZHNYE CHELNY,HEALTH CARE,9
MEDGUARD-ULYANOVKS,HEALTH CARE,9
MEDI,HEALTH CARE,9
MEDIA,COMMUNICATIONS,18
MEDIA 108,INDUSTRIALS,9
MEDIA INC,CONSUMER DISCRETIONARY,9
MEDIA INSTINCT,CONSUMER DISCRETIONARY,9
MEDIA PLUS JOINT-STOCK,CONSUMER DISCRETIONARY,9
MEDIA VALUE,COMMUNICATIONS,9
MEDIAFARM,CONSUMER STAPLES,9
MEDIAKONTE,INFORMATION TECHNOLOGY,9
MEDIALAN,COMMUNICATIONS,9
MEDIAPLAN,COMMUNICATIONS,9
MEDIAPROJECT,INDUSTRIALS,9
MEDIASCOPE,CONSUMER DISCRETIONARY,9
MEDIASTERIS,CONSUMER DISCRETIONARY,9
MEDICA PRODUCT,HEALTH CARE,9
MEDICAL,HEALTH CARE,9
MEDICAL LEASING-CONSALTING,HEALTH CARE,9
MEDICAL PARTNERS-LEASING,HEALTH CARE,9
MEDICAL SYSTEMS,HEALTH CARE,9
MEDICINA ST.-PETERSBURG,HEALTH CARE,9
MEDIKAL,HEALTH CARE,9
MEDIKAL INZHINIRING,HEALTH CARE,9
MEDIKALTREID,HEALTH CARE,9
MEDILEKS,HEALTH CARE,9
MEDIMCOM,HEALTH CARE,9
MEDIMPORT,HEALTH CARE,9
MEDINGOF,HEALTH CARE,9
MEDINVEST GRUPP,CONSUMER STAPLES,9
MEDIPAL,HEALTH CARE,9
MEDIPAL-ONCO,HEALTH CARE,18
MEDISORB,HEALTH CARE,18
MEDISTA,HEALTH CARE,9
MEDITSINA PLYUS,HEALTH CARE,9
MEDITSINOFF,HEALTH CARE,9
MEDITSINSKAYA KOMPANIYA IDK,HEALTH CARE,9
MEDITSINSKIE TEKHNOLOGII,HEALTH CARE,9
MEDITSINSKII TSENTR AVITSENNA,NOT RELEVANT,9
MEDKHIM,HEALTH CARE,9
MEDKOR SPB,HEALTH CARE,9
MEDLAIN,HEALTH CARE,18
MEDLAIN VASILENKO,HEALTH CARE,9
MEDMIL,CONSUMER STAPLES,18
MEDONT,NOT RELEVANT,9
MEDOVYI,CONSUMER STAPLES,18
MEDPOLIMERPROM,HEALTH CARE,9
MEDPOLIMERPROM TH,HEALTH CARE,9
MEDPROEKT-ZAURAL'E,HEALTH CARE,9
MEDSERVIS,CONSUMER STAPLES,9
MEDSERVIS-REGION,HEALTH CARE,9
MEDSERVIS-REGION ZAKRYTOE AKTSIONER,HEALTH CARE,9
MEDSI,HEALTH CARE,18
MEDSI-UFA,HEALTH CARE,9
MEDSTALIN,HEALTH CARE,9
MEDSTALKONSTRUKTSIYA,HEALTH CARE,9
MEDSTANDART,HEALTH CARE,9
MEDTEKHNIKA RESPUBLIKI BASHKORTOS,INDUSTRIALS,9
MEDTOVAROPT,HEALTH CARE,9
MEDUNITSA,CONSUMER STAPLES,9
MEDVEDEV ALEKSANDR,CONSUMER STAPLES,9
MEDVEZHEGORSKY LESPROMHOZ,NOT RELEVANT,9
MEESENBURG,INDUSTRIALS,9
MEFERI,INFORMATION TECHNOLOGY,9
MEFFERT YAROSLAVL,INDUSTRIALS,9
MEG-R,ENERGY,9
MEGA AGENT,FINANCIALS,9
MEGA AVTO,NOT RELEVANT,9
MEGA MACHINERY,INDUSTRIALS,9
MEGA PLAST-IRTYSH,MATERIALS,9
MEGA-AUTO HOLDING,NOT RELEVANT,9
MEGA-OIL,INDUSTRIALS,9
MEGA-PLAST-IRTYSH,MATERIALS,9
MEGA-TRADE,CONSUMER STAPLES,9
MEGA-TREID,CONSUMER STAPLES,9
MEGACOM,CONSUMER STAPLES,9
MEGADENTA,HEALTH CARE,9
MEGAFON,COMMUNICATIONS,18
MEGAFRESH,INFORMATION TECHNOLOGY,9
MEGAMAG,NOT RELEVANT,9
MEGAMIKS,CONSUMER STAPLES,9
MEGAMIX,CONSUMER STAPLES,9
MEGANEFT',INDUSTRIALS,9
MEGAPACK,CONSUMER STAPLES,9
MEGAPLAST,MATERIALS,9
MEGAPLAST PLYUS,MATERIALS,9
MEGAPLIT,CONSUMER DISCRETIONARY,9
MEGAPOLICE GROUP,MATERIALS,9
MEGAPOLIS,CONSUMER STAPLES,18
MEGAPOLIS AG,REAL ESTATE,9
MEGAPOLIS LLS,CONSUMER DISCRETIONARY,9
MEGAPOLIS-GRUPP,HEALTH CARE,9
MEGAPOLIS-STIL',NOT RELEVANT,9
MEGASOL',CONSUMER STAPLES,9
MEGASTROY,CONSUMER STAPLES,9
MEGATAKT,MATERIALS,9
MEGATEKS,CONSUMER DISCRETIONARY,9
MEGATEP,MATERIALS,9
MEGATREID,NOT RELEVANT,9
MEGI,INDUSTRIALS,9
MEGOGO,CONSUMER DISCRETIONARY,9
MEKA LIMITED LIABILITY,NOT RELEVANT,9
MEKHANIKA joint stock co,CONSUMER DISCRETIONARY,9
MEKHANIZATOR,REAL ESTATE,9
MEKHANIZATSII I AVTOTR,INDUSTRIALS,9
MEKHANIZATSII-3,INDUSTRIALS,9
MEKHANIZATSIYA,ENERGY,9
MEKHANIZIROVANNAYA KOLONNA,INDUSTRIALS,9
MEKHANIZIROVANNAYA KOLONNA 24,UTILITIES,9
MEKHANIZIROVANNYI KOMPLEKS BAM,INDUSTRIALS,9
MEKHANIZIROVANNYKH,INDUSTRIALS,9
MEKHANOBR,MATERIALS,9
MEKHKOLONNA 26,UTILITIES,9
MEKHSTROI,INDUSTRIALS,9
MEKHZAVOD CENTER,CONSUMER DISCRETIONARY,9
MEL'NICHENKO DMITRII,CONSUMER STAPLES,9
MELEUZOVSKII ZAVOD ZHBK,ENERGY,9
MELIKOV VLADIMIR PAVLOVICH,CONSUMER DISCRETIONARY,9
MELIKOVA OLGA MIKHAILOVNA,INDUSTRIALS,9
MELIORATOR,CONSUMER STAPLES,9
MELKOM-OMSK,CONSUMER STAPLES,9
MELKOZEROV ALEKSEI ANATOL'EVICH,INDUSTRIALS,9
MELLER INDUSTRIBAU RUSSIYA,INDUSTRIALS,9
MELLYANEFT,ENERGY,9
MELON,CONSUMER DISCRETIONARY,9
MELON FASHION GROUP,CONSUMER DISCRETIONARY,9
MELSONDA HOLDINGS,MATERIALS,9
MELSTON INZHINIRING,CONSUMER DISCRETIONARY,9
MELSTON-SERVICE,ENERGY,9
MELT,INFORMATION TECHNOLOGY,9
MELTEYK,ENERGY,9
MELVO,CONSUMER STAPLES,9
MENDELEEVSKAYA,CONSUMER STAPLES,9
MEOTIDA,CONSUMER STAPLES,9
MERA Russ,COMMUNICATIONS,9
MERBAU SYNERGY,INDUSTRIALS,9
MERCATOR MEDICAL LIMITED LIABILIT,HEALTH CARE,9
MERCEDES-BENZ RUSSIA,CONSUMER DISCRETIONARY,9
MERCOR-PROOF,INDUSTRIALS,9
MERCURY,FINANCIALS,9
MERCURY,INDUSTRIALS,9
MERIDIAN,CONSUMER STAPLES,27
MERIDIAN,INDUSTRIALS,9
MERIDIAN AVSTRAMIT,CONSUMER STAPLES,9
MERIDIAN OBSHCHESTVO S,CONSUMER STAPLES,9
MERIDIEM,HEALTH CARE,9
MERKAD,CONSUMER DISCRETIONARY,9
MERKATOR,INDUSTRIALS,9
MERKURII,CONSUMER DISCRETIONARY,9
MERKURII,CONSUMER STAPLES,9
MERKURII,INDUSTRIALS,9
MERKURII-TELEKOM,COMMUNICATIONS,9
MERLION,INFORMATION TECHNOLOGY,9
MERZ PHARMA,HEALTH CARE,9
META,CONSUMER STAPLES,9
META,MATERIALS,9
META-INVEST,MATERIALS,9
METADYNEA,MATERIALS,9
METAFRAX,MATERIALS,9
METAFRAX CHEMICALS,MATERIALS,9
METAFRAX TRADING,MATERIALS,9
METAHIM,MATERIALS,9
METAKA,CONSUMER STAPLES,9
METALFRIO SOLUTIONS,INDUSTRIALS,9
METALL,INDUSTRIALS,9
METALL-RESOURCE,NOT RELEVANT,9
METALL-ZAVOD,INDUSTRIALS,9
METALLCREDIT,INDUSTRIALS,9
METALLEXP,FINANCIALS,9
METALLGLAVSNAB,NOT RELEVANT,9
METALLIMPRESS,INDUSTRIALS,9
METALLINE,INDUSTRIALS,18
METALLINVEST,INDUSTRIALS,9
METALLIST,INDUSTRIALS,18
METALLIST,MATERIALS,9
METALLIT,MATERIALS,9
METALLOINVEST,MATERIALS,9
METALLOINVESTLIZING JOINT STOCK C,MATERIALS,9
METALLOKOMPLEKT-M,MATERIALS,9
METALLOKONSTRUKCIY,INDUSTRIALS,9
METALLOKONSTRUKTSII APOLLO,INDUSTRIALS,9
METALLON,INDUSTRIALS,9
METALLOPLAST,INDUSTRIALS,9
METALLOPRODUKTSIYA,CONSUMER DISCRETIONARY,9
METALLOTCENTR,INDUSTRIALS,9
METALLOTORGOVAY KOMPANIYA KRASO O,MATERIALS,9
METALLPROEKT,INDUSTRIALS,9
METALLPROM,MATERIALS,9
METALLPROMSERVICE,INDUSTRIALS,9
METALLSERVICE,INDUSTRIALS,9
METALLSERVIS,INDUSTRIALS,9
METALLSERVIS-MOSKVA,INDUSTRIALS,9
METALLSERVISTSENTR,INDUSTRIALS,9
METALLURGICAL PLANT KAMASTAL J/S,NOT RELEVANT,9
METATRANSSTROY,MATERIALS,9
METCHIV,MATERIALS,18
METCHIV-PROM,MATERIALS,9
METELITSA,CONSUMER STAPLES,9
METIDA,CONSUMER STAPLES,9
METIDA-OPT,CONSUMER DISCRETIONARY,9
METIZ,MATERIALS,9
METIZ IMPEKS,HEALTH CARE,9
METIZ IMPEX,HEALTH CARE,9
METIZTRANS,INDUSTRIALS,9
METKOM,INDUSTRIALS,9
METKOM,MATERIALS,18
METMONTAZH-2,INDUSTRIALS,9
METOPTTORG,MATERIALS,9
METPROM-KONSALT,MATERIALS,9
METPROM-URAL,INDUSTRIALS,9
METPROMCONSTRUCTION,MATERIALS,9
METR,CONSUMER STAPLES,9
METRA REALTY,NOT RELEVANT,9
METRONOM,COMMUNICATIONS,9
METROPOLIS,CONSUMER STAPLES,9
METROPRESS,NOT RELEVANT,9
METROWAGONMASH,INDUSTRIALS,9
METTA,INDUSTRIALS,9
METTLER-TOLEDO,INDUSTRIALS,9
METTOIL,INDUSTRIALS,9
METUR,MATERIALS,9
MEYDKAU FIL'M,COMMUNICATIONS,9
MEYIDZHOR AVTO TSENTR,NOT RELEVANT,9
MEYLE,INDUSTRIALS,9
MEYNCH-M,HEALTH CARE,9
MEYRA RU LIMITED LIABILITY,HEALTH CARE,9
MEYS,INDUSTRIALS,9
MEYS,NOT RELEVANT,9
MEYU,CONSUMER DISCRETIONARY,9
MEZ YUG RUSI,CONSUMER STAPLES,9
MEZGDURECHIE,NOT RELEVANT,9
MEZHBOLNICHNAY APTEKA,CONSUMER STAPLES,9
MEZHDUNARODNAYA KOMPANIYA PUBLICH,HEALTH CARE,9
MEZHDUNARODNY FINANSOVIY CENTER E,CONSUMER DISCRETIONARY,9
MEZHENINOVSKAYA POULTRY PLANT,CONSUMER STAPLES,9
MEZHREGIONALNAYA TRUBNAYA,MATERIALS,9
MF OLIMP-MEBEL,CONSUMER DISCRETIONARY,9
MF-Komplekt,CONSUMER DISCRETIONARY,9
MFK BIORITM,HEALTH CARE,9
MFK Jamilco,CONSUMER DISCRETIONARY,9
MFT,ENERGY,9
MFUA,CONSUMER DISCRETIONARY,9
MGB METRO GROUP BUYING RUS,NOT RELEVANT,9
MGC GROUP,CONSUMER DISCRETIONARY,9
MGL METRO GROUP LOGISTICS,CONSUMER STAPLES,9
MGM,INDUSTRIALS,9
MGNEDVIZHIMOST-2,FINANCIALS,9
MGT,CONSUMER DISCRETIONARY,9
MGTS PLSC,NOT RELEVANT,9
MGTT,INDUSTRIALS,9
MHG,CONSUMER DISCRETIONARY,9
MHK,MATERIALS,9
MIASS AVTOMAGISTRAL OBSHCHESTVO S,INDUSTRIALS,9
MIC YELETS,HEALTH CARE,9
MICRON,NOT RELEVANT,9
MICROTEST,INFORMATION TECHNOLOGY,9
MIDAS SERVIS,INDUSTRIALS,9
MIDASKO,MATERIALS,9
MIEL,INDUSTRIALS,9
MIELE CIS,CONSUMER DISCRETIONARY,9
MIKA,HEALTH CARE,9
MIKHAIL YURIEVICH,CONSUMER DISCRETIONARY,9
MIKHAILOV ANDREI VIKTOROVICH,INDUSTRIALS,9
MIKHAILOV PARTNERS.STRATEGIC,CONSUMER DISCRETIONARY,9
MIKHEYEVSKY,MATERIALS,9
MIKOTRANS,CONSUMER STAPLES,9
MIKPROM,CONSUMER STAPLES,9
MIKRON,MATERIALS,9
MIKROTENZOR,INFORMATION TECHNOLOGY,9
MIKS-S,CONSUMER STAPLES,9
MILAVITSA - NOVOSIBIRSK,CONSUMER DISCRETIONARY,9
MILESTONE,COMMUNICATIONS,9
MILFOODS,CONSUMER STAPLES,9
MILK KASKAD,CONSUMER STAPLES,9
MILKBOX LIMITED LIABILITY,CONSUMER STAPLES,9
MILKEYKSPRESS,CONSUMER STAPLES,9
MILKIMPORT-S,NOT RELEVANT,9
MILKLINE,CONSUMER STAPLES,9
MILKOM,CONSUMER STAPLES,9
MILLEROVSKIY VINZAVOD,CONSUMER STAPLES,9
MILORADA,CONSUMER STAPLES,18
MILSPED,INDUSTRIALS,9
MIMONS INVESTMENTS,INFORMATION TECHNOLOGY,9
MINAGRO-KUBAN,CONSUMER STAPLES,9
MINERAL-KHORS,MATERIALS,9
MINERALS,MATERIALS,18
MINETECH MACHINERY,INDUSTRIALS,9
MINGALEV EVGENY DMITRIEVICH,ENERGY,9
MINIMAX,CONSUMER DISCRETIONARY,9
MINING,INDUSTRIALS,9
MINING COMPANY URAL GOLD,NOT RELEVANT,9
MINING ELEMENT LTD,INDUSTRIALS,9
MINING SERVICE,MATERIALS,9
MINIORGSINTEZ,NOT RELEVANT,9
MINSKII MOLOCHNYI ZAVOD N1,CONSUMER STAPLES,9
MINSKOBLPRODUKT,CONSUMER STAPLES,9
MINTAY DV CO,CONSUMER STAPLES,9
MINUSINSK,CONSUMER STAPLES,9
MIP-STROI N,INDUSTRIALS,9
MIR,CONSUMER STAPLES,9
MIR,ENERGY,9
MIR,HEALTH CARE,9
MIR,MATERIALS,9
MIR DETSTVA COMPANY,NOT RELEVANT,9
MIR KHOBBY,CONSUMER DISCRETIONARY,9
MIR KOMFORTA,CONSUMER DISCRETIONARY,9
MIR MASHIN,INDUSTRIALS,9
MIR MOROZHENOGO,CONSUMER STAPLES,9
MIR SYROV,CONSUMER STAPLES,9
MIR UPAKOVKI GAVRILOVA,CONSUMER DISCRETIONARY,9
MIR-PHARM,HEALTH CARE,18
MIRA,REAL ESTATE,9
MIRALKO-OPT,CONSUMER STAPLES,9
MIRALODZHIK SI,COMMUNICATIONS,9
MIRATORG,CONSUMER STAPLES,9
MIRATORG FINANS,CONSUMER STAPLES,9
MIRAX,ENERGY,9
MIRAZH,CONSUMER STAPLES,9
MIRAZH-CINEMA,CONSUMER DISCRETIONARY,9
MIREX COMPANY,NOT RELEVANT,9
MIRIHIA HOLDINGS,INDUSTRIALS,9
MIRITAL,CONSUMER STAPLES,9
MIROVAYA TECHNIKA-KUBAN,INDUSTRIALS,9
MIROVYE TEKHNOLOGII,CONSUMER STAPLES,9
MIRRICO,ENERGY,9
MIRT,NOT RELEVANT,9
MIRTEK,INDUSTRIALS,9
MIRUS MEDICAL,HEALTH CARE,9
MIS,ENERGY,9
MISERICORDIA,FINANCIALS,9
MISHEL' I K,CONSUMER DISCRETIONARY,9
MISMA,CONSUMER STAPLES,18
MISMA PRO,CONSUMER STAPLES,9
MISTRAL ALCO,CONSUMER STAPLES,9
MIT STAR,CONSUMER STAPLES,9
MIT-MASS-SPEKTROMETRICHESKIE,INDUSTRIALS,9
MITEK,FINANCIALS,9
MITRA,REAL ESTATE,9
MITSUBER,NOT RELEVANT,9
MIUZ,CONSUMER DISCRETIONARY,9
MIXIT,CONSUMER STAPLES,9
MIYAKIMOLZAVOD,CONSUMER STAPLES,9
MK EVROSMART,CONSUMER STAPLES,9
MK RAZVITIE,FINANCIALS,9
MK SPLAV-3,NOT RELEVANT,9
MK TEKHNEKS,INDUSTRIALS,9
MK-HOLDING,CONSUMER STAPLES,9
MKE DOBROGOST,CONSUMER STAPLES,9
MKF,CONSUMER STAPLES,9
MKNT Import,HEALTH CARE,9
MKS,INDUSTRIALS,18
MKS-NOVOSIBIRSK,CONSUMER DISCRETIONARY,9
MKT,INDUSTRIALS,9
MKT,INFORMATION TECHNOLOGY,9
MKT-ASDM,INDUSTRIALS,9
ML,MATERIALS,9
ML INVEST,CONSUMER STAPLES,9
MLC-SOUTH,HEALTH CARE,9
MLK,CONSUMER STAPLES,9
MLK,HEALTH CARE,9
MLRZ MILOREM,INDUSTRIALS,9
MM,INDUSTRIALS,9
MM KARTON RUSSIA,MATERIALS,9
MMK,HEALTH CARE,9
MMK,MATERIALS,9
MMK ISET'-MOLOKO,CONSUMER STAPLES,9
MMK-LMZ,MATERIALS,9
MMK-LUCH OBSHCHESTVO S OGRANICHEN,MATERIALS,9
MMK-METIZ,MATERIALS,9
MMP,INDUSTRIALS,9
MMZ,ENERGY,9
MN Medical,HEALTH CARE,9
MN-HOLDING,NOT RELEVANT,9
MNC,CONSUMER STAPLES,9
MNOGO MEBELI,CONSUMER DISCRETIONARY,9
MNP,NOT RELEVANT,9
MNP-ONSHOREOFFSHORE GROUP,NOT RELEVANT,9
MNPK BIOTIKI,HEALTH CARE,9
MO OTDEL MEDITSINSKOI TEKHNIKI,HEALTH CARE,9
MO UPRAVLENIE VNEBJUDZHETNOGO,INDUSTRIALS,9
MOBIL',INDUSTRIALS,9
MOBIL'NAYA OBLAST',CONSUMER DISCRETIONARY,9
MOBILEND,CONSUMER DISCRETIONARY,9
MOBILIDI CO,CONSUMER DISCRETIONARY,9
MOBILNY RITEIL,CONSUMER DISCRETIONARY,9
MOBILNYE,CONSUMER DISCRETIONARY,9
MOBILSOVET,CONSUMER DISCRETIONARY,9
MOBY DIK COMPANY,INDUSTRIALS,9
MODERN MACHINERY FAR,INDUSTRIALS,9
MODERN MINING TECHNOLOGIES L.L.C.,MATERIALS,9
MODNY,CONSUMER DISCRETIONARY,9
MODUL,INDUSTRIALS,9
MODUL BKTP,INDUSTRIALS,9
MODUL SERVIS,CONSUMER DISCRETIONARY,9
MODUL TERMINAL,INDUSTRIALS,9
MOI DOKTOR,CONSUMER STAPLES,9
MOK AUTOTRANS,NOT RELEVANT,18
MOK-PROIZVODSTVO,CONSUMER STAPLES,9
MOKROE,CONSUMER STAPLES,9
MOL-COM YENISEY,CONSUMER STAPLES,9
MOL-KOM NEVA,CONSUMER STAPLES,9
MOLGRAD BRYANSK,CONSUMER STAPLES,9
MOLIREN,INDUSTRIALS,9
MOLL,NOT RELEVANT,9
MOLNIYA,INDUSTRIALS,9
MOLNIYA-KOMPLEKT,INDUSTRIALS,9
MOLOCHIY,CONSUMER STAPLES,9
MOLOCHNAYA REKA,CONSUMER STAPLES,9
MOLOCHNO-TOVARNYI KOMPL,CONSUMER STAPLES,9
MOLOCHNOE DELO,CONSUMER STAPLES,9
MOLOCHNYE PRODUKTY,NOT RELEVANT,9
MOLOCHNYI,CONSUMER STAPLES,18
MOLOCHNYI KOMBINAT,CONSUMER STAPLES,9
MOLOCHNYI KOMBINAT OTKRYT,CONSUMER STAPLES,9
MOLOCHNYI ZAVOD,CONSUMER STAPLES,9
MOLODETS,CONSUMER STAPLES,18
MOLOKO,CONSUMER STAPLES,9
MOLOKO CHERNOZEMYA,CONSUMER STAPLES,9
MOLOKO ZAURAL'YA,CONSUMER STAPLES,9
MOLOT,INDUSTRIALS,9
MOLPRODEXPO,CONSUMER STAPLES,9
MONACO CINEMA,NOT RELEVANT,9
MONARCH,NOT RELEVANT,9
MONARKH I M,NOT RELEVANT,9
MONARKH-SAMARA,CONSUMER DISCRETIONARY,9
MONE,CONSUMER DISCRETIONARY,9
MONEKS GREIN,CONSUMER STAPLES,9
MONITOR,CONSUMER DISCRETIONARY,9
MONITOR SINEMA,COMMUNICATIONS,9
MONKI,CONSUMER DISCRETIONARY,9
MONOLIT,CONSUMER DISCRETIONARY,9
MONOLIT,CONSUMER STAPLES,18
MONOLIT,MATERIALS,9
MONOLIT,NOT RELEVANT,9
MONOLIT GK,MATERIALS,9
MONOLITSTROY,NOT RELEVANT,9
MONOPOLIYA. ONLAIN,INDUSTRIALS,9
MONRETRANS,INDUSTRIALS,9
MONTAZHNIK,INDUSTRIALS,9
MONTAZHTEKHSTROI,ENERGY,9
MORDOVCEMENT,NOT RELEVANT,9
MORDOVNEFTEPRODUKT,NOT RELEVANT,9
MORDOVSKII BEKON,CONSUMER STAPLES,9
MORDOVVTORSYR'E,MATERIALS,9
MORION,INDUSTRIALS,9
MORNEFTEGAZSTROY,ENERGY,9
MOROZ,CONSUMER STAPLES,9
MOROZHENOGO SLAVITSA,CONSUMER STAPLES,9
MOROZKO,CONSUMER STAPLES,9
MOROZOV ALEKSEI VALER'EVICH,HEALTH CARE,9
MOROZOV DENIS SERGEEVICH,NOT RELEVANT,9
MOROZOV SERGEY PETROVICH,NOT RELEVANT,9
MOROZOVSKAYA PTITSEFABRIKA,CONSUMER STAPLES,9
MORSKAYA PLANETA,CONSUMER STAPLES,9
MORSKOE AGENSTVO SILMAR,INDUSTRIALS,9
MORSKOI,INDUSTRIALS,9
MORSKOI RYBNYI,INDUSTRIALS,9
MORSKOI TRAST,INDUSTRIALS,9
MOS,INDUSTRIALS,9
MOSAGROAPPARATUS,INDUSTRIALS,9
MOSCOW REGIONAL LIGHTING,UTILITIES,9
MOSCOW REPRESENFATIVE OFFICE OF N,NOT RELEVANT,9
MOSCOW SUN,REAL ESTATE,9
MOSENERGO,UTILITIES,18
MOSENERGOPROEKT,UTILITIES,9
MOSEYNERGOSBYT,UTILITIES,9
MOSFRAKHT,NOT RELEVANT,9
MOSINZHBETON,MATERIALS,9
MOSINZHPROEKT,INDUSTRIALS,18
MOSKOVIYA,INDUSTRIALS,9
MOSKOVSKAYA OREHOVAYA,CONSUMER STAPLES,9
MOSKOVSKAYA OREKHOVAYA,CONSUMER STAPLES,9
MOSKOVSKII FILIAL OOO UAZ,CONSUMER DISCRETIONARY,9
MOSKOVSKIY LRZ,INDUSTRIALS,9
MOSKOVSKOE PROP MINTRUDA ROS,HEALTH CARE,9
MOSKVA-KRASNYE KHOLMY,REAL ESTATE,9
MOSKVORECHYE,CONSUMER STAPLES,9
MOSLIFT,INDUSTRIALS,9
MOSOBLFARM,HEALTH CARE,9
MOSOBLPOLIMER,CONSUMER STAPLES,9
MOSOBLSTROI-31,INDUSTRIALS,18
MOSOBLTRANS-1,INDUSTRIALS,9
MOSPROMSTROY,INDUSTRIALS,9
MOSPROMSTROYMATERIALY,NOT RELEVANT,9
MOSREGIONSTROI,INDUSTRIALS,9
MOSSIBINVESTSTROI,NOT RELEVANT,9
MOSSTEKLO,CONSUMER DISCRETIONARY,9
MOSSTROI,NOT RELEVANT,9
MOSSTROI-31,INDUSTRIALS,9
MOSSTROI-31,NOT RELEVANT,9
MOSSTROITRANSGAZ,INDUSTRIALS,9
MOSSTROY,INDUSTRIALS,9
MOSSTROY POVOLZHIE,NOT RELEVANT,9
MOSSTROY-31 YUG,NOT RELEVANT,9
MOST,MATERIALS,9
MOST-1,MATERIALS,9
MOST-VOSTOK CONSTRUCTION,NOT RELEVANT,9
MOSTDORSTROI,INDUSTRIALS,9
MOSTGEOCENTER,INDUSTRIALS,9
MOSTOOTRYAD-47 PODMOSKOVE,INDUSTRIALS,9
MOSTOSTROY-11 JOINT-STOCK,INDUSTRIALS,9
MOSTOTREST,INDUSTRIALS,18
MOSTOTREST SK,NOT RELEVANT,9
MOSTOTREST-SERVIS,INDUSTRIALS,9
MOSTOVIK,INDUSTRIALS,9
MOSTRANSEXPEDITION,FINANCIALS,9
MOSTREMSTROI,INDUSTRIALS,9
MOSTSTROIPROEKT,INDUSTRIALS,9
MOSTY I TONNELI,INDUSTRIALS,9
MOSTY RT,INDUSTRIALS,9
MOSZOOVETSNAB,HEALTH CARE,9
MOTION PRODUCTS,INDUSTRIALS,9
MOTOGRAD,CONSUMER DISCRETIONARY,9
MOTOR CO. LTD. (JAPAN),NOT RELEVANT,9
MOTOR SUPER,NOT RELEVANT,9
MOTORLAND-MSK,CONSUMER DISCRETIONARY,9
MOTORS,CONSUMER DISCRETIONARY,27
MOTOVILICHA PLANTS,NOT RELEVANT,9
MOTUL Deutschland GmbH,NOT RELEVANT,9
MOYALINO,CONSUMER STAPLES,9
MP,INFORMATION TECHNOLOGY,9
MP SOVTRANSAVTO-BRYANSK-KHOLDI,INDUSTRIALS,9
MP ZORINSKOE,CONSUMER STAPLES,9
MP-Medical,HEALTH CARE,9
MPA Medical Partners-Engineering,HEALTH CARE,9
MPC TOSNENSKIY,CONSUMER STAPLES,9
MPE,CONSUMER DISCRETIONARY,9
MPK,CONSUMER STAPLES,9
MPK-LOGISTIK,CONSUMER STAPLES,9
MPNU Energotechmontage,INDUSTRIALS,9
MPO ELEKTROMONTAZH,INDUSTRIALS,9
MPO KLASSIKA,COMMUNICATIONS,9
MPP Atyashevsky,CONSUMER STAPLES,9
MPP YUZHNOE,CONSUMER STAPLES,9
MPS INZHINIRING,INDUSTRIALS,9
MPZ,MATERIALS,9
MPZ OKRAINA,CONSUMER STAPLES,9
MRAMOREKS,MATERIALS,9
MRC,INDUSTRIALS,9
MRF,CONSUMER STAPLES,9
MRKS,ENERGY,9
MRMZ,INDUSTRIALS,9
MRSK Urala,UTILITIES,9
MRSU,INDUSTRIALS,9
MRSU-1,INDUSTRIALS,9
MRSV,CONSUMER DISCRETIONARY,9
MRT EYKSPERT LIPETSK,HEALTH CARE,9
MRT Ekspert,HEALTH CARE,9
MRT- EYKSPERT PETROZAVODSK,HEALTH CARE,9
MRT-EYKSPERT,HEALTH CARE,9
MRU AO MALYSHEVSKOE RUDOUPRAVL,NOT RELEVANT,9
MS,ENERGY,9
MS Bio,CONSUMER STAPLES,9
MS OIL,ENERGY,9
MS TRAK,INDUSTRIALS,9
MS UNITED,NOT RELEVANT,9
MS-ANALITIKA,INDUSTRIALS,18
MS-ANALITIKA-SERVIS,INDUSTRIALS,9
MS-Bunker Co.,INDUSTRIALS,9
MS-INZHINIRING,INDUSTRIALS,9
MS-OfficePro,INDUSTRIALS,9
MS-PROEKT,INDUSTRIALS,9
MSC TechnoService,INDUSTRIALS,9
MSD Pharmaceuticals,HEALTH CARE,9
MSI,INDUSTRIALS,9
MSK,CONSUMER STAPLES,9
MSK,HEALTH CARE,9
MSK,INDUSTRIALS,9
MSK GRUPP,INDUSTRIALS,9
MSK GURT,CONSUMER STAPLES,9
MSK TYUKALINSKII,CONSUMER STAPLES,9
MSKH,INDUSTRIALS,9
MSM-INVEST,NOT RELEVANT,9
MSMO,HEALTH CARE,9
MSPC,INDUSTRIALS,9
MSRT,HEALTH CARE,9
MSSP,NOT RELEVANT,9
MST,HEALTH CARE,9
MSTG-INZHINIRING,INDUSTRIALS,9
MSU-1,INDUSTRIALS,9
MSV,MATERIALS,9
MSZ,INDUSTRIALS,9
MSZ BULAT,ENERGY,9
MT -,INDUSTRIALS,9
MTK,INDUSTRIALS,18
MTK AK,CONSUMER STAPLES,9
MTK SIRIUS,HEALTH CARE,9
MTK-STROI,INDUSTRIALS,9
MTL,HEALTH CARE,9
MTM,INFORMATION TECHNOLOGY,9
MTM,MATERIALS,9
MTM Group,CONSUMER STAPLES,9
MTO,INDUSTRIALS,9
MTS,COMMUNICATIONS,9
MTS FILOSOFIYA KRASOTY I ZDOROV'Y,HEALTH CARE,9
MTSSM EVROMED,HEALTH CARE,9
MTT,COMMUNICATIONS,18
MTU YUKS,INDUSTRIALS,9
MUKOMOL,CONSUMER STAPLES,9
MUKOVOZOV,CONSUMER STAPLES,9
MULTICARTA - ISS,INFORMATION TECHNOLOGY,9
MULTIFLEX,MATERIALS,9
MULTIFORMATNAYAREKLAMA,INDUSTRIALS,9
MULTILEIBL,MATERIALS,9
MULTIMENU,CONSUMER DISCRETIONARY,9
MULTIPRO,CONSUMER STAPLES,9
MULTON PARTNERS,CONSUMER STAPLES,9
MUNITSIPAL'NOE UNITARNOE PREDPRIY,UTILITIES,9
MUP IRKUTSKAVTODOR,INDUSTRIALS,9
MURASHOVA IRINA EVGEN'EVNA,CONSUMER STAPLES,9
MURAVEI,CONSUMER DISCRETIONARY,9
MURMANSK,HEALTH CARE,9
MURMANSKAYA TETS,UTILITIES,9
MURMANSKIY TRALOVY FLOT,CONSUMER STAPLES,9
MUROMETZ,MATERIALS,9
MUSIC,NOT RELEVANT,9
MUSIC LABEL BLACK,CONSUMER DISCRETIONARY,9
MUSKAT,CONSUMER STAPLES,9
MUST,INFORMATION TECHNOLOGY,9
MUSTANG MOTORS,CONSUMER DISCRETIONARY,9
MUSTANG-SIBIR,CONSUMER STAPLES,9
MUSTANG-SIBIR,MATERIALS,9
MUZA,CONSUMER STAPLES,27
MUZTORG,CONSUMER DISCRETIONARY,9
MUZYKANT,CONSUMER DISCRETIONARY,9
MV-GRUPP,INDUSTRIALS,9
MVS,HEALTH CARE,9
MX,CONSUMER DISCRETIONARY,9
MY PROJECT,INDUSTRIALS,9
MYASKO,CONSUMER STAPLES,18
MYASNAYA KOMPANIYA,CONSUMER STAPLES,9
MYASNOE PODVORE,CONSUMER STAPLES,9
MYASNOFF-DON,CONSUMER STAPLES,9
MYASNOI DOM OBSHCHESTVO S,CONSUMER STAPLES,9
MYASNOI TREST V.E.S.,NOT RELEVANT,9
MYASNOV - 77,NOT RELEVANT,9
MYASNOV AND OTDOKHNI,CONSUMER STAPLES,9
MYASOKOMBINAT,CONSUMER STAPLES,27
MYASOKOMBINAT BOBROVSKII,CONSUMER STAPLES,9
MYASOPRODUKT,CONSUMER STAPLES,18
MYASSNAB,CONSUMER STAPLES,18
MYASTORG OBSHCHESTVO S,CONSUMER STAPLES,9
MYMMA GROUP,CONSUMER DISCRETIONARY,9
MYREST PIZZA,CONSUMER DISCRETIONARY,9
MYSKHAKO,CONSUMER STAPLES,9
MYTISHCHI,HEALTH CARE,9
MYTISHCHINSKAYA TEPLOSET',UTILITIES,9
MZ POTOK,INDUSTRIALS,9
MZK Export,CONSUMER STAPLES,9
MZMO,HEALTH CARE,9
MZTA,ENERGY,18
MZVA-CHEYMZ,INDUSTRIALS,9
"Machtec International Co.,",ENERGY,9
Magellan Production Limited,CONSUMER DISCRETIONARY,9
Magnezit Group,MATERIALS,9
Magnezit Holdings,MATERIALS,9
Magnit,CONSUMER STAPLES,9
Magniy,CONSUMER DISCRETIONARY,9
Magnolia,CONSUMER STAPLES,9
Mail.ru Finance,INFORMATION TECHNOLOGY,9
Maison Dellos,CONSUMER DISCRETIONARY,9
Major Auto,INDUSTRIALS,9
Majorpack Rus,ENERGY,9
Make it Music,CONSUMER DISCRETIONARY,9
Mallit,INFORMATION TECHNOLOGY,9
Management Company Delo,INDUSTRIALS,9
"Management company LAND,",INDUSTRIALS,9
Mantrac Vostok,INDUSTRIALS,9
Mantsinen,INDUSTRIALS,9
Mantsov,INDUSTRIALS,9
Manupackaging Rus,MATERIALS,9
Marathon,HEALTH CARE,9
Marcon-Kholod,MATERIALS,9
Mareven,CONSUMER STAPLES,9
Maria,CONSUMER DISCRETIONARY,9
MariaboHilleshog,CONSUMER STAPLES,9
Mariinsk,CONSUMER STAPLES,9
Markelov Dimitri,NOT RELEVANT,9
Market Lain,CONSUMER STAPLES,9
Marmalato.ru,CONSUMER DISCRETIONARY,9
MartiKom,CONSUMER DISCRETIONARY,9
Marussia Beverages RUS,CONSUMER STAPLES,9
Mary Kay Joint Stock,CONSUMER STAPLES,9
Maryina Roscha Plaza,REAL ESTATE,9
Mashineriya,MATERIALS,9
Maslenytsa,CONSUMER STAPLES,9
Maslon,ENERGY,9
Master Chemicals,MATERIALS,9
Mastercroft,MATERIALS,9
Masterfood,CONSUMER STAPLES,9
Matytsyn,INDUSTRIALS,9
Max Motors,INDUSTRIALS,9
"Maxim Gorkiy Plus,",CONSUMER STAPLES,9
Maximum,INDUSTRIALS,9
May Company,CONSUMER STAPLES,9
May-Venture,CONSUMER STAPLES,9
Mayak,CONSUMER STAPLES,9
Maykopskoe,INDUSTRIALS,9
Maykor,INFORMATION TECHNOLOGY,9
McCANN-ERICKSON WORLDWIDE,CONSUMER DISCRETIONARY,9
Mcd Holdings,NOT RELEVANT,9
Meat Fabrique Co.,CONSUMER STAPLES,9
Meat Processing Plant Pavlovs,CONSUMER STAPLES,9
Mebelgrad,CONSUMER DISCRETIONARY,9
Mechtarium,CONSUMER DISCRETIONARY,9
MedGuard,HEALTH CARE,9
MedInvest,HEALTH CARE,9
MedWell,HEALTH CARE,18
Medguard-Orenburg,HEALTH CARE,9
Medguard-Saratov,HEALTH CARE,9
Medholding,HEALTH CARE,9
Media,CONSUMER DISCRETIONARY,9
Media Holding,CONSUMER DISCRETIONARY,9
Media One Holdings,CONSUMER DISCRETIONARY,9
MediaMaker,CONSUMER DISCRETIONARY,9
MediaMind,CONSUMER DISCRETIONARY,9
MediaSystem,CONSUMER DISCRETIONARY,9
Medical Investment,HEALTH CARE,9
Medicaltrade,HEALTH CARE,9
Mediciana,HEALTH CARE,9
Medicine 2000,HEALTH CARE,9
Mediterranean Shipping,INDUSTRIALS,9
Medpostavka,HEALTH CARE,9
Medservis,HEALTH CARE,9
Medsi 2,HEALTH CARE,9
Mega-Invest,CONSUMER STAPLES,9
MegaFon Retail,COMMUNICATIONS,9
Megalead,FINANCIALS,9
Megapolis,CONSUMER STAPLES,18
Megastore,MATERIALS,9
Megatrans,INDUSTRIALS,9
Melarin,INDUSTRIALS,9
Meleuz Milk Canning,CONSUMER STAPLES,9
Meliostroy,INDUSTRIALS,9
Melody of health,CONSUMER STAPLES,9
Meltek,ENERGY,9
Melytec,INDUSTRIALS,9
Melytec Testing,INDUSTRIALS,9
Mercury Moda,CONSUMER DISCRETIONARY,9
Meridian,INDUSTRIALS,9
Meridian-Trading,CONSUMER STAPLES,9
Merlion,INFORMATION TECHNOLOGY,9
Merz,HEALTH CARE,9
Metal Trade,MATERIALS,9
Metallinvest MC,INDUSTRIALS,9
Metallostroy,INDUSTRIALS,9
Metallpak,MATERIALS,9
Metprom-Ural,INDUSTRIALS,9
Metran,INFORMATION TECHNOLOGY,9
Metta,INDUSTRIALS,9
Mezhregiontorg-Ukhta,CONSUMER STAPLES,9
Milavitsa-N,CONSUMER DISCRETIONARY,9
MildMed,HEALTH CARE,9
Milk Co,CONSUMER STAPLES,9
Millenium,CONSUMER STAPLES,9
Mine Taborny,MATERIALS,9
Mining Solutions,MATERIALS,18
Mir Comforta,CONSUMER DISCRETIONARY,9
Mir lekarstv,HEALTH CARE,9
MirTech,INDUSTRIALS,9
Miracle Pharm,HEALTH CARE,9
Miratorg,CONSUMER STAPLES,9
Miratorg Zapad,CONSUMER STAPLES,9
MiraxBioPharma Joint Stock,HEALTH CARE,9
Mirecon,HEALTH CARE,9
Mirrico Export,ENERGY,9
Mirtech,INDUSTRIALS,9
Mirtek,INDUSTRIALS,9
Mistral,CONSUMER STAPLES,18
Mitutoyo RUS,INFORMATION TECHNOLOGY,9
Mixit,CONSUMER STAPLES,9
Mnogo Mebeli,CONSUMER DISCRETIONARY,9
Mnogovershinnoye,MATERIALS,9
Mobil-steklo,INDUSTRIALS,9
Mobile Servise,INDUSTRIALS,9
Mobile TeleSystems Public Joint Sto,COMMUNICATIONS,9
Mobility,INDUSTRIALS,9
Mobimed,HEALTH CARE,9
Modern Glass,INDUSTRIALS,9
Modi,CONSUMER DISCRETIONARY,9
Molvest,CONSUMER STAPLES,9
Mon'delez Rus,CONSUMER STAPLES,9
Monopoly,INDUSTRIALS,9
Mordovian tribal center,CONSUMER STAPLES,9
Morem,CONSUMER STAPLES,9
Morem Agro,CONSUMER STAPLES,9
Morozovka,MATERIALS,9
Morskoy Trast,INDUSTRIALS,9
Morstroy,INDUSTRIALS,9
Morwenna Shipping Company,INDUSTRIALS,9
MosGorMash,INDUSTRIALS,9
MosKhozTorg,CONSUMER DISCRETIONARY,9
Moscow Brewing,NOT RELEVANT,9
Moscow Refinery,ENERGY,9
Moscow School of Management SKOLK,CONSUMER DISCRETIONARY,9
"Mossa Distribution,",CONSUMER STAPLES,9
Most,CONSUMER DISCRETIONARY,9
Motivi-M,CONSUMER DISCRETIONARY,9
Motorlend,CONSUMER DISCRETIONARY,9
Moulin Villa,CONSUMER DISCRETIONARY,9
Mozhga Woodworking Enterprise,CONSUMER DISCRETIONARY,9
Mud Master,INDUSTRIALS,9
Multi Business Logistic,INDUSTRIALS,9
Multi-payment system Limited Liabil,INDUSTRIALS,9
Multon,CONSUMER STAPLES,9
Munz Group,CONSUMER DISCRETIONARY,9
Murom Switch,INDUSTRIALS,9
Mushrooms Invest,INDUSTRIALS,9
MyRest,CONSUMER DISCRETIONARY,9
Mytischinskaya Teploset,UTILITIES,9
N 33,CONSUMER STAPLES,9
N'YUKHAVN,CONSUMER DISCRETIONARY,9
N-49,NOT RELEVANT,9
N-Tyres,CONSUMER DISCRETIONARY,9
N.F.G.,NOT RELEVANT,9
N.W. RESTATE CO,INDUSTRIALS,9
N1.RU,CONSUMER DISCRETIONARY,9
N12,MATERIALS,9
NA,HEALTH CARE,18
NA AVTOZAVODSKOI,HEALTH CARE,9
NA DOROZHNOI,HEALTH CARE,9
NA TAGANSKOI,HEALTH CARE,18
NACIONALNOE BURO KREDITNIH ISTORI,INFORMATION TECHNOLOGY,9
NADEZHDA,CONSUMER STAPLES,9
NADEZHDINSKI METALLURGICAL PLANT,MATERIALS,9
NADEZHNYE PARTNERY,CONSUMER STAPLES,9
NADOMARKET,CONSUMER DISCRETIONARY,9
NAFTA,ENERGY,9
NAFTATEYK,ENERGY,9
NAFTATRANS,INDUSTRIALS,9
NAFTATRANS,NOT RELEVANT,9
NAFTATRANS-M,INDUSTRIALS,9
NAG,INFORMATION TECHNOLOGY,9
NAGAIBAKSKII PTITSEVODCHESKII,CONSUMER STAPLES,9
NAGNOINYI SERGEI IGOREVICH,CONSUMER DISCRETIONARY,9
NAIR,INDUSTRIALS,9
NAIS,HEALTH CARE,9
NALCO COMPANY,MATERIALS,9
NALOBINSKAYA PTITSEFABRIKA,CONSUMER STAPLES,9
NAM,CONSUMER DISCRETIONARY,9
NAMA,CONSUMER STAPLES,9
NAMERENIE,CONSUMER DISCRETIONARY,9
NANDUQ PLC,FINANCIALS,9
NANOTEKH,MATERIALS,9
NAO,HEALTH CARE,9
NAO MFK,HEALTH CARE,9
NARODNYY MAGAZIN,CONSUMER STAPLES,9
NARYAN MAR SEISMORAZVEDKA,ENERGY,9
NASH KONTINENT,CONSUMER STAPLES,9
NASHA IGRUSHKA,CONSUMER DISCRETIONARY,9
NASHA PTITSA,CONSUMER STAPLES,9
NASHE,CONSUMER STAPLES,9
NASHE MYASO,CONSUMER STAPLES,9
NASIBOV NEMAT NASIR OGLY,HEALTH CARE,9
NASOSY PNITI,INDUSTRIALS,9
NASTOYASHCHEGO MOROZHENOG,CONSUMER STAPLES,9
NASTYSHA ZERNOVAYA KOMPANIYA,CONSUMER STAPLES,9
NAT DISTRIB COMP,NOT RELEVANT,9
NATEK,ENERGY,9
NATEYK-NEFTEKHIMMASH,ENERGY,9
NATIONAL EQUESTRIAN PARK,CONSUMER DISCRETIONARY,9
NATIONAL FRUIT COMPANY JFC,CONSUMER STAPLES,9
NATIONAL SATELLITE COMPANY JOINT,CONSUMER DISCRETIONARY,9
NATURA,CONSUMER STAPLES,9
NATURA SIBERICA,CONSUMER STAPLES,9
NATUROVO,CONSUMER STAPLES,9
NAUCH-PR OB VICHISLITELNIX,INFORMATION TECHNOLOGY,9
NAUCHNO-ISSLEDOVATEL'SKII INZHINI,UTILITIES,9
NAUCHNO-METODICHESKI TSENTR K,HEALTH CARE,9
NAUCHNO-PROIZVODSTVENNAYA,ENERGY,9
NAUCHNO-PROIZVODSTVENNAYA FIRMA M,NOT RELEVANT,9
NAUCHNO-PROIZVODSTVENNOE PREDPRIY,INDUSTRIALS,9
NAUCHNO-PROIZVODSTVENNOE PREDPRIY,MATERIALS,9
NAUCHNO-TEKHNICHESKII TSENTR GALE,INFORMATION TECHNOLOGY,9
NAUCHNO-VNEDRENCHESKAYA FIRMA SEN,ENERGY,9
NAUKA-SVYAZ',COMMUNICATIONS,9
NAVIGATOR,INDUSTRIALS,9
NAVIS,INFORMATION TECHNOLOGY,9
NAVIS jsc,INFORMATION TECHNOLOGY,9
NAVITEK,HEALTH CARE,9
NAWINIA RUS,INDUSTRIALS,9
NAYADA Co.LTD,INDUSTRIALS,9
NAZAROV DMITRII BORISOVICH,CONSUMER DISCRETIONARY,9
NAZAROVO-METALLURGSERVIS,MATERIALS,9
NAZAROVSKAYA GRES,UTILITIES,9
NBAMR,CONSUMER STAPLES,9
NBE,UTILITIES,9
NBEY,UTILITIES,9
NBK,INDUSTRIALS,9
NBK Group,INDUSTRIALS,9
NBK TRADE,MATERIALS,9
NBPC,CONSUMER STAPLES,9
NBR,CONSUMER DISCRETIONARY,9
NC LODGISTIC,INDUSTRIALS,9
NC Logistic,HEALTH CARE,9
NCC GROUP,INDUSTRIALS,9
NCHS,NOT RELEVANT,9
NCHTZ,ENERGY,9
NCSP,INDUSTRIALS,18
NCTO,ENERGY,9
NDA Business Medical Co.,HEALTH CARE,9
NDF,CONSUMER STAPLES,9
NDTS POLIKLINIKA NA AVTOZAVOD,HEALTH CARE,9
NDTS POLIKLINIKA NA SMOLENSKO,HEALTH CARE,9
NE,INDUSTRIALS,9
NEARMEDIC,HEALTH CARE,9
NEARMEDIC PLUS,HEALTH CARE,9
NEBUG,CONSUMER STAPLES,9
NEC,INDUSTRIALS,9
NEC NEVA COMMUNICATIONS,INFORMATION TECHNOLOGY,9
NED,INDUSTRIALS,9
NED-ENGINEERING,INDUSTRIALS,9
NED-center,INDUSTRIALS,9
NEDVIZHIMOST,CONSUMER STAPLES,18
NEDVIZHIMOST,MATERIALS,9
NEDVIZHIMY,INDUSTRIALS,9
NEELA SPRINGS,CONSUMER STAPLES,9
NEFAZ,NOT RELEVANT,9
NEFRIT-CERAMICS,INDUSTRIALS,9
NEFROFARM,HEALTH CARE,9
NEFT-SERVIS,ENERGY,9
NEFTEBAZA,ENERGY,9
NEFTECHIMPROEKT,ENERGY,9
NEFTEGASLEASING,ENERGY,9
NEFTEGAZDIAGNOSTIKA,INDUSTRIALS,9
NEFTEGAZINDUSTRIYA,ENERGY,18
NEFTEGAZINZHINIRING,ENERGY,9
NEFTEGAZMASH,ENERGY,9
NEFTEGAZMONTAZH,INDUSTRIALS,9
NEFTEGAZOBORUDOVANIE,ENERGY,9
NEFTEGAZPOSTAVKA,MATERIALS,9
NEFTEGAZSERVIS,ENERGY,9
NEFTEGEOLOGIA,NOT RELEVANT,9
NEFTEKHIM-EKSPERT,MATERIALS,9
NEFTEKHIMKOMPLEKT,ENERGY,9
NEFTEKHIMMONTAZH,ENERGY,9
NEFTEKHIMSNAB,INDUSTRIALS,9
NEFTEMASHSTROY,ENERGY,9
NEFTEPRODSERVIS,CONSUMER DISCRETIONARY,9
NEFTEPROMLIZING,ENERGY,9
NEFTEPROMMASH,ENERGY,9
NEFTESINTEZ,INDUSTRIALS,9
NEFTETRANSPORT,INDUSTRIALS,9
NEFTETRANSSERVICE,INDUSTRIALS,9
NEFTISA,ENERGY,9
NEFTMAGISTRAL,CONSUMER DISCRETIONARY,9
NEFTSERVICEHOLDING,ENERGY,18
NEFTUS,ENERGY,9
NEFTYANAYA KOMPANIYA DULISMA,ENERGY,9
NEGABARITIKA,INDUSTRIALS,9
NEGUS EXPO International,COMMUNICATIONS,9
NEIRON,HEALTH CARE,9
NEKKO,ENERGY,9
NEKSUSSISTEMS,ENERGY,9
NEMETSKAYA SANTEKHNIKA,CONSUMER DISCRETIONARY,9
NEMSKII,CONSUMER STAPLES,9
NEMZ TAYRA,INDUSTRIALS,9
NEO,MATERIALS,9
NEO FOOD,CONSUMER STAPLES,9
NEO LAZER,INDUSTRIALS,9
NEO-FARM,CONSUMER STAPLES,9
NEO-PAK,MATERIALS,9
NEO-TREID,CONSUMER STAPLES,9
NEOCHEM,INDUSTRIALS,9
NEOENERGO,ENERGY,9
NEOLAB,INDUSTRIALS,9
NEOS INGREDIENTS,CONSUMER STAPLES,9
NEOS PRO,CONSUMER DISCRETIONARY,9
NEOSTAT,MATERIALS,9
NEOTEKHNIKA,ENERGY,9
NEOTRANS,ENERGY,9
NEOTRANS- KHAKASIYA,ENERGY,9
NEOTRANS-KRASNOYARSK,INDUSTRIALS,9
NERAZRUSHAYUSHCHII KONTROL,INDUSTRIALS,18
NERGEOPROM,MATERIALS,9
NERO,INDUSTRIALS,9
NERSISYAN AKOP VOLODYAEVICH,NOT RELEVANT,9
NERTA PLYUS,HEALTH CARE,9
NERUDNYE MATERIALY,MATERIALS,9
NESHITAYA ELENA MIKHAILOVNA,CONSUMER STAPLES,9
NESK,UTILITIES,18
NESKA,CONSUMER STAPLES,9
NESSA MANAGEMENT,MATERIALS,9
NESTA,INDUSTRIALS,9
NETCRACKER,INFORMATION TECHNOLOGY,9
NETCUBE,INFORMATION TECHNOLOGY,9
NETVORK SOLYUSHNS,INDUSTRIALS,9
NETWELL,INFORMATION TECHNOLOGY,9
NETWORK,CONSUMER DISCRETIONARY,9
NEV'YANSKII MASHINOSTROITEL'NYI,INDUSTRIALS,9
NEVA,ENERGY,9
NEVA METALL POSUDA,CONSUMER DISCRETIONARY,9
NEVA MILK,CONSUMER STAPLES,9
NEVA TECHNOLOGY,INDUSTRIALS,9
NEVA TREID,INDUSTRIALS,9
NEVA-METAL,MATERIALS,9
NEVA-METALLTRADE,MATERIALS,9
NEVA-OPT,CONSUMER STAPLES,9
NEVALAB,ENERGY,9
NEVALAIN,ENERGY,9
NEVALINE,CONSUMER STAPLES,9
NEVATOM,INDUSTRIALS,9
NEVATOM EYSTEIT,INDUSTRIALS,9
NEVATOM SIBIR',MATERIALS,9
NEVINNOMYSSKY AZOT,MATERIALS,9
NEVISS-COMPLEX,NOT RELEVANT,9
NEVSKAYA COSMETICA,CONSUMER STAPLES,9
NEVSKAYA PIPE COMPANY,INDUSTRIALS,9
NEVSKI SINDIKAT,CONSUMER STAPLES,9
NEVSKIE SYRY,CONSUMER STAPLES,9
NEVSKII KONDITER,CONSUMER STAPLES,9
NEVSKII LIFT,INDUSTRIALS,9
NEVSKOE,CONSUMER STAPLES,9
NEVYANSK,MATERIALS,9
NEW,CONSUMER DISCRETIONARY,9
NEW,INDUSTRIALS,9
NEW BUILDING,INDUSTRIALS,9
NEW CHANNEL,NOT RELEVANT,9
NEW GENERATION CINEMA,COMMUNICATIONS,9
NEW MEDIA LEGEND,CONSUMER DISCRETIONARY,9
NEW TECHNOLOGY,INFORMATION TECHNOLOGY,9
NEW TOWERS MR,REAL ESTATE,9
NEWMEDTECH,HEALTH CARE,9
NEXTONS STP,INDUSTRIALS,9
NEYK,INDUSTRIALS,9
NEYTA,NOT RELEVANT,9
NEZAVISIMAYA LABORATORIYA INVITRO,HEALTH CARE,9
NEZAVISIMOST,NOT RELEVANT,9
NEZAVISIMOST-FINSERVICE,NOT RELEVANT,9
NF AK PRAKTIK,INDUSTRIALS,9
NFC,ENERGY,9
NFC,INDUSTRIALS,9
NFT,INDUSTRIALS,9
NG,MATERIALS,9
NG Chemicals,ENERGY,9
NGM,INDUSTRIALS,9
NGO,ENERGY,9
NGOK,MATERIALS,9
NGS,ENERGY,9
NGS,INDUSTRIALS,9
NHBP,UTILITIES,9
NHK,CONSUMER STAPLES,9
NHS-SAMARA,ENERGY,9
NIAGARA COMPUTER,INFORMATION TECHNOLOGY,9
NICE HOME AUTOMATION,CONSUMER DISCRETIONARY,9
NIENSHANC-FK,INDUSTRIALS,9
NII PG,INDUSTRIALS,9
NII TS PILOT,ENERGY,9
NIIAS,INDUSTRIALS,9
NIIK,INDUSTRIALS,9
NIITFA,HEALTH CARE,9
NIKA,CONSUMER DISCRETIONARY,18
NIKA,CONSUMER STAPLES,9
NIKA,FINANCIALS,9
NIKA-PETROTECH,ENERGY,9
NIKA-PETROTEK,ENERGY,9
NIKEL,MATERIALS,9
NIKEL TD,MATERIALS,9
NIKIFOR,CONSUMER DISCRETIONARY,9
NIKITIN ALEKSANDR ILICH,CONSUMER DISCRETIONARY,9
NIKITIN SERGEI ALEKSANDROVICH,CONSUMER DISCRETIONARY,9
NIKKO MOTORS,CONSUMER DISCRETIONARY,9
NIKO,INDUSTRIALS,9
NIKO,NOT RELEVANT,9
NIKO-OIL DV,NOT RELEVANT,9
NIKOFER,MATERIALS,9
NIKOLIERS,FINANCIALS,9
NIKOLIERS,REAL ESTATE,9
NILED,INDUSTRIALS,9
NIMAK,NOT RELEVANT,9
NIOPIK FGUP,NOT RELEVANT,9
NIP INFORMZASHCHITA,INFORMATION TECHNOLOGY,9
NIPETOIL,ENERGY,9
NIPI NEFTI I GAZA UGTU,INDUSTRIALS,9
NIPI PEGAZ,ENERGY,9
NIPIGAS,ENERGY,9
NIPK Electron Co,HEALTH CARE,9
NIPOM,INDUSTRIALS,9
NIPPON EXPRESS (RUSSIA) LIMITED LIA,INDUSTRIALS,9
NISHA,CONSUMER STAPLES,9
NISSA,INDUSTRIALS,9
NITEYK,INDUSTRIALS,9
NITOL,NOT RELEVANT,9
NITRO SIBIR,MATERIALS,9
NITS,INDUSTRIALS,9
NITS-SPETSTEST,INFORMATION TECHNOLOGY,9
NIVA,CONSUMER STAPLES,18
NIZHEGORODRYBA,CONSUMER STAPLES,9
NIZHEGORODSKOE OTDELENIE KLINIKI,HEALTH CARE,9
NIZHKARTON,MATERIALS,18
NIZHNEKAMSKNEFTEHIM,MATERIALS,9
NIZHNEKAMSKNEFTEKHIM,MATERIALS,9
NIZHNEVARTOVSKOE NEFTEPERERABATYV,ENERGY,9
NIZHNEVOLZHSKDORSTROI,FINANCIALS,9
NIZHNIY TAGIL,CONSUMER STAPLES,9
NIZHNOVEYLEKTROMONTAZH,INDUSTRIALS,9
NJSC ABS Energoneft,UTILITIES,9
NK,CONSUMER STAPLES,9
NK Jax,CONSUMER DISCRETIONARY,9
NK KRON,INDUSTRIALS,9
NK-MONOLIT,MATERIALS,9
NKHPT,INDUSTRIALS,9
NKMZ,ENERGY,18
NKMZ-GROUP,ENERGY,9
NKMZ-ST,ENERGY,9
NKMZ-TEKHNOLOGII,ENERGY,9
NKTS FLORA,MATERIALS,9
NKZ,CONSUMER STAPLES,9
NL CONTINENT,CONSUMER STAPLES,9
NL Group,CONSUMER DISCRETIONARY,9
NLMK,MATERIALS,9
NLMK-KALUGA,MATERIALS,9
NLO,CONSUMER STAPLES,9
NM,CONSUMER DISCRETIONARY,9
NM,MATERIALS,9
NMCKASH LIMITED LIABILITY,CONSUMER STAPLES,9
NMGK,CONSUMER STAPLES,18
NMPP,NOT RELEVANT,9
NMS,HEALTH CARE,9
NMZ - KOMPRESSORNOE,INDUSTRIALS,9
NMZ-NGO,INDUSTRIALS,9
NMZhK,CONSUMER STAPLES,9
NN,CONSUMER DISCRETIONARY,9
NN-MEDTEKHNIKA,HEALTH CARE,9
NOBEL CO,ENERGY,9
NOEL SIBIR,INDUSTRIALS,9
NOFER,CONSUMER DISCRETIONARY,9
NOGINSKOE,INDUSTRIALS,9
NOIS,CONSUMER DISCRETIONARY,9
NOJ,NOT RELEVANT,9
NOK Trading House,MATERIALS,9
NOMATEK,ENERGY,9
NOMINAL-OIL,CONSUMER DISCRETIONARY,9
NORD,CONSUMER STAPLES,9
NORD,MATERIALS,9
NORD HOTEL,REAL ESTATE,9
NORD IMPERIAL,ENERGY,9
NORD PULP,CONSUMER DISCRETIONARY,9
NORD-SERVICE Ltd.,ENERGY,9
NORDCOMPANYLIMITED,INDUSTRIALS,9
NORDFELT,INDUSTRIALS,9
NORDIA,CONSUMER DISCRETIONARY,9
NORDIC TITAN,INDUSTRIALS,9
NORDMEDSERVIS,HEALTH CARE,18
NORDMET,INDUSTRIALS,9
NORDSNAB,CONSUMER STAPLES,9
NORDTRANS,INDUSTRIALS,9
NORDWESTLAB,CONSUMER DISCRETIONARY,9
NORDWESTLAB,INDUSTRIALS,9
NORFOLK BUILDING COMPANY,MATERIALS,9
NORILSK NICKEL,MATERIALS,9
NORILSKII NICKEL,MATERIALS,9
NORILSKIY,CONSUMER STAPLES,9
NORMA,CONSUMER STAPLES,18
NORMAN,HEALTH CARE,9
NORREXIM RUS,INDUSTRIALS,9
NORSKEN-OIL,ENERGY,9
NORTEK,CONSUMER DISCRETIONARY,9
NORTH,CONSUMER STAPLES,9
NORTHERN RIVER SHIPPING LINES,INDUSTRIALS,9
NORTZEMKOLA,MATERIALS,9
NORVIYA,HEALTH CARE,9
NOSIMO,CONSUMER DISCRETIONARY,9
NOSKOV ANDREI VIKTOROVICH,REAL ESTATE,9
NOVA,MATERIALS,9
NOVA FARM,HEALTH CARE,9
NOVA-GROUP DEVELOPMENT,NOT RELEVANT,9
NOVABEV,CONSUMER STAPLES,18
NOVAKORM,CONSUMER STAPLES,9
NOVAPLAST,INDUSTRIALS,9
NOVAPRODUKT AG,CONSUMER STAPLES,9
NOVARTIS NEVA,HEALTH CARE,9
NOVATEK,ENERGY,18
NOVATEK-TARCOSALENEFTEGAS,ENERGY,9
NOVATEK-UST'-LUGA,ENERGY,9
NOVATOR-E,CONSUMER DISCRETIONARY,9
NOVATORSOFT,CONSUMER DISCRETIONARY,9
NOVAYA,CONSUMER STAPLES,18
NOVAYA GORODSKAYA,UTILITIES,9
NOVAYA LINIYA,CONSUMER DISCRETIONARY,9
NOVAYA LINIYA,INDUSTRIALS,9
NOVAYA PYATILETKA,CONSUMER STAPLES,9
NOVEL GROUP,MATERIALS,9
NOVGOROD METALLURGICAL PLANT,MATERIALS,9
NOVGORODPRODUKT,CONSUMER STAPLES,18
NOVIE TEHNOLOGIES,CONSUMER STAPLES,9
NOVIK LOGISTIK OBSHCHESTVO S,INDUSTRIALS,9
NOVIK TERMINAL,CONSUMER DISCRETIONARY,9
NOVIKOV ALEKSANDR,CONSUMER DISCRETIONARY,9
NOVIY EDEM,NOT RELEVANT,9
NOVIYE CHERYOMUSHKI,REAL ESTATE,9
NOVO-MAR,CONSUMER STAPLES,9
NOVO-RYAZANSKAYA,UTILITIES,9
NOVO-SHIROKINSKII RUDNIK,MATERIALS,9
NOVO-URITSKOGO CENTER,CONSUMER DISCRETIONARY,9
NOVOCAR,CONSUMER DISCRETIONARY,18
NOVOE POLE,CONSUMER STAPLES,9
NOVOEYKSPORT,INDUSTRIALS,9
NOVOGRADSERVIS,REAL ESTATE,9
NOVOHOPERSK-AGRO-INVEST,NOT RELEVANT,9
NOVOKUBANSKII MOLOCHNYI,CONSUMER STAPLES,9
NOVOKUZNETSKIY HLADOKOMBINAT JOIN,NOT RELEVANT,9
NOVOKUZNETSKOE SHAKHTOSTROIMONTAZH,MATERIALS,9
NOVOLIPETSKY METAL WORKS,MATERIALS,9
NOVOMARKOVSKOE,CONSUMER STAPLES,9
NOVOMET,ENERGY,9
NOVOMET-PERM,ENERGY,9
NOVOMORNIIPROEKT,INDUSTRIALS,9
NOVOMORSNAB,INDUSTRIALS,9
NOVOMOSKOVSKII MEL'NICHNYI KOMBIN,CONSUMER STAPLES,9
NOVOPESCHANSKOE,CONSUMER STAPLES,9
NOVOPOKROVSKOE DRSU,INDUSTRIALS,9
NOVOROSCEMENT,MATERIALS,9
NOVOROSLESEXPORT,INDUSTRIALS,9
NOVOROSMETALL,NOT RELEVANT,9
NOVOROSSYISK GRAIN PLANT,INDUSTRIALS,9
NOVOROSTEHFLOT,INDUSTRIALS,9
NOVOROSTEKHFLOT,INDUSTRIALS,9
NOVOSELOVA ELENA VLADIMIROVNA,CONSUMER DISCRETIONARY,9
NOVOSHCHERBINOVSKAYA,CONSUMER STAPLES,9
NOVOSHIP,INDUSTRIALS,9
NOVOSIBARZ,CONSUMER DISCRETIONARY,9
NOVOSIBIRSK,CONSUMER DISCRETIONARY,9
NOVOSIBIRSK,HEALTH CARE,9
NOVOSIBIRSK,MATERIALS,9
NOVOSIBIRSK METALLURGICAL WORKS,NOT RELEVANT,9
NOVOSIBIRSK-TORG,NOT RELEVANT,9
NOVOSIBIRSKAUTODOR,INDUSTRIALS,9
NOVOSIBIRSKNEFTEGAZ,NOT RELEVANT,9
NOVOSIBIRSKOE KAR'EROUPRAVLENIE A,MATERIALS,9
NOVOSIBKHOLOD,CONSUMER STAPLES,9
NOVOSISTEM,COMMUNICATIONS,9
NOVOSKAN,INDUSTRIALS,9
NOVOSTAL-M,MATERIALS,9
NOVOSTEEL-M,MATERIALS,9
NOVOSTROI,NOT RELEVANT,9
NOVOTRANS,INDUSTRIALS,27
NOVOURALSKII MYASNOI KOMBINAT,CONSUMER STAPLES,9
NOVOUROZHAINENSKOE,CONSUMER STAPLES,9
NOVSVIN,CONSUMER STAPLES,9
NOVY,CONSUMER STAPLES,9
NOVY ALGORITM,NOT RELEVANT,9
NOVYE,MATERIALS,9
NOVYE STROITEL'NYE TEKHNOLOGII,INDUSTRIALS,9
NOVYE TEKHNOLOGII,ENERGY,9
NOVYI DOM,MATERIALS,9
NOVYI SKLAD,CONSUMER STAPLES,9
NOVYY MIR,CONSUMER STAPLES,9
NOYABRSKVTORMET,NOT RELEVANT,9
NOYTECH INSURANCE SOLUTIONS,NOT RELEVANT,9
NOYTECH Logistics RUS,INDUSTRIALS,9
NP MTF IM. A.P.CHEKHOVA,CONSUMER DISCRETIONARY,9
NP SIBIRSKAYA OREKHOVAYA,CONSUMER STAPLES,9
NPAO SVETOGORSK,MATERIALS,9
NPB,ENERGY,9
NPBM,MATERIALS,9
NPF,CONSUMER STAPLES,9
NPF,INDUSTRIALS,9
NPF DATAKRAT-E,INFORMATION TECHNOLOGY,9
NPF KHELIKS,HEALTH CARE,9
NPF MATERIA MEDICA HOLDING,HEALTH CARE,9
NPG SADY PRIDON'YA,CONSUMER STAPLES,9
NPGM,INDUSTRIALS,9
NPI,CONSUMER STAPLES,9
NPJSC WOODLINE,MATERIALS,9
NPK,INDUSTRIALS,9
NPK ANTEY,INFORMATION TECHNOLOGY,9
NPK PRIMATEK,MATERIALS,9
NPK XIMIA,MATERIALS,9
NPK YARLI,MATERIALS,9
NPKF CON-CORD,CONSUMER DISCRETIONARY,9
NPKP BURKOMPLEKT,MATERIALS,9
NPM,INDUSTRIALS,9
NPO AHP,MATERIALS,9
NPO GORIZONT,CONSUMER DISCRETIONARY,9
NPO LAKOKRASPOKRYTIE,MATERIALS,9
NPO MELEUZ,CONSUMER STAPLES,9
NPO MOSTOVIK,INDUSTRIALS,9
NPO PUTEVYE,INDUSTRIALS,9
NPO RIZUR,INFORMATION TECHNOLOGY,9
NPO RussIntegral,ENERGY,9
NPO SAD I OGOROD,CONSUMER STAPLES,9
NPO SYSTEM,INDUSTRIALS,9
NPO Teplomash,INDUSTRIALS,9
NPP,INDUSTRIALS,18
NPP,MATERIALS,9
NPP BIOCHIP,CONSUMER STAPLES,9
NPP BTP,INDUSTRIALS,9
NPP GIDRIKS,UTILITIES,9
NPP ITELMA,CONSUMER DISCRETIONARY,9
NPP-LOGOS,CONSUMER DISCRETIONARY,9
NPTS,INDUSTRIALS,9
NPTS DINAMIKA,ENERGY,9
NPTS INTEKHPROMSERVIS,ENERGY,9
NPTS METALLURG,NOT RELEVANT,9
NPTS NEDRA,ENERGY,9
NPTS PROMVODOCHISTKA,INDUSTRIALS,9
NPV,INDUSTRIALS,9
NRS,CONSUMER DISCRETIONARY,9
NS-Oil,ENERGY,9
NSBS,CONSUMER STAPLES,9
NSC OH,MATERIALS,9
NSG,CONSUMER DISCRETIONARY,9
NSH ASIA DRILLING,ENERGY,9
NSK,INDUSTRIALS,9
NSK-PROEKT,INDUSTRIALS,9
NST,COMMUNICATIONS,9
NST,INDUSTRIALS,9
NSTK,ENERGY,9
NT,CONSUMER STAPLES,9
NT,MATERIALS,9
NT COMPUTER,NOT RELEVANT,9
NT PRIMOR'E,MATERIALS,9
NT TSIKLON,HEALTH CARE,9
NTEYAZ,INDUSTRIALS,9
NTF SEVAVTOTRANS,INDUSTRIALS,9
NTGM,ENERGY,9
NTI,CONSUMER STAPLES,9
NTK,ENERGY,9
NTK,NOT RELEVANT,9
NTL,MATERIALS,18
NTM RUS,INDUSTRIALS,9
NTPD,CONSUMER DISCRETIONARY,9
NTPZ,MATERIALS,9
NTS GRADIENT,CONSUMER STAPLES,9
NTST IZMERITEL,CONSUMER DISCRETIONARY,9
NTTS,INDUSTRIALS,9
NTTS KRS,ENERGY,9
NTTS ROTEK,INFORMATION TECHNOLOGY,9
NTZ TEM-PO,MATERIALS,9
NTZMK,MATERIALS,9
NUBK,ENERGY,18
NUMERICAL DESIGN,INFORMATION TECHNOLOGY,9
NUSTAR EVRAZIYA,INDUSTRIALS,9
NUTEP,INDUSTRIALS,9
NUTS TRADE,CONSUMER STAPLES,9
NV-AVTO,CONSUMER DISCRETIONARY,9
NVA-ALYANS,INDUSTRIALS,9
NVB EYNERGIYA,INDUSTRIALS,9
NVBS,COMMUNICATIONS,9
NVF,HEALTH CARE,9
NVISION,INFORMATION TECHNOLOGY,9
NVK,CONSUMER STAPLES,9
NVTZ,INDUSTRIALS,9
NWRC,INDUSTRIALS,9
NXT,HEALTH CARE,9
NYUANS,HEALTH CARE,9
NZCM,MATERIALS,9
NZGSH,CONSUMER DISCRETIONARY,9
NZNP,ENERGY,9
NZNP TRADE,ENERGY,9
NZSP,INDUSTRIALS,9
NaftaTrans,INDUSTRIALS,9
Naftatrans plus,INDUSTRIALS,9
Nakama,CONSUMER DISCRETIONARY,9
Nanolek,HEALTH CARE,9
Nanotech,MATERIALS,9
Nefco,NOT RELEVANT,9
Neft,ENERGY,9
Neftekhimprom,CONSUMER DISCRETIONARY,9
Neftemash,INDUSTRIALS,9
Nefteproduct-Center,ENERGY,9
Neftisa,ENERGY,9
Neovision,CONSUMER DISCRETIONARY,9
Nertus,MATERIALS,9
Netkanika,CONSUMER STAPLES,9
Neva-Autocom,CONSUMER DISCRETIONARY,9
Neva-Sound Co.,CONSUMER DISCRETIONARY,9
NevaStar,CONSUMER STAPLES,9
Neviyanskiy MZ,INDUSTRIALS,9
Nevskie Grani,MATERIALS,9
New,CONSUMER STAPLES,9
New IT Project,INFORMATION TECHNOLOGY,9
New Teck Well Service,ENERGY,9
New Yorker,CONSUMER DISCRETIONARY,9
New logistic,INDUSTRIALS,9
NewTech,ENERGY,9
NewTech Services,ENERGY,9
Newcast-East,INDUSTRIALS,9
Nexign,INFORMATION TECHNOLOGY,18
Nextons,INDUSTRIALS,9
NiceFruit,CONSUMER STAPLES,9
Nicoglass Ryazan,INDUSTRIALS,9
Nicol-Pack Imperial,MATERIALS,9
Nikol-Pak,MATERIALS,9
Nipro PharmaPackaging Ural,HEALTH CARE,9
Nita-Farm,HEALTH CARE,9
Nizhpharm,HEALTH CARE,9
Noginskoye PPZhT,INDUSTRIALS,9
Nokia Solutions and Networks Limite,NOT RELEVANT,9
Nord,INDUSTRIALS,9
Nord Minerals Kazakhstan,INDUSTRIALS,9
Nord Stream AG,ENERGY,9
Nord Systems,ENERGY,9
Nord West Fish,CONSUMER STAPLES,9
NordCell,MATERIALS,9
NordSteel,MATERIALS,9
NorskenOil,ENERGY,9
Norston,HEALTH CARE,9
Nortex,MATERIALS,18
Nortex-Construction systems,INDUSTRIALS,9
North Winds,NOT RELEVANT,9
North-West measuring and control te,INDUSTRIALS,9
North-Western Phosphorous,MATERIALS,9
Northern River Route,INDUSTRIALS,9
NovaBev,CONSUMER STAPLES,9
NovaCard,INFORMATION TECHNOLOGY,9
NovaStar,INDUSTRIALS,9
Novardis Consulting,INFORMATION TECHNOLOGY,9
Novartis Pharma,HEALTH CARE,9
Novgorodproduct,CONSUMER STAPLES,9
Novgorodsky Bekon,CONSUMER STAPLES,9
Novo Nordisk,HEALTH CARE,9
NovoPlast,INDUSTRIALS,9
Novochrom,MATERIALS,9
Novokuznetsk Flour Mill,CONSUMER STAPLES,9
Novomortehflot,INDUSTRIALS,9
Novoroscement,MATERIALS,9
Novoselki,HEALTH CARE,9
Novoselova,CONSUMER DISCRETIONARY,9
Novosibhimpharm,HEALTH CARE,9
Novosibirsk food corporation,CONSUMER STAPLES,9
Novosibirskenergosbyt,UTILITIES,9
Novozhilov Aleksei Pavlovich,INDUSTRIALS,9
Novye tekhnologii,ENERGY,9
Nowada,ENERGY,9
Nutricia,CONSUMER STAPLES,9
Nutricia Advanced,CONSUMER STAPLES,9
O Vita,CONSUMER STAPLES,9
O'KEY,CONSUMER STAPLES,9
O'KEY FINANS,CONSUMER STAPLES,9
"O'KEY,",CONSUMER STAPLES,9
O-MEGA,REAL ESTATE,9
O.L.K.,INDUSTRIALS,9
O1 PROPERTIES FINANCE,FINANCIALS,9
O1 Properties,REAL ESTATE,9
O11,NOT RELEVANT,9
O2,INDUSTRIALS,9
O2 CLOUD,INFORMATION TECHNOLOGY,9
O3-KOUTINGS,MATERIALS,9
OAO,CONSUMER STAPLES,36
OAO,INDUSTRIALS,18
OAO,MATERIALS,27
OAO,UTILITIES,9
OAO MARBIOFARM,HEALTH CARE,9
OAO TZTO,CONSUMER DISCRETIONARY,9
OAS,HEALTH CARE,9
OAZIS,CONSUMER STAPLES,9
OB-SERVIS-KIA,CONSUMER DISCRETIONARY,9
OBEDINENIE INGEOKOM,INDUSTRIALS,9
OBEDINENIE ROSINKAS,FINANCIALS,9
OBEDINENIE SHINTORG,NOT RELEVANT,9
OBEDINENIE VLADZERNOPRODUKT AKTSI,CONSUMER STAPLES,9
OBEDINENNAYA DISRTIBYUTORSKAYA,CONSUMER DISCRETIONARY,9
OBEDINENNAYA KOMPANIYA AKRAS,INDUSTRIALS,9
OBEKTIV,CONSUMER DISCRETIONARY,9
OBERON,CONSUMER DISCRETIONARY,9
OBERON DV,CONSUMER STAPLES,9
OBHEDINENNYE KONDITERY,CONSUMER STAPLES,9
OBHEDINENNYE KONDITERY - FINANS,CONSUMER STAPLES,9
OBI Franchise Center,CONSUMER DISCRETIONARY,9
OBIT Ltd.,COMMUNICATIONS,9
OBL-TV,CONSUMER DISCRETIONARY,9
OBLAGROSNAB,INDUSTRIALS,9
OBLFARM AL'YANS,HEALTH CARE,9
OBLIVSKII,NOT RELEVANT,9
OBLKOMMUNENERGO,UTILITIES,9
OBMEN,REAL ESTATE,9
OBNINSKIE MOLOCHNYE,CONSUMER STAPLES,9
OBNINSKTRAKTSENTR,CONSUMER DISCRETIONARY,9
OBORONSNABSBYT,NOT RELEVANT,9
OBSCHESTVENNOE PITANIE,CONSUMER STAPLES,9
OBSCHESTVO ELEKTROMA,INDUSTRIALS,9
OBSCHESTVO NIK,INDUSTRIALS,9
OBSCHESTVO ROSEVROST,MATERIALS,9
OBSHCHE,INDUSTRIALS,9
OBSHCHEPIT,INDUSTRIALS,9
OBSHCHESTVENNOGO PITANIY,INDUSTRIALS,9
OBSHCHESTVO DAL'TIMB,INDUSTRIALS,9
OBSHCHESTVO S,CONSUMER STAPLES,27
OBSHCHESTVO S,INDUSTRIALS,9
OBSHCHESTVO S OGRANICHENNOI,CONSUMER STAPLES,9
OBSHCHESTVO S OGRANICHENNOI,INDUSTRIALS,9
OBSHCHESTVO ZAVOD ME,MATERIALS,9
OBUKH0V-CENTER,FINANCIALS,9
OBUKHOVSKII MYASOKOMBINA,CONSUMER STAPLES,9
OBUKHOVSKII MYASOKOMBINAT,CONSUMER STAPLES,9
OBUKHOVSKII SHCHEBZAVOD,MATERIALS,9
OBUVI,CONSUMER DISCRETIONARY,9
OBYEDINENIYE SOYUZPISHEPROM,CONSUMER STAPLES,9
OCEAN,NOT RELEVANT,9
OCEAN MANAGEMENT,INDUSTRIALS,9
OCHAG 678,CONSUMER STAPLES,9
OCHAKOVO,CONSUMER STAPLES,9
OCHAKOVO-ALKO,CONSUMER STAPLES,9
OCPC,HEALTH CARE,9
OCS,INFORMATION TECHNOLOGY,18
OCS DISTRIBUTION DEUTSCHLAND,INFORMATION TECHNOLOGY,9
OCS-CENTER,INFORMATION TECHNOLOGY,9
OCTAPHARMA-PHARMIMEX,HEALTH CARE,9
ODEZHDY,CONSUMER DISCRETIONARY,9
ODINTSOVA L.V.,CONSUMER DISCRETIONARY,9
ODINTSOVO,INDUSTRIALS,9
ODINTSOVO CONFECTIONERY PLANT,CONSUMER STAPLES,9
ODK,INDUSTRIALS,9
ODUVANCHIK,MATERIALS,9
OEP RESOURCE,CONSUMER STAPLES,9
OES,UTILITIES,9
OF COMPANIES RENOVA,FINANCIALS,9
OF COMPANIES TEN,INDUSTRIALS,9
OF HOGAN LOVELLS (CIS),INDUSTRIALS,9
OF INDUSTRIAL,INFORMATION TECHNOLOGY,9
OF KOMUS-UPAKOVKA,NOT RELEVANT,9
OF MOLECULAR RESEARCH,NOT RELEVANT,9
OF TECHNOLOGIES OF TRUST,INDUSTRIALS,9
OFFICE-IMPEX,NOT RELEVANT,9
OFFICESCAPE PROJECTS LIMITED BRAN,NOT RELEVANT,9
OFFPRICE,CONSUMER DISCRETIONARY,9
OFIS,CONSUMER DISCRETIONARY,9
OFIS-SITI,FINANCIALS,9
OFIS-TSENTR CHKALOV,REAL ESTATE,9
OFISA,FINANCIALS,9
OFISMAG,CONSUMER DISCRETIONARY,27
OFISMAG-POVOLZH'E,CONSUMER DISCRETIONARY,9
OFISNYI MIR KM,CONSUMER DISCRETIONARY,9
OFISSTROI-M,NOT RELEVANT,9
OFS RUS FOCC,INDUSTRIALS,9
OGIC,INDUSTRIALS,9
OGK,MATERIALS,9
OGK-2,UTILITIES,18
OHRANNOE PREDPRIYATIE PRAVO ROSTA,INDUSTRIALS,9
OIL,CONSUMER DISCRETIONARY,9
OIL,ENERGY,9
OIL PARTNERS,CONSUMER STAPLES,9
OIL RESOURCE,INDUSTRIALS,9
OIL SERVIS GARANT,ENERGY,9
OIL-SERVICE,ENERGY,9
OIL-TRANSIT,ENERGY,9
OIL-TRANZIT,ENERGY,9
OIL-TREID,ENERGY,9
OILGRUPP,CONSUMER DISCRETIONARY,9
OJS Company VNMD,CONSUMER STAPLES,9
OJSC,CONSUMER DISCRETIONARY,9
OJSC,ENERGY,9
OJSC IPC-AKTIVE,ENERGY,9
OJSC MSW,INDUSTRIALS,9
OK,CONSUMER STAPLES,9
OKA - PLAST,CONSUMER DISCRETIONARY,9
OKA-PROPAN,ENERGY,9
OKAKHIM,MATERIALS,9
OKAMI,NOT RELEVANT,9
OKB AVGIT,INDUSTRIALS,9
OKCH,CONSUMER STAPLES,9
OKEAN,CONSUMER STAPLES,9
OKEAN-FISH,CONSUMER STAPLES,18
OKEANRYBFLOT,CONSUMER STAPLES,9
OKEI-KABEL,INDUSTRIALS,9
OKHOTY,CONSUMER DISCRETIONARY,9
OKHRANA TELEKOM,INDUSTRIALS,9
OKHTIN-OIL,ENERGY,9
OKNA DLYA VAS,INDUSTRIALS,9
OKOLITSA,NOT RELEVANT,9
OKRUG,INDUSTRIALS,9
OKS,INDUSTRIALS,9
OKSI-TRANS-AVTO,INDUSTRIALS,9
OKSID,MATERIALS,9
OKTA Solutions,INFORMATION TECHNOLOGY,9
OKTAN,ENERGY,9
OKTANOL,ENERGY,9
OKTANT,MATERIALS,9
OKTAVA KHOLDING,HEALTH CARE,9
OKTION,CONSUMER STAPLES,9
OKTYABR,CONSUMER STAPLES,9
OKTYABR',CONSUMER STAPLES,18
OKTYABR'SKOE,INDUSTRIALS,9
OKTYABRSKOE,INDUSTRIALS,9
OKURDAN,MATERIALS,9
OL'GA IVANOVNA,CONSUMER DISCRETIONARY,9
OLANT,CONSUMER DISCRETIONARY,9
OLANT,NOT RELEVANT,9
OLBITEYK,INDUSTRIALS,9
OLCON,MATERIALS,9
OLDI INVEST,NOT RELEVANT,9
OLDIS,INDUSTRIALS,9
OLEG DERIPASKA,NOT RELEVANT,9
OLIMP,INDUSTRIALS,18
OLIMP,NOT RELEVANT,9
OLIMP-TAGANROG,CONSUMER STAPLES,18
OLIMP-TREYD,ENERGY,9
OLIMPIISKII KOMPLEKS LUZHNIKI,NOT RELEVANT,9
OLIMPIK-SPORT,INDUSTRIALS,9
OLIPS,REAL ESTATE,18
OLIVA,CONSUMER STAPLES,9
OLIVERAXE FINANCE,NOT RELEVANT,9
OLMAL,ENERGY,9
OLONGRO,MATERIALS,9
OLTA OBSHCHESTVO S OGRANICHENNOI OT,CONSUMER DISCRETIONARY,9
OLTEX S.A.,CONSUMER STAPLES,9
OLTRI PHARMA LIMITED,HEALTH CARE,9
OLTRY,HEALTH CARE,18
OLVI,CONSUMER DISCRETIONARY,9
OLYMP,CONSUMER DISCRETIONARY,9
OLYMPIA-REISEN-SIBIR,NOT RELEVANT,18
OLYMPIC MEDIA COMPANY,COMMUNICATIONS,9
OMEGA,CONSUMER DISCRETIONARY,18
OMEGA,ENERGY,9
OMEGA,INDUSTRIALS,9
OMEGA,INFORMATION TECHNOLOGY,9
OMEGA,NOT RELEVANT,9
OMEGA SOYUZ,CONSUMER DISCRETIONARY,9
OMEGA-97,NOT RELEVANT,9
OMEGASKAN,INDUSTRIALS,9
OMIKA,CONSUMER STAPLES,9
OMIUS,FINANCIALS,9
OMK,NOT RELEVANT,9
OMKGORGAZ,NOT RELEVANT,9
OMMET-TRANS,INDUSTRIALS,9
OMNI-TO,INFORMATION TECHNOLOGY,9
OMNIBUS,CONSUMER DISCRETIONARY,9
OMOIKIRI RUS,CONSUMER DISCRETIONARY,9
OMS LIMITED LIABILITY,CONSUMER DISCRETIONARY,9
OMSK CARBON GROUP,MATERIALS,9
OMSK-2,CONSUMER DISCRETIONARY,9
OMSKAVTODOR,INDUSTRIALS,9
OMSKENERGOPROM,INDUSTRIALS,9
OMSKEYLEKTRO,UTILITIES,9
OMSKIE KABEL'NYE SETI,COMMUNICATIONS,9
OMSKIE KABELNYE,COMMUNICATIONS,9
OMSKIE RASPREDELITEL'NYE TEPLOVYE,UTILITIES,9
OMSKII AEROPORT,INDUSTRIALS,9
OMSKII BEKON,CONSUMER STAPLES,9
OMSKIY MK,NOT RELEVANT,9
OMSKOE PRODOVOL'STVIE,CONSUMER STAPLES,9
OMSKSHINA,CONSUMER DISCRETIONARY,9
OMSKSKAN OBSHCHESTVO S,INDUSTRIALS,9
OMSKVODOKANAL,UTILITIES,9
OMUS-1,ENERGY,9
OMZ-GORTECHMASH-SERVICE,INDUSTRIALS,9
OMZM-METALL,ENERGY,9
ONEGA,INDUSTRIALS,9
ONEGALESPROM,MATERIALS,9
ONEGO FUD,CONSUMER DISCRETIONARY,9
ONEGO SHIPYARD JCC,INDUSTRIALS,9
ONGG,ENERGY,9
ONHP,ENERGY,9
ONIKS,CONSUMER STAPLES,9
ONKOLAB,HEALTH CARE,9
ONLAIN DOZOR,COMMUNICATIONS,9
ONYARD,INDUSTRIALS,9
OO,INDUSTRIALS,9
OOM,COMMUNICATIONS,9
OON,ENERGY,9
OOO,CONSUMER DISCRETIONARY,261
OOO,CONSUMER STAPLES,369
OOO,ENERGY,9
OOO,HEALTH CARE,45
OOO,INDUSTRIALS,225
OOO,INFORMATION TECHNOLOGY,36
OOO,MATERIALS,72
OOO,NOT RELEVANT,54
OOO,UTILITIES,9
OOO (ADYGEI),CONSUMER DISCRETIONARY,9
OOO TEKHSTROY,INDUSTRIALS,9
OP STAF SEKYURITI,INDUSTRIALS,9
OPEKA,HEALTH CARE,9
OPEKA KOMFORT,HEALTH CARE,9
OPEKA-GRUPP,HEALTH CARE,9
OPEN,COMMUNICATIONS,9
OPEN JOINT-STOCK COMPANY TVERSKOY,CONSUMER DISCRETIONARY,9
OPERATIONS,INDUSTRIALS,9
OPEYK,ENERGY,9
OPIN,REAL ESTATE,9
OPK,INFORMATION TECHNOLOGY,9
OPK SAKHAR TH,CONSUMER STAPLES,9
OPK ZELENOGRADSKII,FINANCIALS,9
OPKH SOLYANSKOE,CONSUMER STAPLES,9
OPLVZ,CONSUMER STAPLES,9
OPM LTD,INDUSTRIALS,9
OPORA ENGINEERING,INDUSTRIALS,9
OPORA PLYUS,UTILITIES,9
OPORA-YUG,HEALTH CARE,9
OPRA,ENERGY,9
OPTAN-UFA,CONSUMER DISCRETIONARY,9
OPTHOLOD,CONSUMER STAPLES,9
OPTIFARM-F,NOT RELEVANT,9
OPTIKSERVIS,HEALTH CARE,9
OPTILAB,HEALTH CARE,9
OPTIM,INDUSTRIALS,9
OPTIMA,CONSUMER DISCRETIONARY,9
OPTIMA,CONSUMER STAPLES,9
OPTIMA,INFORMATION TECHNOLOGY,9
OPTIMAL,CONSUMER STAPLES,9
OPTIMAL'NYE MEDITSINSKIE RE,HEALTH CARE,9
OPTIMUM,CONSUMER STAPLES,9
OPTIMUM,MATERIALS,9
OPTINA,CONSUMER STAPLES,18
OPTITRANS,INDUSTRIALS,9
OPTMARKET,CONSUMER DISCRETIONARY,9
OPTOVOI TORGOVLI,CONSUMER DISCRETIONARY,9
OPUS,INDUSTRIALS,9
OPYTNOE KHOZYAISTVO,CONSUMER STAPLES,9
OR,CONSUMER DISCRETIONARY,9
ORBI,CONSUMER DISCRETIONARY,18
ORBIS,CONSUMER DISCRETIONARY,9
ORBIS FARM,HEALTH CARE,9
ORBITA,ENERGY,9
ORBITA,MATERIALS,9
ORBITA,REAL ESTATE,9
ORBITA-F,MATERIALS,9
ORD,INDUSTRIALS,9
OREKHPROM,CONSUMER STAPLES,9
OREL,HEALTH CARE,9
ORELMASLO,CONSUMER STAPLES,9
ORENBURG,INDUSTRIALS,9
ORENBURG SUNFLOWER OIL EXTRACTOR,NOT RELEVANT,9
ORENBURG VODOKANAL,UTILITIES,9
ORENBURG-AVTO,NOT RELEVANT,9
ORENBURGNEFT,ENERGY,9
ORENBURGNEFTEOTDACHA,NOT RELEVANT,9
ORENBURGSKAYA GEOPHYSICAL,ENERGY,9
ORENBURGSKIE MINERALY,MATERIALS,9
OREOL,INDUSTRIALS,9
ORES-PETROZAVODSK,UTILITIES,9
ORFE,HEALTH CARE,9
ORFEY,CONSUMER STAPLES,9
ORFEY,NOT RELEVANT,9
ORGANIC PHARMACEUTICALS,CONSUMER STAPLES,9
ORGANICA,HEALTH CARE,9
ORGANIK STANDART,CONSUMER STAPLES,9
ORGANIKA,HEALTH CARE,9
ORGANIKA-YUG,HEALTH CARE,9
ORGTEKHSTROY,NOT RELEVANT,9
ORIENT HOUSEHOLD APPLIANCES,CONSUMER DISCRETIONARY,9
ORIENT-INVEST,CONSUMER DISCRETIONARY,9
ORIENT-MOTORS,NOT RELEVANT,9
ORIFLAME COSMETICS LIMITED LIABILIT,CONSUMER STAPLES,9
ORIKS,CONSUMER STAPLES,18
ORIMI,CONSUMER STAPLES,9
ORINNOKS,MATERIALS,9
ORINNOX,MATERIALS,9
ORION,COMMUNICATIONS,18
ORION,CONSUMER DISCRETIONARY,9
ORION,CONSUMER STAPLES,9
ORION,MATERIALS,9
ORION INTERNATIONAL EURO,NOT RELEVANT,9
ORION PLYUS,INDUSTRIALS,9
ORIONTRANS,INDUSTRIALS,9
ORIS PROM,INDUSTRIALS,9
ORK,UTILITIES,9
ORLEKS,INFORMATION TECHNOLOGY,9
ORLOVSKAYA INDUSTRIAL,NOT RELEVANT,9
ORMATEK,CONSUMER DISCRETIONARY,18
ORMET,MATERIALS,9
ORMETIZ,MATERIALS,9
ORMIS-STROY,INDUSTRIALS,9
OROSHAEMOE,INDUSTRIALS,9
ORSKNEFTEORGSINTEZ,ENERGY,9
ORTAT,HEALTH CARE,9
ORTHOBOOM,CONSUMER DISCRETIONARY,9
ORTIKS,HEALTH CARE,9
ORTK YUZHNYI KHAB,INDUSTRIALS,9
ORTKHAUS TREYLERS,INDUSTRIALS,9
ORTO-MARKET,HEALTH CARE,18
ORTUS-MS,HEALTH CARE,9
ORUM,INDUSTRIALS,9
OSC,CONSUMER STAPLES,9
OSG RECORDS,INDUSTRIALS,9
OSG Records Management,INDUSTRIALS,9
OSIPOV ALEKSANDR ANATOLEVICH,CONSUMER STAPLES,9
OSK,CONSUMER DISCRETIONARY,9
OSK,ENERGY,9
OSK,NOT RELEVANT,9
OSKOLSKAYA MUKA,CONSUMER STAPLES,9
OSMIBT,MATERIALS,9
OSNOVA,INDUSTRIALS,9
OSNOVA,REAL ESTATE,9
OSPAZ,MATERIALS,9
OST-REALITI,INDUSTRIALS,9
OSTANKINO DIARY,CONSUMER STAPLES,9
OSTROV,CONSUMER DISCRETIONARY,9
OSTROV,CONSUMER STAPLES,9
OSTROV TRADE CHAIN,NOT RELEVANT,9
OSVAR,NOT RELEVANT,9
OSVZ,CONSUMER STAPLES,18
OTAVA,CONSUMER STAPLES,9
OTDELSTROYSERVIS,CONSUMER DISCRETIONARY,9
OTECHESTVENNYE LEKARSTVA,NOT RELEVANT,9
OTEKO - PORTSERVICE,INDUSTRIALS,9
OTISIFARM PRO,HEALTH CARE,9
OTK,CONSUMER STAPLES,9
OTKRYTYE TECHNOLOGII 98,INFORMATION TECHNOLOGY,9
OTLK,INDUSTRIALS,9
OTRADA,CONSUMER STAPLES,9
OTRADNOE,ENERGY,18
OTRADNOE,FINANCIALS,9
OTSO,REAL ESTATE,9
OTSRV,INDUSTRIALS,9
OTTO-CAR,CONSUMER DISCRETIONARY,9
OUPEN MSK,COMMUNICATIONS,9
OUTDOOR,CONSUMER DISCRETIONARY,9
OUTDOOR SERVICES,COMMUNICATIONS,9
OUTDOR MEDIA MANAGEMENT,CONSUMER DISCRETIONARY,9
OUTSOURCING 24,INFORMATION TECHNOLOGY,9
OUTT,ENERGY,9
OVCOM,NOT RELEVANT,9
OVEN-AVTO,CONSUMER DISCRETIONARY,9
OVERTEKS,CONSUMER DISCRETIONARY,9
OVK Design,CONSUMER DISCRETIONARY,9
OVOSHCHE-MOLOCHNYI,INDUSTRIALS,9
OVOSHE-MOLOCHNYI,CONSUMER STAPLES,9
OVSYANKIN EVGENII YUR'EVICH,MATERIALS,9
OWEN,INFORMATION TECHNOLOGY,9
OXAID,MATERIALS,9
OYSHO CIS,CONSUMER DISCRETIONARY,9
OZBI,CONSUMER STAPLES,9
OZERKI,NOT RELEVANT,9
OZK TREIDING,INDUSTRIALS,9
OZNA,ENERGY,9
OZNA-INZHINIRING,ENERGY,9
OZNA-IZMERITEL'NYE,ENERGY,9
OZON,CONSUMER DISCRETIONARY,9
OZON PHARMACEUTICALS,HEALTH CARE,9
OZON.RU,CONSUMER DISCRETIONARY,9
OZSK,INDUSTRIALS,9
Oao Chernomortransneft,NOT RELEVANT,9
ObninskEnergoTech,INDUSTRIALS,9
Obuv Rossii,CONSUMER DISCRETIONARY,9
Ochag 678,CONSUMER STAPLES,9
Odezhda 3000,CONSUMER DISCRETIONARY,9
Oil Grupp,CONSUMER DISCRETIONARY,9
Oil Resurs,INDUSTRIALS,9
Oktion,CONSUMER STAPLES,9
Oldi,INFORMATION TECHNOLOGY,9
Olimar,CONSUMER DISCRETIONARY,9
Olymp Steel,INDUSTRIALS,9
Olympus Moscow LCC,HEALTH CARE,9
Omega,CONSUMER DISCRETIONARY,9
Omega,CONSUMER STAPLES,9
Omega,INFORMATION TECHNOLOGY,9
Omni technologies,INDUSTRIALS,9
Omskvinprom,CONSUMER STAPLES,9
One Trade,CONSUMER STAPLES,9
OneFactor,INFORMATION TECHNOLOGY,9
Onega Sawmills,MATERIALS,9
Onni,INDUSTRIALS,9
Onyx,MATERIALS,9
Open,INDUSTRIALS,9
"Open Joint-stock Company ""Mortgage",NOT RELEVANT,9
Open group,INDUSTRIALS,9
Opt-LK Co.,CONSUMER STAPLES,9
Optics,HEALTH CARE,9
Optima log,INDUSTRIALS,9
Optosense,ENERGY,9
Orac,INDUSTRIALS,9
Orange Business Services,NOT RELEVANT,9
Organizational Technological Soluti,INFORMATION TECHNOLOGY,9
Organon,HEALTH CARE,9
Orgkhim,MATERIALS,9
Orientir,REAL ESTATE,9
Orients Products,CONSUMER STAPLES,9
Oriks Group,CONSUMER STAPLES,9
Orion,CONSUMER DISCRETIONARY,9
Orion-Spetcsplav-Gatchina,INDUSTRIALS,9
Orma Group,CONSUMER DISCRETIONARY,9
Orsis,CONSUMER STAPLES,9
Ortus,HEALTH CARE,9
Ortus- MS,HEALTH CARE,9
Osetrovsky River Port,ENERGY,9
Oskol Truck,INDUSTRIALS,9
Ostin,CONSUMER DISCRETIONARY,9
Otdohni-77,CONSUMER STAPLES,9
Otrada Farms,CONSUMER STAPLES,9
Outspan International,CONSUMER STAPLES,9
Overseas Express,INDUSTRIALS,9
Ozon,CONSUMER DISCRETIONARY,9
Ozon IPJSC,CONSUMER DISCRETIONARY,9
O¿O TS-LOGISTIC,NOT RELEVANT,9
P K-RENTAL,INDUSTRIALS,9
P-K GROUP,INDUSTRIALS,9
P-TREID,ENERGY,9
P.N.,CONSUMER DISCRETIONARY,9
P.R.Rouss,NOT RELEVANT,9
P.T,INFORMATION TECHNOLOGY,9
P/F NOVOROSSISK,CONSUMER STAPLES,9
PA GUARANTEE,INDUSTRIALS,9
PA TOPOL-ECO,MATERIALS,9
PACIFIC CREST SHIPPING,NOT RELEVANT,9
PACKAGING,MATERIALS,18
PACKTOUR,CONSUMER DISCRETIONARY,9
PACTOUR Agency,CONSUMER DISCRETIONARY,9
PADS,INDUSTRIALS,9
PAFIN,MATERIALS,9
PAKER SERVICE,ENERGY,9
PAKETIKO,CONSUMER DISCRETIONARY,9
PAKETTI GROUP,NOT RELEVANT,9
PALFINGER SANY CRANES,INDUSTRIALS,9
PALIENKO DMITRII VALER'EVICH,INDUSTRIALS,9
PALIENKO VALERII ALEKSANDROVIC,INDUSTRIALS,9
PALINAR MANAGEMENT,NOT RELEVANT,9
PALLADA,CONSUMER STAPLES,9
PALLET,INDUSTRIALS,9
PALLETNAYA,INDUSTRIALS,9
PALMIRA,HEALTH CARE,9
PALSTROM DEVELOPMENTS,CONSUMER STAPLES,9
PANAVTO,CONSUMER DISCRETIONARY,9
PANAVTO-YUG,CONSUMER DISCRETIONARY,9
PANDA TRANS,INDUSTRIALS,9
PANELAO FM,REAL ESTATE,9
PANH HELICOPTERS,INDUSTRIALS,9
PANLAIN,MATERIALS,9
PANORAMA,CONSUMER DISCRETIONARY,9
PANORAMA,NOT RELEVANT,9
PAO TATTELEKOM,COMMUNICATIONS,9
PAPA JOHNS,CONSUMER DISCRETIONARY,9
PAPER SERVICE,MATERIALS,9
PAPERNO ALLA GRIGORYVNA,HEALTH CARE,9
PAPERSERVICE,MATERIALS,9
PAPPERSKOPP,MATERIALS,9
PARADIGMA,HEALTH CARE,9
PARADISE,NOT RELEVANT,9
PARADIZ,CONSUMER STAPLES,9
PARALLAKS,INFORMATION TECHNOLOGY,9
PARATSEL'S,CONSUMER STAPLES,9
PARFINSKII FANERNYI,MATERIALS,9
PARFUM,CONSUMER DISCRETIONARY,9
PARFUM NOVOSIBIRSK,NOT RELEVANT,9
PARFYUM,CONSUMER STAPLES,9
PARFYUM KOSMETIK,CONSUMER STAPLES,9
PARGOLOVSKII TLK,REAL ESTATE,9
PARIAL,HEALTH CARE,9
PARITET,INDUSTRIALS,9
PARITET,MATERIALS,9
PARITET-K,HEALTH CARE,9
PARITET-PLYUS,INDUSTRIALS,9
PARK AKTIV,MATERIALS,9
PARK-OTEL,CONSUMER DISCRETIONARY,9
PARKETADVEREY TD,INDUSTRIALS,9
PARMA,INFORMATION TECHNOLOGY,9
PARMALOGIKA,INFORMATION TECHNOLOGY,9
PARNAS-M,NOT RELEVANT,9
PARSEK,INDUSTRIALS,9
PARSHIKOV DMITRII SERGEEVICH,REAL ESTATE,9
PARTNER,CONSUMER DISCRETIONARY,9
PARTNER,CONSUMER STAPLES,27
PARTNER,INDUSTRIALS,36
PARTNER,MATERIALS,18
PARTNER INT COMPANY,INDUSTRIALS,9
PARTNER-EYNERDZHI,CONSUMER DISCRETIONARY,9
PARTNER-TA,CONSUMER DISCRETIONARY,9
PARTNERSKAYA KOMPANIYA,CONSUMER DISCRETIONARY,9
PARTNERY KRASNOYARSK,INDUSTRIALS,9
PARUS,CONSUMER DISCRETIONARY,9
PARUS ELECTRO,INDUSTRIALS,9
PARUS ESTATE,NOT RELEVANT,9
PASHIYSKIY METALLURGICHESKO-,NOT RELEVANT,9
PASKER,NOT RELEVANT,9
PASSENGER PORT,INDUSTRIALS,9
PASSIM,CONSUMER STAPLES,9
PAT-TEKHNOLODZHI,INDUSTRIALS,9
PATO-DZERZHINSK,INDUSTRIALS,9
PATRIOT,NOT RELEVANT,9
PATRIOT,REAL ESTATE,9
PATRUSHEV I,CONSUMER STAPLES,9
PATRUSHEV I K,CONSUMER STAPLES,9
PAVLENKO ANDREI ALEKSANDROVICH,REAL ESTATE,9
PAVLOVO BUS PLANT,CONSUMER DISCRETIONARY,9
PAVLOVSKAGROPRODUKT,CONSUMER STAPLES,9
PAVLOVSKAYA,CONSUMER STAPLES,18
PAVLOVSKAYA MTS,CONSUMER STAPLES,9
PAVLOVSKII DOK,MATERIALS,9
PAVLOVSKIY POSAD,CONSUMER STAPLES,9
PAVLOVSKY AVTOBUS,CONSUMER DISCRETIONARY,9
PAYTRANS,INFORMATION TECHNOLOGY,9
PB,INDUSTRIALS,9
PBE,INDUSTRIALS,9
PC AQUALIFE,CONSUMER STAPLES,9
PC AUTOCOMPONENT NIZHNIY NOV,CONSUMER DISCRETIONARY,9
PC ELECTRONIKA,INFORMATION TECHNOLOGY,9
PC Ecoland,CONSUMER STAPLES,9
PC NEVZ,INDUSTRIALS,9
PCMA RUS,CONSUMER DISCRETIONARY,9
PCR,INDUSTRIALS,9
PDC,CONSUMER DISCRETIONARY,9
PDM ALYANS,CONSUMER DISCRETIONARY,9
PDSK,INDUSTRIALS,18
PEC,INDUSTRIALS,9
PECHENYA,CONSUMER STAPLES,9
PECHORA DEVELOPMENT,INDUSTRIALS,9
PEGAS,CONSUMER DISCRETIONARY,18
PEK,INDUSTRIALS,9
PEKAR,CONSUMER STAPLES,9
PEKAR TRADE HOUSE,NOT RELEVANT,9
PEKARNYA-MEL'NITSA,CONSUMER STAPLES,9
PEKATERM,INDUSTRIALS,9
PEKIN GOSTINICHNO-OFISNY,NOT RELEVANT,9
PEKIN KAR,CONSUMER DISCRETIONARY,9
PEKIN KAR AVTO,CONSUMER DISCRETIONARY,9
PEKKANISKA,INDUSTRIALS,9
PELENG,INDUSTRIALS,9
PELENG TIE,INDUSTRIALS,9
PELIGRIN,HEALTH CARE,9
PELIGRIN MATEN,HEALTH CARE,9
PEM,INDUSTRIALS,9
PENOPLEX,MATERIALS,9
PENOPLEX-KIRISHI LTD.,MATERIALS,9
PENTAN,MATERIALS,9
PENZTYAZHPROMARMATURA,INDUSTRIALS,9
PERA PLASTIC GROUP,NOT RELEVANT,9
PEREKHOD,CONSUMER STAPLES,9
PERELESHIN SUGAR FACTORY,CONSUMER STAPLES,9
PEREMENA,INFORMATION TECHNOLOGY,18
PERERABOTKA BLAGOVESHCHEN,ENERGY,9
PERESTROI-KA,INDUSTRIALS,9
PERESTROIKA,INDUSTRIALS,18
PERESTROYKA,INDUSTRIALS,9
PERESVET-INVEST,NOT RELEVANT,9
PEREVOZNIKOV VADIM YUR'EVICH,CONSUMER DISCRETIONARY,9
PERFETTA.RU,CONSUMER DISCRETIONARY,9
PERFETTI VAN MELLE CO.,CONSUMER STAPLES,9
PERFOCOM,NOT RELEVANT,9
PERFOMANS LAB,INFORMATION TECHNOLOGY,9
PERFOMANS LAB SERVISEZ,INFORMATION TECHNOLOGY,9
PERM,INDUSTRIALS,9
PERM FINANCIAL AND INDUSTRIAL GRO,NOT RELEVANT,9
PERM FLOUR,CONSUMER STAPLES,9
PERM-EVROSERVIS,CONSUMER STAPLES,9
PERM-INTEROPT,FINANCIALS,9
PERMDORSTROY,INDUSTRIALS,9
PERMENERGOSBIT,NOT RELEVANT,9
PERMEYNERGOKOMPLEKT,INDUSTRIALS,9
PERMFISH CLOSED JONIT-STOCK,NOT RELEVANT,9
PERMGLAVSNAB,NOT RELEVANT,9
PERMMETALL,NOT RELEVANT,9
PERMNEFTEMASHREMONT Joint Stock Com,ENERGY,9
PERMSKAYA,INDUSTRIALS,9
PERMSKIE NASOSY,ENERGY,9
PERMSKIY DSK,CONSUMER DISCRETIONARY,9
PERMSKIY TRUBOPROVODNYY,INDUSTRIALS,9
PERMSKIY ZAVOD SILICATNIH PANELEY,NOT RELEVANT,9
PERMSNABSBYT,ENERGY,9
PERMTRANSZHELEZOBETON,INDUSTRIALS,9
PERMYAKOVSKIY,ENERGY,9
PEROXIDE AND ACID COMPOUNDS PLANT,MATERIALS,9
PERSPECTIVA,NOT RELEVANT,9
PERSPECTIVA CLOSED JOINT-STOCK,INDUSTRIALS,9
PERSPEKTIVA,CONSUMER STAPLES,18
PERSPEKTIVA,REAL ESTATE,9
PERVAYA EYNDOSKOPICHESKAYA KOMPANIY,HEALTH CARE,9
PERVAYA LINIYA,CONSUMER STAPLES,9
PERVAYA MEBEL'NAYA FABRIKA,CONSUMER DISCRETIONARY,9
PERVAYA NERUDNAYA KOMPAN,MATERIALS,9
PERVAYA TOPLIVNAYA KOMPANIYA,ENERGY,9
PERVIY MEDICINSKIY CENTRE,HEALTH CARE,9
PERVOE KARERNOE UPRAVLENIE,MATERIALS,9
PERVOE RESHENIE,CONSUMER STAPLES,9
PERVOTSVET,CONSUMER STAPLES,9
PERVOYE RESHENIE,CONSUMER STAPLES,9
PERVY KHLEB,CONSUMER STAPLES,9
PERVYI SHOKOLAT'E,CONSUMER STAPLES,9
PET KER KOMPANI,CONSUMER STAPLES,9
PET RETAIL,CONSUMER DISCRETIONARY,9
PETELINO,CONSUMER STAPLES,18
PETELINSKAYA POULTRY FARM,CONSUMER STAPLES,9
PETERBURGSKIY TRAKTORNIY,INDUSTRIALS,9
PETFOOD,CONSUMER STAPLES,9
PETKUS Russiand,INDUSTRIALS,9
PETRO-FRIGO,FINANCIALS,9
PETRO-MOBIL,NOT RELEVANT,9
PETRO-VAST,INDUSTRIALS,9
PETRO-WAST,INDUSTRIALS,9
PETROCOMMERZ,INDUSTRIALS,9
PETRODIAMOND,NOT RELEVANT,9
PETROGROUP,CONSUMER STAPLES,9
PETROINZHINIRING,ENERGY,9
PETROKHIM,ENERGY,9
PETROKHLEB-KUBAN',CONSUMER STAPLES,9
PETROKOM,INDUSTRIALS,9
PETROLESPORT,INDUSTRIALS,9
PETROLEUM TRADING,ENERGY,9
PETROMASHSERVICE,CONSUMER DISCRETIONARY,9
PETROPLAST,MATERIALS,9
PETROPOLIMER,MATERIALS,9
PETROSAKH,NOT RELEVANT,9
PETROSHINA COMPANY,CONSUMER DISCRETIONARY,9
PETROSTAL METALURGICAL PLANT,MATERIALS,9
PETROTEKS,ENERGY,9
PETROTSENTR,CONSUMER DISCRETIONARY,9
PETROTUL,ENERGY,9
PETROVAX PHARM,HEALTH CARE,9
PETROVSKIE KHLEBA,CONSUMER STAPLES,9
PETROVSKII AGROKOMPLEKS,CONSUMER STAPLES,9
PETROVSKIY KONDITERSKIY DOM,NOT RELEVANT,9
PETROVSKNEFTEPRODUKT,CONSUMER DISCRETIONARY,9
PETRUS,MATERIALS,9
PETSHOP,CONSUMER DISCRETIONARY,9
PETSTAIL,CONSUMER DISCRETIONARY,9
PEUGEOT CITROEN RUS,CONSUMER DISCRETIONARY,9
PEYK,CONSUMER STAPLES,9
PEYK EVGENII VALEREVICH,CONSUMER STAPLES,9
PEYM,INDUSTRIALS,9
PF,CONSUMER STAPLES,9
PF,INDUSTRIALS,9
PF SOKOL,ENERGY,9
PF TRANSTEKHSERVIS-2,NOT RELEVANT,9
PF ULYBINO,CONSUMER STAPLES,9
PFAHNL BACKMITTEL,CONSUMER STAPLES,9
PFC,CONSUMER STAPLES,9
PFK Obnovlenie,HEALTH CARE,9
PFV,CONSUMER STAPLES,9
PG METRAN,INFORMATION TECHNOLOGY,9
PG VEKPROM,INDUSTRIALS,9
PGS-K,INDUSTRIALS,9
PHARM Limited Liability Compan,HEALTH CARE,9
PHARM-SKLAD,HEALTH CARE,9
PHARMACIA,CONSUMER STAPLES,9
PHARMACLUB,HEALTH CARE,9
PHARMACY VIOLET,CONSUMER STAPLES,9
PHARMASYNTEZ,HEALTH CARE,18
PHARMASYNTEZ-TYUMEN LIMITED LIABILI,HEALTH CARE,9
PHARMECO,HEALTH CARE,9
PHARMMEDPROM,HEALTH CARE,9
PHARMSTANDARD,HEALTH CARE,9
PHARMSTANDARD-FITOFARM-NN,NOT RELEVANT,9
PHARMSTANDART,NOT RELEVANT,9
PHARMSTER,HEALTH CARE,9
PHILIP MORRIS IZHORA,CONSUMER STAPLES,9
PHILIPS,HEALTH CARE,9
PHK ALABINO,NOT RELEVANT,9
PHLOKS KOSMETICS,CONSUMER STAPLES,9
PHOSAGRO,MATERIALS,9
PHOSAGRO-KUBAN,MATERIALS,9
PHOSAGRO-REGION,INDUSTRIALS,9
PHS-Tomskhimpharm,NOT RELEVANT,9
PHYSICS OF THE NET,INFORMATION TECHNOLOGY,9
PI INTEGRATSIYA AKTSIONERNOE OBS,INFORMATION TECHNOLOGY,9
PICK POINT,INDUSTRIALS,9
PICKNICK,CONSUMER STAPLES,9
PIG RUBIN,REAL ESTATE,9
PIGMENT,MATERIALS,9
PIINII VT LENAEYROPROEKT,INDUSTRIALS,9
PIK,INDUSTRIALS,9
PIK,NOT RELEVANT,9
PIK Enterprise Production Complex,INDUSTRIALS,9
PIK SHB,NOT RELEVANT,9
PIK-BAR'ER,INDUSTRIALS,9
PIKASOMA,CONSUMER DISCRETIONARY,9
PIKSAR,INDUSTRIALS,9
PILIGRIM-M,HEALTH CARE,9
PILON,INDUSTRIALS,9
PILOT MS,CONSUMER DISCRETIONARY,9
PILOT PLANT MEKHANOBR-L,MATERIALS,9
PIN,CONSUMER DISCRETIONARY,9
PINTA-REGION,CONSUMER STAPLES,9
PIONEER TRADE,MATERIALS,9
PIONER,CONSUMER STAPLES,9
PIONER,INDUSTRIALS,9
PIONER-NEDVIZHIMOST,REAL ESTATE,9
PIPE METALLURGICAL,MATERIALS,9
PIPE TRANSPORT COMPANY,INDUSTRIALS,9
PIPELINE BENDS,MATERIALS,9
PIRAMIDA-2000,NOT RELEVANT,9
PIRS CO.,ENERGY,9
PISHCHEKOMBINAT BEZHITSKII,NOT RELEVANT,9
PISHCHEPROM,CONSUMER STAPLES,9
PISHCHEVIC,FINANCIALS,9
PISHCHEVOI KOMBINAT AZOVSKII,CONSUMER STAPLES,9
PIT-PRODUCT,CONSUMER STAPLES,9
PITANIYA,INDUSTRIALS,9
PITANIYA AGRO,NOT RELEVANT,9
PITANIYA INVEST,NOT RELEVANT,9
PITANIYA KALININGRAD,NOT RELEVANT,9
PITANIYA KHOLDING,NOT RELEVANT,9
PITEINIY DOM.LLC,CONSUMER STAPLES,9
PITER JUNIVESL GRUP,CONSUMER STAPLES,9
PITER UNIVESL,CONSUMER STAPLES,9
PITSTSA RUS,CONSUMER DISCRETIONARY,9
PITZ GEOPHYSICA,ENERGY,9
PIVNOI RESTORAN BIRKHAUZ,CONSUMER DISCRETIONARY,9
PIVNOY MASTER,CONSUMER STAPLES,9
PIVOVARNYA RYUGEN,CONSUMER STAPLES,9
PIVSTAR,CONSUMER STAPLES,9
PJ EURASIA,CONSUMER DISCRETIONARY,9
PJSC,ENERGY,9
PJSC,MATERIALS,18
PJSC,UTILITIES,9
PJSC AVTODIZEL (YAMZ),CONSUMER DISCRETIONARY,9
PJSC KRASPHARMA,HEALTH CARE,9
PJSC LC Europlan,FINANCIALS,9
PJSC Rostelecom,COMMUNICATIONS,9
PJSC Softline,INFORMATION TECHNOLOGY,9
PJSFC,COMMUNICATIONS,9
PK AISBERG-PLYUS,CONSUMER STAPLES,9
PK DSU,INDUSTRIALS,9
PK ILINSKOE 95,CONSUMER STAPLES,9
PK MASLOTORG,CONSUMER STAPLES,9
PK NOVYE,MATERIALS,9
PK VOLKHOVETS,INDUSTRIALS,9
PK-137,HEALTH CARE,9
PKD VENETS,CONSUMER STAPLES,9
PKF,CONSUMER STAPLES,45
PKF AL'TAIR,INDUSTRIALS,9
PKF DONMETALL-2000,INDUSTRIALS,9
PKF EYRMI,CONSUMER DISCRETIONARY,9
PKF IR,CONSUMER STAPLES,9
PKF MEGATAKT-NN,MATERIALS,9
PKF NB-CENTR,CONSUMER STAPLES,9
PKF PERMSPETSKABEL,INDUSTRIALS,9
PKF VEST-MARKET,ENERGY,9
PKNM,ENERGY,9
PKOP,CONSUMER DISCRETIONARY,9
PKP IMPULS,CONSUMER STAPLES,9
PKP RTK,INDUSTRIALS,9
PKT,INDUSTRIALS,9
PKTBA,INDUSTRIALS,18
PKZ DUBROVSKII,CONSUMER STAPLES,9
PKZ-AKTIV,MATERIALS,9
PL,INDUSTRIALS,9
PLAIVUD,INDUSTRIALS,9
PLAN T,CONSUMER DISCRETIONARY,9
PLANET OF TASTE,CONSUMER STAPLES,9
PLANETA,CONSUMER DISCRETIONARY,9
PLANETA ICE,CONSUMER STAPLES,9
PLANETA RAZVLECHENIY IZHEVSK,NOT RELEVANT,9
PLANETA SANTEKHNIKI,CONSUMER DISCRETIONARY,9
PLANETA VITAMINOV,CONSUMER STAPLES,9
PLANETA VOSTOK,REAL ESTATE,9
PLANETA-ZAPAD,CONSUMER STAPLES,9
PLANT AVIATION,NOT RELEVANT,9
PLANT CO.,CONSUMER STAPLES,9
PLANT GAZ,CONSUMER DISCRETIONARY,9
PLANT ORELKOMPRESSORMASH,INDUSTRIALS,9
PLANT SARATOV,NOT RELEVANT,9
PLANT STEPNOGORSK,NOT RELEVANT,9
PLANT URAL,CONSUMER DISCRETIONARY,9
PLANT VOLZHSKY,NOT RELEVANT,9
PLANTIC,CONSUMER DISCRETIONARY,9
PLASTEK,CONSUMER STAPLES,9
PLASTIC REPABLIC,CONSUMER DISCRETIONARY,9
PLASTICS LTD,NOT RELEVANT,9
PLASTICTRADE,CONSUMER STAPLES,9
PLASTIK,INDUSTRIALS,9
PLASTIK,MATERIALS,9
PLASTIK,NOT RELEVANT,9
PLASTIKOVAYA MANUFACTURA,CONSUMER DISCRETIONARY,9
PLASTILUX-GROUP,MATERIALS,9
PLASTILYUKS-GRUPP,MATERIALS,9
PLASTIMA,MATERIALS,9
PLASTKOM,MATERIALS,9
PLATA,CONSUMER DISCRETIONARY,9
PLATAN,INDUSTRIALS,9
PLATFORM,INFORMATION TECHNOLOGY,9
PLATFORMIX,INFORMATION TECHNOLOGY,9
PLATINA,MATERIALS,9
PLATINUM,MATERIALS,18
PLATONOV ALEKSEI GENNADEVICH,CONSUMER DISCRETIONARY,9
PLATTEN,MATERIALS,18
PLAUT CONSULTING,INDUSTRIALS,9
PLAYTERRA,MATERIALS,9
PLAZA,CONSUMER DISCRETIONARY,9
PLAZA HOLDING,INDUSTRIALS,9
PLAZA-DEVELOPMENT,FINANCIALS,9
PLAZA-DEVELOPMENTSERVICE,FINANCIALS,9
PLC,INDUSTRIALS,9
PLEMREPRODUKTOR NAZIYA,CONSUMER STAPLES,9
PLEMZAVOD AGRO-BALT,CONSUMER STAPLES,9
PLEMZAVOD VOLYA,CONSUMER STAPLES,9
PLEMZAVOD-YUBILEINYI,CONSUMER STAPLES,9
PLESKIKH ELENA LEONIDOVNA,CONSUMER STAPLES,9
PLEXPHARM,HEALTH CARE,9
PLEYIS-A,INDUSTRIALS,9
PLITNYI MIR,MATERIALS,9
PLITPROM,INDUSTRIALS,9
PLODOPITOMNICHESKII SOVKHOZ TIMIR,CONSUMER STAPLES,9
PLODOVOE-2009,CONSUMER STAPLES,9
PLPK,MATERIALS,9
PLS,MATERIALS,9
PLUS,CONSUMER DISCRETIONARY,9
PLUS,NOT RELEVANT,9
PLUTON,CONSUMER STAPLES,9
PLYUS,CONSUMER DISCRETIONARY,18
PLYUS,CONSUMER STAPLES,18
PLYUS,HEALTH CARE,9
PLYWOOD MILL,MATERIALS,9
PM VENT,CONSUMER DISCRETIONARY,9
PMH Tagilskaya stal,INDUSTRIALS,9
PMK,INDUSTRIALS,9
PMK SPP,CONSUMER STAPLES,9
PMK-14,INDUSTRIALS,9
PMK-944 TRESTA GELEZOBETON,NOT RELEVANT,9
PMKH TAGILSKAYA STAL,INDUSTRIALS,9
PMP,CONSUMER STAPLES,18
PMP,INDUSTRIALS,9
PMP ZAVOD RMK,ENERGY,9
PMSM,CONSUMER STAPLES,9
PMT,CONSUMER DISCRETIONARY,9
PNEVMOMASH,INDUSTRIALS,9
PNEVMOSTROYMASHINA,INDUSTRIALS,9
PNK-CHEKHOV,NOT RELEVANT,9
PNK-URAL,MATERIALS,9
PNP-SERVIS,ENERGY,9
PNSS,ENERGY,9
PNTZ,MATERIALS,9
PO,CONSUMER DISCRETIONARY,9
PO,INDUSTRIALS,9
PO DM,CONSUMER DISCRETIONARY,9
PO ELAZ,ENERGY,9
PO FIZTEKH,INFORMATION TECHNOLOGY,9
PO KAMAVTORESURS,CONSUMER DISCRETIONARY,9
PO LENSTROYMATERIALY,MATERIALS,9
PO PERERABOTKE LESA I PROIZ,MATERIALS,9
PO SIBBIOFARM,MATERIALS,9
PO TOPCHIKHINSKI MELKOMBINAT,CONSUMER STAPLES,9
POBEDA,CONSUMER DISCRETIONARY,9
POBEDA,CONSUMER STAPLES,9
POBEDA,INDUSTRIALS,9
POBEDA,NOT RELEVANT,9
PODBEL'SKOE,CONSUMER STAPLES,9
PODEM,INDUSTRIALS,9
PODNEBESNAYA,REAL ESTATE,9
PODOL'SKII MASHINOSTROITEL'NYI,INDUSTRIALS,9
PODOROZHNIK,CONSUMER DISCRETIONARY,9
PODOROZHNIK,CONSUMER STAPLES,9
PODOROZHNIK-NOVOSIBIRSK,INDUSTRIALS,9
PODPISKA OBSHCHESTVO S,INDUSTRIALS,9
PODPISKA-EYKSPRESS,INDUSTRIALS,9
PODSHIPNIK TREID,INDUSTRIALS,9
PODVALCHIK,CONSUMER STAPLES,9
PODVESKA,INDUSTRIALS,9
POETTINGER,INDUSTRIALS,9
POGARSKOE MOLOKO,CONSUMER STAPLES,9
POGRUZINSKII,CONSUMER STAPLES,9
POINT,CONSUMER DISCRETIONARY,9
POINTON INVESTMENTS,REAL ESTATE,9
POINTS LABS,COMMUNICATIONS,9
POKROVSKAYA,CONSUMER STAPLES,9
POKROVSKIE VOROTA,CONSUMER DISCRETIONARY,9
POKROVSKIY,MATERIALS,9
POKROVSKIY KHLEB,CONSUMER STAPLES,9
POL-KHOLL,CONSUMER DISCRETIONARY,9
POLARIS,NOT RELEVANT,9
POLARIS INT,CONSUMER DISCRETIONARY,9
POLATI,INDUSTRIALS,9
POLEKS URAL,INDUSTRIALS,9
POLEMA,MATERIALS,9
POLES'E,CONSUMER DISCRETIONARY,9
POLESIE,CONSUMER DISCRETIONARY,9
POLEVSKOI MOLOCHNYI,CONSUMER STAPLES,9
POLI-GRUPP,INDUSTRIALS,9
POLICOM,MATERIALS,9
POLIEYR,MATERIALS,9
POLIFORM TREID,CONSUMER DISCRETIONARY,9
POLIFORT,INFORMATION TECHNOLOGY,9
POLIGRAF PRINT,MATERIALS,9
POLIKHIM,INDUSTRIALS,18
POLIKHIMGRUPP,ENERGY,9
POLIKHIMKOMPLEKT-M,MATERIALS,9
POLIKLINIKA.RU,HEALTH CARE,9
POLIKLINIKA.RU NA SMOLENSKOI,HEALTH CARE,9
POLILUX CENTER COMPANY,NOT RELEVANT,9
POLIMAKS,MATERIALS,9
POLIMEDIA-REGION,INFORMATION TECHNOLOGY,9
POLIMER,CONSUMER STAPLES,9
POLIMER,INDUSTRIALS,9
POLIMERBYT,CONSUMER DISCRETIONARY,9
POLIMERDETAL OBSHCHESTVO S OGRANICH,MATERIALS,9
POLIMERPROM,MATERIALS,9
POLIMERPROM,NOT RELEVANT,9
POLIMERTRADE,MATERIALS,9
POLIMERUPAK,MATERIALS,9
POLINEFTEKHIM,MATERIALS,9
POLIPLAST,MATERIALS,9
POLIPLAST-URALSIB,MATERIALS,9
POLIPLASTIK,MATERIALS,9
POLIPLASTINVEST,MATERIALS,9
POLISERVIS INJINIRING-ROSTOV,MATERIALS,9
POLITECHEM,INDUSTRIALS,9
POLITEKPRO,MATERIALS,9
POLITER,MATERIALS,9
POLOVINNOVSKIY,CONSUMER STAPLES,9
POLTINNIK,FINANCIALS,9
POLUFABRIKATY,INDUSTRIALS,9
POLUS ZOLOTO,MATERIALS,9
POLYARSTROYKOMPLEKT,INDUSTRIALS,9
POLYEX,ENERGY,9
POLYGRAPHIC COMPANY FOR PACKAGING,NOT RELEVANT,9
POLYMEDIA,INFORMATION TECHNOLOGY,9
POLYMER-CHEMIE,MATERIALS,9
POLYMETAL,MATERIALS,9
POLYMETAL TRADING,MATERIALS,9
POLYPARK LIMITED LIABILITY,MATERIALS,9
POLYPLAST,MATERIALS,9
POLYPLAST NOVOMOSKOVSK,MATERIALS,9
POLYPLASTIC GROUP,INDUSTRIALS,9
POLYUSTROVSKIY 66,INDUSTRIALS,9
POLYVERSE CHEMICAL,MATERIALS,9
POMOR SIFUD,CONSUMER STAPLES,9
PONOMAREV NIKOLAI VIKTOROVICH,NOT RELEVANT,9
PONTE,CONSUMER DISCRETIONARY,9
PONTE MSK,CONSUMER DISCRETIONARY,9
PONTIS,CONSUMER STAPLES,9
POPANDOPULO TAT'YANA VALER'EVNA,CONSUMER STAPLES,9
POPOV ALEKSANDR NIKOLAEVICH,ENERGY,9
PORT,NOT RELEVANT,9
PORT MECHEL-TEMRYUK,MATERIALS,9
PORT POSIET,MATERIALS,9
PORTGIDROSTROI,INDUSTRIALS,9
PORTOBELLO PRODUCTS,CONSUMER DISCRETIONARY,9
PORTS INVESTMENTS,INDUSTRIALS,9
PORTS MANAGEMENT LIMITED,INDUSTRIALS,9
POSEIDON,HEALTH CARE,9
POSEYDON,CONSUMER STAPLES,9
POSHK,CONSUMER DISCRETIONARY,9
POSITEC-EURASIA,INDUSTRIALS,9
POSMOTEKA,CONSUMER DISCRETIONARY,9
POSPELIKHINSKAYA MAKARONNAYA FABR,CONSUMER STAPLES,9
POSTAC,MATERIALS,9
POSTINTORG,NOT RELEVANT,9
POT,INDUSTRIALS,9
POTENTIAL,INDUSTRIALS,9
POTENTSIAL,MATERIALS,9
POTENTSIAL OBSHCHESTVO S OGRANICH,REAL ESTATE,9
POULTRY-BREEDING,CONSUMER STAPLES,9
POVOLZHE,INDUSTRIALS,9
POVOLZHE,INFORMATION TECHNOLOGY,9
POVOLZHSKAYA PROMYSHLENNAYA KOM,ENERGY,9
POVOLZHSKAYA VERF,ENERGY,9
POWER,INDUSTRIALS,18
POWER INTERNATIONAL-TYRES,CONSUMER DISCRETIONARY,9
POWER TELECOM,INDUSTRIALS,9
POZHNEFTEKHIM,INDUSTRIALS,18
POZHNEFTEKHIM-DETAL,INDUSTRIALS,9
POZHTECHNIKA,INDUSTRIALS,9
POZHTEKHTSENTR 01,INDUSTRIALS,9
POZITRON,INDUSTRIALS,9
POZITRONIKA-AMUR,CONSUMER DISCRETIONARY,9
POZTEKHNIKA,INDUSTRIALS,9
PP NEFTKOMPLEKT,ENERGY,9
PPD,ENERGY,9
PPF REAL ESTATE RUSSIA,FINANCIALS,9
PPK,ENERGY,18
PPK LINDOVSKOYE,CONSUMER STAPLES,9
PPMTS,ENERGY,9
PPP,CONSUMER STAPLES,9
PR I SS,INDUSTRIALS,18
PR PROMOTION,CONSUMER DISCRETIONARY,9
PRAGMAFARM,CONSUMER STAPLES,9
PRAID,ENERGY,9
PRAIM PRAID,INDUSTRIALS,9
PRAIS,CONSUMER DISCRETIONARY,9
PRAKTIK,INDUSTRIALS,18
PRAKTIK-TSENTR,INDUSTRIALS,9
PRAKTIKA,INDUSTRIALS,9
PRAKTIKA LK,FINANCIALS,9
PRAMO,CONSUMER DISCRETIONARY,9
PRAMO - EYLEKTRO,CONSUMER DISCRETIONARY,9
PRAVIY BEREG-LOGISTIKA,INDUSTRIALS,9
PRAVOURMIISKOE,MATERIALS,9
PRAYD-A,NOT RELEVANT,9
PRECAB,INDUSTRIALS,9
PRECITOOL,INDUSTRIALS,9
PREDPRIJATIE RAZVITIE,NOT RELEVANT,9
PREDPRIYATIE PIK,INDUSTRIALS,9
PREDSTAVITEL'STVO KOMPANII R.D. P,NOT RELEVANT,9
PREDSTAVITELSTVO KOMPANII SVISS INT,INDUSTRIALS,9
PREMER,CONSUMER STAPLES,9
PREMER BIF,CONSUMER STAPLES,9
PREMER LOGISTIK,CONSUMER STAPLES,9
PREMER-AGRO,CONSUMER STAPLES,9
PREMER-TREID,CONSUMER STAPLES,9
PREMIER,NOT RELEVANT,9
PREMIUM,CONSUMER DISCRETIONARY,9
PREMIUM ENGINEERING,INDUSTRIALS,9
PREMIUM-PIVO OBSHCHESTVO S,CONSUMER STAPLES,9
PREMIUM-VKUS OBSHCHESTVO S,CONSUMER STAPLES,9
PREMONT TRADE,CONSUMER DISCRETIONARY,9
PRENTO,CONSUMER DISCRETIONARY,9
PREOBRAZHENSKIY,CONSUMER STAPLES,9
PREOBRAZHENSKNEFT,ENERGY,18
PREORA,INDUSTRIALS,9
PRESENT,MATERIALS,9
PRESS SEVER,INDUSTRIALS,9
PRESSMAN PREMIUM PACKAGING NO,CONSUMER STAPLES,9
PRESSMAN PREMIUM PACKAGING SP,CONSUMER STAPLES,9
PRESSMASH,INDUSTRIALS,9
PRESTIZH,CONSUMER DISCRETIONARY,9
PRESTIZH,INDUSTRIALS,9
PRESTO,CONSUMER DISCRETIONARY,9
PRIANGARSKIY LPK,MATERIALS,9
PRIBOI,CONSUMER STAPLES,9
PRICE,CONSUMER DISCRETIONARY,9
PRIDEX CONSTRUCTION,INDUSTRIALS,9
PRIDONKHIMSTROI IZVEST',MATERIALS,9
PRIGORODNYI,CONSUMER STAPLES,9
PRIGORODNYI,MATERIALS,9
PRIISK UDEREYSKY,MATERIALS,9
PRIKAMSKAYA GIPSOVAYA COMPANY,MATERIALS,9
PRIKASPIISKAYA GAZOVAYA KOMPANIYA O,ENERGY,9
PRIM-INVEST,CONSUMER DISCRETIONARY,9
PRIMANYCHESKII,CONSUMER STAPLES,9
PRIMAPHARM,HEALTH CARE,9
PRIMATEK,MATERIALS,9
PRIME,CONSUMER DISCRETIONARY,9
PRIMORE,HEALTH CARE,9
PRIMORSK TRADE PORT,INDUSTRIALS,9
PRIMORSKUGOL,ENERGY,9
PRIMORSKY PLANT EUROPLAST,MATERIALS,9
PRIMPOLIMER,MATERIALS,9
PRIMTEX,CONSUMER STAPLES,9
PRIMULA,MATERIALS,9
PRIMUM,INDUSTRIALS,9
PRIN,INDUSTRIALS,9
PRINT YARD,INDUSTRIALS,9
PRINTEKO,INFORMATION TECHNOLOGY,9
PRINTSIP-T,CONSUMER DISCRETIONARY,9
PRINTSTYLE,INDUSTRIALS,9
PRIONEZHSKAYA SETEVAYA KOMPANIYA,UTILITIES,9
PRIONEZHSKY MINING COMPANY,MATERIALS,9
PRIORITET,CONSUMER STAPLES,9
PRIORITET,INDUSTRIALS,27
PRIORITET,REAL ESTATE,9
PRIORITET KHOLDING,HEALTH CARE,9
PRIORITET-STROI INZHINIRING,INDUSTRIALS,9
PRIOSKOLE,CONSUMER STAPLES,9
PRIVALOV SERGEI NIKOLAEVICH IP,REAL ESTATE,9
PRIVALOVA NATALYA KONSTANTINOVNA,REAL ESTATE,9
PRIVAT TREYID,CONSUMER DISCRETIONARY,9
PRIVATE ENTREPRENEUR SHAGDAROVA IND,CONSUMER STAPLES,9
PRIVATE HIGHER EDUCATIONAL INSTIT,CONSUMER DISCRETIONARY,9
PRIVODNAYA TEKHNIKA,INDUSTRIALS,9
PRIVOLE,CONSUMER STAPLES,9
PRIVOLZHE-TRANS,INDUSTRIALS,9
PRIVOLZHTRANSSTROI,INDUSTRIALS,9
PRIZ,CONSUMER DISCRETIONARY,9
PRIZMIKS,INDUSTRIALS,9
PRO,COMMUNICATIONS,9
PRO,INDUSTRIALS,9
PRO,MATERIALS,9
PRO AQUA,INDUSTRIALS,9
PRO-MEDITSINA,HEALTH CARE,9
PRO.MED.CS,HEALTH CARE,18
PROCTER AND GAMBLE DISTRIBUTORSKA,CONSUMER STAPLES,9
PROD SERRVIS,CONSUMER STAPLES,9
PRODA,CONSUMER DISCRETIONARY,9
PRODEYKSPORT,CONSUMER STAPLES,9
PRODEYKSPORTER,CONSUMER STAPLES,9
PRODIMEX,CONSUMER STAPLES,18
PRODIMEX-SELECTION,CONSUMER STAPLES,9
PRODKHOLDING,CONSUMER STAPLES,18
PRODKOM SIBIR,CONSUMER STAPLES,9
PRODLOGISTIKA,CONSUMER STAPLES,9
PRODMIR,CONSUMER STAPLES,9
PRODO,CONSUMER STAPLES,9
PRODOPTTORG,CONSUMER STAPLES,9
PRODSNABALTAI,CONSUMER STAPLES,9
PRODTORG,CONSUMER STAPLES,9
PRODTORGFEDERATSIYA,CONSUMER STAPLES,9
PRODTRANS,INDUSTRIALS,9
PRODUCT-SERVICE,NOT RELEVANT,9
PRODUCTION,INFORMATION TECHNOLOGY,9
PRODUCTION ASSOCIATION,CONSUMER DISCRETIONARY,9
PRODUCTION COMPANY BALTIC BREAD,CONSUMER STAPLES,9
PRODUKT,CONSUMER STAPLES,18
PRODUKT-LAIN,CONSUMER STAPLES,9
PRODUKTOVAYA MOZAIKA,CONSUMER STAPLES,9
PRODUKTOVYI MIR,CONSUMER STAPLES,9
PRODUKTY PITANIYA,CONSUMER STAPLES,9
PRODUKTY PITANIYA KOMBINAT,CONSUMER STAPLES,9
PRODZHEKT TREID,INDUSTRIALS,9
PROEKTNAYA KOMPANIYA URALDORT,INDUSTRIALS,9
PROEKTNO-STROITELNOE OBEDINENI,INDUSTRIALS,9
PROEKTNOE BYURO R1,INDUSTRIALS,9
PROEKTSERVIS,INDUSTRIALS,9
PROF,CONSUMER DISCRETIONARY,9
PROF-EYLEKTRO,INDUSTRIALS,9
PROF-IT,INFORMATION TECHNOLOGY,9
PROFCOMPLECT,MATERIALS,9
PROFCOND,INDUSTRIALS,9
PROFCOSMETIC,CONSUMER STAPLES,9
PROFESSIONAL,CONSUMER DISCRETIONARY,9
PROFESSIONAL,CONSUMER STAPLES,9
PROFESSIONAL,INDUSTRIALS,9
PROFESSIONAL'NYE BIOTEKHNOLOGII,CONSUMER STAPLES,9
PROFESSIONALNOE AVARIINO-SPASATEL,INDUSTRIALS,9
PROFFLORIST,CONSUMER DISCRETIONARY,9
PROFI,INDUSTRIALS,9
PROFI PLYUS,INDUSTRIALS,9
PROFI-TREID,CONSUMER STAPLES,9
PROFIBUSINESS,CONSUMER STAPLES,9
PROFIL,MATERIALS,9
PROFIL',CONSUMER DISCRETIONARY,9
PROFIL'-SERVIS,INDUSTRIALS,9
PROFILEX PLANT,NOT RELEVANT,9
PROFIMPORT,CONSUMER DISCRETIONARY,9
PROFIOIL,CONSUMER DISCRETIONARY,9
PROFIT,CONSUMER DISCRETIONARY,9
PROFIT,INDUSTRIALS,9
PROFIT,MATERIALS,9
PROFIT AFK,INDUSTRIALS,9
PROFIT Co.Ltd.,INFORMATION TECHNOLOGY,9
PROFIT FARM,HEALTH CARE,9
PROFIT GLOBAL,MATERIALS,9
PROFIT-LIGA,CONSUMER DISCRETIONARY,9
PROFIT-NIZHNY NOVGOROD,NOT RELEVANT,9
PROFITMED,HEALTH CARE,9
PROFKOSMETIK 76,CONSUMER STAPLES,9
PROFKOSTYUM,CONSUMER DISCRETIONARY,9
PROFLIST-S,INDUSTRIALS,9
PROFMASTER,INDUSTRIALS,9
PROFMODUL,INDUSTRIALS,9
PROFORTOPEDIYA,HEALTH CARE,9
PROFPOTOK,CONSUMER DISCRETIONARY,9
PROFRENT,INDUSTRIALS,9
PROFSERVIS,CONSUMER STAPLES,9
PROFSNABSERVIS,INDUSTRIALS,9
PROFSTEEL,INDUSTRIALS,9
PROGRESS,CONSUMER STAPLES,9
PROGRESS,REAL ESTATE,9
PROGRESS LTD,MATERIALS,9
PROGRESS URAL,FINANCIALS,9
PROGRESS-FARMAIMPEKS,CONSUMER STAPLES,9
PROGRUPP,INDUSTRIALS,9
PROIZVODSTVENNAYA COMPANIYA F,CONSUMER DISCRETIONARY,9
PROIZVODSTVENNAYA FIRMA ETIKETKA,MATERIALS,9
PROIZVODSTVENNAYA KOMPANIYA TRANS,INFORMATION TECHNOLOGY,9
PROIZVODSTVENNAYA KOMPANYA,CONSUMER DISCRETIONARY,9
PROIZVODSTVENNO-KOMMERCHESKAYA,CONSUMER STAPLES,9
PROIZVODSTVENNO-KOMMERCHESKAYA,ENERGY,9
PROIZVODSTVENNO-KOMMERCHESKAYA FI,INDUSTRIALS,9
PROIZVODSTVENNO-STROITEL'NYI KOMP,INDUSTRIALS,9
PROIZVODSTVENNOE OBEDINENIE,INDUSTRIALS,9
PROIZVODSTVENNOE OBEDINENIE YAKUT,MATERIALS,9
PROIZVODSTVENNOE OBEDINENIE Z,CONSUMER DISCRETIONARY,9
PROIZVODSTVENNOE PREDPRIYATIE,CONSUMER DISCRETIONARY,9
PROIZVODSTVENNYI KHOLDING MERKURI,CONSUMER STAPLES,9
PROJECT SUPPORT LLS,INFORMATION TECHNOLOGY,9
PROJECTSTROYMONTAZH,INDUSTRIALS,9
PROKAMI,MATERIALS,18
PROKATMONTAZH,INDUSTRIALS,9
PROKHOROVSKII ELEVATOR,CONSUMER STAPLES,9
PROKOF'EVA TAT'YANA PETROVNA,CONSUMER DISCRETIONARY,9
PROKSIMA,CONSUMER STAPLES,9
PROLOGICS JOINT STOCK,INDUSTRIALS,9
PROM,NOT RELEVANT,9
PROM GMBKH OBSHCHESTVO S OGRA,CONSUMER DISCRETIONARY,9
PROM SNABZHENIE,NOT RELEVANT,9
PROM STIL GMBKH,CONSUMER DISCRETIONARY,9
PROM-A URAL,INDUSTRIALS,9
PROM-OIL,INDUSTRIALS,9
PROM.MEDIK.RUS,HEALTH CARE,9
PROMARSENAL,INDUSTRIALS,9
PROMATIK,ENERGY,9
PROMAVTO,INDUSTRIALS,9
PROMAVTOMATIKA,ENERGY,9
PROMAVTOMATIKA,INDUSTRIALS,9
PROMBEZOPASNOST I ENERGOAUDIT,INDUSTRIALS,9
PROMBYTSTROI,INDUSTRIALS,9
PROMCHIMEXPORT,MATERIALS,9
PROMCOMPLECTACIYA,CONSUMER STAPLES,9
PROMCONSERVY,CONSUMER STAPLES,9
PROMED,HEALTH CARE,9
PROMENERGOLEASING,CONSUMER STAPLES,9
PROMET,INDUSTRIALS,9
PROMETEI,CONSUMER STAPLES,18
PROMEYKS,INDUSTRIALS,9
PROMEYKSKAVATSIYA,INDUSTRIALS,9
PROMEYKSPORT,ENERGY,9
PROMEYNERGO,INDUSTRIALS,9
PROMEYNERGOSTROI,UTILITIES,9
PROMFINSTROI,ENERGY,9
PROMGEODEZIYA,INDUSTRIALS,9
PROMGEOPLAST,MATERIALS,9
PROMIN,INDUSTRIALS,9
PROMINTEL,INDUSTRIALS,9
PROMINTEL-AGRO,INDUSTRIALS,9
PROMINVEST,INDUSTRIALS,9
PROMINVEST,MATERIALS,9
PROMIS,MATERIALS,9
PROMKHIM,CONSUMER DISCRETIONARY,9
PROMKHIM PATRIKEEV,MATERIALS,9
PROMKHIMEYKSPORT,MATERIALS,9
PROMKHIMMONTAZH,REAL ESTATE,9
PROMKHIMPERM',MATERIALS,9
PROMKHIMUPAK,MATERIALS,9
PROMKOMPLEKT,INDUSTRIALS,9
PROMKOMPLEKT SINTEZ,MATERIALS,9
PROMKOMPLEKTSERVIS,ENERGY,9
PROMLEASING,NOT RELEVANT,9
PROMLOGISTIK,INDUSTRIALS,9
PROMMETALL,MATERIALS,9
PROMNASOSINZHINIRING,INDUSTRIALS,9
PROMNEFTEGAZMONTAZH,INDUSTRIALS,9
PROMO,CONSUMER STAPLES,9
PROMOBORUDOVANIE,MATERIALS,9
PROMOIL,INDUSTRIALS,9
PROMONT,INDUSTRIALS,9
PROMPERFORATOR,ENERGY,9
PROMRESURS,CONSUMER DISCRETIONARY,9
PROMSAKHAR,CONSUMER STAPLES,9
PROMSENSOR,INDUSTRIALS,9
PROMSERVICELEASING,NOT RELEVANT,9
PROMSERVIS-KOMI,INDUSTRIALS,18
PROMSERVIS-TSENTR,ENERGY,9
PROMSERVIS-YUG,CONSUMER STAPLES,9
PROMSINTEZ,MATERIALS,27
PROMSORT-URAL,MATERIALS,9
PROMSTROI,NOT RELEVANT,9
PROMSTROI,UTILITIES,18
PROMSTROIDEKOR,INDUSTRIALS,9
PROMSTROIDETAL,MATERIALS,9
PROMSTROIKONTRAKT,MATERIALS,9
PROMSTROIMETALL TREID,MATERIALS,9
PROMSTROYCITY,INDUSTRIALS,9
PROMSVET,INDUSTRIALS,9
PROMSVIAZLEASING,NOT RELEVANT,9
PROMTECHNOEKO COMPANY,INDUSTRIALS,9
PROMTEKH,ENERGY,9
PROMTEKH,HEALTH CARE,9
PROMTEKH,INDUSTRIALS,9
PROMTEKH INZHINIRING,CONSUMER DISCRETIONARY,9
PROMTEKH-SK,INDUSTRIALS,9
PROMTEKHNOEYKO-SERVIS,INDUSTRIALS,9
PROMTEKHNOTSENTR,MATERIALS,9
PROMTEKHSNAB,CONSUMER DISCRETIONARY,9
PROMTEKHSTROY,INDUSTRIALS,9
PROMTORG,CONSUMER DISCRETIONARY,9
PROMTRACTOR,INDUSTRIALS,9
PROMTRUBMONTAGE COMPANY,MATERIALS,9
PROMUPAK,MATERIALS,9
PROMYSHLENNAYA LEASING COMPANY,NOT RELEVANT,9
PROMYSHLENNIE TEKHNOLOGII,CONSUMER STAPLES,9
PROMYSHLENNIK,INDUSTRIALS,9
PROMYSHLENNYH MASHIN,INDUSTRIALS,9
PROPERTIES MANAGMENT CJSC,REAL ESTATE,9
PROPHARM,HEALTH CARE,9
PROPLANTERS,CONSUMER DISCRETIONARY,9
PROPLENKI.RU,CONSUMER DISCRETIONARY,9
PROSPEKT,CONSUMER DISCRETIONARY,9
PROSTYE RESHENIYA,FINANCIALS,9
PROSVESHCHENIYE,CONSUMER DISCRETIONARY,9
PROTECTFEED,CONSUMER STAPLES,9
PROTEI-URAL,MATERIALS,9
PROTEK,HEALTH CARE,9
PROTEK Trading House,HEALTH CARE,9
PROTEK-SVM,HEALTH CARE,9
PROTEKSTIL,CONSUMER DISCRETIONARY,18
PROTEKSTIL-IVANOVO,CONSUMER DISCRETIONARY,9
PROTEKSTIL-R,CONSUMER DISCRETIONARY,9
PROTEKSTROI,FINANCIALS,9
PROTEKT,CONSUMER DISCRETIONARY,9
PROTEYKT,CONSUMER DISCRETIONARY,9
PROTEYKT-REGION OBSHCHESTVO S OGRAN,CONSUMER DISCRETIONARY,9
PROTON-VOLGOGRAD,MATERIALS,9
PROTSESSING,ENERGY,9
PROVENTO,INDUSTRIALS,9
PROVENTO,REAL ESTATE,9
PROVENTUS,CONSUMER DISCRETIONARY,9
PROVIANT NK,NOT RELEVANT,9
PROVIMI,CONSUMER STAPLES,9
PROZAPAS,NOT RELEVANT,9
PS GRUPP,CONSUMER STAPLES,9
PS ST,INFORMATION TECHNOLOGY,9
PSA,MATERIALS,9
PSB-GEM-HOLZ,MATERIALS,9
PSC OF SIBERIA,INDUSTRIALS,9
PSC UCP,MATERIALS,9
PSK 6,INDUSTRIALS,9
PSK KRASPROMSTROI,INDUSTRIALS,9
PSK OMSKDIZEL',INDUSTRIALS,9
PSK SHCHEKINOAZOT,MATERIALS,9
PSK TATEYNERGOSTROI,UTILITIES,9
PSK TEPLO CENTR STROY,NOT RELEVANT,9
PSKOVAGROINVEST,CONSUMER STAPLES,9
PSKOVNEFT-TERMINAL,NOT RELEVANT,9
PSKOVVTORMET,MATERIALS,9
PSM,ENERGY,9
PSM,INDUSTRIALS,9
PSM PRIME,INDUSTRIALS,9
PSO ALTAY,INDUSTRIALS,9
PSP - STROISNAB,INDUSTRIALS,9
PSR,MATERIALS,9
PSS,MATERIALS,9
PSTS EYLEKTRONIKA,INFORMATION TECHNOLOGY,9
PSV,CONSUMER DISCRETIONARY,9
PTB CJSC,UTILITIES,9
PTC 3BT,CONSUMER STAPLES,9
PTF PUARO,CONSUMER STAPLES,9
PTFC TEHNOTRON,INDUSTRIALS,9
PTFK ZTEYO,INDUSTRIALS,9
PTFKA 50 LET SSSR,CONSUMER STAPLES,9
PTICEKOMPLEKS LAISHEVSKIY,CONSUMER STAPLES,9
PTITSA,CONSUMER STAPLES,9
PTITSEFABRIKA ARTEMOVSKAYA,CONSUMER STAPLES,9
PTITSEFABRIKA VOLZHSKAYA,CONSUMER STAPLES,9
PTK,CONSUMER STAPLES,9
PTK BDV,CONSUMER STAPLES,9
PTK GRACH,HEALTH CARE,9
PTK VACUMPAK-M,MATERIALS,9
PTM,INDUSTRIALS,9
PTPA,NOT RELEVANT,9
PTPA TD,INDUSTRIALS,9
PTR-NEFTEPRODUKT,ENERGY,9
PU KAZAN'EYLEKTROSHCHIT,INDUSTRIALS,9
PUBLIC JOINT STOCK,MATERIALS,9
PUBLIC JOINT STOCK COMPAN,ENERGY,9
PUBLIC JOINT STOCK COMPANY GAZAPPAR,ENERGY,9
PUBLIC TOTEM CO,INDUSTRIALS,9
PUBLISHING HOUSE,COMMUNICATIONS,9
PUBLISHING HOUSE SEVEN DAYS,CONSUMER DISCRETIONARY,9
PUDOFF,CONSUMER STAPLES,9
PUGACHEVSKIE MOLOCHNYE PRODUKTY,CONSUMER STAPLES,9
PUL,CONSUMER STAPLES,9
PUL'S ZMK,INDUSTRIALS,9
PULL BEAR CIS,CONSUMER DISCRETIONARY,9
PULS,HEALTH CARE,9
PULS Novosibirsk Limited Liabilit,HEALTH CARE,9
PULSATOR,INDUSTRIALS,9
PUMA-RUS,CONSUMER DISCRETIONARY,9
PUMORI,INDUSTRIALS,9
PUMORI-ENERGIYA,INDUSTRIALS,9
PUR,ENERGY,9
PURGEOKOM,INDUSTRIALS,9
PUSHKIN,NOT RELEVANT,9
PUSHKINSKAYA GRS,INDUSTRIALS,9
PUSTOLYAKOV ANDREI AL'BERTOVIC,CONSUMER DISCRETIONARY,9
PUT OBSHCHESTVO S,INDUSTRIALS,9
PUT' K KOMMUNIZMU,CONSUMER STAPLES,9
PVC.COM,MATERIALS,9
PVK AK,CONSUMER STAPLES,9
PVM,CONSUMER DISCRETIONARY,9
PYATAYA ARMIYA,CONSUMER STAPLES,9
PYATIGORSKII MOLOCHNYI,CONSUMER STAPLES,9
PYRAMIS,INDUSTRIALS,9
PYSHMAAVTODOR,INDUSTRIALS,9
PZ BOL'SHEMURASHKINSKII,CONSUMER STAPLES,9
PZHKKH,INDUSTRIALS,9
PZNO,ENERGY,9
PZPO,INDUSTRIALS,9
PZPT,INDUSTRIALS,9
PZTO TITAN,ENERGY,9
PackProduktion,MATERIALS,9
PackResource,MATERIALS,9
Packaging,MATERIALS,9
PalletTrade,INDUSTRIALS,9
PalletTrade MSK,INDUSTRIALS,9
Palmali Holding Co.,INDUSTRIALS,9
Pan Electrician,CONSUMER DISCRETIONARY,9
Panamax,CONSUMER STAPLES,9
Partner GELIOS,MATERIALS,9
Partner Line,INDUSTRIALS,9
Partner-M,CONSUMER STAPLES,9
Parus pharma,HEALTH CARE,9
Pechoraneft,ENERGY,9
Penza Confectionery,CONSUMER STAPLES,9
PenzaMolInvest,CONSUMER STAPLES,9
Penzensky GPP,CONSUMER STAPLES,9
"Pepeliaev Group ,",INDUSTRIALS,9
PepsiCo Holdings,CONSUMER STAPLES,9
Peresvet,INDUSTRIALS,9
Permenrgokomplekt,INDUSTRIALS,9
Permglavsnab,INDUSTRIALS,9
Permnefteotdacha,ENERGY,9
Persey,CONSUMER STAPLES,9
Perwomajskaja IPS,CONSUMER STAPLES,9
Pet Retail,CONSUMER DISCRETIONARY,9
Peterform,CONSUMER DISCRETIONARY,9
Petersburg Oil,INDUSTRIALS,9
Petersburg Products,CONSUMER STAPLES,9
Peton Construction LLT,ENERGY,9
Petro,CONSUMER STAPLES,9
PetroTool Limited Liability Compa,ENERGY,9
Petroinzhiniring,ENERGY,9
Petrol Complex Equipment,NOT RELEVANT,9
Petroproduct-Otradnoe,CONSUMER STAPLES,9
Petroshina,CONSUMER DISCRETIONARY,9
Petrovax,HEALTH CARE,9
Petshop,CONSUMER DISCRETIONARY,9
Pfizer Innovations,HEALTH CARE,9
Pharm-Holding,INDUSTRIALS,9
Pharm-Sintez,HEALTH CARE,9
Pharm-project,HEALTH CARE,9
PharmConcept,HEALTH CARE,9
PharmEco,HEALTH CARE,9
PharmImEx,HEALTH CARE,9
PharmaMed,HEALTH CARE,9
Pharmasyntez-Nord,HEALTH CARE,9
Pharmimex,HEALTH CARE,9
Pharmkomplekt,HEALTH CARE,9
"Pharmstandard,",HEALTH CARE,9
Pharmstandard-Medtechnika,HEALTH CARE,9
Pharmstandard-UfaVITA,HEALTH CARE,9
Pharmstell,HEALTH CARE,9
Pharmster,HEALTH CARE,9
Pharmstore,HEALTH CARE,9
Philip Morris Izhora,CONSUMER STAPLES,9
Phoenix,CONSUMER DISCRETIONARY,9
Phoenix Ingredients,MATERIALS,9
Phortis,INDUSTRIALS,9
PhosAgro,MATERIALS,9
Phosagro Bond Funding,MATERIALS,9
Phs-Leksredstva,HEALTH CARE,9
PiR-PAK,CONSUMER STAPLES,9
Piastrella,INDUSTRIALS,9
Pikalevskaya Soda,MATERIALS,9
Pikalevskaya soda,MATERIALS,9
PilotPro,CONSUMER DISCRETIONARY,9
Pirelli Tyre,CONSUMER DISCRETIONARY,9
Planet coffee,CONSUMER STAPLES,9
Planeta,CONSUMER STAPLES,9
Planeta Elektrika,INDUSTRIALS,9
Planeta-Service,CONSUMER STAPLES,9
Plant Electromashina Co.,INDUSTRIALS,9
Plant of hearing aids RITM ltd,HEALTH CARE,9
PlastResource,INDUSTRIALS,9
PlastiForm,MATERIALS,9
Plastic,MATERIALS,9
Plastic System,MATERIALS,9
PlitWood,MATERIALS,9
Plodovoe,CONSUMER STAPLES,9
Ploschad Pobedy 10,CONSUMER DISCRETIONARY,9
Plyterra,MATERIALS,9
Pod kablukom,CONSUMER DISCRETIONARY,9
Podolsk Refractories,INDUSTRIALS,9
Point Energy Trading,ENERGY,9
Polair-Nedvizhimost,INDUSTRIALS,9
Polaris,CONSUMER DISCRETIONARY,9
Polaris,HEALTH CARE,9
Poligrafiya Slavyanka,CONSUMER STAPLES,9
Poligrafoformlenie-FLEXO,MATERIALS,9
Polimer-Invest,MATERIALS,9
Polimerprom,MATERIALS,9
Polini,CONSUMER STAPLES,9
Polis-SPb,REAL ESTATE,9
Polisorb,HEALTH CARE,9
Polus,CONSUMER DISCRETIONARY,9
PolyAnalitika,INFORMATION TECHNOLOGY,9
Polychem Moscow,MATERIALS,9
Polycom,MATERIALS,9
Polyexim,MATERIALS,9
Polymedia,INFORMATION TECHNOLOGY,18
Polymer Broker,MATERIALS,9
Polyolefin-Ural,MATERIALS,9
Polyplast North-west,MATERIALS,9
Polyus,MATERIALS,9
Polyus Finance,MATERIALS,9
Port,INDUSTRIALS,18
PortExpress,INDUSTRIALS,9
Portativnaya technika,CONSUMER DISCRETIONARY,9
Ports (Finance),INDUSTRIALS,9
Positive,INFORMATION TECHNOLOGY,18
Positivnye Technologii,INFORMATION TECHNOLOGY,9
Pozhneftekhim,INDUSTRIALS,9
Pravo Rosta,INDUSTRIALS,9
Premier,CONSUMER DISCRETIONARY,9
Premier-Wine,CONSUMER STAPLES,9
Premium Coffee,CONSUMER DISCRETIONARY,9
Premium Produkt Company,CONSUMER STAPLES,9
Press-V,MATERIALS,9
Prestige-Assistance Llc,CONSUMER DISCRETIONARY,9
Pridonye Gardens,CONSUMER STAPLES,9
Prime-Route,INDUSTRIALS,9
Prioritet,MATERIALS,9
Private Company RDTeX,INFORMATION TECHNOLOGY,9
Pro-ingredients,CONSUMER STAPLES,9
ProFM,REAL ESTATE,9
ProShop,CONSUMER STAPLES,9
Procter and Gamble -,CONSUMER STAPLES,9
Prod-Torg,CONSUMER STAPLES,9
ProdSnack,CONSUMER STAPLES,9
Prodest,MATERIALS,9
Prodstar-TH CO,CONSUMER STAPLES,9
Production Enterprise NIZHEGO,MATERIALS,9
Professional orthopaedics,HEALTH CARE,9
Profi trade,CONSUMER DISCRETIONARY,9
ProfiLogic,INFORMATION TECHNOLOGY,9
Profil VOX,INDUSTRIALS,9
Profile - Euro,INDUSTRIALS,9
Profit PCF,CONSUMER STAPLES,9
Profmodul,INDUSTRIALS,9
Progress,CONSUMER DISCRETIONARY,9
Progress Llc UDS GOLDEN,MATERIALS,9
Proletariy,MATERIALS,9
Proleum,ENERGY,9
PromKhimTekh,INDUSTRIALS,9
PromTyazhMash,INDUSTRIALS,9
Promcoat CO.Ltd,MATERIALS,9
Prometey,CONSUMER STAPLES,9
Prometey,HEALTH CARE,9
Promhim,MATERIALS,9
Promintel,INDUSTRIALS,9
Prominvest Holding,MATERIALS,9
Promles,MATERIALS,9
Promperforator,ENERGY,9
Properties,REAL ESTATE,9
Properties Finance,REAL ESTATE,9
Prosthetic Care Centre,HEALTH CARE,9
Proteinsib,CONSUMER STAPLES,9
Proton Orel,INFORMATION TECHNOLOGY,9
Prysmian,INDUSTRIALS,9
Public Joint Stock Company Acron,MATERIALS,9
Publishing,CONSUMER STAPLES,9
Pudoff.,CONSUMER STAPLES,9
Pulp Mill,MATERIALS,9
Pulp Mill Holding,MATERIALS,9
Pulp and Paper Mill,MATERIALS,9
Puls,HEALTH CARE,9
Pumori-North-West,INDUSTRIALS,9
Pumori-engineering invest,INDUSTRIALS,9
Pyrotek,MATERIALS,9
QIWI,FINANCIALS,18
QUADRA,MATERIALS,9
QUADRA - POWER,UTILITIES,9
QUALITY CO,CONSUMER STAPLES,9
QUANTUM MEDICAL IMAGING,HEALTH CARE,9
QUARTZ GROUP,UTILITIES,9
Qbex Logistics,INDUSTRIALS,9
Quantum,COMMUNICATIONS,9
Quarry-Service,INDUSTRIALS,9
Quattro logistic,INDUSTRIALS,9
Quattroservices Facility Manageme,INDUSTRIALS,9
Quattroservices OY,INDUSTRIALS,9
Quehenberger Logistics Rus,INDUSTRIALS,9
Queisser Pharma,HEALTH CARE,9
R,INDUSTRIALS,9
R GROUP LOGISTIC,INDUSTRIALS,9
R-GARNET JOINT STOCK,INDUSTRIALS,9
R-Industry Corporation,INDUSTRIALS,9
R-Klimat,CONSUMER DISCRETIONARY,9
R-Opra,HEALTH CARE,9
R-PLASTIK,INDUSTRIALS,9
R-Pharm,HEALTH CARE,9
R-STEEL,INDUSTRIALS,9
R-TOURISM,CONSUMER DISCRETIONARY,9
R.D. MANAGEMENT SERVICES,REAL ESTATE,9
R.O.S.ALLIANCE,INDUSTRIALS,9
R.O.S.ANTIKOR,MATERIALS,9
R.PARTNER,INDUSTRIALS,9
R2,REAL ESTATE,9
RA,ENERGY,18
RA-POVOLZHE,ENERGY,9
RABBIT,COMMUNICATIONS,9
RACE,INDUSTRIALS,9
RADA OBSHCHESTVO S OGRANICHENNOI,CONSUMER STAPLES,9
RADCHENKO OLEG ANATOL'EVICH (I,CONSUMER STAPLES,9
RADEZH,CONSUMER STAPLES,9
RADIAN,INDUSTRIALS,9
RADIAN-SB,INDUSTRIALS,9
RADIATOR,CONSUMER DISCRETIONARY,9
RADIO KATYUSHA,NOT RELEVANT,9
RADIOTEKH-LOGISTIK,INDUSTRIALS,9
RADIUS,CONSUMER STAPLES,9
RADIUS,INDUSTRIALS,9
RADOST,CONSUMER DISCRETIONARY,9
RADUGA,CONSUMER STAPLES,9
RADUGA,HEALTH CARE,9
RAEVSAKHAR,CONSUMER STAPLES,9
RAFEL,HEALTH CARE,9
RAFT,CONSUMER STAPLES,9
RAFT LIZING,FINANCIALS,9
RAIL,INDUSTRIALS,9
RAIL CARGO LOGISTICS -,INDUSTRIALS,9
RAILWAYCAR-BUILDING WORKS TVE,INDUSTRIALS,9
RAIT-K,CONSUMER STAPLES,9
RAIZ,CONSUMER STAPLES,9
RAIZ,MATERIALS,9
RAKURS,CONSUMER STAPLES,9
RAKURS,NOT RELEVANT,9
RAKURS - INZHINIRING,INDUSTRIALS,9
RALF RINGER,CONSUMER DISCRETIONARY,9
RALMIR HOLDING B. V.,NOT RELEVANT,9
RAM CO.LTD,FINANCIALS,9
RAMEC-VS,INFORMATION TECHNOLOGY,9
RAMENSKIY KONDITERSKIY KOMBINAT,CONSUMER STAPLES,9
RAMI,NOT RELEVANT,9
RAMO-PARK,REAL ESTATE,9
RAMONDA 1918 DOO,INFORMATION TECHNOLOGY,9
RANENBURG,CONSUMER STAPLES,9
RAO - ENGINEERING,UTILITIES,9
RAO - FINANS,UTILITIES,9
RAO ALEKSEEVSKOE,CONSUMER STAPLES,9
RAO EASTERN ENERGY,UTILITIES,18
RAO- ORLOVSKII EYNERGOSBYT,UTILITIES,9
RAPPORTO,INFORMATION TECHNOLOGY,9
RAPSOLIYA,CONSUMER STAPLES,9
RASCH-R,CONSUMER DISCRETIONARY,9
RASKO,MATERIALS,9
RASPADSKAYA,MATERIALS,9
RASPADSKY,MATERIALS,9
RASSE,INFORMATION TECHNOLOGY,9
RASSOKHIN DENIS VALENTINOVICH (IP,CONSUMER STAPLES,9
RASSTAL,INDUSTRIALS,9
RASSVET,CONSUMER DISCRETIONARY,9
RASSVET,CONSUMER STAPLES,18
RASSVET -2000,ENERGY,9
RASTORGUEV NIKOLAY,CONSUMER DISCRETIONARY,9
RAT,CONSUMER STAPLES,9
RATIMIR,CONSUMER STAPLES,18
RAVANI-RUS,INDUSTRIALS,9
RAVEN RUSSIA,FINANCIALS,9
RAVIS-PTITSEFABRIKA SOSNOVSKAYA,CONSUMER STAPLES,9
RAVT-SERVIS,CONSUMER DISCRETIONARY,9
RAZDOL'E,CONSUMER STAPLES,9
RAZDOLE-TREID,CONSUMER STAPLES,9
RAZDOLNOE,CONSUMER STAPLES,9
RAZGULAY,NOT RELEVANT,9
RAZMER,INDUSTRIALS,9
RAZREZ BUNGURSKII-SEVERNYI,NOT RELEVANT,9
RAZREZ KOLYVANSKIY,MATERIALS,9
RAZVIT STRAT INVESTIR V ENERGETIK,INDUSTRIALS,9
RAZVITIE TERRITORII PETERBURGSKAY,REAL ESTATE,9
RAZVITIE-M,CONSUMER STAPLES,9
RB SISTEMS,CONSUMER DISCRETIONARY,9
RB-DIGITAL,FINANCIALS,9
RBC,COMMUNICATIONS,9
RBC,CONSUMER DISCRETIONARY,9
RBC INFORMATION SYSTEMS,NOT RELEVANT,9
RBS:KONSALTING,INFORMATION TECHNOLOGY,9
RBT,CONSUMER DISCRETIONARY,9
RBT MIARIT,CONSUMER DISCRETIONARY,9
RCC,MATERIALS,9
RCM,INDUSTRIALS,9
RD DISTRIBYUTSIYA,CONSUMER STAPLES,9
RD STROI,INFORMATION TECHNOLOGY,9
RDI GROUP,NOT RELEVANT,9
RDM-AGRO,CONSUMER STAPLES,9
RDO-INVEST,NOT RELEVANT,9
RE TREYIDING,CONSUMER DISCRETIONARY,9
RE:BUS,CONSUMER DISCRETIONARY,9
REAFAN,HEALTH CARE,9
REAKTOR PLYUS,CONSUMER DISCRETIONARY,9
REAL ESTATE,FINANCIALS,9
REALCAPS,CONSUMER STAPLES,9
REALGRAMM,ENERGY,9
REALMARKET,INDUSTRIALS,9
REAMED,HEALTH CARE,9
REASIB - DMG,MATERIALS,9
REC ULUSLARARASI INSAAT YATIRIM,INDUSTRIALS,9
RECHSERVIS,ENERGY,9
RECKITT BENCKISER HEATHC,HEALTH CARE,9
RECONCEPT,INDUSTRIALS,9
RECRW,INDUSTRIALS,9
RECTORANNAYA KOMPANIYA MAKSIM,CONSUMER DISCRETIONARY,9
RECYCLING COMPANY,INDUSTRIALS,9
RED CROSS INTERNATIONAL COMMITTEE,NOT RELEVANT,9
"RED Distribution,",INDUSTRIALS,9
RED KUB,FINANCIALS,9
RED SQUARE DEVELOPMENT,REAL ESTATE,9
REDMADROBOT,INFORMATION TECHNOLOGY,18
REDMADROBOT INNOVATIONS,INFORMATION TECHNOLOGY,9
REDMADROBOT MSK,INFORMATION TECHNOLOGY,9
REDTRAK,INDUSTRIALS,9
REDUCTOR-PM,INDUSTRIALS,9
REFARMA,HEALTH CARE,18
REFLOG,MATERIALS,9
REFROTRANZIT,CONSUMER STAPLES,9
REFTRANS,INDUSTRIALS,9
REGION,CONSUMER DISCRETIONARY,18
REGION,CONSUMER STAPLES,9
REGION,INDUSTRIALS,18
REGION IC,NOT RELEVANT,9
REGION OIL KALININGRAD,ENERGY,9
REGION STROY INVEST,FINANCIALS,9
REGION URALA,FINANCIALS,9
REGION-BIZNES,CONSUMER STAPLES,18
REGION-NEFT',ENERGY,9
REGION-SARATOV,CONSUMER STAPLES,9
REGION-SERVIS,CONSUMER STAPLES,9
REGION-TERMINAL,INDUSTRIALS,9
REGION-TYVA,CONSUMER DISCRETIONARY,9
REGIONAGROSERVIS,MATERIALS,9
REGIONAL MEDIA GROUP,CONSUMER DISCRETIONARY,9
REGIONAL'NAYA EYNERGET,UTILITIES,9
REGIONAL'NAYA PRODOVOL'STVENNAYA,CONSUMER STAPLES,9
REGIONALNIYE ELEKTRICHESKIE SETI,NOT RELEVANT,9
REGIONALNOE SNABZHENIE,MATERIALS,9
REGIONALNYI FARMATSEVTICHESKII TS,HEALTH CARE,9
REGIONALNYI INNOVATSIONNYI,INFORMATION TECHNOLOGY,9
REGIONALNYY AVTO-DOROZHNYY KOMPLE,INDUSTRIALS,9
REGIONDORSTROI,INDUSTRIALS,9
REGIONKOMPLEKT,INDUSTRIALS,9
REGIONPRODUCT,CONSUMER STAPLES,9
REGIONPRODUKT,CONSUMER STAPLES,9
REGIONSNAB,ENERGY,9
REGIONSNAB,MATERIALS,9
REGIONSNABSBYT,FINANCIALS,9
REGIONSTROI-KURS,INDUSTRIALS,9
REGIONSTROIOPT,INDUSTRIALS,9
REGSTAER-SK,CONSUMER DISCRETIONARY,9
REGSTAER-SP,CONSUMER DISCRETIONARY,9
REHAU,INDUSTRIALS,18
REHAU PRODUKTION,INDUSTRIALS,9
REICOM,CONSUMER DISCRETIONARY,9
REIL,INDUSTRIALS,9
REIL PRO,INDUSTRIALS,9
REINSKIE MASLA,INDUSTRIALS,9
REINVENT,CONSUMER DISCRETIONARY,9
REK,INDUSTRIALS,9
REKLAMNY AGREGATOR,CONSUMER DISCRETIONARY,9
REKLAMNYE TEHNOLOGIES,NOT RELEVANT,9
REKMASTER,CONSUMER DISCRETIONARY,9
REKONEYNERGO,INDUSTRIALS,18
REKORD,CONSUMER STAPLES,9
REL'EF-TSENTR,CONSUMER DISCRETIONARY,9
RELEMATIKA,INDUSTRIALS,9
REM and Coil,INDUSTRIALS,9
REM-FARM,HEALTH CARE,9
REMAN,INDUSTRIALS,9
REMAN-SERVIS,INDUSTRIALS,9
REMDORSTROI,INDUSTRIALS,9
REMEKS,INDUSTRIALS,9
REMEYKS OIL SOLYUSHNS,CONSUMER DISCRETIONARY,9
REMEYNERGOMASH,INDUSTRIALS,9
REMFASAD,INDUSTRIALS,9
REMIKS,CONSUMER STAPLES,9
REMMA international,INDUSTRIALS,9
REMONO SHIPPING COMPANY,INDUSTRIALS,9
REMONTNO- DIAGNOSTICHESKAYA,INDUSTRIALS,9
REMSTROIMASH,MATERIALS,9
REMTEKHKOMPLEKT,MATERIALS,18
REMTRANSAVTO,NOT RELEVANT,9
RENDEZ-VOUS,CONSUMER DISCRETIONARY,9
RENESSANS AKTIV,MATERIALS,18
RENESSANS-RESTAVRATSIYA,INDUSTRIALS,9
RENIR Limited Liability,HEALTH CARE,9
RENNA,CONSUMER STAPLES,9
RENOLIT-RUS,CONSUMER DISCRETIONARY,9
RENOVA STROYGROUP-TOWER,FINANCIALS,9
RENSTROIDETAL',INDUSTRIALS,9
RENT-GROUP,CONSUMER STAPLES,9
RENT-KEYPITL,MATERIALS,9
RENT-SERVICE,CONSUMER STAPLES,9
RENTA,REAL ESTATE,9
RENTA KAR,CONSUMER DISCRETIONARY,9
RENTALITI,HEALTH CARE,9
RENTEKS-SERVIS,INDUSTRIALS,9
RENTON,CONSUMER DISCRETIONARY,9
"RESCHKE RUS,",INDUSTRIALS,9
RESEARCH AND PRODUCTION,INDUSTRIALS,9
RESEARCH AND PRODUCTION COMPANY A,HEALTH CARE,9
RESEARCH INSTITUTE CEM,INDUSTRIALS,9
RESERVE SERVISE,INDUSTRIALS,9
RESHENIYA I TEKHNOLO,HEALTH CARE,9
RESOURCE,CONSUMER STAPLES,9
RESOURCE,INDUSTRIALS,9
RESPEKT,INDUSTRIALS,9
RESPIRATORNIY KOMPLEKS,CONSUMER DISCRETIONARY,9
RESPUBLIKA,CONSUMER STAPLES,9
RESTAURANTS,CONSUMER DISCRETIONARY,9
RESTEC,INDUSTRIALS,9
RESTEC EXHIBITION COMPANY,INDUSTRIALS,9
RESTORANNAYA NEDVIZHIMOST V.K.,CONSUMER DISCRETIONARY,9
RESTORANTS HOLDING,CONSUMER DISCRETIONARY,9
RESTORATOR,NOT RELEVANT,9
RESURS,CONSUMER STAPLES,9
RESURS,INDUSTRIALS,9
RESURS-AGROEKSPORT,CONSUMER STAPLES,9
RESURSTEKHKABEL,INDUSTRIALS,9
RESURSTRANS,INDUSTRIALS,18
RETAIL,CONSUMER DISCRETIONARY,9
RETAIL BRANDS COLLECTION,CONSUMER DISCRETIONARY,9
RETAIL GROUP,CONSUMER DISCRETIONARY,9
RETAIL RC,CONSUMER DISCRETIONARY,9
RETAIL SERVICE,CONSUMER DISCRETIONARY,9
RETSEPT ZDOROVYA,CONSUMER STAPLES,9
RETVAL CAPITAL,NOT RELEVANT,9
REVADA LOGISTIK,MATERIALS,9
REVANSH,CONSUMER DISCRETIONARY,9
REVOLUT TECHNOLOGIES RUSSIA,FINANCIALS,9
REWARD INVEST,CONSUMER STAPLES,9
REX TRADING,CONSUMER DISCRETIONARY,9
REYDEKS REYDEKS OBSHCHESTVO,HEALTH CARE,9
REYDKOM,CONSUMER DISCRETIONARY,9
REYID,CONSUMER STAPLES,9
REYID -,CONSUMER STAPLES,9
REYLTRANSSERVIS,INDUSTRIALS,9
REZERV,CONSUMER STAPLES,18
REZERV-EYLEKTRO 21 VEK,INDUSTRIALS,9
REZHEVSKOI,CONSUMER STAPLES,9
REZHNIKEL PO,NOT RELEVANT,9
REZILYUKS-VOLGA,MATERIALS,9
REZONANS,CONSUMER STAPLES,9
REZULTAT,CONSUMER DISCRETIONARY,9
RFC,CONSUMER STAPLES,9
RFC,MATERIALS,9
RFP,MATERIALS,9
RFP TH,MATERIALS,9
RG-EYKOTEK,INDUSTRIALS,9
RG-REMSERVICE,INDUSTRIALS,9
RG-TEKHNO,INDUSTRIALS,9
RG-Techno,INDUSTRIALS,9
RGC,INDUSTRIALS,9
RGC-TRADE,INDUSTRIALS,9
RGMEYK,UTILITIES,9
RGT,INDUSTRIALS,9
RHI,INDUSTRIALS,9
RI-GROUP LIMITED LIABILITY COMPAN,INDUSTRIALS,9
RIA,INDUSTRIALS,9
RIALCON,CONSUMER DISCRETIONARY,9
RIC,INDUSTRIALS,9
RICH,CONSUMER STAPLES,18
RICHMONT TRANSPORTATION SERVI,NOT RELEVANT,9
RICHSAYKER,INDUSTRIALS,9
RICO,CONSUMER DISCRETIONARY,9
RICOH RUS,INDUSTRIALS,9
RID OIL-PERM,ENERGY,9
RIEKER OST,CONSUMER DISCRETIONARY,9
RIF,CONSUMER STAPLES,9
RIF medservis Co,HEALTH CARE,9
RIF-TERMINAL,INDUSTRIALS,9
RIFT OBSHCHESTVO S,CONSUMER STAPLES,9
RIGHTSCAN,INFORMATION TECHNOLOGY,9
RIGLA,HEALTH CARE,9
RIGUS,CONSUMER DISCRETIONARY,9
RIH,NOT RELEVANT,9
RIK,CONSUMER DISCRETIONARY,9
RIK,CONSUMER STAPLES,9
RIK,INDUSTRIALS,9
RIKARD,MATERIALS,9
RIKIMA HOLDINGS,INDUSTRIALS,9
RIKO,FINANCIALS,9
RIKOS,NOT RELEVANT,9
RIKS,CONSUMER STAPLES,9
RIMA,INDUSTRIALS,9
RIMAL',CONSUMER DISCRETIONARY,9
RIMAN-AGRO,CONSUMER STAPLES,9
RIMERA,ENERGY,9
RIMERA-SERVICE,ENERGY,9
RIMEYKS-DISKI,CONSUMER DISCRETIONARY,9
RIMEYKS-SHINY,CONSUMER DISCRETIONARY,9
RIMKER,MATERIALS,9
RIMS,CONSUMER DISCRETIONARY,9
RINEK,INDUSTRIALS,9
RIOVERDE,CONSUMER STAPLES,9
RIPOL Classic Publishing,CONSUMER DISCRETIONARY,9
RIPOL classic,COMMUNICATIONS,9
RIS,CONSUMER STAPLES,9
RISING STAR MEDIA,NOT RELEVANT,9
RISOVAYA,CONSUMER STAPLES,9
RISP,CONSUMER STAPLES,9
RISSA INVESTMENTS,CONSUMER STAPLES,9
RITEIL,CONSUMER DISCRETIONARY,9
RITEIL,CONSUMER STAPLES,9
RITEIL NSK,CONSUMER DISCRETIONARY,9
RITEIL PARK,REAL ESTATE,9
RITEIL-VOSTOK,CONSUMER DISCRETIONARY,9
RITEK,ENERGY,9
RITEYL-ARENA,CONSUMER DISCRETIONARY,9
RITM EYNERGO,MATERIALS,9
RITM TPTA,INDUSTRIALS,9
RIV'ERA,CONSUMER STAPLES,9
RIVA LIMITED LIABILITY,CONSUMER STAPLES,9
RIVAL,CONSUMER DISCRETIONARY,9
RIVE GAUCHE,CONSUMER STAPLES,9
RIVER,INDUSTRIALS,9
RIVERA,CONSUMER DISCRETIONARY,9
RIVIERA,INDUSTRIALS,9
RIVIERA,NOT RELEVANT,9
RIZALIT,FINANCIALS,9
RJ TINAIF,CONSUMER DISCRETIONARY,9
RJUE CO,INDUSTRIALS,9
RK,CONSUMER DISCRETIONARY,9
RK ALTAI,CONSUMER DISCRETIONARY,9
RK OBORONSNABSBYT RK,NOT RELEVANT,9
RK-GRAND,MATERIALS,9
RKK,CONSUMER DISCRETIONARY,9
RKS,CONSUMER DISCRETIONARY,9
RKS-INZHINIRING,UTILITIES,9
RKS-KHOLDING,UTILITIES,9
RKZ-TAVR,CONSUMER STAPLES,9
RLA-ARENDA,REAL ESTATE,9
RLG,CONSUMER DISCRETIONARY,9
RM - TEREX,CONSUMER DISCRETIONARY,9
RM-Consult Management Company,CONSUMER STAPLES,9
RM-GROUP,CONSUMER STAPLES,9
RM-LOGISTIC,NOT RELEVANT,9
RM-LOGISTIKA,HEALTH CARE,9
RM-Rail,INDUSTRIALS,9
RM-STEEL,MATERIALS,18
RM-STIL.MK,MATERIALS,9
RMBIT,HEALTH CARE,9
RMC,INDUSTRIALS,9
RMISTEEL,MATERIALS,9
RMK-FINANCE,MATERIALS,9
RMK-SNABZHENIE,MATERIALS,9
RMS,HEALTH CARE,9
RN HOLDING,ENERGY,9
RN MPW,MATERIALS,9
RN-AERO SHEREMETIEVO,ENERGY,9
RN-KOMSOMOLSKII NPZ,ENERGY,9
RN-YUGANSKNEFTEGAZ,ENERGY,9
RNT,INFORMATION TECHNOLOGY,9
RNT LOGISTIKA,INDUSTRIALS,9
ROBEK,CONSUMER DISCRETIONARY,9
ROBERT BOSCH,CONSUMER DISCRETIONARY,9
ROBIAL,CONSUMER STAPLES,9
ROCADAMED,HEALTH CARE,9
ROCKWOOL,NOT RELEVANT,9
ROCKWOOL-NORTH,NOT RELEVANT,9
RODELEN,FINANCIALS,9
RODER,INDUSTRIALS,9
RODEX,NOT RELEVANT,9
RODEX GROUP,REAL ESTATE,9
RODINA,CONSUMER STAPLES,18
RODINA SSPK,CONSUMER STAPLES,9
RODIOLA,CONSUMER DISCRETIONARY,9
RODION ALEKSANDROVICH,CONSUMER DISCRETIONARY,9
RODIS-M,INDUSTRIALS,9
RODNIE POLYA,CONSUMER STAPLES,9
RODNIK,CONSUMER STAPLES,18
RODNIK,FINANCIALS,9
RODONIT,CONSUMER DISCRETIONARY,9
ROE,INDUSTRIALS,9
ROEMER,CONSUMER STAPLES,9
ROGNEDA,MATERIALS,18
ROGNEDA-TRADE MANAGEMENT,MATERIALS,9
ROGNEDASEVERTORG,MATERIALS,9
ROK-1,CONSUMER STAPLES,18
ROKADA,CONSUMER DISCRETIONARY,9
ROKADA-DENT,HEALTH CARE,9
ROKSET-S,CONSUMER STAPLES,9
ROLF,CONSUMER DISCRETIONARY,18
ROLLINGER LOGISTICS,INDUSTRIALS,9
ROLTEYK,INDUSTRIALS,9
ROMACO LIMITED LIABILITY,HEALTH CARE,9
ROMAN ALEKSANDROVICH,CONSUMER DISCRETIONARY,9
ROMANOV,HEALTH CARE,9
ROMASHKA,CONSUMER DISCRETIONARY,9
ROMASHKA,CONSUMER STAPLES,9
ROMASHKA KO,REAL ESTATE,9
ROMASHOV VLADIMIR MICHAILOVIC,CONSUMER STAPLES,9
ROMAX,INDUSTRIALS,9
ROMEKS-KUBAN',INDUSTRIALS,9
ROMKOR,CONSUMER STAPLES,9
ROMODANOVOSAKHAR,CONSUMER STAPLES,9
RONA,NOT RELEVANT,9
RORC,ENERGY,9
ROS-Chimia,MATERIALS,9
ROSA,CONSUMER DISCRETIONARY,18
ROSAN FINANCE Share holders company,INFORMATION TECHNOLOGY,9
ROSANTIKOR,MATERIALS,9
ROSAVTOPLAST,NOT RELEVANT,9
ROSBERG,CONSUMER DISCRETIONARY,18
ROSBERG TSENTR OBSHCHESTVO,CONSUMER DISCRETIONARY,9
ROSBUSINESS,MATERIALS,9
ROSDORSTROI,ENERGY,9
ROSDORSTROI,INDUSTRIALS,9
ROSENBERG RUS,INDUSTRIALS,9
ROSFARM,CONSUMER STAPLES,9
ROSGAZ,ENERGY,9
ROSGEO,INDUSTRIALS,18
ROSHALSKI ZAVOD PLASTIFIKATOROV,MATERIALS,9
ROSIMPORT SERVICES,NOT RELEVANT,9
ROSINKA,CONSUMER STAPLES,9
ROSINKA-SERVICE,FINANCIALS,9
ROSINTER,CONSUMER DISCRETIONARY,9
ROSINTER RESTAURANTS EKATERINBURG,NOT RELEVANT,9
ROSKARANTINSERVIS,CONSUMER STAPLES,9
ROSKO,CONSUMER DISCRETIONARY,18
ROSKOMMUNENERGO,NOT RELEVANT,9
ROSKORP,FINANCIALS,9
ROSKOTREND group SLL,INDUSTRIALS,9
ROSMAN,CONSUMER DISCRETIONARY,18
ROSMOL,CONSUMER STAPLES,9
ROSMORPORT,INDUSTRIALS,9
ROSMORPORT FGUP,INDUSTRIALS,9
ROSNEFT,ENERGY,9
ROSOKHRANA,INDUSTRIALS,9
ROSPAN INTERNATIONAL,NOT RELEVANT,9
ROSPIPE INTERNATIONAL,CONSUMER DISCRETIONARY,9
ROSPLAST LIMITED LIABILITY,NOT RELEVANT,9
ROSPRODUCT,CONSUMER STAPLES,9
ROSPRODUKT,CONSUMER STAPLES,9
ROSPROMRESURS-EYKO,CONSUMER STAPLES,9
ROSSETI MOSKOVSKI REGION,UTILITIES,9
ROSSETI Tyumen,UTILITIES,9
ROSSETI VOLGA,UTILITIES,9
ROSSICH,CONSUMER STAPLES,9
ROSSIISKIE SETI,UTILITIES,9
ROSSIYSKIE MYASOPRODUCTY,CONSUMER STAPLES,9
ROSSKAT PJSC,NOT RELEVANT,9
ROSSKO,CONSUMER DISCRETIONARY,9
ROSSNABSTROY,ENERGY,9
ROST,CONSUMER STAPLES,9
ROST,ENERGY,9
ROST TAYM,INDUSTRIALS,9
ROST'AL INZHINIRING,INDUSTRIALS,9
ROST-ODER,CONSUMER STAPLES,9
ROST-S,INDUSTRIALS,9
ROSTA,HEALTH CARE,9
ROSTA,NOT RELEVANT,9
ROSTA-NEFTEPRODUKT,INDUSTRIALS,9
ROSTAGRO,CONSUMER STAPLES,9
ROSTAGROKOMPLEKS,CONSUMER STAPLES,9
ROSTAR,INDUSTRIALS,18
ROSTEKS,CONSUMER DISCRETIONARY,9
ROSTELECOM,COMMUNICATIONS,9
ROSTERMINALUGOL,INDUSTRIALS,9
ROSTFUD,CONSUMER STAPLES,9
ROSTI,CONSUMER DISCRETIONARY,9
ROSTIK INVESTMENT GROUP INC,FINANCIALS,9
ROSTINVEST,CONSUMER DISCRETIONARY,9
ROSTMASTER,CONSUMER DISCRETIONARY,9
ROSTMASTER-L,CONSUMER DISCRETIONARY,9
ROSTOK,CONSUMER STAPLES,9
ROSTORGSNAB,ENERGY,9
ROSTOV,MATERIALS,9
ROSTOV CENTER OF DEVELOPMENT,NOT RELEVANT,9
ROSTOV COMBINE OF CHAMPAGNE WINE.,CONSUMER STAPLES,9
ROSTOV-GAS-SERVICE,CONSUMER STAPLES,9
ROSTOVAUTODORSTROY,INDUSTRIALS,9
ROSTOVAVTOMOST,INDUSTRIALS,9
ROSTOVGORSTROY,INDUSTRIALS,9
ROSTOVSKAYA TORGOVAYA BAZA,CONSUMER DISCRETIONARY,9
ROSTOVSKOE DSU,INDUSTRIALS,9
ROSTOVTOPPROM,ENERGY,9
ROSTRANS,INDUSTRIALS,9
ROSTRANSTERMINAL,NOT RELEVANT,9
ROSTSELMASH,INDUSTRIALS,9
ROSTSTROYDONINVEST,NOT RELEVANT,9
ROSTTEKH,INDUSTRIALS,9
ROSTTEKHKONTROL,ENERGY,9
ROSTTEKHKONTROL',ENERGY,9
ROSTYUGSERVICE,CONSUMER STAPLES,9
ROSTerm North-West,INDUSTRIALS,9
ROSTterm,INDUSTRIALS,9
ROSVODOKANAL,UTILITIES,18
ROSWELL ARKTIC Limited liability,ENERGY,9
ROT,CONSUMER DISCRETIONARY,9
ROT FRONT,CONSUMER STAPLES,9
ROTEKS,INDUSTRIALS,9
ROTOGRAVURE,MATERIALS,9
ROTOR PLYUS,INDUSTRIALS,9
ROTOR-LIZING,INDUSTRIALS,9
ROUD GRUPP,INDUSTRIALS,9
ROUST,CONSUMER STAPLES,9
ROXOR,INDUSTRIALS,9
ROXOR CONSUMER,CONSUMER DISCRETIONARY,9
ROXOR INDASTRY,INDUSTRIALS,9
ROYAL AHREND RUS,INDUSTRIALS,9
ROYAL BURGER,CONSUMER DISCRETIONARY,9
ROYAL RABBIT,CONSUMER DISCRETIONARY,9
ROZHDESTVENSKAYA TATYANA,NOT RELEVANT,9
ROZLEKS FARM,HEALTH CARE,9
ROZMARIN,CONSUMER STAPLES,9
ROZNITSA K-1,CONSUMER STAPLES,9
ROZNITSA NN,CONSUMER DISCRETIONARY,9
RPA PULSE,INDUSTRIALS,9
RPC Bramlage Yekaterinburg,MATERIALS,9
RPC MEDIANA-FILTER,INDUSTRIALS,9
RPF MetMash,INDUSTRIALS,9
RPS,CONSUMER DISCRETIONARY,9
RPT,CONSUMER DISCRETIONARY,9
RRC,INFORMATION TECHNOLOGY,9
RRCI,INFORMATION TECHNOLOGY,9
RRM,CONSUMER STAPLES,9
RS,CONSUMER DISCRETIONARY,9
RS,INFORMATION TECHNOLOGY,9
RS-TRANS,INDUSTRIALS,9
RSG,INDUSTRIALS,27
RSG-FINANCE,FINANCIALS,9
RSH-group,CONSUMER STAPLES,9
RSL,FINANCIALS,9
RSP TOPKA,INDUSTRIALS,9
RSS,INDUSTRIALS,9
RST,INDUSTRIALS,18
RST-INVENT,INFORMATION TECHNOLOGY,9
RSV,CONSUMER STAPLES,9
RT,CONSUMER STAPLES,9
RT,INDUSTRIALS,9
RT TATLIZING,INDUSTRIALS,9
RT-RAZVITIE BIZNESA,INDUSTRIALS,9
RTA,CONSUMER DISCRETIONARY,9
RTA,CONSUMER STAPLES,9
RTA,INDUSTRIALS,9
RTA AIR AND SEA,INDUSTRIALS,9
RTC,CONSUMER DISCRETIONARY,9
RTC,INDUSTRIALS,9
RTI,MATERIALS,9
RTI SISTEMS CONCERN,INDUSTRIALS,9
RTI-KOMPONENT,INDUSTRIALS,9
RTK,ENERGY,9
RTK PLYUS,ENERGY,9
RTK-SERVIS,COMMUNICATIONS,9
RTL,INDUSTRIALS,9
RTP,INDUSTRIALS,18
RTPK,MATERIALS,9
RTPZ,INDUSTRIALS,9
RTR,CONSUMER DISCRETIONARY,9
RTR,INDUSTRIALS,9
RTS AVTODILER,CONSUMER DISCRETIONARY,9
RTS KRASNODARSKII,REAL ESTATE,9
RTS-TENDER,INDUSTRIALS,9
RTSK,MATERIALS,9
RTSOFT,INFORMATION TECHNOLOGY,9
RTSoft-ES,INFORMATION TECHNOLOGY,9
"RTSoft-SG,",INDUSTRIALS,9
RTSoft-project,INFORMATION TECHNOLOGY,9
RTZ,MATERIALS,9
RUAL,INDUSTRIALS,9
RUANT,ENERGY,9
RUBEZH,CONSUMER STAPLES,9
RUBEZH,INDUSTRIALS,9
RUBEZH,INFORMATION TECHNOLOGY,9
RUBIKON,CONSUMER STAPLES,9
RUBIN,CONSUMER DISCRETIONARY,9
RUBIN,CONSUMER STAPLES,9
RUBTSOVSKII LESO-DEREVOPERERABATY,MATERIALS,9
RUCARD,INFORMATION TECHNOLOGY,9
RUDNYANSKOE KHPP,CONSUMER STAPLES,9
RUIS GROUP OF COMPANIES,NOT RELEVANT,9
RULLAX,INDUSTRIALS,9
RUMATA,NOT RELEVANT,9
RUMELKO - AGRO,CONSUMER STAPLES,9
RUPAL,INDUSTRIALS,9
RUS,HEALTH CARE,18
RUS,MATERIALS,9
RUS,NOT RELEVANT,9
RUS FINANCE,CONSUMER DISCRETIONARY,9
RUS IMPERIAL GROUP,NOT RELEVANT,9
RUS',CONSUMER STAPLES,9
RUS',INDUSTRIALS,9
RUS-AUTO,INDUSTRIALS,9
RUS-KHOLOD,MATERIALS,9
RUS-SAR,CONSUMER DISCRETIONARY,9
RUS.SUPPORT,INFORMATION TECHNOLOGY,9
RUSAGRO,CONSUMER STAPLES,9
RUSAGRO,NOT RELEVANT,9
RUSAGRO-SAKHAR,CONSUMER STAPLES,9
RUSAGROBEL,CONSUMER STAPLES,9
RUSAGROPROM,CONSUMER STAPLES,9
RUSAGROSELEKT,MATERIALS,9
RUSAGROTORG MOSCOW,NOT RELEVANT,9
RUSAGROTRADE,CONSUMER STAPLES,9
RUSAL,MATERIALS,9
RUSAL,NOT RELEVANT,9
RUSAL Achinsk,MATERIALS,9
RUSAL Bratsk,MATERIALS,9
RUSAL Novokuznetsk,MATERIALS,9
RUSAL SAYANAL,MATERIALS,9
RUSAL SAYANOGORSK,MATERIALS,9
RUSALTRANS,MATERIALS,9
RUSANT,INDUSTRIALS,9
RUSARSENAL,CONSUMER DISCRETIONARY,9
RUSBIO,INDUSTRIALS,9
RUSBIOPHARM,HEALTH CARE,9
RUSCAN,CONSUMER STAPLES,9
RUSCLIMAT,CONSUMER DISCRETIONARY,9
RUSCON,INDUSTRIALS,9
RUSELKO,CONSUMER STAPLES,9
RUSELPROM,INDUSTRIALS,9
RUSELPROM,NOT RELEVANT,9
RUSELPROM-MS,INDUSTRIALS,9
RUSELPROM-TEKHSNAB,INDUSTRIALS,9
RUSENERGOMONTAZH,INDUSTRIALS,9
RUSENERGOSBYT,UTILITIES,9
RUSENGINEERING,NOT RELEVANT,9
RUSEYKSPORTUGOL',ENERGY,9
RUSEYLEKTROKABEL' ZAKRYTOE AKTSIO,CONSUMER DISCRETIONARY,9
RUSEYLPROM. EYLEKTRICHESKIE MASHI,INDUSTRIALS,9
RUSFISHKOM,CONSUMER STAPLES,9
RUSFOL,CONSUMER DISCRETIONARY,9
RUSFOREST,FINANCIALS,9
RUSFOREST,MATERIALS,9
RUSGAZBURENIE,ENERGY,9
RUSHOLTS GC COM.LTD.,CONSUMER DISCRETIONARY,9
RUSHWAY,INDUSTRIALS,9
RUSHYDRO,UTILITIES,9
RUSICHI,MATERIALS,9
RUSIMPORT LIMITED,INDUSTRIALS,9
RUSINFORM,HEALTH CARE,9
RUSINTEKHTSENTR,CONSUMER DISCRETIONARY,9
RUSKAT,INDUSTRIALS,9
"RUSKHIMSET,",MATERIALS,9
RUSKO,HEALTH CARE,9
RUSKO,INFORMATION TECHNOLOGY,9
RUSKOM-AGRO,CONSUMER STAPLES,9
RUSKOMPOZIT,MATERIALS,9
RUSKON-S,INDUSTRIALS,9
RUSLET,INDUSTRIALS,9
RUSMARINE,INDUSTRIALS,9
RUSMARINE-LOGISTIC,INDUSTRIALS,9
RUSMARINE-LOGISTIC-N,INDUSTRIALS,9
RUSMARINE-TRANSPORT,INDUSTRIALS,9
RUSMARKET,MATERIALS,9
RUSMASLOPROM,CONSUMER STAPLES,9
RUSMEDCOM,HEALTH CARE,9
RUSMOLCO DT,CONSUMER STAPLES,9
RUSNANO,INDUSTRIALS,18
RUSOPHARM,HEALTH CARE,9
RUSPAK,CONSUMER STAPLES,9
RUSPERFORATOR,ENERGY,9
RUSPOLYMET,INDUSTRIALS,18
RUSPOSTAVKA,CONSUMER STAPLES,9
RUSPUB,CONSUMER DISCRETIONARY,9
RUSS OUTDOOR,CONSUMER DISCRETIONARY,18
RUSSBLANKOIZDAT,CONSUMER DISCRETIONARY,9
RUSSHPALA,MATERIALS,9
RUSSIA,INDUSTRIALS,9
RUSSIAN AQUACULTURE,NOT RELEVANT,9
RUSSIAN COAL,ENERGY,9
RUSSIAN COPPER,MATERIALS,9
RUSSIAN POST,INDUSTRIALS,9
RUSSIAN RAILWAYS,INDUSTRIALS,9
RUSSIAN STYLE,CONSUMER STAPLES,9
RUSSIAN TIMBER,NOT RELEVANT,9
RUSSIAN UTILITY,UTILITIES,9
RUSSIAN WORLD STUDIOS,CONSUMER DISCRETIONARY,9
RUSSKAYA KOZHA,CONSUMER DISCRETIONARY,9
RUSSKAYA OVOSHCHNAYA KOMPANIYA,CONSUMER STAPLES,9
RUSSKI BRILLIANT,CONSUMER DISCRETIONARY,9
RUSSKI UGOL-KUZBASS,ENERGY,9
RUSSKIE,CONSUMER STAPLES,9
RUSSKIE TRADITSII,NOT RELEVANT,9
RUSSKII,CONSUMER STAPLES,9
RUSSKII BRILIANT,CONSUMER DISCRETIONARY,9
RUSSKII KHLEB,CONSUMER STAPLES,18
RUSSKII UROZHAI,CONSUMER STAPLES,9
RUSSKIY,CONSUMER STAPLES,9
RUSSKIY KHLEB,CONSUMER STAPLES,9
RUSSKIY KHOLOD,CONSUMER STAPLES,9
RUSSKIY OGOROD,CONSUMER STAPLES,9
RUSSKIY SVET,INDUSTRIALS,9
RUSSKOE MOLOKO,CONSUMER STAPLES,9
RUSSKOE POLE,CONSUMER STAPLES,9
RUSSKOM-GRAFIKS,INDUSTRIALS,9
RUSSKY,CONSUMER STAPLES,9
RUSSKY DOM,NOT RELEVANT,9
RUSSNEFT,ENERGY,18
RUSSTAR,INDUSTRIALS,9
RUSSWELL,NOT RELEVANT,9
RUST-95,ENERGY,9
RUSTARK,CONSUMER STAPLES,9
RUSTEKH REMAINING,MATERIALS,9
RUSTRANS RR,INDUSTRIALS,9
RUSTRANSAVTO,INDUSTRIALS,9
RUSUN EXPORT,CONSUMER STAPLES,9
RUSVIETPETRO,ENERGY,9
RUSVINTORG,CONSUMER STAPLES,9
RUSYUGPRODUKT I K,CONSUMER STAPLES,9
RUTEK,INDUSTRIALS,9
RUTGERS SEVERTAR,MATERIALS,9
RUZKHIMMASH,INDUSTRIALS,9
RVI,CONSUMER STAPLES,9
RVI,INFORMATION TECHNOLOGY,9
RVK-Arhangelsk,UTILITIES,9
RVK-INVEST,UTILITIES,9
RVK-ORENBURZHE,UTILITIES,9
RVK-ORSK,UTILITIES,9
RVK-VORONEZH,UTILITIES,9
RVKTOMSK,UTILITIES,9
RWA,MATERIALS,9
"RX optics manufacture G4U,",HEALTH CARE,9
RYABINA,CONSUMER STAPLES,9
RYABINOVOYE,MATERIALS,9
RYAD,NOT RELEVANT,9
RYATICO,HEALTH CARE,9
RYAZAN'AVTODOR,INDUSTRIALS,9
RYBA,CONSUMER STAPLES,9
RYBFLOTPROM,NOT RELEVANT,9
RYBKA,CONSUMER DISCRETIONARY,9
RYBNYI DEN,CONSUMER DISCRETIONARY,9
RYBOKOMBINAT DONSKOI,CONSUMER STAPLES,9
RYBOLOV-SERVIS,CONSUMER DISCRETIONARY,9
RYBOLOVETSKII KOLKHOZ POBEDA OBSH,CONSUMER STAPLES,9
RYBOPRODUKTOV,CONSUMER STAPLES,9
RYBOPTMARKET,CONSUMER STAPLES,9
RYZHII KOT,MATERIALS,9
RZA-SERVIS,INDUSTRIALS,9
RZD Logistics,INDUSTRIALS,9
RZD Logistika,INDUSTRIALS,9
RZD TRADING COMPANY,NOT RELEVANT,9
RZDSTROY,INDUSTRIALS,9
RZHD,INDUSTRIALS,9
RZHD-TEKHNOLOGII,INDUSTRIALS,9
RZK,CONSUMER STAPLES,9
RZZ,INDUSTRIALS,9
Rabbit,COMMUNICATIONS,9
RackFork,INDUSTRIALS,9
Ranita,REAL ESTATE,9
Rapporto,INFORMATION TECHNOLOGY,9
Razgulay Group,NOT RELEVANT,9
Real-A,MATERIALS,9
Realfrut,CONSUMER STAPLES,9
Red machines,INDUSTRIALS,9
Reetech,INDUSTRIALS,9
Rega,FINANCIALS,9
Regency Properties,NOT RELEVANT,9
Region-Biznes,CONSUMER STAPLES,9
Region-Les,MATERIALS,9
Region-Saratov,CONSUMER STAPLES,9
Region-les,MATERIALS,9
RegionTransService,INDUSTRIALS,9
Reksoft Group,INDUSTRIALS,9
Relyef,CONSUMER DISCRETIONARY,9
Remondis,INDUSTRIALS,9
Remtechnika,INDUSTRIALS,9
Renaissance,INDUSTRIALS,9
Renaissance Diamond,CONSUMER DISCRETIONARY,9
Rencons,INDUSTRIALS,9
Renova Stroy Group,FINANCIALS,9
Rent Capitl,MATERIALS,9
Rent-centre,NOT RELEVANT,9
Rep. of Bashkortostan,MATERIALS,9
Representative office of,INDUSTRIALS,9
Research and Production Company V,HEALTH CARE,9
Resilux Distribution,MATERIALS,9
Reskom-Tyumen,INDUSTRIALS,9
Resource-South TC,CONSUMER STAPLES,9
Respiratorny komplex,INDUSTRIALS,9
Restate,INDUSTRIALS,9
Restore Retail,CONSUMER DISCRETIONARY,9
Retail Brands Collection,CONSUMER DISCRETIONARY,9
Revada-Neva Company,MATERIALS,9
Ribprom,CONSUMER STAPLES,9
Rich,CONSUMER DISCRETIONARY,9
Riel EKS,CONSUMER DISCRETIONARY,9
Rigla-MO,HEALTH CARE,9
Rimeks,CONSUMER DISCRETIONARY,9
Rimeks Motors,CONSUMER DISCRETIONARY,9
Rimera,ENERGY,9
Road-building management 3 Joint-St,INDUSTRIALS,9
Robinzon.ru,CONSUMER DISCRETIONARY,9
RockITSoft,INFORMATION TECHNOLOGY,9
Rolf Import,NOT RELEVANT,9
Rolling Rolls,CONSUMER DISCRETIONARY,9
Roost95,ENERGY,9
Ropczyce-Rus,INDUSTRIALS,9
Ropeways Russia,INDUSTRIALS,9
RosInstalProject,INDUSTRIALS,9
Rosdorstroy,INDUSTRIALS,9
Rosfarm,CONSUMER STAPLES,9
Rosmettreid,MATERIALS,9
Rosneft International Hold,ENERGY,9
Rosneft Trade,ENERGY,9
"Rosseti Lenenergo,",UTILITIES,9
Rossiya,CONSUMER STAPLES,9
Rossiya airlines,INDUSTRIALS,9
Rosta,CONSUMER STAPLES,9
Rostik Investment Group Inc.,NOT RELEVANT,9
Rostov Grain Terminal,CONSUMER STAPLES,9
Rostov broiler,CONSUMER STAPLES,9
Rotor-Lizing,INDUSTRIALS,9
Roust Corporation,CONSUMER STAPLES,9
Roust Russia,NOT RELEVANT,9
Roxar Paradigm E P Software a,NOT RELEVANT,9
Royal Fresh,CONSUMER STAPLES,9
RoyalTaft,CONSUMER DISCRETIONARY,9
Rubber Technology Kingdom,MATERIALS,9
Rubex,MATERIALS,18
Rudnik Valunisty,MATERIALS,9
Rumex,HEALTH CARE,9
Rumex Medical,INDUSTRIALS,9
Rus,CONSUMER DISCRETIONARY,9
Rus Granum,CONSUMER STAPLES,9
RusAgroTreid,CONSUMER STAPLES,9
RusBiTech-Astra,INFORMATION TECHNOLOGY,9
RusHimHolding,MATERIALS,9
RusHydro,UTILITIES,9
RusKomTrans,INDUSTRIALS,9
RusLine,INDUSTRIALS,9
RusPromKholod,MATERIALS,9
RusTransServis,INDUSTRIALS,9
RusVinyl,MATERIALS,9
Rusagricom,CONSUMER STAPLES,9
Rusal,MATERIALS,9
Rusbytkhim,CONSUMER DISCRETIONARY,9
Ruscompozit,ENERGY,9
Ruscon-Broker,INDUSTRIALS,9
Ruselprom Engineering Centre,INDUSTRIALS,9
Ruskomtrans,INDUSTRIALS,9
Rusmarine Global,INDUSTRIALS,9
Rusmasloprom,CONSUMER STAPLES,9
RussCom-logistic,INDUSTRIALS,9
RussIntegral-Pioner,ENERGY,9
Russian,CONSUMER STAPLES,9
Russian,INDUSTRIALS,9
Russian Aluminium,MATERIALS,9
Russian Aquaculture,CONSUMER STAPLES,9
Russian Grids,UTILITIES,9
Russian Standard,CONSUMER STAPLES,9
Russian Towers,COMMUNICATIONS,9
Russian laboratory-Energy,INDUSTRIALS,9
Russiatex,CONSUMER DISCRETIONARY,9
Russkie kraski,MATERIALS,9
Russkii khleb,CONSUMER STAPLES,9
Russkoe Pole,CONSUMER STAPLES,9
Russky Product,CONSUMER STAPLES,9
Russtandart,HEALTH CARE,9
Rustmanufakturen,FINANCIALS,9
RutransLogistic,INDUSTRIALS,9
Ruzskiy Kupazhniy zavod,CONSUMER STAPLES,9
Ryazan battery factory TUNGSTONE,INDUSTRIALS,9
Rybokombinat Donskoy,CONSUMER STAPLES,9
S,CONSUMER DISCRETIONARY,9
S & H,INFORMATION TECHNOLOGY,9
S-2,CONSUMER STAPLES,9
S-AVTO,CONSUMER DISCRETIONARY,18
S-Imports,CONSUMER STAPLES,9
S-TRANS,INDUSTRIALS,9
S-VIDEO,NOT RELEVANT,9
S.A.R.L. Vinokonjachny zavod Allian,CONSUMER STAPLES,9
S.A.V.,INDUSTRIALS,9
S.C. JOHNSON,MATERIALS,9
S.P.GELPIK,HEALTH CARE,9
S.R.L. SCHNELL,INDUSTRIALS,9
S.W.FISH,CONSUMER STAPLES,9
S7,INDUSTRIALS,9
SA,MATERIALS,9
SA PREMIUM,CONSUMER DISCRETIONARY,9
SAARGUMMI-RUSSLAND,MATERIALS,9
SAATBAU,CONSUMER STAPLES,9
SABR,CONSUMER STAPLES,9
SABREKOV EY.T.,INDUSTRIALS,9
SAC,NOT RELEVANT,9
SADKINSKOE,ENERGY,9
SADKO,HEALTH CARE,9
SADKO-ROSKOR,INDUSTRIALS,9
SADY PRIDONIA,CONSUMER STAPLES,9
SAF,COMMUNICATIONS,9
SAF,CONSUMER STAPLES,9
SAFE,INDUSTRIALS,9
SAFE TECHNOLOGIES,INDUSTRIALS,9
SAFFRON,CONSUMER STAPLES,9
SAFIN,NOT RELEVANT,9
SAG FIRM,NOT RELEVANT,9
SAGA,INFORMATION TECHNOLOGY,9
SAGE,HEALTH CARE,9
SAHIBI OBSHCHESTVO S,CONSUMER STAPLES,9
SAIKAN,CONSUMER DISCRETIONARY,9
SAILS,CONSUMER DISCRETIONARY,9
SAINS,MATERIALS,9
SAINT PETERSBURG POWER SUPPLY COM,UTILITIES,9
SAINT-GOBAIN SOUTH,INDUSTRIALS,9
SAIVERKHOT,MATERIALS,9
SAKHA,CONSUMER DISCRETIONARY,9
SAKHA ENERGY,UTILITIES,9
SAKHALIN ENERGY,ENERGY,9
SAKHARNYI ZAVOD,CONSUMER STAPLES,9
SAKHASPETSTRANS,UTILITIES,9
SAKHATRANSNEFTEGAZ,UTILITIES,9
SAKS,CONSUMER DISCRETIONARY,9
SAKURA,CONSUMER DISCRETIONARY,9
SALAVAT,ENERGY,9
SALAVATSTEKLO,INDUSTRIALS,9
SALEK,ENERGY,9
SALES,CONSUMER DISCRETIONARY,9
SALINA,CONSUMER STAPLES,9
SALINA TREID,CONSUMER STAPLES,9
SALIT-V,NOT RELEVANT,9
SALMON.SU,CONSUMER STAPLES,9
SALOTTI,NOT RELEVANT,9
SALSKSELMASH,NOT RELEVANT,9
SALT,CONSUMER DISCRETIONARY,9
SALUT TORG,NOT RELEVANT,9
SALVE,CONSUMER DISCRETIONARY,18
SALYUS,ENERGY,9
SALYUT,CONSUMER STAPLES,9
SALYUT,FINANCIALS,9
SAMARA,CONSUMER DISCRETIONARY,9
SAMARA BEARING PLANT,INDUSTRIALS,9
SAMARA PLASTER PLANT,NOT RELEVANT,9
SAMARA SCANIA,INDUSTRIALS,9
SAMARA-AVTO-LYUKS,NOT RELEVANT,9
SAMARA-KOM-TRANS,INDUSTRIALS,9
SAMARA-MOTORS,CONSUMER DISCRETIONARY,9
SAMARA-SEVER-AVTO,CONSUMER DISCRETIONARY,9
SAMARA-SKAN,INDUSTRIALS,9
SAMARA-URAL,CONSUMER DISCRETIONARY,9
SAMARA-VEYM,UTILITIES,9
SAMARAAGROPROMPERERABOTKA,CONSUMER STAPLES,9
SAMARAALKOPROM,CONSUMER STAPLES,9
SAMARAEYNERGO PAO,UTILITIES,9
SAMARAMEDPROM,HEALTH CARE,18
SAMARASPETSTRANS,ENERGY,9
SAMARATRANSSTROI,INDUSTRIALS,9
SAMARATRANSSTROY,INDUSTRIALS,9
SAMARSKIE AVTOMOBILI - M SEVE,CONSUMER DISCRETIONARY,9
SAMARSKIE AVTOMOBILI YUG-N,CONSUMER DISCRETIONARY,9
SAMARSKIE KOMMUNALNYE SISTEMY,UTILITIES,9
SAMARSKIE TORTY,CONSUMER STAPLES,9
SAMARSKII STROIFARFOR,INDUSTRIALS,9
SAMARSKIY TRANSFORMATOR,NOT RELEVANT,9
SAMARSKOE OBJEDINENIE KERAMIKI,NOT RELEVANT,9
SAMARSKY MASLOZHIROVOY KOMBINAT,NOT RELEVANT,9
SAMKOM-LOGISTIKA,INDUSTRIALS,9
SAMMIT AGRO,MATERIALS,9
SAMOKHVALOVA KSENIYA VALER'EVNA,CONSUMER DISCRETIONARY,9
SAMOLET DEVELOPMENT,REAL ESTATE,9
SAMORI,MATERIALS,18
SAMORI NERUD,INDUSTRIALS,9
SAMOSPAS,INDUSTRIALS,9
SAMOTLOR TRAKT,CONSUMER DISCRETIONARY,9
SAMOTLORNEFTEPROMKHIM,ENERGY,9
SAMSON,CONSUMER STAPLES,9
SAMSON,INDUSTRIALS,9
SAMSON - KAVKAZ,CONSUMER DISCRETIONARY,9
SAMSON KF,CONSUMER DISCRETIONARY,9
SAMSON RF,CONSUMER DISCRETIONARY,9
SAMSON-BASHKIRIYA,CONSUMER DISCRETIONARY,9
SAMSON-MED,HEALTH CARE,9
SAMSON-OPT,CONSUMER DISCRETIONARY,9
SAMSON-PERM,CONSUMER DISCRETIONARY,9
SAMSON-SIBIR,CONSUMER DISCRETIONARY,9
SAMSON-TYUMEN,ENERGY,9
SAN,CONSUMER STAPLES,9
SANAM,CONSUMER STAPLES,9
SANDER-LOGISTIK,CONSUMER STAPLES,27
SANDRA-STAR,NOT RELEVANT,9
SANDWICH,CONSUMER STAPLES,9
SANG ENG VP,CONSUMER DISCRETIONARY,9
SANGILEN,ENERGY,9
SANGRE INTERNATIONAL,INDUSTRIALS,9
SANGY STYLE COMPANY,CONSUMER DISCRETIONARY,9
SANITATEKHNIKS OBSHCHESTV,CONSUMER DISCRETIONARY,9
SANITEK,INDUSTRIALS,9
SANKT-PETERBURG,CONSUMER DISCRETIONARY,9
SANKT-PETERBURGSKII LIFTOVOI ZAVO,INDUSTRIALS,9
SANNIKOVA VERA IVANOVNA,CONSUMER STAPLES,9
SANOFI RUSSIA,HEALTH CARE,9
SANSFRONTIERES,HEALTH CARE,9
SANSISTEM,CONSUMER DISCRETIONARY,9
SANTECHIMPORT CO.LTD.,MATERIALS,9
SANTECHKOMPLECT-URAL,INDUSTRIALS,9
SANTEDOM,HEALTH CARE,9
SANTEKHIMPEYKS,INDUSTRIALS,9
SANTEKHKOMPLEKT-CHELYABINSK,INDUSTRIALS,9
SANTENS,HEALTH CARE,9
SANTEYL-M,CONSUMER DISCRETIONARY,9
SANTIM-STOLITSA,MATERIALS,9
SANTOCHA,CONSUMER DISCRETIONARY,9
SANTOS,CONSUMER STAPLES,9
SAPERAVI,CONSUMER STAPLES,9
SAPFIR,CONSUMER STAPLES,9
SAPPORT,INDUSTRIALS,9
SAR INDUSTRY,CONSUMER STAPLES,9
SARANSK,INDUSTRIALS,9
SARANSKI ZAVOD REZINOTECHNICA OPE,MATERIALS,9
SARANSKKABEL,INDUSTRIALS,9
SARANSKKABEL',INDUSTRIALS,9
SARAPUL ELECTRIC GENERATOR,INDUSTRIALS,9
SARATOV,INDUSTRIALS,9
SARATOV REFINERY,ENERGY,9
SARATOV-SCAN,INDUSTRIALS,9
SARATOVENERGO,UTILITIES,9
SARATOVORGSINTEZ,ENERGY,9
SARATOVSKIE AVIALINII,INDUSTRIALS,9
SARATOVSKII REZERVUARNYI ZAVOD,INDUSTRIALS,9
SARATOVSTROISERVISREMONT,INDUSTRIALS,9
SARATOVSTROYSTEKLO,INDUSTRIALS,9
SAREXPORT PRIME,CONSUMER STAPLES,9
SAREYKSPORT,CONSUMER STAPLES,9
SARGON,FINANCIALS,9
SARL ETT,INDUSTRIALS,9
SARL Soufflet Agro,CONSUMER STAPLES,9
SARPAK,NOT RELEVANT,9
SARPRODTREID,CONSUMER STAPLES,9
SARRZ,INDUSTRIALS,9
SART LIMITED LIABILITY,INDUSTRIALS,9
SARTORIUS RUS,HEALTH CARE,9
SARYCHEV ALEKSANDR DMITRIEVICH IE,NOT RELEVANT,9
SAS INSTITUTE,INFORMATION TECHNOLOGY,9
SATEC MSK,INDUSTRIALS,9
SATECO,INDUSTRIALS,9
SATEL,INFORMATION TECHNOLOGY,9
SATEL TVK,INFORMATION TECHNOLOGY,9
SATELLIT,CONSUMER STAPLES,9
SATIKO,CONSUMER DISCRETIONARY,9
SATORI FINANCE-INDUSTRIAL CORP,INDUSTRIALS,9
SATTAROV TIMUR MALIKOVICH,CONSUMER DISCRETIONARY,9
SATTAROVA MAIYA KARIMOVN,CONSUMER DISCRETIONARY,9
SATURN,CONSUMER STAPLES,9
SATURN,INDUSTRIALS,9
SATURN - GAZOVIE TURBINY,INDUSTRIALS,9
SATYEVO,CONSUMER STAPLES,9
SAUERESSIG,INDUSTRIALS,9
SAUT Ltd.,INFORMATION TECHNOLOGY,9
SAUTEK,INDUSTRIALS,9
SAV,CONSUMER DISCRETIONARY,9
SAVA,CONSUMER DISCRETIONARY,9
SAVA,CONSUMER STAPLES,18
SAVANT,INDUSTRIALS,9
SAVCHENKO OLEG SERGEEVICH,REAL ESTATE,9
SAWMILL 25,MATERIALS,9
SAYANSKII BROILER,CONSUMER STAPLES,9
SAZ,INDUSTRIALS,9
SAZHINSKAYA,CONSUMER STAPLES,9
SAZONOV,CONSUMER STAPLES,9
SB MARIT,ENERGY,9
SB:DRAIVER TORGOVLI,INFORMATION TECHNOLOGY,9
SB:PRODZHEKT,INFORMATION TECHNOLOGY,9
SBC MEDIA,CONSUMER DISCRETIONARY,9
SBERBANK-AVTOMATIZIROVANNAYA,FINANCIALS,9
SBK-TEKHNOSERVIS,ENERGY,9
SBP-Service,MATERIALS,9
SBS,INDUSTRIALS,9
SBS PHARMACY,HEALTH CARE,9
SBSV-KLYUCHAVTO,CONSUMER DISCRETIONARY,9
SBT,INDUSTRIALS,9
SBU AZOT JOINT STOCK,NOT RELEVANT,9
SC CROCUS INTERNATIONAL,FINANCIALS,9
SC OZNA,INDUSTRIALS,9
SC TTM,INFORMATION TECHNOLOGY,9
SC VEROPHARM,HEALTH CARE,9
SCAD,ENERGY,9
SCAD TECH,ENERGY,9
SCAD tech,ENERGY,9
SCADAR,ENERGY,9
SCAN CITY,CONSUMER STAPLES,9
SCAN-YUGO-VOSTOK,CONSUMER DISCRETIONARY,9
SCANDI PAKK ALABUGA,MATERIALS,9
SCANTECH,INFORMATION TECHNOLOGY,9
SCARTEL,COMMUNICATIONS,9
SCC,CONSUMER DISCRETIONARY,9
SCCC,CONSUMER DISCRETIONARY,9
SCF CAPITAL DESIGNATED ACTIVITY,INDUSTRIALS,9
SCGDS,ENERGY,9
SCHAUER AGROTRONIC,INDUSTRIALS,9
SCHEKINOAZOT,MATERIALS,9
SCHIEDEL,INDUSTRIALS,9
SCHMALZ-VERTRIEBS-GMBH,NOT RELEVANT,9
SCHNEIDER ELECTRIC SYSTEMS,INDUSTRIALS,9
SCHOOL,CONSUMER DISCRETIONARY,9
SCHPZ TRADE,MATERIALS,9
SCIENCE SET PRODUCTION,CONSUMER DISCRETIONARY,9
SCIENTIFIC INDUSTRIAL ENTERPRISE,CONSUMER DISCRETIONARY,9
SCIENTIFIC INDUSTRIAL ENTERPRISE VO,HEALTH CARE,9
SCIENTIFIC-PRODUCTION ASSOCIATION,INDUSTRIALS,9
SCIENTIFIS-RESEARCH TECHNOLO,INDUSTRIALS,9
SCL,MATERIALS,9
SCP,CONSUMER STAPLES,9
SCR,INDUSTRIALS,9
SCeA Hygiene Products,HEALTH CARE,9
SChPZ,MATERIALS,9
SDC ECOM,CONSUMER STAPLES,9
SDC-FOODS,CONSUMER STAPLES,9
SDEK FINANS,INDUSTRIALS,9
SDEK-Global,INDUSTRIALS,9
SDM,INDUSTRIALS,9
SDS-ALKO,CONSUMER STAPLES,9
SDS-TREID,ENERGY,9
SDS-UGOL,ENERGY,9
SE Bordnetze,CONSUMER DISCRETIONARY,9
SEAL and Co.,MATERIALS,9
SEALING TECHNOLOGIES,MATERIALS,9
SEALTECH,MATERIALS,9
SEALUR,ENERGY,9
SEAPORT OF ST.PETERSBURG,INDUSTRIALS,9
SEBRYAKOVSKII KOMBINAT ASBESTOTSEME,INDUSTRIALS,9
SEBRYAKOVTSEMENT,MATERIALS,9
SEC GAGARINSKY,NOT RELEVANT,9
SECURITIES,MATERIALS,9
SECURITY,INDUSTRIALS,9
SECURITY CODE,INFORMATION TECHNOLOGY,9
SECURITY EXPERT,INDUSTRIALS,9
SEDMOI ETAZH,CONSUMER DISCRETIONARY,9
SEDMOY CONTINENT,NOT RELEVANT,18
SEDRUS OBSHCHESTVO S,INDUSTRIALS,9
SEDRUS POVOLZHE,INDUSTRIALS,9
SEDRUS SIBIR',INDUSTRIALS,9
SEEDS,CONSUMER STAPLES,9
SEFE ENERGY,ENERGY,9
SEGA-STROI,INDUSTRIALS,9
SEIHO MOTORS SERVIS IST,NOT RELEVANT,9
SEIHO-MOTORS,NOT RELEVANT,9
SEKVOIYA,CONSUMER STAPLES,9
SEL'MASHSERVIS,INDUSTRIALS,9
SEL'SKOKHOZYAISTVENNYI PROIZVODST,CONSUMER STAPLES,9
SELDOM,CONSUMER DISCRETIONARY,9
SELECTEL,INFORMATION TECHNOLOGY,9
SELEDKOV ALEKSANDR VASIL'EVICH,CONSUMER DISCRETIONARY,9
SELELEKTROSTROI,INDUSTRIALS,9
SELIGDAR,MATERIALS,18
SELL-SERVIS,CONSUMER STAPLES,9
SELLANYCAR,CONSUMER DISCRETIONARY,9
SELTING,CONSUMER STAPLES,9
SELZ-INZHINIRING KRASNODAR,INDUSTRIALS,9
SEM,INDUSTRIALS,9
SEM SOROK,CONSUMER DISCRETIONARY,9
SEM'SOT DOROG,INDUSTRIALS,9
SEMAGRO,CONSUMER STAPLES,9
SEMARGL,INDUSTRIALS,9
SEMEINAYA APTEKA APREL',CONSUMER STAPLES,9
SEMENOVSKAYA NIVA,CONSUMER STAPLES,9
SEMIRECHENSKAYA BAZA SNABZHENIYA OA,INDUSTRIALS,9
SEMKHOZ RAKITYANSKII,CONSUMER STAPLES,9
SEMUSHKA,CONSUMER STAPLES,9
SEMYA,CONSUMER STAPLES,9
SEMYA,NOT RELEVANT,9
SENNHEISER AUDIO,NOT RELEVANT,9
SENSORIUM CORPORATION MOSCOW,INDUSTRIALS,9
SENTYABR,CONSUMER STAPLES,9
SEPTORG,CONSUMER STAPLES,9
SEQURITY,INDUSTRIALS,9
SERDECHKO APTECHNAYA SET,CONSUMER STAPLES,9
SEREBRENIY ISTOCHNIK,NOT RELEVANT,9
SEREBRO,CONSUMER DISCRETIONARY,18
SEREBRYANIY SAKVOYAZH,CONSUMER DISCRETIONARY,9
SEREBRYANYI LES SNT,FINANCIALS,9
SEREBRYANYI MIR 2000,ENERGY,9
SERENUM,CONSUMER DISCRETIONARY,9
SERGEENKO N.JU.,FINANCIALS,9
SERGIO NERO,CONSUMER STAPLES,9
SERIAL,CONSUMER DISCRETIONARY,9
SERMULES,ENERGY,9
SERNA,CONSUMER DISCRETIONARY,18
"SEROV FERROALLOY PLANT,",MATERIALS,9
SERTOW,CONSUMER STAPLES,9
SERVICE,CONSUMER DISCRETIONARY,9
SERVICE,NOT RELEVANT,18
SERVICE CENTRE,CONSUMER DISCRETIONARY,9
SERVICE COMPANY,ENERGY,9
SERVICE COMPANY,INDUSTRIALS,9
SERVICE MANAGEMENT,NOT RELEVANT,9
SERVICE-INTEGRATOR,INDUSTRIALS,9
SERVICE-LUX,CONSUMER DISCRETIONARY,9
SERVICES,ENERGY,9
SERVICES,INFORMATION TECHNOLOGY,9
SERVICES RETAIL AND BANKING,INFORMATION TECHNOLOGY,9
SERVIER,HEALTH CARE,9
SERVIONICA LIMITED LIABILITY COMPAN,INFORMATION TECHNOLOGY,9
SERVIS,CONSUMER DISCRETIONARY,18
SERVIS,CONSUMER STAPLES,9
SERVIS,HEALTH CARE,9
SERVIS,INDUSTRIALS,9
SERVIS NA MOSKOVSKOM,CONSUMER DISCRETIONARY,9
SERVIS TON-AVTO,CONSUMER DISCRETIONARY,9
SERVIS-INTEGRATOR,MATERIALS,18
SERVIS-INTEGRATOR SAKHALIN,INDUSTRIALS,9
SERVIS-NEDVIZHIMOST',REAL ESTATE,9
SERVIS-YUG-KKM,CONSUMER DISCRETIONARY,9
SERVISEYNERGAZ,ENERGY,9
SERVISNYE TEKHNOLOGII URALA,REAL ESTATE,9
SERVISNYI TSENTR-3,CONSUMER DISCRETIONARY,9
SESTRORETSK BAKERY,CONSUMER STAPLES,9
SESTRORETSKIE BULOCHNYE,CONSUMER STAPLES,9
SET AGROMARKETOV,INDUSTRIALS,9
SET MAGAZINOV KREPOST,NOT RELEVANT,9
SET SEMYA,CONSUMER STAPLES,9
SET' EYPL DAIMOND,CONSUMER DISCRETIONARY,9
SET-SIBIR,CONSUMER STAPLES,9
SETEVAYA,UTILITIES,9
SETEVAYA KOMPANY,UTILITIES,9
SETEVAYA SNABZHENCHESKAYA,INDUSTRIALS,9
SETI-MAKS,INDUSTRIALS,18
SETNOVO,MATERIALS,18
SEV,NOT RELEVANT,9
SEV-VIDEO,NOT RELEVANT,9
SEVCABLE,INDUSTRIALS,9
SEVEN PRINT,INDUSTRIALS,9
SEVENTECH,COMMUNICATIONS,9
SEVER,INDUSTRIALS,9
SEVER PROEKT,UTILITIES,9
SEVER TRANS,INDUSTRIALS,9
SEVER-AVTO,NOT RELEVANT,9
SEVER-SERVICE,CONSUMER DISCRETIONARY,9
SEVERALMAZ,MATERIALS,9
SEVEREN-TELEKOM,NOT RELEVANT,9
SEVERENERGO,INDUSTRIALS,9
SEVERGEOFIZIKA,ENERGY,9
SEVERIKOND,CONSUMER STAPLES,9
SEVERLES,MATERIALS,18
SEVERNAYA,CONSUMER DISCRETIONARY,9
SEVERNAYA,CONSUMER STAPLES,9
SEVERNAYA STOLITSA,COMMUNICATIONS,9
SEVERNAYA VYSOTA CO,NOT RELEVANT,9
SEVERNAYA ZVEZDA,CONSUMER STAPLES,9
SEVERNEFTEGAZPROM,ENERGY,9
SEVERNOGO KAVKAZA,UTILITIES,9
SEVERNY SAD,CONSUMER STAPLES,9
SEVERNYI,CONSUMER STAPLES,9
SEVERO-ZAPAD,HEALTH CARE,9
SEVERO-ZAPAD,INDUSTRIALS,9
SEVEROVOSTOKELEKTROMONTAZH OOO N,MATERIALS,9
SEVEROZAPADNOE UPRAVLENIE PROEKTN,INDUSTRIALS,9
SEVERREGIONSNAB,CONSUMER DISCRETIONARY,9
SEVERSKOE,INDUSTRIALS,9
SEVERSKY TUBE,MATERIALS,9
SEVERSTAL - SSC,MATERIALS,9
SEVERSTAL DIGITAL SOLUTIONS,MATERIALS,9
SEVERSTAL DISTRIBUTION,MATERIALS,9
SEVERSTAL' KANATY,MATERIALS,9
SEVERSTAL-INFOCOM,MATERIALS,9
SEVERSTAL-PROEKT,INDUSTRIALS,9
SEVERSTROI,ENERGY,9
SEVERTRANSSTROY,NOT RELEVANT,9
SEVKAVEYLEKTROREMONT,INDUSTRIALS,9
SEVLESPIL,MATERIALS,9
SEVZAPMETALL,MATERIALS,9
SEYK,UTILITIES,9
SEYLVIM,HEALTH CARE,9
SEYM EYLEKTRIK,INDUSTRIALS,9
SEYMA,CONSUMER STAPLES,9
SEYMZ,UTILITIES,9
SEYSK,INDUSTRIALS,9
SEYTL SITI,REAL ESTATE,9
SEZONNAYA KOLLEKTSIYA,CONSUMER DISCRETIONARY,9
SF SAMSON,CONSUMER DISCRETIONARY,9
SF STROISERVIS,INDUSTRIALS,9
SFERA,CONSUMER STAPLES,9
SFERA,ENERGY,9
SFERA,INDUSTRIALS,9
SFERA M,CONSUMER DISCRETIONARY,9
SFINKS - SL,INDUSTRIALS,9
SFK,INDUSTRIALS,9
SFT Trading,CONSUMER STAPLES,9
SG,MATERIALS,9
SG KAVMINSTEKLO,MATERIALS,9
SG-INVEST,NOT RELEVANT,9
SG-TRANS,NOT RELEVANT,9
SGK,UTILITIES,9
SGM,INDUSTRIALS,9
SGS,INDUSTRIALS,9
SGS,MATERIALS,9
SGSNAB,NOT RELEVANT,9
SGSP,ENERGY,9
SGT-VOSTOK,MATERIALS,9
SHABALINA MARINA VALEREVNA IE,MATERIALS,9
SHABOLOVKA,HEALTH CARE,9
SHAG,HEALTH CARE,9
SHAHTA POLOSUHINSKYA,MATERIALS,9
SHAKHTA GRAMOTEINSKAYA,ENERGY,9
SHAMSA,CONSUMER STAPLES,9
SHAMSA-BOTTLERS,CONSUMER STAPLES,9
SHAMSA-KHOLDING,REAL ESTATE,9
SHAMSA-MARKET,CONSUMER STAPLES,9
SHANKHAI,CONSUMER STAPLES,9
SHARM,CONSUMER DISCRETIONARY,9
SHARP ELECTRONICS RUSSIA,CONSUMER DISCRETIONARY,9
SHATAEV,REAL ESTATE,9
SHATOVKA SSSPK,NOT RELEVANT,9
SHATTL,CONSUMER STAPLES,9
SHATTL-I,CONSUMER STAPLES,9
SHATURA - VUD,MATERIALS,9
SHCHDZ SEVERNYI,INDUSTRIALS,9
SHCHEKINOAZOT,MATERIALS,9
SHCHEPKIN MATFEI ANATOLEVICH,CONSUMER DISCRETIONARY,9
SHCHIGROVSKAYA MTS,CONSUMER STAPLES,9
SHCHIGROVSKII KKHP,CONSUMER STAPLES,9
SHCHZT,MATERIALS,9
SHED,CONSUMER STAPLES,9
SHEKSNINSKII KOMBINAT,CONSUMER STAPLES,9
SHELF-2000,CONSUMER STAPLES,9
SHELKO,ENERGY,9
SHELUDCHENKO A.N.,CONSUMER DISCRETIONARY,9
SHELVUD,MATERIALS,9
SHERBAKOV E.V.,CONSUMER DISCRETIONARY,9
SHEREMETEVO,INDUSTRIALS,9
SHEREMETYEVO,INDUSTRIALS,9
SHEREMETYEVO HOLDING,INDUSTRIALS,9
SHESHMAOIL,ENERGY,9
SHESTAKY,MATERIALS,9
SHESTOPALOV ALEKSEI ANATOLEVI,CONSUMER STAPLES,9
SHIK,CONSUMER DISCRETIONARY,9
SHIKO,INDUSTRIALS,9
SHIKO DESIGN,INDUSTRIALS,9
SHIKOTAN,CONSUMER DISCRETIONARY,9
SHIN SHINYCH,CONSUMER DISCRETIONARY,9
SHINA,CONSUMER DISCRETIONARY,9
SHININVEST,CONSUMER DISCRETIONARY,18
SHINTORG,CONSUMER DISCRETIONARY,9
SHIPUNOVSKI,CONSUMER STAPLES,9
SHIRSHOVA ALVART,CONSUMER STAPLES,9
SHIRYAEV ALEKSEI GEORGIEVICH,CONSUMER DISCRETIONARY,9
SHISHKIN LES,CONSUMER STAPLES,9
SHK Moscow,CONSUMER STAPLES,9
SHKDP,MATERIALS,9
SHKIPER,HEALTH CARE,9
SHKOLA,CONSUMER DISCRETIONARY,9
SHKOLA KARERNOGO ROSTA,CONSUMER DISCRETIONARY,9
SHKUTA V.P.,CONSUMER DISCRETIONARY,9
SHLEENKOVA ANNA SERGEEVNA,CONSUMER DISCRETIONARY,9
SHOE FASHION,CONSUMER DISCRETIONARY,18
SHOES TRADE,CONSUMER DISCRETIONARY,9
SHOKO 1,CONSUMER DISCRETIONARY,9
SHOKOLAD,CONSUMER STAPLES,9
SHOKOLADNITSA,CONSUMER DISCRETIONARY,9
SHOKOLADNYI GOROD,CONSUMER STAPLES,9
SHP LOSEVO,CONSUMER STAPLES,9
SHPAKOV IGOR VIKTOROVICH,INDUSTRIALS,9
SHPAKOVA NATALYA OTARIEVNA (IP),FINANCIALS,9
SHSU-10,INDUSTRIALS,9
SHTIL' ZYUDVEST,CONSUMER DISCRETIONARY,9
SHTORM,INDUSTRIALS,9
SHTORM-ITS,INDUSTRIALS,9
SHTURVAL,CONSUMER STAPLES,9
SHUBINA OL'GA ALEKSANDROVNA,CONSUMER DISCRETIONARY,9
SHUISKII TEKSTIL,CONSUMER DISCRETIONARY,9
SHVAKINSKY LIMESTONE,MATERIALS,9
SHVETSOV ALEKSANDR,CONSUMER STAPLES,9
SHYAM TELESERVICES,COMMUNICATIONS,9
SIA Akonit,INDUSTRIALS,9
SIAL,ENERGY,9
SIAL-PROFIL,INDUSTRIALS,9
SIAM MASTER,ENERGY,9
SIAN PARTICIPATION,INDUSTRIALS,9
SIAS-TRUCKS,CONSUMER DISCRETIONARY,9
SIB,HEALTH CARE,9
SIB-APN,HEALTH CARE,9
SIB-LOUVRE CO,INDUSTRIALS,9
SIB-TREID,CONSUMER STAPLES,9
SIB-TYAZHMASH,INDUSTRIALS,9
SIBA,CONSUMER DISCRETIONARY,9
SIBA GRUPP,CONSUMER DISCRETIONARY,9
SIBA-VENDING URAL,CONSUMER STAPLES,9
SIBAGROSOYUZ,CONSUMER STAPLES,9
SIBAKKUMULYATOR,CONSUMER DISCRETIONARY,9
SIBALYUKS,INDUSTRIALS,18
SIBALYUKS RESURS,INDUSTRIALS,9
SIBAQUASTROY,UTILITIES,9
SIBAVTOTRANS,ENERGY,27
SIBBARS,CONSUMER STAPLES,9
SIBBIOPRODUKT,CONSUMER STAPLES,9
SIBCOAL,ENERGY,9
SIBECO,UTILITIES,9
SIBEN,COMMUNICATIONS,9
SIBENERGOMASH,INDUSTRIALS,9
SIBENERGOSILA,INDUSTRIALS,9
SIBERIA GT,MATERIALS,9
SIBERIAN ANTHRACITE,MATERIALS,9
SIBERIAN CENTER OF LOGISTIC,MATERIALS,9
SIBERIAN ENERGY COMPANY JOINT-STO,UTILITIES,9
SIBERIAN SERVICE,ENERGY,9
SIBERIAN WOOD LIMITED HONG KONG,NOT RELEVANT,9
SIBEUROVAN,INDUSTRIALS,9
SIBEYLEKTROISTOCHNIK,CONSUMER DISCRETIONARY,9
SIBEYLEKTROSHCHIT,INDUSTRIALS,9
SIBFARMLOGISTIK,HEALTH CARE,9
SIBGEO NPC,NOT RELEVANT,9
SIBGLASS,INDUSTRIALS,9
SIBGMS,INDUSTRIALS,18
SIBGYDRAL,CONSUMER DISCRETIONARY,9
SIBIES VOLOSOVO,CONSUMER STAPLES,9
SIBIEYS,CONSUMER STAPLES,9
SIBINSTRUMENT,INDUSTRIALS,9
SIBINTEK,ENERGY,9
SIBINVESTENERGO,ENERGY,9
SIBIR,CONSUMER STAPLES,9
SIBIR,INDUSTRIALS,9
SIBIR,MATERIALS,18
SIBIR - KUZBASS,MATERIALS,9
SIBIR NORD GROUP,MATERIALS,9
SIBIR PLUS,NOT RELEVANT,9
SIBIR ZAPOLYARE,MATERIALS,9
SIBIR',CONSUMER DISCRETIONARY,9
SIBIR',INDUSTRIALS,18
SIBIR' GOLD,MATERIALS,9
SIBIR' YAKUTIYA,MATERIALS,9
SIBIR-VK,NOT RELEVANT,9
SIBIRGASSERVISE,NOT RELEVANT,9
SIBIRI,CONSUMER STAPLES,9
SIBIRI,UTILITIES,9
SIBIRIACHKA,NOT RELEVANT,9
SIBIRIT-3,MATERIALS,9
SIBIRSKAYA ALKOGOLNAYA GRUPPA,CONSUMER STAPLES,9
SIBIRSKAYA KHLEBNAYA CORPORAT,CONSUMER STAPLES,9
SIBIRSKAYA OPTOVAYA,CONSUMER DISCRETIONARY,9
SIBIRSKAYA PROMYSHLENNAYA SETEVAYA,UTILITIES,9
SIBIRSKAYA SET AGROMARKETOV,INDUSTRIALS,9
SIBIRSKIE,COMMUNICATIONS,9
SIBIRSKIE KOLBASY,CONSUMER STAPLES,18
SIBIRSKII,INDUSTRIALS,9
SIBIRSKII REGION,INDUSTRIALS,9
SIBIRSKII TSENTRALNYI SKLAD,ENERGY,9
SIBIRSKII VELOSIPEDNYI ZAVOD,CONSUMER DISCRETIONARY,9
SIBIRSKOE,CONSUMER STAPLES,9
SIBIRSKOE PGO,INDUSTRIALS,9
SIBIRSKY CEMENT,MATERIALS,9
SIBIRSKY GIGANT TRADE HOLDING,CONSUMER STAPLES,9
SIBIRYAK,CONSUMER STAPLES,9
SIBITEK,ENERGY,9
SIBKAR TSENTR,CONSUMER DISCRETIONARY,9
SIBLES,NOT RELEVANT,9
SIBMASH,MATERIALS,9
SIBMEDINFO,HEALTH CARE,9
SIBMETALSERVIS,NOT RELEVANT,9
SIBMETINVEST,MATERIALS,9
SIBMOST JOINT STOCK,INDUSTRIALS,9
SIBMOTORS,CONSUMER DISCRETIONARY,9
SIBNA,INDUSTRIALS,18
SIBNEFT,NOT RELEVANT,9
SIBNEFTEGAZ,ENERGY,9
SIBNEFTEKHIM,ENERGY,9
SIBNEFTEKHIMTREID,ENERGY,9
SIBNEFTEPRODUKT,CONSUMER DISCRETIONARY,9
SIBOIL,CONSUMER DISCRETIONARY,9
SIBPROM,ENERGY,18
SIBPROM BUNKER,INDUSTRIALS,9
SIBPROMKOMPLEKT,MATERIALS,9
SIBPROMSTROI,ENERGY,9
SIBROS,INDUSTRIALS,18
SIBSTROYINVEST,NOT RELEVANT,9
SIBSULFUR CO,MATERIALS,9
SIBSVYAZ'STROI,ENERGY,9
SIBTARA,MATERIALS,9
SIBTEHAKS,CONSUMER STAPLES,9
SIBTORG-PLUS,CONSUMER STAPLES,9
SIBTRAKSKAN,INDUSTRIALS,9
SIBTRAKSKAN OBSHCHESTVO S OGRANIC,INDUSTRIALS,9
SIBTREIDSERVIS,ENERGY,9
SIBTREIDSERVIS,INDUSTRIALS,9
SIBTREYD,ENERGY,9
SIBTSVETMETNIIPROEKT,MATERIALS,9
SIBUR,MATERIALS,9
SIBUR-RT,MATERIALS,9
SIBZAVODAGRO,INDUSTRIALS,9
SICAME,INDUSTRIALS,9
SIDECO,CONSUMER STAPLES,9
SIDERMAG,INFORMATION TECHNOLOGY,9
SIDOROV DMITRIY ANATOLYEVICH,CONSUMER DISCRETIONARY,9
SIDYAKINA IRINA VALERIEVNA,CONSUMER STAPLES,9
SIEK,CONSUMER DISCRETIONARY,9
SIEMENS BUSSINES SERVICES OSTEUROPA,NOT RELEVANT,9
SIEMPELKAMP,INDUSTRIALS,9
SIENA,NOT RELEVANT,9
SIGMA,CONSUMER STAPLES,9
SIGMA,INDUSTRIALS,9
SIGMA,INFORMATION TECHNOLOGY,9
SIGMA,MATERIALS,9
SIGMA TECHNOLOGIES,NOT RELEVANT,9
SIGMA-FINANS,MATERIALS,9
SIGNAL,INDUSTRIALS,18
SIGOR,HEALTH CARE,9
SIK DEVELOPMENT-YUG,CONSUMER DISCRETIONARY,9
SILA LESA,CONSUMER STAPLES,9
SILA SIBIRI,MATERIALS,9
SILEYNT TREID,MATERIALS,9
SILGAN METAL PACKAGING ENEM,MATERIALS,9
SILIKAT,MATERIALS,18
SILK WIND,CONSUMER STAPLES,9
SILKWAY APPLE SERVICES,NOT RELEVANT,9
SILMAR,INDUSTRIALS,9
SILOVYE AGREGATY,INDUSTRIALS,9
SILTA,CONSUMER DISCRETIONARY,9
SILVINIT-TRANSPORT,MATERIALS,9
SIM ROSS OOO NOVOSIBIRSK BRANCH,NOT RELEVANT,9
SIM-TRANS GROUP,CONSUMER STAPLES,9
SIM-YAROSLAVL,NOT RELEVANT,9
SIMA-LEND,CONSUMER DISCRETIONARY,9
SIMENS GAMESA REN'YUEYBL EYNERDZH,INDUSTRIALS,9
SIMFONIYA,CONSUMER STAPLES,9
SIMIKON,INDUSTRIALS,9
SIMKO BIOTEK,HEALTH CARE,18
SIMON ELECTRIC,INDUSTRIALS,9
SIMONOV ANDREI,CONSUMER DISCRETIONARY,9
SIMONOVSKAYA,CONSUMER STAPLES,9
SIMPLE,CONSUMER STAPLES,9
SIMPLE DELIVERY GROUP,INDUSTRIALS,9
SIMPLE SOLUTIONS LEASING COMPANY,FINANCIALS,9
SIMPLEKS NPP,MATERIALS,9
SIMSTROITORG,MATERIALS,9
SIMUKOV PAVEL ANATOLEVICH,REAL ESTATE,9
SIMVOL VOLGODONSK,CONSUMER DISCRETIONARY,9
SIMVOLMED,HEALTH CARE,9
SINAI (SHANGHAI),CONSUMER DISCRETIONARY,9
SINAR,CONSUMER DISCRETIONARY,9
SINAR J S,CONSUMER DISCRETIONARY,9
SINARA CHERMET,FINANCIALS,9
SINARATM,INDUSTRIALS,9
SINARSKY PIPE PLANT,MATERIALS,9
SINERGIYA,HEALTH CARE,9
SINERGIYA,INDUSTRIALS,9
SINGH,HEALTH CARE,9
SINIKON,CONSUMER DISCRETIONARY,9
SINKO,CONSUMER STAPLES,18
SINKO SAMARA,CONSUMER STAPLES,9
SINKROSS,INFORMATION TECHNOLOGY,9
SINTEC,INDUSTRIALS,9
SINTEK,ENERGY,18
SINTEK MT,INDUSTRIALS,9
SINTERRA,CONSUMER DISCRETIONARY,9
SINTEZ,HEALTH CARE,9
SINTEZ OKA,MATERIALS,9
SINTEZ PJSC,HEALTH CARE,9
SINTO,INFORMATION TECHNOLOGY,9
SINYAVINSKAYA,CONSUMER STAPLES,9
SIP I K,CONSUMER DISCRETIONARY,9
SIRENA,INDUSTRIALS,9
SIRIUS,CONSUMER STAPLES,9
SIRIUS,FINANCIALS,9
SIRIUS,HEALTH CARE,9
SIRIUS AND CO,NOT RELEVANT,9
SIRIUS BIZNES,CONSUMER DISCRETIONARY,9
SIROTIN ALEKSEY,CONSUMER STAPLES,9
SISTEMA,COMMUNICATIONS,9
SISTEMA,CONSUMER DISCRETIONARY,27
SISTEMA CHIBIS,CONSUMER STAPLES,9
SISTEMA FINANSE,NOT RELEVANT,9
SISTEMA PLYUS,HEALTH CARE,9
SISTEMAIR,INDUSTRIALS,9
SISTEMATIKA,INFORMATION TECHNOLOGY,9
SISTEMOTEKHNIKA,INDUSTRIALS,9
SISTEMY I SETI,INDUSTRIALS,9
SISTEMY V OBRAZOV,INFORMATION TECHNOLOGY,9
SIT,INDUSTRIALS,9
SITALL,NOT RELEVANT,9
SITEK,CONSUMER STAPLES,9
SITEYK,ENERGY,9
SITEYK,INDUSTRIALS,9
SITI,CONSUMER STAPLES,18
SITI FUD,CONSUMER DISCRETIONARY,9
SITI MOTORS,CONSUMER DISCRETIONARY,9
SITI-2,CONSUMER STAPLES,9
SITI-LAIN,CONSUMER DISCRETIONARY,9
SITI-SEYLS,CONSUMER STAPLES,9
SITI22,COMMUNICATIONS,9
SITICARD,INFORMATION TECHNOLOGY,9
SITILAB-DON,HEALTH CARE,9
SITILAB-KRASNOYARSK,HEALTH CARE,9
SITISTAFF OBSHCHESTVO S,INDUSTRIALS,9
SITITORG,CONSUMER STAPLES,9
SITNIKOV ANDREY MIKHAYLOVICH,MATERIALS,9
SITNO,CONSUMER STAPLES,9
SITONICA,INFORMATION TECHNOLOGY,9
SITRONICS,INFORMATION TECHNOLOGY,27
"SIU SYSTEM, Joint-Stock",INDUSTRIALS,9
SIV TRANSKHOLOD DISTRIB,INDUSTRIALS,9
SIYANIE,INDUSTRIALS,9
SIYANIE TK,INDUSTRIALS,9
SIZKOV VIKTOR IVANOVICH/IP/,CONSUMER STAPLES,9
SIZKOVA LARISA NIKOLAEVNA,CONSUMER STAPLES,9
SJC,CONSUMER STAPLES,9
SJG RUSSIA,CONSUMER DISCRETIONARY,9
SK,CONSUMER STAPLES,9
SK,INDUSTRIALS,9
SK,UTILITIES,9
SK BIN,INDUSTRIALS,9
SK DALPITERSTROY,NOT RELEVANT,9
SK Korocha,CONSUMER STAPLES,9
SK PERMSKIE NASOSY,ENERGY,9
SK TOM-UPI,INDUSTRIALS,9
SK UKS KAMENSKSTROI,INDUSTRIALS,9
SK-GRUPP,CONSUMER STAPLES,9
SKA,INDUSTRIALS,18
"SKAD,",MATERIALS,9
SKAI MEDIKAL,HEALTH CARE,9
SKAI-F MRK,CONSUMER STAPLES,9
SKAN SITI,INFORMATION TECHNOLOGY,9
SKATT,CONSUMER DISCRETIONARY,9
SKATZ,MATERIALS,9
SKB ISTRA,MATERIALS,9
SKD,CONSUMER STAPLES,9
SKER,INDUSTRIALS,9
SKER,REAL ESTATE,9
SKEYR,INDUSTRIALS,9
SKEYSS,INDUSTRIALS,9
SKF ATM,INDUSTRIALS,9
SKF STEYLMAS,CONSUMER STAPLES,9
SKH KAMENKA,CONSUMER STAPLES,9
SKHAMENKO YURII YUR'EVICH,MATERIALS,9
SKHAO BELORECHENSKOE,CONSUMER STAPLES,9
SKHODNYA-GRAND,CONSUMER STAPLES,9
SKHP CHESNOKOVSKOE,CONSUMER STAPLES,9
SKHP LOZOVSKOE,CONSUMER STAPLES,9
SKHP RAZDOLNOE,CONSUMER STAPLES,9
SKHP SEMENOVSKOE,CONSUMER STAPLES,9
SKHP STEPNOE,CONSUMER STAPLES,9
SKHP ZALESE,CONSUMER STAPLES,9
SKHPK CHISTYE PRUDY,CONSUMER STAPLES,9
SKHPK VOLOGODSKII STANDART,MATERIALS,9
SKHPP TUGUTUISKOE,CONSUMER STAPLES,9
SKIF,MATERIALS,9
SKK,CONSUMER STAPLES,18
SKKHP,CONSUMER STAPLES,9
SKL,MATERIALS,9
SKLAD-SERVIS,CONSUMER DISCRETIONARY,9
SKLADSERVICE,CONSUMER STAPLES,9
SKLADSKIE TEKHNOLOGII,INDUSTRIALS,9
SKLADSTROISERVIS,FINANCIALS,9
SKM MEBEL,CONSUMER DISCRETIONARY,9
SKOL AIRLINE,INDUSTRIALS,9
SKOLKOVO,NOT RELEVANT,9
SKOLKOVO MENEDZHMENT,CONSUMER DISCRETIONARY,9
SKOPA,CONSUMER STAPLES,9
SKOPINPHARM,HEALTH CARE,9
SKORAYA POMOSHCH',CONSUMER STAPLES,9
SKOSYREV VADIM GENNADYVICH,CONSUMER DISCRETIONARY,9
SKRIN,CONSUMER STAPLES,9
SKS,CONSUMER DISCRETIONARY,9
SKS,INDUSTRIALS,9
SKS-36,CONSUMER DISCRETIONARY,9
SKS-LADA,CONSUMER DISCRETIONARY,9
SKT,INDUSTRIALS,9
SKTS,INDUSTRIALS,9
SKU,MATERIALS,9
SKV SPB,NOT RELEVANT,9
SKY LINK,NOT RELEVANT,9
SKYGEN,HEALTH CARE,9
SKYLAB CO.LTD.,HEALTH CARE,9
SKYSOFT VICTORY,INFORMATION TECHNOLOGY,9
SL,COMMUNICATIONS,9
SL Legal,NOT RELEVANT,9
SL-Group,MATERIALS,9
SL-TRADING,ENERGY,9
SLADA,CONSUMER STAPLES,18
SLADKAYA ZHIZN N.N.,CONSUMER STAPLES,9
SLADKII ORESHEK,CONSUMER STAPLES,9
SLADONEZH,CONSUMER STAPLES,27
SLAKON,CONSUMER STAPLES,9
SLAKTIS,CONSUMER STAPLES,9
SLANA,INDUSTRIALS,9
SLATA,CONSUMER STAPLES,9
SLAVAVTO,INDUSTRIALS,9
SLAVENA,HEALTH CARE,9
SLAVIS,NOT RELEVANT,9
SLAVKOFE,CONSUMER STAPLES,9
SLAVNEFT,ENERGY,18
SLAVNEFT-MEGIONNEFTEGAZ,ENERGY,9
SLAVNEFT-NIZHNEVARTOVSK,ENERGY,9
SLAVYANA,CONSUMER STAPLES,9
SLAVYANKA,CONSUMER STAPLES,9
SLAVYANKA PLUS,CONSUMER STAPLES,9
SLAVYANKA-LUX,CONSUMER STAPLES,9
SLAVYANKA-SNAB,CONSUMER STAPLES,9
SLAVYANKA-TORG,CONSUMER STAPLES,9
SLAVYANSK EYKO,ENERGY,9
SLAVYANSKIY RYAD,NOT RELEVANT,9
SLAVYANSKOE DRSU,INDUSTRIALS,9
SLC,FINANCIALS,9
SLDK,MATERIALS,9
SLIM,CONSUMER DISCRETIONARY,9
SLK,CONSUMER STAPLES,9
SLK,INDUSTRIALS,9
SLL PUBLISHING HOUSE ACADEMIA,CONSUMER DISCRETIONARY,9
SLOBODA,REAL ESTATE,9
SLOPESTYLE,CONSUMER DISCRETIONARY,9
SLOT ALLOCATION,INDUSTRIALS,9
SLOTEX,CONSUMER DISCRETIONARY,18
SLOTEX-M,CONSUMER DISCRETIONARY,9
SLOVO,CONSUMER DISCRETIONARY,9
SLP Global,INDUSTRIALS,9
SLPK,MATERIALS,18
SLUZHENIKIN ALEKSANDR MIKHAILOVIC,INDUSTRIALS,9
SM,MATERIALS,9
SM KAMPANI,CONSUMER DISCRETIONARY,9
SM MOS,INDUSTRIALS,9
SM-FINANS,CONSUMER DISCRETIONARY,9
SMAILI,INDUSTRIALS,9
SMAILI DTK,CONSUMER STAPLES,9
SMAK,CONSUMER STAPLES,9
SMART,CONSUMER STAPLES,18
SMART-MARKETING,CONSUMER STAPLES,9
SMARTAUDIO,CONSUMER DISCRETIONARY,9
SMARTEYK,CONSUMER DISCRETIONARY,9
SMARTFINTEKH,FINANCIALS,9
SMARTIUS,INFORMATION TECHNOLOGY,9
SMARTREGION,INFORMATION TECHNOLOGY,9
SMARTS,COMMUNICATIONS,9
SMARTS,NOT RELEVANT,9
SMAZOCHNYE TEKHNOLOGII,ENERGY,9
SMC VSEVOLOZHSK,MATERIALS,9
SMILE EXPERT,CONSUMER STAPLES,9
SMILY REGION,CONSUMER STAPLES,9
SMIRNOV,INDUSTRIALS,9
SMIRNOV GENNADII KONSTANTINOVICH,REAL ESTATE,9
SMIT,INFORMATION TECHNOLOGY,9
SMIT - YARTSEVO,MATERIALS,9
SMK,CONSUMER STAPLES,18
SMK,MATERIALS,9
SMOKISHAFT,CONSUMER STAPLES,9
SMOLENSK AGRO EYKSPORT,CONSUMER STAPLES,9
SMOLENSK-EXPEDITION,INDUSTRIALS,9
SMOLENSK-FARMATSIYA,HEALTH CARE,9
SMOLENSKMEBEL',CONSUMER DISCRETIONARY,9
SMOLTRANSAVTO,CONSUMER STAPLES,9
SMOLTRANSAVTO TRANSPORTNO-EYKSPED,CONSUMER STAPLES,9
SMP,ENERGY,9
SMP GORREMSTROI,REAL ESTATE,9
SMP NARODNYI VODOPROVOD,INDUSTRIALS,9
SMP STROITEKHSERVIS,ENERGY,9
SMP-NEFTEGAZ AKTSIONERNOE OBSHCHE,ENERGY,9
SMPK,NOT RELEVANT,9
SMS,REAL ESTATE,9
SMS METALLURGICAL SERVICE,MATERIALS,9
SMS-IT,INDUSTRIALS,9
SMTT HIGH-VOLTAGE SOLUTIONS,INDUSTRIALS,9
SMU 7,ENERGY,9
SMU KRASNODAR,NOT RELEVANT,9
SMU-3,INDUSTRIALS,9
SMU-303,INDUSTRIALS,9
SMU-DONAEYRODORSTROI,INDUSTRIALS,9
SMU-DONDORSTROI,INDUSTRIALS,9
SMUR,COMMUNICATIONS,9
SMUR,INDUSTRIALS,9
SNABALYANSIMPORT,REAL ESTATE,9
SNABCENTR,MATERIALS,9
SNABSERVIS OBSHCHESTVO S OGRANICH,ENERGY,9
SNABTEKHMET,INDUSTRIALS,9
SNABTEKHMET-MOSKVA,INDUSTRIALS,9
SNABTEKHMET-URAL,INDUSTRIALS,9
SNATRANS,INDUSTRIALS,9
SNEGHNII GORODOK-CENTR,NOT RELEVANT,9
SNEMA-SERVIS,ENERGY,9
SNEZHINKA,CONSUMER STAPLES,9
SNEZHINSKII ZAVOD SPETSIALNYKH EL,INDUSTRIALS,9
SNGS,MATERIALS,9
SNK,MATERIALS,9
SNKHZ FINANS OBSHCHESTVO S OGRANI,MATERIALS,9
SNS,CONSUMER STAPLES,9
SNS-HOLDING,CONSUMER STAPLES,9
SNT PRIBREZHNOE,FINANCIALS,9
SNV KARGO,CONSUMER DISCRETIONARY,9
SO LVZ,CONSUMER STAPLES,9
SOATE,CONSUMER DISCRETIONARY,9
SOCAR RUS,INDUSTRIALS,9
SOCHI-ATO,CONSUMER DISCRETIONARY,9
SOCHIAVTOTEKHOBSLUZIVANIE,CONSUMER DISCRETIONARY,9
SOCINTECH,CONSUMER DISCRETIONARY,9
SODICOM-CENTER,INDUSTRIALS,9
SODIS,INDUSTRIALS,9
SODRUGESTVO GROUP,CONSUMER STAPLES,9
SODRUJESTVO,CONSUMER STAPLES,9
SODRUZHESTV,CONSUMER STAPLES,9
SODRUZHESTVO,MATERIALS,9
SOENERGO,INDUSTRIALS,9
SOFCO CO.,CONSUMER STAPLES,9
SOFEYKS-KHIMZASHCHITA,NOT RELEVANT,9
SOFT DRINKS,NOT RELEVANT,9
SOFT SLIP,CONSUMER DISCRETIONARY,9
SOFTBALANS,INFORMATION TECHNOLOGY,9
SOFTKOM,INFORMATION TECHNOLOGY,9
SOFTLAIN EYDYUKEISHN ANODPO,INFORMATION TECHNOLOGY,9
SOFTLINE,INFORMATION TECHNOLOGY,9
SOFTLINE ENTERPRISE SOLUTIONS,INFORMATION TECHNOLOGY,9
SOFTWARE,INFORMATION TECHNOLOGY,9
SOFTWARE DEVELOPMENT CENTRE,INFORMATION TECHNOLOGY,9
SOFTWAREHARDWARE SOLUTIONS CENTRE O,INFORMATION TECHNOLOGY,9
SOGETRADE S.A.,NOT RELEVANT,9
SOGLASIE,CONSUMER STAPLES,18
SOGLASIE-STROY,NOT RELEVANT,9
SOGRANDIS,HEALTH CARE,18
SOIR,MATERIALS,9
SOJUZPATENT,INDUSTRIALS,9
SOJUZPLODOIMPORT FKP,NOT RELEVANT,9
SOKOL AND CO,CONSUMER STAPLES,9
SOKOL CLT,MATERIALS,9
SOKOL-MOTORS,CONSUMER DISCRETIONARY,9
SOKOLOV VLADIMIR,CONSUMER DISCRETIONARY,9
SOL BRYANSK,CONSUMER STAPLES,9
SOLDI,CONSUMER DISCRETIONARY,9
SOLENIS EURASIA,NOT RELEVANT,9
SOLIDARNOST,INDUSTRIALS,9
SOLIKAM MAGNIEVYI,MATERIALS,9
SOLIKAMSKBUMPROM,MATERIALS,9
SOLIKAMSKII STROITELNYI TREST,NOT RELEVANT,9
SOLLERS,CONSUMER DISCRETIONARY,18
SOLNECHNAYA FERMA,UTILITIES,9
SOLNECHNYI ZAICHIK,MATERIALS,9
SOLNECHNYY SVET,CONSUMER DISCRETIONARY,9
SOLODCHINSKOE KHPP,CONSUMER STAPLES,9
SOLODOVNYA,CONSUMER DISCRETIONARY,9
SOLOMENSKII LESOZAVOD,MATERIALS,9
SOLOPOV,CONSUMER STAPLES,9
SOLT,CONSUMER DISCRETIONARY,9
SOLT,HEALTH CARE,9
SOLUTIONS LIMITED AND ITS,CONSUMER DISCRETIONARY,9
SOMEKS,INDUSTRIALS,9
SOMITEKNO,ENERGY,9
SOMR,INDUSTRIALS,9
SOMZ,CONSUMER STAPLES,9
SONATA,CONSUMER DISCRETIONARY,9
SONET,INFORMATION TECHNOLOGY,27
SONORUS,INFORMATION TECHNOLOGY,9
SOP,CONSUMER STAPLES,9
SOPHARMA RUS,HEALTH CARE,9
SOPOLIMERPROM,MATERIALS,9
SORBENT,INDUSTRIALS,9
SORILS,FINANCIALS,9
SORMOVSKAYA CONFECTIONERY FAC,CONSUMER STAPLES,9
SORMOVSKII TORGOVO-PROMYSHLEN,MATERIALS,9
SOROCHINSKII MASLOEYKSTRAKTSIONNY,CONSUMER STAPLES,9
SORTAVALA TIMBER,MATERIALS,9
SORUS,NOT RELEVANT,9
SORUS CAPITAL,NOT RELEVANT,9
SOSNOVOBORSKII MASHINOSTROITEL'NY,INDUSTRIALS,9
"SOSNOVSKAGROPROMTEKHNIKA, AO SAPT",CONSUMER DISCRETIONARY,9
SOTERRA ENGINEERING,INDUSTRIALS,9
SOTNIK,CONSUMER STAPLES,9
SOTNIKOV OLEG ANATOLYEVICH,CONSUMER STAPLES,9
SOTOVY RAI,CONSUMER DISCRETIONARY,9
SOTOVYI MIR,CONSUMER DISCRETIONARY,9
SOTSIALNOE PITANIE,INDUSTRIALS,9
SOUDAL,MATERIALS,9
SOUTH,ENERGY,9
SOUTH,UTILITIES,9
SOUTH-URAL FOREIGN ECONOMIC,INDUSTRIALS,9
SOUTH-WEST HPS,NOT RELEVANT,9
SOUZPECHAT MOP,NOT RELEVANT,9
SOVA,HEALTH CARE,9
SOVCOMFLOT,INDUSTRIALS,9
SOVERSHENNAYA TEKHNIKA,CONSUMER DISCRETIONARY,9
SOVETSKAYA SIBIR,NOT RELEVANT,9
SOVETSKOE,CONSUMER STAPLES,9
SOVKHOZ BEREGOVOI,CONSUMER STAPLES,9
SOVMESTNOE PREDPRIYATIE OMSUKCHAN,MATERIALS,9
SOVREMENNAYA,MATERIALS,9
SOVREMENNAYA UPAKOVKA,MATERIALS,9
SOVREMENNYE KOMMUNIKATSII,COMMUNICATIONS,9
SOVREMENNYE TEKHNOLOGII INTER'ERA,CONSUMER DISCRETIONARY,9
SOVRUDNIK,MATERIALS,9
SOVTRANS,INDUSTRIALS,9
SOVTRANSCARGO,NOT RELEVANT,9
SOYA,NOT RELEVANT,9
SOYUZ,CONSUMER STAPLES,9
SOYUZ,INDUSTRIALS,9
SOYUZ - VIKTAN,NOT RELEVANT,9
SOYUZ AVTODOR,INDUSTRIALS,18
SOYUZ LAZURIT,NOT RELEVANT,9
SOYUZ-22,CONSUMER STAPLES,9
SOYUZ-IGRUSHKA,CONSUMER DISCRETIONARY,9
SOYUZ-M,CONSUMER STAPLES,9
SOYUZ-SETI ISK,INDUSTRIALS,9
SOYUZ-TTM,CONSUMER STAPLES,9
SOYUZDORSTROI (AVTOBAN),INDUSTRIALS,9
SOYUZENERGOSERVIS,INDUSTRIALS,9
SOYUZFLOT PORT JOINT-STOCK,NOT RELEVANT,9
SOYUZKHIMTREID,NOT RELEVANT,9
SOYUZLEGKONSTRUKTSIYA,MATERIALS,9
SOYUZPROMSTROI,CONSUMER DISCRETIONARY,9
SOYUZSLAVPROM,INDUSTRIALS,9
SOYUZSNAB,CONSUMER STAPLES,9
SOYUZSPETSTRANS,INDUSTRIALS,9
SOZIDANIE,REAL ESTATE,9
SOZIDATEL,HEALTH CARE,9
SOZVEZDIE,CONSUMER DISCRETIONARY,9
SP,HEALTH CARE,9
SP Autobahn,INDUSTRIALS,9
SP LOGISTIK,INDUSTRIALS,9
SP ROMANOVKA,CONSUMER STAPLES,9
SP VIS - MOS,ENERGY,9
SP VITRAZH,INDUSTRIALS,9
SP-TSENTR,CONSUMER DISCRETIONARY,9
SPA AVALONELECTROTECH,INDUSTRIALS,9
SPA Fizika,INDUSTRIALS,9
SPACE-MOTOR,INDUSTRIALS,9
SPAR TULA,CONSUMER STAPLES,18
SPARTA,COMMUNICATIONS,9
SPARTA,HEALTH CARE,9
SPARTA TYUMEN',CONSUMER DISCRETIONARY,9
SPARTAK R,ENERGY,9
SPASF PRIRODA,ENERGY,9
SPASSKCAMENT,MATERIALS,9
SPASSKOE,CONSUMER STAPLES,9
SPB,HEALTH CARE,9
SPB,INDUSTRIALS,9
SPC,HEALTH CARE,9
SPD-GRUPP,INDUSTRIALS,9
SPE INTECH,INDUSTRIALS,9
SPE METCHIV,INDUSTRIALS,9
SPECCHEMSYNTHES,ENERGY,9
SPECENERGOMONTAJ,INDUSTRIALS,9
SPECIAL ENGINEERING,INDUSTRIALS,9
SPECIAL PROJECTS AND SYSTEMS CO.,INFORMATION TECHNOLOGY,9
SPECIALIST MARKETING SERVICES,INDUSTRIALS,9
SPECOKRASKA LIMITED LIABILITY COM,INDUSTRIALS,9
SPECSTROYMONTAZH,INDUSTRIALS,9
SPECTR,INDUSTRIALS,9
SPECTRUM NUTRITION,HEALTH CARE,9
SPECTRUM-HOLDING,INDUSTRIALS,9
SPEKTR,CONSUMER DISCRETIONARY,9
SPEKTR,CONSUMER STAPLES,18
SPEKTR,MATERIALS,9
SPEKTR AG,MATERIALS,9
SPEKTR RS CO.,INDUSTRIALS,9
SPEKTR-DV,HEALTH CARE,9
SPEKTR-KHOLDING,NOT RELEVANT,9
SPEKTRPODRYAD,REAL ESTATE,9
SPEKTRUM,FINANCIALS,9
SPETSAGREGAT,INDUSTRIALS,9
SPETSAVIA,ENERGY,9
SPETSAVTO-TRANZIT,ENERGY,9
SPETSAVTO-VOSTOK,CONSUMER DISCRETIONARY,9
SPETSAVTOMATIKA,CONSUMER DISCRETIONARY,9
SPETSAVTOTEKHNIKA FIREFIGHTING,INDUSTRIALS,9
SPETSAVTOTRANS 24,ENERGY,9
SPETSAVTOTSENTR,INDUSTRIALS,9
SPETSENERGOMONTAZH,INDUSTRIALS,9
SPETSENERGOTEKHNIKA,NOT RELEVANT,9
SPETSENERGOTRADE,INDUSTRIALS,9
SPETSEYKOSERVIS,INDUSTRIALS,9
SPETSEYLEKTROMEKHANIKA,ENERGY,9
SPETSGASSTROY,INDUSTRIALS,9
SPETSGEOLOGORAZVEDKA,ENERGY,9
SPETSIAL'NAYA METALLURGIYA,INDUSTRIALS,9
SPETSIAL'NAYA METALLURGIYA-,INDUSTRIALS,9
SPETSIALIST,INDUSTRIALS,9
SPETSIALIST SEVERO-ZAPA,INDUSTRIALS,9
SPETSIALIZIROVANNOE KHOZYAIS,CONSUMER STAPLES,9
SPETSIALIZIROVANNOE KHOZYAISTVO,CONSUMER STAPLES,9
SPETSIALIZIROVANNOE STROITELN,CONSUMER STAPLES,9
SPETSIALIZIROVANNOE TONNELNOE,INDUSTRIALS,9
SPETSIALIZIROVANNY,INDUSTRIALS,9
SPETSIALIZIROVANNYI,INDUSTRIALS,9
SPETSIALIZIROVANNYI ZASTROISHCHIK,REAL ESTATE,9
SPETSIALIZIROVANNYI ZASTROISHCHIK B,NOT RELEVANT,9
SPETSIALIZIROVANNYY ZASTROYSC,REAL ESTATE,9
SPETSIALNOGO OBORUDOVANIYA,INDUSTRIALS,9
SPETSIALNOI TEKHNIKI,INDUSTRIALS,9
SPETSIALNYE SVARNYE METALLOKONSTR,INDUSTRIALS,9
SPETSINVESTITSII,REAL ESTATE,9
SPETSKOMPLEKTREMONT,INDUSTRIALS,9
SPETSMASH,ENERGY,9
SPETSMOBIL,INDUSTRIALS,9
SPETSMOBIL-NN,INDUSTRIALS,9
SPETSNEFTESERVIS,ENERGY,9
SPETSNEFTETRANS,ENERGY,18
SPETSPROMSTROI,MATERIALS,9
SPETSREZERV,INDUSTRIALS,18
SPETSSERVIS,MATERIALS,9
SPETSSNAB,CONSUMER STAPLES,9
SPETSSTROI,UTILITIES,9
SPETSSTROI TOMSKOI DOMOSTROITELNO,REAL ESTATE,9
SPETSSTROISERVIS,ENERGY,9
SPETSSTROYENERGO,INDUSTRIALS,9
SPETSSVYAZRESURS,MATERIALS,9
SPETSTEKHKRAN,INDUSTRIALS,9
SPETSTEKHNIK,INDUSTRIALS,9
SPETSTEKHNIKI OBSHCHESTVO,INDUSTRIALS,9
SPETSTEKHSNAB,INDUSTRIALS,9
SPETSTORG GK,CONSUMER DISCRETIONARY,9
SPETSTRANSAVTO OBSHCHESTVO S OGRA,ENERGY,9
SPETSTRANSPROEKT,INDUSTRIALS,9
SPETSUNIVERSALSTROI,INDUSTRIALS,9
SPF,MATERIALS,9
SPG,ENERGY,18
SPG AHP,MATERIALS,9
SPH,INDUSTRIALS,9
SPIKO-GRUPP,INDUSTRIALS,9
SPINOKS,UTILITIES,18
SPIRTOVOI ZAVOD YADRINSKII,CONSUMER STAPLES,9
SPIRTZAVOD CHUGUNOVSKIY,NOT RELEVANT,9
SPK,INDUSTRIALS,27
SPK EYGO,INDUSTRIALS,9
SPK KURNIKOV,CONSUMER STAPLES,9
SPK ROMAN,MATERIALS,9
SPK TEMP-DORSTROI,INDUSTRIALS,9
SPLAT,CONSUMER STAPLES,9
SPM INSTRUMENT,INDUSTRIALS,9
SPO OGNESHCHIT,INDUSTRIALS,9
SPORT-INVEST,CONSUMER DISCRETIONARY,9
SPORT-PLUS,NOT RELEVANT,9
SPORT-SERVIS,CONSUMER DISCRETIONARY,9
SPORTA,CONSUMER STAPLES,9
SPORTGRAD,CONSUMER DISCRETIONARY,9
SPORTIKO,CONSUMER DISCRETIONARY,9
SPORTIVNOGO RAZVITIYA,CONSUMER DISCRETIONARY,9
SPORTMASTER,CONSUMER DISCRETIONARY,9
SPORTTOVARI BOSCO CO,CONSUMER DISCRETIONARY,9
SPP,CONSUMER DISCRETIONARY,18
SPP,MATERIALS,18
SPP RAZVITIE,ENERGY,9
SPRAYING TECHNOLOGIES,INDUSTRIALS,9
SPTMBR,CONSUMER STAPLES,9
SPUTNIK,CONSUMER STAPLES,9
SPUTNIK,INDUSTRIALS,9
SPUTNIK INNOVATSII,INDUSTRIALS,9
SPUTNIK-2,INDUSTRIALS,9
SPUTNIK-ENERGETIKA,INDUSTRIALS,9
SPUTNIK-KOMPLEKTATSIYA,INDUSTRIALS,9
SPV MTS INTERNATIONAL FUNDING LIM,COMMUNICATIONS,9
SPZHT,UTILITIES,9
SPb,MATERIALS,9
SQ,CONSUMER DISCRETIONARY,9
SRDI EleSy,INDUSTRIALS,9
SRDI Oil and Gas Peton,ENERGY,9
SREDNEURALSKAYA,CONSUMER STAPLES,9
SREDNEVOLZHSKAYA GAS COMPANY,ENERGY,9
SREDNEVOLZHSKEYLEKTROPROEKT,UTILITIES,9
SREDNEVOLZHSKSEL'EYLEKTROSET'STRO,UTILITIES,9
SRP,CONSUMER DISCRETIONARY,9
SRP,INDUSTRIALS,9
SRP GRUPP,CONSUMER DISCRETIONARY,9
SRSM,INDUSTRIALS,9
SS PLEMZAVOD BEISUG,CONSUMER STAPLES,9
SSC,FINANCIALS,9
SSK,MATERIALS,9
SSK-Trade,INDUSTRIALS,9
SSKH,INDUSTRIALS,9
SSL,FINANCIALS,9
SSL-AZIYA,CONSUMER STAPLES,9
SSM,INDUSTRIALS,9
SSMK-526,NOT RELEVANT,9
SSMU KRASNODAR,NOT RELEVANT,9
SSR,ENERGY,9
SSS,ENERGY,9
SST,INFORMATION TECHNOLOGY,9
SSTK V.I.K.,MATERIALS,9
ST,HEALTH CARE,9
ST,INDUSTRIALS,9
ST DS,ENERGY,9
ST GRUPP,NOT RELEVANT,9
ST NIZHEGORODETS,CONSUMER DISCRETIONARY,9
ST Nizhegorodets,CONSUMER DISCRETIONARY,9
ST-SHINA,CONSUMER DISCRETIONARY,9
STA,CONSUMER STAPLES,9
STA,INDUSTRIALS,9
STACK TELECOM,INFORMATION TECHNOLOGY,9
STAF,INDUSTRIALS,9
STAF FO LAIF,CONSUMER DISCRETIONARY,9
STAL'-INVEST,INDUSTRIALS,9
STAL'INTEKS,MATERIALS,9
STAL'INTEKS TREID,MATERIALS,9
STAL'KONSTRUKTSIYA,INDUSTRIALS,9
STAL'NOFF,INDUSTRIALS,9
STAL'PROM,INDUSTRIALS,9
STAL'SNAB,INDUSTRIALS,9
STAL'TRANS,MATERIALS,9
STAL-TRADE,MATERIALS,9
STALCON ASSOCIATION,INDUSTRIALS,9
STALKER,INDUSTRIALS,9
STALKER-CONSULTING,CONSUMER STAPLES,18
STALKOM,MATERIALS,9
STALMET,MATERIALS,9
STALNOFF,INDUSTRIALS,9
STALPOLIMER,MATERIALS,9
STALRESURS,MATERIALS,9
STALSET,NOT RELEVANT,9
STANDART,CONSUMER STAPLES,27
STANDART PLUS,INDUSTRIALS,9
STANDART-2,ENERGY,9
STANDART-OKA,CONSUMER STAPLES,9
STANDARTPARK,INDUSTRIALS,9
STANDARTPARK PROGRESS,INDUSTRIALS,9
STANKOMACHCOMPLEX,INDUSTRIALS,9
STANOVOE-AGRO-INVEST,CONSUMER STAPLES,9
STAR,CONSUMER STAPLES,9
STAR GLASS,CONSUMER STAPLES,9
STARATELEI ANGARA - SEV,MATERIALS,9
STARATELEI LENA,MATERIALS,9
STARATELEI POISK,MATERIALS,9
STARATELEI VITIM,MATERIALS,9
STARATELI,MATERIALS,9
STARATELI-NOVOSPASSKOYE,MATERIALS,9
STARBAIT TREIDING,CONSUMER DISCRETIONARY,9
STARITSA,INDUSTRIALS,9
STARITSYN ANDREI VIKTOROVICH,HEALTH CARE,9
STARLESS TRADE,MATERIALS,9
STARMALI ENTERPRISES,ENERGY,9
STARODUBTSEV VASILII,CONSUMER STAPLES,9
STAROMARYVKA,CONSUMER STAPLES,9
STAROOSKOLSKII MEKHANICHESKII,CONSUMER STAPLES,9
STAROYE PODVORIYE,NOT RELEVANT,9
STARSTROI,ENERGY,9
START,CONSUMER DISCRETIONARY,9
START,CONSUMER STAPLES,9
START,INDUSTRIALS,9
START-STROI,CONSUMER DISCRETIONARY,9
STARTEL,UTILITIES,9
STARTRANS,INDUSTRIALS,9
STARTTEH,INFORMATION TECHNOLOGY,9
STARVEI LOGISTIKA,ENERGY,9
STARWAY,INDUSTRIALS,9
STARY GOROD-KARST,INDUSTRIALS,9
STATIS,INDUSTRIALS,9
STATUS,CONSUMER DISCRETIONARY,9
STATUS-YUG,CONSUMER STAPLES,9
STATUSSIB,INDUSTRIALS,9
STAV FUD OBSHCHESTVO S OGRANICHEN,CONSUMER DISCRETIONARY,9
STAVPTICETORG,CONSUMER STAPLES,9
STAVROLEN,MATERIALS,9
STAVROPOLENERGOSBUT,UTILITIES,9
STAVROPOLNEFTEGAZPROEKT,INDUSTRIALS,9
STAVROPOLSKAYA VODNO-PIVNAYA KOMP,CONSUMER STAPLES,9
STAVROPOLSKIY,CONSUMER STAPLES,9
STAVROPOLSKY PIVZAVOD,CONSUMER STAPLES,18
STC,MATERIALS,9
STC LANDATA,INFORMATION TECHNOLOGY,9
STD,INDUSTRIALS,9
STD Moscow,REAL ESTATE,9
STEEL,MATERIALS,9
STEEL BALT,MATERIALS,9
STEEL TRADING,MATERIALS,9
STEEL-CHEREPOVEC,MATERIALS,9
STEELRESURS-REGION,MATERIALS,9
STEK GRUPP,INFORMATION TECHNOLOGY,9
STEK TELECOM,INFORMATION TECHNOLOGY,9
STEKLO-LYUKS,CONSUMER DISCRETIONARY,9
STEKLOMASH,INDUSTRIALS,9
STEKLONIT,NOT RELEVANT,9
STEKLONIT MANAGEMENT,ENERGY,9
STEKLOTEKH,MATERIALS,9
STELLA,CONSUMER DISCRETIONARY,9
STELLA,INDUSTRIALS,9
STELLAR,CONSUMER DISCRETIONARY,9
STELLAR CONSTRUCTION,INDUSTRIALS,9
STELLAZH PLYUS,CONSUMER DISCRETIONARY,9
STELMAS-D,CONSUMER STAPLES,9
STELS,INDUSTRIALS,9
STELS O.VINO,CONSUMER STAPLES,9
STEN,NOT RELEVANT,9
STENH,INDUSTRIALS,9
STENKOM,CONSUMER DISCRETIONARY,9
STENSTROI,INDUSTRIALS,9
STENTAS,HEALTH CARE,9
STEP,INDUSTRIALS,9
STEP LOGIC,INFORMATION TECHNOLOGY,9
STEP PUZZLE,CONSUMER DISCRETIONARY,9
STEP-1,MATERIALS,9
STEP-INVEST OBSHCHESTVO S,CONSUMER DISCRETIONARY,9
STERH,INDUSTRIALS,9
STERLITAMAK,MATERIALS,9
STERLITAMAKSKII KHLEBOKOMBINAT OA,CONSUMER STAPLES,9
STEYP,INDUSTRIALS,9
STF BACS,ENERGY,9
STG,CONSUMER STAPLES,9
STG,INDUSTRIALS,18
STI,CONSUMER DISCRETIONARY,9
STI,INDUSTRIALS,9
STIL TREIDING,ENERGY,9
STIL ZHIZNI,UTILITIES,9
STILLER,INDUSTRIALS,9
STIMUL,CONSUMER DISCRETIONARY,9
STIMUL,CONSUMER STAPLES,9
STIMUL GROUP,NOT RELEVANT,9
STIS,NOT RELEVANT,9
STIS-SARATOV,INDUSTRIALS,9
STIS-SERPUKHOV,INDUSTRIALS,9
STIS-VLADIMIR,NOT RELEVANT,9
STIS-VORONEZH,INDUSTRIALS,9
STIVIDOR COAL COMPANY,INDUSTRIALS,9
STK,INDUSTRIALS,18
STK RAZVITIE,INFORMATION TECHNOLOGY,9
STK-AGRO,MATERIALS,18
STL,INDUSTRIALS,9
STM,INDUSTRIALS,27
STM-SERVIS,INDUSTRIALS,9
STMFARM,CONSUMER STAPLES,9
STMK NADEZHDA,CONSUMER STAPLES,9
STMU ESKM,INDUSTRIALS,9
STO,CONSUMER STAPLES,9
STO MOLNIYA TRAKS,INDUSTRIALS,9
STO Molniya,INDUSTRIALS,9
STOCK COMPANY,CONSUMER DISCRETIONARY,9
STOCK COMPANY ACRONIT,MATERIALS,9
STOCK COMPANY ALRUD,INDUSTRIALS,9
STOCK COMPANY ALTAISKAYA TO,ENERGY,9
STOCK COMPANY ALUMINIUM ALL,MATERIALS,9
STOCK COMPANY AQUALINE,CONSUMER STAPLES,9
STOCK COMPANY AVTOKRAN,INDUSTRIALS,9
STOCK COMPANY FINANCIAL AND,INFORMATION TECHNOLOGY,9
STOCK COMPANY GAZPROM NEFTEKH,ENERGY,9
STOCK COMPANY GSR,UTILITIES,18
STOCK COMPANY KAMA-VOLGA,MATERIALS,9
STOCK COMPANY KOMPRESSOR,NOT RELEVANT,9
STOCK COMPANY MAGADAN SILVER,MATERIALS,9
STOCK COMPANY OGE ENGINEERI,INDUSTRIALS,9
STOCK COMPANY OIL PROCESSIN,ENERGY,9
STOCK COMPANY OKSKAYA SUDOV,INDUSTRIALS,9
STOCK COMPANY PROSVESHCHENI,CONSUMER DISCRETIONARY,9
STOCK COMPANY SARAPUL ELECT,INDUSTRIALS,9
STOCK COMPANY SIBUGLEMET-M,MATERIALS,9
STOCK COMPANY TARYN GOLD,MATERIALS,9
STOCK COMPANY TNS ENERGO KA,NOT RELEVANT,9
STOCK COMPANY TRANS-IT,INFORMATION TECHNOLOGY,9
STOCK COMPANY UNITED RUSSIAN,CONSUMER DISCRETIONARY,9
STOCK COMPANY UNITED SUGAR,CONSUMER STAPLES,9
STOCK COMPANY URALENERGOREM,UTILITIES,9
STOCK ENERSYS,INDUSTRIALS,9
STOCK MARKET,FINANCIALS,9
STOCKLOGISTICTRADE,REAL ESTATE,9
STOCKMANN JOINT STOCK,CONSUMER DISCRETIONARY,9
STOEV-KP,CONSUMER STAPLES,9
STOILENSKY GOK,MATERIALS,9
STOLITSA NIZHNIY,NOT RELEVANT,9
STOLYAROV VYACHESLAV,FINANCIALS,9
STOMATOLOGICHESKAYA KLINIKA ZUB,HEALTH CARE,9
STOMATOLOGICHESKAYA POLIKLINIKA YUA,HEALTH CARE,9
STOMATOLOGII BELOI APTEKI,HEALTH CARE,9
STOMATOLOGIYA ZUB.RU,HEALTH CARE,9
STOMATOLOGY DEVELOPMENT CENTR,HEALTH CARE,9
STORGE MK,MATERIALS,9
STP,CONSUMER STAPLES,9
STPF POLYSAN,HEALTH CARE,9
STR,INDUSTRIALS,9
STR-TEKHNIKA,INDUSTRIALS,9
STRABAG,INDUSTRIALS,9
STRADIVARIUS CIS,CONSUMER DISCRETIONARY,9
STRATA PARTNERS,CONSUMER DISCRETIONARY,9
STRATEGICHESKOE PARTNERSTVO,CONSUMER DISCRETIONARY,9
STRATEGIYA,MATERIALS,9
STRATEGY,INDUSTRIALS,9
STRAYK,CONSUMER STAPLES,9
STRAZH,MATERIALS,9
STRAZH-COMPLECT,MATERIALS,9
"STREAMER,ELECTRIC COMPANY",INDUSTRIALS,9
STRELA TRADE COMPANY,FINANCIALS,9
STRELETS,CONSUMER STAPLES,9
STRELITSIYA OBSHCHESTVO S,CONSUMER STAPLES,9
STRIVOS INVESTMENTS,INFORMATION TECHNOLOGY,9
STROI,INDUSTRIALS,9
STROI REMONT,MATERIALS,9
STROI-LAIN,CONSUMER DISCRETIONARY,9
STROI-SITI,CONSUMER DISCRETIONARY,9
STROIALYANS,INDUSTRIALS,18
STROIDETAL,INDUSTRIALS,9
STROIDISKONT,CONSUMER DISCRETIONARY,18
STROIDORSERVIS,INDUSTRIALS,9
STROIEYTALON FINANS OBSHCHESTVO,INDUSTRIALS,9
STROIGAZ,INDUSTRIALS,9
STROIGAZKOMPLEKT,INDUSTRIALS,9
STROIGRAND,CONSUMER DISCRETIONARY,18
STROIGRUPP,INDUSTRIALS,9
STROIINVEST,CONSUMER DISCRETIONARY,9
STROIINVEST,REAL ESTATE,9
STROIINZHINIRING SM OBSHCHESTVO S,INDUSTRIALS,9
STROIKHOLDING-TREID,MATERIALS,9
STROIKOM,MATERIALS,9
STROIKOMPLEKS,INDUSTRIALS,9
STROIKOMPLEKT,NOT RELEVANT,9
STROIKOMPLEKT-OKNO,NOT RELEVANT,9
STROIKONTINENT,INDUSTRIALS,9
STROIKRAFT,INDUSTRIALS,9
STROIMAGISTRAL,INDUSTRIALS,9
STROIMAGISTRAL',INDUSTRIALS,9
STROIMARKET-M,INDUSTRIALS,9
STROIMASTER,INDUSTRIALS,9
STROIMEDSERVIS,HEALTH CARE,9
STROIMETIZ,CONSUMER DISCRETIONARY,9
STROIMONTAZH-14,INDUSTRIALS,9
STROINEFTEGAS ALYANS,ENERGY,9
STROINOVATSIYA,INDUSTRIALS,9
STROIOBOI,CONSUMER DISCRETIONARY,9
STROIPLATFORMA,INDUSTRIALS,9
STROIPODRYAD,CONSUMER DISCRETIONARY,9
STROIPROEKTSERVIS,ENERGY,9
STROIRESURS,INDUSTRIALS,9
STROISERVIS,INDUSTRIALS,18
STROISITI,ENERGY,9
STROISOYUZ M OBSHCHESTVO S,INDUSTRIALS,9
STROITEKH OBSHCHESTVO S OGRANICHENN,INDUSTRIALS,9
STROITEKHKOM,INDUSTRIALS,9
STROITEKHNO-URAL,INDUSTRIALS,9
STROITEKHNOLOGIYA,INDUSTRIALS,9
STROITEL,CONSUMER STAPLES,9
STROITEL,INDUSTRIALS,9
STROITEL'NAYA KOMPANIYA RESURS,CONSUMER STAPLES,9
STROITEL'NOE UPRAVLENIE 7 SVAROCH,INDUSTRIALS,9
STROITEL'NYE INVESTITSII,REAL ESTATE,9
STROITEL'NYE MASHINY,INDUSTRIALS,9
STROITEL'NYKH KOMPANII,INDUSTRIALS,9
STROITEL'STVO I DEVELOP,REAL ESTATE,9
STROITELNAYA KOMPANIYA KAMENKA OB,REAL ESTATE,9
STROITELNAYA KOMPANIYA TEKHINZHST,INDUSTRIALS,9
STROITELNO-MONTAZHNOE UPRAVLENIE,REAL ESTATE,9
STROITELNOE UPRAVLENIE TOMSKOI DO,INDUSTRIALS,9
STROITELNYE I TRANSPORTNYE RESHENIY,INDUSTRIALS,9
STROITELNYI KHOLDING MEGAPOLIS,NOT RELEVANT,9
STROITELNYI MIR,CONSUMER DISCRETIONARY,9
STROITEPLOSERVIS,INDUSTRIALS,9
STROITERMINAL TSENTR KRASOK,CONSUMER DISCRETIONARY,9
STROITORGOVLYA,CONSUMER DISCRETIONARY,9
STROITRANS,INDUSTRIALS,9
STROITRANSGAZ,ENERGY,9
STROITRANSMARKET,CONSUMER STAPLES,9
STROITRANSSERVIS,INDUSTRIALS,9
STROIYUGREGION,INDUSTRIALS,18
STROIZAKAZ,CONSUMER DISCRETIONARY,9
STROJ-OKNO,NOT RELEVANT,9
STROJKOMPLEKT-BETON,NOT RELEVANT,9
STROMBETON,NOT RELEVANT,9
STROMMASHKOMPLEKT,INDUSTRIALS,9
STRONG TEKHNIK,INDUSTRIALS,9
STROY PARK,CONSUMER DISCRETIONARY,9
STROY-INZHINIRING,INDUSTRIALS,9
STROY-PORTAL,NOT RELEVANT,9
STROY-TEKHNOLOGIYA,MATERIALS,9
STROYDORSERVIS,INDUSTRIALS,18
STROYEXPO EC,NOT RELEVANT,9
STROYGAZCONSULTING,INDUSTRIALS,9
STROYGRAD PLYUS,INDUSTRIALS,9
STROYINDUSTRIYA,MATERIALS,9
STROYINVEST,NOT RELEVANT,9
STROYINVEST,REAL ESTATE,9
STROYKORPORATSIA ELIS,NOT RELEVANT,9
STROYMASH,INDUSTRIALS,9
STROYMEHANIZACIA,NOT RELEVANT,9
STROYMEHANIZACIYA-ODIN,NOT RELEVANT,9
STROYMONTAZH MS,INDUSTRIALS,9
STROYMONTAZH-2000,COMMUNICATIONS,9
STROYPLATFORMA,NOT RELEVANT,9
STROYPROGRESS-INVEST,CONSUMER DISCRETIONARY,9
STROYSERVICE,CONSUMER STAPLES,9
STROYSERVICE,MATERIALS,9
STROYSERVIS,INDUSTRIALS,18
STROYSERVIS-TSENTR,INDUSTRIALS,9
STROYSPESOURCE,NOT RELEVANT,9
STROYTECHSERVICE,ENERGY,9
STROYTEK,INDUSTRIALS,9
STROYTEK,NOT RELEVANT,9
STROYTEKHINVEST,NOT RELEVANT,9
STROYTERMINAL-ZAPAD,NOT RELEVANT,9
STROYTORGKHIM,NOT RELEVANT,9
STRUCTURAL CALCULATIONS,NOT RELEVANT,9
STS,ENERGY,18
STS,HEALTH CARE,9
STS,INDUSTRIALS,9
STS-TSENTR,INDUSTRIALS,9
STT,ENERGY,9
STU,INDUSTRIALS,9
STYLE TECHOIL,ENERGY,9
STYLE TRADE,CONSUMER DISCRETIONARY,9
STYLE-97,CONSUMER STAPLES,9
SU,INDUSTRIALS,9
SU N299,INDUSTRIALS,9
SU-155,INDUSTRIALS,9
SU-873,INDUSTRIALS,9
SU-TGS,ENERGY,9
SU10,INDUSTRIALS,9
SUAL-PM,MATERIALS,9
SUBARIST,CONSUMER DISCRETIONARY,9
SUBGroup Sistematika,INFORMATION TECHNOLOGY,9
SUBGroup T,INDUSTRIALS,9
SUDOKHODNAYA KOMPANIYA,MATERIALS,9
SUDOKHODNAYA KOMPANIYA TRANZIT-SV,INDUSTRIALS,9
SUE Tatinvestgrazhdanproekt,INDUSTRIALS,9
SUEK,ENERGY,9
SUEK PLC,ENERGY,9
SUEK-FINANCE,ENERGY,9
SUEK-KHAKASIA,ENERGY,9
SUEK-KUZBASS,ENERGY,9
SUENCO,UTILITIES,9
SUGAR,CONSUMER STAPLES,9
SUKHAREVKA,CONSUMER DISCRETIONARY,9
SUKHOI LOG,MATERIALS,9
SUKHOLOZHSKIY PLANT OF SECONDARY,NOT RELEVANT,9
SUMITEC INTERNATIONAL,CONSUMER DISCRETIONARY,9
SUN INVESTMENT PARTNERS,NOT RELEVANT,9
SUNBERRY ENTERPRISES,MATERIALS,9
SUNGWOO HITECH RUS,NOT RELEVANT,9
SUNLIGHT,CONSUMER DISCRETIONARY,9
SUNSAND,CONSUMER DISCRETIONARY,9
SUNTIME,CONSUMER DISCRETIONARY,9
SUNWAY,NOT RELEVANT,9
SUNWAY-GROUP,CONSUMER STAPLES,9
SUPERJOB,CONSUMER DISCRETIONARY,9
SUPERJOB HOLDING,INDUSTRIALS,9
SUPERMARKET KALINA,CONSUMER STAPLES,9
SUPERWAVE,INFORMATION TECHNOLOGY,9
SUPTR-10,INDUSTRIALS,9
SURGUT,HEALTH CARE,9
SURGUT PEREVALKA,ENERGY,9
SURGUTAVTOSERVIS,CONSUMER DISCRETIONARY,9
SURGUTEX,ENERGY,9
SURGUTINVESTNEFT,NOT RELEVANT,9
SURGUTNEFTEGAS,ENERGY,9
SURGUTNEFTEGAZ,ENERGY,9
SURGUTSKOE,CONSUMER STAPLES,9
SURGUTSKOE RSU,ENERGY,9
SURHONSKY PULP AND PAPER MILL,MATERIALS,9
SUROVIKINSKY ELEVATOR OPEN JOINT,CONSUMER STAPLES,9
SUSHI MAKE,CONSUMER DISCRETIONARY,9
SUSHI MAKE 3,CONSUMER DISCRETIONARY,9
SUSHIMAN ALTAI,CONSUMER DISCRETIONARY,9
SUSUMANGOLD,MATERIALS,9
SUSUMANZOLOTO,MATERIALS,9
SUTEK,INDUSTRIALS,9
SUUS LOGISTICS,INDUSTRIALS,9
SV GRUPP,REAL ESTATE,9
SV LOGISTIC,INDUSTRIALS,9
SV-GARANT,CONSUMER STAPLES,9
SV-PROEKT OBSHCHESTVO S,CONSUMER DISCRETIONARY,9
SVEGEN,CONSUMER STAPLES,9
SVEL,INDUSTRIALS,9
SVEL GROUP,INDUSTRIALS,9
SVEL-Power transformers,INDUSTRIALS,9
SVERDLOVSKAYA ENERGOGATHOVAYA,UTILITIES,9
SVET,MATERIALS,9
SVETLANA-K,INDUSTRIALS,9
SVETLOGORSKII KHLEBOKOMBINAT,CONSUMER STAPLES,9
SVETLOYARSKIE NEFTEPRODUKTY,ENERGY,9
SVETOSERVIS - PODMOSKOV'E,INDUSTRIALS,9
SVETOSERVIS-STAVROPOLE,INDUSTRIALS,9
SVETOSERVIS-VOLGOGRAD,INDUSTRIALS,9
SVETOVYE TEKHNOLOGII EYSKO,INDUSTRIALS,9
SVEZA,MATERIALS,9
SVEZA-LES,MATERIALS,9
SVH-FREIGHT,INDUSTRIALS,18
SVIAZSTROIKO,NOT RELEVANT,9
SVINOKOMPLEKS KRASNOYARSKY,CONSUMER STAPLES,9
SVINOKOMPLEKS URAL'SKII,CONSUMER STAPLES,9
SVINOVODCHESKII KOMPLEK,CONSUMER STAPLES,9
SVK,MATERIALS,9
SVKH M,INDUSTRIALS,9
SVKHK,MATERIALS,9
SVM,ENERGY,9
SVM NEFTEMASH,ENERGY,9
SVOBODA,REAL ESTATE,9
SVS-INVEST,NOT RELEVANT,9
SVS-N,HEALTH CARE,9
SVYAZ' PETROLEUM,CONSUMER DISCRETIONARY,9
SVYAZ'STROI,INDUSTRIALS,9
SVYAZNOY,CONSUMER DISCRETIONARY,9
SVYAZNOY CHAIN,CONSUMER DISCRETIONARY,9
SVYAZNOY GROUP COMPANY,CONSUMER DISCRETIONARY,9
SW Balakovo,MATERIALS,9
SWEET LIFE MARKET,CONSUMER STAPLES,9
SWEET-LINE,CONSUMER STAPLES,9
SWIFTLOGIC,INDUSTRIALS,9
SWISS ABRASIVES,INDUSTRIALS,9
SWISS CENTER OF INDEPENDENT DIAGN,HEALTH CARE,9
SWISS KRONO,MATERIALS,9
SYASSKY PULP AND PAPER MILL,MATERIALS,9
SYCHOVO PTK,NOT RELEVANT,9
SYKTYVKARSKII,UTILITIES,9
SYNERGETIC,CONSUMER STAPLES,9
SYNGENTA,MATERIALS,9
SYNTEZRAIL,INDUSTRIALS,9
SYNTHEMA,NOT RELEVANT,9
SYNTOL,HEALTH CARE,9
SYR,CONSUMER STAPLES,9
SYRA,CONSUMER STAPLES,9
SYRNYI,CONSUMER STAPLES,9
SYROMYATNIKOV V.V.,MATERIALS,9
SYRY,CONSUMER STAPLES,9
SYSSOFT,INFORMATION TECHNOLOGY,18
SYSTEM-K,CONSUMER STAPLES,9
SYSTEMA,INDUSTRIALS,9
SYSTEMATICA,INFORMATION TECHNOLOGY,9
SYSTEMATICA CONSULTING,INFORMATION TECHNOLOGY,9
SYSTEME ELECTRIC,INDUSTRIALS,9
SYSTEMS,INFORMATION TECHNOLOGY,9
SYZRANSKAYA KERAMIKA,INDUSTRIALS,9
SZ,ENERGY,9
SZ,INDUSTRIALS,9
SZ APSIS PLYUS,INDUSTRIALS,9
SZ DAR,REAL ESTATE,9
SZ KSI,CONSUMER DISCRETIONARY,9
SZ NEFTEMASH,ENERGY,9
SZAO SKVO,CONSUMER STAPLES,9
SZEMO,INDUSTRIALS,18
SZHB,INDUSTRIALS,9
SZK,CONSUMER STAPLES,9
SZL,CONSUMER STAPLES,9
SZMA TRUST CORPORATION,ENERGY,9
SZSK SPB,INDUSTRIALS,9
SZTK,MATERIALS,9
SZTK GROSS,ENERGY,9
SafPlast,MATERIALS,9
Safe Cap,MATERIALS,9
SafeData,COMMUNICATIONS,9
Saint-Gobain Construction Pro,INDUSTRIALS,9
Saint-Petersburg,INDUSTRIALS,9
Salavatsteklo,INDUSTRIALS,9
Saltwater Bulk Shipping,INDUSTRIALS,9
Samara Cable,INDUSTRIALS,18
Samara Shipping,INDUSTRIALS,9
Samara-Avto,CONSUMER DISCRETIONARY,9
Samarskie Avtomobili,CONSUMER DISCRETIONARY,9
Samotlor trakt,CONSUMER DISCRETIONARY,9
Samson-Tyumen,ENERGY,9
Samson-Ural,CONSUMER DISCRETIONARY,9
Samusskiy SSRZ,INDUSTRIALS,9
Sandoz,HEALTH CARE,9
Sante,HEALTH CARE,9
Santel,CONSUMER DISCRETIONARY,9
Sar-Rest,CONSUMER DISCRETIONARY,9
Saratov-Ptitsa,CONSUMER STAPLES,9
Saratovenergo,NOT RELEVANT,9
Satel,INFORMATION TECHNOLOGY,9
Satro-paladin,INDUSTRIALS,9
Saturno-TP,CONSUMER DISCRETIONARY,9
Sava Tomsk,CONSUMER STAPLES,9
Scale Enterprise,INDUSTRIALS,9
Scandipakk,MATERIALS,9
Scarlett,CONSUMER DISCRETIONARY,9
Scheitec Group,INDUSTRIALS,9
Scheltec,INDUSTRIALS,9
Scientific devices and,INDUSTRIALS,9
Scientific-produciation PRO AQUA,INDUSTRIALS,9
Sea Terminal Taman,CONSUMER STAPLES,9
Secondary Precious Metals,MATERIALS,9
Security Systems,INFORMATION TECHNOLOGY,9
Segezha,MATERIALS,9
Segula Technologies Russia,INDUSTRIALS,9
Seicento,REAL ESTATE,9
Selectel,INFORMATION TECHNOLOGY,9
Selena Vostok,CONSUMER DISCRETIONARY,9
Selenginsky PCM,MATERIALS,9
Seligdar,MATERIALS,9
Selo Zelenoe,CONSUMER STAPLES,9
Semya Food,CONSUMER STAPLES,9
Senior Group Malakhovka,HEALTH CARE,9
Sentiss Rus,HEALTH CARE,9
Seppra Limited Liability,CONSUMER DISCRETIONARY,9
ServicePipe,COMMUNICATIONS,9
Services,INFORMATION TECHNOLOGY,9
Setl Group,REAL ESTATE,9
Seven Refractories,INDUSTRIALS,9
Seven Seas & Co.,ENERGY,9
Sever,CONSUMER STAPLES,9
Sever,INDUSTRIALS,18
Sever CSB Limited Liability,INFORMATION TECHNOLOGY,9
SeverEnergo,INDUSTRIALS,9
Severnaya,CONSUMER STAPLES,9
Severnaya zvezda,COMMUNICATIONS,9
Severstal,MATERIALS,18
Sfera,ENERGY,9
Shchekinoazot,MATERIALS,9
Shelkov,MATERIALS,9
Shell Exploration and Producti,ENERGY,9
Sheremetyevo International,INDUSTRIALS,9
Shipping,ENERGY,9
Shock-Wave Systems,HEALTH CARE,9
Shori,CONSUMER STAPLES,9
Sial,ENERGY,9
SibInvestEnergo,ENERGY,9
SibProf,MATERIALS,9
Sibagro,CONSUMER STAPLES,18
Siberia,INDUSTRIALS,9
"Siberia Airlines,",INDUSTRIALS,9
Siberia Medical Company Limited Lia,HEALTH CARE,9
Siberian,MATERIALS,9
Siberian Networks,COMMUNICATIONS,9
Sibinstrument,INDUSTRIALS,9
Sibir,HEALTH CARE,9
Sibir Cargo Service,INDUSTRIALS,9
Sibsteklo,MATERIALS,9
Sibsulfur,MATERIALS,9
Sibtara,MATERIALS,9
Sikmo,CONSUMER DISCRETIONARY,9
Sila vody,CONSUMER DISCRETIONARY,9
Silgan Metal Packaging Stupino,MATERIALS,9
Siltech Limited Liability,MATERIALS,9
Siluet,MATERIALS,9
Simecs,INDUSTRIALS,9
Simicon-Service,INDUSTRIALS,9
Simikon,INDUSTRIALS,9
Simple,CONSUMER STAPLES,9
Sistema VC,CONSUMER DISCRETIONARY,9
Skandika,INDUSTRIALS,9
Sky Dynamics,INFORMATION TECHNOLOGY,9
Sladunitsa,CONSUMER STAPLES,9
Slavcoffee,CONSUMER STAPLES,9
Slavneft-YANOS,ENERGY,9
Slavyansk ECO,ENERGY,9
Smart Machines,CONSUMER STAPLES,9
Smart Premium,CONSUMER DISCRETIONARY,9
SmartGrain,INDUSTRIALS,9
SmartService,INDUSTRIALS,9
Smartavia,INDUSTRIALS,9
Smartway,INFORMATION TECHNOLOGY,9
Smikom Group,MATERIALS,9
Smit Lamnalco Novorossiysk,INDUSTRIALS,9
Smith and Nephew,HEALTH CARE,9
Smolensk,INDUSTRIALS,9
Smushkin Zakhar,MATERIALS,9
Snaboil,ENERGY,9
Sneider,FINANCIALS,9
Social Service Pomoshnik,HEALTH CARE,9
Society with limited liability,INDUSTRIALS,9
Sodrugestvo-Soy,CONSUMER STAPLES,9
SoftBalans,INFORMATION TECHNOLOGY,9
SoftTradeMed Co.Ltd.,HEALTH CARE,9
Softline Russia,INFORMATION TECHNOLOGY,9
Sokolov,CONSUMER DISCRETIONARY,9
Solid Industrial and Commercial Gro,INDUSTRIALS,9
Solikamsk Desulphurizer,MATERIALS,9
Solikamskbumprom,MATERIALS,9
Solnechnogorskiy plant EUROPL,MATERIALS,9
Solodovnya,CONSUMER DISCRETIONARY,9
Solstek,MATERIALS,9
Somelie,CONSUMER STAPLES,9
Sonotrans,HEALTH CARE,9
Sony Electronics Joint Stock Compan,NOT RELEVANT,9
Sorskiy GOK,MATERIALS,9
Sortavala timber mill Limited Lia,MATERIALS,9
Sotex PharmFirm,HEALTH CARE,9
South Exporting,CONSUMER DISCRETIONARY,9
SouzChimReaktiv,MATERIALS,9
SovComFlot,INDUSTRIALS,9
Sovinteravtoservice,CONSUMER DISCRETIONARY,9
Soyuz,CONSUMER DISCRETIONARY,9
Soyuzpisheprom,CONSUMER STAPLES,9
Soyuzsnab,CONSUMER STAPLES,9
Space,CONSUMER DISCRETIONARY,9
Space 1,REAL ESTATE,9
"Sparkoo Technologies Co.,",INFORMATION TECHNOLOGY,9
Specta Interpark,MATERIALS,9
Spectr,CONSUMER STAPLES,9
Spectr,INDUSTRIALS,9
Spectransgarant,NOT RELEVANT,9
Spectrum,HEALTH CARE,9
SpetsEnergoTransServis,INDUSTRIALS,9
Spetsmedpostavka,HEALTH CARE,9
Spice Production Limited,CONSUMER STAPLES,9
Sportcar-ASKK,CONSUMER DISCRETIONARY,9
Sportmaster,CONSUMER DISCRETIONARY,9
Sputnic-Integratsia,INDUSTRIALS,9
Sputnik Technopolis,HEALTH CARE,9
Sredneuralskiy copper smelter p,MATERIALS,9
Srl,CONSUMER DISCRETIONARY,9
St. Petersburg Milling,CONSUMER STAPLES,9
Stalinteks,MATERIALS,9
Standart,ENERGY,9
Standartpark Industry,INDUSTRIALS,9
Standartpark Kazan,INDUSTRIALS,9
Standartpark Polymer,INDUSTRIALS,9
Starlink,COMMUNICATIONS,9
Start,CONSUMER STAPLES,9
Start Management,CONSUMER DISCRETIONARY,9
Statio Project,INDUSTRIALS,9
Stavropolenergosbit,UTILITIES,9
SteelEnamel Co.Ltd.,CONSUMER DISCRETIONARY,9
Steklodom,INDUSTRIALS,9
Step,INDUSTRIALS,9
Stiebel Eltron,CONSUMER DISCRETIONARY,9
Stock Company,CONSUMER STAPLES,18
Stock Company DIXY Ug,CONSUMER STAPLES,9
Stock Company Kurgansemena,CONSUMER STAPLES,9
Stock Company Okskoe,CONSUMER STAPLES,9
Stock Company Samara Electric,INDUSTRIALS,9
Stock Company Tesli,INDUSTRIALS,9
Stock Volga,INDUSTRIALS,9
Stock company Ufanet,COMMUNICATIONS,9
Stolica,CONSUMER STAPLES,9
Stolichnye postavki,CONSUMER STAPLES,9
Storck,CONSUMER STAPLES,9
Story Park-R,CONSUMER DISCRETIONARY,9
StratNano Tech,COMMUNICATIONS,9
Strategy-XXI,CONSUMER STAPLES,9
Strauss,CONSUMER STAPLES,9
Strimer,INDUSTRIALS,9
Stroimarket,INDUSTRIALS,9
Stroitehkom,INDUSTRIALS,9
"Stroyfinancegroup,",INDUSTRIALS,9
Stroygaz,INDUSTRIALS,9
Stroykom,INDUSTRIALS,9
Stroymagistral,INDUSTRIALS,9
Stroymoda Sain Petersburg,INDUSTRIALS,9
Stroypark,CONSUMER DISCRETIONARY,9
Stroyplast,MATERIALS,9
Stroypodryad,CONSUMER DISCRETIONARY,9
Stroyservis,MATERIALS,9
Stryker,HEALTH CARE,9
Studio ACTION film,COMMUNICATIONS,9
Studio Moderna,CONSUMER DISCRETIONARY,9
Stupinskiy Trade House,INDUSTRIALS,9
Style Trade,CONSUMER DISCRETIONARY,9
SubGROUP Global Ports,INDUSTRIALS,9
SubGROUP OAO KHIMPROM,MATERIALS,9
SubGROUP RBT-Astra,INFORMATION TECHNOLOGY,9
SubGroup ZTI Plastic Containers,MATERIALS,9
Subgroup Garsdale,COMMUNICATIONS,9
Subgroup Technonikol,INDUSTRIALS,9
Sun Chemical,MATERIALS,9
Sun Logistic,CONSUMER STAPLES,9
Sunty,CONSUMER STAPLES,9
Svegeprodukt,CONSUMER STAPLES,9
SverdlovElectro,INDUSTRIALS,9
Svetloyarsk Oil Refinery,ENERGY,9
Svetoservis,INDUSTRIALS,9
Svyatogor,NOT RELEVANT,9
Svyaz VSD,COMMUNICATIONS,9
Swarovski,CONSUMER DISCRETIONARY,9
Sweet Life,CONSUMER STAPLES,9
Syktyvkar Plywood Mill,MATERIALS,9
Synergy,CONSUMER STAPLES,9
Systems,INDUSTRIALS,9
T 8,COMMUNICATIONS,9
T PLUS,NOT RELEVANT,9
T PLUS PUBLIC JOINT STOCK,UTILITIES,9
T Plus,UTILITIES,9
T-PLATFORMS,INFORMATION TECHNOLOGY,18
T-Service Logistics,INDUSTRIALS,9
T-TRANS,INDUSTRIALS,9
T.B.M.,CONSUMER DISCRETIONARY,9
T.S.N.,MATERIALS,9
T2,UTILITIES,9
T2 Mobile,COMMUNICATIONS,9
T2 RTK HOLDING,COMMUNICATIONS,9
TA BITUM,INDUSTRIALS,9
TABAKERKA,CONSUMER STAPLES,9
TABLOGIKS,INDUSTRIALS,9
TABYSH,CONSUMER STAPLES,9
TAEN,CONSUMER DISCRETIONARY,9
"TAEN.,",CONSUMER DISCRETIONARY,9
TAGANROG METALLURGICAL WORKS,MATERIALS,9
TAGANROGSKOE DSU,INDUSTRIALS,9
TAGLEX,INDUSTRIALS,9
TAGRAS,ENERGY,9
TAGRIS,CONSUMER STAPLES,9
TAIF,MATERIALS,9
TAIF-NK,CONSUMER DISCRETIONARY,9
TAIF-NK,ENERGY,9
TAIGA,MATERIALS,9
TAIM-LOGISTIK,INDUSTRIALS,9
TAIMLIZING,FINANCIALS,9
TAIPIT TRADING HOUSE,CONSUMER DISCRETIONARY,9
TAIPIT-Furniture Company,INDUSTRIALS,9
TAIPIT-IP,INFORMATION TECHNOLOGY,9
TAKA,MATERIALS,9
TAKEDA PHARMACEUTICALS,HEALTH CARE,9
TAKF,NOT RELEVANT,9
TAKHTAMUKAISKOE DRSU,INDUSTRIALS,9
TAKT-TAIM,INDUSTRIALS,9
TALAKAN CHOA,INDUSTRIALS,9
TALARII,CONSUMER DISCRETIONARY,9
TALINA,CONSUMER STAPLES,18
TALIONMED,HEALTH CARE,9
TALITSKOE MOLOKO,CONSUMER STAPLES,9
TALK,CONSUMER STAPLES,9
TALOSTO 3000,NOT RELEVANT,9
TALTEK,MATERIALS,9
TALTYEK,MATERIALS,9
TAMAK,INDUSTRIALS,9
TAMBOSKAYA OBLASTNAYA SBYTOVAYA,UTILITIES,9
TAMBOV-AVTO,CONSUMER DISCRETIONARY,9
TAMBOV-AVTO-CITY,CONSUMER DISCRETIONARY,9
TAMBOVAGROKHIM (OOO),MATERIALS,9
TAMBOVAGROPROMKHIMIYA,CONSUMER STAPLES,9
TAMBOVMASH,INDUSTRIALS,9
TAMBOVSKAYA 50,INDUSTRIALS,9
TAMBOVSKIY BROYLER,CONSUMER STAPLES,9
TAMERLAN,CONSUMER STAPLES,9
TAMI I,CONSUMER DISCRETIONARY,9
TAMOZHENNO-FINANSOVAYA KOMPANIYA,FINANCIALS,9
TAMTRA,INDUSTRIALS,9
TANAIS,CONSUMER STAPLES,9
TANDEM,CONSUMER STAPLES,9
TANDEM,NOT RELEVANT,9
TANEKO,ENERGY,9
TANGODA,INDUSTRIALS,9
TANKELEVICH MIKHAIL YUR'EVICH,CONSUMER DISCRETIONARY,9
TANKER COMPANY,ENERGY,9
TANTOS,INDUSTRIALS,9
TANZOR,MATERIALS,9
TARA,MATERIALS,9
TARA.RU,CONSUMER DISCRETIONARY,9
TARASENKO ALEKSEI VIKTOROVICH,CONSUMER DISCRETIONARY,9
TARASOVA VIKTORIYA ANDREEVNA,REAL ESTATE,9
TARBAEVO,CONSUMER STAPLES,9
TARGEN,INDUSTRIALS,9
TARGET,INDUSTRIALS,9
TARGET MEDIKAL,HEALTH CARE,9
TARKETT,INDUSTRIALS,9
TARKOVA MARINA EVGENYVNA,MATERIALS,9
TARKUS,INDUSTRIALS,9
TARMED,HEALTH CARE,9
TASHLINSKII,CONSUMER STAPLES,9
TASHLINSKIY,CONSUMER STAPLES,9
TASKOM,INDUSTRIALS,9
TAT'YANA,CONSUMER STAPLES,18
TATARINOVA IRINA ANATOLEVNA,CONSUMER STAPLES,9
TATENERGOSBYT,NOT RELEVANT,9
TATEYNERGO,UTILITIES,9
TATKHIMPLAST,MATERIALS,9
TATNEFT,ENERGY,9
TATNEFT n.a. V.D. Shashin,ENERGY,9
TATNEFTEPROVODSTROI,INDUSTRIALS,9
TATSINSKOE DSU,INDUSTRIALS,9
TATSPETSTRANSPORT,ENERGY,9
TATSPIRTPROM,CONSUMER STAPLES,9
TAU,CONSUMER DISCRETIONARY,9
TAU Neftehim,MATERIALS,9
TAVABILKO,CONSUMER DISCRETIONARY,9
TAVR,INDUSTRIALS,9
TAVRIDA,INDUSTRIALS,9
TAVRIDA ELECTRIC SAMARA,INDUSTRIALS,9
TAVRIDA EYLEKTRIK YUSK,INDUSTRIALS,9
TAVROSS,INDUSTRIALS,9
TB STANDART COMPANY,CONSUMER DISCRETIONARY,9
TBI,INDUSTRIALS,9
TBNG-BURENIE,ENERGY,9
TBSS,INDUSTRIALS,9
TBT,INDUSTRIALS,9
TC,CONSUMER STAPLES,9
TC,INDUSTRIALS,18
TC Agroindustry,CONSUMER STAPLES,9
TC EXPERT-CABLE,INDUSTRIALS,9
TC RASSVET,REAL ESTATE,9
TCC,ENERGY,9
TCHAIKOVSKY TEXTILE HOUSE,INDUSTRIALS,9
TCSP,INDUSTRIALS,9
TCV,CONSUMER DISCRETIONARY,9
TD,CONSUMER DISCRETIONARY,27
TD,INDUSTRIALS,27
TD,NOT RELEVANT,9
TD ALEKS,CONSUMER STAPLES,9
TD AO FS,MATERIALS,9
TD ARGUN,REAL ESTATE,9
TD AVTOMIR,ENERGY,9
TD Acoustic,INDUSTRIALS,9
TD DOMINO,FINANCIALS,9
TD DUSLIK,CONSUMER STAPLES,9
TD DUSLYK,CONSUMER STAPLES,9
TD HALMEK,MATERIALS,9
TD LENPROMARMATURA,MATERIALS,9
TD LEOPAK,CONSUMER DISCRETIONARY,9
TD MOSKOVSKI - RV,CONSUMER STAPLES,9
TD NEVOTEKS,MATERIALS,9
TD ORGANIKA,HEALTH CARE,9
TD PKC,CONSUMER STAPLES,9
TD PLAITEKS,MATERIALS,9
TD POLIMERPROM,MATERIALS,9
TD RMA-RUS,INDUSTRIALS,9
TD RT-KABEL,UTILITIES,9
TD Reserv,CONSUMER STAPLES,9
TD SCHEKINSKIY ZAVOD KVOIT,MATERIALS,9
TD SITI-TREYD,CONSUMER STAPLES,9
TD SOLNECHNYI,CONSUMER STAPLES,9
TD STO,INDUSTRIALS,9
TD Solnechnyi,CONSUMER STAPLES,9
TD Stolica,CONSUMER DISCRETIONARY,9
TD TEKHNO DRAIV,CONSUMER DISCRETIONARY,9
TD TORGOVAYA,CONSUMER STAPLES,9
TD VOSTOK-SERVIS,CONSUMER DISCRETIONARY,9
TD Victoria,CONSUMER STAPLES,9
TD YUGRAS,MATERIALS,9
TD Zerno,CONSUMER STAPLES,9
TD-KHOLDING,CONSUMER STAPLES,9
TDA,CONSUMER DISCRETIONARY,9
TDK,INDUSTRIALS,9
TDL Textil,CONSUMER DISCRETIONARY,9
TDM,CONSUMER STAPLES,9
TDNT ENGINEERING',CONSUMER STAPLES,9
TDS,CONSUMER STAPLES,18
TDS-ALFA OBSHCHESTVO S,CONSUMER STAPLES,9
TDS-RITEIL,INDUSTRIALS,9
TDS-SEVER,CONSUMER STAPLES,9
TDSK,INDUSTRIALS,9
TEA FACTORY,NOT RELEVANT,9
TECHNICAL SYSTEMS,NOT RELEVANT,9
TECHNO-POLYMER,CONSUMER DISCRETIONARY,9
TECHNODOM,INDUSTRIALS,9
TECHNOEVOLAB,INDUSTRIALS,9
TECHNOFRESH,INDUSTRIALS,9
TECHNOGROUP,INDUSTRIALS,9
TECHNOIZOLYACIA,INDUSTRIALS,9
TECHNOKERAMIKA,INDUSTRIALS,9
TECHNOLACK,NOT RELEVANT,9
TECHNOLOGIA-SERVICE LIMITED LIABI,ENERGY,9
TECHNOLOGIE,INDUSTRIALS,9
TECHNOLOGIES,INDUSTRIALS,9
TECHNOLOGIES,INFORMATION TECHNOLOGY,18
TECHNOLOGIES OF TRUST - AUDIT,INDUSTRIALS,9
TECHNOLOGY COMPANY,MATERIALS,9
TECHNOLOGY OVERSEAS,ENERGY,9
TECHNONICOL-CONSTRUCTION,INDUSTRIALS,9
TECHNONIKOL,INDUSTRIALS,9
TECHNOPARK,INFORMATION TECHNOLOGY,9
TECHNOPRODUCT AVTOMOTIVE,CONSUMER DISCRETIONARY,9
TECHNOROS-AUTO,CONSUMER DISCRETIONARY,9
TECHNOSERV AS,NOT RELEVANT,9
TECHNOSERV' A/S,NOT RELEVANT,9
TECHNOSERVICE GROUP,NOT RELEVANT,9
TECHNOSPORT,NOT RELEVANT,9
TECHNOTORG,CONSUMER DISCRETIONARY,9
TECHNOTRADE,INDUSTRIALS,9
TECHPORTAVTOSERVICE,INDUSTRIALS,9
TECHPROMRESURS,INDUSTRIALS,9
TECHSERVICE- KHABAROVSK CO,INDUSTRIALS,9
TECNOPACK CE S R,CONSUMER STAPLES,9
TECSA,INDUSTRIALS,18
TECTUS.IT,INFORMATION TECHNOLOGY,9
TEGOLA ROOFING PRODUCTS,MATERIALS,9
TEGOLA ROOFING SALES,CONSUMER DISCRETIONARY,9
TEGRUS,INFORMATION TECHNOLOGY,9
TEHAZ,INDUSTRIALS,9
TEHENERGOMONTAZH,UTILITIES,9
TEHNOLOGII PERERABOTKI,CONSUMER STAPLES,9
TEHNOPARK TRAKTOROZAVODSKY,NOT RELEVANT,9
TEHNORESURS,INDUSTRIALS,9
TEHNOROS,INDUSTRIALS,9
TEHNOSNAB LOGISTIC,INDUSTRIALS,9
TEHNOTRANS,CONSUMER STAPLES,9
TEHPROMMETALL,NOT RELEVANT,9
TEHTREID,INDUSTRIALS,9
TEIKOVSKIY HBK,NOT RELEVANT,9
TEK,INDUSTRIALS,9
TEK EVROTRANS,NOT RELEVANT,9
TEK MERET,ENERGY,9
TEKAM,HEALTH CARE,9
TEKHAVTOTSENTR,INDUSTRIALS,9
TEKHCENTER AVTOMIR-SERVICE,CONSUMER DISCRETIONARY,9
TEKHGEOBUR,NOT RELEVANT,9
TEKHINFOSTROI,INFORMATION TECHNOLOGY,9
TEKHINNOVATSII,INDUSTRIALS,9
TEKHINSNAB,INDUSTRIALS,9
TEKHINVEST - M,MATERIALS,9
TEKHINVEX,INDUSTRIALS,9
TEKHINZHOIL,INDUSTRIALS,9
TEKHINZHPROM,INDUSTRIALS,9
TEKHKOMPLEKT,INDUSTRIALS,9
TEKHKOMPLEKT-ULYANOVSK,INDUSTRIALS,9
TEKHKONSUR,INFORMATION TECHNOLOGY,9
TEKHLAB,HEALTH CARE,9
TEKHMASH,INDUSTRIALS,9
TEKHMASHEYKSPORT,INDUSTRIALS,9
TEKHMET,INDUSTRIALS,18
TEKHNADZOR,INDUSTRIALS,9
TEKHNEKS,INDUSTRIALS,9
TEKHNIK,INDUSTRIALS,9
TEKHNIK MO,INDUSTRIALS,9
TEKHNIKA,CONSUMER DISCRETIONARY,9
TEKHNIKA DLYA BEZOPASNOSTI,INFORMATION TECHNOLOGY,9
TEKHNIKA-SERVIS,INDUSTRIALS,9
TEKHNO-PROFI,INDUSTRIALS,9
TEKHNOBUR,MATERIALS,9
TEKHNODOR,INDUSTRIALS,9
TEKHNODVOR,MATERIALS,9
TEKHNOFROST,INDUSTRIALS,9
TEKHNOGROUP,NOT RELEVANT,9
TEKHNOKOM,CONSUMER DISCRETIONARY,18
TEKHNOKOM,INDUSTRIALS,9
TEKHNOKOM,MATERIALS,9
TEKHNOKOM MBLG,MATERIALS,9
TEKHNOLAIN,CONSUMER DISCRETIONARY,9
TEKHNOLOGICHESKAYA KOMPANIYA SHLY,ENERGY,9
TEKHNOLOGII,CONSUMER STAPLES,9
TEKHNOLOGII,HEALTH CARE,18
TEKHNOLOGII,INDUSTRIALS,27
TEKHNOLOGII,INFORMATION TECHNOLOGY,9
TEKHNOLOGII KACHESTVA SIBIR,CONSUMER DISCRETIONARY,9
TEKHNOLOGII RETSIKLINGA,MATERIALS,9
TEKHNOLOGIYA,CONSUMER STAPLES,18
TEKHNOLOGIYA,INDUSTRIALS,9
TEKHNOMASHKOMPLEKT,CONSUMER DISCRETIONARY,9
TEKHNOMED,HEALTH CARE,18
TEKHNONIKOL-SIBIR,MATERIALS,9
TEKHNOPAK,CONSUMER STAPLES,9
TEKHNOPAK-FLEKS,MATERIALS,9
TEKHNOPAN,INDUSTRIALS,9
TEKHNOPARK,FINANCIALS,9
TEKHNOPARK INTERYR,CONSUMER DISCRETIONARY,9
TEKHNOPARK SEVER,MATERIALS,9
TEKHNOPARK-TSENTR,CONSUMER DISCRETIONARY,9
TEKHNOPRO,INDUSTRIALS,9
TEKHNOPROEKT,HEALTH CARE,9
TEKHNOPROEKT,INDUSTRIALS,9
TEKHNOPROM,INDUSTRIALS,18
TEKHNOROS,INDUSTRIALS,18
TEKHNOSILA,INDUSTRIALS,9
TEKHNOSNAB,INDUSTRIALS,9
TEKHNOSTIL,INDUSTRIALS,9
TEKHNOSTIL',INDUSTRIALS,9
TEKHNOSTIL' PREMIUM,INDUSTRIALS,9
TEKHNOSTROY,INDUSTRIALS,9
TEKHNOTORG,CONSUMER DISCRETIONARY,9
TEKHNOTRANS,CONSUMER STAPLES,9
TEKHNOTRANSSERVIS,INDUSTRIALS,9
TEKHNOTREID,INDUSTRIALS,9
TEKHNOTRON,ENERGY,9
TEKHNOVIZA,CONSUMER DISCRETIONARY,9
TEKHPOLIMER,NOT RELEVANT,9
TEKHPROM,INDUSTRIALS,9
TEKHPROMBIZNES,REAL ESTATE,9
TEKHPROMSINTEZ,MATERIALS,9
TEKHPROMSTROI,INDUSTRIALS,9
TEKHPROMTORG,INDUSTRIALS,9
TEKHRENT,INDUSTRIALS,9
TEKHSERVIS,INDUSTRIALS,9
TEKHSERVIS-BLAGOVESCHENSK,INDUSTRIALS,9
TEKHSTROI,INDUSTRIALS,18
TEKHSTROIKONTRAKT,INDUSTRIALS,9
TEKHTORG,CONSUMER STAPLES,9
TEKHTSENTR SEVER-AVTO,INDUSTRIALS,9
TEKO-SERVIS,INDUSTRIALS,9
TEKSA KHIMMASH,INDUSTRIALS,9
TEKSOPTPOSTAVKA,CONSUMER DISCRETIONARY,9
TEKSTEYL',CONSUMER DISCRETIONARY,9
TEKSTIL,CONSUMER DISCRETIONARY,9
TEKSTIL' TSENTR,CONSUMER DISCRETIONARY,9
TEKTUM,INDUSTRIALS,9
TELECOM,INFORMATION TECHNOLOGY,9
TELECOM SOLUTIONS,INFORMATION TECHNOLOGY,9
TELECOMINVEST HOLDINGS,COMMUNICATIONS,9
TELECONTACT,INDUSTRIALS,18
TELEFONICA EUROPE BV,COMMUNICATIONS,9
TELEKOM,COMMUNICATIONS,18
TELEKOM-BIRZHA,COMMUNICATIONS,18
TELEKOMPANIYA STRIM,CONSUMER DISCRETIONARY,9
TELEKOMTSENTR,INDUSTRIALS,9
TELEPNEVA ELENA VALER'EVNA,INDUSTRIALS,9
TELERA-FARMA,HEALTH CARE,9
TELS KARGO,INDUSTRIALS,9
TEMERSO,ENERGY,9
TEMERSO-INZHINIRING,ENERGY,9
TEMIR-TEKS,CONSUMER DISCRETIONARY,9
TEMP LIMITED LIABILITY,NOT RELEVANT,9
TEMPO,INDUSTRIALS,9
TEMPTORG,REAL ESTATE,9
TEMRYUKMORTRANS,INDUSTRIALS,9
TEMRYUKSKOE,INDUSTRIALS,9
TEN,FINANCIALS,9
TEN,NOT RELEVANT,9
TENET LIMITED BRANCH OFFICE,INDUSTRIALS,9
TENSOGRAPH,MATERIALS,9
TENTORIUM,CONSUMER STAPLES,18
TENZO-M,INFORMATION TECHNOLOGY,9
TENZOR ELECTRONIC INSTRUMENT,NOT RELEVANT,9
TEO LOGISTIK OBSHCHESTVO S OGRANICH,INDUSTRIALS,9
TEOHIM-PROM,MATERIALS,9
TEORA,CONSUMER STAPLES,9
TEPLOCENTR COMPANY,NOT RELEVANT,9
TEPLOENERGETICHESKOE PREDPRIYATIE,UTILITIES,9
TEPLOEYNERGO,UTILITIES,27
TEPLOKHIM,ENERGY,9
TEPLOKONTROL,INDUSTRIALS,9
TEPLOKROVLYA,INDUSTRIALS,9
TEPLOLYUKS-TYUMEN,INDUSTRIALS,9
TEPLOPRIBOR,INDUSTRIALS,9
TEPLOPRIBOR-SENSOR,INFORMATION TECHNOLOGY,9
TEPLOSET,CONSUMER DISCRETIONARY,9
TEPLOSFERA,INDUSTRIALS,9
TEPLOSTROI,MATERIALS,9
TEPLOVIK,UTILITIES,9
TEPLYAKOVA EVGENIYA YUR'EVNA,CONSUMER DISCRETIONARY,9
TERAPIYA KRASOTY OBSHCHESTVO,HEALTH CARE,9
TEREK,CONSUMER STAPLES,9
TEREMOK,CONSUMER DISCRETIONARY,18
TEREMOK-INVEST,CONSUMER DISCRETIONARY,9
TEREMOK-REGION,CONSUMER DISCRETIONARY,9
TEREMOK-RUSSKIE BLINY OBSHCHESTVO,CONSUMER DISCRETIONARY,9
TEREMOK-STRIT,CONSUMER DISCRETIONARY,9
TEREZA,CONSUMER STAPLES,9
TERIKA,MATERIALS,9
TERKOL,CONSUMER STAPLES,9
TERMAL,NOT RELEVANT,9
TERMINAL,FINANCIALS,9
TERMINAL,INDUSTRIALS,9
TERMINAL SAINT-PETERSBURG,INDUSTRIALS,9
TERMINAL TOGLIATTY,MATERIALS,9
TERMINAL-KNIGA,COMMUNICATIONS,9
TERMINAL-LYS'VA,MATERIALS,9
TERMINAL-TSENTR,INDUSTRIALS,9
TERMOKUL,INDUSTRIALS,9
TERMOMEKHANIKA,MATERIALS,9
TERMOSTEPS CHSU,INDUSTRIALS,9
TERMOSTROY,INDUSTRIALS,9
TERMOTRON,INDUSTRIALS,9
TERMOTRON-ZAVOD,INDUSTRIALS,18
TERRA,CONSUMER DISCRETIONARY,18
TERRA,CONSUMER STAPLES,9
TERRA MASTER,MATERIALS,9
TERRA-7,CONSUMER DISCRETIONARY,9
TERRA-AVTO,NOT RELEVANT,9
TERRACO INDUSTRY,MATERIALS,9
TERRAKO VOSTOK,MATERIALS,9
TERRALYUKS,CONSUMER DISCRETIONARY,9
TERRAMED,HEALTH CARE,9
TERRITORIYA ABRAU-DYURSO,REAL ESTATE,9
TERRITORY,INDUSTRIALS,9
TES,INDUSTRIALS,9
TESEI,CONSUMER STAPLES,9
TESEY Company,INDUSTRIALS,9
TESKAN,INDUSTRIALS,9
TESLI,INDUSTRIALS,9
TEST,INDUSTRIALS,9
TESTRON ASSOCIATION J.-S.,INDUSTRIALS,9
TETLIS,MATERIALS,9
TETRASTROIKOMI,INDUSTRIALS,9
TETRIS-KALININGRAD,CONSUMER STAPLES,9
TETTA,INDUSTRIALS,9
TEVA,HEALTH CARE,9
TEXHA,INDUSTRIALS,9
TEXMAX,INDUSTRIALS,9
TEXSTILIT GROUP,CONSUMER DISCRETIONARY,9
TEXTILE,CONSUMER DISCRETIONARY,9
TEXTILE TRADING COMPANY,INDUSTRIALS,9
TEYF KTS,INDUSTRIALS,9
TEYK URAL OOO TRANSPORTNAYA E,INDUSTRIALS,9
TEYNKARD S,CONSUMER STAPLES,9
TF VATT,UTILITIES,9
TFD BROK-INVEST-SERVIS I K,MATERIALS,9
TFF,HEALTH CARE,9
TFK,INDUSTRIALS,9
TFK AVTOTEKHIMPORT,NOT RELEVANT,9
TFK FENIKS,CONSUMER DISCRETIONARY,9
TFK GLOBO,CONSUMER STAPLES,9
TFS Group,CONSUMER STAPLES,9
TFZ,MATERIALS,9
TG DIRIZHABL,NOT RELEVANT,9
TG GLOBAL PET,HEALTH CARE,9
TGC-1,NOT RELEVANT,9
TGK 1,UTILITIES,9
TGK-11,UTILITIES,9
TGK-14,UTILITIES,9
TGK-16,UTILITIES,9
TGKOM,UTILITIES,9
TGS,INDUSTRIALS,9
TGSM,INDUSTRIALS,9
TGT,INDUSTRIALS,9
TH,CONSUMER STAPLES,9
TH,MATERIALS,9
TH AGROCULTURA-ST,CONSUMER STAPLES,9
TH ANKOR,NOT RELEVANT,9
TH Askona,CONSUMER DISCRETIONARY,9
TH BILITE,CONSUMER DISCRETIONARY,9
TH CHEMPACK,MATERIALS,9
TH GRASS,CONSUMER STAPLES,9
TH Krasnyj Yakor,INDUSTRIALS,9
TH METEOR THERMAL TECHNIC,NOT RELEVANT,9
TH PROTON-ELECTROTEX,INDUSTRIALS,9
TH QTECH,INFORMATION TECHNOLOGY,9
TH SANDER,CONSUMER STAPLES,9
THE JOINT VENTURE BEL-POL CO,CONSUMER DISCRETIONARY,9
THE JOINT-STOCK COMPANY AVRORA,NOT RELEVANT,9
THE MELODY OF HEALTH,CONSUMER STAPLES,9
THO,CONSUMER STAPLES,9
THRANE TEKNIKK,INDUSTRIALS,9
THYSSENKRUPP MATERIALS,NOT RELEVANT,9
TICKANE,INDUSTRIALS,9
TIK,INFORMATION TECHNOLOGY,9
TIKHI DON,CONSUMER STAPLES,9
TIKHII DON,CONSUMER STAPLES,9
TIKHOOKEANSKII TERMINAL LIMITED,ENERGY,9
TIKKIVALA,MATERIALS,9
TIKO-PLASTIC,NOT RELEVANT,9
TIKVA CLUB,CONSUMER DISCRETIONARY,9
TIM,CONSUMER DISCRETIONARY,9
TIM OBSHCHESTVO S,INDUSTRIALS,9
TIM PRO,INDUSTRIALS,9
TIMAN-PECHORA EXPLORATION CJS,NOT RELEVANT,9
TIMBER GROUP,NOT RELEVANT,9
TIMBERMASH BAIKAL,INDUSTRIALS,9
TIMBERMASH BAYKAL,INDUSTRIALS,9
TIMER,INDUSTRIALS,9
TIMER-T,INDUSTRIALS,9
TIMER-TEKHNIKA,INDUSTRIALS,9
TIMEWEB,INFORMATION TECHNOLOGY,9
TIMEWEB.CLOUD LLC.,INFORMATION TECHNOLOGY,9
TIMLUYCEMENT,MATERIALS,9
TIMOSHA,CONSUMER STAPLES,9
TION,INDUSTRIALS,9
TIPOGRAFIYA INDUSTRIYA TSVETA,MATERIALS,9
TIPOGRAFIYA ROST,INDUSTRIALS,9
TIRII,CONSUMER STAPLES,9
TIRS,INFORMATION TECHNOLOGY,9
TIS,INDUSTRIALS,9
TIS Group Ltd Co.,INDUSTRIALS,9
TISIAI,INDUSTRIALS,9
TITAN,MATERIALS,27
TITAN DEVELOPMENT,FINANCIALS,9
TITORM INVESTMENTS,NOT RELEVANT,9
TIUNOVA MARIYA NIKOLAEVNA,CONSUMER DISCRETIONARY,9
TK,CONSUMER STAPLES,9
TK ALTAI,CONSUMER STAPLES,9
TK AZIMUT,HEALTH CARE,9
TK BAZIS PROM,INDUSTRIALS,9
TK FLOR,INDUSTRIALS,9
TK IMPERIAL,MATERIALS,9
TK KAN TERRIYA,CONSUMER STAPLES,9
TK KRAYS-TORG,CONSUMER STAPLES,9
TK LAKONIYA,CONSUMER STAPLES,9
TK LEYND,CONSUMER STAPLES,9
TK ORDA,INDUSTRIALS,9
TK SOTA LOGISTIC,INDUSTRIALS,9
TK SPETSTORG,CONSUMER DISCRETIONARY,9
TK TEL TSENTR,COMMUNICATIONS,9
TK YARVET,HEALTH CARE,9
TK-PERVOMAISKII,CONSUMER STAPLES,9
TKACHEVA ANNA ALEKSANDROVNA,CONSUMER DISCRETIONARY,9
TKC GAZ ATO,CONSUMER DISCRETIONARY,9
TKE TRANS,MATERIALS,9
TKF,CONSUMER DISCRETIONARY,9
TKHM-INVEST,CONSUMER DISCRETIONARY,9
TKP,INDUSTRIALS,9
TKPP,CONSUMER STAPLES,9
TKZ,INDUSTRIALS,18
TL RUS,INDUSTRIALS,9
TLC SELTERA,MATERIALS,9
TLD EYKSPO,MATERIALS,9
TLK KREKSHINO,MATERIALS,9
TLK SOKOL,ENERGY,9
TLK VL,INDUSTRIALS,9
TLKT,INDUSTRIALS,9
TLT-YUG,INDUSTRIALS,9
TM,CONSUMER DISCRETIONARY,9
TM,INDUSTRIALS,9
TM INVEST,INDUSTRIALS,9
TMA MARKETING SERVICES,COMMUNICATIONS,9
TMC,INDUSTRIALS,9
TMH-ENERGY SOLUTIONS,INDUSTRIALS,9
TMK,CONSUMER DISCRETIONARY,9
TMK,CONSUMER STAPLES,9
TMK,MATERIALS,18
TMK OPTTORG,CONSUMER DISCRETIONARY,9
TMM,CONSUMER DISCRETIONARY,9
TMP,INDUSTRIALS,9
TMR,CONSUMER DISCRETIONARY,9
TMS GRUPP UK,ENERGY,9
TMZ,INDUSTRIALS,18
TMZ,NOT RELEVANT,9
TN STANDARTPARK,MATERIALS,9
TN-ALABUGA,INDUSTRIALS,9
TN-Plastics,INDUSTRIALS,9
TNG,ENERGY,9
TNG,INDUSTRIALS,9
TNG-Group,ENERGY,9
TNK,INDUSTRIALS,18
TNK LUBRICANTS,NOT RELEVANT,9
TNP,ENERGY,9
TNS ENERGO NN,UTILITIES,9
TNS MARKETINGOVYI INFORMATSIONNYI,NOT RELEVANT,9
TNS-EYLEKTRO,INDUSTRIALS,9
TNT EXPRESS WORLDWIDE (CIS),INDUSTRIALS,9
TOAZ,NOT RELEVANT,9
TOBOL,INDUSTRIALS,9
TOBOL'SKOE PATP,INDUSTRIALS,9
TOCHINVEST,INDUSTRIALS,18
TOCHNOGO LIT'YA,INDUSTRIALS,9
TOCHNYY,INDUSTRIALS,9
TODEYP,INDUSTRIALS,9
TOIMIKS,CONSUMER DISCRETIONARY,9
TOIOTA BOSHOKU,CONSUMER DISCRETIONARY,9
TOKAREVSKAYA PTITSEFABRIKA,CONSUMER STAPLES,9
TOL'YATTINSKII TRUBOPROFIL'NYI,MATERIALS,9
TOLEDO,INDUSTRIALS,27
TOLERANT,CONSUMER STAPLES,9
TOLKAISKII,CONSUMER STAPLES,9
TOLYATTI,INDUSTRIALS,9
TOLYATTI BORKOVSKAYA TSENTR,FINANCIALS,9
TOM TAILOR RUS,CONSUMER DISCRETIONARY,9
TOM-DOM,FINANCIALS,9
TOMAG,MATERIALS,9
TOMINSKIY,MATERIALS,9
TOMLESDREV,MATERIALS,9
TOMLOFER,CONSUMER DISCRETIONARY,9
TOMPRODTORG,CONSUMER STAPLES,9
TOMSK,CONSUMER DISCRETIONARY,9
TOMSK,UTILITIES,9
TOMSK DISTRIBUTION COMPANY JOINT-,UTILITIES,9
TOMSKAYA DOMOSTROITELNAYA KOMPANI,REAL ESTATE,9
TOMSKAYA EYLEKTRONNAYA,INDUSTRIALS,9
TOMSKAYA PROIZVODSTVENNAYA KOMPAN,CONSUMER STAPLES,9
TOMSKBURNEFTEGAZ,ENERGY,9
TOMSKGAZPROM,ENERGY,9
TOMSKIE APTEKI,CONSUMER STAPLES,9
TOMSKII KABEL'NYI,INDUSTRIALS,9
TOMSKKABEL',INDUSTRIALS,9
TOMSKPRODTORG OBSHCHESTVO S,CONSUMER STAPLES,9
TOMSKRTS JSK,UTILITIES,9
TOMSKSKAN,INDUSTRIALS,9
TOMSKTRANSAVTO,ENERGY,9
TOMSKVODOKANAL,UTILITIES,9
TOMTREID,MATERIALS,9
TON-AUTO,CONSUMER DISCRETIONARY,9
TON-AVTO,CONSUMER DISCRETIONARY,9
TONAP-PLYUS,CONSUMER DISCRETIONARY,9
TONUTTI-VOLGARY LIMITED,INDUSTRIALS,9
TOO TSEMEK AZIYA,INDUSTRIALS,9
TOP,INFORMATION TECHNOLOGY,18
"TOP WINE,",CONSUMER STAPLES,9
TOP-Service,INDUSTRIALS,18
TOPAZ,CONSUMER DISCRETIONARY,9
TOPAZ KOSTROMSKAYA JEWELLERY FABR,CONSUMER DISCRETIONARY,9
TOPAZ-SERVIS,INFORMATION TECHNOLOGY,9
TOPFRAME,INDUSTRIALS,9
TOPFUD,CONSUMER STAPLES,9
TOPIGS SIAIEYS,CONSUMER STAPLES,9
TOPKINSKY CEMENT,MATERIALS,9
TOPLIVNYE,ENERGY,9
TOPLIVNYE SISTEMY,ENERGY,9
TOPLIVNYE SISTEMY,NOT RELEVANT,9
TOPLIVNYE TEKHNOLOGII,ENERGY,9
TOPLIVO ZAPRAVOCHNAYA KOMPANIYA,INDUSTRIALS,9
TOPOL-ECO,INDUSTRIALS,9
TOPOL-EYKO,CONSUMER DISCRETIONARY,9
TOPOL-EYKO GALVANIKA,MATERIALS,9
TOPPROM,MATERIALS,9
TOPS BUSINESS INTEGRATOR,INFORMATION TECHNOLOGY,9
TORES,CONSUMER STAPLES,9
TOREYKS,INDUSTRIALS,9
TORG,CONSUMER DISCRETIONARY,9
TORGAKTIV,CONSUMER STAPLES,9
TORGOVAYA,CONSUMER STAPLES,18
TORGOVAYA GRUPPA GLOBAL-VET,HEALTH CARE,9
TORGOVAYA KOMPANIYA,CONSUMER STAPLES,9
TORGOVAYA KOMPANIYA EVROPA,INDUSTRIALS,9
TORGOVAYA KOMPANIYA RUSSKOE STEKL,MATERIALS,9
TORGOVAYA SET ANIKS,NOT RELEVANT,9
TORGOVIJ DOM INEY,CONSUMER STAPLES,9
TORGOVIY CENTER,FINANCIALS,9
TORGOVIY CENTER EUROPA,CONSUMER DISCRETIONARY,9
TORGOVIY DOM,CONSUMER DISCRETIONARY,9
TORGOVIY DOM ADL,INDUSTRIALS,9
TORGOVIY PUT YUVELIRNAYA KOMPANIY,NOT RELEVANT,9
TORGOVLYA S/H PRODUKTSIEY,CONSUMER STAPLES,9
TORGOVO-PROIZVODSTVENNAYA KOMPANI,CONSUMER STAPLES,9
TORGOVO-PROIZVODSTVENNOE PREDPRIY,CONSUMER STAPLES,9
TORGOVO-PROMYSHLENNAYA,CONSUMER STAPLES,9
TORGOVO-STROITELNAYA KOMPANIYA,NOT RELEVANT,9
TORGOVO-TRANSPORTNAYA KOMPANIYA U,INDUSTRIALS,9
TORGOVO-VISTAVOCHNIY TZENTR,NOT RELEVANT,9
TORGOVY DOM ALEKSANDRISKOE,CONSUMER STAPLES,9
TORGOVY DOM CITRON,CONSUMER DISCRETIONARY,9
TORGOVY DOM SKK,INDUSTRIALS,9
TORGOVY DOM YARMARKA,CONSUMER STAPLES,9
TORGOVY DVOR,REAL ESTATE,9
TORGOVYI DOM AVTOMOLL,REAL ESTATE,9
TORGOVYI DOM BF,HEALTH CARE,9
TORGOVYI DOM EYKSMO,COMMUNICATIONS,9
TORGOVYI DOM GEKSA,NOT RELEVANT,9
TORGOVYI DOM GORIZONT,CONSUMER DISCRETIONARY,9
TORGOVYI DOM PRAIM,ENERGY,9
TORGOVYI DOM UT,ENERGY,9
TORGOVYI DOM VLADEYLEKTROKABE,INDUSTRIALS,9
TORGOVYI TSENTR V142,INDUSTRIALS,9
TORGOVYJ DOM GEKSA-SIBIR,NOT RELEVANT,9
TORGOVYY DOM SEVERSKIY GRANITNYY,INDUSTRIALS,9
TORGPRODSYSTEM,NOT RELEVANT,9
TORGSIN-2005,NOT RELEVANT,9
TORGTEKHNIKA,MATERIALS,9
TORGVITA,HEALTH CARE,9
TORIUS,MATERIALS,9
TOROKHOV ALEKSANDR NIKOLAEVICH,INDUSTRIALS,9
TOSAF RUS,MATERIALS,9
TOSKO,CONSUMER DISCRETIONARY,9
TOSNENSKY MIXED FEED FACTORY,CONSUMER STAPLES,9
TOURBOOKING,CONSUMER DISCRETIONARY,9
"TOURISM,MARKETING INTELLIGENCE LIMI",CONSUMER DISCRETIONARY,9
TOURMAGAZIN,CONSUMER DISCRETIONARY,9
TOUROPERATOR CORAL TRAVEL CEN,CONSUMER DISCRETIONARY,9
TOVARI DLYA DOMA,CONSUMER STAPLES,9
TOVARNOE KHOZYAISTVO,CONSUMER STAPLES,9
TOWERSLLC,INDUSTRIALS,9
TOYCO-D,CONSUMER DISCRETIONARY,9
TOYLAND,CONSUMER DISCRETIONARY,9
TOYMA,INDUSTRIALS,9
TOZMA-MOTORS LIMITED LIABILITY,CONSUMER DISCRETIONARY,9
TP KHL,CONSUMER STAPLES,9
TP RITUS,INDUSTRIALS,9
TPA,INDUSTRIALS,18
TPCH-LOGISTIK,INDUSTRIALS,9
TPF,CONSUMER STAPLES,9
TPF PROMOIL,INDUSTRIALS,9
TPG KUNTSEVO,NOT RELEVANT,9
TPG TAIPIT,INDUSTRIALS,9
TPK,CONSUMER STAPLES,9
TPK,MATERIALS,9
TPK BALTPTITSEPROM,CONSUMER STAPLES,9
TPK Beltimpex,MATERIALS,9
TPK EVRONOMER,CONSUMER DISCRETIONARY,9
TPK NOVATOR,ENERGY,9
TPK VILON,CONSUMER STAPLES,9
TPK YUMKOM,CONSUMER DISCRETIONARY,9
TPMET,NOT RELEVANT,9
TPNK,MATERIALS,9
TPP ROSKONDITER,CONSUMER STAPLES,9
TR-Project,COMMUNICATIONS,9
TRACTEL RUSSIA,INDUSTRIALS,9
TRADE,INDUSTRIALS,9
TRADE,NOT RELEVANT,18
TRADE CO.,INDUSTRIALS,9
TRADE HOUSE,CONSUMER DISCRETIONARY,9
TRADE HOUSE,ENERGY,9
TRADE HOUSE AROMA,CONSUMER STAPLES,9
TRADE HOUSE MEAT STORE,CONSUMER STAPLES,9
TRADE HOUSE PHARM-CENTR,HEALTH CARE,9
TRADE TD,NOT RELEVANT,9
TRADECON,CONSUMER DISCRETIONARY,9
TRADICIA,INDUSTRIALS,9
TRADING,MATERIALS,9
TRADING A/S,CONSUMER STAPLES,9
TRADING AG REPRESENTATIVE OF,MATERIALS,9
TRADING COMPANY ARTLIFE,HEALTH CARE,9
TRADING COMPANY EVRAZHOLDING,MATERIALS,9
TRADING HOUSE,CONSUMER STAPLES,9
TRADING HOUSE,MATERIALS,9
TRADING HOUSE AVANGARD,NOT RELEVANT,9
TRADING HOUSE EDELWEISS,INDUSTRIALS,9
TRADING HOUSE FEREKS,INDUSTRIALS,9
TRADING HOUSE GULLIVER AND,CONSUMER DISCRETIONARY,9
TRADITSII VKUSA,CONSUMER STAPLES,9
TRADITSIYA,CONSUMER STAPLES,9
TRAEKTORIYA - SERVIS,ENERGY,9
TRAEKTORIYA-SERVIS,ENERGY,9
TRAFI,INDUSTRIALS,9
TRAFO,INDUSTRIALS,9
TRAINING,INDUSTRIALS,9
TRAJECTORY,CONSUMER DISCRETIONARY,9
TRAK-SERVIS TSENTR,MATERIALS,9
TRAKRESURS,INDUSTRIALS,9
TRAKRESURS-REGION,INDUSTRIALS,9
TRAKT,NOT RELEVANT,9
TRAKTORISTY,INDUSTRIALS,9
TRAKTOROCENTR,INDUSTRIALS,9
TRAKTOROZAVODSKIY,NOT RELEVANT,9
TRANKO,INDUSTRIALS,9
TRANPAK,CONSUMER DISCRETIONARY,9
TRANS,INDUSTRIALS,18
TRANS-SEAL,NOT RELEVANT,9
TRANS-SERVICE,NOT RELEVANT,9
TRANS-SHINA,CONSUMER DISCRETIONARY,18
TRANS-STROI,MATERIALS,9
TRANS-STROI-AL'YANS,INDUSTRIALS,9
TRANSAS,INFORMATION TECHNOLOGY,9
TRANSATLANTIC INTERNATIONAL,CONSUMER STAPLES,9
TRANSAVANGARD,CONSUMER DISCRETIONARY,9
TRANSAVTO,CONSUMER STAPLES,9
TRANSAVTOLIZ,NOT RELEVANT,9
TRANSAZS,NOT RELEVANT,9
TRANSAZS-BALASHIKHA,NOT RELEVANT,9
TRANSBALT,INDUSTRIALS,18
TRANSBUNKER,INDUSTRIALS,9
TRANSBUNKER TRAIDING,ENERGY,9
TRANSBUNKER-VANINO,INDUSTRIALS,9
TRANSCHEM,INDUSTRIALS,9
TRANSCOAL,INDUSTRIALS,9
TRANSCONTAINER,INDUSTRIALS,9
TRANSERVIS,REAL ESTATE,18
TRANSGARANT,INDUSTRIALS,9
TRANSGARANT-VOSTOK,NOT RELEVANT,9
TRANSGRUPP,CONSUMER STAPLES,18
TRANSGRUZ,INDUSTRIALS,9
TRANSHOLDLEASING,NOT RELEVANT,9
TRANSIM LOGISTIK,INDUSTRIALS,9
TRANSIMPERIAL AK,INDUSTRIALS,9
TRANSINTERSERVIS-SPB,INDUSTRIALS,9
TRANSIT KARGO TRANS,NOT RELEVANT,9
TRANSKHOLDING,INDUSTRIALS,9
TRANSKHOLOD,INDUSTRIALS,9
TRANSKHOLOD DISTRIB'YUSHN,INDUSTRIALS,9
TRANSKOM,CONSUMER DISCRETIONARY,9
TRANSKUZMASH,INDUSTRIALS,9
TRANSLACK,CONSUMER DISCRETIONARY,9
TRANSLEASING,INDUSTRIALS,9
TRANSLES,INDUSTRIALS,9
TRANSLIZINGSERVIS,NOT RELEVANT,9
TRANSLOCATION,INDUSTRIALS,9
TRANSMAGISTRAL',INDUSTRIALS,9
TRANSMASH,INDUSTRIALS,18
TRANSMASHEYLEKTRO,INDUSTRIALS,9
TRANSMASHHOLDING,INDUSTRIALS,9
TRANSMED,HEALTH CARE,9
TRANSMEKHSERVIS,INDUSTRIALS,9
TRANSMET,NOT RELEVANT,9
TRANSMETALL,CONSUMER DISCRETIONARY,9
TRANSMETALL,MATERIALS,9
TRANSMETCOKE,MATERIALS,9
TRANSNEFT,ENERGY,9
TRANSNEFT'-TERMINAL,ENERGY,9
TRANSNEFT- DRUZHBA,ENERGY,9
TRANSNEFT-SERVICE,ENERGY,9
TRANSNEFTENERGO,ENERGY,9
TRANSNEFTEPRODUCT JOINT-STOCK CO,NOT RELEVANT,9
TRANSPARK,CONSUMER DISCRETIONARY,9
TRANSPORT 21,INDUSTRIALS,9
TRANSPORT DIZAIN,INDUSTRIALS,9
TRANSPORT SYSTEMS,CONSUMER STAPLES,9
TRANSPORT UDMURTII,CONSUMER DISCRETIONARY,9
TRANSPORT-LOGISTICS COMPANY,NOT RELEVANT,9
TRANSPORT-SERVICE,NOT RELEVANT,9
TRANSPORTNAYA DIREKTSIYA NPO AZOT,MATERIALS,9
TRANSPORTNO-EKSPEDITSIONNAYA,INDUSTRIALS,9
TRANSPORTNO-LOGISTICHESKII,INDUSTRIALS,9
TRANSPORTNYE,INDUSTRIALS,9
TRANSSERVICE Custom,HEALTH CARE,9
TRANSSERVIS,ENERGY,18
TRANSSERVIS,INDUSTRIALS,9
TRANSSIBMETALL,INDUSTRIALS,9
TRANSSIGMA,CONSUMER STAPLES,9
TRANSSINTEZ,NOT RELEVANT,9
TRANSSPETSSERVIS OBSHCHESTVO S OG,NOT RELEVANT,9
TRANSSTROI,INDUSTRIALS,9
TRANSSTROIMEKHANIZATSIYA,INDUSTRIALS,9
TRANSSTROY,INDUSTRIALS,9
TRANSSTROY CORPORATION,NOT RELEVANT,9
TRANSSTROY-1,INDUSTRIALS,9
TRANSSVYAZ',CONSUMER DISCRETIONARY,9
TRANSTEKH,INDUSTRIALS,9
TRANSTEKHSERVIS,CONSUMER DISCRETIONARY,9
TRANSTERRA LOGISTICS,NOT RELEVANT,9
TRANSTORGMARKET,HEALTH CARE,9
TRANSTROI,INDUSTRIALS,9
TRANSUGOL,ENERGY,9
TRANSUMED,INDUSTRIALS,18
TRANSUSLUGA,ENERGY,9
TRANZIT,CONSUMER DISCRETIONARY,18
TRANZIT-OIL,CONSUMER DISCRETIONARY,9
TRANZIT-SERVIS,NOT RELEVANT,9
TRANZITSITI,CONSUMER DISCRETIONARY,9
TRAPEZA,CONSUMER STAPLES,9
TRAPEZA,NOT RELEVANT,9
TRASKO,INDUSTRIALS,9
TRASKUNOV ALEKSANDR VADIMOVICH,REAL ESTATE,9
TRASSIR,INDUSTRIALS,9
TRAST,ENERGY,9
TRAST,INFORMATION TECHNOLOGY,9
TRAST-OYL,INDUSTRIALS,9
TRAVEL RETAIL DOMODEDOVO,INDUSTRIALS,9
TRAVELATA,CONSUMER DISCRETIONARY,9
TRDM,INDUSTRIALS,9
TREDIS,HEALTH CARE,9
TREDYFARM,HEALTH CARE,9
TREID,CONSUMER DISCRETIONARY,9
TREID,CONSUMER STAPLES,54
TREID,INDUSTRIALS,9
TREID,MATERIALS,9
TREID INZHINIRING,ENERGY,9
TREID ONLAIN,INFORMATION TECHNOLOGY,9
TREID SMAZOCHNYE MATERIALY,INDUSTRIALS,9
TREID-KRONA,CONSUMER DISCRETIONARY,9
TREID-OIL,ENERGY,9
TREIDAGRO,CONSUMER STAPLES,9
TREIDINTER,HEALTH CARE,9
TREIDYUNITEY,CONSUMER STAPLES,9
TREK,CONSUMER DISCRETIONARY,9
TREKHGORNAYA MANUFAKTURA,REAL ESTATE,9
TREM,ENERGY,9
TREND,CONSUMER STAPLES,9
TRENDFARM,HEALTH CARE,9
TRENTOR,INDUSTRIALS,9
TREOLAN,INFORMATION TECHNOLOGY,9
TREST,INDUSTRIALS,9
TREST MAGNITOSTROY,FINANCIALS,9
TREST VOLGASETSTROI,UTILITIES,9
TRETII PARK,INDUSTRIALS,9
TRI KUPTSA,CONSUMER STAPLES,9
TRI SEMERKI 777,NOT RELEVANT,9
TRIADA-KHOLDING CO.LTD,INDUSTRIALS,9
TRIANGLE,CONSUMER DISCRETIONARY,9
TRIANON-SERVICE,CONSUMER STAPLES,9
TRICOLOR-DOMODEDOVO,REAL ESTATE,9
TRIDELTA HOLDINGS,MATERIALS,9
TRIDEVYATOE TSARSTVO,CONSUMER DISCRETIONARY,9
TRIGON,CONSUMER STAPLES,9
TRIGORSKOE,CONSUMER STAPLES,9
TRIKOTAZHNAYA FABRIKA,CONSUMER DISCRETIONARY,9
TRINITI,CONSUMER STAPLES,9
TRIO,CONSUMER STAPLES,18
TRIO,REAL ESTATE,9
TRIOL,CONSUMER DISCRETIONARY,18
TRIOL,HEALTH CARE,9
TRIR COMPANY,ENERGY,9
TRITON,CONSUMER DISCRETIONARY,9
TRITON ELECTRONIC SYSTEMS,HEALTH CARE,9
TRITON TREID,ENERGY,9
TRIUMF,CONSUMER DISCRETIONARY,18
TRIUMF,CONSUMER STAPLES,18
TRIUMF AGUNOVA,CONSUMER STAPLES,9
TRIUMF PLAZA,CONSUMER STAPLES,9
TRIUMPH,COMMUNICATIONS,9
TRIVON NETWORKS,COMMUNICATIONS,9
TROITSKOE,CONSUMER STAPLES,9
TROL AUTO,MATERIALS,9
TROL-AVTO,MATERIALS,9
TROSHIN YURII ALEKSANDROVICH,CONSUMER STAPLES,9
TROSHKIN BORIS YURIEVICH,FINANCIALS,9
TROTON RUS,INDUSTRIALS,9
TRUBODETAL,MATERIALS,9
TRUBOPROVOD,INDUSTRIALS,9
TRUCKMOTORS,CONSUMER DISCRETIONARY,9
TRUCKPLAN,INDUSTRIALS,9
TRUD,CONSUMER STAPLES,9
TRUD,INDUSTRIALS,18
TRUDARENDA,INDUSTRIALS,9
TRYREEFER SHIPPING,INDUSTRIALS,9
TS AVTOSHINA,CONSUMER DISCRETIONARY,9
TS-SERVIS,INDUSTRIALS,9
TSA,INDUSTRIALS,9
TSAB,NOT RELEVANT,9
TSATR - Audit Services,INDUSTRIALS,9
TSB Sever,CONSUMER STAPLES,9
TSBK-INVEST,MATERIALS,9
TSC,NOT RELEVANT,9
TSC INTERSY,MATERIALS,9
TSEFEI,CONSUMER DISCRETIONARY,9
TSEMENT,MATERIALS,9
TSEMENTNO-BETONNYE IZDELIYA,INDUSTRIALS,9
TSEMKOM,MATERIALS,9
TSEMTREID,INDUSTRIALS,9
TSENTAVRA,INDUSTRIALS,9
TSENTR,CONSUMER DISCRETIONARY,9
TSENTR,HEALTH CARE,9
TSENTR,NOT RELEVANT,9
TSENTR DIS,ENERGY,9
TSENTR LOTOS,HEALTH CARE,9
TSENTR NA MOSKOVSKOM,CONSUMER DISCRETIONARY,9
TSENTR PIASTRELLA,INDUSTRIALS,9
TSENTR PODRYADOV,INDUSTRIALS,9
TSENTR POLIKLINIKA.R,HEALTH CARE,9
TSENTR RAZVITIYA EKONOMIKI OTKRYT,INFORMATION TECHNOLOGY,9
TSENTR S,CONSUMER STAPLES,9
TSENTR TOMSKOGO ZAV,CONSUMER DISCRETIONARY,9
TSENTR TSEMENTIROVANIYA SKVAZ,ENERGY,9
TSENTR TVORCHESKIKH,NOT RELEVANT,9
TSENTR-M,FINANCIALS,9
TSENTRAL'NAYA KRUPYANAYA,CONSUMER STAPLES,9
TSENTRAL'NYI SKLAD,ENERGY,9
TSENTRDORSTROI,INDUSTRIALS,9
TSENTREYKSIM,INDUSTRIALS,9
TSENTREYNERGOPRIBOR,INDUSTRIALS,9
TSENTRGAZSERVIS,ENERGY,9
TSENTRINVEST,CONSUMER DISCRETIONARY,9
TSENTRMETALLSNAB,MATERIALS,9
TSENTROFARMA,HEALTH CARE,9
TSENTROTEKH,ENERGY,9
TSENTRRITEILGRUPP,CONSUMER STAPLES,9
TSENTRTEKHFORM,INDUSTRIALS,9
TSEZAR SATELLIT SISTEMY BEZOPASNOST,INDUSTRIALS,9
TSI,MATERIALS,9
TSIEYR EYMBRILAIF,HEALTH CARE,9
TSIMLYANSKII AKTSIONERNOE,CONSUMER STAPLES,9
TSK,INDUSTRIALS,9
TSK,UTILITIES,9
TSM,INDUSTRIALS,9
TSM CASE,INDUSTRIALS,9
TSMOIP,HEALTH CARE,9
TSMT,HEALTH CARE,18
TSN-EYLEKTRO,INDUSTRIALS,18
TSOM MOST-1,MATERIALS,9
TSPT,CONSUMER DISCRETIONARY,9
TSRM,CONSUMER DISCRETIONARY,9
TSS,ENERGY,9
TSS,INDUSTRIALS,9
TSSO,CONSUMER DISCRETIONARY,9
TST,CONSUMER STAPLES,9
TST,INDUSTRIALS,9
TST TRANSSERVIS,NOT RELEVANT,9
TSTA,MATERIALS,9
TSTK,INDUSTRIALS,9
TSTK,MATERIALS,9
TSTO,INDUSTRIALS,9
TSTP BELAZ-SPETSMASH,INDUSTRIALS,9
TSTS,INDUSTRIALS,9
TSUM,CONSUMER DISCRETIONARY,9
TSUM TH,CONSUMER DISCRETIONARY,9
TSUP,ENERGY,9
TSUP,INDUSTRIALS,9
TSVS,INDUSTRIALS,9
TSYGANOVA SVETLANA ALEKSEEVNA,CONSUMER DISCRETIONARY,9
TSYPKIN ALEKSANDR SIMONOVICH,NOT RELEVANT,9
TT,INDUSTRIALS,9
TT-LOGOS,INDUSTRIALS,9
TTC,MATERIALS,9
TTK VEKTOR DVIZHENIYA,INDUSTRIALS,9
TTK- INTEGRACIYA,NOT RELEVANT,9
TTM,INDUSTRIALS,9
TTM,MATERIALS,9
TTM Co,INDUSTRIALS,9
TTS,INDUSTRIALS,9
TTSM,INDUSTRIALS,9
TTTS SOLITON,NOT RELEVANT,9
TUGNUISKY OPENCAST MINE,ENERGY,9
TULA PHARMACEUTICAL FACTORY,HEALTH CARE,9
TULACHERMET,MATERIALS,9
TULAGORVODOKANAL,UTILITIES,9
TULATOCHMASH,NOT RELEVANT,9
TULCHINKA.RU,CONSUMER STAPLES,9
TULISCII ORUZHEINII ZAVOD,NOT RELEVANT,9
TULON,CONSUMER DISCRETIONARY,9
TULS PRODAKSHN,CONSUMER DISCRETIONARY,9
TULSKAYA ENERGOSBYTOVAYA,UTILITIES,9
TULSKII PIONER,CONSUMER STAPLES,9
TULSKIY ELECTROMECHANICAL PLANT,INDUSTRIALS,9
TUPLEX,MATERIALS,9
TURBIION AVTO,NOT RELEVANT,9
TURBINE WORKS,NOT RELEVANT,9
TURBO TERRA TRAK,INDUSTRIALS,9
TURBULENTNOST'-DON,ENERGY,9
TURDYBEKOV SARVARBEK KAMALBEKOVIC,HEALTH CARE,9
TURISTICHESKAYA KOMPANIYA BELOMOR,FINANCIALS,9
TURKEY YARD,CONSUMER STAPLES,9
TUTSI,CONSUMER DISCRETIONARY,18
TV-ALYANS,CONSUMER DISCRETIONARY,9
TVEMA,INDUSTRIALS,9
TVER VODOKANAL,UTILITIES,9
TVER' PAK,MATERIALS,9
TVERSKAYA FINANCE B.V. REP. OFFICE,FINANCIALS,9
TVERSTROIMASH,CONSUMER DISCRETIONARY,9
TVINPRO,INDUSTRIALS,9
TVOE,CONSUMER DISCRETIONARY,9
TVOE LIMITED LIABILITY,CONSUMER DISCRETIONARY,9
TVS-AGROTEKHNIKA,INDUSTRIALS,9
TWC,MATERIALS,9
TWP,REAL ESTATE,9
TXM,INDUSTRIALS,9
TXT,CONSUMER DISCRETIONARY,9
TYANTSZIN KAYFENG,MATERIALS,9
TYAZHELOE TRANSPORTNOE MASHINOSTR,INDUSTRIALS,9
TYAZHMASH,INDUSTRIALS,18
TYAZHPRESSMASH,INDUSTRIALS,9
TYSA HOLDING S. A.,NOT RELEVANT,9
TYUMEN PRIBOR,ENERGY,9
"TYUMEN VODOKANAL,",UTILITIES,9
TYUMEN',INDUSTRIALS,9
TYUMEN'-OIL,CONSUMER DISCRETIONARY,9
TYUMEN'TEL,INDUSTRIALS,9
TYUMENSKAYA METALLURGICHESKAYA KO,MATERIALS,9
TYUMENSKII BROILER,NOT RELEVANT,9
TYUMENSKII ZAVOD ZBI-1,MATERIALS,9
TZK AEROFUELS,INDUSTRIALS,9
TZK SHEREMETIEVO,ENERGY,9
TZRO,CONSUMER DISCRETIONARY,18
Taber Trade,CONSUMER DISCRETIONARY,9
Taglex Terminal Logopark,INDUSTRIALS,9
Taif-NK,ENERGY,9
Taishet,MATERIALS,9
Taldom Trading,FINANCIALS,9
Talitskie molochnie fermi,CONSUMER STAPLES,9
Taman Oilseeds Processing Plant,CONSUMER STAPLES,9
Tamanneftegaz,INDUSTRIALS,9
Tambov Turkey,CONSUMER STAPLES,9
Tander,CONSUMER STAPLES,9
Tankar,MATERIALS,9
Tarcos,CONSUMER STAPLES,9
Tasty Coffee,CONSUMER STAPLES,9
TauConsult,INFORMATION TECHNOLOGY,9
Tchaikovskaya shveinaya fabrika,INDUSTRIALS,9
Tchaikovsky Textile,INDUSTRIALS,9
Tchaikovsky textile,INDUSTRIALS,9
Teatrade,CONSUMER STAPLES,9
Techisle Holding,INFORMATION TECHNOLOGY,9
Techno,INFORMATION TECHNOLOGY,9
Techno-Polymer,CONSUMER DISCRETIONARY,9
TechnoPark-Omsk,REAL ESTATE,9
Technoflex,INDUSTRIALS,9
Technogroup Joint stock,INDUSTRIALS,9
Technotron-Metiz,INDUSTRIALS,9
Techo Watt,INDUSTRIALS,9
Tehnofrost,INDUSTRIALS,9
Tehnology,INDUSTRIALS,9
TekLub,CONSUMER DISCRETIONARY,9
Tela-Telecom Company,INFORMATION TECHNOLOGY,9
Telecom Group,INFORMATION TECHNOLOGY,9
Television company FRIDAY,NOT RELEVANT,9
Tenrent,INDUSTRIALS,9
Teplokontrol,INDUSTRIALS,9
Terbuny OEF,CONSUMER STAPLES,9
Terminal,INDUSTRIALS,27
Terminal Sibir,NOT RELEVANT,9
Termotrans,INDUSTRIALS,9
Terneyles,MATERIALS,9
Terra-steel Group,MATERIALS,9
Terrafrigo,INDUSTRIALS,9
Terrakultur Russia,CONSUMER DISCRETIONARY,9
Teskan,INDUSTRIALS,9
The First Grain Company,CONSUMER STAPLES,9
Thermaflex Insulation +,NOT RELEVANT,9
Thermo AB,CONSUMER DISCRETIONARY,9
Timber Industry,MATERIALS,9
TimeLeasing,FINANCIALS,9
Timer,INDUSTRIALS,9
Timosha,CONSUMER STAPLES,9
Timur Invest Ooo,FINANCIALS,9
Tjazhmekhpress,INDUSTRIALS,9
Tobacconist,CONSUMER STAPLES,9
Tochka Opory Promelectrosvet,INDUSTRIALS,9
Tochka opory,INDUSTRIALS,9
Tomsk Power Supply,UTILITIES,9
Tonar,MATERIALS,9
Top Grain,CONSUMER STAPLES,9
Top Systems,INFORMATION TECHNOLOGY,9
TopFrame Agro,INDUSTRIALS,9
TopProm,MATERIALS,9
Topex RUS Co,CONSUMER DISCRETIONARY,9
Torgvektor,CONSUMER DISCRETIONARY,9
Toroviy dom TagAZ,CONSUMER DISCRETIONARY,9
Tosol-Sintez Trading,MATERIALS,9
Tour Operator ART-TOUR,CONSUMER DISCRETIONARY,9
Toyota Motor,CONSUMER DISCRETIONARY,9
Trade,CONSUMER STAPLES,9
Trade House Albes Centre,INDUSTRIALS,9
Trade House Ltd Bashkirian Ch,MATERIALS,9
Trade House VladMiVa,HEALTH CARE,9
Trade Nafta,NOT RELEVANT,9
Trade house KUDO,MATERIALS,9
Trade.,CONSUMER STAPLES,9
TradeHome,CONSUMER DISCRETIONARY,9
Trading,MATERIALS,18
Trading House Agroholding STEPPE,CONSUMER STAPLES,9
Trading house,NOT RELEVANT,9
Trading house-VIC,HEALTH CARE,9
Tradomed Invest Joint Stock Compa,HEALTH CARE,9
Traffic,INFORMATION TECHNOLOGY,9
Trakresurs,INDUSTRIALS,9
Traktorodetal,INDUSTRIALS,9
Traktorodetal Group,INDUSTRIALS,9
Tralfolt,CONSUMER STAPLES,9
Trans,INDUSTRIALS,9
Trans Forwarding,INDUSTRIALS,9
Trans-Business-Consalting,INDUSTRIALS,9
TransContainer,INDUSTRIALS,9
TransFin-M PC,FINANCIALS,9
TransStroyInvest,MATERIALS,9
Transas,INFORMATION TECHNOLOGY,9
Transbunker-Novo,INDUSTRIALS,9
Transimperial,INDUSTRIALS,9
Transit,INDUSTRIALS,9
Transmashholding,INDUSTRIALS,9
Trapeza MC,CONSUMER STAPLES,9
Travel Agency VISTA,CONSUMER DISCRETIONARY,9
Trest Lipetsk Story,INDUSTRIALS,9
Trevel,CONSUMER DISCRETIONARY,9
Trinity Ural,INFORMATION TECHNOLOGY,9
Trio,CONSUMER STAPLES,9
Trio,INDUSTRIALS,9
Triopromtreyd,HEALTH CARE,9
Trodat,INDUSTRIALS,9
Trol-Rusta,MATERIALS,9
TrucRoad,INDUSTRIALS,9
Trucks Vostok Rus,CONSUMER DISCRETIONARY,9
Tula Alcohol Factory 1911,CONSUMER STAPLES,9
Tulenergoremont,UTILITIES,9
Turbaslinskie broilery,CONSUMER STAPLES,9
TyreTrade,CONSUMER DISCRETIONARY,9
Tyukalinskiy,CONSUMER STAPLES,9
U-Oil,ENERGY,9
U4,CONSUMER DISCRETIONARY,9
U4GROUP,CONSUMER DISCRETIONARY,9
UAT-AL'YANSAVTOGRUPP,ENERGY,9
UBC REFURBISHMENT,CONSUMER STAPLES,9
UBH,CONSUMER STAPLES,9
UBOGOV NIKITA OLEGOVICH,CONSUMER STAPLES,9
UBOGOV OLEG EVGENEVICH,MATERIALS,9
UBOGOVA ELENA ALEKSANDROVNA,MATERIALS,9
UC,MATERIALS,9
UC RUSAL Anode Plant,MATERIALS,9
UC RUSAL TH,MATERIALS,9
UCB,INFORMATION TECHNOLOGY,9
UCHASTIE,CONSUMER STAPLES,9
UCHASTOK KOKSOVYI,MATERIALS,9
UCHUMSKAYA,CONSUMER STAPLES,18
UCL Port,INDUSTRIALS,9
UCLH,INDUSTRIALS,9
UCLP,INDUSTRIALS,9
UCONB MFG,MATERIALS,9
UD Chemie,CONSUMER STAPLES,9
UDACHA,CONSUMER DISCRETIONARY,9
UDMURTII GUP UR,CONSUMER STAPLES,9
UDMURTNEFT,NOT RELEVANT,9
UDMURTNEFTEPRODUKT,NOT RELEVANT,9
UDS,ENERGY,9
UDS,MATERIALS,9
UDT-CHELYABINSK OBSHCHESTVO S,CONSUMER DISCRETIONARY,9
UES,INDUSTRIALS,9
UESK,INDUSTRIALS,9
UEYMZ,NOT RELEVANT,9
UEYS,INDUSTRIALS,9
UFA INTERNATIONAL,INDUSTRIALS,9
UFABURMASH,ENERGY,9
UFAKHIMKOMPLEKT,MATERIALS,9
UFALEINIKEL,MATERIALS,9
UFAMEBEL,CONSUMER DISCRETIONARY,9
UFANEFTEMASH,INDUSTRIALS,9
UFAORGSINTEZ,ENERGY,9
UFIMSKII KOMPRESSORNYI ZAVOD,INDUSTRIALS,9
UFIMSKII MYASOKONSERVNYI,CONSUMER STAPLES,9
UFIMSKOE KHO,CONSUMER STAPLES,9
UFIMSKY MYASOKONSERVNY KOMBINAT,NOT RELEVANT,9
UFSE,INDUSTRIALS,9
UFSK MOST,INDUSTRIALS,9
UGC,CONSUMER STAPLES,9
UGC,MATERIALS,9
UGLEGORSK-TSEMENT,MATERIALS,9
UGLICHCABLE,NOT RELEVANT,9
UGLOVSKII IZVESTKOVYI KOMBINAT,MATERIALS,9
UGMZ,CONSUMER STAPLES,9
UGO-ZAPAD,NOT RELEVANT,9
UGOLD,NOT RELEVANT,9
UGOLNAYA KOMPANIYA RAZREZ STEPNOI,ENERGY,9
UGPA,INDUSTRIALS,9
UGRA OIL,INDUSTRIALS,9
UIK AL'YANSPROMINZHINIRING,MATERIALS,9
UISKII,CONSUMER STAPLES,9
UITSEY,HEALTH CARE,9
UK,CONSUMER DISCRETIONARY,9
UK DZERZHINETS,CONSUMER DISCRETIONARY,9
UK KOMPYULINK INFRASTRUKTURA,UTILITIES,9
UK MKS,CONSUMER DISCRETIONARY,9
UK NEDVIZHIMOST,NOT RELEVANT,9
UK OPEKA,HEALTH CARE,9
UK ROZTEKH,CONSUMER STAPLES,9
UK Russtal,MATERIALS,9
UK TRASTID MENEDZHMENT,REAL ESTATE,9
UK UNISON KAPITAL,FINANCIALS,9
UK VARTON,CONSUMER DISCRETIONARY,9
UKS INTECO,NOT RELEVANT,9
UKSKH,INDUSTRIALS,9
UKSNAB,CONSUMER STAPLES,9
UKTK CHKALOVSKIY,NOT RELEVANT,9
UKZ,INDUSTRIALS,9
ULAEVA ELENA EVGEN'EVNA,CONSUMER DISCRETIONARY,9
ULAN-UDJENSKIJ AVIACIONNYJ,INDUSTRIALS,9
ULK,REAL ESTATE,9
ULK-MASHSERVIS,NOT RELEVANT,9
ULMART,CONSUMER DISCRETIONARY,9
ULMART NAO,CONSUMER DISCRETIONARY,9
ULTRA,CONSUMER DISCRETIONARY,18
ULTRA ELECTRONICS,NOT RELEVANT,18
ULTRA FISH,CONSUMER STAPLES,9
ULTRADESIGN,MATERIALS,9
ULYANOVSK-SKAN,INDUSTRIALS,9
ULYANOVSKTRANSSTROY,INDUSTRIALS,9
ULYANOVSKY MOTORNY ZAVOD,CONSUMER DISCRETIONARY,9
UM,COMMUNICATIONS,9
UM,INDUSTRIALS,9
UM,MATERIALS,9
UM VTS,INDUSTRIALS,9
UM-260,CONSUMER DISCRETIONARY,9
UM-3,INDUSTRIALS,9
UM-4,INDUSTRIALS,9
UM-4,UTILITIES,9
UMC,MATERIALS,9
UME,HEALTH CARE,9
UMEK GROUP,INDUSTRIALS,9
UMH,MATERIALS,9
UMIKA,INFORMATION TECHNOLOGY,9
UMK,INDUSTRIALS,9
UMK Open Joint Stock,CONSUMER STAPLES,9
UMMC,MATERIALS,18
UMMC-TELEKOM,MATERIALS,9
UMNYI,INFORMATION TECHNOLOGY,9
UMS,HEALTH CARE,9
UMZ,CONSUMER STAPLES,9
UMed,HEALTH CARE,9
UNAGRANDE COMPANY,CONSUMER STAPLES,9
UNGF,ENERGY,9
UNI-BLOK,INDUSTRIALS,9
UNICHIMTEC,MATERIALS,9
UNICHIMTEK,MATERIALS,9
UNICO LOGISTICS,INDUSTRIALS,9
UNICORK,CONSUMER STAPLES,9
UNICOSMETIC,CONSUMER STAPLES,9
UNIDENT,HEALTH CARE,9
UNIDRAFT,INDUSTRIALS,9
UNIFROST,CONSUMER STAPLES,9
UNIFUD,NOT RELEVANT,9
UNIKHIM,MATERIALS,9
UNIKOM-SERVIS,MATERIALS,9
UNILAND-EKATERINBURG COMPANY,NOT RELEVANT,9
UNILEK,HEALTH CARE,9
UNIMATIC,INDUSTRIALS,9
UNIPHARM,HEALTH CARE,9
UNIPHARMA,CONSUMER STAPLES,18
UNIPOST,INDUSTRIALS,9
UNIRENT,INDUSTRIALS,9
UNIREST,CONSUMER DISCRETIONARY,9
UNISIBMASH,INDUSTRIALS,9
UNIT MARK PRO,INDUSTRIALS,9
UNITED CABLE,INDUSTRIALS,9
UNITED CHEMICAL COMPANY URALCHEM,MATERIALS,9
UNITED CONFECTIONARY,CONSUMER STAPLES,9
UNITED EUROPE-HOLDING,CONSUMER STAPLES,9
UNITED HEAVY MACHINERY,NOT RELEVANT,9
UNITED MEDICAL,HEALTH CARE,9
UNITED MEDICAL GROUP CY,INDUSTRIALS,9
UNITED METALLURGIC,MATERIALS,9
UNITEK,ENERGY,9
"UNITRADE GLOBAL,",INDUSTRIALS,9
UNITY,CONSUMER STAPLES,9
UNIVERBYT,FINANCIALS,9
UNIVERSAL FOOD TECHNOLOGIES,CONSUMER STAPLES,9
UNIVERSAL LEASING,NOT RELEVANT,9
UNIVERSAL LEASING COMPANY,FINANCIALS,9
UNIVERSAL MED SERVIS,HEALTH CARE,9
UNIVERSAL-ELEKTRIK,INDUSTRIALS,9
UNIVERSAL-NEFTEPRODUKT,ENERGY,9
UNIVERSALTRANSTREYD,INDUSTRIALS,9
UNIVERSAM,CONSUMER STAPLES,9
UNIX-2000,REAL ESTATE,9
UNK Project,INDUSTRIALS,9
UNK project,INDUSTRIALS,9
UNKOMTEKH,INDUSTRIALS,9
UNONA,HEALTH CARE,9
UNOST,NOT RELEVANT,9
UP VOSTOK,INDUSTRIALS,9
UPAK AREAL,INDUSTRIALS,18
UPAKOVKI,CONSUMER DISCRETIONARY,9
UPAKOVOCHNAYA KOMPANY,NOT RELEVANT,9
UPAX-UNITY,MATERIALS,9
UPC,NOT RELEVANT,9
UPES,MATERIALS,9
UPF,CONSUMER STAPLES,9
UPK,MATERIALS,9
UPK-NN,MATERIALS,9
UPM,MATERIALS,9
UPNP I KRS,ENERGY,9
UPR,INDUSTRIALS,9
UPRAVLENIE AZS,CONSUMER DISCRETIONARY,9
UPRAVLENIE KOMMERCHESKOI NEDVIZHI,NOT RELEVANT,9
UPRAVLENIE MEKHANIZATSII,MATERIALS,9
UPRAVLENIE MEKHANIZATSII,NOT RELEVANT,9
UPRAVLENIE OTKHODAMI-NN,INDUSTRIALS,9
UPRAVLENIE TRANSPORTOM,INDUSTRIALS,9
UPRAVLYAYUSCHAYA COMPANIYA TORGOVI,NOT RELEVANT,9
UPRAVLYAYUSHCHAYA,NOT RELEVANT,9
UPRAVLYAYUSHCHAYA KOMPANIYA,INDUSTRIALS,9
UPRAVLYAYUSHCHAYA KOMPANIYA MEDAS,HEALTH CARE,9
UPRAVLYAYUSHCHAYA KOMPANIYA NEOTR,ENERGY,9
UPRAVLYAYUSHCHAYA KOMPANIYA RUSSK,CONSUMER STAPLES,9
UPRAVLYAYUSHCHAYA KOMPANIYA YUVENAL,INDUSTRIALS,9
UPSILON 1,INDUSTRIALS,9
UPTK,MATERIALS,9
URAL,INDUSTRIALS,18
URAL,MATERIALS,18
URAL AVTO-OPT,CONSUMER DISCRETIONARY,9
URAL FUD-SERVIS,CONSUMER STAPLES,9
URAL MINING HOLDING,MATERIALS,9
URAL PAK OBSHCHESTVO S,INDUSTRIALS,9
URAL TOYS,CONSUMER DISCRETIONARY,9
URAL'SKAYA METALLOBAZA,MATERIALS,9
URAL'SKAYA NIVA,CONSUMER STAPLES,9
URAL'SKAYA ZAMOCHNAYA KOMPANIYA,CONSUMER DISCRETIONARY,9
URAL'SKIE KAMNI,MATERIALS,9
URAL'SKII,MATERIALS,9
URAL'SKII SHCHEBEN',MATERIALS,9
URAL'SKII ZAVOD PLASTIFIKATOROV,MATERIALS,9
URAL'SKII-1,NOT RELEVANT,9
URAL-AGRO-TORG,CONSUMER STAPLES,9
URAL-GYPS,MATERIALS,9
URAL-NEFT'-SERVIS,CONSUMER DISCRETIONARY,9
URAL-PACK,NOT RELEVANT,9
URAL-PRESS,INDUSTRIALS,9
URAL-PRESS NIZHNII NOVGOROD,INDUSTRIALS,9
URAL-PROFIL,NOT RELEVANT,9
URAL-SAKHAR 1,CONSUMER STAPLES,9
URAL-SIBERIAN CHEMICAL,MATERIALS,9
URAL-SKO,MATERIALS,18
URALASBEST,MATERIALS,9
URALAVTO,CONSUMER DISCRETIONARY,9
URALAVTODOR,INDUSTRIALS,9
URALAVTOHAUS M,CONSUMER DISCRETIONARY,9
URALAVTOHOUSE,NOT RELEVANT,9
URALBIZNESLIZING,FINANCIALS,9
URALBURMASH,INDUSTRIALS,9
URALCHEM,MATERIALS,9
URALCHEM-TRANS,NOT RELEVANT,9
URALCHIMPLAST,MATERIALS,9
URALCHIMPLAST MANAGING COMPANY,NOT RELEVANT,9
URALDOLOMIT,MATERIALS,9
URALDORTEKHNOLOGII,INDUSTRIALS,18
URALELEKTROMED,MATERIALS,9
URALENERGOSERVICEKOMPLEKT,ENERGY,9
URALEYLEKTRA,INDUSTRIALS,9
URALEYNERGOSTROI,INDUSTRIALS,9
URALEYNERGOTEL,INDUSTRIALS,9
URALGEO,ENERGY,9
URALGEOMASH,NOT RELEVANT,9
URALGIDROMED,NOT RELEVANT,9
URALGRIT,MATERIALS,9
URALHIMMASH,NOT RELEVANT,9
URALINTER'ER,INDUSTRIALS,9
URALKABEL,NOT RELEVANT,9
URALKALI,MATERIALS,9
URALKALI TRADING SIA,MATERIALS,9
URALKALIY,MATERIALS,9
URALKAM,INDUSTRIALS,18
URALKOMPRESSORMASH,INDUSTRIALS,9
URALKRAN,INDUSTRIALS,27
URALKRAN-SNAB,INDUSTRIALS,9
URALMASH ENGINEERING 000,NOT RELEVANT,9
URALMEDEYKSPORT,HEALTH CARE,9
URALMEDSNAB,HEALTH CARE,18
URALMETALLURGMONTAZH2,MATERIALS,9
URALMETPROM,MATERIALS,9
URALMOSTOSTROI,INDUSTRIALS,9
URALNEFTEMASH,ENERGY,9
URALNEFTESERVIS,ENERGY,9
URALNK,ENERGY,9
URALO-SIBIRSKAYA TEPLOEYNERGETICH,UTILITIES,9
URALOPTINSTRUMENT,INDUSTRIALS,9
URALPAK,MATERIALS,9
URALPLASTIC,NOT RELEVANT,9
URALPLASTIK,MATERIALS,9
URALPLIT,CONSUMER DISCRETIONARY,9
URALPOZHTEKHNIKA,INDUSTRIALS,9
URALPRODTORG,CONSUMER STAPLES,9
URALPROM PLYUS,INDUSTRIALS,9
URALPROM-MARKET PKF,NOT RELEVANT,9
URALPROMMETALL,MATERIALS,9
URALPROMSTROI,INDUSTRIALS,9
URALREGIONSTROI,INDUSTRIALS,9
URALREGIONSTROI-EKATERINBURG,INDUSTRIALS,9
URALREGIONSTROY,INDUSTRIALS,9
URALRYBA,CONSUMER STAPLES,18
URALS ELECTRONIC,NOT RELEVANT,9
URALS HEAT POWER COMPANY,NOT RELEVANT,9
URALS NICKEL PLANT,MATERIALS,9
URALSERVIS,CONSUMER DISCRETIONARY,9
URALSEVERGAZ,UTILITIES,9
URALSHINA,NOT RELEVANT,9
URALSIBGIDROSTROI,ENERGY,9
URALSIBTRADE - KRASNOYARSK,INDUSTRIALS,9
URALSKAYA DOROZHNO-STROITELNAYA,INDUSTRIALS,9
URALSKAYA TORGOVAYA KOMPANIYA,CONSUMER STAPLES,9
URALSKI,INDUSTRIALS,9
URALSKI XLADOTERMINAL,INDUSTRIALS,9
URALSKIE GAZOVYE SETI,ENERGY,9
URALSKIE LOKOMOTIVY,INDUSTRIALS,9
URALSKIE RADIOSTANTSII,INFORMATION TECHNOLOGY,9
URALSKII SIBIRIT,MATERIALS,9
URALSKIJ SINNYJ ZAVOD,CONSUMER DISCRETIONARY,9
URALSKIY,CONSUMER STAPLES,9
URALSKIY RODNIK OOO,NOT RELEVANT,9
URALSKO,MATERIALS,9
URALSKY ZAVOD TSVETNOGO LITJA,MATERIALS,9
URALSNAB,CONSUMER DISCRETIONARY,9
URALSOFT INSTITUT PROEKTIROVANIYA,INDUSTRIALS,9
URALSOFTPROEKT,INDUSTRIALS,9
URALSPECMASH-EXPORT,INDUSTRIALS,9
URALSTAR,INDUSTRIALS,9
URALSTROIINVEST-VLAGOZASHCHITNAY,CONSUMER DISCRETIONARY,9
URALSTROIMONTAZH,INDUSTRIALS,9
URALSTROINEFT',ENERGY,9
URALSTROY-BUILDING,FINANCIALS,9
URALSTROYSERVIS,INDUSTRIALS,9
URALTASH,INDUSTRIALS,9
URALTASH-GRANIT,INDUSTRIALS,9
URALTECHNOSTROY-TUIMAZYKHIMMASH,ENERGY,9
URALTEKHNOLOGIYA,INDUSTRIALS,9
URALTERMOPLAST,MATERIALS,9
URALTORGPRED,CONSUMER STAPLES,9
URALTRAKSERVICE,CONSUMER DISCRETIONARY,9
URALTREID,INDUSTRIALS,18
URALTREID,MATERIALS,9
URALTRUBMASH,NOT RELEVANT,9
URALTRUBOPROVODSTROYPROEKT PF,ENERGY,9
URALTRUBPROM,NOT RELEVANT,9
URALTSINK,INDUSTRIALS,9
URALTURBO,INDUSTRIALS,9
URALVAGONZAVOD NPK,INDUSTRIALS,9
URALVTORMETALL,MATERIALS,9
URALWOOD,MATERIALS,9
URALYUVELIR-MARKET,CONSUMER DISCRETIONARY,9
URAZBAEV ROBERT MARATOVICH,REAL ESTATE,9
URBAEV OLEG SPIRIDONOVICH,CONSUMER DISCRETIONARY,9
URBAEVA VALENTINA SPIRIDONOVNA,CONSUMER DISCRETIONARY,9
URBAKHSKIY KKHP,CONSUMER STAPLES,9
URBAN COFIX,CONSUMER DISCRETIONARY,9
URENGOIDORSTROI,INDUSTRIALS,9
URGALUGOL,ENERGY,9
URIEL,CONSUMER STAPLES,9
UROVO,INFORMATION TECHNOLOGY,9
UROZHAI XXI VEK OBSHCHESTVO S,CONSUMER STAPLES,9
URP llc,MATERIALS,9
URTS YAMZ,INDUSTRIALS,9
URZHUMSKIJ SPIRTOVODOCHIJ ZAVOD J,CONSUMER STAPLES,9
USG Chemical RUS,MATERIALS,9
USHKALOV SERGEI VALERIEVICH,CONSUMER DISCRETIONARY,9
USINSKGEONEFT',ENERGY,9
USIS,INDUSTRIALS,9
USK MOST,INDUSTRIALS,9
USMANSKII AGROKOMPLEKS,CONSUMER STAPLES,9
USMK,MATERIALS,9
USOLE SOL,CONSUMER STAPLES,9
USPC,INDUSTRIALS,9
USPK,ENERGY,9
USPK,INDUSTRIALS,9
USR NULEVIK,REAL ESTATE,9
USSC,INFORMATION TECHNOLOGY,9
USSURIISKII BAL'ZAM,CONSUMER STAPLES,9
UST,INDUSTRIALS,9
UST IZHORSKY FANERNIY,MATERIALS,9
UST'-LABINSKOE,INDUSTRIALS,9
UST-LUGA LOGISTICS,INDUSTRIALS,9
UST-LUZHSKIY KONTEYNERNIY TER.,INDUSTRIALS,9
UST. SIBIRSKII REGION,INDUSTRIALS,9
USTA,INDUSTRIALS,9
UT,CONSUMER STAPLES,9
UTAIR,INDUSTRIALS,9
UTAIR AVIATION,INDUSTRIALS,9
UTG,INDUSTRIALS,27
UTK-STAL',INDUSTRIALS,9
UTLC,INDUSTRIALS,9
UTP,INDUSTRIALS,9
UTRO FIRMA,ENERGY,9
UTS,MATERIALS,9
UTS TEKHNONIKOL',INDUSTRIALS,9
UTS-CHEMICAL MATERIALS,MATERIALS,9
UTSS,INDUSTRIALS,9
UTTS,UTILITIES,9
UTair - Helicopter Services,INDUSTRIALS,9
UVAROVA OLGA NIKOLAEVNA,INDUSTRIALS,9
UVAROVSKAYA NIVA,CONSUMER STAPLES,9
UVAROVSKII SAKHARNYI ZAVOD,CONSUMER STAPLES,9
UVELIT,CONSUMER DISCRETIONARY,9
UVELKA,CONSUMER STAPLES,9
UVLECHENII,CONSUMER DISCRETIONARY,9
UWC,INDUSTRIALS,9
UZBI,CONSUMER DISCRETIONARY,9
UZDAEWOO AUTO-TYUMEN CO.,CONSUMER DISCRETIONARY,9
UZGA,INDUSTRIALS,9
UZHURALBUSINESS,NOT RELEVANT,9
UZMK,INDUSTRIALS,9
UZMO,INDUSTRIALS,9
UZPM,INDUSTRIALS,27
UZST,INDUSTRIALS,9
UZTI,INDUSTRIALS,9
UZTP,INDUSTRIALS,9
UZTPA,UTILITIES,9
Uchi.ru,CONSUMER DISCRETIONARY,9
Ufaoil Stock,INDUSTRIALS,9
Ugneftechemtransit,INDUSTRIALS,9
Ugolnaya kompaniya Severniy,MATERIALS,9
Ugra timber holding,MATERIALS,9
Ulma Packaging,INDUSTRIALS,9
Ultra,CONSUMER STAPLES,18
Ultra Life,CONSUMER STAPLES,9
Unicom,CONSUMER STAPLES,9
Unicon BS,INDUSTRIALS,9
Unident,HEALTH CARE,9
Unilever,CONSUMER STAPLES,9
Unilin,INDUSTRIALS,9
"Union Chemical Solutions,",MATERIALS,9
Union of St.John the Warrior,CONSUMER STAPLES,9
Uniplast,NOT RELEVANT,9
Unipro,UTILITIES,18
Unisteam OSG Plant,INDUSTRIALS,9
Unistroy,REAL ESTATE,9
Unit Product,CONSUMER STAPLES,9
United Confectioners Company Limite,CONSUMER STAPLES,9
United Contractors Gint-M,INDUSTRIALS,9
United Europe,CONSUMER STAPLES,9
United Grain,INDUSTRIALS,9
United Panel,MATERIALS,9
Unitrade,INDUSTRIALS,18
Ural,INDUSTRIALS,18
Ural,MATERIALS,9
Uralbiovet,CONSUMER STAPLES,9
Uralbroiler,CONSUMER STAPLES,9
Uralbumaga,NOT RELEVANT,9
Uralgrit,MATERIALS,9
Uralinstrument,CONSUMER DISCRETIONARY,9
Uralneftemash,ENERGY,9
Uralredmet,MATERIALS,9
Uralskaya agropromyshlennaya,CONSUMER STAPLES,9
Uralstar,INDUSTRIALS,9
Uraltechnostroy,ENERGY,9
Urhakko,INDUSTRIALS,9
Urmston Investments,ENERGY,9
Usetech Finance,INFORMATION TECHNOLOGY,9
Ust-Kutsky GPP,ENERGY,9
Ust-Luga Oil,INDUSTRIALS,9
V -,INDUSTRIALS,9
V-D-L,INDUSTRIALS,9
V-LAZER,CONSUMER DISCRETIONARY,9
V-Sibpromtrans,INDUSTRIALS,18
V.I.K.,INDUSTRIALS,9
VACUMPAK,MATERIALS,9
VAD,INDUSTRIALS,9
VAENGSKIY LPKH,MATERIALS,9
VAGONOREMONTNOE PREDPRIYATIE NOVO,INDUSTRIALS,9
VAK International Trading,CONSUMER DISCRETIONARY,9
VAKHRUSHEVSKAYA AVTOBAZA,MATERIALS,9
VALARS AGRO LTD (CYPRUS),CONSUMER STAPLES,9
VALARS-AGRO,CONSUMER STAPLES,9
VALDEKS TEPLOTEKHNIKA,INDUSTRIALS,9
VALDEX ENERGETICA,INDUSTRIALS,9
VALENTA-PHARM,HEALTH CARE,9
VALIANT,CONSUMER DISCRETIONARY,9
VALINOR PUBLIC,CONSUMER STAPLES,9
VALMAKS,CONSUMER DISCRETIONARY,9
VALTA PET PRODUCTS,CONSUMER STAPLES,9
VAM BILDINING,NOT RELEVANT,9
VAMIN TATARSTAN,CONSUMER STAPLES,18
VAN REES,CONSUMER STAPLES,9
VANADY TULA,MATERIALS,9
VANCHUNG,CONSUMER DISCRETIONARY,9
VANDOM GRUP,NOT RELEVANT,9
VARDIS,NOT RELEVANT,9
VAREGAN-REMONT,ENERGY,9
VARIANT-999,INDUSTRIALS,9
VARIANT-D,CONSUMER DISCRETIONARY,9
VARNA,CONSUMER STAPLES,9
VARUM,INFORMATION TECHNOLOGY,9
VARYOGANNEFTEGAZ,ENERGY,9
VASH SHANS,CONSUMER STAPLES,9
VASILEV MAKSIM,CONSUMER STAPLES,9
VATERKOM,CONSUMER DISCRETIONARY,9
VATT-ELEKTROSBYT,UTILITIES,9
VBA,NOT RELEVANT,9
VBH,INDUSTRIALS,9
VBH-SIB,INDUSTRIALS,9
VBS,ENERGY,9
VCH-GRUPP,INDUSTRIALS,9
VCO,CONSUMER STAPLES,9
VDK,CONSUMER STAPLES,9
VDOVENKO ALEKSEI ANATOL'EVICH,CONSUMER DISCRETIONARY,9
VDSA,ENERGY,9
VEAL,MATERIALS,9
VECTOR,CONSUMER DISCRETIONARY,9
VECTOR,NOT RELEVANT,9
VECTOR LEASING COMPANY,FINANCIALS,9
VECTRA-DON,CONSUMER STAPLES,9
VED AGENT,INDUSTRIALS,9
VED UG,INDUSTRIALS,9
VEDI,COMMUNICATIONS,9
VEERO TORGOVIJ DOM,NOT RELEVANT,9
VEGA,CONSUMER DISCRETIONARY,9
VEGA,CONSUMER STAPLES,9
VEGA NURETDINOV,CONSUMER DISCRETIONARY,9
VEGA-GAZ,ENERGY,9
VEHICLE BODIES PLANT,INDUSTRIALS,9
VEHICLES TH,NOT RELEVANT,9
VEI-GRUPP,INDUSTRIALS,9
VEK,CONSUMER STAPLES,9
VEKA RUS,INDUSTRIALS,9
VEKTOR,CONSUMER DISCRETIONARY,18
VEKTOR,CONSUMER STAPLES,9
VEKTOR,INDUSTRIALS,9
VEKTOR,MATERIALS,9
VEKTOR,REAL ESTATE,9
VEKTOR-BEST-AMUR,HEALTH CARE,9
VEKTOR-KRASPAN,NOT RELEVANT,9
VEKTOR-S,CONSUMER STAPLES,9
VEL'D-SPB,CONSUMER STAPLES,9
VELAN,INDUSTRIALS,18
VELD-21,CONSUMER STAPLES,18
VELES,CONSUMER STAPLES,9
VELES,INDUSTRIALS,27
VELES,NOT RELEVANT,9
VELES-40,CONSUMER DISCRETIONARY,9
VELIKAN,CONSUMER DISCRETIONARY,9
VELINA,CONSUMER STAPLES,9
VELKOM,CONSUMER STAPLES,9
VELMEAT,CONSUMER STAPLES,9
VELVEL,CONSUMER STAPLES,9
VEMOL OBSHCHESTVO S,CONSUMER STAPLES,9
VEN-PREMIER,CONSUMER STAPLES,9
VENDEYKS RITEYIL,CONSUMER STAPLES,9
VENDEYKS-PARTNER,CONSUMER STAPLES,9
VENDEYKS.RU,CONSUMER STAPLES,9
VENDOR,CONSUMER STAPLES,9
VENETS,CONSUMER STAPLES,9
VENRTA INDUSTRIAL,INDUSTRIALS,9
VENTA,INDUSTRIALS,9
VENTALL-DEVELOPMENT,REAL ESTATE,9
VENTCRAFT,MATERIALS,9
VENTILYATSII GALVENT,INDUSTRIALS,9
VENTO-2M,CONSUMER STAPLES,9
VENTRELT HOLDINGS,UTILITIES,9
VENTRITEYL,CONSUMER DISCRETIONARY,9
VENTURA,CONSUMER DISCRETIONARY,9
VEPOZ,CONSUMER STAPLES,9
VEPOZ-TD,CONSUMER STAPLES,9
VERA OLYMP,CONSUMER DISCRETIONARY,9
VERATEC,MATERIALS,9
VERATEK-STROI,ENERGY,9
VERBENA,HEALTH CARE,9
VERDA SEVERO-ZAPAD,CONSUMER DISCRETIONARY,9
VERDA UFA,INDUSTRIALS,9
VERDA-EKATERINBURG,CONSUMER DISCRETIONARY,9
VEREG MOSCAU,INDUSTRIALS,9
VERESHCHAGINO PRMZ REMPUTMASH,INDUSTRIALS,9
VERIZHNIKOVA EYLINA EVGEN'EVNA,NOT RELEVANT,9
VERKHNEBAKANSKII TSEMENTNYI,MATERIALS,9
VERKHNEKAMSK POTASH COMPANY,MATERIALS,9
VERKHNEVOLZHSKII,CONSUMER STAPLES,9
VERKHNEVOLZHSKII SMTS,MATERIALS,9
VEROL,NOT RELEVANT,9
VEROPHARM,NOT RELEVANT,9
VERSHINA,CONSUMER DISCRETIONARY,18
VERSHINA,CONSUMER STAPLES,9
VERSIYA,CONSUMER STAPLES,9
VERTEKS,MATERIALS,9
VERTEX,HEALTH CARE,9
VERTIKAL,INDUSTRIALS,27
VERTIKAL,MATERIALS,18
VERTIKAL' TM,INDUSTRIALS,9
VERTIKALNOE INTEGRIROVANIE,NOT RELEVANT,9
VERTRO,INDUSTRIALS,9
VERYSELL-TRADING,INFORMATION TECHNOLOGY,9
VES,INDUSTRIALS,9
VESELKOV IGOR ALEKSANDROVICH,FINANCIALS,9
VESKO,CONSUMER STAPLES,9
VESNA,CONSUMER DISCRETIONARY,9
VESNA COATINGS,INDUSTRIALS,9
VESTA,CONSUMER DISCRETIONARY,9
VESTA,INDUSTRIALS,18
VESTA REGIONY,INDUSTRIALS,9
VESTA-M,CONSUMER STAPLES,9
VESTAR,CONSUMER STAPLES,9
VESTEL-STROY LIMITED LIABILITY,FINANCIALS,9
VESTERN TORGOVYI DOM,CONSUMER DISCRETIONARY,9
VESTHIM GROUP,INDUSTRIALS,9
VESTINTERTRANS,INDUSTRIALS,9
VESTOBUV,CONSUMER DISCRETIONARY,9
VETAR OBSHCHESTVO S OGRANICHENNOI,HEALTH CARE,9
VETERAN,ENERGY,9
VETLAIN,HEALTH CARE,9
VETLAVKA,HEALTH CARE,9
VETMARKET,HEALTH CARE,9
VETNA,CONSUMER DISCRETIONARY,9
VETSNAB,CONSUMER STAPLES,9
VETTA,CONSUMER STAPLES,9
VETTA-INVEST,UTILITIES,9
VEYD,CONSUMER STAPLES,9
VEYD-TSENTR,CONSUMER STAPLES,9
VEYLL,CONSUMER DISCRETIONARY,9
VF SERVICES,INDUSTRIALS,9
VFFSEE,CONSUMER DISCRETIONARY,9
VFS,CONSUMER DISCRETIONARY,9
VG,CONSUMER STAPLES,9
VGS Corp,ENERGY,9
VGTZ TPR,INDUSTRIALS,9
VIA,CONSUMER STAPLES,9
VIADUK EX,NOT RELEVANT,9
VIALKHIM,MATERIALS,9
VIANA,NOT RELEVANT,9
VIAS,CONSUMER STAPLES,18
VIC,HEALTH CARE,9
VIC Group,HEALTH CARE,9
VICHI-RUS,CONSUMER STAPLES,9
VICHIUNAI-RUS,CONSUMER STAPLES,9
VICTOR MM,CONSUMER DISCRETIONARY,9
VICTORIA,CONSUMER DISCRETIONARY,9
VICTORIA-BALTIA,CONSUMER STAPLES,9
VIDEOTRON,INDUSTRIALS,9
VIDGOF BORIS EFIMOVICH,NOT RELEVANT,9
VIDYA,INDUSTRIALS,9
VIESSMANN,INDUSTRIALS,9
VIGA-65,INDUSTRIALS,9
VIGOR,NOT RELEVANT,9
VIK TENZO-M,INFORMATION TECHNOLOGY,9
VIK-INVEST,CONSUMER STAPLES,9
VIKING RYBNAYA KOMPANIYA,CONSUMER STAPLES,9
VIKING-MOTORS,CONSUMER DISCRETIONARY,9
VIKOIL,CONSUMER DISCRETIONARY,9
VIKOIL PLUS,INDUSTRIALS,9
VIKOR,CONSUMER STAPLES,9
VIKTOR CO MEGA-LOGISTIC,NOT RELEVANT,9
VIKTOR I KO TSUK,FINANCIALS,9
VIKTORCO MEGAKOMPLEX NA MOSKOVSKO,FINANCIALS,9
VIKTORIYA,CONSUMER DISCRETIONARY,18
VIKTORIYA,CONSUMER STAPLES,18
VIKTORIYA ALEKSANDROVN,CONSUMER DISCRETIONARY,9
VIKTORIYA-AGRO,CONSUMER STAPLES,9
VIMPELCOM AMSTERDAM B.V.,COMMUNICATIONS,9
VIMPELCOM-INVEST,COMMUNICATIONS,9
VIN,CONSUMER STAPLES,9
VIN PORTO,CONSUMER STAPLES,9
VINART-NOVOROSSIISK,CONSUMER STAPLES,9
VINDALO PROPERTIES,FINANCIALS,9
VINEGRET,CONSUMER STAPLES,9
VINEGRET PLYUS,CONSUMER STAPLES,9
VINGS LOGISTIKS,INDUSTRIALS,9
VINIL TREID,MATERIALS,9
VINIMPEX,CONSUMER STAPLES,9
VINNYI POGREBOK,CONSUMER STAPLES,9
VINO ON-LAIN AG,CONSUMER STAPLES,9
VINO-GRANDE,CONSUMER STAPLES,9
VINODELNYA YUBILEINAYA,CONSUMER STAPLES,9
VINOGRADNAYA LOZA,CONSUMER STAPLES,9
VINOKONYACHNYI DOM ALYANS-1892,CONSUMER STAPLES,9
VINS-AVTO,CONSUMER DISCRETIONARY,9
VINSANTEL,REAL ESTATE,18
VINTAZH,CONSUMER STAPLES,9
VIOLA,CONSUMER STAPLES,9
VIOLET,CONSUMER STAPLES,9
VIP,CONSUMER STAPLES,9
VIP,INDUSTRIALS,18
VIP FIN (VIMPELCOM),COMMUNICATIONS,9
VIP IZMERENIE,INDUSTRIALS,9
VIPECHKA,CONSUMER STAPLES,9
VIPOYL-GIPERTSENTR,FINANCIALS,9
VIPSERVICE,INDUSTRIALS,18
VIRT,INFORMATION TECHNOLOGY,9
VIRTUM,CONSUMER STAPLES,9
VIS,CONSUMER DISCRETIONARY,9
VIS,INDUSTRIALS,9
VIS,NOT RELEVANT,9
VISA,FINANCIALS,9
VISANT,CONSUMER STAPLES,9
VISANT-OPT,CONSUMER STAPLES,9
VISHNEVYI PAI,REAL ESTATE,9
VIST,INDUSTRIALS,9
VITA,CONSUMER STAPLES,9
VITA,NOT RELEVANT,9
VITA DIZAIN,HEALTH CARE,9
VITA LAIN,CONSUMER STAPLES,9
VITACO Co,HEALTH CARE,9
VITACOMSERVICE,NOT RELEVANT,9
VITAFARM,CONSUMER STAPLES,9
VITAL 73,INDUSTRIALS,9
VITAL 74,CONSUMER STAPLES,9
VITALAIN,CONSUMER STAPLES,9
VITAMAX,HEALTH CARE,18
VITAMIN,CONSUMER STAPLES,9
VITAND COMPANY,INDUSTRIALS,9
VITIM-LES,MATERIALS,18
VITKOVSKII OLEG VIKTOROVICH,CONSUMER DISCRETIONARY,9
VITOLINKA,CONSUMER STAPLES,9
VITOMEK,CONSUMER STAPLES,9
VITRAZH,CONSUMER STAPLES,9
VITTA,CONSUMER STAPLES,9
VITTA KOMPANI,HEALTH CARE,9
VITYAZ,CONSUMER STAPLES,9
VITYAZ'-M,CONSUMER STAPLES,9
VIVATRANS,INDUSTRIALS,9
VIYA,INDUSTRIALS,9
VIZ-STEEL,MATERIALS,9
VIZAZH KOSMETIKS,CONSUMER DISCRETIONARY,9
VIZIT-FARM,CONSUMER STAPLES,9
VK,COMMUNICATIONS,9
VK,CONSUMER STAPLES,9
VK,INFORMATION TECHNOLOGY,9
VKT,CONSUMER STAPLES,9
VKUS,CONSUMER STAPLES,9
VKUS ON,CONSUMER STAPLES,9
VKUSA,CONSUMER STAPLES,9
VKUSVILL,CONSUMER STAPLES,18
VKZ KIN,CONSUMER STAPLES,9
VL-TEK,INDUSTRIALS,9
VLAD-EKSPRESS,CONSUMER STAPLES,9
VLADAKRIL,MATERIALS,9
VLADIMIR I KOMPANIYA,CONSUMER STAPLES,9
VLADIMIR VLADIMIROVICH,CONSUMER DISCRETIONARY,9
VLADISLAV,CONSUMER DISCRETIONARY,9
VLADIVOSTOK INTERNATIONAL,INDUSTRIALS,9
VLAMUR,CONSUMER DISCRETIONARY,9
VLP,MATERIALS,18
VLP COMPANY GROUP,MATERIALS,9
VMES,UTILITIES,9
VMF SUDOVOE,INDUSTRIALS,9
VMM,INDUSTRIALS,18
VMM-1,INDUSTRIALS,9
VMM-2,INDUSTRIALS,9
VMPP,INDUSTRIALS,9
VMT,INDUSTRIALS,9
VMZ,INDUSTRIALS,9
VMZ,MATERIALS,9
VNESHAGROTRANS,CONSUMER STAPLES,9
VNESHTORGPLASTIK,MATERIALS,9
VNIIBT-Drilling tools,ENERGY,9
VNIIR,NOT RELEVANT,9
VNIMI-SIBIR,CONSUMER STAPLES,9
VNIPIGAZDOBYCHA,ENERGY,9
VNITEYP,INDUSTRIALS,9
VNSTOLITSA,CONSUMER DISCRETIONARY,9
VNZM,INDUSTRIALS,9
VO ELEKTROAPPARAT,INDUSTRIALS,9
VODECO,INDUSTRIALS,9
VODKA,CONSUMER STAPLES,9
VODOKANAL,UTILITIES,9
VODOKANAL G.IRKUTSKA,UTILITIES,9
VODOLEI,CONSUMER STAPLES,9
VODYANOI,CONSUMER DISCRETIONARY,9
VODYANOI - INZHINIRING,CONSUMER DISCRETIONARY,9
VOEVODA,INDUSTRIALS,9
VOKHTOGALESDREV,MATERIALS,9
VOKRUG SVETA COFFEE,CONSUMER STAPLES,9
VOLGA,CONSUMER DISCRETIONARY,9
VOLGA,CONSUMER STAPLES,9
VOLGA,INDUSTRIALS,9
VOLGA,MATERIALS,9
VOLGA - SELEKT,CONSUMER STAPLES,9
VOLGA AVTODOR,INDUSTRIALS,9
VOLGA-AVTODOR,INDUSTRIALS,27
VOLGA-DNEPR,INDUSTRIALS,9
VOLGA-DNEPR MOSCOW,INDUSTRIALS,9
VOLGA-PLAST,NOT RELEVANT,9
VOLGABURMASH,INDUSTRIALS,9
VOLGAENERGOSBYT,UTILITIES,9
VOLGAMARKET,NOT RELEVANT,9
VOLGANEFTEPRODUKT,CONSUMER DISCRETIONARY,9
VOLGATRANS,ENERGY,9
VOLGATRANSSTROI AKTSIONERNOE OBSHCH,INDUSTRIALS,9
VOLGATREID,CONSUMER STAPLES,9
VOLGO-BALT TRANSPORT,INDUSTRIALS,9
VOLGODONAGRO,CONSUMER STAPLES,9
VOLGOGRADAVTODORSTROI,INDUSTRIALS,9
VOLGOGRADENERGOSBYT,NOT RELEVANT,9
VOLGOGRADMONTAZH,ENERGY,9
VOLGOGRADSKAYA MASHINOSTROITELNAY,INDUSTRIALS,9
VOLGOGRADTRUBOPLAST,CONSUMER STAPLES,9
VOLGOMOST,INDUSTRIALS,9
VOLGOPRODMONTAZH,INDUSTRIALS,9
VOLGOPROMBYTKHIM,MATERIALS,9
VOLGOPROMSTROI,INDUSTRIALS,9
VOLGOPROMTRANS,CONSUMER DISCRETIONARY,9
VOLGORESOURCE,INDUSTRIALS,9
VOLGOVYATMASHELECTROSNABSBYT,NOT RELEVANT,9
VOLKOV SERGEI VLADIMIROVICH,REAL ESTATE,9
VOLKOVKA,CONSUMER DISCRETIONARY,9
VOLMA,INDUSTRIALS,9
VOLMA,MATERIALS,9
VOLMA - Voskresensk,MATERIALS,9
VOLMA-VTR,MATERIALS,9
VOLNA,CONSUMER STAPLES,9
VOLNA,INDUSTRIALS,9
VOLNA,MATERIALS,9
VOLOGDAOBLEYNERGO,UTILITIES,9
VOLOGDASKAN,INDUSTRIALS,9
VOLOGODAVTODOR OTKRYTOE AKTSIONER,INDUSTRIALS,9
VOLOGODSKAYA SBYTOVAYA COMPANY,NOT RELEVANT,9
VOLOGODSKY PISCHEVOY KOMBINAT,CONSUMER STAPLES,9
VOLOSHANOVSKAYA YULIYA RADIKOVNA,HEALTH CARE,9
VOLOSOVSKII KKZ,CONSUMER STAPLES,9
VOLPER V.L.,NOT RELEVANT,9
VOLSTAR,ENERGY,9
VOLTARS,HEALTH CARE,9
VOLZHANIN OTKRYTOE AKTSIONERNOE OBS,CONSUMER STAPLES,9
VOLZHSKIE DALI,CONSUMER STAPLES,9
VOLZHSKIE KOMMUNALNYE SISTEMY,UTILITIES,9
VOLZHSKII PROEKT,INDUSTRIALS,9
VOLZHSKII TRUBNYI,MATERIALS,9
VOLZHSKII ZAVOD,MATERIALS,9
VOLZHSKY ABRASIVE WORKS PUBLIC JS,INDUSTRIALS,9
VORKUTAUGOL,MATERIALS,9
VOROBEV ALEKSANDR VIKTOROVICH,FINANCIALS,9
VORONEZH,CONSUMER STAPLES,18
VORONEZH TYRE PLANT,CONSUMER DISCRETIONARY,9
VORONEZH-AVTO-SITI,CONSUMER DISCRETIONARY,9
VORONEZHPRODINTORG,CONSUMER STAPLES,9
VORONEZHPROMMETIZ,INDUSTRIALS,9
VORONEZHSELMASH,INDUSTRIALS,9
VORONEZHSKAYA KONDITERSKAYA FABRI,CONSUMER STAPLES,9
VORONEZHSKII EYLEKTROMEKHANICHESKII,INDUSTRIALS,9
VORTEKS,CONSUMER DISCRETIONARY,9
VORTEX,CONSUMER DISCRETIONARY,9
VOSHOD,CONSUMER STAPLES,9
VOSHOD,REAL ESTATE,18
VOSKHOD,CONSUMER STAPLES,18
VOSKHOD,INDUSTRIALS,9
VOSKHOD,REAL ESTATE,9
VOSKHOD-TSENTR,CONSUMER STAPLES,9
VOSKRESENSK,CONSUMER STAPLES,9
VOSKRESENSK MINERAL FERTILIZERS J,MATERIALS,9
VOSKRESENSKAYA MARINA VIKTOROVNA,CONSUMER DISCRETIONARY,9
VOSKRESENSKHLEB,CONSUMER STAPLES,9
VOSSTANIA 10,CONSUMER STAPLES,9
VOSTOCHNAYA TECHNICA,INDUSTRIALS,9
VOSTOCHNAYA YARMARKA,NOT RELEVANT,9
VOSTOCHNIE RYADI,REAL ESTATE,9
VOSTOCHNY OFIS-TSENTR,REAL ESTATE,9
VOSTOCHNYE BERNIKI,MATERIALS,18
VOSTOCHNYI,CONSUMER STAPLES,9
VOSTOK,CONSUMER STAPLES,36
VOSTOK,HEALTH CARE,9
VOSTOK,NOT RELEVANT,9
VOSTOK OBSHCHESTVO S OGRANICHE,CONSUMER STAPLES,9
VOSTOK POST,HEALTH CARE,9
VOSTOK ZERNOPRODUKT,CONSUMER STAPLES,9
VOSTOK-RESURS,MATERIALS,9
VOSTOK-SERVICE,INDUSTRIALS,9
VOSTOK-SERVIS-SPETSKOMPLEKT,NOT RELEVANT,9
VOSTOK-ZAPAD KOMPANIYA,CONSUMER STAPLES,9
VOSTOKBURGAZ,ENERGY,9
VOSTOKCEMENT,MATERIALS,9
VOSTOKGAZPROM,ENERGY,18
VOSTOKRITEILGRUPP,CONSUMER STAPLES,9
VOSTOKTSEMENT,MATERIALS,9
VOSTRYAKOVO-2,CONSUMER STAPLES,9
VOTEK MOBAIL,COMMUNICATIONS,9
VOVOSA CO,INDUSTRIALS,9
VOZNESENOVKA,CONSUMER STAPLES,9
VOZROZHDENIE,INDUSTRIALS,18
VOZROZHDENIE-1,CONSUMER STAPLES,9
VOZROZHDENIE-NERUD CC,MATERIALS,9
VP VTORTSVETMET,MATERIALS,9
VPM,INDUSTRIALS,9
VPO Volgohimneft,MATERIALS,9
VPT - NEFTEMASH,ENERGY,9
VPhS,HEALTH CARE,9
VR - PLAST,MATERIALS,9
VRANGEL,INDUSTRIALS,9
VRK,MATERIALS,9
VRZ,INDUSTRIALS,9
VSAT-TEL,COMMUNICATIONS,9
VSC,INDUSTRIALS,9
VSE DLYA REBENKA,REAL ESTATE,9
VSEINSTRUMENTI.RU,CONSUMER DISCRETIONARY,9
VSGC,CONSUMER STAPLES,9
VSK,INDUSTRIALS,9
VSK Trade,ENERGY,9
VSK-NEFTESBYT,ENERGY,9
VSK-TREID,ENERGY,9
VSMPO-AVISMA CORPORATION,MATERIALS,9
VSO PROFIL',INDUSTRIALS,9
VSP,INDUSTRIALS,9
VSRP,INDUSTRIALS,9
VST GRUPP,CONSUMER DISCRETIONARY,9
VT LOGISTIC,CONSUMER STAPLES,9
VT SOLUTIONS LIMITED LIABILITY COMP,INDUSTRIALS,9
VTF,HEALTH CARE,9
VTG-SERVIS,ENERGY,9
VTK,CONSUMER DISCRETIONARY,9
VTK KAMAZ,INDUSTRIALS,9
VTL,INDUSTRIALS,9
VTN-Agency Jsc,INDUSTRIALS,9
VTORALUMINPRODUCT,MATERIALS,9
VTORCHERMET,NOT RELEVANT,9
VTORCHERMET NLMK,MATERIALS,9
VTORMET,NOT RELEVANT,9
VTORMETURAL,INDUSTRIALS,9
VTORMETURAL,MATERIALS,9
VTORRESURS-PERERABOTKA,INDUSTRIALS,9
VTP,INDUSTRIALS,9
VTP Garant,INDUSTRIALS,9
VTPZ,INDUSTRIALS,9
VTS,INDUSTRIALS,18
VTS KOMP'YUTERY I SETI,INFORMATION TECHNOLOGY,9
VTS-9,INDUSTRIALS,9
VTS-METRO,INDUSTRIALS,9
VTS-PROJECT,INDUSTRIALS,9
VTSM,INDUSTRIALS,9
VUSH KHOLDING,INDUSTRIALS,9
VVPPK,INDUSTRIALS,9
VVS,CONSUMER STAPLES,9
VYARTSILYA METAL PRODUCT,MATERIALS,9
VYATKA - UGOL,ENERGY,9
VYATKA-NEFTEPRODUKT,FINANCIALS,9
VYATSKY PLYWOOD MILL,MATERIALS,9
VYAZMA-BRUCITE,MATERIALS,9
VYAZNIKOVSKY KHLEBOKOMBINAT,CONSUMER STAPLES,9
VYBERI RADIO,CONSUMER DISCRETIONARY,9
VYBOR,NOT RELEVANT,9
VYBOR-S,INDUSTRIALS,9
VYBOR-SPB,MATERIALS,9
VYBORGSKOE KAR'EROUPRAVLENIE,MATERIALS,9
VYBORZHETS,CONSUMER STAPLES,9
VYKSA STEEL,MATERIALS,9
VYMPEL,CONSUMER DISCRETIONARY,9
VYSOTA-31,INDUSTRIALS,9
VZLJOT,INDUSTRIALS,9
VZV,CONSUMER DISCRETIONARY,9
Vaderstad,INDUSTRIALS,9
Valenta Pharm,HEALTH CARE,9
Varton,INDUSTRIALS,9
Vasileostrovsky pivovar,CONSUMER STAPLES,9
Vasiljevskaya PF,CONSUMER STAPLES,9
Vector Distribution,CONSUMER STAPLES,9
Vector Rail Active,INDUSTRIALS,9
Veira,CONSUMER STAPLES,9
Velesstroy,ENERGY,9
Velpharm,HEALTH CARE,9
Veltrade,HEALTH CARE,9
Vendom,CONSUMER DISCRETIONARY,9
Vendor fashion retail,CONSUMER DISCRETIONARY,9
Ventra,CONSUMER STAPLES,9
Ventra Alfa Plus,INDUSTRIALS,9
Venture AUTOBAHN,INDUSTRIALS,9
Verallia,MATERIALS,9
Veritas view,CONSUMER DISCRETIONARY,9
Vernij,CONSUMER STAPLES,9
Vertical AKVERDYAN,INDUSTRIALS,9
VestaTrans,INDUSTRIALS,9
Vesthim Company,MATERIALS,9
ViG Customs,INDUSTRIALS,9
Vimos,CONSUMER DISCRETIONARY,9
Vimpel-Communication Public Joint S,COMMUNICATIONS,9
Vinodelnya Vedernikov,CONSUMER STAPLES,9
Virend International,HEALTH CARE,9
Virgin Connect,COMMUNICATIONS,9
Virial,ENERGY,18
Virteks,CONSUMER STAPLES,9
Visawave,CONSUMER DISCRETIONARY,9
Vista,MATERIALS,9
Vistino fuel company,INDUSTRIALS,9
Vitek.rus,CONSUMER DISCRETIONARY,9
Vladimir i Ko,CONSUMER STAPLES,9
Vladimirskiy Khlebokombinat,CONSUMER STAPLES,9
Vneshtorg Farma,HEALTH CARE,9
Volga,INDUSTRIALS,9
Volga,MATERIALS,18
Volga Gas,ENERGY,9
Volga Stanki,INDUSTRIALS,9
Volga-Dnepr,INDUSTRIALS,9
Volga-Dnepr Technics Moscow,INDUSTRIALS,9
VolgaStrap,MATERIALS,9
VolgoPromBytHim,MATERIALS,9
VolgoVyatShina,CONSUMER DISCRETIONARY,9
Voltyre-Prom,INDUSTRIALS,9
Voronezh Transformer,INDUSTRIALS,9
Vortex Technology,CONSUMER DISCRETIONARY,9
Vostochny Port,INDUSTRIALS,9
Vostok Kosmetik,CONSUMER STAPLES,9
Vostok-VED,CONSUMER STAPLES,9
Vostok-leasing (LLC),FINANCIALS,9
VseInstrumenti.ru,CONSUMER DISCRETIONARY,9
Vyazma-Brucite,MATERIALS,9
Vyborjets,CONSUMER STAPLES,9
WAGON-REPAIR COMPANY LIMITED LI,INDUSTRIALS,9
WALLMAX CONSTRUCTION,INDUSTRIALS,9
WALTER CHEMIE,MATERIALS,9
WAREHOUSE NOGINSK,CONSUMER STAPLES,9
WARUM,INFORMATION TECHNOLOGY,9
WATT,INDUSTRIALS,9
WAY,INDUSTRIALS,9
WAY-GROUP,INDUSTRIALS,9
WBD,CONSUMER STAPLES,9
WBD BEVERAGES,CONSUMER STAPLES,9
WDS-Stupino,CONSUMER STAPLES,9
WE-PROJECT,INDUSTRIALS,9
WELLBORE INTEGRITY SERVICE,ENERGY,9
WELLTEC OILFIELD SERVICES (RUS),ENERGY,9
WELLTEX PK,CONSUMER DISCRETIONARY,9
WENTON-MEDICAL,HEALTH CARE,9
WEST,INDUSTRIALS,9
WEST BRIDGE,NOT RELEVANT,9
WEST LAKE,CONSUMER DISCRETIONARY,9
WEST STYLE-PROFI,NOT RELEVANT,9
WEST TECHNO,HEALTH CARE,9
WESTINVEST,NOT RELEVANT,9
WESTMEDSERVICE,HEALTH CARE,9
WESTRYBFLOT,CONSUMER STAPLES,9
WETT-TRANS,INDUSTRIALS,9
WEY TECHNOLOGY,COMMUNICATIONS,9
WH IMPORT COMPANY,CONSUMER STAPLES,9
WHITE,CONSUMER STAPLES,9
WHITECASE LLC USA,NOT RELEVANT,9
WHITEHALL-CENTER,CONSUMER STAPLES,9
WHOOSH,INDUSTRIALS,18
WIKA MERA,INFORMATION TECHNOLOGY,9
WILDBERRIES,CONSUMER DISCRETIONARY,9
WILSI,MATERIALS,18
WIMM-BILL-DANN,CONSUMER STAPLES,9
WINE AND WINE,CONSUMER STAPLES,9
WINE TRAIDING,CONSUMER STAPLES,9
WINELAB,CONSUMER STAPLES,9
WINNER,HEALTH CARE,9
WINNER KAZAN,MATERIALS,9
WINNER VLADIMIR,MATERIALS,9
WINTERSTEIGER,INDUSTRIALS,9
WIREDFLY INVESTMENTS,INDUSTRIALS,9
WISE,NOT RELEVANT,9
WOLF CAR CENTER,NOT RELEVANT,9
WOLF GROUP EAST,MATERIALS,9
WOLF Pack,INDUSTRIALS,9
WONE HOTELS,CONSUMER DISCRETIONARY,9
WOOD FAMILY,CONSUMER DISCRETIONARY,9
WOODHURST HOLDINGS,ENERGY,9
WORK SERVICE JOINT STOCK,INDUSTRIALS,9
WORLDWIDE,COMMUNICATIONS,9
WRAP,COMMUNICATIONS,9
WSM PROJECT,CONSUMER DISCRETIONARY,9
WTC FORT,CONSUMER STAPLES,9
WTE SOUTH-EAST,MATERIALS,9
WTG,CONSUMER DISCRETIONARY,9
Wallcompany,ENERGY,9
Wartsila Digital Technologies,INDUSTRIALS,9
WestMedGrupp,HEALTH CARE,9
Western Realty,NOT RELEVANT,9
Wheel Deal,CONSUMER DISCRETIONARY,9
White and Green,CONSUMER DISCRETIONARY,9
White group,CONSUMER STAPLES,9
WiederKraft,CONSUMER DISCRETIONARY,9
Wikov-Gear,CONSUMER DISCRETIONARY,9
Wimex Group,INDUSTRIALS,9
Woerwag Pharma,HEALTH CARE,9
WoodStock,CONSUMER DISCRETIONARY,9
WÄRTSILÄ VOYAGE,INFORMATION TECHNOLOGY,9
X-RAY SERVICES LIMITED,HEALTH CARE,9
X-com,INFORMATION TECHNOLOGY,9
X-holding,INFORMATION TECHNOLOGY,9
X02111,NOT RELEVANT,9
X5 CORPORATE CENTER,CONSUMER STAPLES,9
X5 HYPER,CONSUMER DISCRETIONARY,9
X5 RETAIL,CONSUMER STAPLES,9
XADO,CONSUMER DISCRETIONARY,9
XIAOMI,CONSUMER DISCRETIONARY,9
XXXXXXXXXX,NOT RELEVANT,9
Y-SVL,INDUSTRIALS,9
Y31035 ERMOLAEV VYACHESLAV,CONSUMER STAPLES,9
Y35091 ALEKSEEV,CONSUMER STAPLES,9
YABLOKO NARTOV,CONSUMER STAPLES,9
YADROMA,NOT RELEVANT,9
YAFTIU,MATERIALS,9
YAGODA,CONSUMER STAPLES,9
YAKOVLEFF ELECTRONICS,INDUSTRIALS,9
YAKOVLEV A.A.,INDUSTRIALS,9
YAKOVLEVSKAYA CHAERAZVESOCHNAYA F,CONSUMER STAPLES,9
YAKOVLEVSKY GOK,MATERIALS,9
YAKUMOV PAVEL ANATOLEVICH,CONSUMER STAPLES,9
YAKUTSKAYA GRES 2,UTILITIES,9
YAKUTSKAYA TORGOVAYA,CONSUMER DISCRETIONARY,9
YAKUTSKENERGO,UTILITIES,9
YAKUTSKII GORMOLZAVOD,CONSUMER STAPLES,9
YAKUTUGOL JSHC,MATERIALS,9
YAM International (CIS),NOT RELEVANT,9
YAMALDORSTROI,ENERGY,9
YAMALKOMMUNEYNERGO,UTILITIES,9
YAMALPROMGEOFIZIKA,ENERGY,9
YAMALSPETSTSENTR,ENERGY,9
YAMAZAKI MAZAK,INDUSTRIALS,9
YANDEKS DTS,INFORMATION TECHNOLOGY,9
YANDEKS PLYUS,INFORMATION TECHNOLOGY,9
YANDEX,INFORMATION TECHNOLOGY,18
YANDEX MARKET,CONSUMER DISCRETIONARY,9
YANDEX.DRIVE,INDUSTRIALS,9
YANGS,INDUSTRIALS,9
YANINO LOGISTICS PARK,INDUSTRIALS,9
YANOS SP,ENERGY,9
YANTAR,CONSUMER STAPLES,9
YANTAR,MATERIALS,9
YAPI SANAYI VE TICARET ANONIM,INDUSTRIALS,9
YAR,CONSUMER STAPLES,9
YARDEM,REAL ESTATE,9
YARDISEL TK,CONSUMER DISCRETIONARY,9
YARFARMA,HEALTH CARE,9
YARGEO,ENERGY,9
YARMARKA STANICHNAYA,FINANCIALS,9
YAROSLAVKY RADIOZAVOD,INDUSTRIALS,9
YAROSLAVL VRZ,INDUSTRIALS,9
YAROSLAVL',CONSUMER DISCRETIONARY,9
YAROSLAVSKAYA LAKOKRASOCHNAYA,MATERIALS,9
YAROSLAVSKII ZAVOD RTI,MATERIALS,9
YAROSLAVSKIY BROILER,CONSUMER STAPLES,9
YAROVIT,MATERIALS,9
YART,MATERIALS,9
YARTSEVSKII KOMBINAT ALKOGOL'NYKH,CONSUMER STAPLES,9
YARVET,HEALTH CARE,9
YASEN ZAKRYTOE AKTSIONERNOE,CONSUMER STAPLES,9
YASEN-AGRO OBSHCHESTVO S,CONSUMER STAPLES,9
YASENEVO,NOT RELEVANT,9
YASHKINO,CONSUMER STAPLES,9
YASON,CONSUMER STAPLES,9
YASON AGRO,CONSUMER STAPLES,9
YATEC,ENERGY,9
YATK,CONSUMER DISCRETIONARY,9
YATU named after V.U. Orlov,NOT RELEVANT,9
YAUZA-KHLEB,CONSUMER STAPLES,9
YAZPK,MATERIALS,9
YE,INDUSTRIALS,9
YELLOW PAGES,CONSUMER DISCRETIONARY,9
YENISEI TERRITORIAL GENERATING,UTILITIES,9
YGAGROHIM,CONSUMER STAPLES,9
YORKER FASHION RETAIL RUS,CONSUMER DISCRETIONARY,9
YORKER RETAIL RUS,CONSUMER DISCRETIONARY,9
YORKER RUS,CONSUMER DISCRETIONARY,9
YOTTA-PHARM,HEALTH CARE,9
YTC,REAL ESTATE,9
YU-MET,INDUSTRIALS,9
YUAIZ,INDUSTRIALS,9
YUBILEINAYA,CONSUMER STAPLES,9
YUBILEINAYA,MATERIALS,9
YUBISI DISTRIBYUSHN,CONSUMER DISCRETIONARY,9
YUBS-KAVKAZ,INDUSTRIALS,9
YUDAKOV ANDREI VLADISLAVOVICH,CONSUMER DISCRETIONARY,9
YUEYK,INDUSTRIALS,9
YUFENAL TREID,CONSUMER STAPLES,9
YUFK,INDUSTRIALS,9
YUG,CONSUMER DISCRETIONARY,27
YUG,CONSUMER STAPLES,9
YUG,INDUSTRIALS,27
YUG BROKER,INDUSTRIALS,9
YUG BYUTI,CONSUMER DISCRETIONARY,9
YUG ENERGO,ENERGY,9
YUG LOGISTIK,INDUSTRIALS,9
YUG RUSI,INDUSTRIALS,9
YUG RUSI - ZOLOTAYA SEMECHKA,CONSUMER STAPLES,9
YUG TLT,INDUSTRIALS,9
YUG TP,INDUSTRIALS,9
YUG-AGRO-MEDIKA,CONSUMER STAPLES,9
YUG-AVTO,CONSUMER DISCRETIONARY,9
YUG-AVTOMOST,INDUSTRIALS,9
YUG-FARM,HEALTH CARE,9
YUG-PROFIL,INDUSTRIALS,18
YUG-PROFIL-SYSTEMS,INDUSTRIALS,9
YUG-UPAK,MATERIALS,9
YUGAGROHOLDING,CONSUMER STAPLES,9
YUGBUNKERSERVIS,INDUSTRIALS,9
YUGBUNKERSERVIS-ROSTOV,INDUSTRIALS,9
YUGCHEMTERMINAL,INDUSTRIALS,9
YUGK,MATERIALS,9
YUGO-VOSTOCHNAYA MAGISTRAL,INDUSTRIALS,9
YUGO-VOSTOK AGRO,MATERIALS,9
YUGOBEREG,INDUSTRIALS,9
YUGPIVO,CONSUMER STAPLES,9
YUGPROM,INDUSTRIALS,9
YUGRA-NASTSTAL,ENERGY,9
YUGRAGIDROSTROI,ENERGY,9
YUGRAS,MATERIALS,9
YUGRITEILLOGISTIKA,CONSUMER DISCRETIONARY,9
YUGSPETSTRANS,ENERGY,9
YUGTECHNOSNAB,NOT RELEVANT,9
YUGTEKHNIKA,INDUSTRIALS,9
YUGTRANZIT,ENERGY,9
YUJURALHLEBTORG,CONSUMER STAPLES,9
YUKA,CONSUMER DISCRETIONARY,9
YUKMP,CONSUMER STAPLES,9
YUKOLA-NEFT,ENERGY,9
YULIANNA,HEALTH CARE,9
YULIYA I K,CONSUMER DISCRETIONARY,9
YUMA,CONSUMER DISCRETIONARY,9
YUMIZH-LES,MATERIALS,9
YUMT-INDASTRI,MATERIALS,9
YUNA-OIL OBSHCHESTVO S,INDUSTRIALS,9
YUNAKO-INVEST,INDUSTRIALS,9
YUNIGAZ,CONSUMER DISCRETIONARY,9
YUNIGREYIN,CONSUMER STAPLES,9
YUNIKO METALL,CONSUMER DISCRETIONARY,9
YUNIKOM EYKSPRESS,CONSUMER DISCRETIONARY,9
YUNIKONT,INDUSTRIALS,9
YUNIKS,HEALTH CARE,9
YUNIKS GRUPP,CONSUMER DISCRETIONARY,9
YUNIMED,HEALTH CARE,18
YUNION,ENERGY,9
YUNION,INDUSTRIALS,9
YUNION,MATERIALS,9
YUNION POLIMER TEKHNOLODZHI,INDUSTRIALS,9
YUNITI-REIK,FINANCIALS,9
YUNIVERFUD,CONSUMER DISCRETIONARY,9
YUNIVERSAL,CONSUMER STAPLES,9
YUNK,INDUSTRIALS,18
YUNKER,CONSUMER DISCRETIONARY,9
YUNOST,CONSUMER DISCRETIONARY,9
YUPITER,CONSUMER STAPLES,9
YUPITER 9,INDUSTRIALS,18
YUPITER K,NOT RELEVANT,9
YUPITER-GRUPP,CONSUMER STAPLES,9
YURAL,CONSUMER DISCRETIONARY,9
YUREEVO,CONSUMER STAPLES,9
YURGINSKII AGRARII,CONSUMER STAPLES,9
YURGINSKY MACHINE ENGINEERING PLA,INDUSTRIALS,9
YURINAT BTD,CONSUMER STAPLES,9
YURK,CONSUMER STAPLES,9
YURTSPO,HEALTH CARE,9
YURVES,CONSUMER STAPLES,9
YUSHKOV VALERII ALEKSANDROVICH,CONSUMER DISCRETIONARY,9
YUSS,CONSUMER STAPLES,9
YUSS,INDUSTRIALS,9
YUTA-NN,CONSUMER STAPLES,9
YUTARA,INDUSTRIALS,9
YUTEKS RU,INDUSTRIALS,9
YUTOI,CONSUMER DISCRETIONARY,9
YUTONG CENTR,CONSUMER DISCRETIONARY,9
YUTS,INDUSTRIALS,9
YUU KZHSI,FINANCIALS,9
YUVELIR-KARAT,CONSUMER DISCRETIONARY,9
YUVELIRY URALA,CONSUMER DISCRETIONARY,9
YUVIKAM,CONSUMER STAPLES,9
YUVIS,MATERIALS,9
YUZHFARM,HEALTH CARE,9
YUZHKUZBASSUGOL,NOT RELEVANT,9
YUZHKUZBASSUGOL UNITED COAL COMPA,MATERIALS,9
YUZHMORRYBFLOT,CONSUMER STAPLES,9
YUZHNAYA,CONSUMER STAPLES,9
YUZHNAYA KORONA,CONSUMER STAPLES,9
YUZHNAYA TOPLIVNAYA COMPANY,ENERGY,9
YUZHNO-URAL'SKII KRIOLITOVYI ZAVO,MATERIALS,9
YUZHNO-URALSKAYA TRANSPORTNAYA EK,INDUSTRIALS,9
YUZHNOURAL'SKII LIZINGOVYI TSENTR,FINANCIALS,9
YUZHNOURALSKI ZMKM,INDUSTRIALS,9
YUZHNYI DOM,MATERIALS,18
YUZHNYI TORGOVYI DOM,CONSUMER STAPLES,9
YUZHTEKHMONTAZH,INDUSTRIALS,9
YUZHURALMEBEL PC,NOT RELEVANT,9
YUZHURALPAK,ENERGY,9
YUZP,MATERIALS,9
YUZTEKH,INFORMATION TECHNOLOGY,9
YUZTEKH PROFESHNL,INFORMATION TECHNOLOGY,9
YVES ROCHER VOSTOK,CONSUMER STAPLES,9
Yagry,CONSUMER STAPLES,9
Yamaha Motor CIS,NOT RELEVANT,9
Yamal,ENERGY,9
Yamal LNG,ENERGY,9
Yandex Project,INDUSTRIALS,9
Yandex.Studio,COMMUNICATIONS,9
Yandex.Taxi,INDUSTRIALS,9
Yarilo,MATERIALS,9
Yaroslavl paraffin-waxes plant,MATERIALS,9
Yarovit Agro,MATERIALS,9
Yaschkino Food Mill,NOT RELEVANT,9
Yasnaya Polyana,CONSUMER STAPLES,9
Yason,CONSUMER STAPLES,9
Yastro-Processing,CONSUMER STAPLES,9
Ybileyny,CONSUMER STAPLES,9
Yeyskaya,CONSUMER STAPLES,9
Yug Rossii,CONSUMER STAPLES,9
Yurinat,CONSUMER STAPLES,9
Yuzhnyi Polyus,CONSUMER STAPLES,9
Z-Med,HEALTH CARE,9
ZA,CONSUMER STAPLES,9
ZA RULEM,NOT RELEVANT,9
ZA RULEM TH,COMMUNICATIONS,9
ZAKHAR FARM,CONSUMER STAPLES,9
ZAKROMA URALA,CONSUMER STAPLES,9
ZAKRYTOE AKTSIONERNOE OB,HEALTH CARE,9
ZAKUPOCHNYI ALYANS,CONSUMER DISCRETIONARY,9
ZALESSKOE MOLOKO,CONSUMER STAPLES,9
ZAMOROZKA,CONSUMER STAPLES,9
ZAO,CONSUMER DISCRETIONARY,9
ZAO,CONSUMER STAPLES,9
ZAO,INDUSTRIALS,9
ZAO,MATERIALS,9
ZAO,NOT RELEVANT,9
ZAO,UTILITIES,9
ZAO BIONT,INFORMATION TECHNOLOGY,9
ZAO FIRMA MOSKVA-AMROS,HEALTH CARE,9
ZAO PERSPEKTIVA,FINANCIALS,9
ZAOSTROVSKIH MARINA ANATOLIEVNA,CONSUMER DISCRETIONARY,9
ZAOZERNY,CONSUMER STAPLES,9
ZAOZERSKII ALEKSEI ALEKSANDROVICH,CONSUMER STAPLES,9
ZAPAD,INDUSTRIALS,9
ZAPADNAYA SIBIR,ENERGY,9
ZAPADNYI PRODUKT,CONSUMER STAPLES,9
ZAPADURALGIDROMASH,INDUSTRIALS,9
ZAPASKA,CONSUMER DISCRETIONARY,18
ZAPSIB-TRANSSERVICE,INDUSTRIALS,9
ZAPSIBCEMENT,CONSUMER DISCRETIONARY,9
ZAPSIBKHLEB,CONSUMER STAPLES,9
ZAPSIBKHLEB-ISET,CONSUMER STAPLES,9
ZAPSIBNEFTEKHIM,MATERIALS,9
ZARA HOME CIS,CONSUMER DISCRETIONARY,9
ZARECHE,CONSUMER DISCRETIONARY,9
ZARECHE,INDUSTRIALS,9
ZARECHENSKIY,NOT RELEVANT,9
ZARECHNAYA MINE,NOT RELEVANT,9
ZAREM,INDUSTRIALS,9
ZARNESTSERVICE,ENERGY,9
ZARUBEZHNEFT,ENERGY,18
ZARUBEZHNEFT-production Kharyaga LL,ENERGY,9
ZARYA,CONSUMER STAPLES,27
ZASYPKINA INNA GERARDOVNA,CONSUMER STAPLES,9
ZAURAL'SKII PRODUKT,CONSUMER STAPLES,9
ZAVISHA ALEKSANDR GENNAD'EVICH,REAL ESTATE,9
ZAVKOM,INDUSTRIALS,9
ZAVKOM-ENGINEERING,INDUSTRIALS,9
ZAVOD,INDUSTRIALS,9
ZAVOD BALTEKOPLAST,NOT RELEVANT,9
ZAVOD DIZELNOY,CONSUMER DISCRETIONARY,9
ZAVOD ISTOKI,CONSUMER STAPLES,9
ZAVOD LOGICROOF,INDUSTRIALS,9
ZAVOD LOSEVO,CONSUMER STAPLES,9
ZAVOD MELKOCHTUCHNIH BETONNIH,CONSUMER DISCRETIONARY,9
ZAVOD METALLICHESKIKH,INDUSTRIALS,9
ZAVOD N 423,INFORMATION TECHNOLOGY,9
ZAVOD OKTYABR,NOT RELEVANT,9
ZAVOD PREOBRAZHENSKI,CONSUMER STAPLES,9
ZAVOD RUCHI ZAKRYTOE,CONSUMER STAPLES,9
ZAVOD SEVERNAYA VENETSIYA,CONSUMER STAPLES,9
ZAVOD SPETSAGREGAT,INDUSTRIALS,9
ZAVOD SVERHTVERDIH,NOT RELEVANT,9
ZAVOD TOPLIVNOY,CONSUMER DISCRETIONARY,9
ZAVOD UPAKOVOCHNYH IZDELIY TOKK,MATERIALS,9
ZAVODY FINANSOVO-,NOT RELEVANT,9
ZAVOLZHSKAYA,CONSUMER STAPLES,9
ZAVOLZHSKY MOTORNY ZAVOD,NOT RELEVANT,9
ZDOROVE NATSII,CONSUMER STAPLES,9
ZDP KOBOLDO,MATERIALS,9
ZDRAVITSA,HEALTH CARE,9
ZDRAVMEDTEKH-P,HEALTH CARE,9
ZDRAVSERVIS,HEALTH CARE,9
ZDVINSKOE,CONSUMER STAPLES,9
ZELENYE LINII,CONSUMER STAPLES,9
ZELENYI DOM,CONSUMER STAPLES,9
ZEMLEROINYE,INDUSTRIALS,9
ZEMLITSA,INDUSTRIALS,9
ZEMLYA,CONSUMER STAPLES,18
ZEMLYAKOFF,MATERIALS,9
ZEMLYANSKMOLOKO,NOT RELEVANT,9
ZENDEN,CONSUMER DISCRETIONARY,9
ZENIT,INDUSTRIALS,9
ZENTIVA PHARMA LIMITED,HEALTH CARE,9
ZENTR SIBTRANSKOMPLEKTAZII,NOT RELEVANT,9
ZEOTEK,INDUSTRIALS,9
ZERNICA,CONSUMER STAPLES,9
ZERNO,CONSUMER STAPLES,18
ZERNO KOMBIKORMA,CONSUMER STAPLES,9
ZERNO-TRADE,CONSUMER STAPLES,9
ZERNO-YUG-SERVICE,CONSUMER STAPLES,9
ZERNOGRADSKOE,INDUSTRIALS,9
ZERNOTRADE,CONSUMER STAPLES,18
ZET-MED,HEALTH CARE,9
ZETA,INDUSTRIALS,9
ZEYM,MATERIALS,9
ZF KAMA,INDUSTRIALS,9
ZFZ,MATERIALS,9
ZGS,INDUSTRIALS,9
ZHALIMOV DMITRII VLADIMIROVICH,CONSUMER STAPLES,9
ZHASMIN,INDUSTRIALS,18
ZHBI VERNER,INDUSTRIALS,9
ZHBI-5,MATERIALS,9
ZHBI74,INDUSTRIALS,9
ZHD TRANS,INDUSTRIALS,9
ZHELDOREKSPEDITSIYA,INDUSTRIALS,18
ZHELEZNODOROZHNYE MASHINY,INDUSTRIALS,9
ZHELEZNOGORSKII KIRPICHNYI,MATERIALS,9
ZHENEL TREID,HEALTH CARE,9
ZHIGULISKAN,INDUSTRIALS,9
ZHILPROMSERVIS,INDUSTRIALS,9
ZHITNITSA,CONSUMER STAPLES,9
ZHITNITSA ALTAYA,CONSUMER DISCRETIONARY,9
ZHITNITSA-TORG PLYUS,CONSUMER STAPLES,9
ZHITO,CONSUMER STAPLES,9
ZHK KHOLDING,CONSUMER STAPLES,9
ZHKKH VOLOGDAGORVODOKANAL,UTILITIES,9
ZHLPK,MATERIALS,9
ZHUK,REAL ESTATE,9
ZHULKOVSKII ALEKSANDR VLADIMIROVI,CONSUMER DISCRETIONARY,9
ZHVZ,CONSUMER STAPLES,9
ZIF-1,NOT RELEVANT,9
ZIL-GARANT,CONSUMER DISCRETIONARY,9
ZIM RUSSIA JOINT-STOCK,INDUSTRIALS,9
ZIMOVNIKI,CONSUMER STAPLES,9
ZINCO TRADE,MATERIALS,9
ZINOVYV ALEKSANDR SERGEEVICH,INDUSTRIALS,9
ZIRAKS,MATERIALS,9
ZITADEL,CONSUMER STAPLES,9
ZK HLEBOPRODUCT,CONSUMER STAPLES,9
ZKI,INDUSTRIALS,9
ZKK,MATERIALS,9
ZKLZ,INDUSTRIALS,9
ZKO,INDUSTRIALS,9
ZKPD TOMSKOI DOMOSTROITEL'NOI,INDUSTRIALS,9
ZKS,INDUSTRIALS,18
ZLAK-INVEST,CONSUMER STAPLES,9
ZLAKI NA ZAVTRAK,CONSUMER STAPLES,9
ZLATOUSTOVSKIY,INDUSTRIALS,9
ZLK DEKOR,ENERGY,9
ZMI-PROFIT,INDUSTRIALS,9
ZMK MAGNUM,NOT RELEVANT,9
ZMR,INDUSTRIALS,9
ZMZ,NOT RELEVANT,9
ZOK,MATERIALS,9
ZOLLRU,INDUSTRIALS,9
ZOLOTAYA LINIYA,HEALTH CARE,9
ZOLOTAYA RUS',CONSUMER DISCRETIONARY,9
ZOLOTAYA SEMECHKA,CONSUMER STAPLES,9
ZOLOTO DEL'MACHIK,MATERIALS,9
ZOLOTO KAMCHATKI,MATERIALS,9
ZOLOTOE YABLOKO,CONSUMER STAPLES,9
ZOLOTOI KOLOS,CONSUMER STAPLES,9
ZOLOTOI SERPANTIN,CONSUMER DISCRETIONARY,9
ZOLOTYE KLUCHI MPF,NOT RELEVANT,9
ZOLOTYE LUGA,CONSUMER STAPLES,9
ZOLT GRUPP,INDUSTRIALS,9
ZOLTWASSER,INDUSTRIALS,9
ZORINSKII,NOT RELEVANT,9
ZOSTMAIER AVTOMOBILI,CONSUMER DISCRETIONARY,9
ZOTA,INDUSTRIALS,9
ZOTEEV M.A.,NOT RELEVANT,9
ZOZAN,CONSUMER STAPLES,9
ZPF,MATERIALS,9
ZPI ALTERNATIVA,CONSUMER DISCRETIONARY,9
ZPRP-ENERGOSERVIS,NOT RELEVANT,9
ZPT POZHAVTO,INDUSTRIALS,9
ZPTO NAMED AFTER S.M. KIROV,INDUSTRIALS,9
ZRM CHISTOPOL'SKII,CONSUMER STAPLES,9
ZSLK,FINANCIALS,9
ZSMK,MATERIALS,9
ZSP,INDUSTRIALS,9
ZSSK,INDUSTRIALS,9
ZST GIRD,INDUSTRIALS,9
ZTI-M,MATERIALS,9
ZUBR,CONSUMER STAPLES,9
ZUM,MATERIALS,9
ZVEZDA,CONSUMER STAPLES,18
ZVEZDA,MATERIALS,9
ZVEZDA ELEI,CONSUMER STAPLES,9
ZVEZDA NEVY,NOT RELEVANT,9
ZVEZDA SIBIRI,CONSUMER DISCRETIONARY,9
ZVEZDNYI DAR,REAL ESTATE,9
ZVT,CONSUMER STAPLES,9
ZYKOVICH LYUDMILA NIKOLAEVNA,CONSUMER DISCRETIONARY,9
ZZBO,INDUSTRIALS,9
ZZHBO,INDUSTRIALS,9
Zamania,CONSUMER DISCRETIONARY,9
Zapkarelles,MATERIALS,9
Zarnestservice,NOT RELEVANT,9
Zarplata.ru,CONSUMER DISCRETIONARY,9
Zarubezhenergoproekt,UTILITIES,9
Zavod ProEnTech,ENERGY,9
Zdravservice,HEALTH CARE,18
Zelinsky,INDUSTRIALS,9
Zemlyakoff CP ltd,MATERIALS,9
Zenith,MATERIALS,9
Zeppelin Russland,INDUSTRIALS,9
Zerno,CONSUMER STAPLES,9
Zhirekensky GOK,MATERIALS,9
Zhitnitsa Altaya,CONSUMER STAPLES,9
Zielinski and Rozen perfumerie,CONSUMER STAPLES,9
Zirax,MATERIALS,9
Zirax-Nefteservice,ENERGY,9
Zitron,INDUSTRIALS,9
Znamya,MATERIALS,9
Zodiac,MATERIALS,9
Zoetis,NOT RELEVANT,9
Zvezda,CONSUMER STAPLES,9
"and DD company,",CONSUMER DISCRETIONARY,9
and Forwarding Company Le,INDUSTRIALS,9
and N,CONSUMER STAPLES,9
and N Trade,CONSUMER STAPLES,9
and trading Co. Argos-,INDUSTRIALS,9
capital,ENERGY,9
company Aminosib,CONSUMER STAPLES,9
company Eksmo,COMMUNICATIONS,9
company KMKK,CONSUMER STAPLES,9
company Vesta,INDUSTRIALS,9
development,HEALTH CARE,9
end S Management,MATERIALS,9
export,ENERGY,9
fizika,INFORMATION TECHNOLOGY,9
house URALCHEM,MATERIALS,9
iCon,COMMUNICATIONS,9
iConLab,INDUSTRIALS,9
iCore,INFORMATION TECHNOLOGY,18
inc.,HEALTH CARE,9
liability company Bazelevs,COMMUNICATIONS,9
liability company Borlas,INFORMATION TECHNOLOGY,9
liability company ESKO,HEALTH CARE,9
liability company MVM,CONSUMER DISCRETIONARY,9
liability company MagellanT,INDUSTRIALS,9
liability company Menshen,MATERIALS,9
liability company Productio,CONSUMER STAPLES,9
limited liability Company KULMBACH-,CONSUMER STAPLES,9
logistics,INDUSTRIALS,9
"medical partners - Clinic, L",HEALTH CARE,9
medical partners-IT,HEALTH CARE,9
name,industry,8
obuv,CONSUMER DISCRETIONARY,9
of the Companies POWER ENGI,INDUSTRIALS,9
of the Company Deloitte and Touc,INDUSTRIALS,9
plus,MATERIALS,9
reStore,CONSUMER DISCRETIONARY,9
s.Oliver EE,CONSUMER DISCRETIONARY,9
school Brookes,CONSUMER DISCRETIONARY,9
service technologies,INDUSTRIALS,9
stock company Permalko,CONSUMER STAPLES,9
