industry,ending
COMMUNICATIONS,-2000
COMMUNICATIONS,-BIRZHA
COMMUNICATIONS,-INVEST
COMMUNICATIONS,-KNIGA
COMMUNICATIONS,-Project
COMMUNICATIONS,-SERVIS
COMMUNICATIONS,-SVYAZ
COMMUNICATIONS,-SVYAZ'
COMMUNICATIONS,-Service
COMMUNICATIONS,-TEL
COMMUNICATIONS,-TELEKOM
COMMUNICATIONS,-TELEPORT
COMMUNICATIONS,.RU
COMMUNICATIONS,.Studio
COMMUNICATIONS,.ru
COMMUNICATIONS,000
COMMUNICATIONS,1-SERVIS
COMMUNICATIONS,1-Service
COMMUNICATIONS,2000
COMMUNICATIONS,A-SVYAZ'
COMMUNICATIONS,ABBIT
COMMUNICATIONS,ACTION
COMMUNICATIONS,ADV
COMMUNICATIONS,ADVANCE
COMMUNICATIONS,ADVERT.RU
COMMUNICATIONS,ADVISERS
COMMUNICATIONS,AFON
COMMUNICATIONS,AIST
COMMUNICATIONS,AL-KNIGA
COMMUNICATIONS,ALAN
COMMUNICATIONS,ALL
COMMUNICATIONS,AMNET
COMMUNICATIONS,ANCE
COMMUNICATIONS,ANT
COMMUNICATIONS,ANTEL
COMMUNICATIONS,APLAN
COMMUNICATIONS,APPLIKA
COMMUNICATIONS,APRO
COMMUNICATIONS,ARENA
COMMUNICATIONS,ARTA
COMMUNICATIONS,ARTEL
COMMUNICATIONS,ARTS
COMMUNICATIONS,ASTERTEL
COMMUNICATIONS,AT-TEL
COMMUNICATIONS,ATAPRO
COMMUNICATIONS,ATT
COMMUNICATIONS,AUDIOTELE
COMMUNICATIONS,AVANTEL
COMMUNICATIONS,AZ'
COMMUNICATIONS,AZH-2000
COMMUNICATIONS,Adlabs.ru
COMMUNICATIONS,BBIT
COMMUNICATIONS,BEFREE
COMMUNICATIONS,BEN
COMMUNICATIONS,BIRSKIE
COMMUNICATIONS,BIRZHA
COMMUNICATIONS,BIT
COMMUNICATIONS,CARTEL
COMMUNICATIONS,CEFEY
COMMUNICATIONS,CENTRE
COMMUNICATIONS,COM
COMMUNICATIONS,COMCOR
COMMUNICATIONS,COR
COMMUNICATIONS,CTION
COMMUNICATIONS,Con
COMMUNICATIONS,DATAPRO
COMMUNICATIONS,DEFT
COMMUNICATIONS,DIA
COMMUNICATIONS,DIALAN
COMMUNICATIONS,DIAPLAN
COMMUNICATIONS,DIOTELE
COMMUNICATIONS,DNA
COMMUNICATIONS,DVANCE
COMMUNICATIONS,DVERT.RU
COMMUNICATIONS,DVISERS
COMMUNICATIONS,DWIDE
COMMUNICATIONS,Data
COMMUNICATIONS,ECH
COMMUNICATIONS,ECOM
COMMUNICATIONS,EDI
COMMUNICATIONS,EDIA
COMMUNICATIONS,EDIALAN
COMMUNICATIONS,EDIAPLAN
COMMUNICATIONS,EDNA
COMMUNICATIONS,EFEY
COMMUNICATIONS,EFREE
COMMUNICATIONS,EFT
COMMUNICATIONS,EGAFON
COMMUNICATIONS,EKHCENTRE
COMMUNICATIONS,EKOM
COMMUNICATIONS,EKSMO
COMMUNICATIONS,EL-SVYAZ
COMMUNICATIONS,ELE
COMMUNICATIONS,ELECOM
COMMUNICATIONS,ELEKOM
COMMUNICATIONS,ELEPORT
COMMUNICATIONS,EMA
COMMUNICATIONS,ENA
COMMUNICATIONS,ENFORTA
COMMUNICATIONS,ENTECH
COMMUNICATIONS,ENTRE
COMMUNICATIONS,EPORT
COMMUNICATIONS,ERICA
COMMUNICATIONS,ERKROSS
COMMUNICATIONS,ERS
COMMUNICATIONS,ERSANT
COMMUNICATIONS,ERT.RU
COMMUNICATIONS,ERTEL
COMMUNICATIONS,ERVIS
COMMUNICATIONS,EST
COMMUNICATIONS,ESTONE
COMMUNICATIONS,ETRONOM
COMMUNICATIONS,EVENTECH
COMMUNICATIONS,EXTRIM
COMMUNICATIONS,FEY
COMMUNICATIONS,FON
COMMUNICATIONS,FORTA
COMMUNICATIONS,FREE
COMMUNICATIONS,GAFON
COMMUNICATIONS,H-2000
COMMUNICATIONS,HCENTRE
COMMUNICATIONS,I-TELEKOM
COMMUNICATIONS,I.RU
COMMUNICATIONS,I22
COMMUNICATIONS,IALAN
COMMUNICATIONS,IAPLAN
COMMUNICATIONS,IBEN
COMMUNICATIONS,IBIRSKIE
COMMUNICATIONS,ICA
COMMUNICATIONS,IDE
COMMUNICATIONS,IGA
COMMUNICATIONS,IKA
COMMUNICATIONS,IKS
COMMUNICATIONS,ILESTONE
COMMUNICATIONS,IMS
COMMUNICATIONS,INNOWATT
COMMUNICATIONS,INVEST
COMMUNICATIONS,ION
COMMUNICATIONS,IOTELE
COMMUNICATIONS,IRSKIE
COMMUNICATIONS,IRZHA
COMMUNICATIONS,ISERS
COMMUNICATIONS,IST
COMMUNICATIONS,ISTEM
COMMUNICATIONS,ISTEMA
COMMUNICATIONS,ITERICA
COMMUNICATIONS,ITI22
COMMUNICATIONS,IUMPH
COMMUNICATIONS,IVI.RU
COMMUNICATIONS,JSFC
COMMUNICATIONS,K-SERVIS
COMMUNICATIONS,KA-SVYAZ'
COMMUNICATIONS,KHCENTRE
COMMUNICATIONS,KIE
COMMUNICATIONS,KNIGA
COMMUNICATIONS,KOM
COMMUNICATIONS,KROSS
COMMUNICATIONS,KSMO
COMMUNICATIONS,Kinopoisk
COMMUNICATIONS,L-KNIGA
COMMUNICATIONS,L-SVYAZ
COMMUNICATIONS,LAN
COMMUNICATIONS,LDWIDE
COMMUNICATIONS,LECOM
COMMUNICATIONS,LEKOM
COMMUNICATIONS,LEPORT
COMMUNICATIONS,LESTONE
COMMUNICATIONS,LIKA
COMMUNICATIONS,M-BIRZHA
COMMUNICATIONS,M-INVEST
COMMUNICATIONS,M1-SERVIS
COMMUNICATIONS,MARTS
COMMUNICATIONS,MASTERTEL
COMMUNICATIONS,MAX
COMMUNICATIONS,MCOR
COMMUNICATIONS,MEDIA
COMMUNICATIONS,MEDIALAN
COMMUNICATIONS,MEDIAPLAN
COMMUNICATIONS,MEGAFON
COMMUNICATIONS,MERSANT
COMMUNICATIONS,METRONOM
COMMUNICATIONS,MILESTONE
COMMUNICATIONS,MMERSANT
COMMUNICATIONS,MNET
COMMUNICATIONS,MPH
COMMUNICATIONS,MTS
COMMUNICATIONS,MTT
COMMUNICATIONS,MUR
COMMUNICATIONS,NAL-KNIGA
COMMUNICATIONS,NCE
COMMUNICATIONS,NET
COMMUNICATIONS,NFORTA
COMMUNICATIONS,NIGA
COMMUNICATIONS,NNOWATT
COMMUNICATIONS,NOM
COMMUNICATIONS,NOWATT
COMMUNICATIONS,NST
COMMUNICATIONS,NTECH
COMMUNICATIONS,NTEL
COMMUNICATIONS,NTERKROSS
COMMUNICATIONS,NTRE
COMMUNICATIONS,NVBS
COMMUNICATIONS,NVEST
COMMUNICATIONS,OM-BIRZHA
COMMUNICATIONS,OM-INVEST
COMMUNICATIONS,OMCOR
COMMUNICATIONS,OMMERSANT
COMMUNICATIONS,ONE
COMMUNICATIONS,ONOM
COMMUNICATIONS,OOM
COMMUNICATIONS,OPEN
COMMUNICATIONS,ORION
COMMUNICATIONS,ORLDWIDE
COMMUNICATIONS,ORT
COMMUNICATIONS,ORTA
COMMUNICATIONS,OSISTEM
COMMUNICATIONS,OSS
COMMUNICATIONS,OSTELECOM
COMMUNICATIONS,OTELE
COMMUNICATIONS,OVOSISTEM
COMMUNICATIONS,OWATT
COMMUNICATIONS,PARTA
COMMUNICATIONS,PEN
COMMUNICATIONS,PJSFC
COMMUNICATIONS,PLAN
COMMUNICATIONS,PLIKA
COMMUNICATIONS,PORT
COMMUNICATIONS,PPLIKA
COMMUNICATIONS,PRO
COMMUNICATIONS,Pipe
COMMUNICATIONS,Project
COMMUNICATIONS,Quantum
COMMUNICATIONS,R-Project
COMMUNICATIONS,RABBIT
COMMUNICATIONS,RAP
COMMUNICATIONS,RBC
COMMUNICATIONS,REE
COMMUNICATIONS,RENA
COMMUNICATIONS,RICA
COMMUNICATIONS,RIM
COMMUNICATIONS,RION
COMMUNICATIONS,RIUMPH
COMMUNICATIONS,RKROSS
COMMUNICATIONS,RLDWIDE
COMMUNICATIONS,RONOM
COMMUNICATIONS,ROSS
COMMUNICATIONS,RSANT
COMMUNICATIONS,RSKIE
COMMUNICATIONS,RT.RU
COMMUNICATIONS,RTA
COMMUNICATIONS,RTEL
COMMUNICATIONS,RTS
COMMUNICATIONS,RVIS
COMMUNICATIONS,RZHA
COMMUNICATIONS,Rabbit
COMMUNICATIONS,SAF
COMMUNICATIONS,SANT
COMMUNICATIONS,SAT-TEL
COMMUNICATIONS,SCARTEL
COMMUNICATIONS,SERS
COMMUNICATIONS,SERVIS
COMMUNICATIONS,SEVENTECH
COMMUNICATIONS,SFC
COMMUNICATIONS,SIBEN
COMMUNICATIONS,SIBIRSKIE
COMMUNICATIONS,SISTEM
COMMUNICATIONS,SISTEMA
COMMUNICATIONS,SITI22
COMMUNICATIONS,SKIE
COMMUNICATIONS,SMARTS
COMMUNICATIONS,SMO
COMMUNICATIONS,SMUR
COMMUNICATIONS,SPARTA
COMMUNICATIONS,STELECOM
COMMUNICATIONS,STEM
COMMUNICATIONS,STEMA
COMMUNICATIONS,STERTEL
COMMUNICATIONS,STONE
COMMUNICATIONS,SVYAZ
COMMUNICATIONS,SVYAZ'
COMMUNICATIONS,SafeData
COMMUNICATIONS,Service
COMMUNICATIONS,Starlink
COMMUNICATIONS,Studio
COMMUNICATIONS,T-TEL
COMMUNICATIONS,T-TELEKOM
COMMUNICATIONS,T.RU
COMMUNICATIONS,TAPRO
COMMUNICATIONS,TAZH-2000
COMMUNICATIONS,TECH
COMMUNICATIONS,TEL
COMMUNICATIONS,TEL-SVYAZ
COMMUNICATIONS,TELE
COMMUNICATIONS,TELECOM
COMMUNICATIONS,TELEKOM
COMMUNICATIONS,TELEPORT
COMMUNICATIONS,TEM
COMMUNICATIONS,TEMA
COMMUNICATIONS,TERICA
COMMUNICATIONS,TERKROSS
COMMUNICATIONS,TERTEL
COMMUNICATIONS,TI22
COMMUNICATIONS,TION
COMMUNICATIONS,TK-SERVIS
COMMUNICATIONS,TONE
COMMUNICATIONS,TRE
COMMUNICATIONS,TRIM
COMMUNICATIONS,TRIUMPH
COMMUNICATIONS,TRONOM
COMMUNICATIONS,UDIOTELE
COMMUNICATIONS,UMPH
COMMUNICATIONS,VANCE
COMMUNICATIONS,VANTEL
COMMUNICATIONS,VBS
COMMUNICATIONS,VEDI
COMMUNICATIONS,VENTECH
COMMUNICATIONS,VERT.RU
COMMUNICATIONS,VEST
COMMUNICATIONS,VI.RU
COMMUNICATIONS,VIS
COMMUNICATIONS,VISERS
COMMUNICATIONS,VOSISTEM
COMMUNICATIONS,VSAT-TEL
COMMUNICATIONS,VYAZ
COMMUNICATIONS,VYAZ'
COMMUNICATIONS,WATT
COMMUNICATIONS,WIDE
COMMUNICATIONS,WORLDWIDE
COMMUNICATIONS,WRAP
COMMUNICATIONS,XTRIM
COMMUNICATIONS,YAZ
COMMUNICATIONS,YAZ'
COMMUNICATIONS,ZH-2000
COMMUNICATIONS,ZHA
COMMUNICATIONS,abbit
COMMUNICATIONS,abs.ru
COMMUNICATIONS,afeData
COMMUNICATIONS,antum
COMMUNICATIONS,arlink
COMMUNICATIONS,ata
COMMUNICATIONS,atsiya
COMMUNICATIONS,bbit
COMMUNICATIONS,bit
COMMUNICATIONS,bs.ru
COMMUNICATIONS,cePipe
COMMUNICATIONS,dio
COMMUNICATIONS,dlabs.ru
COMMUNICATIONS,eData
COMMUNICATIONS,ePipe
COMMUNICATIONS,ect
COMMUNICATIONS,ervice
COMMUNICATIONS,ex.Studio
COMMUNICATIONS,feData
COMMUNICATIONS,iCon
COMMUNICATIONS,ice
COMMUNICATIONS,icePipe
COMMUNICATIONS,ink
COMMUNICATIONS,inopoisk
COMMUNICATIONS,ipe
COMMUNICATIONS,isk
COMMUNICATIONS,iya
COMMUNICATIONS,ject
COMMUNICATIONS,labs.ru
COMMUNICATIONS,link
COMMUNICATIONS,nopoisk
COMMUNICATIONS,ntum
COMMUNICATIONS,oisk
COMMUNICATIONS,oject
COMMUNICATIONS,opoisk
COMMUNICATIONS,oratsiya
COMMUNICATIONS,poisk
COMMUNICATIONS,poratsiya
COMMUNICATIONS,ratsiya
COMMUNICATIONS,rlink
COMMUNICATIONS,roject
COMMUNICATIONS,rvice
COMMUNICATIONS,rvicePipe
COMMUNICATIONS,s.ru
COMMUNICATIONS,siya
COMMUNICATIONS,tarlink
COMMUNICATIONS,tsiya
COMMUNICATIONS,tudio
COMMUNICATIONS,tum
COMMUNICATIONS,uantum
COMMUNICATIONS,udio
COMMUNICATIONS,vice
COMMUNICATIONS,vicePipe
COMMUNICATIONS,x.Studio
CONSUMER DISCRETIONARY,'-OIL
CONSUMER DISCRETIONARY,'-SERVIS
CONSUMER DISCRETIONARY,'FA-K
CONSUMER DISCRETIONARY,'NYE
CONSUMER DISCRETIONARY,'OCCITANE
CONSUMER DISCRETIONARY,'TA
CONSUMER DISCRETIONARY,'TERRA
CONSUMER DISCRETIONARY,'YUKHAVN
CONSUMER DISCRETIONARY,-260
CONSUMER DISCRETIONARY,-36
CONSUMER DISCRETIONARY,-40
CONSUMER DISCRETIONARY,-45
CONSUMER DISCRETIONARY,-ACK2
CONSUMER DISCRETIONARY,-AKOM
CONSUMER DISCRETIONARY,-ALEX
CONSUMER DISCRETIONARY,-ALTAI
CONSUMER DISCRETIONARY,-ALYANS
CONSUMER DISCRETIONARY,-AMUR
CONSUMER DISCRETIONARY,-ARENA
CONSUMER DISCRETIONARY,-ASKK
CONSUMER DISCRETIONARY,-ATO
CONSUMER DISCRETIONARY,-AUTO
CONSUMER DISCRETIONARY,-AVAKS
CONSUMER DISCRETIONARY,-AVTO
CONSUMER DISCRETIONARY,-AVTOVAZ
CONSUMER DISCRETIONARY,-Autocom
CONSUMER DISCRETIONARY,-Avto
CONSUMER DISCRETIONARY,-BALT
CONSUMER DISCRETIONARY,-BRYANSK
CONSUMER DISCRETIONARY,-BTL
CONSUMER DISCRETIONARY,-CAR
CONSUMER DISCRETIONARY,-CENTER
CONSUMER DISCRETIONARY,-CINEMA
CONSUMER DISCRETIONARY,-CITY
CONSUMER DISCRETIONARY,-CITY/TVD
CONSUMER DISCRETIONARY,-DETAL
CONSUMER DISCRETIONARY,-DISKI
CONSUMER DISCRETIONARY,-DIZAIN
CONSUMER DISCRETIONARY,-DON
CONSUMER DISCRETIONARY,-EURO
CONSUMER DISCRETIONARY,-EVRO
CONSUMER DISCRETIONARY,-EYKO
CONSUMER DISCRETIONARY,-FINANS
CONSUMER DISCRETIONARY,-FR
CONSUMER DISCRETIONARY,-GARANT
CONSUMER DISCRETIONARY,-GRAND
CONSUMER DISCRETIONARY,-GROUP
CONSUMER DISCRETIONARY,-GRUPP
CONSUMER DISCRETIONARY,-Gear
CONSUMER DISCRETIONARY,-HIT
CONSUMER DISCRETIONARY,-HOTEL
CONSUMER DISCRETIONARY,-IGRUSHKA
CONSUMER DISCRETIONARY,-IMPORT
CONSUMER DISCRETIONARY,"-INTER"""
CONSUMER DISCRETIONARY,-INVEST
CONSUMER DISCRETIONARY,-IVANOVO
CONSUMER DISCRETIONARY,-KA
CONSUMER DISCRETIONARY,-KARAT
CONSUMER DISCRETIONARY,-KASHIRKA
CONSUMER DISCRETIONARY,-KEMEROVO
CONSUMER DISCRETIONARY,-KHOLL
CONSUMER DISCRETIONARY,-KIA
CONSUMER DISCRETIONARY,-KKM
CONSUMER DISCRETIONARY,-KMV
CONSUMER DISCRETIONARY,-KRONA
CONSUMER DISCRETIONARY,-Klimat
CONSUMER DISCRETIONARY,-Komplekt
CONSUMER DISCRETIONARY,-LADA
CONSUMER DISCRETIONARY,-LAIN
CONSUMER DISCRETIONARY,-LAZER
CONSUMER DISCRETIONARY,-LEND
CONSUMER DISCRETIONARY,-LIGA
CONSUMER DISCRETIONARY,-LOGOS
CONSUMER DISCRETIONARY,-LUX
CONSUMER DISCRETIONARY,-LYUKS
CONSUMER DISCRETIONARY,-MARKET
CONSUMER DISCRETIONARY,-MEDIA
CONSUMER DISCRETIONARY,-MIKRON
CONSUMER DISCRETIONARY,-MK
CONSUMER DISCRETIONARY,-MODUL'
CONSUMER DISCRETIONARY,-MOTORS
CONSUMER DISCRETIONARY,-MSK
CONSUMER DISCRETIONARY,-MTS
CONSUMER DISCRETIONARY,-N1
CONSUMER DISCRETIONARY,-NB
CONSUMER DISCRETIONARY,-NK
CONSUMER DISCRETIONARY,-NORD
CONSUMER DISCRETIONARY,-NTS
CONSUMER DISCRETIONARY,-OBNINSK
CONSUMER DISCRETIONARY,-OIL
CONSUMER DISCRETIONARY,-OPT
CONSUMER DISCRETIONARY,-OST
CONSUMER DISCRETIONARY,-OTEL
CONSUMER DISCRETIONARY,-OVSEENKO
CONSUMER DISCRETIONARY,-PAK
CONSUMER DISCRETIONARY,-PARNAS
CONSUMER DISCRETIONARY,-PERM
CONSUMER DISCRETIONARY,-PLANETA
CONSUMER DISCRETIONARY,-PLAST
CONSUMER DISCRETIONARY,-PLASTIKA
CONSUMER DISCRETIONARY,-PLYUS
CONSUMER DISCRETIONARY,-POLYMER
CONSUMER DISCRETIONARY,-PREMIUM
CONSUMER DISCRETIONARY,-PRESTIZH
CONSUMER DISCRETIONARY,-PREZENT
CONSUMER DISCRETIONARY,-PROEKT
CONSUMER DISCRETIONARY,-PUSHKINO
CONSUMER DISCRETIONARY,-Polymer
CONSUMER DISCRETIONARY,-R2
CONSUMER DISCRETIONARY,-RD
CONSUMER DISCRETIONARY,-REGION
CONSUMER DISCRETIONARY,-RESTART
CONSUMER DISCRETIONARY,-RETAIL
CONSUMER DISCRETIONARY,-ROS
CONSUMER DISCRETIONARY,-RS
CONSUMER DISCRETIONARY,-RUS
CONSUMER DISCRETIONARY,-Rest
CONSUMER DISCRETIONARY,-SAMARA
CONSUMER DISCRETIONARY,-SAR
CONSUMER DISCRETIONARY,-SARATOV
CONSUMER DISCRETIONARY,-SERVICE
CONSUMER DISCRETIONARY,-SERVIS
CONSUMER DISCRETIONARY,-SHINA
CONSUMER DISCRETIONARY,-SHINTORG
CONSUMER DISCRETIONARY,-SHINY
CONSUMER DISCRETIONARY,-SIBIR
CONSUMER DISCRETIONARY,-SITI
CONSUMER DISCRETIONARY,-SK
CONSUMER DISCRETIONARY,-SP
CONSUMER DISCRETIONARY,-STEP
CONSUMER DISCRETIONARY,-STRIT
CONSUMER DISCRETIONARY,-STROI
CONSUMER DISCRETIONARY,-SZ
CONSUMER DISCRETIONARY,-Shina
CONSUMER DISCRETIONARY,-Step
CONSUMER DISCRETIONARY,-TA
CONSUMER DISCRETIONARY,-TANDEM
CONSUMER DISCRETIONARY,-TEKHNIS
CONSUMER DISCRETIONARY,-TEKS
CONSUMER DISCRETIONARY,-TEKSTIL'
CONSUMER DISCRETIONARY,-TOURISM
CONSUMER DISCRETIONARY,-TP
CONSUMER DISCRETIONARY,-TRANZIT
CONSUMER DISCRETIONARY,-TRAST
CONSUMER DISCRETIONARY,-TREID
CONSUMER DISCRETIONARY,-TRUCKS
CONSUMER DISCRETIONARY,-TSA
CONSUMER DISCRETIONARY,-TSENTR
CONSUMER DISCRETIONARY,-TULA
CONSUMER DISCRETIONARY,-TV
CONSUMER DISCRETIONARY,-TYVA
CONSUMER DISCRETIONARY,-Tech
CONSUMER DISCRETIONARY,-Tyres
CONSUMER DISCRETIONARY,-UFA
CONSUMER DISCRETIONARY,-UG
CONSUMER DISCRETIONARY,-URAL
CONSUMER DISCRETIONARY,-Ural
CONSUMER DISCRETIONARY,-VIDNOE
CONSUMER DISCRETIONARY,-VORONEZH
CONSUMER DISCRETIONARY,-VOSTOK
CONSUMER DISCRETIONARY,-VOUS
CONSUMER DISCRETIONARY,-VR
CONSUMER DISCRETIONARY,-Vek
CONSUMER DISCRETIONARY,-YOURSELF
CONSUMER DISCRETIONARY,-YUG
CONSUMER DISCRETIONARY,-YUG-KKM
CONSUMER DISCRETIONARY,-ZAPA
CONSUMER DISCRETIONARY,-ZOLOTO
CONSUMER DISCRETIONARY,.-1
CONSUMER DISCRETIONARY,.B.M.
CONSUMER DISCRETIONARY,.EM.SI.
CONSUMER DISCRETIONARY,.M.
CONSUMER DISCRETIONARY,.N.
CONSUMER DISCRETIONARY,.P.R.
CONSUMER DISCRETIONARY,.R.
CONSUMER DISCRETIONARY,.RU
CONSUMER DISCRETIONARY,.SI.
CONSUMER DISCRETIONARY,.STUDIYA
CONSUMER DISCRETIONARY,.e.-1
CONSUMER DISCRETIONARY,.ru
CONSUMER DISCRETIONARY,.rus
CONSUMER DISCRETIONARY,.v.e.-1
CONSUMER DISCRETIONARY,/TVD
CONSUMER DISCRETIONARY,000
CONSUMER DISCRETIONARY,1.RU
CONSUMER DISCRETIONARY,111
CONSUMER DISCRETIONARY,12storeez
CONSUMER DISCRETIONARY,2000
CONSUMER DISCRETIONARY,260
CONSUMER DISCRETIONARY,2storeez
CONSUMER DISCRETIONARY,4GROUP
CONSUMER DISCRETIONARY,4MEDIA
CONSUMER DISCRETIONARY,700
CONSUMER DISCRETIONARY,:BUS
CONSUMER DISCRETIONARY,A-4
CONSUMER DISCRETIONARY,A-7
CONSUMER DISCRETIONARY,A-AMUR
CONSUMER DISCRETIONARY,A-AVTO
CONSUMER DISCRETIONARY,A-CENTER
CONSUMER DISCRETIONARY,A-FR
CONSUMER DISCRETIONARY,A-GROUP
CONSUMER DISCRETIONARY,A-INVEST
CONSUMER DISCRETIONARY,A-K
CONSUMER DISCRETIONARY,A-LEND
CONSUMER DISCRETIONARY,A-MARKET
CONSUMER DISCRETIONARY,A-MEDIA
CONSUMER DISCRETIONARY,A-MIKRON
CONSUMER DISCRETIONARY,A-MK
CONSUMER DISCRETIONARY,A-MOTORS
CONSUMER DISCRETIONARY,A-MTS
CONSUMER DISCRETIONARY,A-N
CONSUMER DISCRETIONARY,A-OPT
CONSUMER DISCRETIONARY,A-RD
CONSUMER DISCRETIONARY,A-RUS
CONSUMER DISCRETIONARY,A-SERVIS
CONSUMER DISCRETIONARY,A-TREID
CONSUMER DISCRETIONARY,A-TSA
CONSUMER DISCRETIONARY,A-TSENTR
CONSUMER DISCRETIONARY,A-TULA
CONSUMER DISCRETIONARY,A-UG
CONSUMER DISCRETIONARY,A-URAL
CONSUMER DISCRETIONARY,A-VR
CONSUMER DISCRETIONARY,A-ZAPA
CONSUMER DISCRETIONARY,A.P.R.
CONSUMER DISCRETIONARY,A.RU
CONSUMER DISCRETIONARY,A.STUDIYA
CONSUMER DISCRETIONARY,A.v.e.-1
CONSUMER DISCRETIONARY,AAA
CONSUMER DISCRETIONARY,AAS
CONSUMER DISCRETIONARY,ABILKO
CONSUMER DISCRETIONARY,ABLIK
CONSUMER DISCRETIONARY,ABLIK-R
CONSUMER DISCRETIONARY,ABRAZIV
CONSUMER DISCRETIONARY,ABREEX
CONSUMER DISCRETIONARY,ABRIKA
CONSUMER DISCRETIONARY,ABY-HIT
CONSUMER DISCRETIONARY,ACADEMIYA
CONSUMER DISCRETIONARY,ACAR
CONSUMER DISCRETIONARY,ACHA
CONSUMER DISCRETIONARY,ACHISHKHO
CONSUMER DISCRETIONARY,ACK
CONSUMER DISCRETIONARY,ACK2
CONSUMER DISCRETIONARY,ACKTOUR
CONSUMER DISCRETIONARY,ACS
CONSUMER DISCRETIONARY,ACTIVE
CONSUMER DISCRETIONARY,AD-AVTO
CONSUMER DISCRETIONARY,AD-SERVIS
CONSUMER DISCRETIONARY,ADA
CONSUMER DISCRETIONARY,ADA-ZAPA
CONSUMER DISCRETIONARY,ADE
CONSUMER DISCRETIONARY,ADECON
CONSUMER DISCRETIONARY,ADEMIYA
CONSUMER DISCRETIONARY,ADIATOR
CONSUMER DISCRETIONARY,ADIDAS
CONSUMER DISCRETIONARY,ADISLAV
CONSUMER DISCRETIONARY,ADNITSA
CONSUMER DISCRETIONARY,ADO
CONSUMER DISCRETIONARY,ADOMARKET
CONSUMER DISCRETIONARY,ADOST
CONSUMER DISCRETIONARY,ADRA
CONSUMER DISCRETIONARY,ADV
CONSUMER DISCRETIONARY,ADVERS
CONSUMER DISCRETIONARY,AEN
CONSUMER DISCRETIONARY,"AEN.,"
CONSUMER DISCRETIONARY,AER
CONSUMER DISCRETIONARY,AER-SK
CONSUMER DISCRETIONARY,AER-SP
CONSUMER DISCRETIONARY,AEROFIRST
CONSUMER DISCRETIONARY,AEYROFUD
CONSUMER DISCRETIONARY,AFT
CONSUMER DISCRETIONARY,AGAVA
CONSUMER DISCRETIONARY,AGAZIN
CONSUMER DISCRETIONARY,AGEMENT
CONSUMER DISCRETIONARY,AGISTRAL
CONSUMER DISCRETIONARY,AGMAN
CONSUMER DISCRETIONARY,AGMENT
CONSUMER DISCRETIONARY,AGORA
CONSUMER DISCRETIONARY,AGR
CONSUMER DISCRETIONARY,AGROTRANS
CONSUMER DISCRETIONARY,AIF-NK
CONSUMER DISCRETIONARY,AIKAN
CONSUMER DISCRETIONARY,AIKON
CONSUMER DISCRETIONARY,AIL
CONSUMER DISCRETIONARY,AILOVO
CONSUMER DISCRETIONARY,AILS
CONSUMER DISCRETIONARY,AILY
CONSUMER DISCRETIONARY,AIN
CONSUMER DISCRETIONARY,AIND
CONSUMER DISCRETIONARY,AIROS
CONSUMER DISCRETIONARY,AIS
CONSUMER DISCRETIONARY,AISON
CONSUMER DISCRETIONARY,AIST
CONSUMER DISCRETIONARY,AJECTORY
CONSUMER DISCRETIONARY,AKALU
CONSUMER DISCRETIONARY,AKAZ
CONSUMER DISCRETIONARY,AKB
CONSUMER DISCRETIONARY,AKCIM
CONSUMER DISCRETIONARY,AKETIKO
CONSUMER DISCRETIONARY,AKHA
CONSUMER DISCRETIONARY,AKHTA
CONSUMER DISCRETIONARY,AKMOTORS
CONSUMER DISCRETIONARY,AKO
CONSUMER DISCRETIONARY,AKODES
CONSUMER DISCRETIONARY,AKOM
CONSUMER DISCRETIONARY,AKOVKI
CONSUMER DISCRETIONARY,AKS
CONSUMER DISCRETIONARY,AKSERVICE
CONSUMER DISCRETIONARY,AKSIDOM
CONSUMER DISCRETIONARY,AKSIMUM
CONSUMER DISCRETIONARY,AKTIV
CONSUMER DISCRETIONARY,AKTSENTR
CONSUMER DISCRETIONARY,AKTURA
CONSUMER DISCRETIONARY,AKTY
CONSUMER DISCRETIONARY,AKURA
CONSUMER DISCRETIONARY,AKVAMARIN
CONSUMER DISCRETIONARY,AKVARIO
CONSUMER DISCRETIONARY,AKVATORYA
CONSUMER DISCRETIONARY,AL'
CONSUMER DISCRETIONARY,AL'FA-K
CONSUMER DISCRETIONARY,AL'TA
CONSUMER DISCRETIONARY,AL'TERRA
CONSUMER DISCRETIONARY,"AL,"
CONSUMER DISCRETIONARY,"AL-INTER"""
CONSUMER DISCRETIONARY,AL-NK
CONSUMER DISCRETIONARY,AL-OIL
CONSUMER DISCRETIONARY,ALARII
CONSUMER DISCRETIONARY,ALAVTO
CONSUMER DISCRETIONARY,ALBATROS
CONSUMER DISCRETIONARY,ALCON
CONSUMER DISCRETIONARY,ALD
CONSUMER DISCRETIONARY,ALELEKTRO
CONSUMER DISCRETIONARY,ALENDVIK
CONSUMER DISCRETIONARY,ALER
CONSUMER DISCRETIONARY,ALES
CONSUMER DISCRETIONARY,ALET
CONSUMER DISCRETIONARY,ALEX
CONSUMER DISCRETIONARY,ALFATEK
CONSUMER DISCRETIONARY,ALIANT
CONSUMER DISCRETIONARY,ALIS
CONSUMER DISCRETIONARY,ALKORR
CONSUMER DISCRETIONARY,ALL
CONSUMER DISCRETIONARY,ALLERT
CONSUMER DISCRETIONARY,ALLERY
CONSUMER DISCRETIONARY,ALLORO
CONSUMER DISCRETIONARY,ALMAKS
CONSUMER DISCRETIONARY,ALON
CONSUMER DISCRETIONARY,ALPLIT
CONSUMER DISCRETIONARY,ALSERVIS
CONSUMER DISCRETIONARY,ALSI
CONSUMER DISCRETIONARY,ALSNAB
CONSUMER DISCRETIONARY,ALT
CONSUMER DISCRETIONARY,ALTA
CONSUMER DISCRETIONARY,ALTAI
CONSUMER DISCRETIONARY,ALTEKS
CONSUMER DISCRETIONARY,ALTERRA
CONSUMER DISCRETIONARY,ALU
CONSUMER DISCRETIONARY,ALUMET
CONSUMER DISCRETIONARY,ALVE
CONSUMER DISCRETIONARY,ALYANS
CONSUMER DISCRETIONARY,ALYSH
CONSUMER DISCRETIONARY,ALYUKS
CONSUMER DISCRETIONARY,ALZRU
CONSUMER DISCRETIONARY,AM-INVEST
CONSUMER DISCRETIONARY,AMA
CONSUMER DISCRETIONARY,AMAG
CONSUMER DISCRETIONARY,AMAKO
CONSUMER DISCRETIONARY,AMARA
CONSUMER DISCRETIONARY,AMARIN
CONSUMER DISCRETIONARY,AMBA
CONSUMER DISCRETIONARY,AMEBEL
CONSUMER DISCRETIONARY,AMEL
CONSUMER DISCRETIONARY,AMERENIE
CONSUMER DISCRETIONARY,AMFITRION
CONSUMER DISCRETIONARY,AMIS
CONSUMER DISCRETIONARY,AMITAL'
CONSUMER DISCRETIONARY,AMImport
CONSUMER DISCRETIONARY,AMKAPITAL
CONSUMER DISCRETIONARY,AMMA
CONSUMER DISCRETIONARY,AMO
CONSUMER DISCRETIONARY,AMODA
CONSUMER DISCRETIONARY,AMOS
CONSUMER DISCRETIONARY,AMS
CONSUMER DISCRETIONARY,AMSON-OPT
CONSUMER DISCRETIONARY,AMUR
CONSUMER DISCRETIONARY,AN-UFA
CONSUMER DISCRETIONARY,ANA-AVTO
CONSUMER DISCRETIONARY,ANAGEMENT
CONSUMER DISCRETIONARY,ANAVTO
CONSUMER DISCRETIONARY,ANCE
CONSUMER DISCRETIONARY,ANCHUNG
CONSUMER DISCRETIONARY,ANCY
CONSUMER DISCRETIONARY,AND
CONSUMER DISCRETIONARY,AND-MSK
CONSUMER DISCRETIONARY,ANDEM
CONSUMER DISCRETIONARY,ANDFAYANS
CONSUMER DISCRETIONARY,ANDRIA
CONSUMER DISCRETIONARY,ANDT
CONSUMER DISCRETIONARY,ANE
CONSUMER DISCRETIONARY,ANEL
CONSUMER DISCRETIONARY,ANETA
CONSUMER DISCRETIONARY,ANFARFOR
CONSUMER DISCRETIONARY,ANGARD
CONSUMER DISCRETIONARY,ANGAZEYA
CONSUMER DISCRETIONARY,ANGLE
CONSUMER DISCRETIONARY,ANGSTREM
CONSUMER DISCRETIONARY,ANIA
CONSUMER DISCRETIONARY,ANIE
CONSUMER DISCRETIONARY,ANIKA
CONSUMER DISCRETIONARY,ANIYA
CONSUMER DISCRETIONARY,ANKOIZDAT
CONSUMER DISCRETIONARY,ANLAN
CONSUMER DISCRETIONARY,ANOD
CONSUMER DISCRETIONARY,ANOI
CONSUMER DISCRETIONARY,ANOPUS
CONSUMER DISCRETIONARY,ANORAMA
CONSUMER DISCRETIONARY,ANOVO
CONSUMER DISCRETIONARY,ANPAK
CONSUMER DISCRETIONARY,ANS
CONSUMER DISCRETIONARY,ANS-SHINA
CONSUMER DISCRETIONARY,ANS-STROI
CONSUMER DISCRETIONARY,ANSH
CONSUMER DISCRETIONARY,ANSI
CONSUMER DISCRETIONARY,ANSISTEM
CONSUMER DISCRETIONARY,ANSK
CONSUMER DISCRETIONARY,ANSKII
CONSUMER DISCRETIONARY,ANSKOM
CONSUMER DISCRETIONARY,ANSLACK
CONSUMER DISCRETIONARY,ANSMETALL
CONSUMER DISCRETIONARY,ANSMOTORS
CONSUMER DISCRETIONARY,ANSPARK
CONSUMER DISCRETIONARY,ANSSVYAZ'
CONSUMER DISCRETIONARY,ANT
CONSUMER DISCRETIONARY,ANT-D
CONSUMER DISCRETIONARY,ANT-URAL
CONSUMER DISCRETIONARY,ANTA
CONSUMER DISCRETIONARY,ANTAVTO
CONSUMER DISCRETIONARY,ANTAZIYA
CONSUMER DISCRETIONARY,ANTENNA
CONSUMER DISCRETIONARY,ANTERS
CONSUMER DISCRETIONARY,ANTEYL-M
CONSUMER DISCRETIONARY,ANTIC
CONSUMER DISCRETIONARY,ANTOCHA
CONSUMER DISCRETIONARY,ANTS
CONSUMER DISCRETIONARY,ANTSERNA
CONSUMER DISCRETIONARY,ANTUM
CONSUMER DISCRETIONARY,ANY
CONSUMER DISCRETIONARY,ANYCAR
CONSUMER DISCRETIONARY,ANZHELYUS
CONSUMER DISCRETIONARY,ANZIT
CONSUMER DISCRETIONARY,ANZIT-OIL
CONSUMER DISCRETIONARY,ANZITSITI
CONSUMER DISCRETIONARY,ANZLER
CONSUMER DISCRETIONARY,ANZZA
CONSUMER DISCRETIONARY,AOMI
CONSUMER DISCRETIONARY,AP-PLYUS
CONSUMER DISCRETIONARY,APA
CONSUMER DISCRETIONARY,APASKA
CONSUMER DISCRETIONARY,APCHAST
CONSUMER DISCRETIONARY,APEKS
CONSUMER DISCRETIONARY,APER
CONSUMER DISCRETIONARY,APGREID
CONSUMER DISCRETIONARY,APHY
CONSUMER DISCRETIONARY,APITAL
CONSUMER DISCRETIONARY,APLIT
CONSUMER DISCRETIONARY,APPETIT
CONSUMER DISCRETIONARY,APPYLOOK
CONSUMER DISCRETIONARY,APRIS
CONSUMER DISCRETIONARY,APRUN
CONSUMER DISCRETIONARY,ARA
CONSUMER DISCRETIONARY,ARA-URAL
CONSUMER DISCRETIONARY,ARA.RU
CONSUMER DISCRETIONARY,ARAMBA
CONSUMER DISCRETIONARY,ARAMEL
CONSUMER DISCRETIONARY,ARANT
CONSUMER DISCRETIONARY,ARAT
CONSUMER DISCRETIONARY,ARATOV
CONSUMER DISCRETIONARY,ARCHER
CONSUMER DISCRETIONARY,ARD
CONSUMER DISCRETIONARY,ARD-HOTEL
CONSUMER DISCRETIONARY,ARDARIKA
CONSUMER DISCRETIONARY,ARECHE
CONSUMER DISCRETIONARY,ARENA
CONSUMER DISCRETIONARY,AREVKA
CONSUMER DISCRETIONARY,ARFOR
CONSUMER DISCRETIONARY,ARFUM
CONSUMER DISCRETIONARY,ARGOT
CONSUMER DISCRETIONARY,ARI
CONSUMER DISCRETIONARY,ARIANT-D
CONSUMER DISCRETIONARY,ARIFLOR
CONSUMER DISCRETIONARY,ARIGATO
CONSUMER DISCRETIONARY,ARII
CONSUMER DISCRETIONARY,ARIKA
CONSUMER DISCRETIONARY,ARIN
CONSUMER DISCRETIONARY,ARIO
CONSUMER DISCRETIONARY,ARIST
CONSUMER DISCRETIONARY,ARIYA
CONSUMER DISCRETIONARY,ARK
CONSUMER DISCRETIONARY,ARK-OTEL
CONSUMER DISCRETIONARY,ARKET
CONSUMER DISCRETIONARY,ARKETING
CONSUMER DISCRETIONARY,ARM
CONSUMER DISCRETIONARY,ARMA
CONSUMER DISCRETIONARY,ARMA-UG
CONSUMER DISCRETIONARY,ARMADA
CONSUMER DISCRETIONARY,ARMONIKA
CONSUMER DISCRETIONARY,ARMTEK
CONSUMER DISCRETIONARY,ARNAS
CONSUMER DISCRETIONARY,ARNAUL
CONSUMER DISCRETIONARY,AROSLAVL'
CONSUMER DISCRETIONARY,ARREDO
CONSUMER DISCRETIONARY,ARS
CONSUMER DISCRETIONARY,ARSENAL
CONSUMER DISCRETIONARY,ARSET
CONSUMER DISCRETIONARY,ART
CONSUMER DISCRETIONARY,ART-AVTO
CONSUMER DISCRETIONARY,ART-MSK
CONSUMER DISCRETIONARY,ART-STROI
CONSUMER DISCRETIONARY,ARTAUDIO
CONSUMER DISCRETIONARY,ARTEKS
CONSUMER DISCRETIONARY,ARTEN
CONSUMER DISCRETIONARY,ARTEX
CONSUMER DISCRETIONARY,ARTEYK
CONSUMER DISCRETIONARY,ARTNER
CONSUMER DISCRETIONARY,ARTNER-TA
CONSUMER DISCRETIONARY,ARUS
CONSUMER DISCRETIONARY,ARYER
CONSUMER DISCRETIONARY,ARZ
CONSUMER DISCRETIONARY,AS-5
CONSUMER DISCRETIONARY,AS-NTS
CONSUMER DISCRETIONARY,AS-OPT
CONSUMER DISCRETIONARY,AS-Shina
CONSUMER DISCRETIONARY,AS-TRUCKS
CONSUMER DISCRETIONARY,AS-ZOLOTO
CONSUMER DISCRETIONARY,ASCH-R
CONSUMER DISCRETIONARY,ASCOPE
CONSUMER DISCRETIONARY,ASH
CONSUMER DISCRETIONARY,ASHIRKA
CONSUMER DISCRETIONARY,ASHKA
CONSUMER DISCRETIONARY,ASHKIRIYA
CONSUMER DISCRETIONARY,ASKA
CONSUMER DISCRETIONARY,ASKANIYA
CONSUMER DISCRETIONARY,ASKK
CONSUMER DISCRETIONARY,ASKO
CONSUMER DISCRETIONARY,ASM-ALTAI
CONSUMER DISCRETIONARY,ASOMA
CONSUMER DISCRETIONARY,ASPAB
CONSUMER DISCRETIONARY,ASS
CONSUMER DISCRETIONARY,ASSIO
CONSUMER DISCRETIONARY,ASSVET
CONSUMER DISCRETIONARY,AST
CONSUMER DISCRETIONARY,ASTER
CONSUMER DISCRETIONARY,ASTER-L
CONSUMER DISCRETIONARY,ASTER-N
CONSUMER DISCRETIONARY,ASTER-R
CONSUMER DISCRETIONARY,ASTERIS
CONSUMER DISCRETIONARY,ASTEROVIT
CONSUMER DISCRETIONARY,ASTIKA
CONSUMER DISCRETIONARY,ASTIYA
CONSUMER DISCRETIONARY,ASTLAND
CONSUMER DISCRETIONARY,ASTMARKET
CONSUMER DISCRETIONARY,ASTON
CONSUMER DISCRETIONARY,ASWERY
CONSUMER DISCRETIONARY,AT-PLYUS
CONSUMER DISCRETIONARY,ATA
CONSUMER DISCRETIONARY,ATALIS
CONSUMER DISCRETIONARY,ATE
CONSUMER DISCRETIONARY,ATEK
CONSUMER DISCRETIONARY,ATEKS
CONSUMER DISCRETIONARY,ATERKOM
CONSUMER DISCRETIONARY,ATH
CONSUMER DISCRETIONARY,ATIK
CONSUMER DISCRETIONARY,ATIKA
CONSUMER DISCRETIONARY,ATIKO
CONSUMER DISCRETIONARY,ATK
CONSUMER DISCRETIONARY,ATKOVO
CONSUMER DISCRETIONARY,ATL
CONSUMER DISCRETIONARY,ATLANTA
CONSUMER DISCRETIONARY,ATLAS
CONSUMER DISCRETIONARY,ATLAS-NTS
CONSUMER DISCRETIONARY,ATM
CONSUMER DISCRETIONARY,ATO
CONSUMER DISCRETIONARY,ATOLL
CONSUMER DISCRETIONARY,ATOR
CONSUMER DISCRETIONARY,ATOR-E
CONSUMER DISCRETIONARY,ATORSOFT
CONSUMER DISCRETIONARY,ATORYA
CONSUMER DISCRETIONARY,ATOV
CONSUMER DISCRETIONARY,ATROS
CONSUMER DISCRETIONARY,ATSM
CONSUMER DISCRETIONARY,ATT
CONSUMER DISCRETIONARY,ATUS
CONSUMER DISCRETIONARY,AUDIO
CONSUMER DISCRETIONARY,AUF
CONSUMER DISCRETIONARY,AUL
CONSUMER DISCRETIONARY,AUN
CONSUMER DISCRETIONARY,AURA-TULA
CONSUMER DISCRETIONARY,AURANTS
CONSUMER DISCRETIONARY,AURUS
CONSUMER DISCRETIONARY,AUTEK
CONSUMER DISCRETIONARY,AUTO
CONSUMER DISCRETIONARY,AUTO-EURO
CONSUMER DISCRETIONARY,AUTO-EVRO
CONSUMER DISCRETIONARY,AUTOLIGHT
CONSUMER DISCRETIONARY,AUTOPITER
CONSUMER DISCRETIONARY,AVA
CONSUMER DISCRETIONARY,AVABILKO
CONSUMER DISCRETIONARY,AVAKS
CONSUMER DISCRETIONARY,AVANGARD
CONSUMER DISCRETIONARY,AVDETAL'
CONSUMER DISCRETIONARY,AVEI
CONSUMER DISCRETIONARY,AVELATA
CONSUMER DISCRETIONARY,AVERS
CONSUMER DISCRETIONARY,AVERT
CONSUMER DISCRETIONARY,AVIRA
CONSUMER DISCRETIONARY,AVKA
CONSUMER DISCRETIONARY,AVL'
CONSUMER DISCRETIONARY,AVN
CONSUMER DISCRETIONARY,AVORIT
CONSUMER DISCRETIONARY,AVR
CONSUMER DISCRETIONARY,AVRORA
CONSUMER DISCRETIONARY,AVT
CONSUMER DISCRETIONARY,AVTO
CONSUMER DISCRETIONARY,AVTO-1
CONSUMER DISCRETIONARY,AVTO-CITY
CONSUMER DISCRETIONARY,AVTO-SITI
CONSUMER DISCRETIONARY,AVTO-YUG
CONSUMER DISCRETIONARY,AVTOBAM
CONSUMER DISCRETIONARY,AVTODISK
CONSUMER DISCRETIONARY,AVTOFORUM
CONSUMER DISCRETIONARY,AVTOGRAD
CONSUMER DISCRETIONARY,AVTOMOTIV
CONSUMER DISCRETIONARY,AVTOOPT
CONSUMER DISCRETIONARY,AVTOPILOT
CONSUMER DISCRETIONARY,AVTOPUNKT
CONSUMER DISCRETIONARY,AVTOR
CONSUMER DISCRETIONARY,AVTOREAL
CONSUMER DISCRETIONARY,AVTOSTAR
CONSUMER DISCRETIONARY,AVTOTRAK
CONSUMER DISCRETIONARY,AVTOVAZ
CONSUMER DISCRETIONARY,AXARA
CONSUMER DISCRETIONARY,AXEL-NORD
CONSUMER DISCRETIONARY,AXIDOM
CONSUMER DISCRETIONARY,AXIMA
CONSUMER DISCRETIONARY,AXIMIZE
CONSUMER DISCRETIONARY,AXIMUM
CONSUMER DISCRETIONARY,AYA
CONSUMER DISCRETIONARY,AYANS
CONSUMER DISCRETIONARY,AYORAL
CONSUMER DISCRETIONARY,AYS
CONSUMER DISCRETIONARY,AYTERG
CONSUMER DISCRETIONARY,AZ'
CONSUMER DISCRETIONARY,AZA
CONSUMER DISCRETIONARY,AZER
CONSUMER DISCRETIONARY,AZEYA
CONSUMER DISCRETIONARY,AZIN
CONSUMER DISCRETIONARY,AZIV
CONSUMER DISCRETIONARY,AZIYA
CONSUMER DISCRETIONARY,AZIYA-4
CONSUMER DISCRETIONARY,AZNOY
CONSUMER DISCRETIONARY,AZOIL
CONSUMER DISCRETIONARY,AZOTOP
CONSUMER DISCRETIONARY,AZREGION
CONSUMER DISCRETIONARY,AZS-N1
CONSUMER DISCRETIONARY,AZSERVIS
CONSUMER DISCRETIONARY,AZURIT
CONSUMER DISCRETIONARY,Action
CONSUMER DISCRETIONARY,Akvatep
CONSUMER DISCRETIONARY,Alfa-KA
CONSUMER DISCRETIONARY,ArtProm
CONSUMER DISCRETIONARY,Artex
CONSUMER DISCRETIONARY,Ascona
CONSUMER DISCRETIONARY,AutoCity
CONSUMER DISCRETIONARY,AutoKit
CONSUMER DISCRETIONARY,Autocom
CONSUMER DISCRETIONARY,Automir
CONSUMER DISCRETIONARY,Avto
CONSUMER DISCRETIONARY,Azov-Tech
CONSUMER DISCRETIONARY,B-AUTO
CONSUMER DISCRETIONARY,B-AVTO
CONSUMER DISCRETIONARY,B-BRYANSK
CONSUMER DISCRETIONARY,B-TSENTR
CONSUMER DISCRETIONARY,B.M.
CONSUMER DISCRETIONARY,BABY-HIT
CONSUMER DISCRETIONARY,BAL
CONSUMER DISCRETIONARY,BALT
CONSUMER DISCRETIONARY,BAM
CONSUMER DISCRETIONARY,BANFARFOR
CONSUMER DISCRETIONARY,BARAMBA
CONSUMER DISCRETIONARY,BARIST
CONSUMER DISCRETIONARY,BARNAUL
CONSUMER DISCRETIONARY,BARYER
CONSUMER DISCRETIONARY,BARZ
CONSUMER DISCRETIONARY,BAS
CONSUMER DISCRETIONARY,BASS
CONSUMER DISCRETIONARY,BAT
CONSUMER DISCRETIONARY,BATIK
CONSUMER DISCRETIONARY,BATROS
CONSUMER DISCRETIONARY,BAUTEK
CONSUMER DISCRETIONARY,BAYTERG
CONSUMER DISCRETIONARY,BCEMENT
CONSUMER DISCRETIONARY,BEDA
CONSUMER DISCRETIONARY,BEGEMOT
CONSUMER DISCRETIONARY,BEK
CONSUMER DISCRETIONARY,BEKAS
CONSUMER DISCRETIONARY,BEKO
CONSUMER DISCRETIONARY,BEKTIV
CONSUMER DISCRETIONARY,BEL
CONSUMER DISCRETIONARY,BEL'
CONSUMER DISCRETIONARY,BEL'NYE
CONSUMER DISCRETIONARY,BELAMOS
CONSUMER DISCRETIONARY,BELGRAD
CONSUMER DISCRETIONARY,BELKA
CONSUMER DISCRETIONARY,BERA
CONSUMER DISCRETIONARY,BERG
CONSUMER DISCRETIONARY,BERLINGO
CONSUMER DISCRETIONARY,BERON
CONSUMER DISCRETIONARY,BERRIES
CONSUMER DISCRETIONARY,BERTSY
CONSUMER DISCRETIONARY,BESEMA
CONSUMER DISCRETIONARY,BEST
CONSUMER DISCRETIONARY,BESTEKS
CONSUMER DISCRETIONARY,BGYDRAL
CONSUMER DISCRETIONARY,BIGLION
CONSUMER DISCRETIONARY,BILEND
CONSUMER DISCRETIONARY,BILKO
CONSUMER DISCRETIONARY,BILNYE
CONSUMER DISCRETIONARY,BILSOVET
CONSUMER DISCRETIONARY,BIN
CONSUMER DISCRETIONARY,BIO
CONSUMER DISCRETIONARY,BIOGRAPHY
CONSUMER DISCRETIONARY,BIR
CONSUMER DISCRETIONARY,BIR'
CONSUMER DISCRETIONARY,BIRSK
CONSUMER DISCRETIONARY,BIRYUSA
CONSUMER DISCRETIONARY,BIS
CONSUMER DISCRETIONARY,BITIEYM
CONSUMER DISCRETIONARY,BITUMNYE
CONSUMER DISCRETIONARY,BKA
CONSUMER DISCRETIONARY,BKM
CONSUMER DISCRETIONARY,BL-TV
CONSUMER DISCRETIONARY,BLIK
CONSUMER DISCRETIONARY,BLIK-R
CONSUMER DISCRETIONARY,BLOK
CONSUMER DISCRETIONARY,BMOTORS
CONSUMER DISCRETIONARY,BMR
CONSUMER DISCRETIONARY,BN-MOTORS
CONSUMER DISCRETIONARY,BNINSK
CONSUMER DISCRETIONARY,BNM-1
CONSUMER DISCRETIONARY,BNM-2
CONSUMER DISCRETIONARY,BNM-3
CONSUMER DISCRETIONARY,BNS
CONSUMER DISCRETIONARY,BOI
CONSUMER DISCRETIONARY,BOIL
CONSUMER DISCRETIONARY,BOOK
CONSUMER DISCRETIONARY,BOOKING
CONSUMER DISCRETIONARY,BOOM
CONSUMER DISCRETIONARY,BORK
CONSUMER DISCRETIONARY,BOV-AVTO
CONSUMER DISCRETIONARY,BOVID
CONSUMER DISCRETIONARY,BOX
CONSUMER DISCRETIONARY,BPW-OST
CONSUMER DISCRETIONARY,BRANDT
CONSUMER DISCRETIONARY,BRAZIV
CONSUMER DISCRETIONARY,BREEX
CONSUMER DISCRETIONARY,BRI
CONSUMER DISCRETIONARY,BRIKA
CONSUMER DISCRETIONARY,BRINEYKS
CONSUMER DISCRETIONARY,BRO
CONSUMER DISCRETIONARY,BRYANSK
CONSUMER DISCRETIONARY,BRYUT
CONSUMER DISCRETIONARY,BTL
CONSUMER DISCRETIONARY,BURG
CONSUMER DISCRETIONARY,BURGER
CONSUMER DISCRETIONARY,BUS
CONSUMER DISCRETIONARY,BUTEKS.RU
CONSUMER DISCRETIONARY,BUV
CONSUMER DISCRETIONARY,BUVI
CONSUMER DISCRETIONARY,BY-HIT
CONSUMER DISCRETIONARY,BYT
CONSUMER DISCRETIONARY,BYTPLAST
CONSUMER DISCRETIONARY,Baby
CONSUMER DISCRETIONARY,BaltCam
CONSUMER DISCRETIONARY,Baltnavis
CONSUMER DISCRETIONARY,BamBook
CONSUMER DISCRETIONARY,Baucenter
CONSUMER DISCRETIONARY,BioBaby
CONSUMER DISCRETIONARY,Blum
CONSUMER DISCRETIONARY,Bogemia
CONSUMER DISCRETIONARY,Book
CONSUMER DISCRETIONARY,Bosco
CONSUMER DISCRETIONARY,Brigadier
CONSUMER DISCRETIONARY,Brinex
CONSUMER DISCRETIONARY,Bytplast
CONSUMER DISCRETIONARY,CADEMIYA
CONSUMER DISCRETIONARY,CALZRU
CONSUMER DISCRETIONARY,CAR
CONSUMER DISCRETIONARY,CARSET
CONSUMER DISCRETIONARY,CAS-OPT
CONSUMER DISCRETIONARY,CAT
CONSUMER DISCRETIONARY,CCC
CONSUMER DISCRETIONARY,CCITANE
CONSUMER DISCRETIONARY,CCO-ROS
CONSUMER DISCRETIONARY,CE-LUX
CONSUMER DISCRETIONARY,CEMENT
CONSUMER DISCRETIONARY,CENTER
CONSUMER DISCRETIONARY,CENTR
CONSUMER DISCRETIONARY,CENTRO
CONSUMER DISCRETIONARY,CENTROBUV
CONSUMER DISCRETIONARY,CENTROTEH
CONSUMER DISCRETIONARY,CEPT
CONSUMER DISCRETIONARY,CH-R
CONSUMER DISCRETIONARY,CHA
CONSUMER DISCRETIONARY,CHANEL
CONSUMER DISCRETIONARY,CHAST
CONSUMER DISCRETIONARY,CHAVTO
CONSUMER DISCRETIONARY,CHCENTER
CONSUMER DISCRETIONARY,CHE
CONSUMER DISCRETIONARY,CHENII
CONSUMER DISCRETIONARY,CHENIYE
CONSUMER DISCRETIONARY,CHER
CONSUMER DISCRETIONARY,CHI-ATO
CONSUMER DISCRETIONARY,CHISHKHO
CONSUMER DISCRETIONARY,CHITNAY
CONSUMER DISCRETIONARY,CHKOM
CONSUMER DISCRETIONARY,CHNIK
CONSUMER DISCRETIONARY,CHNOTORG
CONSUMER DISCRETIONARY,CHOOL
CONSUMER DISCRETIONARY,CHTA
CONSUMER DISCRETIONARY,CHUNG
CONSUMER DISCRETIONARY,CIM
CONSUMER DISCRETIONARY,CINEMA
CONSUMER DISCRETIONARY,CINTECH
CONSUMER DISCRETIONARY,CITANE
CONSUMER DISCRETIONARY,CITY
CONSUMER DISCRETIONARY,CITY/TVD
CONSUMER DISCRETIONARY,CK2
CONSUMER DISCRETIONARY,CKMOTORS
CONSUMER DISCRETIONARY,CKS
CONSUMER DISCRETIONARY,CKSA
CONSUMER DISCRETIONARY,CKTOUR
CONSUMER DISCRETIONARY,CLAAS
CONSUMER DISCRETIONARY,CLIMAT
CONSUMER DISCRETIONARY,CLIPS
CONSUMER DISCRETIONARY,CO-BALT
CONSUMER DISCRETIONARY,CO-D
CONSUMER DISCRETIONARY,CO-ROS
CONSUMER DISCRETIONARY,COM
CONSUMER DISCRETIONARY,COM-AUTO
CONSUMER DISCRETIONARY,COMPONENT
CONSUMER DISCRETIONARY,CON
CONSUMER DISCRETIONARY,CON-BTL
CONSUMER DISCRETIONARY,CONCEPT
CONSUMER DISCRETIONARY,CONVENT
CONSUMER DISCRETIONARY,COPE
CONSUMER DISCRETIONARY,COPOL
CONSUMER DISCRETIONARY,CORAL
CONSUMER DISCRETIONARY,COTEXTILE
CONSUMER DISCRETIONARY,COZVEZDIE
CONSUMER DISCRETIONARY,CPAPER
CONSUMER DISCRETIONARY,CTIA
CONSUMER DISCRETIONARY,CTIVE
CONSUMER DISCRETIONARY,CTOR
CONSUMER DISCRETIONARY,CTORIA
CONSUMER DISCRETIONARY,CTORY
CONSUMER DISCRETIONARY,CTRONICS
CONSUMER DISCRETIONARY,Cam
CONSUMER DISCRETIONARY,CarMart
CONSUMER DISCRETIONARY,Carville
CONSUMER DISCRETIONARY,ChSDM
CONSUMER DISCRETIONARY,Chips
CONSUMER DISCRETIONARY,City
CONSUMER DISCRETIONARY,Comfilux
CONSUMER DISCRETIONARY,Community
CONSUMER DISCRETIONARY,Continent
CONSUMER DISCRETIONARY,D-AVTO
CONSUMER DISCRETIONARY,D-HOTEL
CONSUMER DISCRETIONARY,D-INVEST
CONSUMER DISCRETIONARY,D-KRONA
CONSUMER DISCRETIONARY,D-MSK
CONSUMER DISCRETIONARY,D-SERVIS
CONSUMER DISCRETIONARY,DA-OPT
CONSUMER DISCRETIONARY,DA-TREID
CONSUMER DISCRETIONARY,DA-ZAPA
CONSUMER DISCRETIONARY,DACAR
CONSUMER DISCRETIONARY,DACHA
CONSUMER DISCRETIONARY,DAIKON
CONSUMER DISCRETIONARY,DAILY
CONSUMER DISCRETIONARY,DAMAKO
CONSUMER DISCRETIONARY,DANSKII
CONSUMER DISCRETIONARY,DARIKA
CONSUMER DISCRETIONARY,DARS
CONSUMER DISCRETIONARY,DAS
CONSUMER DISCRETIONARY,DAT
CONSUMER DISCRETIONARY,DATO
CONSUMER DISCRETIONARY,DBERRIES
CONSUMER DISCRETIONARY,DD2
CONSUMER DISCRETIONARY,DDD2
CONSUMER DISCRETIONARY,DDK
CONSUMER DISCRETIONARY,DEBRYANSK
CONSUMER DISCRETIONARY,DECON
CONSUMER DISCRETIONARY,DEL'TA
CONSUMER DISCRETIONARY,DELOVAYA
CONSUMER DISCRETIONARY,DEM
CONSUMER DISCRETIONARY,DEMCAR
CONSUMER DISCRETIONARY,DEMIDYCH
CONSUMER DISCRETIONARY,DEMIYA
CONSUMER DISCRETIONARY,DEMLINK
CONSUMER DISCRETIONARY,DEN
CONSUMER DISCRETIONARY,DENIM
CONSUMER DISCRETIONARY,DER
CONSUMER DISCRETIONARY,DER-YUG
CONSUMER DISCRETIONARY,DERN
CONSUMER DISCRETIONARY,DES
CONSUMER DISCRETIONARY,DETAL
CONSUMER DISCRETIONARY,DETAL'
CONSUMER DISCRETIONARY,DEVALER
CONSUMER DISCRETIONARY,DEZ-VOUS
CONSUMER DISCRETIONARY,DEZHDY
CONSUMER DISCRETIONARY,DFAYANS
CONSUMER DISCRETIONARY,DI-MARKET
CONSUMER DISCRETIONARY,DIA
CONSUMER DISCRETIONARY,DIA-GROUP
CONSUMER DISCRETIONARY,DIAS
CONSUMER DISCRETIONARY,DIASCOPE
CONSUMER DISCRETIONARY,DIASTERIS
CONSUMER DISCRETIONARY,DIATOR
CONSUMER DISCRETIONARY,DIDAS
CONSUMER DISCRETIONARY,DIE
CONSUMER DISCRETIONARY,DIGOR
CONSUMER DISCRETIONARY,DILER
CONSUMER DISCRETIONARY,DILER-K
CONSUMER DISCRETIONARY,DILER-N
CONSUMER DISCRETIONARY,DILER-NB
CONSUMER DISCRETIONARY,DILER-O
CONSUMER DISCRETIONARY,DILER-U
CONSUMER DISCRETIONARY,DILERSTVO
CONSUMER DISCRETIONARY,DINAS
CONSUMER DISCRETIONARY,DINASTIYA
CONSUMER DISCRETIONARY,DIO
CONSUMER DISCRETIONARY,DIOLA
CONSUMER DISCRETIONARY,DIOMANIA
CONSUMER DISCRETIONARY,DIORIT
CONSUMER DISCRETIONARY,DISK
CONSUMER DISCRETIONARY,DISKI
CONSUMER DISCRETIONARY,DISKONT
CONSUMER DISCRETIONARY,DISLAV
CONSUMER DISCRETIONARY,DIVA
CONSUMER DISCRETIONARY,DIYA
CONSUMER DISCRETIONARY,DIZAIN
CONSUMER DISCRETIONARY,DIZEL
CONSUMER DISCRETIONARY,DKOM
CONSUMER DISCRETIONARY,DM-Tech
CONSUMER DISCRETIONARY,DMK
CONSUMER DISCRETIONARY,DNITSA
CONSUMER DISCRETIONARY,DNOE
CONSUMER DISCRETIONARY,DNS
CONSUMER DISCRETIONARY,DNY
CONSUMER DISCRETIONARY,DO-CAR
CONSUMER DISCRETIONARY,DO-IMPORT
CONSUMER DISCRETIONARY,DOM
CONSUMER DISCRETIONARY,DOMARKET
CONSUMER DISCRETIONARY,DOMINION
CONSUMER DISCRETIONARY,DOMINO
CONSUMER DISCRETIONARY,DOMOFERM
CONSUMER DISCRETIONARY,DON
CONSUMER DISCRETIONARY,DON-AVTO
CONSUMER DISCRETIONARY,DON-KMV
CONSUMER DISCRETIONARY,DON-TREID
CONSUMER DISCRETIONARY,DON-YUG
CONSUMER DISCRETIONARY,DONIT
CONSUMER DISCRETIONARY,DOOR
CONSUMER DISCRETIONARY,DORING
CONSUMER DISCRETIONARY,DOROZHNIK
CONSUMER DISCRETIONARY,DOST
CONSUMER DISCRETIONARY,DOVNYA
CONSUMER DISCRETIONARY,DRA
CONSUMER DISCRETIONARY,DRAL
CONSUMER DISCRETIONARY,DRB
CONSUMER DISCRETIONARY,DRIA
CONSUMER DISCRETIONARY,DRYAD
CONSUMER DISCRETIONARY,DS-Tech
CONSUMER DISCRETIONARY,DSERVIS
CONSUMER DISCRETIONARY,DSK-GRUPP
CONSUMER DISCRETIONARY,DSTAR
CONSUMER DISCRETIONARY,DUKT
CONSUMER DISCRETIONARY,DUKTSIYA
CONSUMER DISCRETIONARY,DUL'
CONSUMER DISCRETIONARY,DVERS
CONSUMER DISCRETIONARY,DVIK
CONSUMER DISCRETIONARY,DVOR
CONSUMER DISCRETIONARY,DWESTLAB
CONSUMER DISCRETIONARY,DYANOI
CONSUMER DISCRETIONARY,DYATKOVO
CONSUMER DISCRETIONARY,DYCH
CONSUMER DISCRETIONARY,DZHANSI
CONSUMER DISCRETIONARY,DZHI
CONSUMER DISCRETIONARY,Display
CONSUMER DISCRETIONARY,E-GRAND
CONSUMER DISCRETIONARY,E-LUX
CONSUMER DISCRETIONARY,E-TEKS
CONSUMER DISCRETIONARY,E:BUS
CONSUMER DISCRETIONARY,EAL
CONSUMER DISCRETIONARY,EBEL
CONSUMER DISCRETIONARY,EBEL'
CONSUMER DISCRETIONARY,EBEL'NYE
CONSUMER DISCRETIONARY,EBELGRAD
CONSUMER DISCRETIONARY,EBRO
CONSUMER DISCRETIONARY,EBRYANSK
CONSUMER DISCRETIONARY,ECCO-ROS
CONSUMER DISCRETIONARY,ECH
CONSUMER DISCRETIONARY,ECHCENTER
CONSUMER DISCRETIONARY,ECHE
CONSUMER DISCRETIONARY,ECHENII
CONSUMER DISCRETIONARY,ECHKOM
CONSUMER DISCRETIONARY,ECHNOTORG
CONSUMER DISCRETIONARY,ECHTA
CONSUMER DISCRETIONARY,ECLIPS
CONSUMER DISCRETIONARY,ECO-BALT
CONSUMER DISCRETIONARY,ECON
CONSUMER DISCRETIONARY,ECOPOL
CONSUMER DISCRETIONARY,ECTOR
CONSUMER DISCRETIONARY,ECTORY
CONSUMER DISCRETIONARY,ECTRONICS
CONSUMER DISCRETIONARY,EDA
CONSUMER DISCRETIONARY,EDACAR
CONSUMER DISCRETIONARY,EDEMCAR
CONSUMER DISCRETIONARY,EDIA
CONSUMER DISCRETIONARY,EDIASCOPE
CONSUMER DISCRETIONARY,EDO
CONSUMER DISCRETIONARY,EDON-AVTO
CONSUMER DISCRETIONARY,EDON-KMV
CONSUMER DISCRETIONARY,EDON-YUG
CONSUMER DISCRETIONARY,EELS
CONSUMER DISCRETIONARY,EENKO
CONSUMER DISCRETIONARY,EET
CONSUMER DISCRETIONARY,EEX
CONSUMER DISCRETIONARY,EF-TSENTR
CONSUMER DISCRETIONARY,EFEI
CONSUMER DISCRETIONARY,EGA
CONSUMER DISCRETIONARY,EGANT
CONSUMER DISCRETIONARY,EGANZZA
CONSUMER DISCRETIONARY,EGAPLIT
CONSUMER DISCRETIONARY,EGAS
CONSUMER DISCRETIONARY,EGATEKS
CONSUMER DISCRETIONARY,EGEMOT
CONSUMER DISCRETIONARY,EGION
CONSUMER DISCRETIONARY,EGIONSNAB
CONSUMER DISCRETIONARY,EGOGO
CONSUMER DISCRETIONARY,EGRA
CONSUMER DISCRETIONARY,EICOM
CONSUMER DISCRETIONARY,EID
CONSUMER DISCRETIONARY,EID-KRONA
CONSUMER DISCRETIONARY,EIL
CONSUMER DISCRETIONARY,EINHELL
CONSUMER DISCRETIONARY,EINVENT
CONSUMER DISCRETIONARY,EIP
CONSUMER DISCRETIONARY,EIS
CONSUMER DISCRETIONARY,EIT
CONSUMER DISCRETIONARY,EITERING
CONSUMER DISCRETIONARY,EJZER
CONSUMER DISCRETIONARY,EKA
CONSUMER DISCRETIONARY,EKAS
CONSUMER DISCRETIONARY,EKH
CONSUMER DISCRETIONARY,EKHANIKA
CONSUMER DISCRETIONARY,EKHMET
CONSUMER DISCRETIONARY,EKHNIKA
CONSUMER DISCRETIONARY,EKHNIS
CONSUMER DISCRETIONARY,EKHNOKOM
CONSUMER DISCRETIONARY,EKHNOLAIN
CONSUMER DISCRETIONARY,EKHNOTORG
CONSUMER DISCRETIONARY,EKHNOVIZA
CONSUMER DISCRETIONARY,EKHSERVIS
CONSUMER DISCRETIONARY,EKHSNAB
CONSUMER DISCRETIONARY,EKHTSENTR
CONSUMER DISCRETIONARY,EKLO
CONSUMER DISCRETIONARY,EKMASTER
CONSUMER DISCRETIONARY,EKO
CONSUMER DISCRETIONARY,EKO-BALT
CONSUMER DISCRETIONARY,EKOR
CONSUMER DISCRETIONARY,EKS
CONSUMER DISCRETIONARY,EKS-S
CONSUMER DISCRETIONARY,EKS.RU
CONSUMER DISCRETIONARY,EKSMOTORS
CONSUMER DISCRETIONARY,EKSNAB
CONSUMER DISCRETIONARY,EKSPRESS
CONSUMER DISCRETIONARY,EKSTEYL'
CONSUMER DISCRETIONARY,EKSTIL
CONSUMER DISCRETIONARY,EKSTIL'
CONSUMER DISCRETIONARY,EKSTIL-R
CONSUMER DISCRETIONARY,EKT
CONSUMER DISCRETIONARY,EKT-1
CONSUMER DISCRETIONARY,EKT-2
CONSUMER DISCRETIONARY,EKTIV
CONSUMER DISCRETIONARY,EKTOR
CONSUMER DISCRETIONARY,EKTR
CONSUMER DISCRETIONARY,EKTRO
CONSUMER DISCRETIONARY,EKTROM
CONSUMER DISCRETIONARY,EL'
CONSUMER DISCRETIONARY,EL'NYE
CONSUMER DISCRETIONARY,EL'TA
CONSUMER DISCRETIONARY,EL-CITY
CONSUMER DISCRETIONARY,EL-NORD
CONSUMER DISCRETIONARY,ELAMOS
CONSUMER DISCRETIONARY,ELARA
CONSUMER DISCRETIONARY,ELATA
CONSUMER DISCRETIONARY,ELCAR
CONSUMER DISCRETIONARY,ELDOM
CONSUMER DISCRETIONARY,ELEGANT
CONSUMER DISCRETIONARY,ELEGANZZA
CONSUMER DISCRETIONARY,ELEKTRO
CONSUMER DISCRETIONARY,ELEKTROM
CONSUMER DISCRETIONARY,ELEMENT
CONSUMER DISCRETIONARY,ELERON
CONSUMER DISCRETIONARY,ELES-40
CONSUMER DISCRETIONARY,ELF
CONSUMER DISCRETIONARY,ELGRAD
CONSUMER DISCRETIONARY,ELIKAN
CONSUMER DISCRETIONARY,ELIT
CONSUMER DISCRETIONARY,ELKA
CONSUMER DISCRETIONARY,ELKE
CONSUMER DISCRETIONARY,ELL
CONSUMER DISCRETIONARY,ELLA
CONSUMER DISCRETIONARY,ELLANYCAR
CONSUMER DISCRETIONARY,ELLAR
CONSUMER DISCRETIONARY,ELMA
CONSUMER DISCRETIONARY,ELON
CONSUMER DISCRETIONARY,ELOVAYA
CONSUMER DISCRETIONARY,ELPART
CONSUMER DISCRETIONARY,ELS
CONSUMER DISCRETIONARY,ELSTVO-SZ
CONSUMER DISCRETIONARY,ELYUS
CONSUMER DISCRETIONARY,EM.SI.
CONSUMER DISCRETIONARY,EMA
CONSUMER DISCRETIONARY,EMAX
CONSUMER DISCRETIONARY,EMCAR
CONSUMER DISCRETIONARY,EMEKS.RU
CONSUMER DISCRETIONARY,EMENT
CONSUMER DISCRETIONARY,EMEROVO
CONSUMER DISCRETIONARY,EMIDYCH
CONSUMER DISCRETIONARY,EMINA
CONSUMER DISCRETIONARY,EMIR-TEKS
CONSUMER DISCRETIONARY,EMIUM
CONSUMER DISCRETIONARY,EMIYA
CONSUMER DISCRETIONARY,EMLINK
CONSUMER DISCRETIONARY,EMOK
CONSUMER DISCRETIONARY,EMONT
CONSUMER DISCRETIONARY,EMOT
CONSUMER DISCRETIONARY,EMSI
CONSUMER DISCRETIONARY,EN'-OIL
CONSUMER DISCRETIONARY,EN-AVTO
CONSUMER DISCRETIONARY,"EN.,"
CONSUMER DISCRETIONARY,ENA
CONSUMER DISCRETIONARY,ENAL
CONSUMER DISCRETIONARY,END
CONSUMER DISCRETIONARY,ENDEN
CONSUMER DISCRETIONARY,ENDVIK
CONSUMER DISCRETIONARY,ENIE
CONSUMER DISCRETIONARY,ENII
CONSUMER DISCRETIONARY,ENIKS
CONSUMER DISCRETIONARY,ENIM
CONSUMER DISCRETIONARY,ENIYE
CONSUMER DISCRETIONARY,ENKI.RU
CONSUMER DISCRETIONARY,ENKO
CONSUMER DISCRETIONARY,ENKOM
CONSUMER DISCRETIONARY,ENNA
CONSUMER DISCRETIONARY,ENT
CONSUMER DISCRETIONARY,ENT-AVTO
CONSUMER DISCRETIONARY,ENTER
CONSUMER DISCRETIONARY,ENTI.RU
CONSUMER DISCRETIONARY,ENTO
CONSUMER DISCRETIONARY,ENTON
CONSUMER DISCRETIONARY,ENTR
CONSUMER DISCRETIONARY,ENTRITEYL
CONSUMER DISCRETIONARY,ENTRO
CONSUMER DISCRETIONARY,ENTROBUV
CONSUMER DISCRETIONARY,ENTROTEH
CONSUMER DISCRETIONARY,ENTURA
CONSUMER DISCRETIONARY,ENTUS
CONSUMER DISCRETIONARY,ENU
CONSUMER DISCRETIONARY,ENUM
CONSUMER DISCRETIONARY,EOS
CONSUMER DISCRETIONARY,EPLOSET
CONSUMER DISCRETIONARY,EPRODUKT
CONSUMER DISCRETIONARY,EPT
CONSUMER DISCRETIONARY,"ER"""
CONSUMER DISCRETIONARY,ER-AVTO
CONSUMER DISCRETIONARY,ER-K
CONSUMER DISCRETIONARY,ER-L
CONSUMER DISCRETIONARY,ER-N
CONSUMER DISCRETIONARY,ER-NB
CONSUMER DISCRETIONARY,ER-O
CONSUMER DISCRETIONARY,ER-R
CONSUMER DISCRETIONARY,ER-SK
CONSUMER DISCRETIONARY,ER-SP
CONSUMER DISCRETIONARY,ER-STEP
CONSUMER DISCRETIONARY,ER-TA
CONSUMER DISCRETIONARY,ER-U
CONSUMER DISCRETIONARY,ER-YUG
CONSUMER DISCRETIONARY,ER.EM.SI.
CONSUMER DISCRETIONARY,ERA
CONSUMER DISCRETIONARY,ERACTIVE
CONSUMER DISCRETIONARY,ERANCE
CONSUMER DISCRETIONARY,ERANTENNA
CONSUMER DISCRETIONARY,ERBERA
CONSUMER DISCRETIONARY,ERBURG
CONSUMER DISCRETIONARY,ERBYT
CONSUMER DISCRETIONARY,ERDZHI
CONSUMER DISCRETIONARY,EREBRO
CONSUMER DISCRETIONARY,EREMOK
CONSUMER DISCRETIONARY,ERENIE
CONSUMER DISCRETIONARY,ERENUM
CONSUMER DISCRETIONARY,ERFUD
CONSUMER DISCRETIONARY,ERG
CONSUMER DISCRETIONARY,ERIAL
CONSUMER DISCRETIONARY,ERIE
CONSUMER DISCRETIONARY,ERINBURG
CONSUMER DISCRETIONARY,ERING
CONSUMER DISCRETIONARY,ERION
CONSUMER DISCRETIONARY,ERIORS
CONSUMER DISCRETIONARY,ERIS
CONSUMER DISCRETIONARY,ERJOB
CONSUMER DISCRETIONARY,ERKAD
CONSUMER DISCRETIONARY,ERKOM
CONSUMER DISCRETIONARY,ERKURII
CONSUMER DISCRETIONARY,ERLINGO
CONSUMER DISCRETIONARY,ERM
CONSUMER DISCRETIONARY,ERMI
CONSUMER DISCRETIONARY,"ERMINAL,"
CONSUMER DISCRETIONARY,ERN
CONSUMER DISCRETIONARY,ERNA
CONSUMER DISCRETIONARY,ERNAYA
CONSUMER DISCRETIONARY,EROFIRST
CONSUMER DISCRETIONARY,ERON
CONSUMER DISCRETIONARY,EROVIT
CONSUMER DISCRETIONARY,EROVO
CONSUMER DISCRETIONARY,ERPLAST
CONSUMER DISCRETIONARY,ERPRINT
CONSUMER DISCRETIONARY,ERPROM
CONSUMER DISCRETIONARY,ERRA
CONSUMER DISCRETIONARY,ERRA-7
CONSUMER DISCRETIONARY,ERRALYUKS
CONSUMER DISCRETIONARY,ERRIES
CONSUMER DISCRETIONARY,ERS
CONSUMER DISCRETIONARY,ERSHINA
CONSUMER DISCRETIONARY,ERSTVO
CONSUMER DISCRETIONARY,ERSVET
CONSUMER DISCRETIONARY,ERT
CONSUMER DISCRETIONARY,ERT-AVTO
CONSUMER DISCRETIONARY,ERTEKS
CONSUMER DISCRETIONARY,ERTREID
CONSUMER DISCRETIONARY,ERTSENTR
CONSUMER DISCRETIONARY,ERTSY
CONSUMER DISCRETIONARY,ERVICE
CONSUMER DISCRETIONARY,ERVIS
CONSUMER DISCRETIONARY,ERVIS-KIA
CONSUMER DISCRETIONARY,ERVISE
CONSUMER DISCRETIONARY,ERWHEELS
CONSUMER DISCRETIONARY,ERY
CONSUMER DISCRETIONARY,ERY-ALEX
CONSUMER DISCRETIONARY,ES'E
CONSUMER DISCRETIONARY,ES-40
CONSUMER DISCRETIONARY,ESA
CONSUMER DISCRETIONARY,ESELPART
CONSUMER DISCRETIONARY,ESEMA
CONSUMER DISCRETIONARY,ESERVISE
CONSUMER DISCRETIONARY,ESH
CONSUMER DISCRETIONARY,ESH-K
CONSUMER DISCRETIONARY,ESIE
CONSUMER DISCRETIONARY,ESKADRA
CONSUMER DISCRETIONARY,ESKOM
CONSUMER DISCRETIONARY,ESKRAFT
CONSUMER DISCRETIONARY,ESMARKET
CONSUMER DISCRETIONARY,ESNA
CONSUMER DISCRETIONARY,ESOURCE
CONSUMER DISCRETIONARY,ESPERANCE
CONSUMER DISCRETIONARY,ESS
CONSUMER DISCRETIONARY,ESSIONAL
CONSUMER DISCRETIONARY,EST
CONSUMER DISCRETIONARY,ESTA
CONSUMER DISCRETIONARY,ESTART
CONSUMER DISCRETIONARY,ESTATE
CONSUMER DISCRETIONARY,ESTEKS
CONSUMER DISCRETIONARY,ESTGRUPP
CONSUMER DISCRETIONARY,ESTIZH
CONSUMER DISCRETIONARY,ESTLAB
CONSUMER DISCRETIONARY,ESTO
CONSUMER DISCRETIONARY,ESTOBUV
CONSUMER DISCRETIONARY,ESTORANY
CONSUMER DISCRETIONARY,ESTYLE
CONSUMER DISCRETIONARY,ESURS
CONSUMER DISCRETIONARY,ET-DIZAIN
CONSUMER DISCRETIONARY,ETA
CONSUMER DISCRETIONARY,ETA-AVTO
CONSUMER DISCRETIONARY,ETAIL
CONSUMER DISCRETIONARY,ETAL
CONSUMER DISCRETIONARY,ETAL'
CONSUMER DISCRETIONARY,ETALL
CONSUMER DISCRETIONARY,ETALON
CONSUMER DISCRETIONARY,ETERBURG
CONSUMER DISCRETIONARY,ETIDA-OPT
CONSUMER DISCRETIONARY,ETIK
CONSUMER DISCRETIONARY,ETIKO
CONSUMER DISCRETIONARY,ETING
CONSUMER DISCRETIONARY,ETIT
CONSUMER DISCRETIONARY,ETIZ
CONSUMER DISCRETIONARY,ETNA
CONSUMER DISCRETIONARY,ETO
CONSUMER DISCRETIONARY,ETOILE
CONSUMER DISCRETIONARY,ETPLEIS
CONSUMER DISCRETIONARY,ETS
CONSUMER DISCRETIONARY,ETSHOP
CONSUMER DISCRETIONARY,ETSTAIL
CONSUMER DISCRETIONARY,ETTA
CONSUMER DISCRETIONARY,ETTA.RU
CONSUMER DISCRETIONARY,ETTO
CONSUMER DISCRETIONARY,ETWORK
CONSUMER DISCRETIONARY,EURO
CONSUMER DISCRETIONARY,EURODIZEL
CONSUMER DISCRETIONARY,EUROSET
CONSUMER DISCRETIONARY,EUROTRANS
CONSUMER DISCRETIONARY,EVALER
CONSUMER DISCRETIONARY,EVANSH
CONSUMER DISCRETIONARY,EVER-AVTO
CONSUMER DISCRETIONARY,EVERNAYA
CONSUMER DISCRETIONARY,EVKA
CONSUMER DISCRETIONARY,EVRAZIYA
CONSUMER DISCRETIONARY,EVRO
CONSUMER DISCRETIONARY,EVROKREP
CONSUMER DISCRETIONARY,EX-M
CONSUMER DISCRETIONARY,EXANDRIA
CONSUMER DISCRETIONARY,EXPO-45
CONSUMER DISCRETIONARY,EXTILE
CONSUMER DISCRETIONARY,EXTRAVERT
CONSUMER DISCRETIONARY,EY-SERVIS
CONSUMER DISCRETIONARY,EYA
CONSUMER DISCRETIONARY,"EYD"""
CONSUMER DISCRETIONARY,EYDKOM
CONSUMER DISCRETIONARY,EYID
CONSUMER DISCRETIONARY,EYK
CONSUMER DISCRETIONARY,EYKO
CONSUMER DISCRETIONARY,EYKOPOL
CONSUMER DISCRETIONARY,EYKS
CONSUMER DISCRETIONARY,EYKSEL
CONSUMER DISCRETIONARY,EYKSPERT
CONSUMER DISCRETIONARY,EYKT
CONSUMER DISCRETIONARY,EYL
CONSUMER DISCRETIONARY,EYL'
CONSUMER DISCRETIONARY,EYL-ARENA
CONSUMER DISCRETIONARY,EYL-M
CONSUMER DISCRETIONARY,EYLEKS
CONSUMER DISCRETIONARY,EYLL
CONSUMER DISCRETIONARY,EYLT
CONSUMER DISCRETIONARY,EYLVIS-RS
CONSUMER DISCRETIONARY,EYM
CONSUMER DISCRETIONARY,EYMBL
CONSUMER DISCRETIONARY,EYMILI
CONSUMER DISCRETIONARY,EYNERDZHI
CONSUMER DISCRETIONARY,EYNEYLT
CONSUMER DISCRETIONARY,EYNKOR
CONSUMER DISCRETIONARY,EYROFUD
CONSUMER DISCRETIONARY,EYTIS
CONSUMER DISCRETIONARY,EYU
CONSUMER DISCRETIONARY,EYZER-YUG
CONSUMER DISCRETIONARY,EZ-VOUS
CONSUMER DISCRETIONARY,EZDIE
CONSUMER DISCRETIONARY,EZENT
CONSUMER DISCRETIONARY,EZH
CONSUMER DISCRETIONARY,EZHDY
CONSUMER DISCRETIONARY,EZULTAT
CONSUMER DISCRETIONARY,EffecTech
CONSUMER DISCRETIONARY,Egida
CONSUMER DISCRETIONARY,Egida+
CONSUMER DISCRETIONARY,Ekoles
CONSUMER DISCRETIONARY,ElegantKA
CONSUMER DISCRETIONARY,Eliot
CONSUMER DISCRETIONARY,Ellada
CONSUMER DISCRETIONARY,Emex
CONSUMER DISCRETIONARY,Enertrade
CONSUMER DISCRETIONARY,F-AVTO
CONSUMER DISCRETIONARY,F-NK
CONSUMER DISCRETIONARY,F-TSENTR
CONSUMER DISCRETIONARY,FA-K
CONSUMER DISCRETIONARY,FABREEX
CONSUMER DISCRETIONARY,FABRIKA
CONSUMER DISCRETIONARY,FAKTURA
CONSUMER DISCRETIONARY,FAMEBEL
CONSUMER DISCRETIONARY,FANCY
CONSUMER DISCRETIONARY,FANTAZIYA
CONSUMER DISCRETIONARY,FARFOR
CONSUMER DISCRETIONARY,FARM
CONSUMER DISCRETIONARY,FASKO
CONSUMER DISCRETIONARY,FASTLAND
CONSUMER DISCRETIONARY,FATEK
CONSUMER DISCRETIONARY,FAVORIT
CONSUMER DISCRETIONARY,FAYANS
CONSUMER DISCRETIONARY,FCM
CONSUMER DISCRETIONARY,FEI
CONSUMER DISCRETIONARY,FEMINA
CONSUMER DISCRETIONARY,FENIKS
CONSUMER DISCRETIONARY,FER
CONSUMER DISCRETIONARY,FERM
CONSUMER DISCRETIONARY,FESA
CONSUMER DISCRETIONARY,FESSIONAL
CONSUMER DISCRETIONARY,FETTA.RU
CONSUMER DISCRETIONARY,FEYMILI
CONSUMER DISCRETIONARY,FFIN-AVTO
CONSUMER DISCRETIONARY,FFLORIST
CONSUMER DISCRETIONARY,FFPRICE
CONSUMER DISCRETIONARY,FFSEE
CONSUMER DISCRETIONARY,FGC
CONSUMER DISCRETIONARY,FIERA
CONSUMER DISCRETIONARY,FIL'
CONSUMER DISCRETIONARY,FILTR
CONSUMER DISCRETIONARY,FIMPORT
CONSUMER DISCRETIONARY,FIN-AVTO
CONSUMER DISCRETIONARY,FINANS
CONSUMER DISCRETIONARY,FININVEST
CONSUMER DISCRETIONARY,FIOIL
CONSUMER DISCRETIONARY,FION
CONSUMER DISCRETIONARY,FIRST
CONSUMER DISCRETIONARY,FIS
CONSUMER DISCRETIONARY,FISMAG
CONSUMER DISCRETIONARY,FIT
CONSUMER DISCRETIONARY,FIT-LIGA
CONSUMER DISCRETIONARY,FITKOM
CONSUMER DISCRETIONARY,FITNESS
CONSUMER DISCRETIONARY,FITRION
CONSUMER DISCRETIONARY,FK-PROEKT
CONSUMER DISCRETIONARY,FKOSTYUM
CONSUMER DISCRETIONARY,FLAGMAN
CONSUMER DISCRETIONARY,FLEET
CONSUMER DISCRETIONARY,FLEKS
CONSUMER DISCRETIONARY,FLINE
CONSUMER DISCRETIONARY,FLOR
CONSUMER DISCRETIONARY,FLORIST
CONSUMER DISCRETIONARY,FOL
CONSUMER DISCRETIONARY,FOODSTAR
CONSUMER DISCRETIONARY,FOR
CONSUMER DISCRETIONARY,FORD
CONSUMER DISCRETIONARY,FORDA
CONSUMER DISCRETIONARY,FORES
CONSUMER DISCRETIONARY,FORMULA-N
CONSUMER DISCRETIONARY,FORMULAA
CONSUMER DISCRETIONARY,FORMULAM
CONSUMER DISCRETIONARY,FORT
CONSUMER DISCRETIONARY,FORTE
CONSUMER DISCRETIONARY,FORTUNA
CONSUMER DISCRETIONARY,FORUM
CONSUMER DISCRETIONARY,FPOTOK
CONSUMER DISCRETIONARY,FPRICE
CONSUMER DISCRETIONARY,FRAGMENT
CONSUMER DISCRETIONARY,FRESH
CONSUMER DISCRETIONARY,FRESH-K
CONSUMER DISCRETIONARY,FRIMAIND
CONSUMER DISCRETIONARY,FSEE
CONSUMER DISCRETIONARY,FTREMONT
CONSUMER DISCRETIONARY,FUA
CONSUMER DISCRETIONARY,FUD
CONSUMER DISCRETIONARY,FUM
CONSUMER DISCRETIONARY,FUSO-URAL
CONSUMER DISCRETIONARY,Fabreex
CONSUMER DISCRETIONARY,Familia
CONSUMER DISCRETIONARY,FiN
CONSUMER DISCRETIONARY,Florin
CONSUMER DISCRETIONARY,Fresh
CONSUMER DISCRETIONARY,G-AVTO
CONSUMER DISCRETIONARY,G-KKM
CONSUMER DISCRETIONARY,G-MOTORS
CONSUMER DISCRETIONARY,G-RUS
CONSUMER DISCRETIONARY,G4U
CONSUMER DISCRETIONARY,GALLERY
CONSUMER DISCRETIONARY,GALTEKS
CONSUMER DISCRETIONARY,GAMMA
CONSUMER DISCRETIONARY,GANT
CONSUMER DISCRETIONARY,GANZZA
CONSUMER DISCRETIONARY,GAPLIT
CONSUMER DISCRETIONARY,GARANT
CONSUMER DISCRETIONARY,GARD
CONSUMER DISCRETIONARY,GARDARIKA
CONSUMER DISCRETIONARY,GARMONIKA
CONSUMER DISCRETIONARY,GAS
CONSUMER DISCRETIONARY,GASTON
CONSUMER DISCRETIONARY,GATEKS
CONSUMER DISCRETIONARY,GATO
CONSUMER DISCRETIONARY,GAUF
CONSUMER DISCRETIONARY,GAVA
CONSUMER DISCRETIONARY,GAZ
CONSUMER DISCRETIONARY,GAZEYA
CONSUMER DISCRETIONARY,GAZIN
CONSUMER DISCRETIONARY,GAZOIL
CONSUMER DISCRETIONARY,GAZOTOP
CONSUMER DISCRETIONARY,GAZREGION
CONSUMER DISCRETIONARY,GAZSERVIS
CONSUMER DISCRETIONARY,GEDON-KMV
CONSUMER DISCRETIONARY,GEDON-YUG
CONSUMER DISCRETIONARY,GEJZER
CONSUMER DISCRETIONARY,GEMENT
CONSUMER DISCRETIONARY,GEMOT
CONSUMER DISCRETIONARY,GEOS
CONSUMER DISCRETIONARY,GER
CONSUMER DISCRETIONARY,GERBERA
CONSUMER DISCRETIONARY,GERIE
CONSUMER DISCRETIONARY,GES
CONSUMER DISCRETIONARY,GEYMBL
CONSUMER DISCRETIONARY,GFS
CONSUMER DISCRETIONARY,GHT
CONSUMER DISCRETIONARY,GII
CONSUMER DISCRETIONARY,GION
CONSUMER DISCRETIONARY,GION-TYVA
CONSUMER DISCRETIONARY,GIONSNAB
CONSUMER DISCRETIONARY,GIPER
CONSUMER DISCRETIONARY,GISTIKA
CONSUMER DISCRETIONARY,GISTRAL
CONSUMER DISCRETIONARY,GLE
CONSUMER DISCRETIONARY,GLION
CONSUMER DISCRETIONARY,GLOBAL
CONSUMER DISCRETIONARY,GLORIA
CONSUMER DISCRETIONARY,GLVR
CONSUMER DISCRETIONARY,GMAN
CONSUMER DISCRETIONARY,GMENT
CONSUMER DISCRETIONARY,GO-MOTORS
CONSUMER DISCRETIONARY,GO-VOSTOK
CONSUMER DISCRETIONARY,GOGO
CONSUMER DISCRETIONARY,GOLAZ
CONSUMER DISCRETIONARY,GOR
CONSUMER DISCRETIONARY,GORA
CONSUMER DISCRETIONARY,GORFION
CONSUMER DISCRETIONARY,GORIZONT
CONSUMER DISCRETIONARY,GOS
CONSUMER DISCRETIONARY,GOT
CONSUMER DISCRETIONARY,GOVLYA
CONSUMER DISCRETIONARY,GRA
CONSUMER DISCRETIONARY,GRAD
CONSUMER DISCRETIONARY,GRAD-AVTO
CONSUMER DISCRETIONARY,GRAND
CONSUMER DISCRETIONARY,GRAPHY
CONSUMER DISCRETIONARY,GREID
CONSUMER DISCRETIONARY,GRETTA
CONSUMER DISCRETIONARY,"GREYD"""
CONSUMER DISCRETIONARY,GROMARKET
CONSUMER DISCRETIONARY,GROTRANS
CONSUMER DISCRETIONARY,GROUP
CONSUMER DISCRETIONARY,GRUNWALD
CONSUMER DISCRETIONARY,GRUPP
CONSUMER DISCRETIONARY,GRUSHKA
CONSUMER DISCRETIONARY,GSH
CONSUMER DISCRETIONARY,GSTAER-SK
CONSUMER DISCRETIONARY,GSTAER-SP
CONSUMER DISCRETIONARY,GSTREM
CONSUMER DISCRETIONARY,GTI
CONSUMER DISCRETIONARY,GUM
CONSUMER DISCRETIONARY,GUS
CONSUMER DISCRETIONARY,GVURA
CONSUMER DISCRETIONARY,GYDRAL
CONSUMER DISCRETIONARY,Galamart
CONSUMER DISCRETIONARY,Gear
CONSUMER DISCRETIONARY,Gedon
CONSUMER DISCRETIONARY,Gefco
CONSUMER DISCRETIONARY,GetChips
CONSUMER DISCRETIONARY,Gigas
CONSUMER DISCRETIONARY,Gigaz
CONSUMER DISCRETIONARY,Global
CONSUMER DISCRETIONARY,Group
CONSUMER DISCRETIONARY,H'E
CONSUMER DISCRETIONARY,H-CINEMA
CONSUMER DISCRETIONARY,H-K
CONSUMER DISCRETIONARY,H-R
CONSUMER DISCRETIONARY,H-SAMARA
CONSUMER DISCRETIONARY,H-TANDEM
CONSUMER DISCRETIONARY,HAER
CONSUMER DISCRETIONARY,HANEL
CONSUMER DISCRETIONARY,HANIKA
CONSUMER DISCRETIONARY,HANSI
CONSUMER DISCRETIONARY,HANT
CONSUMER DISCRETIONARY,HAPPYLOOK
CONSUMER DISCRETIONARY,HAR
CONSUMER DISCRETIONARY,HAREVKA
CONSUMER DISCRETIONARY,HARM
CONSUMER DISCRETIONARY,HAST
CONSUMER DISCRETIONARY,HASTON
CONSUMER DISCRETIONARY,HAVN
CONSUMER DISCRETIONARY,HAVTO
CONSUMER DISCRETIONARY,HCENTER
CONSUMER DISCRETIONARY,HCHENIYE
CONSUMER DISCRETIONARY,HCHITNAY
CONSUMER DISCRETIONARY,HDANSKII
CONSUMER DISCRETIONARY,HDY
CONSUMER DISCRETIONARY,HEELS
CONSUMER DISCRETIONARY,HELL
CONSUMER DISCRETIONARY,HELYUS
CONSUMER DISCRETIONARY,HENII
CONSUMER DISCRETIONARY,HENIYE
CONSUMER DISCRETIONARY,HER
CONSUMER DISCRETIONARY,HI-ATO
CONSUMER DISCRETIONARY,HIK
CONSUMER DISCRETIONARY,HIKOTAN
CONSUMER DISCRETIONARY,HIM
CONSUMER DISCRETIONARY,HIMRESURS
CONSUMER DISCRETIONARY,HIMROSS
CONSUMER DISCRETIONARY,HINA
CONSUMER DISCRETIONARY,HININVEST
CONSUMER DISCRETIONARY,HINIRING
CONSUMER DISCRETIONARY,HINO-URAL
CONSUMER DISCRETIONARY,HINTORG
CONSUMER DISCRETIONARY,HINY
CONSUMER DISCRETIONARY,HIRKA
CONSUMER DISCRETIONARY,HISHKHO
CONSUMER DISCRETIONARY,HIT
CONSUMER DISCRETIONARY,HITNAY
CONSUMER DISCRETIONARY,HKA
CONSUMER DISCRETIONARY,HKHO
CONSUMER DISCRETIONARY,HKINO
CONSUMER DISCRETIONARY,HKIRIYA
CONSUMER DISCRETIONARY,HKOLA
CONSUMER DISCRETIONARY,HKOM
CONSUMER DISCRETIONARY,HKOMPLEKT
CONSUMER DISCRETIONARY,HM-INVEST
CONSUMER DISCRETIONARY,HMET
CONSUMER DISCRETIONARY,HNIK
CONSUMER DISCRETIONARY,HNIKA
CONSUMER DISCRETIONARY,HNIS
CONSUMER DISCRETIONARY,"HNOGREYD"""
CONSUMER DISCRETIONARY,HNOKOM
CONSUMER DISCRETIONARY,HNOLAIN
CONSUMER DISCRETIONARY,HNOLOGII
CONSUMER DISCRETIONARY,HNOTORG
CONSUMER DISCRETIONARY,HNOVIZA
CONSUMER DISCRETIONARY,HOBOOM
CONSUMER DISCRETIONARY,HOES
CONSUMER DISCRETIONARY,HOLL
CONSUMER DISCRETIONARY,HOOL
CONSUMER DISCRETIONARY,HOP
CONSUMER DISCRETIONARY,HOTEL
CONSUMER DISCRETIONARY,HOTY
CONSUMER DISCRETIONARY,HOZLIDER
CONSUMER DISCRETIONARY,HSERVICE
CONSUMER DISCRETIONARY,HSERVIS
CONSUMER DISCRETIONARY,HSNAB
CONSUMER DISCRETIONARY,HTA
CONSUMER DISCRETIONARY,HTBR
CONSUMER DISCRETIONARY,HTSENTR
CONSUMER DISCRETIONARY,HUNG
CONSUMER DISCRETIONARY,HYPERION
CONSUMER DISCRETIONARY,Hadi
CONSUMER DISCRETIONARY,Haier
CONSUMER DISCRETIONARY,Henderson
CONSUMER DISCRETIONARY,Home
CONSUMER DISCRETIONARY,Homver
CONSUMER DISCRETIONARY,I-ATO
CONSUMER DISCRETIONARY,I-LAIN
CONSUMER DISCRETIONARY,I-MARKET
CONSUMER DISCRETIONARY,I-SITI
CONSUMER DISCRETIONARY,I.RU
CONSUMER DISCRETIONARY,IA-GROUP
CONSUMER DISCRETIONARY,IAL
CONSUMER DISCRETIONARY,IALCON
CONSUMER DISCRETIONARY,IANGLE
CONSUMER DISCRETIONARY,IANT
CONSUMER DISCRETIONARY,IANT-D
CONSUMER DISCRETIONARY,IAOMI
CONSUMER DISCRETIONARY,IAS
CONSUMER DISCRETIONARY,IASCOPE
CONSUMER DISCRETIONARY,IASTERIS
CONSUMER DISCRETIONARY,IATOR
CONSUMER DISCRETIONARY,IB-AUTO
CONSUMER DISCRETIONARY,IBA
CONSUMER DISCRETIONARY,IBARZ
CONSUMER DISCRETIONARY,IBCEMENT
CONSUMER DISCRETIONARY,IBGYDRAL
CONSUMER DISCRETIONARY,IBIR
CONSUMER DISCRETIONARY,IBIR'
CONSUMER DISCRETIONARY,IBIRSK
CONSUMER DISCRETIONARY,IBMOTORS
CONSUMER DISCRETIONARY,IBOIL
CONSUMER DISCRETIONARY,IBRI
CONSUMER DISCRETIONARY,IBUS
CONSUMER DISCRETIONARY,ICE
CONSUMER DISCRETIONARY,ICE-LUX
CONSUMER DISCRETIONARY,ICO
CONSUMER DISCRETIONARY,ICOM
CONSUMER DISCRETIONARY,ICON-BTL
CONSUMER DISCRETIONARY,ICS
CONSUMER DISCRETIONARY,ICTORIA
CONSUMER DISCRETIONARY,ID-KRONA
CONSUMER DISCRETIONARY,IDA-OPT
CONSUMER DISCRETIONARY,IDA-TREID
CONSUMER DISCRETIONARY,IDAS
CONSUMER DISCRETIONARY,IDATO
CONSUMER DISCRETIONARY,IDER
CONSUMER DISCRETIONARY,IDER-YUG
CONSUMER DISCRETIONARY,IDISKONT
CONSUMER DISCRETIONARY,IDNOE
CONSUMER DISCRETIONARY,IDOM
CONSUMER DISCRETIONARY,IDYCH
CONSUMER DISCRETIONARY,IEK
CONSUMER DISCRETIONARY,IERA
CONSUMER DISCRETIONARY,IES
CONSUMER DISCRETIONARY,IESELPART
CONSUMER DISCRETIONARY,IEYM
CONSUMER DISCRETIONARY,IF-NK
CONSUMER DISCRETIONARY,IFCM
CONSUMER DISCRETIONARY,IFLOR
CONSUMER DISCRETIONARY,IFOR
CONSUMER DISCRETIONARY,IFTREMONT
CONSUMER DISCRETIONARY,IGA
CONSUMER DISCRETIONARY,IGATO
CONSUMER DISCRETIONARY,IGAZ
CONSUMER DISCRETIONARY,IGHT
CONSUMER DISCRETIONARY,IGLION
CONSUMER DISCRETIONARY,IGOR
CONSUMER DISCRETIONARY,IGRAND
CONSUMER DISCRETIONARY,IGRUSHKA
CONSUMER DISCRETIONARY,IGUS
CONSUMER DISCRETIONARY,IINVEST
CONSUMER DISCRETIONARY,IK-R
CONSUMER DISCRETIONARY,IK-YUG
CONSUMER DISCRETIONARY,IKA
CONSUMER DISCRETIONARY,IKA-AMUR
CONSUMER DISCRETIONARY,IKA-TREID
CONSUMER DISCRETIONARY,IKAN
CONSUMER DISCRETIONARY,IKASOMA
CONSUMER DISCRETIONARY,IKIFOR
CONSUMER DISCRETIONARY,IKO
CONSUMER DISCRETIONARY,IKOIL
CONSUMER DISCRETIONARY,IKON
CONSUMER DISCRETIONARY,IKOTAN
CONSUMER DISCRETIONARY,IKRON
CONSUMER DISCRETIONARY,IKS
CONSUMER DISCRETIONARY,IKSPORT54
CONSUMER DISCRETIONARY,IKTORIYA
CONSUMER DISCRETIONARY,IL'
CONSUMER DISCRETIONARY,IL-GARANT
CONSUMER DISCRETIONARY,IL-IMPORT
CONSUMER DISCRETIONARY,IL-R
CONSUMER DISCRETIONARY,IL-VOSTOK
CONSUMER DISCRETIONARY,ILE
CONSUMER DISCRETIONARY,ILEND
CONSUMER DISCRETIONARY,ILER
CONSUMER DISCRETIONARY,ILER-K
CONSUMER DISCRETIONARY,ILER-N
CONSUMER DISCRETIONARY,ILER-NB
CONSUMER DISCRETIONARY,ILER-O
CONSUMER DISCRETIONARY,ILER-U
CONSUMER DISCRETIONARY,ILERSTVO
CONSUMER DISCRETIONARY,ILETO
CONSUMER DISCRETIONARY,ILGRUPP
CONSUMER DISCRETIONARY,ILI
CONSUMER DISCRETIONARY,ILKO
CONSUMER DISCRETIONARY,ILNYE
CONSUMER DISCRETIONARY,ILOT
CONSUMER DISCRETIONARY,ILOVO
CONSUMER DISCRETIONARY,ILS
CONSUMER DISCRETIONARY,ILSOVET
CONSUMER DISCRETIONARY,ILTA
CONSUMER DISCRETIONARY,ILTR
CONSUMER DISCRETIONARY,ILY
CONSUMER DISCRETIONARY,IM-INVEST
CONSUMER DISCRETIONARY,IMA
CONSUMER DISCRETIONARY,IMA-LEND
CONSUMER DISCRETIONARY,IMAIND
CONSUMER DISCRETIONARY,IMAL'
CONSUMER DISCRETIONARY,IMASH
CONSUMER DISCRETIONARY,IMAT
CONSUMER DISCRETIONARY,IMAX
CONSUMER DISCRETIONARY,IMD
CONSUMER DISCRETIONARY,IME
CONSUMER DISCRETIONARY,IMEKS
CONSUMER DISCRETIONARY,IMENU
CONSUMER DISCRETIONARY,IMERBYT
CONSUMER DISCRETIONARY,IMETIZ
CONSUMER DISCRETIONARY,IMIKS
CONSUMER DISCRETIONARY,IMIZE
CONSUMER DISCRETIONARY,IMLEKSNAB
CONSUMER DISCRETIONARY,IMLIGHT
CONSUMER DISCRETIONARY,IMO
CONSUMER DISCRETIONARY,IMODERN
CONSUMER DISCRETIONARY,IMPART
CONSUMER DISCRETIONARY,IMPEKS
CONSUMER DISCRETIONARY,IMPERIAL
CONSUMER DISCRETIONARY,IMPORT
CONSUMER DISCRETIONARY,IMPRODUKT
CONSUMER DISCRETIONARY,IMPUL'S
CONSUMER DISCRETIONARY,IMPULS
CONSUMER DISCRETIONARY,IMRESURS
CONSUMER DISCRETIONARY,IMROSS
CONSUMER DISCRETIONARY,IMS
CONSUMER DISCRETIONARY,IMUL
CONSUMER DISCRETIONARY,IMUM
CONSUMER DISCRETIONARY,IMYA-AVTO
CONSUMER DISCRETIONARY,IN-AVTO
CONSUMER DISCRETIONARY,INA
CONSUMER DISCRETIONARY,INA-AVTO
CONSUMER DISCRETIONARY,"INAL,"
CONSUMER DISCRETIONARY,INAL-OIL
CONSUMER DISCRETIONARY,INANS
CONSUMER DISCRETIONARY,INAR
CONSUMER DISCRETIONARY,INARIYA
CONSUMER DISCRETIONARY,INAS
CONSUMER DISCRETIONARY,INASTIYA
CONSUMER DISCRETIONARY,INBURG
CONSUMER DISCRETIONARY,IND
CONSUMER DISCRETIONARY,INDAILY
CONSUMER DISCRETIONARY,INE
CONSUMER DISCRETIONARY,INEMA
CONSUMER DISCRETIONARY,INENT
CONSUMER DISCRETIONARY,INEYKS
CONSUMER DISCRETIONARY,ING
CONSUMER DISCRETIONARY,ING-RUS
CONSUMER DISCRETIONARY,INGERIE
CONSUMER DISCRETIONARY,INGO
CONSUMER DISCRETIONARY,INHELL
CONSUMER DISCRETIONARY,INICO
CONSUMER DISCRETIONARY,INIKON
CONSUMER DISCRETIONARY,INIMAX
CONSUMER DISCRETIONARY,ININVEST
CONSUMER DISCRETIONARY,INION
CONSUMER DISCRETIONARY,INIRING
CONSUMER DISCRETIONARY,INK
CONSUMER DISCRETIONARY,INKGROUP
CONSUMER DISCRETIONARY,INKOR
CONSUMER DISCRETIONARY,INO
CONSUMER DISCRETIONARY,INO-URAL
CONSUMER DISCRETIONARY,INS-AVTO
CONSUMER DISCRETIONARY,INSERVIS
CONSUMER DISCRETIONARY,INSITEKH
CONSUMER DISCRETIONARY,INSK
CONSUMER DISCRETIONARY,INSKAYA
CONSUMER DISCRETIONARY,INT
CONSUMER DISCRETIONARY,INTECH
CONSUMER DISCRETIONARY,INTEGRA
CONSUMER DISCRETIONARY,INTER
CONSUMER DISCRETIONARY,"INTER"""
CONSUMER DISCRETIONARY,INTERIORS
CONSUMER DISCRETIONARY,INTERPROM
CONSUMER DISCRETIONARY,INTERRA
CONSUMER DISCRETIONARY,INTERSVET
CONSUMER DISCRETIONARY,INTO
CONSUMER DISCRETIONARY,INTORG
CONSUMER DISCRETIONARY,INTOURIST
CONSUMER DISCRETIONARY,INTREID
CONSUMER DISCRETIONARY,INTSA-TSA
CONSUMER DISCRETIONARY,INTSIP-T
CONSUMER DISCRETIONARY,INVENT
CONSUMER DISCRETIONARY,INVEST
CONSUMER DISCRETIONARY,INY
CONSUMER DISCRETIONARY,IOBOI
CONSUMER DISCRETIONARY,IOGRAPHY
CONSUMER DISCRETIONARY,IOIL
CONSUMER DISCRETIONARY,IOL
CONSUMER DISCRETIONARY,IOLA
CONSUMER DISCRETIONARY,IOMANIA
CONSUMER DISCRETIONARY,ION
CONSUMER DISCRETIONARY,ION-GRUPP
CONSUMER DISCRETIONARY,ION-TYVA
CONSUMER DISCRETIONARY,IONAL
CONSUMER DISCRETIONARY,IONGLOBAL
CONSUMER DISCRETIONARY,IONSNAB
CONSUMER DISCRETIONARY,IONTREID
CONSUMER DISCRETIONARY,IORIT
CONSUMER DISCRETIONARY,IORS
CONSUMER DISCRETIONARY,IP-T
CONSUMER DISCRETIONARY,IPER
CONSUMER DISCRETIONARY,IPODRYAD
CONSUMER DISCRETIONARY,IPS
CONSUMER DISCRETIONARY,IQTech
CONSUMER DISCRETIONARY,IR'
CONSUMER DISCRETIONARY,IR-KARAT
CONSUMER DISCRETIONARY,IR-MARKET
CONSUMER DISCRETIONARY,IR-TEKS
CONSUMER DISCRETIONARY,IR-TREID
CONSUMER DISCRETIONARY,IRA
CONSUMER DISCRETIONARY,IREST
CONSUMER DISCRETIONARY,IRIDATO
CONSUMER DISCRETIONARY,IRING
CONSUMER DISCRETIONARY,IRIYA
CONSUMER DISCRETIONARY,IRKA
CONSUMER DISCRETIONARY,IROS
CONSUMER DISCRETIONARY,IRSK
CONSUMER DISCRETIONARY,IRST
CONSUMER DISCRETIONARY,IRYUSA
CONSUMER DISCRETIONARY,IS-AKOM
CONSUMER DISCRETIONARY,IS-AVAKS
CONSUMER DISCRETIONARY,IS-KIA
CONSUMER DISCRETIONARY,IS-RS
CONSUMER DISCRETIONARY,ISE
CONSUMER DISCRETIONARY,ISHKHO
CONSUMER DISCRETIONARY,ISHOES
CONSUMER DISCRETIONARY,ISK
CONSUMER DISCRETIONARY,ISKI
CONSUMER DISCRETIONARY,ISKONT
CONSUMER DISCRETIONARY,ISLAV
CONSUMER DISCRETIONARY,ISM
CONSUMER DISCRETIONARY,ISMAG
CONSUMER DISCRETIONARY,ISON
CONSUMER DISCRETIONARY,IST
CONSUMER DISCRETIONARY,ISTALL
CONSUMER DISCRETIONARY,ISTEIT
CONSUMER DISCRETIONARY,ISTEM
CONSUMER DISCRETIONARY,ISTEMA
CONSUMER DISCRETIONARY,ISTIK-YUG
CONSUMER DISCRETIONARY,ISTIKA
CONSUMER DISCRETIONARY,ISTOCHNIK
CONSUMER DISCRETIONARY,ISTRAL
CONSUMER DISCRETIONARY,ISTRAL-NK
CONSUMER DISCRETIONARY,IT-LIGA
CONSUMER DISCRETIONARY,IT-OIL
CONSUMER DISCRETIONARY,IT-RUS
CONSUMER DISCRETIONARY,ITAL
CONSUMER DISCRETIONARY,ITAL'
CONSUMER DISCRETIONARY,ITANE
CONSUMER DISCRETIONARY,ITEIL
CONSUMER DISCRETIONARY,ITEKH
CONSUMER DISCRETIONARY,ITELMA
CONSUMER DISCRETIONARY,ITER
CONSUMER DISCRETIONARY,ITERING
CONSUMER DISCRETIONARY,ITEYL
CONSUMER DISCRETIONARY,ITI
CONSUMER DISCRETIONARY,ITI-LAIN
CONSUMER DISCRETIONARY,ITIEYM
CONSUMER DISCRETIONARY,ITING-RUS
CONSUMER DISCRETIONARY,ITKOM
CONSUMER DISCRETIONARY,ITNAY
CONSUMER DISCRETIONARY,ITNESS
CONSUMER DISCRETIONARY,ITON
CONSUMER DISCRETIONARY,ITOR
CONSUMER DISCRETIONARY,ITORG
CONSUMER DISCRETIONARY,ITREYID
CONSUMER DISCRETIONARY,ITRION
CONSUMER DISCRETIONARY,ITS
CONSUMER DISCRETIONARY,ITSA
CONSUMER DISCRETIONARY,ITSERVICE
CONSUMER DISCRETIONARY,ITSITI
CONSUMER DISCRETIONARY,ITSPB
CONSUMER DISCRETIONARY,ITUMNYE
CONSUMER DISCRETIONARY,ITWOOD
CONSUMER DISCRETIONARY,ITY
CONSUMER DISCRETIONARY,ITY/TVD
CONSUMER DISCRETIONARY,IUM
CONSUMER DISCRETIONARY,IUMF
CONSUMER DISCRETIONARY,IUZ
CONSUMER DISCRETIONARY,IV-PARNAS
CONSUMER DISCRETIONARY,IVA
CONSUMER DISCRETIONARY,IVAL
CONSUMER DISCRETIONARY,IVANIE
CONSUMER DISCRETIONARY,IVANOVO
CONSUMER DISCRETIONARY,IVE
CONSUMER DISCRETIONARY,IVERA
CONSUMER DISCRETIONARY,IVERFUD
CONSUMER DISCRETIONARY,IYA
CONSUMER DISCRETIONARY,IYA-4
CONSUMER DISCRETIONARY,IYA-MEDIA
CONSUMER DISCRETIONARY,IYE
CONSUMER DISCRETIONARY,IZA
CONSUMER DISCRETIONARY,IZAIN
CONSUMER DISCRETIONARY,IZAKAZ
CONSUMER DISCRETIONARY,IZDAT
CONSUMER DISCRETIONARY,IZE
CONSUMER DISCRETIONARY,IZEL
CONSUMER DISCRETIONARY,IZH
CONSUMER DISCRETIONARY,IZMAILOVO
CONSUMER DISCRETIONARY,IZONT
CONSUMER DISCRETIONARY,Icar
CONSUMER DISCRETIONARY,Ikstrim
CONSUMER DISCRETIONARY,Import
CONSUMER DISCRETIONARY,Ingate
CONSUMER DISCRETIONARY,Ingcoma
CONSUMER DISCRETIONARY,Inkor
CONSUMER DISCRETIONARY,Insport
CONSUMER DISCRETIONARY,Internet
CONSUMER DISCRETIONARY,JECTORY
CONSUMER DISCRETIONARY,JOB
CONSUMER DISCRETIONARY,JOHASTON
CONSUMER DISCRETIONARY,JSC
CONSUMER DISCRETIONARY,JZER
CONSUMER DISCRETIONARY,K-2
CONSUMER DISCRETIONARY,K-GRUPP
CONSUMER DISCRETIONARY,K-IMPORT
CONSUMER DISCRETIONARY,K-INVEST
CONSUMER DISCRETIONARY,K-OTEL
CONSUMER DISCRETIONARY,K-PROEKT
CONSUMER DISCRETIONARY,K-R
CONSUMER DISCRETIONARY,K-REGION
CONSUMER DISCRETIONARY,K-RETAIL
CONSUMER DISCRETIONARY,K-STRIT
CONSUMER DISCRETIONARY,K-TSENTR
CONSUMER DISCRETIONARY,K-YUG
CONSUMER DISCRETIONARY,KA-AMUR
CONSUMER DISCRETIONARY,KA-TREID
CONSUMER DISCRETIONARY,KAD
CONSUMER DISCRETIONARY,KADA
CONSUMER DISCRETIONARY,KADRA
CONSUMER DISCRETIONARY,KAIROS
CONSUMER DISCRETIONARY,KALU
CONSUMER DISCRETIONARY,KAN
CONSUMER DISCRETIONARY,KANIYA
CONSUMER DISCRETIONARY,KANOPUS
CONSUMER DISCRETIONARY,KANT
CONSUMER DISCRETIONARY,KANTSERNA
CONSUMER DISCRETIONARY,KANZLER
CONSUMER DISCRETIONARY,KAPITAL
CONSUMER DISCRETIONARY,KAPRIS
CONSUMER DISCRETIONARY,KAPRUN
CONSUMER DISCRETIONARY,KARAMEL
CONSUMER DISCRETIONARY,KARAT
CONSUMER DISCRETIONARY,KARCHER
CONSUMER DISCRETIONARY,KARI
CONSUMER DISCRETIONARY,KAS
CONSUMER DISCRETIONARY,KAS-OPT
CONSUMER DISCRETIONARY,KASHIRKA
CONSUMER DISCRETIONARY,KASOMA
CONSUMER DISCRETIONARY,KATA
CONSUMER DISCRETIONARY,KATT
CONSUMER DISCRETIONARY,KAUTO
CONSUMER DISCRETIONARY,KAYA
CONSUMER DISCRETIONARY,KAZ
CONSUMER DISCRETIONARY,KCIM
CONSUMER DISCRETIONARY,KDM
CONSUMER DISCRETIONARY,KEIP
CONSUMER DISCRETIONARY,KEITERING
CONSUMER DISCRETIONARY,KEMEROVO
CONSUMER DISCRETIONARY,KER
CONSUMER DISCRETIONARY,KET
CONSUMER DISCRETIONARY,KETIKO
CONSUMER DISCRETIONARY,KETING
CONSUMER DISCRETIONARY,KETPLEIS
CONSUMER DISCRETIONARY,KGROUP
CONSUMER DISCRETIONARY,KH-SAMARA
CONSUMER DISCRETIONARY,KHA
CONSUMER DISCRETIONARY,KHANIKA
CONSUMER DISCRETIONARY,KHAREVKA
CONSUMER DISCRETIONARY,KHAVN
CONSUMER DISCRETIONARY,KHIM
CONSUMER DISCRETIONARY,KHMET
CONSUMER DISCRETIONARY,KHNIKA
CONSUMER DISCRETIONARY,KHNIS
CONSUMER DISCRETIONARY,KHNOKOM
CONSUMER DISCRETIONARY,KHNOLAIN
CONSUMER DISCRETIONARY,KHNOLOGII
CONSUMER DISCRETIONARY,KHNOTORG
CONSUMER DISCRETIONARY,KHNOVIZA
CONSUMER DISCRETIONARY,KHO
CONSUMER DISCRETIONARY,KHOLL
CONSUMER DISCRETIONARY,KHOTY
CONSUMER DISCRETIONARY,KHSERVIS
CONSUMER DISCRETIONARY,KHSNAB
CONSUMER DISCRETIONARY,KHTA
CONSUMER DISCRETIONARY,KHTSENTR
CONSUMER DISCRETIONARY,KI.RU
CONSUMER DISCRETIONARY,KIA
CONSUMER DISCRETIONARY,KIFOR
CONSUMER DISCRETIONARY,KII
CONSUMER DISCRETIONARY,KING
CONSUMER DISCRETIONARY,KINO
CONSUMER DISCRETIONARY,KIRIYA
CONSUMER DISCRETIONARY,KKM
CONSUMER DISCRETIONARY,KLO
CONSUMER DISCRETIONARY,KLO-LYUKS
CONSUMER DISCRETIONARY,KLYUCH
CONSUMER DISCRETIONARY,KLYUZIV
CONSUMER DISCRETIONARY,KMART
CONSUMER DISCRETIONARY,KMART-MSK
CONSUMER DISCRETIONARY,KMASTER
CONSUMER DISCRETIONARY,KMEBEL'
CONSUMER DISCRETIONARY,KMOTORS
CONSUMER DISCRETIONARY,KMP
CONSUMER DISCRETIONARY,KMV
CONSUMER DISCRETIONARY,KO-BALT
CONSUMER DISCRETIONARY,KODES
CONSUMER DISCRETIONARY,KOFE
CONSUMER DISCRETIONARY,KOIL
CONSUMER DISCRETIONARY,KOIZDAT
CONSUMER DISCRETIONARY,KOLA
CONSUMER DISCRETIONARY,KOLIBRI
CONSUMER DISCRETIONARY,KOLOBOX
CONSUMER DISCRETIONARY,KOM
CONSUMER DISCRETIONARY,KOM-DON
CONSUMER DISCRETIONARY,KOMFORT
CONSUMER DISCRETIONARY,KOMPANIYA
CONSUMER DISCRETIONARY,KOMPLEKT
CONSUMER DISCRETIONARY,KOMSTROI
CONSUMER DISCRETIONARY,KOMTRADE
CONSUMER DISCRETIONARY,KOMUS
CONSUMER DISCRETIONARY,KOMUS-R2
CONSUMER DISCRETIONARY,KON
CONSUMER DISCRETIONARY,KONT
CONSUMER DISCRETIONARY,KONTINENT
CONSUMER DISCRETIONARY,KONTRAKTY
CONSUMER DISCRETIONARY,KOP
CONSUMER DISCRETIONARY,KOPOL
CONSUMER DISCRETIONARY,KOR
CONSUMER DISCRETIONARY,KOR-PLAST
CONSUMER DISCRETIONARY,KORABLIK
CONSUMER DISCRETIONARY,KORDSTAR
CONSUMER DISCRETIONARY,KORR
CONSUMER DISCRETIONARY,KOSMETIK
CONSUMER DISCRETIONARY,KOSTYUM
CONSUMER DISCRETIONARY,KOTAN
CONSUMER DISCRETIONARY,KOVKA
CONSUMER DISCRETIONARY,KOVKI
CONSUMER DISCRETIONARY,KOVO
CONSUMER DISCRETIONARY,KOVROTEX
CONSUMER DISCRETIONARY,KOZHA
CONSUMER DISCRETIONARY,KRAFT
CONSUMER DISCRETIONARY,KRASPAB
CONSUMER DISCRETIONARY,KREP
CONSUMER DISCRETIONARY,KRISTALL
CONSUMER DISCRETIONARY,KROKMART
CONSUMER DISCRETIONARY,KRON
CONSUMER DISCRETIONARY,KRONA
CONSUMER DISCRETIONARY,KRONOS
CONSUMER DISCRETIONARY,KS-36
CONSUMER DISCRETIONARY,KS-DISKI
CONSUMER DISCRETIONARY,KS-LADA
CONSUMER DISCRETIONARY,KS-S
CONSUMER DISCRETIONARY,KS-SHINY
CONSUMER DISCRETIONARY,KS.RU
CONSUMER DISCRETIONARY,KSA
CONSUMER DISCRETIONARY,KSEL
CONSUMER DISCRETIONARY,KSERVICE
CONSUMER DISCRETIONARY,KSHINA
CONSUMER DISCRETIONARY,KSIDOM
CONSUMER DISCRETIONARY,KSIL
CONSUMER DISCRETIONARY,KSIMUM
CONSUMER DISCRETIONARY,KSKLYUZIV
CONSUMER DISCRETIONARY,KSMOTORS
CONSUMER DISCRETIONARY,KSNAB
CONSUMER DISCRETIONARY,KSPERT
CONSUMER DISCRETIONARY,KSPORT54
CONSUMER DISCRETIONARY,KSPOTREID
CONSUMER DISCRETIONARY,KSPRESS
CONSUMER DISCRETIONARY,KST
CONSUMER DISCRETIONARY,KSTEYL'
CONSUMER DISCRETIONARY,KSTIL
CONSUMER DISCRETIONARY,KSTIL'
CONSUMER DISCRETIONARY,KSTIL-R
CONSUMER DISCRETIONARY,KT-1
CONSUMER DISCRETIONARY,KT-2
CONSUMER DISCRETIONARY,KTIV
CONSUMER DISCRETIONARY,KTOR
CONSUMER DISCRETIONARY,KTORIYA
CONSUMER DISCRETIONARY,KTOUR
CONSUMER DISCRETIONARY,KTR
CONSUMER DISCRETIONARY,KTRO
CONSUMER DISCRETIONARY,KTROM
CONSUMER DISCRETIONARY,KTSENTR
CONSUMER DISCRETIONARY,KTSIYA
CONSUMER DISCRETIONARY,KTURA
CONSUMER DISCRETIONARY,KTY
CONSUMER DISCRETIONARY,KUPISHOES
CONSUMER DISCRETIONARY,KURA
CONSUMER DISCRETIONARY,KURII
CONSUMER DISCRETIONARY,KURORTNYE
CONSUMER DISCRETIONARY,KVAMARIN
CONSUMER DISCRETIONARY,KVANT
CONSUMER DISCRETIONARY,KVANTUM
CONSUMER DISCRETIONARY,KVARIO
CONSUMER DISCRETIONARY,KVATORYA
CONSUMER DISCRETIONARY,KVINTO
CONSUMER DISCRETIONARY,KZAPCHAST
CONSUMER DISCRETIONARY,KhozTorg
CONSUMER DISCRETIONARY,Kim
CONSUMER DISCRETIONARY,Kit
CONSUMER DISCRETIONARY,Klimat
CONSUMER DISCRETIONARY,Kom
CONSUMER DISCRETIONARY,Komplekt
CONSUMER DISCRETIONARY,Komtrans
CONSUMER DISCRETIONARY,Konik
CONSUMER DISCRETIONARY,Kontaktor
CONSUMER DISCRETIONARY,Kraft
CONSUMER DISCRETIONARY,L'FA-K
CONSUMER DISCRETIONARY,L'NYE
CONSUMER DISCRETIONARY,L'S
CONSUMER DISCRETIONARY,L'TA
CONSUMER DISCRETIONARY,L'TERRA
CONSUMER DISCRETIONARY,L-ARENA
CONSUMER DISCRETIONARY,L-AVTO
CONSUMER DISCRETIONARY,L-CITY
CONSUMER DISCRETIONARY,L-EYKO
CONSUMER DISCRETIONARY,L-GARANT
CONSUMER DISCRETIONARY,L-IMPORT
CONSUMER DISCRETIONARY,"L-INTER"""
CONSUMER DISCRETIONARY,L-IVANOVO
CONSUMER DISCRETIONARY,L-KHOLL
CONSUMER DISCRETIONARY,L-M
CONSUMER DISCRETIONARY,L-MOTORS
CONSUMER DISCRETIONARY,L-NK
CONSUMER DISCRETIONARY,L-NORD
CONSUMER DISCRETIONARY,L-OIL
CONSUMER DISCRETIONARY,L-PAK
CONSUMER DISCRETIONARY,L-PREMIUM
CONSUMER DISCRETIONARY,L-R
CONSUMER DISCRETIONARY,L-TV
CONSUMER DISCRETIONARY,L-VOSTOK
CONSUMER DISCRETIONARY,LA-FR
CONSUMER DISCRETIONARY,LA-MK
CONSUMER DISCRETIONARY,LA-MTS
CONSUMER DISCRETIONARY,LA-N
CONSUMER DISCRETIONARY,LA-RD
CONSUMER DISCRETIONARY,LA-VR
CONSUMER DISCRETIONARY,LAA
CONSUMER DISCRETIONARY,LAAS
CONSUMER DISCRETIONARY,LAB
CONSUMER DISCRETIONARY,LACK
CONSUMER DISCRETIONARY,LADA
CONSUMER DISCRETIONARY,LADISLAV
CONSUMER DISCRETIONARY,LADNITSA
CONSUMER DISCRETIONARY,LAGMAN
CONSUMER DISCRETIONARY,LAIN
CONSUMER DISCRETIONARY,LAKHTA
CONSUMER DISCRETIONARY,LAM
CONSUMER DISCRETIONARY,LAMIS
CONSUMER DISCRETIONARY,LAMODA
CONSUMER DISCRETIONARY,LAMOS
CONSUMER DISCRETIONARY,LAMUR
CONSUMER DISCRETIONARY,LAN
CONSUMER DISCRETIONARY,LAND
CONSUMER DISCRETIONARY,LAND-MSK
CONSUMER DISCRETIONARY,LANETA
CONSUMER DISCRETIONARY,LANT
CONSUMER DISCRETIONARY,LANTA
CONSUMER DISCRETIONARY,LANTAVTO
CONSUMER DISCRETIONARY,LANTERS
CONSUMER DISCRETIONARY,LANTIC
CONSUMER DISCRETIONARY,LANYCAR
CONSUMER DISCRETIONARY,LAR
CONSUMER DISCRETIONARY,LARA
CONSUMER DISCRETIONARY,LARII
CONSUMER DISCRETIONARY,LAS
CONSUMER DISCRETIONARY,LAS-NTS
CONSUMER DISCRETIONARY,LASSIO
CONSUMER DISCRETIONARY,LAST
CONSUMER DISCRETIONARY,LASTIKA
CONSUMER DISCRETIONARY,LATA
CONSUMER DISCRETIONARY,LAUN
CONSUMER DISCRETIONARY,LAV
CONSUMER DISCRETIONARY,LAVDETAL'
CONSUMER DISCRETIONARY,LAVL'
CONSUMER DISCRETIONARY,LAVR
CONSUMER DISCRETIONARY,LAVTO
CONSUMER DISCRETIONARY,LAVTOTRAK
CONSUMER DISCRETIONARY,LAZ
CONSUMER DISCRETIONARY,LAZA
CONSUMER DISCRETIONARY,LAZER
CONSUMER DISCRETIONARY,LAZURIT
CONSUMER DISCRETIONARY,LBATROS
CONSUMER DISCRETIONARY,LCAR
CONSUMER DISCRETIONARY,LCON
CONSUMER DISCRETIONARY,LDBERRIES
CONSUMER DISCRETIONARY,LDI
CONSUMER DISCRETIONARY,LDOM
CONSUMER DISCRETIONARY,LE-GRAND
CONSUMER DISCRETIONARY,LECHENII
CONSUMER DISCRETIONARY,LEDACAR
CONSUMER DISCRETIONARY,LEET
CONSUMER DISCRETIONARY,LEGANT
CONSUMER DISCRETIONARY,LEGANZZA
CONSUMER DISCRETIONARY,LEIS
CONSUMER DISCRETIONARY,LEKOR
CONSUMER DISCRETIONARY,LEKS
CONSUMER DISCRETIONARY,LEKS-S
CONSUMER DISCRETIONARY,LEKSNAB
CONSUMER DISCRETIONARY,LEKT
CONSUMER DISCRETIONARY,LEKT-1
CONSUMER DISCRETIONARY,LEKT-2
CONSUMER DISCRETIONARY,LEKTRO
CONSUMER DISCRETIONARY,LEKTROM
CONSUMER DISCRETIONARY,LELEKTRO
CONSUMER DISCRETIONARY,LEMAX
CONSUMER DISCRETIONARY,LEMENT
CONSUMER DISCRETIONARY,LEND
CONSUMER DISCRETIONARY,LENDVIK
CONSUMER DISCRETIONARY,LENKI.RU
CONSUMER DISCRETIONARY,LER
CONSUMER DISCRETIONARY,LER-K
CONSUMER DISCRETIONARY,LER-N
CONSUMER DISCRETIONARY,LER-NB
CONSUMER DISCRETIONARY,LER-O
CONSUMER DISCRETIONARY,LER-U
CONSUMER DISCRETIONARY,LERON
CONSUMER DISCRETIONARY,LERS
CONSUMER DISCRETIONARY,LERSTVO
CONSUMER DISCRETIONARY,LERT
CONSUMER DISCRETIONARY,LERY
CONSUMER DISCRETIONARY,LERY-ALEX
CONSUMER DISCRETIONARY,LES
CONSUMER DISCRETIONARY,LES'E
CONSUMER DISCRETIONARY,LES-40
CONSUMER DISCRETIONARY,LESIE
CONSUMER DISCRETIONARY,LESKRAFT
CONSUMER DISCRETIONARY,LESMARKET
CONSUMER DISCRETIONARY,LESTATE
CONSUMER DISCRETIONARY,LET
CONSUMER DISCRETIONARY,LETO
CONSUMER DISCRETIONARY,LETOILE
CONSUMER DISCRETIONARY,LETTO
CONSUMER DISCRETIONARY,LEX
CONSUMER DISCRETIONARY,LEXANDRIA
CONSUMER DISCRETIONARY,LEYTIS
CONSUMER DISCRETIONARY,LFATEK
CONSUMER DISCRETIONARY,LGA
CONSUMER DISCRETIONARY,LGRAD
CONSUMER DISCRETIONARY,LGRUPP
CONSUMER DISCRETIONARY,LIANT
CONSUMER DISCRETIONARY,LIBRI
CONSUMER DISCRETIONARY,LIDER
CONSUMER DISCRETIONARY,LIDER-YUG
CONSUMER DISCRETIONARY,LIGA
CONSUMER DISCRETIONARY,LIGHT
CONSUMER DISCRETIONARY,LIK
CONSUMER DISCRETIONARY,LIK-R
CONSUMER DISCRETIONARY,LIKAN
CONSUMER DISCRETIONARY,LIM
CONSUMER DISCRETIONARY,LIMAT
CONSUMER DISCRETIONARY,LIMERBYT
CONSUMER DISCRETIONARY,LINA-AVTO
CONSUMER DISCRETIONARY,LINARIYA
CONSUMER DISCRETIONARY,LINDAILY
CONSUMER DISCRETIONARY,LINE
CONSUMER DISCRETIONARY,LINGERIE
CONSUMER DISCRETIONARY,LINGO
CONSUMER DISCRETIONARY,LINK
CONSUMER DISCRETIONARY,LINKGROUP
CONSUMER DISCRETIONARY,LION
CONSUMER DISCRETIONARY,LIONTREID
CONSUMER DISCRETIONARY,LIPS
CONSUMER DISCRETIONARY,LIR-KARAT
CONSUMER DISCRETIONARY,LIS
CONSUMER DISCRETIONARY,LIT
CONSUMER DISCRETIONARY,LIT-RUS
CONSUMER DISCRETIONARY,LITSA
CONSUMER DISCRETIONARY,LITSPB
CONSUMER DISCRETIONARY,LITWOOD
CONSUMER DISCRETIONARY,LKA
CONSUMER DISCRETIONARY,LKE
CONSUMER DISCRETIONARY,LKO
CONSUMER DISCRETIONARY,LKORR
CONSUMER DISCRETIONARY,LKOVKA
CONSUMER DISCRETIONARY,LLA
CONSUMER DISCRETIONARY,LLANYCAR
CONSUMER DISCRETIONARY,LLAR
CONSUMER DISCRETIONARY,LLC
CONSUMER DISCRETIONARY,LLERS
CONSUMER DISCRETIONARY,LLERT
CONSUMER DISCRETIONARY,LLERY
CONSUMER DISCRETIONARY,LLORO
CONSUMER DISCRETIONARY,LMA
CONSUMER DISCRETIONARY,LMAKS
CONSUMER DISCRETIONARY,LMART
CONSUMER DISCRETIONARY,LNYE
CONSUMER DISCRETIONARY,LO-LYUKS
CONSUMER DISCRETIONARY,LOBAL
CONSUMER DISCRETIONARY,LOBOX
CONSUMER DISCRETIONARY,LODOVNYA
CONSUMER DISCRETIONARY,LOFER
CONSUMER DISCRETIONARY,LOGII
CONSUMER DISCRETIONARY,LOGISTIKA
CONSUMER DISCRETIONARY,LOGOS
CONSUMER DISCRETIONARY,LOK
CONSUMER DISCRETIONARY,LON
CONSUMER DISCRETIONARY,LOOK
CONSUMER DISCRETIONARY,LOPESTYLE
CONSUMER DISCRETIONARY,LOR
CONSUMER DISCRETIONARY,LORIA
CONSUMER DISCRETIONARY,LORIST
CONSUMER DISCRETIONARY,LORO
CONSUMER DISCRETIONARY,LOSET
CONSUMER DISCRETIONARY,LOT
CONSUMER DISCRETIONARY,LOTEX
CONSUMER DISCRETIONARY,LOTEX-M
CONSUMER DISCRETIONARY,LOTO
CONSUMER DISCRETIONARY,LOVAYA
CONSUMER DISCRETIONARY,LOVO
CONSUMER DISCRETIONARY,LPART
CONSUMER DISCRETIONARY,LPEC
CONSUMER DISCRETIONARY,LPLIT
CONSUMER DISCRETIONARY,LPMP
CONSUMER DISCRETIONARY,LSERVIS
CONSUMER DISCRETIONARY,LSI
CONSUMER DISCRETIONARY,LSNAB
CONSUMER DISCRETIONARY,LSOVET
CONSUMER DISCRETIONARY,LSTVO-SZ
CONSUMER DISCRETIONARY,LTA
CONSUMER DISCRETIONARY,LTAI
CONSUMER DISCRETIONARY,LTAT
CONSUMER DISCRETIONARY,LTD
CONSUMER DISCRETIONARY,LTEKS
CONSUMER DISCRETIONARY,LTERRA
CONSUMER DISCRETIONARY,LTIMENU
CONSUMER DISCRETIONARY,LTR
CONSUMER DISCRETIONARY,LTRA
CONSUMER DISCRETIONARY,LUARA
CONSUMER DISCRETIONARY,LUCKSA
CONSUMER DISCRETIONARY,LUKA
CONSUMER DISCRETIONARY,LUKAUTO
CONSUMER DISCRETIONARY,LUMET
CONSUMER DISCRETIONARY,LUS
CONSUMER DISCRETIONARY,LUX
CONSUMER DISCRETIONARY,LUXTORG
CONSUMER DISCRETIONARY,LUZIVANIE
CONSUMER DISCRETIONARY,LVE
CONSUMER DISCRETIONARY,LVI
CONSUMER DISCRETIONARY,LVIS-AKOM
CONSUMER DISCRETIONARY,LVIS-RS
CONSUMER DISCRETIONARY,LVR
CONSUMER DISCRETIONARY,LYA
CONSUMER DISCRETIONARY,LYANS
CONSUMER DISCRETIONARY,LYATOR
CONSUMER DISCRETIONARY,LYMER
CONSUMER DISCRETIONARY,LYMP
CONSUMER DISCRETIONARY,LYSH
CONSUMER DISCRETIONARY,LYUBERTSY
CONSUMER DISCRETIONARY,LYUCH
CONSUMER DISCRETIONARY,LYUCHAVTO
CONSUMER DISCRETIONARY,LYUKS
CONSUMER DISCRETIONARY,LYUS
CONSUMER DISCRETIONARY,LYUZIV
CONSUMER DISCRETIONARY,LZBT
CONSUMER DISCRETIONARY,LZEP
CONSUMER DISCRETIONARY,LZH'E
CONSUMER DISCRETIONARY,LZRU
CONSUMER DISCRETIONARY,LZSM
CONSUMER DISCRETIONARY,Lamobile
CONSUMER DISCRETIONARY,Lamoda
CONSUMER DISCRETIONARY,Leader
CONSUMER DISCRETIONARY,LesTrans
CONSUMER DISCRETIONARY,LiM
CONSUMER DISCRETIONARY,Line
CONSUMER DISCRETIONARY,Logistik
CONSUMER DISCRETIONARY,Lub
CONSUMER DISCRETIONARY,M-1
CONSUMER DISCRETIONARY,M-2
CONSUMER DISCRETIONARY,M-260
CONSUMER DISCRETIONARY,M-3
CONSUMER DISCRETIONARY,M-ALTAI
CONSUMER DISCRETIONARY,M-AUTO
CONSUMER DISCRETIONARY,M-AVTOVAZ
CONSUMER DISCRETIONARY,M-DON
CONSUMER DISCRETIONARY,M-FINANS
CONSUMER DISCRETIONARY,M-INVEST
CONSUMER DISCRETIONARY,M-MEDIA
CONSUMER DISCRETIONARY,M-MODUL'
CONSUMER DISCRETIONARY,M-OBNINSK
CONSUMER DISCRETIONARY,M-RESTART
CONSUMER DISCRETIONARY,M-Tech
CONSUMER DISCRETIONARY,M.SI.
CONSUMER DISCRETIONARY,MA-CENTER
CONSUMER DISCRETIONARY,MA-LEND
CONSUMER DISCRETIONARY,MA-RUS
CONSUMER DISCRETIONARY,MA-UG
CONSUMER DISCRETIONARY,MADA
CONSUMER DISCRETIONARY,MADA-ZAPA
CONSUMER DISCRETIONARY,MAG
CONSUMER DISCRETIONARY,MAGAZIN
CONSUMER DISCRETIONARY,MAGISTRAL
CONSUMER DISCRETIONARY,MAILOVO
CONSUMER DISCRETIONARY,MAIND
CONSUMER DISCRETIONARY,MAISON
CONSUMER DISCRETIONARY,MAKALU
CONSUMER DISCRETIONARY,MAKCIM
CONSUMER DISCRETIONARY,MAKO
CONSUMER DISCRETIONARY,MAKODES
CONSUMER DISCRETIONARY,MAKS
CONSUMER DISCRETIONARY,MAKSIDOM
CONSUMER DISCRETIONARY,MAKSIMUM
CONSUMER DISCRETIONARY,MAL
CONSUMER DISCRETIONARY,MAL'
CONSUMER DISCRETIONARY,MALYSH
CONSUMER DISCRETIONARY,MAN
CONSUMER DISCRETIONARY,MANGAZEYA
CONSUMER DISCRETIONARY,MANIA
CONSUMER DISCRETIONARY,MARA
CONSUMER DISCRETIONARY,MARA-URAL
CONSUMER DISCRETIONARY,MARIFLOR
CONSUMER DISCRETIONARY,MARIN
CONSUMER DISCRETIONARY,MARKET
CONSUMER DISCRETIONARY,MARKETING
CONSUMER DISCRETIONARY,MARMA
CONSUMER DISCRETIONARY,MARMA-UG
CONSUMER DISCRETIONARY,MART
CONSUMER DISCRETIONARY,MART-MSK
CONSUMER DISCRETIONARY,MARTAUDIO
CONSUMER DISCRETIONARY,MARTEN
CONSUMER DISCRETIONARY,MARTEYK
CONSUMER DISCRETIONARY,MASH
CONSUMER DISCRETIONARY,MASHKA
CONSUMER DISCRETIONARY,MASTER
CONSUMER DISCRETIONARY,MASTER-L
CONSUMER DISCRETIONARY,MASTER-N
CONSUMER DISCRETIONARY,MASTER-R
CONSUMER DISCRETIONARY,MAT
CONSUMER DISCRETIONARY,MATEK
CONSUMER DISCRETIONARY,MATIKA
CONSUMER DISCRETIONARY,MAX
CONSUMER DISCRETIONARY,MAXIDOM
CONSUMER DISCRETIONARY,MAXIMA
CONSUMER DISCRETIONARY,MAXIMIZE
CONSUMER DISCRETIONARY,MAXIMUM
CONSUMER DISCRETIONARY,MAYORAL
CONSUMER DISCRETIONARY,MB-AVTO
CONSUMER DISCRETIONARY,MBA
CONSUMER DISCRETIONARY,MBL
CONSUMER DISCRETIONARY,MBMR
CONSUMER DISCRETIONARY,MBOV-AVTO
CONSUMER DISCRETIONARY,MCAR
CONSUMER DISCRETIONARY,MCPAPER
CONSUMER DISCRETIONARY,MDS
CONSUMER DISCRETIONARY,MEBEL
CONSUMER DISCRETIONARY,MEBEL'
CONSUMER DISCRETIONARY,MEBEL'NYE
CONSUMER DISCRETIONARY,MEBELGRAD
CONSUMER DISCRETIONARY,MECHTA
CONSUMER DISCRETIONARY,MEDIA
CONSUMER DISCRETIONARY,MEGA
CONSUMER DISCRETIONARY,MEGAPLIT
CONSUMER DISCRETIONARY,MEGATEKS
CONSUMER DISCRETIONARY,MEGOGO
CONSUMER DISCRETIONARY,MEKHANIKA
CONSUMER DISCRETIONARY,MEKS
CONSUMER DISCRETIONARY,MEKS.RU
CONSUMER DISCRETIONARY,MEL
CONSUMER DISCRETIONARY,MELON
CONSUMER DISCRETIONARY,MEN'-OIL
CONSUMER DISCRETIONARY,MENT
CONSUMER DISCRETIONARY,MENTI.RU
CONSUMER DISCRETIONARY,MENU
CONSUMER DISCRETIONARY,MER
CONSUMER DISCRETIONARY,MERBYT
CONSUMER DISCRETIONARY,MERENIE
CONSUMER DISCRETIONARY,MERKAD
CONSUMER DISCRETIONARY,MERKURII
CONSUMER DISCRETIONARY,MEROVO
CONSUMER DISCRETIONARY,MET
CONSUMER DISCRETIONARY,METALL
CONSUMER DISCRETIONARY,METIK
CONSUMER DISCRETIONARY,METIZ
CONSUMER DISCRETIONARY,MEYU
CONSUMER DISCRETIONARY,MFITRION
CONSUMER DISCRETIONARY,MFORT
CONSUMER DISCRETIONARY,MFUA
CONSUMER DISCRETIONARY,MGT
CONSUMER DISCRETIONARY,MHG
CONSUMER DISCRETIONARY,MIDYCH
CONSUMER DISCRETIONARY,MIKRON
CONSUMER DISCRETIONARY,MIKS
CONSUMER DISCRETIONARY,MILI
CONSUMER DISCRETIONARY,MINA
CONSUMER DISCRETIONARY,"MINAL,"
CONSUMER DISCRETIONARY,MINAL-OIL
CONSUMER DISCRETIONARY,MINIMAX
CONSUMER DISCRETIONARY,MINION
CONSUMER DISCRETIONARY,MINO
CONSUMER DISCRETIONARY,MIR-TEKS
CONSUMER DISCRETIONARY,MIR-TREID
CONSUMER DISCRETIONARY,MIS
CONSUMER DISCRETIONARY,MITAL'
CONSUMER DISCRETIONARY,MIUM
CONSUMER DISCRETIONARY,MIUZ
CONSUMER DISCRETIONARY,MIYA
CONSUMER DISCRETIONARY,MIZE
CONSUMER DISCRETIONARY,MImport
CONSUMER DISCRETIONARY,MKAPITAL
CONSUMER DISCRETIONARY,MKHIM
CONSUMER DISCRETIONARY,MLEKSNAB
CONSUMER DISCRETIONARY,MLIGHT
CONSUMER DISCRETIONARY,MLINK
CONSUMER DISCRETIONARY,MLOFER
CONSUMER DISCRETIONARY,MMA
CONSUMER DISCRETIONARY,MNIBUS
CONSUMER DISCRETIONARY,MNYE
CONSUMER DISCRETIONARY,MOBILEND
CONSUMER DISCRETIONARY,MOBILNYE
CONSUMER DISCRETIONARY,MODA
CONSUMER DISCRETIONARY,MODERN
CONSUMER DISCRETIONARY,MODNY
CONSUMER DISCRETIONARY,MODUL'
CONSUMER DISCRETIONARY,MOFERM
CONSUMER DISCRETIONARY,MOK
CONSUMER DISCRETIONARY,MOK-STRIT
CONSUMER DISCRETIONARY,MONE
CONSUMER DISCRETIONARY,MONIKA
CONSUMER DISCRETIONARY,MONITOR
CONSUMER DISCRETIONARY,MONKI
CONSUMER DISCRETIONARY,MONOLIT
CONSUMER DISCRETIONARY,MONT
CONSUMER DISCRETIONARY,MOS
CONSUMER DISCRETIONARY,MOSSTEKLO
CONSUMER DISCRETIONARY,MOT
CONSUMER DISCRETIONARY,MOTEKA
CONSUMER DISCRETIONARY,MOTIV
CONSUMER DISCRETIONARY,MOTOGRAD
CONSUMER DISCRETIONARY,MOTORS
CONSUMER DISCRETIONARY,MPANIYA
CONSUMER DISCRETIONARY,MPART
CONSUMER DISCRETIONARY,MPE
CONSUMER DISCRETIONARY,MPEKS
CONSUMER DISCRETIONARY,MPEL
CONSUMER DISCRETIONARY,MPERIAL
CONSUMER DISCRETIONARY,MPLEKT
CONSUMER DISCRETIONARY,MPLEKT-1
CONSUMER DISCRETIONARY,MPLEKT-2
CONSUMER DISCRETIONARY,MPONENT
CONSUMER DISCRETIONARY,MPORT
CONSUMER DISCRETIONARY,MPRODUKT
CONSUMER DISCRETIONARY,MPUL'S
CONSUMER DISCRETIONARY,MPULS
CONSUMER DISCRETIONARY,MRESURS
CONSUMER DISCRETIONARY,MROSS
CONSUMER DISCRETIONARY,MRSV
CONSUMER DISCRETIONARY,MSI
CONSUMER DISCRETIONARY,MSITREYID
CONSUMER DISCRETIONARY,MSK
CONSUMER DISCRETIONARY,MSK-2
CONSUMER DISCRETIONARY,MSKSHINA
CONSUMER DISCRETIONARY,MSON-OPT
CONSUMER DISCRETIONARY,MSON-PERM
CONSUMER DISCRETIONARY,MSTROI
CONSUMER DISCRETIONARY,MTEK
CONSUMER DISCRETIONARY,MTEKHSNAB
CONSUMER DISCRETIONARY,MTORG
CONSUMER DISCRETIONARY,MTRADE
CONSUMER DISCRETIONARY,MTRANS
CONSUMER DISCRETIONARY,MTS
CONSUMER DISCRETIONARY,MUL
CONSUMER DISCRETIONARY,MULA-FR
CONSUMER DISCRETIONARY,MULA-MK
CONSUMER DISCRETIONARY,MULA-MTS
CONSUMER DISCRETIONARY,MULA-N
CONSUMER DISCRETIONARY,MULA-RD
CONSUMER DISCRETIONARY,MULA-VR
CONSUMER DISCRETIONARY,MULAA
CONSUMER DISCRETIONARY,MULAM
CONSUMER DISCRETIONARY,MULTIMENU
CONSUMER DISCRETIONARY,MULYATOR
CONSUMER DISCRETIONARY,MUM
CONSUMER DISCRETIONARY,MUR
CONSUMER DISCRETIONARY,MURAVEI
CONSUMER DISCRETIONARY,MUS
CONSUMER DISCRETIONARY,MUS-R2
CONSUMER DISCRETIONARY,MUZTORG
CONSUMER DISCRETIONARY,MUZYKANT
CONSUMER DISCRETIONARY,MYA-AVTO
CONSUMER DISCRETIONARY,Magniy
CONSUMER DISCRETIONARY,Maker
CONSUMER DISCRETIONARY,Maria
CONSUMER DISCRETIONARY,Mart
CONSUMER DISCRETIONARY,MartiKom
CONSUMER DISCRETIONARY,Mebelgrad
CONSUMER DISCRETIONARY,Media
CONSUMER DISCRETIONARY,MediaMind
CONSUMER DISCRETIONARY,Mind
CONSUMER DISCRETIONARY,Modi
CONSUMER DISCRETIONARY,Most
CONSUMER DISCRETIONARY,Motivi-M
CONSUMER DISCRETIONARY,Motorlend
CONSUMER DISCRETIONARY,MyRest
CONSUMER DISCRETIONARY,N'-OIL
CONSUMER DISCRETIONARY,N'YUKHAVN
CONSUMER DISCRETIONARY,N-AUTO
CONSUMER DISCRETIONARY,N-AVTO
CONSUMER DISCRETIONARY,N-BTL
CONSUMER DISCRETIONARY,N-GRUPP
CONSUMER DISCRETIONARY,N-KMV
CONSUMER DISCRETIONARY,N-MOTORS
CONSUMER DISCRETIONARY,N-OPT
CONSUMER DISCRETIONARY,N-PERM
CONSUMER DISCRETIONARY,N-SIBIR
CONSUMER DISCRETIONARY,N-TREID
CONSUMER DISCRETIONARY,N-TYVA
CONSUMER DISCRETIONARY,N-Tyres
CONSUMER DISCRETIONARY,N-UFA
CONSUMER DISCRETIONARY,N-YUG
CONSUMER DISCRETIONARY,"N.,"
CONSUMER DISCRETIONARY,N.RU
CONSUMER DISCRETIONARY,N1.RU
CONSUMER DISCRETIONARY,NA-AVTO
CONSUMER DISCRETIONARY,NAB
CONSUMER DISCRETIONARY,NAGEMENT
CONSUMER DISCRETIONARY,NAL
CONSUMER DISCRETIONARY,"NAL,"
CONSUMER DISCRETIONARY,NAL-OIL
CONSUMER DISCRETIONARY,NAM
CONSUMER DISCRETIONARY,NAMERENIE
CONSUMER DISCRETIONARY,NANS
CONSUMER DISCRETIONARY,NAP-PLYUS
CONSUMER DISCRETIONARY,NAR
CONSUMER DISCRETIONARY,NARIYA
CONSUMER DISCRETIONARY,NAS
CONSUMER DISCRETIONARY,NASTIYA
CONSUMER DISCRETIONARY,NAT-PLYUS
CONSUMER DISCRETIONARY,NATA
CONSUMER DISCRETIONARY,NAUL
CONSUMER DISCRETIONARY,NAVTO
CONSUMER DISCRETIONARY,NAVTO-YUG
CONSUMER DISCRETIONARY,NAY
CONSUMER DISCRETIONARY,NAYA
CONSUMER DISCRETIONARY,NBR
CONSUMER DISCRETIONARY,NBURG
CONSUMER DISCRETIONARY,NCE
CONSUMER DISCRETIONARY,NCEPT
CONSUMER DISCRETIONARY,NCHUNG
CONSUMER DISCRETIONARY,NCOM-AUTO
CONSUMER DISCRETIONARY,NCY
CONSUMER DISCRETIONARY,ND-INVEST
CONSUMER DISCRETIONARY,ND-MSK
CONSUMER DISCRETIONARY,NDAILY
CONSUMER DISCRETIONARY,NDEM
CONSUMER DISCRETIONARY,NDEN
CONSUMER DISCRETIONARY,NDEZ-VOUS
CONSUMER DISCRETIONARY,NDFAYANS
CONSUMER DISCRETIONARY,NDRIA
CONSUMER DISCRETIONARY,NDT
CONSUMER DISCRETIONARY,NDVIK
CONSUMER DISCRETIONARY,NEKSPRESS
CONSUMER DISCRETIONARY,NEL
CONSUMER DISCRETIONARY,NEMA
CONSUMER DISCRETIONARY,NENT
CONSUMER DISCRETIONARY,NER
CONSUMER DISCRETIONARY,NER-TA
CONSUMER DISCRETIONARY,NERDZHI
CONSUMER DISCRETIONARY,NERTSENTR
CONSUMER DISCRETIONARY,NESERVISE
CONSUMER DISCRETIONARY,NESS
CONSUMER DISCRETIONARY,NETA
CONSUMER DISCRETIONARY,NETWORK
CONSUMER DISCRETIONARY,NEW
CONSUMER DISCRETIONARY,NEYKS
CONSUMER DISCRETIONARY,NEYLT
CONSUMER DISCRETIONARY,NEZH
CONSUMER DISCRETIONARY,NFARFOR
CONSUMER DISCRETIONARY,NG-MOTORS
CONSUMER DISCRETIONARY,NG-RUS
CONSUMER DISCRETIONARY,NGARD
CONSUMER DISCRETIONARY,NGAZEYA
CONSUMER DISCRETIONARY,NGERIE
CONSUMER DISCRETIONARY,NGLE
CONSUMER DISCRETIONARY,NGLOBAL
CONSUMER DISCRETIONARY,NGO
CONSUMER DISCRETIONARY,NGSTREM
CONSUMER DISCRETIONARY,NHELL
CONSUMER DISCRETIONARY,NIA
CONSUMER DISCRETIONARY,NIBUS
CONSUMER DISCRETIONARY,NICO
CONSUMER DISCRETIONARY,NICS
CONSUMER DISCRETIONARY,NIE
CONSUMER DISCRETIONARY,NIGAZ
CONSUMER DISCRETIONARY,NII
CONSUMER DISCRETIONARY,NIK
CONSUMER DISCRETIONARY,NIKA
CONSUMER DISCRETIONARY,NIKA-AMUR
CONSUMER DISCRETIONARY,NIKIFOR
CONSUMER DISCRETIONARY,NIKON
CONSUMER DISCRETIONARY,NIKS
CONSUMER DISCRETIONARY,NIM
CONSUMER DISCRETIONARY,NIMAX
CONSUMER DISCRETIONARY,NINSK
CONSUMER DISCRETIONARY,NINVEST
CONSUMER DISCRETIONARY,NION
CONSUMER DISCRETIONARY,NIREST
CONSUMER DISCRETIONARY,NIRING
CONSUMER DISCRETIONARY,NIS
CONSUMER DISCRETIONARY,NIT
CONSUMER DISCRETIONARY,NITOR
CONSUMER DISCRETIONARY,NITSA
CONSUMER DISCRETIONARY,NIVERFUD
CONSUMER DISCRETIONARY,NIYA
CONSUMER DISCRETIONARY,NIYE
CONSUMER DISCRETIONARY,NKER
CONSUMER DISCRETIONARY,NKGROUP
CONSUMER DISCRETIONARY,NKI
CONSUMER DISCRETIONARY,NKI.RU
CONSUMER DISCRETIONARY,NKO
CONSUMER DISCRETIONARY,NKOIZDAT
CONSUMER DISCRETIONARY,NKOM
CONSUMER DISCRETIONARY,NKOMSTROI
CONSUMER DISCRETIONARY,NKOR
CONSUMER DISCRETIONARY,NKT
CONSUMER DISCRETIONARY,NLAN
CONSUMER DISCRETIONARY,NLIGHT
CONSUMER DISCRETIONARY,NM-1
CONSUMER DISCRETIONARY,NM-2
CONSUMER DISCRETIONARY,NM-3
CONSUMER DISCRETIONARY,NNA
CONSUMER DISCRETIONARY,NO-URAL
CONSUMER DISCRETIONARY,NOD
CONSUMER DISCRETIONARY,NOE
CONSUMER DISCRETIONARY,NOFER
CONSUMER DISCRETIONARY,"NOGREYD"""
CONSUMER DISCRETIONARY,NOI
CONSUMER DISCRETIONARY,NOIS
CONSUMER DISCRETIONARY,NOKOM
CONSUMER DISCRETIONARY,NOLAIN
CONSUMER DISCRETIONARY,NOLIT
CONSUMER DISCRETIONARY,NOLIT-RUS
CONSUMER DISCRETIONARY,NOLOGII
CONSUMER DISCRETIONARY,NON-TREID
CONSUMER DISCRETIONARY,NOPUS
CONSUMER DISCRETIONARY,NORAMA
CONSUMER DISCRETIONARY,NORD
CONSUMER DISCRETIONARY,NORDIA
CONSUMER DISCRETIONARY,NORMAL
CONSUMER DISCRETIONARY,NORTEK
CONSUMER DISCRETIONARY,NOS
CONSUMER DISCRETIONARY,NOS-AVTO
CONSUMER DISCRETIONARY,NOSIMO
CONSUMER DISCRETIONARY,NOST
CONSUMER DISCRETIONARY,NOTORG
CONSUMER DISCRETIONARY,NOVATOR-E
CONSUMER DISCRETIONARY,NOVIZA
CONSUMER DISCRETIONARY,NOVO
CONSUMER DISCRETIONARY,NOVOCAR
CONSUMER DISCRETIONARY,NOY
CONSUMER DISCRETIONARY,NPAK
CONSUMER DISCRETIONARY,NPP-LOGOS
CONSUMER DISCRETIONARY,NRESOURCE
CONSUMER DISCRETIONARY,NRS
CONSUMER DISCRETIONARY,NS-AVTO
CONSUMER DISCRETIONARY,NS-SHINA
CONSUMER DISCRETIONARY,NS-STROI
CONSUMER DISCRETIONARY,NSAND
CONSUMER DISCRETIONARY,NSERVIS
CONSUMER DISCRETIONARY,NSG
CONSUMER DISCRETIONARY,NSH
CONSUMER DISCRETIONARY,NSI
CONSUMER DISCRETIONARY,NSISTEM
CONSUMER DISCRETIONARY,NSITEKH
CONSUMER DISCRETIONARY,NSK
CONSUMER DISCRETIONARY,NSKAYA
CONSUMER DISCRETIONARY,NSKII
CONSUMER DISCRETIONARY,NSKMEBEL'
CONSUMER DISCRETIONARY,NSKOM
CONSUMER DISCRETIONARY,NSLACK
CONSUMER DISCRETIONARY,NSMETALL
CONSUMER DISCRETIONARY,NSMOTORS
CONSUMER DISCRETIONARY,NSNAB
CONSUMER DISCRETIONARY,NSPARK
CONSUMER DISCRETIONARY,NSSVYAZ'
CONSUMER DISCRETIONARY,NSTOLITSA
CONSUMER DISCRETIONARY,NSTRUCTIA
CONSUMER DISCRETIONARY,NT-AVTO
CONSUMER DISCRETIONARY,NT-D
CONSUMER DISCRETIONARY,NT-INVEST
CONSUMER DISCRETIONARY,NT-SERVIS
CONSUMER DISCRETIONARY,NT-TSENTR
CONSUMER DISCRETIONARY,NT-URAL
CONSUMER DISCRETIONARY,NTA
CONSUMER DISCRETIONARY,NTAVTO
CONSUMER DISCRETIONARY,NTAZIYA
CONSUMER DISCRETIONARY,NTAZIYA-4
CONSUMER DISCRETIONARY,NTE
CONSUMER DISCRETIONARY,NTECH
CONSUMER DISCRETIONARY,NTEGRA
CONSUMER DISCRETIONARY,NTENNA
CONSUMER DISCRETIONARY,NTER
CONSUMER DISCRETIONARY,"NTER"""
CONSUMER DISCRETIONARY,NTER-STEP
CONSUMER DISCRETIONARY,NTERIORS
CONSUMER DISCRETIONARY,NTERPLAST
CONSUMER DISCRETIONARY,NTERPRINT
CONSUMER DISCRETIONARY,NTERPROM
CONSUMER DISCRETIONARY,NTERRA
CONSUMER DISCRETIONARY,NTERS
CONSUMER DISCRETIONARY,NTERSVET
CONSUMER DISCRETIONARY,NTERTREID
CONSUMER DISCRETIONARY,NTEYL-M
CONSUMER DISCRETIONARY,NTI.RU
CONSUMER DISCRETIONARY,NTIC
CONSUMER DISCRETIONARY,NTIME
CONSUMER DISCRETIONARY,NTINENT
CONSUMER DISCRETIONARY,NTO
CONSUMER DISCRETIONARY,NTOCHA
CONSUMER DISCRETIONARY,NTON
CONSUMER DISCRETIONARY,NTORG
CONSUMER DISCRETIONARY,NTOURIST
CONSUMER DISCRETIONARY,NTPD
CONSUMER DISCRETIONARY,NTR
CONSUMER DISCRETIONARY,NTRAKTY
CONSUMER DISCRETIONARY,NTREID
CONSUMER DISCRETIONARY,NTRINVEST
CONSUMER DISCRETIONARY,NTRITEYL
CONSUMER DISCRETIONARY,NTRO
CONSUMER DISCRETIONARY,NTROBUV
CONSUMER DISCRETIONARY,NTROTEH
CONSUMER DISCRETIONARY,NTS
CONSUMER DISCRETIONARY,NTSA-TSA
CONSUMER DISCRETIONARY,NTSERNA
CONSUMER DISCRETIONARY,NTSIP-T
CONSUMER DISCRETIONARY,NTUM
CONSUMER DISCRETIONARY,NTURA
CONSUMER DISCRETIONARY,NTURUFESA
CONSUMER DISCRETIONARY,NTUS
CONSUMER DISCRETIONARY,NUFAKTURA
CONSUMER DISCRETIONARY,NUM
CONSUMER DISCRETIONARY,NV-AVTO
CONSUMER DISCRETIONARY,NVENT
CONSUMER DISCRETIONARY,NVEST
CONSUMER DISCRETIONARY,NWALD
CONSUMER DISCRETIONARY,NYA
CONSUMER DISCRETIONARY,NYCAR
CONSUMER DISCRETIONARY,NYE
CONSUMER DISCRETIONARY,NZGSH
CONSUMER DISCRETIONARY,NZHELYUS
CONSUMER DISCRETIONARY,NZIT
CONSUMER DISCRETIONARY,NZIT-OIL
CONSUMER DISCRETIONARY,NZITSITI
CONSUMER DISCRETIONARY,NZLER
CONSUMER DISCRETIONARY,NZZA
CONSUMER DISCRETIONARY,Nakama
CONSUMER DISCRETIONARY,Neovision
CONSUMER DISCRETIONARY,O-1
CONSUMER DISCRETIONARY,O-45
CONSUMER DISCRETIONARY,O-BALT
CONSUMER DISCRETIONARY,O-CAR
CONSUMER DISCRETIONARY,O-CITY
CONSUMER DISCRETIONARY,O-D
CONSUMER DISCRETIONARY,O-EURO
CONSUMER DISCRETIONARY,O-EVRO
CONSUMER DISCRETIONARY,O-IMPORT
CONSUMER DISCRETIONARY,O-INVEST
CONSUMER DISCRETIONARY,O-LYUKS
CONSUMER DISCRETIONARY,O-MOTORS
CONSUMER DISCRETIONARY,O-PLANETA
CONSUMER DISCRETIONARY,O-POLYMER
CONSUMER DISCRETIONARY,O-PREMIUM
CONSUMER DISCRETIONARY,O-ROS
CONSUMER DISCRETIONARY,O-SITI
CONSUMER DISCRETIONARY,O-SZ
CONSUMER DISCRETIONARY,O-TRAST
CONSUMER DISCRETIONARY,O-URAL
CONSUMER DISCRETIONARY,O-VOSTOK
CONSUMER DISCRETIONARY,O-YUG
CONSUMER DISCRETIONARY,OAPGREID
CONSUMER DISCRETIONARY,OATE
CONSUMER DISCRETIONARY,OBAL
CONSUMER DISCRETIONARY,OBAM
CONSUMER DISCRETIONARY,OBEDA
CONSUMER DISCRETIONARY,OBEK
CONSUMER DISCRETIONARY,OBEKTIV
CONSUMER DISCRETIONARY,OBERON
CONSUMER DISCRETIONARY,OBILEND
CONSUMER DISCRETIONARY,OBILNYE
CONSUMER DISCRETIONARY,OBILSOVET
CONSUMER DISCRETIONARY,OBL-TV
CONSUMER DISCRETIONARY,OBNINSK
CONSUMER DISCRETIONARY,OBOI
CONSUMER DISCRETIONARY,OBOOM
CONSUMER DISCRETIONARY,OBOX
CONSUMER DISCRETIONARY,OBUV
CONSUMER DISCRETIONARY,OBUVI
CONSUMER DISCRETIONARY,OCAR
CONSUMER DISCRETIONARY,OCCITANE
CONSUMER DISCRETIONARY,OCHA
CONSUMER DISCRETIONARY,OCHI-ATO
CONSUMER DISCRETIONARY,OCHNIK
CONSUMER DISCRETIONARY,OCINTECH
CONSUMER DISCRETIONARY,ODA
CONSUMER DISCRETIONARY,ODERN
CONSUMER DISCRETIONARY,ODES
CONSUMER DISCRETIONARY,ODEZHDY
CONSUMER DISCRETIONARY,ODIOLA
CONSUMER DISCRETIONARY,ODISK
CONSUMER DISCRETIONARY,ODIZAIN
CONSUMER DISCRETIONARY,ODIZEL
CONSUMER DISCRETIONARY,ODNY
CONSUMER DISCRETIONARY,ODONIT
CONSUMER DISCRETIONARY,ODOVNYA
CONSUMER DISCRETIONARY,ODRYAD
CONSUMER DISCRETIONARY,ODSERVIS
CONSUMER DISCRETIONARY,ODSTAR
CONSUMER DISCRETIONARY,ODUKT
CONSUMER DISCRETIONARY,ODUKTSIYA
CONSUMER DISCRETIONARY,ODUL'
CONSUMER DISCRETIONARY,ODYANOI
CONSUMER DISCRETIONARY,OEKT
CONSUMER DISCRETIONARY,OES
CONSUMER DISCRETIONARY,OEXPO-45
CONSUMER DISCRETIONARY,OEYKSPERT
CONSUMER DISCRETIONARY,OFE
CONSUMER DISCRETIONARY,OFER
CONSUMER DISCRETIONARY,OFERM
CONSUMER DISCRETIONARY,OFFLORIST
CONSUMER DISCRETIONARY,OFFPRICE
CONSUMER DISCRETIONARY,OFIL'
CONSUMER DISCRETIONARY,OFIMPORT
CONSUMER DISCRETIONARY,OFIOIL
CONSUMER DISCRETIONARY,OFIRST
CONSUMER DISCRETIONARY,OFIS
CONSUMER DISCRETIONARY,OFISMAG
CONSUMER DISCRETIONARY,OFIT
CONSUMER DISCRETIONARY,OFIT-LIGA
CONSUMER DISCRETIONARY,OFKOSTYUM
CONSUMER DISCRETIONARY,OFORUM
CONSUMER DISCRETIONARY,OFPOTOK
CONSUMER DISCRETIONARY,OFT
CONSUMER DISCRETIONARY,OFUD
CONSUMER DISCRETIONARY,OGII
CONSUMER DISCRETIONARY,OGISTIKA
CONSUMER DISCRETIONARY,OGO
CONSUMER DISCRETIONARY,OGOS
CONSUMER DISCRETIONARY,OGRAD
CONSUMER DISCRETIONARY,OGRAPHY
CONSUMER DISCRETIONARY,"OGREYD"""
CONSUMER DISCRETIONARY,OHASTON
CONSUMER DISCRETIONARY,OI-LAIN
CONSUMER DISCRETIONARY,OI-SITI
CONSUMER DISCRETIONARY,OIDISKONT
CONSUMER DISCRETIONARY,OIGRAND
CONSUMER DISCRETIONARY,OIINVEST
CONSUMER DISCRETIONARY,OIL
CONSUMER DISCRETIONARY,OILE
CONSUMER DISCRETIONARY,OILGRUPP
CONSUMER DISCRETIONARY,OIMASH
CONSUMER DISCRETIONARY,OIMETIZ
CONSUMER DISCRETIONARY,OIMIKS
CONSUMER DISCRETIONARY,OINT
CONSUMER DISCRETIONARY,OIOBOI
CONSUMER DISCRETIONARY,OIPODRYAD
CONSUMER DISCRETIONARY,OIS
CONSUMER DISCRETIONARY,OITORG
CONSUMER DISCRETIONARY,OIZAKAZ
CONSUMER DISCRETIONARY,OIZDAT
CONSUMER DISCRETIONARY,OJSC
CONSUMER DISCRETIONARY,OK-INVEST
CONSUMER DISCRETIONARY,OK-REGION
CONSUMER DISCRETIONARY,OK-STRIT
CONSUMER DISCRETIONARY,OKADA
CONSUMER DISCRETIONARY,OKHOTY
CONSUMER DISCRETIONARY,OKING
CONSUMER DISCRETIONARY,OKMART
CONSUMER DISCRETIONARY,OKOM
CONSUMER DISCRETIONARY,OKOM-DON
CONSUMER DISCRETIONARY,OKOMPLEKT
CONSUMER DISCRETIONARY,OKREP
CONSUMER DISCRETIONARY,OL-EYKO
CONSUMER DISCRETIONARY,OL-KHOLL
CONSUMER DISCRETIONARY,OL-MOTORS
CONSUMER DISCRETIONARY,OLA
CONSUMER DISCRETIONARY,OLADNITSA
CONSUMER DISCRETIONARY,OLAIN
CONSUMER DISCRETIONARY,OLANT
CONSUMER DISCRETIONARY,OLAZ
CONSUMER DISCRETIONARY,OLDI
CONSUMER DISCRETIONARY,OLES'E
CONSUMER DISCRETIONARY,OLESIE
CONSUMER DISCRETIONARY,OLF
CONSUMER DISCRETIONARY,OLGA
CONSUMER DISCRETIONARY,OLIBRI
CONSUMER DISCRETIONARY,OLIGHT
CONSUMER DISCRETIONARY,OLIMERBYT
CONSUMER DISCRETIONARY,OLIT
CONSUMER DISCRETIONARY,OLIT-RUS
CONSUMER DISCRETIONARY,OLITSA
CONSUMER DISCRETIONARY,OLKOVKA
CONSUMER DISCRETIONARY,OLL
CONSUMER DISCRETIONARY,OLLERS
CONSUMER DISCRETIONARY,OLOBOX
CONSUMER DISCRETIONARY,OLODOVNYA
CONSUMER DISCRETIONARY,OLOGII
CONSUMER DISCRETIONARY,OLOTO
CONSUMER DISCRETIONARY,OLT
CONSUMER DISCRETIONARY,OLVI
CONSUMER DISCRETIONARY,OLYMER
CONSUMER DISCRETIONARY,OLYMP
CONSUMER DISCRETIONARY,OLZH'E
CONSUMER DISCRETIONARY,OM-AUTO
CONSUMER DISCRETIONARY,OM-DON
CONSUMER DISCRETIONARY,OM-MEDIA
CONSUMER DISCRETIONARY,OMA
CONSUMER DISCRETIONARY,OMANIA
CONSUMER DISCRETIONARY,OMARKET
CONSUMER DISCRETIONARY,OMASHKA
CONSUMER DISCRETIONARY,OMATIKA
CONSUMER DISCRETIONARY,OMEGA
CONSUMER DISCRETIONARY,OMFORT
CONSUMER DISCRETIONARY,OMI
CONSUMER DISCRETIONARY,OMINION
CONSUMER DISCRETIONARY,OMINO
CONSUMER DISCRETIONARY,OMKHIM
CONSUMER DISCRETIONARY,OMLOFER
CONSUMER DISCRETIONARY,OMNIBUS
CONSUMER DISCRETIONARY,OMOFERM
CONSUMER DISCRETIONARY,OMOTIV
CONSUMER DISCRETIONARY,OMPANIYA
CONSUMER DISCRETIONARY,OMPLEKT
CONSUMER DISCRETIONARY,OMPLEKT-1
CONSUMER DISCRETIONARY,OMPLEKT-2
CONSUMER DISCRETIONARY,OMPONENT
CONSUMER DISCRETIONARY,OMRESURS
CONSUMER DISCRETIONARY,OMSK
CONSUMER DISCRETIONARY,OMSK-2
CONSUMER DISCRETIONARY,OMSKSHINA
CONSUMER DISCRETIONARY,OMSTROI
CONSUMER DISCRETIONARY,OMTORG
CONSUMER DISCRETIONARY,OMTRADE
CONSUMER DISCRETIONARY,OMTRANS
CONSUMER DISCRETIONARY,OMUS
CONSUMER DISCRETIONARY,OMUS-R2
CONSUMER DISCRETIONARY,ON-AUTO
CONSUMER DISCRETIONARY,ON-AVTO
CONSUMER DISCRETIONARY,ON-BTL
CONSUMER DISCRETIONARY,ON-GRUPP
CONSUMER DISCRETIONARY,ON-KMV
CONSUMER DISCRETIONARY,ON-OPT
CONSUMER DISCRETIONARY,ON-PERM
CONSUMER DISCRETIONARY,ON-SIBIR
CONSUMER DISCRETIONARY,ON-TREID
CONSUMER DISCRETIONARY,ON-TYVA
CONSUMER DISCRETIONARY,ON-YUG
CONSUMER DISCRETIONARY,ON.RU
CONSUMER DISCRETIONARY,ONA
CONSUMER DISCRETIONARY,ONAL
CONSUMER DISCRETIONARY,ONATA
CONSUMER DISCRETIONARY,ONCEPT
CONSUMER DISCRETIONARY,ONE
CONSUMER DISCRETIONARY,ONENT
CONSUMER DISCRETIONARY,ONEZH
CONSUMER DISCRETIONARY,ONGLOBAL
CONSUMER DISCRETIONARY,ONICS
CONSUMER DISCRETIONARY,ONIKA
CONSUMER DISCRETIONARY,ONIT
CONSUMER DISCRETIONARY,ONITOR
CONSUMER DISCRETIONARY,ONKI
CONSUMER DISCRETIONARY,ONOLIT
CONSUMER DISCRETIONARY,ONORMAL
CONSUMER DISCRETIONARY,ONOS
CONSUMER DISCRETIONARY,ONOS-AVTO
CONSUMER DISCRETIONARY,ONSNAB
CONSUMER DISCRETIONARY,ONT
CONSUMER DISCRETIONARY,ONTE
CONSUMER DISCRETIONARY,ONTINENT
CONSUMER DISCRETIONARY,ONTRAKTY
CONSUMER DISCRETIONARY,ONTREID
CONSUMER DISCRETIONARY,ONVENT
CONSUMER DISCRETIONARY,OOD
CONSUMER DISCRETIONARY,OODSTAR
CONSUMER DISCRETIONARY,OOK
CONSUMER DISCRETIONARY,OOKING
CONSUMER DISCRETIONARY,OOL
CONSUMER DISCRETIONARY,OOM
CONSUMER DISCRETIONARY,OOO
CONSUMER DISCRETIONARY,OOPT
CONSUMER DISCRETIONARY,OOR
CONSUMER DISCRETIONARY,OPAZ
CONSUMER DISCRETIONARY,OPE
CONSUMER DISCRETIONARY,OPESTYLE
CONSUMER DISCRETIONARY,OPILOT
CONSUMER DISCRETIONARY,OPITER
CONSUMER DISCRETIONARY,OPLANTERS
CONSUMER DISCRETIONARY,OPLITSPB
CONSUMER DISCRETIONARY,OPOL
CONSUMER DISCRETIONARY,OPOL-EYKO
CONSUMER DISCRETIONARY,OPORT-T
CONSUMER DISCRETIONARY,OPROEKT
CONSUMER DISCRETIONARY,OPT
CONSUMER DISCRETIONARY,OPTAN-UFA
CONSUMER DISCRETIONARY,OPTIMA
CONSUMER DISCRETIONARY,OPTMARKET
CONSUMER DISCRETIONARY,OPUNKT
CONSUMER DISCRETIONARY,OPUS
CONSUMER DISCRETIONARY,OR-E
CONSUMER DISCRETIONARY,OR-PLAST
CONSUMER DISCRETIONARY,ORA
CONSUMER DISCRETIONARY,ORABLIK
CONSUMER DISCRETIONARY,ORABLIK-R
CONSUMER DISCRETIONARY,ORAL
CONSUMER DISCRETIONARY,ORAMA
CONSUMER DISCRETIONARY,ORANY
CONSUMER DISCRETIONARY,ORBI
CONSUMER DISCRETIONARY,ORBIS
CONSUMER DISCRETIONARY,ORD
CONSUMER DISCRETIONARY,ORDA
CONSUMER DISCRETIONARY,ORDIA
CONSUMER DISCRETIONARY,ORDSTAR
CONSUMER DISCRETIONARY,OREAL
CONSUMER DISCRETIONARY,ORES
CONSUMER DISCRETIONARY,ORFION
CONSUMER DISCRETIONARY,ORG
CONSUMER DISCRETIONARY,ORGOVLYA
CONSUMER DISCRETIONARY,ORIA
CONSUMER DISCRETIONARY,ORING
CONSUMER DISCRETIONARY,ORION
CONSUMER DISCRETIONARY,ORIST
CONSUMER DISCRETIONARY,ORIT
CONSUMER DISCRETIONARY,ORIYA
CONSUMER DISCRETIONARY,ORIZONT
CONSUMER DISCRETIONARY,ORK
CONSUMER DISCRETIONARY,ORMAL
CONSUMER DISCRETIONARY,ORMATEK
CONSUMER DISCRETIONARY,ORMULA-FR
CONSUMER DISCRETIONARY,ORMULA-MK
CONSUMER DISCRETIONARY,ORMULA-N
CONSUMER DISCRETIONARY,ORMULA-RD
CONSUMER DISCRETIONARY,ORMULA-VR
CONSUMER DISCRETIONARY,ORMULAA
CONSUMER DISCRETIONARY,ORMULAM
CONSUMER DISCRETIONARY,ORO
CONSUMER DISCRETIONARY,ORONEZH
CONSUMER DISCRETIONARY,OROS-AUTO
CONSUMER DISCRETIONARY,OROZHNIK
CONSUMER DISCRETIONARY,ORR
CONSUMER DISCRETIONARY,ORS
CONSUMER DISCRETIONARY,ORSOFT
CONSUMER DISCRETIONARY,ORT
CONSUMER DISCRETIONARY,ORT-DETAL
CONSUMER DISCRETIONARY,ORT-T
CONSUMER DISCRETIONARY,ORT54
CONSUMER DISCRETIONARY,ORTE
CONSUMER DISCRETIONARY,ORTEK
CONSUMER DISCRETIONARY,ORTEKS
CONSUMER DISCRETIONARY,ORTEX
CONSUMER DISCRETIONARY,ORTGRAD
CONSUMER DISCRETIONARY,ORTHOBOOM
CONSUMER DISCRETIONARY,ORTIKO
CONSUMER DISCRETIONARY,ORTMASTER
CONSUMER DISCRETIONARY,ORTNYE
CONSUMER DISCRETIONARY,ORTTRADE
CONSUMER DISCRETIONARY,ORTUNA
CONSUMER DISCRETIONARY,ORUM
CONSUMER DISCRETIONARY,ORY
CONSUMER DISCRETIONARY,ORYA
CONSUMER DISCRETIONARY,OS-AUTO
CONSUMER DISCRETIONARY,OS-AVTO
CONSUMER DISCRETIONARY,OS-REGION
CONSUMER DISCRETIONARY,OSA
CONSUMER DISCRETIONARY,OSBERG
CONSUMER DISCRETIONARY,OSERVIS
CONSUMER DISCRETIONARY,OSET
CONSUMER DISCRETIONARY,OSHK
CONSUMER DISCRETIONARY,OSIB-AUTO
CONSUMER DISCRETIONARY,OSIBARZ
CONSUMER DISCRETIONARY,OSIBIRSK
CONSUMER DISCRETIONARY,OSIMO
CONSUMER DISCRETIONARY,OSINTER
CONSUMER DISCRETIONARY,OSISTEMA
CONSUMER DISCRETIONARY,OSK
CONSUMER DISCRETIONARY,OSKO
CONSUMER DISCRETIONARY,OSLAVL'
CONSUMER DISCRETIONARY,OSMAN
CONSUMER DISCRETIONARY,OSMETIK
CONSUMER DISCRETIONARY,OSMOTEKA
CONSUMER DISCRETIONARY,OSPEKT
CONSUMER DISCRETIONARY,OSS
CONSUMER DISCRETIONARY,OSSKO
CONSUMER DISCRETIONARY,OSSTEKLO
CONSUMER DISCRETIONARY,OST
CONSUMER DISCRETIONARY,OSTAR
CONSUMER DISCRETIONARY,OSTAVKA
CONSUMER DISCRETIONARY,OSTEKS
CONSUMER DISCRETIONARY,OSTI
CONSUMER DISCRETIONARY,OSTINVEST
CONSUMER DISCRETIONARY,OSTMASTER
CONSUMER DISCRETIONARY,OSTOK
CONSUMER DISCRETIONARY,OSTROV
CONSUMER DISCRETIONARY,OSTYUM
CONSUMER DISCRETIONARY,OTAN
CONSUMER DISCRETIONARY,OTEH
CONSUMER DISCRETIONARY,OTEKA
CONSUMER DISCRETIONARY,OTEKHMET
CONSUMER DISCRETIONARY,OTEKHNIKA
CONSUMER DISCRETIONARY,OTEKSTIL
CONSUMER DISCRETIONARY,OTEKT
CONSUMER DISCRETIONARY,OTEL
CONSUMER DISCRETIONARY,OTEX
CONSUMER DISCRETIONARY,OTEX-M
CONSUMER DISCRETIONARY,OTEXTILE
CONSUMER DISCRETIONARY,OTEYKT
CONSUMER DISCRETIONARY,OTIV
CONSUMER DISCRETIONARY,OTO
CONSUMER DISCRETIONARY,OTOGRAD
CONSUMER DISCRETIONARY,OTOK
CONSUMER DISCRETIONARY,OTOP
CONSUMER DISCRETIONARY,OTORG
CONSUMER DISCRETIONARY,OTORS
CONSUMER DISCRETIONARY,OTRAK
CONSUMER DISCRETIONARY,OTRANS
CONSUMER DISCRETIONARY,OTREID
CONSUMER DISCRETIONARY,OTSENTR
CONSUMER DISCRETIONARY,OTTO-CAR
CONSUMER DISCRETIONARY,OTY
CONSUMER DISCRETIONARY,OUP
CONSUMER DISCRETIONARY,OUP4MEDIA
CONSUMER DISCRETIONARY,OUR
CONSUMER DISCRETIONARY,OURCE
CONSUMER DISCRETIONARY,OURISM
CONSUMER DISCRETIONARY,OURIST
CONSUMER DISCRETIONARY,OURSELF
CONSUMER DISCRETIONARY,OUS
CONSUMER DISCRETIONARY,OUTDOOR
CONSUMER DISCRETIONARY,OV-AVTO
CONSUMER DISCRETIONARY,OV-SERVIS
CONSUMER DISCRETIONARY,OVATOR-E
CONSUMER DISCRETIONARY,OVAYA
CONSUMER DISCRETIONARY,OVAZ
CONSUMER DISCRETIONARY,OVEKTOR
CONSUMER DISCRETIONARY,OVEN-AVTO
CONSUMER DISCRETIONARY,OVENTUS
CONSUMER DISCRETIONARY,OVERTEKS
CONSUMER DISCRETIONARY,OVET
CONSUMER DISCRETIONARY,OVID
CONSUMER DISCRETIONARY,OVIT
CONSUMER DISCRETIONARY,OVIZA
CONSUMER DISCRETIONARY,OVKA
CONSUMER DISCRETIONARY,OVKI
CONSUMER DISCRETIONARY,OVLYA
CONSUMER DISCRETIONARY,OVNYA
CONSUMER DISCRETIONARY,OVO
CONSUMER DISCRETIONARY,OVOCAR
CONSUMER DISCRETIONARY,OVOLZH'E
CONSUMER DISCRETIONARY,OVOSIBARZ
CONSUMER DISCRETIONARY,OVROTEX
CONSUMER DISCRETIONARY,OVSEENKO
CONSUMER DISCRETIONARY,OYCO-D
CONSUMER DISCRETIONARY,OYLAND
CONSUMER DISCRETIONARY,OYSERVIS
CONSUMER DISCRETIONARY,OYTECHKOM
CONSUMER DISCRETIONARY,OZHA
CONSUMER DISCRETIONARY,OZHNIK
CONSUMER DISCRETIONARY,OZLIDER
CONSUMER DISCRETIONARY,OZON
CONSUMER DISCRETIONARY,OZON.RU
CONSUMER DISCRETIONARY,OZVEZDIE
CONSUMER DISCRETIONARY,Olimar
CONSUMER DISCRETIONARY,Omega
CONSUMER DISCRETIONARY,Orion
CONSUMER DISCRETIONARY,Ostin
CONSUMER DISCRETIONARY,Ozon
CONSUMER DISCRETIONARY,P-LOGOS
CONSUMER DISCRETIONARY,P-PLYUS
CONSUMER DISCRETIONARY,P-T
CONSUMER DISCRETIONARY,P-TSENTR
CONSUMER DISCRETIONARY,P.N.
CONSUMER DISCRETIONARY,P.R.
CONSUMER DISCRETIONARY,P4MEDIA
CONSUMER DISCRETIONARY,PAB
CONSUMER DISCRETIONARY,PACKTOUR
CONSUMER DISCRETIONARY,PAK
CONSUMER DISCRETIONARY,PAKETIKO
CONSUMER DISCRETIONARY,PAKOVKI
CONSUMER DISCRETIONARY,PANAVTO
CONSUMER DISCRETIONARY,PANIYA
CONSUMER DISCRETIONARY,PANORAMA
CONSUMER DISCRETIONARY,PAPER
CONSUMER DISCRETIONARY,PARFUM
CONSUMER DISCRETIONARY,PARK
CONSUMER DISCRETIONARY,PARK-OTEL
CONSUMER DISCRETIONARY,PARNAS
CONSUMER DISCRETIONARY,PART
CONSUMER DISCRETIONARY,PARTNER
CONSUMER DISCRETIONARY,PARUS
CONSUMER DISCRETIONARY,PASKA
CONSUMER DISCRETIONARY,PAZ
CONSUMER DISCRETIONARY,PCHAST
CONSUMER DISCRETIONARY,PDC
CONSUMER DISCRETIONARY,PEC
CONSUMER DISCRETIONARY,PEGAS
CONSUMER DISCRETIONARY,PEKS
CONSUMER DISCRETIONARY,PEKT
CONSUMER DISCRETIONARY,PEKTR
CONSUMER DISCRETIONARY,PEL
CONSUMER DISCRETIONARY,PER
CONSUMER DISCRETIONARY,PERANCE
CONSUMER DISCRETIONARY,PERIAL
CONSUMER DISCRETIONARY,PERION
CONSUMER DISCRETIONARY,PERJOB
CONSUMER DISCRETIONARY,PERM
CONSUMER DISCRETIONARY,PERT
CONSUMER DISCRETIONARY,PERT-AVTO
CONSUMER DISCRETIONARY,PESTYLE
CONSUMER DISCRETIONARY,PETERBURG
CONSUMER DISCRETIONARY,PETIT
CONSUMER DISCRETIONARY,PETSHOP
CONSUMER DISCRETIONARY,PETSTAIL
CONSUMER DISCRETIONARY,PGREID
CONSUMER DISCRETIONARY,PHY
CONSUMER DISCRETIONARY,PIKASOMA
CONSUMER DISCRETIONARY,PILOT
CONSUMER DISCRETIONARY,PIN
CONSUMER DISCRETIONARY,PISHOES
CONSUMER DISCRETIONARY,PITAL
CONSUMER DISCRETIONARY,PITER
CONSUMER DISCRETIONARY,PKOP
CONSUMER DISCRETIONARY,PLANETA
CONSUMER DISCRETIONARY,PLANTERS
CONSUMER DISCRETIONARY,PLANTIC
CONSUMER DISCRETIONARY,PLAST
CONSUMER DISCRETIONARY,PLASTIKA
CONSUMER DISCRETIONARY,PLATA
CONSUMER DISCRETIONARY,PLAZA
CONSUMER DISCRETIONARY,PLEIS
CONSUMER DISCRETIONARY,PLEKT
CONSUMER DISCRETIONARY,PLEKT-1
CONSUMER DISCRETIONARY,PLEKT-2
CONSUMER DISCRETIONARY,PLENKI.RU
CONSUMER DISCRETIONARY,PLIT
CONSUMER DISCRETIONARY,PLITSPB
CONSUMER DISCRETIONARY,PLOSET
CONSUMER DISCRETIONARY,PLUS
CONSUMER DISCRETIONARY,PLYUS
CONSUMER DISCRETIONARY,PMP
CONSUMER DISCRETIONARY,PMT
CONSUMER DISCRETIONARY,PO-45
CONSUMER DISCRETIONARY,POBEDA
CONSUMER DISCRETIONARY,PODRYAD
CONSUMER DISCRETIONARY,POINT
CONSUMER DISCRETIONARY,POL
CONSUMER DISCRETIONARY,POL-EYKO
CONSUMER DISCRETIONARY,POL-KHOLL
CONSUMER DISCRETIONARY,POLES'E
CONSUMER DISCRETIONARY,POLESIE
CONSUMER DISCRETIONARY,POLYMER
CONSUMER DISCRETIONARY,PONENT
CONSUMER DISCRETIONARY,PONTE
CONSUMER DISCRETIONARY,PORT
CONSUMER DISCRETIONARY,PORT-T
CONSUMER DISCRETIONARY,PORT54
CONSUMER DISCRETIONARY,PORTGRAD
CONSUMER DISCRETIONARY,PORTIKO
CONSUMER DISCRETIONARY,PORTTRADE
CONSUMER DISCRETIONARY,POSHK
CONSUMER DISCRETIONARY,POSMOTEKA
CONSUMER DISCRETIONARY,POSTAVKA
CONSUMER DISCRETIONARY,POTOK
CONSUMER DISCRETIONARY,POTREID
CONSUMER DISCRETIONARY,POVOLZH'E
CONSUMER DISCRETIONARY,PP-LOGOS
CONSUMER DISCRETIONARY,PPETIT
CONSUMER DISCRETIONARY,PPYLOOK
CONSUMER DISCRETIONARY,PRAIS
CONSUMER DISCRETIONARY,PRAMO
CONSUMER DISCRETIONARY,PREMIUM
CONSUMER DISCRETIONARY,PRENTO
CONSUMER DISCRETIONARY,PRESS
CONSUMER DISCRETIONARY,PRESTIZH
CONSUMER DISCRETIONARY,PRESTO
CONSUMER DISCRETIONARY,PREZENT
CONSUMER DISCRETIONARY,PRICE
CONSUMER DISCRETIONARY,PRIME
CONSUMER DISCRETIONARY,PRINT
CONSUMER DISCRETIONARY,PRIS
CONSUMER DISCRETIONARY,PRIZ
CONSUMER DISCRETIONARY,PRODA
CONSUMER DISCRETIONARY,PRODUKT
CONSUMER DISCRETIONARY,PROEKT
CONSUMER DISCRETIONARY,PROF
CONSUMER DISCRETIONARY,PROFIL'
CONSUMER DISCRETIONARY,PROFIOIL
CONSUMER DISCRETIONARY,PROFIT
CONSUMER DISCRETIONARY,PROFPOTOK
CONSUMER DISCRETIONARY,PROM
CONSUMER DISCRETIONARY,PROMKHIM
CONSUMER DISCRETIONARY,PROMSTROI
CONSUMER DISCRETIONARY,PROMTORG
CONSUMER DISCRETIONARY,PROMTRANS
CONSUMER DISCRETIONARY,PROSPEKT
CONSUMER DISCRETIONARY,PROTEKT
CONSUMER DISCRETIONARY,PROTEYKT
CONSUMER DISCRETIONARY,PROVENTUS
CONSUMER DISCRETIONARY,PRUN
CONSUMER DISCRETIONARY,PSV
CONSUMER DISCRETIONARY,PTAN-UFA
CONSUMER DISCRETIONARY,PTIMA
CONSUMER DISCRETIONARY,PTMARKET
CONSUMER DISCRETIONARY,PUB
CONSUMER DISCRETIONARY,PUL'S
CONSUMER DISCRETIONARY,PULS
CONSUMER DISCRETIONARY,PUMA-RUS
CONSUMER DISCRETIONARY,PUNKT
CONSUMER DISCRETIONARY,PUS
CONSUMER DISCRETIONARY,PUSHKINO
CONSUMER DISCRETIONARY,PVM
CONSUMER DISCRETIONARY,PW-OST
CONSUMER DISCRETIONARY,PYLOOK
CONSUMER DISCRETIONARY,Peterform
CONSUMER DISCRETIONARY,Petshop
CONSUMER DISCRETIONARY,Phoenix
CONSUMER DISCRETIONARY,PilotPro
CONSUMER DISCRETIONARY,PlitSPb
CONSUMER DISCRETIONARY,Polaris
CONSUMER DISCRETIONARY,Polus
CONSUMER DISCRETIONARY,Polymer
CONSUMER DISCRETIONARY,Premier
CONSUMER DISCRETIONARY,Pro
CONSUMER DISCRETIONARY,Progress
CONSUMER DISCRETIONARY,Prom
CONSUMER DISCRETIONARY,QTech
CONSUMER DISCRETIONARY,R-AVTO
CONSUMER DISCRETIONARY,R-E
CONSUMER DISCRETIONARY,R-K
CONSUMER DISCRETIONARY,R-KARAT
CONSUMER DISCRETIONARY,R-Klimat
CONSUMER DISCRETIONARY,R-L
CONSUMER DISCRETIONARY,R-MARKET
CONSUMER DISCRETIONARY,R-N
CONSUMER DISCRETIONARY,R-NB
CONSUMER DISCRETIONARY,R-O
CONSUMER DISCRETIONARY,R-PLAST
CONSUMER DISCRETIONARY,R-R
CONSUMER DISCRETIONARY,R-SERVICE
CONSUMER DISCRETIONARY,R-SK
CONSUMER DISCRETIONARY,R-SP
CONSUMER DISCRETIONARY,R-STEP
CONSUMER DISCRETIONARY,R-TA
CONSUMER DISCRETIONARY,R-TEKS
CONSUMER DISCRETIONARY,R-TOURISM
CONSUMER DISCRETIONARY,R-TREID
CONSUMER DISCRETIONARY,R-U
CONSUMER DISCRETIONARY,R-YUG
CONSUMER DISCRETIONARY,R.EM.SI.
CONSUMER DISCRETIONARY,RA-7
CONSUMER DISCRETIONARY,RA-MOTORS
CONSUMER DISCRETIONARY,RA-TULA
CONSUMER DISCRETIONARY,RA-URAL
CONSUMER DISCRETIONARY,RA.RU
CONSUMER DISCRETIONARY,RABLIK
CONSUMER DISCRETIONARY,RABLIK-R
CONSUMER DISCRETIONARY,RACTIVE
CONSUMER DISCRETIONARY,RAD
CONSUMER DISCRETIONARY,RAD-AVTO
CONSUMER DISCRETIONARY,RADE
CONSUMER DISCRETIONARY,RADECON
CONSUMER DISCRETIONARY,RADIATOR
CONSUMER DISCRETIONARY,RADOST
CONSUMER DISCRETIONARY,RAFT
CONSUMER DISCRETIONARY,RAGMENT
CONSUMER DISCRETIONARY,RAIS
CONSUMER DISCRETIONARY,RAJECTORY
CONSUMER DISCRETIONARY,RAK
CONSUMER DISCRETIONARY,RAKTSENTR
CONSUMER DISCRETIONARY,RAKTY
CONSUMER DISCRETIONARY,RAL
CONSUMER DISCRETIONARY,RAL-NK
CONSUMER DISCRETIONARY,RALAVTO
CONSUMER DISCRETIONARY,RALPLIT
CONSUMER DISCRETIONARY,RALSERVIS
CONSUMER DISCRETIONARY,RALSNAB
CONSUMER DISCRETIONARY,RALYUKS
CONSUMER DISCRETIONARY,RAMA
CONSUMER DISCRETIONARY,RAMBA
CONSUMER DISCRETIONARY,RAMEL
CONSUMER DISCRETIONARY,RAMO
CONSUMER DISCRETIONARY,RANCE
CONSUMER DISCRETIONARY,RAND
CONSUMER DISCRETIONARY,RANDT
CONSUMER DISCRETIONARY,RANPAK
CONSUMER DISCRETIONARY,RANS
CONSUMER DISCRETIONARY,RANSKOM
CONSUMER DISCRETIONARY,RANSLACK
CONSUMER DISCRETIONARY,RANSPARK
CONSUMER DISCRETIONARY,RANT
CONSUMER DISCRETIONARY,RANTENNA
CONSUMER DISCRETIONARY,RANTS
CONSUMER DISCRETIONARY,RANY
CONSUMER DISCRETIONARY,RANZIT
CONSUMER DISCRETIONARY,RAPHY
CONSUMER DISCRETIONARY,RASCH-R
CONSUMER DISCRETIONARY,RASPAB
CONSUMER DISCRETIONARY,RASSVET
CONSUMER DISCRETIONARY,RAST
CONSUMER DISCRETIONARY,RAT
CONSUMER DISCRETIONARY,RATOV
CONSUMER DISCRETIONARY,RAVEI
CONSUMER DISCRETIONARY,RAVELATA
CONSUMER DISCRETIONARY,RAVERT
CONSUMER DISCRETIONARY,RAZIV
CONSUMER DISCRETIONARY,RAZIYA
CONSUMER DISCRETIONARY,RB-TSENTR
CONSUMER DISCRETIONARY,RBC
CONSUMER DISCRETIONARY,RBERA
CONSUMER DISCRETIONARY,RBI
CONSUMER DISCRETIONARY,RBIS
CONSUMER DISCRETIONARY,RBOOKING
CONSUMER DISCRETIONARY,RBT
CONSUMER DISCRETIONARY,RBURG
CONSUMER DISCRETIONARY,RBYT
CONSUMER DISCRETIONARY,RCE
CONSUMER DISCRETIONARY,RCHER
CONSUMER DISCRETIONARY,RD-HOTEL
CONSUMER DISCRETIONARY,RDA
CONSUMER DISCRETIONARY,RDARIKA
CONSUMER DISCRETIONARY,RDIA
CONSUMER DISCRETIONARY,RDSTAR
CONSUMER DISCRETIONARY,RDWESTLAB
CONSUMER DISCRETIONARY,RDZHI
CONSUMER DISCRETIONARY,RE:BUS
CONSUMER DISCRETIONARY,REAL
CONSUMER DISCRETIONARY,REBRO
CONSUMER DISCRETIONARY,RECHE
CONSUMER DISCRETIONARY,REDO
CONSUMER DISCRETIONARY,REEX
CONSUMER DISCRETIONARY,REGION
CONSUMER DISCRETIONARY,REICOM
CONSUMER DISCRETIONARY,REID
CONSUMER DISCRETIONARY,REINVENT
CONSUMER DISCRETIONARY,REK
CONSUMER DISCRETIONARY,REKMASTER
CONSUMER DISCRETIONARY,REM
CONSUMER DISCRETIONARY,REMIUM
CONSUMER DISCRETIONARY,REMOK
CONSUMER DISCRETIONARY,REMONT
CONSUMER DISCRETIONARY,RENA
CONSUMER DISCRETIONARY,RENIE
CONSUMER DISCRETIONARY,RENTO
CONSUMER DISCRETIONARY,RENTON
CONSUMER DISCRETIONARY,RENUM
CONSUMER DISCRETIONARY,REP
CONSUMER DISCRETIONARY,RES
CONSUMER DISCRETIONARY,RESH
CONSUMER DISCRETIONARY,RESH-K
CONSUMER DISCRETIONARY,RESOURCE
CONSUMER DISCRETIONARY,RESS
CONSUMER DISCRETIONARY,REST
CONSUMER DISCRETIONARY,RESTART
CONSUMER DISCRETIONARY,RESTIZH
CONSUMER DISCRETIONARY,RESTO
CONSUMER DISCRETIONARY,RESTORANY
CONSUMER DISCRETIONARY,RESURS
CONSUMER DISCRETIONARY,RETAIL
CONSUMER DISCRETIONARY,RETTA
CONSUMER DISCRETIONARY,REVANSH
CONSUMER DISCRETIONARY,REVKA
CONSUMER DISCRETIONARY,"REYD"""
CONSUMER DISCRETIONARY,REYDKOM
CONSUMER DISCRETIONARY,REYID
CONSUMER DISCRETIONARY,REZENT
CONSUMER DISCRETIONARY,REZULTAT
CONSUMER DISCRETIONARY,RFETTA.RU
CONSUMER DISCRETIONARY,RFION
CONSUMER DISCRETIONARY,RFOR
CONSUMER DISCRETIONARY,RFUD
CONSUMER DISCRETIONARY,RFUM
CONSUMER DISCRETIONARY,RGER
CONSUMER DISCRETIONARY,RGOT
CONSUMER DISCRETIONARY,RGOVLYA
CONSUMER DISCRETIONARY,RIA
CONSUMER DISCRETIONARY,RIAL
CONSUMER DISCRETIONARY,RIALCON
CONSUMER DISCRETIONARY,RIANGLE
CONSUMER DISCRETIONARY,RIANT-D
CONSUMER DISCRETIONARY,RICE
CONSUMER DISCRETIONARY,RICO
CONSUMER DISCRETIONARY,RIDATO
CONSUMER DISCRETIONARY,RIE
CONSUMER DISCRETIONARY,RIES
CONSUMER DISCRETIONARY,RIFLOR
CONSUMER DISCRETIONARY,RIGATO
CONSUMER DISCRETIONARY,RIGUS
CONSUMER DISCRETIONARY,RII
CONSUMER DISCRETIONARY,RIK
CONSUMER DISCRETIONARY,RIKA
CONSUMER DISCRETIONARY,RIMAIND
CONSUMER DISCRETIONARY,RIMAL'
CONSUMER DISCRETIONARY,RIME
CONSUMER DISCRETIONARY,RIMS
CONSUMER DISCRETIONARY,RIN
CONSUMER DISCRETIONARY,RINBURG
CONSUMER DISCRETIONARY,RINEYKS
CONSUMER DISCRETIONARY,RING
CONSUMER DISCRETIONARY,RINT
CONSUMER DISCRETIONARY,RINTSIP-T
CONSUMER DISCRETIONARY,RINVEST
CONSUMER DISCRETIONARY,RIO
CONSUMER DISCRETIONARY,RIOL
CONSUMER DISCRETIONARY,RION
CONSUMER DISCRETIONARY,RIORS
CONSUMER DISCRETIONARY,RIS
CONSUMER DISCRETIONARY,RISM
CONSUMER DISCRETIONARY,RIST
CONSUMER DISCRETIONARY,RISTALL
CONSUMER DISCRETIONARY,RIT
CONSUMER DISCRETIONARY,RITEIL
CONSUMER DISCRETIONARY,RITEYL
CONSUMER DISCRETIONARY,RITON
CONSUMER DISCRETIONARY,RIUMF
CONSUMER DISCRETIONARY,RIVAL
CONSUMER DISCRETIONARY,RIVERA
CONSUMER DISCRETIONARY,RIYA
CONSUMER DISCRETIONARY,RIZ
CONSUMER DISCRETIONARY,RIZONT
CONSUMER DISCRETIONARY,RJOB
CONSUMER DISCRETIONARY,RK-IMPORT
CONSUMER DISCRETIONARY,RK-OTEL
CONSUMER DISCRETIONARY,RK-RETAIL
CONSUMER DISCRETIONARY,RK-TSENTR
CONSUMER DISCRETIONARY,RKA
CONSUMER DISCRETIONARY,RKAD
CONSUMER DISCRETIONARY,RKET
CONSUMER DISCRETIONARY,RKETING
CONSUMER DISCRETIONARY,RKETPLEIS
CONSUMER DISCRETIONARY,RKK
CONSUMER DISCRETIONARY,RKOM
CONSUMER DISCRETIONARY,RKS
CONSUMER DISCRETIONARY,RKURII
CONSUMER DISCRETIONARY,RLAND-MSK
CONSUMER DISCRETIONARY,RLG
CONSUMER DISCRETIONARY,RLINGO
CONSUMER DISCRETIONARY,RMA
CONSUMER DISCRETIONARY,RMA-UG
CONSUMER DISCRETIONARY,RMADA
CONSUMER DISCRETIONARY,RMAGAZIN
CONSUMER DISCRETIONARY,RMAL
CONSUMER DISCRETIONARY,RMATEK
CONSUMER DISCRETIONARY,RMI
CONSUMER DISCRETIONARY,"RMINAL,"
CONSUMER DISCRETIONARY,RMONIKA
CONSUMER DISCRETIONARY,RMTEK
CONSUMER DISCRETIONARY,RMULA-FR
CONSUMER DISCRETIONARY,RMULA-MK
CONSUMER DISCRETIONARY,RMULA-MTS
CONSUMER DISCRETIONARY,RMULA-N
CONSUMER DISCRETIONARY,RMULA-RD
CONSUMER DISCRETIONARY,RMULA-VR
CONSUMER DISCRETIONARY,RMULAA
CONSUMER DISCRETIONARY,RMULAM
CONSUMER DISCRETIONARY,RNA
CONSUMER DISCRETIONARY,RNAS
CONSUMER DISCRETIONARY,RNAUL
CONSUMER DISCRETIONARY,RNAYA
CONSUMER DISCRETIONARY,ROBEK
CONSUMER DISCRETIONARY,ROBUV
CONSUMER DISCRETIONARY,RODA
CONSUMER DISCRETIONARY,RODIOLA
CONSUMER DISCRETIONARY,RODIZAIN
CONSUMER DISCRETIONARY,RODIZEL
CONSUMER DISCRETIONARY,RODONIT
CONSUMER DISCRETIONARY,RODSERVIS
CONSUMER DISCRETIONARY,RODUKT
CONSUMER DISCRETIONARY,ROEKT
CONSUMER DISCRETIONARY,ROF
CONSUMER DISCRETIONARY,ROFIL'
CONSUMER DISCRETIONARY,ROFIMPORT
CONSUMER DISCRETIONARY,ROFIOIL
CONSUMER DISCRETIONARY,ROFIRST
CONSUMER DISCRETIONARY,ROFIT
CONSUMER DISCRETIONARY,ROFPOTOK
CONSUMER DISCRETIONARY,ROFUD
CONSUMER DISCRETIONARY,ROI
CONSUMER DISCRETIONARY,ROI-LAIN
CONSUMER DISCRETIONARY,ROI-SITI
CONSUMER DISCRETIONARY,ROIGRAND
CONSUMER DISCRETIONARY,ROIINVEST
CONSUMER DISCRETIONARY,ROIMASH
CONSUMER DISCRETIONARY,ROIMETIZ
CONSUMER DISCRETIONARY,ROIOBOI
CONSUMER DISCRETIONARY,ROITORG
CONSUMER DISCRETIONARY,ROIZAKAZ
CONSUMER DISCRETIONARY,ROKADA
CONSUMER DISCRETIONARY,ROKMART
CONSUMER DISCRETIONARY,ROKREP
CONSUMER DISCRETIONARY,ROLF
CONSUMER DISCRETIONARY,ROM
CONSUMER DISCRETIONARY,ROM-MEDIA
CONSUMER DISCRETIONARY,ROMARKET
CONSUMER DISCRETIONARY,ROMASHKA
CONSUMER DISCRETIONARY,ROMKHIM
CONSUMER DISCRETIONARY,ROMRESURS
CONSUMER DISCRETIONARY,ROMSTROI
CONSUMER DISCRETIONARY,ROMTORG
CONSUMER DISCRETIONARY,ROMTRANS
CONSUMER DISCRETIONARY,RON
CONSUMER DISCRETIONARY,RONA
CONSUMER DISCRETIONARY,RONEZH
CONSUMER DISCRETIONARY,RONICS
CONSUMER DISCRETIONARY,RONOS
CONSUMER DISCRETIONARY,ROPLITSPB
CONSUMER DISCRETIONARY,RORA
CONSUMER DISCRETIONARY,RORTNYE
CONSUMER DISCRETIONARY,ROS
CONSUMER DISCRETIONARY,ROS-AUTO
CONSUMER DISCRETIONARY,ROSA
CONSUMER DISCRETIONARY,ROSBERG
CONSUMER DISCRETIONARY,ROSET
CONSUMER DISCRETIONARY,ROSINTER
CONSUMER DISCRETIONARY,ROSISTEMA
CONSUMER DISCRETIONARY,ROSKO
CONSUMER DISCRETIONARY,ROSLAVL'
CONSUMER DISCRETIONARY,ROSMAN
CONSUMER DISCRETIONARY,ROSPEKT
CONSUMER DISCRETIONARY,ROSS
CONSUMER DISCRETIONARY,ROSSKO
CONSUMER DISCRETIONARY,ROSTEKS
CONSUMER DISCRETIONARY,ROSTI
CONSUMER DISCRETIONARY,ROT
CONSUMER DISCRETIONARY,ROTEH
CONSUMER DISCRETIONARY,ROTEKHMET
CONSUMER DISCRETIONARY,ROTEKSTIL
CONSUMER DISCRETIONARY,ROTEKT
CONSUMER DISCRETIONARY,ROTEX
CONSUMER DISCRETIONARY,ROTEYKT
CONSUMER DISCRETIONARY,ROTRANS
CONSUMER DISCRETIONARY,ROTSENTR
CONSUMER DISCRETIONARY,ROUP
CONSUMER DISCRETIONARY,ROV
CONSUMER DISCRETIONARY,ROVENTUS
CONSUMER DISCRETIONARY,ROVIT
CONSUMER DISCRETIONARY,ROVO
CONSUMER DISCRETIONARY,ROYSERVIS
CONSUMER DISCRETIONARY,ROZHNIK
CONSUMER DISCRETIONARY,RPLAST
CONSUMER DISCRETIONARY,RPRINT
CONSUMER DISCRETIONARY,RPROM
CONSUMER DISCRETIONARY,RPS
CONSUMER DISCRETIONARY,RPT
CONSUMER DISCRETIONARY,RRA
CONSUMER DISCRETIONARY,RRA-7
CONSUMER DISCRETIONARY,RRALYUKS
CONSUMER DISCRETIONARY,RREDO
CONSUMER DISCRETIONARY,RRIES
CONSUMER DISCRETIONARY,RSELF
CONSUMER DISCRETIONARY,RSENAL
CONSUMER DISCRETIONARY,RSET
CONSUMER DISCRETIONARY,RSHINA
CONSUMER DISCRETIONARY,RSK
CONSUMER DISCRETIONARY,RSOFT
CONSUMER DISCRETIONARY,RST
CONSUMER DISCRETIONARY,RSTVO
CONSUMER DISCRETIONARY,RSV
CONSUMER DISCRETIONARY,RSVET
CONSUMER DISCRETIONARY,RT-AVTO
CONSUMER DISCRETIONARY,RT-DETAL
CONSUMER DISCRETIONARY,RT-INVEST
CONSUMER DISCRETIONARY,RT-MOTORS
CONSUMER DISCRETIONARY,RT-MSK
CONSUMER DISCRETIONARY,RT-SERVIS
CONSUMER DISCRETIONARY,RT-STROI
CONSUMER DISCRETIONARY,RT-T
CONSUMER DISCRETIONARY,RT54
CONSUMER DISCRETIONARY,RTA
CONSUMER DISCRETIONARY,RTAUDIO
CONSUMER DISCRETIONARY,RTC
CONSUMER DISCRETIONARY,RTE
CONSUMER DISCRETIONARY,RTEK
CONSUMER DISCRETIONARY,RTEKS
CONSUMER DISCRETIONARY,RTEN
CONSUMER DISCRETIONARY,RTEX
CONSUMER DISCRETIONARY,RTEYK
CONSUMER DISCRETIONARY,RTGRAD
CONSUMER DISCRETIONARY,RTHOBOOM
CONSUMER DISCRETIONARY,RTIKO
CONSUMER DISCRETIONARY,RTINSKAYA
CONSUMER DISCRETIONARY,RTMASTER
CONSUMER DISCRETIONARY,RTNER
CONSUMER DISCRETIONARY,RTNER-TA
CONSUMER DISCRETIONARY,RTNYE
CONSUMER DISCRETIONARY,RTR
CONSUMER DISCRETIONARY,RTREID
CONSUMER DISCRETIONARY,RTSENTR
CONSUMER DISCRETIONARY,RTSY
CONSUMER DISCRETIONARY,RTTRADE
CONSUMER DISCRETIONARY,RTUNA
CONSUMER DISCRETIONARY,RUBIN
CONSUMER DISCRETIONARY,RUCKS
CONSUMER DISCRETIONARY,RUCTIA
CONSUMER DISCRETIONARY,RUFESA
CONSUMER DISCRETIONARY,RUM
CONSUMER DISCRETIONARY,RUN
CONSUMER DISCRETIONARY,RUNWALD
CONSUMER DISCRETIONARY,RUPP
CONSUMER DISCRETIONARY,RUS
CONSUMER DISCRETIONARY,RUS-SAR
CONSUMER DISCRETIONARY,RUSCLIMAT
CONSUMER DISCRETIONARY,RUSFOL
CONSUMER DISCRETIONARY,RUSHKA
CONSUMER DISCRETIONARY,RUSPUB
CONSUMER DISCRETIONARY,RVICE
CONSUMER DISCRETIONARY,RVICE-LUX
CONSUMER DISCRETIONARY,RVIS
CONSUMER DISCRETIONARY,RVIS-KIA
CONSUMER DISCRETIONARY,RVISE
CONSUMER DISCRETIONARY,RWHEELS
CONSUMER DISCRETIONARY,RY-ALEX
CONSUMER DISCRETIONARY,RYA
CONSUMER DISCRETIONARY,RYAD
CONSUMER DISCRETIONARY,RYANSK
CONSUMER DISCRETIONARY,RYBKA
CONSUMER DISCRETIONARY,RYER
CONSUMER DISCRETIONARY,RYUSA
CONSUMER DISCRETIONARY,RYUT
CONSUMER DISCRETIONARY,Relyef
CONSUMER DISCRETIONARY,Rest
CONSUMER DISCRETIONARY,Rich
CONSUMER DISCRETIONARY,Rimeks
CONSUMER DISCRETIONARY,RoyalTaft
CONSUMER DISCRETIONARY,Rus
CONSUMER DISCRETIONARY,Russiatex
CONSUMER DISCRETIONARY,S'E
CONSUMER DISCRETIONARY,S-36
CONSUMER DISCRETIONARY,S-40
CONSUMER DISCRETIONARY,S-5
CONSUMER DISCRETIONARY,S-AKOM
CONSUMER DISCRETIONARY,S-AUTO
CONSUMER DISCRETIONARY,S-AVAKS
CONSUMER DISCRETIONARY,S-AVTO
CONSUMER DISCRETIONARY,S-DISKI
CONSUMER DISCRETIONARY,S-INVEST
CONSUMER DISCRETIONARY,S-KIA
CONSUMER DISCRETIONARY,S-LADA
CONSUMER DISCRETIONARY,S-N1
CONSUMER DISCRETIONARY,S-NTS
CONSUMER DISCRETIONARY,S-OPT
CONSUMER DISCRETIONARY,S-PREZENT
CONSUMER DISCRETIONARY,S-R2
CONSUMER DISCRETIONARY,S-REGION
CONSUMER DISCRETIONARY,S-RS
CONSUMER DISCRETIONARY,S-S
CONSUMER DISCRETIONARY,S-SAR
CONSUMER DISCRETIONARY,S-SARATOV
CONSUMER DISCRETIONARY,S-SHINA
CONSUMER DISCRETIONARY,S-SHINY
CONSUMER DISCRETIONARY,S-STROI
CONSUMER DISCRETIONARY,S-Shina
CONSUMER DISCRETIONARY,S-TRUCKS
CONSUMER DISCRETIONARY,S-Tech
CONSUMER DISCRETIONARY,S-YUG-KKM
CONSUMER DISCRETIONARY,S-ZOLOTO
CONSUMER DISCRETIONARY,S.RU
CONSUMER DISCRETIONARY,SA-TSA
CONSUMER DISCRETIONARY,SAIKAN
CONSUMER DISCRETIONARY,SAILS
CONSUMER DISCRETIONARY,SAKHA
CONSUMER DISCRETIONARY,SAKS
CONSUMER DISCRETIONARY,SAKURA
CONSUMER DISCRETIONARY,SALES
CONSUMER DISCRETIONARY,SALT
CONSUMER DISCRETIONARY,SALVE
CONSUMER DISCRETIONARY,SAMARA
CONSUMER DISCRETIONARY,SAND
CONSUMER DISCRETIONARY,SANSISTEM
CONSUMER DISCRETIONARY,SANTEYL-M
CONSUMER DISCRETIONARY,SANTOCHA
CONSUMER DISCRETIONARY,SAR
CONSUMER DISCRETIONARY,SARATOV
CONSUMER DISCRETIONARY,SARSENAL
CONSUMER DISCRETIONARY,SATIKO
CONSUMER DISCRETIONARY,SAV
CONSUMER DISCRETIONARY,SAVA
CONSUMER DISCRETIONARY,SAVANGARD
CONSUMER DISCRETIONARY,SBERG
CONSUMER DISCRETIONARY,SCC
CONSUMER DISCRETIONARY,SCCC
CONSUMER DISCRETIONARY,SCH-R
CONSUMER DISCRETIONARY,SCHOOL
CONSUMER DISCRETIONARY,SCLIMAT
CONSUMER DISCRETIONARY,SCOPE
CONSUMER DISCRETIONARY,SDM
CONSUMER DISCRETIONARY,SEE
CONSUMER DISCRETIONARY,SEENKO
CONSUMER DISCRETIONARY,SEFEI
CONSUMER DISCRETIONARY,SEL
CONSUMER DISCRETIONARY,SEL-CITY
CONSUMER DISCRETIONARY,SELDOM
CONSUMER DISCRETIONARY,SELF
CONSUMER DISCRETIONARY,SELPART
CONSUMER DISCRETIONARY,SEMA
CONSUMER DISCRETIONARY,SENAL
CONSUMER DISCRETIONARY,SENT-AVTO
CONSUMER DISCRETIONARY,SENTR
CONSUMER DISCRETIONARY,SEREBRO
CONSUMER DISCRETIONARY,SERENUM
CONSUMER DISCRETIONARY,SERIAL
CONSUMER DISCRETIONARY,SERNA
CONSUMER DISCRETIONARY,SERVICE
CONSUMER DISCRETIONARY,SERVIS
CONSUMER DISCRETIONARY,SERVISE
CONSUMER DISCRETIONARY,SET
CONSUMER DISCRETIONARY,SEVERNAYA
CONSUMER DISCRETIONARY,SFOL
CONSUMER DISCRETIONARY,SH-K
CONSUMER DISCRETIONARY,SHARM
CONSUMER DISCRETIONARY,SHCHENIYE
CONSUMER DISCRETIONARY,SHCHITNAY
CONSUMER DISCRETIONARY,SHIK
CONSUMER DISCRETIONARY,SHIKOTAN
CONSUMER DISCRETIONARY,SHINA
CONSUMER DISCRETIONARY,SHINTORG
CONSUMER DISCRETIONARY,SHINY
CONSUMER DISCRETIONARY,SHIRKA
CONSUMER DISCRETIONARY,SHK
CONSUMER DISCRETIONARY,SHKA
CONSUMER DISCRETIONARY,SHKHO
CONSUMER DISCRETIONARY,SHKINO
CONSUMER DISCRETIONARY,SHKIRIYA
CONSUMER DISCRETIONARY,SHKOLA
CONSUMER DISCRETIONARY,SHOES
CONSUMER DISCRETIONARY,SHOP
CONSUMER DISCRETIONARY,SHSERVICE
CONSUMER DISCRETIONARY,SI.
CONSUMER DISCRETIONARY,SIB-AUTO
CONSUMER DISCRETIONARY,SIBA
CONSUMER DISCRETIONARY,SIBARZ
CONSUMER DISCRETIONARY,SIBCEMENT
CONSUMER DISCRETIONARY,SIBGYDRAL
CONSUMER DISCRETIONARY,SIBIR
CONSUMER DISCRETIONARY,SIBIR'
CONSUMER DISCRETIONARY,SIBIRSK
CONSUMER DISCRETIONARY,SIBMOTORS
CONSUMER DISCRETIONARY,SIBOIL
CONSUMER DISCRETIONARY,SIDOM
CONSUMER DISCRETIONARY,SIE
CONSUMER DISCRETIONARY,SIEK
CONSUMER DISCRETIONARY,SIL
CONSUMER DISCRETIONARY,SILTA
CONSUMER DISCRETIONARY,SIMA-LEND
CONSUMER DISCRETIONARY,SIMO
CONSUMER DISCRETIONARY,SIMUM
CONSUMER DISCRETIONARY,SINAR
CONSUMER DISCRETIONARY,SINIKON
CONSUMER DISCRETIONARY,SINTER
CONSUMER DISCRETIONARY,SINTERRA
CONSUMER DISCRETIONARY,SIO
CONSUMER DISCRETIONARY,SIONAL
CONSUMER DISCRETIONARY,SIP-T
CONSUMER DISCRETIONARY,SISTEM
CONSUMER DISCRETIONARY,SISTEMA
CONSUMER DISCRETIONARY,SITEKH
CONSUMER DISCRETIONARY,SITI
CONSUMER DISCRETIONARY,SITI-LAIN
CONSUMER DISCRETIONARY,SITREYID
CONSUMER DISCRETIONARY,SIYA
CONSUMER DISCRETIONARY,SK-2
CONSUMER DISCRETIONARY,SK-GRUPP
CONSUMER DISCRETIONARY,SKA
CONSUMER DISCRETIONARY,SKADRA
CONSUMER DISCRETIONARY,SKANIYA
CONSUMER DISCRETIONARY,SKATT
CONSUMER DISCRETIONARY,SKAYA
CONSUMER DISCRETIONARY,SKI
CONSUMER DISCRETIONARY,SKII
CONSUMER DISCRETIONARY,SKK
CONSUMER DISCRETIONARY,SKLYUZIV
CONSUMER DISCRETIONARY,SKMEBEL'
CONSUMER DISCRETIONARY,SKO
CONSUMER DISCRETIONARY,SKOM
CONSUMER DISCRETIONARY,SKONT
CONSUMER DISCRETIONARY,SKRAFT
CONSUMER DISCRETIONARY,SKS
CONSUMER DISCRETIONARY,SKS-36
CONSUMER DISCRETIONARY,SKS-LADA
CONSUMER DISCRETIONARY,SKSHINA
CONSUMER DISCRETIONARY,SLACK
CONSUMER DISCRETIONARY,SLAV
CONSUMER DISCRETIONARY,SLAVL'
CONSUMER DISCRETIONARY,SLIM
CONSUMER DISCRETIONARY,SLOTEX
CONSUMER DISCRETIONARY,SLOTEX-M
CONSUMER DISCRETIONARY,SLOVO
CONSUMER DISCRETIONARY,SM-ALTAI
CONSUMER DISCRETIONARY,SM-FINANS
CONSUMER DISCRETIONARY,SM-MODUL'
CONSUMER DISCRETIONARY,SMAG
CONSUMER DISCRETIONARY,SMAN
CONSUMER DISCRETIONARY,SMARKET
CONSUMER DISCRETIONARY,SMARTEYK
CONSUMER DISCRETIONARY,SMETALL
CONSUMER DISCRETIONARY,SMETIK
CONSUMER DISCRETIONARY,SMOTEKA
CONSUMER DISCRETIONARY,SMOTORS
CONSUMER DISCRETIONARY,SNA
CONSUMER DISCRETIONARY,SNAB
CONSUMER DISCRETIONARY,SO-URAL
CONSUMER DISCRETIONARY,SOATE
CONSUMER DISCRETIONARY,SOCHI-ATO
CONSUMER DISCRETIONARY,SOCINTECH
CONSUMER DISCRETIONARY,SOFT
CONSUMER DISCRETIONARY,SOLDI
CONSUMER DISCRETIONARY,SOLLERS
CONSUMER DISCRETIONARY,SOLT
CONSUMER DISCRETIONARY,SOMA
CONSUMER DISCRETIONARY,SON
CONSUMER DISCRETIONARY,SON-OPT
CONSUMER DISCRETIONARY,SON-PERM
CONSUMER DISCRETIONARY,SON-SIBIR
CONSUMER DISCRETIONARY,SONATA
CONSUMER DISCRETIONARY,SOURCE
CONSUMER DISCRETIONARY,SOVET
CONSUMER DISCRETIONARY,SOZVEZDIE
CONSUMER DISCRETIONARY,SP-TSENTR
CONSUMER DISCRETIONARY,SPAB
CONSUMER DISCRETIONARY,SPARK
CONSUMER DISCRETIONARY,SPB
CONSUMER DISCRETIONARY,SPEKT
CONSUMER DISCRETIONARY,SPEKTR
CONSUMER DISCRETIONARY,SPERANCE
CONSUMER DISCRETIONARY,SPERT
CONSUMER DISCRETIONARY,SPORT54
CONSUMER DISCRETIONARY,SPORTGRAD
CONSUMER DISCRETIONARY,SPORTIKO
CONSUMER DISCRETIONARY,SPOTREID
CONSUMER DISCRETIONARY,SPP
CONSUMER DISCRETIONARY,SPRESS
CONSUMER DISCRETIONARY,SPT
CONSUMER DISCRETIONARY,SPUB
CONSUMER DISCRETIONARY,SPb
CONSUMER DISCRETIONARY,SRM
CONSUMER DISCRETIONARY,SRP
CONSUMER DISCRETIONARY,SS-INVEST
CONSUMER DISCRETIONARY,SSIO
CONSUMER DISCRETIONARY,SSIONAL
CONSUMER DISCRETIONARY,SSKO
CONSUMER DISCRETIONARY,SSO
CONSUMER DISCRETIONARY,SSTEKLO
CONSUMER DISCRETIONARY,SSVET
CONSUMER DISCRETIONARY,SSVYAZ'
CONSUMER DISCRETIONARY,ST-SHINA
CONSUMER DISCRETIONARY,STA
CONSUMER DISCRETIONARY,STAER-SK
CONSUMER DISCRETIONARY,STAER-SP
CONSUMER DISCRETIONARY,STAIL
CONSUMER DISCRETIONARY,STALL
CONSUMER DISCRETIONARY,STAR
CONSUMER DISCRETIONARY,START
CONSUMER DISCRETIONARY,STATE
CONSUMER DISCRETIONARY,STATUS
CONSUMER DISCRETIONARY,STAURANTS
CONSUMER DISCRETIONARY,STAVKA
CONSUMER DISCRETIONARY,STEIT
CONSUMER DISCRETIONARY,STEKLO
CONSUMER DISCRETIONARY,STEKS
CONSUMER DISCRETIONARY,STELLA
CONSUMER DISCRETIONARY,STELLAR
CONSUMER DISCRETIONARY,STEM
CONSUMER DISCRETIONARY,STEMA
CONSUMER DISCRETIONARY,STENKOM
CONSUMER DISCRETIONARY,STEP
CONSUMER DISCRETIONARY,STER
CONSUMER DISCRETIONARY,STER-L
CONSUMER DISCRETIONARY,STER-N
CONSUMER DISCRETIONARY,STER-R
CONSUMER DISCRETIONARY,STERIS
CONSUMER DISCRETIONARY,STEROVIT
CONSUMER DISCRETIONARY,STEYL'
CONSUMER DISCRETIONARY,STGRUPP
CONSUMER DISCRETIONARY,STI
CONSUMER DISCRETIONARY,STIK-YUG
CONSUMER DISCRETIONARY,STIKA
CONSUMER DISCRETIONARY,STIL
CONSUMER DISCRETIONARY,STIL'
CONSUMER DISCRETIONARY,STIL-R
CONSUMER DISCRETIONARY,STIMUL
CONSUMER DISCRETIONARY,STINVEST
CONSUMER DISCRETIONARY,STIYA
CONSUMER DISCRETIONARY,STIZH
CONSUMER DISCRETIONARY,STLAB
CONSUMER DISCRETIONARY,STLAND
CONSUMER DISCRETIONARY,STMARKET
CONSUMER DISCRETIONARY,STMASTER
CONSUMER DISCRETIONARY,STO
CONSUMER DISCRETIONARY,STOBUV
CONSUMER DISCRETIONARY,STOCHNIK
CONSUMER DISCRETIONARY,STOK
CONSUMER DISCRETIONARY,STOLITSA
CONSUMER DISCRETIONARY,STON
CONSUMER DISCRETIONARY,STORANY
CONSUMER DISCRETIONARY,STRAL
CONSUMER DISCRETIONARY,STRAL-NK
CONSUMER DISCRETIONARY,STREM
CONSUMER DISCRETIONARY,STRIT
CONSUMER DISCRETIONARY,STROI
CONSUMER DISCRETIONARY,STROIMASH
CONSUMER DISCRETIONARY,STROIOBOI
CONSUMER DISCRETIONARY,STROITORG
CONSUMER DISCRETIONARY,STROV
CONSUMER DISCRETIONARY,STRUCTIA
CONSUMER DISCRETIONARY,STUDIYA
CONSUMER DISCRETIONARY,STVO
CONSUMER DISCRETIONARY,STVO-SZ
CONSUMER DISCRETIONARY,STYLE
CONSUMER DISCRETIONARY,STYUM
CONSUMER DISCRETIONARY,SUBARIST
CONSUMER DISCRETIONARY,SUM
CONSUMER DISCRETIONARY,SUNLIGHT
CONSUMER DISCRETIONARY,SUNSAND
CONSUMER DISCRETIONARY,SUNTIME
CONSUMER DISCRETIONARY,SUPERJOB
CONSUMER DISCRETIONARY,SURS
CONSUMER DISCRETIONARY,SVET
CONSUMER DISCRETIONARY,SVYAZ'
CONSUMER DISCRETIONARY,SVYAZNOY
CONSUMER DISCRETIONARY,SWERY
CONSUMER DISCRETIONARY,Santel
CONSUMER DISCRETIONARY,Sar-Rest
CONSUMER DISCRETIONARY,Scarlett
CONSUMER DISCRETIONARY,Shina
CONSUMER DISCRETIONARY,Sikmo
CONSUMER DISCRETIONARY,Sokolov
CONSUMER DISCRETIONARY,Soyuz
CONSUMER DISCRETIONARY,Space
CONSUMER DISCRETIONARY,Srl
CONSUMER DISCRETIONARY,Step
CONSUMER DISCRETIONARY,Stock
CONSUMER DISCRETIONARY,Store
CONSUMER DISCRETIONARY,Stroypark
CONSUMER DISCRETIONARY,Swarovski
CONSUMER DISCRETIONARY,System
CONSUMER DISCRETIONARY,T'-SERVIS
CONSUMER DISCRETIONARY,T-1
CONSUMER DISCRETIONARY,T-2
CONSUMER DISCRETIONARY,T-AVTO
CONSUMER DISCRETIONARY,T-D
CONSUMER DISCRETIONARY,T-DETAL
CONSUMER DISCRETIONARY,T-DIZAIN
CONSUMER DISCRETIONARY,T-INVEST
CONSUMER DISCRETIONARY,T-LIGA
CONSUMER DISCRETIONARY,T-MOTORS
CONSUMER DISCRETIONARY,T-MSK
CONSUMER DISCRETIONARY,T-OIL
CONSUMER DISCRETIONARY,T-PLYUS
CONSUMER DISCRETIONARY,T-RUS
CONSUMER DISCRETIONARY,T-SERVIS
CONSUMER DISCRETIONARY,T-SHINA
CONSUMER DISCRETIONARY,T-STROI
CONSUMER DISCRETIONARY,T-T
CONSUMER DISCRETIONARY,T-TEKHNIS
CONSUMER DISCRETIONARY,T-TRANZIT
CONSUMER DISCRETIONARY,T-TSENTR
CONSUMER DISCRETIONARY,T-URAL
CONSUMER DISCRETIONARY,T.B.M.
CONSUMER DISCRETIONARY,T54
CONSUMER DISCRETIONARY,TA-AVTO
CONSUMER DISCRETIONARY,TA-TSENTR
CONSUMER DISCRETIONARY,TA.RU
CONSUMER DISCRETIONARY,TAEN
CONSUMER DISCRETIONARY,"TAEN.,"
CONSUMER DISCRETIONARY,TAER-SK
CONSUMER DISCRETIONARY,TAER-SP
CONSUMER DISCRETIONARY,TAI
CONSUMER DISCRETIONARY,TAIF-NK
CONSUMER DISCRETIONARY,TAIL
CONSUMER DISCRETIONARY,TAL
CONSUMER DISCRETIONARY,TAL'
CONSUMER DISCRETIONARY,TALARII
CONSUMER DISCRETIONARY,TALIS
CONSUMER DISCRETIONARY,TALL
CONSUMER DISCRETIONARY,TALON
CONSUMER DISCRETIONARY,TAN
CONSUMER DISCRETIONARY,TAN-UFA
CONSUMER DISCRETIONARY,TANA-AVTO
CONSUMER DISCRETIONARY,TANDEM
CONSUMER DISCRETIONARY,TANE
CONSUMER DISCRETIONARY,TAR
CONSUMER DISCRETIONARY,TARA.RU
CONSUMER DISCRETIONARY,TART
CONSUMER DISCRETIONARY,TAT
CONSUMER DISCRETIONARY,TATE
CONSUMER DISCRETIONARY,TATUS
CONSUMER DISCRETIONARY,TAU
CONSUMER DISCRETIONARY,TAUDIO
CONSUMER DISCRETIONARY,TAURANTS
CONSUMER DISCRETIONARY,TAVABILKO
CONSUMER DISCRETIONARY,TAVKA
CONSUMER DISCRETIONARY,TAVTO
CONSUMER DISCRETIONARY,TAZIYA
CONSUMER DISCRETIONARY,TAZIYA-4
CONSUMER DISCRETIONARY,TBR
CONSUMER DISCRETIONARY,TCV
CONSUMER DISCRETIONARY,TDA
CONSUMER DISCRETIONARY,TDOOR
CONSUMER DISCRETIONARY,TECH
CONSUMER DISCRETIONARY,TECHKOM
CONSUMER DISCRETIONARY,TEGRA
CONSUMER DISCRETIONARY,TEH
CONSUMER DISCRETIONARY,TEIL
CONSUMER DISCRETIONARY,TEIT
CONSUMER DISCRETIONARY,TEK
CONSUMER DISCRETIONARY,TEKA
CONSUMER DISCRETIONARY,TEKH
CONSUMER DISCRETIONARY,TEKHMET
CONSUMER DISCRETIONARY,TEKHNIKA
CONSUMER DISCRETIONARY,TEKHNIS
CONSUMER DISCRETIONARY,TEKHNOKOM
CONSUMER DISCRETIONARY,TEKHSNAB
CONSUMER DISCRETIONARY,TEKLO
CONSUMER DISCRETIONARY,TEKS
CONSUMER DISCRETIONARY,TEKS.RU
CONSUMER DISCRETIONARY,TEKSTEYL'
CONSUMER DISCRETIONARY,TEKSTIL
CONSUMER DISCRETIONARY,TEKSTIL'
CONSUMER DISCRETIONARY,TEKSTIL-R
CONSUMER DISCRETIONARY,TEKT
CONSUMER DISCRETIONARY,TEL
CONSUMER DISCRETIONARY,TELLA
CONSUMER DISCRETIONARY,TELLAR
CONSUMER DISCRETIONARY,TELMA
CONSUMER DISCRETIONARY,TEM
CONSUMER DISCRETIONARY,TEMA
CONSUMER DISCRETIONARY,TEN
CONSUMER DISCRETIONARY,TENKOM
CONSUMER DISCRETIONARY,TENNA
CONSUMER DISCRETIONARY,TEP
CONSUMER DISCRETIONARY,TEPLOSET
CONSUMER DISCRETIONARY,TEPRODUKT
CONSUMER DISCRETIONARY,TER
CONSUMER DISCRETIONARY,"TER"""
CONSUMER DISCRETIONARY,TER-L
CONSUMER DISCRETIONARY,TER-N
CONSUMER DISCRETIONARY,TER-R
CONSUMER DISCRETIONARY,TER-STEP
CONSUMER DISCRETIONARY,TERACTIVE
CONSUMER DISCRETIONARY,TERBURG
CONSUMER DISCRETIONARY,TEREMOK
CONSUMER DISCRETIONARY,TERG
CONSUMER DISCRETIONARY,TERINBURG
CONSUMER DISCRETIONARY,TERING
CONSUMER DISCRETIONARY,TERIORS
CONSUMER DISCRETIONARY,TERIS
CONSUMER DISCRETIONARY,TERKOM
CONSUMER DISCRETIONARY,"TERMINAL,"
CONSUMER DISCRETIONARY,TEROVIT
CONSUMER DISCRETIONARY,TERPLAST
CONSUMER DISCRETIONARY,TERPRINT
CONSUMER DISCRETIONARY,TERPROM
CONSUMER DISCRETIONARY,TERRA
CONSUMER DISCRETIONARY,TERRA-7
CONSUMER DISCRETIONARY,TERS
CONSUMER DISCRETIONARY,TERSVET
CONSUMER DISCRETIONARY,TERTREID
CONSUMER DISCRETIONARY,TERWHEELS
CONSUMER DISCRETIONARY,TEX
CONSUMER DISCRETIONARY,TEX-M
CONSUMER DISCRETIONARY,TEXTILE
CONSUMER DISCRETIONARY,TEYK
CONSUMER DISCRETIONARY,TEYKT
CONSUMER DISCRETIONARY,TEYL
CONSUMER DISCRETIONARY,TEYL'
CONSUMER DISCRETIONARY,TEYL-M
CONSUMER DISCRETIONARY,TGRAD
CONSUMER DISCRETIONARY,TGRUPP
CONSUMER DISCRETIONARY,THOBOOM
CONSUMER DISCRETIONARY,TI-LAIN
CONSUMER DISCRETIONARY,TI.RU
CONSUMER DISCRETIONARY,TIA
CONSUMER DISCRETIONARY,TIC
CONSUMER DISCRETIONARY,TIDA-OPT
CONSUMER DISCRETIONARY,TIEYM
CONSUMER DISCRETIONARY,TIK
CONSUMER DISCRETIONARY,TIK-YUG
CONSUMER DISCRETIONARY,TIKA
CONSUMER DISCRETIONARY,TIKO
CONSUMER DISCRETIONARY,TIL
CONSUMER DISCRETIONARY,TIL'
CONSUMER DISCRETIONARY,TIL-R
CONSUMER DISCRETIONARY,TILE
CONSUMER DISCRETIONARY,TIM
CONSUMER DISCRETIONARY,TIMA
CONSUMER DISCRETIONARY,TIME
CONSUMER DISCRETIONARY,TIMENU
CONSUMER DISCRETIONARY,TIMUL
CONSUMER DISCRETIONARY,TINENT
CONSUMER DISCRETIONARY,TING
CONSUMER DISCRETIONARY,TING-RUS
CONSUMER DISCRETIONARY,TINSKAYA
CONSUMER DISCRETIONARY,TINVEST
CONSUMER DISCRETIONARY,TIS
CONSUMER DISCRETIONARY,TIT
CONSUMER DISCRETIONARY,TIV
CONSUMER DISCRETIONARY,TIVE
CONSUMER DISCRETIONARY,TIYA
CONSUMER DISCRETIONARY,TIZ
CONSUMER DISCRETIONARY,TIZH
CONSUMER DISCRETIONARY,TKF
CONSUMER DISCRETIONARY,TKOM
CONSUMER DISCRETIONARY,TKOVO
CONSUMER DISCRETIONARY,TLAB
CONSUMER DISCRETIONARY,TLAND
CONSUMER DISCRETIONARY,TLANTA
CONSUMER DISCRETIONARY,TLANTAVTO
CONSUMER DISCRETIONARY,TLAS
CONSUMER DISCRETIONARY,TLAS-NTS
CONSUMER DISCRETIONARY,TMARKET
CONSUMER DISCRETIONARY,TMASTER
CONSUMER DISCRETIONARY,TMASTER-L
CONSUMER DISCRETIONARY,TMK
CONSUMER DISCRETIONARY,TMM
CONSUMER DISCRETIONARY,TMR
CONSUMER DISCRETIONARY,TNA
CONSUMER DISCRETIONARY,TNAY
CONSUMER DISCRETIONARY,TNER
CONSUMER DISCRETIONARY,TNER-TA
CONSUMER DISCRETIONARY,TNESS
CONSUMER DISCRETIONARY,TNYE
CONSUMER DISCRETIONARY,TO-1
CONSUMER DISCRETIONARY,TO-CAR
CONSUMER DISCRETIONARY,TO-CITY
CONSUMER DISCRETIONARY,TO-EURO
CONSUMER DISCRETIONARY,TO-EVRO
CONSUMER DISCRETIONARY,TO-INVEST
CONSUMER DISCRETIONARY,TO-SITI
CONSUMER DISCRETIONARY,TO-TRAST
CONSUMER DISCRETIONARY,TO-VOSTOK
CONSUMER DISCRETIONARY,TO-YUG
CONSUMER DISCRETIONARY,TOAPGREID
CONSUMER DISCRETIONARY,TOBAM
CONSUMER DISCRETIONARY,TOBUV
CONSUMER DISCRETIONARY,TOCHA
CONSUMER DISCRETIONARY,TOCHNIK
CONSUMER DISCRETIONARY,TODISK
CONSUMER DISCRETIONARY,TOEXPO-45
CONSUMER DISCRETIONARY,TOFORUM
CONSUMER DISCRETIONARY,TOGRAD
CONSUMER DISCRETIONARY,TOI
CONSUMER DISCRETIONARY,TOILE
CONSUMER DISCRETIONARY,TOIMIKS
CONSUMER DISCRETIONARY,TOK
CONSUMER DISCRETIONARY,TOKOM-DON
CONSUMER DISCRETIONARY,TOLIGHT
CONSUMER DISCRETIONARY,TOLITSA
CONSUMER DISCRETIONARY,TOLL
CONSUMER DISCRETIONARY,TOMARKET
CONSUMER DISCRETIONARY,TOMATIKA
CONSUMER DISCRETIONARY,TOMLOFER
CONSUMER DISCRETIONARY,TOMOTIV
CONSUMER DISCRETIONARY,TOMSK
CONSUMER DISCRETIONARY,TON
CONSUMER DISCRETIONARY,TON-AUTO
CONSUMER DISCRETIONARY,TON-AVTO
CONSUMER DISCRETIONARY,TONORMAL
CONSUMER DISCRETIONARY,TOOPT
CONSUMER DISCRETIONARY,TOP
CONSUMER DISCRETIONARY,TOPAZ
CONSUMER DISCRETIONARY,TOPILOT
CONSUMER DISCRETIONARY,TOPITER
CONSUMER DISCRETIONARY,TOPORT-T
CONSUMER DISCRETIONARY,TOPROEKT
CONSUMER DISCRETIONARY,TOPUNKT
CONSUMER DISCRETIONARY,TOR
CONSUMER DISCRETIONARY,TOR-E
CONSUMER DISCRETIONARY,TORANY
CONSUMER DISCRETIONARY,TOREAL
CONSUMER DISCRETIONARY,TORG
CONSUMER DISCRETIONARY,TORGOVLYA
CONSUMER DISCRETIONARY,TORIA
CONSUMER DISCRETIONARY,TORIYA
CONSUMER DISCRETIONARY,TORS
CONSUMER DISCRETIONARY,TORSOFT
CONSUMER DISCRETIONARY,TORY
CONSUMER DISCRETIONARY,TORYA
CONSUMER DISCRETIONARY,TOSERVIS
CONSUMER DISCRETIONARY,TOSKO
CONSUMER DISCRETIONARY,TOSTAR
CONSUMER DISCRETIONARY,TOTRAK
CONSUMER DISCRETIONARY,TOTSENTR
CONSUMER DISCRETIONARY,TOUR
CONSUMER DISCRETIONARY,TOURISM
CONSUMER DISCRETIONARY,TOURIST
CONSUMER DISCRETIONARY,TOV
CONSUMER DISCRETIONARY,TOVAZ
CONSUMER DISCRETIONARY,TOVEKTOR
CONSUMER DISCRETIONARY,TOYCO-D
CONSUMER DISCRETIONARY,TOYLAND
CONSUMER DISCRETIONARY,TPD
CONSUMER DISCRETIONARY,TPLAST
CONSUMER DISCRETIONARY,TPLEIS
CONSUMER DISCRETIONARY,TPOSTAVKA
CONSUMER DISCRETIONARY,TRA
CONSUMER DISCRETIONARY,TRADE
CONSUMER DISCRETIONARY,TRADECON
CONSUMER DISCRETIONARY,TRAK
CONSUMER DISCRETIONARY,TRAKTY
CONSUMER DISCRETIONARY,TRAL
CONSUMER DISCRETIONARY,TRAL-NK
CONSUMER DISCRETIONARY,TRANPAK
CONSUMER DISCRETIONARY,TRANS
CONSUMER DISCRETIONARY,TRANSKOM
CONSUMER DISCRETIONARY,TRANSLACK
CONSUMER DISCRETIONARY,TRANSPARK
CONSUMER DISCRETIONARY,TRANZIT
CONSUMER DISCRETIONARY,TRAST
CONSUMER DISCRETIONARY,TRAVELATA
CONSUMER DISCRETIONARY,TRAVERT
CONSUMER DISCRETIONARY,TREID
CONSUMER DISCRETIONARY,TREK
CONSUMER DISCRETIONARY,TREM
CONSUMER DISCRETIONARY,TREMONT
CONSUMER DISCRETIONARY,TREYID
CONSUMER DISCRETIONARY,TRIANGLE
CONSUMER DISCRETIONARY,TRINVEST
CONSUMER DISCRETIONARY,TRIOL
CONSUMER DISCRETIONARY,TRION
CONSUMER DISCRETIONARY,TRIT
CONSUMER DISCRETIONARY,TRITEYL
CONSUMER DISCRETIONARY,TRITON
CONSUMER DISCRETIONARY,TRIUMF
CONSUMER DISCRETIONARY,TRO
CONSUMER DISCRETIONARY,TROBUV
CONSUMER DISCRETIONARY,TROI
CONSUMER DISCRETIONARY,TROI-LAIN
CONSUMER DISCRETIONARY,TROI-SITI
CONSUMER DISCRETIONARY,TROIGRAND
CONSUMER DISCRETIONARY,TROIMASH
CONSUMER DISCRETIONARY,TROIMETIZ
CONSUMER DISCRETIONARY,TROIOBOI
CONSUMER DISCRETIONARY,TROITORG
CONSUMER DISCRETIONARY,TROIZAKAZ
CONSUMER DISCRETIONARY,TROM
CONSUMER DISCRETIONARY,TRONICS
CONSUMER DISCRETIONARY,TROS
CONSUMER DISCRETIONARY,TROTEH
CONSUMER DISCRETIONARY,TROTSENTR
CONSUMER DISCRETIONARY,TROV
CONSUMER DISCRETIONARY,TRUCKS
CONSUMER DISCRETIONARY,TRUCTIA
CONSUMER DISCRETIONARY,TSA
CONSUMER DISCRETIONARY,TSA-TSA
CONSUMER DISCRETIONARY,TSEFEI
CONSUMER DISCRETIONARY,TSENTR
CONSUMER DISCRETIONARY,TSERNA
CONSUMER DISCRETIONARY,TSERVICE
CONSUMER DISCRETIONARY,TSHOP
CONSUMER DISCRETIONARY,TSI
CONSUMER DISCRETIONARY,TSIP-T
CONSUMER DISCRETIONARY,TSITI
CONSUMER DISCRETIONARY,TSIYA
CONSUMER DISCRETIONARY,TSM
CONSUMER DISCRETIONARY,TSPB
CONSUMER DISCRETIONARY,TSPT
CONSUMER DISCRETIONARY,TSRM
CONSUMER DISCRETIONARY,TSSO
CONSUMER DISCRETIONARY,TSTAIL
CONSUMER DISCRETIONARY,TSUM
CONSUMER DISCRETIONARY,TSY
CONSUMER DISCRETIONARY,TTA
CONSUMER DISCRETIONARY,TTA.RU
CONSUMER DISCRETIONARY,TTO
CONSUMER DISCRETIONARY,TTO-CAR
CONSUMER DISCRETIONARY,TTRADE
CONSUMER DISCRETIONARY,TUDIYA
CONSUMER DISCRETIONARY,TULA
CONSUMER DISCRETIONARY,TULON
CONSUMER DISCRETIONARY,TUM
CONSUMER DISCRETIONARY,TUMNYE
CONSUMER DISCRETIONARY,TUNA
CONSUMER DISCRETIONARY,TURA
CONSUMER DISCRETIONARY,TURUFESA
CONSUMER DISCRETIONARY,TUS
CONSUMER DISCRETIONARY,TUTSI
CONSUMER DISCRETIONARY,TV-ALYANS
CONSUMER DISCRETIONARY,TVD
CONSUMER DISCRETIONARY,TVO
CONSUMER DISCRETIONARY,TVO-SZ
CONSUMER DISCRETIONARY,TVOE
CONSUMER DISCRETIONARY,TWOOD
CONSUMER DISCRETIONARY,TWORK
CONSUMER DISCRETIONARY,TXT
CONSUMER DISCRETIONARY,TY-VIDNOE
CONSUMER DISCRETIONARY,TY/TVD
CONSUMER DISCRETIONARY,TYLE
CONSUMER DISCRETIONARY,TYUM
CONSUMER DISCRETIONARY,TYVA
CONSUMER DISCRETIONARY,TZRO
CONSUMER DISCRETIONARY,Taft
CONSUMER DISCRETIONARY,Tech
CONSUMER DISCRETIONARY,TekLub
CONSUMER DISCRETIONARY,Torg
CONSUMER DISCRETIONARY,Trade
CONSUMER DISCRETIONARY,TradeHome
CONSUMER DISCRETIONARY,Trans
CONSUMER DISCRETIONARY,Trans+
CONSUMER DISCRETIONARY,Trevel
CONSUMER DISCRETIONARY,TyreTrade
CONSUMER DISCRETIONARY,Tyres
CONSUMER DISCRETIONARY,U4GROUP
CONSUMER DISCRETIONARY,UARA
CONSUMER DISCRETIONARY,UBARIST
CONSUMER DISCRETIONARY,UBERTSY
CONSUMER DISCRETIONARY,UBIN
CONSUMER DISCRETIONARY,UCH
CONSUMER DISCRETIONARY,UCHAVTO
CONSUMER DISCRETIONARY,UCKMOTORS
CONSUMER DISCRETIONARY,UCKS
CONSUMER DISCRETIONARY,UCKSA
CONSUMER DISCRETIONARY,UCTIA
CONSUMER DISCRETIONARY,UDACHA
CONSUMER DISCRETIONARY,UDIO
CONSUMER DISCRETIONARY,UDIOMANIA
CONSUMER DISCRETIONARY,UDIYA
CONSUMER DISCRETIONARY,UFA
CONSUMER DISCRETIONARY,UFAKTURA
CONSUMER DISCRETIONARY,UFAMEBEL
CONSUMER DISCRETIONARY,UFESA
CONSUMER DISCRETIONARY,UG-AVTO
CONSUMER DISCRETIONARY,UG-KKM
CONSUMER DISCRETIONARY,UKA
CONSUMER DISCRETIONARY,UKAUTO
CONSUMER DISCRETIONARY,UKHAREVKA
CONSUMER DISCRETIONARY,UKHAVN
CONSUMER DISCRETIONARY,UKS
CONSUMER DISCRETIONARY,UKT
CONSUMER DISCRETIONARY,UKTSIYA
CONSUMER DISCRETIONARY,UL'
CONSUMER DISCRETIONARY,UL'S
CONSUMER DISCRETIONARY,ULA
CONSUMER DISCRETIONARY,ULA-FR
CONSUMER DISCRETIONARY,ULA-MK
CONSUMER DISCRETIONARY,ULA-MTS
CONSUMER DISCRETIONARY,ULA-N
CONSUMER DISCRETIONARY,ULA-RD
CONSUMER DISCRETIONARY,ULA-VR
CONSUMER DISCRETIONARY,ULAA
CONSUMER DISCRETIONARY,ULAM
CONSUMER DISCRETIONARY,ULINARIYA
CONSUMER DISCRETIONARY,ULMART
CONSUMER DISCRETIONARY,ULON
CONSUMER DISCRETIONARY,ULS
CONSUMER DISCRETIONARY,ULTAT
CONSUMER DISCRETIONARY,ULTIMENU
CONSUMER DISCRETIONARY,ULTRA
CONSUMER DISCRETIONARY,ULYATOR
CONSUMER DISCRETIONARY,UM-260
CONSUMER DISCRETIONARY,UMA
CONSUMER DISCRETIONARY,UMA-RUS
CONSUMER DISCRETIONARY,UMEN'-OIL
CONSUMER DISCRETIONARY,UMENTI.RU
CONSUMER DISCRETIONARY,UMET
CONSUMER DISCRETIONARY,UMF
CONSUMER DISCRETIONARY,UMNYE
CONSUMER DISCRETIONARY,UMULYATOR
CONSUMER DISCRETIONARY,UNA
CONSUMER DISCRETIONARY,UNG
CONSUMER DISCRETIONARY,UNIGAZ
CONSUMER DISCRETIONARY,UNIREST
CONSUMER DISCRETIONARY,UNIVERFUD
CONSUMER DISCRETIONARY,UNKER
CONSUMER DISCRETIONARY,UNKT
CONSUMER DISCRETIONARY,UNLIGHT
CONSUMER DISCRETIONARY,UNOST
CONSUMER DISCRETIONARY,UNSAND
CONSUMER DISCRETIONARY,UNTIME
CONSUMER DISCRETIONARY,UNWALD
CONSUMER DISCRETIONARY,UP4MEDIA
CONSUMER DISCRETIONARY,UPAKOVKI
CONSUMER DISCRETIONARY,UPERJOB
CONSUMER DISCRETIONARY,UPISHOES
CONSUMER DISCRETIONARY,UPP
CONSUMER DISCRETIONARY,URA
CONSUMER DISCRETIONARY,URA-TULA
CONSUMER DISCRETIONARY,URAL
CONSUMER DISCRETIONARY,URALAVTO
CONSUMER DISCRETIONARY,URALPLIT
CONSUMER DISCRETIONARY,URALSNAB
CONSUMER DISCRETIONARY,URANTS
CONSUMER DISCRETIONARY,URAVEI
CONSUMER DISCRETIONARY,URBOOKING
CONSUMER DISCRETIONARY,URCE
CONSUMER DISCRETIONARY,URG
CONSUMER DISCRETIONARY,URGER
CONSUMER DISCRETIONARY,URII
CONSUMER DISCRETIONARY,URISM
CONSUMER DISCRETIONARY,URIST
CONSUMER DISCRETIONARY,URIT
CONSUMER DISCRETIONARY,URMAGAZIN
CONSUMER DISCRETIONARY,URO
CONSUMER DISCRETIONARY,URODIZEL
CONSUMER DISCRETIONARY,URORTNYE
CONSUMER DISCRETIONARY,UROSET
CONSUMER DISCRETIONARY,UROTRANS
CONSUMER DISCRETIONARY,URS
CONSUMER DISCRETIONARY,URSELF
CONSUMER DISCRETIONARY,URUFESA
CONSUMER DISCRETIONARY,URUS
CONSUMER DISCRETIONARY,US-R2
CONSUMER DISCRETIONARY,US-SAR
CONSUMER DISCRETIONARY,USA
CONSUMER DISCRETIONARY,USARSENAL
CONSUMER DISCRETIONARY,USCLIMAT
CONSUMER DISCRETIONARY,USFOL
CONSUMER DISCRETIONARY,USHKA
CONSUMER DISCRETIONARY,USHKINO
CONSUMER DISCRETIONARY,USO-URAL
CONSUMER DISCRETIONARY,USPUB
CONSUMER DISCRETIONARY,UTDOOR
CONSUMER DISCRETIONARY,UTEK
CONSUMER DISCRETIONARY,UTEKS.RU
CONSUMER DISCRETIONARY,UTO
CONSUMER DISCRETIONARY,UTO-EURO
CONSUMER DISCRETIONARY,UTO-EVRO
CONSUMER DISCRETIONARY,UTOI
CONSUMER DISCRETIONARY,UTOLIGHT
CONSUMER DISCRETIONARY,UTONORMAL
CONSUMER DISCRETIONARY,UTOPITER
CONSUMER DISCRETIONARY,UTSI
CONSUMER DISCRETIONARY,UVELIT
CONSUMER DISCRETIONARY,UVI
CONSUMER DISCRETIONARY,UXTORG
CONSUMER DISCRETIONARY,UZBI
CONSUMER DISCRETIONARY,UZIV
CONSUMER DISCRETIONARY,UZIVANIE
CONSUMER DISCRETIONARY,UZTORG
CONSUMER DISCRETIONARY,UZYKANT
CONSUMER DISCRETIONARY,Uchi.ru
CONSUMER DISCRETIONARY,Ural
CONSUMER DISCRETIONARY,V-ALYANS
CONSUMER DISCRETIONARY,V-AVTO
CONSUMER DISCRETIONARY,V-LAZER
CONSUMER DISCRETIONARY,V-PARNAS
CONSUMER DISCRETIONARY,V-SERVIS
CONSUMER DISCRETIONARY,VABILKO
CONSUMER DISCRETIONARY,VAKS
CONSUMER DISCRETIONARY,VAL
CONSUMER DISCRETIONARY,VALER
CONSUMER DISCRETIONARY,VALIANT
CONSUMER DISCRETIONARY,VALMAKS
CONSUMER DISCRETIONARY,VAMARIN
CONSUMER DISCRETIONARY,VANCHUNG
CONSUMER DISCRETIONARY,VANGARD
CONSUMER DISCRETIONARY,VANIE
CONSUMER DISCRETIONARY,VANOVO
CONSUMER DISCRETIONARY,VANSH
CONSUMER DISCRETIONARY,VANT
CONSUMER DISCRETIONARY,VANTUM
CONSUMER DISCRETIONARY,VARIANT-D
CONSUMER DISCRETIONARY,VARIO
CONSUMER DISCRETIONARY,VATERKOM
CONSUMER DISCRETIONARY,VATOR-E
CONSUMER DISCRETIONARY,VATORSOFT
CONSUMER DISCRETIONARY,VATORYA
CONSUMER DISCRETIONARY,VAYA
CONSUMER DISCRETIONARY,VAZ
CONSUMER DISCRETIONARY,VDETAL'
CONSUMER DISCRETIONARY,VECTOR
CONSUMER DISCRETIONARY,VEGA
CONSUMER DISCRETIONARY,VEI
CONSUMER DISCRETIONARY,VEKTOR
CONSUMER DISCRETIONARY,VELATA
CONSUMER DISCRETIONARY,VELES-40
CONSUMER DISCRETIONARY,VELIKAN
CONSUMER DISCRETIONARY,VELIT
CONSUMER DISCRETIONARY,VEN-AVTO
CONSUMER DISCRETIONARY,VENT
CONSUMER DISCRETIONARY,VENTURA
CONSUMER DISCRETIONARY,VENTUS
CONSUMER DISCRETIONARY,VER-AVTO
CONSUMER DISCRETIONARY,VERA
CONSUMER DISCRETIONARY,VERFUD
CONSUMER DISCRETIONARY,VERNAYA
CONSUMER DISCRETIONARY,VERS
CONSUMER DISCRETIONARY,VERSHINA
CONSUMER DISCRETIONARY,VERT
CONSUMER DISCRETIONARY,VERTEKS
CONSUMER DISCRETIONARY,VESNA
CONSUMER DISCRETIONARY,VEST
CONSUMER DISCRETIONARY,VESTA
CONSUMER DISCRETIONARY,VESTGRUPP
CONSUMER DISCRETIONARY,VESTOBUV
CONSUMER DISCRETIONARY,VET
CONSUMER DISCRETIONARY,VETA-AVTO
CONSUMER DISCRETIONARY,VETNA
CONSUMER DISCRETIONARY,VEYLL
CONSUMER DISCRETIONARY,VEZDIE
CONSUMER DISCRETIONARY,VFFSEE
CONSUMER DISCRETIONARY,VFS
CONSUMER DISCRETIONARY,VICE
CONSUMER DISCRETIONARY,VICE-LUX
CONSUMER DISCRETIONARY,VICTORIA
CONSUMER DISCRETIONARY,VID
CONSUMER DISCRETIONARY,VIDNOE
CONSUMER DISCRETIONARY,VIK
CONSUMER DISCRETIONARY,VIKOIL
CONSUMER DISCRETIONARY,VIKTORIYA
CONSUMER DISCRETIONARY,VINS-AVTO
CONSUMER DISCRETIONARY,VINTO
CONSUMER DISCRETIONARY,VIRA
CONSUMER DISCRETIONARY,VIS
CONSUMER DISCRETIONARY,VIS-AKOM
CONSUMER DISCRETIONARY,VIS-AVAKS
CONSUMER DISCRETIONARY,VIS-KIA
CONSUMER DISCRETIONARY,VIS-RS
CONSUMER DISCRETIONARY,VISE
CONSUMER DISCRETIONARY,VIT
CONSUMER DISCRETIONARY,VIZA
CONSUMER DISCRETIONARY,VKA
CONSUMER DISCRETIONARY,VKI
CONSUMER DISCRETIONARY,VL'
CONSUMER DISCRETIONARY,VLADISLAV
CONSUMER DISCRETIONARY,VLAMUR
CONSUMER DISCRETIONARY,VLECHENII
CONSUMER DISCRETIONARY,VLYA
CONSUMER DISCRETIONARY,VNYA
CONSUMER DISCRETIONARY,VO-SZ
CONSUMER DISCRETIONARY,VOCAR
CONSUMER DISCRETIONARY,VODYANOI
CONSUMER DISCRETIONARY,VOE
CONSUMER DISCRETIONARY,VOLGA
CONSUMER DISCRETIONARY,VOLKOVKA
CONSUMER DISCRETIONARY,VOLZH'E
CONSUMER DISCRETIONARY,VOR
CONSUMER DISCRETIONARY,VORIT
CONSUMER DISCRETIONARY,VORONEZH
CONSUMER DISCRETIONARY,VORTEKS
CONSUMER DISCRETIONARY,VORTEX
CONSUMER DISCRETIONARY,VOSIBARZ
CONSUMER DISCRETIONARY,VOSIBIRSK
CONSUMER DISCRETIONARY,VOSTOK
CONSUMER DISCRETIONARY,VOUS
CONSUMER DISCRETIONARY,VRAZIYA
CONSUMER DISCRETIONARY,VRO
CONSUMER DISCRETIONARY,VRODIZAIN
CONSUMER DISCRETIONARY,VROKREP
CONSUMER DISCRETIONARY,VRORA
CONSUMER DISCRETIONARY,VROTEX
CONSUMER DISCRETIONARY,VSEENKO
CONSUMER DISCRETIONARY,VT-SERVIS
CONSUMER DISCRETIONARY,VTK
CONSUMER DISCRETIONARY,VTO
CONSUMER DISCRETIONARY,VTO-1
CONSUMER DISCRETIONARY,VTO-CITY
CONSUMER DISCRETIONARY,VTO-SITI
CONSUMER DISCRETIONARY,VTO-TRAST
CONSUMER DISCRETIONARY,VTO-YUG
CONSUMER DISCRETIONARY,VTOBAM
CONSUMER DISCRETIONARY,VTODISK
CONSUMER DISCRETIONARY,VTOFORUM
CONSUMER DISCRETIONARY,VTOGRAD
CONSUMER DISCRETIONARY,VTOMARKET
CONSUMER DISCRETIONARY,VTOMATIKA
CONSUMER DISCRETIONARY,VTOMOTIV
CONSUMER DISCRETIONARY,VTOOPT
CONSUMER DISCRETIONARY,VTOPILOT
CONSUMER DISCRETIONARY,VTOPORT-T
CONSUMER DISCRETIONARY,VTOPROEKT
CONSUMER DISCRETIONARY,VTOPUNKT
CONSUMER DISCRETIONARY,VTOR
CONSUMER DISCRETIONARY,VTOREAL
CONSUMER DISCRETIONARY,VTOSERVIS
CONSUMER DISCRETIONARY,VTOSTAR
CONSUMER DISCRETIONARY,VTOTRAK
CONSUMER DISCRETIONARY,VTOTSENTR
CONSUMER DISCRETIONARY,VTOVAZ
CONSUMER DISCRETIONARY,VTOVEKTOR
CONSUMER DISCRETIONARY,VURA
CONSUMER DISCRETIONARY,VYAZ'
CONSUMER DISCRETIONARY,VYAZNOY
CONSUMER DISCRETIONARY,VYMPEL
CONSUMER DISCRETIONARY,VZV
CONSUMER DISCRETIONARY,Vek
CONSUMER DISCRETIONARY,Vendom
CONSUMER DISCRETIONARY,Vimos
CONSUMER DISCRETIONARY,Visawave
CONSUMER DISCRETIONARY,Vitek.rus
CONSUMER DISCRETIONARY,VyatShina
CONSUMER DISCRETIONARY,W-OST
CONSUMER DISCRETIONARY,WALD
CONSUMER DISCRETIONARY,WERY
CONSUMER DISCRETIONARY,WESTLAB
CONSUMER DISCRETIONARY,WHEELS
CONSUMER DISCRETIONARY,WOOD
CONSUMER DISCRETIONARY,WORK
CONSUMER DISCRETIONARY,WTG
CONSUMER DISCRETIONARY,WoodStock
CONSUMER DISCRETIONARY,X-M
CONSUMER DISCRETIONARY,XADO
CONSUMER DISCRETIONARY,XANDRIA
CONSUMER DISCRETIONARY,XARA
CONSUMER DISCRETIONARY,XEL-NORD
CONSUMER DISCRETIONARY,XIAOMI
CONSUMER DISCRETIONARY,XIDOM
CONSUMER DISCRETIONARY,XIMA
CONSUMER DISCRETIONARY,XIMIZE
CONSUMER DISCRETIONARY,XIMUM
CONSUMER DISCRETIONARY,XPO-45
CONSUMER DISCRETIONARY,XSEL-CITY
CONSUMER DISCRETIONARY,XTILE
CONSUMER DISCRETIONARY,XTORG
CONSUMER DISCRETIONARY,XTRAVERT
CONSUMER DISCRETIONARY,Y-ALEX
CONSUMER DISCRETIONARY,Y-HIT
CONSUMER DISCRETIONARY,Y-SERVIS
CONSUMER DISCRETIONARY,Y-VIDNOE
CONSUMER DISCRETIONARY,Y/TVD
CONSUMER DISCRETIONARY,YA-4
CONSUMER DISCRETIONARY,YA-AVTO
CONSUMER DISCRETIONARY,YA-INVEST
CONSUMER DISCRETIONARY,YA-MEDIA
CONSUMER DISCRETIONARY,YA-SERVIS
CONSUMER DISCRETIONARY,YAD
CONSUMER DISCRETIONARY,YANOI
CONSUMER DISCRETIONARY,YANS
CONSUMER DISCRETIONARY,YANSK
CONSUMER DISCRETIONARY,YATK
CONSUMER DISCRETIONARY,YATKOVO
CONSUMER DISCRETIONARY,YATOR
CONSUMER DISCRETIONARY,YAZ'
CONSUMER DISCRETIONARY,YAZNOY
CONSUMER DISCRETIONARY,YBKA
CONSUMER DISCRETIONARY,YCAR
CONSUMER DISCRETIONARY,YCH
CONSUMER DISCRETIONARY,YCO-D
CONSUMER DISCRETIONARY,"YD"""
CONSUMER DISCRETIONARY,YDKOM
CONSUMER DISCRETIONARY,YDRAL
CONSUMER DISCRETIONARY,YER
CONSUMER DISCRETIONARY,YID
CONSUMER DISCRETIONARY,YKANT
CONSUMER DISCRETIONARY,YKO
CONSUMER DISCRETIONARY,YKOPOL
CONSUMER DISCRETIONARY,YKS
CONSUMER DISCRETIONARY,YKS-DISKI
CONSUMER DISCRETIONARY,YKS-SHINY
CONSUMER DISCRETIONARY,YKSEL
CONSUMER DISCRETIONARY,YKSPERT
CONSUMER DISCRETIONARY,YKT
CONSUMER DISCRETIONARY,YL'
CONSUMER DISCRETIONARY,YL-ARENA
CONSUMER DISCRETIONARY,YL-M
CONSUMER DISCRETIONARY,YLAND
CONSUMER DISCRETIONARY,YLE
CONSUMER DISCRETIONARY,YLEKS
CONSUMER DISCRETIONARY,YLL
CONSUMER DISCRETIONARY,YLOOK
CONSUMER DISCRETIONARY,YLT
CONSUMER DISCRETIONARY,YLVIS-RS
CONSUMER DISCRETIONARY,YMBL
CONSUMER DISCRETIONARY,YMER
CONSUMER DISCRETIONARY,YMILI
CONSUMER DISCRETIONARY,YMP
CONSUMER DISCRETIONARY,YMPEL
CONSUMER DISCRETIONARY,YNERDZHI
CONSUMER DISCRETIONARY,YNEYLT
CONSUMER DISCRETIONARY,YNKOR
CONSUMER DISCRETIONARY,YORAL
CONSUMER DISCRETIONARY,YOURSELF
CONSUMER DISCRETIONARY,YPERION
CONSUMER DISCRETIONARY,YROFUD
CONSUMER DISCRETIONARY,YSERVIS
CONSUMER DISCRETIONARY,YSH
CONSUMER DISCRETIONARY,YTECHKOM
CONSUMER DISCRETIONARY,YTERG
CONSUMER DISCRETIONARY,YTIS
CONSUMER DISCRETIONARY,YTPLAST
CONSUMER DISCRETIONARY,YUBERTSY
CONSUMER DISCRETIONARY,YUCH
CONSUMER DISCRETIONARY,YUCHAVTO
CONSUMER DISCRETIONARY,YUG
CONSUMER DISCRETIONARY,YUG-AVTO
CONSUMER DISCRETIONARY,YUG-KKM
CONSUMER DISCRETIONARY,YUKA
CONSUMER DISCRETIONARY,YUKHAVN
CONSUMER DISCRETIONARY,YUKS
CONSUMER DISCRETIONARY,YUM
CONSUMER DISCRETIONARY,YUMA
CONSUMER DISCRETIONARY,YUNIGAZ
CONSUMER DISCRETIONARY,YUNKER
CONSUMER DISCRETIONARY,YUNOST
CONSUMER DISCRETIONARY,YURAL
CONSUMER DISCRETIONARY,YUS
CONSUMER DISCRETIONARY,YUSA
CONSUMER DISCRETIONARY,YUT
CONSUMER DISCRETIONARY,YUTOI
CONSUMER DISCRETIONARY,YUZIV
CONSUMER DISCRETIONARY,YVA
CONSUMER DISCRETIONARY,YZER-YUG
CONSUMER DISCRETIONARY,Z-VOUS
CONSUMER DISCRETIONARY,ZAIN
CONSUMER DISCRETIONARY,ZAKAZ
CONSUMER DISCRETIONARY,ZANT-URAL
CONSUMER DISCRETIONARY,ZAO
CONSUMER DISCRETIONARY,ZAPA
CONSUMER DISCRETIONARY,ZAPASKA
CONSUMER DISCRETIONARY,ZAPCHAST
CONSUMER DISCRETIONARY,ZARECHE
CONSUMER DISCRETIONARY,ZBI
CONSUMER DISCRETIONARY,ZBT
CONSUMER DISCRETIONARY,ZDAT
CONSUMER DISCRETIONARY,ZDIE
CONSUMER DISCRETIONARY,ZEL
CONSUMER DISCRETIONARY,ZENDEN
CONSUMER DISCRETIONARY,ZENT
CONSUMER DISCRETIONARY,ZEP
CONSUMER DISCRETIONARY,ZER
CONSUMER DISCRETIONARY,ZER-YUG
CONSUMER DISCRETIONARY,ZEYA
CONSUMER DISCRETIONARY,ZGSH
CONSUMER DISCRETIONARY,ZH'E
CONSUMER DISCRETIONARY,ZH-CINEMA
CONSUMER DISCRETIONARY,ZH-TANDEM
CONSUMER DISCRETIONARY,ZHA
CONSUMER DISCRETIONARY,ZHANSI
CONSUMER DISCRETIONARY,ZHDANSKII
CONSUMER DISCRETIONARY,ZHDY
CONSUMER DISCRETIONARY,ZHELYUS
CONSUMER DISCRETIONARY,ZHI
CONSUMER DISCRETIONARY,ZHINIRING
CONSUMER DISCRETIONARY,ZHNIK
CONSUMER DISCRETIONARY,ZIN
CONSUMER DISCRETIONARY,ZIT
CONSUMER DISCRETIONARY,ZIT-OIL
CONSUMER DISCRETIONARY,ZITSITI
CONSUMER DISCRETIONARY,ZIV
CONSUMER DISCRETIONARY,ZIVANIE
CONSUMER DISCRETIONARY,ZIYA
CONSUMER DISCRETIONARY,ZIYA-4
CONSUMER DISCRETIONARY,ZLER
CONSUMER DISCRETIONARY,ZLIDER
CONSUMER DISCRETIONARY,ZMAILOVO
CONSUMER DISCRETIONARY,ZNOY
CONSUMER DISCRETIONARY,ZOIL
CONSUMER DISCRETIONARY,ZOLOTO
CONSUMER DISCRETIONARY,ZON
CONSUMER DISCRETIONARY,ZON.RU
CONSUMER DISCRETIONARY,ZONT
CONSUMER DISCRETIONARY,ZOTOP
CONSUMER DISCRETIONARY,ZREGION
CONSUMER DISCRETIONARY,ZRO
CONSUMER DISCRETIONARY,ZRU
CONSUMER DISCRETIONARY,ZS-N1
CONSUMER DISCRETIONARY,ZSERVIS
CONSUMER DISCRETIONARY,ZSM
CONSUMER DISCRETIONARY,ZTORG
CONSUMER DISCRETIONARY,ZULTAT
CONSUMER DISCRETIONARY,ZURIT
CONSUMER DISCRETIONARY,ZVEZDIE
CONSUMER DISCRETIONARY,ZYKANT
CONSUMER DISCRETIONARY,ZZA
CONSUMER DISCRETIONARY,Zamania
CONSUMER DISCRETIONARY,a-ACK2
CONSUMER DISCRETIONARY,a-Autocom
CONSUMER DISCRETIONARY,a-Avto
CONSUMER DISCRETIONARY,a-KA
CONSUMER DISCRETIONARY,a-N
CONSUMER DISCRETIONARY,a-Vek
CONSUMER DISCRETIONARY,a.ru
CONSUMER DISCRETIONARY,aMaker
CONSUMER DISCRETIONARY,aMind
CONSUMER DISCRETIONARY,aSystem
CONSUMER DISCRETIONARY,abreex
CONSUMER DISCRETIONARY,aby
CONSUMER DISCRETIONARY,ace
CONSUMER DISCRETIONARY,ada
CONSUMER DISCRETIONARY,ade
CONSUMER DISCRETIONARY,adeHome
CONSUMER DISCRETIONARY,ader
CONSUMER DISCRETIONARY,adi
CONSUMER DISCRETIONARY,adier
CONSUMER DISCRETIONARY,aft
CONSUMER DISCRETIONARY,agniy
CONSUMER DISCRETIONARY,agovest-S
CONSUMER DISCRETIONARY,aier
CONSUMER DISCRETIONARY,akama
CONSUMER DISCRETIONARY,aker
CONSUMER DISCRETIONARY,aktor
CONSUMER DISCRETIONARY,alTaft
CONSUMER DISCRETIONARY,alamart
CONSUMER DISCRETIONARY,alato.ru
CONSUMER DISCRETIONARY,altCam
CONSUMER DISCRETIONARY,altnavis
CONSUMER DISCRETIONARY,amBook
CONSUMER DISCRETIONARY,ama
CONSUMER DISCRETIONARY,amania
CONSUMER DISCRETIONARY,amart
CONSUMER DISCRETIONARY,amilia
CONSUMER DISCRETIONARY,amobile
CONSUMER DISCRETIONARY,amoda
CONSUMER DISCRETIONARY,and
CONSUMER DISCRETIONARY,ania
CONSUMER DISCRETIONARY,ans
CONSUMER DISCRETIONARY,ans+
CONSUMER DISCRETIONARY,antKA
CONSUMER DISCRETIONARY,antel
CONSUMER DISCRETIONARY,ar-ASKK
CONSUMER DISCRETIONARY,ar-Rest
CONSUMER DISCRETIONARY,arMart
CONSUMER DISCRETIONARY,ara-Avto
CONSUMER DISCRETIONARY,arazhnaya
CONSUMER DISCRETIONARY,aria
CONSUMER DISCRETIONARY,aris
CONSUMER DISCRETIONARY,arium
CONSUMER DISCRETIONARY,ark
CONSUMER DISCRETIONARY,arlett
CONSUMER DISCRETIONARY,arovski
CONSUMER DISCRETIONARY,art
CONSUMER DISCRETIONARY,artiKom
CONSUMER DISCRETIONARY,arville
CONSUMER DISCRETIONARY,ast
CONSUMER DISCRETIONARY,aster
CONSUMER DISCRETIONARY,atShina
CONSUMER DISCRETIONARY,ata.ru
CONSUMER DISCRETIONARY,ate
CONSUMER DISCRETIONARY,atep
CONSUMER DISCRETIONARY,atex
CONSUMER DISCRETIONARY,ato.ru
CONSUMER DISCRETIONARY,aturno-TP
CONSUMER DISCRETIONARY,aucenter
CONSUMER DISCRETIONARY,ave
CONSUMER DISCRETIONARY,avis
CONSUMER DISCRETIONARY,avitsa-N
CONSUMER DISCRETIONARY,awave
CONSUMER DISCRETIONARY,aya
CONSUMER DISCRETIONARY,azhnaya
CONSUMER DISCRETIONARY,bal
CONSUMER DISCRETIONARY,belgrad
CONSUMER DISCRETIONARY,bile
CONSUMER DISCRETIONARY,binzon.ru
CONSUMER DISCRETIONARY,breex
CONSUMER DISCRETIONARY,buv
CONSUMER DISCRETIONARY,bytkhim
CONSUMER DISCRETIONARY,cTech
CONSUMER DISCRETIONARY,car
CONSUMER DISCRETIONARY,car-ASKK
CONSUMER DISCRETIONARY,carlett
CONSUMER DISCRETIONARY,center
CONSUMER DISCRETIONARY,chenland
CONSUMER DISCRETIONARY,chi.ru
CONSUMER DISCRETIONARY,chtarium
CONSUMER DISCRETIONARY,com
CONSUMER DISCRETIONARY,coma
CONSUMER DISCRETIONARY,cona
CONSUMER DISCRETIONARY,ction
CONSUMER DISCRETIONARY,dStock
CONSUMER DISCRETIONARY,da+
CONSUMER DISCRETIONARY,deHome
CONSUMER DISCRETIONARY,der
CONSUMER DISCRETIONARY,derKraft
CONSUMER DISCRETIONARY,derson
CONSUMER DISCRETIONARY,dia
CONSUMER DISCRETIONARY,diaMaker
CONSUMER DISCRETIONARY,diaMind
CONSUMER DISCRETIONARY,diaSystem
CONSUMER DISCRETIONARY,dier
CONSUMER DISCRETIONARY,dom
CONSUMER DISCRETIONARY,don
CONSUMER DISCRETIONARY,dovnya
CONSUMER DISCRETIONARY,dryad
CONSUMER DISCRETIONARY,dukt
CONSUMER DISCRETIONARY,e.-1
CONSUMER DISCRETIONARY,eHome
CONSUMER DISCRETIONARY,eStore
CONSUMER DISCRETIONARY,eTrade
CONSUMER DISCRETIONARY,eader
CONSUMER DISCRETIONARY,ear
CONSUMER DISCRETIONARY,ebelgrad
CONSUMER DISCRETIONARY,ecTech
CONSUMER DISCRETIONARY,ech
CONSUMER DISCRETIONARY,echtarium
CONSUMER DISCRETIONARY,ederKraft
CONSUMER DISCRETIONARY,edia
CONSUMER DISCRETIONARY,ediaMaker
CONSUMER DISCRETIONARY,ediaMind
CONSUMER DISCRETIONARY,edon
CONSUMER DISCRETIONARY,eenlight
CONSUMER DISCRETIONARY,eex
CONSUMER DISCRETIONARY,eez
CONSUMER DISCRETIONARY,efco
CONSUMER DISCRETIONARY,ega
CONSUMER DISCRETIONARY,egantKA
CONSUMER DISCRETIONARY,ek.rus
CONSUMER DISCRETIONARY,ekLub
CONSUMER DISCRETIONARY,ekhimprom
CONSUMER DISCRETIONARY,eks
CONSUMER DISCRETIONARY,ekt
CONSUMER DISCRETIONARY,ektor
CONSUMER DISCRETIONARY,elgrad
CONSUMER DISCRETIONARY,elova
CONSUMER DISCRETIONARY,elyef
CONSUMER DISCRETIONARY,emia
CONSUMER DISCRETIONARY,emier
CONSUMER DISCRETIONARY,end
CONSUMER DISCRETIONARY,enderson
CONSUMER DISCRETIONARY,endom
CONSUMER DISCRETIONARY,enix
CONSUMER DISCRETIONARY,enix-Avto
CONSUMER DISCRETIONARY,enland
CONSUMER DISCRETIONARY,enlight
CONSUMER DISCRETIONARY,ent
CONSUMER DISCRETIONARY,enter
CONSUMER DISCRETIONARY,enti.ru
CONSUMER DISCRETIONARY,eovision
CONSUMER DISCRETIONARY,er-Step
CONSUMER DISCRETIONARY,erKraft
CONSUMER DISCRETIONARY,erform
CONSUMER DISCRETIONARY,eriya
CONSUMER DISCRETIONARY,ernet
CONSUMER DISCRETIONARY,erson
CONSUMER DISCRETIONARY,ertrade
CONSUMER DISCRETIONARY,ervice
CONSUMER DISCRETIONARY,ervis
CONSUMER DISCRETIONARY,esTrans
CONSUMER DISCRETIONARY,esh
CONSUMER DISCRETIONARY,ess
CONSUMER DISCRETIONARY,est
CONSUMER DISCRETIONARY,est-S
CONSUMER DISCRETIONARY,etChips
CONSUMER DISCRETIONARY,eterform
CONSUMER DISCRETIONARY,etroshina
CONSUMER DISCRETIONARY,etshop
CONSUMER DISCRETIONARY,ett
CONSUMER DISCRETIONARY,evel
CONSUMER DISCRETIONARY,express
CONSUMER DISCRETIONARY,fa-KA
CONSUMER DISCRETIONARY,fco
CONSUMER DISCRETIONARY,fecTech
CONSUMER DISCRETIONARY,ffecTech
CONSUMER DISCRETIONARY,filux
CONSUMER DISCRETIONARY,form
CONSUMER DISCRETIONARY,gadier
CONSUMER DISCRETIONARY,gantKA
CONSUMER DISCRETIONARY,gas
CONSUMER DISCRETIONARY,gate
CONSUMER DISCRETIONARY,gaz
CONSUMER DISCRETIONARY,gcoma
CONSUMER DISCRETIONARY,gemia
CONSUMER DISCRETIONARY,ght
CONSUMER DISCRETIONARY,gida
CONSUMER DISCRETIONARY,gida+
CONSUMER DISCRETIONARY,gistik
CONSUMER DISCRETIONARY,gniy
CONSUMER DISCRETIONARY,goTrans+
CONSUMER DISCRETIONARY,govest-S
CONSUMER DISCRETIONARY,grad
CONSUMER DISCRETIONARY,gress
CONSUMER DISCRETIONARY,gvektor
CONSUMER DISCRETIONARY,hSDM
CONSUMER DISCRETIONARY,henland
CONSUMER DISCRETIONARY,hi.ru
CONSUMER DISCRETIONARY,him
CONSUMER DISCRETIONARY,himprom
CONSUMER DISCRETIONARY,hina
CONSUMER DISCRETIONARY,hips
CONSUMER DISCRETIONARY,hnaya
CONSUMER DISCRETIONARY,hoenix
CONSUMER DISCRETIONARY,hop
CONSUMER DISCRETIONARY,hozTorg
CONSUMER DISCRETIONARY,htarium
CONSUMER DISCRETIONARY,i-M
CONSUMER DISCRETIONARY,i.ru
CONSUMER DISCRETIONARY,iKom
CONSUMER DISCRETIONARY,iaMaker
CONSUMER DISCRETIONARY,iaMind
CONSUMER DISCRETIONARY,iaSystem
CONSUMER DISCRETIONARY,iatex
CONSUMER DISCRETIONARY,ice
CONSUMER DISCRETIONARY,ich
CONSUMER DISCRETIONARY,ida
CONSUMER DISCRETIONARY,ida+
CONSUMER DISCRETIONARY,ier
CONSUMER DISCRETIONARY,iexpress
CONSUMER DISCRETIONARY,igadier
CONSUMER DISCRETIONARY,igas
CONSUMER DISCRETIONARY,igaz
CONSUMER DISCRETIONARY,ight
CONSUMER DISCRETIONARY,ikmo
CONSUMER DISCRETIONARY,ikov-Gear
CONSUMER DISCRETIONARY,ile
CONSUMER DISCRETIONARY,ilia
CONSUMER DISCRETIONARY,ille
CONSUMER DISCRETIONARY,ilotPro
CONSUMER DISCRETIONARY,ilux
CONSUMER DISCRETIONARY,imar
CONSUMER DISCRETIONARY,imat
CONSUMER DISCRETIONARY,imeks
CONSUMER DISCRETIONARY,imos
CONSUMER DISCRETIONARY,improdukt
CONSUMER DISCRETIONARY,improm
CONSUMER DISCRETIONARY,ina
CONSUMER DISCRETIONARY,ind
CONSUMER DISCRETIONARY,ine
CONSUMER DISCRETIONARY,inent
CONSUMER DISCRETIONARY,inex
CONSUMER DISCRETIONARY,inzon.ru
CONSUMER DISCRETIONARY,ioBaby
CONSUMER DISCRETIONARY,ion
CONSUMER DISCRETIONARY,ioneriya
CONSUMER DISCRETIONARY,iot
CONSUMER DISCRETIONARY,ips
CONSUMER DISCRETIONARY,isawave
CONSUMER DISCRETIONARY,ision
CONSUMER DISCRETIONARY,isplay
CONSUMER DISCRETIONARY,istik
CONSUMER DISCRETIONARY,itSPb
CONSUMER DISCRETIONARY,itek.rus
CONSUMER DISCRETIONARY,itsa-N
CONSUMER DISCRETIONARY,ity
CONSUMER DISCRETIONARY,ium
CONSUMER DISCRETIONARY,ivi-M
CONSUMER DISCRETIONARY,ix-Avto
CONSUMER DISCRETIONARY,iya
CONSUMER DISCRETIONARY,k.rus
CONSUMER DISCRETIONARY,kLub
CONSUMER DISCRETIONARY,kama
CONSUMER DISCRETIONARY,ker
CONSUMER DISCRETIONARY,khim
CONSUMER DISCRETIONARY,khimprom
CONSUMER DISCRETIONARY,kmo
CONSUMER DISCRETIONARY,koles
CONSUMER DISCRETIONARY,kolov
CONSUMER DISCRETIONARY,kona-Vek
CONSUMER DISCRETIONARY,kor
CONSUMER DISCRETIONARY,korservis
CONSUMER DISCRETIONARY,kov-Gear
CONSUMER DISCRETIONARY,kstrim
CONSUMER DISCRETIONARY,ktor
CONSUMER DISCRETIONARY,kvatep
CONSUMER DISCRETIONARY,lTaft
CONSUMER DISCRETIONARY,la-ACK2
CONSUMER DISCRETIONARY,lada
CONSUMER DISCRETIONARY,lamart
CONSUMER DISCRETIONARY,land
CONSUMER DISCRETIONARY,laris
CONSUMER DISCRETIONARY,last
CONSUMER DISCRETIONARY,lata.ru
CONSUMER DISCRETIONARY,lato.ru
CONSUMER DISCRETIONARY,lavitsa-N
CONSUMER DISCRETIONARY,lay
CONSUMER DISCRETIONARY,legantKA
CONSUMER DISCRETIONARY,lekt
CONSUMER DISCRETIONARY,lend
CONSUMER DISCRETIONARY,les
CONSUMER DISCRETIONARY,lett
CONSUMER DISCRETIONARY,lfa-KA
CONSUMER DISCRETIONARY,lgrad
CONSUMER DISCRETIONARY,lia
CONSUMER DISCRETIONARY,liexpress
CONSUMER DISCRETIONARY,light
CONSUMER DISCRETIONARY,limar
CONSUMER DISCRETIONARY,limat
CONSUMER DISCRETIONARY,liot
CONSUMER DISCRETIONARY,litSPb
CONSUMER DISCRETIONARY,llada
CONSUMER DISCRETIONARY,lle
CONSUMER DISCRETIONARY,lobal
CONSUMER DISCRETIONARY,lodovnya
CONSUMER DISCRETIONARY,lorin
CONSUMER DISCRETIONARY,lotPro
CONSUMER DISCRETIONARY,lov
CONSUMER DISCRETIONARY,lova
CONSUMER DISCRETIONARY,ltCam
CONSUMER DISCRETIONARY,ltnavis
CONSUMER DISCRETIONARY,lum
CONSUMER DISCRETIONARY,lus
CONSUMER DISCRETIONARY,lux
CONSUMER DISCRETIONARY,lyef
CONSUMER DISCRETIONARY,lymer
CONSUMER DISCRETIONARY,mBook
CONSUMER DISCRETIONARY,malato.ru
CONSUMER DISCRETIONARY,mania
CONSUMER DISCRETIONARY,mar
CONSUMER DISCRETIONARY,mara-Avto
CONSUMER DISCRETIONARY,mart
CONSUMER DISCRETIONARY,master
CONSUMER DISCRETIONARY,mat
CONSUMER DISCRETIONARY,mega
CONSUMER DISCRETIONARY,meks
CONSUMER DISCRETIONARY,ment
CONSUMER DISCRETIONARY,menti.ru
CONSUMER DISCRETIONARY,mer
CONSUMER DISCRETIONARY,mex
CONSUMER DISCRETIONARY,mfilux
CONSUMER DISCRETIONARY,mia
CONSUMER DISCRETIONARY,mier
CONSUMER DISCRETIONARY,milia
CONSUMER DISCRETIONARY,mir
CONSUMER DISCRETIONARY,mmunity
CONSUMER DISCRETIONARY,mobile
CONSUMER DISCRETIONARY,moda
CONSUMER DISCRETIONARY,mos
CONSUMER DISCRETIONARY,mplekt
CONSUMER DISCRETIONARY,mport
CONSUMER DISCRETIONARY,mprodukt
CONSUMER DISCRETIONARY,mprom
CONSUMER DISCRETIONARY,mservice
CONSUMER DISCRETIONARY,mson-Ural
CONSUMER DISCRETIONARY,mtrans
CONSUMER DISCRETIONARY,mula-ACK2
CONSUMER DISCRETIONARY,munity
CONSUMER DISCRETIONARY,mver
CONSUMER DISCRETIONARY,n-Ural
CONSUMER DISCRETIONARY,n.ru
CONSUMER DISCRETIONARY,na-Vek
CONSUMER DISCRETIONARY,navis
CONSUMER DISCRETIONARY,naya
CONSUMER DISCRETIONARY,nderson
CONSUMER DISCRETIONARY,ndom
CONSUMER DISCRETIONARY,nent
CONSUMER DISCRETIONARY,neriya
CONSUMER DISCRETIONARY,nertrade
CONSUMER DISCRETIONARY,net
CONSUMER DISCRETIONARY,nex
CONSUMER DISCRETIONARY,ngate
CONSUMER DISCRETIONARY,ngcoma
CONSUMER DISCRETIONARY,nia
CONSUMER DISCRETIONARY,nik
CONSUMER DISCRETIONARY,nity
CONSUMER DISCRETIONARY,nix
CONSUMER DISCRETIONARY,nix-Avto
CONSUMER DISCRETIONARY,niy
CONSUMER DISCRETIONARY,nkor
CONSUMER DISCRETIONARY,nland
CONSUMER DISCRETIONARY,nlight
CONSUMER DISCRETIONARY,no-TP
CONSUMER DISCRETIONARY,ns+
CONSUMER DISCRETIONARY,nsport
CONSUMER DISCRETIONARY,nstrument
CONSUMER DISCRETIONARY,ntKA
CONSUMER DISCRETIONARY,ntaktor
CONSUMER DISCRETIONARY,ntel
CONSUMER DISCRETIONARY,nter
CONSUMER DISCRETIONARY,nter-Step
CONSUMER DISCRETIONARY,nternet
CONSUMER DISCRETIONARY,nti.ru
CONSUMER DISCRETIONARY,ntinent
CONSUMER DISCRETIONARY,nya
CONSUMER DISCRETIONARY,nzon.ru
CONSUMER DISCRETIONARY,o-Polymer
CONSUMER DISCRETIONARY,o-TP
CONSUMER DISCRETIONARY,o.ru
CONSUMER DISCRETIONARY,oBaby
CONSUMER DISCRETIONARY,oCity
CONSUMER DISCRETIONARY,oKit
CONSUMER DISCRETIONARY,oPlitSPb
CONSUMER DISCRETIONARY,oTrans+
CONSUMER DISCRETIONARY,obal
CONSUMER DISCRETIONARY,obile
CONSUMER DISCRETIONARY,obuv
CONSUMER DISCRETIONARY,ock
CONSUMER DISCRETIONARY,ocom
CONSUMER DISCRETIONARY,odStock
CONSUMER DISCRETIONARY,oda
CONSUMER DISCRETIONARY,odi
CONSUMER DISCRETIONARY,odovnya
CONSUMER DISCRETIONARY,odryad
CONSUMER DISCRETIONARY,odukt
CONSUMER DISCRETIONARY,oenix
CONSUMER DISCRETIONARY,ogemia
CONSUMER DISCRETIONARY,ogistik
CONSUMER DISCRETIONARY,ogoTrans+
CONSUMER DISCRETIONARY,ogress
CONSUMER DISCRETIONARY,okolov
CONSUMER DISCRETIONARY,olaris
CONSUMER DISCRETIONARY,oles
CONSUMER DISCRETIONARY,olodovnya
CONSUMER DISCRETIONARY,olov
CONSUMER DISCRETIONARY,olus
CONSUMER DISCRETIONARY,olymer
CONSUMER DISCRETIONARY,oma
CONSUMER DISCRETIONARY,ome
CONSUMER DISCRETIONARY,omfilux
CONSUMER DISCRETIONARY,omir
CONSUMER DISCRETIONARY,ommunity
CONSUMER DISCRETIONARY,omplekt
CONSUMER DISCRETIONARY,omservice
CONSUMER DISCRETIONARY,omtrans
CONSUMER DISCRETIONARY,omver
CONSUMER DISCRETIONARY,on-Ural
CONSUMER DISCRETIONARY,on.ru
CONSUMER DISCRETIONARY,ona
CONSUMER DISCRETIONARY,ona-Vek
CONSUMER DISCRETIONARY,oneriya
CONSUMER DISCRETIONARY,onik
CONSUMER DISCRETIONARY,ontaktor
CONSUMER DISCRETIONARY,ontinent
CONSUMER DISCRETIONARY,oodStock
CONSUMER DISCRETIONARY,ook
CONSUMER DISCRETIONARY,ore
CONSUMER DISCRETIONARY,oreez
CONSUMER DISCRETIONARY,org
CONSUMER DISCRETIONARY,orgvektor
CONSUMER DISCRETIONARY,orin
CONSUMER DISCRETIONARY,orlend
CONSUMER DISCRETIONARY,orm
CONSUMER DISCRETIONARY,orservis
CONSUMER DISCRETIONARY,ort
CONSUMER DISCRETIONARY,ortmaster
CONSUMER DISCRETIONARY,osco
CONSUMER DISCRETIONARY,oselova
CONSUMER DISCRETIONARY,oservice
CONSUMER DISCRETIONARY,oshina
CONSUMER DISCRETIONARY,ost
CONSUMER DISCRETIONARY,otPro
CONSUMER DISCRETIONARY,otivi-M
CONSUMER DISCRETIONARY,otorlend
CONSUMER DISCRETIONARY,oup
CONSUMER DISCRETIONARY,ov-Gear
CONSUMER DISCRETIONARY,ov-Tech
CONSUMER DISCRETIONARY,ova
CONSUMER DISCRETIONARY,ovest-S
CONSUMER DISCRETIONARY,ovision
CONSUMER DISCRETIONARY,ovnya
CONSUMER DISCRETIONARY,ovoselova
CONSUMER DISCRETIONARY,ovski
CONSUMER DISCRETIONARY,oyalTaft
CONSUMER DISCRETIONARY,oypark
CONSUMER DISCRETIONARY,oypodryad
CONSUMER DISCRETIONARY,oyuz
CONSUMER DISCRETIONARY,ozTorg
CONSUMER DISCRETIONARY,pace
CONSUMER DISCRETIONARY,park
CONSUMER DISCRETIONARY,pioneriya
CONSUMER DISCRETIONARY,plast
CONSUMER DISCRETIONARY,plata.ru
CONSUMER DISCRETIONARY,play
CONSUMER DISCRETIONARY,plekt
CONSUMER DISCRETIONARY,podryad
CONSUMER DISCRETIONARY,port
CONSUMER DISCRETIONARY,press
CONSUMER DISCRETIONARY,produkt
CONSUMER DISCRETIONARY,prom
CONSUMER DISCRETIONARY,r-ASKK
CONSUMER DISCRETIONARY,r-Rest
CONSUMER DISCRETIONARY,r-Step
CONSUMER DISCRETIONARY,rKraft
CONSUMER DISCRETIONARY,rMart
CONSUMER DISCRETIONARY,ra-Avto
CONSUMER DISCRETIONARY,rad
CONSUMER DISCRETIONARY,rade
CONSUMER DISCRETIONARY,radeHome
CONSUMER DISCRETIONARY,raft
CONSUMER DISCRETIONARY,ral
CONSUMER DISCRETIONARY,rans
CONSUMER DISCRETIONARY,rans+
CONSUMER DISCRETIONARY,razhnaya
CONSUMER DISCRETIONARY,reStore
CONSUMER DISCRETIONARY,reTrade
CONSUMER DISCRETIONARY,reenlight
CONSUMER DISCRETIONARY,reex
CONSUMER DISCRETIONARY,reez
CONSUMER DISCRETIONARY,remier
CONSUMER DISCRETIONARY,res
CONSUMER DISCRETIONARY,resh
CONSUMER DISCRETIONARY,ress
CONSUMER DISCRETIONARY,revel
CONSUMER DISCRETIONARY,rform
CONSUMER DISCRETIONARY,rgvektor
CONSUMER DISCRETIONARY,ria
CONSUMER DISCRETIONARY,rigadier
CONSUMER DISCRETIONARY,rim
CONSUMER DISCRETIONARY,rin
CONSUMER DISCRETIONARY,rinex
CONSUMER DISCRETIONARY,rion
CONSUMER DISCRETIONARY,ris
CONSUMER DISCRETIONARY,rium
CONSUMER DISCRETIONARY,riya
CONSUMER DISCRETIONARY,rlend
CONSUMER DISCRETIONARY,rlett
CONSUMER DISCRETIONARY,rnet
CONSUMER DISCRETIONARY,rno-TP
CONSUMER DISCRETIONARY,roPlitSPb
CONSUMER DISCRETIONARY,rodukt
CONSUMER DISCRETIONARY,rogress
CONSUMER DISCRETIONARY,rom
CONSUMER DISCRETIONARY,roshina
CONSUMER DISCRETIONARY,roup
CONSUMER DISCRETIONARY,rovski
CONSUMER DISCRETIONARY,roypark
CONSUMER DISCRETIONARY,rplata.ru
CONSUMER DISCRETIONARY,rservis
CONSUMER DISCRETIONARY,rson
CONSUMER DISCRETIONARY,rtProm
CONSUMER DISCRETIONARY,rtex
CONSUMER DISCRETIONARY,rtiKom
CONSUMER DISCRETIONARY,rtmaster
CONSUMER DISCRETIONARY,rtrade
CONSUMER DISCRETIONARY,rument
CONSUMER DISCRETIONARY,rus
CONSUMER DISCRETIONARY,rvice
CONSUMER DISCRETIONARY,rville
CONSUMER DISCRETIONARY,rvis
CONSUMER DISCRETIONARY,ryad
CONSUMER DISCRETIONARY,sKhozTorg
CONSUMER DISCRETIONARY,sTrans
CONSUMER DISCRETIONARY,sa-N
CONSUMER DISCRETIONARY,sawave
CONSUMER DISCRETIONARY,sbytkhim
CONSUMER DISCRETIONARY,sco
CONSUMER DISCRETIONARY,scona
CONSUMER DISCRETIONARY,selova
CONSUMER DISCRETIONARY,service
CONSUMER DISCRETIONARY,servis
CONSUMER DISCRETIONARY,shina
CONSUMER DISCRETIONARY,shop
CONSUMER DISCRETIONARY,siatex
CONSUMER DISCRETIONARY,sion
CONSUMER DISCRETIONARY,ski
CONSUMER DISCRETIONARY,skona-Vek
CONSUMER DISCRETIONARY,son
CONSUMER DISCRETIONARY,son-Ural
CONSUMER DISCRETIONARY,splay
CONSUMER DISCRETIONARY,sport
CONSUMER DISCRETIONARY,ssiatex
CONSUMER DISCRETIONARY,st-S
CONSUMER DISCRETIONARY,stem
CONSUMER DISCRETIONARY,ster
CONSUMER DISCRETIONARY,stik
CONSUMER DISCRETIONARY,stin
CONSUMER DISCRETIONARY,storeez
CONSUMER DISCRETIONARY,strim
CONSUMER DISCRETIONARY,strument
CONSUMER DISCRETIONARY,t-S
CONSUMER DISCRETIONARY,tCam
CONSUMER DISCRETIONARY,tChips
CONSUMER DISCRETIONARY,tKA
CONSUMER DISCRETIONARY,tLogistik
CONSUMER DISCRETIONARY,tPro
CONSUMER DISCRETIONARY,tProm
CONSUMER DISCRETIONARY,tSPb
CONSUMER DISCRETIONARY,tShina
CONSUMER DISCRETIONARY,ta.ru
CONSUMER DISCRETIONARY,taktor
CONSUMER DISCRETIONARY,tarium
CONSUMER DISCRETIONARY,tcar-ASKK
CONSUMER DISCRETIONARY,tek.rus
CONSUMER DISCRETIONARY,tel
CONSUMER DISCRETIONARY,tem
CONSUMER DISCRETIONARY,tep
CONSUMER DISCRETIONARY,ter
CONSUMER DISCRETIONARY,ter-Step
CONSUMER DISCRETIONARY,terform
CONSUMER DISCRETIONARY,ternet
CONSUMER DISCRETIONARY,tex
CONSUMER DISCRETIONARY,ti.ru
CONSUMER DISCRETIONARY,tiKom
CONSUMER DISCRETIONARY,tik
CONSUMER DISCRETIONARY,tin
CONSUMER DISCRETIONARY,tinent
CONSUMER DISCRETIONARY,tion
CONSUMER DISCRETIONARY,tivi-M
CONSUMER DISCRETIONARY,tkhim
CONSUMER DISCRETIONARY,tmaster
CONSUMER DISCRETIONARY,tnavis
CONSUMER DISCRETIONARY,to.ru
CONSUMER DISCRETIONARY,toCity
CONSUMER DISCRETIONARY,toKit
CONSUMER DISCRETIONARY,tock
CONSUMER DISCRETIONARY,tocom
CONSUMER DISCRETIONARY,tomir
CONSUMER DISCRETIONARY,tor
CONSUMER DISCRETIONARY,tore
CONSUMER DISCRETIONARY,toreez
CONSUMER DISCRETIONARY,torlend
CONSUMER DISCRETIONARY,toservice
CONSUMER DISCRETIONARY,tplast
CONSUMER DISCRETIONARY,trade
CONSUMER DISCRETIONARY,trans
CONSUMER DISCRETIONARY,trim
CONSUMER DISCRETIONARY,troshina
CONSUMER DISCRETIONARY,troypark
CONSUMER DISCRETIONARY,trument
CONSUMER DISCRETIONARY,tsa-N
CONSUMER DISCRETIONARY,tshop
CONSUMER DISCRETIONARY,turno-TP
CONSUMER DISCRETIONARY,ucenter
CONSUMER DISCRETIONARY,uchenland
CONSUMER DISCRETIONARY,ukt
CONSUMER DISCRETIONARY,ula-ACK2
CONSUMER DISCRETIONARY,ument
CONSUMER DISCRETIONARY,umenti.ru
CONSUMER DISCRETIONARY,unity
CONSUMER DISCRETIONARY,urno-TP
CONSUMER DISCRETIONARY,usbytkhim
CONSUMER DISCRETIONARY,ussiatex
CONSUMER DISCRETIONARY,utoCity
CONSUMER DISCRETIONARY,utoKit
CONSUMER DISCRETIONARY,utocom
CONSUMER DISCRETIONARY,utomir
CONSUMER DISCRETIONARY,v-Gear
CONSUMER DISCRETIONARY,v-Tech
CONSUMER DISCRETIONARY,v.e.-1
CONSUMER DISCRETIONARY,vatep
CONSUMER DISCRETIONARY,vektor
CONSUMER DISCRETIONARY,vel
CONSUMER DISCRETIONARY,ver
CONSUMER DISCRETIONARY,vest-S
CONSUMER DISCRETIONARY,vi-M
CONSUMER DISCRETIONARY,vice
CONSUMER DISCRETIONARY,ville
CONSUMER DISCRETIONARY,vis
CONSUMER DISCRETIONARY,vision
CONSUMER DISCRETIONARY,vitsa-N
CONSUMER DISCRETIONARY,vnya
CONSUMER DISCRETIONARY,voselova
CONSUMER DISCRETIONARY,vski
CONSUMER DISCRETIONARY,vto
CONSUMER DISCRETIONARY,warovski
CONSUMER DISCRETIONARY,wave
CONSUMER DISCRETIONARY,x-Avto
CONSUMER DISCRETIONARY,xpress
CONSUMER DISCRETIONARY,yRest
CONSUMER DISCRETIONARY,yad
CONSUMER DISCRETIONARY,yalTaft
CONSUMER DISCRETIONARY,yatShina
CONSUMER DISCRETIONARY,yef
CONSUMER DISCRETIONARY,ymer
CONSUMER DISCRETIONARY,ypark
CONSUMER DISCRETIONARY,ypodryad
CONSUMER DISCRETIONARY,yreTrade
CONSUMER DISCRETIONARY,yres
CONSUMER DISCRETIONARY,ystem
CONSUMER DISCRETIONARY,ytkhim
CONSUMER DISCRETIONARY,ytplast
CONSUMER DISCRETIONARY,yuz
CONSUMER DISCRETIONARY,zTorg
CONSUMER DISCRETIONARY,zhnaya
CONSUMER DISCRETIONARY,zon
CONSUMER DISCRETIONARY,zon.ru
CONSUMER DISCRETIONARY,zov-Tech
CONSUMER STAPLES,"""RESURS"""
CONSUMER STAPLES,&beloe
CONSUMER STAPLES,'-KIDS
CONSUMER STAPLES,'-M
CONSUMER STAPLES,'-OMK
CONSUMER STAPLES,'BERTIO
CONSUMER STAPLES,'D-SPB
CONSUMER STAPLES,'ERA
CONSUMER STAPLES,'EVSKAYA
CONSUMER STAPLES,'FA-6
CONSUMER STAPLES,'FA-PLYUS
CONSUMER STAPLES,'FIN
CONSUMER STAPLES,'ICHA
CONSUMER STAPLES,'KEY
CONSUMER STAPLES,"'KEY,"
CONSUMER STAPLES,'NITSA
CONSUMER STAPLES,'SKOE
CONSUMER STAPLES,'TA-AGRO
CONSUMER STAPLES,'TAIR
CONSUMER STAPLES,'TERNA
CONSUMER STAPLES,'TURA
CONSUMER STAPLES,'VEIS-L
CONSUMER STAPLES,'YANA
CONSUMER STAPLES,'YANENKO
CONSUMER STAPLES,'YANS
CONSUMER STAPLES,-2000
CONSUMER STAPLES,-2002
CONSUMER STAPLES,-2009
CONSUMER STAPLES,-2010
CONSUMER STAPLES,-21
CONSUMER STAPLES,-22
CONSUMER STAPLES,-2M
CONSUMER STAPLES,-77
CONSUMER STAPLES,-97
CONSUMER STAPLES,-AGRO
CONSUMER STAPLES,-AL'YANS
CONSUMER STAPLES,-ALKO
CONSUMER STAPLES,-ALYANS
CONSUMER STAPLES,-ARMAVIR
CONSUMER STAPLES,-AVTO
CONSUMER STAPLES,-AZIYA
CONSUMER STAPLES,-Ariant
CONSUMER STAPLES,-BALT
CONSUMER STAPLES,-BALTIA
CONSUMER STAPLES,-BIZNES
CONSUMER STAPLES,-BOTTLERS
CONSUMER STAPLES,-BRANDS
CONSUMER STAPLES,-BREEDING
CONSUMER STAPLES,-BREYND
CONSUMER STAPLES,-BROILER
CONSUMER STAPLES,-Biznes
CONSUMER STAPLES,-Broiler
CONSUMER STAPLES,-CENTER
CONSUMER STAPLES,-Clark
CONSUMER STAPLES,-DANN
CONSUMER STAPLES,-DON
CONSUMER STAPLES,-DON-AGRO
CONSUMER STAPLES,-DV
CONSUMER STAPLES,-DVA
CONSUMER STAPLES,-DYURSO
CONSUMER STAPLES,-ECO
CONSUMER STAPLES,-EKSPRESS
CONSUMER STAPLES,-EXPORT
CONSUMER STAPLES,-EYKO
CONSUMER STAPLES,-EYRTIL'
CONSUMER STAPLES,-FARM
CONSUMER STAPLES,-FISH
CONSUMER STAPLES,-FOODS
CONSUMER STAPLES,-FR
CONSUMER STAPLES,-Finance
CONSUMER STAPLES,-Fish
CONSUMER STAPLES,-GARANT
CONSUMER STAPLES,-GRAND
CONSUMER STAPLES,-GRANDE
CONSUMER STAPLES,-GROUP
CONSUMER STAPLES,-GRUPP
CONSUMER STAPLES,-Group
CONSUMER STAPLES,-HOLDING
CONSUMER STAPLES,-INVEST
CONSUMER STAPLES,-ISET
CONSUMER STAPLES,-Imports
CONSUMER STAPLES,-Invest
CONSUMER STAPLES,-KA
CONSUMER STAPLES,-KHLEB
CONSUMER STAPLES,-KHOLDING
CONSUMER STAPLES,-KIDS
CONSUMER STAPLES,-KLEVER
CONSUMER STAPLES,-KMV
CONSUMER STAPLES,-KOMPLEKT
CONSUMER STAPLES,-KOR
CONSUMER STAPLES,-KP
CONSUMER STAPLES,-KUBAN
CONSUMER STAPLES,-KUBAN'
CONSUMER STAPLES,-KURSK
CONSUMER STAPLES,-Kuban
CONSUMER STAPLES,-LAB
CONSUMER STAPLES,-LAIN
CONSUMER STAPLES,-LAND
CONSUMER STAPLES,-LINE
CONSUMER STAPLES,-LIPETSK
CONSUMER STAPLES,-LOGISTIC
CONSUMER STAPLES,-LOGISTIK
CONSUMER STAPLES,-LUX
CONSUMER STAPLES,-LYUKS
CONSUMER STAPLES,-MAR
CONSUMER STAPLES,-MARKET
CONSUMER STAPLES,-MEDIKA
CONSUMER STAPLES,-MOSCOW
CONSUMER STAPLES,-NIVA
CONSUMER STAPLES,-NN
CONSUMER STAPLES,-ODER
CONSUMER STAPLES,-OKA
CONSUMER STAPLES,-OMK
CONSUMER STAPLES,-OMSK
CONSUMER STAPLES,-OPT
CONSUMER STAPLES,-Orel
CONSUMER STAPLES,-Otradnoe
CONSUMER STAPLES,-PAK
CONSUMER STAPLES,-PARTNER
CONSUMER STAPLES,-PLUS
CONSUMER STAPLES,-PLYUS
CONSUMER STAPLES,-PREMIER
CONSUMER STAPLES,-PRO
CONSUMER STAPLES,-PROD
CONSUMER STAPLES,-PRODUCT
CONSUMER STAPLES,-PRODUKT
CONSUMER STAPLES,-PROFI
CONSUMER STAPLES,-Ptitsa
CONSUMER STAPLES,-RA
CONSUMER STAPLES,-REGION
CONSUMER STAPLES,-RETAIL
CONSUMER STAPLES,-RITEIL
CONSUMER STAPLES,-ROST
CONSUMER STAPLES,-RUS
CONSUMER STAPLES,-SAKHAR
CONSUMER STAPLES,-SALT
CONSUMER STAPLES,-SARATOV
CONSUMER STAPLES,-SERVICE
CONSUMER STAPLES,-SERVIS
CONSUMER STAPLES,-SEVER
CONSUMER STAPLES,-SEVERNYI
CONSUMER STAPLES,-SEYLS
CONSUMER STAPLES,-SIB
CONSUMER STAPLES,-SIBIR
CONSUMER STAPLES,-SKLAD
CONSUMER STAPLES,-SMOLENSK
CONSUMER STAPLES,-SNAB
CONSUMER STAPLES,-SPB
CONSUMER STAPLES,-SREDA
CONSUMER STAPLES,-STORY
CONSUMER STAPLES,-STROI
CONSUMER STAPLES,-STROY
CONSUMER STAPLES,-STUPINO
CONSUMER STAPLES,-Saratov
CONSUMER STAPLES,-Service
CONSUMER STAPLES,-Soy
CONSUMER STAPLES,-Stupino
CONSUMER STAPLES,-TABAK
CONSUMER STAPLES,-TAGANROG
CONSUMER STAPLES,-TAMBOV
CONSUMER STAPLES,-TAVR
CONSUMER STAPLES,-TD
CONSUMER STAPLES,-TEA
CONSUMER STAPLES,-TORG
CONSUMER STAPLES,-TRAD
CONSUMER STAPLES,-TRADE
CONSUMER STAPLES,-TRANZIT
CONSUMER STAPLES,-TREID
CONSUMER STAPLES,-TSENTR
CONSUMER STAPLES,-TTM
CONSUMER STAPLES,-TYUMEN
CONSUMER STAPLES,-Torg
CONSUMER STAPLES,-Trade
CONSUMER STAPLES,-Trading
CONSUMER STAPLES,-Ukhta
CONSUMER STAPLES,-Ural
CONSUMER STAPLES,-VED
CONSUMER STAPLES,-VINO
CONSUMER STAPLES,-Venture
CONSUMER STAPLES,-WEST
CONSUMER STAPLES,-West
CONSUMER STAPLES,-Wine
CONSUMER STAPLES,-XXI
CONSUMER STAPLES,-YUG
CONSUMER STAPLES,-YUNITEY
CONSUMER STAPLES,-ZAPAD
CONSUMER STAPLES,-group
CONSUMER STAPLES,-service
CONSUMER STAPLES,.-FARM
CONSUMER STAPLES,..SPB
CONSUMER STAPLES,.ARGO
CONSUMER STAPLES,.D.
CONSUMER STAPLES,.FISH
CONSUMER STAPLES,.KOM
CONSUMER STAPLES,.LTD
CONSUMER STAPLES,.M.S.
CONSUMER STAPLES,.RU
CONSUMER STAPLES,.S.
CONSUMER STAPLES,.S..SPB
CONSUMER STAPLES,.SPB
CONSUMER STAPLES,.SU
CONSUMER STAPLES,.SUVOROVA
CONSUMER STAPLES,.T.D.
CONSUMER STAPLES,.T.M.S.
CONSUMER STAPLES,.V.
CONSUMER STAPLES,.V.-FARM
CONSUMER STAPLES,.W.FISH
CONSUMER STAPLES,000
CONSUMER STAPLES,002
CONSUMER STAPLES,009
CONSUMER STAPLES,010
CONSUMER STAPLES,014
CONSUMER STAPLES,2000
CONSUMER STAPLES,2002
CONSUMER STAPLES,2009
CONSUMER STAPLES,2010
CONSUMER STAPLES,2014
CONSUMER STAPLES,A-2000
CONSUMER STAPLES,A-6
CONSUMER STAPLES,A-7
CONSUMER STAPLES,A-AGRO
CONSUMER STAPLES,A-BALTIA
CONSUMER STAPLES,A-DON
CONSUMER STAPLES,A-DVA
CONSUMER STAPLES,A-FARM
CONSUMER STAPLES,A-GRAND
CONSUMER STAPLES,A-KHLEB
CONSUMER STAPLES,A-KOR
CONSUMER STAPLES,A-LUX
CONSUMER STAPLES,A-M
CONSUMER STAPLES,A-MARKET
CONSUMER STAPLES,A-MOSCOW
CONSUMER STAPLES,A-NIVA
CONSUMER STAPLES,A-NN
CONSUMER STAPLES,A-OPT
CONSUMER STAPLES,A-PLYUS
CONSUMER STAPLES,A-RA
CONSUMER STAPLES,A-REGION
CONSUMER STAPLES,A-SALT
CONSUMER STAPLES,A-SNAB
CONSUMER STAPLES,A-TORG
CONSUMER STAPLES,A-TRADE
CONSUMER STAPLES,A-TREID
CONSUMER STAPLES,A-ZAPAD
CONSUMER STAPLES,A.RU
CONSUMER STAPLES,A.V.
CONSUMER STAPLES,A.V.-FARM
CONSUMER STAPLES,AALKOPROM
CONSUMER STAPLES,AATBAU
CONSUMER STAPLES,AB-MARKET
CONSUMER STAPLES,ABAK
CONSUMER STAPLES,ABAKERKA
CONSUMER STAPLES,ABALTAI
CONSUMER STAPLES,ABAZ
CONSUMER STAPLES,ABERLIC
CONSUMER STAPLES,ABEV
CONSUMER STAPLES,ABICA
CONSUMER STAPLES,ABINA
CONSUMER STAPLES,ABINSKIY
CONSUMER STAPLES,ABIRINT
CONSUMER STAPLES,ABOSH
CONSUMER STAPLES,ABOTKA
CONSUMER STAPLES,ABP
CONSUMER STAPLES,ABR
CONSUMER STAPLES,ABR'
CONSUMER STAPLES,ABRAU
CONSUMER STAPLES,ABSOLUT
CONSUMER STAPLES,ABSOLYUT
CONSUMER STAPLES,ABYSH
CONSUMER STAPLES,ACENOR
CONSUMER STAPLES,ACIA
CONSUMER STAPLES,ACIYA
CONSUMER STAPLES,ACK
CONSUMER STAPLES,ACOM
CONSUMER STAPLES,ACTIKA
CONSUMER STAPLES,ACTIS
CONSUMER STAPLES,ADA
CONSUMER STAPLES,ADAR
CONSUMER STAPLES,ADE
CONSUMER STAPLES,ADEL
CONSUMER STAPLES,ADEMIYA
CONSUMER STAPLES,ADEPT
CONSUMER STAPLES,ADER
CONSUMER STAPLES,ADET
CONSUMER STAPLES,ADEZH
CONSUMER STAPLES,ADEZHDA
CONSUMER STAPLES,ADIENT
CONSUMER STAPLES,ADING
CONSUMER STAPLES,ADITSIYA
CONSUMER STAPLES,ADIUS
CONSUMER STAPLES,ADIZ
CONSUMER STAPLES,ADOGA
CONSUMER STAPLES,ADONEZH
CONSUMER STAPLES,ADONIS
CONSUMER STAPLES,ADRO
CONSUMER STAPLES,ADRY
CONSUMER STAPLES,ADSERVICE
CONSUMER STAPLES,ADUGA
CONSUMER STAPLES,ADUS
CONSUMER STAPLES,ADUSI
CONSUMER STAPLES,ADVANTA
CONSUMER STAPLES,AER
CONSUMER STAPLES,AERO-PRO
CONSUMER STAPLES,AEVO
CONSUMER STAPLES,AEVSAKHAR
CONSUMER STAPLES,AEVSKIE
CONSUMER STAPLES,AEYRO
CONSUMER STAPLES,AFARM
CONSUMER STAPLES,AFFRON
CONSUMER STAPLES,AFINA
CONSUMER STAPLES,AFT
CONSUMER STAPLES,AGAMA
CONSUMER STAPLES,AGANROG
CONSUMER STAPLES,AGARIYA
CONSUMER STAPLES,AGAT
CONSUMER STAPLES,AGERRATUM
CONSUMER STAPLES,AGF
CONSUMER STAPLES,AGI-FISH
CONSUMER STAPLES,AGMAFARM
CONSUMER STAPLES,AGNIT
CONSUMER STAPLES,AGO
CONSUMER STAPLES,AGODA
CONSUMER STAPLES,AGODAT'
CONSUMER STAPLES,AGREN
CONSUMER STAPLES,AGRIKA
CONSUMER STAPLES,AGRIS
CONSUMER STAPLES,AGRITEK
CONSUMER STAPLES,AGRO
CONSUMER STAPLES,AGRO-2010
CONSUMER STAPLES,AGRO-AVTO
CONSUMER STAPLES,AGRO-N
CONSUMER STAPLES,AGRO-ROST
CONSUMER STAPLES,AGRO-TORG
CONSUMER STAPLES,AGROBALT
CONSUMER STAPLES,AGROBAR
CONSUMER STAPLES,AGROBEL
CONSUMER STAPLES,AGROCOM
CONSUMER STAPLES,AGRODOM
CONSUMER STAPLES,AGROFIRM
CONSUMER STAPLES,AGROFIRMA
CONSUMER STAPLES,AGROHIM
CONSUMER STAPLES,AGROIMPEX
CONSUMER STAPLES,AGROKAM
CONSUMER STAPLES,AGROKLUB
CONSUMER STAPLES,AGROLEN
CONSUMER STAPLES,AGROMIR
CONSUMER STAPLES,AGROPAK
CONSUMER STAPLES,AGROPRIME
CONSUMER STAPLES,AGROPRO
CONSUMER STAPLES,AGROPROM
CONSUMER STAPLES,AGROS
CONSUMER STAPLES,AGROSIBIR
CONSUMER STAPLES,AGROSOYUZ
CONSUMER STAPLES,AGROTRADE
CONSUMER STAPLES,AGROTRANS
CONSUMER STAPLES,AGROZAPAD
CONSUMER STAPLES,AHK
CONSUMER STAPLES,AI-RUS
CONSUMER STAPLES,AI-SIB
CONSUMER STAPLES,AIBARUS
CONSUMER STAPLES,AIDIGO
CONSUMER STAPLES,AIF
CONSUMER STAPLES,AIKAL
CONSUMER STAPLES,AIKHOLOD
CONSUMER STAPLES,AIL
CONSUMER STAPLES,AIMPEKS
CONSUMER STAPLES,AIN
CONSUMER STAPLES,AINENSKOE
CONSUMER STAPLES,AINLINE
CONSUMER STAPLES,AIR
CONSUMER STAPLES,AIS
CONSUMER STAPLES,AISBERG
CONSUMER STAPLES,AISFER
CONSUMER STAPLES,AISKII
CONSUMER STAPLES,AIT
CONSUMER STAPLES,AIT-K
CONSUMER STAPLES,AIZ
CONSUMER STAPLES,AIZER
CONSUMER STAPLES,AK-INVEST
CONSUMER STAPLES,AKA
CONSUMER STAPLES,AKADEMIYA
CONSUMER STAPLES,AKE-ECO
CONSUMER STAPLES,AKE.RU
CONSUMER STAPLES,AKERKA
CONSUMER STAPLES,AKESH
CONSUMER STAPLES,AKFA
CONSUMER STAPLES,AKGOMZ
CONSUMER STAPLES,AKHAR
CONSUMER STAPLES,AKHARPROM
CONSUMER STAPLES,AKLAB
CONSUMER STAPLES,AKLARIN
CONSUMER STAPLES,AKO
CONSUMER STAPLES,AKON
CONSUMER STAPLES,AKORM
CONSUMER STAPLES,AKOVO
CONSUMER STAPLES,AKOVO-2
CONSUMER STAPLES,AKRA
CONSUMER STAPLES,AKS
CONSUMER STAPLES,AKS-PRO
CONSUMER STAPLES,AKSUMA
CONSUMER STAPLES,AKT-77
CONSUMER STAPLES,AKTIKA
CONSUMER STAPLES,AKTINVEST
CONSUMER STAPLES,AKTIS
CONSUMER STAPLES,AKTIV
CONSUMER STAPLES,AKULCHEV
CONSUMER STAPLES,AKURS
CONSUMER STAPLES,AKVALAIF
CONSUMER STAPLES,AKVATREID
CONSUMER STAPLES,AKVILA
CONSUMER STAPLES,AL'
CONSUMER STAPLES,AL'-OMK
CONSUMER STAPLES,AL'BERTIO
CONSUMER STAPLES,AL'FA-6
CONSUMER STAPLES,AL'TAIR
CONSUMER STAPLES,AL'TERNA
CONSUMER STAPLES,AL'YANS
CONSUMER STAPLES,ALA
CONSUMER STAPLES,ALACTIKA
CONSUMER STAPLES,ALAIF
CONSUMER STAPLES,ALAIN
CONSUMER STAPLES,ALAKTIKA
CONSUMER STAPLES,ALAR
CONSUMER STAPLES,ALBATROS
CONSUMER STAPLES,ALCAPS
CONSUMER STAPLES,ALCHIK
CONSUMER STAPLES,ALCOS
CONSUMER STAPLES,ALEK
CONSUMER STAPLES,ALGA
CONSUMER STAPLES,ALIANTA
CONSUMER STAPLES,ALINA
CONSUMER STAPLES,ALINE
CONSUMER STAPLES,ALINKA
CONSUMER STAPLES,ALINO
CONSUMER STAPLES,ALINSKOE
CONSUMER STAPLES,ALION
CONSUMER STAPLES,ALIPSO
CONSUMER STAPLES,ALISA
CONSUMER STAPLES,ALK
CONSUMER STAPLES,ALKAT
CONSUMER STAPLES,ALKO
CONSUMER STAPLES,ALKO-OPT
CONSUMER STAPLES,ALKOM
CONSUMER STAPLES,ALKOPROM
CONSUMER STAPLES,ALKOTEKA
CONSUMER STAPLES,ALL
CONSUMER STAPLES,ALLADA
CONSUMER STAPLES,ALLTECH
CONSUMER STAPLES,ALMASA
CONSUMER STAPLES,ALMAZ
CONSUMER STAPLES,ALMEKO
CONSUMER STAPLES,ALMON.SU
CONSUMER STAPLES,ALOE
CONSUMER STAPLES,ALON
CONSUMER STAPLES,ALORIYA
CONSUMER STAPLES,ALOV
CONSUMER STAPLES,ALRYBA
CONSUMER STAPLES,ALSKAYA
CONSUMER STAPLES,ALSKIY
CONSUMER STAPLES,ALT
CONSUMER STAPLES,ALTAGROS
CONSUMER STAPLES,ALTAI
CONSUMER STAPLES,ALTAI-SIB
CONSUMER STAPLES,ALTAIR
CONSUMER STAPLES,ALTAN
CONSUMER STAPLES,ALTBIR
CONSUMER STAPLES,ALTEY
CONSUMER STAPLES,ALTIA
CONSUMER STAPLES,ALTIC
CONSUMER STAPLES,ALTIFUDS
CONSUMER STAPLES,ALTIMA
CONSUMER STAPLES,ALTSERVIS
CONSUMER STAPLES,ALTrade
CONSUMER STAPLES,ALVART
CONSUMER STAPLES,ALYANS
CONSUMER STAPLES,ALYASKA
CONSUMER STAPLES,ALYUMAR
CONSUMER STAPLES,ALYUT
CONSUMER STAPLES,AMA
CONSUMER STAPLES,AMBAR
CONSUMER STAPLES,AMBOV
CONSUMER STAPLES,AMCHATKA
CONSUMER STAPLES,AMEAT
CONSUMER STAPLES,AMELIA
CONSUMER STAPLES,AMERIA
CONSUMER STAPLES,AMERLAN
CONSUMER STAPLES,AMIANE
CONSUMER STAPLES,AMIKS
CONSUMER STAPLES,AMIN
CONSUMER STAPLES,AMIX
CONSUMER STAPLES,AMK
CONSUMER STAPLES,AMMA-7
CONSUMER STAPLES,AMMER
CONSUMER STAPLES,AMMI
CONSUMER STAPLES,AMO
CONSUMER STAPLES,AMOROZKA
CONSUMER STAPLES,AMOS
CONSUMER STAPLES,AMPINA
CONSUMER STAPLES,AMR
CONSUMER STAPLES,AMRUKO
CONSUMER STAPLES,AMSA
CONSUMER STAPLES,AMSON
CONSUMER STAPLES,AMYLCO
CONSUMER STAPLES,AN'
CONSUMER STAPLES,AN-AGRO
CONSUMER STAPLES,AN-FISH
CONSUMER STAPLES,AN-MARKET
CONSUMER STAPLES,AN-TEA
CONSUMER STAPLES,AN-VINO
CONSUMER STAPLES,ANA
CONSUMER STAPLES,ANAIS
CONSUMER STAPLES,ANAM
CONSUMER STAPLES,ANCE
CONSUMER STAPLES,AND
CONSUMER STAPLES,AND-NN
CONSUMER STAPLES,AND-S
CONSUMER STAPLES,ANDART
CONSUMER STAPLES,ANDE
CONSUMER STAPLES,ANDEM
CONSUMER STAPLES,ANDFARM
CONSUMER STAPLES,ANDRIYA
CONSUMER STAPLES,ANDS
CONSUMER STAPLES,ANDWICH
CONSUMER STAPLES,ANE
CONSUMER STAPLES,ANECO
CONSUMER STAPLES,ANENBURG
CONSUMER STAPLES,ANENKO
CONSUMER STAPLES,ANG-SIBIR
CONSUMER STAPLES,ANGARD
CONSUMER STAPLES,ANGRUPP
CONSUMER STAPLES,ANI
CONSUMER STAPLES,ANIT
CONSUMER STAPLES,ANIYA
CONSUMER STAPLES,ANKA
CONSUMER STAPLES,ANKA-LUX
CONSUMER STAPLES,ANKA-SNAB
CONSUMER STAPLES,ANKA-TORG
CONSUMER STAPLES,ANKHAI
CONSUMER STAPLES,ANKORM
CONSUMER STAPLES,ANLECO
CONSUMER STAPLES,ANN
CONSUMER STAPLES,ANO
CONSUMER STAPLES,ANOCHKA
CONSUMER STAPLES,ANOVSKOE
CONSUMER STAPLES,ANP
CONSUMER STAPLES,ANROG
CONSUMER STAPLES,ANRYBFLOT
CONSUMER STAPLES,ANS
CONSUMER STAPLES,ANS-PROFI
CONSUMER STAPLES,ANSAVTO
CONSUMER STAPLES,ANSEMENA
CONSUMER STAPLES,ANSGRUPP
CONSUMER STAPLES,ANSKAYA
CONSUMER STAPLES,ANSKOE
CONSUMER STAPLES,ANSMARKET
CONSUMER STAPLES,ANSONIYA
CONSUMER STAPLES,ANSSIGMA
CONSUMER STAPLES,ANT
CONSUMER STAPLES,ANT-FISH
CONSUMER STAPLES,ANT-OPT
CONSUMER STAPLES,ANT-TREID
CONSUMER STAPLES,ANTA
CONSUMER STAPLES,ANTAGRO
CONSUMER STAPLES,ANTAL'
CONSUMER STAPLES,ANTAR
CONSUMER STAPLES,ANTEI
CONSUMER STAPLES,ANTES
CONSUMER STAPLES,ANTOS
CONSUMER STAPLES,ANTUR
CONSUMER STAPLES,ANZIT
CONSUMER STAPLES,AOZERNY
CONSUMER STAPLES,APACK
CONSUMER STAPLES,APAD
CONSUMER STAPLES,APELLA
CONSUMER STAPLES,APERAVI
CONSUMER STAPLES,APEZA
CONSUMER STAPLES,APFIR
CONSUMER STAPLES,APITAL
CONSUMER STAPLES,APOLIS
CONSUMER STAPLES,APREL
CONSUMER STAPLES,APRIL
CONSUMER STAPLES,APRIM
CONSUMER STAPLES,APROTEK
CONSUMER STAPLES,APS
CONSUMER STAPLES,APSOLIYA
CONSUMER STAPLES,APTEKA
CONSUMER STAPLES,APTIS
CONSUMER STAPLES,ARABICA
CONSUMER STAPLES,ARADIZ
CONSUMER STAPLES,ARAKESH
CONSUMER STAPLES,ARANT
CONSUMER STAPLES,ARANTAGRO
CONSUMER STAPLES,ARAR
CONSUMER STAPLES,ARAT
CONSUMER STAPLES,ARATOV
CONSUMER STAPLES,ARATSEL'S
CONSUMER STAPLES,ARAVAI
CONSUMER STAPLES,ARBAEVO
CONSUMER STAPLES,ARCOM
CONSUMER STAPLES,ARD
CONSUMER STAPLES,ARD-KURSK
CONSUMER STAPLES,ARDZHIES
CONSUMER STAPLES,ARETT
CONSUMER STAPLES,ARFYUM
CONSUMER STAPLES,ARGARON
CONSUMER STAPLES,ARGILL
CONSUMER STAPLES,ARGKOM
CONSUMER STAPLES,ARGO
CONSUMER STAPLES,ARGUS
CONSUMER STAPLES,ARIA-RA
CONSUMER STAPLES,ARIANT
CONSUMER STAPLES,ARIN
CONSUMER STAPLES,ARINE
CONSUMER STAPLES,ARITER
CONSUMER STAPLES,ARIYA
CONSUMER STAPLES,ARK
CONSUMER STAPLES,ARKET
CONSUMER STAPLES,ARKET-KA
CONSUMER STAPLES,ARKET-S
CONSUMER STAPLES,ARKETING
CONSUMER STAPLES,ARKHOL
CONSUMER STAPLES,ARKOVSKOE
CONSUMER STAPLES,ARM
CONSUMER STAPLES,ARMA
CONSUMER STAPLES,ARMACIA
CONSUMER STAPLES,ARMALA
CONSUMER STAPLES,ARMALEK
CONSUMER STAPLES,ARMATSIYA
CONSUMER STAPLES,ARMAVIR
CONSUMER STAPLES,ARMAZ
CONSUMER STAPLES,ARMIYA
CONSUMER STAPLES,ARMLEND
CONSUMER STAPLES,ARMONIYA
CONSUMER STAPLES,ARNA
CONSUMER STAPLES,ARNEG
CONSUMER STAPLES,ARNEST
CONSUMER STAPLES,AROMA
CONSUMER STAPLES,AROMAKLAB
CONSUMER STAPLES,AROMAT
CONSUMER STAPLES,ARON
CONSUMER STAPLES,AROS
CONSUMER STAPLES,AROVSKII
CONSUMER STAPLES,ARPROM
CONSUMER STAPLES,ARS
CONSUMER STAPLES,ARS-AGRO
CONSUMER STAPLES,ARSAL
CONSUMER STAPLES,ARSAN
CONSUMER STAPLES,ARSENAL
CONSUMER STAPLES,ARSINSKOE
CONSUMER STAPLES,ARSK
CONSUMER STAPLES,"ARSK"""
CONSUMER STAPLES,ARSKOE
CONSUMER STAPLES,ART
CONSUMER STAPLES,ART-OKA
CONSUMER STAPLES,ARTA-FARM
CONSUMER STAPLES,ARTES
CONSUMER STAPLES,ARTNER
CONSUMER STAPLES,ARTON
CONSUMER STAPLES,ARUS
CONSUMER STAPLES,ARYA
CONSUMER STAPLES,ARYVKA
CONSUMER STAPLES,AS-AGRO
CONSUMER STAPLES,AS-D
CONSUMER STAPLES,AS-TRAD
CONSUMER STAPLES,AS-TRADE
CONSUMER STAPLES,ASA
CONSUMER STAPLES,ASES
CONSUMER STAPLES,ASG
CONSUMER STAPLES,ASHE
CONSUMER STAPLES,ASHEVO
CONSUMER STAPLES,ASHKA
CONSUMER STAPLES,ASHKINO
CONSUMER STAPLES,ASHOVSKOE
CONSUMER STAPLES,ASHSPIRT
CONSUMER STAPLES,ASIA
CONSUMER STAPLES,ASIANO
CONSUMER STAPLES,ASIE
CONSUMER STAPLES,ASING
CONSUMER STAPLES,ASINGLINE
CONSUMER STAPLES,ASK
CONSUMER STAPLES,ASK-AGRO
CONSUMER STAPLES,ASKA
CONSUMER STAPLES,ASKAD
CONSUMER STAPLES,ASKO
CONSUMER STAPLES,ASLO
CONSUMER STAPLES,ASLOPROM
CONSUMER STAPLES,ASNOYARSK
CONSUMER STAPLES,ASOL'
CONSUMER STAPLES,ASON
CONSUMER STAPLES,ASPECT
CONSUMER STAPLES,ASS
CONSUMER STAPLES,ASSIKA
CONSUMER STAPLES,ASSIM
CONSUMER STAPLES,ASSIYA
CONSUMER STAPLES,ASSKOE
CONSUMER STAPLES,ASSNAB
CONSUMER STAPLES,ASSNOST
CONSUMER STAPLES,ASSOPT
CONSUMER STAPLES,ASSVET
CONSUMER STAPLES,AST
CONSUMER STAPLES,AST-WEST
CONSUMER STAPLES,ASTEK
CONSUMER STAPLES,ASTER
CONSUMER STAPLES,ASTERFOOD
CONSUMER STAPLES,ASTIE
CONSUMER STAPLES,ASTON
CONSUMER STAPLES,ASTRONOM
CONSUMER STAPLES,ASTROY
CONSUMER STAPLES,ASTRUM
CONSUMER STAPLES,ASVA
CONSUMER STAPLES,ASY
CONSUMER STAPLES,AT'
CONSUMER STAPLES,AT'YANA
CONSUMER STAPLES,ATA
CONSUMER STAPLES,ATAK
CONSUMER STAPLES,ATBAU
CONSUMER STAPLES,ATELLIT
CONSUMER STAPLES,ATERIK
CONSUMER STAPLES,ATERINA
CONSUMER STAPLES,ATES
CONSUMER STAPLES,ATEYRRA
CONSUMER STAPLES,ATF
CONSUMER STAPLES,ATIMIR
CONSUMER STAPLES,ATION
CONSUMER STAPLES,ATIVA
CONSUMER STAPLES,ATKA
CONSUMER STAPLES,ATLAGROS
CONSUMER STAPLES,ATLANT
CONSUMER STAPLES,ATOR
CONSUMER STAPLES,ATORG
CONSUMER STAPLES,ATORIA
CONSUMER STAPLES,ATOV
CONSUMER STAPLES,ATOVO
CONSUMER STAPLES,ATOVSKOE
CONSUMER STAPLES,ATR
CONSUMER STAPLES,ATRADING
CONSUMER STAPLES,ATREID
CONSUMER STAPLES,ATROS
CONSUMER STAPLES,ATSEL'S
CONSUMER STAPLES,ATSIYA
CONSUMER STAPLES,ATSKI
CONSUMER STAPLES,ATT
CONSUMER STAPLES,ATTL
CONSUMER STAPLES,ATTL-I
CONSUMER STAPLES,ATUM
CONSUMER STAPLES,ATURA
CONSUMER STAPLES,ATURN
CONSUMER STAPLES,ATUROVO
CONSUMER STAPLES,ATUS-YUG
CONSUMER STAPLES,ATYASHEVO
CONSUMER STAPLES,ATYEVO
CONSUMER STAPLES,AU-DYURSO
CONSUMER STAPLES,AUGUST
CONSUMER STAPLES,AUN
CONSUMER STAPLES,AUNTER
CONSUMER STAPLES,AURUS
CONSUMER STAPLES,AUTOHOLOD
CONSUMER STAPLES,AVA
CONSUMER STAPLES,AVAI
CONSUMER STAPLES,AVANGARD
CONSUMER STAPLES,AVENIR
CONSUMER STAPLES,AVERS
CONSUMER STAPLES,AVHOLOD
CONSUMER STAPLES,AVI
CONSUMER STAPLES,AVINSKAYA
CONSUMER STAPLES,AVIR
CONSUMER STAPLES,AVKA
CONSUMER STAPLES,AVKAZ
CONSUMER STAPLES,AVKOFE
CONSUMER STAPLES,AVM
CONSUMER STAPLES,AVOD
CONSUMER STAPLES,AVORIT
CONSUMER STAPLES,AVOSKA
CONSUMER STAPLES,AVR
CONSUMER STAPLES,AVRORA
CONSUMER STAPLES,AVS
CONSUMER STAPLES,AVT
CONSUMER STAPLES,AVTO
CONSUMER STAPLES,AVTOPOLUS
CONSUMER STAPLES,AVYANA
CONSUMER STAPLES,AVYANKA
CONSUMER STAPLES,AY-BRANDS
CONSUMER STAPLES,AY-FOODS
CONSUMER STAPLES,AY-GROUP
CONSUMER STAPLES,AYA
CONSUMER STAPLES,"AYA,"
CONSUMER STAPLES,AYA-NIVA
CONSUMER STAPLES,AYAK
CONSUMER STAPLES,AYBARUS
CONSUMER STAPLES,AYK
CONSUMER STAPLES,AYLOVSKOE
CONSUMER STAPLES,AYUG
CONSUMER STAPLES,AZ'-M
CONSUMER STAPLES,AZDOL'E
CONSUMER STAPLES,AZDOLNOE
CONSUMER STAPLES,AZH
CONSUMER STAPLES,AZHENSKIY
CONSUMER STAPLES,AZINSKOE
CONSUMER STAPLES,AZIS
CONSUMER STAPLES,AZIYA
CONSUMER STAPLES,AZONOV
CONSUMER STAPLES,AZT
CONSUMER STAPLES,AZVITIE
CONSUMER STAPLES,AZVITIE-M
CONSUMER STAPLES,Aeroball
CONSUMER STAPLES,Aerosol
CONSUMER STAPLES,AgroEast
CONSUMER STAPLES,AgroGard
CONSUMER STAPLES,AgroTreid
CONSUMER STAPLES,Agroecko
CONSUMER STAPLES,Agrohim
CONSUMER STAPLES,Agrosila
CONSUMER STAPLES,Agrotorg
CONSUMER STAPLES,Alantis
CONSUMER STAPLES,Alko
CONSUMER STAPLES,AlkoMir
CONSUMER STAPLES,Alligator
CONSUMER STAPLES,Altair
CONSUMER STAPLES,Ariant
CONSUMER STAPLES,Arkadia
CONSUMER STAPLES,Arnest
CONSUMER STAPLES,Asphodel
CONSUMER STAPLES,Aston
CONSUMER STAPLES,Avanta
CONSUMER STAPLES,Aventa
CONSUMER STAPLES,Avrora
CONSUMER STAPLES,B-ISET
CONSUMER STAPLES,B-KUBAN'
CONSUMER STAPLES,B-MARKET
CONSUMER STAPLES,B-S
CONSUMER STAPLES,B-TREID
CONSUMER STAPLES,BA-NIVA
CONSUMER STAPLES,BAEVO
CONSUMER STAPLES,BAI
CONSUMER STAPLES,BAIKAL
CONSUMER STAPLES,BAK
CONSUMER STAPLES,BAKERKA
CONSUMER STAPLES,BAL
CONSUMER STAPLES,BALCOS
CONSUMER STAPLES,BALT
CONSUMER STAPLES,BALTAGROS
CONSUMER STAPLES,BALTAI
CONSUMER STAPLES,BALTBIR
CONSUMER STAPLES,BALTIA
CONSUMER STAPLES,BALTIC
CONSUMER STAPLES,BAMR
CONSUMER STAPLES,BAN
CONSUMER STAPLES,BAN'
CONSUMER STAPLES,BAN-TEA
CONSUMER STAPLES,BAN-VINO
CONSUMER STAPLES,BANI
CONSUMER STAPLES,BANOCHKA
CONSUMER STAPLES,BAR
CONSUMER STAPLES,BARETT
CONSUMER STAPLES,BARGUS
CONSUMER STAPLES,BAROVSKII
CONSUMER STAPLES,BARS
CONSUMER STAPLES,BARUS
CONSUMER STAPLES,BASHSPIRT
CONSUMER STAPLES,BASSOPT
CONSUMER STAPLES,BATLAGROS
CONSUMER STAPLES,BATOVSKOE
CONSUMER STAPLES,BATROS
CONSUMER STAPLES,BAU
CONSUMER STAPLES,BAZ
CONSUMER STAPLES,BAZIS
CONSUMER STAPLES,BBARS
CONSUMER STAPLES,BEDA
CONSUMER STAPLES,BEIKERI
CONSUMER STAPLES,BEL
CONSUMER STAPLES,BEL'SKOE
CONSUMER STAPLES,BELAYA
CONSUMER STAPLES,BELKO
CONSUMER STAPLES,BELLIGEN
CONSUMER STAPLES,BELPIK
CONSUMER STAPLES,BELYANKA
CONSUMER STAPLES,BELYY
CONSUMER STAPLES,BENTAL'
CONSUMER STAPLES,BERDEI
CONSUMER STAPLES,BEREG
CONSUMER STAPLES,BEREGA
CONSUMER STAPLES,BERG
CONSUMER STAPLES,BERLIC
CONSUMER STAPLES,BERRI
CONSUMER STAPLES,BERTINGA
CONSUMER STAPLES,BERTIO
CONSUMER STAPLES,BETTA-6
CONSUMER STAPLES,BEV
CONSUMER STAPLES,BEZH
CONSUMER STAPLES,BFI
CONSUMER STAPLES,BFLOT
CONSUMER STAPLES,BGMZ
CONSUMER STAPLES,BIAL
CONSUMER STAPLES,BIBICALL
CONSUMER STAPLES,BICA
CONSUMER STAPLES,BICALL
CONSUMER STAPLES,BIEYS
CONSUMER STAPLES,BIKON
CONSUMER STAPLES,BILEINAYA
CONSUMER STAPLES,BILEINYI
CONSUMER STAPLES,BILIEN
CONSUMER STAPLES,BILL-DANN
CONSUMER STAPLES,BIMEKS
CONSUMER STAPLES,BIN
CONSUMER STAPLES,BINA
CONSUMER STAPLES,BINAT
CONSUMER STAPLES,BINSKIY
CONSUMER STAPLES,BIO-AGRO
CONSUMER STAPLES,BIOCOL
CONSUMER STAPLES,BIOIL
CONSUMER STAPLES,BION-2002
CONSUMER STAPLES,BIONI
CONSUMER STAPLES,BIONTA
CONSUMER STAPLES,BIR
CONSUMER STAPLES,BIRI
CONSUMER STAPLES,BIRINT
CONSUMER STAPLES,BIRSK
CONSUMER STAPLES,BIRSKOE
CONSUMER STAPLES,BIRYAK
CONSUMER STAPLES,BIRYUZA
CONSUMER STAPLES,BIS
CONSUMER STAPLES,BISKVIT
CONSUMER STAPLES,BITSKAYA
CONSUMER STAPLES,BIZNES
CONSUMER STAPLES,BKHK
CONSUMER STAPLES,BKHLEB
CONSUMER STAPLES,BKHOLOD
CONSUMER STAPLES,BLAGO
CONSUMER STAPLES,BLAGODAT'
CONSUMER STAPLES,BLIKA
CONSUMER STAPLES,BLPOLIMER
CONSUMER STAPLES,BLPRODUKT
CONSUMER STAPLES,BMK
CONSUMER STAPLES,BNYA
CONSUMER STAPLES,BOBIMEKS
CONSUMER STAPLES,BODAR
CONSUMER STAPLES,BOI
CONSUMER STAPLES,BOIL
CONSUMER STAPLES,BOMEYZ
CONSUMER STAPLES,BOPLAST
CONSUMER STAPLES,BOPRODUKT
CONSUMER STAPLES,BORATORIA
CONSUMER STAPLES,BORJOMI
CONSUMER STAPLES,BORMA
CONSUMER STAPLES,BORZHETS
CONSUMER STAPLES,BOSH
CONSUMER STAPLES,BOTKA
CONSUMER STAPLES,BOTOVO
CONSUMER STAPLES,BOTTLERS
CONSUMER STAPLES,BOV
CONSUMER STAPLES,BOX
CONSUMER STAPLES,BPC
CONSUMER STAPLES,BPK
CONSUMER STAPLES,BPOSTAVKA
CONSUMER STAPLES,BR'
CONSUMER STAPLES,BRANDS
CONSUMER STAPLES,BRAU
CONSUMER STAPLES,BRAVA
CONSUMER STAPLES,BREEDING
CONSUMER STAPLES,BREYND
CONSUMER STAPLES,BRIKS
CONSUMER STAPLES,BROF
CONSUMER STAPLES,BROILER
CONSUMER STAPLES,BROVSKII
CONSUMER STAPLES,BRP
CONSUMER STAPLES,BRPI
CONSUMER STAPLES,BSOLUT
CONSUMER STAPLES,BSOLYUT
CONSUMER STAPLES,BSP
CONSUMER STAPLES,BT-Group
CONSUMER STAPLES,BTEHAKS
CONSUMER STAPLES,BTORG
CONSUMER STAPLES,BUG
CONSUMER STAPLES,BUGRY
CONSUMER STAPLES,BURG
CONSUMER STAPLES,BUS
CONSUMER STAPLES,BUSHE
CONSUMER STAPLES,BUSINESS
CONSUMER STAPLES,BUYSELL
CONSUMER STAPLES,BUZOVSKIY
CONSUMER STAPLES,BYATOVO
CONSUMER STAPLES,BYSH
CONSUMER STAPLES,BYTKHIM
CONSUMER STAPLES,Bays-DV
CONSUMER STAPLES,BeFresh
CONSUMER STAPLES,Bev
CONSUMER STAPLES,Biznes
CONSUMER STAPLES,Bristol
CONSUMER STAPLES,Broiler
CONSUMER STAPLES,Bushe
CONSUMER STAPLES,C-FOODS
CONSUMER STAPLES,CAKE-ECO
CONSUMER STAPLES,CAKE.RU
CONSUMER STAPLES,CALL
CONSUMER STAPLES,CAMPINA
CONSUMER STAPLES,CAN
CONSUMER STAPLES,CAPS
CONSUMER STAPLES,CARGILL
CONSUMER STAPLES,CENOR
CONSUMER STAPLES,CENTER
CONSUMER STAPLES,CETORG
CONSUMER STAPLES,CHA
CONSUMER STAPLES,CHAKOVO
CONSUMER STAPLES,CHANSKOE
CONSUMER STAPLES,CHASTIE
CONSUMER STAPLES,CHATKA
CONSUMER STAPLES,CHEEVSKIY
CONSUMER STAPLES,CHENYA
CONSUMER STAPLES,CHEPROM
CONSUMER STAPLES,CHESKAYA
CONSUMER STAPLES,CHESKII
CONSUMER STAPLES,CHEV
CONSUMER STAPLES,CHGMZ
CONSUMER STAPLES,CHI
CONSUMER STAPLES,CHI-RUS
CONSUMER STAPLES,CHIK
CONSUMER STAPLES,CHIKAGO
CONSUMER STAPLES,CHINKA.RU
CONSUMER STAPLES,CHINSKII
CONSUMER STAPLES,CHIY
CONSUMER STAPLES,CHKA
CONSUMER STAPLES,CHMK
CONSUMER STAPLES,CHNICA
CONSUMER STAPLES,CHNYI
CONSUMER STAPLES,CHUMSKAYA
CONSUMER STAPLES,CHYE
CONSUMER STAPLES,CIA
CONSUMER STAPLES,CIYA
CONSUMER STAPLES,CJSC
CONSUMER STAPLES,CKNICK
CONSUMER STAPLES,CKYFISH
CONSUMER STAPLES,CMPP
CONSUMER STAPLES,CO-LAB
CONSUMER STAPLES,CO.LTD
CONSUMER STAPLES,COL
CONSUMER STAPLES,COM
CONSUMER STAPLES,COMILK
CONSUMER STAPLES,COMMERCE
CONSUMER STAPLES,CONSERVY
CONSUMER STAPLES,COOL-B
CONSUMER STAPLES,COPOLE
CONSUMER STAPLES,COPRODUCT
CONSUMER STAPLES,CORK
CONSUMER STAPLES,COS
CONSUMER STAPLES,COSMETIC
CONSUMER STAPLES,COSMETIK
CONSUMER STAPLES,COSMETIKS
CONSUMER STAPLES,COW
CONSUMER STAPLES,CPPF
CONSUMER STAPLES,CRIGA
CONSUMER STAPLES,CSERVICE
CONSUMER STAPLES,CSP
CONSUMER STAPLES,CTACIYA
CONSUMER STAPLES,CTFEED
CONSUMER STAPLES,CTIKA
CONSUMER STAPLES,CTION
CONSUMER STAPLES,CTIONERY
CONSUMER STAPLES,CTIS
CONSUMER STAPLES,CTRA-DON
CONSUMER STAPLES,CTRADE
CONSUMER STAPLES,CUSGROUP
CONSUMER STAPLES,Cantata
CONSUMER STAPLES,Chelpivo
CONSUMER STAPLES,CityGrand
CONSUMER STAPLES,Clark
CONSUMER STAPLES,Cocar
CONSUMER STAPLES,D-21
CONSUMER STAPLES,D-GROUP
CONSUMER STAPLES,D-KURSK
CONSUMER STAPLES,D-LIPETSK
CONSUMER STAPLES,D-NN
CONSUMER STAPLES,D-S
CONSUMER STAPLES,D-SERVIS
CONSUMER STAPLES,D-SPB
CONSUMER STAPLES,D-STUPINO
CONSUMER STAPLES,D-TAMBOV
CONSUMER STAPLES,D-TORG
CONSUMER STAPLES,D-TREID
CONSUMER STAPLES,D-TSENTR
CONSUMER STAPLES,D.KOM
CONSUMER STAPLES,DAGRO
CONSUMER STAPLES,DAKGOMZ
CONSUMER STAPLES,DAL
CONSUMER STAPLES,DAMIANE
CONSUMER STAPLES,DANLECO
CONSUMER STAPLES,DANN
CONSUMER STAPLES,DANSONIYA
CONSUMER STAPLES,DAR
CONSUMER STAPLES,DART
CONSUMER STAPLES,DART-OKA
CONSUMER STAPLES,DAT'
CONSUMER STAPLES,DBEL'SKOE
CONSUMER STAPLES,DBK
CONSUMER STAPLES,DC-FOODS
CONSUMER STAPLES,DDA
CONSUMER STAPLES,DEA
CONSUMER STAPLES,DECO
CONSUMER STAPLES,DEFA
CONSUMER STAPLES,DEI
CONSUMER STAPLES,DEIKA
CONSUMER STAPLES,DEKA
CONSUMER STAPLES,DEKABR
CONSUMER STAPLES,DEL
CONSUMER STAPLES,DEL'FIN
CONSUMER STAPLES,DELFUD
CONSUMER STAPLES,DELIKATES
CONSUMER STAPLES,DELOS
CONSUMER STAPLES,DELTA
CONSUMER STAPLES,DELTRADE
CONSUMER STAPLES,DELTREID
CONSUMER STAPLES,DELTREYD
CONSUMER STAPLES,DELVEYS
CONSUMER STAPLES,DEM
CONSUMER STAPLES,DEMINSKOE
CONSUMER STAPLES,DEMIYA
CONSUMER STAPLES,DENDI
CONSUMER STAPLES,DENIE-1
CONSUMER STAPLES,DEPT
CONSUMER STAPLES,DER
CONSUMER STAPLES,DERATSIYA
CONSUMER STAPLES,DET
CONSUMER STAPLES,DETS
CONSUMER STAPLES,DEVELEY
CONSUMER STAPLES,DEVON
CONSUMER STAPLES,DEXPO
CONSUMER STAPLES,DEYKS.RU
CONSUMER STAPLES,DEYKSPORT
CONSUMER STAPLES,DEZH
CONSUMER STAPLES,DEZHDA
CONSUMER STAPLES,DFARM
CONSUMER STAPLES,DIA-FARM
CONSUMER STAPLES,DIADAR
CONSUMER STAPLES,DIAFARM
CONSUMER STAPLES,DIAN
CONSUMER STAPLES,DIAS
CONSUMER STAPLES,DICO
CONSUMER STAPLES,DIENT
CONSUMER STAPLES,DIENTS
CONSUMER STAPLES,DIGO
CONSUMER STAPLES,DIKA
CONSUMER STAPLES,DILAN
CONSUMER STAPLES,DIMEX
CONSUMER STAPLES,DIMPORT
CONSUMER STAPLES,DINA
CONSUMER STAPLES,DINAMO
CONSUMER STAPLES,DING
CONSUMER STAPLES,DINTORG
CONSUMER STAPLES,DIONIS
CONSUMER STAPLES,DIONIS-1
CONSUMER STAPLES,DIP
CONSUMER STAPLES,DIPHARM
CONSUMER STAPLES,DITSIYA
CONSUMER STAPLES,DIUS
CONSUMER STAPLES,DIVIYA
CONSUMER STAPLES,DIVO
CONSUMER STAPLES,DIZ
CONSUMER STAPLES,DKA
CONSUMER STAPLES,DKBR
CONSUMER STAPLES,DKF
CONSUMER STAPLES,DKHOLDING
CONSUMER STAPLES,DKONSALT
CONSUMER STAPLES,DLF
CONSUMER STAPLES,DM-AGRO
CONSUMER STAPLES,DMASTER
CONSUMER STAPLES,DMF
CONSUMER STAPLES,DMIL
CONSUMER STAPLES,DMIR
CONSUMER STAPLES,DNIK
CONSUMER STAPLES,DNYI
CONSUMER STAPLES,DOBROF
CONSUMER STAPLES,DOFF
CONSUMER STAPLES,DOGA
CONSUMER STAPLES,DOL'E
CONSUMER STAPLES,DOLEI
CONSUMER STAPLES,DOLGOV
CONSUMER STAPLES,DOLINA
CONSUMER STAPLES,DOLNOE
CONSUMER STAPLES,DOM
CONSUMER STAPLES,DOMINANT
CONSUMER STAPLES,DON
CONSUMER STAPLES,DON-AGRO
CONSUMER STAPLES,DONAGRO
CONSUMER STAPLES,DONBAI
CONSUMER STAPLES,DONEZH
CONSUMER STAPLES,DONIS
CONSUMER STAPLES,DONSKAYA
CONSUMER STAPLES,DOPTTORG
CONSUMER STAPLES,DOR
CONSUMER STAPLES,DORF
CONSUMER STAPLES,DORINDA
CONSUMER STAPLES,DORONICHI
CONSUMER STAPLES,DOROZHNIK
CONSUMER STAPLES,DOS
CONSUMER STAPLES,DOVALOV
CONSUMER STAPLES,DOVOL
CONSUMER STAPLES,DOVYI
CONSUMER STAPLES,DPRODUKT
CONSUMER STAPLES,DRAV
CONSUMER STAPLES,DRC
CONSUMER STAPLES,DRIYA
CONSUMER STAPLES,DRO
CONSUMER STAPLES,DRUJESTVO
CONSUMER STAPLES,DRUZHBA
CONSUMER STAPLES,DRUZHESTV
CONSUMER STAPLES,DRY
CONSUMER STAPLES,DRYBA
CONSUMER STAPLES,DS-ALKO
CONSUMER STAPLES,DS-SEVER
CONSUMER STAPLES,DSERVICE
CONSUMER STAPLES,DSERVIS
CONSUMER STAPLES,DSNAB
CONSUMER STAPLES,DSTVO
CONSUMER STAPLES,DTAUN
CONSUMER STAPLES,DTORG
CONSUMER STAPLES,DTRADE
CONSUMER STAPLES,DTREID
CONSUMER STAPLES,DUBRAVA
CONSUMER STAPLES,DUCT
CONSUMER STAPLES,DUGA
CONSUMER STAPLES,DUKT
CONSUMER STAPLES,DUKT-K
CONSUMER STAPLES,DUKT-LAIN
CONSUMER STAPLES,DUKTOV
CONSUMER STAPLES,DUNITSA
CONSUMER STAPLES,DUS
CONSUMER STAPLES,DUSI
CONSUMER STAPLES,DUSTRIES
CONSUMER STAPLES,DUTYBOX
CONSUMER STAPLES,DVA
CONSUMER STAPLES,DVALCHIK
CONSUMER STAPLES,DVANTA
CONSUMER STAPLES,DVINA
CONSUMER STAPLES,DVINSKOE
CONSUMER STAPLES,DVN
CONSUMER STAPLES,DWICH
CONSUMER STAPLES,DYMOV
CONSUMER STAPLES,DYMSPIRT
CONSUMER STAPLES,DYUNITEY
CONSUMER STAPLES,DYURSO
CONSUMER STAPLES,DZHEM
CONSUMER STAPLES,DZHETRIKO
CONSUMER STAPLES,DZHIES
CONSUMER STAPLES,DZHUNIORS
CONSUMER STAPLES,Damate
CONSUMER STAPLES,Denview
CONSUMER STAPLES,Dobroflot
CONSUMER STAPLES,Don
CONSUMER STAPLES,E-1
CONSUMER STAPLES,E-2009
CONSUMER STAPLES,E-97
CONSUMER STAPLES,E-ECO
CONSUMER STAPLES,E-M
CONSUMER STAPLES,E-TREID
CONSUMER STAPLES,E.RU
CONSUMER STAPLES,EADER
CONSUMER STAPLES,EALCAPS
CONSUMER STAPLES,EAN
CONSUMER STAPLES,EAN-FISH
CONSUMER STAPLES,EANECO
CONSUMER STAPLES,EANGRUPP
CONSUMER STAPLES,EASING
CONSUMER STAPLES,EAST-WEST
CONSUMER STAPLES,EASY
CONSUMER STAPLES,EAT
CONSUMER STAPLES,EATREID
CONSUMER STAPLES,EB-ISET
CONSUMER STAPLES,EB-KUBAN'
CONSUMER STAPLES,EBA
CONSUMER STAPLES,EBODAR
CONSUMER STAPLES,EBTORG
CONSUMER STAPLES,EBUG
CONSUMER STAPLES,ECAKE-ECO
CONSUMER STAPLES,ECAKE.RU
CONSUMER STAPLES,ECH
CONSUMER STAPLES,ECHENYA
CONSUMER STAPLES,ECHKA
CONSUMER STAPLES,ECHNICA
CONSUMER STAPLES,ECHYE
CONSUMER STAPLES,ECO
CONSUMER STAPLES,ECO-LAB
CONSUMER STAPLES,ECOMILK
CONSUMER STAPLES,ECOPOLE
CONSUMER STAPLES,ECP
CONSUMER STAPLES,ECT
CONSUMER STAPLES,ECTACIYA
CONSUMER STAPLES,ECTFEED
CONSUMER STAPLES,ECTION
CONSUMER STAPLES,ECTIONERY
CONSUMER STAPLES,ECTRA-DON
CONSUMER STAPLES,ED-GROUP
CONSUMER STAPLES,ED-TORG
CONSUMER STAPLES,EDA
CONSUMER STAPLES,EDDA
CONSUMER STAPLES,EDELVEYS
CONSUMER STAPLES,EDIAFARM
CONSUMER STAPLES,EDICO
CONSUMER STAPLES,EDIENT
CONSUMER STAPLES,EDIENTS
CONSUMER STAPLES,EDIKA
CONSUMER STAPLES,EDING
CONSUMER STAPLES,EDIPHARM
CONSUMER STAPLES,EDMIL
CONSUMER STAPLES,EDO
CONSUMER STAPLES,EDOS
CONSUMER STAPLES,EDOVYI
CONSUMER STAPLES,EDS
CONSUMER STAPLES,EDSERVIS
CONSUMER STAPLES,EDUNITSA
CONSUMER STAPLES,EED
CONSUMER STAPLES,EED-GROUP
CONSUMER STAPLES,EEDING
CONSUMER STAPLES,EEDS
CONSUMER STAPLES,EEN
CONSUMER STAPLES,EET-LINE
CONSUMER STAPLES,EEVO
CONSUMER STAPLES,EEVSKAYA
CONSUMER STAPLES,EEVSKIY
CONSUMER STAPLES,EEVSKOE
CONSUMER STAPLES,EFA
CONSUMER STAPLES,EFFECT
CONSUMER STAPLES,EFKO
CONSUMER STAPLES,EGA
CONSUMER STAPLES,EGA-TRADE
CONSUMER STAPLES,EGA-TREID
CONSUMER STAPLES,EGACOM
CONSUMER STAPLES,EGAMIKS
CONSUMER STAPLES,EGAMIX
CONSUMER STAPLES,EGAPACK
CONSUMER STAPLES,EGAPOLIS
CONSUMER STAPLES,EGASOL'
CONSUMER STAPLES,EGASTROY
CONSUMER STAPLES,EGEN
CONSUMER STAPLES,EGION
CONSUMER STAPLES,EGRET
CONSUMER STAPLES,EHAKS
CONSUMER STAPLES,EHNOTRANS
CONSUMER STAPLES,EID
CONSUMER STAPLES,EIDAGRO
CONSUMER STAPLES,EIDING
CONSUMER STAPLES,EIERSDORF
CONSUMER STAPLES,EIKA
CONSUMER STAPLES,EIKERI
CONSUMER STAPLES,EIL
CONSUMER STAPLES,EILGRUPP
CONSUMER STAPLES,EIN
CONSUMER STAPLES,EINAYA
CONSUMER STAPLES,EINRUS
CONSUMER STAPLES,EINSERVIS
CONSUMER STAPLES,EINYI
CONSUMER STAPLES,EIS-L
CONSUMER STAPLES,EISKII
CONSUMER STAPLES,EIT
CONSUMER STAPLES,EK-GROUP
CONSUMER STAPLES,EKA
CONSUMER STAPLES,EKABR
CONSUMER STAPLES,EKAR
CONSUMER STAPLES,EKATERINA
CONSUMER STAPLES,EKHNOPAK
CONSUMER STAPLES,EKHOD
CONSUMER STAPLES,EKHPROM
CONSUMER STAPLES,EKHTORG
CONSUMER STAPLES,EKO
CONSUMER STAPLES,EKOKHLEB
CONSUMER STAPLES,EKOKORM
CONSUMER STAPLES,EKOMED
CONSUMER STAPLES,EKORD
CONSUMER STAPLES,EKS
CONSUMER STAPLES,EKS-AGRO
CONSUMER STAPLES,EKSPO-N
CONSUMER STAPLES,EKSPORT
CONSUMER STAPLES,EKSPRESS
CONSUMER STAPLES,EKT
CONSUMER STAPLES,EKTIVA
CONSUMER STAPLES,EKTOR
CONSUMER STAPLES,EKTOR-S
CONSUMER STAPLES,EKTR
CONSUMER STAPLES,EKVOIYA
CONSUMER STAPLES,EL'
CONSUMER STAPLES,EL'-KIDS
CONSUMER STAPLES,EL'D-SPB
CONSUMER STAPLES,EL'FIN
CONSUMER STAPLES,EL'NITSA
CONSUMER STAPLES,EL'S
CONSUMER STAPLES,EL'SKOE
CONSUMER STAPLES,EL'VEIS-L
CONSUMER STAPLES,EL-KMV
CONSUMER STAPLES,EL-TORG
CONSUMER STAPLES,ELA
CONSUMER STAPLES,ELAB
CONSUMER STAPLES,ELAYA
CONSUMER STAPLES,ELD
CONSUMER STAPLES,ELD-21
CONSUMER STAPLES,ELECTION
CONSUMER STAPLES,ELENT
CONSUMER STAPLES,ELES
CONSUMER STAPLES,ELETS
CONSUMER STAPLES,ELETSKIY
CONSUMER STAPLES,ELEY
CONSUMER STAPLES,ELF-2000
CONSUMER STAPLES,ELFUD
CONSUMER STAPLES,ELIA
CONSUMER STAPLES,ELIFANT
CONSUMER STAPLES,ELIKATES
CONSUMER STAPLES,ELINA
CONSUMER STAPLES,ELINO
CONSUMER STAPLES,ELIORATOR
CONSUMER STAPLES,ELIOS
CONSUMER STAPLES,ELITGROUP
CONSUMER STAPLES,ELITGRUPP
CONSUMER STAPLES,ELITSA
CONSUMER STAPLES,ELKA
CONSUMER STAPLES,ELKO
CONSUMER STAPLES,ELKOM
CONSUMER STAPLES,ELL
CONSUMER STAPLES,ELLA
CONSUMER STAPLES,ELLI
CONSUMER STAPLES,ELLIGEN
CONSUMER STAPLES,ELLIT
CONSUMER STAPLES,ELMAS-D
CONSUMER STAPLES,ELMASLO
CONSUMER STAPLES,ELMEAT
CONSUMER STAPLES,ELO-TABAK
CONSUMER STAPLES,ELOS
CONSUMER STAPLES,ELPIK
CONSUMER STAPLES,ELSKIY
CONSUMER STAPLES,ELTA
CONSUMER STAPLES,ELTING
CONSUMER STAPLES,ELTRADE
CONSUMER STAPLES,ELTREID
CONSUMER STAPLES,ELTREYD
CONSUMER STAPLES,ELVEL
CONSUMER STAPLES,ELVEYS
CONSUMER STAPLES,ELVO
CONSUMER STAPLES,ELYANKA
CONSUMER STAPLES,ELYY
CONSUMER STAPLES,ELZFARM
CONSUMER STAPLES,EM-K
CONSUMER STAPLES,EMA-KOR
CONSUMER STAPLES,EMAGRO
CONSUMER STAPLES,EME
CONSUMER STAPLES,EMENA
CONSUMER STAPLES,EMER
CONSUMER STAPLES,EMER-AGRO
CONSUMER STAPLES,EMEROVO
CONSUMER STAPLES,EMGRAIN
CONSUMER STAPLES,EMIER
CONSUMER STAPLES,EMIKS
CONSUMER STAPLES,EMINSKOE
CONSUMER STAPLES,EMIYA
CONSUMER STAPLES,EMLIZING
CONSUMER STAPLES,EMLYA
CONSUMER STAPLES,EMNISKATA
CONSUMER STAPLES,EMOVETS
CONSUMER STAPLES,EMSKII
CONSUMER STAPLES,EMTSENTR
CONSUMER STAPLES,EMUSHKA
CONSUMER STAPLES,EMUSHKI
CONSUMER STAPLES,EMY
CONSUMER STAPLES,EMYA
CONSUMER STAPLES,EMZAVOD
CONSUMER STAPLES,ENA
CONSUMER STAPLES,ENAL
CONSUMER STAPLES,ENBURG
CONSUMER STAPLES,END
CONSUMER STAPLES,ENDI
CONSUMER STAPLES,ENDOR
CONSUMER STAPLES,ENETS
CONSUMER STAPLES,ENI
CONSUMER STAPLES,ENIC
CONSUMER STAPLES,ENIE-1
CONSUMER STAPLES,ENINA
CONSUMER STAPLES,ENIR
CONSUMER STAPLES,ENISEI
CONSUMER STAPLES,ENKO
CONSUMER STAPLES,ENNA
CONSUMER STAPLES,ENNAYA
CONSUMER STAPLES,ENOR
CONSUMER STAPLES,ENOVKA
CONSUMER STAPLES,ENSK
CONSUMER STAPLES,ENSKHLEB
CONSUMER STAPLES,ENSKIY
CONSUMER STAPLES,ENSKOE
CONSUMER STAPLES,ENT
CONSUMER STAPLES,ENT-AGRO
CONSUMER STAPLES,ENT-GROUP
CONSUMER STAPLES,ENT-M
CONSUMER STAPLES,ENTA
CONSUMER STAPLES,ENTAL
CONSUMER STAPLES,ENTAL'
CONSUMER STAPLES,ENTER
CONSUMER STAPLES,ENTO-2M
CONSUMER STAPLES,ENTORIUM
CONSUMER STAPLES,ENTR
CONSUMER STAPLES,ENTS
CONSUMER STAPLES,ENTYABR
CONSUMER STAPLES,ENX
CONSUMER STAPLES,ENYA
CONSUMER STAPLES,EO-FARM
CONSUMER STAPLES,EO-TREID
CONSUMER STAPLES,EORA
CONSUMER STAPLES,EOTIDA
CONSUMER STAPLES,EOTRADE
CONSUMER STAPLES,EPIMED
CONSUMER STAPLES,EPOST'
CONSUMER STAPLES,EPOZ
CONSUMER STAPLES,EPOZ-TD
CONSUMER STAPLES,EPROM
CONSUMER STAPLES,EPS
CONSUMER STAPLES,EPT
CONSUMER STAPLES,EPTORG
CONSUMER STAPLES,ER-AGRO
CONSUMER STAPLES,ER-GRUPP
CONSUMER STAPLES,ER-PROD
CONSUMER STAPLES,ER-SKLAD
CONSUMER STAPLES,ER-TREID
CONSUMER STAPLES,ERA
CONSUMER STAPLES,ERABOTKA
CONSUMER STAPLES,ERANT
CONSUMER STAPLES,ERATSIYA
CONSUMER STAPLES,ERAVI
CONSUMER STAPLES,ERBELKO
CONSUMER STAPLES,ERCE
CONSUMER STAPLES,ERDE
CONSUMER STAPLES,ERDEI
CONSUMER STAPLES,ERDZHEM
CONSUMER STAPLES,EREG
CONSUMER STAPLES,EREGA
CONSUMER STAPLES,EREK
CONSUMER STAPLES,EREKHOD
CONSUMER STAPLES,EREMUSHKI
CONSUMER STAPLES,EREST
CONSUMER STAPLES,EREZA
CONSUMER STAPLES,EREZHNAYA
CONSUMER STAPLES,ERFEED
CONSUMER STAPLES,ERFOOD
CONSUMER STAPLES,ERFUD
CONSUMER STAPLES,ERG
CONSUMER STAPLES,ERG-LYUKS
CONSUMER STAPLES,ERGETIC
CONSUMER STAPLES,ERGIYA
CONSUMER STAPLES,ERGLOBUS
CONSUMER STAPLES,ERI
CONSUMER STAPLES,ERIA
CONSUMER STAPLES,ERIAL
CONSUMER STAPLES,ERIDIAN
CONSUMER STAPLES,ERIK
CONSUMER STAPLES,ERIKOND
CONSUMER STAPLES,ERINA
CONSUMER STAPLES,ERIYAYUG
CONSUMER STAPLES,ERKA
CONSUMER STAPLES,ERKAFARM
CONSUMER STAPLES,ERKIZOVO
CONSUMER STAPLES,ERKOL
CONSUMER STAPLES,ERKULES-M
CONSUMER STAPLES,ERKURII
CONSUMER STAPLES,ERLAN
CONSUMER STAPLES,ERLEND
CONSUMER STAPLES,ERLIC
CONSUMER STAPLES,ERLINE
CONSUMER STAPLES,ERMINAL
CONSUMER STAPLES,ERMY
CONSUMER STAPLES,ERNA
CONSUMER STAPLES,ERNAYA
CONSUMER STAPLES,ERNICA
CONSUMER STAPLES,ERNO
CONSUMER STAPLES,ERNOTRADE
CONSUMER STAPLES,ERNOZEME
CONSUMER STAPLES,ERNOZEMY
CONSUMER STAPLES,ERNY
CONSUMER STAPLES,ERNYI
CONSUMER STAPLES,ERO-PRO
CONSUMER STAPLES,EROPT
CONSUMER STAPLES,EROVO
CONSUMER STAPLES,ERPRODUCT
CONSUMER STAPLES,ERRA
CONSUMER STAPLES,ERRATUM
CONSUMER STAPLES,ERRI
CONSUMER STAPLES,ERS
CONSUMER STAPLES,ERSAL
CONSUMER STAPLES,ERSAM
CONSUMER STAPLES,ERSDORF
CONSUMER STAPLES,ERSHINA
CONSUMER STAPLES,ERSIYA
CONSUMER STAPLES,ERTINGA
CONSUMER STAPLES,ERTIO
CONSUMER STAPLES,ERTORG
CONSUMER STAPLES,ERTOW
CONSUMER STAPLES,ERV
CONSUMER STAPLES,ERVICE
CONSUMER STAPLES,ERVIS
CONSUMER STAPLES,ERVIS-YUG
CONSUMER STAPLES,ERVOTSVET
CONSUMER STAPLES,ERVY
CONSUMER STAPLES,ERY
CONSUMER STAPLES,ES-M
CONSUMER STAPLES,ESEI
CONSUMER STAPLES,ESENOVKA
CONSUMER STAPLES,ESENSK
CONSUMER STAPLES,ESH
CONSUMER STAPLES,ESHFRUT
CONSUMER STAPLES,ESKA
CONSUMER STAPLES,ESKAYA
CONSUMER STAPLES,ESKII
CONSUMER STAPLES,ESKIMOS
CONSUMER STAPLES,ESKO
CONSUMER STAPLES,ESNOFF
CONSUMER STAPLES,ESOURCE
CONSUMER STAPLES,ESPUBLIKA
CONSUMER STAPLES,ESS
CONSUMER STAPLES,ESS-KUBAN
CONSUMER STAPLES,ESSERVICE
CONSUMER STAPLES,ESSIONAL
CONSUMER STAPLES,EST
CONSUMER STAPLES,EST-STROY
CONSUMER STAPLES,ESTA-M
CONSUMER STAPLES,ESTAR
CONSUMER STAPLES,ESTFINANS
CONSUMER STAPLES,ESTGARANT
CONSUMER STAPLES,ESTGRUPP
CONSUMER STAPLES,ESTV
CONSUMER STAPLES,ESTVO
CONSUMER STAPLES,ESTYANKA
CONSUMER STAPLES,ESURS
CONSUMER STAPLES,"ESURS"""
CONSUMER STAPLES,ET-KA
CONSUMER STAPLES,ET-LINE
CONSUMER STAPLES,ET-S
CONSUMER STAPLES,ET-SIBIR
CONSUMER STAPLES,ETA
CONSUMER STAPLES,ETA-ZAPAD
CONSUMER STAPLES,ETAIL
CONSUMER STAPLES,ETAKA
CONSUMER STAPLES,ETALON
CONSUMER STAPLES,ETEI
CONSUMER STAPLES,ETEL
CONSUMER STAPLES,ETEL-TORG
CONSUMER STAPLES,ETELINO
CONSUMER STAPLES,ETELITSA
CONSUMER STAPLES,ETFOOD
CONSUMER STAPLES,ETFS
CONSUMER STAPLES,ETIC
CONSUMER STAPLES,ETIDA
CONSUMER STAPLES,ETIK
CONSUMER STAPLES,ETIK-RUS
CONSUMER STAPLES,ETIKS
CONSUMER STAPLES,ETING
CONSUMER STAPLES,ETO
CONSUMER STAPLES,ETO-K
CONSUMER STAPLES,ETORG
CONSUMER STAPLES,ETR
CONSUMER STAPLES,ETRIKO
CONSUMER STAPLES,ETROGROUP
CONSUMER STAPLES,ETROPOLIS
CONSUMER STAPLES,ETS
CONSUMER STAPLES,ETSK
CONSUMER STAPLES,ETSKHLEB
CONSUMER STAPLES,ETSKIY
CONSUMER STAPLES,ETSKOE
CONSUMER STAPLES,ETSNAB
CONSUMER STAPLES,ETSSNAB
CONSUMER STAPLES,ETT
CONSUMER STAPLES,ETTA
CONSUMER STAPLES,ETTA-6
CONSUMER STAPLES,EURASIA
CONSUMER STAPLES,EURINSKOE
CONSUMER STAPLES,EV-KP
CONSUMER STAPLES,EVA-OPT
CONSUMER STAPLES,EVALINE
CONSUMER STAPLES,EVATSKI
CONSUMER STAPLES,EVELEY
CONSUMER STAPLES,EVENSKOE
CONSUMER STAPLES,EVENX
CONSUMER STAPLES,EVER
CONSUMER STAPLES,EVERIKOND
CONSUMER STAPLES,EVERNAYA
CONSUMER STAPLES,EVERNYI
CONSUMER STAPLES,EVO
CONSUMER STAPLES,EVOCOM
CONSUMER STAPLES,EVON
CONSUMER STAPLES,EVROPROM
CONSUMER STAPLES,EVROSMART
CONSUMER STAPLES,EVSAKHAR
CONSUMER STAPLES,EVSKAYA
CONSUMER STAPLES,EVSKIE
CONSUMER STAPLES,EVSKIY
CONSUMER STAPLES,EVSKOE
CONSUMER STAPLES,EVSKOI
CONSUMER STAPLES,EXOIL
CONSUMER STAPLES,EXPO
CONSUMER STAPLES,EXPORT
CONSUMER STAPLES,"EY,"
CONSUMER STAPLES,EY-INVEST
CONSUMER STAPLES,EYD
CONSUMER STAPLES,EYDON
CONSUMER STAPLES,EYID
CONSUMER STAPLES,EYIN
CONSUMER STAPLES,EYINKOR
CONSUMER STAPLES,EYITKOMP
CONSUMER STAPLES,EYK
CONSUMER STAPLES,EYKO
CONSUMER STAPLES,EYKO-YUG
CONSUMER STAPLES,EYKS.RU
CONSUMER STAPLES,EYKSIMILK
CONSUMER STAPLES,EYKSPORT
CONSUMER STAPLES,EYKSPRESS
CONSUMER STAPLES,EYLBI
CONSUMER STAPLES,EYLS
CONSUMER STAPLES,EYMA
CONSUMER STAPLES,EYND
CONSUMER STAPLES,EYNERGIYA
CONSUMER STAPLES,EYOR
CONSUMER STAPLES,EYRKAFARM
CONSUMER STAPLES,EYRO
CONSUMER STAPLES,EYRRA
CONSUMER STAPLES,EYRTIL'
CONSUMER STAPLES,EYS
CONSUMER STAPLES,EYVEREST
CONSUMER STAPLES,EYZ
CONSUMER STAPLES,EZA
CONSUMER STAPLES,EZDA
CONSUMER STAPLES,EZERV
CONSUMER STAPLES,EZH
CONSUMER STAPLES,EZHDA
CONSUMER STAPLES,EZHEVSKOI
CONSUMER STAPLES,EZHINKA
CONSUMER STAPLES,EZHNAYA
CONSUMER STAPLES,EZONANS
CONSUMER STAPLES,East
CONSUMER STAPLES,East-West
CONSUMER STAPLES,Element
CONSUMER STAPLES,Elevator
CONSUMER STAPLES,Erkapharm
CONSUMER STAPLES,F-2000
CONSUMER STAPLES,F-DON
CONSUMER STAPLES,F.S..SPB
CONSUMER STAPLES,FA-6
CONSUMER STAPLES,FA-PLYUS
CONSUMER STAPLES,FABERLIC
CONSUMER STAPLES,FAER
CONSUMER STAPLES,FANT
CONSUMER STAPLES,FAPRIM
CONSUMER STAPLES,FARM
CONSUMER STAPLES,FARMALEK
CONSUMER STAPLES,FARMIYA
CONSUMER STAPLES,FARMLEND
CONSUMER STAPLES,FAVORIT
CONSUMER STAPLES,FCOSMETIC
CONSUMER STAPLES,FECT
CONSUMER STAPLES,FEED
CONSUMER STAPLES,FER
CONSUMER STAPLES,FERA
CONSUMER STAPLES,FERMY
CONSUMER STAPLES,FESSIONAL
CONSUMER STAPLES,FEY
CONSUMER STAPLES,FF-DON
CONSUMER STAPLES,FFECT
CONSUMER STAPLES,FFRON
CONSUMER STAPLES,FI-TREID
CONSUMER STAPLES,FID
CONSUMER STAPLES,FIELD
CONSUMER STAPLES,FIN
CONSUMER STAPLES,FINA
CONSUMER STAPLES,FINAGRO
CONSUMER STAPLES,FINANCE
CONSUMER STAPLES,FINANS
CONSUMER STAPLES,FINGREIN
CONSUMER STAPLES,FIOLINA
CONSUMER STAPLES,FIR
CONSUMER STAPLES,FIRM
CONSUMER STAPLES,FIRMA
CONSUMER STAPLES,FISH
CONSUMER STAPLES,FISHKOM
CONSUMER STAPLES,FITO-BALT
CONSUMER STAPLES,FKO
CONSUMER STAPLES,FLOT
CONSUMER STAPLES,FOKSTROT
CONSUMER STAPLES,FONIYA
CONSUMER STAPLES,FOOD
CONSUMER STAPLES,FOODS
CONSUMER STAPLES,FOODTRADE
CONSUMER STAPLES,FORGREIT
CONSUMER STAPLES,FORMAT
CONSUMER STAPLES,FORPOST
CONSUMER STAPLES,FORT
CONSUMER STAPLES,FORTUNA
CONSUMER STAPLES,FORTWINE
CONSUMER STAPLES,FORUM
CONSUMER STAPLES,FORVARD
CONSUMER STAPLES,FPI-TREID
CONSUMER STAPLES,FRAGARIYA
CONSUMER STAPLES,FRAM
CONSUMER STAPLES,FRESHFRUT
CONSUMER STAPLES,FRON
CONSUMER STAPLES,FROST
CONSUMER STAPLES,FRUT
CONSUMER STAPLES,FRUTLAIN
CONSUMER STAPLES,FRUTON
CONSUMER STAPLES,FSERVIS
CONSUMER STAPLES,FUD
CONSUMER STAPLES,FUD-TREID
CONSUMER STAPLES,FUD.KOM
CONSUMER STAPLES,FUDIMPORT
CONSUMER STAPLES,FUDMASTER
CONSUMER STAPLES,FUDS
CONSUMER STAPLES,FUDTAUN
CONSUMER STAPLES,FYUM
CONSUMER STAPLES,Faberon
CONSUMER STAPLES,Finance
CONSUMER STAPLES,First
CONSUMER STAPLES,Fish
CONSUMER STAPLES,Fontan
CONSUMER STAPLES,FoodLab
CONSUMER STAPLES,Foodland
CONSUMER STAPLES,Formacia
CONSUMER STAPLES,Formula
CONSUMER STAPLES,Fresh
CONSUMER STAPLES,Fruit
CONSUMER STAPLES,Fyffes
CONSUMER STAPLES,G-LYUKS
CONSUMER STAPLES,G-PLUS
CONSUMER STAPLES,G-SERVICE
CONSUMER STAPLES,G-SIBIR
CONSUMER STAPLES,G-TRADE
CONSUMER STAPLES,GA-TRADE
CONSUMER STAPLES,GA-TREID
CONSUMER STAPLES,GACOM
CONSUMER STAPLES,GAGROHIM
CONSUMER STAPLES,GAKTIV
CONSUMER STAPLES,GALACTIKA
CONSUMER STAPLES,GALAKTIKA
CONSUMER STAPLES,GALINSKOE
CONSUMER STAPLES,GALION
CONSUMER STAPLES,GAMA
CONSUMER STAPLES,GAMIKS
CONSUMER STAPLES,GAMIX
CONSUMER STAPLES,GAMMA-7
CONSUMER STAPLES,GAMMI
CONSUMER STAPLES,GANROG
CONSUMER STAPLES,GANSEMENA
CONSUMER STAPLES,GAP
CONSUMER STAPLES,GAPACK
CONSUMER STAPLES,GAPOLIS
CONSUMER STAPLES,GAR
CONSUMER STAPLES,GARANT
CONSUMER STAPLES,GARD
CONSUMER STAPLES,GARIYA
CONSUMER STAPLES,GARMONIYA
CONSUMER STAPLES,GARON
CONSUMER STAPLES,GASOL'
CONSUMER STAPLES,GASTRONOM
CONSUMER STAPLES,GASTROY
CONSUMER STAPLES,GAT
CONSUMER STAPLES,GATREID
CONSUMER STAPLES,GEBA
CONSUMER STAPLES,GELA
CONSUMER STAPLES,GELIOS
CONSUMER STAPLES,GEN
CONSUMER STAPLES,GERRATUM
CONSUMER STAPLES,GETIC
CONSUMER STAPLES,GFC
CONSUMER STAPLES,GGSELENT
CONSUMER STAPLES,GI-FISH
CONSUMER STAPLES,GIENIC
CONSUMER STAPLES,GIFT
CONSUMER STAPLES,GII
CONSUMER STAPLES,GIKA
CONSUMER STAPLES,GILL
CONSUMER STAPLES,GINSKOE
CONSUMER STAPLES,GION
CONSUMER STAPLES,GIREI
CONSUMER STAPLES,GISTIC
CONSUMER STAPLES,GISTICS
CONSUMER STAPLES,GISTIK
CONSUMER STAPLES,GISTIKA
CONSUMER STAPLES,GIYA
CONSUMER STAPLES,GKOM
CONSUMER STAPLES,GKZ
CONSUMER STAPLES,GLASIE
CONSUMER STAPLES,GLAVHOLOD
CONSUMER STAPLES,GLINE
CONSUMER STAPLES,GLOBAL
CONSUMER STAPLES,GLOBALCOS
CONSUMER STAPLES,GLOBUS
CONSUMER STAPLES,GMA
CONSUMER STAPLES,GMAFARM
CONSUMER STAPLES,GMZ
CONSUMER STAPLES,GNIT
CONSUMER STAPLES,GO-T
CONSUMER STAPLES,GO-TREID
CONSUMER STAPLES,GOBIS
CONSUMER STAPLES,GODA
CONSUMER STAPLES,GODAT'
CONSUMER STAPLES,GODONAGRO
CONSUMER STAPLES,GODOVALOV
CONSUMER STAPLES,GOK
CONSUMER STAPLES,GOLEASING
CONSUMER STAPLES,GOMZ
CONSUMER STAPLES,GON
CONSUMER STAPLES,GORIZONT
CONSUMER STAPLES,GOROD
CONSUMER STAPLES,GORODNYI
CONSUMER STAPLES,GORODRYBA
CONSUMER STAPLES,GORSKAYA
CONSUMER STAPLES,GORSKOE
CONSUMER STAPLES,GORSOLOD
CONSUMER STAPLES,GORZDRAV
CONSUMER STAPLES,GOT
CONSUMER STAPLES,GOV
CONSUMER STAPLES,GOVAYA
CONSUMER STAPLES,GOVSKOE
CONSUMER STAPLES,GOZINSKOE
CONSUMER STAPLES,GPIVO
CONSUMER STAPLES,GPK
CONSUMER STAPLES,GPRED
CONSUMER STAPLES,GPlus
CONSUMER STAPLES,GRAD
CONSUMER STAPLES,GRADIENT
CONSUMER STAPLES,GRADUS
CONSUMER STAPLES,GRADUSI
CONSUMER STAPLES,GRAIN
CONSUMER STAPLES,GRAINLINE
CONSUMER STAPLES,GRAND
CONSUMER STAPLES,GRAND-NN
CONSUMER STAPLES,GRAND-S
CONSUMER STAPLES,GRANDE
CONSUMER STAPLES,GRANDFARM
CONSUMER STAPLES,GRANIT
CONSUMER STAPLES,GRANKORM
CONSUMER STAPLES,GRASIANO
CONSUMER STAPLES,GRASS
CONSUMER STAPLES,GREDICO
CONSUMER STAPLES,GREDIENT
CONSUMER STAPLES,GREDIENTS
CONSUMER STAPLES,GREEN
CONSUMER STAPLES,GREIN
CONSUMER STAPLES,GREINRUS
CONSUMER STAPLES,GREIT
CONSUMER STAPLES,GREN
CONSUMER STAPLES,GRESS
CONSUMER STAPLES,GRET
CONSUMER STAPLES,GREYIN
CONSUMER STAPLES,GREYINKOR
CONSUMER STAPLES,GRIKA
CONSUMER STAPLES,GRINBERRI
CONSUMER STAPLES,GRINKOF
CONSUMER STAPLES,GRINTEK
CONSUMER STAPLES,GRIS
CONSUMER STAPLES,GRITEK
CONSUMER STAPLES,GRO
CONSUMER STAPLES,GRO-2010
CONSUMER STAPLES,GRO-AVTO
CONSUMER STAPLES,GRO-KUBAN
CONSUMER STAPLES,GRO-N
CONSUMER STAPLES,GRO-PLYUS
CONSUMER STAPLES,GRO-ROST
CONSUMER STAPLES,GRO-TORG
CONSUMER STAPLES,GROALYANS
CONSUMER STAPLES,GROASPECT
CONSUMER STAPLES,GROBALT
CONSUMER STAPLES,GROBAR
CONSUMER STAPLES,GROBEL
CONSUMER STAPLES,GROCOM
CONSUMER STAPLES,GRODOM
CONSUMER STAPLES,GROFINANS
CONSUMER STAPLES,GROFIRM
CONSUMER STAPLES,GROFIRMA
CONSUMER STAPLES,GROHIM
CONSUMER STAPLES,GROIMPEX
CONSUMER STAPLES,GROIMPORT
CONSUMER STAPLES,GROINVEST
CONSUMER STAPLES,GROKAM
CONSUMER STAPLES,GROKLUB
CONSUMER STAPLES,GROLEN
CONSUMER STAPLES,GROMIR
CONSUMER STAPLES,GRONOMIKA
CONSUMER STAPLES,GROPAK
CONSUMER STAPLES,GROPRIME
CONSUMER STAPLES,GROPRO
CONSUMER STAPLES,GROPROM
CONSUMER STAPLES,GROS
CONSUMER STAPLES,GROSERVIS
CONSUMER STAPLES,GROSIBIR
CONSUMER STAPLES,GROSOYUZ
CONSUMER STAPLES,GROTRADE
CONSUMER STAPLES,GROTRANS
CONSUMER STAPLES,GROUP
CONSUMER STAPLES,GROVENT-M
CONSUMER STAPLES,GROZAPAD
CONSUMER STAPLES,GRUPP
CONSUMER STAPLES,GRY
CONSUMER STAPLES,GSELENT
CONSUMER STAPLES,GSERVICE
CONSUMER STAPLES,GTECHNICA
CONSUMER STAPLES,GULLIVER
CONSUMER STAPLES,GURMAN
CONSUMER STAPLES,GURSKIY
CONSUMER STAPLES,GUS
CONSUMER STAPLES,GUST
CONSUMER STAPLES,GUTSKOE
CONSUMER STAPLES,Gard
CONSUMER STAPLES,Gard-Orel
CONSUMER STAPLES,Grain
CONSUMER STAPLES,Grand
CONSUMER STAPLES,Group
CONSUMER STAPLES,H-group
CONSUMER STAPLES,HAFT
CONSUMER STAPLES,HAI
CONSUMER STAPLES,HAKO
CONSUMER STAPLES,HAKOVO
CONSUMER STAPLES,HAKS
CONSUMER STAPLES,HAMMER
CONSUMER STAPLES,HAMSA
CONSUMER STAPLES,HANKHAI
CONSUMER STAPLES,HANSKAYA
CONSUMER STAPLES,HANSKOE
CONSUMER STAPLES,HAR
CONSUMER STAPLES,HARAR
CONSUMER STAPLES,HARM
CONSUMER STAPLES,HARMA
CONSUMER STAPLES,HARMACIA
CONSUMER STAPLES,HARPROM
CONSUMER STAPLES,HASTIE
CONSUMER STAPLES,HATKA
CONSUMER STAPLES,HATTL
CONSUMER STAPLES,HATTL-I
CONSUMER STAPLES,HBA
CONSUMER STAPLES,HBA-NIVA
CONSUMER STAPLES,HCHEPROM
CONSUMER STAPLES,HDA
CONSUMER STAPLES,HDENIE-1
CONSUMER STAPLES,HED
CONSUMER STAPLES,HEEVSKIY
CONSUMER STAPLES,HEL'
CONSUMER STAPLES,HEL-KMV
CONSUMER STAPLES,HELF-2000
CONSUMER STAPLES,HELZFARM
CONSUMER STAPLES,HEM
CONSUMER STAPLES,HEMLIZING
CONSUMER STAPLES,HENSKIY
CONSUMER STAPLES,HENYA
CONSUMER STAPLES,HEPROM
CONSUMER STAPLES,HERKIZOVO
CONSUMER STAPLES,HERNOZEME
CONSUMER STAPLES,HERNOZEMY
CONSUMER STAPLES,HESKAYA
CONSUMER STAPLES,HESKII
CONSUMER STAPLES,HESTV
CONSUMER STAPLES,HETRIKO
CONSUMER STAPLES,HETS
CONSUMER STAPLES,HEV
CONSUMER STAPLES,HEVATSKI
CONSUMER STAPLES,HEVO
CONSUMER STAPLES,HEVSKOI
CONSUMER STAPLES,HFRUT
CONSUMER STAPLES,HGMZ
CONSUMER STAPLES,HI-RUS
CONSUMER STAPLES,HIES
CONSUMER STAPLES,HIK
CONSUMER STAPLES,HIKAGO
CONSUMER STAPLES,HIM
CONSUMER STAPLES,HIMIYA
CONSUMER STAPLES,HIMOST
CONSUMER STAPLES,HIMSKII
CONSUMER STAPLES,HIMTORG
CONSUMER STAPLES,HINA
CONSUMER STAPLES,HINKA
CONSUMER STAPLES,HINKA.RU
CONSUMER STAPLES,HINSKAYA
CONSUMER STAPLES,HINSKII
CONSUMER STAPLES,HITE
CONSUMER STAPLES,HITNITSA
CONSUMER STAPLES,HITO
CONSUMER STAPLES,HIY
CONSUMER STAPLES,HKA
CONSUMER STAPLES,HKI
CONSUMER STAPLES,HKINO
CONSUMER STAPLES,HKO
CONSUMER STAPLES,HKOM
CONSUMER STAPLES,HLEB
CONSUMER STAPLES,HLEB-ISET
CONSUMER STAPLES,HLEBODAR
CONSUMER STAPLES,HLEBTORG
CONSUMER STAPLES,HLENNAYA
CONSUMER STAPLES,HLINSKII
CONSUMER STAPLES,HLINSKIY
CONSUMER STAPLES,HMINSKOE
CONSUMER STAPLES,HMK
CONSUMER STAPLES,HNAYA
CONSUMER STAPLES,HNICA
CONSUMER STAPLES,HNIK
CONSUMER STAPLES,"HNOARSK"""
CONSUMER STAPLES,HNOLOGII
CONSUMER STAPLES,HNOLOGIYA
CONSUMER STAPLES,HNOPAK
CONSUMER STAPLES,HNOTRANS
CONSUMER STAPLES,HNYA
CONSUMER STAPLES,HNYI
CONSUMER STAPLES,HOD
CONSUMER STAPLES,HOKOLAD
CONSUMER STAPLES,HOL
CONSUMER STAPLES,HOLDING
CONSUMER STAPLES,HOLOD
CONSUMER STAPLES,HOUP
CONSUMER STAPLES,HOVSKAYA
CONSUMER STAPLES,HOVSKOE
CONSUMER STAPLES,HOZYAIN
CONSUMER STAPLES,HPROD
CONSUMER STAPLES,HPROM
CONSUMER STAPLES,HPS
CONSUMER STAPLES,HSKAYA
CONSUMER STAPLES,HSKII
CONSUMER STAPLES,HSPIRT
CONSUMER STAPLES,HTARSKOE
CONSUMER STAPLES,HTORG
CONSUMER STAPLES,HTURVAL
CONSUMER STAPLES,HUMSKAYA
CONSUMER STAPLES,HUNIORS
CONSUMER STAPLES,HUTOROK
CONSUMER STAPLES,HVZ
CONSUMER STAPLES,HYE
CONSUMER STAPLES,HYGIENIC
CONSUMER STAPLES,Hilleshog
CONSUMER STAPLES,I-2
CONSUMER STAPLES,I-Ariant
CONSUMER STAPLES,I-FISH
CONSUMER STAPLES,I-RUS
CONSUMER STAPLES,I-SEYLS
CONSUMER STAPLES,I-SIB
CONSUMER STAPLES,I-SIBIR
CONSUMER STAPLES,I-TREID
CONSUMER STAPLES,I.T.M.S.
CONSUMER STAPLES,IA-BALTIA
CONSUMER STAPLES,IA-FARM
CONSUMER STAPLES,IA-RA
CONSUMER STAPLES,IADAR
CONSUMER STAPLES,IAFARM
CONSUMER STAPLES,IAL
CONSUMER STAPLES,IAN
CONSUMER STAPLES,IANE
CONSUMER STAPLES,IANO
CONSUMER STAPLES,IANT
CONSUMER STAPLES,IANTA
CONSUMER STAPLES,IAS
CONSUMER STAPLES,IATIVA
CONSUMER STAPLES,IB-TREID
CONSUMER STAPLES,IBARUS
CONSUMER STAPLES,IBBARS
CONSUMER STAPLES,IBICALL
CONSUMER STAPLES,IBIEYS
CONSUMER STAPLES,IBIR
CONSUMER STAPLES,IBIRI
CONSUMER STAPLES,IBIRSK
CONSUMER STAPLES,IBIRSKOE
CONSUMER STAPLES,IBIRYAK
CONSUMER STAPLES,IBKHLEB
CONSUMER STAPLES,IBKHOLOD
CONSUMER STAPLES,IBOI
CONSUMER STAPLES,IBOIL
CONSUMER STAPLES,IBTEHAKS
CONSUMER STAPLES,IBUSINESS
CONSUMER STAPLES,ICA
CONSUMER STAPLES,ICALL
CONSUMER STAPLES,ICE
CONSUMER STAPLES,ICETORG
CONSUMER STAPLES,ICH
CONSUMER STAPLES,ICHA
CONSUMER STAPLES,ICHI
CONSUMER STAPLES,ICHI-RUS
CONSUMER STAPLES,ICK
CONSUMER STAPLES,ICKNICK
CONSUMER STAPLES,ICO
CONSUMER STAPLES,ICORK
CONSUMER STAPLES,ICOSMETIC
CONSUMER STAPLES,ICS
CONSUMER STAPLES,ICSERVICE
CONSUMER STAPLES,ICTRADE
CONSUMER STAPLES,IDA
CONSUMER STAPLES,IDAGRO
CONSUMER STAPLES,IDEA
CONSUMER STAPLES,IDECO
CONSUMER STAPLES,IDER
CONSUMER STAPLES,IDIAN
CONSUMER STAPLES,IDIGO
CONSUMER STAPLES,IDING
CONSUMER STAPLES,IDKONSALT
CONSUMER STAPLES,IDS
CONSUMER STAPLES,IDYUNITEY
CONSUMER STAPLES,IE-1
CONSUMER STAPLES,IE-M
CONSUMER STAPLES,IEL
CONSUMER STAPLES,IELD
CONSUMER STAPLES,IEN
CONSUMER STAPLES,IENIC
CONSUMER STAPLES,IENT
CONSUMER STAPLES,IENTS
CONSUMER STAPLES,IER
CONSUMER STAPLES,IERSDORF
CONSUMER STAPLES,IES
CONSUMER STAPLES,IEYS
CONSUMER STAPLES,IFANT
CONSUMER STAPLES,IFROST
CONSUMER STAPLES,IFT
CONSUMER STAPLES,IFUDS
CONSUMER STAPLES,IGA
CONSUMER STAPLES,IGEN
CONSUMER STAPLES,IGINSKOE
CONSUMER STAPLES,IGMA
CONSUMER STAPLES,IGO
CONSUMER STAPLES,IGON
CONSUMER STAPLES,IGORODNYI
CONSUMER STAPLES,IGORSKOE
CONSUMER STAPLES,IGREYIN
CONSUMER STAPLES,IISK
CONSUMER STAPLES,IK-INVEST
CONSUMER STAPLES,IK-RUS
CONSUMER STAPLES,IKA
CONSUMER STAPLES,IKAGO
CONSUMER STAPLES,IKAL
CONSUMER STAPLES,IKAM
CONSUMER STAPLES,IKATES
CONSUMER STAPLES,IKERI
CONSUMER STAPLES,IKGRUPP
CONSUMER STAPLES,IKHOLOD
CONSUMER STAPLES,IKI
CONSUMER STAPLES,IKO
CONSUMER STAPLES,IKON
CONSUMER STAPLES,IKOND
CONSUMER STAPLES,IKOR
CONSUMER STAPLES,IKOTRANS
CONSUMER STAPLES,IKOV
CONSUMER STAPLES,IKPROM
CONSUMER STAPLES,IKS
CONSUMER STAPLES,IKS-S
CONSUMER STAPLES,IKTORIYA
CONSUMER STAPLES,IL'
CONSUMER STAPLES,IL'ICHA
CONSUMER STAPLES,IL-M
CONSUMER STAPLES,ILA
CONSUMER STAPLES,ILAN
CONSUMER STAPLES,ILEINAYA
CONSUMER STAPLES,ILEINYI
CONSUMER STAPLES,ILER
CONSUMER STAPLES,ILFOODS
CONSUMER STAPLES,ILGRUPP
CONSUMER STAPLES,ILICHA
CONSUMER STAPLES,ILIEN
CONSUMER STAPLES,ILIYA
CONSUMER STAPLES,ILK
CONSUMER STAPLES,ILKLINE
CONSUMER STAPLES,ILKOM
CONSUMER STAPLES,ILL
CONSUMER STAPLES,ILL-DANN
CONSUMER STAPLES,ILORADA
CONSUMER STAPLES,ILSKIY
CONSUMER STAPLES,IMA
CONSUMER STAPLES,IMAGREN
CONSUMER STAPLES,IMAK
CONSUMER STAPLES,IMAL
CONSUMER STAPLES,IMAL'YANS
CONSUMER STAPLES,IMAN-AGRO
CONSUMER STAPLES,IMANSKOE
CONSUMER STAPLES,IME
CONSUMER STAPLES,IMED
CONSUMER STAPLES,IMEKS
CONSUMER STAPLES,IMENI
CONSUMER STAPLES,IMER
CONSUMER STAPLES,IMEX
CONSUMER STAPLES,IMFONIYA
CONSUMER STAPLES,IMI
CONSUMER STAPLES,IMI-SIBIR
CONSUMER STAPLES,IMILK
CONSUMER STAPLES,IMIR
CONSUMER STAPLES,IMIYA
CONSUMER STAPLES,IMKORM
CONSUMER STAPLES,IMOLZAVOD
CONSUMER STAPLES,IMOS
CONSUMER STAPLES,IMOSHA
CONSUMER STAPLES,IMOST
CONSUMER STAPLES,IMOVNIKI
CONSUMER STAPLES,IMPEKS
CONSUMER STAPLES,IMPERIAL
CONSUMER STAPLES,IMPEX
CONSUMER STAPLES,IMPLE
CONSUMER STAPLES,IMPORT
CONSUMER STAPLES,IMPUL'S
CONSUMER STAPLES,IMPULS
CONSUMER STAPLES,IMPULSPRO
CONSUMER STAPLES,IMSKII
CONSUMER STAPLES,IMTEX
CONSUMER STAPLES,IMTORG
CONSUMER STAPLES,IMUL
CONSUMER STAPLES,IMUM
CONSUMER STAPLES,IN-EXPORT
CONSUMER STAPLES,INA
CONSUMER STAPLES,INA-2000
CONSUMER STAPLES,INAGRO
CONSUMER STAPLES,INAKO
CONSUMER STAPLES,INAL
CONSUMER STAPLES,INAMO
CONSUMER STAPLES,INANCE
CONSUMER STAPLES,INANS
CONSUMER STAPLES,INANT
CONSUMER STAPLES,INAT
CONSUMER STAPLES,INAYA
CONSUMER STAPLES,INBERRI
CONSUMER STAPLES,INDA
CONSUMER STAPLES,INDEIKA
CONSUMER STAPLES,INE
CONSUMER STAPLES,INEGRET
CONSUMER STAPLES,INELAB
CONSUMER STAPLES,INENSKOE
CONSUMER STAPLES,INENTAL
CONSUMER STAPLES,INES
CONSUMER STAPLES,INESS
CONSUMER STAPLES,INEY
CONSUMER STAPLES,INFAPRIM
CONSUMER STAPLES,INFORUM
CONSUMER STAPLES,ING
CONSUMER STAPLES,ING-TRADE
CONSUMER STAPLES,INGA
CONSUMER STAPLES,INGLINE
CONSUMER STAPLES,INGOT
CONSUMER STAPLES,INGRAD
CONSUMER STAPLES,INGREDICO
CONSUMER STAPLES,INGREIN
CONSUMER STAPLES,INIMPEX
CONSUMER STAPLES,ININGRAD
CONSUMER STAPLES,ININSKOE
CONSUMER STAPLES,ININVEST
CONSUMER STAPLES,INITI
CONSUMER STAPLES,INIYA
CONSUMER STAPLES,INKA
CONSUMER STAPLES,INKA.RU
CONSUMER STAPLES,INKO
CONSUMER STAPLES,INKOF
CONSUMER STAPLES,INKOR
CONSUMER STAPLES,INKOTEK
CONSUMER STAPLES,INLINE
CONSUMER STAPLES,INNOVATOR
CONSUMER STAPLES,INNOVSKIY
CONSUMER STAPLES,INO
CONSUMER STAPLES,INOVSKAYA
CONSUMER STAPLES,INRUS
CONSUMER STAPLES,INSERVIS
CONSUMER STAPLES,INSK
CONSUMER STAPLES,INSKAYA
CONSUMER STAPLES,"INSKAYA,"
CONSUMER STAPLES,INSKII
CONSUMER STAPLES,INSKIY
CONSUMER STAPLES,INSKOE
CONSUMER STAPLES,INT
CONSUMER STAPLES,INTAZH
CONSUMER STAPLES,INTEK
CONSUMER STAPLES,INTEL
CONSUMER STAPLES,INTERFEED
CONSUMER STAPLES,INTERFOOD
CONSUMER STAPLES,INTERFUD
CONSUMER STAPLES,INTERLEND
CONSUMER STAPLES,INTERLINE
CONSUMER STAPLES,INTEROPT
CONSUMER STAPLES,INTERTORG
CONSUMER STAPLES,INTORG
CONSUMER STAPLES,INTRADE
CONSUMER STAPLES,INUSINSK
CONSUMER STAPLES,INVEST
CONSUMER STAPLES,INYI
CONSUMER STAPLES,IO-AGRO
CONSUMER STAPLES,IOCOL
CONSUMER STAPLES,IOIL
CONSUMER STAPLES,IOLA
CONSUMER STAPLES,IOLET
CONSUMER STAPLES,IOLINA
CONSUMER STAPLES,ION
CONSUMER STAPLES,ION-2002
CONSUMER STAPLES,IONAL
CONSUMER STAPLES,IONER
CONSUMER STAPLES,IONERY
CONSUMER STAPLES,IONI
CONSUMER STAPLES,IONIS
CONSUMER STAPLES,IONIS-1
CONSUMER STAPLES,IONTA
CONSUMER STAPLES,IOPRODUKT
CONSUMER STAPLES,IORATOR
CONSUMER STAPLES,IORITET
CONSUMER STAPLES,IORS
CONSUMER STAPLES,IOS
CONSUMER STAPLES,IOSKOLE
CONSUMER STAPLES,IOVERDE
CONSUMER STAPLES,IPECHKA
CONSUMER STAPLES,IPER
CONSUMER STAPLES,IPETSK
CONSUMER STAPLES,IPHARM
CONSUMER STAPLES,IPHARMA
CONSUMER STAPLES,IPRO
CONSUMER STAPLES,IPSO
CONSUMER STAPLES,IPTON
CONSUMER STAPLES,IPUNOVSKI
CONSUMER STAPLES,IRATORG
CONSUMER STAPLES,IRAZH
CONSUMER STAPLES,IREI
CONSUMER STAPLES,IRI
CONSUMER STAPLES,IRII
CONSUMER STAPLES,IRINT
CONSUMER STAPLES,IRITAL
CONSUMER STAPLES,IRIUS
CONSUMER STAPLES,IRM
CONSUMER STAPLES,IRMA
CONSUMER STAPLES,IRMEN
CONSUMER STAPLES,IROS
CONSUMER STAPLES,IROVSKII
CONSUMER STAPLES,IRS
CONSUMER STAPLES,IRSK
CONSUMER STAPLES,IRSKOE
CONSUMER STAPLES,IRT
CONSUMER STAPLES,IRTPROM
CONSUMER STAPLES,IRTUM
CONSUMER STAPLES,IRTYSH
CONSUMER STAPLES,IRYAK
CONSUMER STAPLES,IRYUZA
CONSUMER STAPLES,IS-1
CONSUMER STAPLES,IS-L
CONSUMER STAPLES,IS-TREID
CONSUMER STAPLES,IS-YUG
CONSUMER STAPLES,ISA
CONSUMER STAPLES,ISANT
CONSUMER STAPLES,ISANT-OPT
CONSUMER STAPLES,ISBERG
CONSUMER STAPLES,ISCHEPROM
CONSUMER STAPLES,ISEI
CONSUMER STAPLES,ISET
CONSUMER STAPLES,ISFER
CONSUMER STAPLES,ISH
CONSUMER STAPLES,ISHA
CONSUMER STAPLES,ISHAFT
CONSUMER STAPLES,ISHIMSKII
CONSUMER STAPLES,ISHKOM
CONSUMER STAPLES,ISK
CONSUMER STAPLES,ISKATA
CONSUMER STAPLES,ISKAUNTER
CONSUMER STAPLES,ISKII
CONSUMER STAPLES,ISKVIT
CONSUMER STAPLES,ISMA
CONSUMER STAPLES,ISOVAYA
CONSUMER STAPLES,ISP
CONSUMER STAPLES,IST
CONSUMER STAPLES,ISTALL
CONSUMER STAPLES,ISTIC
CONSUMER STAPLES,ISTICS
CONSUMER STAPLES,ISTIK
CONSUMER STAPLES,ISTIKA
CONSUMER STAPLES,IT-FARM
CONSUMER STAPLES,IT-K
CONSUMER STAPLES,ITA
CONSUMER STAPLES,ITADEL
CONSUMER STAPLES,ITAFARM
CONSUMER STAPLES,ITAL
CONSUMER STAPLES,ITALAIN
CONSUMER STAPLES,ITAMIN
CONSUMER STAPLES,ITANIYA
CONSUMER STAPLES,ITE
CONSUMER STAPLES,ITEIL
CONSUMER STAPLES,ITEK
CONSUMER STAPLES,ITEL
CONSUMER STAPLES,ITER
CONSUMER STAPLES,ITET
CONSUMER STAPLES,ITEY
CONSUMER STAPLES,ITGROUP
CONSUMER STAPLES,ITGRUPP
CONSUMER STAPLES,ITI
CONSUMER STAPLES,ITI-2
CONSUMER STAPLES,ITI-SEYLS
CONSUMER STAPLES,ITIE
CONSUMER STAPLES,ITIE-M
CONSUMER STAPLES,ITITORG
CONSUMER STAPLES,ITKOMP
CONSUMER STAPLES,ITNITSA
CONSUMER STAPLES,ITNO
CONSUMER STAPLES,ITO
CONSUMER STAPLES,ITO-BALT
CONSUMER STAPLES,ITOLINKA
CONSUMER STAPLES,ITOMEK
CONSUMER STAPLES,ITORG
CONSUMER STAPLES,ITRAZH
CONSUMER STAPLES,ITSA
CONSUMER STAPLES,ITSIATIVA
CONSUMER STAPLES,ITSIYA
CONSUMER STAPLES,ITSKAYA
CONSUMER STAPLES,ITSKOE
CONSUMER STAPLES,ITTA
CONSUMER STAPLES,ITY
CONSUMER STAPLES,ITYAZ
CONSUMER STAPLES,ITYAZ'-M
CONSUMER STAPLES,IUM
CONSUMER STAPLES,IUMF
CONSUMER STAPLES,IUNAI-RUS
CONSUMER STAPLES,IUS
CONSUMER STAPLES,IV'ERA
CONSUMER STAPLES,IVA
CONSUMER STAPLES,IVEEVSKOE
CONSUMER STAPLES,IVER
CONSUMER STAPLES,IVERSAL
CONSUMER STAPLES,IVERSAM
CONSUMER STAPLES,IVI
CONSUMER STAPLES,IVIYA
CONSUMER STAPLES,IVO
CONSUMER STAPLES,IVOLE
CONSUMER STAPLES,IVSKOE
CONSUMER STAPLES,IVSTAR
CONSUMER STAPLES,IXIT
CONSUMER STAPLES,IYA
CONSUMER STAPLES,IYA-AGRO
CONSUMER STAPLES,IYAYUG
CONSUMER STAPLES,IZBERDEI
CONSUMER STAPLES,IZER
CONSUMER STAPLES,IZHIMOST
CONSUMER STAPLES,IZING
CONSUMER STAPLES,IZIT-FARM
CONSUMER STAPLES,IZNES
CONSUMER STAPLES,IZONT
CONSUMER STAPLES,IZOVO
CONSUMER STAPLES,IZRMV
CONSUMER STAPLES,IZUMRUD
CONSUMER STAPLES,IZVODSTVO
CONSUMER STAPLES,Iceberry
CONSUMER STAPLES,Idavang
CONSUMER STAPLES,Impeks
CONSUMER STAPLES,Impex
CONSUMER STAPLES,Import
CONSUMER STAPLES,Imports
CONSUMER STAPLES,ImpulsPro
CONSUMER STAPLES,Infaprim
CONSUMER STAPLES,Ingrid
CONSUMER STAPLES,Invest
CONSUMER STAPLES,Istra
CONSUMER STAPLES,Itkul
CONSUMER STAPLES,JECT
CONSUMER STAPLES,JERKAFARM
CONSUMER STAPLES,JESTVO
CONSUMER STAPLES,JFC
CONSUMER STAPLES,JOMI
CONSUMER STAPLES,JSC
CONSUMER STAPLES,JSCPPF
CONSUMER STAPLES,JTI
CONSUMER STAPLES,Jarkoff
CONSUMER STAPLES,K'YANENKO
CONSUMER STAPLES,K-1
CONSUMER STAPLES,K-AGRO
CONSUMER STAPLES,K-GRAND
CONSUMER STAPLES,K-GROUP
CONSUMER STAPLES,K-GRUPP
CONSUMER STAPLES,K-HOLDING
CONSUMER STAPLES,K-INVEST
CONSUMER STAPLES,K-RUS
CONSUMER STAPLES,KA-DVA
CONSUMER STAPLES,KA-LUX
CONSUMER STAPLES,KA-MOSCOW
CONSUMER STAPLES,KA-SNAB
CONSUMER STAPLES,KA-TORG
CONSUMER STAPLES,KA.RU
CONSUMER STAPLES,KABOSH
CONSUMER STAPLES,KABR
CONSUMER STAPLES,KAD
CONSUMER STAPLES,KADEMIYA
CONSUMER STAPLES,KADET
CONSUMER STAPLES,KADRY
CONSUMER STAPLES,KAFARM
CONSUMER STAPLES,KAGO
CONSUMER STAPLES,KAISKII
CONSUMER STAPLES,KAIZER
CONSUMER STAPLES,KAL
CONSUMER STAPLES,KALINKA
CONSUMER STAPLES,KALIPSO
CONSUMER STAPLES,KALORIYA
CONSUMER STAPLES,KAM
CONSUMER STAPLES,KAMCHATKA
CONSUMER STAPLES,KANTAL'
CONSUMER STAPLES,KAPELLA
CONSUMER STAPLES,KAPITAL
CONSUMER STAPLES,KAR
CONSUMER STAPLES,KARAT
CONSUMER STAPLES,KARAVAI
CONSUMER STAPLES,KARGO
CONSUMER STAPLES,KARMALA
CONSUMER STAPLES,KARTON
CONSUMER STAPLES,KASES
CONSUMER STAPLES,KASKAD
CONSUMER STAPLES,KASSIYA
CONSUMER STAPLES,KAT
CONSUMER STAPLES,KATA
CONSUMER STAPLES,KATERINA
CONSUMER STAPLES,KATES
CONSUMER STAPLES,KAUNTER
CONSUMER STAPLES,KAVKAZ
CONSUMER STAPLES,KAYA
CONSUMER STAPLES,"KAYA,"
CONSUMER STAPLES,KAYA-NIVA
CONSUMER STAPLES,KAZ
CONSUMER STAPLES,KBR
CONSUMER STAPLES,KCH
CONSUMER STAPLES,KDV
CONSUMER STAPLES,KE-ECO
CONSUMER STAPLES,KE.RU
CONSUMER STAPLES,KEAN
CONSUMER STAPLES,KEAN-FISH
CONSUMER STAPLES,KEMEROVO
CONSUMER STAPLES,KERI
CONSUMER STAPLES,KERKA
CONSUMER STAPLES,KESH
CONSUMER STAPLES,KET
CONSUMER STAPLES,KET-KA
CONSUMER STAPLES,KET-S
CONSUMER STAPLES,KETING
CONSUMER STAPLES,KEY
CONSUMER STAPLES,"KEY,"
CONSUMER STAPLES,KFA
CONSUMER STAPLES,KGOMZ
CONSUMER STAPLES,KGRUPP
CONSUMER STAPLES,KHAI
CONSUMER STAPLES,KHAKO
CONSUMER STAPLES,KHAMMER
CONSUMER STAPLES,KHAR
CONSUMER STAPLES,KHARPROM
CONSUMER STAPLES,KHELZFARM
CONSUMER STAPLES,KHIM
CONSUMER STAPLES,KHIMIYA
CONSUMER STAPLES,KHIMTORG
CONSUMER STAPLES,KHK
CONSUMER STAPLES,KHLEB
CONSUMER STAPLES,KHLEBODAR
CONSUMER STAPLES,"KHNOARSK"""
CONSUMER STAPLES,KHNOLOGII
CONSUMER STAPLES,KHNOPAK
CONSUMER STAPLES,KHNOTRANS
CONSUMER STAPLES,KHO
CONSUMER STAPLES,KHOD
CONSUMER STAPLES,KHOL
CONSUMER STAPLES,KHOLDING
CONSUMER STAPLES,KHOLOD
CONSUMER STAPLES,KHOUP
CONSUMER STAPLES,KHOZYAIN
CONSUMER STAPLES,KHP
CONSUMER STAPLES,KHPROM
CONSUMER STAPLES,KHPS
CONSUMER STAPLES,KHTARSKOE
CONSUMER STAPLES,KHTORG
CONSUMER STAPLES,KHUTOROK
CONSUMER STAPLES,KIDS
CONSUMER STAPLES,KIE
CONSUMER STAPLES,KII
CONSUMER STAPLES,KIMOS
CONSUMER STAPLES,KING
CONSUMER STAPLES,KINO
CONSUMER STAPLES,KIROVSKII
CONSUMER STAPLES,KISHAFT
CONSUMER STAPLES,KIVI
CONSUMER STAPLES,KIY
CONSUMER STAPLES,KIZOVO
CONSUMER STAPLES,KKH
CONSUMER STAPLES,KKHP
CONSUMER STAPLES,KKHPS
CONSUMER STAPLES,KLAB
CONSUMER STAPLES,KLAD
CONSUMER STAPLES,KLARIN
CONSUMER STAPLES,KLASSIKA
CONSUMER STAPLES,KLEVER
CONSUMER STAPLES,KLINE
CONSUMER STAPLES,KLIPER
CONSUMER STAPLES,KLUB
CONSUMER STAPLES,KMK
CONSUMER STAPLES,KMP
CONSUMER STAPLES,KMV
CONSUMER STAPLES,KNICK
CONSUMER STAPLES,KO-BREYND
CONSUMER STAPLES,KO-OPT
CONSUMER STAPLES,KO-PLYUS
CONSUMER STAPLES,KO-PROFI
CONSUMER STAPLES,KO-TREID
CONSUMER STAPLES,KO-YUG
CONSUMER STAPLES,KOE
CONSUMER STAPLES,KOF
CONSUMER STAPLES,KOFE
CONSUMER STAPLES,KOI
CONSUMER STAPLES,KOKHLEB
CONSUMER STAPLES,KOKORM
CONSUMER STAPLES,KOKUR
CONSUMER STAPLES,KOL
CONSUMER STAPLES,KOLAD
CONSUMER STAPLES,KOLE
CONSUMER STAPLES,KOLOSS
CONSUMER STAPLES,KOLTSO
CONSUMER STAPLES,KOLVY
CONSUMER STAPLES,KOM
CONSUMER STAPLES,KOM-AGRO
CONSUMER STAPLES,KOM-OMSK
CONSUMER STAPLES,KOMARKET
CONSUMER STAPLES,KOMBINAT
CONSUMER STAPLES,KOMBIS
CONSUMER STAPLES,KOMED
CONSUMER STAPLES,KOMETA
CONSUMER STAPLES,KOMOL
CONSUMER STAPLES,KOMORY
CONSUMER STAPLES,KOMOS
CONSUMER STAPLES,KOMP
CONSUMER STAPLES,KOMPANIYA
CONSUMER STAPLES,KOMPLEKS
CONSUMER STAPLES,KOMPLEKT
CONSUMER STAPLES,KOMSERVIS
CONSUMER STAPLES,KON
CONSUMER STAPLES,KOND
CONSUMER STAPLES,KONSALT
CONSUMER STAPLES,KONTI-RUS
CONSUMER STAPLES,KONTUR
CONSUMER STAPLES,KONVEYOR
CONSUMER STAPLES,KOPA
CONSUMER STAPLES,KOPRODUKT
CONSUMER STAPLES,KOPROM
CONSUMER STAPLES,KOPROTEIN
CONSUMER STAPLES,KOR
CONSUMER STAPLES,KORD
CONSUMER STAPLES,KORM
CONSUMER STAPLES,KOSELSKIY
CONSUMER STAPLES,KOSHKO
CONSUMER STAPLES,KOSMETIK
CONSUMER STAPLES,KOSMOL
CONSUMER STAPLES,KOTEK
CONSUMER STAPLES,KOTEKA
CONSUMER STAPLES,KOTRANS
CONSUMER STAPLES,KOV
CONSUMER STAPLES,KOVO
CONSUMER STAPLES,KOVO-2
CONSUMER STAPLES,KOVO-ALKO
CONSUMER STAPLES,KOVOZOV
CONSUMER STAPLES,KOVSKOE
CONSUMER STAPLES,KPD
CONSUMER STAPLES,KPP
CONSUMER STAPLES,KPROM
CONSUMER STAPLES,KPS-Ural
CONSUMER STAPLES,KRA
CONSUMER STAPLES,KREDO
CONSUMER STAPLES,KREDOS
CONSUMER STAPLES,KREPOST'
CONSUMER STAPLES,KRESENSK
CONSUMER STAPLES,KRET
CONSUMER STAPLES,KRIN
CONSUMER STAPLES,KRIPTON
CONSUMER STAPLES,KRISTALL
CONSUMER STAPLES,KRIVSKOE
CONSUMER STAPLES,KROE
CONSUMER STAPLES,KRON
CONSUMER STAPLES,KROVSKAYA
CONSUMER STAPLES,KRYM
CONSUMER STAPLES,KS-AGRO
CONSUMER STAPLES,KS-PRO
CONSUMER STAPLES,KS-S
CONSUMER STAPLES,KS-SREDA
CONSUMER STAPLES,KS.RU
CONSUMER STAPLES,KSANDRIYA
CONSUMER STAPLES,KSEEVSKIY
CONSUMER STAPLES,KSET-S
CONSUMER STAPLES,KSHEL-KMV
CONSUMER STAPLES,KSIMA
CONSUMER STAPLES,KSIMILK
CONSUMER STAPLES,KSNAB
CONSUMER STAPLES,KSPO-N
CONSUMER STAPLES,KSPORT
CONSUMER STAPLES,KSPORTER
CONSUMER STAPLES,KSPOTRANS
CONSUMER STAPLES,KSPOTREID
CONSUMER STAPLES,KSPRESS
CONSUMER STAPLES,KSTROT
CONSUMER STAPLES,KSUMA
CONSUMER STAPLES,KT-77
CONSUMER STAPLES,KT-K
CONSUMER STAPLES,KT-LAIN
CONSUMER STAPLES,KTIKA
CONSUMER STAPLES,KTINVEST
CONSUMER STAPLES,KTION
CONSUMER STAPLES,KTIS
CONSUMER STAPLES,KTIV
CONSUMER STAPLES,KTIVA
CONSUMER STAPLES,KTOR
CONSUMER STAPLES,KTOR-S
CONSUMER STAPLES,KTORIYA
CONSUMER STAPLES,KTOV
CONSUMER STAPLES,KTR
CONSUMER STAPLES,KTYABR
CONSUMER STAPLES,KTYABR'
CONSUMER STAPLES,KUBAN
CONSUMER STAPLES,KUBAN'
CONSUMER STAPLES,KUBAN-TEA
CONSUMER STAPLES,KUBANI
CONSUMER STAPLES,KUBNYA
CONSUMER STAPLES,KUHNYA
CONSUMER STAPLES,KUL'TURA
CONSUMER STAPLES,KULCHEV
CONSUMER STAPLES,KULES-M
CONSUMER STAPLES,KUNTSEVO
CONSUMER STAPLES,KUR
CONSUMER STAPLES,KURAZH
CONSUMER STAPLES,KURII
CONSUMER STAPLES,KURNIKOV
CONSUMER STAPLES,KURS
CONSUMER STAPLES,KURSK
CONSUMER STAPLES,KUS
CONSUMER STAPLES,KUSA
CONSUMER STAPLES,KUSVILL
CONSUMER STAPLES,KUZHEL'
CONSUMER STAPLES,KVADRO
CONSUMER STAPLES,KVALAIF
CONSUMER STAPLES,KVATEYRRA
CONSUMER STAPLES,KVATREID
CONSUMER STAPLES,KVILA
CONSUMER STAPLES,KVIT
CONSUMER STAPLES,KVKK
CONSUMER STAPLES,KVOIYA
CONSUMER STAPLES,KVORECHYE
CONSUMER STAPLES,KYFISH
CONSUMER STAPLES,KZ-TAVR
CONSUMER STAPLES,KZP
CONSUMER STAPLES,KZRM
CONSUMER STAPLES,Kabosh
CONSUMER STAPLES,Kamp
CONSUMER STAPLES,Kantal
CONSUMER STAPLES,Kashira
CONSUMER STAPLES,KelBi
CONSUMER STAPLES,Ketra
CONSUMER STAPLES,Kislov
CONSUMER STAPLES,Kredo
CONSUMER STAPLES,Kuban
CONSUMER STAPLES,Kvas
CONSUMER STAPLES,L'-KIDS
CONSUMER STAPLES,L'-OMK
CONSUMER STAPLES,L'BERTIO
CONSUMER STAPLES,L'D-SPB
CONSUMER STAPLES,L'E
CONSUMER STAPLES,L'FA-6
CONSUMER STAPLES,L'FIN
CONSUMER STAPLES,L'ICHA
CONSUMER STAPLES,L'NITSA
CONSUMER STAPLES,L'S
CONSUMER STAPLES,L'SKOE
CONSUMER STAPLES,L'TA-AGRO
CONSUMER STAPLES,L'TAIR
CONSUMER STAPLES,L'TERNA
CONSUMER STAPLES,L'TURA
CONSUMER STAPLES,L'VEIS-L
CONSUMER STAPLES,L'YANS
CONSUMER STAPLES,L-AZIYA
CONSUMER STAPLES,L-B
CONSUMER STAPLES,L-CENTER
CONSUMER STAPLES,L-DANN
CONSUMER STAPLES,L-I
CONSUMER STAPLES,L-KMV
CONSUMER STAPLES,L-M
CONSUMER STAPLES,L-SERVIS
CONSUMER STAPLES,L-TORG
CONSUMER STAPLES,L.ARGO
CONSUMER STAPLES,L.T.D.
CONSUMER STAPLES,LAB
CONSUMER STAPLES,LABAZ
CONSUMER STAPLES,LABIRINT
CONSUMER STAPLES,LACENOR
CONSUMER STAPLES,LACTIKA
CONSUMER STAPLES,LACTIS
CONSUMER STAPLES,LAD
CONSUMER STAPLES,LADA
CONSUMER STAPLES,LADOGA
CONSUMER STAPLES,LADONEZH
CONSUMER STAPLES,LAGO
CONSUMER STAPLES,LAGODAT'
CONSUMER STAPLES,LAGROS
CONSUMER STAPLES,LAIF
CONSUMER STAPLES,LAIN
CONSUMER STAPLES,LAKON
CONSUMER STAPLES,LAKTIKA
CONSUMER STAPLES,LAKTIS
CONSUMER STAPLES,LAMA
CONSUMER STAPLES,LAN
CONSUMER STAPLES,LAND
CONSUMER STAPLES,LANT
CONSUMER STAPLES,LANT-FISH
CONSUMER STAPLES,LAR
CONSUMER STAPLES,LARIN
CONSUMER STAPLES,LAROS
CONSUMER STAPLES,LARS-AGRO
CONSUMER STAPLES,LASIE
CONSUMER STAPLES,LASSIKA
CONSUMER STAPLES,LAST
CONSUMER STAPLES,LASTEK
CONSUMER STAPLES,LAT
CONSUMER STAPLES,LATA
CONSUMER STAPLES,LAURUS
CONSUMER STAPLES,LAVHOLOD
CONSUMER STAPLES,LAVKOFE
CONSUMER STAPLES,LAVYANA
CONSUMER STAPLES,LAVYANKA
CONSUMER STAPLES,LAYA
CONSUMER STAPLES,LBATROS
CONSUMER STAPLES,LBI
CONSUMER STAPLES,LCAPS
CONSUMER STAPLES,LCHEV
CONSUMER STAPLES,LCHIK
CONSUMER STAPLES,LCO
CONSUMER STAPLES,LCOS
CONSUMER STAPLES,LD-21
CONSUMER STAPLES,LDING
CONSUMER STAPLES,LE-97
CONSUMER STAPLES,LE-TREID
CONSUMER STAPLES,LEADER
CONSUMER STAPLES,LEANECO
CONSUMER STAPLES,LEANGRUPP
CONSUMER STAPLES,LEASING
CONSUMER STAPLES,LEB
CONSUMER STAPLES,LEB-ISET
CONSUMER STAPLES,LEBODAR
CONSUMER STAPLES,LEBTORG
CONSUMER STAPLES,LECO
CONSUMER STAPLES,LECTACIYA
CONSUMER STAPLES,LECTION
CONSUMER STAPLES,LEEVSKAYA
CONSUMER STAPLES,LEI
CONSUMER STAPLES,LEINAYA
CONSUMER STAPLES,LEINYI
CONSUMER STAPLES,LEK
CONSUMER STAPLES,LEKAR
CONSUMER STAPLES,LEKOMED
CONSUMER STAPLES,LEKS
CONSUMER STAPLES,LEKS-AGRO
CONSUMER STAPLES,LEKT
CONSUMER STAPLES,LEMA-KOR
CONSUMER STAPLES,LEMZAVOD
CONSUMER STAPLES,LEN
CONSUMER STAPLES,LEND
CONSUMER STAPLES,LENINA
CONSUMER STAPLES,LENNAYA
CONSUMER STAPLES,LENSK
CONSUMER STAPLES,LENT
CONSUMER STAPLES,LENTA
CONSUMER STAPLES,LEOTRADE
CONSUMER STAPLES,LER
CONSUMER STAPLES,LERANT
CONSUMER STAPLES,LERS
CONSUMER STAPLES,LES
CONSUMER STAPLES,LES-M
CONSUMER STAPLES,LESNOFF
CONSUMER STAPLES,LET
CONSUMER STAPLES,LETO
CONSUMER STAPLES,LETO-K
CONSUMER STAPLES,LETS
CONSUMER STAPLES,LETSKIY
CONSUMER STAPLES,LEVER
CONSUMER STAPLES,LEY
CONSUMER STAPLES,LF-2000
CONSUMER STAPLES,LFOODS
CONSUMER STAPLES,LFUD
CONSUMER STAPLES,LGA
CONSUMER STAPLES,LGATREID
CONSUMER STAPLES,LGORSOLOD
CONSUMER STAPLES,LGOV
CONSUMER STAPLES,LGOVSKOE
CONSUMER STAPLES,LGRANKORM
CONSUMER STAPLES,LGRUPP
CONSUMER STAPLES,LHLEBTORG
CONSUMER STAPLES,LIA
CONSUMER STAPLES,LIANTA
CONSUMER STAPLES,LIBOIL
CONSUMER STAPLES,LIC
CONSUMER STAPLES,LICHA
CONSUMER STAPLES,LIDEA
CONSUMER STAPLES,LIDER
CONSUMER STAPLES,LIEN
CONSUMER STAPLES,LIFANT
CONSUMER STAPLES,LIGA
CONSUMER STAPLES,LIGEN
CONSUMER STAPLES,LIKA
CONSUMER STAPLES,LIKATES
CONSUMER STAPLES,LILIYA
CONSUMER STAPLES,LIMAGREN
CONSUMER STAPLES,LIMAK
CONSUMER STAPLES,LIMANSKOE
CONSUMER STAPLES,LIMER
CONSUMER STAPLES,LIMKORM
CONSUMER STAPLES,LINA
CONSUMER STAPLES,LINE
CONSUMER STAPLES,LINES
CONSUMER STAPLES,LINGOT
CONSUMER STAPLES,LININGRAD
CONSUMER STAPLES,LININSKOE
CONSUMER STAPLES,LINIYA
CONSUMER STAPLES,LINKA
CONSUMER STAPLES,LINKOR
CONSUMER STAPLES,LINO
CONSUMER STAPLES,LINSKII
CONSUMER STAPLES,LINSKIY
CONSUMER STAPLES,LINSKOE
CONSUMER STAPLES,LION
CONSUMER STAPLES,LIORATOR
CONSUMER STAPLES,LIOS
CONSUMER STAPLES,LIPER
CONSUMER STAPLES,LIPETSK
CONSUMER STAPLES,LIPSO
CONSUMER STAPLES,LIROS
CONSUMER STAPLES,LIS
CONSUMER STAPLES,LISA
CONSUMER STAPLES,LIST
CONSUMER STAPLES,LIT
CONSUMER STAPLES,LITGROUP
CONSUMER STAPLES,LITGRUPP
CONSUMER STAPLES,LITSA
CONSUMER STAPLES,LIVA
CONSUMER STAPLES,LIVER
CONSUMER STAPLES,LIYA
CONSUMER STAPLES,LIZING
CONSUMER STAPLES,LKA
CONSUMER STAPLES,LKAISKII
CONSUMER STAPLES,LKAT
CONSUMER STAPLES,LKLINE
CONSUMER STAPLES,LKO
CONSUMER STAPLES,LKO-OPT
CONSUMER STAPLES,LKO-PLYUS
CONSUMER STAPLES,LKO-PROFI
CONSUMER STAPLES,LKOM
CONSUMER STAPLES,LKOM-OMSK
CONSUMER STAPLES,LKOMARKET
CONSUMER STAPLES,LKOPROM
CONSUMER STAPLES,LKOTEKA
CONSUMER STAPLES,LL-CENTER
CONSUMER STAPLES,LL-DANN
CONSUMER STAPLES,LL-SERVIS
CONSUMER STAPLES,LLA
CONSUMER STAPLES,LLADA
CONSUMER STAPLES,LLC
CONSUMER STAPLES,LLI
CONSUMER STAPLES,LLIGEN
CONSUMER STAPLES,LLIT
CONSUMER STAPLES,LLIVER
CONSUMER STAPLES,LLTECH
CONSUMER STAPLES,LMAS-D
CONSUMER STAPLES,LMASA
CONSUMER STAPLES,LMASLO
CONSUMER STAPLES,LMAZ
CONSUMER STAPLES,LMEAT
CONSUMER STAPLES,LMEKO
CONSUMER STAPLES,LMON.SU
CONSUMER STAPLES,LNA
CONSUMER STAPLES,LNOE
CONSUMER STAPLES,LNY-KHLEB
CONSUMER STAPLES,LO-TABAK
CONSUMER STAPLES,LOBAL
CONSUMER STAPLES,LOBALCOS
CONSUMER STAPLES,LOBUS
CONSUMER STAPLES,LOCHIY
CONSUMER STAPLES,LOCHNYI
CONSUMER STAPLES,LOD
CONSUMER STAPLES,LODETS
CONSUMER STAPLES,LOE
CONSUMER STAPLES,LOGI
CONSUMER STAPLES,LOGII
CONSUMER STAPLES,LOGIKA
CONSUMER STAPLES,LOGISTIC
CONSUMER STAPLES,LOGISTICS
CONSUMER STAPLES,LOGISTIK
CONSUMER STAPLES,LOGISTIKA
CONSUMER STAPLES,LOGIYA
CONSUMER STAPLES,LOGO-T
CONSUMER STAPLES,LOKO
CONSUMER STAPLES,LON
CONSUMER STAPLES,LON.RU
CONSUMER STAPLES,LOPOV
CONSUMER STAPLES,LOPROM
CONSUMER STAPLES,LORADA
CONSUMER STAPLES,LORAN
CONSUMER STAPLES,LORIYA
CONSUMER STAPLES,LOS
CONSUMER STAPLES,LOSS
CONSUMER STAPLES,LOT
CONSUMER STAPLES,LOV
CONSUMER STAPLES,LOVSKAYA
CONSUMER STAPLES,LOVSKOE
CONSUMER STAPLES,LOZA
CONSUMER STAPLES,LPIK
CONSUMER STAPLES,LPOLIMER
CONSUMER STAPLES,LPRODEXPO
CONSUMER STAPLES,LPRODTORG
CONSUMER STAPLES,LPRODUKT
CONSUMER STAPLES,LRYBA
CONSUMER STAPLES,LSKAYA
CONSUMER STAPLES,LSKIY
CONSUMER STAPLES,LSPRO
CONSUMER STAPLES,LTA
CONSUMER STAPLES,LTAGROS
CONSUMER STAPLES,LTAI
CONSUMER STAPLES,LTAI-SIB
CONSUMER STAPLES,LTAIR
CONSUMER STAPLES,LTAN
CONSUMER STAPLES,LTBIR
CONSUMER STAPLES,LTD
CONSUMER STAPLES,LTECH
CONSUMER STAPLES,LTEY
CONSUMER STAPLES,LTIA
CONSUMER STAPLES,LTIC
CONSUMER STAPLES,LTIFUDS
CONSUMER STAPLES,LTIMA
CONSUMER STAPLES,LTING
CONSUMER STAPLES,LTIPRO
CONSUMER STAPLES,LTORGPRED
CONSUMER STAPLES,LTRADE
CONSUMER STAPLES,LTREID
CONSUMER STAPLES,LTREYD
CONSUMER STAPLES,LTSERVIS
CONSUMER STAPLES,LTSO
CONSUMER STAPLES,LTSS
CONSUMER STAPLES,LTrade
CONSUMER STAPLES,LUB
CONSUMER STAPLES,LUBYATOVO
CONSUMER STAPLES,LUCKYFISH
CONSUMER STAPLES,LUDING
CONSUMER STAPLES,LUGA
CONSUMER STAPLES,LUKOMORY
CONSUMER STAPLES,LUKOSHKO
CONSUMER STAPLES,LUS
CONSUMER STAPLES,LUT
CONSUMER STAPLES,LUTON
CONSUMER STAPLES,LUX
CONSUMER STAPLES,LVART
CONSUMER STAPLES,LVEL
CONSUMER STAPLES,LVEYS
CONSUMER STAPLES,LVO
CONSUMER STAPLES,LVY
CONSUMER STAPLES,LVZ
CONSUMER STAPLES,LYA
CONSUMER STAPLES,LYAEVSKIE
CONSUMER STAPLES,LYANKA
CONSUMER STAPLES,LYANS
CONSUMER STAPLES,LYASKA
CONSUMER STAPLES,LYUKS
CONSUMER STAPLES,LYUMAR
CONSUMER STAPLES,LYUMIN
CONSUMER STAPLES,LYUS
CONSUMER STAPLES,LYUT
CONSUMER STAPLES,LYUT-AGRO
CONSUMER STAPLES,LYY
CONSUMER STAPLES,LZAVOD
CONSUMER STAPLES,LZFARM
CONSUMER STAPLES,LZHSKAYA
CONSUMER STAPLES,LZHSKII
CONSUMER STAPLES,LaVINA
CONSUMER STAPLES,Lab
CONSUMER STAPLES,Lavria
CONSUMER STAPLES,Legion
CONSUMER STAPLES,Lekomed
CONSUMER STAPLES,Limak
CONSUMER STAPLES,Llc
CONSUMER STAPLES,Logistic
CONSUMER STAPLES,Logistik
CONSUMER STAPLES,Losevo
CONSUMER STAPLES,Loza
CONSUMER STAPLES,Ltd
CONSUMER STAPLES,M-AGRO
CONSUMER STAPLES,M-GROUP
CONSUMER STAPLES,M-K
CONSUMER STAPLES,M-OMSK
CONSUMER STAPLES,M-STORY
CONSUMER STAPLES,M-STROI
CONSUMER STAPLES,M.S.
CONSUMER STAPLES,MA-7
CONSUMER STAPLES,MA-KOR
CONSUMER STAPLES,MACIA
CONSUMER STAPLES,MAFARM
CONSUMER STAPLES,MAGNIT
CONSUMER STAPLES,MAGREN
CONSUMER STAPLES,MAGRO
CONSUMER STAPLES,MAGROPROM
CONSUMER STAPLES,MAIMPEKS
CONSUMER STAPLES,MAISKII
CONSUMER STAPLES,MAIT
CONSUMER STAPLES,MAK
CONSUMER STAPLES,MAKFA
CONSUMER STAPLES,MAKLAB
CONSUMER STAPLES,MAKLARIN
CONSUMER STAPLES,MAKS-PRO
CONSUMER STAPLES,MAKSUMA
CONSUMER STAPLES,MAL
CONSUMER STAPLES,MAL'YANS
CONSUMER STAPLES,MALA
CONSUMER STAPLES,MALEK
CONSUMER STAPLES,MALINA
CONSUMER STAPLES,MAMRUKO
CONSUMER STAPLES,MAN
CONSUMER STAPLES,MAN-AGRO
CONSUMER STAPLES,MANOVSKOE
CONSUMER STAPLES,MANSKOE
CONSUMER STAPLES,MAR
CONSUMER STAPLES,MARAKESH
CONSUMER STAPLES,MARCOM
CONSUMER STAPLES,MARGARON
CONSUMER STAPLES,MARGKOM
CONSUMER STAPLES,MARIA-RA
CONSUMER STAPLES,MARIN
CONSUMER STAPLES,MARINE
CONSUMER STAPLES,MARITER
CONSUMER STAPLES,MARKET
CONSUMER STAPLES,MARKET-KA
CONSUMER STAPLES,MARKET-S
CONSUMER STAPLES,MARKETING
CONSUMER STAPLES,MARS
CONSUMER STAPLES,MARSAN
CONSUMER STAPLES,MART
CONSUMER STAPLES,MARYVKA
CONSUMER STAPLES,MAS-D
CONSUMER STAPLES,MASA
CONSUMER STAPLES,MASHKA
CONSUMER STAPLES,MASKO
CONSUMER STAPLES,MASLO
CONSUMER STAPLES,MASLOPROM
CONSUMER STAPLES,MASTER
CONSUMER STAPLES,MAT
CONSUMER STAPLES,MATERIK
CONSUMER STAPLES,MATSIYA
CONSUMER STAPLES,MAVIR
CONSUMER STAPLES,MAVT
CONSUMER STAPLES,MAY
CONSUMER STAPLES,MAY-FOODS
CONSUMER STAPLES,MAYAK
CONSUMER STAPLES,MAZ
CONSUMER STAPLES,MBAR
CONSUMER STAPLES,MBC
CONSUMER STAPLES,MBINAT
CONSUMER STAPLES,MBIS
CONSUMER STAPLES,MBK
CONSUMER STAPLES,MBOV
CONSUMER STAPLES,MBR
CONSUMER STAPLES,MBYTKHIM
CONSUMER STAPLES,MCHATKA
CONSUMER STAPLES,MCONSERVY
CONSUMER STAPLES,MCW
CONSUMER STAPLES,MEAT
CONSUMER STAPLES,MED
CONSUMER STAPLES,MED-TORG
CONSUMER STAPLES,MEDIAFARM
CONSUMER STAPLES,MEDIKA
CONSUMER STAPLES,MEDMIL
CONSUMER STAPLES,MEDOVYI
CONSUMER STAPLES,MEDSERVIS
CONSUMER STAPLES,MEDUNITSA
CONSUMER STAPLES,MEGACOM
CONSUMER STAPLES,MEGAMIKS
CONSUMER STAPLES,MEGAMIX
CONSUMER STAPLES,MEGAPACK
CONSUMER STAPLES,MEGAPOLIS
CONSUMER STAPLES,MEGASOL'
CONSUMER STAPLES,MEGASTROY
CONSUMER STAPLES,MEK
CONSUMER STAPLES,MEKO
CONSUMER STAPLES,MEKS
CONSUMER STAPLES,MEKSPO-N
CONSUMER STAPLES,MEL'NITSA
CONSUMER STAPLES,MELIA
CONSUMER STAPLES,MELVO
CONSUMER STAPLES,MEN
CONSUMER STAPLES,MENA
CONSUMER STAPLES,MENI
CONSUMER STAPLES,MEOTIDA
CONSUMER STAPLES,MER
CONSUMER STAPLES,MER-AGRO
CONSUMER STAPLES,MER-TREID
CONSUMER STAPLES,MERCE
CONSUMER STAPLES,MERIA
CONSUMER STAPLES,MERIDIAN
CONSUMER STAPLES,MERKURII
CONSUMER STAPLES,MERLAN
CONSUMER STAPLES,MEROVO
CONSUMER STAPLES,META
CONSUMER STAPLES,METAKA
CONSUMER STAPLES,METEI
CONSUMER STAPLES,METELITSA
CONSUMER STAPLES,METIC
CONSUMER STAPLES,METIDA
CONSUMER STAPLES,METIK
CONSUMER STAPLES,METIK-RUS
CONSUMER STAPLES,METIKS
CONSUMER STAPLES,METR
CONSUMER STAPLES,MEX
CONSUMER STAPLES,MEYZ
CONSUMER STAPLES,MFARM
CONSUMER STAPLES,MFONIYA
CONSUMER STAPLES,MGK
CONSUMER STAPLES,MGRAIN
CONSUMER STAPLES,MI-SIBIR
CONSUMER STAPLES,MIANE
CONSUMER STAPLES,MIER
CONSUMER STAPLES,MIKA
CONSUMER STAPLES,MIKOTRANS
CONSUMER STAPLES,MIKPROM
CONSUMER STAPLES,MIKS
CONSUMER STAPLES,MIKS-S
CONSUMER STAPLES,MIL
CONSUMER STAPLES,MILFOODS
CONSUMER STAPLES,MILK
CONSUMER STAPLES,MILKLINE
CONSUMER STAPLES,MILKOM
CONSUMER STAPLES,MILORADA
CONSUMER STAPLES,MIN
CONSUMER STAPLES,MINAL
CONSUMER STAPLES,MINANT
CONSUMER STAPLES,MINSKOE
CONSUMER STAPLES,MINTRADE
CONSUMER STAPLES,MINUSINSK
CONSUMER STAPLES,MIR
CONSUMER STAPLES,MIRATORG
CONSUMER STAPLES,MIRAZH
CONSUMER STAPLES,MIRITAL
CONSUMER STAPLES,MISMA
CONSUMER STAPLES,MIX
CONSUMER STAPLES,MIXIT
CONSUMER STAPLES,MIYA
CONSUMER STAPLES,MKF
CONSUMER STAPLES,MKHIMIYA
CONSUMER STAPLES,MKOR
CONSUMER STAPLES,MKORM
CONSUMER STAPLES,MLEND
CONSUMER STAPLES,MLIZING
CONSUMER STAPLES,MLK
CONSUMER STAPLES,MLYA
CONSUMER STAPLES,MMA-7
CONSUMER STAPLES,MMER
CONSUMER STAPLES,MMERCE
CONSUMER STAPLES,MMI
CONSUMER STAPLES,MMOBILIEN
CONSUMER STAPLES,MNC
CONSUMER STAPLES,MNISKATA
CONSUMER STAPLES,MNOVSKAYA
CONSUMER STAPLES,MOBILIEN
CONSUMER STAPLES,MOKISHAFT
CONSUMER STAPLES,MOKROE
CONSUMER STAPLES,MOL
CONSUMER STAPLES,MOLENSK
CONSUMER STAPLES,MOLOCHIY
CONSUMER STAPLES,MOLOCHNYI
CONSUMER STAPLES,MOLODETS
CONSUMER STAPLES,MOLOKO
CONSUMER STAPLES,MOLZAVOD
CONSUMER STAPLES,MON.SU
CONSUMER STAPLES,MONIYA
CONSUMER STAPLES,MONOLIT
CONSUMER STAPLES,MOPROFI
CONSUMER STAPLES,MOROZ
CONSUMER STAPLES,MOROZKA
CONSUMER STAPLES,MOROZKO
CONSUMER STAPLES,MORY
CONSUMER STAPLES,MOS
CONSUMER STAPLES,MOSCOW
CONSUMER STAPLES,MOSHA
CONSUMER STAPLES,MOST
CONSUMER STAPLES,MOTRADE
CONSUMER STAPLES,MOTREID
CONSUMER STAPLES,MOV
CONSUMER STAPLES,MOVETS
CONSUMER STAPLES,MOVNIKI
CONSUMER STAPLES,MOYALINO
CONSUMER STAPLES,MPANIYA
CONSUMER STAPLES,MPEKS
CONSUMER STAPLES,MPERIAL
CONSUMER STAPLES,MPEX
CONSUMER STAPLES,MPINA
CONSUMER STAPLES,MPK
CONSUMER STAPLES,MPLE
CONSUMER STAPLES,MPLEKS
CONSUMER STAPLES,MPLEKT
CONSUMER STAPLES,MPORT
CONSUMER STAPLES,MPP
CONSUMER STAPLES,MPRODTORG
CONSUMER STAPLES,MPUL'S
CONSUMER STAPLES,MPULS
CONSUMER STAPLES,MPULSPRO
CONSUMER STAPLES,MRAZVITIE
CONSUMER STAPLES,MRF
CONSUMER STAPLES,MRUD
CONSUMER STAPLES,MRUKO
CONSUMER STAPLES,MSA
CONSUMER STAPLES,MSAKHAR
CONSUMER STAPLES,MSERVIS
CONSUMER STAPLES,MSK
CONSUMER STAPLES,MSKAYA
CONSUMER STAPLES,MSKII
CONSUMER STAPLES,MSM
CONSUMER STAPLES,MSON
CONSUMER STAPLES,MSPIRT
CONSUMER STAPLES,MTEX
CONSUMER STAPLES,MTORG
CONSUMER STAPLES,MTSENTR
CONSUMER STAPLES,MUKOMOL
CONSUMER STAPLES,MUKOVOZOV
CONSUMER STAPLES,MUL
CONSUMER STAPLES,MULTIPRO
CONSUMER STAPLES,MUM
CONSUMER STAPLES,MUSHKA
CONSUMER STAPLES,MUSHKI
CONSUMER STAPLES,MUSKAT
CONSUMER STAPLES,MUZA
CONSUMER STAPLES,MYA
CONSUMER STAPLES,MYASKO
CONSUMER STAPLES,MYASSNAB
CONSUMER STAPLES,MYLCO
CONSUMER STAPLES,MYSKHAKO
CONSUMER STAPLES,MZAVOD
CONSUMER STAPLES,MZhK
CONSUMER STAPLES,Magnit
CONSUMER STAPLES,Magnolia
CONSUMER STAPLES,Mareven
CONSUMER STAPLES,Mariinsk
CONSUMER STAPLES,Mayak
CONSUMER STAPLES,Megapolis
CONSUMER STAPLES,Millenium
CONSUMER STAPLES,Mir
CONSUMER STAPLES,Miratorg
CONSUMER STAPLES,Mistral
CONSUMER STAPLES,Mixit
CONSUMER STAPLES,MolInvest
CONSUMER STAPLES,Molvest
CONSUMER STAPLES,Morem
CONSUMER STAPLES,Multon
CONSUMER STAPLES,N-2002
CONSUMER STAPLES,N-AGRO
CONSUMER STAPLES,N-BIZNES
CONSUMER STAPLES,N-EXPORT
CONSUMER STAPLES,N-FISH
CONSUMER STAPLES,N-MARKET
CONSUMER STAPLES,N-PREMIER
CONSUMER STAPLES,N-SARATOV
CONSUMER STAPLES,N-SERVICE
CONSUMER STAPLES,N-SERVIS
CONSUMER STAPLES,N-TEA
CONSUMER STAPLES,N-VINO
CONSUMER STAPLES,N.RU
CONSUMER STAPLES,N.SU
CONSUMER STAPLES,NA-2000
CONSUMER STAPLES,NAB
CONSUMER STAPLES,NABALTAI
CONSUMER STAPLES,NADEZHDA
CONSUMER STAPLES,NAGRO
CONSUMER STAPLES,NAI-RUS
CONSUMER STAPLES,NAIS
CONSUMER STAPLES,NAKO
CONSUMER STAPLES,NAL
CONSUMER STAPLES,NAM
CONSUMER STAPLES,NAMA
CONSUMER STAPLES,NAMO
CONSUMER STAPLES,NANCE
CONSUMER STAPLES,NANS
CONSUMER STAPLES,NANT
CONSUMER STAPLES,NAS-TRAD
CONSUMER STAPLES,NAS-TRADE
CONSUMER STAPLES,NASHE
CONSUMER STAPLES,NAT
CONSUMER STAPLES,NATURA
CONSUMER STAPLES,NATUROVO
CONSUMER STAPLES,NAYA
CONSUMER STAPLES,NBAI
CONSUMER STAPLES,NBAMR
CONSUMER STAPLES,NBERRI
CONSUMER STAPLES,NBPC
CONSUMER STAPLES,NBURG
CONSUMER STAPLES,NCE
CONSUMER STAPLES,ND-NN
CONSUMER STAPLES,ND-S
CONSUMER STAPLES,ND-SERVIS
CONSUMER STAPLES,NDA
CONSUMER STAPLES,NDART
CONSUMER STAPLES,NDART-OKA
CONSUMER STAPLES,NDE
CONSUMER STAPLES,NDEIKA
CONSUMER STAPLES,NDEM
CONSUMER STAPLES,NDEYKS.RU
CONSUMER STAPLES,NDF
CONSUMER STAPLES,NDFARM
CONSUMER STAPLES,NDI
CONSUMER STAPLES,NDOR
CONSUMER STAPLES,NDRIYA
CONSUMER STAPLES,NDS
CONSUMER STAPLES,NDUSTRIES
CONSUMER STAPLES,NDWICH
CONSUMER STAPLES,NEBUG
CONSUMER STAPLES,NECO
CONSUMER STAPLES,NEG
CONSUMER STAPLES,NEGRET
CONSUMER STAPLES,NELAB
CONSUMER STAPLES,NEMSKII
CONSUMER STAPLES,NENBURG
CONSUMER STAPLES,NENKO
CONSUMER STAPLES,NENSKOE
CONSUMER STAPLES,NENT-AGRO
CONSUMER STAPLES,NENTAL
CONSUMER STAPLES,NEO-FARM
CONSUMER STAPLES,NEO-TREID
CONSUMER STAPLES,NER
CONSUMER STAPLES,NERGETIC
CONSUMER STAPLES,NERGIYA
CONSUMER STAPLES,NERY
CONSUMER STAPLES,NES
CONSUMER STAPLES,NESENOVKA
CONSUMER STAPLES,NESKA
CONSUMER STAPLES,NESS
CONSUMER STAPLES,NEST
CONSUMER STAPLES,NETS
CONSUMER STAPLES,NEVA-OPT
CONSUMER STAPLES,NEVALINE
CONSUMER STAPLES,NEVSKOE
CONSUMER STAPLES,NEY
CONSUMER STAPLES,NEZH
CONSUMER STAPLES,NEZHINKA
CONSUMER STAPLES,NFAPRIM
CONSUMER STAPLES,NFORUM
CONSUMER STAPLES,NG-SIBIR
CONSUMER STAPLES,NG-TRADE
CONSUMER STAPLES,NGA
CONSUMER STAPLES,NGARD
CONSUMER STAPLES,NGLINE
CONSUMER STAPLES,NGOT
CONSUMER STAPLES,NGRAD
CONSUMER STAPLES,NGREDICO
CONSUMER STAPLES,NGREDIENT
CONSUMER STAPLES,NGREIN
CONSUMER STAPLES,NGRUPP
CONSUMER STAPLES,NGURSKIY
CONSUMER STAPLES,NHK
CONSUMER STAPLES,NIC
CONSUMER STAPLES,NICA
CONSUMER STAPLES,NICHI
CONSUMER STAPLES,NICK
CONSUMER STAPLES,NICORK
CONSUMER STAPLES,NIE-1
CONSUMER STAPLES,NIFROST
CONSUMER STAPLES,NIGREYIN
CONSUMER STAPLES,NIK
CONSUMER STAPLES,NIKA
CONSUMER STAPLES,NIKI
CONSUMER STAPLES,NIKOV
CONSUMER STAPLES,NIKS
CONSUMER STAPLES,NIMPEX
CONSUMER STAPLES,NINA
CONSUMER STAPLES,NINGRAD
CONSUMER STAPLES,NINSKOE
CONSUMER STAPLES,NINVEST
CONSUMER STAPLES,NIORS
CONSUMER STAPLES,NIPHARMA
CONSUMER STAPLES,NIR
CONSUMER STAPLES,NIS
CONSUMER STAPLES,NIS-1
CONSUMER STAPLES,NISEI
CONSUMER STAPLES,NISHA
CONSUMER STAPLES,NISKATA
CONSUMER STAPLES,NIT
CONSUMER STAPLES,NITEY
CONSUMER STAPLES,NITI
CONSUMER STAPLES,NITSA
CONSUMER STAPLES,NITY
CONSUMER STAPLES,NIVA
CONSUMER STAPLES,NIVERSAL
CONSUMER STAPLES,NIVERSAM
CONSUMER STAPLES,NIYA
CONSUMER STAPLES,NKA
CONSUMER STAPLES,NKA-LUX
CONSUMER STAPLES,NKA-SNAB
CONSUMER STAPLES,NKA-TORG
CONSUMER STAPLES,NKA.RU
CONSUMER STAPLES,NKHAI
CONSUMER STAPLES,NKO
CONSUMER STAPLES,NKOF
CONSUMER STAPLES,NKOR
CONSUMER STAPLES,NKORM
CONSUMER STAPLES,NKOTEK
CONSUMER STAPLES,NKZ
CONSUMER STAPLES,NLECO
CONSUMER STAPLES,NLINE
CONSUMER STAPLES,NLO
CONSUMER STAPLES,NMGK
CONSUMER STAPLES,NMZhK
CONSUMER STAPLES,NNA
CONSUMER STAPLES,NNAYA
CONSUMER STAPLES,NNOVATOR
CONSUMER STAPLES,NNOVSKIY
CONSUMER STAPLES,NO-GRANDE
CONSUMER STAPLES,NO-TRADE
CONSUMER STAPLES,"NOARSK"""
CONSUMER STAPLES,NOCHKA
CONSUMER STAPLES,NOE
CONSUMER STAPLES,NOFF
CONSUMER STAPLES,NOFF-DON
CONSUMER STAPLES,NOLIT
CONSUMER STAPLES,NOLOGII
CONSUMER STAPLES,NOLOGIYA
CONSUMER STAPLES,NOM
CONSUMER STAPLES,NOMIKA
CONSUMER STAPLES,NOPAK
CONSUMER STAPLES,NOPRODUKT
CONSUMER STAPLES,NOR
CONSUMER STAPLES,NORD
CONSUMER STAPLES,NORDSNAB
CONSUMER STAPLES,NORILSKIY
CONSUMER STAPLES,NORMA
CONSUMER STAPLES,NORTH
CONSUMER STAPLES,NOSOVSKOE
CONSUMER STAPLES,NOST
CONSUMER STAPLES,NOTRADE
CONSUMER STAPLES,NOTRANS
CONSUMER STAPLES,NOV
CONSUMER STAPLES,NOVABEV
CONSUMER STAPLES,NOVAKORM
CONSUMER STAPLES,NOVATOR
CONSUMER STAPLES,NOVAYA
CONSUMER STAPLES,NOVKA
CONSUMER STAPLES,NOVO-MAR
CONSUMER STAPLES,NOVSKAYA
CONSUMER STAPLES,NOVSKI
CONSUMER STAPLES,NOVSKIY
CONSUMER STAPLES,NOVSKOE
CONSUMER STAPLES,NOVSVIN
CONSUMER STAPLES,NOVY
CONSUMER STAPLES,NOYARSK
CONSUMER STAPLES,NOZEME
CONSUMER STAPLES,NOZEMY
CONSUMER STAPLES,NPF
CONSUMER STAPLES,NPI
CONSUMER STAPLES,NPRODUCT
CONSUMER STAPLES,NPRODUKT
CONSUMER STAPLES,NROG
CONSUMER STAPLES,NRUS
CONSUMER STAPLES,NRYBFLOT
CONSUMER STAPLES,NS-PROFI
CONSUMER STAPLES,NSALT
CONSUMER STAPLES,NSAVTO
CONSUMER STAPLES,NSBS
CONSUMER STAPLES,NSEMENA
CONSUMER STAPLES,NSERVIS
CONSUMER STAPLES,NSERVY
CONSUMER STAPLES,NSGRUPP
CONSUMER STAPLES,NSK
CONSUMER STAPLES,NSKAYA
CONSUMER STAPLES,"NSKAYA,"
CONSUMER STAPLES,NSKHLEB
CONSUMER STAPLES,NSKII
CONSUMER STAPLES,NSKIY
CONSUMER STAPLES,NSKOE
CONSUMER STAPLES,NSMARKET
CONSUMER STAPLES,NSONIYA
CONSUMER STAPLES,NSSIGMA
CONSUMER STAPLES,NSULTING
CONSUMER STAPLES,NT-AGRO
CONSUMER STAPLES,NT-FISH
CONSUMER STAPLES,NT-GROUP
CONSUMER STAPLES,NT-M
CONSUMER STAPLES,NT-OPT
CONSUMER STAPLES,NT-TREID
CONSUMER STAPLES,NTA
CONSUMER STAPLES,NTAGRO
CONSUMER STAPLES,NTAKT-77
CONSUMER STAPLES,NTAL
CONSUMER STAPLES,NTAL'
CONSUMER STAPLES,NTAL'-OMK
CONSUMER STAPLES,NTAR
CONSUMER STAPLES,NTAZH
CONSUMER STAPLES,NTEI
CONSUMER STAPLES,NTEK
CONSUMER STAPLES,NTEL
CONSUMER STAPLES,NTER
CONSUMER STAPLES,NTERBELKO
CONSUMER STAPLES,NTERFEED
CONSUMER STAPLES,NTERFOOD
CONSUMER STAPLES,NTERFUD
CONSUMER STAPLES,NTERLEND
CONSUMER STAPLES,NTERLINE
CONSUMER STAPLES,NTEROPT
CONSUMER STAPLES,NTERTORG
CONSUMER STAPLES,NTES
CONSUMER STAPLES,NTI
CONSUMER STAPLES,NTI-RUS
CONSUMER STAPLES,NTINENTAL
CONSUMER STAPLES,NTIS
CONSUMER STAPLES,NTO-2M
CONSUMER STAPLES,NTORG
CONSUMER STAPLES,NTORIUM
CONSUMER STAPLES,NTOS
CONSUMER STAPLES,NTR
CONSUMER STAPLES,NTRADE
CONSUMER STAPLES,NTREIDING
CONSUMER STAPLES,NTROSPIRT
CONSUMER STAPLES,NTS
CONSUMER STAPLES,NTSEVO
CONSUMER STAPLES,NTUR
CONSUMER STAPLES,NTYABR
CONSUMER STAPLES,NUSINSK
CONSUMER STAPLES,NVEST
CONSUMER STAPLES,NVEYOR
CONSUMER STAPLES,NVK
CONSUMER STAPLES,NY-KHLEB
CONSUMER STAPLES,NYA
CONSUMER STAPLES,NYA-GRAND
CONSUMER STAPLES,NYCHESKII
CONSUMER STAPLES,NYI
CONSUMER STAPLES,NZIT
CONSUMER STAPLES,Netkanika
CONSUMER STAPLES,NevaStar
CONSUMER STAPLES,New
CONSUMER STAPLES,NiceFruit
CONSUMER STAPLES,NovaBev
CONSUMER STAPLES,Nutricia
CONSUMER STAPLES,O'KEY
CONSUMER STAPLES,"O'KEY,"
CONSUMER STAPLES,O-2
CONSUMER STAPLES,O-2010
CONSUMER STAPLES,O-2M
CONSUMER STAPLES,O-AGRO
CONSUMER STAPLES,O-AL'YANS
CONSUMER STAPLES,O-ALKO
CONSUMER STAPLES,O-ALYANS
CONSUMER STAPLES,O-ARMAVIR
CONSUMER STAPLES,O-AVTO
CONSUMER STAPLES,O-BALT
CONSUMER STAPLES,O-BREYND
CONSUMER STAPLES,O-EYRTIL'
CONSUMER STAPLES,O-FARM
CONSUMER STAPLES,O-GRANDE
CONSUMER STAPLES,O-INVEST
CONSUMER STAPLES,O-K
CONSUMER STAPLES,O-KLEVER
CONSUMER STAPLES,O-KUBAN
CONSUMER STAPLES,O-LAB
CONSUMER STAPLES,O-MAR
CONSUMER STAPLES,O-MARKET
CONSUMER STAPLES,O-MEDIKA
CONSUMER STAPLES,O-N
CONSUMER STAPLES,O-OPT
CONSUMER STAPLES,O-PLYUS
CONSUMER STAPLES,O-PRO
CONSUMER STAPLES,O-PRODUKT
CONSUMER STAPLES,O-PROFI
CONSUMER STAPLES,O-ROST
CONSUMER STAPLES,O-SAKHAR
CONSUMER STAPLES,O-T
CONSUMER STAPLES,O-TABAK
CONSUMER STAPLES,O-TORG
CONSUMER STAPLES,O-TRADE
CONSUMER STAPLES,O-TREID
CONSUMER STAPLES,O-YUG
CONSUMER STAPLES,O-YUNITEY
CONSUMER STAPLES,O.LTD
CONSUMER STAPLES,OALYANS
CONSUMER STAPLES,OAO
CONSUMER STAPLES,"OARSK"""
CONSUMER STAPLES,OASPECT
CONSUMER STAPLES,OAZIS
CONSUMER STAPLES,OBAL
CONSUMER STAPLES,OBALCOS
CONSUMER STAPLES,OBALT
CONSUMER STAPLES,OBAR
CONSUMER STAPLES,OBEDA
CONSUMER STAPLES,OBEL
CONSUMER STAPLES,OBIAL
CONSUMER STAPLES,OBILIEN
CONSUMER STAPLES,OBIMEKS
CONSUMER STAPLES,OBIS
CONSUMER STAPLES,OBROF
CONSUMER STAPLES,OBROVSKII
CONSUMER STAPLES,OBUS
CONSUMER STAPLES,OCHAKOVO
CONSUMER STAPLES,OCHIY
CONSUMER STAPLES,OCHKA
CONSUMER STAPLES,OCHNYI
CONSUMER STAPLES,OCOL
CONSUMER STAPLES,OCOM
CONSUMER STAPLES,OCUSGROUP
CONSUMER STAPLES,OD-TSENTR
CONSUMER STAPLES,ODA
CONSUMER STAPLES,ODAR
CONSUMER STAPLES,ODAT'
CONSUMER STAPLES,ODER
CONSUMER STAPLES,ODETS
CONSUMER STAPLES,ODEXPO
CONSUMER STAPLES,ODIMEX
CONSUMER STAPLES,ODINA
CONSUMER STAPLES,ODINTORG
CONSUMER STAPLES,ODKA
CONSUMER STAPLES,ODMIR
CONSUMER STAPLES,ODNIK
CONSUMER STAPLES,ODNYI
CONSUMER STAPLES,ODO
CONSUMER STAPLES,ODOLEI
CONSUMER STAPLES,ODOM
CONSUMER STAPLES,ODONAGRO
CONSUMER STAPLES,ODONSKAYA
CONSUMER STAPLES,ODOPTTORG
CONSUMER STAPLES,ODOVALOV
CONSUMER STAPLES,ODPRODUKT
CONSUMER STAPLES,ODRYBA
CONSUMER STAPLES,ODS
CONSUMER STAPLES,ODSTVO
CONSUMER STAPLES,ODTORG
CONSUMER STAPLES,ODTRADE
CONSUMER STAPLES,ODTREID
CONSUMER STAPLES,ODUCT
CONSUMER STAPLES,ODUKT
CONSUMER STAPLES,ODUKT-K
CONSUMER STAPLES,ODUKTOV
CONSUMER STAPLES,ODVALCHIK
CONSUMER STAPLES,OE-2009
CONSUMER STAPLES,OEKSPORT
CONSUMER STAPLES,OEMER
CONSUMER STAPLES,OEV-KP
CONSUMER STAPLES,OEYKO-YUG
CONSUMER STAPLES,OFE
CONSUMER STAPLES,OFF
CONSUMER STAPLES,OFF-DON
CONSUMER STAPLES,OFI
CONSUMER STAPLES,OFI-TREID
CONSUMER STAPLES,OFINANS
CONSUMER STAPLES,OFIRM
CONSUMER STAPLES,OFIRMA
CONSUMER STAPLES,OFSERVIS
CONSUMER STAPLES,OGA
CONSUMER STAPLES,OGI
CONSUMER STAPLES,OGII
CONSUMER STAPLES,OGIKA
CONSUMER STAPLES,OGISTIC
CONSUMER STAPLES,OGISTICS
CONSUMER STAPLES,OGISTIK
CONSUMER STAPLES,OGISTIKA
CONSUMER STAPLES,OGIYA
CONSUMER STAPLES,OGLASIE
CONSUMER STAPLES,OGO-T
CONSUMER STAPLES,OGO-TREID
CONSUMER STAPLES,OGORSKAYA
CONSUMER STAPLES,OGRESS
CONSUMER STAPLES,OGROUP
CONSUMER STAPLES,OHIM
CONSUMER STAPLES,OHOLDING
CONSUMER STAPLES,OHOLOD
CONSUMER STAPLES,OIL
CONSUMER STAPLES,OILER
CONSUMER STAPLES,OIMPEX
CONSUMER STAPLES,OIMPORT
CONSUMER STAPLES,OINVEST
CONSUMER STAPLES,OITEL
CONSUMER STAPLES,OITSKOE
CONSUMER STAPLES,OIYA
CONSUMER STAPLES,OJECT
CONSUMER STAPLES,OK-1
CONSUMER STAPLES,OKA
CONSUMER STAPLES,OKAM
CONSUMER STAPLES,OKCH
CONSUMER STAPLES,OKEAN
CONSUMER STAPLES,OKHIMTORG
CONSUMER STAPLES,OKHLEB
CONSUMER STAPLES,OKISHAFT
CONSUMER STAPLES,OKLUB
CONSUMER STAPLES,OKO
CONSUMER STAPLES,OKOLAD
CONSUMER STAPLES,OKOMBINAT
CONSUMER STAPLES,OKOMPLEKS
CONSUMER STAPLES,OKORM
CONSUMER STAPLES,OKOSMETIK
CONSUMER STAPLES,OKROE
CONSUMER STAPLES,OKSET-S
CONSUMER STAPLES,OKSIMA
CONSUMER STAPLES,OKSTROT
CONSUMER STAPLES,OKTION
CONSUMER STAPLES,OKTYABR
CONSUMER STAPLES,OKTYABR'
CONSUMER STAPLES,OKUHNYA
CONSUMER STAPLES,OKUR
CONSUMER STAPLES,OL'
CONSUMER STAPLES,OL'E
CONSUMER STAPLES,OL-B
CONSUMER STAPLES,OLA
CONSUMER STAPLES,OLAD
CONSUMER STAPLES,OLDING
CONSUMER STAPLES,OLE
CONSUMER STAPLES,OLE-TREID
CONSUMER STAPLES,OLEASING
CONSUMER STAPLES,OLEI
CONSUMER STAPLES,OLEN
CONSUMER STAPLES,OLENSK
CONSUMER STAPLES,OLERANT
CONSUMER STAPLES,OLET
CONSUMER STAPLES,OLGA
CONSUMER STAPLES,OLGATREID
CONSUMER STAPLES,OLGOV
CONSUMER STAPLES,OLGOVSKOE
CONSUMER STAPLES,OLIMER
CONSUMER STAPLES,OLINA
CONSUMER STAPLES,OLINKA
CONSUMER STAPLES,OLIS
CONSUMER STAPLES,OLIT
CONSUMER STAPLES,OLIVA
CONSUMER STAPLES,OLIYA
CONSUMER STAPLES,OLKAISKII
CONSUMER STAPLES,OLNA
CONSUMER STAPLES,OLNOE
CONSUMER STAPLES,OLOCHIY
CONSUMER STAPLES,OLOCHNYI
CONSUMER STAPLES,OLOD
CONSUMER STAPLES,OLODETS
CONSUMER STAPLES,OLOGII
CONSUMER STAPLES,OLOGISTIK
CONSUMER STAPLES,OLOGIYA
CONSUMER STAPLES,OLOKO
CONSUMER STAPLES,OLOPOV
CONSUMER STAPLES,OLOSS
CONSUMER STAPLES,OLSKIY
CONSUMER STAPLES,OLTSO
CONSUMER STAPLES,OLUS
CONSUMER STAPLES,OLUT
CONSUMER STAPLES,OLVY
CONSUMER STAPLES,OLYUT
CONSUMER STAPLES,OLZAVOD
CONSUMER STAPLES,OLZHSKAYA
CONSUMER STAPLES,OLZHSKII
CONSUMER STAPLES,OM-AGRO
CONSUMER STAPLES,OM-OMSK
CONSUMER STAPLES,OMA
CONSUMER STAPLES,OMAISKII
CONSUMER STAPLES,OMAKLAB
CONSUMER STAPLES,OMARKET
CONSUMER STAPLES,OMARKET-S
CONSUMER STAPLES,OMARYVKA
CONSUMER STAPLES,OMASHKA
CONSUMER STAPLES,OMAT
CONSUMER STAPLES,OMBINAT
CONSUMER STAPLES,OMBIS
CONSUMER STAPLES,OMBYTKHIM
CONSUMER STAPLES,OMED
CONSUMER STAPLES,OMEK
CONSUMER STAPLES,OMEKSPO-N
CONSUMER STAPLES,OMETA
CONSUMER STAPLES,OMETEI
CONSUMER STAPLES,OMEYZ
CONSUMER STAPLES,OMI
CONSUMER STAPLES,OMIKA
CONSUMER STAPLES,OMILK
CONSUMER STAPLES,OMINANT
CONSUMER STAPLES,OMINTRADE
CONSUMER STAPLES,OMIR
CONSUMER STAPLES,OMK
CONSUMER STAPLES,OMKHIMIYA
CONSUMER STAPLES,OMKOR
CONSUMER STAPLES,OMMERCE
CONSUMER STAPLES,OMO
CONSUMER STAPLES,OMOL
CONSUMER STAPLES,OMORY
CONSUMER STAPLES,OMOS
CONSUMER STAPLES,OMP
CONSUMER STAPLES,OMPANIYA
CONSUMER STAPLES,OMPLEKS
CONSUMER STAPLES,OMPLEKT
CONSUMER STAPLES,OMSAKHAR
CONSUMER STAPLES,OMSERVIS
CONSUMER STAPLES,OMSK
CONSUMER STAPLES,OMZ
CONSUMER STAPLES,ON-2002
CONSUMER STAPLES,ON-AGRO
CONSUMER STAPLES,ON-BIZNES
CONSUMER STAPLES,ON-MARKET
CONSUMER STAPLES,ON-SERVIS
CONSUMER STAPLES,ON.RU
CONSUMER STAPLES,ON.SU
CONSUMER STAPLES,ONAGRO
CONSUMER STAPLES,ONAL
CONSUMER STAPLES,ONANS
CONSUMER STAPLES,ONAS-TRAD
CONSUMER STAPLES,ONBAI
CONSUMER STAPLES,OND
CONSUMER STAPLES,ONER
CONSUMER STAPLES,ONERY
CONSUMER STAPLES,ONEZH
CONSUMER STAPLES,ONI
CONSUMER STAPLES,ONICHI
CONSUMER STAPLES,ONIKS
CONSUMER STAPLES,ONIS
CONSUMER STAPLES,ONIS-1
CONSUMER STAPLES,ONIYA
CONSUMER STAPLES,ONOLIT
CONSUMER STAPLES,ONOM
CONSUMER STAPLES,ONOMIKA
CONSUMER STAPLES,ONOV
CONSUMER STAPLES,ONOVSKAYA
CONSUMER STAPLES,ONPRODUCT
CONSUMER STAPLES,ONPRODUKT
CONSUMER STAPLES,ONSALT
CONSUMER STAPLES,ONSERVY
CONSUMER STAPLES,ONSKAYA
CONSUMER STAPLES,ONSULTING
CONSUMER STAPLES,ONT
CONSUMER STAPLES,ONTA
CONSUMER STAPLES,ONTAKT-77
CONSUMER STAPLES,ONTI-RUS
CONSUMER STAPLES,ONTIS
CONSUMER STAPLES,ONTUR
CONSUMER STAPLES,ONVEYOR
CONSUMER STAPLES,OOD
CONSUMER STAPLES,OODS
CONSUMER STAPLES,OODTRADE
CONSUMER STAPLES,OOL-B
CONSUMER STAPLES,OOO
CONSUMER STAPLES,OPA
CONSUMER STAPLES,OPAK
CONSUMER STAPLES,OPASSNOST
CONSUMER STAPLES,OPFUD
CONSUMER STAPLES,OPITANIYA
CONSUMER STAPLES,OPLAST
CONSUMER STAPLES,OPLVZ
CONSUMER STAPLES,OPOLE
CONSUMER STAPLES,OPOLIS
CONSUMER STAPLES,OPOLSKIY
CONSUMER STAPLES,OPOLUS
CONSUMER STAPLES,OPOV
CONSUMER STAPLES,OPRIME
CONSUMER STAPLES,OPRO
CONSUMER STAPLES,OPRODUCT
CONSUMER STAPLES,OPRODUKT
CONSUMER STAPLES,OPROFI
CONSUMER STAPLES,OPROM
CONSUMER STAPLES,OPROTEIN
CONSUMER STAPLES,OPT
CONSUMER STAPLES,OPTHOLOD
CONSUMER STAPLES,OPTIMA
CONSUMER STAPLES,OPTIMAL
CONSUMER STAPLES,OPTIMUM
CONSUMER STAPLES,OPTINA
CONSUMER STAPLES,OPTMARKET
CONSUMER STAPLES,OPTTORG
CONSUMER STAPLES,OR-S
CONSUMER STAPLES,ORA
CONSUMER STAPLES,ORADA
CONSUMER STAPLES,ORAN
CONSUMER STAPLES,ORATION
CONSUMER STAPLES,ORATOR
CONSUMER STAPLES,ORATORIA
CONSUMER STAPLES,ORD
CONSUMER STAPLES,ORDSNAB
CONSUMER STAPLES,OREATREID
CONSUMER STAPLES,ORECHYE
CONSUMER STAPLES,OREKHPROM
CONSUMER STAPLES,ORELMASLO
CONSUMER STAPLES,ORES
CONSUMER STAPLES,ORF
CONSUMER STAPLES,ORFEY
CONSUMER STAPLES,ORG
CONSUMER STAPLES,ORG-PLUS
CONSUMER STAPLES,ORGAKTIV
CONSUMER STAPLES,ORGOVAYA
CONSUMER STAPLES,ORGPRED
CONSUMER STAPLES,ORGREIT
CONSUMER STAPLES,ORIA
CONSUMER STAPLES,ORIKS
CONSUMER STAPLES,ORILSKIY
CONSUMER STAPLES,ORIMI
CONSUMER STAPLES,ORINDA
CONSUMER STAPLES,ORION
CONSUMER STAPLES,ORIT
CONSUMER STAPLES,ORITEIL
CONSUMER STAPLES,ORITET
CONSUMER STAPLES,ORIUM
CONSUMER STAPLES,ORIYA
CONSUMER STAPLES,ORIZONT
CONSUMER STAPLES,ORJOMI
CONSUMER STAPLES,ORK
CONSUMER STAPLES,ORM
CONSUMER STAPLES,ORMA
CONSUMER STAPLES,ORMAT
CONSUMER STAPLES,OROD
CONSUMER STAPLES,ORODNYI
CONSUMER STAPLES,ORODRYBA
CONSUMER STAPLES,OROK
CONSUMER STAPLES,ORONEZH
CONSUMER STAPLES,ORONICHI
CONSUMER STAPLES,OROSSIISK
CONSUMER STAPLES,OROVA
CONSUMER STAPLES,OROZ
CONSUMER STAPLES,OROZHNIK
CONSUMER STAPLES,OROZKA
CONSUMER STAPLES,OROZKO
CONSUMER STAPLES,ORPOST
CONSUMER STAPLES,ORRYBFLOT
CONSUMER STAPLES,ORS
CONSUMER STAPLES,ORSKAYA
CONSUMER STAPLES,ORSKOE
CONSUMER STAPLES,ORSLON.RU
CONSUMER STAPLES,ORSOLOD
CONSUMER STAPLES,ORT
CONSUMER STAPLES,ORTA
CONSUMER STAPLES,ORTER
CONSUMER STAPLES,ORTH
CONSUMER STAPLES,ORTUNA
CONSUMER STAPLES,ORTWINE
CONSUMER STAPLES,ORUM
CONSUMER STAPLES,ORVARD
CONSUMER STAPLES,ORY
CONSUMER STAPLES,ORZDRAV
CONSUMER STAPLES,ORZHETS
CONSUMER STAPLES,OS-LAND
CONSUMER STAPLES,OSAKHAR
CONSUMER STAPLES,OSC
CONSUMER STAPLES,OSCOW
CONSUMER STAPLES,OSELSKIY
CONSUMER STAPLES,OSERVIS
CONSUMER STAPLES,OSEYDON
CONSUMER STAPLES,OSFARM
CONSUMER STAPLES,OSH
CONSUMER STAPLES,OSHA
CONSUMER STAPLES,OSHKO
CONSUMER STAPLES,OSHOD
CONSUMER STAPLES,OSIBIR
CONSUMER STAPLES,OSIBIRSK
CONSUMER STAPLES,OSINKA
CONSUMER STAPLES,OSKA
CONSUMER STAPLES,OSKA-DVA
CONSUMER STAPLES,OSKHOD
CONSUMER STAPLES,OSKOLE
CONSUMER STAPLES,OSMART
CONSUMER STAPLES,OSMETIC
CONSUMER STAPLES,OSMETIK
CONSUMER STAPLES,OSMETIKS
CONSUMER STAPLES,OSMOL
CONSUMER STAPLES,OSMOPROFI
CONSUMER STAPLES,OSMOTRADE
CONSUMER STAPLES,OSMOTREID
CONSUMER STAPLES,OSOVSKOE
CONSUMER STAPLES,OSOYUZ
CONSUMER STAPLES,OSPIRT
CONSUMER STAPLES,OSPRODUCT
CONSUMER STAPLES,OSPRODUKT
CONSUMER STAPLES,OSS
CONSUMER STAPLES,OSSICH
CONSUMER STAPLES,OSSIISK
CONSUMER STAPLES,OST
CONSUMER STAPLES,OST'
CONSUMER STAPLES,OST-ODER
CONSUMER STAPLES,OSTAGRO
CONSUMER STAPLES,OSTANDART
CONSUMER STAPLES,OSTAVKA
CONSUMER STAPLES,OSTFUD
CONSUMER STAPLES,OSTIL-M
CONSUMER STAPLES,OSTOCHNYI
CONSUMER STAPLES,OSTOK
CONSUMER STAPLES,OSTROV
CONSUMER STAPLES,OSVZ
CONSUMER STAPLES,OTAVA
CONSUMER STAPLES,OTECTFEED
CONSUMER STAPLES,OTEIN
CONSUMER STAPLES,OTEK
CONSUMER STAPLES,OTEKA
CONSUMER STAPLES,OTERMINAL
CONSUMER STAPLES,OTIDA
CONSUMER STAPLES,OTK
CONSUMER STAPLES,OTKA
CONSUMER STAPLES,OTNIK
CONSUMER STAPLES,OTOS-LAND
CONSUMER STAPLES,OTOVO
CONSUMER STAPLES,OTRADA
CONSUMER STAPLES,OTRADE
CONSUMER STAPLES,OTRANS
CONSUMER STAPLES,OTRANZIT
CONSUMER STAPLES,OTREID
CONSUMER STAPLES,OTREIDING
CONSUMER STAPLES,OTSVET
CONSUMER STAPLES,OTTLERS
CONSUMER STAPLES,OUP
CONSUMER STAPLES,OURCE
CONSUMER STAPLES,OUST
CONSUMER STAPLES,OVA
CONSUMER STAPLES,OVABEV
CONSUMER STAPLES,OVAKORM
CONSUMER STAPLES,OVALOV
CONSUMER STAPLES,OVATOR
CONSUMER STAPLES,OVAYA
CONSUMER STAPLES,OVENT-M
CONSUMER STAPLES,OVERDE
CONSUMER STAPLES,OVETS
CONSUMER STAPLES,OVETSKOE
CONSUMER STAPLES,OVIMI
CONSUMER STAPLES,OVIRAZH
CONSUMER STAPLES,OVKA
CONSUMER STAPLES,OVNIKI
CONSUMER STAPLES,OVO
CONSUMER STAPLES,OVO-2
CONSUMER STAPLES,OVO-ALKO
CONSUMER STAPLES,OVO-MAR
CONSUMER STAPLES,OVOE-2009
CONSUMER STAPLES,OVOL
CONSUMER STAPLES,OVOSAKHAR
CONSUMER STAPLES,OVOZOV
CONSUMER STAPLES,OVSKAYA
CONSUMER STAPLES,OVSKI
CONSUMER STAPLES,OVSKII
CONSUMER STAPLES,OVSKIY
CONSUMER STAPLES,OVSKOE
CONSUMER STAPLES,OVSVIN
CONSUMER STAPLES,OVY
CONSUMER STAPLES,OVYI
CONSUMER STAPLES,OYALINO
CONSUMER STAPLES,OYARSK
CONSUMER STAPLES,OYSERVICE
CONSUMER STAPLES,OYUZ
CONSUMER STAPLES,OYUZ-22
CONSUMER STAPLES,OYUZ-M
CONSUMER STAPLES,OYUZ-TTM
CONSUMER STAPLES,OYUZSNAB
CONSUMER STAPLES,OZ-TD
CONSUMER STAPLES,OZA
CONSUMER STAPLES,OZAN
CONSUMER STAPLES,OZAPAD
CONSUMER STAPLES,OZBI
CONSUMER STAPLES,OZEME
CONSUMER STAPLES,OZEMY
CONSUMER STAPLES,OZERNY
CONSUMER STAPLES,OZHNIK
CONSUMER STAPLES,OZINSKOE
CONSUMER STAPLES,OZKA
CONSUMER STAPLES,OZKO
CONSUMER STAPLES,OZMARIN
CONSUMER STAPLES,OZOV
CONSUMER STAPLES,OZYAIN
CONSUMER STAPLES,Oktion
CONSUMER STAPLES,Omega
CONSUMER STAPLES,Orel
CONSUMER STAPLES,Orsis
CONSUMER STAPLES,Otradnoe
CONSUMER STAPLES,P-TYUMEN
CONSUMER STAPLES,PACK
CONSUMER STAPLES,PAD
CONSUMER STAPLES,PAK
CONSUMER STAPLES,PALLADA
CONSUMER STAPLES,PANIYA
CONSUMER STAPLES,PARADIZ
CONSUMER STAPLES,PARFYUM
CONSUMER STAPLES,PARTNER
CONSUMER STAPLES,PASSIM
CONSUMER STAPLES,PASSKOE
CONSUMER STAPLES,PASSNOST
CONSUMER STAPLES,PECHENYA
CONSUMER STAPLES,PECHKA
CONSUMER STAPLES,PECT
CONSUMER STAPLES,PEKAR
CONSUMER STAPLES,PEKS
CONSUMER STAPLES,PEKTIVA
CONSUMER STAPLES,PEKTR
CONSUMER STAPLES,PELLA
CONSUMER STAPLES,PER
CONSUMER STAPLES,PERAVI
CONSUMER STAPLES,PEREKHOD
CONSUMER STAPLES,PERGLOBUS
CONSUMER STAPLES,PERIAL
CONSUMER STAPLES,PERIYAYUG
CONSUMER STAPLES,PETELINO
CONSUMER STAPLES,PETFOOD
CONSUMER STAPLES,PETSK
CONSUMER STAPLES,PETSSNAB
CONSUMER STAPLES,PEX
CONSUMER STAPLES,PEYK
CONSUMER STAPLES,PEZA
CONSUMER STAPLES,PFC
CONSUMER STAPLES,PFIR
CONSUMER STAPLES,PFUD
CONSUMER STAPLES,PFV
CONSUMER STAPLES,PHARM
CONSUMER STAPLES,PHARMA
CONSUMER STAPLES,PHARMACIA
CONSUMER STAPLES,PI-Ariant
CONSUMER STAPLES,PI-TREID
CONSUMER STAPLES,PICKNICK
CONSUMER STAPLES,PIGINSKOE
CONSUMER STAPLES,PIK
CONSUMER STAPLES,PIMED
CONSUMER STAPLES,PINA
CONSUMER STAPLES,PINO
CONSUMER STAPLES,PIONER
CONSUMER STAPLES,PIRT
CONSUMER STAPLES,PIRTPROM
CONSUMER STAPLES,PITAL
CONSUMER STAPLES,PITANIYA
CONSUMER STAPLES,PITER
CONSUMER STAPLES,PIVO
CONSUMER STAPLES,PIVSTAR
CONSUMER STAPLES,PKF
CONSUMER STAPLES,PLAST
CONSUMER STAPLES,PLASTEK
CONSUMER STAPLES,PLAT
CONSUMER STAPLES,PLE
CONSUMER STAPLES,PLEKS
CONSUMER STAPLES,PLEKT
CONSUMER STAPLES,PLEMZAVOD
CONSUMER STAPLES,PLUS
CONSUMER STAPLES,PLUTON
CONSUMER STAPLES,PLVZ
CONSUMER STAPLES,PLYUS
CONSUMER STAPLES,PMP
CONSUMER STAPLES,PMSM
CONSUMER STAPLES,PO-N
CONSUMER STAPLES,POBEDA
CONSUMER STAPLES,POLE
CONSUMER STAPLES,POLIMER
CONSUMER STAPLES,POLIS
CONSUMER STAPLES,POLSKIY
CONSUMER STAPLES,POLUS
CONSUMER STAPLES,PONTIS
CONSUMER STAPLES,PORATION
CONSUMER STAPLES,PORT
CONSUMER STAPLES,PORTA
CONSUMER STAPLES,PORTER
CONSUMER STAPLES,POSEYDON
CONSUMER STAPLES,POST
CONSUMER STAPLES,POST'
CONSUMER STAPLES,POSTAVKA
CONSUMER STAPLES,POTRANS
CONSUMER STAPLES,POTREID
CONSUMER STAPLES,POV
CONSUMER STAPLES,POZ
CONSUMER STAPLES,POZ-TD
CONSUMER STAPLES,PP-TYUMEN
CONSUMER STAPLES,PPF
CONSUMER STAPLES,PPP
CONSUMER STAPLES,PRED
CONSUMER STAPLES,PREL
CONSUMER STAPLES,PREMER
CONSUMER STAPLES,PREMIER
CONSUMER STAPLES,PRESS
CONSUMER STAPLES,PRIBOI
CONSUMER STAPLES,PRIL
CONSUMER STAPLES,PRIM
CONSUMER STAPLES,PRIME
CONSUMER STAPLES,PRIMTEX
CONSUMER STAPLES,PRIORITET
CONSUMER STAPLES,PRIOSKOLE
CONSUMER STAPLES,PRIVOLE
CONSUMER STAPLES,PRO
CONSUMER STAPLES,PROD
CONSUMER STAPLES,PRODEXPO
CONSUMER STAPLES,PRODIMEX
CONSUMER STAPLES,PRODMIR
CONSUMER STAPLES,PRODO
CONSUMER STAPLES,PRODTORG
CONSUMER STAPLES,PRODTREID
CONSUMER STAPLES,PRODUCT
CONSUMER STAPLES,PRODUKT
CONSUMER STAPLES,PRODUKT-K
CONSUMER STAPLES,PRODUKTOV
CONSUMER STAPLES,PROFI
CONSUMER STAPLES,PROGRESS
CONSUMER STAPLES,PROJECT
CONSUMER STAPLES,PROKSIMA
CONSUMER STAPLES,PROM
CONSUMER STAPLES,PROMETEI
CONSUMER STAPLES,PROMO
CONSUMER STAPLES,PROTEIN
CONSUMER STAPLES,PROTEK
CONSUMER STAPLES,PROVIMI
CONSUMER STAPLES,PS-Ural
CONSUMER STAPLES,PSIBKHLEB
CONSUMER STAPLES,PSO
CONSUMER STAPLES,PSOLIYA
CONSUMER STAPLES,PTEKA
CONSUMER STAPLES,PTHOLOD
CONSUMER STAPLES,PTICETORG
CONSUMER STAPLES,PTIMA
CONSUMER STAPLES,PTIMAL
CONSUMER STAPLES,PTIMUM
CONSUMER STAPLES,PTINA
CONSUMER STAPLES,PTIS
CONSUMER STAPLES,PTITSA
CONSUMER STAPLES,PTK
CONSUMER STAPLES,PTMARKET
CONSUMER STAPLES,PTMBR
CONSUMER STAPLES,PTON
CONSUMER STAPLES,PTORG
CONSUMER STAPLES,PTTORG
CONSUMER STAPLES,PUBLIKA
CONSUMER STAPLES,PUDOFF
CONSUMER STAPLES,PUL
CONSUMER STAPLES,PUL'S
CONSUMER STAPLES,PULS
CONSUMER STAPLES,PULSPRO
CONSUMER STAPLES,PUNOVSKI
CONSUMER STAPLES,PUTNIK
CONSUMER STAPLES,Panamax
CONSUMER STAPLES,Partner-M
CONSUMER STAPLES,Persey
CONSUMER STAPLES,Petro
CONSUMER STAPLES,PiR-PAK
CONSUMER STAPLES,Planeta
CONSUMER STAPLES,Plodovoe
CONSUMER STAPLES,Plus
CONSUMER STAPLES,Polini
CONSUMER STAPLES,Pro
CONSUMER STAPLES,ProShop
CONSUMER STAPLES,Prod-Torg
CONSUMER STAPLES,ProdSnack
CONSUMER STAPLES,Prom
CONSUMER STAPLES,Prometey
CONSUMER STAPLES,Ptitsa
CONSUMER STAPLES,Pudoff.
CONSUMER STAPLES,R'EVSKAYA
CONSUMER STAPLES,R-AGRO
CONSUMER STAPLES,R-GRUPP
CONSUMER STAPLES,R-PAK
CONSUMER STAPLES,R-PROD
CONSUMER STAPLES,R-S
CONSUMER STAPLES,R-SKLAD
CONSUMER STAPLES,R-TREID
CONSUMER STAPLES,RA-DON
CONSUMER STAPLES,RABICA
CONSUMER STAPLES,RABOTKA
CONSUMER STAPLES,RAD
CONSUMER STAPLES,RADA
CONSUMER STAPLES,RADE
CONSUMER STAPLES,RADEZH
CONSUMER STAPLES,RADIENT
CONSUMER STAPLES,RADING
CONSUMER STAPLES,RADITSIYA
CONSUMER STAPLES,RADIUS
CONSUMER STAPLES,RADIZ
CONSUMER STAPLES,RADUGA
CONSUMER STAPLES,RADUS
CONSUMER STAPLES,RADUSI
CONSUMER STAPLES,RAFT
CONSUMER STAPLES,RAGARIYA
CONSUMER STAPLES,RAGMAFARM
CONSUMER STAPLES,RAIN
CONSUMER STAPLES,RAINLINE
CONSUMER STAPLES,RAIT-K
CONSUMER STAPLES,RAIZ
CONSUMER STAPLES,RAKESH
CONSUMER STAPLES,RAKURS
CONSUMER STAPLES,RALKO-OPT
CONSUMER STAPLES,RALRYBA
CONSUMER STAPLES,RALSKAYA
CONSUMER STAPLES,RALSKIY
CONSUMER STAPLES,RAM
CONSUMER STAPLES,RAMEAT
CONSUMER STAPLES,RAN
CONSUMER STAPLES,RAND
CONSUMER STAPLES,RAND-NN
CONSUMER STAPLES,RAND-S
CONSUMER STAPLES,RANDE
CONSUMER STAPLES,RANDFARM
CONSUMER STAPLES,RANDS
CONSUMER STAPLES,RANENBURG
CONSUMER STAPLES,RANIT
CONSUMER STAPLES,RANKORM
CONSUMER STAPLES,RANS
CONSUMER STAPLES,RANSAVTO
CONSUMER STAPLES,RANSGRUPP
CONSUMER STAPLES,RANSSIGMA
CONSUMER STAPLES,RANT
CONSUMER STAPLES,RANTAGRO
CONSUMER STAPLES,RANZIT
CONSUMER STAPLES,RAPEZA
CONSUMER STAPLES,RAPSOLIYA
CONSUMER STAPLES,RAR
CONSUMER STAPLES,RASIA
CONSUMER STAPLES,RASIANO
CONSUMER STAPLES,RASS
CONSUMER STAPLES,RASSVET
CONSUMER STAPLES,RAT
CONSUMER STAPLES,RATIMIR
CONSUMER STAPLES,RATION
CONSUMER STAPLES,RATOR
CONSUMER STAPLES,RATORG
CONSUMER STAPLES,RATORIA
CONSUMER STAPLES,RATOV
CONSUMER STAPLES,RATSEL'S
CONSUMER STAPLES,RATSIYA
CONSUMER STAPLES,RATUM
CONSUMER STAPLES,RAU
CONSUMER STAPLES,RAV
CONSUMER STAPLES,RAVA
CONSUMER STAPLES,RAVAI
CONSUMER STAPLES,RAVI
CONSUMER STAPLES,RAYK
CONSUMER STAPLES,RAZDOL'E
CONSUMER STAPLES,RAZDOLNOE
CONSUMER STAPLES,RAZH
CONSUMER STAPLES,RAZVITIE
CONSUMER STAPLES,RBAEVO
CONSUMER STAPLES,RBELKO
CONSUMER STAPLES,RBITSKAYA
CONSUMER STAPLES,RCE
CONSUMER STAPLES,RCHESKAYA
CONSUMER STAPLES,RCOM
CONSUMER STAPLES,RD-KURSK
CONSUMER STAPLES,RD-TAMBOV
CONSUMER STAPLES,RDE
CONSUMER STAPLES,RDEI
CONSUMER STAPLES,RDM-AGRO
CONSUMER STAPLES,RDSNAB
CONSUMER STAPLES,RDYMSPIRT
CONSUMER STAPLES,RDZHEM
CONSUMER STAPLES,RDZHIES
CONSUMER STAPLES,REALCAPS
CONSUMER STAPLES,REATREID
CONSUMER STAPLES,RECHYE
CONSUMER STAPLES,RED
CONSUMER STAPLES,REDA
CONSUMER STAPLES,REDICO
CONSUMER STAPLES,REDIENT
CONSUMER STAPLES,REDIENTS
CONSUMER STAPLES,REDO
CONSUMER STAPLES,REDOS
CONSUMER STAPLES,REEDING
CONSUMER STAPLES,REEN
CONSUMER STAPLES,REEVO
CONSUMER STAPLES,REG
CONSUMER STAPLES,REGA
CONSUMER STAPLES,REGION
CONSUMER STAPLES,REI
CONSUMER STAPLES,REID
CONSUMER STAPLES,REIDAGRO
CONSUMER STAPLES,REIDING
CONSUMER STAPLES,REIN
CONSUMER STAPLES,REINRUS
CONSUMER STAPLES,REIT
CONSUMER STAPLES,REK
CONSUMER STAPLES,REKHOD
CONSUMER STAPLES,REKHPROM
CONSUMER STAPLES,REKORD
CONSUMER STAPLES,REL
CONSUMER STAPLES,RELETS
CONSUMER STAPLES,RELMASLO
CONSUMER STAPLES,REMER
CONSUMER STAPLES,REMIER
CONSUMER STAPLES,REMIKS
CONSUMER STAPLES,REMUSHKI
CONSUMER STAPLES,REN
CONSUMER STAPLES,REND
CONSUMER STAPLES,RENNA
CONSUMER STAPLES,REPOST'
CONSUMER STAPLES,RERABOTKA
CONSUMER STAPLES,RES
CONSUMER STAPLES,RESENSK
CONSUMER STAPLES,RESHFRUT
CONSUMER STAPLES,RESOURCE
CONSUMER STAPLES,RESS
CONSUMER STAPLES,REST
CONSUMER STAPLES,RESTYANKA
CONSUMER STAPLES,RESURS
CONSUMER STAPLES,"RESURS"""
CONSUMER STAPLES,RET
CONSUMER STAPLES,RETAIL
CONSUMER STAPLES,RETT
CONSUMER STAPLES,REVENSKOE
CONSUMER STAPLES,REYD
CONSUMER STAPLES,REYID
CONSUMER STAPLES,REYIN
CONSUMER STAPLES,REYINKOR
CONSUMER STAPLES,REYITKOMP
CONSUMER STAPLES,REYKSPORT
CONSUMER STAPLES,REYND
CONSUMER STAPLES,REZA
CONSUMER STAPLES,REZERV
CONSUMER STAPLES,REZHNAYA
CONSUMER STAPLES,REZONANS
CONSUMER STAPLES,RFC
CONSUMER STAPLES,RFEED
CONSUMER STAPLES,RFEY
CONSUMER STAPLES,RFOOD
CONSUMER STAPLES,RFUD
CONSUMER STAPLES,RFYUM
CONSUMER STAPLES,RG-LYUKS
CONSUMER STAPLES,RG-PLUS
CONSUMER STAPLES,RGAKTIV
CONSUMER STAPLES,RGARON
CONSUMER STAPLES,RGETIC
CONSUMER STAPLES,RGILL
CONSUMER STAPLES,RGIYA
CONSUMER STAPLES,RGKOM
CONSUMER STAPLES,RGLOBUS
CONSUMER STAPLES,RGO
CONSUMER STAPLES,RGOVAYA
CONSUMER STAPLES,RGPRED
CONSUMER STAPLES,RGREIT
CONSUMER STAPLES,RGUS
CONSUMER STAPLES,RGUTSKOE
CONSUMER STAPLES,RIA
CONSUMER STAPLES,RIA-RA
CONSUMER STAPLES,RIAL
CONSUMER STAPLES,RIANT
CONSUMER STAPLES,RIBOI
CONSUMER STAPLES,RICH
CONSUMER STAPLES,RIDIAN
CONSUMER STAPLES,RIEL
CONSUMER STAPLES,RIES
CONSUMER STAPLES,RIF
CONSUMER STAPLES,RIGA
CONSUMER STAPLES,RIGON
CONSUMER STAPLES,RIGORSKOE
CONSUMER STAPLES,RII
CONSUMER STAPLES,RIK
CONSUMER STAPLES,RIKA
CONSUMER STAPLES,RIKO
CONSUMER STAPLES,RIKOND
CONSUMER STAPLES,RIKS
CONSUMER STAPLES,RIL
CONSUMER STAPLES,RILSKIY
CONSUMER STAPLES,RIM
CONSUMER STAPLES,RIME
CONSUMER STAPLES,RIMI
CONSUMER STAPLES,RIMTEX
CONSUMER STAPLES,RIN
CONSUMER STAPLES,RINA
CONSUMER STAPLES,RINBERRI
CONSUMER STAPLES,RINDA
CONSUMER STAPLES,RINE
CONSUMER STAPLES,RINITI
CONSUMER STAPLES,RINKOF
CONSUMER STAPLES,RINSKOE
CONSUMER STAPLES,RINT
CONSUMER STAPLES,RINTEK
CONSUMER STAPLES,RIO
CONSUMER STAPLES,RION
CONSUMER STAPLES,RIORITET
CONSUMER STAPLES,RIOSKOLE
CONSUMER STAPLES,RIOVERDE
CONSUMER STAPLES,RIPTON
CONSUMER STAPLES,RIS
CONSUMER STAPLES,RISOVAYA
CONSUMER STAPLES,RISP
CONSUMER STAPLES,RISTALL
CONSUMER STAPLES,RIT
CONSUMER STAPLES,RITAL
CONSUMER STAPLES,RITEIL
CONSUMER STAPLES,RITEK
CONSUMER STAPLES,RITER
CONSUMER STAPLES,RITET
CONSUMER STAPLES,RIUM
CONSUMER STAPLES,RIUMF
CONSUMER STAPLES,RIUS
CONSUMER STAPLES,RIV'ERA
CONSUMER STAPLES,RIVOLE
CONSUMER STAPLES,RIVSKOE
CONSUMER STAPLES,RIYA
CONSUMER STAPLES,RIYA-AGRO
CONSUMER STAPLES,RIYAYUG
CONSUMER STAPLES,RIZONT
CONSUMER STAPLES,RJOMI
CONSUMER STAPLES,RKA
CONSUMER STAPLES,RKAFARM
CONSUMER STAPLES,RKET
CONSUMER STAPLES,RKET-KA
CONSUMER STAPLES,RKET-S
CONSUMER STAPLES,RKETING
CONSUMER STAPLES,RKHOL
CONSUMER STAPLES,RKIZOVO
CONSUMER STAPLES,RKOL
CONSUMER STAPLES,RKOVSKOE
CONSUMER STAPLES,RKULES-M
CONSUMER STAPLES,RKURII
CONSUMER STAPLES,RKZ-TAVR
CONSUMER STAPLES,RLAN
CONSUMER STAPLES,RLEND
CONSUMER STAPLES,RLIC
CONSUMER STAPLES,RLINE
CONSUMER STAPLES,RM-GROUP
CONSUMER STAPLES,RMA
CONSUMER STAPLES,RMACIA
CONSUMER STAPLES,RMAIMPEKS
CONSUMER STAPLES,RMALA
CONSUMER STAPLES,RMALEK
CONSUMER STAPLES,RMAN
CONSUMER STAPLES,RMAT
CONSUMER STAPLES,RMATSIYA
CONSUMER STAPLES,RMAVIR
CONSUMER STAPLES,RMAZ
CONSUMER STAPLES,RMEN
CONSUMER STAPLES,RMINAL
CONSUMER STAPLES,RMIYA
CONSUMER STAPLES,RMLEND
CONSUMER STAPLES,RMONIYA
CONSUMER STAPLES,RMV
CONSUMER STAPLES,RMY
CONSUMER STAPLES,RNA
CONSUMER STAPLES,RNAYA
CONSUMER STAPLES,RNEG
CONSUMER STAPLES,RNEST
CONSUMER STAPLES,RNICA
CONSUMER STAPLES,RNIKOV
CONSUMER STAPLES,RNO
CONSUMER STAPLES,RNO-TRADE
CONSUMER STAPLES,RNOTRADE
CONSUMER STAPLES,RNOZEME
CONSUMER STAPLES,RNOZEMY
CONSUMER STAPLES,RNY
CONSUMER STAPLES,RNYI
CONSUMER STAPLES,RO-2010
CONSUMER STAPLES,RO-ALYANS
CONSUMER STAPLES,RO-AVTO
CONSUMER STAPLES,RO-INVEST
CONSUMER STAPLES,RO-KLEVER
CONSUMER STAPLES,RO-KUBAN
CONSUMER STAPLES,RO-MARKET
CONSUMER STAPLES,RO-MEDIKA
CONSUMER STAPLES,RO-N
CONSUMER STAPLES,RO-PLYUS
CONSUMER STAPLES,RO-PRO
CONSUMER STAPLES,RO-ROST
CONSUMER STAPLES,RO-SAKHAR
CONSUMER STAPLES,RO-TORG
CONSUMER STAPLES,ROALYANS
CONSUMER STAPLES,ROASPECT
CONSUMER STAPLES,ROBALT
CONSUMER STAPLES,ROBAR
CONSUMER STAPLES,ROBEL
CONSUMER STAPLES,ROBIAL
CONSUMER STAPLES,ROCOM
CONSUMER STAPLES,ROD
CONSUMER STAPLES,RODEXPO
CONSUMER STAPLES,RODIMEX
CONSUMER STAPLES,RODINA
CONSUMER STAPLES,RODINTORG
CONSUMER STAPLES,RODMIR
CONSUMER STAPLES,RODNIK
CONSUMER STAPLES,RODNYI
CONSUMER STAPLES,RODO
CONSUMER STAPLES,RODOM
CONSUMER STAPLES,RODRYBA
CONSUMER STAPLES,RODTORG
CONSUMER STAPLES,RODTREID
CONSUMER STAPLES,RODUCT
CONSUMER STAPLES,RODUKT
CONSUMER STAPLES,RODUKT-K
CONSUMER STAPLES,RODUKTOV
CONSUMER STAPLES,ROE
CONSUMER STAPLES,ROEKSPORT
CONSUMER STAPLES,ROEMER
CONSUMER STAPLES,ROF
CONSUMER STAPLES,ROFI
CONSUMER STAPLES,ROFINANS
CONSUMER STAPLES,ROFIRM
CONSUMER STAPLES,ROFIRMA
CONSUMER STAPLES,ROFSERVIS
CONSUMER STAPLES,ROG
CONSUMER STAPLES,ROGRESS
CONSUMER STAPLES,ROGROUP
CONSUMER STAPLES,ROHIM
CONSUMER STAPLES,ROHOLDING
CONSUMER STAPLES,ROI
CONSUMER STAPLES,ROILER
CONSUMER STAPLES,ROIMPEX
CONSUMER STAPLES,ROIMPORT
CONSUMER STAPLES,ROINVEST
CONSUMER STAPLES,ROITEL
CONSUMER STAPLES,ROITSKOE
CONSUMER STAPLES,ROJECT
CONSUMER STAPLES,ROK
CONSUMER STAPLES,ROK-1
CONSUMER STAPLES,ROKAM
CONSUMER STAPLES,ROKLUB
CONSUMER STAPLES,ROKSET-S
CONSUMER STAPLES,ROKSIMA
CONSUMER STAPLES,ROKUHNYA
CONSUMER STAPLES,ROLEN
CONSUMER STAPLES,ROM
CONSUMER STAPLES,ROMA
CONSUMER STAPLES,ROMAKLAB
CONSUMER STAPLES,ROMARYVKA
CONSUMER STAPLES,ROMASHKA
CONSUMER STAPLES,ROMAT
CONSUMER STAPLES,ROMETEI
CONSUMER STAPLES,ROMIR
CONSUMER STAPLES,ROMKOR
CONSUMER STAPLES,ROMO
CONSUMER STAPLES,ROMSAKHAR
CONSUMER STAPLES,RON
CONSUMER STAPLES,RONEZH
CONSUMER STAPLES,RONICHI
CONSUMER STAPLES,RONOM
CONSUMER STAPLES,RONOMIKA
CONSUMER STAPLES,ROPAK
CONSUMER STAPLES,ROPOLIS
CONSUMER STAPLES,ROPOLSKIY
CONSUMER STAPLES,ROPRIME
CONSUMER STAPLES,ROPRO
CONSUMER STAPLES,ROPRODUKT
CONSUMER STAPLES,ROPROM
CONSUMER STAPLES,ROPT
CONSUMER STAPLES,RORA
CONSUMER STAPLES,RORITEIL
CONSUMER STAPLES,ROS
CONSUMER STAPLES,ROSERVIS
CONSUMER STAPLES,ROSFARM
CONSUMER STAPLES,ROSIBIR
CONSUMER STAPLES,ROSINKA
CONSUMER STAPLES,ROSMART
CONSUMER STAPLES,ROSMOL
CONSUMER STAPLES,ROSOYUZ
CONSUMER STAPLES,ROSPIRT
CONSUMER STAPLES,ROSSICH
CONSUMER STAPLES,ROSSIISK
CONSUMER STAPLES,ROST
CONSUMER STAPLES,ROST-ODER
CONSUMER STAPLES,ROSTAGRO
CONSUMER STAPLES,ROSTFUD
CONSUMER STAPLES,ROSTIL-M
CONSUMER STAPLES,ROSTOK
CONSUMER STAPLES,ROT
CONSUMER STAPLES,ROTEIN
CONSUMER STAPLES,ROTEK
CONSUMER STAPLES,ROTRADE
CONSUMER STAPLES,ROTRANS
CONSUMER STAPLES,ROTRANZIT
CONSUMER STAPLES,ROUP
CONSUMER STAPLES,ROUST
CONSUMER STAPLES,ROV
CONSUMER STAPLES,ROVA
CONSUMER STAPLES,ROVENT-M
CONSUMER STAPLES,ROVIMI
CONSUMER STAPLES,ROVO
CONSUMER STAPLES,ROVSKAYA
CONSUMER STAPLES,ROVSKII
CONSUMER STAPLES,ROY
CONSUMER STAPLES,ROZ
CONSUMER STAPLES,ROZAPAD
CONSUMER STAPLES,ROZHNIK
CONSUMER STAPLES,ROZKA
CONSUMER STAPLES,ROZKO
CONSUMER STAPLES,ROZMARIN
CONSUMER STAPLES,RPI
CONSUMER STAPLES,RPORATION
CONSUMER STAPLES,RPOST
CONSUMER STAPLES,RPRODUCT
CONSUMER STAPLES,RPROM
CONSUMER STAPLES,RRA
CONSUMER STAPLES,RRATUM
CONSUMER STAPLES,RRI
CONSUMER STAPLES,RRM
CONSUMER STAPLES,RRYBFLOT
CONSUMER STAPLES,"RS"""
CONSUMER STAPLES,RS-AGRO
CONSUMER STAPLES,RS-EYKO
CONSUMER STAPLES,RS-RITEIL
CONSUMER STAPLES,RSAL
CONSUMER STAPLES,RSAM
CONSUMER STAPLES,RSAN
CONSUMER STAPLES,RSDORF
CONSUMER STAPLES,RSENAL
CONSUMER STAPLES,RSH-group
CONSUMER STAPLES,RSHINA
CONSUMER STAPLES,RSINSKOE
CONSUMER STAPLES,RSIYA
CONSUMER STAPLES,RSK
CONSUMER STAPLES,"RSK"""
CONSUMER STAPLES,RSK-AGRO
CONSUMER STAPLES,RSKAYA
CONSUMER STAPLES,RSKIY
CONSUMER STAPLES,RSKOE
CONSUMER STAPLES,RSLON.RU
CONSUMER STAPLES,RSO
CONSUMER STAPLES,RSOLOD
CONSUMER STAPLES,RSPEKTIVA
CONSUMER STAPLES,RSV
CONSUMER STAPLES,RT-OKA
CONSUMER STAPLES,RTA
CONSUMER STAPLES,RTA-FARM
CONSUMER STAPLES,RTEMOVETS
CONSUMER STAPLES,RTER
CONSUMER STAPLES,RTES
CONSUMER STAPLES,RTH
CONSUMER STAPLES,RTIL'
CONSUMER STAPLES,RTINGA
CONSUMER STAPLES,RTIO
CONSUMER STAPLES,RTNER
CONSUMER STAPLES,RTON
CONSUMER STAPLES,RTORG
CONSUMER STAPLES,RTOW
CONSUMER STAPLES,RTPROM
CONSUMER STAPLES,RTUM
CONSUMER STAPLES,RTUNA
CONSUMER STAPLES,RTWINE
CONSUMER STAPLES,RTYSH
CONSUMER STAPLES,RUBEZH
CONSUMER STAPLES,RUBIKON
CONSUMER STAPLES,RUBIN
CONSUMER STAPLES,RUBOPLAST
CONSUMER STAPLES,RUD
CONSUMER STAPLES,RUJESTVO
CONSUMER STAPLES,RUKO
CONSUMER STAPLES,RUM
CONSUMER STAPLES,RUPP
CONSUMER STAPLES,RUS
CONSUMER STAPLES,RUS'
CONSUMER STAPLES,RUSAGRO
CONSUMER STAPLES,RUSCAN
CONSUMER STAPLES,RUSELKO
CONSUMER STAPLES,RUSPAK
CONSUMER STAPLES,RUSSKIE
CONSUMER STAPLES,RUSSKII
CONSUMER STAPLES,RUSSKIY
CONSUMER STAPLES,RUSSKY
CONSUMER STAPLES,RUSTARK
CONSUMER STAPLES,RUT
CONSUMER STAPLES,RUTLAIN
CONSUMER STAPLES,RUTON
CONSUMER STAPLES,RUZHBA
CONSUMER STAPLES,RUZHESTV
CONSUMER STAPLES,RUZINSKII
CONSUMER STAPLES,RVAL
CONSUMER STAPLES,RVARD
CONSUMER STAPLES,RVES
CONSUMER STAPLES,RVI
CONSUMER STAPLES,RVICE
CONSUMER STAPLES,RVIS
CONSUMER STAPLES,RVIS-YUG
CONSUMER STAPLES,RVOTSVET
CONSUMER STAPLES,RVY
CONSUMER STAPLES,RYA
CONSUMER STAPLES,RYABINA
CONSUMER STAPLES,RYAK
CONSUMER STAPLES,RYAKOVO-2
CONSUMER STAPLES,RYBA
CONSUMER STAPLES,RYBFLOT
CONSUMER STAPLES,RYM
CONSUMER STAPLES,RYUZA
CONSUMER STAPLES,RYVKA
CONSUMER STAPLES,RZDRAV
CONSUMER STAPLES,RZHETS
CONSUMER STAPLES,RZK
CONSUMER STAPLES,Realfrut
CONSUMER STAPLES,Ribprom
CONSUMER STAPLES,Rosfarm
CONSUMER STAPLES,Rossiya
CONSUMER STAPLES,Rosta
CONSUMER STAPLES,Russian
CONSUMER STAPLES,S-1
CONSUMER STAPLES,S-2
CONSUMER STAPLES,S-AGRO
CONSUMER STAPLES,S-ALKO
CONSUMER STAPLES,S-D
CONSUMER STAPLES,S-EYKO
CONSUMER STAPLES,S-HOLDING
CONSUMER STAPLES,S-Imports
CONSUMER STAPLES,S-KUBAN
CONSUMER STAPLES,S-L
CONSUMER STAPLES,S-LAND
CONSUMER STAPLES,S-M
CONSUMER STAPLES,S-PARTNER
CONSUMER STAPLES,S-PRO
CONSUMER STAPLES,S-PRODUKT
CONSUMER STAPLES,S-PROFI
CONSUMER STAPLES,S-RETAIL
CONSUMER STAPLES,S-RITEIL
CONSUMER STAPLES,S-S
CONSUMER STAPLES,S-SERVICE
CONSUMER STAPLES,S-SEVER
CONSUMER STAPLES,S-SREDA
CONSUMER STAPLES,S-Stupino
CONSUMER STAPLES,S-TRAD
CONSUMER STAPLES,S-TRADE
CONSUMER STAPLES,S-TREID
CONSUMER STAPLES,S-Ural
CONSUMER STAPLES,S-YUG
CONSUMER STAPLES,S..SPB
CONSUMER STAPLES,S.RU
CONSUMER STAPLES,S.W.FISH
CONSUMER STAPLES,SA-MARKET
CONSUMER STAPLES,SAATBAU
CONSUMER STAPLES,SABR
CONSUMER STAPLES,SAF
CONSUMER STAPLES,SAFFRON
CONSUMER STAPLES,SAGI-FISH
CONSUMER STAPLES,SAGRO
CONSUMER STAPLES,SAGROBEL
CONSUMER STAPLES,SAGROPROM
CONSUMER STAPLES,SAKHAR
CONSUMER STAPLES,SAL
CONSUMER STAPLES,SALINA
CONSUMER STAPLES,SALMON.SU
CONSUMER STAPLES,SALT
CONSUMER STAPLES,SALYUT
CONSUMER STAPLES,SAM
CONSUMER STAPLES,SAMSON
CONSUMER STAPLES,SAN
CONSUMER STAPLES,SANAM
CONSUMER STAPLES,SANDRIYA
CONSUMER STAPLES,SANDWICH
CONSUMER STAPLES,SANT
CONSUMER STAPLES,SANT-OPT
CONSUMER STAPLES,SANTOS
CONSUMER STAPLES,SAPERAVI
CONSUMER STAPLES,SAPFIR
CONSUMER STAPLES,SARATOV
CONSUMER STAPLES,SATELLIT
CONSUMER STAPLES,SATURN
CONSUMER STAPLES,SATYEVO
CONSUMER STAPLES,SAVA
CONSUMER STAPLES,SAVTO
CONSUMER STAPLES,SAZONOV
CONSUMER STAPLES,SBERG
CONSUMER STAPLES,SBS
CONSUMER STAPLES,SCAN
CONSUMER STAPLES,SCHANSKOE
CONSUMER STAPLES,SCHEPROM
CONSUMER STAPLES,SCOW
CONSUMER STAPLES,SCP
CONSUMER STAPLES,SCPPF
CONSUMER STAPLES,SDC-FOODS
CONSUMER STAPLES,SDORF
CONSUMER STAPLES,SDS-ALKO
CONSUMER STAPLES,SECAKE.RU
CONSUMER STAPLES,SEEDS
CONSUMER STAPLES,SEEVSKIY
CONSUMER STAPLES,SEI
CONSUMER STAPLES,SEKVOIYA
CONSUMER STAPLES,SEL'-KIDS
CONSUMER STAPLES,SEL'S
CONSUMER STAPLES,SELECTION
CONSUMER STAPLES,SELENT
CONSUMER STAPLES,SELKO
CONSUMER STAPLES,SELL
CONSUMER STAPLES,SELSKIY
CONSUMER STAPLES,SELTING
CONSUMER STAPLES,SEMAGRO
CONSUMER STAPLES,SEMENA
CONSUMER STAPLES,SEMTSENTR
CONSUMER STAPLES,SEMUSHKA
CONSUMER STAPLES,SEMYA
CONSUMER STAPLES,SENAL
CONSUMER STAPLES,SENOVKA
CONSUMER STAPLES,SENSK
CONSUMER STAPLES,SENSKHLEB
CONSUMER STAPLES,SENTR
CONSUMER STAPLES,SENTYABR
CONSUMER STAPLES,SEPTORG
CONSUMER STAPLES,SERTOW
CONSUMER STAPLES,SERVICE
CONSUMER STAPLES,SERVIS
CONSUMER STAPLES,SERVY
CONSUMER STAPLES,SES
CONSUMER STAPLES,SET
CONSUMER STAPLES,SET-S
CONSUMER STAPLES,SET-SIBIR
CONSUMER STAPLES,SEVER
CONSUMER STAPLES,SEVERNAYA
CONSUMER STAPLES,SEVERNYI
CONSUMER STAPLES,SEVO
CONSUMER STAPLES,SEYDON
CONSUMER STAPLES,SEYLS
CONSUMER STAPLES,SEYMA
CONSUMER STAPLES,SFARM
CONSUMER STAPLES,SFER
CONSUMER STAPLES,SFERA
CONSUMER STAPLES,SFISHKOM
CONSUMER STAPLES,SGC
CONSUMER STAPLES,SGROUP
CONSUMER STAPLES,SGRUPP
CONSUMER STAPLES,SH-group
CONSUMER STAPLES,SHA
CONSUMER STAPLES,SHAFT
CONSUMER STAPLES,SHAMSA
CONSUMER STAPLES,SHANKHAI
CONSUMER STAPLES,SHATTL
CONSUMER STAPLES,SHATTL-I
CONSUMER STAPLES,SHCHEPROM
CONSUMER STAPLES,SHE
CONSUMER STAPLES,SHED
CONSUMER STAPLES,SHEL-KMV
CONSUMER STAPLES,SHEVATSKI
CONSUMER STAPLES,SHEVO
CONSUMER STAPLES,SHFRUT
CONSUMER STAPLES,SHIMSKII
CONSUMER STAPLES,SHINA
CONSUMER STAPLES,SHKA
CONSUMER STAPLES,SHKI
CONSUMER STAPLES,SHKINO
CONSUMER STAPLES,SHKO
CONSUMER STAPLES,SHKOM
CONSUMER STAPLES,SHLENNAYA
CONSUMER STAPLES,SHLINSKII
CONSUMER STAPLES,SHLINSKIY
CONSUMER STAPLES,SHMINSKOE
CONSUMER STAPLES,SHOD
CONSUMER STAPLES,SHOKOLAD
CONSUMER STAPLES,SHOVSKAYA
CONSUMER STAPLES,SHOVSKOE
CONSUMER STAPLES,SHPROD
CONSUMER STAPLES,SHSPIRT
CONSUMER STAPLES,SHTURVAL
CONSUMER STAPLES,SIA
CONSUMER STAPLES,SIANO
CONSUMER STAPLES,SIATIVA
CONSUMER STAPLES,SIB
CONSUMER STAPLES,SIB-TREID
CONSUMER STAPLES,SIBBARS
CONSUMER STAPLES,SIBIEYS
CONSUMER STAPLES,SIBIR
CONSUMER STAPLES,SIBIRI
CONSUMER STAPLES,SIBIRSK
CONSUMER STAPLES,SIBIRSKOE
CONSUMER STAPLES,SIBIRYAK
CONSUMER STAPLES,SIBKHLEB
CONSUMER STAPLES,SIBKHOLOD
CONSUMER STAPLES,SIBTEHAKS
CONSUMER STAPLES,SICH
CONSUMER STAPLES,SIDECO
CONSUMER STAPLES,SIE
CONSUMER STAPLES,SIGMA
CONSUMER STAPLES,SIISK
CONSUMER STAPLES,SIKA
CONSUMER STAPLES,SIM
CONSUMER STAPLES,SIMA
CONSUMER STAPLES,SIMFONIYA
CONSUMER STAPLES,SIMILK
CONSUMER STAPLES,SIMPLE
CONSUMER STAPLES,SINESS
CONSUMER STAPLES,SING
CONSUMER STAPLES,SINGLINE
CONSUMER STAPLES,SINKA
CONSUMER STAPLES,SINKO
CONSUMER STAPLES,SINSK
CONSUMER STAPLES,SINSKOE
CONSUMER STAPLES,SIONAL
CONSUMER STAPLES,SIRIUS
CONSUMER STAPLES,SITEK
CONSUMER STAPLES,SITI
CONSUMER STAPLES,SITI-2
CONSUMER STAPLES,SITITORG
CONSUMER STAPLES,SITNO
CONSUMER STAPLES,SIYA
CONSUMER STAPLES,SJC
CONSUMER STAPLES,"SK"""
CONSUMER STAPLES,SK-AGRO
CONSUMER STAPLES,SK-GRUPP
CONSUMER STAPLES,SKA
CONSUMER STAPLES,SKA-DVA
CONSUMER STAPLES,SKAD
CONSUMER STAPLES,SKAT
CONSUMER STAPLES,SKATA
CONSUMER STAPLES,SKAUNTER
CONSUMER STAPLES,SKAYA
CONSUMER STAPLES,"SKAYA,"
CONSUMER STAPLES,SKD
CONSUMER STAPLES,SKHAKO
CONSUMER STAPLES,SKHLEB
CONSUMER STAPLES,SKHOD
CONSUMER STAPLES,SKI
CONSUMER STAPLES,SKIE
CONSUMER STAPLES,SKII
CONSUMER STAPLES,SKIMOS
CONSUMER STAPLES,SKIY
CONSUMER STAPLES,SKK
CONSUMER STAPLES,SKKHP
CONSUMER STAPLES,SKLAD
CONSUMER STAPLES,SKO
CONSUMER STAPLES,SKO-TREID
CONSUMER STAPLES,SKOE
CONSUMER STAPLES,SKOI
CONSUMER STAPLES,SKOLE
CONSUMER STAPLES,SKOM-AGRO
CONSUMER STAPLES,SKOPA
CONSUMER STAPLES,SKRESENSK
CONSUMER STAPLES,SKRIN
CONSUMER STAPLES,SKVIT
CONSUMER STAPLES,SKY
CONSUMER STAPLES,SL-AZIYA
CONSUMER STAPLES,SLADA
CONSUMER STAPLES,SLADONEZH
CONSUMER STAPLES,SLAKON
CONSUMER STAPLES,SLAKTIS
CONSUMER STAPLES,SLATA
CONSUMER STAPLES,SLAVKOFE
CONSUMER STAPLES,SLAVYANA
CONSUMER STAPLES,SLAVYANKA
CONSUMER STAPLES,SLK
CONSUMER STAPLES,SLO
CONSUMER STAPLES,SLON.RU
CONSUMER STAPLES,SLOPROM
CONSUMER STAPLES,SMA
CONSUMER STAPLES,SMAK
CONSUMER STAPLES,SMARKET
CONSUMER STAPLES,SMART
CONSUMER STAPLES,SMETIC
CONSUMER STAPLES,SMETIK
CONSUMER STAPLES,SMETIKS
CONSUMER STAPLES,SMK
CONSUMER STAPLES,SMOL
CONSUMER STAPLES,SMOLENSK
CONSUMER STAPLES,SMOPROFI
CONSUMER STAPLES,SMOTRADE
CONSUMER STAPLES,SMOTREID
CONSUMER STAPLES,SNAB
CONSUMER STAPLES,SNABALTAI
CONSUMER STAPLES,SNEZHINKA
CONSUMER STAPLES,SNOFF
CONSUMER STAPLES,SNOFF-DON
CONSUMER STAPLES,SNOST
CONSUMER STAPLES,SNOYARSK
CONSUMER STAPLES,SNS
CONSUMER STAPLES,SOGLASIE
CONSUMER STAPLES,SOL'
CONSUMER STAPLES,SOLIYA
CONSUMER STAPLES,SOLOD
CONSUMER STAPLES,SOLOPOV
CONSUMER STAPLES,SOLUT
CONSUMER STAPLES,SOLYUT
CONSUMER STAPLES,SOMZ
CONSUMER STAPLES,SON
CONSUMER STAPLES,SONIYA
CONSUMER STAPLES,SOP
CONSUMER STAPLES,SOPRODUKT
CONSUMER STAPLES,SOPT
CONSUMER STAPLES,SOTNIK
CONSUMER STAPLES,SOURCE
CONSUMER STAPLES,SOVAYA
CONSUMER STAPLES,SOVETSKOE
CONSUMER STAPLES,SOVSKOE
CONSUMER STAPLES,SOYUZ
CONSUMER STAPLES,SOYUZ-22
CONSUMER STAPLES,SOYUZ-M
CONSUMER STAPLES,SOYUZ-TTM
CONSUMER STAPLES,SOYUZSNAB
CONSUMER STAPLES,SPAK
CONSUMER STAPLES,SPASSKOE
CONSUMER STAPLES,SPB
CONSUMER STAPLES,SPECT
CONSUMER STAPLES,SPEKTIVA
CONSUMER STAPLES,SPEKTR
CONSUMER STAPLES,SPETSSNAB
CONSUMER STAPLES,SPIRT
CONSUMER STAPLES,SPIRTPROM
CONSUMER STAPLES,SPLAT
CONSUMER STAPLES,SPO-N
CONSUMER STAPLES,SPORT
CONSUMER STAPLES,SPORTA
CONSUMER STAPLES,SPORTER
CONSUMER STAPLES,SPOSTAVKA
CONSUMER STAPLES,SPOTRANS
CONSUMER STAPLES,SPOTREID
CONSUMER STAPLES,SPRESS
CONSUMER STAPLES,SPRO
CONSUMER STAPLES,SPRODUCT
CONSUMER STAPLES,SPRODUKT
CONSUMER STAPLES,SPTMBR
CONSUMER STAPLES,SPUBLIKA
CONSUMER STAPLES,SPUTNIK
CONSUMER STAPLES,SREDA
CONSUMER STAPLES,SS-KUBAN
CONSUMER STAPLES,SSERVICE
CONSUMER STAPLES,SSICH
CONSUMER STAPLES,SSIGMA
CONSUMER STAPLES,SSIISK
CONSUMER STAPLES,SSIKA
CONSUMER STAPLES,SSIM
CONSUMER STAPLES,SSIONAL
CONSUMER STAPLES,SSIYA
CONSUMER STAPLES,SSKIE
CONSUMER STAPLES,SSKII
CONSUMER STAPLES,SSKIY
CONSUMER STAPLES,SSKOE
CONSUMER STAPLES,SSKY
CONSUMER STAPLES,SSL-AZIYA
CONSUMER STAPLES,SSNAB
CONSUMER STAPLES,SSNOST
CONSUMER STAPLES,SSOPT
CONSUMER STAPLES,SSVET
CONSUMER STAPLES,ST'
CONSUMER STAPLES,ST-ODER
CONSUMER STAPLES,ST-STROY
CONSUMER STAPLES,ST-WEST
CONSUMER STAPLES,STA
CONSUMER STAPLES,STA-M
CONSUMER STAPLES,STAGRO
CONSUMER STAPLES,STALL
CONSUMER STAPLES,STANDART
CONSUMER STAPLES,STAR
CONSUMER STAPLES,STARK
CONSUMER STAPLES,START
CONSUMER STAPLES,STAVKA
CONSUMER STAPLES,STEK
CONSUMER STAPLES,STELMAS-D
CONSUMER STAPLES,STEM-K
CONSUMER STAPLES,STER
CONSUMER STAPLES,STERDZHEM
CONSUMER STAPLES,STERFOOD
CONSUMER STAPLES,STFINANS
CONSUMER STAPLES,STFUD
CONSUMER STAPLES,STG
CONSUMER STAPLES,STGARANT
CONSUMER STAPLES,STGRUPP
CONSUMER STAPLES,STIC
CONSUMER STAPLES,STICS
CONSUMER STAPLES,STICTRADE
CONSUMER STAPLES,STIE
CONSUMER STAPLES,STIK
CONSUMER STAPLES,STIKA
CONSUMER STAPLES,STIKGRUPP
CONSUMER STAPLES,STIL-M
CONSUMER STAPLES,STIMUL
CONSUMER STAPLES,STMFARM
CONSUMER STAPLES,STO
CONSUMER STAPLES,STOCHNYI
CONSUMER STAPLES,STOEV-KP
CONSUMER STAPLES,STOK
CONSUMER STAPLES,STON
CONSUMER STAPLES,STORY
CONSUMER STAPLES,STP
CONSUMER STAPLES,STPROJECT
CONSUMER STAPLES,STRAMEAT
CONSUMER STAPLES,STRAYK
CONSUMER STAPLES,STRELETS
CONSUMER STAPLES,STRIES
CONSUMER STAPLES,STROI
CONSUMER STAPLES,STROITEL
CONSUMER STAPLES,STRONOM
CONSUMER STAPLES,STROT
CONSUMER STAPLES,STROV
CONSUMER STAPLES,STROY
CONSUMER STAPLES,STRUM
CONSUMER STAPLES,STRYBFLOT
CONSUMER STAPLES,STUPINO
CONSUMER STAPLES,STV
CONSUMER STAPLES,STVO
CONSUMER STAPLES,STYANKA
CONSUMER STAPLES,STYLE-97
CONSUMER STAPLES,SUGAR
CONSUMER STAPLES,SULTING
CONSUMER STAPLES,SUMA
CONSUMER STAPLES,SURS
CONSUMER STAPLES,"SURS"""
CONSUMER STAPLES,SURS-EYKO
CONSUMER STAPLES,SUSHPROD
CONSUMER STAPLES,SUVOROVA
CONSUMER STAPLES,SV-GARANT
CONSUMER STAPLES,SVA
CONSUMER STAPLES,SVEGEN
CONSUMER STAPLES,SVET
CONSUMER STAPLES,SVILL
CONSUMER STAPLES,SVIN
CONSUMER STAPLES,SVINTORG
CONSUMER STAPLES,SVZ
CONSUMER STAPLES,SYR
CONSUMER STAPLES,SYRA
CONSUMER STAPLES,SYRNYI
CONSUMER STAPLES,SYRY
CONSUMER STAPLES,SYSTEM-K
CONSUMER STAPLES,SZK
CONSUMER STAPLES,SZL
CONSUMER STAPLES,Saratov
CONSUMER STAPLES,Service
CONSUMER STAPLES,Sever
CONSUMER STAPLES,Severnaya
CONSUMER STAPLES,Shop
CONSUMER STAPLES,Shori
CONSUMER STAPLES,Sibagro
CONSUMER STAPLES,Simple
CONSUMER STAPLES,Snack
CONSUMER STAPLES,Soap
CONSUMER STAPLES,Somelie
CONSUMER STAPLES,Soy
CONSUMER STAPLES,Soyuzsnab
CONSUMER STAPLES,Spectr
CONSUMER STAPLES,SpirtProm
CONSUMER STAPLES,Star
CONSUMER STAPLES,Start
CONSUMER STAPLES,Stolica
CONSUMER STAPLES,Storck
CONSUMER STAPLES,Strauss
CONSUMER STAPLES,Stupino
CONSUMER STAPLES,Sunty
CONSUMER STAPLES,Synergy
CONSUMER STAPLES,T'YANA
CONSUMER STAPLES,T-77
CONSUMER STAPLES,T-AGRO
CONSUMER STAPLES,T-FARM
CONSUMER STAPLES,T-FISH
CONSUMER STAPLES,T-GROUP
CONSUMER STAPLES,T-Group
CONSUMER STAPLES,T-K
CONSUMER STAPLES,T-KA
CONSUMER STAPLES,T-LAIN
CONSUMER STAPLES,T-LINE
CONSUMER STAPLES,T-M
CONSUMER STAPLES,T-ODER
CONSUMER STAPLES,T-OKA
CONSUMER STAPLES,T-OPT
CONSUMER STAPLES,T-PRODUCT
CONSUMER STAPLES,T-S
CONSUMER STAPLES,T-SERVICE
CONSUMER STAPLES,T-SIBIR
CONSUMER STAPLES,T-STROY
CONSUMER STAPLES,T-TREID
CONSUMER STAPLES,T-WEST
CONSUMER STAPLES,T.D.
CONSUMER STAPLES,T.M.S.
CONSUMER STAPLES,TA-6
CONSUMER STAPLES,TA-AGRO
CONSUMER STAPLES,TA-FARM
CONSUMER STAPLES,TA-M
CONSUMER STAPLES,TA-NN
CONSUMER STAPLES,TA-REGION
CONSUMER STAPLES,TA-ZAPAD
CONSUMER STAPLES,TABAK
CONSUMER STAPLES,TABAKERKA
CONSUMER STAPLES,TABYSH
CONSUMER STAPLES,TACIYA
CONSUMER STAPLES,TADEL
CONSUMER STAPLES,TAFARM
CONSUMER STAPLES,TAGANROG
CONSUMER STAPLES,TAGRIS
CONSUMER STAPLES,TAGRO
CONSUMER STAPLES,TAGROS
CONSUMER STAPLES,TAI
CONSUMER STAPLES,TAI-SIB
CONSUMER STAPLES,TAIKHOLOD
CONSUMER STAPLES,TAIL
CONSUMER STAPLES,TAIR
CONSUMER STAPLES,TAK
CONSUMER STAPLES,TAKA
CONSUMER STAPLES,TAKT-77
CONSUMER STAPLES,TAL
CONSUMER STAPLES,TAL'
CONSUMER STAPLES,TAL'-OMK
CONSUMER STAPLES,TALAIN
CONSUMER STAPLES,TALINA
CONSUMER STAPLES,TALK
CONSUMER STAPLES,TALL
CONSUMER STAPLES,TALON
CONSUMER STAPLES,TAMBOV
CONSUMER STAPLES,TAMERLAN
CONSUMER STAPLES,TAMIN
CONSUMER STAPLES,TAN
CONSUMER STAPLES,TANAIS
CONSUMER STAPLES,TANDART
CONSUMER STAPLES,TANDEM
CONSUMER STAPLES,TANIYA
CONSUMER STAPLES,TAR
CONSUMER STAPLES,TARBAEVO
CONSUMER STAPLES,TARK
CONSUMER STAPLES,TARSKOE
CONSUMER STAPLES,TART
CONSUMER STAPLES,TAT'YANA
CONSUMER STAPLES,TATRADING
CONSUMER STAPLES,TATUS-YUG
CONSUMER STAPLES,TAUN
CONSUMER STAPLES,TAVA
CONSUMER STAPLES,TAVKA
CONSUMER STAPLES,TAVR
CONSUMER STAPLES,TAZH
CONSUMER STAPLES,TBAU
CONSUMER STAPLES,TBIR
CONSUMER STAPLES,TCHINSKII
CONSUMER STAPLES,TDM
CONSUMER STAPLES,TDS
CONSUMER STAPLES,TDS-SEVER
CONSUMER STAPLES,TEA
CONSUMER STAPLES,TECH
CONSUMER STAPLES,TECHNICA
CONSUMER STAPLES,TECTFEED
CONSUMER STAPLES,TEHAKS
CONSUMER STAPLES,TEI
CONSUMER STAPLES,TEIL
CONSUMER STAPLES,TEILGRUPP
CONSUMER STAPLES,TEIN
CONSUMER STAPLES,TEK
CONSUMER STAPLES,TEK-GROUP
CONSUMER STAPLES,TEKA
CONSUMER STAPLES,TEKHNOPAK
CONSUMER STAPLES,TEKHTORG
CONSUMER STAPLES,TEL
CONSUMER STAPLES,TEL-TORG
CONSUMER STAPLES,TELINO
CONSUMER STAPLES,TELITSA
CONSUMER STAPLES,TELLIT
CONSUMER STAPLES,TELMAS-D
CONSUMER STAPLES,TEM-K
CONSUMER STAPLES,TEMOVETS
CONSUMER STAPLES,TENTORIUM
CONSUMER STAPLES,TEORA
CONSUMER STAPLES,TER
CONSUMER STAPLES,TER-GRUPP
CONSUMER STAPLES,TER-SKLAD
CONSUMER STAPLES,TERBELKO
CONSUMER STAPLES,TERDZHEM
CONSUMER STAPLES,TEREK
CONSUMER STAPLES,TEREZA
CONSUMER STAPLES,TERFEED
CONSUMER STAPLES,TERFOOD
CONSUMER STAPLES,TERFUD
CONSUMER STAPLES,TERIK
CONSUMER STAPLES,TERINA
CONSUMER STAPLES,TERKOL
CONSUMER STAPLES,TERLEND
CONSUMER STAPLES,TERLINE
CONSUMER STAPLES,TERMINAL
CONSUMER STAPLES,TERNA
CONSUMER STAPLES,TEROPT
CONSUMER STAPLES,TERRA
CONSUMER STAPLES,TERTORG
CONSUMER STAPLES,TES
CONSUMER STAPLES,TESEI
CONSUMER STAPLES,TET
CONSUMER STAPLES,TEX
CONSUMER STAPLES,TEY
CONSUMER STAPLES,TEYKSPORT
CONSUMER STAPLES,TEYRRA
CONSUMER STAPLES,TFEED
CONSUMER STAPLES,TFINANS
CONSUMER STAPLES,TFOOD
CONSUMER STAPLES,TFS
CONSUMER STAPLES,TFUD
CONSUMER STAPLES,TGARANT
CONSUMER STAPLES,TGROUP
CONSUMER STAPLES,TGRUPP
CONSUMER STAPLES,THO
CONSUMER STAPLES,THOLOD
CONSUMER STAPLES,TI-2
CONSUMER STAPLES,TI-RUS
CONSUMER STAPLES,TI-SEYLS
CONSUMER STAPLES,TIA
CONSUMER STAPLES,TIC
CONSUMER STAPLES,TICETORG
CONSUMER STAPLES,TICS
CONSUMER STAPLES,TICTRADE
CONSUMER STAPLES,TIDA
CONSUMER STAPLES,TIE
CONSUMER STAPLES,TIE-M
CONSUMER STAPLES,TIFUDS
CONSUMER STAPLES,TIK
CONSUMER STAPLES,TIK-RUS
CONSUMER STAPLES,TIKA
CONSUMER STAPLES,TIKGRUPP
CONSUMER STAPLES,TIKS
CONSUMER STAPLES,TIL'
CONSUMER STAPLES,TIL-M
CONSUMER STAPLES,TIMA
CONSUMER STAPLES,TIMAL
CONSUMER STAPLES,TIMIR
CONSUMER STAPLES,TIMOSHA
CONSUMER STAPLES,TIMUL
CONSUMER STAPLES,TIMUM
CONSUMER STAPLES,TINA
CONSUMER STAPLES,TINA-2000
CONSUMER STAPLES,TINENTAL
CONSUMER STAPLES,TING
CONSUMER STAPLES,TINGA
CONSUMER STAPLES,TINSERVIS
CONSUMER STAPLES,TINVEST
CONSUMER STAPLES,TIO
CONSUMER STAPLES,TION
CONSUMER STAPLES,TIONERY
CONSUMER STAPLES,TIPRO
CONSUMER STAPLES,TIRII
CONSUMER STAPLES,TIS
CONSUMER STAPLES,TITORG
CONSUMER STAPLES,TITSA
CONSUMER STAPLES,TIV
CONSUMER STAPLES,TIVA
CONSUMER STAPLES,TKA
CONSUMER STAPLES,TKHIM
CONSUMER STAPLES,TKOMP
CONSUMER STAPLES,TKPP
CONSUMER STAPLES,TL-I
CONSUMER STAPLES,TLAGROS
CONSUMER STAPLES,TLAIN
CONSUMER STAPLES,TLANT
CONSUMER STAPLES,TLERS
CONSUMER STAPLES,TMARKET
CONSUMER STAPLES,TMBR
CONSUMER STAPLES,TMFARM
CONSUMER STAPLES,TMK
CONSUMER STAPLES,TNER
CONSUMER STAPLES,TNIK
CONSUMER STAPLES,TNITSA
CONSUMER STAPLES,TNO
CONSUMER STAPLES,TO-2M
CONSUMER STAPLES,TO-BALT
CONSUMER STAPLES,TO-K
CONSUMER STAPLES,TOCHNYI
CONSUMER STAPLES,TOEV-KP
CONSUMER STAPLES,TOHOLOD
CONSUMER STAPLES,TOK
CONSUMER STAPLES,TOLERANT
CONSUMER STAPLES,TOLINKA
CONSUMER STAPLES,TOMEK
CONSUMER STAPLES,TON
CONSUMER STAPLES,TOPFUD
CONSUMER STAPLES,TOPOLUS
CONSUMER STAPLES,TOR
CONSUMER STAPLES,TOR-S
CONSUMER STAPLES,TORES
CONSUMER STAPLES,TORG
CONSUMER STAPLES,TORG-PLUS
CONSUMER STAPLES,TORGAKTIV
CONSUMER STAPLES,TORGOVAYA
CONSUMER STAPLES,TORGPRED
CONSUMER STAPLES,TORIA
CONSUMER STAPLES,TORIUM
CONSUMER STAPLES,TORIYA
CONSUMER STAPLES,TOROK
CONSUMER STAPLES,TORY
CONSUMER STAPLES,TOS
CONSUMER STAPLES,TOS-LAND
CONSUMER STAPLES,TOV
CONSUMER STAPLES,TOVIRAZH
CONSUMER STAPLES,TOVO
CONSUMER STAPLES,TOVSKOE
CONSUMER STAPLES,TOW
CONSUMER STAPLES,TPF
CONSUMER STAPLES,TPK
CONSUMER STAPLES,TPRODTORG
CONSUMER STAPLES,TPROJECT
CONSUMER STAPLES,TPROM
CONSUMER STAPLES,TRA-DON
CONSUMER STAPLES,TRAD
CONSUMER STAPLES,TRADA
CONSUMER STAPLES,TRADE
CONSUMER STAPLES,TRADING
CONSUMER STAPLES,TRAMEAT
CONSUMER STAPLES,TRANS
CONSUMER STAPLES,TRANSAVTO
CONSUMER STAPLES,TRANZIT
CONSUMER STAPLES,TRAPEZA
CONSUMER STAPLES,TRAYK
CONSUMER STAPLES,TRAZH
CONSUMER STAPLES,TREID
CONSUMER STAPLES,TREIDAGRO
CONSUMER STAPLES,TREIDING
CONSUMER STAPLES,TRELETS
CONSUMER STAPLES,TREND
CONSUMER STAPLES,TREYD
CONSUMER STAPLES,TRIES
CONSUMER STAPLES,TRIGON
CONSUMER STAPLES,TRIKO
CONSUMER STAPLES,TRINITI
CONSUMER STAPLES,TRIO
CONSUMER STAPLES,TRIUMF
CONSUMER STAPLES,TROGROUP
CONSUMER STAPLES,TROI
CONSUMER STAPLES,TROITEL
CONSUMER STAPLES,TROITSKOE
CONSUMER STAPLES,TRONOM
CONSUMER STAPLES,TROPOLIS
CONSUMER STAPLES,TROS
CONSUMER STAPLES,TROSPIRT
CONSUMER STAPLES,TROT
CONSUMER STAPLES,TROV
CONSUMER STAPLES,TROY
CONSUMER STAPLES,TRUD
CONSUMER STAPLES,TRUM
CONSUMER STAPLES,TRYBFLOT
CONSUMER STAPLES,TSA
CONSUMER STAPLES,TSEL'S
CONSUMER STAPLES,TSENTR
CONSUMER STAPLES,TSERVICE
CONSUMER STAPLES,TSERVIS
CONSUMER STAPLES,TSEVO
CONSUMER STAPLES,TSIATIVA
CONSUMER STAPLES,TSIYA
CONSUMER STAPLES,TSK
CONSUMER STAPLES,TSKAYA
CONSUMER STAPLES,TSKHLEB
CONSUMER STAPLES,TSKI
CONSUMER STAPLES,TSKIY
CONSUMER STAPLES,TSKOE
CONSUMER STAPLES,TSNAB
CONSUMER STAPLES,TSO
CONSUMER STAPLES,TSS
CONSUMER STAPLES,TSSNAB
CONSUMER STAPLES,TST
CONSUMER STAPLES,TSVET
CONSUMER STAPLES,TTA
CONSUMER STAPLES,TTA-6
CONSUMER STAPLES,TTL
CONSUMER STAPLES,TTL-I
CONSUMER STAPLES,TTLERS
CONSUMER STAPLES,TTM
CONSUMER STAPLES,TTORG
CONSUMER STAPLES,TUM
CONSUMER STAPLES,TUNA
CONSUMER STAPLES,TUPINO
CONSUMER STAPLES,TUR
CONSUMER STAPLES,TURA
CONSUMER STAPLES,TURN
CONSUMER STAPLES,TUROVO
CONSUMER STAPLES,TURVAL
CONSUMER STAPLES,TUS-YUG
CONSUMER STAPLES,TVO
CONSUMER STAPLES,TWINE
CONSUMER STAPLES,TYABR
CONSUMER STAPLES,TYABR'
CONSUMER STAPLES,TYANKA
CONSUMER STAPLES,TYASHEVO
CONSUMER STAPLES,TYAZ
CONSUMER STAPLES,TYAZ'-M
CONSUMER STAPLES,TYBOX
CONSUMER STAPLES,TYEVO
CONSUMER STAPLES,TYLE-97
CONSUMER STAPLES,TYSH
CONSUMER STAPLES,TYUMEN
CONSUMER STAPLES,Tander
CONSUMER STAPLES,Tarcos
CONSUMER STAPLES,Teatrade
CONSUMER STAPLES,Timosha
CONSUMER STAPLES,Torg
CONSUMER STAPLES,Trade
CONSUMER STAPLES,Trade.
CONSUMER STAPLES,Trading
CONSUMER STAPLES,Tralfolt
CONSUMER STAPLES,Treid
CONSUMER STAPLES,Trio
CONSUMER STAPLES,U-DYURSO
CONSUMER STAPLES,UBAN
CONSUMER STAPLES,UBAN'
CONSUMER STAPLES,UBAN-TEA
CONSUMER STAPLES,UBAN-VINO
CONSUMER STAPLES,UBANI
CONSUMER STAPLES,UBANOCHKA
CONSUMER STAPLES,UBEZH
CONSUMER STAPLES,UBH
CONSUMER STAPLES,UBIKON
CONSUMER STAPLES,UBILEINYI
CONSUMER STAPLES,UBIN
CONSUMER STAPLES,UBLIKA
CONSUMER STAPLES,UBNYA
CONSUMER STAPLES,UBOPLAST
CONSUMER STAPLES,UBR
CONSUMER STAPLES,UBRAVA
CONSUMER STAPLES,UBYATOVO
CONSUMER STAPLES,UCHASTIE
CONSUMER STAPLES,UCKYFISH
CONSUMER STAPLES,UCT
CONSUMER STAPLES,UD-TREID
CONSUMER STAPLES,UD.KOM
CONSUMER STAPLES,UDIMPORT
CONSUMER STAPLES,UDING
CONSUMER STAPLES,UDMASTER
CONSUMER STAPLES,UDOFF
CONSUMER STAPLES,UDS
CONSUMER STAPLES,UDTAUN
CONSUMER STAPLES,UGA
CONSUMER STAPLES,UGAR
CONSUMER STAPLES,UGC
CONSUMER STAPLES,UGMZ
CONSUMER STAPLES,UGPIVO
CONSUMER STAPLES,UGRY
CONSUMER STAPLES,UGSERVICE
CONSUMER STAPLES,UGUST
CONSUMER STAPLES,UHNYA
CONSUMER STAPLES,UISKII
CONSUMER STAPLES,UJESTVO
CONSUMER STAPLES,UKMP
CONSUMER STAPLES,UKO
CONSUMER STAPLES,UKOMOL
CONSUMER STAPLES,UKOMORY
CONSUMER STAPLES,UKOSHKO
CONSUMER STAPLES,UKOVOZOV
CONSUMER STAPLES,UKS
CONSUMER STAPLES,UKSNAB
CONSUMER STAPLES,UKT
CONSUMER STAPLES,UKT-K
CONSUMER STAPLES,UKT-LAIN
CONSUMER STAPLES,UKTOV
CONSUMER STAPLES,UL'S
CONSUMER STAPLES,UL'TURA
CONSUMER STAPLES,ULCHEV
CONSUMER STAPLES,ULES-M
CONSUMER STAPLES,ULLIVER
CONSUMER STAPLES,ULS
CONSUMER STAPLES,ULSPRO
CONSUMER STAPLES,ULTING
CONSUMER STAPLES,ULTIPRO
CONSUMER STAPLES,UMA
CONSUMER STAPLES,UMAR
CONSUMER STAPLES,UMEN
CONSUMER STAPLES,UMF
CONSUMER STAPLES,UMIN
CONSUMER STAPLES,UMRUD
CONSUMER STAPLES,UMSKAYA
CONSUMER STAPLES,UMZ
CONSUMER STAPLES,UNA
CONSUMER STAPLES,UNAI-RUS
CONSUMER STAPLES,UNGURSKIY
CONSUMER STAPLES,UNICORK
CONSUMER STAPLES,UNIFROST
CONSUMER STAPLES,UNIGREYIN
CONSUMER STAPLES,UNIORS
CONSUMER STAPLES,UNIPHARMA
CONSUMER STAPLES,UNITEY
CONSUMER STAPLES,UNITSA
CONSUMER STAPLES,UNITY
CONSUMER STAPLES,UNIVERSAL
CONSUMER STAPLES,UNIVERSAM
CONSUMER STAPLES,UNOVSKI
CONSUMER STAPLES,UNTER
CONSUMER STAPLES,UNTSEVO
CONSUMER STAPLES,UPF
CONSUMER STAPLES,UPINO
CONSUMER STAPLES,UPITER
CONSUMER STAPLES,UPP
CONSUMER STAPLES,URA
CONSUMER STAPLES,URALRYBA
CONSUMER STAPLES,URALSKAYA
CONSUMER STAPLES,URALSKIY
CONSUMER STAPLES,URASIA
CONSUMER STAPLES,URAZH
CONSUMER STAPLES,URCE
CONSUMER STAPLES,UREEVO
CONSUMER STAPLES,URG
CONSUMER STAPLES,URGUTSKOE
CONSUMER STAPLES,URIEL
CONSUMER STAPLES,URII
CONSUMER STAPLES,URINSKOE
CONSUMER STAPLES,URK
CONSUMER STAPLES,URMAN
CONSUMER STAPLES,URN
CONSUMER STAPLES,URNIKOV
CONSUMER STAPLES,UROVO
CONSUMER STAPLES,URS
CONSUMER STAPLES,"URS"""
CONSUMER STAPLES,URS-EYKO
CONSUMER STAPLES,URSK
CONSUMER STAPLES,URSK-AGRO
CONSUMER STAPLES,URSKIY
CONSUMER STAPLES,URSO
CONSUMER STAPLES,URUS
CONSUMER STAPLES,URVAL
CONSUMER STAPLES,URVES
CONSUMER STAPLES,US'
CONSUMER STAPLES,US-RETAIL
CONSUMER STAPLES,US-YUG
CONSUMER STAPLES,USA
CONSUMER STAPLES,USAGRO
CONSUMER STAPLES,USAGROBEL
CONSUMER STAPLES,USCAN
CONSUMER STAPLES,USELKO
CONSUMER STAPLES,USFISHKOM
CONSUMER STAPLES,USGROUP
CONSUMER STAPLES,USHE
CONSUMER STAPLES,USHKA
CONSUMER STAPLES,USHKI
CONSUMER STAPLES,USHPROD
CONSUMER STAPLES,USI
CONSUMER STAPLES,USINESS
CONSUMER STAPLES,USINSK
CONSUMER STAPLES,USKAT
CONSUMER STAPLES,USPAK
CONSUMER STAPLES,USS
CONSUMER STAPLES,USSKIE
CONSUMER STAPLES,USSKII
CONSUMER STAPLES,USSKIY
CONSUMER STAPLES,USSKY
CONSUMER STAPLES,UST
CONSUMER STAPLES,USTARK
CONSUMER STAPLES,USTRIES
CONSUMER STAPLES,USVILL
CONSUMER STAPLES,USVINTORG
CONSUMER STAPLES,UT-AGRO
CONSUMER STAPLES,UTA-NN
CONSUMER STAPLES,UTLAIN
CONSUMER STAPLES,UTNIK
CONSUMER STAPLES,UTOHOLOD
CONSUMER STAPLES,UTON
CONSUMER STAPLES,UTOROK
CONSUMER STAPLES,UTSERVICE
CONSUMER STAPLES,UTSKOE
CONSUMER STAPLES,UTYBOX
CONSUMER STAPLES,UVELKA
CONSUMER STAPLES,UVIKAM
CONSUMER STAPLES,UVOROVA
CONSUMER STAPLES,UYSELL
CONSUMER STAPLES,UZ-22
CONSUMER STAPLES,UZ-M
CONSUMER STAPLES,UZ-TTM
CONSUMER STAPLES,UZA
CONSUMER STAPLES,UZA-KHLEB
CONSUMER STAPLES,UZBASSOPT
CONSUMER STAPLES,UZHBA
CONSUMER STAPLES,UZHEL'
CONSUMER STAPLES,UZHESTV
CONSUMER STAPLES,UZHNAYA
CONSUMER STAPLES,UZINSKII
CONSUMER STAPLES,UZOVSKIY
CONSUMER STAPLES,UZSNAB
CONSUMER STAPLES,Ukhta
CONSUMER STAPLES,Ultra
CONSUMER STAPLES,Unicom
CONSUMER STAPLES,Unilever
CONSUMER STAPLES,Ural
CONSUMER STAPLES,V'ERA
CONSUMER STAPLES,V-GARANT
CONSUMER STAPLES,V-KP
CONSUMER STAPLES,V-TRANZIT
CONSUMER STAPLES,V.-FARM
CONSUMER STAPLES,VA-OPT
CONSUMER STAPLES,VABEV
CONSUMER STAPLES,VADRO
CONSUMER STAPLES,VAI
CONSUMER STAPLES,VAKORM
CONSUMER STAPLES,VAL
CONSUMER STAPLES,VALAIF
CONSUMER STAPLES,VALCHIK
CONSUMER STAPLES,VALINE
CONSUMER STAPLES,VALOV
CONSUMER STAPLES,VALTIFUDS
CONSUMER STAPLES,VANGARD
CONSUMER STAPLES,VANTA
CONSUMER STAPLES,VARD
CONSUMER STAPLES,VARNA
CONSUMER STAPLES,VART
CONSUMER STAPLES,VATEYRRA
CONSUMER STAPLES,VATOR
CONSUMER STAPLES,VATREID
CONSUMER STAPLES,VATSKI
CONSUMER STAPLES,VAYA
CONSUMER STAPLES,VCO
CONSUMER STAPLES,VDK
CONSUMER STAPLES,VED
CONSUMER STAPLES,VEEVSKOE
CONSUMER STAPLES,VEGA
CONSUMER STAPLES,VEGEN
CONSUMER STAPLES,VEIS-L
CONSUMER STAPLES,VEK
CONSUMER STAPLES,VEKTOR
CONSUMER STAPLES,VEKTOR-S
CONSUMER STAPLES,VEL
CONSUMER STAPLES,VEL'D-SPB
CONSUMER STAPLES,VELD-21
CONSUMER STAPLES,VELES
CONSUMER STAPLES,VELEY
CONSUMER STAPLES,VELINA
CONSUMER STAPLES,VELKA
CONSUMER STAPLES,VELKOM
CONSUMER STAPLES,VELMEAT
CONSUMER STAPLES,VELVEL
CONSUMER STAPLES,VENDOR
CONSUMER STAPLES,VENETS
CONSUMER STAPLES,VENIR
CONSUMER STAPLES,VENSKOE
CONSUMER STAPLES,VENT-M
CONSUMER STAPLES,VENTO-2M
CONSUMER STAPLES,VENX
CONSUMER STAPLES,VEPOZ
CONSUMER STAPLES,VEPOZ-TD
CONSUMER STAPLES,VER
CONSUMER STAPLES,VERDE
CONSUMER STAPLES,VEREST
CONSUMER STAPLES,VERIKOND
CONSUMER STAPLES,VERNAYA
CONSUMER STAPLES,VERNYI
CONSUMER STAPLES,VERS
CONSUMER STAPLES,VERSAL
CONSUMER STAPLES,VERSAM
CONSUMER STAPLES,VERSHINA
CONSUMER STAPLES,VERSIYA
CONSUMER STAPLES,VES
CONSUMER STAPLES,VESKO
CONSUMER STAPLES,VEST
CONSUMER STAPLES,VESTA-M
CONSUMER STAPLES,VESTAR
CONSUMER STAPLES,VESTGRUPP
CONSUMER STAPLES,VET
CONSUMER STAPLES,VETS
CONSUMER STAPLES,VETSKHLEB
CONSUMER STAPLES,VETSKOE
CONSUMER STAPLES,VETSNAB
CONSUMER STAPLES,VETTA
CONSUMER STAPLES,VEYD
CONSUMER STAPLES,VEYOR
CONSUMER STAPLES,VEYS
CONSUMER STAPLES,VEZDA
CONSUMER STAPLES,VHOLOD
CONSUMER STAPLES,VIA
CONSUMER STAPLES,VIAS
CONSUMER STAPLES,VICE
CONSUMER STAPLES,VICHI-RUS
CONSUMER STAPLES,VIKAM
CONSUMER STAPLES,VIKOR
CONSUMER STAPLES,VIKTORIYA
CONSUMER STAPLES,VILA
CONSUMER STAPLES,VILL
CONSUMER STAPLES,VIMI
CONSUMER STAPLES,VIN
CONSUMER STAPLES,VINA
CONSUMER STAPLES,VINEGRET
CONSUMER STAPLES,VINIMPEX
CONSUMER STAPLES,VINO
CONSUMER STAPLES,VINSKAYA
CONSUMER STAPLES,VINSKOE
CONSUMER STAPLES,VINTAZH
CONSUMER STAPLES,VINTORG
CONSUMER STAPLES,VIOLA
CONSUMER STAPLES,VIOLET
CONSUMER STAPLES,VIP
CONSUMER STAPLES,VIPECHKA
CONSUMER STAPLES,VIR
CONSUMER STAPLES,VIRAZH
CONSUMER STAPLES,VIRTUM
CONSUMER STAPLES,VIS
CONSUMER STAPLES,VIS-YUG
CONSUMER STAPLES,VISANT
CONSUMER STAPLES,VIT
CONSUMER STAPLES,VITA
CONSUMER STAPLES,VITAFARM
CONSUMER STAPLES,VITALAIN
CONSUMER STAPLES,VITAMIN
CONSUMER STAPLES,VITIE
CONSUMER STAPLES,VITIE-M
CONSUMER STAPLES,VITOLINKA
CONSUMER STAPLES,VITOMEK
CONSUMER STAPLES,VITRAZH
CONSUMER STAPLES,VITTA
CONSUMER STAPLES,VITYAZ
CONSUMER STAPLES,VITYAZ'-M
CONSUMER STAPLES,VIYA
CONSUMER STAPLES,VIZHIMOST
CONSUMER STAPLES,VKA
CONSUMER STAPLES,VKAZ
CONSUMER STAPLES,VKK
CONSUMER STAPLES,VKOFE
CONSUMER STAPLES,VKT
CONSUMER STAPLES,VKUS
CONSUMER STAPLES,VKUSA
CONSUMER STAPLES,VKUSVILL
CONSUMER STAPLES,VLOVSKAYA
CONSUMER STAPLES,VNIKI
CONSUMER STAPLES,VO-2
CONSUMER STAPLES,VO-ALKO
CONSUMER STAPLES,VO-MAR
CONSUMER STAPLES,VOCOM
CONSUMER STAPLES,VOD
CONSUMER STAPLES,VODKA
CONSUMER STAPLES,VODOLEI
CONSUMER STAPLES,VODSTVO
CONSUMER STAPLES,VOE-2009
CONSUMER STAPLES,VOIYA
CONSUMER STAPLES,VOL
CONSUMER STAPLES,VOLE
CONSUMER STAPLES,VOLGA
CONSUMER STAPLES,VOLNA
CONSUMER STAPLES,VOLZHSKII
CONSUMER STAPLES,VOMAISKII
CONSUMER STAPLES,VON
CONSUMER STAPLES,VORECHYE
CONSUMER STAPLES,VORIT
CONSUMER STAPLES,VORONEZH
CONSUMER STAPLES,VOROVA
CONSUMER STAPLES,VOSAKHAR
CONSUMER STAPLES,VOSHOD
CONSUMER STAPLES,VOSIBIRSK
CONSUMER STAPLES,VOSKA
CONSUMER STAPLES,VOSKA-DVA
CONSUMER STAPLES,VOSKHOD
CONSUMER STAPLES,VOSTOK
CONSUMER STAPLES,VOTSVET
CONSUMER STAPLES,VOZOV
CONSUMER STAPLES,VROKUHNYA
CONSUMER STAPLES,VROPROM
CONSUMER STAPLES,VRORA
CONSUMER STAPLES,VRORITEIL
CONSUMER STAPLES,VROSERVIS
CONSUMER STAPLES,VROSMART
CONSUMER STAPLES,VROSTIL-M
CONSUMER STAPLES,VSAKHAR
CONSUMER STAPLES,VSGC
CONSUMER STAPLES,VSKAYA
CONSUMER STAPLES,VSKI
CONSUMER STAPLES,VSKIE
CONSUMER STAPLES,VSKII
CONSUMER STAPLES,VSKIY
CONSUMER STAPLES,VSKOE
CONSUMER STAPLES,VSKOI
CONSUMER STAPLES,VSTAR
CONSUMER STAPLES,VSTRAMEAT
CONSUMER STAPLES,VSUSHPROD
CONSUMER STAPLES,VSVIN
CONSUMER STAPLES,VTO
CONSUMER STAPLES,VTOPOLUS
CONSUMER STAPLES,VTOVIRAZH
CONSUMER STAPLES,VVS
CONSUMER STAPLES,VYANA
CONSUMER STAPLES,VYANKA
CONSUMER STAPLES,VYI
CONSUMER STAPLES,Veira
CONSUMER STAPLES,Ventra
CONSUMER STAPLES,Venture
CONSUMER STAPLES,Vernij
CONSUMER STAPLES,Virteks
CONSUMER STAPLES,Vyborjets
CONSUMER STAPLES,W.FISH
CONSUMER STAPLES,WAY-GROUP
CONSUMER STAPLES,WBD
CONSUMER STAPLES,WEET-LINE
CONSUMER STAPLES,WEST
CONSUMER STAPLES,WHITE
CONSUMER STAPLES,WICH
CONSUMER STAPLES,WINE
CONSUMER STAPLES,WINELAB
CONSUMER STAPLES,West
CONSUMER STAPLES,Wine
CONSUMER STAPLES,XIT
CONSUMER STAPLES,XOIL
CONSUMER STAPLES,XPO
CONSUMER STAPLES,XPORT
CONSUMER STAPLES,XXI
CONSUMER STAPLES,Y-BRANDS
CONSUMER STAPLES,Y-BROILER
CONSUMER STAPLES,Y-FOODS
CONSUMER STAPLES,Y-GROUP
CONSUMER STAPLES,Y-INVEST
CONSUMER STAPLES,Y-KHLEB
CONSUMER STAPLES,"YA,"
CONSUMER STAPLES,YA-AGRO
CONSUMER STAPLES,YA-GRAND
CONSUMER STAPLES,YA-NIVA
CONSUMER STAPLES,YABINA
CONSUMER STAPLES,YABINSKIY
CONSUMER STAPLES,YABR
CONSUMER STAPLES,YABR'
CONSUMER STAPLES,YAEVSKIE
CONSUMER STAPLES,YAGODA
CONSUMER STAPLES,YAIN
CONSUMER STAPLES,YAK
CONSUMER STAPLES,YAKOVO-2
CONSUMER STAPLES,YALINO
CONSUMER STAPLES,YANA
CONSUMER STAPLES,YANENKO
CONSUMER STAPLES,YANKA
CONSUMER STAPLES,YANKA-LUX
CONSUMER STAPLES,YANS
CONSUMER STAPLES,YANTAR
CONSUMER STAPLES,YAR
CONSUMER STAPLES,YARSK
CONSUMER STAPLES,YASHEVO
CONSUMER STAPLES,YASHKINO
CONSUMER STAPLES,YASKA
CONSUMER STAPLES,YASKO
CONSUMER STAPLES,YASON
CONSUMER STAPLES,YASSNAB
CONSUMER STAPLES,YATOVO
CONSUMER STAPLES,YAYUG
CONSUMER STAPLES,YAZ
CONSUMER STAPLES,YAZ'-M
CONSUMER STAPLES,YAZINSKOE
CONSUMER STAPLES,YBA
CONSUMER STAPLES,YBARUS
CONSUMER STAPLES,YBFLOT
CONSUMER STAPLES,YBORZHETS
CONSUMER STAPLES,YBOX
CONSUMER STAPLES,YCHESKII
CONSUMER STAPLES,YD-TSENTR
CONSUMER STAPLES,YDON
CONSUMER STAPLES,YEVO
CONSUMER STAPLES,YFISH
CONSUMER STAPLES,YGAGROHIM
CONSUMER STAPLES,YGGSELENT
CONSUMER STAPLES,YGIENIC
CONSUMER STAPLES,YID
CONSUMER STAPLES,YIN
CONSUMER STAPLES,YININVEST
CONSUMER STAPLES,YINKOR
CONSUMER STAPLES,YITKOMP
CONSUMER STAPLES,YKO
CONSUMER STAPLES,YKO-YUG
CONSUMER STAPLES,YKS.RU
CONSUMER STAPLES,YKSIMILK
CONSUMER STAPLES,YKSPORT
CONSUMER STAPLES,YKSPORTER
CONSUMER STAPLES,YKSPRESS
CONSUMER STAPLES,YLBI
CONSUMER STAPLES,YLCO
CONSUMER STAPLES,YLE-97
CONSUMER STAPLES,YLOVSKOE
CONSUMER STAPLES,YLS
CONSUMER STAPLES,YMA
CONSUMER STAPLES,YMOV
CONSUMER STAPLES,YMSPIRT
CONSUMER STAPLES,YND
CONSUMER STAPLES,YNERGETIC
CONSUMER STAPLES,YNERGIYA
CONSUMER STAPLES,YOR
CONSUMER STAPLES,YRA
CONSUMER STAPLES,YRKAFARM
CONSUMER STAPLES,YRNYI
CONSUMER STAPLES,YRO
CONSUMER STAPLES,YRRA
CONSUMER STAPLES,YRTIL'
CONSUMER STAPLES,YRY
CONSUMER STAPLES,YSELL
CONSUMER STAPLES,YSERVICE
CONSUMER STAPLES,YSH
CONSUMER STAPLES,YSKHAKO
CONSUMER STAPLES,YSTEM-K
CONSUMER STAPLES,YTKHIM
CONSUMER STAPLES,YUG
CONSUMER STAPLES,YUGPIVO
CONSUMER STAPLES,YUKMP
CONSUMER STAPLES,YUKS
CONSUMER STAPLES,YUM
CONSUMER STAPLES,YUMAR
CONSUMER STAPLES,YUMEN
CONSUMER STAPLES,YUMIN
CONSUMER STAPLES,YUNITEY
CONSUMER STAPLES,YUPITER
CONSUMER STAPLES,YUREEVO
CONSUMER STAPLES,YURK
CONSUMER STAPLES,YURSO
CONSUMER STAPLES,YURVES
CONSUMER STAPLES,YUS
CONSUMER STAPLES,YUSS
CONSUMER STAPLES,YUT
CONSUMER STAPLES,YUT-AGRO
CONSUMER STAPLES,YUTA-NN
CONSUMER STAPLES,YUVIKAM
CONSUMER STAPLES,YUZ
CONSUMER STAPLES,YUZ-22
CONSUMER STAPLES,YUZ-M
CONSUMER STAPLES,YUZ-TTM
CONSUMER STAPLES,YUZA
CONSUMER STAPLES,YUZHNAYA
CONSUMER STAPLES,YUZSNAB
CONSUMER STAPLES,YVEREST
CONSUMER STAPLES,YVKA
CONSUMER STAPLES,Yagry
CONSUMER STAPLES,Yason
CONSUMER STAPLES,Ybileyny
CONSUMER STAPLES,Yeyskaya
CONSUMER STAPLES,Yurinat
CONSUMER STAPLES,Z'-M
CONSUMER STAPLES,Z-22
CONSUMER STAPLES,Z-M
CONSUMER STAPLES,Z-TAVR
CONSUMER STAPLES,Z-TD
CONSUMER STAPLES,Z-TTM
CONSUMER STAPLES,ZA-KHLEB
CONSUMER STAPLES,ZAMOROZKA
CONSUMER STAPLES,ZAN
CONSUMER STAPLES,ZAO
CONSUMER STAPLES,ZAOZERNY
CONSUMER STAPLES,ZAPAD
CONSUMER STAPLES,ZARYA
CONSUMER STAPLES,ZAVOD
CONSUMER STAPLES,ZBASSOPT
CONSUMER STAPLES,ZBERDEI
CONSUMER STAPLES,ZBI
CONSUMER STAPLES,ZDA
CONSUMER STAPLES,ZDOL'E
CONSUMER STAPLES,ZDOLNOE
CONSUMER STAPLES,ZDRAV
CONSUMER STAPLES,ZDVINSKOE
CONSUMER STAPLES,ZEME
CONSUMER STAPLES,ZEMLYA
CONSUMER STAPLES,ZEMY
CONSUMER STAPLES,ZER
CONSUMER STAPLES,ZERNICA
CONSUMER STAPLES,ZERNO
CONSUMER STAPLES,ZERNY
CONSUMER STAPLES,ZERV
CONSUMER STAPLES,ZFARM
CONSUMER STAPLES,ZHANSKAYA
CONSUMER STAPLES,ZHBA
CONSUMER STAPLES,ZHBA-NIVA
CONSUMER STAPLES,ZHDA
CONSUMER STAPLES,ZHDENIE-1
CONSUMER STAPLES,ZHEL'
CONSUMER STAPLES,ZHEM
CONSUMER STAPLES,ZHENSKIY
CONSUMER STAPLES,ZHESTV
CONSUMER STAPLES,ZHETRIKO
CONSUMER STAPLES,ZHETS
CONSUMER STAPLES,ZHEVSKOI
CONSUMER STAPLES,ZHIES
CONSUMER STAPLES,ZHIMOST
CONSUMER STAPLES,ZHINKA
CONSUMER STAPLES,ZHINSKAYA
CONSUMER STAPLES,ZHITNITSA
CONSUMER STAPLES,ZHITO
CONSUMER STAPLES,ZHNAYA
CONSUMER STAPLES,ZHNIK
CONSUMER STAPLES,ZHSKAYA
CONSUMER STAPLES,ZHSKII
CONSUMER STAPLES,ZHUNIORS
CONSUMER STAPLES,ZHVZ
CONSUMER STAPLES,ZIMOVNIKI
CONSUMER STAPLES,ZING
CONSUMER STAPLES,"ZINSKAYA,"
CONSUMER STAPLES,ZINSKII
CONSUMER STAPLES,ZINSKOE
CONSUMER STAPLES,ZIS
CONSUMER STAPLES,ZIS-TREID
CONSUMER STAPLES,ZIT
CONSUMER STAPLES,ZIT-FARM
CONSUMER STAPLES,ZITADEL
CONSUMER STAPLES,ZIYA
CONSUMER STAPLES,ZKA
CONSUMER STAPLES,ZKO
CONSUMER STAPLES,ZMARIN
CONSUMER STAPLES,ZNES
CONSUMER STAPLES,ZONANS
CONSUMER STAPLES,ZONOV
CONSUMER STAPLES,ZONT
CONSUMER STAPLES,ZOV
CONSUMER STAPLES,ZOVO
CONSUMER STAPLES,ZOVSKIY
CONSUMER STAPLES,ZOZAN
CONSUMER STAPLES,ZRM
CONSUMER STAPLES,ZRMV
CONSUMER STAPLES,ZSNAB
CONSUMER STAPLES,ZUBR
CONSUMER STAPLES,ZUMRUD
CONSUMER STAPLES,ZVEZDA
CONSUMER STAPLES,ZVITIE
CONSUMER STAPLES,ZVITIE-M
CONSUMER STAPLES,ZVODSTVO
CONSUMER STAPLES,ZVT
CONSUMER STAPLES,ZYAIN
CONSUMER STAPLES,Zerno
CONSUMER STAPLES,ZhK
CONSUMER STAPLES,Zvezda
CONSUMER STAPLES,a-FR
CONSUMER STAPLES,a-Invest
CONSUMER STAPLES,a-Service
CONSUMER STAPLES,aBev
CONSUMER STAPLES,aStar
CONSUMER STAPLES,aVINA
CONSUMER STAPLES,aberon
CONSUMER STAPLES,abosh
CONSUMER STAPLES,acconist
CONSUMER STAPLES,acia
CONSUMER STAPLES,ack
CONSUMER STAPLES,ade
CONSUMER STAPLES,ade.
CONSUMER STAPLES,adia
CONSUMER STAPLES,ading
CONSUMER STAPLES,adnoe
CONSUMER STAPLES,adunitsa
CONSUMER STAPLES,adushkin
CONSUMER STAPLES,agnit
CONSUMER STAPLES,agnolia
CONSUMER STAPLES,agricom
CONSUMER STAPLES,agro
CONSUMER STAPLES,agry
CONSUMER STAPLES,ain
CONSUMER STAPLES,air
CONSUMER STAPLES,ak-Trade
CONSUMER STAPLES,albiovet
CONSUMER STAPLES,albroiler
CONSUMER STAPLES,alfolt
CONSUMER STAPLES,alfrut
CONSUMER STAPLES,alinskiy
CONSUMER STAPLES,all
CONSUMER STAPLES,all-2
CONSUMER STAPLES,amate
CONSUMER STAPLES,amax
CONSUMER STAPLES,amp
CONSUMER STAPLES,anamax
CONSUMER STAPLES,ance
CONSUMER STAPLES,and
CONSUMER STAPLES,ander
CONSUMER STAPLES,anenko
CONSUMER STAPLES,aneta
CONSUMER STAPLES,anevskaya
CONSUMER STAPLES,ang
CONSUMER STAPLES,anika
CONSUMER STAPLES,ankorm
CONSUMER STAPLES,anmaslo
CONSUMER STAPLES,ant
CONSUMER STAPLES,ant-Fish
CONSUMER STAPLES,anta
CONSUMER STAPLES,antal
CONSUMER STAPLES,antata
CONSUMER STAPLES,antis
CONSUMER STAPLES,apharm
CONSUMER STAPLES,apolis
CONSUMER STAPLES,aprim
CONSUMER STAPLES,aproduct
CONSUMER STAPLES,aratov
CONSUMER STAPLES,arcos
CONSUMER STAPLES,ard
CONSUMER STAPLES,ard-Orel
CONSUMER STAPLES,areven
CONSUMER STAPLES,ariinsk
CONSUMER STAPLES,ark
CONSUMER STAPLES,arkoff
CONSUMER STAPLES,arm
CONSUMER STAPLES,art
CONSUMER STAPLES,artner-M
CONSUMER STAPLES,ashira
CONSUMER STAPLES,aslenytsa
CONSUMER STAPLES,aslo
CONSUMER STAPLES,asloprom
CONSUMER STAPLES,ason
CONSUMER STAPLES,ast
CONSUMER STAPLES,ast-West
CONSUMER STAPLES,asterfood
CONSUMER STAPLES,ata
CONSUMER STAPLES,ate
CONSUMER STAPLES,ategy-XXI
CONSUMER STAPLES,ator
CONSUMER STAPLES,atorg
CONSUMER STAPLES,atov
CONSUMER STAPLES,atrade
CONSUMER STAPLES,auss
CONSUMER STAPLES,avang
CONSUMER STAPLES,avcoffee
CONSUMER STAPLES,avria
CONSUMER STAPLES,aya
CONSUMER STAPLES,ayak
CONSUMER STAPLES,ays-DV
CONSUMER STAPLES,bacconist
CONSUMER STAPLES,bagro
CONSUMER STAPLES,ball
CONSUMER STAPLES,ban
CONSUMER STAPLES,banmaslo
CONSUMER STAPLES,belko
CONSUMER STAPLES,beloe
CONSUMER STAPLES,beron
CONSUMER STAPLES,berry
CONSUMER STAPLES,bileyny
CONSUMER STAPLES,biovet
CONSUMER STAPLES,blishing
CONSUMER STAPLES,borjets
CONSUMER STAPLES,bosh
CONSUMER STAPLES,bprom
CONSUMER STAPLES,broflot
CONSUMER STAPLES,broiler
CONSUMER STAPLES,burg
CONSUMER STAPLES,car
CONSUMER STAPLES,cconist
CONSUMER STAPLES,ceFruit
CONSUMER STAPLES,ceberry
CONSUMER STAPLES,cessing
CONSUMER STAPLES,cia
CONSUMER STAPLES,cko
CONSUMER STAPLES,coffee
CONSUMER STAPLES,com
CONSUMER STAPLES,complex
CONSUMER STAPLES,conist
CONSUMER STAPLES,cos
CONSUMER STAPLES,ctr
CONSUMER STAPLES,cts
CONSUMER STAPLES,d-Finance
CONSUMER STAPLES,d-Orel
CONSUMER STAPLES,d-Torg
CONSUMER STAPLES,d-service
CONSUMER STAPLES,dLab
CONSUMER STAPLES,dSnack
CONSUMER STAPLES,davang
CONSUMER STAPLES,de.
CONSUMER STAPLES,del
CONSUMER STAPLES,der
CONSUMER STAPLES,dia
CONSUMER STAPLES,dients
CONSUMER STAPLES,ding
CONSUMER STAPLES,dland
CONSUMER STAPLES,dnoe
CONSUMER STAPLES,doff.
CONSUMER STAPLES,dohni-77
CONSUMER STAPLES,doprodukt
CONSUMER STAPLES,dovoe
CONSUMER STAPLES,"dozhskiy"""
CONSUMER STAPLES,dproduct
CONSUMER STAPLES,duct
CONSUMER STAPLES,ducts
CONSUMER STAPLES,dukt
CONSUMER STAPLES,dunitsa
CONSUMER STAPLES,dushkin
CONSUMER STAPLES,e&beloe
CONSUMER STAPLES,e-Kuban
CONSUMER STAPLES,eFresh
CONSUMER STAPLES,eFruit
CONSUMER STAPLES,ealfrut
CONSUMER STAPLES,eatrade
CONSUMER STAPLES,eberry
CONSUMER STAPLES,ecko
CONSUMER STAPLES,ectr
CONSUMER STAPLES,edients
CONSUMER STAPLES,edo
CONSUMER STAPLES,ega
CONSUMER STAPLES,egapolis
CONSUMER STAPLES,egion
CONSUMER STAPLES,egy-XXI
CONSUMER STAPLES,eid
CONSUMER STAPLES,einsib
CONSUMER STAPLES,eira
CONSUMER STAPLES,ekomed
CONSUMER STAPLES,eks
CONSUMER STAPLES,elBi
CONSUMER STAPLES,elie
CONSUMER STAPLES,elko
CONSUMER STAPLES,eloe
CONSUMER STAPLES,elpivo
CONSUMER STAPLES,ement
CONSUMER STAPLES,emye
CONSUMER STAPLES,enium
CONSUMER STAPLES,enko
CONSUMER STAPLES,ent
CONSUMER STAPLES,ent-Trade
CONSUMER STAPLES,enta
CONSUMER STAPLES,entra
CONSUMER STAPLES,ents
CONSUMER STAPLES,enture
CONSUMER STAPLES,enview
CONSUMER STAPLES,enytsa
CONSUMER STAPLES,eprodukt
CONSUMER STAPLES,eprom
CONSUMER STAPLES,er-M
CONSUMER STAPLES,er-Wine
CONSUMER STAPLES,erbelko
CONSUMER STAPLES,erfood
CONSUMER STAPLES,ergy
CONSUMER STAPLES,erinburg
CONSUMER STAPLES,erkizovo
CONSUMER STAPLES,ernaya
CONSUMER STAPLES,ernij
CONSUMER STAPLES,erno
CONSUMER STAPLES,ernozemye
CONSUMER STAPLES,eroball
CONSUMER STAPLES,eron
CONSUMER STAPLES,erosol
CONSUMER STAPLES,erry
CONSUMER STAPLES,ersey
CONSUMER STAPLES,ervice
CONSUMER STAPLES,esh
CONSUMER STAPLES,eshog
CONSUMER STAPLES,esignSoap
CONSUMER STAPLES,ess-Kuban
CONSUMER STAPLES,essing
CONSUMER STAPLES,est
CONSUMER STAPLES,estvo-Soy
CONSUMER STAPLES,eta
CONSUMER STAPLES,etey
CONSUMER STAPLES,etkanika
CONSUMER STAPLES,etra
CONSUMER STAPLES,etro
CONSUMER STAPLES,ets
CONSUMER STAPLES,evaStar
CONSUMER STAPLES,evator
CONSUMER STAPLES,even
CONSUMER STAPLES,ever
CONSUMER STAPLES,evernaya
CONSUMER STAPLES,evo
CONSUMER STAPLES,evskaya
CONSUMER STAPLES,evsky
CONSUMER STAPLES,eyny
CONSUMER STAPLES,eyskaya
CONSUMER STAPLES,ezda
CONSUMER STAPLES,faprim
CONSUMER STAPLES,farm
CONSUMER STAPLES,fee
CONSUMER STAPLES,fes
CONSUMER STAPLES,ff.
CONSUMER STAPLES,ffee
CONSUMER STAPLES,ffes
CONSUMER STAPLES,flot
CONSUMER STAPLES,folt
CONSUMER STAPLES,food
CONSUMER STAPLES,frut
CONSUMER STAPLES,g-Ukhta
CONSUMER STAPLES,ga-Invest
CONSUMER STAPLES,gapolis
CONSUMER STAPLES,gar
CONSUMER STAPLES,gator
CONSUMER STAPLES,geprodukt
CONSUMER STAPLES,gievsky
CONSUMER STAPLES,gion
CONSUMER STAPLES,gistic
CONSUMER STAPLES,gistik
CONSUMER STAPLES,gnSoap
CONSUMER STAPLES,gnit
CONSUMER STAPLES,gnolia
CONSUMER STAPLES,grankorm
CONSUMER STAPLES,gredients
CONSUMER STAPLES,gricom
CONSUMER STAPLES,grid
CONSUMER STAPLES,gro
CONSUMER STAPLES,gro-Trade
CONSUMER STAPLES,groEast
CONSUMER STAPLES,groGard
CONSUMER STAPLES,groTreid
CONSUMER STAPLES,groecko
CONSUMER STAPLES,grohim
CONSUMER STAPLES,groinvest
CONSUMER STAPLES,grosila
CONSUMER STAPLES,grotorg
CONSUMER STAPLES,group
CONSUMER STAPLES,gry
CONSUMER STAPLES,gy-XXI
CONSUMER STAPLES,harm
CONSUMER STAPLES,helpivo
CONSUMER STAPLES,heprom
CONSUMER STAPLES,herkizovo
CONSUMER STAPLES,him
CONSUMER STAPLES,hing
CONSUMER STAPLES,hira
CONSUMER STAPLES,hkin
CONSUMER STAPLES,hni-77
CONSUMER STAPLES,hodel
CONSUMER STAPLES,hog
CONSUMER STAPLES,hop
CONSUMER STAPLES,hori
CONSUMER STAPLES,"hskiy"""
CONSUMER STAPLES,hta
CONSUMER STAPLES,i-77
CONSUMER STAPLES,iR-PAK
CONSUMER STAPLES,ian
CONSUMER STAPLES,iant
CONSUMER STAPLES,ibagro
CONSUMER STAPLES,ibprom
CONSUMER STAPLES,ica
CONSUMER STAPLES,ice
CONSUMER STAPLES,iceFruit
CONSUMER STAPLES,icia
CONSUMER STAPLES,icom
CONSUMER STAPLES,ients
CONSUMER STAPLES,ier-Wine
CONSUMER STAPLES,ievsky
CONSUMER STAPLES,iew
CONSUMER STAPLES,igator
CONSUMER STAPLES,ignSoap
CONSUMER STAPLES,iinsk
CONSUMER STAPLES,ika
CONSUMER STAPLES,ila
CONSUMER STAPLES,iler
CONSUMER STAPLES,ilever
CONSUMER STAPLES,ileyny
CONSUMER STAPLES,illenium
CONSUMER STAPLES,illeshog
CONSUMER STAPLES,imak
CONSUMER STAPLES,imosha
CONSUMER STAPLES,imple
CONSUMER STAPLES,inance
CONSUMER STAPLES,inat
CONSUMER STAPLES,inburg
CONSUMER STAPLES,ine
CONSUMER STAPLES,ing
CONSUMER STAPLES,ini
CONSUMER STAPLES,ino
CONSUMER STAPLES,inprom
CONSUMER STAPLES,insib
CONSUMER STAPLES,insk
CONSUMER STAPLES,inskiy
CONSUMER STAPLES,invest
CONSUMER STAPLES,ioFoodLab
CONSUMER STAPLES,ion
CONSUMER STAPLES,iovet
CONSUMER STAPLES,ira
CONSUMER STAPLES,iratorg
CONSUMER STAPLES,irst
CONSUMER STAPLES,irtProm
CONSUMER STAPLES,irteks
CONSUMER STAPLES,ish
CONSUMER STAPLES,isheprom
CONSUMER STAPLES,ishing
CONSUMER STAPLES,iskisugar
CONSUMER STAPLES,islov
CONSUMER STAPLES,ist
CONSUMER STAPLES,istall-2
CONSUMER STAPLES,istic
CONSUMER STAPLES,istik
CONSUMER STAPLES,istol
CONSUMER STAPLES,istral
CONSUMER STAPLES,isugar
CONSUMER STAPLES,itsa
CONSUMER STAPLES,ityGrand
CONSUMER STAPLES,ium
CONSUMER STAPLES,ivo
CONSUMER STAPLES,ixit
CONSUMER STAPLES,"iy"""
CONSUMER STAPLES,iya
CONSUMER STAPLES,iznes
CONSUMER STAPLES,izovo
CONSUMER STAPLES,jets
CONSUMER STAPLES,k-Trade
CONSUMER STAPLES,k-VED
CONSUMER STAPLES,kadia
CONSUMER STAPLES,kalinskiy
CONSUMER STAPLES,kanika
CONSUMER STAPLES,kapharm
CONSUMER STAPLES,kaya
CONSUMER STAPLES,khta
CONSUMER STAPLES,kin
CONSUMER STAPLES,kisugar
CONSUMER STAPLES,kiy
CONSUMER STAPLES,"kiy"""
CONSUMER STAPLES,kizovo
CONSUMER STAPLES,koMir
CONSUMER STAPLES,koff
CONSUMER STAPLES,komed
CONSUMER STAPLES,korm
CONSUMER STAPLES,ktion
CONSUMER STAPLES,kul
CONSUMER STAPLES,kvinprom
CONSUMER STAPLES,kyanenko
CONSUMER STAPLES,l-2
CONSUMER STAPLES,lBi
CONSUMER STAPLES,lInvest
CONSUMER STAPLES,la-FR
CONSUMER STAPLES,ladunitsa
CONSUMER STAPLES,ladushkin
CONSUMER STAPLES,land
CONSUMER STAPLES,laneta
CONSUMER STAPLES,lant-Fish
CONSUMER STAPLES,lantis
CONSUMER STAPLES,lark
CONSUMER STAPLES,lavcoffee
CONSUMER STAPLES,lbiovet
CONSUMER STAPLES,lbroiler
CONSUMER STAPLES,le-Kuban
CONSUMER STAPLES,lement
CONSUMER STAPLES,lenium
CONSUMER STAPLES,lenytsa
CONSUMER STAPLES,ler
CONSUMER STAPLES,leshog
CONSUMER STAPLES,levator
CONSUMER STAPLES,lever
CONSUMER STAPLES,lex
CONSUMER STAPLES,leyny
CONSUMER STAPLES,lfolt
CONSUMER STAPLES,lfrut
CONSUMER STAPLES,lgrankorm
CONSUMER STAPLES,lia
CONSUMER STAPLES,lica
CONSUMER STAPLES,lie
CONSUMER STAPLES,ligator
CONSUMER STAPLES,lini
CONSUMER STAPLES,linskiy
CONSUMER STAPLES,lis
CONSUMER STAPLES,lishing
CONSUMER STAPLES,lko
CONSUMER STAPLES,lkoMir
CONSUMER STAPLES,ll-2
CONSUMER STAPLES,lle-Kuban
CONSUMER STAPLES,llenium
CONSUMER STAPLES,lleshog
CONSUMER STAPLES,lligator
CONSUMER STAPLES,lodovoe
CONSUMER STAPLES,loe
CONSUMER STAPLES,loprom
CONSUMER STAPLES,lot
CONSUMER STAPLES,lov
CONSUMER STAPLES,lpivo
CONSUMER STAPLES,lproducts
CONSUMER STAPLES,lsPro
CONSUMER STAPLES,ltair
CONSUMER STAPLES,lton
CONSUMER STAPLES,ltra
CONSUMER STAPLES,lus
CONSUMER STAPLES,lvest
CONSUMER STAPLES,ly-Clark
CONSUMER STAPLES,macia
CONSUMER STAPLES,mak
CONSUMER STAPLES,mak-Trade
CONSUMER STAPLES,maslo
CONSUMER STAPLES,masloprom
CONSUMER STAPLES,mate
CONSUMER STAPLES,max
CONSUMER STAPLES,med
CONSUMER STAPLES,mega
CONSUMER STAPLES,melie
CONSUMER STAPLES,ment
CONSUMER STAPLES,metey
CONSUMER STAPLES,mier-Wine
CONSUMER STAPLES,mosha
CONSUMER STAPLES,mpeks
CONSUMER STAPLES,mpex
CONSUMER STAPLES,mple
CONSUMER STAPLES,mplex
CONSUMER STAPLES,mport
CONSUMER STAPLES,mports
CONSUMER STAPLES,mpulsPro
CONSUMER STAPLES,mula
CONSUMER STAPLES,mula-FR
CONSUMER STAPLES,mye
CONSUMER STAPLES,n-Biznes
CONSUMER STAPLES,n-Saratov
CONSUMER STAPLES,n-Trading
CONSUMER STAPLES,nSoap
CONSUMER STAPLES,nab
CONSUMER STAPLES,nack
CONSUMER STAPLES,namax
CONSUMER STAPLES,nance
CONSUMER STAPLES,nat
CONSUMER STAPLES,naya
CONSUMER STAPLES,nburg
CONSUMER STAPLES,nce
CONSUMER STAPLES,nder
CONSUMER STAPLES,nenko
CONSUMER STAPLES,ner-M
CONSUMER STAPLES,nergy
CONSUMER STAPLES,nes
CONSUMER STAPLES,nest
CONSUMER STAPLES,neta
CONSUMER STAPLES,nevskaya
CONSUMER STAPLES,nfaprim
CONSUMER STAPLES,ngrid
CONSUMER STAPLES,ni-77
CONSUMER STAPLES,nicom
CONSUMER STAPLES,nij
CONSUMER STAPLES,nika
CONSUMER STAPLES,nilever
CONSUMER STAPLES,nist
CONSUMER STAPLES,nit
CONSUMER STAPLES,nitsa
CONSUMER STAPLES,nium
CONSUMER STAPLES,nko
CONSUMER STAPLES,nkorm
CONSUMER STAPLES,nmaslo
CONSUMER STAPLES,noe
CONSUMER STAPLES,noe&beloe
CONSUMER STAPLES,nolia
CONSUMER STAPLES,nozemye
CONSUMER STAPLES,nprom
CONSUMER STAPLES,nsib
CONSUMER STAPLES,nsk
CONSUMER STAPLES,nskiy
CONSUMER STAPLES,nt-Fish
CONSUMER STAPLES,nt-Trade
CONSUMER STAPLES,nta
CONSUMER STAPLES,ntal
CONSUMER STAPLES,ntan
CONSUMER STAPLES,ntata
CONSUMER STAPLES,nterbelko
CONSUMER STAPLES,ntis
CONSUMER STAPLES,ntra
CONSUMER STAPLES,nts
CONSUMER STAPLES,nture
CONSUMER STAPLES,nty
CONSUMER STAPLES,nvest
CONSUMER STAPLES,nview
CONSUMER STAPLES,nytsa
CONSUMER STAPLES,o-Soy
CONSUMER STAPLES,o-Trade
CONSUMER STAPLES,oEast
CONSUMER STAPLES,oFoodLab
CONSUMER STAPLES,oGard
CONSUMER STAPLES,oMir
CONSUMER STAPLES,oShop
CONSUMER STAPLES,oTreid
CONSUMER STAPLES,oap
CONSUMER STAPLES,oball
CONSUMER STAPLES,obroflot
CONSUMER STAPLES,ocar
CONSUMER STAPLES,ocessing
CONSUMER STAPLES,ocomplex
CONSUMER STAPLES,od-Torg
CONSUMER STAPLES,odLab
CONSUMER STAPLES,odSnack
CONSUMER STAPLES,odel
CONSUMER STAPLES,odland
CONSUMER STAPLES,odovoe
CONSUMER STAPLES,odproduct
CONSUMER STAPLES,oduct
CONSUMER STAPLES,oducts
CONSUMER STAPLES,odukt
CONSUMER STAPLES,oe&beloe
CONSUMER STAPLES,oecko
CONSUMER STAPLES,off
CONSUMER STAPLES,off.
CONSUMER STAPLES,offee
CONSUMER STAPLES,oflot
CONSUMER STAPLES,ogistic
CONSUMER STAPLES,ogistik
CONSUMER STAPLES,ohim
CONSUMER STAPLES,ohni-77
CONSUMER STAPLES,oiler
CONSUMER STAPLES,oinvest
CONSUMER STAPLES,ok-VED
CONSUMER STAPLES,olInvest
CONSUMER STAPLES,olia
CONSUMER STAPLES,olica
CONSUMER STAPLES,olini
CONSUMER STAPLES,olis
CONSUMER STAPLES,olt
CONSUMER STAPLES,olvest
CONSUMER STAPLES,omed
CONSUMER STAPLES,omelie
CONSUMER STAPLES,ometey
CONSUMER STAPLES,omplex
CONSUMER STAPLES,on-Biznes
CONSUMER STAPLES,onist
CONSUMER STAPLES,ontan
CONSUMER STAPLES,ood
CONSUMER STAPLES,oodLab
CONSUMER STAPLES,oodland
CONSUMER STAPLES,oprodukt
CONSUMER STAPLES,oprom
CONSUMER STAPLES,ora
CONSUMER STAPLES,orck
CONSUMER STAPLES,orem
CONSUMER STAPLES,org
CONSUMER STAPLES,org-Ukhta
CONSUMER STAPLES,orgievsky
CONSUMER STAPLES,ori
CONSUMER STAPLES,orjets
CONSUMER STAPLES,orm
CONSUMER STAPLES,ormacia
CONSUMER STAPLES,ormula
CONSUMER STAPLES,ormula-FR
CONSUMER STAPLES,ort
CONSUMER STAPLES,orts
CONSUMER STAPLES,osevo
CONSUMER STAPLES,osfarm
CONSUMER STAPLES,osh
CONSUMER STAPLES,osha
CONSUMER STAPLES,osila
CONSUMER STAPLES,osol
CONSUMER STAPLES,ossiya
CONSUMER STAPLES,osta
CONSUMER STAPLES,ostok-VED
CONSUMER STAPLES,oteinsib
CONSUMER STAPLES,otorg
CONSUMER STAPLES,oup
CONSUMER STAPLES,oup-Ural
CONSUMER STAPLES,ov-Ptitsa
CONSUMER STAPLES,ovaBev
CONSUMER STAPLES,ovet
CONSUMER STAPLES,ovo
CONSUMER STAPLES,ovoe
CONSUMER STAPLES,oyuzsnab
CONSUMER STAPLES,oza
CONSUMER STAPLES,ozemye
CONSUMER STAPLES,"ozhskiy"""
CONSUMER STAPLES,p-Ural
CONSUMER STAPLES,pectr
CONSUMER STAPLES,peks
CONSUMER STAPLES,pex
CONSUMER STAPLES,pharm
CONSUMER STAPLES,phodel
CONSUMER STAPLES,pino
CONSUMER STAPLES,pirtProm
CONSUMER STAPLES,pisheprom
CONSUMER STAPLES,pivo
CONSUMER STAPLES,ple
CONSUMER STAPLES,plex
CONSUMER STAPLES,polis
CONSUMER STAPLES,port
CONSUMER STAPLES,ports
CONSUMER STAPLES,prim
CONSUMER STAPLES,product
CONSUMER STAPLES,products
CONSUMER STAPLES,produkt
CONSUMER STAPLES,prom
CONSUMER STAPLES,pulsPro
CONSUMER STAPLES,r-M
CONSUMER STAPLES,r-Wine
CONSUMER STAPLES,rade
CONSUMER STAPLES,rade.
CONSUMER STAPLES,rading
CONSUMER STAPLES,radnoe
CONSUMER STAPLES,rain
CONSUMER STAPLES,ral
CONSUMER STAPLES,ralbiovet
CONSUMER STAPLES,ralfolt
CONSUMER STAPLES,rand
CONSUMER STAPLES,rankorm
CONSUMER STAPLES,ratorg
CONSUMER STAPLES,ratov
CONSUMER STAPLES,rauss
CONSUMER STAPLES,rbelko
CONSUMER STAPLES,rck
CONSUMER STAPLES,rcos
CONSUMER STAPLES,rd-Orel
CONSUMER STAPLES,redients
CONSUMER STAPLES,redo
CONSUMER STAPLES,reid
CONSUMER STAPLES,rel
CONSUMER STAPLES,rem
CONSUMER STAPLES,resh
CONSUMER STAPLES,reven
CONSUMER STAPLES,rfood
CONSUMER STAPLES,rg-Ukhta
CONSUMER STAPLES,rgievsky
CONSUMER STAPLES,rgy
CONSUMER STAPLES,ria
CONSUMER STAPLES,riant
CONSUMER STAPLES,ricia
CONSUMER STAPLES,ricom
CONSUMER STAPLES,rid
CONSUMER STAPLES,riinsk
CONSUMER STAPLES,rim
CONSUMER STAPLES,rinat
CONSUMER STAPLES,rinburg
CONSUMER STAPLES,rio
CONSUMER STAPLES,ristall-2
CONSUMER STAPLES,ristol
CONSUMER STAPLES,rjets
CONSUMER STAPLES,rkadia
CONSUMER STAPLES,rkapharm
CONSUMER STAPLES,rkizovo
CONSUMER STAPLES,rkoff
CONSUMER STAPLES,rly-Clark
CONSUMER STAPLES,rmacia
CONSUMER STAPLES,rmula
CONSUMER STAPLES,rmula-FR
CONSUMER STAPLES,rnaya
CONSUMER STAPLES,rnest
CONSUMER STAPLES,rnij
CONSUMER STAPLES,rno
CONSUMER STAPLES,rnozemye
CONSUMER STAPLES,ro-Trade
CONSUMER STAPLES,roEast
CONSUMER STAPLES,roGard
CONSUMER STAPLES,roShop
CONSUMER STAPLES,roTreid
CONSUMER STAPLES,roball
CONSUMER STAPLES,rocessing
CONSUMER STAPLES,rocomplex
CONSUMER STAPLES,rod-Torg
CONSUMER STAPLES,rodSnack
CONSUMER STAPLES,roduct
CONSUMER STAPLES,roducts
CONSUMER STAPLES,rodukt
CONSUMER STAPLES,roecko
CONSUMER STAPLES,roflot
CONSUMER STAPLES,rohim
CONSUMER STAPLES,roiler
CONSUMER STAPLES,roinvest
CONSUMER STAPLES,rom
CONSUMER STAPLES,rometey
CONSUMER STAPLES,ron
CONSUMER STAPLES,rora
CONSUMER STAPLES,rosila
CONSUMER STAPLES,rosol
CONSUMER STAPLES,roteinsib
CONSUMER STAPLES,rotorg
CONSUMER STAPLES,roup
CONSUMER STAPLES,roup-Ural
CONSUMER STAPLES,rry
CONSUMER STAPLES,rsey
CONSUMER STAPLES,rsis
CONSUMER STAPLES,rst
CONSUMER STAPLES,rtProm
CONSUMER STAPLES,rteks
CONSUMER STAPLES,rtner-M
CONSUMER STAPLES,rts
CONSUMER STAPLES,ruit
CONSUMER STAPLES,rut
CONSUMER STAPLES,rvice
CONSUMER STAPLES,s-DV
CONSUMER STAPLES,s-Kuban
CONSUMER STAPLES,sPro
CONSUMER STAPLES,sagricom
CONSUMER STAPLES,service
CONSUMER STAPLES,sevo
CONSUMER STAPLES,sey
CONSUMER STAPLES,sfarm
CONSUMER STAPLES,sha
CONSUMER STAPLES,she
CONSUMER STAPLES,sheprom
CONSUMER STAPLES,shing
CONSUMER STAPLES,shira
CONSUMER STAPLES,shkin
CONSUMER STAPLES,shog
CONSUMER STAPLES,sian
CONSUMER STAPLES,sib
CONSUMER STAPLES,signSoap
CONSUMER STAPLES,sila
CONSUMER STAPLES,sing
CONSUMER STAPLES,sis
CONSUMER STAPLES,siya
CONSUMER STAPLES,skaya
CONSUMER STAPLES,skisugar
CONSUMER STAPLES,skiy
CONSUMER STAPLES,"skiy"""
CONSUMER STAPLES,skvinprom
CONSUMER STAPLES,sky
CONSUMER STAPLES,slenytsa
CONSUMER STAPLES,slo
CONSUMER STAPLES,sloprom
CONSUMER STAPLES,slov
CONSUMER STAPLES,snab
CONSUMER STAPLES,sol
CONSUMER STAPLES,son
CONSUMER STAPLES,sphodel
CONSUMER STAPLES,ss-Kuban
CONSUMER STAPLES,ssian
CONSUMER STAPLES,ssing
CONSUMER STAPLES,ssiya
CONSUMER STAPLES,st-West
CONSUMER STAPLES,sta
CONSUMER STAPLES,stall-2
CONSUMER STAPLES,sterfood
CONSUMER STAPLES,stic
CONSUMER STAPLES,stik
CONSUMER STAPLES,stok-VED
CONSUMER STAPLES,stol
CONSUMER STAPLES,ston
CONSUMER STAPLES,stra
CONSUMER STAPLES,stral
CONSUMER STAPLES,stvo-Soy
CONSUMER STAPLES,sugar
CONSUMER STAPLES,t-Fish
CONSUMER STAPLES,t-Trade
CONSUMER STAPLES,t-West
CONSUMER STAPLES,tLogistik
CONSUMER STAPLES,tProm
CONSUMER STAPLES,tair
CONSUMER STAPLES,tal
CONSUMER STAPLES,tall-2
CONSUMER STAPLES,tan
CONSUMER STAPLES,tar
CONSUMER STAPLES,tart
CONSUMER STAPLES,tata
CONSUMER STAPLES,tdohni-77
CONSUMER STAPLES,tegy-XXI
CONSUMER STAPLES,teinsib
CONSUMER STAPLES,teks
CONSUMER STAPLES,terbelko
CONSUMER STAPLES,terfood
CONSUMER STAPLES,terinburg
CONSUMER STAPLES,tey
CONSUMER STAPLES,tic
CONSUMER STAPLES,tik
CONSUMER STAPLES,tion
CONSUMER STAPLES,tis
CONSUMER STAPLES,titsa
CONSUMER STAPLES,tkanika
CONSUMER STAPLES,tkul
CONSUMER STAPLES,tner-M
CONSUMER STAPLES,tok-VED
CONSUMER STAPLES,tol
CONSUMER STAPLES,tolica
CONSUMER STAPLES,ton
CONSUMER STAPLES,tor
CONSUMER STAPLES,torck
CONSUMER STAPLES,torg
CONSUMER STAPLES,tov
CONSUMER STAPLES,tra
CONSUMER STAPLES,trade
CONSUMER STAPLES,tradnoe
CONSUMER STAPLES,tral
CONSUMER STAPLES,trauss
CONSUMER STAPLES,tricia
CONSUMER STAPLES,tro
CONSUMER STAPLES,tsa
CONSUMER STAPLES,tupino
CONSUMER STAPLES,ture
CONSUMER STAPLES,tvo-Soy
CONSUMER STAPLES,tyGrand
CONSUMER STAPLES,uaproduct
CONSUMER STAPLES,uban
CONSUMER STAPLES,ubanmaslo
CONSUMER STAPLES,ublishing
CONSUMER STAPLES,uct
CONSUMER STAPLES,ucts
CONSUMER STAPLES,udoff.
CONSUMER STAPLES,ugar
CONSUMER STAPLES,uit
CONSUMER STAPLES,ukt
CONSUMER STAPLES,ukyanenko
CONSUMER STAPLES,ula
CONSUMER STAPLES,ula-FR
CONSUMER STAPLES,ulsPro
CONSUMER STAPLES,ulton
CONSUMER STAPLES,unitsa
CONSUMER STAPLES,unty
CONSUMER STAPLES,up-Ural
CONSUMER STAPLES,upino
CONSUMER STAPLES,ure
CONSUMER STAPLES,urg
CONSUMER STAPLES,urinat
CONSUMER STAPLES,usagricom
CONSUMER STAPLES,ushe
CONSUMER STAPLES,ushkin
CONSUMER STAPLES,uss
CONSUMER STAPLES,ussian
CONSUMER STAPLES,utricia
CONSUMER STAPLES,uzsnab
CONSUMER STAPLES,v-Ptitsa
CONSUMER STAPLES,vaBev
CONSUMER STAPLES,vaStar
CONSUMER STAPLES,vang
CONSUMER STAPLES,vanta
CONSUMER STAPLES,vas
CONSUMER STAPLES,vator
CONSUMER STAPLES,vcoffee
CONSUMER STAPLES,ven
CONSUMER STAPLES,venta
CONSUMER STAPLES,ver
CONSUMER STAPLES,vernaya
CONSUMER STAPLES,vest
CONSUMER STAPLES,vet
CONSUMER STAPLES,vezda
CONSUMER STAPLES,vice
CONSUMER STAPLES,view
CONSUMER STAPLES,vinprom
CONSUMER STAPLES,vo-Soy
CONSUMER STAPLES,voe
CONSUMER STAPLES,vria
CONSUMER STAPLES,vrora
CONSUMER STAPLES,vskaya
CONSUMER STAPLES,vsky
CONSUMER STAPLES,xit
CONSUMER STAPLES,y-Broiler
CONSUMER STAPLES,y-Clark
CONSUMER STAPLES,y-Venture
CONSUMER STAPLES,y-XXI
CONSUMER STAPLES,yGrand
CONSUMER STAPLES,yak
CONSUMER STAPLES,yanenko
CONSUMER STAPLES,yborjets
CONSUMER STAPLES,yffes
CONSUMER STAPLES,ynergy
CONSUMER STAPLES,yny
CONSUMER STAPLES,ys-DV
CONSUMER STAPLES,yskaya
CONSUMER STAPLES,ytsa
CONSUMER STAPLES,yuzsnab
CONSUMER STAPLES,zda
CONSUMER STAPLES,zemye
CONSUMER STAPLES,"zhskiy"""
CONSUMER STAPLES,znes
CONSUMER STAPLES,zovo
CONSUMER STAPLES,zsnab
ENERGY,'-DON
ENERGY,'-LUGA
ENERGY,'NYE
ENERGY,'STROI
ENERGY,'TAIR
ENERGY,-75
ENERGY,-95
ENERGY,-AERO
ENERGY,-AQUA
ENERGY,-BURENIE
ENERGY,-CIMOLAI
ENERGY,-Capital
ENERGY,-Center
ENERGY,-DON
ENERGY,-DRILLING
ENERGY,-FINANCE
ENERGY,-FLOT
ENERGY,-FORM
ENERGY,-Form
ENERGY,-GAZ
ENERGY,-GROUP
ENERGY,-GRUPP
ENERGY,-Group
ENERGY,-KAPITAL
ENERGY,-KHAKASIA
ENERGY,-KHAZAR
ENERGY,-KMN
ENERGY,-KROSS
ENERGY,-KUZBASS
ENERGY,-LUGA
ENERGY,-METALL
ENERGY,-NASTSTAL
ENERGY,-NEFT
ENERGY,-NEFT'
ENERGY,-NEFTEGAZ
ENERGY,-NEFTO
ENERGY,-NGG
ENERGY,-NK
ENERGY,-OIL
ENERGY,-ORION
ENERGY,-OSNASTKA
ENERGY,-Oil
ENERGY,-PERM
ENERGY,-PERM'
ENERGY,-PETROTEK
ENERGY,-POVOLZHE
ENERGY,-PROPAN
ENERGY,-Pioner
ENERGY,-RAZVITIE
ENERGY,-REMONT
ENERGY,-SAMARA
ENERGY,-SERVICE
ENERGY,-SERVIS
ENERGY,-ST
ENERGY,-STROI
ENERGY,-Services
ENERGY,-TERMINAL
ENERGY,-TGS
ENERGY,-TRADING
ENERGY,-TRAIDING
ENERGY,-TRANS
ENERGY,-TRANSIT
ENERGY,-TRANZIT
ENERGY,-TREID
ENERGY,-TREYD
ENERGY,-TSENTR
ENERGY,-TYUMEN
ENERGY,-TYUMEN'
ENERGY,-Tyumen
ENERGY,-UGOL
ENERGY,-UNP
ENERGY,-URAL
ENERGY,-VIGAS
ENERGY,-VOLGA
ENERGY,-YANOS
ENERGY,-ZAPAD
ENERGY,A-FORM
ENERGY,A-GAZ
ENERGY,A-KROSS
ENERGY,A-NEFT
ENERGY,A-PROPAN
ENERGY,A-SERVICE
ENERGY,A-SERVIS
ENERGY,A-TREID
ENERGY,ABITEK
ENERGY,ABSBYT
ENERGY,ABSTROY
ENERGY,ABURMASH
ENERGY,ADA
ENERGY,ADAMAS
ENERGY,ADANNEFTO
ENERGY,ADAR
ENERGY,ADING
ENERGY,ADKINSKOE
ENERGY,ADMONTAZH
ENERGY,ADNOE
ENERGY,ADOGA
ENERGY,AERO
ENERGY,AEVSKIY
ENERGY,AFTA
ENERGY,AFTATEYK
ENERGY,AGE
ENERGY,AGMA
ENERGY,AGRAS
ENERGY,AGREMAN
ENERGY,AID
ENERGY,AIDING
ENERGY,AIF-NK
ENERGY,AIN
ENERGY,AINER
ENERGY,AIR
ENERGY,AISKOE
ENERGY,AKASIA
ENERGY,AKEL
ENERGY,AKOVSKIY
ENERGY,AKROS
ENERGY,AKSIMA
ENERGY,AKSOIL
ENERGY,AKT-S
ENERGY,AKVIOIL
ENERGY,AL'TAIR
ENERGY,AL-FLOT
ENERGY,AL-GRUPP
ENERGY,ALA-FORM
ENERGY,ALAB
ENERGY,ALAIN
ENERGY,ALAVAT
ENERGY,ALEK
ENERGY,ALGEO
ENERGY,ALGRAMM
ENERGY,ALL
ENERGY,ALLIANCE
ENERGY,ALMAZ
ENERGY,ALNK
ENERGY,ALON
ENERGY,ALPAK
ENERGY,ALSTROI
ENERGY,ALUGOL
ENERGY,ALUR
ENERGY,ALYUS
ENERGY,AMARA
ENERGY,AMAS
ENERGY,AMK-VIGAS
ENERGY,AMLIT
ENERGY,AMM
ENERGY,AMONOLIT
ENERGY,AN-REMONT
ENERGY,ANCE
ENERGY,ANDART-2
ENERGY,ANEFT
ENERGY,ANEKO
ENERGY,ANGARD-75
ENERGY,ANGILEN
ENERGY,ANIE
ENERGY,ANIKA
ENERGY,ANKOR
ENERGY,ANNEFTO
ENERGY,ANOL
ENERGY,ANOS
ENERGY,ANS
ENERGY,ANSAVTO
ENERGY,ANSGAZ
ENERGY,ANSIT
ENERGY,ANSNEFT
ENERGY,ANSPORT
ENERGY,ANSSERVIS
ENERGY,ANSUGOL
ENERGY,ANSUSLUGA
ENERGY,ANT
ENERGY,ANTEX
ENERGY,ANZIT
ENERGY,AOIL
ENERGY,APAD
ENERGY,APITAL
ENERGY,AQUA
ENERGY,AR-ORION
ENERGY,ARA
ENERGY,ARAVTO
ENERGY,ARD-75
ENERGY,ARGEO
ENERGY,ARGOS
ENERGY,ARIT
ENERGY,ARMPLAST
ENERGY,ARS
ENERGY,ARSTROI
ENERGY,ART
ENERGY,ART-2
ENERGY,ARTOVSK
ENERGY,ARUS
ENERGY,ASH
ENERGY,ASHBETON
ENERGY,ASHNEFT
ENERGY,ASHSTROY
ENERGY,ASIA
ENERGY,ASING
ENERGY,ASLEASING
ENERGY,ASP-AQUA
ENERGY,ASPEN
ENERGY,ASS
ENERGY,AST
ENERGY,ASTKA
ENERGY,ASTOR
ENERGY,ASTSTAL
ENERGY,ATEC
ENERGY,ATEK
ENERGY,ATEX
ENERGY,ATEYK
ENERGY,ATIK
ENERGY,ATIKA
ENERGY,ATIONAL
ENERGY,ATNEFT
ENERGY,ATOR
ENERGY,ATRANS
ENERGY,ATRON
ENERGY,ATS
ENERGY,ATSIYA
ENERGY,AVAT
ENERGY,AVIA
ENERGY,AVIATRON
ENERGY,AVNEFT
ENERGY,AVORIT
ENERGY,AVTO
ENERGY,AVTOGRUPP
ENERGY,AVTOSNAB
ENERGY,AVTOTRANS
ENERGY,AYA
ENERGY,AZ'STROI
ENERGY,AZA
ENERGY,AZAR
ENERGY,AZBURENIE
ENERGY,AZDOBYCHA
ENERGY,AZEYKS
ENERGY,AZFINAN
ENERGY,AZH
ENERGY,AZH-2
ENERGY,AZHSTROI
ENERGY,AZMASH
ENERGY,AZPROM
ENERGY,AZPT
ENERGY,AZSERVIS
ENERGY,AZSTROI
ENERGY,AZSTROY
ENERGY,AZVEDKA
ENERGY,AZVITIE
ENERGY,Aero
ENERGY,Avantaj
ENERGY,BAL
ENERGY,BAL-FLOT
ENERGY,BALSTROI
ENERGY,BARS
ENERGY,BASHBETON
ENERGY,BASHNEFT
ENERGY,BASS
ENERGY,BAZA
ENERGY,BCOAL
ENERGY,BESTOIL
ENERGY,BETON
ENERGY,BEZHNEFT
ENERGY,BINTEK
ENERGY,BIS
ENERGY,BITA
ENERGY,BITEK
ENERGY,BIZNES
ENERGY,BIZON-M
ENERGY,BKM
ENERGY,BNEFTEGAZ
ENERGY,BOPROVOD
ENERGY,BORETS
ENERGY,BORMASH
ENERGY,BPROM
ENERGY,BRIMEKS
ENERGY,BSBYT
ENERGY,BSP
ENERGY,BSTROY
ENERGY,BTREYD
ENERGY,BURENERGO
ENERGY,BURENIE
ENERGY,BURGAZ
ENERGY,BURGNEFT
ENERGY,BURINTEKH
ENERGY,BURMASH
ENERGY,BVT
ENERGY,BYCHA
ENERGY,BYT
ENERGY,BZPA
ENERGY,Banter
ENERGY,CAD
ENERGY,CADAR
ENERGY,CASTOR
ENERGY,CEHOLDING
ENERGY,CENTR
ENERGY,CES
ENERGY,CGDS
ENERGY,CHA
ENERGY,CHESKAYA
ENERGY,CHESTVO
ENERGY,CHSERVICE
ENERGY,CHSERVIS
ENERGY,CHTZ
ENERGY,CIMOLAI
ENERGY,COAL
ENERGY,CTO
ENERGY,CTS
ENERGY,Capital
ENERGY,Center
ENERGY,Company
ENERGY,D-75
ENERGY,D-OIL
ENERGY,DAMAS
ENERGY,DANNEFTO
ENERGY,DAR
ENERGY,DART-2
ENERGY,DAY
ENERGY,DEKO
ENERGY,DIALL
ENERGY,DING
ENERGY,DKA
ENERGY,DKINSKOE
ENERGY,DMONTAZH
ENERGY,DNOE
ENERGY,DOBYCHA
ENERGY,DOGA
ENERGY,DON
ENERGY,DORSTROI
ENERGY,DOVANIE
ENERGY,DR-SAMARA
ENERGY,DRA
ENERGY,DRILLING
ENERGY,DROSTROI
ENERGY,DS-TREID
ENERGY,DS-UGOL
ENERGY,DSA
ENERGY,DSERVIS
ENERGY,DSKNEFT
ENERGY,DTEKHNIKA
ENERGY,DUCT
ENERGY,DUKT
ENERGY,DUSTRIYA
ENERGY,EALGRAMM
ENERGY,EALUR
ENERGY,EASING
ENERGY,EBAZA
ENERGY,ECH
ENERGY,ECHSERVIS
ENERGY,EDKA
ENERGY,EDRA
ENERGY,EFT
ENERGY,EFT'
ENERGY,EFTEBAZA
ENERGY,EFTEGAS
ENERGY,EFTEGAZ
ENERGY,EFTEKHIM
ENERGY,EFTEMASH
ENERGY,EFTENERGO
ENERGY,EFTESBYT
ENERGY,EFTESTROI
ENERGY,EFTETRANS
ENERGY,EFTISA
ENERGY,EFTO
ENERGY,EFTUS
ENERGY,EG-R
ENERGY,EGA
ENERGY,EGA-GAZ
ENERGY,EGAS
ENERGY,EGAZ
ENERGY,EGAZMASH
ENERGY,EGAZPROM
ENERGY,EGAZSTROI
ENERGY,EGAZSTROY
ENERGY,EGIONSNAB
ENERGY,EGRA
ENERGY,EHLIZING
ENERGY,EHOLDING
ENERGY,EID
ENERGY,EID-OIL
ENERGY,EIDSERVIS
ENERGY,EINVEST
ENERGY,EK-STROI
ENERGY,EKH
ENERGY,EKHANIKA
ENERGY,EKHIM
ENERGY,EKHIMMASH
ENERGY,EKHNIKA
ENERGY,EKHNOTRON
ENERGY,EKHOLDING
ENERGY,EKHSERVIS
ENERGY,EKHSTROI
ENERGY,EKKO
ENERGY,EKNO
ENERGY,EKO
ENERGY,EKOMPLEKT
ENERGY,EKOPETROL
ENERGY,EKS
ENERGY,EKT
ENERGY,EKTATSIYA
ENERGY,EKTSERVIS
ENERGY,EL'NYE
ENERGY,ELEVSKY
ENERGY,ELKAM
ENERGY,ELKO
ENERGY,ELLYANEFT
ENERGY,ELTEYK
ENERGY,EMAN
ENERGY,EMASH
ENERGY,EMERSO
ENERGY,EMONT
ENERGY,EMS
ENERGY,EMSYNTHES
ENERGY,EMT
ENERGY,EN'
ENERGY,EN-OIL
ENERGY,ENEFTEGAS
ENERGY,ENERGO
ENERGY,ENERGY
ENERGY,ENGS
ENERGY,ENIE
ENERGY,ENNAYA
ENERGY,ENSKNEFT
ENERGY,ENTR
ENERGY,ENTROTEKH
ENERGY,EOENERGO
ENERGY,EOFIZIKA
ENERGY,EOIL
ENERGY,EONEFT'
ENERGY,EOPHYSICS
ENERGY,EOTEC
ENERGY,EOTECH
ENERGY,EOTRANS
ENERGY,EPLOKHIM
ENERGY,EPRODUCT
ENERGY,EPRODUKT
ENERGY,EPROMKHIM
ENERGY,EPROMMASH
ENERGY,ER-NEFT
ENERGY,ER-SERVIS
ENERGY,ERA
ENERGY,ERA-KROSS
ENERGY,ERAN
ENERGY,ERFORATOR
ENERGY,ERGAZ
ENERGY,ERGO
ENERGY,ERGOSETI
ENERGY,ERGOSTAR
ENERGY,ERGOSTROI
ENERGY,ERGY
ENERGY,ERIAL
ENERGY,ERIS
ENERGY,ERM
ENERGY,ERM'
ENERGY,ERMINAL
ENERGY,ERMULES
ENERGY,ERO
ENERGY,ERO-NEFTO
ENERGY,EROTSENTR
ENERGY,ERSO
ENERGY,ERSTROI
ENERGY,ERT-GROUP
ENERGY,ERTOING
ENERGY,ERVICE
ENERGY,ERVICES
ENERGY,ERVIS
ENERGY,ERVISPROM
ENERGY,ESBYT
ENERGY,ESERVIS
ENERGY,ESHMAOIL
ENERGY,ESKAYA
ENERGY,ESSING
ENERGY,EST
ENERGY,ESTENERGO
ENERGY,ESTOIL
ENERGY,ESTROI
ENERGY,ESTSTROI
ENERGY,ESTVO
ENERGY,ET-PERM
ENERGY,ET-VOLGA
ENERGY,ETALL
ENERGY,ETALON
ENERGY,ETERAN
ENERGY,ETI
ENERGY,ETOIL
ENERGY,ETON
ENERGY,ETPETRO
ENERGY,ETRANS
ENERGY,ETRO
ENERGY,ETROKHIM
ENERGY,ETROL
ENERGY,ETROTECH
ENERGY,ETROTEK
ENERGY,ETROTEKS
ENERGY,ETROTUL
ENERGY,ETS
ENERGY,ETSAVIA
ENERGY,ETSMASH
ENERGY,ETSTRANS
ENERGY,ETSTSENTR
ENERGY,EVA
ENERGY,EVALAB
ENERGY,EVALAIN
ENERGY,EVARTOVSK
ENERGY,EVERSTROI
ENERGY,EVROTEYK
ENERGY,EVSKIY
ENERGY,EVSKY
ENERGY,EXOIL
ENERGY,EYD
ENERGY,EYIDING
ENERGY,EYK
ENERGY,EYKOTEKH
ENERGY,EYKOTON
ENERGY,EYKS
ENERGY,EYKSPORT
ENERGY,EYNERGAZ
ENERGY,EYNG
ENERGY,EYPOS
ENERGY,EYRIS
ENERGY,EYSTM
ENERGY,EZHNEFT
ENERGY,Elkam
ENERGY,Energo
ENERGY,Eriell
ENERGY,Eurasia
ENERGY,F-NK
ENERGY,FABITEK
ENERGY,FABURMASH
ENERGY,FAKEL
ENERGY,FAMONOLIT
ENERGY,FAVORIT
ENERGY,FERA
ENERGY,FERTOING
ENERGY,FINAN
ENERGY,FINANCE
ENERGY,FINOIL
ENERGY,FINSTROI
ENERGY,FIZIKA
ENERGY,FLEK
ENERGY,FLOT
ENERGY,FORATOR
ENERGY,FORM
ENERGY,FORSAZH-2
ENERGY,FRIS
ENERGY,FT'
ENERGY,FT-SERVIS
ENERGY,FTA
ENERGY,FTATEYK
ENERGY,FTEBAZA
ENERGY,FTEGAS
ENERGY,FTEGAZ
ENERGY,FTEKHIM
ENERGY,FTEMASH
ENERGY,FTENERGO
ENERGY,FTESBYT
ENERGY,FTESERVIS
ENERGY,FTESTROI
ENERGY,FTETRANS
ENERGY,FTISA
ENERGY,FTO
ENERGY,FTUS
ENERGY,Form
ENERGY,G-BURENIE
ENERGY,G-Group
ENERGY,G-R
ENERGY,G-SERVIS
ENERGY,GA-GAZ
ENERGY,GALA-FORM
ENERGY,GALUGOL
ENERGY,GARAVTO
ENERGY,GARD-75
ENERGY,GAS
ENERGY,GATEX
ENERGY,GATRANS
ENERGY,GAZ
ENERGY,GAZEYKS
ENERGY,GAZFINAN
ENERGY,GAZMASH
ENERGY,GAZPROM
ENERGY,GAZSERVIS
ENERGY,GAZSTROI
ENERGY,GAZSTROY
ENERGY,GDS
ENERGY,GEO
ENERGY,GEOFIZIKA
ENERGY,GEONEFT'
ENERGY,GEOTEC
ENERGY,GEOTECH
ENERGY,GII
ENERGY,GILEN
ENERGY,GIONSNAB
ENERGY,GIYA
ENERGY,GLOBAL
ENERGY,GMA
ENERGY,GNEFT
ENERGY,GOL
ENERGY,GOL'
ENERGY,GOS
ENERGY,GOSETI
ENERGY,GOSTAR
ENERGY,GOSTROI
ENERGY,GRA
ENERGY,GRAMM
ENERGY,GRAS
ENERGY,GREMAN
ENERGY,GROUP
ENERGY,GRUPP
ENERGY,GS-KHAZAR
ENERGY,GSE
ENERGY,GSINTEZ
ENERGY,GSNAB
ENERGY,GSP
ENERGY,GTRANZIT
ENERGY,GUSTA
ENERGY,GUTEX
ENERGY,GVAS
ENERGY,Gala-Form
ENERGY,Granula
ENERGY,Grasys
ENERGY,Group
ENERGY,H-2
ENERGY,HAKASIA
ENERGY,HANIKA
ENERGY,HAZAR
ENERGY,HBETON
ENERGY,HCHESTVO
ENERGY,HELKO
ENERGY,HENSKNEFT
ENERGY,HES
ENERGY,HESHMAOIL
ENERGY,HESKAYA
ENERGY,HESTVO
ENERGY,HET-VOLGA
ENERGY,HIM
ENERGY,HIMGRUPP
ENERGY,HIMMASH
ENERGY,HIMPROEKT
ENERGY,HIMPROM
ENERGY,HIMSERVIS
ENERGY,HIMTREID
ENERGY,HINIRING
ENERGY,HKONTROL
ENERGY,HKONTROL'
ENERGY,HLIZING
ENERGY,HMAOIL
ENERGY,HNEFT
ENERGY,HNIKA
ENERGY,HNOLOGII
ENERGY,HNOSERVIS
ENERGY,HNOTRON
ENERGY,HOLDING
ENERGY,HOLIDAY
ENERGY,HS-SAMARA
ENERGY,HSERVICE
ENERGY,HSERVIS
ENERGY,HSTROI
ENERGY,HSTROY
ENERGY,HTIN-OIL
ENERGY,HTZ
ENERGY,HURALPAK
ENERGY,HYSICS
ENERGY,Himprom
ENERGY,IAL
ENERGY,IAL-GRUPP
ENERGY,IALL
ENERGY,IANCE
ENERGY,IATRON
ENERGY,IBCOAL
ENERGY,IBINTEK
ENERGY,IBITEK
ENERGY,IBPROM
ENERGY,IBTREYD
ENERGY,ICC
ENERGY,ICE
ENERGY,ICES
ENERGY,ICO
ENERGY,ICS
ENERGY,ID-OIL
ENERGY,IDAY
ENERGY,IDING
ENERGY,IDROSTROI
ENERGY,IDS
ENERGY,IDSERVIS
ENERGY,IETPETRO
ENERGY,IF-NK
ENERGY,IGAS
ENERGY,IGS
ENERGY,IGVAS
ENERGY,IKA
ENERGY,IKADA
ENERGY,IL-AERO
ENERGY,IL-PERM'
ENERGY,IL-TREID
ENERGY,IL-UNP
ENERGY,ILEN
ENERGY,ILLING
ENERGY,IMA
ENERGY,IMEKS
ENERGY,IMERA
ENERGY,IMGRUPP
ENERGY,IMMASH
ENERGY,IMMONTAZH
ENERGY,IMOLAI
ENERGY,IMONTE
ENERGY,IMP-TREYD
ENERGY,IMPERIAL
ENERGY,IMPROEKT
ENERGY,IMPROM
ENERGY,IMSERVIS
ENERGY,IMTREID
ENERGY,IN-OIL
ENERGY,INAL
ENERGY,INAN
ENERGY,INANCE
ENERGY,INEFT'
ENERGY,INER
ENERGY,ING
ENERGY,INGC
ENERGY,INGK
ENERGY,INIRING
ENERGY,INK-NGG
ENERGY,INK-ZAPAD
ENERGY,INKOMNEFT
ENERGY,INOIL
ENERGY,INS
ENERGY,INSKOE
ENERGY,INSTROI
ENERGY,INTEGRA
ENERGY,INTEK
ENERGY,INTEKH
ENERGY,INTEZ
ENERGY,INVEST
ENERGY,IOIL
ENERGY,ION
ENERGY,ION-NEFT'
ENERGY,IONAL
ENERGY,IONSNAB
ENERGY,IPC
ENERGY,IPETOIL
ENERGY,IPEXOIL
ENERGY,IPIGAS
ENERGY,IPM
ENERGY,IPP
ENERGY,IPROM
ENERGY,IRAX
ENERGY,IRBIS
ENERGY,IRING
ENERGY,IRRICO
ENERGY,IS-TSENTR
ENERGY,ISA
ENERGY,ISELEVSKY
ENERGY,ISERVIS
ENERGY,ISITI
ENERGY,ISKOE
ENERGY,ISPROM
ENERGY,ISTEMS
ENERGY,ITA
ENERGY,ITAL
ENERGY,ITEK
ENERGY,ITEKNO
ENERGY,ITEL'NYE
ENERGY,ITEYK
ENERGY,ITI
ENERGY,ITIE
ENERGY,ITRANSGAZ
ENERGY,ITS
ENERGY,IVER
ENERGY,IVNYE
ENERGY,IVOSBYT
ENERGY,IYA
ENERGY,IZATSIYA
ENERGY,IZIKA
ENERGY,IZING
ENERGY,IZNES
ENERGY,IZON-M
ENERGY,Intraline
ENERGY,JSC
ENERGY,K-CIMOLAI
ENERGY,K-Capital
ENERGY,K-FINANCE
ENERGY,K-KAPITAL
ENERGY,K-KUZBASS
ENERGY,K-NGG
ENERGY,K-STROI
ENERGY,K-TREID
ENERGY,K-VIGAS
ENERGY,K-ZAPAD
ENERGY,KA-PROPAN
ENERGY,KADA
ENERGY,KAM
ENERGY,KAMLIT
ENERGY,KAPITAL
ENERGY,KASIA
ENERGY,KAYA
ENERGY,KBURGAZ
ENERGY,KD-OIL
ENERGY,KEL
ENERGY,KEN-OIL
ENERGY,KGAZPROM
ENERGY,KGEONEFT'
ENERGY,KHAKASIA
ENERGY,KHANIKA
ENERGY,KHAZAR
ENERGY,KHIM
ENERGY,KHIMGRUPP
ENERGY,KHIMMASH
ENERGY,KHIMTREID
ENERGY,KHK
ENERGY,KHKONTROL
ENERGY,KHNIKA
ENERGY,KHNOLOGII
ENERGY,KHNOTRON
ENERGY,KHOLDING
ENERGY,KHSERVIS
ENERGY,KHSTROI
ENERGY,KHTIN-OIL
ENERGY,KINSKOE
ENERGY,KIY
ENERGY,KKO
ENERGY,KLIVER
ENERGY,KMN
ENERGY,KMZ
ENERGY,KMZ-GROUP
ENERGY,KMZ-ST
ENERGY,KNEFT
ENERGY,KNEFTEGAZ
ENERGY,KNM
ENERGY,KNO
ENERGY,KNSS
ENERGY,KO-SERVIS
ENERGY,KOE
ENERGY,KOIL
ENERGY,KOIL-AERO
ENERGY,KOIL-UNP
ENERGY,KOLA-NEFT
ENERGY,KOLVAOIL
ENERGY,KOMNEDRA
ENERGY,KOMNEFT
ENERGY,KOMPLEKT
ENERGY,KONAR
ENERGY,KONTAKT-S
ENERGY,KONTROL
ENERGY,KONTROL'
ENERGY,KONTUR-M
ENERGY,KOPETROL
ENERGY,KOR
ENERGY,KOTEKH
ENERGY,KOTON
ENERGY,KOVSKIY
ENERGY,KOYL-KMN
ENERGY,KROS
ENERGY,KROSS
ENERGY,KS-SERVIS
ENERGY,KSI
ENERGY,KSIMA
ENERGY,KSOIL
ENERGY,KSPORT
ENERGY,KT-S
ENERGY,KTAN
ENERGY,KTANOL
ENERGY,KTATSIYA
ENERGY,KTSERVIS
ENERGY,KTSIYA
ENERGY,KUGOL
ENERGY,KUPER
ENERGY,KUZBASS
ENERGY,KVARUS
ENERGY,KVIOIL
ENERGY,KVOIT
ENERGY,L'NYE
ENERGY,L'TAIR
ENERGY,L-AERO
ENERGY,L-FLOT
ENERGY,L-GRUPP
ENERGY,L-KMN
ENERGY,L-PERM'
ENERGY,L-SERVICE
ENERGY,L-TRADING
ENERGY,L-TRANSIT
ENERGY,L-TRANZIT
ENERGY,L-TREID
ENERGY,L-UNP
ENERGY,LA-FORM
ENERGY,LA-NEFT
ENERGY,LAB
ENERGY,LADOGA
ENERGY,LAEVSKIY
ENERGY,LAI
ENERGY,LAIN
ENERGY,LAINER
ENERGY,LANKOR
ENERGY,LAST
ENERGY,LAVAT
ENERGY,LAVNEFT
ENERGY,LDING
ENERGY,LDORSTROI
ENERGY,LEASING
ENERGY,LEK
ENERGY,LEKT
ENERGY,LEN
ENERGY,LES
ENERGY,LEVSKY
ENERGY,LGA
ENERGY,LGATRANS
ENERGY,LGEO
ENERGY,LGRAMM
ENERGY,LIANCE
ENERGY,LIDAY
ENERGY,LIKADA
ENERGY,LIMONTE
ENERGY,LING
ENERGY,LIT
ENERGY,LIVER
ENERGY,LIVNYE
ENERGY,LIVOSBYT
ENERGY,LIZING
ENERGY,LKAM
ENERGY,LKO
ENERGY,LLC
ENERGY,LLIANCE
ENERGY,LLING
ENERGY,LLYANEFT
ENERGY,LMAL
ENERGY,LMAZ
ENERGY,LNK
ENERGY,LOBAL
ENERGY,LOGII
ENERGY,LOGIYA
ENERGY,LOKHIM
ENERGY,LON
ENERGY,LOT
ENERGY,LPAK
ENERGY,LSR
ENERGY,LSTAR
ENERGY,LSTART
ENERGY,LSTROI
ENERGY,LTEYK
ENERGY,LUBRIMEKS
ENERGY,LUGA
ENERGY,LUGATEX
ENERGY,LUGOL
ENERGY,LUKOIL
ENERGY,LUR
ENERGY,LVAOIL
ENERGY,LYANEFT
ENERGY,LYEX
ENERGY,LYUS
ENERGY,LZHE
ENERGY,Limited
ENERGY,M-METALL
ENERGY,MA-SERVIS
ENERGY,MAGE
ENERGY,MAGMA
ENERGY,MAISKOE
ENERGY,MAKSIMA
ENERGY,MAKSOIL
ENERGY,MAL
ENERGY,MAN
ENERGY,MAOIL
ENERGY,MARA
ENERGY,MARIT
ENERGY,MAS
ENERGY,MASH
ENERGY,MASHSTROY
ENERGY,MATEK
ENERGY,MATIK
ENERGY,MATIKA
ENERGY,MAZ
ENERGY,MCP
ENERGY,MEG-R
ENERGY,MEGA
ENERGY,MEKHANIKA
ENERGY,MEKS
ENERGY,MELTEYK
ENERGY,MEN
ENERGY,MEN'
ENERGY,MERA
ENERGY,MERSO
ENERGY,MET
ENERGY,MET-PERM
ENERGY,METALL
ENERGY,MEYKSPORT
ENERGY,MFINSTROI
ENERGY,MFT
ENERGY,MGRUPP
ENERGY,MINAL
ENERGY,MIR
ENERGY,MIRAX
ENERGY,MIRRICO
ENERGY,MIS
ENERGY,MITEKNO
ENERGY,MK-VIGAS
ENERGY,MKHIM
ENERGY,MKOMPLEKT
ENERGY,MLIT
ENERGY,MLIZING
ENERGY,MMASH
ENERGY,MMONTAZH
ENERGY,MMZ
ENERGY,MNEDRA
ENERGY,MNEFT
ENERGY,MOLAI
ENERGY,MONOLIT
ENERGY,MONT
ENERGY,MONTAZH
ENERGY,MONTE
ENERGY,MORSKUGOL
ENERGY,MP-TREYD
ENERGY,MPERIAL
ENERGY,MPLAST
ENERGY,MPLEKT
ENERGY,MPROEKT
ENERGY,MPROM
ENERGY,MRKS
ENERGY,MSERVIS
ENERGY,MSNABSBYT
ENERGY,MSTROI
ENERGY,MSYNTHES
ENERGY,MTEKH
ENERGY,MTREID
ENERGY,MTS
ENERGY,MULES
ENERGY,MUS-1
ENERGY,MZ-GROUP
ENERGY,MZ-ST
ENERGY,MZTA
ENERGY,Maslon
ENERGY,Meltek
ENERGY,N-M
ENERGY,N-NEFT'
ENERGY,N-OIL
ENERGY,N-REMONT
ENERGY,N-SERVICE
ENERGY,N-TYUMEN
ENERGY,NAB
ENERGY,NABSBYT
ENERGY,NABSTROY
ENERGY,NAFTA
ENERGY,NAFTATEYK
ENERGY,NAL
ENERGY,NAN
ENERGY,NANCE
ENERGY,NAR
ENERGY,NAR-ORION
ENERGY,NASTKA
ENERGY,NASTSTAL
ENERGY,NATEK
ENERGY,NATIONAL
ENERGY,NAYA
ENERGY,NBURGNEFT
ENERGY,NCE
ENERGY,NCHTZ
ENERGY,NCTO
ENERGY,NDART-2
ENERGY,NDUSTRIYA
ENERGY,NEDRA
ENERGY,NEFT
ENERGY,NEFT'
ENERGY,NEFTEBAZA
ENERGY,NEFTEGAS
ENERGY,NEFTEGAZ
ENERGY,NEFTEKHIM
ENERGY,NEFTEMASH
ENERGY,NEFTESBYT
ENERGY,NEFTISA
ENERGY,NEFTO
ENERGY,NEFTUS
ENERGY,NEKKO
ENERGY,NEKO
ENERGY,NEOENERGO
ENERGY,NEOTRANS
ENERGY,NER
ENERGY,NERGAZ
ENERGY,NERGO
ENERGY,NERGOSETI
ENERGY,NERGOSTAR
ENERGY,NERGY
ENERGY,NES
ENERGY,NEVA
ENERGY,NEVALAB
ENERGY,NEVALAIN
ENERGY,NFC
ENERGY,NG-Group
ENERGY,NGARD-75
ENERGY,NGC
ENERGY,NGF
ENERGY,NGG
ENERGY,NGILEN
ENERGY,NGK
ENERGY,NGO
ENERGY,NGS
ENERGY,NHP
ENERGY,NIE
ENERGY,NIKA
ENERGY,NION
ENERGY,NIPETOIL
ENERGY,NIPIGAS
ENERGY,NIRING
ENERGY,NITEK
ENERGY,NIZATSIYA
ENERGY,NK-NGG
ENERGY,NK-ZAPAD
ENERGY,NKHIMMASH
ENERGY,NKMZ
ENERGY,NKMZ-ST
ENERGY,NKOMNEFT
ENERGY,NKOR
ENERGY,NNAYA
ENERGY,NNEFTEGAZ
ENERGY,NNEFTO
ENERGY,NOE
ENERGY,NOIL
ENERGY,NOL
ENERGY,NOLIT
ENERGY,NOLOGII
ENERGY,NOMATEK
ENERGY,NOS
ENERGY,NOSERVIS
ENERGY,NOST'-DON
ENERGY,NOTRON
ENERGY,NOVATEK
ENERGY,NOVOMET
ENERGY,NP-SERVIS
ENERGY,NPB
ENERGY,NS-Oil
ENERGY,NSAVTO
ENERGY,NSDOBYCHA
ENERGY,NSGAZ
ENERGY,NSIT
ENERGY,NSKNEFT
ENERGY,NSKOE
ENERGY,NSNAB
ENERGY,NSNEFT
ENERGY,NSPORT
ENERGY,NSS
ENERGY,NSSERVIS
ENERGY,NSTK
ENERGY,NSTROI
ENERGY,NSUGOL
ENERGY,NSUSLUGA
ENERGY,NTAKT-S
ENERGY,NTAZH
ENERGY,NTE
ENERGY,NTEGRA
ENERGY,NTEK
ENERGY,NTEKH
ENERGY,NTEX
ENERGY,NTEZ
ENERGY,NTGM
ENERGY,NTHES
ENERGY,NTK
ENERGY,NTR
ENERGY,NTROL
ENERGY,NTROL'
ENERGY,NTROTEKH
ENERGY,NTUR-M
ENERGY,NUBK
ENERGY,NVEST
ENERGY,NYE
ENERGY,NZIT
ENERGY,NZNP
ENERGY,Neft
ENERGY,Neftisa
ENERGY,NewTech
ENERGY,Nowada
ENERGY,O-NEFTO
ENERGY,O-SERVIS
ENERGY,O-TRANS
ENERGY,O-TRANZIT
ENERGY,OAL
ENERGY,OBAL
ENERGY,OBAL-FLOT
ENERGY,OBALSTROI
ENERGY,OBIZNES
ENERGY,OBYCHA
ENERGY,ODSKNEFT
ENERGY,ODUCT
ENERGY,ODUKT
ENERGY,OEKT
ENERGY,OENERGO
ENERGY,OFIZIKA
ENERGY,OGA
ENERGY,OGII
ENERGY,OGIYA
ENERGY,OGRUPP
ENERGY,OIL
ENERGY,OIL-AERO
ENERGY,OIL-PERM'
ENERGY,OIL-TREID
ENERGY,OIL-UNP
ENERGY,OINEFT'
ENERGY,OING
ENERGY,OIPROM
ENERGY,OISERVIS
ENERGY,OISITI
ENERGY,OIT
ENERGY,OJSC
ENERGY,OKBURGAZ
ENERGY,OKGAZPROM
ENERGY,OKHIM
ENERGY,OKONTROL'
ENERGY,OKTAN
ENERGY,OKTANOL
ENERGY,OL'
ENERGY,OLA-NEFT
ENERGY,OLAEVSKIY
ENERGY,OLAI
ENERGY,OLDING
ENERGY,OLGA
ENERGY,OLGATRANS
ENERGY,OLIDAY
ENERGY,OLIT
ENERGY,OLMAL
ENERGY,OLOGII
ENERGY,OLOGIYA
ENERGY,OLSTAR
ENERGY,OLVAOIL
ENERGY,OLYEX
ENERGY,OLZHE
ENERGY,OMATEK
ENERGY,OMATIK
ENERGY,OMATIKA
ENERGY,OMEGA
ENERGY,OMET
ENERGY,OMET-PERM
ENERGY,OMITEKNO
ENERGY,OMKHIM
ENERGY,OMLIZING
ENERGY,OMMASH
ENERGY,OMNEDRA
ENERGY,OMNEFT
ENERGY,OMPLEKT
ENERGY,OMSTROI
ENERGY,OMTEKH
ENERGY,OMUS-1
ENERGY,ON-M
ENERGY,ON-NEFT'
ENERGY,ON-TYUMEN
ENERGY,ONAL
ENERGY,ONAR
ENERGY,ONEFT'
ENERGY,ONGG
ENERGY,ONHP
ENERGY,ONOLIT
ENERGY,ONSNAB
ENERGY,ONT
ENERGY,ONTAKT-S
ENERGY,ONTAZH
ENERGY,ONTE
ENERGY,ONTROL
ENERGY,ONTROL'
ENERGY,ONTUR-M
ENERGY,OON
ENERGY,OOO
ENERGY,OPAN
ENERGY,OPETROL
ENERGY,OPEYK
ENERGY,OPHYSICS
ENERGY,OPLIVNYE
ENERGY,OPPROM
ENERGY,OPRA
ENERGY,OPROVOD
ENERGY,ORATOR
ENERGY,ORAZVEDKA
ENERGY,ORBITA
ENERGY,ORC
ENERGY,ORETS
ENERGY,ORGSINTEZ
ENERGY,ORGSNAB
ENERGY,ORHIMMASH
ENERGY,ORION
ENERGY,ORIT
ENERGY,ORM
ENERGY,ORMASH
ENERGY,ORSAZH-2
ENERGY,ORSKUGOL
ENERGY,ORSTROI
ENERGY,ORT
ENERGY,ORTUGOL'
ENERGY,OSBYT
ENERGY,OSERVIS
ENERGY,OSETI
ENERGY,OSGAZ
ENERGY,OSK
ENERGY,OSNAB
ENERGY,OSNASTKA
ENERGY,OSNEFT
ENERGY,OSS
ENERGY,OST
ENERGY,OST'-DON
ENERGY,OSTAR
ENERGY,OSTROI
ENERGY,OSTTREID
ENERGY,OTEC
ENERGY,OTECH
ENERGY,OTEK
ENERGY,OTEKH
ENERGY,OTEKHNIKA
ENERGY,OTEKS
ENERGY,OTEYK
ENERGY,OTON
ENERGY,OTRADNOE
ENERGY,OTRANS
ENERGY,OTRON
ENERGY,OTSENTR
ENERGY,OTSESSING
ENERGY,OTUL
ENERGY,OUP
ENERGY,OUTH
ENERGY,OUTT
ENERGY,OVANIE
ENERGY,OVATEK
ENERGY,OVOD
ENERGY,OVOLZHE
ENERGY,OVOMET
ENERGY,OVSK
ENERGY,OVSKIY
ENERGY,OVTOPPROM
ENERGY,OYL-KMN
ENERGY,OZNA
ENERGY,Oil
ENERGY,Optosense
ENERGY,P-AQUA
ENERGY,P-SERVIS
ENERGY,P-TRADING
ENERGY,P-TREID
ENERGY,P-TREYD
ENERGY,P-URAL
ENERGY,PAD
ENERGY,PAK
ENERGY,PAN
ENERGY,PEN
ENERGY,PER
ENERGY,PERIAL
ENERGY,PERM
ENERGY,PERM'
ENERGY,PETOIL
ENERGY,PETRO
ENERGY,PETROKHIM
ENERGY,PETROL
ENERGY,PETROTECH
ENERGY,PETROTEK
ENERGY,PETROTEKS
ENERGY,PETROTUL
ENERGY,PETSAVIA
ENERGY,PETSMASH
ENERGY,PETSTRANS
ENERGY,PEXOIL
ENERGY,PEYK
ENERGY,PHYSICS
ENERGY,PIGAS
ENERGY,PITAL
ENERGY,PJSC
ENERGY,PKNM
ENERGY,PLAST
ENERGY,PLEKT
ENERGY,PLIVNYE
ENERGY,PLIVOSBYT
ENERGY,PLOKHIM
ENERGY,PMTS
ENERGY,PNSS
ENERGY,POLYEX
ENERGY,PORT
ENERGY,PORTUGOL'
ENERGY,POS
ENERGY,POVOLZHE
ENERGY,PP-URAL
ENERGY,PPD
ENERGY,PPK
ENERGY,PPMTS
ENERGY,PPROM
ENERGY,PRA
ENERGY,PRAID
ENERGY,PRODUCT
ENERGY,PRODUKT
ENERGY,PROEKT
ENERGY,PROM
ENERGY,PROMATIK
ENERGY,PROMKHIM
ENERGY,PROMMASH
ENERGY,PROMNEFT
ENERGY,PROMSTROI
ENERGY,PROMTEKH
ENERGY,PROPAN
ENERGY,PROVOD
ENERGY,PSM
ENERGY,PUR
ENERGY,PZNO
ENERGY,Pioner
ENERGY,Proleum
ENERGY,QUA
ENERGY,R-M
ENERGY,R-NEFT
ENERGY,R-ORION
ENERGY,R-SAMARA
ENERGY,R-SERVIS
ENERGY,RA-KROSS
ENERGY,RADING
ENERGY,RADNOE
ENERGY,RAID
ENERGY,RAIDING
ENERGY,RAL
ENERGY,RALGEO
ENERGY,RALNK
ENERGY,RALPAK
ENERGY,RAMM
ENERGY,RAN
ENERGY,RANS
ENERGY,RANSAVTO
ENERGY,RANSGAZ
ENERGY,RANSIT
ENERGY,RANSNEFT
ENERGY,RANSPORT
ENERGY,RANSUGOL
ENERGY,RANZIT
ENERGY,RAS
ENERGY,RAST
ENERGY,RATOR
ENERGY,RAVTO
ENERGY,RAX
ENERGY,RAZVEDKA
ENERGY,RAZVITIE
ENERGY,RBIS
ENERGY,RBITA
ENERGY,RCHESKAYA
ENERGY,RD-75
ENERGY,REALGRAMM
ENERGY,REID
ENERGY,REID-OIL
ENERGY,REM
ENERGY,REMAN
ENERGY,REMONT
ENERGY,RENERGO
ENERGY,RENIE
ENERGY,RETS
ENERGY,REYD
ENERGY,REYIDING
ENERGY,RFORATOR
ENERGY,RGALUGOL
ENERGY,RGAZ
ENERGY,RGEO
ENERGY,RGNEFT
ENERGY,RGO
ENERGY,RGOS
ENERGY,RGOSETI
ENERGY,RGOSTAR
ENERGY,RGOSTROI
ENERGY,RGSINTEZ
ENERGY,RGSNAB
ENERGY,RGUTEX
ENERGY,RGY
ENERGY,RHIMMASH
ENERGY,RIAL
ENERGY,RICO
ENERGY,RILLING
ENERGY,RIMEKS
ENERGY,RIMERA
ENERGY,RING
ENERGY,RINTEKH
ENERGY,RION
ENERGY,RIS
ENERGY,RIT
ENERGY,RITEK
ENERGY,RITEL'NYE
ENERGY,RIYA
ENERGY,RKHIMMASH
ENERGY,RKS
ENERGY,RM'
ENERGY,RMASH
ENERGY,RMINAL
ENERGY,RMPLAST
ENERGY,RMULES
ENERGY,RNATIONAL
ENERGY,RNEFTEGAZ
ENERGY,RO-NEFTO
ENERGY,RODSKNEFT
ENERGY,RODUCT
ENERGY,RODUKT
ENERGY,ROEKT
ENERGY,ROI
ENERGY,ROINEFT'
ENERGY,ROIPROM
ENERGY,ROISERVIS
ENERGY,ROISITI
ENERGY,ROKHIM
ENERGY,ROL
ENERGY,ROL'
ENERGY,ROLOGIYA
ENERGY,ROM
ENERGY,ROMATIK
ENERGY,ROMKHIM
ENERGY,ROMLIZING
ENERGY,ROMMASH
ENERGY,ROMNEFT
ENERGY,ROMSTROI
ENERGY,ROMTEKH
ENERGY,RON
ENERGY,ROPAN
ENERGY,RORC
ENERGY,ROS
ENERGY,ROSGAZ
ENERGY,ROSNEFT
ENERGY,ROSS
ENERGY,ROST
ENERGY,ROSTROI
ENERGY,ROTECH
ENERGY,ROTEK
ENERGY,ROTEKH
ENERGY,ROTEKS
ENERGY,ROTEYK
ENERGY,ROTSENTR
ENERGY,ROTUL
ENERGY,ROUP
ENERGY,ROVOD
ENERGY,ROY
ENERGY,RRICO
ENERGY,RSAZH-2
ENERGY,RSKEN-OIL
ENERGY,RSKUGOL
ENERGY,RSO
ENERGY,RSTROI
ENERGY,RT-2
ENERGY,RT-GROUP
ENERGY,RTEINVEST
ENERGY,RTK
ENERGY,RTOING
ENERGY,RTOVSK
ENERGY,RTUGOL'
ENERGY,RUANT
ENERGY,RUDOVANIE
ENERGY,RUKTSIYA
ENERGY,RUPP
ENERGY,RUPP-URAL
ENERGY,RUS
ENERGY,RUSSNEFT
ENERGY,RUST-95
ENERGY,RVICE
ENERGY,RVICES
ENERGY,RVIS
ENERGY,RVISPROM
ENERGY,Rimera
ENERGY,Roost95
ENERGY,S-1
ENERGY,S-KHAZAR
ENERGY,S-Oil
ENERGY,S-SAMARA
ENERGY,S-SERVIS
ENERGY,S-TREID
ENERGY,S-TSENTR
ENERGY,S-UGOL
ENERGY,SALAVAT
ENERGY,SALEK
ENERGY,SALYUS
ENERGY,SAMARA
ENERGY,SANGILEN
ENERGY,SAVIA
ENERGY,SAVTO
ENERGY,SAZH-2
ENERGY,SBYT
ENERGY,SCAD
ENERGY,SCADAR
ENERGY,SCGDS
ENERGY,SDOBYCHA
ENERGY,SDORSTROI
ENERGY,SDS-TREID
ENERGY,SDS-UGOL
ENERGY,SEALUR
ENERGY,SELEVSKY
ENERGY,SENTR
ENERGY,SERMULES
ENERGY,SERVICE
ENERGY,SERVICES
ENERGY,SERVIS
ENERGY,SESSING
ENERGY,SETI
ENERGY,SEYNERGAZ
ENERGY,SFERA
ENERGY,SGAZ
ENERGY,SGSP
ENERGY,SHBETON
ENERGY,SHCHESTVO
ENERGY,SHELKO
ENERGY,SHMAOIL
ENERGY,SHNEFT
ENERGY,SHSTROY
ENERGY,SIA
ENERGY,SIAL
ENERGY,SIBCOAL
ENERGY,SIBINTEK
ENERGY,SIBITEK
ENERGY,SIBPROM
ENERGY,SIBTREYD
ENERGY,SICS
ENERGY,SIMA
ENERGY,SING
ENERGY,SINTEK
ENERGY,SINTEZ
ENERGY,SISTEMS
ENERGY,SIT
ENERGY,SITEYK
ENERGY,SITI
ENERGY,SIYA
ENERGY,SK-TREID
ENERGY,SKAYA
ENERGY,SKEN-OIL
ENERGY,SKGAZPROM
ENERGY,SKIY
ENERGY,SKNEFT
ENERGY,SKOE
ENERGY,SKUGOL
ENERGY,SKY
ENERGY,SLAVNEFT
ENERGY,SLEASING
ENERGY,SLUGA
ENERGY,SMASH
ENERGY,SMP
ENERGY,SNAB
ENERGY,SNABSBYT
ENERGY,SNABSTROY
ENERGY,SNASTKA
ENERGY,SNEFT
ENERGY,SOIL
ENERGY,SOMITEKNO
ENERGY,SOUTH
ENERGY,SP-AQUA
ENERGY,SPEN
ENERGY,SPETSAVIA
ENERGY,SPETSMASH
ENERGY,SPG
ENERGY,SPK
ENERGY,SPORT
ENERGY,SPROM
ENERGY,SSERVIS
ENERGY,SSING
ENERGY,SSISTEMS
ENERGY,SSLEASING
ENERGY,SSNEFT
ENERGY,SSR
ENERGY,SSS
ENERGY,ST'-DON
ENERGY,ST'-LUGA
ENERGY,ST-95
ENERGY,STA
ENERGY,STAL
ENERGY,STAR
ENERGY,STARSTROI
ENERGY,START
ENERGY,STEMS
ENERGY,STENERGO
ENERGY,STER-NEFT
ENERGY,STK
ENERGY,STKA
ENERGY,STM
ENERGY,STOIL
ENERGY,STOR
ENERGY,STORGSNAB
ENERGY,STRANS
ENERGY,STRIYA
ENERGY,STROI
ENERGY,STROIPROM
ENERGY,STROISITI
ENERGY,STROY
ENERGY,STS
ENERGY,STSENTR
ENERGY,STSERVICE
ENERGY,STSTAL
ENERGY,STSTROI
ENERGY,STT
ENERGY,STTREID
ENERGY,STVENNAYA
ENERGY,STVO
ENERGY,SU-TGS
ENERGY,SUEK
ENERGY,SUGOL
ENERGY,SUP
ENERGY,SURGUTEX
ENERGY,SUSLUGA
ENERGY,SVM
ENERGY,SYNTHES
ENERGY,Services
ENERGY,Sfera
ENERGY,Shipping
ENERGY,Sial
ENERGY,Snaboil
ENERGY,Standart
ENERGY,Stroy
ENERGY,T'-DON
ENERGY,T'-LUGA
ENERGY,T-2
ENERGY,T-95
ENERGY,T-GROUP
ENERGY,T-PERM
ENERGY,T-S
ENERGY,T-SERVICE
ENERGY,T-SERVIS
ENERGY,T-TYUMEN'
ENERGY,T-VOLGA
ENERGY,TAGRAS
ENERGY,TAIF-NK
ENERGY,TAIR
ENERGY,TAKT-S
ENERGY,TAL
ENERGY,TALL
ENERGY,TALON
ENERGY,TAN
ENERGY,TANDART-2
ENERGY,TANEKO
ENERGY,TANOL
ENERGY,TAR
ENERGY,TARSTROI
ENERGY,TART
ENERGY,TATEYK
ENERGY,TATNEFT
ENERGY,TATSIYA
ENERGY,TAZH
ENERGY,TAZHSTROI
ENERGY,TCC
ENERGY,TEBAZA
ENERGY,TEC
ENERGY,TECH
ENERGY,TEGAS
ENERGY,TEGAZ
ENERGY,TEGAZMASH
ENERGY,TEGAZPROM
ENERGY,TEGRA
ENERGY,TEHLIZING
ENERGY,TEINVEST
ENERGY,TEK
ENERGY,TEK-STROI
ENERGY,TEKH
ENERGY,TEKHIM
ENERGY,TEKHNIKA
ENERGY,TEKHSTROI
ENERGY,TEKNO
ENERGY,TEKS
ENERGY,TEL'NYE
ENERGY,TEMASH
ENERGY,TEMERSO
ENERGY,TEMS
ENERGY,TENERGO
ENERGY,TEPLOKHIM
ENERGY,TEPRODUCT
ENERGY,TEPRODUKT
ENERGY,TER-NEFT
ENERGY,TERAN
ENERGY,TERMINAL
ENERGY,TESBYT
ENERGY,TESERVIS
ENERGY,TESTROI
ENERGY,TETRANS
ENERGY,TEX
ENERGY,TEYK
ENERGY,TEZ
ENERGY,TG-SERVIS
ENERGY,TGM
ENERGY,TGS
ENERGY,THES
ENERGY,TIE
ENERGY,TIK
ENERGY,TIKA
ENERGY,TIN-OIL
ENERGY,TIONAL
ENERGY,TISA
ENERGY,TKA
ENERGY,TNEFT
ENERGY,TNEFTEGAS
ENERGY,TNEFTEGAZ
ENERGY,TNG
ENERGY,TNG-Group
ENERGY,TNP
ENERGY,TO-TRANS
ENERGY,TOBIZNES
ENERGY,TOGRUPP
ENERGY,TOIL
ENERGY,TOING
ENERGY,TOKBURGAZ
ENERGY,TOMATIKA
ENERGY,TON
ENERGY,TOPLIVNYE
ENERGY,TOPPROM
ENERGY,TOR
ENERGY,TORGSNAB
ENERGY,TOSNAB
ENERGY,TOTRANS
ENERGY,TOVSK
ENERGY,TPETRO
ENERGY,TRADING
ENERGY,TRADNOE
ENERGY,TRAIDING
ENERGY,TRANS
ENERGY,TRANSAVTO
ENERGY,TRANSGAZ
ENERGY,TRANSIT
ENERGY,TRANSNEFT
ENERGY,TRANSPORT
ENERGY,TRANSUGOL
ENERGY,TRANZIT
ENERGY,TRAST
ENERGY,TREID
ENERGY,TREID-OIL
ENERGY,TREM
ENERGY,TREYD
ENERGY,TREYIDING
ENERGY,TRIYA
ENERGY,TRO
ENERGY,TROI
ENERGY,TROINEFT'
ENERGY,TROIPROM
ENERGY,TROISITI
ENERGY,TROKHIM
ENERGY,TROL
ENERGY,TROL'
ENERGY,TROLOGIYA
ENERGY,TRON
ENERGY,TROTECH
ENERGY,TROTEK
ENERGY,TROTEKH
ENERGY,TROTEKS
ENERGY,TROTUL
ENERGY,TROY
ENERGY,TRUKTSIYA
ENERGY,TSAVIA
ENERGY,TSENTR
ENERGY,TSERVICE
ENERGY,TSERVIS
ENERGY,TSESSING
ENERGY,TSIYA
ENERGY,TSMASH
ENERGY,TSS
ENERGY,TSTAL
ENERGY,TSTRANS
ENERGY,TSTROI
ENERGY,TSTSENTR
ENERGY,TSUP
ENERGY,TTREID
ENERGY,TUGOL'
ENERGY,TUL
ENERGY,TUR-M
ENERGY,TUS
ENERGY,TVENNAYA
ENERGY,TVO
ENERGY,TYUMEN
ENERGY,TYUMEN'
ENERGY,Taif-NK
ENERGY,Tech
ENERGY,Tyumen
ENERGY,U-Oil
ENERGY,U-TGS
ENERGY,UANT
ENERGY,UBEZHNEFT
ENERGY,UBK
ENERGY,UBOPROVOD
ENERGY,UBRIMEKS
ENERGY,UCT
ENERGY,UDOVANIE
ENERGY,UDS
ENERGY,UEK
ENERGY,UGA
ENERGY,UGATEX
ENERGY,UGOL
ENERGY,UGOL'
ENERGY,UGTRANZIT
ENERGY,UKOIL
ENERGY,UKOIL-UNP
ENERGY,UKOYL-KMN
ENERGY,UKT
ENERGY,UKTSIYA
ENERGY,ULES
ENERGY,UMEN
ENERGY,UMEN'
ENERGY,UNGF
ENERGY,UNION
ENERGY,UNITEK
ENERGY,UNP
ENERGY,UPER
ENERGY,UPP
ENERGY,UPP-URAL
ENERGY,UR-M
ENERGY,URAL
ENERGY,URALGEO
ENERGY,URALNK
ENERGY,URALPAK
ENERGY,URENERGO
ENERGY,URENIE
ENERGY,URGALUGOL
ENERGY,URGAZ
ENERGY,URGNEFT
ENERGY,URGUTEX
ENERGY,URINTEKH
ENERGY,URMASH
ENERGY,US-1
ENERGY,USLUGA
ENERGY,USPK
ENERGY,USSISTEMS
ENERGY,USSNEFT
ENERGY,UST'-LUGA
ENERGY,UST-95
ENERGY,USTA
ENERGY,USTRIYA
ENERGY,UTEX
ENERGY,UTH
ENERGY,UTT
ENERGY,UZBASS
ENERGY,VALAB
ENERGY,VALAIN
ENERGY,VANIE
ENERGY,VAOIL
ENERGY,VARTOVSK
ENERGY,VARUS
ENERGY,VAS
ENERGY,VAT
ENERGY,VATEK
ENERGY,VBS
ENERGY,VDSA
ENERGY,VEDKA
ENERGY,VEGA-GAZ
ENERGY,VENNAYA
ENERGY,VER
ENERGY,VERSTROI
ENERGY,VEST
ENERGY,VESTSTROI
ENERGY,VETERAN
ENERGY,VIA
ENERGY,VIATRON
ENERGY,VICE
ENERGY,VICES
ENERGY,VIETPETRO
ENERGY,VIGAS
ENERGY,VIOIL
ENERGY,VIS
ENERGY,VISPROM
ENERGY,VITIE
ENERGY,VNEFT
ENERGY,VNYE
ENERGY,VOD
ENERGY,VOIT
ENERGY,VOLGA
ENERGY,VOLSTAR
ENERGY,VOLZHE
ENERGY,VOMET
ENERGY,VORIT
ENERGY,VOSBYT
ENERGY,VOSTTREID
ENERGY,VROTEYK
ENERGY,VSK
ENERGY,VSK-TREID
ENERGY,VSKIY
ENERGY,VSKY
ENERGY,VTO
ENERGY,VTO-TRANS
ENERGY,VTOBIZNES
ENERGY,VTOGRUPP
ENERGY,VTOMATIKA
ENERGY,VTOPPROM
ENERGY,VTOSNAB
ENERGY,VTOTRANS
ENERGY,Virial
ENERGY,XOIL
ENERGY,YA-SERVIS
ENERGY,YAKOVSKIY
ENERGY,YANEFT
ENERGY,YANOS
ENERGY,YARGEO
ENERGY,YATEC
ENERGY,YAZ'STROI
ENERGY,YCHA
ENERGY,YEX
ENERGY,YIDING
ENERGY,YKHIMMASH
ENERGY,YKOTEKH
ENERGY,YKOTON
ENERGY,YKS
ENERGY,YKSPORT
ENERGY,YL-KMN
ENERGY,YNERGAZ
ENERGY,YNG
ENERGY,YNTHES
ENERGY,YPOS
ENERGY,YRIS
ENERGY,YROTSENTR
ENERGY,YSICS
ENERGY,YSTM
ENERGY,YUMEN
ENERGY,YUMEN'
ENERGY,YUNION
ENERGY,YUS
ENERGY,Yamal
ENERGY,Z'STROI
ENERGY,Z-GROUP
ENERGY,Z-ST
ENERGY,ZAPAD
ENERGY,ZAR
ENERGY,ZATSIYA
ENERGY,ZBASS
ENERGY,ZBURENIE
ENERGY,ZDOBYCHA
ENERGY,ZEYKS
ENERGY,ZFINAN
ENERGY,ZH-2
ENERGY,ZHE
ENERGY,ZHINIRING
ENERGY,ZHNEFT
ENERGY,ZHSTROI
ENERGY,ZHURALPAK
ENERGY,ZIKA
ENERGY,ZING
ENERGY,ZIT
ENERGY,ZM-METALL
ENERGY,ZMASH
ENERGY,ZNA
ENERGY,ZNES
ENERGY,ZNO
ENERGY,ZNP
ENERGY,ZON-M
ENERGY,ZPA
ENERGY,ZPROM
ENERGY,ZPROMNEFT
ENERGY,ZPT
ENERGY,ZSERVIS
ENERGY,ZSTROI
ENERGY,ZSTROY
ENERGY,ZTA
ENERGY,ZVEDKA
ENERGY,ZVITIE
ENERGY,a-Form
ENERGY,aboil
ENERGY,acha
ENERGY,ada
ENERGY,aif-NK
ENERGY,al-Pioner
ENERGY,ala-Form
ENERGY,aline
ENERGY,amal
ENERGY,andart
ENERGY,aneft
ENERGY,antaj
ENERGY,anter
ENERGY,anula
ENERGY,any
ENERGY,apital
ENERGY,art
ENERGY,ash
ENERGY,asia
ENERGY,aslon
ENERGY,asys
ENERGY,ator
ENERGY,auchuk
ENERGY,boil
ENERGY,capital
ENERGY,ces
ENERGY,cha
ENERGY,chnostroy
ENERGY,choraneft
ENERGY,chuk
ENERGY,company
ENERGY,compozit
ENERGY,ct-Center
ENERGY,dacha
ENERGY,dart
ENERGY,detal
ENERGY,ech
ENERGY,eering
ENERGY,eft
ENERGY,eft-YANOS
ENERGY,eftemash
ENERGY,eftisa
ENERGY,elesstroy
ENERGY,ell
ENERGY,eltek
ENERGY,emash
ENERGY,enOil
ENERGY,ense
ENERGY,enter
ENERGY,eokontrol
ENERGY,eoservis
ENERGY,eotdacha
ENERGY,era
ENERGY,erforator
ENERGY,ergo
ENERGY,ergoStroy
ENERGY,ering
ENERGY,ero
ENERGY,ervice
ENERGY,ervices
ENERGY,ervis
ENERGY,eservice
ENERGY,esstroy
ENERGY,estEnergo
ENERGY,etal
ENERGY,eum
ENERGY,ewTech
ENERGY,export
ENERGY,f-NK
ENERGY,fera
ENERGY,forator
ENERGY,ft-YANOS
ENERGY,ftemash
ENERGY,ftisa
ENERGY,geoservis
ENERGY,gies
ENERGY,gineering
ENERGY,goStroy
ENERGY,hiniring
ENERGY,hipping
ENERGY,hnologies
ENERGY,hnostroy
ENERGY,horaneft
ENERGY,huk
ENERGY,ial
ENERGY,ice
ENERGY,ices
ENERGY,iell
ENERGY,ies
ENERGY,if-NK
ENERGY,imera
ENERGY,imited
ENERGY,improm
ENERGY,ine
ENERGY,ineering
ENERGY,ing
ENERGY,iniring
ENERGY,ioner
ENERGY,ipping
ENERGY,irial
ENERGY,iring
ENERGY,isa
ENERGY,ital
ENERGY,ited
ENERGY,kam
ENERGY,kauchuk
ENERGY,kenOil
ENERGY,kontrol
ENERGY,l-Pioner
ENERGY,la-Form
ENERGY,lcompany
ENERGY,lesstroy
ENERGY,leum
ENERGY,line
ENERGY,lkam
ENERGY,llcompany
ENERGY,logies
ENERGY,lon
ENERGY,ltek
ENERGY,mal
ENERGY,mash
ENERGY,men
ENERGY,mera
ENERGY,mited
ENERGY,mpany
ENERGY,mpozit
ENERGY,mprom
ENERGY,n-Tyumen
ENERGY,nOil
ENERGY,naboil
ENERGY,ndart
ENERGY,neering
ENERGY,neft
ENERGY,neftemash
ENERGY,ner
ENERGY,nergo
ENERGY,niring
ENERGY,nologies
ENERGY,nostroy
ENERGY,nse
ENERGY,ntaj
ENERGY,nter
ENERGY,ntraline
ENERGY,ntrol
ENERGY,nula
ENERGY,oStroy
ENERGY,ogies
ENERGY,oil
ENERGY,okauchuk
ENERGY,okontrol
ENERGY,oleum
ENERGY,ologies
ENERGY,ompany
ENERGY,ompozit
ENERGY,on-Tyumen
ENERGY,oner
ENERGY,ontrol
ENERGY,oost95
ENERGY,oraneft
ENERGY,orator
ENERGY,orm
ENERGY,orskenOil
ENERGY,ort
ENERGY,osense
ENERGY,oservis
ENERGY,ost95
ENERGY,ostroy
ENERGY,otdacha
ENERGY,oup
ENERGY,owada
ENERGY,oydetal
ENERGY,ozit
ENERGY,pany
ENERGY,ping
ENERGY,pital
ENERGY,port
ENERGY,pozit
ENERGY,pping
ENERGY,prom
ENERGY,ptosense
ENERGY,raline
ENERGY,raneft
ENERGY,ranula
ENERGY,rasia
ENERGY,rasys
ENERGY,rator
ENERGY,rforator
ENERGY,rgo
ENERGY,rgoStroy
ENERGY,rial
ENERGY,riell
ENERGY,ring
ENERGY,rokauchuk
ENERGY,rol
ENERGY,roleum
ENERGY,rom
ENERGY,roup
ENERGY,roy
ENERGY,roydetal
ENERGY,rskenOil
ENERGY,rvice
ENERGY,rvices
ENERGY,rvis
ENERGY,scompozit
ENERGY,sense
ENERGY,service
ENERGY,servis
ENERGY,sia
ENERGY,skenOil
ENERGY,slon
ENERGY,sstroy
ENERGY,st95
ENERGY,stEnergo
ENERGY,stroy
ENERGY,sys
ENERGY,t-Center
ENERGY,t-YANOS
ENERGY,t95
ENERGY,tEnergo
ENERGY,taj
ENERGY,tal
ENERGY,tandart
ENERGY,tdacha
ENERGY,ted
ENERGY,tek
ENERGY,temash
ENERGY,teotdacha
ENERGY,ter
ENERGY,teservice
ENERGY,tisa
ENERGY,tor
ENERGY,tosense
ENERGY,traline
ENERGY,trol
ENERGY,troy
ENERGY,troydetal
ENERGY,uchuk
ENERGY,ula
ENERGY,umen
ENERGY,urasia
ENERGY,vantaj
ENERGY,vice
ENERGY,vices
ENERGY,vis
ENERGY,wTech
ENERGY,wada
ENERGY,xport
ENERGY,ydetal
ENERGY,yumen
ENERGY,zhiniring
ENERGY,zit
FINANCIALS,-BUILDING
FINANCIALS,-CENTER
FINANCIALS,-DIGITAL
FINANCIALS,-DOM
FINANCIALS,-ESTATE
FINANCIALS,-FINANCE
FINANCIALS,-FRIGO
FINANCIALS,-INTEROPT
FINANCIALS,-INVEST
FINANCIALS,-LIZING
FINANCIALS,-REIK
FINANCIALS,-SERVICE
FINANCIALS,-SITI
FINANCIALS,-TREID
FINANCIALS,.XP
FINANCIALS,04924
FINANCIALS,0V-CENTER
FINANCIALS,4924
FINANCIALS,804924
FINANCIALS,924
FINANCIALS,A-SERVICE
FINANCIALS,ABSBYT
FINANCIALS,ADA
FINANCIALS,ADNOE
FINANCIALS,AGLAVSNAB
FINANCIALS,AIMLIZING
FINANCIALS,AKTIV
FINANCIALS,ALIT
FINANCIALS,ALLEXP
FINANCIALS,ALONAKTIV
FINANCIALS,ALYUT
FINANCIALS,AMKO
FINANCIALS,ANCE
FINANCIALS,ANNAYA
FINANCIALS,ANNY-9
FINANCIALS,ARD
FINANCIALS,ARGON
FINANCIALS,ARK
FINANCIALS,ASTERKARD
FINANCIALS,ATE
FINANCIALS,AVSNAB
FINANCIALS,AXECA
FINANCIALS,AYA
FINANCIALS,Anghalst
FINANCIALS,B-DIGITAL
FINANCIALS,BANNY-9
FINANCIALS,BRIG
FINANCIALS,BSBYT
FINANCIALS,BUILDING
FINANCIALS,BYT
FINANCIALS,CADA
FINANCIALS,CENTER
FINANCIALS,CFT
FINANCIALS,CHEVIC
FINANCIALS,CORDIA
FINANCIALS,CORE.XP
FINANCIALS,CURY
FINANCIALS,DAXECA
FINANCIALS,DELEN
FINANCIALS,DIA
FINANCIALS,DIGITAL
FINANCIALS,DING
FINANCIALS,DITION
FINANCIALS,DNIK
FINANCIALS,DNOE
FINANCIALS,DNV
FINANCIALS,DOM
FINANCIALS,DOMOSTROY
FINANCIALS,DORSTROI
FINANCIALS,DUKT
FINANCIALS,E.XP
FINANCIALS,ECA
FINANCIALS,EDITION
FINANCIALS,EID
FINANCIALS,EIK
FINANCIALS,EKH
FINANCIALS,EKHNOPARK
FINANCIALS,EKSTROI
FINANCIALS,EKTRUM
FINANCIALS,ELAMKO
FINANCIALS,ELEN
FINANCIALS,ELOPMENT
FINANCIALS,ENEX
FINANCIALS,ENT
FINANCIALS,ENTER
FINANCIALS,ENTR
FINANCIALS,ENTR-M
FINANCIALS,EPRODUKT
FINANCIALS,ERBYT
FINANCIALS,ERC
FINANCIALS,ERCURY
FINANCIALS,ERICORDIA
FINANCIALS,ERKARD
FINANCIALS,ERMINAL
FINANCIALS,EROPT
FINANCIALS,ERS
FINANCIALS,ERTSENTR
FINANCIALS,ERVICE
FINANCIALS,ERVIS
FINANCIALS,ESCADA
FINANCIALS,ESLIZING
FINANCIALS,EST
FINANCIALS,ESTATE
FINANCIALS,ESTSERVIS
FINANCIALS,ESTTSENTR
FINANCIALS,ETALLEXP
FINANCIALS,EVIC
FINANCIALS,EX-ESTATE
FINANCIALS,EXP
FINANCIALS,FENEX
FINANCIALS,FINANCE
FINANCIALS,FINTEKH
FINANCIALS,FIS-SITI
FINANCIALS,FISA
FINANCIALS,FOREST
FINANCIALS,FRIGO
FINANCIALS,G-FINANCE
FINANCIALS,G-TREID
FINANCIALS,GELAMKO
FINANCIALS,GIS
FINANCIALS,GITAL
FINANCIALS,GLAVSNAB
FINANCIALS,GON
FINANCIALS,GTLK
FINANCIALS,HCHEVIC
FINANCIALS,HEVIC
FINANCIALS,HIMOST-2
FINANCIALS,HNOPARK
FINANCIALS,I-REIK
FINANCIALS,ICE
FINANCIALS,ICORDIA
FINANCIALS,IERS
FINANCIALS,IGITAL
FINANCIALS,IGO
FINANCIALS,IKA
FINANCIALS,IKO
FINANCIALS,IKOLIERS
FINANCIALS,ILDING
FINANCIALS,ILIYA
FINANCIALS,ILS
FINANCIALS,IMLIZING
FINANCIALS,IMOST-2
FINANCIALS,INAL
FINANCIALS,INANCE
FINANCIALS,ING
FINANCIALS,ING-TREID
FINANCIALS,INNIK
FINANCIALS,INTEKH
FINANCIALS,INTEROPT
FINANCIALS,INVEST
FINANCIALS,ION
FINANCIALS,IRIUS
FINANCIALS,IS-SITI
FINANCIALS,ISA
FINANCIALS,ISERVIS
FINANCIALS,ISHCHEVIC
FINANCIALS,ITAL
FINANCIALS,ITEK
FINANCIALS,ITI
FINANCIALS,ITI-REIK
FINANCIALS,ITION
FINANCIALS,ITOSTROY
FINANCIALS,IUS
FINANCIALS,IVERBYT
FINANCIALS,IWI
FINANCIALS,IYA
FINANCIALS,IZALIT
FINANCIALS,IZING
FINANCIALS,IZOL
FINANCIALS,KARD
FINANCIALS,KDORSTROI
FINANCIALS,KHNOPARK
FINANCIALS,KOLIERS
FINANCIALS,KORP
FINANCIALS,KROKUS-L
FINANCIALS,KSTROI
FINANCIALS,KTIV
FINANCIALS,KTRUM
FINANCIALS,KUS-L
FINANCIALS,Kantor
FINANCIALS,LAMKO
FINANCIALS,LAVSNAB
FINANCIALS,LDING
FINANCIALS,LEN
FINANCIALS,LEXP
FINANCIALS,LIERS
FINANCIALS,LILIYA
FINANCIALS,LIT
FINANCIALS,LIYA
FINANCIALS,LIZING
FINANCIALS,LLEXP
FINANCIALS,LONAKTIV
FINANCIALS,LOPMENT
FINANCIALS,LTINNIK
FINANCIALS,LYUT
FINANCIALS,Laurea
FINANCIALS,Leasing
FINANCIALS,Lider
FINANCIALS,M-DOM
FINANCIALS,MENT
FINANCIALS,MERCURY
FINANCIALS,METALLEXP
FINANCIALS,MINAL
FINANCIALS,MITEK
FINANCIALS,MIUS
FINANCIALS,MKO
FINANCIALS,MLIZING
FINANCIALS,MOST-2
FINANCIALS,MOSTROY
FINANCIALS,MSTROY
FINANCIALS,Megalead
FINANCIALS,N-INVEST
FINANCIALS,NAB
FINANCIALS,NABSBYT
FINANCIALS,NAKTIV
FINANCIALS,NAL
FINANCIALS,NANCE
FINANCIALS,NAYA
FINANCIALS,NCE
FINANCIALS,NESLIZING
FINANCIALS,NEX
FINANCIALS,NG-TREID
FINANCIALS,NIK
FINANCIALS,NIKA
FINANCIALS,NIKOLIERS
FINANCIALS,NITI-REIK
FINANCIALS,NITOSTROY
FINANCIALS,NIVERBYT
FINANCIALS,NNAYA
FINANCIALS,NNIK
FINANCIALS,NNY-9
FINANCIALS,NOE
FINANCIALS,NOPARK
FINANCIALS,NSNABSBYT
FINANCIALS,NTEKH
FINANCIALS,NTER
FINANCIALS,NTEROPT
FINANCIALS,NTR
FINANCIALS,NTR-M
FINANCIALS,NTSERVICE
FINANCIALS,NVEST
FINANCIALS,NY-9
FINANCIALS,O-FRIGO
FINANCIALS,ODELEN
FINANCIALS,ODNIK
FINANCIALS,ODUKT
FINANCIALS,OFIS-SITI
FINANCIALS,OFISA
FINANCIALS,OISERVIS
FINANCIALS,OKUS-L
FINANCIALS,OLIERS
FINANCIALS,OLTINNIK
FINANCIALS,OM-DOM
FINANCIALS,OMIUS
FINANCIALS,OMLIZING
FINANCIALS,OMOSTROY
FINANCIALS,OMSTROY
FINANCIALS,ON-INVEST
FINANCIALS,ONAKTIV
FINANCIALS,OPARK
FINANCIALS,OPMENT
FINANCIALS,OPT
FINANCIALS,ORDIA
FINANCIALS,ORE.XP
FINANCIALS,OREST
FINANCIALS,ORILS
FINANCIALS,ORP
FINANCIALS,ORPESTATE
FINANCIALS,ORSTROI
FINANCIALS,OSKORP
FINANCIALS,OST-2
FINANCIALS,OSTROY
FINANCIALS,OTEKSTROI
FINANCIALS,OTRADNOE
FINANCIALS,OVANNAYA
FINANCIALS,PARK
FINANCIALS,PEDITION
FINANCIALS,PEKTRUM
FINANCIALS,PERTSENTR
FINANCIALS,PESTATE
FINANCIALS,PMENT
FINANCIALS,POLTINNIK
FINANCIALS,PRODUKT
FINANCIALS,PROMSTROY
FINANCIALS,QIWI
FINANCIALS,R-M
FINANCIALS,RADNOE
FINANCIALS,RBYT
FINANCIALS,RCURY
FINANCIALS,RDIA
FINANCIALS,RE.XP
FINANCIALS,REID
FINANCIALS,REIK
FINANCIALS,REST
FINANCIALS,RGON
FINANCIALS,RICORDIA
FINANCIALS,RIG
FINANCIALS,RIGO
FINANCIALS,RIKO
FINANCIALS,RILS
FINANCIALS,RIUS
FINANCIALS,RIZALIT
FINANCIALS,RKARD
FINANCIALS,RMINAL
FINANCIALS,RO-FRIGO
FINANCIALS,RODELEN
FINANCIALS,RODNIK
FINANCIALS,RODUKT
FINANCIALS,ROI
FINANCIALS,ROISERVIS
FINANCIALS,ROKUS-L
FINANCIALS,ROMLIZING
FINANCIALS,ROMSTROY
FINANCIALS,ROPT
FINANCIALS,ROSKORP
FINANCIALS,ROVANNAYA
FINANCIALS,ROY
FINANCIALS,RPESTATE
FINANCIALS,RSL
FINANCIALS,RSTROI
FINANCIALS,RT-LIZING
FINANCIALS,RTFINTEKH
FINANCIALS,RTSENTR
FINANCIALS,RUM
FINANCIALS,RUSFOREST
FINANCIALS,RVICE
FINANCIALS,RVIS
FINANCIALS,Rega
FINANCIALS,S-L
FINANCIALS,S-SITI
FINANCIALS,SALYUT
FINANCIALS,SARGON
FINANCIALS,SBYT
FINANCIALS,SCADA
FINANCIALS,SENTR
FINANCIALS,SENTR-M
FINANCIALS,SERVICE
FINANCIALS,SERVIS
FINANCIALS,SFOREST
FINANCIALS,SHCHEVIC
FINANCIALS,SIRIUS
FINANCIALS,SITI
FINANCIALS,SKORP
FINANCIALS,SLC
FINANCIALS,SLIZING
FINANCIALS,SLK
FINANCIALS,SNAB
FINANCIALS,SNABSBYT
FINANCIALS,SORILS
FINANCIALS,SPEKTRUM
FINANCIALS,SSC
FINANCIALS,SSL
FINANCIALS,ST-2
FINANCIALS,STATE
FINANCIALS,STERKARD
FINANCIALS,STROI
FINANCIALS,STROY
FINANCIALS,STSERVIS
FINANCIALS,STTSENTR
FINANCIALS,Sneider
FINANCIALS,T-2
FINANCIALS,T-LIZING
FINANCIALS,TAL
FINANCIALS,TALLEXP
FINANCIALS,TATE
FINANCIALS,TEK
FINANCIALS,TEKH
FINANCIALS,TEKSTROI
FINANCIALS,TEN
FINANCIALS,TEPRODUKT
FINANCIALS,TER
FINANCIALS,TERKARD
FINANCIALS,TERMINAL
FINANCIALS,TEROPT
FINANCIALS,TFINTEKH
FINANCIALS,TI-REIK
FINANCIALS,TINNIK
FINANCIALS,TION
FINANCIALS,TIV
FINANCIALS,TLK
FINANCIALS,TOM-DOM
FINANCIALS,TOSTROY
FINANCIALS,TR-M
FINANCIALS,TRADNOE
FINANCIALS,TREID
FINANCIALS,TRO-FRIGO
FINANCIALS,TROI
FINANCIALS,TROY
FINANCIALS,TRUM
FINANCIALS,TSENTR
FINANCIALS,TSENTR-M
FINANCIALS,TSERVICE
FINANCIALS,TSERVIS
FINANCIALS,TTSENTR
FINANCIALS,UILDING
FINANCIALS,UKT
FINANCIALS,UNIVERBYT
FINANCIALS,URY
FINANCIALS,US-L
FINANCIALS,USFOREST
FINANCIALS,V-CENTER
FINANCIALS,VANNAYA
FINANCIALS,VELOPMENT
FINANCIALS,VERBYT
FINANCIALS,VEST
FINANCIALS,VIC
FINANCIALS,VICE
FINANCIALS,VIS
FINANCIALS,VISA
FINANCIALS,VSNAB
FINANCIALS,X-ESTATE
FINANCIALS,XECA
FINANCIALS,XPEDITION
FINANCIALS,Y-9
FINANCIALS,YUT
FINANCIALS,ZALIT
FINANCIALS,ZHIMOST-2
FINANCIALS,ZING
FINANCIALS,ZOL
FINANCIALS,ZSLK
FINANCIALS,akturen
FINANCIALS,alead
FINANCIALS,alst
FINANCIALS,antor
FINANCIALS,asing
FINANCIALS,aurea
FINANCIALS,der
FINANCIALS,eLeasing
FINANCIALS,ead
FINANCIALS,easing
FINANCIALS,ega
FINANCIALS,egalead
FINANCIALS,eider
FINANCIALS,fakturen
FINANCIALS,galead
FINANCIALS,ghalst
FINANCIALS,halst
FINANCIALS,ider
FINANCIALS,ing
FINANCIALS,kturen
FINANCIALS,lead
FINANCIALS,lst
FINANCIALS,meLeasing
FINANCIALS,neider
FINANCIALS,nghalst
FINANCIALS,ntor
FINANCIALS,rea
FINANCIALS,ren
FINANCIALS,sing
FINANCIALS,tor
FINANCIALS,turen
FINANCIALS,ufakturen
FINANCIALS,urea
FINANCIALS,uren
HEALTH CARE,'BA
HEALTH CARE,'GAM
HEALTH CARE,'MA
HEALTH CARE,-137
HEALTH CARE,-2000
HEALTH CARE,-77
HEALTH CARE,-AIM
HEALTH CARE,-AMUR
HEALTH CARE,-APN
HEALTH CARE,-BIAL'GAM
HEALTH CARE,-DENT
HEALTH CARE,-DON
HEALTH CARE,-DS
HEALTH CARE,-DV
HEALTH CARE,-EK
HEALTH CARE,-EYKO
HEALTH CARE,-EYKSPERT
HEALTH CARE,-FARM
HEALTH CARE,-FARMA
HEALTH CARE,-Farm
HEALTH CARE,-GRUP
HEALTH CARE,-GRUPP
HEALTH CARE,"-GRUPP"""
HEALTH CARE,-HOLDCO
HEALTH CARE,-IMPEKS
HEALTH CARE,-IMPEYKS
HEALTH CARE,-INTENSIV
HEALTH CARE,-IST
HEALTH CARE,-KLINIK
HEALTH CARE,-MARKET
HEALTH CARE,-MED
HEALTH CARE,-MEDI
HEALTH CARE,-MEDICAL
HEALTH CARE,-MEDIUM
HEALTH CARE,-MO
HEALTH CARE,-MS
HEALTH CARE,-Med
HEALTH CARE,-Medical
HEALTH CARE,-Next
HEALTH CARE,-Nord
HEALTH CARE,-ONCO
HEALTH CARE,-Opra
HEALTH CARE,-Orenburg
HEALTH CARE,-PHARM
HEALTH CARE,-PLYUS
HEALTH CARE,-PROJECT
HEALTH CARE,-PSKOV
HEALTH CARE,-Pharm
HEALTH CARE,-REGION
HEALTH CARE,-RUS
HEALTH CARE,-Robotics
HEALTH CARE,-SERVIS
HEALTH CARE,-SINTEZ
HEALTH CARE,-SKLAD
HEALTH CARE,-SOFT
HEALTH CARE,-SOUTH
HEALTH CARE,-SVM
HEALTH CARE,-Saratov
HEALTH CARE,-Siberia
HEALTH CARE,-Sintez
HEALTH CARE,-TSENTR
HEALTH CARE,-UFA
HEALTH CARE,-URAL
HEALTH CARE,-UfaVITA
HEALTH CARE,-VET
HEALTH CARE,-VOLGA
HEALTH CARE,-Vet
HEALTH CARE,-Vostok
HEALTH CARE,-YUG
HEALTH CARE,-ZAPAD
HEALTH CARE,-ZAURAL'E
HEALTH CARE,-project
HEALTH CARE,.C.
HEALTH CARE,.CS
HEALTH CARE,.GELPIK
HEALTH CARE,.MED.CS
HEALTH CARE,.P.GELPIK
HEALTH CARE,.RU
HEALTH CARE,.RUS
HEALTH CARE,.T.C.
HEALTH CARE,.ru
HEALTH CARE,.v.e
HEALTH CARE,/60
HEALTH CARE,0/60
HEALTH CARE,000
HEALTH CARE,1.RU
HEALTH CARE,137
HEALTH CARE,2000
HEALTH CARE,21.RU
HEALTH CARE,50/60
HEALTH CARE,A-77
HEALTH CARE,A-DENT
HEALTH CARE,A-EK
HEALTH CARE,A-FARMA
HEALTH CARE,A-GRUPP
HEALTH CARE,"A-GRUPP"""
HEALTH CARE,A-KLINIK
HEALTH CARE,A-M
HEALTH CARE,A-MED
HEALTH CARE,A-PHARM
HEALTH CARE,A-VOLGA
HEALTH CARE,A-YUG
HEALTH CARE,A.RU
HEALTH CARE,A.v.e
HEALTH CARE,AB-DON
HEALTH CARE,AB-URAL
HEALTH CARE,ABINCO
HEALTH CARE,ABOLOVKA
HEALTH CARE,ABQUEST
HEALTH CARE,ABSERVICE
HEALTH CARE,ABSKEIL
HEALTH CARE,ABTRONICA
HEALTH CARE,ACEVT
HEALTH CARE,ACLUB
HEALTH CARE,ACT
HEALTH CARE,ADA-DENT
HEALTH CARE,ADAMED
HEALTH CARE,ADCORE
HEALTH CARE,ADENTA
HEALTH CARE,ADIGMA
HEALTH CARE,ADKO
HEALTH CARE,ADRAT-S
HEALTH CARE,ADUGA
HEALTH CARE,ADVENSUM
HEALTH CARE,AFA-VOLGA
HEALTH CARE,AFAN
HEALTH CARE,AFARM
HEALTH CARE,AFEL
HEALTH CARE,AGE
HEALTH CARE,AGLASS
HEALTH CARE,AGNOSTICS
HEALTH CARE,AGRO
HEALTH CARE,AIM
HEALTH CARE,AIN
HEALTH CARE,AIR
HEALTH CARE,AIS
HEALTH CARE,AKFARMA
HEALTH CARE,AKO
HEALTH CARE,AKOVSKAYA
HEALTH CARE,AKRIKHIN
HEALTH CARE,AKVION
HEALTH CARE,AL'BA
HEALTH CARE,AL'E
HEALTH CARE,AL'GAM
HEALTH CARE,AL'MA
HEALTH CARE,AL-ONCO
HEALTH CARE,AL-VET
HEALTH CARE,ALAIN
HEALTH CARE,ALAMED
HEALTH CARE,ALBATROS
HEALTH CARE,ALBIOGEN
HEALTH CARE,ALCARE
HEALTH CARE,ALCEA
HEALTH CARE,ALEN
HEALTH CARE,ALENFARMA
HEALTH CARE,ALEV
HEALTH CARE,ALFAMEDEX
HEALTH CARE,ALGAFARM
HEALTH CARE,ALIN
HEALTH CARE,ALIONMED
HEALTH CARE,ALITI
HEALTH CARE,ALIUM
HEALTH CARE,ALKOR
HEALTH CARE,ALL-M
HEALTH CARE,ALLURANS
HEALTH CARE,ALMEDSNAB
HEALTH CARE,ALMIRA
HEALTH CARE,ALOID-RUS
HEALTH CARE,ALPEN
HEALTH CARE,ALTAIR
HEALTH CARE,ALTREID
HEALTH CARE,AMAX
HEALTH CARE,AMED
HEALTH CARE,AMED-SOFT
HEALTH CARE,AMEDEX
HEALTH CARE,AMEDPROM
HEALTH CARE,AMG
HEALTH CARE,AMIKA
HEALTH CARE,AMSON-MED
HEALTH CARE,AMT
HEALTH CARE,AMUR
HEALTH CARE,ANA
HEALTH CARE,ANCE
HEALTH CARE,ANDARD
HEALTH CARE,ANDART
HEALTH CARE,ANDIS
HEALTH CARE,ANDMED
HEALTH CARE,ANICA
HEALTH CARE,ANIKA
HEALTH CARE,ANIKA-YUG
HEALTH CARE,ANIMATION
HEALTH CARE,ANIYA
HEALTH CARE,ANNA
HEALTH CARE,ANOV
HEALTH CARE,ANOVKS
HEALTH CARE,ANS
HEALTH CARE,ANSK
HEALTH CARE,ANSMED
HEALTH CARE,ANTA
HEALTH CARE,ANTAZH
HEALTH CARE,ANTEDOM
HEALTH CARE,ANTENS
HEALTH CARE,ANTIYA-EK
HEALTH CARE,ANY
HEALTH CARE,APAD
HEALTH CARE,APHARM
HEALTH CARE,APN
HEALTH CARE,APREL
HEALTH CARE,APTEKA
HEALTH CARE,ARADIGMA
HEALTH CARE,ARD
HEALTH CARE,ARDIOMED
HEALTH CARE,ARE
HEALTH CARE,AREL
HEALTH CARE,ARFARMA
HEALTH CARE,ARIAL
HEALTH CARE,ARION
HEALTH CARE,ARITET-K
HEALTH CARE,ARITMOMED
HEALTH CARE,ARKET
HEALTH CARE,ARKHIMED
HEALTH CARE,ARKO
HEALTH CARE,ARM
HEALTH CARE,ARM-S
HEALTH CARE,ARM-SKLAD
HEALTH CARE,ARMA
HEALTH CARE,ARMACEVT
HEALTH CARE,ARMACLUB
HEALTH CARE,ARMAGLASS
HEALTH CARE,ARMALAIN
HEALTH CARE,ARMAMED
HEALTH CARE,ARMATSIYA
HEALTH CARE,ARMECO
HEALTH CARE,ARMED
HEALTH CARE,ARMEDIC
HEALTH CARE,ARMGRANTA
HEALTH CARE,ARMIKO
HEALTH CARE,ARMIMEX
HEALTH CARE,ARMLAIN
HEALTH CARE,ARMPROEKT
HEALTH CARE,ARMRU
HEALTH CARE,ARMSERVIS
HEALTH CARE,ARMSTER
HEALTH CARE,ARMSTOR
HEALTH CARE,ARMTEK
HEALTH CARE,AROPT
HEALTH CARE,ARPIKS
HEALTH CARE,ARS
HEALTH CARE,ARSK
HEALTH CARE,ART
HEALTH CARE,ART-EYKO
HEALTH CARE,ARTA
HEALTH CARE,ARTEN
HEALTH CARE,ARVET
HEALTH CARE,ASCONA
HEALTH CARE,ASKONA-M
HEALTH CARE,ASNA
HEALTH CARE,ASNOYARSK
HEALTH CARE,ASPECTUS
HEALTH CARE,ASS
HEALTH CARE,ASSFARMA
HEALTH CARE,ASSIST
HEALTH CARE,ASSIST-K
HEALTH CARE,AST
HEALTH CARE,ASTERFAST
HEALTH CARE,ASTI
HEALTH CARE,ASTIKA
HEALTH CARE,ASTOMS
HEALTH CARE,ASTRA-77
HEALTH CARE,ASYNTEZ
HEALTH CARE,AT-S
HEALTH CARE,ATEKS
HEALTH CARE,ATEL
HEALTH CARE,ATICO
HEALTH CARE,ATION
HEALTH CARE,ATREN
HEALTH CARE,ATROS
HEALTH CARE,ATSIYA
HEALTH CARE,AURAL'E
HEALTH CARE,AURUM
HEALTH CARE,AVANTAZH
HEALTH CARE,AVENA
HEALTH CARE,AVITA
HEALTH CARE,AVITEK
HEALTH CARE,AVITSA
HEALTH CARE,AVIVAC
HEALTH CARE,AVIVIR
HEALTH CARE,AVKA
HEALTH CARE,AVORITE
HEALTH CARE,AVP
HEALTH CARE,AVSERVIS
HEALTH CARE,AXIMUS
HEALTH CARE,AYA
HEALTH CARE,AYER
HEALTH CARE,AZH
HEALTH CARE,Acticomp
HEALTH CARE,Alter
HEALTH CARE,Apicenna
HEALTH CARE,Aquila
HEALTH CARE,Areal
HEALTH CARE,Argus
HEALTH CARE,Argus-DS
HEALTH CARE,Avangard
HEALTH CARE,Avicenna
HEALTH CARE,B-APN
HEALTH CARE,B-DON
HEALTH CARE,B-GRUP
HEALTH CARE,B-URAL
HEALTH CARE,BAL-VET
HEALTH CARE,BALCARE
HEALTH CARE,BAREL
HEALTH CARE,BARION
HEALTH CARE,BASSFARMA
HEALTH CARE,BATROS
HEALTH CARE,BAYER
HEALTH CARE,BCS
HEALTH CARE,BEBIG
HEALTH CARE,BEL
HEALTH CARE,BENA
HEALTH CARE,BERTOUANA
HEALTH CARE,BEST-AMUR
HEALTH CARE,BIAL'GAM
HEALTH CARE,BIG
HEALTH CARE,BINCO
HEALTH CARE,BIOCAD
HEALTH CARE,BIOFARMA
HEALTH CARE,BIOGEN
HEALTH CARE,BIOKHIMIK
HEALTH CARE,BIOLIKA
HEALTH CARE,BIOLINE
HEALTH CARE,BIOMEBEL
HEALTH CARE,BIOMED
HEALTH CARE,BIOMEDICA
HEALTH CARE,BIOMIR
HEALTH CARE,BIONAFARM
HEALTH CARE,BIOPHARM
HEALTH CARE,BIOVET-K
HEALTH CARE,BIRSK
HEALTH CARE,BIT
HEALTH CARE,BLFARM
HEALTH CARE,BMED
HEALTH CARE,BMEDINFO
HEALTH CARE,BOFARM
HEALTH CARE,BOIRON
HEALTH CARE,BOLOVKA
HEALTH CARE,BQUEST
HEALTH CARE,BSERVICE
HEALTH CARE,BSKEIL
HEALTH CARE,BTRONICA
HEALTH CARE,BTT
HEALTH CARE,BZMP
HEALTH CARE,Balt
HEALTH CARE,Basis
HEALTH CARE,BioVitrum
HEALTH CARE,Bukaev.ru
HEALTH CARE,C-AIM
HEALTH CARE,C-HOLDCO
HEALTH CARE,C-SOUTH
HEALTH CARE,CAD
HEALTH CARE,CADAMED
HEALTH CARE,CAL
HEALTH CARE,CARE
HEALTH CARE,CEA
HEALTH CARE,CENTER
HEALTH CARE,CEVT
HEALTH CARE,CH-M
HEALTH CARE,CHELFARM
HEALTH CARE,CHI
HEALTH CARE,CILITA
HEALTH CARE,CITILAB
HEALTH CARE,CLINICA
HEALTH CARE,CLUB
HEALTH CARE,COM
HEALTH CARE,COMPANY
HEALTH CARE,CONA
HEALTH CARE,CONTACT
HEALTH CARE,CORE
HEALTH CARE,CPC
HEALTH CARE,CSC
HEALTH CARE,CSTO
HEALTH CARE,CTION
HEALTH CARE,CTUS
HEALTH CARE,CYTOMED
HEALTH CARE,CityPharm
HEALTH CARE,Com
HEALTH CARE,ComMedCom
HEALTH CARE,Concept
HEALTH CARE,D-FARMA
HEALTH CARE,D-IMPEKS
HEALTH CARE,D-IMPEYKS
HEALTH CARE,D-IST
HEALTH CARE,D-RUS
HEALTH CARE,D-SOFT
HEALTH CARE,D.CS
HEALTH CARE,DA-DENT
HEALTH CARE,DAMED
HEALTH CARE,DANTA
HEALTH CARE,DARD
HEALTH CARE,DARPIKS
HEALTH CARE,DART
HEALTH CARE,DASSIST
HEALTH CARE,DASSIST-K
HEALTH CARE,DATEL
HEALTH CARE,DCENTER
HEALTH CARE,DCO
HEALTH CARE,DCOM
HEALTH CARE,DCORE
HEALTH CARE,DEKA
HEALTH CARE,DEKA-M
HEALTH CARE,DELFIYA
HEALTH CARE,DELRUS
HEALTH CARE,DELRUSKOM
HEALTH CARE,DEMPROEKT
HEALTH CARE,DENEB
HEALTH CARE,DENEBMED
HEALTH CARE,DENT
HEALTH CARE,DENTA
HEALTH CARE,DEOST
HEALTH CARE,DEX
HEALTH CARE,DEYKSPERT
HEALTH CARE,DEYKSPORT
HEALTH CARE,DFARM
HEALTH CARE,DIALAIN
HEALTH CARE,DIAMED
HEALTH CARE,DIC
HEALTH CARE,DICA
HEALTH CARE,DICAL
HEALTH CARE,DIEM
HEALTH CARE,DIGMA
HEALTH CARE,DIK.RUS
HEALTH CARE,DIKA
HEALTH CARE,DIKAL
HEALTH CARE,DILEKS
HEALTH CARE,DILIGENCE
HEALTH CARE,DIM
HEALTH CARE,DIMCOM
HEALTH CARE,DIMPORT
HEALTH CARE,DINFO
HEALTH CARE,DINGOF
HEALTH CARE,DINTER
HEALTH CARE,DIO-VOLGA
HEALTH CARE,DIOMARKET
HEALTH CARE,DIOMED
HEALTH CARE,DIPAL
HEALTH CARE,DIS
HEALTH CARE,DISORB
HEALTH CARE,DISTA
HEALTH CARE,DITSINA
HEALTH CARE,DITSINOFF
HEALTH CARE,DIUM
HEALTH CARE,DIYA
HEALTH CARE,DKHIM
HEALTH CARE,DKO
HEALTH CARE,DLAIN
HEALTH CARE,DMAN
HEALTH CARE,DMED
HEALTH CARE,DOM
HEALTH CARE,DON
HEALTH CARE,DOS
HEALTH CARE,DOVERIE
HEALTH CARE,DPROM
HEALTH CARE,DRAT-S
HEALTH CARE,DRAVITSA
HEALTH CARE,DSERVICE
HEALTH CARE,DSERVIS
HEALTH CARE,DSI
HEALTH CARE,DSI-UFA
HEALTH CARE,DSNAB
HEALTH CARE,DSTALIN
HEALTH CARE,DSTANDART
HEALTH CARE,DTECH
HEALTH CARE,DTEKH-P
HEALTH CARE,DTEKHNIKA
HEALTH CARE,DTOVAROPT
HEALTH CARE,DUCTION
HEALTH CARE,DUGA
HEALTH CARE,DVENSUM
HEALTH CARE,DYFARM
HEALTH CARE,E.T.C.
HEALTH CARE,EADCORE
HEALTH CARE,EAFAN
HEALTH CARE,EAMED
HEALTH CARE,EARMEDIC
HEALTH CARE,EBEL
HEALTH CARE,EBIG
HEALTH CARE,EBMED
HEALTH CARE,ECH
HEALTH CARE,ECO
HEALTH CARE,ECSTO
HEALTH CARE,ECT
HEALTH CARE,ECTUS
HEALTH CARE,ED-FARMA
HEALTH CARE,ED-IMPEKS
HEALTH CARE,ED-IST
HEALTH CARE,ED-RUS
HEALTH CARE,ED-SOFT
HEALTH CARE,ED.CS
HEALTH CARE,EDASSIST
HEALTH CARE,EDCENTER
HEALTH CARE,EDCOM
HEALTH CARE,EDEKA
HEALTH CARE,EDEKA-M
HEALTH CARE,EDEX
HEALTH CARE,EDI
HEALTH CARE,EDIC
HEALTH CARE,EDICA
HEALTH CARE,EDICAL
HEALTH CARE,EDIK.RUS
HEALTH CARE,EDIKA
HEALTH CARE,EDIKAL
HEALTH CARE,EDILEKS
HEALTH CARE,EDIMCOM
HEALTH CARE,EDIMPORT
HEALTH CARE,EDINFO
HEALTH CARE,EDINGOF
HEALTH CARE,EDIPAL
HEALTH CARE,EDIS
HEALTH CARE,EDISORB
HEALTH CARE,EDISTA
HEALTH CARE,EDITSINA
HEALTH CARE,EDIUM
HEALTH CARE,EDIYA
HEALTH CARE,EDKHIM
HEALTH CARE,EDLAIN
HEALTH CARE,EDOM
HEALTH CARE,EDPROM
HEALTH CARE,EDSERVICE
HEALTH CARE,EDSERVIS
HEALTH CARE,EDSI
HEALTH CARE,EDSI-UFA
HEALTH CARE,EDSNAB
HEALTH CARE,EDSTALIN
HEALTH CARE,EDTECH
HEALTH CARE,EDTEKH-P
HEALTH CARE,EDYFARM
HEALTH CARE,EFARMA
HEALTH CARE,EFF
HEALTH CARE,EFROFARM
HEALTH CARE,EGADENTA
HEALTH CARE,EGAT
HEALTH CARE,EGION
HEALTH CARE,EID
HEALTH CARE,EIDINTER
HEALTH CARE,EIDON
HEALTH CARE,EIDOS
HEALTH CARE,EIL
HEALTH CARE,EIRON
HEALTH CARE,EK-SVM
HEALTH CARE,EKA
HEALTH CARE,EKA-GRUPP
HEALTH CARE,EKA-M
HEALTH CARE,EKAM
HEALTH CARE,EKH
HEALTH CARE,EKH-P
HEALTH CARE,EKHLAB
HEALTH CARE,EKHNIKA
HEALTH CARE,EKHNOMED
HEALTH CARE,EKOFARM
HEALTH CARE,EKS
HEALTH CARE,EKSTOR
HEALTH CARE,EKT
HEALTH CARE,EKTR-DV
HEALTH CARE,ELFARM
HEALTH CARE,ELFIYA
HEALTH CARE,ELIGRIN
HEALTH CARE,ELPIK
HEALTH CARE,ELRUS
HEALTH CARE,ELRUSKOM
HEALTH CARE,ELTA
HEALTH CARE,ELTREID
HEALTH CARE,EM-FARM
HEALTH CARE,EMARKO
HEALTH CARE,EMC
HEALTH CARE,EMFARM
HEALTH CARE,EMFARM-S
HEALTH CARE,EMO-FARM
HEALTH CARE,EMPROEKT
HEALTH CARE,EMY
HEALTH CARE,ENA
HEALTH CARE,ENCE
HEALTH CARE,ENDFARM
HEALTH CARE,ENEB
HEALTH CARE,ENEBMED
HEALTH CARE,ENERIUM
HEALTH CARE,ENFARMA
HEALTH CARE,ENS
HEALTH CARE,ENSIM
HEALTH CARE,ENSIV
HEALTH CARE,ENSUM
HEALTH CARE,ENT
HEALTH CARE,ENTA
HEALTH CARE,ENTALITI
HEALTH CARE,ENTAS
HEALTH CARE,ENTER
HEALTH CARE,ENTR
HEALTH CARE,EOST
HEALTH CARE,EPUS
HEALTH CARE,ERA-FARMA
HEALTH CARE,ERBALCARE
HEALTH CARE,ERBENA
HEALTH CARE,ERES
HEALTH CARE,ERFAST
HEALTH CARE,ERGIYA
HEALTH CARE,ERIDIEM
HEALTH CARE,ERIE
HEALTH CARE,ERINSKAYA
HEALTH CARE,ERIUM
HEALTH CARE,ERLEK
HEALTH CARE,ERMES
HEALTH CARE,ERO-ZAPAD
HEALTH CARE,EROKO
HEALTH CARE,EROPHARM
HEALTH CARE,ERPROM
HEALTH CARE,ERRAMED
HEALTH CARE,ERT
HEALTH CARE,ERTEX
HEALTH CARE,ERTOUANA
HEALTH CARE,ERUM
HEALTH CARE,ERVICE
HEALTH CARE,ERVIER
HEALTH CARE,ERVIS
HEALTH CARE,EST
HEALTH CARE,EST-AMUR
HEALTH CARE,ESTEMARKO
HEALTH CARE,ESURSY
HEALTH CARE,ET-K
HEALTH CARE,ET-MED
HEALTH CARE,ETLAIN
HEALTH CARE,ETLAVKA
HEALTH CARE,ETMARKET
HEALTH CARE,ETSNAB
HEALTH CARE,EVA
HEALTH CARE,EVT
HEALTH CARE,EWMEDTECH
HEALTH CARE,EXPHARM
HEALTH CARE,EYIDOS
HEALTH CARE,EYKO
HEALTH CARE,EYKOLAIN
HEALTH CARE,EYKS
HEALTH CARE,EYKSPERT
HEALTH CARE,EYKSPORT
HEALTH CARE,EYLVIM
HEALTH CARE,EYNCH-M
HEALTH CARE,EYPSILON
HEALTH CARE,Eco
HEALTH CARE,Evalar
HEALTH CARE,FA-VOLGA
HEALTH CARE,FAMEDEX
HEALTH CARE,FAN
HEALTH CARE,FARM
HEALTH CARE,FARM-S
HEALTH CARE,FARMA
HEALTH CARE,FARMACEVT
HEALTH CARE,FARMALAIN
HEALTH CARE,FARMAMED
HEALTH CARE,FARMIKO
HEALTH CARE,FARMLAIN
HEALTH CARE,FARMRU
HEALTH CARE,FARMSTOR
HEALTH CARE,FARMTEK
HEALTH CARE,FAST
HEALTH CARE,FAVORITE
HEALTH CARE,FEL
HEALTH CARE,FERUM
HEALTH CARE,FINCO
HEALTH CARE,FITMED
HEALTH CARE,FITOFARM
HEALTH CARE,FIYA
HEALTH CARE,FMC
HEALTH CARE,FORM
HEALTH CARE,FORT
HEALTH CARE,FORVARD
HEALTH CARE,FOTON-M
HEALTH CARE,FREGAT
HEALTH CARE,FRIDMAN
HEALTH CARE,FROFARM
HEALTH CARE,FT-MEDI
HEALTH CARE,Farm
HEALTH CARE,Farmster
HEALTH CARE,Finvest
HEALTH CARE,G-FARM
HEALTH CARE,GADENTA
HEALTH CARE,GAFARM
HEALTH CARE,GALEN
HEALTH CARE,GAM
HEALTH CARE,GANICA
HEALTH CARE,GANIKA
HEALTH CARE,GAT
HEALTH CARE,GDP
HEALTH CARE,GELPIK
HEALTH CARE,GEMO-FARM
HEALTH CARE,GEN
HEALTH CARE,GENCE
HEALTH CARE,GENERIUM
HEALTH CARE,GERMES
HEALTH CARE,GEROPHARM
HEALTH CARE,GHT
HEALTH CARE,GII
HEALTH CARE,GIMEKS
HEALTH CARE,GIMEX
HEALTH CARE,GION
HEALTH CARE,GISTIK
HEALTH CARE,GISTIKA
HEALTH CARE,GIYA
HEALTH CARE,GLA
HEALTH CARE,GLASS
HEALTH CARE,GLOMAKO
HEALTH CARE,GMA
HEALTH CARE,GMARKET
HEALTH CARE,GNOSTICS
HEALTH CARE,GOF
HEALTH CARE,GOR
HEALTH CARE,GRANDIS
HEALTH CARE,GRANDMED
HEALTH CARE,GRANTA
HEALTH CARE,GRIM-M
HEALTH CARE,GRIN
HEALTH CARE,GRO
HEALTH CARE,GROTEX
HEALTH CARE,GROUP
HEALTH CARE,GROUP-MED
HEALTH CARE,GRUP
HEALTH CARE,GRUPP
HEALTH CARE,"GRUPP"""
HEALTH CARE,GTM
HEALTH CARE,GUT
HEALTH CARE,GVITA
HEALTH CARE,Geropharm
HEALTH CARE,Grupp
HEALTH CARE,Guard
HEALTH CARE,H-M
HEALTH CARE,H-P
HEALTH CARE,HABOLOVKA
HEALTH CARE,HAG
HEALTH CARE,HARM
HEALTH CARE,HARMACLUB
HEALTH CARE,HARMECO
HEALTH CARE,HARMIMEX
HEALTH CARE,HARMSTER
HEALTH CARE,HCHI
HEALTH CARE,HELFARM
HEALTH CARE,HFARM
HEALTH CARE,HILIPS
HEALTH CARE,HIM
HEALTH CARE,HIMED
HEALTH CARE,HIMIK
HEALTH CARE,HIN
HEALTH CARE,HKIPER
HEALTH CARE,HLAB
HEALTH CARE,HNIKA
HEALTH CARE,HNOLOGII
HEALTH CARE,HNOMED
HEALTH CARE,HNOPROEKT
HEALTH CARE,HNOTRONIK
HEALTH CARE,HOLDCO
HEALTH CARE,HealthLab
HEALTH CARE,Hendel
HEALTH CARE,Holding
HEALTH CARE,I-UFA
HEALTH CARE,IAL
HEALTH CARE,IAL'GAM
HEALTH CARE,IALAIN
HEALTH CARE,IAMED
HEALTH CARE,IANNA
HEALTH CARE,IB-APN
HEALTH CARE,IBG
HEALTH CARE,IBIRSK
HEALTH CARE,IBMEDINFO
HEALTH CARE,ICA
HEALTH CARE,ICAL
HEALTH CARE,ICE
HEALTH CARE,ICO
HEALTH CARE,ICS
HEALTH CARE,ID-RUS
HEALTH CARE,IDATEL
HEALTH CARE,IDENT
HEALTH CARE,IDIEM
HEALTH CARE,IDINTER
HEALTH CARE,IDMAN
HEALTH CARE,IDON
HEALTH CARE,IDOS
HEALTH CARE,IEM
HEALTH CARE,IER
HEALTH CARE,IERES
HEALTH CARE,IGENCE
HEALTH CARE,IGHT
HEALTH CARE,IGLA
HEALTH CARE,IGMA
HEALTH CARE,IGOR
HEALTH CARE,IGRIM-M
HEALTH CARE,IGRIN
HEALTH CARE,IITFA
HEALTH CARE,IK-VOLGA
HEALTH CARE,IK.RUS
HEALTH CARE,IKA
HEALTH CARE,IKA-YUG
HEALTH CARE,IKA.RU
HEALTH CARE,IKAL
HEALTH CARE,IKALTREID
HEALTH CARE,IKHIN
HEALTH CARE,IKO
HEALTH CARE,IKS
HEALTH CARE,IKSERVIS
HEALTH CARE,ILAB
HEALTH CARE,ILAB-DON
HEALTH CARE,ILAB-URAL
HEALTH CARE,ILEK
HEALTH CARE,ILEKS
HEALTH CARE,ILIGENCE
HEALTH CARE,ILIGRIM-M
HEALTH CARE,ILIPS
HEALTH CARE,ILITA
HEALTH CARE,ILON
HEALTH CARE,IM-M
HEALTH CARE,IMAPHARM
HEALTH CARE,IMATION
HEALTH CARE,IMCOM
HEALTH CARE,IMED
HEALTH CARE,IMEKS
HEALTH CARE,IMERPROM
HEALTH CARE,IMEX
HEALTH CARE,IMIK
HEALTH CARE,IMORE
HEALTH CARE,IMPEKS
HEALTH CARE,IMPEYKS
HEALTH CARE,IMPORT
HEALTH CARE,IMSystems
HEALTH CARE,IMUS
HEALTH CARE,IMVOLMED
HEALTH CARE,INA
HEALTH CARE,INC
HEALTH CARE,INCO
HEALTH CARE,INE
HEALTH CARE,INERGIYA
HEALTH CARE,INFERUM
HEALTH CARE,INFO
HEALTH CARE,INFORM
HEALTH CARE,INGH
HEALTH CARE,INGOF
HEALTH CARE,INICA
HEALTH CARE,INIK
HEALTH CARE,INIKA.RU
HEALTH CARE,ININSKAYA
HEALTH CARE,INNER
HEALTH CARE,INNOPHARM
HEALTH CARE,INOFF
HEALTH CARE,INPHARM
HEALTH CARE,INSIGHT
HEALTH CARE,INSKAYA
HEALTH CARE,INTAIM
HEALTH CARE,INTENSIV
HEALTH CARE,INTER
HEALTH CARE,INTERLEK
HEALTH CARE,INTEROKO
HEALTH CARE,INTEZ
HEALTH CARE,INVAR
HEALTH CARE,INVITRO
HEALTH CARE,IO-VOLGA
HEALTH CARE,IOCAD
HEALTH CARE,IOFARMA
HEALTH CARE,IOGEN
HEALTH CARE,IOKHIMIK
HEALTH CARE,IOL
HEALTH CARE,IOLIKA
HEALTH CARE,IOLINE
HEALTH CARE,IOMARKET
HEALTH CARE,IOMEBEL
HEALTH CARE,IOMED
HEALTH CARE,IOMEDICA
HEALTH CARE,IOMIR
HEALTH CARE,ION
HEALTH CARE,IONAFARM
HEALTH CARE,IONMED
HEALTH CARE,IOOSAB
HEALTH CARE,IOPHARM
HEALTH CARE,IOSISTEMY
HEALTH CARE,IOVET-K
HEALTH CARE,IPAL
HEALTH CARE,IPAL-ONCO
HEALTH CARE,IPER
HEALTH CARE,IPHARM
HEALTH CARE,IPS
HEALTH CARE,IPSEN
HEALTH CARE,IR-PHARM
HEALTH CARE,IR-TSENTR
HEALTH CARE,IRA
HEALTH CARE,IRISOFT
HEALTH CARE,IRIUS
HEALTH CARE,IRON
HEALTH CARE,IRSK
HEALTH CARE,IRUS
HEALTH CARE,IRWIN
HEALTH CARE,IS-GRUPP
HEALTH CARE,IS-PLYUS
HEALTH CARE,IS-REGION
HEALTH CARE,ISHCHI
HEALTH CARE,ISKRA-MED
HEALTH CARE,ISOFT
HEALTH CARE,ISORB
HEALTH CARE,IST
HEALTH CARE,IST-K
HEALTH CARE,ISTA
HEALTH CARE,ISTANCE
HEALTH CARE,ISTEMY
HEALTH CARE,ISTIK
HEALTH CARE,ISTIKA
HEALTH CARE,IT-2000
HEALTH CARE,IT-SERVIS
HEALTH CARE,ITA
HEALTH CARE,ITAMAX
HEALTH CARE,ITCO
HEALTH CARE,ITE
HEALTH CARE,ITEK
HEALTH CARE,ITET-K
HEALTH CARE,ITFA
HEALTH CARE,ITI
HEALTH CARE,ITILAB
HEALTH CARE,ITMED
HEALTH CARE,ITMOMED
HEALTH CARE,ITOFARM
HEALTH CARE,ITRO
HEALTH CARE,ITSA
HEALTH CARE,ITSEY
HEALTH CARE,ITSINA
HEALTH CARE,ITSINOFF
HEALTH CARE,IUM
HEALTH CARE,IUS
HEALTH CARE,IVAC
HEALTH CARE,IVIR
HEALTH CARE,IXGROUP
HEALTH CARE,IYA
HEALTH CARE,IYA-EK
HEALTH CARE,IYA.RU
HEALTH CARE,ImEx
HEALTH CARE,Invest
HEALTH CARE,JECT
HEALTH CARE,K-137
HEALTH CARE,K-SVM
HEALTH CARE,K-VOLGA
HEALTH CARE,K.RUS
HEALTH CARE,KA-GRUPP
HEALTH CARE,"KA-GRUPP"""
HEALTH CARE,KA-M
HEALTH CARE,KA-YUG
HEALTH CARE,KA.RU
HEALTH CARE,KADA-DENT
HEALTH CARE,KAL
HEALTH CARE,KALTREID
HEALTH CARE,KAM
HEALTH CARE,KARDIOMED
HEALTH CARE,KASTOMS
HEALTH CARE,KATREN
HEALTH CARE,KAYA
HEALTH CARE,KDL
HEALTH CARE,KEIL
HEALTH CARE,KET
HEALTH CARE,KFARMA
HEALTH CARE,KH-P
HEALTH CARE,KHIM
HEALTH CARE,KHIMED
HEALTH CARE,KHIMIK
HEALTH CARE,KHIN
HEALTH CARE,KHLAB
HEALTH CARE,KHNIKA
HEALTH CARE,KHNOLOGII
HEALTH CARE,KHNOMED
HEALTH CARE,KIPER
HEALTH CARE,KLAD
HEALTH CARE,KLER
HEALTH CARE,KLINIK
HEALTH CARE,KOFARM
HEALTH CARE,KOLAB
HEALTH CARE,KOLAIN
HEALTH CARE,KOM
HEALTH CARE,KOMEDIKA
HEALTH CARE,KOMPANIYA
HEALTH CARE,KOMPLEKS
HEALTH CARE,KONA-M
HEALTH CARE,KOR
HEALTH CARE,KORALL-M
HEALTH CARE,KORDIM
HEALTH CARE,KORS
HEALTH CARE,KOSERVIS
HEALTH CARE,KOV
HEALTH CARE,KOVSKAYA
HEALTH CARE,KRA-MED
HEALTH CARE,KRIKHIN
HEALTH CARE,KSERVIS
HEALTH CARE,KSFARM
HEALTH CARE,KSPERT
HEALTH CARE,KSPORT
HEALTH CARE,KSTOR
HEALTH CARE,KTR-DV
HEALTH CARE,KTSIYA
HEALTH CARE,KTSSR
HEALTH CARE,KVADRAT-S
HEALTH CARE,KVION
HEALTH CARE,KYGEN
HEALTH CARE,Katren
HEALTH CARE,L'BA
HEALTH CARE,L'E
HEALTH CARE,L'GAM
HEALTH CARE,L'MA
HEALTH CARE,L-M
HEALTH CARE,L-ONCO
HEALTH CARE,L-VET
HEALTH CARE,LAB
HEALTH CARE,LAB-DON
HEALTH CARE,LAB-URAL
HEALTH CARE,LABINCO
HEALTH CARE,LABQUEST
HEALTH CARE,LAD
HEALTH CARE,LAIN
HEALTH CARE,LAMED
HEALTH CARE,LASS
HEALTH CARE,LASTIKA
HEALTH CARE,LATEKS
HEALTH CARE,LAVENA
HEALTH CARE,LAVKA
HEALTH CARE,LBATROS
HEALTH CARE,LBIOGEN
HEALTH CARE,LC-SOUTH
HEALTH CARE,LCARE
HEALTH CARE,LCEA
HEALTH CARE,LDCO
HEALTH CARE,LDD
HEALTH CARE,LEADCORE
HEALTH CARE,LEK
HEALTH CARE,LEKS
HEALTH CARE,LEKSTOR
HEALTH CARE,LEN
HEALTH CARE,LENFARMA
HEALTH CARE,LEPUS
HEALTH CARE,LER
HEALTH CARE,LEV
HEALTH CARE,LEXPHARM
HEALTH CARE,LFAMEDEX
HEALTH CARE,LFARM
HEALTH CARE,LFIYA
HEALTH CARE,LFR
HEALTH CARE,LGA
HEALTH CARE,LGAFARM
HEALTH CARE,LIANNA
HEALTH CARE,LIGENCE
HEALTH CARE,LIGRIM-M
HEALTH CARE,LIGRIN
HEALTH CARE,LIKA
HEALTH CARE,LIMERPROM
HEALTH CARE,LIN
HEALTH CARE,LINE
HEALTH CARE,LINICA
HEALTH CARE,LINIK
HEALTH CARE,LINIKA.RU
HEALTH CARE,LIONMED
HEALTH CARE,LIPS
HEALTH CARE,LIRUS
HEALTH CARE,LIS-GRUPP
HEALTH CARE,LIT-2000
HEALTH CARE,LITA
HEALTH CARE,LITI
HEALTH CARE,LIUM
HEALTH CARE,LKOR
HEALTH CARE,LL-M
HEALTH CARE,LLC
HEALTH CARE,LLURANS
HEALTH CARE,LMED
HEALTH CARE,LMEDSNAB
HEALTH CARE,LMIRA
HEALTH CARE,LMIXGROUP
HEALTH CARE,LOBAL-VET
HEALTH CARE,LOGII
HEALTH CARE,LOGISTIK
HEALTH CARE,LOGISTIKA
HEALTH CARE,LOID-RUS
HEALTH CARE,LOMAKO
HEALTH CARE,LON
HEALTH CARE,LOVKA
HEALTH CARE,LPEN
HEALTH CARE,LPIK
HEALTH CARE,LRUS
HEALTH CARE,LRUSKOM
HEALTH CARE,LTA
HEALTH CARE,LTAIR
HEALTH CARE,LTARS
HEALTH CARE,LTD
HEALTH CARE,LTO
HEALTH CARE,LTREID
HEALTH CARE,LTRY
HEALTH CARE,LUB
HEALTH CARE,LURANS
HEALTH CARE,LVIM
HEALTH CARE,LYANOVKS
HEALTH CARE,LYUKLER
HEALTH CARE,LYUKSFARM
HEALTH CARE,LYUS
HEALTH CARE,Lab
HEALTH CARE,Labora
HEALTH CARE,Labvision
HEALTH CARE,Lancet
HEALTH CARE,Ltd.
HEALTH CARE,M-FARM
HEALTH CARE,M-M
HEALTH CARE,M-PROJECT
HEALTH CARE,M-S
HEALTH CARE,M-SINTEZ
HEALTH CARE,M-SKLAD
HEALTH CARE,MABSKEIL
HEALTH CARE,MACEVT
HEALTH CARE,MACLUB
HEALTH CARE,MAGLASS
HEALTH CARE,MAKFARMA
HEALTH CARE,MAKO
HEALTH CARE,MALAIN
HEALTH CARE,MAMED
HEALTH CARE,MAN
HEALTH CARE,MANOV
HEALTH CARE,MANSK
HEALTH CARE,MAPHARM
HEALTH CARE,MARKET
HEALTH CARE,MARKO
HEALTH CARE,MARTEN
HEALTH CARE,MASYNTEZ
HEALTH CARE,MATION
HEALTH CARE,MATSIYA
HEALTH CARE,MAX
HEALTH CARE,MAXIMUS
HEALTH CARE,MB-GRUP
HEALTH CARE,MBIT
HEALTH CARE,MC-HOLDCO
HEALTH CARE,MCOM
HEALTH CARE,MEBEL
HEALTH CARE,MECO
HEALTH CARE,MED
HEALTH CARE,MED-FARMA
HEALTH CARE,MED-IST
HEALTH CARE,MED-RUS
HEALTH CARE,MED-SOFT
HEALTH CARE,MED.CS
HEALTH CARE,MEDASSIST
HEALTH CARE,MEDCENTER
HEALTH CARE,MEDCOM
HEALTH CARE,MEDEKA
HEALTH CARE,MEDEKA-M
HEALTH CARE,MEDEX
HEALTH CARE,MEDI
HEALTH CARE,MEDIC
HEALTH CARE,MEDICA
HEALTH CARE,MEDICAL
HEALTH CARE,MEDIK.RUS
HEALTH CARE,MEDIKA
HEALTH CARE,MEDIKAL
HEALTH CARE,MEDILEKS
HEALTH CARE,MEDIMCOM
HEALTH CARE,MEDIMPORT
HEALTH CARE,MEDINFO
HEALTH CARE,MEDINGOF
HEALTH CARE,MEDIPAL
HEALTH CARE,MEDISORB
HEALTH CARE,MEDISTA
HEALTH CARE,MEDITSINA
HEALTH CARE,MEDIUM
HEALTH CARE,MEDKHIM
HEALTH CARE,MEDLAIN
HEALTH CARE,MEDPROM
HEALTH CARE,MEDSERVIS
HEALTH CARE,MEDSI
HEALTH CARE,MEDSI-UFA
HEALTH CARE,MEDSNAB
HEALTH CARE,MEDSTALIN
HEALTH CARE,MEDTECH
HEALTH CARE,MEDTEKH-P
HEALTH CARE,MEGADENTA
HEALTH CARE,MEKS
HEALTH CARE,MERIDIEM
HEALTH CARE,MERPROM
HEALTH CARE,MES
HEALTH CARE,MEX
HEALTH CARE,MEYNCH-M
HEALTH CARE,MFARM
HEALTH CARE,MFARM-S
HEALTH CARE,MFORVARD
HEALTH CARE,MGRANTA
HEALTH CARE,MIK
HEALTH CARE,MIKA
HEALTH CARE,MIKO
HEALTH CARE,MIMEX
HEALTH CARE,MIR
HEALTH CARE,MIR-PHARM
HEALTH CARE,MIRA
HEALTH CARE,MIXGROUP
HEALTH CARE,MKOMPLEKS
HEALTH CARE,MKOSERVIS
HEALTH CARE,MLAIN
HEALTH CARE,MLC-SOUTH
HEALTH CARE,MLK
HEALTH CARE,MLOGISTIK
HEALTH CARE,MMEDPROM
HEALTH CARE,MMK
HEALTH CARE,MO-FARM
HEALTH CARE,MOIP
HEALTH CARE,MOMED
HEALTH CARE,MOPHARM
HEALTH CARE,MORE
HEALTH CARE,MPANIYA
HEALTH CARE,MPANY
HEALTH CARE,MPEKS
HEALTH CARE,MPEYKS
HEALTH CARE,MPLEKS
HEALTH CARE,MPORT
HEALTH CARE,MPROEKT
HEALTH CARE,MRU
HEALTH CARE,MSERVIS
HEALTH CARE,MSK
HEALTH CARE,MSMO
HEALTH CARE,MSON-MED
HEALTH CARE,MSRT
HEALTH CARE,MST
HEALTH CARE,MSTANDARD
HEALTH CARE,MSTER
HEALTH CARE,MSTOR
HEALTH CARE,MSystems
HEALTH CARE,MTEK
HEALTH CARE,MTEKH
HEALTH CARE,MTL
HEALTH CARE,MUR
HEALTH CARE,MURMANSK
HEALTH CARE,MUS
HEALTH CARE,MVOLMED
HEALTH CARE,MVS
HEALTH CARE,MYTISHCHI
HEALTH CARE,MZMO
HEALTH CARE,Marathon
HEALTH CARE,Med
HEALTH CARE,MedCom
HEALTH CARE,MedGrupp
HEALTH CARE,MedGuard
HEALTH CARE,MedInvest
HEALTH CARE,MedWell
HEALTH CARE,Medical
HEALTH CARE,Mediciana
HEALTH CARE,Medservis
HEALTH CARE,Merz
HEALTH CARE,MildMed
HEALTH CARE,Mirecon
HEALTH CARE,Mobimed
HEALTH CARE,N-M
HEALTH CARE,N-MED
HEALTH CARE,N-MEDICAL
HEALTH CARE,NA-M
HEALTH CARE,NAB
HEALTH CARE,NAFARM
HEALTH CARE,NAIS
HEALTH CARE,NAO
HEALTH CARE,NAVITEK
HEALTH CARE,NCE
HEALTH CARE,NCH-M
HEALTH CARE,NCO
HEALTH CARE,NDARD
HEALTH CARE,NDART
HEALTH CARE,NDFARM
HEALTH CARE,NDIS
HEALTH CARE,NDMED
HEALTH CARE,NEARMEDIC
HEALTH CARE,NEB
HEALTH CARE,NEBMED
HEALTH CARE,NEFROFARM
HEALTH CARE,NEIRON
HEALTH CARE,NER
HEALTH CARE,NERGIYA
HEALTH CARE,NERIUM
HEALTH CARE,NFARMA
HEALTH CARE,NFERUM
HEALTH CARE,NFO
HEALTH CARE,NFORM
HEALTH CARE,NGH
HEALTH CARE,NGOF
HEALTH CARE,NICA
HEALTH CARE,NIDENT
HEALTH CARE,NIITFA
HEALTH CARE,NIK
HEALTH CARE,NIK-VOLGA
HEALTH CARE,NIKA
HEALTH CARE,NIKA-YUG
HEALTH CARE,NIKA.RU
HEALTH CARE,NIKS
HEALTH CARE,NILEK
HEALTH CARE,NIMATION
HEALTH CARE,NIMED
HEALTH CARE,NINSKAYA
HEALTH CARE,NIPHARM
HEALTH CARE,NIYA
HEALTH CARE,NKOLAB
HEALTH CARE,NMED
HEALTH CARE,NMS
HEALTH CARE,NNA
HEALTH CARE,NNER
HEALTH CARE,NNOPHARM
HEALTH CARE,NOFF
HEALTH CARE,NOLOGII
HEALTH CARE,NOMED
HEALTH CARE,NONA
HEALTH CARE,NOPHARM
HEALTH CARE,NOPROEKT
HEALTH CARE,NORMAN
HEALTH CARE,NORVIYA
HEALTH CARE,NOSTICS
HEALTH CARE,NOTRONIK
HEALTH CARE,NOV
HEALTH CARE,NOVKS
HEALTH CARE,NOYARSK
HEALTH CARE,NPHARM
HEALTH CARE,NSIGHT
HEALTH CARE,NSIM
HEALTH CARE,NSIV
HEALTH CARE,NSK
HEALTH CARE,NSKAYA
HEALTH CARE,NSMED
HEALTH CARE,NSUM
HEALTH CARE,NTA
HEALTH CARE,NTA-PHARM
HEALTH CARE,NTACT
HEALTH CARE,NTAIM
HEALTH CARE,NTALITI
HEALTH CARE,NTAS
HEALTH CARE,NTAZH
HEALTH CARE,NTEDOM
HEALTH CARE,NTELTREID
HEALTH CARE,NTENS
HEALTH CARE,NTENSIV
HEALTH CARE,NTER
HEALTH CARE,NTERLEK
HEALTH CARE,NTEROKO
HEALTH CARE,NTEZ
HEALTH CARE,NTIERES
HEALTH CARE,NTIYA-EK
HEALTH CARE,NTOL
HEALTH CARE,NTR
HEALTH CARE,NTROFARMA
HEALTH CARE,NVAR
HEALTH CARE,NVF
HEALTH CARE,NVITRO
HEALTH CARE,NXT
HEALTH CARE,NYUANS
HEALTH CARE,Nanolek
HEALTH CARE,Next
HEALTH CARE,Nita-Farm
HEALTH CARE,Nizhpharm
HEALTH CARE,Nord
HEALTH CARE,Norston
HEALTH CARE,Novoselki
HEALTH CARE,O-FARM
HEALTH CARE,O-MARKET
HEALTH CARE,O-VOLGA
HEALTH CARE,O-ZAPAD
HEALTH CARE,O.MED.CS
HEALTH CARE,OAS
HEALTH CARE,OBAL-VET
HEALTH CARE,OBLFARM
HEALTH CARE,OCAD
HEALTH CARE,OCADAMED
HEALTH CARE,OCPC
HEALTH CARE,ODUCTION
HEALTH CARE,OEKT
HEALTH CARE,OFARM
HEALTH CARE,OFARMA
HEALTH CARE,OFF
HEALTH CARE,OFITMED
HEALTH CARE,OFT
HEALTH CARE,OFT-MEDI
HEALTH CARE,OGEN
HEALTH CARE,OGII
HEALTH CARE,OGISTIK
HEALTH CARE,OGISTIKA
HEALTH CARE,OGRANDIS
HEALTH CARE,OID-RUS
HEALTH CARE,OIP
HEALTH CARE,OIRON
HEALTH CARE,OJECT
HEALTH CARE,OKHIMIK
HEALTH CARE,OKO
HEALTH CARE,OLAB
HEALTH CARE,OLAIN
HEALTH CARE,OLDCO
HEALTH CARE,OLGA
HEALTH CARE,OLIKA
HEALTH CARE,OLINE
HEALTH CARE,OLIT-2000
HEALTH CARE,OLMED
HEALTH CARE,OLOGII
HEALTH CARE,OLOVKA
HEALTH CARE,OLT
HEALTH CARE,OLTARS
HEALTH CARE,OLTRY
HEALTH CARE,OMAKO
HEALTH CARE,OMANOV
HEALTH CARE,OMARKET
HEALTH CARE,OMEBEL
HEALTH CARE,OMED
HEALTH CARE,OMEDICA
HEALTH CARE,OMEDIKA
HEALTH CARE,OMIR
HEALTH CARE,OMPANIYA
HEALTH CARE,OMPANY
HEALTH CARE,OMPLEKS
HEALTH CARE,OMS
HEALTH CARE,OMTEKH
HEALTH CARE,ON-M
HEALTH CARE,ON-MED
HEALTH CARE,ONA
HEALTH CARE,ONA-M
HEALTH CARE,ONAFARM
HEALTH CARE,ONCO
HEALTH CARE,ONICA
HEALTH CARE,ONIK
HEALTH CARE,ONKOLAB
HEALTH CARE,ONMED
HEALTH CARE,ONTACT
HEALTH CARE,ONTIERES
HEALTH CARE,OOO
HEALTH CARE,OOSAB
HEALTH CARE,OOVETSNAB
HEALTH CARE,OPEDIYA
HEALTH CARE,OPEKA
HEALTH CARE,OPHARM
HEALTH CARE,OPINPHARM
HEALTH CARE,OPLASTIKA
HEALTH CARE,OPORA-YUG
HEALTH CARE,OPROEKT
HEALTH CARE,OPT
HEALTH CARE,OPTILAB
HEALTH CARE,ORA-YUG
HEALTH CARE,ORALL-M
HEALTH CARE,ORB
HEALTH CARE,ORDIM
HEALTH CARE,ORE
HEALTH CARE,OREL
HEALTH CARE,ORESURSY
HEALTH CARE,ORFE
HEALTH CARE,ORGANICA
HEALTH CARE,ORGANIKA
HEALTH CARE,ORGMARKET
HEALTH CARE,ORGVITA
HEALTH CARE,ORITE
HEALTH CARE,ORIYA.RU
HEALTH CARE,ORM
HEALTH CARE,ORMAN
HEALTH CARE,OROS21.RU
HEALTH CARE,ORS
HEALTH CARE,ORT
HEALTH CARE,ORTAT
HEALTH CARE,ORTIKS
HEALTH CARE,ORTUS-MS
HEALTH CARE,ORVARD
HEALTH CARE,ORVIYA
HEALTH CARE,OS21.RU
HEALTH CARE,OSAB
HEALTH CARE,OSEIDON
HEALTH CARE,OSERVIS
HEALTH CARE,OSIBIRSK
HEALTH CARE,OSISTEMY
HEALTH CARE,OSMOPHARM
HEALTH CARE,OSOBLFARM
HEALTH CARE,OST
HEALTH CARE,OSTA
HEALTH CARE,OSTICS
HEALTH CARE,OSTOK
HEALTH CARE,OTEK
HEALTH CARE,OTEK-SVM
HEALTH CARE,OTEX
HEALTH CARE,OTON-M
HEALTH CARE,OTRONIK
HEALTH CARE,OUANA
HEALTH CARE,OUP
HEALTH CARE,OUP-MED
HEALTH CARE,OUTH
HEALTH CARE,OVA
HEALTH CARE,OVAROPT
HEALTH CARE,OVERIE
HEALTH CARE,OVET-K
HEALTH CARE,OVETSNAB
HEALTH CARE,OVKA
HEALTH CARE,OVKS
HEALTH CARE,OVSKAYA
HEALTH CARE,OYARSK
HEALTH CARE,OZIDATEL
HEALTH CARE,Opra
HEALTH CARE,Optics
HEALTH CARE,Orenburg
HEALTH CARE,Organon
HEALTH CARE,Ortus
HEALTH CARE,P-MED
HEALTH CARE,P-Medical
HEALTH CARE,P.GELPIK
HEALTH CARE,PAD
HEALTH CARE,PAL
HEALTH CARE,PAL-ONCO
HEALTH CARE,PALMIRA
HEALTH CARE,PANIYA
HEALTH CARE,PANY
HEALTH CARE,PARADIGMA
HEALTH CARE,PARIAL
HEALTH CARE,PARITET-K
HEALTH CARE,PARTA
HEALTH CARE,PECTUS
HEALTH CARE,PEDIYA
HEALTH CARE,PEKA
HEALTH CARE,PEKS
HEALTH CARE,PEKTR-DV
HEALTH CARE,PELIGRIN
HEALTH CARE,PEN
HEALTH CARE,PER
HEALTH CARE,PERT
HEALTH CARE,PEYKS
HEALTH CARE,PHARM
HEALTH CARE,PHARMECO
HEALTH CARE,PHARMIMEX
HEALTH CARE,PHARMSTER
HEALTH CARE,PHILIPS
HEALTH CARE,PIK
HEALTH CARE,PIKS
HEALTH CARE,PINPHARM
HEALTH CARE,PK-137
HEALTH CARE,PLASTIKA
HEALTH CARE,PLEKS
HEALTH CARE,PLEXPHARM
HEALTH CARE,PLYUS
HEALTH CARE,PORA-YUG
HEALTH CARE,PORT
HEALTH CARE,POSEIDON
HEALTH CARE,"PP"""
HEALTH CARE,PREL
HEALTH CARE,PRIMORE
HEALTH CARE,PROEKT
HEALTH CARE,PROFITMED
HEALTH CARE,PROJECT
HEALTH CARE,PROM
HEALTH CARE,PROMED
HEALTH CARE,PROMTEKH
HEALTH CARE,PROPHARM
HEALTH CARE,PROTEK
HEALTH CARE,PSEN
HEALTH CARE,PSILON
HEALTH CARE,PSKOV
HEALTH CARE,PTEKA
HEALTH CARE,PTILAB
HEALTH CARE,PULS
HEALTH CARE,PUS
HEALTH CARE,Petrovax
HEALTH CARE,PhS
HEALTH CARE,Pharm
HEALTH CARE,PharmEco
HEALTH CARE,PharmImEx
HEALTH CARE,PharmaMed
HEALTH CARE,Pharmimex
HEALTH CARE,Pharmster
HEALTH CARE,Polaris
HEALTH CARE,Polisorb
HEALTH CARE,Prometey
HEALTH CARE,Puls
HEALTH CARE,QUEST
HEALTH CARE,R-DV
HEALTH CARE,R-Opra
HEALTH CARE,R-PHARM
HEALTH CARE,R-Pharm
HEALTH CARE,R-TSENTR
HEALTH CARE,RA-77
HEALTH CARE,RA-FARMA
HEALTH CARE,RA-MED
HEALTH CARE,RA-YUG
HEALTH CARE,RADIGMA
HEALTH CARE,RADUGA
HEALTH CARE,RAFEL
HEALTH CARE,RAL
HEALTH CARE,RAL'E
HEALTH CARE,RALL-M
HEALTH CARE,RAMED
HEALTH CARE,RAMEDPROM
HEALTH CARE,RANDIS
HEALTH CARE,RANDMED
HEALTH CARE,RANS
HEALTH CARE,RANSMED
HEALTH CARE,RANTA
HEALTH CARE,RAT-S
HEALTH CARE,RAVITSA
HEALTH CARE,RAVSERVIS
HEALTH CARE,RBALCARE
HEALTH CARE,RBENA
HEALTH CARE,RDIM
HEALTH CARE,RDIOMED
HEALTH CARE,REAFAN
HEALTH CARE,REAMED
HEALTH CARE,REDIS
HEALTH CARE,REDYFARM
HEALTH CARE,REFARMA
HEALTH CARE,REGAT
HEALTH CARE,REGION
HEALTH CARE,REID
HEALTH CARE,REIDINTER
HEALTH CARE,REL
HEALTH CARE,REM-FARM
HEALTH CARE,REMFARM
HEALTH CARE,REMFARM-S
HEALTH CARE,REN
HEALTH CARE,RENDFARM
HEALTH CARE,RENTALITI
HEALTH CARE,RES
HEALTH CARE,RESURSY
HEALTH CARE,RFARMA
HEALTH CARE,RFAST
HEALTH CARE,RFE
HEALTH CARE,RGANICA
HEALTH CARE,RGANIKA
HEALTH CARE,RGIYA
HEALTH CARE,RGMARKET
HEALTH CARE,RGUT
HEALTH CARE,RGVITA
HEALTH CARE,RIAL
HEALTH CARE,RIDIEM
HEALTH CARE,RIDMAN
HEALTH CARE,RIE
HEALTH CARE,RIGLA
HEALTH CARE,RIKHIN
HEALTH CARE,RIM-M
HEALTH CARE,RIMAPHARM
HEALTH CARE,RIMORE
HEALTH CARE,RIN
HEALTH CARE,RINSKAYA
HEALTH CARE,RIOL
HEALTH CARE,RION
HEALTH CARE,RISOFT
HEALTH CARE,RITE
HEALTH CARE,RITET-K
HEALTH CARE,RITMOMED
HEALTH CARE,RIUM
HEALTH CARE,RIUS
HEALTH CARE,RIYA.RU
HEALTH CARE,RKET
HEALTH CARE,RKHIMED
HEALTH CARE,RKO
HEALTH CARE,RLEK
HEALTH CARE,RM-S
HEALTH CARE,RM-SINTEZ
HEALTH CARE,RM-SKLAD
HEALTH CARE,RMA
HEALTH CARE,RMACEVT
HEALTH CARE,RMACLUB
HEALTH CARE,RMAGLASS
HEALTH CARE,RMALAIN
HEALTH CARE,RMAMED
HEALTH CARE,RMAN
HEALTH CARE,RMANSK
HEALTH CARE,RMASYNTEZ
HEALTH CARE,RMATSIYA
HEALTH CARE,RMBIT
HEALTH CARE,RMECO
HEALTH CARE,RMED
HEALTH CARE,RMEDIC
HEALTH CARE,RMES
HEALTH CARE,RMFORVARD
HEALTH CARE,RMGRANTA
HEALTH CARE,RMIKO
HEALTH CARE,RMIMEX
HEALTH CARE,RMLAIN
HEALTH CARE,RMMEDPROM
HEALTH CARE,RMPROEKT
HEALTH CARE,RMRU
HEALTH CARE,RMS
HEALTH CARE,RMSERVIS
HEALTH CARE,RMSTER
HEALTH CARE,RMSTOR
HEALTH CARE,RMTEK
HEALTH CARE,RO-ZAPAD
HEALTH CARE,RO.MED.CS
HEALTH CARE,ROCADAMED
HEALTH CARE,RODUCTION
HEALTH CARE,ROEKT
HEALTH CARE,ROFARM
HEALTH CARE,ROFARMA
HEALTH CARE,ROFITMED
HEALTH CARE,ROJECT
HEALTH CARE,ROKO
HEALTH CARE,ROM
HEALTH CARE,ROMANOV
HEALTH CARE,ROMED
HEALTH CARE,ROMTEKH
HEALTH CARE,RON
HEALTH CARE,RONICA
HEALTH CARE,RONIK
HEALTH CARE,RONTIERES
HEALTH CARE,ROPHARM
HEALTH CARE,ROPT
HEALTH CARE,RORESURSY
HEALTH CARE,ROS
HEALTH CARE,ROS21.RU
HEALTH CARE,ROSERVIS
HEALTH CARE,ROSTA
HEALTH CARE,ROTEK
HEALTH CARE,ROTEK-SVM
HEALTH CARE,ROTEX
HEALTH CARE,ROUP
HEALTH CARE,ROUP-MED
HEALTH CARE,RPIKS
HEALTH CARE,RPROM
HEALTH CARE,RRAMED
HEALTH CARE,RSK
HEALTH CARE,RSY
HEALTH CARE,RT-EYKO
HEALTH CARE,RT-MEDIUM
HEALTH CARE,RTA
HEALTH CARE,RTAT
HEALTH CARE,RTEN
HEALTH CARE,RTEX
HEALTH CARE,RTIKS
HEALTH CARE,RTOPEDIYA
HEALTH CARE,RTOUANA
HEALTH CARE,RTSPO
HEALTH CARE,RTUS-MS
HEALTH CARE,RUKTSIYA
HEALTH CARE,RUM
HEALTH CARE,RUP
HEALTH CARE,RUPP
HEALTH CARE,"RUPP"""
HEALTH CARE,RUS
HEALTH CARE,RUS-PSKOV
HEALTH CARE,RUSINFORM
HEALTH CARE,RUSKO
HEALTH CARE,RUSKOM
HEALTH CARE,RUSMEDCOM
HEALTH CARE,RUSOPHARM
HEALTH CARE,RVARD
HEALTH CARE,RVET
HEALTH CARE,RVICE
HEALTH CARE,RVIER
HEALTH CARE,RVIS
HEALTH CARE,RVIYA
HEALTH CARE,RWIN
HEALTH CARE,RYATICO
HEALTH CARE,Rigla-MO
HEALTH CARE,Robotics
HEALTH CARE,Rumex
HEALTH CARE,S-GRUPP
HEALTH CARE,S-MS
HEALTH CARE,S-N
HEALTH CARE,S-PLYUS
HEALTH CARE,S-PSKOV
HEALTH CARE,S-REGION
HEALTH CARE,S21.RU
HEALTH CARE,SAB
HEALTH CARE,SADKO
HEALTH CARE,SAGE
HEALTH CARE,SANTEDOM
HEALTH CARE,SANTENS
HEALTH CARE,SBIOPHARM
HEALTH CARE,SCONA
HEALTH CARE,SEIDON
HEALTH CARE,SEN
HEALTH CARE,SENTR
HEALTH CARE,SERVICE
HEALTH CARE,SERVIER
HEALTH CARE,SERVIS
HEALTH CARE,SEY
HEALTH CARE,SEYLVIM
HEALTH CARE,SFARM
HEALTH CARE,SFARMA
HEALTH CARE,SHAG
HEALTH CARE,SHCHI
HEALTH CARE,SHKIPER
HEALTH CARE,SI-UFA
HEALTH CARE,SIB
HEALTH CARE,SIB-APN
HEALTH CARE,SIBIRSK
HEALTH CARE,SIGHT
HEALTH CARE,SIGOR
HEALTH CARE,SILON
HEALTH CARE,SIM
HEALTH CARE,SIMVOLMED
HEALTH CARE,SINA
HEALTH CARE,SINERGIYA
HEALTH CARE,SINFORM
HEALTH CARE,SINGH
HEALTH CARE,SINOFF
HEALTH CARE,SINTEZ
HEALTH CARE,SIRIUS
HEALTH CARE,SIST
HEALTH CARE,SIST-K
HEALTH CARE,SISTANCE
HEALTH CARE,SISTEMY
HEALTH CARE,SIV
HEALTH CARE,SIYA
HEALTH CARE,SKAYA
HEALTH CARE,SKEIL
HEALTH CARE,SKLAD
HEALTH CARE,SKO
HEALTH CARE,SKOM
HEALTH CARE,SKONA-M
HEALTH CARE,SKOV
HEALTH CARE,SKRA-MED
HEALTH CARE,SKYGEN
HEALTH CARE,SLAVENA
HEALTH CARE,SMED
HEALTH CARE,SMEDCOM
HEALTH CARE,SMO
HEALTH CARE,SMOIP
HEALTH CARE,SMOPHARM
HEALTH CARE,SMT
HEALTH CARE,SNA
HEALTH CARE,SNAB
HEALTH CARE,SNOYARSK
HEALTH CARE,SOBLFARM
HEALTH CARE,SOFT
HEALTH CARE,SOFT-MEDI
HEALTH CARE,SOGRANDIS
HEALTH CARE,SOLT
HEALTH CARE,SON-MED
HEALTH CARE,SOPHARM
HEALTH CARE,SORB
HEALTH CARE,SOUTH
HEALTH CARE,SOVA
HEALTH CARE,SOZIDATEL
HEALTH CARE,SPARTA
HEALTH CARE,SPB
HEALTH CARE,SPC
HEALTH CARE,SPECTUS
HEALTH CARE,SPEKTR-DV
HEALTH CARE,SPERT
HEALTH CARE,SPO
HEALTH CARE,SPORT
HEALTH CARE,SRT
HEALTH CARE,SSFARMA
HEALTH CARE,SSIST
HEALTH CARE,SSIST-K
HEALTH CARE,SSISTANCE
HEALTH CARE,SSR
HEALTH CARE,ST-AMUR
HEALTH CARE,ST-K
HEALTH CARE,STA
HEALTH CARE,STALIN
HEALTH CARE,STANCE
HEALTH CARE,STANDARD
HEALTH CARE,STANDART
HEALTH CARE,STEMARKO
HEALTH CARE,STEMY
HEALTH CARE,STENTAS
HEALTH CARE,STER
HEALTH CARE,STERFAST
HEALTH CARE,STI
HEALTH CARE,STICS
HEALTH CARE,STIK
HEALTH CARE,STIKA
HEALTH CARE,STO
HEALTH CARE,STOK
HEALTH CARE,STOMS
HEALTH CARE,STOR
HEALTH CARE,STRA-77
HEALTH CARE,STREMFARM
HEALTH CARE,STS
HEALTH CARE,SUM
HEALTH CARE,SURGUT
HEALTH CARE,SURSY
HEALTH CARE,SVM
HEALTH CARE,SVS-N
HEALTH CARE,SYNTEZ
HEALTH CARE,SYNTOL
HEALTH CARE,Sandoz
HEALTH CARE,Sante
HEALTH CARE,Saratov
HEALTH CARE,Siberia
HEALTH CARE,Sibir
HEALTH CARE,Sintez
HEALTH CARE,Sonotrans
HEALTH CARE,Spectrum
HEALTH CARE,Stryker
HEALTH CARE,Systems
HEALTH CARE,T-2000
HEALTH CARE,T-AMUR
HEALTH CARE,T-EYKO
HEALTH CARE,T-K
HEALTH CARE,T-MED
HEALTH CARE,T-MEDI
HEALTH CARE,T-MEDIUM
HEALTH CARE,T-S
HEALTH CARE,T-SERVIS
HEALTH CARE,T.C.
HEALTH CARE,TA-KLINIK
HEALTH CARE,TA-PHARM
HEALTH CARE,TACT
HEALTH CARE,TAIM
HEALTH CARE,TAIR
HEALTH CARE,TALIN
HEALTH CARE,TALIONMED
HEALTH CARE,TALITI
HEALTH CARE,TAMAX
HEALTH CARE,TANCE
HEALTH CARE,TANDARD
HEALTH CARE,TANDART
HEALTH CARE,TARMED
HEALTH CARE,TARS
HEALTH CARE,TAS
HEALTH CARE,TAT
HEALTH CARE,TAZH
HEALTH CARE,TCO
HEALTH CARE,TECH
HEALTH CARE,TEDOM
HEALTH CARE,TEK
HEALTH CARE,TEK-SVM
HEALTH CARE,TEKA
HEALTH CARE,TEKAM
HEALTH CARE,TEKH
HEALTH CARE,TEKH-P
HEALTH CARE,TEKHLAB
HEALTH CARE,TEKHNIKA
HEALTH CARE,TEKHNOMED
HEALTH CARE,TEKS
HEALTH CARE,TEL
HEALTH CARE,TELTREID
HEALTH CARE,TEMARKO
HEALTH CARE,TEMY
HEALTH CARE,TEN
HEALTH CARE,TENS
HEALTH CARE,TENSIV
HEALTH CARE,TENTAS
HEALTH CARE,TER
HEALTH CARE,TERFAST
HEALTH CARE,TERLEK
HEALTH CARE,TEROKO
HEALTH CARE,TERRAMED
HEALTH CARE,TET-K
HEALTH CARE,TEVA
HEALTH CARE,TEX
HEALTH CARE,TEZ
HEALTH CARE,TFA
HEALTH CARE,TFF
HEALTH CARE,TICO
HEALTH CARE,TICS
HEALTH CARE,TIERES
HEALTH CARE,TIK
HEALTH CARE,TIKA
HEALTH CARE,TIKS
HEALTH CARE,TIKSERVIS
HEALTH CARE,TILAB
HEALTH CARE,TILAB-DON
HEALTH CARE,TION
HEALTH CARE,TISHCHI
HEALTH CARE,TIYA-EK
HEALTH CARE,TLAIN
HEALTH CARE,TLAVKA
HEALTH CARE,TMARKET
HEALTH CARE,TMED
HEALTH CARE,TMOMED
HEALTH CARE,TO-MARKET
HEALTH CARE,TOFARM
HEALTH CARE,TOK
HEALTH CARE,TOL
HEALTH CARE,TOMED
HEALTH CARE,TOMS
HEALTH CARE,TON-M
HEALTH CARE,TOPEDIYA
HEALTH CARE,TOR
HEALTH CARE,TORGVITA
HEALTH CARE,TORIYA.RU
HEALTH CARE,TOUANA
HEALTH CARE,TOVAROPT
HEALTH CARE,TR-DV
HEALTH CARE,TRA-77
HEALTH CARE,TRANSMED
HEALTH CARE,TREDIS
HEALTH CARE,TREDYFARM
HEALTH CARE,TREID
HEALTH CARE,TREMFARM
HEALTH CARE,TREN
HEALTH CARE,TRENDFARM
HEALTH CARE,TRIOL
HEALTH CARE,TRO
HEALTH CARE,TROFARMA
HEALTH CARE,TRONICA
HEALTH CARE,TRONIK
HEALTH CARE,TROS
HEALTH CARE,TRUKTSIYA
HEALTH CARE,TRY
HEALTH CARE,TSA
HEALTH CARE,TSENTR
HEALTH CARE,TSEY
HEALTH CARE,TSINA
HEALTH CARE,TSINOFF
HEALTH CARE,TSIYA
HEALTH CARE,TSMOIP
HEALTH CARE,TSMT
HEALTH CARE,TSNAB
HEALTH CARE,TSPO
HEALTH CARE,TSSR
HEALTH CARE,TTA-PHARM
HEALTH CARE,TUS
HEALTH CARE,TUS-MS
HEALTH CARE,UANA
HEALTH CARE,UANS
HEALTH CARE,UCTION
HEALTH CARE,UEST
HEALTH CARE,UFA
HEALTH CARE,UG-FARM
HEALTH CARE,UGA
HEALTH CARE,UITSEY
HEALTH CARE,UKLER
HEALTH CARE,UKSFARM
HEALTH CARE,UKTSIYA
HEALTH CARE,ULIANNA
HEALTH CARE,ULS
HEALTH CARE,ULYANOVKS
HEALTH CARE,UME
HEALTH CARE,UMS
HEALTH CARE,UMed
HEALTH CARE,UNIDENT
HEALTH CARE,UNIKS
HEALTH CARE,UNILEK
HEALTH CARE,UNIMED
HEALTH CARE,UNIPHARM
HEALTH CARE,UNONA
HEALTH CARE,UP-MED
HEALTH CARE,UPP
HEALTH CARE,"UPP"""
HEALTH CARE,URAL
HEALTH CARE,URAL'E
HEALTH CARE,URANS
HEALTH CARE,URGUT
HEALTH CARE,URMANSK
HEALTH CARE,URSY
HEALTH CARE,URTSPO
HEALTH CARE,URUM
HEALTH CARE,US-MS
HEALTH CARE,US-PSKOV
HEALTH CARE,USINFORM
HEALTH CARE,USKO
HEALTH CARE,USKOM
HEALTH CARE,USMEDCOM
HEALTH CARE,USOPHARM
HEALTH CARE,UTH
HEALTH CARE,UZHFARM
HEALTH CARE,UfaVITA
HEALTH CARE,Unident
HEALTH CARE,VAC
HEALTH CARE,VADRAT-S
HEALTH CARE,VANTAZH
HEALTH CARE,VAR
HEALTH CARE,VARD
HEALTH CARE,VAROPT
HEALTH CARE,VENA
HEALTH CARE,VENSUM
HEALTH CARE,VERBENA
HEALTH CARE,VERIE
HEALTH CARE,VERTEX
HEALTH CARE,VET
HEALTH CARE,VET-K
HEALTH CARE,VETLAIN
HEALTH CARE,VETLAVKA
HEALTH CARE,VETMARKET
HEALTH CARE,VETSNAB
HEALTH CARE,VIC
HEALTH CARE,VICE
HEALTH CARE,VIER
HEALTH CARE,VIM
HEALTH CARE,VION
HEALTH CARE,VIR
HEALTH CARE,VIS
HEALTH CARE,VIS-PLYUS
HEALTH CARE,VITA
HEALTH CARE,VITAMAX
HEALTH CARE,VITEK
HEALTH CARE,VITRO
HEALTH CARE,VITSA
HEALTH CARE,VIVAC
HEALTH CARE,VIVIR
HEALTH CARE,VIYA
HEALTH CARE,VKA
HEALTH CARE,VKS
HEALTH CARE,VOLGA
HEALTH CARE,VOLMED
HEALTH CARE,VOLTARS
HEALTH CARE,VORITE
HEALTH CARE,VOSIBIRSK
HEALTH CARE,VOSTOK
HEALTH CARE,VPhS
HEALTH CARE,VROSERVIS
HEALTH CARE,VS-N
HEALTH CARE,VSERVIS
HEALTH CARE,VSKAYA
HEALTH CARE,VTF
HEALTH CARE,Velpharm
HEALTH CARE,Veltrade
HEALTH CARE,Vet
HEALTH CARE,Vitrum
HEALTH CARE,Vostok
HEALTH CARE,WIN
HEALTH CARE,WINNER
HEALTH CARE,WMEDTECH
HEALTH CARE,Well
HEALTH CARE,XGROUP
HEALTH CARE,XIMUS
HEALTH CARE,XPHARM
HEALTH CARE,YA-EK
HEALTH CARE,YA.RU
HEALTH CARE,YANOVKS
HEALTH CARE,YARFARMA
HEALTH CARE,YARSK
HEALTH CARE,YARVET
HEALTH CARE,YATICO
HEALTH CARE,YER
HEALTH CARE,YFARM
HEALTH CARE,YGEN
HEALTH CARE,YIDOS
HEALTH CARE,YKO
HEALTH CARE,YKOLAIN
HEALTH CARE,YKOMEDIKA
HEALTH CARE,YKS
HEALTH CARE,YKSPERT
HEALTH CARE,YKSPORT
HEALTH CARE,YLVIM
HEALTH CARE,YNCH-M
HEALTH CARE,YNTEZ
HEALTH CARE,YNTOL
HEALTH CARE,YPSILON
HEALTH CARE,YTISHCHI
HEALTH CARE,YTOMED
HEALTH CARE,YUANS
HEALTH CARE,YUG
HEALTH CARE,YUG-FARM
HEALTH CARE,YUKLER
HEALTH CARE,YUKSFARM
HEALTH CARE,YULIANNA
HEALTH CARE,YUNIKS
HEALTH CARE,YUNIMED
HEALTH CARE,YURTSPO
HEALTH CARE,YUS
HEALTH CARE,YUZHFARM
HEALTH CARE,Z-Med
HEALTH CARE,ZAPAD
HEALTH CARE,ZAURAL'E
HEALTH CARE,ZDRAVITSA
HEALTH CARE,ZET-MED
HEALTH CARE,ZHFARM
HEALTH CARE,ZIDATEL
HEALTH CARE,ZMO
HEALTH CARE,ZMP
HEALTH CARE,Zeneca
HEALTH CARE,a-Farm
HEALTH CARE,a-MO
HEALTH CARE,aMed
HEALTH CARE,aVITA
HEALTH CARE,aZeneca
HEALTH CARE,abora
HEALTH CARE,abvision
HEALTH CARE,ade
HEALTH CARE,aev.ru
HEALTH CARE,al-Vet
HEALTH CARE,alar
HEALTH CARE,alt
HEALTH CARE,althLab
HEALTH CARE,altrade
HEALTH CARE,aminy
HEALTH CARE,ana
HEALTH CARE,ancet
HEALTH CARE,"andard,"
HEALTH CARE,andart
HEALTH CARE,andoz
HEALTH CARE,angard
HEALTH CARE,anolek
HEALTH CARE,anon
HEALTH CARE,ans
HEALTH CARE,ante
HEALTH CARE,arathon
HEALTH CARE,aratov
HEALTH CARE,ard
HEALTH CARE,"ard,"
HEALTH CARE,aris
HEALTH CARE,arm
HEALTH CARE,armEco
HEALTH CARE,armImEx
HEALTH CARE,armaMed
HEALTH CARE,armimex
HEALTH CARE,armstell
HEALTH CARE,armster
HEALTH CARE,armstore
HEALTH CARE,art
HEALTH CARE,aschita
HEALTH CARE,asis
HEALTH CARE,athon
HEALTH CARE,ational
HEALTH CARE,atov
HEALTH CARE,atren
HEALTH CARE,avka
HEALTH CARE,avservice
HEALTH CARE,b-Siberia
HEALTH CARE,bal-Vet
HEALTH CARE,beria
HEALTH CARE,bhimpharm
HEALTH CARE,bimed
HEALTH CARE,bir
HEALTH CARE,bora
HEALTH CARE,botics
HEALTH CARE,burg
HEALTH CARE,bvision
HEALTH CARE,cal
HEALTH CARE,caltrade
HEALTH CARE,cenna
HEALTH CARE,cept
HEALTH CARE,ces
HEALTH CARE,cet
HEALTH CARE,chita
HEALTH CARE,chnika
HEALTH CARE,ciana
HEALTH CARE,comp
HEALTH CARE,con
HEALTH CARE,cticomp
HEALTH CARE,ctrum
HEALTH CARE,d-Saratov
HEALTH CARE,d-UfaVITA
HEALTH CARE,dCom
HEALTH CARE,dGrupp
HEALTH CARE,dGuard
HEALTH CARE,dInvest
HEALTH CARE,dMed
HEALTH CARE,dWell
HEALTH CARE,"dard,"
HEALTH CARE,dart
HEALTH CARE,del
HEALTH CARE,dent
HEALTH CARE,dholding
HEALTH CARE,dical
HEALTH CARE,diciana
HEALTH CARE,ding
HEALTH CARE,doz
HEALTH CARE,dpostavka
HEALTH CARE,dservis
HEALTH CARE,dstva
HEALTH CARE,dtechnika
HEALTH CARE,eal
HEALTH CARE,ealthLab
HEALTH CARE,eca
HEALTH CARE,echnika
HEALTH CARE,econ
HEALTH CARE,ect
HEALTH CARE,ectrum
HEALTH CARE,edCom
HEALTH CARE,edGrupp
HEALTH CARE,edGuard
HEALTH CARE,edInvest
HEALTH CARE,edWell
HEALTH CARE,edholding
HEALTH CARE,edical
HEALTH CARE,ediciana
HEALTH CARE,edservis
HEALTH CARE,edstva
HEALTH CARE,ekt
HEALTH CARE,elki
HEALTH CARE,ell
HEALTH CARE,elopment
HEALTH CARE,elpharm
HEALTH CARE,eltrade
HEALTH CARE,ems
HEALTH CARE,enburg
HEALTH CARE,endel
HEALTH CARE,eneca
HEALTH CARE,enna
HEALTH CARE,ent
HEALTH CARE,ept
HEALTH CARE,eria
HEALTH CARE,eropharm
HEALTH CARE,ervice
HEALTH CARE,ervis
HEALTH CARE,erz
HEALTH CARE,esources
HEALTH CARE,est
HEALTH CARE,etey
HEALTH CARE,etrovax
HEALTH CARE,ev.ru
HEALTH CARE,ext
HEALTH CARE,eyd
HEALTH CARE,ez-Nord
HEALTH CARE,faVITA
HEALTH CARE,ganon
HEALTH CARE,gard
HEALTH CARE,gla-MO
HEALTH CARE,gus
HEALTH CARE,gus-DS
HEALTH CARE,hLab
HEALTH CARE,harm
HEALTH CARE,harmEco
HEALTH CARE,harmImEx
HEALTH CARE,harmaMed
HEALTH CARE,harmimex
HEALTH CARE,harmstell
HEALTH CARE,harmster
HEALTH CARE,harmstore
HEALTH CARE,himpharm
HEALTH CARE,hita
HEALTH CARE,hnika
HEALTH CARE,holding
HEALTH CARE,hon
HEALTH CARE,hpharm
HEALTH CARE,iana
HEALTH CARE,iberia
HEALTH CARE,ibir
HEALTH CARE,ical
HEALTH CARE,icaltrade
HEALTH CARE,ice
HEALTH CARE,icenna
HEALTH CARE,iciana
HEALTH CARE,icomp
HEALTH CARE,ics
HEALTH CARE,ident
HEALTH CARE,igla-MO
HEALTH CARE,ika
HEALTH CARE,ila
HEALTH CARE,ildMed
HEALTH CARE,imed
HEALTH CARE,imex
HEALTH CARE,impharm
HEALTH CARE,inc.
HEALTH CARE,ing
HEALTH CARE,intez
HEALTH CARE,invest
HEALTH CARE,iny
HEALTH CARE,ioSystems
HEALTH CARE,ioVitrum
HEALTH CARE,ion
HEALTH CARE,ional
HEALTH CARE,irecon
HEALTH CARE,ision
HEALTH CARE,isorb
HEALTH CARE,ita
HEALTH CARE,ita-Farm
HEALTH CARE,itaminy
HEALTH CARE,itrum
HEALTH CARE,ityPharm
HEALTH CARE,ium-Next
HEALTH CARE,izhpharm
HEALTH CARE,ject
HEALTH CARE,kaev.ru
HEALTH CARE,ker
HEALTH CARE,komplekt
HEALTH CARE,ksredstva
HEALTH CARE,l-Vet
HEALTH CARE,la-MO
HEALTH CARE,lar
HEALTH CARE,laris
HEALTH CARE,ldMed
HEALTH CARE,lding
HEALTH CARE,lek
HEALTH CARE,lekt
HEALTH CARE,lisorb
HEALTH CARE,lki
HEALTH CARE,lobal-Vet
HEALTH CARE,lopment
HEALTH CARE,lpharm
HEALTH CARE,lter
HEALTH CARE,lthLab
HEALTH CARE,ltrade
HEALTH CARE,m-Next
HEALTH CARE,m-Sintez
HEALTH CARE,m-project
HEALTH CARE,mConcept
HEALTH CARE,mEco
HEALTH CARE,mEx
HEALTH CARE,mImEx
HEALTH CARE,mMedCom
HEALTH CARE,maMed
HEALTH CARE,med
HEALTH CARE,ment
HEALTH CARE,metey
HEALTH CARE,mex
HEALTH CARE,mimex
HEALTH CARE,miny
HEALTH CARE,mkomplekt
HEALTH CARE,mpharm
HEALTH CARE,mplekt
HEALTH CARE,mstell
HEALTH CARE,mster
HEALTH CARE,mstore
HEALTH CARE,mtreyd
HEALTH CARE,nal
HEALTH CARE,national
HEALTH CARE,nburg
HEALTH CARE,nc.
HEALTH CARE,ncept
HEALTH CARE,ncet
HEALTH CARE,"ndard,"
HEALTH CARE,ndart
HEALTH CARE,ndel
HEALTH CARE,ndoz
HEALTH CARE,neca
HEALTH CARE,ngard
HEALTH CARE,nident
HEALTH CARE,nika
HEALTH CARE,nna
HEALTH CARE,nolek
HEALTH CARE,non
HEALTH CARE,notrans
HEALTH CARE,nte
HEALTH CARE,ntez
HEALTH CARE,ntez-Nord
HEALTH CARE,nvest
HEALTH CARE,oSystems
HEALTH CARE,oVitrum
HEALTH CARE,obal-Vet
HEALTH CARE,obimed
HEALTH CARE,obotics
HEALTH CARE,oject
HEALTH CARE,olaris
HEALTH CARE,olding
HEALTH CARE,olek
HEALTH CARE,olisorb
HEALTH CARE,omMedCom
HEALTH CARE,ometey
HEALTH CARE,omp
HEALTH CARE,omplekt
HEALTH CARE,omtreyd
HEALTH CARE,onal
HEALTH CARE,oncept
HEALTH CARE,onotrans
HEALTH CARE,opharm
HEALTH CARE,opment
HEALTH CARE,or-Vostok
HEALTH CARE,ora
HEALTH CARE,orb
HEALTH CARE,ord
HEALTH CARE,ore
HEALTH CARE,orston
HEALTH CARE,oselki
HEALTH CARE,oservice
HEALTH CARE,ostavka
HEALTH CARE,ostok
HEALTH CARE,otics
HEALTH CARE,otrans
HEALTH CARE,ources
HEALTH CARE,ovax
HEALTH CARE,ovoselki
HEALTH CARE,pectrum
HEALTH CARE,pharm
HEALTH CARE,picenna
HEALTH CARE,plekt
HEALTH CARE,pment
HEALTH CARE,postavka
HEALTH CARE,pra
HEALTH CARE,project
HEALTH CARE,promtreyd
HEALTH CARE,ptics
HEALTH CARE,quila
HEALTH CARE,r-Vostok
HEALTH CARE,raZeneca
HEALTH CARE,rade
HEALTH CARE,rans
HEALTH CARE,rathon
HEALTH CARE,ratov
HEALTH CARE,rces
HEALTH CARE,"rd,"
HEALTH CARE,real
HEALTH CARE,recon
HEALTH CARE,redstva
HEALTH CARE,ren
HEALTH CARE,renburg
HEALTH CARE,resources
HEALTH CARE,reyd
HEALTH CARE,rganon
HEALTH CARE,rgus
HEALTH CARE,rgus-DS
HEALTH CARE,ria
HEALTH CARE,ris
HEALTH CARE,rium-Next
HEALTH CARE,rm-Sintez
HEALTH CARE,rmConcept
HEALTH CARE,rmEco
HEALTH CARE,rmImEx
HEALTH CARE,rmaMed
HEALTH CARE,rmimex
HEALTH CARE,rmstell
HEALTH CARE,rmster
HEALTH CARE,rmstore
HEALTH CARE,rnational
HEALTH CARE,roject
HEALTH CARE,rometey
HEALTH CARE,romtreyd
HEALTH CARE,ropharm
HEALTH CARE,roservice
HEALTH CARE,rovax
HEALTH CARE,rston
HEALTH CARE,rtus
HEALTH CARE,rum
HEALTH CARE,rupp
HEALTH CARE,rvice
HEALTH CARE,rvis
HEALTH CARE,ryker
HEALTH CARE,s-DS
HEALTH CARE,schita
HEALTH CARE,selki
HEALTH CARE,service
HEALTH CARE,servis
HEALTH CARE,sion
HEALTH CARE,sis
HEALTH CARE,sorb
HEALTH CARE,sources
HEALTH CARE,sredstva
HEALTH CARE,sstandart
HEALTH CARE,"standard,"
HEALTH CARE,standart
HEALTH CARE,stavka
HEALTH CARE,stell
HEALTH CARE,stems
HEALTH CARE,ster
HEALTH CARE,stok
HEALTH CARE,ston
HEALTH CARE,store
HEALTH CARE,stva
HEALTH CARE,tMedGrupp
HEALTH CARE,ta-Farm
HEALTH CARE,taminy
HEALTH CARE,"tandard,"
HEALTH CARE,tandart
HEALTH CARE,tavka
HEALTH CARE,td.
HEALTH CARE,technika
HEALTH CARE,tell
HEALTH CARE,tems
HEALTH CARE,ter
HEALTH CARE,tey
HEALTH CARE,tez
HEALTH CARE,tez-Nord
HEALTH CARE,thLab
HEALTH CARE,thon
HEALTH CARE,ticomp
HEALTH CARE,tics
HEALTH CARE,tional
HEALTH CARE,tok
HEALTH CARE,ton
HEALTH CARE,tore
HEALTH CARE,tov
HEALTH CARE,traZeneca
HEALTH CARE,trade
HEALTH CARE,trans
HEALTH CARE,tren
HEALTH CARE,treyd
HEALTH CARE,trovax
HEALTH CARE,trum
HEALTH CARE,tryker
HEALTH CARE,tus
HEALTH CARE,tva
HEALTH CARE,tyPharm
HEALTH CARE,tzaschita
HEALTH CARE,uard
HEALTH CARE,uila
HEALTH CARE,ukaev.ru
HEALTH CARE,uls
HEALTH CARE,um-Next
HEALTH CARE,umex
HEALTH CARE,upp
HEALTH CARE,urces
HEALTH CARE,urg
HEALTH CARE,us-DS
HEALTH CARE,v.e
HEALTH CARE,v.ru
HEALTH CARE,valar
HEALTH CARE,vangard
HEALTH CARE,vax
HEALTH CARE,velopment
HEALTH CARE,vest
HEALTH CARE,vice
HEALTH CARE,vicenna
HEALTH CARE,vis
HEALTH CARE,vision
HEALTH CARE,vitaminy
HEALTH CARE,vka
HEALTH CARE,voselki
HEALTH CARE,vservice
HEALTH CARE,yPharm
HEALTH CARE,yker
HEALTH CARE,ystems
HEALTH CARE,yvitaminy
HEALTH CARE,z-Nord
HEALTH CARE,zaschita
HEALTH CARE,zhpharm
INDUSTRIALS,"""NTS"""
INDUSTRIALS,'-INVEST
INDUSTRIALS,'-KARGO
INDUSTRIALS,'-SERVIS
INDUSTRIALS,'AVTODOR
INDUSTRIALS,'DORSTROI
INDUSTRIALS,'ER
INDUSTRIALS,'GRATE
INDUSTRIALS,'MASH
INDUSTRIALS,'NAYA
INDUSTRIALS,'NOFF
INDUSTRIALS,'PROM
INDUSTRIALS,'PROVOD
INDUSTRIALS,'SEL'MASH
INDUSTRIALS,'SHCHIK
INDUSTRIALS,'SK
INDUSTRIALS,'SKOE
INDUSTRIALS,'SNAB
INDUSTRIALS,'STROI
INDUSTRIALS,'TA
INDUSTRIALS,'TASKAN
INDUSTRIALS,'TEKH
INDUSTRIALS,'TEL
INDUSTRIALS,'YANS
INDUSTRIALS,-10
INDUSTRIALS,-14
INDUSTRIALS,-155
INDUSTRIALS,-2000
INDUSTRIALS,-2010
INDUSTRIALS,-303
INDUSTRIALS,-31
INDUSTRIALS,-38
INDUSTRIALS,-65
INDUSTRIALS,-873
INDUSTRIALS,-999
INDUSTRIALS,-AGRITECH
INDUSTRIALS,-AGRO
INDUSTRIALS,-AL'YANS
INDUSTRIALS,-ALABUGA
INDUSTRIALS,-ALYANS
INDUSTRIALS,-ASDM
INDUSTRIALS,-AUTO
INDUSTRIALS,-AVIA
INDUSTRIALS,-AVTO
INDUSTRIALS,-AVTODOR
INDUSTRIALS,-AVTOMOST
INDUSTRIALS,-AVTOPROM
INDUSTRIALS,-BAR'ER
INDUSTRIALS,-BAZALT
INDUSTRIALS,-BILD
INDUSTRIALS,-BILET
INDUSTRIALS,-BIZNES
INDUSTRIALS,-BLOK
INDUSTRIALS,-BROKER
INDUSTRIALS,-BUNKER
INDUSTRIALS,-Broker
INDUSTRIALS,-CABEL
INDUSTRIALS,-CENTER
INDUSTRIALS,-CENTR
INDUSTRIALS,-CENTRE
INDUSTRIALS,-CERAMICS
INDUSTRIALS,-CHEYMZ
INDUSTRIALS,-CUSTOMS
INDUSTRIALS,-Center
INDUSTRIALS,-D-L
INDUSTRIALS,-DEALING
INDUSTRIALS,-DETAL
INDUSTRIALS,-DIALOG
INDUSTRIALS,-DIS
INDUSTRIALS,-DNEPR
INDUSTRIALS,-DORSTROY
INDUSTRIALS,-Dnepr
INDUSTRIALS,-ECO
INDUSTRIALS,-ECOLOGY
INDUSTRIALS,-EK
INDUSTRIALS,-EKO
INDUSTRIALS,-ELEKTRIK
INDUSTRIALS,-ELEMENT
INDUSTRIALS,-ENERGIYA
INDUSTRIALS,-EURASIA
INDUSTRIALS,-EXPORT
INDUSTRIALS,-EYKOTEK
INDUSTRIALS,-EYKSPO
INDUSTRIALS,-EYKSPORT
INDUSTRIALS,-EYLEKTRO
INDUSTRIALS,-EYNERGO
INDUSTRIALS,-EYSTEIT
INDUSTRIALS,-East
INDUSTRIALS,-Eco
INDUSTRIALS,-FABRIKA
INDUSTRIALS,-FK
INDUSTRIALS,-FLEET
INDUSTRIALS,-FLEX
INDUSTRIALS,-FREIGHT
INDUSTRIALS,-Fertrib
INDUSTRIALS,"-GLOBAL,"
INDUSTRIALS,-GRAFIKS
INDUSTRIALS,-GRANIT
INDUSTRIALS,-GROUP
INDUSTRIALS,-GRUP
INDUSTRIALS,-GRUPP
INDUSTRIALS,-Gatchina
INDUSTRIALS,-Global
INDUSTRIALS,-HOLDING
INDUSTRIALS,-Holding
INDUSTRIALS,-ICE
INDUSTRIALS,-IMPEKS
INDUSTRIALS,-INVEST
INDUSTRIALS,-IT
INDUSTRIALS,-ITS
INDUSTRIALS,-KA
INDUSTRIALS,-KABEL
INDUSTRIALS,-KABEL'
INDUSTRIALS,-KAMA
INDUSTRIALS,-KARGO
INDUSTRIALS,-KAVKAZ
INDUSTRIALS,-KHOLDING
INDUSTRIALS,-KOMI
INDUSTRIALS,-KOMPLEKT
INDUSTRIALS,-KONSALT
INDUSTRIALS,-KUBAN'
INDUSTRIALS,-KURS
INDUSTRIALS,-KVADRAT
INDUSTRIALS,-KZ
INDUSTRIALS,-LAIN
INDUSTRIALS,-LAIT
INDUSTRIALS,-LIDER
INDUSTRIALS,-LIFT
INDUSTRIALS,-LIZING
INDUSTRIALS,-LOGISTIC
INDUSTRIALS,-LOGISTIK
INDUSTRIALS,-LOGOS
INDUSTRIALS,-LYUKS
INDUSTRIALS,-Lipetsk
INDUSTRIALS,-Lizing
INDUSTRIALS,-MAKS
INDUSTRIALS,-MASTER
INDUSTRIALS,-MET
INDUSTRIALS,-METRO
INDUSTRIALS,-MONOLIT
INDUSTRIALS,-MOSKVA
INDUSTRIALS,-MOTOR
INDUSTRIALS,-MS
INDUSTRIALS,-MT
INDUSTRIALS,-Metiz
INDUSTRIALS,-Minerals
INDUSTRIALS,-Montazh
INDUSTRIALS,-NEVA
INDUSTRIALS,-NGO
INDUSTRIALS,-NN
INDUSTRIALS,-NORIL'SK
INDUSTRIALS,-NOVA
INDUSTRIALS,-NSK
INDUSTRIALS,-NT
INDUSTRIALS,-Novo
INDUSTRIALS,-OIL
INDUSTRIALS,-OKA
INDUSTRIALS,-OPT
INDUSTRIALS,-OYL
INDUSTRIALS,-PARTNER
INDUSTRIALS,-PERVYI
INDUSTRIALS,-PEYK
INDUSTRIALS,-PLASTIK
INDUSTRIALS,-PLUS
INDUSTRIALS,-PLYUS
INDUSTRIALS,-PM
INDUSTRIALS,-POZNAN
INDUSTRIALS,-PRESS
INDUSTRIALS,-PRIME
INDUSTRIALS,-PRO
INDUSTRIALS,-PRODUKT
INDUSTRIALS,-PROEKT
INDUSTRIALS,-PROFI
INDUSTRIALS,-PROFIL
INDUSTRIALS,-PROFIT
INDUSTRIALS,-PROJECT
INDUSTRIALS,-PROM
INDUSTRIALS,-PROOF
INDUSTRIALS,-Plastics
INDUSTRIALS,-Polipak
INDUSTRIALS,-Prom
INDUSTRIALS,-R.O.S.T
INDUSTRIALS,-RAND
INDUSTRIALS,-REALITI
INDUSTRIALS,-REGION
INDUSTRIALS,-RENTGEN
INDUSTRIALS,-RESURS
INDUSTRIALS,-RITEIL
INDUSTRIALS,-ROSKOR
INDUSTRIALS,-ROSTOV
INDUSTRIALS,-RU
INDUSTRIALS,-RUS
INDUSTRIALS,-Rail
INDUSTRIALS,-Route
INDUSTRIALS,-Rus
INDUSTRIALS,-SAMARA
INDUSTRIALS,-SARATOV
INDUSTRIALS,-SB
INDUSTRIALS,-SCAN
INDUSTRIALS,-SERVICE
INDUSTRIALS,-SERVIS
INDUSTRIALS,-SEVER
INDUSTRIALS,"-SG,"
INDUSTRIALS,-SIB
INDUSTRIALS,-SISTEMS
INDUSTRIALS,-SITI
INDUSTRIALS,-SK
INDUSTRIALS,-SKAN
INDUSTRIALS,-SNAB
INDUSTRIALS,-SP
INDUSTRIALS,-SPB
INDUSTRIALS,-SPORT
INDUSTRIALS,-STAL'
INDUSTRIALS,-STEEL
INDUSTRIALS,-STEKLO
INDUSTRIALS,-STORY
INDUSTRIALS,-STROI
INDUSTRIALS,-STROY
INDUSTRIALS,-SVL
INDUSTRIALS,-SYSTEMS
INDUSTRIALS,-Service
INDUSTRIALS,-Services
INDUSTRIALS,-Stock
INDUSTRIALS,-Systems
INDUSTRIALS,-TAIM
INDUSTRIALS,-TEK
INDUSTRIALS,-TEKHNIKA
INDUSTRIALS,-TEKHNIKS
INDUSTRIALS,-TEKHNO
INDUSTRIALS,-TEKHSNAB
INDUSTRIALS,-TEKS
INDUSTRIALS,-TELEKOM
INDUSTRIALS,-TENDER
INDUSTRIALS,-TERMINAL
INDUSTRIALS,-TOLEDO
INDUSTRIALS,-TRADE
INDUSTRIALS,-TRAK
INDUSTRIALS,-TRANS
INDUSTRIALS,-TREID
INDUSTRIALS,-TREIDING
INDUSTRIALS,-TREST
INDUSTRIALS,-TSENTR
INDUSTRIALS,-TSFO
INDUSTRIALS,-TSTO
INDUSTRIALS,-TT
INDUSTRIALS,-TULA
INDUSTRIALS,-TYUMEN
INDUSTRIALS,-Techno
INDUSTRIALS,-Trade
INDUSTRIALS,-Trans
INDUSTRIALS,-Tyumen
INDUSTRIALS,-UIK
INDUSTRIALS,-URAL
INDUSTRIALS,-Ural
INDUSTRIALS,-VANINO
INDUSTRIALS,-VAST
INDUSTRIALS,-VEKTOR
INDUSTRIALS,-VERTRIEB
INDUSTRIALS,-VMM
INDUSTRIALS,-VOLGA
INDUSTRIALS,-VORONEZH
INDUSTRIALS,-WAST
INDUSTRIALS,-WASTE
INDUSTRIALS,-West
INDUSTRIALS,-YAVIR
INDUSTRIALS,-YUG
INDUSTRIALS,-Yug
INDUSTRIALS,-ZAPAD
INDUSTRIALS,-ZAVOD
INDUSTRIALS,-center
INDUSTRIALS,-logistic
INDUSTRIALS,-paladin
INDUSTRIALS,-steklo
INDUSTRIALS,.A.V.
INDUSTRIALS,.ALLIANCE
INDUSTRIALS,.DRIVE
INDUSTRIALS,.I.K.
INDUSTRIALS,.K.
INDUSTRIALS,.L.K.
INDUSTRIALS,.O.S.
INDUSTRIALS,.O.S.T
INDUSTRIALS,.PARTNER
INDUSTRIALS,.PLATFORM
INDUSTRIALS,.RU
INDUSTRIALS,.S.
INDUSTRIALS,.S.T
INDUSTRIALS,.STROY
INDUSTRIALS,.Taxi
INDUSTRIALS,.V.
INDUSTRIALS,000
INDUSTRIALS,010
INDUSTRIALS,155
INDUSTRIALS,2000
INDUSTRIALS,2010
INDUSTRIALS,2RS
INDUSTRIALS,303
INDUSTRIALS,873
INDUSTRIALS,999
INDUSTRIALS,A-31
INDUSTRIALS,A-65
INDUSTRIALS,A-A
INDUSTRIALS,A-ALYANS
INDUSTRIALS,A-AVTODOR
INDUSTRIALS,A-BROKER
INDUSTRIALS,A-CHEYMZ
INDUSTRIALS,A-CUSTOMS
INDUSTRIALS,A-DNEPR
INDUSTRIALS,A-HOLDING
INDUSTRIALS,A-INVEST
INDUSTRIALS,A-K
INDUSTRIALS,A-M
INDUSTRIALS,A-NN
INDUSTRIALS,A-OIL
INDUSTRIALS,A-S
INDUSTRIALS,A-SERVIS
INDUSTRIALS,A-SISTEMS
INDUSTRIALS,A-SKAN
INDUSTRIALS,A-STEKLO
INDUSTRIALS,A-STORY
INDUSTRIALS,A-STROI
INDUSTRIALS,A-TRAK
INDUSTRIALS,A-TREID
INDUSTRIALS,A-URAL
INDUSTRIALS,A.V.
INDUSTRIALS,AAVTODOR
INDUSTRIALS,AB-KZ
INDUSTRIALS,ABAG
INDUSTRIALS,ABARIT-E
INDUSTRIALS,ABARITIKA
INDUSTRIALS,ABBK
INDUSTRIALS,ABC
INDUSTRIALS,ABCONCEPT
INDUSTRIALS,ABEL
INDUSTRIALS,ABEL'
INDUSTRIALS,ABELSTAR
INDUSTRIALS,ABICOM
INDUSTRIALS,ABINSK
INDUSTRIALS,ABINSKII
INDUSTRIALS,ABINSKOE
INDUSTRIALS,ABLE
INDUSTRIALS,ABLOGIKS
INDUSTRIALS,ABOTKA
INDUSTRIALS,ABR'SKOE
INDUSTRIALS,ABRIKA
INDUSTRIALS,ABRIKATY
INDUSTRIALS,ABRSKOE
INDUSTRIALS,ABS
INDUSTRIALS,ABSERVIS
INDUSTRIALS,ABSTROI
INDUSTRIALS,ABT
INDUSTRIALS,ABTEKHMET
INDUSTRIALS,ABUGA
INDUSTRIALS,ABURMASH
INDUSTRIALS,ABZ-1
INDUSTRIALS,ACE
INDUSTRIALS,ACE-MOTOR
INDUSTRIALS,ACIA
INDUSTRIALS,ACIYA
INDUSTRIALS,ACT
INDUSTRIALS,ACTOR
INDUSTRIALS,ADA
INDUSTRIALS,ADA-A
INDUSTRIALS,ADA-M
INDUSTRIALS,ADAMANT
INDUSTRIALS,ADCHIK
INDUSTRIALS,ADE
INDUSTRIALS,ADI
INDUSTRIALS,ADIAN
INDUSTRIALS,ADIAN-SB
INDUSTRIALS,ADICIA
INDUSTRIALS,ADITIM
INDUSTRIALS,ADIUS
INDUSTRIALS,ADK
INDUSTRIALS,ADKABEL'
INDUSTRIALS,ADL
INDUSTRIALS,ADMINER
INDUSTRIALS,ADRAT
INDUSTRIALS,ADRIGA
INDUSTRIALS,ADS
INDUSTRIALS,ADSKOE
INDUSTRIALS,ADT
INDUSTRIALS,ADYUTON-N
INDUSTRIALS,ADZOR
INDUSTRIALS,AEMOE
INDUSTRIALS,AEROFLOT
INDUSTRIALS,AEYM
INDUSTRIALS,AEYRODAR
INDUSTRIALS,AEYROPROF
INDUSTRIALS,AFE
INDUSTRIALS,AFI
INDUSTRIALS,AFIKS
INDUSTRIALS,AFO
INDUSTRIALS,AFT
INDUSTRIALS,AFTATRANS
INDUSTRIALS,AFTER
INDUSTRIALS,AFTTRANS
INDUSTRIALS,AG46
INDUSTRIALS,AGATPAK
INDUSTRIALS,AGAZSTROI
INDUSTRIALS,AGELLAN
INDUSTRIALS,AGISTRAL
INDUSTRIALS,AGISTRAL'
INDUSTRIALS,AGK
INDUSTRIALS,AGLEX
INDUSTRIALS,AGNA
INDUSTRIALS,AGNOSTIKA
INDUSTRIALS,AGONMASH
INDUSTRIALS,AGRARNIK
INDUSTRIALS,AGREGAT
INDUSTRIALS,AGRITECH
INDUSTRIALS,AGRO
INDUSTRIALS,AGRO-NOVA
INDUSTRIALS,AGROCARGO
INDUSTRIALS,AGRODOM
INDUSTRIALS,AGRODRAIV
INDUSTRIALS,AGROMAX
INDUSTRIALS,AGROPROF
INDUSTRIALS,AGROSNAB
INDUSTRIALS,AGROTREID
INDUSTRIALS,AGV
INDUSTRIALS,AHLERS
INDUSTRIALS,AIDE
INDUSTRIALS,AIDER
INDUSTRIALS,AIK
INDUSTRIALS,AIKA-NN
INDUSTRIALS,AIL
INDUSTRIALS,AILI
INDUSTRIALS,AIM
INDUSTRIALS,AIN
INDUSTRIALS,AINER
INDUSTRIALS,AINING
INDUSTRIALS,AIR
INDUSTRIALS,AIR-TULA
INDUSTRIALS,AIRFIELD
INDUSTRIALS,AIRON
INDUSTRIALS,AIRPORT
INDUSTRIALS,AIRTRANSS
INDUSTRIALS,AIS
INDUSTRIALS,AISIES
INDUSTRIALS,AISKAN
INDUSTRIALS,AIT
INDUSTRIALS,AIV
INDUSTRIALS,AIVUD
INDUSTRIALS,AIZ
INDUSTRIALS,AK-STROY
INDUSTRIALS,AKEYL
INDUSTRIALS,AKHTUBA
INDUSTRIALS,AKKRAN
INDUSTRIALS,AKONT
INDUSTRIALS,AKOR
INDUSTRIALS,AKRESURS
INDUSTRIALS,AKRON
INDUSTRIALS,AKROND
INDUSTRIALS,AKS
INDUSTRIALS,AKSIMA
INDUSTRIALS,AKSIOMA
INDUSTRIALS,AKSKAN
INDUSTRIALS,AKT
INDUSTRIALS,AKT-TAIM
INDUSTRIALS,AKTIK
INDUSTRIALS,AKTIKA
INDUSTRIALS,AKTORISTY
INDUSTRIALS,AKYRAN-M
INDUSTRIALS,AL'
INDUSTRIALS,AL'GRATE
INDUSTRIALS,AL'NOFF
INDUSTRIALS,AL'PROM
INDUSTRIALS,AL'PROVOD
INDUSTRIALS,AL'SHCHIK
INDUSTRIALS,AL'SNAB
INDUSTRIALS,AL'TEKH
INDUSTRIALS,AL'YANS
INDUSTRIALS,"AL,"
INDUSTRIALS,AL-NT
INDUSTRIALS,AL-PRESS
INDUSTRIALS,AL-PROEKT
INDUSTRIALS,AL-PROFIL
INDUSTRIALS,AL-TSENTR
INDUSTRIALS,ALABUGA
INDUSTRIALS,ALAKOR
INDUSTRIALS,ALAKTIKA
INDUSTRIALS,ALAVTODOR
INDUSTRIALS,ALBURMASH
INDUSTRIALS,ALCON
INDUSTRIALS,ALEA
INDUSTRIALS,ALEKSA
INDUSTRIALS,ALFA
INDUSTRIALS,ALFASCAN
INDUSTRIALS,ALGRATE
INDUSTRIALS,ALIKA
INDUSTRIALS,ALIN
INDUSTRIALS,ALING
INDUSTRIALS,ALIST
INDUSTRIALS,ALITI
INDUSTRIALS,ALITIK
INDUSTRIALS,ALITIKA
INDUSTRIALS,ALKAM
INDUSTRIALS,ALKER
INDUSTRIALS,ALKRAN
INDUSTRIALS,ALL
INDUSTRIALS,ALL-GRUPP
INDUSTRIALS,ALL-ZAVOD
INDUSTRIALS,ALLCREDIT
INDUSTRIALS,ALLET
INDUSTRIALS,ALLETNAYA
INDUSTRIALS,ALLIANCE
INDUSTRIALS,ALLINE
INDUSTRIALS,ALLINVEST
INDUSTRIALS,ALLIST
INDUSTRIALS,ALLON
INDUSTRIALS,ALLOP
INDUSTRIALS,ALLOPLAST
INDUSTRIALS,ALLPROEKT
INDUSTRIALS,ALLSERVIS
INDUSTRIALS,ALMARKET
INDUSTRIALS,ALMET
INDUSTRIALS,ALNOFF
INDUSTRIALS,ALOG
INDUSTRIALS,ALORAN
INDUSTRIALS,ALPINA
INDUSTRIALS,ALS
INDUSTRIALS,ALSKI
INDUSTRIALS,ALSTAR
INDUSTRIALS,ALSTOR
INDUSTRIALS,ALSTROI
INDUSTRIALS,ALT
INDUSTRIALS,ALTAIR
INDUSTRIALS,ALTAISKAN
INDUSTRIALS,ALTASH
INDUSTRIALS,ALTEK
INDUSTRIALS,ALTOP
INDUSTRIALS,ALTREID
INDUSTRIALS,ALTRUCK
INDUSTRIALS,ALTSINK
INDUSTRIALS,ALTTRANS
INDUSTRIALS,ALTURBO
INDUSTRIALS,ALUGA
INDUSTRIALS,ALUGIN
INDUSTRIALS,ALUGOL
INDUSTRIALS,ALUR
INDUSTRIALS,ALYANS
INDUSTRIALS,ALYUKS
INDUSTRIALS,AM-GROUP
INDUSTRIALS,AMA
INDUSTRIALS,AMADA
INDUSTRIALS,AMAK
INDUSTRIALS,AMANT
INDUSTRIALS,AMARA
INDUSTRIALS,AMAZ
INDUSTRIALS,AMBITEKH
INDUSTRIALS,AMBOVMASH
INDUSTRIALS,AME
INDUSTRIALS,AMEGA
INDUSTRIALS,AMET
INDUSTRIALS,AMET-KAMA
INDUSTRIALS,AMET-NSK
INDUSTRIALS,AMET-OKA
INDUSTRIALS,AMET-URAL
INDUSTRIALS,AMICS
INDUSTRIALS,AMIKA
INDUSTRIALS,AMIN
INDUSTRIALS,AMINANDO
INDUSTRIALS,AMINVEST
INDUSTRIALS,AMIS
INDUSTRIALS,AMIT
INDUSTRIALS,AMK
INDUSTRIALS,AMKABEL
INDUSTRIALS,AMOND
INDUSTRIALS,AMOS-LAIN
INDUSTRIALS,AMOSPAS
INDUSTRIALS,AMP
INDUSTRIALS,AMPER
INDUSTRIALS,AMSON
INDUSTRIALS,AMSS
INDUSTRIALS,AMTEK
INDUSTRIALS,AMTRA
INDUSTRIALS,AN'
INDUSTRIALS,AN-M
INDUSTRIALS,AN-SB
INDUSTRIALS,AN-SERVIS
INDUSTRIALS,AN-SNAB
INDUSTRIALS,AN-TEKS
INDUSTRIALS,AN.RU
INDUSTRIALS,ANA
INDUSTRIALS,ANA-K
INDUSTRIALS,ANALITIK
INDUSTRIALS,ANALITIKA
INDUSTRIALS,ANC-FK
INDUSTRIALS,ANCE
INDUSTRIALS,ANCE-AVIA
INDUSTRIALS,ANCESC
INDUSTRIALS,ANCOMPANY
INDUSTRIALS,ANCOR
INDUSTRIALS,AND
INDUSTRIALS,AND-STROI
INDUSTRIALS,ANDIYA
INDUSTRIALS,ANDLAIN
INDUSTRIALS,ANDO
INDUSTRIALS,ANDORMASH
INDUSTRIALS,ANE
INDUSTRIALS,ANEFT'
INDUSTRIALS,ANEL
INDUSTRIALS,ANEL'
INDUSTRIALS,ANGA
INDUSTRIALS,ANGEL
INDUSTRIALS,ANGODA
INDUSTRIALS,ANGS
INDUSTRIALS,ANI
INDUSTRIALS,ANI-RUS
INDUSTRIALS,ANIE
INDUSTRIALS,ANIELI
INDUSTRIALS,ANIK
INDUSTRIALS,ANING
INDUSTRIALS,ANINO
INDUSTRIALS,ANISKA
INDUSTRIALS,ANIT
INDUSTRIALS,ANITEK
INDUSTRIALS,ANIYA
INDUSTRIALS,ANIZACIYA
INDUSTRIALS,ANKER
INDUSTRIALS,ANKO
INDUSTRIALS,ANN
INDUSTRIALS,ANNY
INDUSTRIALS,ANNYI
INDUSTRIALS,ANNYKH
INDUSTRIALS,ANO
INDUSTRIALS,ANOVSK
INDUSTRIALS,ANPROEKT
INDUSTRIALS,ANPROM
INDUSTRIALS,ANS
INDUSTRIALS,ANS-1
INDUSTRIALS,ANS-AVTO
INDUSTRIALS,ANS-M
INDUSTRIALS,ANSAVTO
INDUSTRIALS,ANSBALT
INDUSTRIALS,ANSBUNKER
INDUSTRIALS,ANSBYT
INDUSTRIALS,ANSCHEM
INDUSTRIALS,ANSCOAL
INDUSTRIALS,ANSGARANT
INDUSTRIALS,ANSGAZ
INDUSTRIALS,ANSGRUZ
INDUSTRIALS,ANSK
INDUSTRIALS,ANSKHOLOD
INDUSTRIALS,ANSKKABEL
INDUSTRIALS,ANSLES
INDUSTRIALS,ANSMASH
INDUSTRIALS,ANSPARK
INDUSTRIALS,ANSPORT
INDUSTRIALS,ANSPROEKT
INDUSTRIALS,ANSS
INDUSTRIALS,ANSSERVIS
INDUSTRIALS,ANSSTROI
INDUSTRIALS,ANSSTROY
INDUSTRIALS,ANSTEKH
INDUSTRIALS,ANSTREYD
INDUSTRIALS,ANSTROI
INDUSTRIALS,ANSUMED
INDUSTRIALS,ANT
INDUSTRIALS,ANT-999
INDUSTRIALS,ANTARES
INDUSTRIALS,ANTIKOR-M
INDUSTRIALS,ANTIYA
INDUSTRIALS,ANTOS
INDUSTRIALS,ANTREVA
INDUSTRIALS,ANTRUCK
INDUSTRIALS,ANTTEQ
INDUSTRIALS,ANY
INDUSTRIALS,AOPREMA
INDUSTRIALS,APAD
INDUSTRIALS,APCHAST
INDUSTRIALS,APCHAST'
INDUSTRIALS,APEFAR
INDUSTRIALS,APITAL
INDUSTRIALS,APLAST
INDUSTRIALS,APPARATUS
INDUSTRIALS,APPORT
INDUSTRIALS,APRESSA
INDUSTRIALS,APRIN
INDUSTRIALS,APROJECT
INDUSTRIALS,APZ
INDUSTRIALS,AQUASTOK
INDUSTRIALS,AR'ER
INDUSTRIALS,AR-SKAN
INDUSTRIALS,ARA
INDUSTRIALS,ARA-SKAN
INDUSTRIALS,ARANSK
INDUSTRIALS,ARANT
INDUSTRIALS,ARANTIYA
INDUSTRIALS,ARAT-EK
INDUSTRIALS,ARATM
INDUSTRIALS,ARATOV
INDUSTRIALS,ARATUS
INDUSTRIALS,ARAVELLA
INDUSTRIALS,ARBET
INDUSTRIALS,ARD
INDUSTRIALS,ARDIA
INDUSTRIALS,ARDINAL
INDUSTRIALS,ARDING
INDUSTRIALS,ARDIOLA
INDUSTRIALS,ARECHE
INDUSTRIALS,AREKLAMA
INDUSTRIALS,AREL-2010
INDUSTRIALS,AREM
INDUSTRIALS,ARENDA
INDUSTRIALS,ARES
INDUSTRIALS,ARESOURCE
INDUSTRIALS,ARGEN
INDUSTRIALS,ARGET
INDUSTRIALS,ARGL
INDUSTRIALS,ARGO
INDUSTRIALS,ARI
INDUSTRIALS,ARINE
INDUSTRIALS,ARING
INDUSTRIALS,ARION
INDUSTRIALS,ARISTA
INDUSTRIALS,ARIT-E
INDUSTRIALS,ARITET
INDUSTRIALS,ARITIKA
INDUSTRIALS,ARITSA
INDUSTRIALS,ARIVIST
INDUSTRIALS,ARK
INDUSTRIALS,ARKADA-M
INDUSTRIALS,ARKEMP
INDUSTRIALS,ARKER
INDUSTRIALS,ARKET
INDUSTRIALS,ARKET-M
INDUSTRIALS,ARKETT
INDUSTRIALS,ARKHETIP
INDUSTRIALS,ARKTIKA
INDUSTRIALS,ARKUS
INDUSTRIALS,ARLIZ
INDUSTRIALS,ARMADA-A
INDUSTRIALS,ARMATECH
INDUSTRIALS,ARMATURA
INDUSTRIALS,ARMEISKOE
INDUSTRIALS,ARMO
INDUSTRIALS,ARMO-LAIN
INDUSTRIALS,ARN
INDUSTRIALS,ARNIK
INDUSTRIALS,ARNOST
INDUSTRIALS,AROVSKOE
INDUSTRIALS,ARRZ
INDUSTRIALS,ARSEK
INDUSTRIALS,ARSENAL
INDUSTRIALS,ARSHARING
INDUSTRIALS,ARSK
INDUSTRIALS,ARSMASH
INDUSTRIALS,ARSP
INDUSTRIALS,ARST
INDUSTRIALS,ART
INDUSTRIALS,ART-STROI
INDUSTRIALS,ART-TRANS
INDUSTRIALS,ARTNER
INDUSTRIALS,ARTPARK
INDUSTRIALS,ARTRANS
INDUSTRIALS,ARTUNIVEX
INDUSTRIALS,ARVIS
INDUSTRIALS,ARWAY
INDUSTRIALS,ARY
INDUSTRIALS,AS-STROI
INDUSTRIALS,ASAD
INDUSTRIALS,ASCAN
INDUSTRIALS,ASCO
INDUSTRIALS,ASDM
INDUSTRIALS,ASF
INDUSTRIALS,ASF-TSTO
INDUSTRIALS,ASFALT
INDUSTRIALS,ASH
INDUSTRIALS,ASHINA
INDUSTRIALS,ASHINKO
INDUSTRIALS,ASHPROM
INDUSTRIALS,ASHSERVIS
INDUSTRIALS,ASHZAVOD
INDUSTRIALS,ASI
INDUSTRIALS,ASIA
INDUSTRIALS,ASIBIR
INDUSTRIALS,ASING
INDUSTRIALS,ASK
INDUSTRIALS,ASKAN
INDUSTRIALS,ASKO
INDUSTRIALS,ASKOM
INDUSTRIALS,ASKORP
INDUSTRIALS,ASMIN
INDUSTRIALS,ASMK
INDUSTRIALS,ASNOST'
INDUSTRIALS,ASNOYARSK
INDUSTRIALS,ASONLIT
INDUSTRIALS,ASPAN
INDUSTRIALS,ASPAN-M
INDUSTRIALS,ASPTM
INDUSTRIALS,ASS
INDUSTRIALS,ASSER
INDUSTRIALS,ASSET
INDUSTRIALS,ASSIK
INDUSTRIALS,ASSIR
INDUSTRIALS,ASSTAL
INDUSTRIALS,ASSTROY
INDUSTRIALS,AST
INDUSTRIALS,AST'
INDUSTRIALS,AST-OYL
INDUSTRIALS,ASTARI
INDUSTRIALS,ASTARY
INDUSTRIALS,ASTE
INDUSTRIALS,ASTER
INDUSTRIALS,ASTIK
INDUSTRIALS,ASTIL
INDUSTRIALS,ASTOK
INDUSTRIALS,ASTOMER
INDUSTRIALS,ASTOR
INDUSTRIALS,ASTORIYA
INDUSTRIALS,ASTRIAL
INDUSTRIALS,ASTROS
INDUSTRIALS,ASTWARD
INDUSTRIALS,AT-EK
INDUSTRIALS,AT-PLUS
INDUSTRIALS,AT-SERVIS
INDUSTRIALS,AT-TRANS
INDUSTRIALS,ATAN
INDUSTRIALS,ATB
INDUSTRIALS,ATE
INDUSTRIALS,ATECH
INDUSTRIALS,ATECO
INDUSTRIALS,ATEGY
INDUSTRIALS,ATEKHSNAB
INDUSTRIALS,ATENT
INDUSTRIALS,ATERING
INDUSTRIALS,ATERM
INDUSTRIALS,ATEYN
INDUSTRIALS,ATFORM
INDUSTRIALS,ATFORMA
INDUSTRIALS,ATH
INDUSTRIALS,ATI
INDUSTRIALS,ATIC
INDUSTRIALS,ATIKA
INDUSTRIALS,ATION
INDUSTRIALS,ATIONS
INDUSTRIALS,ATIS
INDUSTRIALS,ATITOKA
INDUSTRIALS,ATIVA
INDUSTRIALS,ATKA
INDUSTRIALS,ATKHS
INDUSTRIALS,ATM
INDUSTRIALS,ATMONTAZH
INDUSTRIALS,ATO
INDUSTRIALS,ATOM
INDUSTRIALS,ATOR
INDUSTRIALS,ATOV
INDUSTRIALS,ATOV-SCAN
INDUSTRIALS,ATP-VMM
INDUSTRIALS,ATPAK
INDUSTRIALS,ATRANS
INDUSTRIALS,ATRANS-M
INDUSTRIALS,ATRI
INDUSTRIALS,ATRITSA
INDUSTRIALS,ATRIUM
INDUSTRIALS,ATRi
INDUSTRIALS,ATS
INDUSTRIALS,ATSERVIS
INDUSTRIALS,ATSII
INDUSTRIALS,ATSII-3
INDUSTRIALS,ATSIYA
INDUSTRIALS,ATSTEKLO
INDUSTRIALS,ATT
INDUSTRIALS,ATTI
INDUSTRIALS,ATURA
INDUSTRIALS,ATURN
INDUSTRIALS,ATUS
INDUSTRIALS,ATUSSIB
INDUSTRIALS,ATY
INDUSTRIALS,AUERESSIG
INDUSTRIALS,AULYUKS
INDUSTRIALS,AUS
INDUSTRIALS,AUTEK
INDUSTRIALS,AUTO
INDUSTRIALS,AUTODOR
INDUSTRIALS,AUTRANS
INDUSTRIALS,AV-TEKHNO
INDUSTRIALS,AVAG
INDUSTRIALS,AVANI-RUS
INDUSTRIALS,AVANT
INDUSTRIALS,AVATRI
INDUSTRIALS,AVATRi
INDUSTRIALS,AVATSIYA
INDUSTRIALS,AVAVTO
INDUSTRIALS,AVELLA
INDUSTRIALS,AVENTA
INDUSTRIALS,AVERS
INDUSTRIALS,AVIA
INDUSTRIALS,AVIGATOR
INDUSTRIALS,AVIND
INDUSTRIALS,AVINSKOE
INDUSTRIALS,AVIR
INDUSTRIALS,AVKA
INDUSTRIALS,AVKAZ
INDUSTRIALS,AVKOM
INDUSTRIALS,AVOD
INDUSTRIALS,AVODAGRO
INDUSTRIALS,AVP-GRUPP
INDUSTRIALS,AVPROM
INDUSTRIALS,AVR
INDUSTRIALS,AVRA
INDUSTRIALS,AVRATSIYA
INDUSTRIALS,AVRIDA
INDUSTRIALS,AVROPOLE
INDUSTRIALS,AVROSS
INDUSTRIALS,AVT
INDUSTRIALS,AVTEYK
INDUSTRIALS,AVTO
INDUSTRIALS,AVTO-PEYK
INDUSTRIALS,AVTOBAN
INDUSTRIALS,AVTOCAR
INDUSTRIALS,AVTODOM
INDUSTRIALS,AVTODOR
INDUSTRIALS,AVTOGRAF
INDUSTRIALS,AVTOGREID
INDUSTRIALS,AVTOGROUP
INDUSTRIALS,AVTOKAR
INDUSTRIALS,AVTOKOM
INDUSTRIALS,AVTOLIDER
INDUSTRIALS,AVTOMOST
INDUSTRIALS,AVTOPARK
INDUSTRIALS,AVTOPROFI
INDUSTRIALS,AVTOPROM
INDUSTRIALS,AVTOTRAK
INDUSTRIALS,AVTOTRANS
INDUSTRIALS,AXION
INDUSTRIALS,AY-GROUP
INDUSTRIALS,AYA
INDUSTRIALS,AYAPRESSA
INDUSTRIALS,AYKER
INDUSTRIALS,AZ'STROI
INDUSTRIALS,AZ-POZNAN
INDUSTRIALS,AZALT
INDUSTRIALS,AZAN
INDUSTRIALS,AZH
INDUSTRIALS,AZH-14
INDUSTRIALS,AZH-2
INDUSTRIALS,AZHMASH
INDUSTRIALS,AZHNIK
INDUSTRIALS,AZIYA
INDUSTRIALS,AZKABEL'
INDUSTRIALS,AZMER
INDUSTRIALS,AZMONTAZH
INDUSTRIALS,AZPROEKT
INDUSTRIALS,AZS-LYUKS
INDUSTRIALS,AZSERVIS
INDUSTRIALS,AZSTROI
INDUSTRIALS,AZSTROY
INDUSTRIALS,AZSURF
INDUSTRIALS,AZTEKH
INDUSTRIALS,Accord
INDUSTRIALS,Account
INDUSTRIALS,Acoustic
INDUSTRIALS,Adhesiv
INDUSTRIALS,Aerodar
INDUSTRIALS,Aerofuels
INDUSTRIALS,Agroklass
INDUSTRIALS,Agrotrak
INDUSTRIALS,Akel
INDUSTRIALS,Akonit
INDUSTRIALS,Akron
INDUSTRIALS,Almera
INDUSTRIALS,Angar
INDUSTRIALS,Anytime
INDUSTRIALS,Arkhetip
INDUSTRIALS,Armada
INDUSTRIALS,Arvis
INDUSTRIALS,Asia
INDUSTRIALS,Atik
INDUSTRIALS,Audit
INDUSTRIALS,Aviton
INDUSTRIALS,Avto
INDUSTRIALS,AxTeam
INDUSTRIALS,B-ALYANS
INDUSTRIALS,B-KZ
INDUSTRIALS,BAG
INDUSTRIALS,BAK
INDUSTRIALS,BAK-STROY
INDUSTRIALS,BAL
INDUSTRIALS,"BAL,"
INDUSTRIALS,BALT
INDUSTRIALS,BALTOP
INDUSTRIALS,BALTRUCK
INDUSTRIALS,BALYUKS
INDUSTRIALS,BAMET-NSK
INDUSTRIALS,BAMET-OKA
INDUSTRIALS,BAN
INDUSTRIALS,BAN'
INDUSTRIALS,BAN-TEKS
INDUSTRIALS,BAR'ER
INDUSTRIALS,BARIT-E
INDUSTRIALS,BARITIKA
INDUSTRIALS,BAS
INDUSTRIALS,BASKORP
INDUSTRIALS,BAT
INDUSTRIALS,BATS
INDUSTRIALS,BAULYUKS
INDUSTRIALS,BAUTRANS
INDUSTRIALS,BAZALT
INDUSTRIALS,BBK
INDUSTRIALS,BBS
INDUSTRIALS,BCC
INDUSTRIALS,BCONCEPT
INDUSTRIALS,BDS
INDUSTRIALS,BEARKEMP
INDUSTRIALS,BEDA
INDUSTRIALS,BEK
INDUSTRIALS,BEL
INDUSTRIALS,BEL'
INDUSTRIALS,BEL-WASTE
INDUSTRIALS,BELMAG
INDUSTRIALS,BELPANEL'
INDUSTRIALS,BELSTAR
INDUSTRIALS,BELTA
INDUSTRIALS,BENEFIT
INDUSTRIALS,BENT
INDUSTRIALS,BEREG
INDUSTRIALS,BESCARGO
INDUSTRIALS,BET
INDUSTRIALS,BETON
INDUSTRIALS,BEUROVAN
INDUSTRIALS,BEVER
INDUSTRIALS,BEYMP
INDUSTRIALS,BEZH
INDUSTRIALS,BGLASS
INDUSTRIALS,BGMS
INDUSTRIALS,BGW
INDUSTRIALS,BH-SIB
INDUSTRIALS,BI74
INDUSTRIALS,BICOM
INDUSTRIALS,BIGKAR
INDUSTRIALS,BIL
INDUSTRIALS,BIL'
INDUSTRIALS,BIL-NN
INDUSTRIALS,BILD
INDUSTRIALS,BILET
INDUSTRIALS,BINSK
INDUSTRIALS,BINSKII
INDUSTRIALS,BINSKOE
INDUSTRIALS,BIO
INDUSTRIALS,BIOLUM
INDUSTRIALS,BIOPLAST
INDUSTRIALS,BIPI
INDUSTRIALS,BIR
INDUSTRIALS,BIR'
INDUSTRIALS,BIRSK
INDUSTRIALS,BIRSKII
INDUSTRIALS,BIS
INDUSTRIALS,BITEK
INDUSTRIALS,BITEKH
INDUSTRIALS,BITEKS
INDUSTRIALS,BITEYK
INDUSTRIALS,BIVER
INDUSTRIALS,BIZNES
INDUSTRIALS,BIZNESBAS
INDUSTRIALS,BKRANSBYT
INDUSTRIALS,BLE
INDUSTRIALS,BLESK
INDUSTRIALS,BLOGIKS
INDUSTRIALS,BLOK
INDUSTRIALS,BLTRANS-1
INDUSTRIALS,BM-TRANS
INDUSTRIALS,BMASH
INDUSTRIALS,BMETALL
INDUSTRIALS,BNA
INDUSTRIALS,BOEUF
INDUSTRIALS,BOL
INDUSTRIALS,BONUM
INDUSTRIALS,BOPROVOD
INDUSTRIALS,BOR
INDUSTRIALS,BOR-S
INDUSTRIALS,BOTKA
INDUSTRIALS,BOUTTE
INDUSTRIALS,BOVID
INDUSTRIALS,BOVMASH
INDUSTRIALS,BR'SKOE
INDUSTRIALS,BR-RUS
INDUSTRIALS,BR-TRADE
INDUSTRIALS,BRIG
INDUSTRIALS,BRIKA
INDUSTRIALS,BRIKATY
INDUSTRIALS,BROGA
INDUSTRIALS,BROKER
INDUSTRIALS,BROS
INDUSTRIALS,BROZEX
INDUSTRIALS,BRSKOE
INDUSTRIALS,BRUNSWICK
INDUSTRIALS,BS-KAVKAZ
INDUSTRIALS,BSERVIS
INDUSTRIALS,BSHCHE
INDUSTRIALS,BSHCHEPIT
INDUSTRIALS,BSS
INDUSTRIALS,BST
INDUSTRIALS,BSTROI
INDUSTRIALS,BTEKHMET
INDUSTRIALS,BTK
INDUSTRIALS,BTRAKSKAN
INDUSTRIALS,BTS
INDUSTRIALS,BTS-TREST
INDUSTRIALS,BUER
INDUSTRIALS,BUGA
INDUSTRIALS,BUHLER
INDUSTRIALS,BUNKER
INDUSTRIALS,BURG
INDUSTRIALS,BURG-OPT
INDUSTRIALS,BURGEOKOM
INDUSTRIALS,BURGSKAN
INDUSTRIALS,BURMASH
INDUSTRIALS,BUROVYE
INDUSTRIALS,BVB
INDUSTRIALS,BWG
INDUSTRIALS,BYT
INDUSTRIALS,BYTSTROI
INDUSTRIALS,BZ-1
INDUSTRIALS,BZPA
INDUSTRIALS,BZRP
INDUSTRIALS,BZTO
INDUSTRIALS,Bastion
INDUSTRIALS,Baumit
INDUSTRIALS,Bautex
INDUSTRIALS,Beskargo
INDUSTRIALS,Broker
INDUSTRIALS,C-EURASIA
INDUSTRIALS,C-FK
INDUSTRIALS,C-N
INDUSTRIALS,C-R.O.S.T
INDUSTRIALS,C-TRADE
INDUSTRIALS,CAB
INDUSTRIALS,CABEL
INDUSTRIALS,CABLE
INDUSTRIALS,CALL
INDUSTRIALS,CAME
INDUSTRIALS,CAMINANDO
INDUSTRIALS,CAN
INDUSTRIALS,CANTREVA
INDUSTRIALS,CAPEFAR
INDUSTRIALS,CAPITAL
INDUSTRIALS,CAR
INDUSTRIALS,CARDINAL
INDUSTRIALS,CARGO
INDUSTRIALS,CAS
INDUSTRIALS,CATERING
INDUSTRIALS,CATION
INDUSTRIALS,CBM
INDUSTRIALS,CCAS
INDUSTRIALS,CE-AVIA
INDUSTRIALS,CE-MOTOR
INDUSTRIALS,CENTER
INDUSTRIALS,CENTEX
INDUSTRIALS,CENTR
INDUSTRIALS,CENTRE
INDUSTRIALS,CENTRUM
INDUSTRIALS,CEPT
INDUSTRIALS,CERAMICS
INDUSTRIALS,CES
INDUSTRIALS,CESC
INDUSTRIALS,CH-GRUPP
INDUSTRIALS,CHAIKA-NN
INDUSTRIALS,CHAST
INDUSTRIALS,CHAST'
INDUSTRIALS,CHC
INDUSTRIALS,CHCOMPLEX
INDUSTRIALS,CHE
INDUSTRIALS,CHEAZ
INDUSTRIALS,CHEG
INDUSTRIALS,CHEM
INDUSTRIALS,CHEMREM
INDUSTRIALS,CHEMZ
INDUSTRIALS,CHENSK
INDUSTRIALS,CHEPIT
INDUSTRIALS,CHERMET
INDUSTRIALS,CHESKAYA
INDUSTRIALS,CHESKIE
INDUSTRIALS,CHESKII
INDUSTRIALS,CHEYMZ
INDUSTRIALS,CHIEDEL
INDUSTRIALS,CHIK
INDUSTRIALS,CHINVEST
INDUSTRIALS,CHIT
INDUSTRIALS,CHKZ
INDUSTRIALS,CHNIKA
INDUSTRIALS,CHNODOM
INDUSTRIALS,CHNOFRESH
INDUSTRIALS,CHNOGROUP
INDUSTRIALS,CHNOLOGIE
INDUSTRIALS,CHNONIKOL
INDUSTRIALS,CHNOTRADE
INDUSTRIALS,CHNYI
INDUSTRIALS,CHNYY
INDUSTRIALS,CHROM
INDUSTRIALS,CHSAYKER
INDUSTRIALS,CHSTROI
INDUSTRIALS,CHTK
INDUSTRIALS,CHZMEK
INDUSTRIALS,CIA
INDUSTRIALS,CIDE
INDUSTRIALS,CITOOL
INDUSTRIALS,CITY
INDUSTRIALS,CITYMATIC
INDUSTRIALS,CIY
INDUSTRIALS,CIYA
INDUSTRIALS,CKANE
INDUSTRIALS,CKPLAN
INDUSTRIALS,CLEAN.RU
INDUSTRIALS,CLEANING
INDUSTRIALS,CLH
INDUSTRIALS,CLO
INDUSTRIALS,CLP
INDUSTRIALS,CLT
INDUSTRIALS,CO-SITI
INDUSTRIALS,CO.
INDUSTRIALS,COAL
INDUSTRIALS,COLIGHT
INDUSTRIALS,COLOGY
INDUSTRIALS,COM
INDUSTRIALS,COMFLOT
INDUSTRIALS,COMMERZ
INDUSTRIALS,COMP
INDUSTRIALS,COMPANY
INDUSTRIALS,COMPAS
INDUSTRIALS,COMPASS
INDUSTRIALS,COMPLEX
INDUSTRIALS,CON
INDUSTRIALS,CONCEPT
INDUSTRIALS,COND
INDUSTRIALS,CONTACT
INDUSTRIALS,CONTAINER
INDUSTRIALS,COR
INDUSTRIALS,COR-PROOF
INDUSTRIALS,CORT
INDUSTRIALS,CREDIT
INDUSTRIALS,CRW
INDUSTRIALS,CSA
INDUSTRIALS,CSP
INDUSTRIALS,CT-URAL
INDUSTRIALS,CTION
INDUSTRIALS,CTOL
INDUSTRIALS,CTOR
INDUSTRIALS,CTOR-PM
INDUSTRIALS,CTR
INDUSTRIALS,CTSERVICE
INDUSTRIALS,CUBQ
INDUSTRIALS,CURITY
INDUSTRIALS,CURY
INDUSTRIALS,CUSTOMS
INDUSTRIALS,Callisto
INDUSTRIALS,Cedrus
INDUSTRIALS,Center
INDUSTRIALS,Centre
INDUSTRIALS,Chtk
INDUSTRIALS,ComFlot
INDUSTRIALS,ConLab
INDUSTRIALS,Container
INDUSTRIALS,Credo
INDUSTRIALS,Customs
INDUSTRIALS,D-2
INDUSTRIALS,D-BROKER
INDUSTRIALS,D-GRUPP
INDUSTRIALS,D-ICE
INDUSTRIALS,D-L
INDUSTRIALS,D-STROI
INDUSTRIALS,D-center
INDUSTRIALS,DA-A
INDUSTRIALS,DA-M
INDUSTRIALS,DAF
INDUSTRIALS,DAG46
INDUSTRIALS,DAGRO
INDUSTRIALS,DAIK
INDUSTRIALS,DALAKOR
INDUSTRIALS,DALIKA
INDUSTRIALS,DAMANT
INDUSTRIALS,DANIELI
INDUSTRIALS,DANPROEKT
INDUSTRIALS,DAR
INDUSTRIALS,DAR-SKAN
INDUSTRIALS,DARENDA
INDUSTRIALS,DARNOST
INDUSTRIALS,DARTPARK
INDUSTRIALS,DASKAN
INDUSTRIALS,DASTRIAL
INDUSTRIALS,DCHIK
INDUSTRIALS,DCIDE
INDUSTRIALS,DCM
INDUSTRIALS,DCS
INDUSTRIALS,DDORSTROI
INDUSTRIALS,DEALING
INDUSTRIALS,DEBEVER
INDUSTRIALS,DECO
INDUSTRIALS,DEDOVO
INDUSTRIALS,DEKA-S
INDUSTRIALS,DEKOR
INDUSTRIALS,DEL
INDUSTRIALS,DEL'TA
INDUSTRIALS,DELAN
INDUSTRIALS,DELKO
INDUSTRIALS,DELO
INDUSTRIALS,DELOPORTS
INDUSTRIALS,DELVEYS
INDUSTRIALS,DEM
INDUSTRIALS,DEMETRA
INDUSTRIALS,DENIE
INDUSTRIALS,DENSET
INDUSTRIALS,DENTRO
INDUSTRIALS,DEOTRON
INDUSTRIALS,DEQ
INDUSTRIALS,DER
INDUSTRIALS,DER-SEVER
INDUSTRIALS,DER-STROI
INDUSTRIALS,DER-ZAPAD
INDUSTRIALS,DETAL
INDUSTRIALS,DETAL'
INDUSTRIALS,DEX.DRIVE
INDUSTRIALS,DEXPORT
INDUSTRIALS,DEYP
INDUSTRIALS,DEZIYA
INDUSTRIALS,DFELT
INDUSTRIALS,DFF
INDUSTRIALS,DFS
INDUSTRIALS,DIA
INDUSTRIALS,DIAKONT
INDUSTRIALS,DIALOG
INDUSTRIALS,DIAN
INDUSTRIALS,DIAN-SB
INDUSTRIALS,DICIA
INDUSTRIALS,DICIYA
INDUSTRIALS,DIESEL
INDUSTRIALS,DIGITAL
INDUSTRIALS,DIN
INDUSTRIALS,DINAL
INDUSTRIALS,DINAMIKA
INDUSTRIALS,DING
INDUSTRIALS,DINTSOVO
INDUSTRIALS,DIO
INDUSTRIALS,DIOLA
INDUSTRIALS,DIPOL'
INDUSTRIALS,DIPOS
INDUSTRIALS,DIROVANIE
INDUSTRIALS,DIS
INDUSTRIALS,DIS-M
INDUSTRIALS,DISPAK
INDUSTRIALS,DIT
INDUSTRIALS,DITIM
INDUSTRIALS,DITION
INDUSTRIALS,DITSIYA
INDUSTRIALS,DIUS
INDUSTRIALS,DIYA
INDUSTRIALS,DIZAIN
INDUSTRIALS,DIZEL
INDUSTRIALS,DKABEL'
INDUSTRIALS,DL-Trans
INDUSTRIALS,DLAIN
INDUSTRIALS,DLK
INDUSTRIALS,DLTK
INDUSTRIALS,DM-LAIT
INDUSTRIALS,DMASH
INDUSTRIALS,DMET
INDUSTRIALS,DMINER
INDUSTRIALS,DMONTAZH
INDUSTRIALS,DMP
INDUSTRIALS,DMS
INDUSTRIALS,DMZ
INDUSTRIALS,DNEPR
INDUSTRIALS,DNIIMF
INDUSTRIALS,DNS
INDUSTRIALS,DOBROGA
INDUSTRIALS,DOKART
INDUSTRIALS,DOM
INDUSTRIALS,DON
INDUSTRIALS,DONROAD
INDUSTRIALS,DOORLOCK
INDUSTRIALS,DOR
INDUSTRIALS,DOREYLIT
INDUSTRIALS,DORINVEST
INDUSTRIALS,DORIS
INDUSTRIALS,DORISS
INDUSTRIALS,DORMASH
INDUSTRIALS,DORMETAL
INDUSTRIALS,DORMETALL
INDUSTRIALS,DORMOST
INDUSTRIALS,DORSERVIS
INDUSTRIALS,DORSNAB
INDUSTRIALS,DORSTROI
INDUSTRIALS,DORSTROY
INDUSTRIALS,"DORSTROY,"
INDUSTRIALS,DORTEKH
INDUSTRIALS,DORTRANS
INDUSTRIALS,DOVANIE
INDUSTRIALS,DOVO
INDUSTRIALS,DPT
INDUSTRIALS,DR-STROY
INDUSTRIALS,DRAFT
INDUSTRIALS,DRAIV
INDUSTRIALS,DRAT
INDUSTRIALS,DRIGA
INDUSTRIALS,DRIVE
INDUSTRIALS,DROGAS
INDUSTRIALS,DROMASH
INDUSTRIALS,DROSTROI
INDUSTRIALS,DRSU-10
INDUSTRIALS,DRYADCHIK
INDUSTRIALS,DS-IMPEKS
INDUSTRIALS,DS-RITEIL
INDUSTRIALS,DSERVIS
INDUSTRIALS,DSG
INDUSTRIALS,DSGROUP
INDUSTRIALS,DSIO
INDUSTRIALS,DSK
INDUSTRIALS,DSKOE
INDUSTRIALS,DSP
INDUSTRIALS,DSR
INDUSTRIALS,DSS
INDUSTRIALS,DST
INDUSTRIALS,DSTROI
INDUSTRIALS,DSTROY
INDUSTRIALS,DSTVO
INDUSTRIALS,DSU-1
INDUSTRIALS,DSU-38
INDUSTRIALS,DSU-7
INDUSTRIALS,DSVS
INDUSTRIALS,DTK
INDUSTRIALS,DTRAK
INDUSTRIALS,DTRANS
INDUSTRIALS,DTROL
INDUSTRIALS,DTROL'
INDUSTRIALS,DUCTOR-PM
INDUSTRIALS,DUKT
INDUSTRIALS,DUL
INDUSTRIALS,DUSTRIES
INDUSTRIALS,DUSTRIYA
INDUSTRIALS,DVEREY
INDUSTRIALS,DVESKA
INDUSTRIALS,DVIZHIMY
INDUSTRIALS,DWESTLAB
INDUSTRIALS,DYA
INDUSTRIALS,DYUTON-N
INDUSTRIALS,DZHI
INDUSTRIALS,DZHMENT
INDUSTRIALS,DZOR
INDUSTRIALS,Delo
INDUSTRIALS,DeloPorts
INDUSTRIALS,Dipaul
INDUSTRIALS,Dks
INDUSTRIALS,Dnepr
INDUSTRIALS,Doriss
INDUSTRIALS,Dorstroy
INDUSTRIALS,Dynapac
INDUSTRIALS,E-AVIA
INDUSTRIALS,E-MOTOR
INDUSTRIALS,E-PROJECT
INDUSTRIALS,E-TRANS
INDUSTRIALS,EADMINER
INDUSTRIALS,EALING
INDUSTRIALS,EALITI
INDUSTRIALS,EALMARKET
INDUSTRIALS,EAN.RU
INDUSTRIALS,EANING
INDUSTRIALS,EARKEMP
INDUSTRIALS,EASING
INDUSTRIALS,EASTWARD
INDUSTRIALS,EAT
INDUSTRIALS,EAZ
INDUSTRIALS,EBEVER
INDUSTRIALS,EBOEUF
INDUSTRIALS,ECAB
INDUSTRIALS,ECH
INDUSTRIALS,ECHE
INDUSTRIALS,ECHEM
INDUSTRIALS,ECHNIKA
INDUSTRIALS,ECHNODOM
INDUSTRIALS,ECITOOL
INDUSTRIALS,ECO
INDUSTRIALS,ECO-SITI
INDUSTRIALS,ECOLIGHT
INDUSTRIALS,ECOLOGY
INDUSTRIALS,ECONCEPT
INDUSTRIALS,ECONTACT
INDUSTRIALS,ECRW
INDUSTRIALS,ECSA
INDUSTRIALS,ECT
INDUSTRIALS,ECT-URAL
INDUSTRIALS,ECTOL
INDUSTRIALS,ECTR
INDUSTRIALS,ECURITY
INDUSTRIALS,ED-center
INDUSTRIALS,EDA
INDUSTRIALS,EDEL
INDUSTRIALS,EDELVEYS
INDUSTRIALS,EDEXPORT
INDUSTRIALS,EDICIYA
INDUSTRIALS,EDIT
INDUSTRIALS,EDITION
INDUSTRIALS,EDITSIYA
INDUSTRIALS,EDO
INDUSTRIALS,EDOVO
INDUSTRIALS,EDTRAK
INDUSTRIALS,EDVIZHIMY
INDUSTRIALS,EDZHMENT
INDUSTRIALS,EEL
INDUSTRIALS,EELEX
INDUSTRIALS,EEM
INDUSTRIALS,EEN
INDUSTRIALS,EERING
INDUSTRIALS,EESENBURG
INDUSTRIALS,EET
INDUSTRIALS,EFAR
INDUSTRIALS,EFENS-RUS
INDUSTRIALS,EFESK
INDUSTRIALS,EFIT
INDUSTRIALS,EFT'
INDUSTRIALS,EFTEKHIM
INDUSTRIALS,EFTEMASH
INDUSTRIALS,EFTRANS
INDUSTRIALS,EGA
INDUSTRIALS,EGA-OIL
INDUSTRIALS,EGA-STROI
INDUSTRIALS,EGANEFT'
INDUSTRIALS,EGASKAN
INDUSTRIALS,EGAT
INDUSTRIALS,EGI
INDUSTRIALS,EGION
INDUSTRIALS,EGRA
INDUSTRIALS,EGRATECH
INDUSTRIALS,EGRATION
INDUSTRIALS,EGRATOR
INDUSTRIALS,EGRITI
INDUSTRIALS,EGT
INDUSTRIALS,EGY
INDUSTRIALS,EHAU
INDUSTRIALS,EHAZ
INDUSTRIALS,EHFLOT
INDUSTRIALS,EHNOROS
INDUSTRIALS,EHTREID
INDUSTRIALS,EI-GRUPP
INDUSTRIALS,EI-KABEL
INDUSTRIALS,EI-SERVIS
INDUSTRIALS,EID
INDUSTRIALS,EIDING
INDUSTRIALS,EIDSERVIS
INDUSTRIALS,EIGER
INDUSTRIALS,EIGHT
INDUSTRIALS,EIL
INDUSTRIALS,EISKOE
INDUSTRIALS,EISS
INDUSTRIALS,EIT
INDUSTRIALS,EK-Global
INDUSTRIALS,EKA-S
INDUSTRIALS,EKA-STORY
INDUSTRIALS,EKA-STROI
INDUSTRIALS,EKAMET
INDUSTRIALS,EKATERM
INDUSTRIALS,EKH
INDUSTRIALS,EKH-SK
INDUSTRIALS,EKHANIK
INDUSTRIALS,EKHFLOT
INDUSTRIALS,EKHFORM
INDUSTRIALS,EKHIM
INDUSTRIALS,EKHIMPROM
INDUSTRIALS,EKHIMSNAB
INDUSTRIALS,EKHINSNAB
INDUSTRIALS,EKHINVEX
INDUSTRIALS,EKHKABEL
INDUSTRIALS,EKHKOM
INDUSTRIALS,EKHKRAN
INDUSTRIALS,EKHMASH
INDUSTRIALS,EKHMET
INDUSTRIALS,EKHNADZOR
INDUSTRIALS,EKHNEKS
INDUSTRIALS,EKHNIK
INDUSTRIALS,EKHNIKA
INDUSTRIALS,EKHNIKS
INDUSTRIALS,EKHNO
INDUSTRIALS,EKHNODAR
INDUSTRIALS,EKHNODOR
INDUSTRIALS,EKHNOKOM
INDUSTRIALS,EKHNOPAN
INDUSTRIALS,EKHNOPRO
INDUSTRIALS,EKHNOPROM
INDUSTRIALS,EKHNOROS
INDUSTRIALS,EKHNOSILA
INDUSTRIALS,EKHNOSNAB
INDUSTRIALS,EKHNOSTIL
INDUSTRIALS,EKHPARK
INDUSTRIALS,EKHPROEKT
INDUSTRIALS,EKHPROM
INDUSTRIALS,EKHRENT
INDUSTRIALS,EKHSERVIS
INDUSTRIALS,EKHSNAB
INDUSTRIALS,EKHSTROI
INDUSTRIALS,EKHSTROY
INDUSTRIALS,EKKANISKA
INDUSTRIALS,EKLAMA
INDUSTRIALS,EKLO
INDUSTRIALS,EKLOMASH
INDUSTRIALS,EKO
INDUSTRIALS,EKOLEND
INDUSTRIALS,EKOLOGIYA
INDUSTRIALS,EKOM
INDUSTRIALS,EKON
INDUSTRIALS,EKOR
INDUSTRIALS,EKORESURS
INDUSTRIALS,EKOS-S
INDUSTRIALS,EKOTON
INDUSTRIALS,EKOVYVOZ
INDUSTRIALS,EKS
INDUSTRIALS,EKS-RU
INDUSTRIALS,EKS-TRADE
INDUSTRIALS,EKSA
INDUSTRIALS,EKSPORTER
INDUSTRIALS,EKSPRESS
INDUSTRIALS,EKT
INDUSTRIALS,EKT-YAVIR
INDUSTRIALS,EKTATSIYA
INDUSTRIALS,EKTOR
INDUSTRIALS,EKTRA
INDUSTRIALS,EKTREMONT
INDUSTRIALS,EKTRIK
INDUSTRIALS,EKTRO
INDUSTRIALS,EKTROMASH
INDUSTRIALS,EKTRUM
INDUSTRIALS,EKTSERVIS
INDUSTRIALS,EKTSTROI
INDUSTRIALS,EKTUM
INDUSTRIALS,EL'
INDUSTRIALS,EL'-KARGO
INDUSTRIALS,EL'MASH
INDUSTRIALS,EL'NAYA
INDUSTRIALS,EL'TA
INDUSTRIALS,EL'TASKAN
INDUSTRIALS,EL-2010
INDUSTRIALS,EL-AGRO
INDUSTRIALS,EL-DIS
INDUSTRIALS,EL-EKO
INDUSTRIALS,EL-WASTE
INDUSTRIALS,EL7
INDUSTRIALS,ELAN
INDUSTRIALS,ELCOM
INDUSTRIALS,ELD
INDUSTRIALS,ELDIN
INDUSTRIALS,ELEKOM
INDUSTRIALS,ELEKON
INDUSTRIALS,ELEKTRA
INDUSTRIALS,ELEKTRIK
INDUSTRIALS,ELEMATIKA
INDUSTRIALS,ELEMENT
INDUSTRIALS,ELEMENTUM
INDUSTRIALS,ELENG
INDUSTRIALS,ELES
INDUSTRIALS,ELEX
INDUSTRIALS,ELI
INDUSTRIALS,ELISTON
INDUSTRIALS,ELITTRANS
INDUSTRIALS,ELKAB-KZ
INDUSTRIALS,ELKAMP
INDUSTRIALS,ELKO
INDUSTRIALS,ELL
INDUSTRIALS,ELLA
INDUSTRIALS,ELLADA
INDUSTRIALS,ELLAN
INDUSTRIALS,ELLIA
INDUSTRIALS,ELMAG
INDUSTRIALS,ELMASH
INDUSTRIALS,ELO
INDUSTRIALS,ELOPMENT
INDUSTRIALS,ELOPORTS
INDUSTRIALS,ELPANEL'
INDUSTRIALS,ELPROM
INDUSTRIALS,ELPROM-MS
INDUSTRIALS,ELS
INDUSTRIALS,ELSI
INDUSTRIALS,ELSIB
INDUSTRIALS,ELSTAR
INDUSTRIALS,ELSTROY
INDUSTRIALS,ELT
INDUSTRIALS,ELTA
INDUSTRIALS,ELVEYS
INDUSTRIALS,ELVY
INDUSTRIALS,ELYABINSK
INDUSTRIALS,EM'E
INDUSTRIALS,EM-CABEL
INDUSTRIALS,EMA
INDUSTRIALS,EMAIR
INDUSTRIALS,EMAN
INDUSTRIALS,EMARGL
INDUSTRIALS,EMASH
INDUSTRIALS,EMATIKA
INDUSTRIALS,EMCO
INDUSTRIALS,EME
INDUSTRIALS,EMEKS
INDUSTRIALS,EMEN
INDUSTRIALS,EMENT
INDUSTRIALS,EMENTUM
INDUSTRIALS,EMETEVO
INDUSTRIALS,EMETIEVO
INDUSTRIALS,EMETRA
INDUSTRIALS,EMETYEVO
INDUSTRIALS,EMFASAD
INDUSTRIALS,EMIE
INDUSTRIALS,EMKEN-RUS
INDUSTRIALS,EMLITSA
INDUSTRIALS,EMO
INDUSTRIALS,EMOE
INDUSTRIALS,EMONT
INDUSTRIALS,EMONTNAYA
INDUSTRIALS,EMP
INDUSTRIALS,EMPELKAMP
INDUSTRIALS,EMPO
INDUSTRIALS,EMREM
INDUSTRIALS,EMS
INDUSTRIALS,EMSERVICE
INDUSTRIALS,EMSTA
INDUSTRIALS,EMSTROI
INDUSTRIALS,EMTIKA
INDUSTRIALS,EMTREID
INDUSTRIALS,EMY
INDUSTRIALS,EMZ
INDUSTRIALS,EN'
INDUSTRIALS,EN'TEL
INDUSTRIALS,EN-RUS
INDUSTRIALS,ENA
INDUSTRIALS,ENAL
INDUSTRIALS,ENAL-NT
INDUSTRIALS,ENAR
INDUSTRIALS,ENBURG
INDUSTRIALS,END
INDUSTRIALS,ENDA
INDUSTRIALS,ENDER
INDUSTRIALS,ENEERING
INDUSTRIALS,ENEFIT
INDUSTRIALS,ENERGIYA
INDUSTRIALS,ENERGO
INDUSTRIALS,ENERGY
INDUSTRIALS,ENG
INDUSTRIALS,ENGEL
INDUSTRIALS,ENGO
INDUSTRIALS,ENGROSS
INDUSTRIALS,ENH
INDUSTRIALS,ENIE
INDUSTRIALS,ENIT
INDUSTRIALS,ENIUM
INDUSTRIALS,ENMER-M
INDUSTRIALS,ENNIK
INDUSTRIALS,ENNOVA
INDUSTRIALS,ENPO
INDUSTRIALS,ENS-RUS
INDUSTRIALS,ENSET
INDUSTRIALS,ENSK
INDUSTRIALS,ENSKY
INDUSTRIALS,ENSOR
INDUSTRIALS,ENSTROI
INDUSTRIALS,ENT
INDUSTRIALS,ENT-TREID
INDUSTRIALS,ENTA
INDUSTRIALS,ENTAVRA
INDUSTRIALS,ENTER
INDUSTRIALS,ENTERIJER
INDUSTRIALS,ENTEX
INDUSTRIALS,ENTGEN
INDUSTRIALS,ENTIAL
INDUSTRIALS,ENTO
INDUSTRIALS,ENTOR
INDUSTRIALS,ENTR
INDUSTRIALS,ENTR-AGRO
INDUSTRIALS,ENTRA
INDUSTRIALS,ENTRE
INDUSTRIALS,ENTRO
INDUSTRIALS,ENTRUM
INDUSTRIALS,ENTSTROI
INDUSTRIALS,ENTUM
INDUSTRIALS,EOCENTER
INDUSTRIALS,EOCHEM
INDUSTRIALS,EODEZIYA
INDUSTRIALS,EOIZOL
INDUSTRIALS,EOKOM
INDUSTRIALS,EOL
INDUSTRIALS,EOLAB
INDUSTRIALS,EORA
INDUSTRIALS,EOSTROY
INDUSTRIALS,EOTEK
INDUSTRIALS,EOTRON
INDUSTRIALS,EPEZH
INDUSTRIALS,EPIT
INDUSTRIALS,EPK
INDUSTRIALS,EPLOSFERA
INDUSTRIALS,EPM
INDUSTRIALS,EPR
INDUSTRIALS,EPRODUKT
INDUSTRIALS,EPSC
INDUSTRIALS,EPSK
INDUSTRIALS,EPT
INDUSTRIALS,EQUIPMENT
INDUSTRIALS,EQURITY
INDUSTRIALS,ER'ER
INDUSTRIALS,ER-CENTR
INDUSTRIALS,ER-GRUPP
INDUSTRIALS,ER-INVEST
INDUSTRIALS,ER-M
INDUSTRIALS,ER-REGION
INDUSTRIALS,ER-SERVIS
INDUSTRIALS,ER-SEVER
INDUSTRIALS,ER-STROI
INDUSTRIALS,ER-T
INDUSTRIALS,ER-TOLEDO
INDUSTRIALS,ER-TSFO
INDUSTRIALS,ER-VANINO
INDUSTRIALS,ER-ZAPAD
INDUSTRIALS,ERA
INDUSTRIALS,ERABOTKA
INDUSTRIALS,ERAMICS
INDUSTRIALS,ERAMIKA
INDUSTRIALS,ERAMIN
INDUSTRIALS,ERATIONS
INDUSTRIALS,ERBUNKER
INDUSTRIALS,ERBURG
INDUSTRIALS,ERCOMP
INDUSTRIALS,ERCURY
INDUSTRIALS,EREG
INDUSTRIALS,EREMETEVO
INDUSTRIALS,ERENERGO
INDUSTRIALS,ERESSIG
INDUSTRIALS,EREST
INDUSTRIALS,EREY
INDUSTRIALS,ERFAX
INDUSTRIALS,ERGETIKA
INDUSTRIALS,ERGIYA
INDUSTRIALS,ERGO
INDUSTRIALS,ERGO-UIK
INDUSTRIALS,ERGOFORM
INDUSTRIALS,ERGOGROUP
INDUSTRIALS,ERGOKOM
INDUSTRIALS,ERGOLIT
INDUSTRIALS,ERGOMASH
INDUSTRIALS,ERGOMERA
INDUSTRIALS,ERGOPITER
INDUSTRIALS,ERGOPROM
INDUSTRIALS,ERGOSILA
INDUSTRIALS,ERGOSTROI
INDUSTRIALS,ERGOSTROY
INDUSTRIALS,ERGOTEL
INDUSTRIALS,ERGOTRADE
INDUSTRIALS,ERGRUZ
INDUSTRIALS,ERGY
INDUSTRIALS,ERH
INDUSTRIALS,ERIDIAN
INDUSTRIALS,ERIJER
INDUSTRIALS,ERINBURG
INDUSTRIALS,ERING
INDUSTRIALS,ERKATOR
INDUSTRIALS,ERKURII
INDUSTRIALS,ERM
INDUSTRIALS,ERMES
INDUSTRIALS,ERMET
INDUSTRIALS,ERMINAL
INDUSTRIALS,ERMOKUL
INDUSTRIALS,ERMOSTROY
INDUSTRIALS,ERMOTRON
INDUSTRIALS,ERMSKAYA
INDUSTRIALS,ERNATIVA
INDUSTRIALS,ERNOZEM'E
INDUSTRIALS,ERNOZEME
INDUSTRIALS,ERNOZEMIE
INDUSTRIALS,ERO
INDUSTRIALS,ERO-ZAPAD
INDUSTRIALS,EROFLOT
INDUSTRIALS,EROINYE
INDUSTRIALS,EROMASH
INDUSTRIALS,ERON
INDUSTRIALS,ERPAK
INDUSTRIALS,ERPOLE
INDUSTRIALS,ERPUKHOV
INDUSTRIALS,ERRIT
INDUSTRIALS,ERRIT63
INDUSTRIALS,ERRITORY
INDUSTRIALS,ERRUM-F
INDUSTRIALS,ERRUM-S
INDUSTRIALS,ERS
INDUSTRIALS,ERSERVIS
INDUSTRIALS,ERSKOE
INDUSTRIALS,ERSLLC
INDUSTRIALS,ERSTEIGER
INDUSTRIALS,ERSTROI
INDUSTRIALS,ERT-KABEL
INDUSTRIALS,ERTER
INDUSTRIALS,ERTIKAL
INDUSTRIALS,ERTRANS
INDUSTRIALS,ERTRIEB
INDUSTRIALS,ERTRO
INDUSTRIALS,ERV
INDUSTRIALS,ERVICE
INDUSTRIALS,ERVIS
INDUSTRIALS,ERVIS-SPB
INDUSTRIALS,ERVYI
INDUSTRIALS,ERZ
INDUSTRIALS,ERZHINSK
INDUSTRIALS,ES-PROM
INDUSTRIALS,ES-VEKTOR
INDUSTRIALS,ESBAS
INDUSTRIALS,ESC
INDUSTRIALS,ESCARGO
INDUSTRIALS,ESCHENSK
INDUSTRIALS,ESCO
INDUSTRIALS,ESCORT
INDUSTRIALS,ESEL
INDUSTRIALS,ESENBURG
INDUSTRIALS,ESEXPORT
INDUSTRIALS,ESH
INDUSTRIALS,ESINTEZ
INDUSTRIALS,ESINVEST
INDUSTRIALS,ESIS
INDUSTRIALS,ESK
INDUSTRIALS,ESKA
INDUSTRIALS,ESKAN
INDUSTRIALS,ESKAYA
INDUSTRIALS,ESKIE
INDUSTRIALS,ESKII
INDUSTRIALS,ESLI
INDUSTRIALS,ESOURCE
INDUSTRIALS,ESOURCES
INDUSTRIALS,ESPEKT
INDUSTRIALS,ESPORT
INDUSTRIALS,ESQ
INDUSTRIALS,ESS
INDUSTRIALS,ESSA
INDUSTRIALS,ESSIG
INDUSTRIALS,ESSIONAL
INDUSTRIALS,ESSMANN
INDUSTRIALS,ESSMASH
INDUSTRIALS,ESSMO
INDUSTRIALS,ESSORMASH
INDUSTRIALS,ESSP
INDUSTRIALS,ESSSTROY
INDUSTRIALS,EST
INDUSTRIALS,EST-URAL
INDUSTRIALS,ESTA
INDUSTRIALS,ESTEC
INDUSTRIALS,ESTIZH
INDUSTRIALS,ESTLAB
INDUSTRIALS,ESTO
INDUSTRIALS,ESTRA
INDUSTRIALS,ESTRALIN
INDUSTRIALS,ESTROI-KA
INDUSTRIALS,ESTROIKA
INDUSTRIALS,ESTROYKA
INDUSTRIALS,ESURS
INDUSTRIALS,ET-BILET
INDUSTRIALS,ET-KAMA
INDUSTRIALS,ET-M
INDUSTRIALS,ET-MOSKVA
INDUSTRIALS,ET-NSK
INDUSTRIALS,ET-OKA
INDUSTRIALS,ET-PLYUS
INDUSTRIALS,ET-SAMARA
INDUSTRIALS,ET-STROI
INDUSTRIALS,ET-TRANS
INDUSTRIALS,ET-URAL
INDUSTRIALS,ET-VOLGA
INDUSTRIALS,ETA
INDUSTRIALS,ETAL
INDUSTRIALS,ETAL'
INDUSTRIALS,ETALL
INDUSTRIALS,ETALLINE
INDUSTRIALS,ETALLIST
INDUSTRIALS,ETALLON
INDUSTRIALS,ETERBURG
INDUSTRIALS,ETEVO
INDUSTRIALS,ETI-MAKS
INDUSTRIALS,ETIEVO
INDUSTRIALS,ETIKA
INDUSTRIALS,ETIP
INDUSTRIALS,ETIZ
INDUSTRIALS,ETIZTRANS
INDUSTRIALS,ETKOM
INDUSTRIALS,ETLANA-K
INDUSTRIALS,ETM
INDUSTRIALS,ETNAYA
INDUSTRIALS,ETON
INDUSTRIALS,ETRA
INDUSTRIALS,ETRANS
INDUSTRIALS,ETRO
INDUSTRIALS,ETRO-VAST
INDUSTRIALS,ETRO-WAST
INDUSTRIALS,ETROKOM
INDUSTRIALS,ETSIALIST
INDUSTRIALS,ETSKII
INDUSTRIALS,ETSKSTROI
INDUSTRIALS,ETSMASH
INDUSTRIALS,ETSMOBIL
INDUSTRIALS,ETSREZERV
INDUSTRIALS,ETSSTROI
INDUSTRIALS,ETSSTROY
INDUSTRIALS,ETSTRANS
INDUSTRIALS,ETSVAN
INDUSTRIALS,ETT
INDUSTRIALS,ETT-TRANS
INDUSTRIALS,ETTA
INDUSTRIALS,ETTINGER
INDUSTRIALS,ETTOIL
INDUSTRIALS,ETURAL
INDUSTRIALS,ETYEVO
INDUSTRIALS,EUF
INDUSTRIALS,EUM
INDUSTRIALS,EURASIA
INDUSTRIALS,EUROVAN
INDUSTRIALS,EVA
INDUSTRIALS,EVATOM
INDUSTRIALS,EVATOR
INDUSTRIALS,EVCABLE
INDUSTRIALS,EVENTRA
INDUSTRIALS,EVER
INDUSTRIALS,EVEREST
INDUSTRIALS,EVERSKOE
INDUSTRIALS,EVK
INDUSTRIALS,EVMOMASH
INDUSTRIALS,EVO
INDUSTRIALS,EVODA
INDUSTRIALS,EVOLAB
INDUSTRIALS,EVRAZ
INDUSTRIALS,EVROAZIYA
INDUSTRIALS,EVROGRUP
INDUSTRIALS,EVROKAR
INDUSTRIALS,EVROPARK
INDUSTRIALS,EVROTRANS
INDUSTRIALS,EWM
INDUSTRIALS,EX.DRIVE
INDUSTRIALS,EXHA
INDUSTRIALS,EXMAX
INDUSTRIALS,EXPORT
INDUSTRIALS,EXPROF
INDUSTRIALS,EXTROL
INDUSTRIALS,EYAZ
INDUSTRIALS,EYBIS
INDUSTRIALS,EYD
INDUSTRIALS,EYGIDA
INDUSTRIALS,EYIS-A
INDUSTRIALS,EYK
INDUSTRIALS,EYKO-SITI
INDUSTRIALS,EYKOLAIN
INDUSTRIALS,EYKOTEK
INDUSTRIALS,EYKOTEKH
INDUSTRIALS,EYKS
INDUSTRIALS,EYKSIM
INDUSTRIALS,EYKSPO
INDUSTRIALS,EYKSPOMET
INDUSTRIALS,EYKSPORT
INDUSTRIALS,EYKSPRESS
INDUSTRIALS,EYKTON
INDUSTRIALS,EYL
INDUSTRIALS,EYLE
INDUSTRIALS,EYLEBOEUF
INDUSTRIALS,EYLEKS
INDUSTRIALS,EYLEKTRA
INDUSTRIALS,EYLEKTRO
INDUSTRIALS,EYLEKTRUM
INDUSTRIALS,EYLEVATOR
INDUSTRIALS,EYLIT
INDUSTRIALS,EYM
INDUSTRIALS,EYMP
INDUSTRIALS,EYMZ
INDUSTRIALS,EYN
INDUSTRIALS,EYNERGO
INDUSTRIALS,EYNTEK
INDUSTRIALS,EYNTROROS
INDUSTRIALS,EYP
INDUSTRIALS,EYPROMET
INDUSTRIALS,EYPSILON
INDUSTRIALS,EYR
INDUSTRIALS,EYRODAR
INDUSTRIALS,EYROPROF
INDUSTRIALS,EYS
INDUSTRIALS,EYSK
INDUSTRIALS,EYSR
INDUSTRIALS,EYSS
INDUSTRIALS,EYSS-TT
INDUSTRIALS,EYSTEIT
INDUSTRIALS,EZE
INDUSTRIALS,EZERV
INDUSTRIALS,EZH
INDUSTRIALS,EZH-NEVA
INDUSTRIALS,EZIYA
INDUSTRIALS,EZOBETON
INDUSTRIALS,EZRAIL
INDUSTRIALS,EZTA
INDUSTRIALS,East
INDUSTRIALS,Eco
INDUSTRIALS,Elcom
INDUSTRIALS,Electro
INDUSTRIALS,Elit
INDUSTRIALS,Elittekh
INDUSTRIALS,Elvest
INDUSTRIALS,Energiya
INDUSTRIALS,Energo
INDUSTRIALS,EngiTech
INDUSTRIALS,Esta
INDUSTRIALS,EuroAngar
INDUSTRIALS,EuroAsia
INDUSTRIALS,Everest
INDUSTRIALS,ExTrade
INDUSTRIALS,Express
INDUSTRIALS,F-TSTO
INDUSTRIALS,FABRIKA
INDUSTRIALS,FABRIKATY
INDUSTRIALS,FALT
INDUSTRIALS,FAM
INDUSTRIALS,FANPROM
INDUSTRIALS,FAR
INDUSTRIALS,FARN
INDUSTRIALS,FASAD
INDUSTRIALS,FASCAN
INDUSTRIALS,FASONLIT
INDUSTRIALS,FAX
INDUSTRIALS,FBK
INDUSTRIALS,FCOND
INDUSTRIALS,FEGT
INDUSTRIALS,FELT
INDUSTRIALS,FEMCO
INDUSTRIALS,FEMSTA
INDUSTRIALS,FENS-RUS
INDUSTRIALS,FER
INDUSTRIALS,FERA
INDUSTRIALS,FERRIT
INDUSTRIALS,FERRIT63
INDUSTRIALS,FERRUM-F
INDUSTRIALS,FERRUM-S
INDUSTRIALS,FESCO
INDUSTRIALS,FESK
INDUSTRIALS,FESSIONAL
INDUSTRIALS,FESTO
INDUSTRIALS,FETA
INDUSTRIALS,FIELD
INDUSTRIALS,FIKS
INDUSTRIALS,FIL
INDUSTRIALS,FIN
INDUSTRIALS,FIRMA
INDUSTRIALS,FIT
INDUSTRIALS,FLEET
INDUSTRIALS,FLEX
INDUSTRIALS,FLIST-S
INDUSTRIALS,FLOT
INDUSTRIALS,FMASTER
INDUSTRIALS,FMODUL
INDUSTRIALS,FNASTIL
INDUSTRIALS,FNCSP
INDUSTRIALS,FODD
INDUSTRIALS,FORENERGO
INDUSTRIALS,FORM
INDUSTRIALS,FORMA
INDUSTRIALS,FORMAT
INDUSTRIALS,FORMIKA
INDUSTRIALS,FORPOST
INDUSTRIALS,FORSAZH
INDUSTRIALS,FORTRENT
INDUSTRIALS,FORVARD
INDUSTRIALS,FOZENTRUM
INDUSTRIALS,FPK
INDUSTRIALS,FRAME
INDUSTRIALS,FRANKO
INDUSTRIALS,FREIGHT
INDUSTRIALS,FRENT
INDUSTRIALS,FRESH
INDUSTRIALS,FROST
INDUSTRIALS,FSE
INDUSTRIALS,FSTEEL
INDUSTRIALS,FT'
INDUSTRIALS,FT-SERVIS
INDUSTRIALS,FTATRANS
INDUSTRIALS,FTEKHIM
INDUSTRIALS,FTEMASH
INDUSTRIALS,FTER
INDUSTRIALS,FTER-TSFO
INDUSTRIALS,FTESINTEZ
INDUSTRIALS,FTLOGIC
INDUSTRIALS,FTPROEKT
INDUSTRIALS,FTRANS
INDUSTRIALS,FTTRANS
INDUSTRIALS,FURGON
INDUSTRIALS,FUSION
INDUSTRIALS,Facade
INDUSTRIALS,Factory
INDUSTRIALS,Fertrib
INDUSTRIALS,FinTech
INDUSTRIALS,Flot
INDUSTRIALS,Fork
INDUSTRIALS,Formic
INDUSTRIALS,Frost
INDUSTRIALS,Frutline
INDUSTRIALS,G-BIZNES
INDUSTRIALS,G-EYKOTEK
INDUSTRIALS,G-OPT
INDUSTRIALS,G-PROFIL
INDUSTRIALS,G-TEKHNO
INDUSTRIALS,G-TRANS
INDUSTRIALS,G-Techno
INDUSTRIALS,G.O.S.
INDUSTRIALS,G46
INDUSTRIALS,GA-65
INDUSTRIALS,GA-DNEPR
INDUSTRIALS,GA-OIL
INDUSTRIALS,GA-STROI
INDUSTRIALS,GABARIT-E
INDUSTRIALS,GABURMASH
INDUSTRIALS,GAKYRAN-M
INDUSTRIALS,GALAKTIKA
INDUSTRIALS,GALLOP
INDUSTRIALS,GANEFT'
INDUSTRIALS,GARANT
INDUSTRIALS,GARANTIYA
INDUSTRIALS,GAS
INDUSTRIALS,GASKAN
INDUSTRIALS,GASSTROY
INDUSTRIALS,GAT
INDUSTRIALS,GAT-TRANS
INDUSTRIALS,GATOR
INDUSTRIALS,GATPAK
INDUSTRIALS,GAUS
INDUSTRIALS,GAZ
INDUSTRIALS,GAZPROEKT
INDUSTRIALS,GAZSERVIS
INDUSTRIALS,GAZSTROI
INDUSTRIALS,GAZSTROY
INDUSTRIALS,GAZSURF
INDUSTRIALS,GAZTEKH
INDUSTRIALS,GC-TRADE
INDUSTRIALS,GCL
INDUSTRIALS,GCS
INDUSTRIALS,GDASKAN
INDUSTRIALS,GEL
INDUSTRIALS,GELLAN
INDUSTRIALS,GEMEN
INDUSTRIALS,GEN
INDUSTRIALS,GENIUM
INDUSTRIALS,GEO
INDUSTRIALS,GEOCENTER
INDUSTRIALS,GEODEZIYA
INDUSTRIALS,GEOIZOL
INDUSTRIALS,GEOKOM
INDUSTRIALS,GEOSTROY
INDUSTRIALS,GEOTRON
INDUSTRIALS,GEP
INDUSTRIALS,GER
INDUSTRIALS,GERA
INDUSTRIALS,GERMES
INDUSTRIALS,GET
INDUSTRIALS,GETIKA
INDUSTRIALS,GEZE
INDUSTRIALS,GHT
INDUSTRIALS,GI-2
INDUSTRIALS,GIC
INDUSTRIALS,GICALL
INDUSTRIALS,GIDA
INDUSTRIALS,GIDROMASH
INDUSTRIALS,GIE
INDUSTRIALS,GIES
INDUSTRIALS,GII
INDUSTRIALS,GIKS
INDUSTRIALS,GIN
INDUSTRIALS,GINEERING
INDUSTRIALS,GINPROM
INDUSTRIALS,GINSKOE
INDUSTRIALS,GINT-M
INDUSTRIALS,GION
INDUSTRIALS,GIONSTROI
INDUSTRIALS,GIONSTROY
INDUSTRIALS,GIRD
INDUSTRIALS,GIST
INDUSTRIALS,GISTIC
INDUSTRIALS,GISTIC-N
INDUSTRIALS,GISTICS
INDUSTRIALS,GISTIK
INDUSTRIALS,GISTIKA
INDUSTRIALS,GISTRAL
INDUSTRIALS,GISTRAL'
INDUSTRIALS,GITAL
INDUSTRIALS,GIYA
INDUSTRIALS,GKAR
INDUSTRIALS,GKS
INDUSTRIALS,GLAB
INDUSTRIALS,GLASS
INDUSTRIALS,GLEX
INDUSTRIALS,GLOBAL
INDUSTRIALS,"GLOBAL,"
INDUSTRIALS,GMA
INDUSTRIALS,GMANTRUCK
INDUSTRIALS,GMC
INDUSTRIALS,GMS
INDUSTRIALS,GNA
INDUSTRIALS,GNAL
INDUSTRIALS,GNOSTIKA
INDUSTRIALS,GO-STROI
INDUSTRIALS,GO-TREID
INDUSTRIALS,GO-UIK
INDUSTRIALS,GOBEREG
INDUSTRIALS,GODA
INDUSTRIALS,GOFORM
INDUSTRIALS,GOGRAD
INDUSTRIALS,GOGROUP
INDUSTRIALS,GOKOM
INDUSTRIALS,GOL
INDUSTRIALS,GOLDTRANS
INDUSTRIALS,GOLIT
INDUSTRIALS,GOMASH
INDUSTRIALS,GOMERA
INDUSTRIALS,GOMONTAJ
INDUSTRIALS,GOMONTAZH
INDUSTRIALS,GOMOST
INDUSTRIALS,GON
INDUSTRIALS,GONMASH
INDUSTRIALS,GOPITER
INDUSTRIALS,GOPRIBOR
INDUSTRIALS,GOPROEKT
INDUSTRIALS,GOPROM
INDUSTRIALS,GORIZONT
INDUSTRIALS,GORNYE
INDUSTRIALS,GOROD
INDUSTRIALS,GORPROEKT
INDUSTRIALS,GORSHKOV
INDUSTRIALS,GORSTROY
INDUSTRIALS,GORSVET
INDUSTRIALS,GORTEKH
INDUSTRIALS,GOS
INDUSTRIALS,GOSERVIS
INDUSTRIALS,GOSILA
INDUSTRIALS,GOSISTEMA
INDUSTRIALS,GOSTROI
INDUSTRIALS,GOSTROY
INDUSTRIALS,GOTEL
INDUSTRIALS,GOTRADE
INDUSTRIALS,GPA
INDUSTRIALS,GPFK
INDUSTRIALS,GPROM
INDUSTRIALS,GRA
INDUSTRIALS,GRAD
INDUSTRIALS,GRADSKOE
INDUSTRIALS,GRAF
INDUSTRIALS,GRAFIKS
INDUSTRIALS,GRANDLAIN
INDUSTRIALS,GRANIT
INDUSTRIALS,GRARNIK
INDUSTRIALS,GRATE
INDUSTRIALS,GRATECH
INDUSTRIALS,GRATION
INDUSTRIALS,GRATOR
INDUSTRIALS,GREEN
INDUSTRIALS,GREGAT
INDUSTRIALS,GREGION
INDUSTRIALS,GREID
INDUSTRIALS,GRIAR
INDUSTRIALS,GRIF
INDUSTRIALS,GRITECH
INDUSTRIALS,GRITI
INDUSTRIALS,GRO
INDUSTRIALS,GRO-LIDER
INDUSTRIALS,GRO-NOVA
INDUSTRIALS,GRO-PRIME
INDUSTRIALS,GROCARGO
INDUSTRIALS,GRODOM
INDUSTRIALS,GRODRAIV
INDUSTRIALS,GROMAX
INDUSTRIALS,GROPROF
INDUSTRIALS,GROSERVIS
INDUSTRIALS,GROSNAB
INDUSTRIALS,GROSS
INDUSTRIALS,GROTREID
INDUSTRIALS,GROUP
INDUSTRIALS,GROVO-PRO
INDUSTRIALS,GRUP
INDUSTRIALS,GRUPP
INDUSTRIALS,GRUZ
INDUSTRIALS,GRUZSTROY
INDUSTRIALS,GS-K
INDUSTRIALS,GSERVIS
INDUSTRIALS,GSK-STROI
INDUSTRIALS,GSKAN
INDUSTRIALS,GSM
INDUSTRIALS,GTEKHNIKA
INDUSTRIALS,GTI
INDUSTRIALS,GTRANS
INDUSTRIALS,GTS
INDUSTRIALS,GTT
INDUSTRIALS,GUDSR
INDUSTRIALS,GULISKAN
INDUSTRIALS,GURMANIYA
INDUSTRIALS,GVARDIA
INDUSTRIALS,GVARDIOLA
INDUSTRIALS,Galery
INDUSTRIALS,Gatchina
INDUSTRIALS,Gefest
INDUSTRIALS,GeoSM
INDUSTRIALS,Global
INDUSTRIALS,GorMash
INDUSTRIALS,Gorshkov
INDUSTRIALS,Grain
INDUSTRIALS,Grancom
INDUSTRIALS,Grandwest
INDUSTRIALS,Group
INDUSTRIALS,GruzAvto
INDUSTRIALS,H-14
INDUSTRIALS,H-2
INDUSTRIALS,H-EXPORT
INDUSTRIALS,H-FREIGHT
INDUSTRIALS,H-GRANIT
INDUSTRIALS,H-GRUPP
INDUSTRIALS,H-NEVA
INDUSTRIALS,H-SERVICE
INDUSTRIALS,H-SIB
INDUSTRIALS,H-SK
INDUSTRIALS,HAEMOE
INDUSTRIALS,HAIKA-NN
INDUSTRIALS,HANC-FK
INDUSTRIALS,HANIK
INDUSTRIALS,HARING
INDUSTRIALS,HASMIN
INDUSTRIALS,HAST
INDUSTRIALS,HAST'
INDUSTRIALS,HAU
INDUSTRIALS,HAZ
INDUSTRIALS,HBI74
INDUSTRIALS,HBO
INDUSTRIALS,HCHE
INDUSTRIALS,HCHEPIT
INDUSTRIALS,HCHIK
INDUSTRIALS,HCHIT
INDUSTRIALS,HCHSTROI
INDUSTRIALS,HCOMPLEX
INDUSTRIALS,HDENIE
INDUSTRIALS,HE-TRANS
INDUSTRIALS,HEADMINER
INDUSTRIALS,HEAZ
INDUSTRIALS,HEG
INDUSTRIALS,HEM
INDUSTRIALS,HEMREM
INDUSTRIALS,HEMZ
INDUSTRIALS,HENEERING
INDUSTRIALS,HENSK
INDUSTRIALS,HEPIT
INDUSTRIALS,HERMET
INDUSTRIALS,HERNOZEME
INDUSTRIALS,HEROMASH
INDUSTRIALS,HESKAYA
INDUSTRIALS,HESKIE
INDUSTRIALS,HESKII
INDUSTRIALS,HET-STROI
INDUSTRIALS,HETIP
INDUSTRIALS,HEYKSPORT
INDUSTRIALS,HEYLEKTRO
INDUSTRIALS,HEYMZ
INDUSTRIALS,HFLOT
INDUSTRIALS,HFORM
INDUSTRIALS,HHOLDING
INDUSTRIALS,HIEDEL
INDUSTRIALS,HIELD
INDUSTRIALS,HIK
INDUSTRIALS,HIKO
INDUSTRIALS,HIM
INDUSTRIALS,HIM-DETAL
INDUSTRIALS,HIMMASH
INDUSTRIALS,HIMPEYKS
INDUSTRIALS,HIMPROM
INDUSTRIALS,HIMSERVIS
INDUSTRIALS,HIMSNAB
INDUSTRIALS,HIMTEKS
INDUSTRIALS,HIMY
INDUSTRIALS,HINA
INDUSTRIALS,HINIRING
INDUSTRIALS,HINKO
INDUSTRIALS,HINO
INDUSTRIALS,HINSK
INDUSTRIALS,HINSNAB
INDUSTRIALS,HINVEST
INDUSTRIALS,HINVEX
INDUSTRIALS,HINZHOIL
INDUSTRIALS,HINZHPROM
INDUSTRIALS,HIP
INDUSTRIALS,HIT
INDUSTRIALS,HKABEL
INDUSTRIALS,HKINSKOE
INDUSTRIALS,HKKH
INDUSTRIALS,HKOM
INDUSTRIALS,HKOMPLEKT
INDUSTRIALS,HKOV
INDUSTRIALS,HKRAN
INDUSTRIALS,HKREPEZH
INDUSTRIALS,HKZ
INDUSTRIALS,HLAIN
INDUSTRIALS,HLENNIK
INDUSTRIALS,HLER
INDUSTRIALS,HLERS
INDUSTRIALS,HMASH
INDUSTRIALS,HMENT
INDUSTRIALS,HMET
INDUSTRIALS,HMET-URAL
INDUSTRIALS,HMONTAZH
INDUSTRIALS,HMS
INDUSTRIALS,HNADZOR
INDUSTRIALS,HNAYA
INDUSTRIALS,HNEKS
INDUSTRIALS,HNIK
INDUSTRIALS,HNIKA
INDUSTRIALS,HNIKS
INDUSTRIALS,HNO
INDUSTRIALS,HNO-PROFI
INDUSTRIALS,HNO-URAL
INDUSTRIALS,HNODAR
INDUSTRIALS,HNODOM
INDUSTRIALS,HNODOR
INDUSTRIALS,HNOEVOLAB
INDUSTRIALS,HNOFRESH
INDUSTRIALS,HNOFROST
INDUSTRIALS,HNOGROUP
INDUSTRIALS,HNOKOM
INDUSTRIALS,HNOLODZHI
INDUSTRIALS,HNOLOGIE
INDUSTRIALS,HNOLOGIES
INDUSTRIALS,HNOLOGII
INDUSTRIALS,HNOLOGIYA
INDUSTRIALS,HNONIKOL
INDUSTRIALS,HNOPAN
INDUSTRIALS,HNOPRO
INDUSTRIALS,HNOPROEKT
INDUSTRIALS,HNOPROM
INDUSTRIALS,HNORESURS
INDUSTRIALS,HNOROS
INDUSTRIALS,HNOSILA
INDUSTRIALS,HNOSNAB
INDUSTRIALS,HNOSTIL
INDUSTRIALS,HNOSTIL'
INDUSTRIALS,HNOSTROY
INDUSTRIALS,HNOTRADE
INDUSTRIALS,HNOTREID
INDUSTRIALS,HNYI
INDUSTRIALS,HNYY
INDUSTRIALS,HOD
INDUSTRIALS,HOIL
INDUSTRIALS,HOLDING
INDUSTRIALS,HOLOD
INDUSTRIALS,HOLODMASH
INDUSTRIALS,HOOSH
INDUSTRIALS,HOTEL-DIS
INDUSTRIALS,HOV
INDUSTRIALS,HPARK
INDUSTRIALS,HPROEKT
INDUSTRIALS,HPROM
INDUSTRIALS,HPROMTORG
INDUSTRIALS,HPT
INDUSTRIALS,HRANA
INDUSTRIALS,HRENT
INDUSTRIALS,HROM
INDUSTRIALS,HSAYKER
INDUSTRIALS,HSELMASH
INDUSTRIALS,HSERVIS
INDUSTRIALS,HSNAB
INDUSTRIALS,HSTROI
INDUSTRIALS,HSTROY
INDUSTRIALS,HSU-10
INDUSTRIALS,HTADT
INDUSTRIALS,HTECHNIKA
INDUSTRIALS,HTEKHNIKA
INDUSTRIALS,HTK
INDUSTRIALS,HTORM
INDUSTRIALS,HTORM-ITS
INDUSTRIALS,HTREID
INDUSTRIALS,HTS
INDUSTRIALS,HTUBA
INDUSTRIALS,HUB
INDUSTRIALS,HWAY
INDUSTRIALS,HYAYA
INDUSTRIALS,HYDROGAS
INDUSTRIALS,HZAVOD
INDUSTRIALS,HZMEK
INDUSTRIALS,Hencon
INDUSTRIALS,Holding
INDUSTRIALS,Hunter
INDUSTRIALS,I-2
INDUSTRIALS,I-3
INDUSTRIALS,I-31
INDUSTRIALS,I-AL'YANS
INDUSTRIALS,I-BLOK
INDUSTRIALS,I-ELEMENT
INDUSTRIALS,I-GRUPP
INDUSTRIALS,I-KA
INDUSTRIALS,I-KABEL
INDUSTRIALS,I-KURS
INDUSTRIALS,I-MAKS
INDUSTRIALS,I-MT
INDUSTRIALS,I-PROFIT
INDUSTRIALS,I-RUS
INDUSTRIALS,I-SERVIS
INDUSTRIALS,I-SP
INDUSTRIALS,I.K.
INDUSTRIALS,I74
INDUSTRIALS,IAI
INDUSTRIALS,IAKONT
INDUSTRIALS,IAL
INDUSTRIALS,IALIST
INDUSTRIALS,IALOG
INDUSTRIALS,IALYANS
INDUSTRIALS,IAN
INDUSTRIALS,IAN-SB
INDUSTRIALS,IANCE
INDUSTRIALS,IANCESC
INDUSTRIALS,IANT-999
INDUSTRIALS,IAPROJECT
INDUSTRIALS,IAR
INDUSTRIALS,IAS
INDUSTRIALS,IATIVA
INDUSTRIALS,IBALYUKS
INDUSTRIALS,IBEUROVAN
INDUSTRIALS,IBGLASS
INDUSTRIALS,IBGMS
INDUSTRIALS,IBIR
INDUSTRIALS,IBIR'
INDUSTRIALS,IBIRSK
INDUSTRIALS,IBIRSKII
INDUSTRIALS,IBMASH
INDUSTRIALS,IBMETALL
INDUSTRIALS,IBNA
INDUSTRIALS,IBOR
INDUSTRIALS,IBROS
INDUSTRIALS,IC-N
INDUSTRIALS,ICALL
INDUSTRIALS,ICAME
INDUSTRIALS,ICE
INDUSTRIALS,ICHESKAYA
INDUSTRIALS,ICHESKIE
INDUSTRIALS,ICHESKII
INDUSTRIALS,ICHSAYKER
INDUSTRIALS,ICIA
INDUSTRIALS,ICIYA
INDUSTRIALS,ICK
INDUSTRIALS,ICKANE
INDUSTRIALS,ICOM
INDUSTRIALS,ICS
INDUSTRIALS,IDA
INDUSTRIALS,IDALIKA
INDUSTRIALS,IDARNOST
INDUSTRIALS,IDE
INDUSTRIALS,IDEKOR
INDUSTRIALS,IDEOTRON
INDUSTRIALS,IDER
INDUSTRIALS,IDETAL
INDUSTRIALS,IDETAL'
INDUSTRIALS,IDIAN
INDUSTRIALS,IDING
INDUSTRIALS,IDORSTROI
INDUSTRIALS,IDRAFT
INDUSTRIALS,IDROMASH
INDUSTRIALS,IDROSTROI
INDUSTRIALS,IDSERVIS
INDUSTRIALS,IDYA
INDUSTRIALS,IEB
INDUSTRIALS,IEDEL
INDUSTRIALS,IEL
INDUSTRIALS,IELD
INDUSTRIALS,IELI
INDUSTRIALS,IERA
INDUSTRIALS,IES
INDUSTRIALS,IESEL
INDUSTRIALS,IESSMANN
INDUSTRIALS,IEVO
INDUSTRIALS,IFT
INDUSTRIALS,IFTLOGIC
INDUSTRIALS,IGA
INDUSTRIALS,IGA-65
INDUSTRIALS,IGATOR
INDUSTRIALS,IGAZ
INDUSTRIALS,IGER
INDUSTRIALS,IGHT
INDUSTRIALS,IGITAL
INDUSTRIALS,IGKAR
INDUSTRIALS,IGMA
INDUSTRIALS,IGNAL
INDUSTRIALS,IGRUPP
INDUSTRIALS,IGULISKAN
INDUSTRIALS,II-3
INDUSTRIALS,IIAS
INDUSTRIALS,IIK
INDUSTRIALS,IIMF
INDUSTRIALS,IIPROEKT
INDUSTRIALS,IJER
INDUSTRIALS,IK-2
INDUSTRIALS,IK-BAR'ER
INDUSTRIALS,IK-SPORT
INDUSTRIALS,IK-TSENTR
INDUSTRIALS,IKA
INDUSTRIALS,IKA-NN
INDUSTRIALS,IKA-TREID
INDUSTRIALS,IKAL
INDUSTRIALS,IKAT-PLUS
INDUSTRIALS,IKATY
INDUSTRIALS,IKG-TRANS
INDUSTRIALS,IKHIM
INDUSTRIALS,IKM
INDUSTRIALS,IKO
INDUSTRIALS,IKO-GRUPP
INDUSTRIALS,IKOL
INDUSTRIALS,IKOMI
INDUSTRIALS,IKOMPLEKS
INDUSTRIALS,IKOMPLEKT
INDUSTRIALS,IKON
INDUSTRIALS,IKONT
INDUSTRIALS,IKONTRAKT
INDUSTRIALS,IKOR-M
INDUSTRIALS,IKRAFT
INDUSTRIALS,IKS
INDUSTRIALS,IKSAR
INDUSTRIALS,IL'
INDUSTRIALS,IL'SK
INDUSTRIALS,IL-NN
INDUSTRIALS,IL-TRANS
INDUSTRIALS,ILA
INDUSTRIALS,ILD
INDUSTRIALS,ILED
INDUSTRIALS,ILET
INDUSTRIALS,ILI
INDUSTRIALS,ILLER
INDUSTRIALS,ILMAR
INDUSTRIALS,ILON
INDUSTRIALS,ILP-GRUP
INDUSTRIALS,ILSPED
INDUSTRIALS,ILT
INDUSTRIALS,IM-DETAL
INDUSTRIALS,IMA
INDUSTRIALS,IMAOPREMA
INDUSTRIALS,IMARKET-M
INDUSTRIALS,IMASTER
INDUSTRIALS,IMATIC
INDUSTRIALS,IMAX
INDUSTRIALS,IME
INDUSTRIALS,IMER
INDUSTRIALS,IMER-T
INDUSTRIALS,IMF
INDUSTRIALS,IMIKON
INDUSTRIALS,IMITED
INDUSTRIALS,IMMASH
INDUSTRIALS,IMMID
INDUSTRIALS,IMONTAZH
INDUSTRIALS,IMP
INDUSTRIALS,IMPEKS
INDUSTRIALS,IMPEX
INDUSTRIALS,IMPEYKS
INDUSTRIALS,IMPORT
INDUSTRIALS,IMPRESS
INDUSTRIALS,IMPROM
INDUSTRIALS,IMPUL'S
INDUSTRIALS,IMSERVIS
INDUSTRIALS,IMSNAB
INDUSTRIALS,IMSTRO
INDUSTRIALS,IMTEKS
INDUSTRIALS,IMUM
INDUSTRIALS,IMUTTRANS
INDUSTRIALS,IMY
INDUSTRIALS,INA
INDUSTRIALS,INAL
INDUSTRIALS,INALUGOL
INDUSTRIALS,INAMIKA
INDUSTRIALS,INANDO
INDUSTRIALS,INARATM
INDUSTRIALS,INBURG
INDUSTRIALS,INCAB
INDUSTRIALS,IND
INDUSTRIALS,INDEQ
INDUSTRIALS,INE
INDUSTRIALS,INEERING
INDUSTRIALS,INEK
INDUSTRIALS,INENT
INDUSTRIALS,INER
INDUSTRIALS,INERGIYA
INDUSTRIALS,INFIN
INDUSTRIALS,ING
INDUSTRIALS,INGAZTEKH
INDUSTRIALS,INGENIUM
INDUSTRIALS,INGER
INDUSTRIALS,INGORTEKH
INDUSTRIALS,INGRAD
INDUSTRIALS,INGROSS
INDUSTRIALS,INING
INDUSTRIALS,ININGRAD
INDUSTRIALS,INIRING
INDUSTRIALS,INIST
INDUSTRIALS,INK
INDUSTRIALS,INK-1
INDUSTRIALS,INKAB
INDUSTRIALS,INKATO
INDUSTRIALS,INKER
INDUSTRIALS,INKO
INDUSTRIALS,INKOM
INDUSTRIALS,INKON
INDUSTRIALS,INLANDIYA
INDUSTRIALS,INNIMAX
INDUSTRIALS,INNOCHROM
INDUSTRIALS,INO
INDUSTRIALS,INOXHUB
INDUSTRIALS,INPRO
INDUSTRIALS,INPROM
INDUSTRIALS,INSAIDER
INDUSTRIALS,INSK
INDUSTRIALS,INSKII
INDUSTRIALS,INSKOE
INDUSTRIALS,INSNAB
INDUSTRIALS,INSTANT
INDUSTRIALS,INSTART
INDUSTRIALS,INT-M
INDUSTRIALS,INTEC
INDUSTRIALS,INTEGRA
INDUSTRIALS,INTEGRITI
INDUSTRIALS,INTEKH
INDUSTRIALS,INTEKO
INDUSTRIALS,INTEL
INDUSTRIALS,INTER'ER
INDUSTRIALS,INTERCOMP
INDUSTRIALS,INTERFAX
INDUSTRIALS,INTERON
INDUSTRIALS,INTERPAK
INDUSTRIALS,INTERPOLE
INDUSTRIALS,INTESIS
INDUSTRIALS,INTEZ
INDUSTRIALS,INTILED
INDUSTRIALS,INTMADI
INDUSTRIALS,INTNER
INDUSTRIALS,INTSOVO
INDUSTRIALS,INTSTYLE
INDUSTRIALS,INVENT
INDUSTRIALS,INVEST
INDUSTRIALS,INVESTRA
INDUSTRIALS,INVEX
INDUSTRIALS,INYE
INDUSTRIALS,INZHLAIN
INDUSTRIALS,INZHOIL
INDUSTRIALS,INZHPROM
INDUSTRIALS,IOBAK
INDUSTRIALS,IOLA
INDUSTRIALS,IOLUM
INDUSTRIALS,IOMA
INDUSTRIALS,ION
INDUSTRIALS,IONAL
INDUSTRIALS,IONER
INDUSTRIALS,IONNAYA
INDUSTRIALS,IONS
INDUSTRIALS,IONSTROI
INDUSTRIALS,IONSTROY
INDUSTRIALS,IONTRANS
INDUSTRIALS,IOPLAST
INDUSTRIALS,IOPT
INDUSTRIALS,IORITET
INDUSTRIALS,IOSISTEMY
INDUSTRIALS,IPI
INDUSTRIALS,IPMENT
INDUSTRIALS,IPOL'
INDUSTRIALS,IPOM
INDUSTRIALS,IPOS
INDUSTRIALS,IPOST
INDUSTRIALS,IPOSTAVKA
INDUSTRIALS,IPROEKT
INDUSTRIALS,IPRUS
INDUSTRIALS,IPS
INDUSTRIALS,IPSERVICE
INDUSTRIALS,IR'
INDUSTRIALS,IR-TULA
INDUSTRIALS,IRAVTODOR
INDUSTRIALS,IRBIS
INDUSTRIALS,IRD
INDUSTRIALS,IREN
INDUSTRIALS,IRENA
INDUSTRIALS,IRENT
INDUSTRIALS,IRESURS
INDUSTRIALS,IRFIELD
INDUSTRIALS,IRING
INDUSTRIALS,IRISTON
INDUSTRIALS,IRKUT
INDUSTRIALS,IRKUTSK
INDUSTRIALS,IRMA
INDUSTRIALS,IRNOV
INDUSTRIALS,IRON
INDUSTRIALS,IROVANIE
INDUSTRIALS,IROVANNY
INDUSTRIALS,IROVANNYI
INDUSTRIALS,IRPORT
INDUSTRIALS,IRSK
INDUSTRIALS,IRSKII
INDUSTRIALS,IRTEK
INDUSTRIALS,IRTRANSS
INDUSTRIALS,IS+
INDUSTRIALS,IS-A
INDUSTRIALS,IS-GRUPP
INDUSTRIALS,IS-KOMI
INDUSTRIALS,IS-M
INDUSTRIALS,IS-MOSKVA
INDUSTRIALS,IS-ROSTOV
INDUSTRIALS,IS-SPB
INDUSTRIALS,IS-STROY
INDUSTRIALS,IS-TSENTR
INDUSTRIALS,ISERVIS
INDUSTRIALS,ISIAI
INDUSTRIALS,ISIBMASH
INDUSTRIALS,ISIES
INDUSTRIALS,ISKA
INDUSTRIALS,ISKAN
INDUSTRIALS,ISKOE
INDUSTRIALS,ISOMARKET
INDUSTRIALS,ISPAK
INDUSTRIALS,ISPC
INDUSTRIALS,ISREMONT
INDUSTRIALS,ISS
INDUSTRIALS,ISSA
INDUSTRIALS,ISSIB
INDUSTRIALS,IST
INDUSTRIALS,IST-S
INDUSTRIALS,ISTA
INDUSTRIALS,ISTEMA
INDUSTRIALS,ISTEMAIR
INDUSTRIALS,ISTEMS
INDUSTRIALS,ISTEMY
INDUSTRIALS,ISTIC
INDUSTRIALS,ISTIC-N
INDUSTRIALS,ISTICS
INDUSTRIALS,ISTIK
INDUSTRIALS,ISTIKA
INDUSTRIALS,ISTOFER
INDUSTRIALS,ISTON
INDUSTRIALS,ISTRAL
INDUSTRIALS,ISTRAL'
INDUSTRIALS,ISTSENTR
INDUSTRIALS,ISTY
INDUSTRIALS,IT-BAZALT
INDUSTRIALS,IT-E
INDUSTRIALS,IT-INVEST
INDUSTRIALS,IT-REGION
INDUSTRIALS,IT63
INDUSTRIALS,ITAL
INDUSTRIALS,ITANIYA
INDUSTRIALS,ITECH
INDUSTRIALS,ITECHEM
INDUSTRIALS,ITED
INDUSTRIALS,ITEIL
INDUSTRIALS,ITEK
INDUSTRIALS,ITEKH
INDUSTRIALS,ITEKHKOM
INDUSTRIALS,ITEKS
INDUSTRIALS,ITEL
INDUSTRIALS,ITEL'NAYA
INDUSTRIALS,ITER
INDUSTRIALS,ITET
INDUSTRIALS,ITEYK
INDUSTRIALS,ITEYP
INDUSTRIALS,ITI
INDUSTRIALS,ITIK
INDUSTRIALS,ITIKA
INDUSTRIALS,ITIM
INDUSTRIALS,ITINVEST
INDUSTRIALS,ITION
INDUSTRIALS,ITK
INDUSTRIALS,ITOKA
INDUSTRIALS,ITOOL
INDUSTRIALS,ITORY
INDUSTRIALS,ITPROM
INDUSTRIALS,ITRANS
INDUSTRIALS,ITRANSGAZ
INDUSTRIALS,ITRON
INDUSTRIALS,ITS
INDUSTRIALS,ITSA
INDUSTRIALS,ITSIATIVA
INDUSTRIALS,ITSIYA
INDUSTRIALS,ITTRANS
INDUSTRIALS,ITY
INDUSTRIALS,ITYMATIC
INDUSTRIALS,IUM
INDUSTRIALS,IUS
INDUSTRIALS,IV-SERVIS
INDUSTRIALS,IVA
INDUSTRIALS,IVASIBIR
INDUSTRIALS,IVATRANS
INDUSTRIALS,IVE
INDUSTRIALS,IVER
INDUSTRIALS,IVEX
INDUSTRIALS,IVIERA
INDUSTRIALS,IVIST
INDUSTRIALS,IVUD
INDUSTRIALS,IYA
INDUSTRIALS,IYA-TRAK
INDUSTRIALS,IYANIE
INDUSTRIALS,IZACIYA
INDUSTRIALS,IZAIN
INDUSTRIALS,IZATSII-3
INDUSTRIALS,IZATSIYA
INDUSTRIALS,IZEL
INDUSTRIALS,IZH
INDUSTRIALS,IZHIMY
INDUSTRIALS,IZING
INDUSTRIALS,IZMIKS
INDUSTRIALS,IZNES
INDUSTRIALS,IZNESBAS
INDUSTRIALS,IZOL
INDUSTRIALS,IZOLYACIA
INDUSTRIALS,IZOLYUKS
INDUSTRIALS,IZONT
INDUSTRIALS,IZSZHB
INDUSTRIALS,IZTRANS
INDUSTRIALS,IZVA
INDUSTRIALS,IZVODSTVO
INDUSTRIALS,Inprom
INDUSTRIALS,Intercomp
INDUSTRIALS,Intervesp
INDUSTRIALS,Intratool
INDUSTRIALS,Invertor
INDUSTRIALS,Iscar
INDUSTRIALS,JCI
INDUSTRIALS,JECT
INDUSTRIALS,JEELEX
INDUSTRIALS,JER
INDUSTRIALS,JINIRING
INDUSTRIALS,JML
INDUSTRIALS,JOT
INDUSTRIALS,JSC
INDUSTRIALS,JUNIX
INDUSTRIALS,JUZPATENT
INDUSTRIALS,K&K
INDUSTRIALS,K-1
INDUSTRIALS,K-14
INDUSTRIALS,K-2
INDUSTRIALS,K-AVTODOR
INDUSTRIALS,K-BAR'ER
INDUSTRIALS,K-FLEX
INDUSTRIALS,"K-GLOBAL,"
INDUSTRIALS,K-Global
INDUSTRIALS,K-INVEST
INDUSTRIALS,K-PRODUKT
INDUSTRIALS,K-PROEKT
INDUSTRIALS,K-RENTGEN
INDUSTRIALS,K-SERVICE
INDUSTRIALS,K-SERVIS
INDUSTRIALS,K-SKAN
INDUSTRIALS,K-SPORT
INDUSTRIALS,K-STAL'
INDUSTRIALS,K-STROI
INDUSTRIALS,K-STROY
INDUSTRIALS,K-TSENTR
INDUSTRIALS,K-Trade
INDUSTRIALS,KA-NN
INDUSTRIALS,KA-S
INDUSTRIALS,KA-SERVIS
INDUSTRIALS,KA-STORY
INDUSTRIALS,KA-STROI
INDUSTRIALS,KA-TREID
INDUSTRIALS,KAB
INDUSTRIALS,KAB-KZ
INDUSTRIALS,KABEL
INDUSTRIALS,KABEL'
INDUSTRIALS,KABELSTAR
INDUSTRIALS,KADA-M
INDUSTRIALS,KAL
INDUSTRIALS,KALUGA
INDUSTRIALS,KALUGIN
INDUSTRIALS,KAM
INDUSTRIALS,KAMA
INDUSTRIALS,KAMAZ
INDUSTRIALS,KAMET
INDUSTRIALS,KAMINVEST
INDUSTRIALS,KAMIT
INDUSTRIALS,KAMKABEL
INDUSTRIALS,KAMP
INDUSTRIALS,KAMSS
INDUSTRIALS,KAN
INDUSTRIALS,KANE
INDUSTRIALS,KANISKA
INDUSTRIALS,KAPRIN
INDUSTRIALS,KAR
INDUSTRIALS,KARAT-EK
INDUSTRIALS,KARAVELLA
INDUSTRIALS,KARGO
INDUSTRIALS,KARST
INDUSTRIALS,KART
INDUSTRIALS,KAS-STROI
INDUSTRIALS,KASCO
INDUSTRIALS,KASTOR
INDUSTRIALS,KAT
INDUSTRIALS,KAT-PLUS
INDUSTRIALS,KATERM
INDUSTRIALS,KATEYN
INDUSTRIALS,KATO
INDUSTRIALS,KATOR
INDUSTRIALS,KATY
INDUSTRIALS,KAUTODOR
INDUSTRIALS,KAVAG
INDUSTRIALS,KAVATSIYA
INDUSTRIALS,KAVKAZ
INDUSTRIALS,KAVTODOR
INDUSTRIALS,KAVTOTRAK
INDUSTRIALS,KAYA
INDUSTRIALS,KAZ
INDUSTRIALS,KAZAN
INDUSTRIALS,KAZKABEL'
INDUSTRIALS,KCIY
INDUSTRIALS,KCLT
INDUSTRIALS,KDORSNAB
INDUSTRIALS,KDORSTROI
INDUSTRIALS,KDORSTROY
INDUSTRIALS,KEI-KABEL
INDUSTRIALS,KEMP
INDUSTRIALS,KEN-RUS
INDUSTRIALS,KENMER-M
INDUSTRIALS,KENPO
INDUSTRIALS,KER
INDUSTRIALS,KERAMIKA
INDUSTRIALS,KERAMIN
INDUSTRIALS,KERSERVIS
INDUSTRIALS,KET
INDUSTRIALS,KET-M
INDUSTRIALS,KETT
INDUSTRIALS,KEYL
INDUSTRIALS,KEYMZ
INDUSTRIALS,KEYR
INDUSTRIALS,KEYSR
INDUSTRIALS,KEYSS
INDUSTRIALS,KFK
INDUSTRIALS,KG-TRANS
INDUSTRIALS,KGW
INDUSTRIALS,KH-SK
INDUSTRIALS,KHANIK
INDUSTRIALS,KHETIP
INDUSTRIALS,KHFLOT
INDUSTRIALS,KHFORM
INDUSTRIALS,KHIM
INDUSTRIALS,KHIMMASH
INDUSTRIALS,KHIMPEYKS
INDUSTRIALS,KHIMPROM
INDUSTRIALS,KHIMSNAB
INDUSTRIALS,KHIMTEKS
INDUSTRIALS,KHINO
INDUSTRIALS,KHINSNAB
INDUSTRIALS,KHINVEX
INDUSTRIALS,KHINZHOIL
INDUSTRIALS,KHKABEL
INDUSTRIALS,KHKOM
INDUSTRIALS,KHKRAN
INDUSTRIALS,KHMASH
INDUSTRIALS,KHMET
INDUSTRIALS,KHMONTAZH
INDUSTRIALS,KHNADZOR
INDUSTRIALS,KHNEKS
INDUSTRIALS,KHNIK
INDUSTRIALS,KHNIKA
INDUSTRIALS,KHNIKS
INDUSTRIALS,KHNO
INDUSTRIALS,KHNO-URAL
INDUSTRIALS,KHNODAR
INDUSTRIALS,KHNODOR
INDUSTRIALS,KHNOFROST
INDUSTRIALS,KHNOKOM
INDUSTRIALS,KHNOLOGII
INDUSTRIALS,KHNOPAN
INDUSTRIALS,KHNOPRO
INDUSTRIALS,KHNOPROM
INDUSTRIALS,KHNOROS
INDUSTRIALS,KHNOSILA
INDUSTRIALS,KHNOSNAB
INDUSTRIALS,KHNOSTIL
INDUSTRIALS,KHNOSTIL'
INDUSTRIALS,KHNOSTROY
INDUSTRIALS,KHNOTREID
INDUSTRIALS,KHOD
INDUSTRIALS,KHOLDING
INDUSTRIALS,KHOLOD
INDUSTRIALS,KHOV
INDUSTRIALS,KHPARK
INDUSTRIALS,KHPROEKT
INDUSTRIALS,KHPROM
INDUSTRIALS,KHPT
INDUSTRIALS,KHRANA
INDUSTRIALS,KHRENT
INDUSTRIALS,KHS
INDUSTRIALS,KHSERVIS
INDUSTRIALS,KHSNAB
INDUSTRIALS,KHSTROI
INDUSTRIALS,KHSTROY
INDUSTRIALS,KHTUBA
INDUSTRIALS,KIE
INDUSTRIALS,KII
INDUSTRIALS,KIMSTRO
INDUSTRIALS,KINSKOE
INDUSTRIALS,KIY
INDUSTRIALS,KKABEL
INDUSTRIALS,KKABEL'
INDUSTRIALS,KKANISKA
INDUSTRIALS,KKC
INDUSTRIALS,KKH
INDUSTRIALS,KKRAN
INDUSTRIALS,KKT
INDUSTRIALS,KKZ
INDUSTRIALS,KLAMA
INDUSTRIALS,KLASSIK
INDUSTRIALS,KLAUTO
INDUSTRIALS,KLEVER
INDUSTRIALS,KLINKOM
INDUSTRIALS,KLO
INDUSTRIALS,KLOMASH
INDUSTRIALS,KLONDAIK
INDUSTRIALS,KLZ
INDUSTRIALS,KM-
INDUSTRIALS,KM-STROI
INDUSTRIALS,KM-TSENTR
INDUSTRIALS,KMK
INDUSTRIALS,KMORTRANS
INDUSTRIALS,KMPU
INDUSTRIALS,KMZ
INDUSTRIALS,KMZKO
INDUSTRIALS,KO-BUNKER
INDUSTRIALS,KO-DIALOG
INDUSTRIALS,KO-GRUPP
INDUSTRIALS,KO-INVEST
INDUSTRIALS,KO-ROSKOR
INDUSTRIALS,KO-SERVIS
INDUSTRIALS,KO-SITI
INDUSTRIALS,KOE
INDUSTRIALS,KOI
INDUSTRIALS,KOL
INDUSTRIALS,KOLAIN
INDUSTRIALS,KOLEND
INDUSTRIALS,KOLOGIYA
INDUSTRIALS,KOM
INDUSTRIALS,KOM-TRANS
INDUSTRIALS,KOM-URAL
INDUSTRIALS,KOMBAT
INDUSTRIALS,KOMI
INDUSTRIALS,KOMINVEST
INDUSTRIALS,KOMOS
INDUSTRIALS,KOMOTIV
INDUSTRIALS,KOMPAKT
INDUSTRIALS,KOMPANI
INDUSTRIALS,KOMPANIYA
INDUSTRIALS,KOMPLEKS
INDUSTRIALS,KOMPLEKT
INDUSTRIALS,KOMPONENT
INDUSTRIALS,KOMPRAIS
INDUSTRIALS,KOMTEKH
INDUSTRIALS,KOMTSENTR
INDUSTRIALS,KON
INDUSTRIALS,KON-S
INDUSTRIALS,KONDTROL
INDUSTRIALS,KONDTROL'
INDUSTRIALS,KONKORD
INDUSTRIALS,KONSALT
INDUSTRIALS,KONT
INDUSTRIALS,KONTINENT
INDUSTRIALS,KONTRAKT
INDUSTRIALS,KONTROL
INDUSTRIALS,KONTROL'
INDUSTRIALS,KONVERTER
INDUSTRIALS,KOPIR
INDUSTRIALS,KOR
INDUSTRIALS,KOR-M
INDUSTRIALS,KORD
INDUSTRIALS,KORESURS
INDUSTRIALS,KOREYS
INDUSTRIALS,KORF
INDUSTRIALS,KORMELL
INDUSTRIALS,KOROUND
INDUSTRIALS,KORP
INDUSTRIALS,KORVUS
INDUSTRIALS,KOS-S
INDUSTRIALS,KOSERVIS
INDUSTRIALS,KOTEK
INDUSTRIALS,KOTEKH
INDUSTRIALS,KOTON
INDUSTRIALS,KOV
INDUSTRIALS,KOVCHEG
INDUSTRIALS,KOVIYA
INDUSTRIALS,KOVYVOZ
INDUSTRIALS,KPI
INDUSTRIALS,KPLAN
INDUSTRIALS,KPPK
INDUSTRIALS,KRA-URAL
INDUSTRIALS,KRAFT
INDUSTRIALS,KRAFTER
INDUSTRIALS,KRAN
INDUSTRIALS,KRAN-SNAB
INDUSTRIALS,KRANSBYT
INDUSTRIALS,KRASMK
INDUSTRIALS,KRASPAN
INDUSTRIALS,KRASPAN-M
INDUSTRIALS,KRASPTM
INDUSTRIALS,KREISS
INDUSTRIALS,KREPEZH
INDUSTRIALS,KRESURS
INDUSTRIALS,KRIOBAK
INDUSTRIALS,KRISTOFER
INDUSTRIALS,KRON
INDUSTRIALS,KROND
INDUSTRIALS,KROVLYA
INDUSTRIALS,KRUG
INDUSTRIALS,KRYLATKA
INDUSTRIALS,KS-BILD
INDUSTRIALS,KS-KUBAN'
INDUSTRIALS,KS-RU
INDUSTRIALS,KS-RUS
INDUSTRIALS,KS-SERVIS
INDUSTRIALS,KS-TRADE
INDUSTRIALS,KS-TYUMEN
INDUSTRIALS,KSA
INDUSTRIALS,KSAR
INDUSTRIALS,KSC
INDUSTRIALS,KSIM
INDUSTRIALS,KSIMA
INDUSTRIALS,KSIOMA
INDUSTRIALS,KSKAN
INDUSTRIALS,KSKH
INDUSTRIALS,KSKOE
INDUSTRIALS,KSPO
INDUSTRIALS,KSPOMET
INDUSTRIALS,KSPORT
INDUSTRIALS,KSPORTER
INDUSTRIALS,KSPOTREID
INDUSTRIALS,KSPRESS
INDUSTRIALS,KSSERVIS
INDUSTRIALS,KSTROI
INDUSTRIALS,KSTROI-SP
INDUSTRIALS,KT-ASDM
INDUSTRIALS,KT-TAIM
INDUSTRIALS,KT-YAVIR
INDUSTRIALS,KTATSIYA
INDUSTRIALS,KTBA
INDUSTRIALS,KTELEKOM
INDUSTRIALS,KTERMINAL
INDUSTRIALS,KTIK
INDUSTRIALS,KTIKA
INDUSTRIALS,KTM
INDUSTRIALS,KTON
INDUSTRIALS,KTOR
INDUSTRIALS,KTORISTY
INDUSTRIALS,KTRA
INDUSTRIALS,KTREMONT
INDUSTRIALS,KTRIK
INDUSTRIALS,KTRO
INDUSTRIALS,KTROMASH
INDUSTRIALS,KTROPROFI
INDUSTRIALS,KTROSTROI
INDUSTRIALS,KTRUM
INDUSTRIALS,KTS
INDUSTRIALS,KTSERVIS
INDUSTRIALS,KTSII
INDUSTRIALS,KTSIYA
INDUSTRIALS,KTSTROI
INDUSTRIALS,KTSV
INDUSTRIALS,KTUM
INDUSTRIALS,KTZHB
INDUSTRIALS,KUBAN'
INDUSTRIALS,KUL
INDUSTRIALS,KURER
INDUSTRIALS,KURII
INDUSTRIALS,KURS
INDUSTRIALS,KUS
INDUSTRIALS,KUT
INDUSTRIALS,KUTSK
INDUSTRIALS,KUZMASH
INDUSTRIALS,KVA
INDUSTRIALS,KVADRAT
INDUSTRIALS,KVADRIGA
INDUSTRIALS,KVINTMADI
INDUSTRIALS,KVSM
INDUSTRIALS,KYRAN-M
INDUSTRIALS,KZ-EXPORT
INDUSTRIALS,KZAEYM
INDUSTRIALS,KZAPCHAST
INDUSTRIALS,KZMK
INDUSTRIALS,KZPV
INDUSTRIALS,Kaliy
INDUSTRIALS,Kammer
INDUSTRIALS,Kapitan
INDUSTRIALS,Karat
INDUSTRIALS,Kept
INDUSTRIALS,KhimTekh
INDUSTRIALS,Klever
INDUSTRIALS,Koblik
INDUSTRIALS,KomTrans
INDUSTRIALS,Kometa
INDUSTRIALS,Konkord
INDUSTRIALS,Kormell
INDUSTRIALS,Kornet
INDUSTRIALS,Korund
INDUSTRIALS,Korvet
INDUSTRIALS,Krafter
INDUSTRIALS,KrioFrost
INDUSTRIALS,Kuznitsa
INDUSTRIALS,L&T
INDUSTRIALS,L'-INVEST
INDUSTRIALS,L'-KARGO
INDUSTRIALS,L'-SERVIS
INDUSTRIALS,L'GRATE
INDUSTRIALS,L'MASH
INDUSTRIALS,L'NAYA
INDUSTRIALS,L'NOFF
INDUSTRIALS,L'PROM
INDUSTRIALS,L'PROVOD
INDUSTRIALS,L'S
INDUSTRIALS,L'SHCHIK
INDUSTRIALS,L'SK
INDUSTRIALS,L'SNAB
INDUSTRIALS,L'TA
INDUSTRIALS,L'TASKAN
INDUSTRIALS,L'TEKH
INDUSTRIALS,L'YANS
INDUSTRIALS,L-2010
INDUSTRIALS,L-AGRO
INDUSTRIALS,L-DIS
INDUSTRIALS,L-ECO
INDUSTRIALS,L-EKO
INDUSTRIALS,L-GRUPP
INDUSTRIALS,L-NN
INDUSTRIALS,L-NT
INDUSTRIALS,L-PERVYI
INDUSTRIALS,L-PRESS
INDUSTRIALS,L-PROEKT
INDUSTRIALS,L-PROFIL
INDUSTRIALS,L-SYSTEMS
INDUSTRIALS,L-TEK
INDUSTRIALS,L-TRANS
INDUSTRIALS,L-TSENTR
INDUSTRIALS,L-Trans
INDUSTRIALS,L-WASTE
INDUSTRIALS,L-ZAVOD
INDUSTRIALS,L.K.
INDUSTRIALS,LAB
INDUSTRIALS,LABINSKOE
INDUSTRIALS,LABUGA
INDUSTRIALS,LADA
INDUSTRIALS,LAGROSNAB
INDUSTRIALS,LAIN
INDUSTRIALS,LAIT
INDUSTRIALS,LAIVUD
INDUSTRIALS,LAKOR
INDUSTRIALS,LAKTIKA
INDUSTRIALS,LAMA
INDUSTRIALS,LAN
INDUSTRIALS,LANA
INDUSTRIALS,LANA-K
INDUSTRIALS,LAND
INDUSTRIALS,LANDIYA
INDUSTRIALS,LASS
INDUSTRIALS,LASSIK
INDUSTRIALS,LAST
INDUSTRIALS,LASTIK
INDUSTRIALS,LASTOMER
INDUSTRIALS,LATAN
INDUSTRIALS,LATFORM
INDUSTRIALS,LATFORMA
INDUSTRIALS,LATI
INDUSTRIALS,LATKA
INDUSTRIALS,LAUTO
INDUSTRIALS,LAVAVTO
INDUSTRIALS,LAVPROM
INDUSTRIALS,LAVTODOR
INDUSTRIALS,LAX
INDUSTRIALS,LBITEYK
INDUSTRIALS,LBR-RUS
INDUSTRIALS,LBR-TRADE
INDUSTRIALS,LBURMASH
INDUSTRIALS,LCOM
INDUSTRIALS,LCON
INDUSTRIALS,LCREDIT
INDUSTRIALS,LDEYP
INDUSTRIALS,LDIN
INDUSTRIALS,LDING
INDUSTRIALS,LDIS
INDUSTRIALS,LDR-STROY
INDUSTRIALS,LDTRANS
INDUSTRIALS,LEA
INDUSTRIALS,LEAN.RU
INDUSTRIALS,LEANING
INDUSTRIALS,LEASING
INDUSTRIALS,LEBOEUF
INDUSTRIALS,LECONTACT
INDUSTRIALS,LECT-URAL
INDUSTRIALS,LED
INDUSTRIALS,LEDO
INDUSTRIALS,LEET
INDUSTRIALS,LEGION
INDUSTRIALS,LEGRA
INDUSTRIALS,LEKOM
INDUSTRIALS,LEKON
INDUSTRIALS,LEKS
INDUSTRIALS,LEKS-RU
INDUSTRIALS,LEKSA
INDUSTRIALS,LEKT
INDUSTRIALS,LEKTRA
INDUSTRIALS,LEKTRIK
INDUSTRIALS,LEKTRO
INDUSTRIALS,LEKTRUM
INDUSTRIALS,LEL
INDUSTRIALS,LEL-EKO
INDUSTRIALS,LEMATIKA
INDUSTRIALS,LEMENT
INDUSTRIALS,LEMENTUM
INDUSTRIALS,LENAR
INDUSTRIALS,LEND
INDUSTRIALS,LENG
INDUSTRIALS,LENGO
INDUSTRIALS,LENNIK
INDUSTRIALS,LER
INDUSTRIALS,LEROINYE
INDUSTRIALS,LERS
INDUSTRIALS,LES
INDUSTRIALS,LESEXPORT
INDUSTRIALS,LESK
INDUSTRIALS,LESPORT
INDUSTRIALS,LET
INDUSTRIALS,LETNAYA
INDUSTRIALS,LEVATOR
INDUSTRIALS,LEVER
INDUSTRIALS,LEX
INDUSTRIALS,LEYIS-A
INDUSTRIALS,LEYLEKTRA
INDUSTRIALS,LEYM
INDUSTRIALS,LEZOBETON
INDUSTRIALS,LFA
INDUSTRIALS,LFASCAN
INDUSTRIALS,LGA
INDUSTRIALS,LGA-DNEPR
INDUSTRIALS,LGOGRAD
INDUSTRIALS,LGOMOST
INDUSTRIALS,LGRATE
INDUSTRIALS,LI-GRUPP
INDUSTRIALS,LIA
INDUSTRIALS,LIANCE
INDUSTRIALS,LIANCESC
INDUSTRIALS,LIDARNOST
INDUSTRIALS,LIDER
INDUSTRIALS,LIFT
INDUSTRIALS,LIGHT
INDUSTRIALS,LIKA
INDUSTRIALS,LIKHIM
INDUSTRIALS,LIMER
INDUSTRIALS,LIMITED
INDUSTRIALS,LIMP
INDUSTRIALS,LIMPRESS
INDUSTRIALS,LIN
INDUSTRIALS,LINE
INDUSTRIALS,LING
INDUSTRIALS,LININGRAD
INDUSTRIALS,LINIST
INDUSTRIALS,LINK-1
INDUSTRIALS,LINKER
INDUSTRIALS,LINKOM
INDUSTRIALS,LINNIMAX
INDUSTRIALS,LINTER'ER
INDUSTRIALS,LINVEST
INDUSTRIALS,LIREN
INDUSTRIALS,LIS-GRUPP
INDUSTRIALS,LISKAN
INDUSTRIALS,LISSIB
INDUSTRIALS,LIST
INDUSTRIALS,LIST-S
INDUSTRIALS,LISTON
INDUSTRIALS,LIT
INDUSTRIALS,LITECHEM
INDUSTRIALS,LITI
INDUSTRIALS,LITIK
INDUSTRIALS,LITIKA
INDUSTRIALS,LITPROM
INDUSTRIALS,LITSA
INDUSTRIALS,LITTRANS
INDUSTRIALS,LIZ
INDUSTRIALS,LIZING
INDUSTRIALS,LJOT
INDUSTRIALS,LKAB-KZ
INDUSTRIALS,LKAM
INDUSTRIALS,LKAMP
INDUSTRIALS,LKER
INDUSTRIALS,LKO
INDUSTRIALS,LKRAN
INDUSTRIALS,LKT
INDUSTRIALS,LL-GRUPP
INDUSTRIALS,LL-ZAVOD
INDUSTRIALS,LLA
INDUSTRIALS,LLADA
INDUSTRIALS,LLAN
INDUSTRIALS,LLAX
INDUSTRIALS,LLC
INDUSTRIALS,LLCREDIT
INDUSTRIALS,LLER
INDUSTRIALS,LLET
INDUSTRIALS,LLETNAYA
INDUSTRIALS,LLIA
INDUSTRIALS,LLIANCE
INDUSTRIALS,LLIANCESC
INDUSTRIALS,LLIMPRESS
INDUSTRIALS,LLINE
INDUSTRIALS,LLINVEST
INDUSTRIALS,LLIST
INDUSTRIALS,LLO-STROY
INDUSTRIALS,LLON
INDUSTRIALS,LLOP
INDUSTRIALS,LLOPLAST
INDUSTRIALS,LLOTCENTR
INDUSTRIALS,LLPROEKT
INDUSTRIALS,LLRU
INDUSTRIALS,LLSERVICE
INDUSTRIALS,LLSERVIS
INDUSTRIALS,LMA
INDUSTRIALS,LMAG
INDUSTRIALS,LMAR
INDUSTRIALS,LMARKET
INDUSTRIALS,LMASH
INDUSTRIALS,LMC
INDUSTRIALS,LMET
INDUSTRIALS,LNA
INDUSTRIALS,LNIYA
INDUSTRIALS,LNOFF
INDUSTRIALS,LO-STROY
INDUSTRIALS,LOBAL
INDUSTRIALS,"LOBAL,"
INDUSTRIALS,LOCATION
INDUSTRIALS,LOCHNYI
INDUSTRIALS,LOCK
INDUSTRIALS,LOD
INDUSTRIALS,LODMASH
INDUSTRIALS,LODZHI
INDUSTRIALS,LOG
INDUSTRIALS,LOGDASKAN
INDUSTRIALS,LOGIC
INDUSTRIALS,LOGICALL
INDUSTRIALS,LOGIE
INDUSTRIALS,LOGIES
INDUSTRIALS,LOGII
INDUSTRIALS,LOGIKS
INDUSTRIALS,LOGINPROM
INDUSTRIALS,LOGIST
INDUSTRIALS,LOGISTIC
INDUSTRIALS,LOGISTICS
INDUSTRIALS,LOGISTIK
INDUSTRIALS,LOGISTIKA
INDUSTRIALS,LOGIYA
INDUSTRIALS,LOGLAB
INDUSTRIALS,LOGOS
INDUSTRIALS,LOGTRANS
INDUSTRIALS,LOGY
INDUSTRIALS,LOK
INDUSTRIALS,LOKOMOTIV
INDUSTRIALS,LOKONTROL
INDUSTRIALS,LOKROVLYA
INDUSTRIALS,LOMASH
INDUSTRIALS,LOMENSKY
INDUSTRIALS,LON
INDUSTRIALS,LONDAIK
INDUSTRIALS,LOP
INDUSTRIALS,LOPLAST
INDUSTRIALS,LOPMENT
INDUSTRIALS,LOPORTS
INDUSTRIALS,LOPRIBOR
INDUSTRIALS,LORAN
INDUSTRIALS,LORIKA
INDUSTRIALS,LOSERVIS
INDUSTRIALS,LOSFERA
INDUSTRIALS,LOT
INDUSTRIALS,LOTCENTR
INDUSTRIALS,LP-GRUP
INDUSTRIALS,LPANEL'
INDUSTRIALS,LPINA
INDUSTRIALS,LPROEKT
INDUSTRIALS,LPROM
INDUSTRIALS,LPROM-MS
INDUSTRIALS,LRU
INDUSTRIALS,LSATOR
INDUSTRIALS,LSERVICE
INDUSTRIALS,LSERVIS
INDUSTRIALS,LSI
INDUSTRIALS,LSIB
INDUSTRIALS,LSKI
INDUSTRIALS,LSPED
INDUSTRIALS,LSS
INDUSTRIALS,LSTAR
INDUSTRIALS,LSTOR
INDUSTRIALS,LSTROI
INDUSTRIALS,LSTROI-31
INDUSTRIALS,LSTROY
INDUSTRIALS,LT-INVEST
INDUSTRIALS,LT-YUG
INDUSTRIALS,LTA
INDUSTRIALS,LTAIR
INDUSTRIALS,LTAISKAN
INDUSTRIALS,LTASH
INDUSTRIALS,LTB
INDUSTRIALS,LTD
INDUSTRIALS,LTEK
INDUSTRIALS,LTEYK
INDUSTRIALS,LTING
INDUSTRIALS,LTK
INDUSTRIALS,LTOP
INDUSTRIALS,LTRANS-1
INDUSTRIALS,LTREID
INDUSTRIALS,LTRUCK
INDUSTRIALS,LTSINK
INDUSTRIALS,LTTRANS
INDUSTRIALS,LTURBO
INDUSTRIALS,LTWASSER
INDUSTRIALS,LUCH
INDUSTRIALS,LUGA
INDUSTRIALS,LUGIN
INDUSTRIALS,LUGOL
INDUSTRIALS,LUIS+
INDUSTRIALS,LUM
INDUSTRIALS,LUNA
INDUSTRIALS,LUR
INDUSTRIALS,LUS
INDUSTRIALS,LVEYS
INDUSTRIALS,LVY
INDUSTRIALS,LYA
INDUSTRIALS,LYABINSK
INDUSTRIALS,LYACIA
INDUSTRIALS,LYANOVSK
INDUSTRIALS,LYANS
INDUSTRIALS,LYATTI
INDUSTRIALS,LYMET
INDUSTRIALS,LYUKS
INDUSTRIALS,LYUS
INDUSTRIALS,LYUTNYE
INDUSTRIALS,LZHE
INDUSTRIALS,LZM
INDUSTRIALS,LZSP
INDUSTRIALS,Lab
INDUSTRIALS,Leader
INDUSTRIALS,Lel-Eco
INDUSTRIALS,LenGo
INDUSTRIALS,Line
INDUSTRIALS,Lipetsk
INDUSTRIALS,Lizing
INDUSTRIALS,Llc
INDUSTRIALS,Loginof
INDUSTRIALS,Logistic
INDUSTRIALS,Logistics
INDUSTRIALS,Logsnab
INDUSTRIALS,Lorry
INDUSTRIALS,Ltd.
INDUSTRIALS,M'E
INDUSTRIALS,M-1
INDUSTRIALS,M-2
INDUSTRIALS,M-3
INDUSTRIALS,M-4
INDUSTRIALS,M-CABEL
INDUSTRIALS,M-CENTER
INDUSTRIALS,M-DETAL
INDUSTRIALS,M-F
INDUSTRIALS,M-GRAFIKS
INDUSTRIALS,M-GROUP
INDUSTRIALS,M-HOLDING
INDUSTRIALS,M-ITS
INDUSTRIALS,M-KVADRAT
INDUSTRIALS,M-LAIT
INDUSTRIALS,M-MS
INDUSTRIALS,M-OIL
INDUSTRIALS,M-RAND
INDUSTRIALS,M-RESURS
INDUSTRIALS,M-Rail
INDUSTRIALS,M-S
INDUSTRIALS,M-SERVIS
INDUSTRIALS,M-STROI
INDUSTRIALS,M-TELEKOM
INDUSTRIALS,M-TRANS
INDUSTRIALS,M-TSENTR
INDUSTRIALS,M-URAL
INDUSTRIALS,M.STROY
INDUSTRIALS,MA-SERVIS
INDUSTRIALS,MAAVTODOR
INDUSTRIALS,MADA
INDUSTRIALS,MADA-A
INDUSTRIALS,MADI
INDUSTRIALS,MAG
INDUSTRIALS,MAGELLAN
INDUSTRIALS,MAGISTRAL
INDUSTRIALS,MAGNA
INDUSTRIALS,MAILI
INDUSTRIALS,MAIR
INDUSTRIALS,MAK
INDUSTRIALS,MAKS
INDUSTRIALS,MAKSIMA
INDUSTRIALS,MAL'GRATE
INDUSTRIALS,MALGRATE
INDUSTRIALS,MALLIANCE
INDUSTRIALS,MALMET
INDUSTRIALS,MAN
INDUSTRIALS,MANEL
INDUSTRIALS,MANGA
INDUSTRIALS,MANIYA
INDUSTRIALS,MANN
INDUSTRIALS,MANT
INDUSTRIALS,MANTRUCK
INDUSTRIALS,MAOPREMA
INDUSTRIALS,MAR
INDUSTRIALS,MARA
INDUSTRIALS,MARA-SKAN
INDUSTRIALS,MARGL
INDUSTRIALS,MARINE
INDUSTRIALS,MARKER
INDUSTRIALS,MARKET
INDUSTRIALS,MARKET-M
INDUSTRIALS,MARLIZ
INDUSTRIALS,MARMATURA
INDUSTRIALS,MAROVSKOE
INDUSTRIALS,MARSENAL
INDUSTRIALS,MASH
INDUSTRIALS,MASHINA
INDUSTRIALS,MASHINKO
INDUSTRIALS,MASHPROM
INDUSTRIALS,MASHZAVOD
INDUSTRIALS,MASTER
INDUSTRIALS,MAT
INDUSTRIALS,MATECH
INDUSTRIALS,MATIC
INDUSTRIALS,MATIKA
INDUSTRIALS,MATRITSA
INDUSTRIALS,MATSERVIS
INDUSTRIALS,MATURA
INDUSTRIALS,MAVTO
INDUSTRIALS,MAX
INDUSTRIALS,MAZ
INDUSTRIALS,MBAT
INDUSTRIALS,MBITEKH
INDUSTRIALS,MBM-TRANS
INDUSTRIALS,MBOVMASH
INDUSTRIALS,MBV
INDUSTRIALS,MBYTSTROI
INDUSTRIALS,MCIA
INDUSTRIALS,MCO
INDUSTRIALS,MDM-LAIT
INDUSTRIALS,MDORSTROI
INDUSTRIALS,MDORSTROY
INDUSTRIALS,MDS
INDUSTRIALS,MED
INDUSTRIALS,MEDEXPORT
INDUSTRIALS,MEGA
INDUSTRIALS,MEGA-OIL
INDUSTRIALS,MEGANEFT'
INDUSTRIALS,MEGASKAN
INDUSTRIALS,MEGI
INDUSTRIALS,MEISKOE
INDUSTRIALS,MEK
INDUSTRIALS,MEKHANIK
INDUSTRIALS,MEKHSTROI
INDUSTRIALS,MEKS
INDUSTRIALS,MELL
INDUSTRIALS,MEN
INDUSTRIALS,MEN'
INDUSTRIALS,MEN'TEL
INDUSTRIALS,MENSKY
INDUSTRIALS,MENT
INDUSTRIALS,MENTSTROI
INDUSTRIALS,MENTUM
INDUSTRIALS,MER
INDUSTRIALS,MER-M
INDUSTRIALS,MER-T
INDUSTRIALS,MERA
INDUSTRIALS,MERCURY
INDUSTRIALS,MERIDIAN
INDUSTRIALS,MERKATOR
INDUSTRIALS,MERKURII
INDUSTRIALS,MERZ
INDUSTRIALS,MES
INDUSTRIALS,MET
INDUSTRIALS,MET-KAMA
INDUSTRIALS,MET-NSK
INDUSTRIALS,MET-OKA
INDUSTRIALS,MET-TRANS
INDUSTRIALS,MET-URAL
INDUSTRIALS,MET-VOLGA
INDUSTRIALS,METAL
INDUSTRIALS,METALL
INDUSTRIALS,METALLINE
INDUSTRIALS,METALLIST
INDUSTRIALS,METALLON
INDUSTRIALS,METEVO
INDUSTRIALS,METIEVO
INDUSTRIALS,METIZ
INDUSTRIALS,METKOM
INDUSTRIALS,METRA
INDUSTRIALS,METRO
INDUSTRIALS,METTA
INDUSTRIALS,METTOIL
INDUSTRIALS,METURAL
INDUSTRIALS,METYEVO
INDUSTRIALS,MEYKS
INDUSTRIALS,MEYLE
INDUSTRIALS,MEYNERGO
INDUSTRIALS,MEYS
INDUSTRIALS,MFASAD
INDUSTRIALS,MFLOT
INDUSTRIALS,MGM
INDUSTRIALS,MGTT
INDUSTRIALS,MI-PROFIT
INDUSTRIALS,MICS
INDUSTRIALS,MID
INDUSTRIALS,MIE
INDUSTRIALS,MIEL
INDUSTRIALS,MIKA
INDUSTRIALS,MIKON
INDUSTRIALS,MIKS
INDUSTRIALS,MILSPED
INDUSTRIALS,MIN
INDUSTRIALS,MINAL
INDUSTRIALS,MINALUGOL
INDUSTRIALS,MINANDO
INDUSTRIALS,MINER
INDUSTRIALS,MINING
INDUSTRIALS,MINTEL
INDUSTRIALS,MINVEST
INDUSTRIALS,MIRNOV
INDUSTRIALS,MIRTEK
INDUSTRIALS,MIS
INDUSTRIALS,MIS-STROY
INDUSTRIALS,MIT
INDUSTRIALS,MITED
INDUSTRIALS,MK-14
INDUSTRIALS,MKABEL
INDUSTRIALS,MKEN-RUS
INDUSTRIALS,MKOMPLEKT
INDUSTRIALS,MKS
INDUSTRIALS,MKT
INDUSTRIALS,MKT-ASDM
INDUSTRIALS,MLEROINYE
INDUSTRIALS,MLITSA
INDUSTRIALS,MLOGISTIK
INDUSTRIALS,MM-1
INDUSTRIALS,MM-2
INDUSTRIALS,MMASH
INDUSTRIALS,MMERZ
INDUSTRIALS,MMETIZ
INDUSTRIALS,MMID
INDUSTRIALS,MMP
INDUSTRIALS,MO-LAIN
INDUSTRIALS,MOBIL
INDUSTRIALS,MOBIL'
INDUSTRIALS,MOBIL-NN
INDUSTRIALS,MODEDOVO
INDUSTRIALS,MODUL
INDUSTRIALS,MOE
INDUSTRIALS,MOIL
INDUSTRIALS,MOKUL
INDUSTRIALS,MOLIREN
INDUSTRIALS,MOLNIYA
INDUSTRIALS,MOLOCHNYI
INDUSTRIALS,MOLOT
INDUSTRIALS,MOMASH
INDUSTRIALS,MOND
INDUSTRIALS,MONOLIT
INDUSTRIALS,MONT
INDUSTRIALS,MONTAJ
INDUSTRIALS,MONTAZH
INDUSTRIALS,MONTAZH-2
INDUSTRIALS,MONTNAYA
INDUSTRIALS,MORI
INDUSTRIALS,MORION
INDUSTRIALS,MORPORT
INDUSTRIALS,MORSKOI
INDUSTRIALS,MORSNAB
INDUSTRIALS,MORTRANS
INDUSTRIALS,MOS
INDUSTRIALS,MOS-LAIN
INDUSTRIALS,MOSKOVIYA
INDUSTRIALS,MOSKVA
INDUSTRIALS,MOSLIFT
INDUSTRIALS,MOSPAS
INDUSTRIALS,MOSSTROY
INDUSTRIALS,MOST
INDUSTRIALS,MOSTOVIK
INDUSTRIALS,MOSTROY
INDUSTRIALS,MOTIV
INDUSTRIALS,MOTOR
INDUSTRIALS,MOTRON
INDUSTRIALS,MPAKT
INDUSTRIALS,MPANI
INDUSTRIALS,MPANIYA
INDUSTRIALS,MPANY
INDUSTRIALS,MPAS
INDUSTRIALS,MPASS
INDUSTRIALS,MPEKS
INDUSTRIALS,MPELKAMP
INDUSTRIALS,MPER
INDUSTRIALS,MPEX
INDUSTRIALS,MPEYKS
INDUSTRIALS,MPLEKS
INDUSTRIALS,MPLEKS-RU
INDUSTRIALS,MPLEKT
INDUSTRIALS,MPLEX
INDUSTRIALS,MPO
INDUSTRIALS,MPONENT
INDUSTRIALS,MPONENTA
INDUSTRIALS,MPORT
INDUSTRIALS,MPP
INDUSTRIALS,MPRAIS
INDUSTRIALS,MPRESS
INDUSTRIALS,MPROM
INDUSTRIALS,MPU
INDUSTRIALS,MPUL'S
INDUSTRIALS,MRC
INDUSTRIALS,MREM
INDUSTRIALS,MRESURS
INDUSTRIALS,MRMZ
INDUSTRIALS,MRSU
INDUSTRIALS,MRSU-1
INDUSTRIALS,MRYUKSKOE
INDUSTRIALS,MS-IT
INDUSTRIALS,MS-PROEKT
INDUSTRIALS,MSENSOR
INDUSTRIALS,MSERVICE
INDUSTRIALS,MSERVIS
INDUSTRIALS,MSI
INDUSTRIALS,MSK
INDUSTRIALS,MSKAYA
INDUSTRIALS,MSKH
INDUSTRIALS,MSKKABEL'
INDUSTRIALS,MSKSKAN
INDUSTRIALS,MSNAB
INDUSTRIALS,MSON
INDUSTRIALS,MSPC
INDUSTRIALS,MSS
INDUSTRIALS,MSTA
INDUSTRIALS,MSTRO
INDUSTRIALS,MSTROI
INDUSTRIALS,MSTROI-MT
INDUSTRIALS,MSTROY
INDUSTRIALS,MSU-1
INDUSTRIALS,MSVET
INDUSTRIALS,MSZ
INDUSTRIALS,MTEK
INDUSTRIALS,MTEKH
INDUSTRIALS,MTEKH-SK
INDUSTRIALS,MTEKS
INDUSTRIALS,MTERMINAL
INDUSTRIALS,MTIKA
INDUSTRIALS,MTK
INDUSTRIALS,MTK-STROI
INDUSTRIALS,MTO
INDUSTRIALS,MTORG
INDUSTRIALS,MTRA
INDUSTRIALS,MTRACTOR
INDUSTRIALS,MTREID
INDUSTRIALS,MTSENTR
INDUSTRIALS,MU-3
INDUSTRIALS,MU-303
INDUSTRIALS,MUM
INDUSTRIALS,MUR
INDUSTRIALS,MUTTRANS
INDUSTRIALS,MV-GRUPP
INDUSTRIALS,MZ-NGO
INDUSTRIALS,MZKO
INDUSTRIALS,Mantsinen
INDUSTRIALS,Mantsov
INDUSTRIALS,Mash
INDUSTRIALS,Matytsyn
INDUSTRIALS,Maximum
INDUSTRIALS,Megatrans
INDUSTRIALS,Melarin
INDUSTRIALS,Melytec
INDUSTRIALS,Meridian
INDUSTRIALS,Metiz
INDUSTRIALS,Metta
INDUSTRIALS,Minerals
INDUSTRIALS,MirTech
INDUSTRIALS,Mirtech
INDUSTRIALS,Mirtek
INDUSTRIALS,Mobility
INDUSTRIALS,Modul
INDUSTRIALS,Monopoly
INDUSTRIALS,Montazh
INDUSTRIALS,Morstroy
INDUSTRIALS,N'AVTODOR
INDUSTRIALS,N'TEL
INDUSTRIALS,N-ALABUGA
INDUSTRIALS,N-M
INDUSTRIALS,N-N
INDUSTRIALS,N-RUS
INDUSTRIALS,N-S
INDUSTRIALS,N-SB
INDUSTRIALS,N-SERVIS
INDUSTRIALS,N-SNAB
INDUSTRIALS,N-TEKS
INDUSTRIALS,N-ZAVOD
INDUSTRIALS,N.RU
INDUSTRIALS,NA-INVEST
INDUSTRIALS,NA-K
INDUSTRIALS,NAB
INDUSTRIALS,NABSERVIS
INDUSTRIALS,NABSTROI
INDUSTRIALS,NADZOR
INDUSTRIALS,NAIR
INDUSTRIALS,NAL
INDUSTRIALS,NAL-NT
INDUSTRIALS,NALITIK
INDUSTRIALS,NALITIKA
INDUSTRIALS,NALUGOL
INDUSTRIALS,NAMIKA
INDUSTRIALS,NAN
INDUSTRIALS,NANDO
INDUSTRIALS,NANO
INDUSTRIALS,NAR
INDUSTRIALS,NARATM
INDUSTRIALS,NASTIL
INDUSTRIALS,NATIVA
INDUSTRIALS,NATRANS
INDUSTRIALS,NAVIGATOR
INDUSTRIALS,NAVTOMOST
INDUSTRIALS,NAYA
INDUSTRIALS,NBK
INDUSTRIALS,NBURG
INDUSTRIALS,NBURG-OPT
INDUSTRIALS,NBURGSKAN
INDUSTRIALS,NC-FK
INDUSTRIALS,NCAB
INDUSTRIALS,NCE
INDUSTRIALS,NCE-AVIA
INDUSTRIALS,NCEPT
INDUSTRIALS,NCESC
INDUSTRIALS,NCOMPANY
INDUSTRIALS,NCOR
INDUSTRIALS,NCSP
INDUSTRIALS,ND-STROI
INDUSTRIALS,NDA
INDUSTRIALS,NDAIK
INDUSTRIALS,NDARTPARK
INDUSTRIALS,NDASTRIAL
INDUSTRIALS,NDEQ
INDUSTRIALS,NDER
INDUSTRIALS,NDIYA
INDUSTRIALS,NDLAIN
INDUSTRIALS,NDO
INDUSTRIALS,NDORMASH
INDUSTRIALS,NDORSTROI
INDUSTRIALS,NDTROL
INDUSTRIALS,NDTROL'
INDUSTRIALS,NDUSTRIES
INDUSTRIALS,NDUSTRIYA
INDUSTRIALS,NEC
INDUSTRIALS,NED
INDUSTRIALS,NEDZHMENT
INDUSTRIALS,NEERING
INDUSTRIALS,NEFIT
INDUSTRIALS,NEFT'
INDUSTRIALS,NEFTEKHIM
INDUSTRIALS,NEFTEMASH
INDUSTRIALS,NEGA
INDUSTRIALS,NEK
INDUSTRIALS,NEKS
INDUSTRIALS,NEL
INDUSTRIALS,NEL'
INDUSTRIALS,NELSTROY
INDUSTRIALS,NENT
INDUSTRIALS,NENTA
INDUSTRIALS,NEOCHEM
INDUSTRIALS,NEOLAB
INDUSTRIALS,NEPR
INDUSTRIALS,NER
INDUSTRIALS,NERGETIKA
INDUSTRIALS,NERGIYA
INDUSTRIALS,NERGO
INDUSTRIALS,NERGO-UIK
INDUSTRIALS,NERGOFORM
INDUSTRIALS,NERGOKOM
INDUSTRIALS,NERGOLIT
INDUSTRIALS,NERGOMASH
INDUSTRIALS,NERGOMERA
INDUSTRIALS,NERGOPROM
INDUSTRIALS,NERGOSILA
INDUSTRIALS,NERGOTEL
INDUSTRIALS,NERGY
INDUSTRIALS,NERO
INDUSTRIALS,NES
INDUSTRIALS,NESBAS
INDUSTRIALS,NESINVEST
INDUSTRIALS,NESTA
INDUSTRIALS,NET-BILET
INDUSTRIALS,NETSKII
INDUSTRIALS,NEVA
INDUSTRIALS,NEVATOM
INDUSTRIALS,NEVMOMASH
INDUSTRIALS,NEW
INDUSTRIALS,NEYK
INDUSTRIALS,NEYNERGO
INDUSTRIALS,NEZH
INDUSTRIALS,NFC
INDUSTRIALS,NFIN
INDUSTRIALS,NFT
INDUSTRIALS,NGA
INDUSTRIALS,NGAZTEKH
INDUSTRIALS,NGEL
INDUSTRIALS,NGENIUM
INDUSTRIALS,NGER
INDUSTRIALS,NGM
INDUSTRIALS,NGO
INDUSTRIALS,NGODA
INDUSTRIALS,NGORTEKH
INDUSTRIALS,NGRAD
INDUSTRIALS,NGROSS
INDUSTRIALS,NGS
INDUSTRIALS,NI-BLOK
INDUSTRIALS,NI-RUS
INDUSTRIALS,NICHESKII
INDUSTRIALS,NIDRAFT
INDUSTRIALS,NIE
INDUSTRIALS,NIELI
INDUSTRIALS,NIIAS
INDUSTRIALS,NIIK
INDUSTRIALS,NIIMF
INDUSTRIALS,NIIPROEKT
INDUSTRIALS,NIK
INDUSTRIALS,NIK-2
INDUSTRIALS,NIKA
INDUSTRIALS,NIKO
INDUSTRIALS,NIKOL
INDUSTRIALS,NIKONT
INDUSTRIALS,NIKS
INDUSTRIALS,NILED
INDUSTRIALS,NIMATIC
INDUSTRIALS,NIMAX
INDUSTRIALS,NING
INDUSTRIALS,NINGRAD
INDUSTRIALS,NINO
INDUSTRIALS,NION
INDUSTRIALS,NIPOM
INDUSTRIALS,NIPOST
INDUSTRIALS,NIRENT
INDUSTRIALS,NIRING
INDUSTRIALS,NISIBMASH
INDUSTRIALS,NISKA
INDUSTRIALS,NISSA
INDUSTRIALS,NIST
INDUSTRIALS,NIT
INDUSTRIALS,NITEK
INDUSTRIALS,NITEYK
INDUSTRIALS,NITEYP
INDUSTRIALS,NITINVEST
INDUSTRIALS,NITS
INDUSTRIALS,NIUM
INDUSTRIALS,NIVASIBIR
INDUSTRIALS,NIVEX
INDUSTRIALS,NIX
INDUSTRIALS,NIYA
INDUSTRIALS,NIZACIYA
INDUSTRIALS,NIZATSIYA
INDUSTRIALS,NJINIRING
INDUSTRIALS,NK-1
INDUSTRIALS,NKAB
INDUSTRIALS,NKATO
INDUSTRIALS,NKER
INDUSTRIALS,NKHPT
INDUSTRIALS,NKO
INDUSTRIALS,NKOM
INDUSTRIALS,NKOMPLEKT
INDUSTRIALS,NKOMPRAIS
INDUSTRIALS,NKOMTEKH
INDUSTRIALS,NKON
INDUSTRIALS,NKORD
INDUSTRIALS,NKTELEKOM
INDUSTRIALS,NLANDIYA
INDUSTRIALS,NLIT
INDUSTRIALS,NMASH
INDUSTRIALS,NMER-M
INDUSTRIALS,NMZ-NGO
INDUSTRIALS,NNAYA
INDUSTRIALS,NNELSTROY
INDUSTRIALS,NNIK
INDUSTRIALS,NNIMAX
INDUSTRIALS,NNOCHROM
INDUSTRIALS,NNOVA
INDUSTRIALS,NNOVATSII
INDUSTRIALS,NNY
INDUSTRIALS,NNYI
INDUSTRIALS,NNYKH
INDUSTRIALS,NO-PROFI
INDUSTRIALS,NO-URAL
INDUSTRIALS,NOCHROM
INDUSTRIALS,NODAR
INDUSTRIALS,NODOM
INDUSTRIALS,NODOR
INDUSTRIALS,NOEVOLAB
INDUSTRIALS,NOFF
INDUSTRIALS,NOFRESH
INDUSTRIALS,NOFROST
INDUSTRIALS,NOGINSKOE
INDUSTRIALS,NOGROUP
INDUSTRIALS,NOKOM
INDUSTRIALS,NOLIT
INDUSTRIALS,NOLODZHI
INDUSTRIALS,NOLOGIE
INDUSTRIALS,NOLOGIES
INDUSTRIALS,NOLOGII
INDUSTRIALS,NOLOGIYA
INDUSTRIALS,NONIKOL
INDUSTRIALS,NOPAN
INDUSTRIALS,NOPRO
INDUSTRIALS,NOPROEKT
INDUSTRIALS,NOPROM
INDUSTRIALS,NORDFELT
INDUSTRIALS,NORDMET
INDUSTRIALS,NORDTRANS
INDUSTRIALS,NORESURS
INDUSTRIALS,NORIL'SK
INDUSTRIALS,NOROS
INDUSTRIALS,NOSILA
INDUSTRIALS,NOSNAB
INDUSTRIALS,NOST
INDUSTRIALS,NOST'
INDUSTRIALS,NOSTIKA
INDUSTRIALS,NOSTIL
INDUSTRIALS,NOSTIL'
INDUSTRIALS,NOSTROY
INDUSTRIALS,NOTRADE
INDUSTRIALS,NOTREID
INDUSTRIALS,NOV
INDUSTRIALS,NOVA
INDUSTRIALS,NOVAPLAST
INDUSTRIALS,NOVATSII
INDUSTRIALS,NOVATSIYA
INDUSTRIALS,NOVOSHIP
INDUSTRIALS,NOVOSKAN
INDUSTRIALS,NOVOTRANS
INDUSTRIALS,NOVSK
INDUSTRIALS,NOXHUB
INDUSTRIALS,NOYARSK
INDUSTRIALS,NOZEM'E
INDUSTRIALS,NOZEME
INDUSTRIALS,NOZEMIE
INDUSTRIALS,NPF
INDUSTRIALS,NPGM
INDUSTRIALS,NPK
INDUSTRIALS,NPM
INDUSTRIALS,NPO
INDUSTRIALS,NPP
INDUSTRIALS,NPRO
INDUSTRIALS,NPROEKT
INDUSTRIALS,NPROM
INDUSTRIALS,NPTS
INDUSTRIALS,NPV
INDUSTRIALS,NRETRANS
INDUSTRIALS,NROAD
INDUSTRIALS,NS-1
INDUSTRIALS,NS-AVTO
INDUSTRIALS,NS-M
INDUSTRIALS,NS-MOSKVA
INDUSTRIALS,NS-RUS
INDUSTRIALS,NSAIDER
INDUSTRIALS,NSALT
INDUSTRIALS,NSAVTO
INDUSTRIALS,NSBALT
INDUSTRIALS,NSBUNKER
INDUSTRIALS,NSBYT
INDUSTRIALS,NSCHEM
INDUSTRIALS,NSCOAL
INDUSTRIALS,NSET
INDUSTRIALS,NSGARANT
INDUSTRIALS,NSGAZ
INDUSTRIALS,NSGRUZ
INDUSTRIALS,NSHANC-FK
INDUSTRIALS,NSHTADT
INDUSTRIALS,NSK
INDUSTRIALS,NSKHOLOD
INDUSTRIALS,NSKII
INDUSTRIALS,NSKKABEL
INDUSTRIALS,NSKKABEL'
INDUSTRIALS,NSKOE
INDUSTRIALS,NSKUZMASH
INDUSTRIALS,NSKY
INDUSTRIALS,NSLEASING
INDUSTRIALS,NSLES
INDUSTRIALS,NSMASH
INDUSTRIALS,NSNAB
INDUSTRIALS,NSOR
INDUSTRIALS,NSPARK
INDUSTRIALS,NSPORT
INDUSTRIALS,NSPORTNYE
INDUSTRIALS,NSPROEKT
INDUSTRIALS,NSS
INDUSTRIALS,NSSERVICE
INDUSTRIALS,NSSERVIS
INDUSTRIALS,NSSTROI
INDUSTRIALS,NSSTROY
INDUSTRIALS,NSSTROY-1
INDUSTRIALS,NST
INDUSTRIALS,NSTANT
INDUSTRIALS,NSTART
INDUSTRIALS,NSTEKH
INDUSTRIALS,NSTREYD
INDUSTRIALS,NSTROI
INDUSTRIALS,NSTROIOPT
INDUSTRIALS,NSTROY
INDUSTRIALS,NSTRUKCIY
INDUSTRIALS,NSTRUMENT
INDUSTRIALS,NSULTING
INDUSTRIALS,NSUMED
INDUSTRIALS,NSWICK
INDUSTRIALS,NT-999
INDUSTRIALS,NT-M
INDUSTRIALS,NT-TREID
INDUSTRIALS,NTA
INDUSTRIALS,NTACT
INDUSTRIALS,NTAINER
INDUSTRIALS,NTAJ
INDUSTRIALS,NTARES
INDUSTRIALS,NTAVRA
INDUSTRIALS,NTAZH
INDUSTRIALS,NTAZH-14
INDUSTRIALS,NTAZH-2
INDUSTRIALS,NTAZHNIK
INDUSTRIALS,NTEC
INDUSTRIALS,NTEGRA
INDUSTRIALS,NTEGRATOR
INDUSTRIALS,NTEGRITI
INDUSTRIALS,NTEK
INDUSTRIALS,NTEKH
INDUSTRIALS,NTEKO
INDUSTRIALS,NTEL
INDUSTRIALS,NTEL-AGRO
INDUSTRIALS,NTER
INDUSTRIALS,NTER'ER
INDUSTRIALS,NTERCOMP
INDUSTRIALS,NTERFAX
INDUSTRIALS,NTERIJER
INDUSTRIALS,NTERON
INDUSTRIALS,NTERPAK
INDUSTRIALS,NTERPOLE
INDUSTRIALS,NTERSTROI
INDUSTRIALS,NTERTRANS
INDUSTRIALS,NTESIS
INDUSTRIALS,NTEX
INDUSTRIALS,NTEYAZ
INDUSTRIALS,NTEZ
INDUSTRIALS,NTEZRAIL
INDUSTRIALS,NTGEN
INDUSTRIALS,NTIAL
INDUSTRIALS,NTIKOR-M
INDUSTRIALS,NTILED
INDUSTRIALS,NTINENT
INDUSTRIALS,NTIYA
INDUSTRIALS,NTMADI
INDUSTRIALS,NTMONTAZH
INDUSTRIALS,NTNAYA
INDUSTRIALS,NTNER
INDUSTRIALS,NTO
INDUSTRIALS,NTOR
INDUSTRIALS,NTOS
INDUSTRIALS,NTR
INDUSTRIALS,NTR-AGRO
INDUSTRIALS,NTRA
INDUSTRIALS,NTRAKT
INDUSTRIALS,NTRANS
INDUSTRIALS,NTRE
INDUSTRIALS,NTREVA
INDUSTRIALS,NTREYKSIM
INDUSTRIALS,NTRO
INDUSTRIALS,NTROL
INDUSTRIALS,NTROL'
INDUSTRIALS,NTROROS
INDUSTRIALS,NTRUCK
INDUSTRIALS,NTRUM
INDUSTRIALS,"NTS"""
INDUSTRIALS,NTSOVO
INDUSTRIALS,NTSTROI
INDUSTRIALS,NTSTYLE
INDUSTRIALS,NTTEQ
INDUSTRIALS,NTTS
INDUSTRIALS,NTUM
INDUSTRIALS,NUM
INDUSTRIALS,NUTEP
INDUSTRIALS,NVENT
INDUSTRIALS,NVERTER
INDUSTRIALS,NVEST
INDUSTRIALS,NVESTRA
INDUSTRIALS,NVEX
INDUSTRIALS,NVTZ
INDUSTRIALS,NWRC
INDUSTRIALS,NYARD
INDUSTRIALS,NYE
INDUSTRIALS,NYI
INDUSTRIALS,NYKH
INDUSTRIALS,NYLIMITED
INDUSTRIALS,NYY
INDUSTRIALS,NZHLAIN
INDUSTRIALS,NZHOIL
INDUSTRIALS,NZHPROEKT
INDUSTRIALS,NZHPROM
INDUSTRIALS,NZM
INDUSTRIALS,NZSP
INDUSTRIALS,Neftemash
INDUSTRIALS,Nextons
INDUSTRIALS,Nord
INDUSTRIALS,NovaStar
INDUSTRIALS,Novo
INDUSTRIALS,NovoPlast
INDUSTRIALS,O-BUNKER
INDUSTRIALS,O-DIALOG
INDUSTRIALS,O-EYKSPO
INDUSTRIALS,O-FLEET
INDUSTRIALS,O-GRUPP
INDUSTRIALS,O-INVEST
INDUSTRIALS,O-LAIN
INDUSTRIALS,O-LIDER
INDUSTRIALS,O-MASTER
INDUSTRIALS,O-NOVA
INDUSTRIALS,O-PEYK
INDUSTRIALS,O-PRIME
INDUSTRIALS,O-PRO
INDUSTRIALS,O-PROFI
INDUSTRIALS,O-REGION
INDUSTRIALS,O-RESURS
INDUSTRIALS,O-ROSKOR
INDUSTRIALS,O-SERVIS
INDUSTRIALS,O-SITI
INDUSTRIALS,O-STROI
INDUSTRIALS,O-STROY
INDUSTRIALS,O-Systems
INDUSTRIALS,O-TRANS
INDUSTRIALS,O-TREID
INDUSTRIALS,O-UIK
INDUSTRIALS,O-URAL
INDUSTRIALS,O-VAST
INDUSTRIALS,O-WAST
INDUSTRIALS,O-ZAPAD
INDUSTRIALS,O.L.K.
INDUSTRIALS,O.S.
INDUSTRIALS,O.S.T
INDUSTRIALS,OAD
INDUSTRIALS,OAGREGAT
INDUSTRIALS,OAKHTUBA
INDUSTRIALS,OAL
INDUSTRIALS,OALLIANCE
INDUSTRIALS,OAO
INDUSTRIALS,OAZIYA
INDUSTRIALS,OBAK
INDUSTRIALS,OBAL
INDUSTRIALS,"OBAL,"
INDUSTRIALS,OBALTRUCK
INDUSTRIALS,OBAN
INDUSTRIALS,OBEDA
INDUSTRIALS,OBEREG
INDUSTRIALS,OBETON
INDUSTRIALS,OBIL
INDUSTRIALS,OBIL'
INDUSTRIALS,OBIL-NN
INDUSTRIALS,OBOL
INDUSTRIALS,OBROGA
INDUSTRIALS,OBSHCHE
INDUSTRIALS,OCAR
INDUSTRIALS,OCARGO
INDUSTRIALS,OCATION
INDUSTRIALS,OCENTER
INDUSTRIALS,OCENTR
INDUSTRIALS,OCHEM
INDUSTRIALS,OCHINVEST
INDUSTRIALS,OCHNYI
INDUSTRIALS,OCHNYY
INDUSTRIALS,OCHROM
INDUSTRIALS,OCK
INDUSTRIALS,OCOMMERZ
INDUSTRIALS,OCONTACT
INDUSTRIALS,ODA
INDUSTRIALS,ODAGRO
INDUSTRIALS,ODAR
INDUSTRIALS,ODAR-SKAN
INDUSTRIALS,ODD
INDUSTRIALS,ODECO
INDUSTRIALS,ODEDOVO
INDUSTRIALS,ODEM
INDUSTRIALS,ODER
INDUSTRIALS,ODEYP
INDUSTRIALS,ODEZIYA
INDUSTRIALS,ODINTSOVO
INDUSTRIALS,ODIS
INDUSTRIALS,ODIS-M
INDUSTRIALS,ODK
INDUSTRIALS,ODMASH
INDUSTRIALS,ODMONTAZH
INDUSTRIALS,ODOM
INDUSTRIALS,ODOR
INDUSTRIALS,ODORSTROI
INDUSTRIALS,ODORSTROY
INDUSTRIALS,ODRAIV
INDUSTRIALS,ODSERVIS
INDUSTRIALS,ODSTROI
INDUSTRIALS,ODSTVO
INDUSTRIALS,ODTRANS
INDUSTRIALS,ODUKT
INDUSTRIALS,ODUL
INDUSTRIALS,ODVESKA
INDUSTRIALS,ODZHI
INDUSTRIALS,OEKSPRESS
INDUSTRIALS,OEKT
INDUSTRIALS,OEKTSTROI
INDUSTRIALS,OELEMENT
INDUSTRIALS,OENERGO
INDUSTRIALS,OETTINGER
INDUSTRIALS,OEUF
INDUSTRIALS,OEVODA
INDUSTRIALS,OEVOLAB
INDUSTRIALS,OEYKSPORT
INDUSTRIALS,OFCOND
INDUSTRIALS,OFER
INDUSTRIALS,OFF
INDUSTRIALS,OFI
INDUSTRIALS,OFIL
INDUSTRIALS,OFIT
INDUSTRIALS,OFLIST-S
INDUSTRIALS,OFLOT
INDUSTRIALS,OFMASTER
INDUSTRIALS,OFMODUL
INDUSTRIALS,OFNASTIL
INDUSTRIALS,OFORM
INDUSTRIALS,OFRENT
INDUSTRIALS,OFRESH
INDUSTRIALS,OFROST
INDUSTRIALS,OFSTEEL
INDUSTRIALS,OFTPROEKT
INDUSTRIALS,OFURGON
INDUSTRIALS,OGA
INDUSTRIALS,OGAS
INDUSTRIALS,OGAZSTROY
INDUSTRIALS,OGDASKAN
INDUSTRIALS,OGIC
INDUSTRIALS,OGICALL
INDUSTRIALS,OGIE
INDUSTRIALS,OGIES
INDUSTRIALS,OGII
INDUSTRIALS,OGIKS
INDUSTRIALS,OGINPROM
INDUSTRIALS,OGINSKOE
INDUSTRIALS,OGIST
INDUSTRIALS,OGISTIC
INDUSTRIALS,OGISTIC-N
INDUSTRIALS,OGISTICS
INDUSTRIALS,OGISTIK
INDUSTRIALS,OGISTIKA
INDUSTRIALS,OGIYA
INDUSTRIALS,OGLAB
INDUSTRIALS,OGO-TREID
INDUSTRIALS,OGOS
INDUSTRIALS,OGRAD
INDUSTRIALS,OGRADSKOE
INDUSTRIALS,OGRAF
INDUSTRIALS,OGREID
INDUSTRIALS,OGROUP
INDUSTRIALS,OGRUP
INDUSTRIALS,OGRUPP
INDUSTRIALS,OGTRANS
INDUSTRIALS,OGY
INDUSTRIALS,OI-31
INDUSTRIALS,OI-KA
INDUSTRIALS,OI-KURS
INDUSTRIALS,OI-MT
INDUSTRIALS,OI-SP
INDUSTRIALS,OIALYANS
INDUSTRIALS,OIDEKOR
INDUSTRIALS,OIDETAL
INDUSTRIALS,OIDETAL'
INDUSTRIALS,OIGAZ
INDUSTRIALS,OIGRUPP
INDUSTRIALS,OIKA
INDUSTRIALS,OIKOMI
INDUSTRIALS,OIKRAFT
INDUSTRIALS,OIL
INDUSTRIALS,OIL-TRANS
INDUSTRIALS,OIMASTER
INDUSTRIALS,OIMONTAZH
INDUSTRIALS,OINTNER
INDUSTRIALS,OINYE
INDUSTRIALS,OIOPT
INDUSTRIALS,OIPROEKT
INDUSTRIALS,OIRESURS
INDUSTRIALS,OISERVIS
INDUSTRIALS,OITEKHKOM
INDUSTRIALS,OITEL
INDUSTRIALS,OITRANS
INDUSTRIALS,OIZOL
INDUSTRIALS,OJECT
INDUSTRIALS,OK-INVEST
INDUSTRIALS,OKA
INDUSTRIALS,OKA-STROI
INDUSTRIALS,OKAR
INDUSTRIALS,OKART
INDUSTRIALS,OKER
INDUSTRIALS,OKERAMIKA
INDUSTRIALS,OKHRANA
INDUSTRIALS,OKOM
INDUSTRIALS,OKOM-URAL
INDUSTRIALS,OKOMOTIV
INDUSTRIALS,OKOMPLEKT
INDUSTRIALS,OKONTROL
INDUSTRIALS,OKONTROL'
INDUSTRIALS,OKROVLYA
INDUSTRIALS,OKRUG
INDUSTRIALS,OKS
INDUSTRIALS,OKUL
INDUSTRIALS,OL'
INDUSTRIALS,OL-ECO
INDUSTRIALS,OLA
INDUSTRIALS,OLAB
INDUSTRIALS,OLAIN
INDUSTRIALS,OLATI
INDUSTRIALS,OLBITEYK
INDUSTRIALS,OLDING
INDUSTRIALS,OLDIS
INDUSTRIALS,OLDTRANS
INDUSTRIALS,OLE
INDUSTRIALS,OLEDO
INDUSTRIALS,OLEND
INDUSTRIALS,OLESPORT
INDUSTRIALS,OLGA
INDUSTRIALS,OLGOGRAD
INDUSTRIALS,OLGOMOST
INDUSTRIALS,OLI-GRUPP
INDUSTRIALS,OLIDER
INDUSTRIALS,OLIGHT
INDUSTRIALS,OLIKHIM
INDUSTRIALS,OLIMER
INDUSTRIALS,OLIMP
INDUSTRIALS,OLIREN
INDUSTRIALS,OLIT
INDUSTRIALS,OLITECHEM
INDUSTRIALS,OLIZING
INDUSTRIALS,OLLRU
INDUSTRIALS,OLMA
INDUSTRIALS,OLNA
INDUSTRIALS,OLNIYA
INDUSTRIALS,OLOCHNYI
INDUSTRIALS,OLOD
INDUSTRIALS,OLODMASH
INDUSTRIALS,OLODZHI
INDUSTRIALS,OLOGIE
INDUSTRIALS,OLOGIES
INDUSTRIALS,OLOGII
INDUSTRIALS,OLOGISTIK
INDUSTRIALS,OLOGIYA
INDUSTRIALS,OLOGY
INDUSTRIALS,OLOMENSKY
INDUSTRIALS,OLOT
INDUSTRIALS,OLTEYK
INDUSTRIALS,OLTWASSER
INDUSTRIALS,OLUM
INDUSTRIALS,OLYACIA
INDUSTRIALS,OLYATTI
INDUSTRIALS,OLYMET
INDUSTRIALS,OLYUKS
INDUSTRIALS,OLYUTNYE
INDUSTRIALS,OLZHE
INDUSTRIALS,OM-CENTER
INDUSTRIALS,OM-MS
INDUSTRIALS,OM-OIL
INDUSTRIALS,OM-TRANS
INDUSTRIALS,OM-URAL
INDUSTRIALS,OMA
INDUSTRIALS,OMARKET
INDUSTRIALS,OMARSENAL
INDUSTRIALS,OMASH
INDUSTRIALS,OMATIKA
INDUSTRIALS,OMAVTO
INDUSTRIALS,OMAX
INDUSTRIALS,OMBAT
INDUSTRIALS,OMEGA
INDUSTRIALS,OMEGASKAN
INDUSTRIALS,OMEKS
INDUSTRIALS,OMENSKY
INDUSTRIALS,OMER
INDUSTRIALS,OMERA
INDUSTRIALS,OMET
INDUSTRIALS,OMEYKS
INDUSTRIALS,OMEYNERGO
INDUSTRIALS,OMFLOT
INDUSTRIALS,OMI
INDUSTRIALS,OMIN
INDUSTRIALS,OMINTEL
INDUSTRIALS,OMINVEST
INDUSTRIALS,OMMASH
INDUSTRIALS,OMMERZ
INDUSTRIALS,OMMETIZ
INDUSTRIALS,OMODEDOVO
INDUSTRIALS,OMOIL
INDUSTRIALS,OMONT
INDUSTRIALS,OMONTAJ
INDUSTRIALS,OMONTAZH
INDUSTRIALS,OMORSNAB
INDUSTRIALS,OMOS
INDUSTRIALS,OMOST
INDUSTRIALS,OMOTIV
INDUSTRIALS,OMP
INDUSTRIALS,OMPAKT
INDUSTRIALS,OMPANI
INDUSTRIALS,OMPANIYA
INDUSTRIALS,OMPANY
INDUSTRIALS,OMPAS
INDUSTRIALS,OMPASS
INDUSTRIALS,OMPLEKS
INDUSTRIALS,OMPLEKT
INDUSTRIALS,OMPLEX
INDUSTRIALS,OMPONENT
INDUSTRIALS,OMPONENTA
INDUSTRIALS,OMPRAIS
INDUSTRIALS,OMR
INDUSTRIALS,OMRESURS
INDUSTRIALS,OMS
INDUSTRIALS,OMSENSOR
INDUSTRIALS,OMSERVICE
INDUSTRIALS,OMSERVIS
INDUSTRIALS,OMSKSKAN
INDUSTRIALS,OMSNAB
INDUSTRIALS,OMSTROI
INDUSTRIALS,OMSTROY
INDUSTRIALS,OMSVET
INDUSTRIALS,OMTEKH
INDUSTRIALS,OMTEKH-SK
INDUSTRIALS,OMTORG
INDUSTRIALS,OMTRACTOR
INDUSTRIALS,OMTSENTR
INDUSTRIALS,ON-N
INDUSTRIALS,ON-S
INDUSTRIALS,ON-ZAVOD
INDUSTRIALS,ONAL
INDUSTRIALS,ONCEPT
INDUSTRIALS,OND
INDUSTRIALS,ONDAIK
INDUSTRIALS,ONDTROL
INDUSTRIALS,ONDTROL'
INDUSTRIALS,ONEGA
INDUSTRIALS,ONENT
INDUSTRIALS,ONENTA
INDUSTRIALS,ONER
INDUSTRIALS,ONEYNERGO
INDUSTRIALS,ONEZH
INDUSTRIALS,ONIKOL
INDUSTRIALS,ONKORD
INDUSTRIALS,ONLIT
INDUSTRIALS,ONMASH
INDUSTRIALS,ONNAYA
INDUSTRIALS,ONOLIT
INDUSTRIALS,ONRETRANS
INDUSTRIALS,ONROAD
INDUSTRIALS,ONS
INDUSTRIALS,ONSALT
INDUSTRIALS,ONSHTADT
INDUSTRIALS,ONSTROI
INDUSTRIALS,ONSTROY
INDUSTRIALS,ONSULTING
INDUSTRIALS,ONT
INDUSTRIALS,ONTACT
INDUSTRIALS,ONTAINER
INDUSTRIALS,ONTAJ
INDUSTRIALS,ONTAZH
INDUSTRIALS,ONTAZH-14
INDUSTRIALS,ONTAZH-2
INDUSTRIALS,ONTAZHNIK
INDUSTRIALS,ONTINENT
INDUSTRIALS,ONTNAYA
INDUSTRIALS,ONTRAKT
INDUSTRIALS,ONTRANS
INDUSTRIALS,ONTROL
INDUSTRIALS,ONTROL'
INDUSTRIALS,ONUM
INDUSTRIALS,ONVERTER
INDUSTRIALS,ONYARD
INDUSTRIALS,OOF
INDUSTRIALS,OOL
INDUSTRIALS,OOO
INDUSTRIALS,OORLOCK
INDUSTRIALS,OOSH
INDUSTRIALS,OPAN
INDUSTRIALS,OPARK
INDUSTRIALS,OPASNOST'
INDUSTRIALS,OPERGRUZ
INDUSTRIALS,OPFRAME
INDUSTRIALS,OPIR
INDUSTRIALS,OPITER
INDUSTRIALS,OPLAST
INDUSTRIALS,OPMENT
INDUSTRIALS,OPODEM
INDUSTRIALS,OPOL-ECO
INDUSTRIALS,OPOLE
INDUSTRIALS,OPORTS
INDUSTRIALS,OPREMA
INDUSTRIALS,OPRIBOR
INDUSTRIALS,OPRO
INDUSTRIALS,OPROEKT
INDUSTRIALS,OPROF
INDUSTRIALS,OPROFI
INDUSTRIALS,OPROM
INDUSTRIALS,OPROMSNAB
INDUSTRIALS,OPROVOD
INDUSTRIALS,OPT
INDUSTRIALS,OPTIM
INDUSTRIALS,OPTITRANS
INDUSTRIALS,OPUS
INDUSTRIALS,OR-LIZING
INDUSTRIALS,OR-M
INDUSTRIALS,OR-PM
INDUSTRIALS,OR-PROOF
INDUSTRIALS,OR-S
INDUSTRIALS,ORA
INDUSTRIALS,ORAN
INDUSTRIALS,ORATION
INDUSTRIALS,ORBENT
INDUSTRIALS,ORD
INDUSTRIALS,ORDFELT
INDUSTRIALS,ORDMET
INDUSTRIALS,ORDTRANS
INDUSTRIALS,OREMONT
INDUSTRIALS,ORENBURG
INDUSTRIALS,ORENERGO
INDUSTRIALS,OREOL
INDUSTRIALS,ORESOURCE
INDUSTRIALS,ORESURS
INDUSTRIALS,OREYKS
INDUSTRIALS,OREYLIT
INDUSTRIALS,OREYS
INDUSTRIALS,ORF
INDUSTRIALS,ORG
INDUSTRIALS,ORI
INDUSTRIALS,ORIKA
INDUSTRIALS,ORIL'SK
INDUSTRIALS,ORINVEST
INDUSTRIALS,ORION
INDUSTRIALS,ORIS
INDUSTRIALS,ORISS
INDUSTRIALS,ORISTY
INDUSTRIALS,ORITET
INDUSTRIALS,ORIYA
INDUSTRIALS,ORIZONT
INDUSTRIALS,ORLOCK
INDUSTRIALS,ORM
INDUSTRIALS,ORM-ITS
INDUSTRIALS,ORMA
INDUSTRIALS,ORMASH
INDUSTRIALS,ORMAT
INDUSTRIALS,ORMELL
INDUSTRIALS,ORMETAL
INDUSTRIALS,ORMETALL
INDUSTRIALS,ORMETURAL
INDUSTRIALS,ORMIKA
INDUSTRIALS,ORMOST
INDUSTRIALS,ORNYE
INDUSTRIALS,OROCENTR
INDUSTRIALS,OROD
INDUSTRIALS,ORONEZH
INDUSTRIALS,OROS
INDUSTRIALS,OROUND
INDUSTRIALS,OROZHNAYA
INDUSTRIALS,ORP
INDUSTRIALS,ORPORT
INDUSTRIALS,ORPOST
INDUSTRIALS,ORPROEKT
INDUSTRIALS,ORPROJECT
INDUSTRIALS,ORSAZH
INDUSTRIALS,ORSERVIS
INDUSTRIALS,ORSHKOV
INDUSTRIALS,ORSKOI
INDUSTRIALS,ORSNAB
INDUSTRIALS,ORSTROI
INDUSTRIALS,ORSTROY
INDUSTRIALS,"ORSTROY,"
INDUSTRIALS,ORSVET
INDUSTRIALS,ORT
INDUSTRIALS,ORT-LIFT
INDUSTRIALS,ORTEKH
INDUSTRIALS,ORTER
INDUSTRIALS,ORTNYE
INDUSTRIALS,ORTRANS
INDUSTRIALS,ORTRENT
INDUSTRIALS,ORTS
INDUSTRIALS,ORUM
INDUSTRIALS,ORVARD
INDUSTRIALS,ORVUS
INDUSTRIALS,ORWARDING
INDUSTRIALS,ORY
INDUSTRIALS,OS-LAIN
INDUSTRIALS,OS-S
INDUSTRIALS,OSERVICE
INDUSTRIALS,OSERVIS
INDUSTRIALS,OSFERA
INDUSTRIALS,OSGEO
INDUSTRIALS,OSH
INDUSTRIALS,OSHAEMOE
INDUSTRIALS,OSHCHIT
INDUSTRIALS,OSHIELD
INDUSTRIALS,OSHIP
INDUSTRIALS,OSIBIRSK
INDUSTRIALS,OSILA
INDUSTRIALS,OSISTEMA
INDUSTRIALS,OSISTEMY
INDUSTRIALS,OSKAN
INDUSTRIALS,OSKHOD
INDUSTRIALS,OSKOR
INDUSTRIALS,OSKOVIYA
INDUSTRIALS,OSKVA
INDUSTRIALS,OSLIFT
INDUSTRIALS,OSMORPORT
INDUSTRIALS,OSNAB
INDUSTRIALS,OSNOVA
INDUSTRIALS,OSOKHRANA
INDUSTRIALS,OSPAS
INDUSTRIALS,OSPETSVAN
INDUSTRIALS,OSS
INDUSTRIALS,OSSTROY
INDUSTRIALS,OST
INDUSTRIALS,OST'
INDUSTRIALS,OST-S
INDUSTRIALS,OSTAR
INDUSTRIALS,OSTAVKA
INDUSTRIALS,OSTEHFLOT
INDUSTRIALS,OSTIKA
INDUSTRIALS,OSTIL
INDUSTRIALS,OSTIL'
INDUSTRIALS,OSTOSTROI
INDUSTRIALS,OSTOTREST
INDUSTRIALS,OSTOV
INDUSTRIALS,OSTOVIK
INDUSTRIALS,OSTRANS
INDUSTRIALS,OSTRATEGY
INDUSTRIALS,OSTROI
INDUSTRIALS,OSTROY
INDUSTRIALS,OSTTEKH
INDUSTRIALS,OSTterm
INDUSTRIALS,OTA
INDUSTRIALS,OTA-31
INDUSTRIALS,OTCENTR
INDUSTRIALS,OTEK
INDUSTRIALS,OTEKH
INDUSTRIALS,OTEKHMASH
INDUSTRIALS,OTEKHNIK
INDUSTRIALS,OTEKHNIKA
INDUSTRIALS,OTEKHPARK
INDUSTRIALS,OTEKHPROM
INDUSTRIALS,OTEKHSNAB
INDUSTRIALS,OTEKS
INDUSTRIALS,OTEL
INDUSTRIALS,OTEL-DIS
INDUSTRIALS,OTENTIAL
INDUSTRIALS,OTIV
INDUSTRIALS,OTKA
INDUSTRIALS,OTLK
INDUSTRIALS,OTON
INDUSTRIALS,OTOR
INDUSTRIALS,OTRADE
INDUSTRIALS,OTRAK
INDUSTRIALS,OTRANS
INDUSTRIALS,OTREID
INDUSTRIALS,OTREST
INDUSTRIALS,OTRON
INDUSTRIALS,OTSENTR
INDUSTRIALS,OTSRV
INDUSTRIALS,OUND
INDUSTRIALS,OUP
INDUSTRIALS,OURCE
INDUSTRIALS,OURCES
INDUSTRIALS,OUTTE
INDUSTRIALS,OV-SCAN
INDUSTRIALS,OVA
INDUSTRIALS,OVAN
INDUSTRIALS,OVANIE
INDUSTRIALS,OVANNY
INDUSTRIALS,OVANNYI
INDUSTRIALS,OVANNYKH
INDUSTRIALS,OVAPLAST
INDUSTRIALS,OVATSII
INDUSTRIALS,OVATSIYA
INDUSTRIALS,OVCHEG
INDUSTRIALS,OVCOMFLOT
INDUSTRIALS,OVENTO
INDUSTRIALS,OVID
INDUSTRIALS,OVIK
INDUSTRIALS,OVIYA
INDUSTRIALS,OVLYA
INDUSTRIALS,OVMASH
INDUSTRIALS,OVO
INDUSTRIALS,OVO-PRO
INDUSTRIALS,OVOD
INDUSTRIALS,OVODSTROI
INDUSTRIALS,OVOLZHE
INDUSTRIALS,OVOSHIP
INDUSTRIALS,OVOSKAN
INDUSTRIALS,OVOTRANS
INDUSTRIALS,OVSK
INDUSTRIALS,OVSK-SKAN
INDUSTRIALS,OVSKIY
INDUSTRIALS,OVSKOE
INDUSTRIALS,OVTRANS
INDUSTRIALS,OVYE
INDUSTRIALS,OVYVOZ
INDUSTRIALS,OWER
INDUSTRIALS,OWERSLLC
INDUSTRIALS,OXHUB
INDUSTRIALS,OXOR
INDUSTRIALS,"OY,"
INDUSTRIALS,OY-1
INDUSTRIALS,OYARSK
INDUSTRIALS,OYCITY
INDUSTRIALS,OYENERGO
INDUSTRIALS,OYKA
INDUSTRIALS,OYL
INDUSTRIALS,OYMA
INDUSTRIALS,OYMASH
INDUSTRIALS,OYMASHINA
INDUSTRIALS,OYMONTAZH
INDUSTRIALS,OYSERVIS
INDUSTRIALS,OYSTEKLO
INDUSTRIALS,OYSVET
INDUSTRIALS,OYTEK
INDUSTRIALS,OYUZ
INDUSTRIALS,OZEM'E
INDUSTRIALS,OZEME
INDUSTRIALS,OZEMIE
INDUSTRIALS,OZENTRUM
INDUSTRIALS,OZEX
INDUSTRIALS,OZHDENIE
INDUSTRIALS,OZHNAYA
INDUSTRIALS,OZITRON
INDUSTRIALS,OZNAN
INDUSTRIALS,OZSK
INDUSTRIALS,OfficePro
INDUSTRIALS,Onni
INDUSTRIALS,Open
INDUSTRIALS,Orac
INDUSTRIALS,P-GRUP
INDUSTRIALS,P-GRUPP
INDUSTRIALS,P-Service
INDUSTRIALS,P-VMM
INDUSTRIALS,PAD
INDUSTRIALS,PADS
INDUSTRIALS,PAK
INDUSTRIALS,PAKT
INDUSTRIALS,PAL
INDUSTRIALS,PALLET
INDUSTRIALS,PAN
INDUSTRIALS,PAN-M
INDUSTRIALS,PANEL'
INDUSTRIALS,PANI
INDUSTRIALS,PANIYA
INDUSTRIALS,PANY
INDUSTRIALS,PARATUS
INDUSTRIALS,PARITET
INDUSTRIALS,PARK
INDUSTRIALS,PARSEK
INDUSTRIALS,PARTNER
INDUSTRIALS,PAS
INDUSTRIALS,PASNOST'
INDUSTRIALS,PASS
INDUSTRIALS,PATENT
INDUSTRIALS,PAVINSKOE
INDUSTRIALS,PBE
INDUSTRIALS,PCHAST
INDUSTRIALS,PCHAST'
INDUSTRIALS,PCR
INDUSTRIALS,PD-GRUPP
INDUSTRIALS,PDSK
INDUSTRIALS,PEC
INDUSTRIALS,PECTR
INDUSTRIALS,PED
INDUSTRIALS,PEDICIYA
INDUSTRIALS,PEDITION
INDUSTRIALS,PEDITSIYA
INDUSTRIALS,PEFAR
INDUSTRIALS,PEK
INDUSTRIALS,PEKATERM
INDUSTRIALS,PEKS
INDUSTRIALS,PEKT
INDUSTRIALS,PELENG
INDUSTRIALS,PELKAMP
INDUSTRIALS,PEM
INDUSTRIALS,PER
INDUSTRIALS,PERATIONS
INDUSTRIALS,PERGRUZ
INDUSTRIALS,PERM
INDUSTRIALS,PERMSKAYA
INDUSTRIALS,PERVYI
INDUSTRIALS,PETERBURG
INDUSTRIALS,PETROKOM
INDUSTRIALS,PETSMASH
INDUSTRIALS,PETSMOBIL
INDUSTRIALS,PETSSTROI
INDUSTRIALS,PETSSTROY
INDUSTRIALS,PETSTRANS
INDUSTRIALS,PETSVAN
INDUSTRIALS,PEX
INDUSTRIALS,PEYK
INDUSTRIALS,PEYKS
INDUSTRIALS,PEYM
INDUSTRIALS,PEZH
INDUSTRIALS,PEZH-NEVA
INDUSTRIALS,PFK
INDUSTRIALS,PFRAME
INDUSTRIALS,PGM
INDUSTRIALS,PGS-K
INDUSTRIALS,PIK
INDUSTRIALS,PIK-SPORT
INDUSTRIALS,PIKSAR
INDUSTRIALS,PILON
INDUSTRIALS,PINA
INDUSTRIALS,PIONER
INDUSTRIALS,PIR
INDUSTRIALS,PIT
INDUSTRIALS,PITAL
INDUSTRIALS,PITANIYA
INDUSTRIALS,PITER
INDUSTRIALS,PKOMPANI
INDUSTRIALS,PKT
INDUSTRIALS,PKTBA
INDUSTRIALS,PLAIVUD
INDUSTRIALS,PLAN
INDUSTRIALS,PLAST
INDUSTRIALS,PLASTIK
INDUSTRIALS,PLATAN
INDUSTRIALS,PLATFORM
INDUSTRIALS,PLATFORMA
INDUSTRIALS,PLC
INDUSTRIALS,PLEKS
INDUSTRIALS,PLEKS-RU
INDUSTRIALS,PLEKT
INDUSTRIALS,PLEX
INDUSTRIALS,PLEYIS-A
INDUSTRIALS,PLITPROM
INDUSTRIALS,PLOPRIBOR
INDUSTRIALS,PLOSERVIS
INDUSTRIALS,PLOSFERA
INDUSTRIALS,PLUS
INDUSTRIALS,PLYUS
INDUSTRIALS,PMENT
INDUSTRIALS,PMK
INDUSTRIALS,PMK-14
INDUSTRIALS,PMP
INDUSTRIALS,POBEDA
INDUSTRIALS,PODEM
INDUSTRIALS,PODVESKA
INDUSTRIALS,POINTNER
INDUSTRIALS,POL'
INDUSTRIALS,POL-ECO
INDUSTRIALS,POLATI
INDUSTRIALS,POLE
INDUSTRIALS,POLIKHIM
INDUSTRIALS,POLIMER
INDUSTRIALS,POLYMET
INDUSTRIALS,POM
INDUSTRIALS,POMET
INDUSTRIALS,PONENT
INDUSTRIALS,PONENTA
INDUSTRIALS,PORATION
INDUSTRIALS,PORT
INDUSTRIALS,PORT-LIFT
INDUSTRIALS,PORTER
INDUSTRIALS,PORTNYE
INDUSTRIALS,PORTS
INDUSTRIALS,POS
INDUSTRIALS,POST
INDUSTRIALS,POSTAVKA
INDUSTRIALS,POT
INDUSTRIALS,POTENTIAL
INDUSTRIALS,POTREID
INDUSTRIALS,POVOLZHE
INDUSTRIALS,POWER
INDUSTRIALS,POZITRON
INDUSTRIALS,POZNAN
INDUSTRIALS,PPARATUS
INDUSTRIALS,PPK
INDUSTRIALS,PPORT
INDUSTRIALS,PRAIS
INDUSTRIALS,PRAKTIK
INDUSTRIALS,PRAKTIKA
INDUSTRIALS,PRECAB
INDUSTRIALS,PRECITOOL
INDUSTRIALS,PREMA
INDUSTRIALS,PREORA
INDUSTRIALS,PRESS
INDUSTRIALS,PRESSA
INDUSTRIALS,PRESSMASH
INDUSTRIALS,PRESTIZH
INDUSTRIALS,PRIBOR
INDUSTRIALS,PRIME
INDUSTRIALS,PRIMUM
INDUSTRIALS,PRIN
INDUSTRIALS,PRIORITET
INDUSTRIALS,PRIZMIKS
INDUSTRIALS,PRO
INDUSTRIALS,PRODTRANS
INDUSTRIALS,PRODUKT
INDUSTRIALS,PROEKT
INDUSTRIALS,PROF
INDUSTRIALS,PROFCOND
INDUSTRIALS,PROFI
INDUSTRIALS,PROFIL
INDUSTRIALS,PROFIT
INDUSTRIALS,PROFMODUL
INDUSTRIALS,PROFRENT
INDUSTRIALS,PROFSTEEL
INDUSTRIALS,PROGRUPP
INDUSTRIALS,PROJECT
INDUSTRIALS,PROM
INDUSTRIALS,PROM-MS
INDUSTRIALS,PROM-OIL
INDUSTRIALS,PROM-URAL
INDUSTRIALS,PROMAVTO
INDUSTRIALS,PROMET
INDUSTRIALS,PROMEYKS
INDUSTRIALS,PROMIN
INDUSTRIALS,PROMINTEL
INDUSTRIALS,PROMMASH
INDUSTRIALS,PROMMETIZ
INDUSTRIALS,PROMOIL
INDUSTRIALS,PROMONT
INDUSTRIALS,PROMSNAB
INDUSTRIALS,PROMSTROI
INDUSTRIALS,PROMSTROY
INDUSTRIALS,PROMSVET
INDUSTRIALS,PROMTEKH
INDUSTRIALS,PROMTORG
INDUSTRIALS,PROOF
INDUSTRIALS,PROVENTO
INDUSTRIALS,PROVOD
INDUSTRIALS,PRUS
INDUSTRIALS,PSC
INDUSTRIALS,PSERVICE
INDUSTRIALS,PSILON
INDUSTRIALS,PSK
INDUSTRIALS,PSM
INDUSTRIALS,PTIM
INDUSTRIALS,PTITRANS
INDUSTRIALS,PTM
INDUSTRIALS,PTR-10
INDUSTRIALS,PTS
INDUSTRIALS,PUKHOV
INDUSTRIALS,PUL'S
INDUSTRIALS,PULSATOR
INDUSTRIALS,PUMORI
INDUSTRIALS,PURGEOKOM
INDUSTRIALS,PUS
INDUSTRIALS,PUTNIK
INDUSTRIALS,PUTNIK-2
INDUSTRIALS,PYRAMIS
INDUSTRIALS,PZHKKH
INDUSTRIALS,PZPO
INDUSTRIALS,PZPT
INDUSTRIALS,Peresvet
INDUSTRIALS,Phortis
INDUSTRIALS,Plast
INDUSTRIALS,Plastics
INDUSTRIALS,Polipak
INDUSTRIALS,Port
INDUSTRIALS,Ports
INDUSTRIALS,Pro
INDUSTRIALS,Profmodul
INDUSTRIALS,Project
INDUSTRIALS,Prom
INDUSTRIALS,PromShina
INDUSTRIALS,Promintel
INDUSTRIALS,Prysmian
INDUSTRIALS,QUASTOK
INDUSTRIALS,QUIPMENT
INDUSTRIALS,QURITY
INDUSTRIALS,R'ER
INDUSTRIALS,R'SKOE
INDUSTRIALS,R-10
INDUSTRIALS,R-AGRO
INDUSTRIALS,R-CENTR
INDUSTRIALS,R-ECOLOGY
INDUSTRIALS,R-GRUPP
INDUSTRIALS,R-INVEST
INDUSTRIALS,R-LIZING
INDUSTRIALS,R-M
INDUSTRIALS,R-PLASTIK
INDUSTRIALS,R-PM
INDUSTRIALS,R-PROOF
INDUSTRIALS,R-REGION
INDUSTRIALS,R-RUS
INDUSTRIALS,R-S
INDUSTRIALS,R-SERVICE
INDUSTRIALS,R-SERVIS
INDUSTRIALS,R-SEVER
INDUSTRIALS,R-SKAN
INDUSTRIALS,R-STEEL
INDUSTRIALS,R-STROI
INDUSTRIALS,R-STROY
INDUSTRIALS,R-T
INDUSTRIALS,R-TOLEDO
INDUSTRIALS,R-TRADE
INDUSTRIALS,R-TSFO
INDUSTRIALS,R-TULA
INDUSTRIALS,R-VANINO
INDUSTRIALS,R-ZAPAD
INDUSTRIALS,R.O.S.T
INDUSTRIALS,R.PARTNER
INDUSTRIALS,RA-SKAN
INDUSTRIALS,RA-URAL
INDUSTRIALS,RABAG
INDUSTRIALS,RABOTKA
INDUSTRIALS,RACE
INDUSTRIALS,RACTOR
INDUSTRIALS,RAD
INDUSTRIALS,RADE
INDUSTRIALS,RADIAN
INDUSTRIALS,RADIAN-SB
INDUSTRIALS,RADICIA
INDUSTRIALS,RADIUS
INDUSTRIALS,RADSKOE
INDUSTRIALS,RAF
INDUSTRIALS,RAFI
INDUSTRIALS,RAFIKS
INDUSTRIALS,RAFO
INDUSTRIALS,RAFT
INDUSTRIALS,RAFTER
INDUSTRIALS,RAFTTRANS
INDUSTRIALS,RAIL
INDUSTRIALS,RAINING
INDUSTRIALS,RAIS
INDUSTRIALS,RAIV
INDUSTRIALS,RAK
INDUSTRIALS,RAKRESURS
INDUSTRIALS,RAKSKAN
INDUSTRIALS,RAKT
INDUSTRIALS,RAKTIK
INDUSTRIALS,RAKTIKA
INDUSTRIALS,RAL
INDUSTRIALS,RAL'
INDUSTRIALS,RAL-PRESS
INDUSTRIALS,RALIN
INDUSTRIALS,RALKAM
INDUSTRIALS,RALKRAN
INDUSTRIALS,RALSKI
INDUSTRIALS,RALSTAR
INDUSTRIALS,RALTASH
INDUSTRIALS,RALTREID
INDUSTRIALS,RALTSINK
INDUSTRIALS,RALTURBO
INDUSTRIALS,RAME
INDUSTRIALS,RAMICS
INDUSTRIALS,RAMIKA
INDUSTRIALS,RAMIN
INDUSTRIALS,RAMIS
INDUSTRIALS,RAN
INDUSTRIALS,RAN-M
INDUSTRIALS,RAN-SNAB
INDUSTRIALS,RANA
INDUSTRIALS,RAND
INDUSTRIALS,RANDLAIN
INDUSTRIALS,RANGEL
INDUSTRIALS,RANIT
INDUSTRIALS,RANKO
INDUSTRIALS,RANS
INDUSTRIALS,RANS-1
INDUSTRIALS,RANS-AVTO
INDUSTRIALS,RANS-M
INDUSTRIALS,RANSAVTO
INDUSTRIALS,RANSBALT
INDUSTRIALS,RANSBYT
INDUSTRIALS,RANSCHEM
INDUSTRIALS,RANSCOAL
INDUSTRIALS,RANSGAZ
INDUSTRIALS,RANSGRUZ
INDUSTRIALS,RANSK
INDUSTRIALS,RANSLES
INDUSTRIALS,RANSMASH
INDUSTRIALS,RANSPARK
INDUSTRIALS,RANSPORT
INDUSTRIALS,RANSS
INDUSTRIALS,RANSSTROI
INDUSTRIALS,RANSSTROY
INDUSTRIALS,RANSTEKH
INDUSTRIALS,RANSTREYD
INDUSTRIALS,RANSTROI
INDUSTRIALS,RANSUMED
INDUSTRIALS,RANT
INDUSTRIALS,RANTIYA
INDUSTRIALS,RARNIK
INDUSTRIALS,RASIA
INDUSTRIALS,RASKO
INDUSTRIALS,RASMK
INDUSTRIALS,RASPAN
INDUSTRIALS,RASPAN-M
INDUSTRIALS,RASPTM
INDUSTRIALS,RASSIR
INDUSTRIALS,RASSTAL
INDUSTRIALS,RAST-OYL
INDUSTRIALS,RAT
INDUSTRIALS,RAT-EK
INDUSTRIALS,RATE
INDUSTRIALS,RATECH
INDUSTRIALS,RATEGY
INDUSTRIALS,RATION
INDUSTRIALS,RATIONS
INDUSTRIALS,RATM
INDUSTRIALS,RATOR
INDUSTRIALS,RATOV
INDUSTRIALS,RATSIYA
INDUSTRIALS,RATUS
INDUSTRIALS,RAVELLA
INDUSTRIALS,RAVTODOR
INDUSTRIALS,RAZ
INDUSTRIALS,RAZMER
INDUSTRIALS,RBENT
INDUSTRIALS,RBET
INDUSTRIALS,RBIS
INDUSTRIALS,RBO
INDUSTRIALS,RBUNKER
INDUSTRIALS,RBURG
INDUSTRIALS,RCE
INDUSTRIALS,RCES
INDUSTRIALS,RCM
INDUSTRIALS,RCOMP
INDUSTRIALS,RCURY
INDUSTRIALS,RDFELT
INDUSTRIALS,RDIA
INDUSTRIALS,RDINAL
INDUSTRIALS,RDING
INDUSTRIALS,RDIOLA
INDUSTRIALS,RDM
INDUSTRIALS,RDMET
INDUSTRIALS,RDORSTROI
INDUSTRIALS,RDTRANS
INDUSTRIALS,RDWESTLAB
INDUSTRIALS,REALITI
INDUSTRIALS,RECAB
INDUSTRIALS,RECHE
INDUSTRIALS,RECITOOL
INDUSTRIALS,RECONCEPT
INDUSTRIALS,RECRW
INDUSTRIALS,REDIT
INDUSTRIALS,REDTRAK
INDUSTRIALS,REEN
INDUSTRIALS,REFTRANS
INDUSTRIALS,REG
INDUSTRIALS,REGAT
INDUSTRIALS,REGION
INDUSTRIALS,REHAU
INDUSTRIALS,REID
INDUSTRIALS,REIDING
INDUSTRIALS,REIGHT
INDUSTRIALS,REIL
INDUSTRIALS,REISS
INDUSTRIALS,REK
INDUSTRIALS,REKLAMA
INDUSTRIALS,REL-2010
INDUSTRIALS,REM
INDUSTRIALS,REMA
INDUSTRIALS,REMAN
INDUSTRIALS,REMEKS
INDUSTRIALS,REMETEVO
INDUSTRIALS,REMETIEVO
INDUSTRIALS,REMETYEVO
INDUSTRIALS,REMFASAD
INDUSTRIALS,REMONT
INDUSTRIALS,REMSTROI
INDUSTRIALS,REN
INDUSTRIALS,RENA
INDUSTRIALS,RENBURG
INDUSTRIALS,RENDA
INDUSTRIALS,RENERGO
INDUSTRIALS,RENT
INDUSTRIALS,RENTGEN
INDUSTRIALS,RENTOR
INDUSTRIALS,REOL
INDUSTRIALS,REORA
INDUSTRIALS,REPEZH
INDUSTRIALS,RER
INDUSTRIALS,RERABOTKA
INDUSTRIALS,RES
INDUSTRIALS,RESH
INDUSTRIALS,RESOURCE
INDUSTRIALS,RESOURCES
INDUSTRIALS,RESPEKT
INDUSTRIALS,RESS
INDUSTRIALS,RESSA
INDUSTRIALS,RESSIG
INDUSTRIALS,RESSMASH
INDUSTRIALS,RESSSTROY
INDUSTRIALS,REST
INDUSTRIALS,RESTEC
INDUSTRIALS,RESTIZH
INDUSTRIALS,RESTROIKA
INDUSTRIALS,RESTROYKA
INDUSTRIALS,RESURS
INDUSTRIALS,RETRANS
INDUSTRIALS,REVA
INDUSTRIALS,REY
INDUSTRIALS,REYD
INDUSTRIALS,REYKS
INDUSTRIALS,REYKSIM
INDUSTRIALS,REYLIT
INDUSTRIALS,REYS
INDUSTRIALS,REZERV
INDUSTRIALS,RFAX
INDUSTRIALS,RFIELD
INDUSTRIALS,RG-OPT
INDUSTRIALS,RG-TEKHNO
INDUSTRIALS,RG-Techno
INDUSTRIALS,RGC
INDUSTRIALS,RGC-TRADE
INDUSTRIALS,RGEN
INDUSTRIALS,RGEOKOM
INDUSTRIALS,RGET
INDUSTRIALS,RGETIKA
INDUSTRIALS,RGIYA
INDUSTRIALS,RGL
INDUSTRIALS,RGO
INDUSTRIALS,RGO-STROI
INDUSTRIALS,RGO-UIK
INDUSTRIALS,RGOFORM
INDUSTRIALS,RGOGROUP
INDUSTRIALS,RGOKOM
INDUSTRIALS,RGOLIT
INDUSTRIALS,RGOMASH
INDUSTRIALS,RGOMERA
INDUSTRIALS,RGOMONTAJ
INDUSTRIALS,RGON
INDUSTRIALS,RGOPITER
INDUSTRIALS,RGOPRIBOR
INDUSTRIALS,RGOPROEKT
INDUSTRIALS,RGOPROM
INDUSTRIALS,RGOSERVIS
INDUSTRIALS,RGOSILA
INDUSTRIALS,RGOSTROI
INDUSTRIALS,RGOSTROY
INDUSTRIALS,RGOTEL
INDUSTRIALS,RGOTRADE
INDUSTRIALS,RGRUZ
INDUSTRIALS,RGSKAN
INDUSTRIALS,RGT
INDUSTRIALS,RGY
INDUSTRIALS,RHI
INDUSTRIALS,RIA
INDUSTRIALS,RIAL
INDUSTRIALS,RIANT-999
INDUSTRIALS,RIAR
INDUSTRIALS,RIBOR
INDUSTRIALS,RIC
INDUSTRIALS,RICHESKIE
INDUSTRIALS,RIDA
INDUSTRIALS,RIDIAN
INDUSTRIALS,RIEB
INDUSTRIALS,RIES
INDUSTRIALS,RIF
INDUSTRIALS,RIG
INDUSTRIALS,RIGA
INDUSTRIALS,RII
INDUSTRIALS,RIJER
INDUSTRIALS,RIK
INDUSTRIALS,RIKA
INDUSTRIALS,RIKATY
INDUSTRIALS,RIL'SK
INDUSTRIALS,RIMA
INDUSTRIALS,RIME
INDUSTRIALS,RIMUM
INDUSTRIALS,RIN
INDUSTRIALS,RINBURG
INDUSTRIALS,RINE
INDUSTRIALS,RINEK
INDUSTRIALS,RING
INDUSTRIALS,RINTSTYLE
INDUSTRIALS,RINVEST
INDUSTRIALS,RIOBAK
INDUSTRIALS,RION
INDUSTRIALS,RIONTRANS
INDUSTRIALS,RIORITET
INDUSTRIALS,RIS
INDUSTRIALS,RISS
INDUSTRIALS,RISTA
INDUSTRIALS,RISTOFER
INDUSTRIALS,RISTON
INDUSTRIALS,RISTY
INDUSTRIALS,RIT
INDUSTRIALS,RIT-E
INDUSTRIALS,RIT63
INDUSTRIALS,RITECH
INDUSTRIALS,RITEIL
INDUSTRIALS,RITET
INDUSTRIALS,RITI
INDUSTRIALS,RITIKA
INDUSTRIALS,RITORY
INDUSTRIALS,RITSA
INDUSTRIALS,RITY
INDUSTRIALS,RIUM
INDUSTRIALS,RIVE
INDUSTRIALS,RIVER
INDUSTRIALS,RIVIERA
INDUSTRIALS,RIVIST
INDUSTRIALS,RIYA
INDUSTRIALS,RIZMIKS
INDUSTRIALS,RIZONT
INDUSTRIALS,RK-SERVIS
INDUSTRIALS,RKADA-M
INDUSTRIALS,RKATOR
INDUSTRIALS,RKEMP
INDUSTRIALS,RKER
INDUSTRIALS,RKET
INDUSTRIALS,RKET-M
INDUSTRIALS,RKETT
INDUSTRIALS,RKHETIP
INDUSTRIALS,RKOMPLEKT
INDUSTRIALS,RKTIKA
INDUSTRIALS,RKURII
INDUSTRIALS,RKUS
INDUSTRIALS,RKUT
INDUSTRIALS,RKUTSK
INDUSTRIALS,RLIZ
INDUSTRIALS,RLOCK
INDUSTRIALS,RM-ITS
INDUSTRIALS,RM-Rail
INDUSTRIALS,RMA
INDUSTRIALS,RMADA-A
INDUSTRIALS,RMANIYA
INDUSTRIALS,RMASH
INDUSTRIALS,RMAT
INDUSTRIALS,RMATECH
INDUSTRIALS,RMATURA
INDUSTRIALS,RMC
INDUSTRIALS,RMEISKOE
INDUSTRIALS,RMELL
INDUSTRIALS,RMES
INDUSTRIALS,RMET
INDUSTRIALS,RMETAL
INDUSTRIALS,RMETALL
INDUSTRIALS,RMETURAL
INDUSTRIALS,RMIKA
INDUSTRIALS,RMINAL
INDUSTRIALS,RMO
INDUSTRIALS,RMO-LAIN
INDUSTRIALS,RMOKUL
INDUSTRIALS,RMOST
INDUSTRIALS,RMOSTROY
INDUSTRIALS,RMOTRON
INDUSTRIALS,RMSKAYA
INDUSTRIALS,RMZ
INDUSTRIALS,RNATIVA
INDUSTRIALS,RNIK
INDUSTRIALS,RNOST
INDUSTRIALS,RNOV
INDUSTRIALS,RNOZEM'E
INDUSTRIALS,RNOZEME
INDUSTRIALS,RNOZEMIE
INDUSTRIALS,RNYE
INDUSTRIALS,RO-EYKSPO
INDUSTRIALS,RO-LIDER
INDUSTRIALS,RO-MASTER
INDUSTRIALS,RO-NOVA
INDUSTRIALS,RO-PRIME
INDUSTRIALS,RO-REGION
INDUSTRIALS,RO-VAST
INDUSTRIALS,RO-WAST
INDUSTRIALS,RO-ZAPAD
INDUSTRIALS,ROAD
INDUSTRIALS,ROAGREGAT
INDUSTRIALS,ROAKHTUBA
INDUSTRIALS,ROAZIYA
INDUSTRIALS,ROCARGO
INDUSTRIALS,ROCENTR
INDUSTRIALS,ROCOMMERZ
INDUSTRIALS,ROCONTACT
INDUSTRIALS,ROD
INDUSTRIALS,RODAR
INDUSTRIALS,RODER
INDUSTRIALS,RODIS-M
INDUSTRIALS,RODOM
INDUSTRIALS,RODRAIV
INDUSTRIALS,RODTRANS
INDUSTRIALS,RODUKT
INDUSTRIALS,ROE
INDUSTRIALS,ROEKT
INDUSTRIALS,ROELEMENT
INDUSTRIALS,ROF
INDUSTRIALS,ROFCOND
INDUSTRIALS,ROFI
INDUSTRIALS,ROFIL
INDUSTRIALS,ROFIT
INDUSTRIALS,ROFLIST-S
INDUSTRIALS,ROFLOT
INDUSTRIALS,ROFMASTER
INDUSTRIALS,ROFMODUL
INDUSTRIALS,ROFNASTIL
INDUSTRIALS,ROFRENT
INDUSTRIALS,ROFSTEEL
INDUSTRIALS,ROGA
INDUSTRIALS,ROGAS
INDUSTRIALS,ROGRUP
INDUSTRIALS,ROGRUPP
INDUSTRIALS,ROI
INDUSTRIALS,ROI-31
INDUSTRIALS,ROI-KA
INDUSTRIALS,ROI-KURS
INDUSTRIALS,ROI-MT
INDUSTRIALS,ROI-SP
INDUSTRIALS,ROIALYANS
INDUSTRIALS,ROIDEKOR
INDUSTRIALS,ROIDETAL
INDUSTRIALS,ROIDETAL'
INDUSTRIALS,ROIGAZ
INDUSTRIALS,ROIGRUPP
INDUSTRIALS,ROIKA
INDUSTRIALS,ROIKOMI
INDUSTRIALS,ROIKRAFT
INDUSTRIALS,ROIMASTER
INDUSTRIALS,ROINYE
INDUSTRIALS,ROIOPT
INDUSTRIALS,ROIPROEKT
INDUSTRIALS,ROIRESURS
INDUSTRIALS,ROISERVIS
INDUSTRIALS,ROITEL
INDUSTRIALS,ROITRANS
INDUSTRIALS,ROJECT
INDUSTRIALS,ROKAR
INDUSTRIALS,ROKER
INDUSTRIALS,ROKOM
INDUSTRIALS,ROL
INDUSTRIALS,ROL'
INDUSTRIALS,ROLESPORT
INDUSTRIALS,ROLTEYK
INDUSTRIALS,ROM
INDUSTRIALS,ROM-MS
INDUSTRIALS,ROM-OIL
INDUSTRIALS,ROM-URAL
INDUSTRIALS,ROMASH
INDUSTRIALS,ROMAVTO
INDUSTRIALS,ROMAX
INDUSTRIALS,ROMET
INDUSTRIALS,ROMEYKS
INDUSTRIALS,ROMIN
INDUSTRIALS,ROMINTEL
INDUSTRIALS,ROMINVEST
INDUSTRIALS,ROMMASH
INDUSTRIALS,ROMMETIZ
INDUSTRIALS,ROMOIL
INDUSTRIALS,ROMONT
INDUSTRIALS,ROMONTAZH
INDUSTRIALS,ROMRESURS
INDUSTRIALS,ROMSENSOR
INDUSTRIALS,ROMSERVIS
INDUSTRIALS,ROMSNAB
INDUSTRIALS,ROMSTROI
INDUSTRIALS,ROMSTROY
INDUSTRIALS,ROMSVET
INDUSTRIALS,ROMTEKH
INDUSTRIALS,ROMTORG
INDUSTRIALS,RON
INDUSTRIALS,RON-ZAVOD
INDUSTRIALS,ROND
INDUSTRIALS,RONEZH
INDUSTRIALS,RONSHTADT
INDUSTRIALS,ROOF
INDUSTRIALS,ROPARK
INDUSTRIALS,ROPOLE
INDUSTRIALS,ROPROEKT
INDUSTRIALS,ROPROF
INDUSTRIALS,ROPROFI
INDUSTRIALS,ROREMONT
INDUSTRIALS,ROROS
INDUSTRIALS,ROS
INDUSTRIALS,ROSERVICE
INDUSTRIALS,ROSERVIS
INDUSTRIALS,ROSGEO
INDUSTRIALS,ROSHAEMOE
INDUSTRIALS,ROSHCHIT
INDUSTRIALS,ROSHIELD
INDUSTRIALS,ROSKOR
INDUSTRIALS,ROSNAB
INDUSTRIALS,ROSS
INDUSTRIALS,ROST
INDUSTRIALS,ROST-S
INDUSTRIALS,ROSTAR
INDUSTRIALS,ROSTOV
INDUSTRIALS,ROSTRANS
INDUSTRIALS,ROSTROI
INDUSTRIALS,ROSTTEKH
INDUSTRIALS,ROSTterm
INDUSTRIALS,ROTEKHNIK
INDUSTRIALS,ROTEKS
INDUSTRIALS,ROTRANS
INDUSTRIALS,ROTREID
INDUSTRIALS,ROUND
INDUSTRIALS,ROUP
INDUSTRIALS,ROVAN
INDUSTRIALS,ROVANIE
INDUSTRIALS,ROVANNY
INDUSTRIALS,ROVANNYI
INDUSTRIALS,ROVANNYKH
INDUSTRIALS,ROVENTO
INDUSTRIALS,ROVLYA
INDUSTRIALS,ROVO-PRO
INDUSTRIALS,ROVOD
INDUSTRIALS,ROVSKOE
INDUSTRIALS,ROVYE
INDUSTRIALS,ROXOR
INDUSTRIALS,ROY
INDUSTRIALS,"ROY,"
INDUSTRIALS,ROY-1
INDUSTRIALS,ROYCITY
INDUSTRIALS,ROYENERGO
INDUSTRIALS,ROYKA
INDUSTRIALS,ROYMASH
INDUSTRIALS,ROYSERVIS
INDUSTRIALS,ROYSTEKLO
INDUSTRIALS,ROYSVET
INDUSTRIALS,ROYTEK
INDUSTRIALS,ROZEX
INDUSTRIALS,ROZHDENIE
INDUSTRIALS,ROZHNAYA
INDUSTRIALS,RPAK
INDUSTRIALS,RPOLE
INDUSTRIALS,RPORATION
INDUSTRIALS,RPORT
INDUSTRIALS,RPOST
INDUSTRIALS,RPROEKT
INDUSTRIALS,RPROJECT
INDUSTRIALS,RPUKHOV
INDUSTRIALS,RRIT
INDUSTRIALS,RRIT63
INDUSTRIALS,RRITORY
INDUSTRIALS,RRUM-F
INDUSTRIALS,RRUM-S
INDUSTRIALS,RRZ
INDUSTRIALS,RS-REGION
INDUSTRIALS,RS-TRANS
INDUSTRIALS,RSALSTROI
INDUSTRIALS,RSAZH
INDUSTRIALS,RSEK
INDUSTRIALS,RSENAL
INDUSTRIALS,RSENAL-NT
INDUSTRIALS,RSERVIS
INDUSTRIALS,RSG
INDUSTRIALS,RSHARING
INDUSTRIALS,RSHKOV
INDUSTRIALS,RSK
INDUSTRIALS,RSKII
INDUSTRIALS,RSKOE
INDUSTRIALS,RSKOI
INDUSTRIALS,RSLLC
INDUSTRIALS,RSM
INDUSTRIALS,RSMASH
INDUSTRIALS,RSNAB
INDUSTRIALS,RSP
INDUSTRIALS,RSS
INDUSTRIALS,RST
INDUSTRIALS,RSTEIGER
INDUSTRIALS,RSTRANS
INDUSTRIALS,RSTROI
INDUSTRIALS,RSTROY
INDUSTRIALS,"RSTROY,"
INDUSTRIALS,RSU
INDUSTRIALS,RSU-1
INDUSTRIALS,RSU-10
INDUSTRIALS,RSVET
INDUSTRIALS,RT-KABEL
INDUSTRIALS,RT-KABEL'
INDUSTRIALS,RT-LIFT
INDUSTRIALS,RT-STROI
INDUSTRIALS,RT-TRANS
INDUSTRIALS,RTA
INDUSTRIALS,RTC
INDUSTRIALS,RTEK
INDUSTRIALS,RTEKH
INDUSTRIALS,RTEKHFORM
INDUSTRIALS,RTEKHNIKA
INDUSTRIALS,RTER
INDUSTRIALS,RTIKAL
INDUSTRIALS,RTL
INDUSTRIALS,RTNER
INDUSTRIALS,RTNYE
INDUSTRIALS,RTP
INDUSTRIALS,RTPARK
INDUSTRIALS,RTPZ
INDUSTRIALS,RTR
INDUSTRIALS,RTRANS
INDUSTRIALS,RTRANSS
INDUSTRIALS,RTRENT
INDUSTRIALS,RTRIEB
INDUSTRIALS,RTRO
INDUSTRIALS,RTS
INDUSTRIALS,RTS-TRANS
INDUSTRIALS,RTUNIVEX
INDUSTRIALS,RUAL
INDUSTRIALS,RUBEZH
INDUSTRIALS,RUCK
INDUSTRIALS,RUCKPLAN
INDUSTRIALS,RUCTION
INDUSTRIALS,RUD
INDUSTRIALS,RUDARENDA
INDUSTRIALS,RUDOVANIE
INDUSTRIALS,RUG
INDUSTRIALS,RUKCIY
INDUSTRIALS,RUKTSII
INDUSTRIALS,RUKTSIYA
INDUSTRIALS,RULLAX
INDUSTRIALS,RUM
INDUSTRIALS,RUM-F
INDUSTRIALS,RUM-RAND
INDUSTRIALS,RUM-S
INDUSTRIALS,RUMENT
INDUSTRIALS,RUNSWICK
INDUSTRIALS,RUP
INDUSTRIALS,RUPAL
INDUSTRIALS,RUPP
INDUSTRIALS,RUS
INDUSTRIALS,RUS'
INDUSTRIALS,RUS-AUTO
INDUSTRIALS,RUSANT
INDUSTRIALS,RUSBIO
INDUSTRIALS,RUSCON
INDUSTRIALS,RUSELPROM
INDUSTRIALS,RUSHWAY
INDUSTRIALS,RUSKAT
INDUSTRIALS,RUSKON-S
INDUSTRIALS,RUSLET
INDUSTRIALS,RUSMARINE
INDUSTRIALS,RUSNANO
INDUSTRIALS,RUSSIA
INDUSTRIALS,RUSSTAR
INDUSTRIALS,RUTEK
INDUSTRIALS,RUZ
INDUSTRIALS,RUZOPODEM
INDUSTRIALS,RUZSERVIS
INDUSTRIALS,RUZSTROY
INDUSTRIALS,RVARD
INDUSTRIALS,RVICE
INDUSTRIALS,RVIS
INDUSTRIALS,RVIS-KOMI
INDUSTRIALS,RVIS-SPB
INDUSTRIALS,RVUS
INDUSTRIALS,RVYI
INDUSTRIALS,RWARDING
INDUSTRIALS,RWAY
INDUSTRIALS,RYADCHIK
INDUSTRIALS,RYLATKA
INDUSTRIALS,RYUKSKOE
INDUSTRIALS,RYVPROM
INDUSTRIALS,RZDSTROY
INDUSTRIALS,RZHD
INDUSTRIALS,RZHINSK
INDUSTRIALS,RZZ
INDUSTRIALS,RackFork
INDUSTRIALS,Rail
INDUSTRIALS,Reetech
INDUSTRIALS,Remondis
INDUSTRIALS,Rencons
INDUSTRIALS,Resource
INDUSTRIALS,Restate
INDUSTRIALS,Road
INDUSTRIALS,Route
INDUSTRIALS,Rus
INDUSTRIALS,RusLine
INDUSTRIALS,Russian
INDUSTRIALS,S-1
INDUSTRIALS,S-9
INDUSTRIALS,S-A
INDUSTRIALS,S-AUTO
INDUSTRIALS,S-AVTO
INDUSTRIALS,S-BILD
INDUSTRIALS,S-CENTRE
INDUSTRIALS,S-DEALING
INDUSTRIALS,S-EYSTEIT
INDUSTRIALS,S-FABRIKA
INDUSTRIALS,S-GRUPP
INDUSTRIALS,S-IMPEKS
INDUSTRIALS,S-IT
INDUSTRIALS,S-K
INDUSTRIALS,S-KAVKAZ
INDUSTRIALS,S-KOMI
INDUSTRIALS,S-KUBAN'
INDUSTRIALS,S-LAIN
INDUSTRIALS,S-LYUKS
INDUSTRIALS,S-M
INDUSTRIALS,S-METRO
INDUSTRIALS,S-MOSKVA
INDUSTRIALS,S-Montazh
INDUSTRIALS,S-PROEKT
INDUSTRIALS,S-PROJECT
INDUSTRIALS,S-PROM
INDUSTRIALS,S-REGION
INDUSTRIALS,S-RITEIL
INDUSTRIALS,S-ROSTOV
INDUSTRIALS,S-RU
INDUSTRIALS,S-RUS
INDUSTRIALS,S-S
INDUSTRIALS,S-SARATOV
INDUSTRIALS,S-SERVIS
INDUSTRIALS,S-SPB
INDUSTRIALS,S-STROI
INDUSTRIALS,S-STROY
INDUSTRIALS,S-TENDER
INDUSTRIALS,S-TRADE
INDUSTRIALS,S-TRANS
INDUSTRIALS,S-TREST
INDUSTRIALS,S-TSENTR
INDUSTRIALS,S-TT
INDUSTRIALS,S-TYUMEN
INDUSTRIALS,S-VEKTOR
INDUSTRIALS,S.A.V.
INDUSTRIALS,S.T
INDUSTRIALS,SAD
INDUSTRIALS,SADKABEL'
INDUSTRIALS,SAFE
INDUSTRIALS,SAGREGAT
INDUSTRIALS,SAIDER
INDUSTRIALS,SALSTROI
INDUSTRIALS,SALT
INDUSTRIALS,SAMARA
INDUSTRIALS,SAMOSPAS
INDUSTRIALS,SAMSON
INDUSTRIALS,SANITEK
INDUSTRIALS,SANT
INDUSTRIALS,SAPPORT
INDUSTRIALS,SAR
INDUSTRIALS,SARANSK
INDUSTRIALS,SARATOV
INDUSTRIALS,SARRZ
INDUSTRIALS,SATECO
INDUSTRIALS,SATOR
INDUSTRIALS,SATURN
INDUSTRIALS,SAUTEK
INDUSTRIALS,SAVANT
INDUSTRIALS,SAVTO
INDUSTRIALS,SAYKER
INDUSTRIALS,SAZ
INDUSTRIALS,SAZH
INDUSTRIALS,SBALT
INDUSTRIALS,SBAS
INDUSTRIALS,SBIO
INDUSTRIALS,SBS
INDUSTRIALS,SBT
INDUSTRIALS,SBUNKER
INDUSTRIALS,SBYT
INDUSTRIALS,SCAN
INDUSTRIALS,SCARGO
INDUSTRIALS,SCHEM
INDUSTRIALS,SCHENSK
INDUSTRIALS,SCHIEDEL
INDUSTRIALS,SCO
INDUSTRIALS,SCOAL
INDUSTRIALS,SCON
INDUSTRIALS,SCORT
INDUSTRIALS,SCR
INDUSTRIALS,SDM
INDUSTRIALS,SDORSTROI
INDUSTRIALS,SECURITY
INDUSTRIALS,SEK
INDUSTRIALS,SEL
INDUSTRIALS,SEL'MASH
INDUSTRIALS,SELMASH
INDUSTRIALS,SELPROM
INDUSTRIALS,SEM
INDUSTRIALS,SEMARGL
INDUSTRIALS,SEMTREID
INDUSTRIALS,SENAL
INDUSTRIALS,SENAL-NT
INDUSTRIALS,SENBURG
INDUSTRIALS,SENSOR
INDUSTRIALS,SENTAVRA
INDUSTRIALS,SENTR
INDUSTRIALS,SEQURITY
INDUSTRIALS,SER
INDUSTRIALS,SERPUKHOV
INDUSTRIALS,SERVICE
INDUSTRIALS,SERVIS
INDUSTRIALS,SET
INDUSTRIALS,SETI-MAKS
INDUSTRIALS,SEVCABLE
INDUSTRIALS,SEVER
INDUSTRIALS,SEVERSKOE
INDUSTRIALS,SEXPORT
INDUSTRIALS,SEYSK
INDUSTRIALS,SF-TSTO
INDUSTRIALS,SFALT
INDUSTRIALS,SFERA
INDUSTRIALS,SFK
INDUSTRIALS,SFO
INDUSTRIALS,"SG,"
INDUSTRIALS,SG-BIZNES
INDUSTRIALS,SGARANT
INDUSTRIALS,SGASSTROY
INDUSTRIALS,SGAZ
INDUSTRIALS,SGEO
INDUSTRIALS,SGM
INDUSTRIALS,SGROUP
INDUSTRIALS,SGRUZ
INDUSTRIALS,SGS
INDUSTRIALS,SH-EXPORT
INDUSTRIALS,SH-GRANIT
INDUSTRIALS,SHAEMOE
INDUSTRIALS,SHANC-FK
INDUSTRIALS,SHARING
INDUSTRIALS,SHCHE
INDUSTRIALS,SHCHEPIT
INDUSTRIALS,SHCHIK
INDUSTRIALS,SHCHIT
INDUSTRIALS,SHCHSTROI
INDUSTRIALS,SHHOLDING
INDUSTRIALS,SHIELD
INDUSTRIALS,SHIKO
INDUSTRIALS,SHINA
INDUSTRIALS,SHINKO
INDUSTRIALS,SHIP
INDUSTRIALS,SHKINSKOE
INDUSTRIALS,SHKOV
INDUSTRIALS,SHKREPEZH
INDUSTRIALS,SHLENNIK
INDUSTRIALS,SHPROM
INDUSTRIALS,SHSERVIS
INDUSTRIALS,SHSU-10
INDUSTRIALS,SHTADT
INDUSTRIALS,SHTORM
INDUSTRIALS,SHWAY
INDUSTRIALS,SHYAYA
INDUSTRIALS,SHZAVOD
INDUSTRIALS,SIA
INDUSTRIALS,SIAI
INDUSTRIALS,SIALIST
INDUSTRIALS,SIATIVA
INDUSTRIALS,SIB
INDUSTRIALS,SIBALYUKS
INDUSTRIALS,SIBGLASS
INDUSTRIALS,SIBGMS
INDUSTRIALS,SIBIR
INDUSTRIALS,SIBIR'
INDUSTRIALS,SIBIRSK
INDUSTRIALS,SIBIRSKII
INDUSTRIALS,SIBMASH
INDUSTRIALS,SIBMETALL
INDUSTRIALS,SIBNA
INDUSTRIALS,SIBROS
INDUSTRIALS,SICAME
INDUSTRIALS,SIES
INDUSTRIALS,SIG
INDUSTRIALS,SIGMA
INDUSTRIALS,SIGNAL
INDUSTRIALS,SII
INDUSTRIALS,SII-3
INDUSTRIALS,SIK
INDUSTRIALS,SILA
INDUSTRIALS,SILMAR
INDUSTRIALS,SILON
INDUSTRIALS,SIM
INDUSTRIALS,SIMA
INDUSTRIALS,SIMIKON
INDUSTRIALS,SINARATM
INDUSTRIALS,SINERGIYA
INDUSTRIALS,SING
INDUSTRIALS,SINK
INDUSTRIALS,SINTEC
INDUSTRIALS,SINTEZ
INDUSTRIALS,SINVEST
INDUSTRIALS,SIO
INDUSTRIALS,SIOMA
INDUSTRIALS,SION
INDUSTRIALS,SIONAL
INDUSTRIALS,SIONNAYA
INDUSTRIALS,SIR
INDUSTRIALS,SIRENA
INDUSTRIALS,SIS
INDUSTRIALS,SISTEMA
INDUSTRIALS,SISTEMAIR
INDUSTRIALS,SISTEMS
INDUSTRIALS,SISTEMY
INDUSTRIALS,SIT
INDUSTRIALS,SITEYK
INDUSTRIALS,SITI
INDUSTRIALS,SIYA
INDUSTRIALS,SIYANIE
INDUSTRIALS,SK-PROEKT
INDUSTRIALS,SK-SKAN
INDUSTRIALS,SK-STROI
INDUSTRIALS,SK-Trade
INDUSTRIALS,SKA
INDUSTRIALS,SKAN
INDUSTRIALS,SKAT
INDUSTRIALS,SKAUTODOR
INDUSTRIALS,SKAVTODOR
INDUSTRIALS,SKAYA
INDUSTRIALS,SKDORSNAB
INDUSTRIALS,SKER
INDUSTRIALS,SKEYR
INDUSTRIALS,SKEYSS
INDUSTRIALS,SKH
INDUSTRIALS,SKHOD
INDUSTRIALS,SKHOLDING
INDUSTRIALS,SKHOLOD
INDUSTRIALS,SKI
INDUSTRIALS,SKIE
INDUSTRIALS,SKII
INDUSTRIALS,SKIY
INDUSTRIALS,SKKABEL
INDUSTRIALS,SKKABEL'
INDUSTRIALS,SKO
INDUSTRIALS,SKOE
INDUSTRIALS,SKOI
INDUSTRIALS,SKOM
INDUSTRIALS,SKOMPLEKT
INDUSTRIALS,SKON-S
INDUSTRIALS,SKOR
INDUSTRIALS,SKORP
INDUSTRIALS,SKOVIYA
INDUSTRIALS,SKS
INDUSTRIALS,SKSKAN
INDUSTRIALS,SKSTROI
INDUSTRIALS,SKT
INDUSTRIALS,SKTS
INDUSTRIALS,SKUZMASH
INDUSTRIALS,SKVA
INDUSTRIALS,SKY
INDUSTRIALS,SL-PERVYI
INDUSTRIALS,SLANA
INDUSTRIALS,SLAVAVTO
INDUSTRIALS,SLAVPROM
INDUSTRIALS,SLEASING
INDUSTRIALS,SLES
INDUSTRIALS,SLET
INDUSTRIALS,SLI
INDUSTRIALS,SLIFT
INDUSTRIALS,SLK
INDUSTRIALS,SLLC
INDUSTRIALS,SLOCATION
INDUSTRIALS,SM-RESURS
INDUSTRIALS,SMAILI
INDUSTRIALS,SMANN
INDUSTRIALS,SMARINE
INDUSTRIALS,SMASH
INDUSTRIALS,SMIN
INDUSTRIALS,SMIRNOV
INDUSTRIALS,SMK
INDUSTRIALS,SMO
INDUSTRIALS,SMOBIL
INDUSTRIALS,SMOBIL-NN
INDUSTRIALS,SMORPORT
INDUSTRIALS,SMS-IT
INDUSTRIALS,SMU-3
INDUSTRIALS,SMU-303
INDUSTRIALS,SMUR
INDUSTRIALS,SNAB
INDUSTRIALS,SNABSTROI
INDUSTRIALS,SNANO
INDUSTRIALS,SNATRANS
INDUSTRIALS,SNOST'
INDUSTRIALS,SNOVA
INDUSTRIALS,SNOYARSK
INDUSTRIALS,SODIS
INDUSTRIALS,SOENERGO
INDUSTRIALS,SOKHRANA
INDUSTRIALS,SOLYUTNYE
INDUSTRIALS,SOMARKET
INDUSTRIALS,SOMEKS
INDUSTRIALS,SOMR
INDUSTRIALS,SON
INDUSTRIALS,SONLIT
INDUSTRIALS,SOPERGRUZ
INDUSTRIALS,SOR
INDUSTRIALS,SORBENT
INDUSTRIALS,SORMASH
INDUSTRIALS,SOTA-31
INDUSTRIALS,SOURCE
INDUSTRIALS,SOURCES
INDUSTRIALS,SOVO
INDUSTRIALS,SOVTRANS
INDUSTRIALS,SOYUZ
INDUSTRIALS,SPAK
INDUSTRIALS,SPAN
INDUSTRIALS,SPAN-M
INDUSTRIALS,SPARK
INDUSTRIALS,SPAS
INDUSTRIALS,SPB
INDUSTRIALS,SPC
INDUSTRIALS,SPD-GRUPP
INDUSTRIALS,SPECTR
INDUSTRIALS,SPED
INDUSTRIALS,SPEDICIYA
INDUSTRIALS,SPEKT
INDUSTRIALS,SPETSMASH
INDUSTRIALS,SPETSVAN
INDUSTRIALS,SPH
INDUSTRIALS,SPK
INDUSTRIALS,SPO
INDUSTRIALS,SPOINTNER
INDUSTRIALS,SPOLYMET
INDUSTRIALS,SPOMET
INDUSTRIALS,SPORT
INDUSTRIALS,SPORTER
INDUSTRIALS,SPORTNYE
INDUSTRIALS,SPOTREID
INDUSTRIALS,SPRESS
INDUSTRIALS,SPROEKT
INDUSTRIALS,SPROMMASH
INDUSTRIALS,SPROMSVET
INDUSTRIALS,SPTM
INDUSTRIALS,SPUTNIK
INDUSTRIALS,SPUTNIK-2
INDUSTRIALS,SREMONT
INDUSTRIALS,SREZERV
INDUSTRIALS,SRP
INDUSTRIALS,SRSM
INDUSTRIALS,SRV
INDUSTRIALS,SS-SERVIS
INDUSTRIALS,SS-TT
INDUSTRIALS,SSA
INDUSTRIALS,SSER
INDUSTRIALS,SSERVICE
INDUSTRIALS,SSERVIS
INDUSTRIALS,SSET
INDUSTRIALS,SSIA
INDUSTRIALS,SSIB
INDUSTRIALS,SSIG
INDUSTRIALS,SSIK
INDUSTRIALS,SSIONAL
INDUSTRIALS,SSIR
INDUSTRIALS,SSK
INDUSTRIALS,SSK-Trade
INDUSTRIALS,SSKH
INDUSTRIALS,SSM
INDUSTRIALS,SSMANN
INDUSTRIALS,SSMASH
INDUSTRIALS,SSMO
INDUSTRIALS,SSORMASH
INDUSTRIALS,SSP
INDUSTRIALS,SSSTROY
INDUSTRIALS,SSTAL
INDUSTRIALS,SSTAR
INDUSTRIALS,SSTROI
INDUSTRIALS,SSTROI-31
INDUSTRIALS,SSTROY
INDUSTRIALS,SSTROY-1
INDUSTRIALS,ST'
INDUSTRIALS,ST-OYL
INDUSTRIALS,ST-S
INDUSTRIALS,ST-SERVIS
INDUSTRIALS,ST-URAL
INDUSTRIALS,STA
INDUSTRIALS,STAF
INDUSTRIALS,STAL
INDUSTRIALS,STAL'
INDUSTRIALS,STAL'NOFF
INDUSTRIALS,STAL'PROM
INDUSTRIALS,STAL'SNAB
INDUSTRIALS,STALKER
INDUSTRIALS,STALNOFF
INDUSTRIALS,STANT
INDUSTRIALS,STAR
INDUSTRIALS,STARI
INDUSTRIALS,STARITSA
INDUSTRIALS,START
INDUSTRIALS,STARTRANS
INDUSTRIALS,STARWAY
INDUSTRIALS,STARY
INDUSTRIALS,STATIS
INDUSTRIALS,STATUSSIB
INDUSTRIALS,STAVKA
INDUSTRIALS,STD
INDUSTRIALS,STE
INDUSTRIALS,STEC
INDUSTRIALS,STEEL
INDUSTRIALS,STEHFLOT
INDUSTRIALS,STEIGER
INDUSTRIALS,STEIT
INDUSTRIALS,STEKH
INDUSTRIALS,STEKHFLOT
INDUSTRIALS,STEKHKRAN
INDUSTRIALS,STEKHNIK
INDUSTRIALS,STEKHSNAB
INDUSTRIALS,STEKLO
INDUSTRIALS,STELLA
INDUSTRIALS,STELS
INDUSTRIALS,STEMA
INDUSTRIALS,STEMAIR
INDUSTRIALS,STEMS
INDUSTRIALS,STEMY
INDUSTRIALS,STENH
INDUSTRIALS,STENSTROI
INDUSTRIALS,STEP
INDUSTRIALS,STER
INDUSTRIALS,STERH
INDUSTRIALS,STEYP
INDUSTRIALS,STG
INDUSTRIALS,STI
INDUSTRIALS,STIC
INDUSTRIALS,STIC-N
INDUSTRIALS,STICS
INDUSTRIALS,STIK
INDUSTRIALS,STIKA
INDUSTRIALS,STIL
INDUSTRIALS,STIL'
INDUSTRIALS,STILLER
INDUSTRIALS,STIZH
INDUSTRIALS,STK
INDUSTRIALS,STL
INDUSTRIALS,STLAB
INDUSTRIALS,STM
INDUSTRIALS,STO
INDUSTRIALS,STOFER
INDUSTRIALS,STOK
INDUSTRIALS,STOMER
INDUSTRIALS,STOMS
INDUSTRIALS,STON
INDUSTRIALS,STOR
INDUSTRIALS,STORIYA
INDUSTRIALS,STORY
INDUSTRIALS,STOSTROI
INDUSTRIALS,STOTREST
INDUSTRIALS,STOV
INDUSTRIALS,STOVIK
INDUSTRIALS,STOVSKIY
INDUSTRIALS,STR
INDUSTRIALS,STRA
INDUSTRIALS,STRABAG
INDUSTRIALS,STRAL
INDUSTRIALS,STRAL'
INDUSTRIALS,STRALIN
INDUSTRIALS,STRANS
INDUSTRIALS,STRATEGY
INDUSTRIALS,STREYD
INDUSTRIALS,STRIAL
INDUSTRIALS,STRIES
INDUSTRIALS,STRIYA
INDUSTRIALS,STRO
INDUSTRIALS,STROI
INDUSTRIALS,STROI-31
INDUSTRIALS,STROI-KA
INDUSTRIALS,STROI-MT
INDUSTRIALS,STROI-SP
INDUSTRIALS,STROIGAZ
INDUSTRIALS,STROIKA
INDUSTRIALS,STROIKOMI
INDUSTRIALS,STROIOPT
INDUSTRIALS,STROITEL
INDUSTRIALS,STROS
INDUSTRIALS,STROY
INDUSTRIALS,"STROY,"
INDUSTRIALS,STROY-1
INDUSTRIALS,STROYCITY
INDUSTRIALS,STROYKA
INDUSTRIALS,STROYMASH
INDUSTRIALS,STROYSVET
INDUSTRIALS,STROYTEK
INDUSTRIALS,STRUCTION
INDUSTRIALS,STRUKCIY
INDUSTRIALS,STRUKTSII
INDUSTRIALS,STRUMENT
INDUSTRIALS,STS
INDUSTRIALS,STSELMASH
INDUSTRIALS,STSENTR
INDUSTRIALS,STTEKH
INDUSTRIALS,STU
INDUSTRIALS,STVO
INDUSTRIALS,STWARD
INDUSTRIALS,STY
INDUSTRIALS,STYLE
INDUSTRIALS,STterm
INDUSTRIALS,SU-1
INDUSTRIALS,SU-10
INDUSTRIALS,SU-155
INDUSTRIALS,SU-38
INDUSTRIALS,SU-7
INDUSTRIALS,SU-873
INDUSTRIALS,SU10
INDUSTRIALS,SULTING
INDUSTRIALS,SUMED
INDUSTRIALS,SUP
INDUSTRIALS,SUPTR-10
INDUSTRIALS,SURF
INDUSTRIALS,SURS
INDUSTRIALS,SURSTRANS
INDUSTRIALS,SUTEK
INDUSTRIALS,SVAN
INDUSTRIALS,SVEL
INDUSTRIALS,SVET
INDUSTRIALS,SVL
INDUSTRIALS,SVS
INDUSTRIALS,SWICK
INDUSTRIALS,SYSTEMA
INDUSTRIALS,SYSTEMS
INDUSTRIALS,SZEMO
INDUSTRIALS,SZHB
INDUSTRIALS,Scheltec
INDUSTRIALS,Service
INDUSTRIALS,Services
INDUSTRIALS,Servis
INDUSTRIALS,Sever
INDUSTRIALS,Shina
INDUSTRIALS,Siberia
INDUSTRIALS,Simecs
INDUSTRIALS,Simikon
INDUSTRIALS,Skandika
INDUSTRIALS,Smartavia
INDUSTRIALS,Smolensk
INDUSTRIALS,"Soft-SG,"
INDUSTRIALS,Spectr
INDUSTRIALS,Star
INDUSTRIALS,Steklodom
INDUSTRIALS,Step
INDUSTRIALS,Stock
INDUSTRIALS,Store
INDUSTRIALS,Strimer
INDUSTRIALS,Stroi
INDUSTRIALS,Stroygaz
INDUSTRIALS,Stroykom
INDUSTRIALS,Systems
INDUSTRIALS,T-999
INDUSTRIALS,T-ASDM
INDUSTRIALS,T-BAZALT
INDUSTRIALS,T-BILET
INDUSTRIALS,T-E
INDUSTRIALS,T-EK
INDUSTRIALS,T-INVEST
INDUSTRIALS,T-KABEL
INDUSTRIALS,T-KABEL'
INDUSTRIALS,T-KAMA
INDUSTRIALS,T-KONSALT
INDUSTRIALS,T-LIFT
INDUSTRIALS,T-LOGOS
INDUSTRIALS,T-M
INDUSTRIALS,T-MONOLIT
INDUSTRIALS,T-MOSKVA
INDUSTRIALS,T-NSK
INDUSTRIALS,T-OKA
INDUSTRIALS,T-OYL
INDUSTRIALS,T-PARTNER
INDUSTRIALS,T-PLUS
INDUSTRIALS,T-PLYUS
INDUSTRIALS,T-REALITI
INDUSTRIALS,T-REGION
INDUSTRIALS,T-S
INDUSTRIALS,T-SAMARA
INDUSTRIALS,T-SERVIS
INDUSTRIALS,T-STROI
INDUSTRIALS,T-TAIM
INDUSTRIALS,T-TRANS
INDUSTRIALS,T-TREID
INDUSTRIALS,T-URAL
INDUSTRIALS,T-VOLGA
INDUSTRIALS,T-YAVIR
INDUSTRIALS,T-YUG
INDUSTRIALS,T63
INDUSTRIALS,TA-31
INDUSTRIALS,TABLOGIKS
INDUSTRIALS,TACT
INDUSTRIALS,TADT
INDUSTRIALS,TAF
INDUSTRIALS,TAGLEX
INDUSTRIALS,TAIM
INDUSTRIALS,TAINER
INDUSTRIALS,TAIR
INDUSTRIALS,TAIR-TULA
INDUSTRIALS,TAISKAN
INDUSTRIALS,TAJ
INDUSTRIALS,TAKT-TAIM
INDUSTRIALS,TAL
INDUSTRIALS,TAL'
INDUSTRIALS,TAL'NOFF
INDUSTRIALS,TAL'PROM
INDUSTRIALS,TAL'SNAB
INDUSTRIALS,TALKER
INDUSTRIALS,TALL
INDUSTRIALS,TALLINE
INDUSTRIALS,TALLIST
INDUSTRIALS,TALLON
INDUSTRIALS,TALNOFF
INDUSTRIALS,TAMAK
INDUSTRIALS,TAMTRA
INDUSTRIALS,TAN
INDUSTRIALS,TANGODA
INDUSTRIALS,TANIYA
INDUSTRIALS,TANT
INDUSTRIALS,TANTOS
INDUSTRIALS,TAR
INDUSTRIALS,TARA
INDUSTRIALS,TARES
INDUSTRIALS,TARGEN
INDUSTRIALS,TARGET
INDUSTRIALS,TARI
INDUSTRIALS,TARITSA
INDUSTRIALS,TARKETT
INDUSTRIALS,TARKUS
INDUSTRIALS,TART
INDUSTRIALS,TARTRANS
INDUSTRIALS,TARWAY
INDUSTRIALS,TARY
INDUSTRIALS,TASH
INDUSTRIALS,TASKAN
INDUSTRIALS,TASKOM
INDUSTRIALS,TATIS
INDUSTRIALS,TATRANS
INDUSTRIALS,TATRANS-M
INDUSTRIALS,TATSIYA
INDUSTRIALS,TATUSSIB
INDUSTRIALS,TAVKA
INDUSTRIALS,TAVR
INDUSTRIALS,TAVRA
INDUSTRIALS,TAVRIDA
INDUSTRIALS,TAVROPOLE
INDUSTRIALS,TAVROSS
INDUSTRIALS,TAZH
INDUSTRIALS,TAZH-14
INDUSTRIALS,TAZH-2
INDUSTRIALS,TAZHNIK
INDUSTRIALS,TBA
INDUSTRIALS,TBI
INDUSTRIALS,TBSS
INDUSTRIALS,TBT
INDUSTRIALS,TBYTSTROI
INDUSTRIALS,TCENTR
INDUSTRIALS,TCSP
INDUSTRIALS,TDK
INDUSTRIALS,TDORSTROI
INDUSTRIALS,TDSK
INDUSTRIALS,TEC
INDUSTRIALS,TECH
INDUSTRIALS,TECHEM
INDUSTRIALS,TECHNIKA
INDUSTRIALS,TECHNODOM
INDUSTRIALS,TECO
INDUSTRIALS,TECSA
INDUSTRIALS,TED
INDUSTRIALS,TEEL
INDUSTRIALS,TEGRA
INDUSTRIALS,TEGRATECH
INDUSTRIALS,TEGRATION
INDUSTRIALS,TEGRATOR
INDUSTRIALS,TEGRITI
INDUSTRIALS,TEGY
INDUSTRIALS,TEHAZ
INDUSTRIALS,TEHFLOT
INDUSTRIALS,TEHNOROS
INDUSTRIALS,TEHTREID
INDUSTRIALS,TEIGER
INDUSTRIALS,TEIL
INDUSTRIALS,TEIT
INDUSTRIALS,TEK
INDUSTRIALS,TEKH
INDUSTRIALS,TEKH-SK
INDUSTRIALS,TEKHFLOT
INDUSTRIALS,TEKHFORM
INDUSTRIALS,TEKHIM
INDUSTRIALS,TEKHINVEX
INDUSTRIALS,TEKHKABEL
INDUSTRIALS,TEKHKOM
INDUSTRIALS,TEKHKRAN
INDUSTRIALS,TEKHMASH
INDUSTRIALS,TEKHMET
INDUSTRIALS,TEKHNEKS
INDUSTRIALS,TEKHNIK
INDUSTRIALS,TEKHNIKA
INDUSTRIALS,TEKHNIKS
INDUSTRIALS,TEKHNO
INDUSTRIALS,TEKHNODAR
INDUSTRIALS,TEKHNODOR
INDUSTRIALS,TEKHNOKOM
INDUSTRIALS,TEKHNOPAN
INDUSTRIALS,TEKHNOPRO
INDUSTRIALS,TEKHNOROS
INDUSTRIALS,TEKHPARK
INDUSTRIALS,TEKHPROM
INDUSTRIALS,TEKHRENT
INDUSTRIALS,TEKHSNAB
INDUSTRIALS,TEKHSTROI
INDUSTRIALS,TEKHSTROY
INDUSTRIALS,TEKLO
INDUSTRIALS,TEKLOMASH
INDUSTRIALS,TEKO
INDUSTRIALS,TEKS
INDUSTRIALS,TEKTUM
INDUSTRIALS,TEL
INDUSTRIALS,TEL'NAYA
INDUSTRIALS,TEL-AGRO
INDUSTRIALS,TEL-DIS
INDUSTRIALS,TELEKOM
INDUSTRIALS,TELLA
INDUSTRIALS,TELS
INDUSTRIALS,TEMA
INDUSTRIALS,TEMAIR
INDUSTRIALS,TEMASH
INDUSTRIALS,TEMPO
INDUSTRIALS,TEMS
INDUSTRIALS,TEMY
INDUSTRIALS,TENDER
INDUSTRIALS,TENH
INDUSTRIALS,TENSTROI
INDUSTRIALS,TENT
INDUSTRIALS,TENTIAL
INDUSTRIALS,TEP
INDUSTRIALS,TEPRODUKT
INDUSTRIALS,TEQ
INDUSTRIALS,TER
INDUSTRIALS,TER'ER
INDUSTRIALS,TER-CENTR
INDUSTRIALS,TER-GRUPP
INDUSTRIALS,TER-TSFO
INDUSTRIALS,TERBUNKER
INDUSTRIALS,TERBURG
INDUSTRIALS,TERCOMP
INDUSTRIALS,TERFAX
INDUSTRIALS,TERH
INDUSTRIALS,TERIJER
INDUSTRIALS,TERINBURG
INDUSTRIALS,TERING
INDUSTRIALS,TERM
INDUSTRIALS,TERMINAL
INDUSTRIALS,TERMOKUL
INDUSTRIALS,TERMOTRON
INDUSTRIALS,TERNATIVA
INDUSTRIALS,TERON
INDUSTRIALS,TERPAK
INDUSTRIALS,TERPOLE
INDUSTRIALS,TERRITORY
INDUSTRIALS,TERSTROI
INDUSTRIALS,TERTRANS
INDUSTRIALS,TES
INDUSTRIALS,TESINTEZ
INDUSTRIALS,TESIS
INDUSTRIALS,TESKAN
INDUSTRIALS,TESLI
INDUSTRIALS,TEST
INDUSTRIALS,TET
INDUSTRIALS,TET-PLYUS
INDUSTRIALS,TETTA
INDUSTRIALS,TEVO
INDUSTRIALS,TEX
INDUSTRIALS,TEXHA
INDUSTRIALS,TEXMAX
INDUSTRIALS,TEYAZ
INDUSTRIALS,TEYK
INDUSTRIALS,TEYN
INDUSTRIALS,TEYP
INDUSTRIALS,TEZ
INDUSTRIALS,TEZRAIL
INDUSTRIALS,TFK
INDUSTRIALS,TFORM
INDUSTRIALS,TFORMA
INDUSTRIALS,TGEN
INDUSTRIALS,TGS
INDUSTRIALS,TGSM
INDUSTRIALS,TGT
INDUSTRIALS,TI-MAKS
INDUSTRIALS,TIAL
INDUSTRIALS,TIC
INDUSTRIALS,TIC-N
INDUSTRIALS,TICHESKII
INDUSTRIALS,TICKANE
INDUSTRIALS,TICS
INDUSTRIALS,TIEVO
INDUSTRIALS,TIK
INDUSTRIALS,TIKA
INDUSTRIALS,TIKAL
INDUSTRIALS,TIKOR-M
INDUSTRIALS,TIL
INDUSTRIALS,TIL'
INDUSTRIALS,TILED
INDUSTRIALS,TILLER
INDUSTRIALS,TIM
INDUSTRIALS,TIMER
INDUSTRIALS,TIMER-T
INDUSTRIALS,TINENT
INDUSTRIALS,TING
INDUSTRIALS,TINGER
INDUSTRIALS,TINVEST
INDUSTRIALS,TION
INDUSTRIALS,TIONS
INDUSTRIALS,TIP
INDUSTRIALS,TIS
INDUSTRIALS,TISIAI
INDUSTRIALS,TITOKA
INDUSTRIALS,TITRANS
INDUSTRIALS,TIV
INDUSTRIALS,TIVA
INDUSTRIALS,TIYA
INDUSTRIALS,TIZ
INDUSTRIALS,TIZH
INDUSTRIALS,TIZTRANS
INDUSTRIALS,TK-STAL'
INDUSTRIALS,TK-STROI
INDUSTRIALS,TKA
INDUSTRIALS,TKHS
INDUSTRIALS,TKOM
INDUSTRIALS,TKP
INDUSTRIALS,TKZ
INDUSTRIALS,TLAB
INDUSTRIALS,TLANA-K
INDUSTRIALS,TLC
INDUSTRIALS,TLK
INDUSTRIALS,TLKT
INDUSTRIALS,TLOGIC
INDUSTRIALS,TLT-YUG
INDUSTRIALS,TM-SERVIS
INDUSTRIALS,TMADI
INDUSTRIALS,TMC
INDUSTRIALS,TMEKHANIK
INDUSTRIALS,TMONTAZH
INDUSTRIALS,TMP
INDUSTRIALS,TMZ
INDUSTRIALS,TNAYA
INDUSTRIALS,TNER
INDUSTRIALS,TNG
INDUSTRIALS,TNIK
INDUSTRIALS,TNIK-2
INDUSTRIALS,TNK
INDUSTRIALS,TNYE
INDUSTRIALS,TO-FLEET
INDUSTRIALS,TO-PEYK
INDUSTRIALS,TO-RESURS
INDUSTRIALS,TO-TRANS
INDUSTRIALS,TOBAN
INDUSTRIALS,TOBOL
INDUSTRIALS,TOCAR
INDUSTRIALS,TOCHNYY
INDUSTRIALS,TODEYP
INDUSTRIALS,TODOM
INDUSTRIALS,TODOR
INDUSTRIALS,TOFER
INDUSTRIALS,TOFURGON
INDUSTRIALS,TOGRAF
INDUSTRIALS,TOGREID
INDUSTRIALS,TOGROUP
INDUSTRIALS,TOIL
INDUSTRIALS,TOK
INDUSTRIALS,TOKA
INDUSTRIALS,TOKAR
INDUSTRIALS,TOKOM
INDUSTRIALS,TOL
INDUSTRIALS,TOLEDO
INDUSTRIALS,TOLIDER
INDUSTRIALS,TOLIZING
INDUSTRIALS,TOLYATTI
INDUSTRIALS,TOM
INDUSTRIALS,TOMATIKA
INDUSTRIALS,TOMER
INDUSTRIALS,TOMOST
INDUSTRIALS,TOMS
INDUSTRIALS,TOMSKSKAN
INDUSTRIALS,TON
INDUSTRIALS,TON-N
INDUSTRIALS,TOOL
INDUSTRIALS,TOP
INDUSTRIALS,TOPARK
INDUSTRIALS,TOPFRAME
INDUSTRIALS,TOPOL-ECO
INDUSTRIALS,TOPROFI
INDUSTRIALS,TOPROM
INDUSTRIALS,TOR
INDUSTRIALS,TOR-PM
INDUSTRIALS,TOREYKS
INDUSTRIALS,TORG
INDUSTRIALS,TORISTY
INDUSTRIALS,TORIYA
INDUSTRIALS,TORM
INDUSTRIALS,TORM-ITS
INDUSTRIALS,TOROCENTR
INDUSTRIALS,TORY
INDUSTRIALS,TOS
INDUSTRIALS,TOSERVICE
INDUSTRIALS,TOSTROI
INDUSTRIALS,TOTRAK
INDUSTRIALS,TOTRANS
INDUSTRIALS,TOTREST
INDUSTRIALS,TOTSENTR
INDUSTRIALS,TOV
INDUSTRIALS,TOV-SCAN
INDUSTRIALS,TOVIK
INDUSTRIALS,TOVSKIY
INDUSTRIALS,TOWERSLLC
INDUSTRIALS,TOYMA
INDUSTRIALS,TP-VMM
INDUSTRIALS,TPA
INDUSTRIALS,TPAK
INDUSTRIALS,TPARK
INDUSTRIALS,TPROEKT
INDUSTRIALS,TPROM
INDUSTRIALS,TPZ
INDUSTRIALS,TR-10
INDUSTRIALS,TR-AGRO
INDUSTRIALS,TRA
INDUSTRIALS,TRABAG
INDUSTRIALS,TRACTOR
INDUSTRIALS,TRADE
INDUSTRIALS,TRADICIA
INDUSTRIALS,TRAFI
INDUSTRIALS,TRAFO
INDUSTRIALS,TRAINING
INDUSTRIALS,TRAK
INDUSTRIALS,TRAKSKAN
INDUSTRIALS,TRAKT
INDUSTRIALS,TRAL
INDUSTRIALS,TRAL'
INDUSTRIALS,TRALIN
INDUSTRIALS,TRANKO
INDUSTRIALS,TRANS
INDUSTRIALS,TRANS-1
INDUSTRIALS,TRANS-M
INDUSTRIALS,TRANSAVTO
INDUSTRIALS,TRANSBALT
INDUSTRIALS,TRANSCHEM
INDUSTRIALS,TRANSCOAL
INDUSTRIALS,TRANSGAZ
INDUSTRIALS,TRANSGRUZ
INDUSTRIALS,TRANSLES
INDUSTRIALS,TRANSMASH
INDUSTRIALS,TRANSPARK
INDUSTRIALS,TRANSPORT
INDUSTRIALS,TRANSS
INDUSTRIALS,TRANSTEKH
INDUSTRIALS,TRANSTROI
INDUSTRIALS,TRANSUMED
INDUSTRIALS,TRASKO
INDUSTRIALS,TRASSIR
INDUSTRIALS,TRAST-OYL
INDUSTRIALS,TRATEGY
INDUSTRIALS,TRDM
INDUSTRIALS,TRE
INDUSTRIALS,TREID
INDUSTRIALS,TREIDING
INDUSTRIALS,TREMONT
INDUSTRIALS,TREMSTROI
INDUSTRIALS,TRENT
INDUSTRIALS,TRENTOR
INDUSTRIALS,TREST
INDUSTRIALS,TREVA
INDUSTRIALS,TREYD
INDUSTRIALS,TREYKSIM
INDUSTRIALS,TRI
INDUSTRIALS,TRIAL
INDUSTRIALS,TRIEB
INDUSTRIALS,TRIES
INDUSTRIALS,TRIK
INDUSTRIALS,TRITSA
INDUSTRIALS,TRIUM
INDUSTRIALS,TRIYA
INDUSTRIALS,TRO
INDUSTRIALS,TRO-VAST
INDUSTRIALS,TRO-WAST
INDUSTRIALS,TROI
INDUSTRIALS,TROI-31
INDUSTRIALS,TROI-KA
INDUSTRIALS,TROI-KURS
INDUSTRIALS,TROI-MT
INDUSTRIALS,TROI-SP
INDUSTRIALS,TROIDEKOR
INDUSTRIALS,TROIDETAL
INDUSTRIALS,TROIGAZ
INDUSTRIALS,TROIGRUPP
INDUSTRIALS,TROIKA
INDUSTRIALS,TROIKOMI
INDUSTRIALS,TROIKRAFT
INDUSTRIALS,TROIOPT
INDUSTRIALS,TROITEL
INDUSTRIALS,TROITRANS
INDUSTRIALS,TROKOM
INDUSTRIALS,TROL
INDUSTRIALS,TROL'
INDUSTRIALS,TROMASH
INDUSTRIALS,TRON
INDUSTRIALS,TROPROFI
INDUSTRIALS,TROREMONT
INDUSTRIALS,TROROS
INDUSTRIALS,TROS
INDUSTRIALS,TROSHCHIT
INDUSTRIALS,TROSHIELD
INDUSTRIALS,TROSTROI
INDUSTRIALS,TROY
INDUSTRIALS,"TROY,"
INDUSTRIALS,TROY-1
INDUSTRIALS,TROYCITY
INDUSTRIALS,TROYKA
INDUSTRIALS,TROYMASH
INDUSTRIALS,TROYSVET
INDUSTRIALS,TROYTEK
INDUSTRIALS,TRUCK
INDUSTRIALS,TRUCKPLAN
INDUSTRIALS,TRUCTION
INDUSTRIALS,TRUD
INDUSTRIALS,TRUKCIY
INDUSTRIALS,TRUKTSII
INDUSTRIALS,TRUKTSIYA
INDUSTRIALS,TRUM
INDUSTRIALS,TRUM-RAND
INDUSTRIALS,TRUMENT
INDUSTRIALS,TRi
INDUSTRIALS,"TS"""
INDUSTRIALS,TS-9
INDUSTRIALS,TS-CENTRE
INDUSTRIALS,TS-METRO
INDUSTRIALS,TS-PROEKT
INDUSTRIALS,TS-SERVIS
INDUSTRIALS,TS-TENDER
INDUSTRIALS,TS-TRANS
INDUSTRIALS,TS-TREST
INDUSTRIALS,TS-TSENTR
INDUSTRIALS,TSA
INDUSTRIALS,TSAGREGAT
INDUSTRIALS,TSELMASH
INDUSTRIALS,TSEMTREID
INDUSTRIALS,TSENTAVRA
INDUSTRIALS,TSENTR
INDUSTRIALS,TSERVICE
INDUSTRIALS,TSERVIS
INDUSTRIALS,TSFO
INDUSTRIALS,TSIALIST
INDUSTRIALS,TSIATIVA
INDUSTRIALS,TSII
INDUSTRIALS,TSII-3
INDUSTRIALS,TSINK
INDUSTRIALS,TSIONNAYA
INDUSTRIALS,TSIYA
INDUSTRIALS,TSK
INDUSTRIALS,TSKII
INDUSTRIALS,TSKKABEL
INDUSTRIALS,TSKSTROI
INDUSTRIALS,TSM
INDUSTRIALS,TSMASH
INDUSTRIALS,TSMOBIL
INDUSTRIALS,TSOVO
INDUSTRIALS,TSREZERV
INDUSTRIALS,TSRV
INDUSTRIALS,TSS
INDUSTRIALS,TSSTROI
INDUSTRIALS,TSSTROY
INDUSTRIALS,TST
INDUSTRIALS,TSTEKHNIK
INDUSTRIALS,TSTEKLO
INDUSTRIALS,TSTK
INDUSTRIALS,TSTO
INDUSTRIALS,TSTRANS
INDUSTRIALS,TSTROI
INDUSTRIALS,TSTS
INDUSTRIALS,TSTYLE
INDUSTRIALS,TSUP
INDUSTRIALS,TSV
INDUSTRIALS,TSVAN
INDUSTRIALS,TSVS
INDUSTRIALS,"TSoft-SG,"
INDUSTRIALS,TT-INVEST
INDUSTRIALS,TT-LOGOS
INDUSTRIALS,TT-TRANS
INDUSTRIALS,TTA
INDUSTRIALS,TTE
INDUSTRIALS,TTEKH
INDUSTRIALS,TTEQ
INDUSTRIALS,TTI
INDUSTRIALS,TTINGER
INDUSTRIALS,TTM
INDUSTRIALS,TTOIL
INDUSTRIALS,TTRANS
INDUSTRIALS,TTS
INDUSTRIALS,TTSM
INDUSTRIALS,TUBA
INDUSTRIALS,TULA
INDUSTRIALS,TUM
INDUSTRIALS,TUNIVEX
INDUSTRIALS,TURA
INDUSTRIALS,TURAL
INDUSTRIALS,TURBO
INDUSTRIALS,TURN
INDUSTRIALS,TUS
INDUSTRIALS,TUSSIB
INDUSTRIALS,TVEMA
INDUSTRIALS,TVINPRO
INDUSTRIALS,TVO
INDUSTRIALS,TWARD
INDUSTRIALS,TWASSER
INDUSTRIALS,TXM
INDUSTRIALS,TYABRSKOE
INDUSTRIALS,TYAZHMASH
INDUSTRIALS,TYEVO
INDUSTRIALS,TYLE
INDUSTRIALS,TYMATIC
INDUSTRIALS,TYUMEN
INDUSTRIALS,TYUMEN'
INDUSTRIALS,TZHB
INDUSTRIALS,Taxi
INDUSTRIALS,Team
INDUSTRIALS,Tech
INDUSTRIALS,Techno
INDUSTRIALS,Tehnology
INDUSTRIALS,Tekh
INDUSTRIALS,Tenrent
INDUSTRIALS,Terminal
INDUSTRIALS,Teskan
INDUSTRIALS,Timer
INDUSTRIALS,Trade
INDUSTRIALS,Trans
INDUSTRIALS,Transit
INDUSTRIALS,Trio
INDUSTRIALS,Trodat
INDUSTRIALS,TrucRoad
INDUSTRIALS,Tterm
INDUSTRIALS,TyazhMash
INDUSTRIALS,Tyumen
INDUSTRIALS,U-1
INDUSTRIALS,U-10
INDUSTRIALS,U-155
INDUSTRIALS,U-3
INDUSTRIALS,U-303
INDUSTRIALS,U-38
INDUSTRIALS,U-7
INDUSTRIALS,U-873
INDUSTRIALS,U-MET
INDUSTRIALS,U10
INDUSTRIALS,UAIZ
INDUSTRIALS,UAL
INDUSTRIALS,UASTOK
INDUSTRIALS,UBA
INDUSTRIALS,UBAN'
INDUSTRIALS,UBAN-TEKS
INDUSTRIALS,UBEZH
INDUSTRIALS,UBOPROVOD
INDUSTRIALS,UBQ
INDUSTRIALS,UCH
INDUSTRIALS,UCK
INDUSTRIALS,UCKPLAN
INDUSTRIALS,UCLH
INDUSTRIALS,UCLP
INDUSTRIALS,UCTION
INDUSTRIALS,UCTOR-PM
INDUSTRIALS,UDARENDA
INDUSTRIALS,UDOVANIE
INDUSTRIALS,UDSR
INDUSTRIALS,UER
INDUSTRIALS,UERESSIG
INDUSTRIALS,UES
INDUSTRIALS,UESK
INDUSTRIALS,UEYK
INDUSTRIALS,UEYS
INDUSTRIALS,UFK
INDUSTRIALS,UFSE
INDUSTRIALS,UG-PROFIL
INDUSTRIALS,UGA
INDUSTRIALS,UGIN
INDUSTRIALS,UGOBEREG
INDUSTRIALS,UGOL
INDUSTRIALS,UGPA
INDUSTRIALS,UGPROM
INDUSTRIALS,UGREGION
INDUSTRIALS,UGSERVIS
INDUSTRIALS,UHLER
INDUSTRIALS,UIK
INDUSTRIALS,UIPMENT
INDUSTRIALS,UIS+
INDUSTRIALS,UKCIY
INDUSTRIALS,UKHOV
INDUSTRIALS,UKS
INDUSTRIALS,UKSKH
INDUSTRIALS,UKSKOE
INDUSTRIALS,UKSSERVIS
INDUSTRIALS,UKT
INDUSTRIALS,UKTSII
INDUSTRIALS,UKTSIYA
INDUSTRIALS,UKZ
INDUSTRIALS,UL'S
INDUSTRIALS,ULA
INDUSTRIALS,ULISKAN
INDUSTRIALS,ULLAX
INDUSTRIALS,ULSATOR
INDUSTRIALS,ULTING
INDUSTRIALS,ULYANOVSK
INDUSTRIALS,ULYUKS
INDUSTRIALS,UM-3
INDUSTRIALS,UM-4
INDUSTRIALS,UM-F
INDUSTRIALS,UM-RAND
INDUSTRIALS,UM-S
INDUSTRIALS,UMED
INDUSTRIALS,UMEN
INDUSTRIALS,UMEN'
INDUSTRIALS,UMEN'TEL
INDUSTRIALS,UMENT
INDUSTRIALS,UMK
INDUSTRIALS,UMORI
INDUSTRIALS,UNA
INDUSTRIALS,UND
INDUSTRIALS,UNI-BLOK
INDUSTRIALS,UNIDRAFT
INDUSTRIALS,UNIKONT
INDUSTRIALS,UNIMATIC
INDUSTRIALS,UNION
INDUSTRIALS,UNIPOST
INDUSTRIALS,UNIRENT
INDUSTRIALS,UNIVEX
INDUSTRIALS,UNIX
INDUSTRIALS,UNK
INDUSTRIALS,UNKER
INDUSTRIALS,UNKOMTEKH
INDUSTRIALS,UNSWICK
INDUSTRIALS,UPAL
INDUSTRIALS,UPKOMPANI
INDUSTRIALS,UPP
INDUSTRIALS,UPR
INDUSTRIALS,UPTR-10
INDUSTRIALS,URA
INDUSTRIALS,URAL
INDUSTRIALS,URALKAM
INDUSTRIALS,URALKRAN
INDUSTRIALS,URALSKI
INDUSTRIALS,URALSTAR
INDUSTRIALS,URALTASH
INDUSTRIALS,URALTREID
INDUSTRIALS,URALTSINK
INDUSTRIALS,URALTURBO
INDUSTRIALS,URASIA
INDUSTRIALS,URBO
INDUSTRIALS,URCE
INDUSTRIALS,URCES
INDUSTRIALS,URER
INDUSTRIALS,URF
INDUSTRIALS,URG
INDUSTRIALS,URG-OPT
INDUSTRIALS,URGEOKOM
INDUSTRIALS,URGON
INDUSTRIALS,URGSKAN
INDUSTRIALS,URII
INDUSTRIALS,URITY
INDUSTRIALS,URMANIYA
INDUSTRIALS,URMASH
INDUSTRIALS,URN
INDUSTRIALS,UROVAN
INDUSTRIALS,UROVYE
INDUSTRIALS,URS
INDUSTRIALS,URSTRANS
INDUSTRIALS,URY
INDUSTRIALS,US'
INDUSTRIALS,US-AUTO
INDUSTRIALS,USANT
INDUSTRIALS,USBIO
INDUSTRIALS,USCON
INDUSTRIALS,USELPROM
INDUSTRIALS,USHWAY
INDUSTRIALS,USHYAYA
INDUSTRIALS,USION
INDUSTRIALS,USIS
INDUSTRIALS,USKAT
INDUSTRIALS,USKON-S
INDUSTRIALS,USLET
INDUSTRIALS,USMARINE
INDUSTRIALS,USNANO
INDUSTRIALS,USPC
INDUSTRIALS,USPK
INDUSTRIALS,USPOLYMET
INDUSTRIALS,USS
INDUSTRIALS,USSIA
INDUSTRIALS,USSIB
INDUSTRIALS,USSTAR
INDUSTRIALS,UST
INDUSTRIALS,USTA
INDUSTRIALS,USTOMS
INDUSTRIALS,USTOVSKIY
INDUSTRIALS,USTRIES
INDUSTRIALS,USTRIYA
INDUSTRIALS,UTAIR
INDUSTRIALS,UTARA
INDUSTRIALS,UTEK
INDUSTRIALS,UTEP
INDUSTRIALS,UTG
INDUSTRIALS,UTK-STAL'
INDUSTRIALS,UTLC
INDUSTRIALS,UTNIK
INDUSTRIALS,UTNIK-2
INDUSTRIALS,UTNYE
INDUSTRIALS,UTO
INDUSTRIALS,UTODOR
INDUSTRIALS,UTON-N
INDUSTRIALS,UTP
INDUSTRIALS,UTRANS
INDUSTRIALS,UTS
INDUSTRIALS,UTSK
INDUSTRIALS,UTSKKABEL
INDUSTRIALS,UTSS
INDUSTRIALS,UTTE
INDUSTRIALS,UTTRANS
INDUSTRIALS,UWC
INDUSTRIALS,UYUSHYAYA
INDUSTRIALS,UZGA
INDUSTRIALS,UZMASH
INDUSTRIALS,UZMK
INDUSTRIALS,UZMO
INDUSTRIALS,UZNETSKII
INDUSTRIALS,UZOPODEM
INDUSTRIALS,UZPATENT
INDUSTRIALS,UZPM
INDUSTRIALS,UZSERVIS
INDUSTRIALS,UZST
INDUSTRIALS,UZSTROY
INDUSTRIALS,UZTI
INDUSTRIALS,UZTP
INDUSTRIALS,Unilin
INDUSTRIALS,Unitrade
INDUSTRIALS,Ural
INDUSTRIALS,Uralstar
INDUSTRIALS,Urhakko
INDUSTRIALS,V-D-L
INDUSTRIALS,V-EYNERGO
INDUSTRIALS,V-GRUPP
INDUSTRIALS,V-SCAN
INDUSTRIALS,V-SERVIS
INDUSTRIALS,V-TEKHNO
INDUSTRIALS,V.I.K.
INDUSTRIALS,VA-ALYANS
INDUSTRIALS,VA-CHEYMZ
INDUSTRIALS,VAD
INDUSTRIALS,VADRAT
INDUSTRIALS,VADRIGA
INDUSTRIALS,VAG
INDUSTRIALS,VAN
INDUSTRIALS,VANI-RUS
INDUSTRIALS,VANIE
INDUSTRIALS,VANINO
INDUSTRIALS,VANNY
INDUSTRIALS,VANNYI
INDUSTRIALS,VANNYKH
INDUSTRIALS,VANT
INDUSTRIALS,VAPLAST
INDUSTRIALS,VARD
INDUSTRIALS,VARDIA
INDUSTRIALS,VARDIOLA
INDUSTRIALS,VASIBIR
INDUSTRIALS,VAST
INDUSTRIALS,VATOM
INDUSTRIALS,VATOR
INDUSTRIALS,VATRANS
INDUSTRIALS,VATRI
INDUSTRIALS,VATRi
INDUSTRIALS,VATSII
INDUSTRIALS,VATSIYA
INDUSTRIALS,VATSTEKLO
INDUSTRIALS,VAVTO
INDUSTRIALS,VAVTOMOST
INDUSTRIALS,VB-ALYANS
INDUSTRIALS,VBH
INDUSTRIALS,VBH-SIB
INDUSTRIALS,VCABLE
INDUSTRIALS,VCH-GRUPP
INDUSTRIALS,VCHEG
INDUSTRIALS,VCOMFLOT
INDUSTRIALS,VEI-GRUPP
INDUSTRIALS,VEKTOR
INDUSTRIALS,VEL
INDUSTRIALS,VELAN
INDUSTRIALS,VELES
INDUSTRIALS,VELLA
INDUSTRIALS,VELOPMENT
INDUSTRIALS,VEMA
INDUSTRIALS,VENT
INDUSTRIALS,VENTA
INDUSTRIALS,VENTO
INDUSTRIALS,VENTRA
INDUSTRIALS,VER
INDUSTRIALS,VERENERGO
INDUSTRIALS,VEREST
INDUSTRIALS,VEREY
INDUSTRIALS,VERS
INDUSTRIALS,VERSKOE
INDUSTRIALS,VERTER
INDUSTRIALS,VERTIKAL
INDUSTRIALS,VERTRIEB
INDUSTRIALS,VERTRO
INDUSTRIALS,VES
INDUSTRIALS,VESCHENSK
INDUSTRIALS,VESKA
INDUSTRIALS,VEST
INDUSTRIALS,VEST-URAL
INDUSTRIALS,VESTA
INDUSTRIALS,VESTRA
INDUSTRIALS,VET
INDUSTRIALS,VETLANA-K
INDUSTRIALS,VEX
INDUSTRIALS,VEYS
INDUSTRIALS,VGORSTROY
INDUSTRIALS,VIA
INDUSTRIALS,VICE
INDUSTRIALS,VID
INDUSTRIALS,VIDEOTRON
INDUSTRIALS,VIDYA
INDUSTRIALS,VIERA
INDUSTRIALS,VIESSMANN
INDUSTRIALS,VIGA-65
INDUSTRIALS,VIGATOR
INDUSTRIALS,VIK
INDUSTRIALS,VIND
INDUSTRIALS,VINPRO
INDUSTRIALS,VINSKOE
INDUSTRIALS,VINTMADI
INDUSTRIALS,VIP
INDUSTRIALS,VIR
INDUSTRIALS,VIS
INDUSTRIALS,VIS-KOMI
INDUSTRIALS,VIS-SPB
INDUSTRIALS,VISREMONT
INDUSTRIALS,VIST
INDUSTRIALS,VISTSENTR
INDUSTRIALS,VIVATRANS
INDUSTRIALS,VIYA
INDUSTRIALS,VIZHIMY
INDUSTRIALS,VKA
INDUSTRIALS,VKAZ
INDUSTRIALS,VKOM
INDUSTRIALS,VL-TEK
INDUSTRIALS,VLYA
INDUSTRIALS,VMASH
INDUSTRIALS,VMM
INDUSTRIALS,VMM-1
INDUSTRIALS,VMM-2
INDUSTRIALS,VMOMASH
INDUSTRIALS,VMPP
INDUSTRIALS,VMT
INDUSTRIALS,VMZ
INDUSTRIALS,VNITEYP
INDUSTRIALS,VNZM
INDUSTRIALS,VO-PRO
INDUSTRIALS,VOD
INDUSTRIALS,VODA
INDUSTRIALS,VODAGRO
INDUSTRIALS,VODECO
INDUSTRIALS,VODSERVIS
INDUSTRIALS,VODSTROI
INDUSTRIALS,VODSTVO
INDUSTRIALS,VOEVODA
INDUSTRIALS,VOLAB
INDUSTRIALS,VOLGA
INDUSTRIALS,VOLGOGRAD
INDUSTRIALS,VOLGOMOST
INDUSTRIALS,VOLMA
INDUSTRIALS,VOLNA
INDUSTRIALS,VOLZHE
INDUSTRIALS,VOMORSNAB
INDUSTRIALS,VORONEZH
INDUSTRIALS,VOSHIP
INDUSTRIALS,VOSIBIRSK
INDUSTRIALS,VOSKAN
INDUSTRIALS,VOSKHOD
INDUSTRIALS,VOTRANS
INDUSTRIALS,VOZ
INDUSTRIALS,VP-GRUPP
INDUSTRIALS,VPM
INDUSTRIALS,VPPK
INDUSTRIALS,VPROM
INDUSTRIALS,VRA
INDUSTRIALS,VRANGEL
INDUSTRIALS,VRATSIYA
INDUSTRIALS,VRAZ
INDUSTRIALS,VRIDA
INDUSTRIALS,VROAZIYA
INDUSTRIALS,VROGRUP
INDUSTRIALS,VROKAR
INDUSTRIALS,VROPARK
INDUSTRIALS,VROPOLE
INDUSTRIALS,VROPROEKT
INDUSTRIALS,VROSS
INDUSTRIALS,VROTRANS
INDUSTRIALS,VRZ
INDUSTRIALS,VSC
INDUSTRIALS,VSK
INDUSTRIALS,VSK-SKAN
INDUSTRIALS,VSKIY
INDUSTRIALS,VSKOE
INDUSTRIALS,VSM
INDUSTRIALS,VSP
INDUSTRIALS,VSRP
INDUSTRIALS,VTEKHSNAB
INDUSTRIALS,VTEYK
INDUSTRIALS,VTL
INDUSTRIALS,VTO
INDUSTRIALS,VTO-FLEET
INDUSTRIALS,VTO-PEYK
INDUSTRIALS,VTO-TRANS
INDUSTRIALS,VTOBAN
INDUSTRIALS,VTOCAR
INDUSTRIALS,VTODOM
INDUSTRIALS,VTODOR
INDUSTRIALS,VTOFURGON
INDUSTRIALS,VTOGRAF
INDUSTRIALS,VTOGREID
INDUSTRIALS,VTOGROUP
INDUSTRIALS,VTOKAR
INDUSTRIALS,VTOKOM
INDUSTRIALS,VTOLIDER
INDUSTRIALS,VTOLIZING
INDUSTRIALS,VTOMATIKA
INDUSTRIALS,VTOMOST
INDUSTRIALS,VTOPARK
INDUSTRIALS,VTOPROFI
INDUSTRIALS,VTOPROM
INDUSTRIALS,VTOTRAK
INDUSTRIALS,VTOTRANS
INDUSTRIALS,VTOTSENTR
INDUSTRIALS,VTP
INDUSTRIALS,VTPZ
INDUSTRIALS,VTRANS
INDUSTRIALS,VTS
INDUSTRIALS,VTS-9
INDUSTRIALS,VTS-METRO
INDUSTRIALS,VTSM
INDUSTRIALS,VTZ
INDUSTRIALS,VUD
INDUSTRIALS,VUS
INDUSTRIALS,VVPPK
INDUSTRIALS,VYBOR-S
INDUSTRIALS,VYE
INDUSTRIALS,VYI
INDUSTRIALS,VYSOTA-31
INDUSTRIALS,VYVOZ
INDUSTRIALS,VZLJOT
INDUSTRIALS,VZRYVPROM
INDUSTRIALS,Vaderstad
INDUSTRIALS,Varton
INDUSTRIALS,Volga
INDUSTRIALS,WAGONMASH
INDUSTRIALS,WARD
INDUSTRIALS,WARDING
INDUSTRIALS,WASSER
INDUSTRIALS,WAST
INDUSTRIALS,WASTE
INDUSTRIALS,WATT
INDUSTRIALS,WAY
INDUSTRIALS,WAY-GROUP
INDUSTRIALS,WER
INDUSTRIALS,WERSLLC
INDUSTRIALS,WEST
INDUSTRIALS,WESTLAB
INDUSTRIALS,WHOOSH
INDUSTRIALS,WICK
INDUSTRIALS,WIFTLOGIC
INDUSTRIALS,WRC
INDUSTRIALS,West
INDUSTRIALS,X.DRIVE
INDUSTRIALS,XHA
INDUSTRIALS,XHUB
INDUSTRIALS,XION
INDUSTRIALS,XMAX
INDUSTRIALS,XOR
INDUSTRIALS,XPEDITION
INDUSTRIALS,XPORT
INDUSTRIALS,XPROF
INDUSTRIALS,XTROL
INDUSTRIALS,Y-1
INDUSTRIALS,Y-GROUP
INDUSTRIALS,Y-SVL
INDUSTRIALS,YA-TRAK
INDUSTRIALS,YABINSK
INDUSTRIALS,YABINSKII
INDUSTRIALS,YABR'SKOE
INDUSTRIALS,YABRSKOE
INDUSTRIALS,YACIA
INDUSTRIALS,YADCHIK
INDUSTRIALS,YANGS
INDUSTRIALS,YANIE
INDUSTRIALS,YANOVSK
INDUSTRIALS,YANS
INDUSTRIALS,YAPRESSA
INDUSTRIALS,YARD
INDUSTRIALS,YAREKLAMA
INDUSTRIALS,YARSK
INDUSTRIALS,YATTI
INDUSTRIALS,YAVIR
INDUSTRIALS,YAYA
INDUSTRIALS,YAZ
INDUSTRIALS,YAZ'STROI
INDUSTRIALS,YAZHMASH
INDUSTRIALS,YBIS
INDUSTRIALS,YBOR-S
INDUSTRIALS,YCITY
INDUSTRIALS,YD-BROKER
INDUSTRIALS,YDROGAS
INDUSTRIALS,YENERGO
INDUSTRIALS,YEVO
INDUSTRIALS,YGIDA
INDUSTRIALS,YIRTRANSS
INDUSTRIALS,YIS-A
INDUSTRIALS,YKA
INDUSTRIALS,YKER
INDUSTRIALS,YKH
INDUSTRIALS,YKO-SITI
INDUSTRIALS,YKOLAIN
INDUSTRIALS,YKOLOGIYA
INDUSTRIALS,YKOMPLEKT
INDUSTRIALS,YKOSERVIS
INDUSTRIALS,YKOTEK
INDUSTRIALS,YKOTEKH
INDUSTRIALS,YKRA-URAL
INDUSTRIALS,YKS
INDUSTRIALS,YKSIM
INDUSTRIALS,YKSPO
INDUSTRIALS,YKSPOMET
INDUSTRIALS,YKSPORT
INDUSTRIALS,YKSPORTER
INDUSTRIALS,YKSPRESS
INDUSTRIALS,YKTON
INDUSTRIALS,YLASTOMER
INDUSTRIALS,YLATKA
INDUSTRIALS,YLE
INDUSTRIALS,YLEBOEUF
INDUSTRIALS,YLEKS
INDUSTRIALS,YLEKTRA
INDUSTRIALS,YLEKTRO
INDUSTRIALS,YLEKTRUM
INDUSTRIALS,YLEVATOR
INDUSTRIALS,YLIMITED
INDUSTRIALS,YLIT
INDUSTRIALS,YMA
INDUSTRIALS,YMASH
INDUSTRIALS,YMASHINA
INDUSTRIALS,YMATIC
INDUSTRIALS,YMET
INDUSTRIALS,YMONTAZH
INDUSTRIALS,YMP
INDUSTRIALS,YMZ
INDUSTRIALS,YNERGO
INDUSTRIALS,YNERGOKOM
INDUSTRIALS,YNERGOLIT
INDUSTRIALS,YNERGOTEL
INDUSTRIALS,YNTEK
INDUSTRIALS,YNTEZRAIL
INDUSTRIALS,YNTROROS
INDUSTRIALS,YPROMET
INDUSTRIALS,YPSILON
INDUSTRIALS,YRAMIS
INDUSTRIALS,YRAN-M
INDUSTRIALS,YRODAR
INDUSTRIALS,YROPROF
INDUSTRIALS,YSERVIS
INDUSTRIALS,YSHLENNIK
INDUSTRIALS,YSK
INDUSTRIALS,YSOTA-31
INDUSTRIALS,YSR
INDUSTRIALS,YSS
INDUSTRIALS,YSS-TT
INDUSTRIALS,YSTEIT
INDUSTRIALS,YSTEKLO
INDUSTRIALS,YSTEMA
INDUSTRIALS,YSTEMS
INDUSTRIALS,YSVET
INDUSTRIALS,YTEK
INDUSTRIALS,YTSTROI
INDUSTRIALS,YU-MET
INDUSTRIALS,YUAIZ
INDUSTRIALS,YUEYK
INDUSTRIALS,YUFK
INDUSTRIALS,YUG
INDUSTRIALS,YUGOBEREG
INDUSTRIALS,YUGPROM
INDUSTRIALS,YUGREGION
INDUSTRIALS,YUGSERVIS
INDUSTRIALS,YUKS
INDUSTRIALS,YUKSKOE
INDUSTRIALS,YUMEN
INDUSTRIALS,YUMEN'
INDUSTRIALS,YUMEN'TEL
INDUSTRIALS,YUNIKONT
INDUSTRIALS,YUNION
INDUSTRIALS,YUNK
INDUSTRIALS,YUS
INDUSTRIALS,YUSHYAYA
INDUSTRIALS,YUSS
INDUSTRIALS,YUTARA
INDUSTRIALS,YUTNYE
INDUSTRIALS,YUTON-N
INDUSTRIALS,YUTS
INDUSTRIALS,YUZ
INDUSTRIALS,YVOZ
INDUSTRIALS,YVPROM
INDUSTRIALS,Yug
INDUSTRIALS,Z'STROI
INDUSTRIALS,Z-1
INDUSTRIALS,Z-EXPORT
INDUSTRIALS,Z-NGO
INDUSTRIALS,Z-POZNAN
INDUSTRIALS,ZA-SERVIS
INDUSTRIALS,ZACIYA
INDUSTRIALS,ZAEYM
INDUSTRIALS,ZAIN
INDUSTRIALS,ZALT
INDUSTRIALS,ZAN
INDUSTRIALS,ZAO
INDUSTRIALS,ZAPAD
INDUSTRIALS,ZAPCHAST
INDUSTRIALS,ZAPCHAST'
INDUSTRIALS,ZARECHE
INDUSTRIALS,ZAREM
INDUSTRIALS,ZATSII-3
INDUSTRIALS,ZATSIYA
INDUSTRIALS,ZAVKOM
INDUSTRIALS,ZAVOD
INDUSTRIALS,ZAVODAGRO
INDUSTRIALS,ZBO
INDUSTRIALS,ZDORSTROI
INDUSTRIALS,ZDSTROY
INDUSTRIALS,ZEL
INDUSTRIALS,ZEM'E
INDUSTRIALS,ZEME
INDUSTRIALS,ZEMIE
INDUSTRIALS,ZEMLITSA
INDUSTRIALS,ZEMO
INDUSTRIALS,ZENIT
INDUSTRIALS,ZENTRUM
INDUSTRIALS,ZEOTEK
INDUSTRIALS,ZERV
INDUSTRIALS,ZERZHINSK
INDUSTRIALS,ZETA
INDUSTRIALS,ZEX
INDUSTRIALS,ZGA
INDUSTRIALS,ZGS
INDUSTRIALS,ZH-14
INDUSTRIALS,ZH-2
INDUSTRIALS,ZH-NEVA
INDUSTRIALS,ZHASMIN
INDUSTRIALS,ZHB
INDUSTRIALS,ZHBI74
INDUSTRIALS,ZHBO
INDUSTRIALS,ZHD
INDUSTRIALS,ZHDENIE
INDUSTRIALS,ZHE
INDUSTRIALS,ZHE-TRANS
INDUSTRIALS,ZHEROMASH
INDUSTRIALS,ZHI
INDUSTRIALS,ZHIMY
INDUSTRIALS,ZHINIRING
INDUSTRIALS,ZHINSK
INDUSTRIALS,ZHKKH
INDUSTRIALS,ZHLAIN
INDUSTRIALS,ZHMASH
INDUSTRIALS,ZHMENT
INDUSTRIALS,ZHNAYA
INDUSTRIALS,ZHNIK
INDUSTRIALS,ZHOIL
INDUSTRIALS,ZHPROEKT
INDUSTRIALS,ZHPROM
INDUSTRIALS,ZHSELMASH
INDUSTRIALS,ZING
INDUSTRIALS,ZIROVANNY
INDUSTRIALS,ZITRON
INDUSTRIALS,ZIYA
INDUSTRIALS,ZIYA-TRAK
INDUSTRIALS,ZKABEL'
INDUSTRIALS,ZKHIMMASH
INDUSTRIALS,ZKI
INDUSTRIALS,ZKLZ
INDUSTRIALS,ZKO
INDUSTRIALS,ZKOMPLEKT
INDUSTRIALS,ZKS
INDUSTRIALS,ZLJOT
INDUSTRIALS,ZMASH
INDUSTRIALS,ZMEK
INDUSTRIALS,ZMER
INDUSTRIALS,ZMIKS
INDUSTRIALS,ZMK
INDUSTRIALS,ZMO
INDUSTRIALS,ZMONTAZH
INDUSTRIALS,ZMR
INDUSTRIALS,ZNAN
INDUSTRIALS,ZNES
INDUSTRIALS,ZNESBAS
INDUSTRIALS,ZNETSKII
INDUSTRIALS,ZOBETON
INDUSTRIALS,ZOL
INDUSTRIALS,ZOLLRU
INDUSTRIALS,ZOLYACIA
INDUSTRIALS,ZOLYUKS
INDUSTRIALS,ZONT
INDUSTRIALS,ZOPODEM
INDUSTRIALS,ZOR
INDUSTRIALS,ZOTA
INDUSTRIALS,ZPA
INDUSTRIALS,ZPATENT
INDUSTRIALS,ZPM
INDUSTRIALS,ZPO
INDUSTRIALS,ZPROEKT
INDUSTRIALS,ZPT
INDUSTRIALS,ZPV
INDUSTRIALS,ZRAIL
INDUSTRIALS,ZRP
INDUSTRIALS,ZRYVPROM
INDUSTRIALS,ZS-LYUKS
INDUSTRIALS,ZSERVIS
INDUSTRIALS,ZSK
INDUSTRIALS,ZSLAVPROM
INDUSTRIALS,ZSP
INDUSTRIALS,ZSSK
INDUSTRIALS,ZST
INDUSTRIALS,ZSTROI
INDUSTRIALS,ZSTROY
INDUSTRIALS,ZSURF
INDUSTRIALS,ZSZHB
INDUSTRIALS,ZTA
INDUSTRIALS,ZTEKH
INDUSTRIALS,ZTEKHNIKA
INDUSTRIALS,ZTI
INDUSTRIALS,ZTO
INDUSTRIALS,ZTP
INDUSTRIALS,ZTRANS
INDUSTRIALS,ZVA
INDUSTRIALS,ZVODSTVO
INDUSTRIALS,ZZBO
INDUSTRIALS,ZZHBO
INDUSTRIALS,Zelinsky
INDUSTRIALS,Zitron
INDUSTRIALS,a-Dnepr
INDUSTRIALS,a-Trans
INDUSTRIALS,aCenter
INDUSTRIALS,aKaliy
INDUSTRIALS,aService
INDUSTRIALS,aStar
INDUSTRIALS,aTrans
INDUSTRIALS,ac-Yug
INDUSTRIALS,acade
INDUSTRIALS,ackFork
INDUSTRIALS,actory
INDUSTRIALS,adHunter
INDUSTRIALS,ada
INDUSTRIALS,ade
INDUSTRIALS,ader
INDUSTRIALS,aderstad
INDUSTRIALS,adhunter
INDUSTRIALS,adin
INDUSTRIALS,"ading,"
INDUSTRIALS,afrigo
INDUSTRIALS,aftaTrans
INDUSTRIALS,after
INDUSTRIALS,agement
INDUSTRIALS,agistral
INDUSTRIALS,agregat
INDUSTRIALS,ail
INDUSTRIALS,ain
INDUSTRIALS,ainer
INDUSTRIALS,aissance
INDUSTRIALS,akko
INDUSTRIALS,akresurs
INDUSTRIALS,alProject
INDUSTRIALS,aladin
INDUSTRIALS,alery
INDUSTRIALS,aliy
INDUSTRIALS,allisto
INDUSTRIALS,allostroy
INDUSTRIALS,alon
INDUSTRIALS,als
INDUSTRIALS,alstar
INDUSTRIALS,althcare
INDUSTRIALS,alting
INDUSTRIALS,altrans
INDUSTRIALS,altruck
INDUSTRIALS,amica
INDUSTRIALS,ammer
INDUSTRIALS,anService
INDUSTRIALS,anagement
INDUSTRIALS,ance
INDUSTRIALS,ancom
INDUSTRIALS,andika
INDUSTRIALS,andwest
INDUSTRIALS,aniye
INDUSTRIALS,ans
INDUSTRIALS,ansServis
INDUSTRIALS,ansit
INDUSTRIALS,ansstroy
INDUSTRIALS,antsinen
INDUSTRIALS,antsov
INDUSTRIALS,anval
INDUSTRIALS,apac
INDUSTRIALS,apitan
INDUSTRIALS,arat
INDUSTRIALS,are
INDUSTRIALS,arel-2000
INDUSTRIALS,argo
INDUSTRIALS,argoModul
INDUSTRIALS,arin
INDUSTRIALS,arket
INDUSTRIALS,artGrain
INDUSTRIALS,artavia
INDUSTRIALS,arton
INDUSTRIALS,ash
INDUSTRIALS,ass
INDUSTRIALS,ast
INDUSTRIALS,ast-East
INDUSTRIALS,astics
INDUSTRIALS,astion
INDUSTRIALS,astrella
INDUSTRIALS,atchina
INDUSTRIALS,ate
INDUSTRIALS,ational
INDUSTRIALS,ativa
INDUSTRIALS,atool
INDUSTRIALS,ator
INDUSTRIALS,atrans
INDUSTRIALS,atsia
INDUSTRIALS,atsteklo
INDUSTRIALS,atytsyn
INDUSTRIALS,aul
INDUSTRIALS,aumit
INDUSTRIALS,autex
INDUSTRIALS,avia
INDUSTRIALS,avsnab
INDUSTRIALS,axi
INDUSTRIALS,aximum
INDUSTRIALS,aykopskoe
INDUSTRIALS,azh
INDUSTRIALS,azhMash
INDUSTRIALS,bal
INDUSTRIALS,baltrans
INDUSTRIALS,baltruck
INDUSTRIALS,beria
INDUSTRIALS,bility
INDUSTRIALS,blik
INDUSTRIALS,bunker
INDUSTRIALS,burg
INDUSTRIALS,c-Yug
INDUSTRIALS,cRoad
INDUSTRIALS,cade
INDUSTRIALS,car
INDUSTRIALS,care
INDUSTRIALS,cast-East
INDUSTRIALS,ccord
INDUSTRIALS,ccount
INDUSTRIALS,ce-Rus
INDUSTRIALS,cePro
INDUSTRIALS,"cegroup,"
INDUSTRIALS,center
INDUSTRIALS,ces
INDUSTRIALS,ch-Yug
INDUSTRIALS,cheltec
INDUSTRIALS,china
INDUSTRIALS,chnika
INDUSTRIALS,chno
INDUSTRIALS,chnoflex
INDUSTRIALS,chnology
INDUSTRIALS,chsupply
INDUSTRIALS,ckFork
INDUSTRIALS,cks
INDUSTRIALS,com
INDUSTRIALS,comp
INDUSTRIALS,con
INDUSTRIALS,cons
INDUSTRIALS,cord
INDUSTRIALS,count
INDUSTRIALS,coustic
INDUSTRIALS,ction
INDUSTRIALS,ctory
INDUSTRIALS,ctr
INDUSTRIALS,ctro
INDUSTRIALS,ctronmash
INDUSTRIALS,czyce-Rus
INDUSTRIALS,dHunter
INDUSTRIALS,dar
INDUSTRIALS,dat
INDUSTRIALS,dator
INDUSTRIALS,der
INDUSTRIALS,derstad
INDUSTRIALS,detal
INDUSTRIALS,dex.Taxi
INDUSTRIALS,dhesiv
INDUSTRIALS,dhunter
INDUSTRIALS,dian
INDUSTRIALS,dic
INDUSTRIALS,dika
INDUSTRIALS,din
INDUSTRIALS,dinamica
INDUSTRIALS,ding
INDUSTRIALS,"ding,"
INDUSTRIALS,dis
INDUSTRIALS,dit
INDUSTRIALS,dom
INDUSTRIALS,dorstroy
INDUSTRIALS,dovaniye
INDUSTRIALS,drus
INDUSTRIALS,dul
INDUSTRIALS,dwest
INDUSTRIALS,e-Prom
INDUSTRIALS,e-Route
INDUSTRIALS,e-Rus
INDUSTRIALS,ePro
INDUSTRIALS,eadHunter
INDUSTRIALS,eader
INDUSTRIALS,eadhunter
INDUSTRIALS,ealthcare
INDUSTRIALS,eam
INDUSTRIALS,ech
INDUSTRIALS,ech-Yug
INDUSTRIALS,echnika
INDUSTRIALS,echno
INDUSTRIALS,echnoflex
INDUSTRIALS,echnology
INDUSTRIALS,echsupply
INDUSTRIALS,ecs
INDUSTRIALS,ect
INDUSTRIALS,ectr
INDUSTRIALS,ectro
INDUSTRIALS,edo
INDUSTRIALS,edrus
INDUSTRIALS,eetech
INDUSTRIALS,efest
INDUSTRIALS,eftegaz
INDUSTRIALS,eftekhim
INDUSTRIALS,eftemash
INDUSTRIALS,egat
INDUSTRIALS,egatrans
INDUSTRIALS,egaz
INDUSTRIALS,egratsia
INDUSTRIALS,"egroup,"
INDUSTRIALS,ehflot
INDUSTRIALS,ehkom
INDUSTRIALS,ehnofrost
INDUSTRIALS,ehnology
INDUSTRIALS,ekh
INDUSTRIALS,ekhim
INDUSTRIALS,ekhpress
INDUSTRIALS,eklo
INDUSTRIALS,eklodom
INDUSTRIALS,ekt
INDUSTRIALS,ektStroi
INDUSTRIALS,el-2000
INDUSTRIALS,el-Eco
INDUSTRIALS,elarin
INDUSTRIALS,elinsky
INDUSTRIALS,eliostroy
INDUSTRIALS,ell
INDUSTRIALS,ella
INDUSTRIALS,elo
INDUSTRIALS,eloPorts
INDUSTRIALS,els
INDUSTRIALS,eltec
INDUSTRIALS,elytec
INDUSTRIALS,emash
INDUSTRIALS,ement
INDUSTRIALS,emondis
INDUSTRIALS,ems
INDUSTRIALS,emtransit
INDUSTRIALS,enGo
INDUSTRIALS,encon
INDUSTRIALS,encons
INDUSTRIALS,enrent
INDUSTRIALS,ensk
INDUSTRIALS,ent
INDUSTRIALS,ental
INDUSTRIALS,enter
INDUSTRIALS,entre
INDUSTRIALS,eoSM
INDUSTRIALS,epr
INDUSTRIALS,ept
INDUSTRIALS,er-Novo
INDUSTRIALS,erEnergo
INDUSTRIALS,era
INDUSTRIALS,erals
INDUSTRIALS,ercomp
INDUSTRIALS,erest
INDUSTRIALS,eresvet
INDUSTRIALS,ergiya
INDUSTRIALS,ergo
INDUSTRIALS,ergoTech
INDUSTRIALS,ergoprom
INDUSTRIALS,eria
INDUSTRIALS,erial
INDUSTRIALS,eridian
INDUSTRIALS,erinburg
INDUSTRIALS,erm
INDUSTRIALS,erminal
INDUSTRIALS,ermotrans
INDUSTRIALS,ernativa
INDUSTRIALS,erodar
INDUSTRIALS,erofuels
INDUSTRIALS,errafrigo
INDUSTRIALS,ersburg
INDUSTRIALS,erstad
INDUSTRIALS,ertor
INDUSTRIALS,ertrib
INDUSTRIALS,ervesp
INDUSTRIALS,ervice
INDUSTRIALS,ervices
INDUSTRIALS,ervis
INDUSTRIALS,ery
INDUSTRIALS,eshStore
INDUSTRIALS,esiv
INDUSTRIALS,eskan
INDUSTRIALS,eskargo
INDUSTRIALS,esource
INDUSTRIALS,esp
INDUSTRIALS,ess
INDUSTRIALS,essional
INDUSTRIALS,est
INDUSTRIALS,estaTrans
INDUSTRIALS,estate
INDUSTRIALS,esurs
INDUSTRIALS,esvet
INDUSTRIALS,etTrade
INDUSTRIALS,eta
INDUSTRIALS,etal
INDUSTRIALS,etalon
INDUSTRIALS,etech
INDUSTRIALS,etersburg
INDUSTRIALS,etip
INDUSTRIALS,etiz
INDUSTRIALS,etoservis
INDUSTRIALS,etsk
INDUSTRIALS,etta
INDUSTRIALS,ev-Trans
INDUSTRIALS,ever
INDUSTRIALS,ex.Taxi
INDUSTRIALS,extons
INDUSTRIALS,faService
INDUSTRIALS,fessional
INDUSTRIALS,fest
INDUSTRIALS,fficePro
INDUSTRIALS,ficePro
INDUSTRIALS,flex
INDUSTRIALS,flot
INDUSTRIALS,fmodul
INDUSTRIALS,frigo
INDUSTRIALS,frost
INDUSTRIALS,"ft-SG,"
INDUSTRIALS,ftaTrans
INDUSTRIALS,ftegaz
INDUSTRIALS,ftekhim
INDUSTRIALS,ftemash
INDUSTRIALS,fter
INDUSTRIALS,fttrucks
INDUSTRIALS,fuels
INDUSTRIALS,ga-Dnepr
INDUSTRIALS,gaKaliy
INDUSTRIALS,gar
INDUSTRIALS,gat
INDUSTRIALS,gatrans
INDUSTRIALS,gaz
INDUSTRIALS,gement
INDUSTRIALS,giTech
INDUSTRIALS,ginof
INDUSTRIALS,gistic
INDUSTRIALS,gistics
INDUSTRIALS,gistral
INDUSTRIALS,giya
INDUSTRIALS,glavsnab
INDUSTRIALS,goModul
INDUSTRIALS,goTech
INDUSTRIALS,goprom
INDUSTRIALS,gratsia
INDUSTRIALS,gregat
INDUSTRIALS,grisovgaz
INDUSTRIALS,groklass
INDUSTRIALS,grotrak
INDUSTRIALS,"group,"
INDUSTRIALS,gsnab
INDUSTRIALS,h-West
INDUSTRIALS,h-Yug
INDUSTRIALS,hMash
INDUSTRIALS,hStore
INDUSTRIALS,hakko
INDUSTRIALS,hcare
INDUSTRIALS,heltec
INDUSTRIALS,hesiv
INDUSTRIALS,hetip
INDUSTRIALS,hflot
INDUSTRIALS,hholding
INDUSTRIALS,him
INDUSTRIALS,himTekh
INDUSTRIALS,himost
INDUSTRIALS,hina
INDUSTRIALS,hkom
INDUSTRIALS,hkov
INDUSTRIALS,hmontazh
INDUSTRIALS,hnika
INDUSTRIALS,hno
INDUSTRIALS,hnoflex
INDUSTRIALS,hnofrost
INDUSTRIALS,hnology
INDUSTRIALS,holding
INDUSTRIALS,hortis
INDUSTRIALS,hpress
INDUSTRIALS,hsupply
INDUSTRIALS,htk
INDUSTRIALS,hunter
INDUSTRIALS,iConLab
INDUSTRIALS,iTech
INDUSTRIALS,iaCenter
INDUSTRIALS,ial
INDUSTRIALS,ian
INDUSTRIALS,iastrella
INDUSTRIALS,iberia
INDUSTRIALS,ibunker
INDUSTRIALS,ica
INDUSTRIALS,ice
INDUSTRIALS,icePro
INDUSTRIALS,ices
INDUSTRIALS,ics
INDUSTRIALS,idator
INDUSTRIALS,idian
INDUSTRIALS,ifttrucks
INDUSTRIALS,igo
INDUSTRIALS,ika
INDUSTRIALS,ika-Trans
INDUSTRIALS,ikon
INDUSTRIALS,il-steklo
INDUSTRIALS,ilin
INDUSTRIALS,ility
INDUSTRIALS,imTekh
INDUSTRIALS,imarket
INDUSTRIALS,ime
INDUSTRIALS,ime-Route
INDUSTRIALS,imecs
INDUSTRIALS,imer
INDUSTRIALS,imikon
INDUSTRIALS,imost
INDUSTRIALS,imperial
INDUSTRIALS,imum
INDUSTRIALS,inTech
INDUSTRIALS,ina
INDUSTRIALS,inal
INDUSTRIALS,inamica
INDUSTRIALS,inburg
INDUSTRIALS,ine
INDUSTRIALS,inen
INDUSTRIALS,inental
INDUSTRIALS,iner
INDUSTRIALS,inerals
INDUSTRIALS,ing
INDUSTRIALS,"ing,"
INDUSTRIALS,inof
INDUSTRIALS,insky
INDUSTRIALS,int-Stock
INDUSTRIALS,intel
INDUSTRIALS,ioFrost
INDUSTRIALS,ion
INDUSTRIALS,ional
INDUSTRIALS,iostroy
INDUSTRIALS,ipak
INDUSTRIALS,ipaul
INDUSTRIALS,ipetsk
INDUSTRIALS,iquidator
INDUSTRIALS,irTech
INDUSTRIALS,irservice
INDUSTRIALS,irtech
INDUSTRIALS,irtek
INDUSTRIALS,isovgaz
INDUSTRIALS,iss
INDUSTRIALS,issance
INDUSTRIALS,istanval
INDUSTRIALS,istic
INDUSTRIALS,istics
INDUSTRIALS,isto
INDUSTRIALS,istral
INDUSTRIALS,itan
INDUSTRIALS,itehkom
INDUSTRIALS,itibunker
INDUSTRIALS,iton
INDUSTRIALS,itrade
INDUSTRIALS,itron
INDUSTRIALS,itsa
INDUSTRIALS,ittekh
INDUSTRIALS,ity
INDUSTRIALS,iva
INDUSTRIALS,iya
INDUSTRIALS,iye
INDUSTRIALS,izhimost
INDUSTRIALS,izing
INDUSTRIALS,ject
INDUSTRIALS,k-Polipak
INDUSTRIALS,kFork
INDUSTRIALS,ka-Trans
INDUSTRIALS,kan
INDUSTRIALS,kandika
INDUSTRIALS,kargo
INDUSTRIALS,kel
INDUSTRIALS,ker
INDUSTRIALS,ker-Novo
INDUSTRIALS,ket
INDUSTRIALS,khetip
INDUSTRIALS,khim
INDUSTRIALS,khmontazh
INDUSTRIALS,khpress
INDUSTRIALS,kko
INDUSTRIALS,klass
INDUSTRIALS,klo
INDUSTRIALS,klodom
INDUSTRIALS,koe
INDUSTRIALS,kom
INDUSTRIALS,komplekt
INDUSTRIALS,komtrans
INDUSTRIALS,kon
INDUSTRIALS,konit
INDUSTRIALS,kontrol
INDUSTRIALS,kopskoe
INDUSTRIALS,kord
INDUSTRIALS,kov
INDUSTRIALS,kresurs
INDUSTRIALS,kron
INDUSTRIALS,ktStroi
INDUSTRIALS,l-2000
INDUSTRIALS,l-Eco
INDUSTRIALS,l-steklo
INDUSTRIALS,lProject
INDUSTRIALS,ladin
INDUSTRIALS,larin
INDUSTRIALS,lass
INDUSTRIALS,last
INDUSTRIALS,lastics
INDUSTRIALS,lavsnab
INDUSTRIALS,lcom
INDUSTRIALS,lding
INDUSTRIALS,lectro
INDUSTRIALS,lekt
INDUSTRIALS,lensk
INDUSTRIALS,lery
INDUSTRIALS,letTrade
INDUSTRIALS,lev-Trans
INDUSTRIALS,lever
INDUSTRIALS,lex
INDUSTRIALS,lga
INDUSTRIALS,lga-Dnepr
INDUSTRIALS,lgaKaliy
INDUSTRIALS,lik
INDUSTRIALS,lin
INDUSTRIALS,line
INDUSTRIALS,linsky
INDUSTRIALS,liostroy
INDUSTRIALS,lipak
INDUSTRIALS,listo
INDUSTRIALS,lit
INDUSTRIALS,littekh
INDUSTRIALS,lity
INDUSTRIALS,liy
INDUSTRIALS,lla
INDUSTRIALS,lletTrade
INDUSTRIALS,llisto
INDUSTRIALS,llostroy
INDUSTRIALS,lmera
INDUSTRIALS,lo-Center
INDUSTRIALS,loPorts
INDUSTRIALS,lobal
INDUSTRIALS,lodom
INDUSTRIALS,logistic
INDUSTRIALS,logistics
INDUSTRIALS,logy
INDUSTRIALS,lokontrol
INDUSTRIALS,lon
INDUSTRIALS,lostroy
INDUSTRIALS,lot
INDUSTRIALS,lprommash
INDUSTRIALS,lstar
INDUSTRIALS,ltec
INDUSTRIALS,lthcare
INDUSTRIALS,lting
INDUSTRIALS,ltrans
INDUSTRIALS,ltruck
INDUSTRIALS,lvest
INDUSTRIALS,lytec
INDUSTRIALS,m-Holding
INDUSTRIALS,m-Tyumen
INDUSTRIALS,m-Ural
INDUSTRIALS,mFlot
INDUSTRIALS,mKhimTekh
INDUSTRIALS,mShina
INDUSTRIALS,mTekh
INDUSTRIALS,mTrans
INDUSTRIALS,mada
INDUSTRIALS,magistral
INDUSTRIALS,market
INDUSTRIALS,martGrain
INDUSTRIALS,martavia
INDUSTRIALS,mash
INDUSTRIALS,me-Route
INDUSTRIALS,mecs
INDUSTRIALS,mekhpress
INDUSTRIALS,mell
INDUSTRIALS,men
INDUSTRIALS,ment
INDUSTRIALS,mer
INDUSTRIALS,mera
INDUSTRIALS,meta
INDUSTRIALS,mglavsnab
INDUSTRIALS,mian
INDUSTRIALS,mic
INDUSTRIALS,mica
INDUSTRIALS,mikon
INDUSTRIALS,minal
INDUSTRIALS,mintel
INDUSTRIALS,mit
INDUSTRIALS,mmash
INDUSTRIALS,mmer
INDUSTRIALS,modul
INDUSTRIALS,molensk
INDUSTRIALS,mondis
INDUSTRIALS,montazh
INDUSTRIALS,most
INDUSTRIALS,motrans
INDUSTRIALS,mpExTrade
INDUSTRIALS,mperial
INDUSTRIALS,mplekt
INDUSTRIALS,mservice
INDUSTRIALS,mshina
INDUSTRIALS,msnab
INDUSTRIALS,mtechnika
INDUSTRIALS,mtrans
INDUSTRIALS,mtransit
INDUSTRIALS,mum
INDUSTRIALS,n-Broker
INDUSTRIALS,n-Metiz
INDUSTRIALS,n-Service
INDUSTRIALS,nGo
INDUSTRIALS,nLab
INDUSTRIALS,nService
INDUSTRIALS,nTech
INDUSTRIALS,nab
INDUSTRIALS,nagement
INDUSTRIALS,naissance
INDUSTRIALS,nal
INDUSTRIALS,namica
INDUSTRIALS,napac
INDUSTRIALS,national
INDUSTRIALS,nativa
INDUSTRIALS,nburg
INDUSTRIALS,nce
INDUSTRIALS,"ncegroup,"
INDUSTRIALS,ncom
INDUSTRIALS,ncon
INDUSTRIALS,ncons
INDUSTRIALS,ndex.Taxi
INDUSTRIALS,ndika
INDUSTRIALS,ndis
INDUSTRIALS,ndwest
INDUSTRIALS,neftegaz
INDUSTRIALS,neftekhim
INDUSTRIALS,nen
INDUSTRIALS,nental
INDUSTRIALS,nepr
INDUSTRIALS,ner
INDUSTRIALS,nerals
INDUSTRIALS,nergiya
INDUSTRIALS,nergo
INDUSTRIALS,nergoTech
INDUSTRIALS,nergoprom
INDUSTRIALS,net
INDUSTRIALS,"ng,"
INDUSTRIALS,ngar
INDUSTRIALS,ngiTech
INDUSTRIALS,nika
INDUSTRIALS,nilin
INDUSTRIALS,nit
INDUSTRIALS,nitrade
INDUSTRIALS,nitsa
INDUSTRIALS,niye
INDUSTRIALS,nker
INDUSTRIALS,nker-Novo
INDUSTRIALS,nkord
INDUSTRIALS,nmash
INDUSTRIALS,nneftegaz
INDUSTRIALS,nni
INDUSTRIALS,nof
INDUSTRIALS,noflex
INDUSTRIALS,nofrost
INDUSTRIALS,nology
INDUSTRIALS,nopoly
INDUSTRIALS,nordic
INDUSTRIALS,nprom
INDUSTRIALS,nrent
INDUSTRIALS,nsService
INDUSTRIALS,nsServis
INDUSTRIALS,nsalting
INDUSTRIALS,nsit
INDUSTRIALS,nsk
INDUSTRIALS,nsky
INDUSTRIALS,nsstroy
INDUSTRIALS,nstrument
INDUSTRIALS,nsulting
INDUSTRIALS,nt-Stock
INDUSTRIALS,ntainer
INDUSTRIALS,ntal
INDUSTRIALS,ntazh
INDUSTRIALS,ntel
INDUSTRIALS,nter
INDUSTRIALS,ntercomp
INDUSTRIALS,ntervesp
INDUSTRIALS,ntinental
INDUSTRIALS,ntratool
INDUSTRIALS,ntre
INDUSTRIALS,ntrol
INDUSTRIALS,ntsinen
INDUSTRIALS,ntsov
INDUSTRIALS,nval
INDUSTRIALS,nvertor
INDUSTRIALS,nytime
INDUSTRIALS,o-Center
INDUSTRIALS,o-paladin
INDUSTRIALS,oAngar
INDUSTRIALS,oAsia
INDUSTRIALS,oFrost
INDUSTRIALS,oModul
INDUSTRIALS,oPlast
INDUSTRIALS,oPorts
INDUSTRIALS,oSM
INDUSTRIALS,oTech
INDUSTRIALS,oad
INDUSTRIALS,oagregat
INDUSTRIALS,obal
INDUSTRIALS,obaltrans
INDUSTRIALS,obaltruck
INDUSTRIALS,obility
INDUSTRIALS,oblik
INDUSTRIALS,ock
INDUSTRIALS,odar
INDUSTRIALS,odat
INDUSTRIALS,odetal
INDUSTRIALS,odinamica
INDUSTRIALS,odom
INDUSTRIALS,odorstroy
INDUSTRIALS,odul
INDUSTRIALS,oektStroi
INDUSTRIALS,oetalon
INDUSTRIALS,oflex
INDUSTRIALS,ofmodul
INDUSTRIALS,ofrost
INDUSTRIALS,"oft-SG,"
INDUSTRIALS,ofuels
INDUSTRIALS,oginof
INDUSTRIALS,ogistic
INDUSTRIALS,ogistics
INDUSTRIALS,ogsnab
INDUSTRIALS,ogy
INDUSTRIALS,oimarket
INDUSTRIALS,oitehkom
INDUSTRIALS,oject
INDUSTRIALS,oker
INDUSTRIALS,oklass
INDUSTRIALS,okomplekt
INDUSTRIALS,okontrol
INDUSTRIALS,olding
INDUSTRIALS,olensk
INDUSTRIALS,olga
INDUSTRIALS,olgaKaliy
INDUSTRIALS,olipak
INDUSTRIALS,ologistic
INDUSTRIALS,ology
INDUSTRIALS,oly
INDUSTRIALS,om-Tyumen
INDUSTRIALS,om-Ural
INDUSTRIALS,omFlot
INDUSTRIALS,omShina
INDUSTRIALS,omTrans
INDUSTRIALS,ometa
INDUSTRIALS,omintel
INDUSTRIALS,ommash
INDUSTRIALS,omp
INDUSTRIALS,omplekt
INDUSTRIALS,oms
INDUSTRIALS,omservice
INDUSTRIALS,omshina
INDUSTRIALS,omsnab
INDUSTRIALS,omtrans
INDUSTRIALS,on-Broker
INDUSTRIALS,on-Metiz
INDUSTRIALS,onLab
INDUSTRIALS,onal
INDUSTRIALS,ondis
INDUSTRIALS,onit
INDUSTRIALS,onkord
INDUSTRIALS,onmash
INDUSTRIALS,onopoly
INDUSTRIALS,onordic
INDUSTRIALS,ons
INDUSTRIALS,onsalting
INDUSTRIALS,onsulting
INDUSTRIALS,ontainer
INDUSTRIALS,ontazh
INDUSTRIALS,ontrol
INDUSTRIALS,ool
INDUSTRIALS,opac-Yug
INDUSTRIALS,opoly
INDUSTRIALS,oprom
INDUSTRIALS,opromsnab
INDUSTRIALS,opskoe
INDUSTRIALS,or-Lizing
INDUSTRIALS,orMash
INDUSTRIALS,ord
INDUSTRIALS,ordic
INDUSTRIALS,ore
INDUSTRIALS,oriss
INDUSTRIALS,ork
INDUSTRIALS,ormell
INDUSTRIALS,ormic
INDUSTRIALS,ornet
INDUSTRIALS,orodetal
INDUSTRIALS,orry
INDUSTRIALS,orshkov
INDUSTRIALS,orstroy
INDUSTRIALS,ort
INDUSTRIALS,ortehflot
INDUSTRIALS,orth-West
INDUSTRIALS,ortis
INDUSTRIALS,orts
INDUSTRIALS,orund
INDUSTRIALS,orvet
INDUSTRIALS,ory
INDUSTRIALS,osGorMash
INDUSTRIALS,oservis
INDUSTRIALS,ost
INDUSTRIALS,ostroy
INDUSTRIALS,osystems
INDUSTRIALS,"otrading,"
INDUSTRIALS,otrak
INDUSTRIALS,otrans
INDUSTRIALS,ount
INDUSTRIALS,oup
INDUSTRIALS,"oup,"
INDUSTRIALS,ource
INDUSTRIALS,oustic
INDUSTRIALS,oute
INDUSTRIALS,ovComFlot
INDUSTRIALS,ovElectro
INDUSTRIALS,ovaStar
INDUSTRIALS,ovaniye
INDUSTRIALS,ovgaz
INDUSTRIALS,ovo
INDUSTRIALS,ovoPlast
INDUSTRIALS,oygaz
INDUSTRIALS,oykom
INDUSTRIALS,pExTrade
INDUSTRIALS,pac
INDUSTRIALS,pac-Yug
INDUSTRIALS,pak
INDUSTRIALS,paladin
INDUSTRIALS,paul
INDUSTRIALS,pectr
INDUSTRIALS,pen
INDUSTRIALS,perial
INDUSTRIALS,petsk
INDUSTRIALS,pitan
INDUSTRIALS,plekt
INDUSTRIALS,ply
INDUSTRIALS,poly
INDUSTRIALS,pply
INDUSTRIALS,press
INDUSTRIALS,prom
INDUSTRIALS,prom-Ural
INDUSTRIALS,prommash
INDUSTRIALS,promshina
INDUSTRIALS,promsnab
INDUSTRIALS,promtrans
INDUSTRIALS,pskoe
INDUSTRIALS,quidator
INDUSTRIALS,r-Lizing
INDUSTRIALS,r-Novo
INDUSTRIALS,rEnergo
INDUSTRIALS,rGruzAvto
INDUSTRIALS,rMash
INDUSTRIALS,rTech
INDUSTRIALS,rac
INDUSTRIALS,rade
INDUSTRIALS,"rading,"
INDUSTRIALS,rafrigo
INDUSTRIALS,rafter
INDUSTRIALS,rain
INDUSTRIALS,rak
INDUSTRIALS,rakresurs
INDUSTRIALS,ral
INDUSTRIALS,rals
INDUSTRIALS,ralstar
INDUSTRIALS,rancom
INDUSTRIALS,randwest
INDUSTRIALS,rans
INDUSTRIALS,ransit
INDUSTRIALS,ransstroy
INDUSTRIALS,rat
INDUSTRIALS,ratool
INDUSTRIALS,ratsia
INDUSTRIALS,rce
INDUSTRIALS,rcomp
INDUSTRIALS,rdic
INDUSTRIALS,re-Prom
INDUSTRIALS,redo
INDUSTRIALS,regat
INDUSTRIALS,rel-2000
INDUSTRIALS,rella
INDUSTRIALS,rent
INDUSTRIALS,reshStore
INDUSTRIALS,ress
INDUSTRIALS,rest
INDUSTRIALS,resurs
INDUSTRIALS,resvet
INDUSTRIALS,rgiya
INDUSTRIALS,rgo
INDUSTRIALS,rgoModul
INDUSTRIALS,rgoTech
INDUSTRIALS,rgoprom
INDUSTRIALS,rhakko
INDUSTRIALS,ria
INDUSTRIALS,rial
INDUSTRIALS,rib
INDUSTRIALS,ridian
INDUSTRIALS,rigo
INDUSTRIALS,rimer
INDUSTRIALS,rin
INDUSTRIALS,rinburg
INDUSTRIALS,rio
INDUSTRIALS,rioFrost
INDUSTRIALS,risovgaz
INDUSTRIALS,riss
INDUSTRIALS,ristanval
INDUSTRIALS,rket
INDUSTRIALS,rkhetip
INDUSTRIALS,rmada
INDUSTRIALS,rmell
INDUSTRIALS,rmic
INDUSTRIALS,rminal
INDUSTRIALS,rmotrans
INDUSTRIALS,rnational
INDUSTRIALS,rnativa
INDUSTRIALS,rnet
INDUSTRIALS,roAngar
INDUSTRIALS,roAsia
INDUSTRIALS,roagregat
INDUSTRIALS,rodar
INDUSTRIALS,rodat
INDUSTRIALS,rodetal
INDUSTRIALS,roetalon
INDUSTRIALS,rofmodul
INDUSTRIALS,rofuels
INDUSTRIALS,roi
INDUSTRIALS,roimarket
INDUSTRIALS,roitehkom
INDUSTRIALS,roject
INDUSTRIALS,roker
INDUSTRIALS,roklass
INDUSTRIALS,rol
INDUSTRIALS,rom
INDUSTRIALS,rom-Ural
INDUSTRIALS,romShina
INDUSTRIALS,romintel
INDUSTRIALS,rommash
INDUSTRIALS,romshina
INDUSTRIALS,romsnab
INDUSTRIALS,romtrans
INDUSTRIALS,ron
INDUSTRIALS,ron-Metiz
INDUSTRIALS,ronmash
INDUSTRIALS,ronordic
INDUSTRIALS,ropac-Yug
INDUSTRIALS,rost
INDUSTRIALS,rosystems
INDUSTRIALS,rotrak
INDUSTRIALS,roup
INDUSTRIALS,"roup,"
INDUSTRIALS,roy
INDUSTRIALS,roygaz
INDUSTRIALS,roykom
INDUSTRIALS,rrafrigo
INDUSTRIALS,rronordic
INDUSTRIALS,rry
INDUSTRIALS,rsburg
INDUSTRIALS,rservice
INDUSTRIALS,rshkov
INDUSTRIALS,rstad
INDUSTRIALS,rstroy
INDUSTRIALS,rtExpress
INDUSTRIALS,rtGrain
INDUSTRIALS,rtService
INDUSTRIALS,rtavia
INDUSTRIALS,rtech
INDUSTRIALS,rtehflot
INDUSTRIALS,rtek
INDUSTRIALS,rth-West
INDUSTRIALS,rtis
INDUSTRIALS,rton
INDUSTRIALS,rtor
INDUSTRIALS,rtrib
INDUSTRIALS,rts
INDUSTRIALS,rucRoad
INDUSTRIALS,ruck
INDUSTRIALS,rucks
INDUSTRIALS,ruction
INDUSTRIALS,rument
INDUSTRIALS,rund
INDUSTRIALS,rus
INDUSTRIALS,rutline
INDUSTRIALS,ruzAvto
INDUSTRIALS,rvesp
INDUSTRIALS,rvet
INDUSTRIALS,rvice
INDUSTRIALS,rvices
INDUSTRIALS,rvis
INDUSTRIALS,rysmian
INDUSTRIALS,s-Lipetsk
INDUSTRIALS,sGorMash
INDUSTRIALS,sKomTrans
INDUSTRIALS,sLine
INDUSTRIALS,sLogistic
INDUSTRIALS,sService
INDUSTRIALS,sServis
INDUSTRIALS,salting
INDUSTRIALS,sance
INDUSTRIALS,sburg
INDUSTRIALS,scar
INDUSTRIALS,sdorstroy
INDUSTRIALS,service
INDUSTRIALS,servis
INDUSTRIALS,shStore
INDUSTRIALS,shholding
INDUSTRIALS,shina
INDUSTRIALS,shkov
INDUSTRIALS,sia
INDUSTRIALS,sian
INDUSTRIALS,simperial
INDUSTRIALS,sinen
INDUSTRIALS,sional
INDUSTRIALS,sit
INDUSTRIALS,siv
INDUSTRIALS,skan
INDUSTRIALS,skargo
INDUSTRIALS,skoe
INDUSTRIALS,skomtrans
INDUSTRIALS,sky
INDUSTRIALS,smian
INDUSTRIALS,snab
INDUSTRIALS,source
INDUSTRIALS,sov
INDUSTRIALS,sovgaz
INDUSTRIALS,ssance
INDUSTRIALS,ssian
INDUSTRIALS,ssional
INDUSTRIALS,sstroy
INDUSTRIALS,st-East
INDUSTRIALS,sta
INDUSTRIALS,staTrans
INDUSTRIALS,stad
INDUSTRIALS,stanval
INDUSTRIALS,star
INDUSTRIALS,state
INDUSTRIALS,steklo
INDUSTRIALS,stems
INDUSTRIALS,stic
INDUSTRIALS,stics
INDUSTRIALS,stion
INDUSTRIALS,sto
INDUSTRIALS,stoms
INDUSTRIALS,stral
INDUSTRIALS,strella
INDUSTRIALS,stroy
INDUSTRIALS,struction
INDUSTRIALS,strument
INDUSTRIALS,sulting
INDUSTRIALS,supply
INDUSTRIALS,surs
INDUSTRIALS,svet
INDUSTRIALS,syn
INDUSTRIALS,systems
INDUSTRIALS,t-East
INDUSTRIALS,"t-SG,"
INDUSTRIALS,t-Stock
INDUSTRIALS,tExpress
INDUSTRIALS,tGrain
INDUSTRIALS,tResource
INDUSTRIALS,tService
INDUSTRIALS,tStroi
INDUSTRIALS,tTrade
INDUSTRIALS,taTrans
INDUSTRIALS,tad
INDUSTRIALS,tainer
INDUSTRIALS,tal
INDUSTRIALS,talon
INDUSTRIALS,tan
INDUSTRIALS,tanval
INDUSTRIALS,tar
INDUSTRIALS,tate
INDUSTRIALS,tavia
INDUSTRIALS,tazh
INDUSTRIALS,tchina
INDUSTRIALS,td.
INDUSTRIALS,tec
INDUSTRIALS,tech
INDUSTRIALS,tech-Yug
INDUSTRIALS,technika
INDUSTRIALS,tegaz
INDUSTRIALS,tegratsia
INDUSTRIALS,tehflot
INDUSTRIALS,tehkom
INDUSTRIALS,tek
INDUSTRIALS,tekh
INDUSTRIALS,tekhim
INDUSTRIALS,teklo
INDUSTRIALS,teklodom
INDUSTRIALS,tel
INDUSTRIALS,temash
INDUSTRIALS,tems
INDUSTRIALS,tep
INDUSTRIALS,ter
INDUSTRIALS,tercomp
INDUSTRIALS,terinburg
INDUSTRIALS,term
INDUSTRIALS,ternativa
INDUSTRIALS,tersburg
INDUSTRIALS,tervesp
INDUSTRIALS,tex
INDUSTRIALS,th-West
INDUSTRIALS,thcare
INDUSTRIALS,tibunker
INDUSTRIALS,tic
INDUSTRIALS,tics
INDUSTRIALS,tik
INDUSTRIALS,time
INDUSTRIALS,tinental
INDUSTRIALS,ting
INDUSTRIALS,tion
INDUSTRIALS,tional
INDUSTRIALS,tip
INDUSTRIALS,tis
INDUSTRIALS,tiva
INDUSTRIALS,tiz
INDUSTRIALS,tline
INDUSTRIALS,tock
INDUSTRIALS,toms
INDUSTRIALS,ton
INDUSTRIALS,tons
INDUSTRIALS,tool
INDUSTRIALS,tor
INDUSTRIALS,tore
INDUSTRIALS,torodetal
INDUSTRIALS,tory
INDUSTRIALS,toservis
INDUSTRIALS,trade
INDUSTRIALS,"trading,"
INDUSTRIALS,trak
INDUSTRIALS,tral
INDUSTRIALS,trans
INDUSTRIALS,transit
INDUSTRIALS,tratool
INDUSTRIALS,tre
INDUSTRIALS,trella
INDUSTRIALS,trib
INDUSTRIALS,trimer
INDUSTRIALS,tro
INDUSTRIALS,troi
INDUSTRIALS,trol
INDUSTRIALS,tron
INDUSTRIALS,tronmash
INDUSTRIALS,troy
INDUSTRIALS,troygaz
INDUSTRIALS,troykom
INDUSTRIALS,truck
INDUSTRIALS,trucks
INDUSTRIALS,truction
INDUSTRIALS,trument
INDUSTRIALS,tsa
INDUSTRIALS,tsia
INDUSTRIALS,tsinen
INDUSTRIALS,tsk
INDUSTRIALS,tsov
INDUSTRIALS,tsteklo
INDUSTRIALS,tsyn
INDUSTRIALS,tta
INDUSTRIALS,ttekh
INDUSTRIALS,ttrucks
INDUSTRIALS,tyre-Prom
INDUSTRIALS,tytsyn
INDUSTRIALS,u-Fertrib
INDUSTRIALS,ucRoad
INDUSTRIALS,uck
INDUSTRIALS,ucks
INDUSTRIALS,uction
INDUSTRIALS,udit
INDUSTRIALS,udovaniye
INDUSTRIALS,uels
INDUSTRIALS,uidator
INDUSTRIALS,ulting
INDUSTRIALS,umen
INDUSTRIALS,ument
INDUSTRIALS,umit
INDUSTRIALS,und
INDUSTRIALS,unker
INDUSTRIALS,unt
INDUSTRIALS,unter
INDUSTRIALS,"up,"
INDUSTRIALS,upply
INDUSTRIALS,urce
INDUSTRIALS,urg
INDUSTRIALS,uroAngar
INDUSTRIALS,uroAsia
INDUSTRIALS,uroetalon
INDUSTRIALS,urs
INDUSTRIALS,usLine
INDUSTRIALS,ussian
INDUSTRIALS,ustic
INDUSTRIALS,ustoms
INDUSTRIALS,ute
INDUSTRIALS,utech-Yug
INDUSTRIALS,utex
INDUSTRIALS,utline
INDUSTRIALS,uzAvto
INDUSTRIALS,uznitsa
INDUSTRIALS,v-Trans
INDUSTRIALS,vComFlot
INDUSTRIALS,vElectro
INDUSTRIALS,vaStar
INDUSTRIALS,val
INDUSTRIALS,vaniye
INDUSTRIALS,vatsteklo
INDUSTRIALS,ver
INDUSTRIALS,verEnergo
INDUSTRIALS,verest
INDUSTRIALS,vertor
INDUSTRIALS,vesp
INDUSTRIALS,vest
INDUSTRIALS,vet
INDUSTRIALS,vgaz
INDUSTRIALS,via
INDUSTRIALS,viaCenter
INDUSTRIALS,vice
INDUSTRIALS,vices
INDUSTRIALS,vis
INDUSTRIALS,viton
INDUSTRIALS,vizhimost
INDUSTRIALS,voPlast
INDUSTRIALS,vsnab
INDUSTRIALS,vto
INDUSTRIALS,west
INDUSTRIALS,x.Taxi
INDUSTRIALS,xTeam
INDUSTRIALS,xTrade
INDUSTRIALS,ximum
INDUSTRIALS,xpress
INDUSTRIALS,xtons
INDUSTRIALS,y-Service
INDUSTRIALS,yazhMash
INDUSTRIALS,yce-Rus
INDUSTRIALS,ygaz
INDUSTRIALS,ykom
INDUSTRIALS,ykopskoe
INDUSTRIALS,ynapac
INDUSTRIALS,yre-Prom
INDUSTRIALS,ysmian
INDUSTRIALS,ystems
INDUSTRIALS,ytec
INDUSTRIALS,ytime
INDUSTRIALS,ytsyn
INDUSTRIALS,yumen
INDUSTRIALS,zAvto
INDUSTRIALS,zhMash
INDUSTRIALS,zhimost
INDUSTRIALS,zing
INDUSTRIALS,znitsa
INDUSTRIALS,zyce-Rus
INFORMATION TECHNOLOGY,-Astra
INFORMATION TECHNOLOGY,-CENTER
INFORMATION TECHNOLOGY,-DIGITAL
INFORMATION TECHNOLOGY,-ES
INFORMATION TECHNOLOGY,-INFRA
INFORMATION TECHNOLOGY,-INVENT
INFORMATION TECHNOLOGY,-INVEST
INFORMATION TECHNOLOGY,-IP
INFORMATION TECHNOLOGY,-IT
INFORMATION TECHNOLOGY,-LIGHT
INFORMATION TECHNOLOGY,-NEVA
INFORMATION TECHNOLOGY,-PRIBOR
INFORMATION TECHNOLOGY,-PROEKT
INFORMATION TECHNOLOGY,-Pro
INFORMATION TECHNOLOGY,-REGION
INFORMATION TECHNOLOGY,-SENSOR
INFORMATION TECHNOLOGY,-SERVICE
INFORMATION TECHNOLOGY,-SERVIS
INFORMATION TECHNOLOGY,-SETI
INFORMATION TECHNOLOGY,-SISTEMA
INFORMATION TECHNOLOGY,-SP
INFORMATION TECHNOLOGY,-Security
INFORMATION TECHNOLOGY,-Service
INFORMATION TECHNOLOGY,-Servis
INFORMATION TECHNOLOGY,-Systema
INFORMATION TECHNOLOGY,-Systems
INFORMATION TECHNOLOGY,-TECH
INFORMATION TECHNOLOGY,-TECO
INFORMATION TECHNOLOGY,-TEKO
INFORMATION TECHNOLOGY,-TERCOM
INFORMATION TECHNOLOGY,-TO
INFORMATION TECHNOLOGY,-TRADING
INFORMATION TECHNOLOGY,-TSENTR
INFORMATION TECHNOLOGY,-VS
INFORMATION TECHNOLOGY,-com
INFORMATION TECHNOLOGY,-holding
INFORMATION TECHNOLOGY,-project
INFORMATION TECHNOLOGY,.IT
INFORMATION TECHNOLOGY,.MARTY
INFORMATION TECHNOLOGY,.SUPPORT
INFORMATION TECHNOLOGY,00K20
INFORMATION TECHNOLOGY,0K20
INFORMATION TECHNOLOGY,100K20
INFORMATION TECHNOLOGY,A-PRIBOR
INFORMATION TECHNOLOGY,A-REGION
INFORMATION TECHNOLOGY,A-SERVICE
INFORMATION TECHNOLOGY,A-Systems
INFORMATION TECHNOLOGY,ABS
INFORMATION TECHNOLOGY,ABSOLYUT
INFORMATION TECHNOLOGY,ACKER
INFORMATION TECHNOLOGY,ACTI
INFORMATION TECHNOLOGY,ADING
INFORMATION TECHNOLOGY,ADROBOT
INFORMATION TECHNOLOGY,ADT
INFORMATION TECHNOLOGY,AFRESH
INFORMATION TECHNOLOGY,AGA
INFORMATION TECHNOLOGY,AGISOFT
INFORMATION TECHNOLOGY,AIPIT-IP
INFORMATION TECHNOLOGY,AITI
INFORMATION TECHNOLOGY,AKMETRON
INFORMATION TECHNOLOGY,AKONTE
INFORMATION TECHNOLOGY,AKRAT
INFORMATION TECHNOLOGY,AKS
INFORMATION TECHNOLOGY,AKSELOT
INFORMATION TECHNOLOGY,ALA
INFORMATION TECHNOLOGY,ALANS
INFORMATION TECHNOLOGY,ALGONT
INFORMATION TECHNOLOGY,ALLAKS
INFORMATION TECHNOLOGY,ALOGIKA
INFORMATION TECHNOLOGY,ALON
INFORMATION TECHNOLOGY,ALTING
INFORMATION TECHNOLOGY,ALTOR
INFORMATION TECHNOLOGY,AMATICA
INFORMATION TECHNOLOGY,AMBDA
INFORMATION TECHNOLOGY,AMEC-VS
INFORMATION TECHNOLOGY,AMT
INFORMATION TECHNOLOGY,ANDEX
INFORMATION TECHNOLOGY,ANIT
INFORMATION TECHNOLOGY,ANKOM
INFORMATION TECHNOLOGY,ANS
INFORMATION TECHNOLOGY,ANSAS
INFORMATION TECHNOLOGY,ANTECH
INFORMATION TECHNOLOGY,ANY
INFORMATION TECHNOLOGY,ANsystems
INFORMATION TECHNOLOGY,APPORTO
INFORMATION TECHNOLOGY,ARALLAKS
INFORMATION TECHNOLOGY,ARBITEC
INFORMATION TECHNOLOGY,ARD
INFORMATION TECHNOLOGY,ARE
INFORMATION TECHNOLOGY,ARK
INFORMATION TECHNOLOGY,ARMA
INFORMATION TECHNOLOGY,ARSALA
INFORMATION TECHNOLOGY,ARTIUS
INFORMATION TECHNOLOGY,ARTREGION
INFORMATION TECHNOLOGY,ARTTEH
INFORMATION TECHNOLOGY,ARTY
INFORMATION TECHNOLOGY,ARUM
INFORMATION TECHNOLOGY,ARVEL
INFORMATION TECHNOLOGY,ASOFT
INFORMATION TECHNOLOGY,ASP
INFORMATION TECHNOLOGY,ASPERSKY
INFORMATION TECHNOLOGY,ASSE
INFORMATION TECHNOLOGY,AST
INFORMATION TECHNOLOGY,ASTKOM
INFORMATION TECHNOLOGY,ASTRONIUM
INFORMATION TECHNOLOGY,ATAKRAT
INFORMATION TECHNOLOGY,ATE
INFORMATION TECHNOLOGY,ATEL
INFORMATION TECHNOLOGY,ATFORM
INFORMATION TECHNOLOGY,ATFORMIX
INFORMATION TECHNOLOGY,ATFORMS
INFORMATION TECHNOLOGY,ATICA
INFORMATION TECHNOLOGY,ATIKA
INFORMATION TECHNOLOGY,ATION
INFORMATION TECHNOLOGY,ATOL
INFORMATION TECHNOLOGY,ATS
INFORMATION TECHNOLOGY,ATVINTA
INFORMATION TECHNOLOGY,AVALON
INFORMATION TECHNOLOGY,AVE
INFORMATION TECHNOLOGY,AVILEX
INFORMATION TECHNOLOGY,AVIS
INFORMATION TECHNOLOGY,AXELOT-L
INFORMATION TECHNOLOGY,AXOFT
INFORMATION TECHNOLOGY,AYTRANS
INFORMATION TECHNOLOGY,AZ-SERVIS
INFORMATION TECHNOLOGY,Analitika
INFORMATION TECHNOLOGY,Arman
INFORMATION TECHNOLOGY,Armtel
INFORMATION TECHNOLOGY,Astra
INFORMATION TECHNOLOGY,Avilex
INFORMATION TECHNOLOGY,BAL
INFORMATION TECHNOLOGY,BALANS
INFORMATION TECHNOLOGY,BDA
INFORMATION TECHNOLOGY,BERKS
INFORMATION TECHNOLOGY,BEZH
INFORMATION TECHNOLOGY,BITEC
INFORMATION TECHNOLOGY,BITRIX
INFORMATION TECHNOLOGY,BLEGIS
INFORMATION TECHNOLOGY,BOR
INFORMATION TECHNOLOGY,BORLAS
INFORMATION TECHNOLOGY,BOT
INFORMATION TECHNOLOGY,BOTICS
INFORMATION TECHNOLOGY,BROKER
INFORMATION TECHNOLOGY,BSOLYUT
INFORMATION TECHNOLOGY,BTI
INFORMATION TECHNOLOGY,Balans
INFORMATION TECHNOLOGY,Beltel
INFORMATION TECHNOLOGY,Bip
INFORMATION TECHNOLOGY,C-VS
INFORMATION TECHNOLOGY,CAN
INFORMATION TECHNOLOGY,CANTECH
INFORMATION TECHNOLOGY,CARD
INFORMATION TECHNOLOGY,CATION
INFORMATION TECHNOLOGY,CELL
INFORMATION TECHNOLOGY,CENTER
INFORMATION TECHNOLOGY,CES
INFORMATION TECHNOLOGY,CHNOPARK
INFORMATION TECHNOLOGY,CITILINK
INFORMATION TECHNOLOGY,CKER
INFORMATION TECHNOLOGY,CLogic
INFORMATION TECHNOLOGY,COM
INFORMATION TECHNOLOGY,COMPANY
INFORMATION TECHNOLOGY,COMPTEK
INFORMATION TECHNOLOGY,COMPULINK
INFORMATION TECHNOLOGY,COMPUTER
INFORMATION TECHNOLOGY,CONSYST
INFORMATION TECHNOLOGY,CRACKER
INFORMATION TECHNOLOGY,CROTEST
INFORMATION TECHNOLOGY,CS-CENTER
INFORMATION TECHNOLOGY,CSL
INFORMATION TECHNOLOGY,CTEL
INFORMATION TECHNOLOGY,CTI
INFORMATION TECHNOLOGY,CTION
INFORMATION TECHNOLOGY,CTUS.IT
INFORMATION TECHNOLOGY,CUBE
INFORMATION TECHNOLOGY,Card
INFORMATION TECHNOLOGY,Complete
INFORMATION TECHNOLOGY,Compulink
INFORMATION TECHNOLOGY,Consult
INFORMATION TECHNOLOGY,Core
INFORMATION TECHNOLOGY,DATAKRAT
INFORMATION TECHNOLOGY,DCLogic
INFORMATION TECHNOLOGY,DELTA
INFORMATION TECHNOLOGY,DERMAG
INFORMATION TECHNOLOGY,DEX
INFORMATION TECHNOLOGY,DIA
INFORMATION TECHNOLOGY,DIAKONTE
INFORMATION TECHNOLOGY,DIASOFT
INFORMATION TECHNOLOGY,DIGITAL
INFORMATION TECHNOLOGY,DING
INFORMATION TECHNOLOGY,DK-SP
INFORMATION TECHNOLOGY,DMADROBOT
INFORMATION TECHNOLOGY,DOUBLEGIS
INFORMATION TECHNOLOGY,DROBOT
INFORMATION TECHNOLOGY,DSSL
INFORMATION TECHNOLOGY,DSSL-NEVA
INFORMATION TECHNOLOGY,DUCTION
INFORMATION TECHNOLOGY,DZHEKT
INFORMATION TECHNOLOGY,DublGIS
INFORMATION TECHNOLOGY,EALTOR
INFORMATION TECHNOLOGY,EC-VS
INFORMATION TECHNOLOGY,ECH
INFORMATION TECHNOLOGY,ECHNOPARK
INFORMATION TECHNOLOGY,ECO
INFORMATION TECHNOLOGY,ECOM
INFORMATION TECHNOLOGY,ECTEL
INFORMATION TECHNOLOGY,ECTUS.IT
INFORMATION TECHNOLOGY,EDIA
INFORMATION TECHNOLOGY,EDIAKONTE
INFORMATION TECHNOLOGY,EERING
INFORMATION TECHNOLOGY,EFERI
INFORMATION TECHNOLOGY,EGA
INFORMATION TECHNOLOGY,EGAFRESH
INFORMATION TECHNOLOGY,EGION
INFORMATION TECHNOLOGY,EGIS
INFORMATION TECHNOLOGY,EGRUS
INFORMATION TECHNOLOGY,EIS100K20
INFORMATION TECHNOLOGY,EKH
INFORMATION TECHNOLOGY,EKHKONSUR
INFORMATION TECHNOLOGY,EKO
INFORMATION TECHNOLOGY,EKS
INFORMATION TECHNOLOGY,"EKS"""
INFORMATION TECHNOLOGY,EKT
INFORMATION TECHNOLOGY,EL-SERVIS
INFORMATION TECHNOLOGY,ELECOM
INFORMATION TECHNOLOGY,ELECTEL
INFORMATION TECHNOLOGY,ELESY
INFORMATION TECHNOLOGY,ELKO
INFORMATION TECHNOLOGY,ELL
INFORMATION TECHNOLOGY,ELOT
INFORMATION TECHNOLOGY,ELOT-L
INFORMATION TECHNOLOGY,ELOT-TECH
INFORMATION TECHNOLOGY,ELS
INFORMATION TECHNOLOGY,ELT
INFORMATION TECHNOLOGY,ELTA
INFORMATION TECHNOLOGY,EMA
INFORMATION TECHNOLOGY,EMATICA
INFORMATION TECHNOLOGY,EMATIKA
INFORMATION TECHNOLOGY,EMENA
INFORMATION TECHNOLOGY,EMIS
INFORMATION TECHNOLOGY,EMS
INFORMATION TECHNOLOGY,ENA
INFORMATION TECHNOLOGY,ENSOR
INFORMATION TECHNOLOGY,ENT
INFORMATION TECHNOLOGY,ENTER
INFORMATION TECHNOLOGY,ENTR
INFORMATION TECHNOLOGY,ENZO-M
INFORMATION TECHNOLOGY,ENZOR
INFORMATION TECHNOLOGY,EOLAN
INFORMATION TECHNOLOGY,ERCOM
INFORMATION TECHNOLOGY,EREMENA
INFORMATION TECHNOLOGY,ERGOSTROY
INFORMATION TECHNOLOGY,ERI
INFORMATION TECHNOLOGY,ERING
INFORMATION TECHNOLOGY,ERKS
INFORMATION TECHNOLOGY,ERLION
INFORMATION TECHNOLOGY,ERMAG
INFORMATION TECHNOLOGY,ERRA
INFORMATION TECHNOLOGY,ERSKY
INFORMATION TECHNOLOGY,ERVICE
INFORMATION TECHNOLOGY,ERVICES
INFORMATION TECHNOLOGY,ERVIS
INFORMATION TECHNOLOGY,ERWAVE
INFORMATION TECHNOLOGY,ESH
INFORMATION TECHNOLOGY,ESIGHT
INFORMATION TECHNOLOGY,EST
INFORMATION TECHNOLOGY,ESY
INFORMATION TECHNOLOGY,ETCRACKER
INFORMATION TECHNOLOGY,ETCUBE
INFORMATION TECHNOLOGY,ETERRA
INFORMATION TECHNOLOGY,ETI
INFORMATION TECHNOLOGY,ETRON
INFORMATION TECHNOLOGY,ETS
INFORMATION TECHNOLOGY,ETSTEST
INFORMATION TECHNOLOGY,ETWELL
INFORMATION TECHNOLOGY,EVA
INFORMATION TECHNOLOGY,EWEB
INFORMATION TECHNOLOGY,EYF5
INFORMATION TECHNOLOGY,EYLETERRA
INFORMATION TECHNOLOGY,EZH
INFORMATION TECHNOLOGY,Ecosystem
INFORMATION TECHNOLOGY,EleSy
INFORMATION TECHNOLOGY,EleSy-Pro
INFORMATION TECHNOLOGY,F-IT
INFORMATION TECHNOLOGY,FA-PRIBOR
INFORMATION TECHNOLOGY,FERI
INFORMATION TECHNOLOGY,FINET
INFORMATION TECHNOLOGY,FIT
INFORMATION TECHNOLOGY,FOCELL
INFORMATION TECHNOLOGY,FORESIGHT
INFORMATION TECHNOLOGY,FORM
INFORMATION TECHNOLOGY,FORMIX
INFORMATION TECHNOLOGY,FORMS
INFORMATION TECHNOLOGY,FORS
INFORMATION TECHNOLOGY,FORT
INFORMATION TECHNOLOGY,FOSEL
INFORMATION TECHNOLOGY,FOSTROI
INFORMATION TECHNOLOGY,FRA
INFORMATION TECHNOLOGY,FRAMATICA
INFORMATION TECHNOLOGY,FRESH
INFORMATION TECHNOLOGY,FTBALANS
INFORMATION TECHNOLOGY,FTKOM
INFORMATION TECHNOLOGY,FTLINE
INFORMATION TECHNOLOGY,FTWARE
INFORMATION TECHNOLOGY,Factor
INFORMATION TECHNOLOGY,GAFRESH
INFORMATION TECHNOLOGY,GBS
INFORMATION TECHNOLOGY,GHT
INFORMATION TECHNOLOGY,GHTSCAN
INFORMATION TECHNOLOGY,GIES
INFORMATION TECHNOLOGY,GII
INFORMATION TECHNOLOGY,GIKA
INFORMATION TECHNOLOGY,GINEERING
INFORMATION TECHNOLOGY,GINZU
INFORMATION TECHNOLOGY,GION
INFORMATION TECHNOLOGY,GIS
INFORMATION TECHNOLOGY,GISOFT
INFORMATION TECHNOLOGY,GISTIC
INFORMATION TECHNOLOGY,GITAL
INFORMATION TECHNOLOGY,GLOBAL
INFORMATION TECHNOLOGY,GMA
INFORMATION TECHNOLOGY,GONT
INFORMATION TECHNOLOGY,GOSTROY
INFORMATION TECHNOLOGY,GROUP
INFORMATION TECHNOLOGY,GRUS
INFORMATION TECHNOLOGY,GZAS
INFORMATION TECHNOLOGY,Group
INFORMATION TECHNOLOGY,HEKT
INFORMATION TECHNOLOGY,HILOSOPHY
INFORMATION TECHNOLOGY,HITECH
INFORMATION TECHNOLOGY,HKONSUR
INFORMATION TECHNOLOGY,HNOLOGIES
INFORMATION TECHNOLOGY,HNOLOGII
INFORMATION TECHNOLOGY,HNOPARK
INFORMATION TECHNOLOGY,HTADT
INFORMATION TECHNOLOGY,HTSCAN
INFORMATION TECHNOLOGY,I-DIGITAL
INFORMATION TECHNOLOGY,I-TECO
INFORMATION TECHNOLOGY,I-TEKO
INFORMATION TECHNOLOGY,I-TO
INFORMATION TECHNOLOGY,IA-REGION
INFORMATION TECHNOLOGY,IAKONTE
INFORMATION TECHNOLOGY,IASOFT
INFORMATION TECHNOLOGY,IBOR
INFORMATION TECHNOLOGY,IBS
INFORMATION TECHNOLOGY,ICA
INFORMATION TECHNOLOGY,ICARD
INFORMATION TECHNOLOGY,ICATION
INFORMATION TECHNOLOGY,ICE
INFORMATION TECHNOLOGY,ICES
INFORMATION TECHNOLOGY,ICL
INFORMATION TECHNOLOGY,ICROTEST
INFORMATION TECHNOLOGY,ICS
INFORMATION TECHNOLOGY,IDERMAG
INFORMATION TECHNOLOGY,IES
INFORMATION TECHNOLOGY,IFORT
INFORMATION TECHNOLOGY,IGHT
INFORMATION TECHNOLOGY,IGHTSCAN
INFORMATION TECHNOLOGY,IGITAL
INFORMATION TECHNOLOGY,IGMA
INFORMATION TECHNOLOGY,IKA
INFORMATION TECHNOLOGY,ILEX
INFORMATION TECHNOLOGY,ILINK
INFORMATION TECHNOLOGY,ILOSOPHY
INFORMATION TECHNOLOGY,IMA
INFORMATION TECHNOLOGY,IMEWEB
INFORMATION TECHNOLOGY,INC
INFORMATION TECHNOLOGY,INE
INFORMATION TECHNOLOGY,INEERING
INFORMATION TECHNOLOGY,INET
INFORMATION TECHNOLOGY,INFINET
INFORMATION TECHNOLOGY,INFOCELL
INFORMATION TECHNOLOGY,INFORM
INFORMATION TECHNOLOGY,INFOSEL
INFORMATION TECHNOLOGY,INFOSTROI
INFORMATION TECHNOLOGY,INFRA
INFORMATION TECHNOLOGY,ING
INFORMATION TECHNOLOGY,INK
INFORMATION TECHNOLOGY,INKROSS
INFORMATION TECHNOLOGY,INLINE
INFORMATION TECHNOLOGY,INMEDIA
INFORMATION TECHNOLOGY,INPAS
INFORMATION TECHNOLOGY,INTA
INFORMATION TECHNOLOGY,INTEKO
INFORMATION TECHNOLOGY,INTELS
INFORMATION TECHNOLOGY,INTO
INFORMATION TECHNOLOGY,INVENT
INFORMATION TECHNOLOGY,INVEST
INFORMATION TECHNOLOGY,INZU
INFORMATION TECHNOLOGY,ION
INFORMATION TECHNOLOGY,IOT
INFORMATION TECHNOLOGY,IPA
INFORMATION TECHNOLOGY,IPIT-IP
INFORMATION TECHNOLOGY,IPmatika
INFORMATION TECHNOLOGY,IREALTOR
INFORMATION TECHNOLOGY,IRM
INFORMATION TECHNOLOGY,IRS
INFORMATION TECHNOLOGY,IRT
INFORMATION TECHNOLOGY,IS100K20
INFORMATION TECHNOLOGY,ISION
INFORMATION TECHNOLOGY,ISKRA
INFORMATION TECHNOLOGY,ISOFT
INFORMATION TECHNOLOGY,ISTEMA
INFORMATION TECHNOLOGY,ISTIC
INFORMATION TECHNOLOGY,IT-INFRA
INFORMATION TECHNOLOGY,IT-IP
INFORMATION TECHNOLOGY,IT-TERCOM
INFORMATION TECHNOLOGY,ITAL
INFORMATION TECHNOLOGY,ITAS
INFORMATION TECHNOLOGY,ITD
INFORMATION TECHNOLOGY,ITEC
INFORMATION TECHNOLOGY,ITECH
INFORMATION TECHNOLOGY,ITG
INFORMATION TECHNOLOGY,ITI
INFORMATION TECHNOLOGY,ITICARD
INFORMATION TECHNOLOGY,ITILINK
INFORMATION TECHNOLOGY,ITONICA
INFORMATION TECHNOLOGY,ITRIX
INFORMATION TECHNOLOGY,ITRONICS
INFORMATION TECHNOLOGY,ITSoft
INFORMATION TECHNOLOGY,IUM
INFORMATION TECHNOLOGY,IUS
INFORMATION TECHNOLOGY,IVS-SETI
INFORMATION TECHNOLOGY,InfoBip
INFORMATION TECHNOLOGY,Infralink
INFORMATION TECHNOLOGY,K-LIGHT
INFORMATION TECHNOLOGY,K-SP
INFORMATION TECHNOLOGY,K20
INFORMATION TECHNOLOGY,KASPERSKY
INFORMATION TECHNOLOGY,KER
INFORMATION TECHNOLOGY,KHKONSUR
INFORMATION TECHNOLOGY,KHNOLOGII
INFORMATION TECHNOLOGY,KMETRON
INFORMATION TECHNOLOGY,KOM
INFORMATION TECHNOLOGY,KOMITAS
INFORMATION TECHNOLOGY,KONSUR
INFORMATION TECHNOLOGY,KONTE
INFORMATION TECHNOLOGY,KRA
INFORMATION TECHNOLOGY,KRASTKOM
INFORMATION TECHNOLOGY,KRAT
INFORMATION TECHNOLOGY,KROSS
INFORMATION TECHNOLOGY,KROTENZOR
INFORMATION TECHNOLOGY,"KS"""
INFORMATION TECHNOLOGY,KSELOT
INFORMATION TECHNOLOGY,"KTROTEKS"""
INFORMATION TECHNOLOGY,L-NEVA
INFORMATION TECHNOLOGY,L-SERVIS
INFORMATION TECHNOLOGY,L-TRADING
INFORMATION TECHNOLOGY,L.MARTY
INFORMATION TECHNOLOGY,LABS
INFORMATION TECHNOLOGY,LAKS
INFORMATION TECHNOLOGY,LAN
INFORMATION TECHNOLOGY,LANIT
INFORMATION TECHNOLOGY,LANS
INFORMATION TECHNOLOGY,LAS
INFORMATION TECHNOLOGY,LATFORM
INFORMATION TECHNOLOGY,LATFORMIX
INFORMATION TECHNOLOGY,LATFORMS
INFORMATION TECHNOLOGY,LECOM
INFORMATION TECHNOLOGY,LECTEL
INFORMATION TECHNOLOGY,LEGIS
INFORMATION TECHNOLOGY,LEKS
INFORMATION TECHNOLOGY,LESY
INFORMATION TECHNOLOGY,LETERRA
INFORMATION TECHNOLOGY,LEX
INFORMATION TECHNOLOGY,LGONT
INFORMATION TECHNOLOGY,LIFORT
INFORMATION TECHNOLOGY,LIGHT
INFORMATION TECHNOLOGY,LINE
INFORMATION TECHNOLOGY,LINK
INFORMATION TECHNOLOGY,LION
INFORMATION TECHNOLOGY,LKO
INFORMATION TECHNOLOGY,LLAKS
INFORMATION TECHNOLOGY,LOBAL
INFORMATION TECHNOLOGY,LOGIES
INFORMATION TECHNOLOGY,LOGII
INFORMATION TECHNOLOGY,LOGIKA
INFORMATION TECHNOLOGY,LOGISTIC
INFORMATION TECHNOLOGY,LON
INFORMATION TECHNOLOGY,LOSOPHY
INFORMATION TECHNOLOGY,LOT
INFORMATION TECHNOLOGY,LOT-L
INFORMATION TECHNOLOGY,LOT-TECH
INFORMATION TECHNOLOGY,LTA
INFORMATION TECHNOLOGY,LTING
INFORMATION TECHNOLOGY,LTOR
INFORMATION TECHNOLOGY,LYAMBDA
INFORMATION TECHNOLOGY,LYMEDIA
INFORMATION TECHNOLOGY,LYUT
INFORMATION TECHNOLOGY,LZHE
INFORMATION TECHNOLOGY,Labs
INFORMATION TECHNOLOGY,Lanmax
INFORMATION TECHNOLOGY,LifeIT
INFORMATION TECHNOLOGY,Logic
INFORMATION TECHNOLOGY,Ltd
INFORMATION TECHNOLOGY,M-INVEST
INFORMATION TECHNOLOGY,MADROBOT
INFORMATION TECHNOLOGY,MAG
INFORMATION TECHNOLOGY,MALOGIKA
INFORMATION TECHNOLOGY,MARSALA
INFORMATION TECHNOLOGY,MARTIUS
INFORMATION TECHNOLOGY,MARTY
INFORMATION TECHNOLOGY,MARVEL
INFORMATION TECHNOLOGY,MATICA
INFORMATION TECHNOLOGY,MATIKA
INFORMATION TECHNOLOGY,MBDA
INFORMATION TECHNOLOGY,MCSL
INFORMATION TECHNOLOGY,MCT
INFORMATION TECHNOLOGY,MEC-VS
INFORMATION TECHNOLOGY,MEDIA
INFORMATION TECHNOLOGY,MEFERI
INFORMATION TECHNOLOGY,MEGA
INFORMATION TECHNOLOGY,MEGAFRESH
INFORMATION TECHNOLOGY,MELT
INFORMATION TECHNOLOGY,MENA
INFORMATION TECHNOLOGY,MERLION
INFORMATION TECHNOLOGY,METRON
INFORMATION TECHNOLOGY,MEWEB
INFORMATION TECHNOLOGY,MICROTEST
INFORMATION TECHNOLOGY,MIKA
INFORMATION TECHNOLOGY,MIS
INFORMATION TECHNOLOGY,MIT
INFORMATION TECHNOLOGY,MITAS
INFORMATION TECHNOLOGY,MIX
INFORMATION TECHNOLOGY,MKT
INFORMATION TECHNOLOGY,MNI-TO
INFORMATION TECHNOLOGY,MNYI
INFORMATION TECHNOLOGY,MPANY
INFORMATION TECHNOLOGY,MPTEK
INFORMATION TECHNOLOGY,MPULINK
INFORMATION TECHNOLOGY,MPUTER
INFORMATION TECHNOLOGY,MTM
INFORMATION TECHNOLOGY,MUST
INFORMATION TECHNOLOGY,Mallit
INFORMATION TECHNOLOGY,Maykor
INFORMATION TECHNOLOGY,Merlion
INFORMATION TECHNOLOGY,Metran
INFORMATION TECHNOLOGY,NAG
INFORMATION TECHNOLOGY,NAVIS
INFORMATION TECHNOLOGY,NDEX
INFORMATION TECHNOLOGY,NEERING
INFORMATION TECHNOLOGY,NET
INFORMATION TECHNOLOGY,NETCUBE
INFORMATION TECHNOLOGY,NETWELL
INFORMATION TECHNOLOGY,NEVA
INFORMATION TECHNOLOGY,NFINET
INFORMATION TECHNOLOGY,NFOCELL
INFORMATION TECHNOLOGY,NFORM
INFORMATION TECHNOLOGY,NFOSEL
INFORMATION TECHNOLOGY,NFOSTROI
INFORMATION TECHNOLOGY,NFRA
INFORMATION TECHNOLOGY,NI-TO
INFORMATION TECHNOLOGY,NICA
INFORMATION TECHNOLOGY,NICATION
INFORMATION TECHNOLOGY,NICS
INFORMATION TECHNOLOGY,NIT
INFORMATION TECHNOLOGY,NIUM
INFORMATION TECHNOLOGY,NKOM
INFORMATION TECHNOLOGY,NKROSS
INFORMATION TECHNOLOGY,NLINE
INFORMATION TECHNOLOGY,NMEDIA
INFORMATION TECHNOLOGY,NOLOGIES
INFORMATION TECHNOLOGY,NOLOGII
INFORMATION TECHNOLOGY,NOPARK
INFORMATION TECHNOLOGY,NORUS
INFORMATION TECHNOLOGY,NPAS
INFORMATION TECHNOLOGY,NSALTING
INFORMATION TECHNOLOGY,NSAS
INFORMATION TECHNOLOGY,NSHTADT
INFORMATION TECHNOLOGY,NSOR
INFORMATION TECHNOLOGY,NSUR
INFORMATION TECHNOLOGY,NSYST
INFORMATION TECHNOLOGY,NTA
INFORMATION TECHNOLOGY,NTE
INFORMATION TECHNOLOGY,NTECH
INFORMATION TECHNOLOGY,NTEKO
INFORMATION TECHNOLOGY,NTELS
INFORMATION TECHNOLOGY,NTER
INFORMATION TECHNOLOGY,NTO
INFORMATION TECHNOLOGY,NTR
INFORMATION TECHNOLOGY,NVENT
INFORMATION TECHNOLOGY,NVEST
INFORMATION TECHNOLOGY,NVISION
INFORMATION TECHNOLOGY,NYI
INFORMATION TECHNOLOGY,NZO-M
INFORMATION TECHNOLOGY,NZOR
INFORMATION TECHNOLOGY,NZU
INFORMATION TECHNOLOGY,Nexign
INFORMATION TECHNOLOGY,NovaCard
INFORMATION TECHNOLOGY,Nsystems
INFORMATION TECHNOLOGY,O-M
INFORMATION TECHNOLOGY,OBAL
INFORMATION TECHNOLOGY,OBOT
INFORMATION TECHNOLOGY,OBOTICS
INFORMATION TECHNOLOGY,OBROKER
INFORMATION TECHNOLOGY,OCELL
INFORMATION TECHNOLOGY,OCS
INFORMATION TECHNOLOGY,ODUCTION
INFORMATION TECHNOLOGY,ODZHEKT
INFORMATION TECHNOLOGY,OEKT
INFORMATION TECHNOLOGY,OF-IT
INFORMATION TECHNOLOGY,OFT
INFORMATION TECHNOLOGY,OFTBALANS
INFORMATION TECHNOLOGY,OFTKOM
INFORMATION TECHNOLOGY,OFTLINE
INFORMATION TECHNOLOGY,OFTWARE
INFORMATION TECHNOLOGY,OGIES
INFORMATION TECHNOLOGY,OGII
INFORMATION TECHNOLOGY,OGIKA
INFORMATION TECHNOLOGY,OGISTIC
INFORMATION TECHNOLOGY,OKER
INFORMATION TECHNOLOGY,OLAN
INFORMATION TECHNOLOGY,OLIFORT
INFORMATION TECHNOLOGY,OLOGIES
INFORMATION TECHNOLOGY,OLOGII
INFORMATION TECHNOLOGY,OLYMEDIA
INFORMATION TECHNOLOGY,OLYUT
INFORMATION TECHNOLOGY,OLZHE
INFORMATION TECHNOLOGY,OMEGA
INFORMATION TECHNOLOGY,OMITAS
INFORMATION TECHNOLOGY,OMNI-TO
INFORMATION TECHNOLOGY,OMPANY
INFORMATION TECHNOLOGY,OMPTEK
INFORMATION TECHNOLOGY,OMPULINK
INFORMATION TECHNOLOGY,OMPUTER
INFORMATION TECHNOLOGY,ONET
INFORMATION TECHNOLOGY,ONICA
INFORMATION TECHNOLOGY,ONICS
INFORMATION TECHNOLOGY,ONIUM
INFORMATION TECHNOLOGY,ONORUS
INFORMATION TECHNOLOGY,ONSALTING
INFORMATION TECHNOLOGY,ONSHTADT
INFORMATION TECHNOLOGY,ONSUR
INFORMATION TECHNOLOGY,ONSYST
INFORMATION TECHNOLOGY,ONT
INFORMATION TECHNOLOGY,ONTE
INFORMATION TECHNOLOGY,OOO
INFORMATION TECHNOLOGY,OPARK
INFORMATION TECHNOLOGY,OPHY
INFORMATION TECHNOLOGY,OPK
INFORMATION TECHNOLOGY,OPTIMA
INFORMATION TECHNOLOGY,OR-SENSOR
INFORMATION TECHNOLOGY,ORESIGHT
INFORMATION TECHNOLOGY,ORLAS
INFORMATION TECHNOLOGY,ORLEKS
INFORMATION TECHNOLOGY,ORM
INFORMATION TECHNOLOGY,ORMIX
INFORMATION TECHNOLOGY,ORMS
INFORMATION TECHNOLOGY,ORS
INFORMATION TECHNOLOGY,ORT
INFORMATION TECHNOLOGY,ORTO
INFORMATION TECHNOLOGY,ORUS
INFORMATION TECHNOLOGY,OSEL
INFORMATION TECHNOLOGY,OSOPHY
INFORMATION TECHNOLOGY,OSS
INFORMATION TECHNOLOGY,OSTROI
INFORMATION TECHNOLOGY,OSTROY
INFORMATION TECHNOLOGY,OT-L
INFORMATION TECHNOLOGY,OT-TECH
INFORMATION TECHNOLOGY,"OTEKS"""
INFORMATION TECHNOLOGY,OTENZOR
INFORMATION TECHNOLOGY,OTEST
INFORMATION TECHNOLOGY,OTICS
INFORMATION TECHNOLOGY,OUBLEGIS
INFORMATION TECHNOLOGY,OUP
INFORMATION TECHNOLOGY,OVO
INFORMATION TECHNOLOGY,OVOLZHE
INFORMATION TECHNOLOGY,OWEN
INFORMATION TECHNOLOGY,Oldi
INFORMATION TECHNOLOGY,Omega
INFORMATION TECHNOLOGY,OneFactor
INFORMATION TECHNOLOGY,P.T
INFORMATION TECHNOLOGY,PANY
INFORMATION TECHNOLOGY,PARALLAKS
INFORMATION TECHNOLOGY,PARK
INFORMATION TECHNOLOGY,PARMA
INFORMATION TECHNOLOGY,PAS
INFORMATION TECHNOLOGY,PAYTRANS
INFORMATION TECHNOLOGY,PEREMENA
INFORMATION TECHNOLOGY,PERSKY
INFORMATION TECHNOLOGY,PERWAVE
INFORMATION TECHNOLOGY,PETSTEST
INFORMATION TECHNOLOGY,PHY
INFORMATION TECHNOLOGY,PIT-IP
INFORMATION TECHNOLOGY,PLATFORM
INFORMATION TECHNOLOGY,PLATFORMS
INFORMATION TECHNOLOGY,POLIFORT
INFORMATION TECHNOLOGY,POLYMEDIA
INFORMATION TECHNOLOGY,PORT
INFORMATION TECHNOLOGY,PORTO
INFORMATION TECHNOLOGY,POVOLZHE
INFORMATION TECHNOLOGY,PPORT
INFORMATION TECHNOLOGY,PPORTO
INFORMATION TECHNOLOGY,PRIBOR
INFORMATION TECHNOLOGY,PRINTEKO
INFORMATION TECHNOLOGY,PRODZHEKT
INFORMATION TECHNOLOGY,PROEKT
INFORMATION TECHNOLOGY,PROF-IT
INFORMATION TECHNOLOGY,PTEK
INFORMATION TECHNOLOGY,PTIMA
INFORMATION TECHNOLOGY,PULINK
INFORMATION TECHNOLOGY,PUTER
INFORMATION TECHNOLOGY,Pmatika
INFORMATION TECHNOLOGY,Point
INFORMATION TECHNOLOGY,Polymedia
INFORMATION TECHNOLOGY,Positive
INFORMATION TECHNOLOGY,Pro
INFORMATION TECHNOLOGY,R-SENSOR
INFORMATION TECHNOLOGY,R-SERVICE
INFORMATION TECHNOLOGY,RACKER
INFORMATION TECHNOLOGY,RADING
INFORMATION TECHNOLOGY,RALLAKS
INFORMATION TECHNOLOGY,RAMATICA
INFORMATION TECHNOLOGY,RAMEC-VS
INFORMATION TECHNOLOGY,RANS
INFORMATION TECHNOLOGY,RANSAS
INFORMATION TECHNOLOGY,RAPPORTO
INFORMATION TECHNOLOGY,RASSE
INFORMATION TECHNOLOGY,RAST
INFORMATION TECHNOLOGY,RASTKOM
INFORMATION TECHNOLOGY,RAT
INFORMATION TECHNOLOGY,RBITEC
INFORMATION TECHNOLOGY,RCI
INFORMATION TECHNOLOGY,RCOM
INFORMATION TECHNOLOGY,REALTOR
INFORMATION TECHNOLOGY,REGION
INFORMATION TECHNOLOGY,REMENA
INFORMATION TECHNOLOGY,REOLAN
INFORMATION TECHNOLOGY,RESH
INFORMATION TECHNOLOGY,RESIGHT
INFORMATION TECHNOLOGY,RGOSTROY
INFORMATION TECHNOLOGY,RIBOR
INFORMATION TECHNOLOGY,RIGHTSCAN
INFORMATION TECHNOLOGY,RING
INFORMATION TECHNOLOGY,RINTEKO
INFORMATION TECHNOLOGY,RIX
INFORMATION TECHNOLOGY,RKS
INFORMATION TECHNOLOGY,RLAS
INFORMATION TECHNOLOGY,RLEKS
INFORMATION TECHNOLOGY,RLION
INFORMATION TECHNOLOGY,RMA
INFORMATION TECHNOLOGY,RMAG
INFORMATION TECHNOLOGY,RMALOGIKA
INFORMATION TECHNOLOGY,RMIX
INFORMATION TECHNOLOGY,RMS
INFORMATION TECHNOLOGY,RNT
INFORMATION TECHNOLOGY,ROBOT
INFORMATION TECHNOLOGY,ROBOTICS
INFORMATION TECHNOLOGY,ROBROKER
INFORMATION TECHNOLOGY,RODUCTION
INFORMATION TECHNOLOGY,RODZHEKT
INFORMATION TECHNOLOGY,ROEKT
INFORMATION TECHNOLOGY,ROF-IT
INFORMATION TECHNOLOGY,ROI
INFORMATION TECHNOLOGY,ROKER
INFORMATION TECHNOLOGY,RON
INFORMATION TECHNOLOGY,RONICS
INFORMATION TECHNOLOGY,RONIUM
INFORMATION TECHNOLOGY,RONSHTADT
INFORMATION TECHNOLOGY,ROSS
INFORMATION TECHNOLOGY,"ROTEKS"""
INFORMATION TECHNOLOGY,ROTENZOR
INFORMATION TECHNOLOGY,ROTEST
INFORMATION TECHNOLOGY,ROUP
INFORMATION TECHNOLOGY,ROVO
INFORMATION TECHNOLOGY,ROY
INFORMATION TECHNOLOGY,RRA
INFORMATION TECHNOLOGY,RRC
INFORMATION TECHNOLOGY,RRCI
INFORMATION TECHNOLOGY,RSALA
INFORMATION TECHNOLOGY,RSKY
INFORMATION TECHNOLOGY,RT-PROEKT
INFORMATION TECHNOLOGY,RTIUS
INFORMATION TECHNOLOGY,RTO
INFORMATION TECHNOLOGY,RTREGION
INFORMATION TECHNOLOGY,RTSOFT
INFORMATION TECHNOLOGY,RTSoft-ES
INFORMATION TECHNOLOGY,RTTEH
INFORMATION TECHNOLOGY,RTTELECOM
INFORMATION TECHNOLOGY,RTY
INFORMATION TECHNOLOGY,RUBEZH
INFORMATION TECHNOLOGY,RUCARD
INFORMATION TECHNOLOGY,RUM
INFORMATION TECHNOLOGY,RUS
INFORMATION TECHNOLOGY,RUSKO
INFORMATION TECHNOLOGY,RVEL
INFORMATION TECHNOLOGY,RVI
INFORMATION TECHNOLOGY,RVICE
INFORMATION TECHNOLOGY,RVICES
INFORMATION TECHNOLOGY,RVIS
INFORMATION TECHNOLOGY,RWAVE
INFORMATION TECHNOLOGY,Rapporto
INFORMATION TECHNOLOGY,S-CENTER
INFORMATION TECHNOLOGY,S-SETI
INFORMATION TECHNOLOGY,S.IT
INFORMATION TECHNOLOGY,S.SUPPORT
INFORMATION TECHNOLOGY,S100K20
INFORMATION TECHNOLOGY,SAGA
INFORMATION TECHNOLOGY,SALA
INFORMATION TECHNOLOGY,SALTING
INFORMATION TECHNOLOGY,SAS
INFORMATION TECHNOLOGY,SATEL
INFORMATION TECHNOLOGY,SCAN
INFORMATION TECHNOLOGY,SCANTECH
INFORMATION TECHNOLOGY,SEL
INFORMATION TECHNOLOGY,SELECTEL
INFORMATION TECHNOLOGY,SELOT
INFORMATION TECHNOLOGY,SENSOR
INFORMATION TECHNOLOGY,SENTR
INFORMATION TECHNOLOGY,SERVICE
INFORMATION TECHNOLOGY,SERVICES
INFORMATION TECHNOLOGY,SERVIS
INFORMATION TECHNOLOGY,SETI
INFORMATION TECHNOLOGY,SHTADT
INFORMATION TECHNOLOGY,SIDERMAG
INFORMATION TECHNOLOGY,SIGHT
INFORMATION TECHNOLOGY,SIGMA
INFORMATION TECHNOLOGY,SINKROSS
INFORMATION TECHNOLOGY,SINTO
INFORMATION TECHNOLOGY,SION
INFORMATION TECHNOLOGY,SISTEMA
INFORMATION TECHNOLOGY,SITICARD
INFORMATION TECHNOLOGY,SITONICA
INFORMATION TECHNOLOGY,SITRONICS
INFORMATION TECHNOLOGY,SKO
INFORMATION TECHNOLOGY,SKRA
INFORMATION TECHNOLOGY,SKY
INFORMATION TECHNOLOGY,SL-NEVA
INFORMATION TECHNOLOGY,SMARTIUS
INFORMATION TECHNOLOGY,SMIT
INFORMATION TECHNOLOGY,SOFT
INFORMATION TECHNOLOGY,SOFTKOM
INFORMATION TECHNOLOGY,SOFTLINE
INFORMATION TECHNOLOGY,SOFTWARE
INFORMATION TECHNOLOGY,SOLYUT
INFORMATION TECHNOLOGY,SONET
INFORMATION TECHNOLOGY,SONORUS
INFORMATION TECHNOLOGY,SOPHY
INFORMATION TECHNOLOGY,SOR
INFORMATION TECHNOLOGY,SPERSKY
INFORMATION TECHNOLOGY,SPETSTEST
INFORMATION TECHNOLOGY,SSC
INFORMATION TECHNOLOGY,SSE
INFORMATION TECHNOLOGY,SSL
INFORMATION TECHNOLOGY,SSL-NEVA
INFORMATION TECHNOLOGY,SSOFT
INFORMATION TECHNOLOGY,SST
INFORMATION TECHNOLOGY,ST-INVENT
INFORMATION TECHNOLOGY,STARTTEH
INFORMATION TECHNOLOGY,STEMA
INFORMATION TECHNOLOGY,STEMATICA
INFORMATION TECHNOLOGY,STEMATIKA
INFORMATION TECHNOLOGY,STEMS
INFORMATION TECHNOLOGY,STEST
INFORMATION TECHNOLOGY,STIC
INFORMATION TECHNOLOGY,STKOM
INFORMATION TECHNOLOGY,STROI
INFORMATION TECHNOLOGY,STRONIUM
INFORMATION TECHNOLOGY,STROY
INFORMATION TECHNOLOGY,SUPERWAVE
INFORMATION TECHNOLOGY,SUPPORT
INFORMATION TECHNOLOGY,SUR
INFORMATION TECHNOLOGY,SYSSOFT
INFORMATION TECHNOLOGY,SYST
INFORMATION TECHNOLOGY,SYSTEMS
INFORMATION TECHNOLOGY,Satel
INFORMATION TECHNOLOGY,Security
INFORMATION TECHNOLOGY,Selectel
INFORMATION TECHNOLOGY,Service
INFORMATION TECHNOLOGY,Services
INFORMATION TECHNOLOGY,Servis
INFORMATION TECHNOLOGY,Smartway
INFORMATION TECHNOLOGY,Soft
INFORMATION TECHNOLOGY,Soft-ES
INFORMATION TECHNOLOGY,Sy-Pro
INFORMATION TECHNOLOGY,Systema
INFORMATION TECHNOLOGY,Systems
INFORMATION TECHNOLOGY,T-INFRA
INFORMATION TECHNOLOGY,T-INVENT
INFORMATION TECHNOLOGY,T-IP
INFORMATION TECHNOLOGY,T-L
INFORMATION TECHNOLOGY,T-PROEKT
INFORMATION TECHNOLOGY,T-SISTEMA
INFORMATION TECHNOLOGY,T-TECH
INFORMATION TECHNOLOGY,T-TERCOM
INFORMATION TECHNOLOGY,TADT
INFORMATION TECHNOLOGY,TAIPIT-IP
INFORMATION TECHNOLOGY,TAKRAT
INFORMATION TECHNOLOGY,TAL
INFORMATION TECHNOLOGY,TARTTEH
INFORMATION TECHNOLOGY,TAS
INFORMATION TECHNOLOGY,TBALANS
INFORMATION TECHNOLOGY,TCRACKER
INFORMATION TECHNOLOGY,TCUBE
INFORMATION TECHNOLOGY,TEC
INFORMATION TECHNOLOGY,TECH
INFORMATION TECHNOLOGY,TECO
INFORMATION TECHNOLOGY,TECTUS.IT
INFORMATION TECHNOLOGY,TEGRUS
INFORMATION TECHNOLOGY,TEH
INFORMATION TECHNOLOGY,TEK
INFORMATION TECHNOLOGY,TEKH
INFORMATION TECHNOLOGY,TEKO
INFORMATION TECHNOLOGY,"TEKS"""
INFORMATION TECHNOLOGY,TEL
INFORMATION TECHNOLOGY,TELECOM
INFORMATION TECHNOLOGY,TELS
INFORMATION TECHNOLOGY,TEMA
INFORMATION TECHNOLOGY,TEMATICA
INFORMATION TECHNOLOGY,TEMATIKA
INFORMATION TECHNOLOGY,TEMS
INFORMATION TECHNOLOGY,TENZO-M
INFORMATION TECHNOLOGY,TENZOR
INFORMATION TECHNOLOGY,TER
INFORMATION TECHNOLOGY,TERCOM
INFORMATION TECHNOLOGY,TERRA
INFORMATION TECHNOLOGY,TEST
INFORMATION TECHNOLOGY,TFORM
INFORMATION TECHNOLOGY,TFORMIX
INFORMATION TECHNOLOGY,TFORMS
INFORMATION TECHNOLOGY,TIC
INFORMATION TECHNOLOGY,TICA
INFORMATION TECHNOLOGY,TICARD
INFORMATION TECHNOLOGY,TICS
INFORMATION TECHNOLOGY,TIK
INFORMATION TECHNOLOGY,TIKA
INFORMATION TECHNOLOGY,TILINK
INFORMATION TECHNOLOGY,TIMA
INFORMATION TECHNOLOGY,TIMEWEB
INFORMATION TECHNOLOGY,TING
INFORMATION TECHNOLOGY,TION
INFORMATION TECHNOLOGY,TIRS
INFORMATION TECHNOLOGY,TIUS
INFORMATION TECHNOLOGY,TKOM
INFORMATION TECHNOLOGY,TLINE
INFORMATION TECHNOLOGY,TOL
INFORMATION TECHNOLOGY,TONICA
INFORMATION TECHNOLOGY,TOP
INFORMATION TECHNOLOGY,TOR
INFORMATION TECHNOLOGY,TRADING
INFORMATION TECHNOLOGY,TRANS
INFORMATION TECHNOLOGY,TRANSAS
INFORMATION TECHNOLOGY,TRAST
INFORMATION TECHNOLOGY,TREGION
INFORMATION TECHNOLOGY,TREOLAN
INFORMATION TECHNOLOGY,TRIX
INFORMATION TECHNOLOGY,TROI
INFORMATION TECHNOLOGY,TRON
INFORMATION TECHNOLOGY,TRONICS
INFORMATION TECHNOLOGY,TRONIUM
INFORMATION TECHNOLOGY,"TROTEKS"""
INFORMATION TECHNOLOGY,TROY
INFORMATION TECHNOLOGY,TSCAN
INFORMATION TECHNOLOGY,TSENTR
INFORMATION TECHNOLOGY,TSOFT
INFORMATION TECHNOLOGY,TSTEST
INFORMATION TECHNOLOGY,TSoft
INFORMATION TECHNOLOGY,TSoft-ES
INFORMATION TECHNOLOGY,TTEH
INFORMATION TECHNOLOGY,TTELECOM
INFORMATION TECHNOLOGY,TUS.IT
INFORMATION TECHNOLOGY,TVINTA
INFORMATION TECHNOLOGY,TWARE
INFORMATION TECHNOLOGY,TWELL
INFORMATION TECHNOLOGY,Techno
INFORMATION TECHNOLOGY,Traffic
INFORMATION TECHNOLOGY,Transas
INFORMATION TECHNOLOGY,U-TSENTR
INFORMATION TECHNOLOGY,UBE
INFORMATION TECHNOLOGY,UBEZH
INFORMATION TECHNOLOGY,UBLEGIS
INFORMATION TECHNOLOGY,UCARD
INFORMATION TECHNOLOGY,UCB
INFORMATION TECHNOLOGY,UCTION
INFORMATION TECHNOLOGY,ULINK
INFORMATION TECHNOLOGY,UMIKA
INFORMATION TECHNOLOGY,UMNYI
INFORMATION TECHNOLOGY,UNICATION
INFORMATION TECHNOLOGY,UPERWAVE
INFORMATION TECHNOLOGY,UPPORT
INFORMATION TECHNOLOGY,UROBOTICS
INFORMATION TECHNOLOGY,UROVO
INFORMATION TECHNOLOGY,US.IT
INFORMATION TECHNOLOGY,USKO
INFORMATION TECHNOLOGY,USSC
INFORMATION TECHNOLOGY,UST
INFORMATION TECHNOLOGY,UTER
INFORMATION TECHNOLOGY,UZTEKH
INFORMATION TECHNOLOGY,VALON
INFORMATION TECHNOLOGY,VARUM
INFORMATION TECHNOLOGY,VEL
INFORMATION TECHNOLOGY,VENT
INFORMATION TECHNOLOGY,VEST
INFORMATION TECHNOLOGY,VICE
INFORMATION TECHNOLOGY,VICES
INFORMATION TECHNOLOGY,VILEX
INFORMATION TECHNOLOGY,VINTA
INFORMATION TECHNOLOGY,VIRT
INFORMATION TECHNOLOGY,VIS
INFORMATION TECHNOLOGY,VISION
INFORMATION TECHNOLOGY,VOLZHE
INFORMATION TECHNOLOGY,VS-SETI
INFORMATION TECHNOLOGY,WARE
INFORMATION TECHNOLOGY,WARUM
INFORMATION TECHNOLOGY,WAVE
INFORMATION TECHNOLOGY,WEB
INFORMATION TECHNOLOGY,WELL
INFORMATION TECHNOLOGY,WEN
INFORMATION TECHNOLOGY,X-com
INFORMATION TECHNOLOGY,X-holding
INFORMATION TECHNOLOGY,XELOT-L
INFORMATION TECHNOLOGY,XOFT
INFORMATION TECHNOLOGY,YAMBDA
INFORMATION TECHNOLOGY,YANDEX
INFORMATION TECHNOLOGY,YF5
INFORMATION TECHNOLOGY,YLETERRA
INFORMATION TECHNOLOGY,YMEDIA
INFORMATION TECHNOLOGY,YROBROKER
INFORMATION TECHNOLOGY,YSSOFT
INFORMATION TECHNOLOGY,YST
INFORMATION TECHNOLOGY,YSTEMS
INFORMATION TECHNOLOGY,YTRANS
INFORMATION TECHNOLOGY,YU-TSENTR
INFORMATION TECHNOLOGY,YUT
INFORMATION TECHNOLOGY,YUZTEKH
INFORMATION TECHNOLOGY,Z-SERVIS
INFORMATION TECHNOLOGY,ZAS
INFORMATION TECHNOLOGY,ZHE
INFORMATION TECHNOLOGY,ZHEKT
INFORMATION TECHNOLOGY,ZO-M
INFORMATION TECHNOLOGY,ZOR
INFORMATION TECHNOLOGY,ZTEKH
INFORMATION TECHNOLOGY,aCard
INFORMATION TECHNOLOGY,abs
INFORMATION TECHNOLOGY,actor
INFORMATION TECHNOLOGY,affic
INFORMATION TECHNOLOGY,alans
INFORMATION TECHNOLOGY,alink
INFORMATION TECHNOLOGY,alitika
INFORMATION TECHNOLOGY,allit
INFORMATION TECHNOLOGY,anmax
INFORMATION TECHNOLOGY,ans
INFORMATION TECHNOLOGY,ansas
INFORMATION TECHNOLOGY,apporto
INFORMATION TECHNOLOGY,ard
INFORMATION TECHNOLOGY,artway
INFORMATION TECHNOLOGY,atel
INFORMATION TECHNOLOGY,atika
INFORMATION TECHNOLOGY,ation
INFORMATION TECHNOLOGY,auConsult
INFORMATION TECHNOLOGY,aykor
INFORMATION TECHNOLOGY,blGIS
INFORMATION TECHNOLOGY,ces
INFORMATION TECHNOLOGY,ch-Astra
INFORMATION TECHNOLOGY,chno
INFORMATION TECHNOLOGY,ckITSoft
INFORMATION TECHNOLOGY,com
INFORMATION TECHNOLOGY,cosystem
INFORMATION TECHNOLOGY,ctel
INFORMATION TECHNOLOGY,ctor
INFORMATION TECHNOLOGY,ctronika
INFORMATION TECHNOLOGY,cts
INFORMATION TECHNOLOGY,curity
INFORMATION TECHNOLOGY,dia
INFORMATION TECHNOLOGY,ding
INFORMATION TECHNOLOGY,eFactor
INFORMATION TECHNOLOGY,eIT
INFORMATION TECHNOLOGY,eSy
INFORMATION TECHNOLOGY,eSy-Pro
INFORMATION TECHNOLOGY,ech-Astra
INFORMATION TECHNOLOGY,echno
INFORMATION TECHNOLOGY,ect
INFORMATION TECHNOLOGY,ectel
INFORMATION TECHNOLOGY,ectronika
INFORMATION TECHNOLOGY,ects
INFORMATION TECHNOLOGY,ecurity
INFORMATION TECHNOLOGY,edia
INFORMATION TECHNOLOGY,eering
INFORMATION TECHNOLOGY,ega
INFORMATION TECHNOLOGY,egration
INFORMATION TECHNOLOGY,el-Servis
INFORMATION TECHNOLOGY,electel
INFORMATION TECHNOLOGY,eltel
INFORMATION TECHNOLOGY,ema
INFORMATION TECHNOLOGY,ems
INFORMATION TECHNOLOGY,ering
INFORMATION TECHNOLOGY,erlion
INFORMATION TECHNOLOGY,ervice
INFORMATION TECHNOLOGY,ervices
INFORMATION TECHNOLOGY,ervis
INFORMATION TECHNOLOGY,ete
INFORMATION TECHNOLOGY,etran
INFORMATION TECHNOLOGY,exign
INFORMATION TECHNOLOGY,feIT
INFORMATION TECHNOLOGY,ffic
INFORMATION TECHNOLOGY,fiLogic
INFORMATION TECHNOLOGY,fic
INFORMATION TECHNOLOGY,fizika
INFORMATION TECHNOLOGY,foBip
INFORMATION TECHNOLOGY,fralink
INFORMATION TECHNOLOGY,ft-ES
INFORMATION TECHNOLOGY,ftBalans
INFORMATION TECHNOLOGY,gPoint
INFORMATION TECHNOLOGY,gic
INFORMATION TECHNOLOGY,gineering
INFORMATION TECHNOLOGY,gration
INFORMATION TECHNOLOGY,h-Astra
INFORMATION TECHNOLOGY,hiya
INFORMATION TECHNOLOGY,hno
INFORMATION TECHNOLOGY,holding
INFORMATION TECHNOLOGY,iCore
INFORMATION TECHNOLOGY,iLogic
INFORMATION TECHNOLOGY,ice
INFORMATION TECHNOLOGY,ices
INFORMATION TECHNOLOGY,ifeIT
INFORMATION TECHNOLOGY,ign
INFORMATION TECHNOLOGY,ika
INFORMATION TECHNOLOGY,ilex
INFORMATION TECHNOLOGY,ineering
INFORMATION TECHNOLOGY,ing
INFORMATION TECHNOLOGY,ingPoint
INFORMATION TECHNOLOGY,ink
INFORMATION TECHNOLOGY,int
INFORMATION TECHNOLOGY,ion
INFORMATION TECHNOLOGY,itika
INFORMATION TECHNOLOGY,itive
INFORMATION TECHNOLOGY,ity
INFORMATION TECHNOLOGY,ive
INFORMATION TECHNOLOGY,iya
INFORMATION TECHNOLOGY,izika
INFORMATION TECHNOLOGY,ject
INFORMATION TECHNOLOGY,jects
INFORMATION TECHNOLOGY,kITSoft
INFORMATION TECHNOLOGY,kor
INFORMATION TECHNOLOGY,l-Servis
INFORMATION TECHNOLOGY,lGIS
INFORMATION TECHNOLOGY,lans
INFORMATION TECHNOLOGY,ldi
INFORMATION TECHNOLOGY,lding
INFORMATION TECHNOLOGY,leSy
INFORMATION TECHNOLOGY,leSy-Pro
INFORMATION TECHNOLOGY,lectel
INFORMATION TECHNOLOGY,lete
INFORMATION TECHNOLOGY,lex
INFORMATION TECHNOLOGY,link
INFORMATION TECHNOLOGY,lion
INFORMATION TECHNOLOGY,lit
INFORMATION TECHNOLOGY,litika
INFORMATION TECHNOLOGY,llit
INFORMATION TECHNOLOGY,losophiya
INFORMATION TECHNOLOGY,ltel
INFORMATION TECHNOLOGY,lymedia
INFORMATION TECHNOLOGY,man
INFORMATION TECHNOLOGY,martway
INFORMATION TECHNOLOGY,matika
INFORMATION TECHNOLOGY,max
INFORMATION TECHNOLOGY,media
INFORMATION TECHNOLOGY,mega
INFORMATION TECHNOLOGY,mplete
INFORMATION TECHNOLOGY,mpulink
INFORMATION TECHNOLOGY,mtel
INFORMATION TECHNOLOGY,n-Service
INFORMATION TECHNOLOGY,nalitika
INFORMATION TECHNOLOGY,neFactor
INFORMATION TECHNOLOGY,neering
INFORMATION TECHNOLOGY,nfoBip
INFORMATION TECHNOLOGY,nfralink
INFORMATION TECHNOLOGY,ngPoint
INFORMATION TECHNOLOGY,nika
INFORMATION TECHNOLOGY,nmax
INFORMATION TECHNOLOGY,nsas
INFORMATION TECHNOLOGY,nsult
INFORMATION TECHNOLOGY,oBip
INFORMATION TECHNOLOGY,ockITSoft
INFORMATION TECHNOLOGY,ofiLogic
INFORMATION TECHNOLOGY,oft
INFORMATION TECHNOLOGY,oft-ES
INFORMATION TECHNOLOGY,oftBalans
INFORMATION TECHNOLOGY,ogic
INFORMATION TECHNOLOGY,oint
INFORMATION TECHNOLOGY,oject
INFORMATION TECHNOLOGY,ojects
INFORMATION TECHNOLOGY,olding
INFORMATION TECHNOLOGY,olymedia
INFORMATION TECHNOLOGY,omplete
INFORMATION TECHNOLOGY,ompulink
INFORMATION TECHNOLOGY,onika
INFORMATION TECHNOLOGY,onsult
INFORMATION TECHNOLOGY,ophiya
INFORMATION TECHNOLOGY,ore
INFORMATION TECHNOLOGY,orto
INFORMATION TECHNOLOGY,ositive
INFORMATION TECHNOLOGY,osophiya
INFORMATION TECHNOLOGY,osystem
INFORMATION TECHNOLOGY,oup
INFORMATION TECHNOLOGY,ovaCard
INFORMATION TECHNOLOGY,phiya
INFORMATION TECHNOLOGY,plete
INFORMATION TECHNOLOGY,porto
INFORMATION TECHNOLOGY,pporto
INFORMATION TECHNOLOGY,project
INFORMATION TECHNOLOGY,projects
INFORMATION TECHNOLOGY,pulink
INFORMATION TECHNOLOGY,raffic
INFORMATION TECHNOLOGY,ralink
INFORMATION TECHNOLOGY,ran
INFORMATION TECHNOLOGY,ransas
INFORMATION TECHNOLOGY,ration
INFORMATION TECHNOLOGY,ring
INFORMATION TECHNOLOGY,ringPoint
INFORMATION TECHNOLOGY,rity
INFORMATION TECHNOLOGY,rlion
INFORMATION TECHNOLOGY,rman
INFORMATION TECHNOLOGY,rmtel
INFORMATION TECHNOLOGY,rofiLogic
INFORMATION TECHNOLOGY,roject
INFORMATION TECHNOLOGY,rojects
INFORMATION TECHNOLOGY,ronika
INFORMATION TECHNOLOGY,roup
INFORMATION TECHNOLOGY,rto
INFORMATION TECHNOLOGY,rtway
INFORMATION TECHNOLOGY,rvice
INFORMATION TECHNOLOGY,rvices
INFORMATION TECHNOLOGY,rvis
INFORMATION TECHNOLOGY,sas
INFORMATION TECHNOLOGY,sitive
INFORMATION TECHNOLOGY,sophiya
INFORMATION TECHNOLOGY,stem
INFORMATION TECHNOLOGY,stema
INFORMATION TECHNOLOGY,stems
INFORMATION TECHNOLOGY,stra
INFORMATION TECHNOLOGY,sult
INFORMATION TECHNOLOGY,system
INFORMATION TECHNOLOGY,systems
INFORMATION TECHNOLOGY,t-ES
INFORMATION TECHNOLOGY,t-Systema
INFORMATION TECHNOLOGY,t-project
INFORMATION TECHNOLOGY,tBalans
INFORMATION TECHNOLOGY,tegration
INFORMATION TECHNOLOGY,tel
INFORMATION TECHNOLOGY,tem
INFORMATION TECHNOLOGY,tema
INFORMATION TECHNOLOGY,tems
INFORMATION TECHNOLOGY,tika
INFORMATION TECHNOLOGY,tion
INFORMATION TECHNOLOGY,tive
INFORMATION TECHNOLOGY,tor
INFORMATION TECHNOLOGY,tprojects
INFORMATION TECHNOLOGY,tra
INFORMATION TECHNOLOGY,tran
INFORMATION TECHNOLOGY,tronika
INFORMATION TECHNOLOGY,tway
INFORMATION TECHNOLOGY,uConsult
INFORMATION TECHNOLOGY,ublGIS
INFORMATION TECHNOLOGY,ulink
INFORMATION TECHNOLOGY,ult
INFORMATION TECHNOLOGY,urity
INFORMATION TECHNOLOGY,vaCard
INFORMATION TECHNOLOGY,vice
INFORMATION TECHNOLOGY,vices
INFORMATION TECHNOLOGY,vilex
INFORMATION TECHNOLOGY,vis
INFORMATION TECHNOLOGY,way
INFORMATION TECHNOLOGY,xign
INFORMATION TECHNOLOGY,y-Pro
INFORMATION TECHNOLOGY,ykor
INFORMATION TECHNOLOGY,ymedia
INFORMATION TECHNOLOGY,ystem
INFORMATION TECHNOLOGY,ystema
INFORMATION TECHNOLOGY,ystems
INFORMATION TECHNOLOGY,zika
MATERIALS,'INTEKS
MATERIALS,'PARI
MATERIALS,'SKII
MATERIALS,'TA
MATERIALS,'TEK
MATERIALS,'TRANS
MATERIALS,'VA
MATERIALS,-107
MATERIALS,-14
MATERIALS,-AGRO
MATERIALS,-AKTIV
MATERIALS,-ALABUGA
MATERIALS,-ALPROF
MATERIALS,-AVTO
MATERIALS,-BETON
MATERIALS,-BMU
MATERIALS,-BRUCITE
MATERIALS,-BZEM
MATERIALS,-Brucite
MATERIALS,-CENTR
MATERIALS,-CHEMIE
MATERIALS,-CN
MATERIALS,-COMPLECT
MATERIALS,-Center
MATERIALS,-Chimia
MATERIALS,-Chimprom
MATERIALS,-Cord
MATERIALS,-DON
MATERIALS,-EKSPERT
MATERIALS,-ENERGIYA
MATERIALS,-FINANCE
MATERIALS,-FINANS
MATERIALS,-FLEKS
MATERIALS,-FLEXO
MATERIALS,-GEM-HOLZ
MATERIALS,-GRAND
MATERIALS,-GROUP
MATERIALS,-GRUPP
MATERIALS,-GYPS
MATERIALS,-Group
MATERIALS,-HOLZ
MATERIALS,-INDASTRI
MATERIALS,-INFOCOM
MATERIALS,-INVEST
MATERIALS,-IRTYSH
MATERIALS,-Invest
MATERIALS,-KALUGA
MATERIALS,-KEYPITL
MATERIALS,-KHIM
MATERIALS,-KHOLOD
MATERIALS,-KHORS
MATERIALS,-KOK
MATERIALS,-KOLYMA
MATERIALS,-KONSALT
MATERIALS,-KOUTINGS
MATERIALS,-KS
MATERIALS,-KUBAN
MATERIALS,-KURSK
MATERIALS,-Kholod
MATERIALS,-LES
MATERIALS,-LIPETSK
MATERIALS,-LMZ
MATERIALS,-LYS'VA
MATERIALS,-Les
MATERIALS,-MAKSIMUM
MATERIALS,-MASTER
MATERIALS,-METAL
MATERIALS,-METIZ
MATERIALS,-MINING
MATERIALS,-MONOLIT
MATERIALS,-Metal
MATERIALS,-NANO
MATERIALS,-NN
MATERIALS,-NT
MATERIALS,-OB'
MATERIALS,-OIL
MATERIALS,-OREL
MATERIALS,-PAK
MATERIALS,-PLAST
MATERIALS,-PM
MATERIALS,-POLIGRAF
MATERIALS,-PRESS
MATERIALS,-PROM
MATERIALS,-Pack
MATERIALS,-Pak
MATERIALS,-Plast
MATERIALS,-Polychem
MATERIALS,-REGION
MATERIALS,-REIL
MATERIALS,-RESURS
MATERIALS,-RT
MATERIALS,-RUSSLAND
MATERIALS,-Ru
MATERIALS,-Rusta
MATERIALS,-SERVICE
MATERIALS,-SERVIS
MATERIALS,-SI-REIL
MATERIALS,-SIBIR
MATERIALS,-SIBIR'
MATERIALS,-SIGA
MATERIALS,-SKO
MATERIALS,-SLPK
MATERIALS,-SPB
MATERIALS,-SS
MATERIALS,-STEEL
MATERIALS,-STIL.MK
MATERIALS,-STOLITSA
MATERIALS,-STROI
MATERIALS,-STROY
MATERIALS,-Service
MATERIALS,-Siltech
MATERIALS,-TAMBOV
MATERIALS,-TELEKOM
MATERIALS,-TNP
MATERIALS,-TRADE
MATERIALS,-TRANS
MATERIALS,-TREID
MATERIALS,-TREYD
MATERIALS,-TROTUAR
MATERIALS,-TSEMENT
MATERIALS,-TSENTR
MATERIALS,-Trade
MATERIALS,-UGLESBYT
MATERIALS,-UNITY
MATERIALS,-UPAK
MATERIALS,-URAL
MATERIALS,-URALSIB
MATERIALS,-Ural
MATERIALS,-VOLGA
MATERIALS,-VORONEZH
MATERIALS,-VOSTOK
MATERIALS,-VTORMET
MATERIALS,-VTR
MATERIALS,-Vzryv
MATERIALS,-WOOD
MATERIALS,-YUG
MATERIALS,-ZPR
MATERIALS,-les
MATERIALS,.ANTIKOR
MATERIALS,.COM
MATERIALS,.I.
MATERIALS,.M.
MATERIALS,.MK
MATERIALS,.N.
MATERIALS,.RU
MATERIALS,.S.N.
MATERIALS,.T.I.
MATERIALS,016
MATERIALS,107
MATERIALS,2016
MATERIALS,A-BRUCITE
MATERIALS,A-F
MATERIALS,A-FINANS
MATERIALS,A-INVEST
MATERIALS,A-LES
MATERIALS,A-M
MATERIALS,A-METAL
MATERIALS,A-PAK
MATERIALS,A-PLAST
MATERIALS,A-S
MATERIALS,A-SERVICE
MATERIALS,A-SLPK
MATERIALS,A-STEEL
MATERIALS,A-TREYD
MATERIALS,A-VOSTOK
MATERIALS,A-VTR
MATERIALS,A.M.
MATERIALS,AAA
MATERIALS,ABCENTR
MATERIALS,ABINOVOYE
MATERIALS,ABINSKII
MATERIALS,ABUGA
MATERIALS,ABZ-107
MATERIALS,ABZENIE
MATERIALS,ABZHENIE
MATERIALS,ACEM
MATERIALS,ACH
MATERIALS,ACHERMET
MATERIALS,ACK
MATERIALS,ACKAGING
MATERIALS,ACUMPAK
MATERIALS,"AD,"
MATERIALS,AD-OIL
MATERIALS,ADA
MATERIALS,ADAKRIL
MATERIALS,ADCEMENT
MATERIALS,ADE
MATERIALS,ADENSO
MATERIALS,ADERA
MATERIALS,ADESIGN
MATERIALS,ADING
MATERIALS,ADK
MATERIALS,ADRA
MATERIALS,ADSKAYA
MATERIALS,ADSKY
MATERIALS,ADYNEA
MATERIALS,AFD
MATERIALS,AFILMS
MATERIALS,AFIN
MATERIALS,AFLEKS
MATERIALS,AFLEX
MATERIALS,AFRAX
MATERIALS,AFT
MATERIALS,AFTIU
MATERIALS,AGA-S
MATERIALS,AGEMENT
MATERIALS,AGING
MATERIALS,AGIRA
MATERIALS,AGIRA-M
MATERIALS,AGRARNIK
MATERIALS,AGRITECH
MATERIALS,AGRO
MATERIALS,AGRO-DON
MATERIALS,AGRO-OREL
MATERIALS,AGROGARD
MATERIALS,AGRONOVA
MATERIALS,AGROPAK
MATERIALS,AGROSFERA
MATERIALS,AGROTARA
MATERIALS,AHIM
MATERIALS,AHTA
MATERIALS,AI-FLEKS
MATERIALS,AID
MATERIALS,AIF
MATERIALS,AIGA
MATERIALS,AILES
MATERIALS,AIN
MATERIALS,AINING
MATERIALS,AINS
MATERIALS,AISHEVO
MATERIALS,AITARA
MATERIALS,AIVERKHOT
MATERIALS,AIZ
MATERIALS,AJUR
MATERIALS,AK-FLEKS
MATERIALS,AKA
MATERIALS,AKHIM
MATERIALS,AKOFF
MATERIALS,AKPRINT
MATERIALS,AKRIL
MATERIALS,AKS
MATERIALS,AKSIMUM
MATERIALS,AKT
MATERIALS,AKTIV
MATERIALS,AKTIVSNAB
MATERIALS,AKTORIYA
MATERIALS,AKY
MATERIALS,AL'
MATERIALS,AL'INTEKS
MATERIALS,AL'PARI
MATERIALS,AL'SKII
MATERIALS,AL'T
MATERIALS,AL'TEK
MATERIALS,AL'TRANS
MATERIALS,AL-GYPS
MATERIALS,AL-KHORS
MATERIALS,AL-LYS'VA
MATERIALS,AL-M
MATERIALS,AL-PM
MATERIALS,AL-SKO
MATERIALS,AL-TRADE
MATERIALS,AL5
MATERIALS,ALA
MATERIALS,ALABUGA
MATERIALS,ALASBEST
MATERIALS,ALCHEM
MATERIALS,ALDOLOMIT
MATERIALS,ALDOSA
MATERIALS,ALEINIKEL
MATERIALS,ALES
MATERIALS,ALESDREV
MATERIALS,ALESPROM
MATERIALS,ALEWAVE
MATERIALS,ALGRIT
MATERIALS,ALI
MATERIALS,ALIT
MATERIALS,ALIY
MATERIALS,ALKALI
MATERIALS,ALKALIY
MATERIALS,ALKHIM
MATERIALS,ALKO
MATERIALS,ALKOM
MATERIALS,ALKUM
MATERIALS,ALL
MATERIALS,ALLESPROM
MATERIALS,ALLIST
MATERIALS,ALLIT
MATERIALS,ALLPROM
MATERIALS,ALLSNAB
MATERIALS,ALLTRADE
MATERIALS,ALMAZ
MATERIALS,ALMET
MATERIALS,ALMETPROM
MATERIALS,ALMOST
MATERIALS,ALPAK
MATERIALS,ALPLASTIK
MATERIALS,ALPOLIMER
MATERIALS,ALPROF
MATERIALS,ALRESURS
MATERIALS,ALRIDGE
MATERIALS,ALROSA
MATERIALS,ALS
MATERIALS,ALSERVIS
MATERIALS,ALSIB
MATERIALS,ALSKO
MATERIALS,ALT
MATERIALS,ALTAILES
MATERIALS,ALTAITARA
MATERIALS,ALTECH
MATERIALS,ALTEK
MATERIALS,ALTEX
MATERIALS,ALTRANS
MATERIALS,ALTREID
MATERIALS,ALTYEK
MATERIALS,ALUGA
MATERIALS,ALWOOD
MATERIALS,AMAK
MATERIALS,AMAX
MATERIALS,AMBOV
MATERIALS,AMEN
MATERIALS,AMENT
MATERIALS,AMG
MATERIALS,AMGOLD
MATERIALS,AMI
MATERIALS,AMIK
MATERIALS,AMIKA
MATERIALS,AMINOHIM
MATERIALS,AMIST
MATERIALS,AMISTRE
MATERIALS,AMKAT
MATERIALS,AMMIN
MATERIALS,AMOREKS
MATERIALS,AMORI
MATERIALS,ANAFILMS
MATERIALS,ANAFLEKS
MATERIALS,ANAFLEX
MATERIALS,ANAGEMENT
MATERIALS,ANCE
MATERIALS,ANCHIK
MATERIALS,AND
MATERIALS,ANDROVSKY
MATERIALS,ANEX
MATERIALS,ANG-SIBIR
MATERIALS,ANGARD
MATERIALS,ANGAROO
MATERIALS,ANGK
MATERIALS,ANGOLD
MATERIALS,ANIE
MATERIALS,ANIKA
MATERIALS,ANIT
MATERIALS,ANKAN
MATERIALS,ANKOM
MATERIALS,ANLAIN
MATERIALS,ANN
MATERIALS,ANO
MATERIALS,ANOBR
MATERIALS,ANOTEKH
MATERIALS,ANPLIT
MATERIALS,ANS
MATERIALS,ANS-STROI
MATERIALS,ANSCEMENT
MATERIALS,ANSK
MATERIALS,ANSLES
MATERIALS,ANSMETALL
MATERIALS,ANSPORT
MATERIALS,ANSSTROY
MATERIALS,ANT
MATERIALS,ANTAR
MATERIALS,ANTIKOR
MATERIALS,ANY
MATERIALS,ANZOLOTO
MATERIALS,ANZOR
MATERIALS,APAD
MATERIALS,APATIT
MATERIALS,APEI
MATERIALS,APER
MATERIALS,APH
MATERIALS,APIER
MATERIALS,APITAL
MATERIALS,APLAST
MATERIALS,APMETALL
MATERIALS,APRELKOVO
MATERIALS,APRO
MATERIALS,ARA
MATERIALS,ARAMIST
MATERIALS,ARANT
MATERIALS,ARAT
MATERIALS,ARATELI
MATERIALS,ARBOGLASS
MATERIALS,ARBOKAM
MATERIALS,ARBOLIT
MATERIALS,ARBON
MATERIALS,ARD
MATERIALS,ARDINAL
MATERIALS,ARELKAMEN
MATERIALS,AREV
MATERIALS,ARI
MATERIALS,ARITET
MATERIALS,ARKADA
MATERIALS,ARKET
MATERIALS,ARKETING
MATERIALS,ARKHBUM
MATERIALS,ARKLI
MATERIALS,ARKTIKA
MATERIALS,ARLOU
MATERIALS,ARMENS
MATERIALS,ARMZ
MATERIALS,ARNIK
MATERIALS,AROO
MATERIALS,AROSLAVL
MATERIALS,AROVIT
MATERIALS,ARS-2
MATERIALS,ARSENAL
MATERIALS,ART
MATERIALS,ART-ZPR
MATERIALS,ARTAMENT
MATERIALS,ARTFLEX
MATERIALS,ARTICENTR
MATERIALS,ARTNER
MATERIALS,ARTNERS
MATERIALS,ARTNERY
MATERIALS,ARTON
MATERIALS,ARTONSNAB
MATERIALS,ARUDA
MATERIALS,ARUSINO
MATERIALS,ASBEST
MATERIALS,ASF
MATERIALS,ASFAL'T
MATERIALS,ASH
MATERIALS,ASHALKO
MATERIALS,ASHCHITA
MATERIALS,ASHCOPPER
MATERIALS,ASHPLAST
MATERIALS,ASHPROM
MATERIALS,ASHSTAL'
MATERIALS,ASIA
MATERIALS,ASKO
MATERIALS,ASO
MATERIALS,ASPADSKY
MATERIALS,ASS
MATERIALS,ASSKOYE
MATERIALS,AST
MATERIALS,AST-OB'
MATERIALS,ASTER
MATERIALS,ASTICS
MATERIALS,ASTIK
MATERIALS,ASTIMA
MATERIALS,ASTINVEST
MATERIALS,ASTKOM
MATERIALS,ASTRI
MATERIALS,ATA
MATERIALS,ATAKT
MATERIALS,ATBER-M
MATERIALS,ATEC
MATERIALS,ATEGIYA
MATERIALS,ATEK
MATERIALS,ATEL
MATERIALS,ATELI
MATERIALS,ATEP
MATERIALS,ATINA
MATERIALS,ATINGS
MATERIALS,ATINUM
MATERIALS,ATION
MATERIALS,ATIT
MATERIALS,ATIVA
MATERIALS,ATLANT
MATERIALS,ATMASH
MATERIALS,ATON
MATERIALS,ATOR
MATERIALS,ATSII
MATERIALS,ATT
MATERIALS,ATTEN
MATERIALS,ATTIKA
MATERIALS,ATZ
MATERIALS,AUGOL
MATERIALS,AUSTIK
MATERIALS,AVA
MATERIALS,AVA-TREYD
MATERIALS,AVANGARD
MATERIALS,AVE
MATERIALS,AVERS
MATERIALS,AVGUST
MATERIALS,AVKA
MATERIALS,AVL
MATERIALS,AVROLEN
MATERIALS,AVROPOL'
MATERIALS,AVTO
MATERIALS,AVTOMOLIT
MATERIALS,AVTOSNAB
MATERIALS,AVURE
MATERIALS,AX-UNITY
MATERIALS,AXPLEN
MATERIALS,AYA
MATERIALS,AYAKPRINT
MATERIALS,AYNITEK
MATERIALS,AYTERRA
MATERIALS,AZDETAL
MATERIALS,AZGEOBUR
MATERIALS,AZH
MATERIALS,AZH2
MATERIALS,AZHOLDING
MATERIALS,AZOS
MATERIALS,AZOT
MATERIALS,AZPK
MATERIALS,AZRESURS
MATERIALS,AZUGOL
MATERIALS,Agro
MATERIALS,Akrilan
MATERIALS,Akvatek
MATERIALS,Alpla
MATERIALS,Amet
MATERIALS,Avalon-S
MATERIALS,Azot
MATERIALS,BAGIRA
MATERIALS,BAGIRA-M
MATERIALS,BALKUM
MATERIALS,BALT
MATERIALS,BALTEX
MATERIALS,BALTRANS
MATERIALS,BAN
MATERIALS,BARAMIST
MATERIALS,BARS-2
MATERIALS,BASF
MATERIALS,BASHALKO
MATERIALS,BASHPLAST
MATERIALS,BASS
MATERIALS,BC-Ural
MATERIALS,BCENTR
MATERIALS,BCO
MATERIALS,BEATON
MATERIALS,BEDINSKY
MATERIALS,BEKBORN
MATERIALS,BELTRANS
MATERIALS,BENTONIT
MATERIALS,BER-M
MATERIALS,BER-PRESS
MATERIALS,BERGER
MATERIALS,BERLAIN
MATERIALS,BERSTEEL
MATERIALS,BERWOOD
MATERIALS,BEST
MATERIALS,BETON
MATERIALS,BGRP
MATERIALS,BI-5
MATERIALS,BIAXPLEN
MATERIALS,BIDZHER
MATERIALS,BIG
MATERIALS,BILEINAYA
MATERIALS,BINA
MATERIALS,BINOVOYE
MATERIALS,BINSKII
MATERIALS,BIO-KHIM
MATERIALS,BIOLAIN
MATERIALS,BIOPLAST
MATERIALS,BIR
MATERIALS,BIR'
MATERIALS,BIRIT-3
MATERIALS,BIRSK
MATERIALS,BIT
MATERIALS,BITA
MATERIALS,BITA-F
MATERIALS,BITUMIKS
MATERIALS,BITUNOVA
MATERIALS,BIZNES
MATERIALS,BK-ALPROF
MATERIALS,BK-INVEST
MATERIALS,BLOCK
MATERIALS,BLOK-YUG
MATERIALS,BMASH
MATERIALS,BMKH
MATERIALS,BMU
MATERIALS,BODETAL
MATERIALS,BOGLASS
MATERIALS,BOKAM
MATERIALS,BOLIT
MATERIALS,BON
MATERIALS,BOR-SPB
MATERIALS,BORN
MATERIALS,BORSK-LES
MATERIALS,BOV
MATERIALS,BRASKO
MATERIALS,BRIDZH
MATERIALS,BROKER
MATERIALS,BRUCITE
MATERIALS,BSZ
MATERIALS,BTARA
MATERIALS,BTS
MATERIALS,BTZ
MATERIALS,BUGA
MATERIALS,BUM
MATERIALS,BUMAGA-S
MATERIALS,BUMPROM
MATERIALS,BUR
MATERIALS,BUR-RT
MATERIALS,BURG
MATERIALS,BUS
MATERIALS,BUSINESS
MATERIALS,BUZH
MATERIALS,BYT
MATERIALS,BYTKHIM
MATERIALS,BZ-107
MATERIALS,BZEM
MATERIALS,BZENIE
MATERIALS,BZHB
MATERIALS,BZHENIE
MATERIALS,Bitumiks
MATERIALS,Brucite
MATERIALS,BytHim
MATERIALS,C-TELEKOM
MATERIALS,C-Ural
MATERIALS,C.COM
MATERIALS,CA-SLPK
MATERIALS,CALRIDGE
MATERIALS,CAMENT
MATERIALS,CAPITAL
MATERIALS,CARBON
MATERIALS,CBK
MATERIALS,CEM
MATERIALS,CEMENT
MATERIALS,CENTR
MATERIALS,CENTRE-KS
MATERIALS,CES
MATERIALS,CHEL
MATERIALS,CHEL-KOK
MATERIALS,CHELPIPE
MATERIALS,CHEM
MATERIALS,CHEMICO
MATERIALS,CHEMIE
MATERIALS,CHEMILINE
MATERIALS,CHEMK
MATERIALS,CHEMMET
MATERIALS,CHEMTRADE
MATERIALS,CHERMET
MATERIALS,CHESKI
MATERIALS,CHHZ
MATERIALS,CHI
MATERIALS,CHIK
MATERIALS,CHIMPLAST
MATERIALS,CHIMTEC
MATERIALS,CHIMTEK
MATERIALS,CHITA
MATERIALS,CHIV
MATERIALS,CHIV-PROM
MATERIALS,CHTPZ
MATERIALS,CHUKOTKA
MATERIALS,CHZMK
MATERIALS,CHZT
MATERIALS,CIENCES
MATERIALS,CITE
MATERIALS,CKAGING
MATERIALS,CMA
MATERIALS,CMP
MATERIALS,CMaT
MATERIALS,COATINGS
MATERIALS,COGREEN
MATERIALS,COKE
MATERIALS,COLAB
MATERIALS,COM
MATERIALS,COMPANY
MATERIALS,COMPLECT
MATERIALS,CON
MATERIALS,CONFLEX
MATERIALS,COPPER
MATERIALS,CORSUS
MATERIALS,CRAFT
MATERIALS,CTION
MATERIALS,CTSTROY
MATERIALS,CUMPAK
MATERIALS,CURITIES
MATERIALS,CYBERWOOD
MATERIALS,CZP
MATERIALS,Capital
MATERIALS,Cell
MATERIALS,Cement
MATERIALS,Center
MATERIALS,Cesla
MATERIALS,ChFMK
MATERIALS,ChPZ
MATERIALS,Chem-BMU
MATERIALS,Chimia
MATERIALS,Chimprom
MATERIALS,Composit
MATERIALS,Con-Cord
MATERIALS,Cord
MATERIALS,D-CN
MATERIALS,D-MASTER
MATERIALS,D-OIL
MATERIALS,DAKRIL
MATERIALS,DAL
MATERIALS,DALEWAVE
MATERIALS,DAN
MATERIALS,DANAFILMS
MATERIALS,DANAFLEKS
MATERIALS,DANAFLEX
MATERIALS,DAR
MATERIALS,DASKO
MATERIALS,DASTRI
MATERIALS,DCEMENT
MATERIALS,DDSK
MATERIALS,DEAL
MATERIALS,DEKART
MATERIALS,DEKOM
MATERIALS,DEKORATOR
MATERIALS,DEL'TA
MATERIALS,DELITI
MATERIALS,DELTA-PAK
MATERIALS,DEMIDOV
MATERIALS,DENSET
MATERIALS,DENSO
MATERIALS,DER-M
MATERIALS,DERA
MATERIALS,DERHOLZ
MATERIALS,DESIGN
MATERIALS,DETAL
MATERIALS,DGE
MATERIALS,DIAL
MATERIALS,DINAL
MATERIALS,DING
MATERIALS,DINSKY
MATERIALS,DINUR
MATERIALS,DINVEST
MATERIALS,DIXI
MATERIALS,DIZAIN
MATERIALS,DKERAMIKA
MATERIALS,DKMP
MATERIALS,DMET
MATERIALS,DNIK
MATERIALS,DNYI
MATERIALS,DO-PAK
MATERIALS,DOLOMIT
MATERIALS,DOMSTROI
MATERIALS,DOMSTROY
MATERIALS,DON
MATERIALS,DORF
MATERIALS,DOSA
MATERIALS,DOV
MATERIALS,DOVANIE
MATERIALS,DPP
MATERIALS,DPZ
MATERIALS,DRA
MATERIALS,DREV
MATERIALS,DROVSKY
MATERIALS,DROZO
MATERIALS,DSK
MATERIALS,DSKAYA
MATERIALS,DSKY
MATERIALS,DSZ
MATERIALS,DTREID
MATERIALS,DUCT
MATERIALS,DUSTRIYA
MATERIALS,DUVANCHIK
MATERIALS,DV-PLAST
MATERIALS,DV-SS
MATERIALS,DVOR
MATERIALS,DYNEA
MATERIALS,DZH
MATERIALS,DZHER
MATERIALS,DZHINSKOE
MATERIALS,Dipos
MATERIALS,E-KS
MATERIALS,EAKTIV
MATERIALS,EAL
MATERIALS,EALTECH
MATERIALS,EAS
MATERIALS,EATON
MATERIALS,EBCO
MATERIALS,EBEDINSKY
MATERIALS,ECH
MATERIALS,ECHEL
MATERIALS,ECHEL-KOK
MATERIALS,ECMA
MATERIALS,ECO
MATERIALS,ECOGREEN
MATERIALS,ECOLAB
MATERIALS,ECS
MATERIALS,ECT
MATERIALS,ECTSTROY
MATERIALS,ECURITIES
MATERIALS,EDA
MATERIALS,EDINSKY
MATERIALS,EDMET
MATERIALS,EDO
MATERIALS,EDO-PAK
MATERIALS,EEL
MATERIALS,EEL-M
MATERIALS,EEN
MATERIALS,EFLOG
MATERIALS,EFTEHIM
MATERIALS,EFTEKHIM
MATERIALS,EGA
MATERIALS,EGAPLAST
MATERIALS,EGATAKT
MATERIALS,EGATEP
MATERIALS,EGATMASH
MATERIALS,EGAZDETAL
MATERIALS,EGION
MATERIALS,EGIONSNAB
MATERIALS,EGIYA
MATERIALS,EGRATOR
MATERIALS,EHIM
MATERIALS,EHNOLOGY
MATERIALS,EI-URAL
MATERIALS,EIBL
MATERIALS,EID
MATERIALS,EIL
MATERIALS,EINAYA
MATERIALS,EINIKEL
MATERIALS,EIPROM
MATERIALS,EK-SIBIR'
MATERIALS,EKART
MATERIALS,EKBORN
MATERIALS,EKH
MATERIALS,EKHANIKA
MATERIALS,EKHANOBR
MATERIALS,EKHIM
MATERIALS,EKHKOM
MATERIALS,EKHNIKA
MATERIALS,EKHNOBUR
MATERIALS,EKHNODVOR
MATERIALS,EKHNOGEN
MATERIALS,EKHNOKOM
MATERIALS,EKINOAZOT
MATERIALS,EKLOTEKH
MATERIALS,EKOM
MATERIALS,EKORATOR
MATERIALS,EKPRO
MATERIALS,EKS
MATERIALS,EKSA
MATERIALS,EKSPERT
MATERIALS,EKT
MATERIALS,EKT-M
MATERIALS,EKTOR
MATERIALS,EKTR
MATERIALS,EKTROMED
MATERIALS,EL'TA
MATERIALS,EL-KOK
MATERIALS,EL-M
MATERIALS,EL-MINING
MATERIALS,EL-TRANS
MATERIALS,ELEKOM
MATERIALS,ELEKT
MATERIALS,ELI
MATERIALS,ELIGDAR
MATERIALS,ELIKON
MATERIALS,ELIOS
MATERIALS,ELITI
MATERIALS,ELKAMEN
MATERIALS,ELKOVO
MATERIALS,ELPIPE
MATERIALS,ELSBERGER
MATERIALS,ELTA-PAK
MATERIALS,ELTRANS
MATERIALS,ELVUD
MATERIALS,ELZ
MATERIALS,EM-HOLZ
MATERIALS,EMA
MATERIALS,EMBROKER
MATERIALS,EMENNAYA
MATERIALS,EMENT
MATERIALS,EMEXPORT
MATERIALS,EMIBRIDZH
MATERIALS,EMICO
MATERIALS,EMIDOV
MATERIALS,EMIE
MATERIALS,EMILINE
MATERIALS,EMK
MATERIALS,EMKOLA
MATERIALS,EMKOM
MATERIALS,EMLYAKOFF
MATERIALS,EMMET
MATERIALS,EMTRADE
MATERIALS,EN+
MATERIALS,ENAL
MATERIALS,ENCES
MATERIALS,ENERGIYA
MATERIALS,ENERGY
MATERIALS,ENIE
MATERIALS,ENIMOR
MATERIALS,ENNAYA
MATERIALS,ENNOST'
MATERIALS,ENOPLEX
MATERIALS,ENREAKTIV
MATERIALS,ENS
MATERIALS,ENSET
MATERIALS,ENSO
MATERIALS,ENSOGRAPH
MATERIALS,ENSPK
MATERIALS,ENT
MATERIALS,ENTA
MATERIALS,ENTAL
MATERIALS,ENTAN
MATERIALS,ENTCRAFT
MATERIALS,ENTONIT
MATERIALS,ENTR
MATERIALS,ENTRE-KS
MATERIALS,ENTSIAL
MATERIALS,EO-PAK
MATERIALS,EOBUR
MATERIALS,EOPLAST
MATERIALS,EOPROM
MATERIALS,EOSTAT
MATERIALS,EP-1
MATERIALS,EPITAL
MATERIALS,EPLOSTROI
MATERIALS,EPOVEC
MATERIALS,EPS
MATERIALS,ER-CHEMIE
MATERIALS,ER-M
MATERIALS,ER-PRESS
MATERIALS,ERA
MATERIALS,ERALIT
MATERIALS,ERALMAZ
MATERIALS,ERALS
MATERIALS,ERAMAX
MATERIALS,ERAMIK
MATERIALS,ERAMIKA
MATERIALS,ERATEC
MATERIALS,ERCHEMMET
MATERIALS,EREPOVEC
MATERIALS,EREZOVSKY
MATERIALS,ERGACH
MATERIALS,ERGEOPROM
MATERIALS,ERGER
MATERIALS,ERGIYA
MATERIALS,ERGLASS
MATERIALS,ERGOPROM
MATERIALS,ERGOTEK
MATERIALS,ERGY
MATERIALS,ERHOLZ
MATERIALS,ERIKA
MATERIALS,ERIMENTAL
MATERIALS,ERINBURG
MATERIALS,ERISMANN
MATERIALS,ERKHIM
MATERIALS,ERKHOT
MATERIALS,ERKON
MATERIALS,ERLAIN
MATERIALS,ERLES
MATERIALS,ERLITAMAK
MATERIALS,ERM'
MATERIALS,ERMATEL
MATERIALS,ERMENT
MATERIALS,ERMES
MATERIALS,ERMET
MATERIALS,ERMETGRUP
MATERIALS,ERMOPLAST
MATERIALS,ERNATIVA
MATERIALS,EROZAPAD
MATERIALS,ERPAK
MATERIALS,ERPRISE
MATERIALS,ERPROM
MATERIALS,ERRA
MATERIALS,ERROSPLAV
MATERIALS,ERRUM
MATERIALS,ERS
MATERIALS,ERSERVICE
MATERIALS,ERSKOPP
MATERIALS,ERSTEEL
MATERIALS,ERT
MATERIALS,ERTEKS
MATERIALS,ERTIKA
MATERIALS,ERTIKAL
MATERIALS,ERTORG
MATERIALS,ERTRADE
MATERIALS,ERUPAK
MATERIALS,ERV-TREID
MATERIALS,ERVICE
MATERIALS,ERVIS
MATERIALS,ERWOOD
MATERIALS,ERY
MATERIALS,ES-AGRO
MATERIALS,ES-INVEST
MATERIALS,ESBIZNES
MATERIALS,ESBYT
MATERIALS,ESCO
MATERIALS,ESDREV
MATERIALS,ESENT
MATERIALS,ESIGN
MATERIALS,ESK
MATERIALS,ESKI
MATERIALS,ESKO
MATERIALS,ESOBALT
MATERIALS,ESPIL
MATERIALS,ESPROM
MATERIALS,ESS
MATERIALS,EST
MATERIALS,EST'
MATERIALS,"EST,"
MATERIALS,ESTAKY
MATERIALS,ESTEKH
MATERIALS,ESTORG
MATERIALS,ESTRADE
MATERIALS,ESTVO
MATERIALS,ESURS
MATERIALS,"ET,"
MATERIALS,ET-SERVIS
MATERIALS,ETA
MATERIALS,ETADYNEA
MATERIALS,ETAFRAX
MATERIALS,ETAHIM
MATERIALS,ETAL
MATERIALS,ETALL
MATERIALS,ETALLIST
MATERIALS,ETALLIT
MATERIALS,ETALLPROM
MATERIALS,ETALLSNAB
MATERIALS,ETCHIV
MATERIALS,ETCOKE
MATERIALS,ETGRUP
MATERIALS,ETING
MATERIALS,ETING.RU
MATERIALS,ETINVEST
MATERIALS,ETIZ
MATERIALS,ETKOM
MATERIALS,ETLIS
MATERIALS,ETMET
MATERIALS,ETNOVO
MATERIALS,ETON
MATERIALS,ETOPTTORG
MATERIALS,ETPROM
MATERIALS,ETROPLAST
MATERIALS,ETRUS
MATERIALS,ETSK
MATERIALS,ETSSERVIS
MATERIALS,ETU
MATERIALS,ETUR
MATERIALS,ETURAL
MATERIALS,ETZ
MATERIALS,EURASIA
MATERIALS,EUROPRINT
MATERIALS,EVA-METAL
MATERIALS,EVAZOT
MATERIALS,EVERALMAZ
MATERIALS,EVERLES
MATERIALS,EVERTORG
MATERIALS,EVLESPIL
MATERIALS,EVO
MATERIALS,EVRAZ
MATERIALS,EVROPLAST
MATERIALS,EVSKOE
MATERIALS,EVSKY
MATERIALS,EVYANSK
MATERIALS,EWAVE
MATERIALS,EX-NANO
MATERIALS,EXIMPACK
MATERIALS,EXO
MATERIALS,EXPORT
MATERIALS,EXTEKH
MATERIALS,EYD
MATERIALS,EYEVSKY
MATERIALS,EYKSPORT
MATERIALS,EYM
MATERIALS,EYPITL
MATERIALS,EYR
MATERIALS,EZA
MATERIALS,EZA-LES
MATERIALS,EZDA
MATERIALS,EZH
MATERIALS,EZOVSKY
MATERIALS,Ekopet
MATERIALS,Eleks
MATERIALS,Eurochem
MATERIALS,Evraz
MATERIALS,FAKTORIYA
MATERIALS,FAL'T
MATERIALS,FANKOM
MATERIALS,FANPLIT
MATERIALS,FCOMPLECT
MATERIALS,FEBCO
MATERIALS,FENIMOR
MATERIALS,FER
MATERIALS,FERA
MATERIALS,FERMENT
MATERIALS,FERRUM
MATERIALS,FERTIKA
MATERIALS,FES-AGRO
MATERIALS,FIDELITI
MATERIALS,FIL
MATERIALS,FILMS
MATERIALS,FIN
MATERIALS,FINANCE
MATERIALS,FINANS
MATERIALS,FINSIB
MATERIALS,FIT
MATERIALS,FLEKS
MATERIALS,FLEX
MATERIALS,FLEX-NANO
MATERIALS,FLEXO
MATERIALS,FLEYR
MATERIALS,FLOG
MATERIALS,FMK
MATERIALS,FOCOM
MATERIALS,FOREST
MATERIALS,FRAPRO
MATERIALS,FRAX
MATERIALS,FRON
MATERIALS,FROTARA
MATERIALS,FTEHIM
MATERIALS,FTEKHIM
MATERIALS,FTIU
MATERIALS,FTT
MATERIALS,FUDTREID
MATERIALS,FUNDING
MATERIALS,Fibroplit
MATERIALS,Finance
MATERIALS,Form
MATERIALS,Frontside
MATERIALS,G-CENTR
MATERIALS,G-SIBIR
MATERIALS,G-TREID
MATERIALS,G-UPAK
MATERIALS,G-VTORMET
MATERIALS,G.RU
MATERIALS,GA-S
MATERIALS,GACH
MATERIALS,GALESDREV
MATERIALS,GALESPROM
MATERIALS,GAPLAST
MATERIALS,GARANT
MATERIALS,GARD
MATERIALS,GAROO
MATERIALS,GATAKT
MATERIALS,GATEP
MATERIALS,GATMASH
MATERIALS,GAZDETAL
MATERIALS,GBTS
MATERIALS,GCC
MATERIALS,GDAR
MATERIALS,GEKSA
MATERIALS,GELIKON
MATERIALS,GELIOS
MATERIALS,GEM-HOLZ
MATERIALS,GEMENT
MATERIALS,GEN
MATERIALS,GENTA
MATERIALS,GEOBUR
MATERIALS,GEOPLAST
MATERIALS,GEOPROM
MATERIALS,GER
MATERIALS,GERMES
MATERIALS,GICHESKI
MATERIALS,GIDROZO
MATERIALS,GII
MATERIALS,GING
MATERIALS,GION
MATERIALS,GIONSNAB
MATERIALS,GIPS
MATERIALS,GIRA
MATERIALS,GIRA-M
MATERIALS,GIREDMET
MATERIALS,GIW
MATERIALS,GIYA
MATERIALS,GLACEM
MATERIALS,GLASS
MATERIALS,GLESBYT
MATERIALS,GLOBUS
MATERIALS,GMA
MATERIALS,GMENT
MATERIALS,GMONTAZH2
MATERIALS,GNEDA
MATERIALS,GOBUZH
MATERIALS,GOFRON
MATERIALS,GOFROTARA
MATERIALS,GOGRAD
MATERIALS,GOK
MATERIALS,GOL
MATERIALS,GOLD
MATERIALS,GOPROM
MATERIALS,GORODNYI
MATERIALS,GOTEK
MATERIALS,GPLASTIK
MATERIALS,GPROMUGOL
MATERIALS,GRAD
MATERIALS,GRAD-OIL
MATERIALS,GRAF
MATERIALS,GRAND
MATERIALS,GRANIT
MATERIALS,GRAPH
MATERIALS,GRARNIK
MATERIALS,GRAS
MATERIALS,GRATOR
MATERIALS,GRAVURE
MATERIALS,GREEN
MATERIALS,GRIT
MATERIALS,GRITECH
MATERIALS,GRO
MATERIALS,GRO-DON
MATERIALS,GRO-KUBAN
MATERIALS,GRO-KURSK
MATERIALS,GRO-OREL
MATERIALS,GRO-VOLGA
MATERIALS,GROGARD
MATERIALS,GRONOVA
MATERIALS,GROPAK
MATERIALS,GROSELEKT
MATERIALS,GROSERVIS
MATERIALS,GROSFERA
MATERIALS,GROTARA
MATERIALS,GROUP
MATERIALS,GRP
MATERIALS,GRUP
MATERIALS,GRUPP
MATERIALS,GSERVIS
MATERIALS,GSP-TRADE
MATERIALS,GSS
MATERIALS,GT-VOSTOK
MATERIALS,GTEKHNIKA
MATERIALS,GUST
MATERIALS,GYPS
MATERIALS,Galileo
MATERIALS,Germes
MATERIALS,Glanit
MATERIALS,Gotek
MATERIALS,Grand
MATERIALS,Group
MATERIALS,H-LES
MATERIALS,HALKO
MATERIALS,HANIKA
MATERIALS,HANOBR
MATERIALS,HARMENS
MATERIALS,HATBER-M
MATERIALS,HBETON
MATERIALS,HBI-5
MATERIALS,HBUM
MATERIALS,HCHITA
MATERIALS,HCHZT
MATERIALS,HCOPPER
MATERIALS,HEL
MATERIALS,HEL-KOK
MATERIALS,HEL-TRANS
MATERIALS,HELPIPE
MATERIALS,HELVUD
MATERIALS,HEM
MATERIALS,HEMBROKER
MATERIALS,HEMEXPORT
MATERIALS,HEMICO
MATERIALS,HEMIE
MATERIALS,HEMILINE
MATERIALS,HEMK
MATERIALS,HEMMET
MATERIALS,HEMTRADE
MATERIALS,HENIE
MATERIALS,HER
MATERIALS,HEREPOVEC
MATERIALS,HERMET
MATERIALS,HESKI
MATERIALS,HESTAKY
MATERIALS,HESTVO
MATERIALS,HEVAZOT
MATERIALS,HEVO
MATERIALS,HEYEVSKY
MATERIALS,HGRP
MATERIALS,HHZ
MATERIALS,HIK
MATERIALS,HIM
MATERIALS,HIM-PROM
MATERIALS,HIMEXPORT
MATERIALS,HIMGARANT
MATERIALS,HIMINVEST
MATERIALS,HIMOST
MATERIALS,HIMPERM'
MATERIALS,HIMPLAST
MATERIALS,HIMPROM
MATERIALS,"HIMSET,"
MATERIALS,HIMSNAB
MATERIALS,HIMTEC
MATERIALS,HIMTECO
MATERIALS,HIMTEK
MATERIALS,HIMTRUST
MATERIALS,HIMUPAK
MATERIALS,HINSKOE
MATERIALS,HITA
MATERIALS,HIV
MATERIALS,HIV-PROM
MATERIALS,HK-REGION
MATERIALS,HKARTON
MATERIALS,HKDP
MATERIALS,HKOM
MATERIALS,HKOMPLEKT
MATERIALS,HLENNOST'
MATERIALS,HLPK
MATERIALS,HNIKA
MATERIALS,HNOBUR
MATERIALS,HNODVOR
MATERIALS,HNOGEN
MATERIALS,HNOKOM
MATERIALS,HNOLOGII
MATERIALS,HNOLOGIYA
MATERIALS,HNOLOGY
MATERIALS,HNOTSENTR
MATERIALS,HOLBIT
MATERIALS,HOLDING
MATERIALS,HOLOD
MATERIALS,HOLZ
MATERIALS,HORS
MATERIALS,HOSAGRO
MATERIALS,HOT
MATERIALS,HPALA
MATERIALS,HPLAST
MATERIALS,HPROM
MATERIALS,HSK
MATERIALS,HSTAL'
MATERIALS,HTA
MATERIALS,HTPZ
MATERIALS,HUKOTKA
MATERIALS,HZMK
MATERIALS,HZT
MATERIALS,Him
MATERIALS,Holding
MATERIALS,HozAgro
MATERIALS,Huhtamaki
MATERIALS,I-5
MATERIALS,I-FLEKS
MATERIALS,I-M
MATERIALS,I-Plast
MATERIALS,I-REIL
MATERIALS,I-SI-REIL
MATERIALS,I-URAL
MATERIALS,I.T.I.
MATERIALS,IAL
MATERIALS,IALKHIM
MATERIALS,IAXPLEN
MATERIALS,IBIR
MATERIALS,IBIR'
MATERIALS,IBIRIT-3
MATERIALS,IBIRSK
MATERIALS,IBL
MATERIALS,IBMASH
MATERIALS,IBRIDZH
MATERIALS,IBT
MATERIALS,IBTARA
MATERIALS,IBUR
MATERIALS,IBUR-RT
MATERIALS,ICA-SLPK
MATERIALS,ICE
MATERIALS,ICENTR
MATERIALS,ICHESKI
MATERIALS,ICHI
MATERIALS,ICHIMTEC
MATERIALS,ICHIMTEK
MATERIALS,ICO
MATERIALS,ICOM
MATERIALS,ICS
MATERIALS,IDASKO
MATERIALS,IDELITI
MATERIALS,IDER-M
MATERIALS,IDETAL
MATERIALS,IDGE
MATERIALS,IDOV
MATERIALS,IDROZO
MATERIALS,IDZH
MATERIALS,IDZHER
MATERIALS,IENCES
MATERIALS,IER
MATERIALS,IES
MATERIALS,IEYR
MATERIALS,IFLEX
MATERIALS,IGA
MATERIALS,IGDAR
MATERIALS,IGMA
MATERIALS,IGMENT
MATERIALS,IGN
MATERIALS,IGORODNYI
MATERIALS,IGRAF
MATERIALS,IIPROEKT
MATERIALS,IISKOE
MATERIALS,IK-TSENTR
MATERIALS,IKA
MATERIALS,IKAL
MATERIALS,IKALTRANS
MATERIALS,IKARD
MATERIALS,IKAT
MATERIALS,IKEL
MATERIALS,IKHIM
MATERIALS,IKKIVALA
MATERIALS,IKOFER
MATERIALS,IKOM
MATERIALS,IKON
MATERIALS,IKONTRAKT
MATERIALS,IKOR
MATERIALS,IKRON
MATERIALS,IKS
MATERIALS,IKTUS
MATERIALS,IKZ
MATERIALS,IL.MK
MATERIALS,ILE
MATERIALS,ILEIBL
MATERIALS,ILEINAYA
MATERIALS,ILES
MATERIALS,ILIKAT
MATERIALS,ILIM-TNP
MATERIALS,ILIMPROM
MATERIALS,ILINE
MATERIALS,ILMS
MATERIALS,ILSI
MATERIALS,IM-LES
MATERIALS,IM-PROM
MATERIALS,IM-SERVIS
MATERIALS,IM-TNP
MATERIALS,IMA
MATERIALS,IMAKS
MATERIALS,IMASH
MATERIALS,IMATEK
MATERIALS,IMBERLAIN
MATERIALS,IMENTAL
MATERIALS,IMER
MATERIALS,IMERPROM
MATERIALS,IMERTRADE
MATERIALS,IMERUPAK
MATERIALS,IMEXPORT
MATERIALS,IMGARANT
MATERIALS,IMINVEST
MATERIALS,IMIZVEST'
MATERIALS,IMKER
MATERIALS,IMMID
MATERIALS,IMONTAZH
MATERIALS,IMOR
MATERIALS,IMOST
MATERIALS,IMPACK
MATERIALS,IMPERM'
MATERIALS,IMPLAST
MATERIALS,IMPOLIMER
MATERIALS,IMPROM
MATERIALS,IMPULS
MATERIALS,"IMSET,"
MATERIALS,IMSNAB
MATERIALS,IMT
MATERIALS,IMTEC
MATERIALS,IMTECO
MATERIALS,IMTEK
MATERIALS,IMTRANS
MATERIALS,IMTRUST
MATERIALS,IMULA
MATERIALS,IMUM
MATERIALS,IMUPAK
MATERIALS,IMVOLOKNO
MATERIALS,INA
MATERIALS,INAL
MATERIALS,INANCE
MATERIALS,INANS
MATERIALS,INAYA
MATERIALS,INBURG
MATERIALS,INCMaT
MATERIALS,INDA
MATERIALS,INDASTRI
MATERIALS,INDERHOLZ
MATERIALS,INE
MATERIALS,INERALS
MATERIALS,INESCO
MATERIALS,INESKO
MATERIALS,INESS
MATERIALS,INFOCOM
MATERIALS,INFRAPRO
MATERIALS,ING
MATERIALS,ING-TREID
MATERIALS,ING.RU
MATERIALS,INGS
MATERIALS,INIKEL
MATERIALS,INING
MATERIALS,INKOR
MATERIALS,INLESPROM
MATERIALS,INNOKS
MATERIALS,INNOX
MATERIALS,INO
MATERIALS,INOAZOT
MATERIALS,INOHIM
MATERIALS,INOVOYE
MATERIALS,INOXTRADE
MATERIALS,INPRODUCT
MATERIALS,INS
MATERIALS,INSAJUR
MATERIALS,INSIB
MATERIALS,INSKII
MATERIALS,INSKIY
MATERIALS,INSKOE
MATERIALS,INSKY
MATERIALS,INSSTAL
MATERIALS,INT
MATERIALS,INTEKS
MATERIALS,INTERKHIM
MATERIALS,INTERPAK
MATERIALS,INTEZ
MATERIALS,INUM
MATERIALS,INUR
MATERIALS,INVEST
MATERIALS,"INVEST,"
MATERIALS,INVIKTUS
MATERIALS,INZHBETON
MATERIALS,IO-KHIM
MATERIALS,IOLAIN
MATERIALS,IOMZ
MATERIALS,ION
MATERIALS,IONSNAB
MATERIALS,IONTSENTR
MATERIALS,IOPLAST
MATERIALS,IOS
MATERIALS,IPE
MATERIALS,IPETSK
MATERIALS,IPLAST
MATERIALS,IPLASTIK
MATERIALS,IPROEKT
MATERIALS,IPROM
MATERIALS,IPS
MATERIALS,IR'
MATERIALS,IRA
MATERIALS,IRA-M
MATERIALS,IRAKS
MATERIALS,IRANKAN
MATERIALS,IREDMET
MATERIALS,IREN
MATERIALS,IRESURS
MATERIALS,IRIT-3
MATERIALS,IROKINDA
MATERIALS,IROVPAPER
MATERIALS,IRSK
MATERIALS,IRSKSTROI
MATERIALS,IRTYSH
MATERIALS,ISE
MATERIALS,ISEIPROM
MATERIALS,ISHEVO
MATERIALS,ISKOE
MATERIALS,ISMANN
MATERIALS,ISS
MATERIALS,IST
MATERIALS,ISTALL
MATERIALS,ISTEEL
MATERIALS,ISTRE
MATERIALS,ISTVA
MATERIALS,IT-3
MATERIALS,ITA
MATERIALS,ITA-F
MATERIALS,ITAL
MATERIALS,ITAMAK
MATERIALS,ITAN
MATERIALS,ITARA
MATERIALS,ITE
MATERIALS,ITECH
MATERIALS,ITECMA
MATERIALS,ITEK
MATERIALS,ITEKPRO
MATERIALS,ITER
MATERIALS,ITET
MATERIALS,ITI
MATERIALS,ITIES
MATERIALS,ITIM-LES
MATERIALS,"ITINVEST,"
MATERIALS,ITL
MATERIALS,ITORG
MATERIALS,ITSA
MATERIALS,ITUMIKS
MATERIALS,ITUNOVA
MATERIALS,ITY
MATERIALS,ITZ
MATERIALS,IUS
MATERIALS,IV-PROM
MATERIALS,IVA
MATERIALS,IVA-LES
MATERIALS,IVALA
MATERIALS,IVERKHOT
MATERIALS,IVSNAB
MATERIALS,IXI
MATERIALS,IYA
MATERIALS,IZ-STEEL
MATERIALS,IZAIN
MATERIALS,IZH-LES
MATERIALS,IZHIMOST
MATERIALS,IZHKARTON
MATERIALS,IZNES
MATERIALS,IZVEST'
MATERIALS,Ilim
MATERIALS,InTekhno
MATERIALS,Invest
MATERIALS,JIP
MATERIALS,JSC
MATERIALS,JUR
MATERIALS,K-AGRO
MATERIALS,K-ALPROF
MATERIALS,K-FINANCE
MATERIALS,K-FLEKS
MATERIALS,K-GRAND
MATERIALS,K-INVEST
MATERIALS,K-KALUGA
MATERIALS,K-LES
MATERIALS,K-LMZ
MATERIALS,K-METIZ
MATERIALS,K-MONOLIT
MATERIALS,K-NN
MATERIALS,K-REGION
MATERIALS,K-RESURS
MATERIALS,K-SIBIR'
MATERIALS,K-TSEMENT
MATERIALS,K-TSENTR
MATERIALS,K-URAL
MATERIALS,K-YUG
MATERIALS,"KAD,"
MATERIALS,KADA
MATERIALS,KAGING
MATERIALS,KAKHIM
MATERIALS,KAL
MATERIALS,KAL'TEK
MATERIALS,KALI
MATERIALS,KALIY
MATERIALS,KALTRANS
MATERIALS,KALUGA
MATERIALS,KAM
MATERIALS,KAMEN
MATERIALS,KAMGOLD
MATERIALS,KAMI
MATERIALS,KAMKAT
MATERIALS,KAN
MATERIALS,KANEX
MATERIALS,KANGAROO
MATERIALS,KAPITAL
MATERIALS,KARAT
MATERIALS,KARBOKAM
MATERIALS,KARBOLIT
MATERIALS,KARD
MATERIALS,KARDINAL
MATERIALS,KARLOU
MATERIALS,KART
MATERIALS,KARTON
MATERIALS,KAT
MATERIALS,KATA
MATERIALS,KATZ
MATERIALS,KAUSTIK
MATERIALS,KAYA
MATERIALS,KBK
MATERIALS,KBORN
MATERIALS,KBUMPROM
MATERIALS,KBZHB
MATERIALS,KCAMENT
MATERIALS,KCEMENT
MATERIALS,KDP
MATERIALS,KEL
MATERIALS,KER
MATERIALS,KERALIT
MATERIALS,KERAMAX
MATERIALS,KERAMIK
MATERIALS,KERAMIKA
MATERIALS,KET
MATERIALS,KETING
MATERIALS,KETING.RU
MATERIALS,KEYPITL
MATERIALS,KFK
MATERIALS,KFTT
MATERIALS,KGIW
MATERIALS,KGOK
MATERIALS,KHANIKA
MATERIALS,KHANOBR
MATERIALS,KHARMENS
MATERIALS,KHBUM
MATERIALS,KHEYEVSKY
MATERIALS,KHGRP
MATERIALS,KHIM
MATERIALS,KHIMPERM'
MATERIALS,KHIMPLAST
MATERIALS,KHIMPROM
MATERIALS,"KHIMSET,"
MATERIALS,KHIMSNAB
MATERIALS,KHIMTECO
MATERIALS,KHIMUPAK
MATERIALS,KHK
MATERIALS,KHKOM
MATERIALS,KHNIKA
MATERIALS,KHNOBUR
MATERIALS,KHNODVOR
MATERIALS,KHNOGEN
MATERIALS,KHNOKOM
MATERIALS,KHNOLOGII
MATERIALS,KHOLBIT
MATERIALS,KHOLOD
MATERIALS,KHORS
MATERIALS,KHOT
MATERIALS,KHSK
MATERIALS,KIF
MATERIALS,KII
MATERIALS,KINDA
MATERIALS,KINOAZOT
MATERIALS,KIRANKAN
MATERIALS,KIVALA
MATERIALS,KIY
MATERIALS,KKIVALA
MATERIALS,KKU
MATERIALS,KKZ
MATERIALS,KLESPROM
MATERIALS,KLI
MATERIALS,KLOTEKH
MATERIALS,KMARUDA
MATERIALS,KMEZ
MATERIALS,KMO
MATERIALS,KMP
MATERIALS,KNEFTEHIM
MATERIALS,KNILE
MATERIALS,KNO
MATERIALS,KNUTAREV
MATERIALS,KOE
MATERIALS,KOFER
MATERIALS,KOFF
MATERIALS,KOK
MATERIALS,KOKS
MATERIALS,KOKSOVAYA
MATERIALS,KOL-SIBIR
MATERIALS,KOLA
MATERIALS,KOLMAR
MATERIALS,KOLYMA
MATERIALS,KOM
MATERIALS,KOMPLEKT
MATERIALS,KOMPONIT
MATERIALS,KOMPOZIT
MATERIALS,KON
MATERIALS,KONSALT
MATERIALS,KONTRAKT
MATERIALS,KOPP
MATERIALS,KOR
MATERIALS,KORATOR
MATERIALS,KORMIN
MATERIALS,KOROS
MATERIALS,KORUND-CN
MATERIALS,KOTKA
MATERIALS,KOUTINGS
MATERIALS,KOVO
MATERIALS,KOYE
MATERIALS,KPRINT
MATERIALS,KPRO
MATERIALS,KRAFT
MATERIALS,KRASO
MATERIALS,KREDO
MATERIALS,KREDO-PAK
MATERIALS,KREPS
MATERIALS,KRIL
MATERIALS,KRISTALL
MATERIALS,KRON
MATERIALS,KRONA
MATERIALS,KRONOSPAN
MATERIALS,KROVSKIY
MATERIALS,KRT
MATERIALS,KS-GRUPP
MATERIALS,KS-VOLGA
MATERIALS,KSA
MATERIALS,KSID
MATERIALS,KSIMTRANS
MATERIALS,KSIMUM
MATERIALS,KSM-14
MATERIALS,KSOVAYA
MATERIALS,KSPERT
MATERIALS,KSPORT
MATERIALS,KSTROI
MATERIALS,KT-M
MATERIALS,KTANT
MATERIALS,KTIKA
MATERIALS,KTIV
MATERIALS,KTIVSNAB
MATERIALS,KTOR
MATERIALS,KTORIYA
MATERIALS,KTR
MATERIALS,KTROMED
MATERIALS,KTSEMENT
MATERIALS,KTSIYA
MATERIALS,KTUS
MATERIALS,KTZ
MATERIALS,KUBAN
MATERIALS,KUM
MATERIALS,KURDAN
MATERIALS,KURSK
MATERIALS,KURT
MATERIALS,KUTAUGOL
MATERIALS,KUVERT
MATERIALS,KUZBASS
MATERIALS,KVANT
MATERIALS,KZ-AKTIV
MATERIALS,KZE
MATERIALS,KZPM
MATERIALS,Kaltek
MATERIALS,Kappa
MATERIALS,Kartli
MATERIALS,Kemerovo
MATERIALS,Kholod
MATERIALS,Khran
MATERIALS,Komitex
MATERIALS,Kovdorsky
MATERIALS,Krata
MATERIALS,Krupchak
MATERIALS,Ksulphate
MATERIALS,Kvarz-NN
MATERIALS,L'INTEKS
MATERIALS,L'PARI
MATERIALS,L'SKII
MATERIALS,L'T
MATERIALS,L'TA
MATERIALS,L'TEK
MATERIALS,L'TRANS
MATERIALS,L-AVTO
MATERIALS,L-GYPS
MATERIALS,L-Group
MATERIALS,L-INFOCOM
MATERIALS,L-KHORS
MATERIALS,L-KOK
MATERIALS,L-LYS'VA
MATERIALS,L-M
MATERIALS,L-MINING
MATERIALS,L-PAK
MATERIALS,L-PM
MATERIALS,L-Pak
MATERIALS,L-SIBIR
MATERIALS,L-SKO
MATERIALS,L-TRADE
MATERIALS,L-TRANS
MATERIALS,L.MK
MATERIALS,LAB
MATERIALS,LABUGA
MATERIALS,LACEM
MATERIALS,LACHERMET
MATERIALS,LADAKRIL
MATERIALS,LADENSO
MATERIALS,LAHTA
MATERIALS,LAIN
MATERIALS,LAISHEVO
MATERIALS,LAMISTRE
MATERIALS,LAMMIN
MATERIALS,LAND
MATERIALS,LANT
MATERIALS,LASBEST
MATERIALS,LASS
MATERIALS,LAST
MATERIALS,LAST-OB'
MATERIALS,LASTICS
MATERIALS,LASTIK
MATERIALS,LASTIMA
MATERIALS,LASTKOM
MATERIALS,LATINA
MATERIALS,LATINUM
MATERIALS,LATION
MATERIALS,LATTEN
MATERIALS,LAV
MATERIALS,LAVL
MATERIALS,LAYTERRA
MATERIALS,LBIT
MATERIALS,LCHEM
MATERIALS,LCON
MATERIALS,LDING
MATERIALS,LDK
MATERIALS,LDOLOMIT
MATERIALS,LDOSA
MATERIALS,LECT
MATERIALS,LECTSTROY
MATERIALS,LEGA
MATERIALS,LEIBL
MATERIALS,LEINAYA
MATERIALS,LEINIKEL
MATERIALS,LEKOM
MATERIALS,LEKS
MATERIALS,LEKT
MATERIALS,LEKT-M
MATERIALS,LEKTROMED
MATERIALS,LEMA
MATERIALS,LEN
MATERIALS,LENNOST'
MATERIALS,LES
MATERIALS,LESBIZNES
MATERIALS,LESBYT
MATERIALS,LESDREV
MATERIALS,LESOBALT
MATERIALS,LESPIL
MATERIALS,LESPROM
MATERIALS,LESTEKH
MATERIALS,LESTORG
MATERIALS,LESTRADE
MATERIALS,LEVSKOE
MATERIALS,LEWAVE
MATERIALS,LEX
MATERIALS,LEX-NANO
MATERIALS,LEXO
MATERIALS,LEYR
MATERIALS,LGA
MATERIALS,LGOGRAD
MATERIALS,LGRIT
MATERIALS,LICOM
MATERIALS,LIDER-M
MATERIALS,LIEYR
MATERIALS,LIGDAR
MATERIALS,LIGRAF
MATERIALS,LIKAT
MATERIALS,LIKON
MATERIALS,LIM-TNP
MATERIALS,LIMAKS
MATERIALS,LIMER
MATERIALS,LIMERPROM
MATERIALS,LIMERUPAK
MATERIALS,LIMPROM
MATERIALS,LINE
MATERIALS,LINO
MATERIALS,LIOS
MATERIALS,LIPETSK
MATERIALS,LIPLAST
MATERIALS,LIPLASTIK
MATERIALS,LIS
MATERIALS,LIST
MATERIALS,LISTVA
MATERIALS,LIT
MATERIALS,LITAMAK
MATERIALS,LITEKPRO
MATERIALS,LITER
MATERIALS,LITI
MATERIALS,LITSA
MATERIALS,LIY
MATERIALS,LKALI
MATERIALS,LKALIY
MATERIALS,LKAMEN
MATERIALS,LKHIM
MATERIALS,LKKZ
MATERIALS,LKO
MATERIALS,LKOM
MATERIALS,LKOVO
MATERIALS,LKP
MATERIALS,LKUM
MATERIALS,LLC
MATERIALS,LLESPROM
MATERIALS,LLIST
MATERIALS,LLIT
MATERIALS,LLOINVEST
MATERIALS,LLPROM
MATERIALS,LLSNAB
MATERIALS,LLTRADE
MATERIALS,LMA
MATERIALS,LMA-VTR
MATERIALS,LMAR
MATERIALS,LMAZ
MATERIALS,LMET
MATERIALS,LMETPROM
MATERIALS,LMK
MATERIALS,LMOST
MATERIALS,LMS
MATERIALS,LMTI
MATERIALS,LMZ
MATERIALS,LNA
MATERIALS,LOBUS
MATERIALS,LOCK
MATERIALS,LOD
MATERIALS,LOG
MATERIALS,LOG-CENTR
MATERIALS,LOGII
MATERIALS,LOGIYA
MATERIALS,LOGY
MATERIALS,LOINVEST
MATERIALS,LOK-YUG
MATERIALS,LOKNO
MATERIALS,LOMIT
MATERIALS,LOMYRSKIY
MATERIALS,LONGRO
MATERIALS,LOSTROI
MATERIALS,LOTEKH
MATERIALS,LOTO
MATERIALS,LOU
MATERIALS,LPAK
MATERIALS,LPIPE
MATERIALS,LPK
MATERIALS,LPLASTIK
MATERIALS,LPOLIMER
MATERIALS,LPROF
MATERIALS,LPROM
MATERIALS,LRESURS
MATERIALS,LRIDGE
MATERIALS,LROSA
MATERIALS,LSBERGER
MATERIALS,LSERVIS
MATERIALS,LSI
MATERIALS,LSIB
MATERIALS,LSK
MATERIALS,LSKO
MATERIALS,LSNAB
MATERIALS,LTA-PAK
MATERIALS,LTAILES
MATERIALS,LTAITARA
MATERIALS,LTECH
MATERIALS,LTEK
MATERIALS,LTEX
MATERIALS,LTIFLEX
MATERIALS,LTILEIBL
MATERIALS,LTRADE
MATERIALS,LTRANS
MATERIALS,LTRANSLES
MATERIALS,LTREID
MATERIALS,LTYEK
MATERIALS,LUGA
MATERIALS,LUX-GROUP
MATERIALS,LUXKRAFT
MATERIALS,LUYCEMENT
MATERIALS,LUZALES
MATERIALS,LVUD
MATERIALS,LWOOD
MATERIALS,LYAKOFF
MATERIALS,LYMA
MATERIALS,LYMER
MATERIALS,LYMERY
MATERIALS,LYMETAL
MATERIALS,LYPLAST
MATERIALS,LYS'VA
MATERIALS,LZSF
MATERIALS,Les
MATERIALS,Lesresurs
MATERIALS,Logosib
MATERIALS,Ltd
MATERIALS,Ltd.
MATERIALS,M-14
MATERIALS,M-EKSPERT
MATERIALS,M-HOLZ
MATERIALS,M-K
MATERIALS,M-KONSALT
MATERIALS,M-LES
MATERIALS,M-PROM
MATERIALS,M-SERVIS
MATERIALS,M-SIGA
MATERIALS,M-STEEL
MATERIALS,M-STIL.MK
MATERIALS,M-STROY
MATERIALS,M-TNP
MATERIALS,M-WOOD
MATERIALS,MA-FINANS
MATERIALS,MA-PLAST
MATERIALS,MA-VTR
MATERIALS,MADERA
MATERIALS,MAG
MATERIALS,MAGA-S
MATERIALS,MAINING
MATERIALS,MAK
MATERIALS,MAKS
MATERIALS,MAKSIMUM
MATERIALS,MANGOLD
MATERIALS,MANN
MATERIALS,MANZOLOTO
MATERIALS,MAPEI
MATERIALS,MAR
MATERIALS,MARKET
MATERIALS,MARKETING
MATERIALS,MARUDA
MATERIALS,MARUSINO
MATERIALS,MASH
MATERIALS,MASHPROM
MATERIALS,MASHSTAL'
MATERIALS,MASTER
MATERIALS,MATEK
MATERIALS,MATEL
MATERIALS,MAX
MATERIALS,MAYNITEK
MATERIALS,MAZ
MATERIALS,MAZGEOBUR
MATERIALS,MBC-Ural
MATERIALS,MBERLAIN
MATERIALS,MBK
MATERIALS,MBOV
MATERIALS,MBROKER
MATERIALS,MBYTKHIM
MATERIALS,MCBK
MATERIALS,MECHEL
MATERIALS,MED
MATERIALS,MEGAPLAST
MATERIALS,MEGATAKT
MATERIALS,MEGATEP
MATERIALS,MEKHANIKA
MATERIALS,MEKHANOBR
MATERIALS,MEN
MATERIALS,MENNAYA
MATERIALS,MENS
MATERIALS,MENT
MATERIALS,MENTAL
MATERIALS,MER
MATERIALS,MERPROM
MATERIALS,MERTRADE
MATERIALS,MERUPAK
MATERIALS,MERY
MATERIALS,MES
MATERIALS,MET
MATERIALS,META
MATERIALS,METADYNEA
MATERIALS,METAFRAX
MATERIALS,METAHIM
MATERIALS,METAL
MATERIALS,METALL
MATERIALS,METALLIST
MATERIALS,METALLIT
MATERIALS,METCHIV
MATERIALS,METCOKE
MATERIALS,METGRUP
MATERIALS,METINVEST
MATERIALS,METIZ
MATERIALS,METKOM
MATERIALS,METPROM
MATERIALS,METUR
MATERIALS,METURAL
MATERIALS,METZ
MATERIALS,MEXPORT
MATERIALS,MEYKSPORT
MATERIALS,MEZ
MATERIALS,MGARANT
MATERIALS,MGEOPLAST
MATERIALS,MGOLD
MATERIALS,MHK
MATERIALS,MIBRIDZH
MATERIALS,MIBT
MATERIALS,MICO
MATERIALS,MID
MATERIALS,MIDASKO
MATERIALS,MIDOV
MATERIALS,MIE
MATERIALS,MIISKOE
MATERIALS,MIK
MATERIALS,MIKA
MATERIALS,MIKRON
MATERIALS,MIKS
MATERIALS,MILINE
MATERIALS,MIN
MATERIALS,MINERALS
MATERIALS,MINING
MATERIALS,MINOHIM
MATERIALS,MINSKIY
MATERIALS,MINVEST
MATERIALS,MIR
MATERIALS,MIS
MATERIALS,MIST
MATERIALS,MISTEEL
MATERIALS,MISTRE
MATERIALS,MIT
MATERIALS,MIZH-LES
MATERIALS,MIZVEST'
MATERIALS,MK-KALUGA
MATERIALS,MK-LMZ
MATERIALS,MK-METIZ
MATERIALS,MKAT
MATERIALS,MKER
MATERIALS,MKH
MATERIALS,MKHIMUPAK
MATERIALS,MKOLA
MATERIALS,MKOM
MATERIALS,MKOMPLEKT
MATERIALS,MLESDREV
MATERIALS,MLYAKOFF
MATERIALS,MMA-PLAST
MATERIALS,MMC
MATERIALS,MMET
MATERIALS,MMETALL
MATERIALS,MMID
MATERIALS,MMIN
MATERIALS,MMK
MATERIALS,MMK-LMZ
MATERIALS,MMK-METIZ
MATERIALS,MOLIT
MATERIALS,MONOLIT
MATERIALS,MONTAZH
MATERIALS,MONTAZH2
MATERIALS,MOPLAST
MATERIALS,MOR
MATERIALS,MORBETON
MATERIALS,MOREKS
MATERIALS,MORI
MATERIALS,MOST
MATERIALS,MOST-1
MATERIALS,MOTRONIK
MATERIALS,MPACK
MATERIALS,MPAK
MATERIALS,MPANY
MATERIALS,MPARTNERS
MATERIALS,MPARTNERY
MATERIALS,MPERM'
MATERIALS,MPLAST
MATERIALS,MPLECT
MATERIALS,MPLEKT
MATERIALS,MPLEKT-M
MATERIALS,MPOLIMER
MATERIALS,MPONIT
MATERIALS,MPOZIT
MATERIALS,MPROEKT
MATERIALS,MPROM
MATERIALS,MPULS
MATERIALS,MPZ
MATERIALS,MRAMOREKS
MATERIALS,"MSET,"
MATERIALS,MSINTEZ
MATERIALS,MSNAB
MATERIALS,MSTROI
MATERIALS,MSTROY
MATERIALS,MSV
MATERIALS,MTEC
MATERIALS,MTECO
MATERIALS,MTEK
MATERIALS,MTI
MATERIALS,MTM
MATERIALS,MTRADE
MATERIALS,MTRANS
MATERIALS,MTREID
MATERIALS,MTRUST
MATERIALS,MUGOL
MATERIALS,MULA
MATERIALS,MULTIFLEX
MATERIALS,MUM
MATERIALS,MUPAK
MATERIALS,MURMETALL
MATERIALS,MUROMETZ
MATERIALS,MVOLOKNO
MATERIALS,MYRSKIY
MATERIALS,MaT
MATERIALS,Megastore
MATERIALS,Metal
MATERIALS,Metallpak
MATERIALS,Morozovka
MATERIALS,N-KHOLOD
MATERIALS,N12
MATERIALS,NA-VOSTOK
MATERIALS,NAB
MATERIALS,NABCENTR
MATERIALS,NABZENIE
MATERIALS,NABZHENIE
MATERIALS,NAFILMS
MATERIALS,NAFLEKS
MATERIALS,NAFLEX
MATERIALS,NAGEMENT
MATERIALS,NAL
MATERIALS,NANCE
MATERIALS,NANO
MATERIALS,NANOTEKH
MATERIALS,NANS
MATERIALS,NATIVA
MATERIALS,NAYA
MATERIALS,NBURG
MATERIALS,NCE
MATERIALS,NCES
MATERIALS,NCHIK
MATERIALS,NCMaT
MATERIALS,ND-CN
MATERIALS,ND-MASTER
MATERIALS,NDA
MATERIALS,NDASTRI
MATERIALS,NDERHOLZ
MATERIALS,NDING
MATERIALS,NDROVSKY
MATERIALS,NDUSTRIYA
MATERIALS,NEA
MATERIALS,NEDA
MATERIALS,NEFTEHIM
MATERIALS,NEFTEKHIM
MATERIALS,NEO
MATERIALS,NEO-PAK
MATERIALS,NEOSTAT
MATERIALS,NER
MATERIALS,NERALS
MATERIALS,NERGIYA
MATERIALS,NERGOPROM
MATERIALS,NERGY
MATERIALS,NERS
MATERIALS,NERY
MATERIALS,NES
MATERIALS,NESCO
MATERIALS,NESKO
MATERIALS,NESS
MATERIALS,NEVYANSK
MATERIALS,NEX
MATERIALS,NEZH
MATERIALS,NFLEX
MATERIALS,NFOCOM
MATERIALS,NFRAPRO
MATERIALS,NG-SIBIR
MATERIALS,NG-TREID
MATERIALS,NG.RU
MATERIALS,NGARD
MATERIALS,NGAROO
MATERIALS,NGENTA
MATERIALS,NGK
MATERIALS,NGOK
MATERIALS,NGOLD
MATERIALS,NGRO
MATERIALS,NGS
MATERIALS,NICHIMTEC
MATERIALS,NICHIMTEK
MATERIALS,NIE
MATERIALS,NIIPROEKT
MATERIALS,NIK
MATERIALS,NIKA
MATERIALS,NIKEL
MATERIALS,NIKHIM
MATERIALS,NIKOFER
MATERIALS,NILE
MATERIALS,NIMOR
MATERIALS,NING
MATERIALS,NION
MATERIALS,NISEIPROM
MATERIALS,NIT
MATERIALS,NITEK
MATERIALS,NITY
MATERIALS,NK-URAL
MATERIALS,NKAN
MATERIALS,NKOM
MATERIALS,NKOR
MATERIALS,NLAIN
MATERIALS,NLESPROM
MATERIALS,NLMK
MATERIALS,NNAYA
MATERIALS,NNOKS
MATERIALS,NNOST'
MATERIALS,NNOVATSII
MATERIALS,NNOX
MATERIALS,NOAZOT
MATERIALS,NOBR
MATERIALS,NOBUR
MATERIALS,NODVOR
MATERIALS,NOGEN
MATERIALS,NOHIM
MATERIALS,NOKOM
MATERIALS,NOKS
MATERIALS,NOLIT
MATERIALS,NOLOGII
MATERIALS,NOLOGIYA
MATERIALS,NOLOGY
MATERIALS,NOPLEX
MATERIALS,NORD
MATERIALS,NOSPAN
MATERIALS,NOST'
MATERIALS,NOTEKH
MATERIALS,NOTSENTR
MATERIALS,NOVA
MATERIALS,NOVATSII
MATERIALS,NOVO
MATERIALS,NOVOYE
MATERIALS,NOVYE
MATERIALS,NOX
MATERIALS,NOXTRADE
MATERIALS,NPBM
MATERIALS,NPLIT
MATERIALS,NPP
MATERIALS,NPRODUCT
MATERIALS,NREAKTIV
MATERIALS,NS-STROI
MATERIALS,NSAJUR
MATERIALS,NSALT
MATERIALS,NSCEMENT
MATERIALS,NSET
MATERIALS,NSIB
MATERIALS,NSK
MATERIALS,NSKII
MATERIALS,NSKIY
MATERIALS,NSKOE
MATERIALS,NSKY
MATERIALS,NSLES
MATERIALS,NSMETALL
MATERIALS,NSMETCOKE
MATERIALS,NSNAB
MATERIALS,NSO
MATERIALS,NSOGRAPH
MATERIALS,NSPK
MATERIALS,NSPORT
MATERIALS,NSSTAL
MATERIALS,NSSTROY
MATERIALS,NSTALMOST
MATERIALS,NSULATION
MATERIALS,NTA
MATERIALS,NTAL
MATERIALS,NTAN
MATERIALS,NTAR
MATERIALS,NTAZH
MATERIALS,NTAZH2
MATERIALS,NTCRAFT
MATERIALS,NTEGRATOR
MATERIALS,NTEKHKOM
MATERIALS,NTEKS
MATERIALS,NTERGLASS
MATERIALS,NTERKHIM
MATERIALS,NTERPAK
MATERIALS,NTERPRISE
MATERIALS,NTEZ
MATERIALS,NTIKOR
MATERIALS,NTL
MATERIALS,NTONIT
MATERIALS,NTPZ
MATERIALS,NTR
MATERIALS,NTRAKT
MATERIALS,NTRE-KS
MATERIALS,NTSENTR
MATERIALS,NTSIAL
MATERIALS,NTZ
MATERIALS,NTZMK
MATERIALS,NUM
MATERIALS,NUR
MATERIALS,NUTAREV
MATERIALS,NVEST
MATERIALS,"NVEST,"
MATERIALS,NVIKTUS
MATERIALS,NYI
MATERIALS,NZCM
MATERIALS,NZHBETON
MATERIALS,NZOLOTO
MATERIALS,NZOR
MATERIALS,Nanotech
MATERIALS,Nertus
MATERIALS,Nikol-Pak
MATERIALS,NordCell
MATERIALS,NordSteel
MATERIALS,Nortex
MATERIALS,Novochrom
MATERIALS,O-BETON
MATERIALS,O-DON
MATERIALS,O-KHIM
MATERIALS,O-KUBAN
MATERIALS,O-KURSK
MATERIALS,O-LIPETSK
MATERIALS,O-OREL
MATERIALS,O-PAK
MATERIALS,O-TAMBOV
MATERIALS,O-VOLGA
MATERIALS,OAO
MATERIALS,OASFAL'T
MATERIALS,OATINGS
MATERIALS,OAZOT
MATERIALS,OB'
MATERIALS,OBALT
MATERIALS,OBALTRANS
MATERIALS,OBR
MATERIALS,OBUR
MATERIALS,OBUS
MATERIALS,OBUZH
MATERIALS,OCK
MATERIALS,OCOM
MATERIALS,ODETAL
MATERIALS,ODNYI
MATERIALS,ODUCT
MATERIALS,ODVOR
MATERIALS,OEKT
MATERIALS,OFER
MATERIALS,OFERMENT
MATERIALS,OFF
MATERIALS,OFIL
MATERIALS,OFIT
MATERIALS,OFRON
MATERIALS,OFROTARA
MATERIALS,OG-CENTR
MATERIALS,OGARD
MATERIALS,OGEN
MATERIALS,OGICHESKI
MATERIALS,OGII
MATERIALS,OGIYA
MATERIALS,OGK
MATERIALS,OGLASS
MATERIALS,OGNEDA
MATERIALS,OGOBUZH
MATERIALS,OGRAD
MATERIALS,OGRAD-OIL
MATERIALS,OGRAPH
MATERIALS,OGRAVURE
MATERIALS,OGREEN
MATERIALS,OGY
MATERIALS,OHIM
MATERIALS,OHIM-PROM
MATERIALS,OIDETAL
MATERIALS,OIKOM
MATERIALS,OIL
MATERIALS,OIMASH
MATERIALS,OIMONTAZH
MATERIALS,OINVEST
MATERIALS,OIR
MATERIALS,OIRESURS
MATERIALS,OITORG
MATERIALS,OK-RESURS
MATERIALS,OK-YUG
MATERIALS,OKAKHIM
MATERIALS,OKAM
MATERIALS,OKAMI
MATERIALS,OKCEMENT
MATERIALS,OKE
MATERIALS,OKER
MATERIALS,OKINDA
MATERIALS,OKNO
MATERIALS,OKOM
MATERIALS,OKOMPLEKT
MATERIALS,OKROVSKIY
MATERIALS,OKS
MATERIALS,OKSID
MATERIALS,OKSOVAYA
MATERIALS,OKTANT
MATERIALS,OKTSEMENT
MATERIALS,OKURDAN
MATERIALS,OL'
MATERIALS,OL-AVTO
MATERIALS,OL-SIBIR
MATERIALS,OLA
MATERIALS,OLAB
MATERIALS,OLAIN
MATERIALS,OLBIT
MATERIALS,OLCON
MATERIALS,OLD
MATERIALS,OLDING
MATERIALS,OLEMA
MATERIALS,OLEN
MATERIALS,OLEVSKOE
MATERIALS,OLGA
MATERIALS,OLGOGRAD
MATERIALS,OLICOM
MATERIALS,OLIEYR
MATERIALS,OLIGRAF
MATERIALS,OLIMAKS
MATERIALS,OLIMER
MATERIALS,OLIPLAST
MATERIALS,OLIT
MATERIALS,OLITEKPRO
MATERIALS,OLITER
MATERIALS,OLITSA
MATERIALS,OLMA
MATERIALS,OLMA-VTR
MATERIALS,OLMAR
MATERIALS,OLNA
MATERIALS,OLOD
MATERIALS,OLOGII
MATERIALS,OLOGIYA
MATERIALS,OLOGY
MATERIALS,OLOKNO
MATERIALS,OLOMIT
MATERIALS,OLONGRO
MATERIALS,OLOTO
MATERIALS,OLYMA
MATERIALS,OLYMER
MATERIALS,OLYMERY
MATERIALS,OLYMETAL
MATERIALS,OLYPLAST
MATERIALS,OLZ
MATERIALS,OM-SERVIS
MATERIALS,OMAG
MATERIALS,OMBYTKHIM
MATERIALS,OMED
MATERIALS,OMETZ
MATERIALS,OMINSKIY
MATERIALS,OMINVEST
MATERIALS,OMIS
MATERIALS,OMIT
MATERIALS,OMLESDREV
MATERIALS,OMMETALL
MATERIALS,OMOLIT
MATERIALS,OMORBETON
MATERIALS,OMPANY
MATERIALS,OMPLECT
MATERIALS,OMPLEKT
MATERIALS,OMPLEKT-M
MATERIALS,OMPONIT
MATERIALS,OMPOZIT
MATERIALS,OMPROEKT
MATERIALS,OMSINTEZ
MATERIALS,OMSTROI
MATERIALS,OMSTROY
MATERIALS,OMTREID
MATERIALS,OMUGOL
MATERIALS,OMUPAK
MATERIALS,OMYRSKIY
MATERIALS,OMZ
MATERIALS,ON-KHOLOD
MATERIALS,ONA
MATERIALS,ONEZH
MATERIALS,ONFLEX
MATERIALS,ONGRO
MATERIALS,ONIK
MATERIALS,ONIT
MATERIALS,ONOLIT
MATERIALS,ONOSPAN
MATERIALS,ONOVA
MATERIALS,ONSALT
MATERIALS,ONSNAB
MATERIALS,ONTAZH
MATERIALS,ONTAZH2
MATERIALS,ONTEKHKOM
MATERIALS,ONTRAKT
MATERIALS,ONTSENTR
MATERIALS,OOD
MATERIALS,OOO
MATERIALS,OPAK
MATERIALS,OPAPIER
MATERIALS,OPLAST
MATERIALS,OPLASTICS
MATERIALS,OPLEX
MATERIALS,OPOL'
MATERIALS,OPOLIMER
MATERIALS,OPOLYMER
MATERIALS,OPOLYMERY
MATERIALS,OPP
MATERIALS,OPPER
MATERIALS,OPPROM
MATERIALS,OPRINT
MATERIALS,OPROM
MATERIALS,OPTIMUM
MATERIALS,OPTTORG
MATERIALS,OR-SPB
MATERIALS,ORATOR
MATERIALS,ORBETON
MATERIALS,ORBITA
MATERIALS,ORBITA-F
MATERIALS,ORD
MATERIALS,ORDINVEST
MATERIALS,OREKS
MATERIALS,OREL
MATERIALS,OREST
MATERIALS,ORF
MATERIALS,ORG
MATERIALS,ORI
MATERIALS,ORINNOKS
MATERIALS,ORINNOX
MATERIALS,ORION
MATERIALS,ORIUS
MATERIALS,ORIYA
MATERIALS,ORMET
MATERIALS,ORMETALL
MATERIALS,ORMETIZ
MATERIALS,ORMETURAL
MATERIALS,ORMIN
MATERIALS,ORN
MATERIALS,ORODNYI
MATERIALS,OROGOBUZH
MATERIALS,ORONEZH
MATERIALS,OROS
MATERIALS,ORS
MATERIALS,ORSK-LES
MATERIALS,ORSUS
MATERIALS,ORSYR'E
MATERIALS,ORT
MATERIALS,ORT-URAL
MATERIALS,ORTNAYA
MATERIALS,ORUND-CN
MATERIALS,OS-Chimia
MATERIALS,OSA
MATERIALS,OSAGRO
MATERIALS,OSANTIKOR
MATERIALS,OSCEMENT
MATERIALS,OSCIENCES
MATERIALS,OSELEKT
MATERIALS,OSERVIS
MATERIALS,OSFERA
MATERIALS,OSIBIRSK
MATERIALS,OSLAVL
MATERIALS,OSMIBT
MATERIALS,OSNAB
MATERIALS,OSPAN
MATERIALS,OSPAZ
MATERIALS,OSPLAV
MATERIALS,OST
MATERIALS,OST'
MATERIALS,OST-1
MATERIALS,OSTAC
MATERIALS,OSTAL-M
MATERIALS,OSTAT
MATERIALS,OSTAVKA
MATERIALS,OSTEEL-M
MATERIALS,OSTOK
MATERIALS,OSTOV
MATERIALS,OSTROI
MATERIALS,OTARA
MATERIALS,OTEI-URAL
MATERIALS,OTEK
MATERIALS,OTEKH
MATERIALS,OTENTSIAL
MATERIALS,OTKA
MATERIALS,OTO
MATERIALS,OTOPRINT
MATERIALS,OTRONIK
MATERIALS,OTSENTR
MATERIALS,OTUAR
MATERIALS,OUDAL
MATERIALS,OUP
MATERIALS,OUTINGS
MATERIALS,OVA
MATERIALS,OVANIE
MATERIALS,OVATSII
MATERIALS,OVAYA
MATERIALS,OVEC
MATERIALS,OVIT
MATERIALS,OVLESPROM
MATERIALS,OVO
MATERIALS,OVO-BETON
MATERIALS,OVOSTAL-M
MATERIALS,OVOYE
MATERIALS,OVPAPER
MATERIALS,OVRUDNIK
MATERIALS,OVSKIY
MATERIALS,OVSKY
MATERIALS,OVTSEMENT
MATERIALS,OVVTORMET
MATERIALS,OVYE
MATERIALS,OXAID
MATERIALS,OXTRADE
MATERIALS,OYE
MATERIALS,OYSERVICE
MATERIALS,OZAPAD
MATERIALS,OZIT
MATERIALS,OZO
MATERIALS,Onyx
MATERIALS,Orgkhim
MATERIALS,P-1
MATERIALS,P-Service
MATERIALS,P-TRADE
MATERIALS,PACK
MATERIALS,PACKAGING
MATERIALS,PAD
MATERIALS,PADSKAYA
MATERIALS,PADSKY
MATERIALS,PAFIN
MATERIALS,PAK
MATERIALS,PAK-FLEKS
MATERIALS,PALA
MATERIALS,PAN
MATERIALS,PANLAIN
MATERIALS,PANY
MATERIALS,PAPER
MATERIALS,PAPIER
MATERIALS,PARI
MATERIALS,PARITET
MATERIALS,PARTAMENT
MATERIALS,PARTNER
MATERIALS,PARTNERS
MATERIALS,PARTNERY
MATERIALS,PASSKOYE
MATERIALS,PATIT
MATERIALS,PAX-UNITY
MATERIALS,PAZ
MATERIALS,PBM
MATERIALS,PEI
MATERIALS,PEKTR
MATERIALS,PENOPLEX
MATERIALS,PENTAN
MATERIALS,PER
MATERIALS,PERM'
MATERIALS,PERSKOPP
MATERIALS,PERT
MATERIALS,PES
MATERIALS,PETRUS
MATERIALS,PETSK
MATERIALS,PHOSAGRO
MATERIALS,PIER
MATERIALS,PIGMENT
MATERIALS,PIL
MATERIALS,PIPE
MATERIALS,PITAL
MATERIALS,PITL
MATERIALS,PJSC
MATERIALS,PK-NN
MATERIALS,PKZ-AKTIV
MATERIALS,PLAST
MATERIALS,PLAST-OB'
MATERIALS,PLASTICS
MATERIALS,PLASTIK
MATERIALS,PLASTIMA
MATERIALS,PLASTKOM
MATERIALS,PLATINA
MATERIALS,PLATINUM
MATERIALS,PLATTEN
MATERIALS,PLAV
MATERIALS,PLAYTERRA
MATERIALS,PLECT
MATERIALS,PLEKT
MATERIALS,PLEKT-M
MATERIALS,PLEN
MATERIALS,PLEX
MATERIALS,PLIT
MATERIALS,PLOSTROI
MATERIALS,PLPK
MATERIALS,PLS
MATERIALS,PMETALL
MATERIALS,PNK
MATERIALS,PNK-URAL
MATERIALS,PNTZ
MATERIALS,POL'
MATERIALS,POLEMA
MATERIALS,POLICOM
MATERIALS,POLIEYR
MATERIALS,POLIGRAF
MATERIALS,POLIMAKS
MATERIALS,POLIMER
MATERIALS,POLIPLAST
MATERIALS,POLITER
MATERIALS,POLYMER
MATERIALS,POLYMERY
MATERIALS,POLYMETAL
MATERIALS,POLYPLAST
MATERIALS,PONIT
MATERIALS,PORT
MATERIALS,PORTNAYA
MATERIALS,POSTAC
MATERIALS,POSTAVKA
MATERIALS,POVEC
MATERIALS,POZIT
MATERIALS,PPER
MATERIALS,PPERSKOPP
MATERIALS,PPROM
MATERIALS,PRELKOVO
MATERIALS,PRESENT
MATERIALS,PRESS
MATERIALS,PRIMATEK
MATERIALS,PRIMULA
MATERIALS,PRINT
MATERIALS,PRISE
MATERIALS,PRO
MATERIALS,PRODUCT
MATERIALS,PROEKT
MATERIALS,PROF
MATERIALS,PROFIL
MATERIALS,PROFIT
MATERIALS,PROKAMI
MATERIALS,PROM
MATERIALS,PROMIS
MATERIALS,PROMSTROI
MATERIALS,PROMUGOL
MATERIALS,PROMUPAK
MATERIALS,PSA
MATERIALS,PSR
MATERIALS,PSS
MATERIALS,PTIMUM
MATERIALS,PTK
MATERIALS,PTTORG
MATERIALS,PULS
MATERIALS,PVC.COM
MATERIALS,Pack
MATERIALS,Packaging
MATERIALS,Pak
MATERIALS,Partners
MATERIALS,PhosAgro
MATERIALS,Plast
MATERIALS,Plastic
MATERIALS,PlitWood
MATERIALS,Plyterra
MATERIALS,Polychem
MATERIALS,Polycom
MATERIALS,Polyexim
MATERIALS,Polyus
MATERIALS,Press-V
MATERIALS,Prioritet
MATERIALS,Prodest
MATERIALS,Prof
MATERIALS,Prom
MATERIALS,Promhim
MATERIALS,Promles
MATERIALS,Pyrotek
MATERIALS,QUADRA
MATERIALS,R'E
MATERIALS,R-CHEMIE
MATERIALS,R-M
MATERIALS,R-PRESS
MATERIALS,R-RT
MATERIALS,R-SPB
MATERIALS,RA-M
MATERIALS,RAD
MATERIALS,RAD-OIL
MATERIALS,RADCEMENT
MATERIALS,RADE
MATERIALS,RADESIGN
MATERIALS,RADING
MATERIALS,RAF
MATERIALS,RAFT
MATERIALS,RAIZ
MATERIALS,RAKS
MATERIALS,RAKT
MATERIALS,RAL
MATERIALS,RAL'SKII
MATERIALS,RAL-GYPS
MATERIALS,RAL-KHORS
MATERIALS,RAL-SKO
MATERIALS,RALASBEST
MATERIALS,RALCHEM
MATERIALS,RALGRIT
MATERIALS,RALIT
MATERIALS,RALKALI
MATERIALS,RALKALIY
MATERIALS,RALMAZ
MATERIALS,RALPAK
MATERIALS,RALS
MATERIALS,RALSERVIS
MATERIALS,RALSIB
MATERIALS,RALSKO
MATERIALS,RALTREID
MATERIALS,RALWOOD
MATERIALS,RAMAX
MATERIALS,RAMIK
MATERIALS,RAMIKA
MATERIALS,RAMIST
MATERIALS,RAMOREKS
MATERIALS,RAND
MATERIALS,RANIT
MATERIALS,RANKAN
MATERIALS,RANS
MATERIALS,RANSLES
MATERIALS,RANSPORT
MATERIALS,RANSSTROY
MATERIALS,RANT
MATERIALS,RAPH
MATERIALS,RAPRO
MATERIALS,RARNIK
MATERIALS,RAS
MATERIALS,RASIA
MATERIALS,RASKO
MATERIALS,RASO
MATERIALS,RASPADSKY
MATERIALS,RAT
MATERIALS,RATEC
MATERIALS,RATEGIYA
MATERIALS,RATELI
MATERIALS,RATOR
MATERIALS,RAVURE
MATERIALS,RAX
MATERIALS,RAZ
MATERIALS,RAZH
MATERIALS,RBETON
MATERIALS,RBITA
MATERIALS,RBITA-F
MATERIALS,RBOGLASS
MATERIALS,RBOKAM
MATERIALS,RBOLIT
MATERIALS,RBON
MATERIALS,RCC
MATERIALS,RCHEMMET
MATERIALS,RDAN
MATERIALS,RDINAL
MATERIALS,RDINVEST
MATERIALS,RE-KS
MATERIALS,REAKTIV
MATERIALS,REDMET
MATERIALS,REDO
MATERIALS,REDO-PAK
MATERIALS,REEN
MATERIALS,REFLOG
MATERIALS,REGATMASH
MATERIALS,REGION
MATERIALS,REID
MATERIALS,REIL
MATERIALS,REKS
MATERIALS,REL
MATERIALS,RELKAMEN
MATERIALS,RELKOVO
MATERIALS,REMENNAYA
MATERIALS,REN
MATERIALS,REPOVEC
MATERIALS,REPS
MATERIALS,RESENT
MATERIALS,RESS
MATERIALS,REST
MATERIALS,RESURS
MATERIALS,REV
MATERIALS,REYD
MATERIALS,REZOVSKY
MATERIALS,RFC
MATERIALS,RFP
MATERIALS,RGACH
MATERIALS,RGEOPROM
MATERIALS,RGER
MATERIALS,RGIREDMET
MATERIALS,RGIYA
MATERIALS,RGLASS
MATERIALS,RGOPROM
MATERIALS,RGOTEK
MATERIALS,RGPLASTIK
MATERIALS,RGSERVIS
MATERIALS,RGY
MATERIALS,RHOLZ
MATERIALS,RIDGE
MATERIALS,RIDZH
MATERIALS,RIKA
MATERIALS,RIKARD
MATERIALS,RIL
MATERIALS,RIMATEK
MATERIALS,RIMENTAL
MATERIALS,RIMKER
MATERIALS,RIMULA
MATERIALS,RINBURG
MATERIALS,RINNOKS
MATERIALS,RINNOX
MATERIALS,RINT
MATERIALS,RION
MATERIALS,RISE
MATERIALS,RISMANN
MATERIALS,RISTALL
MATERIALS,RIT
MATERIALS,RIT-3
MATERIALS,RITECH
MATERIALS,RITET
MATERIALS,RITIES
MATERIALS,RIUS
MATERIALS,RIYA
MATERIALS,RK-GRAND
MATERIALS,RKADA
MATERIALS,RKET
MATERIALS,RKETING
MATERIALS,RKHBUM
MATERIALS,RKHIM
MATERIALS,RKHOT
MATERIALS,RKLI
MATERIALS,RKON
MATERIALS,RKTIKA
MATERIALS,RKUTAUGOL
MATERIALS,RLAIN
MATERIALS,RLES
MATERIALS,RLITAMAK
MATERIALS,RLOU
MATERIALS,RM'
MATERIALS,RM-STEEL
MATERIALS,RMATEL
MATERIALS,RMENS
MATERIALS,RMENT
MATERIALS,RMES
MATERIALS,RMET
MATERIALS,RMETALL
MATERIALS,RMETGRUP
MATERIALS,RMETIZ
MATERIALS,RMETURAL
MATERIALS,RMIISKOE
MATERIALS,RMIN
MATERIALS,RMISTEEL
MATERIALS,RMOPLAST
MATERIALS,RMOTRONIK
MATERIALS,RMZ
MATERIALS,RNATIVA
MATERIALS,RNIK
MATERIALS,RO-DON
MATERIALS,RO-KUBAN
MATERIALS,RO-KURSK
MATERIALS,RO-OREL
MATERIALS,RO-TAMBOV
MATERIALS,RO-VOLGA
MATERIALS,ROASFAL'T
MATERIALS,RODNYI
MATERIALS,RODUCT
MATERIALS,ROEKT
MATERIALS,ROF
MATERIALS,ROFERMENT
MATERIALS,ROFIL
MATERIALS,ROFIT
MATERIALS,ROGARD
MATERIALS,ROGNEDA
MATERIALS,ROGOBUZH
MATERIALS,ROI
MATERIALS,ROIDETAL
MATERIALS,ROIKOM
MATERIALS,ROIMASH
MATERIALS,ROIRESURS
MATERIALS,ROITORG
MATERIALS,ROKAMI
MATERIALS,ROKER
MATERIALS,ROKINDA
MATERIALS,ROL-AVTO
MATERIALS,ROLEN
MATERIALS,ROLEVSKOE
MATERIALS,ROM
MATERIALS,ROMED
MATERIALS,ROMETZ
MATERIALS,ROMINVEST
MATERIALS,ROMIS
MATERIALS,ROMMETALL
MATERIALS,ROMPROEKT
MATERIALS,ROMSINTEZ
MATERIALS,ROMSTROI
MATERIALS,ROMUGOL
MATERIALS,ROMUPAK
MATERIALS,RON
MATERIALS,RONA
MATERIALS,RONEZH
MATERIALS,RONIK
MATERIALS,RONOSPAN
MATERIALS,RONOVA
MATERIALS,ROO
MATERIALS,ROPAK
MATERIALS,ROPAPIER
MATERIALS,ROPLAST
MATERIALS,ROPOL'
MATERIALS,ROPOLIMER
MATERIALS,ROPOLYMER
MATERIALS,ROPRINT
MATERIALS,ROS
MATERIALS,ROSA
MATERIALS,ROSCEMENT
MATERIALS,ROSELEKT
MATERIALS,ROSERVIS
MATERIALS,ROSFERA
MATERIALS,ROSLAVL
MATERIALS,ROSPLAV
MATERIALS,ROSTOV
MATERIALS,ROTARA
MATERIALS,ROTOPRINT
MATERIALS,ROTUAR
MATERIALS,ROUP
MATERIALS,ROVIT
MATERIALS,ROVPAPER
MATERIALS,ROVSKIY
MATERIALS,ROVSKY
MATERIALS,ROY
MATERIALS,ROZAPAD
MATERIALS,ROZO
MATERIALS,RPAK
MATERIALS,RPRISE
MATERIALS,RPROM
MATERIALS,RRA
MATERIALS,RROSPLAV
MATERIALS,RRUM
MATERIALS,RS-2
MATERIALS,RS-REGION
MATERIALS,RSENAL
MATERIALS,RSERVICE
MATERIALS,RSK
MATERIALS,RSK-LES
MATERIALS,RSKIY
MATERIALS,RSKOPP
MATERIALS,RSKSTROI
MATERIALS,RSTEEL
MATERIALS,RSUS
MATERIALS,RSYR'E
MATERIALS,RT-URAL
MATERIALS,RT-ZPR
MATERIALS,RTA-STEEL
MATERIALS,RTAMENT
MATERIALS,RTEKS
MATERIALS,RTFLEX
MATERIALS,RTI
MATERIALS,RTICENTR
MATERIALS,RTIKA
MATERIALS,RTIKAL
MATERIALS,RTNAYA
MATERIALS,RTNER
MATERIALS,RTNERS
MATERIALS,RTNERY
MATERIALS,RTON
MATERIALS,RTONSNAB
MATERIALS,RTORG
MATERIALS,RTPK
MATERIALS,RTRADE
MATERIALS,RTSK
MATERIALS,RTYSH
MATERIALS,RTZ
MATERIALS,RTZEMKOLA
MATERIALS,RUBODETAL
MATERIALS,RUCITE
MATERIALS,RUCTION
MATERIALS,RUDA
MATERIALS,RUDNIK
MATERIALS,RUDOVANIE
MATERIALS,RUKTSIYA
MATERIALS,RUM
MATERIALS,RUM-STROY
MATERIALS,RUND-CN
MATERIALS,RUP
MATERIALS,RUPAK
MATERIALS,RUPP
MATERIALS,RUS
MATERIALS,RUSAL
MATERIALS,RUSFOREST
MATERIALS,RUSICHI
MATERIALS,RUSINO
MATERIALS,RUSMARKET
MATERIALS,RUSSHPALA
MATERIALS,RUSSLAND
MATERIALS,RUST
MATERIALS,RUZHESTVO
MATERIALS,RV-TREID
MATERIALS,RVICE
MATERIALS,RVIS
MATERIALS,RWA
MATERIALS,RWOOD
MATERIALS,RYVPROM
MATERIALS,Reactiv
MATERIALS,Reaktiv
MATERIALS,Real-A
MATERIALS,Resource
MATERIALS,RotoPack
MATERIALS,Rubex
MATERIALS,RusVinyl
MATERIALS,Rusal
MATERIALS,Rusta
MATERIALS,S'VA
MATERIALS,S-2
MATERIALS,S-AGRO
MATERIALS,S-Chimia
MATERIALS,S-GRUPP
MATERIALS,S-INVEST
MATERIALS,S-KHOLOD
MATERIALS,S-REGION
MATERIALS,S-STROI
MATERIALS,S-TREID
MATERIALS,S-VOLGA
MATERIALS,S.ANTIKOR
MATERIALS,S.N.
MATERIALS,SAGRO
MATERIALS,SAGRO-DON
MATERIALS,SAINS
MATERIALS,SAJUR
MATERIALS,SAL
MATERIALS,SALT
MATERIALS,SALTRANS
MATERIALS,SAMORI
MATERIALS,SANTIKOR
MATERIALS,SAVTOSNAB
MATERIALS,SBERGER
MATERIALS,SBEST
MATERIALS,SBIZNES
MATERIALS,SBUSINESS
MATERIALS,SBYT
MATERIALS,SCEMENT
MATERIALS,SCIENCES
MATERIALS,SCL
MATERIALS,SCO
MATERIALS,SChPZ
MATERIALS,SDREV
MATERIALS,SEALTECH
MATERIALS,SEIPROM
MATERIALS,SELEKT
MATERIALS,SELIGDAR
MATERIALS,SEMENT
MATERIALS,SEMKOM
MATERIALS,SENAL
MATERIALS,SENT
MATERIALS,SENTR
MATERIALS,SERVICE
MATERIALS,SERVIS
MATERIALS,SET
MATERIALS,"SET,"
MATERIALS,SETNOVO
MATERIALS,SEVERLES
MATERIALS,SEVERTORG
MATERIALS,SEVLESPIL
MATERIALS,SFAL'T
MATERIALS,SFERA
MATERIALS,SFOREST
MATERIALS,SGS
MATERIALS,SHALKO
MATERIALS,SHCHITA
MATERIALS,SHCHZT
MATERIALS,SHCOPPER
MATERIALS,SHELVUD
MATERIALS,SHESTAKY
MATERIALS,SHEVAZOT
MATERIALS,SHEVO
MATERIALS,SHKDP
MATERIALS,SHPALA
MATERIALS,SHPLAST
MATERIALS,SHPROM
MATERIALS,SHSTAL'
MATERIALS,SI-REIL
MATERIALS,SIA
MATERIALS,SIAL
MATERIALS,SIB
MATERIALS,SIBIR
MATERIALS,SIBIR'
MATERIALS,SIBIRIT-3
MATERIALS,SIBIRSK
MATERIALS,SIBMASH
MATERIALS,SIBTARA
MATERIALS,SIBUR
MATERIALS,SIBUR-RT
MATERIALS,SICHI
MATERIALS,SID
MATERIALS,SIGA
MATERIALS,SIGMA
MATERIALS,SIGN
MATERIALS,SII
MATERIALS,SILIKAT
MATERIALS,SIMTRANS
MATERIALS,SIMUM
MATERIALS,SINESS
MATERIALS,SINO
MATERIALS,SINTEZ
MATERIALS,SIYA
MATERIALS,SK-LES
MATERIALS,"SKAD,"
MATERIALS,SKATZ
MATERIALS,SKAYA
MATERIALS,SKBUMPROM
MATERIALS,SKCAMENT
MATERIALS,"SKHIMSET,"
MATERIALS,SKI
MATERIALS,SKIF
MATERIALS,SKII
MATERIALS,SKIY
MATERIALS,SKL
MATERIALS,SKLESPROM
MATERIALS,SKO
MATERIALS,SKOE
MATERIALS,SKOMPOZIT
MATERIALS,SKOPP
MATERIALS,SKOYE
MATERIALS,SKSTROI
MATERIALS,SKU
MATERIALS,SKY
MATERIALS,SL-Group
MATERIALS,SLAND
MATERIALS,SLAVL
MATERIALS,SLDK
MATERIALS,SLES
MATERIALS,SLPK
MATERIALS,SM-14
MATERIALS,SMANN
MATERIALS,SMARKET
MATERIALS,SMETALL
MATERIALS,SMETCOKE
MATERIALS,SMIBT
MATERIALS,SMK
MATERIALS,SNAB
MATERIALS,SNABCENTR
MATERIALS,SNABZENIE
MATERIALS,SNGS
MATERIALS,SNK
MATERIALS,SOBALT
MATERIALS,SOGRAPH
MATERIALS,SOIR
MATERIALS,SOPOLIMER
MATERIALS,SORT-URAL
MATERIALS,SOUDAL
MATERIALS,SOVAYA
MATERIALS,SOVRUDNIK
MATERIALS,SP-TRADE
MATERIALS,SPADSKAYA
MATERIALS,SPADSKY
MATERIALS,SPAN
MATERIALS,SPASSKOYE
MATERIALS,SPAZ
MATERIALS,SPB
MATERIALS,SPEKTR
MATERIALS,SPERT
MATERIALS,SPF
MATERIALS,SPIL
MATERIALS,SPK
MATERIALS,SPLAV
MATERIALS,SPORT
MATERIALS,SPORTNAYA
MATERIALS,SPP
MATERIALS,SPROM
MATERIALS,SPb
MATERIALS,SSERVIS
MATERIALS,SSHPALA
MATERIALS,SSK
MATERIALS,SSKCAMENT
MATERIALS,SSKOYE
MATERIALS,SSLAND
MATERIALS,SSTAL
MATERIALS,SSTROY
MATERIALS,ST'
MATERIALS,"ST,"
MATERIALS,ST-1
MATERIALS,ST-IRTYSH
MATERIALS,ST-KOLYMA
MATERIALS,ST-OB'
MATERIALS,STA
MATERIALS,STAC
MATERIALS,STAKY
MATERIALS,STAL
MATERIALS,STAL'
MATERIALS,STAL-M
MATERIALS,STALKOM
MATERIALS,STALL
MATERIALS,STALMET
MATERIALS,STALMOST
MATERIALS,STARATELI
MATERIALS,STAT
MATERIALS,STAVKA
MATERIALS,STAVROLEN
MATERIALS,STC
MATERIALS,STEEL
MATERIALS,STEEL-M
MATERIALS,STEKH
MATERIALS,STEP-1
MATERIALS,STER
MATERIALS,STICS
MATERIALS,STIK
MATERIALS,STIL.MK
MATERIALS,STIMA
MATERIALS,STINVEST
MATERIALS,STK
MATERIALS,STK-AGRO
MATERIALS,STKOM
MATERIALS,STOK
MATERIALS,STOLITSA
MATERIALS,STORG
MATERIALS,STOV
MATERIALS,STRADE
MATERIALS,STRAZH
MATERIALS,STRE
MATERIALS,STRI
MATERIALS,STRIYA
MATERIALS,STROI
MATERIALS,STROIKOM
MATERIALS,STROIMASH
MATERIALS,STROITORG
MATERIALS,STROY
MATERIALS,STRUCTION
MATERIALS,STSVETMET
MATERIALS,STVA
MATERIALS,STVO
MATERIALS,SUAL-PM
MATERIALS,SULATION
MATERIALS,SUMANGOLD
MATERIALS,SURS
MATERIALS,SUS
MATERIALS,SVET
MATERIALS,SVETMET
MATERIALS,SVEZA
MATERIALS,SVEZA-LES
MATERIALS,SVK
MATERIALS,SVKHK
MATERIALS,SVYAZUGOL
MATERIALS,SYNGENTA
MATERIALS,SYR'E
MATERIALS,SZTK
MATERIALS,SafPlast
MATERIALS,Segezha
MATERIALS,Seligdar
MATERIALS,Service
MATERIALS,Severstal
MATERIALS,Shelkov
MATERIALS,SibProf
MATERIALS,Siberian
MATERIALS,Sibsteklo
MATERIALS,Sibsulfur
MATERIALS,Sibtara
MATERIALS,Siltech
MATERIALS,Siluet
MATERIALS,Solstek
MATERIALS,Steel
MATERIALS,Strap
MATERIALS,T-1
MATERIALS,T-3
MATERIALS,T-ALABUGA
MATERIALS,T-IRTYSH
MATERIALS,T-KEYPITL
MATERIALS,T-KOLYMA
MATERIALS,T-M
MATERIALS,T-OB'
MATERIALS,T-SERVIS
MATERIALS,T-URAL
MATERIALS,T-URALSIB
MATERIALS,T-VOSTOK
MATERIALS,T-ZPR
MATERIALS,T.I.
MATERIALS,T.S.N.
MATERIALS,TA-F
MATERIALS,TA-INVEST
MATERIALS,TA-PAK
MATERIALS,TA-STEEL
MATERIALS,TAC
MATERIALS,TADYNEA
MATERIALS,TAFRAX
MATERIALS,TAHIM
MATERIALS,TAIF
MATERIALS,TAIGA
MATERIALS,TAILES
MATERIALS,TAITARA
MATERIALS,TAKA
MATERIALS,TAKT
MATERIALS,TAKY
MATERIALS,TAL
MATERIALS,TAL'
MATERIALS,TAL'TRANS
MATERIALS,TAL-M
MATERIALS,TAL-TRADE
MATERIALS,TALKOM
MATERIALS,TALL
MATERIALS,TALLIST
MATERIALS,TALLIT
MATERIALS,TALLPROM
MATERIALS,TALLSNAB
MATERIALS,TALLTRADE
MATERIALS,TALMET
MATERIALS,TALMOST
MATERIALS,TALRESURS
MATERIALS,TALTEK
MATERIALS,TALTYEK
MATERIALS,TAMAK
MATERIALS,TAMBOV
MATERIALS,TAMENT
MATERIALS,TAN
MATERIALS,TANT
MATERIALS,TANZOR
MATERIALS,TAR
MATERIALS,TARA
MATERIALS,TARATELI
MATERIALS,TAREV
MATERIALS,TAT
MATERIALS,TAUGOL
MATERIALS,TAVKA
MATERIALS,TAVROLEN
MATERIALS,TAVROPOL'
MATERIALS,TAZH
MATERIALS,TAZH2
MATERIALS,TBER-M
MATERIALS,TCHIV
MATERIALS,TCOKE
MATERIALS,TCRAFT
MATERIALS,TEC
MATERIALS,TECH
MATERIALS,TECMA
MATERIALS,TECO
MATERIALS,TEEL
MATERIALS,TEEL-M
MATERIALS,TEGIYA
MATERIALS,TEGRATOR
MATERIALS,TEHIM
MATERIALS,TEHNOLOGY
MATERIALS,TEI-URAL
MATERIALS,TEK
MATERIALS,TEKH
MATERIALS,TEKHIM
MATERIALS,TEKHKOM
MATERIALS,TEKHNIKA
MATERIALS,TEKHNOBUR
MATERIALS,TEKHNOGEN
MATERIALS,TEKHNOKOM
MATERIALS,TEKLOTEKH
MATERIALS,TEKPRO
MATERIALS,TEKS
MATERIALS,TEL
MATERIALS,TELEKOM
MATERIALS,TELI
MATERIALS,TEN
MATERIALS,TENTSIAL
MATERIALS,TEP
MATERIALS,TEP-1
MATERIALS,TER
MATERIALS,TERGLASS
MATERIALS,TERIKA
MATERIALS,TERINBURG
MATERIALS,TERKHIM
MATERIALS,TERNATIVA
MATERIALS,TERPAK
MATERIALS,TERPRISE
MATERIALS,TERRA
MATERIALS,TET
MATERIALS,TETLIS
MATERIALS,TEX
MATERIALS,TEZ
MATERIALS,TFLEX
MATERIALS,TFZ
MATERIALS,TGRUP
MATERIALS,TI-M
MATERIALS,TICENTR
MATERIALS,TICS
MATERIALS,TIES
MATERIALS,TIFLEX
MATERIALS,TIK
MATERIALS,TIKA
MATERIALS,TIKAL
MATERIALS,TIKKIVALA
MATERIALS,TIKOR
MATERIALS,TIL.MK
MATERIALS,TILEIBL
MATERIALS,TIM-LES
MATERIALS,TIMA
MATERIALS,TIMUM
MATERIALS,TINA
MATERIALS,TING
MATERIALS,TING.RU
MATERIALS,TINGS
MATERIALS,TINUM
MATERIALS,TINVEST
MATERIALS,"TINVEST,"
MATERIALS,TION
MATERIALS,TIT
MATERIALS,TITAN
MATERIALS,TIU
MATERIALS,TIV
MATERIALS,TIVA
MATERIALS,TIVSNAB
MATERIALS,TIZ
MATERIALS,TK-AGRO
MATERIALS,TKA
MATERIALS,TKHIM
MATERIALS,TKOM
MATERIALS,TLANT
MATERIALS,TLIS
MATERIALS,TMASH
MATERIALS,TMET
MATERIALS,TMK
MATERIALS,TNAYA
MATERIALS,TNER
MATERIALS,TNERS
MATERIALS,TNERY
MATERIALS,TNOVO
MATERIALS,TNP
MATERIALS,TOGRAVURE
MATERIALS,TOK
MATERIALS,TOKCEMENT
MATERIALS,TOLITSA
MATERIALS,TOMAG
MATERIALS,TOMINSKIY
MATERIALS,TOMOLIT
MATERIALS,TOMTREID
MATERIALS,TON
MATERIALS,TONIT
MATERIALS,TONSNAB
MATERIALS,TOPPROM
MATERIALS,TOPRINT
MATERIALS,TOPTTORG
MATERIALS,TOR
MATERIALS,TORG
MATERIALS,TORIUS
MATERIALS,TORIYA
MATERIALS,TORMET
MATERIALS,TORMETALL
MATERIALS,TORSYR'E
MATERIALS,TOSNAB
MATERIALS,TOV
MATERIALS,TPK
MATERIALS,TPNK
MATERIALS,TPROM
MATERIALS,TPZ
MATERIALS,TRADE
MATERIALS,TRADESIGN
MATERIALS,TRADING
MATERIALS,TRAKT
MATERIALS,TRANS
MATERIALS,TRANSLES
MATERIALS,TRANSPORT
MATERIALS,TRATEGIYA
MATERIALS,TRAZH
MATERIALS,TRE
MATERIALS,TRE-KS
MATERIALS,TREID
MATERIALS,TREYD
MATERIALS,TRI
MATERIALS,TRIYA
MATERIALS,TROI
MATERIALS,TROIDETAL
MATERIALS,TROIKOM
MATERIALS,TROIMASH
MATERIALS,TROITORG
MATERIALS,TROL-AVTO
MATERIALS,TROMED
MATERIALS,TRONIK
MATERIALS,TROPLAST
MATERIALS,TROTUAR
MATERIALS,TROY
MATERIALS,TRUCTION
MATERIALS,TRUKTSIYA
MATERIALS,TRUS
MATERIALS,TRUST
MATERIALS,TS-TREID
MATERIALS,TSA
MATERIALS,TSEMENT
MATERIALS,TSEMKOM
MATERIALS,TSENTR
MATERIALS,TSI
MATERIALS,TSIAL
MATERIALS,TSII
MATERIALS,TSIYA
MATERIALS,TSK
MATERIALS,TSSERVIS
MATERIALS,TSTA
MATERIALS,TSTK
MATERIALS,TSTROY
MATERIALS,TSVETMET
MATERIALS,TTC
MATERIALS,TTEN
MATERIALS,TTIKA
MATERIALS,TTM
MATERIALS,TTORG
MATERIALS,TTS-TREID
MATERIALS,TUAR
MATERIALS,TUMIKS
MATERIALS,TUNOVA
MATERIALS,TUPLEX
MATERIALS,TUR
MATERIALS,TURAL
MATERIALS,TUS
MATERIALS,TVA
MATERIALS,TVO
MATERIALS,TWC
MATERIALS,TYEK
MATERIALS,TYSH
MATERIALS,TZEMKOLA
MATERIALS,TZMK
MATERIALS,Taishet
MATERIALS,Tankar
MATERIALS,Tekhno
MATERIALS,Terneyles
MATERIALS,Tonar
MATERIALS,TopProm
MATERIALS,Trade
MATERIALS,Trading
MATERIALS,UADRA
MATERIALS,UAL-PM
MATERIALS,UAR
MATERIALS,UBAN
MATERIALS,UBODETAL
MATERIALS,UCITE
MATERIALS,UCT
MATERIALS,UCTION
MATERIALS,UDA
MATERIALS,UDAL
MATERIALS,UDNIK
MATERIALS,UDOVANIE
MATERIALS,UDS
MATERIALS,UDTREID
MATERIALS,UG-UPAK
MATERIALS,UGA
MATERIALS,UGC
MATERIALS,UGK
MATERIALS,UGLESBYT
MATERIALS,UGOL
MATERIALS,UGRAS
MATERIALS,UKOTKA
MATERIALS,UKS-GRUPP
MATERIALS,UKS-VOLGA
MATERIALS,UKTSIYA
MATERIALS,ULA
MATERIALS,ULATION
MATERIALS,ULS
MATERIALS,ULTIFLEX
MATERIALS,ULTILEIBL
MATERIALS,UM-STROY
MATERIALS,UMAGA-S
MATERIALS,UMANGOLD
MATERIALS,UMC
MATERIALS,UMH
MATERIALS,UMIKS
MATERIALS,UMIZH-LES
MATERIALS,UMMC
MATERIALS,UMPAK
MATERIALS,UMPROM
MATERIALS,UND-CN
MATERIALS,UNDING
MATERIALS,UNIKHIM
MATERIALS,UNION
MATERIALS,UNITY
MATERIALS,UNOVA
MATERIALS,UPAK
MATERIALS,UPES
MATERIALS,UPK
MATERIALS,UPK-NN
MATERIALS,UPLEX
MATERIALS,UPM
MATERIALS,UPP
MATERIALS,UPTK
MATERIALS,UR-RT
MATERIALS,URAL
MATERIALS,URAL'SKII
MATERIALS,URAL-GYPS
MATERIALS,URAL-SKO
MATERIALS,URALCHEM
MATERIALS,URALGRIT
MATERIALS,URALKALI
MATERIALS,URALKALIY
MATERIALS,URALPAK
MATERIALS,URALSIB
MATERIALS,URALSKO
MATERIALS,URALTREID
MATERIALS,URALWOOD
MATERIALS,URASIA
MATERIALS,URDAN
MATERIALS,URE
MATERIALS,URG
MATERIALS,URGSERVIS
MATERIALS,URITIES
MATERIALS,URMETALL
MATERIALS,URMIISKOE
MATERIALS,UROMETZ
MATERIALS,UROPAPIER
MATERIALS,UROPRINT
MATERIALS,URS
MATERIALS,URSK
MATERIALS,URT
MATERIALS,US-KHOLOD
MATERIALS,USAL
MATERIALS,USALTRANS
MATERIALS,USFOREST
MATERIALS,USICHI
MATERIALS,USINESS
MATERIALS,USINO
MATERIALS,USMARKET
MATERIALS,USMK
MATERIALS,USSHPALA
MATERIALS,USSLAND
MATERIALS,UST
MATERIALS,USTIK
MATERIALS,USTRIYA
MATERIALS,UTAREV
MATERIALS,UTAUGOL
MATERIALS,UTINGS
MATERIALS,UTS
MATERIALS,UVANCHIK
MATERIALS,UVERT
MATERIALS,UVIS
MATERIALS,UX-GROUP
MATERIALS,UXKRAFT
MATERIALS,UYCEMENT
MATERIALS,UZALES
MATERIALS,UZBASS
MATERIALS,UZH
MATERIALS,UZHESTVO
MATERIALS,UZP
MATERIALS,Ural
MATERIALS,Uralgrit
MATERIALS,V-PLAST
MATERIALS,V-PROM
MATERIALS,V-SS
MATERIALS,V-TREID
MATERIALS,VA-LES
MATERIALS,VA-METAL
MATERIALS,VA-TREYD
MATERIALS,VACUMPAK
MATERIALS,VALA
MATERIALS,VANCHIK
MATERIALS,VANGARD
MATERIALS,VANIE
MATERIALS,VANT
MATERIALS,VATSII
MATERIALS,VAYA
MATERIALS,VAZOT
MATERIALS,VC.COM
MATERIALS,VEAL
MATERIALS,VEC
MATERIALS,VEKTOR
MATERIALS,VENTCRAFT
MATERIALS,VERALMAZ
MATERIALS,VERATEC
MATERIALS,VERKHOT
MATERIALS,VERLES
MATERIALS,VEROZAPAD
MATERIALS,VERS
MATERIALS,VERT
MATERIALS,VERTEKS
MATERIALS,VERTIKAL
MATERIALS,VERTORG
MATERIALS,VEST
MATERIALS,VEST'
MATERIALS,"VEST,"
MATERIALS,VET
MATERIALS,VETMET
MATERIALS,VEZA
MATERIALS,VEZA-LES
MATERIALS,VEZDA
MATERIALS,VGUST
MATERIALS,VIALKHIM
MATERIALS,VICE
MATERIALS,VIKTUS
MATERIALS,VIS
MATERIALS,VIT
MATERIALS,VITIM-LES
MATERIALS,VIZ-STEEL
MATERIALS,VIZHIMOST
MATERIALS,VKA
MATERIALS,VKHK
MATERIALS,VLADAKRIL
MATERIALS,VLESPIL
MATERIALS,VLESPROM
MATERIALS,VLP
MATERIALS,VMZ
MATERIALS,VO-BETON
MATERIALS,VOLGA
MATERIALS,VOLGOGRAD
MATERIALS,VOLMA
MATERIALS,VOLMA-VTR
MATERIALS,VOLNA
MATERIALS,VOLOKNO
MATERIALS,VOR
MATERIALS,VORONEZH
MATERIALS,VOSIBIRSK
MATERIALS,VOSTAL-M
MATERIALS,VOSTEEL-M
MATERIALS,VOSTOK
MATERIALS,VOYE
MATERIALS,VPAPER
MATERIALS,VPROM
MATERIALS,VRAZ
MATERIALS,VRK
MATERIALS,VROLEN
MATERIALS,VROPLAST
MATERIALS,VROPOL'
MATERIALS,VRUDNIK
MATERIALS,VSKIY
MATERIALS,VSKOE
MATERIALS,VSKY
MATERIALS,VSNAB
MATERIALS,VTO
MATERIALS,VTOMOLIT
MATERIALS,VTORMET
MATERIALS,VTORSYR'E
MATERIALS,VTOSNAB
MATERIALS,VTR
MATERIALS,VTSEMENT
MATERIALS,VUD
MATERIALS,VURE
MATERIALS,VVTORMET
MATERIALS,VYANSK
MATERIALS,VYAZUGOL
MATERIALS,VYBOR-SPB
MATERIALS,VYE
MATERIALS,VZRYVPROM
MATERIALS,Verallia
MATERIALS,Vinyl
MATERIALS,Vista
MATERIALS,Volga
MATERIALS,Vzryv
MATERIALS,WAVE
MATERIALS,WILSI
MATERIALS,WOOD
MATERIALS,Wood
MATERIALS,X-ALABUGA
MATERIALS,X-GROUP
MATERIALS,X-NANO
MATERIALS,X-UNITY
MATERIALS,XAID
MATERIALS,XICA-SLPK
MATERIALS,XIMPACK
MATERIALS,XKRAFT
MATERIALS,XPLEN
MATERIALS,XPORT
MATERIALS,XTEKH
MATERIALS,XTRADE
MATERIALS,Y-TROTUAR
MATERIALS,YA-INVEST
MATERIALS,YABINSKII
MATERIALS,YAFTIU
MATERIALS,YAKOFF
MATERIALS,YAKPRINT
MATERIALS,YANSK
MATERIALS,YANTAR
MATERIALS,YAROSLAVL
MATERIALS,YAROVIT
MATERIALS,YART
MATERIALS,YAZPK
MATERIALS,YAZRESURS
MATERIALS,YAZUGOL
MATERIALS,YBERSTEEL
MATERIALS,YBERWOOD
MATERIALS,YBOR-SPB
MATERIALS,YCEMENT
MATERIALS,YEK
MATERIALS,YEVSKY
MATERIALS,YKSPORT
MATERIALS,YMA
MATERIALS,YMER
MATERIALS,YMERY
MATERIALS,YMETAL
MATERIALS,YNEA
MATERIALS,YNGENTA
MATERIALS,YNITEK
MATERIALS,YPITL
MATERIALS,YPLAST
MATERIALS,YPS
MATERIALS,YR'E
MATERIALS,YRSKIY
MATERIALS,YS'VA
MATERIALS,YSERVICE
MATERIALS,YSH
MATERIALS,YSHEVAZOT
MATERIALS,YTERRA
MATERIALS,YTKHIM
MATERIALS,YUG
MATERIALS,YUG-UPAK
MATERIALS,YUGK
MATERIALS,YUGRAS
MATERIALS,YUNION
MATERIALS,YUVIS
MATERIALS,YUZP
MATERIALS,YVPROM
MATERIALS,Yarilo
MATERIALS,Z-107
MATERIALS,Z-AKTIV
MATERIALS,Z-STEEL
MATERIALS,ZA-LES
MATERIALS,ZAIN
MATERIALS,ZALES
MATERIALS,ZAO
MATERIALS,ZAPAD
MATERIALS,ZAPMETALL
MATERIALS,ZASHCHITA
MATERIALS,ZBASS
MATERIALS,ZCM
MATERIALS,ZDA
MATERIALS,ZDETAL
MATERIALS,ZEM
MATERIALS,ZEMKOLA
MATERIALS,ZENIE
MATERIALS,ZEYM
MATERIALS,ZFZ
MATERIALS,ZGEOBUR
MATERIALS,ZH-LES
MATERIALS,ZH2
MATERIALS,ZHB
MATERIALS,ZHBETON
MATERIALS,ZHBI-5
MATERIALS,ZHENIE
MATERIALS,ZHER
MATERIALS,ZHESTVO
MATERIALS,ZHIMOST
MATERIALS,ZHINSKOE
MATERIALS,ZHKARTON
MATERIALS,ZHLPK
MATERIALS,ZHOLDING
MATERIALS,ZIRAKS
MATERIALS,ZIT
MATERIALS,ZKK
MATERIALS,ZMK
MATERIALS,ZNES
MATERIALS,ZOK
MATERIALS,ZOLOTO
MATERIALS,ZOR
MATERIALS,ZOS
MATERIALS,ZOT
MATERIALS,ZOVSKY
MATERIALS,ZPF
MATERIALS,ZPK
MATERIALS,ZPM
MATERIALS,ZPOSTAVKA
MATERIALS,ZPR
MATERIALS,ZRESURS
MATERIALS,ZRYVPROM
MATERIALS,ZSF
MATERIALS,ZSMK
MATERIALS,ZTI-M
MATERIALS,ZTK
MATERIALS,ZUGOL
MATERIALS,ZUM
MATERIALS,ZVEST'
MATERIALS,ZVEZDA
MATERIALS,Zenith
MATERIALS,Zirax
MATERIALS,Znamya
MATERIALS,Zodiac
MATERIALS,a-Brucite
MATERIALS,a-Siltech
MATERIALS,aAgro
MATERIALS,aStrap
MATERIALS,abotka
MATERIALS,abservise
MATERIALS,ack
MATERIALS,ackaging
MATERIALS,activ
MATERIALS,ade
MATERIALS,ading
MATERIALS,afPlast
MATERIALS,afit
MATERIALS,aging
MATERIALS,aishet
MATERIALS,aki
MATERIALS,akk
MATERIALS,aktiv
MATERIALS,aktivsnab
MATERIALS,al-A
MATERIALS,algrit
MATERIALS,alileo
MATERIALS,alinteks
MATERIALS,allia
MATERIALS,allpak
MATERIALS,alon-S
MATERIALS,alredmet
MATERIALS,altek
MATERIALS,amaki
MATERIALS,amya
MATERIALS,ance
MATERIALS,and
MATERIALS,andipakk
MATERIALS,angelsk
MATERIALS,anit
MATERIALS,ankar
MATERIALS,anotech
MATERIALS,apital
MATERIALS,appa
MATERIALS,ara
MATERIALS,arelles
MATERIALS,arilo
MATERIALS,ariy
MATERIALS,artli
MATERIALS,artners
MATERIALS,arz-NN
MATERIALS,ash-BZEM
MATERIALS,ast
MATERIALS,ast-Ru
MATERIALS,astiForm
MATERIALS,astic
MATERIALS,astore
MATERIALS,ata
MATERIALS,ate
MATERIALS,atek
MATERIALS,ational
MATERIALS,atzoloto
MATERIALS,azot
MATERIALS,bProf
MATERIALS,bRotoPack
MATERIALS,bent
MATERIALS,berian
MATERIALS,bex
MATERIALS,botka
MATERIALS,broplit
MATERIALS,bservise
MATERIALS,bsteklo
MATERIALS,bsulfur
MATERIALS,btara
MATERIALS,bumprom
MATERIALS,candipakk
MATERIALS,ce-Metal
MATERIALS,cement
MATERIALS,chak
MATERIALS,chem
MATERIALS,chrom
MATERIALS,cite
MATERIALS,ckaging
MATERIALS,com
MATERIALS,croft
MATERIALS,ctiv
MATERIALS,dCell
MATERIALS,dSteel
MATERIALS,dar
MATERIALS,der-Pack
MATERIALS,dest
MATERIALS,diac
MATERIALS,ding
MATERIALS,dipakk
MATERIALS,dmet
MATERIALS,dorsky
MATERIALS,duktion
MATERIALS,dustriya
MATERIALS,e-FLEXO
MATERIALS,e-Metal
MATERIALS,eactiv
MATERIALS,eaktiv
MATERIALS,eal-A
MATERIALS,ech
MATERIALS,edmet
MATERIALS,eel
MATERIALS,efin-Ural
MATERIALS,egastore
MATERIALS,egezha
MATERIALS,egion-Les
MATERIALS,egion-les
MATERIALS,eid
MATERIALS,ek-Center
MATERIALS,ekhno
MATERIALS,ekinoazot
MATERIALS,eklo
MATERIALS,eks
MATERIALS,eligdar
MATERIALS,elkov
MATERIALS,ell
MATERIALS,elles
MATERIALS,elsk
MATERIALS,em-BMU
MATERIALS,ement
MATERIALS,emerovo
MATERIALS,enReactiv
MATERIALS,enith
MATERIALS,ent
MATERIALS,enter
MATERIALS,er-Invest
MATERIALS,er-Pack
MATERIALS,erabotka
MATERIALS,erallia
MATERIALS,ercroft
MATERIALS,ergCement
MATERIALS,erian
MATERIALS,eriya
MATERIALS,ermes
MATERIALS,ermetgrup
MATERIALS,erneyles
MATERIALS,erovo
MATERIALS,erprom
MATERIALS,erra
MATERIALS,ers
MATERIALS,erstal
MATERIALS,ertus
MATERIALS,ervice
MATERIALS,ervis
MATERIALS,ervise
MATERIALS,esla
MATERIALS,esource
MATERIALS,esresurs
MATERIALS,ess-V
MATERIALS,est
MATERIALS,esurs
MATERIALS,etal
MATERIALS,etallpak
MATERIALS,etariy
MATERIALS,etgrup
MATERIALS,ettreid
MATERIALS,evAzot
MATERIALS,everstal
MATERIALS,exim
MATERIALS,eyles
MATERIALS,ezha
MATERIALS,fPlast
MATERIALS,fin-Ural
MATERIALS,fit
MATERIALS,fur
MATERIALS,gCement
MATERIALS,gaStrap
MATERIALS,gastore
MATERIALS,gdar
MATERIALS,gelsk
MATERIALS,gezha
MATERIALS,ging
MATERIALS,gion-Les
MATERIALS,gion-les
MATERIALS,gkhim
MATERIALS,gosib
MATERIALS,grafit
MATERIALS,grit
MATERIALS,gro
MATERIALS,grup
MATERIALS,gsintez
MATERIALS,h-BZEM
MATERIALS,hFMK
MATERIALS,hPZ
MATERIALS,hak
MATERIALS,hangelsk
MATERIALS,hate
MATERIALS,helkov
MATERIALS,hem
MATERIALS,hem-BMU
MATERIALS,het
MATERIALS,hevAzot
MATERIALS,him
MATERIALS,himInvest
MATERIALS,himia
MATERIALS,himikat
MATERIALS,himprom
MATERIALS,hineriya
MATERIALS,hinnoye
MATERIALS,hno
MATERIALS,holod
MATERIALS,hosAgro
MATERIALS,hran
MATERIALS,hrom
MATERIALS,htamaki
MATERIALS,iForm
MATERIALS,iac
MATERIALS,ian
MATERIALS,ibProf
MATERIALS,iberian
MATERIALS,ibroplit
MATERIALS,ibsteklo
MATERIALS,ibsulfur
MATERIALS,ibtara
MATERIALS,ice
MATERIALS,ide
MATERIALS,ider-Pack
MATERIALS,ie-FLEXO
MATERIALS,igdar
MATERIALS,ikaAgro
MATERIALS,ikat
MATERIALS,ikol-Pak
MATERIALS,iks
MATERIALS,ilan
MATERIALS,ileo
MATERIALS,ilo
MATERIALS,iltech
MATERIALS,iluet
MATERIALS,imHolding
MATERIALS,imInvest
MATERIALS,imReaktiv
MATERIALS,imService
MATERIALS,imcement
MATERIALS,imerprom
MATERIALS,imia
MATERIALS,imikat
MATERIALS,improm
MATERIALS,imsorbent
MATERIALS,imvolokno
MATERIALS,in-Ural
MATERIALS,inance
MATERIALS,ineriya
MATERIALS,ing
MATERIALS,innoye
MATERIALS,inoazot
MATERIALS,inteks
MATERIALS,intez
MATERIALS,inyl
MATERIALS,ion
MATERIALS,ion-Les
MATERIALS,ion-les
MATERIALS,ional
MATERIALS,ioritet
MATERIALS,ipakk
MATERIALS,ipos
MATERIALS,irax
MATERIALS,ise
MATERIALS,ishet
MATERIALS,ista
MATERIALS,itWood
MATERIALS,ital
MATERIALS,ite
MATERIALS,itet
MATERIALS,itex
MATERIALS,ith
MATERIALS,itumiks
MATERIALS,ivsnab
MATERIALS,iya
MATERIALS,k-Center
MATERIALS,kResource
MATERIALS,kaAgro
MATERIALS,kaging
MATERIALS,kar
MATERIALS,karelles
MATERIALS,kat
MATERIALS,kbumprom
MATERIALS,kcement
MATERIALS,kgrafit
MATERIALS,khangelsk
MATERIALS,khim
MATERIALS,khno
MATERIALS,kinoazot
MATERIALS,klo
MATERIALS,kno
MATERIALS,kol-Pak
MATERIALS,kon-Trade
MATERIALS,kopet
MATERIALS,kov
MATERIALS,krilan
MATERIALS,ktion
MATERIALS,ktiv
MATERIALS,ktivsnab
MATERIALS,kvatek
MATERIALS,l-A
MATERIALS,l-Pak
MATERIALS,l-Rusta
MATERIALS,lan
MATERIALS,lanit
MATERIALS,last
MATERIALS,last-Ru
MATERIALS,lastiForm
MATERIALS,lastic
MATERIALS,lding
MATERIALS,leks
MATERIALS,leo
MATERIALS,les
MATERIALS,letariy
MATERIALS,lfur
MATERIALS,lga
MATERIALS,lgaStrap
MATERIALS,lgrit
MATERIALS,lia
MATERIALS,ligdar
MATERIALS,lileo
MATERIALS,lim
MATERIALS,limerprom
MATERIALS,linteks
MATERIALS,lit
MATERIALS,litWood
MATERIALS,lkov
MATERIALS,lles
MATERIALS,llia
MATERIALS,llpak
MATERIALS,lod
MATERIALS,lokno
MATERIALS,lon-S
MATERIALS,loto
MATERIALS,lpak
MATERIALS,lphate
MATERIALS,lpikaAgro
MATERIALS,lpla
MATERIALS,lredmet
MATERIALS,lsk
MATERIALS,lstek
MATERIALS,ltech
MATERIALS,ltek
MATERIALS,luet
MATERIALS,lus
MATERIALS,lychem
MATERIALS,lycom
MATERIALS,lyexim
MATERIALS,lyterra
MATERIALS,lyus
MATERIALS,m-BMU
MATERIALS,mBytHim
MATERIALS,mHolding
MATERIALS,mInTekhno
MATERIALS,mInvest
MATERIALS,mKholod
MATERIALS,mPartners
MATERIALS,mReaktiv
MATERIALS,mService
MATERIALS,maki
MATERIALS,mash-BZEM
MATERIALS,mcement
MATERIALS,ment
MATERIALS,merovo
MATERIALS,merprom
MATERIALS,mes
MATERIALS,met
MATERIALS,metgrup
MATERIALS,mettreid
MATERIALS,mhim
MATERIALS,mia
MATERIALS,mikat
MATERIALS,miks
MATERIALS,mitex
MATERIALS,mles
MATERIALS,mposit
MATERIALS,mprom
MATERIALS,msorbent
MATERIALS,mvolokno
MATERIALS,mya
MATERIALS,n-Cord
MATERIALS,n-Kholod
MATERIALS,n-Les
MATERIALS,n-S
MATERIALS,n-Trade
MATERIALS,n-Ural
MATERIALS,n-les
MATERIALS,nReactiv
MATERIALS,nTekhno
MATERIALS,nab
MATERIALS,nal
MATERIALS,namya
MATERIALS,nance
MATERIALS,nar
MATERIALS,national
MATERIALS,nce
MATERIALS,nce-Metal
MATERIALS,ndipakk
MATERIALS,ndustriya
MATERIALS,neriya
MATERIALS,ners
MATERIALS,neyles
MATERIALS,ngelsk
MATERIALS,nie-FLEXO
MATERIALS,nit
MATERIALS,nith
MATERIALS,nkar
MATERIALS,nnoye
MATERIALS,noazot
MATERIALS,notech
MATERIALS,noye
MATERIALS,nplast-Ru
MATERIALS,nteks
MATERIALS,nter
MATERIALS,ntez
MATERIALS,ntside
MATERIALS,nvest
MATERIALS,nyl
MATERIALS,nyx
MATERIALS,oChem-BMU
MATERIALS,oPack
MATERIALS,oazot
MATERIALS,ochem
MATERIALS,ochrom
MATERIALS,odest
MATERIALS,odiac
MATERIALS,oduktion
MATERIALS,oft
MATERIALS,ogosib
MATERIALS,ohimikat
MATERIALS,okno
MATERIALS,ol-Pak
MATERIALS,ol-Rusta
MATERIALS,olding
MATERIALS,oletariy
MATERIALS,olga
MATERIALS,olgaStrap
MATERIALS,olod
MATERIALS,olokno
MATERIALS,oloto
MATERIALS,olstek
MATERIALS,olychem
MATERIALS,olycom
MATERIALS,olyexim
MATERIALS,olyus
MATERIALS,omBytHim
MATERIALS,omKholod
MATERIALS,omhim
MATERIALS,omitex
MATERIALS,omles
MATERIALS,omposit
MATERIALS,on-Cord
MATERIALS,on-Kholod
MATERIALS,on-Les
MATERIALS,on-S
MATERIALS,on-Trade
MATERIALS,on-les
MATERIALS,onal
MATERIALS,onar
MATERIALS,ontside
MATERIALS,ood
MATERIALS,opProm
MATERIALS,opet
MATERIALS,oplit
MATERIALS,orbent
MATERIALS,ord
MATERIALS,ordCell
MATERIALS,ordSteel
MATERIALS,ore
MATERIALS,orgsintez
MATERIALS,oritet
MATERIALS,orm
MATERIALS,orozovka
MATERIALS,orsky
MATERIALS,ortex
MATERIALS,osAgro
MATERIALS,oscement
MATERIALS,osib
MATERIALS,osit
MATERIALS,ot-Vzryv
MATERIALS,otech
MATERIALS,otek
MATERIALS,otka
MATERIALS,oto
MATERIALS,otoPack
MATERIALS,oup
MATERIALS,ource
MATERIALS,ovdorsky
MATERIALS,ovka
MATERIALS,ovo
MATERIALS,ovochrom
MATERIALS,oyInvest
MATERIALS,oye
MATERIALS,oyplast
MATERIALS,oyservis
MATERIALS,ozAgro
MATERIALS,ozovka
MATERIALS,pProm
MATERIALS,pak
MATERIALS,pakk
MATERIALS,pchak
MATERIALS,pet
MATERIALS,phate
MATERIALS,pikaAgro
MATERIALS,pital
MATERIALS,pkarelles
MATERIALS,pla
MATERIALS,plast
MATERIALS,plast-Ru
MATERIALS,plit
MATERIALS,plus
MATERIALS,pos
MATERIALS,posit
MATERIALS,ppa
MATERIALS,prom
MATERIALS,r-Invest
MATERIALS,r-Pack
MATERIALS,rabotka
MATERIALS,rade
MATERIALS,rading
MATERIALS,rafit
MATERIALS,ral
MATERIALS,ralgrit
MATERIALS,rallia
MATERIALS,ralredmet
MATERIALS,ran
MATERIALS,rand
MATERIALS,rap
MATERIALS,rata
MATERIALS,rax
MATERIALS,raz
MATERIALS,rbent
MATERIALS,rce
MATERIALS,rcroft
MATERIALS,rdCell
MATERIALS,rdSteel
MATERIALS,redmet
MATERIALS,reid
MATERIALS,relles
MATERIALS,rerabotka
MATERIALS,ress-V
MATERIALS,resurs
MATERIALS,rgCement
MATERIALS,rgkhim
MATERIALS,rgsintez
MATERIALS,rian
MATERIALS,rilan
MATERIALS,rilo
MATERIALS,rioritet
MATERIALS,rit
MATERIALS,ritet
MATERIALS,riy
MATERIALS,riya
MATERIALS,rmes
MATERIALS,rmetgrup
MATERIALS,rnational
MATERIALS,rneyles
MATERIALS,rochem
MATERIALS,rodest
MATERIALS,roduktion
MATERIALS,rof
MATERIALS,roft
MATERIALS,rohimikat
MATERIALS,rol-Rusta
MATERIALS,roletariy
MATERIALS,rom
MATERIALS,romBytHim
MATERIALS,romKholod
MATERIALS,romhim
MATERIALS,romles
MATERIALS,rontside
MATERIALS,roplit
MATERIALS,roscement
MATERIALS,rotek
MATERIALS,roup
MATERIALS,rovo
MATERIALS,royInvest
MATERIALS,royplast
MATERIALS,royservis
MATERIALS,rozovka
MATERIALS,rprom
MATERIALS,rra
MATERIALS,rshinnoye
MATERIALS,rskcement
MATERIALS,rskgrafit
MATERIALS,rsky
MATERIALS,rstal
MATERIALS,rtex
MATERIALS,rtli
MATERIALS,rtners
MATERIALS,rtus
MATERIALS,rucite
MATERIALS,rup
MATERIALS,rupchak
MATERIALS,rvice
MATERIALS,rvis
MATERIALS,rvise
MATERIALS,ryv
MATERIALS,ryvInvest
MATERIALS,rz-NN
MATERIALS,s-V
MATERIALS,sAgro
MATERIALS,sVinyl
MATERIALS,sal
MATERIALS,scement
MATERIALS,servis
MATERIALS,servise
MATERIALS,sh-BZEM
MATERIALS,shet
MATERIALS,shevAzot
MATERIALS,shineriya
MATERIALS,shinnoye
MATERIALS,sib
MATERIALS,side
MATERIALS,sintez
MATERIALS,sit
MATERIALS,skbumprom
MATERIALS,skcement
MATERIALS,skgrafit
MATERIALS,sky
MATERIALS,sla
MATERIALS,smettreid
MATERIALS,snab
MATERIALS,sorbent
MATERIALS,source
MATERIALS,sresurs
MATERIALS,ss-V
MATERIALS,st-Ru
MATERIALS,sta
MATERIALS,stal
MATERIALS,stek
MATERIALS,steklo
MATERIALS,stercroft
MATERIALS,stiForm
MATERIALS,stic
MATERIALS,store
MATERIALS,striya
MATERIALS,sulfur
MATERIALS,sulphate
MATERIALS,surs
MATERIALS,t-Ru
MATERIALS,t-Vzryv
MATERIALS,tHim
MATERIALS,tWood
MATERIALS,tal
MATERIALS,talinteks
MATERIALS,tallpak
MATERIALS,tamaki
MATERIALS,tara
MATERIALS,tariy
MATERIALS,td.
MATERIALS,tech
MATERIALS,teel
MATERIALS,tek
MATERIALS,teklo
MATERIALS,teks
MATERIALS,ter
MATERIALS,tercroft
MATERIALS,terra
MATERIALS,tet
MATERIALS,tex
MATERIALS,tez
MATERIALS,tgrup
MATERIALS,tiForm
MATERIALS,tic
MATERIALS,timcement
MATERIALS,tion
MATERIALS,tional
MATERIALS,tiv
MATERIALS,tivsnab
MATERIALS,tka
MATERIALS,tli
MATERIALS,tners
MATERIALS,toPack
MATERIALS,tore
MATERIALS,trap
MATERIALS,treid
MATERIALS,triya
MATERIALS,troyplast
MATERIALS,tside
MATERIALS,ttreid
MATERIALS,tumiks
MATERIALS,tus
MATERIALS,tzoloto
MATERIALS,ubex
MATERIALS,ucite
MATERIALS,uet
MATERIALS,uhtamaki
MATERIALS,uktion
MATERIALS,ulfur
MATERIALS,ulphate
MATERIALS,umiks
MATERIALS,umprom
MATERIALS,upchak
MATERIALS,urce
MATERIALS,urochem
MATERIALS,urs
MATERIALS,usVinyl
MATERIALS,usal
MATERIALS,usta
MATERIALS,ustriya
MATERIALS,vAzot
MATERIALS,vInvest
MATERIALS,valon-S
MATERIALS,varz-NN
MATERIALS,vatek
MATERIALS,vdorsky
MATERIALS,verstal
MATERIALS,vest
MATERIALS,vice
MATERIALS,vis
MATERIALS,vise
MATERIALS,vka
MATERIALS,vochrom
MATERIALS,volokno
MATERIALS,vraz
MATERIALS,vsnab
MATERIALS,xim
MATERIALS,yInvest
MATERIALS,yatzoloto
MATERIALS,ychem
MATERIALS,ycom
MATERIALS,yexim
MATERIALS,yles
MATERIALS,yplast
MATERIALS,yrotek
MATERIALS,yservis
MATERIALS,yshevAzot
MATERIALS,ytHim
MATERIALS,yterra
MATERIALS,yus
MATERIALS,yvInvest
MATERIALS,z-NN
MATERIALS,zAgro
MATERIALS,zha
MATERIALS,zoloto
MATERIALS,zot
MATERIALS,zot-Vzryv
MATERIALS,zovka
MATERIALS,zryv
NOT RELEVANT,'SKII-1
NOT RELEVANT,'TAIR-2
NOT RELEVANT,'TEKHGAZ
NOT RELEVANT,'TSO-1
NOT RELEVANT,-2000
NOT RELEVANT,-2005
NOT RELEVANT,-31
NOT RELEVANT,-49
NOT RELEVANT,-526
NOT RELEVANT,-97
NOT RELEVANT,-AERO
NOT RELEVANT,-AGRO
NOT RELEVANT,-AUTO
NOT RELEVANT,-AUTOBRIZ
NOT RELEVANT,-AVTO
NOT RELEVANT,-BELYAEVO
NOT RELEVANT,-BERGER
NOT RELEVANT,-BETON
NOT RELEVANT,-CEMENT
NOT RELEVANT,-CENTER
NOT RELEVANT,-CHEKHOV
NOT RELEVANT,-COM
NOT RELEVANT,-COMPLEX
NOT RELEVANT,-DESIGN
NOT RELEVANT,-DOM
NOT RELEVANT,-ESTATE
NOT RELEVANT,-GLORIA
NOT RELEVANT,-GMBH
NOT RELEVANT,-GOLD
NOT RELEVANT,-GROUP
NOT RELEVANT,-HOLDING
NOT RELEVANT,-IMPEX
NOT RELEVANT,-INVEST
NOT RELEVANT,-IRKUTSK
NOT RELEVANT,-IZH
NOT RELEVANT,-KHOLDING
NOT RELEVANT,-KOKS
NOT RELEVANT,-KONSALT
NOT RELEVANT,-KRASPAN
NOT RELEVANT,-LADA
NOT RELEVANT,-LEASING
NOT RELEVANT,-LOGISTIC
NOT RELEVANT,-LV
NOT RELEVANT,-LYUKS
NOT RELEVANT,-MARKET
NOT RELEVANT,-MOBIL
NOT RELEVANT,-MOTORS
NOT RELEVANT,-MTA
NOT RELEVANT,-NN
NOT RELEVANT,-NORTH
NOT RELEVANT,-ODIN
NOT RELEVANT,-OKNO
NOT RELEVANT,-PACK
NOT RELEVANT,-PERM
NOT RELEVANT,-PLAST
NOT RELEVANT,-PLASTIC
NOT RELEVANT,-PLUS
NOT RELEVANT,-PORTAL
NOT RELEVANT,-PRINT
NOT RELEVANT,-PRODUCT
NOT RELEVANT,-PROFIL
NOT RELEVANT,-PROJECT
NOT RELEVANT,-REDUT
NOT RELEVANT,-RESOURCE
NOT RELEVANT,-RESURS
NOT RELEVANT,-SEAL
NOT RELEVANT,-SERVICE
NOT RELEVANT,-SERVIS
NOT RELEVANT,-SEV
NOT RELEVANT,-SIBIR
NOT RELEVANT,-SIRIUS
NOT RELEVANT,-STAR
NOT RELEVANT,-STEP
NOT RELEVANT,-STIL'
NOT RELEVANT,-STROY
NOT RELEVANT,-TC
NOT RELEVANT,-TELEKOM
NOT RELEVANT,-TERMINAL
NOT RELEVANT,-TIKHVIN
NOT RELEVANT,-TORG
NOT RELEVANT,-TRADE
NOT RELEVANT,-TRANS
NOT RELEVANT,-TRANZIT
NOT RELEVANT,-TSENTR
NOT RELEVANT,-TYUMEN
NOT RELEVANT,-URAL
NOT RELEVANT,-VIDEO
NOT RELEVANT,-VK
NOT RELEVANT,-VLADIMIR
NOT RELEVANT,-VOSTOK
NOT RELEVANT,-Video
NOT RELEVANT,-XXI
NOT RELEVANT,-YUG
NOT RELEVANT,-ZAKAMSK
NOT RELEVANT,-ZAPAD
NOT RELEVANT,-centre
NOT RELEVANT,.D.
NOT RELEVANT,.D.D.
NOT RELEVANT,.F.G.
NOT RELEVANT,.G.
NOT RELEVANT,.R.Rouss
NOT RELEVANT,.RU
NOT RELEVANT,.RUS
NOT RELEVANT,.Rouss
NOT RELEVANT,.S.
NOT RELEVANT,.VIDEO
NOT RELEVANT,000
NOT RELEVANT,005
NOT RELEVANT,018
NOT RELEVANT,02111
NOT RELEVANT,061
NOT RELEVANT,0704
NOT RELEVANT,0705
NOT RELEVANT,0730
NOT RELEVANT,0736
NOT RELEVANT,0737
NOT RELEVANT,075
NOT RELEVANT,087
NOT RELEVANT,08796
NOT RELEVANT,0943
NOT RELEVANT,1061
NOT RELEVANT,111
NOT RELEVANT,134642
NOT RELEVANT,153
NOT RELEVANT,165262
NOT RELEVANT,1697
NOT RELEVANT,1698
NOT RELEVANT,17087
NOT RELEVANT,174
NOT RELEVANT,1943
NOT RELEVANT,2000
NOT RELEVANT,2005
NOT RELEVANT,20704
NOT RELEVANT,20705
NOT RELEVANT,20730
NOT RELEVANT,20736
NOT RELEVANT,20737
NOT RELEVANT,20943
NOT RELEVANT,2111
NOT RELEVANT,21697
NOT RELEVANT,21698
NOT RELEVANT,221
NOT RELEVANT,2373
NOT RELEVANT,24075
NOT RELEVANT,258709
NOT RELEVANT,262
NOT RELEVANT,26489
NOT RELEVANT,27018
NOT RELEVANT,27981
NOT RELEVANT,31943
NOT RELEVANT,3429
NOT RELEVANT,34642
NOT RELEVANT,36174
NOT RELEVANT,373
NOT RELEVANT,378
NOT RELEVANT,379221
NOT RELEVANT,3846
NOT RELEVANT,393429
NOT RELEVANT,398378
NOT RELEVANT,4075
NOT RELEVANT,429
NOT RELEVANT,4642
NOT RELEVANT,48153
NOT RELEVANT,489
NOT RELEVANT,51061
NOT RELEVANT,526
NOT RELEVANT,5262
NOT RELEVANT,53846
NOT RELEVANT,58709
NOT RELEVANT,6174
NOT RELEVANT,620704
NOT RELEVANT,620705
NOT RELEVANT,620730
NOT RELEVANT,620736
NOT RELEVANT,620737
NOT RELEVANT,620943
NOT RELEVANT,621697
NOT RELEVANT,621698
NOT RELEVANT,642
NOT RELEVANT,6489
NOT RELEVANT,65262
NOT RELEVANT,68NM
NOT RELEVANT,697
NOT RELEVANT,698
NOT RELEVANT,7018
NOT RELEVANT,704
NOT RELEVANT,705
NOT RELEVANT,7087
NOT RELEVANT,709
NOT RELEVANT,72373
NOT RELEVANT,730
NOT RELEVANT,736
NOT RELEVANT,737
NOT RELEVANT,751061
NOT RELEVANT,79221
NOT RELEVANT,796
NOT RELEVANT,7981
NOT RELEVANT,808796
NOT RELEVANT,8153
NOT RELEVANT,817087
NOT RELEVANT,824075
NOT RELEVANT,826489
NOT RELEVANT,827018
NOT RELEVANT,827981
NOT RELEVANT,831943
NOT RELEVANT,8378
NOT RELEVANT,846
NOT RELEVANT,848153
NOT RELEVANT,8709
NOT RELEVANT,872373
NOT RELEVANT,8796
NOT RELEVANT,8NM
NOT RELEVANT,9221
NOT RELEVANT,93429
NOT RELEVANT,943
NOT RELEVANT,953846
NOT RELEVANT,981
NOT RELEVANT,98378
NOT RELEVANT,9E2
NOT RELEVANT,A-2000
NOT RELEVANT,A-97
NOT RELEVANT,A-AVTO
NOT RELEVANT,A-DESIGN
NOT RELEVANT,A-GLORIA
NOT RELEVANT,A-MOTORS
NOT RELEVANT,A-ODIN
NOT RELEVANT,A-PLAST
NOT RELEVANT,A-PROJECT
NOT RELEVANT,A-S
NOT RELEVANT,A-SERVIS
NOT RELEVANT,A-STAR
NOT RELEVANT,A-STEP
NOT RELEVANT,A-STROY
NOT RELEVANT,A-TRANS
NOT RELEVANT,A-VOSTOK
NOT RELEVANT,A.D.D.
NOT RELEVANT,A.RU
NOT RELEVANT,A.S.
NOT RELEVANT,AAL
NOT RELEVANT,AALYCN
NOT RELEVANT,AB68NM
NOT RELEVANT,ABEL
NOT RELEVANT,ABIR
NOT RELEVANT,ABLE
NOT RELEVANT,ABSBYT
NOT RELEVANT,ABSERVICE
NOT RELEVANT,ABW9E2
NOT RELEVANT,ACCUAMAX
NOT RELEVANT,ACHA
NOT RELEVANT,ACHKA
NOT RELEVANT,ACHPROECT
NOT RELEVANT,ACIA
NOT RELEVANT,ACK
NOT RELEVANT,ACK-GOLD
NOT RELEVANT,ACOMNET
NOT RELEVANT,ACTIV
NOT RELEVANT,ADA
NOT RELEVANT,ADAM
NOT RELEVANT,ADE
NOT RELEVANT,ADE-M
NOT RELEVANT,ADEMIE
NOT RELEVANT,ADEMIYA
NOT RELEVANT,ADIMIR
NOT RELEVANT,ADISE
NOT RELEVANT,ADROMA
NOT RELEVANT,ADWATCH
NOT RELEVANT,AERO
NOT RELEVANT,AEVO
NOT RELEVANT,AFIN
NOT RELEVANT,AFTATRANS
NOT RELEVANT,AFTINVEST
NOT RELEVANT,AGEMENT
NOT RELEVANT,AGNAT
NOT RELEVANT,AGNIT
NOT RELEVANT,AGON
NOT RELEVANT,AGRATION
NOT RELEVANT,AGRIKA
NOT RELEVANT,AGRO
NOT RELEVANT,AGRODAR
NOT RELEVANT,AGROLINE
NOT RELEVANT,AGROPROM
NOT RELEVANT,AGROSTAR
NOT RELEVANT,AGROTORG
NOT RELEVANT,AI-KOKS
NOT RELEVANT,AIN
NOT RELEVANT,AINVEST
NOT RELEVANT,AIR
NOT RELEVANT,AIR-2
NOT RELEVANT,AIVAGON
NOT RELEVANT,AJOR-AUTO
NOT RELEVANT,AKADEMIYA
NOT RELEVANT,AKAMSK
NOT RELEVANT,AKF
NOT RELEVANT,AKH
NOT RELEVANT,AKHT
NOT RELEVANT,AKO
NOT RELEVANT,AKS
NOT RELEVANT,AKSAMIT-K
NOT RELEVANT,AKSFORT
NOT RELEVANT,AKT
NOT RELEVANT,AKURS
NOT RELEVANT,AKVALAIN
NOT RELEVANT,AL'SKII-1
NOT RELEVANT,AL'TAIR-2
NOT RELEVANT,AL-AUTO
NOT RELEVANT,AL-INVEST
NOT RELEVANT,AL-PACK
NOT RELEVANT,AL-PROFIL
NOT RELEVANT,AL-ZAPAD
NOT RELEVANT,ALAIN
NOT RELEVANT,ALASHIKHA
NOT RELEVANT,ALCHUG
NOT RELEVANT,ALESUND
NOT RELEVANT,ALGEOMASH
NOT RELEVANT,ALHIMMASH
NOT RELEVANT,ALIT-V
NOT RELEVANT,ALKABEL
NOT RELEVANT,ALL
NOT RELEVANT,ALLIANCE
NOT RELEVANT,ALMERIYA
NOT RELEVANT,ALNIY
NOT RELEVANT,ALON
NOT RELEVANT,ALOTTI
NOT RELEVANT,ALPI
NOT RELEVANT,ALPLASTIC
NOT RELEVANT,ALSERVIS
NOT RELEVANT,ALSET
NOT RELEVANT,ALSHINA
NOT RELEVANT,ALT
NOT RELEVANT,ALTAIR
NOT RELEVANT,ALTAT
NOT RELEVANT,ALTECHGAZ
NOT RELEVANT,ALTEISKII
NOT RELEVANT,ALTPROM
NOT RELEVANT,ALTRYBCOM
NOT RELEVANT,ALY
NOT RELEVANT,ALYCN
NOT RELEVANT,AMA
NOT RELEVANT,AMA.RU
NOT RELEVANT,AMAG
NOT RELEVANT,AMARKET
NOT RELEVANT,AMAX
NOT RELEVANT,AMI
NOT RELEVANT,AMIKA
NOT RELEVANT,AMIT-K
NOT RELEVANT,AMOND
NOT RELEVANT,AMSK
NOT RELEVANT,AMTEL
NOT RELEVANT,AN-LADA
NOT RELEVANT,ANA
NOT RELEVANT,ANAGEMENT
NOT RELEVANT,ANCE
NOT RELEVANT,AND
NOT RELEVANT,ANDART
NOT RELEVANT,ANDEM
NOT RELEVANT,ANGE
NOT RELEVANT,ANIE
NOT RELEVANT,ANIZACIA
NOT RELEVANT,ANKO
NOT RELEVANT,ANKOR
NOT RELEVANT,ANNERT
NOT RELEVANT,ANOD-TC
NOT RELEVANT,ANORAMA
NOT RELEVANT,ANS
NOT RELEVANT,ANS-SEAL
NOT RELEVANT,ANSAVTO
NOT RELEVANT,ANSAZS
NOT RELEVANT,ANSCARGO
NOT RELEVANT,ANSGAZ
NOT RELEVANT,ANSMET
NOT RELEVANT,ANSSINTEZ
NOT RELEVANT,ANSSTROY
NOT RELEVANT,ANT
NOT RELEVANT,ANTA-S
NOT RELEVANT,ANTARES
NOT RELEVANT,ANTARIS
NOT RELEVANT,ANZBURO
NOT RELEVANT,ANZIT
NOT RELEVANT,APAD
NOT RELEVANT,APAS
NOT RELEVANT,APEZA
NOT RELEVANT,APPAREL
NOT RELEVANT,AQUADEMIE
NOT RELEVANT,ARADISE
NOT RELEVANT,ARAGON
NOT RELEVANT,ARBARIS
NOT RELEVANT,ARCH
NOT RELEVANT,ARD
NOT RELEVANT,ARDIKA
NOT RELEVANT,ARDIS
NOT RELEVANT,ARDISI
NOT RELEVANT,AREL
NOT RELEVANT,ARES
NOT RELEVANT,ARETEX
NOT RELEVANT,ARGO
NOT RELEVANT,ARIA-AVTO
NOT RELEVANT,ARIGON
NOT RELEVANT,ARIS
NOT RELEVANT,ARKAS
NOT RELEVANT,ARKET
NOT RELEVANT,ARKETING
NOT RELEVANT,ARM
NOT RELEVANT,ARM-F
NOT RELEVANT,ARM-NN
NOT RELEVANT,ARNAS-M
NOT RELEVANT,ARNIVAL
NOT RELEVANT,AROSLAVL
NOT RELEVANT,ARPAK
NOT RELEVANT,ART
NOT RELEVANT,ARTAN
NOT RELEVANT,ARTEMIDA
NOT RELEVANT,ARTIKA
NOT RELEVANT,ARTISAN
NOT RELEVANT,ARTLAND
NOT RELEVANT,ARTS
NOT RELEVANT,ARY
NOT RELEVANT,AS-M
NOT RELEVANT,ASAR
NOT RELEVANT,ASENEVO
NOT RELEVANT,ASH
NOT RELEVANT,ASHCHITA
NOT RELEVANT,ASHIKHA
NOT RELEVANT,ASHSERVIS
NOT RELEVANT,ASING
NOT RELEVANT,ASKER
NOT RELEVANT,ASPAN
NOT RELEVANT,ASR
NOT RELEVANT,ASSERVISE
NOT RELEVANT,ASSIC
NOT RELEVANT,ASSUGOL
NOT RELEVANT,AST
NOT RELEVANT,ASTIC
NOT RELEVANT,ASTIK
NOT RELEVANT,ASTOR
NOT RELEVANT,ATA
NOT RELEVANT,ATCH
NOT RELEVANT,ATE
NOT RELEVANT,ATERIALY
NOT RELEVANT,ATFORMA
NOT RELEVANT,ATION
NOT RELEVANT,ATIONAL
NOT RELEVANT,ATLANTA-S
NOT RELEVANT,ATOCHMASH
NOT RELEVANT,ATOR
NOT RELEVANT,ATRANS
NOT RELEVANT,ATREID
NOT RELEVANT,ATRIOT
NOT RELEVANT,ATSIYA
NOT RELEVANT,ATYEVSKY
NOT RELEVANT,AUCHAN
NOT RELEVANT,AUND
NOT RELEVANT,AUTO
NOT RELEVANT,AUTOBRIZ
NOT RELEVANT,AV-AVTO
NOT RELEVANT,AVAYA
NOT RELEVANT,AVENUE
NOT RELEVANT,AVERRHOA
NOT RELEVANT,AVILON
NOT RELEVANT,AVIS
NOT RELEVANT,AVISIMOST
NOT RELEVANT,AVL
NOT RELEVANT,AVODSKIY
NOT RELEVANT,AVORITE
NOT RELEVANT,AVSNAB
NOT RELEVANT,AVSTROY
NOT RELEVANT,AVTO
NOT RELEVANT,AVTOHOUSE
NOT RELEVANT,AVTOKOM
NOT RELEVANT,AVTOLIZ
NOT RELEVANT,AVTOPLAST
NOT RELEVANT,AVTOTEMP
NOT RELEVANT,AVTOVAZ
NOT RELEVANT,AVYDOVO
NOT RELEVANT,AXIS
NOT RELEVANT,AXRANGE
NOT RELEVANT,AYA
NOT RELEVANT,AYAK
NOT RELEVANT,AYAKS
NOT RELEVANT,AYD-A
NOT RELEVANT,AZGULAY
NOT RELEVANT,AZH
NOT RELEVANT,AZIMUT
NOT RELEVANT,AZLEASING
NOT RELEVANT,AZREZUGOL
NOT RELEVANT,AZS
NOT RELEVANT,AZSERVIS
NOT RELEVANT,AZSTROIKO
NOT RELEVANT,B68NM
NOT RELEVANT,BAGRATION
NOT RELEVANT,BAKO
NOT RELEVANT,BALCHUG
NOT RELEVANT,BALTPROM
NOT RELEVANT,BAN-LADA
NOT RELEVANT,BARBARIS
NOT RELEVANT,BARIS
NOT RELEVANT,BARKAS
NOT RELEVANT,BASSUGOL
NOT RELEVANT,BCC
NOT RELEVANT,BCOM
NOT RELEVANT,BEDA
NOT RELEVANT,BEL
NOT RELEVANT,BELOGOR'E
NOT RELEVANT,BELON
NOT RELEVANT,BELYAEVO
NOT RELEVANT,BEN
NOT RELEVANT,BER
NOT RELEVANT,BERGER
NOT RELEVANT,BERICAP
NOT RELEVANT,BETON
NOT RELEVANT,BFLOTPROM
NOT RELEVANT,BIL
NOT RELEVANT,BINAT
NOT RELEVANT,BIR
NOT RELEVANT,BIR-VK
NOT RELEVANT,BIRIACHKA
NOT RELEVANT,BIT
NOT RELEVANT,BLE
NOT RELEVANT,BLES
NOT RELEVANT,BLIVSKII
NOT RELEVANT,BLT
NOT RELEVANT,BMASH
NOT RELEVANT,BNEFT
NOT RELEVANT,BOKSARY
NOT RELEVANT,BOR
NOT RELEVANT,BORVIKHA
NOT RELEVANT,BOS-AUTO
NOT RELEVANT,BPROM
NOT RELEVANT,BRIZ
NOT RELEVANT,BS-GMBH
NOT RELEVANT,BSBYT
NOT RELEVANT,BSERVICE
NOT RELEVANT,BUBEN
NOT RELEVANT,BUMSNAB
NOT RELEVANT,BUR
NOT RELEVANT,BURG-AVTO
NOT RELEVANT,BURO
NOT RELEVANT,BUS
NOT RELEVANT,BUSINESS
NOT RELEVANT,BW9E2
NOT RELEVANT,BYT
NOT RELEVANT,BYTCHA
NOT RELEVANT,C-1
NOT RELEVANT,CABLE
NOT RELEVANT,CAP
NOT RELEVANT,CARD
NOT RELEVANT,CARGO
NOT RELEVANT,CARTLAND
NOT RELEVANT,CCUAMAX
NOT RELEVANT,CE-IMPEX
NOT RELEVANT,CEAN
NOT RELEVANT,CELEASING
NOT RELEVANT,CEMENT
NOT RELEVANT,CEMROS
NOT RELEVANT,CENTER
NOT RELEVANT,CENTER-T
NOT RELEVANT,CH-URAL
NOT RELEVANT,CHA
NOT RELEVANT,CHAN
NOT RELEVANT,CHAYA
NOT RELEVANT,CHCABLE
NOT RELEVANT,CHEG
NOT RELEVANT,CHEKHOV
NOT RELEVANT,CHENSKIY
NOT RELEVANT,CHERMET
NOT RELEVANT,CHESKAYA
NOT RELEVANT,CHGAZ
NOT RELEVANT,CHIE
NOT RELEVANT,CHITA
NOT RELEVANT,CHKA
NOT RELEVANT,CHMASH
NOT RELEVANT,CHNICA
NOT RELEVANT,CHNOLACK
NOT RELEVANT,CHNOSNAB
NOT RELEVANT,CHNOSPORT
NOT RELEVANT,CHPROECT
NOT RELEVANT,CHS
NOT RELEVANT,CHUG
NOT RELEVANT,CIA
NOT RELEVANT,CIATION
NOT RELEVANT,CIYA-ODIN
NOT RELEVANT,CK-GOLD
NOT RELEVANT,CKWOOL
NOT RELEVANT,CLASSIC
NOT RELEVANT,CNPSEI
NOT RELEVANT,COM
NOT RELEVANT,COMNET
NOT RELEVANT,COMPLEX
NOT RELEVANT,CORSICO
NOT RELEVANT,CRON
NOT RELEVANT,CROSSLINE
NOT RELEVANT,CTIV
NOT RELEVANT,CTIVA
NOT RELEVANT,CTOR
NOT RELEVANT,CUAMAX
NOT RELEVANT,D-A
NOT RELEVANT,D-BERGER
NOT RELEVANT,D-INVEST
NOT RELEVANT,D-MOTORS
NOT RELEVANT,D-TC
NOT RELEVANT,D.D.
NOT RELEVANT,DA-2000
NOT RELEVANT,DACHA
NOT RELEVANT,DAM
NOT RELEVANT,DANKO
NOT RELEVANT,DANNERT
NOT RELEVANT,DAR
NOT RELEVANT,DART
NOT RELEVANT,DAV-AVTO
NOT RELEVANT,DAVYDOVO
NOT RELEVANT,DAY
NOT RELEVANT,DE-M
NOT RELEVANT,DEAL-AUTO
NOT RELEVANT,DELIA
NOT RELEVANT,DELO
NOT RELEVANT,DEM
NOT RELEVANT,DEMIE
NOT RELEVANT,DEMIYA
NOT RELEVANT,DEO
NOT RELEVANT,DESIGN
NOT RELEVANT,DETAL
NOT RELEVANT,DEX
NOT RELEVANT,DIADA
NOT RELEVANT,DIAMOND
NOT RELEVANT,DIKA
NOT RELEVANT,DIMIR
NOT RELEVANT,DIN
NOT RELEVANT,DING
NOT RELEVANT,DIO
NOT RELEVANT,DIS
NOT RELEVANT,DISE
NOT RELEVANT,DISI
NOT RELEVANT,DLEASING
NOT RELEVANT,DM-PRINT
NOT RELEVANT,DMC
NOT RELEVANT,DMURTNEFT
NOT RELEVANT,DO-INVEST
NOT RELEVANT,DOBYTCHA
NOT RELEVANT,DOM
NOT RELEVANT,DOMINO
NOT RELEVANT,DONETS
NOT RELEVANT,DONINVEST
NOT RELEVANT,DONT
NOT RELEVANT,DONTECH
NOT RELEVANT,DOVCEMENT
NOT RELEVANT,DOVO
NOT RELEVANT,DRA-STAR
NOT RELEVANT,DRIVE
NOT RELEVANT,DROMA
NOT RELEVANT,DROMASH
NOT RELEVANT,DROMED
NOT RELEVANT,DSK
NOT RELEVANT,DSKIY
NOT RELEVANT,DSYSTEM
NOT RELEVANT,DUCT
NOT RELEVANT,DUKT
NOT RELEVANT,DURECHIE
NOT RELEVANT,DUT
NOT RELEVANT,DVIAS
NOT RELEVANT,DWATCH
NOT RELEVANT,Dinyi
NOT RELEVANT,Dixy
NOT RELEVANT,E-IMPEX
NOT RELEVANT,E-M
NOT RELEVANT,E-STROY
NOT RELEVANT,E36174
NOT RELEVANT,EAL
NOT RELEVANT,EAL-AUTO
NOT RELEVANT,EAN
NOT RELEVANT,EASING
NOT RELEVANT,EBOKSARY
NOT RELEVANT,EBS-GMBH
NOT RELEVANT,ECH
NOT RELEVANT,ECH-URAL
NOT RELEVANT,ECHENSKIY
NOT RELEVANT,ECHGAZ
NOT RELEVANT,ECHIE
NOT RELEVANT,ECHNICA
NOT RELEVANT,ECHNOLACK
NOT RELEVANT,ECHNOSNAB
NOT RELEVANT,ECT
NOT RELEVANT,ECTIVA
NOT RELEVANT,ECTOR
NOT RELEVANT,EDA
NOT RELEVANT,EDONT
NOT RELEVANT,EDR
NOT RELEVANT,EDUT
NOT RELEVANT,EERING
NOT RELEVANT,EFAZ
NOT RELEVANT,EFT
NOT RELEVANT,EFT-SIBIR
NOT RELEVANT,EFTEGAZ
NOT RELEVANT,EGA
NOT RELEVANT,EGA-97
NOT RELEVANT,EGAMAG
NOT RELEVANT,EGATREID
NOT RELEVANT,EGAZ
NOT RELEVANT,EGEOLOGIA
NOT RELEVANT,EGTEKS
NOT RELEVANT,EID
NOT RELEVANT,EISKII
NOT RELEVANT,EK-CENTER
NOT RELEVANT,EKHGAZ
NOT RELEVANT,EKHGEOBUR
NOT RELEVANT,EKHINVEST
NOT RELEVANT,EKHNIKA
NOT RELEVANT,EKHOV
NOT RELEVANT,EKHSTROY
NOT RELEVANT,EKLONIT
NOT RELEVANT,EKOM
NOT RELEVANT,EKON
NOT RELEVANT,EKS
NOT RELEVANT,EKS-LV
NOT RELEVANT,EKSNERYD
NOT RELEVANT,EKSTIL
NOT RELEVANT,EKT
NOT RELEVANT,EKT-BETON
NOT RELEVANT,EKT-OKNO
NOT RELEVANT,EL-COM
NOT RELEVANT,EL-MTA
NOT RELEVANT,ELEASING
NOT RELEVANT,ELEKOM
NOT RELEVANT,ELENA
NOT RELEVANT,ELES
NOT RELEVANT,ELIA
NOT RELEVANT,ELITE
NOT RELEVANT,ELKOD
NOT RELEVANT,ELL
NOT RELEVANT,ELMASH
NOT RELEVANT,ELO
NOT RELEVANT,ELOGOR'E
NOT RELEVANT,ELON
NOT RELEVANT,ELOPMENT
NOT RELEVANT,ELPROM
NOT RELEVANT,ELYAEVO
NOT RELEVANT,EM-TRANS
NOT RELEVANT,EMA
NOT RELEVANT,EMENT
NOT RELEVANT,EMIDA
NOT RELEVANT,EMIE
NOT RELEVANT,EMIER
NOT RELEVANT,EMIYA
NOT RELEVANT,EMP
NOT RELEVANT,EMPILS
NOT RELEVANT,EMROS
NOT RELEVANT,EMYA
NOT RELEVANT,EN-SIBIR
NOT RELEVANT,ENA
NOT RELEVANT,ENERGO
NOT RELEVANT,ENEVO
NOT RELEVANT,ENEZIS
NOT RELEVANT,ENMASH
NOT RELEVANT,ENSK-AGRO
NOT RELEVANT,ENSK-LADA
NOT RELEVANT,ENSKIY
NOT RELEVANT,ENT
NOT RELEVANT,ENT-YUG
NOT RELEVANT,ENTALNIY
NOT RELEVANT,ENTER
NOT RELEVANT,ENTER-T
NOT RELEVANT,ENTR
NOT RELEVANT,ENUE
NOT RELEVANT,EOBUR
NOT RELEVANT,EOLOGIA
NOT RELEVANT,EOMASH
NOT RELEVANT,EOTDACHA
NOT RELEVANT,EPH
NOT RELEVANT,EPOST
NOT RELEVANT,EPRODUCT
NOT RELEVANT,EPRODUKT
NOT RELEVANT,ER-AVTO
NOT RELEVANT,ER-T
NOT RELEVANT,ER.RUS
NOT RELEVANT,ERA
NOT RELEVANT,ERAMIKA
NOT RELEVANT,ERBER
NOT RELEVANT,ERCLASSIC
NOT RELEVANT,ERES
NOT RELEVANT,ERFOCOM
NOT RELEVANT,ERGER
NOT RELEVANT,ERGO
NOT RELEVANT,ERGOSBIT
NOT RELEVANT,ERGOSBYT
NOT RELEVANT,ERIALY
NOT RELEVANT,ERICAP
NOT RELEVANT,ERING
NOT RELEVANT,ERIYA
NOT RELEVANT,ERKI
NOT RELEVANT,ERM
NOT RELEVANT,ERMAL
NOT RELEVANT,ERMET
NOT RELEVANT,ERMINAL
NOT RELEVANT,ERMMETALL
NOT RELEVANT,ERO
NOT RELEVANT,EROL
NOT RELEVANT,EROPHARM
NOT RELEVANT,ERPIPE-M
NOT RELEVANT,ERPROM
NOT RELEVANT,ERRA-AVTO
NOT RELEVANT,ERRHOA
NOT RELEVANT,ERROSTAAL
NOT RELEVANT,ERT
NOT RELEVANT,ERTRADE-M
NOT RELEVANT,ERVICE
NOT RELEVANT,ERVIS
NOT RELEVANT,ERVISE
NOT RELEVANT,ERYD
NOT RELEVANT,ESEL-MTA
NOT RELEVANT,ESIGN
NOT RELEVANT,ESKAYA
NOT RELEVANT,ESOURCE
NOT RELEVANT,ESS
NOT RELEVANT,ESS-DOM
NOT RELEVANT,EST
NOT RELEVANT,EST-R
NOT RELEVANT,ESTAR
NOT RELEVANT,ESTATE
NOT RELEVANT,ESTINVEST
NOT RELEVANT,ESTITSII
NOT RELEVANT,ESTNEFT
NOT RELEVANT,ESTORATOR
NOT RELEVANT,ESTSTROI
NOT RELEVANT,ESUND
NOT RELEVANT,ESURS
NOT RELEVANT,ET-INVEST
NOT RELEVANT,ETAL
NOT RELEVANT,ETALL
NOT RELEVANT,ETALON
NOT RELEVANT,ETEX
NOT RELEVANT,ETING
NOT RELEVANT,ETON
NOT RELEVANT,ETON-AERO
NOT RELEVANT,ETROPRESS
NOT RELEVANT,ETROSAKH
NOT RELEVANT,ETS
NOT RELEVANT,EV-VIDEO
NOT RELEVANT,EVEL
NOT RELEVANT,EVER-AVTO
NOT RELEVANT,EVO
NOT RELEVANT,EVOTIME
NOT RELEVANT,EVRAZ
NOT RELEVANT,EVROSIB
NOT RELEVANT,EVSKY
NOT RELEVANT,EXPERT
NOT RELEVANT,EYMZ
NOT RELEVANT,EYNERGO
NOT RELEVANT,EYS
NOT RELEVANT,EYTA
NOT RELEVANT,EYWELL
NOT RELEVANT,EZA
NOT RELEVANT,EZIS
NOT RELEVANT,EZTM
NOT RELEVANT,EZUGOL
NOT RELEVANT,Enka
NOT RELEVANT,EuroSib
NOT RELEVANT,F-1
NOT RELEVANT,F.G.
NOT RELEVANT,FA-SERVIS
NOT RELEVANT,FARM-F
NOT RELEVANT,FARM-NN
NOT RELEVANT,FAUND
NOT RELEVANT,FAVORITE
NOT RELEVANT,FAZ
NOT RELEVANT,FEY
NOT RELEVANT,FIKATSIYA
NOT RELEVANT,FIL
NOT RELEVANT,FIN
NOT RELEVANT,FLOTPROM
NOT RELEVANT,FO-SEV
NOT RELEVANT,FOCOM
NOT RELEVANT,FOKUS
NOT RELEVANT,FON
NOT RELEVANT,FORMA
NOT RELEVANT,FORS
NOT RELEVANT,FORT
NOT RELEVANT,FOX
NOT RELEVANT,FRAKHT
NOT RELEVANT,FT-RESURS
NOT RELEVANT,FT-SIBIR
NOT RELEVANT,FTATRANS
NOT RELEVANT,FTEGAZ
NOT RELEVANT,FTINVEST
NOT RELEVANT,FTS-REDUT
NOT RELEVANT,FUD
NOT RELEVANT,G-AVTO
NOT RELEVANT,G-INVEST
NOT RELEVANT,G-TRANS
NOT RELEVANT,GA-97
NOT RELEVANT,GA-PLAST
NOT RELEVANT,GA-VOSTOK
NOT RELEVANT,GAMAG
NOT RELEVANT,GAMARKET
NOT RELEVANT,GAS
NOT RELEVANT,GATREID
NOT RELEVANT,GAZ
NOT RELEVANT,GAZSERVIS
NOT RELEVANT,GC-1
NOT RELEVANT,GDSK
NOT RELEVANT,GDURECHIE
NOT RELEVANT,GEMENT
NOT RELEVANT,GENEZIS
NOT RELEVANT,GENMASH
NOT RELEVANT,GEOBUR
NOT RELEVANT,GEOLOGIA
NOT RELEVANT,GEOMASH
NOT RELEVANT,GER
NOT RELEVANT,GIA
NOT RELEVANT,GIDROMASH
NOT RELEVANT,GIDROMED
NOT RELEVANT,GINEERING
NOT RELEVANT,GISTIC
NOT RELEVANT,GISTIKA
NOT RELEVANT,GKHIM
NOT RELEVANT,GLAVSNAB
NOT RELEVANT,GLAVSTROY
NOT RELEVANT,GLOBUS
NOT RELEVANT,GLORIA
NOT RELEVANT,GMBH
NOT RELEVANT,GNAT
NOT RELEVANT,GNIT
NOT RELEVANT,GO-ZAPAD
NOT RELEVANT,GOL
NOT RELEVANT,GOLD
NOT RELEVANT,GON
NOT RELEVANT,GOR
NOT RELEVANT,GOR'E
NOT RELEVANT,GORGAS
NOT RELEVANT,GORGAZ
NOT RELEVANT,GOSBIT
NOT RELEVANT,GOSBYT
NOT RELEVANT,GOSERVIS
NOT RELEVANT,GRATION
NOT RELEVANT,GRESS
NOT RELEVANT,GRIFON
NOT RELEVANT,GRIKA
NOT RELEVANT,GRIMAKS
NOT RELEVANT,GRO
NOT RELEVANT,GRO-STROY
NOT RELEVANT,GRODAR
NOT RELEVANT,GROLINE
NOT RELEVANT,GROPROM
NOT RELEVANT,GROSTAR
NOT RELEVANT,GROTORG
NOT RELEVANT,GROUP
NOT RELEVANT,GS1
NOT RELEVANT,GSERVIS
NOT RELEVANT,GSIN-2005
NOT RELEVANT,GSINTEZ
NOT RELEVANT,GSNAB
NOT RELEVANT,GTEKS
NOT RELEVANT,GULAY
NOT RELEVANT,Gelius-K
NOT RELEVANT,H'E
NOT RELEVANT,H-INVEST
NOT RELEVANT,H-URAL
NOT RELEVANT,HAN
NOT RELEVANT,HANIZACIA
NOT RELEVANT,HARM
NOT RELEVANT,HAYA
NOT RELEVANT,HCABLE
NOT RELEVANT,HCHAYA
NOT RELEVANT,HCHITA
NOT RELEVANT,HEBOKSARY
NOT RELEVANT,HEG
NOT RELEVANT,HEKHOV
NOT RELEVANT,HEM-TRANS
NOT RELEVANT,HEMA
NOT RELEVANT,HENSKIY
NOT RELEVANT,HERMET
NOT RELEVANT,HESKAYA
NOT RELEVANT,HEVEL
NOT RELEVANT,HGAZ
NOT RELEVANT,HGEOBUR
NOT RELEVANT,HIE
NOT RELEVANT,HIKHA
NOT RELEVANT,HIM
NOT RELEVANT,HIMMASH
NOT RELEVANT,HIMTREID
NOT RELEVANT,HINA
NOT RELEVANT,HINVEST
NOT RELEVANT,HITA
NOT RELEVANT,HIVANIE
NOT RELEVANT,HKA
NOT RELEVANT,HKIN
NOT RELEVANT,HMASH
NOT RELEVANT,HNICA
NOT RELEVANT,HNIKA
NOT RELEVANT,HNOGROUP
NOT RELEVANT,HNOLACK
NOT RELEVANT,HNOSNAB
NOT RELEVANT,HNOSPORT
NOT RELEVANT,HO-MOTORS
NOT RELEVANT,HOA
NOT RELEVANT,HOLDING
NOT RELEVANT,HOLIDAY
NOT RELEVANT,HONEYWELL
NOT RELEVANT,HORTEX
NOT RELEVANT,HOUSE
NOT RELEVANT,HOV
NOT RELEVANT,HPOLIMER
NOT RELEVANT,HPROECT
NOT RELEVANT,HSERVIS
NOT RELEVANT,HSTROY
NOT RELEVANT,HUG
NOT RELEVANT,HVIN
NOT RELEVANT,HVTORMET
NOT RELEVANT,I-1
NOT RELEVANT,I-31
NOT RELEVANT,I-KOKS
NOT RELEVANT,I-M
NOT RELEVANT,IA-AVTO
NOT RELEVANT,IACHKA
NOT RELEVANT,IADA
NOT RELEVANT,IALY
NOT RELEVANT,IAMOND
NOT RELEVANT,IANA
NOT RELEVANT,IANCE
NOT RELEVANT,IAS
NOT RELEVANT,IATION
NOT RELEVANT,IBIR
NOT RELEVANT,IBIR-VK
NOT RELEVANT,IBLES
NOT RELEVANT,IBNEFT
NOT RELEVANT,ICA
NOT RELEVANT,ICAP
NOT RELEVANT,ICE
NOT RELEVANT,ICE-IMPEX
NOT RELEVANT,ICHCABLE
NOT RELEVANT,ICHESKAYA
NOT RELEVANT,ICO
NOT RELEVANT,ICRON
NOT RELEVANT,IDA
NOT RELEVANT,IDA-2000
NOT RELEVANT,IDAY
NOT RELEVANT,IDEO
NOT RELEVANT,IDROMASH
NOT RELEVANT,IDROMED
NOT RELEVANT,IE-STROY
NOT RELEVANT,IEBS-GMBH
NOT RELEVANT,IENA
NOT RELEVANT,IER
NOT RELEVANT,IERA
NOT RELEVANT,IESEL-MTA
NOT RELEVANT,IF-1
NOT RELEVANT,IFARM-F
NOT RELEVANT,IFON
NOT RELEVANT,IFUD
NOT RELEVANT,IGN
NOT RELEVANT,IGON
NOT RELEVANT,IGOR
NOT RELEVANT,II-1
NOT RELEVANT,IIR
NOT RELEVANT,IK-XXI
NOT RELEVANT,IKA
NOT RELEVANT,IKA-TRANS
NOT RELEVANT,IKATSIYA
NOT RELEVANT,IKEA
NOT RELEVANT,IKHA
NOT RELEVANT,IKHVIN
NOT RELEVANT,IKO
NOT RELEVANT,IKOMPLEKT
NOT RELEVANT,IKOS
NOT RELEVANT,IL'
NOT RELEVANT,ILON
NOT RELEVANT,ILS
NOT RELEVANT,IMAK
NOT RELEVANT,IMAKS
NOT RELEVANT,IME
NOT RELEVANT,IMER
NOT RELEVANT,IMERPROM
NOT RELEVANT,IMIR
NOT RELEVANT,IMMASH
NOT RELEVANT,IMOST
NOT RELEVANT,IMP
NOT RELEVANT,IMPEX
NOT RELEVANT,IMPLOZIA
NOT RELEVANT,IMPORT-S
NOT RELEVANT,IMPROM
NOT RELEVANT,IMS
NOT RELEVANT,IMTREID
NOT RELEVANT,IMUT
NOT RELEVANT,IN-2005
NOT RELEVANT,INA
NOT RELEVANT,INAL
NOT RELEVANT,INAT
NOT RELEVANT,INE
NOT RELEVANT,INEERING
NOT RELEVANT,INESS
NOT RELEVANT,INESS-DOM
NOT RELEVANT,INFO-SEV
NOT RELEVANT,ING
NOT RELEVANT,INGSERVIS
NOT RELEVANT,INKOR
NOT RELEVANT,INO
NOT RELEVANT,INSERVICE
NOT RELEVANT,INSKII
NOT RELEVANT,INT
NOT RELEVANT,INTEL-COM
NOT RELEVANT,INTEZ
NOT RELEVANT,INTORG
NOT RELEVANT,INTRET
NOT RELEVANT,INVEST
NOT RELEVANT,INVEST-R
NOT RELEVANT,ION
NOT RELEVANT,IONAL
NOT RELEVANT,IOT
NOT RELEVANT,IPE-M
NOT RELEVANT,IPROTRANS
NOT RELEVANT,IR-2
NOT RELEVANT,IR-VK
NOT RELEVANT,IRA
NOT RELEVANT,IRIACHKA
NOT RELEVANT,IRIUS
NOT RELEVANT,IRKUTSK
NOT RELEVANT,IRSK-TORG
NOT RELEVANT,IRT
NOT RELEVANT,IS-STIL'
NOT RELEVANT,ISAN
NOT RELEVANT,ISE
NOT RELEVANT,ISI
NOT RELEVANT,ISIMOST
NOT RELEVANT,ISKII
NOT RELEVANT,ISKOZH
NOT RELEVANT,ISSTROI-M
NOT RELEVANT,ISTIC
NOT RELEVANT,ISTIKA
NOT RELEVANT,IT-K
NOT RELEVANT,IT-SERVIS
NOT RELEVANT,IT-V
NOT RELEVANT,ITA
NOT RELEVANT,ITALL
NOT RELEVANT,ITE
NOT RELEVANT,ITM
NOT RELEVANT,ITOL
NOT RELEVANT,ITRANSGAZ
NOT RELEVANT,ITSA
NOT RELEVANT,ITSII
NOT RELEVANT,ITSTROY
NOT RELEVANT,ITSUBER
NOT RELEVANT,IUS
NOT RELEVANT,IVA
NOT RELEVANT,IVAGON
NOT RELEVANT,IVAL
NOT RELEVANT,IVANIE
NOT RELEVANT,IVE
NOT RELEVANT,IVIERA
NOT RELEVANT,IVSKII
NOT RELEVANT,IY-PERM
NOT RELEVANT,IYA
NOT RELEVANT,IYA-ODIN
NOT RELEVANT,IZACIA
NOT RELEVANT,IZDELIA
NOT RELEVANT,IZH
NOT RELEVANT,J-OKNO
NOT RELEVANT,JECT
NOT RELEVANT,JONQUERES
NOT RELEVANT,JOR-AUTO
NOT RELEVANT,K-526
NOT RELEVANT,K-AGRO
NOT RELEVANT,K-CENTER
NOT RELEVANT,K-CHEKHOV
NOT RELEVANT,K-GOLD
NOT RELEVANT,K-LADA
NOT RELEVANT,K-SERVICE
NOT RELEVANT,K-TORG
NOT RELEVANT,K-TRANZIT
NOT RELEVANT,K-XXI
NOT RELEVANT,KA-TRANS
NOT RELEVANT,KABEL
NOT RELEVANT,KABIR
NOT RELEVANT,KADEMIYA
NOT RELEVANT,KAMI
NOT RELEVANT,KAMSK
NOT RELEVANT,KANTARIS
NOT RELEVANT,KANZBURO
NOT RELEVANT,KARNIVAL
NOT RELEVANT,KAS
NOT RELEVANT,KATSIYA
NOT RELEVANT,KAYA
NOT RELEVANT,KDV
NOT RELEVANT,KEA
NOT RELEVANT,KEDR
NOT RELEVANT,KER
NOT RELEVANT,KERAMIKA
NOT RELEVANT,KERBER
NOT RELEVANT,KET
NOT RELEVANT,KETING
NOT RELEVANT,KGORGAS
NOT RELEVANT,KGORGAZ
NOT RELEVANT,KHA
NOT RELEVANT,KHGAZ
NOT RELEVANT,KHGEOBUR
NOT RELEVANT,KHIM
NOT RELEVANT,KHIMTREID
NOT RELEVANT,KHINVEST
NOT RELEVANT,KHNIKA
NOT RELEVANT,KHNOGROUP
NOT RELEVANT,KHOLDING
NOT RELEVANT,KHOV
NOT RELEVANT,KHPOLIMER
NOT RELEVANT,KHSTROY
NOT RELEVANT,KHT
NOT RELEVANT,KHVIN
NOT RELEVANT,KII
NOT RELEVANT,KII-1
NOT RELEVANT,KIMPORT-S
NOT RELEVANT,KIN
NOT RELEVANT,KIY
NOT RELEVANT,KIY-PERM
NOT RELEVANT,KLONIT
NOT RELEVANT,KLYUCH
NOT RELEVANT,KMOLOKO
NOT RELEVANT,KNEFTEGAZ
NOT RELEVANT,KNO
NOT RELEVANT,KOD
NOT RELEVANT,KOKS
NOT RELEVANT,KOL'TSO-1
NOT RELEVANT,KOL-IZH
NOT RELEVANT,KOLITSA
NOT RELEVANT,KOLKOVO
NOT RELEVANT,KOM
NOT RELEVANT,KOMBINAT
NOT RELEVANT,KOMPLEKS
NOT RELEVANT,KOMPLEKT
NOT RELEVANT,KON
NOT RELEVANT,KONGRESS
NOT RELEVANT,KONSALT
NOT RELEVANT,KOR
NOT RELEVANT,KORSSIS
NOT RELEVANT,KOS
NOT RELEVANT,KOVCHEG
NOT RELEVANT,KOVO
NOT RELEVANT,KOZH
NOT RELEVANT,KRASPAN
NOT RELEVANT,KREPOST
NOT RELEVANT,KROVSNAB
NOT RELEVANT,KROVTEX
NOT RELEVANT,KS-LV
NOT RELEVANT,KSAMIT-K
NOT RELEVANT,KSARY
NOT RELEVANT,KSELMASH
NOT RELEVANT,KSFORT
NOT RELEVANT,KSK
NOT RELEVANT,KSNERYD
NOT RELEVANT,KSTIL
NOT RELEVANT,KT-BETON
NOT RELEVANT,KT-OKNO
NOT RELEVANT,KTK
NOT RELEVANT,KURS
NOT RELEVANT,KUS
NOT RELEVANT,KUTSK
NOT RELEVANT,KUZNITSA
NOT RELEVANT,KVALAIN
NOT RELEVANT,KVANT
NOT RELEVANT,KVTORMET
NOT RELEVANT,KWOOL
NOT RELEVANT,Karat
NOT RELEVANT,L'SKII-1
NOT RELEVANT,L'TAIR-2
NOT RELEVANT,L'TSO-1
NOT RELEVANT,L-AUTO
NOT RELEVANT,L-COM
NOT RELEVANT,L-INVEST
NOT RELEVANT,L-IZH
NOT RELEVANT,L-MTA
NOT RELEVANT,L-NORTH
NOT RELEVANT,L-PACK
NOT RELEVANT,L-PROFIL
NOT RELEVANT,L-SERVICE
NOT RELEVANT,L-ZAPAD
NOT RELEVANT,LA-DESIGN
NOT RELEVANT,LACK
NOT RELEVANT,LACK-GOLD
NOT RELEVANT,LADA
NOT RELEVANT,LADIMIR
NOT RELEVANT,LAIN
NOT RELEVANT,LAND
NOT RELEVANT,LANT
NOT RELEVANT,LANTA-S
NOT RELEVANT,LARIS
NOT RELEVANT,LASAR
NOT RELEVANT,LASHIKHA
NOT RELEVANT,LASSIC
NOT RELEVANT,LAST
NOT RELEVANT,LASTIC
NOT RELEVANT,LASTIK
NOT RELEVANT,LATFORMA
NOT RELEVANT,LAVIS
NOT RELEVANT,LAVL
NOT RELEVANT,LAVSNAB
NOT RELEVANT,LAVSTROY
NOT RELEVANT,LAY
NOT RELEVANT,LBUSINESS
NOT RELEVANT,LCHUG
NOT RELEVANT,LDING
NOT RELEVANT,LDLEASING
NOT RELEVANT,LDOBYTCHA
NOT RELEVANT,LEASING
NOT RELEVANT,LEGTEKS
NOT RELEVANT,LEKOM
NOT RELEVANT,LEKS
NOT RELEVANT,LEKT
NOT RELEVANT,LEKT-OKNO
NOT RELEVANT,LENA
NOT RELEVANT,LES
NOT RELEVANT,LESUND
NOT RELEVANT,LEX
NOT RELEVANT,LGA-PLAST
NOT RELEVANT,LGAMARKET
NOT RELEVANT,LGEOMASH
NOT RELEVANT,LGIDROMED
NOT RELEVANT,LGLAVSNAB
NOT RELEVANT,LHIMMASH
NOT RELEVANT,LIA
NOT RELEVANT,LIANCE
NOT RELEVANT,LICHCABLE
NOT RELEVANT,LIDAY
NOT RELEVANT,LIMER
NOT RELEVANT,LIMERPROM
NOT RELEVANT,LIMP
NOT RELEVANT,LINE
NOT RELEVANT,LINKOR
NOT RELEVANT,LIRA
NOT RELEVANT,LIS-STIL'
NOT RELEVANT,LIT
NOT RELEVANT,LIT-V
NOT RELEVANT,LITE
NOT RELEVANT,LITSA
NOT RELEVANT,LITSTROY
NOT RELEVANT,LIVSKII
NOT RELEVANT,LIZ
NOT RELEVANT,LKABEL
NOT RELEVANT,LKOD
NOT RELEVANT,LKOVO
NOT RELEVANT,LLIANCE
NOT RELEVANT,LMASH
NOT RELEVANT,LMERIYA
NOT RELEVANT,LNIY
NOT RELEVANT,LOBUS
NOT RELEVANT,LOENERGO
NOT RELEVANT,LOGIA
NOT RELEVANT,LOGISTIC
NOT RELEVANT,LOGISTIKA
NOT RELEVANT,LOGOR'E
NOT RELEVANT,LOKO
NOT RELEVANT,LON
NOT RELEVANT,LONIT
NOT RELEVANT,LOPMENT
NOT RELEVANT,LORIA
NOT RELEVANT,LOTPROM
NOT RELEVANT,LOTTI
NOT RELEVANT,LOZIA
NOT RELEVANT,LPI
NOT RELEVANT,LPLASTIC
NOT RELEVANT,LPROM
NOT RELEVANT,LSERVIS
NOT RELEVANT,LSET
NOT RELEVANT,LSHINA
NOT RELEVANT,LTAI-KOKS
NOT RELEVANT,LTAIR
NOT RELEVANT,LTAIVAGON
NOT RELEVANT,LTAT
NOT RELEVANT,LTECHGAZ
NOT RELEVANT,LTEISKII
NOT RELEVANT,LTPROM
NOT RELEVANT,LTRUBMASH
NOT RELEVANT,LTRUBPROM
NOT RELEVANT,LTRYBCOM
NOT RELEVANT,LUS
NOT RELEVANT,LYAEVO
NOT RELEVANT,LYCN
NOT RELEVANT,LYUCH
NOT RELEVANT,LYUKS
NOT RELEVANT,LZH'E
NOT RELEVANT,LZHIE
NOT RELEVANT,Liability
NOT RELEVANT,M-F
NOT RELEVANT,M-GROUP
NOT RELEVANT,M-INVEST
NOT RELEVANT,M-MARKET
NOT RELEVANT,M-NN
NOT RELEVANT,M-PRINT
NOT RELEVANT,M-TRANS
NOT RELEVANT,M-Video
NOT RELEVANT,M.VIDEO
NOT RELEVANT,MA-STROY
NOT RELEVANT,MA.RU
NOT RELEVANT,MACOMNET
NOT RELEVANT,MADAM
NOT RELEVANT,MAG
NOT RELEVANT,MAGNAT
NOT RELEVANT,MAGNIT
NOT RELEVANT,MAINVEST
NOT RELEVANT,MAK
NOT RELEVANT,MAKS
NOT RELEVANT,MAKSFORT
NOT RELEVANT,MAL
NOT RELEVANT,MALTAT
NOT RELEVANT,MAMA.RU
NOT RELEVANT,MARETEX
NOT RELEVANT,MARKET
NOT RELEVANT,MARKETING
NOT RELEVANT,MARTIKA
NOT RELEVANT,MARTS
NOT RELEVANT,MASH
NOT RELEVANT,MATA
NOT RELEVANT,MATERIALY
NOT RELEVANT,MAX
NOT RELEVANT,MAXRANGE
NOT RELEVANT,MAYAK
NOT RELEVANT,MBETON
NOT RELEVANT,MBH
NOT RELEVANT,MBINAT
NOT RELEVANT,MCC
NOT RELEVANT,MDM-PRINT
NOT RELEVANT,MED
NOT RELEVANT,MEDONT
NOT RELEVANT,MEGA
NOT RELEVANT,MEGA-97
NOT RELEVANT,MEGAMAG
NOT RELEVANT,MEGATREID
NOT RELEVANT,MEN
NOT RELEVANT,MENT
NOT RELEVANT,MENT-YUG
NOT RELEVANT,MENTALNIY
NOT RELEVANT,MER
NOT RELEVANT,MERIYA
NOT RELEVANT,MERPROM
NOT RELEVANT,MET
NOT RELEVANT,METALL
NOT RELEVANT,MEYS
NOT RELEVANT,MGLAVSNAB
NOT RELEVANT,MICRON
NOT RELEVANT,MIDA
NOT RELEVANT,MIDA-2000
NOT RELEVANT,MIE
NOT RELEVANT,MIER
NOT RELEVANT,MIKA
NOT RELEVANT,MINAL
NOT RELEVANT,MINO
NOT RELEVANT,MIR
NOT RELEVANT,MIRT
NOT RELEVANT,MIT-K
NOT RELEVANT,MITSUBER
NOT RELEVANT,MIYA
NOT RELEVANT,MIZDELIA
NOT RELEVANT,MK-526
NOT RELEVANT,MKGORGAZ
NOT RELEVANT,MLEASING
NOT RELEVANT,MMASH
NOT RELEVANT,MMETALL
NOT RELEVANT,MNET
NOT RELEVANT,MNP
NOT RELEVANT,MOBIL
NOT RELEVANT,MOCENTER
NOT RELEVANT,MOLL
NOT RELEVANT,MOLOKO
NOT RELEVANT,MONARCH
NOT RELEVANT,MOND
NOT RELEVANT,MONOLIT
NOT RELEVANT,MONTAZH
NOT RELEVANT,MOSFRAKHT
NOT RELEVANT,MOSSTROI
NOT RELEVANT,MOST
NOT RELEVANT,MOTORS
NOT RELEVANT,MOULDING
NOT RELEVANT,MPEX
NOT RELEVANT,MPILS
NOT RELEVANT,MPK
NOT RELEVANT,MPLEKS
NOT RELEVANT,MPLEKT
NOT RELEVANT,MPLEX
NOT RELEVANT,MPLOZIA
NOT RELEVANT,MPORT-S
NOT RELEVANT,MPP
NOT RELEVANT,MPROM
NOT RELEVANT,MROS
NOT RELEVANT,MSERVICE
NOT RELEVANT,MSK
NOT RELEVANT,MSNAB
NOT RELEVANT,MSSP
NOT RELEVANT,MSTANDART
NOT RELEVANT,MSTROI
NOT RELEVANT,MTA
NOT RELEVANT,MTEL
NOT RELEVANT,MTREID
NOT RELEVANT,MUNENERGO
NOT RELEVANT,MURMETALL
NOT RELEVANT,MURTNEFT
NOT RELEVANT,MUSIC
NOT RELEVANT,MUT
NOT RELEVANT,MYA
NOT RELEVANT,N'TEKHGAZ
NOT RELEVANT,N-2005
NOT RELEVANT,N-49
NOT RELEVANT,N-AERO
NOT RELEVANT,N-HOLDING
NOT RELEVANT,N-LADA
NOT RELEVANT,N-SIBIR
NOT RELEVANT,N-TELEKOM
NOT RELEVANT,N.F.G.
NOT RELEVANT,NAB
NOT RELEVANT,NABSBYT
NOT RELEVANT,NAGEMENT
NOT RELEVANT,NAGROTORG
NOT RELEVANT,NAL
NOT RELEVANT,NAL-ZAPAD
NOT RELEVANT,NARCH
NOT RELEVANT,NAS-M
NOT RELEVANT,NAT
NOT RELEVANT,NATIONAL
NOT RELEVANT,NCE
NOT RELEVANT,NCHS
NOT RELEVANT,ND-MOTORS
NOT RELEVANT,NDART
NOT RELEVANT,NDEM
NOT RELEVANT,NDRA-STAR
NOT RELEVANT,NEERING
NOT RELEVANT,NEFAZ
NOT RELEVANT,NEFT
NOT RELEVANT,NEFTEGAZ
NOT RELEVANT,NENERGO
NOT RELEVANT,NER.RUS
NOT RELEVANT,NERGO
NOT RELEVANT,NERGOSBIT
NOT RELEVANT,NERGOSBYT
NOT RELEVANT,NERT
NOT RELEVANT,NERYD
NOT RELEVANT,NESS
NOT RELEVANT,NESS-DOM
NOT RELEVANT,NET
NOT RELEVANT,NETS
NOT RELEVANT,NEVO
NOT RELEVANT,NEYTA
NOT RELEVANT,NEYWELL
NOT RELEVANT,NEZIS
NOT RELEVANT,NFO-SEV
NOT RELEVANT,NGE
NOT RELEVANT,NGRESS
NOT RELEVANT,NGSERVIS
NOT RELEVANT,NICA
NOT RELEVANT,NIE
NOT RELEVANT,NIFUD
NOT RELEVANT,NIIR
NOT RELEVANT,NIK-XXI
NOT RELEVANT,NIKA
NOT RELEVANT,NIKO
NOT RELEVANT,NIMAK
NOT RELEVANT,NINVEST
NOT RELEVANT,NIT
NOT RELEVANT,NITOL
NOT RELEVANT,NITSA
NOT RELEVANT,NIVAL
NOT RELEVANT,NIY
NOT RELEVANT,NIZACIA
NOT RELEVANT,NKO
NOT RELEVANT,NKOR
NOT RELEVANT,NMASH
NOT RELEVANT,NMPP
NOT RELEVANT,NNERT
NOT RELEVANT,NOD-TC
NOT RELEVANT,NOGROUP
NOT RELEVANT,NOJ
NOT RELEVANT,NOLACK
NOT RELEVANT,NOLIT
NOT RELEVANT,NOPRODUKT
NOT RELEVANT,NORAMA
NOT RELEVANT,NORTH
NOT RELEVANT,NOSNAB
NOT RELEVANT,NOSPORT
NOT RELEVANT,NOST
NOT RELEVANT,NOVOSTROI
NOT RELEVANT,NPSEI
NOT RELEVANT,NQUERES
NOT RELEVANT,NS-SEAL
NOT RELEVANT,NS-TYUMEN
NOT RELEVANT,NSALT
NOT RELEVANT,NSAVTO
NOT RELEVANT,NSAVTOLIZ
NOT RELEVANT,NSAZS
NOT RELEVANT,NSCARGO
NOT RELEVANT,NSERVICE
NOT RELEVANT,NSGAZ
NOT RELEVANT,NSK-AGRO
NOT RELEVANT,NSK-LADA
NOT RELEVANT,NSKGORGAS
NOT RELEVANT,NSKII
NOT RELEVANT,NSKIY
NOT RELEVANT,NSKMOLOKO
NOT RELEVANT,NSMET
NOT RELEVANT,NSNABSBYT
NOT RELEVANT,NSSINTEZ
NOT RELEVANT,NSSTROY
NOT RELEVANT,NT-MOTORS
NOT RELEVANT,NT-VOSTOK
NOT RELEVANT,NT-YUG
NOT RELEVANT,NTA-S
NOT RELEVANT,NTALNIY
NOT RELEVANT,NTARES
NOT RELEVANT,NTARIS
NOT RELEVANT,NTAZH
NOT RELEVANT,NTECH
NOT RELEVANT,NTEL-COM
NOT RELEVANT,NTER
NOT RELEVANT,NTER-T
NOT RELEVANT,NTEZ
NOT RELEVANT,NTHEMA
NOT RELEVANT,NTK
NOT RELEVANT,NTORG
NOT RELEVANT,NTR
NOT RELEVANT,NTRET
NOT RELEVANT,NUE
NOT RELEVANT,NVEST
NOT RELEVANT,NVEST-R
NOT RELEVANT,NVESTNEFT
NOT RELEVANT,NWAY
NOT RELEVANT,NZBURO
NOT RELEVANT,NZIT
NOT RELEVANT,Nefco
NOT RELEVANT,O-1
NOT RELEVANT,O-ESTATE
NOT RELEVANT,O-INVEST
NOT RELEVANT,O-LYUKS
NOT RELEVANT,O-MOBIL
NOT RELEVANT,O-MOTORS
NOT RELEVANT,O-PLASTIC
NOT RELEVANT,O-SERVICE
NOT RELEVANT,O-SEV
NOT RELEVANT,O-STROY
NOT RELEVANT,O-TELEKOM
NOT RELEVANT,O-TRADE
NOT RELEVANT,O-TSENTR
NOT RELEVANT,O-ZAPAD
NOT RELEVANT,O11
NOT RELEVANT,OAZ
NOT RELEVANT,OBEDA
NOT RELEVANT,OBIL
NOT RELEVANT,OBLIVSKII
NOT RELEVANT,OBOS-AUTO
NOT RELEVANT,OBRIZ
NOT RELEVANT,OBUR
NOT RELEVANT,OBUS
NOT RELEVANT,OBYTCHA
NOT RELEVANT,OCEAN
NOT RELEVANT,OCENTER
NOT RELEVANT,OCHMASH
NOT RELEVANT,OCIATION
NOT RELEVANT,OCKWOOL
NOT RELEVANT,OCOM
NOT RELEVANT,OD-BERGER
NOT RELEVANT,OD-INVEST
NOT RELEVANT,OD-TC
NOT RELEVANT,ODAR
NOT RELEVANT,ODEX
NOT RELEVANT,ODIAMOND
NOT RELEVANT,ODIN
NOT RELEVANT,ODSKIY
NOT RELEVANT,ODSYSTEM
NOT RELEVANT,ODUCT
NOT RELEVANT,ODUKT
NOT RELEVANT,OECT
NOT RELEVANT,OENERGO
NOT RELEVANT,OFARM-NN
NOT RELEVANT,OFIL
NOT RELEVANT,OGENMASH
NOT RELEVANT,OGIA
NOT RELEVANT,OGISTIC
NOT RELEVANT,OGISTIKA
NOT RELEVANT,OGOR'E
NOT RELEVANT,OGROUP
NOT RELEVANT,OHOUSE
NOT RELEVANT,OI-31
NOT RELEVANT,OI-M
NOT RELEVANT,OIKO
NOT RELEVANT,OJ-OKNO
NOT RELEVANT,OJECT
NOT RELEVANT,OKAMI
NOT RELEVANT,OKNO
NOT RELEVANT,OKO
NOT RELEVANT,OKOLITSA
NOT RELEVANT,OKOM
NOT RELEVANT,OKOMBINAT
NOT RELEVANT,OKS
NOT RELEVANT,OKSARY
NOT RELEVANT,OKUS
NOT RELEVANT,OL'TSO-1
NOT RELEVANT,OL-IZH
NOT RELEVANT,OL-NORTH
NOT RELEVANT,OLACK
NOT RELEVANT,OLANT
NOT RELEVANT,OLARIS
NOT RELEVANT,OLD
NOT RELEVANT,OLDING
NOT RELEVANT,OLIDAY
NOT RELEVANT,OLIMER
NOT RELEVANT,OLIMP
NOT RELEVANT,OLINE
NOT RELEVANT,OLIT
NOT RELEVANT,OLITSA
NOT RELEVANT,OLITSTROY
NOT RELEVANT,OLIZ
NOT RELEVANT,OLKOVO
NOT RELEVANT,OLL
NOT RELEVANT,OLOGIA
NOT RELEVANT,OLOKO
NOT RELEVANT,OLZH'E
NOT RELEVANT,OLZHIE
NOT RELEVANT,OMA
NOT RELEVANT,OMA-STROY
NOT RELEVANT,OMAINVEST
NOT RELEVANT,OMASH
NOT RELEVANT,OMBETON
NOT RELEVANT,OMBINAT
NOT RELEVANT,OMED
NOT RELEVANT,OMEGA
NOT RELEVANT,OMEGA-97
NOT RELEVANT,OMINO
NOT RELEVANT,OMK
NOT RELEVANT,OMKGORGAZ
NOT RELEVANT,OMLEASING
NOT RELEVANT,OMMETALL
NOT RELEVANT,OMNET
NOT RELEVANT,OMOCENTER
NOT RELEVANT,OMOULDING
NOT RELEVANT,OMPLEKS
NOT RELEVANT,OMPLEKT
NOT RELEVANT,OMPLEX
NOT RELEVANT,OMSERVICE
NOT RELEVANT,OMSNAB
NOT RELEVANT,OMSTROI
NOT RELEVANT,ON-AERO
NOT RELEVANT,ONA
NOT RELEVANT,ONAL
NOT RELEVANT,ONARCH
NOT RELEVANT,OND
NOT RELEVANT,ONETS
NOT RELEVANT,ONEYWELL
NOT RELEVANT,ONGRESS
NOT RELEVANT,ONINVEST
NOT RELEVANT,ONIT
NOT RELEVANT,ONOLIT
NOT RELEVANT,ONQUERES
NOT RELEVANT,ONSALT
NOT RELEVANT,ONT
NOT RELEVANT,ONTAZH
NOT RELEVANT,ONTECH
NOT RELEVANT,OOL
NOT RELEVANT,OOL-NORTH
NOT RELEVANT,OOO
NOT RELEVANT,OPHARM
NOT RELEVANT,OPLAST
NOT RELEVANT,OPMENT
NOT RELEVANT,OPRESS
NOT RELEVANT,OPRODUKT
NOT RELEVANT,OPROM
NOT RELEVANT,OPROMSNAB
NOT RELEVANT,OR'E
NOT RELEVANT,OR-AUTO
NOT RELEVANT,ORAMA
NOT RELEVANT,ORATOR
NOT RELEVANT,ORCHERMET
NOT RELEVANT,ORFEY
NOT RELEVANT,ORG
NOT RELEVANT,ORGAS
NOT RELEVANT,ORGAZ
NOT RELEVANT,ORGKHIM
NOT RELEVANT,ORGSINTEZ
NOT RELEVANT,ORIA
NOT RELEVANT,ORINSKII
NOT RELEVANT,ORITE
NOT RELEVANT,ORMA
NOT RELEVANT,ORMET
NOT RELEVANT,ORS
NOT RELEVANT,ORSICO
NOT RELEVANT,ORSSIS
NOT RELEVANT,ORT
NOT RELEVANT,ORT-PLUS
NOT RELEVANT,ORT-S
NOT RELEVANT,ORTAL
NOT RELEVANT,ORTEX
NOT RELEVANT,ORTH
NOT RELEVANT,ORUS
NOT RELEVANT,ORVIKHA
NOT RELEVANT,OS-AUTO
NOT RELEVANT,OSAKH
NOT RELEVANT,OSBIT
NOT RELEVANT,OSBYT
NOT RELEVANT,OSERVIS
NOT RELEVANT,OSFRAKHT
NOT RELEVANT,OSIB
NOT RELEVANT,OSK
NOT RELEVANT,OSLAVL
NOT RELEVANT,OSMETALL
NOT RELEVANT,OSNAB
NOT RELEVANT,OSNABSBYT
NOT RELEVANT,OSPORT
NOT RELEVANT,OSSLINE
NOT RELEVANT,OSSTROI
NOT RELEVANT,OST
NOT RELEVANT,OSTA
NOT RELEVANT,OSTAAL
NOT RELEVANT,OSTAR
NOT RELEVANT,OSTINTORG
NOT RELEVANT,OSTOK
NOT RELEVANT,OSTROI
NOT RELEVANT,OSVAR
NOT RELEVANT,OTDACHA
NOT RELEVANT,OTECHNICA
NOT RELEVANT,OTEKHNIKA
NOT RELEVANT,OTEKS-LV
NOT RELEVANT,OTEMP
NOT RELEVANT,OTERMINAL
NOT RELEVANT,OTIME
NOT RELEVANT,OTORG
NOT RELEVANT,OTORS
NOT RELEVANT,OTPROM
NOT RELEVANT,OTRANS
NOT RELEVANT,OTTI
NOT RELEVANT,OULDING
NOT RELEVANT,OUP
NOT RELEVANT,OURCE
NOT RELEVANT,OUSE
NOT RELEVANT,OVAZ
NOT RELEVANT,OVCEMENT
NOT RELEVANT,OVCHEG
NOT RELEVANT,OVCOM
NOT RELEVANT,OVO
NOT RELEVANT,OVOLZH'E
NOT RELEVANT,OVOLZHIE
NOT RELEVANT,OVOSTROI
NOT RELEVANT,OVSNAB
NOT RELEVANT,OVTEX
NOT RELEVANT,OY-NN
NOT RELEVANT,OY-PORTAL
NOT RELEVANT,OYA
NOT RELEVANT,OYDETAL
NOT RELEVANT,OYINVEST
NOT RELEVANT,OYMONTAZH
NOT RELEVANT,OYTEK
NOT RELEVANT,OYTREST
NOT RELEVANT,OZAPAS
NOT RELEVANT,OZERKI
NOT RELEVANT,OZH
NOT RELEVANT,OZIA
NOT RELEVANT,P.R.Rouss
NOT RELEVANT,PACK
NOT RELEVANT,PAD
NOT RELEVANT,PAK
NOT RELEVANT,PAN
NOT RELEVANT,PANORAMA
NOT RELEVANT,PARADISE
NOT RELEVANT,PAREL
NOT RELEVANT,PARNAS-M
NOT RELEVANT,PAS
NOT RELEVANT,PASKER
NOT RELEVANT,PATRIOT
NOT RELEVANT,PE-M
NOT RELEVANT,PECTIVA
NOT RELEVANT,PERFOCOM
NOT RELEVANT,PERM
NOT RELEVANT,PERT
NOT RELEVANT,PESOURCE
NOT RELEVANT,PETROSAKH
NOT RELEVANT,PEX
NOT RELEVANT,PEZA
NOT RELEVANT,PHARM
NOT RELEVANT,PIK
NOT RELEVANT,PILS
NOT RELEVANT,PIPE-M
NOT RELEVANT,PLAST
NOT RELEVANT,PLASTIC
NOT RELEVANT,PLASTIK
NOT RELEVANT,PLATFORMA
NOT RELEVANT,PLEKS
NOT RELEVANT,PLEKT
NOT RELEVANT,PLEX
NOT RELEVANT,PLOENERGO
NOT RELEVANT,PLOZIA
NOT RELEVANT,PLUS
NOT RELEVANT,PMENT
NOT RELEVANT,PMENT-YUG
NOT RELEVANT,PMET
NOT RELEVANT,POBEDA
NOT RELEVANT,POLARIS
NOT RELEVANT,POLIMER
NOT RELEVANT,PORT
NOT RELEVANT,PORT-PLUS
NOT RELEVANT,PORT-S
NOT RELEVANT,PORTAL
NOT RELEVANT,POST
NOT RELEVANT,POVOLZH'E
NOT RELEVANT,POVOLZHIE
NOT RELEVANT,PPAREL
NOT RELEVANT,PRAYD-A
NOT RELEVANT,PREMIER
NOT RELEVANT,PRESS
NOT RELEVANT,PRINT
NOT RELEVANT,PRODUCT
NOT RELEVANT,PRODUKT
NOT RELEVANT,PROECT
NOT RELEVANT,PROFIL
NOT RELEVANT,PROJECT
NOT RELEVANT,PROM
NOT RELEVANT,PROMSNAB
NOT RELEVANT,PROMSTROI
NOT RELEVANT,PROTRANS
NOT RELEVANT,PROZAPAS
NOT RELEVANT,PSEI
NOT RELEVANT,PTIFARM-F
NOT RELEVANT,PTPA
NOT RELEVANT,PTTEKSTIL
NOT RELEVANT,PUSHKIN
NOT RELEVANT,QUADEMIE
NOT RELEVANT,QUERES
NOT RELEVANT,R'E
NOT RELEVANT,R-2
NOT RELEVANT,R-AUTO
NOT RELEVANT,R-AVTO
NOT RELEVANT,R-KRASPAN
NOT RELEVANT,R-LEASING
NOT RELEVANT,R-T
NOT RELEVANT,R-VK
NOT RELEVANT,R.RUS
NOT RELEVANT,R.Rouss
NOT RELEVANT,RA-AVTO
NOT RELEVANT,RA-STAR
NOT RELEVANT,RADE
NOT RELEVANT,RADE-M
NOT RELEVANT,RADISE
NOT RELEVANT,RAGON
NOT RELEVANT,RAKHT
NOT RELEVANT,RAKT
NOT RELEVANT,RAKURS
NOT RELEVANT,RAL
NOT RELEVANT,RAL-PACK
NOT RELEVANT,RALKABEL
NOT RELEVANT,RALSHINA
NOT RELEVANT,RAMA
NOT RELEVANT,RAMI
NOT RELEVANT,RAMIKA
NOT RELEVANT,RANGE
NOT RELEVANT,RANS
NOT RELEVANT,RANS-SEAL
NOT RELEVANT,RANSAVTO
NOT RELEVANT,RANSAZS
NOT RELEVANT,RANSCARGO
NOT RELEVANT,RANSGAZ
NOT RELEVANT,RANSMET
NOT RELEVANT,RANSSTROY
NOT RELEVANT,RANZIT
NOT RELEVANT,RAPEZA
NOT RELEVANT,RASPAN
NOT RELEVANT,RATION
NOT RELEVANT,RATOR
NOT RELEVANT,RATYEVSKY
NOT RELEVANT,RAYD-A
NOT RELEVANT,RAZ
NOT RELEVANT,RAZGULAY
NOT RELEVANT,RBARIS
NOT RELEVANT,RBER
NOT RELEVANT,RCE
NOT RELEVANT,RCH
NOT RELEVANT,RCHERMET
NOT RELEVANT,RCLASSIC
NOT RELEVANT,RDIKA
NOT RELEVANT,RDIS
NOT RELEVANT,RDISI
NOT RELEVANT,RECHIE
NOT RELEVANT,REDUT
NOT RELEVANT,REID
NOT RELEVANT,REL
NOT RELEVANT,REMIER
NOT RELEVANT,REPOST
NOT RELEVANT,RES
NOT RELEVANT,RESOURCE
NOT RELEVANT,RESS
NOT RELEVANT,REST
NOT RELEVANT,RESURS
NOT RELEVANT,RET
NOT RELEVANT,RETEX
NOT RELEVANT,REZUGOL
NOT RELEVANT,RFEY
NOT RELEVANT,RFOCOM
NOT RELEVANT,RG-AVTO
NOT RELEVANT,RGAS
NOT RELEVANT,RGAZ
NOT RELEVANT,RGER
NOT RELEVANT,RGKHIM
NOT RELEVANT,RGO
NOT RELEVANT,RGOSBIT
NOT RELEVANT,RGOSBYT
NOT RELEVANT,RGOSERVIS
NOT RELEVANT,RGSINTEZ
NOT RELEVANT,RHOA
NOT RELEVANT,RIA
NOT RELEVANT,RIA-AVTO
NOT RELEVANT,RIACHKA
NOT RELEVANT,RIALY
NOT RELEVANT,RICAP
NOT RELEVANT,RIFON
NOT RELEVANT,RIGON
NOT RELEVANT,RIH
NOT RELEVANT,RIKA
NOT RELEVANT,RIKOS
NOT RELEVANT,RIMAKS
NOT RELEVANT,RING
NOT RELEVANT,RINSKII
NOT RELEVANT,RINT
NOT RELEVANT,RIOT
NOT RELEVANT,RIS
NOT RELEVANT,RITE
NOT RELEVANT,RIUS
NOT RELEVANT,RIVE
NOT RELEVANT,RIVIERA
NOT RELEVANT,RIYA
NOT RELEVANT,RIZ
NOT RELEVANT,RKAS
NOT RELEVANT,RKET
NOT RELEVANT,RKETING
NOT RELEVANT,RKI
NOT RELEVANT,RKUTSK
NOT RELEVANT,RM-F
NOT RELEVANT,RM-NN
NOT RELEVANT,RMA
NOT RELEVANT,RMAL
NOT RELEVANT,RMET
NOT RELEVANT,RMETALL
NOT RELEVANT,RMINAL
NOT RELEVANT,RMMETALL
NOT RELEVANT,RNAS-M
NOT RELEVANT,RNATIONAL
NOT RELEVANT,RNIVAL
NOT RELEVANT,RO-ESTATE
NOT RELEVANT,RO-INVEST
NOT RELEVANT,RO-MOBIL
NOT RELEVANT,RO-STROY
NOT RELEVANT,ROCKWOOL
NOT RELEVANT,RODAR
NOT RELEVANT,RODEX
NOT RELEVANT,RODIAMOND
NOT RELEVANT,RODSYSTEM
NOT RELEVANT,RODUCT
NOT RELEVANT,RODUKT
NOT RELEVANT,ROECT
NOT RELEVANT,ROFIL
NOT RELEVANT,ROI
NOT RELEVANT,ROI-31
NOT RELEVANT,ROI-M
NOT RELEVANT,ROIKO
NOT RELEVANT,ROJ-OKNO
NOT RELEVANT,ROJECT
NOT RELEVANT,ROL
NOT RELEVANT,ROLINE
NOT RELEVANT,ROM
NOT RELEVANT,ROMA
NOT RELEVANT,ROMASH
NOT RELEVANT,ROMBETON
NOT RELEVANT,ROMED
NOT RELEVANT,ROMMETALL
NOT RELEVANT,ROMSNAB
NOT RELEVANT,ROMSTROI
NOT RELEVANT,RON
NOT RELEVANT,RONA
NOT RELEVANT,ROPHARM
NOT RELEVANT,ROPRESS
NOT RELEVANT,ROPROM
NOT RELEVANT,ROS
NOT RELEVANT,ROSAKH
NOT RELEVANT,ROSIB
NOT RELEVANT,ROSLAVL
NOT RELEVANT,ROSMETALL
NOT RELEVANT,ROSSLINE
NOT RELEVANT,ROSTA
NOT RELEVANT,ROSTAAL
NOT RELEVANT,ROSTAR
NOT RELEVANT,ROTEKS-LV
NOT RELEVANT,ROTORG
NOT RELEVANT,ROTRANS
NOT RELEVANT,ROUP
NOT RELEVANT,ROVSNAB
NOT RELEVANT,ROVTEX
NOT RELEVANT,ROY
NOT RELEVANT,ROY-NN
NOT RELEVANT,ROYDETAL
NOT RELEVANT,ROYINVEST
NOT RELEVANT,ROYTEK
NOT RELEVANT,ROYTREST
NOT RELEVANT,ROZAPAS
NOT RELEVANT,RPAK
NOT RELEVANT,RPIPE-M
NOT RELEVANT,RPROM
NOT RELEVANT,RRA-AVTO
NOT RELEVANT,RRHOA
NOT RELEVANT,RROSTAAL
NOT RELEVANT,RSICO
NOT RELEVANT,RSK-TORG
NOT RELEVANT,RSKOL-IZH
NOT RELEVANT,RSPECTIVA
NOT RELEVANT,RSSIS
NOT RELEVANT,RT-PLUS
NOT RELEVANT,RT-S
NOT RELEVANT,RTAL
NOT RELEVANT,RTAN
NOT RELEVANT,RTEMIDA
NOT RELEVANT,RTEX
NOT RELEVANT,RTH
NOT RELEVANT,RTIKA
NOT RELEVANT,RTISAN
NOT RELEVANT,RTLAND
NOT RELEVANT,RTNEFT
NOT RELEVANT,RTRADE-M
NOT RELEVANT,RTS
NOT RELEVANT,RUBMASH
NOT RELEVANT,RUBPROM
NOT RELEVANT,RUM-GROUP
NOT RELEVANT,RUMATA
NOT RELEVANT,RUS
NOT RELEVANT,RUSAGRO
NOT RELEVANT,RUSAL
NOT RELEVANT,RUSELPROM
NOT RELEVANT,RUSSWELL
NOT RELEVANT,RVICE
NOT RELEVANT,RVIKHA
NOT RELEVANT,RVIS
NOT RELEVANT,RVISE
NOT RELEVANT,RYAD
NOT RELEVANT,RYBCOM
NOT RELEVANT,RYD
NOT RELEVANT,Rouss
NOT RELEVANT,S-AUTO
NOT RELEVANT,S-CEMENT
NOT RELEVANT,S-COMPLEX
NOT RELEVANT,S-DOM
NOT RELEVANT,S-GMBH
NOT RELEVANT,S-INVEST
NOT RELEVANT,S-IRKUTSK
NOT RELEVANT,S-LV
NOT RELEVANT,S-M
NOT RELEVANT,S-REDUT
NOT RELEVANT,S-SEAL
NOT RELEVANT,S-SERVICE
NOT RELEVANT,S-STIL'
NOT RELEVANT,S-TIKHVIN
NOT RELEVANT,S-TYUMEN
NOT RELEVANT,S-VIDEO
NOT RELEVANT,SAB
NOT RELEVANT,SAC
NOT RELEVANT,SAFIN
NOT RELEVANT,SAGRO
NOT RELEVANT,SAKH
NOT RELEVANT,SAL
NOT RELEVANT,SALIT-V
NOT RELEVANT,SALOTTI
NOT RELEVANT,SALT
NOT RELEVANT,SAMIT-K
NOT RELEVANT,SAN
NOT RELEVANT,SAR
NOT RELEVANT,SARPAK
NOT RELEVANT,SARY
NOT RELEVANT,SAVTO
NOT RELEVANT,SAVTOLIZ
NOT RELEVANT,SAZS
NOT RELEVANT,SBIT
NOT RELEVANT,SBYT
NOT RELEVANT,SCARGO
NOT RELEVANT,SEAL
NOT RELEVANT,SEI
NOT RELEVANT,SEL-MTA
NOT RELEVANT,SELMASH
NOT RELEVANT,SELPROM
NOT RELEVANT,SEMYA
NOT RELEVANT,SEN-SIBIR
NOT RELEVANT,SENEVO
NOT RELEVANT,SENTR
NOT RELEVANT,SERVICE
NOT RELEVANT,SERVIS
NOT RELEVANT,SERVISE
NOT RELEVANT,SET
NOT RELEVANT,SEV
NOT RELEVANT,SEV-VIDEO
NOT RELEVANT,SFORT
NOT RELEVANT,SFRAKHT
NOT RELEVANT,SG-INVEST
NOT RELEVANT,SG-TRANS
NOT RELEVANT,SGAZ
NOT RELEVANT,SGSNAB
NOT RELEVANT,SHCHAYA
NOT RELEVANT,SHCHITA
NOT RELEVANT,SHIKHA
NOT RELEVANT,SHINA
NOT RELEVANT,SHKIN
NOT RELEVANT,SHSERVIS
NOT RELEVANT,SHVTORMET
NOT RELEVANT,SIB
NOT RELEVANT,SIBIR
NOT RELEVANT,SIBIR-VK
NOT RELEVANT,SIBLES
NOT RELEVANT,SIBNEFT
NOT RELEVANT,SIC
NOT RELEVANT,SICO
NOT RELEVANT,SIE-STROY
NOT RELEVANT,SIENA
NOT RELEVANT,SIGN
NOT RELEVANT,SII
NOT RELEVANT,SIMOST
NOT RELEVANT,SIN-2005
NOT RELEVANT,SINESS
NOT RELEVANT,SING
NOT RELEVANT,SINTEZ
NOT RELEVANT,SIRIUS
NOT RELEVANT,SIS
NOT RELEVANT,SITALL
NOT RELEVANT,SIYA
NOT RELEVANT,SK-AGRO
NOT RELEVANT,SK-LADA
NOT RELEVANT,SK-TORG
NOT RELEVANT,SKAYA
NOT RELEVANT,SKER
NOT RELEVANT,SKGORGAS
NOT RELEVANT,SKII
NOT RELEVANT,SKII-1
NOT RELEVANT,SKIY
NOT RELEVANT,SKIY-PERM
NOT RELEVANT,SKMOLOKO
NOT RELEVANT,SKOL-IZH
NOT RELEVANT,SKOLKOVO
NOT RELEVANT,SKOMPLEKT
NOT RELEVANT,SKOZH
NOT RELEVANT,SKSELMASH
NOT RELEVANT,SKVTORMET
NOT RELEVANT,SKY
NOT RELEVANT,SLAVIS
NOT RELEVANT,SLAVL
NOT RELEVANT,SLINE
NOT RELEVANT,SM-INVEST
NOT RELEVANT,SMARTS
NOT RELEVANT,SMET
NOT RELEVANT,SMETALL
NOT RELEVANT,SMK-526
NOT RELEVANT,SMPK
NOT RELEVANT,SNAB
NOT RELEVANT,SNABSBYT
NOT RELEVANT,SNER.RUS
NOT RELEVANT,SNERYD
NOT RELEVANT,SO-1
NOT RELEVANT,SOCIATION
NOT RELEVANT,SORUS
NOT RELEVANT,SOURCE
NOT RELEVANT,SOYA
NOT RELEVANT,SPAN
NOT RELEVANT,SPECTIVA
NOT RELEVANT,SPESOURCE
NOT RELEVANT,SPORT
NOT RELEVANT,SS-DOM
NOT RELEVANT,SSERVISE
NOT RELEVANT,SSIC
NOT RELEVANT,SSINTEZ
NOT RELEVANT,SSIS
NOT RELEVANT,SSLINE
NOT RELEVANT,SSMK-526
NOT RELEVANT,SSNER.RUS
NOT RELEVANT,SSP
NOT RELEVANT,SSTROI
NOT RELEVANT,SSTROI-31
NOT RELEVANT,SSTROI-M
NOT RELEVANT,SSTROY
NOT RELEVANT,SSUGOL
NOT RELEVANT,SSWELL
NOT RELEVANT,ST-R
NOT RELEVANT,ST-SIRIUS
NOT RELEVANT,STA
NOT RELEVANT,STAAL
NOT RELEVANT,STALSET
NOT RELEVANT,STANDART
NOT RELEVANT,STAR
NOT RELEVANT,STATE
NOT RELEVANT,STEKLONIT
NOT RELEVANT,STEM
NOT RELEVANT,STEN
NOT RELEVANT,STEP
NOT RELEVANT,STERMINAL
NOT RELEVANT,STIC
NOT RELEVANT,STIK
NOT RELEVANT,STIKA
NOT RELEVANT,STIL
NOT RELEVANT,STIL'
NOT RELEVANT,STINTORG
NOT RELEVANT,STINVEST
NOT RELEVANT,STIS
NOT RELEVANT,STITSII
NOT RELEVANT,STNEFT
NOT RELEVANT,STNIK-XXI
NOT RELEVANT,STOK
NOT RELEVANT,STOR
NOT RELEVANT,STORATOR
NOT RELEVANT,STROI
NOT RELEVANT,STROI-31
NOT RELEVANT,STROI-M
NOT RELEVANT,STROIKO
NOT RELEVANT,STROY
NOT RELEVANT,STROY-NN
NOT RELEVANT,STROYTEK
NOT RELEVANT,STSTROI
NOT RELEVANT,SUBER
NOT RELEVANT,SUGOL
NOT RELEVANT,SUND
NOT RELEVANT,SUNWAY
NOT RELEVANT,SURS
NOT RELEVANT,SVAR
NOT RELEVANT,SWELL
NOT RELEVANT,SYNTHEMA
NOT RELEVANT,SYSTEM
NOT RELEVANT,Sib
NOT RELEVANT,Svyatogor
NOT RELEVANT,T-BETON
NOT RELEVANT,T-INVEST
NOT RELEVANT,T-K
NOT RELEVANT,T-KONSALT
NOT RELEVANT,T-MOTORS
NOT RELEVANT,T-OKNO
NOT RELEVANT,T-PLUS
NOT RELEVANT,T-R
NOT RELEVANT,T-RESURS
NOT RELEVANT,T-S
NOT RELEVANT,T-SERVICE
NOT RELEVANT,T-SERVIS
NOT RELEVANT,T-SIBIR
NOT RELEVANT,T-SIRIUS
NOT RELEVANT,T-V
NOT RELEVANT,T-VOSTOK
NOT RELEVANT,T-YUG
NOT RELEVANT,TA-S
NOT RELEVANT,TAAL
NOT RELEVANT,TAI-KOKS
NOT RELEVANT,TAIR
NOT RELEVANT,TAIR-2
NOT RELEVANT,TAIVAGON
NOT RELEVANT,TAKF
NOT RELEVANT,TAL
NOT RELEVANT,TALL
NOT RELEVANT,TALNIY
NOT RELEVANT,TALON
NOT RELEVANT,TALSERVIS
NOT RELEVANT,TALSET
NOT RELEVANT,TAN
NOT RELEVANT,TANDART
NOT RELEVANT,TANDEM
NOT RELEVANT,TAR
NOT RELEVANT,TARES
NOT RELEVANT,TARIS
NOT RELEVANT,TAT
NOT RELEVANT,TATE
NOT RELEVANT,TATRANS
NOT RELEVANT,TAZH
NOT RELEVANT,TCH
NOT RELEVANT,TCHA
NOT RELEVANT,TDACHA
NOT RELEVANT,TECH
NOT RELEVANT,TECH-URAL
NOT RELEVANT,TECHGAZ
NOT RELEVANT,TECHNICA
NOT RELEVANT,TEGAZ
NOT RELEVANT,TEISKII
NOT RELEVANT,TEK
NOT RELEVANT,TEKHGAZ
NOT RELEVANT,TEKHNIKA
NOT RELEVANT,TEKHSTROY
NOT RELEVANT,TEKLONIT
NOT RELEVANT,TEKS
NOT RELEVANT,TEKS-LV
NOT RELEVANT,TEKSNERYD
NOT RELEVANT,TEKSTIL
NOT RELEVANT,TEL
NOT RELEVANT,TEL-COM
NOT RELEVANT,TELEKOM
NOT RELEVANT,TEM
NOT RELEVANT,TEMIDA
NOT RELEVANT,TEMP
NOT RELEVANT,TEN
NOT RELEVANT,TEOTDACHA
NOT RELEVANT,TEP
NOT RELEVANT,TEPRODUCT
NOT RELEVANT,TEPRODUKT
NOT RELEVANT,TER
NOT RELEVANT,TER-T
NOT RELEVANT,TERIALY
NOT RELEVANT,TERMAL
NOT RELEVANT,TERMINAL
NOT RELEVANT,TERPIPE-M
NOT RELEVANT,TEX
NOT RELEVANT,TEZ
NOT RELEVANT,TFORMA
NOT RELEVANT,TGC-1
NOT RELEVANT,THEMA
NOT RELEVANT,TIC
NOT RELEVANT,TIFARM-F
NOT RELEVANT,TIK
NOT RELEVANT,TIKA
NOT RELEVANT,TIKHVIN
NOT RELEVANT,TIL
NOT RELEVANT,TIL'
NOT RELEVANT,TIME
NOT RELEVANT,TING
NOT RELEVANT,TINTORG
NOT RELEVANT,TINVEST
NOT RELEVANT,TION
NOT RELEVANT,TIONAL
NOT RELEVANT,TIS
NOT RELEVANT,TISAN
NOT RELEVANT,TITSII
NOT RELEVANT,TIV
NOT RELEVANT,TIVA
NOT RELEVANT,TLAND
NOT RELEVANT,TLANTA-S
NOT RELEVANT,TMZ
NOT RELEVANT,TNEFT
NOT RELEVANT,TNIK-XXI
NOT RELEVANT,TO-LYUKS
NOT RELEVANT,TO-TRADE
NOT RELEVANT,TO-TSENTR
NOT RELEVANT,TOAZ
NOT RELEVANT,TOBRIZ
NOT RELEVANT,TOCHMASH
NOT RELEVANT,TOFARM-NN
NOT RELEVANT,TOHOUSE
NOT RELEVANT,TOK
NOT RELEVANT,TOKOM
NOT RELEVANT,TOL
NOT RELEVANT,TOLIZ
NOT RELEVANT,TON
NOT RELEVANT,TON-AERO
NOT RELEVANT,TOPLAST
NOT RELEVANT,TOR
NOT RELEVANT,TORATOR
NOT RELEVANT,TORG
NOT RELEVANT,TORGKHIM
NOT RELEVANT,TORMET
NOT RELEVANT,TORS
NOT RELEVANT,TOTEMP
NOT RELEVANT,TOVAZ
NOT RELEVANT,TPA
NOT RELEVANT,TPMET
NOT RELEVANT,TPROM
NOT RELEVANT,TRADE
NOT RELEVANT,TRADE-M
NOT RELEVANT,TRAKT
NOT RELEVANT,TRANS
NOT RELEVANT,TRANSAVTO
NOT RELEVANT,TRANSAZS
NOT RELEVANT,TRANSGAZ
NOT RELEVANT,TRANSMET
NOT RELEVANT,TRANZIT
NOT RELEVANT,TRAPEZA
NOT RELEVANT,TREID
NOT RELEVANT,TREST
NOT RELEVANT,TRET
NOT RELEVANT,TRIOT
NOT RELEVANT,TRO-MOBIL
NOT RELEVANT,TROI
NOT RELEVANT,TROI-31
NOT RELEVANT,TROI-M
NOT RELEVANT,TROIKO
NOT RELEVANT,TROJ-OKNO
NOT RELEVANT,TROMBETON
NOT RELEVANT,TROPRESS
NOT RELEVANT,TROSAKH
NOT RELEVANT,TROY
NOT RELEVANT,TROY-NN
NOT RELEVANT,TROYDETAL
NOT RELEVANT,TROYTEK
NOT RELEVANT,TROYTREST
NOT RELEVANT,TRUBMASH
NOT RELEVANT,TRUBPROM
NOT RELEVANT,TRYBCOM
NOT RELEVANT,TS-REDUT
NOT RELEVANT,TSA
NOT RELEVANT,TSAB
NOT RELEVANT,TSC
NOT RELEVANT,TSENTR
NOT RELEVANT,TSII
NOT RELEVANT,TSIYA
NOT RELEVANT,TSK
NOT RELEVANT,TSO-1
NOT RELEVANT,TSTROI
NOT RELEVANT,TSTROY
NOT RELEVANT,TSTROY-NN
NOT RELEVANT,TSUBER
NOT RELEVANT,TTEKSTIL
NOT RELEVANT,TTI
NOT RELEVANT,TUMAMA.RU
NOT RELEVANT,TYEVSKY
NOT RELEVANT,TYUMEN
NOT RELEVANT,UADEMIE
NOT RELEVANT,UAMAX
NOT RELEVANT,UBAN-LADA
NOT RELEVANT,UBEN
NOT RELEVANT,UBER
NOT RELEVANT,UBMASH
NOT RELEVANT,UBPROM
NOT RELEVANT,UCH
NOT RELEVANT,UCHAN
NOT RELEVANT,UCT
NOT RELEVANT,UERES
NOT RELEVANT,UEYMZ
NOT RELEVANT,UGO-ZAPAD
NOT RELEVANT,UGOL
NOT RELEVANT,UGOLD
NOT RELEVANT,UKS
NOT RELEVANT,UKT
NOT RELEVANT,ULAY
NOT RELEVANT,ULDING
NOT RELEVANT,UM-GROUP
NOT RELEVANT,UM-MARKET
NOT RELEVANT,UMAMA.RU
NOT RELEVANT,UMATA
NOT RELEVANT,UMEN
NOT RELEVANT,UMIZDELIA
NOT RELEVANT,UMSNAB
NOT RELEVANT,UND
NOT RELEVANT,UNENERGO
NOT RELEVANT,UNIFUD
NOT RELEVANT,UNOST
NOT RELEVANT,UNWAY
NOT RELEVANT,UPC
NOT RELEVANT,URAL
NOT RELEVANT,URAL-PACK
NOT RELEVANT,URALKABEL
NOT RELEVANT,URALSHINA
NOT RELEVANT,URCE
NOT RELEVANT,URECHIE
NOT RELEVANT,URG-AVTO
NOT RELEVANT,URMETALL
NOT RELEVANT,URO
NOT RELEVANT,URS
NOT RELEVANT,URTNEFT
NOT RELEVANT,US-CEMENT
NOT RELEVANT,USAGRO
NOT RELEVANT,USAL
NOT RELEVANT,USE
NOT RELEVANT,USELPROM
NOT RELEVANT,USHCHAYA
NOT RELEVANT,USHKIN
NOT RELEVANT,USIC
NOT RELEVANT,USINESS
NOT RELEVANT,USSWELL
NOT RELEVANT,UTO
NOT RELEVANT,UTOBRIZ
NOT RELEVANT,UTSK
NOT RELEVANT,UZHIVANIE
NOT RELEVANT,UZNITSA
NOT RELEVANT,Uniplast
NOT RELEVANT,V-AVTO
NOT RELEVANT,V-VIDEO
NOT RELEVANT,VA-MOTORS
NOT RELEVANT,VAGON
NOT RELEVANT,VAL
NOT RELEVANT,VALAIN
NOT RELEVANT,VANIE
NOT RELEVANT,VANT
NOT RELEVANT,VAR
NOT RELEVANT,VARDIS
NOT RELEVANT,VAYA
NOT RELEVANT,VAZ
NOT RELEVANT,VBA
NOT RELEVANT,VCEMENT
NOT RELEVANT,VCHEG
NOT RELEVANT,VCOM
NOT RELEVANT,VECTOR
NOT RELEVANT,VEL
NOT RELEVANT,VELES
NOT RELEVANT,VELOPMENT
NOT RELEVANT,VENUE
NOT RELEVANT,VER-AVTO
NOT RELEVANT,VEROL
NOT RELEVANT,VEROPHARM
NOT RELEVANT,VERRHOA
NOT RELEVANT,VEST
NOT RELEVANT,VEST-R
NOT RELEVANT,VESTITSII
NOT RELEVANT,VESTNEFT
NOT RELEVANT,VESTSTROI
NOT RELEVANT,VIANA
NOT RELEVANT,VIAS
NOT RELEVANT,VICE
NOT RELEVANT,VIDEO
NOT RELEVANT,VIERA
NOT RELEVANT,VIGOR
NOT RELEVANT,VIKHA
NOT RELEVANT,VILON
NOT RELEVANT,VIN
NOT RELEVANT,VIS
NOT RELEVANT,VISE
NOT RELEVANT,VISIMOST
NOT RELEVANT,VITA
NOT RELEVANT,VLADIMIR
NOT RELEVANT,VNIIR
NOT RELEVANT,VODSKIY
NOT RELEVANT,VOLZH'E
NOT RELEVANT,VOLZHIE
NOT RELEVANT,VORITE
NOT RELEVANT,VOSTOK
NOT RELEVANT,VOSTROI
NOT RELEVANT,VOTIME
NOT RELEVANT,VRAZ
NOT RELEVANT,VROSIB
NOT RELEVANT,VS-INVEST
NOT RELEVANT,VSKII
NOT RELEVANT,VSKY
NOT RELEVANT,VSNAB
NOT RELEVANT,VSTROY
NOT RELEVANT,VTEX
NOT RELEVANT,VTO
NOT RELEVANT,VTO-LYUKS
NOT RELEVANT,VTO-TRADE
NOT RELEVANT,VTOHOUSE
NOT RELEVANT,VTOKOM
NOT RELEVANT,VTOLIZ
NOT RELEVANT,VTOPLAST
NOT RELEVANT,VTORMET
NOT RELEVANT,VTOTEMP
NOT RELEVANT,VTOVAZ
NOT RELEVANT,VYBOR
NOT RELEVANT,VYDOVO
NOT RELEVANT,Video
NOT RELEVANT,W9E2
NOT RELEVANT,WATCH
NOT RELEVANT,WAY
NOT RELEVANT,WELL
NOT RELEVANT,WISE
NOT RELEVANT,WOOL
NOT RELEVANT,X02111
NOT RELEVANT,XIS
NOT RELEVANT,XPERT
NOT RELEVANT,XRANGE
NOT RELEVANT,XXI
NOT RELEVANT,XXX
NOT RELEVANT,XXXX
NOT RELEVANT,XXXXX
NOT RELEVANT,XXXXXX
NOT RELEVANT,XXXXXXX
NOT RELEVANT,XXXXXXXX
NOT RELEVANT,XXXXXXXXX
NOT RELEVANT,Y-NN
NOT RELEVANT,Y-PERM
NOT RELEVANT,Y-PORTAL
NOT RELEVANT,Y-ZAKAMSK
NOT RELEVANT,YA-ODIN
NOT RELEVANT,YAD
NOT RELEVANT,YADROMA
NOT RELEVANT,YAEVO
NOT RELEVANT,YAK
NOT RELEVANT,YAKS
NOT RELEVANT,YAROSLAVL
NOT RELEVANT,YASENEVO
NOT RELEVANT,YBCOM
NOT RELEVANT,YBOR
NOT RELEVANT,YCN
NOT RELEVANT,YD-A
NOT RELEVANT,YDETAL
NOT RELEVANT,YDOVO
NOT RELEVANT,YEVSKY
NOT RELEVANT,YINVEST
NOT RELEVANT,YMONTAZH
NOT RELEVANT,YMZ
NOT RELEVANT,YNERGO
NOT RELEVANT,YNTHEMA
NOT RELEVANT,YOGENMASH
NOT RELEVANT,YSTEM
NOT RELEVANT,YTA
NOT RELEVANT,YTCHA
NOT RELEVANT,YTEK
NOT RELEVANT,YTORGKHIM
NOT RELEVANT,YTREST
NOT RELEVANT,YUCH
NOT RELEVANT,YUG
NOT RELEVANT,YUKS
NOT RELEVANT,YUMEN
NOT RELEVANT,YUSHCHAYA
NOT RELEVANT,YWELL
NOT RELEVANT,Z-PRODUCT
NOT RELEVANT,ZACIA
NOT RELEVANT,ZAKAMSK
NOT RELEVANT,ZAO
NOT RELEVANT,ZAPAD
NOT RELEVANT,ZAPAS
NOT RELEVANT,ZASHCHITA
NOT RELEVANT,ZAVODSKIY
NOT RELEVANT,ZBASSUGOL
NOT RELEVANT,ZBURO
NOT RELEVANT,ZDELIA
NOT RELEVANT,ZERKI
NOT RELEVANT,ZGULAY
NOT RELEVANT,ZH'E
NOT RELEVANT,ZH-INVEST
NOT RELEVANT,ZHIE
NOT RELEVANT,ZHIVANIE
NOT RELEVANT,ZIA
NOT RELEVANT,ZIF-1
NOT RELEVANT,ZIMUT
NOT RELEVANT,ZIS
NOT RELEVANT,ZIT
NOT RELEVANT,ZLEASING
NOT RELEVANT,ZMZ
NOT RELEVANT,ZNITSA
NOT RELEVANT,ZORINSKII
NOT RELEVANT,ZREZUGOL
NOT RELEVANT,ZSERVIS
NOT RELEVANT,ZSTROIKO
NOT RELEVANT,ZTM
NOT RELEVANT,ZUGOL
NOT RELEVANT,Zoetis
NOT RELEVANT,ability
NOT RELEVANT,aga
NOT RELEVANT,albumaga
NOT RELEVANT,ans
NOT RELEVANT,ansgarant
NOT RELEVANT,ant
NOT RELEVANT,arant
NOT RELEVANT,arat
NOT RELEVANT,aria
NOT RELEVANT,arm
NOT RELEVANT,ast
NOT RELEVANT,atogor
NOT RELEVANT,bility
NOT RELEVANT,bumaga
NOT RELEVANT,centre
NOT RELEVANT,cneft
NOT RELEVANT,cticneft
NOT RELEVANT,deo
NOT RELEVANT,efco
NOT RELEVANT,eft
NOT RELEVANT,elius-K
NOT RELEVANT,energo
NOT RELEVANT,entre
NOT RELEVANT,ergo
NOT RELEVANT,ervice
NOT RELEVANT,etis
NOT RELEVANT,fco
NOT RELEVANT,garant
NOT RELEVANT,gor
NOT RELEVANT,harm
NOT RELEVANT,himpharm
NOT RELEVANT,iability
NOT RELEVANT,ice
NOT RELEVANT,icneft
NOT RELEVANT,ideo
NOT RELEVANT,ility
NOT RELEVANT,impharm
NOT RELEVANT,inaria
NOT RELEVANT,inyi
NOT RELEVANT,iplast
NOT RELEVANT,ity
NOT RELEVANT,ius-K
NOT RELEVANT,ixy
NOT RELEVANT,khimpharm
NOT RELEVANT,last
NOT RELEVANT,lbumaga
NOT RELEVANT,linaria
NOT RELEVANT,lity
NOT RELEVANT,lius-K
NOT RELEVANT,maga
NOT RELEVANT,mpharm
NOT RELEVANT,mtrans
NOT RELEVANT,naria
NOT RELEVANT,neft
NOT RELEVANT,nergo
NOT RELEVANT,niplast
NOT RELEVANT,nka
NOT RELEVANT,nsgarant
NOT RELEVANT,nt-centre
NOT RELEVANT,ntre
NOT RELEVANT,nyi
NOT RELEVANT,oSib
NOT RELEVANT,oetis
NOT RELEVANT,ogor
NOT RELEVANT,olinaria
NOT RELEVANT,omtrans
NOT RELEVANT,ouss
NOT RELEVANT,ovenergo
NOT RELEVANT,pharm
NOT RELEVANT,plast
NOT RELEVANT,polinaria
NOT RELEVANT,promtrans
NOT RELEVANT,ralbumaga
NOT RELEVANT,rans
NOT RELEVANT,rant
NOT RELEVANT,rat
NOT RELEVANT,rcticneft
NOT RELEVANT,rgo
NOT RELEVANT,ria
NOT RELEVANT,roSib
NOT RELEVANT,romtrans
NOT RELEVANT,rvice
NOT RELEVANT,s-K
NOT RELEVANT,service
NOT RELEVANT,sgarant
NOT RELEVANT,stservice
NOT RELEVANT,t-centre
NOT RELEVANT,ticneft
NOT RELEVANT,tis
NOT RELEVANT,togor
NOT RELEVANT,tovenergo
NOT RELEVANT,trans
NOT RELEVANT,tre
NOT RELEVANT,tservice
NOT RELEVANT,umaga
NOT RELEVANT,uroSib
NOT RELEVANT,us-K
NOT RELEVANT,uss
NOT RELEVANT,venergo
NOT RELEVANT,vice
NOT RELEVANT,vyatogor
NOT RELEVANT,yatogor
REAL ESTATE,+YA
REAL ESTATE,-2000
REAL ESTATE,-ARENDA
REAL ESTATE,-EK
REAL ESTATE,-ENERGO
REAL ESTATE,-INVEST
REAL ESTATE,-KAPITAL
REAL ESTATE,-KHIMKI
REAL ESTATE,-KHOLDING
REAL ESTATE,-MEGA
REAL ESTATE,-Omsk
REAL ESTATE,-PARK
REAL ESTATE,-PENZA
REAL ESTATE,-SIBIR'
REAL ESTATE,-SPb
REAL ESTATE,-TSENTR
REAL ESTATE,000
REAL ESTATE,2000
REAL ESTATE,A+YA
REAL ESTATE,A-2000
REAL ESTATE,A-ARENDA
REAL ESTATE,A-M
REAL ESTATE,A-PARK
REAL ESTATE,A-T
REAL ESTATE,ACK
REAL ESTATE,ADE
REAL ESTATE,ADSERVIS
REAL ESTATE,AETERNA
REAL ESTATE,AEV
REAL ESTATE,AKSEL
REAL ESTATE,ALON
REAL ESTATE,ALT
REAL ESTATE,ALYANS
REAL ESTATE,AMA+YA
REAL ESTATE,AMO-PARK
REAL ESTATE,AN-INVEST
REAL ESTATE,ANIE
REAL ESTATE,ANIZATOR
REAL ESTATE,ANS
REAL ESTATE,ANSERVIS
REAL ESTATE,ANSIMPORT
REAL ESTATE,ANTA
REAL ESTATE,ANTA-T
REAL ESTATE,ANTEL
REAL ESTATE,APITAL
REAL ESTATE,AQUARELLE
REAL ESTATE,ARDEM
REAL ESTATE,ARDI
REAL ESTATE,ARELLE
REAL ESTATE,ARENDA
REAL ESTATE,AREYKS
REAL ESTATE,ARK
REAL ESTATE,ARTYUKHOV
REAL ESTATE,ARUS
REAL ESTATE,ASKK
REAL ESTATE,ASNODAR
REAL ESTATE,ASTION
REAL ESTATE,ATAEV
REAL ESTATE,ATE
REAL ESTATE,ATOR
REAL ESTATE,ATRIOT
REAL ESTATE,ATSIYA
REAL ESTATE,AXEL
REAL ESTATE,AYA
REAL ESTATE,AZH
REAL ESTATE,Adva
REAL ESTATE,Apollax
REAL ESTATE,BALT
REAL ESTATE,BASTION
REAL ESTATE,BEREZHNOE
REAL ESTATE,BESNAYA
REAL ESTATE,BIO
REAL ESTATE,BIR'
REAL ESTATE,BITA
REAL ESTATE,BIZNES
REAL ESTATE,BMEN
REAL ESTATE,BMI
REAL ESTATE,BODA
REAL ESTATE,BRUSNIKA
REAL ESTATE,BUMPACK
REAL ESTATE,BURG
REAL ESTATE,BUS
REAL ESTATE,CCP
REAL ESTATE,CHARDI
REAL ESTATE,CHEMPION
REAL ESTATE,CTRADE
REAL ESTATE,DANIE
REAL ESTATE,DAR
REAL ESTATE,DEDOVO
REAL ESTATE,DEKORT
REAL ESTATE,DEM
REAL ESTATE,DING
REAL ESTATE,DINO
REAL ESTATE,DOVO
REAL ESTATE,DRYAD
REAL ESTATE,DSERVIS
REAL ESTATE,EAT
REAL ESTATE,EBESNAYA
REAL ESTATE,EDINO
REAL ESTATE,EDOVO
REAL ESTATE,EGA
REAL ESTATE,EGRATSIYA
REAL ESTATE,EID
REAL ESTATE,EKORT
REAL ESTATE,EKRI
REAL ESTATE,EKT
REAL ESTATE,EKTIVA
REAL ESTATE,EKTOR
REAL ESTATE,EL-ENERGO
REAL ESTATE,ELLE
REAL ESTATE,ELOPMENT
REAL ESTATE,EMPION
REAL ESTATE,EMPTORG
REAL ESTATE,ENDA
REAL ESTATE,ENERGIYA
REAL ESTATE,ENERGO
REAL ESTATE,ENT
REAL ESTATE,ENTA
REAL ESTATE,ENTO
REAL ESTATE,ENTR
REAL ESTATE,ENZA
REAL ESTATE,ER-INVEST
REAL ESTATE,ER-TSENTR
REAL ESTATE,ERBALT
REAL ESTATE,EREZHNOE
REAL ESTATE,ERGIYA
REAL ESTATE,ERGO
REAL ESTATE,ERINBURG
REAL ESTATE,ERNA
REAL ESTATE,ERS
REAL ESTATE,ERVIS
REAL ESTATE,ERVIS-EK
REAL ESTATE,ESNAYA
REAL ESTATE,ESS
REAL ESTATE,EST
REAL ESTATE,ESTATE
REAL ESTATE,ESTITSII
REAL ESTATE,ESTPROFY
REAL ESTATE,ESURS
REAL ESTATE,ETALON
REAL ESTATE,ETERNA
REAL ESTATE,EVA
REAL ESTATE,EYKS
REAL ESTATE,EZHNOE
REAL ESTATE,Everest
REAL ESTATE,FINTREID
REAL ESTATE,FSK
REAL ESTATE,GISTIK
REAL ESTATE,GIYA
REAL ESTATE,GLOBUS
REAL ESTATE,GORESURS
REAL ESTATE,GRAD
REAL ESTATE,GRATSIYA
REAL ESTATE,GRESS
REAL ESTATE,GROUP
REAL ESTATE,GSTROI
REAL ESTATE,Granelle
REAL ESTATE,HANIZATOR
REAL ESTATE,HARDI
REAL ESTATE,HATAEV
REAL ESTATE,HEMPION
REAL ESTATE,HIMKI
REAL ESTATE,HIMOST
REAL ESTATE,HIMOST'
REAL ESTATE,HKOMPLEKT
REAL ESTATE,HNOE
REAL ESTATE,HOD
REAL ESTATE,HOLDING
REAL ESTATE,HOMA
REAL ESTATE,HOV
REAL ESTATE,HUK
REAL ESTATE,IBIR'
REAL ESTATE,ICTRADE
REAL ESTATE,IDANIE
REAL ESTATE,IERS
REAL ESTATE,IINVEST
REAL ESTATE,IKA
REAL ESTATE,IKOLIERS
REAL ESTATE,IMKI
REAL ESTATE,IMMONTAZH
REAL ESTATE,IMOST
REAL ESTATE,IMOST'
REAL ESTATE,IMPORT
REAL ESTATE,INBURG
REAL ESTATE,ING
REAL ESTATE,INGRAD
REAL ESTATE,INKA
REAL ESTATE,INO
REAL ESTATE,INSANTEL
REAL ESTATE,INTERBALT
REAL ESTATE,INTREID
REAL ESTATE,INVEST
REAL ESTATE,ION
REAL ESTATE,IORITET
REAL ESTATE,IOT
REAL ESTATE,IPS
REAL ESTATE,IR'
REAL ESTATE,IRA
REAL ESTATE,IRMA-2000
REAL ESTATE,IS-EK
REAL ESTATE,ISTIK
REAL ESTATE,ISTROI
REAL ESTATE,ITA
REAL ESTATE,ITAL
REAL ESTATE,ITET
REAL ESTATE,ITISTROI
REAL ESTATE,ITRA
REAL ESTATE,ITSII
REAL ESTATE,IVA
REAL ESTATE,IX-2000
REAL ESTATE,IYA
REAL ESTATE,IYA-M
REAL ESTATE,IZATOR
REAL ESTATE,IZHIMOST
REAL ESTATE,IZHIMOST'
REAL ESTATE,IZNES
REAL ESTATE,Indwell
REAL ESTATE,KAPITAL
REAL ESTATE,KER
REAL ESTATE,KHIMKI
REAL ESTATE,KHOD
REAL ESTATE,KHOLDING
REAL ESTATE,KHOV
REAL ESTATE,KLARUS
REAL ESTATE,KOLEDINO
REAL ESTATE,KOLIERS
REAL ESTATE,KOMPLEKT
REAL ESTATE,KOMPLEX
REAL ESTATE,KONSTANTA
REAL ESTATE,KORT
REAL ESTATE,KOSERVIS
REAL ESTATE,KRASNODAR
REAL ESTATE,KRI
REAL ESTATE,KSEL
REAL ESTATE,KTIVA
REAL ESTATE,KTOR
REAL ESTATE,L-ENERGO
REAL ESTATE,LA-ARENDA
REAL ESTATE,LARUS
REAL ESTATE,LDING
REAL ESTATE,LEDINO
REAL ESTATE,LEKT
REAL ESTATE,LEX
REAL ESTATE,LIERS
REAL ESTATE,LIPS
REAL ESTATE,LLE
REAL ESTATE,LOBODA
REAL ESTATE,LOBUS
REAL ESTATE,LOGISTIK
REAL ESTATE,LON
REAL ESTATE,LOPMENT
REAL ESTATE,LS-KHIMKI
REAL ESTATE,LSR
REAL ESTATE,LYANS
REAL ESTATE,MA+YA
REAL ESTATE,MA-2000
REAL ESTATE,MAMA+YA
REAL ESTATE,MBIZNES
REAL ESTATE,MEGA
REAL ESTATE,MEN
REAL ESTATE,MENT
REAL ESTATE,MIRA
REAL ESTATE,MITRA
REAL ESTATE,MKI
REAL ESTATE,MMONTAZH
REAL ESTATE,MO-PARK
REAL ESTATE,MODEDOVO
REAL ESTATE,MONTAZH
REAL ESTATE,MOST
REAL ESTATE,MOST'
REAL ESTATE,MPACK
REAL ESTATE,MPION
REAL ESTATE,MPLEKT
REAL ESTATE,MPLEX
REAL ESTATE,MPORT
REAL ESTATE,MPTORG
REAL ESTATE,MSTROY
REAL ESTATE,N-INVEST
REAL ESTATE,NAYA
REAL ESTATE,NBURG
REAL ESTATE,NDA
REAL ESTATE,NDSERVIS
REAL ESTATE,NEBESNAYA
REAL ESTATE,NERGIYA
REAL ESTATE,NERGO
REAL ESTATE,NES
REAL ESTATE,NGRAD
REAL ESTATE,NIE
REAL ESTATE,NIKA
REAL ESTATE,NIKOLIERS
REAL ESTATE,NIX-2000
REAL ESTATE,NIZATOR
REAL ESTATE,NKA
REAL ESTATE,NODAR
REAL ESTATE,NOE
REAL ESTATE,NOVA
REAL ESTATE,NSANTEL
REAL ESTATE,NSERVIS
REAL ESTATE,NSIMPORT
REAL ESTATE,NSTANTA
REAL ESTATE,NSTANTA-T
REAL ESTATE,NT-SIBIR'
REAL ESTATE,NTA
REAL ESTATE,NTA-T
REAL ESTATE,NTAZH
REAL ESTATE,NTEL
REAL ESTATE,NTERBALT
REAL ESTATE,NTO
REAL ESTATE,NTR
REAL ESTATE,NTREID
REAL ESTATE,NTRISTROI
REAL ESTATE,NVEST
REAL ESTATE,NZA
REAL ESTATE,O-MEGA
REAL ESTATE,O-PARK
REAL ESTATE,O-PENZA
REAL ESTATE,OBMEN
REAL ESTATE,OBODA
REAL ESTATE,OBUS
REAL ESTATE,ODA
REAL ESTATE,ODAR
REAL ESTATE,ODEDOVO
REAL ESTATE,ODRYAD
REAL ESTATE,OFY
REAL ESTATE,OGISTIK
REAL ESTATE,OGRESS
REAL ESTATE,OIINVEST
REAL ESTATE,OLDING
REAL ESTATE,OLEDINO
REAL ESTATE,OLIERS
REAL ESTATE,OLIPS
REAL ESTATE,OMA
REAL ESTATE,OMBIZNES
REAL ESTATE,OMODEDOVO
REAL ESTATE,OMPLEKT
REAL ESTATE,OMPLEX
REAL ESTATE,OMSTROY
REAL ESTATE,ONDSERVIS
REAL ESTATE,ONSTANTA
REAL ESTATE,ONTAZH
REAL ESTATE,OPIN
REAL ESTATE,OPMENT
REAL ESTATE,ORBITA
REAL ESTATE,ORESURS
REAL ESTATE,ORG
REAL ESTATE,ORGSTROI
REAL ESTATE,ORITET
REAL ESTATE,ORIYA-M
REAL ESTATE,ORT
REAL ESTATE,OSERVIS
REAL ESTATE,OSHOD
REAL ESTATE,OSKHOD
REAL ESTATE,OSNOVA
REAL ESTATE,OST
REAL ESTATE,OST'
REAL ESTATE,OTSO
REAL ESTATE,OUP
REAL ESTATE,OVA
REAL ESTATE,OVENTO
REAL ESTATE,OVO
REAL ESTATE,OYGROUP
REAL ESTATE,OYINVEST
REAL ESTATE,OYKOMPLEX
REAL ESTATE,OZIDANIE
REAL ESTATE,Omsk
REAL ESTATE,Orientir
REAL ESTATE,PACK
REAL ESTATE,PARK
REAL ESTATE,PATRIOT
REAL ESTATE,PEKTIVA
REAL ESTATE,PENZA
REAL ESTATE,PIN
REAL ESTATE,PION
REAL ESTATE,PITAL
REAL ESTATE,PLEKT
REAL ESTATE,PLEX
REAL ESTATE,PMENT
REAL ESTATE,PODRYAD
REAL ESTATE,PORT
REAL ESTATE,PRIORITET
REAL ESTATE,PROFY
REAL ESTATE,PROGRESS
REAL ESTATE,PROMSTROY
REAL ESTATE,PROVENTO
REAL ESTATE,PTORG
REAL ESTATE,Park-Omsk
REAL ESTATE,Polis-SPb
REAL ESTATE,ProFM
REAL ESTATE,QUARELLE
REAL ESTATE,R-INVEST
REAL ESTATE,R-TSENTR
REAL ESTATE,RAD
REAL ESTATE,RADE
REAL ESTATE,RADSERVIS
REAL ESTATE,RAMO-PARK
REAL ESTATE,RANSERVIS
REAL ESTATE,RASNODAR
REAL ESTATE,RATSIYA
REAL ESTATE,RBALT
REAL ESTATE,RBITA
REAL ESTATE,RDEM
REAL ESTATE,RDI
REAL ESTATE,REID
REAL ESTATE,RELLE
REAL ESTATE,RENDA
REAL ESTATE,RENTA
REAL ESTATE,RESS
REAL ESTATE,RESURS
REAL ESTATE,REYKS
REAL ESTATE,REZHNOE
REAL ESTATE,RGIYA
REAL ESTATE,RGO
REAL ESTATE,RGORESURS
REAL ESTATE,RGSTROI
REAL ESTATE,RINBURG
REAL ESTATE,RIO
REAL ESTATE,RIORITET
REAL ESTATE,RIOT
REAL ESTATE,RISTROI
REAL ESTATE,RITET
REAL ESTATE,RIYA-M
REAL ESTATE,RMA-2000
REAL ESTATE,RNA
REAL ESTATE,RO-PENZA
REAL ESTATE,ROFY
REAL ESTATE,ROGRESS
REAL ESTATE,ROI
REAL ESTATE,ROIINVEST
REAL ESTATE,ROMBIZNES
REAL ESTATE,ROMSTROY
REAL ESTATE,ROUP
REAL ESTATE,ROVENTO
REAL ESTATE,ROY
REAL ESTATE,ROYGROUP
REAL ESTATE,ROYINVEST
REAL ESTATE,RPODRYAD
REAL ESTATE,RSPEKTIVA
REAL ESTATE,RTYUKHOV
REAL ESTATE,RUS
REAL ESTATE,RUSNIKA
REAL ESTATE,RVIS
REAL ESTATE,RVIS-EK
REAL ESTATE,RYAD
REAL ESTATE,Ranita
REAL ESTATE,S-EK
REAL ESTATE,S-KHIMKI
REAL ESTATE,SANTEL
REAL ESTATE,SEL
REAL ESTATE,SENTR
REAL ESTATE,SERVIS
REAL ESTATE,SERVIS-EK
REAL ESTATE,SHATAEV
REAL ESTATE,SHOD
REAL ESTATE,SIBIR'
REAL ESTATE,SII
REAL ESTATE,SIMPORT
REAL ESTATE,SITISTROI
REAL ESTATE,SIYA
REAL ESTATE,SKER
REAL ESTATE,SKHOD
REAL ESTATE,SKK
REAL ESTATE,SLOBODA
REAL ESTATE,SMS
REAL ESTATE,SNAYA
REAL ESTATE,SNIKA
REAL ESTATE,SNODAR
REAL ESTATE,SNOVA
REAL ESTATE,SOZIDANIE
REAL ESTATE,SPEKTIVA
REAL ESTATE,SPb
REAL ESTATE,ST'
REAL ESTATE,STANTA
REAL ESTATE,STANTA-T
REAL ESTATE,STATE
REAL ESTATE,STICTRADE
REAL ESTATE,STIK
REAL ESTATE,STION
REAL ESTATE,STITSII
REAL ESTATE,STORIYA-M
REAL ESTATE,STPROFY
REAL ESTATE,STROI
REAL ESTATE,STROY
REAL ESTATE,SURS
REAL ESTATE,SVOBODA
REAL ESTATE,Seicento
REAL ESTATE,T-KAPITAL
REAL ESTATE,T-SIBIR'
REAL ESTATE,TA-T
REAL ESTATE,TAEV
REAL ESTATE,TAL
REAL ESTATE,TALON
REAL ESTATE,TANTA
REAL ESTATE,TANTA-T
REAL ESTATE,TATE
REAL ESTATE,TAZH
REAL ESTATE,TEL
REAL ESTATE,TEMPTORG
REAL ESTATE,TERBALT
REAL ESTATE,TERINBURG
REAL ESTATE,TERNA
REAL ESTATE,TET
REAL ESTATE,TICTRADE
REAL ESTATE,TIK
REAL ESTATE,TION
REAL ESTATE,TISTROI
REAL ESTATE,TITSII
REAL ESTATE,TIVA
REAL ESTATE,TOR
REAL ESTATE,TORG
REAL ESTATE,TORGSTROI
REAL ESTATE,TORIYA-M
REAL ESTATE,TPROFY
REAL ESTATE,TRA
REAL ESTATE,TRADE
REAL ESTATE,TREID
REAL ESTATE,TRIO
REAL ESTATE,TRIOT
REAL ESTATE,TRISTROI
REAL ESTATE,TROI
REAL ESTATE,TROY
REAL ESTATE,TROYGROUP
REAL ESTATE,TRPODRYAD
REAL ESTATE,TSENTR
REAL ESTATE,TSII
REAL ESTATE,TSIYA
REAL ESTATE,TSO
REAL ESTATE,TWP
REAL ESTATE,TYUKHOV
REAL ESTATE,Togliatti
REAL ESTATE,UARELLE
REAL ESTATE,UKHOV
REAL ESTATE,ULK
REAL ESTATE,UMPACK
REAL ESTATE,UNIX-2000
REAL ESTATE,URG
REAL ESTATE,URS
REAL ESTATE,USNIKA
REAL ESTATE,Unistroy
REAL ESTATE,VEKTOR
REAL ESTATE,VELOPMENT
REAL ESTATE,VENTO
REAL ESTATE,VEST
REAL ESTATE,VESTITSII
REAL ESTATE,VESTPROFY
REAL ESTATE,VINSANTEL
REAL ESTATE,VIS
REAL ESTATE,VIS-EK
REAL ESTATE,VIZHIMOST
REAL ESTATE,VOBODA
REAL ESTATE,VOSHOD
REAL ESTATE,VOSKHOD
REAL ESTATE,VRO-PENZA
REAL ESTATE,X-2000
REAL ESTATE,XEL
REAL ESTATE,YA-M
REAL ESTATE,YAD
REAL ESTATE,YANS
REAL ESTATE,YARDEM
REAL ESTATE,YGROUP
REAL ESTATE,YINVEST
REAL ESTATE,YKOMPLEX
REAL ESTATE,YKOSERVIS
REAL ESTATE,YKS
REAL ESTATE,YTC
REAL ESTATE,YUKHOV
REAL ESTATE,ZATOR
REAL ESTATE,ZHIMOST
REAL ESTATE,ZHIMOST'
REAL ESTATE,ZHNOE
REAL ESTATE,ZHUK
REAL ESTATE,ZIDANIE
REAL ESTATE,ZNES
REAL ESTATE,ainstroy
REAL ESTATE,anelle
REAL ESTATE,anita
REAL ESTATE,ark-Omsk
REAL ESTATE,atti
REAL ESTATE,cento
REAL ESTATE,dva
REAL ESTATE,dwell
REAL ESTATE,eicento
REAL ESTATE,ell
REAL ESTATE,elle
REAL ESTATE,elstvo
REAL ESTATE,entir
REAL ESTATE,ento
REAL ESTATE,erest
REAL ESTATE,erties
REAL ESTATE,est
REAL ESTATE,gliatti
REAL ESTATE,iatti
REAL ESTATE,icento
REAL ESTATE,ientir
REAL ESTATE,ies
REAL ESTATE,instroy
REAL ESTATE,is-SPb
REAL ESTATE,istroy
REAL ESTATE,ita
REAL ESTATE,itelstvo
REAL ESTATE,k-Omsk
REAL ESTATE,lax
REAL ESTATE,liatti
REAL ESTATE,lis-SPb
REAL ESTATE,llax
REAL ESTATE,lle
REAL ESTATE,lstvo
REAL ESTATE,msk
REAL ESTATE,ndwell
REAL ESTATE,nelle
REAL ESTATE,nistroy
REAL ESTATE,nita
REAL ESTATE,nstroy
REAL ESTATE,ntir
REAL ESTATE,nto
REAL ESTATE,oFM
REAL ESTATE,ogliatti
REAL ESTATE,oitelstvo
REAL ESTATE,olis-SPb
REAL ESTATE,ollax
REAL ESTATE,operties
REAL ESTATE,perties
REAL ESTATE,pollax
REAL ESTATE,ranelle
REAL ESTATE,rest
REAL ESTATE,rientir
REAL ESTATE,rk-Omsk
REAL ESTATE,roFM
REAL ESTATE,roperties
REAL ESTATE,roy
REAL ESTATE,rties
REAL ESTATE,s-SPb
REAL ESTATE,stroy
REAL ESTATE,stvo
REAL ESTATE,telstvo
REAL ESTATE,ties
REAL ESTATE,tir
REAL ESTATE,troy
REAL ESTATE,tti
REAL ESTATE,tvo
REAL ESTATE,verest
REAL ESTATE,well
REAL ESTATE,zainstroy
UTILITIES,'STRO
UTILITIES,-11
UTILITIES,-14
UTILITIES,-16
UTILITIES,-ENERGO
UTILITIES,-INVEST
UTILITIES,-KHOLDING
UTILITIES,-ORSK
UTILITIES,-TYUMEN
UTILITIES,-TYUMEN'
UTILITIES,-VEYM
UTILITIES,-VORONEZH
UTILITIES,5-ENERGO
UTILITIES,A-INVEST
UTILITIES,A-VEYM
UTILITIES,ABARIT
UTILITIES,AIENERGO
UTILITIES,AJA
UTILITIES,ALDERA
UTILITIES,ALYANS
UTILITIES,AN-TYUMEN
UTILITIES,ANAL
UTILITIES,ANEYNERGO
UTILITIES,ANIYA
UTILITIES,ANS
UTILITIES,ANSKAJA
UTILITIES,ANSKAYA
UTILITIES,AQUASTROY
UTILITIES,ARA-VEYM
UTILITIES,ARIT
UTILITIES,ARSKII
UTILITIES,ART
UTILITIES,ARTEL
UTILITIES,ASEKO
UTILITIES,ASSENERGO
UTILITIES,ASTROY
UTILITIES,ATEYNERGO
UTILITIES,ATS
UTILITIES,AULSKAYA
UTILITIES,AVODSK
UTILITIES,AVODSKAYA
UTILITIES,AYA
UTILITIES,AZANSKAYA
UTILITIES,AZEYNERGO
UTILITIES,AZH
UTILITIES,Atrium
UTILITIES,BAN
UTILITIES,BARIT
UTILITIES,BECO
UTILITIES,BENERGO
UTILITIES,BEY
UTILITIES,BEYS
UTILITIES,BEYSK
UTILITIES,BGK
UTILITIES,BIRI
UTILITIES,BLEYNERGO
UTILITIES,BSK
UTILITIES,BTG
UTILITIES,BTS
UTILITIES,BURZHE
UTILITIES,BUT
UTILITIES,BVK
UTILITIES,BYT
UTILITIES,BYTOVAYA
UTILITIES,Biojoule
UTILITIES,CENTRE
UTILITIES,CONTROL
UTILITIES,DERA
UTILITIES,DEYNERGO
UTILITIES,DIART
UTILITIES,DING
UTILITIES,DOKANAL
UTILITIES,DONENERGO
UTILITIES,DRO
UTILITIES,DSK
UTILITIES,DSKAYA
UTILITIES,ECO
UTILITIES,EEC
UTILITIES,EENS
UTILITIES,EERING
UTILITIES,EFTEGAZ
UTILITIES,EGAZ
UTILITIES,EKHSERVIS
UTILITIES,EKO
UTILITIES,EKT
UTILITIES,EKTRO
UTILITIES,EKTROSBYT
UTILITIES,EKTROSET
UTILITIES,EKTROSET'
UTILITIES,ELMONT
UTILITIES,ELVEST
UTILITIES,EMA
UTILITIES,EN'
UTILITIES,ENBURZHE
UTILITIES,ENC
UTILITIES,ENCE
UTILITIES,ENCO
UTILITIES,ENERGO
UTILITIES,ENS
UTILITIES,ENTRE
UTILITIES,EPLOSET'
UTILITIES,EPLOVIK
UTILITIES,ERA
UTILITIES,ERGAZ
UTILITIES,ERGO
UTILITIES,ERGOFORM
UTILITIES,ERGOMOST
UTILITIES,ERGOPLUS
UTILITIES,ERGOPLYUS
UTILITIES,ERGOPRICE
UTILITIES,ERGOPROM
UTILITIES,ERGOSBUT
UTILITIES,ERGOSBYT
UTILITIES,ERGOSTROI
UTILITIES,ERING
UTILITIES,ERRAO
UTILITIES,ERVIS
UTILITIES,ESC
UTILITIES,ESK
UTILITIES,ESKB
UTILITIES,ESSP
UTILITIES,EST
UTILITIES,ET'
UTILITIES,ET'STRO
UTILITIES,ETEVAYA
UTILITIES,ETI
UTILITIES,ETSSTROI
UTILITIES,ETSTRANS
UTILITIES,EVAYA
UTILITIES,EVERGAZ
UTILITIES,EYK
UTILITIES,EYLEKTRO
UTILITIES,EYLMONT
UTILITIES,EYLPROEKT
UTILITIES,EYM
UTILITIES,EYMZ
UTILITIES,EYNERGO
UTILITIES,EYS
UTILITIES,EYSK
UTILITIES,EYSKK
UTILITIES,EZH
UTILITIES,EnTel
UTILITIES,FEEC
UTILITIES,FORM
UTILITIES,FORTUM
UTILITIES,FTEGAZ
UTILITIES,GABARIT
UTILITIES,GAN
UTILITIES,GANSKAJA
UTILITIES,GAZ
UTILITIES,GINEERING
UTILITIES,GK-11
UTILITIES,GK-14
UTILITIES,GK-16
UTILITIES,GK-2
UTILITIES,GKOM
UTILITIES,GMEYK
UTILITIES,GNOZ
UTILITIES,GOALYANS
UTILITIES,GOCONTROL
UTILITIES,GOFORM
UTILITIES,GOMONTAZH
UTILITIES,GOMOST
UTILITIES,GOPLUS
UTILITIES,GOPLYUS
UTILITIES,GOPRICE
UTILITIES,GOPROEKT
UTILITIES,GOPROGNOZ
UTILITIES,GOPROM
UTILITIES,GORSETI
UTILITIES,GOSBUT
UTILITIES,GOSBYT
UTILITIES,GOSERVIS
UTILITIES,GOSTROI
UTILITIES,HBP
UTILITIES,HINIRING
UTILITIES,HOLDING
UTILITIES,HSERVIS
UTILITIES,HYDRO
UTILITIES,Hydro
UTILITIES,IART
UTILITIES,IBECO
UTILITIES,IBENERGO
UTILITIES,IBIRI
UTILITIES,ICE
UTILITIES,IENC
UTILITIES,IENERGO
UTILITIES,IESC
UTILITIES,IGAN
UTILITIES,ILIGAN
UTILITIES,INEERING
UTILITIES,ING
UTILITIES,INIRING
UTILITIES,INOKS
UTILITIES,INTERRAO
UTILITIES,INVEST
UTILITIES,IPTS
UTILITIES,IRENERGO
UTILITIES,IRI
UTILITIES,IRING
UTILITIES,IYA
UTILITIES,JEKT
UTILITIES,JSC
UTILITIES,K-11
UTILITIES,K-14
UTILITIES,K-16
UTILITIES,K-2
UTILITIES,K-INVEST
UTILITIES,K-ORSK
UTILITIES,KAJA
UTILITIES,KALDERA
UTILITIES,KANAL
UTILITIES,KARSKII
UTILITIES,KAYA
UTILITIES,KENERGO
UTILITIES,KEYLEKTRO
UTILITIES,KEYNERGO
UTILITIES,KHOLDING
UTILITIES,KHSERVIS
UTILITIES,KII
UTILITIES,KIRENERGO
UTILITIES,KOM
UTILITIES,KOMPANIYA
UTILITIES,KRASEKO
UTILITIES,KSEN
UTILITIES,KTOMSK
UTILITIES,KTRO
UTILITIES,KTROSBYT
UTILITIES,KTROSET
UTILITIES,KTROSET'
UTILITIES,KUBAN
UTILITIES,L5-ENERGO
UTILITIES,LDERA
UTILITIES,LDING
UTILITIES,LEKTRO
UTILITIES,LEKTROSET
UTILITIES,LESK
UTILITIES,LEYNERGO
UTILITIES,LIGAN
UTILITIES,LLC
UTILITIES,LMONT
UTILITIES,LOEYNERGO
UTILITIES,LOSET'
UTILITIES,LOVIK
UTILITIES,LPROEKT
UTILITIES,LSEVERGAZ
UTILITIES,LSKAYA
UTILITIES,LUS
UTILITIES,LVEST
UTILITIES,LYANS
UTILITIES,LYUS
UTILITIES,M-4
UTILITIES,MARA-VEYM
UTILITIES,MEN
UTILITIES,MEN'
UTILITIES,MES
UTILITIES,MEYK
UTILITIES,MONT
UTILITIES,MONTAZH
UTILITIES,MOSENERGO
UTILITIES,MOST
UTILITIES,MPANIYA
UTILITIES,MSK
UTILITIES,MSTROI
UTILITIES,MUNENERGO
UTILITIES,N-TYUMEN
UTILITIES,N-TYUMEN'
UTILITIES,NAL
UTILITIES,NAULSKAYA
UTILITIES,NBE
UTILITIES,NBEY
UTILITIES,NBURZHE
UTILITIES,NCE
UTILITIES,NCO
UTILITIES,NEERING
UTILITIES,NEFTEGAZ
UTILITIES,NENERGO
UTILITIES,NERGO
UTILITIES,NERGOFORM
UTILITIES,NERGOMOST
UTILITIES,NERGOPLUS
UTILITIES,NERGOPROM
UTILITIES,NERGOSBUT
UTILITIES,NERGOSBYT
UTILITIES,NESK
UTILITIES,NEYNERGO
UTILITIES,NEZH
UTILITIES,NHBP
UTILITIES,NIRING
UTILITIES,NIYA
UTILITIES,NOKS
UTILITIES,NOZ
UTILITIES,NSKAJA
UTILITIES,NSKAYA
UTILITIES,NTAZH
UTILITIES,NTERRAO
UTILITIES,NTEYNERGO
UTILITIES,NTRE
UTILITIES,NTROL
UTILITIES,NVEST
UTILITIES,OALYANS
UTILITIES,OAO
UTILITIES,OCONTROL
UTILITIES,ODOKANAL
UTILITIES,ODSK
UTILITIES,ODSKAYA
UTILITIES,OEKT
UTILITIES,OES
UTILITIES,OEYNERGO
UTILITIES,OFORM
UTILITIES,OGK-2
UTILITIES,OGNOZ
UTILITIES,OJEKT
UTILITIES,OKANAL
UTILITIES,OKS
UTILITIES,OLDING
UTILITIES,OMONTAZH
UTILITIES,OMOST
UTILITIES,OMPANIYA
UTILITIES,OMSK
UTILITIES,OMSTROI
UTILITIES,ONENERGO
UTILITIES,ONEZH
UTILITIES,ONT
UTILITIES,ONTAZH
UTILITIES,ONTROL
UTILITIES,OOO
UTILITIES,OPLUS
UTILITIES,OPLYUS
UTILITIES,OPRICE
UTILITIES,OPROEKT
UTILITIES,OPROGNOZ
UTILITIES,OPROJEKT
UTILITIES,OPROM
UTILITIES,ORK
UTILITIES,ORM
UTILITIES,ORONEZH
UTILITIES,OROSSTROY
UTILITIES,ORSETI
UTILITIES,ORSK
UTILITIES,ORTUM
UTILITIES,OSBUT
UTILITIES,OSBYT
UTILITIES,OSENERGO
UTILITIES,OSERVIS
UTILITIES,OSET
UTILITIES,OSET'
UTILITIES,OSET'STRO
UTILITIES,OSETEVAYA
UTILITIES,OSSTROY
UTILITIES,OST
UTILITIES,OSTROI
UTILITIES,OUTH
UTILITIES,OVAYA
UTILITIES,OVENERGO
UTILITIES,OVIK
UTILITIES,OZAVODSK
UTILITIES,PANIYA
UTILITIES,PETSSTROI
UTILITIES,PETSTRANS
UTILITIES,PINOKS
UTILITIES,PJSC
UTILITIES,PLOSET'
UTILITIES,PLOVIK
UTILITIES,PLUS
UTILITIES,PLYUS
UTILITIES,PRICE
UTILITIES,PROEKT
UTILITIES,PROGNOZ
UTILITIES,PROJEKT
UTILITIES,PROM
UTILITIES,PROMSTROI
UTILITIES,PTS
UTILITIES,PZHT
UTILITIES,QUASTROY
UTILITIES,RA-VEYM
UTILITIES,RAIENERGO
UTILITIES,RANS
UTILITIES,RAO
UTILITIES,RASEKO
UTILITIES,RDEYNERGO
UTILITIES,RENBURZHE
UTILITIES,RENERGO
UTILITIES,RGANSKAJA
UTILITIES,RGAZ
UTILITIES,RGMEYK
UTILITIES,RGO
UTILITIES,RGOALYANS
UTILITIES,RGOFORM
UTILITIES,RGOMOST
UTILITIES,RGOPLUS
UTILITIES,RGOPLYUS
UTILITIES,RGOPRICE
UTILITIES,RGOPROEKT
UTILITIES,RGOPROM
UTILITIES,RGOSBUT
UTILITIES,RGOSBYT
UTILITIES,RGOSERVIS
UTILITIES,RGOSTROI
UTILITIES,RICE
UTILITIES,RING
UTILITIES,RIT
UTILITIES,ROEKT
UTILITIES,ROGNOZ
UTILITIES,ROI
UTILITIES,ROJEKT
UTILITIES,ROL
UTILITIES,ROM
UTILITIES,ROMSTROI
UTILITIES,RONEZH
UTILITIES,ROPROEKT
UTILITIES,ROPROJEKT
UTILITIES,ROSBYT
UTILITIES,ROSET
UTILITIES,ROSET'
UTILITIES,ROSSTROY
UTILITIES,ROY
UTILITIES,ROZAVODSK
UTILITIES,RRAO
UTILITIES,RSETI
UTILITIES,RSK
UTILITIES,RSKII
UTILITIES,RTEL
UTILITIES,RTUM
UTILITIES,RUSHYDRO
UTILITIES,RVIS
UTILITIES,RVK-ORSK
UTILITIES,RVKTOMSK
UTILITIES,RZHE
UTILITIES,RusHydro
UTILITIES,SBUT
UTILITIES,SBYT
UTILITIES,SBYTOVAYA
UTILITIES,SEKO
UTILITIES,SEN
UTILITIES,SENERGO
UTILITIES,SERVIS
UTILITIES,SET
UTILITIES,SET'
UTILITIES,SET'STRO
UTILITIES,SETEVAYA
UTILITIES,SETI
UTILITIES,SEVERGAZ
UTILITIES,SEYK
UTILITIES,SEYMZ
UTILITIES,SGK
UTILITIES,SHYDRO
UTILITIES,SIBECO
UTILITIES,SIBENERGO
UTILITIES,SIBIRI
UTILITIES,SKAJA
UTILITIES,SKAYA
UTILITIES,SKB
UTILITIES,SKENERGO
UTILITIES,SKEYNERGO
UTILITIES,SKII
UTILITIES,SKK
UTILITIES,SNEFTEGAZ
UTILITIES,SOUTH
UTILITIES,SPINOKS
UTILITIES,SPZHT
UTILITIES,SSENERGO
UTILITIES,SSP
UTILITIES,SSTROI
UTILITIES,SSTROY
UTILITIES,STARTEL
UTILITIES,STRANS
UTILITIES,STRO
UTILITIES,STROI
UTILITIES,STROY
UTILITIES,SUENCO
UTILITIES,Sbyt
UTILITIES,T'STRO
UTILITIES,TA-INVEST
UTILITIES,TARTEL
UTILITIES,TAZH
UTILITIES,TEGAZ
UTILITIES,TEL
UTILITIES,TEPLOSET'
UTILITIES,TEPLOVIK
UTILITIES,TERRAO
UTILITIES,TEVAYA
UTILITIES,TEYNERGO
UTILITIES,TGK-11
UTILITIES,TGK-14
UTILITIES,TGK-16
UTILITIES,TGKOM
UTILITIES,TOMSK
UTILITIES,TOVAYA
UTILITIES,TOVENERGO
UTILITIES,TPA
UTILITIES,TRANS
UTILITIES,TRE
UTILITIES,TRO
UTILITIES,TROI
UTILITIES,TROL
UTILITIES,TROPROEKT
UTILITIES,TROSBYT
UTILITIES,TROSET
UTILITIES,TROSET'
UTILITIES,TROY
UTILITIES,TSK
UTILITIES,TSKENERGO
UTILITIES,TSSTROI
UTILITIES,TSTRANS
UTILITIES,TTS
UTILITIES,TUM
UTILITIES,TYUMEN
UTILITIES,TYUMEN'
UTILITIES,Tel
UTILITIES,UASTROY
UTILITIES,UBAN
UTILITIES,UENCO
UTILITIES,ULSKAYA
UTILITIES,UM-4
UTILITIES,UMEN
UTILITIES,UMEN'
UTILITIES,UNENERGO
UTILITIES,UNEYNERGO
UTILITIES,URZHE
UTILITIES,USHYDRO
UTILITIES,UTH
UTILITIES,UTTS
UTILITIES,UZTPA
UTILITIES,Unipro
UTILITIES,VAYA
UTILITIES,VENERGO
UTILITIES,VERGAZ
UTILITIES,VEST
UTILITIES,VEYM
UTILITIES,VIK
UTILITIES,VIS
UTILITIES,VK-INVEST
UTILITIES,VK-ORSK
UTILITIES,VKARSKII
UTILITIES,VKTOMSK
UTILITIES,VMES
UTILITIES,VODOKANAL
UTILITIES,VODSK
UTILITIES,VODSKAYA
UTILITIES,VORONEZH
UTILITIES,YANS
UTILITIES,YDRO
UTILITIES,YLEKTRO
UTILITIES,YLMONT
UTILITIES,YLPROEKT
UTILITIES,YMZ
UTILITIES,YNERGO
UTILITIES,YSK
UTILITIES,YSKK
UTILITIES,YTOVAYA
UTILITIES,YUMEN
UTILITIES,YUMEN'
UTILITIES,YUS
UTILITIES,YVKARSKII
UTILITIES,ZANSKAYA
UTILITIES,ZAO
UTILITIES,ZAVODSK
UTILITIES,ZEYNERGO
UTILITIES,ZHE
UTILITIES,ZHINIRING
UTILITIES,ZHT
UTILITIES,ZTPA
UTILITIES,angelsk
UTILITIES,azvitie
UTILITIES,bit
UTILITIES,byt
UTILITIES,dro
UTILITIES,ekt
UTILITIES,elsk
UTILITIES,emont
UTILITIES,ergoSbyt
UTILITIES,ergosbit
UTILITIES,ergosbyt
UTILITIES,erpolis
UTILITIES,gelsk
UTILITIES,goSbyt
UTILITIES,goproekt
UTILITIES,goremont
UTILITIES,gosbit
UTILITIES,gosbyt
UTILITIES,hangelsk
UTILITIES,iojoule
UTILITIES,ipro
UTILITIES,itie
UTILITIES,ium
UTILITIES,joule
UTILITIES,lis
UTILITIES,lsk
UTILITIES,mont
UTILITIES,nTel
UTILITIES,nergoSbyt
UTILITIES,nergosbit
UTILITIES,nergosbyt
UTILITIES,ngelsk
UTILITIES,nipro
UTILITIES,nterpolis
UTILITIES,oSbyt
UTILITIES,oekt
UTILITIES,ojoule
UTILITIES,olis
UTILITIES,ont
UTILITIES,oproekt
UTILITIES,orazvitie
UTILITIES,oremont
UTILITIES,osbit
UTILITIES,osbyt
UTILITIES,oule
UTILITIES,polis
UTILITIES,pro
UTILITIES,proekt
UTILITIES,razvitie
UTILITIES,remont
UTILITIES,rgoSbyt
UTILITIES,rgoproekt
UTILITIES,rgoremont
UTILITIES,rgosbit
UTILITIES,rgosbyt
UTILITIES,rhangelsk
UTILITIES,rium
UTILITIES,roekt
UTILITIES,rpolis
UTILITIES,sHydro
UTILITIES,sbit
UTILITIES,sbyt
UTILITIES,terpolis
UTILITIES,tie
UTILITIES,trium
UTILITIES,ule
UTILITIES,usHydro
UTILITIES,vitie
UTILITIES,ydro
UTILITIES,zvitie
industry,ame
industry,name
