place_category,ending
area,Campania
area,Lombarda
area,Majore
area,ajore
area,ampania
area,ania
area,arda
area,barda
area,jore
area,mbarda
area,mpania
area,nia
area,ombarda
area,ore
area,pania
area,rda
basin,Amyclanus
basin,Arvo
basin,Brebeis
basin,Cirdu
basin,Como
basin,Endine
basin,Fogliano
basin,Idro
basin,Kastelsee
basin,Langensee
basin,Lario
basin,Lugano
basin,Maestrale
basin,Maggiore
basin,Malamocco
basin,Mezzola
basin,Miseno
basin,Mucrone
basin,Paduli
basin,Scillo
basin,Sruer
basin,Verbano
basin,aduli
basin,aestrale
basin,aggiore
basin,aggiésolo
basin,alamocco
basin,ale
basin,amocco
basin,angensee
basin,ano
basin,anus
basin,ario
basin,artignano
basin,astelsee
basin,bano
basin,beis
basin,cco
basin,cillo
basin,clanus
basin,crone
basin,dine
basin,dro
basin,duli
basin,d’Endine
basin,d’Idro
basin,ebeis
basin,eis
basin,elsee
basin,eno
basin,ensee
basin,erbano
basin,estrale
basin,ezzola
basin,gano
basin,gensee
basin,ggiore
basin,ggiésolo
basin,giore
basin,giésolo
basin,gliano
basin,gnano
basin,iano
basin,ignano
basin,illo
basin,ine
basin,iore
basin,irdu
basin,iseno
basin,iésolo
basin,lamocco
basin,lanus
basin,liano
basin,llo
basin,lsee
basin,mocco
basin,myclanus
basin,nano
basin,ndine
basin,ngensee
basin,nsee
basin,nus
basin,occo
basin,ogliano
basin,ola
basin,olo
basin,omo
basin,one
basin,ore
basin,rale
basin,rbano
basin,rdu
basin,rebeis
basin,rio
basin,rone
basin,rtignano
basin,ruer
basin,rvo
basin,see
basin,seno
basin,solo
basin,stelsee
basin,strale
basin,telsee
basin,tignano
basin,trale
basin,ucrone
basin,uer
basin,ugano
basin,uli
basin,yclanus
basin,zola
basin,zzola
basin,ésolo
basin,’Endine
basin,’Idro
concave shoreline,Agumu
concave shoreline,Buffoluto
concave shoreline,Burroni
concave shoreline,Erasmo
concave shoreline,Francese
concave shoreline,Francesi
concave shoreline,Gavetta
concave shoreline,Istana
concave shoreline,Liscia
concave shoreline,Marghera
concave shoreline,Ombrone
concave shoreline,Orri
concave shoreline,Pedrosu
concave shoreline,Piccolo
concave shoreline,Porto
concave shoreline,Saline
concave shoreline,Sisine
concave shoreline,Trieste
concave shoreline,aline
concave shoreline,ana
concave shoreline,ancese
concave shoreline,ancesi
concave shoreline,andinghi
concave shoreline,aolella
concave shoreline,arghera
concave shoreline,asmo
concave shoreline,attistone
concave shoreline,avetta
concave shoreline,brone
concave shoreline,ccolo
concave shoreline,cese
concave shoreline,cesi
concave shoreline,cia
concave shoreline,colo
concave shoreline,del
concave shoreline,dinghi
concave shoreline,drosu
concave shoreline,d’Agumu
concave shoreline,d’Ombrone
concave shoreline,d’Orri
concave shoreline,edrosu
concave shoreline,ella
concave shoreline,era
concave shoreline,ese
concave shoreline,esi
concave shoreline,este
concave shoreline,etta
concave shoreline,ffoluto
concave shoreline,foluto
concave shoreline,ghera
concave shoreline,ghi
concave shoreline,gumu
concave shoreline,hera
concave shoreline,hiaolella
concave shoreline,iaolella
concave shoreline,iccolo
concave shoreline,ieste
concave shoreline,ine
concave shoreline,inghi
concave shoreline,iscia
concave shoreline,isine
concave shoreline,istone
concave shoreline,lella
concave shoreline,line
concave shoreline,lla
concave shoreline,luto
concave shoreline,mbrone
concave shoreline,ncese
concave shoreline,ncesi
concave shoreline,ndinghi
concave shoreline,nghi
concave shoreline,nt’Erasmo
concave shoreline,olella
concave shoreline,olo
concave shoreline,oluto
concave shoreline,one
concave shoreline,oni
concave shoreline,orto
concave shoreline,osu
concave shoreline,rancese
concave shoreline,rancesi
concave shoreline,randinghi
concave shoreline,rasmo
concave shoreline,rghera
concave shoreline,rieste
concave shoreline,rone
concave shoreline,roni
concave shoreline,rosu
concave shoreline,rri
concave shoreline,rroni
concave shoreline,rto
concave shoreline,scia
concave shoreline,sine
concave shoreline,smo
concave shoreline,stana
concave shoreline,ste
concave shoreline,stone
concave shoreline,tana
concave shoreline,tistone
concave shoreline,tone
concave shoreline,tta
concave shoreline,ttistone
concave shoreline,t’Erasmo
concave shoreline,uffoluto
concave shoreline,umu
concave shoreline,urroni
concave shoreline,uto
concave shoreline,vetta
concave shoreline,’Agumu
concave shoreline,’Erasmo
concave shoreline,’Ombrone
concave shoreline,’Orri
convex shoreline,'Aligusta
convex shoreline,Agnadda
convex shoreline,Alice
convex shoreline,Aligusta
convex shoreline,Andrea
convex shoreline,Arena
convex shoreline,Arenella
convex shoreline,Berta
convex shoreline,Bianca
convex shoreline,Bianco
convex shoreline,Boeo
convex shoreline,Braccetto
convex shoreline,Bruzzano
convex shoreline,Caccia
convex shoreline,Calavià
convex shoreline,Capaccia
convex shoreline,Cavallo
convex shoreline,Ceraso
convex shoreline,Circeo
convex shoreline,Coda
convex shoreline,Colonna
convex shoreline,Corbo
convex shoreline,Craul
convex shoreline,Cugno
convex shoreline,Furana
convex shoreline,Giordano
convex shoreline,Langan
convex shoreline,Maimoni
convex shoreline,Manara
convex shoreline,Mannu
convex shoreline,Martin
convex shoreline,Mattonara
convex shoreline,Menga
convex shoreline,Miseno
convex shoreline,Monte
convex shoreline,Mortola
convex shoreline,Mulino
convex shoreline,Nave
convex shoreline,Peloro
convex shoreline,Pero
convex shoreline,Pizzone
convex shoreline,Ratsi
convex shoreline,Regilione
convex shoreline,Ristola
convex shoreline,Ronco
convex shoreline,Rosocolmo
convex shoreline,Ruia
convex shoreline,Sabina
convex shoreline,Sardegna
convex shoreline,Scalambri
convex shoreline,Scalombri
convex shoreline,Scario
convex shoreline,Schisò
convex shoreline,Sguerina
convex shoreline,Socciaro
convex shoreline,Trabucato
convex shoreline,Ventroso
convex shoreline,Verde
convex shoreline,Vetereto
convex shoreline,Vico
convex shoreline,Zavorra
convex shoreline,abina
convex shoreline,abucato
convex shoreline,accetto
convex shoreline,accia
convex shoreline,adda
convex shoreline,aimoni
convex shoreline,alambri
convex shoreline,alavià
convex shoreline,alcarella
convex shoreline,allo
convex shoreline,alombri
convex shoreline,ambri
convex shoreline,ana
convex shoreline,anara
convex shoreline,anca
convex shoreline,anco
convex shoreline,angan
convex shoreline,annu
convex shoreline,ano
convex shoreline,apaccia
convex shoreline,ara
convex shoreline,ardegna
convex shoreline,arella
convex shoreline,arieddu
convex shoreline,ariglione
convex shoreline,ario
convex shoreline,aro
convex shoreline,artin
convex shoreline,aso
convex shoreline,ato
convex shoreline,atsi
convex shoreline,attistone
convex shoreline,attonara
convex shoreline,aul
convex shoreline,avallo
convex shoreline,ave
convex shoreline,avià
convex shoreline,avorra
convex shoreline,bina
convex shoreline,bri
convex shoreline,bucato
convex shoreline,calambri
convex shoreline,calombri
convex shoreline,carella
convex shoreline,cario
convex shoreline,cato
convex shoreline,ccetto
convex shoreline,ccia
convex shoreline,cciaro
convex shoreline,ceo
convex shoreline,cetto
convex shoreline,chisò
convex shoreline,cia
convex shoreline,ciaro
convex shoreline,colmo
convex shoreline,dano
convex shoreline,dda
convex shoreline,ddu
convex shoreline,degna
convex shoreline,del
convex shoreline,della
convex shoreline,delle
convex shoreline,drea
convex shoreline,eddu
convex shoreline,egilione
convex shoreline,egna
convex shoreline,ella
convex shoreline,elle
convex shoreline,eloro
convex shoreline,ena
convex shoreline,enella
convex shoreline,enga
convex shoreline,eno
convex shoreline,entroso
convex shoreline,eraso
convex shoreline,erde
convex shoreline,ereto
convex shoreline,erina
convex shoreline,ero
convex shoreline,erta
convex shoreline,etereto
convex shoreline,eto
convex shoreline,etto
convex shoreline,gan
convex shoreline,gilione
convex shoreline,glione
convex shoreline,gna
convex shoreline,gnadda
convex shoreline,gno
convex shoreline,guerina
convex shoreline,gusta
convex shoreline,hisò
convex shoreline,ianca
convex shoreline,ianco
convex shoreline,iaro
convex shoreline,ice
convex shoreline,ico
convex shoreline,ieddu
convex shoreline,iglione
convex shoreline,igusta
convex shoreline,ilione
convex shoreline,imoni
convex shoreline,ina
convex shoreline,ino
convex shoreline,ione
convex shoreline,iordano
convex shoreline,irceo
convex shoreline,iseno
convex shoreline,istola
convex shoreline,istone
convex shoreline,isò
convex shoreline,izzone
convex shoreline,lambri
convex shoreline,lavià
convex shoreline,lcarella
convex shoreline,lice
convex shoreline,ligusta
convex shoreline,lino
convex shoreline,lione
convex shoreline,lla
convex shoreline,lle
convex shoreline,llo
convex shoreline,lmo
convex shoreline,lombri
convex shoreline,lonna
convex shoreline,loro
convex shoreline,mbri
convex shoreline,moni
convex shoreline,nadda
convex shoreline,nara
convex shoreline,nca
convex shoreline,nco
convex shoreline,ndrea
convex shoreline,nella
convex shoreline,nga
convex shoreline,ngan
convex shoreline,nna
convex shoreline,nnu
convex shoreline,nte
convex shoreline,ntroso
convex shoreline,nt’Andrea
convex shoreline,occiaro
convex shoreline,ocolmo
convex shoreline,oda
convex shoreline,oeo
convex shoreline,ola
convex shoreline,olmo
convex shoreline,olonna
convex shoreline,ombri
convex shoreline,onara
convex shoreline,onco
convex shoreline,one
convex shoreline,oni
convex shoreline,onna
convex shoreline,onte
convex shoreline,orbo
convex shoreline,ordano
convex shoreline,oro
convex shoreline,orra
convex shoreline,ortola
convex shoreline,osarieddu
convex shoreline,oso
convex shoreline,osocolmo
convex shoreline,paccia
convex shoreline,rabucato
convex shoreline,raccetto
convex shoreline,rana
convex shoreline,raso
convex shoreline,raul
convex shoreline,rbo
convex shoreline,rceo
convex shoreline,rdano
convex shoreline,rde
convex shoreline,rdegna
convex shoreline,rea
convex shoreline,rella
convex shoreline,rena
convex shoreline,renella
convex shoreline,reto
convex shoreline,rieddu
convex shoreline,riglione
convex shoreline,rina
convex shoreline,rio
convex shoreline,roso
convex shoreline,rra
convex shoreline,rta
convex shoreline,rtin
convex shoreline,rtola
convex shoreline,ruzzano
convex shoreline,sarieddu
convex shoreline,seno
convex shoreline,socolmo
convex shoreline,sta
convex shoreline,stola
convex shoreline,stone
convex shoreline,tereto
convex shoreline,tin
convex shoreline,tistone
convex shoreline,tola
convex shoreline,tonara
convex shoreline,tone
convex shoreline,troso
convex shoreline,tsi
convex shoreline,ttistone
convex shoreline,tto
convex shoreline,ttonara
convex shoreline,t’Andrea
convex shoreline,ucato
convex shoreline,uerina
convex shoreline,ugno
convex shoreline,uia
convex shoreline,ulino
convex shoreline,urana
convex shoreline,usta
convex shoreline,uzzano
convex shoreline,vallo
convex shoreline,vià
convex shoreline,vorra
convex shoreline,zano
convex shoreline,zone
convex shoreline,zzano
convex shoreline,zzone
convex shoreline,’Andrea
depression,-Durand
depression,Abetone
depression,Acquavona
depression,Anfela
depression,Ayas
depression,Bocchetta
depression,Bonello
depression,Cancano
depression,Cantalupo
depression,Carnera
depression,Caudina
depression,Cerepolla
depression,Ceresolo
depression,Cessuta
depression,Chumapass
depression,Cibiana
depression,Clinac
depression,Durand
depression,Etiache
depression,Faloria
depression,Falzarego
depression,Federia
depression,Fenêtre
depression,Fontane
depression,Franche
depression,Furggjoch
depression,Giaf
depression,Gimond
depression,Gimont
depression,Gnifetti
depression,Gozzi
depression,Hundskehl
depression,Inferno
depression,Isili
depression,Istidda
depression,Lareri
depression,Limpia
depression,L’Abetone
depression,Malabeia
depression,Mendel
depression,Misilbesi
depression,Muretto
depression,Nieddu
depression,Oltra
depression,Orientale
depression,Ospedale
depression,Ostiglia
depression,Passeier
depression,Polcevera
depression,Pongol
depression,Pordoi
depression,Port
depression,Pramper
depression,Rendena
depression,Rolle
depression,Salatis
depression,Selle
depression,Seulo
depression,Stilfser
depression,Tauferer
depression,Trupchun
depression,Turchino
depression,Umbrail
depression,Valdarno
depression,Vall
depression,Venosta
depression,Vittona
depression,Wolayer
depression,abeia
depression,acche
depression,ache
depression,agnana
depression,ail
depression,alabeia
depression,alatis
depression,aldarno
depression,ale
depression,alincheit
depression,all
depression,aloria
depression,alupo
depression,alzarego
depression,amper
depression,ana
depression,ancano
depression,anche
depression,and
depression,ane
depression,annotte
depression,ano
depression,antalupo
depression,anzutan
depression,apass
depression,arego
depression,areri
depression,arfagnana
depression,arnera
depression,arno
depression,arte
depression,aschjoch
depression,ass
depression,asseier
depression,astellana
depression,astrello
depression,atis
depression,audina
depression,auferer
depression,avacche
depression,avona
depression,ayer
depression,beia
depression,besi
depression,betone
depression,biana
depression,brail
depression,brunpass
depression,bäumlicke
depression,cano
depression,cche
depression,cchetta
depression,cevera
depression,charte
depression,che
depression,cheit
depression,chetta
depression,chino
depression,chjoch
depression,chun
depression,ciavacche
depression,ciero
depression,cke
depression,cletta
depression,cquavona
depression,dale
depression,darno
depression,dda
depression,ddu
depression,de-Durand
depression,del
depression,della
depression,dena
depression,deria
depression,derjoch
depression,dina
depression,doi
depression,dskehl
depression,d’Ayas
depression,d’Etiache
depression,e-Durand
depression,edale
depression,eddu
depression,ederia
depression,ederjoch
depression,ego
depression,ehl
depression,eia
depression,eier
depression,eit
depression,ela
depression,ella
depression,ellana
depression,elle
depression,ello
depression,ena
depression,endel
depression,endena
depression,enjoch
depression,enosta
depression,enpass
depression,entale
depression,enêtre
depression,epolla
depression,era
depression,erepolla
depression,erer
depression,eresolo
depression,eri
depression,eria
depression,erjoch
depression,erno
depression,ero
depression,erscharte
depression,erthal
depression,ertörl
depression,esi
depression,esolo
depression,essuta
depression,etone
depression,etta
depression,etti
depression,etto
depression,eulo
depression,evera
depression,fagnana
depression,fela
depression,ferer
depression,ferno
depression,fetti
depression,fser
depression,gastrello
depression,genpass
depression,ggjoch
depression,gjoch
depression,glia
depression,gnana
depression,gol
depression,hal
depression,harte
depression,heit
depression,hetta
depression,hianzutan
depression,hino
depression,hjoch
depression,hornpass
depression,humapass
depression,hun
depression,iache
depression,iaf
depression,iana
depression,ianzutan
depression,iavacche
depression,ibiana
depression,icke
depression,idda
depression,ieddu
depression,iederjoch
depression,ientale
depression,ier
depression,iero
depression,ifetti
depression,iglia
depression,ilbesi
depression,ilfser
depression,ili
depression,imond
depression,imont
depression,impia
depression,ina
depression,inac
depression,incheit
depression,innenjoch
depression,ino
depression,isilbesi
depression,ittona
depression,joch
depression,kehl
depression,labeia
depression,lana
depression,laschjoch
depression,latis
depression,layer
depression,lbesi
depression,lbrunpass
depression,lcevera
depression,ldarno
depression,letta
depression,lfser
depression,lia
depression,licke
depression,linac
depression,lincheit
depression,lla
depression,llana
depression,lle
depression,llnertörl
depression,llo
depression,lnertörl
depression,loria
depression,ltra
depression,lupo
depression,lzarego
depression,lügenpass
depression,mapass
depression,mbrail
depression,mlicke
depression,mond
depression,mont
depression,mper
depression,mpia
depression,mporciero
depression,nac
depression,nana
depression,ncano
depression,nche
depression,ncheit
depression,ndel
depression,ndena
depression,ndskehl
depression,nello
depression,nenjoch
depression,nera
depression,nertörl
depression,nfela
depression,nferno
depression,ngol
depression,nifetti
depression,njoch
depression,nnenjoch
depression,nnotte
depression,nosta
depression,notte
depression,npass
depression,ntale
depression,ntalupo
depression,ntane
depression,nzutan
depression,nêtre
depression,occhetta
depression,och
depression,olayer
depression,olcevera
depression,olla
depression,olle
depression,olo
depression,ona
depression,ond
depression,one
depression,onello
depression,ongol
depression,ont
depression,ontane
depression,orciero
depression,orcletta
depression,ordoi
depression,oria
depression,ornpass
depression,ort
depression,osta
depression,otte
depression,ozzi
depression,pannotte
depression,pass
depression,pchun
depression,pedale
depression,per
depression,pia
depression,polla
depression,porciero
depression,ppannotte
depression,quavona
depression,rail
depression,ramper
depression,ranche
depression,rand
depression,rchino
depression,rciero
depression,rcletta
depression,rdoi
depression,rego
depression,rello
depression,repolla
depression,rer
depression,reri
depression,resolo
depression,retto
depression,rfagnana
depression,rggjoch
depression,ria
depression,rientale
depression,rjoch
depression,rnera
depression,rno
depression,rnpass
depression,rscharte
depression,rte
depression,rthal
depression,rtörl
depression,runpass
depression,rupchun
depression,ruschetta
depression,scharte
depression,schetta
depression,schjoch
depression,seier
depression,ser
depression,silbesi
depression,sili
depression,skehl
depression,solo
depression,spedale
depression,sseier
depression,ssuta
depression,sta
depression,stellana
depression,sterthal
depression,stidda
depression,stiglia
depression,strello
depression,suta
depression,tale
depression,talupo
depression,tan
depression,tane
depression,tellana
depression,terthal
depression,thal
depression,thornpass
depression,tiache
depression,tidda
depression,tiglia
depression,tilfser
depression,tis
depression,tona
depression,tone
depression,tra
depression,tre
depression,trello
depression,tta
depression,tte
depression,tti
depression,tto
depression,ttona
depression,törl
depression,uavona
depression,udina
depression,uferer
depression,ulo
depression,umapass
depression,umlicke
depression,undskehl
depression,unpass
depression,uorcletta
depression,upchun
depression,upo
depression,urand
depression,urchino
depression,uretto
depression,urggjoch
depression,uschetta
depression,usterthal
depression,uta
depression,utan
depression,vacche
depression,vera
depression,vona
depression,yas
depression,yer
depression,zarego
depression,zutan
depression,zzi
depression,äumlicke
depression,être
depression,örl
depression,ügenpass
depression,’Abetone
depression,’Ayas
depression,’Etiache
elevated area,-Alpen
elevated area,-Caronie
elevated area,Alpen
elevated area,Apennin
elevated area,Apennines
elevated area,Appenino
elevated area,Appennino
elevated area,Ausoni
elevated area,Berici
elevated area,Calabrese
elevated area,Carnia
elevated area,Caronie
elevated area,Dolomite
elevated area,Larga
elevated area,Lepini
elevated area,Mont
elevated area,Nanìo
elevated area,Oetzthal
elevated area,Rhaetian
elevated area,Volsini
elevated area,abrese
elevated area,aetian
elevated area,alabrese
elevated area,ani
elevated area,ano
elevated area,anìo
elevated area,arga
elevated area,arnia
elevated area,aronie
elevated area,brese
elevated area,chigiano
elevated area,ddu
elevated area,eddu
elevated area,eloritani
elevated area,enino
elevated area,ennin
elevated area,ennines
elevated area,ennino
elevated area,epini
elevated area,er-Alpen
elevated area,erici
elevated area,ese
elevated area,etian
elevated area,etzthal
elevated area,ger-Alpen
elevated area,giano
elevated area,haetian
elevated area,hal
elevated area,higiano
elevated area,i-Caronie
elevated area,ian
elevated area,iano
elevated area,ici
elevated area,igiano
elevated area,ines
elevated area,ini
elevated area,ino
elevated area,itani
elevated area,ite
elevated area,labrese
elevated area,lomite
elevated area,loritani
elevated area,lpen
elevated area,lsini
elevated area,mite
elevated area,neddu
elevated area,nes
elevated area,nia
elevated area,nie
elevated area,nin
elevated area,nines
elevated area,nino
elevated area,nnin
elevated area,nnines
elevated area,nnino
elevated area,nroneddu
elevated area,nìo
elevated area,olomite
elevated area,olsini
elevated area,omite
elevated area,oneddu
elevated area,oni
elevated area,onie
elevated area,onroneddu
elevated area,ont
elevated area,oritani
elevated area,pen
elevated area,penino
elevated area,pennin
elevated area,pennines
elevated area,pennino
elevated area,pini
elevated area,ppenino
elevated area,ppennino
elevated area,r-Alpen
elevated area,rchigiano
elevated area,rese
elevated area,rga
elevated area,rici
elevated area,ritani
elevated area,rnia
elevated area,roneddu
elevated area,ronie
elevated area,sini
elevated area,soni
elevated area,tani
elevated area,thal
elevated area,tian
elevated area,tzthal
elevated area,usoni
elevated area,zthal
elevation,'Abruzzo
elevation,'Ascova
elevation,-Kopf
elevation,Abile
elevation,Abruzzedu
elevation,Abruzzo
elevation,Acuto
elevation,Adalicu
elevation,Adamello
elevation,Africa
elevation,Agnello
elevation,Aguzzo
elevation,Alburno
elevation,Aliderru
elevation,Altissima
elevation,Alto
elevation,Alzarò
elevation,Ambin
elevation,Ampulla
elevation,Aquilone
elevation,Arbus
elevation,Arcuentu
elevation,Arrubiu
elevation,Artent
elevation,Ascova
elevation,Asprino
elevation,Asti
elevation,Aventino
elevation,Barbano
elevation,Bianca
elevation,Bidisone
elevation,Blume
elevation,Bonneval
elevation,Brutto
elevation,Burotto
elevation,Calamita
elevation,Camino
elevation,Campo
elevation,Canu
elevation,Cao
elevation,Capenardo
elevation,Caramola
elevation,Carbone
elevation,Cardosa
elevation,Carnale
elevation,Carovello
elevation,Casia
elevation,Castello
elevation,Catirina
elevation,Catria
elevation,Cavo
elevation,Celio
elevation,Ceppo
elevation,Cerasia
elevation,Certen
elevation,Cervati
elevation,Cervialto
elevation,Cesola
elevation,Cesta
elevation,Chiesa
elevation,Ciampons
elevation,Ciccia
elevation,Cilorise
elevation,Cimadors
elevation,Cimon
elevation,Coas
elevation,Cocuzza
elevation,Col
elevation,Comoretta
elevation,Concali
elevation,Contu
elevation,Corales
elevation,Cornetto
elevation,Corongiu
elevation,Corungiu
elevation,Coste
elevation,Costerina
elevation,Covecada
elevation,Cregnedul
elevation,Crepa
elevation,Creta
elevation,Cristallo
elevation,Cucco
elevation,Cullar
elevation,Cuscusone
elevation,Cáira
elevation,Defenze
elevation,Demanio
elevation,Demurtas
elevation,Deu
elevation,Dimon
elevation,Eccas
elevation,Eiscoba
elevation,Elludu
elevation,Elmo
elevation,Elva
elevation,Entu
elevation,Eri
elevation,Erului
elevation,Esquilino
elevation,Festa
elevation,Fiammes
elevation,Fieno
elevation,Fionchi
elevation,Foroju
elevation,Forzano
elevation,Frade
elevation,Frassino
elevation,Froppa
elevation,Furau
elevation,Gabbia
elevation,Gallo
elevation,Gardoria
elevation,Gemini
elevation,Gherra
elevation,Giannino
elevation,Gibarussa
elevation,Girard
elevation,Girella
elevation,Goriane
elevation,Grande
elevation,Groppo
elevation,Guaidone
elevation,Guarda
elevation,Hochwild
elevation,Iameddari
elevation,Iauer
elevation,Iazzo
elevation,Illirio
elevation,Iof
elevation,Ioànaz
elevation,Kanin
elevation,Kaštelir
elevation,Kopf
elevation,Lacerone
elevation,Lachesos
elevation,Ladu
elevation,Lasana
elevation,Lattari
elevation,Levanna
elevation,Lieto
elevation,Lovello
elevation,Luas
elevation,Lugo
elevation,Lungo
elevation,Macchione
elevation,Maccioni
elevation,Maddalena
elevation,Madone
elevation,Magro
elevation,Maimoi
elevation,Malinvern
elevation,Malosu
elevation,Malpasso
elevation,Mangarat
elevation,Manias
elevation,Manna
elevation,Mannu
elevation,Maometto
elevation,Maor
elevation,Marcone
elevation,Marcutza
elevation,Mardello
elevation,Mare
elevation,Margini
elevation,Marmarole
elevation,Marmolada
elevation,Maro
elevation,Martano
elevation,Marzano
elevation,Masedu
elevation,Matano
elevation,Mauro
elevation,Mela
elevation,Menue
elevation,Mezzodi
elevation,Millifret
elevation,Moiazza
elevation,Momaór
elevation,Monfret
elevation,Monte
elevation,Monteano
elevation,Monteti
elevation,Monti
elevation,Montione
elevation,Morra
elevation,Mount
elevation,Murone
elevation,Muros
elevation,Musi
elevation,Mutta
elevation,Muvrone
elevation,Mésule
elevation,Navegna
elevation,Negro
elevation,Nera
elevation,Nero
elevation,Nozarego
elevation,Nurietta
elevation,Nuschele
elevation,Oin
elevation,Ollisa
elevation,Ombladet
elevation,Omene
elevation,Orientale
elevation,Ormelune
elevation,Orra
elevation,Ortles
elevation,Ortobene
elevation,Oruvera
elevation,Pacciano
elevation,Paganella
elevation,Palon
elevation,Panco
elevation,Paparella
elevation,Paradiso
elevation,Parentile
elevation,Parete
elevation,Paroussin
elevation,Pascolet
elevation,Patada
elevation,Pauliara
elevation,Pecoraro
elevation,Pelone
elevation,Peloso
elevation,Pennino
elevation,Pentime
elevation,Pera
elevation,Perda
elevation,Perdedu
elevation,Perentile
elevation,Peron
elevation,Petrano
elevation,Piatto
elevation,Picentini
elevation,Piciat
elevation,Pidroni
elevation,Pietra
elevation,Pila
elevation,Pinerol
elevation,Pinu
elevation,Piscina
elevation,Pisimoni
elevation,Pittada
elevation,Pittu
elevation,Planja
elevation,Platasse
elevation,Pocet
elevation,Pointe
elevation,Poludnig
elevation,Posílipo
elevation,Potame
elevation,Pratiglio
elevation,Rauchkofl
elevation,Rest
elevation,Righi
elevation,Rinsaturo
elevation,Rinzaturo
elevation,Roncon
elevation,Rosson
elevation,Rozes
elevation,Rozzi
elevation,Ruju
elevation,Rumasinu
elevation,Runi
elevation,Ruscello
elevation,Rusou
elevation,Rutor
elevation,Salerio
elevation,San
elevation,Santa
elevation,Santo
elevation,Saraiga
elevation,Sarri
elevation,Sasso
elevation,Sautron
elevation,Scala
elevation,Scopiccio
elevation,Secco
elevation,Sella
elevation,Serra
elevation,Sestier
elevation,Sirai
elevation,Sirente
elevation,Sisiddò
elevation,Sobretta
elevation,Solaro
elevation,Sonovich
elevation,Soratte
elevation,Soreli
elevation,Spadure
elevation,Specchi
elevation,Spich
elevation,Spiz
elevation,Starnina
elevation,Stefano
elevation,Taddi
elevation,Talesi
elevation,Teglia
elevation,Tentale
elevation,Tesoro
elevation,Timidone
elevation,Tinibras
elevation,Tito
elevation,Toa
elevation,Tolentino
elevation,Tolfaccia
elevation,Tondo
elevation,Toraggio
elevation,Toraro
elevation,Torchia
elevation,Tre
elevation,Truba
elevation,Tràunig
elevation,Turritta
elevation,Turruneri
elevation,Uccari
elevation,Uccello
elevation,Undici
elevation,Vaccargiu
elevation,Vairano
elevation,Vasone
elevation,Venda
elevation,Ventrino
elevation,Vernaga
elevation,Volaia
elevation,Volturino
elevation,Welitz
elevation,Zoccane
elevation,Zoli
elevation,abbia
elevation,accargiu
elevation,accaxius
elevation,acchia
elevation,acchione
elevation,accia
elevation,acciano
elevation,accioni
elevation,acerone
elevation,achesos
elevation,ada
elevation,addalena
elevation,addi
elevation,ade
elevation,adet
elevation,adiso
elevation,adoggiu
elevation,adolu
elevation,adone
elevation,adors
elevation,adroxiu
elevation,adu
elevation,adure
elevation,af-Kopf
elevation,aga
elevation,aganella
elevation,aggio
elevation,agnola
elevation,agro
elevation,agrossa
elevation,aia
elevation,aidone
elevation,aiga
elevation,aimoi
elevation,airano
elevation,aisrücken
elevation,ala
elevation,alamita
elevation,ale
elevation,alena
elevation,alerio
elevation,ales
elevation,alesi
elevation,ali
elevation,alicu
elevation,alinferno
elevation,alinvern
elevation,allino
elevation,allo
elevation,alon
elevation,alosu
elevation,alpasso
elevation,alto
elevation,alunga
elevation,ame
elevation,ameddari
elevation,amello
elevation,amenti
elevation,amino
elevation,amita
elevation,ammes
elevation,amola
elevation,ampo
elevation,ampons
elevation,ana
elevation,anadolu
elevation,anca
elevation,anciere
elevation,anco
elevation,ande
elevation,andelazzu
elevation,andspitze
elevation,ane
elevation,anella
elevation,anello
elevation,angarat
elevation,ani
elevation,anias
elevation,anin
elevation,anio
elevation,anja
elevation,anna
elevation,annino
elevation,annspitz
elevation,annspitze
elevation,annu
elevation,ano
elevation,anta
elevation,anteleina
elevation,anto
elevation,anu
elevation,aometto
elevation,aor
elevation,aparella
elevation,apenardo
elevation,ara
elevation,aradiso
elevation,araiga
elevation,aramola
elevation,arat
elevation,arbano
elevation,arbone
elevation,arcone
elevation,arcutza
elevation,ard
elevation,arda
elevation,ardello
elevation,ardo
elevation,ardoria
elevation,ardosa
elevation,are
elevation,arego
elevation,arella
elevation,arello
elevation,arentile
elevation,arete
elevation,argini
elevation,argiu
elevation,ari
elevation,ario
elevation,armarole
elevation,armolada
elevation,arnale
elevation,arnina
elevation,aro
elevation,arole
elevation,aroussin
elevation,arovello
elevation,arri
elevation,arritu
elevation,artano
elevation,arussa
elevation,arzano
elevation,arò
elevation,asana
elevation,asca
elevation,asciu
elevation,ascolet
elevation,asedu
elevation,asia
elevation,asinu
elevation,asone
elevation,asse
elevation,assiali
elevation,assino
elevation,asso
elevation,astello
elevation,astellone
elevation,atada
elevation,atano
elevation,atasse
elevation,ati
elevation,atiglio
elevation,atirina
elevation,atotasse
elevation,atria
elevation,attari
elevation,atte
elevation,atterhorn
elevation,atto
elevation,aturo
elevation,auchkofl
elevation,audierona
elevation,auer
elevation,auliara
elevation,auro
elevation,autron
elevation,avegna
elevation,avo
elevation,axeddu
elevation,axius
elevation,azza
elevation,azzetta
elevation,azzo
elevation,azzu
elevation,aór
elevation,aštelir
elevation,bano
elevation,barussa
elevation,bbia
elevation,bene
elevation,bia
elevation,bile
elevation,bin
elevation,biu
elevation,bladet
elevation,bone
elevation,bras
elevation,bretta
elevation,bruzzedu
elevation,bruzzo
elevation,burno
elevation,bus
elevation,cada
elevation,cala
elevation,cali
elevation,cane
elevation,cargiu
elevation,cari
elevation,carritu
elevation,cas
elevation,caxius
elevation,ccane
elevation,ccargiu
elevation,ccari
elevation,ccarritu
elevation,ccas
elevation,ccaxius
elevation,ccello
elevation,cchi
elevation,cchia
elevation,cchina
elevation,cchione
elevation,ccia
elevation,cciano
elevation,ccio
elevation,ccioni
elevation,cco
elevation,ccureddus
elevation,cello
elevation,centini
elevation,cerone
elevation,cet
elevation,chaf-Kopf
elevation,chele
elevation,chesos
elevation,chi
elevation,chia
elevation,china
elevation,chione
elevation,chkofl
elevation,chwild
elevation,cia
elevation,ciano
elevation,ciat
elevation,cidentale
elevation,ciere
elevation,cina
elevation,cio
elevation,cioni
elevation,ciu
elevation,cken
elevation,coba
elevation,colet
elevation,con
elevation,concello
elevation,cone
elevation,copiccio
elevation,coraro
elevation,cotenente
elevation,cova
elevation,cuentu
elevation,cureddus
elevation,cusone
elevation,cuto
elevation,cutza
elevation,cuzza
elevation,d'Abruzzo
elevation,dalena
elevation,dalicu
elevation,damello
elevation,dari
elevation,ddalena
elevation,ddari
elevation,ddi
elevation,ddu
elevation,ddus
elevation,ddò
elevation,dedu
elevation,dei
elevation,del
elevation,delazzu
elevation,delkunke
elevation,della
elevation,dello
elevation,dentale
elevation,derru
elevation,det
elevation,dici
elevation,dierona
elevation,diso
elevation,disone
elevation,dnig
elevation,docchina
elevation,doggiu
elevation,dolu
elevation,done
elevation,dorgiu
elevation,doria
elevation,dors
elevation,dosa
elevation,droni
elevation,droxiu
elevation,dspitze
elevation,dul
elevation,dure
elevation,dus
elevation,d’Africa
elevation,d’Ambin
elevation,d’Asti
elevation,d’Oin
elevation,eano
elevation,ecada
elevation,eccarritu
elevation,ecchi
elevation,ecco
elevation,ecoraro
elevation,eddari
elevation,eddu
elevation,eddus
elevation,edu
elevation,edul
elevation,efano
elevation,efenze
elevation,eglia
elevation,egna
elevation,egnedul
elevation,ego
elevation,egro
elevation,eina
elevation,ela
elevation,elazzu
elevation,ele
elevation,eleina
elevation,eli
elevation,elio
elevation,elir
elevation,elitz
elevation,elkunke
elevation,ella
elevation,ello
elevation,ellone
elevation,elnik
elevation,elone
elevation,eloritani
elevation,eloso
elevation,elune
elevation,emanio
elevation,emini
elevation,emurtas
elevation,ena
elevation,enardo
elevation,enda
elevation,endspitze
elevation,ene
elevation,enente
elevation,ennino
elevation,eno
elevation,enspitze
elevation,ent
elevation,entale
elevation,entario
elevation,ente
elevation,enti
elevation,entiera
elevation,entile
elevation,entime
elevation,entini
elevation,entino
elevation,entrino
elevation,entu
elevation,enue
elevation,enze
elevation,epa
elevation,eppo
elevation,era
elevation,erasia
elevation,erda
elevation,erdedu
elevation,ere
elevation,erentile
elevation,eretto
elevation,erhorn
elevation,eri
elevation,erina
elevation,erio
elevation,ern
elevation,ernaga
elevation,erno
elevation,ero
elevation,erol
elevation,eron
elevation,erona
elevation,erone
elevation,erra
elevation,erralunga
elevation,erru
elevation,erspitz
elevation,erten
elevation,ervati
elevation,ervialto
elevation,esa
elevation,esi
elevation,esola
elevation,esoro
elevation,esos
elevation,est
elevation,esta
elevation,estier
elevation,estrelnik
elevation,eta
elevation,ete
elevation,eti
elevation,eto
elevation,etra
elevation,etrano
elevation,etta
elevation,etto
elevation,ettoso
elevation,euzspitze
elevation,eval
elevation,evanna
elevation,ezzodi
elevation,f-Kopf
elevation,faccia
elevation,fannspitz
elevation,fano
elevation,fenze
elevation,ferno
elevation,fret
elevation,frica
elevation,ganella
elevation,garat
elevation,gentario
elevation,gentiera
elevation,ggio
elevation,ggiorasca
elevation,ggiu
elevation,ghi
elevation,gini
elevation,gio
elevation,giorasca
elevation,giu
elevation,glia
elevation,gliamenti
elevation,glio
elevation,gna
elevation,gnadoggiu
elevation,gnedul
elevation,gnello
elevation,gnola
elevation,gro
elevation,grossa
elevation,gskogl
elevation,gumasciu
elevation,guzzo
elevation,haf-Kopf
elevation,hele
elevation,henspitze
elevation,herra
elevation,hesos
elevation,hia
elevation,hiesa
elevation,hina
elevation,hione
elevation,hkofl
elevation,horn
elevation,hwild
elevation,iali
elevation,ialto
elevation,iamenti
elevation,iammes
elevation,iampons
elevation,ianca
elevation,iane
elevation,iannino
elevation,iano
elevation,iara
elevation,ias
elevation,iat
elevation,iatto
elevation,iaxeddu
elevation,iazza
elevation,iazzetta
elevation,ibarussa
elevation,ibras
elevation,ica
elevation,iccia
elevation,iccio
elevation,icentini
elevation,ich
elevation,ici
elevation,iciat
elevation,icu
elevation,iddò
elevation,identale
elevation,iderru
elevation,idisone
elevation,idocchina
elevation,idone
elevation,idroni
elevation,ieno
elevation,ientale
elevation,ier
elevation,iera
elevation,iere
elevation,ierona
elevation,iesa
elevation,ieto
elevation,ietra
elevation,ietta
elevation,ifret
elevation,iga
elevation,ighi
elevation,iglio
elevation,igskogl
elevation,igumasciu
elevation,ila
elevation,ilanciere
elevation,ild
elevation,ile
elevation,ilino
elevation,illifret
elevation,ilone
elevation,ilongu
elevation,ilorise
elevation,ima
elevation,imadors
elevation,ime
elevation,imidone
elevation,imoi
elevation,imon
elevation,imoni
elevation,ina
elevation,inerol
elevation,inferno
elevation,ini
elevation,iniano
elevation,inibras
elevation,ino
elevation,insaturo
elevation,inte
elevation,inu
elevation,invern
elevation,inzaturo
elevation,ionargiu
elevation,ionchi
elevation,ione
elevation,ioni
elevation,iorasca
elevation,ioveretto
elevation,ipo
elevation,ira
elevation,irai
elevation,irano
elevation,irard
elevation,irassiali
elevation,irella
elevation,irente
elevation,iriaxeddu
elevation,irina
elevation,irio
elevation,isa
elevation,iscina
elevation,iscoba
elevation,ise
elevation,isiddò
elevation,isimoni
elevation,iso
elevation,isone
elevation,ispiniano
elevation,isrücken
elevation,issima
elevation,istallino
elevation,istallo
elevation,ita
elevation,itani
elevation,ito
elevation,itta
elevation,ittada
elevation,ittu
elevation,itu
elevation,itz
elevation,itze
elevation,ius
elevation,ken
elevation,kofl
elevation,kogl
elevation,kunke
elevation,lada
elevation,ladet
elevation,laia
elevation,lamita
elevation,lanciere
elevation,lanja
elevation,lar
elevation,laro
elevation,latasse
elevation,latotasse
elevation,lazzu
elevation,lburno
elevation,leina
elevation,lena
elevation,lentino
elevation,lerio
elevation,lerspitz
elevation,les
elevation,lesi
elevation,let
elevation,lettoso
elevation,lfaccia
elevation,lia
elevation,liamenti
elevation,liara
elevation,licu
elevation,liderru
elevation,lifret
elevation,linferno
elevation,lino
elevation,linvern
elevation,lio
elevation,lipo
elevation,lir
elevation,lirio
elevation,lisa
elevation,litz
elevation,lkunke
elevation,lla
elevation,llar
elevation,llerspitz
elevation,llettoso
elevation,llifret
elevation,llino
elevation,llirio
elevation,llisa
elevation,llo
elevation,llone
elevation,lludu
elevation,lmo
elevation,lnik
elevation,lon
elevation,lone
elevation,longu
elevation,lorise
elevation,loritani
elevation,loso
elevation,losu
elevation,lpasso
elevation,lsspitze
elevation,ltissima
elevation,lto
elevation,lturino
elevation,ludnig
elevation,ludu
elevation,lui
elevation,lume
elevation,lune
elevation,lunga
elevation,lva
elevation,lzarò
elevation,madors
elevation,manio
elevation,marole
elevation,masciu
elevation,masinu
elevation,maór
elevation,mbin
elevation,mbladet
elevation,meddari
elevation,mello
elevation,melune
elevation,mene
elevation,menti
elevation,mes
elevation,metto
elevation,midone
elevation,mini
elevation,mino
elevation,mita
elevation,mmes
elevation,moi
elevation,mola
elevation,molada
elevation,mon
elevation,moni
elevation,moretta
elevation,mpo
elevation,mpons
elevation,mpulla
elevation,murtas
elevation,nacchia
elevation,nadoggiu
elevation,nadolu
elevation,naga
elevation,nale
elevation,nardo
elevation,nargiu
elevation,naz
elevation,nca
elevation,ncali
elevation,ncello
elevation,nchi
elevation,nciere
elevation,nco
elevation,ncon
elevation,nda
elevation,nde
elevation,ndelazzu
elevation,ndici
elevation,ndo
elevation,ndspitze
elevation,nedul
elevation,nella
elevation,nello
elevation,nente
elevation,neri
elevation,nerol
elevation,netto
elevation,neval
elevation,nferno
elevation,nfret
elevation,nga
elevation,ngarat
elevation,ngiu
elevation,ngo
elevation,ngu
elevation,niano
elevation,nias
elevation,nibras
elevation,nig
elevation,nigskogl
elevation,nik
elevation,nin
elevation,nina
elevation,nino
elevation,nio
elevation,nja
elevation,nke
elevation,nna
elevation,nneval
elevation,nnino
elevation,nnspitz
elevation,nnspitze
elevation,nnu
elevation,nola
elevation,novich
elevation,nsaturo
elevation,nspitz
elevation,nspitze
elevation,nta
elevation,ntagnola
elevation,ntale
elevation,ntanello
elevation,ntario
elevation,nte
elevation,nteano
elevation,nteleina
elevation,nteti
elevation,nti
elevation,ntiera
elevation,ntile
elevation,ntilongu
elevation,ntime
elevation,ntini
elevation,ntino
elevation,ntione
elevation,nto
elevation,ntrino
elevation,ntu
elevation,nue
elevation,nvern
elevation,nzaturo
elevation,nze
elevation,oas
elevation,oba
elevation,obene
elevation,obretta
elevation,occane
elevation,occhina
elevation,ocet
elevation,ochwild
elevation,ocuzza
elevation,odelkunke
elevation,odi
elevation,ofl
elevation,oggiu
elevation,ogl
elevation,oiazza
elevation,oiazzetta
elevation,ointe
elevation,oju
elevation,ola
elevation,olada
elevation,olaia
elevation,olaro
elevation,ole
elevation,olentino
elevation,olet
elevation,olfaccia
elevation,oli
elevation,ollettoso
elevation,olturino
elevation,olu
elevation,oludnig
elevation,omaór
elevation,ometto
elevation,omoretta
elevation,ona
elevation,onargiu
elevation,oncali
elevation,oncello
elevation,onchi
elevation,oncon
elevation,ondo
elevation,one
elevation,onfret
elevation,ongiu
elevation,ongu
elevation,oni
elevation,onneval
elevation,onovich
elevation,ons
elevation,ontagnola
elevation,ontanello
elevation,onte
elevation,onteano
elevation,onteti
elevation,onti
elevation,ontilongu
elevation,ontione
elevation,ontu
elevation,opf
elevation,opiccio
elevation,oppa
elevation,oppo
elevation,oraggio
elevation,orales
elevation,oraro
elevation,orasca
elevation,oratte
elevation,orchia
elevation,oreli
elevation,oretta
elevation,orgiu
elevation,oria
elevation,oriane
elevation,orise
elevation,oritani
elevation,orn
elevation,ornacchia
elevation,ornetto
elevation,oro
elevation,oroju
elevation,orongiu
elevation,orra
elevation,ors
elevation,orungiu
elevation,orzano
elevation,osa
elevation,oso
elevation,ossa
elevation,osson
elevation,oste
elevation,osterina
elevation,osu
elevation,osílipo
elevation,otame
elevation,otasse
elevation,otenente
elevation,otto
elevation,ount
elevation,oussin
elevation,ova
elevation,ovecada
elevation,ovello
elevation,overetto
elevation,ovich
elevation,oxiu
elevation,ozarego
elevation,ozes
elevation,ozzarello
elevation,ozzi
elevation,oànaz
elevation,padure
elevation,parella
elevation,passo
elevation,pecchi
elevation,penardo
elevation,piccio
elevation,pich
elevation,piniano
elevation,pitz
elevation,pitze
elevation,piz
elevation,pons
elevation,ppa
elevation,ppo
elevation,prino
elevation,pulla
elevation,quilino
elevation,quilone
elevation,raccaxius
elevation,rade
elevation,radiso
elevation,radroxiu
elevation,raggio
elevation,ragrossa
elevation,rai
elevation,raiga
elevation,rales
elevation,ralunga
elevation,ramola
elevation,rande
elevation,rano
elevation,rard
elevation,raro
elevation,ras
elevation,rasca
elevation,rasia
elevation,rassiali
elevation,rassino
elevation,rat
elevation,ratiglio
elevation,ratte
elevation,rau
elevation,rbano
elevation,rbone
elevation,rbus
elevation,rchia
elevation,rconcello
elevation,rcone
elevation,rcuentu
elevation,rcutza
elevation,rda
elevation,rdedu
elevation,rdello
elevation,rdo
elevation,rdoria
elevation,rdosa
elevation,reddus
elevation,regnedul
elevation,rego
elevation,reli
elevation,rella
elevation,rello
elevation,relnik
elevation,rente
elevation,rentile
elevation,repa
elevation,ret
elevation,reta
elevation,rete
elevation,retta
elevation,retto
elevation,rgentario
elevation,rgentiera
elevation,rgini
elevation,rgiu
elevation,rhorn
elevation,ria
elevation,riane
elevation,riaxeddu
elevation,rica
elevation,rientale
elevation,rietta
elevation,rina
elevation,rino
elevation,rio
elevation,rise
elevation,ristallo
elevation,ritani
elevation,ritta
elevation,ritu
elevation,rlsspitze
elevation,rmarole
elevation,rmelune
elevation,rmolada
elevation,rnacchia
elevation,rnaga
elevation,rnale
elevation,rnetto
elevation,rnina
elevation,rno
elevation,rnspitze
elevation,roju
elevation,rol
elevation,role
elevation,ron
elevation,rona
elevation,rone
elevation,rongiu
elevation,roni
elevation,roppa
elevation,roppo
elevation,ros
elevation,rossa
elevation,rotto
elevation,roussin
elevation,rovello
elevation,roxiu
elevation,rra
elevation,rradroxiu
elevation,rralunga
elevation,rri
elevation,rritta
elevation,rritu
elevation,rrnspitze
elevation,rru
elevation,rrubiu
elevation,rrudorgiu
elevation,rruneri
elevation,rspitz
elevation,rtano
elevation,rtas
elevation,rten
elevation,rtent
elevation,rtles
elevation,rtobene
elevation,ruba
elevation,rubiu
elevation,rudorgiu
elevation,rului
elevation,runeri
elevation,rungiu
elevation,russa
elevation,rutto
elevation,ruvera
elevation,ruzzedu
elevation,ruzzo
elevation,rvati
elevation,rvialto
elevation,rzanadolu
elevation,rzano
elevation,ràunig
elevation,rücken
elevation,s'Ascova
elevation,sana
elevation,saturo
elevation,sca
elevation,scello
elevation,schele
elevation,scina
elevation,sciu
elevation,scoba
elevation,scolet
elevation,scova
elevation,scusone
elevation,sedu
elevation,sia
elevation,siali
elevation,siddò
elevation,sima
elevation,simoni
elevation,sin
elevation,sino
elevation,sinu
elevation,skogl
elevation,sola
elevation,son
elevation,sone
elevation,soro
elevation,sos
elevation,sou
elevation,spiniano
elevation,spitz
elevation,spitze
elevation,sprino
elevation,squilino
elevation,srücken
elevation,ssa
elevation,sse
elevation,ssiali
elevation,ssima
elevation,ssin
elevation,ssino
elevation,sso
elevation,sson
elevation,sspitze
elevation,sta
elevation,stallino
elevation,stallo
elevation,ste
elevation,stello
elevation,stellone
elevation,sterina
elevation,sti
elevation,stier
elevation,strelnik
elevation,sule
elevation,sílipo
elevation,tada
elevation,tagnola
elevation,tale
elevation,tallino
elevation,tallo
elevation,tame
elevation,tanello
elevation,tani
elevation,tano
elevation,tari
elevation,tario
elevation,tarnina
elevation,tas
elevation,tasse
elevation,teano
elevation,tefano
elevation,teleina
elevation,telir
elevation,tello
elevation,tellone
elevation,ten
elevation,tenente
elevation,tent
elevation,terhorn
elevation,terina
elevation,teti
elevation,tier
elevation,tiera
elevation,tiglio
elevation,tile
elevation,tilongu
elevation,time
elevation,tini
elevation,tino
elevation,tionargiu
elevation,tione
elevation,tirina
elevation,tissima
elevation,tles
elevation,tobene
elevation,tor
elevation,toso
elevation,totasse
elevation,tra
elevation,tragrossa
elevation,trano
elevation,trelnik
elevation,tria
elevation,trino
elevation,tron
elevation,tta
elevation,ttada
elevation,ttari
elevation,tte
elevation,tterhorn
elevation,tto
elevation,ttoso
elevation,ttu
elevation,turino
elevation,turo
elevation,tza
elevation,tze
elevation,uaidone
elevation,uarda
elevation,uas
elevation,uba
elevation,ubiu
elevation,ucchina
elevation,ucco
elevation,uchkofl
elevation,udierona
elevation,udnig
elevation,udorgiu
elevation,udu
elevation,uentu
elevation,uer
elevation,ugo
elevation,uilino
elevation,uilone
elevation,uju
elevation,ule
elevation,uliara
elevation,ulla
elevation,ullar
elevation,ului
elevation,umasciu
elevation,umasinu
elevation,ume
elevation,une
elevation,uneri
elevation,unga
elevation,ungiu
elevation,ungo
elevation,uni
elevation,unig
elevation,unke
elevation,unt
elevation,urau
elevation,ure
elevation,ureddus
elevation,urietta
elevation,urino
elevation,urno
elevation,uro
elevation,urone
elevation,uros
elevation,urotto
elevation,urritta
elevation,urruneri
elevation,urtas
elevation,uscello
elevation,uschele
elevation,uscusone
elevation,usi
elevation,usone
elevation,usou
elevation,ussa
elevation,ussin
elevation,uto
elevation,utor
elevation,utron
elevation,utta
elevation,utto
elevation,utza
elevation,uvera
elevation,uvrone
elevation,uzspitze
elevation,uzza
elevation,uzzedu
elevation,uzzo
elevation,val
elevation,vanna
elevation,vati
elevation,vecada
elevation,vegna
elevation,vello
elevation,ventino
elevation,vera
elevation,veretto
elevation,vern
elevation,vialto
elevation,vich
elevation,vrone
elevation,wild
elevation,xeddu
elevation,xiu
elevation,xius
elevation,zanadolu
elevation,zano
elevation,zarego
elevation,zarello
elevation,zarò
elevation,zaturo
elevation,zedu
elevation,zes
elevation,zetta
elevation,zodi
elevation,zspitze
elevation,zucchina
elevation,zza
elevation,zzarello
elevation,zzedu
elevation,zzetta
elevation,zzi
elevation,zzo
elevation,zzodi
elevation,zzu
elevation,zzucchina
elevation,ànaz
elevation,àunig
elevation,áira
elevation,ésule
elevation,ílipo
elevation,önigskogl
elevation,ücken
elevation,štelir
elevation,’Africa
elevation,’Aliderru
elevation,’Ambin
elevation,’Asti
elevation,’Aventino
elevation,’Oin
island,'Islotto
island,Alborella
island,Alicudi
island,Andrea
island,Ariano
island,Basiluzzo
island,Budelli
island,Capraia
island,Colombaia
island,Formica
island,Gallinara
island,Giudecca
island,I'Islotto
island,Ianni
island,Isai
island,Islotto
island,Lampedusa
island,Linosa
island,Mariccio
island,Maréttimo
island,Panaria
island,Pazzi
island,Pontino
island,Poveglia
island,Sacra
island,Sardegne
island,Sicilia
island,Tavolara
island,Vulcano
island,acra
island,aia
island,allinara
island,allinaria
island,ampedusa
island,anaria
island,anni
island,ano
island,ant’Ianni
island,apraia
island,ara
island,ardegne
island,aria
island,ariccio
island,aréttimo
island,asiluzzo
island,avolara
island,azzi
island,baia
island,borella
island,cano
island,cca
island,ccio
island,cilia
island,cio
island,cra
island,cudi
island,decca
island,degne
island,delli
island,drea
island,dusa
island,d’Ariano
island,ecca
island,edusa
island,eglia
island,egne
island,ella
island,elli
island,glia
island,gne
island,iano
island,ica
island,iccio
island,icilia
island,icudi
island,ilia
island,iluzzo
island,imo
island,inara
island,inaria
island,ino
island,inosa
island,iudecca
island,lara
island,lborella
island,lcano
island,lia
island,licudi
island,linara
island,linaria
island,lla
island,lli
island,llinara
island,llinaria
island,lombaia
island,lotto
island,luzzo
island,mbaia
island,mica
island,mpedusa
island,nara
island,naria
island,ndrea
island,nni
island,nosa
island,ntino
island,nt’Andrea
island,nt’Ianni
island,olara
island,olombaia
island,ombaia
island,ontino
island,orella
island,ormica
island,osa
island,otto
island,oveglia
island,pedusa
island,praia
island,raia
island,rdegne
island,rea
island,rella
island,ria
island,riano
island,riccio
island,rmica
island,réttimo
island,sai
island,siluzzo
island,slotto
island,timo
island,tino
island,ttimo
island,tto
island,t’Andrea
island,t’Ianni
island,udecca
island,udelli
island,udi
island,ulcano
island,usa
island,uzzo
island,veglia
island,volara
island,zzi
island,zzo
island,éttimo
island,’Andrea
island,’Ariano
island,’Ianni
populated place,'Arziada
populated place,'Isca
populated place,-Bas
populated place,-Caporali
populated place,-Sciaves
populated place,-marina
populated place,Accadia
populated place,Accumoli
populated place,Acereto
populated place,Acone
populated place,Agognate
populated place,Agrosa
populated place,Ailoche
populated place,Alanno
populated place,Albate
populated place,Albera
populated place,Alberazzi
populated place,Albignano
populated place,Albisano
populated place,Allana
populated place,Allano
populated place,Alpina
populated place,Ambrogio
populated place,Ammonite
populated place,Andrano
populated place,Andrea
populated place,Angelo
populated place,Angera
populated place,Anna
populated place,Annone
populated place,Antermoia
populated place,Antignano
populated place,Antonio
populated place,Appignano
populated place,Aquarone
populated place,Argusto
populated place,Arixi
populated place,Armento
populated place,Arnaz
populated place,Arsego
populated place,Arziada
populated place,Atessa
populated place,Austis
populated place,Azzana
populated place,Azzida
populated place,Azzone
populated place,Badoara
populated place,Badolato
populated place,Bagnarola
populated place,Bagno
populated place,Bagnore
populated place,Balantina
populated place,Balocco
populated place,Balsamo
populated place,Balzo
populated place,Barba
populated place,Barbiana
populated place,Barbuglio
populated place,Bareto
populated place,Bargagli
populated place,Baroni
populated place,Bas
populated place,Baschi
populated place,Battaias
populated place,Bedonia
populated place,Berceto
populated place,Bergeggi
populated place,Berni
populated place,Bertiolo
populated place,Besano
populated place,Bessé-Bas
populated place,Bianchi
populated place,Biestro
populated place,Biro
populated place,Bitonto
populated place,Blavy
populated place,Bolognese
populated place,Bolzano
populated place,Bonazza
populated place,Bortigali
populated place,Boršt
populated place,Boscolo
populated place,Bovino
populated place,Braglie
populated place,Bratto
populated place,Braulins
populated place,Breuil
populated place,Brignano
populated place,Brosso
populated place,Brucoli
populated place,Brugneto
populated place,Brusuglio
populated place,Bulla
populated place,Bullicame
populated place,Busachi
populated place,Buseto
populated place,Butino
populated place,Bárcola
populated place,Calcarelh
populated place,Calcata
populated place,Calcinato
populated place,Caldirolo
populated place,Calice
populated place,Callura
populated place,Calzaiolo
populated place,Camairago
populated place,Campora
populated place,Canna
populated place,Cannella
populated place,Canonica
populated place,Cantalupo
populated place,Canton
populated place,Cantù
populated place,Caoria
populated place,Capaccio
populated place,Caporali
populated place,Caposel
populated place,Capralba
populated place,Capriana
populated place,Capriglia
populated place,Capro
populated place,Carbonara
populated place,Carbonera
populated place,Cardenosa
populated place,Carisasca
populated place,Carlino
populated place,Carlopoli
populated place,Carrù
populated place,Cartura
populated place,Carvacco
populated place,Casan
populated place,Casape
populated place,Cascine
populated place,Casinalbo
populated place,Casiola
populated place,Casma
populated place,Casoli
populated place,Cassetta
populated place,Cassinari
populated place,Cassinese
populated place,Castagna
populated place,Castagno
populated place,Castellar
populated place,Catarozzo
populated place,Cavagnano
populated place,Cavalier
populated place,Cavanella
populated place,Cecchini
populated place,Ceggia
populated place,Celentino
populated place,Cellara
populated place,Cementara
populated place,Centallo
populated place,Ceraso
populated place,Ceres
populated place,Ceretana
populated place,Cerlongo
populated place,Cervara
populated place,Cesareo
populated place,Cesarina
populated place,Cetta
populated place,Chaville
populated place,Chialina
populated place,Chiapuzza
populated place,Chiasso
populated place,Chiesa
populated place,Chieuti
populated place,Chiusola
populated place,Chivo
populated place,Cicciano
populated place,Ciciano
populated place,Cicognaia
populated place,Cicognolo
populated place,Ciocco
populated place,Cittiglio
populated place,Cividate
populated place,Coccorino
populated place,Coldirodi
populated place,Collamato
populated place,Collina
populated place,Colonna
populated place,Colorno
populated place,Colvedro
populated place,Comeana
populated place,Comezzano
populated place,Compiobbi
populated place,Conselice
populated place,Corcrevà
populated place,Cordoyado
populated place,Corgo
populated place,Cornalba
populated place,Cornale
populated place,Cornelle
populated place,Corradini
populated place,Corrincas
populated place,Corvara
populated place,Cotes
populated place,Cravegna
populated place,Credera
populated place,Cretone
populated place,Crociglia
populated place,Cupro
populated place,Cusciano
populated place,Cusignana
populated place,Cusino
populated place,Córgnolo
populated place,Cùccuru
populated place,Daniele
populated place,Deggiano
populated place,Dogaro
populated place,Domenica
populated place,Donnaz
populated place,Donnino
populated place,Dorgali
populated place,Druseo
populated place,Elena
populated place,Elmo
populated place,Entrata
populated place,Envie
populated place,Eusanio
populated place,Faggiano
populated place,Falchera
populated place,Falciano
populated place,Falcioni
populated place,Fanano
populated place,Farfareta
populated place,Fassinoro
populated place,Ferrera
populated place,Ficarolo
populated place,Figino
populated place,Fleres
populated place,Florence
populated place,Follona
populated place,Forca
populated place,Foria
populated place,Forme
populated place,Forotondo
populated place,Francesco
populated place,Fratello
populated place,Frena
populated place,Gaiba
populated place,Gala
populated place,Galatone
populated place,Galbino
populated place,Gallodoro
populated place,Galvagna
populated place,Garganico
populated place,Garibaldi
populated place,Gasperina
populated place,Gazzada
populated place,Gedillis
populated place,Geminariu
populated place,Gemmano
populated place,Genesio
populated place,Genzone
populated place,Gerace
populated place,Gervasio
populated place,Ghorlo
populated place,Giai
populated place,Giare
populated place,Gigliucci
populated place,Gilba
populated place,Giosafat
populated place,Givighana
populated place,Giácomo
populated place,Grauzaria
populated place,Gravedona
populated place,Griante
populated place,Grimano
populated place,Grisi
populated place,Grizzo
populated place,Gron
populated place,Gropello
populated place,Gropina
populated place,Grugua
populated place,Gualtieri
populated place,Guarenna
populated place,Icciano
populated place,Iesi
populated place,Ilario
populated place,Imponzo
populated place,Inverigo
populated place,Ioggi
populated place,Isarco
populated place,Isca
populated place,Isonzo
populated place,Ispennei
populated place,Ittireddu
populated place,Lambrate
populated place,Lamézia
populated place,Lardaro
populated place,Lariano
populated place,Lascari
populated place,Lassei
populated place,Latiano
populated place,Latignano
populated place,Lavenone
populated place,Laverino
populated place,Lavezzola
populated place,Lazaret
populated place,Leifers
populated place,Lempa
populated place,Leni
populated place,Lentini
populated place,Leonardi
populated place,Lesegno
populated place,Lesina
populated place,Levane
populated place,Levito
populated place,Lezzara
populated place,Licciana
populated place,Limpidi
populated place,Linera
populated place,Lino
populated place,Lione
populated place,Lioni
populated place,Lipari
populated place,Lodina
populated place,Loiri
populated place,Lorenzo
populated place,Lovere
populated place,Luna
populated place,Lundo
populated place,Luppini
populated place,L’Albera
populated place,L’Entrata
populated place,L’Opaco
populated place,Macere
populated place,Macerino
populated place,Maddalena
populated place,Maggiore
populated place,Magri
populated place,Magrè
populated place,Maiatico
populated place,Malvicino
populated place,Malè
populated place,Mamojada
populated place,Mandanice
populated place,Mantova
populated place,Manzoni
populated place,Maranise
populated place,Marcel
populated place,Marche
populated place,Marcubbo
populated place,Mares
populated place,Marie
populated place,Marina
populated place,Marinella
populated place,Marineo
populated place,Mariona
populated place,Marsala
populated place,Martucci
populated place,Masserano
populated place,Mazzorno
populated place,Medau
populated place,Melia
populated place,Mendicino
populated place,Menniti
populated place,Mercallo
populated place,Migliuso
populated place,Mizzole
populated place,Modanella
populated place,Moerna
populated place,Moletano
populated place,Moltedo
populated place,Mondello
populated place,Monnacco
populated place,Montagano
populated place,Monte
populated place,Montello
populated place,Montieri
populated place,Montita
populated place,Montoggio
populated place,Morano
populated place,Morchio
populated place,Moretta
populated place,Muda
populated place,Musano
populated place,Mélito
populated place,Nardoa
populated place,Nasolino
populated place,Natile
populated place,Negi
populated place,Nezza
populated place,Nicosia
populated place,Nova
populated place,Novello
populated place,Novilara
populated place,Noàc
populated place,Nuovo
populated place,Oaggiano
populated place,Ogliana
populated place,Oleis
populated place,Olgia
populated place,Oliero
populated place,Olivadi
populated place,Olivo
populated place,Olzai
populated place,Opaco
populated place,Oratorio
populated place,Orbetello
populated place,Ornaro
populated place,Orrodolos
populated place,Orta
populated place,Ortueri
populated place,Osilo
populated place,Ost
populated place,Ostellato
populated place,Ovedasso
populated place,Pagnona
populated place,Pairola
populated place,Palazza
populated place,Palazzo
populated place,Palinuro
populated place,Palmense
populated place,Paluzza
populated place,Panerazio
populated place,Paolo
populated place,Pardesca
populated place,Pardoniga
populated place,Parrutta
populated place,Pasquale
populated place,Patòc
populated place,Paule
populated place,Paverani
populated place,Peaio
populated place,Peccia
populated place,Pedagaggi
populated place,Penia
populated place,Peragino
populated place,Perducciu
populated place,Perino
populated place,Pesaro
populated place,Pezzan
populated place,Piacenza
populated place,Piar
populated place,Piavon
populated place,Picerno
populated place,Pienza
populated place,Pilastri
populated place,Pilocca
populated place,Pio
populated place,Piobbico
populated place,Pioppo
populated place,Piscinola
populated place,Piscopie
populated place,Pizzoli
populated place,Placido
populated place,Poczilli
populated place,Poggiardo
populated place,Ponna
populated place,Pontolo
populated place,Poruco
populated place,Posta
populated place,Pozzallo
populated place,Pradaccio
populated place,Pradamano
populated place,Prade
populated place,Pragelato
populated place,Prebenek
populated place,Preglia
populated place,Prestento
populated place,Priore
populated place,Prodolone
populated place,Pusiano
populated place,Quassolo
populated place,Ragonà
populated place,Ranch
populated place,Rapegna
populated place,Raspano
populated place,Reale
populated place,Renatico
populated place,Retinella
populated place,Ricoleta
populated place,Rigolizia
populated place,Rimella
populated place,Rinazzo
populated place,Riolo
populated place,Ripe
populated place,Risa
populated place,Risano
populated place,Rivara
populated place,Rivoschio
populated place,Rizzo
populated place,Rocca
populated place,Rocchette
populated place,Roiano
populated place,Romans
populated place,Romeno
populated place,Romolo
populated place,Rondelli
populated place,Rosara
populated place,Rosarno
populated place,Rosello
populated place,Rosora
populated place,Rossa
populated place,Rougna
populated place,Rubano
populated place,Rubra
populated place,Ruoti
populated place,Russo
populated place,Rèvine
populated place,Sabba
populated place,Salež
populated place,Salivoli
populated place,San
populated place,Sandon
populated place,Sanfront
populated place,Sannicola
populated place,Santa
populated place,Sant’Anna
populated place,Saone
populated place,Sardara
populated place,Sarturano
populated place,Sava
populated place,Scaleres
populated place,Sciaves
populated place,Scogna
populated place,Scorzè
populated place,Sdazzina
populated place,Secca
populated place,Segat
populated place,Seggia
populated place,Selva
populated place,Seneghe
populated place,Senin
populated place,Sequsino
populated place,Seregno
populated place,Settima
populated place,Siapiccia
populated place,Siculiana
populated place,Signa
populated place,Sinopoli
populated place,Sirena
populated place,Smeraldi
populated place,Solano
populated place,Soleto
populated place,Sorbo
populated place,Sorrivoli
populated place,Soviore
populated place,Speciale
populated place,Spessa
populated place,Spianate
populated place,Spongano
populated place,Spresiano
populated place,Squarci
populated place,Staineri
populated place,Stravino
populated place,Striano
populated place,Strongoli
populated place,Strove
populated place,Struppa
populated place,Subbiano
populated place,Superga
populated place,Supersano
populated place,Suvereto
populated place,Sòis
populated place,Sùtrio
populated place,Taccu
populated place,Talavorno
populated place,Tatti
populated place,Tempone
populated place,Tencarola
populated place,Ternate
populated place,Terraseu
populated place,Teulada
populated place,Tiana
populated place,Tiepolo
populated place,Tirli
populated place,Tissi
populated place,Toppo
populated place,Tornata
populated place,Tornolo
populated place,Torralba
populated place,Torreano
populated place,Torri
populated place,Torrini
populated place,Torrione
populated place,Traga
populated place,Tragole
populated place,Tramonti
populated place,Trasacco
populated place,Trebana
populated place,Treggiaia
populated place,Tret
populated place,Tricerro
populated place,Trémiti
populated place,Ulignano
populated place,Untermais
populated place,Usellus
populated place,Usi
populated place,Usigni
populated place,Vada
populated place,Vago
populated place,Vaiano
populated place,Vailate
populated place,Valcava
populated place,Valle
populated place,Vallecupa
populated place,Vallemare
populated place,Valleza
populated place,Valva
populated place,Vanzago
populated place,Varazze
populated place,Vecchia
populated place,Vecchie
populated place,Vecciano
populated place,Venal
populated place,Venanzia
populated place,Venezia
populated place,Verezzo
populated place,Vergiate
populated place,Vernazza
populated place,Vernio
populated place,Veronella
populated place,Verzino
populated place,Verzio
populated place,Vezzano
populated place,Vicalvi
populated place,Vigone
populated place,Villadoro
populated place,Villalago
populated place,Villar
populated place,Villarios
populated place,Ville
populated place,Villetta
populated place,Vilpiano
populated place,Vindoli
populated place,Vinga
populated place,Visanti
populated place,Viterbo
populated place,Vitoio
populated place,Vizzarete
populated place,Vodice
populated place,Volpiano
populated place,Volpino
populated place,Zaffaria
populated place,Zandobbio
populated place,Zanengo
populated place,Zanetti
populated place,Zanè
populated place,Zenson
populated place,Zeppara
populated place,Zocchi
populated place,Zollino
populated place,abba
populated place,acavallo
populated place,accio
populated place,acco
populated place,accu
populated place,ace
populated place,acenza
populated place,acere
populated place,acerino
populated place,achi
populated place,acido
populated place,acidro
populated place,aco
populated place,acotta
populated place,acqua
populated place,acquisto
populated place,acupa
populated place,ada
populated place,adaccio
populated place,adamano
populated place,addalena
populated place,ade
populated place,adi
populated place,adia
populated place,adibosco
populated place,adifalco
populated place,adini
populated place,ado
populated place,adoara
populated place,adolato
populated place,adoro
populated place,afat
populated place,afeltria
populated place,affaria
populated place,afitta
populated place,afranca
populated place,aga
populated place,agaggi
populated place,agano
populated place,agelato
populated place,aggi
populated place,aggiano
populated place,aggiore
populated place,aghello
populated place,agino
populated place,agittaria
populated place,agli
populated place,aglia
populated place,aglie
populated place,agliera
populated place,agna
populated place,agnaio
populated place,agnano
populated place,agnarella
populated place,agnarola
populated place,agno
populated place,agnolo
populated place,agnona
populated place,agnore
populated place,ago
populated place,agole
populated place,agone
populated place,agonà
populated place,agrande
populated place,agri
populated place,agrè
populated place,agugume
populated place,aguzzo
populated place,aia
populated place,aiano
populated place,aias
populated place,aiatico
populated place,aiba
populated place,ailate
populated place,aineri
populated place,ainxeddas
populated place,aio
populated place,aiolo
populated place,airago
populated place,airola
populated place,ais
populated place,al-marina
populated place,ala
populated place,alago
populated place,alalbergo
populated place,alantina
populated place,alatone
populated place,alavorno
populated place,alazza
populated place,alazzo
populated place,alba
populated place,albergo
populated place,albino
populated place,albo
populated place,alcarelh
populated place,alcata
populated place,alcava
populated place,alchera
populated place,alciano
populated place,alcinato
populated place,alcioni
populated place,alco
populated place,alcone
populated place,alderaro
populated place,aldi
populated place,aldirolo
populated place,ale
populated place,alena
populated place,aleres
populated place,alež
populated place,algrasso
populated place,ali
populated place,alice
populated place,alier
populated place,alina
populated place,alinuro
populated place,alivoli
populated place,alle
populated place,allecupa
populated place,allegro
populated place,allemare
populated place,alleza
populated place,allo
populated place,allodoro
populated place,allura
populated place,almense
populated place,almoresca
populated place,alocco
populated place,alpellina
populated place,alsamo
populated place,alsigiara
populated place,altenigo
populated place,altieri
populated place,altignaga
populated place,alupo
populated place,aluzza
populated place,alva
populated place,alvagna
populated place,alvi
populated place,alvicino
populated place,alzaiolo
populated place,alzo
populated place,alè
populated place,amairago
populated place,amano
populated place,amassella
populated place,amato
populated place,ambarelli
populated place,ambrate
populated place,ame
populated place,amo
populated place,amojada
populated place,amonte
populated place,amonti
populated place,ampagnolo
populated place,ampora
populated place,amézia
populated place,ana
populated place,anano
populated place,anate
populated place,anca
populated place,ancesco
populated place,anch
populated place,anche
populated place,anchi
populated place,anco
populated place,andanice
populated place,ande
populated place,andi
populated place,andighano
populated place,andobbio
populated place,andon
populated place,ane
populated place,anella
populated place,anello
populated place,anengo
populated place,anerazio
populated place,anetti
populated place,anfront
populated place,ani
populated place,anice
populated place,anico
populated place,aniele
populated place,anio
populated place,anise
populated place,anna
populated place,annella
populated place,annicola
populated place,anno
populated place,ano
populated place,anolungo
populated place,anonica
populated place,anova
populated place,ans
populated place,anta
populated place,antalupo
populated place,antano
populated place,ante
populated place,anti
populated place,antina
populated place,anton
populated place,antova
populated place,antù
populated place,ant’Anna
populated place,anzago
populated place,anzia
populated place,anzoni
populated place,anè
populated place,aolo
populated place,aone
populated place,aoria
populated place,apaccio
populated place,ape
populated place,apegna
populated place,apiccia
populated place,apodacqua
populated place,aporali
populated place,aposel
populated place,apracotta
populated place,apralba
populated place,apriana
populated place,apriglia
populated place,apro
populated place,apuzza
populated place,ara
populated place,aranise
populated place,arantano
populated place,arasca
populated place,arazze
populated place,arba
populated place,arbiana
populated place,arbonara
populated place,arbonera
populated place,arbuglio
populated place,arcel
populated place,arche
populated place,arci
populated place,arco
populated place,arcubbo
populated place,ardara
populated place,ardaro
populated place,ardenosa
populated place,arderello
populated place,ardesca
populated place,ardi
populated place,ardo
populated place,ardoa
populated place,ardoniga
populated place,are
populated place,arelh
populated place,arella
populated place,arelli
populated place,arenna
populated place,areo
populated place,ares
populated place,aret
populated place,areta
populated place,arete
populated place,areto
populated place,arfareta
populated place,argagli
populated place,arganico
populated place,argherita
populated place,ari
populated place,aria
populated place,ariano
populated place,aribaldi
populated place,arie
populated place,arielli
populated place,arina
populated place,arinella
populated place,arineo
populated place,arino
populated place,ario
populated place,ariona
populated place,arios
populated place,arisasca
populated place,ariu
populated place,arlettani
populated place,arlino
populated place,arlopoli
populated place,arno
populated place,aro
populated place,arola
populated place,arolo
populated place,arone
populated place,aroni
populated place,arozzo
populated place,arrutta
populated place,arrù
populated place,arsala
populated place,artolomeo
populated place,artucci
populated place,artura
populated place,arturano
populated place,arvacco
populated place,asacco
populated place,asan
populated place,asanta
populated place,asape
populated place,asca
populated place,ascari
populated place,aschi
populated place,ascine
populated place,asco
populated place,asecca
populated place,aseu
populated place,asinalbo
populated place,asio
populated place,asiola
populated place,asma
populated place,aso
populated place,asoli
populated place,asolino
populated place,asottia
populated place,aspano
populated place,asperina
populated place,asquale
populated place,assei
populated place,assella
populated place,asserano
populated place,assetta
populated place,assinari
populated place,assinasco
populated place,assinese
populated place,assinoro
populated place,asso
populated place,assolo
populated place,astagna
populated place,astagnaio
populated place,astagno
populated place,astellar
populated place,astri
populated place,asóttis
populated place,ata
populated place,atarozzo
populated place,ate
populated place,atello
populated place,atiano
populated place,atico
populated place,atignano
populated place,atile
populated place,ato
populated place,atone
populated place,atonica
populated place,atorio
populated place,attaias
populated place,atti
populated place,attini
populated place,atto
populated place,atòc
populated place,aule
populated place,aulins
populated place,auzaria
populated place,ava
populated place,avagnano
populated place,avalier
populated place,avallo
populated place,avanella
populated place,avecchia
populated place,avedona
populated place,avegna
populated place,avella
populated place,avengo
populated place,avenone
populated place,averani
populated place,averino
populated place,aves
populated place,avezzola
populated place,aville
populated place,avino
populated place,avon
populated place,avorno
populated place,avunea
populated place,avy
populated place,azaret
populated place,azio
populated place,azza
populated place,azzada
populated place,azze
populated place,azzi
populated place,azzina
populated place,azzo
populated place,azzorno
populated place,baldi
populated place,bana
populated place,bano
populated place,barelli
populated place,bate
populated place,bba
populated place,bbi
populated place,bbiano
populated place,bbico
populated place,bbio
populated place,bbo
populated place,bello
populated place,benek
populated place,bera
populated place,berazzi
populated place,bergo
populated place,betello
populated place,biana
populated place,biano
populated place,bico
populated place,bignano
populated place,bino
populated place,bio
populated place,bisano
populated place,bonara
populated place,bonera
populated place,bosco
populated place,bra
populated place,brate
populated place,brincioni
populated place,brogio
populated place,buglio
populated place,buono
populated place,cadia
populated place,cadifalco
populated place,cafranca
populated place,calderaro
populated place,caleres
populated place,callo
populated place,caltenigo
populated place,calvi
populated place,came
populated place,canova
populated place,carelh
populated place,cari
populated place,carola
populated place,carolo
populated place,cas
populated place,cata
populated place,cattini
populated place,cava
populated place,cavallo
populated place,cca
populated place,ccadia
populated place,ccafranca
populated place,cchette
populated place,cchi
populated place,cchia
populated place,cchie
populated place,cchini
populated place,cchio
populated place,cchiánico
populated place,cci
populated place,ccia
populated place,cciana
populated place,cciano
populated place,ccio
populated place,cciola
populated place,cciu
populated place,cco
populated place,ccorino
populated place,ccu
populated place,ccumoli
populated place,ccuru
populated place,cefieschi
populated place,cel
populated place,cello
populated place,cenza
populated place,cere
populated place,cereto
populated place,cerino
populated place,cerno
populated place,cerri
populated place,cerro
populated place,cesco
populated place,ceto
populated place,che
populated place,chera
populated place,chette
populated place,chettona
populated place,chi
populated place,chia
populated place,chiari
populated place,chiavella
populated place,chiavunea
populated place,chie
populated place,chigliero
populated place,chini
populated place,chio
populated place,chiánico
populated place,cia
populated place,ciale
populated place,ciana
populated place,ciano
populated place,ciaves
populated place,cido
populated place,cidro
populated place,ciglia
populated place,cina
populated place,cinato
populated place,cine
populated place,cino
populated place,cinola
populated place,cio
populated place,ciola
populated place,cioni
populated place,ciu
populated place,cogna
populated place,cognaia
populated place,cognolo
populated place,cola
populated place,coleta
populated place,coli
populated place,colo
populated place,como
populated place,cone
populated place,copie
populated place,corino
populated place,corvaro
populated place,corvino
populated place,corzè
populated place,cosia
populated place,cotta
populated place,cqua
populated place,cquasanta
populated place,cquisto
populated place,crevà
populated place,cubbo
populated place,culiana
populated place,cumoli
populated place,cupa
populated place,curo
populated place,curu
populated place,czilli
populated place,daccio
populated place,dacqua
populated place,dagaggi
populated place,dalena
populated place,damano
populated place,danella
populated place,danice
populated place,dara
populated place,daro
populated place,darola
populated place,das
populated place,dasso
populated place,date
populated place,dau
populated place,dazzina
populated place,ddalena
populated place,ddas
populated place,ddu
populated place,delli
populated place,dello
populated place,denosa
populated place,denti
populated place,dera
populated place,deraro
populated place,derello
populated place,desca
populated place,dia
populated place,dibosco
populated place,dice
populated place,dicino
populated place,difalco
populated place,dighano
populated place,dillis
populated place,dimeleto
populated place,dina
populated place,dini
populated place,dipace
populated place,dirodi
populated place,dirolo
populated place,dis
populated place,doa
populated place,doara
populated place,dobbio
populated place,dodipace
populated place,dolato
populated place,doli
populated place,dolia
populated place,dolone
populated place,dolos
populated place,don
populated place,dona
populated place,donia
populated place,doniga
populated place,doro
populated place,doyado
populated place,dragone
populated place,drano
populated place,drea
populated place,dresergio
populated place,dro
populated place,ducciu
populated place,eaio
populated place,eale
populated place,eana
populated place,eano
populated place,ebana
populated place,ebenek
populated place,ecca
populated place,ecchia
populated place,ecchie
populated place,ecchini
populated place,ecchio
populated place,eccia
populated place,ecciano
populated place,ecerri
populated place,echiari
populated place,eciale
populated place,ecorvino
populated place,ecupa
populated place,edagaggi
populated place,edasso
populated place,edau
populated place,eddas
populated place,eddu
populated place,edera
populated place,edillis
populated place,edo
populated place,edona
populated place,edonia
populated place,edro
populated place,efieschi
populated place,efranco
populated place,egat
populated place,eggi
populated place,eggia
populated place,eggiaia
populated place,eggiano
populated place,eghe
populated place,egi
populated place,egilesco
populated place,eglia
populated place,egliano
populated place,egna
populated place,egnanello
populated place,egno
populated place,ego
populated place,egrandi
populated place,egrino
populated place,egro
populated place,eifers
populated place,eis
populated place,elato
populated place,elatone
populated place,elbello
populated place,elcina
populated place,ele
populated place,elentino
populated place,eleto
populated place,elh
populated place,elia
populated place,elice
populated place,ella
populated place,ellamonte
populated place,ellar
populated place,ellara
populated place,ellato
populated place,elle
populated place,ellegrino
populated place,elli
populated place,ellina
populated place,ello
populated place,ellus
populated place,elmagno
populated place,elmo
populated place,elo
populated place,eltria
populated place,elva
populated place,emare
populated place,ementara
populated place,eminariu
populated place,emmano
populated place,empa
populated place,empone
populated place,ena
populated place,enal
populated place,enanzia
populated place,enasso
populated place,enatico
populated place,encarola
populated place,ence
populated place,endicino
populated place,endolia
populated place,eneghe
populated place,enek
populated place,enesio
populated place,enezia
populated place,engo
populated place,eni
populated place,enia
populated place,enica
populated place,enigo
populated place,enin
populated place,enna
populated place,ennei
populated place,enniti
populated place,eno
populated place,enone
populated place,enosa
populated place,ense
populated place,ensiere
populated place,enson
populated place,entallo
populated place,entara
populated place,enti
populated place,entini
populated place,entino
populated place,ento
populated place,enza
populated place,enzo
populated place,enzone
populated place,enzuola
populated place,eonardi
populated place,epietro
populated place,epolo
populated place,eppara
populated place,epulciano
populated place,equsino
populated place,era
populated place,erace
populated place,eragino
populated place,eraldi
populated place,erani
populated place,erano
populated place,eraro
populated place,eraso
populated place,erazio
populated place,erazzi
populated place,erbo
populated place,ercallo
populated place,erceto
populated place,erducciu
populated place,ere
populated place,eregno
populated place,erello
populated place,eres
populated place,eretana
populated place,ereto
populated place,erezzo
populated place,erga
populated place,ergeggi
populated place,ergiate
populated place,ergio
populated place,ergnano
populated place,ergo
populated place,eri
populated place,erigo
populated place,erina
populated place,erino
populated place,erita
populated place,erlongo
populated place,ermais
populated place,ermoia
populated place,erna
populated place,ernate
populated place,ernazza
populated place,erni
populated place,ernio
populated place,erno
populated place,ero
populated place,eronella
populated place,erraseu
populated place,errera
populated place,erri
populated place,erro
populated place,ers
populated place,ersano
populated place,ertiolo
populated place,erubbiano
populated place,ervara
populated place,ervasio
populated place,erzino
populated place,erzio
populated place,esa
populated place,esano
populated place,esareo
populated place,esarina
populated place,esaro
populated place,esca
populated place,eschi
populated place,esco
populated place,ese
populated place,esegno
populated place,eselle
populated place,esergio
populated place,esi
populated place,esiano
populated place,esina
populated place,esio
populated place,essa
populated place,essé-Bas
populated place,estento
populated place,estro
populated place,estura
populated place,eta
populated place,etana
populated place,etano
populated place,ete
populated place,etello
populated place,etinella
populated place,eto
populated place,etone
populated place,etra
populated place,etracupa
populated place,etrafitta
populated place,etrasecca
populated place,etrelcina
populated place,etro
populated place,etta
populated place,ettani
populated place,ette
populated place,etti
populated place,ettima
populated place,etto
populated place,ettona
populated place,euil
populated place,eulada
populated place,euti
populated place,evane
populated place,evito
populated place,evà
populated place,eza
populated place,ezia
populated place,ezza
populated place,ezzan
populated place,ezzano
populated place,ezzara
populated place,ezzo
populated place,ezzola
populated place,falco
populated place,falcone
populated place,fareta
populated place,faria
populated place,fat
populated place,feltria
populated place,fers
populated place,ffaria
populated place,fieschi
populated place,fitta
populated place,franca
populated place,franco
populated place,front
populated place,gaggi
populated place,gagli
populated place,gali
populated place,ganico
populated place,gano
populated place,garo
populated place,gat
populated place,geggi
populated place,gelato
populated place,gelo
populated place,gera
populated place,ggi
populated place,ggia
populated place,ggiaia
populated place,ggiano
populated place,ggiardo
populated place,ggio
populated place,ggiore
populated place,ggitello
populated place,ghana
populated place,ghano
populated place,ghe
populated place,ghello
populated place,gherita
populated place,ghicello
populated place,gia
populated place,giaia
populated place,giano
populated place,giara
populated place,giardo
populated place,giate
populated place,gilesco
populated place,gino
populated place,gio
populated place,giore
populated place,giridenti
populated place,gitello
populated place,gittaria
populated place,gli
populated place,glia
populated place,gliana
populated place,gliano
populated place,gliarino
populated place,glie
populated place,glielmo
populated place,gliera
populated place,gliero
populated place,glio
populated place,gliucci
populated place,gliuso
populated place,gna
populated place,gnaga
populated place,gnaia
populated place,gnaio
populated place,gnana
populated place,gnanello
populated place,gnano
populated place,gnarella
populated place,gnarola
populated place,gnasco
populated place,gnate
populated place,gnese
populated place,gneto
populated place,gni
populated place,gnidis
populated place,gno
populated place,gnolo
populated place,gnona
populated place,gnore
populated place,gnoso
populated place,gofranco
populated place,gognate
populated place,gole
populated place,goli
populated place,golizia
populated place,gone
populated place,gonà
populated place,grande
populated place,grandi
populated place,grasso
populated place,gri
populated place,grino
populated place,grisanche
populated place,gro
populated place,grosa
populated place,gruaro
populated place,grè
populated place,gua
populated place,guglielmo
populated place,gugume
populated place,guinetto
populated place,gume
populated place,gusto
populated place,guzzo
populated place,hana
populated place,hano
populated place,haville
populated place,hello
populated place,hera
populated place,herita
populated place,hette
populated place,hettona
populated place,hia
populated place,hialina
populated place,hiapuzza
populated place,hiari
populated place,hiasottia
populated place,hiasso
populated place,hiasóttis
populated place,hiavella
populated place,hiavunea
populated place,hicello
populated place,hie
populated place,hiesa
populated place,hieuti
populated place,higliero
populated place,hini
populated place,hio
populated place,hiusola
populated place,hivo
populated place,hiánico
populated place,horlo
populated place,iacenza
populated place,iada
populated place,iagrande
populated place,iai
populated place,iaia
populated place,iale
populated place,ialina
populated place,iana
populated place,ianate
populated place,ianchi
populated place,iano
populated place,iante
populated place,iapiccia
populated place,iapuzza
populated place,iar
populated place,iara
populated place,iardo
populated place,iare
populated place,iari
populated place,iarino
populated place,ias
populated place,iasottia
populated place,iasso
populated place,iasóttis
populated place,iate
populated place,iatico
populated place,iavella
populated place,iaves
populated place,iavon
populated place,iavunea
populated place,iba
populated place,ibaldi
populated place,ibosco
populated place,ica
populated place,icalvi
populated place,icame
populated place,icanova
populated place,icarolo
populated place,icattini
populated place,iccia
populated place,icciana
populated place,icciano
populated place,icciola
populated place,ice
populated place,icello
populated place,icerno
populated place,icerro
populated place,iciano
populated place,icino
populated place,ico
populated place,icognaia
populated place,icognolo
populated place,icola
populated place,icoleta
populated place,icosia
populated place,iculiana
populated place,icuro
populated place,ida
populated place,idate
populated place,identi
populated place,idi
populated place,idis
populated place,ido
populated place,idonia
populated place,idro
populated place,iele
populated place,ielli
populated place,ielmo
populated place,ienza
populated place,iepolo
populated place,ier
populated place,iera
populated place,iere
populated place,ieri
populated place,iero
populated place,iesa
populated place,ieschi
populated place,iestro
populated place,ietra
populated place,ietracupa
populated place,ietro
populated place,ieuti
populated place,ifalco
populated place,ifers
populated place,iga
populated place,igali
populated place,ighana
populated place,ighano
populated place,igiara
populated place,igino
populated place,iglia
populated place,igliana
populated place,igliano
populated place,igliarino
populated place,igliero
populated place,iglio
populated place,igliucci
populated place,igliuso
populated place,igna
populated place,ignaga
populated place,ignana
populated place,ignano
populated place,ignasco
populated place,igni
populated place,ignidis
populated place,ignoso
populated place,igo
populated place,igolizia
populated place,igone
populated place,ilara
populated place,ilastri
populated place,ilate
populated place,ilba
populated place,ile
populated place,ilesco
populated place,ilicanova
populated place,ilignidis
populated place,illacidro
populated place,illadoro
populated place,illalago
populated place,illar
populated place,illarasca
populated place,illarios
populated place,illavengo
populated place,ille
populated place,illetta
populated place,illi
populated place,illis
populated place,ilo
populated place,ilocca
populated place,iloche
populated place,ilpiano
populated place,ima
populated place,imano
populated place,imeleto
populated place,imella
populated place,imento
populated place,impidi
populated place,impietra
populated place,ina
populated place,inalbo
populated place,inari
populated place,inariu
populated place,inasco
populated place,inato
populated place,inazzo
populated place,incas
populated place,incioni
populated place,indoli
populated place,ine
populated place,inella
populated place,ineo
populated place,inera
populated place,ineri
populated place,inese
populated place,inetto
populated place,inga
populated place,ini
populated place,ino
populated place,inola
populated place,inopoli
populated place,inoro
populated place,ins
populated place,insicuro
populated place,inuro
populated place,inxeddas
populated place,iobbi
populated place,iobbico
populated place,iocco
populated place,iola
populated place,iolo
populated place,iona
populated place,ione
populated place,ioni
populated place,ioppo
populated place,iore
populated place,ios
populated place,iosafat
populated place,iovinazzo
populated place,ipace
populated place,ipaglia
populated place,ipari
populated place,ipe
populated place,irago
populated place,ireddu
populated place,irena
populated place,irenzuola
populated place,iri
populated place,iridenti
populated place,irli
populated place,iro
populated place,irodi
populated place,irola
populated place,irolo
populated place,isa
populated place,isanche
populated place,isano
populated place,isanti
populated place,isasca
populated place,iscinola
populated place,iscopie
populated place,ise
populated place,isi
populated place,issi
populated place,isto
populated place,ita
populated place,ite
populated place,itello
populated place,iterbo
populated place,iti
populated place,itigliano
populated place,ito
populated place,itoio
populated place,itonto
populated place,itta
populated place,ittaria
populated place,ittiglio
populated place,iucci
populated place,iuso
populated place,iusola
populated place,ivadi
populated place,ivara
populated place,ivergnano
populated place,ividate
populated place,ivighana
populated place,ivo
populated place,ivoli
populated place,ivoschio
populated place,ixi
populated place,izia
populated place,izzarete
populated place,izzo
populated place,izzole
populated place,izzoli
populated place,izzolungo
populated place,iácomo
populated place,iánico
populated place,jada
populated place,l-marina
populated place,lacido
populated place,lacidro
populated place,lada
populated place,ladoro
populated place,lago
populated place,lalago
populated place,lalbergo
populated place,lamato
populated place,lamonte
populated place,lana
populated place,lanno
populated place,lano
populated place,lantina
populated place,lar
populated place,lara
populated place,larasca
populated place,lario
populated place,larios
populated place,lasco
populated place,lastri
populated place,late
populated place,latico
populated place,lato
populated place,latone
populated place,lavengo
populated place,lavorno
populated place,lavy
populated place,lazza
populated place,lazzo
populated place,lba
populated place,lbate
populated place,lbello
populated place,lbera
populated place,lberazzi
populated place,lbergo
populated place,lbignano
populated place,lbino
populated place,lbisano
populated place,lbo
populated place,lcarelh
populated place,lcata
populated place,lcava
populated place,lchera
populated place,lciano
populated place,lcina
populated place,lcinato
populated place,lcioni
populated place,lco
populated place,lcone
populated place,lderaro
populated place,ldi
populated place,ldirodi
populated place,ldirolo
populated place,lecorvino
populated place,lecupa
populated place,legilesco
populated place,legrino
populated place,legro
populated place,leis
populated place,lemare
populated place,lena
populated place,lenasso
populated place,lentino
populated place,lepietro
populated place,leres
populated place,lesco
populated place,leta
populated place,letano
populated place,leto
populated place,letta
populated place,lettani
populated place,leza
populated place,lež
populated place,lgia
populated place,lgrasso
populated place,lia
populated place,liana
populated place,liano
populated place,liarino
populated place,licame
populated place,licanova
populated place,lice
populated place,lie
populated place,lielmo
populated place,lier
populated place,liera
populated place,liero
populated place,lignano
populated place,lignidis
populated place,limento
populated place,lina
populated place,lino
populated place,lins
populated place,linuro
populated place,lio
populated place,lis
populated place,lito
populated place,liucci
populated place,liuso
populated place,livadi
populated place,livo
populated place,livoli
populated place,lizia
populated place,lla
populated place,llacidro
populated place,lladoro
populated place,llalago
populated place,llamato
populated place,llamonte
populated place,llana
populated place,llano
populated place,llar
populated place,llara
populated place,llarasca
populated place,llarios
populated place,llato
populated place,llavengo
populated place,lle
populated place,llecupa
populated place,llegrino
populated place,llegro
populated place,llemare
populated place,llenasso
populated place,llepietro
populated place,lletta
populated place,lleza
populated place,lli
populated place,llicame
populated place,llimento
populated place,llina
populated place,llino
populated place,llis
populated place,llo
populated place,llodoro
populated place,llona
populated place,llura
populated place,llus
populated place,ll’Isarco
populated place,lmagno
populated place,lmense
populated place,lmo
populated place,lmoresca
populated place,locca
populated place,locco
populated place,loche
populated place,lodoro
populated place,lognese
populated place,lomeo
populated place,lona
populated place,lone
populated place,longo
populated place,lonna
populated place,lopoli
populated place,lorence
populated place,lorno
populated place,los
populated place,lpellina
populated place,lpiano
populated place,lpina
populated place,lpino
populated place,lsamo
populated place,lsigiara
populated place,ltedo
populated place,ltenigo
populated place,ltieri
populated place,ltignaga
populated place,ltria
populated place,lungo
populated place,lupo
populated place,lura
populated place,lus
populated place,luzza
populated place,lva
populated place,lvagna
populated place,lvatonica
populated place,lvedro
populated place,lvi
populated place,lvicino
populated place,lzai
populated place,lzaiolo
populated place,lzano
populated place,lzo
populated place,l’Isarco
populated place,magno
populated place,mairago
populated place,mais
populated place,mano
populated place,mans
populated place,mare
populated place,marina
populated place,massella
populated place,mato
populated place,mbarelli
populated place,mbrate
populated place,mbrogio
populated place,meana
populated place,meleto
populated place,mella
populated place,mendolia
populated place,menica
populated place,meno
populated place,mense
populated place,mentara
populated place,mento
populated place,meo
populated place,meraldi
populated place,mezzano
populated place,migliana
populated place,minariu
populated place,miti
populated place,mmano
populated place,mmonite
populated place,moia
populated place,mojada
populated place,moli
populated place,molo
populated place,monite
populated place,monte
populated place,monti
populated place,moresca
populated place,mpa
populated place,mpagnolo
populated place,mpensiere
populated place,mpidi
populated place,mpietra
populated place,mpiobbi
populated place,mpone
populated place,mponzo
populated place,mpora
populated place,mézia
populated place,nacavallo
populated place,nacco
populated place,nacquisto
populated place,naga
populated place,naia
populated place,naio
populated place,nal
populated place,nalba
populated place,nalbo
populated place,nale
populated place,nana
populated place,nanello
populated place,nano
populated place,nanzia
populated place,nara
populated place,nardi
populated place,narella
populated place,nari
populated place,nariu
populated place,naro
populated place,narola
populated place,nasco
populated place,nasso
populated place,nata
populated place,nate
populated place,natico
populated place,nato
populated place,naz
populated place,nazza
populated place,nazzo
populated place,nca
populated place,ncarola
populated place,ncas
populated place,nce
populated place,ncesco
populated place,nch
populated place,nche
populated place,nchi
populated place,ncioni
populated place,nco
populated place,ndanice
populated place,ndarola
populated place,nde
populated place,ndelli
populated place,ndello
populated place,ndi
populated place,ndicino
populated place,ndighano
populated place,ndimeleto
populated place,ndo
populated place,ndobbio
populated place,ndoli
populated place,ndolia
populated place,ndon
populated place,ndragone
populated place,ndrano
populated place,ndrea
populated place,nea
populated place,neghe
populated place,nei
populated place,nek
populated place,nella
populated place,nelle
populated place,nello
populated place,nengo
populated place,neo
populated place,nera
populated place,nerazio
populated place,neri
populated place,nese
populated place,nesio
populated place,neto
populated place,netti
populated place,netto
populated place,nezia
populated place,nfalcone
populated place,nfront
populated place,nga
populated place,ngano
populated place,ngelo
populated place,ngera
populated place,ngo
populated place,ngoli
populated place,nguinetto
populated place,nia
populated place,nica
populated place,nicattini
populated place,nice
populated place,nico
populated place,nicola
populated place,nidis
populated place,niele
populated place,niga
populated place,nigo
populated place,nin
populated place,nino
populated place,nio
populated place,nise
populated place,nite
populated place,niti
populated place,nna
populated place,nnacco
populated place,nnaz
populated place,nnei
populated place,nnella
populated place,nnicola
populated place,nnino
populated place,nniti
populated place,nno
populated place,nnone
populated place,nola
populated place,nolo
populated place,nolungo
populated place,nona
populated place,none
populated place,nonica
populated place,nopoli
populated place,nore
populated place,noro
populated place,nosa
populated place,noso
populated place,nova
populated place,nquecerri
populated place,nse
populated place,nselice
populated place,nsicuro
populated place,nsiere
populated place,nson
populated place,nta
populated place,ntagano
populated place,ntaguzzo
populated place,ntallegro
populated place,ntallo
populated place,ntalupo
populated place,ntano
populated place,ntara
populated place,nte
populated place,ntechiari
populated place,ntefranco
populated place,ntelatone
populated place,ntello
populated place,ntermais
populated place,ntermoia
populated place,ntestura
populated place,nti
populated place,ntieri
populated place,ntignano
populated place,ntignoso
populated place,ntina
populated place,ntini
populated place,ntino
populated place,ntita
populated place,nto
populated place,ntoggio
populated place,ntolo
populated place,nton
populated place,ntonio
populated place,ntova
populated place,ntrata
populated place,ntù
populated place,nt’Andrea
populated place,nt’Angelo
populated place,nt’Anna
populated place,nt’Ilario
populated place,nuro
populated place,nverigo
populated place,nvie
populated place,nxeddas
populated place,nza
populated place,nzaghello
populated place,nzago
populated place,nzia
populated place,nzo
populated place,nzone
populated place,nzoni
populated place,nzuola
populated place,oara
populated place,obbi
populated place,obbico
populated place,obbio
populated place,obuono
populated place,occa
populated place,occhette
populated place,occhi
populated place,occo
populated place,occorino
populated place,oche
populated place,ociglia
populated place,ocorvaro
populated place,oczilli
populated place,odacqua
populated place,odanella
populated place,odi
populated place,odice
populated place,odina
populated place,odipace
populated place,odolone
populated place,odolos
populated place,odoro
populated place,oerna
populated place,ofranco
populated place,ogaro
populated place,oggi
populated place,oggiardo
populated place,oggio
populated place,oggitello
populated place,oghicello
populated place,ogio
populated place,ogna
populated place,ognaia
populated place,ognate
populated place,ognese
populated place,ognolo
populated place,ogruaro
populated place,oia
populated place,oiano
populated place,oio
populated place,oiri
populated place,ojada
populated place,ola
populated place,olano
populated place,olasco
populated place,olatico
populated place,olato
populated place,oldirodi
populated place,ole
populated place,oleta
populated place,oletano
populated place,oleto
populated place,oli
populated place,olia
populated place,olino
populated place,olizia
populated place,ollamato
populated place,ollenasso
populated place,ollimento
populated place,ollina
populated place,ollino
populated place,ollona
populated place,olo
populated place,olognese
populated place,olomeo
populated place,olone
populated place,olonna
populated place,olorno
populated place,olos
populated place,olpiano
populated place,olpino
populated place,oltedo
populated place,olungo
populated place,olvedro
populated place,olzano
populated place,omans
populated place,omeana
populated place,omenica
populated place,omeno
populated place,omeo
populated place,omezzano
populated place,omo
populated place,omolo
populated place,ompiobbi
populated place,ona
populated place,onara
populated place,onardi
populated place,onazza
populated place,ondarola
populated place,ondelli
populated place,ondello
populated place,ondo
populated place,ondragone
populated place,one
populated place,onella
populated place,onera
populated place,onfalcone
populated place,ongano
populated place,ongo
populated place,ongoli
populated place,oni
populated place,onia
populated place,onica
populated place,oniga
populated place,onio
populated place,onite
populated place,onna
populated place,onnacco
populated place,onnaz
populated place,onnino
populated place,ono
populated place,onselice
populated place,ont
populated place,ontagano
populated place,ontaguzzo
populated place,onte
populated place,ontello
populated place,ontestura
populated place,onti
populated place,ontieri
populated place,ontignoso
populated place,ontita
populated place,onto
populated place,ontoggio
populated place,ontolo
populated place,onzo
populated place,onà
populated place,opalena
populated place,opello
populated place,opie
populated place,opina
populated place,opoli
populated place,oppo
populated place,ora
populated place,oragugume
populated place,orali
populated place,orano
populated place,orbo
populated place,orca
populated place,orchio
populated place,orcrevà
populated place,ordoyado
populated place,ore
populated place,orence
populated place,orenzo
populated place,oresca
populated place,oretta
populated place,orgali
populated place,orgo
populated place,oria
populated place,origliano
populated place,orino
populated place,orio
populated place,orlo
populated place,orme
populated place,ornalba
populated place,ornale
populated place,ornarella
populated place,ornata
populated place,ornelle
populated place,orno
populated place,ornolo
populated place,oro
populated place,orotondo
populated place,orradini
populated place,orralba
populated place,orreano
populated place,orreselle
populated place,orri
populated place,orridonia
populated place,orrincas
populated place,orrini
populated place,orrione
populated place,orrivoli
populated place,ortigali
populated place,oruco
populated place,orvara
populated place,orvaro
populated place,orvino
populated place,orzè
populated place,oršt
populated place,osa
populated place,osafat
populated place,osara
populated place,osarno
populated place,oschio
populated place,osco
populated place,oscolo
populated place,osel
populated place,osello
populated place,osia
populated place,oso
populated place,osora
populated place,ossa
populated place,osso
populated place,ossobuono
populated place,ossolasco
populated place,osta
populated place,ostorno
populated place,otes
populated place,oti
populated place,otondo
populated place,otta
populated place,ottia
populated place,ougna
populated place,ova
populated place,ove
populated place,ovecchio
populated place,ovello
populated place,overe
populated place,ovilara
populated place,ovinazzo
populated place,ovino
populated place,oviore
populated place,ovo
populated place,oyado
populated place,ozzallo
populated place,ozzo
populated place,oàc
populated place,paccio
populated place,pace
populated place,paco
populated place,paglia
populated place,pagnolo
populated place,palena
populated place,pano
populated place,para
populated place,pari
populated place,peciale
populated place,pegna
populated place,pellina
populated place,pello
populated place,pennei
populated place,pensiere
populated place,perga
populated place,perina
populated place,persano
populated place,pessa
populated place,pianate
populated place,piano
populated place,piccia
populated place,pidi
populated place,pie
populated place,pietra
populated place,pietro
populated place,pignano
populated place,pina
populated place,pini
populated place,pino
populated place,piobbi
populated place,podacqua
populated place,poli
populated place,polo
populated place,pone
populated place,pongano
populated place,ponzo
populated place,pora
populated place,porali
populated place,posel
populated place,ppa
populated place,ppara
populated place,ppignano
populated place,ppini
populated place,ppo
populated place,pracotta
populated place,pralba
populated place,presiano
populated place,priana
populated place,priglia
populated place,pro
populated place,pulciano
populated place,puzza
populated place,qua
populated place,quale
populated place,quarci
populated place,quarielli
populated place,quarone
populated place,quasanta
populated place,quecerri
populated place,quisto
populated place,qusino
populated place,racavallo
populated place,race
populated place,racotta
populated place,racupa
populated place,radaccio
populated place,radamano
populated place,rade
populated place,radibosco
populated place,radini
populated place,rafitta
populated place,raga
populated place,ragelato
populated place,ragino
populated place,raglie
populated place,rago
populated place,ragole
populated place,ragone
populated place,ragugume
populated place,ralba
populated place,raldi
populated place,rali
populated place,ramonti
populated place,ranca
populated place,rancesco
populated place,ranco
populated place,rande
populated place,randi
populated place,rani
populated place,ranise
populated place,rano
populated place,rantano
populated place,raro
populated place,rasacco
populated place,rasca
populated place,rasecca
populated place,raseu
populated place,raso
populated place,rasso
populated place,rata
populated place,rate
populated place,ratello
populated place,ratorio
populated place,ratto
populated place,raulins
populated place,rauzaria
populated place,ravedona
populated place,ravegna
populated place,ravino
populated place,razio
populated place,razze
populated place,razzi
populated place,rba
populated place,rbetello
populated place,rbiana
populated place,rbo
populated place,rbonara
populated place,rbonera
populated place,rbuglio
populated place,rca
populated place,rcallo
populated place,rcel
populated place,rceto
populated place,rche
populated place,rchio
populated place,rci
populated place,rco
populated place,rcola
populated place,rcrevà
populated place,rcubbo
populated place,rdara
populated place,rdaro
populated place,rdenosa
populated place,rderello
populated place,rdesca
populated place,rdi
populated place,rdo
populated place,rdoa
populated place,rdodipace
populated place,rdoniga
populated place,rdoyado
populated place,rducciu
populated place,rea
populated place,reano
populated place,rebana
populated place,rebenek
populated place,reddu
populated place,redera
populated place,reggiaia
populated place,reglia
populated place,regno
populated place,relcina
populated place,relh
populated place,rella
populated place,relli
populated place,rello
populated place,rena
populated place,rence
populated place,renna
populated place,renzo
populated place,renzuola
populated place,reo
populated place,rera
populated place,res
populated place,resca
populated place,reselle
populated place,resergio
populated place,resiano
populated place,restento
populated place,ret
populated place,reta
populated place,retana
populated place,rete
populated place,reto
populated place,retone
populated place,retta
populated place,reuil
populated place,revà
populated place,rezzo
populated place,rfareta
populated place,rga
populated place,rgagli
populated place,rgali
populated place,rganico
populated place,rgeggi
populated place,rgherita
populated place,rgiate
populated place,rgio
populated place,rgnano
populated place,rgnolo
populated place,rgo
populated place,rgofranco
populated place,rgusto
populated place,ria
populated place,riagrande
populated place,riana
populated place,riano
populated place,riante
populated place,ribaldi
populated place,ricerro
populated place,ridenti
populated place,ridonia
populated place,rie
populated place,rielli
populated place,riglia
populated place,rigliano
populated place,rignano
populated place,rigo
populated place,rimano
populated place,rimpietra
populated place,rina
populated place,rincas
populated place,rincioni
populated place,rinella
populated place,rineo
populated place,rini
populated place,rino
populated place,rio
populated place,riona
populated place,rione
populated place,riore
populated place,rios
populated place,risanche
populated place,risasca
populated place,risi
populated place,rita
populated place,riu
populated place,rivoli
populated place,rixi
populated place,rizzo
populated place,rlettani
populated place,rli
populated place,rlino
populated place,rlo
populated place,rlongo
populated place,rlopoli
populated place,rmais
populated place,rme
populated place,rmento
populated place,rmigliana
populated place,rmoia
populated place,rna
populated place,rnalba
populated place,rnale
populated place,rnarella
populated place,rnaro
populated place,rnata
populated place,rnate
populated place,rnaz
populated place,rnazza
populated place,rnelle
populated place,rni
populated place,rnio
populated place,rno
populated place,rnolo
populated place,rociglia
populated place,rodi
populated place,rodolone
populated place,rodolos
populated place,rogio
populated place,rola
populated place,rolo
populated place,ron
populated place,rondarola
populated place,rone
populated place,ronella
populated place,rongoli
populated place,roni
populated place,ront
populated place,ropello
populated place,ropina
populated place,rosa
populated place,rosso
populated place,rotondo
populated place,rove
populated place,rozzo
populated place,rradini
populated place,rralba
populated place,rraseu
populated place,rreano
populated place,rrera
populated place,rreselle
populated place,rri
populated place,rridonia
populated place,rrincas
populated place,rrini
populated place,rrione
populated place,rrivoli
populated place,rro
populated place,rrodolos
populated place,rrutta
populated place,rrù
populated place,rsagliera
populated place,rsala
populated place,rsano
populated place,rsego
populated place,rta
populated place,rtegliano
populated place,rtegrandi
populated place,rtigali
populated place,rtignasco
populated place,rtiolo
populated place,rtogruaro
populated place,rtolomeo
populated place,rtucci
populated place,rtueri
populated place,rtura
populated place,rturano
populated place,ruaro
populated place,rubbiano
populated place,ruco
populated place,rucoli
populated place,rugneto
populated place,rugua
populated place,ruppa
populated place,ruseo
populated place,rusuglio
populated place,rutta
populated place,rvacco
populated place,rvara
populated place,rvaro
populated place,rvasio
populated place,rvino
populated place,rziada
populated place,rzino
populated place,rzio
populated place,rzè
populated place,rémiti
populated place,ršt
populated place,s'Arziada
populated place,s'Isca
populated place,sacco
populated place,sachi
populated place,safat
populated place,sagliera
populated place,sala
populated place,salgrasso
populated place,samo
populated place,san
populated place,sanche
populated place,sanio
populated place,sano
populated place,santa
populated place,santi
populated place,sape
populated place,sara
populated place,sarco
populated place,sareo
populated place,sarina
populated place,sarno
populated place,saro
populated place,sasca
populated place,savecchia
populated place,sca
populated place,scari
populated place,schettona
populated place,schi
populated place,schio
populated place,sciano
populated place,scine
populated place,scinola
populated place,sco
populated place,scolo
populated place,scopie
populated place,secca
populated place,segno
populated place,sego
populated place,sei
populated place,sel
populated place,selice
populated place,sella
populated place,selle
populated place,sello
populated place,sellus
populated place,seo
populated place,serano
populated place,sergio
populated place,seto
populated place,setta
populated place,seu
populated place,sia
populated place,siano
populated place,sicuro
populated place,siere
populated place,sigiara
populated place,signana
populated place,signi
populated place,silo
populated place,sina
populated place,sinalbo
populated place,sinari
populated place,sinasco
populated place,sinese
populated place,sino
populated place,sinoro
populated place,sio
populated place,siola
populated place,sma
populated place,sobuono
populated place,socorvaro
populated place,sola
populated place,solasco
populated place,soli
populated place,solino
populated place,solo
populated place,son
populated place,sonzo
populated place,sora
populated place,sostorno
populated place,sottia
populated place,spano
populated place,spennei
populated place,sperina
populated place,squale
populated place,ssa
populated place,ssei
populated place,ssella
populated place,sserano
populated place,ssetta
populated place,ssi
populated place,ssinari
populated place,ssinasco
populated place,ssinese
populated place,ssinoro
populated place,sso
populated place,ssobuono
populated place,ssolasco
populated place,ssolo
populated place,ssostorno
populated place,ssé-Bas
populated place,sta
populated place,stagna
populated place,stagnaio
populated place,stagno
populated place,stelbello
populated place,stellar
populated place,stellato
populated place,stelmagno
populated place,stento
populated place,stis
populated place,sto
populated place,storno
populated place,stri
populated place,stro
populated place,stura
populated place,suglio
populated place,sé-Bas
populated place,sóttis
populated place,tagano
populated place,tagna
populated place,tagnaio
populated place,tagno
populated place,taguzzo
populated place,taias
populated place,taineri
populated place,tallegro
populated place,tallo
populated place,talupo
populated place,tana
populated place,tani
populated place,tano
populated place,tanolungo
populated place,tara
populated place,taria
populated place,tarozzo
populated place,techiari
populated place,tedo
populated place,tefranco
populated place,tegliano
populated place,tegrandi
populated place,telatone
populated place,telbello
populated place,tellar
populated place,tellato
populated place,tello
populated place,telmagno
populated place,tenigo
populated place,tento
populated place,terbo
populated place,termais
populated place,termoia
populated place,tes
populated place,tessa
populated place,testura
populated place,tia
populated place,tiano
populated place,ticciola
populated place,tico
populated place,tieri
populated place,tigali
populated place,tigliano
populated place,tiglio
populated place,tignaga
populated place,tignano
populated place,tignasco
populated place,tignoso
populated place,tile
populated place,tima
populated place,tina
populated place,tinella
populated place,tini
populated place,tino
populated place,tinsicuro
populated place,tiolo
populated place,tipaglia
populated place,tireddu
populated place,tis
populated place,tita
populated place,toggio
populated place,togruaro
populated place,toio
populated place,tolo
populated place,tolomeo
populated place,ton
populated place,tona
populated place,tondo
populated place,tone
populated place,tonica
populated place,tonio
populated place,tonto
populated place,topalena
populated place,torio
populated place,torno
populated place,tova
populated place,tovecchio
populated place,tra
populated place,tracupa
populated place,trafitta
populated place,trasecca
populated place,trata
populated place,travino
populated place,trelcina
populated place,tri
populated place,tria
populated place,triano
populated place,trio
populated place,tro
populated place,trongoli
populated place,trove
populated place,truppa
populated place,tta
populated place,ttaias
populated place,ttani
populated place,ttaria
populated place,tte
populated place,tti
populated place,ttia
populated place,tticciola
populated place,ttiglio
populated place,ttima
populated place,ttini
populated place,ttipaglia
populated place,ttireddu
populated place,ttis
populated place,tto
populated place,ttona
populated place,ttopalena
populated place,tucci
populated place,tueri
populated place,tura
populated place,turano
populated place,tòc
populated place,t’Andrea
populated place,t’Angelo
populated place,t’Anna
populated place,t’Antonio
populated place,t’Eusanio
populated place,t’Ilario
populated place,uale
populated place,ualtieri
populated place,uarantano
populated place,uarci
populated place,uarenna
populated place,uarielli
populated place,uaro
populated place,uarone
populated place,uasanta
populated place,uassolo
populated place,ubano
populated place,ubbiano
populated place,ubbo
populated place,ubra
populated place,ucci
populated place,ucciu
populated place,uco
populated place,ucoli
populated place,uda
populated place,uecerri
populated place,ueri
populated place,uglielmo
populated place,uglio
populated place,ugna
populated place,ugneto
populated place,ugua
populated place,ugume
populated place,uil
populated place,uinetto
populated place,uisto
populated place,ulada
populated place,ulciano
populated place,ule
populated place,uliana
populated place,ulins
populated place,ulla
populated place,ullicame
populated place,ume
populated place,umendolia
populated place,umoli
populated place,una
populated place,undo
populated place,unea
populated place,ungo
populated place,uola
populated place,uono
populated place,uoti
populated place,uovo
populated place,upa
populated place,uperga
populated place,upersano
populated place,upo
populated place,uppa
populated place,uppini
populated place,upro
populated place,ura
populated place,urano
populated place,uro
populated place,uru
populated place,usachi
populated place,usanio
populated place,usano
populated place,usciano
populated place,useo
populated place,useto
populated place,usiano
populated place,usignana
populated place,usino
populated place,uso
populated place,usola
populated place,usso
populated place,ustis
populated place,usto
populated place,usuglio
populated place,uti
populated place,utino
populated place,utta
populated place,uvereto
populated place,uzaria
populated place,uzza
populated place,uzzo
populated place,vacco
populated place,vadi
populated place,vafeltria
populated place,vagna
populated place,vagnano
populated place,valier
populated place,vallo
populated place,vane
populated place,vanella
populated place,vara
populated place,varo
populated place,vasio
populated place,vatonica
populated place,vecchia
populated place,vecchio
populated place,vedasso
populated place,vedona
populated place,vedro
populated place,vegna
populated place,vella
populated place,vello
populated place,vengo
populated place,venone
populated place,verani
populated place,vere
populated place,vereto
populated place,vergnano
populated place,verigo
populated place,verino
populated place,ves
populated place,vezzola
populated place,vicino
populated place,vidate
populated place,vie
populated place,vighana
populated place,vilara
populated place,ville
populated place,vinazzo
populated place,vine
populated place,vino
populated place,viore
populated place,vito
populated place,voli
populated place,von
populated place,vorno
populated place,voschio
populated place,vunea
populated place,xeddas
populated place,yado
populated place,z-Sciaves
populated place,zada
populated place,zaghello
populated place,zago
populated place,zai
populated place,zaiolo
populated place,zallo
populated place,zan
populated place,zana
populated place,zano
populated place,zara
populated place,zaret
populated place,zarete
populated place,zaria
populated place,zia
populated place,ziada
populated place,zida
populated place,zilli
populated place,zina
populated place,zino
populated place,zio
populated place,zola
populated place,zolatico
populated place,zole
populated place,zoli
populated place,zolungo
populated place,zone
populated place,zoni
populated place,zorno
populated place,zuola
populated place,zza
populated place,zzada
populated place,zzallo
populated place,zzan
populated place,zzana
populated place,zzano
populated place,zzara
populated place,zzarete
populated place,zze
populated place,zzi
populated place,zzida
populated place,zzina
populated place,zzo
populated place,zzola
populated place,zzolatico
populated place,zzole
populated place,zzoli
populated place,zzolungo
populated place,zzone
populated place,zzorno
populated place,ácomo
populated place,ánico
populated place,árcola
populated place,èvine
populated place,é-Bas
populated place,élito
populated place,émiti
populated place,ézia
populated place,òis
populated place,órgnolo
populated place,óttis
populated place,ùccuru
populated place,ùtrio
populated place,’Albera
populated place,’Ambrogio
populated place,’Andrea
populated place,’Angelo
populated place,’Anna
populated place,’Antonio
populated place,’Entrata
populated place,’Eusanio
populated place,’Ilario
populated place,’Isarco
populated place,’Opaco
stream,'Abbaurci
stream,'Oro
stream,'Orroele
stream,'Orròele
stream,Abbadia
stream,Abbaurci
stream,Acquanite
stream,Acquavina
stream,Adige
stream,Agliena
stream,Agna
stream,Agogna
stream,Agri
stream,Aiedda
stream,Aliano
stream,Alidoni
stream,Almiddina
stream,Almone
stream,Alvo
stream,Amaseno
stream,Amondolea
stream,Anapo
stream,Ancinale
stream,Angelo
stream,Antonio
stream,Apsa
stream,Araxisi
stream,Arcione
stream,Ardo
stream,Arena
stream,Argentina
stream,Arno
stream,Arrùbia
stream,Arundilis
stream,Arzachena
stream,Arzilla
stream,Asola
stream,Assi
stream,Astrone
stream,Astura
stream,Attone
stream,Aupa
stream,Aurino
stream,Ausente
stream,Auteri
stream,Avello
stream,Aventino
stream,Barca
stream,Basento
stream,Bau
stream,Baunuxi
stream,Belbo
stream,Belice
stream,Belici
stream,Benas
stream,Besanigo
stream,Bianco
stream,Bittatis
stream,Bobolica
stream,Bogna
stream,Bogo
stream,Boite
stream,Bosso
stream,Bradano
stream,Brasco
stream,Brocco
stream,Brusa
stream,Bufalone
stream,Buonamico
stream,Bussento
stream,Buthier
stream,Buttule
stream,Bévera
stream,Bévéra
stream,Cacarello
stream,Calargius
stream,Caldo
stream,Calizzano
stream,Calvana
stream,Camedda
stream,Canales
stream,Canargia
stream,Canargios
stream,Cannobino
stream,Capechio
stream,Capitorio
stream,Capriglia
stream,Caprio
stream,Carapello
stream,Caroglio
stream,Carolano
stream,Caronia
stream,Caronte
stream,Carradori
stream,Carruggiu
stream,Carzola
stream,Casies
stream,Cassibile
stream,Catona
stream,Ceco
stream,Ceno
stream,Centa
stream,Ceraso
stream,Cervaro
stream,Cervo
stream,Cesolone
stream,Chetio
stream,Chiagio
stream,Chiese
stream,Chiona
stream,Chiágio
stream,Cigno
stream,Cinghio
stream,Cixerri
stream,Clitumno
stream,Clitunno
stream,Codina
stream,Coghinas
stream,Comidai
stream,Corace
stream,Corella
stream,Cornia
stream,Corrolai
stream,Cortilla
stream,Cosa
stream,Cottola
stream,Crannaxiu
stream,Crati
stream,Crevole
stream,Crostoio
stream,Cuilis
stream,Curti
stream,Cuséria
stream,Degano
stream,Dentolo
stream,Dese
stream,Dezzo
stream,Dittaino
stream,Drava
stream,Drave
stream,Elno
stream,Erminio
stream,Eruccu
stream,Faggeto
stream,Fantella
stream,Fazzini
stream,Feiciaio
stream,Ferrante
stream,Fersina
stream,Fersinone
stream,Fiascone
stream,Fiastra
stream,Fiastrone
stream,Figuoraba
stream,Figàssula
stream,Fioio
stream,Fiora
stream,Fiume
stream,Fiumenica
stream,Fleans
stream,Fluvione
stream,Foci
stream,Foglia
stream,Forneris
stream,Foro
stream,Fralgada
stream,Fratello
stream,Fratta
stream,Freddo
stream,Fänes
stream,Gadera
stream,Gaggera
stream,Gailitz
stream,Gala
stream,Gallo
stream,Garafo
stream,Gardena
stream,Genna
stream,Giaccuru
stream,Giavera
stream,Gierdesi
stream,Gighiurru
stream,Ginestra
stream,Giovenco
stream,Gizio
stream,Glinščica
stream,Grande
stream,Gravina
stream,Grevena
stream,Grosso
stream,Grotta
stream,Gruso
stream,Guà
stream,Iaconi
stream,Idrijca
stream,Impero
stream,Incastro
stream,Inferno
stream,Isalle
stream,Isca
stream,Isterzos
stream,Judrio
stream,Laccos
stream,Lacerno
stream,Laguzzano
stream,Lamone
stream,Landola
stream,Lavagna
stream,Lavella
stream,Ledra
stream,Lendra
stream,Leo
stream,Leogra
stream,Libbia
stream,Licenza
stream,Liscerzu
stream,Livenza
stream,Lubrica
stream,Lucula
stream,Macerone
stream,Mae
stream,Magliana
stream,Maiano
stream,Malina
stream,Malvano
stream,Mannu
stream,Marconi
stream,Marcussei
stream,Marecchia
stream,Marmo
stream,Marna
stream,Maroglio
stream,Marro
stream,Marroggia
stream,Marta
stream,Marzenego
stream,Maso
stream,Mastallon
stream,Mavone
stream,Mazaro
stream,Meduna
stream,Melacce
stream,Meleta
stream,Meletta
stream,Melezza
stream,Melito
stream,Mella
stream,Mellea
stream,Merse
stream,Mesau
stream,Meurra
stream,Mezzane
stream,Mezzano
stream,Miccino
stream,Micrino
stream,Milicia
stream,Mincio
stream,Miscano
stream,Modione
stream,Moletta
stream,Molimenta
stream,Monache
stream,Monaci
stream,Mondola
stream,Monocchia
stream,Montone
stream,Morello
stream,Mugnone
stream,Musone
stream,Mázaro
stream,Nera
stream,Nerrili
stream,Nervia
stream,Nese
stream,Nestore
stream,Niccone
stream,Nicà
stream,Nora
stream,Nuole
stream,Olisei
stream,Ollastu
stream,Olpeta
stream,Ongara
stream,Onniga
stream,Oro
stream,Orroele
stream,Orrubia
stream,Orròele
stream,Orte
stream,Orvani
stream,Osento
stream,Ottava
stream,Paglia
stream,Pagliara
stream,Palistro
stream,Palma
stream,Paranza
stream,Paule
stream,Pavone
stream,Pennino
stream,Pentecola
stream,Perdaccia
stream,Perella
stream,Peschiera
stream,Pesciola
stream,Pesipo
stream,Petrace
stream,Pettorina
stream,Piatu
stream,Pibirina
stream,Piraferta
stream,Piras
stream,Pirastru
stream,Pizzinnu
stream,Pizzuolu
stream,Platani
stream,Plátani
stream,Pollina
stream,Porcoro
stream,Portatore
stream,Posada
stream,Pramadda
stream,Pramadias
stream,Precariti
stream,Promonte
stream,Pruno
stream,Puglia
stream,Pula
stream,Quiliano
stream,Quirino
stream,Radicosa
stream,Raganello
stream,Ragonello
stream,Ranchese
stream,Rancida
stream,Rapido
stream,Rassina
stream,Rava
stream,Reale
stream,Renaro
stream,Reno
stream,Resia
stream,Retemura
stream,Riccio
stream,Rifoni
stream,Riguardo
stream,Rimbocco
stream,Rio
stream,Ripa
stream,Riparia
stream,Ripiti
stream,Ripuglie
stream,Riputine
stream,Rispescia
stream,Ritorti
stream,Ritorto
stream,Rosmarino
stream,Roya
stream,Ruzzo
stream,Saio
stream,Salcia
stream,Salito
stream,Salutio
stream,San
stream,Sangone
stream,Sansola
stream,Santa
stream,Santo
stream,Saraceno
stream,Sarca
stream,Sardulai
stream,Sarmento
stream,Sasso
stream,Sassone
stream,Sava
stream,Scabbia
stream,Scannella
stream,Secchia
stream,Secco
stream,Sele
stream,Seneta
stream,Sentino
stream,Serchio
stream,Serio
stream,Sermenza
stream,Serra
stream,Serraglio
stream,Seveso
stream,Sibari
stream,Sieve
stream,Silis
stream,Silizza
stream,Sillaro
stream,Simbrivio
stream,Sitzerri
stream,Slizza
stream,Solda
stream,Sosio
stream,Sovara
stream,Soverato
stream,Spironcia
stream,Stella
stream,Stirone
stream,Straface
stream,Stria
stream,Strona
stream,Strone
stream,Stáffora
stream,Sueddi
stream,Suergiu
stream,Sílaris
stream,Sílarus
stream,Taglio
stream,Taloro
stream,Talvera
stream,Taone
stream,Tartano
stream,Tartaro
stream,Tatarena
stream,Tavollo
stream,Tedderi
stream,Teiro
stream,Temo
stream,Tenore
stream,Termini
stream,Tesina
stream,Tessino
stream,Tevere
stream,Thuras
stream,Tiber
stream,Ticino
stream,Tignana
stream,Tilisai
stream,Timavo
stream,Tirino
stream,Topino
stream,Tora
stream,Tordino
stream,Torna
stream,Tornaresu
stream,Torre
stream,Tossilo
stream,Treppio
stream,Tribio
stream,Tricarai
stream,Triolo
stream,Trionto
stream,Troscione
stream,Turas
stream,Turbolo
stream,Tácina
stream,Tánagro
stream,Tésina
stream,Túrboli
stream,Ursa
stream,Uso
stream,Vallato
stream,Vallone
stream,Valsura
stream,Vanoi
stream,Vellora
stream,Vena
stream,Venella
stream,Verde
stream,Viaggio
stream,Vigi
stream,Vipava
stream,Vivo
stream,Volturno
stream,Vítravo
stream,Winnebach
stream,Zanca
stream,Zero
stream,Zittola
stream,Zuradas
stream,aba
stream,abbia
stream,acarello
stream,acce
stream,acchesos
stream,accia
stream,accos
stream,accuru
stream,ace
stream,aceno
stream,acerno
stream,acerone
stream,ach
stream,ache
stream,achena
stream,aci
stream,acola
stream,aconi
stream,ada
stream,adano
stream,adas
stream,adda
stream,adera
stream,adia
stream,adias
stream,adicosa
stream,adori
stream,adroxiu
stream,aface
stream,aferta
stream,afo
stream,aganello
stream,aggera
stream,aggeto
stream,aggio
stream,agio
stream,agittario
stream,aglia
stream,agliana
stream,agliara
stream,agliata
stream,aglio
stream,agna
stream,agnoletta
stream,agonello
stream,agraru
stream,agro
stream,aguzzano
stream,aiano
stream,ailitz
stream,aino
stream,aio
stream,ala
stream,alargius
stream,alcia
stream,aldo
stream,ale
stream,aler
stream,ales
stream,aletto
stream,algada
stream,alidoro
stream,alina
stream,alistro
stream,alito
stream,alizzano
stream,allato
stream,alle
stream,allecchia
stream,allepiana
stream,allesella
stream,allo
stream,allon
stream,allone
stream,alma
stream,alone
stream,aloro
stream,alsura
stream,alunga
stream,alutio
stream,alvana
stream,alvano
stream,alvera
stream,alzolas
stream,alzos
stream,amadda
stream,amadias
stream,ame
stream,amedda
stream,amento
stream,amico
stream,amone
stream,ana
stream,anales
stream,analidoro
stream,anantas
stream,anargia
stream,anargios
stream,anca
stream,anchese
stream,ancida
stream,anco
stream,ande
stream,andelazzo
stream,andola
stream,ane
stream,anelle
stream,anello
stream,anessa
stream,angone
stream,ani
stream,anigo
stream,anite
stream,anitorre
stream,annaxiu
stream,annella
stream,annobino
stream,annu
stream,ano
stream,anoi
stream,ans
stream,ansola
stream,anta
stream,antanello
stream,antas
stream,ante
stream,antella
stream,anto
stream,anza
stream,aone
stream,apechio
stream,apello
stream,apido
stream,apitorio
stream,apo
stream,apriglia
stream,aprio
stream,apruna
stream,ara
stream,araceno
stream,arafo
stream,arai
stream,aranza
stream,arapello
stream,arca
stream,arcimanca
stream,arco
stream,arconi
stream,arcussei
stream,ardena
stream,ardo
stream,ardulai
stream,arecchia
stream,arella
stream,arello
stream,arena
stream,aresu
stream,argia
stream,argios
stream,argius
stream,ari
stream,aria
stream,arigliano
stream,arino
stream,ario
stream,aris
stream,ariti
stream,armento
stream,armo
stream,arna
stream,aro
stream,aroglio
stream,arolano
stream,aronia
stream,aronte
stream,arpinella
stream,arradori
stream,arro
stream,arroggia
stream,arruggiu
stream,arta
stream,artano
stream,artaro
stream,arthélemy
stream,aru
stream,arus
stream,arzenego
stream,arzola
stream,asco
stream,ascone
stream,aseno
stream,asento
stream,asies
stream,asladas
stream,aso
stream,assibile
stream,assina
stream,asso
stream,assone
stream,assu
stream,astallon
stream,astallone
stream,astellano
stream,astellone
stream,astra
stream,astro
stream,astrone
stream,astru
stream,astu
stream,ata
stream,atani
stream,atarena
stream,atello
stream,atemarco
stream,ati
stream,atis
stream,ato
stream,atona
stream,atore
stream,atta
stream,atu
stream,aule
stream,aunuxi
stream,aurci
stream,ava
stream,avagna
stream,ave
stream,avella
stream,avera
stream,avesella
stream,avina
stream,avo
stream,avollo
stream,avone
stream,axisi
stream,axiu
stream,azaro
stream,azzini
stream,azzo
stream,bacchesos
stream,bach
stream,badia
stream,bari
stream,batemarco
stream,baurci
stream,bbadia
stream,bbaurci
stream,bbia
stream,ber
stream,bia
stream,bile
stream,bino
stream,bio
stream,birina
stream,bocco
stream,boli
stream,bolica
stream,bolo
stream,boninniga
stream,brica
stream,brivio
stream,buccia
stream,cabbia
stream,cannella
stream,cano
stream,carai
stream,carello
stream,cariti
stream,castro
stream,cce
stream,cchesos
stream,cchia
stream,ccia
stream,ccino
stream,ccio
stream,cco
stream,ccone
stream,ccos
stream,ccu
stream,ccurigas
stream,ccuru
stream,ceno
stream,cenza
stream,cerno
stream,cerone
stream,cerzu
stream,che
stream,chena
stream,chereccia
stream,chese
stream,chesos
stream,chia
stream,chiedea
stream,chiera
stream,chiglione
stream,chio
stream,cia
stream,ciaio
stream,ciarello
stream,ciatello
stream,cida
stream,cimanca
stream,cina
stream,cinale
stream,cino
stream,cio
stream,ciola
stream,cione
stream,ciurida
stream,cogrosso
stream,cola
stream,cone
stream,coni
stream,coro
stream,cos
stream,cosa
stream,cquanite
stream,cquavina
stream,crino
stream,cula
stream,curigas
stream,curu
stream,cussei
stream,d'Oro
stream,daccia
stream,dai
stream,dal
stream,daletto
stream,dano
stream,das
stream,dasladas
stream,dda
stream,dderi
stream,ddi
stream,ddina
stream,ddo
stream,dea
stream,del
stream,delazzo
stream,dell’
stream,dena
stream,dera
stream,deri
stream,desi
stream,dia
stream,dias
stream,dicosa
stream,dige
stream,dilis
stream,dina
stream,dino
stream,dione
stream,dobuccia
stream,dola
stream,dolea
stream,dolone
stream,doni
stream,dori
stream,doro
stream,dra
stream,drijca
stream,drio
stream,droxiu
stream,dualzolas
stream,dulai
stream,duna
stream,d’Aiedda
stream,d’Aliano
stream,d’Ottava
stream,eale
stream,eans
stream,ebach
stream,ecariti
stream,ecchia
stream,eccia
stream,ecco
stream,echio
stream,eco
stream,ecola
stream,edaletto
stream,edda
stream,edderi
stream,eddi
stream,eddo
stream,edea
stream,edra
stream,eduna
stream,egano
stream,eggiano
stream,ego
stream,eiciaio
stream,eiro
stream,elacce
stream,elazzo
stream,elbo
stream,ele
stream,eleta
stream,eletta
stream,elezza
stream,elice
stream,elici
stream,elito
stream,ella
stream,ellano
stream,elle
stream,ellea
stream,ello
stream,ellone
stream,ellora
stream,ell’
stream,elo
stream,elva
stream,emarco
stream,emo
stream,emura
stream,emy
stream,ena
stream,enaro
stream,enas
stream,enco
stream,endra
stream,enego
stream,enella
stream,eneta
stream,enica
stream,enna
stream,ennapruna
stream,ennino
stream,eno
stream,enore
stream,enta
stream,entaler
stream,entalzos
stream,ente
stream,entecchia
stream,entecola
stream,entina
stream,entino
stream,ento
stream,entolo
stream,enza
stream,eogra
stream,epiana
stream,eppio
stream,eprignano
stream,era
stream,eraso
stream,erassu
stream,erato
stream,erchio
stream,erdaccia
stream,erde
stream,erdesi
stream,ere
stream,ereccia
stream,erella
stream,erello
stream,ergatello
stream,ergiu
stream,eri
stream,erio
stream,eris
stream,ermenza
stream,ermini
stream,erno
stream,ero
stream,erone
stream,erra
stream,erraglio
stream,errante
stream,erri
stream,errili
stream,erse
stream,erselva
stream,ersina
stream,ersinone
stream,erta
stream,ertugio
stream,ervaro
stream,ervia
stream,ervo
stream,erzos
stream,erzu
stream,esanigo
stream,esau
stream,eschiera
stream,escia
stream,esciola
stream,ese
stream,esella
stream,esi
stream,esia
stream,esina
stream,esino
stream,esipo
stream,eso
stream,esolone
stream,esos
stream,essa
stream,essino
stream,estore
stream,estra
stream,esu
stream,eta
stream,etanessa
stream,etemura
stream,etio
stream,eto
stream,etrace
stream,etta
stream,etterello
stream,etto
stream,ettorina
stream,eurra
stream,eve
stream,evena
stream,evere
stream,eveso
stream,evole
stream,ezza
stream,ezzane
stream,ezzano
stream,ezzo
stream,face
stream,falone
stream,ferno
stream,ferta
stream,ffora
stream,foni
stream,fora
stream,gada
stream,ganello
stream,gano
stream,gara
stream,gas
stream,gatello
stream,gelo
stream,gentaler
stream,gentina
stream,gera
stream,geto
stream,ggentaler
stream,ggera
stream,ggeto
stream,ggia
stream,ggiagraru
stream,ggiano
stream,ggio
stream,ggiu
stream,ghinas
stream,ghio
stream,ghiurru
stream,gia
stream,giagraru
stream,giano
stream,ginerassu
stream,gio
stream,gios
stream,gittario
stream,giu
stream,giuera
stream,gius
stream,glia
stream,gliamento
stream,gliana
stream,gliano
stream,gliara
stream,gliata
stream,glie
stream,gliena
stream,glio
stream,glione
stream,gna
stream,gnana
stream,gnano
stream,gno
stream,gnoletta
stream,gnone
stream,goglione
stream,gogna
stream,gone
stream,gonello
stream,gra
stream,graru
stream,gri
stream,gro
stream,grosso
stream,guardo
stream,guoraba
stream,guzzano
stream,gàssula
stream,hena
stream,hentalzos
stream,hereccia
stream,hese
stream,hesos
stream,hetio
stream,hia
stream,hiagio
stream,hiedea
stream,hier
stream,hiera
stream,hiese
stream,higlione
stream,hinas
stream,hio
stream,hiona
stream,hiurru
stream,hiágio
stream,huras
stream,hélemy
stream,iaccuru
stream,iadroxiu
stream,iaggio
stream,iagio
stream,iagraru
stream,iaio
stream,iamento
stream,iana
stream,ianco
stream,ianitorre
stream,iano
stream,iara
stream,iarello
stream,ias
stream,iascone
stream,iastra
stream,iastrone
stream,iata
stream,iatello
stream,iatu
stream,iavera
stream,iavesella
stream,ibari
stream,ibbia
stream,iber
stream,ibile
stream,ibio
stream,ibirina
stream,ica
stream,icarai
stream,iccino
stream,iccio
stream,iccone
stream,ice
stream,icenza
stream,ici
stream,icia
stream,iciaio
stream,icino
stream,ico
stream,icosa
stream,icrino
stream,icà
stream,ida
stream,idai
stream,iddina
stream,ido
stream,idolone
stream,idoni
stream,idoro
stream,iedda
stream,iedea
stream,iena
stream,ier
stream,iera
stream,ierdesi
stream,ies
stream,iese
stream,ieve
stream,ifoni
stream,iga
stream,igas
stream,ige
stream,ighiurru
stream,igi
stream,iglia
stream,igliano
stream,iglione
stream,ignana
stream,ignano
stream,igno
stream,igo
stream,iguardo
stream,iguoraba
stream,igàssula
stream,ijca
stream,ile
stream,ili
stream,iliano
stream,ilicia
stream,ilis
stream,ilisai
stream,ilitz
stream,ilizza
stream,illa
stream,illaro
stream,illesino
stream,ilo
stream,imacola
stream,imanca
stream,imavo
stream,imbocco
stream,imbrivio
stream,imenta
stream,ina
stream,inale
stream,inas
stream,incio
stream,ine
stream,inella
stream,inerassu
stream,inestra
stream,inghio
stream,ini
stream,inio
stream,innebach
stream,inniga
stream,innu
stream,ino
stream,inone
stream,inščica
stream,ioio
stream,iola
stream,iolo
stream,iona
stream,ione
stream,ionto
stream,iora
stream,ios
stream,iovenco
stream,ipa
stream,iparia
stream,ipava
stream,ipiti
stream,ipo
stream,ipotame
stream,ipuglie
stream,iputine
stream,iraferta
stream,iras
stream,irastru
stream,irina
stream,irino
stream,iro
stream,ironcia
stream,irone
stream,isai
stream,iscano
stream,iscerzu
stream,isei
stream,isi
stream,ispescia
stream,istro
stream,ite
stream,iti
stream,ito
stream,itorio
stream,itorre
stream,itorti
stream,itorto
stream,ittaino
stream,ittario
stream,ittatis
stream,ittola
stream,itumno
stream,itunno
stream,itz
stream,itzerri
stream,iuera
stream,iumarella
stream,iume
stream,iumenica
stream,iurida
stream,iurru
stream,ius
stream,ivenza
stream,ivio
stream,ivo
stream,ixerri
stream,izio
stream,izza
stream,izzano
stream,izzinnu
stream,izzuolu
stream,iágio
stream,jca
stream,lacce
stream,ladas
stream,lai
stream,lano
stream,largius
stream,laris
stream,laro
stream,larus
stream,las
stream,lastu
stream,latani
stream,lato
stream,lazzo
stream,lbo
stream,lcia
stream,lda
stream,ldo
stream,ldobuccia
stream,lea
stream,leans
stream,lecchia
stream,lemy
stream,lepiana
stream,ler
stream,les
stream,lesella
stream,lesino
stream,leta
stream,letta
stream,letto
stream,lezza
stream,lgada
stream,lia
stream,liamento
stream,liana
stream,liano
stream,liara
stream,liata
stream,lica
stream,lice
stream,lici
stream,licia
stream,lidoni
stream,lidoro
stream,lie
stream,liena
stream,limacola
stream,limenta
stream,lina
stream,linščica
stream,lio
stream,lione
stream,lis
stream,lisai
stream,lisei
stream,listro
stream,lito
stream,litumno
stream,litunno
stream,litz
stream,lizza
stream,lizzano
stream,lla
stream,llano
stream,llaro
stream,llastu
stream,llato
stream,lle
stream,llea
stream,llecchia
stream,llepiana
stream,llesella
stream,llesino
stream,llina
stream,llo
stream,llon
stream,llone
stream,llora
stream,ll’
stream,lma
stream,lmiddina
stream,lmone
stream,lno
stream,lon
stream,lone
stream,longiuera
stream,lora
stream,loro
stream,lpertugio
stream,lpeta
stream,lsura
stream,lturno
stream,lunga
stream,lutio
stream,luvione
stream,lva
stream,lvana
stream,lvano
stream,lvera
stream,lvo
stream,lzolas
stream,lzos
stream,látani
stream,l’Alidoni
stream,l’Isalle
stream,l’Isca
stream,macola
stream,madda
stream,madias
stream,manca
stream,marco
stream,marella
stream,marino
stream,maseno
stream,mavo
stream,mbocco
stream,mbrivio
stream,medda
stream,menica
stream,menta
stream,mento
stream,menza
stream,mico
stream,midai
stream,middina
stream,mini
stream,minio
stream,mno
stream,mondolea
stream,mone
stream,monte
stream,mpeggiano
stream,mpero
stream,mura
stream,nache
stream,naci
stream,nagro
stream,nale
stream,nales
stream,nalidoro
stream,nalunga
stream,namico
stream,nana
stream,nano
stream,nantas
stream,napo
stream,napruna
stream,naresu
stream,nargia
stream,nargios
stream,naro
stream,nas
stream,naxiu
stream,nca
stream,ncastro
stream,nchese
stream,ncia
stream,ncida
stream,ncinale
stream,ncio
stream,nco
stream,nde
stream,ndelazzo
stream,ndilis
stream,ndola
stream,ndolea
stream,ndra
stream,nebach
stream,nego
stream,nella
stream,nelle
stream,nello
stream,nerassu
stream,neris
stream,nes
stream,nessa
stream,nestra
stream,neta
stream,nferno
stream,nga
stream,ngara
stream,ngelo
stream,nghio
stream,ngiuera
stream,ngone
stream,nia
stream,niadroxiu
stream,nica
stream,niga
stream,nigo
stream,ninniga
stream,nino
stream,nio
stream,nite
stream,nitorre
stream,nna
stream,nnapruna
stream,nnaxiu
stream,nnebach
stream,nnella
stream,nniga
stream,nnino
stream,nno
stream,nnobino
stream,nnu
stream,nobino
stream,nocchia
stream,noi
stream,noletta
stream,none
stream,nore
stream,nsola
stream,nta
stream,ntagliata
stream,ntaler
stream,ntalzos
stream,ntanantas
stream,ntanelle
stream,ntanello
stream,ntas
stream,nte
stream,ntecchia
stream,ntecola
stream,ntella
stream,nterselva
stream,ntina
stream,ntino
stream,nto
stream,ntolo
stream,ntone
stream,ntonio
stream,nt’Angelo
stream,nuxi
stream,nza
stream,nščica
stream,obino
stream,obolica
stream,obuccia
stream,occhia
stream,occo
stream,oci
stream,odina
stream,odione
stream,oele
stream,oggia
stream,oghinas
stream,oglia
stream,oglio
stream,oglione
stream,ogna
stream,ogo
stream,ogra
stream,ogrosso
stream,oio
stream,oite
stream,ola
stream,olai
stream,olano
stream,olas
stream,olda
stream,ole
stream,olea
stream,oletta
stream,oli
stream,olica
stream,olimenta
stream,ollina
stream,ollo
stream,olo
stream,olone
stream,olturno
stream,olu
stream,omidai
stream,omonte
stream,ona
stream,onache
stream,onaci
stream,onamico
stream,oncia
stream,ondola
stream,ondolea
stream,one
stream,onello
stream,ongiuera
stream,oni
stream,onia
stream,oninniga
stream,onio
stream,onocchia
stream,ontanelle
stream,onte
stream,onto
stream,ontone
stream,opino
stream,ora
stream,oraba
stream,orace
stream,orcoro
stream,ordino
stream,ore
stream,orella
stream,orello
stream,ori
stream,orina
stream,orio
stream,oripotame
stream,orna
stream,ornalunga
stream,ornaresu
stream,orneris
stream,ornia
stream,oro
stream,orre
stream,orrolai
stream,ortatore
stream,orti
stream,ortilla
stream,orto
stream,osa
stream,osada
stream,oschiedea
stream,oscione
stream,osio
stream,osmarino
stream,ossilo
stream,osso
stream,ostoio
stream,otame
stream,otta
stream,ottola
stream,ovara
stream,ovenco
stream,overato
stream,oxiu
stream,oya
stream,paria
stream,pava
stream,pechio
stream,pedaletto
stream,peggiano
stream,pello
stream,pero
stream,pertugio
stream,pescia
stream,peta
stream,piana
stream,pido
stream,pinella
stream,pino
stream,pio
stream,pironcia
stream,piti
stream,pitorio
stream,potame
stream,ppio
stream,priglia
stream,prignano
stream,prio
stream,pruna
stream,psa
stream,puglie
stream,putine
stream,quanite
stream,quavina
stream,raba
stream,race
stream,raceno
stream,radano
stream,radas
stream,radori
stream,raface
stream,raferta
stream,rafo
stream,raglio
stream,rai
stream,ralgada
stream,ramadda
stream,ramadias
stream,rande
stream,rannaxiu
stream,rante
stream,ranza
stream,rapello
stream,raru
stream,ras
stream,rasco
stream,raso
stream,rassu
stream,rastru
stream,ratello
stream,rati
stream,rato
stream,ratta
stream,rava
stream,rave
stream,ravina
stream,ravo
stream,raxisi
stream,rboli
stream,rbolo
stream,rca
stream,rchio
stream,rci
stream,rcimanca
stream,rcione
stream,rco
stream,rconi
stream,rcoro
stream,rcussei
stream,rdaccia
stream,rdasladas
stream,rde
stream,rdena
stream,rdesi
stream,rdino
stream,rdo
stream,rdulai
stream,recariti
stream,recchia
stream,reccia
stream,reddo
stream,rella
stream,rello
stream,rena
stream,reppio
stream,resu
stream,retanessa
stream,revena
stream,revole
stream,rgatello
stream,rgentina
stream,rgia
stream,rgios
stream,rgiu
stream,rgius
stream,rgoglione
stream,ria
stream,ribio
stream,rica
stream,ricarai
stream,rida
stream,ridolone
stream,rigas
stream,riglia
stream,rigliano
stream,rignano
stream,rijca
stream,rili
stream,rillesino
stream,rina
stream,rino
stream,rio
stream,riolo
stream,rionto
stream,ripotame
stream,ris
stream,riti
stream,rivio
stream,rmento
stream,rmenza
stream,rmini
stream,rminio
stream,rmo
stream,rna
stream,rnalunga
stream,rnaresu
stream,rneris
stream,rnia
stream,rno
stream,rocco
stream,roele
stream,roggia
stream,roglio
stream,rolai
stream,rolano
stream,romonte
stream,rona
stream,roncia
stream,rone
stream,ronia
stream,ronte
stream,roscione
stream,rosso
stream,rostoio
stream,rotta
stream,roxiu
stream,rpinella
stream,rra
stream,rradori
stream,rraglio
stream,rrante
stream,rre
stream,rri
stream,rrili
stream,rro
stream,rroele
stream,rroggia
stream,rrolai
stream,rru
stream,rrubia
stream,rruggiu
stream,rròele
stream,rrùbia
stream,rsa
stream,rse
stream,rselva
stream,rsina
stream,rsinone
stream,rta
stream,rtano
stream,rtaro
stream,rtatore
stream,rte
stream,rthélemy
stream,rti
stream,rtilla
stream,rto
stream,rtugio
stream,rubia
stream,ruccu
stream,ruggiu
stream,runa
stream,rundilis
stream,runo
stream,rus
stream,rusa
stream,ruso
stream,rvani
stream,rvaro
stream,rvia
stream,rvo
stream,rzachena
stream,rzenego
stream,rzilla
stream,rzola
stream,rzos
stream,rzu
stream,ròele
stream,rùbia
stream,s'Orroele
stream,s'Orròele
stream,sada
stream,sai
stream,salle
stream,sanigo
stream,sau
stream,sca
stream,scano
stream,scerzu
stream,schiedea
stream,schiera
stream,scia
stream,sciarello
stream,sciatello
stream,sciola
stream,scione
stream,sciurida
stream,sco
stream,scogrosso
stream,scone
stream,sei
stream,sella
stream,selva
stream,seno
stream,sente
stream,sento
stream,sia
stream,sibile
stream,sies
stream,silo
stream,sina
stream,sino
stream,sinone
stream,sio
stream,sipo
stream,sladas
stream,smarino
stream,sola
stream,solone
stream,sone
stream,sos
stream,spescia
stream,ssa
stream,ssei
stream,ssento
stream,ssi
stream,ssibile
stream,ssilo
stream,ssina
stream,ssino
stream,sso
stream,ssone
stream,ssu
stream,ssula
stream,stallon
stream,stallone
stream,stellano
stream,stellone
stream,sterzos
stream,stoio
stream,store
stream,stra
stream,stro
stream,strone
stream,stru
stream,stu
stream,stura
stream,sula
stream,sura
stream,séria
stream,tagliata
stream,taino
stream,taler
stream,tallon
stream,tallone
stream,talzos
stream,tame
stream,tanantas
stream,tanelle
stream,tanello
stream,tanessa
stream,tani
stream,tano
stream,tarena
stream,tario
stream,taro
stream,tas
stream,tatis
stream,tatore
stream,tava
stream,tecchia
stream,tecola
stream,tella
stream,tellano
stream,tello
stream,tellone
stream,temarco
stream,temura
stream,terello
stream,teri
stream,terselva
stream,terzos
stream,thier
stream,thélemy
stream,tilla
stream,tina
stream,tine
stream,tino
stream,tio
stream,tirone
stream,tis
stream,toio
stream,tola
stream,tolo
stream,tona
stream,tone
stream,tonio
stream,tore
stream,torina
stream,torio
stream,torre
stream,torti
stream,torto
stream,tra
stream,trace
stream,traface
stream,travo
stream,tria
stream,tridolone
stream,tro
stream,trona
stream,trone
stream,tru
stream,tta
stream,ttaino
stream,ttario
stream,ttatis
stream,ttava
stream,tterello
stream,tto
stream,ttola
stream,ttone
stream,ttorina
stream,ttule
stream,tugio
stream,tule
stream,tumno
stream,tunno
stream,tura
stream,turno
stream,tzerri
stream,táffora
stream,t’Angelo
stream,t’Antonio
stream,ualzolas
stream,uanite
stream,uardo
stream,uavina
stream,ubia
stream,ubrica
stream,uccia
stream,uccu
stream,uccurigas
stream,ucula
stream,udrio
stream,ueddi
stream,uera
stream,uergiu
stream,ufalone
stream,uggiu
stream,ugio
stream,uglia
stream,uglie
stream,ugnone
stream,uiliano
stream,uilis
stream,uirino
stream,ula
stream,ulai
stream,ule
stream,ulimacola
stream,umarella
stream,ume
stream,umenica
stream,umno
stream,una
stream,undilis
stream,unga
stream,unno
stream,uno
stream,unuxi
stream,uole
stream,uolu
stream,uonamico
stream,uoraba
stream,upa
stream,ura
stream,uradas
stream,uras
stream,urbolo
stream,urci
stream,urida
stream,urigas
stream,urino
stream,urno
stream,urra
stream,urru
stream,urti
stream,uru
stream,usa
stream,usciurida
stream,usente
stream,uso
stream,usone
stream,ussei
stream,ussento
stream,uséria
stream,uteri
stream,uthier
stream,utine
stream,utio
stream,uttule
stream,uvione
stream,uxi
stream,uzzano
stream,uzzo
stream,vagna
stream,vana
stream,vani
stream,vano
stream,vara
stream,varo
stream,vella
stream,vello
stream,vena
stream,venco
stream,ventino
stream,venza
stream,vera
stream,verato
stream,vere
stream,vesella
stream,veso
stream,via
stream,vina
stream,vio
stream,vione
stream,vole
stream,vollo
stream,vone
stream,véra
stream,xerri
stream,xisi
stream,xiu
stream,zachena
stream,zane
stream,zano
stream,zaro
stream,zenego
stream,zerri
stream,zilla
stream,zini
stream,zinnu
stream,zio
stream,zola
stream,zolas
stream,zos
stream,zuolu
stream,zza
stream,zzane
stream,zzano
stream,zzini
stream,zzinnu
stream,zzo
stream,zzuolu
stream,àssula
stream,ácina
stream,áffora
stream,ágio
stream,ánagro
stream,átani
stream,ázaro
stream,änes
stream,élemy
stream,éra
stream,éria
stream,ésina
stream,évera
stream,évéra
stream,ílaris
stream,ílarus
stream,ítravo
stream,òele
stream,ùbia
stream,úrboli
stream,čica
stream,ščica
stream,’Aiedda
stream,’Aliano
stream,’Alidoni
stream,’Angelo
stream,’Antonio
stream,’Isalle
stream,’Isca
stream,’Ottava
underwater elevation,Avolos
underwater elevation,Orio
underwater elevation,accarossa
underwater elevation,arossa
underwater elevation,carossa
underwater elevation,ccarossa
underwater elevation,d’Orio
underwater elevation,los
underwater elevation,olos
underwater elevation,ossa
underwater elevation,rio
underwater elevation,rossa
underwater elevation,ssa
underwater elevation,volos
underwater elevation,’Orio
