place_category,beginning
area,Cam
area,Camp
area,Campa
area,Campan
area,Lom
area,Lomb
area,Lomba
area,Lombar
area,Maj
area,Majo
area,Major
area,Majore
basin,Amy
basin,Amyc
basin,Amycl
basin,Amycla
basin,Arv
basin,Arvo
basin,Bre
basin,Breb
basin,Brebe
basin,Brebei
basin,Cir
basin,Cird
basin,Cirdu
basin,Com
basin,Como
basin,Dra
basin,Drag
basin,Dragg
basin,Draggi
basin,Fog
basin,Fogl
basin,Fogli
basin,Foglia
basin,Kas
basin,Kast
basin,Kaste
basin,Kastel
basin,Lan
basin,Lang
basin,Lange
basin,Langen
basin,Lar
basin,Lari
basin,Lario
basin,Lug
basin,Luga
basin,Lugan
basin,Lugano
basin,Mae
basin,Maes
basin,Maest
basin,Maestr
basin,Mag
basin,Magg
basin,Maggi
basin,Maggio
basin,Mal
basin,Mala
basin,Malam
basin,Malamo
basin,Mar
basin,Mart
basin,Marti
basin,Martig
basin,Mez
basin,Mezz
basin,Mezzo
basin,Mezzol
basin,Mis
basin,Mise
basin,Misen
basin,Miseno
basin,Muc
basin,Mucr
basin,Mucro
basin,Mucron
basin,Pad
basin,Padu
basin,Padul
basin,Paduli
basin,Sci
basin,Scil
basin,Scill
basin,Scillo
basin,Sru
basin,Srue
basin,Sruer
basin,Ver
basin,Verb
basin,Verba
basin,Verban
basin,d’E
basin,d’En
basin,d’End
basin,d’Endi
basin,d’I
basin,d’Id
basin,d’Idr
basin,d’Idro
concave shoreline,Bat
concave shoreline,Batt
concave shoreline,Batti
concave shoreline,Battis
concave shoreline,Bra
concave shoreline,Bran
concave shoreline,Brand
concave shoreline,Brandi
concave shoreline,Buf
concave shoreline,Buff
concave shoreline,Buffo
concave shoreline,Buffol
concave shoreline,Bur
concave shoreline,Burr
concave shoreline,Burro
concave shoreline,Burron
concave shoreline,Chi
concave shoreline,Chia
concave shoreline,Chiao
concave shoreline,Chiaol
concave shoreline,Fra
concave shoreline,Fran
concave shoreline,Franc
concave shoreline,France
concave shoreline,Gav
concave shoreline,Gave
concave shoreline,Gavet
concave shoreline,Gavett
concave shoreline,Ist
concave shoreline,Ista
concave shoreline,Istan
concave shoreline,Istana
concave shoreline,Lis
concave shoreline,Lisc
concave shoreline,Lisci
concave shoreline,Liscia
concave shoreline,Mar
concave shoreline,Marg
concave shoreline,Margh
concave shoreline,Marghe
concave shoreline,Ped
concave shoreline,Pedr
concave shoreline,Pedro
concave shoreline,Pedros
concave shoreline,Pic
concave shoreline,Picc
concave shoreline,Picco
concave shoreline,Piccol
concave shoreline,Por
concave shoreline,Port
concave shoreline,Porto
concave shoreline,Sal
concave shoreline,Sali
concave shoreline,Salin
concave shoreline,Saline
concave shoreline,San
concave shoreline,Sant
concave shoreline,Sant’
concave shoreline,Sant’E
concave shoreline,Sis
concave shoreline,Sisi
concave shoreline,Sisin
concave shoreline,Sisine
concave shoreline,Tri
concave shoreline,Trie
concave shoreline,Tries
concave shoreline,Triest
concave shoreline,del
concave shoreline,d’A
concave shoreline,d’Ag
concave shoreline,d’Agu
concave shoreline,d’Agum
concave shoreline,d’O
concave shoreline,d’Om
concave shoreline,d’Omb
concave shoreline,d’Ombr
concave shoreline,d’Or
concave shoreline,d’Orr
concave shoreline,d’Orri
convex shoreline,Agn
convex shoreline,Agna
convex shoreline,Agnad
convex shoreline,Agnadd
convex shoreline,Ali
convex shoreline,Alic
convex shoreline,Alice
convex shoreline,Are
convex shoreline,Aren
convex shoreline,Arena
convex shoreline,Arene
convex shoreline,Arenel
convex shoreline,Bat
convex shoreline,Batt
convex shoreline,Batti
convex shoreline,Battis
convex shoreline,Ber
convex shoreline,Bert
convex shoreline,Berta
convex shoreline,Bia
convex shoreline,Bian
convex shoreline,Bianc
convex shoreline,Bianca
convex shoreline,Bianco
convex shoreline,Boe
convex shoreline,Boeo
convex shoreline,Bra
convex shoreline,Brac
convex shoreline,Bracc
convex shoreline,Bracce
convex shoreline,Bru
convex shoreline,Bruz
convex shoreline,Bruzz
convex shoreline,Bruzza
convex shoreline,Cac
convex shoreline,Cacc
convex shoreline,Cacci
convex shoreline,Caccia
convex shoreline,Cal
convex shoreline,Cala
convex shoreline,Calav
convex shoreline,Calavi
convex shoreline,Calc
convex shoreline,Calca
convex shoreline,Calcar
convex shoreline,Cap
convex shoreline,Capa
convex shoreline,Capac
convex shoreline,Capacc
convex shoreline,Cav
convex shoreline,Cava
convex shoreline,Caval
convex shoreline,Cavall
convex shoreline,Cer
convex shoreline,Cera
convex shoreline,Ceras
convex shoreline,Ceraso
convex shoreline,Cir
convex shoreline,Circ
convex shoreline,Circe
convex shoreline,Circeo
convex shoreline,Cod
convex shoreline,Coda
convex shoreline,Col
convex shoreline,Colo
convex shoreline,Colon
convex shoreline,Colonn
convex shoreline,Cor
convex shoreline,Corb
convex shoreline,Corbo
convex shoreline,Cra
convex shoreline,Crau
convex shoreline,Craul
convex shoreline,Cug
convex shoreline,Cugn
convex shoreline,Cugno
convex shoreline,Far
convex shoreline,Fari
convex shoreline,Farig
convex shoreline,Farigl
convex shoreline,Fur
convex shoreline,Fura
convex shoreline,Furan
convex shoreline,Furana
convex shoreline,Gio
convex shoreline,Gior
convex shoreline,Giord
convex shoreline,Giorda
convex shoreline,Lan
convex shoreline,Lang
convex shoreline,Langa
convex shoreline,Langan
convex shoreline,Mai
convex shoreline,Maim
convex shoreline,Maimo
convex shoreline,Maimon
convex shoreline,Man
convex shoreline,Mana
convex shoreline,Manar
convex shoreline,Manara
convex shoreline,Mann
convex shoreline,Mannu
convex shoreline,Mar
convex shoreline,Mart
convex shoreline,Marti
convex shoreline,Martin
convex shoreline,Mat
convex shoreline,Matt
convex shoreline,Matto
convex shoreline,Matton
convex shoreline,Men
convex shoreline,Meng
convex shoreline,Menga
convex shoreline,Mis
convex shoreline,Mise
convex shoreline,Misen
convex shoreline,Miseno
convex shoreline,Mon
convex shoreline,Mont
convex shoreline,Monte
convex shoreline,Mor
convex shoreline,Mort
convex shoreline,Morto
convex shoreline,Mortol
convex shoreline,Mul
convex shoreline,Muli
convex shoreline,Mulin
convex shoreline,Mulino
convex shoreline,Nav
convex shoreline,Nave
convex shoreline,Pel
convex shoreline,Pelo
convex shoreline,Pelor
convex shoreline,Peloro
convex shoreline,Per
convex shoreline,Pero
convex shoreline,Piz
convex shoreline,Pizz
convex shoreline,Pizzo
convex shoreline,Pizzon
convex shoreline,Rat
convex shoreline,Rats
convex shoreline,Ratsi
convex shoreline,Reg
convex shoreline,Regi
convex shoreline,Regil
convex shoreline,Regili
convex shoreline,Ris
convex shoreline,Rist
convex shoreline,Risto
convex shoreline,Ristol
convex shoreline,Ron
convex shoreline,Ronc
convex shoreline,Ronco
convex shoreline,Ros
convex shoreline,Rosa
convex shoreline,Rosar
convex shoreline,Rosari
convex shoreline,Roso
convex shoreline,Rosoc
convex shoreline,Rosoco
convex shoreline,Rui
convex shoreline,Ruia
convex shoreline,Sab
convex shoreline,Sabi
convex shoreline,Sabin
convex shoreline,Sabina
convex shoreline,San
convex shoreline,Sant
convex shoreline,Sant’
convex shoreline,Sant’A
convex shoreline,Sar
convex shoreline,Sard
convex shoreline,Sarde
convex shoreline,Sardeg
convex shoreline,Sca
convex shoreline,Scal
convex shoreline,Scala
convex shoreline,Scalam
convex shoreline,Scalo
convex shoreline,Scalom
convex shoreline,Scar
convex shoreline,Scari
convex shoreline,Scario
convex shoreline,Sch
convex shoreline,Schi
convex shoreline,Schis
convex shoreline,Schisò
convex shoreline,Sgu
convex shoreline,Sgue
convex shoreline,Sguer
convex shoreline,Sgueri
convex shoreline,Soc
convex shoreline,Socc
convex shoreline,Socci
convex shoreline,Soccia
convex shoreline,Tra
convex shoreline,Trab
convex shoreline,Trabu
convex shoreline,Trabuc
convex shoreline,Ven
convex shoreline,Vent
convex shoreline,Ventr
convex shoreline,Ventro
convex shoreline,Ver
convex shoreline,Verd
convex shoreline,Verde
convex shoreline,Vet
convex shoreline,Vete
convex shoreline,Veter
convex shoreline,Vetere
convex shoreline,Vic
convex shoreline,Vico
convex shoreline,Zav
convex shoreline,Zavo
convex shoreline,Zavor
convex shoreline,Zavorr
convex shoreline,d'A
convex shoreline,d'Al
convex shoreline,d'Ali
convex shoreline,d'Alig
convex shoreline,del
convex shoreline,dell
convex shoreline,della
convex shoreline,delle
depression,Acq
depression,Acqu
depression,Acqua
depression,Acquav
depression,Alb
depression,Albr
depression,Albru
depression,Albrun
depression,Anf
depression,Anfe
depression,Anfel
depression,Anfela
depression,Bli
depression,Blin
depression,Blinn
depression,Blinne
depression,Boc
depression,Bocc
depression,Bocch
depression,Bocche
depression,Bon
depression,Bone
depression,Bonel
depression,Bonell
depression,Bre
depression,Brei
depression,Breit
depression,Breith
depression,Cam
depression,Camp
depression,Campo
depression,Campor
depression,Can
depression,Canc
depression,Canca
depression,Cancan
depression,Cant
depression,Canta
depression,Cantal
depression,Car
depression,Carn
depression,Carne
depression,Carner
depression,Cas
depression,Cast
depression,Caste
depression,Castel
depression,Cau
depression,Caud
depression,Caudi
depression,Caudin
depression,Cer
depression,Cere
depression,Cerep
depression,Cerepo
depression,Ceres
depression,Cereso
depression,Ces
depression,Cess
depression,Cessu
depression,Cessut
depression,Chi
depression,Chia
depression,Chian
depression,Chianz
depression,Chu
depression,Chum
depression,Chuma
depression,Chumap
depression,Cib
depression,Cibi
depression,Cibia
depression,Cibian
depression,Cli
depression,Clin
depression,Clina
depression,Clinac
depression,Col
depression,Col-
depression,Col-d
depression,Col-de
depression,Cru
depression,Crus
depression,Crusc
depression,Crusch
depression,Fal
depression,Fall
depression,Falla
depression,Fallas
depression,Falo
depression,Falor
depression,Falori
depression,Falz
depression,Falza
depression,Falzar
depression,Fed
depression,Fede
depression,Feder
depression,Federi
depression,Fen
depression,Fenê
depression,Fenêt
depression,Fenêtr
depression,Fon
depression,Font
depression,Fonta
depression,Fontan
depression,Fra
depression,Fran
depression,Franc
depression,Franch
depression,Fuo
depression,Fuor
depression,Fuorc
depression,Fuorcl
depression,Fur
depression,Furg
depression,Furgg
depression,Furggj
depression,Furggu
depression,Gar
depression,Garf
depression,Garfa
depression,Garfag
depression,Gia
depression,Giaf
depression,Gim
depression,Gimo
depression,Gimon
depression,Gimond
depression,Gimont
depression,Gni
depression,Gnif
depression,Gnife
depression,Gnifet
depression,Goz
depression,Gozz
depression,Gozzi
depression,Hun
depression,Hund
depression,Hunds
depression,Hundsk
depression,Inf
depression,Infe
depression,Infer
depression,Infern
depression,Isi
depression,Isil
depression,Isili
depression,Ist
depression,Isti
depression,Istid
depression,Istidd
depression,Lag
depression,Laga
depression,Lagas
depression,Lagast
depression,Lar
depression,Lare
depression,Larer
depression,Lareri
depression,Lim
depression,Limp
depression,Limpi
depression,Limpia
depression,L’A
depression,L’Ab
depression,L’Abe
depression,L’Abet
depression,Mal
depression,Mala
depression,Malab
depression,Malabe
depression,Men
depression,Mend
depression,Mende
depression,Mendel
depression,Mis
depression,Misi
depression,Misil
depression,Misilb
depression,Mur
depression,Mure
depression,Muret
depression,Murett
depression,Nie
depression,Nied
depression,Niedd
depression,Nieddu
depression,Niede
depression,Nieder
depression,Olt
depression,Oltr
depression,Oltra
depression,Ori
depression,Orie
depression,Orien
depression,Orient
depression,Osp
depression,Ospe
depression,Osped
depression,Ospeda
depression,Ost
depression,Osti
depression,Ostig
depression,Ostigl
depression,Pas
depression,Pass
depression,Passe
depression,Passei
depression,Pol
depression,Polc
depression,Polce
depression,Polcev
depression,Pon
depression,Pong
depression,Pongo
depression,Pongol
depression,Por
depression,Pord
depression,Pordo
depression,Pordoi
depression,Port
depression,Pra
depression,Pram
depression,Pramp
depression,Prampe
depression,Pus
depression,Pust
depression,Puste
depression,Puster
depression,Ras
depression,Rass
depression,Rassa
depression,Rassas
depression,Ren
depression,Rend
depression,Rende
depression,Renden
depression,Rol
depression,Roll
depression,Rolle
depression,Sal
depression,Sala
depression,Salat
depression,Salati
depression,Sali
depression,Salin
depression,Salinc
depression,Sco
depression,Scor
depression,Scorc
depression,Scorci
depression,Sel
depression,Sell
depression,Selle
depression,Seu
depression,Seul
depression,Seulo
depression,Spl
depression,Splü
depression,Splüg
depression,Splüge
depression,Sti
depression,Stil
depression,Stilf
depression,Stilfs
depression,Tau
depression,Tauf
depression,Taufe
depression,Taufer
depression,Tru
depression,Trup
depression,Trupc
depression,Trupch
depression,Tur
depression,Turc
depression,Turch
depression,Turchi
depression,Umb
depression,Umbr
depression,Umbra
depression,Umbrai
depression,Val
depression,Vald
depression,Valda
depression,Valdar
depression,Vall
depression,Ven
depression,Veno
depression,Venos
depression,Venost
depression,Vit
depression,Vitt
depression,Vitto
depression,Vitton
depression,Wol
depression,Wola
depression,Wolay
depression,Wolaye
depression,Zap
depression,Zapp
depression,Zappa
depression,Zappan
depression,Zol
depression,Zoll
depression,Zolln
depression,Zollne
depression,del
depression,dell
depression,della
depression,d’A
depression,d’Ay
depression,d’Aya
depression,d’Ayas
depression,d’E
depression,d’Et
depression,d’Eti
depression,d’Etia
elevated area,Ape
elevated area,Apen
elevated area,Apenn
elevated area,Apenni
elevated area,App
elevated area,Appe
elevated area,Appen
elevated area,Appeni
elevated area,Appenn
elevated area,Aus
elevated area,Auso
elevated area,Auson
elevated area,Ausoni
elevated area,Ber
elevated area,Beri
elevated area,Beric
elevated area,Berici
elevated area,Cal
elevated area,Cala
elevated area,Calab
elevated area,Calabr
elevated area,Car
elevated area,Carn
elevated area,Carni
elevated area,Carnia
elevated area,Con
elevated area,Conr
elevated area,Conro
elevated area,Conron
elevated area,Def
elevated area,Defe
elevated area,Defer
elevated area,Defere
elevated area,Dol
elevated area,Dolo
elevated area,Dolom
elevated area,Dolomi
elevated area,Lar
elevated area,Larg
elevated area,Larga
elevated area,Lep
elevated area,Lepi
elevated area,Lepin
elevated area,Lepini
elevated area,Mar
elevated area,Marc
elevated area,March
elevated area,Marchi
elevated area,Mon
elevated area,Mont
elevated area,Nan
elevated area,Nanì
elevated area,Nanìo
elevated area,Neb
elevated area,Nebr
elevated area,Nebro
elevated area,Nebrod
elevated area,Oet
elevated area,Oetz
elevated area,Oetzt
elevated area,Oetzth
elevated area,Pel
elevated area,Pelo
elevated area,Pelor
elevated area,Pelori
elevated area,Rha
elevated area,Rhae
elevated area,Rhaet
elevated area,Rhaeti
elevated area,Vol
elevated area,Vols
elevated area,Volsi
elevated area,Volsin
elevation,Abi
elevation,Abil
elevation,Abile
elevation,Abr
elevation,Abru
elevation,Abruz
elevation,Abruzz
elevation,Acu
elevation,Acut
elevation,Acuto
elevation,Ada
elevation,Adal
elevation,Adali
elevation,Adalic
elevation,Adam
elevation,Adame
elevation,Adamel
elevation,Agn
elevation,Agne
elevation,Agnel
elevation,Agnell
elevation,Agu
elevation,Aguz
elevation,Aguzz
elevation,Aguzzo
elevation,Alb
elevation,Albu
elevation,Albur
elevation,Alburn
elevation,Alt
elevation,Alto
elevation,Alz
elevation,Alza
elevation,Alzar
elevation,Alzarò
elevation,Amp
elevation,Ampu
elevation,Ampul
elevation,Ampull
elevation,Aqu
elevation,Aqui
elevation,Aquil
elevation,Aquilo
elevation,Arb
elevation,Arbu
elevation,Arbus
elevation,Arc
elevation,Arco
elevation,Arcon
elevation,Arconc
elevation,Arcu
elevation,Arcue
elevation,Arcuen
elevation,Arg
elevation,Arge
elevation,Argen
elevation,Argent
elevation,Arr
elevation,Arru
elevation,Arrub
elevation,Arrubi
elevation,Art
elevation,Arte
elevation,Arten
elevation,Artent
elevation,Arz
elevation,Arza
elevation,Arzan
elevation,Arzana
elevation,Asp
elevation,Aspr
elevation,Aspri
elevation,Asprin
elevation,Ave
elevation,Aven
elevation,Avent
elevation,Aventi
elevation,Bar
elevation,Barb
elevation,Barba
elevation,Barban
elevation,Bec
elevation,Becc
elevation,Becca
elevation,Beccar
elevation,Bia
elevation,Bian
elevation,Bianc
elevation,Bianca
elevation,Bid
elevation,Bidi
elevation,Bidis
elevation,Bidiso
elevation,Bil
elevation,Bila
elevation,Bilan
elevation,Bilanc
elevation,Blu
elevation,Blum
elevation,Blume
elevation,Bon
elevation,Bonn
elevation,Bonne
elevation,Bonnev
elevation,Bra
elevation,Brac
elevation,Bracc
elevation,Bracca
elevation,Bru
elevation,Brut
elevation,Brutt
elevation,Brutto
elevation,Bur
elevation,Buro
elevation,Burot
elevation,Burott
elevation,Cal
elevation,Cala
elevation,Calam
elevation,Calami
elevation,Cam
elevation,Cami
elevation,Camin
elevation,Camino
elevation,Camp
elevation,Campo
elevation,Can
elevation,Cand
elevation,Cande
elevation,Candel
elevation,Canu
elevation,Cao
elevation,Cap
elevation,Cape
elevation,Capen
elevation,Capena
elevation,Car
elevation,Cara
elevation,Caram
elevation,Caramo
elevation,Carb
elevation,Carbo
elevation,Carbon
elevation,Card
elevation,Cardo
elevation,Cardos
elevation,Carn
elevation,Carna
elevation,Carnal
elevation,Caro
elevation,Carov
elevation,Carove
elevation,Cas
elevation,Casi
elevation,Casia
elevation,Cast
elevation,Caste
elevation,Castel
elevation,Cat
elevation,Cati
elevation,Catir
elevation,Catiri
elevation,Catr
elevation,Catri
elevation,Catria
elevation,Cav
elevation,Cavo
elevation,Cel
elevation,Celi
elevation,Celio
elevation,Cep
elevation,Cepp
elevation,Ceppo
elevation,Cer
elevation,Cera
elevation,Ceras
elevation,Cerasi
elevation,Cert
elevation,Certe
elevation,Certen
elevation,Cerv
elevation,Cerva
elevation,Cervat
elevation,Cervi
elevation,Cervia
elevation,Ces
elevation,Ceso
elevation,Cesol
elevation,Cesola
elevation,Cest
elevation,Cesta
elevation,Chi
elevation,Chie
elevation,Chies
elevation,Chiesa
elevation,Cia
elevation,Ciam
elevation,Ciamp
elevation,Ciampo
elevation,Ciau
elevation,Ciaud
elevation,Ciaudi
elevation,Cic
elevation,Cicc
elevation,Cicci
elevation,Ciccia
elevation,Cil
elevation,Cilo
elevation,Cilor
elevation,Cilori
elevation,Cim
elevation,Cima
elevation,Cimad
elevation,Cimado
elevation,Cimo
elevation,Cimon
elevation,Coa
elevation,Coas
elevation,Coc
elevation,Cocu
elevation,Cocuz
elevation,Cocuzz
elevation,Col
elevation,Com
elevation,Como
elevation,Comor
elevation,Comore
elevation,Con
elevation,Conc
elevation,Conca
elevation,Concal
elevation,Cont
elevation,Contu
elevation,Cor
elevation,Cora
elevation,Coral
elevation,Corale
elevation,Corn
elevation,Corna
elevation,Cornac
elevation,Corne
elevation,Cornet
elevation,Coro
elevation,Coron
elevation,Corong
elevation,Coru
elevation,Corun
elevation,Corung
elevation,Cos
elevation,Cost
elevation,Coste
elevation,Coster
elevation,Cov
elevation,Cove
elevation,Covec
elevation,Coveca
elevation,Cre
elevation,Creg
elevation,Cregn
elevation,Cregne
elevation,Crep
elevation,Crepa
elevation,Cret
elevation,Creta
elevation,Cri
elevation,Cris
elevation,Crisp
elevation,Crispi
elevation,Crist
elevation,Crista
elevation,Cuc
elevation,Cucc
elevation,Cucco
elevation,Cuccu
elevation,Cuccur
elevation,Cul
elevation,Cull
elevation,Culla
elevation,Cullar
elevation,Cus
elevation,Cusc
elevation,Cuscu
elevation,Cuscus
elevation,Cái
elevation,Cáir
elevation,Cáira
elevation,Def
elevation,Defe
elevation,Defen
elevation,Defenz
elevation,Dei
elevation,Deir
elevation,Deira
elevation,Deiras
elevation,Dem
elevation,Dema
elevation,Deman
elevation,Demani
elevation,Demu
elevation,Demur
elevation,Demurt
elevation,Deu
elevation,Dim
elevation,Dimo
elevation,Dimon
elevation,Dre
elevation,Drei
elevation,Dreih
elevation,Dreihe
elevation,Dreis
elevation,Dreisp
elevation,Ecc
elevation,Ecca
elevation,Eccas
elevation,Eis
elevation,Eisc
elevation,Eisco
elevation,Eiscob
elevation,Ell
elevation,Ellu
elevation,Ellud
elevation,Elludu
elevation,Elm
elevation,Elmo
elevation,Elv
elevation,Elva
elevation,Ent
elevation,Entu
elevation,Eri
elevation,Eru
elevation,Erul
elevation,Erulu
elevation,Erului
elevation,Esq
elevation,Esqu
elevation,Esqui
elevation,Esquil
elevation,Fes
elevation,Fest
elevation,Festa
elevation,Fia
elevation,Fiam
elevation,Fiamm
elevation,Fiamme
elevation,Fie
elevation,Fien
elevation,Fieno
elevation,Fil
elevation,Fili
elevation,Filig
elevation,Filigu
elevation,Fio
elevation,Fion
elevation,Fionc
elevation,Fionch
elevation,Fol
elevation,Foll
elevation,Folle
elevation,Follet
elevation,For
elevation,Foro
elevation,Foroj
elevation,Foroju
elevation,Forz
elevation,Forza
elevation,Forzan
elevation,Fra
elevation,Frad
elevation,Frade
elevation,Fras
elevation,Frass
elevation,Frassi
elevation,Fro
elevation,Frop
elevation,Fropp
elevation,Froppa
elevation,Fur
elevation,Fura
elevation,Furau
elevation,Gab
elevation,Gabb
elevation,Gabbi
elevation,Gabbia
elevation,Gai
elevation,Gais
elevation,Gaisr
elevation,Gaisrü
elevation,Gal
elevation,Gall
elevation,Gallo
elevation,Gar
elevation,Gard
elevation,Gardo
elevation,Gardor
elevation,Gem
elevation,Gemi
elevation,Gemin
elevation,Gemini
elevation,Ghe
elevation,Gher
elevation,Gherr
elevation,Gherra
elevation,Gia
elevation,Gian
elevation,Giann
elevation,Gianni
elevation,Gib
elevation,Giba
elevation,Gibar
elevation,Gibaru
elevation,Gio
elevation,Giov
elevation,Giove
elevation,Giover
elevation,Gir
elevation,Gira
elevation,Girar
elevation,Girard
elevation,Gire
elevation,Girel
elevation,Girell
elevation,Gor
elevation,Gori
elevation,Goria
elevation,Gorian
elevation,Gra
elevation,Gran
elevation,Grand
elevation,Grande
elevation,Gro
elevation,Grop
elevation,Gropp
elevation,Groppo
elevation,Gua
elevation,Guai
elevation,Guaid
elevation,Guaido
elevation,Guar
elevation,Guard
elevation,Guarda
elevation,Hoc
elevation,Hoch
elevation,Hochk
elevation,Hochkr
elevation,Hochw
elevation,Hochwi
elevation,Iac
elevation,Iaco
elevation,Iacot
elevation,Iacote
elevation,Iam
elevation,Iame
elevation,Iamed
elevation,Iamedd
elevation,Iau
elevation,Iaue
elevation,Iauer
elevation,Iaz
elevation,Iazz
elevation,Iazzo
elevation,Ill
elevation,Illi
elevation,Illir
elevation,Illiri
elevation,Inn
elevation,Inne
elevation,Inner
elevation,Innerr
elevation,Iof
elevation,Ioà
elevation,Ioàn
elevation,Ioàna
elevation,Ioànaz
elevation,Kan
elevation,Kani
elevation,Kanin
elevation,Kaš
elevation,Kašt
elevation,Kašte
elevation,Kaštel
elevation,Kel
elevation,Kell
elevation,Kelle
elevation,Keller
elevation,Kär
elevation,Kärl
elevation,Kärls
elevation,Kärlss
elevation,Kön
elevation,Köni
elevation,König
elevation,Königs
elevation,Lac
elevation,Lace
elevation,Lacer
elevation,Lacero
elevation,Lach
elevation,Lache
elevation,Laches
elevation,Lad
elevation,Ladu
elevation,Las
elevation,Lasa
elevation,Lasan
elevation,Lasana
elevation,Lat
elevation,Latt
elevation,Latta
elevation,Lattar
elevation,Lev
elevation,Leva
elevation,Levan
elevation,Levann
elevation,Lie
elevation,Liet
elevation,Lieto
elevation,Lov
elevation,Love
elevation,Lovel
elevation,Lovell
elevation,Lua
elevation,Luas
elevation,Lug
elevation,Lugo
elevation,Lun
elevation,Lung
elevation,Lungo
elevation,L’A
elevation,L’Al
elevation,L’Alt
elevation,L’Alti
elevation,L’Av
elevation,L’Ave
elevation,L’Aven
elevation,Mac
elevation,Macc
elevation,Macch
elevation,Macchi
elevation,Macci
elevation,Maccio
elevation,Mad
elevation,Madd
elevation,Madda
elevation,Maddal
elevation,Mado
elevation,Madon
elevation,Madone
elevation,Mag
elevation,Magg
elevation,Maggi
elevation,Maggio
elevation,Magr
elevation,Magro
elevation,Mai
elevation,Maim
elevation,Maimo
elevation,Maimoi
elevation,Mal
elevation,Mali
elevation,Malin
elevation,Malinv
elevation,Malo
elevation,Malos
elevation,Malosu
elevation,Malp
elevation,Malpa
elevation,Malpas
elevation,Man
elevation,Mang
elevation,Manga
elevation,Mangar
elevation,Mani
elevation,Mania
elevation,Manias
elevation,Mann
elevation,Manna
elevation,Mannu
elevation,Mao
elevation,Maom
elevation,Maome
elevation,Maomet
elevation,Maor
elevation,Mar
elevation,Marc
elevation,Marco
elevation,Marcon
elevation,Marcu
elevation,Marcut
elevation,Mard
elevation,Marde
elevation,Mardel
elevation,Mare
elevation,Marg
elevation,Margi
elevation,Margin
elevation,Marm
elevation,Marma
elevation,Marmar
elevation,Marmo
elevation,Marmol
elevation,Maro
elevation,Mart
elevation,Marta
elevation,Martan
elevation,Marz
elevation,Marza
elevation,Marzan
elevation,Mas
elevation,Mase
elevation,Mased
elevation,Masedu
elevation,Mat
elevation,Mata
elevation,Matan
elevation,Matano
elevation,Matt
elevation,Matte
elevation,Matter
elevation,Mau
elevation,Maur
elevation,Mauro
elevation,Maz
elevation,Mazz
elevation,Mazzu
elevation,Mazzuc
elevation,Mel
elevation,Mela
elevation,Men
elevation,Menu
elevation,Menue
elevation,Mez
elevation,Mezz
elevation,Mezzo
elevation,Mezzod
elevation,Mil
elevation,Mill
elevation,Milli
elevation,Millif
elevation,Moi
elevation,Moia
elevation,Moiaz
elevation,Moiazz
elevation,Mom
elevation,Moma
elevation,Momaó
elevation,Momaór
elevation,Mon
elevation,Monf
elevation,Monfr
elevation,Monfre
elevation,Mont
elevation,Monta
elevation,Montag
elevation,Montan
elevation,Monte
elevation,Montea
elevation,Montet
elevation,Monti
elevation,Montil
elevation,Montio
elevation,Mor
elevation,Morr
elevation,Morra
elevation,Mou
elevation,Moun
elevation,Mount
elevation,Mur
elevation,Muro
elevation,Muron
elevation,Murone
elevation,Muros
elevation,Mus
elevation,Musi
elevation,Mut
elevation,Mutt
elevation,Mutta
elevation,Muv
elevation,Muvr
elevation,Muvro
elevation,Muvron
elevation,Més
elevation,Mésu
elevation,Mésul
elevation,Mésule
elevation,Nav
elevation,Nave
elevation,Naveg
elevation,Navegn
elevation,Neg
elevation,Negr
elevation,Negro
elevation,Ner
elevation,Nera
elevation,Nero
elevation,Nor
elevation,Nord
elevation,Norde
elevation,Norden
elevation,Noz
elevation,Noza
elevation,Nozar
elevation,Nozare
elevation,Nur
elevation,Nuri
elevation,Nurie
elevation,Nuriet
elevation,Nus
elevation,Nusc
elevation,Nusch
elevation,Nusche
elevation,Occ
elevation,Occi
elevation,Occid
elevation,Occide
elevation,Oll
elevation,Olli
elevation,Ollis
elevation,Ollisa
elevation,Omb
elevation,Ombl
elevation,Ombla
elevation,Omblad
elevation,Ome
elevation,Omen
elevation,Omene
elevation,Ori
elevation,Orie
elevation,Orien
elevation,Orient
elevation,Orm
elevation,Orme
elevation,Ormel
elevation,Ormelu
elevation,Orr
elevation,Orra
elevation,Orru
elevation,Orrud
elevation,Orrudo
elevation,Ort
elevation,Ortl
elevation,Ortle
elevation,Ortles
elevation,Orto
elevation,Ortob
elevation,Ortobe
elevation,Oru
elevation,Oruv
elevation,Oruve
elevation,Oruver
elevation,Pac
elevation,Pacc
elevation,Pacci
elevation,Paccia
elevation,Pag
elevation,Paga
elevation,Pagan
elevation,Pagane
elevation,Pal
elevation,Pali
elevation,Palin
elevation,Palinf
elevation,Palo
elevation,Palon
elevation,Pan
elevation,Panc
elevation,Panco
elevation,Pap
elevation,Papa
elevation,Papar
elevation,Papare
elevation,Par
elevation,Para
elevation,Parad
elevation,Paradi
elevation,Pare
elevation,Paren
elevation,Parent
elevation,Paret
elevation,Parete
elevation,Paro
elevation,Parou
elevation,Parous
elevation,Pas
elevation,Pasc
elevation,Pasco
elevation,Pascol
elevation,Pat
elevation,Pata
elevation,Patad
elevation,Patada
elevation,Pau
elevation,Paul
elevation,Pauli
elevation,Paulia
elevation,Pec
elevation,Peco
elevation,Pecor
elevation,Pecora
elevation,Pel
elevation,Pelo
elevation,Pelon
elevation,Pelone
elevation,Pelor
elevation,Pelori
elevation,Pelos
elevation,Peloso
elevation,Pen
elevation,Penn
elevation,Penni
elevation,Pennin
elevation,Pent
elevation,Penti
elevation,Pentim
elevation,Per
elevation,Pera
elevation,Perd
elevation,Perda
elevation,Perde
elevation,Perded
elevation,Pere
elevation,Peren
elevation,Perent
elevation,Pero
elevation,Peron
elevation,Pet
elevation,Petr
elevation,Petra
elevation,Petran
elevation,Pfa
elevation,Pfan
elevation,Pfann
elevation,Pfanns
elevation,Pia
elevation,Piat
elevation,Piatt
elevation,Piatto
elevation,Pic
elevation,Pice
elevation,Picen
elevation,Picent
elevation,Pici
elevation,Picia
elevation,Piciat
elevation,Pid
elevation,Pido
elevation,Pidoc
elevation,Pidocc
elevation,Pidr
elevation,Pidro
elevation,Pidron
elevation,Pie
elevation,Piet
elevation,Pietr
elevation,Pietra
elevation,Pil
elevation,Pila
elevation,Pin
elevation,Pine
elevation,Piner
elevation,Pinero
elevation,Pinu
elevation,Pis
elevation,Pisc
elevation,Pisci
elevation,Piscin
elevation,Pisi
elevation,Pisim
elevation,Pisimo
elevation,Pit
elevation,Pitt
elevation,Pitta
elevation,Pittad
elevation,Pittu
elevation,Pla
elevation,Plan
elevation,Planj
elevation,Planja
elevation,Plat
elevation,Plata
elevation,Platas
elevation,Plato
elevation,Platot
elevation,Poc
elevation,Poce
elevation,Pocet
elevation,Poi
elevation,Poin
elevation,Point
elevation,Pointe
elevation,Pol
elevation,Polu
elevation,Polud
elevation,Poludn
elevation,Pos
elevation,Posí
elevation,Posíl
elevation,Posíli
elevation,Pot
elevation,Pota
elevation,Potam
elevation,Potame
elevation,Poz
elevation,Pozz
elevation,Pozza
elevation,Pozzar
elevation,Pra
elevation,Prat
elevation,Prati
elevation,Pratig
elevation,Pre
elevation,Pres
elevation,Prest
elevation,Prestr
elevation,Rau
elevation,Rauc
elevation,Rauch
elevation,Rauchk
elevation,Res
elevation,Rest
elevation,Rig
elevation,Righ
elevation,Righi
elevation,Rin
elevation,Rins
elevation,Rinsa
elevation,Rinsat
elevation,Rinz
elevation,Rinza
elevation,Rinzat
elevation,Ron
elevation,Ronc
elevation,Ronco
elevation,Roncon
elevation,Ros
elevation,Ross
elevation,Rosso
elevation,Rosson
elevation,Roz
elevation,Roze
elevation,Rozes
elevation,Rozz
elevation,Rozzi
elevation,Ruj
elevation,Ruju
elevation,Rum
elevation,Ruma
elevation,Rumas
elevation,Rumasi
elevation,Run
elevation,Runi
elevation,Rus
elevation,Rusc
elevation,Rusce
elevation,Ruscel
elevation,Ruso
elevation,Rusou
elevation,Rut
elevation,Ruto
elevation,Rutor
elevation,Sal
elevation,Sale
elevation,Saler
elevation,Saleri
elevation,San
elevation,Sant
elevation,Santa
elevation,Santo
elevation,Sar
elevation,Sara
elevation,Sarai
elevation,Saraig
elevation,Sarr
elevation,Sarri
elevation,Sas
elevation,Sass
elevation,Sasso
elevation,Sau
elevation,Saut
elevation,Sautr
elevation,Sautro
elevation,Sca
elevation,Scal
elevation,Scala
elevation,Sch
elevation,Scha
elevation,Schaf
elevation,Schaf-
elevation,Sco
elevation,Scop
elevation,Scopi
elevation,Scopic
elevation,Sec
elevation,Secc
elevation,Secco
elevation,Sed
elevation,Sedd
elevation,Sedd'
elevation,Sedd'A
elevation,Sel
elevation,Sell
elevation,Sella
elevation,Ser
elevation,Serr
elevation,Serra
elevation,Serrad
elevation,Serral
elevation,Ses
elevation,Sest
elevation,Sesti
elevation,Sestie
elevation,Sig
elevation,Sign
elevation,Signa
elevation,Signad
elevation,Sir
elevation,Sira
elevation,Sirai
elevation,Sire
elevation,Siren
elevation,Sirent
elevation,Sis
elevation,Sisi
elevation,Sisid
elevation,Sisidd
elevation,Sob
elevation,Sobr
elevation,Sobre
elevation,Sobret
elevation,Sol
elevation,Sola
elevation,Solar
elevation,Solaro
elevation,Son
elevation,Sono
elevation,Sonov
elevation,Sonovi
elevation,Sor
elevation,Sora
elevation,Sorat
elevation,Soratt
elevation,Sore
elevation,Sorel
elevation,Soreli
elevation,Spa
elevation,Spad
elevation,Spadu
elevation,Spadur
elevation,Spe
elevation,Spec
elevation,Specc
elevation,Specch
elevation,Spi
elevation,Spic
elevation,Spich
elevation,Spiz
elevation,Sta
elevation,Star
elevation,Starn
elevation,Starni
elevation,Ste
elevation,Stef
elevation,Stefa
elevation,Stefan
elevation,Tad
elevation,Tadd
elevation,Taddi
elevation,Tal
elevation,Tale
elevation,Tales
elevation,Talesi
elevation,Teg
elevation,Tegl
elevation,Tegli
elevation,Teglia
elevation,Ten
elevation,Tent
elevation,Tenta
elevation,Tental
elevation,Tes
elevation,Teso
elevation,Tesor
elevation,Tesoro
elevation,Tim
elevation,Timi
elevation,Timid
elevation,Timido
elevation,Tin
elevation,Tini
elevation,Tinib
elevation,Tinibr
elevation,Tint
elevation,Tinti
elevation,Tintio
elevation,Tir
elevation,Tiri
elevation,Tiria
elevation,Tiriax
elevation,Tit
elevation,Tito
elevation,Toa
elevation,Tol
elevation,Tole
elevation,Tolen
elevation,Tolent
elevation,Tolf
elevation,Tolfa
elevation,Tolfac
elevation,Ton
elevation,Tond
elevation,Tondo
elevation,Tor
elevation,Tora
elevation,Torag
elevation,Toragg
elevation,Torar
elevation,Toraro
elevation,Torc
elevation,Torch
elevation,Torchi
elevation,Tre
elevation,Tru
elevation,Trub
elevation,Truba
elevation,Trà
elevation,Tràu
elevation,Tràun
elevation,Tràuni
elevation,Tsa
elevation,Tsan
elevation,Tsant
elevation,Tsante
elevation,Tur
elevation,Turr
elevation,Turri
elevation,Turrit
elevation,Turru
elevation,Turrun
elevation,Ucc
elevation,Ucca
elevation,Uccar
elevation,Uccari
elevation,Ucce
elevation,Uccel
elevation,Uccell
elevation,Und
elevation,Undi
elevation,Undic
elevation,Undici
elevation,Vac
elevation,Vacc
elevation,Vacca
elevation,Vaccar
elevation,Vag
elevation,Vagl
elevation,Vagli
elevation,Vaglia
elevation,Vai
elevation,Vair
elevation,Vaira
elevation,Vairan
elevation,Vas
elevation,Vaso
elevation,Vason
elevation,Vasone
elevation,Ven
elevation,Vend
elevation,Venda
elevation,Vent
elevation,Ventr
elevation,Ventri
elevation,Ver
elevation,Vern
elevation,Verna
elevation,Vernag
elevation,Vol
elevation,Vola
elevation,Volai
elevation,Volaia
elevation,Volt
elevation,Voltu
elevation,Voltur
elevation,Wei
elevation,Weis
elevation,Weiss
elevation,Weissw
elevation,Wel
elevation,Weli
elevation,Welit
elevation,Welitz
elevation,Zoc
elevation,Zocc
elevation,Zocca
elevation,Zoccan
elevation,Zol
elevation,Zoli
elevation,dei
elevation,del
elevation,dell
elevation,della
elevation,d’A
elevation,d’Af
elevation,d’Afr
elevation,d’Afri
elevation,d’Am
elevation,d’Amb
elevation,d’Ambi
elevation,d’As
elevation,d’Ast
elevation,d’Asti
elevation,d’O
elevation,d’Oi
elevation,d’Oin
elevation,l’A
elevation,l’Al
elevation,l’Ali
elevation,l’Alid
elevation,s'A
elevation,s'As
elevation,s'Asc
elevation,s'Asco
island,Alb
island,Albo
island,Albor
island,Albore
island,Ali
island,Alic
island,Alicu
island,Alicud
island,Bas
island,Basi
island,Basil
island,Basilu
island,Bud
island,Bude
island,Budel
island,Budell
island,Cap
island,Capr
island,Capra
island,Caprai
island,Col
island,Colo
island,Colom
island,Colomb
island,For
island,Form
island,Formi
island,Formic
island,Gal
island,Gall
island,Galli
island,Gallin
island,Giu
island,Giud
island,Giude
island,Giudec
island,I'I
island,I'Is
island,I'Isl
island,I'Islo
island,Isa
island,Isai
island,Lam
island,Lamp
island,Lampe
island,Lamped
island,Lin
island,Lino
island,Linos
island,Linosa
island,Mar
island,Mari
island,Maric
island,Maricc
island,Maré
island,Marét
island,Marétt
island,Pan
island,Pana
island,Panar
island,Panari
island,Paz
island,Pazz
island,Pazzi
island,Pon
island,Pont
island,Ponti
island,Pontin
island,Pov
island,Pove
island,Poveg
island,Povegl
island,Sac
island,Sacr
island,Sacra
island,San
island,Sant
island,Sant’
island,Sant’A
island,Sant’I
island,Sar
island,Sard
island,Sarde
island,Sardeg
island,Sic
island,Sici
island,Sicil
island,Sicili
island,Tav
island,Tavo
island,Tavol
island,Tavola
island,Vul
island,Vulc
island,Vulca
island,Vulcan
island,d’A
island,d’Ar
island,d’Ari
island,d’Aria
populated place,Acc
populated place,Acca
populated place,Accad
populated place,Accadi
populated place,Accu
populated place,Accum
populated place,Accumo
populated place,Ace
populated place,Acer
populated place,Acere
populated place,Aceret
populated place,Aco
populated place,Acon
populated place,Acone
populated place,Acq
populated place,Acqu
populated place,Acqua
populated place,Acquas
populated place,Ago
populated place,Agog
populated place,Agogn
populated place,Agogna
populated place,Agr
populated place,Agro
populated place,Agros
populated place,Agrosa
populated place,Ail
populated place,Ailo
populated place,Ailoc
populated place,Ailoch
populated place,Ala
populated place,Alan
populated place,Alann
populated place,Alanno
populated place,Alb
populated place,Alba
populated place,Albat
populated place,Albate
populated place,Albe
populated place,Alber
populated place,Albera
populated place,Albi
populated place,Albig
populated place,Albign
populated place,Albis
populated place,Albisa
populated place,All
populated place,Alla
populated place,Allan
populated place,Allana
populated place,Allano
populated place,Alp
populated place,Alpi
populated place,Alpin
populated place,Alpina
populated place,Amm
populated place,Ammo
populated place,Ammon
populated place,Ammoni
populated place,And
populated place,Andr
populated place,Andra
populated place,Andran
populated place,Ang
populated place,Ange
populated place,Anger
populated place,Angera
populated place,Ann
populated place,Anno
populated place,Annon
populated place,Annone
populated place,Ant
populated place,Ante
populated place,Anter
populated place,Anterm
populated place,Anti
populated place,Antig
populated place,Antign
populated place,App
populated place,Appi
populated place,Appig
populated place,Appign
populated place,Aqu
populated place,Aqua
populated place,Aquar
populated place,Aquaro
populated place,Arg
populated place,Argu
populated place,Argus
populated place,Argust
populated place,Ari
populated place,Arix
populated place,Arixi
populated place,Arm
populated place,Arme
populated place,Armen
populated place,Arment
populated place,Arn
populated place,Arna
populated place,Arnaz
populated place,Ars
populated place,Arse
populated place,Arseg
populated place,Arsego
populated place,Ate
populated place,Ates
populated place,Atess
populated place,Atessa
populated place,Aus
populated place,Aust
populated place,Austi
populated place,Austis
populated place,Azz
populated place,Azza
populated place,Azzan
populated place,Azzana
populated place,Azzi
populated place,Azzid
populated place,Azzida
populated place,Azzo
populated place,Azzon
populated place,Azzone
populated place,Bad
populated place,Bado
populated place,Badoa
populated place,Badoar
populated place,Badol
populated place,Badola
populated place,Bag
populated place,Bagn
populated place,Bagna
populated place,Bagnac
populated place,Bagnar
populated place,Bagno
populated place,Bagnor
populated place,Bal
populated place,Bala
populated place,Balan
populated place,Balant
populated place,Balo
populated place,Baloc
populated place,Balocc
populated place,Bals
populated place,Balsa
populated place,Balsam
populated place,Balz
populated place,Balzo
populated place,Bam
populated place,Bamp
populated place,Bampe
populated place,Bampen
populated place,Bar
populated place,Barb
populated place,Barba
populated place,Barbi
populated place,Barbia
populated place,Barbu
populated place,Barbug
populated place,Bare
populated place,Baret
populated place,Bareto
populated place,Barg
populated place,Barga
populated place,Bargag
populated place,Baro
populated place,Baron
populated place,Baroni
populated place,Bart
populated place,Barto
populated place,Bartol
populated place,Bas
populated place,Basc
populated place,Basch
populated place,Baschi
populated place,Basi
populated place,Basil
populated place,Basili
populated place,Bat
populated place,Batt
populated place,Batta
populated place,Battai
populated place,Batti
populated place,Battip
populated place,Bed
populated place,Bedo
populated place,Bedon
populated place,Bedoni
populated place,Ber
populated place,Berc
populated place,Berce
populated place,Bercet
populated place,Berg
populated place,Berge
populated place,Bergeg
populated place,Bern
populated place,Berni
populated place,Bers
populated place,Bersa
populated place,Bersag
populated place,Bert
populated place,Berti
populated place,Bertio
populated place,Bes
populated place,Besa
populated place,Besan
populated place,Besano
populated place,Bess
populated place,Bessé
populated place,Bessé-
populated place,Bia
populated place,Bian
populated place,Bianc
populated place,Bianch
populated place,Bie
populated place,Bies
populated place,Biest
populated place,Biestr
populated place,Bir
populated place,Biro
populated place,Bit
populated place,Bito
populated place,Biton
populated place,Bitont
populated place,Bla
populated place,Blav
populated place,Blavy
populated place,Boc
populated place,Bocc
populated place,Bocca
populated place,Boccad
populated place,Bocch
populated place,Bocchi
populated place,Bol
populated place,Bolo
populated place,Bolog
populated place,Bologn
populated place,Bolz
populated place,Bolza
populated place,Bolzan
populated place,Bon
populated place,Bona
populated place,Bonac
populated place,Bonacq
populated place,Bonaz
populated place,Bonazz
populated place,Bor
populated place,Borg
populated place,Borgo
populated place,Borgof
populated place,Bort
populated place,Borti
populated place,Bortig
populated place,Borš
populated place,Boršt
populated place,Bos
populated place,Bosc
populated place,Bosch
populated place,Bosche
populated place,Bosco
populated place,Boscol
populated place,Boss
populated place,Bosso
populated place,Bossol
populated place,Bov
populated place,Bovi
populated place,Bovin
populated place,Bovino
populated place,Bra
populated place,Brag
populated place,Bragl
populated place,Bragli
populated place,Brat
populated place,Bratt
populated place,Bratto
populated place,Brau
populated place,Braul
populated place,Brauli
populated place,Bre
populated place,Breu
populated place,Breui
populated place,Breuil
populated place,Bri
populated place,Brig
populated place,Brign
populated place,Brigna
populated place,Bro
populated place,Bros
populated place,Bross
populated place,Brosso
populated place,Bru
populated place,Bruc
populated place,Bruco
populated place,Brucol
populated place,Brug
populated place,Brugn
populated place,Brugne
populated place,Brus
populated place,Brusu
populated place,Brusug
populated place,Bul
populated place,Bull
populated place,Bulla
populated place,Bulli
populated place,Bullic
populated place,Bus
populated place,Busa
populated place,Busac
populated place,Busach
populated place,Buse
populated place,Buset
populated place,Buseto
populated place,But
populated place,Buti
populated place,Butin
populated place,Butino
populated place,Bár
populated place,Bárc
populated place,Bárco
populated place,Bárcol
populated place,Cal
populated place,Calc
populated place,Calca
populated place,Calcar
populated place,Calcat
populated place,Calci
populated place,Calcin
populated place,Cald
populated place,Caldi
populated place,Caldir
populated place,Cali
populated place,Calic
populated place,Calice
populated place,Call
populated place,Callu
populated place,Callur
populated place,Calt
populated place,Calti
populated place,Caltig
populated place,Calz
populated place,Calza
populated place,Calzai
populated place,Cam
populated place,Cama
populated place,Camai
populated place,Camair
populated place,Camp
populated place,Campa
populated place,Campag
populated place,Campo
populated place,Campor
populated place,Can
populated place,Cani
populated place,Canic
populated place,Canica
populated place,Cann
populated place,Canna
populated place,Canne
populated place,Cannel
populated place,Cano
populated place,Canon
populated place,Canoni
populated place,Cant
populated place,Canta
populated place,Cantal
populated place,Canto
populated place,Canton
populated place,Cantù
populated place,Cao
populated place,Caor
populated place,Caori
populated place,Caoria
populated place,Cap
populated place,Capa
populated place,Capac
populated place,Capacc
populated place,Capo
populated place,Capod
populated place,Capoda
populated place,Capos
populated place,Capose
populated place,Capr
populated place,Capra
populated place,Caprac
populated place,Capral
populated place,Capri
populated place,Capria
populated place,Caprig
populated place,Capro
populated place,Car
populated place,Carb
populated place,Carbo
populated place,Carbon
populated place,Card
populated place,Carde
populated place,Carden
populated place,Cari
populated place,Caris
populated place,Carisa
populated place,Carl
populated place,Carle
populated place,Carlet
populated place,Carli
populated place,Carlin
populated place,Carlo
populated place,Carlop
populated place,Carr
populated place,Carrù
populated place,Cart
populated place,Cartu
populated place,Cartur
populated place,Carv
populated place,Carva
populated place,Carvac
populated place,Cas
populated place,Casa
populated place,Casal
populated place,Casalg
populated place,Casam
populated place,Casama
populated place,Casan
populated place,Casap
populated place,Casape
populated place,Casc
populated place,Casci
populated place,Cascin
populated place,Casi
populated place,Casin
populated place,Casina
populated place,Casio
populated place,Casiol
populated place,Casm
populated place,Casma
populated place,Caso
populated place,Casol
populated place,Casoli
populated place,Cass
populated place,Casse
populated place,Casset
populated place,Cassi
populated place,Cassin
populated place,Cast
populated place,Casta
populated place,Castag
populated place,Caste
populated place,Castel
populated place,Cat
populated place,Cata
populated place,Catar
populated place,Cataro
populated place,Cav
populated place,Cava
populated place,Cavag
populated place,Cavagn
populated place,Caval
populated place,Cavali
populated place,Cavan
populated place,Cavane
populated place,Cec
populated place,Cecc
populated place,Cecch
populated place,Cecchi
populated place,Ceg
populated place,Cegg
populated place,Ceggi
populated place,Ceggia
populated place,Cel
populated place,Cele
populated place,Celen
populated place,Celent
populated place,Cell
populated place,Cella
populated place,Cellar
populated place,Cem
populated place,Ceme
populated place,Cemen
populated place,Cement
populated place,Cen
populated place,Cent
populated place,Centa
populated place,Cental
populated place,Cer
populated place,Cera
populated place,Ceras
populated place,Ceraso
populated place,Cere
populated place,Ceres
populated place,Ceret
populated place,Cereta
populated place,Cerl
populated place,Cerlo
populated place,Cerlon
populated place,Cerv
populated place,Cerva
populated place,Cervar
populated place,Ces
populated place,Cesa
populated place,Cesar
populated place,Cesare
populated place,Cesari
populated place,Cet
populated place,Cett
populated place,Cetta
populated place,Cha
populated place,Chav
populated place,Chavi
populated place,Chavil
populated place,Chi
populated place,Chia
populated place,Chial
populated place,Chiali
populated place,Chiap
populated place,Chiapu
populated place,Chias
populated place,Chiaso
populated place,Chiass
populated place,Chiasó
populated place,Chie
populated place,Chies
populated place,Chiesa
populated place,Chieu
populated place,Chieut
populated place,Chiu
populated place,Chius
populated place,Chiusa
populated place,Chiuso
populated place,Chiv
populated place,Chivo
populated place,Cic
populated place,Cicc
populated place,Cicci
populated place,Ciccia
populated place,Cici
populated place,Cicia
populated place,Cician
populated place,Cico
populated place,Cicog
populated place,Cicogn
populated place,Cin
populated place,Cinq
populated place,Cinqu
populated place,Cinque
populated place,Cio
populated place,Cioc
populated place,Ciocc
populated place,Ciocco
populated place,Cit
populated place,Citt
populated place,Citti
populated place,Cittig
populated place,Civ
populated place,Civi
populated place,Civid
populated place,Civida
populated place,Coc
populated place,Cocc
populated place,Cocco
populated place,Coccor
populated place,Col
populated place,Cold
populated place,Coldi
populated place,Coldir
populated place,Coll
populated place,Colla
populated place,Collam
populated place,Colle
populated place,Colleb
populated place,Collec
populated place,Colleg
populated place,Collen
populated place,Collep
populated place,Colli
populated place,Collim
populated place,Collin
populated place,Colo
populated place,Colon
populated place,Colonn
populated place,Color
populated place,Colorn
populated place,Colv
populated place,Colve
populated place,Colved
populated place,Com
populated place,Come
populated place,Comea
populated place,Comean
populated place,Comez
populated place,Comezz
populated place,Comp
populated place,Compi
populated place,Compio
populated place,Con
populated place,Cons
populated place,Conse
populated place,Consel
populated place,Cor
populated place,Corc
populated place,Corcr
populated place,Corcre
populated place,Cord
populated place,Cordo
populated place,Cordoy
populated place,Corg
populated place,Corgo
populated place,Cori
populated place,Corig
populated place,Corigl
populated place,Corn
populated place,Corna
populated place,Cornal
populated place,Corne
populated place,Cornel
populated place,Corr
populated place,Corra
populated place,Corrad
populated place,Corri
populated place,Corrid
populated place,Corrin
populated place,Cort
populated place,Corti
populated place,Cortig
populated place,Corv
populated place,Corva
populated place,Corvar
populated place,Cot
populated place,Cote
populated place,Cotes
populated place,Cra
populated place,Crav
populated place,Crave
populated place,Craveg
populated place,Cre
populated place,Cred
populated place,Crede
populated place,Creder
populated place,Cret
populated place,Creto
populated place,Creton
populated place,Cro
populated place,Croc
populated place,Croce
populated place,Crocef
populated place,Croci
populated place,Crocig
populated place,Cup
populated place,Cupr
populated place,Cupro
populated place,Cus
populated place,Cusc
populated place,Cusci
populated place,Cuscia
populated place,Cusi
populated place,Cusig
populated place,Cusign
populated place,Cusin
populated place,Cusino
populated place,Cór
populated place,Córg
populated place,Córgn
populated place,Córgno
populated place,Cùc
populated place,Cùcc
populated place,Cùccu
populated place,Cùccur
populated place,Dan
populated place,Dani
populated place,Danie
populated place,Daniel
populated place,Deg
populated place,Degg
populated place,Deggi
populated place,Deggia
populated place,Dil
populated place,Dili
populated place,Dilig
populated place,Dilign
populated place,Dog
populated place,Doga
populated place,Dogar
populated place,Dogaro
populated place,Dom
populated place,Dome
populated place,Domen
populated place,Domeni
populated place,Don
populated place,Donn
populated place,Donna
populated place,Donnaz
populated place,Donni
populated place,Donnin
populated place,Dor
populated place,Dorg
populated place,Dorga
populated place,Dorgal
populated place,Dos
populated place,Doss
populated place,Dosso
populated place,Dossob
populated place,Dru
populated place,Drus
populated place,Druse
populated place,Druseo
populated place,Ele
populated place,Elen
populated place,Elena
populated place,Elm
populated place,Elmo
populated place,Env
populated place,Envi
populated place,Envie
populated place,Fag
populated place,Fagg
populated place,Faggi
populated place,Faggia
populated place,Fai
populated place,Fain
populated place,Fainx
populated place,Fainxe
populated place,Fal
populated place,Falc
populated place,Falch
populated place,Falche
populated place,Falci
populated place,Falcia
populated place,Falcio
populated place,Fan
populated place,Fana
populated place,Fanan
populated place,Fanano
populated place,Far
populated place,Farf
populated place,Farfa
populated place,Farfar
populated place,Fas
populated place,Fass
populated place,Fassi
populated place,Fassin
populated place,Fer
populated place,Ferr
populated place,Ferre
populated place,Ferrer
populated place,Fic
populated place,Fica
populated place,Ficar
populated place,Ficaro
populated place,Fig
populated place,Figi
populated place,Figin
populated place,Figino
populated place,Fin
populated place,Fina
populated place,Final
populated place,Final-
populated place,Fir
populated place,Fire
populated place,Firen
populated place,Firenz
populated place,Fle
populated place,Fler
populated place,Flere
populated place,Fleres
populated place,Flo
populated place,Flor
populated place,Flore
populated place,Floren
populated place,Fol
populated place,Foll
populated place,Follo
populated place,Follon
populated place,Fon
populated place,Font
populated place,Fonte
populated place,Fontec
populated place,For
populated place,Forc
populated place,Forca
populated place,Fori
populated place,Foria
populated place,Form
populated place,Forme
populated place,Formi
populated place,Formig
populated place,Foro
populated place,Forot
populated place,Foroto
populated place,Fra
populated place,Fran
populated place,Franc
populated place,France
populated place,Frat
populated place,Frate
populated place,Fratel
populated place,Fratt
populated place,Fratti
populated place,Fre
populated place,Fren
populated place,Frena
populated place,Fro
populated place,Fron
populated place,Frond
populated place,Fronda
populated place,Fru
populated place,Frum
populated place,Frume
populated place,Frumen
populated place,Gai
populated place,Gaib
populated place,Gaiba
populated place,Gal
populated place,Gala
populated place,Galat
populated place,Galato
populated place,Galb
populated place,Galbi
populated place,Galbin
populated place,Gall
populated place,Gallo
populated place,Gallod
populated place,Galv
populated place,Galva
populated place,Galvag
populated place,Gam
populated place,Gamb
populated place,Gamba
populated place,Gambar
populated place,Gar
populated place,Garg
populated place,Garga
populated place,Gargan
populated place,Gari
populated place,Garib
populated place,Gariba
populated place,Gas
populated place,Gasp
populated place,Gaspe
populated place,Gasper
populated place,Gaz
populated place,Gazz
populated place,Gazza
populated place,Gazzad
populated place,Ged
populated place,Gedi
populated place,Gedil
populated place,Gedill
populated place,Gem
populated place,Gemi
populated place,Gemin
populated place,Gemina
populated place,Gemm
populated place,Gemma
populated place,Gemman
populated place,Gen
populated place,Gene
populated place,Genes
populated place,Genesi
populated place,Genz
populated place,Genzo
populated place,Genzon
populated place,Ger
populated place,Gera
populated place,Gerac
populated place,Gerace
populated place,Gerv
populated place,Gerva
populated place,Gervas
populated place,Gho
populated place,Ghor
populated place,Ghorl
populated place,Ghorlo
populated place,Gia
populated place,Giai
populated place,Giar
populated place,Giare
populated place,Gig
populated place,Gigl
populated place,Gigli
populated place,Gigliu
populated place,Gil
populated place,Gilb
populated place,Gilba
populated place,Gio
populated place,Gios
populated place,Giosa
populated place,Giosaf
populated place,Giov
populated place,Giovi
populated place,Giovin
populated place,Giv
populated place,Givi
populated place,Givig
populated place,Givigh
populated place,Giá
populated place,Giác
populated place,Giáco
populated place,Giácom
populated place,Gra
populated place,Grau
populated place,Grauz
populated place,Grauza
populated place,Grav
populated place,Grave
populated place,Graved
populated place,Gri
populated place,Gria
populated place,Grian
populated place,Griant
populated place,Grim
populated place,Grima
populated place,Griman
populated place,Gris
populated place,Grisi
populated place,Griz
populated place,Grizz
populated place,Grizzo
populated place,Gro
populated place,Gron
populated place,Grop
populated place,Grope
populated place,Gropel
populated place,Gropi
populated place,Gropin
populated place,Gru
populated place,Grug
populated place,Grugu
populated place,Grugua
populated place,Gua
populated place,Gual
populated place,Gualt
populated place,Gualti
populated place,Guar
populated place,Guare
populated place,Guaren
populated place,Icc
populated place,Icci
populated place,Iccia
populated place,Iccian
populated place,Ies
populated place,Iesi
populated place,Imp
populated place,Impo
populated place,Impon
populated place,Imponz
populated place,Inv
populated place,Inve
populated place,Inver
populated place,Inveri
populated place,Iog
populated place,Iogg
populated place,Ioggi
populated place,Iso
populated place,Ison
populated place,Isonz
populated place,Isonzo
populated place,Isp
populated place,Ispe
populated place,Ispen
populated place,Ispenn
populated place,Itt
populated place,Itti
populated place,Ittir
populated place,Ittire
populated place,Lam
populated place,Lamb
populated place,Lambr
populated place,Lambra
populated place,Lamé
populated place,Laméz
populated place,Lamézi
populated place,Lar
populated place,Lard
populated place,Larda
populated place,Lardar
populated place,Larde
populated place,Larder
populated place,Lari
populated place,Laria
populated place,Larian
populated place,Las
populated place,Lasc
populated place,Lasca
populated place,Lascar
populated place,Lass
populated place,Lasse
populated place,Lassei
populated place,Lat
populated place,Lati
populated place,Latia
populated place,Latian
populated place,Latig
populated place,Latign
populated place,Lav
populated place,Lave
populated place,Laven
populated place,Laveno
populated place,Laver
populated place,Laveri
populated place,Lavez
populated place,Lavezz
populated place,Laz
populated place,Laza
populated place,Lazar
populated place,Lazare
populated place,Lei
populated place,Leif
populated place,Leife
populated place,Leifer
populated place,Lem
populated place,Lemp
populated place,Lempa
populated place,Len
populated place,Leni
populated place,Lent
populated place,Lenti
populated place,Lentin
populated place,Leo
populated place,Leon
populated place,Leona
populated place,Leonar
populated place,Les
populated place,Lese
populated place,Leseg
populated place,Lesegn
populated place,Lesi
populated place,Lesin
populated place,Lesina
populated place,Let
populated place,Lett
populated place,Letto
populated place,Lettop
populated place,Lev
populated place,Leva
populated place,Levan
populated place,Levane
populated place,Levi
populated place,Levit
populated place,Levito
populated place,Lez
populated place,Lezz
populated place,Lezza
populated place,Lezzar
populated place,Lic
populated place,Licc
populated place,Licci
populated place,Liccia
populated place,Lim
populated place,Limp
populated place,Limpi
populated place,Limpid
populated place,Lin
populated place,Line
populated place,Liner
populated place,Linera
populated place,Lino
populated place,Lio
populated place,Lion
populated place,Lione
populated place,Lioni
populated place,Lip
populated place,Lipa
populated place,Lipar
populated place,Lipari
populated place,Liv
populated place,Live
populated place,Liver
populated place,Liverg
populated place,Lod
populated place,Lodi
populated place,Lodin
populated place,Lodina
populated place,Loi
populated place,Loir
populated place,Loiri
populated place,Lor
populated place,Lore
populated place,Loren
populated place,Lorenz
populated place,Lov
populated place,Love
populated place,Lover
populated place,Lovere
populated place,Lun
populated place,Luna
populated place,Lund
populated place,Lundo
populated place,Luo
populated place,Luog
populated place,Luogh
populated place,Luoghi
populated place,Lup
populated place,Lupp
populated place,Luppi
populated place,Luppin
populated place,L’A
populated place,L’Al
populated place,L’Alb
populated place,L’Albe
populated place,L’E
populated place,L’En
populated place,L’Ent
populated place,L’Entr
populated place,L’O
populated place,L’Op
populated place,L’Opa
populated place,L’Opac
populated place,Mac
populated place,Macc
populated place,Macch
populated place,Macchi
populated place,Mace
populated place,Macer
populated place,Macere
populated place,Maceri
populated place,Mad
populated place,Madd
populated place,Madda
populated place,Maddal
populated place,Mag
populated place,Magg
populated place,Maggi
populated place,Maggio
populated place,Magr
populated place,Magri
populated place,Magrè
populated place,Mai
populated place,Maia
populated place,Maiat
populated place,Maiati
populated place,Mal
populated place,Mala
populated place,Malal
populated place,Malalb
populated place,Malv
populated place,Malvi
populated place,Malvic
populated place,Malè
populated place,Mam
populated place,Mamo
populated place,Mamoj
populated place,Mamoja
populated place,Man
populated place,Mand
populated place,Manda
populated place,Mandan
populated place,Mandr
populated place,Mandri
populated place,Mant
populated place,Manto
populated place,Mantov
populated place,Manz
populated place,Manzo
populated place,Manzon
populated place,Mar
populated place,Mara
populated place,Maran
populated place,Marani
populated place,Marc
populated place,Marce
populated place,Marcel
populated place,March
populated place,Marche
populated place,Marcu
populated place,Marcub
populated place,Mare
populated place,Mares
populated place,Marg
populated place,Margh
populated place,Marghe
populated place,Mari
populated place,Marie
populated place,Marin
populated place,Marina
populated place,Marine
populated place,Mario
populated place,Marion
populated place,Mars
populated place,Marsa
populated place,Marsal
populated place,Mart
populated place,Marti
populated place,Martin
populated place,Martu
populated place,Martuc
populated place,Mas
populated place,Mass
populated place,Masse
populated place,Masser
populated place,Maz
populated place,Mazz
populated place,Mazzo
populated place,Mazzor
populated place,Med
populated place,Meda
populated place,Medau
populated place,Mel
populated place,Mele
populated place,Meleg
populated place,Melegn
populated place,Meli
populated place,Melia
populated place,Men
populated place,Mend
populated place,Mendi
populated place,Mendic
populated place,Menn
populated place,Menni
populated place,Mennit
populated place,Mer
populated place,Merc
populated place,Merca
populated place,Mercal
populated place,Mig
populated place,Migl
populated place,Migli
populated place,Miglia
populated place,Migliu
populated place,Miz
populated place,Mizz
populated place,Mizzo
populated place,Mizzol
populated place,Mod
populated place,Moda
populated place,Modan
populated place,Modane
populated place,Moe
populated place,Moer
populated place,Moern
populated place,Moerna
populated place,Mol
populated place,Mole
populated place,Molet
populated place,Moleta
populated place,Molt
populated place,Molte
populated place,Molted
populated place,Mon
populated place,Mond
populated place,Monde
populated place,Mondel
populated place,Mondr
populated place,Mondra
populated place,Monf
populated place,Monfa
populated place,Monfal
populated place,Monn
populated place,Monna
populated place,Monnac
populated place,Mont
populated place,Monta
populated place,Montag
populated place,Montal
populated place,Monte
populated place,Montec
populated place,Montef
populated place,Montel
populated place,Montep
populated place,Monter
populated place,Monti
populated place,Montie
populated place,Montig
populated place,Montit
populated place,Monto
populated place,Montog
populated place,Mor
populated place,Mora
populated place,Moran
populated place,Morano
populated place,Morc
populated place,Morch
populated place,Morchi
populated place,More
populated place,Moret
populated place,Morett
populated place,Mort
populated place,Morte
populated place,Morteg
populated place,Mud
populated place,Muda
populated place,Mus
populated place,Musa
populated place,Musan
populated place,Musano
populated place,Mél
populated place,Méli
populated place,Mélit
populated place,Mélito
populated place,Nar
populated place,Nard
populated place,Nardo
populated place,Nardoa
populated place,Nardod
populated place,Nas
populated place,Naso
populated place,Nasol
populated place,Nasoli
populated place,Nat
populated place,Nati
populated place,Natil
populated place,Natile
populated place,Naz
populated place,Naz-
populated place,Naz-S
populated place,Naz-Sc
populated place,Neg
populated place,Negi
populated place,Nez
populated place,Nezz
populated place,Nezza
populated place,Nic
populated place,Nico
populated place,Nicos
populated place,Nicosi
populated place,Nor
populated place,Nora
populated place,Norag
populated place,Noragu
populated place,Nov
populated place,Nova
populated place,Novaf
populated place,Novafe
populated place,Nove
populated place,Novel
populated place,Novell
populated place,Novi
populated place,Novil
populated place,Novila
populated place,Noà
populated place,Noàc
populated place,Nuo
populated place,Nuov
populated place,Nuovo
populated place,Oag
populated place,Oagg
populated place,Oaggi
populated place,Oaggia
populated place,Ogl
populated place,Ogli
populated place,Oglia
populated place,Oglian
populated place,Ole
populated place,Olei
populated place,Oleis
populated place,Olg
populated place,Olgi
populated place,Olgia
populated place,Oli
populated place,Olie
populated place,Olier
populated place,Oliero
populated place,Oliv
populated place,Oliva
populated place,Olivad
populated place,Olivo
populated place,Olz
populated place,Olza
populated place,Olzai
populated place,Ora
populated place,Orat
populated place,Orato
populated place,Orator
populated place,Orb
populated place,Orbe
populated place,Orbet
populated place,Orbete
populated place,Orn
populated place,Orna
populated place,Ornar
populated place,Ornaro
populated place,Orr
populated place,Orro
populated place,Orrod
populated place,Orrodo
populated place,Ort
populated place,Orta
populated place,Ortu
populated place,Ortue
populated place,Ortuer
populated place,Osi
populated place,Osil
populated place,Osilo
populated place,Ost
populated place,Oste
populated place,Ostel
populated place,Ostell
populated place,Ove
populated place,Oved
populated place,Oveda
populated place,Ovedas
populated place,Pad
populated place,Padr
populated place,Padre
populated place,Padres
populated place,Pag
populated place,Pagn
populated place,Pagno
populated place,Pagnon
populated place,Pai
populated place,Pair
populated place,Pairo
populated place,Pairol
populated place,Pal
populated place,Pala
populated place,Palaz
populated place,Palazz
populated place,Pali
populated place,Palin
populated place,Palinu
populated place,Palm
populated place,Palme
populated place,Palmen
populated place,Palu
populated place,Paluz
populated place,Paluzz
populated place,Pan
populated place,Pane
populated place,Paner
populated place,Panera
populated place,Pant
populated place,Panta
populated place,Pantan
populated place,Pao
populated place,Paol
populated place,Paolo
populated place,Par
populated place,Pard
populated place,Parde
populated place,Pardes
populated place,Pardo
populated place,Pardon
populated place,Parr
populated place,Parru
populated place,Parrut
populated place,Pas
populated place,Pasq
populated place,Pasqu
populated place,Pasqua
populated place,Pat
populated place,Patò
populated place,Patòc
populated place,Pau
populated place,Paul
populated place,Paule
populated place,Pav
populated place,Pave
populated place,Paver
populated place,Pavera
populated place,Pea
populated place,Peai
populated place,Peaio
populated place,Pec
populated place,Pecc
populated place,Pecci
populated place,Peccia
populated place,Ped
populated place,Peda
populated place,Pedag
populated place,Pedaga
populated place,Pel
populated place,Pell
populated place,Pelle
populated place,Pelleg
populated place,Pen
populated place,Peni
populated place,Penia
populated place,Per
populated place,Pera
populated place,Perag
populated place,Peragi
populated place,Perd
populated place,Perdu
populated place,Perduc
populated place,Peri
populated place,Perin
populated place,Perino
populated place,Pes
populated place,Pesa
populated place,Pesar
populated place,Pesaro
populated place,Pez
populated place,Pezz
populated place,Pezza
populated place,Pezzan
populated place,Pia
populated place,Piac
populated place,Piace
populated place,Piacen
populated place,Pian
populated place,Pianc
populated place,Pianca
populated place,Piand
populated place,Piandi
populated place,Piar
populated place,Piav
populated place,Piavo
populated place,Piavon
populated place,Pic
populated place,Pice
populated place,Picer
populated place,Picern
populated place,Pie
populated place,Pien
populated place,Pienz
populated place,Pienza
populated place,Piet
populated place,Pietr
populated place,Pietra
populated place,Pietre
populated place,Pil
populated place,Pila
populated place,Pilas
populated place,Pilast
populated place,Pilo
populated place,Piloc
populated place,Pilocc
populated place,Pio
populated place,Piob
populated place,Piobb
populated place,Piobbi
populated place,Piop
populated place,Piopp
populated place,Pioppo
populated place,Piov
populated place,Piove
populated place,Pioven
populated place,Pis
populated place,Pisc
populated place,Pisci
populated place,Piscin
populated place,Pisco
populated place,Piscop
populated place,Piz
populated place,Pizz
populated place,Pizzo
populated place,Pizzol
populated place,Pla
populated place,Plac
populated place,Placi
populated place,Placid
populated place,Poc
populated place,Pocz
populated place,Poczi
populated place,Poczil
populated place,Pog
populated place,Pogg
populated place,Poggi
populated place,Poggia
populated place,Poggir
populated place,Poggit
populated place,Pon
populated place,Ponn
populated place,Ponna
populated place,Pont
populated place,Ponte
populated place,Pontel
populated place,Pontes
populated place,Ponto
populated place,Pontol
populated place,Por
populated place,Port
populated place,Porte
populated place,Porteg
populated place,Porto
populated place,Portog
populated place,Portov
populated place,Poru
populated place,Poruc
populated place,Poruco
populated place,Pos
populated place,Post
populated place,Posta
populated place,Poz
populated place,Pozz
populated place,Pozza
populated place,Pozzal
populated place,Pozzo
populated place,Pozzol
populated place,Pra
populated place,Prad
populated place,Prada
populated place,Pradac
populated place,Pradam
populated place,Prade
populated place,Pradi
populated place,Pradib
populated place,Prag
populated place,Prage
populated place,Pragel
populated place,Pre
populated place,Preb
populated place,Prebe
populated place,Preben
populated place,Preg
populated place,Pregl
populated place,Pregli
populated place,Pres
populated place,Prest
populated place,Preste
populated place,Pri
populated place,Prio
populated place,Prior
populated place,Priore
populated place,Pro
populated place,Prod
populated place,Prodo
populated place,Prodol
populated place,Pus
populated place,Pusi
populated place,Pusia
populated place,Pusian
populated place,Qua
populated place,Quar
populated place,Quara
populated place,Quaran
populated place,Quas
populated place,Quass
populated place,Quasso
populated place,Rag
populated place,Rago
populated place,Ragon
populated place,Ragonà
populated place,Ran
populated place,Ranc
populated place,Ranch
populated place,Rap
populated place,Rape
populated place,Rapeg
populated place,Rapegn
populated place,Ras
populated place,Rasp
populated place,Raspa
populated place,Raspan
populated place,Rea
populated place,Real
populated place,Reale
populated place,Ren
populated place,Rena
populated place,Renat
populated place,Renati
populated place,Ret
populated place,Reti
populated place,Retin
populated place,Retine
populated place,Ric
populated place,Rico
populated place,Ricol
populated place,Ricole
populated place,Rig
populated place,Rigo
populated place,Rigol
populated place,Rigoli
populated place,Rim
populated place,Rime
populated place,Rimel
populated place,Rimell
populated place,Rin
populated place,Rina
populated place,Rinaz
populated place,Rinazz
populated place,Rio
populated place,Riol
populated place,Riolo
populated place,Rip
populated place,Ripe
populated place,Ris
populated place,Risa
populated place,Risan
populated place,Risano
populated place,Riv
populated place,Riva
populated place,Rivar
populated place,Rivara
populated place,Rivo
populated place,Rivos
populated place,Rivosc
populated place,Riz
populated place,Rizz
populated place,Rizza
populated place,Rizzac
populated place,Rizzo
populated place,Roc
populated place,Rocc
populated place,Rocca
populated place,Roccaf
populated place,Roi
populated place,Roia
populated place,Roian
populated place,Roiano
populated place,Rom
populated place,Roma
populated place,Roman
populated place,Romans
populated place,Rome
populated place,Romen
populated place,Romeno
populated place,Romo
populated place,Romol
populated place,Romolo
populated place,Ron
populated place,Rond
populated place,Ronde
populated place,Rondel
populated place,Ros
populated place,Rosa
populated place,Rosar
populated place,Rosara
populated place,Rosarn
populated place,Rose
populated place,Rosel
populated place,Rosell
populated place,Roso
populated place,Rosor
populated place,Rosora
populated place,Ross
populated place,Rossa
populated place,Rou
populated place,Roug
populated place,Rougn
populated place,Rougna
populated place,Rub
populated place,Ruba
populated place,Ruban
populated place,Rubano
populated place,Rubr
populated place,Rubra
populated place,Ruc
populated place,Rucc
populated place,Rucch
populated place,Rucchi
populated place,Ruo
populated place,Ruot
populated place,Ruoti
populated place,Rus
populated place,Russ
populated place,Russo
populated place,Rèv
populated place,Rèvi
populated place,Rèvin
populated place,Rèvine
populated place,Sab
populated place,Sabb
populated place,Sabba
populated place,Sag
populated place,Sagi
populated place,Sagit
populated place,Sagitt
populated place,Sal
populated place,Sale
populated place,Salež
populated place,Sali
populated place,Saliv
populated place,Salivo
populated place,Salv
populated place,Salva
populated place,Salvat
populated place,San
populated place,Sand
populated place,Sandi
populated place,Sandig
populated place,Sando
populated place,Sandon
populated place,Sanf
populated place,Sanfr
populated place,Sanfro
populated place,Sang
populated place,Sangu
populated place,Sangui
populated place,Sann
populated place,Sanni
populated place,Sannic
populated place,Sant
populated place,Santa
populated place,Sant’
populated place,Sant’A
populated place,Sant’E
populated place,Sant’I
populated place,Sao
populated place,Saon
populated place,Saone
populated place,Sar
populated place,Sard
populated place,Sarda
populated place,Sardar
populated place,Sart
populated place,Sartu
populated place,Sartur
populated place,Sas
populated place,Sass
populated place,Sasso
populated place,Sassoc
populated place,Sassos
populated place,Sav
populated place,Sava
populated place,Sca
populated place,Scal
populated place,Scale
populated place,Scaler
populated place,Scalt
populated place,Scalte
populated place,Sch
populated place,Schi
populated place,Schia
populated place,Schiav
populated place,Sco
populated place,Scog
populated place,Scogn
populated place,Scogna
populated place,Scor
populated place,Scorz
populated place,Scorzè
populated place,Sda
populated place,Sdaz
populated place,Sdazz
populated place,Sdazzi
populated place,Sec
populated place,Secc
populated place,Secca
populated place,Seg
populated place,Sega
populated place,Segat
populated place,Segg
populated place,Seggi
populated place,Seggia
populated place,Sel
populated place,Selv
populated place,Selva
populated place,Sen
populated place,Sene
populated place,Seneg
populated place,Senegh
populated place,Seni
populated place,Senin
populated place,Seq
populated place,Sequ
populated place,Sequs
populated place,Sequsi
populated place,Ser
populated place,Sere
populated place,Sereg
populated place,Seregn
populated place,Set
populated place,Sett
populated place,Setti
populated place,Settim
populated place,Sfe
populated place,Sfer
populated place,Sferr
populated place,Sferra
populated place,Sia
populated place,Siap
populated place,Siapi
populated place,Siapic
populated place,Sic
populated place,Sicu
populated place,Sicul
populated place,Siculi
populated place,Sig
populated place,Sign
populated place,Signa
populated place,Sil
populated place,Sill
populated place,Silla
populated place,Sillav
populated place,Sin
populated place,Sino
populated place,Sinop
populated place,Sinopo
populated place,Sir
populated place,Sire
populated place,Siren
populated place,Sirena
populated place,Sme
populated place,Smer
populated place,Smera
populated place,Smeral
populated place,Sol
populated place,Sola
populated place,Solan
populated place,Solano
populated place,Sole
populated place,Solet
populated place,Soleto
populated place,Sor
populated place,Sorb
populated place,Sorbo
populated place,Sorr
populated place,Sorri
populated place,Sorriv
populated place,Sov
populated place,Sovi
populated place,Sovio
populated place,Sovior
populated place,Spe
populated place,Spec
populated place,Speci
populated place,Specia
populated place,Spes
populated place,Spess
populated place,Spessa
populated place,Spi
populated place,Spia
populated place,Spian
populated place,Spiana
populated place,Spo
populated place,Spon
populated place,Spong
populated place,Sponga
populated place,Spr
populated place,Spre
populated place,Spres
populated place,Spresi
populated place,Squ
populated place,Squa
populated place,Squar
populated place,Squarc
populated place,Sta
populated place,Stai
populated place,Stain
populated place,Staine
populated place,Sto
populated place,Stor
populated place,Storn
populated place,Storna
populated place,Str
populated place,Stra
populated place,Strav
populated place,Stravi
populated place,Stri
populated place,Stria
populated place,Strian
populated place,Stro
populated place,Stron
populated place,Strong
populated place,Strov
populated place,Strove
populated place,Stru
populated place,Strup
populated place,Strupp
populated place,Sub
populated place,Subb
populated place,Subbi
populated place,Subbia
populated place,Sup
populated place,Supe
populated place,Super
populated place,Superg
populated place,Supers
populated place,Suv
populated place,Suve
populated place,Suver
populated place,Suvere
populated place,Sòi
populated place,Sòis
populated place,Sùt
populated place,Sùtr
populated place,Sùtri
populated place,Sùtrio
populated place,Tac
populated place,Tacc
populated place,Taccu
populated place,Tal
populated place,Tala
populated place,Talav
populated place,Talavo
populated place,Tat
populated place,Tatt
populated place,Tatti
populated place,Tem
populated place,Temp
populated place,Tempo
populated place,Tempon
populated place,Ten
populated place,Tenc
populated place,Tenca
populated place,Tencar
populated place,Ter
populated place,Tern
populated place,Terna
populated place,Ternat
populated place,Terr
populated place,Terra
populated place,Terras
populated place,Teu
populated place,Teul
populated place,Teula
populated place,Teulad
populated place,Tia
populated place,Tian
populated place,Tiana
populated place,Tie
populated place,Tiep
populated place,Tiepo
populated place,Tiepol
populated place,Tir
populated place,Tirl
populated place,Tirli
populated place,Tis
populated place,Tiss
populated place,Tissi
populated place,Top
populated place,Topp
populated place,Toppo
populated place,Tor
populated place,Torn
populated place,Torna
populated place,Tornat
populated place,Torno
populated place,Tornol
populated place,Torr
populated place,Torra
populated place,Torral
populated place,Torre
populated place,Torrea
populated place,Torres
populated place,Torri
populated place,Torrim
populated place,Torrin
populated place,Torrio
populated place,Tra
populated place,Trag
populated place,Traga
populated place,Trago
populated place,Tragol
populated place,Tram
populated place,Tramo
populated place,Tramon
populated place,Tras
populated place,Trasa
populated place,Trasac
populated place,Tre
populated place,Treb
populated place,Treba
populated place,Treban
populated place,Treg
populated place,Tregg
populated place,Treggi
populated place,Tret
populated place,Tri
populated place,Tric
populated place,Trice
populated place,Tricer
populated place,Tré
populated place,Trém
populated place,Trémi
populated place,Trémit
populated place,Uli
populated place,Ulig
populated place,Ulign
populated place,Uligna
populated place,Unt
populated place,Unte
populated place,Unter
populated place,Unterm
populated place,Use
populated place,Usel
populated place,Usell
populated place,Usellu
populated place,Usi
populated place,Usig
populated place,Usign
populated place,Usigni
populated place,Vad
populated place,Vada
populated place,Vag
populated place,Vago
populated place,Vai
populated place,Vaia
populated place,Vaian
populated place,Vaiano
populated place,Vail
populated place,Vaila
populated place,Vailat
populated place,Val
populated place,Valc
populated place,Valca
populated place,Valcav
populated place,Valg
populated place,Valgr
populated place,Valgri
populated place,Vall
populated place,Valle
populated place,Vallec
populated place,Vallem
populated place,Vallez
populated place,Valm
populated place,Valmo
populated place,Valmor
populated place,Valp
populated place,Valpe
populated place,Valpel
populated place,Vals
populated place,Valsi
populated place,Valsig
populated place,Valv
populated place,Valva
populated place,Van
populated place,Vanz
populated place,Vanza
populated place,Vanzag
populated place,Var
populated place,Vara
populated place,Varaz
populated place,Varazz
populated place,Vec
populated place,Vecc
populated place,Vecch
populated place,Vecchi
populated place,Vecci
populated place,Veccia
populated place,Ven
populated place,Vena
populated place,Venal
populated place,Venan
populated place,Venanz
populated place,Vene
populated place,Venez
populated place,Venezi
populated place,Ver
populated place,Vere
populated place,Verez
populated place,Verezz
populated place,Verg
populated place,Vergi
populated place,Vergia
populated place,Vern
populated place,Verna
populated place,Vernaz
populated place,Verni
populated place,Vernio
populated place,Vero
populated place,Veron
populated place,Verone
populated place,Verz
populated place,Verzi
populated place,Verzin
populated place,Verzio
populated place,Vez
populated place,Vezz
populated place,Vezza
populated place,Vezzan
populated place,Vic
populated place,Vica
populated place,Vical
populated place,Vicalv
populated place,Vig
populated place,Vigo
populated place,Vigon
populated place,Vigone
populated place,Vil
populated place,Vill
populated place,Villa
populated place,Villac
populated place,Villad
populated place,Villal
populated place,Villar
populated place,Ville
populated place,Villet
populated place,Vilp
populated place,Vilpi
populated place,Vilpia
populated place,Vin
populated place,Vind
populated place,Vindo
populated place,Vindol
populated place,Ving
populated place,Vinga
populated place,Vis
populated place,Visa
populated place,Visan
populated place,Visant
populated place,Vit
populated place,Vite
populated place,Viter
populated place,Viterb
populated place,Viti
populated place,Vitig
populated place,Vitigl
populated place,Vito
populated place,Vitoi
populated place,Vitoio
populated place,Viz
populated place,Vizz
populated place,Vizza
populated place,Vizzar
populated place,Vod
populated place,Vodi
populated place,Vodic
populated place,Vodice
populated place,Vol
populated place,Volp
populated place,Volpi
populated place,Volpia
populated place,Volpin
populated place,Zaf
populated place,Zaff
populated place,Zaffa
populated place,Zaffar
populated place,Zan
populated place,Zand
populated place,Zando
populated place,Zandob
populated place,Zane
populated place,Zanen
populated place,Zaneng
populated place,Zanet
populated place,Zanett
populated place,Zanè
populated place,Zen
populated place,Zens
populated place,Zenso
populated place,Zenson
populated place,Zep
populated place,Zepp
populated place,Zeppa
populated place,Zeppar
populated place,Zoc
populated place,Zocc
populated place,Zocch
populated place,Zocchi
populated place,Zol
populated place,Zoll
populated place,Zolli
populated place,Zollin
populated place,all
populated place,all’
populated place,all’I
populated place,all’Is
populated place,s'A
populated place,s'Ar
populated place,s'Arz
populated place,s'Arzi
populated place,s'I
populated place,s'Is
populated place,s'Isc
populated place,s'Isca
stream,Aba
stream,Abat
stream,Abate
stream,Abatem
stream,Abb
stream,Abba
stream,Abbac
stream,Abbacc
stream,Abbad
stream,Abbadi
stream,Acq
stream,Acqu
stream,Acqua
stream,Acquan
stream,Acquav
stream,Adi
stream,Adig
stream,Adige
stream,Agl
stream,Agli
stream,Aglie
stream,Aglien
stream,Agn
stream,Agna
stream,Ago
stream,Agog
stream,Agogn
stream,Agogna
stream,Agr
stream,Agri
stream,Alm
stream,Almi
stream,Almid
stream,Almidd
stream,Almo
stream,Almon
stream,Almone
stream,Alv
stream,Alvo
stream,Ama
stream,Amas
stream,Amase
stream,Amasen
stream,Amo
stream,Amon
stream,Amond
stream,Amondo
stream,Ana
stream,Anap
stream,Anapo
stream,Anc
stream,Anci
stream,Ancin
stream,Ancina
stream,Aps
stream,Apsa
stream,Ara
stream,Arax
stream,Araxi
stream,Araxis
stream,Arc
stream,Arci
stream,Arcio
stream,Arcion
stream,Ard
stream,Ardo
stream,Are
stream,Aren
stream,Arena
stream,Arg
stream,Arge
stream,Argen
stream,Argent
stream,Argh
stream,Arghe
stream,Arghen
stream,Arn
stream,Arno
stream,Arr
stream,Arrù
stream,Arrùb
stream,Arrùbi
stream,Aru
stream,Arun
stream,Arund
stream,Arundi
stream,Arz
stream,Arzi
stream,Arzil
stream,Arzill
stream,Aso
stream,Asol
stream,Asola
stream,Ass
stream,Assi
stream,Ast
stream,Astr
stream,Astro
stream,Astron
stream,Astu
stream,Astur
stream,Astura
stream,Att
stream,Atto
stream,Atton
stream,Attone
stream,Aup
stream,Aupa
stream,Aur
stream,Auri
stream,Aurin
stream,Aurino
stream,Aus
stream,Ause
stream,Ausen
stream,Ausent
stream,Aut
stream,Aute
stream,Auter
stream,Auteri
stream,Ave
stream,Avel
stream,Avell
stream,Avello
stream,Aven
stream,Avent
stream,Aventi
stream,Bac
stream,Bacc
stream,Bacch
stream,Bacchi
stream,Bad
stream,Badu
stream,Badua
stream,Badual
stream,Bar
stream,Barc
stream,Barca
stream,Bas
stream,Base
stream,Basen
stream,Basent
stream,Bau
stream,Baun
stream,Baunu
stream,Baunux
stream,Bel
stream,Belb
stream,Belbo
stream,Beli
stream,Belic
stream,Belice
stream,Belici
stream,Ben
stream,Bena
stream,Benas
stream,Bes
stream,Besa
stream,Besan
stream,Besani
stream,Bia
stream,Bian
stream,Bianc
stream,Bianco
stream,Bit
stream,Bitt
stream,Bitta
stream,Bittat
stream,Bob
stream,Bobo
stream,Bobol
stream,Boboli
stream,Bog
stream,Bogn
stream,Bogna
stream,Bogo
stream,Boi
stream,Boit
stream,Boite
stream,Bos
stream,Boss
stream,Bosso
stream,Bra
stream,Brad
stream,Brada
stream,Bradan
stream,Bras
stream,Brasc
stream,Brasco
stream,Bro
stream,Broc
stream,Brocc
stream,Brocco
stream,Bru
stream,Brus
stream,Brusa
stream,Buf
stream,Bufa
stream,Bufal
stream,Bufalo
stream,Bul
stream,Buli
stream,Bulim
stream,Bulima
stream,Buo
stream,Buon
stream,Buona
stream,Buonam
stream,Bus
stream,Buss
stream,Busse
stream,Bussen
stream,But
stream,Buth
stream,Buthi
stream,Buthie
stream,Butt
stream,Buttu
stream,Buttul
stream,Bév
stream,Béve
stream,Béver
stream,Bévera
stream,Bévé
stream,Bévér
stream,Bévéra
stream,Cac
stream,Caca
stream,Cacar
stream,Cacare
stream,Cag
stream,Cagn
stream,Cagno
stream,Cagnol
stream,Cal
stream,Cala
stream,Calar
stream,Calarg
stream,Cald
stream,Caldo
stream,Cali
stream,Caliz
stream,Calizz
stream,Calv
stream,Calva
stream,Calvan
stream,Cam
stream,Came
stream,Camed
stream,Camedd
stream,Can
stream,Cana
stream,Canal
stream,Canale
stream,Canali
stream,Canar
stream,Canarg
stream,Cand
stream,Cande
stream,Candel
stream,Cann
stream,Canno
stream,Cannob
stream,Cap
stream,Cape
stream,Capec
stream,Capech
stream,Capi
stream,Capit
stream,Capito
stream,Capr
stream,Capri
stream,Caprig
stream,Caprio
stream,Car
stream,Cara
stream,Carap
stream,Carape
stream,Caro
stream,Carog
stream,Carogl
stream,Carol
stream,Carola
stream,Caron
stream,Caroni
stream,Caront
stream,Carp
stream,Carpi
stream,Carpin
stream,Carr
stream,Carra
stream,Carrad
stream,Carru
stream,Carrug
stream,Carz
stream,Carzo
stream,Carzol
stream,Cas
stream,Casi
stream,Casie
stream,Casies
stream,Cass
stream,Cassi
stream,Cassib
stream,Cast
stream,Caste
stream,Castel
stream,Cat
stream,Cato
stream,Caton
stream,Catona
stream,Cec
stream,Ceco
stream,Cen
stream,Ceno
stream,Cent
stream,Centa
stream,Cer
stream,Cera
stream,Ceras
stream,Ceraso
stream,Cerv
stream,Cerva
stream,Cervar
stream,Cervo
stream,Ces
stream,Ceso
stream,Cesol
stream,Cesolo
stream,Che
stream,Chet
stream,Cheti
stream,Chetio
stream,Chi
stream,Chia
stream,Chiag
stream,Chiagi
stream,Chie
stream,Chies
stream,Chiese
stream,Chio
stream,Chion
stream,Chiona
stream,Chiá
stream,Chiág
stream,Chiági
stream,Cig
stream,Cign
stream,Cigno
stream,Cin
stream,Cing
stream,Cingh
stream,Cinghi
stream,Cix
stream,Cixe
stream,Cixer
stream,Cixerr
stream,Cli
stream,Clit
stream,Clitu
stream,Clitum
stream,Clitun
stream,Cod
stream,Codi
stream,Codin
stream,Codina
stream,Cog
stream,Cogh
stream,Coghi
stream,Coghin
stream,Col
stream,Colo
stream,Colon
stream,Colong
stream,Com
stream,Comi
stream,Comid
stream,Comida
stream,Cor
stream,Cora
stream,Corac
stream,Corace
stream,Core
stream,Corel
stream,Corell
stream,Corn
stream,Corni
stream,Cornia
stream,Corr
stream,Corro
stream,Corrol
stream,Cort
stream,Corti
stream,Cortil
stream,Cos
stream,Cosa
stream,Cot
stream,Cott
stream,Cotto
stream,Cottol
stream,Cra
stream,Cran
stream,Crann
stream,Cranna
stream,Crat
stream,Crati
stream,Cre
stream,Crev
stream,Crevo
stream,Crevol
stream,Cro
stream,Cros
stream,Crost
stream,Crosto
stream,Cru
stream,Cruc
stream,Crucc
stream,Cruccu
stream,Cui
stream,Cuil
stream,Cuili
stream,Cuilis
stream,Cur
stream,Curt
stream,Curti
stream,Cus
stream,Cusé
stream,Cusér
stream,Cuséri
stream,Deg
stream,Dega
stream,Degan
stream,Degano
stream,Den
stream,Dent
stream,Dento
stream,Dentol
stream,Des
stream,Dese
stream,Dez
stream,Dezz
stream,Dezzo
stream,Dit
stream,Ditt
stream,Ditta
stream,Dittai
stream,Dra
stream,Drav
stream,Drava
stream,Drave
stream,Egg
stream,Egge
stream,Eggen
stream,Eggent
stream,Eln
stream,Elno
stream,Erm
stream,Ermi
stream,Ermin
stream,Ermini
stream,Eru
stream,Eruc
stream,Erucc
stream,Eruccu
stream,Fag
stream,Fagg
stream,Fagge
stream,Fagget
stream,Fan
stream,Fant
stream,Fante
stream,Fantel
stream,Faz
stream,Fazz
stream,Fazzi
stream,Fazzin
stream,Fei
stream,Feic
stream,Feici
stream,Feicia
stream,Fer
stream,Ferr
stream,Ferra
stream,Ferran
stream,Fers
stream,Fersi
stream,Fersin
stream,Fia
stream,Fias
stream,Fiasc
stream,Fiasco
stream,Fiast
stream,Fiastr
stream,Fig
stream,Figu
stream,Figuo
stream,Figuor
stream,Figà
stream,Figàs
stream,Figàss
stream,Fio
stream,Fioi
stream,Fioio
stream,Fior
stream,Fiora
stream,Fiu
stream,Fium
stream,Fiuma
stream,Fiumar
stream,Fiume
stream,Fiumen
stream,Fle
stream,Flea
stream,Flean
stream,Fleans
stream,Flo
stream,Flor
stream,Flori
stream,Florip
stream,Flu
stream,Fluv
stream,Fluvi
stream,Fluvio
stream,Foc
stream,Foci
stream,Fog
stream,Fogl
stream,Fogli
stream,Foglia
stream,Fon
stream,Font
stream,Fonta
stream,Fontan
stream,For
stream,Forn
stream,Forne
stream,Forner
stream,Foro
stream,Fra
stream,Fral
stream,Fralg
stream,Fralga
stream,Frat
stream,Frate
stream,Fratel
stream,Fratt
stream,Fratta
stream,Fre
stream,Fred
stream,Fredd
stream,Freddo
stream,Fun
stream,Funt
stream,Funta
stream,Funtan
stream,Fän
stream,Fäne
stream,Fänes
stream,Gad
stream,Gade
stream,Gader
stream,Gadera
stream,Gag
stream,Gagg
stream,Gagge
stream,Gagger
stream,Gai
stream,Gail
stream,Gaili
stream,Gailit
stream,Gal
stream,Gala
stream,Gall
stream,Gallo
stream,Gar
stream,Gara
stream,Garaf
stream,Garafo
stream,Gard
stream,Garde
stream,Garden
stream,Gari
stream,Garig
stream,Garigl
stream,Gen
stream,Genn
stream,Genna
stream,Gennap
stream,Ghe
stream,Ghet
stream,Ghett
stream,Ghette
stream,Gia
stream,Giac
stream,Giacc
stream,Giaccu
stream,Giav
stream,Giave
stream,Giaver
stream,Gie
stream,Gier
stream,Gierd
stream,Gierde
stream,Gig
stream,Gigh
stream,Gighi
stream,Gighiu
stream,Gin
stream,Gine
stream,Gines
stream,Ginest
stream,Gio
stream,Giov
stream,Giove
stream,Gioven
stream,Giu
stream,Giug
stream,Giugg
stream,Giuggi
stream,Giz
stream,Gizi
stream,Gizio
stream,Gli
stream,Glin
stream,Glinš
stream,Glinšč
stream,Gor
stream,Gorg
stream,Gorgo
stream,Gorgog
stream,Gorn
stream,Gorna
stream,Gornal
stream,Gra
stream,Gran
stream,Grand
stream,Grande
stream,Grav
stream,Gravi
stream,Gravin
stream,Gre
stream,Gret
stream,Greta
stream,Gretan
stream,Grev
stream,Greve
stream,Greven
stream,Gri
stream,Gril
stream,Grill
stream,Grille
stream,Gro
stream,Gros
stream,Gross
stream,Grosso
stream,Grot
stream,Grott
stream,Grotta
stream,Gru
stream,Grus
stream,Gruso
stream,Guà
stream,Iac
stream,Iaco
stream,Iacon
stream,Iaconi
stream,Idr
stream,Idri
stream,Idrij
stream,Idrijc
stream,Imp
stream,Impe
stream,Imper
stream,Impero
stream,Inc
stream,Inca
stream,Incas
stream,Incast
stream,Inf
stream,Infe
stream,Infer
stream,Infern
stream,Ist
stream,Iste
stream,Ister
stream,Isterz
stream,Jud
stream,Judr
stream,Judri
stream,Judrio
stream,Lac
stream,Lacc
stream,Lacco
stream,Laccos
stream,Lace
stream,Lacer
stream,Lacern
stream,Lag
stream,Lagu
stream,Laguz
stream,Laguzz
stream,Lam
stream,Lamo
stream,Lamon
stream,Lamone
stream,Lamp
stream,Lampe
stream,Lampeg
stream,Lan
stream,Land
stream,Lando
stream,Landol
stream,Lav
stream,Lava
stream,Lavag
stream,Lavagn
stream,Lave
stream,Lavel
stream,Lavell
stream,Led
stream,Ledr
stream,Ledra
stream,Len
stream,Lend
stream,Lendr
stream,Lendra
stream,Leo
stream,Leog
stream,Leogr
stream,Leogra
stream,Lep
stream,Lepr
stream,Lepri
stream,Leprig
stream,Lib
stream,Libb
stream,Libbi
stream,Libbia
stream,Lic
stream,Lice
stream,Licen
stream,Licenz
stream,Lis
stream,Lisc
stream,Lisce
stream,Liscer
stream,Liv
stream,Live
stream,Liven
stream,Livenz
stream,Lub
stream,Lubr
stream,Lubri
stream,Lubric
stream,Luc
stream,Lucu
stream,Lucul
stream,Lucula
stream,Mac
stream,Mace
stream,Macer
stream,Macero
stream,Mae
stream,Mag
stream,Magl
stream,Magli
stream,Maglia
stream,Mai
stream,Maia
stream,Maian
stream,Maiano
stream,Mal
stream,Mali
stream,Malin
stream,Malina
stream,Malp
stream,Malpe
stream,Malper
stream,Malv
stream,Malva
stream,Malvan
stream,Man
stream,Mann
stream,Mannu
stream,Mar
stream,Marc
stream,Marco
stream,Marcon
stream,Marcu
stream,Marcus
stream,Mare
stream,Marec
stream,Marecc
stream,Marg
stream,Margi
stream,Margin
stream,Marm
stream,Marmo
stream,Marn
stream,Marna
stream,Maro
stream,Marog
stream,Marogl
stream,Marr
stream,Marro
stream,Marrog
stream,Mart
stream,Marta
stream,Marz
stream,Marze
stream,Marzen
stream,Mas
stream,Maso
stream,Mast
stream,Masta
stream,Mastal
stream,Maste
stream,Mastel
stream,Mav
stream,Mavo
stream,Mavon
stream,Mavone
stream,Maz
stream,Maza
stream,Mazar
stream,Mazaro
stream,Med
stream,Medu
stream,Medun
stream,Meduna
stream,Mel
stream,Mela
stream,Melac
stream,Melacc
stream,Mele
stream,Melet
stream,Meleta
stream,Melett
stream,Melez
stream,Melezz
stream,Meli
stream,Melit
stream,Melito
stream,Mell
stream,Mella
stream,Melle
stream,Mellea
stream,Mer
stream,Mers
stream,Merse
stream,Mes
stream,Mesa
stream,Mesau
stream,Meu
stream,Meur
stream,Meurr
stream,Meurra
stream,Mez
stream,Mezz
stream,Mezza
stream,Mezzan
stream,Mic
stream,Micc
stream,Micci
stream,Miccin
stream,Micr
stream,Micri
stream,Micrin
stream,Mil
stream,Mili
stream,Milic
stream,Milici
stream,Min
stream,Minc
stream,Minci
stream,Mincio
stream,Mis
stream,Misc
stream,Misca
stream,Miscan
stream,Mod
stream,Modi
stream,Modio
stream,Modion
stream,Mol
stream,Mole
stream,Molet
stream,Molett
stream,Moli
stream,Molim
stream,Molime
stream,Mon
stream,Mona
stream,Monac
stream,Monach
stream,Monaci
stream,Mond
stream,Mondo
stream,Mondol
stream,Mono
stream,Monoc
stream,Monocc
stream,Mont
stream,Monto
stream,Monton
stream,Mor
stream,More
stream,Morel
stream,Morell
stream,Mug
stream,Mugn
stream,Mugno
stream,Mugnon
stream,Mus
stream,Musc
stream,Musci
stream,Musciu
stream,Muso
stream,Muson
stream,Musone
stream,Máz
stream,Máza
stream,Mázar
stream,Mázaro
stream,Nar
stream,Narb
stream,Narbo
stream,Narbon
stream,Ner
stream,Nera
stream,Nerr
stream,Nerri
stream,Nerril
stream,Nerv
stream,Nervi
stream,Nervia
stream,Nes
stream,Nese
stream,Nest
stream,Nesto
stream,Nestor
stream,Nic
stream,Nicc
stream,Nicco
stream,Niccon
stream,Nicà
stream,Nor
stream,Nora
stream,Nuo
stream,Nuol
stream,Nuole
stream,Oli
stream,Olis
stream,Olise
stream,Olisei
stream,Oll
stream,Olla
stream,Ollas
stream,Ollast
stream,Olp
stream,Olpe
stream,Olpet
stream,Olpeta
stream,Ong
stream,Onga
stream,Ongar
stream,Ongara
stream,Onn
stream,Onni
stream,Onnig
stream,Onniga
stream,Orr
stream,Orru
stream,Orrub
stream,Orrubi
stream,Ort
stream,Orte
stream,Orv
stream,Orva
stream,Orvan
stream,Orvani
stream,Ose
stream,Osen
stream,Osent
stream,Osento
stream,Osp
stream,Ospe
stream,Osped
stream,Ospeda
stream,Pag
stream,Pagl
stream,Pagli
stream,Paglia
stream,Pal
stream,Pali
stream,Palis
stream,Palist
stream,Palm
stream,Palma
stream,Pan
stream,Pant
stream,Panta
stream,Pantan
stream,Par
stream,Para
stream,Paran
stream,Paranz
stream,Pau
stream,Paul
stream,Paule
stream,Pav
stream,Pavo
stream,Pavon
stream,Pavone
stream,Pen
stream,Penn
stream,Penni
stream,Pennin
stream,Pent
stream,Pente
stream,Pentec
stream,Per
stream,Perd
stream,Perda
stream,Perdac
stream,Perdas
stream,Pere
stream,Perel
stream,Perell
stream,Pes
stream,Pesc
stream,Pesch
stream,Peschi
stream,Pesci
stream,Pescio
stream,Pesco
stream,Pescog
stream,Pesi
stream,Pesip
stream,Pesipo
stream,Pet
stream,Petr
stream,Petra
stream,Petrac
stream,Pett
stream,Petto
stream,Pettor
stream,Pia
stream,Pian
stream,Piani
stream,Pianit
stream,Piat
stream,Piatu
stream,Piav
stream,Piave
stream,Piaves
stream,Pib
stream,Pibi
stream,Pibir
stream,Pibiri
stream,Pir
stream,Pira
stream,Piraf
stream,Pirafe
stream,Piras
stream,Pirast
stream,Pis
stream,Pisc
stream,Pisci
stream,Piscia
stream,Piz
stream,Pizz
stream,Pizzi
stream,Pizzin
stream,Pizzu
stream,Pizzuo
stream,Pla
stream,Plat
stream,Plata
stream,Platan
stream,Plá
stream,Plát
stream,Pláta
stream,Plátan
stream,Pol
stream,Poll
stream,Polli
stream,Pollin
stream,Por
stream,Porc
stream,Porco
stream,Porcor
stream,Port
stream,Porta
stream,Portat
stream,Pos
stream,Posa
stream,Posad
stream,Posada
stream,Posc
stream,Posch
stream,Poschi
stream,Pra
stream,Pram
stream,Prama
stream,Pramad
stream,Pre
stream,Prec
stream,Preca
stream,Precar
stream,Pro
stream,Prom
stream,Promo
stream,Promon
stream,Pru
stream,Prun
stream,Pruno
stream,Pug
stream,Pugl
stream,Pugli
stream,Puglia
stream,Pul
stream,Pula
stream,Qui
stream,Quil
stream,Quili
stream,Quilia
stream,Quir
stream,Quiri
stream,Quirin
stream,Rad
stream,Radi
stream,Radic
stream,Radico
stream,Rag
stream,Raga
stream,Ragan
stream,Ragane
stream,Rago
stream,Ragon
stream,Ragone
stream,Ran
stream,Ranc
stream,Ranch
stream,Ranche
stream,Ranci
stream,Rancid
stream,Rap
stream,Rapi
stream,Rapid
stream,Rapido
stream,Ras
stream,Rass
stream,Rassi
stream,Rassin
stream,Rav
stream,Rava
stream,Rea
stream,Real
stream,Reale
stream,Ren
stream,Rena
stream,Renar
stream,Renaro
stream,Reno
stream,Res
stream,Resi
stream,Resia
stream,Ret
stream,Rete
stream,Retem
stream,Retemu
stream,Ric
stream,Ricc
stream,Ricci
stream,Riccio
stream,Rif
stream,Rifo
stream,Rifon
stream,Rifoni
stream,Rig
stream,Rigu
stream,Rigua
stream,Riguar
stream,Rim
stream,Rimb
stream,Rimbo
stream,Rimboc
stream,Rio
stream,Rip
stream,Ripa
stream,Ripar
stream,Ripari
stream,Ripi
stream,Ripit
stream,Ripiti
stream,Ripu
stream,Ripug
stream,Ripugl
stream,Riput
stream,Riputi
stream,Ris
stream,Risp
stream,Rispe
stream,Rispes
stream,Rit
stream,Rito
stream,Ritor
stream,Ritort
stream,Ros
stream,Rosm
stream,Rosma
stream,Rosmar
stream,Roy
stream,Roya
stream,Ruz
stream,Ruzz
stream,Ruzzo
stream,Sag
stream,Sagi
stream,Sagit
stream,Sagitt
stream,Sai
stream,Sain
stream,Saint
stream,Saint-
stream,Saio
stream,Sal
stream,Salc
stream,Salci
stream,Salcia
stream,Sali
stream,Salit
stream,Salito
stream,Salu
stream,Salut
stream,Saluti
stream,San
stream,Sang
stream,Sango
stream,Sangon
stream,Sans
stream,Sanso
stream,Sansol
stream,Sant
stream,Santa
stream,Santo
stream,Sant’
stream,Sant’A
stream,Sar
stream,Sara
stream,Sarac
stream,Sarace
stream,Sarc
stream,Sarca
stream,Sarci
stream,Sarcim
stream,Sard
stream,Sardu
stream,Sardul
stream,Sarm
stream,Sarme
stream,Sarmen
stream,Sas
stream,Sass
stream,Sasso
stream,Sasson
stream,Sav
stream,Sava
stream,Sca
stream,Scab
stream,Scabb
stream,Scabbi
stream,Scan
stream,Scann
stream,Scanne
stream,Sec
stream,Secc
stream,Secch
stream,Secchi
stream,Secco
stream,Sel
stream,Sele
stream,Sen
stream,Sene
stream,Senet
stream,Seneta
stream,Sent
stream,Senti
stream,Sentin
stream,Ser
stream,Serc
stream,Serch
stream,Serchi
stream,Seri
stream,Serio
stream,Serm
stream,Serme
stream,Sermen
stream,Serr
stream,Serra
stream,Serrag
stream,Sev
stream,Seve
stream,Seves
stream,Seveso
stream,Sib
stream,Siba
stream,Sibar
stream,Sibari
stream,Sie
stream,Siev
stream,Sieve
stream,Sil
stream,Sili
stream,Silis
stream,Siliz
stream,Silizz
stream,Sill
stream,Silla
stream,Sillar
stream,Sim
stream,Simb
stream,Simbr
stream,Simbri
stream,Sit
stream,Sitz
stream,Sitze
stream,Sitzer
stream,Sli
stream,Sliz
stream,Slizz
stream,Slizza
stream,Sol
stream,Sold
stream,Solda
stream,Sos
stream,Sosi
stream,Sosio
stream,Sov
stream,Sova
stream,Sovar
stream,Sovara
stream,Sove
stream,Sover
stream,Sovera
stream,Spa
stream,Span
stream,Spann
stream,Spanni
stream,Spi
stream,Spir
stream,Spiro
stream,Spiron
stream,Ste
stream,Stel
stream,Stell
stream,Stella
stream,Sti
stream,Stir
stream,Stiro
stream,Stiron
stream,Str
stream,Stra
stream,Straf
stream,Strafa
stream,Stri
stream,Stria
stream,Strid
stream,Strido
stream,Stro
stream,Stron
stream,Strona
stream,Strone
stream,Stá
stream,Stáf
stream,Stáff
stream,Stáffo
stream,Sue
stream,Sued
stream,Suedd
stream,Sueddi
stream,Suer
stream,Suerg
stream,Suergi
stream,Síl
stream,Síla
stream,Sílar
stream,Sílari
stream,Sílaru
stream,Tag
stream,Tagl
stream,Tagli
stream,Taglia
stream,Taglio
stream,Tal
stream,Talo
stream,Talor
stream,Taloro
stream,Talv
stream,Talve
stream,Talver
stream,Tao
stream,Taon
stream,Taone
stream,Tar
stream,Tart
stream,Tarta
stream,Tartan
stream,Tartar
stream,Tat
stream,Tata
stream,Tatar
stream,Tatare
stream,Tav
stream,Tavo
stream,Tavol
stream,Tavoll
stream,Ted
stream,Tedd
stream,Tedde
stream,Tedder
stream,Tei
stream,Teir
stream,Teiro
stream,Tem
stream,Temo
stream,Ten
stream,Teno
stream,Tenor
stream,Tenore
stream,Ter
stream,Term
stream,Termi
stream,Termin
stream,Tes
stream,Tesi
stream,Tesin
stream,Tesina
stream,Tess
stream,Tessi
stream,Tessin
stream,Tev
stream,Teve
stream,Tever
stream,Tevere
stream,Thu
stream,Thur
stream,Thura
stream,Thuras
stream,Tib
stream,Tibe
stream,Tiber
stream,Tic
stream,Tici
stream,Ticin
stream,Ticino
stream,Tig
stream,Tign
stream,Tigna
stream,Tignan
stream,Til
stream,Tili
stream,Tilis
stream,Tilisa
stream,Tim
stream,Tima
stream,Timav
stream,Timavo
stream,Tir
stream,Tiri
stream,Tirin
stream,Tirino
stream,Top
stream,Topi
stream,Topin
stream,Topino
stream,Tor
stream,Tora
stream,Tord
stream,Tordi
stream,Tordin
stream,Torn
stream,Torna
stream,Tornar
stream,Torr
stream,Torre
stream,Tos
stream,Toss
stream,Tossi
stream,Tossil
stream,Tre
stream,Trep
stream,Trepp
stream,Treppi
stream,Tri
stream,Trib
stream,Tribi
stream,Tribio
stream,Tric
stream,Trica
stream,Tricar
stream,Trio
stream,Triol
stream,Triolo
stream,Trion
stream,Triont
stream,Tro
stream,Tros
stream,Trosc
stream,Trosci
stream,Tur
stream,Tura
stream,Turas
stream,Turb
stream,Turbo
stream,Turbol
stream,Tác
stream,Táci
stream,Tácin
stream,Tácina
stream,Tán
stream,Tána
stream,Tánag
stream,Tánagr
stream,Tés
stream,Tési
stream,Tésin
stream,Tésina
stream,Túr
stream,Túrb
stream,Túrbo
stream,Túrbol
stream,Urs
stream,Ursa
stream,Uso
stream,Vac
stream,Vacc
stream,Vacch
stream,Vacche
stream,Val
stream,Vald
stream,Valdo
stream,Valdob
stream,Vall
stream,Valla
stream,Vallat
stream,Valle
stream,Vallec
stream,Vallep
stream,Valles
stream,Vallo
stream,Vallon
stream,Vals
stream,Valsu
stream,Valsur
stream,Van
stream,Vano
stream,Vanoi
stream,Vel
stream,Vell
stream,Vello
stream,Vellor
stream,Ven
stream,Vena
stream,Vene
stream,Venel
stream,Venell
stream,Ver
stream,Verd
stream,Verde
stream,Verg
stream,Verga
stream,Vergat
stream,Via
stream,Viag
stream,Viagg
stream,Viaggi
stream,Vig
stream,Vigi
stream,Vip
stream,Vipa
stream,Vipav
stream,Vipava
stream,Viv
stream,Vivo
stream,Vol
stream,Volt
stream,Voltu
stream,Voltur
stream,Vít
stream,Vítr
stream,Vítra
stream,Vítrav
stream,Win
stream,Winn
stream,Winne
stream,Winneb
stream,Zan
stream,Zanc
stream,Zanca
stream,Zer
stream,Zero
stream,Zit
stream,Zitt
stream,Zitto
stream,Zittol
stream,Zur
stream,Zura
stream,Zurad
stream,Zurada
stream,d'O
stream,d'Or
stream,d'Oro
stream,dal
stream,del
stream,dell
stream,dell’
stream,d’A
stream,d’Ai
stream,d’Aie
stream,d’Aied
stream,d’Al
stream,d’Ali
stream,d’Alia
stream,d’An
stream,d’Ant
stream,d’Ante
stream,d’Ar
stream,d’Arz
stream,d’Arza
stream,d’O
stream,d’Ot
stream,d’Ott
stream,d’Otta
stream,l’A
stream,l’Al
stream,l’Ali
stream,l’Alid
stream,l’I
stream,l’In
stream,l’Int
stream,l’Inta
stream,l’Is
stream,l’Isa
stream,l’Isal
stream,l’Isc
stream,l’Isca
stream,s'A
stream,s'Ab
stream,s'Abb
stream,s'Abba
stream,s'O
stream,s'Or
stream,s'Orr
stream,s'Orro
stream,s'Orrò
underwater elevation,Avo
underwater elevation,Avol
underwater elevation,Avolo
underwater elevation,Avolos
underwater elevation,Tac
underwater elevation,Tacc
underwater elevation,Tacca
underwater elevation,Taccar
underwater elevation,d’O
underwater elevation,d’Or
underwater elevation,d’Ori
underwater elevation,d’Orio
