name,frequency,place_type,place_category
A’ Bhrideanach,1,point,convex shoreline
A’ Chailleach,1,mountain,elevation
A’ Ghairbhe,1,river,stream
A’ Ghlas-bheinn,2,mountain,elevation
A’ Mharconaich,1,mountain,elevation
A’Chailleach,1,mountain,elevation
Abbey Head,1,cape,convex shoreline
Aberarder,1,populated place,populated place
Aberchalder,1,populated place,populated place
Aberchalder Burn,1,river,stream
Aberdour,2,populated place,populated place
Aberlady Point,1,point,convex shoreline
Aberlemm,1,populated place,populated place
Abertay Sands,1,bank,underwater elevation
Abhainn a Mhail,1,river,stream
Abhainn Beinn nan Eun,1,river,stream
Abhainn Bruachaig,1,river,stream
Abhainn Droma,1,river,stream
Abhainn na Frithe,1,river,stream
Abhainn na Glasa,1,river,stream
Abhainn Thràil,1,river,stream
Abhuinn Cuileig,1,river,stream
Abhuinn Droma,1,river,stream
Aboine,1,populated place,populated place
Aboyne,1,populated place,populated place
Achafubil,1,populated place,populated place
Achagate,1,populated place,populated place
Achain Burn,1,river,stream
Achairn Burn,1,river,stream
Achanalt,1,populated place,populated place
Achany,1,populated place,populated place
Acharacle,1,populated place,populated place
Acharole Burn,1,river,stream
Acharra,1,populated place,populated place
Achateny,1,river,stream
Achateny Water,1,river,stream
Acheniner,1,populated place,populated place
Acheninver,1,populated place,populated place
Achentee,1,populated place,populated place
Achentoul,1,populated place,populated place
Achfarrie,1,populated place,populated place
Achfarry,1,populated place,populated place
Achfary,1,populated place,populated place
Achinduich,1,populated place,populated place
Achintoul,1,populated place,populated place
Achlighness,1,populated place,populated place
Achmelvich,1,populated place,populated place
Achmelvich Bay,1,bay,concave shoreline
Achmore,1,populated place,populated place
Achnacroish,1,populated place,populated place
Achnahannet,1,populated place,populated place
Achnasheen,1,populated place,populated place
Achriesgill,1,populated place,populated place
Achterneed,1,populated place,populated place
Ackergill,1,populated place,populated place
Addiewell,1,populated place,populated place
Aird of Sleat,1,populated place,populated place
Airds Point,2,point,convex shoreline
Airie Burn,1,river,stream
Airor,1,populated place,populated place
Aldie,1,populated place,populated place
Alford,1,populated place,populated place
Allachy Water,1,river,stream
Allanfearn,1,populated place,populated place
Alligin,1,populated place,populated place
Alloa,1,populated place,populated place
Allt a’ Chalda Mòr,1,river,stream
Allt a’ Chaoil-réidhe,1,river,stream
Allt a’ Vullin,1,river,stream
Allt Bhalachain,1,river,stream
Allt Bhlàraidh,1,river,stream
Allt Bhran,1,river,stream
Allt Cam,1,river,stream
Allt Càm Carach,1,river,stream
Allt Cristie,1,river,stream
Allt Cristie Mòr,1,river,stream
Allt Cro-Chlach,1,river,stream
Allt Dunie,1,river,stream
Allt Ladaidh,1,river,stream
Allt Laddie,1,river,stream
Allt Loraich,1,river,stream
Allt Lorgy,1,river,stream
Allt Mòr,1,river,stream
Allt Mòr Gìsgil,1,river,stream
Allt na Caim,1,river,stream
Allt na Lairige Mòire,1,river,stream
Allt nan Caorach,1,river,stream
Allt Ruadh,1,river,stream
Alltbeath,1,populated place,populated place
Alltsigh,1,populated place,populated place
Almorness Point,1,point,convex shoreline
Alness,1,river,stream
Altan Strahan,1,river,stream
Altandon,1,populated place,populated place
Altanduin,1,populated place,populated place
Altavaig Island,1,island,island
Alterlie Bay,1,bay,concave shoreline
Alterlie Point,1,point,convex shoreline
Altnaharra,1,populated place,populated place
Alturlie Point,1,point,convex shoreline
Alvah,1,populated place,populated place
Alvie,1,populated place,populated place
Am Bhuachaille,1,island,island
Am Buachaille,1,island,island
Am Fiar Loch,1,lake,basin
Amar Strath Ossian,1,valley,depression
Amhainn a’ Choire,1,river,stream
Amhainn Ceann Locha,1,river,stream
Amhainn Chearbhaig,1,river,stream
Amhainn Ghuilbinn,1,river,stream
Amhainn Raidh,1,river,stream
Amhainn Rath,1,river,stream
Amhainn Righ,1,river,stream
Amisfield Town,1,populated place,populated place
An Ceannaich,1,cape,convex shoreline
An Coileach,1,rock,elevation
An Dubh-sgeir,1,rock,elevation
An Fhaochag,1,point,convex shoreline
An Garbh-eilean,2,island,island
An Groban,1,mountain,elevation
An Riabhachan,1,mountain,elevation
An Ruadh-stac,1,mountain,elevation
An Sgùrr,1,mountain,elevation
An Steidh,1,island,island
An Teallach,1,mountain,elevation
Anaboard Burn,1,river,stream
Ankerville,1,populated place,populated place
Ankerville Corner,1,populated place,populated place
Annan Water,1,river,stream
Annat Bay,1,bay,concave shoreline
Anstruther Easter,1,populated place,populated place
Aonach Beag,1,mountain,elevation
Aonach Buidhe,1,mountain,elevation
Aonach Mòr,1,mountain,elevation
Appin Burn,1,river,stream
Applecross,1,river,stream
Applegarth Town,1,populated place,populated place
Arbirlot,1,populated place,populated place
Arbroath,1,populated place,populated place
Archer Beck,1,river,stream
Arcuil,1,mountain,elevation
Àrd Mòr,1,peninsula,convex shoreline
Ard More,1,peninsula,convex shoreline
Àrd na Cailc,1,point,convex shoreline
Ardcharnich,1,populated place,populated place
Ardgour,1,populated place,populated place
Ardheslaig,1,populated place,populated place
Ardmeanach,1,peninsula,convex shoreline
Ardmore Point,3,point,convex shoreline
Ardmuir,1,populated place,populated place
Ardnamurchan,1,peninsula,convex shoreline
Ardnamurchan Peninsula,1,peninsula,convex shoreline
Ardnarff,1,populated place,populated place
Ardnastang,1,populated place,populated place
Ardnish,1,peninsula,convex shoreline
Ardnish Peninsula,1,peninsula,convex shoreline
Ardovie,1,populated place,populated place
Ardroy Sand,1,bank,underwater elevation
Ardshealach,1,populated place,populated place
Ardshieloch,1,populated place,populated place
Ardslignish,1,populated place,populated place
Ardtoe,1,populated place,populated place
Ardtornish Bay,1,bay,concave shoreline
Ardullie,1,populated place,populated place
Ardvar,1,populated place,populated place
Ardvasar,1,populated place,populated place
Ardwell,1,populated place,populated place
Ardwell Point,1,point,convex shoreline
Arisaig,1,bay,concave shoreline
Arisaig Harbour,1,bay,concave shoreline
Armadale,2,populated place,populated place
Armadale Bay,2,bay,concave shoreline
Armadale Burn,1,river,stream
Arnisdale,1,populated place,populated place
Arnish,1,populated place,populated place
Aros Bay,1,bay,concave shoreline
Artfield Fell,1,hill,elevation
Askadill,1,rock,elevation
Askival,1,mountain,elevation
Astail,1,populated place,populated place
Astel,1,populated place,populated place
Astle,1,populated place,populated place
Athnamulloch,1,populated place,populated place
Auchenbay Burn,1,river,stream
Auchendinny,1,populated place,populated place
Auchenmalg Bay,1,bay,concave shoreline
Auchenvey Burn,1,river,stream
Auchinblae,1,populated place,populated place
Auchinhove,1,populated place,populated place
Auchleven,1,populated place,populated place
Auchmacoy,1,populated place,populated place
Auchmantle,1,populated place,populated place
Auchmithie Bay,1,bay,concave shoreline
Auchnagatt,1,populated place,populated place
Auchness,1,populated place,populated place
Auchterhouse,1,populated place,populated place
Auchterneed,1,populated place,populated place
Auchtertool,1,populated place,populated place
Auckingill,1,populated place,populated place
Auld-dinnit Burn,1,river,stream
Auldearn,1,populated place,populated place
Aultgrishin,1,populated place,populated place
Aultivullin,1,populated place,populated place
Aviemore,1,populated place,populated place
Avoch,1,populated place,populated place
Bà,1,river,stream
Babbet Ness,1,point,convex shoreline
Baca Ruadh,1,mountain,elevation
Bachnagairn,1,waterfall,stream
Backies,1,populated place,populated place
Backmuir of New Gilston,1,populated place,populated place
Badaneoin,1,populated place,populated place
Badcall,1,river,stream
Badcall Burn,1,river,stream
Badcall Loch,1,bay,concave shoreline
Baden Bay,1,bay,concave shoreline
Badenscallie,1,populated place,populated place
Badenyon,1,populated place,populated place
Badluchrach,1,populated place,populated place
Bàgh an Srathaidh,1,bay,concave shoreline
Bailliewhir,1,populated place,populated place
Baladie,1,populated place,populated place
Balblair,2,populated place,populated place
Balcary Point,1,point,convex shoreline
Balchladich,1,populated place,populated place
Balconie Point,1,point,convex shoreline
Balgavie Loch,1,lake,basin
Balgavies Loch,1,lake,basin
Ballachulish,1,populated place,populated place
Ballachulist,1,populated place,populated place
Ballater,1,populated place,populated place
Ballingry,1,populated place,populated place
Ballogie,1,populated place,populated place
Balmacara,1,populated place,populated place
Balmacarra,1,populated place,populated place
Balmae Head,1,point,convex shoreline
Balmakiel,1,populated place,populated place
Balmeanach Bay,1,bay,concave shoreline
Balmerino,1,populated place,populated place
Balminnoch,1,populated place,populated place
Balmullo,1,populated place,populated place
Balnakeil,1,populated place,populated place
Balnakiel,1,populated place,populated place
Banff,1,populated place,populated place
Baosbheinn,1,mountain,elevation
Bar Hill,1,hill,elevation
Bar Point,1,point,convex shoreline
Barachie,1,populated place,populated place
Baraer,1,populated place,populated place
Barbaraville,1,populated place,populated place
Barevan,1,populated place,populated place
Bargatton Loch,1,lake,basin
Bargrennan,1,populated place,populated place
Barnhourie Sand,1,bank,underwater elevation
Barns Ness,1,point,convex shoreline
Barony Point,1,point,convex shoreline
Barr,1,populated place,populated place
Barr Point,1,point,convex shoreline
Barraer,1,populated place,populated place
Barrisdale,1,populated place,populated place
Barry,1,populated place,populated place
Barry Sands,1,bank,underwater elevation
Barsalloch Point,1,point,convex shoreline
Bass Rock,1,rock,elevation
Baxter Rock,1,rock,elevation
Bay of Cruden,1,bay,concave shoreline
Bay of Laig,1,bay,concave shoreline
Bay of Stoer,1,bay,concave shoreline
Bay River,1,river,stream
Beannachan,1,lake,basin
Bearneas,1,river,stream
Bearnock,1,populated place,populated place
Beauly,1,river,stream
Beeswing,1,populated place,populated place
Beggar’s Cap,1,rock,elevation
Bein Alligin,1,mountain,elevation
Bein Meillich,1,mountain,elevation
Beinn a’ Bheithir,1,mountains,elevated area
Beinn a’ Bhuird,1,mountain,elevation
Beinn a’ Chàisgein Beag,1,mountain,elevation
Beinn a’ Chàisgein Mòr,1,mountain,elevation
Beinn a’ Chaisteil,1,mountain,elevation
Beinn a’ Chlachair,1,mountain,elevation
Beinn a’ Chlaidheimh,1,mountain,elevation
Beinn Alligin,1,mountain,elevation
Beinn an Armuinn,1,mountain,elevation
Beinn Bhàn,1,mountain,elevation
Beinn Bheag,2,mountain,elevation
Beinn Bheithir,1,mountains,elevated area
Beinn Bhreac,2,mountain,elevation
Beinn Bhuidhe Mhòr,1,mountain,elevation
Beinn Ceitlein,1,mountain,elevation
Beinn Chlianaig,1,mountain,elevation
Beinn Cleith Bric,1,mountain,elevation
Beinn Damh,1,mountain,elevation
Beinn Dearg,4,mountain,elevation
Beinn Dearg Bheag,1,mountain,elevation
Beinn Dearg Mhor,1,mountain,elevation
Beinn Dearg Mhòr,1,mountain,elevation
Beinn Dhorain,1,mountain,elevation
Beinn Direach,1,mountain,elevation
Beinn Dronaig,1,mountain,elevation
Beinn Fhada,1,mountain,elevation
Beinn Ghobhlach,1,mountain,elevation
Beinn Làir,1,mountain,elevation
Beinn Leòid,1,mountain,elevation
Beinn Liath Mhor,1,mountain,elevation
Beinn Mheadhoin,1,mountain,elevation
Beinn Mhor,1,mountain,elevation
Beinn na Caillich,1,mountain,elevation
Beinn na Seilg,1,mountain,elevation
Beinn nam Bad Mòr,1,hill,elevation
Beinn nan Ramh,1,mountain,elevation
Beinn Sgeireach,1,mountain,elevation
Beinn Sgreamhaidh,1,mountain,elevation
Beinn Smeorail,1,mountain,elevation
Beinn Tharsuinn,3,mountain,elevation
Beinn Tighe,1,mountain,elevation
Beinn Ulvaie,1,mountain,elevation
Beinn’s Tomaine,1,mountain,elevation
Belhaven,1,populated place,populated place
Belhelvie,1,populated place,populated place
Bell Rock,1,rock,elevation
Belmaduthy,1,populated place,populated place
Ben a Chlaidheimh,1,mountain,elevation
Ben a’ Chaisgein Beag,1,mountain,elevation
Ben a’ Chaisteil,1,mountain,elevation
Ben Alisky,1,mountain,elevation
Ben Aslak,1,mountain,elevation
Ben Attow,1,mountain,elevation
Ben Auskaird,1,mountain,elevation
Ben Bhach Ard,1,mountain,elevation
Ben Bheag,2,mountain,elevation
Ben Chlinaig,1,mountain,elevation
Ben Criam More,1,mountain,elevation
Ben Damh,1,mountain,elevation
Ben Dearg,1,ridge,elevated area
Ben Dearg Mhor,1,mountain,elevation
Ben Dearg-mor,1,mountain,elevation
Ben Dearg-veg,1,mountain,elevation
Ben Derg,2,mountain,elevation
Ben Derg More,1,mountain,elevation
Ben Derg-veg,1,mountain,elevation
Ben Dergbeg,1,mountain,elevation
Ben Dirach,1,mountain,elevation
Ben Dronnaig,1,mountain,elevation
Ben Eay,1,mountain,elevation
Ben Edra,1,mountain,elevation
Ben Eibhinn,1,mountain,elevation
Ben Fionn,1,mountain,elevation
Ben Griam Beg,1,mountain,elevation
Ben Griam Mhor,1,mountain,elevation
Ben Griam More,1,mountain,elevation
Ben Hee,1,mountain,elevation
Ben Horn,1,mountain,elevation
Ben Hutig,1,mountain,elevation
Ben Killilan,1,mountain,elevation
Ben Klibreck,1,mountain,elevation
Ben Lair,1,mountain,elevation
Ben Lee,1,mountain,elevation
Ben Leod,1,mountain,elevation
Ben Liath Mhor,1,mountain,elevation
Ben Liughach,1,mountain,elevation
Ben Loyal,1,mountain,elevation
Ben Meabost,1,mountain,elevation
Ben Mhor,1,mountain,elevation
Ben More Assynt,1,mountain,elevation
Ben More Coigach,1,mountain,elevation
Ben na Caillich,1,mountain,elevation
Ben na Lap,1,mountain,elevation
Ben na Leac,1,mountain,elevation
Ben nan Ramh,1,mountain,elevation
Ben Resipol,1,mountain,elevation
Ben Rosail,1,hill,elevation
Ben Screel,1,mountain,elevation
Ben Scrial,1,mountain,elevation
Ben Sgriol,1,mountain,elevation
Ben Shalloch,1,mountain,elevation
Ben Smeoral,1,mountain,elevation
Ben Smeorale,1,mountain,elevation
Ben Starav,1,mountain,elevation
Ben Staray,1,mountain,elevation
Ben Tarsuinn,1,mountain,elevation
Ben Tee,1,mountain,elevation
Ben Tharsuinn,3,mountain,elevation
Ben Tighe,1,mountain,elevation
Ben Tue,1,mountain,elevation
Ben Uie,1,mountain,elevation
Ben Ulamhie,1,mountain,elevation
Ben Vair,1,mountains,elevated area
Ben Vrack,1,mountain,elevation
Ben Wyvis,1,mountain,elevation
Ben Yadain,1,mountain,elevation
Ben-a-chielt,1,hill,elevation
Bencleuch,1,mountain,elevation
Bengairn,1,mountain,elevation
Benholm,1,populated place,populated place
Bennachie,1,mountain,elevation
Bernera,1,populated place,populated place
Berriedale,1,populated place,populated place
Berwick Law,1,hill,elevation
Bettyhill,1,populated place,populated place
Bewcastle Fells,1,hill,elevation
Bidean Dam Bian,1,mountain,elevation
Bidean nan Bean,1,mountain,elevation
Biel,1,populated place,populated place
Big Water of Fleet,1,river,stream
Bighouse Hill,1,hill,elevation
Billow Ness,1,point,convex shoreline
Birkhall,1,populated place,populated place
Birkhill,1,rocks,elevation
Bishop Burn,1,river,stream
Blabheim,1,mountain,elevation
Black Cart,1,river,stream
Black Cart River,1,river,stream
Black Dog,1,rock,elevation
Black Esk,1,river,stream
Black Island,1,islands,island
Black Islands,1,islands,island
Black Isle,1,peninsula,convex shoreline
Black Loch,1,lake,basin
Black Point,1,point,convex shoreline
Black Water,6,river,stream
Black Water of Dee,1,river,stream
Blackburn,2,populated place,populated place
Blackdog Rock,1,rock,elevation
Blackford,1,populated place,populated place
Blackhope Burn,1,river,stream
Blackshiels,1,populated place,populated place
Blackwood,1,populated place,populated place
Bladenoch,1,river,stream
Bladnoch,1,river,stream
Blaich,1,populated place,populated place
Blairhall,1,populated place,populated place
Blaven,1,mountain,elevation
Blindman,1,rock,elevation
Bloch Hill,1,hill,elevation
Boarhills,1,populated place,populated place
Boddam,1,populated place,populated place
Boddin Point,1,point,convex shoreline
Bodesbeck,1,river,stream
Bodesbeck Burn,1,river,stream
Bogie Water,1,river,stream
Bogniebrae,1,populated place,populated place
Bogrie Hill,1,hill,elevation
Bohuntine,1,populated place,populated place
Bolton,1,populated place,populated place
Bonar Bridge,1,populated place,populated place
Bonnavoulin,1,populated place,populated place
Boreland,1,populated place,populated place
Boreraig,1,populated place,populated place
Borgie,1,river,stream
Borgue,2,populated place,populated place
Borreraig,1,populated place,populated place
Borve,1,populated place,populated place
Bottle,1,island,island
Bottle Island,1,island,island
Boursa,1,island,island
Bourtie,1,populated place,populated place
Bow Burn,1,river,stream
Bower,1,populated place,populated place
Bowertower,1,populated place,populated place
Boyndie Bay,1,cove,concave shoreline
Boyne Head,1,cape,convex shoreline
Brackley,1,populated place,populated place
Bracora,1,populated place,populated place
Braekish,1,populated place,populated place
Braemar,1,populated place,populated place
Braemore,2,populated place,populated place
Bran Burn,1,river,stream
Brawl,1,populated place,populated place
Brechin,1,populated place,populated place
Brewlands,1,populated place,populated place
Bridge House Bay,1,bay,concave shoreline
Bridge of Alford,1,populated place,populated place
Bridge of Dee,1,populated place,populated place
Bridge of Dun,1,populated place,populated place
Bridge of Gairn,1,populated place,populated place
Bridge of Potarch,1,populated place,populated place
Bridge of Roy,1,populated place,populated place
Bridgend of Lintrathen,1,populated place,populated place
Briga Head,1,cape,convex shoreline
Brims Ness,1,point,convex shoreline
Brin,1,river,stream
Broadford,1,populated place,populated place
Broadford Bay,1,bay,concave shoreline
Brochel,1,populated place,populated place
Brora,1,populated place,populated place
Brora Point,1,point,convex shoreline
Brough,1,populated place,populated place
Brown Caterthun,1,hill,elevation
Broxburn,1,populated place,populated place
Broxmouth,1,populated place,populated place
Bruiach Burn,1,river,stream
Buachaille Etive Beag,1,mountains,elevated area
Buachaille Etive Mòr,1,mountains,elevated area
Bualintur,1,populated place,populated place
Buchaille Etive,1,mountains,elevated area
Buddon Burn,1,river,stream
Buddon Ness,1,cape,convex shoreline
Buie,1,lake,basin
Bulgie Island,1,island,island
Bullers of Buchan,1,populated place,populated place
Bunavullin,1,populated place,populated place
Bundalloch,1,populated place,populated place
Burn of Agie,1,river,stream
Burn of Branny,1,river,stream
Burn of Cairnie,1,river,stream
Burn of Durn,1,river,stream
Burn of Forgue,1,river,stream
Burn of Forvie,1,river,stream
Burn of Keddloch,1,river,stream
Burn of Tennet,1,river,stream
Burn of Turret,1,river,stream
Burnhaven,1,populated place,populated place
Burntisland,1,populated place,populated place
Bynack More,1,mountain,elevation
Cadboll Point,1,point,convex shoreline
Caen Burn,1,river,stream
Cailleach Head,1,cape,convex shoreline
Caiplie Rock,1,reef,underwater elevation
Cairn Dulnan,1,mountain,elevation
Cairn Eas,1,mountain,elevation
Cairn Eige,1,mountain,elevation
Cairn Head,1,point,convex shoreline
Cairn William,1,mountain,elevation
Cairn-mon-earn,1,mountain,elevation
Cairnbulg Point,1,point,convex shoreline
Cairness,1,populated place,populated place
Cairney Burn,1,river,stream
Cairnharrow,1,mountain,elevation
Cairnkinna Hill,1,mountain,elevation
Cairnryan,1,populated place,populated place
Cairnsmore,1,mountain,elevation
Cairnsmore of Fleet,1,mountain,elevation
Calda Burn,1,river,stream
Calder Burn,1,river,stream
Caledonian Trough,1,valley,depression
Callievar Hill,1,mountain,elevation
Callop,1,river,stream
Callop Burn,1,river,stream
Cally Burn,1,river,stream
Calva Mòr,1,island,island
Cam,1,river,stream
Camas Bàn,1,bay,concave shoreline
Camas Chrònaig,1,bay,concave shoreline
Camas Cilmalieu,1,bay,concave shoreline
Camas Croise,1,bay,concave shoreline
Camas Eilean Ghlais,1,bay,concave shoreline
Camas More,1,bay,concave shoreline
Camas Pliasaig,1,bay,concave shoreline
Camasunary,1,populated place,populated place
Camban,1,populated place,populated place
Cambus,1,populated place,populated place
Cameron,1,populated place,populated place
Camlochan Glen,1,valley,depression
Camrie,1,populated place,populated place
Camster,1,lake,basin
Camus a Ridire,1,bay,concave shoreline
Camus Eilean Ghlas,1,bay,concave shoreline
Camus More,2,bay,concave shoreline
Camus nan Sithean,1,bay,concave shoreline
Canisbay,1,populated place,populated place
Canna Island,1,island,island
Cannich,1,river,stream
Canty Bay,1,bay,concave shoreline
Caol Loch,1,lake,basin
Caol Mòr,1,sound,strait
Caol Raineach,1,sound,strait
Caolas Beag,1,sound,strait
Caolas Beg,1,sound,strait
Caolie Water,1,river,stream
Cape Wrath,1,cape,convex shoreline
Caradal,1,populated place,populated place
Carbost,1,populated place,populated place
Carcraig,1,island,island
Cardenden,1,populated place,populated place
Cardorkin Burn,1,river,stream
Careston,1,populated place,populated place
Carlton,1,populated place,populated place
Càrm Gorm,1,mountain,elevation
Carmylie,1,populated place,populated place
Carmyllie,1,populated place,populated place
Càrn a’ Bhacain,1,mountain,elevation
Càrn a’ Ghaill,1,hill,elevation
Carn an t-Sabhail,1,mountain,elevation
Carn Ban,1,mountain,elevation
Càrn Bàn,2,mountain,elevation
Càrn Bàn Mòr,1,mountain,elevation
Càrn Beag,1,mountain,elevation
Càrn Bhren,1,mountain,elevation
Càrn Breac,1,mountain,elevation
Càrn Eige,1,mountain,elevation
Carn Glas,1,mountain,elevation
Càrn Glas-choire,1,mountain,elevation
Carn Leach,1,mountain,elevation
Carn Leack,1,mountain,elevation
Carn Mairg,1,mountain,elevation
Càrn na Lòine,1,mountain,elevation
Càrn Odhar,1,mountain,elevation
Carn Stackie,1,mountain,elevation
Carn-na-Cuimhne,1,populated place,populated place
Carna,1,island,island
Carna Island,1,island,island
Carnach,2,populated place,populated place
Carnach Water,1,river,stream
Carnaquheen,1,populated place,populated place
Carndearg,1,populated place,populated place
Carnethy,1,mountain,elevation
Carnethy Hill,1,mountain,elevation
Carnoch,1,river,stream
Carnoustie,1,populated place,populated place
Caroy,1,river,stream
Carr Rocks,1,rocks,elevation
Carrington,1,populated place,populated place
Carron Water,2,river,stream
Carronbridge,1,populated place,populated place
Carrutherstown,1,populated place,populated place
Carslaer,1,populated place,populated place
Carsphairn,1,populated place,populated place
Carvie Water,1,river,stream
Cashel Dhu,1,populated place,populated place
Cashgag,1,bay,concave shoreline
Caskieben,1,populated place,populated place
Cassley,1,river,stream
Castle Douglas,1,populated place,populated place
Castle Haven,1,bay,concave shoreline
Castle Head,1,point,convex shoreline
Castle Loch,2,lake,basin
Castle Semple Loch,1,lake,basin
Castlesea Bay,1,bay,concave shoreline
Castlewigg,1,populated place,populated place
Cat Law,1,mountain,elevation
Catterline,1,populated place,populated place
Cattie Burn,1,river,stream
Ceann a’ Mhàim,1,mountain,elevation
Ceann a’ Mhaun,1,mountain,elevation
Ceres,1,populated place,populated place
Chailleach,2,mountain,elevation
Challoch,2,populated place,populated place
Chanonry Point,1,point,convex shoreline
Chapel Garioch,1,populated place,populated place
Chapel of Garioch,1,populated place,populated place
Chapel Point,1,point,convex shoreline
Chapel Rossan Bay,1,bay,concave shoreline
Chapelknowe,1,populated place,populated place
Charr Burn,1,river,stream
Chest Dhu,1,mountain,elevation
Chorrie,1,island,island
Chralaig,1,mountain,elevation
Churchton Bay,1,bay,concave shoreline
Ciaran Water,1,river,stream
Cilmalieu,1,populated place,populated place
Ciste Dhubh,1,mountain,elevation
Clach Leathad,1,mountain,elevation
Clachtoll,1,populated place,populated place
Clackmannan,1,populated place,populated place
Clàr Loch,1,lake,basin
Clashmore,1,populated place,populated place
Clashmore Loch,1,lake,basin
Cleadale,1,populated place,populated place
Cleit Dhu,1,cape,convex shoreline
Clenterty Point,1,point,convex shoreline
Clerkhill Burn,1,river,stream
Clibreck,1,populated place,populated place
Clomare Head,1,cape,convex shoreline
Closeburn,1,populated place,populated place
Clovullin,1,populated place,populated place
Cluanie,1,lake,basin
Cluas Deas,1,point,convex shoreline
Clunas,1,populated place,populated place
Clune,1,populated place,populated place
Clunie,1,populated place,populated place
Clyne,1,populated place,populated place
Clynekirkton,1,populated place,populated place
Clyth Ness,1,point,convex shoreline
Cnoc a Ghuish,1,hill,elevation
Cnoc a’ Ghiubhais,1,hill,elevation
Cnoc a’ Ghiuhais,1,hill,elevation
Cnoc an Fhreiceadain,1,hill,elevation
Cnoc Dearg,1,mountain,elevation
Cnoc Fyrish,1,mountain,elevation
Cnoc Glass,1,cape,convex shoreline
Cnocglas Water,1,river,stream
Cnocglass Water,1,river,stream
Coaha Bay,1,bay,concave shoreline
Cobairdy,1,populated place,populated place
Cobbinshaw,1,populated place,populated place
Cockenzie,1,populated place,populated place
Cockenzie and Port Seton,1,populated place,populated place
Coe,1,river,stream
Cog Burn,1,river,stream
Coignashie,1,populated place,populated place
Coilacriech,1,populated place,populated place
Coillemore,1,populated place,populated place
Coillore,1,populated place,populated place
Coire an Lochain,1,lake,basin
Coire Bog,1,valley,depression
Coirechan,1,mountain,elevation
Colbost,1,populated place,populated place
Colinsburgh,1,populated place,populated place
Collessie,1,populated place,populated place
Collie Rocks,1,rocks,elevation
Colonel Rock,1,reef,underwater elevation
Colquhonie,1,populated place,populated place
Colquhonny,1,populated place,populated place
Colvend,1,populated place,populated place
Combs,1,populated place,populated place
Comers,1,populated place,populated place
Common Rocks,1,rocks,elevation
Commons,1,rocks,elevation
Compass Hill,1,hill,elevation
Cona,1,river,stream
Cona Glen,1,valley,depression
Cona River,1,river,stream
Conamheall,1,mountain,elevation
Conaveall,1,mountain,elevation
Conival,1,mountain,elevation
Coniveall,1,mountain,elevation
Conon,2,river,stream
Conon Bridge,1,populated place,populated place
Contin,1,populated place,populated place
Cookney,1,populated place,populated place
Coomb Island,1,island,island
Corgrain Point,1,point,convex shoreline
Cornhill,1,populated place,populated place
Corpach,1,populated place,populated place
Corran,2,populated place,populated place
Corran Point,1,point,convex shoreline
Correen Hills,1,mountains,elevated area
Corrieyairack Hill,1,mountain,elevation
Corrimony,1,populated place,populated place
Corriyarrick Hill,1,mountain,elevation
Corse,1,populated place,populated place
Corsindae,1,populated place,populated place
Corsock,1,populated place,populated place
Corsock Bridge,1,populated place,populated place
Coul,1,populated place,populated place
Coulags,1,populated place,populated place
Coulmore,1,populated place,populated place
Cour Water,1,river,stream
Courthill,1,populated place,populated place
Cowhythe Head,2,cape,convex shoreline
Cowie Water,1,river,stream
Craggie,1,populated place,populated place
Craggie Burn,2,river,stream
Craig,1,river,stream
Craig Dhu,1,mountain,elevation
Craig Head,1,point,convex shoreline
Craig Meggie,1,mountain,elevation
Craig-na-Faoilinn,1,hill,elevation
Craigdam,1,populated place,populated place
Craigdarroch,1,populated place,populated place
Craigdarroch Water,1,river,stream
Craigearn,1,populated place,populated place
Craigleith,1,island,island
Craiglethy,1,rocks,elevation
Craignarget,1,populated place,populated place
Craigo,1,populated place,populated place
Craigowl Hill,1,mountain,elevation
Craigton Point,1,point,convex shoreline
Crail,1,populated place,populated place
Cralic,1,mountain,elevation
Cramie Burn,1,river,stream
Cranstackie,1,mountain,elevation
Craskie,1,populated place,populated place
Crathie,1,populated place,populated place
Crathie Point,1,point,convex shoreline
Crawick,1,populated place,populated place
Crawick Water,1,river,stream
Crawickmill,1,populated place,populated place
Creach Bheinn,1,mountain,elevation
Creag Dhubh,2,mountain,elevation
Creag Lain,1,mountain,elevation
Creag Meagaidh,1,mountain,elevation
Creag-na-Faolinn,1,hill,elevation
Cree,1,river,stream
Creebridge,1,populated place,populated place
Crees head,1,point,convex shoreline
Creetown,1,populated place,populated place
Crichope Burn,1,river,stream
Criffell Hill,1,hill,elevation
Croachy,1,populated place,populated place
Crocketford,1,populated place,populated place
Croick,1,populated place,populated place
Cròm Allt,1,river,stream
Cromalt Hills,1,mountains,elevated area
Cromdale,1,populated place,populated place
Cross Water of Luce,1,river,stream
Crossburn,1,populated place,populated place
Crossgatehall,1,populated place,populated place
Crossgates,1,populated place,populated place
Crosskirk,1,populated place,populated place
Crovie,1,populated place,populated place
Cruaidhleac,1,mountain,elevation
Cruden Sgeir,1,reef,underwater elevation
Cruick Water,1,river,stream
Cuaig,1,populated place,populated place
Cuillin Hills,1,mountains,elevated area
Cuillin Mountains,1,mountains,elevated area
Culardoch,1,mountain,elevation
Culbleen,1,mountain,elevation
Culcaigrie Loch,1,lake,basin
Culchenna Point,1,point,convex shoreline
Culcraigie Loch,1,lake,basin
Culkein,1,populated place,populated place
Culmailie,1,populated place,populated place
Culmaily,1,populated place,populated place
Culrain,1,populated place,populated place
Culross,1,populated place,populated place
Culsalmond,1,populated place,populated place
Cuminestown,1,populated place,populated place
Cupar,1,populated place,populated place
Cùr Mòr,1,mountain,elevation
Cuthile Harbour,1,bay,concave shoreline
Dalbeattie,1,populated place,populated place
Dalbeg,1,populated place,populated place
Dalchreichart,1,populated place,populated place
Dalcross,1,populated place,populated place
Dalelia,1,populated place,populated place
Dalkeith,1,populated place,populated place
Dalmigavie,1,populated place,populated place
Dalnahaitnach,1,populated place,populated place
Dalroy,1,populated place,populated place
Dalveg,1,populated place,populated place
Dalvey,1,populated place,populated place
Dalwhat Water,1,river,stream
Dalwhinnie,1,populated place,populated place
Damsel Rocks,1,reef,underwater elevation
Davington Burn,1,river,stream
Daviot,1,populated place,populated place
Dens,1,populated place,populated place
Derraid,1,populated place,populated place
Derry Burn,1,river,stream
Dessarry,1,river,stream
Deveron,1,river,stream
Devil’s Beef Tub,1,valley,depression
Devon,1,river,stream
Dhu Loch,2,lake,basin
Diabaig,1,populated place,populated place
Dingwall,1,populated place,populated place
Dinnet,1,populated place,populated place
Dinnet Muir,1,valley,depression
Dionard,1,river,stream
Dog Hillock,1,mountain,elevation
Dollar,1,populated place,populated place
Donibristle,1,populated place,populated place
Doolie Ness,1,point,convex shoreline
Doonie Point,1,point,convex shoreline
Dorback Burn,1,river,stream
Dores,1,populated place,populated place
Dornie,1,populated place,populated place
Dornoch,1,populated place,populated place
Dornoch Sands,1,bank,underwater elevation
Dornock,1,populated place,populated place
Dorrery,1,populated place,populated place
Dourie,1,river,stream
Downie Point,1,point,convex shoreline
Dowrie Burn,1,river,stream
Drem,1,populated place,populated place
Driesh,1,mountain,elevation
Drolsay,1,river,stream
Druidhill Burn,1,river,stream
Druim Chòsaidh,1,mountains,elevated area
Druim Fada,2,mountain,elevation
Drum Dearg,1,mountain,elevation
Drumblade,1,populated place,populated place
Drumfearn,1,populated place,populated place
Drumfergue,1,populated place,populated place
Drumgask,1,populated place,populated place
Drumlithie,1,populated place,populated place
Drumly Falls,1,waterfall,stream
Drummore,1,populated place,populated place
Drumpark,1,populated place,populated place
Dry Burn,1,river,stream
Dryfe Water,1,river,stream
Drynoch,1,populated place,populated place
Dubh Lighe,1,river,stream
Dubh Sgeir,2,rock,elevation
Duff Loch,1,lake,basin
Duffs Loch,1,lake,basin
Duisky,1,populated place,populated place
Dulnan,1,river,stream
Dùn Caan,1,mountain,elevation
Dun Caan of Raasay,1,mountain,elevation
Dun Criech,1,hill,elevation
Dunbeath,1,populated place,populated place
Dunbeath Burn,1,river,stream
Dunbuy,1,rock,elevation
Dunby Rock,1,rock,elevation
Duncansbay Head,1,cape,convex shoreline
Duncansby Head,1,cape,convex shoreline
Duncow,1,populated place,populated place
Dundonnell,1,river,stream
Dundonnell River,1,river,stream
Dundrennan,1,populated place,populated place
Dunecht,1,populated place,populated place
Dunfermline,1,populated place,populated place
Dunino,1,populated place,populated place
Dunlugas,1,populated place,populated place
Dunman,1,hill,elevation
Dunnet,1,populated place,populated place
Dunnet Head,1,point,convex shoreline
Dunnichen,1,populated place,populated place
Dunnottar,1,populated place,populated place
Dunragit,1,populated place,populated place
Dunrobin Point,1,point,convex shoreline
Dunscore,1,populated place,populated place
Dunvegan,1,populated place,populated place
Durn Burn,1,river,stream
Durn Hill,1,hill,elevation
Durness,1,populated place,populated place
Durris,1,populated place,populated place
Duslic,1,rock,elevation
Duslic Rock,1,rock,elevation
Duthil Burn,1,river,stream
Dye Water,1,river,stream
Dyke,1,river,stream
Dysart,1,populated place,populated place
Eabost,1,populated place,populated place
Earlish,1,populated place,populated place
Earnsheugh Bay,1,bay,concave shoreline
Eassifern,1,populated place,populated place
East Anstruther,1,populated place,populated place
East Barcloy,1,populated place,populated place
East Calder,1,populated place,populated place
East Canisbay,1,populated place,populated place
East Croachy,1,populated place,populated place
East Fortune,1,populated place,populated place
East Haven,1,populated place,populated place
East Head,1,cape,convex shoreline
East Laroch,1,populated place,populated place
East Lomond Hill,1,hill,elevation
East Stell,1,point,convex shoreline
East Stell Point,1,point,convex shoreline
Easter Fearn,1,populated place,populated place
Easter Fearn Burn,1,river,stream
Easter Rarichie,1,populated place,populated place
Easter Urray,1,populated place,populated place
Edderton,1,populated place,populated place
Eddrachilles Bay,1,bay,concave shoreline
Eden,1,river,stream
Edinbain,1,populated place,populated place
Edzell,1,populated place,populated place
Eidart,1,river,stream
Eige Island,1,island,island
Eigg,1,island,island
Eigg Island,1,island,island
Eil,1,populated place,populated place
Eilean a’ Chaoil,1,island,island
Eilean a’ Ghaill,1,island,island
Eilean Altavaig,1,island,island
Eilean an Ròin Mòr,1,island,island
Eilean an Roin More,1,island,island
Eilean Baile Ghobhain,1,island,island
Eilean Balnagowan,1,island,island
Eilean Bulgac,1,island,island
Eilean Bulgach,1,island,island
Eilean Calva,1,island,island
Eilean Chasgaidh,1,island,island
Eilean Flodigarry,1,island,island
Eilean Furadh Mòr,1,island,island
Eilean Furadh More,1,island,island
Eilean Guillamon,1,island,island
Eilean Hoan,1,island,island
Eilean Hone,1,island,island
Eilean Ighe,1,island,island
Eilean Iosal,2,island,island
Eilean Mullagrach,1,island,island
Eilean na Ghaill,1,island,island
Eilean nan Gillean,1,island,island
Eilean Ràrsaidh,1,island,island
Eilean Ruairidh Mòr,1,island,island
Eilean Shona,1,island,island
Eilean Suabhainn,1,island,island
Eilean Sùbhainn,1,island,island
Eilean Suthainn,1,island,island
Eilean-nan-Roan,1,island,island
Elbow,1,bar,underwater elevation
Elchaig,1,river,stream
Eldrig,1,populated place,populated place
Elgol,1,populated place,populated place
Eliock,1,populated place,populated place
Elliot Water,1,river,stream
Elliott Horses,1,reef,underwater elevation
Ellon,1,populated place,populated place
Embo,1,populated place,populated place
Embo Point,1,point,convex shoreline
Erbusag,1,populated place,populated place
Eriboll,1,populated place,populated place
Ernan Water,1,river,stream
Erriboll,1,populated place,populated place
Eskdale,1,valley,depression
Eskdalemuir,1,populated place,populated place
Eslin Water,1,river,stream
Ethie,1,populated place,populated place
Ethie Burn,1,river,stream
Ethie Haven,1,populated place,populated place
Etive,1,river,stream
Etteridge,1,populated place,populated place
Ettrick Pen,1,mountain,elevation
Euchan Water,1,river,stream
Evelix,1,populated place,populated place
Ewe Island,1,island,island
Ewes Water,1,river,stream
Ey Burn,1,river,stream
Eyebroughty,1,island,island
Eyebroughy,1,island,island
Fala,1,populated place,populated place
Falls of Conon,1,waterfall,stream
Falls of Drumly Harry,1,waterfall,stream
Falls of Glomach,1,waterfall,stream
Falls of Rogie,1,waterfall,stream
Falls of Truim,1,waterfall,stream
Faocha,1,point,convex shoreline
Faraid Head,1,cape,convex shoreline
Farigaig,1,river,stream
Farr,2,populated place,populated place
Farr Point,1,point,convex shoreline
Fashven,1,mountain,elevation
Fasnakyle,1,populated place,populated place
Fassfern,1,populated place,populated place
Fearn,1,populated place,populated place
Fearn Head,1,rocks,elevation
Fearnmore,1,populated place,populated place
Fechlin,1,river,stream
Féith Talagain,1,river,stream
Ferness,1,populated place,populated place
Fernilea,1,populated place,populated place
Ferryden,1,populated place,populated place
Feshie,1,river,stream
Fetteresso,1,populated place,populated place
Feugh Water,1,river,stream
Fidra,1,island,island
Fife Ness,1,point,convex shoreline
Findon,1,populated place,populated place
Fingland Lane,1,river,stream
Fintray,1,populated place,populated place
Fionn Bheinn,1,mountain,elevation
Fionn Lighe,1,river,stream
Fiskavaig,1,populated place,populated place
Fitheach,1,mountain,elevation
Fitty Burn,1,river,stream
Fiunary,1,populated place,populated place
Fleet,2,river,stream
Fleet Bay,1,bay,concave shoreline
Float Bay,1,bay,concave shoreline
Flodigarry,1,populated place,populated place
Foinaven,1,mountain,elevation
Fordel,1,populated place,populated place
Forest Mill,1,populated place,populated place
Forley Craig,1,rock,elevation
Forse Point,1,point,convex shoreline
Forsinain,1,populated place,populated place
Forsinard,1,populated place,populated place
Forso Water,1,river,stream
Forss Water,1,river,stream
Fort George,1,populated place,populated place
Fortrose,1,populated place,populated place
Forvie Burn,1,river,stream
Foulis Point,1,point,convex shoreline
Foveran,1,populated place,populated place
Foyers,1,river,stream
Fraochlan,1,island,island
Fraochlan Island,1,island,island
Freuchie,1,populated place,populated place
Freugh,1,populated place,populated place
Friockheim,1,populated place,populated place
Fros-bheinn,1,mountain,elevation
Fuar Bheinn,1,mountain,elevation
Fuenary House,1,populated place,populated place
Fullarton Water,1,river,stream
Fura,1,island,island
Fura Island,1,island,island
Fyvie,1,populated place,populated place
Gaa Sand,1,island,island
Gaa Sands,1,island,island
Gairich,1,mountain,elevation
Gairloch,1,populated place,populated place
Gairlochy,1,populated place,populated place
Gairn,1,river,stream
Gallanach,1,populated place,populated place
Galloway,1,populated place,populated place
Gamrie,1,populated place,populated place
Gamrie Bay,1,bay,concave shoreline
Gannochy,1,populated place,populated place
Garawalt Falls,1,waterfall,stream
Garbad,1,populated place,populated place
Garbet More,1,lake,basin
Garbh Island,1,island,island
Garbh-eilean,1,island,island
Gardenstown,1,populated place,populated place
Gardenstown Bay,1,bay,concave shoreline
Garlieston,1,populated place,populated place
Garlochy,1,lake,basin
Garlochy Loch,1,lake,basin
Garlogie,1,populated place,populated place
Garoch Water,1,river,stream
Garpol Water,1,river,stream
Garrisdale Point,1,point,convex shoreline
Garroch Burn,1,river,stream
Garron Point,1,point,convex shoreline
Garron Rock,1,rock,elevation
Garry,1,river,stream
Garry Loch,1,lake,basin
Garryhorn Burn,1,river,stream
Garvald,1,populated place,populated place
Garvan,1,populated place,populated place
Garve,1,populated place,populated place
Garvock,1,populated place,populated place
Garwald Water,1,river,stream
Gatehouse,1,populated place,populated place
Gatehouse of Fleet,1,populated place,populated place
Gateside,1,populated place,populated place
Geal chàrn,1,mountain,elevation
Geal-chàrm Mòr,1,mountain,elevation
Geary,1,populated place,populated place
Georgetown,1,populated place,populated place
Geur Rudha,1,point,convex shoreline
Gifford,1,populated place,populated place
Gill Burn,1,river,stream
Gillespie,1,populated place,populated place
Gills,1,populated place,populated place
Gills Bay,1,bay,concave shoreline
Gipsy Point,1,point,convex shoreline
Girnock Burn,1,river,stream
Girnock Water,1,river,stream
Gizzing Briggs,1,bank,underwater elevation
Gladhouse Water,1,river,stream
Glais Bheinn,1,mountain,elevation
Glamaig,1,mountain,elevation
Glas Ben,1,mountain,elevation
Glas Bheinn,2,mountain,elevation
Glas Mao,1,mountain,elevation
Glas Maol,1,mountain,elevation
Glas-leac Mòr,1,island,island
Glas-loch Mor,1,lake,basin
Glascarnoch River,1,river,stream
Glasleac Beg,1,island,island
Glasleac More,1,island,island
Glasloch,1,lake,basin
Glasnick,1,populated place,populated place
Glasven,3,mountain,elevation
Gleann an Dubh Lochain,1,valley,depression
Gleann Beag,2,valley,depression
Gleann Bianasdail,1,valley,depression
Gleann Camgharaidh,1,valley,depression
Gleann Chorainn,1,valley,depression
Gleann Dubh,2,valley,depression
Gleann Einich,1,valley,depression
Gleann Etive,1,valley,depression
Gleann Fhiodhaig,1,valley,depression
Gleann Geal,1,valley,depression
Gleann Glas Dhoire,1,valley,depression
Gleann Gniomhaidh,1,valley,depression
Gleann Goibhre,1,valley,depression
Gleann Meadail,1,valley,depression
Gleann Meadhonach,1,valley,depression
Gleann Mòr,1,valley,depression
Gleann na Guiserein,1,valley,depression
Gleann na Muic,2,valley,depression
Gleann na Muice,2,valley,depression
Gleann nam Fiadh,1,valley,depression
Gleann nan Eun,1,valley,depression
Gleann Suileag,1,valley,depression
Gleann Udalain,1,valley,depression
Glemeanie,1,valley,depression
Glen Achall,1,valley,depression
Glen Achaltt,1,valley,depression
Glen Aladale,1,valley,depression
Glen Albyn,1,valley,depression
Glen Aldie,1,valley,depression
Glen Bannisdail,1,valley,depression
Glen Beg,2,valley,depression
Glen Bianasdail,1,valley,depression
Glen Brein,1,valley,depression
Glen Brittle,1,valley,depression
Glen Cally,1,valley,depression
Glen Camgarry,1,valley,depression
Glen Cannich,1,valley,depression
Glen Chorain,1,valley,depression
Glen Cia-aig,1,valley,depression
Glen Clunie,1,valley,depression
Glen Coe,1,valley,depression
Glen Cosaidh,1,valley,depression
Glen Damff,1,valley,depression
Glen Dee,1,valley,depression
Glen Dessarry,1,valley,depression
Glen Dessary,1,valley,depression
Glen Dhu,1,valley,depression
Glen Dochartie,1,valley,depression
Glen Docherty,1,valley,depression
Glen Doe,1,valley,depression
Glen Douchary,1,valley,depression
Glen Drian,1,valley,depression
Glen Duror,1,valley,depression
Glen Dye,1,valley,depression
Glen Esk,1,valley,depression
Glen Etive,1,valley,depression
Glen Eunach,1,valley,depression
Glen Ey,1,valley,depression
Glen Fenzie,1,valley,depression
Glen Feshie,1,valley,depression
Glen Fiadhach,1,valley,depression
Glen Fiag,1,valley,depression
Glen Gairn,1,valley,depression
Glen Garvan,1,valley,depression
Glen Geal,1,valley,depression
Glen Geusachan,1,valley,depression
Glen Glas Dhoire,1,valley,depression
Glen Gloy,1,valley,depression
Glen Golly,1,valley,depression
Glen Gour,1,valley,depression
Glen Gowrie,1,valley,depression
Glen Grivie,1,valley,depression
Glen Harris,1,valley,depression
Glen Hinnisdal,1,valley,depression
Glen Hurich,1,valley,depression
Glen Leirg,1,valley,depression
Glen Logie,1,valley,depression
Glen Markie,1,valley,depression
Glen Mazeran,1,valley,depression
Glen Meadhonach,1,valley,depression
Glen More,3,valley,depression
Glen More nan Albin,1,valley,depression
Glen Muic,1,valley,depression
Glen Muick,1,valley,depression
Glen nan Eun,1,valley,depression
Glen of Cushnie,1,valley,depression
Glen of Scotsburn,1,valley,depression
Glen Orrin,1,valley,depression
Glen Ose,1,valley,depression
Glen Pean,1,valley,depression
Glen Prosen,1,valley,depression
Glen Roy,1,valley,depression
Glen Scaddle,1,valley,depression
Glen Shiel,1,valley,depression
Glen Sithidh,1,valley,depression
Glen Sletdale,1,valley,depression
Glen Strathfarrar,1,valley,depression
Glen Tanagaidh,1,valley,depression
Glen Tanner,1,valley,depression
Glen Tarbert,1,valley,depression
Glen Torridon,1,valley,depression
Glen Tromie,1,valley,depression
Glen Udalain,1,valley,depression
Glen Uig,1,valley,depression
Glen-na-Muice,1,valley,depression
Glenaladale,1,valley,depression
Glenbucket,1,populated place,populated place
Glencaple,1,populated place,populated place
Glenceitlein,1,populated place,populated place
Glendibadle,1,populated place,populated place
Glenelg,1,populated place,populated place
Glenfinzie,1,valley,depression
Glenluce,1,populated place,populated place
Glenmarksie,1,valley,depression
Glenmazeran,1,valley,depression
Glenmore,1,valley,depression
Glenogil,1,populated place,populated place
Glenrossal,1,populated place,populated place
Glenrothes,1,populated place,populated place
Glensanda,1,river,stream
Glensanda River,1,river,stream
Glentoo Loch,1,lake,basin
Glentromie,1,valley,depression
Glenuig Bay,1,bay,concave shoreline
Glenwhilly,1,populated place,populated place
Glomach,1,river,stream
Glutt Water,1,river,stream
Gobernuisgach,1,populated place,populated place
Golspie,1,populated place,populated place
Golspie Burn,1,river,stream
Gordonbush,1,populated place,populated place
Gordonstown,1,populated place,populated place
Gorebridge,1,populated place,populated place
Gortenfern,1,populated place,populated place
Gortoncorn,1,populated place,populated place
Gortonfern,1,populated place,populated place
Gowanbank,1,populated place,populated place
Graddoch Burn,1,river,stream
Graddock Burn,1,river,stream
Grange,1,populated place,populated place
Grann Stacah,1,mountain,elevation
Grantown,1,populated place,populated place
Grantown on Spey,1,populated place,populated place
Great Glen of Scotland,1,valley,depression
Great Ross,1,peninsula,convex shoreline
Green Hill,1,mountain,elevation
Green Island Bay,1,bay,concave shoreline
Green Scalp,1,bank,underwater elevation
Greenfield,1,populated place,populated place
Greenland,1,populated place,populated place
Greenstone Point,1,point,convex shoreline
Gretna,1,populated place,populated place
Groban,1,mountain,elevation
Gruamabeag,1,populated place,populated place
Gruinard,1,island,island
Gruinard River,1,river,stream
Grum Briggs,1,rocks,elevation
Gryfe,1,river,stream
Guardy,1,shoal,underwater elevation
Guer Rudha,1,point,convex shoreline
Guillamon,1,island,island
Gullane Ness,1,point,convex shoreline
Gulvain,1,mountain,elevation
Guthrie,1,populated place,populated place
Hackley Head,1,cape,convex shoreline
Haddington,1,populated place,populated place
Halival,1,mountain,elevation
Hall Bay,1,bay,concave shoreline
Hallin,1,populated place,populated place
Hallival,1,mountain,elevation
Handa,1,island,island
Handa Island,1,island,island
Handa Sound,1,sound,strait
Harbour Point,1,point,convex shoreline
Harlosh,1,island,island
Harrow Point,1,point,convex shoreline
Hart Fell,1,mountain,elevation
Harwood Burn,1,river,stream
Harwood Water,1,river,stream
Hatton,1,populated place,populated place
Hatton of Fintray,1,populated place,populated place
Haugh of Urr,1,populated place,populated place
Head of Crees,1,point,convex shoreline
Head of Garness,1,cape,convex shoreline
Head of Man,1,cape,convex shoreline
Heilam,1,populated place,populated place
Heilem,1,populated place,populated place
Heilim,1,populated place,populated place
Hell Rock,1,rock,elevation
Helmsdale,1,populated place,populated place
Helmsdale Water,1,river,stream
Hestan,1,island,island
Hestan Island,1,island,island
High Glasnick,1,populated place,populated place
High Valleyfield,1,populated place,populated place
Hill of Crogodale,1,hill,elevation
Hill of Fare,1,hill,elevation
Hill of Fearn,1,populated place,populated place
Hill of Longhaven,1,hill,elevation
Hill of Urchany,1,hill,elevation
Hill of Wirren,1,mountain,elevation
Hilltown,1,populated place,populated place
Hilton of Cadboll,1,populated place,populated place
Hoan,1,island,island
Hobseat,1,populated place,populated place
Hoe Point,1,point,convex shoreline
Holborn Head,1,cape,convex shoreline
Holburn Head,1,cape,convex shoreline
Holm,1,island,island
Holm Island,1,island,island
Holywood,1,populated place,populated place
Hopes,1,populated place,populated place
Hopes Water,1,river,stream
Horse,1,island,island
Horse Island,1,island,island
Houghs Bay,1,bay,concave shoreline
Hound Hillock,1,mountain,elevation
Howgate,1,populated place,populated place
Howwood,1,populated place,populated place
Humbie,1,populated place,populated place
Humla Rock,1,rock,elevation
Hummel Rocks,1,rocks,elevation
Hummell Rocks,1,rocks,elevation
Huntly,1,populated place,populated place
Idrigill Point,1,point,convex shoreline
Inch-na-damff,1,populated place,populated place
Inchard River,1,river,stream
Inchbare,1,populated place,populated place
Inchcape,1,rock,elevation
Inchcolm,1,island,island
Inchinnan,1,populated place,populated place
Inchkeith,1,island,island
Inchlaggan,1,populated place,populated place
Inchmarlo,1,populated place,populated place
Inkhorn,1,populated place,populated place
Inner Sound,2,sound,strait
Inver,1,river,stream
Inverailort,1,populated place,populated place
Inverallochy,1,populated place,populated place
Inveran,1,populated place,populated place
Inverarity,1,populated place,populated place
Inverasdale,1,populated place,populated place
Inverbervie,1,populated place,populated place
Invercoe,1,populated place,populated place
Invergarry,1,populated place,populated place
Invergordon,1,populated place,populated place
Inveriavanie River,1,river,stream
Inverinate,1,populated place,populated place
Inverinyate,1,populated place,populated place
Inverkeilor,1,populated place,populated place
Inverkeithing,1,populated place,populated place
Inverlael,1,populated place,populated place
Inverlaidnan,1,populated place,populated place
Invermessan,1,populated place,populated place
Invermoriston,1,populated place,populated place
Invermorriston,1,populated place,populated place
Inverness,1,populated place,populated place
Invernetty Bay,1,bay,concave shoreline
Inverquharity,1,populated place,populated place
Invershin,1,populated place,populated place
Inverugie,1,populated place,populated place
Inverugie Mill,1,populated place,populated place
Inverurie,1,populated place,populated place
Iosa,1,island,island
Isauld Point,1,point,convex shoreline
Isay,1,island,island
Isay Island,1,island,island
Island Hoan,1,island,island
Island of Raasay,1,island,island
Island of Rona,1,island,island
Islands of Fleet,1,islands,island
Isle Martin,1,island,island
Isle Risdale,1,island,island
Isle Ristol,1,island,island
Isleornsay,1,populated place,populated place
Jamiesons Point,1,point,convex shoreline
Janetstown,1,populated place,populated place
Jean Town,1,populated place,populated place
Jemima Rock,1,rock,elevation
Jemimaville,1,populated place,populated place
Johnshaven,1,populated place,populated place
Johnstone,1,populated place,populated place
Joss Rock,1,rock,elevation
Kealdale,1,populated place,populated place
Kearvaig,1,populated place,populated place
Kearvaig River,1,river,stream
Keig,1,populated place,populated place
Keiss,1,populated place,populated place
Keith Inch,1,island,island
Keithan,1,populated place,populated place
Kells Range,1,mountains,elevated area
Kelton,2,populated place,populated place
Kelty,1,populated place,populated place
Kemnay,1,populated place,populated place
Kennel Burn,1,river,stream
Kennet,1,populated place,populated place
Kennetpans,1,populated place,populated place
Kerlochs,1,mountain,elevation
Kerry,1,river,stream
Kessock,1,populated place,populated place
Kiachnish Water,1,river,stream
Kilbride,1,populated place,populated place
Kildonan,2,populated place,populated place
Kildonnan,1,populated place,populated place
Killilan,1,populated place,populated place
Kills Range,1,mountains,elevated area
Killundine River,1,river,stream
Kilmalieu Bay,1,bay,concave shoreline
Kilmaluag,1,populated place,populated place
Kilmaluaig,1,populated place,populated place
Kilmany,1,populated place,populated place
Kilmarie,1,populated place,populated place
Kilmaron,1,populated place,populated place
Kilmartin,1,river,stream
Kilmartin River,1,river,stream
Kilmorack Falls,1,waterfall,stream
Kilmore,1,populated place,populated place
Kilmory,2,populated place,populated place
Kilmote,1,populated place,populated place
Kilmuir,4,populated place,populated place
Kilrenny,1,populated place,populated place
Kilry,1,populated place,populated place
Kinaldie,1,populated place,populated place
Kinbrace,1,populated place,populated place
Kincardine,2,populated place,populated place
Kincraig Point,1,point,convex shoreline
Kineff,1,populated place,populated place
Kinellar,1,populated place,populated place
Kingcraig Point,1,point,convex shoreline
Kingholm Quay,1,populated place,populated place
Kinghorn,1,populated place,populated place
Kingie,1,river,stream
Kinglassie,1,populated place,populated place
Kingoldrum,1,populated place,populated place
Kingsbarns,1,populated place,populated place
Kingsburgh,1,populated place,populated place
Kingskettle,1,populated place,populated place
Kingsmuir,1,populated place,populated place
Kingussie,1,populated place,populated place
Kinkell Ness,1,point,convex shoreline
Kinloch,2,populated place,populated place
Kinloch-Ailort,1,populated place,populated place
Kinlocheil,1,populated place,populated place
Kinlochewe,1,river,stream
Kinlochleven,1,populated place,populated place
Kinlochmoidart,1,populated place,populated place
Kinlochmore,1,populated place,populated place
Kinlochourn,1,populated place,populated place
Kinlochowen,1,populated place,populated place
Kinmuck,1,populated place,populated place
Kinnaird Head,1,cape,convex shoreline
Kinnairds Head,1,cape,convex shoreline
Kinnel Water,1,river,stream
Kinnell,1,populated place,populated place
Kinnernie,1,populated place,populated place
Kinord,1,populated place,populated place
Kinrara,1,populated place,populated place
Kintail,1,populated place,populated place
Kintradwell,1,populated place,populated place
Kip,1,mountain,elevation
Kip Hill,1,mountain,elevation
Kippford,1,populated place,populated place
Kirclachie Burn,1,river,stream
Kircudbright,1,populated place,populated place
Kirk Cleuch,1,river,stream
Kirk of Mochrum,1,populated place,populated place
Kirkaig,1,river,stream
Kirkbuddo,1,populated place,populated place
Kirkcaldy Bay,1,bay,concave shoreline
Kirkchrist,1,populated place,populated place
Kirkcolm,1,populated place,populated place
Kirkconnell,1,populated place,populated place
Kirkcowan,1,populated place,populated place
Kirkcudbright,1,populated place,populated place
Kirkgunzeon,1,populated place,populated place
Kirkgunzeon Lane,1,river,stream
Kirkhill of Kennethmont,1,populated place,populated place
Kirkinner,1,populated place,populated place
Kirkland Hill,1,mountain,elevation
Kirkmaiden,1,populated place,populated place
Kirkpatrick Durham,1,populated place,populated place
Kirkton,2,populated place,populated place
Kirkton Head,1,point,convex shoreline
Kirkton of Airlie,1,populated place,populated place
Kirkton of Auchterhouse,1,populated place,populated place
Kirkton of Durris,1,populated place,populated place
Kirkton of Glenisla,1,populated place,populated place
Kirkton of Largo,1,populated place,populated place
Kirkton of Logie Buchan,1,populated place,populated place
Kirkton of Menmuir,1,populated place,populated place
Kirkton of Tealing,1,populated place,populated place
Kirktown of Alvah,1,populated place,populated place
Kirktown of Bourtie,1,populated place,populated place
Kirktown of Clatt,1,populated place,populated place
Kirktown of Slains,1,populated place,populated place
Kirtomy,1,populated place,populated place
Kirtomy Bay,1,bay,concave shoreline
Kirtomy Burn,1,river,stream
Kirtomy Point,1,point,convex shoreline
Kishorn,1,river,stream
Klibreck,1,populated place,populated place
Kmbrace,1,populated place,populated place
Knock Bay,1,bay,concave shoreline
Knock Fyrish,1,mountain,elevation
Knock Head,1,cape,convex shoreline
Knockbain,1,populated place,populated place
Knocksting Loch,1,lake,basin
Kyle More,1,sound,strait
Kyle of Durness,1,bay,concave shoreline
Kyle of Lochalsh,1,populated place,populated place
Kyle of Lochash,1,populated place,populated place
Kyle of Rannock,1,sound,strait
Kyle of Tongue,1,bay,concave shoreline
Kyle Rhea,1,strait,strait
Kylesmorar,1,populated place,populated place
Kylestrome,1,populated place,populated place
Ladder Burn,1,river,stream
Ladhar Bheinn,1,mountain,elevation
Lady Bank,1,bank,underwater elevation
Lady Ground,1,reef,underwater elevation
Lady Shoal,1,shoal,underwater elevation
Ladybank,1,populated place,populated place
Lael,1,river,stream
Laggan,1,lake,basin
Laid,1,populated place,populated place
Laide,1,populated place,populated place
Lairg,1,populated place,populated place
Lake Maree,1,lake,basin
Lamachan,1,mountain,elevation
Lamachan Hill,1,mountain,elevation
Lamb,1,island,island
Langbank,1,populated place,populated place
Langholm,1,populated place,populated place
Langwell,1,populated place,populated place
Langwell Water,1,river,stream
Laniewee Burn,1,river,stream
Larg Hill,1,hill,elevation
Largo,1,populated place,populated place
Largo Bay,1,bay,concave shoreline
Largo Law,1,hill,elevation
Largue,1,populated place,populated place
Larig Hill,1,mountain,elevation
Lasswade,1,populated place,populated place
Latheron,1,populated place,populated place
Latheronwheel Burn,1,river,stream
Latheronwheel Water,1,river,stream
Laurencekirk,1,populated place,populated place
Lawrieston,1,populated place,populated place
Laxford,1,river,stream
Lealt River,1,river,stream
Leffnoll Point,1,point,convex shoreline
Leinish Bay,1,bay,concave shoreline
Leithies Rocks,1,rocks,elevation
Lentran Point,1,point,convex shoreline
Leochel-Cushnie,1,populated place,populated place
Leonach Burn,1,river,stream
Leslie,2,populated place,populated place
Leswalt,1,populated place,populated place
Letham,1,populated place,populated place
Letterewe,1,populated place,populated place
Letterfearn,1,populated place,populated place
Leum-a’-Chlamhain,1,lake,basin
Leven,1,populated place,populated place
Lewiston,1,populated place,populated place
Liathach,1,mountain,elevation
Liathack,1,mountain,elevation
Limekiln Rock,1,rock,elevation
Limekilns,1,populated place,populated place
Lindores,1,populated place,populated place
Ling,1,river,stream
Linlithgow,1,populated place,populated place
Linn of Dee,1,waterfall,stream
Lintrathen,1,populated place,populated place
Little Ben Wyvis,1,mountain,elevation
Little Creich,1,populated place,populated place
Little Forter,1,populated place,populated place
Little Gruinard,1,river,stream
Little Gruinard River,1,river,stream
Little Johns Haven,1,bay,concave shoreline
Little Ross,1,island,island
Little Scare,1,rocks,elevation
Little Scares,1,rocks,elevation
Littleferry,1,populated place,populated place
Livingston,1,populated place,populated place
Loanan,1,river,stream
Loch a’ Bhraoin,1,lake,basin
Loch a’ Chadh-fi,1,bay,concave shoreline
Loch a’ Choire,1,lake,basin
Loch a’ Chuilinn,1,lake,basin
Loch a’ Gharbh-bhaid Mòr,1,lake,basin
Loch a’ Ghriama,1,lake,basin
Loch a’ Mhuilinn,1,lake,basin
Loch a’ Mhuillidh,1,lake,basin
Loch a’ Vealloch,1,lake,basin
Loch Achall,1,lake,basin
Loch Achanalt,1,lake,basin
Loch Achnamoine,1,lake,basin
Loch Achran,1,lake,basin
Loch Affric,1,lake,basin
Loch Affrick,1,lake,basin
Loch Ailort,1,bay,concave shoreline
Loch Ailsh,1,lake,basin
Loch Ainneart,2,bay,concave shoreline
Loch Ainort,1,bay,concave shoreline
Loch Airdbhair,1,bay,concave shoreline
Loch Aline,1,bay,concave shoreline
Loch Alvie,1,lake,basin
Loch an Alltain Duibh,1,bay,concave shoreline
Loch an Alltain Fhearna,1,lake,basin
Loch an Dithreibh,1,lake,basin
Loch an Eilein,1,lake,basin
Loch an Eoin,1,lake,basin
Loch an Fhearna,1,lake,basin
Loch an Laoigh,1,lake,basin
Loch an Leathaid Bhuain,1,lake,basin
Loch an Nid,1,lake,basin
Loch an Staca,1,lake,basin
Loch an t-Seilich,1,lake,basin
Loch an Tubairnaich,1,lake,basin
Loch Arienas,1,lake,basin
Loch Arnish,1,bay,concave shoreline
Loch Arthur,1,lake,basin
Loch Ashie,1,lake,basin
Loch Assynt,1,lake,basin
Loch Ba,1,lake,basin
Loch Baddanloch,1,lake,basin
Loch Baligill,1,lake,basin
Loch Barevach,1,lake,basin
Loch Beannach,3,lake,basin
Loch Beannacharain,1,lake,basin
Loch Beanoch,1,lake,basin
Loch Beinn a’ Mheadhoin,1,lake,basin
Loch Bhanabhaidh,1,lake,basin
Loch Bhealaich,2,lake,basin
Loch Bhlair,1,lake,basin
Loch Bhreatal,1,bay,concave shoreline
Loch Bracadale,1,bay,concave shoreline
Loch Brack,1,lake,basin
Loch Bràigh Horrisdale,1,lake,basin
Loch Brandy,1,lake,basin
Loch Brittle,1,bay,concave shoreline
Loch Brora,1,lake,basin
Loch Bruiach,1,lake,basin
Loch Bruicheach,1,lake,basin
Loch Cairnbawn,1,bay,concave shoreline
Loch Calam,1,lake,basin
Loch Calder,1,lake,basin
Loch Callater,1,lake,basin
Loch Camus Cross,1,bay,concave shoreline
Loch Caoldair,1,lake,basin
Loch Carrie,1,lake,basin
Loch Carron,1,bay,concave shoreline
Loch Ceann Traigh,1,bay,concave shoreline
Loch Chaluim,1,lake,basin
Loch Chroisk,1,lake,basin
Loch Clair,1,lake,basin
Loch Clàir,1,lake,basin
Loch Cluanie,1,lake,basin
Loch Clunie,1,lake,basin
Loch Coir-na-sidie,1,lake,basin
Loch Coire Làir,1,lake,basin
Loch Coire na Sith,1,lake,basin
Loch Connan,1,lake,basin
Loch Cor Arder,1,lake,basin
Loch Cor Vanen,1,lake,basin
Loch Coruisk,1,lake,basin
Loch Coulin,1,lake,basin
Loch Coultree,1,lake,basin
Loch Coye,1,lake,basin
Loch Cracail Mòr,1,lake,basin
Loch Cragail,1,lake,basin
Loch Craggie,3,lake,basin
Loch Crum,1,lake,basin
Loch Crunachdan,1,lake,basin
Loch Cuil na Sith,1,lake,basin
Loch Cùl Fraoich,1,lake,basin
Loch Culen,1,lake,basin
Loch Davan,1,lake,basin
Loch Dee,1,lake,basin
Loch Diabaig,1,bay,concave shoreline
Loch Dionard,1,lake,basin
Loch Diubaig,1,bay,concave shoreline
Loch Doilot,1,lake,basin
Loch Doire nam Mart,1,lake,basin
Loch Dornal,1,lake,basin
Loch Droma,1,lake,basin
Loch Dubh,2,lake,basin
Loch Dubh Geoidh,1,lake,basin
Loch Dùghaill,1,bay,concave shoreline
Loch Dun Seilcheig,1,lake,basin
Loch Dungeon,1,lake,basin
Loch Dunvegan,1,bay,concave shoreline
Loch Durinemast,1,lake,basin
Loch Eilde Beag,1,lake,basin
Loch Eilde Mòr,1,lake,basin
Loch Eilt-beag,1,lake,basin
Loch Eilt-mor,1,lake,basin
Loch Eishart,1,bay,concave shoreline
Loch Ellanach,1,lake,basin
Loch Enoch,1,lake,basin
Loch Eoin,1,lake,basin
Loch Eriboll,1,bay,concave shoreline
Loch Esk,1,lake,basin
Loch Etchachan,1,lake,basin
Loch Euchan,1,lake,basin
Loch Ewe,1,bay,concave shoreline
Loch Eyre,1,bay,concave shoreline
Loch Fad,1,lake,basin
Loch Fada,3,lake,basin
Loch Fannich,1,lake,basin
Loch Fewin,1,lake,basin
Loch Fiack,1,lake,basin
Loch Fiag,1,lake,basin
Loch Fiodhaig,1,lake,basin
Loch Fionn,1,lake,basin
Loch Fithie,1,lake,basin
Loch Fleet,1,lake,basin
Loch Gaineamhach,1,lake,basin
Loch Gamhna,1,lake,basin
Loch Garave,1,lake,basin
Loch Garbetbeg,1,lake,basin
Loch Garbetmore,1,lake,basin
Loch Ghuilbinn,1,lake,basin
Loch Glass,1,lake,basin
Loch Glendhu,1,bay,concave shoreline
Loch Gowan,1,lake,basin
Loch Gown,1,lake,basin
Loch Grennoch,1,lake,basin
Loch Greshornish,1,bay,concave shoreline
Loch Griam,1,lake,basin
Loch Gulbin,1,lake,basin
Loch Harport,1,bay,concave shoreline
Loch Harrow,1,lake,basin
Loch Heilen,1,lake,basin
Loch Hope,1,lake,basin
Loch Horn,1,lake,basin
Loch Hourn,1,bay,concave shoreline
Loch Hourn Beg,1,bay,concave shoreline
Loch Insh,1,lake,basin
Loch Inver,1,bay,concave shoreline
Loch Kennort,1,bay,concave shoreline
Loch Kernasay,1,lake,basin
Loch Kernsary,1,lake,basin
Loch Killin,1,lake,basin
Loch Kinord,1,lake,basin
Loch Kishon,1,bay,concave shoreline
Loch Laggan,2,lake,basin
Loch Laxford,1,bay,concave shoreline
Loch Leathan,1,lake,basin
Loch Leinish,1,bay,concave shoreline
Loch Leiter Easaich,1,lake,basin
Loch Letteressie,1,lake,basin
Loch Leum a’ Chlamhain,1,lake,basin
Loch Leven,1,lake,basin
Loch Liath,1,lake,basin
Loch Loy,1,lake,basin
Loch Loyne,1,lake,basin
Loch ma Stac,1,lake,basin
Loch Maberry,1,lake,basin
Loch Maree,1,lake,basin
Loch Meikle,1,lake,basin
Loch Meiklie,1,lake,basin
Loch Minnick,1,lake,basin
Loch Minnoch,1,lake,basin
Loch Mohr,1,lake,basin
Loch Moidart,1,bay,concave shoreline
Loch Mor na Caorach,1,lake,basin
Loch Morar,1,lake,basin
Loch More,2,lake,basin
Loch Morie,1,lake,basin
Loch Morlich,1,lake,basin
Loch Muick,1,lake,basin
Loch Muirichinn,1,lake,basin
Loch Mullardoch,1,lake,basin
Loch na Beinne Baine,1,lake,basin
Loch na Cairidh,1,channel,strait
Loch na Caoidhe,1,lake,basin
Loch na Caorach,2,lake,basin
Loch na Claise,1,lake,basin
Loch na Clar,1,lake,basin
Loch na Cuaich,1,lake,basin
Loch na Daimh,1,lake,basin
Loch na Gaineimh,1,lake,basin
Loch na Hachlaise,1,lake,basin
Loch na Meadie,1,lake,basin
Loch na Moine,1,lake,basin
Loch na Seilge,1,lake,basin
Loch na Sgeallaig,1,lake,basin
Loch na Sheallag,1,lake,basin
Loch na Siolaig,1,lake,basin
Loch nan Breac,1,lake,basin
Loch nan Ceall,1,bay,concave shoreline
Loch nan Clàr,1,lake,basin
Loch nan Crilltean,1,bay,concave shoreline
Loch nan Cuinne,1,lake,basin
Loch nan Eun,1,lake,basin
Loch nan Lann,1,lake,basin
Loch Naver,1,lake,basin
Loch Neaty,1,lake,basin
Loch Neldricken,1,lake,basin
Loch Ochiltree,1,lake,basin
Loch of Camster,1,lake,basin
Loch of Forfar,1,lake,basin
Loch of Lintrathen,1,lake,basin
Loch of Skene,1,lake,basin
Loch of Strathbeg,1,lake,basin
Loch of Wester,1,lake,basin
Loch of Yarrows,1,lake,basin
Loch Ossian,1,lake,basin
Loch Pattack,1,lake,basin
Loch Pattock,1,lake,basin
Loch Phitiulais,1,lake,basin
Loch Pityoulish,1,lake,basin
Loch Polly,1,bay,concave shoreline
Loch Pooltiel,1,bay,concave shoreline
Loch Qulach,1,lake,basin
Loch Quoich,1,lake,basin
Loch Raa,1,lake,basin
Loch Rangag,1,lake,basin
Loch Roe,1,bay,concave shoreline
Loch Roy,1,lake,basin
Loch Ruard,1,lake,basin
Loch Ryan,1,bay,concave shoreline
Loch Sallachy,1,lake,basin
Loch Saorach,1,lake,basin
Loch Scalabsdale,1,lake,basin
Loch Scarmclate,1,lake,basin
Loch Scarmclett,1,lake,basin
Loch Scathvaig,1,bay,concave shoreline
Loch Scresort,1,bay,concave shoreline
Loch Sgamhain,1,lake,basin
Loch Sgur-eilt,1,lake,basin
Loch Shieldaig,2,bay,concave shoreline
Loch Shin,1,lake,basin
Loch Shurrery,1,lake,basin
Loch Sionascaig,1,lake,basin
Loch Skae,1,lake,basin
Loch Skene,1,lake,basin
Loch Skercha,1,bay,concave shoreline
Loch Skinaskink,1,lake,basin
Loch Slaim,1,lake,basin
Loch Sligachan,1,bay,concave shoreline
Loch Snizort,1,bay,concave shoreline
Loch Snizort Beag,1,bay,concave shoreline
Loch Snizort Beg,1,bay,concave shoreline
Loch Stack,1,lake,basin
Loch Stemster,1,lake,basin
Loch Strathy,1,lake,basin
Loch Stunishad,1,lake,basin
Loch Suorach,1,lake,basin
Loch Syre,1,lake,basin
Loch Teacuis,1,bay,concave shoreline
Loch Thormaid,1,lake,basin
Loch Thuirnaig,1,bay,concave shoreline
Loch Thulachan,1,lake,basin
Loch Tobernach,1,lake,basin
Loch Toll a Muick,1,lake,basin
Loch Toll an Lochain,1,lake,basin
Loch Treaslane,1,bay,concave shoreline
Loch Triochatan,1,lake,basin
Loch Trool,1,lake,basin
Loch Truderscaig,1,lake,basin
Loch Truid Air Sgithiche,1,lake,basin
Loch Tubernach,1,lake,basin
Loch Tuim Ghlais,1,lake,basin
Loch Uanagan,1,lake,basin
Loch Uisge,1,lake,basin
Loch Urigill,1,lake,basin
Loch Valley,1,lake,basin
Loch Vrotachan,1,lake,basin
Loch Vrotten,1,lake,basin
Loch Watten,1,lake,basin
Loch Wharral,1,lake,basin
Loch Whinyeon,1,lake,basin
Lochaline,1,populated place,populated place
Lochalsh,1,populated place,populated place
Lochan a’ Bhealaich,1,lake,basin
Lochan Burn,1,river,stream
Lochan Dubh,1,lake,basin
Lochan Fada,2,lake,basin
Lochan Lùnn Dà-Bhrà,1,lake,basin
Lochan na h-Earba,1,lake,basin
Lochan Thulachan,1,lake,basin
Lochar,1,river,stream
Locharbriggs,1,populated place,populated place
Lochcarron,1,populated place,populated place
Lochenbreck,1,lake,basin
Lochend,2,populated place,populated place
Locher Water,1,river,stream
Lochfoot,1,populated place,populated place
Lochgelly,1,populated place,populated place
Lochindorb,1,lake,basin
Lochmaben,1,populated place,populated place
Lochnagar,1,mountain,elevation
Lochnoll Point,1,point,convex shoreline
Lochrutton,1,lake,basin
Lochrutton Loch,1,lake,basin
Lochtreighead,1,populated place,populated place
Lochty Burn,1,river,stream
Lochwood,1,populated place,populated place
Lochy,1,river,stream
Lockerbie,1,populated place,populated place
Logan Burn,1,river,stream
Logan Water,1,river,stream
Logie,2,populated place,populated place
Logie Buchan,1,populated place,populated place
Logie Head,1,cape,convex shoreline
Lomond Hills,1,hills,elevated area
Lonban,1,populated place,populated place
Long Craig,1,rock,elevation
Long Haven,1,bay,concave shoreline
Longa Island,1,island,island
Longman Point,1,point,convex shoreline
Longniddry,1,populated place,populated place
Lorgach Burn,1,river,stream
Lorgill,1,populated place,populated place
Lothbeg,1,populated place,populated place
Lothbeg Point,1,point,convex shoreline
Lothrie Burn,1,river,stream
Low Torry,1,populated place,populated place
Lower Derraid,1,populated place,populated place
Lower Diabaig,1,populated place,populated place
Lower Dounreay,1,populated place,populated place
Lower Gledfield,1,populated place,populated place
Lower Largo,1,populated place,populated place
Lowes Lochs,1,lakes,basin
Loy,1,river,stream
Loyne,1,river,stream
Lubcroy,1,populated place,populated place
Luce,1,river,stream
Lucky Scalp,1,bank,underwater elevation
Luffness,1,populated place,populated place
Lug of Duncansby,1,rock,elevation
Luibeg Burn,1,river,stream
Luing Vore,1,island,island
Lumphanan,1,populated place,populated place
Lumsden,1,populated place,populated place
Lunan,1,populated place,populated place
Lunan Bay,1,bay,concave shoreline
Lunan Water,1,river,stream
Lundie,1,populated place,populated place
Lundin Links,1,populated place,populated place
Lundy,1,river,stream
Lusta,1,populated place,populated place
Luther Water,1,river,stream
Lybster,1,populated place,populated place
Lybster Bay,1,bay,concave shoreline
Lynn of Morven,1,channel,strait
Lynn of Morvern,1,channel,strait
Macleods Maidens,1,rocks,elevation
Mainsriddle,1,populated place,populated place
Maldie Burn,1,river,stream
Mallaig Beg,1,populated place,populated place
Mallart,1,river,stream
Mallart River,1,river,stream
Malzie Water,1,river,stream
Mam Sodhail,1,mountain,elevation
Mam Soul,1,mountain,elevation
Maoile Lunndaidh,1,mountain,elevation
Maol a’ Bhealaich,1,mountain,elevation
Maol-Veally,1,mountain,elevation
Maovally,1,mountain,elevation
Mar Burn,1,river,stream
Mark,1,populated place,populated place
Markinch,1,populated place,populated place
Marnoch,1,populated place,populated place
Marquess of Annandale’s Beef Stand,1,valley,depression
Marr Burn,1,river,stream
Marsco,1,mountain,elevation
Mary’s Loch,1,lake,basin
Maryculter,1,populated place,populated place
Marykirk,1,populated place,populated place
Maryton,1,populated place,populated place
Mashie,1,river,stream
Maud,1,populated place,populated place
Mayar,1,mountain,elevation
Meal,1,mountain,elevation
Meal Manach,1,mountain,elevation
Mealan-a-Chuail,1,mountain,elevation
Mealfourvonie,1,mountain,elevation
Mealfuarvonie,1,mountain,elevation
Meall a veg Head,1,cape,convex shoreline
Meall an Fhuarain,2,mountain,elevation
Meall an Uran,1,mountain,elevation
Meall Bhalach,1,mountain,elevation
Meall Garbh,1,mountain,elevation
Meall Gorm,1,mountain,elevation
Meall Horn,1,mountain,elevation
Meall Meadhonach,1,mountain,elevation
Meall Mòr,1,island,island
Meall More,1,island,island
Meall-Garve,1,mountain,elevation
Meallan a’ Chuail,1,mountain,elevation
Meanach,1,mountain,elevation
Meet Hill,1,hill,elevation
Meggat Water,1,river,stream
Meig,1,river,stream
Meikle Forter,1,populated place,populated place
Meikledale Burn,1,river,stream
Melgarve,1,populated place,populated place
Mell Head,1,cape,convex shoreline
Mellon Charles,1,populated place,populated place
Melness,1,populated place,populated place
Melrose Head,1,cape,convex shoreline
Melvich Bay,1,bay,concave shoreline
Men of Mey,1,rocks,elevation
Mennock,1,populated place,populated place
Menock,1,populated place,populated place
Meoble,1,river,stream
Merksworth,1,populated place,populated place
Merrick,1,mountain,elevation
Methil,1,populated place,populated place
Mey Bay,1,bay,concave shoreline
Mid Clyth,1,populated place,populated place
Mid Kelton,1,populated place,populated place
Midtown Brae,1,populated place,populated place
Migvie,1,populated place,populated place
Mill Loch,1,lake,basin
Millburn,1,populated place,populated place
Milleur Point,1,point,convex shoreline
Millfore,1,mountain,elevation
Millikenpark,1,populated place,populated place
Mills Rocks,1,rocks,elevation
Millton of Clova,1,populated place,populated place
Milton,1,populated place,populated place
Milton Loch,1,lake,basin
Milton Ness,1,point,convex shoreline
Milton of Auchinhove,1,populated place,populated place
Mintlaw,1,populated place,populated place
Mochrum,1,populated place,populated place
Mochrum Fell,1,hill,elevation
Mochrum Loch,1,lake,basin
Moffat,1,populated place,populated place
Moffat Water,1,river,stream
Monadhliath Mountains,1,mountains,elevated area
Monega Hill,1,mountain,elevation
Monessie,1,populated place,populated place
Moniaive,1,populated place,populated place
Monifieth,1,populated place,populated place
Monifieth Sands,1,bank,underwater elevation
Monimail,1,populated place,populated place
Monreith Bay,1,bay,concave shoreline
Monrieth Bay,1,bay,concave shoreline
Montrose,1,populated place,populated place
Montrose Basin,1,lagoon,basin
Monymusk,1,populated place,populated place
Moodlaw Burn,1,river,stream
Moodlaw Loch,1,lake,basin
Moonzie,1,populated place,populated place
Mooram Burn,1,river,stream
Mordow Head,1,cape,convex shoreline
More Head,1,cape,convex shoreline
Moriston,1,river,stream
Mormond Hill,1,hill,elevation
Morrone,1,mountain,elevation
Mortlich,1,mountain,elevation
Mortlich Hill,1,mountain,elevation
Moruisg,1,mountain,elevation
Morven Hill,1,mountain,elevation
Morvich,1,populated place,populated place
Mosspeeble Burn,1,river,stream
Mountblairy,1,populated place,populated place
Mouswald,1,populated place,populated place
Moy,1,populated place,populated place
Muchalls,1,populated place,populated place
Muckle Burn,1,river,stream
Mudale,1,river,stream
Mugdrum,1,island,island
Mugdrum Island,1,island,island
Mugeary,1,populated place,populated place
Muir of Dinnet,1,valley,depression
Muir of Ord,1,populated place,populated place
Muirhead,1,populated place,populated place
Mull of Logan,1,point,convex shoreline
Mullach Mór,1,mountain,elevation
Mullagrach Island,1,island,island
Munlochy,1,populated place,populated place
Murdoch Head,1,cape,convex shoreline
Murray Isles,1,islands,island
Murrays Isles,1,islands,island
Murroes,1,populated place,populated place
Musselburgh,1,populated place,populated place
Na Gamhnachain,1,rock,elevation
Na Gamhnachin,1,rock,elevation
Na Guanachan,1,rock,elevation
Naast,1,populated place,populated place
Nairn,1,populated place,populated place
Narrows of Raasay,1,strait,strait
Naust,1,populated place,populated place
Naver,1,river,stream
Navidale,1,populated place,populated place
Navity Bank,1,bank,underwater elevation
Neaty Burn,1,river,stream
Neave Island,1,island,island
Ness,1,river,stream
Ness Head,1,cape,convex shoreline
Ness of Huna,1,point,convex shoreline
Ness of Quoys,1,point,convex shoreline
Ness Point,1,point,convex shoreline
Nether Hutton,1,populated place,populated place
Nether Kilrenny,1,populated place,populated place
Nether Kinmundy,1,populated place,populated place
Nethermuir,1,populated place,populated place
Nethy,1,river,stream
Nevis Water,1,river,stream
New Abbey,1,populated place,populated place
New Galloway,1,populated place,populated place
New Kelso,1,populated place,populated place
New Leads,1,populated place,populated place
New Luce,1,populated place,populated place
New Pitsligo,1,populated place,populated place
New Quay,1,populated place,populated place
Newburgh,2,populated place,populated place
Newbyth,1,populated place,populated place
Newmacher,1,populated place,populated place
Newport,1,populated place,populated place
Newton Grange,1,populated place,populated place
Newton Point,1,point,convex shoreline
Newtonhill,1,populated place,populated place
Newtonmore,1,populated place,populated place
Newtown Point,1,point,convex shoreline
Newtyle,1,populated place,populated place
Nigg Bay,1,bay,concave shoreline
Nine Mile Burn,1,populated place,populated place
Nith,1,river,stream
Nithsdale,1,valley,depression
Nochty Water,1,river,stream
Noranside,1,populated place,populated place
Norman Rock,1,rock,elevation
North Ballachulish,1,populated place,populated place
North Berwick,1,populated place,populated place
North Berwick Law,1,hill,elevation
North Cobbinshaw,1,populated place,populated place
North Erradale,1,populated place,populated place
North Esk,2,river,stream
North Head,1,cape,convex shoreline
North Head Rock,1,rock,elevation
North Minch,1,strait,strait
North Queensferry,1,populated place,populated place
North Ugie Water,1,river,stream
Noss Head,1,cape,convex shoreline
Noth Hill,1,mountain,elevation
Oakley,1,populated place,populated place
Obbenin,1,populated place,populated place
Obinan,1,populated place,populated place
Ockle,1,populated place,populated place
Oich,1,river,stream
Old Cluden,1,river,stream
Old Cluden Water,1,river,stream
Old Hall Bay,1,bay,concave shoreline
Old Rayne,1,populated place,populated place
Old Water,1,river,stream
Oldany,1,island,island
Oldany Island,1,island,island
Oldmeldrum,1,populated place,populated place
Oldshore,1,populated place,populated place
Oldshore More,1,populated place,populated place
Oldshoremore,1,populated place,populated place
Ollach,1,populated place,populated place
Onich,1,populated place,populated place
Orchardton Bay,1,bay,concave shoreline
Ord,1,populated place,populated place
Ord Hill of Kessock,1,hill,elevation
Ord of Caithness,1,hill,elevation
Ore,1,river,stream
Oreval,1,mountain,elevation
Oreval Mountain,1,mountain,elevation
Ormiston,1,populated place,populated place
Ornsay,1,island,island
Oronsay,2,island,island
Orrin,1,river,stream
Orval,1,mountain,elevation
Ousdale Burn,1,river,stream
Out Head,1,point,convex shoreline
Outer Buss,1,bank,underwater elevation
Overscaig,1,populated place,populated place
Ox Rock,1,rock,elevation
Oxcars,1,rock,elevation
Paby,1,island,island
Paisley,1,populated place,populated place
Pallaugh Burn,1,river,stream
Palnure,1,populated place,populated place
Pannanich,1,populated place,populated place
Paphrie Burn,1,river,stream
Parton,1,populated place,populated place
Pathhead,2,populated place,populated place
Pean,1,river,stream
Peanmeanach,1,populated place,populated place
Peanmeannach,1,populated place,populated place
Pearsie,1,populated place,populated place
Pencaitland,1,populated place,populated place
Penkill Burn,1,river,stream
Pennan,1,populated place,populated place
Pennan Bay,1,bay,concave shoreline
Pennan Head,1,cape,convex shoreline
Perthumie Bay,1,bay,concave shoreline
Peterhead,1,populated place,populated place
Philipstoun,1,populated place,populated place
Philpstoun,1,populated place,populated place
Pitburg,1,populated place,populated place
Pitcaple,1,populated place,populated place
Pitfichie,1,populated place,populated place
Pitlessie,1,populated place,populated place
Pitmedden,1,populated place,populated place
Pitscottie,1,populated place,populated place
Pitscur Buss,1,rock,elevation
Pittrichie,1,populated place,populated place
Pittulie,1,populated place,populated place
Plaidy,1,populated place,populated place
Plockton,1,populated place,populated place
Pluck the Crow Point,1,point,convex shoreline
Poelsane Head,1,cape,convex shoreline
Point of Ardnamurchan,1,point,convex shoreline
Polbain,1,populated place,populated place
Polglass,1,populated place,populated place
Poll Creadha,1,bay,concave shoreline
Poll Doin,1,bay,concave shoreline
Polly,1,river,stream
Polmaddy Burn,1,river,stream
Pomathorn,1,populated place,populated place
Port Errol,1,populated place,populated place
Port Erroll,1,populated place,populated place
Port Logan Bay,1,bay,concave shoreline
Port na Long,1,populated place,populated place
Port Skerra,1,inlet,basin
Port William,1,populated place,populated place
Portaneon,1,populated place,populated place
Portgower,1,populated place,populated place
Portlethen,1,populated place,populated place
Portmahomack,1,populated place,populated place
Portnacroish,1,populated place,populated place
Portnancon,1,populated place,populated place
Portskerra,1,populated place,populated place
Portskerry,1,populated place,populated place
Portsoy,1,populated place,populated place
Pow Burn,1,river,stream
Priest,1,island,island
Priest Island,1,island,island
Priest Water,1,river,stream
Prosen Water,1,river,stream
Pulharrow Burn,1,river,stream
Pulrossie,1,populated place,populated place
Pumpherston,1,populated place,populated place
Queensberry,1,mountain,elevation
Quirang,1,mountain,elevation
Quire,1,lake,basin
Raasay,2,island,island
Racks,1,populated place,populated place
Radernie,1,populated place,populated place
Rae Burn,1,river,stream
Raemoir,1,populated place,populated place
Rahoy,1,populated place,populated place
Raitts Burn,1,river,stream
Ramasaig,1,populated place,populated place
Rannoch,1,river,stream
Rannoch River,1,river,stream
Rathen,1,populated place,populated place
Rattary Head,1,cape,convex shoreline
Rattray Bay,1,bay,concave shoreline
Rattray Briggs,1,reef,underwater elevation
Rattray Hard,1,shoal,underwater elevation
Rattray Head,1,cape,convex shoreline
Reay Burn,1,river,stream
Red Head,2,cape,convex shoreline
Red Point,2,point,convex shoreline
Redcastle,1,populated place,populated place
Redhythe Point,1,point,convex shoreline
Reisipol,1,populated place,populated place
Renfrew,1,populated place,populated place
Reraig,1,populated place,populated place
Resolis,1,populated place,populated place
Rhefail,1,populated place,populated place
Rhian,1,populated place,populated place
Rhian Burn,1,river,stream
Rhiconich,1,river,stream
Rhiconich River,1,river,stream
Rhifail,1,populated place,populated place
Rhilean Burn,1,river,stream
Rhilochan,1,populated place,populated place
Rhinns of Kells,1,mountains,elevated area
Rhu Coigach,1,cape,convex shoreline
Rhum,1,island,island
Rhum Island,1,island,island
Rhynie,1,populated place,populated place
Riabhach Burn,1,river,stream
Ribigill,1,populated place,populated place
Rickett Point,1,point,convex shoreline
Rierach Burn,1,river,stream
Riereach Burn,1,river,stream
Rigg,1,populated place,populated place
Righ Water,1,river,stream
Ringford,1,populated place,populated place
Risga,1,island,island
Rispond,1,populated place,populated place
River Aline,1,river,stream
River Annan,1,river,stream
River Arnisdale,1,river,stream
River Ba,1,river,stream
River Beauly,1,river,stream
River Beinn nan Bun,1,river,stream
River Bladnoch,1,river,stream
River Bran,1,river,stream
River Broom,1,river,stream
River Brora,1,river,stream
River Calder,2,river,stream
River Cannich,1,river,stream
River Carron,2,river,stream
River Cassley,1,river,stream
River Coiltie,1,river,stream
River Conan,1,river,stream
River Conon,2,river,stream
River Culrea,1,river,stream
River Curr,1,river,stream
River Dee,1,river,stream
River Dessarry,1,river,stream
River Devon,1,river,stream
River Dionard,1,river,stream
River Drolsay,1,river,stream
River Dulnan,1,river,stream
River Dyke,1,river,stream
River Eden,1,river,stream
River Eidart,1,river,stream
River Elchaig,1,river,stream
River Enrick,1,river,stream
River Etive,1,river,stream
River Evelix,1,river,stream
River Ewe,1,river,stream
River Farigaig,1,river,stream
River Farrar,1,river,stream
River Feshie,1,river,stream
River Foyers,1,river,stream
River Gairn,1,river,stream
River Gairowan,1,river,stream
River Garry,1,river,stream
River Glasath,1,river,stream
River Glass,1,river,stream
River Guirone,1,river,stream
River Gulbin,1,river,stream
River Helmsdale,1,river,stream
River Inver,1,river,stream
River Kerry,1,river,stream
River Kiachnish,1,river,stream
River Killin,1,river,stream
River Kingie,1,river,stream
River Kirkaig,1,river,stream
River Lair,1,river,stream
River Laxford,1,river,stream
River Loanan,1,river,stream
River Loiste,1,river,stream
River Loyne,1,river,stream
River Mashie,1,river,stream
River Meig,1,river,stream
River Moidart,1,river,stream
River Morar,1,river,stream
River Mudale,1,river,stream
River Nethy,1,river,stream
River Orrin,1,river,stream
River Pattack,1,river,stream
River Polly,1,river,stream
River Ronach,1,river,stream
River Shalachie,1,river,stream
River Shiel,2,river,stream
River Shin,1,river,stream
River Skiak,1,river,stream
River Skinsdale,1,river,stream
River Spean,1,river,stream
River Strathy,1,river,stream
River Tain,1,river,stream
River Talisker,1,river,stream
River Tarff,1,river,stream
River Thraill,1,river,stream
River Thurso,1,river,stream
River Tirry,1,river,stream
River Tromie,1,river,stream
River Turret,1,river,stream
River Tyne,1,river,stream
River Urie,1,river,stream
Rivigill Burn,1,river,stream
Roag,1,populated place,populated place
Roan Heads,1,rocks,elevation
Roan Island,2,island,island
Rockcliff,1,populated place,populated place
Rockcliffe,1,populated place,populated place
Rockfield,1,populated place,populated place
Rogart,1,populated place,populated place
Roineval,1,mountain,elevation
Rona,1,island,island
Rora,1,populated place,populated place
Rora Greens,1,populated place,populated place
Rory Island,1,island,island
Rosehall,1,populated place,populated place
Rosehearty,1,populated place,populated place
Rosemarkie,1,populated place,populated place
Rossie,1,island,island
Rossie Island,1,island,island
Rosskeen,1,populated place,populated place
Rosyth,1,populated place,populated place
Rothiemurchus,1,populated place,populated place
Rothienorman,1,populated place,populated place
Ru Drumnish,1,point,convex shoreline
Ru Ear,1,point,convex shoreline
Ru na Brarin,1,point,convex shoreline
Ru na Clach,1,point,convex shoreline
Ru Ruag,1,point,convex shoreline
Ru Sana,1,point,convex shoreline
Ru Stoer,1,point,convex shoreline
Ruadh Stac,1,mountain,elevation
Ruadh Stac Mòr,1,mountain,elevation
Rubh’ an Dùnain,1,point,convex shoreline
Rubha Aird Druimnich,1,point,convex shoreline
Rubha an Ridire,1,point,convex shoreline
Rubha Bhrà,1,point,convex shoreline
Rubha Cóigeach,1,cape,convex shoreline
Rubha na Fearn,1,cape,convex shoreline
Rubha na Fearna,1,point,convex shoreline
Rubha nam Brathairean,1,point,convex shoreline
Rubha Shamhnan Insir,1,point,convex shoreline
Ruddens Point,1,point,convex shoreline
Rudh na Dunain,1,point,convex shoreline
Rudh’ a Bhuachaille,1,point,convex shoreline
Rudh’ a’ Phuill Bhig,1,point,convex shoreline
Rudh’ an Dùnain,1,point,convex shoreline
Rudha Aird Druimnish,1,point,convex shoreline
Rudha Àird Shlignich,1,point,convex shoreline
Rudha Ban,1,point,convex shoreline
Rudha Bhrà,1,point,convex shoreline
Rudha Cuil-cheanna,1,point,convex shoreline
Rudha Hunish,1,cape,convex shoreline
Rudha na Caillich,1,point,convex shoreline
Rudha na Cloiche,1,cape,convex shoreline
Rudha na Fearn,1,cape,convex shoreline
Rudha na Sgarbh,1,point,convex shoreline
Rudha nan Sgarbh,1,point,convex shoreline
Rudha Thormaid,1,point,convex shoreline
Ruthven,3,populated place,populated place
Ruthwell,1,populated place,populated place
Sàil Mhòr,1,mountain,elevation
Sail More,1,mountain,elevation
Sailfoot Burn,1,river,stream
Saint Andrews,1,populated place,populated place
Saint Davids,1,populated place,populated place
Saint Germains,1,populated place,populated place
Saint Johns Point,1,point,convex shoreline
Saint Marys Isle,1,peninsula,convex shoreline
Saint Monance,1,populated place,populated place
Saint Monans,1,populated place,populated place
Salachadh,1,populated place,populated place
Salachy,1,populated place,populated place
Salen,1,populated place,populated place
Sallachan,1,populated place,populated place
Sallachy,2,populated place,populated place
Salthouse Head,1,headland,convex shoreline
Salthouse Point,1,headland,convex shoreline
Salton,1,populated place,populated place
Samalaman,1,island,island
Samalaman Island,1,island,island
Sana Bay,1,bay,concave shoreline
Sandanisher Point,1,point,convex shoreline
Sanday,1,island,island
Sanday Island,1,island,island
Sandend,1,populated place,populated place
Sandend Bay,1,bay,concave shoreline
Sandhead,1,populated place,populated place
Sandhead Bay,1,bay,concave shoreline
Sands,1,populated place,populated place
Sandside Burn,1,river,stream
Sandside Head,1,cape,convex shoreline
Sandwood,1,populated place,populated place
Sangobeg,1,populated place,populated place
Sanna Bay,1,bay,concave shoreline
Sanna Point,1,point,convex shoreline
Sanquhar,1,populated place,populated place
Sarclet,1,populated place,populated place
Sarclet Head,1,cape,convex shoreline
Sauchie,1,populated place,populated place
Saughs Water,1,river,stream
Saval More,1,mountain,elevation
Scalpay,1,island,island
Scamodale,1,populated place,populated place
Scar,1,river,stream
Scaraben,1,mountain,elevation
Scaraven,1,mountain,elevation
Scarton Point,1,point,convex shoreline
Scaur Water,1,river,stream
Scaven,1,lake,basin
Scawd Law,1,mountain,elevation
Scoraig,1,populated place,populated place
Scotstown,1,populated place,populated place
Scotstown Head,1,point,convex shoreline
Scour Gairoch,1,mountain,elevation
Scour Ouran,1,mountain,elevation
Scourie Bay,1,bay,concave shoreline
Screen Rocks,1,rocks,elevation
Scrishven,1,mountain,elevation
Scuir na Lapaich,1,mountain,elevation
Scuir nan Gillean,1,mountain,elevation
Scuir of Eigg,1,mountain,elevation
Scuir Rua,1,mountain,elevation
Scuir Vuillin,1,mountain,elevation
Scurdie Ness,1,point,convex shoreline
Scurdy Ness,1,point,convex shoreline
Seal Carr,1,reef,underwater elevation
Seal Island,1,island,island
Sgeir a’ Mhàim-ard,1,rock,elevation
Sgeir Dearg,1,rock,elevation
Sgeir Dhearg,1,rock,elevation
Sgeir na Trian,1,rock,elevation
Sgor Goul,1,hill,elevation
Sgribhis-bheinn,1,mountain,elevation
Sgur an Airgid,1,mountain,elevation
Sgur Ban,1,mountain,elevation
Sgur na Fiantaig,1,mountain,elevation
Sgur nan Conbhairean,1,mountain,elevation
Sgùrr a’ Choire Ghlais,1,mountain,elevation
Sgùrr a’ Mhaoraich,1,mountain,elevation
Sgùrr a’ Mhuilinn,1,mountain,elevation
Sgùrr Alasdair,1,mountain,elevation
Sgurr Choire Chlais,1,mountain,elevation
Sgùrr Dhomhnuill,1,mountain,elevation
Sgùrr Fhuaran,1,mountain,elevation
Sgùrr Mòr,1,mountain,elevation
Sgùrr na Ciche,1,mountain,elevation
Sgùrr na Ciste Duibhe,1,mountain,elevation
Sgùrr na Lapaich,2,mountain,elevation
Sgùrr na Ruaidhe,1,mountain,elevation
Sgùrr nan Coireachan,1,mountain,elevation
Sgùrr nan Gillean,2,mountain,elevation
Sgurr Sgaileach,1,headland,convex shoreline
Shandwick,1,populated place,populated place
Shawhead,1,populated place,populated place
Sheigra,1,populated place,populated place
Shian,1,mountain,elevation
Shiel,2,river,stream
Shield Rock,1,rock,elevation
Shin,1,river,stream
Shinness,1,populated place,populated place
Shirmers Burn,1,river,stream
Shirramore,1,populated place,populated place
Shona,1,island,island
Sillo Craig,1,rock,elevation
Sinclair Buss,1,reef,underwater elevation
Sinclairs Bay,1,bay,concave shoreline
Sinclairtown,1,populated place,populated place
Sithean na Raplaich,1,mountain,elevation
Skail,2,populated place,populated place
Skarfskerry Point,1,point,convex shoreline
Skate Bank,1,bank,underwater elevation
Skateraw,2,populated place,populated place
Skelpick Burn,1,river,stream
Skerry Point,1,point,convex shoreline
Skiack,1,river,stream
Skinidin,1,populated place,populated place
Skinsdale,1,river,stream
Skirsa Head,1,cape,convex shoreline
Skirza Head,1,cape,convex shoreline
Skudiburgh,1,populated place,populated place
Skullomie,1,populated place,populated place
Skyre Burn,1,river,stream
Slaggan,1,populated place,populated place
Slains,1,populated place,populated place
Sleach Water,1,river,stream
Slickly,1,populated place,populated place
Slioch,1,mountain,elevation
Snizort,1,river,stream
Soay,1,island,island
Sorbie,1,populated place,populated place
Soulseat Loch,1,lake,basin
Sound of Arisaig,1,bay,concave shoreline
Sound of Canna,1,sound,strait
Sound of Eigg,1,sound,strait
Sound of Handa,1,sound,strait
Sound of Rhum,1,sound,strait
Sound of Shuna,1,sound,strait
Sound of Sleat,1,sound,strait
South Cobbinshaw,1,populated place,populated place
South Ear,1,point,convex shoreline
South Erradale,1,populated place,populated place
South Esk,2,river,stream
South Ness,1,point,convex shoreline
South Rona,1,island,island
South Rona Island,1,island,island
Southerness Point,1,point,convex shoreline
Soya Island,1,island,island
Soyea,1,island,island
Soyea Island,1,island,island
Spean,1,river,stream
Spear Head,1,cape,convex shoreline
Spott,1,populated place,populated place
Springfield,1,populated place,populated place
Springholm,1,populated place,populated place
Srath a’ Chràisg,1,valley,depression
Srath an Loin,1,valley,depression
Srath Bagaisteach,1,valley,depression
Srath Bagastie,1,valley,depression
Srath Cuilionach,1,valley,depression
Srath Lungard,1,valley,depression
Srath Mòr,1,valley,depression
Srath na Caillich,1,valley,depression
Sròn na Carra,1,point,convex shoreline
Stac Chlo,1,rock,elevation
Stac of Skudiburgh,1,rock,elevation
Stack of Skudiburgh,1,rock,elevation
Stacks of Duncansby,1,rocks,elevation
Staffin,1,island,island
Staffin Island,1,island,island
Stag Rock,1,rock,elevation
Staxigoe,1,populated place,populated place
Stein,1,populated place,populated place
Stemster,1,lake,basin
Stenchol,1,island,island
Stencholl,1,populated place,populated place
Stennies Water,1,river,stream
Stenscholl,1,populated place,populated place
Stenton,1,populated place,populated place
Still Point,1,point,convex shoreline
Stittenham,1,populated place,populated place
Stob Bàn,2,mountain,elevation
Stoer,1,populated place,populated place
Stonehaven,1,populated place,populated place
Storr Rock,1,mountain,elevation
Stoul,1,populated place,populated place
Strachan,1,populated place,populated place
Strahangles Point,1,point,convex shoreline
Strath,1,valley,depression
Strath Bagastie,1,valley,depression
Strath Bran,1,valley,depression
Strath Brora,1,valley,depression
Strath Carnach,1,valley,depression
Strath Carron,1,valley,depression
Strath Chailach,1,valley,depression
Strath Conon,1,valley,depression
Strath Conor,1,valley,depression
Strath Crask,1,valley,depression
Strath Cullenach,1,valley,depression
Strath Dionard,1,valley,depression
Strath Errick,1,valley,depression
Strath Fleet,1,valley,depression
Strath Gairloch,1,populated place,populated place
Strath Glass,1,valley,depression
Strath Grudie,1,valley,depression
Strath Halladale,1,valley,depression
Strath Mor,1,valley,depression
Strath More,1,valley,depression
Strath na Sealga,1,valley,depression
Strath na Shealg,1,valley,depression
Strath na Sheallag,1,valley,depression
Strath Nairn,1,valley,depression
Strath of Kildonan,1,valley,depression
Strath Ossian,1,valley,depression
Strath Oykell,1,valley,depression
Strath Rory,1,valley,depression
Strath Rusdale,1,valley,depression
Strath Shiag,1,valley,depression
Strath Suardal,1,valley,depression
Strath Tirry,1,valley,depression
Strath Uttie,1,valley,depression
Strath Vaich,1,valley,depression
Strath-a-Loin,1,valley,depression
Strathbeg Bay,1,bay,concave shoreline
Strathbeg River,1,river,stream
Strathcarron,1,populated place,populated place
Strathdon,1,populated place,populated place
Strathmiglo,1,populated place,populated place
Strathmore,2,valley,depression
Strathy Bay,1,bay,concave shoreline
Strathy Point,1,point,convex shoreline
Streap,1,mountain,elevation
Strichen,1,populated place,populated place
Strichen Water,1,river,stream
Stroan Loch,1,lake,basin
Stroma,1,island,island
Stromeferry,1,populated place,populated place
Struan,1,populated place,populated place
Struie,1,mountain,elevation
Struie Hill,1,mountain,elevation
Struy,1,populated place,populated place
Stuartfield,1,populated place,populated place
Stubb Rock,1,rock,elevation
Suinn Island,1,island,island
Swiney,1,populated place,populated place
Syre,1,populated place,populated place
Tain,1,river,stream
Tain Bar,1,bar,underwater elevation
Talisker,1,river,stream
Talmin,1,populated place,populated place
Talmine,1,populated place,populated place
Talmine Bay,1,bay,concave shoreline
Tanera,1,island,island
Tanera More,1,island,island
Tang Head,1,point,convex shoreline
Tannadice,1,populated place,populated place
Tanner Water,1,river,stream
Tap o’ Noth,1,mountain,elevation
Tarbat Ledge,1,rock,elevation
Tarbat Ness,1,point,convex shoreline
Tarbert,1,populated place,populated place
Tarbet,1,populated place,populated place
Tarf Water,2,river,stream
Tarff,1,river,stream
Tarfside,1,populated place,populated place
Tarras Water,1,river,stream
Tarskavaig,1,populated place,populated place
Teanga,1,populated place,populated place
Teangue,1,populated place,populated place
Templand,1,populated place,populated place
Temple,1,populated place,populated place
Tennet Burn,1,river,stream
Tents Moor Point,1,point,convex shoreline
Tents Moor Sand,1,bank,underwater elevation
Tentsmuir Point,1,point,convex shoreline
Tentsmuir Sands,1,bank,underwater elevation
Thainston,1,populated place,populated place
Thainstone,1,populated place,populated place
The Aird,1,cape,convex shoreline
The Bellows,1,reef,underwater elevation
The Garra Island,1,island,island
The Heckles,1,reef,underwater elevation
The Leithies,1,rocks,elevation
The Ness,1,point,convex shoreline
The Pap,1,mountain,elevation
The Rhins,1,peninsula,convex shoreline
The Rinns,1,peninsula,convex shoreline
The Rinns of Galloway,1,peninsula,convex shoreline
The Rockheads,1,reef,underwater elevation
The Rodgers,1,rocks,elevation
The Saddle,1,mountain,elevation
The Scalp,1,bank,underwater elevation
The Scares,1,rocks,elevation
The Shepherd,1,island,island
The Shevock,1,river,stream
The Skerry,1,rock,elevation
The Southern Sutor,1,cape,convex shoreline
The Storr,1,mountain,elevation
The Uair,1,river,stream
Thill Rock,1,rock,elevation
Thormaid,1,lake,basin
Thornhill,1,populated place,populated place
Thornton,1,populated place,populated place
Thrumster,1,populated place,populated place
Thurso,1,river,stream
Thurso Bay,1,bay,concave shoreline
Thurso Water,1,river,stream
Tianavaig Bay,1,bay,concave shoreline
Tifty,1,populated place,populated place
Tigh Mòr na Seilge,1,mountain,elevation
Tillicoultry,1,populated place,populated place
Tillinamolt,1,populated place,populated place
Tillyfour,1,populated place,populated place
Tillyfourie,1,populated place,populated place
Tillyminnate,1,populated place,populated place
Tinwald,1,populated place,populated place
Tirry,1,river,stream
Todhead Point,1,point,convex shoreline
Tokavaig,1,populated place,populated place
Tole,1,populated place,populated place
Tomatin,1,populated place,populated place
Tomcrasky,1,populated place,populated place
Tomdoun,1,populated place,populated place
Tomich,1,populated place,populated place
Tomlaichan Burn,1,river,stream
Tongland,1,populated place,populated place
Torboll,1,populated place,populated place
Torboll Burn,1,river,stream
Torcastle,1,populated place,populated place
Tordarroch,1,populated place,populated place
Tordoff Point,1,point,convex shoreline
Tore,1,populated place,populated place
Tòrgulbin,1,populated place,populated place
Tornahaish,1,populated place,populated place
Torness,1,populated place,populated place
Torphins,1,populated place,populated place
Torr Point,1,point,convex shoreline
Torran Water,1,river,stream
Torrin,1,populated place,populated place
Torrisdale Bay,1,bay,concave shoreline
Torrish Burn,1,river,stream
Torry,1,populated place,populated place
Tors Point,1,point,convex shoreline
Torthorwald,1,populated place,populated place
Totag,1,populated place,populated place
Totaig,1,populated place,populated place
Towie,1,populated place,populated place
Townfoot Loch,1,lake,basin
Townhill,1,populated place,populated place
Trailflat,1,populated place,populated place
Tranent,1,populated place,populated place
Trantlebeg,1,populated place,populated place
Traprain Law,1,hill,elevation
Treig,1,river,stream
Trelong Bay,1,bay,concave shoreline
Tremuda Bay,1,bay,concave shoreline
Trool Water,1,river,stream
Troston Loch,1,lake,basin
Troumpan,1,populated place,populated place
Troup Head,1,point,convex shoreline
Truim,1,river,stream
Tubernach,1,lake,basin
Tuirnaig,1,populated place,populated place
Tullynessle,1,populated place,populated place
Turret,1,river,stream
Turret Burn,1,river,stream
Tyne,1,river,stream
Uig,2,populated place,populated place
Uig Bay,1,bay,concave shoreline
Uircanach,1,mountain,elevation
Uircannach,1,mountain,elevation
Ullapool,1,populated place,populated place
Ullapool River,1,river,stream
Umaolo,1,rock,elevation
Unapool,1,populated place,populated place
Unich Water,1,river,stream
Unish,1,populated place,populated place
Uphall,1,populated place,populated place
Upper Camster,1,populated place,populated place
Upper Derraid,1,populated place,populated place
Upper Diabaig,1,populated place,populated place
Upper Largo,1,populated place,populated place
Urchany,1,populated place,populated place
Urie,1,river,stream
Urr,1,river,stream
Urray,1,populated place,populated place
Usan,1,populated place,populated place
Valleyfield,1,populated place,populated place
Valtos Rocks,1,rocks,elevation
Vaternish Point,1,point,convex shoreline
Victoria Falls,1,waterfall,stream
Wamphray Water,1,river,stream
Wanlockhead,1,populated place,populated place
Wartle,1,populated place,populated place
Watch Hill,1,hill,elevation
Water of Ae,1,river,stream
Water of Allachy,1,river,stream
Water of Aven,1,river,stream
Water of Dye,1,river,stream
Water of Feugh,1,river,stream
Water of Glencalvie,1,river,stream
Water of Ken,1,river,stream
Water of Luce,1,river,stream
Water of Malzie,1,river,stream
Water of Mark,1,river,stream
Water of Milk,1,river,stream
Water of Minnoch,1,river,stream
Water of Nochty,1,river,stream
Water of Saughs,1,river,stream
Water of Tanar,1,river,stream
Water of Unich,1,river,stream
Waterbeck,1,populated place,populated place
Waterbeck Burn,1,river,stream
Wells of Ythan,1,populated place,populated place
West Anstruther,1,populated place,populated place
West Barcloy,1,populated place,populated place
West Calder,1,populated place,populated place
West Canisbay,1,populated place,populated place
West Croachy,1,populated place,populated place
West Haven,1,cove,concave shoreline
West Langwell,1,populated place,populated place
West Laroch,1,populated place,populated place
West Lomond Hill,1,hill,elevation
West Ness,1,point,convex shoreline
West Saltoun,1,populated place,populated place
West Vows,1,rocks,elevation
West Water,1,river,stream
West Wemyss,1,populated place,populated place
Wester Clynekirkton,1,populated place,populated place
Wester Fearn,1,populated place,populated place
Wester Fearn Burn,1,river,stream
Wester Fearn Point,1,point,convex shoreline
Wester Inverwick,1,populated place,populated place
Wester Rarichie,1,populated place,populated place
Wester Urray,1,populated place,populated place
Wester Water,1,river,stream
Westfield,1,populated place,populated place
Whale Goe,1,populated place,populated place
Whale Islet,1,island,island
Whing Burn,1,river,stream
Whitberry Ness,1,point,convex shoreline
Whitberry Point,1,point,convex shoreline
Whitburn,1,populated place,populated place
White Coomb,1,hill,elevation
White Esk,1,river,stream
White Loch of Myrton,1,lake,basin
White Stones,1,rocks,elevation
White Water,1,river,stream
Whitehorn,1,populated place,populated place
Whitekirk,1,populated place,populated place
Whiten Head,1,cape,convex shoreline
Whiteness Sands,1,bank,underwater elevation
Whiting Ness,1,point,convex shoreline
Wiay,1,island,island
Wiay Island,1,island,island
Wick,1,river,stream
Wick River,1,river,stream
Wick Water,1,river,stream
Wife Geo,1,bay,concave shoreline
Wigton Bay,1,bay,concave shoreline
Wigton Sands,1,bank,underwater elevation
Wine Cove,1,cove,concave shoreline
Woodside,1,populated place,populated place
Wormit,1,populated place,populated place
Wormit Bay,1,bay,concave shoreline
Ythan,1,river,stream
